region,period,sex,e0_observado,e0_estimado,e0_lower,e0_upper,est_eval
Adjuntas,1980-1984,1,72.54189508802462,72.38693258087596,71.07095855602844,73.38761801900134,Estimación adecuada
Adjuntas,1980-1984,2,78.96516925394144,79.04000932659132,77.60667410956476,80.63325181287652,Estimación adecuada
Adjuntas,1985-1989,1,70.84999061728887,71.59115368405007,70.26909726704994,72.66994803391427,Estimación adecuada
Adjuntas,1985-1989,2,78.97855761762072,79.0398508293881,78.00676276589525,80.5031158908742,Estimación adecuada
Adjuntas,1990-1994,1,71.49310954038988,71.70643619184497,70.55096015674005,72.59641097367168,Estimación adecuada
Adjuntas,1990-1994,2,77.8804765833591,78.82956324319605,77.36618526498904,80.31473164735118,Estimación adecuada
Adjuntas,1995-1999,1,71.91080703113896,72.02959924130671,70.66468965001556,73.5656099332323,Estimación adecuada
Adjuntas,1995-1999,2,78.53770419818306,79.02272791584693,78.07341840508396,80.69720451713513,Estimación adecuada
Adjuntas,2000-2004,1,74.08070060634158,73.93321249026444,72.81835802086692,75.16992756852937,Estimación adecuada
Adjuntas,2000-2004,2,79.50851081175084,80.29340741810604,78.95899037885678,81.39674717401019,Estimación adecuada
Adjuntas,2005-2009,1,77.13413877724007,76.00525351587635,74.89090667087964,77.15993160114672,Estimación adecuada
Adjuntas,2005-2009,2,82.23262377887986,82.33035720839385,80.88491730256035,83.99840145088328,Estimación adecuada
Adjuntas,2010-2014,1,78.0170892039493,76.99794051109882,75.8653531025753,77.97426941700058,< e0 observado
Adjuntas,2010-2014,2,84.37542750420445,83.65757969581095,82.14714241583846,85.66948053832074,Estimación adecuada
Adjuntas,2015-2019,1,80.07122326396829,79.34130317857813,77.81091730765539,80.81869602778104,Estimación adecuada
Adjuntas,2015-2019,2,84.75780508868195,84.98617927682034,83.51565695371559,86.54345260453795,Estimación adecuada
Adjuntas,2020-2024,1,80.09050176489525,79.0171287623941,77.65717352054133,80.20382532550025,Estimación adecuada
Adjuntas,2020-2024,2,87.03883394524665,86.37483828091558,84.6527679063663,88.77764330692028,Estimación adecuada
Aguada,1980-1984,1,73.2175687853255,72.93502593498351,71.931300671933,73.8079842146339,Estimación adecuada
Aguada,1980-1984,2,76.66307974738103,77.97813200783683,76.70844874526165,79.25217159874471,> e0 observado
Aguada,1985-1989,1,73.2139670919283,72.83526853304514,72.04523313373666,73.65115651880674,Estimación adecuada
Aguada,1985-1989,2,77.70261010174512,78.22307967501209,77.183785019562407,79.51527871320573,Estimación adecuada
Aguada,1990-1994,1,73.47166304966474,72.97336865791574,71.80911368377355,73.82953822032904,Estimación adecuada
Aguada,1990-1994,2,79.5647230527858,79.53191412774493,78.1275564876344,80.91036696232128,Estimación adecuada
Aguada,1995-1999,1,72.96139718811193,72.67328592402487,71.72863798514061,73.55843932869921,Estimación adecuada
Aguada,1995-1999,2,78.42598214583917,78.78006848315587,77.53409346015698,79.93019498552493,Estimación adecuada
Aguada,2000-2004,1,75.7731265619719,75.19420547675503,74.3622216504543,76.22643028871298,Estimación adecuada
Aguada,2000-2004,2,80.35987918975404,80.68428867689802,79.52405552416377,81.5045096909476,Estimación adecuada
Aguada,2005-2009,1,77.6139364553716,76.38574062427445,75.54682032972735,77.67632165933193,Estimación adecuada
Aguada,2005-2009,2,81.48750157025498,81.72416312792953,80.65769871943856,82.58989482652412,Estimación adecuada
Aguada,2010-2014,1,77.30810654500941,77.08195599141172,75.96081460072011,78.09633445203211,Estimación adecuada
Aguada,2010-2014,2,83.93649978812951,83.52939143509496,82.55781840439067,84.94254239626514,Estimación adecuada
Aguada,2015-2019,1,80.17632385200217,78.97276678082544,77.90991086215031,80.24784862969584,Estimación adecuada
Aguada,2015-2019,2,84.8851436302622,84.98207157421584,83.89566174158551,86.50167075432712,Estimación adecuada
Aguada,2020-2024,1,78.78968559483442,78.16050719436899,77.25183078165917,79.11877147435263,Estimación adecuada
Aguada,2020-2024,2,83.87729580688905,84.27059694953581,82.97665109923906,85.658755178508045,Estimación adecuada
Aguadilla,1980-1984,1,71.00678071372083,71.0305512399202,69.96462869607888,72.08505550351381,Estimación adecuada
Aguadilla,1980-1984,2,77.48535658677463,77.44379416256652,76.63292537285565,78.4437351346454,Estimación adecuada
Aguadilla,1985-1989,1,70.58561267446154,70.55495745879196,69.75034858793519,71.60805850367774,Estimación adecuada
Aguadilla,1985-1989,2,77.65780206154781,77.62864254489895,76.66565192862701,78.57114445910219,Estimación adecuada
Aguadilla,1990-1994,1,70.88482346377515,70.62808622435936,69.79885836617666,71.47971026212625,Estimación adecuada
Aguadilla,1990-1994,2,77.99785568547415,77.84698486435767,77.1039896586789,79.01593625054602,Estimación adecuada
Aguadilla,1995-1999,1,70.78010378855268,70.64843996985077,69.92343527910184,71.48420296926429,Estimación adecuada
Aguadilla,1995-1999,2,78.16686736979355,78.08668061604881,77.12656066392378,79.09669375015051,Estimación adecuada
Aguadilla,2000-2004,1,73.78276571753031,73.40441903890233,72.43510955405831,74.15137643142197,Estimación adecuada
Aguadilla,2000-2004,2,80.4519877413878,80.0220460661968,79.17108775455276,80.95609946827055,Estimación adecuada
Aguadilla,2005-2009,1,74.34368140644379,74.057166402125,73.24784653806145,74.94559260688933,Estimación adecuada
Aguadilla,2005-2009,2,81.18616231865003,80.89557437948886,80.06869281336544,81.89158988858557,Estimación adecuada
Aguadilla,2010-2014,1,76.10575530196566,75.54575406074915,74.75722675518153,76.48095350336877,Estimación adecuada
Aguadilla,2010-2014,2,81.66758711742574,81.76938179201258,81.01736489239123,83.0358154891232,Estimación adecuada
Aguadilla,2015-2019,1,77.50146177468308,76.77608069134388,75.95434674610044,78.02482395961843,Estimación adecuada
Aguadilla,2015-2019,2,82.99395073109926,83.68928763613351,82.47387841574016,84.74710136591031,Estimación adecuada
Aguadilla,2020-2024,1,76.52156602867667,76.44276542721764,75.49774458838768,77.26386582109174,Estimación adecuada
Aguadilla,2020-2024,2,83.20736033493193,83.45503361680716,82.44886359591956,84.60224517613442,Estimación adecuada
Aguas Buenas,1980-1984,1,70.9060601893331,71.74590422811465,70.38119538205814,73.00141812867938,Estimación adecuada
Aguas Buenas,1980-1984,2,79.20230439846388,78.80344167110087,77.71786708236462,80.17062402215595,Estimación adecuada
Aguas Buenas,1985-1989,1,71.73217429810381,72.03241708517284,70.94214970299502,73.22309169849763,Estimación adecuada
Aguas Buenas,1985-1989,2,78.6666624044358,78.98324307891099,77.97204513606275,80.39429070073061,Estimación adecuada
Aguas Buenas,1990-1994,1,71.9040754109389,71.78259232527029,70.87364470829452,72.71275010716221,Estimación adecuada
Aguas Buenas,1990-1994,2,82.01930667891537,80.66303831540418,78.91141910401635,82.46537184497573,Estimación adecuada
Aguas Buenas,1995-1999,1,72.03242058667274,72.13953795477201,71.00945718364132,73.38086943323036,Estimación adecuada
Aguas Buenas,1995-1999,2,79.29741471606214,79.39598247158798,78.20274014014986,80.48133566887648,Estimación adecuada
Aguas Buenas,2000-2004,1,74.50847723417229,74.45310139919418,73.135207321166,75.72741354070591,Estimación adecuada
Aguas Buenas,2000-2004,2,81.5330766162057,81.54856132182317,79.86350392361149,82.9029071264517,Estimación adecuada
Aguas Buenas,2005-2009,1,74.76751879253901,75.1692394377334,74.05094708074606,76.17107167283748,Estimación adecuada
Aguas Buenas,2005-2009,2,83.74825554704381,83.54775674218777,82.25284286869956,85.26987346579352,Estimación adecuada
Aguas Buenas,2010-2014,1,77.07874986678003,77.29308892158251,76.14212867862229,79.00807548235656,Estimación adecuada
Aguas Buenas,2010-2014,2,83.69043751017023,83.87128667485675,82.85988843493294,85.5776273289406,Estimación adecuada
Aguas Buenas,2015-2019,1,77.12363910638712,78.04700169176002,76.75877936390282,79.21291009908182,Estimación adecuada
Aguas Buenas,2015-2019,2,86.87058779798112,85.86963437843919,84.48747115006778,88.2772773196437,Estimación adecuada
Aguas Buenas,2020-2024,1,77.7129141285506,77.9437205940308,76.7254995418628,79.4708485022799,Estimación adecuada
Aguas Buenas,2020-2024,2,86.01372227536956,85.53864762163342,84.13091509986357,87.44937407924371,Estimación adecuada
Aibonito,1980-1984,1,71.20727896829324,71.8198420816809,70.53882377746184,73.07127673362085,Estimación adecuada
Aibonito,1980-1984,2,78.10148160174788,78.36576931301127,77.22509125449746,79.76094870099922,Estimación adecuada
Aibonito,1985-1989,1,70.93804632594708,71.35022640533171,70.38509955029676,72.36227611967755,Estimación adecuada
Aibonito,1985-1989,2,79.48839408130233,79.33574749735516,77.82843865380406,80.83398414209489,Estimación adecuada
Aibonito,1990-1994,1,72.79885060126831,72.40885287738169,71.18928692603032,73.38477686982839,Estimación adecuada
Aibonito,1990-1994,2,79.20403729733329,79.15852750283165,77.8434949041733,80.41906049212258,Estimación adecuada
Aibonito,1995-1999,1,72.77760443633895,72.22748280047227,71.15540355147542,73.50714235897752,Estimación adecuada
Aibonito,1995-1999,2,79.65397963842346,79.61339343140862,78.25515207231487,81.31111355935468,Estimación adecuada
Aibonito,2000-2004,1,74.39460579414157,74.07795024945766,73.01284043369309,75.30282285019186,Estimación adecuada
Aibonito,2000-2004,2,80.67825254541816,80.83042323582819,79.14286276513253,82.48300596157301,Estimación adecuada
Aibonito,2005-2009,1,74.88960349978896,74.88311109440713,73.99286896587228,75.8915143116026,Estimación adecuada
Aibonito,2005-2009,2,81.30587533973025,81.47673131336583,80.29169958624095,82.73191874798346,Estimación adecuada
Aibonito,2010-2014,1,74.15371449624438,75.594487386635,74.68352157800524,76.89855099585218,> e0 observado
Aibonito,2010-2014,2,82.8334666787244,82.98068257718005,81.84809727013953,84.26574973330366,Estimación adecuada
Aibonito,2015-2019,1,77.00855644451336,77.69331898593705,76.37716090621791,78.85888226769035,Estimación adecuada
Aibonito,2015-2019,2,83.92589167839914,84.51091381785727,83.29913420164124,85.69871525877309,Estimación adecuada
Aibonito,2020-2024,1,79.62044145372406,78.85911604348371,77.9271985807211,80.67450636464466,Estimación adecuada
Aibonito,2020-2024,2,85.54801976071056,85.5952571133455,84.33302531834005,86.98895424760241,Estimación adecuada
Anasco,1980-1984,1,72.01460523472083,71.58954230705098,70.73251051061882,72.8846366726998,Estimación adecuada
Anasco,1980-1984,2,76.47877169471658,76.93971566517615,75.77685857893336,78.07077928794493,Estimación adecuada
Anasco,1985-1989,1,71.42888891874672,71.31688725171577,70.2399107244552,72.52156603801618,Estimación adecuada
Anasco,1985-1989,2,76.49626365968555,77.2374294431319,76.13522325549025,78.32899586871731,Estimación adecuada
Anasco,1990-1994,1,70.05228247802775,70.72484238322576,69.67219238412936,71.41842521098116,Estimación adecuada
Anasco,1990-1994,2,77.19464732684078,77.76166789622987,76.64382222066388,78.76866883200896,Estimación adecuada
Anasco,1995-1999,1,71.8503650088804,71.31181742678396,70.13950358623258,72.202826588345,Estimación adecuada
Anasco,1995-1999,2,77.85360337047757,78.065672497215715,76.7466172185095,79.0511410666442,Estimación adecuada
Anasco,2000-2004,1,74.35938543935954,73.925215935609,72.92125944699896,74.77358659477656,Estimación adecuada
Anasco,2000-2004,2,80.6361937434096,80.46421748420893,79.06415557013764,81.8689519352481,Estimación adecuada
Anasco,2005-2009,1,76.96481061689505,75.64760953341533,74.49326785135509,76.7913182620841,< e0 observado
Anasco,2005-2009,2,82.18483587125668,81.80356130341272,80.58057850132886,83.1022920365784,Estimación adecuada
Anasco,2010-2014,1,76.38264162433822,75.93168872994647,74.75464298957496,76.94159740722405,Estimación adecuada
Anasco,2010-2014,2,83.0792504741019,82.94588809747388,81.68513261694957,84.27240375037384,Estimación adecuada
Anasco,2015-2019,1,78.19758272547156,77.51974524667949,76.36158990078778,78.62571375111304,Estimación adecuada
Anasco,2015-2019,2,85.54315717152748,84.95927798403098,83.4969506940933,86.54974622668524,Estimación adecuada
Anasco,2020-2024,1,77.16064670152906,77.36805532860069,76.05731586326903,78.45531873731758,Estimación adecuada
Anasco,2020-2024,2,83.2175630598603,84.28916898604324,83.21571968711041,85.73852762243294,Estimación adecuada
Arecibo,1980-1984,1,70.94822313738125,71.00185234922509,70.13423987524916,71.85261931593465,Estimación adecuada
Arecibo,1980-1984,2,77.54900544750467,77.49334860717785,76.51097833597673,78.3801721800424,Estimación adecuada
Arecibo,1985-1989,1,70.27186805457087,70.4529594184788,69.63378471535664,71.18556288809572,Estimación adecuada
Arecibo,1985-1989,2,77.07511338664261,77.28281376265619,76.38329556834577,78.03722029688558,Estimación adecuada
Arecibo,1990-1994,1,70.75664021225552,70.6320567039221,69.83585664009597,71.34917153651737,Estimación adecuada
Arecibo,1990-1994,2,77.82525476262934,77.86031182572489,77.10241993695655,78.89509178412294,Estimación adecuada
Arecibo,1995-1999,1,70.42422951948052,70.50803238692524,69.73935774417242,71.29490166931726,Estimación adecuada
Arecibo,1995-1999,2,77.67805190763369,77.93622265766815,76.92259374192352,78.50342715698736,Estimación adecuada
Arecibo,2000-2004,1,73.58677734329173,73.2993053050483,72.42310937780113,73.92396510316783,Estimación adecuada
Arecibo,2000-2004,2,80.17723082421405,80.04633461246499,79.0526767276202,81.00273990170402,Estimación adecuada
Arecibo,2005-2009,1,73.79746978285579,73.84731941994937,72.8968307893734,74.62460214263943,Estimación adecuada
Arecibo,2005-2009,2,80.99120726198102,80.80035234411054,80.03302522010023,81.70616043543646,Estimación adecuada
Arecibo,2010-2014,1,75.7499952369095,75.55608200338474,74.74745013642402,76.40536022126706,Estimación adecuada
Arecibo,2010-2014,2,81.99729917976786,81.85388914738687,81.05864494552343,82.99970645222791,Estimación adecuada
Arecibo,2015-2019,1,77.47760291858165,77.2096743569904,76.44712589088186,77.90841362254645,Estimación adecuada
Arecibo,2015-2019,2,84.62096334942437,84.39225284718398,83.29696127053089,85.433289449596,Estimación adecuada
Arecibo,2020-2024,1,77.03404417797988,76.75507609171669,75.84848338741045,77.7026581071001,Estimación adecuada
Arecibo,2020-2024,2,83.99392652816299,83.67252789693947,82.83042746167263,84.74054527544115,Estimación adecuada
Arroyo,1980-1984,1,69.26197243419952,69.97562339184717,68.78781927663547,71.2101953697998,Estimación adecuada
Arroyo,1980-1984,2,77.70227943996014,77.55218599062276,76.25918007009321,78.92267981021402,Estimación adecuada
Arroyo,1985-1989,1,69.06544938666639,69.72374197909781,68.37934573721608,71.00376017850547,Estimación adecuada
Arroyo,1985-1989,2,76.53547803214357,76.98426471777202,75.64125553758949,78.07902602460425,Estimación adecuada
Arroyo,1990-1994,1,69.46770127229499,69.7835998293184,68.9031699532971,71.25555059217169,Estimación adecuada
Arroyo,1990-1994,2,79.1638940521351,78.46414312113839,77.14734860838212,79.67306578571758,Estimación adecuada
Arroyo,1995-1999,1,69.35840651861476,69.98469790651612,68.83621501929116,71.05037403541266,Estimación adecuada
Arroyo,1995-1999,2,77.98473955428867,77.73643891016873,76.69055392977154,78.97393306606182,Estimación adecuada
Arroyo,2000-2004,1,72.46263355278663,72.54013021246496,71.60236183600666,74.19548682945548,Estimación adecuada
Arroyo,2000-2004,2,79.49462438506765,79.62103751888748,78.53498672059128,80.64038909369935,Estimación adecuada
Arroyo,2005-2009,1,73.52924324703848,73.64048385657327,72.2237635749695,74.8957112017071,Estimación adecuada
Arroyo,2005-2009,2,81.55925566302211,81.04649477147899,79.9373726966522,82.36680931262103,Estimación adecuada
Arroyo,2010-2014,1,73.74855783813932,74.34815947646524,73.02849086778905,75.34162178229695,Estimación adecuada
Arroyo,2010-2014,2,82.70095569618667,82.343396533603,80.92695697714186,83.84843923903696,Estimación adecuada
Arroyo,2015-2019,1,74.8566557237882,76.35746012344373,75.17582451711183,77.54651260991307,> e0 observado
Arroyo,2015-2019,2,83.0866067343545,83.5977244304211,81.92189384456418,85.61629686985175,Estimación adecuada
Arroyo,2020-2024,1,77.15040742709185,76.51117441729315,75.28228118225849,77.90432226080169,Estimación adecuada
Arroyo,2020-2024,2,82.07042233229613,83.33055594054653,81.67192730281837,84.88221647950657,Estimación adecuada
Barceloneta,1980-1984,1,69.54208697130085,70.67493481989473,69.4334375109369,71.84028350513216,Estimación adecuada
Barceloneta,1980-1984,2,77.1594570905444,77.4713537393433,76.34324279932933,78.66217954101808,Estimación adecuada
Barceloneta,1985-1989,1,72.20256138308132,71.7161203669734,70.74305244676805,73.04912936047245,Estimación adecuada
Barceloneta,1985-1989,2,78.86869640220178,78.64750301232753,77.31098976142317,80.05615117232183,Estimación adecuada
Barceloneta,1990-1994,1,71.8280110285992,71.09122928095876,70.02609107192092,72.18318370026,Estimación adecuada
Barceloneta,1990-1994,2,79.79778456534828,79.60972275844229,78.14599633872189,81.42236542030582,Estimación adecuada
Barceloneta,1995-1999,1,69.62763398284127,70.62997468646694,69.5368857607225,71.63877944503426,Estimación adecuada
Barceloneta,1995-1999,2,78.30155980616671,78.76199090884255,77.61859024161836,79.99549861172429,Estimación adecuada
Barceloneta,2000-2004,1,74.25217285421827,73.50835175938013,72.3215044256535,74.92409510116767,Estimación adecuada
Barceloneta,2000-2004,2,80.98566728548113,80.4986815605255,79.1899567404902,81.66459847963844,Estimación adecuada
Barceloneta,2005-2009,1,75.14771749617947,74.75257821967196,73.6337146397641,75.9253418736746,Estimación adecuada
Barceloneta,2005-2009,2,83.116014041615,82.4202349594446,81.27021727584565,84.27839818854221,Estimación adecuada
Barceloneta,2010-2014,1,75.38250616989667,75.5620000865895,74.65363925295185,76.47205792948643,Estimación adecuada
Barceloneta,2010-2014,2,83.0835846078107,82.73355667376984,81.4023448817326,84.03776703155279,Estimación adecuada
Barceloneta,2015-2019,1,79.11645760546237,77.67964346919973,76.50065298522715,78.91520660813991,< e0 observado
Barceloneta,2015-2019,2,85.56404930901091,84.93825204620754,83.55127504385639,86.76519512838797,Estimación adecuada
Barceloneta,2020-2024,1,75.82195956003592,75.99812305238343,74.82154948251252,77.22290883360614,Estimación adecuada
Barceloneta,2020-2024,2,84.21378427386203,84.41222505597341,82.94034013146782,86.13739618508669,Estimación adecuada
Barranquitas,1980-1984,1,71.33876197975142,71.71124006159846,70.25956590767744,72.76945581665953,Estimación adecuada
Barranquitas,1980-1984,2,77.30531169649653,77.94285045577772,76.75047395347826,79.24782039274959,Estimación adecuada
Barranquitas,1985-1989,1,71.51414892357278,71.56834434019427,70.49191206412146,72.85112085107912,Estimación adecuada
Barranquitas,1985-1989,2,77.76964050663393,78.10278784398263,76.9732604511087,79.453544295298,Estimación adecuada
Barranquitas,1990-1994,1,70.61622752203237,71.17842074796204,69.7084594130502,72.38412134072698,Estimación adecuada
Barranquitas,1990-1994,2,80.19038720696514,79.7074332467721,78.3740901205889,80.96381571715918,Estimación adecuada
Barranquitas,1995-1999,1,71.30535167741402,71.06785358724736,70.11150632026394,72.16280874129185,Estimación adecuada
Barranquitas,1995-1999,2,77.36809189145215,78.2851211486604,77.18077681755977,79.66441835553422,Estimación adecuada
Barranquitas,2000-2004,1,73.94139576064688,73.85470279946435,72.97664354167605,74.87310650120804,Estimación adecuada
Barranquitas,2000-2004,2,80.92303201880848,81.33689171369934,79.94856889672928,82.72017407378866,Estimación adecuada
Barranquitas,2005-2009,1,75.7544247310515,75.22806566989777,74.15365703335465,76.57615931547193,Estimación adecuada
Barranquitas,2005-2009,2,83.34321773527964,83.00872889054622,81.51381932523083,84.70294075428953,Estimación adecuada
Barranquitas,2010-2014,1,75.82434696179858,75.83872194271619,74.67283481348758,77.05357862581874,Estimación adecuada
Barranquitas,2010-2014,2,83.19916348644446,83.12804535271506,81.62972839685577,84.49620554493926,Estimación adecuada
Barranquitas,2015-2019,1,78.70088384920705,78.09907753007417,76.88319061359792,79.23005852153241,Estimación adecuada
Barranquitas,2015-2019,2,86.1569793140704,85.80546373891272,84.14588533393807,87.34328805015524,Estimación adecuada
Barranquitas,2020-2024,1,77.70140580259377,77.70538822633716,76.67949240398494,78.83253515623093,Estimación adecuada
Barranquitas,2020-2024,2,85.89659093832063,85.66617425695213,84.35108760376036,87.28272867437778,Estimación adecuada
Bayamon,1980-1984,1,72.04514701418195,72.06794838500372,71.43834138625473,72.75847500718982,Estimación adecuada
Bayamon,1980-1984,2,78.18054324807127,78.2037973103015,77.42473579532415,78.93213342084096,Estimación adecuada
Bayamon,1985-1989,1,71.5983747916107,71.55037857584607,70.8458035525779,72.35088931112924,Estimación adecuada
Bayamon,1985-1989,2,79.5340278313893,79.32758160150854,78.63869006308924,80.09442053594181,Estimación adecuada
Bayamon,1990-1994,1,69.4013098024391,69.82456657130562,69.31765987578729,70.37182464352674,Estimación adecuada
Bayamon,1990-1994,2,79.99809814237122,79.86944504172334,79.15819954127599,80.70298594632546,Estimación adecuada
Bayamon,1995-1999,1,70.7717796692549,70.99919438340629,70.35863213458235,71.60412476037467,Estimación adecuada
Bayamon,1995-1999,2,79.73301230251936,79.74499619229653,78.98738624138515,80.5549701169806,Estimación adecuada
Bayamon,2000-2004,1,73.5738231086305,73.6508055253197,73.04581300730564,74.38239422446206,Estimación adecuada
Bayamon,2000-2004,2,81.70891995330639,81.67563770746605,80.91005179877655,82.57504283684452,Estimación adecuada
Bayamon,2005-2009,1,74.78989094750834,74.76154570282816,73.93810036079802,75.63219383636061,Estimación adecuada
Bayamon,2005-2009,2,82.81400991090648,82.7126215356221,81.86350651133861,83.38541390464873,Estimación adecuada
Bayamon,2010-2014,1,76.39050901350164,76.29959067471903,75.63021650933474,77.20309835212603,Estimación adecuada
Bayamon,2010-2014,2,84.21195413174071,84.06405136369511,83.00141643462119,85.1545213337632,Estimación adecuada
Bayamon,2015-2019,1,77.4241342974101,77.55632666438746,76.42228299770287,78.40132852021853,Estimación adecuada
Bayamon,2015-2019,2,85.53635487807955,85.23789490403233,84.32855255317777,86.33388387298967,Estimación adecuada
Bayamon,2020-2024,1,76.28240347769594,76.44234684194157,75.70782188288482,77.1845828725458,Estimación adecuada
Bayamon,2020-2024,2,85.66531677680673,85.48803673217776,84.43200664476737,86.67069016004383,Estimación adecuada
Cabo Rojo,1980-1984,1,72.39724763936692,72.75721872997002,71.79125311161832,73.7007806177144,Estimación adecuada
Cabo Rojo,1980-1984,2,77.5415868375023,77.90225562578283,76.74306726859638,78.92683141628868,Estimación adecuada
Cabo Rojo,1985-1989,1,73.0487252974488,72.95659556594669,71.69305255928256,74.09924649478222,Estimación adecuada
Cabo Rojo,1985-1989,2,79.23917112625598,79.17618920866694,78.11663526869745,80.48351249063343,Estimación adecuada
Cabo Rojo,1990-1994,1,72.9792541025154,72.63477298263044,71.78221808435279,73.51507560357376,Estimación adecuada
Cabo Rojo,1990-1994,2,80.55409901002383,80.076343945114,79.1332013370374,81.25186636342045,Estimación adecuada
Cabo Rojo,1995-1999,1,72.48815364764029,72.59453761160069,71.39859754970614,73.44006365010259,Estimación adecuada
Cabo Rojo,1995-1999,2,79.8964769700673,80.03057794660376,78.8808451076982,80.92968532213717,Estimación adecuada
Cabo Rojo,2000-2004,1,75.02839226790125,74.83015500336651,73.77854077458062,75.88171446743657,Estimación adecuada
Cabo Rojo,2000-2004,2,82.11872847252751,81.83997658108248,80.68125830417486,83.22910569945962,Estimación adecuada
Cabo Rojo,2005-2009,1,76.84328880547321,76.20623964466597,74.83058894554273,77.17241227912288,Estimación adecuada
Cabo Rojo,2005-2009,2,82.78834955008477,82.45707147425202,81.31293795734607,83.58127011220547,Estimación adecuada
Cabo Rojo,2010-2014,1,75.75368420461352,76.28509267016734,75.30351525421925,77.09382038960487,Estimación adecuada
Cabo Rojo,2010-2014,2,83.4281511567301,83.83714403403519,82.45960819655855,84.83648582756817,Estimación adecuada
Cabo Rojo,2015-2019,1,79.78583423632396,79.31229322234154,78.42736870382538,80.47519499038258,Estimación adecuada
Cabo Rojo,2015-2019,2,84.21493107845924,84.52448345634383,83.61299771644305,85.82487066473267,Estimación adecuada
Cabo Rojo,2020-2024,1,79.36891590464815,79.11693878009228,78.12890574014847,80.29972726800787,Estimación adecuada
Cabo Rojo,2020-2024,2,84.78014352257735,84.91398697426709,83.58071442092984,86.15889711150119,Estimación adecuada
Caguas,1980-1984,1,71.72229204508373,71.62520789865447,70.86982935191273,72.51708008363863,Estimación adecuada
Caguas,1980-1984,2,78.48100883851102,78.45968585523322,77.48042433690381,79.45110188722893,Estimación adecuada
Caguas,1985-1989,1,70.39381171255258,70.61475751382635,70.05270157964898,71.44804063317282,Estimación adecuada
Caguas,1985-1989,2,79.24402800001289,78.97881040881697,78.15144149180932,80.03722101007222,Estimación adecuada
Caguas,1990-1994,1,68.81764511805511,69.36755271594808,68.43299600089452,70.07937253204808,Estimación adecuada
Caguas,1990-1994,2,78.64358444378482,78.59418585434926,77.98618370630719,79.55558753862442,Estimación adecuada
Caguas,1995-1999,1,69.69055735609851,69.9969896848889,69.34890088665881,70.78754740667625,Estimación adecuada
Caguas,1995-1999,2,79.6561294833766,79.50416203842116,78.85627174039169,80.45308261066565,Estimación adecuada
Caguas,2000-2004,1,73.10779492757699,73.23767001732142,72.58178890239046,73.90565416457903,Estimación adecuada
Caguas,2000-2004,2,81.16770684291536,80.9008415045297,80.14419431759212,81.86837275589329,Estimación adecuada
Caguas,2005-2009,1,74.70961206827913,74.70363005530201,73.85538856803196,75.43474389276557,Estimación adecuada
Caguas,2005-2009,2,83.16961380386512,83.08358163781959,81.83887328806446,83.82400322375314,Estimación adecuada
Caguas,2010-2014,1,74.58554015299136,74.97215471315755,74.07133129789034,75.85693019265183,Estimación adecuada
Caguas,2010-2014,2,83.90600489563009,83.7578717533456,82.81001175690332,85.09641861507748,Estimación adecuada
Caguas,2015-2019,1,77.124653280767,77.28118557673187,76.38665593035732,78.08228169554525,Estimación adecuada
Caguas,2015-2019,2,84.81913360231933,84.75466905804774,83.78403441095574,85.76443891722869,Estimación adecuada
Caguas,2020-2024,1,76.29588342135224,76.36269919523451,75.3944264494747,77.21568700730771,Estimación adecuada
Caguas,2020-2024,2,84.58890329073995,84.52954261472199,83.59137185328484,85.48378725318753,Estimación adecuada
Camuy,1980-1984,1,72.00953497661486,72.25136767497519,71.16537599228279,73.48540316091547,Estimación adecuada
Camuy,1980-1984,2,79.04819306327792,78.90712485122054,77.64295334057529,80.214365388633,Estimación adecuada
Camuy,1985-1989,1,73.05563270338817,72.52807405648986,71.4565268130133,73.74100049070593,Estimación adecuada
Camuy,1985-1989,2,79.50251205629576,79.32275962928261,78.22792028027496,80.53271463161546,Estimación adecuada
Camuy,1990-1994,1,72.48592866320423,71.98207211535183,71.09489317424453,72.95025891937289,Estimación adecuada
Camuy,1990-1994,2,78.42074942707247,78.80421574562303,77.627495632956,80.11030394194937,Estimación adecuada
Camuy,1995-1999,1,72.6730064081168,72.18109309997516,71.03250615163302,73.14365313773789,Estimación adecuada
Camuy,1995-1999,2,81.15887534595899,80.54322681896724,79.48516872580834,81.91533335145328,Estimación adecuada
Camuy,2000-2004,1,75.51776152008144,74.76805651864854,73.77443213309985,75.79093161181953,Estimación adecuada
Camuy,2000-2004,2,81.38049051623702,81.18508947857384,80.06404965284678,82.22478670018289,Estimación adecuada
Camuy,2005-2009,1,76.0113432292359,75.54916940537784,74.42826424205538,76.54860494394055,Estimación adecuada
Camuy,2005-2009,2,83.37764861657537,82.76981169034956,81.75904313251374,84.48766554399266,Estimación adecuada
Camuy,2010-2014,1,77.47114401608678,76.40205506974142,75.29137093278945,77.44961774957956,< e0 observado
Camuy,2010-2014,2,83.52117698878538,83.42235656947304,82.24207295879233,85.04175145913446,Estimación adecuada
Camuy,2015-2019,1,78.31044325410554,78.0650729875473,77.0783319170838,79.34604528748716,Estimación adecuada
Camuy,2015-2019,2,85.3683244262729,85.11904880739007,83.77493732813909,86.84689158091798,Estimación adecuada
Camuy,2020-2024,1,78.26146309261183,77.76393324710102,76.65025007786338,78.90278149942404,Estimación adecuada
Camuy,2020-2024,2,85.47114665413861,85.63296957337727,84.21699935496099,86.91152977210831,Estimación adecuada
Canovanas,1980-1984,1,73.29991788695871,71.8384941671359,70.7529987270901,73.02872661577157,< e0 observado
Canovanas,1980-1984,2,80.06188590433085,78.692710154537,77.42489882374906,80.14104047189406,Estimación adecuada
Canovanas,1985-1989,1,71.61537365310774,71.22173103825621,69.9800985893551,72.23582062939806,Estimación adecuada
Canovanas,1985-1989,2,78.2476656338885,77.72687385281185,76.46529048609028,79.05749599008502,Estimación adecuada
Canovanas,1990-1994,1,68.47857316458972,69.30340224172434,68.30949476957423,70.54982037510327,Estimación adecuada
Canovanas,1990-1994,2,78.32395417011652,78.21718039110547,77.08823535587612,79.33791716406678,Estimación adecuada
Canovanas,1995-1999,1,67.92417601162161,69.02222780026484,67.98237011536443,69.96653614308073,> e0 observado
Canovanas,1995-1999,2,77.19866982997894,77.4118014304265,76.38009590372852,78.43900826004038,Estimación adecuada
Canovanas,2000-2004,1,71.161335880999,72.09776328636282,70.86852684083823,72.94017860009372,Estimación adecuada
Canovanas,2000-2004,2,79.89031657445085,79.87338495921938,79.0050494725975,81.10111110185113,Estimación adecuada
Canovanas,2005-2009,1,72.03527888088188,72.89326722957945,71.99823702494686,74.23104902856122,Estimación adecuada
Canovanas,2005-2009,2,82.20274877957495,81.6712785399154,80.55478252023983,83.69473259604737,Estimación adecuada
Canovanas,2010-2014,1,73.73163177655942,74.45586807896771,73.43516701543618,75.56312027567685,Estimación adecuada
Canovanas,2010-2014,2,82.38500533806449,81.91896452487002,80.70746247725847,83.03728329150745,Estimación adecuada
Canovanas,2015-2019,1,76.47578865798285,76.6972384572164,75.53629871724655,78.01235868139173,Estimación adecuada
Canovanas,2015-2019,2,83.4705410867674,83.44962270913595,82.22463624109133,84.69151381483299,Estimación adecuada
Canovanas,2020-2024,1,75.27011547141525,75.57321891544495,74.64879073527135,76.43296902556747,Estimación adecuada
Canovanas,2020-2024,2,84.62181844092842,84.17009715532782,83.02518934864176,85.95249612449706,Estimación adecuada
Carolina,1980-1984,1,72.67945710656471,72.62064362389518,71.83981802685685,73.42727674611825,Estimación adecuada
Carolina,1980-1984,2,80.00245669766525,79.66369637258019,78.95906552680391,80.46906275998265,Estimación adecuada
Carolina,1985-1989,1,71.45905207579524,71.55408247118858,70.8110468213257,72.43486937447949,Estimación adecuada
Carolina,1985-1989,2,79.99533355118936,79.81188018328444,78.939744509789,80.60784628998064,Estimación adecuada
Carolina,1990-1994,1,69.88961527032849,70.3398308873584,69.5926854009653,71.09037557619959,Estimación adecuada
Carolina,1990-1994,2,79.19273965392165,79.21213329725032,78.53954520043412,80.25826873513437,Estimación adecuada
Carolina,1995-1999,1,70.6039476792499,70.84892280103394,70.25189442074668,71.6468021329166,Estimación adecuada
Carolina,1995-1999,2,80.17066355341137,79.95912607961353,79.30358516361568,80.73156531741003,Estimación adecuada
Carolina,2000-2004,1,73.93076115352547,73.99104446999984,73.34124215538145,74.82915987639382,Estimación adecuada
Carolina,2000-2004,2,81.94990115891811,81.75496953588066,80.91814551889607,82.684740618886,Estimación adecuada
Carolina,2005-2009,1,74.82294831043072,74.84350442228265,74.14972642251945,75.76142423942429,Estimación adecuada
Carolina,2005-2009,2,82.93347404417227,82.82776987784987,81.96660882228683,83.64366418885731,Estimación adecuada
Carolina,2010-2014,1,75.72166232249958,75.99202881530331,75.1948425195798,76.88328699524774,Estimación adecuada
Carolina,2010-2014,2,84.32702876051523,84.09456279636986,83.19537517727008,85.22523154004986,Estimación adecuada
Carolina,2015-2019,1,78.16150181754098,78.0711967603977,76.97206187921516,78.94893302970098,Estimación adecuada
Carolina,2015-2019,2,86.31301087441426,85.97105588111938,85.00308760676103,87.33533347143583,Estimación adecuada
Carolina,2020-2024,1,78.61601699181085,78.26436783304908,77.24230789511762,79.35939333591722,Estimación adecuada
Carolina,2020-2024,2,85.92480146843515,85.60682820735445,84.6603857789807,86.61684091250163,Estimación adecuada
Catano,1980-1984,1,64.71158204088911,66.35045236575168,65.51267245886274,67.3935552102572,> e0 observado
Catano,1980-1984,2,75.60330232750007,75.325963055856107,74.10676644372171,76.36111944622714,Estimación adecuada
Catano,1985-1989,1,65.748433663921,67.0909115793973,66.04302724115203,68.17772574336385,> e0 observado
Catano,1985-1989,2,78.65957711284251,77.30277716268449,75.96303911125628,78.52420771776804,< e0 observado
Catano,1990-1994,1,63.551421617424765,65.5802991293598,64.36270042174822,66.73033713985677,> e0 observado
Catano,1990-1994,2,77.73013012436986,77.11511493035277,75.84853866941482,78.6755700293113,Estimación adecuada
Catano,1995-1999,1,64.95894376240564,66.742109921778,65.58058643406392,67.57148927341686,> e0 observado
Catano,1995-1999,2,77.80173549366691,77.37296723825963,76.12630696476519,78.87838402651036,Estimación adecuada
Catano,2000-2004,1,69.54736006919788,70.37402987135252,69.2016490086065,71.32463762207868,Estimación adecuada
Catano,2000-2004,2,80.2420833723342,79.29470391884158,78.14168145308889,80.5917248444147,Estimación adecuada
Catano,2005-2009,1,70.00884632904449,71.14415412545912,69.9248932528504,72.11006982250518,Estimación adecuada
Catano,2005-2009,2,82.4846061988492,81.47832912306649,79.80427472749307,83.45708888176495,Estimación adecuada
Catano,2010-2014,1,73.04054164065788,73.45910386419976,72.1922392349519,74.60065773513246,Estimación adecuada
Catano,2010-2014,2,85.05347927327067,82.70446818479226,81.6476978576197,84.38622150712806,< e0 observado
Catano,2015-2019,1,73.65254048968006,74.67366561479596,73.30218350128244,76.12951753956256,Estimación adecuada
Catano,2015-2019,2,86.94579083490224,85.1015539023715,83.09521716266455,86.95507331238704,Estimación adecuada
Catano,2020-2024,1,73.01737041087924,74.12372336583076,72.99346228506772,75.3652651292123,Estimación adecuada
Catano,2020-2024,2,86.06847947432311,84.5569841349539,82.8424608420599,86.06818301795396,< e0 observado
Cayey,1980-1984,1,71.32064492875628,71.13584895569863,70.35231496813711,72.2476680185496,Estimación adecuada
Cayey,1980-1984,2,76.88437352747385,77.20107911340793,76.14787782358354,78.44256872260596,Estimación adecuada
Cayey,1985-1989,1,69.35200072016079,70.0844290512342,69.14707504845104,71.0692529431569,Estimación adecuada
Cayey,1985-1989,2,78.24162311103663,78.20052175767495,77.04575044507804,79.37658137807675,Estimación adecuada
Cayey,1990-1994,1,69.27521430891126,70.02194013522953,68.98165456945176,71.25750668392766,Estimación adecuada
Cayey,1990-1994,2,78.16553833033853,78.39260552884775,77.3525968187729,79.6753387625485,Estimación adecuada
Cayey,1995-1999,1,70.01299547508536,70.67961783395381,69.75765184394345,71.3334967367291,Estimación adecuada
Cayey,1995-1999,2,78.8725901876824,78.93083265963119,77.72638714856336,80.05257610591315,Estimación adecuada
Cayey,2000-2004,1,73.68749999421473,73.50945545543377,72.5762432751999,74.5178355965839,Estimación adecuada
Cayey,2000-2004,2,81.22226473989993,80.73302308004648,79.64641677328859,81.52982376631155,Estimación adecuada
Cayey,2005-2009,1,73.99614368964569,74.41824533390755,73.30600297551314,75.52035152181281,Estimación adecuada
Cayey,2005-2009,2,82.15336992286879,82.0497718648936,80.82552201238353,82.92502402173226,Estimación adecuada
Cayey,2010-2014,1,75.00610378038505,75.6929186167063,74.77001977549519,76.71767434570461,Estimación adecuada
Cayey,2010-2014,2,83.73637939950335,83.43658620295419,82.22357658439012,84.71299905332228,Estimación adecuada
Cayey,2015-2019,1,78.54670044615932,78.19875468107567,76.75559730647772,79.47332062207974,Estimación adecuada
Cayey,2015-2019,2,85.74693279734879,85.199680182636,84.0568644493896,86.33707089992086,Estimación adecuada
Cayey,2020-2024,1,79.40962956727441,78.9819543929071,77.72625882284824,80.41137925700677,Estimación adecuada
Cayey,2020-2024,2,87.60063485744979,86.65540295953,84.85784805810721,88.41283072907278,Estimación adecuada
Ceiba,1980-1984,1,72.14585176157938,71.54913200749945,69.98125481395951,72.81178546246676,Estimación adecuada
Ceiba,1980-1984,2,78.61104372786001,78.03286633540796,75.95984894696534,79.723129740149,Estimación adecuada
Ceiba,1985-1989,1,70.61981831665028,70.86545811086663,69.58812169499652,71.957447819771,Estimación adecuada
Ceiba,1985-1989,2,79.13415807152825,78.44492825962814,77.02070987603281,80.40490119543529,Estimación adecuada
Ceiba,1990-1994,1,71.00935671117367,70.68162405508708,69.33102380886397,72.18116861091914,Estimación adecuada
Ceiba,1990-1994,2,79.17042900270536,78.81074065851129,77.43779088496981,80.49355016547912,Estimación adecuada
Ceiba,1995-1999,1,72.51721647517238,71.48799137317968,70.24053492111929,72.5085263517177,< e0 observado
Ceiba,1995-1999,2,78.14728081414307,78.61934245064853,77.19057634770266,80.41843572716726,Estimación adecuada
Ceiba,2000-2004,1,74.86667065353893,73.72420906082536,72.44110638556928,75.01230480877597,Estimación adecuada
Ceiba,2000-2004,2,80.68427804057518,80.82776885367196,79.41329027026448,82.55906015537333,Estimación adecuada
Ceiba,2005-2009,1,76.12252834869312,74.92469200448181,73.52265931664795,76.48049507248021,Estimación adecuada
Ceiba,2005-2009,2,82.7966883833198,82.41048532696549,80.86073430936557,84.20979321400313,Estimación adecuada
Ceiba,2010-2014,1,75.46412666889603,76.16543005556929,74.82867416265952,77.90076393538615,Estimación adecuada
Ceiba,2010-2014,2,81.4135326734471,82.38343929037669,81.11955189936587,84.51842290355668,Estimación adecuada
Ceiba,2015-2019,1,78.54557923356415,77.89174012247682,76.55186517426414,79.3472942190821,Estimación adecuada
Ceiba,2015-2019,2,86.20789836529356,85.46954082027418,83.94182139830028,87.8617583381144,Estimación adecuada
Ceiba,2020-2024,1,72.26101326760207,76.00476140358279,74.89660606226619,77.72627795554389,> e0 observado
Ceiba,2020-2024,2,81.87366447467527,84.03987938633529,82.07072562635214,85.96233311363409,> e0 observado
Ciales,1980-1984,1,73.36016900812692,72.65867228277111,71.76254674045389,73.76745222392992,Estimación adecuada
Ciales,1980-1984,2,79.08450788252532,78.97032497781768,77.41408115527555,80.29256519779568,Estimación adecuada
Ciales,1985-1989,1,73.80385799895002,72.95700910852501,71.2514897176452,74.15468302194739,Estimación adecuada
Ciales,1985-1989,2,79.25761748100682,79.3980075914292,77.61179353955927,80.97756097366226,Estimación adecuada
Ciales,1990-1994,1,72.25274862856378,72.06047550863337,70.94943413532431,73.36518024998779,Estimación adecuada
Ciales,1990-1994,2,79.82543814746262,79.60610120622174,78.62795040101395,81.12229829215221,Estimación adecuada
Ciales,1995-1999,1,71.42663286324975,71.74056518904611,70.63501126058696,73.15312138903363,Estimación adecuada
Ciales,1995-1999,2,79.23838111283101,79.8325912189569,78.43718191192264,81.4245174478539,Estimación adecuada
Ciales,2000-2004,1,72.88772470155352,73.74156144714713,72.28743488352825,74.89637708545443,Estimación adecuada
Ciales,2000-2004,2,80.83769687356553,81.16937927786155,79.99347094125312,82.96389174671216,Estimación adecuada
Ciales,2005-2009,1,74.52536084511352,74.9635145115241,73.54995095792019,76.34129698217174,Estimación adecuada
Ciales,2005-2009,2,82.13836581268944,82.40999169429216,81.10305733631884,84.21289082428987,Estimación adecuada
Ciales,2010-2014,1,75.83944224399347,76.30049834628903,75.36452844781687,77.59466593119707,Estimación adecuada
Ciales,2010-2014,2,83.1852531946372,83.54776483754092,82.10335329539728,85.05541649022456,Estimación adecuada
Ciales,2015-2019,1,80.35963140996522,78.87336050013788,77.38307245892969,80.49424868105274,Estimación adecuada
Ciales,2015-2019,2,85.16754149388571,85.96357931604103,84.23845464365647,88.15350550699576,Estimación adecuada
Ciales,2020-2024,1,78.09521399349092,78.10764923545779,76.78299109528467,79.40897917315516,Estimación adecuada
Ciales,2020-2024,2,83.78381764684411,84.60442685783806,83.34286128039251,86.02073075641059,Estimación adecuada
Cidra,1980-1984,1,72.92625993210298,73.29697263329493,72.03533853784437,74.48597482965712,Estimación adecuada
Cidra,1980-1984,2,80.25294604658151,79.93079689575197,78.5487277650739,81.94615397333216,Estimación adecuada
Cidra,1985-1989,1,72.65671880748917,73.00586093263794,71.89691992596391,73.8728584767336,Estimación adecuada
Cidra,1985-1989,2,79.26400601296048,79.54594709813117,78.16862659414403,80.63894331567465,Estimación adecuada
Cidra,1990-1994,1,74.5927012385328,73.83054662875259,72.3174087411,74.79747453883189,Estimación adecuada
Cidra,1990-1994,2,79.58259869878654,79.54196302181478,78.49705463746326,80.99897186264157,Estimación adecuada
Cidra,1995-1999,1,74.21713653214772,73.79030539307654,72.77824997369909,74.77736677574525,Estimación adecuada
Cidra,1995-1999,2,80.4672017909813,80.67227905207329,79.74438926867197,82.45159846009767,Estimación adecuada
Cidra,2000-2004,1,76.16480750543882,75.78807476731336,74.86771452995482,77.0263695734713,Estimación adecuada
Cidra,2000-2004,2,83.06880741955162,82.81915593293405,81.42727344709255,84.17469016449348,Estimación adecuada
Cidra,2005-2009,1,76.2488157847596,76.2086312813002,75.3485766792206,77.34774932936914,Estimación adecuada
Cidra,2005-2009,2,83.29450873472624,83.36839024138004,82.25991640788831,84.73291374035894,Estimación adecuada
Cidra,2010-2014,1,77.33131059096634,77.73765635635269,76.57376057054259,78.93403203624007,Estimación adecuada
Cidra,2010-2014,2,83.46470181390174,83.42333463540632,82.32202733706468,84.69367243842294,Estimación adecuada
Cidra,2015-2019,1,78.97458456608396,79.24661281092241,77.9999275939443,80.45402579359003,Estimación adecuada
Cidra,2015-2019,2,84.69043178604441,85.30042383172633,83.7474062751482,86.59216418571489,Estimación adecuada
Cidra,2020-2024,1,79.74273539486758,79.48108696787216,78.0826563186724,80.50020413121011,Estimación adecuada
Cidra,2020-2024,2,85.33702768748,85.37494779310569,84.09343161041808,86.8112558241595,Estimación adecuada
Coamo,1980-1984,1,71.83261143264683,71.82014748965597,70.74504520387518,72.93176100824095,Estimación adecuada
Coamo,1980-1984,2,77.96592585526496,78.43638813607794,77.14038524028253,79.69393073641537,Estimación adecuada
Coamo,1985-1989,1,71.23431252697634,71.32129910896757,70.0678960165668,72.5767889511776,Estimación adecuada
Coamo,1985-1989,2,77.61875344002883,78.26935726770705,76.93425477561516,79.36482512679628,Estimación adecuada
Coamo,1990-1994,1,71.15206342123699,71.21561792872774,70.03666892340124,72.09210408078276,Estimación adecuada
Coamo,1990-1994,2,79.52007940092251,79.29855149137384,78.16943823289108,80.46427807118067,Estimación adecuada
Coamo,1995-1999,1,71.1960753395491,71.44764985558703,70.20086417159862,72.36744779629748,Estimación adecuada
Coamo,1995-1999,2,78.42390384395298,78.90928828221159,77.46287043784363,79.91740446128419,Estimación adecuada
Coamo,2000-2004,1,73.24248106281057,73.36253373882191,72.11864539358766,74.59949795521305,Estimación adecuada
Coamo,2000-2004,2,81.2524184753369,81.10210563197137,79.80898946065534,82.3932078395423,Estimación adecuada
Coamo,2005-2009,1,76.67061680312948,75.65336810512954,74.7359540215632,76.55526681860734,< e0 observado
Coamo,2005-2009,2,82.50443120167047,82.22891151686937,81.30578923196623,83.71903166219198,Estimación adecuada
Coamo,2010-2014,1,76.08519397019606,75.91428861431383,74.949165070357,77.09770892133479,Estimación adecuada
Coamo,2010-2014,2,82.76456200780567,82.5448412365875,81.297811565461,83.9033766859046,Estimación adecuada
Coamo,2015-2019,1,76.3555860235564,76.78598034339461,75.72845850081954,77.84819894621396,Estimación adecuada
Coamo,2015-2019,2,84.32302802936532,84.73249175575253,83.5165520379181,86.098592679642735,Estimación adecuada
Coamo,2020-2024,1,78.73457128285159,77.84948973253313,76.7751627603263,79.16942904481121,Estimación adecuada
Coamo,2020-2024,2,85.32320664794791,85.0624386309068,83.88402455758853,86.758119155453,Estimación adecuada
Comerio,1980-1984,1,72.39160599187598,72.26835645673552,70.95918281117812,73.47127791031102,Estimación adecuada
Comerio,1980-1984,2,80.50714392154065,79.3913070310541,77.63945624918144,81.0851763582392,Estimación adecuada
Comerio,1985-1989,1,72.46599051488646,72.04546715484616,70.86924010143649,73.16954953332315,Estimación adecuada
Comerio,1985-1989,2,79.35372018267553,79.15055504878852,77.6912202445335,80.47567409682263,Estimación adecuada
Comerio,1990-1994,1,72.63261964951913,71.71212333809544,70.77243299643818,73.23824955879739,Estimación adecuada
Comerio,1990-1994,2,78.08657248899227,78.64451841902411,77.48420872505761,79.98444688411792,Estimación adecuada
Comerio,1995-1999,1,71.13227286201817,71.33436314384505,69.97147951311413,72.84233545011449,Estimación adecuada
Comerio,1995-1999,2,78.32248610899435,78.69535800595432,77.5682604511214,79.9685972224635,Estimación adecuada
Comerio,2000-2004,1,73.74046365047265,73.9438456719503,72.71501948392918,75.30444591274326,Estimación adecuada
Comerio,2000-2004,2,80.19913305806269,80.54095985647155,79.27324996910843,81.879809292296585,Estimación adecuada
Comerio,2005-2009,1,75.3035016669788,75.05969405333279,73.80732019391579,76.04865000776707,Estimación adecuada
Comerio,2005-2009,2,81.75843965388887,81.81913591222761,80.78574207737566,83.22116236836055,Estimación adecuada
Comerio,2010-2014,1,77.88992392393746,77.02109932677888,75.6518842705453,78.41777392902594,Estimación adecuada
Comerio,2010-2014,2,83.20589003283449,83.14538764157408,81.41609466252112,84.69192537367161,Estimación adecuada
Comerio,2015-2019,1,76.11616223403384,76.84981604099963,75.75829651465494,78.00422778637545,Estimación adecuada
Comerio,2015-2019,2,84.47935763504816,84.72805577113583,83.23212543886174,86.39464461069826,Estimación adecuada
Comerio,2020-2024,1,75.23982921549164,76.31072963856212,75.36900727197349,77.62736691877585,> e0 observado
Comerio,2020-2024,2,83.75928924043122,83.72621726657914,82.57781060403872,85.61761075115507,Estimación adecuada
Corozal,1980-1984,1,72.84342696203638,72.54578150072567,71.50183851438054,73.76774338357151,Estimación adecuada
Corozal,1980-1984,2,78.49552695365927,78.45777980550355,77.50326292705464,79.92140731071524,Estimación adecuada
Corozal,1985-1989,1,74.16679537755695,72.98635724227793,72.01111307210823,74.11444853864134,< e0 observado
Corozal,1985-1989,2,78.31409571064401,78.53968640293382,77.4265299066929,79.491189417352,Estimación adecuada
Corozal,1990-1994,1,71.27571092432537,71.46785143524292,70.4710575362408,72.40670561292126,Estimación adecuada
Corozal,1990-1994,2,78.71157989908843,78.91079076347935,77.61065450093255,79.91933194675386,Estimación adecuada
Corozal,1995-1999,1,71.90053240132126,72.1400109997621,71.31626413055909,73.16781109583084,Estimación adecuada
Corozal,1995-1999,2,81.05061971042039,80.34180300555195,79.15756648940948,81.33942649119058,Estimación adecuada
Corozal,2000-2004,1,75.4012147263226,74.95072915800327,73.7282077079164,75.81855945611153,Estimación adecuada
Corozal,2000-2004,2,82.3272702996957,82.02533993072112,80.58945287003574,83.36238693652078,Estimación adecuada
Corozal,2005-2009,1,75.29676896497348,75.4325793396567,74.09269356584079,76.63184251100677,Estimación adecuada
Corozal,2005-2009,2,81.76688889895482,81.80512704919285,80.89799400946005,83.05522286643323,Estimación adecuada
Corozal,2010-2014,1,76.61800376671373,76.66215269744544,75.60236446688452,77.65087889639338,Estimación adecuada
Corozal,2010-2014,2,83.99620064198638,83.94810608565484,82.3843500757049,85.53767063810466,Estimación adecuada
Corozal,2015-2019,1,78.84838673591864,78.21645200064427,77.09071036887126,80.02275845105895,Estimación adecuada
Corozal,2015-2019,2,84.36621340480362,84.79783571292305,83.43509548320682,86.52784937922257,Estimación adecuada
Corozal,2020-2024,1,76.44862204173214,77.24573101754166,76.08881030526567,78.39394888655158,Estimación adecuada
Corozal,2020-2024,2,85.0591201159125,85.4995245613161,84.19368604832127,87.35194980754252,Estimación adecuada
Culebra,1980-1984,1,94.69722323815859,73.46268858557238,71.6552918925284,75.13749474951085,< e0 observado
Culebra,1980-1984,2,77.11141651027594,80.1468290008064,77.46821284892042,84.03603115975548,> e0 observado
Culebra,1985-1989,1,76.63588305134151,72.96978838562738,71.05582327609292,75.16703749719076,< e0 observado
Culebra,1985-1989,2,84.99417166658452,80.62230863912417,78.49198995166296,82.91984494435619,< e0 observado
Culebra,1990-1994,1,75.23127689590046,72.32142896078915,70.8107415764189,73.86501953028579,< e0 observado
Culebra,1990-1994,2,82.23613385170138,80.6387997050343,78.48708166536105,83.60102218601659,Estimación adecuada
Culebra,1995-1999,1,72.53390965878926,72.65123728046373,71.20809454853034,74.50323914473938,Estimación adecuada
Culebra,1995-1999,2,82.74787501668122,81.21264917878467,78.30308350891798,88.11215145556747,Estimación adecuada
Culebra,2000-2004,1,83.74648606676806,75.3130070592936,73.03773149095392,77.93937045095495,< e0 observado
Culebra,2000-2004,2,81.63132549875367,83.20962800895501,80.23742521186753,86.47916522080206,Estimación adecuada
Culebra,2005-2009,1,79.35518350612847,76.27804491308527,74.48439378316203,78.40365802387855,< e0 observado
Culebra,2005-2009,2,87.8264560091745,83.8333701786463,81.24965024243104,86.85341055350668,< e0 observado
Culebra,2010-2014,1,73.27486001063869,76.98256533788262,74.8189931830433,79.38981518927,> e0 observado
Culebra,2010-2014,2,84.63331186955908,84.7131214929383,82.33029861678706,87.36820459140716,Estimación adecuada
Culebra,2015-2019,1,73.77823531240129,78.10566414168667,75.67812323986779,79.84616416733685,> e0 observado
Culebra,2015-2019,2,82.80860574041759,86.37944030923855,83.57988116848769,89.70540156969041,> e0 observado
Culebra,2020-2024,1,71.17558414919206,77.74189754095573,75.67611507674019,79.36050869429381,> e0 observado
Culebra,2020-2024,2,81.75048505604273,85.43174529530688,82.96782613861899,89.24145557744188,> e0 observado
Dorado,1980-1984,1,73.06768394242141,72.70286297256396,71.28822308291296,73.77000869153972,Estimación adecuada
Dorado,1980-1984,2,79.57134292897321,79.13515054685442,78.03277648556018,80.5522961239202,Estimación adecuada
Dorado,1985-1989,1,70.98138714935334,71.03977278725715,70.19569697262865,72.03880756437562,Estimación adecuada
Dorado,1985-1989,2,79.66708794032927,79.23431294694123,78.10837262994269,80.72314789878303,Estimación adecuada
Dorado,1990-1994,1,70.60163270459448,71.08398477222951,69.91682855361219,72.14600084869286,Estimación adecuada
Dorado,1990-1994,2,79.66123740902555,79.31274888822873,78.20699018849733,80.4654347873716,Estimación adecuada
Dorado,1995-1999,1,71.14661901491276,71.59832271278475,70.74941768722081,72.6538744339851,Estimación adecuada
Dorado,1995-1999,2,79.34231212268779,79.59989056726786,78.4952465113281,80.52627456103858,Estimación adecuada
Dorado,2000-2004,1,72.80125816712727,73.35589262427762,72.25950241085454,74.38320878791936,Estimación adecuada
Dorado,2000-2004,2,80.51547250678335,80.45646826512748,79.3167547672767,81.66982192508988,Estimación adecuada
Dorado,2005-2009,1,74.7421688873986,75.00380726462426,73.78305430340552,76.28990343406625,Estimación adecuada
Dorado,2005-2009,2,81.55921742419946,81.68351657557216,80.39427640893655,82.69294279043821,Estimación adecuada
Dorado,2010-2014,1,77.39725260954731,77.19412761486393,76.01398028842078,78.32783734032034,Estimación adecuada
Dorado,2010-2014,2,83.78650120499327,83.58806543256301,82.37552211139578,85.16986409914391,Estimación adecuada
Dorado,2015-2019,1,79.05317477178703,78.46985177414241,77.3460760275542,79.68019228054868,Estimación adecuada
Dorado,2015-2019,2,85.0361331038058,85.26483839601542,83.68201410969192,86.66655215705367,Estimación adecuada
Dorado,2020-2024,1,77.54648054972816,77.75695958963504,76.70680361287995,78.77896372666336,Estimación adecuada
Dorado,2020-2024,2,87.81728727976585,86.43693709139306,85.13329357197864,88.20876005744664,Estimación adecuada
Fajardo,1980-1984,1,70.97992961345318,70.4087470792237,69.444583171961,71.53269266679602,Estimación adecuada
Fajardo,1980-1984,2,77.40340064618532,77.03590196811408,75.78387704907215,78.01335902764319,Estimación adecuada
Fajardo,1985-1989,1,71.18878767049712,70.71456938488048,69.52683913591186,71.84011203217145,Estimación adecuada
Fajardo,1985-1989,2,77.37337374894555,77.32381510483731,76.15920619718543,78.51409383998394,Estimación adecuada
Fajardo,1990-1994,1,68.18099629812696,68.79058881777507,67.63156658668785,69.69881266270829,Estimación adecuada
Fajardo,1990-1994,2,78.114748765217,77.97904901628155,76.95251492736818,79.39603410031513,Estimación adecuada
Fajardo,1995-1999,1,69.86154006659807,69.95957971687564,69.16199977869746,70.95704568082263,Estimación adecuada
Fajardo,1995-1999,2,78.82934233659793,78.48862507986327,77.37536013799516,79.70499971872925,Estimación adecuada
Fajardo,2000-2004,1,71.85134936418908,71.98035137904121,70.91094736512551,73.090821253086,Estimación adecuada
Fajardo,2000-2004,2,80.31491904964011,79.8910367589631,78.76965668211986,81.11652675384238,Estimación adecuada
Fajardo,2005-2009,1,72.01498955956527,72.65329507613421,71.70186044844729,73.55242475319896,Estimación adecuada
Fajardo,2005-2009,2,80.42579698255476,80.4198481457759,79.42726749488479,81.2367878167581,Estimación adecuada
Fajardo,2010-2014,1,73.16480795645019,74.15882798960675,73.1905003518115,75.21359108366728,> e0 observado
Fajardo,2010-2014,2,81.74247222384633,81.31606779055875,80.20701767335956,82.35284525049269,Estimación adecuada
Fajardo,2015-2019,1,76.15087862256588,76.56152689681454,75.40565918781722,77.75050013803238,Estimación adecuada
Fajardo,2015-2019,2,83.7123556023456,83.72782488193465,82.3373546823473,85.13515938734477,Estimación adecuada
Fajardo,2020-2024,1,74.31868957649466,74.95761023667373,74.07453302530206,76.05987426892091,Estimación adecuada
Fajardo,2020-2024,2,83.33111283123692,83.3705951831592,82.18017021764643,84.75807902809964,Estimación adecuada
Florida,1980-1984,1,71.06938753374574,71.34936405575542,69.90645846180571,73.03937076239774,Estimación adecuada
Florida,1980-1984,2,79.21775098528943,78.52029534897335,76.56703460572749,80.03621950846451,Estimación adecuada
Florida,1985-1989,1,70.64603223425698,70.82229829900224,69.58063104080219,72.3149223725741,Estimación adecuada
Florida,1985-1989,2,74.85144353276169,77.22550576995674,75.83598196217321,78.87074277235236,> e0 observado
Florida,1990-1994,1,70.01533527514866,70.35165391474351,68.99162698608464,71.58166487516698,Estimación adecuada
Florida,1990-1994,2,75.40391537650423,77.50977342987899,76.01225015278487,79.36639150491322,> e0 observado
Florida,1995-1999,1,71.658941137269,71.47636402361836,70.45741891839674,72.97898828845886,Estimación adecuada
Florida,1995-1999,2,77.29790147374477,78.10512614247406,76.98167090049924,79.73903641979823,Estimación adecuada
Florida,2000-2004,1,75.01444427678842,73.86661429614873,72.7100551390865,74.94625195035468,< e0 observado
Florida,2000-2004,2,81.08965307946795,80.4450845869255,78.74191544795993,82.18300341611021,Estimación adecuada
Florida,2005-2009,1,76.54783220170154,74.84131867847097,73.59017043753504,76.13764058421557,< e0 observado
Florida,2005-2009,2,80.52310433234076,81.09092110737183,79.5499748300135,82.88204579642587,Estimación adecuada
Florida,2010-2014,1,79.58931937931185,77.16557951978334,75.83102061500095,78.92786233674526,< e0 observado
Florida,2010-2014,2,84.35262381150902,83.08489249959123,81.38221578819571,84.67938255267549,Estimación adecuada
Florida,2015-2019,1,77.39963673465637,77.1406343135273,75.73942062541555,78.53288539853202,Estimación adecuada
Florida,2015-2019,2,83.04749257512822,84.02928861475075,82.39694071193483,86.09002416582065,Estimación adecuada
Florida,2020-2024,1,76.4813863744176,76.90754382989806,75.822410163313,78.61908485016318,Estimación adecuada
Florida,2020-2024,2,86.57028869211995,86.04617541038306,84.43829129242046,88.30747537872153,Estimación adecuada
Guanica,1980-1984,1,70.29160656173028,69.95836418875132,68.94594618252432,71.36124158802511,Estimación adecuada
Guanica,1980-1984,2,77.02589204137094,76.7185644123274,75.33724753814744,78.05532233881146,Estimación adecuada
Guanica,1985-1989,1,69.64590752945972,69.55973660982727,68.42813841840413,70.75645244865787,Estimación adecuada
Guanica,1985-1989,2,76.96194389846336,76.70241012668205,75.30202705119007,78.0309085651025,Estimación adecuada
Guanica,1990-1994,1,69.00330089577055,69.17741205955103,68.26245255130215,70.1476752490328,Estimación adecuada
Guanica,1990-1994,2,77.43314529873244,77.26328088636004,75.83670480324662,78.39172024964742,Estimación adecuada
Guanica,1995-1999,1,68.7592569769047,69.2923660140971,68.13992571260823,70.28560232180172,Estimación adecuada
Guanica,1995-1999,2,76.88365176255947,77.18011001975015,75.77867739255925,78.23265314153315,Estimación adecuada
Guanica,2000-2004,1,72.36855900985053,72.13884908312532,70.86984826275409,73.11449483187958,Estimación adecuada
Guanica,2000-2004,2,78.3128127578213,78.65479474625795,77.36958577184353,80.03554873454607,Estimación adecuada
Guanica,2005-2009,1,71.69965700518571,72.24093655923704,71.08447093955598,73.16642547151842,Estimación adecuada
Guanica,2005-2009,2,80.3960001801447,79.98813001520753,78.97222550081341,81.46113970432764,Estimación adecuada
Guanica,2010-2014,1,75.43056531334523,74.42835557299114,73.49619403521444,75.56853307003792,Estimación adecuada
Guanica,2010-2014,2,80.57778836738088,81.20089172179864,79.84997121177003,82.51607118040951,Estimación adecuada
Guanica,2015-2019,1,74.60617783408041,74.70275853449908,73.68740435921518,75.56211584469392,Estimación adecuada
Guanica,2015-2019,2,81.3148683326643,81.77627894995666,80.60454746043743,83.2073397865364,Estimación adecuada
Guanica,2020-2024,1,73.35967274163445,74.62610694531863,73.30202672089048,75.70592247272555,Estimación adecuada
Guanica,2020-2024,2,82.11869011623038,82.21264983410387,80.99743603878878,83.68899863536896,Estimación adecuada
Guayama,1980-1984,1,70.2459227764776,70.25189154048257,69.15311836403077,71.35389350142265,Estimación adecuada
Guayama,1980-1984,2,76.94736099895412,76.94408191134677,75.90679974397953,77.90284768927148,Estimación adecuada
Guayama,1985-1989,1,69.1840737677994,69.5290399869441,68.76725831706796,70.30228873725724,Estimación adecuada
Guayama,1985-1989,2,77.01984994163914,76.94165748930763,75.92313929689342,77.96749917399202,Estimación adecuada
Guayama,1990-1994,1,69.12774545799293,69.49416889241976,68.43112438435432,70.57575286919193,Estimación adecuada
Guayama,1990-1994,2,78.26536534527777,77.87477644848806,76.8761320288432,78.77251934717904,Estimación adecuada
Guayama,1995-1999,1,69.89298463348949,70.25878718379944,69.16257045430532,70.84646253502581,Estimación adecuada
Guayama,1995-1999,2,79.36097539479375,78.74909201019486,77.78531632836925,79.93492197441404,Estimación adecuada
Guayama,2000-2004,1,71.73959231092829,71.95883721149833,71.07208497534361,72.82692468674028,Estimación adecuada
Guayama,2000-2004,2,80.42361640554876,80.16519754793003,79.01709900508294,81.29187203654146,Estimación adecuada
Guayama,2005-2009,1,74.00462722583698,73.71710387398197,72.61931845963147,74.79778427437131,Estimación adecuada
Guayama,2005-2009,2,80.66196990050479,80.53576402896081,79.46320096805059,81.65685515261998,Estimación adecuada
Guayama,2010-2014,1,76.09220788252512,75.41597656279103,74.29522231317839,76.60850611156118,Estimación adecuada
Guayama,2010-2014,2,82.22460967328485,82.04844078501267,81.09117474904951,82.98707719343656,Estimación adecuada
Guayama,2015-2019,1,76.61959145312572,76.40164588658838,75.17912480362493,77.5072316970157,Estimación adecuada
Guayama,2015-2019,2,83.41427138998161,83.50447596737231,82.29998695634042,84.89861868477959,Estimación adecuada
Guayama,2020-2024,1,73.93879414262592,75.13350164202794,74.10714451810098,76.0738757465326,> e0 observado
Guayama,2020-2024,2,82.33975114826436,82.51795643763572,81.55098086907236,84.27664961630163,Estimación adecuada
Guayanilla,1980-1984,1,72.58983279684578,71.63091567361158,70.30947479553893,72.69714292688019,Estimación adecuada
Guayanilla,1980-1984,2,77.53353824728316,77.4564728943295,76.32490806745591,78.49919341858026,Estimación adecuada
Guayanilla,1985-1989,1,70.73661721916349,70.4440646306193,69.52238189327728,71.38554422071388,Estimación adecuada
Guayanilla,1985-1989,2,76.86235560972378,77.0947675651233,75.65496205510178,78.38376312776728,Estimación adecuada
Guayanilla,1990-1994,1,72.3775292433965,71.30642363932657,70.13530743333683,72.31732030528067,< e0 observado
Guayanilla,1990-1994,2,78.55250974931681,78.2504143257499,76.83797435969655,79.33623126723958,Estimación adecuada
Guayanilla,1995-1999,1,72.22131902455737,71.28714272892474,70.16069738802892,72.54685208671097,Estimación adecuada
Guayanilla,1995-1999,2,79.14608996325276,78.73113945282554,77.43891047194224,80.01244893153299,Estimación adecuada
Guayanilla,2000-2004,1,74.05744082522246,73.51300238966144,72.31625922392445,74.77354600276041,Estimación adecuada
Guayanilla,2000-2004,2,80.06971551607721,79.9166531829914,78.83108170768153,81.33651530323249,Estimación adecuada
Guayanilla,2005-2009,1,73.36781184296053,73.78849304119848,72.42502411661602,74.90935373706616,Estimación adecuada
Guayanilla,2005-2009,2,79.7443309179581,79.99713444362146,78.73049464214371,81.20423922919885,Estimación adecuada
Guayanilla,2010-2014,1,77.2541883457964,76.00557276158787,74.51839575324894,77.42999582806058,Estimación adecuada
Guayanilla,2010-2014,2,79.95617529124826,81.10878668394855,79.78527885650298,82.29776013959292,Estimación adecuada
Guayanilla,2015-2019,1,74.50306944491257,76.05438475407743,74.69445933662925,77.42969790762747,> e0 observado
Guayanilla,2015-2019,2,85.47648018860491,84.42068230807982,83.0454203807388,86.17724922190718,Estimación adecuada
Guayanilla,2020-2024,1,73.73722385919335,75.20634119851874,74.24510915154892,76.35490321511978,> e0 observado
Guayanilla,2020-2024,2,84.468516719215,84.34009633997792,83.22385716303891,86.70489430531521,Estimación adecuada
Guaynabo,1980-1984,1,73.33304020193007,73.19461355455297,72.37402214133107,74.22947940545967,Estimación adecuada
Guaynabo,1980-1984,2,79.57395565229349,79.50663209736716,78.5631817772213,80.42617783192028,Estimación adecuada
Guaynabo,1985-1989,1,73.30720790413426,73.20515210094123,72.21778132898288,74.38337586823639,Estimación adecuada
Guaynabo,1985-1989,2,80.74498947655431,80.51073319932777,79.74015317325568,81.42126316164718,Estimación adecuada
Guaynabo,1990-1994,1,71.64759712414893,72.01879217952668,71.22672348576563,73.04486844173454,Estimación adecuada
Guaynabo,1990-1994,2,80.46155681333546,80.5465331410272,79.51209091773524,81.7332532630959,Estimación adecuada
Guaynabo,1995-1999,1,71.7055798280705,72.18562127004678,71.17168612749717,73.06598493962618,Estimación adecuada
Guaynabo,1995-1999,2,81.61582636139951,81.48396359243509,80.4758510567342,82.48054625323115,Estimación adecuada
Guaynabo,2000-2004,1,74.54608799226907,74.90977061914325,74.03316019904803,75.99167345640262,Estimación adecuada
Guaynabo,2000-2004,2,82.43363591097874,82.34644395128873,81.7435876935242,83.39389608608758,Estimación adecuada
Guaynabo,2005-2009,1,75.40004142189414,75.9492221113718,74.93154042187862,76.76848474934172,Estimación adecuada
Guaynabo,2005-2009,2,83.59622113263238,83.40764617949549,82.6140125606472,84.42812784322811,Estimación adecuada
Guaynabo,2010-2014,1,77.3578270076508,77.49031254877383,76.58836249631426,78.454330760696,Estimación adecuada
Guaynabo,2010-2014,2,84.62289097742051,84.46995323455025,83.43321473038381,85.59990168314658,Estimación adecuada
Guaynabo,2015-2019,1,79.63090232574721,79.34344000036833,78.43984343097819,80.57398821030394,Estimación adecuada
Guaynabo,2015-2019,2,86.62280196774701,86.21672603454486,85.24671794479603,87.71649565287748,Estimación adecuada
Guaynabo,2020-2024,1,77.36899877443203,77.73037593296192,76.95358900537654,78.38059400933471,Estimación adecuada
Guaynabo,2020-2024,2,86.85241919025239,86.77227339868693,85.66793843385483,88.13435540024904,Estimación adecuada
Gurabo,1980-1984,1,72.10043466021938,72.09563144319026,70.78266088853994,73.3287970704125,Estimación adecuada
Gurabo,1980-1984,2,77.21298943234298,77.88741576761541,76.82092802733823,79.03399848761973,Estimación adecuada
Gurabo,1985-1989,1,72.09864341259255,72.11988247504331,70.84273097690212,73.15244025472079,Estimación adecuada
Gurabo,1985-1989,2,77.8398018609633,78.26665846545109,77.01703989888964,79.25447336906316,Estimación adecuada
Gurabo,1990-1994,1,70.06358422124045,70.81304530670889,69.67894041555408,71.69221471603123,Estimación adecuada
Gurabo,1990-1994,2,78.93586566639772,79.07945857516302,77.59780484080252,80.26289251450815,Estimación adecuada
Gurabo,1995-1999,1,72.62979875914179,72.41029870667525,71.44689378428339,73.46393637265774,Estimación adecuada
Gurabo,1995-1999,2,78.37596544908041,78.79423101223863,77.67907338326367,80.3186065666886,Estimación adecuada
Gurabo,2000-2004,1,73.72455425616528,73.92924580505513,73.16622423682773,74.84532293761063,Estimación adecuada
Gurabo,2000-2004,2,82.16347596555322,81.68999105204469,80.39522762896644,82.99230566403898,Estimación adecuada
Gurabo,2005-2009,1,75.38673648949066,75.69476377222969,74.11056258427695,76.68732271660441,Estimación adecuada
Gurabo,2005-2009,2,82.71710063140857,82.3673447839806,81.17774317188892,83.74183551316784,Estimación adecuada
Gurabo,2010-2014,1,75.74184183502216,76.22060961979449,75.23578811489828,77.19319218074448,Estimación adecuada
Gurabo,2010-2014,2,83.66012445857518,83.4291870317969,82.50883655896982,84.70193020794876,Estimación adecuada
Gurabo,2015-2019,1,77.8265562961926,77.87757500455356,76.98249393762819,79.27346074024055,Estimación adecuada
Gurabo,2015-2019,2,86.3751275135532,85.81011323410749,84.40728180253903,87.85585341079693,Estimación adecuada
Gurabo,2020-2024,1,78.15083490626833,77.79099100604353,76.78106847524397,78.87255025551553,Estimación adecuada
Gurabo,2020-2024,2,85.11563140762924,84.91722156485434,83.54254905916315,86.25159895612067,Estimación adecuada
Hatillo,1980-1984,1,71.99152036613721,72.3639550260207,71.35451273777923,73.44610318615842,Estimación adecuada
Hatillo,1980-1984,2,78.98029869315721,79.0072295519488,77.93783766398894,80.24633861534969,Estimación adecuada
Hatillo,1985-1989,1,72.73472078364017,72.58322777167217,71.36227615792038,73.57795594269848,Estimación adecuada
Hatillo,1985-1989,2,79.3946439963692,79.26829075726009,78.20105443952008,80.89022471539904,Estimación adecuada
Hatillo,1990-1994,1,72.29984231740123,72.1316467582231,71.30201721162419,73.1490857349574,Estimación adecuada
Hatillo,1990-1994,2,78.56900864145169,78.51706669939551,77.75546507426048,79.6689709512191,Estimación adecuada
Hatillo,1995-1999,1,72.51848608651568,72.27221119314555,71.05709928883505,72.99589921852564,Estimación adecuada
Hatillo,1995-1999,2,78.33281615395789,78.60939194571236,77.42555597074036,79.66451105258939,Estimación adecuada
Hatillo,2000-2004,1,74.45467151298739,74.13102811488434,73.09654565795134,74.95649506486112,Estimación adecuada
Hatillo,2000-2004,2,80.50637914886045,80.53781272180024,79.3732849477077,81.86367019596939,Estimación adecuada
Hatillo,2005-2009,1,75.716455247936,75.16683114551057,74.36699006066209,76.30111365318753,Estimación adecuada
Hatillo,2005-2009,2,81.90357972932111,81.96734802770187,80.49005554222308,83.20254262700718,Estimación adecuada
Hatillo,2010-2014,1,77.71502056183984,77.04290390623044,76.20252060472812,77.923014812103375,Estimación adecuada
Hatillo,2010-2014,2,83.87031312176077,83.72066128215324,82.3736683275038,85.11964330377813,Estimación adecuada
Hatillo,2015-2019,1,79.67724729389148,78.93996912634003,77.64029456504878,80.07894965548888,Estimación adecuada
Hatillo,2015-2019,2,84.8340375951111,84.68671695323079,83.18909169787344,85.69217788916669,Estimación adecuada
Hatillo,2020-2024,1,78.47632497278813,78.12178300670641,77.01630818409456,79.18097845421167,Estimación adecuada
Hatillo,2020-2024,2,86.14610937096411,85.23940544656772,84.22339095214727,86.6810025263679,Estimación adecuada
Hormigueros,1980-1984,1,74.05856561737721,73.58727269779655,72.07898439302878,75.19980007820857,Estimación adecuada
Hormigueros,1980-1984,2,79.84974137268951,80.01213294065002,78.44708521207036,82.09601941164468,Estimación adecuada
Hormigueros,1985-1989,1,73.08737524946572,73.096935519213,71.70065448806515,74.16609482763934,Estimación adecuada
Hormigueros,1985-1989,2,77.720059693455,79.27677245880899,78.16048595283326,80.89354559747,> e0 observado
Hormigueros,1990-1994,1,74.61350802067457,73.26324622804651,71.70432827903397,74.51636396042427,< e0 observado
Hormigueros,1990-1994,2,81.39461486989455,80.79315348121442,79.3059038817839,82.28513326753198,Estimación adecuada
Hormigueros,1995-1999,1,74.87703445651638,73.5604512543089,72.39440845707287,74.62861770936203,< e0 observado
Hormigueros,1995-1999,2,80.45280069334802,80.5852191301749,79.522229574866,81.94431373319176,Estimación adecuada
Hormigueros,2000-2004,1,75.50618073944777,75.13503327933586,74.1566996941641,76.65176483016482,Estimación adecuada
Hormigueros,2000-2004,2,82.35216419393439,82.26518832588867,80.94686385799622,83.55132325622463,Estimación adecuada
Hormigueros,2005-2009,1,76.10054922666299,76.20985634038274,74.9636598803194,77.34360822271844,Estimación adecuada
Hormigueros,2005-2009,2,84.62944320284579,83.66888409677182,82.37419930359431,86.02296057276064,Estimación adecuada
Hormigueros,2010-2014,1,76.11918178416532,77.0444139413496,75.68336796524989,78.38159908351511,Estimación adecuada
Hormigueros,2010-2014,2,82.71051389712173,83.6742319699708,82.35618425740566,84.89121429534397,Estimación adecuada
Hormigueros,2015-2019,1,77.91392313609006,78.33126842600262,77.1572090844455,79.87506588345602,Estimación adecuada
Hormigueros,2015-2019,2,85.81866120513575,86.45950456218307,84.93173944517604,88.33164174785946,Estimación adecuada
Hormigueros,2020-2024,1,78.36911216509105,78.79619625397275,77.47596585521484,80.01253433542591,Estimación adecuada
Hormigueros,2020-2024,2,86.17552522276296,86.07936621672023,84.88186536604316,88.07464405453445,Estimación adecuada
Humacao,1980-1984,1,70.5825857692722,70.71270150389788,69.84425452724659,71.76753165616873,Estimación adecuada
Humacao,1980-1984,2,75.89477228552337,76.27715154976171,75.59919688492158,77.36857900289178,Estimación adecuada
Humacao,1985-1989,1,70.67071512913827,70.93290361695037,69.86749678099474,71.90231118192357,Estimación adecuada
Humacao,1985-1989,2,78.2686959539112,78.11797520771418,76.77921692301217,79.16448212005932,Estimación adecuada
Humacao,1990-1994,1,69.5996658867849,69.94327448406861,69.01397617687911,70.97702796670544,Estimación adecuada
Humacao,1990-1994,2,78.98527536141168,78.70040663019807,77.6189739040997,79.80447266589913,Estimación adecuada
Humacao,1995-1999,1,71.67034271113565,71.4227250460942,70.58791795593066,72.20676043221084,Estimación adecuada
Humacao,1995-1999,2,78.50994029948488,78.43652207167392,77.5996950556426,79.19321709893259,Estimación adecuada
Humacao,2000-2004,1,73.45461991775991,73.25812499046641,72.16192404893752,74.22770706698059,Estimación adecuada
Humacao,2000-2004,2,79.72370844675464,80.11680683325508,79.12084291096025,81.11374832406162,Estimación adecuada
Humacao,2005-2009,1,73.61846549183731,74.02057355767738,73.19657348047494,74.87034593482866,Estimación adecuada
Humacao,2005-2009,2,81.80291929231979,81.63745704102128,80.55294297579803,82.71889132401728,Estimación adecuada
Humacao,2010-2014,1,75.80326051258055,75.79597146660277,74.86631438716864,77.13973705302116,Estimación adecuada
Humacao,2010-2014,2,83.58584598942795,83.15013978258597,81.83472389689928,84.24670383567505,Estimación adecuada
Humacao,2015-2019,1,76.73868293897432,77.06328658211032,75.98340514332783,78.38580316824596,Estimación adecuada
Humacao,2015-2019,2,84.86787206578826,84.4388134514831,83.31383154699441,85.80950231499091,Estimación adecuada
Humacao,2020-2024,1,76.7404128820364,77.33818005872084,76.06900867665937,78.31124277617535,Estimación adecuada
Humacao,2020-2024,2,84.23320024535498,84.1349882373925,82.97310515113654,85.60479921731397,Estimación adecuada
Isabela,1980-1984,1,73.09738020117425,72.8686097872247,71.44967853765468,73.89359096357988,Estimación adecuada
Isabela,1980-1984,2,77.82732250278018,77.9724323365271,76.93434441147494,78.92376819115508,Estimación adecuada
Isabela,1985-1989,1,71.58083949829111,71.58678068889265,70.8197240472905,72.58721080453857,Estimación adecuada
Isabela,1985-1989,2,78.50099967900502,78.41095066350107,77.56303334708556,79.70960389802998,Estimación adecuada
Isabela,1990-1994,1,72.04751691637868,71.54646267236566,70.55519402788035,72.50855682916551,Estimación adecuada
Isabela,1990-1994,2,78.52411999469241,78.60549540177561,77.45568815692084,79.64250111935445,Estimación adecuada
Isabela,1995-1999,1,71.86251133480623,71.7254388216852,70.63430678934982,72.56038910537914,Estimación adecuada
Isabela,1995-1999,2,79.50480811685765,79.42985889476381,78.29814965929431,80.84852794133208,Estimación adecuada
Isabela,2000-2004,1,73.31643311223908,73.30794481912568,72.3672691820119,74.34420556281842,Estimación adecuada
Isabela,2000-2004,2,79.66880055796744,80.06357763161719,78.85088890192935,81.17011972561284,Estimación adecuada
Isabela,2005-2009,1,75.53006169201437,74.77106676562163,73.57689825804773,75.92957713376916,Estimación adecuada
Isabela,2005-2009,2,80.46868606139569,80.78612640984531,79.86722217660463,81.82588466549996,Estimación adecuada
Isabela,2010-2014,1,76.34597563194451,76.06710755372747,75.08787752375275,77.33080044026633,Estimación adecuada
Isabela,2010-2014,2,82.99199255121864,82.65651560886863,81.64170003824242,83.83698168734118,Estimación adecuada
Isabela,2015-2019,1,78.28631956544136,77.91173248861995,76.75187410091624,79.23758225993113,Estimación adecuada
Isabela,2015-2019,2,84.46499781522431,84.20588009864747,82.9762697829907,85.64687819196661,Estimación adecuada
Isabela,2020-2024,1,78.4449438313461,77.46496343858323,76.58742827794529,78.36830600170211,< e0 observado
Isabela,2020-2024,2,84.5443040903789,84.88654505341587,83.77258678074928,86.57576888989607,Estimación adecuada
Jayuya,1980-1984,1,71.54820346169252,71.79917878228932,70.74184925820782,73.21575507362576,Estimación adecuada
Jayuya,1980-1984,2,75.83217282493806,77.5893451518437,76.17786556819958,78.63017144319389,> e0 observado
Jayuya,1985-1989,1,71.8852739133792,71.445747296044,70.30388032832386,72.57953849776167,Estimación adecuada
Jayuya,1985-1989,2,75.89535009908417,77.51460959554905,76.02895108809449,78.96077984099608,> e0 observado
Jayuya,1990-1994,1,71.61501384784762,71.11818590011305,70.01127071412614,72.36789574372071,Estimación adecuada
Jayuya,1990-1994,2,76.60405912768893,78.59285879840212,76.97800062630864,79.93693036517212,> e0 observado
Jayuya,1995-1999,1,72.76261206753301,72.12407380352789,70.69722693238197,73.43227481292243,Estimación adecuada
Jayuya,1995-1999,2,78.02341987371618,78.71652159726497,77.56793690046118,79.9455617596397,Estimación adecuada
Jayuya,2000-2004,1,74.804694975474,73.89384696773087,72.88642444735638,74.83199369363966,Estimación adecuada
Jayuya,2000-2004,2,82.26030453801705,81.77394320529096,80.33918535642805,83.37036996200236,Estimación adecuada
Jayuya,2005-2009,1,76.29392429833622,75.41891646096607,74.23253785232666,76.93109367016103,Estimación adecuada
Jayuya,2005-2009,2,83.26574991380475,82.36437073330418,81.24367169531433,84.11253318082603,Estimación adecuada
Jayuya,2010-2014,1,77.86670993006521,77.05354442928297,75.55509949770925,78.0568106237555,Estimación adecuada
Jayuya,2010-2014,2,83.01935062086234,83.21836548575243,81.83516845212685,85.44301648068249,Estimación adecuada
Jayuya,2015-2019,1,79.09662441043547,78.20671178654158,77.149997108019,80.00496967976764,Estimación adecuada
Jayuya,2015-2019,2,86.09536520292535,85.89916727671647,83.64262426955615,87.80270163192708,Estimación adecuada
Jayuya,2020-2024,1,80.33778345942193,79.31387135091458,77.76439435794163,80.98959563520945,Estimación adecuada
Jayuya,2020-2024,2,86.05790395955583,85.60234677077065,83.63089290270625,88.20852788702095,Estimación adecuada
Juana Diaz,1980-1984,1,71.10192241498234,70.91733536004149,70.03893385459978,72.09168123519557,Estimación adecuada
Juana Diaz,1980-1984,2,76.03760260059694,76.69156000816858,75.46855697437874,77.83855372793684,Estimación adecuada
Juana Diaz,1985-1989,1,70.59066146569734,70.73199003855515,69.77422749285896,71.46873598753601,Estimación adecuada
Juana Diaz,1985-1989,2,77.72376003285235,77.8962079583829,77.07486803369713,78.96983216834947,Estimación adecuada
Juana Diaz,1990-1994,1,70.59462619152536,70.62278030032417,69.7225416935819,71.57708828712379,Estimación adecuada
Juana Diaz,1990-1994,2,77.80758248720088,78.02708439073814,77.15182527266012,78.8441325516647,Estimación adecuada
Juana Diaz,1995-1999,1,70.63826210363754,70.70971698328647,69.83002847814114,71.67863273110751,Estimación adecuada
Juana Diaz,1995-1999,2,78.23721855538598,78.3423235476823,77.5362635229306,79.33482221161287,Estimación adecuada
Juana Diaz,2000-2004,1,72.42010194033638,72.70904731390596,71.94723281658288,73.48305024333004,Estimación adecuada
Juana Diaz,2000-2004,2,80.07095731748443,80.0002599582857,78.89268721974011,81.25594579113785,Estimación adecuada
Juana Diaz,2005-2009,1,74.09224072675535,74.4347614680168,73.16406701575237,75.3352854029873,Estimación adecuada
Juana Diaz,2005-2009,2,81.70478408921699,81.4608141333661,80.22917099512875,82.85797836043939,Estimación adecuada
Juana Diaz,2010-2014,1,75.9826744595313,75.92273861984823,75.00285465434101,76.89227350295485,Estimación adecuada
Juana Diaz,2010-2014,2,82.91141974537285,82.75989896732254,81.77797940125548,84.09595181248704,Estimación adecuada
Juana Diaz,2015-2019,1,77.47564533192441,77.35842342394815,76.49064295366597,78.26213177343875,Estimación adecuada
Juana Diaz,2015-2019,2,86.60689455981232,85.72090042806641,84.18536224785052,87.00952590340289,Estimación adecuada
Juana Diaz,2020-2024,1,76.12481522857757,76.55972272355743,75.67312224638908,77.70215378621054,Estimación adecuada
Juana Diaz,2020-2024,2,86.097235731947,85.2866790846993,83.89450109826873,86.81782478751269,Estimación adecuada
Juncos,1980-1984,1,70.48329740971728,70.81993549857202,69.6269064500087,71.94598787229086,Estimación adecuada
Juncos,1980-1984,2,77.17475536145652,77.17794720628986,76.18029082499609,78.36002935030693,Estimación adecuada
Juncos,1985-1989,1,69.32349287604664,70.0482116049376,68.86678193045934,71.02398756773422,Estimación adecuada
Juncos,1985-1989,2,77.84087141019062,77.50983833509855,76.42354565393407,78.57721355434583,Estimación adecuada
Juncos,1990-1994,1,69.2631438714559,69.86834802626879,68.64053995724932,70.57395770958291,Estimación adecuada
Juncos,1990-1994,2,78.64376251745607,78.39912309216035,77.45720812758199,79.5453549179233,Estimación adecuada
Juncos,1995-1999,1,70.43259716290989,70.49206118983196,69.44943436882613,71.28228448275156,Estimación adecuada
Juncos,1995-1999,2,78.88321244236762,78.81972730263277,77.62657449879958,79.8784967581461,Estimación adecuada
Juncos,2000-2004,1,73.50676785386433,73.25069676622952,72.16007572799802,74.16621888397698,Estimación adecuada
Juncos,2000-2004,2,80.82760129992721,80.36703526213988,79.26011646820963,81.50797136731555,Estimación adecuada
Juncos,2005-2009,1,72.5823719234395,73.07567604431188,72.01427924455533,74.31764772546137,Estimación adecuada
Juncos,2005-2009,2,80.29148928265258,80.55747150148497,79.5919311864817,81.54998355932821,Estimación adecuada
Juncos,2010-2014,1,74.05814861532623,74.72748195860967,73.53361988629919,75.89083686939837,Estimación adecuada
Juncos,2010-2014,2,82.42841718245144,82.44447356131745,81.42320563261255,83.97511001831953,Estimación adecuada
Juncos,2015-2019,1,76.99651467647963,76.83820981970726,75.82494902942403,77.99347673920553,Estimación adecuada
Juncos,2015-2019,2,83.23323259682593,83.59606099468414,82.49613230469409,84.97226016709934,Estimación adecuada
Juncos,2020-2024,1,76.96779959385645,76.46604497087591,75.39835822553148,77.76907536462636,Estimación adecuada
Juncos,2020-2024,2,85.00221618874696,84.26726623395359,83.08909259360543,85.91769810971768,Estimación adecuada
Lajas,1980-1984,1,72.46316902920563,71.98884344204248,70.89893962284887,73.17948565841533,Estimación adecuada
Lajas,1980-1984,2,77.35030656462365,77.99830606013877,77.0037504501193,79.10502853047291,Estimación adecuada
Lajas,1985-1989,1,73.36206024807198,72.4614711741117,71.53645364330681,73.965495474067,Estimación adecuada
Lajas,1985-1989,2,77.65847465397063,77.87665835741413,76.9974601681655,78.75363352354091,Estimación adecuada
Lajas,1990-1994,1,72.37357825429245,72.10781662927758,71.00670366974776,73.04092094454622,Estimación adecuada
Lajas,1990-1994,2,79.66328406009777,79.2284126951111,78.2093706835981,80.36078219667434,Estimación adecuada
Lajas,1995-1999,1,72.56496891931093,72.1119572997321,71.10135175777052,73.10429671916756,Estimación adecuada
Lajas,1995-1999,2,79.70456393493816,79.65143112890016,78.3091055418572,80.88406032555721,Estimación adecuada
Lajas,2000-2004,1,74.14208023792457,73.92104347660873,72.96759311897053,75.24551868117257,Estimación adecuada
Lajas,2000-2004,2,81.18752068509266,81.08254029964536,79.75899666953445,82.26383670544547,Estimación adecuada
Lajas,2005-2009,1,76.68683187769456,75.44172450293723,74.35313029858482,76.40655991152536,< e0 observado
Lajas,2005-2009,2,81.73140373208773,81.80505101268939,80.94835005201053,83.02727820425146,Estimación adecuada
Lajas,2010-2014,1,76.92095663234578,76.43465745600493,75.56727187160706,77.48094651885532,Estimación adecuada
Lajas,2010-2014,2,83.39940774512144,83.5135012825968,82.32423843705666,84.74827392770813,Estimación adecuada
Lajas,2015-2019,1,79.16417400599892,78.01263992756259,77.1170620884627,79.119280320974255,< e0 observado
Lajas,2015-2019,2,84.33383648976296,84.83177988790771,83.4027010459276,86.551390115489,Estimación adecuada
Lajas,2020-2024,1,78.13171144418277,77.50200588789062,76.64709782435162,78.61492157312193,Estimación adecuada
Lajas,2020-2024,2,85.69664696158718,85.54468672896047,84.10279048439142,87.3181271846554,Estimación adecuada
Lares,1980-1984,1,70.93967460008611,71.77090875683177,70.78671085561157,73.15235494095313,Estimación adecuada
Lares,1980-1984,2,80.07304720190548,79.66233664801938,78.45084138861341,81.12930199851594,Estimación adecuada
Lares,1985-1989,1,72.07284835603737,72.21350292678038,71.31446863422528,73.40145491718152,Estimación adecuada
Lares,1985-1989,2,80.1290633980029,79.55962100441107,78.4202218766321,80.8924644830214,Estimación adecuada
Lares,1990-1994,1,71.99408741634564,72.03933292576487,70.8498275955966,73.11455797119112,Estimación adecuada
Lares,1990-1994,2,78.72924701770712,78.9261706946894,77.89448965445033,80.25804057054405,Estimación adecuada
Lares,1995-1999,1,74.58529726703921,73.70833494017351,72.76692133509289,74.76401274410705,Estimación adecuada
Lares,1995-1999,2,81.29595428708724,80.84776513507853,79.30777997641107,82.35130575743685,Estimación adecuada
Lares,2000-2004,1,75.1110712856121,74.74023643796177,73.69806451389604,75.81265516924915,Estimación adecuada
Lares,2000-2004,2,81.70641489338435,81.69273520367148,80.42787749590846,83.2871398733306,Estimación adecuada
Lares,2005-2009,1,76.54628821621041,75.71563795625941,74.74334357531399,76.7062381941989,Estimación adecuada
Lares,2005-2009,2,82.28400989612267,82.2407318172078,81.25201690428723,83.42694923451629,Estimación adecuada
Lares,2010-2014,1,79.39080265192932,78.11351810963933,76.87131476075697,79.29059331647578,< e0 observado
Lares,2010-2014,2,82.72140750112156,82.59466875793419,81.47884938012136,83.79327431931334,Estimación adecuada
Lares,2015-2019,1,78.13032401868809,77.86227446368176,76.67401891293432,79.05267784940887,Estimación adecuada
Lares,2015-2019,2,84.42447115218202,84.6582377556774,83.34211489925721,86.03943862993654,Estimación adecuada
Lares,2020-2024,1,77.84495769277574,78.17624881623045,77.15976298653823,79.15256176679075,Estimación adecuada
Lares,2020-2024,2,84.10188803972103,84.69863227771052,83.59618347641221,85.86744208416414,Estimación adecuada
Las Marias,1980-1984,1,73.81563474744124,73.46768410970776,72.07275855443143,74.56713856924138,Estimación adecuada
Las Marias,1980-1984,2,83.88520673112671,81.23818488961962,79.07803693678528,83.36227078438401,< e0 observado
Las Marias,1985-1989,1,73.62469730038671,73.26670590842662,71.72471678263877,75.14304327453826,Estimación adecuada
Las Marias,1985-1989,2,78.14820547870697,80.05125688259074,78.42470364011498,81.89237302333677,> e0 observado
Las Marias,1990-1994,1,74.00881730690155,73.09019088446234,71.71413150112272,74.43048696156204,Estimación adecuada
Las Marias,1990-1994,2,80.22328205184604,80.8823074311097,79.04247321809618,82.65715264509106,Estimación adecuada
Las Marias,1995-1999,1,75.13206537448636,73.97281726575193,72.35631743302307,75.5538991026826,Estimación adecuada
Las Marias,1995-1999,2,81.22000339132549,81.26277474316838,79.44802989985808,82.92595132194815,Estimación adecuada
Las Marias,2000-2004,1,77.0746887546824,75.8498746680101,74.29220150895776,77.36076390578191,Estimación adecuada
Las Marias,2000-2004,2,81.22993587246654,82.98072780360025,81.17543679111071,85.15505846341492,Estimación adecuada
Las Marias,2005-2009,1,78.94241289794024,77.02132845837457,75.37843553877505,78.90163990127175,< e0 observado
Las Marias,2005-2009,2,82.45741722564793,83.50299910615719,81.56896999052611,86.28586390553812,Estimación adecuada
Las Marias,2010-2014,1,78.9874533300309,77.60720272894335,76.40462224732673,78.67726553359284,< e0 observado
Las Marias,2010-2014,2,85.68826589307865,85.05942105934078,83.2450108762566,87.74648338733638,Estimación adecuada
Las Marias,2015-2019,1,78.44180353450636,79.21248684951892,77.96967464748212,81.02213376457868,Estimación adecuada
Las Marias,2015-2019,2,86.21196447605038,86.33633614051882,84.49412418696335,88.245224598931145,Estimación adecuada
Las Marias,2020-2024,1,78.65869602395695,78.89673460413724,77.2089246527666,80.59091552500415,Estimación adecuada
Las Marias,2020-2024,2,88.4892406052294,87.45749674387108,85.22601024756212,90.03915322663985,Estimación adecuada
Las Piedras,1980-1984,1,72.46289537723118,72.58255351861575,71.16972298545937,74.03992611266133,Estimación adecuada
Las Piedras,1980-1984,2,77.65886672068534,78.22285081500357,77.14094978166355,79.39380656397273,Estimación adecuada
Las Piedras,1985-1989,1,72.61754205470727,72.18668925026492,70.85989285061456,73.3076356390034,Estimación adecuada
Las Piedras,1985-1989,2,79.00116087428613,79.052532570837,78.12367594465275,80.8123273737232,Estimación adecuada
Las Piedras,1990-1994,1,71.55978947014577,71.83184317470543,70.62567343990285,72.77680192097057,Estimación adecuada
Las Piedras,1990-1994,2,78.89365053013081,78.88687941178978,77.8695847831236,80.22524322917519,Estimación adecuada
Las Piedras,1995-1999,1,73.7555375015721,72.98311840743241,71.95816807041915,73.91773128886263,Estimación adecuada
Las Piedras,1995-1999,2,79.79933667371473,79.75001711760513,78.7809795588717,81.12313850853447,Estimación adecuada
Las Piedras,2000-2004,1,74.83778165388007,74.47006400070251,73.41880295321559,75.70226555100102,Estimación adecuada
Las Piedras,2000-2004,2,80.54014043533196,80.7631974438396,79.62561567977792,81.84248776318174,Estimación adecuada
Las Piedras,2005-2009,1,76.55584156350447,75.89137785240877,74.95289495356883,77.06618175260618,Estimación adecuada
Las Piedras,2005-2009,2,82.30870059101942,82.5301943609837,81.05305658753204,83.88623780304604,Estimación adecuada
Las Piedras,2010-2014,1,75.93351372986655,76.4370336891811,75.35251486174386,77.57813585390662,Estimación adecuada
Las Piedras,2010-2014,2,82.5650052808105,82.78405846175416,81.77908136788722,84.66334535598145,Estimación adecuada
Las Piedras,2015-2019,1,78.58935894309695,78.26253383207417,77.26478741975471,79.49962029259959,Estimación adecuada
Las Piedras,2015-2019,2,85.36076403297453,85.05916324123838,83.86849062615997,86.79030984074782,Estimación adecuada
Las Piedras,2020-2024,1,77.65607135099411,77.84936442468054,76.8321526219699,79.26782793676917,Estimación adecuada
Las Piedras,2020-2024,2,85.02534012586072,84.78701129776557,83.81129553545983,86.11810265098538,Estimación adecuada
Loiza,1980-1984,1,71.29708119790715,70.80676284627216,69.67074183238492,72.30144212627096,Estimación adecuada
Loiza,1980-1984,2,77.96280313581073,77.65553578528478,76.22971406075895,79.07886909810124,Estimación adecuada
Loiza,1985-1989,1,71.11235934077855,70.69512259161434,69.02561710604334,72.0625220510781,Estimación adecuada
Loiza,1985-1989,2,79.76441464134875,78.45461634385785,77.19939722990989,79.95598625021591,Estimación adecuada
Loiza,1990-1994,1,68.65505357436211,69.28678625295936,68.14480136319534,70.42981064233217,Estimación adecuada
Loiza,1990-1994,2,77.83527198679872,77.79192821851541,76.31270045321568,79.26616335123657,Estimación adecuada
Loiza,1995-1999,1,67.54575668322259,68.93222802460377,67.9909064677226,70.61441613745448,> e0 observado
Loiza,1995-1999,2,80.44991909621369,79.55144144220566,77.92626814670054,81.08045776989306,Estimación adecuada
Loiza,2000-2004,1,69.21795433977262,71.39118639908516,70.11853978997536,72.29598405489614,> e0 observado
Loiza,2000-2004,2,83.71722475677984,81.91082689182034,80.174229402263,83.95544070212023,Estimación adecuada
Loiza,2005-2009,1,69.49244819404063,71.90915010387022,70.93114460192643,72.98902371664701,> e0 observado
Loiza,2005-2009,2,81.62588342717608,81.29970079934319,80.11746068761796,82.65193184173071,Estimación adecuada
Loiza,2010-2014,1,72.71620374599516,74.3731322498679,73.30605119742262,75.84764170743213,> e0 observado
Loiza,2010-2014,2,83.22740715687156,82.80999757260533,81.30781077528415,84.20467114960812,Estimación adecuada
Loiza,2015-2019,1,76.42256809809959,76.66760538678886,75.39922593360271,77.84291984280296,Estimación adecuada
Loiza,2015-2019,2,84.5824309337936,84.35175431358255,82.62574503134681,86.12097993676042,Estimación adecuada
Loiza,2020-2024,1,74.30071613355503,75.77100987332534,74.48920308381064,77.10253305830558,> e0 observado
Loiza,2020-2024,2,85.89228425330265,85.10305092874322,83.42294091729615,86.69320053880799,Estimación adecuada
Luquillo,1980-1984,1,71.32237106066452,70.8869930712059,69.72704528912297,72.07799782128075,Estimación adecuada
Luquillo,1980-1984,2,96.21054523115929,79.95884808755946,77.83658814270103,81.9802937366687,< e0 observado
Luquillo,1985-1989,1,70.58391307233262,70.59341842367402,69.25440906253563,71.96566142450376,Estimación adecuada
Luquillo,1985-1989,2,75.85277823303889,76.873230481382,75.3188757434435,78.11390358419638,Estimación adecuada
Luquillo,1990-1994,1,69.78687362564875,70.06053901023137,68.37459634792404,71.08993777958104,Estimación adecuada
Luquillo,1990-1994,2,78.65540822491415,78.20442705236013,76.99526105309326,79.58005142077998,Estimación adecuada
Luquillo,1995-1999,1,68.8452914819172,69.62891820538331,68.27855086065034,71.12229689793506,Estimación adecuada
Luquillo,1995-1999,2,77.57073371934368,78.00206397061527,76.67963784923293,79.66206341736586,Estimación adecuada
Luquillo,2000-2004,1,71.56692809461026,72.08558018561669,70.91367032620768,73.047868394331,Estimación adecuada
Luquillo,2000-2004,2,80.93857359304148,80.71369054111864,79.14234969312221,82.1177945803676,Estimación adecuada
Luquillo,2005-2009,1,73.66197666420697,73.81568702309849,72.62580101399399,74.83951630385673,Estimación adecuada
Luquillo,2005-2009,2,80.16453384109046,80.53014021602752,79.41316133485279,81.95389527221803,Estimación adecuada
Luquillo,2010-2014,1,74.125398030716255,74.90179186494159,73.84663914643718,75.94698594217579,Estimación adecuada
Luquillo,2010-2014,2,83.56937802942336,82.90243521304038,81.5172513391123,84.49428651999553,Estimación adecuada
Luquillo,2015-2019,1,78.24158315716944,76.98641774658898,75.92061292238596,78.44080320308203,Estimación adecuada
Luquillo,2015-2019,2,86.16375324393148,85.14271120270135,83.31773346564361,87.16837315966687,Estimación adecuada
Luquillo,2020-2024,1,76.82778593702756,76.43005401701964,75.33773540114483,77.64510777823871,Estimación adecuada
Luquillo,2020-2024,2,84.96686508096818,84.72714340793333,82.93680621580887,86.16375537816856,Estimación adecuada
Manati,1980-1984,1,69.99769254598455,70.32390490102455,69.23794148240192,71.52314317665818,Estimación adecuada
Manati,1980-1984,2,76.91897319341017,77.01206257317341,75.8101931515393,78.14933071946157,Estimación adecuada
Manati,1985-1989,1,69.40848405753854,70.06589741529307,69.04099684317993,70.81419767495733,Estimación adecuada
Manati,1985-1989,2,78.1365208528677,77.93623035968861,76.62876901241151,79.59760667874889,Estimación adecuada
Manati,1990-1994,1,69.2350727686474,69.78690143399609,68.70536724909994,71.13429826171509,Estimación adecuada
Manati,1990-1994,2,78.13694859634435,78.08435886630932,76.97063044191886,79.30316337581937,Estimación adecuada
Manati,1995-1999,1,70.56621278613628,70.8104205933158,69.62967384613552,71.86222112087992,Estimación adecuada
Manati,1995-1999,2,78.18010801536123,78.42739151443438,77.45089683327086,79.53260833064977,Estimación adecuada
Manati,2000-2004,1,73.50599567468082,73.16291067904261,72.09733224005761,73.9240125947694,Estimación adecuada
Manati,2000-2004,2,79.92194629262801,79.96123446669702,79.00515962291044,81.03436758199274,Estimación adecuada
Manati,2005-2009,1,74.42317304268018,74.3316564294474,73.45793661620152,75.39152517480079,Estimación adecuada
Manati,2005-2009,2,81.69558612867581,81.28720180848738,80.55160542922093,82.4476878653353,Estimación adecuada
Manati,2010-2014,1,75.79949582054559,75.7182952600044,74.68885781885184,76.73956155933968,Estimación adecuada
Manati,2010-2014,2,82.46392723255101,82.11124452803533,81.26870718167737,83.26186679397154,Estimación adecuada
Manati,2015-2019,1,76.50082129222025,76.81242584537924,75.73615550781486,77.79994303964571,Estimación adecuada
Manati,2015-2019,2,84.475438458851,84.04618716791825,82.876442766264,85.16364227576511,Estimación adecuada
Manati,2020-2024,1,76.6410779362147,76.46297884666863,75.36247821556636,77.60262623545223,Estimación adecuada
Manati,2020-2024,2,84.79279277649535,84.75176572287498,83.22517863073634,85.97093145469537,Estimación adecuada
Maricao,1980-1984,1,68.60202825310121,71.50870206426491,70.3554269097148,72.99123014529431,> e0 observado
Maricao,1980-1984,2,78.09479107390814,78.9959220026866,77.33025337960513,81.00330854062634,Estimación adecuada
Maricao,1985-1989,1,74.96773339223955,72.87651686831832,71.3483706076092,74.26793896558573,< e0 observado
Maricao,1985-1989,2,78.61629942834107,79.55399088041473,77.92285474008244,81.61714668135838,Estimación adecuada
Maricao,1990-1994,1,71.6682444194189,71.65372220039808,70.09516328015559,73.31437361668064,Estimación adecuada
Maricao,1990-1994,2,78.78550594369429,79.6651151198501,78.14895624516271,82.03310326002885,Estimación adecuada
Maricao,1995-1999,1,71.33878340346546,72.02769699736211,70.35723720207642,73.39530328233758,Estimación adecuada
Maricao,1995-1999,2,78.99834861586001,80.43132592411322,78.89398187062696,82.50155958017794,Estimación adecuada
Maricao,2000-2004,1,77.71513177879466,75.2207835652575,73.62984881762634,76.93721683884266,< e0 observado
Maricao,2000-2004,2,80.22542908124814,81.61917048251382,79.5002112675028,84.08257272606872,Estimación adecuada
Maricao,2005-2009,1,77.40367339569201,75.6866202163655,74.13196109419218,77.2096766306462,< e0 observado
Maricao,2005-2009,2,82.65920888615886,83.21642043667838,81.11540857388528,85.30171691403784,Estimación adecuada
Maricao,2010-2014,1,78.78632855189304,77.25209260492599,75.65638421633972,78.60231279173173,< e0 observado
Maricao,2010-2014,2,86.34203171038145,85.19104315892295,83.15417113428688,87.90681316792603,Estimación adecuada
Maricao,2015-2019,1,75.94252949549475,78.28166378488372,76.55152245116169,79.82307883603558,> e0 observado
Maricao,2015-2019,2,88.98166952275554,86.89799135041415,84.54997874880829,89.89080284495898,Estimación adecuada
Maricao,2020-2024,1,78.97029384636113,78.29170344900814,75.92548036394768,80.37457737078464,Estimación adecuada
Maricao,2020-2024,2,84.52027651105944,84.4529536078148,82.66908186374025,86.58298764217419,Estimación adecuada
Maunabo,1980-1984,1,71.14680086853207,71.58671811308241,70.17927447820432,73.22081764575456,Estimación adecuada
Maunabo,1980-1984,2,78.1067644645637,78.59943382780037,76.70253987140289,80.30037314750318,Estimación adecuada
Maunabo,1985-1989,1,73.147546345311,71.94982858948967,70.81382490487948,73.3614683359394,Estimación adecuada
Maunabo,1985-1989,2,80.26716511735238,79.27280875399413,77.88198155968145,80.68933913550555,Estimación adecuada
Maunabo,1990-1994,1,72.41659695481867,71.99356310835867,70.48135224420385,73.46342960397698,Estimación adecuada
Maunabo,1990-1994,2,80.63599878230829,80.17492034709863,78.31031411587318,81.54465796242536,Estimación adecuada
Maunabo,1995-1999,1,71.2956058206204,71.39843591612498,70.1576508351638,72.80287294993023,Estimación adecuada
Maunabo,1995-1999,2,79.2103555170871,79.77534501306639,78.31013832146013,81.53783889125913,Estimación adecuada
Maunabo,2000-2004,1,73.80432839475543,73.91982139847002,72.75563959332771,75.05379138802252,Estimación adecuada
Maunabo,2000-2004,2,81.50289326156216,81.2208126963097,79.85008758050922,83.55950937943152,Estimación adecuada
Maunabo,2005-2009,1,74.64232752557564,74.50557797977007,73.16431756299636,75.6187447645228,Estimación adecuada
Maunabo,2005-2009,2,82.94220641756984,82.86396010715953,81.2849182362137,85.33663909475308,Estimación adecuada
Maunabo,2010-2014,1,74.8339607817344,75.54954282475006,74.530182925898,76.64609570113717,Estimación adecuada
Maunabo,2010-2014,2,84.96652627183896,84.81104801312381,82.77374124810714,87.76688132398263,Estimación adecuada
Maunabo,2015-2019,1,78.86941488241771,77.752557307133,76.44590285021496,78.92699292187186,Estimación adecuada
Maunabo,2015-2019,2,85.85027789954903,85.48387186827908,83.58228190359712,87.45637873834687,Estimación adecuada
Maunabo,2020-2024,1,73.91751745356751,76.27746467715144,74.81018451771195,77.70792097978293,> e0 observado
Maunabo,2020-2024,2,82.49945155414667,83.36549805711688,81.7581907485881,85.2458306260534,Estimación adecuada
Mayaguez,1980-1984,1,70.16347210674796,70.39827232689308,69.66378228128073,71.26838539062707,Estimación adecuada
Mayaguez,1980-1984,2,77.60512196844876,77.46101416538659,76.63093352580196,78.22023727285271,Estimación adecuada
Mayaguez,1985-1989,1,70.43422694514761,70.51313287345761,69.99753251764932,71.26409584829858,Estimación adecuada
Mayaguez,1985-1989,2,77.94340408933365,77.94639837628162,77.14216679068142,78.89820225788014,Estimación adecuada
Mayaguez,1990-1994,1,70.24642591292358,70.31378084824726,69.56877953993828,70.96602620840454,Estimación adecuada
Mayaguez,1990-1994,2,78.67215935241934,78.62279856827209,77.6664388197492,79.47865932118592,Estimación adecuada
Mayaguez,1995-1999,1,70.79228679899191,70.8496871494219,70.04230478399263,71.63953091978561,Estimación adecuada
Mayaguez,1995-1999,2,79.57023177554109,79.44444065696409,78.42859903073213,79.9872692416902,Estimación adecuada
Mayaguez,2000-2004,1,73.63502357565515,73.51457148394516,72.3450042603767,74.35099284117598,Estimación adecuada
Mayaguez,2000-2004,2,81.32752458798764,81.15926999956406,80.17353586139168,81.92097183565525,Estimación adecuada
Mayaguez,2005-2009,1,73.964942144437,73.94784774633315,72.99304082433349,74.87840811369583,Estimación adecuada
Mayaguez,2005-2009,2,81.49974889865345,81.45771217026171,80.52293265364376,82.37710321234482,Estimación adecuada
Mayaguez,2010-2014,1,74.96249416874119,74.91242291535869,74.17678166605236,75.77740977908034,Estimación adecuada
Mayaguez,2010-2014,2,82.81805760395481,82.75780861274019,81.74587250170951,83.93043110931634,Estimación adecuada
Mayaguez,2015-2019,1,77.18178911462697,77.23136452633804,76.26807990554312,78.28520254611408,Estimación adecuada
Mayaguez,2015-2019,2,85.03789447163464,85.00222390982319,83.86905933870787,86.31387513876594,Estimación adecuada
Mayaguez,2020-2024,1,76.09571809909919,76.50826852364241,75.61344665893206,77.68797192264384,Estimación adecuada
Mayaguez,2020-2024,2,84.85251261520094,85.03622113541812,83.89458770618975,86.33055327302525,Estimación adecuada
Moca,1980-1984,1,71.4786135685996,72.36020231234848,71.42805632279638,73.51698538903932,Estimación adecuada
Moca,1980-1984,2,77.57729967024727,78.54723347055665,77.08780852807199,79.70998828100417,Estimación adecuada
Moca,1985-1989,1,74.13223338906985,73.37686088369286,72.44850324826204,74.46048073340631,Estimación adecuada
Moca,1985-1989,2,78.76717836323876,78.91796136450424,77.82943727936886,80.20485880743753,Estimación adecuada
Moca,1990-1994,1,74.3861312285618,73.37743613648016,72.5064447513293,74.83528190423641,Estimación adecuada
Moca,1990-1994,2,79.3308624878243,79.46280360625809,78.53890558909009,80.79929857317741,Estimación adecuada
Moca,1995-1999,1,73.93016893221346,73.41953510663045,72.63253492052417,74.27474453110636,Estimación adecuada
Moca,1995-1999,2,79.92298518560598,79.83724535651722,78.78882610301196,80.99791394221445,Estimación adecuada
Moca,2000-2004,1,76.88913106198093,75.88477746512083,74.942464887953,76.92337444079973,Estimación adecuada
Moca,2000-2004,2,81.20152141336699,81.73314199948734,80.7578952404446,83.03447567659657,Estimación adecuada
Moca,2005-2009,1,78.23027972920576,77.07366633994127,76.35058725287827,78.20438022427639,< e0 observado
Moca,2005-2009,2,81.64729368972596,82.20864629444685,80.97730137469753,83.37641545706077,Estimación adecuada
Moca,2010-2014,1,78.39894219071823,77.80248016451988,76.68695037211825,79.01111134519573,Estimación adecuada
Moca,2010-2014,2,82.3431083414248,82.99008097654837,81.6487339638174,84.29272781311627,Estimación adecuada
Moca,2015-2019,1,78.8694231537018,78.70629257390691,77.78656645347843,79.80174382834596,Estimación adecuada
Moca,2015-2019,2,85.12050775808935,85.27509975032665,84.15887456799739,86.76259379350776,Estimación adecuada
Moca,2020-2024,1,79.51961488138421,79.07319507142776,77.93864312334252,80.35970456917045,Estimación adecuada
Moca,2020-2024,2,84.8346312351195,85.114682875927,84.0354745951458,86.46778980743626,Estimación adecuada
Morovis,1980-1984,1,72.75449760171898,72.81588719102454,71.35276691297102,74.08231879301702,Estimación adecuada
Morovis,1980-1984,2,79.58978615306602,79.6727639068938,78.03321737597338,80.88709236265404,Estimación adecuada
Morovis,1985-1989,1,73.00155031190296,72.86660297297561,71.85070558219346,74.09125209634146,Estimación adecuada
Morovis,1985-1989,2,79.18909920848031,79.22136629773681,77.90466702864018,80.64331466964421,Estimación adecuada
Morovis,1990-1994,1,74.71294088662609,73.47680286771913,72.04603176751573,74.64068400096937,< e0 observado
Morovis,1990-1994,2,79.13950712220092,79.47735144335422,78.13178283157342,80.87948823536397,Estimación adecuada
Morovis,1995-1999,1,72.82153464768288,72.77131848162797,71.72192494121168,73.77249603311773,Estimación adecuada
Morovis,1995-1999,2,80.70735984476201,80.65011170475947,79.0987099717731,82.21881882083667,Estimación adecuada
Morovis,2000-2004,1,74.10293235770516,74.52008405706326,73.42259729174258,75.72399773099616,Estimación adecuada
Morovis,2000-2004,2,82.09073872809748,82.14561627366663,80.73446743870824,83.79507331894496,Estimación adecuada
Morovis,2005-2009,1,76.91529332323657,76.03041389917749,75.08463638670554,77.29486934308754,Estimación adecuada
Morovis,2005-2009,2,83.05104709140619,82.79613827325005,81.33045424914604,84.27104532265665,Estimación adecuada
Morovis,2010-2014,1,77.08123150152963,77.28989331507283,76.33078040543882,78.45965378146656,Estimación adecuada
Morovis,2010-2014,2,83.34182688922566,83.30548109982337,81.91651003250463,85.02432287453608,Estimación adecuada
Morovis,2015-2019,1,78.96515859482,78.4035900958713,77.04868910254993,79.58981769802105,Estimación adecuada
Morovis,2015-2019,2,87.15880943526803,86.18013008362523,84.88955837260198,87.99188682288744,Estimación adecuada
Morovis,2020-2024,1,78.24581234081779,78.53749745826207,77.45986502110648,79.63027464218678,Estimación adecuada
Morovis,2020-2024,2,84.91369846953171,85.6195012315832,84.28306513019393,87.35575330637721,Estimación adecuada
Naguabo,1980-1984,1,71.84412346105835,71.45494369836521,70.12207632503927,72.7779670061472,Estimación adecuada
Naguabo,1980-1984,2,76.70981740677907,76.85955708914912,75.53786692201254,78.21216318306108,Estimación adecuada
Naguabo,1985-1989,1,70.38778077568492,70.50214907950746,69.32974930150415,71.86802613745773,Estimación adecuada
Naguabo,1985-1989,2,77.29975247108983,77.30503616988068,76.31626885891959,78.43536624323494,Estimación adecuada
Naguabo,1990-1994,1,69.935755323165,70.10246578231008,69.13167955457992,71.04088373651054,Estimación adecuada
Naguabo,1990-1994,2,77.276908615301707,77.900566075811,76.4528985266077,79.02717052274343,Estimación adecuada
Naguabo,1995-1999,1,69.72322516574484,70.26026714540707,69.24270181314871,71.43068055401005,Estimación adecuada
Naguabo,1995-1999,2,76.82881627212045,77.41781753764204,76.37603031371033,78.51268436577723,Estimación adecuada
Naguabo,2000-2004,1,72.06654411146114,72.40494006270029,71.1699797439147,73.40300627845096,Estimación adecuada
Naguabo,2000-2004,2,79.7628328934226,79.9993586331908,78.96327381839927,80.96738013066627,Estimación adecuada
Naguabo,2005-2009,1,73.7786257214367,73.8562184233351,72.35264431002433,74.95631989534985,Estimación adecuada
Naguabo,2005-2009,2,80.62404690696854,80.96312311801813,79.66554455492104,82.14027676499111,Estimación adecuada
Naguabo,2010-2014,1,75.11164062971051,74.96375912186643,73.92811438858105,76.0414088425114,Estimación adecuada
Naguabo,2010-2014,2,82.93958682980916,82.43188863014348,81.14493464182834,83.7610287017285,Estimación adecuada
Naguabo,2015-2019,1,76.26882750450046,76.20277208301678,74.78772974652006,77.26199785172852,Estimación adecuada
Naguabo,2015-2019,2,84.83022686610573,84.36876320110557,82.97755521907305,85.98416043872078,Estimación adecuada
Naguabo,2020-2024,1,77.23171232523964,76.62047000541955,75.16067186506247,77.89958252706207,Estimación adecuada
Naguabo,2020-2024,2,83.84568426869097,83.8559305631959,82.33411339978488,85.14562652238988,Estimación adecuada
Naranjito,1980-1984,1,74.98820136337291,74.02850089248435,72.8660961242175,75.60841246624275,Estimación adecuada
Naranjito,1980-1984,2,82.09597951709324,80.5741091669276,79.10472268383282,82.28184336338018,Estimación adecuada
Naranjito,1985-1989,1,74.14321504502334,73.32941120981138,72.3766841675343,74.39378825557512,Estimación adecuada
Naranjito,1985-1989,2,81.17666750110004,80.49124298670861,78.97437370222298,81.9563922710081,Estimación adecuada
Naranjito,1990-1994,1,72.65469281143537,72.71290661024477,71.5872614907995,73.83364990798194,Estimación adecuada
Naranjito,1990-1994,2,80.53672985190586,80.59913501256585,79.25589597562626,81.83721213759324,Estimación adecuada
Naranjito,1995-1999,1,71.78384170584214,72.17304082302105,71.07279182901428,73.48455061952879,Estimación adecuada
Naranjito,1995-1999,2,81.60503745588991,81.31307993367312,80.05735049238675,82.78440959248158,Estimación adecuada
Naranjito,2000-2004,1,75.02066724722975,75.02716975178302,73.78340064310967,76.28397402305986,Estimación adecuada
Naranjito,2000-2004,2,82.02786957174214,82.14153737536199,80.67306452849238,83.33483013226484,Estimación adecuada
Naranjito,2005-2009,1,75.97305227428453,76.02489958057853,74.83864413121324,77.73778731652618,Estimación adecuada
Naranjito,2005-2009,2,81.50399850212824,82.1191098842819,81.01357077713675,83.4793201941415,Estimación adecuada
Naranjito,2010-2014,1,78.20596950921359,77.53298494266495,76.34422529674424,78.90857188151307,Estimación adecuada
Naranjito,2010-2014,2,82.65441935713194,83.7478827963414,82.45341091291169,85.22339678494205,Estimación adecuada
Naranjito,2015-2019,1,79.79942567224485,79.5792780301336,78.14685575549336,80.66377186045719,Estimación adecuada
Naranjito,2015-2019,2,86.72388771081324,86.6199775289345,84.64171118661163,88.75791107505208,Estimación adecuada
Naranjito,2020-2024,1,76.58250173203983,77.48875731774106,76.52939301597773,78.669703894923515,Estimación adecuada
Naranjito,2020-2024,2,85.58645308606359,85.26702610334529,83.97756760890883,86.67758030294357,Estimación adecuada
Orocovis,1980-1984,1,73.68697408485414,73.34184561649238,72.07684302288803,74.7745150767453,Estimación adecuada
Orocovis,1980-1984,2,79.52890987399998,79.27872390652314,78.15295304208621,81.24954708977813,Estimación adecuada
Orocovis,1985-1989,1,72.86313442913975,72.58994869412602,71.3601844781133,73.74745069211949,Estimación adecuada
Orocovis,1985-1989,2,83.00284611084997,81.1355064694625,79.51449427600542,83.2209742405116,Estimación adecuada
Orocovis,1990-1994,1,70.6546043654978,71.5783466282728,70.44152608280012,72.58304321173155,Estimación adecuada
Orocovis,1990-1994,2,80.6362204849656,80.58493719138032,78.85419030716602,82.00296677670873,Estimación adecuada
Orocovis,1995-1999,1,73.6769876912186,73.03638454600224,72.1094062883,73.92908985068573,Estimación adecuada
Orocovis,1995-1999,2,79.89715435282754,80.14297917190001,78.7469312322078,81.80590026498409,Estimación adecuada
Orocovis,2000-2004,1,74.30531059061678,74.44518782585294,73.35892476616604,75.78701320314677,Estimación adecuada
Orocovis,2000-2004,2,82.76820538655008,82.48055992176165,81.20411724780075,84.41149901474404,Estimación adecuada
Orocovis,2005-2009,1,75.65599075985116,75.49321267594524,74.10396334530493,76.88310103561736,Estimación adecuada
Orocovis,2005-2009,2,81.23465089468091,81.77731997438354,80.54727747556345,83.62103743160944,Estimación adecuada
Orocovis,2010-2014,1,78.72609688729916,77.67871979889937,76.52964787685578,79.03943024900205,Estimación adecuada
Orocovis,2010-2014,2,83.46032948812696,83.58306953833181,81.70880337317621,85.29912881519414,Estimación adecuada
Orocovis,2015-2019,1,78.31348130256,78.144087009446,76.75122547605146,79.45847730987171,Estimación adecuada
Orocovis,2015-2019,2,84.96910673692186,85.3629149264874,84.06073213688414,87.0701893846805,Estimación adecuada
Orocovis,2020-2024,1,77.80883766643082,78.4588527425654,77.05434520425894,79.94379555220506,Estimación adecuada
Orocovis,2020-2024,2,84.818931044802,84.96314061101921,83.78496913399997,86.28415608656681,Estimación adecuada
Patillas,1980-1984,1,71.2919207839744,71.7672212184248,70.63957077699197,72.8690421719009,Estimación adecuada
Patillas,1980-1984,2,77.55331848134108,77.78853689322871,76.25244690057976,79.2999491008922,Estimación adecuada
Patillas,1985-1989,1,71.37552114824256,71.02644123716144,69.82520989383661,71.91638362089091,Estimación adecuada
Patillas,1985-1989,2,79.24042850774778,78.75775939368566,77.43635316581828,79.87713008453656,Estimación adecuada
Patillas,1990-1994,1,72.50760666915836,71.43879859902393,70.19850711177,72.68909450687991,Estimación adecuada
Patillas,1990-1994,2,78.396020908419,78.51878328295538,77.20492084067999,79.59854766361586,Estimación adecuada
Patillas,1995-1999,1,71.16809015939646,71.29641426343629,70.14586873802256,72.41750383701694,Estimación adecuada
Patillas,1995-1999,2,78.52476688729735,78.46459193384986,77.11782236904003,79.82072968214882,Estimación adecuada
Patillas,2000-2004,1,73.84030571885793,73.66254217195336,72.49124607504825,74.70947155874761,Estimación adecuada
Patillas,2000-2004,2,80.28524555250978,80.92249858840498,79.17619814344232,82.24704914171942,Estimación adecuada
Patillas,2005-2009,1,74.71797456893655,74.42425641069283,73.36263294721135,75.49466368669847,Estimación adecuada
Patillas,2005-2009,2,82.37229150118685,81.52840613460191,80.29861111746457,83.12841416935942,Estimación adecuada
Patillas,2010-2014,1,75.64302541877274,75.91881118311602,74.57247571156881,77.12209992290826,Estimación adecuada
Patillas,2010-2014,2,82.97344642216794,83.18457264290439,81.49579164380782,84.89844730959402,Estimación adecuada
Patillas,2015-2019,1,77.44243369136633,77.39589391531642,76.25592492074145,78.70527952690848,Estimación adecuada
Patillas,2015-2019,2,85.6246498503258,85.68451514085349,83.80934126159062,87.47948751485382,Estimación adecuada
Patillas,2020-2024,1,75.44281315111742,76.35360907739997,75.47701324504848,77.73833908758179,> e0 observado
Patillas,2020-2024,2,83.73266646624232,85.36809395110231,83.67935994312464,87.06232661373426,Estimación adecuada
Penuelas,1980-1984,1,72.35786944424058,71.66372195793116,70.55266769001967,72.75552204720614,Estimación adecuada
Penuelas,1980-1984,2,77.42169553222374,77.68268275814162,76.51384304210387,79.12736716929751,Estimación adecuada
Penuelas,1985-1989,1,72.76539154925342,71.81448244679781,70.64605066520588,72.88816995955246,Estimación adecuada
Penuelas,1985-1989,2,78.26925344407194,78.20489321883251,76.87617636526821,79.60026159525316,Estimación adecuada
Penuelas,1990-1994,1,71.6518283419231,71.08446122487004,70.03335166724966,72.23769463959249,Estimación adecuada
Penuelas,1990-1994,2,78.09730287289996,78.36508446157134,77.07308743758311,79.94970537674871,Estimación adecuada
Penuelas,1995-1999,1,72.510868008911,71.79277786317044,70.71895792665057,72.8278996690259,Estimación adecuada
Penuelas,1995-1999,2,77.85186468595465,78.64287033738577,77.542235288793,79.91105504796508,Estimación adecuada
Penuelas,2000-2004,1,73.06979986248778,73.0670457857759,72.10713013394567,74.1333082141139,Estimación adecuada
Penuelas,2000-2004,2,80.74681115313095,80.87639388637442,79.11166853167057,82.41900602759108,Estimación adecuada
Penuelas,2005-2009,1,74.32588415517952,74.25594475174162,73.09943610017469,75.70687643331887,Estimación adecuada
Penuelas,2005-2009,2,83.85447484865449,82.9404369274056,80.92706221670491,84.567860923354,Estimación adecuada
Penuelas,2010-2014,1,77.2161868060379,76.67470403108163,75.56707425445319,77.76923455795452,Estimación adecuada
Penuelas,2010-2014,2,82.37054992803499,82.4838846873442,81.03858290493855,83.67390840197389,Estimación adecuada
Penuelas,2015-2019,1,76.94988280019332,76.89604805276547,75.80518901719154,78.21272391918407,Estimación adecuada
Penuelas,2015-2019,2,83.52991574696982,83.7135482447872,82.71662789294014,85.5508349558616,Estimación adecuada
Penuelas,2020-2024,1,78.19759662594926,77.4067231649993,76.1444091059974,78.82815945361446,Estimación adecuada
Penuelas,2020-2024,2,83.13779961346445,83.62107695765776,81.9925947566228,84.93418407297693,Estimación adecuada
Ponce,1980-1984,1,70.95163851465587,70.74943589136743,69.84727586474247,71.45309161887374,Estimación adecuada
Ponce,1980-1984,2,77.90393491985162,77.708849084066685,76.98933303557192,78.37393592767924,Estimación adecuada
Ponce,1985-1989,1,68.9203720780425,69.27172494344526,68.66965341796963,70.08685525041614,Estimación adecuada
Ponce,1985-1989,2,77.3120135977883,77.37117874859945,76.71557681322574,78.1853473460563,Estimación adecuada
Ponce,1990-1994,1,68.07009878068561,68.48630028597026,67.81277271571304,69.26363098323104,Estimación adecuada
Ponce,1990-1994,2,77.70322992022793,77.90678990759187,76.85077389824103,78.79214312083698,Estimación adecuada
Ponce,1995-1999,1,68.8945019576824,69.25896494646966,68.35975120375437,69.8789033382634,Estimación adecuada
Ponce,1995-1999,2,78.64616620265484,78.47083653797213,77.7613441314432,79.35487124699083,Estimación adecuada
Ponce,2000-2004,1,71.88287158339288,71.9944777472762,71.28615851462136,72.91686035528113,Estimación adecuada
Ponce,2000-2004,2,80.17053819569584,80.00041143422834,79.19208519525984,80.96222919846662,Estimación adecuada
Ponce,2005-2009,1,72.59239776230434,72.80602451251337,72.08962185853002,73.6934608516415,Estimación adecuada
Ponce,2005-2009,2,81.60505937401689,81.4895651791222,80.59233353927158,82.33034228299019,Estimación adecuada
Ponce,2010-2014,1,74.90584213235752,74.89104980498882,74.14018914207662,75.6728093514445,Estimación adecuada
Ponce,2010-2014,2,81.84526785237594,81.9679689144953,81.06249033493899,82.6824706789971,Estimación adecuada
Ponce,2015-2019,1,75.94818443525777,76.09458339801103,75.32827636883309,76.82674122988541,Estimación adecuada
Ponce,2015-2019,2,84.573600741168,84.46161518564367,83.3466019123088,85.50849638663422,Estimación adecuada
Ponce,2020-2024,1,76.11579149445392,76.07758064842145,75.10585213867023,76.8733295789203,Estimación adecuada
Ponce,2020-2024,2,84.14984563358192,83.90960099169578,82.95723009950368,84.93661630229616,Estimación adecuada
Quebradillas,1980-1984,1,71.58047484326079,71.62587507037651,69.9204761854467,72.75627405901753,Estimación adecuada
Quebradillas,1980-1984,2,79.23938165137665,78.68356900388979,77.36759324212002,80.34405166025971,Estimación adecuada
Quebradillas,1985-1989,1,70.63546474047973,70.94527902911442,69.56485882509833,72.26401229650125,Estimación adecuada
Quebradillas,1985-1989,2,77.80764334555457,77.83643376076355,76.64957607381885,78.9585475808585,Estimación adecuada
Quebradillas,1990-1994,1,72.04068810225141,71.45940705033215,70.38333036299083,72.87067956417147,Estimación adecuada
Quebradillas,1990-1994,2,79.32174470623532,78.81519494623025,77.8624554338595,80.0417975406299,Estimación adecuada
Quebradillas,1995-1999,1,72.6294979985003,71.57350164960678,70.5542923366997,72.7835112633196,Estimación adecuada
Quebradillas,1995-1999,2,78.8521877504248,78.88029623877645,77.62427673094655,80.41409110587475,Estimación adecuada
Quebradillas,2000-2004,1,73.7512032048212,73.300883704411,72.56529674663369,74.40981866737914,Estimación adecuada
Quebradillas,2000-2004,2,79.6469691305216,80.12140327768876,78.97620022046934,80.82421627242744,Estimación adecuada
Quebradillas,2005-2009,1,76.47020212177048,75.03004485182396,73.99997829367771,76.14357317356809,< e0 observado
Quebradillas,2005-2009,2,82.57479226170335,82.36765771864707,81.12827148745066,83.67623946182081,Estimación adecuada
Quebradillas,2010-2014,1,76.84416482352526,76.355882397015,75.14131816783106,77.64740105582177,Estimación adecuada
Quebradillas,2010-2014,2,83.1643209295307,83.14554172510611,81.71463635699862,84.55411179280472,Estimación adecuada
Quebradillas,2015-2019,1,77.52581972834565,77.2074011678522,76.2544261917334,78.04438187823715,Estimación adecuada
Quebradillas,2015-2019,2,83.89036641680576,83.80136046525583,82.72922391434665,85.20283663229665,Estimación adecuada
Quebradillas,2020-2024,1,78.45741764289136,77.30691968682626,76.26373753118493,78.46918568691387,Estimación adecuada
Quebradillas,2020-2024,2,84.02514632890373,84.15763368960654,82.79285042966586,85.58590840584256,Estimación adecuada
Rincon,1980-1984,1,71.31036542846638,72.68424307403473,71.3457307526925,74.119770915845,> e0 observado
Rincon,1980-1984,2,78.23121876259756,78.78126613031367,77.29151410075161,80.37801475214516,Estimación adecuada
Rincon,1985-1989,1,72.68195818723761,72.31609878849831,71.0735751576538,73.78600935858788,Estimación adecuada
Rincon,1985-1989,2,78.13112109379762,79.02266798572055,77.6315653376744,80.43116090737912,Estimación adecuada
Rincon,1990-1994,1,74.4648266994763,73.08629986293846,71.70161931623502,74.10698496258362,< e0 observado
Rincon,1990-1994,2,79.71875830965256,79.75192298645229,78.50795833439011,81.39942399168851,Estimación adecuada
Rincon,1995-1999,1,71.81900034746621,71.9738060639599,70.68725393941077,73.10457118131971,Estimación adecuada
Rincon,1995-1999,2,80.40789038958042,80.35005257625616,78.97394379955091,81.72083542144665,Estimación adecuada
Rincon,2000-2004,1,75.07948363707658,74.89900558044984,73.52025037055388,76.13202899569939,Estimación adecuada
Rincon,2000-2004,2,82.97798833076854,82.38426207813333,80.78102811977627,83.95831495264011,Estimación adecuada
Rincon,2005-2009,1,76.37954961336743,75.71414586853845,74.44519813446432,76.92642223206161,Estimación adecuada
Rincon,2005-2009,2,80.35621164685104,81.47241743155124,80.2564847849678,83.18206733677712,Estimación adecuada
Rincon,2010-2014,1,79.61051534555456,77.83941290991204,76.661475869068,78.99376403373287,< e0 observado
Rincon,2010-2014,2,83.80210551828286,84.10671869912765,82.62743777913747,86.35645590455005,Estimación adecuada
Rincon,2015-2019,1,79.17285737161941,78.95169868569313,77.5938047289223,80.41295137145259,Estimación adecuada
Rincon,2015-2019,2,86.30943741112465,86.52000093804732,84.73766200314932,88.01523402677877,Estimación adecuada
Rincon,2020-2024,1,79.87445814115418,79.48516295253086,78.2203971438133,81.06545908353806,Estimación adecuada
Rincon,2020-2024,2,86.12132225159802,85.92787129586492,84.16989182932124,88.32896386889273,Estimación adecuada
Rio Grande,1980-1984,1,71.3105527088449,71.22271460842614,70.1069586117485,72.59022479442658,Estimación adecuada
Rio Grande,1980-1984,2,77.83383450299281,77.63590799063347,76.49103171785087,79.00135088510305,Estimación adecuada
Rio Grande,1985-1989,1,72.55792010168769,71.74113341948791,70.62303830830433,72.97686999733075,Estimación adecuada
Rio Grande,1985-1989,2,78.55898208748316,78.40247402104082,77.30281295969485,79.78620008106721,Estimación adecuada
Rio Grande,1990-1994,1,69.80664085409208,70.12366273494392,69.15588828342331,71.31680530590279,Estimación adecuada
Rio Grande,1990-1994,2,79.04176505901864,78.85286249224137,77.41362612857719,80.21976533492946,Estimación adecuada
Rio Grande,1995-1999,1,69.24216716509197,70.09627386051025,69.25362426479447,71.01704993215195,> e0 observado
Rio Grande,1995-1999,2,78.57122528721384,78.61668884945506,77.73001561349955,79.83650208248855,Estimación adecuada
Rio Grande,2000-2004,1,73.5987446256221,73.54586495428609,72.61503256959,74.34237993199821,Estimación adecuada
Rio Grande,2000-2004,2,80.92764017417291,80.86532175335616,79.84050332884502,82.57335913507656,Estimación adecuada
Rio Grande,2005-2009,1,74.74267006153134,74.767778085037,73.96333219633523,75.91612905858118,Estimación adecuada
Rio Grande,2005-2009,2,82.25371975622026,81.90917805045585,81.07231398159576,82.85377386521697,Estimación adecuada
Rio Grande,2010-2014,1,75.62464241200296,75.58703908618014,74.63159943918902,76.91997561681967,Estimación adecuada
Rio Grande,2010-2014,2,81.93516108938404,82.13356904916712,80.96622679332995,83.70729939569534,Estimación adecuada
Rio Grande,2015-2019,1,77.32038501383936,77.41906036153304,76.50144791472371,78.58352991490153,Estimación adecuada
Rio Grande,2015-2019,2,84.73128165771399,84.45967979964038,83.39163871737095,85.69859219614611,Estimación adecuada
Rio Grande,2020-2024,1,76.09079051682853,76.5448220170662,75.41033351727967,77.59025126519525,Estimación adecuada
Rio Grande,2020-2024,2,84.926262062339,85.26017127566905,83.56035372715158,86.34058809105423,Estimación adecuada
Sabana Grande,1980-1984,1,72.9426025284972,72.07761206329775,70.75056926075231,73.19326843494949,Estimación adecuada
Sabana Grande,1980-1984,2,76.79030160326008,77.52459938913452,76.32831142574818,78.96831955286828,Estimación adecuada
Sabana Grande,1985-1989,1,72.60670516660508,72.0374349533491,70.82331430569096,73.49986150037766,Estimación adecuada
Sabana Grande,1985-1989,2,79.46020484114077,78.93203846159206,77.60723897014176,80.15428169837895,Estimación adecuada
Sabana Grande,1990-1994,1,71.96878186562468,71.49529431238066,70.4874581992583,72.50389932643897,Estimación adecuada
Sabana Grande,1990-1994,2,77.52973712888554,77.90537019086491,76.8382249183617,79.0789136616508,Estimación adecuada
Sabana Grande,1995-1999,1,72.42496764545731,71.67552750798785,70.72333848803049,72.67592576903158,Estimación adecuada
Sabana Grande,1995-1999,2,77.8549110688198,78.01849329393559,77.10617765653204,79.00857684843336,Estimación adecuada
Sabana Grande,2000-2004,1,75.19081545433245,74.25328848138238,73.20110062176936,75.4534788241173,Estimación adecuada
Sabana Grande,2000-2004,2,80.1030438875019,80.4937211835564,79.37457190047965,81.66461773472997,Estimación adecuada
Sabana Grande,2005-2009,1,75.77699216646894,74.83763169594548,73.80950399015845,76.00212081619856,Estimación adecuada
Sabana Grande,2005-2009,2,80.72892003066302,81.40831149423468,80.07645967897963,82.61092092533326,Estimación adecuada
Sabana Grande,2010-2014,1,75.70526772953107,75.71236796429113,74.68853131454574,76.79962009544718,Estimación adecuada
Sabana Grande,2010-2014,2,83.30574189702419,83.02919502418683,81.9212958281926,84.61460972752184,Estimación adecuada
Sabana Grande,2015-2019,1,77.43470484017462,76.93947766113966,75.96669341648027,78.06827347383413,Estimación adecuada
Sabana Grande,2015-2019,2,83.12156944238524,83.48417780531071,82.05055951186503,84.75041353541232,Estimación adecuada
Sabana Grande,2020-2024,1,77.44105015726225,77.40141477057949,76.19612371569221,78.719411282845,Estimación adecuada
Sabana Grande,2020-2024,2,83.44790990052293,84.55521228948908,83.23064963497534,86.27448052088546,Estimación adecuada
Salinas,1980-1984,1,69.34771587119822,69.94636185934365,68.8597956450568,70.99034548741275,Estimación adecuada
Salinas,1980-1984,2,77.00356882697932,77.0736333285465,75.93102700875937,78.49950058799385,Estimación adecuada
Salinas,1985-1989,1,67.8768913469486,69.11251659508403,67.93502663513937,70.44799752745276,> e0 observado
Salinas,1985-1989,2,76.51927305162637,76.92817158759404,75.6636369663417,78.14930913413035,Estimación adecuada
Salinas,1990-1994,1,69.60135801885077,69.99980655802437,68.86894819816278,71.13606583040968,Estimación adecuada
Salinas,1990-1994,2,77.16626361655918,77.86433467882406,76.8304365078736,78.90347745056371,Estimación adecuada
Salinas,1995-1999,1,69.29023548543515,69.60848100009541,68.6673472458965,70.71371425181657,Estimación adecuada
Salinas,1995-1999,2,79.22383445714813,78.76060424839899,77.68670145489216,80.00751586406396,Estimación adecuada
Salinas,2000-2004,1,73.10253328655584,73.01304869641797,71.88021244151146,74.0442408740661,Estimación adecuada
Salinas,2000-2004,2,80.52455994892826,80.37073034156563,79.20009372505584,81.75016714037031,Estimación adecuada
Salinas,2005-2009,1,73.52822440107286,73.68004502374691,72.52818587027858,74.67790360057826,Estimación adecuada
Salinas,2005-2009,2,80.63090066219925,80.90834393934318,79.86799185787133,82.27736039335986,Estimación adecuada
Salinas,2010-2014,1,75.47743944137986,75.49234357098388,74.32223565470545,76.4401765748114,Estimación adecuada
Salinas,2010-2014,2,83.23167940762166,83.23116028158523,81.89734850376375,84.81562467590953,Estimación adecuada
Salinas,2015-2019,1,77.96635541138743,77.56020445359579,76.11476892138182,78.79554970469934,Estimación adecuada
Salinas,2015-2019,2,85.02610562554052,84.52524346757869,83.36481628637472,86.57961413636585,Estimación adecuada
Salinas,2020-2024,1,77.2752335181164,76.95924526573194,76.0183659009031,78.26749165036533,Estimación adecuada
Salinas,2020-2024,2,85.43601257393138,85.01179689431288,83.47176429527059,86.17980280092101,Estimación adecuada
San German,1980-1984,1,72.17155637189039,72.14838665182815,71.16535176562854,73.07941130415293,Estimación adecuada
San German,1980-1984,2,77.08128434206319,77.63249736573314,76.68044163265665,78.68360941135012,Estimación adecuada
San German,1985-1989,1,73.24578912339052,72.54840935755209,71.47996275264379,73.5971175205271,Estimación adecuada
San German,1985-1989,2,78.281715742411,78.33723018563771,77.38207692647379,79.48208601290403,Estimación adecuada
San German,1990-1994,1,72.47312065094486,72.01193106235147,70.99003527542374,73.09259303990947,Estimación adecuada
San German,1990-1994,2,78.88901019804138,79.18843278083942,78.22182203353702,80.43438476355234,Estimación adecuada
San German,1995-1999,1,74.17482678706041,73.11351117084143,72.04698617859987,74.16975541459885,< e0 observado
San German,1995-1999,2,78.52895052757144,79.1352244518713,77.9001585040353,80.11345945128465,Estimación adecuada
San German,2000-2004,1,75.40040785434387,74.66992930950812,73.70534381060511,75.6381222522231,Estimación adecuada
San German,2000-2004,2,81.07042973561371,81.28432155131576,80.16389024121375,82.50290596669676,Estimación adecuada
San German,2005-2009,1,75.89227383722933,75.28065100844236,74.44980387829591,76.39065248415338,Estimación adecuada
San German,2005-2009,2,81.35724022521588,81.786615386102,80.79985042616846,82.91716210874287,Estimación adecuada
San German,2010-2014,1,77.09595528241661,76.3570365269521,75.40824075267074,77.49928817518463,Estimación adecuada
San German,2010-2014,2,81.95497572147197,82.56700117667597,81.43504741486502,84.17953443775309,Estimación adecuada
San German,2015-2019,1,79.14792857398798,78.04721436634452,76.95310548664105,79.08859849673732,< e0 observado
San German,2015-2019,2,84.00023654840521,84.4518286900644,83.20441157158686,85.66618670807755,Estimación adecuada
San German,2020-2024,1,78.13234571523579,77.57726680075648,76.61313997155604,78.51762998957676,Estimación adecuada
San German,2020-2024,2,83.15333884969452,83.87062077308511,82.85797320627847,85.02159540615635,Estimación adecuada
San Juan,1980-1984,1,68.53296805880613,68.7449655930603,68.18041982862488,69.40502672018229,Estimación adecuada
San Juan,1980-1984,2,78.41781325030587,78.17335534850191,77.61627453178099,78.7457520669156,Estimación adecuada
San Juan,1985-1989,1,67.1721251731618,67.63885687410502,66.97317489664539,68.39321495389865,Estimación adecuada
San Juan,1985-1989,2,78.7093422914038,78.497947011756,77.65606920112552,79.16948078736894,Estimación adecuada
San Juan,1990-1994,1,64.70940097035053,65.49038112325277,64.82803795624322,66.29828204472122,> e0 observado
San Juan,1990-1994,2,78.53794951508831,78.53725149377652,77.902841397719,79.34197738995421,Estimación adecuada
San Juan,1995-1999,1,67.09892384379134,67.5457358013547,66.9601625303076,68.64094466743765,Estimación adecuada
San Juan,1995-1999,2,79.54091321860172,79.43809349073513,78.65725767011371,80.02891725256973,Estimación adecuada
San Juan,2000-2004,1,71.1882392973574,71.32305224179832,70.68855891535912,71.90383405261713,Estimación adecuada
San Juan,2000-2004,2,81.92921875527304,81.61961360938732,80.66797626375666,82.3989434591656,Estimación adecuada
San Juan,2005-2009,1,72.69964876784016,72.68748363716335,72.16245292697243,73.56876965782007,Estimación adecuada
San Juan,2005-2009,2,82.46547999538443,82.21346346690731,81.25915722533394,83.2164594999123,Estimación adecuada
San Juan,2010-2014,1,74.44529350870086,74.4525121469982,73.84910789639198,75.35001801465174,Estimación adecuada
San Juan,2010-2014,2,84.20463369793843,83.82790800540927,82.98726288787603,84.80861089507913,Estimación adecuada
San Juan,2015-2019,1,75.79825935426356,75.72051014918375,74.96788505383171,76.52474430360834,Estimación adecuada
San Juan,2015-2019,2,85.20819741649419,84.98157569237048,84.01155860963269,86.10729434945091,Estimación adecuada
San Juan,2020-2024,1,75.0961776592865,74.9784006049552,74.38559904837035,75.85933902811001,Estimación adecuada
San Juan,2020-2024,2,85.5777711342981,85.18089055592195,84.29609490558003,86.33924449573121,Estimación adecuada
San Lorenzo,1980-1984,1,72.42693306960642,72.42126459401383,71.27146317674217,73.43998732042883,Estimación adecuada
San Lorenzo,1980-1984,2,78.47103642037958,78.41629654091699,77.39451333423375,79.53680188444054,Estimación adecuada
San Lorenzo,1985-1989,1,70.33185072656097,71.06179752712379,69.88797518775976,72.05915457472958,Estimación adecuada
San Lorenzo,1985-1989,2,79.40389275421629,78.72956168304299,77.91285282754549,79.93292438877938,Estimación adecuada
San Lorenzo,1990-1994,1,70.49063585980457,70.81301104279638,69.81341028661674,71.78425162102118,Estimación adecuada
San Lorenzo,1990-1994,2,79.4290640327427,79.24102523776372,77.96449848684334,80.489856379825,Estimación adecuada
San Lorenzo,1995-1999,1,72.39291160482962,72.03254450669165,70.99775968405602,73.38790411809556,Estimación adecuada
San Lorenzo,1995-1999,2,78.56261721700943,78.7808197398189,77.66876360461697,79.98449217385968,Estimación adecuada
San Lorenzo,2000-2004,1,73.59466919977362,73.59972986367009,72.47983454080257,74.65076034939189,Estimación adecuada
San Lorenzo,2000-2004,2,81.14875504017053,81.050214455885,79.96494406578489,82.48209771579914,Estimación adecuada
San Lorenzo,2005-2009,1,75.07421835227707,74.91182219728998,73.95203960588591,75.9588965281811,Estimación adecuada
San Lorenzo,2005-2009,2,82.06471302858854,81.8572360116762,80.75973407101108,83.01306421468061,Estimación adecuada
San Lorenzo,2010-2014,1,76.5025430659968,76.52430844017498,75.44595245168381,77.76087967252529,Estimación adecuada
San Lorenzo,2010-2014,2,83.9183271335132,83.3619203504327,82.16800468480884,84.50730239041803,Estimación adecuada
San Lorenzo,2015-2019,1,77.43176974248166,77.90770173486392,76.6021414666065,79.38951537051534,Estimación adecuada
San Lorenzo,2015-2019,2,85.9224800651241,85.57707036973319,84.11618553736892,86.97962486398623,Estimación adecuada
San Lorenzo,2020-2024,1,77.62523479934367,77.65344593233684,76.70783569473654,78.65553711478182,Estimación adecuada
San Lorenzo,2020-2024,2,84.55625634680977,84.34140787605502,83.12851010870995,85.7853984582841,Estimación adecuada
San Sebastian,1980-1984,1,73.33683627750408,72.7439216204173,71.91988574059692,73.57626453760318,Estimación adecuada
San Sebastian,1980-1984,2,77.39216900594445,77.96703112333455,76.87911265929633,79.19826442371382,Estimación adecuada
San Sebastian,1985-1989,1,71.54106439345283,71.84599761872823,70.81843375683032,72.62470801155646,Estimación adecuada
San Sebastian,1985-1989,2,78.32567842249968,78.66242601823868,77.410578067166,79.77789724277767,Estimación adecuada
San Sebastian,1990-1994,1,72.72006609308197,72.12458262028146,71.19919265197532,73.1894901478368,Estimación adecuada
San Sebastian,1990-1994,2,78.61121244043501,78.72948646691859,77.9991882800443,79.94059165920349,Estimación adecuada
San Sebastian,1995-1999,1,73.29080325081596,72.73158401845757,71.87927074008437,73.54788724170395,Estimación adecuada
San Sebastian,1995-1999,2,79.73176179097116,79.45384763887787,78.45015164291326,80.62668308152264,Estimación adecuada
San Sebastian,2000-2004,1,74.89792147656362,74.59407269120354,73.51343078239111,75.472041156525,Estimación adecuada
San Sebastian,2000-2004,2,80.32263567678552,80.50230012176964,79.52672598032154,81.5452386732175,Estimación adecuada
San Sebastian,2005-2009,1,76.73740203137386,75.99352425944426,74.93635966611632,76.73505679887619,< e0 observado
San Sebastian,2005-2009,2,81.16929045663092,81.45250862070202,80.25683651186145,82.29314568980922,Estimación adecuada
San Sebastian,2010-2014,1,76.69546237928682,76.44182930838244,75.52142820317725,77.39525417325925,Estimación adecuada
San Sebastian,2010-2014,2,83.16134686711862,83.16011834786268,81.98059230188647,84.45051577043122,Estimación adecuada
San Sebastian,2015-2019,1,79.11780994700189,78.36447238007717,77.4358462534669,79.36622216175962,Estimación adecuada
San Sebastian,2015-2019,2,84.22340952689646,84.23950210401404,83.24610510749804,85.30484009484074,Estimación adecuada
San Sebastian,2020-2024,1,78.24142492610733,77.66028544765416,76.82320121716998,78.58170165253756,Estimación adecuada
San Sebastian,2020-2024,2,84.23065748606743,84.43218425452827,83.06963577878692,85.52472407807515,Estimación adecuada
Santa Isabel,1980-1984,1,69.7275677276356,69.46526140290752,68.65637267570908,70.53939624454983,Estimación adecuada
Santa Isabel,1980-1984,2,77.77634389040469,77.26970056581581,75.90637767271389,78.47037632539343,Estimación adecuada
Santa Isabel,1985-1989,1,69.23817247335977,69.63435714756702,68.46080040009116,70.83898747406994,Estimación adecuada
Santa Isabel,1985-1989,2,76.67908928126374,76.72448789427406,75.62915036162518,78.35454085379268,Estimación adecuada
Santa Isabel,1990-1994,1,66.65679986192235,68.25267237664028,67.10179294757353,69.33647722083703,> e0 observado
Santa Isabel,1990-1994,2,76.1627447017844,76.97114397998729,75.78822116129253,78.14874399828263,Estimación adecuada
Santa Isabel,1995-1999,1,68.83610956762453,69.45129890004102,68.13363724940686,70.80146643411709,Estimación adecuada
Santa Isabel,1995-1999,2,77.7315207882761,77.62129666335956,76.21701695346975,78.94328436037281,Estimación adecuada
Santa Isabel,2000-2004,1,69.45419232564781,70.94418044671346,69.77142279878015,71.90314529787561,> e0 observado
Santa Isabel,2000-2004,2,79.11209035669053,79.28147280143963,78.19217595807268,80.73584415453114,Estimación adecuada
Santa Isabel,2005-2009,1,72.31479005793592,72.67610488177212,71.36029757223767,73.92884246494063,Estimación adecuada
Santa Isabel,2005-2009,2,81.59418713189359,81.2636366635424,79.81991727567271,83.1200188265137,Estimación adecuada
Santa Isabel,2010-2014,1,74.62174299181574,74.97517094043448,73.67367993070724,76.00898435196683,Estimación adecuada
Santa Isabel,2010-2014,2,81.81631250475375,81.4991998120658,80.09679393248041,83.16517053052664,Estimación adecuada
Santa Isabel,2015-2019,1,75.10553816345772,75.23003084272878,73.85406865044587,76.43550711947141,Estimación adecuada
Santa Isabel,2015-2019,2,85.04929628842372,83.84009620218531,82.55061747247997,85.41931916426705,Estimación adecuada
Santa Isabel,2020-2024,1,74.53124138847394,74.98005358744555,73.90237547243996,76.2605857445666,Estimación adecuada
Santa Isabel,2020-2024,2,83.31177822878877,83.15481048621064,81.9036310715116,84.7571462733938,Estimación adecuada
Toa Alta,1980-1984,1,74.88308560050717,74.16926228675878,73.0714930091244,75.67550106155838,Estimación adecuada
Toa Alta,1980-1984,2,77.90618677933547,78.90395772228106,77.4490155605962,80.32141228139943,Estimación adecuada
Toa Alta,1985-1989,1,72.95726224514658,72.96833375168256,71.74681410609082,74.2545118267318,Estimación adecuada
Toa Alta,1985-1989,2,81.13925929884046,80.87889188331192,79.67774344846093,82.35069231420533,Estimación adecuada
Toa Alta,1990-1994,1,73.42887184415189,73.2200971670274,72.19852240461657,74.43744462166401,Estimación adecuada
Toa Alta,1990-1994,2,79.53507742661206,80.0667257667016,78.69637216440213,81.38397840366659,Estimación adecuada
Toa Alta,1995-1999,1,73.1282506155011,73.16143069878196,72.04011352385719,74.01914386490961,Estimación adecuada
Toa Alta,1995-1999,2,80.88771225273742,80.80511217153844,79.69074455767435,81.76399959769286,Estimación adecuada
Toa Alta,2000-2004,1,75.20122641401855,75.11104498936693,74.37306531768104,75.98689039554418,Estimación adecuada
Toa Alta,2000-2004,2,81.33505965208539,81.75678993239842,80.88607188266994,83.18615269475424,Estimación adecuada
Toa Alta,2005-2009,1,77.25808536131703,76.99765504830862,76.10668956724973,78.0466636609572,Estimación adecuada
Toa Alta,2005-2009,2,83.45975745150936,83.61493300165186,82.4178373666916,84.87338668018401,Estimación adecuada
Toa Alta,2010-2014,1,77.617438844306065,77.71381747662105,76.74983373012756,78.7759605034847,Estimación adecuada
Toa Alta,2010-2014,2,84.59193836320185,84.6415184414985,83.40265061582116,85.5077886404419,Estimación adecuada
Toa Alta,2015-2019,1,79.44012262836313,79.35071114062987,78.36001487170972,80.38777788329185,Estimación adecuada
Toa Alta,2015-2019,2,84.21287299648574,84.71543590882854,83.60945904219784,85.72582654930147,Estimación adecuada
Toa Alta,2020-2024,1,79.32715713141145,79.12461033903008,78.08905426441936,80.5982372349194,Estimación adecuada
Toa Alta,2020-2024,2,85.92609855770326,85.62348556407633,84.60625708020902,87.01992148289727,Estimación adecuada
Toa Baja,1980-1984,1,72.82833976912102,72.41236859587505,71.49321071174572,73.38898857974894,Estimación adecuada
Toa Baja,1980-1984,2,79.03893803233986,78.57840529606511,77.63770844412403,79.5921704260681,Estimación adecuada
Toa Baja,1985-1989,1,71.09171108702432,71.18665460840663,70.26248264800653,72.05024667800816,Estimación adecuada
Toa Baja,1985-1989,2,79.17713173148333,78.95679183575976,78.03430977069019,79.97507257535479,Estimación adecuada
Toa Baja,1990-1994,1,69.55070432606276,69.978665586145965,69.07886755062808,70.85182717478968,Estimación adecuada
Toa Baja,1990-1994,2,78.53439715581091,78.46375513848315,77.6860731503595,79.28145174344778,Estimación adecuada
Toa Baja,1995-1999,1,71.02389397781576,71.25090673919135,70.41041349245201,72.26821579158391,Estimación adecuada
Toa Baja,1995-1999,2,80.35817914633547,79.8984505616852,78.94658093367202,80.66724296293256,Estimación adecuada
Toa Baja,2000-2004,1,73.31307619356511,73.40002057141086,72.6568861578476,74.31691708821523,Estimación adecuada
Toa Baja,2000-2004,2,81.24641875534004,81.19754414312565,80.04492419335017,81.99164490451906,Estimación adecuada
Toa Baja,2005-2009,1,73.9336800218148,74.07001623722,73.26467114375154,75.00001724950322,Estimación adecuada
Toa Baja,2005-2009,2,81.29185224186539,81.3802247068464,80.46531909869154,82.46022507814526,Estimación adecuada
Toa Baja,2010-2014,1,75.63234922554786,75.70216315329489,74.72987134825058,76.62790374449136,Estimación adecuada
Toa Baja,2010-2014,2,83.19276198853512,83.12769188195298,82.2657636368896,84.17723266627092,Estimación adecuada
Toa Baja,2015-2019,1,77.07964311762419,77.05272552793365,76.23120507162085,77.92435121302762,Estimación adecuada
Toa Baja,2015-2019,2,85.28768156374481,85.11397485095456,83.81992208193046,86.2116914819648,Estimación adecuada
Toa Baja,2020-2024,1,76.06866784040614,76.29675278602386,75.38583879955561,77.1474581363639,Estimación adecuada
Toa Baja,2020-2024,2,84.82502560819063,84.81784377339355,83.43270743006063,86.09150696935095,Estimación adecuada
Trujillo Alto,1980-1984,1,73.8807661516517,73.72744026140325,72.86537256027357,74.61558240727274,Estimación adecuada
Trujillo Alto,1980-1984,2,80.45848591811597,80.12953125662894,78.88495692655104,81.55480981932686,Estimación adecuada
Trujillo Alto,1985-1989,1,72.91759611684925,73.134135642916,72.02216773280131,74.08229990542219,Estimación adecuada
Trujillo Alto,1985-1989,2,81.01563083839561,80.73590457811397,79.5030229097319,81.83144030886925,Estimación adecuada
Trujillo Alto,1990-1994,1,72.6023641348921,72.9223401224707,71.73703672905981,74.09057019375236,Estimación adecuada
Trujillo Alto,1990-1994,2,79.85175886432305,79.96106459358802,79.02830543291617,80.98944378236138,Estimación adecuada
Trujillo Alto,1995-1999,1,72.41162116159781,72.72837808853507,72.06165373269083,73.60059232167242,Estimación adecuada
Trujillo Alto,1995-1999,2,81.1916262293003,80.92994274901508,79.95896732579243,82.02636845314575,Estimación adecuada
Trujillo Alto,2000-2004,1,74.68446388601944,74.9647787388745,74.18913897703584,75.89138143168941,Estimación adecuada
Trujillo Alto,2000-2004,2,83.4119498728227,83.1605722278924,81.9748955838989,84.86898630904156,Estimación adecuada
Trujillo Alto,2005-2009,1,75.81610434260868,76.05547334852292,75.12892883656653,76.80390058639706,Estimación adecuada
Trujillo Alto,2005-2009,2,83.8431669852254,83.54962795350652,82.50928919183829,85.00864840298894,Estimación adecuada
Trujillo Alto,2010-2014,1,77.889796508644,77.81060596905581,76.87438313084671,78.86724440760813,Estimación adecuada
Trujillo Alto,2010-2014,2,85.28937280458358,85.14367764944868,83.89504085696575,86.16419476298276,Estimación adecuada
Trujillo Alto,2015-2019,1,79.537282331135,79.36355145127158,78.26557886957416,80.92177938990403,Estimación adecuada
Trujillo Alto,2015-2019,2,86.3543330403018,86.29703826755242,85.12363906421736,87.54359504455098,Estimación adecuada
Trujillo Alto,2020-2024,1,78.39208683519212,78.5028335506226,77.42167611483015,79.76445281060697,Estimación adecuada
Trujillo Alto,2020-2024,2,86.16954614436374,86.0086170361592,84.80724228161941,87.30345165184919,Estimación adecuada
Utuado,1980-1984,1,72.77455758364391,72.81583447550969,71.71677431833237,73.86846853634987,Estimación adecuada
Utuado,1980-1984,2,78.22725510627387,78.31068857074592,77.39161331636535,79.690943938074,Estimación adecuada
Utuado,1985-1989,1,72.49241351300115,72.30662677879171,71.36557874807464,73.38892153958311,Estimación adecuada
Utuado,1985-1989,2,78.55971933281447,78.68251997916883,77.73600268913859,79.55468764836121,Estimación adecuada
Utuado,1990-1994,1,73.58027996114915,72.72841653861562,71.63697129208282,73.93093603018428,Estimación adecuada
Utuado,1990-1994,2,79.15999314000904,79.05759090762375,77.98561866846867,80.06989688981882,Estimación adecuada
Utuado,1995-1999,1,73.56681994998526,72.692413308961,71.86440376711835,73.76104447325781,Estimación adecuada
Utuado,1995-1999,2,79.75811291705192,79.49973348731781,78.43453483646881,80.71011250662234,Estimación adecuada
Utuado,2000-2004,1,75.66609210920784,74.87061396269951,73.71744811836388,75.79455448802281,Estimación adecuada
Utuado,2000-2004,2,80.85296661933371,81.31573519628866,80.01648687003166,82.41384337566905,Estimación adecuada
Utuado,2005-2009,1,74.96306439444312,74.97396948507765,73.956671116041,75.93799563469695,Estimación adecuada
Utuado,2005-2009,2,81.95177865789456,82.28244772836216,80.85957128653502,83.50864047612313,Estimación adecuada
Utuado,2010-2014,1,76.45438665507135,75.92752511038796,75.19882627672902,77.09191773919963,Estimación adecuada
Utuado,2010-2014,2,83.96232047500072,83.52997731127323,82.26045612733321,85.14228144364257,Estimación adecuada
Utuado,2015-2019,1,79.0189703608258,78.70772937164128,77.8580226973838,79.91675260765021,Estimación adecuada
Utuado,2015-2019,2,85.51187374131841,85.2593115192574,84.13189491875903,86.74730338212838,Estimación adecuada
Utuado,2020-2024,1,80.22889535833663,78.89302274483148,77.61171658716026,80.29939617246501,Estimación adecuada
Utuado,2020-2024,2,86.24989014279643,85.34752954924869,83.87938518616534,86.83491507911603,Estimación adecuada
Vega Alta,1980-1984,1,73.54933326191107,72.88425623064947,71.67345643963132,74.22408961490608,Estimación adecuada
Vega Alta,1980-1984,2,78.25469326095433,78.57802971283299,77.54439901206186,80.04535820967635,Estimación adecuada
Vega Alta,1985-1989,1,72.05535344696614,72.29839511110521,71.11478479525394,73.27012706654466,Estimación adecuada
Vega Alta,1985-1989,2,78.15985935324002,78.41524435439482,77.53470894359802,79.61859415644636,Estimación adecuada
Vega Alta,1990-1994,1,70.24052329679132,71.10789734135427,69.94481818220815,72.00831581002063,Estimación adecuada
Vega Alta,1990-1994,2,79.51462054686013,79.47174830391702,78.17936229311768,80.77296948779394,Estimación adecuada
Vega Alta,1995-1999,1,71.54816531304111,71.93994794818043,70.86259668566984,73.05737900008958,Estimación adecuada
Vega Alta,1995-1999,2,79.34051049480365,79.51092055631622,78.33847767806259,80.96703789339924,Estimación adecuada
Vega Alta,2000-2004,1,74.10875011525926,74.02842828404869,72.87013578612276,75.41331625948204,Estimación adecuada
Vega Alta,2000-2004,2,81.98636550598056,81.96546507669424,80.72149021349063,83.37358563087597,Estimación adecuada
Vega Alta,2005-2009,1,74.49742104581102,74.79471285272808,73.7030754015969,76.01329545865616,Estimación adecuada
Vega Alta,2005-2009,2,82.79578771576239,82.46478828837922,81.23719498805485,83.8047619741667,Estimación adecuada
Vega Alta,2010-2014,1,76.95585105473053,76.72102619458076,75.73697046754734,77.88884946838084,Estimación adecuada
Vega Alta,2010-2014,2,84.70771205138387,84.17743263164019,83.04877098517699,85.89295069211322,Estimación adecuada
Vega Alta,2015-2019,1,79.09002086085074,78.37768607634695,77.30535047257841,79.49999570224921,Estimación adecuada
Vega Alta,2015-2019,2,84.7802332145895,84.94956239133998,83.90273451781451,86.392990232088,Estimación adecuada
Vega Alta,2020-2024,1,79.13203080104807,78.67578837283632,77.67429091392606,79.91335547750545,Estimación adecuada
Vega Alta,2020-2024,2,86.55489338482076,85.87181573022036,84.366839667936,87.43409444709069,Estimación adecuada
Vega Baja,1980-1984,1,72.17472574689376,71.82811055024203,70.76097708234109,73.04664067253862,Estimación adecuada
Vega Baja,1980-1984,2,77.45599694070792,77.29082335873306,76.17785941280432,78.2586466495325,Estimación adecuada
Vega Baja,1985-1989,1,71.32919645334727,71.3786246364767,70.39432536794595,72.3815784146405,Estimación adecuada
Vega Baja,1985-1989,2,78.37255208308184,78.29677916071344,77.43879223954491,79.56449102725628,Estimación adecuada
Vega Baja,1990-1994,1,69.34239102427848,69.85064048513388,69.07153764201236,71.02401395882805,Estimación adecuada
Vega Baja,1990-1994,2,79.81712853025799,79.40738903837551,78.2230777891494,80.64029263621777,Estimación adecuada
Vega Baja,1995-1999,1,69.8012992855458,70.19259046062177,69.3432977135787,71.19503484843904,Estimación adecuada
Vega Baja,1995-1999,2,78.73855584436626,78.54457184735084,77.64615678903785,79.69384250188375,Estimación adecuada
Vega Baja,2000-2004,1,71.71281396652604,72.18628586130765,71.28693199687204,73.173540198697,Estimación adecuada
Vega Baja,2000-2004,2,80.83940501884719,80.44161333140974,79.40791297848799,81.63795914970186,Estimación adecuada
Vega Baja,2005-2009,1,73.49107576558887,73.9259108053578,73.07821986863188,74.67214885224199,Estimación adecuada
Vega Baja,2005-2009,2,81.56225378359265,81.32394351289082,80.27504172297864,82.37956398450768,Estimación adecuada
Vega Baja,2010-2014,1,75.67293352681041,75.57071701618722,74.75292224841226,76.50041060637523,Estimación adecuada
Vega Baja,2010-2014,2,82.83225536608914,82.54078188086541,81.65129571249727,83.71092590171295,Estimación adecuada
Vega Baja,2015-2019,1,77.17186219895376,76.93458658940139,76.0790796822119,77.84432942457055,Estimación adecuada
Vega Baja,2015-2019,2,85.55300741129905,84.949476848735,83.74758895229145,86.22279761739037,Estimación adecuada
Vega Baja,2020-2024,1,76.13430187062423,76.46748883588262,75.63946165323605,77.64203254610572,Estimación adecuada
Vega Baja,2020-2024,2,85.01178406884421,84.44171574473731,83.27002822947884,85.6021646892244,Estimación adecuada
Vieques,1980-1984,1,68.44199950691873,69.34280076495519,67.89081048300356,70.88530895668238,Estimación adecuada
Vieques,1980-1984,2,79.82881030409467,77.29340241103102,76.09312477458606,78.61727681771902,< e0 observado
Vieques,1985-1989,1,68.91887213110078,69.22341588613733,67.7678227971181,70.45973797879915,Estimación adecuada
Vieques,1985-1989,2,76.64055553721266,77.12842921825897,75.44700041078791,78.76473242567016,Estimación adecuada
Vieques,1990-1994,1,70.56388701195752,69.79483158535086,68.1982171009079,71.0617423097442,Estimación adecuada
Vieques,1990-1994,2,75.61141239304689,76.90126824170488,75.51684876973269,78.4705317263037,Estimación adecuada
Vieques,1995-1999,1,67.16615206454739,68.79042892077155,67.37417963147476,70.35190080473983,> e0 observado
Vieques,1995-1999,2,77.66760098100364,78.09869004927484,76.65562744969768,79.53895964066501,Estimación adecuada
Vieques,2000-2004,1,71.06219249587082,71.65326470680452,70.32475540055725,72.9393168434384,Estimación adecuada
Vieques,2000-2004,2,79.94564055883936,79.85202947817697,78.12992821550873,81.47585799099943,Estimación adecuada
Vieques,2005-2009,1,71.86562241202772,72.79280394269621,71.60970313989185,74.06429429900547,Estimación adecuada
Vieques,2005-2009,2,82.16621766240259,81.20814616774427,79.63570992302971,82.75640313647546,Estimación adecuada
Vieques,2010-2014,1,72.38693885614644,74.43636436805912,72.88402848657918,75.76490442418316,> e0 observado
Vieques,2010-2014,2,82.20083674525317,82.30737642611422,80.70493380345097,84.64089251565179,Estimación adecuada
Vieques,2015-2019,1,75.4877148620582,76.00385865605769,74.41279093266058,78.03194567553935,Estimación adecuada
Vieques,2015-2019,2,85.60400958844576,84.01713693913544,82.02936714492577,85.8688496750176,Estimación adecuada
Vieques,2020-2024,1,70.30670126441386,75.07819887003703,73.61824697707976,76.55529900406387,> e0 observado
Vieques,2020-2024,2,82.77316856062777,82.82687796578769,81.3991661322965,84.7582489718564,Estimación adecuada
Villalba,1980-1984,1,71.31481633801816,71.75045261884449,70.54029367589442,73.04588355177961,Estimación adecuada
Villalba,1980-1984,2,77.35744616187002,78.18005464115296,76.99207626917683,79.77351248187142,Estimación adecuada
Villalba,1985-1989,1,70.68122989411242,71.08475080363706,70.08213648885987,72.15806583172034,Estimación adecuada
Villalba,1985-1989,2,78.13907330956458,78.64497261085515,77.33187285247169,80.09182703811209,Estimación adecuada
Villalba,1990-1994,1,72.3498469286644,71.76477108584521,70.68931812057983,72.79600423157987,Estimación adecuada
Villalba,1990-1994,2,79.32972359168376,79.16806525136441,77.63494607461138,80.24224600463425,Estimación adecuada
Villalba,1995-1999,1,74.12665072351581,72.80981422270557,71.57204846334969,73.95470885887894,< e0 observado
Villalba,1995-1999,2,79.94095261032771,79.60556844971732,78.38170299943863,80.84532198899997,Estimación adecuada
Villalba,2000-2004,1,75.2458813820371,74.63682912239128,73.35028592288108,75.84508596359174,Estimación adecuada
Villalba,2000-2004,2,81.24189158745828,81.11425572459359,79.899501165384,82.578384010131,Estimación adecuada
Villalba,2005-2009,1,75.22194783512566,75.12400278770376,73.94530698473989,76.19819670741266,Estimación adecuada
Villalba,2005-2009,2,82.36798582170398,82.38440952043459,80.86462633686017,83.62279802620469,Estimación adecuada
Villalba,2010-2014,1,77.83837610400042,76.77848989412419,75.46945810078958,78.02380662735693,Estimación adecuada
Villalba,2010-2014,2,82.3810963362545,82.88572465760618,81.77428762896366,84.40007716523544,Estimación adecuada
Villalba,2015-2019,1,77.83504649286684,77.77612222469457,76.53883180600016,78.8731698096907,Estimación adecuada
Villalba,2015-2019,2,84.05820533092681,84.4081380446557,83.23680471037972,86.3661787004973,Estimación adecuada
Villalba,2020-2024,1,77.24232552482837,77.13902470201558,75.95475671743858,78.62813583780577,Estimación adecuada
Villalba,2020-2024,2,85.36972299365041,85.33605710293877,83.90334732344732,87.23993713553503,Estimación adecuada
Yabucoa,1980-1984,1,71.13885114874819,71.40180993922928,70.61108875370009,72.55255141404416,Estimación adecuada
Yabucoa,1980-1984,2,77.69784172893796,77.90654600948815,76.77907829750299,79.23133254073016,Estimación adecuada
Yabucoa,1985-1989,1,71.6497165141789,71.70240750456763,70.80503524369192,72.80162520669352,Estimación adecuada
Yabucoa,1985-1989,2,78.71247157491744,78.64531978530133,77.44044180895054,79.87823268861,Estimación adecuada
Yabucoa,1990-1994,1,72.18368470754864,71.81065473701858,70.7249259757044,72.79013599117133,Estimación adecuada
Yabucoa,1990-1994,2,78.6558218625879,78.79795448538806,77.7330326494861,80.36013002967188,Estimación adecuada
Yabucoa,1995-1999,1,70.61759581589234,71.06197293482592,70.13893323294718,71.76405120489102,Estimación adecuada
Yabucoa,1995-1999,2,79.25053941807833,79.18217661227986,77.9109095850786,80.26572245057842,Estimación adecuada
Yabucoa,2000-2004,1,74.67500524731325,74.27304230296674,73.24054258715941,75.45430093117045,Estimación adecuada
Yabucoa,2000-2004,2,81.74191284227646,81.70900295571619,80.21743687524594,82.93430861298746,Estimación adecuada
Yabucoa,2005-2009,1,74.52109913218256,74.74607732094339,73.54179004023321,75.81425836221314,Estimación adecuada
Yabucoa,2005-2009,2,83.07308125246723,82.72830322190569,81.49297009997659,84.18797344321834,Estimación adecuada
Yabucoa,2010-2014,1,75.57434879024865,76.15448029509565,74.98956425618023,77.04755660473987,Estimación adecuada
Yabucoa,2010-2014,2,82.0382545268585,82.53762940582804,81.36061804295532,83.56812011303516,Estimación adecuada
Yabucoa,2015-2019,1,77.58753133123862,77.96708140551075,76.71558809941072,79.11962876844376,Estimación adecuada
Yabucoa,2015-2019,2,86.12656995324338,85.68329687390539,84.23692836961715,87.61809334852445,Estimación adecuada
Yabucoa,2020-2024,1,75.78194920338817,76.95398070451424,76.05856232184027,78.10524105899307,> e0 observado
Yabucoa,2020-2024,2,85.25611674355478,85.02710131699827,83.71221615010569,86.53244645263487,Estimación adecuada
Yauco,1980-1984,1,71.51456720078431,71.11242661836843,70.06430154688425,72.08252742169503,Estimación adecuada
Yauco,1980-1984,2,77.4589640282646,77.58875221309019,76.55971567233888,78.68773360472304,Estimación adecuada
Yauco,1985-1989,1,69.95040254168731,70.18848553973055,69.2948638291917,71.20842104369561,Estimación adecuada
Yauco,1985-1989,2,77.60208552265918,77.6064725815873,76.72872268393806,78.92310599786848,Estimación adecuada
Yauco,1990-1994,1,71.7335324052013,71.2258957325986,70.4110994945023,72.33228728301165,Estimación adecuada
Yauco,1990-1994,2,78.49054698828598,78.36398265721203,77.26454119061484,79.52304633804079,Estimación adecuada
Yauco,1995-1999,1,72.03051290197794,71.48661762657511,70.33661220144597,72.43916324956504,Estimación adecuada
Yauco,1995-1999,2,79.29391771380651,78.97055355799188,78.02608510314967,79.95850379454615,Estimación adecuada
Yauco,2000-2004,1,72.97803149863371,73.04701018837169,72.06583577584408,73.84043007533984,Estimación adecuada
Yauco,2000-2004,2,79.24854846213277,79.72582664723623,78.69397157432144,80.6597199999483,Estimación adecuada
Yauco,2005-2009,1,73.24138587908658,73.54100995543757,72.67044936426905,74.71548528380399,Estimación adecuada
Yauco,2005-2009,2,80.5594161821005,80.81742116658772,79.91425588603927,82.05809627813377,Estimación adecuada
Yauco,2010-2014,1,75.5788771965351,75.55239321801876,74.57031123047238,76.7698816770559,Estimación adecuada
Yauco,2010-2014,2,81.76032266455593,81.92479481621818,81.08990339152584,83.14453687728113,Estimación adecuada
Yauco,2015-2019,1,77.43223226793361,77.23290215290749,76.21712875368662,78.2206496561626,Estimación adecuada
Yauco,2015-2019,2,82.51620418595085,83.38427508909595,82.20210791257199,84.90719186481451,Estimación adecuada
Yauco,2020-2024,1,75.94482006846162,76.19695861516794,75.1915202634182,77.34528115477391,Estimación adecuada
Yauco,2020-2024,2,83.86986937855978,83.45460596868168,82.59419613127966,84.5118129483264,Estimación adecuada
