region,period,sex,e0_observado,e0_estimado,e0_lower,e0_upper,est_eval
Adjuntas,1980-1984,1,72.54189508802463,72.29812387729228,71.22472358310208,73.40577927709269,Estimación adecuada
Adjuntas,1980-1984,2,78.96516925394144,78.8502952973752,77.53009068863953,80.37335868037745,Estimación adecuada
Adjuntas,1985-1989,1,70.84999061728885,71.536651277077965,70.45412195206893,72.6433097893969,Estimación adecuada
Adjuntas,1985-1989,2,78.97855761762072,78.84799063473864,77.21364996318532,80.23881242278992,Estimación adecuada
Adjuntas,1990-1994,1,71.49310954038985,71.48088559521173,70.42467411188645,72.47726074596952,Estimación adecuada
Adjuntas,1990-1994,2,77.88047658335911,78.5129257091971,77.2842356129598,79.97269811949815,Estimación adecuada
Adjuntas,1995-1999,1,71.91080703113897,72.11068618337313,70.76109096870013,73.48973250892601,Estimación adecuada
Adjuntas,1995-1999,2,78.53770419818306,78.95745765066029,77.75584106618902,80.14841432479508,Estimación adecuada
Adjuntas,2000-2004,1,74.0807006063416,73.8931175260341,72.70722433475478,74.75081741460255,Estimación adecuada
Adjuntas,2000-2004,2,79.50851081175084,79.89594118725243,78.83074499112035,81.14376714033767,Estimación adecuada
Adjuntas,2005-2009,1,77.13413877724005,76.07668987924453,74.83343296683944,77.07104711324897,< e0 observado
Adjuntas,2005-2009,2,82.23262377887984,81.97137169888923,80.98955748867391,83.57077733436826,Estimación adecuada
Adjuntas,2010-2014,1,78.0170892039493,77.01721289977033,76.09292788511881,78.25731739582051,Estimación adecuada
Adjuntas,2010-2014,2,84.37542750420445,83.40133394367537,82.25937037069701,85.60561920812293,Estimación adecuada
Adjuntas,2015-2019,1,80.07122326396828,79.47359584857082,78.22763971724251,81.16465293777053,Estimación adecuada
Adjuntas,2015-2019,2,84.75780508868199,84.9302047403134,83.49297179096567,86.88136680942179,Estimación adecuada
Adjuntas,2020-2024,1,80.09050176489524,79.1537930656705,77.78574874673113,80.42850246524763,Estimación adecuada
Adjuntas,2020-2024,2,87.03883394524668,86.17739314670001,84.413962133224,88.3639767608226,Estimación adecuada
Aguada,1980-1984,1,73.2175687853255,72.93826566947847,71.7913959698993,73.99538243096654,Estimación adecuada
Aguada,1980-1984,2,76.66307974738103,77.61039970252833,76.31255632238869,78.82988858613288,Estimación adecuada
Aguada,1985-1989,1,73.21396709192831,72.94832524233274,72.08252584230553,74.1686168416294,Estimación adecuada
Aguada,1985-1989,2,77.70261010174512,77.88831610882471,76.95133117704444,79.04828976747476,Estimación adecuada
Aguada,1990-1994,1,73.47166304966473,73.03247654166924,71.93689178998974,73.88692621731812,Estimación adecuada
Aguada,1990-1994,2,79.56472305278581,79.32130999524873,78.33959640498915,80.60049660730998,Estimación adecuada
Aguada,1995-1999,1,72.96139718811193,72.71864303997108,71.79119505365591,73.5339757155215,Estimación adecuada
Aguada,1995-1999,2,78.42598214583917,78.50778126115522,77.18183335172051,79.53938159753761,Estimación adecuada
Aguada,2000-2004,1,75.7731265619719,75.2212196807055,74.06953668526123,76.08103250586589,Estimación adecuada
Aguada,2000-2004,2,80.35987918975404,80.38576175386825,79.42015178437853,81.51348278607476,Estimación adecuada
Aguada,2005-2009,1,77.6139364553716,76.47642094825183,75.63067626158131,77.52595484907009,< e0 observado
Aguada,2005-2009,2,81.487501570255,81.3107223000826,80.45554104426559,82.58915112866589,Estimación adecuada
Aguada,2010-2014,1,77.3081065450094,77.00836375436461,76.02767469924996,77.88260379321002,Estimación adecuada
Aguada,2010-2014,2,83.93649978812951,83.27610745531905,82.25575476142421,84.52928497702185,Estimación adecuada
Aguada,2015-2019,1,80.17632385200217,79.20219816659127,78.16192759975829,80.1224764469315,< e0 observado
Aguada,2015-2019,2,84.88514363026218,84.68254459069861,83.49465516920858,85.76901909369212,Estimación adecuada
Aguada,2020-2024,1,78.78968559483442,78.14983503294806,77.15794529060304,79.11771966109245,Estimación adecuada
Aguada,2020-2024,2,83.87729580688905,84.05166627726305,83.04613609060782,85.37248682259336,Estimación adecuada
Aguadilla,1980-1984,1,71.00678071372081,71.1690667795067,70.40338667828945,72.07675125439198,Estimación adecuada
Aguadilla,1980-1984,2,77.48535658677463,77.27267988570198,76.3598382907337,78.2539845064782,Estimación adecuada
Aguadilla,1985-1989,1,70.58561267446154,70.67581900703999,69.86484325223788,71.4270936012108,Estimación adecuada
Aguadilla,1985-1989,2,77.65780206154783,77.60051043201865,76.80073694879704,78.37733609756376,Estimación adecuada
Aguadilla,1990-1994,1,70.88482346377512,70.73944091800507,69.84057031297786,71.72014850176066,Estimación adecuada
Aguadilla,1990-1994,2,77.99785568547416,77.92643693120203,77.20490748460006,78.678364177665,Estimación adecuada
Aguadilla,1995-1999,1,70.78010378855268,70.71425829692618,70.12392679168926,71.39451468396156,Estimación adecuada
Aguadilla,1995-1999,2,78.16686736979354,78.00054108015397,77.41542769235573,78.67466627868245,Estimación adecuada
Aguadilla,2000-2004,1,73.78276571753028,73.32350642503165,72.70641174308051,74.05960339246474,Estimación adecuada
Aguadilla,2000-2004,2,80.45198774138778,79.86627445373755,79.09892516061453,80.54913586426284,Estimación adecuada
Aguadilla,2005-2009,1,74.34368140644376,74.10791255857444,73.25909197539889,74.85449744423502,Estimación adecuada
Aguadilla,2005-2009,2,81.18616231865005,80.81498132302335,80.05151109871886,81.68483011392675,Estimación adecuada
Aguadilla,2010-2014,1,76.10575530196566,75.56839058230494,74.75794058468807,76.23562552267398,Estimación adecuada
Aguadilla,2010-2014,2,81.66758711742574,81.53010846689264,80.86911998463978,82.33616690939706,Estimación adecuada
Aguadilla,2015-2019,1,77.5014617746831,77.02812007263407,76.00356909364208,77.84364844675932,Estimación adecuada
Aguadilla,2015-2019,2,82.99395073109925,83.45395720555774,82.72157338065946,84.28296652874391,Estimación adecuada
Aguadilla,2020-2024,1,76.52156602867669,76.47151881460668,75.7565833170877,77.5175347778736,Estimación adecuada
Aguadilla,2020-2024,2,83.20736033493193,83.26990769792033,82.4008885712238,84.19859357488895,Estimación adecuada
Aguas Buenas,1980-1984,1,70.9060601893331,71.59162426751243,70.55013129906033,72.73082212919462,Estimación adecuada
Aguas Buenas,1980-1984,2,79.20230439846388,78.88177061832249,77.78630440320475,80.19836903234332,Estimación adecuada
Aguas Buenas,1985-1989,1,71.73217429810381,71.97638636485307,70.9907553270912,72.9177687779487,Estimación adecuada
Aguas Buenas,1985-1989,2,78.66666240443578,78.77867550572412,77.5339743112452,80.1303643117076,Estimación adecuada
Aguas Buenas,1990-1994,1,71.9040754109389,71.75839768367086,70.53967146821111,73.21122065735327,Estimación adecuada
Aguas Buenas,1990-1994,2,82.01930667891538,80.70541769304695,79.51151844877839,81.8962458554911,< e0 observado
Aguas Buenas,1995-1999,1,72.03242058667273,72.2137096009154,71.16842374357442,73.23423879425268,Estimación adecuada
Aguas Buenas,1995-1999,2,79.29741471606215,79.13711106722879,78.25080166230845,80.17658754909347,Estimación adecuada
Aguas Buenas,2000-2004,1,74.50847723417229,74.4154689362685,73.03507831597278,75.51320528258006,Estimación adecuada
Aguas Buenas,2000-2004,2,81.53307661620572,81.40657405613159,80.18782894702714,82.41680524907076,Estimación adecuada
Aguas Buenas,2005-2009,1,74.76751879253902,75.12644926794968,73.84031525478098,76.4216233975211,Estimación adecuada
Aguas Buenas,2005-2009,2,83.74825554704383,83.45176806800602,82.40420224147663,84.77172035474575,Estimación adecuada
Aguas Buenas,2010-2014,1,77.07874986678003,77.52803489796449,76.14954702155848,79.08784367563858,Estimación adecuada
Aguas Buenas,2010-2014,2,83.69043751017024,84.02035031081145,82.6456078245669,85.32038781239616,Estimación adecuada
Aguas Buenas,2015-2019,1,77.12363910638715,78.0651011861219,76.89984499475037,79.22487625056361,Estimación adecuada
Aguas Buenas,2015-2019,2,86.87058779798109,86.06413769964351,84.49390048905033,87.68293850864967,Estimación adecuada
Aguas Buenas,2020-2024,1,77.71291412855061,78.18576515247386,77.01883242169049,79.41156066348564,Estimación adecuada
Aguas Buenas,2020-2024,2,86.01372227536957,85.51850141875838,84.41626144691222,86.78131643718226,Estimación adecuada
Aibonito,1980-1984,1,71.20727896829324,71.61969427804368,70.36090819370301,72.6821618224617,Estimación adecuada
Aibonito,1980-1984,2,78.10148160174786,78.3566707004063,77.09204429663943,79.55593410341336,Estimación adecuada
Aibonito,1985-1989,1,70.93804632594708,71.3187091544988,70.13749390518305,72.48698557465727,Estimación adecuada
Aibonito,1985-1989,2,79.48839408130232,79.09272204654258,77.96716842630762,80.2188724811437,Estimación adecuada
Aibonito,1990-1994,1,72.7988506012683,72.54625271343676,71.34720614889582,73.38189392899022,Estimación adecuada
Aibonito,1990-1994,2,79.2040372973333,79.1530825974845,77.77092672398356,80.15901179693788,Estimación adecuada
Aibonito,1995-1999,1,72.77760443633895,72.28985018615137,71.419509959326,73.28036110699998,Estimación adecuada
Aibonito,1995-1999,2,79.65397963842348,79.6929742489242,78.50631693353105,80.87359152663592,Estimación adecuada
Aibonito,2000-2004,1,74.39460579414155,74.0556106977008,73.23900905158503,75.02347651026551,Estimación adecuada
Aibonito,2000-2004,2,80.67825254541816,80.61906010487138,79.67054121821363,81.53791562549941,Estimación adecuada
Aibonito,2005-2009,1,74.88960349978896,74.9601746284372,73.94229344017432,76.11033445270087,Estimación adecuada
Aibonito,2005-2009,2,81.30587533973025,81.29815547401316,80.1542404014664,82.35909539567001,Estimación adecuada
Aibonito,2010-2014,1,74.15371449624436,75.5152692832227,74.54342123434489,76.54311222463171,> e0 observado
Aibonito,2010-2014,2,82.83346667872438,82.98738662993203,81.84216015758716,84.17388347257994,Estimación adecuada
Aibonito,2015-2019,1,77.00855644451337,77.72843444469892,76.36486405107516,78.75845384538485,Estimación adecuada
Aibonito,2015-2019,2,83.92589167839914,84.44658043450232,83.23291735516403,85.65566473101016,Estimación adecuada
Aibonito,2020-2024,1,79.62044145372404,79.18176262892563,77.93444635820299,80.34032285357726,Estimación adecuada
Aibonito,2020-2024,2,85.54801976071055,85.64047920288223,84.19335712122225,86.89412800386256,Estimación adecuada
Anasco,1980-1984,1,72.01460523472085,71.64881154110478,70.4763039812228,72.61348990644376,Estimación adecuada
Anasco,1980-1984,2,76.47877169471658,76.69605248179951,75.56353286158523,77.99701977671675,Estimación adecuada
Anasco,1985-1989,1,71.42888891874672,71.36610045113761,70.49314307239653,72.62600726935682,Estimación adecuada
Anasco,1985-1989,2,76.49626365968555,77.15794980863005,75.94444657760556,78.3887426222687,Estimación adecuada
Anasco,1990-1994,1,70.05228247802772,70.61460007104267,69.60883161506355,71.54733193344177,Estimación adecuada
Anasco,1990-1994,2,77.19464732684078,77.60163134852701,76.60781974442943,78.76281091142695,Estimación adecuada
Anasco,1995-1999,1,71.8503650088804,71.35519985897078,70.31881372189892,72.24176076564082,Estimación adecuada
Anasco,1995-1999,2,77.85360337047756,77.88245340784698,77.10616282325125,78.86596410589655,Estimación adecuada
Anasco,2000-2004,1,74.35938543935956,73.95899648944172,72.97146691709509,74.94054096995767,Estimación adecuada
Anasco,2000-2004,2,80.6361937434096,80.25864439468089,79.05028147486532,81.82692650977725,Estimación adecuada
Anasco,2005-2009,1,76.96481061689505,75.85921713542203,74.49177483185673,76.76304449065225,< e0 observado
Anasco,2005-2009,2,82.18483587125668,81.80257001038166,80.70584824962901,83.14753253945281,Estimación adecuada
Anasco,2010-2014,1,76.38264162433823,75.88737253341621,75.04757427678923,76.86224560209254,Estimación adecuada
Anasco,2010-2014,2,83.0792504741019,82.78154531038231,81.8370984406721,84.1027435434113,Estimación adecuada
Anasco,2015-2019,1,78.19758272547156,77.5328992805596,76.65877290786592,78.58135182525615,Estimación adecuada
Anasco,2015-2019,2,85.54315717152748,84.97193071814739,83.93671365254806,86.28265978059477,Estimación adecuada
Anasco,2020-2024,1,77.16064670152906,77.39306713238904,76.39820317608766,78.61382016217887,Estimación adecuada
Anasco,2020-2024,2,83.21756305986028,84.08831713635679,83.16785612075444,85.40548109895587,Estimación adecuada
Arecibo,1980-1984,1,70.94822313738123,70.94981430297669,70.29686381264979,71.622829209401,Estimación adecuada
Arecibo,1980-1984,2,77.54900544750468,77.28863676512836,76.57330579624704,77.92131305505461,Estimación adecuada
Arecibo,1985-1989,1,70.27186805457086,70.39623990364166,69.74702087467209,70.95795616145193,Estimación adecuada
Arecibo,1985-1989,2,77.07511338664264,77.11061933772034,76.63640210215107,77.73046899981432,Estimación adecuada
Arecibo,1990-1994,1,70.7566402122555,70.73154449374624,70.1258099233244,71.31430973709243,Estimación adecuada
Arecibo,1990-1994,2,77.82525476262934,77.84603569695474,77.06730312687782,78.59146002260165,Estimación adecuada
Arecibo,1995-1999,1,70.42422951948053,70.39408705232427,69.80994629213863,71.02165755651076,Estimación adecuada
Arecibo,1995-1999,2,77.67805190763367,77.71496587129342,77.20706834426485,78.27511498305732,Estimación adecuada
Arecibo,2000-2004,1,73.58677734329173,73.35562008413817,72.7058972067482,73.86296959004957,Estimación adecuada
Arecibo,2000-2004,2,80.17723082421405,79.78408011079696,79.06993976436182,80.40398540326807,Estimación adecuada
Arecibo,2005-2009,1,73.79746978285581,73.79888805435355,73.29863834821238,74.3677267752494,Estimación adecuada
Arecibo,2005-2009,2,80.99120726198103,80.63199261456441,80.08322466565508,81.32119210877445,Estimación adecuada
Arecibo,2010-2014,1,75.7499952369095,75.5945721882415,74.99133605453568,76.09808213166386,Estimación adecuada
Arecibo,2010-2014,2,81.99729917976788,81.72999064191183,81.16071948264653,82.28082130144467,Estimación adecuada
Arecibo,2015-2019,1,77.47760291858165,77.28138294797665,76.73123082188664,77.83850034078111,Estimación adecuada
Arecibo,2015-2019,2,84.62096334942434,84.27918692310158,83.46951878594336,85.0274238467974,Estimación adecuada
Arecibo,2020-2024,1,77.03404417797987,76.80958890442881,76.03232551374067,77.42313284834296,Estimación adecuada
Arecibo,2020-2024,2,83.99392652816302,83.73411419102938,83.08633427335698,84.29830066012951,Estimación adecuada
Arroyo,1980-1984,1,69.26197243419952,69.85817331884681,68.7821847703853,70.89752355081376,Estimación adecuada
Arroyo,1980-1984,2,77.70227943996014,77.5436365408452,76.29688062773512,78.9863543095439,Estimación adecuada
Arroyo,1985-1989,1,69.06544938666637,69.51687928612606,68.49270207965796,70.64719373134648,Estimación adecuada
Arroyo,1985-1989,2,76.53547803214356,76.49315661106068,75.2024510261464,77.74838436893555,Estimación adecuada
Arroyo,1990-1994,1,69.467701272295,69.73517874730027,68.54906132481307,71.26243276549062,Estimación adecuada
Arroyo,1990-1994,2,79.1638940521351,78.342113292167,77.23842294972454,79.58085581582885,Estimación adecuada
Arroyo,1995-1999,1,69.35840651861476,70.13077148647098,68.86455973433429,71.10097059950633,Estimación adecuada
Arroyo,1995-1999,2,77.98473955428868,77.52322504145744,76.65557230904497,78.44921901418888,Estimación adecuada
Arroyo,2000-2004,1,72.46263355278661,72.52073104596714,71.38877096008316,73.80486848684534,Estimación adecuada
Arroyo,2000-2004,2,79.49462438506767,79.4977481458481,78.22295628920776,80.68436855531964,Estimación adecuada
Arroyo,2005-2009,1,73.52924324703847,73.53315338369484,72.69368987367983,74.80907488726365,Estimación adecuada
Arroyo,2005-2009,2,81.55925566302211,81.01111314908425,79.7687478889851,82.10808152227469,Estimación adecuada
Arroyo,2010-2014,1,73.74855783813933,74.2903947642015,73.16134039939982,75.41438921501612,Estimación adecuada
Arroyo,2010-2014,2,82.70095569618667,82.18613361419096,80.98416005790908,83.65043681582557,Estimación adecuada
Arroyo,2015-2019,1,74.8566557237882,76.18163597383293,75.16499327004395,77.59577348728828,> e0 observado
Arroyo,2015-2019,2,83.0866067343545,83.34941012189242,81.85168110704402,84.92498381811583,Estimación adecuada
Arroyo,2020-2024,1,77.15040742709186,76.56317772336713,75.28814425777958,78.19266947631147,Estimación adecuada
Arroyo,2020-2024,2,82.07042233229612,83.04145663430229,81.692014987123855,84.43402167612487,Estimación adecuada
Barceloneta,1980-1984,1,69.54208697130086,70.55905494773748,69.39165035794812,71.77370029552591,Estimación adecuada
Barceloneta,1980-1984,2,77.15945709054438,77.38252922863116,75.98645385658997,79.14926741618724,Estimación adecuada
Barceloneta,1985-1989,1,72.20256138308129,72.00208936122685,70.64145137238677,73.26323197812576,Estimación adecuada
Barceloneta,1985-1989,2,78.86869640220178,78.58356718802307,77.4070712154061,80.01097740930899,Estimación adecuada
Barceloneta,1990-1994,1,71.82801102859922,71.12298320670007,69.93271561786463,72.2317674347756,Estimación adecuada
Barceloneta,1990-1994,2,79.79778456534827,79.63217174256035,78.23086454852529,81.4330122889103,Estimación adecuada
Barceloneta,1995-1999,1,69.62763398284126,70.49304047313166,69.31821096086401,71.5009037310827,Estimación adecuada
Barceloneta,1995-1999,2,78.30155980616671,78.49818605732537,77.46596948538811,79.78976406196712,Estimación adecuada
Barceloneta,2000-2004,1,74.25217285421826,73.5988237553304,72.50461301783051,74.78151493832902,Estimación adecuada
Barceloneta,2000-2004,2,80.98566728548113,80.25736331329125,79.35590451872584,81.04021716298526,Estimación adecuada
Barceloneta,2005-2009,1,75.14771749617947,74.73765714051905,73.66828621031243,75.91964706656348,Estimación adecuada
Barceloneta,2005-2009,2,83.11601404161499,82.46391667744629,80.97223627895889,83.80265221523493,Estimación adecuada
Barceloneta,2010-2014,1,75.38250616989667,75.51601651736576,74.65133235292413,76.65205501768389,Estimación adecuada
Barceloneta,2010-2014,2,83.08358460781069,82.69981562535341,81.67904695980393,84.04156673392833,Estimación adecuada
Barceloneta,2015-2019,1,79.11645760546239,77.95394807211068,76.6765807861877,79.14057555412705,Estimación adecuada
Barceloneta,2015-2019,2,85.56404930901091,84.94473543799117,83.73710876007623,87.12659153454302,Estimación adecuada
Barceloneta,2020-2024,1,75.82195956003592,75.96831830894084,75.11239271390346,76.95174655913678,Estimación adecuada
Barceloneta,2020-2024,2,84.21378427386206,84.34332317343618,83.24223982046493,85.69674847789892,Estimación adecuada
Barranquitas,1980-1984,1,71.33876197975141,71.53806086717933,70.46208285604155,72.70516277251872,Estimación adecuada
Barranquitas,1980-1984,2,77.30531169649653,77.7095391794791,76.54130550523024,78.88595195372343,Estimación adecuada
Barranquitas,1985-1989,1,71.51414892357278,71.64219161013628,70.46016707485738,72.78036629168912,Estimación adecuada
Barranquitas,1985-1989,2,77.76964050663393,78.14930917071285,76.84595884160385,79.2197559150999,Estimación adecuada
Barranquitas,1990-1994,1,70.61622752203239,71.16330178444446,70.15539101510291,72.52190807780707,Estimación adecuada
Barranquitas,1990-1994,2,80.19038720696513,79.70486186808043,78.51803828619819,80.85654781952749,Estimación adecuada
Barranquitas,1995-1999,1,71.30535167741402,70.99679109828006,69.7620951181424,72.28883345415721,Estimación adecuada
Barranquitas,1995-1999,2,77.36809189145215,78.10509088481042,76.92677229672394,79.16612091424545,Estimación adecuada
Barranquitas,2000-2004,1,73.94139576064687,73.94847662611464,72.99350502432068,75.17702478407588,Estimación adecuada
Barranquitas,2000-2004,2,80.92303201880848,80.96255043184763,79.8388044724459,82.48493917900947,Estimación adecuada
Barranquitas,2005-2009,1,75.7544247310515,75.31941364795853,74.16690362715032,76.36503896665786,Estimación adecuada
Barranquitas,2005-2009,2,83.34321773527964,82.94576823197838,81.8289667152199,84.39058497313579,Estimación adecuada
Barranquitas,2010-2014,1,75.82434696179858,75.70681622152256,74.50892989748104,76.75114009408873,Estimación adecuada
Barranquitas,2010-2014,2,83.19916348644448,83.09221266019748,81.7693487531209,84.57596515824974,Estimación adecuada
Barranquitas,2015-2019,1,78.70088384920705,78.116731354015,76.75753272938448,79.16825764781473,Estimación adecuada
Barranquitas,2015-2019,2,86.1569793140704,85.70174000029999,84.16255557944146,87.33129678656525,Estimación adecuada
Barranquitas,2020-2024,1,77.70140580259377,77.90778074680546,76.81021989446512,79.0155725397745,Estimación adecuada
Barranquitas,2020-2024,2,85.89659093832063,85.73090492736625,84.4129635069518,87.25600941163927,Estimación adecuada
Bayamon,1980-1984,1,72.04514701418194,72.07052030200606,71.45093303317262,72.5383029078371,Estimación adecuada
Bayamon,1980-1984,2,78.18054324807127,78.12956987175293,77.60767410393672,78.58448402612979,Estimación adecuada
Bayamon,1985-1989,1,71.5983747916107,71.61111405662004,71.18817904502748,72.06852426448884,Estimación adecuada
Bayamon,1985-1989,2,79.53402783138928,79.30747496142044,78.74025092484933,79.74802647378348,Estimación adecuada
Bayamon,1990-1994,1,69.4013098024391,69.62660619516848,69.20316967713858,70.03454011697497,Estimación adecuada
Bayamon,1990-1994,2,79.99809814237119,79.78475304218829,79.39493819006678,80.34085184126343,Estimación adecuada
Bayamon,1995-1999,1,70.77177966925491,70.94655045527873,70.39632730485901,71.4094974255276,Estimación adecuada
Bayamon,1995-1999,2,79.73301230251936,79.63417156628691,79.3017882277045,80.13154172921708,Estimación adecuada
Bayamon,2000-2004,1,73.5738231086305,73.56006607262086,73.13715156271385,74.04905414869214,Estimación adecuada
Bayamon,2000-2004,2,81.70891995330638,81.57148536236372,81.04977098424791,82.07771205179074,Estimación adecuada
Bayamon,2005-2009,1,74.78989094750837,74.84589630613178,74.37430439960988,75.19578116049962,Estimación adecuada
Bayamon,2005-2009,2,82.81400991090649,82.67555007042711,82.09809832978908,83.2449205058713,Estimación adecuada
Bayamon,2010-2014,1,76.39050901350164,76.34390833777468,75.93377110212009,76.88695318921066,Estimación adecuada
Bayamon,2010-2014,2,84.21195413174073,84.04761754287908,83.38681807803775,84.53550970234431,Estimación adecuada
Bayamon,2015-2019,1,77.4241342974101,77.51369455640776,76.85567213513553,77.98437128519669,Estimación adecuada
Bayamon,2015-2019,2,85.53635487807954,85.2411836974666,84.65185863017295,85.76401440651466,Estimación adecuada
Bayamon,2020-2024,1,76.28240347769595,76.36884345851466,75.9241076639412,76.93264122603793,Estimación adecuada
Bayamon,2020-2024,2,85.66531677680673,85.49717505500118,84.89659526671676,86.23552363007133,Estimación adecuada
Cabo Rojo,1980-1984,1,72.39724763936692,72.64811413927036,71.55954585754247,73.6837582354393,Estimación adecuada
Cabo Rojo,1980-1984,2,77.54158683750231,77.53051679776912,76.68816141918464,78.54929845285619,Estimación adecuada
Cabo Rojo,1985-1989,1,73.0487252974488,72.97021675059642,71.81051507292047,73.9350035137719,Estimación adecuada
Cabo Rojo,1985-1989,2,79.23917112625598,78.92990542535345,77.95891366657938,79.71743381375498,Estimación adecuada
Cabo Rojo,1990-1994,1,72.97925410251543,72.75016543244442,71.83845126013611,73.56506232027027,Estimación adecuada
Cabo Rojo,1990-1994,2,80.55409901002385,80.06294897141137,79.13713378744023,81.03938184272693,Estimación adecuada
Cabo Rojo,1995-1999,1,72.48815364764029,72.53244423006075,71.67041789027968,73.17857868366048,Estimación adecuada
Cabo Rojo,1995-1999,2,79.89647697006733,79.83052042135587,78.8373720379127,80.50719960141046,Estimación adecuada
Cabo Rojo,2000-2004,1,75.02839226790125,74.84856769763081,73.90918014036049,75.59155246654313,Estimación adecuada
Cabo Rojo,2000-2004,2,82.11872847252751,81.91392125178669,80.86801490362083,82.84335618572935,Estimación adecuada
Cabo Rojo,2005-2009,1,76.84328880547318,76.20422982351346,75.31155675004806,77.14458686673731,Estimación adecuada
Cabo Rojo,2005-2009,2,82.7883495500848,82.33278946505195,81.60926910427864,83.5115177948415,Estimación adecuada
Cabo Rojo,2010-2014,1,75.75368420461353,76.05612596931886,75.43193191194064,76.99361033393069,Estimación adecuada
Cabo Rojo,2010-2014,2,83.42815115673008,83.67673104625788,82.78794958562918,84.69947026853797,Estimación adecuada
Cabo Rojo,2015-2019,1,79.78583423632398,79.47523020859765,78.70774733881008,80.39698632299674,Estimación adecuada
Cabo Rojo,2015-2019,2,84.21493107845924,84.49573957009187,83.65044239166065,85.18712816087296,Estimación adecuada
Cabo Rojo,2020-2024,1,79.36891590464816,79.33299928865895,78.41811373420197,80.29070468206123,Estimación adecuada
Cabo Rojo,2020-2024,2,84.78014352257735,84.52649059463059,83.70324865991373,85.65057951448523,Estimación adecuada
Caguas,1980-1984,1,71.72229204508375,71.7947130642734,71.15349600334116,72.29483259188015,Estimación adecuada
Caguas,1980-1984,2,78.48100883851102,78.35319732545483,77.59311415073596,79.04724282335647,Estimación adecuada
Caguas,1985-1989,1,70.39381171255258,70.48906974789318,69.95273610277823,71.18334763640499,Estimación adecuada
Caguas,1985-1989,2,79.24402800001288,78.97435533431965,78.16453849917374,79.56847296668738,Estimación adecuada
Caguas,1990-1994,1,68.8176451180551,69.15035208641896,68.52234154732639,69.58947245542694,Estimación adecuada
Caguas,1990-1994,2,78.64358444378482,78.5947165534694,78.0052634934667,79.02654582926179,Estimación adecuada
Caguas,1995-1999,1,69.69055735609852,69.92532516847629,69.42001075267797,70.50626996998999,Estimación adecuada
Caguas,1995-1999,2,79.65612948337659,79.54164444277261,78.93635433203953,79.97427430732273,Estimación adecuada
Caguas,2000-2004,1,73.107794927577,73.23221710711486,72.57581538486646,73.75743205759146,Estimación adecuada
Caguas,2000-2004,2,81.16770684291535,80.89309097222912,80.25339631179463,81.50983450312306,Estimación adecuada
Caguas,2005-2009,1,74.70961206827913,74.66190908533294,74.17195766542795,75.08815685353535,Estimación adecuada
Caguas,2005-2009,2,83.1696138038651,83.02315763560327,82.37622472601026,83.62436398094518,Estimación adecuada
Caguas,2010-2014,1,74.58554015299133,74.90455171917586,74.19759071746782,75.41920369866695,Estimación adecuada
Caguas,2010-2014,2,83.90600489563008,83.74221223160383,83.1309919137023,84.47602469564474,Estimación adecuada
Caguas,2015-2019,1,77.12465328076702,77.27973063381292,76.66688992904281,77.79059864191532,Estimación adecuada
Caguas,2015-2019,2,84.81913360231934,84.75426022323313,84.0556270386225,85.32429166274116,Estimación adecuada
Caguas,2020-2024,1,76.29588342135226,76.35504938009319,75.67969639325649,76.79760126452,Estimación adecuada
Caguas,2020-2024,2,84.58890329073994,84.54409452776343,83.81292552536036,85.14476792574007,Estimación adecuada
Camuy,1980-1984,1,72.00953497661486,72.3139939827069,71.19689031458992,73.34760253311327,Estimación adecuada
Camuy,1980-1984,2,79.0481930632779,78.87656110696125,77.49139884160095,80.22558118073744,Estimación adecuada
Camuy,1985-1989,1,73.05563270338816,72.69950985522149,71.77940430194252,74.02645729543681,Estimación adecuada
Camuy,1985-1989,2,79.50251205629577,79.36574408247667,78.09663684919983,80.48799397354136,Estimación adecuada
Camuy,1990-1994,1,72.48592866320423,71.95572587346508,70.8424095063105,72.97555001377759,Estimación adecuada
Camuy,1990-1994,2,78.42074942707245,78.70802637090992,77.53896629699696,79.62825248413274,Estimación adecuada
Camuy,1995-1999,1,72.6730064081168,72.30477653460815,71.1734956455413,73.15045864459165,Estimación adecuada
Camuy,1995-1999,2,81.15887534595899,80.54214792120496,79.54659978606267,81.97470899946842,Estimación adecuada
Camuy,2000-2004,1,75.51776152008142,74.84009830836571,73.82476936148751,75.56213578555926,Estimación adecuada
Camuy,2000-2004,2,81.38049051623702,80.85974759164901,79.41783855550628,81.99152197533708,Estimación adecuada
Camuy,2005-2009,1,76.01134322923592,75.54091097045603,74.4897849005117,76.4636857562107,Estimación adecuada
Camuy,2005-2009,2,83.37764861657536,82.71962307266702,81.69709844911249,84.18030076628193,Estimación adecuada
Camuy,2010-2014,1,77.47114401608678,76.5010745285254,75.52218667707578,77.24267847937591,< e0 observado
Camuy,2010-2014,2,83.52117698878536,83.26176081451074,82.10477901967772,84.45545884533304,Estimación adecuada
Camuy,2015-2019,1,78.31044325410552,78.14167360569724,77.30122914743522,79.06726037829421,Estimación adecuada
Camuy,2015-2019,2,85.3683244262729,85.0812730991319,83.63333187988306,86.25148740442147,Estimación adecuada
Camuy,2020-2024,1,78.26146309261183,77.81472995471438,76.83450788027469,78.77710660246845,Estimación adecuada
Camuy,2020-2024,2,85.47114665413858,85.38818881152093,84.18000462811068,87.32415340373578,Estimación adecuada
Canovanas,1980-1984,1,73.2999178869587,72.03040716653538,70.8672346234001,73.06559373035623,< e0 observado
Canovanas,1980-1984,2,80.06188590433086,78.81391099427458,77.65114906526262,80.07818197097727,Estimación adecuada
Canovanas,1985-1989,1,71.61537365310774,71.34570196940024,70.46004967255905,72.2517234062926,Estimación adecuada
Canovanas,1985-1989,2,78.2476656338885,77.84023070464228,76.79437462422962,79.04326250649696,Estimación adecuada
Canovanas,1990-1994,1,68.47857316458972,69.35251306703381,68.31013005549556,70.3930523012875,Estimación adecuada
Canovanas,1990-1994,2,78.32395417011651,78.09904390549647,77.29982526739153,79.56838906425577,Estimación adecuada
Canovanas,1995-1999,1,67.92417601162161,68.83687438109061,67.9780353165283,69.80529907168318,> e0 observado
Canovanas,1995-1999,2,77.19866982997894,77.29808056838877,76.38377056125877,78.2995534592561,Estimación adecuada
Canovanas,2000-2004,1,71.16133588099902,71.94860115803739,70.78943166699977,72.91310661049081,Estimación adecuada
Canovanas,2000-2004,2,79.89031657445086,79.90703356599133,78.49440900213457,81.08626725848842,Estimación adecuada
Canovanas,2005-2009,1,72.03527888088188,72.94103198493144,71.8895844490348,73.88054610215502,Estimación adecuada
Canovanas,2005-2009,2,82.20274877957495,81.72316057881342,80.68547971759841,82.67976748498478,Estimación adecuada
Canovanas,2010-2014,1,73.73163177655941,74.47739242876682,73.62338485821792,75.27692283524553,Estimación adecuada
Canovanas,2010-2014,2,82.38500533806449,82.02732233308382,81.01259161760103,83.06443793592175,Estimación adecuada
Canovanas,2015-2019,1,76.47578865798283,76.84214838262731,75.81955004135604,77.87655602618776,Estimación adecuada
Canovanas,2015-2019,2,83.4705410867674,83.33434564053077,82.20284714486205,84.41899307533926,Estimación adecuada
Canovanas,2020-2024,1,75.27011547141527,75.39825134562065,74.40679311337672,76.1553381731782,Estimación adecuada
Canovanas,2020-2024,2,84.62181844092844,84.15161680581858,83.0071630795762,85.5106233667413,Estimación adecuada
Carolina,1980-1984,1,72.6794571065647,72.68394278098108,71.95284603681206,73.35324819388825,Estimación adecuada
Carolina,1980-1984,2,80.00245669766524,79.73608408801203,79.0820059826512,80.41492977737316,Estimación adecuada
Carolina,1985-1989,1,71.45905207579524,71.58295593692722,71.06240468576021,72.05515237907315,Estimación adecuada
Carolina,1985-1989,2,79.99533355118935,79.76983803696014,79.07155496480314,80.44446522832365,Estimación adecuada
Carolina,1990-1994,1,69.88961527032848,70.10496639721856,69.63819528875783,70.662655725122,Estimación adecuada
Carolina,1990-1994,2,79.19273965392165,79.27780836602544,78.73074933654084,79.87932032639628,Estimación adecuada
Carolina,1995-1999,1,70.60394767924991,70.88154930344585,70.3885310240407,71.41434522440866,Estimación adecuada
Carolina,1995-1999,2,80.17066355341139,80.09511402280637,79.63043440210247,80.60769005721286,Estimación adecuada
Carolina,2000-2004,1,73.93076115352547,74.09451031594087,73.56696063163191,74.5642024713695,Estimación adecuada
Carolina,2000-2004,2,81.94990115891812,81.69216973197865,81.29174293414064,82.23956944351367,Estimación adecuada
Carolina,2005-2009,1,74.82294831043073,74.99035894297387,74.4866125821164,75.49170548566207,Estimación adecuada
Carolina,2005-2009,2,82.93347404417227,82.80257900993047,82.23659990044678,83.36095947372314,Estimación adecuada
Carolina,2010-2014,1,75.7216623224996,76.00471673648258,75.47873712889003,76.54666855155814,Estimación adecuada
Carolina,2010-2014,2,84.32702876051525,84.16600344729378,83.57129762699364,84.94121895341154,Estimación adecuada
Carolina,2015-2019,1,78.16150181754098,78.12072595488667,77.51728699788833,78.69169220385265,Estimación adecuada
Carolina,2015-2019,2,86.31301087441426,86.05260317388267,85.3115420021636,86.8021079407672,Estimación adecuada
Carolina,2020-2024,1,78.61601699181084,78.4930241948964,77.97138856076606,79.1305037278479,Estimación adecuada
Carolina,2020-2024,2,85.92480146843513,85.55537495002065,84.91970388243055,86.15213433525304,Estimación adecuada
Catano,1980-1984,1,64.71158204088911,66.10092591740207,65.14784548555842,67.00142044213182,> e0 observado
Catano,1980-1984,2,75.60330232750007,75.334971983354,74.11060961797168,76.615365358956,Estimación adecuada
Catano,1985-1989,1,65.74843366392102,66.8598273258444,65.78627450469767,67.76249005647838,> e0 observado
Catano,1985-1989,2,78.65957711284251,77.50961544092685,76.41742015846253,78.99018800538875,Estimación adecuada
Catano,1990-1994,1,63.551421617424765,65.1849794399574,64.0019079237776,66.21889817177214,> e0 observado
Catano,1990-1994,2,77.73013012436986,77.15183678366361,76.04229767486922,78.3211282424559,Estimación adecuada
Catano,1995-1999,1,64.95894376240564,66.44602524038474,65.34414729340037,67.52380555171959,> e0 observado
Catano,1995-1999,2,77.8017354936669,77.41180893932182,76.24552521722998,78.59427412036287,Estimación adecuada
Catano,2000-2004,1,69.54736006919788,70.32304156063596,69.13487794586476,71.63876074340001,Estimación adecuada
Catano,2000-2004,2,80.2420833723342,79.17350137841325,78.16495953385578,80.28603828751477,Estimación adecuada
Catano,2005-2009,1,70.0088463290445,71.03592652281276,69.64299942344039,71.89660784514928,Estimación adecuada
Catano,2005-2009,2,82.4846061988492,81.76173124284165,80.28558406827385,83.19488631013019,Estimación adecuada
Catano,2010-2014,1,73.04054164065786,73.50607242650236,72.42874799354433,74.59865483531186,Estimación adecuada
Catano,2010-2014,2,85.05347927327067,82.96214534141555,81.80231487136652,84.53865941475374,< e0 observado
Catano,2015-2019,1,73.65254048968006,74.64336195391115,73.53227179555714,76.00141638539085,Estimación adecuada
Catano,2015-2019,2,86.94579083490224,85.16164590758785,83.57939705191095,86.67789292089496,< e0 observado
Catano,2020-2024,1,73.01737041087927,74.03636008025916,72.98393883027597,75.29806264799339,Estimación adecuada
Catano,2020-2024,2,86.0684794743231,84.81047221397081,83.12180358847488,86.54356732994285,Estimación adecuada
Cayey,1980-1984,1,71.32064492875627,71.11560528591946,70.42469518962903,72.13122412184592,Estimación adecuada
Cayey,1980-1984,2,76.88437352747384,77.11958208950448,76.19737863829013,77.93081902671821,Estimación adecuada
Cayey,1985-1989,1,69.35200072016079,69.91630556817724,69.0752326049213,70.75323149933085,Estimación adecuada
Cayey,1985-1989,2,78.24162311103663,78.065295447587,77.05240553989663,79.1250190502696,Estimación adecuada
Cayey,1990-1994,1,69.27521430891126,69.93594375578043,68.95266855023618,70.73547620245955,Estimación adecuada
Cayey,1990-1994,2,78.16553833033852,78.3300125464259,77.34998212317952,79.34435445471486,Estimación adecuada
Cayey,1995-1999,1,70.01299547508536,70.60743447616855,69.92289294692739,71.41075251277351,Estimación adecuada
Cayey,1995-1999,2,78.87259018768239,78.93323152558867,78.15269443542986,79.82938067041744,Estimación adecuada
Cayey,2000-2004,1,73.68749999421473,73.68803127557499,72.81308777118517,74.35882862816626,Estimación adecuada
Cayey,2000-2004,2,81.22226473989993,80.6199042085385,79.77381431413082,81.55569442691774,Estimación adecuada
Cayey,2005-2009,1,73.99614368964569,74.42698532446977,73.57235104092874,75.51632239827426,Estimación adecuada
Cayey,2005-2009,2,82.1533699228688,81.81195923598762,81.00503048553193,82.58722274849382,Estimación adecuada
Cayey,2010-2014,1,75.00610378038506,75.60352928467648,74.75904219862898,76.46126090299654,Estimación adecuada
Cayey,2010-2014,2,83.73637939950336,83.30752970192324,82.39462946405598,84.38702603409158,Estimación adecuada
Cayey,2015-2019,1,78.54670044615935,78.39402644766082,77.5777528093123,79.45700275582934,Estimación adecuada
Cayey,2015-2019,2,85.74693279734878,85.17396921961364,84.00705512736597,86.46888840661492,Estimación adecuada
Cayey,2020-2024,1,79.40962956727441,79.35606094787984,78.3739637929285,80.59956072105162,Estimación adecuada
Cayey,2020-2024,2,87.6006348574498,87.04695535755916,85.65757371260746,88.171697514438,Estimación adecuada
Ceiba,1980-1984,1,72.14585176157938,71.68732707793217,70.35628652997394,72.89145641734618,Estimación adecuada
Ceiba,1980-1984,2,78.61104372786001,77.68297155046679,76.52156314134243,79.66448977237663,Estimación adecuada
Ceiba,1985-1989,1,70.6198183166503,70.69885631365253,69.66002090775133,71.92512236198279,Estimación adecuada
Ceiba,1985-1989,2,79.13415807152825,78.51847538836691,77.2412045590929,80.13387759365037,Estimación adecuada
Ceiba,1990-1994,1,71.00935671117365,70.7212157780595,69.59920670490766,72.20377554547706,Estimación adecuada
Ceiba,1990-1994,2,79.17042900270538,78.75041234353948,77.39834405227363,80.17097202043855,Estimación adecuada
Ceiba,1995-1999,1,72.51721647517238,71.47433906243248,70.09255249245365,72.80356279874451,Estimación adecuada
Ceiba,1995-1999,2,78.14728081414309,78.482003015226,76.90092954884874,79.62993040307447,Estimación adecuada
Ceiba,2000-2004,1,74.86667065353893,73.64872701016898,72.65851833682129,74.75142569078695,< e0 observado
Ceiba,2000-2004,2,80.68427804057518,80.75341202519695,79.30611290732588,82.37827612037646,Estimación adecuada
Ceiba,2005-2009,1,76.12252834869311,74.75392511966143,73.602932273529035,76.06580892223514,< e0 observado
Ceiba,2005-2009,2,82.7966883833198,82.11413061050813,80.59265205779953,84.16048559271456,Estimación adecuada
Ceiba,2010-2014,1,75.46412666889606,76.17914243020621,74.94299816628961,77.54070124275263,Estimación adecuada
Ceiba,2010-2014,2,81.41353267344712,82.36994979011311,80.99502097755743,84.02227570250639,Estimación adecuada
Ceiba,2015-2019,1,78.54557923356414,77.88430490227927,76.51701140770174,79.74212503416962,Estimación adecuada
Ceiba,2015-2019,2,86.20789836529356,85.5990419660989,83.58879673039948,88.09539478942261,Estimación adecuada
Ceiba,2020-2024,1,72.26101326760208,76.00555667958872,74.8329462870791,77.47770618899601,> e0 observado
Ceiba,2020-2024,2,81.87366447467527,83.88126172790848,82.2540133764517,85.77352697626354,> e0 observado
Ciales,1980-1984,1,73.3601690081269,72.72927450191753,71.68480461802928,73.86792478789681,Estimación adecuada
Ciales,1980-1984,2,79.08450788252533,78.90105761235074,77.49352824693132,80.89021720907357,Estimación adecuada
Ciales,1985-1989,1,73.80385799895002,72.98782754305418,72.15664608578201,74.30099556307808,Estimación adecuada
Ciales,1985-1989,2,79.25761748100682,79.26537212824998,77.57215646954141,80.59670811202474,Estimación adecuada
Ciales,1990-1994,1,72.25274862856378,72.02968038722454,70.80149257513654,73.31843116624425,Estimación adecuada
Ciales,1990-1994,2,79.82543814746265,79.47580482689881,78.15552989421057,81.18495016206714,Estimación adecuada
Ciales,1995-1999,1,71.42663286324974,71.7423887976961,70.65642390041697,72.82177505304982,Estimación adecuada
Ciales,1995-1999,2,79.238381112831,79.64592806574538,78.62603643396986,80.89794825819554,Estimación adecuada
Ciales,2000-2004,1,72.8877247015535,73.79158312800608,72.68916235701936,75.00255634234608,Estimación adecuada
Ciales,2000-2004,2,80.83769687356553,81.05297661521178,79.79812295595866,82.37211057954852,Estimación adecuada
Ciales,2005-2009,1,74.52536084511352,74.95107449924342,73.81107257873342,76.48767259877614,Estimación adecuada
Ciales,2005-2009,2,82.13836581268944,82.28198217604405,80.97078719468892,83.58854616679474,Estimación adecuada
Ciales,2010-2014,1,75.83944224399347,76.5418525003597,75.61999753782274,77.63615500145136,Estimación adecuada
Ciales,2010-2014,2,83.18525319463721,83.68135933458072,82.1564265861317,85.03593710044063,Estimación adecuada
Ciales,2015-2019,1,80.35963140996523,79.19101483292411,77.91419305069448,80.5508322958557,Estimación adecuada
Ciales,2015-2019,2,85.16754149388572,85.75547712231922,83.98143739881328,88.44680878812619,Estimación adecuada
Ciales,2020-2024,1,78.0952139934909,78.09121540213035,76.92356567395714,79.38925715107155,Estimación adecuada
Ciales,2020-2024,2,83.7838176468441,84.29306179221916,82.97504405066934,85.89709912757613,Estimación adecuada
Cidra,1980-1984,1,72.92625993210298,73.23099929710173,72.0418274297055,74.38229402216126,Estimación adecuada
Cidra,1980-1984,2,80.25294604658151,79.93637106871806,78.96608207443509,81.42675534381405,Estimación adecuada
Cidra,1985-1989,1,72.65671880748917,72.72566404270714,71.74406816427017,73.93638714744718,Estimación adecuada
Cidra,1985-1989,2,79.2640060129605,79.3561519599623,78.24713615686007,80.62200764736332,Estimación adecuada
Cidra,1990-1994,1,74.59270123853278,73.93080896691463,72.87028346352733,74.95676646110519,Estimación adecuada
Cidra,1990-1994,2,79.58259869878654,79.3662403176175,78.43085271762381,80.54527575300278,Estimación adecuada
Cidra,1995-1999,1,74.21713653214772,73.8452670482321,72.88997095070637,74.69342138937657,Estimación adecuada
Cidra,1995-1999,2,80.46720179098129,80.80934534053296,79.82037514631438,82.03319795445938,Estimación adecuada
Cidra,2000-2004,1,76.1648075054388,75.70578988001868,74.85493410152031,76.6866595312143,Estimación adecuada
Cidra,2000-2004,2,83.06880741955162,82.68258339440843,81.52041246431045,83.80296863225595,Estimación adecuada
Cidra,2005-2009,1,76.2488157847596,76.32507638881465,75.38704852954183,77.2690474112457,Estimación adecuada
Cidra,2005-2009,2,83.29450873472624,83.18635258085105,82.15630479085377,84.31326789082652,Estimación adecuada
Cidra,2010-2014,1,77.33131059096634,77.60254941654841,76.6635078606059,78.64856077581166,Estimación adecuada
Cidra,2010-2014,2,83.46470181390174,83.3400772278379,82.33406967342401,84.37043844555174,Estimación adecuada
Cidra,2015-2019,1,78.97458456608396,79.22036939197508,78.1708482089839,80.34316667842288,Estimación adecuada
Cidra,2015-2019,2,84.69043178604441,85.08565827891725,84.04070544739105,86.26079947216526,Estimación adecuada
Cidra,2020-2024,1,79.7427353948676,79.62462998743703,78.47530114377577,80.64236087277462,Estimación adecuada
Cidra,2020-2024,2,85.33702768748,85.13937892815557,83.90515722983415,86.34525953522072,Estimación adecuada
Coamo,1980-1984,1,71.83261143264684,71.82034609430784,71.12449200579499,72.86044736445601,Estimación adecuada
Coamo,1980-1984,2,77.96592585526496,78.29298713144536,77.09108801886833,79.31743217620561,Estimación adecuada
Coamo,1985-1989,1,71.23431252697634,71.35234473723563,70.31458311155083,72.29142698960695,Estimación adecuada
Coamo,1985-1989,2,77.61875344002883,78.06688269013557,76.9124742306011,79.35854451057028,Estimación adecuada
Coamo,1990-1994,1,71.15206342123702,71.29447600784934,70.12320968649908,72.26159314327184,Estimación adecuada
Coamo,1990-1994,2,79.52007940092251,79.16224464457946,78.2851404179306,80.25794518483829,Estimación adecuada
Coamo,1995-1999,1,71.1960753395491,71.40480363677548,70.43165159099735,72.5934448353351,Estimación adecuada
Coamo,1995-1999,2,78.423903843953,78.72063282138213,77.79452228281016,79.96059211365764,Estimación adecuada
Coamo,2000-2004,1,73.24248106281058,73.34638593677701,72.50152235963796,74.23190233292766,Estimación adecuada
Coamo,2000-2004,2,81.2524184753369,81.01401356900479,80.01756043895081,81.84143509997227,Estimación adecuada
Coamo,2005-2009,1,76.67061680312946,75.89106729718831,74.89228219340106,76.64632015288473,< e0 observado
Coamo,2005-2009,2,82.50443120167047,82.04589158835145,81.03732808960277,83.42985231765077,Estimación adecuada
Coamo,2010-2014,1,76.08519397019607,75.91629521239582,75.01124616556248,76.7444735331857,Estimación adecuada
Coamo,2010-2014,2,82.76456200780567,82.36702886390569,81.56190860588492,83.52238904305995,Estimación adecuada
Coamo,2015-2019,1,76.3555860235564,76.64563791782264,75.66000813304558,77.58355595542038,Estimación adecuada
Coamo,2015-2019,2,84.32302802936533,84.56645772731355,83.43618708670309,85.64790860090864,Estimación adecuada
Coamo,2020-2024,1,78.73457128285159,78.07382906119005,76.9392312858555,79.15739247621241,Estimación adecuada
Coamo,2020-2024,2,85.32320664794793,85.23024456724713,83.58352577863049,86.3712349496166,Estimación adecuada
Comerio,1980-1984,1,72.39160599187598,72.28432199300016,70.87153592469939,73.21916090839407,Estimación adecuada
Comerio,1980-1984,2,80.50714392154065,79.21068853528251,78.22854227941619,81.10590149673445,Estimación adecuada
Comerio,1985-1989,1,72.46599051488649,72.0344908887929,70.94908993304912,73.36964405285528,Estimación adecuada
Comerio,1985-1989,2,79.35372018267553,79.214492474960565,77.61033849492284,80.46289693957382,Estimación adecuada
Comerio,1990-1994,1,72.63261964951914,72.04137016596144,70.84787990184586,73.13322003594732,Estimación adecuada
Comerio,1990-1994,2,78.0865724889923,78.50474327449751,77.35131565382349,79.75187337449862,Estimación adecuada
Comerio,1995-1999,1,71.13227286201818,71.40113594981712,70.23627314926614,72.829063266406,Estimación adecuada
Comerio,1995-1999,2,78.32248610899435,78.47476861062555,77.23174971554545,79.77385636700006,Estimación adecuada
Comerio,2000-2004,1,73.74046365047266,73.84303217971367,72.6100106482665,75.25911696192938,Estimación adecuada
Comerio,2000-2004,2,80.19913305806267,80.31600295972328,78.74586061639322,81.82037672016617,Estimación adecuada
Comerio,2005-2009,1,75.30350166697882,74.95617796086984,73.71239018997271,76.04884473737442,Estimación adecuada
Comerio,2005-2009,2,81.75843965388886,81.6733585786192,80.23653290959109,82.99947338655662,Estimación adecuada
Comerio,2010-2014,1,77.88992392393747,76.96079979187732,75.78427401135875,78.27022824247773,Estimación adecuada
Comerio,2010-2014,2,83.20589003283447,83.0292478577708,81.62849468620959,84.31039259089934,Estimación adecuada
Comerio,2015-2019,1,76.11616223403381,76.87972321379107,75.75656879124591,77.94490446475314,Estimación adecuada
Comerio,2015-2019,2,84.47935763504815,84.48278077048828,83.0659218957918,85.72849280531995,Estimación adecuada
Comerio,2020-2024,1,75.23982921549162,76.3104396432687,75.09384647823916,77.23317008538791,Estimación adecuada
Comerio,2020-2024,2,83.75928924043123,83.78066598988134,82.41841341218127,85.29045885396059,Estimación adecuada
Corozal,1980-1984,1,72.8434269620364,72.61057301643254,71.31596781605084,73.77765401577437,Estimación adecuada
Corozal,1980-1984,2,78.49552695365927,78.42968668669641,77.27826385455752,79.46196629732653,Estimación adecuada
Corozal,1985-1989,1,74.16679537755694,73.29201106327527,72.19238999629187,74.34365414534649,Estimación adecuada
Corozal,1985-1989,2,78.31409571064404,78.34597514709301,77.31886746155936,79.46395226131656,Estimación adecuada
Corozal,1990-1994,1,71.27571092432538,71.60179199494209,70.46889794353183,72.48101994620598,Estimación adecuada
Corozal,1990-1994,2,78.71157989908842,78.8755852546611,77.68966990949697,79.892139659289,Estimación adecuada
Corozal,1995-1999,1,71.90053240132126,72.13085741881744,71.06859523165238,73.16944815723363,Estimación adecuada
Corozal,1995-1999,2,81.05061971042039,80.25874907966107,79.32617088422637,81.49858093545654,Estimación adecuada
Corozal,2000-2004,1,75.40121472632262,75.11622350117189,74.1274871719308,75.83201249567719,Estimación adecuada
Corozal,2000-2004,2,82.32727029969571,82.28662083138946,80.64855424064919,83.37595795098457,Estimación adecuada
Corozal,2005-2009,1,75.29676896497347,75.51796384257288,74.52218740422062,76.5924626584961,Estimación adecuada
Corozal,2005-2009,2,81.7668888989548,81.59095539344042,80.47340959558892,82.92111038296318,Estimación adecuada
Corozal,2010-2014,1,76.61800376671373,76.64729760173321,75.7136202602918,77.7348970920657,Estimación adecuada
Corozal,2010-2014,2,83.99620064198638,83.85119424584832,82.41411591424979,85.20071190465313,Estimación adecuada
Corozal,2015-2019,1,78.84838673591865,78.36944551129464,77.0145573592073,79.48834446243328,Estimación adecuada
Corozal,2015-2019,2,84.36621340480359,84.66366658374031,83.43252782401143,85.98061072057213,Estimación adecuada
Corozal,2020-2024,1,76.44862204173214,77.22955686786256,76.19109033181759,78.21946327587828,Estimación adecuada
Corozal,2020-2024,2,85.0591201159125,85.38756462469438,84.2691720918094,86.50735217185414,Estimación adecuada
Culebra,1980-1984,1,94.69722323815856,73.60038785474204,71.0744656594139,75.8822161597953,< e0 observado
Culebra,1980-1984,2,77.11141651027592,80.39370789599403,77.11649864989971,84.99032761388298,> e0 observado
Culebra,1985-1989,1,76.63588305134152,73.01738410465067,70.59497386504268,75.09888613269842,< e0 observado
Culebra,1985-1989,2,84.99417166658453,80.44205606116765,78.3475037640795,83.47825661583227,< e0 observado
Culebra,1990-1994,1,75.23127689590049,72.52923828905011,70.426430675257,73.90873956855296,< e0 observado
Culebra,1990-1994,2,82.2361338517014,80.58465746608753,78.12892894755387,82.91122946222995,Estimación adecuada
Culebra,1995-1999,1,72.53390965878926,72.80894340450334,71.02562299144529,74.82954805869511,Estimación adecuada
Culebra,1995-1999,2,82.74787501668122,81.67482194214887,78.23961018731744,92.67977498178865,Estimación adecuada
Culebra,2000-2004,1,83.74648606676807,75.35473972202172,73.54429880021482,77.62239027491637,< e0 observado
Culebra,2000-2004,2,81.63132549875367,82.64484643229241,80.44750672274203,86.97446431769765,Estimación adecuada
Culebra,2005-2009,1,79.35518350612848,76.17966779837982,74.60905206680467,78.13752922313736,< e0 observado
Culebra,2005-2009,2,87.82645600917449,84.25234735655329,81.69083384595692,88.82194480450579,Estimación adecuada
Culebra,2010-2014,1,73.27486001063872,76.9924237607585,75.16303729347791,80.21529814548083,> e0 observado
Culebra,2010-2014,2,84.63331186955911,84.9985055336179,81.90609713331486,87.9440131568814,Estimación adecuada
Culebra,2015-2019,1,73.7782353124013,78.1985226442199,75.78795517278289,80.35505108351154,> e0 observado
Culebra,2015-2019,2,82.80860574041759,86.04565261682332,83.67883313275146,88.97469903734944,> e0 observado
Culebra,2020-2024,1,71.17558414919206,77.70967236921742,76.00054775988154,79.28493652241198,> e0 observado
Culebra,2020-2024,2,81.75048505604273,85.74922264394212,82.87674062956216,88.78826964923267,> e0 observado
Dorado,1980-1984,1,73.06768394242143,72.78882704958204,71.56841927570555,73.77762637505515,Estimación adecuada
Dorado,1980-1984,2,79.57134292897321,79.12798514562454,78.04059751708937,80.41369667209618,Estimación adecuada
Dorado,1985-1989,1,70.98138714935332,71.05394133623179,70.16733888016272,72.04658298552948,Estimación adecuada
Dorado,1985-1989,2,79.66708794032925,79.28839476662696,77.9323458442826,80.72630270828793,Estimación adecuada
Dorado,1990-1994,1,70.60163270459446,71.04614364503152,70.12204059630002,72.06978451717544,Estimación adecuada
Dorado,1990-1994,2,79.66123740902555,79.37529895385663,78.37498707589639,80.4019134187854,Estimación adecuada
Dorado,1995-1999,1,71.14661901491276,71.63516902947697,70.51125793294074,72.99340678360787,Estimación adecuada
Dorado,1995-1999,2,79.34231212268777,79.60950365306081,78.63652705578997,80.99826167484846,Estimación adecuada
Dorado,2000-2004,1,72.80125816712727,73.2277706987937,72.43536448590649,74.28143337535201,Estimación adecuada
Dorado,2000-2004,2,80.51547250678337,80.29798419474534,79.22126024362167,81.37937668157925,Estimación adecuada
Dorado,2005-2009,1,74.74216888739862,74.95747555131824,74.21438839488815,75.96448997166573,Estimación adecuada
Dorado,2005-2009,2,81.55921742419945,81.45512439430216,80.48733025781272,82.57046620016507,Estimación adecuada
Dorado,2010-2014,1,77.3972526095473,77.40531120013137,76.19427906786137,78.62468168298713,Estimación adecuada
Dorado,2010-2014,2,83.78650120499329,83.54536154772501,82.62891714534744,84.56789774099519,Estimación adecuada
Dorado,2015-2019,1,79.05317477178703,78.58993058719253,77.55382102690001,79.55064952198069,Estimación adecuada
Dorado,2015-2019,2,85.0361331038058,85.15158402242695,83.85038529958712,86.56237293532953,Estimación adecuada
Dorado,2020-2024,1,77.54648054972814,77.91238730811452,77.02682257406988,78.83782241847518,Estimación adecuada
Dorado,2020-2024,2,87.81728727976584,86.71604799553808,85.39706745151224,88.45909070529274,Estimación adecuada
Fajardo,1980-1984,1,70.97992961345321,70.35483818711683,69.52858076827657,71.24763221151707,Estimación adecuada
Fajardo,1980-1984,2,77.4034006461853,76.87778275787821,75.94340017415999,77.87264138270106,Estimación adecuada
Fajardo,1985-1989,1,71.1887876704971,70.86195982692445,69.90762397113826,71.7014454206373,Estimación adecuada
Fajardo,1985-1989,2,77.37337374894558,77.30984286376687,76.33029743184281,78.38701610139067,Estimación adecuada
Fajardo,1990-1994,1,68.18099629812696,68.70581303553581,67.70348428108781,69.59435749673372,Estimación adecuada
Fajardo,1990-1994,2,78.11474876521702,77.8420277303033,77.02769112571386,78.81375174157306,Estimación adecuada
Fajardo,1995-1999,1,69.86154006659808,70.12676426230956,69.05321367886211,71.07351832271542,Estimación adecuada
Fajardo,1995-1999,2,78.82934233659792,78.43750149289194,77.72649262354594,79.50085237762394,Estimación adecuada
Fajardo,2000-2004,1,71.85134936418909,71.97057427533,71.1611775828532,72.90954074342116,Estimación adecuada
Fajardo,2000-2004,2,80.31491904964011,79.79950557778415,78.96803742774651,80.79916250671192,Estimación adecuada
Fajardo,2005-2009,1,72.01498955956528,72.54022085461831,71.62808020775077,73.28544735289532,Estimación adecuada
Fajardo,2005-2009,2,80.42579698255476,80.27042357296213,79.36781605470503,81.3105784775882,Estimación adecuada
Fajardo,2010-2014,1,73.1648079564502,74.16095847974344,73.09713738402434,75.19648981532843,Estimación adecuada
Fajardo,2010-2014,2,81.74247222384632,81.41967120513209,80.3395457338066,82.11222415837912,Estimación adecuada
Fajardo,2015-2019,1,76.15087862256587,76.65052476752128,75.74428465376684,77.70163843576185,Estimación adecuada
Fajardo,2015-2019,2,83.7123556023456,83.80595129727362,82.66703437345186,84.84860643797853,Estimación adecuada
Fajardo,2020-2024,1,74.31868957649468,74.84267470174186,73.92620626473277,75.8661280073597,Estimación adecuada
Fajardo,2020-2024,2,83.33111283123691,83.48669129999632,82.34866797534684,84.39471733767445,Estimación adecuada
Florida,1980-1984,1,71.06938753374574,71.28459719864358,69.70176032491966,72.8942294650557,Estimación adecuada
Florida,1980-1984,2,79.21775098528943,78.63093754550005,76.60466690328204,80.73846758437703,Estimación adecuada
Florida,1985-1989,1,70.64603223425698,70.85434713413551,69.3016347300009,72.15922547055709,Estimación adecuada
Florida,1985-1989,2,74.85144353276169,77.10214267505651,75.56580226584546,78.51196569249643,> e0 observado
Florida,1990-1994,1,70.01533527514864,70.5160068068325,69.28608713286252,71.75306311532893,Estimación adecuada
Florida,1990-1994,2,75.40391537650423,77.09027719953642,75.67780823759216,78.5669611225317,> e0 observado
Florida,1995-1999,1,71.65894113726901,71.60797053684296,70.3922922888884,72.75286624710976,Estimación adecuada
Florida,1995-1999,2,77.29790147374477,78.06034532604332,76.58356274856934,79.77396043784984,Estimación adecuada
Florida,2000-2004,1,75.01444427678842,74.00404381143287,72.82056998446878,75.56737458641439,Estimación adecuada
Florida,2000-2004,2,81.08965307946796,80.66371115757866,79.30736733199333,82.29421767771409,Estimación adecuada
Florida,2005-2009,1,76.54783220170152,74.73665124459887,73.36114199697411,76.20234012693038,< e0 observado
Florida,2005-2009,2,80.52310433234075,80.85834083302976,79.36075028751927,82.36472978471957,Estimación adecuada
Florida,2010-2014,1,79.58931937931183,77.52767022596436,75.96623332085755,78.92478084502069,< e0 observado
Florida,2010-2014,2,84.35262381150902,82.94782077588093,81.78411600882647,84.31862264448145,< e0 observado
Florida,2015-2019,1,77.39963673465637,77.10803286347596,75.90896111694542,78.62041967206656,Estimación adecuada
Florida,2015-2019,2,83.04749257512822,83.94290828878273,82.48834566231571,85.76643967157175,Estimación adecuada
Florida,2020-2024,1,76.48138637441758,77.16070149987308,75.66922528194718,78.54415183385846,Estimación adecuada
Florida,2020-2024,2,86.57028869211995,86.33756459270575,84.41897618942426,88.51625745643585,Estimación adecuada
Guanica,1980-1984,1,70.29160656173029,69.92023814073156,68.74407593059868,71.05697058168873,Estimación adecuada
Guanica,1980-1984,2,77.02589204137094,76.6251538204342,75.53157452612646,77.925394094854,Estimación adecuada
Guanica,1985-1989,1,69.64590752945972,69.46114874823928,68.43306724812241,70.67206694035649,Estimación adecuada
Guanica,1985-1989,2,76.96194389846337,76.76569064715366,75.73664978894989,77.90554907631514,Estimación adecuada
Guanica,1990-1994,1,69.00330089577055,69.16466969568918,67.83752612989295,70.51631856878956,Estimación adecuada
Guanica,1990-1994,2,77.43314529873244,77.07187278867461,75.79079898600556,78.09100392564784,Estimación adecuada
Guanica,1995-1999,1,68.75925697690468,69.20885716689918,68.09819340010392,70.3079988995677,Estimación adecuada
Guanica,1995-1999,2,76.88365176255945,77.05352108671528,76.0964689601812,78.03222304225562,Estimación adecuada
Guanica,2000-2004,1,72.36855900985053,72.03043947018574,71.09861628197602,73.19653864545893,Estimación adecuada
Guanica,2000-2004,2,78.3128127578213,78.49903873248299,77.26372566000714,79.70519121489423,Estimación adecuada
Guanica,2005-2009,1,71.69965700518571,72.15912878818676,71.12329867725941,73.33308418307558,Estimación adecuada
Guanica,2005-2009,2,80.3960001801447,79.765822112385,78.63230709043489,80.98740115384174,Estimación adecuada
Guanica,2010-2014,1,75.43056531334524,74.57666836605911,73.54550830539648,75.67054715041681,Estimación adecuada
Guanica,2010-2014,2,80.57778836738088,81.02017808710208,79.64966798688943,82.0717640580352,Estimación adecuada
Guanica,2015-2019,1,74.6061778340804,74.64083642313608,73.52793659140102,75.8316955808613,Estimación adecuada
Guanica,2015-2019,2,81.3148683326643,81.51759424156842,80.62253309891108,82.7948322641139,Estimación adecuada
Guanica,2020-2024,1,73.35967274163447,74.47437267100271,73.17771699250983,75.63903762626308,Estimación adecuada
Guanica,2020-2024,2,82.11869011623037,81.9150053555024,80.86359316894809,82.97011305299762,Estimación adecuada
Guayama,1980-1984,1,70.24592277647761,70.24286575913777,69.44938541560197,71.22784115254188,Estimación adecuada
Guayama,1980-1984,2,76.94736099895414,76.80607369378575,75.79074972039122,77.76712763411669,Estimación adecuada
Guayama,1985-1989,1,69.18407376779939,69.44773202107369,68.7132154732393,70.16803678710437,Estimación adecuada
Guayama,1985-1989,2,77.01984994163914,76.80404318608939,75.78437997686794,77.79436748093326,Estimación adecuada
Guayama,1990-1994,1,69.12774545799293,69.62787297110809,68.67879343769359,70.59422920805707,Estimación adecuada
Guayama,1990-1994,2,78.26536534527779,77.78249063211322,76.74943134215852,78.66962257007876,Estimación adecuada
Guayama,1995-1999,1,69.89298463348949,70.16595831761063,69.25861635143332,70.8399268236942,Estimación adecuada
Guayama,1995-1999,2,79.36097539479375,78.64114974354463,77.8277955503737,79.39353401293997,Estimación adecuada
Guayama,2000-2004,1,71.73959231092829,71.91240450344785,70.99472991393341,72.66344589409552,Estimación adecuada
Guayama,2000-2004,2,80.42361640554877,80.07792359055497,79.0092418816389,80.94556002973148,Estimación adecuada
Guayama,2005-2009,1,74.004627225837,73.72486634359132,72.95896768426815,74.7589576452574,Estimación adecuada
Guayama,2005-2009,2,80.66196990050479,80.42594214396206,79.57417114786423,81.52418514024734,Estimación adecuada
Guayama,2010-2014,1,76.0922078825251,75.49446957116011,74.51877879189132,76.3496104187534,Estimación adecuada
Guayama,2010-2014,2,82.22460967328485,81.9744423586329,80.6925994440092,82.81453917903585,Estimación adecuada
Guayama,2015-2019,1,76.61959145312574,76.61996366992216,75.53548774273686,77.54986366548928,Estimación adecuada
Guayama,2015-2019,2,83.4142713899816,83.29395696704597,82.45656224436419,84.40874674066794,Estimación adecuada
Guayama,2020-2024,1,73.93879414262592,75.09821188266396,74.0619369912448,76.096501288208,> e0 observado
Guayama,2020-2024,2,82.33975114826434,82.49774540266519,81.58766808135886,83.44228358894036,Estimación adecuada
Guayanilla,1980-1984,1,72.58983279684577,71.57180562756028,70.45844149893017,72.89616857650422,Estimación adecuada
Guayanilla,1980-1984,2,77.53353824728316,77.42735614556551,76.38082002649455,78.8654143860025,Estimación adecuada
Guayanilla,1985-1989,1,70.73661721916349,70.36926569925171,69.57487579674127,71.37256001832341,Estimación adecuada
Guayanilla,1985-1989,2,76.86235560972376,76.67601427403756,75.52244915490633,77.86331955862013,Estimación adecuada
Guayanilla,1990-1994,1,72.37752924339648,71.38383896436119,70.35969849174865,72.40001049789964,Estimación adecuada
Guayanilla,1990-1994,2,78.55250974931681,77.94291678647876,76.93358536922389,79.07936647580087,Estimación adecuada
Guayanilla,1995-1999,1,72.22131902455737,71.27789326526835,70.30897588770094,72.39231825613231,Estimación adecuada
Guayanilla,1995-1999,2,79.14608996325278,78.60895524032442,77.7221747059461,79.78433407509591,Estimación adecuada
Guayanilla,2000-2004,1,74.05744082522244,73.53825562505467,72.44585249674932,74.63740412427688,Estimación adecuada
Guayanilla,2000-2004,2,80.06971551607721,79.75386111720991,78.61027271277442,80.77581686946863,Estimación adecuada
Guayanilla,2005-2009,1,73.36781184296053,73.72590220681536,72.38831359885401,74.67700470501941,Estimación adecuada
Guayanilla,2005-2009,2,79.74433091795808,79.75743985791404,78.69388648969752,80.63657480926253,Estimación adecuada
Guayanilla,2010-2014,1,77.2541883457964,76.02030677226784,74.7115504768199,77.37390977757238,Estimación adecuada
Guayanilla,2010-2014,2,79.95617529124827,80.77871298566922,79.69173531452554,82.02906835978291,Estimación adecuada
Guayanilla,2015-2019,1,74.50306944491258,76.08962951146921,74.71359334303634,77.22442085473719,> e0 observado
Guayanilla,2015-2019,2,85.47648018860491,84.43118730699007,83.15686185431889,86.03505846348494,Estimación adecuada
Guayanilla,2020-2024,1,73.73722385919334,75.14897152243938,74.08026160036363,76.0123162192638,> e0 observado
Guayanilla,2020-2024,2,84.46851671921503,84.5965867753201,83.364592374414,85.94426023403324,Estimación adecuada
Guaynabo,1980-1984,1,73.33304020193007,73.25623701929067,72.54515560256816,73.96752985562225,Estimación adecuada
Guaynabo,1980-1984,2,79.57395565229348,79.35903158347898,78.57189929485409,80.22600995281628,Estimación adecuada
Guaynabo,1985-1989,1,73.30720790413426,73.33628493887986,72.63435600432197,74.05093051475222,Estimación adecuada
Guaynabo,1985-1989,2,80.7449894765543,80.49960483898661,79.71940667156564,81.33304341124659,Estimación adecuada
Guaynabo,1990-1994,1,71.64759712414893,71.96400142834582,71.33508730129586,72.83122367705678,Estimación adecuada
Guaynabo,1990-1994,2,80.46155681333546,80.45424976555903,79.68512649819735,81.25595169274118,Estimación adecuada
Guaynabo,1995-1999,1,71.70557982807048,72.2226637266188,71.68484545828485,72.79918762884445,Estimación adecuada
Guaynabo,1995-1999,2,81.61582636139954,81.40393138447236,80.58020274246678,82.23435396881962,Estimación adecuada
Guaynabo,2000-2004,1,74.5460879922691,74.94880566241301,74.29576151557768,75.66231955834004,Estimación adecuada
Guaynabo,2000-2004,2,82.43363591097874,82.37254224942352,81.58257095305275,83.10693150751047,Estimación adecuada
Guaynabo,2005-2009,1,75.40004142189414,75.81648199808828,75.09108831431735,76.5024954941465,Estimación adecuada
Guaynabo,2005-2009,2,83.59622113263238,83.55546490263663,82.74939859312116,84.30389266205472,Estimación adecuada
Guaynabo,2010-2014,1,77.3578270076508,77.53234563749197,76.7136611169484,78.38457790258141,Estimación adecuada
Guaynabo,2010-2014,2,84.62289097742051,84.41453930376142,83.72684241457696,85.1969788155726,Estimación adecuada
Guaynabo,2015-2019,1,79.63090232574721,79.42456202352778,78.68659297828933,80.30070371046278,Estimación adecuada
Guaynabo,2015-2019,2,86.62280196774702,86.35903376305637,85.69846334147871,87.35029778256755,Estimación adecuada
Guaynabo,2020-2024,1,77.36899877443203,77.75224101674067,77.08209830683916,78.37791590343645,Estimación adecuada
Guaynabo,2020-2024,2,86.85241919025239,86.73533503248072,85.82781323830392,87.7496680026066,Estimación adecuada
Gurabo,1980-1984,1,72.10043466021936,72.10856743272979,70.92023607531308,73.26873973587875,Estimación adecuada
Gurabo,1980-1984,2,77.21298943234297,77.72125737961038,76.6449439697227,78.70451209582569,Estimación adecuada
Gurabo,1985-1989,1,72.09864341259255,72.00372382471808,71.12317054538495,73.36891820282513,Estimación adecuada
Gurabo,1985-1989,2,77.83980186096333,78.09756527641855,76.76427821440612,79.35292623372986,Estimación adecuada
Gurabo,1990-1994,1,70.06358422124045,70.75002948382505,69.78772175868963,71.73582986010075,Estimación adecuada
Gurabo,1990-1994,2,78.93586566639773,78.95661966169247,78.01196686443069,80.04997113237926,Estimación adecuada
Gurabo,1995-1999,1,72.62979875914179,72.6145541710516,71.79899704857232,73.48593052555799,Estimación adecuada
Gurabo,1995-1999,2,78.37596544908041,78.64802414836953,77.7278357762079,80.05860663016217,Estimación adecuada
Gurabo,2000-2004,1,73.72455425616529,73.92110018710362,73.14833981903034,74.91219176222951,Estimación adecuada
Gurabo,2000-2004,2,82.16347596555325,81.50834197495647,80.39713453587984,82.42621640610855,Estimación adecuada
Gurabo,2005-2009,1,75.38673648949066,75.56693413876647,74.54822218291204,76.78366050914438,Estimación adecuada
Gurabo,2005-2009,2,82.71710063140857,82.25374889154577,80.8364127271317,83.55788755048376,Estimación adecuada
Gurabo,2010-2014,1,75.74184183502217,76.16565654206528,75.3827383679428,77.17686924131783,Estimación adecuada
Gurabo,2010-2014,2,83.66012445857517,83.35978027314036,82.59170856922057,84.38011210422883,Estimación adecuada
Gurabo,2015-2019,1,77.82655629619259,77.99220062402412,76.97942272859746,79.0980346111559,Estimación adecuada
Gurabo,2015-2019,2,86.3751275135532,85.7491990657596,84.54594695887327,87.68105479887342,Estimación adecuada
Gurabo,2020-2024,1,78.1508349062683,77.97364730663901,77.03200489452368,78.90636991436462,Estimación adecuada
Gurabo,2020-2024,2,85.11563140762924,84.68483901574939,83.7359097718251,85.86113911418869,Estimación adecuada
Hatillo,1980-1984,1,71.99152036613721,72.5068994441227,71.1749429509522,73.5953792597407,Estimación adecuada
Hatillo,1980-1984,2,78.9802986931572,78.9132157907238,77.86285901945392,79.9645860579979,Estimación adecuada
Hatillo,1985-1989,1,72.73472078364017,72.56830849005681,71.55330427860443,73.78364799105242,Estimación adecuada
Hatillo,1985-1989,2,79.39464399636921,79.3361448514663,78.29420022038916,80.74878760935884,Estimación adecuada
Hatillo,1990-1994,1,72.2998423174012,72.05629833136635,71.03250280151659,72.96699326543119,Estimación adecuada
Hatillo,1990-1994,2,78.56900864145167,78.42261552219765,77.64442717426417,79.18433566531908,Estimación adecuada
Hatillo,1995-1999,1,72.51848608651568,72.38909513863935,71.33397881244235,73.04264166439158,Estimación adecuada
Hatillo,1995-1999,2,78.33281615395789,78.36443645311181,77.50570017300768,79.46065414477309,Estimación adecuada
Hatillo,2000-2004,1,74.45467151298737,74.10694870688661,73.16727392860217,74.84291571302211,Estimación adecuada
Hatillo,2000-2004,2,80.50637914886045,80.38892916586518,79.41917632321906,81.39250016758206,Estimación adecuada
Hatillo,2005-2009,1,75.71645524793598,75.1631545050768,74.210453836091,76.17562325690778,Estimación adecuada
Hatillo,2005-2009,2,81.90357972932111,81.78446084312345,80.85908709194922,82.75777067445563,Estimación adecuada
Hatillo,2010-2014,1,77.71502056183984,77.00412282334499,76.18469527969563,77.79794528835184,Estimación adecuada
Hatillo,2010-2014,2,83.87031312176076,83.57252867604541,82.45390854765088,84.69220310444592,Estimación adecuada
Hatillo,2015-2019,1,79.67724729389147,79.08648383065879,78.3835525664536,80.23545985702717,Estimación adecuada
Hatillo,2015-2019,2,84.83403759511111,84.36381624219325,83.4264107593738,85.18869620183297,Estimación adecuada
Hatillo,2020-2024,1,78.47632497278812,78.25223613353974,77.36001432371678,79.35067474222348,Estimación adecuada
Hatillo,2020-2024,2,86.14610937096411,85.27018788863161,84.11932112519705,86.2754487992782,Estimación adecuada
Hormigueros,1980-1984,1,74.05856561737721,73.59800743170132,72.44383681926166,74.99011303076347,Estimación adecuada
Hormigueros,1980-1984,2,79.84974137268954,80.24122137044998,78.50618832012154,82.49839901150638,Estimación adecuada
Hormigueros,1985-1989,1,73.08737524946572,72.93393025719752,71.74385134143577,74.19791037923046,Estimación adecuada
Hormigueros,1985-1989,2,77.720059693455,79.29514964906852,78.06728991897965,80.61957532957746,> e0 observado
Hormigueros,1990-1994,1,74.61350802067456,73.31316518549431,72.36338652229821,74.73874433757442,Estimación adecuada
Hormigueros,1990-1994,2,81.39461486989457,80.79585337019415,79.39508161310279,81.99210206177358,Estimación adecuada
Hormigueros,1995-1999,1,74.87703445651637,73.77419080705221,72.82810796349303,74.69160731527224,< e0 observado
Hormigueros,1995-1999,2,80.45280069334801,80.4525170714791,78.94175909497679,81.60259545533266,Estimación adecuada
Hormigueros,2000-2004,1,75.50618073944777,75.22664037927419,74.31435469796443,76.55686098210629,Estimación adecuada
Hormigueros,2000-2004,2,82.3521641939344,82.10751801107756,80.71869639202507,83.55793222974097,Estimación adecuada
Hormigueros,2005-2009,1,76.10054922666298,76.25462836282382,74.93513535935192,77.6563238570425,Estimación adecuada
Hormigueros,2005-2009,2,84.62944320284578,83.66666033532272,82.28071997859664,85.3015345721831,Estimación adecuada
Hormigueros,2010-2014,1,76.11918178416535,77.10912309910029,75.96452500758882,78.33005088546503,Estimación adecuada
Hormigueros,2010-2014,2,82.71051389712174,83.45931930357705,82.15482689793546,84.62204713726317,Estimación adecuada
Hormigueros,2015-2019,1,77.91392313609006,78.45453295876425,76.99207735266648,79.57144954316249,Estimación adecuada
Hormigueros,2015-2019,2,85.81866120513573,86.34417684387782,84.7177015029867,87.98051389202607,Estimación adecuada
Hormigueros,2020-2024,1,78.36911216509105,78.88897382277389,77.96698818049401,80.06736261451778,Estimación adecuada
Hormigueros,2020-2024,2,86.17552522276296,85.97860356308595,84.91811829257877,87.70755644092577,Estimación adecuada
Humacao,1980-1984,1,70.58258576927221,70.93264554348278,70.07058921556933,71.53116390209433,Estimación adecuada
Humacao,1980-1984,2,75.89477228552336,76.126941154198,75.2809776305418,76.92395411031372,Estimación adecuada
Humacao,1985-1989,1,70.67071512913827,70.7800884800913,69.88734925416878,71.63267257210143,Estimación adecuada
Humacao,1985-1989,2,78.26869595391119,78.08049253332273,77.20048331008933,79.0316283013934,Estimación adecuada
Humacao,1990-1994,1,69.59966588678492,69.8860718060038,69.15278804207327,70.55577625808527,Estimación adecuada
Humacao,1990-1994,2,78.98527536141168,78.70178619617158,77.71122415337945,79.83745801578505,Estimación adecuada
Humacao,1995-1999,1,71.67034271113566,71.46387645115716,70.72493023978758,72.40600041895242,Estimación adecuada
Humacao,1995-1999,2,78.50994029948488,78.25718120632132,77.54359412878449,79.0858074405145,Estimación adecuada
Humacao,2000-2004,1,73.45461991775991,73.43159642990304,72.56630028889762,74.12600903867389,Estimación adecuada
Humacao,2000-2004,2,79.72370844675466,80.00232925129089,79.31418655509114,80.84766021065974,Estimación adecuada
Humacao,2005-2009,1,73.61846549183731,73.98275716075506,73.06409012269222,74.81183915120319,Estimación adecuada
Humacao,2005-2009,2,81.80291929231979,81.59594649301876,80.90114464163366,82.3631757176572,Estimación adecuada
Humacao,2010-2014,1,75.80326051258055,75.84951049017592,75.14211111323107,76.84350138549408,Estimación adecuada
Humacao,2010-2014,2,83.58584598942798,83.02027594135535,81.97468066246142,83.9844548950231,Estimación adecuada
Humacao,2015-2019,1,76.7386829389743,77.21738848170622,76.31220550887909,78.14463958235464,Estimación adecuada
Humacao,2015-2019,2,84.86787206578826,84.36855939215184,83.55779734778972,85.32115377846608,Estimación adecuada
Humacao,2020-2024,1,76.7404128820364,77.51364475073795,76.56646900435605,78.31182983955928,Estimación adecuada
Humacao,2020-2024,2,84.233200245355,84.17359512364474,83.2795910528296,85.10678653375186,Estimación adecuada
Isabela,1980-1984,1,73.09738020117423,72.69247886003566,71.7297602393653,73.86685670150999,Estimación adecuada
Isabela,1980-1984,2,77.82732250278018,77.8486435442253,76.87941050454933,79.01512363478093,Estimación adecuada
Isabela,1985-1989,1,71.58083949829111,71.61616708396107,70.53358989519214,72.61639076630505,Estimación adecuada
Isabela,1985-1989,2,78.50099967900502,78.28457455540959,77.44732301042768,79.31283661902987,Estimación adecuada
Isabela,1990-1994,1,72.0475169163787,71.59719732958408,70.86989086541448,72.5317732611794,Estimación adecuada
Isabela,1990-1994,2,78.52411999469241,78.36346774815425,77.5533819258198,79.32025630719863,Estimación adecuada
Isabela,1995-1999,1,71.86251133480623,71.58756788906283,70.88333035439658,72.48231195154054,Estimación adecuada
Isabela,1995-1999,2,79.50480811685766,79.3074741418981,78.30991166631566,80.35747011247037,Estimación adecuada
Isabela,2000-2004,1,73.31643311223908,73.16028284446011,72.2392803378027,74.16700593126755,Estimación adecuada
Isabela,2000-2004,2,79.66880055796743,79.76113529704375,78.84000380478228,80.60739162967366,Estimación adecuada
Isabela,2005-2009,1,75.53006169201437,74.89128994806313,74.09770387798144,75.58786925666641,Estimación adecuada
Isabela,2005-2009,2,80.46868606139569,80.58928560030438,79.696502700796,81.46968928754629,Estimación adecuada
Isabela,2010-2014,1,76.3459756319445,76.05169704754844,75.17252541911704,76.887754919359935,Estimación adecuada
Isabela,2010-2014,2,82.99199255121863,82.574799063445,81.49397398770788,83.37895890800874,Estimación adecuada
Isabela,2015-2019,1,78.28631956544136,77.90590543171948,76.96114984109718,78.94325631098394,Estimación adecuada
Isabela,2015-2019,2,84.46499781522432,84.08368983584785,83.11497003197347,85.43594279552826,Estimación adecuada
Isabela,2020-2024,1,78.44494383134611,77.52946805992761,76.75211744230705,78.34163699144464,< e0 observado
Isabela,2020-2024,2,84.54430409037892,84.7973959125944,83.74820976348772,85.83095760372896,Estimación adecuada
Jayuya,1980-1984,1,71.54820346169252,71.8533112201532,70.74649278137869,72.69828680245973,Estimación adecuada
Jayuya,1980-1984,2,75.83217282493807,77.36254988309872,75.7813672673096,79.21777693334602,Estimación adecuada
Jayuya,1985-1989,1,71.8852739133792,71.49033578394639,70.15200961799754,72.51096774970546,Estimación adecuada
Jayuya,1985-1989,2,75.89535009908417,77.06861508157819,76.00423726047762,78.56961559497114,> e0 observado
Jayuya,1990-1994,1,71.61501384784762,71.12226598865138,70.09327022731067,72.42805162064131,Estimación adecuada
Jayuya,1990-1994,2,76.60405912768891,78.3150177963312,76.86560466713127,79.97757464268722,> e0 observado
Jayuya,1995-1999,1,72.762612067533,72.31281240534292,70.61344883640973,73.38063244102767,Estimación adecuada
Jayuya,1995-1999,2,78.02341987371616,78.62384465699573,77.37391383252327,79.80647325121296,Estimación adecuada
Jayuya,2000-2004,1,74.804694975474,73.7424503382344,72.56277971757874,74.91146500657445,Estimación adecuada
Jayuya,2000-2004,2,82.26030453801704,81.57820874362105,80.32945443848698,83.2192036251918,Estimación adecuada
Jayuya,2005-2009,1,76.29392429833622,75.42864144604391,74.32761359172993,76.62169365851298,Estimación adecuada
Jayuya,2005-2009,2,83.26574991380474,82.28898748611597,80.86251764028965,84.00503693333056,Estimación adecuada
Jayuya,2010-2014,1,77.86670993006521,77.12489586613292,76.03648255922516,78.45533993933293,Estimación adecuada
Jayuya,2010-2014,2,83.01935062086235,83.02042717302173,81.83526068893451,84.63553566373676,Estimación adecuada
Jayuya,2015-2019,1,79.09662441043547,78.14578349429618,76.75499394271833,79.60040677086715,Estimación adecuada
Jayuya,2015-2019,2,86.09536520292538,85.87629991733525,83.8841464409525,87.61851422802629,Estimación adecuada
Jayuya,2020-2024,1,80.33778345942194,79.32088472841914,77.80802590083036,81.30184083871787,Estimación adecuada
Jayuya,2020-2024,2,86.05790395955583,85.67729769169803,83.94207372739214,87.27772165227772,Estimación adecuada
Juana Diaz,1980-1984,1,71.10192241498234,70.81727887772517,69.87463248236699,71.88757007565198,Estimación adecuada
Juana Diaz,1980-1984,2,76.03760260059695,76.42418565252902,75.43406911348237,77.70626635504287,Estimación adecuada
Juana Diaz,1985-1989,1,70.59066146569734,70.66429776969946,69.76148682694935,71.53968288602837,Estimación adecuada
Juana Diaz,1985-1989,2,77.72376003285237,77.71166460582481,76.92476567171059,78.7669925651134,Estimación adecuada
Juana Diaz,1990-1994,1,70.59462619152536,70.71637386423973,69.62661434998458,71.46275197759924,Estimación adecuada
Juana Diaz,1990-1994,2,77.80758248720088,78.05962823368816,77.07169617761099,78.82830151371225,Estimación adecuada
Juana Diaz,1995-1999,1,70.63826210363753,70.61411409046066,70.02467314601049,71.41122573920083,Estimación adecuada
Juana Diaz,1995-1999,2,78.23721855538598,78.27164524188709,77.3636148609184,79.2953233216563,Estimación adecuada
Juana Diaz,2000-2004,1,72.42010194033637,72.46353179154156,71.86179799973493,73.53512712276087,Estimación adecuada
Juana Diaz,2000-2004,2,80.07095731748443,79.93671620089727,79.33072080501279,80.96693157827556,Estimación adecuada
Juana Diaz,2005-2009,1,74.09224072675535,74.2988157541356,73.49772553215124,75.08317398357586,Estimación adecuada
Juana Diaz,2005-2009,2,81.70478408921697,81.3611398505968,80.27787497495189,82.26227087085628,Estimación adecuada
Juana Diaz,2010-2014,1,75.9826744595313,75.98455193500482,74.92166374532658,76.76348095373861,Estimación adecuada
Juana Diaz,2010-2014,2,82.91141974537287,82.76579733827806,81.83561314113177,83.64519984355185,Estimación adecuada
Juana Diaz,2015-2019,1,77.4756453319244,77.46228168821523,76.62600863951849,78.3642728962207,Estimación adecuada
Juana Diaz,2015-2019,2,86.60689455981232,85.80027370398906,84.51687418185759,87.10645486039499,Estimación adecuada
Juana Diaz,2020-2024,1,76.12481522857756,76.67007779250066,75.78571065087736,77.5923441513831,Estimación adecuada
Juana Diaz,2020-2024,2,86.09723573194701,85.2112590351298,84.3006604573867,86.54004887864477,Estimación adecuada
Juncos,1980-1984,1,70.4832974097173,70.86883372268527,69.64760541830051,71.5786791762878,Estimación adecuada
Juncos,1980-1984,2,77.17475536145652,77.14747357334437,76.33737104370064,78.23138912973988,Estimación adecuada
Juncos,1985-1989,1,69.32349287604664,70.00281108934689,68.9126717569361,71.00068942058141,Estimación adecuada
Juncos,1985-1989,2,77.84087141019062,77.35865829881135,76.35894176091037,78.4899510444776,Estimación adecuada
Juncos,1990-1994,1,69.26314387145591,69.70411651546192,68.6884732575227,70.77347433557406,Estimación adecuada
Juncos,1990-1994,2,78.64376251745605,78.27185945960164,77.03374446208687,79.42868847485238,Estimación adecuada
Juncos,1995-1999,1,70.43259716290989,70.66336777086157,69.67357532569318,71.33079492805233,Estimación adecuada
Juncos,1995-1999,2,78.88321244236762,78.66966696240988,77.6775355079252,79.65388202602625,Estimación adecuada
Juncos,2000-2004,1,73.50676785386435,73.27572277350964,72.2887606612463,74.28427642345731,Estimación adecuada
Juncos,2000-2004,2,80.82760129992721,80.37809343175999,79.47217059072885,81.3659414708864,Estimación adecuada
Juncos,2005-2009,1,72.5823719234395,73.10803112592905,72.0827240719773,73.86521064946203,Estimación adecuada
Juncos,2005-2009,2,80.29148928265256,80.32608382681894,79.27902599741108,81.68273894839706,Estimación adecuada
Juncos,2010-2014,1,74.05814861532626,74.79685061273622,73.72074633705819,75.59180555862817,Estimación adecuada
Juncos,2010-2014,2,82.42841718245143,82.47890045954517,81.23107992315008,83.9935617331659,Estimación adecuada
Juncos,2015-2019,1,76.99651467647962,76.98361909036916,75.83557207963833,77.77857809264248,Estimación adecuada
Juncos,2015-2019,2,83.23323259682593,83.4217356058036,82.38102458169323,84.42745226656159,Estimación adecuada
Juncos,2020-2024,1,76.96779959385644,76.6523473779118,75.60029514261879,77.698666675722,Estimación adecuada
Juncos,2020-2024,2,85.00221618874696,84.38717711026261,83.27560876770104,85.5352435735114,Estimación adecuada
Lajas,1980-1984,1,72.46316902920564,72.03360855639662,71.07587010357324,73.10544069183406,Estimación adecuada
Lajas,1980-1984,2,77.35030656462364,77.77294756090191,76.61729218342128,79.11899629136255,Estimación adecuada
Lajas,1985-1989,1,73.36206024807198,72.60961062338205,71.56933913290366,73.74062925525966,Estimación adecuada
Lajas,1985-1989,2,77.65847465397064,77.78953830870557,76.57250748554264,78.86440791748166,Estimación adecuada
Lajas,1990-1994,1,72.37357825429245,72.18576154288644,71.08103883796744,73.12411634460081,Estimación adecuada
Lajas,1990-1994,2,79.66328406009775,79.29953364039419,78.21569264616004,80.71280568632885,Estimación adecuada
Lajas,1995-1999,1,72.56496891931091,72.10830931630349,71.0658620651833,72.89272808900512,Estimación adecuada
Lajas,1995-1999,2,79.70456393493818,79.70473674131307,78.62758438452477,81.06816421430273,Estimación adecuada
Lajas,2000-2004,1,74.14208023792457,73.96114676823458,73.20269080849975,74.9139625801009,Estimación adecuada
Lajas,2000-2004,2,81.18752068509266,80.88434718308056,79.86618186380547,82.12081650999194,Estimación adecuada
Lajas,2005-2009,1,76.68683187769454,75.55564192524027,74.43634635829574,76.56505960696387,< e0 observado
Lajas,2005-2009,2,81.73140373208773,81.55466606519443,80.70027624610644,82.46094938990002,Estimación adecuada
Lajas,2010-2014,1,76.92095663234578,76.45880165019415,75.33865625982529,77.65677810374734,Estimación adecuada
Lajas,2010-2014,2,83.39940774512145,83.49507841589742,82.15642429456103,84.45682081650565,Estimación adecuada
Lajas,2015-2019,1,79.16417400599892,78.06715575477175,77.04410336990603,79.39178071590635,Estimación adecuada
Lajas,2015-2019,2,84.33383648976294,84.87246657582743,83.48821458838744,86.12321304980195,Estimación adecuada
Lajas,2020-2024,1,78.13171144418278,77.59523111666816,76.43040613944132,78.5419169080832,Estimación adecuada
Lajas,2020-2024,2,85.69664696158718,85.5805090017697,84.18705315028048,86.96927808261188,Estimación adecuada
Lares,1980-1984,1,70.93967460008611,71.73989569025653,70.79957068679857,72.68768396846639,Estimación adecuada
Lares,1980-1984,2,80.07304720190547,79.7657616385028,78.45523591344549,81.26241421483059,Estimación adecuada
Lares,1985-1989,1,72.07284835603735,72.29141975569989,71.42425265112715,73.4295535493277,Estimación adecuada
Lares,1985-1989,2,80.12906339800288,79.66165129924164,78.48646866869629,80.9974353921657,Estimación adecuada
Lares,1990-1994,1,71.99408741634562,71.97781151984626,71.13191509737024,72.74513378145609,Estimación adecuada
Lares,1990-1994,2,78.72924701770712,78.7237118937224,77.65127479475663,79.77022344347881,Estimación adecuada
Lares,1995-1999,1,74.58529726703922,73.92303019215527,72.77032042904199,74.9188261295464,Estimación adecuada
Lares,1995-1999,2,81.29595428708723,80.79100310612986,79.64380790659571,81.93801974432006,Estimación adecuada
Lares,2000-2004,1,75.1110712856121,74.75843032735187,73.79125805310728,75.89918744620695,Estimación adecuada
Lares,2000-2004,2,81.70641489338435,81.70193800675523,80.47445270905345,82.97186625171486,Estimación adecuada
Lares,2005-2009,1,76.5462882162104,75.70992944211048,74.77723925599102,76.49536034565128,< e0 observado
Lares,2005-2009,2,82.28400989612267,82.01591952612061,81.0313011042025,83.11434052165302,Estimación adecuada
Lares,2010-2014,1,79.39080265192932,78.32796151484169,77.20200977724741,79.53971915050943,Estimación adecuada
Lares,2010-2014,2,82.72140750112155,82.47496740029078,81.34817505121737,83.45602031361305,Estimación adecuada
Lares,2015-2019,1,78.13032401868809,77.88885449840409,76.95474824503692,78.99264835835861,Estimación adecuada
Lares,2015-2019,2,84.424471152182,84.34003407889934,83.26752219476796,85.51475549783524,Estimación adecuada
Lares,2020-2024,1,77.84495769277572,78.12429005482021,76.98634109677089,79.13744455344676,Estimación adecuada
Lares,2020-2024,2,84.10188803972103,84.5885073682577,83.63583580316399,85.57134088357586,Estimación adecuada
Las Marias,1980-1984,1,73.81563474744125,73.46673416368887,72.30648500316606,75.25643255616549,Estimación adecuada
Las Marias,1980-1984,2,83.88520673112671,81.21438313518101,79.38779284198839,83.35947402671428,< e0 observado
Las Marias,1985-1989,1,73.62469730038673,73.09819017899252,71.79270572840605,74.7027708109102,Estimación adecuada
Las Marias,1985-1989,2,78.14820547870697,79.80199161510927,78.43359311216304,81.66408982129819,> e0 observado
Las Marias,1990-1994,1,74.00881730690156,73.33894666049679,71.72110460934115,75.38754664475624,Estimación adecuada
Las Marias,1990-1994,2,80.22328205184606,80.69860516615798,79.28818953838959,82.53712259506665,Estimación adecuada
Las Marias,1995-1999,1,75.13206537448636,73.60139480267759,72.33791794028454,74.9164029731476,< e0 observado
Las Marias,1995-1999,2,81.22000339132549,81.26574043789637,79.43612556014713,82.69403408687839,Estimación adecuada
Las Marias,2000-2004,1,77.0746887546824,75.85820608731157,74.25633272958551,77.02356582706231,< e0 observado
Las Marias,2000-2004,2,81.22993587246654,82.64072564840585,80.7416681639429,84.64112279486557,Estimación adecuada
Las Marias,2005-2009,1,78.94241289794024,77.07149140482446,75.60872089284094,78.73357849396322,< e0 observado
Las Marias,2005-2009,2,82.45741722564794,83.66409013142204,81.77020317033838,85.70845247860916,Estimación adecuada
Las Marias,2010-2014,1,78.9874533300309,77.39138939538923,76.25232771433284,78.78162061347732,< e0 observado
Las Marias,2010-2014,2,85.68826589307866,84.9776411346898,83.18499409105823,86.85104203863601,Estimación adecuada
Las Marias,2015-2019,1,78.44180353450636,79.24324360861988,77.91991590687347,81.00138458516136,Estimación adecuada
Las Marias,2015-2019,2,86.2119644760504,85.8810579198264,84.28827428153187,88.3514606672081,Estimación adecuada
Las Marias,2020-2024,1,78.65869602395698,78.91840887925314,77.50930238807734,80.74642470755836,Estimación adecuada
Las Marias,2020-2024,2,88.4892406052294,87.43813006870249,85.26050524349267,90.35502266543105,Estimación adecuada
Las Piedras,1980-1984,1,72.4628953772312,72.55992500726683,71.40329624243064,73.88818557353628,Estimación adecuada
Las Piedras,1980-1984,2,77.65886672068534,78.13962702643988,77.03700926826852,79.336155779499,Estimación adecuada
Las Piedras,1985-1989,1,72.6175420547073,72.32106126391437,71.27594836137838,73.3194725831367,Estimación adecuada
Las Piedras,1985-1989,2,79.00116087428613,79.07642302897239,77.91922920136258,80.30286683648035,Estimación adecuada
Las Piedras,1990-1994,1,71.55978947014577,71.65189681066134,70.83919036102978,72.63210062654244,Estimación adecuada
Las Piedras,1990-1994,2,78.8936505301308,78.87460115875015,77.75921767671636,79.9141966901838,Estimación adecuada
Las Piedras,1995-1999,1,73.7555375015721,73.03192519463764,72.10605120100823,73.95721570469533,Estimación adecuada
Las Piedras,1995-1999,2,79.79933667371475,79.65255465784185,78.42527531973062,80.8229698903979,Estimación adecuada
Las Piedras,2000-2004,1,74.83778165388009,74.57748607087944,73.7932336421587,75.70202334694946,Estimación adecuada
Las Piedras,2000-2004,2,80.54014043533199,80.406273734549,79.40844837194183,81.41301511001714,Estimación adecuada
Las Piedras,2005-2009,1,76.55584156350447,75.92582865985716,74.98468506861006,76.81446632886778,Estimación adecuada
Las Piedras,2005-2009,2,82.30870059101942,82.44277075106689,81.40799492095744,83.70218748001315,Estimación adecuada
Las Piedras,2010-2014,1,75.93351372986655,76.5012167717188,75.33672113029178,77.47602623902027,Estimación adecuada
Las Piedras,2010-2014,2,82.5650052808105,82.68819655194804,81.66546196658018,83.847444933404,Estimación adecuada
Las Piedras,2015-2019,1,78.58935894309695,78.32616616063619,77.27001948975175,79.48574777312396,Estimación adecuada
Las Piedras,2015-2019,2,85.3607640329745,85.09128740690127,83.96177606422918,86.4045255677016,Estimación adecuada
Las Piedras,2020-2024,1,77.65607135099413,77.92541285734686,76.74537874387917,78.88393465056416,Estimación adecuada
Las Piedras,2020-2024,2,85.02534012586074,84.88791347104213,83.95277660844266,86.19132142566173,Estimación adecuada
Loiza,1980-1984,1,71.29708119790713,70.98219382109221,69.64939579964255,72.02959594481554,Estimación adecuada
Loiza,1980-1984,2,77.96280313581073,77.58487401391037,76.40762400860766,79.38991862645867,Estimación adecuada
Loiza,1985-1989,1,71.11235934077855,70.70667634833495,69.26378225328105,71.86257060906894,Estimación adecuada
Loiza,1985-1989,2,79.76441464134875,78.83585906262246,77.18237024587123,80.22360243385953,Estimación adecuada
Loiza,1990-1994,1,68.65505357436209,69.22112682889355,67.94102157482769,70.1877757733212,Estimación adecuada
Loiza,1990-1994,2,77.83527198679872,77.73635069634268,76.47024562424755,78.79735965925255,Estimación adecuada
Loiza,1995-1999,1,67.54575668322258,68.9309345572636,67.89797282388747,70.07019776146629,> e0 observado
Loiza,1995-1999,2,80.44991909621369,79.56676216034757,78.11517254889861,81.21460494259438,Estimación adecuada
Loiza,2000-2004,1,69.21795433977262,70.9977562900412,69.95167041729101,71.99288768497956,> e0 observado
Loiza,2000-2004,2,83.71722475677984,82.02499736873197,80.38544229612239,83.60522973355259,< e0 observado
Loiza,2005-2009,1,69.49244819404063,71.71687443156915,70.49949220559931,73.04199441582116,> e0 observado
Loiza,2005-2009,2,81.62588342717608,81.41110894785,80.07442978869298,82.58716687177103,Estimación adecuada
Loiza,2010-2014,1,72.71620374599513,74.52476444370993,73.12538030940995,75.56696898625745,> e0 observado
Loiza,2010-2014,2,83.22740715687155,82.90006113917383,81.55313626864631,84.34608342580985,Estimación adecuada
Loiza,2015-2019,1,76.42256809809959,76.89252555986292,75.79304093365286,78.28489217785769,Estimación adecuada
Loiza,2015-2019,2,84.58243093379357,84.68905122324023,83.33211456120056,86.08167093205631,Estimación adecuada
Loiza,2020-2024,1,74.30071613355503,75.78094694375211,74.66228053717683,76.99960052679643,> e0 observado
Loiza,2020-2024,2,85.89228425330265,85.06909673779002,83.3457832347408,86.52247628103669,Estimación adecuada
Luquillo,1980-1984,1,71.32237106066451,70.87408443326348,69.92513951314982,72.3520624040151,Estimación adecuada
Luquillo,1980-1984,2,96.21054523115929,80.146738672499,78.58343387200883,83.92284488543288,< e0 observado
Luquillo,1985-1989,1,70.58391307233262,70.57249475060871,69.25091059603058,71.70735655661849,Estimación adecuada
Luquillo,1985-1989,2,75.85277823303889,76.7563324275838,75.53368100537696,78.05358315214278,Estimación adecuada
Luquillo,1990-1994,1,69.78687362564872,69.94108557528638,68.57637279674239,71.53770347319278,Estimación adecuada
Luquillo,1990-1994,2,78.65540822491414,78.21439399240863,76.95831742580006,79.932301036765125,Estimación adecuada
Luquillo,1995-1999,1,68.84529148191722,69.580863990399,68.22484476656568,70.90656670177535,Estimación adecuada
Luquillo,1995-1999,2,77.57073371934368,77.94032731775621,76.41262318250456,79.02450759815744,Estimación adecuada
Luquillo,2000-2004,1,71.56692809461028,72.11973991155307,70.9288832596232,73.338871336035,Estimación adecuada
Luquillo,2000-2004,2,80.93857359304148,80.52272894717808,79.24165297007234,81.9671443480712,Estimación adecuada
Luquillo,2005-2009,1,73.66197666420697,73.87228688057876,72.77032279410989,75.11558874983216,Estimación adecuada
Luquillo,2005-2009,2,80.16453384109049,80.30707487075247,78.77771260190741,81.51652798201198,Estimación adecuada
Luquillo,2010-2014,1,74.125398030716255,75.14732011564404,73.98602972847125,76.36964066979564,Estimación adecuada
Luquillo,2010-2014,2,83.56937802942338,83.13147038995149,81.57101964882884,84.43319640064871,Estimación adecuada
Luquillo,2015-2019,1,78.24158315716944,77.23174003205204,76.25208263272467,78.2571150672018,Estimación adecuada
Luquillo,2015-2019,2,86.16375324393145,85.25084478418098,83.62303808872005,87.33932666553095,Estimación adecuada
Luquillo,2020-2024,1,76.82778593702754,76.56570216700354,75.44217045611728,77.79229025800494,Estimación adecuada
Luquillo,2020-2024,2,84.96686508096819,84.63363645771781,83.29326843709148,86.48290129255645,Estimación adecuada
Manati,1980-1984,1,69.99769254598455,70.27935550466225,69.28681923444023,71.06296378972894,Estimación adecuada
Manati,1980-1984,2,76.91897319341015,77.03165131200721,76.09458018541491,78.19321674296047,Estimación adecuada
Manati,1985-1989,1,69.40848405753856,69.89737368095678,69.17238709238438,70.76494713005042,Estimación adecuada
Manati,1985-1989,2,78.1365208528677,77.98972942635743,77.00019789177794,78.78556903223517,Estimación adecuada
Manati,1990-1994,1,69.23507276864738,69.90424834680863,68.69320327653278,70.84481901656756,Estimación adecuada
Manati,1990-1994,2,78.13694859634435,77.85746067996205,76.94240084314092,78.79812017410254,Estimación adecuada
Manati,1995-1999,1,70.56621278613628,70.90217648594793,69.76056103041911,71.57140266416546,Estimación adecuada
Manati,1995-1999,2,78.18010801536123,78.30052886990086,77.32782284055651,79.32822706803005,Estimación adecuada
Manati,2000-2004,1,73.5059956746808,73.25581618457744,72.52459719140245,74.12609091574458,Estimación adecuada
Manati,2000-2004,2,79.921946292628,79.6947315485072,78.92830091253175,80.57436424149007,Estimación adecuada
Manati,2005-2009,1,74.42317304268016,74.46611933520656,73.68859365030715,75.3510471394274,Estimación adecuada
Manati,2005-2009,2,81.69558612867581,81.36581264892598,80.3169997614006,82.4414100576664,Estimación adecuada
Manati,2010-2014,1,75.79949582054559,75.7309095854588,74.78208112924257,76.59563803947032,Estimación adecuada
Manati,2010-2014,2,82.46392723255103,82.15565446130003,81.16548326559237,83.23264396416997,Estimación adecuada
Manati,2015-2019,1,76.50082129222024,76.90465345339837,76.0066558233901,77.67254556482158,Estimación adecuada
Manati,2015-2019,2,84.47543845885097,84.11678808693146,83.17099515784724,85.10458389100525,Estimación adecuada
Manati,2020-2024,1,76.6410779362147,76.4978149223472,75.58961843023184,77.5542479250081,Estimación adecuada
Manati,2020-2024,2,84.79279277649533,84.52840198183523,83.59252066883323,85.55589413237712,Estimación adecuada
Maricao,1980-1984,1,68.60202825310121,71.74085050373145,69.93270419181835,73.09608739884835,> e0 observado
Maricao,1980-1984,2,78.09479107390814,78.96307273751442,76.94889224736016,81.25516459467289,Estimación adecuada
Maricao,1985-1989,1,74.96773339223955,72.766224697333,71.36202678384942,74.35318322820942,< e0 observado
Maricao,1985-1989,2,78.61629942834107,79.48397194373194,77.92370981625935,81.7036824172786,Estimación adecuada
Maricao,1990-1994,1,71.6682444194189,71.65363611776867,70.0865755908122,73.38957049405683,Estimación adecuada
Maricao,1990-1994,2,78.7855059436943,79.77726565924544,77.77600559610423,81.58346752439962,Estimación adecuada
Maricao,1995-1999,1,71.33878340346546,72.04224516882635,70.77452898183398,73.59855972288511,Estimación adecuada
Maricao,1995-1999,2,78.99834861586001,80.2903014683489,77.94017271664893,82.17580667926197,Estimación adecuada
Maricao,2000-2004,1,77.71513177879464,75.40397342353495,73.31190518026379,77.32905543188906,< e0 observado
Maricao,2000-2004,2,80.22542908124815,81.52734839274228,79.99153788113253,84.03069547919114,Estimación adecuada
Maricao,2005-2009,1,77.40367339569201,75.5304838379816,73.7291462384688,77.2856151484405,< e0 observado
Maricao,2005-2009,2,82.65920888615886,82.9614535271792,81.15860109213416,86.33630950993157,Estimación adecuada
Maricao,2010-2014,1,78.78632855189304,77.09770709090685,75.22269642117307,78.98177652569612,Estimación adecuada
Maricao,2010-2014,2,86.34203171038145,85.56626947298466,83.43959574348173,88.73132627337678,Estimación adecuada
Maricao,2015-2019,1,75.94252949549474,77.91347593246725,76.44198528881458,79.46021337043055,> e0 observado
Maricao,2015-2019,2,88.98166952275554,86.83706236258098,84.31333288110078,92.54619792543699,Estimación adecuada
Maricao,2020-2024,1,78.97029384636113,78.3657898745818,76.46725648847243,80.67123354850845,Estimación adecuada
Maricao,2020-2024,2,84.52027651105944,84.19302812059428,82.29743872425851,86.29951473350093,Estimación adecuada
Maunabo,1980-1984,1,71.14680086853208,71.78629647287934,70.56146013114265,73.17237446264866,Estimación adecuada
Maunabo,1980-1984,2,78.1067644645637,78.5987394002918,76.94542110974227,79.87856366113472,Estimación adecuada
Maunabo,1985-1989,1,73.14754634531097,72.09288746425538,70.86797367162637,73.49808927659888,Estimación adecuada
Maunabo,1985-1989,2,80.26716511735238,79.36330507044079,77.56083741786637,81.1517108505675,Estimación adecuada
Maunabo,1990-1994,1,72.41659695481869,72.11435296292376,70.77464749219155,73.61498709826404,Estimación adecuada
Maunabo,1990-1994,2,80.63599878230829,79.96372526639036,79.03710969558969,81.83778756540059,Estimación adecuada
Maunabo,1995-1999,1,71.29560582062038,71.4913748889676,70.26428711714004,72.6229002566763,Estimación adecuada
Maunabo,1995-1999,2,79.21035551708708,79.79296482702708,78.3526874312528,81.39645615047573,Estimación adecuada
Maunabo,2000-2004,1,73.80432839475543,73.8260770435306,72.32469853410298,75.13648951715544,Estimación adecuada
Maunabo,2000-2004,2,81.50289326156216,81.07972867256436,79.94255073436074,82.7827693993172,Estimación adecuada
Maunabo,2005-2009,1,74.64232752557565,74.28776129019835,73.15377122444181,75.71856910572875,Estimación adecuada
Maunabo,2005-2009,2,82.94220641756984,83.0010112215005,81.07619084059439,84.86373623207831,Estimación adecuada
Maunabo,2010-2014,1,74.8339607817344,75.64975339631161,74.52659547615255,76.77339393086845,Estimación adecuada
Maunabo,2010-2014,2,84.96652627183896,84.8097694937725,83.34318753164082,87.54251728719254,Estimación adecuada
Maunabo,2015-2019,1,78.86941488241771,77.71337850391203,76.47719584213604,79.30242461485618,Estimación adecuada
Maunabo,2015-2019,2,85.85027789954904,85.62435865279355,83.56233586916987,87.74462570226167,Estimación adecuada
Maunabo,2020-2024,1,73.9175174535675,76.27773109031199,75.17944177827695,77.58444594957598,> e0 observado
Maunabo,2020-2024,2,82.49945155414667,83.11769507757066,81.69112395892108,84.59579409556116,Estimación adecuada
Mayaguez,1980-1984,1,70.16347210674796,70.28954631153147,69.74614620956733,70.92731032532743,Estimación adecuada
Mayaguez,1980-1984,2,77.60512196844877,77.31543895702842,76.74262797819614,77.90285510548537,Estimación adecuada
Mayaguez,1985-1989,1,70.43422694514761,70.54820124056454,70.05055411433447,71.27599237359004,Estimación adecuada
Mayaguez,1985-1989,2,77.94340408933364,77.84150498406996,77.19329196028116,78.4274017937794,Estimación adecuada
Mayaguez,1990-1994,1,70.24642591292358,70.25954841210883,69.66307373537059,70.91303396103515,Estimación adecuada
Mayaguez,1990-1994,2,78.67215935241931,78.36550856972926,77.65861052818757,79.03409851124266,Estimación adecuada
Mayaguez,1995-1999,1,70.79228679899191,70.91507097327262,70.30968122051726,71.53245516787169,Estimación adecuada
Mayaguez,1995-1999,2,79.57023177554109,79.37763852093306,78.75658788787857,79.96955069458913,Estimación adecuada
Mayaguez,2000-2004,1,73.63502357565517,73.51292779427345,72.8812798538411,74.19708989692037,Estimación adecuada
Mayaguez,2000-2004,2,81.32752458798765,81.01632220175998,80.44438253121265,81.76238319229563,Estimación adecuada
Mayaguez,2005-2009,1,73.96494214443702,73.99110659549302,73.37695495592828,74.74037928997944,Estimación adecuada
Mayaguez,2005-2009,2,81.49974889865346,81.30840264457706,80.56853850754841,82.00507690333369,Estimación adecuada
Mayaguez,2010-2014,1,74.96249416874119,74.95052107476528,74.18674549102418,75.55196183106119,Estimación adecuada
Mayaguez,2010-2014,2,82.81805760395481,82.73731015375478,82.00322172133744,83.39122064037066,Estimación adecuada
Mayaguez,2015-2019,1,77.18178911462695,77.34096053345453,76.6588676149347,77.92871108699708,Estimación adecuada
Mayaguez,2015-2019,2,85.03789447163464,85.05262634024405,84.11347548847559,85.84567864506334,Estimación adecuada
Mayaguez,2020-2024,1,76.09571809909919,76.59702026220262,75.63941127273552,77.3727627992032,Estimación adecuada
Mayaguez,2020-2024,2,84.85251261520094,84.78102722986226,83.94127234470673,85.79445272570652,Estimación adecuada
Moca,1980-1984,1,71.47861356859958,72.29345855294675,71.26483371255443,73.67533677099495,Estimación adecuada
Moca,1980-1984,2,77.57729967024724,78.24120717146303,76.83937298186572,79.35697432575313,Estimación adecuada
Moca,1985-1989,1,74.13223338906987,73.39370685227452,72.60844229728428,74.39434867019003,Estimación adecuada
Moca,1985-1989,2,78.76717836323876,78.79259237667333,77.77673811446907,80.17148726702209,Estimación adecuada
Moca,1990-1994,1,74.38613122856178,73.64766405235781,72.78641900559101,74.79707492943638,Estimación adecuada
Moca,1990-1994,2,79.33086248782432,79.23154987938061,78.27287086833678,80.18200740436522,Estimación adecuada
Moca,1995-1999,1,73.93016893221346,73.47824682471355,72.59117495681454,74.20787195571867,Estimación adecuada
Moca,1995-1999,2,79.92298518560595,79.5576788098471,78.694245166288,80.67597071490724,Estimación adecuada
Moca,2000-2004,1,76.88913106198095,75.97384540165896,75.04975766442874,77.04250070853357,Estimación adecuada
Moca,2000-2004,2,81.20152141336699,81.40945862049702,80.17071417843701,82.69329781629699,Estimación adecuada
Moca,2005-2009,1,78.23027972920578,77.17810025378857,76.38032177774869,78.23006477667599,< e0 observado
Moca,2005-2009,2,81.64729368972594,81.94157756085212,80.98128544958212,83.00034587646378,Estimación adecuada
Moca,2010-2014,1,78.39894219071823,77.90209422241172,77.00823376151976,79.0506133622288,Estimación adecuada
Moca,2010-2014,2,82.3431083414248,82.62312030674505,81.53896124641403,83.59473444362243,Estimación adecuada
Moca,2015-2019,1,78.86942315370179,78.65431036152393,77.53630384553986,79.65906198102768,Estimación adecuada
Moca,2015-2019,2,85.12050775808935,85.08893767489806,84.03637695766255,86.32264244444137,Estimación adecuada
Moca,2020-2024,1,79.5196148813842,79.09970764819022,78.36269278097126,80.03368280737905,Estimación adecuada
Moca,2020-2024,2,84.83463123511952,85.05545028221448,84.07039408877094,86.08706155484148,Estimación adecuada
Morovis,1980-1984,1,72.75449760171898,72.74908191686973,71.77525395346228,73.93176907512714,Estimación adecuada
Morovis,1980-1984,2,79.58978615306602,79.53056123018689,78.09937189613242,81.02231965685473,Estimación adecuada
Morovis,1985-1989,1,73.00155031190296,72.75790759671267,71.52175802610785,74.02837376705006,Estimación adecuada
Morovis,1985-1989,2,79.18909920848033,79.17375688443668,77.84660463057256,80.52929990166234,Estimación adecuada
Morovis,1990-1994,1,74.7129408866261,73.61388565085034,72.46006968348807,74.62903160676066,< e0 observado
Morovis,1990-1994,2,79.13950712220092,79.39106934594082,78.1105536842575,80.52578350430383,Estimación adecuada
Morovis,1995-1999,1,72.82153464768288,72.6944770916805,71.77740755826296,73.85317858238366,Estimación adecuada
Morovis,1995-1999,2,80.70735984476201,80.70894490403543,79.20349426460362,82.56063027238301,Estimación adecuada
Morovis,2000-2004,1,74.10293235770516,74.56022146576863,73.51375822759121,75.79232497007878,Estimación adecuada
Morovis,2000-2004,2,82.09073872809745,82.05516037280321,80.61891115631094,83.68792927257013,Estimación adecuada
Morovis,2005-2009,1,76.91529332323657,76.22354312132855,75.22513206558665,77.13684794972099,Estimación adecuada
Morovis,2005-2009,2,83.05104709140619,82.69685495460162,81.2838537077051,84.33408084655244,Estimación adecuada
Morovis,2010-2014,1,77.08123150152963,77.37165475433409,76.28050771292169,78.6525566662435,Estimación adecuada
Morovis,2010-2014,2,83.34182688922566,83.21455679365293,82.09465318357064,84.72175526873575,Estimación adecuada
Morovis,2015-2019,1,78.96515859481998,78.46206796910892,77.38237915306524,79.4267032971625,Estimación adecuada
Morovis,2015-2019,2,87.15880943526801,86.20290241690049,84.59462395868377,87.45366320270482,Estimación adecuada
Morovis,2020-2024,1,78.2458123408178,78.5449961492167,77.77125380112898,79.94914429229672,Estimación adecuada
Morovis,2020-2024,2,84.91369846953171,85.56408904860545,84.12674113560807,86.89689871095844,Estimación adecuada
Naguabo,1980-1984,1,71.84412346105836,71.73633697217585,70.4511772949513,72.81518656781834,Estimación adecuada
Naguabo,1980-1984,2,76.70981740677908,76.83856296972321,75.54691763542667,78.01621274882973,Estimación adecuada
Naguabo,1985-1989,1,70.3877807756849,70.686031724823,69.42198477181324,71.71967332047448,Estimación adecuada
Naguabo,1985-1989,2,77.29975247108982,77.32386903616458,76.32587977827657,78.34004865042863,Estimación adecuada
Naguabo,1990-1994,1,69.935755323165,70.11937131457549,68.9878830943619,71.10238717308114,Estimación adecuada
Naguabo,1990-1994,2,77.27690861530172,77.90784493599284,76.53411822946606,79.12659733346975,Estimación adecuada
Naguabo,1995-1999,1,69.72322516574484,70.23135371749808,68.87835563961134,70.98358628848672,Estimación adecuada
Naguabo,1995-1999,2,76.82881627212045,77.23871297973331,76.20013114118241,78.26953294385217,Estimación adecuada
Naguabo,2000-2004,1,72.06654411146116,72.31754700356367,70.97917430182397,73.31758052201481,Estimación adecuada
Naguabo,2000-2004,2,79.7628328934226,80.13699197981902,78.67552741002947,81.26298660571834,Estimación adecuada
Naguabo,2005-2009,1,73.77862572143668,73.83723563787981,72.7490785271946,74.81656395422183,Estimación adecuada
Naguabo,2005-2009,2,80.62404690696854,80.8315174695457,79.83069788884607,82.01460755048055,Estimación adecuada
Naguabo,2010-2014,1,75.11164062971052,75.0291960179485,73.81053830589025,76.03287578665028,Estimación adecuada
Naguabo,2010-2014,2,82.93958682980916,82.50325511486835,81.03309089925926,84.01471326551192,Estimación adecuada
Naguabo,2015-2019,1,76.26882750450046,76.13790025260072,75.1361688766687,77.63230246407568,Estimación adecuada
Naguabo,2015-2019,2,84.83022686610576,84.36160370526574,82.85764658719773,85.61478020000104,Estimación adecuada
Naguabo,2020-2024,1,77.23171232523964,76.8255249885662,75.92832883672332,77.87931590074305,Estimación adecuada
Naguabo,2020-2024,2,83.84568426869097,83.81024690357125,82.3287087149985,85.30822119928969,Estimación adecuada
Naranjito,1980-1984,1,74.98820136337291,74.07912693761321,72.87497065886947,75.44419604486365,Estimación adecuada
Naranjito,1980-1984,2,82.09597951709326,80.71796104573932,79.2959742674513,82.27459160049204,Estimación adecuada
Naranjito,1985-1989,1,74.14321504502335,73.32689692092154,72.28279736377189,74.49335552680591,Estimación adecuada
Naranjito,1985-1989,2,81.17666750110004,80.45938794731236,79.36683087939863,82.13609272196038,Estimación adecuada
Naranjito,1990-1994,1,72.65469281143538,72.73037170421358,71.61392338409622,74.22791916906664,Estimación adecuada
Naranjito,1990-1994,2,80.53672985190586,80.63993312692438,79.25978713372407,82.12391227511444,Estimación adecuada
Naranjito,1995-1999,1,71.78384170584214,72.1537328596812,70.94998007511195,72.98262842385049,Estimación adecuada
Naranjito,1995-1999,2,81.60503745588989,81.05248364146206,79.89405609524027,82.29257806266827,Estimación adecuada
Naranjito,2000-2004,1,75.02066724722975,74.87704858361548,73.61761115891579,76.01173111482532,Estimación adecuada
Naranjito,2000-2004,2,82.02786957174214,81.9365943004658,80.84595572910693,83.29014788695395,Estimación adecuada
Naranjito,2005-2009,1,75.97305227428454,76.09882577544204,74.84033995750201,77.38999562403414,Estimación adecuada
Naranjito,2005-2009,2,81.50399850212823,81.92514269003232,80.84293051605437,82.89212939231051,Estimación adecuada
Naranjito,2010-2014,1,78.20596950921357,77.68864512775374,76.44196750515528,78.71121853794996,Estimación adecuada
Naranjito,2010-2014,2,82.65441935713193,83.49794776157958,82.43119302565844,84.88821494714968,Estimación adecuada
Naranjito,2015-2019,1,79.79942567224485,79.56999435917209,78.48347443939957,80.79081167707238,Estimación adecuada
Naranjito,2015-2019,2,86.72388771081324,86.70894758723252,85.75825496975762,88.62855656332651,Estimación adecuada
Naranjito,2020-2024,1,76.58250173203984,77.44865537712778,76.36736050692943,78.45978342913764,Estimación adecuada
Naranjito,2020-2024,2,85.5864530860636,85.18040369310656,84.20242148326614,86.90809106481876,Estimación adecuada
Orocovis,1980-1984,1,73.68697408485414,73.43197819030256,72.05549667560122,74.97778704143742,Estimación adecuada
Orocovis,1980-1984,2,79.52890987399995,79.42606785313944,78.03332717548702,80.7474902612523,Estimación adecuada
Orocovis,1985-1989,1,72.86313442913975,72.67013726618123,71.5493765768378,73.70838619051293,Estimación adecuada
Orocovis,1985-1989,2,83.00284611084997,81.15711293169855,79.46606825537202,83.28539532460778,Estimación adecuada
Orocovis,1990-1994,1,70.6546043654978,71.34873842258807,69.90316319820172,72.46581880768733,Estimación adecuada
Orocovis,1990-1994,2,80.6362204849656,80.37871901040853,78.8342461114715,81.85251415061259,Estimación adecuada
Orocovis,1995-1999,1,73.67698769121861,73.18587177566913,72.19855178252325,74.31693077325025,Estimación adecuada
Orocovis,1995-1999,2,79.89715435282756,79.95030544608582,78.87901950151331,81.49804109709791,Estimación adecuada
Orocovis,2000-2004,1,74.30531059061678,74.329703633251,73.35152850232981,75.59986538958519,Estimación adecuada
Orocovis,2000-2004,2,82.7682053865501,82.32701489028332,80.94084652549198,83.87866961872105,Estimación adecuada
Orocovis,2005-2009,1,75.65599075985115,75.54575597532701,74.47431839513328,76.45239933058676,Estimación adecuada
Orocovis,2005-2009,2,81.23465089468093,81.60504580650007,80.36118594234361,83.26338813931054,Estimación adecuada
Orocovis,2010-2014,1,78.72609688729915,77.70838720858423,76.75784072018305,79.239443689393,Estimación adecuada
Orocovis,2010-2014,2,83.46032948812693,83.27763999464531,81.95312047516171,85.07230270306388,Estimación adecuada
Orocovis,2015-2019,1,78.31348130255999,78.00278769769852,77.06575841536394,79.32298105137104,Estimación adecuada
Orocovis,2015-2019,2,84.96910673692187,85.13132526613177,83.90864256095637,86.82072461436883,Estimación adecuada
Orocovis,2020-2024,1,77.80883766643083,78.4764189994264,76.99056347146953,80.52768130923295,Estimación adecuada
Orocovis,2020-2024,2,84.81893104480201,84.70063012477695,83.39143988473155,86.14665850557583,Estimación adecuada
Patillas,1980-1984,1,71.2919207839744,71.73474771622824,70.58197982303636,72.790820710279,Estimación adecuada
Patillas,1980-1984,2,77.55331848134108,77.679939822824835,76.21085377023516,79.09753035555379,Estimación adecuada
Patillas,1985-1989,1,71.37552114824256,70.92630691181714,69.82856228466039,72.02219780795605,Estimación adecuada
Patillas,1985-1989,2,79.24042850774778,78.68637279430197,77.46754058661693,79.735139503775,Estimación adecuada
Patillas,1990-1994,1,72.50760666915836,71.68178611675866,70.37205380299709,72.83337605986897,Estimación adecuada
Patillas,1990-1994,2,78.396020908419,78.46548760110335,77.0365279786482,79.49589151140518,Estimación adecuada
Patillas,1995-1999,1,71.16809015939647,71.40012819154308,70.31523262708586,72.537245790838,Estimación adecuada
Patillas,1995-1999,2,78.52476688729733,78.35537517444763,76.78347932192412,79.51844005989369,Estimación adecuada
Patillas,2000-2004,1,73.84030571885792,73.67010717829135,72.64852622666554,74.85942233676141,Estimación adecuada
Patillas,2000-2004,2,80.28524555250978,80.72146759785021,79.31630815085043,81.85106850787156,Estimación adecuada
Patillas,2005-2009,1,74.71797456893655,74.36443708849686,73.34392173723725,75.56237221597206,Estimación adecuada
Patillas,2005-2009,2,82.37229150118687,81.50593540182633,80.18217061524302,82.81478119005835,Estimación adecuada
Patillas,2010-2014,1,75.64302541877272,76.1301461621922,74.66271944470807,77.3993476337716,Estimación adecuada
Patillas,2010-2014,2,82.97344642216791,83.20758960569609,81.94816180765594,84.83377770666903,Estimación adecuada
Patillas,2015-2019,1,77.44243369136635,77.26388579567097,76.14587731329519,78.72969916401959,Estimación adecuada
Patillas,2015-2019,2,85.62464985032581,85.4718454272404,84.1369278229653,87.4513004288932,Estimación adecuada
Patillas,2020-2024,1,75.4428131511174,76.49619174147014,75.38832127328926,77.47114144670489,Estimación adecuada
Patillas,2020-2024,2,83.73266646624228,85.43695687036201,84.01019090370716,86.90898863839375,> e0 observado
Penuelas,1980-1984,1,72.35786944424055,71.69579942540051,70.57561001989762,72.91357438976891,Estimación adecuada
Penuelas,1980-1984,2,77.42169553222374,77.5757388219017,76.3729396126451,78.88413748064409,Estimación adecuada
Penuelas,1985-1989,1,72.76539154925341,71.94218264906797,70.83666708353172,73.03470550325841,Estimación adecuada
Penuelas,1985-1989,2,78.26925344407194,78.05141637597278,76.71281306706047,79.48594417244672,Estimación adecuada
Penuelas,1990-1994,1,71.6518283419231,71.27609763458221,70.17125464096549,72.39466067255556,Estimación adecuada
Penuelas,1990-1994,2,78.09730287289996,78.14709260824232,77.06072279746414,79.61994186244775,Estimación adecuada
Penuelas,1995-1999,1,72.51086800891099,71.88649765019396,70.69239030645298,73.14203672577887,Estimación adecuada
Penuelas,1995-1999,2,77.85186468595465,78.47972561629177,77.50779778689075,80.01092900504301,Estimación adecuada
Penuelas,2000-2004,1,73.06979986248778,73.0038343779488,71.90414720527161,73.97259222361771,Estimación adecuada
Penuelas,2000-2004,2,80.74681115313095,80.79942185176827,79.37714195682375,82.47264276504634,Estimación adecuada
Penuelas,2005-2009,1,74.32588415517951,74.40433965822385,73.34571831925011,75.3250281956349,Estimación adecuada
Penuelas,2005-2009,2,83.85447484865448,82.65149861197335,81.26182031569996,84.64276691309831,Estimación adecuada
Penuelas,2010-2014,1,77.2161868060379,76.96691083842688,75.63640727095634,78.20239155869155,Estimación adecuada
Penuelas,2010-2014,2,82.37054992803498,82.26650929492803,81.0463592759215,84.07878742425112,Estimación adecuada
Penuelas,2015-2019,1,76.94988280019332,76.86475566473092,75.83696558381902,77.91274039474203,Estimación adecuada
Penuelas,2015-2019,2,83.52991574696982,83.71958879227213,82.40264292392922,85.31351980241942,Estimación adecuada
Penuelas,2020-2024,1,78.19759662594926,77.4990996351625,76.42879760645329,78.62418632449616,Estimación adecuada
Penuelas,2020-2024,2,83.13779961346445,83.35605135648254,81.98353495544,84.7406293299301,Estimación adecuada
Ponce,1980-1984,1,70.95163851465587,70.87203818344294,70.40982940714406,71.35676058066815,Estimación adecuada
Ponce,1980-1984,2,77.90393491985162,77.63850268572656,77.09884774212142,78.05344406850905,Estimación adecuada
Ponce,1985-1989,1,68.92037207804252,69.13260903325728,68.6563327427491,69.55819746109238,Estimación adecuada
Ponce,1985-1989,2,77.3120135977883,77.21904162590528,76.78179120315781,77.76453166307694,Estimación adecuada
Ponce,1990-1994,1,68.07009878068561,68.31095862611373,67.78756453822628,68.8127608588479,Estimación adecuada
Ponce,1990-1994,2,77.70322992022791,77.77776340978434,77.28187405554272,78.20398123602178,Estimación adecuada
Ponce,1995-1999,1,68.8945019576824,69.14302213245097,68.6618225362085,69.58055092347163,Estimación adecuada
Ponce,1995-1999,2,78.64616620265484,78.58448393419462,77.99201402180582,78.98837135426004,Estimación adecuada
Ponce,2000-2004,1,71.88287158339286,71.95284761853253,71.58398245731703,72.4368599539311,Estimación adecuada
Ponce,2000-2004,2,80.17053819569585,79.98064886340052,79.49919927874384,80.45737387149097,Estimación adecuada
Ponce,2005-2009,1,72.59239776230434,72.84624646104454,72.40797041475554,73.28669649366175,Estimación adecuada
Ponce,2005-2009,2,81.60505937401689,81.39062181072023,80.84356914824103,81.97819242562005,Estimación adecuada
Ponce,2010-2014,1,74.90584213235752,74.86081419800351,74.42009753680908,75.55357282440468,Estimación adecuada
Ponce,2010-2014,2,81.84526785237593,81.88268729993254,81.26453329490843,82.3743426167047,Estimación adecuada
Ponce,2015-2019,1,75.94818443525777,76.11384936571125,75.38514587887681,76.7980364428804,Estimación adecuada
Ponce,2015-2019,2,84.573600741168,84.46296004995193,83.83459998569522,85.24929246434547,Estimación adecuada
Ponce,2020-2024,1,76.11579149445392,76.10718863145586,75.48975415385614,76.74711933010036,Estimación adecuada
Ponce,2020-2024,2,84.14984563358192,83.85157412064306,83.28071703992458,84.41814556060666,Estimación adecuada
Quebradillas,1980-1984,1,71.5804748432608,71.51353017012227,70.29831196138795,72.41056497042527,Estimación adecuada
Quebradillas,1980-1984,2,79.23938165137665,78.57073875782746,77.3593763802505,80.44314056778308,Estimación adecuada
Quebradillas,1985-1989,1,70.63546474047975,70.9103552647914,69.98781756776955,71.68007138852388,Estimación adecuada
Quebradillas,1985-1989,2,77.80764334555457,77.6417076869231,76.52593765294739,78.77700164887646,Estimación adecuada
Quebradillas,1990-1994,1,72.04068810225141,71.60612186663067,70.58532371422086,72.71850080499617,Estimación adecuada
Quebradillas,1990-1994,2,79.32174470623532,78.62773308487971,77.45080706856666,80.11443384810975,Estimación adecuada
Quebradillas,1995-1999,1,72.62949799850028,71.74057369603005,70.65866679068847,72.71173309506702,Estimación adecuada
Quebradillas,1995-1999,2,78.8521877504248,78.72797101582617,77.71584828557292,79.71327080778534,Estimación adecuada
Quebradillas,2000-2004,1,73.75120320482118,73.35776408139688,72.51175764132844,74.24155931137342,Estimación adecuada
Quebradillas,2000-2004,2,79.64696913052158,79.86204181133235,78.68518643592637,81.13937171624809,Estimación adecuada
Quebradillas,2005-2009,1,76.4702021217705,75.18905775263235,74.11471484677259,76.4343160744736,< e0 observado
Quebradillas,2005-2009,2,82.57479226170334,82.25914943896814,81.41219718627576,83.66420441904535,Estimación adecuada
Quebradillas,2010-2014,1,76.84416482352528,76.39486254250298,75.24493829734365,77.41355379892353,Estimación adecuada
Quebradillas,2010-2014,2,83.16432092953069,82.84740037382332,81.64689875608636,84.37216694050778,Estimación adecuada
Quebradillas,2015-2019,1,77.52581972834565,77.25185477284442,75.92818384053788,78.24002880934599,Estimación adecuada
Quebradillas,2015-2019,2,83.89036641680575,83.44472565124072,82.44117780170416,84.98657055594819,Estimación adecuada
Quebradillas,2020-2024,1,78.45741764289136,77.48589119127391,76.2887185055707,78.45284902631022,< e0 observado
Quebradillas,2020-2024,2,84.02514632890372,84.13353433219541,82.82195506272848,85.57576116912549,Estimación adecuada
Rincon,1980-1984,1,71.31036542846637,72.55224145314097,71.04662896022151,74.13872820993745,Estimación adecuada
Rincon,1980-1984,2,78.23121876259758,78.64636880315531,77.22552291830468,80.1297664072374,Estimación adecuada
Rincon,1985-1989,1,72.68195818723761,72.37901953902026,71.182818338001,73.48437337785913,Estimación adecuada
Rincon,1985-1989,2,78.13112109379762,78.93022923187692,77.67116479782243,80.1857935752526,Estimación adecuada
Rincon,1990-1994,1,74.46482669947628,73.04809866451215,72.07566096059712,74.34857055482978,< e0 observado
Rincon,1990-1994,2,79.71875830965256,79.52003877063039,77.94441443775128,81.10791113814699,Estimación adecuada
Rincon,1995-1999,1,71.81900034746621,71.78170952083221,70.7826911193246,72.87014188690226,Estimación adecuada
Rincon,1995-1999,2,80.4078903895804,80.42751452724437,78.98494292568111,81.81668690976987,Estimación adecuada
Rincon,2000-2004,1,75.07948363707656,74.81999599064761,73.54965759052047,75.88382595834071,Estimación adecuada
Rincon,2000-2004,2,82.97798833076854,82.14935883247031,80.87744084460492,83.6061448309248,Estimación adecuada
Rincon,2005-2009,1,76.37954961336744,75.64573416131252,74.82709987883761,76.83081870690259,Estimación adecuada
Rincon,2005-2009,2,80.35621164685101,81.41034911567937,80.07190802053813,82.44786794774868,Estimación adecuada
Rincon,2010-2014,1,79.61051534555456,77.86474357758703,76.59878819119012,79.08412538971345,< e0 observado
Rincon,2010-2014,2,83.80210551828287,83.92066056601406,82.39195334156727,85.7918571800289,Estimación adecuada
Rincon,2015-2019,1,79.17285737161941,78.87745872668293,77.53103185519399,80.1477297235553,Estimación adecuada
Rincon,2015-2019,2,86.30943741112463,86.43711917734741,84.79256650380441,88.37442708170511,Estimación adecuada
Rincon,2020-2024,1,79.87445814115418,79.61770444044271,78.38552795260559,81.0325366904351,Estimación adecuada
Rincon,2020-2024,2,86.12132225159803,85.66858417117238,84.34942922401282,87.18236128923122,Estimación adecuada
Rio Grande,1980-1984,1,71.31055270884488,71.05000900250292,70.07271121704689,72.17992135483772,Estimación adecuada
Rio Grande,1980-1984,2,77.8338345029928,77.54160154219323,76.45784923863927,78.68321098005082,Estimación adecuada
Rio Grande,1985-1989,1,72.55792010168767,71.8376215300596,70.76429935713858,73.00673316200368,Estimación adecuada
Rio Grande,1985-1989,2,78.55898208748316,78.43193286339361,77.15054146768338,79.60100321276872,Estimación adecuada
Rio Grande,1990-1994,1,69.8066408540921,70.14659044005886,69.36996172391105,71.14032393228483,Estimación adecuada
Rio Grande,1990-1994,2,79.04176505901863,78.92547369479308,77.95014694472843,79.91854155202664,Estimación adecuada
Rio Grande,1995-1999,1,69.24216716509197,69.93621072923452,69.19760675631949,70.5815090642453,Estimación adecuada
Rio Grande,1995-1999,2,78.57122528721384,78.56956276750454,77.67455758559494,79.42898724641137,Estimación adecuada
Rio Grande,2000-2004,1,73.5987446256221,73.47058740331303,72.60448520898461,74.30326518802491,Estimación adecuada
Rio Grande,2000-2004,2,80.92764017417292,80.83991845415139,79.87923019722363,81.77785724839711,Estimación adecuada
Rio Grande,2005-2009,1,74.74267006153134,74.77834114950042,73.9083690052318,75.8483655150556,Estimación adecuada
Rio Grande,2005-2009,2,82.25371975622028,81.80229130863844,80.99498147990465,82.95977716143564,Estimación adecuada
Rio Grande,2010-2014,1,75.62464241200296,75.65096322382678,74.74462730256386,76.46458194496867,Estimación adecuada
Rio Grande,2010-2014,2,81.93516108938404,81.97553115993296,81.12603575598531,82.98604642819926,Estimación adecuada
Rio Grande,2015-2019,1,77.32038501383934,77.3783781366979,76.23128291044438,78.61160463573874,Estimación adecuada
Rio Grande,2015-2019,2,84.73128165771396,84.32886015279226,83.43339859069297,85.38594153500598,Estimación adecuada
Rio Grande,2020-2024,1,76.09079051682853,76.68333192158651,75.53560572263314,77.41453841084095,Estimación adecuada
Rio Grande,2020-2024,2,84.92626206233898,85.27911357510149,84.27461904987987,86.47598565874489,Estimación adecuada
Sabana Grande,1980-1984,1,72.94260252849719,71.93080299897946,70.93520543868382,72.9884963677455,Estimación adecuada
Sabana Grande,1980-1984,2,76.79030160326006,77.30061485795083,75.94641827846019,78.52710249687121,Estimación adecuada
Sabana Grande,1985-1989,1,72.60670516660508,72.06653013498926,71.11088750055029,72.88833066305756,Estimación adecuada
Sabana Grande,1985-1989,2,79.46020484114078,78.7973884014101,77.71807414610103,79.91821064538516,Estimación adecuada
Sabana Grande,1990-1994,1,71.96878186562466,71.54528421063273,70.4540458800109,72.66839884584844,Estimación adecuada
Sabana Grande,1990-1994,2,77.52973712888554,77.71669545350426,76.75644342725758,78.72830443999976,Estimación adecuada
Sabana Grande,1995-1999,1,72.42496764545729,71.82633089495576,70.8499136011656,72.7729458286594,Estimación adecuada
Sabana Grande,1995-1999,2,77.8549110688198,77.90190409432535,76.94650882715817,78.9116401434014,Estimación adecuada
Sabana Grande,2000-2004,1,75.19081545433245,74.31808692002957,73.3830490064739,75.51797792109548,Estimación adecuada
Sabana Grande,2000-2004,2,80.10304388750191,80.62540959970848,79.28220398095101,81.67851778315783,Estimación adecuada
Sabana Grande,2005-2009,1,75.77699216646894,74.9267687190773,73.79261506129173,75.93150245125611,Estimación adecuada
Sabana Grande,2005-2009,2,80.72892003066303,81.2172335558428,79.9158365482046,82.75786665324752,Estimación adecuada
Sabana Grande,2010-2014,1,75.70526772953107,75.80299792905606,74.79412936209934,76.80763229907262,Estimación adecuada
Sabana Grande,2010-2014,2,83.3057418970242,82.92397980685786,81.95951208007303,84.29310715662876,Estimación adecuada
Sabana Grande,2015-2019,1,77.43470484017462,77.12622107084717,76.10096131619164,78.24762336488004,Estimación adecuada
Sabana Grande,2015-2019,2,83.12156944238525,83.15460770121669,82.2496475998336,84.17776128115334,Estimación adecuada
Sabana Grande,2020-2024,1,77.44105015726227,77.51720558667392,76.3304763300008,78.59835276552832,Estimación adecuada
Sabana Grande,2020-2024,2,83.44790990052292,84.53374601589121,83.35104023413433,85.85412176013688,Estimación adecuada
Salinas,1980-1984,1,69.34771587119822,69.72397484693911,68.6827389814447,70.9024144948686,Estimación adecuada
Salinas,1980-1984,2,77.00356882697933,77.03303341551417,75.7817238290956,78.29720979030843,Estimación adecuada
Salinas,1985-1989,1,67.8768913469486,69.00477795822748,67.94838464090144,69.94359586822088,> e0 observado
Salinas,1985-1989,2,76.51927305162637,76.72544403260412,75.6961296601075,77.74431406803353,Estimación adecuada
Salinas,1990-1994,1,69.60135801885075,70.0020667261953,69.03316463164009,70.97989348138694,Estimación adecuada
Salinas,1990-1994,2,77.16626361655916,77.68303455471249,76.47277224832418,78.6957499624178,Estimación adecuada
Salinas,1995-1999,1,69.29023548543516,69.5095770614636,68.5164528210114,70.35131635706183,Estimación adecuada
Salinas,1995-1999,2,79.22383445714814,78.73991001599083,77.77939308054422,80.47345028434472,Estimación adecuada
Salinas,2000-2004,1,73.10253328655585,73.03435091228008,72.05702123926095,73.9841873370759,Estimación adecuada
Salinas,2000-2004,2,80.52455994892824,80.30821151554089,79.36011910488548,81.30778718571982,Estimación adecuada
Salinas,2005-2009,1,73.52822440107285,73.75604836022784,72.63496839733443,74.49458030637926,Estimación adecuada
Salinas,2005-2009,2,80.63090066219925,80.7349901167108,79.7996648163689,81.92843787413898,Estimación adecuada
Salinas,2010-2014,1,75.47743944137984,75.52509154771361,74.45242967681921,76.47091419657374,Estimación adecuada
Salinas,2010-2014,2,83.23167940762168,83.23996052247692,81.68458545582288,84.46917075290008,Estimación adecuada
Salinas,2015-2019,1,77.96635541138743,77.64190951114577,76.74940172315533,78.58769129097563,Estimación adecuada
Salinas,2015-2019,2,85.02610562554052,84.76585988129816,83.57171496921873,85.90173825309778,Estimación adecuada
Salinas,2020-2024,1,77.2752335181164,77.1434155414252,76.26411886323322,77.92930763000993,Estimación adecuada
Salinas,2020-2024,2,85.43601257393142,85.07219250991545,83.54749551068019,86.54652296409526,Estimación adecuada
San German,1980-1984,1,72.17155637189039,72.01964319901596,71.06690825750465,72.83543324478461,Estimación adecuada
San German,1980-1984,2,77.0812843420632,77.33153909617249,76.6495000601715,78.4942884138454,Estimación adecuada
San German,1985-1989,1,73.24578912339052,72.62147677922196,71.62563759878904,73.53457278842772,Estimación adecuada
San German,1985-1989,2,78.281715742411,78.10141263672615,76.95978601161664,79.04459888750051,Estimación adecuada
San German,1990-1994,1,72.47312065094486,71.97517491420096,71.15614983186472,72.8787793318621,Estimación adecuada
San German,1990-1994,2,78.88901019804139,79.13455391082002,78.21238987102817,80.2160839369683,Estimación adecuada
San German,1995-1999,1,74.17482678706043,73.4102132383041,72.36799183401752,74.36325541148176,Estimación adecuada
San German,1995-1999,2,78.52895052757144,78.84466466543961,78.10400528446968,79.96807821398205,Estimación adecuada
San German,2000-2004,1,75.40040785434385,74.8228343282504,73.76434242751141,75.79634138236403,Estimación adecuada
San German,2000-2004,2,81.07042973561371,80.98110072305624,80.04893013060122,81.98932888410053,Estimación adecuada
San German,2005-2009,1,75.89227383722931,75.42603581212069,74.37422725008793,76.4688893431875,Estimación adecuada
San German,2005-2009,2,81.35724022521588,81.7039470983881,80.41126673948474,82.42200503443172,Estimación adecuada
San German,2010-2014,1,77.09595528241658,76.3159861309449,75.48248519827453,77.29837252901861,Estimación adecuada
San German,2010-2014,2,81.95497572147197,82.38002900135432,81.39904707169038,83.4600285956395,Estimación adecuada
San German,2015-2019,1,79.14792857398798,78.10910450797908,77.1902219751201,78.97044088728725,< e0 observado
San German,2015-2019,2,84.0002365484052,84.18404935283624,83.30098986565282,85.11282596218197,Estimación adecuada
San German,2020-2024,1,78.13234571523579,77.6657683129071,76.73159808661283,78.40997684768655,Estimación adecuada
San German,2020-2024,2,83.15333884969452,83.74454553992706,82.67141744979094,84.66106591061953,Estimación adecuada
San Juan,1980-1984,1,68.53296805880613,68.6139934075049,68.29647599723057,68.96663179825205,Estimación adecuada
San Juan,1980-1984,2,78.41781325030587,78.27960337995609,77.89425234339276,78.54190339910858,Estimación adecuada
San Juan,1985-1989,1,67.17212517316179,67.31773877665007,67.04304946127115,67.7084960295104,Estimación adecuada
San Juan,1985-1989,2,78.70934229140379,78.63097581396259,78.30622544398732,78.9433694464582,Estimación adecuada
San Juan,1990-1994,1,64.70940097035052,64.97602213750253,64.66576201952815,65.35797490153803,Estimación adecuada
San Juan,1990-1994,2,78.53794951508831,78.59927473501618,78.2546325322774,78.91698956608755,Estimación adecuada
San Juan,1995-1999,1,67.09892384379134,67.25868951964526,66.90891841901475,67.59795951050936,Estimación adecuada
San Juan,1995-1999,2,79.54091321860172,79.581022076487,79.22966142103525,79.9225816713967,Estimación adecuada
San Juan,2000-2004,1,71.1882392973574,71.24311100720695,70.96606840152265,71.61622207745148,Estimación adecuada
San Juan,2000-2004,2,81.92921875527303,81.75908315077484,81.44018467652802,82.24571004442109,Estimación adecuada
San Juan,2005-2009,1,72.69964876784017,72.73983070568778,72.33320408279823,73.12125901004313,Estimación adecuada
San Juan,2005-2009,2,82.46547999538443,82.43622076545111,82.01800311855109,82.76676455096415,Estimación adecuada
San Juan,2010-2014,1,74.44529350870087,74.48818097498217,74.04778334531441,74.83826503516816,Estimación adecuada
San Juan,2010-2014,2,84.20463369793843,84.07980050018776,83.67360561842796,84.59149163160879,Estimación adecuada
San Juan,2015-2019,1,75.79825935426356,75.86461261660713,75.55184388472608,76.5122212978129,Estimación adecuada
San Juan,2015-2019,2,85.20819741649419,85.10455282314507,84.75767623628454,85.62803407723214,Estimación adecuada
San Juan,2020-2024,1,75.09617765928651,75.19209264063626,74.7239238634996,75.59422105253489,Estimación adecuada
San Juan,2020-2024,2,85.57777113429813,85.34908900944038,84.96376044617384,85.86610552421408,Estimación adecuada
San Lorenzo,1980-1984,1,72.4269330696064,72.34597775146545,71.28188440565465,73.74362971720655,Estimación adecuada
San Lorenzo,1980-1984,2,78.47103642037956,78.30682020884589,77.11762715861346,79.55487235194279,Estimación adecuada
San Lorenzo,1985-1989,1,70.33185072656097,70.87481879951673,69.90397104793742,71.81484289372094,Estimación adecuada
San Lorenzo,1985-1989,2,79.4038927542163,78.81700912808284,77.76031750492655,79.82685575972256,Estimación adecuada
San Lorenzo,1990-1994,1,70.49063585980458,70.65213223454512,69.85728033982261,71.77134413924307,Estimación adecuada
San Lorenzo,1990-1994,2,79.42906403274269,79.00469189309206,78.14401793140217,80.02215849887071,Estimación adecuada
San Lorenzo,1995-1999,1,72.39291160482962,72.25573211471624,71.29438250570423,73.3084042123322,Estimación adecuada
San Lorenzo,1995-1999,2,78.56261721700943,78.60161340059524,77.63805986147736,79.52493181710653,Estimación adecuada
San Lorenzo,2000-2004,1,73.59466919977362,73.65582693721755,72.87011880126425,74.35582565955043,Estimación adecuada
San Lorenzo,2000-2004,2,81.14875504017051,80.92175279389937,79.65924393025261,81.89225901846058,Estimación adecuada
San Lorenzo,2005-2009,1,75.07421835227707,74.94786442976422,74.01624688750857,76.0738103190244,Estimación adecuada
San Lorenzo,2005-2009,2,82.06471302858854,81.67935843767067,80.67386199844286,82.80822995512864,Estimación adecuada
San Lorenzo,2010-2014,1,76.50254306599682,76.742456593711,75.42449309957374,77.70262772940146,Estimación adecuada
San Lorenzo,2010-2014,2,83.9183271335132,83.14638283330714,82.35024136585571,84.19494393166649,Estimación adecuada
San Lorenzo,2015-2019,1,77.43176974248165,77.96578868091744,76.69825173594921,79.48619973753597,Estimación adecuada
San Lorenzo,2015-2019,2,85.92248006512409,85.36555174848792,84.0128875896381,86.75367478410493,Estimación adecuada
San Lorenzo,2020-2024,1,77.62523479934367,77.84291728826355,76.76322353667443,78.84260739376023,Estimación adecuada
San Lorenzo,2020-2024,2,84.55625634680975,84.32695615983633,83.20475054838153,85.43503223855333,Estimación adecuada
San Sebastian,1980-1984,1,73.33683627750408,72.6989140649471,71.75366063923956,73.78192844119906,Estimación adecuada
San Sebastian,1980-1984,2,77.39216900594447,77.74327832812085,76.66094980431774,79.06175707307224,Estimación adecuada
San Sebastian,1985-1989,1,71.54106439345284,71.82475382645612,70.88450441431294,72.79563339242748,Estimación adecuada
San Sebastian,1985-1989,2,78.32567842249966,78.56444010870496,77.16953156913314,79.46125897180815,Estimación adecuada
San Sebastian,1990-1994,1,72.72006609308197,72.2923411044821,71.42625223552801,73.24633018976965,Estimación adecuada
San Sebastian,1990-1994,2,78.61121244043503,78.78494163441644,77.86136768344889,79.75587555277878,Estimación adecuada
San Sebastian,1995-1999,1,73.29080325081594,72.88099959869757,72.08093537282247,73.65203272003275,Estimación adecuada
San Sebastian,1995-1999,2,79.73176179097116,79.43969503843849,78.61255278753288,80.28740154542425,Estimación adecuada
San Sebastian,2000-2004,1,74.89792147656362,74.46000309061941,73.58761373738561,75.48597316023867,Estimación adecuada
San Sebastian,2000-2004,2,80.32263567678552,80.34345893244964,79.31642700459253,81.05295107172572,Estimación adecuada
San Sebastian,2005-2009,1,76.73740203137386,76.0392517894173,75.05823033241606,77.03654070085743,Estimación adecuada
San Sebastian,2005-2009,2,81.1692904566309,81.06619732169457,80.25561778589133,81.89147984099765,Estimación adecuada
San Sebastian,2010-2014,1,76.69546237928682,76.38108787414363,75.6858666285993,77.41840692099751,Estimación adecuada
San Sebastian,2010-2014,2,83.16134686711862,83.03574304611224,82.15149064875217,84.09795437527734,Estimación adecuada
San Sebastian,2015-2019,1,79.1178099470019,78.30487820810876,77.38727404181566,79.42195008206659,Estimación adecuada
San Sebastian,2015-2019,2,84.22340952689646,84.14911415247579,83.06176559572958,85.14849652926708,Estimación adecuada
San Sebastian,2020-2024,1,78.24142492610734,77.85495610528811,77.03909147084775,78.70323998246351,Estimación adecuada
San Sebastian,2020-2024,2,84.23065748606743,84.34541578578552,83.64174854340884,85.35551779224235,Estimación adecuada
Santa Isabel,1980-1984,1,69.7275677276356,69.4697937786905,68.29727588935344,70.64285013626358,Estimación adecuada
Santa Isabel,1980-1984,2,77.7763438904047,77.33591984890099,75.96240116133455,78.2041001651215,Estimación adecuada
Santa Isabel,1985-1989,1,69.23817247335977,69.63002170042236,68.30057130593221,70.69687729691546,Estimación adecuada
Santa Isabel,1985-1989,2,76.67908928126376,76.75186200510399,75.60495131982424,77.68683033977769,Estimación adecuada
Santa Isabel,1990-1994,1,66.65679986192234,68.25404815342628,66.82125906078758,69.45683807329787,> e0 observado
Santa Isabel,1990-1994,2,76.1627447017844,77.0513281679175,75.961368339114415,78.29077842981965,Estimación adecuada
Santa Isabel,1995-1999,1,68.83610956762453,69.26801701739194,68.01348096752272,70.25268360844365,Estimación adecuada
Santa Isabel,1995-1999,2,77.73152078827611,77.53011841244975,76.56390810934775,78.6558745784665,Estimación adecuada
Santa Isabel,2000-2004,1,69.45419232564782,70.97267699206296,69.82277365589923,71.83174508958348,> e0 observado
Santa Isabel,2000-2004,2,79.11209035669054,79.25063016062461,78.05324746942918,80.25542898934782,Estimación adecuada
Santa Isabel,2005-2009,1,72.31479005793592,72.5758889663619,71.3632646574593,73.63323751032898,Estimación adecuada
Santa Isabel,2005-2009,2,81.59418713189359,81.31718253415646,79.61889783209887,82.9292692691323,Estimación adecuada
Santa Isabel,2010-2014,1,74.62174299181575,75.24885403402334,74.08545374133733,76.1082222574064,Estimación adecuada
Santa Isabel,2010-2014,2,81.81631250475374,81.31695459174821,80.32020137339842,82.63706252035269,Estimación adecuada
Santa Isabel,2015-2019,1,75.10553816345772,75.43112775647923,74.21836203736146,76.41936930985324,Estimación adecuada
Santa Isabel,2015-2019,2,85.04929628842375,84.01102371086395,82.53327982100933,85.10452235146437,Estimación adecuada
Santa Isabel,2020-2024,1,74.53124138847393,75.04954142694177,73.75809680519953,76.16352959374885,Estimación adecuada
Santa Isabel,2020-2024,2,83.31177822878875,82.9051561845033,81.82502574745716,84.46067684715683,Estimación adecuada
Toa Alta,1980-1984,1,74.8830856005072,74.30582002029958,73.35418213696578,75.6787178304518,Estimación adecuada
Toa Alta,1980-1984,2,77.90618677933547,78.79646970899918,77.48647844634455,80.27871166199299,Estimación adecuada
Toa Alta,1985-1989,1,72.95726224514657,72.86337967954833,71.475651681136,73.95414995405137,Estimación adecuada
Toa Alta,1985-1989,2,81.13925929884047,80.70763705849805,79.46868985272607,82.12952885291122,Estimación adecuada
Toa Alta,1990-1994,1,73.42887184415189,73.27448139170787,72.43894354247465,74.27199268934845,Estimación adecuada
Toa Alta,1990-1994,2,79.53507742661205,79.9692513757535,78.71995938704787,81.05072147952671,Estimación adecuada
Toa Alta,1995-1999,1,73.12825061550112,73.0966542061667,72.25842256898014,73.8249844079914,Estimación adecuada
Toa Alta,1995-1999,2,80.88771225273739,80.63292775573856,79.61478934320105,81.90120394793604,Estimación adecuada
Toa Alta,2000-2004,1,75.20122641401855,75.19377243045767,74.29079858057281,75.95601956847514,Estimación adecuada
Toa Alta,2000-2004,2,81.33505965208538,81.59344096735083,80.51126158272885,82.60540679831749,Estimación adecuada
Toa Alta,2005-2009,1,77.25808536131703,77.11828141913004,76.29048465456579,78.05515623588482,Estimación adecuada
Toa Alta,2005-2009,2,83.45975745150935,83.45078528892591,82.38414870726099,84.63097354830501,Estimación adecuada
Toa Alta,2010-2014,1,77.617438844306065,77.77964812768408,76.89287520364314,78.52644468716937,Estimación adecuada
Toa Alta,2010-2014,2,84.59193836320182,84.43011784544188,83.2139942466937,85.28399575169479,Estimación adecuada
Toa Alta,2015-2019,1,79.44012262836311,79.53237692605254,78.51708633815224,80.38146042796535,Estimación adecuada
Toa Alta,2015-2019,2,84.21287299648571,84.3705965992392,83.5195016693047,85.29427411142203,Estimación adecuada
Toa Alta,2020-2024,1,79.32715713141147,79.2826225651627,78.42372013424747,80.04945597846628,Estimación adecuada
Toa Alta,2020-2024,2,85.92609855770323,85.49708890089059,84.59886623854537,86.30707932673378,Estimación adecuada
Toa Baja,1980-1984,1,72.82833976912103,72.59060999280547,71.74157863216263,73.33906371574983,Estimación adecuada
Toa Baja,1980-1984,2,79.03893803233984,78.71634127336796,77.84472415789841,79.73355006206222,Estimación adecuada
Toa Baja,1985-1989,1,71.09171108702432,71.15506896436057,70.37304993503832,71.88883364164316,Estimación adecuada
Toa Baja,1985-1989,2,79.17713173148333,79.03113545600935,78.13136817098336,79.91757122276955,Estimación adecuada
Toa Baja,1990-1994,1,69.55070432606276,69.95776844690758,68.99715199304597,70.64839702424837,Estimación adecuada
Toa Baja,1990-1994,2,78.53439715581091,78.29791328201563,77.64695480270309,79.02553068900843,Estimación adecuada
Toa Baja,1995-1999,1,71.02389397781576,71.18879303965699,70.54885260490317,71.8466734812983,Estimación adecuada
Toa Baja,1995-1999,2,80.35817914633549,79.97314449875807,79.22713165194102,80.71814637487986,Estimación adecuada
Toa Baja,2000-2004,1,73.3130761935651,73.4341758976962,72.63990897339549,74.25009159919003,Estimación adecuada
Toa Baja,2000-2004,2,81.24641875534006,80.9510165505175,80.02036281081226,81.71047692907837,Estimación adecuada
Toa Baja,2005-2009,1,73.9336800218148,74.0897991481104,73.39531489603007,74.70765377447415,Estimación adecuada
Toa Baja,2005-2009,2,81.2918522418654,81.12460368020052,80.5984153315901,81.74734913970133,Estimación adecuada
Toa Baja,2010-2014,1,75.63234922554784,75.76238924676193,75.03417818258745,76.439531645567115,Estimación adecuada
Toa Baja,2010-2014,2,83.19276198853512,82.92753210967805,82.25793318504992,83.61293668606535,Estimación adecuada
Toa Baja,2015-2019,1,77.0796431176242,77.14637097184018,76.38609803900296,77.95128229458301,Estimación adecuada
Toa Baja,2015-2019,2,85.28768156374481,85.10114328873397,84.13707859255592,85.94712684845769,Estimación adecuada
Toa Baja,2020-2024,1,76.06866784040614,76.27559410522917,75.457696707058,77.12904462011063,Estimación adecuada
Toa Baja,2020-2024,2,84.82502560819063,84.80753092897021,84.03304394436864,85.73301742640868,Estimación adecuada
Trujillo Alto,1980-1984,1,73.8807661516517,73.83673597843956,72.89905588765691,75.03796329679787,Estimación adecuada
Trujillo Alto,1980-1984,2,80.45848591811597,80.12685256660923,78.89692094037694,81.45978889169882,Estimación adecuada
Trujillo Alto,1985-1989,1,72.91759611684925,72.96516410900713,72.34116855121242,73.8455158241363,Estimación adecuada
Trujillo Alto,1985-1989,2,81.01563083839561,80.67758017158701,79.48782492152732,81.69640482687393,Estimación adecuada
Trujillo Alto,1990-1994,1,72.6023641348921,72.74044030865164,71.9021252380441,73.60845343149605,Estimación adecuada
Trujillo Alto,1990-1994,2,79.85175886432305,79.82532489760769,79.11605325852993,80.88299180158981,Estimación adecuada
Trujillo Alto,1995-1999,1,72.41162116159781,72.7987982829996,72.16096034443618,73.65180027565899,Estimación adecuada
Trujillo Alto,1995-1999,2,81.19162622930031,80.73371807160632,80.06727544222089,81.66858422023701,Estimación adecuada
Trujillo Alto,2000-2004,1,74.68446388601943,74.83160869977704,74.21947268659227,75.94925400709695,Estimación adecuada
Trujillo Alto,2000-2004,2,83.41194987282269,83.29870101648734,82.42161611316257,84.42518482649021,Estimación adecuada
Trujillo Alto,2005-2009,1,75.81610434260868,76.05740011742083,75.23823388216324,76.69773028259837,Estimación adecuada
Trujillo Alto,2005-2009,2,83.84316698522537,83.44251947421836,82.68006363580773,84.3179901705418,Estimación adecuada
Trujillo Alto,2010-2014,1,77.88979650864401,77.9485763425332,77.04108237828326,78.78105489206045,Estimación adecuada
Trujillo Alto,2010-2014,2,85.28937280458358,85.12014438986407,84.15055452553533,86.00230628266779,Estimación adecuada
Trujillo Alto,2015-2019,1,79.53728233113502,79.50811576498009,78.70977329429903,80.3712696061786,Estimación adecuada
Trujillo Alto,2015-2019,2,86.3543330403018,86.04643573319693,84.91764607014099,87.0059434519379,Estimación adecuada
Trujillo Alto,2020-2024,1,78.39208683519212,78.5320192943062,77.80759941677154,79.39102710837537,Estimación adecuada
Trujillo Alto,2020-2024,2,86.16954614436371,85.77624082149896,85.07325067682231,86.64796442089155,Estimación adecuada
Utuado,1980-1984,1,72.77455758364391,72.84278208238244,71.79698008317976,73.7949850498402,Estimación adecuada
Utuado,1980-1984,2,78.22725510627389,78.20746722519475,77.12227813172643,79.16134251054072,Estimación adecuada
Utuado,1985-1989,1,72.49241351300115,72.37183321675406,71.45677789990728,73.22742791969026,Estimación adecuada
Utuado,1985-1989,2,78.55971933281445,78.5088276061505,77.52001829007452,79.41215026418557,Estimación adecuada
Utuado,1990-1994,1,73.58027996114916,72.83379283062969,71.85822682088593,73.97836025404328,Estimación adecuada
Utuado,1990-1994,2,79.15999314000904,78.9021160181456,77.77148573164237,79.70935959396729,Estimación adecuada
Utuado,1995-1999,1,73.56681994998524,72.67468534667285,71.98482522798761,73.5006071542281,< e0 observado
Utuado,1995-1999,2,79.75811291705193,79.40128521465513,78.56053317427457,80.49949765777215,Estimación adecuada
Utuado,2000-2004,1,75.66609210920785,74.81115082495509,73.9029880307292,75.99955541596898,Estimación adecuada
Utuado,2000-2004,2,80.85296661933371,81.02494416566645,80.21499978535442,81.9373674714956,Estimación adecuada
Utuado,2005-2009,1,74.96306439444312,74.899100028428,74.08559639013188,75.85874752350063,Estimación adecuada
Utuado,2005-2009,2,81.95177865789455,82.12461766440032,81.10348204134291,83.53976718148684,Estimación adecuada
Utuado,2010-2014,1,76.45438665507136,76.07657808451279,75.16427322498336,77.00546637986096,Estimación adecuada
Utuado,2010-2014,2,83.96232047500072,83.54332074464766,82.33345420903652,84.66113396557849,Estimación adecuada
Utuado,2015-2019,1,79.0189703608258,78.8827129595419,77.6477053196435,79.96403139831195,Estimación adecuada
Utuado,2015-2019,2,85.5118737413184,85.09783161988136,84.3540651881043,86.3836448362342,Estimación adecuada
Utuado,2020-2024,1,80.22889535833663,79.21075442352242,78.20559861369955,80.17769865505588,< e0 observado
Utuado,2020-2024,2,86.24989014279643,85.33739282766206,84.22514623925596,86.99304512730954,Estimación adecuada
Vega Alta,1980-1984,1,73.54933326191107,73.01730725436535,71.82242586592312,74.44160519415217,Estimación adecuada
Vega Alta,1980-1984,2,78.25469326095431,78.70641867837091,77.42727669646328,79.67017849058433,Estimación adecuada
Vega Alta,1985-1989,1,72.05535344696615,72.3546443791378,71.34142962856546,73.48256413438152,Estimación adecuada
Vega Alta,1985-1989,2,78.15985935324002,78.40299975184755,77.38641391027043,79.41662846154796,Estimación adecuada
Vega Alta,1990-1994,1,70.24052329679134,70.8133367945117,69.93460729230466,71.65351422552169,Estimación adecuada
Vega Alta,1990-1994,2,79.51462054686016,79.49782293692489,77.78390737658518,80.48027342734014,Estimación adecuada
Vega Alta,1995-1999,1,71.54816531304111,71.93780463885332,70.98148897016624,72.83745648285701,Estimación adecuada
Vega Alta,1995-1999,2,79.34051049480365,79.52441012094661,78.55241299854492,80.51194938325133,Estimación adecuada
Vega Alta,2000-2004,1,74.10875011525926,74.07320505359144,73.07291018018358,75.07862713022118,Estimación adecuada
Vega Alta,2000-2004,2,81.98636550598057,81.76157234844393,80.59422727995342,83.08450415262787,Estimación adecuada
Vega Alta,2005-2009,1,74.49742104581102,74.9002428260986,73.79273062180147,75.91178529585838,Estimación adecuada
Vega Alta,2005-2009,2,82.79578771576239,82.33011113006307,81.43928168538069,83.38318557445686,Estimación adecuada
Vega Alta,2010-2014,1,76.95585105473053,76.76745964111299,75.85162077200009,77.66845103168811,Estimación adecuada
Vega Alta,2010-2014,2,84.70771205138385,84.14877728033944,83.0895670402706,85.83589533918888,Estimación adecuada
Vega Alta,2015-2019,1,79.09002086085074,78.67170586723783,77.63486391021512,79.74841266440416,Estimación adecuada
Vega Alta,2015-2019,2,84.78023321458953,84.82557588426926,83.66242523879534,86.05649969726076,Estimación adecuada
Vega Alta,2020-2024,1,79.13203080104806,78.81043271637748,77.83307409267019,79.94180001042487,Estimación adecuada
Vega Alta,2020-2024,2,86.55489338482076,86.00468187478995,84.36639179564077,87.54401426094972,Estimación adecuada
Vega Baja,1980-1984,1,72.17472574689376,71.8904317989417,71.28001308600119,73.02173259628029,Estimación adecuada
Vega Baja,1980-1984,2,77.4559969407079,77.23098379737709,76.10742605528009,78.05832870467974,Estimación adecuada
Vega Baja,1985-1989,1,71.32919645334727,71.3208252133384,70.61113224990683,72.32977132782472,Estimación adecuada
Vega Baja,1985-1989,2,78.37255208308184,78.27040976842252,77.41359047725402,79.10983438852071,Estimación adecuada
Vega Baja,1990-1994,1,69.34239102427848,69.84015563684306,68.89595568550455,70.52968487046087,Estimación adecuada
Vega Baja,1990-1994,2,79.817128530258,79.45278295711037,78.48397597071815,80.42113712862508,Estimación adecuada
Vega Baja,1995-1999,1,69.80129928554581,70.15770993551772,69.4998002890404,70.91421640948852,Estimación adecuada
Vega Baja,1995-1999,2,78.73855584436625,78.59776406260471,77.8596537424961,79.2956661281498,Estimación adecuada
Vega Baja,2000-2004,1,71.71281396652603,72.07774850021895,71.31153241492864,72.73172317725292,Estimación adecuada
Vega Baja,2000-2004,2,80.83940501884719,80.33372768517484,79.4219419743245,81.28004125790856,Estimación adecuada
Vega Baja,2005-2009,1,73.49107576558887,73.63974589100442,72.79209604343737,74.4631547293971,Estimación adecuada
Vega Baja,2005-2009,2,81.56225378359265,81.2735447144746,80.40328296140478,82.21525901656251,Estimación adecuada
Vega Baja,2010-2014,1,75.67293352681041,75.64443147177992,75.0768175297454,76.56765611852285,Estimación adecuada
Vega Baja,2010-2014,2,82.83225536608914,82.57385458996939,81.88259579963682,83.49943481445159,Estimación adecuada
Vega Baja,2015-2019,1,77.17186219895375,76.9781081905981,76.14119925765266,77.74789283205345,Estimación adecuada
Vega Baja,2015-2019,2,85.55300741129905,85.07316524973177,83.86185270785018,86.05019345156546,Estimación adecuada
Vega Baja,2020-2024,1,76.1343018706242,76.68888028386502,75.63270196287398,77.31265073622103,Estimación adecuada
Vega Baja,2020-2024,2,85.01178406884422,84.43878879356868,83.50158155413376,85.20635055877631,Estimación adecuada
Vieques,1980-1984,1,68.44199950691872,69.38127174617611,67.81320726076464,70.64386700527449,Estimación adecuada
Vieques,1980-1984,2,79.82881030409467,77.3237712531296,76.10760654459261,78.64970803962916,< e0 observado
Vieques,1985-1989,1,68.91887213110078,69.16198288081875,67.61096602567916,70.56296942117886,Estimación adecuada
Vieques,1985-1989,2,76.64055553721266,76.92558378530032,75.76658051293651,78.70160086735501,Estimación adecuada
Vieques,1990-1994,1,70.56388701195755,69.73053980054318,68.14154822752482,71.37680586723931,Estimación adecuada
Vieques,1990-1994,2,75.61141239304688,76.62693718100533,75.6366082009886,78.30417633193221,> e0 observado
Vieques,1995-1999,1,67.1661520645474,68.73292640752881,67.50472221026413,70.59080505182536,> e0 observado
Vieques,1995-1999,2,77.66760098100364,77.9066217875649,76.69428235591286,79.53955066866024,Estimación adecuada
Vieques,2000-2004,1,71.06219249587082,71.64293775139055,69.925910802091,72.95129297301834,Estimación adecuada
Vieques,2000-2004,2,79.94564055883934,79.67782920567092,78.12621529539118,81.06779228943569,Estimación adecuada
Vieques,2005-2009,1,71.86562241202773,72.91828584901329,71.55686346789659,74.12890508354523,Estimación adecuada
Vieques,2005-2009,2,82.1662176624026,81.32852959137395,79.67986484922686,83.20386827451605,Estimación adecuada
Vieques,2010-2014,1,72.38693885614644,74.39474257397228,73.17652922522137,76.08778999066232,> e0 observado
Vieques,2010-2014,2,82.20083674525317,82.19575279278382,80.55775541675743,84.36226788988267,Estimación adecuada
Vieques,2015-2019,1,75.48771486205818,76.21841320489216,74.69674063963123,78.05863968092348,Estimación adecuada
Vieques,2015-2019,2,85.60400958844578,84.09123027708316,81.86472437195611,86.71021616159325,Estimación adecuada
Vieques,2020-2024,1,70.30670126441383,75.25954835900426,73.5770354784757,76.9416198761037,> e0 observado
Vieques,2020-2024,2,82.77316856062777,82.4883455852177,80.56524265644852,84.53202536930067,Estimación adecuada
Villalba,1980-1984,1,71.31481633801816,71.72069225817944,70.55160049626397,72.9851811100299,Estimación adecuada
Villalba,1980-1984,2,77.35744616187003,78.16596699519863,76.49738109728906,79.34612827618193,Estimación adecuada
Villalba,1985-1989,1,70.6812298941124,71.13799459504904,70.2652838793627,72.6597406808635,Estimación adecuada
Villalba,1985-1989,2,78.13907330956457,78.45562435452118,77.14566088811878,80.14956362980962,Estimación adecuada
Villalba,1990-1994,1,72.3498469286644,71.68540024957977,70.47971993750367,72.61891782713272,Estimación adecuada
Villalba,1990-1994,2,79.32972359168376,79.00494951913478,77.76140284419441,80.2432569694387,Estimación adecuada
Villalba,1995-1999,1,74.12665072351581,72.8817073477828,71.96675195113501,73.963456836843,< e0 observado
Villalba,1995-1999,2,79.94095261032773,79.65311244913013,78.64001371793037,80.92997818077039,Estimación adecuada
Villalba,2000-2004,1,75.24588138203707,74.85945138877692,73.7247792733333,75.90485101240364,Estimación adecuada
Villalba,2000-2004,2,81.24189158745828,80.7736977111378,79.67180812543795,82.1259074876738,Estimación adecuada
Villalba,2005-2009,1,75.22194783512565,75.09450555885462,73.97540583819222,76.14691501470487,Estimación adecuada
Villalba,2005-2009,2,82.367985821704,82.13618130350336,80.98225641431792,83.45628112533205,Estimación adecuada
Villalba,2010-2014,1,77.8383761040004,76.81120812185827,75.31765881835766,78.06814108132517,Estimación adecuada
Villalba,2010-2014,2,82.38109633625453,82.66772323284776,81.54744325779272,83.958209260773,Estimación adecuada
Villalba,2015-2019,1,77.83504649286682,77.66281859923468,76.47567138935335,78.81192950789088,Estimación adecuada
Villalba,2015-2019,2,84.05820533092681,84.3173763543441,82.76776823064651,85.65378888323279,Estimación adecuada
Villalba,2020-2024,1,77.24232552482839,77.05935987653385,75.95070138880651,78.22701606354394,Estimación adecuada
Villalba,2020-2024,2,85.36972299365041,85.52075457335269,83.8583208531964,86.74913336564747,Estimación adecuada
Yabucoa,1980-1984,1,71.13885114874819,71.40388309530934,70.39229245763698,72.24265842341268,Estimación adecuada
Yabucoa,1980-1984,2,77.69784172893796,77.78585376849361,76.85000314553375,78.76535291018264,Estimación adecuada
Yabucoa,1985-1989,1,71.6497165141789,71.78084512056515,70.60078916877478,72.67561834096716,Estimación adecuada
Yabucoa,1985-1989,2,78.71247157491743,78.5358355093424,77.47523977514633,79.62312798806485,Estimación adecuada
Yabucoa,1990-1994,1,72.18368470754862,71.85933405601978,70.89723281623822,72.6782837647239,Estimación adecuada
Yabucoa,1990-1994,2,78.65582186258791,78.6140778211313,77.50257452174742,80.04258044699125,Estimación adecuada
Yabucoa,1995-1999,1,70.61759581589234,70.8883856042466,70.02312661847822,71.86897106928325,Estimación adecuada
Yabucoa,1995-1999,2,79.25053941807832,79.05008779027244,78.23141881048835,80.06265747365673,Estimación adecuada
Yabucoa,2000-2004,1,74.67500524731325,74.30201028235189,73.58803869661676,75.17290153519534,Estimación adecuada
Yabucoa,2000-2004,2,81.74191284227646,81.55878612515093,80.62459796392723,82.83953334678509,Estimación adecuada
Yabucoa,2005-2009,1,74.52109913218256,74.76980775261882,73.95125524867152,75.62891809995482,Estimación adecuada
Yabucoa,2005-2009,2,83.07308125246723,82.83262576660672,81.83235356988658,83.91857755496196,Estimación adecuada
Yabucoa,2010-2014,1,75.57434879024864,76.07089314698189,75.24363624497848,76.8524056535393,Estimación adecuada
Yabucoa,2010-2014,2,82.0382545268585,82.66094154774743,81.45925470727353,83.74215086331353,Estimación adecuada
Yabucoa,2015-2019,1,77.58753133123862,78.2143508645832,77.21942170475216,79.37889078665609,Estimación adecuada
Yabucoa,2015-2019,2,86.1265699532434,85.59438508016675,84.37005176528342,87.12141060599785,Estimación adecuada
Yabucoa,2020-2024,1,75.78194920338815,77.15222892940744,76.24820445798224,78.13971613467069,> e0 observado
Yabucoa,2020-2024,2,85.25611674355481,84.85127550072227,83.69187567141307,86.0115208568227,Estimación adecuada
Yauco,1980-1984,1,71.51456720078431,71.03427995381573,70.0651072915474,72.07683237316591,Estimación adecuada
Yauco,1980-1984,2,77.4589640282646,77.49283730022466,76.29263257844138,78.6660512522329,Estimación adecuada
Yauco,1985-1989,1,69.95040254168732,70.06775804718299,69.07834963784717,70.87656022149743,Estimación adecuada
Yauco,1985-1989,2,77.60208552265917,77.39162492950476,76.44024375962655,78.49711360582708,Estimación adecuada
Yauco,1990-1994,1,71.7335324052013,71.30076096373071,70.54201922037785,72.13875659611236,Estimación adecuada
Yauco,1990-1994,2,78.49054698828598,78.31803927990924,77.42281492210195,79.1609695623406,Estimación adecuada
Yauco,1995-1999,1,72.03051290197796,71.58418996262667,70.75922757680868,72.51471788092513,Estimación adecuada
Yauco,1995-1999,2,79.29391771380651,78.73535555223205,77.84156433515751,79.59782547566499,Estimación adecuada
Yauco,2000-2004,1,72.97803149863371,73.13208771030644,72.27177793495648,73.79463908049908,Estimación adecuada
Yauco,2000-2004,2,79.24854846213276,79.29813668199961,78.46174458716325,80.21102942906595,Estimación adecuada
Yauco,2005-2009,1,73.24138587908658,73.51696145768261,72.7350457389243,74.43223543543441,Estimación adecuada
Yauco,2005-2009,2,80.5594161821005,80.59803636241848,79.7731325983061,81.44773835715091,Estimación adecuada
Yauco,2010-2014,1,75.57887719653512,75.55550727187533,74.62648259544936,76.48906729754508,Estimación adecuada
Yauco,2010-2014,2,81.76032266455593,81.84309514349182,80.80832528166707,82.74982337759126,Estimación adecuada
Yauco,2015-2019,1,77.43223226793361,77.32894613423896,76.29749585494021,78.2082815701225,Estimación adecuada
Yauco,2015-2019,2,82.51620418595085,83.12215729516942,82.05472682092295,84.25495506095933,Estimación adecuada
Yauco,2020-2024,1,75.94482006846164,76.33570385805535,75.3509005364308,77.11362526553513,Estimación adecuada
Yauco,2020-2024,2,83.86986937855978,83.28334251384008,82.516047088459,84.1488252351223,Estimación adecuada
