region,period,sex,e0_observado,e0_estimado,e0_lower,e0_upper,est_eval
Adjuntas,1980-1984,1,72.54189508802462,72.31516058788965,70.98981013314005,73.56834771734466,Estimación adecuada
Adjuntas,1980-1984,2,78.96516925394144,78.96945318501673,77.58763855475742,80.48945914157149,Estimación adecuada
Adjuntas,1985-1989,1,70.84999061728887,71.6231229017848,70.48080444675075,72.85880424669354,Estimación adecuada
Adjuntas,1985-1989,2,78.97855761762072,79.04090161419111,77.78364283549293,80.38413769372507,Estimación adecuada
Adjuntas,1990-1994,1,71.49310954038988,71.49764615541193,70.34492206078119,72.71919913759561,Estimación adecuada
Adjuntas,1990-1994,2,77.8804765833591,78.68024689377391,77.52525471945013,79.96283818025428,Estimación adecuada
Adjuntas,1995-1999,1,71.91080703113896,72.10378629067856,70.88602365049191,73.29018106123424,Estimación adecuada
Adjuntas,1995-1999,2,78.53770419818306,79.00597227975294,77.81795959216215,80.32193378920331,Estimación adecuada
Adjuntas,2000-2004,1,74.08070060634158,73.91617038920103,72.8555063046359,75.09102501265023,Estimación adecuada
Adjuntas,2000-2004,2,79.50851081175084,80.07139017648839,78.91984874552908,81.38291612123406,Estimación adecuada
Adjuntas,2005-2009,1,77.13413877724007,76.0035537635691,74.71060154164773,77.24249979853722,Estimación adecuada
Adjuntas,2005-2009,2,82.23262377887986,82.29953248742659,80.83024944582274,83.8860225066869,Estimación adecuada
Adjuntas,2010-2014,1,78.0170892039493,76.90187528708005,75.65125634915647,78.11057250107032,Estimación adecuada
Adjuntas,2010-2014,2,84.37542750420445,83.71891269762929,82.23272420106856,85.4219974367841,Estimación adecuada
Adjuntas,2015-2019,1,80.07122326396829,79.3424180807226,77.96013442397476,80.99841522271981,Estimación adecuada
Adjuntas,2015-2019,2,84.75780508868195,84.97082893238269,83.29681786724339,87.12798591028728,Estimación adecuada
Adjuntas,2020-2024,1,80.09050176489525,78.99172761664695,77.65258000987141,80.51218469609108,Estimación adecuada
Adjuntas,2020-2024,2,87.03883394524665,86.18956059731622,84.56165989087138,88.29757203670165,Estimación adecuada
Aguada,1980-1984,1,73.2175687853255,73.00357295741449,71.93021802184919,74.17307356129946,Estimación adecuada
Aguada,1980-1984,2,76.66307974738103,77.79337543442699,76.64360896562022,79.03417384985377,Estimación adecuada
Aguada,1985-1989,1,73.2139670919283,72.90555165206705,71.87997187271422,73.97317979266265,Estimación adecuada
Aguada,1985-1989,2,77.70261010174512,78.16413894989569,77.00762267470083,79.40097673383018,Estimación adecuada
Aguada,1990-1994,1,73.47166304966474,72.85113054328889,71.82533521453621,73.94016190201614,Estimación adecuada
Aguada,1990-1994,2,79.5647230527858,79.49212178721068,78.23167015011104,80.75389947866914,Estimación adecuada
Aguada,1995-1999,1,72.96139718811193,72.67547962023738,71.65023514548434,73.60470010126993,Estimación adecuada
Aguada,1995-1999,2,78.42598214583917,78.68229262922955,77.60689864293289,79.75781033774557,Estimación adecuada
Aguada,2000-2004,1,75.7731265619719,75.10416693402115,74.07218596483308,76.19686682492133,Estimación adecuada
Aguada,2000-2004,2,80.35987918975404,80.50781531009497,79.45087968036587,81.68578135885764,Estimación adecuada
Aguada,2005-2009,1,77.6139364553716,76.60873877241335,75.61555968385623,77.71683992810979,Estimación adecuada
Aguada,2005-2009,2,81.48750157025498,81.50830409617542,80.50962145205443,82.69476582715767,Estimación adecuada
Aguada,2010-2014,1,77.30810654500941,76.93965360920356,75.94362631962672,77.95914009264929,Estimación adecuada
Aguada,2010-2014,2,83.93649978812951,83.56331605988659,82.33369182044689,84.87402894566844,Estimación adecuada
Aguada,2015-2019,1,80.17632385200217,79.11030335591107,78.08180523962083,80.24421397750221,Estimación adecuada
Aguada,2015-2019,2,84.8851436302622,84.86163117814249,83.48899243878179,86.25563034315437,Estimación adecuada
Aguada,2020-2024,1,78.78968559483442,78.0935203958847,77.12718998011454,79.15817650276458,Estimación adecuada
Aguada,2020-2024,2,83.87729580688905,84.22518483600817,83.02876501390367,85.54256192153555,Estimación adecuada
Aguadilla,1980-1984,1,71.00678071372083,71.07510729667482,70.1626283202985,71.93149017479239,Estimación adecuada
Aguadilla,1980-1984,2,77.48535658677463,77.37730198502015,76.35899923419497,78.48371396713246,Estimación adecuada
Aguadilla,1985-1989,1,70.58561267446154,70.71234637305527,69.76288172082216,71.6087281644617,Estimación adecuada
Aguadilla,1985-1989,2,77.65780206154781,77.60633487672753,76.70390023629565,78.47592195635316,Estimación adecuada
Aguadilla,1990-1994,1,70.88482346377515,70.745700264842,69.86327047231184,71.63433481538897,Estimación adecuada
Aguadilla,1990-1994,2,77.99785568547415,77.87997223197303,77.05345222299763,78.88125793744116,Estimación adecuada
Aguadilla,1995-1999,1,70.78010378855268,70.74394821966979,69.88660485976284,71.59889680588837,Estimación adecuada
Aguadilla,1995-1999,2,78.16686736979355,78.11299661987631,77.2634492266751,78.96947832043871,Estimación adecuada
Aguadilla,2000-2004,1,73.78276571753031,73.28082842408045,72.43726942387899,74.09380604524286,Estimación adecuada
Aguadilla,2000-2004,2,80.4519877413878,80.03936680465065,79.13038069689176,81.05685577840165,Estimación adecuada
Aguadilla,2005-2009,1,74.34368140644379,74.0859990451416,73.1618362823543,74.9398357912388,Estimación adecuada
Aguadilla,2005-2009,2,81.18616231865003,80.86116166045727,79.93612361450135,81.9405689698489,Estimación adecuada
Aguadilla,2010-2014,1,76.10575530196566,75.57354301566369,74.67866912571388,76.52965165940405,Estimación adecuada
Aguadilla,2010-2014,2,81.66758711742574,81.70931211313166,80.75848428945444,82.7358774296073,Estimación adecuada
Aguadilla,2015-2019,1,77.50146177468308,76.89789515276243,75.88478226716613,77.88718029713077,Estimación adecuada
Aguadilla,2015-2019,2,82.99395073109926,83.52993181836808,82.51817731250881,84.71784598688893,Estimación adecuada
Aguadilla,2020-2024,1,76.52156602867667,76.46192056734515,75.4822808218295,77.46826471399508,Estimación adecuada
Aguadilla,2020-2024,2,83.20736033493193,83.4093548307435,82.38512490899441,84.53616263307391,Estimación adecuada
Aguas Buenas,1980-1984,1,70.9060601893331,71.64775137087426,70.43998433983523,72.78907134783888,Estimación adecuada
Aguas Buenas,1980-1984,2,79.20230439846388,78.87463744669401,77.58898011251434,80.33561257810638,Estimación adecuada
Aguas Buenas,1985-1989,1,71.73217429810381,71.98320654538068,70.74282544649218,73.23801838656232,Estimación adecuada
Aguas Buenas,1985-1989,2,78.6666624044358,78.8945054426808,77.6092825504647,80.37250864727906,Estimación adecuada
Aguas Buenas,1990-1994,1,71.9040754109389,71.80691165563826,70.61627754061966,72.89127266537358,Estimación adecuada
Aguas Buenas,1990-1994,2,82.01930667891537,80.75397759094795,79.33667520644666,82.52244034775526,Estimación adecuada
Aguas Buenas,1995-1999,1,72.03242058667274,72.18462367552075,71.10392663363366,73.25253136086205,Estimación adecuada
Aguas Buenas,1995-1999,2,79.29741471606214,79.30494499268421,78.16948679434614,80.44467682900661,Estimación adecuada
Aguas Buenas,2000-2004,1,74.50847723417229,74.44893328195674,73.37695352470122,75.6160598457948,Estimación adecuada
Aguas Buenas,2000-2004,2,81.5330766162057,81.46089735073963,80.19786614193116,82.85104698971591,Estimación adecuada
Aguas Buenas,2005-2009,1,74.76751879253901,75.20847887652198,73.95123491757944,76.34414798162857,Estimación adecuada
Aguas Buenas,2005-2009,2,83.74825554704381,83.47794952928524,82.0228748205783,85.12981235633714,Estimación adecuada
Aguas Buenas,2010-2014,1,77.07874986678003,77.42595245095939,76.11356256999119,78.8164970653556,Estimación adecuada
Aguas Buenas,2010-2014,2,83.69043751017023,83.88511290991462,82.64246284126378,85.3547206582366,Estimación adecuada
Aguas Buenas,2015-2019,1,77.12363910638712,77.95053596503612,76.71538865185056,79.4006576718489,Estimación adecuada
Aguas Buenas,2015-2019,2,86.87058779798112,85.96470764051767,84.48352262570839,87.74632329973973,Estimación adecuada
Aguas Buenas,2020-2024,1,77.7129141285506,78.09711306934331,76.77019694299696,79.3854215794128,Estimación adecuada
Aguas Buenas,2020-2024,2,86.01372227536956,85.48497422371872,83.99296951812458,87.16913876591572,Estimación adecuada
Aibonito,1980-1984,1,71.20727896829324,71.66246232614132,70.48267656643377,72.94700034877617,Estimación adecuada
Aibonito,1980-1984,2,78.10148160174788,78.36106464388718,77.1117226924235,79.64851743611544,Estimación adecuada
Aibonito,1985-1989,1,70.93804632594708,71.32399377349552,70.16123254306098,72.42516268848246,Estimación adecuada
Aibonito,1985-1989,2,79.48839408130233,79.2050264452401,77.85098483987889,80.78136538786504,Estimación adecuada
Aibonito,1990-1994,1,72.79885060126831,72.30951146287558,71.14018671148557,73.51298420757985,Estimación adecuada
Aibonito,1990-1994,2,79.20403729733329,79.06425815617555,77.84798016234035,80.39263091625129,Estimación adecuada
Aibonito,1995-1999,1,72.77760443633895,72.22809073779365,71.04807595616036,73.46014565384506,Estimación adecuada
Aibonito,1995-1999,2,79.65397963842346,79.60185136599694,78.45147136889807,80.84283234406897,Estimación adecuada
Aibonito,2000-2004,1,74.39460579414157,74.13117085680854,73.01175651765337,75.23003088537698,Estimación adecuada
Aibonito,2000-2004,2,80.67825254541816,80.80626074672557,79.64218503331736,82.04480261152015,Estimación adecuada
Aibonito,2005-2009,1,74.88960349978896,74.91261121108688,73.8800740642849,76.057756452691,Estimación adecuada
Aibonito,2005-2009,2,81.30587533973025,81.40649285444177,80.26430918008832,82.7686251384009,Estimación adecuada
Aibonito,2010-2014,1,74.15371449624438,75.52621893766143,74.46237095082171,76.81809474710504,> e0 observado
Aibonito,2010-2014,2,82.8334666787244,82.976338584161,81.75239494835563,84.48284839762118,Estimación adecuada
Aibonito,2015-2019,1,77.00855644451336,77.71234421492349,76.56457290409968,78.93262794542233,Estimación adecuada
Aibonito,2015-2019,2,83.92589167839914,84.48306990492594,83.1704757609796,85.91198751296992,Estimación adecuada
Aibonito,2020-2024,1,79.62044145372406,78.9790110764653,77.66654823492031,80.407138134777,Estimación adecuada
Aibonito,2020-2024,2,85.54801976071056,85.55502347445878,84.0922969264793,87.22601326257042,Estimación adecuada
Anasco,1980-1984,1,72.01460523472083,71.60173016776578,70.4279427932453,72.8396056572956,Estimación adecuada
Anasco,1980-1984,2,76.47877169471658,76.92189346799347,75.6797144343211,78.19449050982408,Estimación adecuada
Anasco,1985-1989,1,71.42888891874672,71.42136955017034,70.25185946915104,72.53206172309892,Estimación adecuada
Anasco,1985-1989,2,76.49626365968555,77.30995528232964,76.11518832811626,78.6580183340141,Estimación adecuada
Anasco,1990-1994,1,70.05228247802775,70.6726486175933,69.56962129088633,71.78871193745499,Estimación adecuada
Anasco,1990-1994,2,77.19464732684078,77.69548039535997,76.52829225343288,78.76679119689022,Estimación adecuada
Anasco,1995-1999,1,71.8503650088804,71.2794110628976,70.36112795481951,72.27261871993608,Estimación adecuada
Anasco,1995-1999,2,77.85360337047757,78.00747025779471,76.93133301541681,79.13962409700189,Estimación adecuada
Anasco,2000-2004,1,74.35938543935954,73.88231250479153,72.83149388046334,74.98310763223971,Estimación adecuada
Anasco,2000-2004,2,80.6361937434096,80.42764809384691,79.1087262635889,81.79572215773011,Estimación adecuada
Anasco,2005-2009,1,76.96481061689505,75.6824793255938,74.643826669453,76.79595265220628,< e0 observado
Anasco,2005-2009,2,82.18483587125668,81.70792304936867,80.46531756488527,83.16220014173939,Estimación adecuada
Anasco,2010-2014,1,76.38264162433822,75.97495523214562,74.92814964110119,76.98607000853458,Estimación adecuada
Anasco,2010-2014,2,83.0792504741019,82.88780446989264,81.62618791438221,84.37397857788179,Estimación adecuada
Anasco,2015-2019,1,78.19758272547156,77.60844792124382,76.49397674129546,78.83836888042683,Estimación adecuada
Anasco,2015-2019,2,85.54315717152748,84.85916716775395,83.42319768426795,86.5636522508514,Estimación adecuada
Anasco,2020-2024,1,77.16064670152906,77.31485043633558,76.15420333514666,78.50253247622148,Estimación adecuada
Anasco,2020-2024,2,83.2175630598603,84.30339044495224,83.02863367431469,85.71021445823942,Estimación adecuada
Arecibo,1980-1984,1,70.94822313738125,71.00773587026616,70.21117782305363,71.81616682320212,Estimación adecuada
Arecibo,1980-1984,2,77.54900544750467,77.37204163861969,76.55475669470012,78.22385298742833,Estimación adecuada
Arecibo,1985-1989,1,70.27186805457087,70.43619313932311,69.68395440455332,71.21445930163233,Estimación adecuada
Arecibo,1985-1989,2,77.07511338664261,77.2419652289754,76.53779725476917,78.09614916772662,Estimación adecuada
Arecibo,1990-1994,1,70.75664021225552,70.6556283953864,69.88047638562013,71.44920215544356,Estimación adecuada
Arecibo,1990-1994,2,77.82525476262934,77.92243998500243,77.13021125886574,78.71795112201258,Estimación adecuada
Arecibo,1995-1999,1,70.42422951948052,70.49083873670986,69.75881364953693,71.20579091760894,Estimación adecuada
Arecibo,1995-1999,2,77.67805190763369,77.7984585796414,77.0745851316506,78.5219763789678,Estimación adecuada
Arecibo,2000-2004,1,73.58677734329173,73.25771184550015,72.52302856926447,73.992580950325,Estimación adecuada
Arecibo,2000-2004,2,80.17723082421405,79.95897415904992,79.17416292696596,80.85753655255789,Estimación adecuada
Arecibo,2005-2009,1,73.79746978285579,73.77102700702157,73.0150485712527,74.5400355009957,Estimación adecuada
Arecibo,2005-2009,2,80.99120726198102,80.77707629452112,80.0456626171177,81.63456778309443,Estimación adecuada
Arecibo,2010-2014,1,75.7499952369095,75.58200591132352,74.79776274453745,76.3572194774279,Estimación adecuada
Arecibo,2010-2014,2,81.99729917976786,81.77761881012871,81.0288091036559,82.69937025771287,Estimación adecuada
Arecibo,2015-2019,1,77.47760291858165,77.24000980572997,76.36860448085855,78.15224707464311,Estimación adecuada
Arecibo,2015-2019,2,84.62096334942437,84.32865794645697,83.30757248466323,85.41886938652031,Estimación adecuada
Arecibo,2020-2024,1,77.03404417797988,76.77041885084645,75.78924183366857,77.60724262501502,Estimación adecuada
Arecibo,2020-2024,2,83.99392652816299,83.76520015533214,82.84035501711483,84.73377403359427,Estimación adecuada
Arroyo,1980-1984,1,69.26197243419952,69.9392634107504,68.60150949739237,71.27093803359575,Estimación adecuada
Arroyo,1980-1984,2,77.70227943996014,77.52797678388424,76.0246723593237,79.1781458705715,Estimación adecuada
Arroyo,1985-1989,1,69.06544938666639,69.67401715375199,68.40787419013353,70.84768598987112,Estimación adecuada
Arroyo,1985-1989,2,76.53547803214357,76.7802393667934,75.55729023806397,78.12955065691919,Estimación adecuada
Arroyo,1990-1994,1,69.46770127229499,69.80292074416356,68.60066312249205,71.0209404455026,Estimación adecuada
Arroyo,1990-1994,2,79.1638940521351,78.3695709750418,77.05551679251032,79.86531414278599,Estimación adecuada
Arroyo,1995-1999,1,69.35840651861476,70.02771157401367,68.81167982393892,71.21974847452913,Estimación adecuada
Arroyo,1995-1999,2,77.98473955428867,77.67146420483625,76.51900006612645,78.90805117257058,Estimación adecuada
Arroyo,2000-2004,1,72.46263355278663,72.52998354952621,71.46224956079635,73.74953609705013,Estimación adecuada
Arroyo,2000-2004,2,79.49462438506765,79.59852495331785,78.35949740491472,81.06573960661511,Estimación adecuada
Arroyo,2005-2009,1,73.52924324703848,73.56795051825614,72.40916399916374,74.81427556962042,Estimación adecuada
Arroyo,2005-2009,2,81.55925566302211,81.11038722897348,79.78596262386357,82.56338889921926,Estimación adecuada
Arroyo,2010-2014,1,73.74855783813932,74.31433419931724,73.11061455562002,75.53375592847156,Estimación adecuada
Arroyo,2010-2014,2,82.70095569618667,82.2523522531213,80.87016098969492,83.83458219752298,Estimación adecuada
Arroyo,2015-2019,1,74.8566557237882,76.27406821679028,74.93477359995416,77.54609199043006,> e0 observado
Arroyo,2015-2019,2,83.0866067343545,83.51017579853527,82.03589762311769,85.32173945703474,Estimación adecuada
Arroyo,2020-2024,1,77.15040742709185,76.64191236495552,75.28023173091684,78.10851190345022,Estimación adecuada
Arroyo,2020-2024,2,82.07042233229613,83.18236992305657,81.84823783975172,84.81738932011446,Estimación adecuada
Barceloneta,1980-1984,1,69.54208697130085,70.68743150558035,69.41281045036429,71.86963460590609,Estimación adecuada
Barceloneta,1980-1984,2,77.1594570905444,77.4783604358623,76.16381106953455,79.05350262578878,Estimación adecuada
Barceloneta,1985-1989,1,72.20256138308132,71.83960952439467,70.53794810938099,73.01692307502714,Estimación adecuada
Barceloneta,1985-1989,2,78.86869640220178,78.64210136763961,77.35782624900543,80.14178237586238,Estimación adecuada
Barceloneta,1990-1994,1,71.8280110285992,71.18978089212777,69.97030868315107,72.32117251727963,Estimación adecuada
Barceloneta,1990-1994,2,79.79778456534828,79.69106932691842,78.23314810073605,81.25881358393482,Estimación adecuada
Barceloneta,1995-1999,1,69.62763398284127,70.55655527720852,69.42444523278597,71.76860239371955,Estimación adecuada
Barceloneta,1995-1999,2,78.30155980616671,78.6417328431705,77.43773011473642,79.92040000464851,Estimación adecuada
Barceloneta,2000-2004,1,74.25217285421827,73.60775926887288,72.37575300151,74.82964670433606,Estimación adecuada
Barceloneta,2000-2004,2,80.98566728548113,80.42333146986901,79.19975397203136,81.64795351366027,Estimación adecuada
Barceloneta,2005-2009,1,75.14771749617947,74.69251942693555,73.51739325165602,75.99465707678337,Estimación adecuada
Barceloneta,2005-2009,2,83.116014041615,82.36860285908821,81.10356582478622,84.01110273562557,Estimación adecuada
Barceloneta,2010-2014,1,75.38250616989667,75.53339296157289,74.4385207697737,76.77048423486332,Estimación adecuada
Barceloneta,2010-2014,2,83.0835846078107,82.77190172108689,81.56595119763381,84.24687461477622,Estimación adecuada
Barceloneta,2015-2019,1,79.11645760546237,77.81395226661687,76.61500729411381,79.21443077487903,Estimación adecuada
Barceloneta,2015-2019,2,85.56404930901091,84.98383070909301,83.47244106679364,86.74287231280132,Estimación adecuada
Barceloneta,2020-2024,1,75.82195956003592,76.01498621517379,75.04064563531455,77.08782220492242,Estimación adecuada
Barceloneta,2020-2024,2,84.21378427386203,84.50334126847545,83.1675325211787,86.02483703540734,Estimación adecuada
Barranquitas,1980-1984,1,71.33876197975142,71.64435619683492,70.51585191773968,72.8148292210498,Estimación adecuada
Barranquitas,1980-1984,2,77.30531169649653,77.82542255944009,76.45633517741648,79.10520028015992,Estimación adecuada
Barranquitas,1985-1989,1,71.51414892357278,71.60164165991195,70.39749405677232,72.77601261682166,Estimación adecuada
Barranquitas,1985-1989,2,77.76964050663393,78.20066886786111,76.91350947301208,79.41420258637815,Estimación adecuada
Barranquitas,1990-1994,1,70.61622752203237,71.11940186433173,70.06766326419017,72.25035771674928,Estimación adecuada
Barranquitas,1990-1994,2,80.19038720696514,79.67186377440368,78.35778056678495,81.12730326230559,Estimación adecuada
Barranquitas,1995-1999,1,71.30535167741402,71.05980133325318,69.98636959601166,72.09688743385213,Estimación adecuada
Barranquitas,1995-1999,2,77.36809189145215,78.15458879343578,77.03036433116807,79.29591482181948,Estimación adecuada
Barranquitas,2000-2004,1,73.94139576064688,73.88073146565151,72.695578123736,75.06286512107638,Estimación adecuada
Barranquitas,2000-2004,2,80.92303201880848,81.14083510274484,79.83183181408442,82.83572900162991,Estimación adecuada
Barranquitas,2005-2009,1,75.7544247310515,75.28069866108535,74.05009605534788,76.5857818548721,Estimación adecuada
Barranquitas,2005-2009,2,83.34321773527964,83.01967237825562,81.66604560341922,84.81946817487368,Estimación adecuada
Barranquitas,2010-2014,1,75.82434696179858,75.77714341970196,74.67529202821777,76.89351199958568,Estimación adecuada
Barranquitas,2010-2014,2,83.19916348644446,83.10673474141382,81.85036439852595,84.68149004675844,Estimación adecuada
Barranquitas,2015-2019,1,78.70088384920705,78.14777404207963,77.05270379608613,79.46144444953879,Estimación adecuada
Barranquitas,2015-2019,2,86.1569793140704,85.79301760106316,84.19892180049226,87.75845547432344,Estimación adecuada
Barranquitas,2020-2024,1,77.70140580259377,77.6656182070968,76.5090911634028,78.98216567977485,Estimación adecuada
Barranquitas,2020-2024,2,85.89659093832063,85.69539477856529,84.30638431330765,87.3230983531464,Estimación adecuada
Bayamon,1980-1984,1,72.04514701418195,71.984672308359393,71.36639631888451,72.62366484943709,Estimación adecuada
Bayamon,1980-1984,2,78.18054324807127,78.11160430140824,77.44196192770946,78.88245157927228,Estimación adecuada
Bayamon,1985-1989,1,71.5983747916107,71.63146063461214,70.9878694180359,72.27540907517024,Estimación adecuada
Bayamon,1985-1989,2,79.5340278313893,79.29914197941275,78.54973062835779,80.01462820107797,Estimación adecuada
Bayamon,1990-1994,1,69.4013098024391,69.78886903613432,69.18567649864458,70.47186163356187,Estimación adecuada
Bayamon,1990-1994,2,79.99809814237122,79.86578565204026,79.16294423402556,80.59270665355974,Estimación adecuada
Bayamon,1995-1999,1,70.7717796692549,70.97798081133249,70.31657372762122,71.63162034008715,Estimación adecuada
Bayamon,1995-1999,2,79.73301230251936,79.6988427768879,79.01614047549083,80.35743392271401,Estimación adecuada
Bayamon,2000-2004,1,73.5738231086305,73.63663257852446,72.95020327755206,74.27777754729456,Estimación adecuada
Bayamon,2000-2004,2,81.70891995330639,81.62008756085986,80.92242197375849,82.42692199596968,Estimación adecuada
Bayamon,2005-2009,1,74.78989094750834,74.79167513927115,74.00390305483587,75.53886179367368,Estimación adecuada
Bayamon,2005-2009,2,82.81400991090648,82.71374461293115,81.94811118819683,83.56497160349365,Estimación adecuada
Bayamon,2010-2014,1,76.39050901350164,76.34518538912644,75.6653661782763,77.1187387989176,Estimación adecuada
Bayamon,2010-2014,2,84.21195413174071,84.03880482672812,83.17843507211629,84.87770468754915,Estimación adecuada
Bayamon,2015-2019,1,77.4241342974101,77.47172371415414,76.65282854669915,78.25343077951446,Estimación adecuada
Bayamon,2015-2019,2,85.53635487807955,85.25525546615675,84.38824797879991,86.24237080152821,Estimación adecuada
Bayamon,2020-2024,1,76.28240347769594,76.37393498858282,75.62569644372854,77.19378819279774,Estimación adecuada
Bayamon,2020-2024,2,85.66531677680673,85.55503118549183,84.60533259052117,86.67260929127323,Estimación adecuada
Cabo Rojo,1980-1984,1,72.39724763936692,72.68551848875586,71.6186380883582,73.7657826112787,Estimación adecuada
Cabo Rojo,1980-1984,2,77.5415868375023,77.77730299056645,76.78104488090456,78.85709485794683,Estimación adecuada
Cabo Rojo,1985-1989,1,73.0487252974488,72.98229567225843,71.90711926034156,74.07748677166283,Estimación adecuada
Cabo Rojo,1985-1989,2,79.23917112625598,79.00550562034488,78.06613710625112,80.1893471387303,Estimación adecuada
Cabo Rojo,1990-1994,1,72.9792541025154,72.75575709870125,71.79719562107758,73.69557763661099,Estimación adecuada
Cabo Rojo,1990-1994,2,80.55409901002383,80.08892522909821,79.10996426184043,81.16555423811566,Estimación adecuada
Cabo Rojo,1995-1999,1,72.48815364764029,72.44791907441586,71.47423367141063,73.42062279021475,Estimación adecuada
Cabo Rojo,1995-1999,2,79.8964769700673,79.85463853033204,78.9927720757448,80.91288406480403,Estimación adecuada
Cabo Rojo,2000-2004,1,75.02839226790125,74.85132362016245,73.90822885504127,75.81679830083897,Estimación adecuada
Cabo Rojo,2000-2004,2,82.11872847252751,81.89145406423027,80.88957898039028,83.0029697687345,Estimación adecuada
Cabo Rojo,2005-2009,1,76.84328880547321,76.15752246258427,75.19141617993374,77.10802521745778,Estimación adecuada
Cabo Rojo,2005-2009,2,82.78834955008477,82.46014004274282,81.44063333661633,83.59382165827428,Estimación adecuada
Cabo Rojo,2010-2014,1,75.75368420461352,76.17385630099801,75.27974423005566,77.15551727089495,Estimación adecuada
Cabo Rojo,2010-2014,2,83.4281511567301,83.77066804362359,82.66172877760208,85.06344353023796,Estimación adecuada
Cabo Rojo,2015-2019,1,79.78583423632396,79.3607932191065,78.16437977678613,80.44189470827106,Estimación adecuada
Cabo Rojo,2015-2019,2,84.21493107845924,84.58427604705875,83.51886668865255,85.81139652318983,Estimación adecuada
Cabo Rojo,2020-2024,1,79.36891590464815,79.15208257493595,78.09403239424687,80.22785704853227,Estimación adecuada
Cabo Rojo,2020-2024,2,84.78014352257735,84.75522418100046,83.66363181896452,85.912059535922225,Estimación adecuada
Caguas,1980-1984,1,71.72229204508373,71.7242314098261,70.91867705209138,72.49505070038734,Estimación adecuada
Caguas,1980-1984,2,78.48100883851102,78.32735743136043,77.47111922227872,79.16348105916441,Estimación adecuada
Caguas,1985-1989,1,70.39381171255258,70.52444544399856,69.83030980823202,71.28687495150128,Estimación adecuada
Caguas,1985-1989,2,79.24402800001289,78.98726344727172,78.15613201903344,79.87531582608966,Estimación adecuada
Caguas,1990-1994,1,68.81764511805511,69.30055644997859,68.56461569625576,70.08575850746236,Estimación adecuada
Caguas,1990-1994,2,78.64358444378482,78.59813071386219,77.87825346742379,79.48301100826934,Estimación adecuada
Caguas,1995-1999,1,69.69055735609851,70.05043705366563,69.30116166803643,70.7920082477097,Estimación adecuada
Caguas,1995-1999,2,79.6561294833766,79.55607118314359,78.73614872572021,80.28687454637809,Estimación adecuada
Caguas,2000-2004,1,73.10779492757699,73.18454155879314,72.4404278862107,73.89744712256282,Estimación adecuada
Caguas,2000-2004,2,81.16770684291536,80.94606894984702,80.24672391824859,81.74937915229869,Estimación adecuada
Caguas,2005-2009,1,74.70961206827913,74.63456795792166,73.85134950017408,75.4336215992043,Estimación adecuada
Caguas,2005-2009,2,83.16961380386512,82.9523050001643,82.07584120389265,83.87743222475218,Estimación adecuada
Caguas,2010-2014,1,74.58554015299136,74.94463362461178,74.13793516538307,75.75881588207761,Estimación adecuada
Caguas,2010-2014,2,83.90600489563009,83.70550280865261,82.74294722835022,84.67208744704315,Estimación adecuada
Caguas,2015-2019,1,77.124653280767,77.25861164952315,76.41780704470543,78.18255780336978,Estimación adecuada
Caguas,2015-2019,2,84.81913360231933,84.75790623319402,83.8318516040618,85.78733001830855,Estimación adecuada
Caguas,2020-2024,1,76.29588342135224,76.34328815650105,75.64486552128658,77.06586902937035,Estimación adecuada
Caguas,2020-2024,2,84.58890329073995,84.53699149016276,83.63068629734789,85.54208339389228,Estimación adecuada
Camuy,1980-1984,1,72.00953497661486,72.22764316469781,71.16498649148976,73.50522767889828,Estimación adecuada
Camuy,1980-1984,2,79.04819306327792,78.96206097423615,77.58351252583103,80.4976454858037,Estimación adecuada
Camuy,1985-1989,1,73.05563270338817,72.68147364838504,71.46998531743907,73.93612367327678,Estimación adecuada
Camuy,1985-1989,2,79.50251205629576,79.30289976244029,78.0294577246377,80.741815103172,Estimación adecuada
Camuy,1990-1994,1,72.48592866320423,72.02782348888988,71.06704073632736,73.1402992547592,Estimación adecuada
Camuy,1990-1994,2,78.42074942707247,78.66477656199237,77.63374512574802,79.9424361315216,Estimación adecuada
Camuy,1995-1999,1,72.6730064081168,72.26460347359838,71.2475692453232,73.27854223670504,Estimación adecuada
Camuy,1995-1999,2,81.15887534595899,80.57142314638048,79.34598264285654,81.92492733238747,Estimación adecuada
Camuy,2000-2004,1,75.51776152008144,74.81351602896099,73.7403460482874,75.77813760121892,Estimación adecuada
Camuy,2000-2004,2,81.38049051623702,80.93010580291804,79.84020475773109,82.2655041650413,Estimación adecuada
Camuy,2005-2009,1,76.0113432292359,75.56592219591475,74.35709505645082,76.51183869341395,Estimación adecuada
Camuy,2005-2009,2,83.37764861657537,82.83770068634297,81.57017095844543,84.32298413560986,Estimación adecuada
Camuy,2010-2014,1,77.47114401608678,76.4251746922017,75.48052358610275,77.52446995226677,Estimación adecuada
Camuy,2010-2014,2,83.52117698878538,83.35839210958231,82.07530846699571,84.7276805202291,Estimación adecuada
Camuy,2015-2019,1,78.31044325410554,78.0930135599092,76.9994765715711,79.15377607837382,Estimación adecuada
Camuy,2015-2019,2,85.3683244262729,85.1340736415302,83.82297204152064,86.63507384485601,Estimación adecuada
Camuy,2020-2024,1,78.26146309261183,77.74659270852543,76.75891803814137,78.90009405588665,Estimación adecuada
Camuy,2020-2024,2,85.47114665413861,85.42438131979178,84.11316534130741,87.00053139028643,Estimación adecuada
Canovanas,1980-1984,1,73.29991788695871,71.80522825683724,70.73156458493621,72.99666841243648,< e0 observado
Canovanas,1980-1984,2,80.06188590433085,78.56544354054506,77.24495679161272,80.05306890508861,< e0 observado
Canovanas,1985-1989,1,71.61537365310774,71.30120079844257,70.23423005200596,72.35350411518905,Estimación adecuada
Canovanas,1985-1989,2,78.2476656338885,77.79127014522246,76.66275170800121,79.06153068615752,Estimación adecuada
Canovanas,1990-1994,1,68.47857316458972,69.30402058827693,68.25713655155256,70.27618297713488,Estimación adecuada
Canovanas,1990-1994,2,78.32395417011652,78.13648765577686,77.07780119619125,79.43744607249204,Estimación adecuada
Canovanas,1995-1999,1,67.92417601162161,68.85326471544505,67.90002552888828,69.81486083290717,Estimación adecuada
Canovanas,1995-1999,2,77.19866982997894,77.39131103062549,76.33651301354678,78.41699642316424,Estimación adecuada
Canovanas,2000-2004,1,71.161335880999,71.93531488530266,70.83958426337722,73.02306069112122,Estimación adecuada
Canovanas,2000-2004,2,79.89031657445085,79.85682224896009,78.75182161752582,81.29354039812011,Estimación adecuada
Canovanas,2005-2009,1,72.03527888088188,72.92894580359483,71.81605972763488,73.97546567507929,Estimación adecuada
Canovanas,2005-2009,2,82.20274877957495,81.682542384844,80.58882378303373,83.06634281619648,Estimación adecuada
Canovanas,2010-2014,1,73.73163177655942,74.47947163874804,73.44866374904532,75.52746498861099,Estimación adecuada
Canovanas,2010-2014,2,82.38500533806449,81.96195525464333,80.86758231923285,83.1496589499873,Estimación adecuada
Canovanas,2015-2019,1,76.47578865798285,76.77885182740694,75.65129080601793,77.85937734903348,Estimación adecuada
Canovanas,2015-2019,2,83.4705410867674,83.32881788016516,82.1657268650511,84.54753077677935,Estimación adecuada
Canovanas,2020-2024,1,75.27011547141525,75.49666886737009,74.5027546564797,76.45375244116777,Estimación adecuada
Canovanas,2020-2024,2,84.62181844092842,84.08487248231484,82.81073280172326,85.4181906437944,Estimación adecuada
Carolina,1980-1984,1,72.67945710656471,72.6581483496077,71.87820806453105,73.33881412862239,Estimación adecuada
Carolina,1980-1984,2,80.00245669766525,79.66851987319048,78.82342230884865,80.59640712281738,Estimación adecuada
Carolina,1985-1989,1,71.45905207579524,71.57746454241182,70.8387552024706,72.22734112269882,Estimación adecuada
Carolina,1985-1989,2,79.99533355118936,79.75671354269929,78.91148985464037,80.55276502728833,Estimación adecuada
Carolina,1990-1994,1,69.88961527032849,70.27787677697809,69.57316178971186,71.01846951109874,Estimación adecuada
Carolina,1990-1994,2,79.19273965392165,79.30832450901599,78.50419541703224,80.13867485180401,Estimación adecuada
Carolina,1995-1999,1,70.6039476792499,70.91275592343098,70.26441147759002,71.65072845695067,Estimación adecuada
Carolina,1995-1999,2,80.17066355341137,80.04112798895864,79.32974375957033,80.78779831260243,Estimación adecuada
Carolina,2000-2004,1,73.93076115352547,74.04864915190939,73.35531308497535,74.79252110846805,Estimación adecuada
Carolina,2000-2004,2,81.94990115891811,81.80398518691729,80.98056080805196,82.65930041369235,Estimación adecuada
Carolina,2005-2009,1,74.82294831043072,74.91994812150341,74.1513926237248,75.65227059173425,Estimación adecuada
Carolina,2005-2009,2,82.93347404417227,82.81593464168162,81.98391476613452,83.75883007642356,Estimación adecuada
Carolina,2010-2014,1,75.72166232249958,75.99875241496436,75.19236841633004,76.80551732281211,Estimación adecuada
Carolina,2010-2014,2,84.32702876051523,84.17862157194389,83.30277054751535,85.21781811036801,Estimación adecuada
Carolina,2015-2019,1,78.16150181754098,78.08145581135341,77.27150978994446,79.00964245052974,Estimación adecuada
Carolina,2015-2019,2,86.31301087441426,86.04690120205832,85.03078750877692,87.19320503343114,Estimación adecuada
Carolina,2020-2024,1,78.61601699181085,78.36293407660597,77.51635106371431,79.27900166864806,Estimación adecuada
Carolina,2020-2024,2,85.92480146843515,85.53844643367364,84.5661288435146,86.60194976022028,Estimación adecuada
Catano,1980-1984,1,64.71158204088911,66.33381437279915,65.23148024948269,67.43336367875216,> e0 observado
Catano,1980-1984,2,75.60330232750007,75.38116030571284,74.26914601058877,76.59511772920466,Estimación adecuada
Catano,1985-1989,1,65.748433663921,66.99788412596054,65.88697549200242,68.1673549436868,> e0 observado
Catano,1985-1989,2,78.65957711284251,77.29547765830412,76.07785427977889,78.6634004571864,Estimación adecuada
Catano,1990-1994,1,63.551421617424765,65.51471437268634,64.32824788954751,66.61958282733251,> e0 observado
Catano,1990-1994,2,77.73013012436986,77.2223988608809,76.12594051924894,78.50103541365016,Estimación adecuada
Catano,1995-1999,1,64.95894376240564,66.58850993944813,65.49136641617189,67.69837313465132,> e0 observado
Catano,1995-1999,2,77.80173549366691,77.51200855924975,76.32518891364299,78.72121252996506,Estimación adecuada
Catano,2000-2004,1,69.54736006919788,70.47877437636356,69.2153927683647,71.53103059696407,Estimación adecuada
Catano,2000-2004,2,80.2420833723342,79.30462208115216,78.16553875749987,80.45705556273253,Estimación adecuada
Catano,2005-2009,1,70.00884632904449,71.02120559354668,69.84490762482572,72.13957350965156,Estimación adecuada
Catano,2005-2009,2,82.4846061988492,81.49577379617853,80.13628678915788,83.19552131417295,Estimación adecuada
Catano,2010-2014,1,73.04054164065788,73.28000489179739,72.04511858592063,74.57833164514311,Estimación adecuada
Catano,2010-2014,2,85.05347927327067,82.83107233516873,81.3097927364912,84.70288742487483,< e0 observado
Catano,2015-2019,1,73.65254048968006,74.56717244027949,73.3248700946844,75.89088754394697,Estimación adecuada
Catano,2015-2019,2,86.94579083490224,85.07706255986758,83.30319612131746,87.28345700945351,Estimación adecuada
Catano,2020-2024,1,73.01737041087924,73.97271331767332,72.57576539069588,75.35693427637365,Estimación adecuada
Catano,2020-2024,2,86.06847947432311,84.66271749072581,83.08479882879625,86.68362876321717,Estimación adecuada
Cayey,1980-1984,1,71.32064492875628,71.17666965334627,70.23232406728816,72.20853097233145,Estimación adecuada
Cayey,1980-1984,2,76.88437352747385,77.2467840083363,76.06203612874624,78.45332530838718,Estimación adecuada
Cayey,1985-1989,1,69.35200072016079,70.0094566523746,69.12754967967423,70.94709064907518,Estimación adecuada
Cayey,1985-1989,2,78.24162311103663,78.18944561515704,77.11956408053759,79.37828373529511,Estimación adecuada
Cayey,1990-1994,1,69.27521430891126,69.95484248040808,68.91192898241148,70.87485245305821,Estimación adecuada
Cayey,1990-1994,2,78.16553833033853,78.32065970996413,77.33157458334028,79.38057729913913,Estimación adecuada
Cayey,1995-1999,1,70.01299547508536,70.57351712220343,69.64434911102241,71.49314709795067,Estimación adecuada
Cayey,1995-1999,2,78.8725901876824,78.88275309817132,77.89319128062489,79.96095674161752,Estimación adecuada
Cayey,2000-2004,1,73.68749999421473,73.60298605854373,72.5822604495339,74.60213549102083,Estimación adecuada
Cayey,2000-2004,2,81.22226473989993,80.58656851091419,79.65745337194475,81.58769741567109,Estimación adecuada
Cayey,2005-2009,1,73.99614368964569,74.58159274148038,73.55510455983917,75.58118755277698,Estimación adecuada
Cayey,2005-2009,2,82.15336992286879,81.80923020257583,80.77610118514258,83.01538518681444,Estimación adecuada
Cayey,2010-2014,1,75.00610378038505,75.63096530892885,74.56063693646162,76.60855584891114,Estimación adecuada
Cayey,2010-2014,2,83.73637939950335,83.35262651729491,82.2635489364546,84.61201967197835,Estimación adecuada
Cayey,2015-2019,1,78.54670044615932,78.31205729856141,77.24005245027132,79.5318086330364,Estimación adecuada
Cayey,2015-2019,2,85.74693279734879,85.14025646013826,83.87203395649537,86.58068595770386,Estimación adecuada
Cayey,2020-2024,1,79.40962956727441,79.02701559320248,77.79939496009825,80.32243631839536,Estimación adecuada
Cayey,2020-2024,2,87.60063485744979,86.81254964207714,85.36633039147354,88.37550768425452,Estimación adecuada
Ceiba,1980-1984,1,72.14585176157938,71.53065748033112,70.36295495107592,72.91195879053562,Estimación adecuada
Ceiba,1980-1984,2,78.61104372786001,77.95096579593317,76.3594669424047,79.9325459604654,Estimación adecuada
Ceiba,1985-1989,1,70.61981831665028,70.64738723668432,69.40825515274307,71.97779888314865,Estimación adecuada
Ceiba,1985-1989,2,79.13415807152825,78.39072485135836,76.84989487888492,80.02367080955214,Estimación adecuada
Ceiba,1990-1994,1,71.00935671117367,70.79130056280086,69.52878530912119,72.0591622717202,Estimación adecuada
Ceiba,1990-1994,2,79.17042900270536,78.71271208855302,77.379386720582,80.21243973375462,Estimación adecuada
Ceiba,1995-1999,1,72.51721647517238,71.49659153699024,70.35666482328895,72.61969318259517,Estimación adecuada
Ceiba,1995-1999,2,78.14728081414307,78.54415257838066,77.2411322435165,80.08507348571491,Estimación adecuada
Ceiba,2000-2004,1,74.86667065353893,73.58787079192203,72.36791635022055,74.89659967078488,Estimación adecuada
Ceiba,2000-2004,2,80.68427804057518,80.84001324694245,79.29188423524621,82.5331477289961,Estimación adecuada
Ceiba,2005-2009,1,76.12252834869312,74.80715710261707,73.47300681905489,76.16266848477558,Estimación adecuada
Ceiba,2005-2009,2,82.7966883833198,82.18974269082925,80.69576380977207,84.10471324189473,Estimación adecuada
Ceiba,2010-2014,1,75.46412666889603,76.20108483360542,74.7673507333251,77.7531357302097,Estimación adecuada
Ceiba,2010-2014,2,81.4135326734471,82.40534119330579,80.83924766103426,84.22959359738815,Estimación adecuada
Ceiba,2015-2019,1,78.54557923356415,77.8675322535523,76.45695232514689,79.46073199592293,Estimación adecuada
Ceiba,2015-2019,2,86.20789836529356,85.53498591362825,83.68207346996161,88.01585761674208,Estimación adecuada
Ceiba,2020-2024,1,72.26101326760207,76.10477267201816,74.65026768448968,77.47974083796989,> e0 observado
Ceiba,2020-2024,2,81.87366447467527,84.0429912292604,82.45006425968299,85.89632269775784,> e0 observado
Ciales,1980-1984,1,73.36016900812692,72.7301545239684,71.4584047206171,73.87378454267078,Estimación adecuada
Ciales,1980-1984,2,79.08450788252532,78.88036161261289,77.38762333172099,80.81531470732935,Estimación adecuada
Ciales,1985-1989,1,73.80385799895002,72.914454961703,71.56398781976644,74.30380710126667,Estimación adecuada
Ciales,1985-1989,2,79.25761748100682,79.19898785700303,77.5940618607992,80.97071779387225,Estimación adecuada
Ciales,1990-1994,1,72.25274862856378,72.03213934722177,70.8816728748404,73.33553755138873,Estimación adecuada
Ciales,1990-1994,2,79.82543814746262,79.53376626757118,78.12440656323852,80.98177673127404,Estimación adecuada
Ciales,1995-1999,1,71.42663286324975,71.77995606792351,70.4916717771805,73.11779517523621,Estimación adecuada
Ciales,1995-1999,2,79.23838111283101,79.76662623080324,78.2158224496418,81.30391842402476,Estimación adecuada
Ciales,2000-2004,1,72.88772470155352,73.74094195433834,72.55288866436754,75.10125889483139,Estimación adecuada
Ciales,2000-2004,2,80.83769687356553,81.31260648421417,79.9480576263979,82.83153603171046,Estimación adecuada
Ciales,2005-2009,1,74.52536084511352,74.95327766644847,73.74625397518398,76.35152494421627,Estimación adecuada
Ciales,2005-2009,2,82.13836581268944,82.440919949437,80.98776528794878,84.11150761354304,Estimación adecuada
Ciales,2010-2014,1,75.83944224399347,76.49291444170133,75.31348676456805,77.7452045459776,Estimación adecuada
Ciales,2010-2014,2,83.1852531946372,83.60993753007355,82.10437197538455,85.27315618117817,Estimación adecuada
Ciales,2015-2019,1,80.35963140996522,78.96319525904126,77.52584394195975,80.51887411066866,Estimación adecuada
Ciales,2015-2019,2,85.16754149388571,85.77351843280113,84.02359955842381,87.91576127471481,Estimación adecuada
Ciales,2020-2024,1,78.09521399349092,78.04655971691938,76.7358257091379,79.32336008826532,Estimación adecuada
Ciales,2020-2024,2,83.78381764684411,84.4636413969433,82.983102873456275,86.10584540305346,Estimación adecuada
Cidra,1980-1984,1,72.92625993210298,73.21005077017398,71.94202557937692,74.48535601735307,Estimación adecuada
Cidra,1980-1984,2,80.25294604658151,79.97051251287084,78.63140471460557,81.44980251406604,Estimación adecuada
Cidra,1985-1989,1,72.65671880748917,72.72350692921324,71.63650583846545,73.87738246161234,Estimación adecuada
Cidra,1985-1989,2,79.26400601296048,79.43598396777871,78.1676372226769,80.80002345300875,Estimación adecuada
Cidra,1990-1994,1,74.5927012385328,73.80664431842025,72.63537069845218,74.98781395297006,Estimación adecuada
Cidra,1990-1994,2,79.58259869878654,79.53686733157329,78.38215174419473,80.64450500337625,Estimación adecuada
Cidra,1995-1999,1,74.21713653214772,73.69351296195222,72.56604504304342,74.79114455327735,Estimación adecuada
Cidra,1995-1999,2,80.4672017909813,80.78422602590985,79.54269282957176,82.11678088963797,Estimación adecuada
Cidra,2000-2004,1,76.16480750543882,75.6874062494621,74.54586781807195,76.8240829247479,Estimación adecuada
Cidra,2000-2004,2,83.06880741955162,82.644259905352,81.44154549768764,84.0584979249083,Estimación adecuada
Cidra,2005-2009,1,76.2488157847596,76.28634074423333,75.25458966581961,77.38110871314926,Estimación adecuada
Cidra,2005-2009,2,83.29450873472624,83.27245862992328,82.07251962714882,84.77444511730397,Estimación adecuada
Cidra,2010-2014,1,77.33131059096634,77.56292970288781,76.42861912797333,78.78409931129875,Estimación adecuada
Cidra,2010-2014,2,83.46470181390174,83.43637102735563,82.36679369529891,84.75804093008502,Estimación adecuada
Cidra,2015-2019,1,78.97458456608396,79.14952665920151,77.98909955320909,80.51443613695298,Estimación adecuada
Cidra,2015-2019,2,84.69043178604441,85.15166402278578,83.89772264134511,86.60704380250684,Estimación adecuada
Cidra,2020-2024,1,79.74273539486758,79.49676186816562,78.30217973396013,80.89379157622594,Estimación adecuada
Cidra,2020-2024,2,85.33702768748,85.2756950381188,84.01184159837617,86.65638351920622,Estimación adecuada
Coamo,1980-1984,1,71.83261143264683,71.89379307444963,70.81581935351845,73.11274171125964,Estimación adecuada
Coamo,1980-1984,2,77.96592585526496,78.3474535776267,77.10424441921532,79.88751597248658,Estimación adecuada
Coamo,1985-1989,1,71.23431252697634,71.39946503246233,70.36915672585073,72.46290984859628,Estimación adecuada
Coamo,1985-1989,2,77.61875344002883,78.1332603782979,77.02333167481109,79.38446401061148,Estimación adecuada
Coamo,1990-1994,1,71.15206342123699,71.25781575149645,70.14980581471389,72.31441817680472,Estimación adecuada
Coamo,1990-1994,2,79.52007940092251,79.29759197400745,78.21576732332888,80.53763701912662,Estimación adecuada
Coamo,1995-1999,1,71.1960753395491,71.38131622507233,70.37608280283142,72.45773524692382,Estimación adecuada
Coamo,1995-1999,2,78.42390384395298,78.74869061697896,77.62739667059627,79.85385811824311,Estimación adecuada
Coamo,2000-2004,1,73.24248106281057,73.35112000541534,72.44594017084842,74.37071000778026,Estimación adecuada
Coamo,2000-2004,2,81.2524184753369,81.0612461789097,79.9316846832969,82.23223972559285,Estimación adecuada
Coamo,2005-2009,1,76.67061680312948,75.64501521926786,74.6814030859216,76.64096088743197,< e0 observado
Coamo,2005-2009,2,82.50443120167047,82.19626523285547,80.89764366691291,83.53928879677565,Estimación adecuada
Coamo,2010-2014,1,76.08519397019606,75.96296148712975,75.01977346216431,77.00630457423091,Estimación adecuada
Coamo,2010-2014,2,82.76456200780567,82.5562114384063,81.36056264026162,83.89769150926533,Estimación adecuada
Coamo,2015-2019,1,76.3555860235564,76.72594109646998,75.64542488839882,77.84316803385322,Estimación adecuada
Coamo,2015-2019,2,84.32302802936532,84.58196581577276,83.25169281756149,86.02003625007583,Estimación adecuada
Coamo,2020-2024,1,78.73457128285159,77.90829568942544,76.82888561666721,79.00138561853595,Estimación adecuada
Coamo,2020-2024,2,85.32320664794791,85.16665993707167,83.82493055154319,86.62017610462615,Estimación adecuada
Comerio,1980-1984,1,72.39160599187598,72.17602775242344,70.87340461830823,73.52898830247598,Estimación adecuada
Comerio,1980-1984,2,80.50714392154065,79.33469334071305,77.83527434687164,80.9891029468403,Estimación adecuada
Comerio,1985-1989,1,72.46599051488646,72.0532820213158,70.74503102101139,73.28958406222354,Estimación adecuada
Comerio,1985-1989,2,79.35372018267553,79.21571160146956,77.75202840685228,80.87570618952289,Estimación adecuada
Comerio,1990-1994,1,72.63261964951913,71.87080589702711,70.5632156190044,73.07249543426147,Estimación adecuada
Comerio,1990-1994,2,78.08657248899227,78.64225743393975,77.24045523007476,80.14480150083389,Estimación adecuada
Comerio,1995-1999,1,71.13227286201817,71.41656380526194,70.2569201591842,72.74305326261481,Estimación adecuada
Comerio,1995-1999,2,78.32248610899435,78.63005397739003,77.30725656333739,80.08853101341225,Estimación adecuada
Comerio,2000-2004,1,73.74046365047265,73.80761149500552,72.50300240783226,74.99954472782723,Estimación adecuada
Comerio,2000-2004,2,80.19913305806269,80.57591567186404,79.20240197691281,82.01821452835426,Estimación adecuada
Comerio,2005-2009,1,75.3035016669788,74.96165228085857,73.65478840333842,76.51475664159254,Estimación adecuada
Comerio,2005-2009,2,81.75843965388887,81.85050828714586,80.46424120835766,83.32968535611336,Estimación adecuada
Comerio,2010-2014,1,77.88992392393746,76.8135436165944,75.47533829702265,78.2458985521375,Estimación adecuada
Comerio,2010-2014,2,83.20589003283449,83.08970537640491,81.68449436058476,84.76048094037677,Estimación adecuada
Comerio,2015-2019,1,76.11616223403384,76.82914522711684,75.6958726830357,78.00255848695404,Estimación adecuada
Comerio,2015-2019,2,84.47935763504816,84.59105486090783,83.12061866905374,86.2473293919528,Estimación adecuada
Comerio,2020-2024,1,75.23982921549164,76.1745434026721,75.04310290016954,77.34303032465678,Estimación adecuada
Comerio,2020-2024,2,83.75928924043122,83.83725122371195,82.50011967668891,85.1534878249571,Estimación adecuada
Corozal,1980-1984,1,72.84342696203638,72.55699997335267,71.35671804087882,73.68670303495232,Estimación adecuada
Corozal,1980-1984,2,78.49552695365927,78.45044912025905,77.25088880544585,79.81636620941899,Estimación adecuada
Corozal,1985-1989,1,74.16679537755695,73.13041435628924,71.90339344072257,74.28175524359636,Estimación adecuada
Corozal,1985-1989,2,78.31409571064401,78.43509624681134,77.21258969703055,79.63197579914033,Estimación adecuada
Corozal,1990-1994,1,71.27571092432537,71.57014580782041,70.45549129550474,72.61696566562087,Estimación adecuada
Corozal,1990-1994,2,78.71157989908843,78.9849805151326,77.8523843879809,80.20606302141789,Estimación adecuada
Corozal,1995-1999,1,71.90053240132126,72.10969148857737,71.11141380454015,73.19101721561421,Estimación adecuada
Corozal,1995-1999,2,81.05061971042039,80.27773211765441,79.08420097684838,81.54068600269883,Estimación adecuada
Corozal,2000-2004,1,75.4012147263226,74.96493169993585,73.85594843473466,76.09710761427591,Estimación adecuada
Corozal,2000-2004,2,82.3272702996957,82.13418656141502,80.77847677193155,83.5665013316212,Estimación adecuada
Corozal,2005-2009,1,75.29676896497348,75.4455950961524,74.41309235566206,76.5334843646121,Estimación adecuada
Corozal,2005-2009,2,81.76688889895482,81.76143269152527,80.56245118209468,83.07254249364927,Estimación adecuada
Corozal,2010-2014,1,76.61800376671373,76.69945280237343,75.57918971342619,77.80450064557832,Estimación adecuada
Corozal,2010-2014,2,83.99620064198638,83.83967645776085,82.57411755296118,85.30999801014448,Estimación adecuada
Corozal,2015-2019,1,78.84838673591864,78.27870677537953,77.12420142625693,79.56666462405656,Estimación adecuada
Corozal,2015-2019,2,84.36621340480362,84.7332188745743,83.2015823023154,86.31996856614222,Estimación adecuada
Corozal,2020-2024,1,76.44862204173214,77.2495233268244,76.17439773819409,78.50232290310018,Estimación adecuada
Corozal,2020-2024,2,85.0591201159125,85.37411457363702,84.12047347453799,86.92040224412706,Estimación adecuada
Culebra,1980-1984,1,94.69722323815859,73.4372591074762,71.36278349817415,75.68047018363919,< e0 observado
Culebra,1980-1984,2,77.11141651027594,80.36606357188855,77.1088425511756,85.00168679151692,Estimación adecuada
Culebra,1985-1989,1,76.63588305134151,72.80558390081788,70.96714255669265,74.69258026340414,< e0 observado
Culebra,1985-1989,2,84.99417166658452,80.49043365511898,78.29743603858105,83.55914130011105,< e0 observado
Culebra,1990-1994,1,75.23127689590046,72.30620830181073,70.55475600221335,74.27030586379723,< e0 observado
Culebra,1990-1994,2,82.23613385170138,80.50431743819323,78.30851143024849,83.36929730291115,Estimación adecuada
Culebra,1995-1999,1,72.53390965878926,72.64019552697567,70.79213449877714,74.76922836522145,Estimación adecuada
Culebra,1995-1999,2,82.74787501668122,81.37700226295846,78.14942569982206,87.39857449592968,Estimación adecuada
Culebra,2000-2004,1,83.74648606676806,75.45432003248445,73.61170935664632,77.36633129763057,< e0 observado
Culebra,2000-2004,2,81.63132549875367,82.86717367580857,80.46376354232133,85.95331001666133,Estimación adecuada
Culebra,2005-2009,1,79.35518350612847,76.08019419922516,74.03962860669313,78.27461098849975,< e0 observado
Culebra,2005-2009,2,87.8264560091745,84.05281883936001,81.44064173379623,87.80326137154684,< e0 observado
Culebra,2010-2014,1,73.27486001063869,76.97204597661316,74.91604759285438,79.35651191318743,> e0 observado
Culebra,2010-2014,2,84.63331186955908,84.82241013828491,82.3082317234815,88.43385144427529,Estimación adecuada
Culebra,2015-2019,1,73.77823531240129,78.06632236275568,76.08049475654923,80.51583245963697,> e0 observado
Culebra,2015-2019,2,82.80860574041759,86.04575914936603,83.42957730768809,89.36699597172326,> e0 observado
Culebra,2020-2024,1,71.17558414919206,77.58306008273911,75.6974024027066,79.7606603763447,> e0 observado
Culebra,2020-2024,2,81.75048505604273,85.19459835560576,82.87403741098203,88.45421318329304,> e0 observado
Dorado,1980-1984,1,73.06768394242141,72.76757466497948,71.47536020562312,74.01993922216646,Estimación adecuada
Dorado,1980-1984,2,79.57134292897321,79.11734537385205,77.68511372136095,80.67465075163459,Estimación adecuada
Dorado,1985-1989,1,70.98138714935334,71.16913524486247,70.12557880455606,72.25797627541147,Estimación adecuada
Dorado,1985-1989,2,79.66708794032927,79.23497548594304,78.03347609180882,80.69849913085017,Estimación adecuada
Dorado,1990-1994,1,70.60163270459448,71.14062504790121,70.0512520691501,72.30846915766666,Estimación adecuada
Dorado,1990-1994,2,79.66123740902555,79.38967427229808,78.15052507238515,80.65902869993009,Estimación adecuada
Dorado,1995-1999,1,71.14661901491276,71.55094423795933,70.49862466727772,72.70870077383012,Estimación adecuada
Dorado,1995-1999,2,79.34231212268779,79.61143117482331,78.46714951189051,80.95569321215996,Estimación adecuada
Dorado,2000-2004,1,72.80125816712727,73.27404279878266,72.26508177882083,74.27111859928891,Estimación adecuada
Dorado,2000-2004,2,80.51547250678335,80.35341889774898,79.287407307106207,81.57744435713538,Estimación adecuada
Dorado,2005-2009,1,74.7421688873986,74.97458697929451,73.88465341575188,76.09426205467553,Estimación adecuada
Dorado,2005-2009,2,81.55921742419946,81.65900124882143,80.5062152052068,82.9111877940055,Estimación adecuada
Dorado,2010-2014,1,77.39725260954731,77.26987513292624,76.15275034790221,78.47989162606581,Estimación adecuada
Dorado,2010-2014,2,83.78650120499327,83.59306243900654,82.34931928644211,85.09450349903912,Estimación adecuada
Dorado,2015-2019,1,79.05317477178703,78.48197109819097,77.28002571060192,79.68890956438287,Estimación adecuada
Dorado,2015-2019,2,85.0361331038058,85.15806877927653,83.7590691104268,86.70699019831208,Estimación adecuada
Dorado,2020-2024,1,77.54648054972816,77.72885091898286,76.60661089632987,78.83942998487922,Estimación adecuada
Dorado,2020-2024,2,87.81728727976585,86.57042044211833,85.03019071454811,88.35946358744438,Estimación adecuada
Fajardo,1980-1984,1,70.97992961345318,70.40744955962285,69.3467698325756,71.43835522810582,Estimación adecuada
Fajardo,1980-1984,2,77.40340064618532,76.9061389072539,75.88494576608225,78.05504994819798,Estimación adecuada
Fajardo,1985-1989,1,71.18878767049712,70.72124346017438,69.63827766457207,71.74159574378126,Estimación adecuada
Fajardo,1985-1989,2,77.37337374894555,77.26083363457846,76.13888879061413,78.47867627817897,Estimación adecuada
Fajardo,1990-1994,1,68.18099629812696,68.72384790803719,67.79894289194254,69.72752577794243,Estimación adecuada
Fajardo,1990-1994,2,78.114748765217,77.87807926981965,76.78721499781935,78.97248653909102,Estimación adecuada
Fajardo,1995-1999,1,69.86154006659807,69.95492380334734,69.04427911316027,70.95163320291864,Estimación adecuada
Fajardo,1995-1999,2,78.82934233659793,78.50089702723028,77.48120261432445,79.60483243043042,Estimación adecuada
Fajardo,2000-2004,1,71.85134936418908,72.03500826993505,71.06324102845713,73.10612221277616,Estimación adecuada
Fajardo,2000-2004,2,80.31491904964011,79.86675290191764,78.80207739708085,81.01587989534531,Estimación adecuada
Fajardo,2005-2009,1,72.01498955956527,72.58542154658066,71.43061914812606,73.60182924528813,Estimación adecuada
Fajardo,2005-2009,2,80.42579698255476,80.3323940194737,79.19639206985981,81.4956623729678,Estimación adecuada
Fajardo,2010-2014,1,73.16480795645019,74.15349827457499,73.13763080796508,75.342093057438,Estimación adecuada
Fajardo,2010-2014,2,81.74247222384633,81.41346884290365,80.28803093024985,82.5992623385847,Estimación adecuada
Fajardo,2015-2019,1,76.15087862256588,76.49828096233222,75.27488192603337,77.85448954948073,Estimación adecuada
Fajardo,2015-2019,2,83.7123556023456,83.67169055402209,82.42671802842115,85.28631441692583,Estimación adecuada
Fajardo,2020-2024,1,74.31868957649466,74.8748701033677,73.88734801389808,76.01714186751288,Estimación adecuada
Fajardo,2020-2024,2,83.33111283123692,83.39331982638537,82.28773812075062,84.7350680117467,Estimación adecuada
Florida,1980-1984,1,71.06938753374574,71.39976403514731,70.00547014730972,72.92468855045611,Estimación adecuada
Florida,1980-1984,2,79.21775098528943,78.48971581085678,76.6019739578302,80.60498039229307,Estimación adecuada
Florida,1985-1989,1,70.64603223425698,70.96238356238797,69.39883564061822,72.49995061211884,Estimación adecuada
Florida,1985-1989,2,74.85144353276169,77.2402505952595,75.86974890439075,78.80130316421454,> e0 observado
Florida,1990-1994,1,70.01533527514866,70.473798529534207,69.18793264534068,71.69684874994711,Estimación adecuada
Florida,1990-1994,2,75.40391537650423,77.23919864063681,75.82721899191161,78.91255412475422,> e0 observado
Florida,1995-1999,1,71.658941137269,71.57842783821981,70.22496410493447,73.08425930307632,Estimación adecuada
Florida,1995-1999,2,77.29790147374477,78.15001455165633,76.75967407788721,79.72526097314216,Estimación adecuada
Florida,2000-2004,1,75.01444427678842,73.9155043901204,72.39831791973701,75.31741054409794,Estimación adecuada
Florida,2000-2004,2,81.08965307946795,80.6842746167849,79.15146676147478,82.41860891747424,Estimación adecuada
Florida,2005-2009,1,76.54783220170154,74.7688591040491,73.43229374159606,76.23021668352689,< e0 observado
Florida,2005-2009,2,80.52310433234076,80.97241522661474,79.43828208169356,82.62327933123511,Estimación adecuada
Florida,2010-2014,1,79.58931937931185,77.25308626794035,75.81217342312874,78.96210106644293,< e0 observado
Florida,2010-2014,2,84.35262381150902,83.17710461435246,81.61367313170682,84.92442265786633,Estimación adecuada
Florida,2015-2019,1,77.39963673465637,77.0964601152921,75.91504944655031,78.5387781921268,Estimación adecuada
Florida,2015-2019,2,83.04749257512822,83.88944985586198,82.26350715629067,85.74600894104353,Estimación adecuada
Florida,2020-2024,1,76.4813863744176,77.08725455641746,75.6422602743795,78.55311990561228,Estimación adecuada
Florida,2020-2024,2,86.57028869211995,86.01669367886475,84.123470113793,88.45746646247072,Estimación adecuada
Guanica,1980-1984,1,70.29160656173028,69.91374222097642,68.75109487289413,71.22638936177223,Estimación adecuada
Guanica,1980-1984,2,77.02589204137094,76.61817613942439,75.40859419427503,78.02015681393586,Estimación adecuada
Guanica,1985-1989,1,69.64590752945972,69.50059477512708,68.43787779065347,70.69431057777703,Estimación adecuada
Guanica,1985-1989,2,76.96194389846336,76.74183389143897,75.48676269265421,78.23404503507244,Estimación adecuada
Guanica,1990-1994,1,69.00330089577055,69.07487072624434,67.98013561935812,70.34111068739224,Estimación adecuada
Guanica,1990-1994,2,77.43314529873244,77.12535306680105,75.8654571280715,78.34926749541755,Estimación adecuada
Guanica,1995-1999,1,68.7592569769047,69.31655054729919,68.12708751424228,70.44797413025567,Estimación adecuada
Guanica,1995-1999,2,76.88365176255947,77.08765335896145,75.93695030206307,78.28095003979621,Estimación adecuada
Guanica,2000-2004,1,72.36855900985053,72.0156886903883,70.88665008102382,73.1999219431406,Estimación adecuada
Guanica,2000-2004,2,78.3128127578213,78.64694055673382,77.52357788221772,79.93447236268165,Estimación adecuada
Guanica,2005-2009,1,71.69965700518571,72.22070214287764,71.03773527378608,73.4289726193227,Estimación adecuada
Guanica,2005-2009,2,80.3960001801447,79.89222708655629,78.693899746765,81.25655256746327,Estimación adecuada
Guanica,2010-2014,1,75.43056531334523,74.58915908077743,73.42187802786427,75.83125290166387,Estimación adecuada
Guanica,2010-2014,2,80.57778836738088,81.13276515767254,79.73286593298585,82.6421079631296,Estimación adecuada
Guanica,2015-2019,1,74.60617783408041,74.70939306610714,73.50919326225915,75.92071317373541,Estimación adecuada
Guanica,2015-2019,2,81.3148683326643,81.71693781243215,80.40865852052988,83.14288410822695,Estimación adecuada
Guanica,2020-2024,1,73.35967274163445,74.5513426656568,73.39889558029519,75.65329306109972,> e0 observado
Guanica,2020-2024,2,82.11869011623038,82.05772150517906,80.79559704523056,83.48333872680526,Estimación adecuada
Guayama,1980-1984,1,70.2459227764776,70.23224556127855,69.23926423773977,71.23506297603586,Estimación adecuada
Guayama,1980-1984,2,76.94736099895412,76.8552093123794,75.71250030783379,78.03537685674587,Estimación adecuada
Guayama,1985-1989,1,69.1840737677994,69.4862908465008,68.4609385046491,70.43152910509015,Estimación adecuada
Guayama,1985-1989,2,77.01984994163914,76.9481646479866,75.9493294613615,78.05468741142171,Estimación adecuada
Guayama,1990-1994,1,69.12774545799293,69.53597636205588,68.55986467574981,70.58650220536516,Estimación adecuada
Guayama,1990-1994,2,78.26536534527777,77.91045499480057,76.88153455501465,78.88339355038586,Estimación adecuada
Guayama,1995-1999,1,69.89298463348949,70.12532400512819,69.1203951919297,71.08377893564335,Estimación adecuada
Guayama,1995-1999,2,79.36097539479375,78.69349083247533,77.73477049388711,79.7388193630354,Estimación adecuada
Guayama,2000-2004,1,71.73959231092829,71.94003464940509,71.07475774776012,72.88291309098324,Estimación adecuada
Guayama,2000-2004,2,80.42361640554876,80.08023038764563,79.011715908559,81.15961582224833,Estimación adecuada
Guayama,2005-2009,1,74.00462722583698,73.73664928666585,72.69842381042302,74.84576746037652,Estimación adecuada
Guayama,2005-2009,2,80.66196990050479,80.54074980538446,79.42089763554674,81.68653075389672,Estimación adecuada
Guayama,2010-2014,1,76.09220788252512,75.51664562684181,74.49760124104822,76.54053697037492,Estimación adecuada
Guayama,2010-2014,2,82.22460967328485,81.91763581464292,80.86856682614948,83.08491529984265,Estimación adecuada
Guayama,2015-2019,1,76.61959145312572,76.45797430044553,75.50322804159869,77.58069518656998,Estimación adecuada
Guayama,2015-2019,2,83.41427138998161,83.40950843210811,82.21856803257599,84.7596609323239,Estimación adecuada
Guayama,2020-2024,1,73.93879414262592,75.19553670278069,74.17960502464742,76.22591280949042,> e0 observado
Guayama,2020-2024,2,82.33975114826436,82.6301288753773,81.5913840781288,83.87683080377867,Estimación adecuada
Guayanilla,1980-1984,1,72.58983279684578,71.65064313260086,70.45801530633317,72.87859994685957,Estimación adecuada
Guayanilla,1980-1984,2,77.53353824728316,77.47188450080098,76.17546881974496,78.90256908916297,Estimación adecuada
Guayanilla,1985-1989,1,70.73661721916349,70.4748286040342,69.2884226829072,71.52488530535422,Estimación adecuada
Guayanilla,1985-1989,2,76.86235560972378,76.94653479972693,75.82880313977533,78.13944350261013,Estimación adecuada
Guayanilla,1990-1994,1,72.3775292433965,71.2788712649451,70.086614322852,72.53993519615594,Estimación adecuada
Guayanilla,1990-1994,2,78.55250974931681,77.99011412089604,76.82110643732551,79.26072819816537,Estimación adecuada
Guayanilla,1995-1999,1,72.22131902455737,71.2695304416243,70.18513285770838,72.36737933477791,Estimación adecuada
Guayanilla,1995-1999,2,79.14608996325276,78.6864916126132,77.53450552671393,80.05972087424259,Estimación adecuada
Guayanilla,2000-2004,1,74.05744082522246,73.42175193660148,72.31168879458056,74.55544993494006,Estimación adecuada
Guayanilla,2000-2004,2,80.06971551607721,79.83462363888609,78.6520327173885,81.1192376629563,Estimación adecuada
Guayanilla,2005-2009,1,73.36781184296053,73.73087524526366,72.58043939682699,74.87284409480209,Estimación adecuada
Guayanilla,2005-2009,2,79.7443309179581,79.87334379080121,78.72209460045096,81.03341206229429,Estimación adecuada
Guayanilla,2010-2014,1,77.2541883457964,76.03162272283187,74.86140816741879,77.39832997730657,Estimación adecuada
Guayanilla,2010-2014,2,79.95617529124826,81.05141457037595,79.73577672853207,82.35864697319283,Estimación adecuada
Guayanilla,2015-2019,1,74.50306944491257,75.98557746824909,74.72539180507681,77.25087937932574,> e0 observado
Guayanilla,2015-2019,2,85.47648018860491,84.29593873012806,82.80652498918418,86.11233889783819,Estimación adecuada
Guayanilla,2020-2024,1,73.73722385919335,75.24139201868101,74.04545320916701,76.4082022678543,> e0 observado
Guayanilla,2020-2024,2,84.468516719215,84.48903183271759,82.96336793711177,86.67453960429913,Estimación adecuada
Guaynabo,1980-1984,1,73.33304020193007,73.18038128103375,72.33816821933263,74.13010587643022,Estimación adecuada
Guaynabo,1980-1984,2,79.57395565229349,79.41180585500489,78.4093037234455,80.42660323673992,Estimación adecuada
Guaynabo,1985-1989,1,73.30720790413426,73.2524448327481,72.36178751416455,74.22736843594475,Estimación adecuada
Guaynabo,1985-1989,2,80.74498947655431,80.44420778748747,79.49703630722466,81.37038581871332,Estimación adecuada
Guaynabo,1990-1994,1,71.64759712414893,72.0384659815758,71.21620992056751,72.87431081845902,Estimación adecuada
Guaynabo,1990-1994,2,80.46155681333546,80.3886607992435,79.35992037095454,81.4295927483684,Estimación adecuada
Guaynabo,1995-1999,1,71.7055798280705,72.18148883047873,71.40935114729031,73.00008874245268,Estimación adecuada
Guaynabo,1995-1999,2,81.61582636139951,81.32664607762962,80.411938805632,82.31480839552816,Estimación adecuada
Guaynabo,2000-2004,1,74.54608799226907,74.90053689929015,74.08370035603058,75.82371214757055,Estimación adecuada
Guaynabo,2000-2004,2,82.43363591097874,82.42917453516611,81.49049047144302,83.4552190785235,Estimación adecuada
Guaynabo,2005-2009,1,75.40004142189414,75.76465252721917,74.90519031568134,76.57381125275316,Estimación adecuada
Guaynabo,2005-2009,2,83.59622113263238,83.50377472377903,82.54348416584233,84.66163670719658,Estimación adecuada
Guaynabo,2010-2014,1,77.3578270076508,77.50231207891298,76.62170548370177,78.46074296821001,Estimación adecuada
Guaynabo,2010-2014,2,84.62289097742051,84.45538210813652,83.5559715549041,85.45397998615222,Estimación adecuada
Guaynabo,2015-2019,1,79.63090232574721,79.38973801772852,78.3970150307388,80.39683340594101,Estimación adecuada
Guaynabo,2015-2019,2,86.62280196774701,86.34392032377477,85.25494384350594,87.52089158017644,Estimación adecuada
Guaynabo,2020-2024,1,77.36899877443203,77.75068569889733,76.78911365732839,78.73920472397307,Estimación adecuada
Guaynabo,2020-2024,2,86.85241919025239,86.69129160970809,85.54759678357688,87.94155575761803,Estimación adecuada
Gurabo,1980-1984,1,72.10043466021938,72.05212107865702,70.99171901885349,73.17642733239765,Estimación adecuada
Gurabo,1980-1984,2,77.21298943234298,77.83823271074284,76.60242398742228,79.25957799233046,Estimación adecuada
Gurabo,1985-1989,1,72.09864341259255,72.08428374577349,70.85382323271814,73.28198498921057,Estimación adecuada
Gurabo,1985-1989,2,77.8398018609633,78.19612782088495,77.01663244169075,79.52749614181432,Estimación adecuada
Gurabo,1990-1994,1,70.06358422124045,70.82009380770339,69.79704400559594,71.89812123425968,Estimación adecuada
Gurabo,1990-1994,2,78.93586566639772,79.06453234620662,77.89437608872352,80.39327803061916,Estimación adecuada
Gurabo,1995-1999,1,72.62979875914179,72.45671125856443,71.41885104235425,73.55257756556601,Estimación adecuada
Gurabo,1995-1999,2,78.37596544908041,78.8624177827833,77.70023572250656,80.21893902979531,Estimación adecuada
Gurabo,2000-2004,1,73.72455425616528,74.01768615949803,73.06570262964475,75.0326808761077,Estimación adecuada
Gurabo,2000-2004,2,82.16347596555322,81.67643417233877,80.40112171866659,82.93979409746166,Estimación adecuada
Gurabo,2005-2009,1,75.38673648949066,75.48194178217102,74.31839392996432,76.6794389077856,Estimación adecuada
Gurabo,2005-2009,2,82.71710063140857,82.30775551965235,81.2191559659577,83.65243475989546,Estimación adecuada
Gurabo,2010-2014,1,75.74184183502216,76.26671283050277,75.275553257333,77.29726764767383,Estimación adecuada
Gurabo,2010-2014,2,83.66012445857518,83.48508901570199,82.33663297640678,84.71057352418987,Estimación adecuada
Gurabo,2015-2019,1,77.8265562961926,77.91697168183674,76.7886787803863,79.02676710771928,Estimación adecuada
Gurabo,2015-2019,2,86.3751275135532,85.90311716317419,84.34754449849943,87.48198799047161,Estimación adecuada
Gurabo,2020-2024,1,78.15083490626833,77.75889975762303,76.75290347905117,78.86276247359363,Estimación adecuada
Gurabo,2020-2024,2,85.11563140762924,84.84363168820803,83.57826839226585,86.2819282291228,Estimación adecuada
Hatillo,1980-1984,1,71.99152036613721,72.38912581193472,71.17993104789409,73.56490321284508,Estimación adecuada
Hatillo,1980-1984,2,78.98029869315721,78.9836199428295,77.72314972267532,80.32225390601046,Estimación adecuada
Hatillo,1985-1989,1,72.73472078364017,72.4708733516013,71.34343747835682,73.63665833623794,Estimación adecuada
Hatillo,1985-1989,2,79.3946439963692,79.34747062733919,78.09194752152526,80.63761045061011,Estimación adecuada
Hatillo,1990-1994,1,72.29984231740123,72.0264982650384,70.96220059688429,73.13310877849369,Estimación adecuada
Hatillo,1990-1994,2,78.56900864145169,78.47559038075221,77.44953932572969,79.62636626977755,Estimación adecuada
Hatillo,1995-1999,1,72.51848608651568,72.30083067443607,71.25524736773151,73.20936545646242,Estimación adecuada
Hatillo,1995-1999,2,78.33281615395789,78.5902257396428,77.57539447861522,79.63669746393693,Estimación adecuada
Hatillo,2000-2004,1,74.45467151298739,74.09739220545796,73.20175632869451,75.12204988688349,Estimación adecuada
Hatillo,2000-2004,2,80.50637914886045,80.52410448723737,79.53706201047034,81.69793583209173,Estimación adecuada
Hatillo,2005-2009,1,75.716455247936,75.26583746258356,74.2464335016028,76.24349611908367,Estimación adecuada
Hatillo,2005-2009,2,81.90357972932111,81.84322864853213,80.77831080370703,83.09963967925533,Estimación adecuada
Hatillo,2010-2014,1,77.71502056183984,77.07457328828593,76.03422078686975,78.08619065016603,Estimación adecuada
Hatillo,2010-2014,2,83.87031312176077,83.60476116893884,82.41033946094352,84.89315792159684,Estimación adecuada
Hatillo,2015-2019,1,79.67724729389148,79.03989059600505,77.85222419151006,80.29526603169386,Estimación adecuada
Hatillo,2015-2019,2,84.8340375951111,84.50453336773117,83.33902905250167,85.81389938938648,Estimación adecuada
Hatillo,2020-2024,1,78.47632497278813,78.19631632361126,77.18718379240154,79.33140351579978,Estimación adecuada
Hatillo,2020-2024,2,86.14610937096411,85.24415316186966,84.12655788413731,86.61213681474895,Estimación adecuada
Hormigueros,1980-1984,1,74.05856561737721,73.67614063460394,72.311934870605,74.99883484103846,Estimación adecuada
Hormigueros,1980-1984,2,79.84974137268951,80.17585242942704,78.37774887803207,82.32029563589312,Estimación adecuada
Hormigueros,1985-1989,1,73.08737524946572,73.00124877098713,71.78950857511747,74.28881215902283,Estimación adecuada
Hormigueros,1985-1989,2,77.720059693455,79.2292356910631,77.86280481418808,80.71534291211859,> e0 observado
Hormigueros,1990-1994,1,74.61350802067457,73.29858987455978,72.00073250866559,74.47833954145071,< e0 observado
Hormigueros,1990-1994,2,81.39461486989455,80.70307869569383,79.29157348769469,82.35034751688487,Estimación adecuada
Hormigueros,1995-1999,1,74.87703445651638,73.65114504336844,72.5044677249107,74.7701361211525,< e0 observado
Hormigueros,1995-1999,2,80.45280069334802,80.38919402240057,79.09247548568368,81.8030087956201,Estimación adecuada
Hormigueros,2000-2004,1,75.50618073944777,75.26361330454264,73.99060449454902,76.53164077112609,Estimación adecuada
Hormigueros,2000-2004,2,82.35216419393439,82.1446268752043,80.65701604223352,83.75125853479399,Estimación adecuada
Hormigueros,2005-2009,1,76.10054922666299,76.21579789690101,75.03837600681372,77.44829174463592,Estimación adecuada
Hormigueros,2005-2009,2,84.62944320284579,83.71920935085564,82.31347272165655,85.43427417832773,Estimación adecuada
Hormigueros,2010-2014,1,76.11918178416532,77.11397016317044,75.75077999608096,78.51250498406635,Estimación adecuada
Hormigueros,2010-2014,2,82.71051389712173,83.54917135263,82.22502824384472,85.05344078658057,Estimación adecuada
Hormigueros,2015-2019,1,77.91392313609006,78.49823817237092,77.19822999942043,79.81220047578906,Estimación adecuada
Hormigueros,2015-2019,2,85.81866120513575,86.28273957220186,84.57285360507025,88.21885792339754,Estimación adecuada
Hormigueros,2020-2024,1,78.36911216509105,78.87629724374821,77.4706816680506,80.35765069751666,Estimación adecuada
Hormigueros,2020-2024,2,86.17552522276296,86.12065151218917,84.5688708297436,88.0296348969346,Estimación adecuada
Humacao,1980-1984,1,70.5825857692722,70.77674427436027,69.83768982866522,71.76323559288183,Estimación adecuada
Humacao,1980-1984,2,75.89477228552337,76.31511037792453,75.40872818068105,77.23121967351497,Estimación adecuada
Humacao,1985-1989,1,70.67071512913827,70.7500088465755,69.85031510534328,71.72339948320983,Estimación adecuada
Humacao,1985-1989,2,78.2686959539112,78.07492891186433,77.01253069088911,79.19677777085721,Estimación adecuada
Humacao,1990-1994,1,69.5996658867849,69.91033272835887,68.960221744316,70.79299431172443,Estimación adecuada
Humacao,1990-1994,2,78.98527536141168,78.70099826906235,77.74080323990857,80.00038745643313,Estimación adecuada
Humacao,1995-1999,1,71.67034271113565,71.34681655061183,70.40234796046205,72.29662128162244,Estimación adecuada
Humacao,1995-1999,2,78.50994029948488,78.40774760204,77.5588664392364,79.41600356217536,Estimación adecuada
Humacao,2000-2004,1,73.45461991775991,73.32661658808445,72.37829915039434,74.32299736901825,Estimación adecuada
Humacao,2000-2004,2,79.72370844675464,80.00051896578884,79.07890829403856,81.10252671319378,Estimación adecuada
Humacao,2005-2009,1,73.61846549183731,73.95600978454024,72.96209193177258,74.96176510654203,Estimación adecuada
Humacao,2005-2009,2,81.80291929231979,81.59776510445415,80.63865007079585,82.56815452299635,Estimación adecuada
Humacao,2010-2014,1,75.80326051258055,75.82791116325106,74.86983293842518,76.82098075467188,Estimación adecuada
Humacao,2010-2014,2,83.58584598942795,83.05188908363061,81.8774588651284,84.2387819153034,Estimación adecuada
Humacao,2015-2019,1,76.73868293897432,77.13432920858375,76.064851334524107,78.25274007682034,Estimación adecuada
Humacao,2015-2019,2,84.86787206578826,84.43409399510692,83.31758936518528,85.71562533673358,Estimación adecuada
Humacao,2020-2024,1,76.7404128820364,77.32282846381477,76.30894155773377,78.39712426640385,Estimación adecuada
Humacao,2020-2024,2,84.23320024535498,84.18471999377749,83.07055814964643,85.39046584589597,Estimación adecuada
Isabela,1980-1984,1,73.09738020117425,72.70752737904147,71.58595137803957,73.87708255729832,Estimación adecuada
Isabela,1980-1984,2,77.82732250278018,77.83702435508968,76.88069744921808,78.96941637570936,Estimación adecuada
Isabela,1985-1989,1,71.58083949829111,71.56447523605472,70.56619794874032,72.52109679460628,Estimación adecuada
Isabela,1985-1989,2,78.50099967900502,78.38651317220186,77.34168045666686,79.48745382859951,Estimación adecuada
Isabela,1990-1994,1,72.04751691637868,71.57774251947482,70.56054524735394,72.6195111367143,Estimación adecuada
Isabela,1990-1994,2,78.52411999469241,78.50581378820914,77.49449668242714,79.54289228811646,Estimación adecuada
Isabela,1995-1999,1,71.86251133480623,71.5886922883594,70.68648546438241,72.51127504892838,Estimación adecuada
Isabela,1995-1999,2,79.50480811685765,79.33219508360082,78.27394434569867,80.54400633876668,Estimación adecuada
Isabela,2000-2004,1,73.31643311223908,73.2976097278336,72.39267484523158,74.22877439850322,Estimación adecuada
Isabela,2000-2004,2,79.66880055796744,79.91400458153396,78.91795763433625,80.98089191118753,Estimación adecuada
Isabela,2005-2009,1,75.53006169201437,74.83069036969425,73.82293419005599,75.78978582680632,Estimación adecuada
Isabela,2005-2009,2,80.46868606139569,80.72416631509427,79.74504351213862,81.84013876942365,Estimación adecuada
Isabela,2010-2014,1,76.34597563194451,76.06707832054123,74.9978118656274,77.1218966512222,Estimación adecuada
Isabela,2010-2014,2,82.99199255121864,82.65337079820185,81.5889669170264,83.92443357573433,Estimación adecuada
Isabela,2015-2019,1,78.28631956544136,77.78827951222377,76.77561452664243,78.98656733022135,Estimación adecuada
Isabela,2015-2019,2,84.46499781522431,84.240471690097,82.98571027792636,85.57762832282371,Estimación adecuada
Isabela,2020-2024,1,78.4449438313461,77.46213389452662,76.51717067345653,78.49073688661842,Estimación adecuada
Isabela,2020-2024,2,84.5443040903789,84.91472959231774,83.62760202445686,86.2465248415937,Estimación adecuada
Jayuya,1980-1984,1,71.54820346169252,71.75467571710703,70.57357751499146,73.10465489284954,Estimación adecuada
Jayuya,1980-1984,2,75.83217282493806,77.53124366862471,76.0405759983134,79.15649935185195,> e0 observado
Jayuya,1985-1989,1,71.8852739133792,71.4754649632414,70.22394276541975,72.73653385579959,Estimación adecuada
Jayuya,1985-1989,2,75.89535009908417,77.38731356454397,76.021980500037,78.7248985969523,> e0 observado
Jayuya,1990-1994,1,71.61501384784762,71.148780715587435,69.94277863878122,72.38979335163101,Estimación adecuada
Jayuya,1990-1994,2,76.60405912768893,78.35342905108284,76.75023599704404,80.08561147000623,> e0 observado
Jayuya,1995-1999,1,72.76261206753301,72.08271427731263,70.85609049671224,73.32013778151527,Estimación adecuada
Jayuya,1995-1999,2,78.02341987371618,78.65989995762871,77.4287201832248,80.15472626125346,Estimación adecuada
Jayuya,2000-2004,1,74.804694975474,73.85667097557189,72.63729829960683,74.98431255771216,Estimación adecuada
Jayuya,2000-2004,2,82.26030453801705,81.673321915482,80.15371968881722,83.43365985795648,Estimación adecuada
Jayuya,2005-2009,1,76.29392429833622,75.4908610245327,74.15473802508338,76.86552624544872,Estimación adecuada
Jayuya,2005-2009,2,83.26574991380475,82.37453396264485,80.83584722872786,84.20665453825853,Estimación adecuada
Jayuya,2010-2014,1,77.86670993006521,76.90795427304278,75.58861493700951,78.436964089703,Estimación adecuada
Jayuya,2010-2014,2,83.01935062086234,83.21720064062427,81.68447292462659,84.91697371559904,Estimación adecuada
Jayuya,2015-2019,1,79.09662441043547,78.12801427532601,76.77622097936292,79.61330686408309,Estimación adecuada
Jayuya,2015-2019,2,86.09536520292535,85.82758424632428,83.92173802178586,87.89349102857587,Estimación adecuada
Jayuya,2020-2024,1,80.33778345942193,79.10544911981685,77.50747203280062,80.79901822651627,Estimación adecuada
Jayuya,2020-2024,2,86.05790395955583,85.51742050872934,83.76214472398732,87.66723076719217,Estimación adecuada
Juana Diaz,1980-1984,1,71.10192241498234,71.04645560252308,70.05942793069629,72.0067834357163,Estimación adecuada
Juana Diaz,1980-1984,2,76.03760260059694,76.61500768333744,75.49636479383568,77.8055063059147,Estimación adecuada
Juana Diaz,1985-1989,1,70.59066146569734,70.63697557841851,69.69100281312471,71.5798544155683,Estimación adecuada
Juana Diaz,1985-1989,2,77.72376003285235,77.8243697119795,76.75447010325358,78.98331235736386,Estimación adecuada
Juana Diaz,1990-1994,1,70.59462619152536,70.6286599082712,69.64760585529395,71.55633567764563,Estimación adecuada
Juana Diaz,1990-1994,2,77.80758248720088,78.02329034766876,77.0003178613151,79.00160202990112,Estimación adecuada
Juana Diaz,1995-1999,1,70.63826210363754,70.69166829051339,69.77069371117835,71.59588192452607,Estimación adecuada
Juana Diaz,1995-1999,2,78.23721855538598,78.32823708358575,77.27262558049293,79.34013336441572,Estimación adecuada
Juana Diaz,2000-2004,1,72.42010194033638,72.6967007879295,71.74090395781298,73.64898393862981,Estimación adecuada
Juana Diaz,2000-2004,2,80.07095731748443,80.01456203705239,79.01646459696656,81.33206860885903,Estimación adecuada
Juana Diaz,2005-2009,1,74.09224072675535,74.3068521986822,73.25610598117308,75.36509429054625,Estimación adecuada
Juana Diaz,2005-2009,2,81.70478408921699,81.51255291882649,80.34128516008231,82.70316857880727,Estimación adecuada
Juana Diaz,2010-2014,1,75.9826744595313,75.95819191864204,74.94486283637231,76.94460190714312,Estimación adecuada
Juana Diaz,2010-2014,2,82.91141974537285,82.74425713104492,81.54733661873982,84.08043098996123,Estimación adecuada
Juana Diaz,2015-2019,1,77.47564533192441,77.29287756139826,76.27244829062069,78.38082996856383,Estimación adecuada
Juana Diaz,2015-2019,2,86.60689455981232,85.77184364863795,84.32347410645897,87.3747913668947,Estimación adecuada
Juana Diaz,2020-2024,1,76.12481522857757,76.53778202253848,75.60015054645494,77.52849855153498,Estimación adecuada
Juana Diaz,2020-2024,2,86.097235731947,85.32160032977586,84.01426451076495,86.7957857536299,Estimación adecuada
Juncos,1980-1984,1,70.48329740971728,70.68440958295551,69.64363706189418,71.87367428463364,Estimación adecuada
Juncos,1980-1984,2,77.17475536145652,77.14484215454851,76.00488040350633,78.28201042130424,Estimación adecuada
Juncos,1985-1989,1,69.32349287604664,69.98420473869712,68.87522179514306,71.03358628845687,Estimación adecuada
Juncos,1985-1989,2,77.84087141019062,77.53456772227236,76.44821587903714,78.63922510784641,Estimación adecuada
Juncos,1990-1994,1,69.2631438714559,69.78745501700729,68.7131996728984,70.8002968787183,Estimación adecuada
Juncos,1990-1994,2,78.64376251745607,78.39020928793664,77.261148151578,79.59729251959655,Estimación adecuada
Juncos,1995-1999,1,70.43259716290989,70.54686979256192,69.58056016606221,71.54224252167378,Estimación adecuada
Juncos,1995-1999,2,78.88321244236762,78.70996922450405,77.626775736141,79.81791772226127,Estimación adecuada
Juncos,2000-2004,1,73.50676785386433,73.28854656337509,72.29066872939197,74.31086120988886,Estimación adecuada
Juncos,2000-2004,2,80.82760129992721,80.32939501816122,79.27753215462836,81.6511518700656,Estimación adecuada
Juncos,2005-2009,1,72.5823719234395,73.11008984858648,72.14669614818943,74.17030525291918,Estimación adecuada
Juncos,2005-2009,2,80.29148928265258,80.4429604810735,79.28130973408578,81.54878962512882,Estimación adecuada
Juncos,2010-2014,1,74.05814861532623,74.66561617724687,73.6339572915807,75.7531175734986,Estimación adecuada
Juncos,2010-2014,2,82.42841718245144,82.49081877207126,81.28588190358525,83.97582011719851,Estimación adecuada
Juncos,2015-2019,1,76.99651467647963,76.8926604210852,75.8595748000396,77.97491273326435,Estimación adecuada
Juncos,2015-2019,2,83.23323259682593,83.52481256889376,82.269600017953,84.8268207315303,Estimación adecuada
Juncos,2020-2024,1,76.96779959385645,76.51967151595221,75.3663042336497,77.71293149638667,Estimación adecuada
Juncos,2020-2024,2,85.00221618874696,84.4542125034224,83.08652927579814,86.01840873519093,Estimación adecuada
Lajas,1980-1984,1,72.46316902920563,72.04952117853821,70.93495391590467,73.20354198839247,Estimación adecuada
Lajas,1980-1984,2,77.35030656462365,77.86807705020412,76.6931768487186,79.21960207472725,Estimación adecuada
Lajas,1985-1989,1,73.36206024807198,72.47147970296825,71.37440341749148,73.64770162148227,Estimación adecuada
Lajas,1985-1989,2,77.65847465397063,77.96603050715697,76.88320651730406,79.09328937318105,Estimación adecuada
Lajas,1990-1994,1,72.37357825429245,72.0059255062866,70.93823794097122,73.14639913768427,Estimación adecuada
Lajas,1990-1994,2,79.66328406009777,79.28986538988812,78.05833383017858,80.6077508553343,Estimación adecuada
Lajas,1995-1999,1,72.56496891931093,72.10294083020813,71.05602389428327,73.22237207526776,Estimación adecuada
Lajas,1995-1999,2,79.70456393493816,79.68135743522998,78.57841142202413,80.90923902137537,Estimación adecuada
Lajas,2000-2004,1,74.14208023792457,73.95960180053575,72.84083444929898,75.01960434145991,Estimación adecuada
Lajas,2000-2004,2,81.18752068509266,81.05526246956208,79.83823446271778,82.30396993366044,Estimación adecuada
Lajas,2005-2009,1,76.68683187769456,75.41482486367347,74.33199911334374,76.51144077796974,< e0 observado
Lajas,2005-2009,2,81.73140373208773,81.69093868184862,80.57088237846915,83.05651896560894,Estimación adecuada
Lajas,2010-2014,1,76.92095663234578,76.42261007317606,75.30871621484728,77.73035123633377,Estimación adecuada
Lajas,2010-2014,2,83.39940774512144,83.3934489052017,82.0996032910914,84.88639994251821,Estimación adecuada
Lajas,2015-2019,1,79.16417400599892,78.20495217233005,76.94006726918278,79.53444348975671,Estimación adecuada
Lajas,2015-2019,2,84.33383648976296,84.72411768815678,83.37948811186313,86.38308815446962,Estimación adecuada
Lajas,2020-2024,1,78.13171144418277,77.53482045292054,76.35167256955194,78.82185314942191,Estimación adecuada
Lajas,2020-2024,2,85.69664696158718,85.53866744030185,84.12147626682892,87.30948141212288,Estimación adecuada
Lares,1980-1984,1,70.93967460008611,71.78344233410732,70.76075312769119,72.89705189181181,Estimación adecuada
Lares,1980-1984,2,80.07304720190548,79.78042183248726,78.38439761758055,81.35221293375578,Estimación adecuada
Lares,1985-1989,1,72.07284835603737,72.25721140653282,71.19449704098102,73.39371117473671,Estimación adecuada
Lares,1985-1989,2,80.1290633980029,79.60512724684978,78.42326690605954,80.86644164137115,Estimación adecuada
Lares,1990-1994,1,71.99408741634564,71.95012578840984,70.7290458781039,73.02971608698378,Estimación adecuada
Lares,1990-1994,2,78.72924701770712,78.85614270652465,77.81302635732364,80.01163857282492,Estimación adecuada
Lares,1995-1999,1,74.58529726703921,73.80731522161938,72.60666943601521,74.95917804291099,Estimación adecuada
Lares,1995-1999,2,81.29595428708724,80.7085957200475,79.42651507815813,81.99938343028803,Estimación adecuada
Lares,2000-2004,1,75.1110712856121,74.76835287968188,73.81748047554436,75.76670734739861,Estimación adecuada
Lares,2000-2004,2,81.70641489338435,81.69025867876685,80.43487773972355,83.15348917257785,Estimación adecuada
Lares,2005-2009,1,76.54628821621041,75.68102449168077,74.71784189593387,76.7365775865672,Estimación adecuada
Lares,2005-2009,2,82.28400989612267,82.19439008458224,80.98244515556053,83.46564281482297,Estimación adecuada
Lares,2010-2014,1,79.39080265192932,78.22118389590533,77.10895293043679,79.48333217516146,Estimación adecuada
Lares,2010-2014,2,82.72140750112156,82.57617607436018,81.39518977718996,83.81948169310058,Estimación adecuada
Lares,2015-2019,1,78.13032401868809,77.90094194035106,76.6946849703841,79.16993562014272,Estimación adecuada
Lares,2015-2019,2,84.42447115218202,84.58249209026258,83.35018132149351,85.983417369909,Estimación adecuada
Lares,2020-2024,1,77.84495769277574,78.05057505328583,76.96783666818797,79.23197511618062,Estimación adecuada
Lares,2020-2024,2,84.10188803972103,84.68635681532118,83.51417822589228,86.0281320929484,Estimación adecuada
Las Marias,1980-1984,1,73.81563474744124,73.4992802984548,72.07244243112416,74.90202916951591,Estimación adecuada
Las Marias,1980-1984,2,83.88520673112671,81.1974104958692,79.3052348174793,83.5079247113579,< e0 observado
Las Marias,1985-1989,1,73.62469730038671,73.21838974585863,71.75194469044995,74.74410349461446,Estimación adecuada
Las Marias,1985-1989,2,78.14820547870697,79.89313773234272,78.26175361142421,81.8804750261314,> e0 observado
Las Marias,1990-1994,1,74.00881730690155,73.27227807050845,71.82523686082108,74.83789960275364,Estimación adecuada
Las Marias,1990-1994,2,80.22328205184604,80.7344812608518,78.94696560706403,82.75903031292188,Estimación adecuada
Las Marias,1995-1999,1,75.13206537448636,73.76062901863554,72.37143255863886,75.18150184672481,Estimación adecuada
Las Marias,1995-1999,2,81.22000339132549,81.07364798287983,79.48024861527958,83.0844612463975,Estimación adecuada
Las Marias,2000-2004,1,77.0746887546824,75.70024550163339,74.23273012090056,77.34817578184575,Estimación adecuada
Las Marias,2000-2004,2,81.22993587246654,82.66087523018187,80.8417760055072,84.78098368616304,Estimación adecuada
Las Marias,2005-2009,1,78.94241289794024,76.94665573990889,75.37283379867822,78.62213518397809,< e0 observado
Las Marias,2005-2009,2,82.45741722564793,83.69296341139706,81.7449643609405,85.97889172138889,Estimación adecuada
Las Marias,2010-2014,1,78.9874533300309,77.4879650689362,76.1672759698658,78.74077586953894,< e0 observado
Las Marias,2010-2014,2,85.68826589307865,85.02918334318743,83.1428968494598,87.29792165459268,Estimación adecuada
Las Marias,2015-2019,1,78.44180353450636,79.2126765168716,77.69591174801357,81.06894853410533,Estimación adecuada
Las Marias,2015-2019,2,86.21196447605038,86.14859855550264,84.0622049919749,88.74815262987491,Estimación adecuada
Las Marias,2020-2024,1,78.65869602395695,78.98462791434733,77.486248487958,80.55077175160157,Estimación adecuada
Las Marias,2020-2024,2,88.4892406052294,87.43919717815015,85.22249378983462,90.44655207915815,Estimación adecuada
Las Piedras,1980-1984,1,72.46289537723118,72.66818995321594,71.47014716482022,73.90759996375537,Estimación adecuada
Las Piedras,1980-1984,2,77.65886672068534,78.15714270242253,76.9002227256578,79.43326091291114,Estimación adecuada
Las Piedras,1985-1989,1,72.61754205470727,72.36860821207512,71.25186179074328,73.55270057521221,Estimación adecuada
Las Piedras,1985-1989,2,79.00116087428613,79.13578003519365,77.706853443809635,80.55732919281935,Estimación adecuada
Las Piedras,1990-1994,1,71.55978947014577,71.77941495762633,70.77236257025307,72.85579215538345,Estimación adecuada
Las Piedras,1990-1994,2,78.89365053013081,78.92062154043977,77.69879256630713,80.15885334365196,Estimación adecuada
Las Piedras,1995-1999,1,73.7555375015721,72.93319527408293,71.79193785454127,74.05478139218606,Estimación adecuada
Las Piedras,1995-1999,2,79.79933667371473,79.80846356189303,78.6577061241682,81.00144073601751,Estimación adecuada
Las Piedras,2000-2004,1,74.83778165388007,74.54907520923666,73.46635204735864,75.63687708028296,Estimación adecuada
Las Piedras,2000-2004,2,80.54014043533196,80.50819238573891,79.50001055414597,81.7022530181281,Estimación adecuada
Las Piedras,2005-2009,1,76.55584156350447,75.83436267407502,74.79915173177537,76.88694025425507,Estimación adecuada
Las Piedras,2005-2009,2,82.30870059101942,82.43792982962529,81.12112739560907,83.85432036219221,Estimación adecuada
Las Piedras,2010-2014,1,75.93351372986655,76.51411256508501,75.32377357785009,77.7498464758564,Estimación adecuada
Las Piedras,2010-2014,2,82.5650052808105,82.69800741737356,81.64498099591054,84.05287985449974,Estimación adecuada
Las Piedras,2015-2019,1,78.58935894309695,78.34026759381943,77.18025121545959,79.51773095403256,Estimación adecuada
Las Piedras,2015-2019,2,85.36076403297453,85.13108924024091,83.79479016812417,86.79191590374104,Estimación adecuada
Las Piedras,2020-2024,1,77.65607135099411,77.84504392420776,76.70842282267662,79.0463208263398,Estimación adecuada
Las Piedras,2020-2024,2,85.02534012586072,84.86505881492198,83.76377468626438,86.19402693035471,Estimación adecuada
Loiza,1980-1984,1,71.29708119790715,70.82083904043645,69.57010545450412,72.20067625068191,Estimación adecuada
Loiza,1980-1984,2,77.96280313581073,77.56366594494435,76.21004805716734,79.01203197054565,Estimación adecuada
Loiza,1985-1989,1,71.11235934077855,70.65850923686254,69.43447766903414,72.01605213572196,Estimación adecuada
Loiza,1985-1989,2,79.76441464134875,78.68008299783597,77.17145869159083,80.35815901850732,Estimación adecuada
Loiza,1990-1994,1,68.65505357436211,69.27812368839375,67.937679091995,70.52425969878324,Estimación adecuada
Loiza,1990-1994,2,77.83527198679872,77.9141231141976,76.60154428138956,79.27305452225202,Estimación adecuada
Loiza,1995-1999,1,67.54575668322259,69.12294780486098,67.87778244953034,70.2437762677384,> e0 observado
Loiza,1995-1999,2,80.44991909621369,79.46109228339142,78.03657550224466,81.05100994420943,Estimación adecuada
Loiza,2000-2004,1,69.21795433977262,71.23193316023153,70.01324350210517,72.49331765843957,> e0 observado
Loiza,2000-2004,2,83.71722475677984,81.97325521791547,80.29762389365881,83.79544555573435,Estimación adecuada
Loiza,2005-2009,1,69.49244819404063,71.88131240833009,70.7160829912116,73.12492100219843,> e0 observado
Loiza,2005-2009,2,81.62588342717608,81.33407099056254,80.0327589721797,82.69763699556134,Estimación adecuada
Loiza,2010-2014,1,72.71620374599516,74.47207787713583,73.13589908561669,75.91387203646775,> e0 observado
Loiza,2010-2014,2,83.22740715687156,82.85143132376348,81.51757655112127,84.33850659149792,Estimación adecuada
Loiza,2015-2019,1,76.42256809809959,76.66064746944966,75.40273477276685,78.05451014908269,Estimación adecuada
Loiza,2015-2019,2,84.5824309337936,84.52317523012667,83.0746053768728,86.26524307765278,Estimación adecuada
Loiza,2020-2024,1,74.30071613355503,75.62245244611074,74.3994499342647,76.98051773100951,> e0 observado
Loiza,2020-2024,2,85.89228425330265,84.99575606136702,83.5960096546492,86.82427123494897,Estimación adecuada
Luquillo,1980-1984,1,71.32237106066452,70.92907944380764,69.70976131993109,72.1559793224841,Estimación adecuada
Luquillo,1980-1984,2,96.21054523115929,79.88915172742905,77.87643180397902,82.55191052255105,< e0 observado
Luquillo,1985-1989,1,70.58391307233262,70.70932866514379,69.43743248655707,72.08123522486721,Estimación adecuada
Luquillo,1985-1989,2,75.85277823303889,76.78530053073905,75.56046522220973,78.09712853302956,Estimación adecuada
Luquillo,1990-1994,1,69.78687362564875,70.00497798784778,68.66442265450948,71.37831476008384,Estimación adecuada
Luquillo,1990-1994,2,78.65540822491415,78.28798474494795,76.80550767099466,79.89073798612462,Estimación adecuada
Luquillo,1995-1999,1,68.8452914819172,69.60105353398319,68.35924602874735,70.79152634669228,Estimación adecuada
Luquillo,1995-1999,2,77.57073371934368,77.9423881115905,76.56197055640455,79.37476422606,Estimación adecuada
Luquillo,2000-2004,1,71.56692809461026,72.13687140880897,70.98385047227676,73.38075436196549,Estimación adecuada
Luquillo,2000-2004,2,80.93857359304148,80.63465398661398,79.1539975487071,82.09635644894507,Estimación adecuada
Luquillo,2005-2009,1,73.66197666420697,73.86579144324708,72.67427501919238,75.16577544076304,Estimación adecuada
Luquillo,2005-2009,2,80.16453384109046,80.44204007220861,79.17042563376393,81.80071352076264,Estimación adecuada
Luquillo,2010-2014,1,74.125398030716255,75.0144760019873,73.78093572458177,76.27940448970976,Estimación adecuada
Luquillo,2010-2014,2,83.56937802942336,82.98713910177071,81.36755455882049,84.74222070861877,Estimación adecuada
Luquillo,2015-2019,1,78.24158315716944,77.07528091496695,75.82069260422874,78.32519697295851,Estimación adecuada
Luquillo,2015-2019,2,86.16375324393148,85.24757927602465,83.53099082114754,87.2381730298815,Estimación adecuada
Luquillo,2020-2024,1,76.82778593702756,76.43960500923086,75.19129233603724,77.81873914918599,Estimación adecuada
Luquillo,2020-2024,2,84.96686508096818,84.58818594928663,83.0079825274828,86.50628122382999,Estimación adecuada
Manati,1980-1984,1,69.99769254598455,70.34003801432723,69.24453050842074,71.4642539906434,Estimación adecuada
Manati,1980-1984,2,76.91897319341017,77.04080567747508,75.96392743613197,78.19856016632424,Estimación adecuada
Manati,1985-1989,1,69.40848405753854,69.93452329621479,69.00437983648804,71.03173966632875,Estimación adecuada
Manati,1985-1989,2,78.1365208528677,77.99485836661913,76.76157698024949,79.25394184836736,Estimación adecuada
Manati,1990-1994,1,69.2350727686474,69.82379080708657,68.78536533348701,70.841936175732,Estimación adecuada
Manati,1990-1994,2,78.13694859634435,78.05467613156983,77.00617026739303,79.14330871820988,Estimación adecuada
Manati,1995-1999,1,70.56621278613628,70.77604309121364,69.81053207532717,71.79803940139773,Estimación adecuada
Manati,1995-1999,2,78.18010801536123,78.32891906118486,77.3279587182843,79.41872678831992,Estimación adecuada
Manati,2000-2004,1,73.50599567468082,73.1995289615614,72.1428736092032,74.1601834511037,Estimación adecuada
Manati,2000-2004,2,79.92194629262801,79.8737334700941,78.85814402937429,81.03918890035001,Estimación adecuada
Manati,2005-2009,1,74.42317304268018,74.41143384223143,73.46819790187345,75.32677886560948,Estimación adecuada
Manati,2005-2009,2,81.69558612867581,81.30948282049053,80.31591731853256,82.36538250765878,Estimación adecuada
Manati,2010-2014,1,75.79949582054559,75.66691601625584,74.64778785749957,76.7233722032456,Estimación adecuada
Manati,2010-2014,2,82.46392723255101,82.11710049808872,81.15509624936686,83.2439544140948,Estimación adecuada
Manati,2015-2019,1,76.50082129222025,76.78404251731216,75.70045770558748,77.92976637214116,Estimación adecuada
Manati,2015-2019,2,84.475438458851,84.13413771114699,83.08296480361031,85.42962918799421,Estimación adecuada
Manati,2020-2024,1,76.6410779362147,76.51583256292272,75.42734141731816,77.57132922839415,Estimación adecuada
Manati,2020-2024,2,84.79279277649535,84.55282729024356,83.32390663070314,85.82202385817018,Estimación adecuada
Maricao,1980-1984,1,68.60202825310121,71.64889600355886,70.04445942959339,73.18644732686776,> e0 observado
Maricao,1980-1984,2,78.09479107390814,78.94942675156292,77.22966632061744,80.92536301353923,Estimación adecuada
Maricao,1985-1989,1,74.96773339223955,72.90218692038688,71.2487821717457,74.63987736272563,< e0 observado
Maricao,1985-1989,2,78.61629942834107,79.51536331170796,77.59550397632735,81.67915968637675,Estimación adecuada
Maricao,1990-1994,1,71.6682444194189,71.69875034022263,70.06167010134556,73.19144624430157,Estimación adecuada
Maricao,1990-1994,2,78.78550594369429,79.82368044191603,77.98442076069117,81.96348691006362,Estimación adecuada
Maricao,1995-1999,1,71.33878340346546,71.8740665192356,70.51436522554259,73.40145472960874,Estimación adecuada
Maricao,1995-1999,2,78.99834861586001,80.34290374625168,78.50048266880736,82.48155613753778,Estimación adecuada
Maricao,2000-2004,1,77.71513177879466,75.24569040894596,73.55117960977358,76.97417159815535,< e0 observado
Maricao,2000-2004,2,80.22542908124814,81.64472509150063,79.70712065713428,84.11120759985398,Estimación adecuada
Maricao,2005-2009,1,77.40367339569201,75.55379665604835,73.88322830084616,77.41104002686356,Estimación adecuada
Maricao,2005-2009,2,82.65920888615886,82.93486696940622,81.03101132351564,85.51794911262468,Estimación adecuada
Maricao,2010-2014,1,78.78632855189304,77.15575686007708,75.42555910756546,78.96245671635394,Estimación adecuada
Maricao,2010-2014,2,86.34203171038145,85.38379523014473,82.96615981655904,88.49299042680768,Estimación adecuada
Maricao,2015-2019,1,75.94252949549475,77.94431586319499,76.29278650466222,79.7086341107572,> e0 observado
Maricao,2015-2019,2,88.98166952275554,86.95092755636081,84.21614365703822,90.0858708949961,Estimación adecuada
Maricao,2020-2024,1,78.97029384636113,78.29431016488456,76.42108200258892,80.42547920253287,Estimación adecuada
Maricao,2020-2024,2,84.52027651105944,84.2964675668569,82.37389626751886,86.6406765103648,Estimación adecuada
Maunabo,1980-1984,1,71.14680086853207,71.71544826276934,70.27742168408076,73.20701584382648,Estimación adecuada
Maunabo,1980-1984,2,78.1067644645637,78.4894126164597,76.9987950686275,80.22019479622925,Estimación adecuada
Maunabo,1985-1989,1,73.147546345311,72.17555132602415,70.83106039812469,73.51854466277476,Estimación adecuada
Maunabo,1985-1989,2,80.26716511735238,79.36182302401204,77.84064168680759,81.3017649341359,Estimación adecuada
Maunabo,1990-1994,1,72.41659695481867,71.92313504296015,70.58903589381016,73.40998868643402,Estimación adecuada
Maunabo,1990-1994,2,80.63599878230829,80.07659931258638,78.57565955987512,81.7535528973969,Estimación adecuada
Maunabo,1995-1999,1,71.2956058206204,71.52850420456318,70.1861686275301,72.73145035567694,Estimación adecuada
Maunabo,1995-1999,2,79.2103555170871,79.73163367288107,78.27811973064091,81.4399670846779,Estimación adecuada
Maunabo,2000-2004,1,73.80432839475543,73.90251516026683,72.41093653668784,75.32912409849156,Estimación adecuada
Maunabo,2000-2004,2,81.50289326156216,81.36063661570518,79.88990364005306,83.07731499464867,Estimación adecuada
Maunabo,2005-2009,1,74.64232752557564,74.3534966708875,73.11761688721707,75.64026866015729,Estimación adecuada
Maunabo,2005-2009,2,82.94220641756984,82.9127329287175,81.19461377573995,84.99309258471587,Estimación adecuada
Maunabo,2010-2014,1,74.8339607817344,75.51909196428015,74.17414715588484,76.96540996473942,Estimación adecuada
Maunabo,2010-2014,2,84.96652627183896,84.76868811800949,82.7022223361437,87.23346763896356,Estimación adecuada
Maunabo,2015-2019,1,78.86941488241771,77.71228200635726,76.49238018769888,79.17244921634178,Estimación adecuada
Maunabo,2015-2019,2,85.85027789954903,85.39810939650779,83.58206843521043,87.76410239843585,Estimación adecuada
Maunabo,2020-2024,1,73.91751745356751,76.24440425072416,74.9081114463697,77.63864373736179,> e0 observado
Maunabo,2020-2024,2,82.49945155414667,83.30766737296636,81.77447255822305,84.9221683699347,Estimación adecuada
Mayaguez,1980-1984,1,70.16347210674796,70.4287003601741,69.58401883553698,71.21801265361098,Estimación adecuada
Mayaguez,1980-1984,2,77.60512196844876,77.38959775086406,76.64685119278674,78.30591498383481,Estimación adecuada
Mayaguez,1985-1989,1,70.43422694514761,70.56077738214505,69.77259803952572,71.29660506915211,Estimación adecuada
Mayaguez,1985-1989,2,77.94340408933365,77.89232721505192,77.10074007214156,78.779830834162,Estimación adecuada
Mayaguez,1990-1994,1,70.24642591292358,70.31799028439225,69.64933813398811,71.0814503418192,Estimación adecuada
Mayaguez,1990-1994,2,78.67215935241934,78.4856626168787,77.6971324335203,79.25907717894266,Estimación adecuada
Mayaguez,1995-1999,1,70.79228679899191,70.86253319966164,70.07481072127612,71.6666471181262,Estimación adecuada
Mayaguez,1995-1999,2,79.57023177554109,79.36621510155963,78.57523244730214,80.29850827984029,Estimación adecuada
Mayaguez,2000-2004,1,73.63502357565515,73.49789677799845,72.68101495710117,74.26395307467456,Estimación adecuada
Mayaguez,2000-2004,2,81.32752458798764,81.06796491525891,80.17641010090219,82.1284024953669,Estimación adecuada
Mayaguez,2005-2009,1,73.964942144437,74.01671489838971,73.15808347249241,74.92602601205523,Estimación adecuada
Mayaguez,2005-2009,2,81.49974889865345,81.39845373519688,80.54181551878095,82.34816933020508,Estimación adecuada
Mayaguez,2010-2014,1,74.96249416874119,74.9735215085009,74.15050949683425,75.75308684902353,Estimación adecuada
Mayaguez,2010-2014,2,82.81805760395481,82.76856878434525,81.75504187501602,83.86172277666184,Estimación adecuada
Mayaguez,2015-2019,1,77.18178911462697,77.2334453794036,76.23376722133564,78.28614895600525,Estimación adecuada
Mayaguez,2015-2019,2,85.03789447163464,84.93039143308097,83.82785427705727,86.14837128770229,Estimación adecuada
Mayaguez,2020-2024,1,76.09571809909919,76.52532443903928,75.48794217270465,77.53173008260045,Estimación adecuada
Mayaguez,2020-2024,2,84.85251261520094,84.85161384359662,83.76013735106102,86.07707679030526,Estimación adecuada
Moca,1980-1984,1,71.4786135685996,72.33422320381185,71.25634731474688,73.58367212138928,Estimación adecuada
Moca,1980-1984,2,77.57729967024727,78.3805167145425,77.12297670729502,79.60465167049367,Estimación adecuada
Moca,1985-1989,1,74.13223338906985,73.41642842835816,72.328979047169355,74.45778113606572,Estimación adecuada
Moca,1985-1989,2,78.76717836323876,79.01557774352307,77.82140789604347,80.27745835988215,Estimación adecuada
Moca,1990-1994,1,74.3861312285618,73.59910181389107,72.41274313460706,74.69383306093356,Estimación adecuada
Moca,1990-1994,2,79.3308624878243,79.3850567889977,78.20570299738102,80.71606791209163,Estimación adecuada
Moca,1995-1999,1,73.93016893221346,73.37059938313598,72.40091684120517,74.397776983924,Estimación adecuada
Moca,1995-1999,2,79.92298518560598,79.73259551807165,78.6991894355244,80.8694462844825,Estimación adecuada
Moca,2000-2004,1,76.88913106198093,75.88823899130483,74.87371060459145,76.96500058386204,Estimación adecuada
Moca,2000-2004,2,81.20152141336699,81.54040616473804,80.29843245471075,82.903023419084235,Estimación adecuada
Moca,2005-2009,1,78.23027972920576,77.14546721806204,76.17878064398928,78.21642325620262,< e0 observado
Moca,2005-2009,2,81.64729368972596,82.0595929318269,80.90795406259468,83.34792165294607,Estimación adecuada
Moca,2010-2014,1,78.39894219071823,77.88388308634357,76.74441137096171,79.16023319295861,Estimación adecuada
Moca,2010-2014,2,82.3431083414248,82.78403891540924,81.62351428064997,84.11671536578021,Estimación adecuada
Moca,2015-2019,1,78.8694231537018,78.59228074453672,77.47149113887814,79.68658162754826,Estimación adecuada
Moca,2015-2019,2,85.12050775808935,85.27708373242197,83.9974555451312,86.78959338767262,Estimación adecuada
Moca,2020-2024,1,79.51961488138421,79.07407592798506,77.99109664896827,80.25912036888033,Estimación adecuada
Moca,2020-2024,2,84.8346312351195,85.0876978909142,83.94435591833928,86.40258049674574,Estimación adecuada
Morovis,1980-1984,1,72.75449760171898,72.74069119922562,71.54102768466504,74.07752406865028,Estimación adecuada
Morovis,1980-1984,2,79.58978615306602,79.56592052934761,78.02554023153283,81.09730694554882,Estimación adecuada
Morovis,1985-1989,1,73.00155031190296,72.83591632754391,71.69860242148032,74.02995630081756,Estimación adecuada
Morovis,1985-1989,2,79.18909920848031,79.27545850732585,77.78149851506159,80.67112054115249,Estimación adecuada
Morovis,1990-1994,1,74.71294088662609,73.4972434544208,72.2907412210921,74.62814602280797,< e0 observado
Morovis,1990-1994,2,79.13950712220092,79.44239588487241,78.12208202838401,80.84335490615005,Estimación adecuada
Morovis,1995-1999,1,72.82153464768288,72.70253618632255,71.61238029904655,73.76991990159786,Estimación adecuada
Morovis,1995-1999,2,80.70735984476201,80.66554942647909,79.36018849697297,82.20829026786959,Estimación adecuada
Morovis,2000-2004,1,74.10293235770516,74.54881072793603,73.50422425200176,75.66865163201581,Estimación adecuada
Morovis,2000-2004,2,82.09073872809748,82.05866329207961,80.72073511527694,83.83221122966091,Estimación adecuada
Morovis,2005-2009,1,76.91529332323657,76.12090605933622,75.03653367201098,77.3723775281218,Estimación adecuada
Morovis,2005-2009,2,83.05104709140619,82.86251287253737,81.53882898828086,84.54063882408214,Estimación adecuada
Morovis,2010-2014,1,77.08123150152963,77.2850239502831,76.0664720820531,78.49841259589613,Estimación adecuada
Morovis,2010-2014,2,83.34182688922566,83.36737039144083,82.0194322737608,84.95061321239623,Estimación adecuada
Morovis,2015-2019,1,78.96515859482,78.41692147001443,77.36712671323534,79.54574742419891,Estimación adecuada
Morovis,2015-2019,2,87.15880943526803,86.28515953805339,84.72311875070137,88.25030035370416,Estimación adecuada
Morovis,2020-2024,1,78.24581234081779,78.5134144994043,77.42583361058905,79.69888593292835,Estimación adecuada
Morovis,2020-2024,2,84.91369846953171,85.70338522120699,84.34158519257953,87.46150184695321,Estimación adecuada
Naguabo,1980-1984,1,71.84412346105835,71.52497093403048,70.18881912976715,72.69540101442603,Estimación adecuada
Naguabo,1980-1984,2,76.70981740677907,76.80631381118245,75.50136836069113,78.20590595969946,Estimación adecuada
Naguabo,1985-1989,1,70.38778077568492,70.48027137361706,69.23759600690582,71.63998220585174,Estimación adecuada
Naguabo,1985-1989,2,77.29975247108983,77.3008000960389,76.15407823603313,78.51706530933333,Estimación adecuada
Naguabo,1990-1994,1,69.935755323165,70.01308837370001,68.8400490645577,71.1608534098772,Estimación adecuada
Naguabo,1990-1994,2,77.276908615301707,77.83771130910395,76.57810394695127,79.1027937610431,Estimación adecuada
Naguabo,1995-1999,1,69.72322516574484,70.21059512391606,68.97610568619632,71.32683232860163,Estimación adecuada
Naguabo,1995-1999,2,76.82881627212045,77.36179482096506,76.2557625120644,78.53171669194019,Estimación adecuada
Naguabo,2000-2004,1,72.06654411146114,72.27488200927623,71.1393156425284,73.41123761086068,Estimación adecuada
Naguabo,2000-2004,2,79.7628328934226,80.07016829755605,78.83708471964866,81.4855783339777,Estimación adecuada
Naguabo,2005-2009,1,73.7786257214367,73.74884021027813,72.54533069552758,74.98242498459827,Estimación adecuada
Naguabo,2005-2009,2,80.62404690696854,80.92152922228132,79.66127801401512,82.3841982507018,Estimación adecuada
Naguabo,2010-2014,1,75.11164062971051,74.96356137957727,73.77425954807329,76.13122631840191,Estimación adecuada
Naguabo,2010-2014,2,82.93958682980916,82.42814829240747,81.1511748362102,83.98897989512581,Estimación adecuada
Naguabo,2015-2019,1,76.26882750450046,76.09078114472655,74.81742407837359,77.32589336860012,Estimación adecuada
Naguabo,2015-2019,2,84.83022686610573,84.2337669896717,82.73116188077687,85.87700810576465,Estimación adecuada
Naguabo,2020-2024,1,77.23171232523964,76.6613440241675,75.47085566059434,77.76689650168969,Estimación adecuada
Naguabo,2020-2024,2,83.84568426869097,83.81017982332716,82.4205260507763,85.33726993388582,Estimación adecuada
Naranjito,1980-1984,1,74.98820136337291,74.11085118299371,72.81268447780579,75.5880703270193,Estimación adecuada
Naranjito,1980-1984,2,82.09597951709324,80.56060974345402,79.13298009719757,81.950226430514,< e0 observado
Naranjito,1985-1989,1,74.14321504502334,73.40562102957986,72.21576601600678,74.48153132048976,Estimación adecuada
Naranjito,1985-1989,2,81.17666750110004,80.52379948738803,79.07706214861071,82.12047543897195,Estimación adecuada
Naranjito,1990-1994,1,72.65469281143537,72.65520124045048,71.63230812675393,73.84190055634754,Estimación adecuada
Naranjito,1990-1994,2,80.53672985190586,80.63079587017316,79.19447678119067,82.13238537557292,Estimación adecuada
Naranjito,1995-1999,1,71.78384170584214,72.13482048768458,71.16410503710019,73.31712973233478,Estimación adecuada
Naranjito,1995-1999,2,81.60503745588991,81.03616196449742,79.66700046172451,82.56829162294933,Estimación adecuada
Naranjito,2000-2004,1,75.02066724722975,74.93497499361024,73.7717372497285,76.07517511665628,Estimación adecuada
Naranjito,2000-2004,2,82.02786957174214,82.0458085213345,80.71646078833538,83.45523487811735,Estimación adecuada
Naranjito,2005-2009,1,75.97305227428453,76.13324337133882,74.8952012529726,77.27854056176217,Estimación adecuada
Naranjito,2005-2009,2,81.50399850212824,82.0939317129593,80.86306762305908,83.48250750251066,Estimación adecuada
Naranjito,2010-2014,1,78.20596950921359,77.51325681400908,76.39760778839118,78.8377954814773,Estimación adecuada
Naranjito,2010-2014,2,82.65441935713194,83.6362914613788,82.28621722767741,85.28740248050822,Estimación adecuada
Naranjito,2015-2019,1,79.79942567224485,79.51319501213611,78.15047780059291,81.03455610694621,Estimación adecuada
Naranjito,2015-2019,2,86.72388771081324,86.75270299192266,85.19121167617071,88.7094592612789,Estimación adecuada
Naranjito,2020-2024,1,76.58250173203983,77.59247424301026,76.41244872597078,78.65351668613465,Estimación adecuada
Naranjito,2020-2024,2,85.58645308606359,85.26490811636273,84.0294889025842,86.78306463590266,Estimación adecuada
Orocovis,1980-1984,1,73.68697408485414,73.42245980293231,72.11258521644241,74.85918442957026,Estimación adecuada
Orocovis,1980-1984,2,79.52890987399998,79.37411821454921,77.9107882099889,80.85892129325117,Estimación adecuada
Orocovis,1985-1989,1,72.86313442913975,72.61543889514448,71.46179470057282,73.82102858234136,Estimación adecuada
Orocovis,1985-1989,2,83.00284611084997,81.0676307272349,79.55666578287725,82.97091463310701,< e0 observado
Orocovis,1990-1994,1,70.6546043654978,71.45008530628583,70.22630300695205,72.6347652815683,Estimación adecuada
Orocovis,1990-1994,2,80.6362204849656,80.34450635100549,79.05032847137687,81.9424643028481,Estimación adecuada
Orocovis,1995-1999,1,73.6769876912186,73.12312297368211,71.94549346827792,74.40508957842636,Estimación adecuada
Orocovis,1995-1999,2,79.89715435282754,80.074152442177,78.76203669522917,81.54437014576166,Estimación adecuada
Orocovis,2000-2004,1,74.30531059061678,74.39271440285233,73.23256039268334,75.62427250835836,Estimación adecuada
Orocovis,2000-2004,2,82.76820538655008,82.39504829842286,80.94471752326744,84.1861251481548,Estimación adecuada
Orocovis,2005-2009,1,75.65599075985116,75.588767257211,74.44550677763405,76.91919238650577,Estimación adecuada
Orocovis,2005-2009,2,81.23465089468091,81.70705945374038,80.41328947726686,83.25393356936387,Estimación adecuada
Orocovis,2010-2014,1,78.72609688729916,77.61186025945838,76.33780934349595,79.07325476087195,Estimación adecuada
Orocovis,2010-2014,2,83.46032948812696,83.40517076741051,81.92613942888721,85.02580025663114,Estimación adecuada
Orocovis,2015-2019,1,78.31348130256,78.1599940382493,76.95229835221443,79.43039668959747,Estimación adecuada
Orocovis,2015-2019,2,84.96910673692186,85.37874833681033,83.79421164916519,87.25722209734248,Estimación adecuada
Orocovis,2020-2024,1,77.80883766643082,78.43847761034726,77.06988773478585,79.9691989215808,Estimación adecuada
Orocovis,2020-2024,2,84.818931044802,84.93116394778343,83.53240398754087,86.6048882414956,Estimación adecuada
Patillas,1980-1984,1,71.2919207839744,71.7213075904824,70.41523279252787,73.01962821193996,Estimación adecuada
Patillas,1980-1984,2,77.55331848134108,77.73974404632841,76.3349366851357,79.1713900565442,Estimación adecuada
Patillas,1985-1989,1,71.37552114824256,70.97323446922682,69.89506647719519,72.12735754385884,Estimación adecuada
Patillas,1985-1989,2,79.24042850774778,78.67518998608503,77.35629744887584,80.06897332898382,Estimación adecuada
Patillas,1990-1994,1,72.50760666915836,71.57514091707021,70.32470333047888,72.80699481663399,Estimación adecuada
Patillas,1990-1994,2,78.396020908419,78.45204118647247,77.19771073860309,79.772210879523,Estimación adecuada
Patillas,1995-1999,1,71.16809015939646,71.35788302112041,70.1466513543576,72.56413800144198,Estimación adecuada
Patillas,1995-1999,2,78.52476688729735,78.45474957079784,77.29483261191965,79.67078872953728,Estimación adecuada
Patillas,2000-2004,1,73.84030571885793,73.63433728999195,72.49944995213009,74.78446808558468,Estimación adecuada
Patillas,2000-2004,2,80.28524555250978,80.80649284422262,79.37524387667806,82.23705521458935,Estimación adecuada
Patillas,2005-2009,1,74.71797456893655,74.42909775063944,73.20889546866918,75.73604410597291,Estimación adecuada
Patillas,2005-2009,2,82.37229150118685,81.67056091626766,80.3770184333553,83.18464054381855,Estimación adecuada
Patillas,2010-2014,1,75.64302541877274,75.99229912132775,74.72551903272623,77.37031972059916,Estimación adecuada
Patillas,2010-2014,2,82.97344642216794,83.20797740184263,81.70313439994082,84.9029226357087,Estimación adecuada
Patillas,2015-2019,1,77.44243369136633,77.30633075306213,76.04795772883062,78.73977337040267,Estimación adecuada
Patillas,2015-2019,2,85.6246498503258,85.54973324374726,83.86663990044303,87.47568742627162,Estimación adecuada
Patillas,2020-2024,1,75.44281315111742,76.45861865994667,75.39407650587832,77.69250514235603,Estimación adecuada
Patillas,2020-2024,2,83.73266646624232,85.49371934216026,83.82376398502822,87.58186389001679,> e0 observado
Penuelas,1980-1984,1,72.35786944424058,71.63952301527817,70.36421810793196,72.95203146732939,Estimación adecuada
Penuelas,1980-1984,2,77.42169553222374,77.67883182775472,76.40846738471606,79.10219349899933,Estimación adecuada
Penuelas,1985-1989,1,72.76539154925342,71.88206270156022,70.65400458960586,73.07982283192,Estimación adecuada
Penuelas,1985-1989,2,78.26925344407194,78.17473616342338,76.81994815277389,79.62857407999095,Estimación adecuada
Penuelas,1990-1994,1,71.6518283419231,71.17233126294158,70.00986785260496,72.24346938428697,Estimación adecuada
Penuelas,1990-1994,2,78.09730287289996,78.2713985064332,77.00602551447767,79.69879635087419,Estimación adecuada
Penuelas,1995-1999,1,72.510868008911,71.84216461955569,70.764990957387,72.98994579212231,Estimación adecuada
Penuelas,1995-1999,2,77.85186468595465,78.54782595206589,77.2596893872541,80.00682611130473,Estimación adecuada
Penuelas,2000-2004,1,73.06979986248778,73.06509343095692,71.8554146203923,74.2813156058535,Estimación adecuada
Penuelas,2000-2004,2,80.74681115313095,80.77073033550411,79.33559061978009,82.56435952412399,Estimación adecuada
Penuelas,2005-2009,1,74.32588415517952,74.31844651107508,73.11877996314601,75.42589753604169,Estimación adecuada
Penuelas,2005-2009,2,83.85447484865449,82.89832754130805,81.12709216808399,84.85346720173308,Estimación adecuada
Penuelas,2010-2014,1,77.2161868060379,76.74701817103931,75.36435304358406,78.17408077596478,Estimación adecuada
Penuelas,2010-2014,2,82.37054992803499,82.4644158577099,81.1087471008087,83.99670659066983,Estimación adecuada
Penuelas,2015-2019,1,76.94988280019332,76.85647325365998,75.74217403608323,78.00598484364578,Estimación adecuada
Penuelas,2015-2019,2,83.52991574696982,83.63737550858983,82.24515917508833,85.33593416113925,Estimación adecuada
Penuelas,2020-2024,1,78.19759662594926,77.43023236805894,76.21495157618921,78.66066074058733,Estimación adecuada
Penuelas,2020-2024,2,83.13779961346445,83.50479736138499,82.21913526916524,85.131959169869,Estimación adecuada
Ponce,1980-1984,1,70.95163851465587,70.80155520067424,70.06326621935405,71.43512626612254,Estimación adecuada
Ponce,1980-1984,2,77.90393491985162,77.58103112589319,76.88239608466037,78.33212536008898,Estimación adecuada
Ponce,1985-1989,1,68.9203720780425,69.16686692783432,68.51224136710601,69.81337972721319,Estimación adecuada
Ponce,1985-1989,2,77.3120135977883,77.30189129405564,76.62704949804896,78.01605287032292,Estimación adecuada
Ponce,1990-1994,1,68.07009878068561,68.40758526106418,67.76388016775816,69.13611708459878,Estimación adecuada
Ponce,1990-1994,2,77.70322992022793,77.78509276435116,77.08723176225199,78.5368323369355,Estimación adecuada
Ponce,1995-1999,1,68.8945019576824,69.18977110196387,68.539498073485,69.87746289436784,Estimación adecuada
Ponce,1995-1999,2,78.64616620265484,78.55426665950213,77.84016972548937,79.25050034245103,Estimación adecuada
Ponce,2000-2004,1,71.88287158339288,72.000631419771,71.29652401084383,72.68812149261755,Estimación adecuada
Ponce,2000-2004,2,80.17053819569584,79.99198125799089,79.25759648703223,80.77104582265875,Estimación adecuada
Ponce,2005-2009,1,72.59239776230434,72.81307740756996,72.11573219586606,73.51613996358054,Estimación adecuada
Ponce,2005-2009,2,81.60505937401689,81.40770955112701,80.64173016312351,82.31305196239781,Estimación adecuada
Ponce,2010-2014,1,74.90584213235752,74.85631707351415,74.1433858202765,75.64434894913431,Estimación adecuada
Ponce,2010-2014,2,81.84526785237594,81.84089866014249,81.0101715220234,82.78821429926906,Estimación adecuada
Ponce,2015-2019,1,75.94818443525777,76.09971662938332,75.28556673337337,76.92941524855063,Estimación adecuada
Ponce,2015-2019,2,84.573600741168,84.43758242751016,83.42983724778784,85.50903994662374,Estimación adecuada
Ponce,2020-2024,1,76.11579149445392,76.01000642080311,75.21284167897869,76.9255645194542,Estimación adecuada
Ponce,2020-2024,2,84.14984563358192,83.84093748935,82.8834490786806,84.85349093849032,Estimación adecuada
Quebradillas,1980-1984,1,71.58047484326079,71.51864549332778,70.32261884846395,72.74158527053413,Estimación adecuada
Quebradillas,1980-1984,2,79.23938165137665,78.61225981695299,77.20424063162415,80.38395041963759,Estimación adecuada
Quebradillas,1985-1989,1,70.63546474047973,70.98451071255883,69.83565248573169,72.09541984945128,Estimación adecuada
Quebradillas,1985-1989,2,77.80764334555457,77.72213980318156,76.51880209319398,78.99909531254382,Estimación adecuada
Quebradillas,1990-1994,1,72.04068810225141,71.53575601081158,70.4219370111959,72.84014521846538,Estimación adecuada
Quebradillas,1990-1994,2,79.32174470623532,78.7524807466431,77.47127494263752,79.93870820537911,Estimación adecuada
Quebradillas,1995-1999,1,72.6294979985003,71.73449851328738,70.51820228227203,72.74610639143012,Estimación adecuada
Quebradillas,1995-1999,2,78.8521877504248,78.81269905196407,77.65657559638652,80.11881017088369,Estimación adecuada
Quebradillas,2000-2004,1,73.7512032048212,73.35171534494515,72.24242865110466,74.47213602923195,Estimación adecuada
Quebradillas,2000-2004,2,79.6469691305216,79.93273917575351,78.78929007175299,81.19308187870303,Estimación adecuada
Quebradillas,2005-2009,1,76.47020212177048,75.11891040106393,74.09465112530971,76.24446130307867,< e0 observado
Quebradillas,2005-2009,2,82.57479226170335,82.35189896363545,80.89015735254284,84.08037665657251,Estimación adecuada
Quebradillas,2010-2014,1,76.84416482352526,76.34327819470735,75.15626280929592,77.57851901211447,Estimación adecuada
Quebradillas,2010-2014,2,83.1643209295307,83.05957239914315,81.6663762889129,84.57789790461923,Estimación adecuada
Quebradillas,2015-2019,1,77.52581972834565,77.2279658193793,76.2045656595807,78.30633747012628,Estimación adecuada
Quebradillas,2015-2019,2,83.89036641680576,83.70466873627223,82.49837506931854,85.09790196102912,Estimación adecuada
Quebradillas,2020-2024,1,78.45741764289136,77.41818121668302,76.18966609164262,78.61864850385184,Estimación adecuada
Quebradillas,2020-2024,2,84.02514632890373,84.14321522848223,82.74669107539171,85.73977343382336,Estimación adecuada
Rincon,1980-1984,1,71.31036542846638,72.57195175433523,71.05115116371572,74.03995251023211,Estimación adecuada
Rincon,1980-1984,2,78.23121876259756,78.68255062669391,77.27538497859571,80.2591677166463,Estimación adecuada
Rincon,1985-1989,1,72.68195818723761,72.42729264706502,71.19653246940562,73.77978789548322,Estimación adecuada
Rincon,1985-1989,2,78.13112109379762,78.89101249261118,77.51442893932197,80.47139748967221,Estimación adecuada
Rincon,1990-1994,1,74.4648266994763,73.07645848147172,71.65806206886934,74.46742145437956,Estimación adecuada
Rincon,1990-1994,2,79.71875830965256,79.44257494253688,78.10107890654946,80.93294783648064,Estimación adecuada
Rincon,1995-1999,1,71.81900034746621,71.78426273148403,70.47308309180019,72.9660565320179,Estimación adecuada
Rincon,1995-1999,2,80.40789038958042,80.36315671077504,78.858839936727,82.03553402395045,Estimación adecuada
Rincon,2000-2004,1,75.07948363707658,74.79262941014976,73.51618361039176,76.13199538991257,Estimación adecuada
Rincon,2000-2004,2,82.97798833076854,82.28756132121828,80.85723003020289,83.97189935925849,Estimación adecuada
Rincon,2005-2009,1,76.37954961336743,75.73527306043384,74.51778494292023,77.01591473279096,Estimación adecuada
Rincon,2005-2009,2,80.35621164685104,81.46069645772707,80.15371153505991,82.81567340604705,Estimación adecuada
Rincon,2010-2014,1,79.61051534555456,77.72767663212656,76.42507123504092,79.10889510904154,< e0 observado
Rincon,2010-2014,2,83.80210551828286,84.025531009719,82.42117060699718,85.73632055265966,Estimación adecuada
Rincon,2015-2019,1,79.17285737161941,78.89170117521701,77.5561577934258,80.34329264815105,Estimación adecuada
Rincon,2015-2019,2,86.30943741112465,86.2120067860329,84.4506068266075,88.52014649963104,Estimación adecuada
Rincon,2020-2024,1,79.87445814115418,79.46442879187279,78.02489606709074,81.0533649500605,Estimación adecuada
Rincon,2020-2024,2,86.12132225159802,85.73748570987941,84.22247290986688,87.48956423909954,Estimación adecuada
Rio Grande,1980-1984,1,71.3105527088449,71.23737932935899,70.17949373773268,72.39974052513497,Estimación adecuada
Rio Grande,1980-1984,2,77.83383450299281,77.64450106375317,76.41067657195764,79.0755135554579,Estimación adecuada
Rio Grande,1985-1989,1,72.55792010168769,71.77206579460278,70.74786145178064,72.93851784024262,Estimación adecuada
Rio Grande,1985-1989,2,78.55898208748316,78.4032679757045,77.18826361902352,79.6968348185369,Estimación adecuada
Rio Grande,1990-1994,1,69.80664085409208,70.21381156223946,69.30026438676332,71.19572480543911,Estimación adecuada
Rio Grande,1990-1994,2,79.04176505901864,78.94721888099518,77.82376196815395,80.17631517099704,Estimación adecuada
Rio Grande,1995-1999,1,69.24216716509197,69.98566521618507,69.06732640647166,70.98263818423769,Estimación adecuada
Rio Grande,1995-1999,2,78.57122528721384,78.57493591962205,77.56175570027956,79.75416865537163,Estimación adecuada
Rio Grande,2000-2004,1,73.5987446256221,73.51960570538074,72.50964355866917,74.45599122658358,Estimación adecuada
Rio Grande,2000-2004,2,80.92764017417291,80.87232135990843,79.78978472161928,82.07920825067083,Estimación adecuada
Rio Grande,2005-2009,1,74.74267006153134,74.82936687806037,73.80252358988099,75.88397186699983,Estimación adecuada
Rio Grande,2005-2009,2,82.25371975622026,81.90108384928143,80.81567681959946,83.00011339145978,Estimación adecuada
Rio Grande,2010-2014,1,75.62464241200296,75.70398979193286,74.77025182231226,76.6630220433134,Estimación adecuada
Rio Grande,2010-2014,2,81.93516108938404,82.05328349390804,81.0217960800005,83.23784924226698,Estimación adecuada
Rio Grande,2015-2019,1,77.32038501383936,77.35343465434659,76.27207998004133,78.43782007508283,Estimación adecuada
Rio Grande,2015-2019,2,84.73128165771399,84.39391601927528,83.27398320169961,85.66768794445669,Estimación adecuada
Rio Grande,2020-2024,1,76.09079051682853,76.53500545226908,75.43884800561061,77.71530147304945,Estimación adecuada
Rio Grande,2020-2024,2,84.926262062339,85.14802519583125,83.86393492234218,86.6543806947579,Estimación adecuada
Sabana Grande,1980-1984,1,72.9426025284972,71.97075575531873,70.82250130565524,73.11671697183392,Estimación adecuada
Sabana Grande,1980-1984,2,76.79030160326008,77.39919299045529,76.10474961428204,78.66641957142437,Estimación adecuada
Sabana Grande,1985-1989,1,72.60670516660508,71.96269853201703,70.8243698291324,73.0664905955798,Estimación adecuada
Sabana Grande,1985-1989,2,79.46020484114077,78.82452911684328,77.62692030831673,80.19956436294088,Estimación adecuada
Sabana Grande,1990-1994,1,71.96878186562468,71.4570736100631,70.41769960263544,72.51542290070023,Estimación adecuada
Sabana Grande,1990-1994,2,77.52973712888554,77.81078275464081,76.81348446283214,78.80977624889323,Estimación adecuada
Sabana Grande,1995-1999,1,72.42496764545731,71.77070636610165,70.72322051518316,72.82792104423856,Estimación adecuada
Sabana Grande,1995-1999,2,77.8549110688198,77.9337011423024,76.959856702496,79.10338875302384,Estimación adecuada
Sabana Grande,2000-2004,1,75.19081545433245,74.27532756530987,73.08040530482123,75.47110821382427,Estimación adecuada
Sabana Grande,2000-2004,2,80.1030438875019,80.62251188780643,79.35457424791423,81.90205983776261,Estimación adecuada
Sabana Grande,2005-2009,1,75.77699216646894,74.86302875285992,73.65202205384212,76.09320658221937,Estimación adecuada
Sabana Grande,2005-2009,2,80.72892003066302,81.33927798472327,80.04085568306627,82.8230719682759,Estimación adecuada
Sabana Grande,2010-2014,1,75.70526772953107,75.83556693058935,74.64346603545829,77.05582110731609,Estimación adecuada
Sabana Grande,2010-2014,2,83.30574189702419,83.01001386157475,81.74770950511667,84.59201378643263,Estimación adecuada
Sabana Grande,2015-2019,1,77.43470484017462,76.96299383652394,75.84195032585525,78.18628463866747,Estimación adecuada
Sabana Grande,2015-2019,2,83.12156944238524,83.26492384839827,82.12283063158412,84.50434616785326,Estimación adecuada
Sabana Grande,2020-2024,1,77.44105015726225,77.3425086460167,76.01700829965552,78.65521586549518,Estimación adecuada
Sabana Grande,2020-2024,2,83.44790990052293,84.5424529027465,83.25158899565078,85.94380642361203,Estimación adecuada
Salinas,1980-1984,1,69.34771587119822,69.84135550032266,68.7915741846231,70.88629449194903,Estimación adecuada
Salinas,1980-1984,2,77.00356882697932,77.06138673497108,75.85207743246136,78.34651684002357,Estimación adecuada
Salinas,1985-1989,1,67.8768913469486,69.0917176177582,67.98380768522004,70.28137095953048,> e0 observado
Salinas,1985-1989,2,76.51927305162637,76.9288416988452,75.78538222528383,78.11121752148328,Estimación adecuada
Salinas,1990-1994,1,69.60135801885077,70.07193509101742,68.9082370994291,71.20511583838955,Estimación adecuada
Salinas,1990-1994,2,77.16626361655918,77.73314641234887,76.54793087340943,78.90886896090869,Estimación adecuada
Salinas,1995-1999,1,69.29023548543515,69.6413710992521,68.621827634563,70.74910907517366,Estimación adecuada
Salinas,1995-1999,2,79.22383445714813,78.85139281509726,77.54244929748086,80.05477472515156,Estimación adecuada
Salinas,2000-2004,1,73.10253328655584,73.00431802550452,71.89352652960784,74.15979936754701,Estimación adecuada
Salinas,2000-2004,2,80.52455994892826,80.27214379007236,79.06122507151767,81.47613093222462,Estimación adecuada
Salinas,2005-2009,1,73.52822440107286,73.6152114104618,72.56238476587748,74.67905638686018,Estimación adecuada
Salinas,2005-2009,2,80.63090066219925,80.88462031239479,79.6892640198013,82.19044513747558,Estimación adecuada
Salinas,2010-2014,1,75.47743944137986,75.4127718948209,74.33000746129409,76.55345299731934,Estimación adecuada
Salinas,2010-2014,2,83.23167940762166,83.19656248618489,81.8077111444816,84.86998659376897,Estimación adecuada
Salinas,2015-2019,1,77.96635541138743,77.50655753264857,76.36166907265606,78.87969252118616,Estimación adecuada
Salinas,2015-2019,2,85.02610562554052,84.71220280392744,83.31475188297358,86.3619403686505,Estimación adecuada
Salinas,2020-2024,1,77.2752335181164,76.98749167412373,75.8708469546217,78.07109539815173,Estimación adecuada
Salinas,2020-2024,2,85.43601257393138,84.98470932717208,83.5781218680756,86.5383711386343,Estimación adecuada
San German,1980-1984,1,72.17155637189039,72.04218540095104,70.99101068311099,73.12568516368687,Estimación adecuada
San German,1980-1984,2,77.08128434206319,77.5565539401372,76.51192982580436,78.76347532066195,Estimación adecuada
San German,1985-1989,1,73.24578912339052,72.59466589668318,71.63743555541488,73.57351330520686,Estimación adecuada
San German,1985-1989,2,78.281715742411,78.27739840070879,77.21654393998561,79.41629637204876,Estimación adecuada
San German,1990-1994,1,72.47312065094486,71.99559933949502,71.10283794022114,72.98665928602554,Estimación adecuada
San German,1990-1994,2,78.88901019804138,79.13311766989122,78.03213722992517,80.36069682209225,Estimación adecuada
San German,1995-1999,1,74.17482678706041,73.32586930504647,72.31341268346608,74.4555081499827,Estimación adecuada
San German,1995-1999,2,78.52895052757144,79.08257530692671,78.0005914735223,80.32400606073419,Estimación adecuada
San German,2000-2004,1,75.40040785434387,74.69976376406703,73.66209547036429,75.75911013285652,Estimación adecuada
San German,2000-2004,2,81.07042973561371,81.18943144102812,80.0992605614026,82.51841673710065,Estimación adecuada
San German,2005-2009,1,75.89227383722933,75.43744330992376,74.41376809481189,76.52798136548542,Estimación adecuada
San German,2005-2009,2,81.35724022521588,81.77880723821376,80.666957830903,82.9591624372986,Estimación adecuada
San German,2010-2014,1,77.09595528241661,76.31652215674535,75.45807970002406,77.25774410749958,Estimación adecuada
San German,2010-2014,2,81.95497572147197,82.63566671098053,81.44618635904733,83.97098814810016,Estimación adecuada
San German,2015-2019,1,79.14792857398798,78.03903536842725,77.04691586966527,79.16342309674103,Estimación adecuada
San German,2015-2019,2,84.00023654840521,84.35096756861404,83.20650269343709,85.68708337755362,Estimación adecuada
San German,2020-2024,1,78.13234571523579,77.60304678290308,76.43026416104375,78.68003393037984,Estimación adecuada
San German,2020-2024,2,83.15333884969452,83.94961032491719,82.7313733680669,85.33892342778195,Estimación adecuada
San Juan,1980-1984,1,68.53296805880613,68.73824290921252,68.14794096264279,69.33783489433625,Estimación adecuada
San Juan,1980-1984,2,78.41781325030587,78.23950667313994,77.59816339171098,78.86661640271683,Estimación adecuada
San Juan,1985-1989,1,67.1721251731618,67.52919986963776,66.94634277216004,68.24722073175874,Estimación adecuada
San Juan,1985-1989,2,78.7093422914038,78.57139569254363,77.92995581380794,79.1902218540771,Estimación adecuada
San Juan,1990-1994,1,64.70940097035053,65.35373120200606,64.70878316057278,66.1081996179826,Estimación adecuada
San Juan,1990-1994,2,78.53794951508831,78.52087742628567,77.89439588549347,79.18480665254435,Estimación adecuada
San Juan,1995-1999,1,67.09892384379134,67.45947406377861,66.87699936769955,68.12816837019443,Estimación adecuada
San Juan,1995-1999,2,79.54091321860172,79.45713916798667,78.76022613749953,80.1736724990393,Estimación adecuada
San Juan,2000-2004,1,71.1882392973574,71.30741600041232,70.69401638893589,71.92369742026376,Estimación adecuada
San Juan,2000-2004,2,81.92921875527304,81.69424094743749,80.91053732036775,82.43438602308314,Estimación adecuada
San Juan,2005-2009,1,72.69964876784016,72.72817032537681,72.09776635086816,73.3890591356015,Estimación adecuada
San Juan,2005-2009,2,82.46547999538443,82.27724595890666,81.53867404049359,83.1414934009307,Estimación adecuada
San Juan,2010-2014,1,74.44529350870086,74.46786091907353,73.7316902739739,75.16800167779422,Estimación adecuada
San Juan,2010-2014,2,84.20463369793843,83.86201303758808,83.06929790550764,84.71755522222345,Estimación adecuada
San Juan,2015-2019,1,75.79825935426356,75.8166161803083,75.13043069263857,76.56076781295903,Estimación adecuada
San Juan,2015-2019,2,85.20819741649419,84.9704749639795,84.19842572225502,85.92103215027433,Estimación adecuada
San Juan,2020-2024,1,75.0961776592865,75.16690697336776,74.45521092898875,75.91675688563728,Estimación adecuada
San Juan,2020-2024,2,85.5777711342981,85.24206013115693,84.28483485044116,86.17893484286174,Estimación adecuada
San Lorenzo,1980-1984,1,72.42693306960642,72.36361273538046,71.14269223245296,73.66597351772239,Estimación adecuada
San Lorenzo,1980-1984,2,78.47103642037958,78.48376517612377,77.35350011653891,79.76482597253802,Estimación adecuada
San Lorenzo,1985-1989,1,70.33185072656097,70.97944965379195,69.89441295624452,72.07292647304463,Estimación adecuada
San Lorenzo,1985-1989,2,79.40389275421629,78.84105386967508,77.73243193020109,80.02450855391345,Estimación adecuada
San Lorenzo,1990-1994,1,70.49063585980457,70.72684188979514,69.69885228064733,71.742183738442165,Estimación adecuada
San Lorenzo,1990-1994,2,79.4290640327427,79.13485768881054,78.06994619819635,80.3529478466267,Estimación adecuada
San Lorenzo,1995-1999,1,72.39291160482962,72.09938201552288,70.97485513513848,73.1856207614532,Estimación adecuada
San Lorenzo,1995-1999,2,78.56261721700943,78.66611540324206,77.66111669449381,79.74309592984594,Estimación adecuada
San Lorenzo,2000-2004,1,73.59466919977362,73.72438702787066,72.60189236123999,74.78126810800623,Estimación adecuada
San Lorenzo,2000-2004,2,81.14875504017053,81.15253153874528,79.95603588134635,82.51739586925504,Estimación adecuada
San Lorenzo,2005-2009,1,75.07421835227707,74.93385725188354,73.90739390925958,76.14146889114987,Estimación adecuada
San Lorenzo,2005-2009,2,82.06471302858854,81.78010617568482,80.61406395207011,82.99512002060553,Estimación adecuada
San Lorenzo,2010-2014,1,76.5025430659968,76.57781033712213,75.52956935382292,77.70613754692741,Estimación adecuada
San Lorenzo,2010-2014,2,83.9183271335132,83.35866695015353,82.04311778012699,84.6385268886003,Estimación adecuada
San Lorenzo,2015-2019,1,77.43176974248166,78.00104684664183,76.71795276851374,79.31499800492324,Estimación adecuada
San Lorenzo,2015-2019,2,85.9224800651241,85.50100940533198,84.07619312035106,87.13120539270082,Estimación adecuada
San Lorenzo,2020-2024,1,77.62523479934367,77.67993637922885,76.48624351313819,78.96660146730301,Estimación adecuada
San Lorenzo,2020-2024,2,84.55625634680977,84.41169158196394,83.17661636676696,85.74170068758718,Estimación adecuada
San Sebastian,1980-1984,1,73.33683627750408,72.72788883386553,71.72318909057081,73.75641319467117,Estimación adecuada
San Sebastian,1980-1984,2,77.39216900594445,77.85343934146336,76.74425568369048,79.02473118690166,Estimación adecuada
San Sebastian,1985-1989,1,71.54106439345283,71.79456573397987,70.84527251594785,72.82345240619041,Estimación adecuada
San Sebastian,1985-1989,2,78.32567842249968,78.48118409289067,77.46568095163444,79.58977409226478,Estimación adecuada
San Sebastian,1990-1994,1,72.72006609308197,72.22368350591233,71.29913095521201,73.0880370926438,Estimación adecuada
San Sebastian,1990-1994,2,78.61121244043501,78.7880429554358,77.80757629221878,79.90229563667727,Estimación adecuada
San Sebastian,1995-1999,1,73.29080325081596,72.78106868768049,71.8453901165607,73.69532517031453,Estimación adecuada
San Sebastian,1995-1999,2,79.73176179097116,79.50880229230481,78.53603353600978,80.6354346767324,Estimación adecuada
San Sebastian,2000-2004,1,74.89792147656362,74.47434878136971,73.58382781837773,75.36432171225223,Estimación adecuada
San Sebastian,2000-2004,2,80.32263567678552,80.397605368826,79.50698641009868,81.4628890645572,Estimación adecuada
San Sebastian,2005-2009,1,76.73740203137386,75.94335457819392,74.9048356944317,77.03276449036542,Estimación adecuada
San Sebastian,2005-2009,2,81.16929045663092,81.20488367920454,80.18563501598916,82.3380348160635,Estimación adecuada
San Sebastian,2010-2014,1,76.69546237928682,76.38574850600702,75.36531107998356,77.3855670200962,Estimación adecuada
San Sebastian,2010-2014,2,83.16134686711862,83.0130175047303,81.97244958534145,84.27075789739752,Estimación adecuada
San Sebastian,2015-2019,1,79.11780994700189,78.42066858555836,77.44489062874085,79.54334643781554,Estimación adecuada
San Sebastian,2015-2019,2,84.22340952689646,84.13881766385045,83.004583196385,85.31378901756676,Estimación adecuada
San Sebastian,2020-2024,1,78.24142492610733,77.7807762664561,76.79328406453367,78.71304912557974,Estimación adecuada
San Sebastian,2020-2024,2,84.23065748606743,84.44526848886494,83.36914276281196,85.63984230009561,Estimación adecuada
Santa Isabel,1980-1984,1,69.7275677276356,69.43974440681774,68.2501820663301,70.47638289865654,Estimación adecuada
Santa Isabel,1980-1984,2,77.77634389040469,77.15097138392125,75.77828331508854,78.56722807337238,Estimación adecuada
Santa Isabel,1985-1989,1,69.23817247335977,69.57924253476433,68.47047868098295,70.8601166331011,Estimación adecuada
Santa Isabel,1985-1989,2,76.67908928126374,76.70395341004536,75.54308625755104,78.09082079325879,Estimación adecuada
Santa Isabel,1990-1994,1,66.65679986192235,68.23331264113844,67.02241231826271,69.47623582546106,> e0 observado
Santa Isabel,1990-1994,2,76.1627447017844,76.96216532702633,75.78164184841769,78.32329276689691,Estimación adecuada
Santa Isabel,1995-1999,1,68.83610956762453,69.36711589928038,68.18628357220517,70.43126860226107,Estimación adecuada
Santa Isabel,1995-1999,2,77.7315207882761,77.56645860393346,76.31371718542273,78.76162971885795,Estimación adecuada
Santa Isabel,2000-2004,1,69.45419232564781,70.93317323720638,69.72367985092444,71.97928455631146,> e0 observado
Santa Isabel,2000-2004,2,79.11209035669053,79.2702699699322,77.99297135264214,80.58239150558626,Estimación adecuada
Santa Isabel,2005-2009,1,72.31479005793592,72.64190369648901,71.55967505086127,73.78039081387813,Estimación adecuada
Santa Isabel,2005-2009,2,81.59418713189359,81.38542362912116,79.79517034328346,82.97422680555852,Estimación adecuada
Santa Isabel,2010-2014,1,74.62174299181574,74.93683165782821,73.72213916895869,76.26634558651956,Estimación adecuada
Santa Isabel,2010-2014,2,81.81631250475375,81.39559788501342,80.20747613181288,82.85975017088124,Estimación adecuada
Santa Isabel,2015-2019,1,75.10553816345772,75.29384395434295,74.16895033887556,76.53199313828749,Estimación adecuada
Santa Isabel,2015-2019,2,85.04929628842372,83.77642564738095,82.34843534105757,85.45525376466496,Estimación adecuada
Santa Isabel,2020-2024,1,74.53124138847394,75.00867867445137,73.840603214468,76.22822847058688,Estimación adecuada
Santa Isabel,2020-2024,2,83.31177822878877,83.10941443001678,81.82552200914277,84.70333039237987,Estimación adecuada
Toa Alta,1980-1984,1,74.88308560050717,74.16595444745248,72.9607950043634,75.59782507643585,Estimación adecuada
Toa Alta,1980-1984,2,77.90618677933547,78.90878342394714,77.72140920159785,80.31305812647769,Estimación adecuada
Toa Alta,1985-1989,1,72.95726224514658,72.97366019811827,71.84119497517861,74.07143949393294,Estimación adecuada
Toa Alta,1985-1989,2,81.13925929884046,80.91732537293487,79.43161431093563,82.67343497726853,Estimación adecuada
Toa Alta,1990-1994,1,73.42887184415189,73.29007105191766,72.24457675225904,74.37987837125515,Estimación adecuada
Toa Alta,1990-1994,2,79.53507742661206,79.9296403304584,78.82181535846738,81.32953451922148,Estimación adecuada
Toa Alta,1995-1999,1,73.1282506155011,73.08021500115154,72.17429959257689,74.14400285685159,Estimación adecuada
Toa Alta,1995-1999,2,80.88771225273742,80.78774183309181,79.71747118523324,82.17134922142988,Estimación adecuada
Toa Alta,2000-2004,1,75.20122641401855,75.18367030507437,74.27516797505449,76.11833752488,Estimación adecuada
Toa Alta,2000-2004,2,81.33505965208539,81.76476927877735,80.65066759067533,82.94491549108335,Estimación adecuada
Toa Alta,2005-2009,1,77.25808536131703,77.06672932021597,76.05713564262568,78.08191654555917,Estimación adecuada
Toa Alta,2005-2009,2,83.45975745150936,83.5222172275505,82.3314987294496,84.77791778670458,Estimación adecuada
Toa Alta,2010-2014,1,77.617438844306065,77.7196047009138,76.74133042215699,78.6387774546883,Estimación adecuada
Toa Alta,2010-2014,2,84.59193836320185,84.46717668531227,83.34339063939434,85.72187971559131,Estimación adecuada
Toa Alta,2015-2019,1,79.44012262836313,79.4310428133143,78.40268311028713,80.5284352029091,Estimación adecuada
Toa Alta,2015-2019,2,84.21287299648574,84.55960862896727,83.52127955955669,85.81125849968707,Estimación adecuada
Toa Alta,2020-2024,1,79.32715713141145,79.17255875962893,78.2436281929775,80.1908577829049,Estimación adecuada
Toa Alta,2020-2024,2,85.92609855770326,85.52143403566146,84.43127721221182,86.68535658125681,Estimación adecuada
Toa Baja,1980-1984,1,72.82833976912102,72.40891580541226,71.5133155141753,73.41101003531674,Estimación adecuada
Toa Baja,1980-1984,2,79.03893803233986,78.69350538619618,77.65521164150911,79.78504499269292,Estimación adecuada
Toa Baja,1985-1989,1,71.09171108702432,71.19742652945698,70.37340051132446,72.10275922214197,Estimación adecuada
Toa Baja,1985-1989,2,79.17713173148333,78.9450959847664,78.00855640836272,80.03371985038676,Estimación adecuada
Toa Baja,1990-1994,1,69.55070432606276,70.07629523255659,69.23993178288136,70.90753254887176,Estimación adecuada
Toa Baja,1990-1994,2,78.53439715581091,78.4362837028287,77.57673138504295,79.26441935403062,Estimación adecuada
Toa Baja,1995-1999,1,71.02389397781576,71.21997489676926,70.35752188386506,72.15676997971538,Estimación adecuada
Toa Baja,1995-1999,2,80.35817914633547,79.83109784354585,78.90918803091182,80.87986601131077,Estimación adecuada
Toa Baja,2000-2004,1,73.31307619356511,73.47809877892067,72.62121145783941,74.32848056118793,Estimación adecuada
Toa Baja,2000-2004,2,81.24641875534004,81.02685141223255,80.06862970568571,82.02208742361303,Estimación adecuada
Toa Baja,2005-2009,1,73.9336800218148,74.15343544005847,73.21464837500959,75.01889520807758,Estimación adecuada
Toa Baja,2005-2009,2,81.29185224186539,81.33321845645946,80.4305393227407,82.37180475775946,Estimación adecuada
Toa Baja,2010-2014,1,75.63234922554786,75.7439498013965,74.84940660848612,76.62450377491616,Estimación adecuada
Toa Baja,2010-2014,2,83.19276198853512,83.02824745771287,82.02149808808824,84.10930524063653,Estimación adecuada
Toa Baja,2015-2019,1,77.07964311762419,77.11824784386395,76.0989322111321,78.12155824292847,Estimación adecuada
Toa Baja,2015-2019,2,85.28768156374481,85.11179933888744,84.02333906034247,86.30727728738418,Estimación adecuada
Toa Baja,2020-2024,1,76.06866784040614,76.2796201263269,75.4009495014154,77.19357087925479,Estimación adecuada
Toa Baja,2020-2024,2,84.82502560819063,84.81606811276154,83.63775166572964,86.03293830881019,Estimación adecuada
Trujillo Alto,1980-1984,1,73.8807661516517,73.74716046989214,72.63613038881165,74.9143307687695,Estimación adecuada
Trujillo Alto,1980-1984,2,80.45848591811597,80.16036955048274,78.93574828887986,81.46289157472502,Estimación adecuada
Trujillo Alto,1985-1989,1,72.91759611684925,73.02517768382562,72.09295206659152,74.01102065143527,Estimación adecuada
Trujillo Alto,1985-1989,2,81.01563083839561,80.61191639217225,79.40034690789983,81.88399274770683,Estimación adecuada
Trujillo Alto,1990-1994,1,72.6023641348921,72.77332845238132,71.78234224911742,73.71971408470885,Estimación adecuada
Trujillo Alto,1990-1994,2,79.85175886432305,79.9408566725894,78.97198468907092,80.95533907558847,Estimación adecuada
Trujillo Alto,1995-1999,1,72.41162116159781,72.78274520729605,71.87591116935134,73.62430076406585,Estimación adecuada
Trujillo Alto,1995-1999,2,81.1916262293003,80.9045280682881,79.91797670272923,82.01927911365772,Estimación adecuada
Trujillo Alto,2000-2004,1,74.68446388601944,74.91040605779736,74.02680916482468,75.86682361279618,Estimación adecuada
Trujillo Alto,2000-2004,2,83.4119498728227,83.22381307573471,82.05888794506049,84.6740313605589,Estimación adecuada
Trujillo Alto,2005-2009,1,75.81610434260868,75.9868148188732,75.04852194350927,77.00773316671778,Estimación adecuada
Trujillo Alto,2005-2009,2,83.8431669852254,83.58704359794585,82.49135214706497,84.82741218051213,Estimación adecuada
Trujillo Alto,2010-2014,1,77.889796508644,77.81935690398802,76.88818620031184,78.79119107822396,Estimación adecuada
Trujillo Alto,2010-2014,2,85.28937280458358,85.02052250369226,83.93836844941,86.25630149465162,Estimación adecuada
Trujillo Alto,2015-2019,1,79.537282331135,79.4303745147004,78.39873870383967,80.55549589862302,Estimación adecuada
Trujillo Alto,2015-2019,2,86.3543330403018,86.29344778093689,85.00527576153013,87.59696383221427,Estimación adecuada
Trujillo Alto,2020-2024,1,78.39208683519212,78.53927440245299,77.51087576559132,79.58973885545093,Estimación adecuada
Trujillo Alto,2020-2024,2,86.16954614436374,85.86292867885695,84.88136292947536,87.15346336460273,Estimación adecuada
Utuado,1980-1984,1,72.77455758364391,72.79917917783197,71.71302675125882,73.8679769157505,Estimación adecuada
Utuado,1980-1984,2,78.22725510627387,78.3388702690956,77.25588089649308,79.55716627287335,Estimación adecuada
Utuado,1985-1989,1,72.49241351300115,72.39685283203778,71.41048343145911,73.3898510516798,Estimación adecuada
Utuado,1985-1989,2,78.55971933281447,78.63895778020841,77.5610948141953,79.75572956213607,Estimación adecuada
Utuado,1990-1994,1,73.58027996114915,72.86325168276377,71.91060502231527,73.82312494412326,Estimación adecuada
Utuado,1990-1994,2,79.15999314000904,79.00828867243294,77.98480188797348,80.19174630617125,Estimación adecuada
Utuado,1995-1999,1,73.56681994998526,72.68386329394886,71.69707515157451,73.7086770564133,Estimación adecuada
Utuado,1995-1999,2,79.75811291705192,79.51846758992663,78.42847773605654,80.61467483285098,Estimación adecuada
Utuado,2000-2004,1,75.66609210920784,74.84859368206443,73.82659607918197,75.84507861400068,Estimación adecuada
Utuado,2000-2004,2,80.85296661933371,81.13951042474991,80.01623834787912,82.41470277888281,Estimación adecuada
Utuado,2005-2009,1,74.96306439444312,75.01790403298408,74.03349037991448,76.03844422633756,Estimación adecuada
Utuado,2005-2009,2,81.95177865789456,82.24812163920835,81.05897768713301,83.61784553391158,Estimación adecuada
Utuado,2010-2014,1,76.45438665507135,76.05282926976535,75.05897284358839,77.0102589043596,Estimación adecuada
Utuado,2010-2014,2,83.96232047500072,83.66765272037634,82.36931733097903,85.07995516691635,Estimación adecuada
Utuado,2015-2019,1,79.0189703608258,78.81671428190472,77.6753650955365,80.06637108326181,Estimación adecuada
Utuado,2015-2019,2,85.51187374131841,85.20434752087445,83.90604316611069,86.77911388033675,Estimación adecuada
Utuado,2020-2024,1,80.22889535833663,79.05946225930532,77.95310466054255,80.31910379223962,Estimación adecuada
Utuado,2020-2024,2,86.24989014279643,85.52128286630457,84.03816437537614,87.10938095009952,Estimación adecuada
Vega Alta,1980-1984,1,73.54933326191107,72.95606963690523,71.90635950942773,74.18089614669812,Estimación adecuada
Vega Alta,1980-1984,2,78.25469326095433,78.58254903857049,77.20016882861458,80.07595385570902,Estimación adecuada
Vega Alta,1985-1989,1,72.05535344696614,72.26276050842377,71.16515350864226,73.42227935297355,Estimación adecuada
Vega Alta,1985-1989,2,78.15985935324002,78.4097469429498,77.30792132925502,79.62755458985077,Estimación adecuada
Vega Alta,1990-1994,1,70.24052329679132,70.83378480001726,69.83464816829377,71.95872738548167,Estimación adecuada
Vega Alta,1990-1994,2,79.51462054686013,79.47708147008677,78.31421574756044,80.8538186825736,Estimación adecuada
Vega Alta,1995-1999,1,71.54816531304111,71.84601441270038,70.76375595161664,72.81828056175597,Estimación adecuada
Vega Alta,1995-1999,2,79.34051049480365,79.49384399532008,78.40212604561025,80.64681399971569,Estimación adecuada
Vega Alta,2000-2004,1,74.10875011525926,74.08779628062737,72.93144006340484,75.31895978443355,Estimación adecuada
Vega Alta,2000-2004,2,81.98636550598056,81.7894633238363,80.41446074808384,83.33278358684511,Estimación adecuada
Vega Alta,2005-2009,1,74.49742104581102,74.79070224660826,73.79220574463687,75.9587177133885,Estimación adecuada
Vega Alta,2005-2009,2,82.79578771576239,82.38001073038362,81.15959269157482,83.81888571451792,Estimación adecuada
Vega Alta,2010-2014,1,76.95585105473053,76.69114057754614,75.63199466510805,77.86668824995502,Estimación adecuada
Vega Alta,2010-2014,2,84.70771205138387,84.14489347677886,82.82277682342549,85.7211799091677,Estimación adecuada
Vega Alta,2015-2019,1,79.09002086085074,78.52901027494863,77.42794269516865,79.71442108479033,Estimación adecuada
Vega Alta,2015-2019,2,84.7802332145895,84.82866301948434,83.51554019048608,86.32321400337871,Estimación adecuada
Vega Alta,2020-2024,1,79.13203080104807,78.67847721292537,77.46821453005603,80.05476179954817,Estimación adecuada
Vega Alta,2020-2024,2,86.55489338482076,85.83781825175059,84.44649051192884,87.36852668946747,Estimación adecuada
Vega Baja,1980-1984,1,72.17472574689376,71.86884994074651,70.8293069056792,72.90566787851652,Estimación adecuada
Vega Baja,1980-1984,2,77.45599694070792,77.26128585975604,76.28757115335063,78.32014662690274,Estimación adecuada
Vega Baja,1985-1989,1,71.32919645334727,71.29994077483624,70.3871362946381,72.27263353873553,Estimación adecuada
Vega Baja,1985-1989,2,78.37255208308184,78.33551036907195,77.27836838159662,79.39727703291435,Estimación adecuada
Vega Baja,1990-1994,1,69.34239102427848,69.69581610193396,68.79383427782923,70.61579493797119,Estimación adecuada
Vega Baja,1990-1994,2,79.81712853025799,79.43152789835425,78.29307483303799,80.70457303203548,Estimación adecuada
Vega Baja,1995-1999,1,69.8012992855458,70.13198551994579,69.25470079431655,71.07684179458947,Estimación adecuada
Vega Baja,1995-1999,2,78.73855584436626,78.53363069943302,77.63862918075043,79.47552509526082,Estimación adecuada
Vega Baja,2000-2004,1,71.71281396652604,72.13188191694678,71.22777207779554,72.97844831370674,Estimación adecuada
Vega Baja,2000-2004,2,80.83940501884719,80.40772869139727,79.39858981493636,81.51698045447576,Estimación adecuada
Vega Baja,2005-2009,1,73.49107576558887,73.74742638320654,72.8328063753226,74.74517160017643,Estimación adecuada
Vega Baja,2005-2009,2,81.56225378359265,81.39512061165789,80.34632135307442,82.43033808004613,Estimación adecuada
Vega Baja,2010-2014,1,75.67293352681041,75.6390106956986,74.76065068637293,76.55930166302443,Estimación adecuada
Vega Baja,2010-2014,2,82.83225536608914,82.52746874795666,81.47598105274048,83.73906232777975,Estimación adecuada
Vega Baja,2015-2019,1,77.17186219895376,76.9259650247823,75.95099583485025,77.93084312777859,Estimación adecuada
Vega Baja,2015-2019,2,85.55300741129905,85.07322798457042,83.92580925874272,86.5329324553722,Estimación adecuada
Vega Baja,2020-2024,1,76.13430187062423,76.56725917969325,75.50790408106268,77.61914324766148,Estimación adecuada
Vega Baja,2020-2024,2,85.01178406884421,84.39827956327755,83.3392532931078,85.53320305816115,Estimación adecuada
Vieques,1980-1984,1,68.44199950691873,69.46581029984202,67.95619906651436,70.85445036671005,Estimación adecuada
Vieques,1980-1984,2,79.82881030409467,77.30200144847677,75.79585084935813,79.03850732244298,< e0 observado
Vieques,1985-1989,1,68.91887213110078,69.14857172293654,67.89474799844335,70.56263429434648,Estimación adecuada
Vieques,1985-1989,2,76.64055553721266,77.11801739040547,75.62453854280237,78.68795286442884,Estimación adecuada
Vieques,1990-1994,1,70.56388701195752,69.76588653869952,68.26497248181079,71.15187305089859,Estimación adecuada
Vieques,1990-1994,2,75.61141239304689,76.75226104763065,75.21390417795274,78.29442100095366,Estimación adecuada
Vieques,1995-1999,1,67.16615206454739,68.83182511718324,67.41305438416418,70.07017302088356,> e0 observado
Vieques,1995-1999,2,77.66760098100364,78.07240020967862,76.55606348587835,79.7425034971219,Estimación adecuada
Vieques,2000-2004,1,71.06219249587082,71.53499783195208,70.1894148176788,72.94156501965385,Estimación adecuada
Vieques,2000-2004,2,79.94564055883936,79.87056607219249,78.34461444162024,81.51560639734818,Estimación adecuada
Vieques,2005-2009,1,71.86562241202772,72.76281060908042,71.2588912310909,74.14612543305836,Estimación adecuada
Vieques,2005-2009,2,82.16621766240259,81.23547404850206,79.57152700430979,83.28287697860503,Estimación adecuada
Vieques,2010-2014,1,72.38693885614644,74.46195188421069,72.99777570825816,76.10931002081234,> e0 observado
Vieques,2010-2014,2,82.20083674525317,82.23515086116907,80.49186325858737,84.07513107396733,Estimación adecuada
Vieques,2015-2019,1,75.4877148620582,76.17136584074507,74.52903560675063,77.90724818882707,Estimación adecuada
Vieques,2015-2019,2,85.60400958844576,84.09301818836869,82.13289585703072,86.32631394250102,Estimación adecuada
Vieques,2020-2024,1,70.30670126441386,75.15055448316306,73.52129568332994,76.63574722380409,> e0 observado
Vieques,2020-2024,2,82.77316856062777,82.69498224660506,81.03346682347825,84.65425356923805,Estimación adecuada
Villalba,1980-1984,1,71.31481633801816,71.69720686166039,70.48025271748283,73.0275428626691,Estimación adecuada
Villalba,1980-1984,2,77.35744616187002,78.24975942766552,76.87152896643315,79.88981587397632,Estimación adecuada
Villalba,1985-1989,1,70.68122989411242,71.2864277294392,70.0997005709405,72.50854766672185,Estimación adecuada
Villalba,1985-1989,2,78.13907330956458,78.56348778925201,77.13808786967599,80.09250068461951,Estimación adecuada
Villalba,1990-1994,1,72.3498469286644,71.65138410563159,70.58719586490122,72.80662855565181,Estimación adecuada
Villalba,1990-1994,2,79.32972359168376,79.10861297110219,77.80875750812578,80.56696717940748,Estimación adecuada
Villalba,1995-1999,1,74.12665072351581,72.74969712285127,71.63684626894316,73.88058741870654,< e0 observado
Villalba,1995-1999,2,79.94095261032771,79.7568361753194,78.49322962109696,81.05353074175605,Estimación adecuada
Villalba,2000-2004,1,75.2458813820371,74.69350797652854,73.62493968898703,75.79250550037024,Estimación adecuada
Villalba,2000-2004,2,81.24189158745828,80.99452711257814,79.6731998965571,82.41727746209283,Estimación adecuada
Villalba,2005-2009,1,75.22194783512566,75.13900902979583,74.03341171688757,76.40068276640687,Estimación adecuada
Villalba,2005-2009,2,82.36798582170398,82.33180622699149,80.96453978466401,83.87521651111881,Estimación adecuada
Villalba,2010-2014,1,77.83837610400042,76.83738967580697,75.63597270511896,78.16666681748234,Estimación adecuada
Villalba,2010-2014,2,82.3810963362545,82.85021001816287,81.4257415182048,84.29324867388061,Estimación adecuada
Villalba,2015-2019,1,77.83504649286684,77.57972766055596,76.39131098234317,78.86436945283732,Estimación adecuada
Villalba,2015-2019,2,84.05820533092681,84.32826555336807,83.02769485490778,85.90970652063143,Estimación adecuada
Villalba,2020-2024,1,77.24232552482837,77.19871869558243,76.01029712767361,78.4570535734383,Estimación adecuada
Villalba,2020-2024,2,85.36972299365041,85.40386594698856,83.87662147741096,87.27951815320048,Estimación adecuada
Yabucoa,1980-1984,1,71.13885114874819,71.40574092866292,70.16403204709752,72.54998812827446,Estimación adecuada
Yabucoa,1980-1984,2,77.69784172893796,77.88674513018348,76.74804344077147,79.03332855001553,Estimación adecuada
Yabucoa,1985-1989,1,71.6497165141789,71.73018855701457,70.64992081259334,72.8118474306014,Estimación adecuada
Yabucoa,1985-1989,2,78.71247157491744,78.57874814584395,77.41497873753771,79.74702485444377,Estimación adecuada
Yabucoa,1990-1994,1,72.18368470754864,71.80588520723308,70.86381290724609,72.87879910205238,Estimación adecuada
Yabucoa,1990-1994,2,78.6558218625879,78.71248987127336,77.61491252196706,79.88616456217551,Estimación adecuada
Yabucoa,1995-1999,1,70.61759581589234,71.0601421424324,70.11349826384632,72.04806310156579,Estimación adecuada
Yabucoa,1995-1999,2,79.25053941807833,79.20606528620155,78.21513659545637,80.37156635858275,Estimación adecuada
Yabucoa,2000-2004,1,74.67500524731325,74.33858630136615,73.23614690101455,75.503829032954,Estimación adecuada
Yabucoa,2000-2004,2,81.74191284227646,81.59468492310583,80.35345710458208,82.93822883933329,Estimación adecuada
Yabucoa,2005-2009,1,74.52109913218256,74.73479979595265,73.74231370257817,75.82403408380559,Estimación adecuada
Yabucoa,2005-2009,2,83.07308125246723,82.77366720960183,81.54359793502763,84.08750636031691,Estimación adecuada
Yabucoa,2010-2014,1,75.57434879024865,76.10111057223006,75.07546837415507,77.13158220039766,Estimación adecuada
Yabucoa,2010-2014,2,82.0382545268585,82.54254558042302,81.42498344001201,83.82350454669164,Estimación adecuada
Yabucoa,2015-2019,1,77.58753133123862,78.07729811192802,76.94312381686724,79.28397247917987,Estimación adecuada
Yabucoa,2015-2019,2,86.12656995324338,85.614836589869,84.25434300979762,87.17209723962841,Estimación adecuada
Yabucoa,2020-2024,1,75.78194920338817,77.1559921903098,76.10707712439577,78.28248059362916,> e0 observado
Yabucoa,2020-2024,2,85.25611674355478,84.894646115867,83.72473139064144,86.35555683948571,Estimación adecuada
Yauco,1980-1984,1,71.51456720078431,71.0614851808796,70.11013930924592,72.13270867103223,Estimación adecuada
Yauco,1980-1984,2,77.4589640282646,77.5550458360527,76.3822110215421,78.6293787902657,Estimación adecuada
Yauco,1985-1989,1,69.95040254168731,70.1850942171001,69.22965874628062,71.15547722372581,Estimación adecuada
Yauco,1985-1989,2,77.60208552265918,77.54560306864883,76.51562977975351,78.632342289718,Estimación adecuada
Yauco,1990-1994,1,71.7335324052013,71.23518813573105,70.29977462499522,72.1929034074855,Estimación adecuada
Yauco,1990-1994,2,78.49054698828598,78.29404009309158,77.29970385022445,79.36002646095827,Estimación adecuada
Yauco,1995-1999,1,72.03051290197794,71.497727775904,70.57230381405519,72.48543074889047,Estimación adecuada
Yauco,1995-1999,2,79.29391771380651,78.84424689330419,77.8884394691122,79.83895951897408,Estimación adecuada
Yauco,2000-2004,1,72.97803149863371,73.04099476778495,72.12929219723404,73.95881644763335,Estimación adecuada
Yauco,2000-2004,2,79.24854846213277,79.46615526447485,78.48739348726397,80.54299389372864,Estimación adecuada
Yauco,2005-2009,1,73.24138587908658,73.64780070635771,72.63585147248702,74.60173951724207,Estimación adecuada
Yauco,2005-2009,2,80.5594161821005,80.73959307834986,79.72118478819493,81.81526036651552,Estimación adecuada
Yauco,2010-2014,1,75.5788771965351,75.52370063645702,74.56071132763843,76.51994055990232,Estimación adecuada
Yauco,2010-2014,2,81.76032266455593,81.97930467269106,80.98509028557781,83.07090821919748,Estimación adecuada
Yauco,2015-2019,1,77.43223226793361,77.1964776730624,76.12153619128932,78.32404346317968,Estimación adecuada
Yauco,2015-2019,2,82.51620418595085,83.2910117759277,82.16018474761647,84.66412668370442,Estimación adecuada
Yauco,2020-2024,1,75.94482006846162,76.33997779493782,75.25498723093112,77.49459072126136,Estimación adecuada
Yauco,2020-2024,2,83.86986937855978,83.4161207995154,82.39975200715016,84.53842554449345,Estimación adecuada
