region,period,sex,e0_observado,e0_estimado,e0_lower,e0_upper,est_eval
Adjuntas,1980-1984,1,72.54189508802463,72.20961685463934,70.7590307188828,73.34064542862632,Estimación adecuada
Adjuntas,1980-1984,2,78.96516925394144,78.76065338743936,77.43305392024808,80.2565499259114,Estimación adecuada
Adjuntas,1985-1989,1,70.84999061728885,71.56431082054232,70.3382613207512,72.88920823984877,Estimación adecuada
Adjuntas,1985-1989,2,78.97855761762072,78.92012546890122,77.6950926174058,80.1412366964667,Estimación adecuada
Adjuntas,1990-1994,1,71.49310954038985,71.53221437549854,70.32845339784097,72.79481409455386,Estimación adecuada
Adjuntas,1990-1994,2,77.88047658335911,78.52184646886462,77.33401068642529,79.71181417260132,Estimación adecuada
Adjuntas,1995-1999,1,71.91080703113897,72.12783632933349,70.78924906567923,73.40998538094922,Estimación adecuada
Adjuntas,1995-1999,2,78.53770419818306,78.82816505911214,78.00323618770292,79.95353886479501,Estimación adecuada
Adjuntas,2000-2004,1,74.0807006063416,73.9225342519174,72.8110808615703,75.10830045384898,Estimación adecuada
Adjuntas,2000-2004,2,79.50851081175084,80.01573727013312,78.79887036057343,80.9987260213789,Estimación adecuada
Adjuntas,2005-2009,1,77.13413877724005,75.85610835872265,74.6140796078098,77.33268548851842,Estimación adecuada
Adjuntas,2005-2009,2,82.23262377887984,82.17802735258671,80.79454526667837,83.64737769650739,Estimación adecuada
Adjuntas,2010-2014,1,78.0170892039493,76.98547836646745,75.96308183287812,78.10983301599481,Estimación adecuada
Adjuntas,2010-2014,2,84.37542750420445,83.70886035697882,82.34416208710445,85.60314151149682,Estimación adecuada
Adjuntas,2015-2019,1,80.07122326396828,79.45220777843049,78.27563057335445,80.68453290155705,Estimación adecuada
Adjuntas,2015-2019,2,84.75780508868199,84.71366566706321,83.4389422255924,86.89499353686725,Estimación adecuada
Adjuntas,2020-2024,1,80.09050176489524,79.12985664963573,77.98740035460374,80.58235605603716,Estimación adecuada
Adjuntas,2020-2024,2,87.03883394524668,86.22154805471519,84.54491719772702,87.93611985054099,Estimación adecuada
Aguada,1980-1984,1,73.2175687853255,73.19829249240772,72.00112554818293,74.45303296126312,Estimación adecuada
Aguada,1980-1984,2,76.66307974738103,77.53798819844494,76.38525859035317,78.60458047424086,Estimación adecuada
Aguada,1985-1989,1,73.21396709192831,72.98755942791247,72.08257761700318,73.73789502605754,Estimación adecuada
Aguada,1985-1989,2,77.70261010174512,78.00031058178737,77.13650710181932,79.04921606592157,Estimación adecuada
Aguada,1990-1994,1,73.47166304966473,73.01490086013197,72.1329470498396,73.91773162709876,Estimación adecuada
Aguada,1990-1994,2,79.56472305278581,79.39209204940013,78.41015489018505,80.3921481617867,Estimación adecuada
Aguada,1995-1999,1,72.96139718811193,72.60099579886032,71.66322772804673,73.50154521087582,Estimación adecuada
Aguada,1995-1999,2,78.42598214583917,78.54327760191418,77.63527087365503,79.56933590021,Estimación adecuada
Aguada,2000-2004,1,75.7731265619719,75.18469802680349,74.31962717694626,76.21246166499355,Estimación adecuada
Aguada,2000-2004,2,80.35987918975404,80.35812894588494,79.25122365628285,81.25680059493101,Estimación adecuada
Aguada,2005-2009,1,77.6139364553716,76.77848952977608,75.87597088050452,77.87121811414227,Estimación adecuada
Aguada,2005-2009,2,81.487501570255,81.40413853455931,80.40386806369932,82.61388791698434,Estimación adecuada
Aguada,2010-2014,1,77.3081065450094,76.93605358442679,76.11654557673003,78.00854369959401,Estimación adecuada
Aguada,2010-2014,2,83.93649978812951,83.4339260976484,82.49086435447217,84.39002864599712,Estimación adecuada
Aguada,2015-2019,1,80.17632385200217,79.19898637084381,78.1423173306687,80.17195426967584,< e0 observado
Aguada,2015-2019,2,84.88514363026218,84.69933695714508,83.61333571628413,85.67685925760078,Estimación adecuada
Aguada,2020-2024,1,78.78968559483442,78.2296289388947,77.39083193745873,79.00300148358303,Estimación adecuada
Aguada,2020-2024,2,83.87729580688905,84.0252765542305,82.80931098231937,85.24150362850855,Estimación adecuada
Aguadilla,1980-1984,1,71.00678071372081,71.09079370192052,70.1967653943365,72.20883460814736,Estimación adecuada
Aguadilla,1980-1984,2,77.48535658677463,77.32498823371412,76.58395776077631,78.31777833643409,Estimación adecuada
Aguadilla,1985-1989,1,70.58561267446154,70.7593508350231,70.00934651428138,71.68899498006508,Estimación adecuada
Aguadilla,1985-1989,2,77.65780206154783,77.49039093255269,76.90981813969711,78.23897166236863,Estimación adecuada
Aguadilla,1990-1994,1,70.88482346377512,70.80731093863508,70.11766243731216,71.55659953262295,Estimación adecuada
Aguadilla,1990-1994,2,77.99785568547416,77.79086427532803,77.05343979604584,78.67033826723285,Estimación adecuada
Aguadilla,1995-1999,1,70.78010378855268,70.73575349052287,70.09190443735034,71.53928740245111,Estimación adecuada
Aguadilla,1995-1999,2,78.16686736979354,78.04932559837121,77.50862207154185,78.70987139801598,Estimación adecuada
Aguadilla,2000-2004,1,73.78276571753028,73.3009891362739,72.49597462319757,74.06164085839357,Estimación adecuada
Aguadilla,2000-2004,2,80.45198774138778,79.95745166332836,79.2981643780333,80.82210390575531,Estimación adecuada
Aguadilla,2005-2009,1,74.34368140644376,74.12420058848522,73.31990063154052,74.64783582282675,Estimación adecuada
Aguadilla,2005-2009,2,81.18616231865005,80.68506156284502,79.88956787252036,81.56288552470579,Estimación adecuada
Aguadilla,2010-2014,1,76.10575530196566,75.57352712601437,74.89498350391437,76.44198019667076,Estimación adecuada
Aguadilla,2010-2014,2,81.66758711742574,81.58705622554713,80.93727347781265,82.33770335936123,Estimación adecuada
Aguadilla,2015-2019,1,77.5014617746831,76.94514153502655,75.97885678050986,77.80353390341455,Estimación adecuada
Aguadilla,2015-2019,2,82.99395073109925,83.41187552981293,82.4647414916742,84.60923507054086,Estimación adecuada
Aguadilla,2020-2024,1,76.52156602867669,76.53032872504495,75.7556210102029,77.30149751012942,Estimación adecuada
Aguadilla,2020-2024,2,83.20736033493193,83.29636118967503,82.49931861818939,84.06435533798435,Estimación adecuada
Aguas Buenas,1980-1984,1,70.9060601893331,71.59631509482452,70.6438838065086,72.56608182928586,Estimación adecuada
Aguas Buenas,1980-1984,2,79.20230439846388,78.9100516606107,77.52180835838902,80.36203928355934,Estimación adecuada
Aguas Buenas,1985-1989,1,71.73217429810381,71.91034004865794,70.85918980556295,73.32605588133916,Estimación adecuada
Aguas Buenas,1985-1989,2,78.66666240443578,78.96608939050469,77.38320251903176,80.49123116139685,Estimación adecuada
Aguas Buenas,1990-1994,1,71.9040754109389,71.78883677056575,70.63588471361737,72.9661616530056,Estimación adecuada
Aguas Buenas,1990-1994,2,82.01930667891538,80.73685437783087,79.33276534784233,82.17195623769209,Estimación adecuada
Aguas Buenas,1995-1999,1,72.03242058667273,72.22305262269509,71.21744747756927,73.20502390288033,Estimación adecuada
Aguas Buenas,1995-1999,2,79.29741471606215,79.19590598848069,78.22753220733443,80.24290298240743,Estimación adecuada
Aguas Buenas,2000-2004,1,74.50847723417229,74.49745474978958,73.661936722943,75.33752602122735,Estimación adecuada
Aguas Buenas,2000-2004,2,81.53307661620572,81.36834532874137,80.33348868291554,82.58818879991053,Estimación adecuada
Aguas Buenas,2005-2009,1,74.76751879253902,75.19796641809545,74.3016553245328,76.14536104964895,Estimación adecuada
Aguas Buenas,2005-2009,2,83.74825554704383,83.5865279013814,82.22128238557465,84.71220620931616,Estimación adecuada
Aguas Buenas,2010-2014,1,77.07874986678003,77.61545125686256,76.18476724473896,78.69231263485406,Estimación adecuada
Aguas Buenas,2010-2014,2,83.69043751017024,83.87017329724031,82.58568403795789,85.23064858844026,Estimación adecuada
Aguas Buenas,2015-2019,1,77.12363910638715,78.11756576055456,76.90477709159507,79.37488886194406,Estimación adecuada
Aguas Buenas,2015-2019,2,86.87058779798109,85.91639769788648,84.58382796985293,87.9478693943564,Estimación adecuada
Aguas Buenas,2020-2024,1,77.71291412855061,78.25143528698925,77.01363871672505,79.22363056371238,Estimación adecuada
Aguas Buenas,2020-2024,2,86.01372227536957,85.4705759667016,84.37670819063555,86.9091549037546,Estimación adecuada
Aibonito,1980-1984,1,71.20727896829324,71.59535521874773,70.53562414925011,72.79911400353684,Estimación adecuada
Aibonito,1980-1984,2,78.10148160174786,78.19789910125834,77.25599962595598,79.33076094019594,Estimación adecuada
Aibonito,1985-1989,1,70.93804632594708,71.29050732947351,70.08587229442892,72.23752328794285,Estimación adecuada
Aibonito,1985-1989,2,79.48839408130232,79.21965498868414,77.81080288332043,80.30258747113022,Estimación adecuada
Aibonito,1990-1994,1,72.7988506012683,72.54292326292963,71.30936408829905,73.49546012067012,Estimación adecuada
Aibonito,1990-1994,2,79.2040372973333,78.98659006344556,78.16814338584696,80.25147372558693,Estimación adecuada
Aibonito,1995-1999,1,72.77760443633895,72.3297450080288,71.28706007616441,73.58936868479866,Estimación adecuada
Aibonito,1995-1999,2,79.65397963842348,79.50149828877471,78.40586520985823,80.70517530901454,Estimación adecuada
Aibonito,2000-2004,1,74.39460579414155,74.18880217896523,73.23168669033177,75.25935723228555,Estimación adecuada
Aibonito,2000-2004,2,80.67825254541816,80.64103336425111,79.89290083422298,81.84451948080411,Estimación adecuada
Aibonito,2005-2009,1,74.88960349978896,75.04874936899084,73.86268323355921,76.14890710697132,Estimación adecuada
Aibonito,2005-2009,2,81.30587533973025,81.25426256746834,80.3130360138126,82.36233317856588,Estimación adecuada
Aibonito,2010-2014,1,74.15371449624436,75.45551944882232,74.50867898368799,76.42298332462079,> e0 observado
Aibonito,2010-2014,2,82.83346667872438,82.77769605711173,81.8751837010746,83.89305161787831,Estimación adecuada
Aibonito,2015-2019,1,77.00855644451337,77.65921376191324,76.62624432030671,78.79898521787364,Estimación adecuada
Aibonito,2015-2019,2,83.92589167839914,84.34611890074592,83.19979656425758,85.6585048090535,Estimación adecuada
Aibonito,2020-2024,1,79.62044145372404,79.15408846972582,78.0594776558072,80.26451630898376,Estimación adecuada
Aibonito,2020-2024,2,85.54801976071055,85.56833672206295,84.43299374327059,87.0918853139975,Estimación adecuada
Anasco,1980-1984,1,72.01460523472085,71.72225696122436,70.6502082176471,72.52185828269617,Estimación adecuada
Anasco,1980-1984,2,76.47877169471658,76.88745253141721,75.46670009370516,77.90317383876857,Estimación adecuada
Anasco,1985-1989,1,71.42888891874672,71.27617912934494,70.45318561762926,72.40304400084393,Estimación adecuada
Anasco,1985-1989,2,76.49626365968555,77.08106874003704,75.87155609699886,78.1413731346399,Estimación adecuada
Anasco,1990-1994,1,70.05228247802772,70.6885312577144,69.645710692123,71.6997164064951,Estimación adecuada
Anasco,1990-1994,2,77.19464732684078,77.50640892768695,76.34490809341986,78.69931579219062,Estimación adecuada
Anasco,1995-1999,1,71.8503650088804,71.3273137312747,70.21370725254475,72.21984879222524,Estimación adecuada
Anasco,1995-1999,2,77.85360337047756,77.85237461017634,76.84687743298821,78.6796601620848,Estimación adecuada
Anasco,2000-2004,1,74.35938543935956,73.91977933576683,73.06339528985649,74.68079222850926,Estimación adecuada
Anasco,2000-2004,2,80.6361937434096,80.18792678465752,79.32803047918162,81.56454576840514,Estimación adecuada
Anasco,2005-2009,1,76.96481061689505,75.88865692928216,74.8298948651234,76.77333096487865,< e0 observado
Anasco,2005-2009,2,82.18483587125668,81.69875072846028,80.53186522756431,82.82456552085245,Estimación adecuada
Anasco,2010-2014,1,76.38264162433823,76.03967784362584,75.04674425757938,76.98968252858447,Estimación adecuada
Anasco,2010-2014,2,83.0792504741019,82.76237858330606,81.45033617559875,83.9145836137403,Estimación adecuada
Anasco,2015-2019,1,78.19758272547156,77.57204703190692,76.65105449388481,78.37275392866388,Estimación adecuada
Anasco,2015-2019,2,85.54315717152748,84.82430355665161,83.44790425721612,86.36840103619306,Estimación adecuada
Anasco,2020-2024,1,77.16064670152906,77.4617424074442,76.34544769658123,78.61715080119409,Estimación adecuada
Anasco,2020-2024,2,83.21756305986028,84.2745434950906,82.96242857205038,85.79157904735746,Estimación adecuada
Arecibo,1980-1984,1,70.94822313738123,70.97410772815192,70.42071572673866,71.65649297697496,Estimación adecuada
Arecibo,1980-1984,2,77.54900544750468,77.33718177914388,76.69866872056907,78.07773052925967,Estimación adecuada
Arecibo,1985-1989,1,70.27186805457086,70.4517439216859,69.87853889200811,71.09307324820918,Estimación adecuada
Arecibo,1985-1989,2,77.07511338664264,77.12575108071229,76.56699772868836,77.76224920745916,Estimación adecuada
Arecibo,1990-1994,1,70.7566402122555,70.7019229305152,69.9931023458196,71.29527799809911,Estimación adecuada
Arecibo,1990-1994,2,77.82525476262934,77.84839316358489,77.26060403378978,78.58556797820353,Estimación adecuada
Arecibo,1995-1999,1,70.42422951948053,70.45469409995357,69.89270728524457,71.15790391987893,Estimación adecuada
Arecibo,1995-1999,2,77.67805190763367,77.7339653903444,77.28405174234334,78.19582170605543,Estimación adecuada
Arecibo,2000-2004,1,73.58677734329173,73.34687286878167,72.74491370933397,73.87696738582073,Estimación adecuada
Arecibo,2000-2004,2,80.17723082421405,79.86555110505122,79.23427462336531,80.50453124001254,Estimación adecuada
Arecibo,2005-2009,1,73.79746978285581,73.79968892911069,73.19937708759286,74.27641771896116,Estimación adecuada
Arecibo,2005-2009,2,80.99120726198103,80.65862983362831,80.0342510631902,81.14174231484209,Estimación adecuada
Arecibo,2010-2014,1,75.7499952369095,75.60794687556512,75.12872116010382,76.31621957269415,Estimación adecuada
Arecibo,2010-2014,2,81.99729917976788,81.69318930177242,81.00345089762271,82.29633273996467,Estimación adecuada
Arecibo,2015-2019,1,77.47760291858165,77.44120855104453,76.74668864712484,78.12936511694373,Estimación adecuada
Arecibo,2015-2019,2,84.62096334942434,84.27255807285523,83.52911081378117,85.15397028130414,Estimación adecuada
Arecibo,2020-2024,1,77.03404417797987,76.83720818564309,76.25744858256117,77.57448664531827,Estimación adecuada
Arecibo,2020-2024,2,83.99392652816302,83.73886208889265,82.98349104156685,84.41687927959433,Estimación adecuada
Arroyo,1980-1984,1,69.26197243419952,69.91043102580747,68.88566350771046,71.00971625876771,Estimación adecuada
Arroyo,1980-1984,2,77.70227943996014,77.47129625930302,75.88479895814424,78.86999527099928,Estimación adecuada
Arroyo,1985-1989,1,69.06544938666637,69.54444449930983,68.36031664584871,70.92908921981972,Estimación adecuada
Arroyo,1985-1989,2,76.53547803214356,76.61026342777922,75.22689170285825,78.1755588947428,Estimación adecuada
Arroyo,1990-1994,1,69.467701272295,69.91460650155955,68.88293445505558,70.95785289701229,Estimación adecuada
Arroyo,1990-1994,2,79.1638940521351,78.42851099138095,76.84212292619557,79.8440648064443,Estimación adecuada
Arroyo,1995-1999,1,69.35840651861476,69.9819874942004,68.88085889565195,71.02069466878888,Estimación adecuada
Arroyo,1995-1999,2,77.98473955428868,77.45771480045477,76.7144110533648,78.64772942622076,Estimación adecuada
Arroyo,2000-2004,1,72.46263355278661,72.47150687782778,71.41004314826975,73.82305326647247,Estimación adecuada
Arroyo,2000-2004,2,79.49462438506767,79.52286798483868,78.354737667619,80.83133261489448,Estimación adecuada
Arroyo,2005-2009,1,73.52924324703847,73.52919636871741,72.6315999765684,74.55164114526059,Estimación adecuada
Arroyo,2005-2009,2,81.55925566302211,81.00550387385887,80.05387880072398,82.83912576791631,Estimación adecuada
Arroyo,2010-2014,1,73.74855783813933,74.16078522334561,73.13879176680067,75.25113560556736,Estimación adecuada
Arroyo,2010-2014,2,82.70095569618667,82.10727016506391,80.98199378347748,83.37020275745897,Estimación adecuada
Arroyo,2015-2019,1,74.8566557237882,76.25560338557489,74.9390061224076,77.48284765385867,> e0 observado
Arroyo,2015-2019,2,83.0866067343545,83.18803753524209,82.117979146593,84.73104799817568,Estimación adecuada
Arroyo,2020-2024,1,77.15040742709186,76.61617461711606,75.6340511874682,77.91373324556531,Estimación adecuada
Arroyo,2020-2024,2,82.07042233229612,83.10687775509834,81.74254648066939,84.3644245443028,Estimación adecuada
Barceloneta,1980-1984,1,69.54208697130086,70.71010332644595,69.42280118777819,71.82940274812313,Estimación adecuada
Barceloneta,1980-1984,2,77.15945709054438,77.27272210449496,76.09281144165348,79.26245285647431,Estimación adecuada
Barceloneta,1985-1989,1,72.20256138308129,71.88696928821867,70.81188749908827,73.27376032605116,Estimación adecuada
Barceloneta,1985-1989,2,78.86869640220178,78.76614472540285,77.3645243685547,79.82040816460433,Estimación adecuada
Barceloneta,1990-1994,1,71.82801102859922,71.24793494262192,70.19785194509646,72.64910836911794,Estimación adecuada
Barceloneta,1990-1994,2,79.79778456534827,79.7427311239056,78.58766735075983,81.39733512236576,Estimación adecuada
Barceloneta,1995-1999,1,69.62763398284126,70.55190150023537,69.45639195914816,71.57653447640297,Estimación adecuada
Barceloneta,1995-1999,2,78.30155980616671,78.48124540265596,77.50444445811726,79.8196225402038,Estimación adecuada
Barceloneta,2000-2004,1,74.25217285421826,73.68370781425665,72.51898448626747,74.97972147723343,Estimación adecuada
Barceloneta,2000-2004,2,80.98566728548113,80.2649955507244,79.16230931782351,81.45116745216207,Estimación adecuada
Barceloneta,2005-2009,1,75.14771749617947,74.82120507916021,73.63589106855964,75.8949778201308,Estimación adecuada
Barceloneta,2005-2009,2,83.11601404161499,82.54281402656657,81.00930033660137,84.19484861561978,Estimación adecuada
Barceloneta,2010-2014,1,75.38250616989667,75.49055255746418,74.4744148776919,76.70257054876241,Estimación adecuada
Barceloneta,2010-2014,2,83.08358460781069,82.63125599335041,81.54040834559981,84.10129020220606,Estimación adecuada
Barceloneta,2015-2019,1,79.11645760546239,77.85434981126862,76.83578633343532,79.07917779542245,< e0 observado
Barceloneta,2015-2019,2,85.56404930901091,85.05503242308268,83.52553602669536,86.30958779934984,Estimación adecuada
Barceloneta,2020-2024,1,75.82195956003592,76.00773060104669,75.20210724156195,77.00008214070787,Estimación adecuada
Barceloneta,2020-2024,2,84.21378427386206,84.30209798705141,83.14699344848086,85.5611204700849,Estimación adecuada
Barranquitas,1980-1984,1,71.33876197975141,71.61274544686077,70.64766887867717,72.52575939785987,Estimación adecuada
Barranquitas,1980-1984,2,77.30531169649653,77.66670472807667,76.38878021504956,78.71750288007061,Estimación adecuada
Barranquitas,1985-1989,1,71.51414892357278,71.54203497373031,70.54375981713144,72.67346715094646,Estimación adecuada
Barranquitas,1985-1989,2,77.76964050663393,78.07875416895432,76.80975952460784,79.16665812417774,Estimación adecuada
Barranquitas,1990-1994,1,70.61622752203239,71.02341007164549,69.97992362106406,72.13693027624635,Estimación adecuada
Barranquitas,1990-1994,2,80.19038720696513,79.66897550899583,78.48028237285348,81.078419744087725,Estimación adecuada
Barranquitas,1995-1999,1,71.30535167741402,71.03919422087665,70.10311186455502,71.95549879829773,Estimación adecuada
Barranquitas,1995-1999,2,77.36809189145215,77.98902656878548,76.9623184711085,79.13826418480771,Estimación adecuada
Barranquitas,2000-2004,1,73.94139576064687,73.95768233641371,73.09067518695704,75.1115436064123,Estimación adecuada
Barranquitas,2000-2004,2,80.92303201880848,80.95877040632266,79.90886940712298,82.66014940367518,Estimación adecuada
Barranquitas,2005-2009,1,75.7544247310515,75.36409126394616,74.3693466422985,76.40081163080657,Estimación adecuada
Barranquitas,2005-2009,2,83.34321773527964,82.83794526181937,81.6289128044258,84.49943023171,Estimación adecuada
Barranquitas,2010-2014,1,75.82434696179858,75.72701522152639,74.550192222879,76.71904154310232,Estimación adecuada
Barranquitas,2010-2014,2,83.19916348644448,83.13908050179796,81.66118844874701,84.38187488091629,Estimación adecuada
Barranquitas,2015-2019,1,78.70088384920705,78.24531311953282,77.18770948748025,79.38900163685969,Estimación adecuada
Barranquitas,2015-2019,2,86.1569793140704,85.89727578972933,84.28921009609061,87.39310086812326,Estimación adecuada
Barranquitas,2020-2024,1,77.70140580259377,77.81209914499192,76.5737503410411,78.87005561513968,Estimación adecuada
Barranquitas,2020-2024,2,85.89659093832063,85.72931742174774,84.14047169814347,87.4199329372809,Estimación adecuada
Bayamon,1980-1984,1,72.04514701418194,71.94521281759324,71.44877345213513,72.50215839252385,Estimación adecuada
Bayamon,1980-1984,2,78.18054324807127,78.03981829562419,77.54271459928131,78.48442888373688,Estimación adecuada
Bayamon,1985-1989,1,71.5983747916107,71.63341641511494,71.19559140278622,72.08276283907196,Estimación adecuada
Bayamon,1985-1989,2,79.53402783138928,79.27253289206415,78.83642908142778,79.70928112202768,Estimación adecuada
Bayamon,1990-1994,1,69.4013098024391,69.60681768118368,69.225719248207,70.0307645397655,Estimación adecuada
Bayamon,1990-1994,2,79.99809814237119,79.84909294155108,79.33377197029048,80.43373357864263,Estimación adecuada
Bayamon,1995-1999,1,70.77177966925491,70.93925290008907,70.56956066730817,71.43600455592374,Estimación adecuada
Bayamon,1995-1999,2,79.73301230251936,79.65457366104897,79.29406013065052,80.05653028717629,Estimación adecuada
Bayamon,2000-2004,1,73.5738231086305,73.63737113320511,73.23782095606907,74.10679350551877,Estimación adecuada
Bayamon,2000-2004,2,81.70891995330638,81.63821367848493,81.05423911426064,82.1787844716591,Estimación adecuada
Bayamon,2005-2009,1,74.78989094750837,74.85904942671736,74.25109875030898,75.31276880499115,Estimación adecuada
Bayamon,2005-2009,2,82.81400991090649,82.73331451704868,82.26299626066523,83.25693455524919,Estimación adecuada
Bayamon,2010-2014,1,76.39050901350164,76.43207491400742,75.79168476681537,76.91038019033971,Estimación adecuada
Bayamon,2010-2014,2,84.21195413174073,84.05049922895816,83.57426812337133,84.68657203636513,Estimación adecuada
Bayamon,2015-2019,1,77.4241342974101,77.51798411776169,77.03792249333964,78.1194753435845,Estimación adecuada
Bayamon,2015-2019,2,85.53635487807954,85.29442923934918,84.80972958076285,85.81314779416223,Estimación adecuada
Bayamon,2020-2024,1,76.28240347769595,76.32555917285575,75.77674671361505,76.89923156879986,Estimación adecuada
Bayamon,2020-2024,2,85.66531677680673,85.53159112855906,84.86364325755814,85.98521197708337,Estimación adecuada
Cabo Rojo,1980-1984,1,72.39724763936692,72.76626996144051,71.78690175393108,73.48492600262205,Estimación adecuada
Cabo Rojo,1980-1984,2,77.54158683750231,77.49798386064819,76.45921229311438,78.51467412524963,Estimación adecuada
Cabo Rojo,1985-1989,1,73.0487252974488,73.05940120738543,71.9236136684962,73.92973886109021,Estimación adecuada
Cabo Rojo,1985-1989,2,79.23917112625598,78.97831848277644,78.08185883852721,79.82626217005559,Estimación adecuada
Cabo Rojo,1990-1994,1,72.97925410251543,72.81964864209252,72.1775508306351,73.4225710654415,Estimación adecuada
Cabo Rojo,1990-1994,2,80.55409901002385,80.0807793791046,79.27177203395121,81.16838292130151,Estimación adecuada
Cabo Rojo,1995-1999,1,72.48815364764029,72.5177992099042,71.64742770576002,73.1031233395017,Estimación adecuada
Cabo Rojo,1995-1999,2,79.89647697006733,79.81188583798996,78.92362861670918,80.4774856019512,Estimación adecuada
Cabo Rojo,2000-2004,1,75.02839226790125,74.96332148451387,74.18191113762828,75.75944386110649,Estimación adecuada
Cabo Rojo,2000-2004,2,82.11872847252751,81.73115566273762,81.00328910973255,82.54533467952238,Estimación adecuada
Cabo Rojo,2005-2009,1,76.84328880547318,76.14185902676763,75.47170782405775,76.8548398926681,Estimación adecuada
Cabo Rojo,2005-2009,2,82.7883495500848,82.34301909959257,81.43623665849834,83.40597505728277,Estimación adecuada
Cabo Rojo,2010-2014,1,75.75368420461353,76.08168776874967,75.27575668587673,76.7812882674548,Estimación adecuada
Cabo Rojo,2010-2014,2,83.42815115673008,83.69973598916724,82.68176955785287,84.61570009967221,Estimación adecuada
Cabo Rojo,2015-2019,1,79.78583423632398,79.56820306973779,78.56334183304739,80.60289716461259,Estimación adecuada
Cabo Rojo,2015-2019,2,84.21493107845924,84.39605592674928,83.49035754779656,85.31982299832069,Estimación adecuada
Cabo Rojo,2020-2024,1,79.36891590464816,79.31388465779449,78.39882847938647,80.29877479987866,Estimación adecuada
Cabo Rojo,2020-2024,2,84.78014352257735,84.67206730393005,83.80947740757463,85.76311635276622,Estimación adecuada
Caguas,1980-1984,1,71.72229204508375,71.78465018577008,71.10550859849403,72.28341506300774,Estimación adecuada
Caguas,1980-1984,2,78.48100883851102,78.23911805911914,77.46657489486077,78.95546410389674,Estimación adecuada
Caguas,1985-1989,1,70.39381171255258,70.47262159795463,69.9076016697569,71.02400230798756,Estimación adecuada
Caguas,1985-1989,2,79.24402800001288,78.9429695419171,78.29002164857542,79.71430101059082,Estimación adecuada
Caguas,1990-1994,1,68.8176451180551,69.0908435135845,68.48558841849298,69.73730630636561,Estimación adecuada
Caguas,1990-1994,2,78.64358444378482,78.64334887958825,78.11440204461148,79.264037199261125,Estimación adecuada
Caguas,1995-1999,1,69.69055735609852,69.95595051451849,69.40644093032986,70.48381778395242,Estimación adecuada
Caguas,1995-1999,2,79.65612948337659,79.49722182053989,78.91886200361581,80.18804570426454,Estimación adecuada
Caguas,2000-2004,1,73.107794927577,73.18347849866913,72.60950359128091,73.76637373724174,Estimación adecuada
Caguas,2000-2004,2,81.16770684291535,80.92453638996423,80.42509400705401,81.46726510943526,Estimación adecuada
Caguas,2005-2009,1,74.70961206827913,74.7178600657725,74.1311968554548,75.16668240811165,Estimación adecuada
Caguas,2005-2009,2,83.1696138038651,82.91100078687734,82.31494687267258,83.66724118346282,Estimación adecuada
Caguas,2010-2014,1,74.58554015299133,74.88337069025138,74.37390739447699,75.3869080947251,Estimación adecuada
Caguas,2010-2014,2,83.90600489563008,83.66924230057433,83.06477883698484,84.41022829360816,Estimación adecuada
Caguas,2015-2019,1,77.12465328076702,77.3896734942359,76.76633157360294,77.94268052065397,Estimación adecuada
Caguas,2015-2019,2,84.81913360231934,84.64093353336267,84.00024110342827,85.23625619595052,Estimación adecuada
Caguas,2020-2024,1,76.29588342135226,76.3652971859377,75.81549267983421,76.82337947217496,Estimación adecuada
Caguas,2020-2024,2,84.58890329073994,84.55156263851492,83.74067993408138,85.28812664523554,Estimación adecuada
Camuy,1980-1984,1,72.00953497661486,72.16433060246953,71.40931409528275,73.20984291526935,Estimación adecuada
Camuy,1980-1984,2,79.0481930632779,78.98411983740255,77.70947237204005,80.14681780827945,Estimación adecuada
Camuy,1985-1989,1,73.05563270338816,72.66238398018027,71.68957586521529,73.8859602207375,Estimación adecuada
Camuy,1985-1989,2,79.50251205629577,79.30882664979997,77.9327242226259,80.76133876765118,Estimación adecuada
Camuy,1990-1994,1,72.48592866320423,72.08581531206207,71.10182453429154,72.93354883982067,Estimación adecuada
Camuy,1990-1994,2,78.42074942707245,78.46183502788705,77.3333984338586,79.69434085750791,Estimación adecuada
Camuy,1995-1999,1,72.6730064081168,72.2287610177215,71.34137795625,73.16006478862187,Estimación adecuada
Camuy,1995-1999,2,81.15887534595899,80.59384811963716,79.47112573948118,81.88122245512655,Estimación adecuada
Camuy,2000-2004,1,75.51776152008142,74.7850411129118,73.65724859963098,75.65622068764357,Estimación adecuada
Camuy,2000-2004,2,81.38049051623702,80.85065726848089,79.88034652261027,81.94746573303527,Estimación adecuada
Camuy,2005-2009,1,76.01134322923592,75.65254030640446,74.64316893239412,76.55885207510687,Estimación adecuada
Camuy,2005-2009,2,83.37764861657536,82.84055063620087,81.60911050351024,84.39180583481055,Estimación adecuada
Camuy,2010-2014,1,77.47114401608678,76.56412613350395,75.51298361148056,77.35987536073378,< e0 observado
Camuy,2010-2014,2,83.52117698878536,83.28910859481059,82.273847452838,84.50397202646906,Estimación adecuada
Camuy,2015-2019,1,78.31044325410552,78.11682930142851,76.9974585202728,79.23804559996398,Estimación adecuada
Camuy,2015-2019,2,85.3683244262729,84.99431139660464,83.73381003056694,86.27071087001667,Estimación adecuada
Camuy,2020-2024,1,78.26146309261183,77.75689314470526,76.90839579291307,78.8234482710561,Estimación adecuada
Camuy,2020-2024,2,85.47114665413858,85.4238851628821,84.27409595159578,86.86460215180936,Estimación adecuada
Canovanas,1980-1984,1,73.2999178869587,71.96411182381905,70.77515047881056,73.01136335772603,< e0 observado
Canovanas,1980-1984,2,80.06188590433086,78.65056489502096,77.26951644531718,79.8817072199591,< e0 observado
Canovanas,1985-1989,1,71.61537365310774,71.28840279855936,70.29169404908606,72.39809920066841,Estimación adecuada
Canovanas,1985-1989,2,78.2476656338885,77.89936414363339,76.7557039704924,78.88719944103299,Estimación adecuada
Canovanas,1990-1994,1,68.47857316458972,69.35942690283123,68.36835986953255,70.26608848591519,Estimación adecuada
Canovanas,1990-1994,2,78.32395417011651,78.13652821963576,77.25175119214019,79.16239339397377,Estimación adecuada
Canovanas,1995-1999,1,67.92417601162161,68.6983786806845,67.97318462110113,69.65702221654175,> e0 observado
Canovanas,1995-1999,2,77.19866982997894,77.29228800975066,76.40144999685724,77.9950746970617,Estimación adecuada
Canovanas,2000-2004,1,71.16133588099902,71.97276244384693,70.93334293322485,72.850428081749655,Estimación adecuada
Canovanas,2000-2004,2,79.89031657445086,79.75718367892765,78.72092643251014,80.88810273286117,Estimación adecuada
Canovanas,2005-2009,1,72.03527888088188,73.01539971468597,71.95180050878963,73.95326809731955,Estimación adecuada
Canovanas,2005-2009,2,82.20274877957495,81.63607561438631,80.79833802878233,82.98882456259662,Estimación adecuada
Canovanas,2010-2014,1,73.73163177655941,74.59528744152375,73.56940131920891,75.45512443073224,Estimación adecuada
Canovanas,2010-2014,2,82.38500533806449,81.90459828905554,80.75595196107172,82.83031700704198,Estimación adecuada
Canovanas,2015-2019,1,76.47578865798283,76.87668089402311,75.84228301670673,77.87639997815589,Estimación adecuada
Canovanas,2015-2019,2,83.4705410867674,83.28362734191646,82.43891975049266,84.33142178165681,Estimación adecuada
Canovanas,2020-2024,1,75.27011547141527,75.53370635063183,74.83327168313426,76.28401547678628,Estimación adecuada
Canovanas,2020-2024,2,84.62181844092844,84.0127389212926,82.97744402635576,85.14852306466804,Estimación adecuada
Carolina,1980-1984,1,72.6794571065647,72.62352113128242,71.8413359118478,73.37037186473533,Estimación adecuada
Carolina,1980-1984,2,80.00245669766524,79.72171441237947,79.11356153137406,80.42214329911906,Estimación adecuada
Carolina,1985-1989,1,71.45905207579524,71.59108707305977,71.0396696677181,72.20528723906858,Estimación adecuada
Carolina,1985-1989,2,79.99533355118935,79.80839108427625,79.08557539869591,80.30546660507076,Estimación adecuada
Carolina,1990-1994,1,69.88961527032848,70.16608225082588,69.63769985797832,70.64044752275534,Estimación adecuada
Carolina,1990-1994,2,79.19273965392165,79.19240046374156,78.6095410185161,79.81380705403626,Estimación adecuada
Carolina,1995-1999,1,70.60394767924991,70.83647111399488,70.38073556382565,71.3185190124432,Estimación adecuada
Carolina,1995-1999,2,80.17066355341139,80.01759219727506,79.60850449851796,80.46373834680162,Estimación adecuada
Carolina,2000-2004,1,73.93076115352547,74.07288885643777,73.49967384452512,74.57380457947298,Estimación adecuada
Carolina,2000-2004,2,81.94990115891812,81.70178332729009,81.17396707235818,82.25698219064472,Estimación adecuada
Carolina,2005-2009,1,74.82294831043073,74.8707228716804,74.47836993643392,75.3493249090388,Estimación adecuada
Carolina,2005-2009,2,82.93347404417227,82.84507616141538,82.25879726806754,83.40606489199328,Estimación adecuada
Carolina,2010-2014,1,75.7216623224996,75.97347359837293,75.4823883119812,76.58576160396956,Estimación adecuada
Carolina,2010-2014,2,84.32702876051525,84.11011777042759,83.60686764384837,84.7161019497321,Estimación adecuada
Carolina,2015-2019,1,78.16150181754098,78.16249030545546,77.57427294019791,78.8003064131843,Estimación adecuada
Carolina,2015-2019,2,86.31301087441426,86.10604620944393,85.45926048615308,86.79734101305189,Estimación adecuada
Carolina,2020-2024,1,78.61601699181084,78.505946492018,77.91666495565323,79.02338271832896,Estimación adecuada
Carolina,2020-2024,2,85.92480146843513,85.52296088239433,85.01298298710553,86.30894635250988,Estimación adecuada
Catano,1980-1984,1,64.71158204088911,66.17618511845205,65.28367763421458,67.07253434601176,> e0 observado
Catano,1980-1984,2,75.60330232750007,75.44467518556806,74.28652042685746,76.88261662529473,Estimación adecuada
Catano,1985-1989,1,65.74843366392102,66.91188782869469,65.95673564681758,68.06100043957258,> e0 observado
Catano,1985-1989,2,78.65957711284251,77.43211336198488,76.29779537935451,78.6986808983516,Estimación adecuada
Catano,1990-1994,1,63.551421617424765,65.13046980042246,63.96785607465365,66.25108452944099,> e0 observado
Catano,1990-1994,2,77.73013012436986,77.29414354672731,76.21705075305582,78.41087317423424,Estimación adecuada
Catano,1995-1999,1,64.95894376240564,66.39183058305076,65.50597754121775,67.42727288923763,> e0 observado
Catano,1995-1999,2,77.8017354936669,77.52570787091145,76.38861141522437,78.73618521951192,Estimación adecuada
Catano,2000-2004,1,69.54736006919788,70.4805578503641,69.51701381689927,71.59041912505523,Estimación adecuada
Catano,2000-2004,2,80.2420833723342,79.31869134798836,78.25392666869776,80.65889683112609,Estimación adecuada
Catano,2005-2009,1,70.0088463290445,70.96520725567817,69.95390889246312,72.24892442765373,Estimación adecuada
Catano,2005-2009,2,82.4846061988492,81.73692443700187,79.95772999716907,83.46677407028224,Estimación adecuada
Catano,2010-2014,1,73.04054164065786,73.36228121641588,72.49035959836229,74.52258388992817,Estimación adecuada
Catano,2010-2014,2,85.05347927327067,82.99633528704138,81.7463768928293,84.98461579338559,< e0 observado
Catano,2015-2019,1,73.65254048968006,74.45645018892863,73.15964811497804,75.80749418063515,Estimación adecuada
Catano,2015-2019,2,86.94579083490224,85.36339441729478,83.31275087911938,87.26322599617751,Estimación adecuada
Catano,2020-2024,1,73.01737041087927,74.08617932878772,73.08217509610208,75.56965015763903,> e0 observado
Catano,2020-2024,2,86.0684794743231,85.00204889841892,83.11420592050786,86.91708685519319,Estimación adecuada
Cayey,1980-1984,1,71.32064492875627,71.16949055808965,70.03692751716707,72.07431467991277,Estimación adecuada
Cayey,1980-1984,2,76.88437352747384,77.12248701460345,76.27950604666485,78.22762904838181,Estimación adecuada
Cayey,1985-1989,1,69.35200072016079,69.98794647094768,68.97515023836027,70.86268513219218,Estimación adecuada
Cayey,1985-1989,2,78.24162311103663,78.23816368247287,77.21746069928372,79.03331376533569,Estimación adecuada
Cayey,1990-1994,1,69.27521430891126,69.83043296026187,69.02136347661312,70.68892604543394,Estimación adecuada
Cayey,1990-1994,2,78.16553833033852,78.12589493392895,77.40090970013617,79.3800566884401,Estimación adecuada
Cayey,1995-1999,1,70.01299547508536,70.55437409786327,69.82058629558472,71.47297710020146,Estimación adecuada
Cayey,1995-1999,2,78.87259018768239,78.84300768825989,78.09980217500822,79.7368538856206,Estimación adecuada
Cayey,2000-2004,1,73.68749999421473,73.72383286439197,72.71404482023367,74.60363384284055,Estimación adecuada
Cayey,2000-2004,2,81.22226473989993,80.55169207528087,79.76098160816828,81.42123618657645,Estimación adecuada
Cayey,2005-2009,1,73.99614368964569,74.46042926958296,73.42574045341273,75.48072043829033,Estimación adecuada
Cayey,2005-2009,2,82.1533699228688,81.79338907608619,80.85875856655213,82.68402725885903,Estimación adecuada
Cayey,2010-2014,1,75.00610378038506,75.56683707904274,74.86457924462289,76.66877780026662,Estimación adecuada
Cayey,2010-2014,2,83.73637939950336,83.37155562253906,82.53544474884274,84.10527621652389,Estimación adecuada
Cayey,2015-2019,1,78.54670044615935,78.43577931519704,77.3733290756393,79.27254676472369,Estimación adecuada
Cayey,2015-2019,2,85.74693279734878,85.09072011322479,83.91997892194709,86.48746325842622,Estimación adecuada
Cayey,2020-2024,1,79.40962956727441,79.25209433367893,77.92450766874006,80.54353314549095,Estimación adecuada
Cayey,2020-2024,2,87.6006348574498,86.95056736856515,85.81630253605402,87.97790077268567,Estimación adecuada
Ceiba,1980-1984,1,72.14585176157938,71.55853218823574,70.6099224651376,72.81221311428975,Estimación adecuada
Ceiba,1980-1984,2,78.61104372786001,77.82217753039534,76.08613355668498,79.84784258772343,Estimación adecuada
Ceiba,1985-1989,1,70.6198183166503,70.6204487238288,69.31541068218263,72.1144573152455,Estimación adecuada
Ceiba,1985-1989,2,79.13415807152825,78.31792740959366,76.90977667294706,79.8011176460322,Estimación adecuada
Ceiba,1990-1994,1,71.00935671117365,70.65784440396676,69.3780918100183,71.93569754482489,Estimación adecuada
Ceiba,1990-1994,2,79.17042900270538,78.71859204439193,77.30515788846282,80.2281428889685,Estimación adecuada
Ceiba,1995-1999,1,72.51721647517238,71.5863863018889,70.37411054653228,72.76184584199237,Estimación adecuada
Ceiba,1995-1999,2,78.14728081414309,78.38286706707123,77.30186939938044,79.92462232153457,Estimación adecuada
Ceiba,2000-2004,1,74.86667065353893,73.71900350654859,72.44915308303092,74.88853827788714,Estimación adecuada
Ceiba,2000-2004,2,80.68427804057518,80.87140648644916,79.32104634587577,82.2539881097098,Estimación adecuada
Ceiba,2005-2009,1,76.12252834869311,74.7230479758235,73.18164733829786,76.0625661495864,< e0 observado
Ceiba,2005-2009,2,82.7966883833198,82.23853427255139,80.70477121356927,84.42963122376638,Estimación adecuada
Ceiba,2010-2014,1,75.46412666889606,76.20836779648182,74.69744836298133,77.86830474793324,Estimación adecuada
Ceiba,2010-2014,2,81.41353267344712,82.29921678914927,81.04763516819233,83.92480311346438,Estimación adecuada
Ceiba,2015-2019,1,78.54557923356414,78.24653450201987,76.41795105883756,79.62060879562227,Estimación adecuada
Ceiba,2015-2019,2,86.20789836529356,85.49762819370652,83.66193524377906,87.30492157593268,Estimación adecuada
Ceiba,2020-2024,1,72.26101326760208,76.03457546213448,74.96230046469068,77.43524873996586,> e0 observado
Ceiba,2020-2024,2,81.87366447467527,84.09277555164232,82.3509945993327,85.76436382585143,> e0 observado
Ciales,1980-1984,1,73.3601690081269,72.71824804095482,71.64750546327232,73.72814436243806,Estimación adecuada
Ciales,1980-1984,2,79.08450788252533,78.84820260112139,77.12928439249092,80.65106607522091,Estimación adecuada
Ciales,1985-1989,1,73.80385799895002,72.99402767231929,71.73306855464287,74.31209888041894,Estimación adecuada
Ciales,1985-1989,2,79.25761748100682,79.06147869544809,77.68340066366385,81.09620926583057,Estimación adecuada
Ciales,1990-1994,1,72.25274862856378,71.98631421692136,70.98511739227114,73.09873364691495,Estimación adecuada
Ciales,1990-1994,2,79.82543814746265,79.57241001485482,78.22135499194167,80.97866161929488,Estimación adecuada
Ciales,1995-1999,1,71.42663286324974,71.67409749229736,70.2789433725588,73.00743042250977,Estimación adecuada
Ciales,1995-1999,2,79.238381112831,79.75870879344353,78.4531632831605,81.28463039674233,Estimación adecuada
Ciales,2000-2004,1,72.8877247015535,73.81587135596844,72.83906560857164,74.90271601448785,Estimación adecuada
Ciales,2000-2004,2,80.83769687356553,80.98778970988496,79.7879268116394,82.65881145650962,Estimación adecuada
Ciales,2005-2009,1,74.52536084511352,74.97580395331985,73.67692107047736,76.35295583346155,Estimación adecuada
Ciales,2005-2009,2,82.13836581268944,82.31404933524753,80.9313119278776,83.86991326983186,Estimación adecuada
Ciales,2010-2014,1,75.83944224399347,76.52649192895981,75.27467081057316,77.65213566589742,Estimación adecuada
Ciales,2010-2014,2,83.18525319463721,83.56945477633334,81.97972491640903,85.18743124242685,Estimación adecuada
Ciales,2015-2019,1,80.35963140996523,79.12948473572922,77.79047966811723,80.32713172953643,< e0 observado
Ciales,2015-2019,2,85.16754149388572,85.78597869351763,84.0263085920117,87.3999316924799,Estimación adecuada
Ciales,2020-2024,1,78.0952139934909,78.17028582931897,76.74917828823428,79.33194870382611,Estimación adecuada
Ciales,2020-2024,2,83.7838176468441,84.30836876491836,82.93364587701097,85.83164925167927,Estimación adecuada
Cidra,1980-1984,1,72.92625993210298,73.15498405608926,71.95428517890528,74.20351690153306,Estimación adecuada
Cidra,1980-1984,2,80.25294604658151,79.9460840495957,78.85800498216979,81.42194962466604,Estimación adecuada
Cidra,1985-1989,1,72.65671880748917,72.75944998462482,71.63513884704226,73.76771256673449,Estimación adecuada
Cidra,1985-1989,2,79.2640060129605,79.35834803207797,78.46011733840578,80.58425165426716,Estimación adecuada
Cidra,1990-1994,1,74.59270123853278,73.91762904348724,72.70963689420809,75.07969598542704,Estimación adecuada
Cidra,1990-1994,2,79.58259869878654,79.5243132547853,78.45552327924176,80.30855619090497,Estimación adecuada
Cidra,1995-1999,1,74.21713653214772,73.8728938108506,72.8945252919692,74.78207040107606,Estimación adecuada
Cidra,1995-1999,2,80.46720179098129,80.82113696708103,79.67491470890548,81.76052498903299,Estimación adecuada
Cidra,2000-2004,1,76.1648075054388,75.78701380532755,74.59969816800661,76.56930942753257,Estimación adecuada
Cidra,2000-2004,2,83.06880741955162,82.71034834890676,81.46450450724743,83.72096414489948,Estimación adecuada
Cidra,2005-2009,1,76.2488157847596,76.31756517917648,75.44672287296297,77.08591003680445,Estimación adecuada
Cidra,2005-2009,2,83.29450873472624,83.14834578859735,81.91203600889048,84.23192528497476,Estimación adecuada
Cidra,2010-2014,1,77.33131059096634,77.65705886964548,76.79996429079708,78.58097611954635,Estimación adecuada
Cidra,2010-2014,2,83.46470181390174,83.44373140969878,82.3033756258883,84.53064931766991,Estimación adecuada
Cidra,2015-2019,1,78.97458456608396,79.19089187485835,78.33098488523024,80.27480500023562,Estimación adecuada
Cidra,2015-2019,2,84.69043178604441,85.04002214333677,83.94154933502463,86.37652973480962,Estimación adecuada
Cidra,2020-2024,1,79.7427353948676,79.66962435787401,78.31683076243037,81.00101618212568,Estimación adecuada
Cidra,2020-2024,2,85.33702768748,85.22545583626265,84.15618626386009,86.50438224160327,Estimación adecuada
Coamo,1980-1984,1,71.83261143264684,71.8189801743731,70.84384204917052,72.98307341600216,Estimación adecuada
Coamo,1980-1984,2,77.96592585526496,78.28540147810133,77.00658077566945,79.38247695749831,Estimación adecuada
Coamo,1985-1989,1,71.23431252697634,71.38019806772854,70.5118129051511,72.27663567980707,Estimación adecuada
Coamo,1985-1989,2,77.61875344002883,78.08034769620512,76.87027073446049,79.12578347472899,Estimación adecuada
Coamo,1990-1994,1,71.15206342123702,71.23792501932499,70.15787572861991,72.17351696304263,Estimación adecuada
Coamo,1990-1994,2,79.52007940092251,79.25632200261782,78.10471638578608,80.50074591449813,Estimación adecuada
Coamo,1995-1999,1,71.1960753395491,71.42150586889545,70.32244702518193,72.21990724341009,Estimación adecuada
Coamo,1995-1999,2,78.423903843953,78.70723772698224,77.41023193714588,79.52436363400645,Estimación adecuada
Coamo,2000-2004,1,73.24248106281058,73.24232286590632,72.47719156582463,74.2961224323431,Estimación adecuada
Coamo,2000-2004,2,81.2524184753369,81.01924536036182,80.0176631760707,82.09801819395963,Estimación adecuada
Coamo,2005-2009,1,76.67061680312946,75.75626871039645,74.7160679764539,76.73977747141325,Estimación adecuada
Coamo,2005-2009,2,82.50443120167047,82.13668124149355,80.9211536966587,83.46164169018917,Estimación adecuada
Coamo,2010-2014,1,76.08519397019607,75.93970364102981,75.10646378760136,76.99383463113116,Estimación adecuada
Coamo,2010-2014,2,82.76456200780567,82.34684839840217,81.356672320513,83.50873709682372,Estimación adecuada
Coamo,2015-2019,1,76.3555860235564,76.73290398439056,75.92238279661896,77.52291623055196,Estimación adecuada
Coamo,2015-2019,2,84.32302802936533,84.57513931972157,83.44425042815473,85.51097795617007,Estimación adecuada
Coamo,2020-2024,1,78.73457128285159,77.93609094183398,76.88148099188692,78.89082984956993,Estimación adecuada
Coamo,2020-2024,2,85.32320664794793,85.15829359362412,84.15130025271458,86.10601979524829,Estimación adecuada
Comerio,1980-1984,1,72.39160599187598,72.0749040654612,70.64236408595681,73.3253062715924,Estimación adecuada
Comerio,1980-1984,2,80.50714392154065,79.47016055639904,77.86051438917079,80.93445207692213,Estimación adecuada
Comerio,1985-1989,1,72.46599051488649,71.89390207651442,70.87265967701006,73.09294744870539,Estimación adecuada
Comerio,1985-1989,2,79.35372018267553,79.31492875277138,78.10039668111409,81.18576812287824,Estimación adecuada
Comerio,1990-1994,1,72.63261964951914,72.04812893627013,70.59684974524755,73.07914190915679,Estimación adecuada
Comerio,1990-1994,2,78.0865724889923,78.5813423639159,77.45014290531246,79.72882735420231,Estimación adecuada
Comerio,1995-1999,1,71.13227286201818,71.4111204308744,70.14632453754771,72.33978027249785,Estimación adecuada
Comerio,1995-1999,2,78.32248610899435,78.4290114100422,77.23755663938454,80.02321195350622,Estimación adecuada
Comerio,2000-2004,1,73.74046365047266,73.88936860141942,72.69699097443038,75.05832567184392,Estimación adecuada
Comerio,2000-2004,2,80.19913305806267,80.44114164521883,79.13120181422087,81.97154224102042,Estimación adecuada
Comerio,2005-2009,1,75.30350166697882,75.1536498574448,73.90044579553768,76.23442649957477,Estimación adecuada
Comerio,2005-2009,2,81.75843965388886,81.73056538951727,80.41130727017313,83.45076750649164,Estimación adecuada
Comerio,2010-2014,1,77.88992392393747,76.97691827063531,75.83544122121813,78.27939551037123,Estimación adecuada
Comerio,2010-2014,2,83.20589003283447,82.84022062432479,81.67374051424576,84.15380809257613,Estimación adecuada
Comerio,2015-2019,1,76.11616223403381,76.79791445104416,75.6687446876694,77.77824883401888,Estimación adecuada
Comerio,2015-2019,2,84.47935763504815,84.57847736211468,83.09155285264966,86.22233867537594,Estimación adecuada
Comerio,2020-2024,1,75.23982921549162,76.17565713643525,75.20225763406367,77.41500200894389,Estimación adecuada
Comerio,2020-2024,2,83.75928924043123,83.754956363472,82.58109988809748,84.71611857167007,Estimación adecuada
Corozal,1980-1984,1,72.8434269620364,72.50352517172796,71.37349517038061,73.38190439320991,Estimación adecuada
Corozal,1980-1984,2,78.49552695365927,78.44285988497339,77.48834352737566,79.72076147611813,Estimación adecuada
Corozal,1985-1989,1,74.16679537755694,73.2064871598681,72.21890392433136,74.20478896721573,Estimación adecuada
Corozal,1985-1989,2,78.31409571064404,78.48726369896931,77.3577397441295,79.46079157924562,Estimación adecuada
Corozal,1990-1994,1,71.27571092432538,71.5458006927717,70.72095426253642,72.61996416159705,Estimación adecuada
Corozal,1990-1994,2,78.71157989908842,78.872328687839385,77.66016109836708,80.01966088597389,Estimación adecuada
Corozal,1995-1999,1,71.90053240132126,72.0977884474445,71.09363498031507,73.16460401086559,Estimación adecuada
Corozal,1995-1999,2,81.05061971042039,80.17693657498947,79.24843121662178,81.15906064347458,Estimación adecuada
Corozal,2000-2004,1,75.40121472632262,75.035519311614,73.99959464497671,76.15033745161415,Estimación adecuada
Corozal,2000-2004,2,82.32727029969571,82.08093239474819,80.87271230701604,83.32344395950034,Estimación adecuada
Corozal,2005-2009,1,75.29676896497347,75.5846643203451,74.69938508982004,76.48167551100293,Estimación adecuada
Corozal,2005-2009,2,81.7668888989548,81.65699032352259,80.74391086935569,82.81872620164376,Estimación adecuada
Corozal,2010-2014,1,76.61800376671373,76.71502299578997,75.7888501734096,77.53353968607696,Estimación adecuada
Corozal,2010-2014,2,83.99620064198638,83.74663111865578,82.52828193265472,85.24492394170338,Estimación adecuada
Corozal,2015-2019,1,78.84838673591865,78.31265600475922,77.10127880100086,79.50231763801128,Estimación adecuada
Corozal,2015-2019,2,84.36621340480359,84.56251805434826,83.43982162779497,86.06251370311202,Estimación adecuada
Corozal,2020-2024,1,76.44862204173214,77.18687411602548,76.05159339931191,78.12070555885774,Estimación adecuada
Corozal,2020-2024,2,85.0591201159125,85.36874295749621,84.24144520635511,86.47277942002856,Estimación adecuada
Culebra,1980-1984,1,94.69722323815856,73.50554699534658,71.53503684731149,75.50729891827726,< e0 observado
Culebra,1980-1984,2,77.11141651027592,80.29767350346452,77.2062239280713,84.74976172067608,> e0 observado
Culebra,1985-1989,1,76.63588305134152,72.91281557214039,71.14665701043907,74.76303596368,< e0 observado
Culebra,1985-1989,2,84.99417166658453,80.78482048165614,78.23140467111783,83.80479331453179,< e0 observado
Culebra,1990-1994,1,75.23127689590049,72.42349499212331,70.80571113320687,74.49734619265662,< e0 observado
Culebra,1990-1994,2,82.2361338517014,80.7131743250527,78.47234485237615,83.09153896478881,Estimación adecuada
Culebra,1995-1999,1,72.53390965878926,72.96568389139264,71.07083246742297,74.9913126613651,Estimación adecuada
Culebra,1995-1999,2,82.74787501668122,81.34029126346047,77.80523486077881,89.06060776465034,Estimación adecuada
Culebra,2000-2004,1,83.74648606676807,75.56369507215715,73.6075872402143,77.62141868881805,< e0 observado
Culebra,2000-2004,2,81.63132549875367,82.87556567061254,80.71376647332625,85.92024553105081,Estimación adecuada
Culebra,2005-2009,1,79.35518350612848,76.2827987913477,74.35698909458213,78.25214440716834,< e0 observado
Culebra,2005-2009,2,87.82645600917449,84.03046802850398,81.60844401633977,88.8889289464411,Estimación adecuada
Culebra,2010-2014,1,73.27486001063872,77.20716421956351,75.47126558157441,79.09777811850225,> e0 observado
Culebra,2010-2014,2,84.63331186955911,84.66052399177697,82.30445905099208,90.12442923625515,Estimación adecuada
Culebra,2015-2019,1,73.7782353124013,78.21574439367556,76.35784467280371,80.71149827319414,> e0 observado
Culebra,2015-2019,2,82.80860574041759,86.1246101404084,82.93354832251654,90.31546776948305,> e0 observado
Culebra,2020-2024,1,71.17558414919206,77.82008102641589,75.7696941945859,80.07094426976855,> e0 observado
Culebra,2020-2024,2,81.75048505604273,84.82269255803891,82.84351054684812,87.81558071217827,> e0 observado
Dorado,1980-1984,1,73.06768394242143,72.87197978330133,71.55574452508003,74.03080200771174,Estimación adecuada
Dorado,1980-1984,2,79.57134292897321,78.93414523974924,77.7617378968688,80.37793392402435,Estimación adecuada
Dorado,1985-1989,1,70.98138714935332,71.07687190143193,70.21408401698872,72.0968709813981,Estimación adecuada
Dorado,1985-1989,2,79.66708794032925,79.3401979913413,78.1005797597745,80.60893498924229,Estimación adecuada
Dorado,1990-1994,1,70.60163270459446,71.17541360220508,70.02803948403563,72.41005061946377,Estimación adecuada
Dorado,1990-1994,2,79.66123740902555,79.33363312626122,78.22178081103917,80.56664600283622,Estimación adecuada
Dorado,1995-1999,1,71.14661901491276,71.50077648606306,70.57447411138563,72.59516503871173,Estimación adecuada
Dorado,1995-1999,2,79.34231212268777,79.54677342457879,78.41592770947355,80.58179417801578,Estimación adecuada
Dorado,2000-2004,1,72.80125816712727,73.15845800251753,72.3215217775182,74.3941612238257,Estimación adecuada
Dorado,2000-2004,2,80.51547250678337,80.30789807808142,79.15853556852244,81.05323913555499,Estimación adecuada
Dorado,2005-2009,1,74.74216888739862,75.19328773446871,74.10989067193536,76.1925390237073,Estimación adecuada
Dorado,2005-2009,2,81.55921742419945,81.52946390458928,80.23662182150022,82.63622187405622,Estimación adecuada
Dorado,2010-2014,1,77.3972526095473,77.46599588982528,76.48633303013969,78.60598761061362,Estimación adecuada
Dorado,2010-2014,2,83.78650120499329,83.46052546406007,82.3705436127676,84.54076219170835,Estimación adecuada
Dorado,2015-2019,1,79.05317477178703,78.54653292490292,77.66689779113494,79.69695592397414,Estimación adecuada
Dorado,2015-2019,2,85.0361331038058,85.08802831611692,84.0561647153917,87.0684206373269,Estimación adecuada
Dorado,2020-2024,1,77.54648054972814,77.80138157895703,76.71863236088282,78.68904349215877,Estimación adecuada
Dorado,2020-2024,2,87.81728727976584,86.63136349222857,85.49066682668794,88.05324288945593,Estimación adecuada
Fajardo,1980-1984,1,70.97992961345321,70.54640066021396,69.61353098419045,71.4981834642054,Estimación adecuada
Fajardo,1980-1984,2,77.4034006461853,76.79966443149915,75.77548149440634,77.84634735006912,Estimación adecuada
Fajardo,1985-1989,1,71.1887876704971,70.85044248402644,69.77446872004631,71.88325761521912,Estimación adecuada
Fajardo,1985-1989,2,77.37337374894558,77.3292930408729,76.0694208896316,78.4284518063649,Estimación adecuada
Fajardo,1990-1994,1,68.18099629812696,68.72139383290836,67.78376655015869,69.59023527915542,Estimación adecuada
Fajardo,1990-1994,2,78.11474876521702,77.86199848727875,76.83568918592562,78.9722220071972,Estimación adecuada
Fajardo,1995-1999,1,69.86154006659808,69.94562359972264,69.27053821552965,70.86632353701529,Estimación adecuada
Fajardo,1995-1999,2,78.82934233659792,78.53975047512414,77.56471181484594,79.8279296158515,Estimación adecuada
Fajardo,2000-2004,1,71.85134936418909,72.1223065834704,71.04534897065395,73.07471134293004,Estimación adecuada
Fajardo,2000-2004,2,80.31491904964011,79.78554726067001,78.78602743289599,80.61860548288422,Estimación adecuada
Fajardo,2005-2009,1,72.01498955956528,72.64270669830518,71.66926722185164,73.70547449501274,Estimación adecuada
Fajardo,2005-2009,2,80.42579698255476,80.15785325839515,79.25900596242089,81.2624270350198,Estimación adecuada
Fajardo,2010-2014,1,73.1648079564502,74.21364828526055,73.20988070359758,75.35057102764983,> e0 observado
Fajardo,2010-2014,2,81.74247222384632,81.36763916098997,80.22222142193877,82.44511474633893,Estimación adecuada
Fajardo,2015-2019,1,76.15087862256587,76.80225922259277,75.67726708570997,78.0416560668339,Estimación adecuada
Fajardo,2015-2019,2,83.7123556023456,83.66850949457964,82.56319721998526,84.77764673482801,Estimación adecuada
Fajardo,2020-2024,1,74.31868957649468,75.01293497577998,73.88117730174822,75.94019166191897,Estimación adecuada
Fajardo,2020-2024,2,83.33111283123691,83.39408320280285,82.32255085814464,84.48591041634833,Estimación adecuada
Florida,1980-1984,1,71.06938753374574,71.41816353232988,70.04479497998297,73.02378613878304,Estimación adecuada
Florida,1980-1984,2,79.21775098528943,78.28266306475936,77.02028264943928,79.89272950587844,Estimación adecuada
Florida,1985-1989,1,70.64603223425698,70.9178959240052,69.72285628712004,72.42235860308735,Estimación adecuada
Florida,1985-1989,2,74.85144353276169,77.08412856211683,75.83709235876097,78.65117540214712,> e0 observado
Florida,1990-1994,1,70.01533527514864,70.3397373582205,69.1401962767606,71.66044714301496,Estimación adecuada
Florida,1990-1994,2,75.40391537650423,77.18158452283073,75.68877463331694,78.88372327834227,> e0 observado
Florida,1995-1999,1,71.65894113726901,71.58082527429289,70.5483862480034,73.04080331032884,Estimación adecuada
Florida,1995-1999,2,77.29790147374477,78.03990267318918,76.71262218383752,79.271480773697,Estimación adecuada
Florida,2000-2004,1,75.01444427678842,73.88148192350693,72.48336329693399,75.3788309853621,Estimación adecuada
Florida,2000-2004,2,81.08965307946796,80.51211650850766,79.10212632428426,82.00175830566997,Estimación adecuada
Florida,2005-2009,1,76.54783220170152,75.03259385406858,73.56118338476682,76.54557589167672,< e0 observado
Florida,2005-2009,2,80.52310433234075,80.78188648824464,79.19974380649731,82.38008068218741,Estimación adecuada
Florida,2010-2014,1,79.58931937931183,77.17871326006727,75.91609832883923,78.85400459834938,< e0 observado
Florida,2010-2014,2,84.35262381150902,82.90468937689215,81.49638037414013,84.89457331956505,Estimación adecuada
Florida,2015-2019,1,77.39963673465637,77.28544635402207,75.98781222689232,78.44258104281775,Estimación adecuada
Florida,2015-2019,2,83.04749257512822,83.76319963006249,82.60750907893117,85.65395410922741,Estimación adecuada
Florida,2020-2024,1,76.48138637441758,77.11972100873152,75.89608420659357,78.9748173187746,Estimación adecuada
Florida,2020-2024,2,86.57028869211995,86.23514356913692,84.18918169261738,88.66323386406283,Estimación adecuada
Guanica,1980-1984,1,70.29160656173029,70.01991885347104,68.77956693010307,71.1236142619662,Estimación adecuada
Guanica,1980-1984,2,77.02589204137094,76.6185337678755,75.23651773877376,77.80456609327129,Estimación adecuada
Guanica,1985-1989,1,69.64590752945972,69.52074536708484,68.33107089009917,70.56630112877039,Estimación adecuada
Guanica,1985-1989,2,76.96194389846337,76.7008488993208,75.2374449028566,78.04896881824436,Estimación adecuada
Guanica,1990-1994,1,69.00330089577055,69.09177418042222,67.87590872258235,70.44430039258509,Estimación adecuada
Guanica,1990-1994,2,77.43314529873244,77.0916287128904,75.83451373852611,78.40209428707263,Estimación adecuada
Guanica,1995-1999,1,68.75925697690468,69.36324511632509,68.3956209454411,70.33731217303745,Estimación adecuada
Guanica,1995-1999,2,76.88365176255945,76.92719911270959,75.75949991813195,78.2089428945536,Estimación adecuada
Guanica,2000-2004,1,72.36855900985053,72.10599696721255,71.00102686674077,72.88807492218277,Estimación adecuada
Guanica,2000-2004,2,78.3128127578213,78.38588113937439,77.45246496583536,79.63845032565082,Estimación adecuada
Guanica,2005-2009,1,71.69965700518571,72.20484882835386,70.97113180770293,73.25672399752796,Estimación adecuada
Guanica,2005-2009,2,80.3960001801447,79.76884111861905,78.4901742876561,81.04448910004629,Estimación adecuada
Guanica,2010-2014,1,75.43056531334524,74.4508227110673,73.60905541669399,75.92813226498751,Estimación adecuada
Guanica,2010-2014,2,80.57778836738088,80.89892549452856,79.62890551623539,82.24513939369803,Estimación adecuada
Guanica,2015-2019,1,74.6061778340804,74.70078543436325,73.71251095849651,75.71489463886869,Estimación adecuada
Guanica,2015-2019,2,81.3148683326643,81.6339628691337,80.47146337544677,82.77191894024583,Estimación adecuada
Guanica,2020-2024,1,73.35967274163447,74.5109856070738,73.39646792742215,75.6727960094974,> e0 observado
Guanica,2020-2024,2,82.11869011623037,81.93439071031426,80.85028547632456,83.24388347532425,Estimación adecuada
Guayama,1980-1984,1,70.24592277647761,70.1971134224109,69.25371170536195,71.08088128492122,Estimación adecuada
Guayama,1980-1984,2,76.94736099895414,76.82399296130154,75.78171798706819,77.9637131559105,Estimación adecuada
Guayama,1985-1989,1,69.18407376779939,69.52678108120102,68.62891981540594,70.52820663011305,Estimación adecuada
Guayama,1985-1989,2,77.01984994163914,76.81847026550314,75.85089775170381,77.55932624872938,Estimación adecuada
Guayama,1990-1994,1,69.12774545799293,69.56268872474125,68.54266284088138,70.48163649042114,Estimación adecuada
Guayama,1990-1994,2,78.26536534527779,77.89503033085442,76.98903795625654,78.8343385577842,Estimación adecuada
Guayama,1995-1999,1,69.89298463348949,70.12228789693943,69.37888798900997,71.09400780465387,Estimación adecuada
Guayama,1995-1999,2,79.36097539479375,78.66149301918068,77.64631134096079,79.4453459164007,Estimación adecuada
Guayama,2000-2004,1,71.73959231092829,71.98012012089214,71.10108069819616,72.69356378047613,Estimación adecuada
Guayama,2000-2004,2,80.42361640554877,80.07769053491567,79.01667320037593,80.96920225857562,Estimación adecuada
Guayama,2005-2009,1,74.004627225837,73.77369483279305,72.81880756978305,74.58945256896786,Estimación adecuada
Guayama,2005-2009,2,80.66196990050479,80.46929496184033,79.73261379263592,81.44061892057599,Estimación adecuada
Guayama,2010-2014,1,76.0922078825251,75.65926349502988,74.56545303825149,76.54323266441827,Estimación adecuada
Guayama,2010-2014,2,82.22460967328485,81.88902713427834,80.93277813910305,82.88546526886296,Estimación adecuada
Guayama,2015-2019,1,76.61959145312574,76.60229148450011,75.72898891297984,77.61482407715852,Estimación adecuada
Guayama,2015-2019,2,83.4142713899816,83.37876223544811,82.33009171456874,84.50011041004731,Estimación adecuada
Guayama,2020-2024,1,73.93879414262592,75.17141913422276,74.41786686898251,76.24479953577651,> e0 observado
Guayama,2020-2024,2,82.33975114826434,82.47761799722929,81.7100568965735,83.33376297222121,Estimación adecuada
Guayanilla,1980-1984,1,72.58983279684577,71.61985881162877,70.40523864888229,72.58592671069816,< e0 observado
Guayanilla,1980-1984,2,77.53353824728316,77.57972770092188,76.30508371397679,78.39833988728533,Estimación adecuada
Guayanilla,1985-1989,1,70.73661721916349,70.43447668337708,69.44326244653826,71.4323839673902,Estimación adecuada
Guayanilla,1985-1989,2,76.86235560972376,76.84557792738055,75.74956818543956,77.91518386702197,Estimación adecuada
Guayanilla,1990-1994,1,72.37752924339648,71.3734908545272,70.41493599079134,72.5082614179706,Estimación adecuada
Guayanilla,1990-1994,2,78.55250974931681,77.92921842510165,76.53222993819458,78.79274342064423,Estimación adecuada
Guayanilla,1995-1999,1,72.22131902455737,71.54816562736546,70.27881322680832,72.26535298094167,Estimación adecuada
Guayanilla,1995-1999,2,79.14608996325278,78.76880327441728,77.65644201254094,79.87410542837952,Estimación adecuada
Guayanilla,2000-2004,1,74.05744082522244,73.45447132016298,72.3736781389953,74.55878663852866,Estimación adecuada
Guayanilla,2000-2004,2,80.06971551607721,79.77061872971629,78.90402832171549,80.89858554841118,Estimación adecuada
Guayanilla,2005-2009,1,73.36781184296053,73.75259106721373,72.57681926952385,74.84633832564555,Estimación adecuada
Guayanilla,2005-2009,2,79.74433091795808,79.64754884434583,78.40937662273922,80.81078155972774,Estimación adecuada
Guayanilla,2010-2014,1,77.2541883457964,76.2180743592333,74.59129866680402,77.30116007820261,Estimación adecuada
Guayanilla,2010-2014,2,79.95617529124827,80.93481516629414,79.68214323804148,81.84214607650176,Estimación adecuada
Guayanilla,2015-2019,1,74.50306944491258,76.0873595179826,74.70842512616466,77.52112598216515,> e0 observado
Guayanilla,2015-2019,2,85.47648018860491,84.3351744897531,82.66641223045704,86.16657804448127,Estimación adecuada
Guayanilla,2020-2024,1,73.73722385919334,75.08764025412343,74.2555594015124,76.05028213364207,> e0 observado
Guayanilla,2020-2024,2,84.46851671921503,84.38193862224264,83.10723345531368,86.0824445584168,Estimación adecuada
Guaynabo,1980-1984,1,73.33304020193007,73.26691344915534,72.58817833805348,74.03674765591734,Estimación adecuada
Guaynabo,1980-1984,2,79.57395565229348,79.28778175596265,78.4500286785146,80.15695061434431,Estimación adecuada
Guaynabo,1985-1989,1,73.30720790413426,73.31776842505884,72.65307446664742,74.08813796087327,Estimación adecuada
Guaynabo,1985-1989,2,80.7449894765543,80.50375009771747,79.66951954055742,81.1386831591591,Estimación adecuada
Guaynabo,1990-1994,1,71.64759712414893,71.92696633978423,71.19368002842991,72.56573336186386,Estimación adecuada
Guaynabo,1990-1994,2,80.46155681333546,80.37360599673598,79.49757604919736,81.17108149674057,Estimación adecuada
Guaynabo,1995-1999,1,71.70557982807048,72.13210526311386,71.48909890475701,72.82983735543331,Estimación adecuada
Guaynabo,1995-1999,2,81.61582636139954,81.4429196677603,80.77612524912158,82.36387970961417,Estimación adecuada
Guaynabo,2000-2004,1,74.5460879922691,74.91082813282691,74.3809515830686,75.65510509634885,Estimación adecuada
Guaynabo,2000-2004,2,82.43363591097874,82.42310695767054,81.68605210656243,83.05751337270758,Estimación adecuada
Guaynabo,2005-2009,1,75.40004142189414,75.77678750647632,75.05183182216271,76.40115610929462,Estimación adecuada
Guaynabo,2005-2009,2,83.59622113263238,83.50296779100063,82.83402477368128,84.32918803466322,Estimación adecuada
Guaynabo,2010-2014,1,77.3578270076508,77.56116767260522,76.85220059778803,78.3381034732709,Estimación adecuada
Guaynabo,2010-2014,2,84.62289097742051,84.38521279934088,83.63646359503234,85.09840568365158,Estimación adecuada
Guaynabo,2015-2019,1,79.63090232574721,79.52097317777478,78.79210394684716,80.31431448555188,Estimación adecuada
Guaynabo,2015-2019,2,86.62280196774702,86.3581239822683,85.50377942775233,87.20484088075443,Estimación adecuada
Guaynabo,2020-2024,1,77.36899877443203,77.75943549301331,77.11215334944075,78.57500695627226,Estimación adecuada
Guaynabo,2020-2024,2,86.85241919025239,86.68699624044552,85.67886568001947,87.72459963261747,Estimación adecuada
Gurabo,1980-1984,1,72.10043466021936,72.18877977556025,70.84854588152118,73.18294622401075,Estimación adecuada
Gurabo,1980-1984,2,77.21298943234297,77.62547943049805,76.80692255424825,78.90163888922257,Estimación adecuada
Gurabo,1985-1989,1,72.09864341259255,72.10219322718979,70.71733813700558,73.40906515656621,Estimación adecuada
Gurabo,1985-1989,2,77.83980186096333,78.09047921433657,76.81599589198473,79.09076841001726,Estimación adecuada
Gurabo,1990-1994,1,70.06358422124045,70.7035043630812,69.83893945965693,71.7527883512395,Estimación adecuada
Gurabo,1990-1994,2,78.93586566639773,79.17680637066383,77.90969513870445,80.12760292610392,Estimación adecuada
Gurabo,1995-1999,1,72.62979875914179,72.48191521702735,71.5649956112494,73.34392036505645,Estimación adecuada
Gurabo,1995-1999,2,78.37596544908041,78.66271365584699,77.60208569095262,79.600794909533093,Estimación adecuada
Gurabo,2000-2004,1,73.72455425616529,73.9798644128723,73.15308670437278,74.86584608850782,Estimación adecuada
Gurabo,2000-2004,2,82.16347596555325,81.60865762100126,80.44714319767911,82.65728141981032,Estimación adecuada
Gurabo,2005-2009,1,75.38673648949066,75.5508265504511,74.42884634181092,76.60332310459454,Estimación adecuada
Gurabo,2005-2009,2,82.71710063140857,82.33780686075471,81.36226945773686,83.44391615087162,Estimación adecuada
Gurabo,2010-2014,1,75.74184183502217,76.31258545148015,75.23847076897613,77.23395610832955,Estimación adecuada
Gurabo,2010-2014,2,83.66012445857517,83.32108081980623,82.38754896455914,84.29405795987697,Estimación adecuada
Gurabo,2015-2019,1,77.82655629619259,78.11833632356561,77.1018675672099,79.0926360523562,Estimación adecuada
Gurabo,2015-2019,2,86.3751275135532,85.91963955646195,84.73344695752144,87.2165506990562,Estimación adecuada
Gurabo,2020-2024,1,78.1508349062683,77.93164967856015,76.83745882233274,79.0034677724524,Estimación adecuada
Gurabo,2020-2024,2,85.11563140762924,84.8322285779237,83.75607996731037,85.80928464161772,Estimación adecuada
Hatillo,1980-1984,1,71.99152036613721,72.27197694540835,71.15645069518618,73.19656044088646,Estimación adecuada
Hatillo,1980-1984,2,78.9802986931572,78.99862427788818,77.75644211966076,80.0742812326473,Estimación adecuada
Hatillo,1985-1989,1,72.73472078364017,72.42768879517232,71.60906149642139,73.57798043793534,Estimación adecuada
Hatillo,1985-1989,2,79.39464399636921,79.34764258496199,78.259528679245,80.47784274856858,Estimación adecuada
Hatillo,1990-1994,1,72.2998423174012,72.17182268164987,71.1210003079662,73.00219707100534,Estimación adecuada
Hatillo,1990-1994,2,78.56900864145167,78.31398495442988,77.30628750452613,79.12807554987069,Estimación adecuada
Hatillo,1995-1999,1,72.51848608651568,72.17807111525039,71.45565867022722,73.20168372806484,Estimación adecuada
Hatillo,1995-1999,2,78.33281615395789,78.29237372453375,77.40652729203354,79.34429739405373,Estimación adecuada
Hatillo,2000-2004,1,74.45467151298737,74.121170303296,73.28964184696622,74.78587368739525,Estimación adecuada
Hatillo,2000-2004,2,80.50637914886045,80.32400230574456,79.53609999514359,81.20734822287244,Estimación adecuada
Hatillo,2005-2009,1,75.71645524793598,75.26576509659336,74.48429607220854,76.04866425021325,Estimación adecuada
Hatillo,2005-2009,2,81.90357972932111,81.70111316740196,80.79027844322,82.81877427067596,Estimación adecuada
Hatillo,2010-2014,1,77.71502056183984,77.08474311572603,76.2899680223288,78.27044519084727,Estimación adecuada
Hatillo,2010-2014,2,83.87031312176076,83.5345868408215,82.54155919076754,84.53859145719213,Estimación adecuada
Hatillo,2015-2019,1,79.67724729389147,79.10850300988608,77.81206836563058,79.9795574043172,Estimación adecuada
Hatillo,2015-2019,2,84.83403759511111,84.51770771384892,83.40205316118531,85.69046710202721,Estimación adecuada
Hatillo,2020-2024,1,78.47632497278812,78.2658394770056,77.22645659919937,79.4818095253602,Estimación adecuada
Hatillo,2020-2024,2,86.14610937096411,85.16077638181073,84.2916887894088,86.34411602245055,Estimación adecuada
Hormigueros,1980-1984,1,74.05856561737721,73.63498257050448,72.28658978851641,74.83331182932685,Estimación adecuada
Hormigueros,1980-1984,2,79.84974137268954,80.31002056189713,78.54405200046023,82.52908143577636,Estimación adecuada
Hormigueros,1985-1989,1,73.08737524946572,73.01201877442372,71.64135791238539,74.19560911265539,Estimación adecuada
Hormigueros,1985-1989,2,77.720059693455,78.9728777366304,77.71200464040106,80.56642514584377,Estimación adecuada
Hormigueros,1990-1994,1,74.61350802067456,73.40911086775932,72.39994389169343,74.57225743838367,< e0 observado
Hormigueros,1990-1994,2,81.39461486989457,80.62055424575586,79.09727384193059,81.88801103166597,Estimación adecuada
Hormigueros,1995-1999,1,74.87703445651637,73.62394230431107,72.31888172105275,74.59960122296974,< e0 observado
Hormigueros,1995-1999,2,80.45280069334801,80.28574407079017,79.18978799605604,81.25819262961329,Estimación adecuada
Hormigueros,2000-2004,1,75.50618073944777,75.30360152008973,73.99617106818158,76.5586438665253,Estimación adecuada
Hormigueros,2000-2004,2,82.3521641939344,82.00302663293593,80.77998292557996,83.47368622662862,Estimación adecuada
Hormigueros,2005-2009,1,76.10054922666298,76.37572580415463,75.07722755301978,77.58680766842593,Estimación adecuada
Hormigueros,2005-2009,2,84.62944320284578,83.63845317024106,82.55332669099278,86.10312723777777,Estimación adecuada
Hormigueros,2010-2014,1,76.11918178416535,76.96051210499678,75.93509903138508,78.08490254075674,Estimación adecuada
Hormigueros,2010-2014,2,82.71051389712174,83.51571041828193,82.34932557289828,85.00535266443558,Estimación adecuada
Hormigueros,2015-2019,1,77.91392313609006,78.39528231696275,77.39440734592239,79.50856138606092,Estimación adecuada
Hormigueros,2015-2019,2,85.81866120513573,86.39664281429842,84.75787015096984,87.9665354152362,Estimación adecuada
Hormigueros,2020-2024,1,78.36911216509105,78.8138655950903,77.65519311582926,80.1211446586641,Estimación adecuada
Hormigueros,2020-2024,2,86.17552522276296,86.04660435154159,84.6150543471276,87.53613134480955,Estimación adecuada
Humacao,1980-1984,1,70.58258576927221,70.84143817345989,69.94460951311862,71.62447325693176,Estimación adecuada
Humacao,1980-1984,2,75.89477228552336,76.20463932336607,75.31924907023998,77.01305739859173,Estimación adecuada
Humacao,1985-1989,1,70.67071512913827,70.87529388740447,70.02028690906835,71.61314635867465,Estimación adecuada
Humacao,1985-1989,2,78.26869595391119,78.01219720834709,77.02887703757553,78.91200674255538,Estimación adecuada
Humacao,1990-1994,1,69.59966588678492,69.91489763241194,69.03650841796612,70.65137955947947,Estimación adecuada
Humacao,1990-1994,2,78.98527536141168,78.68004091431027,77.91482820430483,79.77497802994685,Estimación adecuada
Humacao,1995-1999,1,71.67034271113566,71.36633480794588,70.40905402689506,72.29604885486212,Estimación adecuada
Humacao,1995-1999,2,78.50994029948488,78.40551648354737,77.56386234463255,79.10095731205902,Estimación adecuada
Humacao,2000-2004,1,73.45461991775991,73.38379670094983,72.50013116014242,74.13209078144939,Estimación adecuada
Humacao,2000-2004,2,79.72370844675466,79.96546836957495,79.05364136963844,80.63914126411221,Estimación adecuada
Humacao,2005-2009,1,73.61846549183731,74.10111584682754,73.13127061786783,74.94926703403294,Estimación adecuada
Humacao,2005-2009,2,81.80291929231979,81.56394506346584,80.83072190416806,82.34389305465197,Estimación adecuada
Humacao,2010-2014,1,75.80326051258055,75.83837091715708,74.91361119959407,76.7647682890599,Estimación adecuada
Humacao,2010-2014,2,83.58584598942798,83.02318104504712,82.05333879912375,83.90073581439825,Estimación adecuada
Humacao,2015-2019,1,76.7386829389743,77.22962499788176,76.27209273110208,78.34292217595696,Estimación adecuada
Humacao,2015-2019,2,84.86787206578826,84.48263280554863,83.59701661965472,85.37228081793499,Estimación adecuada
Humacao,2020-2024,1,76.7404128820364,77.57283647428052,76.33633274244661,78.33535597682791,Estimación adecuada
Humacao,2020-2024,2,84.233200245355,84.24612847885066,83.28216593575897,85.29915342178094,Estimación adecuada
Isabela,1980-1984,1,73.09738020117423,72.89559323683937,71.83338408295407,73.89781485208948,Estimación adecuada
Isabela,1980-1984,2,77.82732250278018,77.8826920955247,76.93012180413004,78.76996055495252,Estimación adecuada
Isabela,1985-1989,1,71.58083949829111,71.56472002464925,70.45290107653875,72.44351906827094,Estimación adecuada
Isabela,1985-1989,2,78.50099967900502,78.30094104302847,77.29961204185284,79.35365539631499,Estimación adecuada
Isabela,1990-1994,1,72.0475169163787,71.60626122350402,70.84818484244873,72.59585882790142,Estimación adecuada
Isabela,1990-1994,2,78.52411999469241,78.34135737420996,77.32948212789998,79.25837348500221,Estimación adecuada
Isabela,1995-1999,1,71.86251133480623,71.53477974611273,70.73175085784906,72.19980949061454,Estimación adecuada
Isabela,1995-1999,2,79.50480811685766,79.4865575197096,78.65020642440595,80.26173728634909,Estimación adecuada
Isabela,2000-2004,1,73.31643311223908,73.3011687723581,72.4121760931552,74.01056548961151,Estimación adecuada
Isabela,2000-2004,2,79.66880055796743,79.66198140466048,78.98691759476483,80.46789737661469,Estimación adecuada
Isabela,2005-2009,1,75.53006169201437,74.8948556045594,74.00613116689863,75.83312990007143,Estimación adecuada
Isabela,2005-2009,2,80.46868606139569,80.5883118168035,79.76170563579046,81.44287239483455,Estimación adecuada
Isabela,2010-2014,1,76.3459756319445,76.06087082660042,75.3754226126185,77.04682902622059,Estimación adecuada
Isabela,2010-2014,2,82.99199255121863,82.5664534632952,81.68718906092502,83.55287897370468,Estimación adecuada
Isabela,2015-2019,1,78.28631956544136,77.80593955402225,76.8789781762766,78.94834562201822,Estimación adecuada
Isabela,2015-2019,2,84.46499781522432,84.08213783638058,83.04352456952788,85.13380855144976,Estimación adecuada
Isabela,2020-2024,1,78.44494383134611,77.56572765754476,76.81095997631911,78.37567206359145,< e0 observado
Isabela,2020-2024,2,84.54430409037892,84.77737002294026,83.8126531510824,86.08327320994354,Estimación adecuada
Jayuya,1980-1984,1,71.54820346169252,72.00407680684555,70.6601936880119,73.20775525886663,Estimación adecuada
Jayuya,1980-1984,2,75.83217282493807,77.3588505925247,75.99387245287187,78.66820336899916,> e0 observado
Jayuya,1985-1989,1,71.8852739133792,71.45020014086823,70.11774263931598,72.3984326855597,Estimación adecuada
Jayuya,1985-1989,2,75.89535009908417,77.34070290389262,76.0597680040444,78.64854643629133,> e0 observado
Jayuya,1990-1994,1,71.61501384784762,71.21620576907503,70.23786606683393,72.18147586888124,Estimación adecuada
Jayuya,1990-1994,2,76.60405912768891,78.37865476166166,76.76480941096239,79.9825641027962,> e0 observado
Jayuya,1995-1999,1,72.762612067533,72.23602757142797,70.9968816138097,73.37559647734425,Estimación adecuada
Jayuya,1995-1999,2,78.02341987371616,78.4678322255545,77.51261511282655,80.08471231865454,Estimación adecuada
Jayuya,2000-2004,1,74.804694975474,73.92634567319237,72.56004078216375,74.90031482655422,Estimación adecuada
Jayuya,2000-2004,2,82.26030453801704,81.55983577396884,80.17290819554,83.24278681889615,Estimación adecuada
Jayuya,2005-2009,1,76.29392429833622,75.58593401119471,74.30908472794974,76.92098558175962,Estimación adecuada
Jayuya,2005-2009,2,83.26574991380474,82.34980245696369,80.71487819627714,84.03170627455609,Estimación adecuada
Jayuya,2010-2014,1,77.86670993006521,77.0205748192636,75.86051724519515,78.1966289721698,Estimación adecuada
Jayuya,2010-2014,2,83.01935062086235,83.22136905762746,81.39642070302855,84.82525012320508,Estimación adecuada
Jayuya,2015-2019,1,79.09662441043547,78.19567611320329,77.00050904848632,79.69095350189869,Estimación adecuada
Jayuya,2015-2019,2,86.09536520292538,85.97415594969195,84.32792489894996,88.1902988215335,Estimación adecuada
Jayuya,2020-2024,1,80.33778345942194,79.3895221287581,77.91727139972576,80.83384997944387,Estimación adecuada
Jayuya,2020-2024,2,86.05790395955583,85.4887340180145,83.83871385475791,87.402095212805,Estimación adecuada
Juana Diaz,1980-1984,1,71.10192241498234,70.923809558713,69.85724704842437,71.94715834674702,Estimación adecuada
Juana Diaz,1980-1984,2,76.03760260059695,76.42887009123646,75.2456854219945,77.6363932898916,Estimación adecuada
Juana Diaz,1985-1989,1,70.59066146569734,70.74195222547057,69.60308761330876,71.41853187660416,Estimación adecuada
Juana Diaz,1985-1989,2,77.72376003285237,77.60739019209134,76.40841875006942,78.85102418767735,Estimación adecuada
Juana Diaz,1990-1994,1,70.59462619152536,70.70913523730235,69.74082664191947,71.61439472148385,Estimación adecuada
Juana Diaz,1990-1994,2,77.80758248720088,77.95017740129421,76.97052743547205,78.73931282382857,Estimación adecuada
Juana Diaz,1995-1999,1,70.63826210363753,70.66818248931129,69.94630075728153,71.3295781921756,Estimación adecuada
Juana Diaz,1995-1999,2,78.23721855538598,78.2735271371721,77.41743986618084,79.03424461294827,Estimación adecuada
Juana Diaz,2000-2004,1,72.42010194033637,72.69827237516785,72.01724949983371,73.50600247118987,Estimación adecuada
Juana Diaz,2000-2004,2,80.07095731748443,79.99707660888039,79.13666113470507,81.12686052680303,Estimación adecuada
Juana Diaz,2005-2009,1,74.09224072675535,74.25966272565186,73.331744051284,75.11649573242975,Estimación adecuada
Juana Diaz,2005-2009,2,81.70478408921697,81.37958256917912,80.1238472307338,82.48031327666959,Estimación adecuada
Juana Diaz,2010-2014,1,75.9826744595313,76.05791590336258,75.27452258000375,76.86188344509038,Estimación adecuada
Juana Diaz,2010-2014,2,82.91141974537287,82.59246005058742,81.61391064545171,83.61909391309123,Estimación adecuada
Juana Diaz,2015-2019,1,77.4756453319244,77.45096012750646,76.46723087852152,78.22896205142382,Estimación adecuada
Juana Diaz,2015-2019,2,86.60689455981232,85.75688330589497,84.59341526657963,87.1138790767996,Estimación adecuada
Juana Diaz,2020-2024,1,76.12481522857756,76.50075195060171,75.73665063004195,77.5541946993416,Estimación adecuada
Juana Diaz,2020-2024,2,86.09723573194701,85.2533661651262,84.12803005787177,86.55037846025155,Estimación adecuada
Juncos,1980-1984,1,70.4832974097173,70.77329128267496,69.73230316603332,71.65738768869613,Estimación adecuada
Juncos,1980-1984,2,77.17475536145652,77.14388183115287,76.26551778259997,78.2951312362438,Estimación adecuada
Juncos,1985-1989,1,69.32349287604664,69.82606220015518,69.0368759010467,70.97169529859168,Estimación adecuada
Juncos,1985-1989,2,77.84087141019062,77.46440475147259,76.48904032930068,78.80655854700987,Estimación adecuada
Juncos,1990-1994,1,69.26314387145591,69.77785053640432,68.6092050841576,70.71479368031481,Estimación adecuada
Juncos,1990-1994,2,78.64376251745605,78.40735706638134,77.45374792959781,79.49944804350106,Estimación adecuada
Juncos,1995-1999,1,70.43259716290989,70.71023541548637,69.72630050473865,71.79704434042134,Estimación adecuada
Juncos,1995-1999,2,78.88321244236762,78.71134628174994,77.50509659190809,79.87867469394867,Estimación adecuada
Juncos,2000-2004,1,73.50676785386435,73.33049316886408,72.48627811408343,74.32489750683817,Estimación adecuada
Juncos,2000-2004,2,80.82760129992721,80.2805090121526,79.50420616587101,81.42770203644673,Estimación adecuada
Juncos,2005-2009,1,72.5823719234395,73.08558142208918,72.28016209193032,74.04160121400808,Estimación adecuada
Juncos,2005-2009,2,80.29148928265256,80.2804627900637,79.40749398467574,81.48666555101678,Estimación adecuada
Juncos,2010-2014,1,74.05814861532626,74.70549965213571,73.74047903951342,75.7065076671777,Estimación adecuada
Juncos,2010-2014,2,82.42841718245143,82.49229590750818,81.36327099084957,83.84760893976875,Estimación adecuada
Juncos,2015-2019,1,76.99651467647962,76.93549067840857,76.09777545248181,77.84416895278949,Estimación adecuada
Juncos,2015-2019,2,83.23323259682593,83.34903004497895,82.40002209638448,84.67945674371937,Estimación adecuada
Juncos,2020-2024,1,76.96779959385644,76.65425370066535,75.59662719487645,77.61206233919609,Estimación adecuada
Juncos,2020-2024,2,85.00221618874696,84.42773784810903,83.2248337107048,86.0715364975849,Estimación adecuada
Lajas,1980-1984,1,72.46316902920564,72.17388668527784,70.95794239755753,73.08280518220042,Estimación adecuada
Lajas,1980-1984,2,77.35030656462364,77.85945926151041,76.71050629052137,79.13707971805576,Estimación adecuada
Lajas,1985-1989,1,73.36206024807198,72.54929706786677,71.39201615666289,73.68018383168913,Estimación adecuada
Lajas,1985-1989,2,77.65847465397064,77.66983046930424,76.86122905239336,78.62206663757506,Estimación adecuada
Lajas,1990-1994,1,72.37357825429245,72.0603362283889,70.95083555377695,73.22495366745952,Estimación adecuada
Lajas,1990-1994,2,79.66328406009775,79.32530370609734,78.44835002781264,80.29888957690662,Estimación adecuada
Lajas,1995-1999,1,72.56496891931091,72.10006670341156,71.15985130878546,73.051222744689,Estimación adecuada
Lajas,1995-1999,2,79.70456393493818,79.79738965046589,78.68038607958266,80.73324532307547,Estimación adecuada
Lajas,2000-2004,1,74.14208023792457,73.92303825827963,73.06923262599781,74.85336578700579,Estimación adecuada
Lajas,2000-2004,2,81.18752068509266,80.98613298229427,79.83235990226873,81.8300183954033,Estimación adecuada
Lajas,2005-2009,1,76.68683187769454,75.54641913861707,74.68558914738699,76.48092468589374,< e0 observado
Lajas,2005-2009,2,81.73140373208773,81.78258096336828,80.45341763825755,82.71352707730892,Estimación adecuada
Lajas,2010-2014,1,76.92095663234578,76.50786470379377,75.48412792912336,77.36780109039861,Estimación adecuada
Lajas,2010-2014,2,83.39940774512145,83.35576827877532,82.43388287776894,84.56138192934856,Estimación adecuada
Lajas,2015-2019,1,79.16417400599892,78.24571677649621,77.18089019483588,79.4224033713451,Estimación adecuada
Lajas,2015-2019,2,84.33383648976294,84.61705200536136,83.3521652231282,86.03208796953601,Estimación adecuada
Lajas,2020-2024,1,78.13171144418278,77.53825226681815,76.53866442028578,78.42003042170481,Estimación adecuada
Lajas,2020-2024,2,85.69664696158718,85.32561657895009,84.26115199549284,87.00025686921336,Estimación adecuada
Lares,1980-1984,1,70.93967460008611,71.5835773480651,70.80941854506952,72.6848538314261,Estimación adecuada
Lares,1980-1984,2,80.07304720190547,79.73520970827411,78.58802502814625,81.31893418707662,Estimación adecuada
Lares,1985-1989,1,72.07284835603735,72.18477553882208,71.49498135619667,73.26977435552541,Estimación adecuada
Lares,1985-1989,2,80.12906339800288,79.58171699830527,78.46144155679163,80.66508763871073,Estimación adecuada
Lares,1990-1994,1,71.99408741634562,71.93728001961317,70.79524466643619,73.12667453448756,Estimación adecuada
Lares,1990-1994,2,78.72924701770712,78.61146660488106,77.53560561760108,79.92267009498065,Estimación adecuada
Lares,1995-1999,1,74.58529726703922,73.87289091089963,72.73584662181246,74.93005829977002,Estimación adecuada
Lares,1995-1999,2,81.29595428708723,80.73683852051037,79.65897116275542,82.15012934428458,Estimación adecuada
Lares,2000-2004,1,75.1110712856121,74.75235419247275,73.76619328419002,75.59409048482883,Estimación adecuada
Lares,2000-2004,2,81.70641489338435,81.84021244629605,80.93237395371422,82.87638240741671,Estimación adecuada
Lares,2005-2009,1,76.5462882162104,75.69225661438936,74.57914122829501,76.73405857522056,Estimación adecuada
Lares,2005-2009,2,82.28400989612267,82.05230464416798,80.82121244305105,83.18695029165545,Estimación adecuada
Lares,2010-2014,1,79.39080265192932,78.43334136453622,77.57317463606559,79.8465329333776,Estimación adecuada
Lares,2010-2014,2,82.72140750112155,82.38796417229736,81.44426268700845,83.53555510584303,Estimación adecuada
Lares,2015-2019,1,78.13032401868809,77.92204474039414,76.84613064136371,78.82895360247255,Estimación adecuada
Lares,2015-2019,2,84.424471152182,84.3383435283315,83.46196851246657,85.55045829393916,Estimación adecuada
Lares,2020-2024,1,77.84495769277572,78.10794062082994,76.99190062352766,78.93412002945352,Estimación adecuada
Lares,2020-2024,2,84.10188803972103,84.50077178563045,83.65841165747743,85.96004500975101,Estimación adecuada
Las Marias,1980-1984,1,73.81563474744125,73.3701671087482,71.95284249846617,75.24568193633672,Estimación adecuada
Las Marias,1980-1984,2,83.88520673112671,81.04191760366166,79.39780735276861,83.55088164947203,< e0 observado
Las Marias,1985-1989,1,73.62469730038673,73.23447221277186,72.05374155963113,74.77963830729036,Estimación adecuada
Las Marias,1985-1989,2,78.14820547870697,79.7366369610653,78.21006995152985,81.24341106253996,> e0 observado
Las Marias,1990-1994,1,74.00881730690156,73.2912794132624,71.85376084013453,74.59615032181475,Estimación adecuada
Las Marias,1990-1994,2,80.22328205184606,80.59946415552723,79.15397522262802,82.84831735820043,Estimación adecuada
Las Marias,1995-1999,1,75.13206537448636,73.88358405299513,72.28147116658373,75.36439269606478,Estimación adecuada
Las Marias,1995-1999,2,81.22000339132549,81.03815517238573,79.513153756529,83.05380720331715,Estimación adecuada
Las Marias,2000-2004,1,77.0746887546824,75.76538987737219,74.36281044827314,77.15303970515433,Estimación adecuada
Las Marias,2000-2004,2,81.22993587246654,82.61337653183018,80.80228477342908,84.67352493236739,Estimación adecuada
Las Marias,2005-2009,1,78.94241289794024,77.14405177819654,75.78848337071574,78.79118228272664,< e0 observado
Las Marias,2005-2009,2,82.45741722564794,83.53884710322521,81.5120089484325,85.91459371728017,Estimación adecuada
Las Marias,2010-2014,1,78.9874533300309,77.57948053719676,76.20316275168321,78.63623450110174,< e0 observado
Las Marias,2010-2014,2,85.68826589307866,85.0156681549754,83.43001177869999,87.22482646068546,Estimación adecuada
Las Marias,2015-2019,1,78.44180353450636,79.26214644273568,77.66202594494777,80.79722447817308,Estimación adecuada
Las Marias,2015-2019,2,86.2119644760504,86.185877283815,84.13998344899008,88.46995031909077,Estimación adecuada
Las Marias,2020-2024,1,78.65869602395698,79.04116704894778,77.59884717884356,80.69004875865096,Estimación adecuada
Las Marias,2020-2024,2,88.4892406052294,87.57301966458706,85.20758305292459,89.91979876380123,Estimación adecuada
Las Piedras,1980-1984,1,72.4628953772312,72.75334230942318,71.56859868469333,73.68400961443916,Estimación adecuada
Las Piedras,1980-1984,2,77.65886672068534,77.9460835682003,76.84259235615649,79.10842465390398,Estimación adecuada
Las Piedras,1985-1989,1,72.6175420547073,72.3763209873687,71.30130168825968,73.46242132532984,Estimación adecuada
Las Piedras,1985-1989,2,79.00116087428613,78.93957311060137,77.88181978446516,80.27266155284568,Estimación adecuada
Las Piedras,1990-1994,1,71.55978947014577,71.80964613742906,70.72977620239578,73.172408546311,Estimación adecuada
Las Piedras,1990-1994,2,78.8936505301308,78.83555219844774,77.86867664831553,79.98141339448986,Estimación adecuada
Las Piedras,1995-1999,1,73.7555375015721,72.95056170763374,71.98538511354789,74.08115706274776,Estimación adecuada
Las Piedras,1995-1999,2,79.79933667371475,79.60525227966352,78.41173084147105,80.78535402062009,Estimación adecuada
Las Piedras,2000-2004,1,74.83778165388009,74.52524408107942,73.692276725742,75.69235848786894,Estimación adecuada
Las Piedras,2000-2004,2,80.54014043533199,80.50417273492164,79.46453239123726,81.41853794402874,Estimación adecuada
Las Piedras,2005-2009,1,76.55584156350447,75.87023037660836,74.87174313994672,76.83188606226034,Estimación adecuada
Las Piedras,2005-2009,2,82.30870059101942,82.42527911455879,81.198099800703,83.68258910306614,Estimación adecuada
Las Piedras,2010-2014,1,75.93351372986655,76.49446647102339,75.46602959041556,77.45908100329005,Estimación adecuada
Las Piedras,2010-2014,2,82.5650052808105,82.73886226584725,81.63176553956563,83.82770526106614,Estimación adecuada
Las Piedras,2015-2019,1,78.58935894309695,78.32216212907153,77.37795115790394,79.55279422186052,Estimación adecuada
Las Piedras,2015-2019,2,85.3607640329745,85.10987942166577,84.05210950971919,86.50633377825383,Estimación adecuada
Las Piedras,2020-2024,1,77.65607135099413,78.00751568451204,76.91231800995608,79.02852299542263,Estimación adecuada
Las Piedras,2020-2024,2,85.02534012586074,84.85749808095068,83.84414946826388,85.91206693186014,Estimación adecuada
Loiza,1980-1984,1,71.29708119790713,70.80766165097236,69.34282357825512,71.961010316635,Estimación adecuada
Loiza,1980-1984,2,77.96280313581073,77.54856064173069,76.0820056583849,79.02687591582452,Estimación adecuada
Loiza,1985-1989,1,71.11235934077855,70.74929412824783,69.37210661842057,71.95904645641673,Estimación adecuada
Loiza,1985-1989,2,79.76441464134875,78.68189633727782,77.32383428120035,79.98140981626366,Estimación adecuada
Loiza,1990-1994,1,68.65505357436209,69.31092755977697,68.33422459599484,70.45024165335423,Estimación adecuada
Loiza,1990-1994,2,77.83527198679872,77.92789690487209,76.90357365103046,79.16950850274566,Estimación adecuada
Loiza,1995-1999,1,67.54575668322258,69.05636012101274,67.97934133696381,70.25295005242538,> e0 observado
Loiza,1995-1999,2,80.44991909621369,79.67132720603004,78.30949633225976,80.90097565930917,Estimación adecuada
Loiza,2000-2004,1,69.21795433977262,71.14835130336127,69.86956760127802,72.37309715414543,> e0 observado
Loiza,2000-2004,2,83.71722475677984,82.19188802701603,80.65638877974331,84.00250250635588,Estimación adecuada
Loiza,2005-2009,1,69.49244819404063,71.6959149803934,70.54270834861214,72.7660657617764,> e0 observado
Loiza,2005-2009,2,81.62588342717608,81.2940605443612,79.98441094365245,82.37697560437849,Estimación adecuada
Loiza,2010-2014,1,72.71620374599513,74.47278055212985,73.39638885815421,75.82007282037108,> e0 observado
Loiza,2010-2014,2,83.22740715687155,82.75905166279824,81.50601511380486,84.24724958385039,Estimación adecuada
Loiza,2015-2019,1,76.42256809809959,76.58092450899042,75.3832373084907,77.88925591937547,Estimación adecuada
Loiza,2015-2019,2,84.58243093379357,84.41393389824512,83.31807752165409,85.82663182766171,Estimación adecuada
Loiza,2020-2024,1,74.30071613355503,75.71774072265555,74.56014377184206,76.82049176802339,> e0 observado
Loiza,2020-2024,2,85.89228425330265,85.24434913183055,83.57353700299294,87.08704333942455,Estimación adecuada
Luquillo,1980-1984,1,71.32237106066451,70.89491855181433,69.73211670239871,72.30804342138484,Estimación adecuada
Luquillo,1980-1984,2,96.21054523115929,80.27589292324892,78.27853817253529,82.84202122445998,< e0 observado
Luquillo,1985-1989,1,70.58391307233262,70.59070729076475,69.32572142652636,72.00017773772203,Estimación adecuada
Luquillo,1985-1989,2,75.85277823303889,76.6020212898119,75.57965231446562,78.3629287922843,Estimación adecuada
Luquillo,1990-1994,1,69.78687362564872,69.91798894531914,68.77555079582427,71.26231168516938,Estimación adecuada
Luquillo,1990-1994,2,78.65540822491414,78.2817104191833,77.10517358866011,79.71584361958301,Estimación adecuada
Luquillo,1995-1999,1,68.84529148191722,69.48868285405418,68.06260192157967,70.6634705301648,Estimación adecuada
Luquillo,1995-1999,2,77.57073371934368,77.9844961490539,76.66062997751638,79.3077822757862,Estimación adecuada
Luquillo,2000-2004,1,71.56692809461028,72.0309995690686,70.88460230917272,73.26357108794349,Estimación adecuada
Luquillo,2000-2004,2,80.93857359304148,80.57235275089977,79.2912148527569,82.05488070648117,Estimación adecuada
Luquillo,2005-2009,1,73.66197666420697,73.88872314010112,72.7940406957224,75.15743981636317,Estimación adecuada
Luquillo,2005-2009,2,80.16453384109049,80.37426028574697,79.11511893669146,81.52939131235138,Estimación adecuada
Luquillo,2010-2014,1,74.125398030716255,75.06804411439825,73.76012181589745,76.19111957869653,Estimación adecuada
Luquillo,2010-2014,2,83.56937802942338,82.96757072160776,81.86627488606102,84.32106539610155,Estimación adecuada
Luquillo,2015-2019,1,78.24158315716944,77.15278773018639,75.802520631790685,78.36201895301329,Estimación adecuada
Luquillo,2015-2019,2,86.16375324393145,85.29340586449207,83.70467385958874,87.33270006791463,Estimación adecuada
Luquillo,2020-2024,1,76.82778593702754,76.63705357301181,75.17100090492698,77.93483385050465,Estimación adecuada
Luquillo,2020-2024,2,84.96686508096819,84.55223750102391,83.13614904293267,86.00121327922967,Estimación adecuada
Manati,1980-1984,1,69.99769254598455,70.19191500867329,69.44298996788879,71.19443987757062,Estimación adecuada
Manati,1980-1984,2,76.91897319341015,76.98762640179916,76.03043090049871,77.9900537779144,Estimación adecuada
Manati,1985-1989,1,69.40848405753856,69.94851732525098,69.15852377730917,70.7949399728968,Estimación adecuada
Manati,1985-1989,2,78.1365208528677,77.99145974336516,76.91628487337266,79.44121143123539,Estimación adecuada
Manati,1990-1994,1,69.23507276864738,69.86658080178115,68.77786383170329,70.85673772971805,Estimación adecuada
Manati,1990-1994,2,78.13694859634435,77.94137284224496,77.0093250614079,79.13166519710873,Estimación adecuada
Manati,1995-1999,1,70.56621278613628,70.75493111220635,69.85691047508377,71.55462271550769,Estimación adecuada
Manati,1995-1999,2,78.18010801536123,78.31218616427155,77.5589405017202,79.17322177740081,Estimación adecuada
Manati,2000-2004,1,73.5059956746808,73.19839899633112,72.34891035649653,73.9678994435767,Estimación adecuada
Manati,2000-2004,2,79.921946292628,79.7738387675619,78.99069284793397,80.64292603191497,Estimación adecuada
Manati,2005-2009,1,74.42317304268016,74.4498344860695,73.66885879980686,75.36275070514809,Estimación adecuada
Manati,2005-2009,2,81.69558612867581,81.19490208998286,80.4343715377085,82.42609613368116,Estimación adecuada
Manati,2010-2014,1,75.79949582054559,75.76315977539494,74.85253319738894,76.59120188155569,Estimación adecuada
Manati,2010-2014,2,82.46392723255103,82.06940093476089,81.23627424395471,82.96938184640926,Estimación adecuada
Manati,2015-2019,1,76.50082129222024,76.87740633873949,75.7601674561682,77.80434732056341,Estimación adecuada
Manati,2015-2019,2,84.47543845885097,83.99067698473024,83.1451710593141,85.01564594910127,Estimación adecuada
Manati,2020-2024,1,76.6410779362147,76.61160802109322,75.66041451967632,77.52010481333558,Estimación adecuada
Manati,2020-2024,2,84.79279277649533,84.59097913487105,83.5437302800432,85.46680542254381,Estimación adecuada
Maricao,1980-1984,1,68.60202825310121,71.45629814517767,70.21261132413346,72.92950440205666,> e0 observado
Maricao,1980-1984,2,78.09479107390814,79.0765702941603,77.0711318374218,81.12039258215526,Estimación adecuada
Maricao,1985-1989,1,74.96773339223955,73.07912476645164,71.27325052841984,74.57149936466195,< e0 observado
Maricao,1985-1989,2,78.61629942834107,79.5114053148609,77.38455967705562,81.99821615126811,Estimación adecuada
Maricao,1990-1994,1,71.6682444194189,71.70193320552576,70.24674040401203,73.26877026395042,Estimación adecuada
Maricao,1990-1994,2,78.7855059436943,79.77732928136771,78.21621379157341,81.7612185475169,Estimación adecuada
Maricao,1995-1999,1,71.33878340346546,71.84879166971439,70.51708010626285,73.76363354104632,Estimación adecuada
Maricao,1995-1999,2,78.99834861586001,80.26440990576002,78.38290166522661,82.4359989793856,Estimación adecuada
Maricao,2000-2004,1,77.71513177879464,75.29764360750875,74.0042262843647,76.97371319741504,< e0 observado
Maricao,2000-2004,2,80.22542908124815,81.88557850820206,79.36842247451543,83.96009773800543,Estimación adecuada
Maricao,2005-2009,1,77.40367339569201,75.63881773807887,74.10866430224064,77.45519838923232,Estimación adecuada
Maricao,2005-2009,2,82.65920888615886,82.9973047611723,81.46796851403977,85.13654590757332,Estimación adecuada
Maricao,2010-2014,1,78.78632855189304,77.38416820271888,75.57337284228328,78.9772959708915,Estimación adecuada
Maricao,2010-2014,2,86.34203171038145,85.83721733065599,83.58814380167762,88.57733936813582,Estimación adecuada
Maricao,2015-2019,1,75.94252949549474,78.11086035156991,76.41557726227991,79.6998091339549,> e0 observado
Maricao,2015-2019,2,88.98166952275554,86.82288737360074,84.31733759016922,90.0036623446655,Estimación adecuada
Maricao,2020-2024,1,78.97029384636113,78.33225449311207,75.95144887853996,80.44636129636152,Estimación adecuada
Maricao,2020-2024,2,84.52027651105944,84.08480300142126,82.71170014193859,86.36952089026201,Estimación adecuada
Maunabo,1980-1984,1,71.14680086853208,71.75412723621967,70.12264626109351,73.08891389816519,Estimación adecuada
Maunabo,1980-1984,2,78.1067644645637,78.2980041700618,76.8285611296925,80.01787624259688,Estimación adecuada
Maunabo,1985-1989,1,73.14754634531097,72.08837880673538,70.98320448227543,73.4637121631815,Estimación adecuada
Maunabo,1985-1989,2,80.26716511735238,79.36108137716991,77.63060536963894,81.18135723524323,Estimación adecuada
Maunabo,1990-1994,1,72.41659695481869,72.04363838878314,70.6221642337064,73.262314851888,Estimación adecuada
Maunabo,1990-1994,2,80.63599878230829,79.9597450164895,78.56261485205104,81.56479267195121,Estimación adecuada
Maunabo,1995-1999,1,71.29560582062038,71.46724641313381,70.17330057762726,72.94012092066627,Estimación adecuada
Maunabo,1995-1999,2,79.21035551708708,79.84021308449368,78.16206702753881,81.33606088720299,Estimación adecuada
Maunabo,2000-2004,1,73.80432839475543,73.87372549229154,72.6264738797574,75.05668978346642,Estimación adecuada
Maunabo,2000-2004,2,81.50289326156216,81.22032861951715,79.5544941856734,82.76298160506528,Estimación adecuada
Maunabo,2005-2009,1,74.64232752557565,74.2782306417821,73.19417317432433,75.35468088797501,Estimación adecuada
Maunabo,2005-2009,2,82.94220641756984,83.0371356003229,81.22666103712496,85.30084602347259,Estimación adecuada
Maunabo,2010-2014,1,74.8339607817344,75.48476783081036,74.3763300341671,76.44195498572616,Estimación adecuada
Maunabo,2010-2014,2,84.96652627183896,84.66970668385353,82.84348322825888,87.17454063276973,Estimación adecuada
Maunabo,2015-2019,1,78.86941488241771,77.75715967942111,76.51739155104684,78.85979123506667,< e0 observado
Maunabo,2015-2019,2,85.85027789954904,85.31547058012444,83.92515154690133,87.96161258543137,Estimación adecuada
Maunabo,2020-2024,1,73.9175174535675,76.44107451259433,75.07636547074267,77.51772188731232,> e0 observado
Maunabo,2020-2024,2,82.49945155414667,82.97531573549074,81.9590037330533,84.7718198616856,Estimación adecuada
Mayaguez,1980-1984,1,70.16347210674796,70.3118053146966,69.72827996028661,70.87867479196302,Estimación adecuada
Mayaguez,1980-1984,2,77.60512196844877,77.31816406603713,76.68045316450832,78.129007670641,Estimación adecuada
Mayaguez,1985-1989,1,70.43422694514761,70.52197126178069,69.89374074720791,71.1480610616853,Estimación adecuada
Mayaguez,1985-1989,2,77.94340408933364,77.77771939754024,77.08847140074533,78.38610874895058,Estimación adecuada
Mayaguez,1990-1994,1,70.24642591292358,70.25913886776846,69.77193538513308,70.9711077067828,Estimación adecuada
Mayaguez,1990-1994,2,78.67215935241931,78.4593982449699,77.85588501315053,79.19317753680188,Estimación adecuada
Mayaguez,1995-1999,1,70.79228679899191,70.96050644177768,70.27370411055358,71.53680500903633,Estimación adecuada
Mayaguez,1995-1999,2,79.57023177554109,79.3817861824426,78.84435011268683,80.0498405494819,Estimación adecuada
Mayaguez,2000-2004,1,73.63502357565517,73.56911802859099,72.88136108386709,74.09015903530417,Estimación adecuada
Mayaguez,2000-2004,2,81.32752458798765,81.06612749778849,80.45084674062865,81.72486756293654,Estimación adecuada
Mayaguez,2005-2009,1,73.96494214443702,74.10006740785445,73.43843848401413,74.8560071133325,Estimación adecuada
Mayaguez,2005-2009,2,81.49974889865346,81.30954859068657,80.68991042130898,82.01734279142964,Estimación adecuada
Mayaguez,2010-2014,1,74.96249416874119,74.98573382938844,74.43617269706583,75.67504714062504,Estimación adecuada
Mayaguez,2010-2014,2,82.81805760395481,82.77777541410853,82.0886770872466,83.49256922557831,Estimación adecuada
Mayaguez,2015-2019,1,77.18178911462695,77.3637640034717,76.44333757682176,78.1350420440896,Estimación adecuada
Mayaguez,2015-2019,2,85.03789447163464,84.9322359793889,84.01415091267228,85.84859567245311,Estimación adecuada
Mayaguez,2020-2024,1,76.09571809909919,76.4249467076828,75.47128925328077,77.57936008472666,Estimación adecuada
Mayaguez,2020-2024,2,84.85251261520094,84.9202105092458,84.07218113461172,85.81311778395116,Estimación adecuada
Moca,1980-1984,1,71.47861356859958,72.22918646306042,71.40101383640277,73.29229176273793,Estimación adecuada
Moca,1980-1984,2,77.57729967024724,78.14493274331527,76.98395526525167,79.57299861395313,Estimación adecuada
Moca,1985-1989,1,74.13223338906987,73.44421228064877,72.38230633951224,74.30929954261413,Estimación adecuada
Moca,1985-1989,2,78.76717836323876,78.8093988936208,77.87521947156162,80.03426886971344,Estimación adecuada
Moca,1990-1994,1,74.38613122856178,73.69617013429787,72.44647467548444,74.86646216133192,Estimación adecuada
Moca,1990-1994,2,79.33086248782432,79.07617719529264,77.94344642754231,80.4770284988036,Estimación adecuada
Moca,1995-1999,1,73.93016893221346,73.44717449146808,72.11316362281181,74.19859555858045,Estimación adecuada
Moca,1995-1999,2,79.92298518560595,79.65165214707261,78.65930913034167,80.62040832646844,Estimación adecuada
Moca,2000-2004,1,76.88913106198095,75.85233810452618,74.97513332280124,76.92949693593361,Estimación adecuada
Moca,2000-2004,2,81.20152141336699,81.48624559030236,80.48788426846549,82.55270936856492,Estimación adecuada
Moca,2005-2009,1,78.23027972920578,77.1987585268884,76.40655046122741,78.3116743995836,Estimación adecuada
Moca,2005-2009,2,81.64729368972594,81.94962251806946,80.78715429619038,82.86575752704672,Estimación adecuada
Moca,2010-2014,1,78.39894219071823,77.8823947022721,77.05202398777153,78.85270381754518,Estimación adecuada
Moca,2010-2014,2,82.3431083414248,82.63844878326262,81.35374216971879,83.61399013178578,Estimación adecuada
Moca,2015-2019,1,78.86942315370179,78.64692280229127,77.57394462886737,79.67022179403168,Estimación adecuada
Moca,2015-2019,2,85.12050775808935,85.05300979531309,83.88458124233762,86.33837261214686,Estimación adecuada
Moca,2020-2024,1,79.5196148813842,79.20536240439273,78.17128115729494,79.98860829567573,Estimación adecuada
Moca,2020-2024,2,84.83463123511952,84.93217634131659,83.99540225966399,86.01293030550192,Estimación adecuada
Morovis,1980-1984,1,72.75449760171898,72.74715263897389,71.37983535377884,73.8139675465092,Estimación adecuada
Morovis,1980-1984,2,79.58978615306602,79.63819425196526,78.3597583708709,81.3599381233222,Estimación adecuada
Morovis,1985-1989,1,73.00155031190296,72.69684249453215,71.97957724905018,73.95138590230293,Estimación adecuada
Morovis,1985-1989,2,79.18909920848033,79.19418286222648,77.89524397330749,80.21991107480844,Estimación adecuada
Morovis,1990-1994,1,74.7129408866261,73.6234834677748,72.34096169800483,74.76222312393237,Estimación adecuada
Morovis,1990-1994,2,79.13950712220092,79.33169059162708,78.22629284488424,80.35729469851879,Estimación adecuada
Morovis,1995-1999,1,72.82153464768288,72.81423751406005,71.4832454679608,73.63397895741451,Estimación adecuada
Morovis,1995-1999,2,80.70735984476201,80.68919832973054,79.27031435254983,82.09066114854183,Estimación adecuada
Morovis,2000-2004,1,74.10293235770516,74.67219852625763,73.21647806864313,75.43172722575588,Estimación adecuada
Morovis,2000-2004,2,82.09073872809745,82.00192005388013,80.92963196579561,83.65100548737846,Estimación adecuada
Morovis,2005-2009,1,76.91529332323657,76.0928247788668,75.2605181126984,77.1166297525223,Estimación adecuada
Morovis,2005-2009,2,83.05104709140619,82.92648857640404,81.66775603270415,84.27823800211682,Estimación adecuada
Morovis,2010-2014,1,77.08123150152963,77.34238138713414,76.19700412262051,78.29065771441611,Estimación adecuada
Morovis,2010-2014,2,83.34182688922566,83.24495224116623,81.95441888446683,84.74078489682702,Estimación adecuada
Morovis,2015-2019,1,78.96515859481998,78.35968898479967,77.51542456871005,79.45560381674014,Estimación adecuada
Morovis,2015-2019,2,87.15880943526801,86.25902469900768,84.6467226179607,87.9151076940513,Estimación adecuada
Morovis,2020-2024,1,78.2458123408178,78.60031689300556,77.59856321709873,79.56644697158862,Estimación adecuada
Morovis,2020-2024,2,84.91369846953171,85.5557562884632,84.36501798528343,87.26851173942629,Estimación adecuada
Naguabo,1980-1984,1,71.84412346105836,71.71699045266554,70.2414614992246,72.89503284014242,Estimación adecuada
Naguabo,1980-1984,2,76.70981740677908,76.7004133133103,75.42597225063258,78.30189410654123,Estimación adecuada
Naguabo,1985-1989,1,70.3877807756849,70.67102509615103,69.5593377527504,71.58888706348942,Estimación adecuada
Naguabo,1985-1989,2,77.29975247108982,77.15124207390664,75.6703465072246,78.03899886909217,Estimación adecuada
Naguabo,1990-1994,1,69.935755323165,70.05481729969307,68.7420344273568,71.46056158749258,Estimación adecuada
Naguabo,1990-1994,2,77.27690861530172,77.76547598849116,76.4191916413262,78.78200079818086,Estimación adecuada
Naguabo,1995-1999,1,69.72322516574484,70.29977494090245,69.45106647011356,71.20729095740047,Estimación adecuada
Naguabo,1995-1999,2,76.82881627212045,77.25767807041233,76.21323806310357,78.21237145939084,Estimación adecuada
Naguabo,2000-2004,1,72.06654411146116,72.23736001738045,71.27214878383992,73.20123691722307,Estimación adecuada
Naguabo,2000-2004,2,79.7628328934226,80.00033649454022,78.95198541352936,81.23006474517598,Estimación adecuada
Naguabo,2005-2009,1,73.77862572143668,73.90745466022724,72.73788050483057,75.03724097486554,Estimación adecuada
Naguabo,2005-2009,2,80.62404690696854,80.86485077408923,79.66273188699503,82.41997375059788,Estimación adecuada
Naguabo,2010-2014,1,75.11164062971052,75.04385763768674,73.88859018022038,76.33309443983788,Estimación adecuada
Naguabo,2010-2014,2,82.93958682980916,82.32806017360991,81.20947791370807,83.58967514869693,Estimación adecuada
Naguabo,2015-2019,1,76.26882750450046,76.17365850613731,74.91760783236596,77.53795680632746,Estimación adecuada
Naguabo,2015-2019,2,84.83022686610576,84.3747021013815,83.03182674346365,85.72932081361739,Estimación adecuada
Naguabo,2020-2024,1,77.23171232523964,76.83299357898113,75.86714609926855,78.02943564454247,Estimación adecuada
Naguabo,2020-2024,2,83.84568426869097,83.75803957748417,82.41798860059313,85.27964042704994,Estimación adecuada
Naranjito,1980-1984,1,74.98820136337291,74.2120632839333,73.1686391044131,75.60517012096875,Estimación adecuada
Naranjito,1980-1984,2,82.09597951709326,80.52658254681347,79.38406350856064,82.26860811528933,Estimación adecuada
Naranjito,1985-1989,1,74.14321504502335,73.32299975699581,72.19600031413992,74.37167011008275,Estimación adecuada
Naranjito,1985-1989,2,81.17666750110004,80.55876948486372,79.03783764023669,82.15203614110851,Estimación adecuada
Naranjito,1990-1994,1,72.65469281143538,72.75065318829272,71.83769594677986,74.12571012218247,Estimación adecuada
Naranjito,1990-1994,2,80.53672985190586,80.65196885798863,79.16878698303206,82.235873132796,Estimación adecuada
Naranjito,1995-1999,1,71.78384170584214,71.9900365690241,71.1417764654625,72.96201153502726,Estimación adecuada
Naranjito,1995-1999,2,81.60503745588989,81.1036981740514,79.90907815966386,82.46478152863895,Estimación adecuada
Naranjito,2000-2004,1,75.02066724722975,74.89406709184372,73.77149245394767,76.08041980126347,Estimación adecuada
Naranjito,2000-2004,2,82.02786957174214,81.91539693122516,80.6989615152238,83.83051901770517,Estimación adecuada
Naranjito,2005-2009,1,75.97305227428454,76.08393025715796,74.92866871226728,77.35938527136369,Estimación adecuada
Naranjito,2005-2009,2,81.50399850212823,82.02335694046302,80.64473695608237,83.18960473837507,Estimación adecuada
Naranjito,2010-2014,1,78.20596950921357,77.53039402654619,76.5535580008144,78.63628288409025,Estimación adecuada
Naranjito,2010-2014,2,82.65441935713193,83.49168140979745,82.36126517113354,84.59035067560828,Estimación adecuada
Naranjito,2015-2019,1,79.79942567224485,79.66611323049864,78.48058593318895,80.91325050602063,Estimación adecuada
Naranjito,2015-2019,2,86.72388771081324,86.64617901259598,85.5499264114103,88.50904980056862,Estimación adecuada
Naranjito,2020-2024,1,76.58250173203984,77.6203420208002,76.47110120282261,78.78970225059882,Estimación adecuada
Naranjito,2020-2024,2,85.5864530860636,85.21176827594357,84.04367584575648,86.35335571079156,Estimación adecuada
Orocovis,1980-1984,1,73.68697408485414,73.45870196385238,72.05676240908772,74.9605932488573,Estimación adecuada
Orocovis,1980-1984,2,79.52890987399995,79.24990389857464,77.77473639471467,80.46013879666171,Estimación adecuada
Orocovis,1985-1989,1,72.86313442913975,72.74145792777944,71.7590881709375,73.99628264921496,Estimación adecuada
Orocovis,1985-1989,2,83.00284611084997,81.2336094022485,79.49962101180682,82.71482361877682,< e0 observado
Orocovis,1990-1994,1,70.6546043654978,71.48234176886979,70.29520380560591,72.74124822153341,Estimación adecuada
Orocovis,1990-1994,2,80.6362204849656,80.22934865226753,79.24408500545917,82.0339400452204,Estimación adecuada
Orocovis,1995-1999,1,73.67698769121861,73.18075863007584,72.07806830314829,74.14010082145164,Estimación adecuada
Orocovis,1995-1999,2,79.89715435282756,80.14621245211455,78.8219712714475,81.22253632898324,Estimación adecuada
Orocovis,2000-2004,1,74.30531059061678,74.48264516361543,73.18096541686373,75.5450911780211,Estimación adecuada
Orocovis,2000-2004,2,82.7682053865501,82.35513858539002,80.94989235153145,84.15671532127104,Estimación adecuada
Orocovis,2005-2009,1,75.65599075985115,75.6322977747951,74.73808980323898,76.77846855563058,Estimación adecuada
Orocovis,2005-2009,2,81.23465089468093,81.61647774259387,80.39770757120496,82.92161440672004,Estimación adecuada
Orocovis,2010-2014,1,78.72609688729915,77.72602950758633,76.6764543050148,78.9472999439163,Estimación adecuada
Orocovis,2010-2014,2,83.46032948812693,83.29368011219422,82.22804084650932,84.72406817508929,Estimación adecuada
Orocovis,2015-2019,1,78.31348130255999,77.99825377385946,76.76373196826582,79.25263955923093,Estimación adecuada
Orocovis,2015-2019,2,84.96910673692187,85.2566225801136,83.92400477274559,86.93971858212575,Estimación adecuada
Orocovis,2020-2024,1,77.80883766643083,78.59595814178259,77.43592038798806,80.03921657042272,Estimación adecuada
Orocovis,2020-2024,2,84.81893104480201,84.8426758876753,83.48857150087974,86.57644188461079,Estimación adecuada
Patillas,1980-1984,1,71.2919207839744,71.68440101673443,70.79271526931984,72.95281505268204,Estimación adecuada
Patillas,1980-1984,2,77.55331848134108,77.65920048994307,76.43136104235894,78.80531015442853,Estimación adecuada
Patillas,1985-1989,1,71.37552114824256,70.97867208464314,70.02458217113505,71.99420506597723,Estimación adecuada
Patillas,1985-1989,2,79.24042850774778,78.6464624976754,77.30015201161282,79.97077697071572,Estimación adecuada
Patillas,1990-1994,1,72.50760666915836,71.50896168253183,70.30550818648939,72.64281155762205,Estimación adecuada
Patillas,1990-1994,2,78.396020908419,78.35971709064556,77.11549892911384,80.09919610277717,Estimación adecuada
Patillas,1995-1999,1,71.16809015939647,71.34779215309885,70.14149799699388,72.59562318628187,Estimación adecuada
Patillas,1995-1999,2,78.52476688729733,78.1820132118151,76.90700861391007,79.79560823340346,Estimación adecuada
Patillas,2000-2004,1,73.84030571885792,73.4437243455515,72.31338798755824,74.58153940955907,Estimación adecuada
Patillas,2000-2004,2,80.28524555250978,80.68797837045233,79.2446992864678,81.9924560223454,Estimación adecuada
Patillas,2005-2009,1,74.71797456893655,74.33206940344053,73.33595507458602,75.52292980482538,Estimación adecuada
Patillas,2005-2009,2,82.37229150118687,81.55514946277022,80.51442154602043,83.16313201190476,Estimación adecuada
Patillas,2010-2014,1,75.64302541877272,76.08625688468265,74.90292247825903,77.27388692989376,Estimación adecuada
Patillas,2010-2014,2,82.97344642216791,83.1291402994686,81.826534085025,85.02680394099733,Estimación adecuada
Patillas,2015-2019,1,77.44243369136635,77.38574135522904,75.80597658253635,78.72029552591444,Estimación adecuada
Patillas,2015-2019,2,85.62464985032581,85.73657868974581,84.27316450644524,87.51144008460744,Estimación adecuada
Patillas,2020-2024,1,75.4428131511174,76.4914900415873,75.20050887160704,77.44308341335031,Estimación adecuada
Patillas,2020-2024,2,83.73266646624228,85.52305799926214,83.76964418201129,87.71284904531078,> e0 observado
Penuelas,1980-1984,1,72.35786944424055,71.73659150016596,70.38727294359909,72.8289803161259,Estimación adecuada
Penuelas,1980-1984,2,77.42169553222374,77.65230154699658,76.31507506917816,79.14121295582589,Estimación adecuada
Penuelas,1985-1989,1,72.76539154925341,71.84208199153778,70.86214550692569,73.07626885131432,Estimación adecuada
Penuelas,1985-1989,2,78.26925344407194,78.0653876449912,76.58025999493827,79.52957384157475,Estimación adecuada
Penuelas,1990-1994,1,71.6518283419231,71.20632494546295,70.17689974688423,72.39053192077945,Estimación adecuada
Penuelas,1990-1994,2,78.09730287289996,78.17950845877019,76.75642132936105,79.54250719019322,Estimación adecuada
Penuelas,1995-1999,1,72.51086800891099,71.88069373610661,70.97235676486036,73.07809013793725,Estimación adecuada
Penuelas,1995-1999,2,77.85186468595465,78.3068650198849,77.0791095565574,79.79363541535798,Estimación adecuada
Penuelas,2000-2004,1,73.06979986248778,73.04071243530957,72.03905770680507,74.03560465826112,Estimación adecuada
Penuelas,2000-2004,2,80.74681115313095,80.73810826765781,79.3274192311498,81.94759682819637,Estimación adecuada
Penuelas,2005-2009,1,74.32588415517951,74.30592429112437,73.14393839206124,75.70533513534139,Estimación adecuada
Penuelas,2005-2009,2,83.85447484865448,82.88539813960085,81.10609015428932,84.59976208946708,Estimación adecuada
Penuelas,2010-2014,1,77.2161868060379,76.84226755172566,75.49694855121383,78.39677534113486,Estimación adecuada
Penuelas,2010-2014,2,82.37054992803498,82.30719580963694,81.25217699604129,83.3763985761293,Estimación adecuada
Penuelas,2015-2019,1,76.94988280019332,76.82624993156517,75.62229170198918,77.9286646000509,Estimación adecuada
Penuelas,2015-2019,2,83.52991574696982,83.5129625213468,82.13317024119698,85.2633840414892,Estimación adecuada
Penuelas,2020-2024,1,78.19759662594926,77.59233745211895,76.39530797725939,78.6010829989408,Estimación adecuada
Penuelas,2020-2024,2,83.13779961346445,83.35615590368006,82.09646200026279,84.7468256938616,Estimación adecuada
Ponce,1980-1984,1,70.95163851465587,70.82058985439934,70.2621099071164,71.21563170455124,Estimación adecuada
Ponce,1980-1984,2,77.90393491985162,77.63298474140723,77.04976676622351,78.047122705762,Estimación adecuada
Ponce,1985-1989,1,68.92037207804252,69.11098564124308,68.6370351773179,69.6340142888567,Estimación adecuada
Ponce,1985-1989,2,77.3120135977883,77.26448779900309,76.7501519603486,77.85406885086456,Estimación adecuada
Ponce,1990-1994,1,68.07009878068561,68.35058637308981,67.85031508100954,68.7570862869862,Estimación adecuada
Ponce,1990-1994,2,77.70322992022791,77.80254304407194,77.32518377906145,78.30331120825754,Estimación adecuada
Ponce,1995-1999,1,68.8945019576824,69.11938974326073,68.6588528911083,69.53801372169028,Estimación adecuada
Ponce,1995-1999,2,78.64616620265484,78.56467705745172,78.09435250831334,79.11962342406343,Estimación adecuada
Ponce,2000-2004,1,71.88287158339286,72.01662800774675,71.36938511089254,72.47261907907287,Estimación adecuada
Ponce,2000-2004,2,80.17053819569585,79.97591883104798,79.4857215383932,80.47824102637875,Estimación adecuada
Ponce,2005-2009,1,72.59239776230434,72.813421216103,72.3588235339359,73.29642306931775,Estimación adecuada
Ponce,2005-2009,2,81.60505937401689,81.46984751537039,80.8907082082952,81.893976262785,Estimación adecuada
Ponce,2010-2014,1,74.90584213235752,74.91874551720778,74.4634261378358,75.44173431974014,Estimación adecuada
Ponce,2010-2014,2,81.84526785237593,81.80824572153278,81.31998669769564,82.26899217061299,Estimación adecuada
Ponce,2015-2019,1,75.94818443525777,76.1799128795582,75.64096464487315,76.82501949205981,Estimación adecuada
Ponce,2015-2019,2,84.573600741168,84.46165081487773,83.69168707693464,85.11602343683238,Estimación adecuada
Ponce,2020-2024,1,76.11579149445392,76.10686707966244,75.492485759305,76.63004439498803,Estimación adecuada
Ponce,2020-2024,2,84.14984563358192,83.84444473916793,83.25049085012253,84.50675877691879,Estimación adecuada
Quebradillas,1980-1984,1,71.5804748432608,71.41848247574396,70.04413342906528,72.59834163659147,Estimación adecuada
Quebradillas,1980-1984,2,79.23938165137665,78.4619638204534,77.31283034841223,80.33526333296501,Estimación adecuada
Quebradillas,1985-1989,1,70.63546474047975,70.94106680042752,69.811271509541,71.76643059400308,Estimación adecuada
Quebradillas,1985-1989,2,77.80764334555457,77.64992524543837,76.37539217003754,78.71675282110019,Estimación adecuada
Quebradillas,1990-1994,1,72.04068810225141,71.56962535042784,70.51593752151327,72.78911194597704,Estimación adecuada
Quebradillas,1990-1994,2,79.32174470623532,78.70385182209529,77.41261564375115,79.81418982269278,Estimación adecuada
Quebradillas,1995-1999,1,72.62949799850028,71.61289797080929,70.81525039357803,72.63681100883426,Estimación adecuada
Quebradillas,1995-1999,2,78.8521877504248,78.72211811715877,77.46852181083942,79.83201958678814,Estimación adecuada
Quebradillas,2000-2004,1,73.75120320482118,73.3769243787342,72.38765618854322,74.35722736421806,Estimación adecuada
Quebradillas,2000-2004,2,79.64696913052158,79.78325235547666,78.59882533697042,80.77751814790997,Estimación adecuada
Quebradillas,2005-2009,1,76.4702021217705,75.25669596326895,73.9890985620197,76.33835077377347,< e0 observado
Quebradillas,2005-2009,2,82.57479226170334,82.15969477730548,80.9492993831054,83.71286959546364,Estimación adecuada
Quebradillas,2010-2014,1,76.84416482352528,76.40870978400196,75.23965523305095,77.47630193435269,Estimación adecuada
Quebradillas,2010-2014,2,83.16432092953069,83.02961281378509,81.55591090110198,84.33920558817755,Estimación adecuada
Quebradillas,2015-2019,1,77.52581972834565,77.25624868182638,76.29461138075885,78.19649698991344,Estimación adecuada
Quebradillas,2015-2019,2,83.89036641680575,83.56452997461997,82.47454653909715,84.73114026051422,Estimación adecuada
Quebradillas,2020-2024,1,78.45741764289136,77.43100960219626,76.52737014864258,78.56318169756867,Estimación adecuada
Quebradillas,2020-2024,2,84.02514632890372,83.85749507924052,82.92417380931566,85.31029619879678,Estimación adecuada
Rincon,1980-1984,1,71.31036542846637,72.47802193663533,71.14333123564748,73.9440411477243,Estimación adecuada
Rincon,1980-1984,2,78.23121876259758,78.56989256315458,77.09712151230734,80.06015185684984,Estimación adecuada
Rincon,1985-1989,1,72.68195818723761,72.42467826200311,71.45570524888838,73.61944102480348,Estimación adecuada
Rincon,1985-1989,2,78.13112109379762,78.86641091311823,77.56069428406916,80.37135681027468,Estimación adecuada
Rincon,1990-1994,1,74.46482669947628,73.1539751945923,72.0145752950577,74.41855019974216,< e0 observado
Rincon,1990-1994,2,79.71875830965256,79.32894721621216,78.16504918219643,80.85064552693245,Estimación adecuada
Rincon,1995-1999,1,71.81900034746621,71.77579013995499,70.70726247822894,72.86359209856684,Estimación adecuada
Rincon,1995-1999,2,80.4078903895804,80.26338707037519,79.22091409891485,82.01955069395132,Estimación adecuada
Rincon,2000-2004,1,75.07948363707656,74.77919092743332,73.3772877785519,76.02538466462872,Estimación adecuada
Rincon,2000-2004,2,82.97798833076854,82.20492184599209,80.67042306623051,84.30100807111887,Estimación adecuada
Rincon,2005-2009,1,76.37954961336744,75.75769595120713,74.68559661495689,76.92631996133935,Estimación adecuada
Rincon,2005-2009,2,80.35621164685101,81.200714357241,79.9992217645009,82.80339829168754,Estimación adecuada
Rincon,2010-2014,1,79.61051534555456,77.86019075767291,76.59860815022262,79.22631451322897,< e0 observado
Rincon,2010-2014,2,83.80210551828287,84.02967416289034,82.55947137336629,85.54032686889089,Estimación adecuada
Rincon,2015-2019,1,79.17285737161941,79.0490504282528,77.603714828612,80.39422673190093,Estimación adecuada
Rincon,2015-2019,2,86.30943741112463,86.2926736592826,84.52576941365211,88.33926499839819,Estimación adecuada
Rincon,2020-2024,1,79.87445814115418,79.67476408280083,78.18968884025851,80.7146024263899,Estimación adecuada
Rincon,2020-2024,2,86.12132225159803,85.587063519048,84.42583013481834,87.21138650113006,Estimación adecuada
Rio Grande,1980-1984,1,71.31055270884488,71.18765829685907,70.18090970549675,72.10028151496132,Estimación adecuada
Rio Grande,1980-1984,2,77.8338345029928,77.53230135525331,76.55299739457749,78.8417476593398,Estimación adecuada
Rio Grande,1985-1989,1,72.55792010168767,71.75920133484723,70.97385671204029,72.86375712005446,Estimación adecuada
Rio Grande,1985-1989,2,78.55898208748316,78.41618569063138,77.50831008007897,79.66038041684891,Estimación adecuada
Rio Grande,1990-1994,1,69.8066408540921,70.12065845828488,69.23481065672186,71.17641996785686,Estimación adecuada
Rio Grande,1990-1994,2,79.04176505901863,78.92603216992839,78.15877995549212,79.82192160830272,Estimación adecuada
Rio Grande,1995-1999,1,69.24216716509197,69.93855810617158,69.13215047982331,70.77825989970745,Estimación adecuada
Rio Grande,1995-1999,2,78.57122528721384,78.60959467056733,77.62007782529096,79.42143538921039,Estimación adecuada
Rio Grande,2000-2004,1,73.5987446256221,73.46464809396163,72.51936361906925,74.29506096494787,Estimación adecuada
Rio Grande,2000-2004,2,80.92764017417292,80.83795892267287,79.69374816207765,81.931966216572,Estimación adecuada
Rio Grande,2005-2009,1,74.74267006153134,74.9217148476813,73.93075315533608,75.74282995346744,Estimación adecuada
Rio Grande,2005-2009,2,82.25371975622028,81.85352415022207,81.08218842136986,82.83264510053925,Estimación adecuada
Rio Grande,2010-2014,1,75.62464241200296,75.815370332528,74.69726327872874,76.54985709720862,Estimación adecuada
Rio Grande,2010-2014,2,81.93516108938404,81.99997301043567,81.13025187897088,83.034381564737,Estimación adecuada
Rio Grande,2015-2019,1,77.32038501383934,77.5197850529492,76.4284316701198,78.72354145440485,Estimación adecuada
Rio Grande,2015-2019,2,84.73128165771396,84.29513174695197,83.17091214920171,85.32631409476791,Estimación adecuada
Rio Grande,2020-2024,1,76.09079051682853,76.48175584049835,75.5239879199151,77.4596478814676,Estimación adecuada
Rio Grande,2020-2024,2,84.92626206233898,85.16378050455361,84.01687052315984,86.23222584967968,Estimación adecuada
Sabana Grande,1980-1984,1,72.94260252849719,72.02300723907035,70.9319502755447,73.0876275843548,Estimación adecuada
Sabana Grande,1980-1984,2,76.79030160326006,77.40444444544605,76.303498139797,78.19274859274086,Estimación adecuada
Sabana Grande,1985-1989,1,72.60670516660508,72.03180943176037,70.85376937497473,72.91934620273307,Estimación adecuada
Sabana Grande,1985-1989,2,79.46020484114078,78.67725362121476,77.58730163699866,79.85854391913448,Estimación adecuada
Sabana Grande,1990-1994,1,71.96878186562466,71.54880841557289,70.234134838856,72.63243190385003,Estimación adecuada
Sabana Grande,1990-1994,2,77.52973712888554,77.6031573918096,76.72322879639526,78.74936535966646,Estimación adecuada
Sabana Grande,1995-1999,1,72.42496764545729,71.82317515211365,70.67499453646397,72.88543601176282,Estimación adecuada
Sabana Grande,1995-1999,2,77.8549110688198,77.77431114080808,76.94249221554372,79.05876759351858,Estimación adecuada
Sabana Grande,2000-2004,1,75.19081545433245,74.23816508859369,73.25344665575616,75.66682695345037,Estimación adecuada
Sabana Grande,2000-2004,2,80.10304388750191,80.57071270629487,79.15563140235713,81.75858058499503,Estimación adecuada
Sabana Grande,2005-2009,1,75.77699216646894,74.96301791373536,73.74360604734949,76.0574772297831,Estimación adecuada
Sabana Grande,2005-2009,2,80.72892003066303,81.16929963273247,79.933128614694,82.3777520394894,Estimación adecuada
Sabana Grande,2010-2014,1,75.70526772953107,75.80636490453873,74.74136262338212,77.0132805568129,Estimación adecuada
Sabana Grande,2010-2014,2,83.3057418970242,82.96067314774922,81.89847689037276,84.65292271888421,Estimación adecuada
Sabana Grande,2015-2019,1,77.43470484017462,76.96548782709687,75.99210436967324,77.988410892773,Estimación adecuada
Sabana Grande,2015-2019,2,83.12156944238525,83.09956781373799,82.04630421200304,84.25428490556709,Estimación adecuada
Sabana Grande,2020-2024,1,77.44105015726227,77.39126517406048,76.05260572299919,78.5201644257661,Estimación adecuada
Sabana Grande,2020-2024,2,83.44790990052292,84.55092603084674,83.33633379337333,85.90847220658404,Estimación adecuada
Salinas,1980-1984,1,69.34771587119822,69.7486750739777,68.94283949854945,70.81116056809884,Estimación adecuada
Salinas,1980-1984,2,77.00356882697933,76.97777274722523,75.84900742826156,78.2653129219074,Estimación adecuada
Salinas,1985-1989,1,67.8768913469486,69.00665979851472,68.07205925604394,70.24652173742575,> e0 observado
Salinas,1985-1989,2,76.51927305162637,76.69753165347835,75.79432388633325,77.67142131548563,Estimación adecuada
Salinas,1990-1994,1,69.60135801885075,70.01293576119002,68.95990056130057,71.03569872106088,Estimación adecuada
Salinas,1990-1994,2,77.16626361655916,77.75304738938515,76.72867880647476,78.75763046059754,Estimación adecuada
Salinas,1995-1999,1,69.29023548543516,69.71049225559591,68.63751760451663,70.54739365121769,Estimación adecuada
Salinas,1995-1999,2,79.22383445714814,78.90260757512974,77.650162620127,80.26240402566503,Estimación adecuada
Salinas,2000-2004,1,73.10253328655585,73.13580264670588,72.11424984138363,74.11026000072516,Estimación adecuada
Salinas,2000-2004,2,80.52455994892824,80.26512680138711,79.47347607966702,81.38552354452416,Estimación adecuada
Salinas,2005-2009,1,73.52822440107285,73.72568084012059,72.61293188836638,74.83807628815069,Estimación adecuada
Salinas,2005-2009,2,80.63090066219925,80.78836159790339,79.71036440505083,81.88220682203462,Estimación adecuada
Salinas,2010-2014,1,75.47743944137984,75.55874172599127,74.29003389207,76.58175467841862,Estimación adecuada
Salinas,2010-2014,2,83.23167940762168,83.26399628799936,81.6396628001703,84.51100968497795,Estimación adecuada
Salinas,2015-2019,1,77.96635541138743,77.7073593582395,76.73233722036142,78.81691851670826,Estimación adecuada
Salinas,2015-2019,2,85.02610562554052,84.5532812940696,83.67214364895956,86.25491016339842,Estimación adecuada
Salinas,2020-2024,1,77.2752335181164,77.13509558254695,76.14347541933515,78.06141233132047,Estimación adecuada
Salinas,2020-2024,2,85.43601257393142,85.15994021992202,83.48456169660291,86.43889439558211,Estimación adecuada
San German,1980-1984,1,72.17155637189039,72.02644846653874,71.02517427936522,72.83448732038633,Estimación adecuada
San German,1980-1984,2,77.0812843420632,77.4408669196718,76.48507349117328,78.32270500746489,Estimación adecuada
San German,1985-1989,1,73.24578912339052,72.66117553239079,71.61233065653252,73.33855326458516,Estimación adecuada
San German,1985-1989,2,78.281715742411,78.16206195381076,77.01852146529714,79.04280471332203,Estimación adecuada
San German,1990-1994,1,72.47312065094486,71.86821738682198,71.06951532544501,72.81241357527439,Estimación adecuada
San German,1990-1994,2,78.88901019804139,79.02436997360024,77.99190179294996,80.2145888152904,Estimación adecuada
San German,1995-1999,1,74.17482678706043,73.45468434591947,72.40521284424833,74.29508007007556,Estimación adecuada
San German,1995-1999,2,78.52895052757144,78.92937452447237,78.18019298682907,79.85000099588177,Estimación adecuada
San German,2000-2004,1,75.40040785434385,74.82507962556002,73.88954771580741,75.8718176682292,Estimación adecuada
San German,2000-2004,2,81.07042973561371,81.02000433493305,80.02129962756564,82.10086099405724,Estimación adecuada
San German,2005-2009,1,75.89227383722931,75.40337617940222,74.540594264268,76.35523224224099,Estimación adecuada
San German,2005-2009,2,81.35724022521588,81.73583309878808,80.60791840435354,82.72318242622994,Estimación adecuada
San German,2010-2014,1,77.09595528241658,76.40264463858885,75.69109496916954,77.10746467146619,Estimación adecuada
San German,2010-2014,2,81.95497572147197,82.49885415347495,81.68989686723347,83.62356898499431,Estimación adecuada
San German,2015-2019,1,79.14792857398798,77.95163044643954,77.11999484342371,78.88869448236099,< e0 observado
San German,2015-2019,2,84.0002365484052,84.28557108329449,83.23386233013919,85.24143542929703,Estimación adecuada
San German,2020-2024,1,78.13234571523579,77.52515049872116,76.68806729507904,78.37312905497876,Estimación adecuada
San German,2020-2024,2,83.15333884969452,83.77580587437677,82.7742648503619,84.68037641403451,Estimación adecuada
San Juan,1980-1984,1,68.53296805880613,68.64260056055193,68.29963445656352,68.97473358621045,Estimación adecuada
San Juan,1980-1984,2,78.41781325030587,78.28399835380293,77.89375974738587,78.65313041910264,Estimación adecuada
San Juan,1985-1989,1,67.17212517316179,67.34393490833367,66.95687958734544,67.67511323899132,Estimación adecuada
San Juan,1985-1989,2,78.70934229140379,78.62087765694031,78.28730227151817,78.97855291357612,Estimación adecuada
San Juan,1990-1994,1,64.70940097035052,64.95920416369555,64.58825181759626,65.28733196273195,Estimación adecuada
San Juan,1990-1994,2,78.53794951508831,78.58125738669082,78.21943468176518,78.99037657669066,Estimación adecuada
San Juan,1995-1999,1,67.09892384379134,67.2467962855554,66.86251591590286,67.6464968112858,Estimación adecuada
San Juan,1995-1999,2,79.54091321860172,79.51661110754951,79.25673149587827,79.94712353759849,Estimación adecuada
San Juan,2000-2004,1,71.1882392973574,71.1907449154049,70.84924121141663,71.61232877046169,Estimación adecuada
San Juan,2000-2004,2,81.92921875527303,81.82443503368522,81.45827632981768,82.20711018917666,Estimación adecuada
San Juan,2005-2009,1,72.69964876784017,72.72138791040106,72.37412518920601,73.06793813775172,Estimación adecuada
San Juan,2005-2009,2,82.46547999538443,82.3760711127062,82.01834377311597,82.75274589045682,Estimación adecuada
San Juan,2010-2014,1,74.44529350870087,74.53595696163273,74.07104283906904,74.93197419700857,Estimación adecuada
San Juan,2010-2014,2,84.20463369793843,84.06471518942931,83.62707809054717,84.5791435231771,Estimación adecuada
San Juan,2015-2019,1,75.79825935426356,75.87217470219778,75.51053857660841,76.23503849306032,Estimación adecuada
San Juan,2015-2019,2,85.20819741649419,85.09457394839717,84.63260273000066,85.59175486452646,Estimación adecuada
San Juan,2020-2024,1,75.09617765928651,75.19009163321356,74.81145635718497,75.5539440669886,Estimación adecuada
San Juan,2020-2024,2,85.57777113429813,85.31897779758349,84.81237819319423,85.87307058920099,Estimación adecuada
San Lorenzo,1980-1984,1,72.4269330696064,72.41800054912356,71.32304246985716,73.5389144962823,Estimación adecuada
San Lorenzo,1980-1984,2,78.47103642037956,78.35148854243819,77.12144669255906,79.39739299323392,Estimación adecuada
San Lorenzo,1985-1989,1,70.33185072656097,71.06247535630735,70.01356120950673,71.84110861408547,Estimación adecuada
San Lorenzo,1985-1989,2,79.4038927542163,78.70855707926057,77.73075052956517,79.81063122111317,Estimación adecuada
San Lorenzo,1990-1994,1,70.49063585980458,70.82221751357471,69.70839414396977,71.77928458277385,Estimación adecuada
San Lorenzo,1990-1994,2,79.42906403274269,79.09869813961802,78.1671256349623,80.10705198365561,Estimación adecuada
San Lorenzo,1995-1999,1,72.39291160482962,72.16961447285027,71.14270013547065,73.15948022139779,Estimación adecuada
San Lorenzo,1995-1999,2,78.56261721700943,78.62882327450369,77.47822867132504,79.45972254827073,Estimación adecuada
San Lorenzo,2000-2004,1,73.59466919977362,73.65302407054153,72.7379880453963,74.74167555738357,Estimación adecuada
San Lorenzo,2000-2004,2,81.14875504017051,80.93542874389331,80.03496438213551,81.76213656894117,Estimación adecuada
San Lorenzo,2005-2009,1,75.07421835227707,74.95266947972792,74.08716341520716,75.84522194608508,Estimación adecuada
San Lorenzo,2005-2009,2,82.06471302858854,81.77536077878428,80.97304645307364,82.77180190569388,Estimación adecuada
San Lorenzo,2010-2014,1,76.50254306599682,76.64539186049788,75.82314194115551,77.50580745592654,Estimación adecuada
San Lorenzo,2010-2014,2,83.9183271335132,83.1999510597924,82.12818701388404,84.1565584571403,Estimación adecuada
San Lorenzo,2015-2019,1,77.43176974248165,77.89728841335261,76.75855010818131,78.98420363347753,Estimación adecuada
San Lorenzo,2015-2019,2,85.92248006512409,85.49593366603374,84.36274403921797,86.94596665393505,Estimación adecuada
San Lorenzo,2020-2024,1,77.62523479934367,77.87529364677927,76.84472676457978,78.77690326879923,Estimación adecuada
San Lorenzo,2020-2024,2,84.55625634680975,84.29407936181269,83.22819461459986,85.41321330367947,Estimación adecuada
San Sebastian,1980-1984,1,73.33683627750408,72.84981438349728,71.83712421844075,73.67513660658464,Estimación adecuada
San Sebastian,1980-1984,2,77.39216900594447,77.72544669858334,76.81245019298822,78.93089872427245,Estimación adecuada
San Sebastian,1985-1989,1,71.54106439345284,71.68709845690037,70.78729845905977,72.43134863979182,Estimación adecuada
San Sebastian,1985-1989,2,78.32567842249966,78.40445412848433,77.70779674012485,79.37306493098464,Estimación adecuada
San Sebastian,1990-1994,1,72.72006609308197,72.26282488335795,71.56454993371078,73.18241018242563,Estimación adecuada
San Sebastian,1990-1994,2,78.61121244043503,78.64784129199779,77.83130493718008,79.54019071472675,Estimación adecuada
San Sebastian,1995-1999,1,73.29080325081594,72.7899358957913,71.95577524808284,73.62844400113347,Estimación adecuada
San Sebastian,1995-1999,2,79.73176179097116,79.49511144539915,78.67695722710047,80.39039724074576,Estimación adecuada
San Sebastian,2000-2004,1,74.89792147656362,74.55655761984575,73.43379439631468,75.31050211122353,Estimación adecuada
San Sebastian,2000-2004,2,80.32263567678552,80.27975378654335,79.42583908932377,81.19145276396068,Estimación adecuada
San Sebastian,2005-2009,1,76.73740203137386,76.05897360115584,75.00459568856411,76.86302777576944,Estimación adecuada
San Sebastian,2005-2009,2,81.1692904566309,81.01958359291145,80.2169263819624,81.89815952033821,Estimación adecuada
San Sebastian,2010-2014,1,76.69546237928682,76.3416384117944,75.69440423905519,77.41675546894578,Estimación adecuada
San Sebastian,2010-2014,2,83.16134686711862,82.99100042328595,81.97750371218389,84.11768233009147,Estimación adecuada
San Sebastian,2015-2019,1,79.1178099470019,78.50330613323345,77.63381118678336,79.46510239022874,Estimación adecuada
San Sebastian,2015-2019,2,84.22340952689646,84.0648894545144,83.24261726667702,84.95861005599616,Estimación adecuada
San Sebastian,2020-2024,1,78.24142492610734,77.75689101646086,77.01430305040572,78.70615014433449,Estimación adecuada
San Sebastian,2020-2024,2,84.23065748606743,84.37919641866998,83.25050854437653,85.35358808915724,Estimación adecuada
Santa Isabel,1980-1984,1,69.7275677276356,69.51147861238303,68.59082752785218,70.63050101421129,Estimación adecuada
Santa Isabel,1980-1984,2,77.7763438904047,77.07225532133617,75.98959578234954,78.55418297429077,Estimación adecuada
Santa Isabel,1985-1989,1,69.23817247335977,69.73708315884946,68.20473385742962,70.90035266546869,Estimación adecuada
Santa Isabel,1985-1989,2,76.67908928126376,76.65277535989266,75.51952646898002,77.7327265570019,Estimación adecuada
Santa Isabel,1990-1994,1,66.65679986192234,68.23963376948724,67.0018968778377,69.70532696310315,> e0 observado
Santa Isabel,1990-1994,2,76.1627447017844,76.93269592681503,75.74481043474663,78.32615510786215,Estimación adecuada
Santa Isabel,1995-1999,1,68.83610956762453,69.4247533480347,68.11890030979558,70.438027197026,Estimación adecuada
Santa Isabel,1995-1999,2,77.73152078827611,77.48473631491964,76.34339571808907,78.67497598384193,Estimación adecuada
Santa Isabel,2000-2004,1,69.45419232564782,70.9690849337501,69.87839185145091,71.68377993448647,> e0 observado
Santa Isabel,2000-2004,2,79.11209035669054,79.20146519449787,78.13046232299533,80.42350478262178,Estimación adecuada
Santa Isabel,2005-2009,1,72.31479005793592,72.59850475758402,71.37095047557308,73.65108621150051,Estimación adecuada
Santa Isabel,2005-2009,2,81.59418713189359,81.5059474416722,79.97535442762612,82.93340519964556,Estimación adecuada
Santa Isabel,2010-2014,1,74.62174299181575,74.98110095943167,73.98375765576964,75.94879304664772,Estimación adecuada
Santa Isabel,2010-2014,2,81.81631250475374,81.31154109905026,80.17884135381082,82.56806370780498,Estimación adecuada
Santa Isabel,2015-2019,1,75.10553816345772,75.29984575468055,74.28555311630704,76.35637650272105,Estimación adecuada
Santa Isabel,2015-2019,2,85.04929628842375,83.80335308381422,82.31290948090547,85.2388049576538,Estimación adecuada
Santa Isabel,2020-2024,1,74.53124138847393,75.09062296853432,74.12305521997095,76.14308580869022,Estimación adecuada
Santa Isabel,2020-2024,2,83.31177822878875,83.103501112926807,81.71835829004362,84.57924942892433,Estimación adecuada
Toa Alta,1980-1984,1,74.8830856005072,74.17896228792142,72.94692370859316,75.52320631879984,Estimación adecuada
Toa Alta,1980-1984,2,77.90618677933547,78.78395755091866,77.78057131089943,80.09115310961539,Estimación adecuada
Toa Alta,1985-1989,1,72.95726224514657,72.88970836246065,71.75735326787824,74.06072615936772,Estimación adecuada
Toa Alta,1985-1989,2,81.13925929884047,80.68830121692886,79.5902812772105,82.16265224057122,Estimación adecuada
Toa Alta,1990-1994,1,73.42887184415189,73.37231409132495,72.46607725036779,74.59071587585038,Estimación adecuada
Toa Alta,1990-1994,2,79.53507742661205,79.75100248045334,78.62823925431836,81.05662630200133,Estimación adecuada
Toa Alta,1995-1999,1,73.12825061550112,73.14458875764171,72.13663426057056,74.01877935274283,Estimación adecuada
Toa Alta,1995-1999,2,80.88771225273739,80.7490106760385,79.6948557276682,81.62758982336729,Estimación adecuada
Toa Alta,2000-2004,1,75.20122641401855,75.20099824987207,74.29427355526968,75.95991806887938,Estimación adecuada
Toa Alta,2000-2004,2,81.33505965208538,81.59005077417414,80.71243876157368,82.67502646155059,Estimación adecuada
Toa Alta,2005-2009,1,77.25808536131703,77.08660985075596,76.35650947141923,77.87587175245957,Estimación adecuada
Toa Alta,2005-2009,2,83.45975745150935,83.36559619579788,82.34551050546692,84.24349421316568,Estimación adecuada
Toa Alta,2010-2014,1,77.617438844306065,77.70386845757093,76.93750239794903,78.46859715017938,Estimación adecuada
Toa Alta,2010-2014,2,84.59193836320182,84.38629288419122,83.1439086026034,85.66537456976084,Estimación adecuada
Toa Alta,2015-2019,1,79.44012262836311,79.47562501427967,78.50563861839979,80.20250395622752,Estimación adecuada
Toa Alta,2015-2019,2,84.21287299648571,84.26512626092747,83.12874599287859,85.25022982995401,Estimación adecuada
Toa Alta,2020-2024,1,79.32715713141147,79.27853620319335,78.382421732855,80.05548023440497,Estimación adecuada
Toa Alta,2020-2024,2,85.92609855770323,85.3162875052453,84.46262033944325,86.33861221093494,Estimación adecuada
Toa Baja,1980-1984,1,72.82833976912103,72.40133080755518,71.5804646096753,73.29835250662228,Estimación adecuada
Toa Baja,1980-1984,2,79.03893803233984,78.47261734306102,77.89912512058413,79.59924245626988,Estimación adecuada
Toa Baja,1985-1989,1,71.09171108702432,71.26706858781935,70.60234189559199,71.8263300062957,Estimación adecuada
Toa Baja,1985-1989,2,79.17713173148333,78.89588283786665,77.84474208062122,79.75806853305332,Estimación adecuada
Toa Baja,1990-1994,1,69.55070432606276,69.98216204824534,69.07982101900268,70.73512466775458,Estimación adecuada
Toa Baja,1990-1994,2,78.53439715581091,78.3551857651137,77.57996791132075,78.9861871086047,Estimación adecuada
Toa Baja,1995-1999,1,71.02389397781576,71.2333493529535,70.47961466785526,71.897554759455,Estimación adecuada
Toa Baja,1995-1999,2,80.35817914633549,79.81215561274439,79.1552251425912,80.422288265376,Estimación adecuada
Toa Baja,2000-2004,1,73.3130761935651,73.48345984806767,72.76387016367201,74.23534390517398,Estimación adecuada
Toa Baja,2000-2004,2,81.24641875534006,80.8807820667395,80.14718339759051,81.85375053922789,Estimación adecuada
Toa Baja,2005-2009,1,73.9336800218148,74.12638704994504,73.45777134504857,74.75070709291788,Estimación adecuada
Toa Baja,2005-2009,2,81.2918522418654,81.20477750619344,80.56883198194613,81.97552870086865,Estimación adecuada
Toa Baja,2010-2014,1,75.63234922554784,75.75076930249485,75.11434653291919,76.52001900143773,Estimación adecuada
Toa Baja,2010-2014,2,83.19276198853512,83.04721445125715,82.263710627903,83.91094246785258,Estimación adecuada
Toa Baja,2015-2019,1,77.0796431176242,77.16811013381277,76.32852829740932,77.85898122676372,Estimación adecuada
Toa Baja,2015-2019,2,85.28768156374481,85.03606934011611,84.16086758185804,85.99947736667545,Estimación adecuada
Toa Baja,2020-2024,1,76.06866784040614,76.22652753213102,75.66892802944383,77.09097097878703,Estimación adecuada
Toa Baja,2020-2024,2,84.82502560819063,84.82984165443511,83.96220901441455,85.69598828639351,Estimación adecuada
Trujillo Alto,1980-1984,1,73.8807661516517,73.78241583738331,72.92101784486817,74.4322445978768,Estimación adecuada
Trujillo Alto,1980-1984,2,80.45848591811597,80.09199571240389,79.05692958348484,81.21649885542391,Estimación adecuada
Trujillo Alto,1985-1989,1,72.91759611684925,73.16105310316786,72.1579772212048,73.9183562349649,Estimación adecuada
Trujillo Alto,1985-1989,2,81.01563083839561,80.54675067756048,79.41589213280054,81.84059769636796,Estimación adecuada
Trujillo Alto,1990-1994,1,72.6023641348921,72.87306238048046,71.9615489896309,73.55041819563442,Estimación adecuada
Trujillo Alto,1990-1994,2,79.85175886432305,79.94465257748335,79.07847170427709,80.91084730693368,Estimación adecuada
Trujillo Alto,1995-1999,1,72.41162116159781,72.80867906645157,72.05339403949927,73.48747610086767,Estimación adecuada
Trujillo Alto,1995-1999,2,81.19162622930031,80.7780627204782,79.97970682877241,81.74409192196552,Estimación adecuada
Trujillo Alto,2000-2004,1,74.68446388601943,74.91727290787134,74.27220788149822,75.75759259982324,Estimación adecuada
Trujillo Alto,2000-2004,2,83.41194987282269,83.33626164986457,82.16183210904344,84.70733761414638,Estimación adecuada
Trujillo Alto,2005-2009,1,75.81610434260868,76.10154365754025,75.25778308503425,76.7413649544131,Estimación adecuada
Trujillo Alto,2005-2009,2,83.84316698522537,83.54778039380938,82.65702167698815,84.37334457079291,Estimación adecuada
Trujillo Alto,2010-2014,1,77.88979650864401,77.89040688932226,77.05320552223299,78.7295434658937,Estimación adecuada
Trujillo Alto,2010-2014,2,85.28937280458358,85.02478261695775,83.88513279444626,85.9980098988762,Estimación adecuada
Trujillo Alto,2015-2019,1,79.53728233113502,79.63747694646307,78.70486453528619,80.28855620186476,Estimación adecuada
Trujillo Alto,2015-2019,2,86.3543330403018,86.21456338916703,85.18858129101208,87.3326153924514,Estimación adecuada
Trujillo Alto,2020-2024,1,78.39208683519212,78.70441349689159,77.84230800740801,79.49224716581577,Estimación adecuada
Trujillo Alto,2020-2024,2,86.16954614436371,85.83423228600299,84.89080172969301,86.66844500527357,Estimación adecuada
Utuado,1980-1984,1,72.77455758364391,72.73730368446489,71.92159997925093,73.79335556392314,Estimación adecuada
Utuado,1980-1984,2,78.22725510627389,78.17614901196036,77.30824983314648,79.14521251296358,Estimación adecuada
Utuado,1985-1989,1,72.49241351300115,72.3075139448301,71.65250639314345,73.27279555068358,Estimación adecuada
Utuado,1985-1989,2,78.55971933281445,78.46333514719997,77.48858438156242,79.2979881661744,Estimación adecuada
Utuado,1990-1994,1,73.58027996114916,72.8837784135359,71.98024265337145,73.82858384042989,Estimación adecuada
Utuado,1990-1994,2,79.15999314000904,78.85713635316708,77.92346666031668,79.63459400253225,Estimación adecuada
Utuado,1995-1999,1,73.56681994998524,72.7588652823044,71.6246396881711,73.83545725074339,Estimación adecuada
Utuado,1995-1999,2,79.75811291705193,79.42200050771851,78.50292377017038,80.38900579622003,Estimación adecuada
Utuado,2000-2004,1,75.66609210920785,74.95410923476598,73.80312446228886,75.90704756266888,Estimación adecuada
Utuado,2000-2004,2,80.85296661933371,81.07363574826239,80.02006661446876,82.08344308259475,Estimación adecuada
Utuado,2005-2009,1,74.96306439444312,74.89678817912427,74.24501064420907,75.92041622072296,Estimación adecuada
Utuado,2005-2009,2,81.95177865789455,82.06200616763451,81.22777878128878,83.21869308061936,Estimación adecuada
Utuado,2010-2014,1,76.45438665507136,75.94972956035379,75.00134095104471,76.92684878478694,Estimación adecuada
Utuado,2010-2014,2,83.96232047500072,83.59991607647072,82.36550811160933,84.93838986856906,Estimación adecuada
Utuado,2015-2019,1,79.0189703608258,78.79657771788854,77.7353047415451,79.99687672730735,Estimación adecuada
Utuado,2015-2019,2,85.5118737413184,85.14351023721383,83.888770477847,86.82726875005488,Estimación adecuada
Utuado,2020-2024,1,80.22889535833663,79.11604881812237,77.81853118360824,80.45675284729714,Estimación adecuada
Utuado,2020-2024,2,86.24989014279643,85.3995303490979,84.26665773997252,86.92353115677602,Estimación adecuada
Vega Alta,1980-1984,1,73.54933326191107,73.0392233377869,71.98313129142691,74.0620197867459,Estimación adecuada
Vega Alta,1980-1984,2,78.25469326095431,78.58547129369589,76.99663410970635,79.98684916087768,Estimación adecuada
Vega Alta,1985-1989,1,72.05535344696615,72.34553039471623,71.32315218623708,73.42441027830392,Estimación adecuada
Vega Alta,1985-1989,2,78.15985935324002,78.31878799636101,77.0720845750192,79.71735050114515,Estimación adecuada
Vega Alta,1990-1994,1,70.24052329679134,70.79375069072123,70.09331762394072,71.65408062845825,Estimación adecuada
Vega Alta,1990-1994,2,79.51462054686016,79.47777436252062,78.210691730691,80.62824536980042,Estimación adecuada
Vega Alta,1995-1999,1,71.54816531304111,71.87026409198018,70.84533936147113,72.56166036856132,Estimación adecuada
Vega Alta,1995-1999,2,79.34051049480365,79.49818905783854,78.52105729254333,80.67085266329636,Estimación adecuada
Vega Alta,2000-2004,1,74.10875011525926,74.19454951042769,73.22072713260403,75.22964454597562,Estimación adecuada
Vega Alta,2000-2004,2,81.98636550598057,81.78702708281254,80.4149115931425,83.282767735531,Estimación adecuada
Vega Alta,2005-2009,1,74.49742104581102,74.78588467557744,73.75896993139642,75.7325270565844,Estimación adecuada
Vega Alta,2005-2009,2,82.79578771576239,82.46241622442443,81.22425941513058,83.68899562187019,Estimación adecuada
Vega Alta,2010-2014,1,76.95585105473053,76.70145171586533,75.6609212417089,77.64520667368097,Estimación adecuada
Vega Alta,2010-2014,2,84.70771205138385,84.14241431404037,82.97424476935342,85.72251381366594,Estimación adecuada
Vega Alta,2015-2019,1,79.09002086085074,78.7029089836855,77.78888794587587,79.59150348666864,Estimación adecuada
Vega Alta,2015-2019,2,84.78023321458953,84.78176569606073,83.74487504077582,85.83860337419264,Estimación adecuada
Vega Alta,2020-2024,1,79.13203080104806,78.79838812144487,77.68666679815738,80.173972472369,Estimación adecuada
Vega Alta,2020-2024,2,86.55489338482076,85.89167470195657,84.50460616400932,87.13575608926698,Estimación adecuada
Vega Baja,1980-1984,1,72.17472574689376,71.95751505676593,71.08999054839487,72.82471285552016,Estimación adecuada
Vega Baja,1980-1984,2,77.4559969407079,77.1699712380472,76.2273233491565,78.16152796863696,Estimación adecuada
Vega Baja,1985-1989,1,71.32919645334727,71.2764713314498,70.48759282997491,72.03140169806554,Estimación adecuada
Vega Baja,1985-1989,2,78.37255208308184,78.31302796792949,77.55201195624942,79.22554287343463,Estimación adecuada
Vega Baja,1990-1994,1,69.34239102427848,69.82123300227445,69.03174348719804,70.50246251071835,Estimación adecuada
Vega Baja,1990-1994,2,79.817128530258,79.47283192736305,78.49057597357967,80.52326102201894,Estimación adecuada
Vega Baja,1995-1999,1,69.80129928554581,70.13927533439626,69.29795017313546,70.89258688977647,Estimación adecuada
Vega Baja,1995-1999,2,78.73855584436625,78.48457913224898,77.764316885858,79.14177421762625,Estimación adecuada
Vega Baja,2000-2004,1,71.71281396652603,72.02735867272894,71.45111966094971,72.78916954619763,Estimación adecuada
Vega Baja,2000-2004,2,80.83940501884719,80.2719705045451,79.61772429218382,81.13591533837317,Estimación adecuada
Vega Baja,2005-2009,1,73.49107576558887,73.71750224357082,72.91309577686154,74.54645126800308,Estimación adecuada
Vega Baja,2005-2009,2,81.56225378359265,81.31546772516194,80.42049465492873,82.24431452555032,Estimación adecuada
Vega Baja,2010-2014,1,75.67293352681041,75.60315601236749,74.74725156003609,76.3207678441313,Estimación adecuada
Vega Baja,2010-2014,2,82.83225536608914,82.50566337936596,81.40097077035475,83.54968154322026,Estimación adecuada
Vega Baja,2015-2019,1,77.17186219895375,76.92238897917998,76.17502632430651,77.8024507854582,Estimación adecuada
Vega Baja,2015-2019,2,85.55300741129905,85.10344960478618,84.16207123805916,86.375923068112,Estimación adecuada
Vega Baja,2020-2024,1,76.1343018706242,76.62215893402887,75.90353082306025,77.69160113281202,Estimación adecuada
Vega Baja,2020-2024,2,85.01178406884422,84.35707857244574,83.40615167398785,85.27626563497286,Estimación adecuada
Vieques,1980-1984,1,68.44199950691872,69.3292814148616,67.81861237362773,70.80041054705124,Estimación adecuada
Vieques,1980-1984,2,79.82881030409467,77.24114408103202,75.57132243470858,78.92546914617363,< e0 observado
Vieques,1985-1989,1,68.91887213110078,69.09443770615445,67.69103453284312,70.58697270854333,Estimación adecuada
Vieques,1985-1989,2,76.64055553721266,77.03815322705695,75.51127251581488,78.55927793033723,Estimación adecuada
Vieques,1990-1994,1,70.56388701195755,69.80345961072575,68.5167027768181,70.9382364770627,Estimación adecuada
Vieques,1990-1994,2,75.61141239304688,76.63432988937615,75.15451718106347,78.22673051217129,Estimación adecuada
Vieques,1995-1999,1,67.1661520645474,68.72307429083267,67.19970022532655,69.95033243157806,> e0 observado
Vieques,1995-1999,2,77.66760098100364,77.98689741673573,76.47213932723217,79.63564198721929,Estimación adecuada
Vieques,2000-2004,1,71.06219249587082,71.57808686343687,70.10923589700113,72.9882126119755,Estimación adecuada
Vieques,2000-2004,2,79.94564055883934,79.72214142981306,78.3607784500154,81.12301374632278,Estimación adecuada
Vieques,2005-2009,1,71.86562241202773,72.78087574553533,71.59208339221978,74.02745400480542,Estimación adecuada
Vieques,2005-2009,2,82.1662176624026,81.06342774539031,79.84234239960496,83.21908956660197,Estimación adecuada
Vieques,2010-2014,1,72.38693885614644,74.6604172884343,72.97585592885,76.01372188333721,> e0 observado
Vieques,2010-2014,2,82.20083674525317,82.22359015344378,80.70505169078467,84.53366131622907,Estimación adecuada
Vieques,2015-2019,1,75.48771486205818,76.21282691512448,74.96109662638995,77.52850135440424,Estimación adecuada
Vieques,2015-2019,2,85.60400958844578,84.02075508604791,81.97357283930467,86.84763041145743,Estimación adecuada
Vieques,2020-2024,1,70.30670126441383,74.87387824232368,73.69545469415735,77.16538472515273,> e0 observado
Vieques,2020-2024,2,82.77316856062777,82.59733104454493,81.09104915164924,84.7053951409604,Estimación adecuada
Villalba,1980-1984,1,71.31481633801816,71.67631440356865,70.34123402075461,72.69218645852732,Estimación adecuada
Villalba,1980-1984,2,77.35744616187003,78.20754559602315,76.98026450323252,79.22043161865943,Estimación adecuada
Villalba,1985-1989,1,70.6812298941124,71.20341329946703,70.2264412526373,72.25645355875085,Estimación adecuada
Villalba,1985-1989,2,78.13907330956457,78.47178429467348,77.41419025467918,79.73233320324991,Estimación adecuada
Villalba,1990-1994,1,72.3498469286644,71.6247595116028,70.4986714902343,72.56854391554012,Estimación adecuada
Villalba,1990-1994,2,79.32972359168376,78.84608025922378,77.69383218326587,80.44937384330194,Estimación adecuada
Villalba,1995-1999,1,74.12665072351581,72.74739953278643,71.77493429511767,73.74898697937586,< e0 observado
Villalba,1995-1999,2,79.94095261032773,79.5409739028099,78.14768180953183,80.77295856135879,Estimación adecuada
Villalba,2000-2004,1,75.24588138203707,74.85841686640262,73.61956945579178,76.0116689942686,Estimación adecuada
Villalba,2000-2004,2,81.24189158745828,80.89772411489719,79.55283029714388,82.03305777608588,Estimación adecuada
Villalba,2005-2009,1,75.22194783512565,75.15348196597574,73.97362081014931,76.1494645787977,Estimación adecuada
Villalba,2005-2009,2,82.367985821704,82.11108423116269,80.79771958114728,83.39251856213973,Estimación adecuada
Villalba,2010-2014,1,77.8383761040004,76.80165472487872,75.73212872944956,78.17815610908377,Estimación adecuada
Villalba,2010-2014,2,82.38109633625453,82.67912426135362,81.40746354459262,84.02421262886796,Estimación adecuada
Villalba,2015-2019,1,77.83504649286682,77.83758404946741,76.47859967430747,78.67301453899137,Estimación adecuada
Villalba,2015-2019,2,84.05820533092681,84.37746772243311,82.91447716992946,85.8128724277619,Estimación adecuada
Villalba,2020-2024,1,77.24232552482839,77.18916119020463,76.22272672029955,78.29230552023685,Estimación adecuada
Villalba,2020-2024,2,85.36972299365041,85.38319480857906,83.83291083729047,87.01686071654653,Estimación adecuada
Yabucoa,1980-1984,1,71.13885114874819,71.33191605707148,70.28587378386942,72.28964183644749,Estimación adecuada
Yabucoa,1980-1984,2,77.69784172893796,77.70691006682569,76.91753974553028,78.80557167812918,Estimación adecuada
Yabucoa,1985-1989,1,71.6497165141789,71.76152479997559,70.50391084142555,72.71438831303374,Estimación adecuada
Yabucoa,1985-1989,2,78.71247157491743,78.51736649505528,77.54822134231085,79.58534225222803,Estimación adecuada
Yabucoa,1990-1994,1,72.18368470754862,71.86276573738462,70.9392527473866,72.72203636044216,Estimación adecuada
Yabucoa,1990-1994,2,78.65582186258791,78.65311606607388,77.66981303809024,79.89112495998273,Estimación adecuada
Yabucoa,1995-1999,1,70.61759581589234,70.91777516549143,69.90827597005517,72.01448809059053,Estimación adecuada
Yabucoa,1995-1999,2,79.25053941807832,79.16899576669479,78.33923860950999,80.28905628231846,Estimación adecuada
Yabucoa,2000-2004,1,74.67500524731325,74.38575556313654,73.79595350802992,75.35859839749953,Estimación adecuada
Yabucoa,2000-2004,2,81.74191284227646,81.56378598120298,80.36762701464619,82.482409405223,Estimación adecuada
Yabucoa,2005-2009,1,74.52109913218256,74.70578815521839,73.90823384969922,75.59584420994918,Estimación adecuada
Yabucoa,2005-2009,2,83.07308125246723,82.75472319629233,81.6634177477803,84.36566201881331,Estimación adecuada
Yabucoa,2010-2014,1,75.57434879024864,76.10540503813391,75.44273240404098,77.28843289407114,Estimación adecuada
Yabucoa,2010-2014,2,82.0382545268585,82.58459459017607,81.4667892964126,83.58221710621297,Estimación adecuada
Yabucoa,2015-2019,1,77.58753133123862,78.08641753710191,77.15448409160295,79.17555240620206,Estimación adecuada
Yabucoa,2015-2019,2,86.1265699532434,85.6413711886292,84.25807500856419,87.10323349485546,Estimación adecuada
Yabucoa,2020-2024,1,75.78194920338815,77.30640484082433,76.52623637835131,78.47894909525468,> e0 observado
Yabucoa,2020-2024,2,85.25611674355481,84.74922718284307,83.77402111276501,85.88545616568985,Estimación adecuada
Yauco,1980-1984,1,71.51456720078431,71.1318400622275,70.29552668321982,72.03815521359104,Estimación adecuada
Yauco,1980-1984,2,77.4589640282646,77.48294589168934,76.39926876630261,78.74886917843963,Estimación adecuada
Yauco,1985-1989,1,69.95040254168732,70.0818407209236,69.29038858678749,70.91490872688378,Estimación adecuada
Yauco,1985-1989,2,77.60208552265917,77.40287902044778,76.54946133914977,78.52749611094451,Estimación adecuada
Yauco,1990-1994,1,71.7335324052013,71.31472629993169,70.53678226865938,72.16314989892052,Estimación adecuada
Yauco,1990-1994,2,78.49054698828598,78.21309632550958,77.05576258377448,78.954405405113,Estimación adecuada
Yauco,1995-1999,1,72.03051290197796,71.50555815118182,70.47883813370049,72.54795519272199,Estimación adecuada
Yauco,1995-1999,2,79.29391771380651,78.7443582966649,78.0552431452679,79.57054905030799,Estimación adecuada
Yauco,2000-2004,1,72.97803149863371,73.03860743564555,72.1722250726769,73.87529906290158,Estimación adecuada
Yauco,2000-2004,2,79.24854846213276,79.27297413188083,78.45275113709422,80.28081031275823,Estimación adecuada
Yauco,2005-2009,1,73.24138587908658,73.60732015954217,72.78315550225751,74.51162685998975,Estimación adecuada
Yauco,2005-2009,2,80.5594161821005,80.65026489721708,79.64628341996115,81.67869829338831,Estimación adecuada
Yauco,2010-2014,1,75.57887719653512,75.43705650627007,74.59726147777064,76.51797995998791,Estimación adecuada
Yauco,2010-2014,2,81.76032266455593,81.92644181665398,81.05468148928617,82.7724395999517,Estimación adecuada
Yauco,2015-2019,1,77.43223226793361,77.21078844339355,76.2370254972986,78.03757174050925,Estimación adecuada
Yauco,2015-2019,2,82.51620418595085,83.21685036528973,82.1917669340537,84.36687495672331,Estimación adecuada
Yauco,2020-2024,1,75.94482006846164,76.37972205999009,75.43020434382079,77.24707707937007,Estimación adecuada
Yauco,2020-2024,2,83.86986937855978,83.29161010325885,82.3897740567844,84.205659369485,Estimación adecuada
