region,period,sex,e0_observado,e0_estimado,e0_lower,e0_upper,est_eval
Adjuntas,1980-1984,1,72.54189508802463,72.37000647747769,70.83575723805826,73.3995128259791,Estimación adecuada
Adjuntas,1980-1984,2,78.96516925394144,78.88464165554583,77.49896642086205,80.21604237849925,Estimación adecuada
Adjuntas,1985-1989,1,70.84999061728885,71.71860580232166,70.45624530713455,72.75276798524732,Estimación adecuada
Adjuntas,1985-1989,2,78.97855761762072,78.98018124454151,77.79200866079516,80.13896519216206,Estimación adecuada
Adjuntas,1990-1994,1,71.49310954038985,71.53735824690796,70.56385720042675,72.65858846979135,Estimación adecuada
Adjuntas,1990-1994,2,77.88047658335911,78.4793634934423,76.8965187038742,79.7115880325799,Estimación adecuada
Adjuntas,1995-1999,1,71.91080703113897,71.98192906644022,70.91336675018533,73.19579789331513,Estimación adecuada
Adjuntas,1995-1999,2,78.53770419818306,79.03942523033982,77.62940967311641,80.07826917106553,Estimación adecuada
Adjuntas,2000-2004,1,74.0807006063416,74.04301890769352,72.8320369005131,75.10246722972519,Estimación adecuada
Adjuntas,2000-2004,2,79.50851081175084,79.92791761926256,78.65921602791587,81.04071048671995,Estimación adecuada
Adjuntas,2005-2009,1,77.13413877724005,76.07650605786363,74.65683811648796,77.13684347280301,Estimación adecuada
Adjuntas,2005-2009,2,82.23262377887984,82.17331527740427,80.74669850360387,83.47542098427479,Estimación adecuada
Adjuntas,2010-2014,1,78.0170892039493,77.00129774241844,75.92497766566976,78.17522558935735,Estimación adecuada
Adjuntas,2010-2014,2,84.37542750420445,83.59276149829013,82.32299380472367,85.09283997576341,Estimación adecuada
Adjuntas,2015-2019,1,80.07122326396828,79.44007161290948,77.82408157772042,81.13567402190856,Estimación adecuada
Adjuntas,2015-2019,2,84.75780508868199,84.90582734193185,83.05645828666982,86.8186572582831,Estimación adecuada
Adjuntas,2020-2024,1,80.09050176489524,79.05557186498578,77.7934464953245,80.02460909904411,< e0 observado
Adjuntas,2020-2024,2,87.03883394524668,86.11963906822297,84.60696839110716,88.00260835595505,Estimación adecuada
Aguada,1980-1984,1,73.2175687853255,73.12630737887693,71.94667656904525,74.08267080744056,Estimación adecuada
Aguada,1980-1984,2,76.66307974738103,77.60218272018108,76.44910253714991,79.09638344291054,Estimación adecuada
Aguada,1985-1989,1,73.21396709192831,72.90795012030378,71.89812661841877,73.87130330158821,Estimación adecuada
Aguada,1985-1989,2,77.70261010174512,78.01632119474101,76.90727746795261,79.17372091038928,Estimación adecuada
Aguada,1990-1994,1,73.47166304966473,73.02895930773343,71.94437829446025,73.99169725964416,Estimación adecuada
Aguada,1990-1994,2,79.56472305278581,79.36811511222909,78.1821003391195,80.50272980018477,Estimación adecuada
Aguada,1995-1999,1,72.96139718811193,72.6412261133753,71.97425429721679,73.4191797026028,Estimación adecuada
Aguada,1995-1999,2,78.42598214583917,78.60742102185088,77.46731909073165,79.5425448484675,Estimación adecuada
Aguada,2000-2004,1,75.7731265619719,75.16354088614939,74.20987559440432,76.1369527264317,Estimación adecuada
Aguada,2000-2004,2,80.35987918975404,80.381016728374,79.52810701032419,81.13904165580315,Estimación adecuada
Aguada,2005-2009,1,77.6139364553716,76.69431533111008,75.60432813624028,77.61787026183582,Estimación adecuada
Aguada,2005-2009,2,81.487501570255,81.49455780007028,80.49347731403913,82.52919435465904,Estimación adecuada
Aguada,2010-2014,1,77.3081065450094,76.85269362278135,76.0790539888909,77.99896650141693,Estimación adecuada
Aguada,2010-2014,2,83.93649978812951,83.4232960979009,82.4480967717024,84.63064213560381,Estimación adecuada
Aguada,2015-2019,1,80.17632385200217,79.3348354877728,78.28406012712097,80.17677596372513,Estimación adecuada
Aguada,2015-2019,2,84.88514363026218,84.75287085804413,83.65379525030801,86.04432240063349,Estimación adecuada
Aguada,2020-2024,1,78.78968559483442,78.11999141180202,77.38945046380586,79.0103026208559,Estimación adecuada
Aguada,2020-2024,2,83.87729580688905,83.88603859748983,83.04036281905113,85.12493112797131,Estimación adecuada
Aguadilla,1980-1984,1,71.00678071372081,71.04980624688613,70.24548333446921,72.13370558301588,Estimación adecuada
Aguadilla,1980-1984,2,77.48535658677463,77.29533014875861,76.34532592784481,78.23288297461325,Estimación adecuada
Aguadilla,1985-1989,1,70.58561267446154,70.59527128283912,69.96287294586298,71.24412164892775,Estimación adecuada
Aguadilla,1985-1989,2,77.65780206154783,77.47562672657166,76.74670631655505,78.22697043427073,Estimación adecuada
Aguadilla,1990-1994,1,70.88482346377512,70.83503114913486,70.0420141890703,71.61484778305902,Estimación adecuada
Aguadilla,1990-1994,2,77.99785568547416,77.8882121932661,77.20143760694192,78.6851693350911,Estimación adecuada
Aguadilla,1995-1999,1,70.78010378855268,70.72957989316791,70.08745917235892,71.4274519700056,Estimación adecuada
Aguadilla,1995-1999,2,78.16686736979354,77.97847170162345,77.32049639692536,78.83010291883562,Estimación adecuada
Aguadilla,2000-2004,1,73.78276571753028,73.33328802779792,72.56168748690239,74.05542606932445,Estimación adecuada
Aguadilla,2000-2004,2,80.45198774138778,79.96528146967552,79.25016698811132,80.67261565115511,Estimación adecuada
Aguadilla,2005-2009,1,74.34368140644376,74.0643686055592,73.21025463083097,74.7128526713011,Estimación adecuada
Aguadilla,2005-2009,2,81.18616231865005,80.72077252013399,79.89430060561315,81.4453780045491,Estimación adecuada
Aguadilla,2010-2014,1,76.10575530196566,75.62316370832185,75.00432673536407,76.2207392615997,Estimación adecuada
Aguadilla,2010-2014,2,81.66758711742574,81.57727086310584,80.78497179495272,82.47298343042027,Estimación adecuada
Aguadilla,2015-2019,1,77.5014617746831,76.96829396992041,76.21148148856679,77.71393317965695,Estimación adecuada
Aguadilla,2015-2019,2,82.99395073109925,83.39594080895066,82.63520110018835,84.36408276937593,Estimación adecuada
Aguadilla,2020-2024,1,76.52156602867669,76.39781057218775,75.7677079514718,77.36498962838967,Estimación adecuada
Aguadilla,2020-2024,2,83.20736033493193,83.31513155712139,82.39703356350986,84.03433259884804,Estimación adecuada
Aguas Buenas,1980-1984,1,70.9060601893331,71.56271774909698,70.50567785129371,72.66735616910779,Estimación adecuada
Aguas Buenas,1980-1984,2,79.20230439846388,78.83796550432658,77.28465772919046,80.01587471680615,Estimación adecuada
Aguas Buenas,1985-1989,1,71.73217429810381,71.93909823228637,70.91549759132873,72.93200883046302,Estimación adecuada
Aguas Buenas,1985-1989,2,78.66666240443578,78.80174983113974,77.4718916139671,80.04621819084055,Estimación adecuada
Aguas Buenas,1990-1994,1,71.9040754109389,71.93327761493978,70.87620566332653,72.96524562620073,Estimación adecuada
Aguas Buenas,1990-1994,2,82.01930667891538,80.76745068639843,79.6702857297007,82.9154366852182,Estimación adecuada
Aguas Buenas,1995-1999,1,72.03242058667273,72.14927195059464,71.02841021273312,73.1951093255984,Estimación adecuada
Aguas Buenas,1995-1999,2,79.29741471606215,79.15611305475832,78.0236779239927,80.38954649886546,Estimación adecuada
Aguas Buenas,2000-2004,1,74.50847723417229,74.50654786003213,73.74086806831292,75.640194792158,Estimación adecuada
Aguas Buenas,2000-2004,2,81.53307661620572,81.43850372169558,80.28736456508764,82.71931978952864,Estimación adecuada
Aguas Buenas,2005-2009,1,74.76751879253902,75.1911479145033,74.42160443242665,76.47402618582501,Estimación adecuada
Aguas Buenas,2005-2009,2,83.74825554704383,83.65165940048348,82.15710658487136,85.12521842602155,Estimación adecuada
Aguas Buenas,2010-2014,1,77.07874986678003,77.51370162518967,76.34236920926782,78.7188305608836,Estimación adecuada
Aguas Buenas,2010-2014,2,83.69043751017024,83.95050885752072,82.94167591673789,85.23600442272004,Estimación adecuada
Aguas Buenas,2015-2019,1,77.12363910638715,78.04905943202272,76.9101858002432,79.19759313031324,Estimación adecuada
Aguas Buenas,2015-2019,2,86.87058779798109,85.96215497649797,84.74185054343644,87.2730549351118,Estimación adecuada
Aguas Buenas,2020-2024,1,77.71291412855061,78.19269127689934,76.98431477436827,79.22779125592825,Estimación adecuada
Aguas Buenas,2020-2024,2,86.01372227536957,85.40936340811379,84.02648977723175,86.97137867950329,Estimación adecuada
Aibonito,1980-1984,1,71.20727896829324,71.57939500429005,70.61809221469,72.62088694560043,Estimación adecuada
Aibonito,1980-1984,2,78.10148160174786,78.26302681519856,76.89513510559328,79.80460424454272,Estimación adecuada
Aibonito,1985-1989,1,70.93804632594708,71.27199089156794,70.27592267246672,72.4704479755035,Estimación adecuada
Aibonito,1985-1989,2,79.48839408130232,79.13614277162804,77.91705220969145,80.49371500064703,Estimación adecuada
Aibonito,1990-1994,1,72.7988506012683,72.42675038852357,71.2852838668556,73.61710079264519,Estimación adecuada
Aibonito,1990-1994,2,79.2040372973333,79.11321928291908,77.95931467866771,80.00861319524033,Estimación adecuada
Aibonito,1995-1999,1,72.77760443633895,72.32885113530546,71.23950716490856,73.63502794679584,Estimación adecuada
Aibonito,1995-1999,2,79.65397963842348,79.51215598376739,78.53249410700838,80.9011046865408,Estimación adecuada
Aibonito,2000-2004,1,74.39460579414155,74.11789329949363,73.08889170589639,75.10426446290933,Estimación adecuada
Aibonito,2000-2004,2,80.67825254541816,80.75374043996337,79.49913686332954,81.71236580357495,Estimación adecuada
Aibonito,2005-2009,1,74.88960349978896,74.97113700448946,73.8297069087804,75.9792660515291,Estimación adecuada
Aibonito,2005-2009,2,81.30587533973025,81.31183915419562,80.33328711103209,82.47344395096607,Estimación adecuada
Aibonito,2010-2014,1,74.15371449624436,75.46011411539828,74.40772531314303,76.68336079683931,> e0 observado
Aibonito,2010-2014,2,82.83346667872438,82.78597922074998,81.7593743843475,84.22994788368325,Estimación adecuada
Aibonito,2015-2019,1,77.00855644451337,77.72094021580972,76.34607345600577,79.02404602648275,Estimación adecuada
Aibonito,2015-2019,2,83.92589167839914,84.40614146217145,83.18710145233484,85.76591320447412,Estimación adecuada
Aibonito,2020-2024,1,79.62044145372404,79.1170886548727,77.91752679350185,80.14207451175193,Estimación adecuada
Aibonito,2020-2024,2,85.54801976071055,85.67159602607543,84.12248452999721,86.9800082182267,Estimación adecuada
Anasco,1980-1984,1,72.01460523472085,71.56177722952239,70.58088835545374,72.56488839432984,Estimación adecuada
Anasco,1980-1984,2,76.47877169471658,76.78217601790489,75.68486871647217,77.92552803575637,Estimación adecuada
Anasco,1985-1989,1,71.42888891874672,71.47236350508007,70.43338911911442,72.32992060725437,Estimación adecuada
Anasco,1985-1989,2,76.49626365968555,77.13038826290543,76.02360242263032,77.97090963299743,Estimación adecuada
Anasco,1990-1994,1,70.05228247802772,70.62042035300016,69.6699295712717,71.79254572791967,Estimación adecuada
Anasco,1990-1994,2,77.19464732684078,77.5124943204818,76.54240987473781,78.52708685613995,Estimación adecuada
Anasco,1995-1999,1,71.8503650088804,71.31306386508363,70.53347737019529,72.26316141143377,Estimación adecuada
Anasco,1995-1999,2,77.85360337047756,77.82481927437726,76.85758779118004,78.83490150379929,Estimación adecuada
Anasco,2000-2004,1,74.35938543935956,73.86434744928945,72.85896515003682,74.7117381713361,Estimación adecuada
Anasco,2000-2004,2,80.6361937434096,80.25852537019028,79.33888257149337,81.48947966045125,Estimación adecuada
Anasco,2005-2009,1,76.96481061689505,75.86836864711529,74.86214033508409,76.69268652611402,< e0 observado
Anasco,2005-2009,2,82.18483587125668,81.55421506433616,80.39882889804535,82.79790921348977,Estimación adecuada
Anasco,2010-2014,1,76.38264162433823,75.88754800107628,75.08204786614908,76.73029670414422,Estimación adecuada
Anasco,2010-2014,2,83.0792504741019,82.70450359523215,81.60346839326947,83.85882805820616,Estimación adecuada
Anasco,2015-2019,1,78.19758272547156,77.76570953000206,76.67124112116713,78.86409825076078,Estimación adecuada
Anasco,2015-2019,2,85.54315717152748,84.88904268369996,83.67913143483128,86.17932979810485,Estimación adecuada
Anasco,2020-2024,1,77.16064670152906,77.36228584344002,76.2845950228806,78.40437754551367,Estimación adecuada
Anasco,2020-2024,2,83.21756305986028,84.25224220795144,83.27698157528775,85.44475156748382,> e0 observado
Arecibo,1980-1984,1,70.94822313738123,71.00807180375693,70.22692289169711,71.62537954431417,Estimación adecuada
Arecibo,1980-1984,2,77.54900544750468,77.40844807457911,76.62179240352611,78.07879689608964,Estimación adecuada
Arecibo,1985-1989,1,70.27186805457086,70.43646652275535,69.90255894811533,71.25638239511503,Estimación adecuada
Arecibo,1985-1989,2,77.07511338664264,77.15239025898529,76.38202884475041,77.79968563447721,Estimación adecuada
Arecibo,1990-1994,1,70.7566402122555,70.73439853338323,70.0341181009538,71.30748660465282,Estimación adecuada
Arecibo,1990-1994,2,77.82525476262934,77.7757934292969,77.12997808817562,78.56610900711033,Estimación adecuada
Arecibo,1995-1999,1,70.42422951948053,70.45130287330204,69.90689122902754,71.02062208508897,Estimación adecuada
Arecibo,1995-1999,2,77.67805190763367,77.69000777217244,77.10249435782828,78.35757114441788,Estimación adecuada
Arecibo,2000-2004,1,73.58677734329173,73.25978914266551,72.75345334911616,73.83795765496387,Estimación adecuada
Arecibo,2000-2004,2,80.17723082421405,79.89179459777917,79.04106216191056,80.6057820418113,Estimación adecuada
Arecibo,2005-2009,1,73.79746978285581,73.81797821225703,73.12966681687445,74.35799596970045,Estimación adecuada
Arecibo,2005-2009,2,80.99120726198103,80.58262906554418,79.99355159674187,81.41105584018958,Estimación adecuada
Arecibo,2010-2014,1,75.7499952369095,75.5970756527592,74.92274708204306,76.26770661057228,Estimación adecuada
Arecibo,2010-2014,2,81.99729917976788,81.61134413012046,81.07035703818637,82.263934211033785,Estimación adecuada
Arecibo,2015-2019,1,77.47760291858165,77.32322867985434,76.6470442992445,78.03603255702222,Estimación adecuada
Arecibo,2015-2019,2,84.62096334942434,84.24358028532876,83.69026187681047,84.96161452707202,Estimación adecuada
Arecibo,2020-2024,1,77.03404417797987,76.74465291188652,76.01562465716876,77.45169703335624,Estimación adecuada
Arecibo,2020-2024,2,83.99392652816302,83.64730947832373,83.08316714631621,84.44746342016666,Estimación adecuada
Arroyo,1980-1984,1,69.26197243419952,69.94179548281386,68.82372784270905,71.1136435040913,Estimación adecuada
Arroyo,1980-1984,2,77.70227943996014,77.59902988204995,76.36949256470726,79.14142584131548,Estimación adecuada
Arroyo,1985-1989,1,69.06544938666637,69.54315450183046,68.52481682725298,70.79095442108735,Estimación adecuada
Arroyo,1985-1989,2,76.53547803214356,76.61642697838744,75.6056259061811,78.08828545985324,Estimación adecuada
Arroyo,1990-1994,1,69.467701272295,69.97032166588272,68.53049007637495,70.99493086748326,Estimación adecuada
Arroyo,1990-1994,2,79.1638940521351,78.54465987214837,77.1395387140709,79.56506050599131,Estimación adecuada
Arroyo,1995-1999,1,69.35840651861476,70.18164823553097,68.96501536138885,71.31552147355796,Estimación adecuada
Arroyo,1995-1999,2,77.98473955428868,77.61661184365599,76.5488739644615,78.70713472431315,Estimación adecuada
Arroyo,2000-2004,1,72.46263355278661,72.62626698699589,71.34566065105952,73.56390942884389,Estimación adecuada
Arroyo,2000-2004,2,79.49462438506767,79.48745459030664,78.32069304337445,80.91843285911028,Estimación adecuada
Arroyo,2005-2009,1,73.52924324703847,73.73409520591571,72.44238980538067,74.63101564908189,Estimación adecuada
Arroyo,2005-2009,2,81.55925566302211,81.08582984424007,79.93403233019319,82.41362749517751,Estimación adecuada
Arroyo,2010-2014,1,73.74855783813933,74.35280071556735,73.52157021938828,75.53391492947341,Estimación adecuada
Arroyo,2010-2014,2,82.70095569618667,82.25596967257005,80.90135618317451,83.88973906103922,Estimación adecuada
Arroyo,2015-2019,1,74.8566557237882,76.46945369580999,75.05091851897905,77.53634208468225,> e0 observado
Arroyo,2015-2019,2,83.0866067343545,83.63847028478662,82.32251092782101,85.14641327117786,Estimación adecuada
Arroyo,2020-2024,1,77.15040742709186,76.87301526922337,75.51494273928742,78.07768977161655,Estimación adecuada
Arroyo,2020-2024,2,82.07042233229612,83.20165195844193,81.64090004649726,84.46194316139591,Estimación adecuada
Barceloneta,1980-1984,1,69.54208697130086,70.6043416812058,69.40006169595188,71.68526657624086,Estimación adecuada
Barceloneta,1980-1984,2,77.15945709054438,77.47837956383938,76.39837632211703,78.81468132029042,Estimación adecuada
Barceloneta,1985-1989,1,72.20256138308129,71.84699722416748,70.60375602957158,72.89787236638108,Estimación adecuada
Barceloneta,1985-1989,2,78.86869640220178,78.54801856987598,77.2306214220041,79.96199031070157,Estimación adecuada
Barceloneta,1990-1994,1,71.82801102859922,71.13593876328666,70.1473750284636,72.27920108753864,Estimación adecuada
Barceloneta,1990-1994,2,79.79778456534827,79.5686926677368,78.47073812476916,81.53805795327762,Estimación adecuada
Barceloneta,1995-1999,1,69.62763398284126,70.49574073318394,69.56788137391658,71.5820236756164,Estimación adecuada
Barceloneta,1995-1999,2,78.30155980616671,78.48700289271598,77.154388959382,79.68567098570182,Estimación adecuada
Barceloneta,2000-2004,1,74.25217285421826,73.62058174861292,72.48733042057225,74.89400471332678,Estimación adecuada
Barceloneta,2000-2004,2,80.98566728548113,80.23111270645032,79.23581255482685,81.50693330544193,Estimación adecuada
Barceloneta,2005-2009,1,75.14771749617947,74.64414391568971,73.66593438140812,75.72927874475953,Estimación adecuada
Barceloneta,2005-2009,2,83.11601404161499,82.39345930108273,81.26316935405356,83.86675499062021,Estimación adecuada
Barceloneta,2010-2014,1,75.38250616989667,75.54005054839737,74.4778708915926,76.63157513144047,Estimación adecuada
Barceloneta,2010-2014,2,83.08358460781069,82.6613749845551,81.62941829896566,83.88841063549769,Estimación adecuada
Barceloneta,2015-2019,1,79.11645760546239,77.81743531996004,76.67852996214992,79.05079750661845,< e0 observado
Barceloneta,2015-2019,2,85.56404930901091,85.01294070837369,83.92874973288846,86.60549824091818,Estimación adecuada
Barceloneta,2020-2024,1,75.82195956003592,76.04179431492366,75.10522254504644,77.07130732671823,Estimación adecuada
Barceloneta,2020-2024,2,84.21378427386206,84.42813801874756,83.10691895258083,85.73914201470663,Estimación adecuada
Barranquitas,1980-1984,1,71.33876197975141,71.76240244017701,70.36452854180864,72.52368517725716,Estimación adecuada
Barranquitas,1980-1984,2,77.30531169649653,77.80104183608198,76.42167845753967,78.98401453805607,Estimación adecuada
Barranquitas,1985-1989,1,71.51414892357278,71.54048976388404,70.44152837547456,72.8510740929936,Estimación adecuada
Barranquitas,1985-1989,2,77.76964050663393,78.12842138244704,76.76639158252144,79.56155428156978,Estimación adecuada
Barranquitas,1990-1994,1,70.61622752203239,71.1377319902192,69.82437577389936,71.95895808822536,Estimación adecuada
Barranquitas,1990-1994,2,80.19038720696513,79.45161471828195,78.49604964858963,81.04198817108391,Estimación adecuada
Barranquitas,1995-1999,1,71.30535167741402,71.07258734162876,70.16401865136712,71.85099309743515,Estimación adecuada
Barranquitas,1995-1999,2,77.36809189145215,78.13273539162182,76.90815490877064,79.3232751354333,Estimación adecuada
Barranquitas,2000-2004,1,73.94139576064687,73.9002598720189,73.13950833005724,75.02820065203787,Estimación adecuada
Barranquitas,2000-2004,2,80.92303201880848,81.02886948703407,79.70515722689836,82.41528630512872,Estimación adecuada
Barranquitas,2005-2009,1,75.7544247310515,75.34534236863195,74.36012231124943,76.66394040657568,Estimación adecuada
Barranquitas,2005-2009,2,83.34321773527964,82.82926032434058,81.883917993132,84.49291628135076,Estimación adecuada
Barranquitas,2010-2014,1,75.82434696179858,75.76966030872165,74.67760957052187,76.70989157033625,Estimación adecuada
Barranquitas,2010-2014,2,83.19916348644448,83.11774511330555,81.89850655110051,84.24378182487274,Estimación adecuada
Barranquitas,2015-2019,1,78.70088384920705,78.27065156286065,77.24208389007896,79.42753569812604,Estimación adecuada
Barranquitas,2015-2019,2,86.1569793140704,85.75813522939274,84.23929239578274,87.40131777573285,Estimación adecuada
Barranquitas,2020-2024,1,77.70140580259377,77.79359440714396,76.72807436173758,78.67769447345485,Estimación adecuada
Barranquitas,2020-2024,2,85.89659093832063,85.71165703054285,84.47313581364276,86.98251893880904,Estimación adecuada
Bayamon,1980-1984,1,72.04514701418194,72.0483876209631,71.51283287717834,72.51498660871707,Estimación adecuada
Bayamon,1980-1984,2,78.18054324807127,78.12812476736164,77.57311178219481,78.52299267371053,Estimación adecuada
Bayamon,1985-1989,1,71.5983747916107,71.62402571195348,71.09839669666152,72.21501152727726,Estimación adecuada
Bayamon,1985-1989,2,79.53402783138928,79.29318365327788,78.82811871605365,79.86173029011167,Estimación adecuada
Bayamon,1990-1994,1,69.4013098024391,69.63884561505243,69.09171595426727,70.17028409321026,Estimación adecuada
Bayamon,1990-1994,2,79.99809814237119,79.88789282793715,79.39649568168039,80.36227388588028,Estimación adecuada
Bayamon,1995-1999,1,70.77177966925491,70.86055825789634,70.40374641766832,71.40734598094298,Estimación adecuada
Bayamon,1995-1999,2,79.73301230251936,79.7524312687886,79.12749127938756,80.14480668013982,Estimación adecuada
Bayamon,2000-2004,1,73.5738231086305,73.62650974413742,73.16559891952673,74.07261472142929,Estimación adecuada
Bayamon,2000-2004,2,81.70891995330638,81.61683548689169,81.17187027577788,82.12820500542892,Estimación adecuada
Bayamon,2005-2009,1,74.78989094750837,74.86188216914925,74.42468902800748,75.26928943858553,Estimación adecuada
Bayamon,2005-2009,2,82.81400991090649,82.66846551021713,82.17748536977712,83.21965376758816,Estimación adecuada
Bayamon,2010-2014,1,76.39050901350164,76.35137552036608,75.83849453674596,76.88242418068917,Estimación adecuada
Bayamon,2010-2014,2,84.21195413174073,84.0790253616398,83.51763709206169,84.48440562544928,Estimación adecuada
Bayamon,2015-2019,1,77.4241342974101,77.57300246508152,77.0609856293901,78.09168169153168,Estimación adecuada
Bayamon,2015-2019,2,85.53635487807954,85.19969312454461,84.67616287949127,85.80692072604427,Estimación adecuada
Bayamon,2020-2024,1,76.28240347769595,76.33939308760102,75.79145551469102,76.9080489724758,Estimación adecuada
Bayamon,2020-2024,2,85.66531677680673,85.52454465205562,85.01345153731347,86.20649262664281,Estimación adecuada
Cabo Rojo,1980-1984,1,72.39724763936692,72.71056017815901,71.79993779560866,73.57073063088703,Estimación adecuada
Cabo Rojo,1980-1984,2,77.54158683750231,77.66318447254892,76.67323521147091,78.54329657171348,Estimación adecuada
Cabo Rojo,1985-1989,1,73.0487252974488,72.94015815857517,72.02316468813318,74.02193312544813,Estimación adecuada
Cabo Rojo,1985-1989,2,79.23917112625598,78.79983853856973,77.96337606280449,79.72771692624471,Estimación adecuada
Cabo Rojo,1990-1994,1,72.97925410251543,72.77954878591729,71.9168494879351,73.8004786141264,Estimación adecuada
Cabo Rojo,1990-1994,2,80.55409901002385,80.12491249856994,79.1164583950561,81.1499401901997,Estimación adecuada
Cabo Rojo,1995-1999,1,72.48815364764029,72.46741501634315,71.76672740289216,73.16031395146679,Estimación adecuada
Cabo Rojo,1995-1999,2,79.89647697006733,79.79888591066589,78.94658301143103,80.65912307367108,Estimación adecuada
Cabo Rojo,2000-2004,1,75.02839226790125,74.82875858821633,74.13256134954064,75.73871309068316,Estimación adecuada
Cabo Rojo,2000-2004,2,82.11872847252751,81.89332371365293,80.87898927968882,82.85327521322552,Estimación adecuada
Cabo Rojo,2005-2009,1,76.84328880547318,76.25347772589308,75.44901225805012,76.95852098803661,Estimación adecuada
Cabo Rojo,2005-2009,2,82.7883495500848,82.30346812401238,81.46674381600005,83.35450482986698,Estimación adecuada
Cabo Rojo,2010-2014,1,75.75368420461353,76.14160949327416,75.39300355187845,76.97886574546422,Estimación adecuada
Cabo Rojo,2010-2014,2,83.42815115673008,83.6360580826329,82.56953247116454,84.6849207868448,Estimación adecuada
Cabo Rojo,2015-2019,1,79.78583423632398,79.50715970627607,78.44110638901726,80.56809564071172,Estimación adecuada
Cabo Rojo,2015-2019,2,84.21493107845924,84.4340794494536,83.51144985842078,85.55152523241856,Estimación adecuada
Cabo Rojo,2020-2024,1,79.36891590464816,79.35744134407605,78.31304850577936,80.13327836678522,Estimación adecuada
Cabo Rojo,2020-2024,2,84.78014352257735,84.66617153197033,83.85899494773108,85.50328125441071,Estimación adecuada
Caguas,1980-1984,1,71.72229204508375,71.77281854318761,70.96410976237392,72.30797895435522,Estimación adecuada
Caguas,1980-1984,2,78.48100883851102,78.25672631310904,77.64617622258484,79.07977546856733,Estimación adecuada
Caguas,1985-1989,1,70.39381171255258,70.50829645626621,69.83733296454099,71.02887635188723,Estimación adecuada
Caguas,1985-1989,2,79.24402800001288,79.00605701621787,78.35980840170816,79.72398822972822,Estimación adecuada
Caguas,1990-1994,1,68.8176451180551,69.22210327718986,68.46147604846406,69.69950899123371,Estimación adecuada
Caguas,1990-1994,2,78.64358444378482,78.61577377398967,77.87582027978902,79.11800348106033,Estimación adecuada
Caguas,1995-1999,1,69.69055735609852,69.99868359405667,69.30824310122311,70.59282801489061,Estimación adecuada
Caguas,1995-1999,2,79.65612948337659,79.55112231819567,78.95968754780924,80.1100778371923,Estimación adecuada
Caguas,2000-2004,1,73.107794927577,73.21870781423837,72.631047965679,73.63543137403381,Estimación adecuada
Caguas,2000-2004,2,81.16770684291535,80.97341313826254,80.28858355486292,81.59829042582628,Estimación adecuada
Caguas,2005-2009,1,74.70961206827913,74.6743610464942,74.1573903649088,75.19271140880053,Estimación adecuada
Caguas,2005-2009,2,83.1696138038651,82.99560008238515,82.34651326347648,83.72536216942648,Estimación adecuada
Caguas,2010-2014,1,74.58554015299133,74.8765373278302,74.24173939335843,75.4620775643817,Estimación adecuada
Caguas,2010-2014,2,83.90600489563008,83.65009846796069,83.0130986283248,84.3828819690912,Estimación adecuada
Caguas,2015-2019,1,77.12465328076702,77.29186949776839,76.69862020936515,77.9514634326463,Estimación adecuada
Caguas,2015-2019,2,84.81913360231934,84.67662577701577,84.09257665846624,85.44636360855145,Estimación adecuada
Caguas,2020-2024,1,76.29588342135226,76.33699026990134,75.6852112347701,76.90591884956496,Estimación adecuada
Caguas,2020-2024,2,84.58890329073994,84.52447096136089,83.95052925135187,85.11131890009406,Estimación adecuada
Camuy,1980-1984,1,72.00953497661486,72.22408839513085,71.31383895606805,73.29963808771691,Estimación adecuada
Camuy,1980-1984,2,79.0481930632779,78.81953773701133,77.67211913653622,80.30057539351958,Estimación adecuada
Camuy,1985-1989,1,73.05563270338816,72.64636372414786,71.42490235765695,73.7851017761199,Estimación adecuada
Camuy,1985-1989,2,79.50251205629577,79.28908404434966,78.18272981869326,80.88330205438595,Estimación adecuada
Camuy,1990-1994,1,72.48592866320423,72.10983328607051,71.10705998223415,73.12224590415437,Estimación adecuada
Camuy,1990-1994,2,78.42074942707245,78.58747121318689,77.43384140241923,79.83273149814599,Estimación adecuada
Camuy,1995-1999,1,72.6730064081168,72.19409192521542,71.23386073793674,73.2610402673956,Estimación adecuada
Camuy,1995-1999,2,81.15887534595899,80.66537973075353,79.61389685215627,81.58663580331317,Estimación adecuada
Camuy,2000-2004,1,75.51776152008142,74.819003232807,73.9927487597882,75.64493133924313,Estimación adecuada
Camuy,2000-2004,2,81.38049051623702,80.80230542108058,79.74524722995326,81.60600575828543,Estimación adecuada
Camuy,2005-2009,1,76.01134322923592,75.46243471732421,74.54966166370056,76.71173143514272,Estimación adecuada
Camuy,2005-2009,2,83.37764861657536,82.75622154843794,81.38137800759684,84.1806397661008,Estimación adecuada
Camuy,2010-2014,1,77.47114401608678,76.41010766588063,75.54702997607674,77.29256528832796,< e0 observado
Camuy,2010-2014,2,83.52117698878536,83.16606079659545,82.23731554139685,84.41105659719946,Estimación adecuada
Camuy,2015-2019,1,78.31044325410552,78.03652400521418,77.02257825709063,78.88878055507685,Estimación adecuada
Camuy,2015-2019,2,85.3683244262729,85.02690236229579,83.89899457904163,86.41661359389867,Estimación adecuada
Camuy,2020-2024,1,78.26146309261183,77.83662194441844,77.02772377069101,78.89168259599106,Estimación adecuada
Camuy,2020-2024,2,85.47114665413858,85.37661916025459,84.19723349630348,86.7939588380531,Estimación adecuada
Canovanas,1980-1984,1,73.2999178869587,71.96428308722446,70.94509709101612,72.88478590624047,< e0 observado
Canovanas,1980-1984,2,80.06188590433086,78.63257348832937,77.12799387910803,80.09690856914784,Estimación adecuada
Canovanas,1985-1989,1,71.61537365310774,71.3579216388103,70.46749828077225,72.42000671216404,Estimación adecuada
Canovanas,1985-1989,2,78.2476656338885,77.83036278550281,76.73518678697197,78.95178998762643,Estimación adecuada
Canovanas,1990-1994,1,68.47857316458972,69.29760650075222,68.49069427324636,70.24739683188884,> e0 observado
Canovanas,1990-1994,2,78.32395417011651,78.11426826803554,77.10558431110368,79.36437831473299,Estimación adecuada
Canovanas,1995-1999,1,67.92417601162161,68.89590235105231,68.00635544760867,69.82565639289942,> e0 observado
Canovanas,1995-1999,2,77.19866982997894,77.2644364498276,76.36319739741515,78.07638644046334,Estimación adecuada
Canovanas,2000-2004,1,71.16133588099902,71.89680444161593,70.97880916460616,72.70541347365187,Estimación adecuada
Canovanas,2000-2004,2,79.89031657445086,79.74094849245111,78.85747499015915,81.04651649609957,Estimación adecuada
Canovanas,2005-2009,1,72.03527888088188,72.82872512380015,71.77126519351481,73.7801784845056,Estimación adecuada
Canovanas,2005-2009,2,82.20274877957495,81.82219679632007,80.54071708401229,82.90994189636527,Estimación adecuada
Canovanas,2010-2014,1,73.73163177655941,74.46750110492431,73.62137167118178,75.35341498889923,Estimación adecuada
Canovanas,2010-2014,2,82.38500533806449,81.92499267086662,80.93530361218654,83.04210153784732,Estimación adecuada
Canovanas,2015-2019,1,76.47578865798283,76.80419437416677,75.694651248909,77.88258422152771,Estimación adecuada
Canovanas,2015-2019,2,83.4705410867674,83.31471463899825,82.36577387571171,84.49885586191095,Estimación adecuada
Canovanas,2020-2024,1,75.27011547141527,75.51255980463522,74.79878521965111,76.45029626861051,Estimación adecuada
Canovanas,2020-2024,2,84.62181844092844,84.08229582822246,82.81108918305972,85.27418612392819,Estimación adecuada
Carolina,1980-1984,1,72.6794571065647,72.69700333592677,72.22512921275063,73.25552318187837,Estimación adecuada
Carolina,1980-1984,2,80.00245669766524,79.66190503241131,78.9023834056273,80.41354610122252,Estimación adecuada
Carolina,1985-1989,1,71.45905207579524,71.55273386440457,71.04260207538027,72.10592637776853,Estimación adecuada
Carolina,1985-1989,2,79.99533355118935,79.7894122386025,79.10164844944512,80.41066582535883,Estimación adecuada
Carolina,1990-1994,1,69.88961527032848,70.14934134350607,69.54355765992602,70.67791110360231,Estimación adecuada
Carolina,1990-1994,2,79.19273965392165,79.19509167116725,78.78731489976451,79.81882429046715,Estimación adecuada
Carolina,1995-1999,1,70.60394767924991,70.88526533038612,70.48976694934785,71.39800387364144,Estimación adecuada
Carolina,1995-1999,2,80.17066355341139,80.04959203179558,79.41037556427642,80.52451456854564,Estimación adecuada
Carolina,2000-2004,1,73.93076115352547,74.05782756480781,73.4534969531946,74.61855108925309,Estimación adecuada
Carolina,2000-2004,2,81.94990115891812,81.7189634239809,81.18045496654923,82.24201533365056,Estimación adecuada
Carolina,2005-2009,1,74.82294831043073,74.92045009905927,74.43724553841923,75.36787798765198,Estimación adecuada
Carolina,2005-2009,2,82.93347404417227,82.80898818277547,82.22108869783594,83.58662986521087,Estimación adecuada
Carolina,2010-2014,1,75.7216623224996,75.98591527038116,75.39883837045441,76.5728150731843,Estimación adecuada
Carolina,2010-2014,2,84.32702876051525,84.21698151269993,83.5580007281943,84.89700835688218,Estimación adecuada
Carolina,2015-2019,1,78.16150181754098,78.07253042993321,77.43658733603883,78.68198783270539,Estimación adecuada
Carolina,2015-2019,2,86.31301087441426,86.12585507907113,85.28211149393735,86.814198654232,Estimación adecuada
Carolina,2020-2024,1,78.61601699181084,78.48952055682072,77.92143209557081,79.01081312307366,Estimación adecuada
Carolina,2020-2024,2,85.92480146843513,85.51491778786271,84.97457820960211,86.14068508668132,Estimación adecuada
Catano,1980-1984,1,64.71158204088911,66.1557732548394,65.10510646518357,67.1001591318276,> e0 observado
Catano,1980-1984,2,75.60330232750007,75.46646934605033,74.20448500706505,76.62799582874314,Estimación adecuada
Catano,1985-1989,1,65.74843366392102,66.82007340498484,65.82314782342996,67.72147584262679,> e0 observado
Catano,1985-1989,2,78.65957711284251,77.48196278968308,76.10678318788376,78.93690201851766,Estimación adecuada
Catano,1990-1994,1,63.551421617424765,65.3492541177375,64.21825753756599,66.17717685274057,> e0 observado
Catano,1990-1994,2,77.73013012436986,77.33901078223026,76.19741744541997,78.56163197400416,Estimación adecuada
Catano,1995-1999,1,64.95894376240564,66.44461560818111,65.40529332524503,67.48149145371579,> e0 observado
Catano,1995-1999,2,77.8017354936669,77.534143069967,76.44529854672888,78.3049532487376,Estimación adecuada
Catano,2000-2004,1,69.54736006919788,70.44202198861032,69.35138553391236,71.52450914284839,Estimación adecuada
Catano,2000-2004,2,80.2420833723342,79.3117496699052,78.21863762767661,80.33226690724644,Estimación adecuada
Catano,2005-2009,1,70.0088463290445,70.8696222128535,69.74370451901447,72.2934850233367,Estimación adecuada
Catano,2005-2009,2,82.4846061988492,81.53342056722408,80.18008318303384,83.2351349925009,Estimación adecuada
Catano,2010-2014,1,73.04054164065786,73.34047728802949,72.27833804860038,74.50338185197589,Estimación adecuada
Catano,2010-2014,2,85.05347927327067,82.97793037838693,81.51183996056153,84.51439491363338,< e0 observado
Catano,2015-2019,1,73.65254048968006,74.65569375629272,73.71345622182665,76.01564445351,> e0 observado
Catano,2015-2019,2,86.94579083490224,85.40534833928038,83.58147499554188,87.46906815231594,Estimación adecuada
Catano,2020-2024,1,73.01737041087927,74.15117740363577,72.85292624029209,75.51671531577887,Estimación adecuada
Catano,2020-2024,2,86.0684794743231,84.84406119594622,83.71240811859539,86.78931055023602,Estimación adecuada
Cayey,1980-1984,1,71.32064492875627,71.15875927248362,70.0420300057396,71.93899116265445,Estimación adecuada
Cayey,1980-1984,2,76.88437352747384,77.18552219834946,76.20981013243261,78.17752070041718,Estimación adecuada
Cayey,1985-1989,1,69.35200072016079,69.9111851924537,69.04077953475861,70.56688443645567,Estimación adecuada
Cayey,1985-1989,2,78.24162311103663,78.06847105169524,76.88227044025362,79.20950442233044,Estimación adecuada
Cayey,1990-1994,1,69.27521430891126,69.82960157383964,69.03653525485241,70.5723284134457,Estimación adecuada
Cayey,1990-1994,2,78.16553833033852,78.20373279356525,77.36025838151645,79.27347480415688,Estimación adecuada
Cayey,1995-1999,1,70.01299547508536,70.59054258498958,69.69928681103323,71.27035570508322,Estimación adecuada
Cayey,1995-1999,2,78.87259018768239,78.80987187767562,77.99407699027795,79.84174367276279,Estimación adecuada
Cayey,2000-2004,1,73.68749999421473,73.54463186577414,72.88852106960226,74.47206725900483,Estimación adecuada
Cayey,2000-2004,2,81.22226473989993,80.60024827050728,79.68772794781756,81.51984129593608,Estimación adecuada
Cayey,2005-2009,1,73.99614368964569,74.58237606619772,73.69950485880481,75.42267872064099,Estimación adecuada
Cayey,2005-2009,2,82.1533699228688,81.71616287564828,80.83050326008629,82.51330270143868,Estimación adecuada
Cayey,2010-2014,1,75.00610378038506,75.53834448094838,74.7066422605055,76.49562179224344,Estimación adecuada
Cayey,2010-2014,2,83.73637939950336,83.31280465631565,82.22613449673513,84.43952398943449,Estimación adecuada
Cayey,2015-2019,1,78.54670044615935,78.35208972008549,77.49106565829544,79.3551832849098,Estimación adecuada
Cayey,2015-2019,2,85.74693279734878,85.0747208623651,84.21368539294627,86.06246206180546,Estimación adecuada
Cayey,2020-2024,1,79.40962956727441,79.3756559189033,78.40714091194008,80.527210722838,Estimación adecuada
Cayey,2020-2024,2,87.6006348574498,86.84846449294056,85.63746845782475,88.00584380287651,Estimación adecuada
Ceiba,1980-1984,1,72.14585176157938,71.59300710821225,70.59827460947443,73.00485160500111,Estimación adecuada
Ceiba,1980-1984,2,78.61104372786001,77.71201340670132,76.25737711658272,80.00645839136911,Estimación adecuada
Ceiba,1985-1989,1,70.6198183166503,70.54826918684464,69.877828329629,72.01158705211549,Estimación adecuada
Ceiba,1985-1989,2,79.13415807152825,78.28899526390806,77.0557579389517,79.7002619698417,Estimación adecuada
Ceiba,1990-1994,1,71.00935671117365,70.7960842916023,69.61428615454,72.08380851411547,Estimación adecuada
Ceiba,1990-1994,2,79.17042900270538,78.74131198032518,77.55502996785026,80.61587832890434,Estimación adecuada
Ceiba,1995-1999,1,72.51721647517238,71.5645928864373,70.52428702631687,72.51355703788361,< e0 observado
Ceiba,1995-1999,2,78.14728081414309,78.512293813931,77.00028345890274,79.77612087677309,Estimación adecuada
Ceiba,2000-2004,1,74.86667065353893,73.6937361768924,72.38177561200123,74.63309276165059,< e0 observado
Ceiba,2000-2004,2,80.68427804057518,80.86531148533959,79.51825043807503,82.24991817750387,Estimación adecuada
Ceiba,2005-2009,1,76.12252834869311,74.9575490359874,73.65770888125377,76.06363708346458,< e0 observado
Ceiba,2005-2009,2,82.7966883833198,82.03072927546707,80.4661580768544,84.38159380095593,Estimación adecuada
Ceiba,2010-2014,1,75.46412666889606,76.11390724510052,74.91481873572636,77.68604731322377,Estimación adecuada
Ceiba,2010-2014,2,81.41353267344712,82.2701137844559,80.85854778415037,84.5310566771108,Estimación adecuada
Ceiba,2015-2019,1,78.54557923356414,77.68853453232947,76.58062674805905,79.44612370719923,Estimación adecuada
Ceiba,2015-2019,2,86.20789836529356,85.42701621763447,83.70193340758249,88.14944064681723,Estimación adecuada
Ceiba,2020-2024,1,72.26101326760208,76.08886341774327,74.85408666834452,77.48273157704702,> e0 observado
Ceiba,2020-2024,2,81.87366447467527,84.04443226094925,82.4186711926168,85.54479052902694,> e0 observado
Ciales,1980-1984,1,73.3601690081269,72.73072929935279,71.58283687930872,74.08327788184535,Estimación adecuada
Ciales,1980-1984,2,79.08450788252533,78.82152458368944,77.57890924704581,80.54931899568633,Estimación adecuada
Ciales,1985-1989,1,73.80385799895002,73.01096037333727,71.92093945215498,74.40560992198661,Estimación adecuada
Ciales,1985-1989,2,79.25761748100682,79.13336925975372,77.79680304660228,81.01397811430057,Estimación adecuada
Ciales,1990-1994,1,72.25274862856378,71.9748584122779,70.90585741310096,73.20485378142703,Estimación adecuada
Ciales,1990-1994,2,79.82543814746265,79.44050301267387,78.38748497648943,80.9186099894186,Estimación adecuada
Ciales,1995-1999,1,71.42663286324974,71.77602391017405,70.5646091904054,73.04892144871465,Estimación adecuada
Ciales,1995-1999,2,79.238381112831,79.52645640044065,78.2755253688033,81.36824783658808,Estimación adecuada
Ciales,2000-2004,1,72.8877247015535,73.6413804030472,72.75505449214549,74.62758941083733,Estimación adecuada
Ciales,2000-2004,2,80.83769687356553,81.13533973667563,80.12092368968223,82.56495531415976,Estimación adecuada
Ciales,2005-2009,1,74.52536084511352,74.88513202037606,73.93333694444654,75.9648625577071,Estimación adecuada
Ciales,2005-2009,2,82.13836581268944,82.21462913858386,80.83959646517403,84.02977284037776,Estimación adecuada
Ciales,2010-2014,1,75.83944224399347,76.42082169699923,75.33990172104717,77.58478864272978,Estimación adecuada
Ciales,2010-2014,2,83.18525319463721,83.53655580259816,82.39170859874687,84.72631204866138,Estimación adecuada
Ciales,2015-2019,1,80.35963140996523,79.06567979760888,77.6911892708506,80.82153383378865,Estimación adecuada
Ciales,2015-2019,2,85.16754149388572,85.91397139228972,84.17983985402051,87.59697716516814,Estimación adecuada
Ciales,2020-2024,1,78.0952139934909,78.16733385429873,76.8078305860606,79.27049668633927,Estimación adecuada
Ciales,2020-2024,2,83.7838176468441,84.46633593242836,83.00245944965494,85.9156252384144,Estimación adecuada
Cidra,1980-1984,1,72.92625993210298,73.26987084483125,72.1990658382631,74.50904466815572,Estimación adecuada
Cidra,1980-1984,2,80.25294604658151,79.84804923003418,78.67792027064039,81.20275423107002,Estimación adecuada
Cidra,1985-1989,1,72.65671880748917,72.70183977695217,71.51793320367788,73.51452334830799,Estimación adecuada
Cidra,1985-1989,2,79.2640060129605,79.29155353251231,78.15682913417615,80.51198643196005,Estimación adecuada
Cidra,1990-1994,1,74.59270123853278,73.99393606336713,72.80724494794879,75.1194163703643,Estimación adecuada
Cidra,1990-1994,2,79.58259869878654,79.33839178735107,78.20491523318934,80.472903787776,Estimación adecuada
Cidra,1995-1999,1,74.21713653214772,73.80965336284046,72.84224181571156,74.65242349546654,Estimación adecuada
Cidra,1995-1999,2,80.46720179098129,80.77257862341679,79.44273034164962,81.9824947012606,Estimación adecuada
Cidra,2000-2004,1,76.1648075054388,75.78624902590943,74.85256796477469,76.69041612923579,Estimación adecuada
Cidra,2000-2004,2,83.06880741955162,82.65548569224018,81.35972773922273,83.63351775275794,Estimación adecuada
Cidra,2005-2009,1,76.2488157847596,76.18974490832969,75.37817263967213,77.42671215028432,Estimación adecuada
Cidra,2005-2009,2,83.29450873472624,83.20707682818015,82.03999738413329,84.35759228346538,Estimación adecuada
Cidra,2010-2014,1,77.33131059096634,77.62024211453183,76.7008433652657,78.71001387823387,Estimación adecuada
Cidra,2010-2014,2,83.46470181390174,83.37447238895373,82.49756232235366,84.54716699238196,Estimación adecuada
Cidra,2015-2019,1,78.97458456608396,79.22427116322028,78.45630367871817,80.1362844302241,Estimación adecuada
Cidra,2015-2019,2,84.69043178604441,85.14139139640253,83.89050747224019,86.74792690300808,Estimación adecuada
Cidra,2020-2024,1,79.7427353948676,79.62413588111323,78.46076413515127,80.8442908585849,Estimación adecuada
Cidra,2020-2024,2,85.33702768748,85.1925177159197,84.42264405452448,86.28150105064316,Estimación adecuada
Coamo,1980-1984,1,71.83261143264684,71.97550149327347,70.88087822600785,73.2009280883394,Estimación adecuada
Coamo,1980-1984,2,77.96592585526496,78.04663435696882,77.02388949338746,79.07231191199676,Estimación adecuada
Coamo,1985-1989,1,71.23431252697634,71.30558202282211,70.29867846539824,72.3358697832451,Estimación adecuada
Coamo,1985-1989,2,77.61875344002883,78.01803833246379,76.94437894270479,79.14192420789816,Estimación adecuada
Coamo,1990-1994,1,71.15206342123702,71.27999370408972,70.22251682459103,72.37651853662629,Estimación adecuada
Coamo,1990-1994,2,79.52007940092251,79.20737755880693,77.94851752588156,80.21146053391837,Estimación adecuada
Coamo,1995-1999,1,71.1960753395491,71.40552264064831,70.502820103032235,72.38206258468077,Estimación adecuada
Coamo,1995-1999,2,78.423903843953,78.67985342358409,77.7101626158338,79.8235406661654,Estimación adecuada
Coamo,2000-2004,1,73.24248106281058,73.24897858972615,72.44733986976209,74.10022731363676,Estimación adecuada
Coamo,2000-2004,2,81.2524184753369,80.88117963359787,80.01974413688754,82.11235916881127,Estimación adecuada
Coamo,2005-2009,1,76.67061680312946,75.70589514727868,74.67907648072477,76.58580443627775,< e0 observado
Coamo,2005-2009,2,82.50443120167047,82.08152395021355,80.95660260567772,83.3336377178635,Estimación adecuada
Coamo,2010-2014,1,76.08519397019607,75.99579018086706,75.08947716705768,76.88589429991632,Estimación adecuada
Coamo,2010-2014,2,82.76456200780567,82.44700333982178,81.41853458633352,83.47196864701289,Estimación adecuada
Coamo,2015-2019,1,76.3555860235564,76.7575240744257,75.61315679914848,77.72380015609701,Estimación adecuada
Coamo,2015-2019,2,84.32302802936533,84.40294046606505,83.17077219362318,85.70062180077528,Estimación adecuada
Coamo,2020-2024,1,78.73457128285159,78.13371067090398,76.99138417163297,79.07069460216348,Estimación adecuada
Coamo,2020-2024,2,85.32320664794793,85.17284343789935,83.99817020174802,86.57875064259146,Estimación adecuada
Comerio,1980-1984,1,72.39160599187598,72.24120184495354,70.9314718388818,73.5648086073935,Estimación adecuada
Comerio,1980-1984,2,80.50714392154065,79.31701715592556,78.07726399933193,81.04421162772125,Estimación adecuada
Comerio,1985-1989,1,72.46599051488649,71.92752548860173,70.9046264383129,73.19684976572974,Estimación adecuada
Comerio,1985-1989,2,79.35372018267553,79.15900232117538,77.9854810523318,80.61064109948852,Estimación adecuada
Comerio,1990-1994,1,72.63261964951914,71.91860969823284,70.64348586896682,72.96577244514572,Estimación adecuada
Comerio,1990-1994,2,78.0865724889923,78.62969398427663,77.05215098296902,79.79159303240297,Estimación adecuada
Comerio,1995-1999,1,71.13227286201818,71.40277174884876,70.17083074678658,72.48560720741708,Estimación adecuada
Comerio,1995-1999,2,78.32248610899435,78.52569887357488,77.4097493557619,79.84224283326029,Estimación adecuada
Comerio,2000-2004,1,73.74046365047266,73.73136692085613,72.42638889184141,74.93792125878508,Estimación adecuada
Comerio,2000-2004,2,80.19913305806267,80.3659720010385,79.19554031054122,81.4883980230154,Estimación adecuada
Comerio,2005-2009,1,75.30350166697882,75.03823267839216,74.04050585411528,76.36677186163107,Estimación adecuada
Comerio,2005-2009,2,81.75843965388886,81.8618657620807,80.52052677488304,83.08491386975766,Estimación adecuada
Comerio,2010-2014,1,77.88992392393747,76.95064375695259,75.86649853484832,78.35277326453476,Estimación adecuada
Comerio,2010-2014,2,83.20589003283447,82.86611878014745,81.64364669679884,84.43095908669946,Estimación adecuada
Comerio,2015-2019,1,76.11616223403381,76.85867104514945,75.70809771782059,78.0342711002249,Estimación adecuada
Comerio,2015-2019,2,84.47935763504815,84.30687009794268,83.07753756141182,85.73048583575974,Estimación adecuada
Comerio,2020-2024,1,75.23982921549162,76.28089847390501,75.19838047770602,77.28939190936214,Estimación adecuada
Comerio,2020-2024,2,83.75928924043123,83.59700895743195,82.41271265494504,84.89627877350196,Estimación adecuada
Corozal,1980-1984,1,72.8434269620364,72.39899922620654,71.5256726303742,73.74500032321833,Estimación adecuada
Corozal,1980-1984,2,78.49552695365927,78.23607850547207,76.78043582493484,79.55947259959055,Estimación adecuada
Corozal,1985-1989,1,74.16679537755694,73.18170730648716,72.31447047528094,74.28809444294268,Estimación adecuada
Corozal,1985-1989,2,78.31409571064404,78.36006798838534,77.19485886044282,79.6847308269601,Estimación adecuada
Corozal,1990-1994,1,71.27571092432538,71.60993987962337,70.43641472776613,72.53218107961038,Estimación adecuada
Corozal,1990-1994,2,78.71157989908842,78.75218945367351,77.6969413279453,80.04679547921154,Estimación adecuada
Corozal,1995-1999,1,71.90053240132126,72.19264646068184,71.31268904476111,73.109173725321,Estimación adecuada
Corozal,1995-1999,2,81.05061971042039,80.23803029649281,79.07387984094765,81.3085149179407,Estimación adecuada
Corozal,2000-2004,1,75.40121472632262,75.0519287256161,74.22252651903614,76.20593223917791,Estimación adecuada
Corozal,2000-2004,2,82.32727029969571,81.9569302255243,80.73816354274709,83.7442971218612,Estimación adecuada
Corozal,2005-2009,1,75.29676896497347,75.50175650367743,74.73698539229508,76.45203399602472,Estimación adecuada
Corozal,2005-2009,2,81.7668888989548,81.67878629058507,80.57151904302523,82.86826723168227,Estimación adecuada
Corozal,2010-2014,1,76.61800376671373,76.69936815548049,75.75287874301604,77.6944435742466,Estimación adecuada
Corozal,2010-2014,2,83.99620064198638,83.8606919140162,82.67103500401448,85.40603228094801,Estimación adecuada
Corozal,2015-2019,1,78.84838673591865,78.30052761970184,77.4083627657921,79.39735597338182,Estimación adecuada
Corozal,2015-2019,2,84.36621340480359,84.63398372410958,83.52184846057207,86.03386005067799,Estimación adecuada
Corozal,2020-2024,1,76.44862204173214,77.33079647524687,76.18008057229184,78.48906446244771,Estimación adecuada
Corozal,2020-2024,2,85.0591201159125,85.34621926144604,83.80354785364021,86.51125180408889,Estimación adecuada
Culebra,1980-1984,1,94.69722323815856,73.36204724146496,71.2213960572058,75.9276773024417,< e0 observado
Culebra,1980-1984,2,77.11141651027592,80.22654373544216,77.47959559232208,85.51899665359369,> e0 observado
Culebra,1985-1989,1,76.63588305134152,72.84522194714215,70.8928069629282,74.8344721309031,< e0 observado
Culebra,1985-1989,2,84.99417166658453,80.78036616908777,78.45347433823707,83.9618268339762,< e0 observado
Culebra,1990-1994,1,75.23127689590049,72.33362119426437,70.26687300728175,74.12034946388547,< e0 observado
Culebra,1990-1994,2,82.2361338517014,80.67127365162585,78.31915304894372,83.89881833527772,Estimación adecuada
Culebra,1995-1999,1,72.53390965878926,72.76252771602066,70.660158925751,74.86561775975554,Estimación adecuada
Culebra,1995-1999,2,82.74787501668122,81.69045050485974,77.4497590047427,88.38398221238288,Estimación adecuada
Culebra,2000-2004,1,83.74648606676807,75.3330080845241,73.48657460862313,77.213125456135,< e0 observado
Culebra,2000-2004,2,81.63132549875367,83.01767770820449,80.90045021587477,86.59960354073229,Estimación adecuada
Culebra,2005-2009,1,79.35518350612848,76.16231163362079,74.20673224271928,78.56733529145623,< e0 observado
Culebra,2005-2009,2,87.82645600917449,84.09612531511488,81.68009661423072,87.7281001613147,< e0 observado
Culebra,2010-2014,1,73.27486001063872,77.00597256657719,75.08407391282589,78.92570063143215,> e0 observado
Culebra,2010-2014,2,84.63331186955911,84.84105901169323,82.42871610437007,88.55145661581267,Estimación adecuada
Culebra,2015-2019,1,73.7782353124013,78.29196819069685,76.26201465867686,80.1242631719611,> e0 observado
Culebra,2015-2019,2,82.80860574041759,86.02928247408711,83.12611756247657,90.43044394630766,> e0 observado
Culebra,2020-2024,1,71.17558414919206,77.81696394666145,75.96249652734116,80.06279143979245,> e0 observado
Culebra,2020-2024,2,81.75048505604273,85.21284205686585,82.40365611905808,87.52131822307857,> e0 observado
Dorado,1980-1984,1,73.06768394242143,72.75523877211165,71.71328167485942,74.10774380257736,Estimación adecuada
Dorado,1980-1984,2,79.57134292897321,79.10911668723111,77.78325925177371,80.36591134061493,Estimación adecuada
Dorado,1985-1989,1,70.98138714935332,71.14178019036295,70.11977302044482,72.01687648429899,Estimación adecuada
Dorado,1985-1989,2,79.66708794032925,79.13211495691448,78.17095209592571,80.51906226143609,Estimación adecuada
Dorado,1990-1994,1,70.60163270459446,71.25251842424218,70.18255969189542,72.1185313672757,Estimación adecuada
Dorado,1990-1994,2,79.66123740902555,79.44866474917798,78.33914700342555,80.63828646255013,Estimación adecuada
Dorado,1995-1999,1,71.14661901491276,71.5202939899226,70.6063078314416,72.66712297895285,Estimación adecuada
Dorado,1995-1999,2,79.34231212268777,79.55790191242664,78.65063590573045,80.7840316430875,Estimación adecuada
Dorado,2000-2004,1,72.80125816712727,73.2661433657874,72.31030316449676,74.3487068862629,Estimación adecuada
Dorado,2000-2004,2,80.51547250678337,80.27256905902594,79.30266186741534,81.18383794881619,Estimación adecuada
Dorado,2005-2009,1,74.74216888739862,75.09715070180746,74.26048393255516,76.2572650466565,Estimación adecuada
Dorado,2005-2009,2,81.55921742419945,81.5280395290132,80.60033137513018,82.48249418571018,Estimación adecuada
Dorado,2010-2014,1,77.3972526095473,77.38047471226544,76.51267111162329,78.45629934665146,Estimación adecuada
Dorado,2010-2014,2,83.78650120499329,83.52751658812997,82.28293630912945,84.69730268732556,Estimación adecuada
Dorado,2015-2019,1,79.05317477178703,78.56210454825091,77.54049075425633,79.33614969455405,Estimación adecuada
Dorado,2015-2019,2,85.0361331038058,85.14080072641386,83.93162948072242,86.8142640257972,Estimación adecuada
Dorado,2020-2024,1,77.54648054972814,77.74381366939227,76.88048492673214,78.69220350066485,Estimación adecuada
Dorado,2020-2024,2,87.81728727976584,86.62233028701672,85.2106364170726,87.91559346817182,Estimación adecuada
Fajardo,1980-1984,1,70.97992961345321,70.49965114342068,69.5841718170276,71.2685907718508,Estimación adecuada
Fajardo,1980-1984,2,77.4034006461853,76.90583544287878,75.66935820550731,77.8931002526432,Estimación adecuada
Fajardo,1985-1989,1,71.1887876704971,70.72607681350047,69.93027109042673,71.80228228633206,Estimación adecuada
Fajardo,1985-1989,2,77.37337374894558,77.18920930097829,76.31763351055491,78.27903150556168,Estimación adecuada
Fajardo,1990-1994,1,68.18099629812696,68.646203121833,67.7132540371176,69.69661476698337,Estimación adecuada
Fajardo,1990-1994,2,78.11474876521702,77.9198897144089,77.00743158664241,78.8153137871677,Estimación adecuada
Fajardo,1995-1999,1,69.86154006659808,69.98673517479817,69.33646879894052,70.83334277638606,Estimación adecuada
Fajardo,1995-1999,2,78.82934233659792,78.61029697656551,77.62920683901058,79.41007450887075,Estimación adecuada
Fajardo,2000-2004,1,71.85134936418909,72.00843393135685,71.0908578876019,73.26832579777081,Estimación adecuada
Fajardo,2000-2004,2,80.31491904964011,79.77270743287849,78.94654629084461,80.82819054244044,Estimación adecuada
Fajardo,2005-2009,1,72.01498955956528,72.54772337743495,71.51424557812948,73.34985498894787,Estimación adecuada
Fajardo,2005-2009,2,80.42579698255476,80.3149055923766,79.35305277434647,81.18944684601492,Estimación adecuada
Fajardo,2010-2014,1,73.1648079564502,74.21692950939038,73.25602893335098,75.10828352019936,> e0 observado
Fajardo,2010-2014,2,81.74247222384632,81.26391053049335,80.49854114349966,82.3988046823542,Estimación adecuada
Fajardo,2015-2019,1,76.15087862256587,76.572967700233,75.39145900033783,78.04138033070008,Estimación adecuada
Fajardo,2015-2019,2,83.7123556023456,83.62727001632359,82.79141661059866,84.89571719038751,Estimación adecuada
Fajardo,2020-2024,1,74.31868957649468,74.90388205357445,73.96001510071116,75.82980029406897,Estimación adecuada
Fajardo,2020-2024,2,83.33111283123691,83.38806817030633,82.49446345487996,84.30889023461667,Estimación adecuada
Florida,1980-1984,1,71.06938753374574,71.50870978694726,69.90569337167166,72.77582123220228,Estimación adecuada
Florida,1980-1984,2,79.21775098528943,78.54490543278163,77.01749536439405,80.22085009503672,Estimación adecuada
Florida,1985-1989,1,70.64603223425698,70.92012875384556,69.58476474679898,72.51378651818595,Estimación adecuada
Florida,1985-1989,2,74.85144353276169,77.21661220666768,75.62866004578594,78.75417478679171,> e0 observado
Florida,1990-1994,1,70.01533527514864,70.65450701223415,69.18255127249611,71.86256800387255,Estimación adecuada
Florida,1990-1994,2,75.40391537650423,77.06001689791876,75.8130138319876,78.63043478132899,> e0 observado
Florida,1995-1999,1,71.65894113726901,71.59105151173631,70.35739431988503,73.17728124163176,Estimación adecuada
Florida,1995-1999,2,77.29790147374477,78.04870555808063,76.50696597518501,79.33895467837807,Estimación adecuada
Florida,2000-2004,1,75.01444427678842,73.9502190078062,72.82679545561312,75.55304188598444,Estimación adecuada
Florida,2000-2004,2,81.08965307946796,80.67310698374231,79.32276545446325,82.26205251745407,Estimación adecuada
Florida,2005-2009,1,76.54783220170152,74.66447177270841,73.64097282355861,76.24942210591956,< e0 observado
Florida,2005-2009,2,80.52310433234075,80.8442470443018,79.38011685267612,82.45779875436268,Estimación adecuada
Florida,2010-2014,1,79.58931937931183,77.2895143281776,75.85253661469754,79.01509759245876,< e0 observado
Florida,2010-2014,2,84.35262381150902,83.03678874346855,81.65593658512505,85.18637096038475,Estimación adecuada
Florida,2015-2019,1,77.39963673465637,77.17285641322717,76.19012008969985,78.54175454246541,Estimación adecuada
Florida,2015-2019,2,83.04749257512822,83.84452047114034,82.35963271684503,85.55077612194947,Estimación adecuada
Florida,2020-2024,1,76.48138637441758,77.11190879259341,76.03248498394171,78.30486645666997,Estimación adecuada
Florida,2020-2024,2,86.57028869211995,86.00609557200761,83.91632097175193,88.00912854783124,Estimación adecuada
Guanica,1980-1984,1,70.29160656173029,69.993148794328,68.77031704569454,71.24733369571138,Estimación adecuada
Guanica,1980-1984,2,77.02589204137094,76.46343192223358,75.18277304590825,77.85944818134902,Estimación adecuada
Guanica,1985-1989,1,69.64590752945972,69.45818964071881,68.38730601918235,70.86047854050973,Estimación adecuada
Guanica,1985-1989,2,76.96194389846337,76.62628420965231,75.54084958149225,77.96491407252219,Estimación adecuada
Guanica,1990-1994,1,69.00330089577055,69.11741158345812,67.82588892629028,70.19127645469864,Estimación adecuada
Guanica,1990-1994,2,77.43314529873244,77.07340799491999,75.94753347437307,78.43870690270917,Estimación adecuada
Guanica,1995-1999,1,68.75925697690468,69.31783205978692,68.28866931590008,70.34699419018125,Estimación adecuada
Guanica,1995-1999,2,76.88365176255945,76.95364604296145,75.92692921065581,78.2015597524398,Estimación adecuada
Guanica,2000-2004,1,72.36855900985053,71.93741219369824,70.95413175423437,72.96262257829366,Estimación adecuada
Guanica,2000-2004,2,78.3128127578213,78.65156541246452,77.43608805574671,79.82548985142844,Estimación adecuada
Guanica,2005-2009,1,71.69965700518571,72.1999031695761,70.96018653250806,73.23126082116877,Estimación adecuada
Guanica,2005-2009,2,80.3960001801447,79.8123579183235,78.79092699988242,80.96865246392821,Estimación adecuada
Guanica,2010-2014,1,75.43056531334524,74.55959144812456,73.23184076557656,75.61756655831553,Estimación adecuada
Guanica,2010-2014,2,80.57778836738088,81.01197491799759,80.01008508555452,82.3524348723236,Estimación adecuada
Guanica,2015-2019,1,74.6061778340804,74.72459519188158,73.64360095690432,75.9034697378155,Estimación adecuada
Guanica,2015-2019,2,81.3148683326643,81.5886133429356,80.41122793346213,83.12405924777802,Estimación adecuada
Guanica,2020-2024,1,73.35967274163447,74.48345328406111,73.52272042405475,75.71946797894947,> e0 observado
Guanica,2020-2024,2,82.11869011623037,81.83730201023744,80.83628881002446,83.27862864191297,Estimación adecuada
Guayama,1980-1984,1,70.24592277647761,70.21044736052869,69.1676315846601,71.45449316051395,Estimación adecuada
Guayama,1980-1984,2,76.94736099895414,76.72947049905183,75.6572538774453,77.62078732399331,Estimación adecuada
Guayama,1985-1989,1,69.18407376779939,69.38326021709011,68.47235146138459,70.17742757513014,Estimación adecuada
Guayama,1985-1989,2,77.01984994163914,76.89201658329623,76.05303220008017,77.96378067209665,Estimación adecuada
Guayama,1990-1994,1,69.12774545799293,69.59995165398347,68.5245127716035,70.553446892193,Estimación adecuada
Guayama,1990-1994,2,78.26536534527779,77.7911209365473,77.00295057868388,78.99873039589238,Estimación adecuada
Guayama,1995-1999,1,69.89298463348949,70.12511971826625,69.23821277096005,71.11653680627839,Estimación adecuada
Guayama,1995-1999,2,79.36097539479375,78.65179333589208,77.75003802188765,79.6857870674913,Estimación adecuada
Guayama,2000-2004,1,71.73959231092829,71.88233516837911,70.98786148286109,72.73991558339077,Estimación adecuada
Guayama,2000-2004,2,80.42361640554877,80.06655074769117,79.1407888855952,81.04177323870344,Estimación adecuada
Guayama,2005-2009,1,74.004627225837,73.71566726484633,73.0120796759318,74.64927315535496,Estimación adecuada
Guayama,2005-2009,2,80.66196990050479,80.43729541303581,79.42445677145585,81.35024267930848,Estimación adecuada
Guayama,2010-2014,1,76.0922078825251,75.56351680736378,74.56929064461278,76.24844071178231,Estimación adecuada
Guayama,2010-2014,2,82.22460967328485,81.83528638020132,80.96249644529681,82.98827979467337,Estimación adecuada
Guayama,2015-2019,1,76.61959145312574,76.54793138657256,75.66857014147058,77.43013086838641,Estimación adecuada
Guayama,2015-2019,2,83.4142713899816,83.34492232338357,82.2948885706686,84.45001892470613,Estimación adecuada
Guayama,2020-2024,1,73.93879414262592,75.17564934151164,74.43117236968314,75.8335366591383,> e0 observado
Guayama,2020-2024,2,82.33975114826434,82.49430072149757,81.616300696003,83.39217482548584,Estimación adecuada
Guayanilla,1980-1984,1,72.58983279684577,71.71622761452397,70.59487284786454,72.93436240301146,Estimación adecuada
Guayanilla,1980-1984,2,77.53353824728316,77.52352382922575,76.13756177725952,78.70486716203396,Estimación adecuada
Guayanilla,1985-1989,1,70.73661721916349,70.40793385587064,69.50451878089201,71.6868228102366,Estimación adecuada
Guayanilla,1985-1989,2,76.86235560972376,76.79832703930063,75.72350581644824,77.74054372740079,Estimación adecuada
Guayanilla,1990-1994,1,72.37752924339648,71.2723079467631,70.35095472748378,72.40437304325167,Estimación adecuada
Guayanilla,1990-1994,2,78.55250974931681,77.89525498934938,76.99045255197049,78.96593510866023,Estimación adecuada
Guayanilla,1995-1999,1,72.22131902455737,71.37026775750262,70.5397985894947,72.44735886279383,Estimación adecuada
Guayanilla,1995-1999,2,79.14608996325278,78.66584271196186,77.45717269818107,79.80735036192543,Estimación adecuada
Guayanilla,2000-2004,1,74.05744082522244,73.5341672291652,72.31734872329235,74.54342771160867,Estimación adecuada
Guayanilla,2000-2004,2,80.06971551607721,79.84762050388889,78.69902080499962,80.91984499738538,Estimación adecuada
Guayanilla,2005-2009,1,73.36781184296053,73.81923524417061,72.48246331093924,74.97366282810913,Estimación adecuada
Guayanilla,2005-2009,2,79.74433091795808,79.6458946318846,78.45678881538902,80.72670241003637,Estimación adecuada
Guayanilla,2010-2014,1,77.2541883457964,76.03852499278511,74.87377405620926,77.19627431121066,< e0 observado
Guayanilla,2010-2014,2,79.95617529124827,80.82137527676278,79.75794720796628,82.40836729807835,Estimación adecuada
Guayanilla,2015-2019,1,74.50306944491258,76.11219959487718,74.93474591265647,77.2991950954543,> e0 observado
Guayanilla,2015-2019,2,85.47648018860491,84.20550809355335,82.70196257013231,86.27555925337613,Estimación adecuada
Guayanilla,2020-2024,1,73.73722385919334,75.14352342770239,73.98909708449125,76.3485532473617,> e0 observado
Guayanilla,2020-2024,2,84.46851671921503,84.4748200242571,83.07695779956762,86.24383124224025,Estimación adecuada
Guaynabo,1980-1984,1,73.33304020193007,73.25851331638063,72.52577973150782,73.94492015303052,Estimación adecuada
Guaynabo,1980-1984,2,79.57395565229348,79.44058325800162,78.57903464249776,80.25644793324324,Estimación adecuada
Guaynabo,1985-1989,1,73.30720790413426,73.3134657547952,72.62299286531834,74.00505525685108,Estimación adecuada
Guaynabo,1985-1989,2,80.7449894765543,80.49334705824816,79.65617708660622,81.19156919178806,Estimación adecuada
Guaynabo,1990-1994,1,71.64759712414893,71.93132311204809,71.30624585802893,72.72605957026468,Estimación adecuada
Guaynabo,1990-1994,2,80.46155681333546,80.3989160716635,79.60214102108694,81.43617330802351,Estimación adecuada
Guaynabo,1995-1999,1,71.70557982807048,72.18625623431147,71.48867050393406,72.8490396454393,Estimación adecuada
Guaynabo,1995-1999,2,81.61582636139954,81.38437666127365,80.701216604827,82.06684545761857,Estimación adecuada
Guaynabo,2000-2004,1,74.5460879922691,74.87881247413063,74.1787963579378,75.6970871923456,Estimación adecuada
Guaynabo,2000-2004,2,82.43363591097874,82.33532044901358,81.50786782534317,83.03746385721989,Estimación adecuada
Guaynabo,2005-2009,1,75.40004142189414,75.81239973235233,75.25121760955713,76.40421274998295,Estimación adecuada
Guaynabo,2005-2009,2,83.59622113263238,83.48928546403718,82.64086518458376,84.27980631979156,Estimación adecuada
Guaynabo,2010-2014,1,77.3578270076508,77.50067270460573,76.80586800722836,78.37077910962452,Estimación adecuada
Guaynabo,2010-2014,2,84.62289097742051,84.39840689648189,83.80103386246952,85.08184445422376,Estimación adecuada
Guaynabo,2015-2019,1,79.63090232574721,79.47543484458984,78.59970800418105,80.27261370571647,Estimación adecuada
Guaynabo,2015-2019,2,86.62280196774702,86.37327583311058,85.57818792413278,87.12280088848178,Estimación adecuada
Guaynabo,2020-2024,1,77.36899877443203,77.74921719141389,77.19781424811626,78.56378241891015,Estimación adecuada
Guaynabo,2020-2024,2,86.85241919025239,86.63431748739586,85.79633125092188,87.5327891712467,Estimación adecuada
Gurabo,1980-1984,1,72.10043466021936,72.16485649862283,70.8314570276179,73.13107678400011,Estimación adecuada
Gurabo,1980-1984,2,77.21298943234297,77.75567611643845,76.5344093604092,78.91187341616205,Estimación adecuada
Gurabo,1985-1989,1,72.09864341259255,72.08486990501754,70.92672945300797,73.06456486777088,Estimación adecuada
Gurabo,1985-1989,2,77.83980186096333,78.05674099449138,77.20059120227175,79.24031486054827,Estimación adecuada
Gurabo,1990-1994,1,70.06358422124045,70.62787194674178,69.81490100345468,71.48997484246692,Estimación adecuada
Gurabo,1990-1994,2,78.93586566639773,78.81050628398282,77.7005192946211,80.0526751496744,Estimación adecuada
Gurabo,1995-1999,1,72.62979875914179,72.494302071618,71.56064178917751,73.5085449309434,Estimación adecuada
Gurabo,1995-1999,2,78.37596544908041,78.78236699407452,77.57962693375387,79.99963681246406,Estimación adecuada
Gurabo,2000-2004,1,73.72455425616529,73.9558157203939,72.96612081412405,74.80773469021918,Estimación adecuada
Gurabo,2000-2004,2,82.16347596555325,81.68628136510691,80.71290582695492,82.4060646642802,Estimación adecuada
Gurabo,2005-2009,1,75.38673648949066,75.68304794469798,74.4168263656289,76.55002186182001,Estimación adecuada
Gurabo,2005-2009,2,82.71710063140857,82.31810373799553,81.16049242339122,83.44756309943767,Estimación adecuada
Gurabo,2010-2014,1,75.74184183502217,76.25946698493793,75.38311183418207,77.14193614793484,Estimación adecuada
Gurabo,2010-2014,2,83.66012445857517,83.47659382093372,82.3816107340873,84.23531855714931,Estimación adecuada
Gurabo,2015-2019,1,77.82655629619259,77.95518331692918,76.94687126571394,79.0166345000193,Estimación adecuada
Gurabo,2015-2019,2,86.3751275135532,85.9878773894723,84.55805207501125,87.51567078514834,Estimación adecuada
Gurabo,2020-2024,1,78.1508349062683,77.70220050317425,76.91912055589582,78.53243118018324,Estimación adecuada
Gurabo,2020-2024,2,85.11563140762924,84.91217022182461,83.88377257120928,85.97266337192055,Estimación adecuada
Hatillo,1980-1984,1,71.99152036613721,72.44811335121125,71.44431473650485,73.35790620767354,Estimación adecuada
Hatillo,1980-1984,2,78.9802986931572,78.86813869896673,77.60967683224138,80.15755017255881,Estimación adecuada
Hatillo,1985-1989,1,72.73472078364017,72.46221351445881,71.45281443944614,73.62021706988335,Estimación adecuada
Hatillo,1985-1989,2,79.39464399636921,79.23120597012044,78.35751456877989,80.60089586763101,Estimación adecuada
Hatillo,1990-1994,1,72.2998423174012,72.12284446582788,70.99177949240816,73.17617739131498,Estimación adecuada
Hatillo,1990-1994,2,78.56900864145167,78.39715440705942,77.65281146707565,79.1545744220042,Estimación adecuada
Hatillo,1995-1999,1,72.51848608651568,72.2897616776132,71.23982711796401,73.16082230347914,Estimación adecuada
Hatillo,1995-1999,2,78.33281615395789,78.42037447770667,77.4540217450758,79.29875658170218,Estimación adecuada
Hatillo,2000-2004,1,74.45467151298737,74.12156163091625,73.33367109472721,74.84592893579556,Estimación adecuada
Hatillo,2000-2004,2,80.50637914886045,80.35852314182486,79.33044704113382,81.26032943385005,Estimación adecuada
Hatillo,2005-2009,1,75.71645524793598,75.31253127746567,74.48532818856094,76.29462826761421,Estimación adecuada
Hatillo,2005-2009,2,81.90357972932111,81.8440765122362,80.66728091961608,82.70090778128119,Estimación adecuada
Hatillo,2010-2014,1,77.71502056183984,76.9801578089314,76.14114624241992,77.8712307745354,Estimación adecuada
Hatillo,2010-2014,2,83.87031312176076,83.43830213431053,82.30657349348064,84.91540693699633,Estimación adecuada
Hatillo,2015-2019,1,79.67724729389147,79.02877098433856,77.89989453728153,80.12429332975728,Estimación adecuada
Hatillo,2015-2019,2,84.83403759511111,84.48609205908811,83.31566898830266,85.48415711201571,Estimación adecuada
Hatillo,2020-2024,1,78.47632497278812,78.24409464030767,77.22695540645348,79.17673221845078,Estimación adecuada
Hatillo,2020-2024,2,86.14610937096411,85.21395049506037,84.1777892648789,86.59193304667505,Estimación adecuada
Hormigueros,1980-1984,1,74.05856561737721,73.71237550070154,72.2579602702763,75.02164767389112,Estimación adecuada
Hormigueros,1980-1984,2,79.84974137268954,79.9382243397807,78.45835249563432,82.55070113767782,Estimación adecuada
Hormigueros,1985-1989,1,73.08737524946572,73.0228674283374,71.87307568188334,73.94791369344253,Estimación adecuada
Hormigueros,1985-1989,2,77.720059693455,79.16390385454052,77.7342766927536,80.33327944803659,> e0 observado
Hormigueros,1990-1994,1,74.61350802067456,73.42920820042403,72.11170321742003,74.44643881889682,< e0 observado
Hormigueros,1990-1994,2,81.39461486989457,80.64967713108001,78.78713544966223,82.46181467962826,Estimación adecuada
Hormigueros,1995-1999,1,74.87703445651637,73.6776186465982,72.44668866292793,74.74223544229146,< e0 observado
Hormigueros,1995-1999,2,80.45280069334801,80.26372807126592,79.11855080287714,81.70595770120659,Estimación adecuada
Hormigueros,2000-2004,1,75.50618073944777,75.22474400778358,74.21201377193917,76.34989906517859,Estimación adecuada
Hormigueros,2000-2004,2,82.3521641939344,81.94547658769426,80.7686294510236,83.62811385557606,Estimación adecuada
Hormigueros,2005-2009,1,76.10054922666298,76.39464222581381,75.22298546197314,77.5950281028424,Estimación adecuada
Hormigueros,2005-2009,2,84.62944320284578,83.49704629509972,82.27003897591163,85.26511625726948,Estimación adecuada
Hormigueros,2010-2014,1,76.11918178416535,76.99674526804242,75.72663233099337,78.25708999032028,Estimación adecuada
Hormigueros,2010-2014,2,82.71051389712174,83.53543096262135,82.12317581061343,84.91122162089215,Estimación adecuada
Hormigueros,2015-2019,1,77.91392313609006,78.4848718045611,77.34062922525776,79.52243772549495,Estimación adecuada
Hormigueros,2015-2019,2,85.81866120513573,86.39930576422708,84.69431226926437,87.85639711645938,Estimación adecuada
Hormigueros,2020-2024,1,78.36911216509105,78.87586288884323,77.59096004433701,80.43615049521387,Estimación adecuada
Hormigueros,2020-2024,2,86.17552522276296,85.9696110153,84.3983754996815,87.74658769052189,Estimación adecuada
Humacao,1980-1984,1,70.58258576927221,70.82788243598675,70.03385898965526,71.74884959028783,Estimación adecuada
Humacao,1980-1984,2,75.89477228552336,76.1923980034201,75.2855826990164,77.08913610050075,Estimación adecuada
Humacao,1985-1989,1,70.67071512913827,70.7515169770129,69.81875563412677,71.75293659474357,Estimación adecuada
Humacao,1985-1989,2,78.26869595391119,78.02796312900816,77.14538005809435,78.95743027190449,Estimación adecuada
Humacao,1990-1994,1,69.59966588678492,69.91972123351007,68.8915421449648,70.60822411678355,Estimación adecuada
Humacao,1990-1994,2,78.98527536141168,78.65052140012477,77.72818491233045,79.53269424411351,Estimación adecuada
Humacao,1995-1999,1,71.67034271113566,71.4182954932389,70.71786626300059,72.13996469816405,Estimación adecuada
Humacao,1995-1999,2,78.50994029948488,78.31375900564183,77.73809954719565,79.2633889494216,Estimación adecuada
Humacao,2000-2004,1,73.45461991775991,73.40490628631161,72.55111767915861,74.12488205373492,Estimación adecuada
Humacao,2000-2004,2,79.72370844675466,79.913666373025393,78.9305660950088,80.65846471432158,Estimación adecuada
Humacao,2005-2009,1,73.61846549183731,73.9828647556009,73.29645802492024,74.66348235860637,Estimación adecuada
Humacao,2005-2009,2,81.80291929231979,81.48934818253531,80.68294172200382,82.37312089896989,Estimación adecuada
Humacao,2010-2014,1,75.80326051258055,75.7628449879017,74.93257155005688,76.79116017229667,Estimación adecuada
Humacao,2010-2014,2,83.58584598942798,83.0770818198974,82.07710474896467,84.17274917387215,Estimación adecuada
Humacao,2015-2019,1,76.7386829389743,77.2440007889439,76.25857861037932,78.09991657099181,Estimación adecuada
Humacao,2015-2019,2,84.86787206578826,84.42040123750647,83.58584138751087,85.29900112934047,Estimación adecuada
Humacao,2020-2024,1,76.7404128820364,77.47780065481288,76.66256098503756,78.34102229277086,Estimación adecuada
Humacao,2020-2024,2,84.233200245355,84.18171063127859,83.21655266766268,85.1298510078988,Estimación adecuada
Isabela,1980-1984,1,73.09738020117423,72.82053169840307,71.62175635522235,73.78203647126571,Estimación adecuada
Isabela,1980-1984,2,77.82732250278018,77.82111733396304,76.8259496730351,78.78825664996742,Estimación adecuada
Isabela,1985-1989,1,71.58083949829111,71.54241613179238,70.62496483673387,72.4240674725489,Estimación adecuada
Isabela,1985-1989,2,78.50099967900502,78.2229493348949,77.34167070117282,79.18868513778041,Estimación adecuada
Isabela,1990-1994,1,72.0475169163787,71.73691613766115,70.90629686741057,72.62603552572648,Estimación adecuada
Isabela,1990-1994,2,78.52411999469241,78.43974080138487,77.44421835605917,79.53433697357221,Estimación adecuada
Isabela,1995-1999,1,71.86251133480623,71.63198009128293,70.72455495649847,72.60169460784181,Estimación adecuada
Isabela,1995-1999,2,79.50480811685766,79.37363226145574,78.49058578685947,80.55577310268413,Estimación adecuada
Isabela,2000-2004,1,73.31643311223908,73.3002971808888,72.31200483993425,74.08178460707883,Estimación adecuada
Isabela,2000-2004,2,79.66880055796743,79.74072726243271,78.96938766718287,80.59129964564204,Estimación adecuada
Isabela,2005-2009,1,75.53006169201437,74.82599365158168,74.07184284071835,75.8049430574518,Estimación adecuada
Isabela,2005-2009,2,80.46868606139569,80.59961506566007,79.60438572254911,81.46170783984331,Estimación adecuada
Isabela,2010-2014,1,76.3459756319445,76.02722123559127,75.16705137517633,76.85536737163645,Estimación adecuada
Isabela,2010-2014,2,82.99199255121863,82.47637979183315,81.5410464958234,83.52516899021292,Estimación adecuada
Isabela,2015-2019,1,78.28631956544136,78.05755371644067,76.84169940605622,78.72817998261601,Estimación adecuada
Isabela,2015-2019,2,84.46499781522432,84.20489756579735,83.13941630067801,85.38351333345983,Estimación adecuada
Isabela,2020-2024,1,78.44494383134611,77.58987187574553,76.91998480986939,78.35036904369296,< e0 observado
Isabela,2020-2024,2,84.54430409037892,84.87588465098389,84.02612331502905,86.11664126146843,Estimación adecuada
Jayuya,1980-1984,1,71.54820346169252,71.58352710843994,70.67409825699377,72.87208492086577,Estimación adecuada
Jayuya,1980-1984,2,75.83217282493807,77.40218496463363,75.80678847680647,78.97110023141988,Estimación adecuada
Jayuya,1985-1989,1,71.8852739133792,71.42672399620957,70.19753165498061,72.63042745849636,Estimación adecuada
Jayuya,1985-1989,2,75.89535009908417,77.16919914848951,75.97509591349021,78.53809925413779,> e0 observado
Jayuya,1990-1994,1,71.61501384784762,71.01119897323844,70.10466293982273,72.2804869965065,Estimación adecuada
Jayuya,1990-1994,2,76.60405912768891,78.18609100132383,76.70263911901708,80.03071846937142,> e0 observado
Jayuya,1995-1999,1,72.762612067533,72.21758412445269,70.72838469901905,73.36046425816141,Estimación adecuada
Jayuya,1995-1999,2,78.02341987371616,78.52603420680785,77.30877628029262,79.88209275519557,Estimación adecuada
Jayuya,2000-2004,1,74.804694975474,73.92650239032454,72.52741560548986,74.84668400542645,Estimación adecuada
Jayuya,2000-2004,2,82.26030453801704,81.66329787195541,80.13382027496274,83.82171453694752,Estimación adecuada
Jayuya,2005-2009,1,76.29392429833622,75.34187039438692,74.26579116763912,76.72814423687954,Estimación adecuada
Jayuya,2005-2009,2,83.26574991380474,82.30504370578396,81.05211820577438,83.82274244562177,Estimación adecuada
Jayuya,2010-2014,1,77.86670993006521,77.09156967676381,75.54471908174293,78.47307320168144,Estimación adecuada
Jayuya,2010-2014,2,83.01935062086235,83.1404642505623,81.90352991507062,84.81003434743185,Estimación adecuada
Jayuya,2015-2019,1,79.09662441043547,78.07772409559482,76.98953565514375,79.21302582342207,Estimación adecuada
Jayuya,2015-2019,2,86.09536520292538,85.85082284345364,84.28030867591636,87.92669408765829,Estimación adecuada
Jayuya,2020-2024,1,80.33778345942194,79.29924878604209,77.74159929024185,80.49102901592428,Estimación adecuada
Jayuya,2020-2024,2,86.05790395955583,85.40705469721772,83.78870760001232,87.32034309873976,Estimación adecuada
Juana Diaz,1980-1984,1,71.10192241498234,71.02544796202426,70.10612832005732,72.0044709066887,Estimación adecuada
Juana Diaz,1980-1984,2,76.03760260059695,76.5602054563873,75.36363449846436,77.51888424341423,Estimación adecuada
Juana Diaz,1985-1989,1,70.59066146569734,70.62644119227576,70.01978568022821,71.36695722174794,Estimación adecuada
Juana Diaz,1985-1989,2,77.72376003285237,77.83038666113359,76.84896512875008,78.64321537508252,Estimación adecuada
Juana Diaz,1990-1994,1,70.59462619152536,70.54334148488513,69.57619097829814,71.40949727237255,Estimación adecuada
Juana Diaz,1990-1994,2,77.80758248720088,77.93236084530594,77.15250315445292,78.76176879131177,Estimación adecuada
Juana Diaz,1995-1999,1,70.63826210363753,70.64461426648782,70.04654327810164,71.53501576290786,Estimación adecuada
Juana Diaz,1995-1999,2,78.23721855538598,78.23128748411311,77.31895424664158,79.32194252448836,Estimación adecuada
Juana Diaz,2000-2004,1,72.42010194033637,72.61169888101807,71.86814979440004,73.3919283834704,Estimación adecuada
Juana Diaz,2000-2004,2,80.07095731748443,79.94504628318086,79.16591454579742,80.90541170032319,Estimación adecuada
Juana Diaz,2005-2009,1,74.09224072675535,74.31961450251337,73.07235075818193,75.19594237161688,Estimación adecuada
Juana Diaz,2005-2009,2,81.70478408921697,81.37878542370507,80.48070458484057,82.47667223402381,Estimación adecuada
Juana Diaz,2010-2014,1,75.9826744595313,75.9016862486875,75.06286014487321,76.94381203201624,Estimación adecuada
Juana Diaz,2010-2014,2,82.91141974537287,82.73580241877073,81.89874075137223,83.77616975519206,Estimación adecuada
Juana Diaz,2015-2019,1,77.4756453319244,77.2881291531279,76.60007813293743,78.19658534796389,Estimación adecuada
Juana Diaz,2015-2019,2,86.60689455981232,85.78881020257552,84.64600430320311,86.81476427089112,Estimación adecuada
Juana Diaz,2020-2024,1,76.12481522857756,76.51546370131464,75.79507203596414,77.58621403572505,Estimación adecuada
Juana Diaz,2020-2024,2,86.09723573194701,85.23155395091501,84.20670453693042,86.35687504183454,Estimación adecuada
Juncos,1980-1984,1,70.4832974097173,70.7053532732541,69.54216306109252,72.05215964928922,Estimación adecuada
Juncos,1980-1984,2,77.17475536145652,77.04189754045706,75.97041773597422,77.96625174972675,Estimación adecuada
Juncos,1985-1989,1,69.32349287604664,69.92071845125623,68.98960421374147,70.90427391639156,Estimación adecuada
Juncos,1985-1989,2,77.84087141019062,77.4340200075891,76.23885708826415,78.34919610686649,Estimación adecuada
Juncos,1990-1994,1,69.26314387145591,69.7551301160251,68.67189063316808,70.73875545618907,Estimación adecuada
Juncos,1990-1994,2,78.64376251745605,78.36572436445772,77.24321340327583,79.3540850117771,Estimación adecuada
Juncos,1995-1999,1,70.43259716290989,70.59415877633228,69.78603795608845,71.33661638085414,Estimación adecuada
Juncos,1995-1999,2,78.88321244236762,78.56743091759732,77.74823515991122,79.59929540325126,Estimación adecuada
Juncos,2000-2004,1,73.50676785386435,73.383003025265,72.38828715993489,74.38905801296433,Estimación adecuada
Juncos,2000-2004,2,80.82760129992721,80.29286296141868,79.38096285563653,81.3676325825062,Estimación adecuada
Juncos,2005-2009,1,72.5823719234395,73.09434377755503,72.17245982047575,74.07301141406697,Estimación adecuada
Juncos,2005-2009,2,80.29148928265256,80.39658063287207,79.31695650761677,81.39884998171769,Estimación adecuada
Juncos,2010-2014,1,74.05814861532626,74.73334401148803,73.74198877397383,75.54601657244575,Estimación adecuada
Juncos,2010-2014,2,82.42841718245143,82.67129296561029,81.31006720698076,83.75542337811437,Estimación adecuada
Juncos,2015-2019,1,76.99651467647962,77.09638586394664,76.22586574404474,77.987414036666,Estimación adecuada
Juncos,2015-2019,2,83.23323259682593,83.41390885774756,82.15619705048604,84.63259293688057,Estimación adecuada
Juncos,2020-2024,1,76.96779959385644,76.6107165931177,75.64606862109565,77.46860172357492,Estimación adecuada
Juncos,2020-2024,2,85.00221618874696,84.5433808998841,83.17265798752517,86.04897609583372,Estimación adecuada
Lajas,1980-1984,1,72.46316902920564,72.07045651708539,71.06115938476643,72.9284578395939,Estimación adecuada
Lajas,1980-1984,2,77.35030656462364,77.71511507297623,76.71309457469451,78.85315957092935,Estimación adecuada
Lajas,1985-1989,1,73.36206024807198,72.50483404647213,71.06123578300182,73.73197068464674,Estimación adecuada
Lajas,1985-1989,2,77.65847465397064,77.78740071253708,76.58342126424267,78.92062499311317,Estimación adecuada
Lajas,1990-1994,1,72.37357825429245,72.02706203380711,70.96361615793118,72.99479783877644,Estimación adecuada
Lajas,1990-1994,2,79.66328406009775,79.35934872886988,78.10685519421523,80.51368748573478,Estimación adecuada
Lajas,1995-1999,1,72.56496891931091,72.06806687786181,70.91362704138515,73.09076390095348,Estimación adecuada
Lajas,1995-1999,2,79.70456393493818,79.68771075744604,78.6070127724592,80.76502010585247,Estimación adecuada
Lajas,2000-2004,1,74.14208023792457,74.03365502374317,73.18398923794405,75.2523041490548,Estimación adecuada
Lajas,2000-2004,2,81.18752068509266,80.87472441625346,79.85133132390942,81.90806575007397,Estimación adecuada
Lajas,2005-2009,1,76.68683187769454,75.44650828796782,74.48310604984468,76.27506386660744,< e0 observado
Lajas,2005-2009,2,81.73140373208773,81.64480578990236,80.68080676371238,82.48076359941237,Estimación adecuada
Lajas,2010-2014,1,76.92095663234578,76.55379464580857,75.1642743477386,77.50257524579706,Estimación adecuada
Lajas,2010-2014,2,83.39940774512145,83.24456965366609,82.18272203648216,84.85833114098273,Estimación adecuada
Lajas,2015-2019,1,79.16417400599892,78.15855173629257,76.77302165433042,79.19661724702169,Estimación adecuada
Lajas,2015-2019,2,84.33383648976294,84.54526474010956,83.55258956496186,85.66110497442102,Estimación adecuada
Lajas,2020-2024,1,78.13171144418278,77.54955546414419,76.53301595146624,78.56505615667626,Estimación adecuada
Lajas,2020-2024,2,85.69664696158718,85.41078679677003,84.35622271953778,86.96805320301203,Estimación adecuada
Lares,1980-1984,1,70.93967460008611,71.65318568024398,70.70604047531714,72.62123984135394,Estimación adecuada
Lares,1980-1984,2,80.07304720190547,79.80342315614085,78.19675258033021,81.24521142614276,Estimación adecuada
Lares,1985-1989,1,72.07284835603735,72.25860023920634,71.24048644186912,73.1616678930514,Estimación adecuada
Lares,1985-1989,2,80.12906339800288,79.64161628675917,78.32012625758327,81.03031135776354,Estimación adecuada
Lares,1990-1994,1,71.99408741634562,71.98661960789644,70.78935185155386,73.05236122263165,Estimación adecuada
Lares,1990-1994,2,78.72924701770712,78.69073722963472,77.80558589699135,79.76718664311579,Estimación adecuada
Lares,1995-1999,1,74.58529726703922,73.86269855863915,72.73098090882709,75.10775707702606,Estimación adecuada
Lares,1995-1999,2,81.29595428708723,80.69057548533532,79.62751304178224,81.96079259645161,Estimación adecuada
Lares,2000-2004,1,75.1110712856121,74.72932745351463,73.97343704572822,75.50691431678152,Estimación adecuada
Lares,2000-2004,2,81.70641489338435,81.59948000565602,80.58850238228209,82.99821418536939,Estimación adecuada
Lares,2005-2009,1,76.5462882162104,75.73869615716558,74.56785682323016,76.6998439770667,Estimación adecuada
Lares,2005-2009,2,82.28400989612267,82.01422823447098,81.1773335293065,83.141095050562,Estimación adecuada
Lares,2010-2014,1,79.39080265192932,78.4288200861665,77.17257603722658,79.42015421278612,Estimación adecuada
Lares,2010-2014,2,82.72140750112155,82.40264267726414,81.2171690297686,83.31443179732696,Estimación adecuada
Lares,2015-2019,1,78.13032401868809,77.83497348269337,76.89051179314797,78.78953587093743,Estimación adecuada
Lares,2015-2019,2,84.424471152182,84.39527769659247,83.38520276735267,85.54487318352679,Estimación adecuada
Lares,2020-2024,1,77.84495769277572,78.0345945978161,77.08617932522532,79.05968616975173,Estimación adecuada
Lares,2020-2024,2,84.10188803972103,84.58832252733998,83.79608029584878,85.68877770896641,Estimación adecuada
Las Marias,1980-1984,1,73.81563474744125,73.33061246724182,72.13563248255402,74.78559751157441,Estimación adecuada
Las Marias,1980-1984,2,83.88520673112671,81.29337582994793,79.22079549600446,84.4203594135181,Estimación adecuada
Las Marias,1985-1989,1,73.62469730038673,73.24882581930237,71.6128413598696,74.9389085656938,Estimación adecuada
Las Marias,1985-1989,2,78.14820547870697,79.79896136665336,78.0201786274922,81.46251644966546,Estimación adecuada
Las Marias,1990-1994,1,74.00881730690156,73.28484641952167,71.90181409045944,74.45360260695665,Estimación adecuada
Las Marias,1990-1994,2,80.22328205184606,80.6506152043207,79.0577703222979,82.36790404562535,Estimación adecuada
Las Marias,1995-1999,1,75.13206537448636,73.93714151106593,72.56682447754903,75.69316522655316,Estimación adecuada
Las Marias,1995-1999,2,81.22000339132549,80.99322206480448,79.29974946953308,82.82813365441098,Estimación adecuada
Las Marias,2000-2004,1,77.0746887546824,75.74405561428091,74.04546228716501,77.04692428565349,< e0 observado
Las Marias,2000-2004,2,81.22993587246654,82.6162978618737,80.30987846065756,85.5194011295746,Estimación adecuada
Las Marias,2005-2009,1,78.94241289794024,77.0815109086476,75.35370006585939,78.42914208648787,< e0 observado
Las Marias,2005-2009,2,82.45741722564794,83.63619833710501,81.60138664455873,85.85872775501801,Estimación adecuada
Las Marias,2010-2014,1,78.9874533300309,77.30975024637951,76.01659408612856,78.80424970048338,< e0 observado
Las Marias,2010-2014,2,85.68826589307866,84.81838462417451,83.10238314533171,87.32254950178478,Estimación adecuada
Las Marias,2015-2019,1,78.44180353450636,79.33980647438997,77.72114271533778,80.74225466860699,Estimación adecuada
Las Marias,2015-2019,2,86.2119644760504,85.88180091318412,83.93033380548687,88.07682151176587,Estimación adecuada
Las Marias,2020-2024,1,78.65869602395698,78.8081900941124,77.56045659152574,80.36537821592412,Estimación adecuada
Las Marias,2020-2024,2,88.4892406052294,87.3231615375287,85.18251773441946,90.04158929392077,Estimación adecuada
Las Piedras,1980-1984,1,72.4628953772312,72.66183444136252,71.71484679666005,73.84767890990034,Estimación adecuada
Las Piedras,1980-1984,2,77.65886672068534,78.01361879624052,76.83269718420459,79.30431328103987,Estimación adecuada
Las Piedras,1985-1989,1,72.6175420547073,72.3667380823493,71.20534838298812,73.32882404369684,Estimación adecuada
Las Piedras,1985-1989,2,79.00116087428613,79.06690783995296,77.72977931394814,80.41436476500138,Estimación adecuada
Las Piedras,1990-1994,1,71.55978947014577,71.85744505965287,70.64207355852744,73.01947714841143,Estimación adecuada
Las Piedras,1990-1994,2,78.8936505301308,78.71863299119028,77.62726366510063,80.24447304780347,Estimación adecuada
Las Piedras,1995-1999,1,73.7555375015721,72.95617258184315,71.9771034342047,73.911787305871,Estimación adecuada
Las Piedras,1995-1999,2,79.79933667371475,79.64491919946155,78.75750386213119,80.7001765597353,Estimación adecuada
Las Piedras,2000-2004,1,74.83778165388009,74.4216663405843,73.54490515169283,75.79096684267108,Estimación adecuada
Las Piedras,2000-2004,2,80.54014043533199,80.39337132491154,79.48057365864658,81.36029934823524,Estimación adecuada
Las Piedras,2005-2009,1,76.55584156350447,75.93188534751062,74.95003521295517,76.93061552592685,Estimación adecuada
Las Piedras,2005-2009,2,82.30870059101942,82.34855697324785,81.10140836788213,83.87855289021542,Estimación adecuada
Las Piedras,2010-2014,1,75.93351372986655,76.40599203420481,75.33939235604132,77.83319920772249,Estimación adecuada
Las Piedras,2010-2014,2,82.5650052808105,82.47445621795842,81.41793797702954,83.6529259881114,Estimación adecuada
Las Piedras,2015-2019,1,78.58935894309695,78.33987082909061,77.54034812380269,79.37022359809065,Estimación adecuada
Las Piedras,2015-2019,2,85.3607640329745,85.22540763091588,83.9577025579772,86.52474649912014,Estimación adecuada
Las Piedras,2020-2024,1,77.65607135099413,77.90257720832268,77.03184036401983,79.08850115343233,Estimación adecuada
Las Piedras,2020-2024,2,85.02534012586074,84.79351891916167,83.73814920092869,86.16645179145435,Estimación adecuada
Loiza,1980-1984,1,71.29708119790713,71.02059674362053,69.4256459432381,72.18388081275032,Estimación adecuada
Loiza,1980-1984,2,77.96280313581073,77.53905708704852,76.2140690360518,79.03977613858481,Estimación adecuada
Loiza,1985-1989,1,71.11235934077855,70.61027024439484,69.4090217110632,71.90588309059729,Estimación adecuada
Loiza,1985-1989,2,79.76441464134875,78.8415147613255,77.4751763624352,79.84592711273854,Estimación adecuada
Loiza,1990-1994,1,68.65505357436209,69.19365006876357,68.0623719968754,70.11295092502081,Estimación adecuada
Loiza,1990-1994,2,77.83527198679872,77.79078380015444,76.28349465773076,79.20468982888958,Estimación adecuada
Loiza,1995-1999,1,67.54575668322258,69.06884219637104,67.85630562906466,70.10816849868391,> e0 observado
Loiza,1995-1999,2,80.44991909621369,79.36512475703512,78.13720396700424,81.00324024360965,Estimación adecuada
Loiza,2000-2004,1,69.21795433977262,71.1166919361082,69.85853884161867,72.01311206925917,> e0 observado
Loiza,2000-2004,2,83.71722475677984,82.10348667742035,80.73370978248481,84.32807838326582,Estimación adecuada
Loiza,2005-2009,1,69.49244819404063,71.78306520445811,70.53882486619034,72.82050041927997,> e0 observado
Loiza,2005-2009,2,81.62588342717608,81.28188994256874,80.1374220807574,82.72982581012175,Estimación adecuada
Loiza,2010-2014,1,72.71620374599513,74.39472373734881,72.90858573595122,75.66630997571885,> e0 observado
Loiza,2010-2014,2,83.22740715687155,82.72181532979315,81.12198040404652,84.1313458535771,Estimación adecuada
Loiza,2015-2019,1,76.42256809809959,76.69999124382682,75.44362369424303,77.98770487505675,Estimación adecuada
Loiza,2015-2019,2,84.58243093379357,84.43153830224773,83.28928220320253,85.88163788253368,Estimación adecuada
Loiza,2020-2024,1,74.30071613355503,75.59852969836103,74.5445849911822,76.69622702467584,> e0 observado
Loiza,2020-2024,2,85.89228425330265,85.05964014940122,83.63420637714498,86.71817162955145,Estimación adecuada
Luquillo,1980-1984,1,71.32237106066451,70.81344465688736,69.60306247489144,72.16763550110505,Estimación adecuada
Luquillo,1980-1984,2,96.21054523115929,79.97765351948624,78.10397744423204,83.26192268288861,< e0 observado
Luquillo,1985-1989,1,70.58391307233262,70.77772489063517,69.66141705949192,71.98085248415097,Estimación adecuada
Luquillo,1985-1989,2,75.85277823303889,76.66598620668293,75.4145355975933,77.92512083096936,Estimación adecuada
Luquillo,1990-1994,1,69.78687362564872,70.00242243485931,68.4658503171338,71.31724263476804,Estimación adecuada
Luquillo,1990-1994,2,78.65540822491414,78.16224639751293,76.71387881948279,79.6517902414551,Estimación adecuada
Luquillo,1995-1999,1,68.84529148191722,69.51487048727024,68.53106709826079,70.67628897285019,Estimación adecuada
Luquillo,1995-1999,2,77.57073371934368,77.86831795474109,76.63433121695135,79.09348643691015,Estimación adecuada
Luquillo,2000-2004,1,71.56692809461028,72.12709457167274,71.10232658562924,73.20505929174718,Estimación adecuada
Luquillo,2000-2004,2,80.93857359304148,80.71986635555326,79.37281143862468,82.03071895726187,Estimación adecuada
Luquillo,2005-2009,1,73.66197666420697,73.99124770978386,72.4100225989188,75.17988501759903,Estimación adecuada
Luquillo,2005-2009,2,80.16453384109049,80.26264481510277,79.22533602807778,81.91419531559713,Estimación adecuada
Luquillo,2010-2014,1,74.125398030716255,75.11632040951777,73.94871098352868,76.20211500671334,Estimación adecuada
Luquillo,2010-2014,2,83.56937802942338,82.9856139397018,81.7303252732356,84.36173581389991,Estimación adecuada
Luquillo,2015-2019,1,78.24158315716944,77.156120021109,76.08962469280837,78.2588354451177,Estimación adecuada
Luquillo,2015-2019,2,86.16375324393145,85.3090128469888,83.55716914669426,86.86733293542896,Estimación adecuada
Luquillo,2020-2024,1,76.82778593702754,76.6521468347167,75.32785398733026,77.94617224918649,Estimación adecuada
Luquillo,2020-2024,2,84.96686508096819,84.68206568530827,83.14905107994736,85.91792976290796,Estimación adecuada
Manati,1980-1984,1,69.99769254598455,70.34415451170337,69.37922574348417,71.38587207438233,Estimación adecuada
Manati,1980-1984,2,76.91897319341015,77.01884632463236,75.95302533779909,77.75653551439092,Estimación adecuada
Manati,1985-1989,1,69.40848405753856,69.8487644528757,68.89155303034148,70.69637503455724,Estimación adecuada
Manati,1985-1989,2,78.1365208528677,77.93263642617272,76.9073712653455,78.86593342713417,Estimación adecuada
Manati,1990-1994,1,69.23507276864738,69.72561616815253,68.68679550851675,70.71667277488322,Estimación adecuada
Manati,1990-1994,2,78.13694859634435,77.96235154920194,77.14529263225424,78.74612431165295,Estimación adecuada
Manati,1995-1999,1,70.56621278613628,70.82073268555737,70.07342741500514,71.73299358540251,Estimación adecuada
Manati,1995-1999,2,78.18010801536123,78.19733082062822,77.29041442747035,79.07959567102074,Estimación adecuada
Manati,2000-2004,1,73.5059956746808,73.15234747470691,72.46954100174443,73.90513303982071,Estimación adecuada
Manati,2000-2004,2,79.921946292628,79.73850006890774,78.80437403923833,80.68208558073735,Estimación adecuada
Manati,2005-2009,1,74.42317304268016,74.51045432946566,73.72673734035357,75.4088010502208,Estimación adecuada
Manati,2005-2009,2,81.69558612867581,81.20739635728177,80.38742578004931,82.41445860854351,Estimación adecuada
Manati,2010-2014,1,75.79949582054559,75.75152108987618,74.92621260719862,76.59310472455357,Estimación adecuada
Manati,2010-2014,2,82.46392723255103,82.15828535049741,80.90792438577176,83.12592319613557,Estimación adecuada
Manati,2015-2019,1,76.50082129222024,76.7918848461406,75.90389392335933,77.74127459869848,Estimación adecuada
Manati,2015-2019,2,84.47543845885097,84.22554286525308,83.21681430598944,85.32969275495822,Estimación adecuada
Manati,2020-2024,1,76.6410779362147,76.5025472532073,75.77193576255608,77.54364990779047,Estimación adecuada
Manati,2020-2024,2,84.79279277649533,84.57171618965896,83.51383129078573,85.71451765738684,Estimación adecuada
Maricao,1980-1984,1,68.60202825310121,71.44163569483261,69.9279587770362,73.05323284732255,> e0 observado
Maricao,1980-1984,2,78.09479107390814,78.70311867867868,76.99891609421337,81.23254075111905,Estimación adecuada
Maricao,1985-1989,1,74.96773339223955,73.01179972927318,71.40489991840464,74.44378601723571,< e0 observado
Maricao,1985-1989,2,78.61629942834107,79.48920610871576,77.58886991454361,81.52758837902158,Estimación adecuada
Maricao,1990-1994,1,71.6682444194189,71.54704000613319,70.51768731567489,73.31092202978942,Estimación adecuada
Maricao,1990-1994,2,78.7855059436943,79.78555346972169,78.07606716078871,81.49503517480612,Estimación adecuada
Maricao,1995-1999,1,71.33878340346546,71.7745483952356,70.60545119420411,73.2680041788561,Estimación adecuada
Maricao,1995-1999,2,78.99834861586001,80.3870966864099,78.44480004955582,82.3655040822014,Estimación adecuada
Maricao,2000-2004,1,77.71513177879464,75.63188450251826,73.9092734877737,77.28990895631591,< e0 observado
Maricao,2000-2004,2,80.22542908124815,81.54459844079969,79.64365825602118,84.05757469756216,Estimación adecuada
Maricao,2005-2009,1,77.40367339569201,75.55424212292635,74.00747381051606,77.00541044871738,< e0 observado
Maricao,2005-2009,2,82.65920888615886,82.98917143647415,81.33587169248449,85.24363442370803,Estimación adecuada
Maricao,2010-2014,1,78.78632855189304,77.20416292748847,75.4115136505282,78.9311407768098,Estimación adecuada
Maricao,2010-2014,2,86.34203171038145,85.58330471875587,83.17393581630998,89.61637476655818,Estimación adecuada
Maricao,2015-2019,1,75.94252949549474,77.91452760632063,76.56530462478835,79.71893529775926,> e0 observado
Maricao,2015-2019,2,88.98166952275554,86.86094234543003,84.32456004201666,89.77112446253011,Estimación adecuada
Maricao,2020-2024,1,78.97029384636113,78.22880278111484,76.45149001263627,80.59847680289681,Estimación adecuada
Maricao,2020-2024,2,84.52027651105944,84.26867853119691,82.50588038786952,86.81507475697819,Estimación adecuada
Maunabo,1980-1984,1,71.14680086853208,71.7050826817175,70.45725240386193,73.25151023316289,Estimación adecuada
Maunabo,1980-1984,2,78.1067644645637,78.54791630595349,77.01897430417918,79.88040949433366,Estimación adecuada
Maunabo,1985-1989,1,73.14754634531097,72.27230976848385,71.13829919373907,73.54811679449116,Estimación adecuada
Maunabo,1985-1989,2,80.26716511735238,79.34304100618999,77.82765821872667,80.75595766114553,Estimación adecuada
Maunabo,1990-1994,1,72.41659695481869,72.19520773992808,70.831972198880635,73.38460735941564,Estimación adecuada
Maunabo,1990-1994,2,80.63599878230829,80.02760223362351,78.87626086642169,82.01198584512323,Estimación adecuada
Maunabo,1995-1999,1,71.29560582062038,71.30485040697903,69.92141819351917,72.98596325827745,Estimación adecuada
Maunabo,1995-1999,2,79.21035551708708,79.66348582693706,78.14472758269432,81.02514896576614,Estimación adecuada
Maunabo,2000-2004,1,73.80432839475543,73.91821167597067,72.53387997259622,75.65927548791034,Estimación adecuada
Maunabo,2000-2004,2,81.50289326156216,81.34448222800569,79.88734316767665,83.21083281722758,Estimación adecuada
Maunabo,2005-2009,1,74.64232752557565,74.3274359767878,72.85270692133062,75.55695902835049,Estimación adecuada
Maunabo,2005-2009,2,82.94220641756984,83.01440387116529,81.00861383857023,84.90749820790998,Estimación adecuada
Maunabo,2010-2014,1,74.8339607817344,75.49386591098576,74.29131139484545,76.99602816553887,Estimación adecuada
Maunabo,2010-2014,2,84.96652627183896,84.74832286989965,82.93297365572862,87.45008468917291,Estimación adecuada
Maunabo,2015-2019,1,78.86941488241771,77.7799034529189,76.56268888778962,79.19924168886718,Estimación adecuada
Maunabo,2015-2019,2,85.85027789954904,85.23960420503832,83.68504035021309,87.07846887670533,Estimación adecuada
Maunabo,2020-2024,1,73.9175174535675,76.14856020678192,74.95753461667243,77.25424435549243,> e0 observado
Maunabo,2020-2024,2,82.49945155414667,83.03974282778353,81.92432099969156,84.50941774290068,Estimación adecuada
Mayaguez,1980-1984,1,70.16347210674796,70.40951587045498,69.74910210228254,70.97945692554448,Estimación adecuada
Mayaguez,1980-1984,2,77.60512196844877,77.28147229948206,76.75840073899914,77.93155227747951,Estimación adecuada
Mayaguez,1985-1989,1,70.43422694514761,70.51037013983867,69.98632826667196,71.25298183802278,Estimación adecuada
Mayaguez,1985-1989,2,77.94340408933364,77.85032979495693,77.22813724033213,78.47244412179299,Estimación adecuada
Mayaguez,1990-1994,1,70.24642591292358,70.2990384270824,69.8424320957061,71.00200684108398,Estimación adecuada
Mayaguez,1990-1994,2,78.67215935241931,78.54005201896244,78.00639278221001,79.12314495712775,Estimación adecuada
Mayaguez,1995-1999,1,70.79228679899191,70.90778850114245,70.21045356696733,71.50616800721926,Estimación adecuada
Mayaguez,1995-1999,2,79.57023177554109,79.3877628515996,78.76407905433237,80.12131616199324,Estimación adecuada
Mayaguez,2000-2004,1,73.63502357565517,73.54191513920591,72.92028784899975,74.13982255184524,Estimación adecuada
Mayaguez,2000-2004,2,81.32752458798765,81.05641303672425,80.49244256401758,81.631863232873,Estimación adecuada
Mayaguez,2005-2009,1,73.96494214443702,74.06223914194507,73.29821062485223,74.7760876669569,Estimación adecuada
Mayaguez,2005-2009,2,81.49974889865346,81.37516760295811,80.83484276696697,81.99796663934198,Estimación adecuada
Mayaguez,2010-2014,1,74.96249416874119,75.02254713323478,74.39416226678557,75.63950658319904,Estimación adecuada
Mayaguez,2010-2014,2,82.81805760395481,82.78783725336658,82.08429811437611,83.66055872359783,Estimación adecuada
Mayaguez,2015-2019,1,77.18178911462695,77.29194790721583,76.56198893536802,77.97563041518292,Estimación adecuada
Mayaguez,2015-2019,2,85.03789447163464,84.9485653342846,84.11632679840861,85.7314082685675,Estimación adecuada
Mayaguez,2020-2024,1,76.09571809909919,76.55304298180909,75.77014593956612,77.28595566999067,Estimación adecuada
Mayaguez,2020-2024,2,84.85251261520094,84.84321331902177,84.11332346441611,85.64141501356734,Estimación adecuada
Moca,1980-1984,1,71.47861356859958,72.31402251339568,71.16569831461403,73.10179548025424,Estimación adecuada
Moca,1980-1984,2,77.57729967024724,78.23722035176635,76.80193708970882,79.28896596079537,Estimación adecuada
Moca,1985-1989,1,74.13223338906987,73.36034085707476,72.4463616138103,74.3626868096653,Estimación adecuada
Moca,1985-1989,2,78.76717836323876,78.78966894772739,77.76735938976987,79.75289987339681,Estimación adecuada
Moca,1990-1994,1,74.38613122856178,73.48605140956334,72.82461453819921,74.66944912184286,Estimación adecuada
Moca,1990-1994,2,79.33086248782432,79.16018500784354,78.17129669223347,80.24994516757096,Estimación adecuada
Moca,1995-1999,1,73.93016893221346,73.2955747049933,72.3298552765705,74.3678881124351,Estimación adecuada
Moca,1995-1999,2,79.92298518560595,79.56154775626817,78.3858417037721,80.48056656037296,Estimación adecuada
Moca,2000-2004,1,76.88913106198095,75.94078825517218,75.04640482175422,77.00648644040504,Estimación adecuada
Moca,2000-2004,2,81.20152141336699,81.29561428740044,80.30461118591464,82.53680332928374,Estimación adecuada
Moca,2005-2009,1,78.23027972920578,77.18761595140666,76.35151256558298,78.27191519915625,Estimación adecuada
Moca,2005-2009,2,81.64729368972594,81.75091750561715,80.62269313402186,82.93602910600978,Estimación adecuada
Moca,2010-2014,1,78.39894219071823,77.90798955070792,76.91653100380137,78.86319846214063,Estimación adecuada
Moca,2010-2014,2,82.3431083414248,82.59320865335039,81.3913311835519,83.46054548940322,Estimación adecuada
Moca,2015-2019,1,78.86942315370179,78.63327529318369,77.7107849214592,79.727711530282,Estimación adecuada
Moca,2015-2019,2,85.12050775808935,85.09251630500495,84.14021659461847,86.74087101060704,Estimación adecuada
Moca,2020-2024,1,79.5196148813842,79.17220331319032,78.11803661295755,80.38875220626835,Estimación adecuada
Moca,2020-2024,2,84.83463123511952,84.99948661569371,84.03705589760463,86.32093206695424,Estimación adecuada
Morovis,1980-1984,1,72.75449760171898,72.79614740317248,71.5432607613354,73.98221462580021,Estimación adecuada
Morovis,1980-1984,2,79.58978615306602,79.41777167657756,77.93828154680497,81.2481518201361,Estimación adecuada
Morovis,1985-1989,1,73.00155031190296,72.78714716461721,71.50038630681186,73.98301375180546,Estimación adecuada
Morovis,1985-1989,2,79.18909920848033,79.12651904659373,77.80652936548617,80.6592025223651,Estimación adecuada
Morovis,1990-1994,1,74.7129408866261,73.54350411002315,72.31995161977517,74.6364960360881,< e0 observado
Morovis,1990-1994,2,79.13950712220092,79.14280051527808,78.15705059994657,80.5981024114376,Estimación adecuada
Morovis,1995-1999,1,72.82153464768288,72.63461138559506,71.7492956401368,73.61523481483704,Estimación adecuada
Morovis,1995-1999,2,80.70735984476201,80.56653916742466,79.44686000899661,82.06477713625375,Estimación adecuada
Morovis,2000-2004,1,74.10293235770516,74.46958602597213,73.37816466481588,75.41473079740162,Estimación adecuada
Morovis,2000-2004,2,82.09073872809745,82.11865808897602,80.6694296374597,83.80811611169813,Estimación adecuada
Morovis,2005-2009,1,76.91529332323657,76.12728478985917,75.33218620767505,77.3527270060104,Estimación adecuada
Morovis,2005-2009,2,83.05104709140619,82.65219537826339,81.14109370897252,83.990908807987,Estimación adecuada
Morovis,2010-2014,1,77.08123150152963,77.34334765318005,76.24189845409133,78.64725114268478,Estimación adecuada
Morovis,2010-2014,2,83.34182688922566,83.19108473456407,81.99806728561951,84.67634566388111,Estimación adecuada
Morovis,2015-2019,1,78.96515859481998,78.58544698053906,77.16109315168654,79.68109370290368,Estimación adecuada
Morovis,2015-2019,2,87.15880943526801,86.19851621686034,84.86776391367687,87.71262181655668,Estimación adecuada
Morovis,2020-2024,1,78.2458123408178,78.66974863540973,77.48695124431104,79.63235055744326,Estimación adecuada
Morovis,2020-2024,2,84.91369846953171,85.70939955681092,84.14691461930755,87.22063100959234,Estimación adecuada
Naguabo,1980-1984,1,71.84412346105836,71.75598774557355,70.24116729437776,72.71783161863232,Estimación adecuada
Naguabo,1980-1984,2,76.70981740677908,76.7848644518904,75.5701072650555,78.76029820467951,Estimación adecuada
Naguabo,1985-1989,1,70.3877807756849,70.56871009991022,69.36934489756027,71.65525582455358,Estimación adecuada
Naguabo,1985-1989,2,77.29975247108982,77.19594169683143,75.87643022125485,78.60739502603948,Estimación adecuada
Naguabo,1990-1994,1,69.935755323165,69.96866092239551,68.81960677435177,70.94296546666197,Estimación adecuada
Naguabo,1990-1994,2,77.27690861530172,77.84745407184138,76.68480687307523,78.927848448390307,Estimación adecuada
Naguabo,1995-1999,1,69.72322516574484,70.2602614106197,69.28270099467741,71.31507271729001,Estimación adecuada
Naguabo,1995-1999,2,76.82881627212045,77.38674239634528,76.06517293639999,78.30145978341739,Estimación adecuada
Naguabo,2000-2004,1,72.06654411146116,72.43150440066293,71.16518816036155,73.20012231072627,Estimación adecuada
Naguabo,2000-2004,2,79.7628328934226,80.0720119522831,78.99432821818175,81.54382885457228,Estimación adecuada
Naguabo,2005-2009,1,73.77862572143668,73.80808800235768,72.66046278814554,74.90253873422205,Estimación adecuada
Naguabo,2005-2009,2,80.62404690696854,80.68904121550557,79.58733401221224,82.2008027724678,Estimación adecuada
Naguabo,2010-2014,1,75.11164062971052,75.03817244807259,74.14975184896849,76.01413578162308,Estimación adecuada
Naguabo,2010-2014,2,82.93958682980916,82.43406338586914,81.24177339467582,83.53660131062864,Estimación adecuada
Naguabo,2015-2019,1,76.26882750450046,76.12968898001873,74.84646570022662,77.12511990118301,Estimación adecuada
Naguabo,2015-2019,2,84.83022686610576,84.19382706035924,82.91604386936902,85.6883035942171,Estimación adecuada
Naguabo,2020-2024,1,77.23171232523964,76.82073380249075,75.72410314793737,78.03691346215027,Estimación adecuada
Naguabo,2020-2024,2,83.84568426869097,83.75587363628978,82.2754856175564,85.01098708144087,Estimación adecuada
Naranjito,1980-1984,1,74.98820136337291,74.12560332681849,73.01310420131736,75.83999894174255,Estimación adecuada
Naranjito,1980-1984,2,82.09597951709326,80.71822858566388,79.1960623412192,82.2104243853846,Estimación adecuada
Naranjito,1985-1989,1,74.14321504502335,73.31641120975715,72.38861058809199,74.45065108982843,Estimación adecuada
Naranjito,1985-1989,2,81.17666750110004,80.61414206995056,79.14510518957849,82.37440341079534,Estimación adecuada
Naranjito,1990-1994,1,72.65469281143538,72.6507885016631,71.69105716128945,73.75304301955768,Estimación adecuada
Naranjito,1990-1994,2,80.53672985190586,80.63806693345919,79.00799051131716,81.87746314639921,Estimación adecuada
Naranjito,1995-1999,1,71.78384170584214,71.98281286182663,71.00476265512785,73.06550403810448,Estimación adecuada
Naranjito,1995-1999,2,81.60503745588989,80.90571091743291,79.70129397970032,82.28489402370187,Estimación adecuada
Naranjito,2000-2004,1,75.02066724722975,74.8045296860683,73.93143091706192,75.96112924616654,Estimación adecuada
Naranjito,2000-2004,2,82.02786957174214,82.00491281300384,80.73485927095628,83.12295203831692,Estimación adecuada
Naranjito,2005-2009,1,75.97305227428454,76.05433946042305,75.01116059745016,77.21023572542965,Estimación adecuada
Naranjito,2005-2009,2,81.50399850212823,81.96771396786119,80.55221888915824,82.89222050254163,Estimación adecuada
Naranjito,2010-2014,1,78.20596950921357,77.611322622209,76.46168634068286,78.61914756554181,Estimación adecuada
Naranjito,2010-2014,2,82.65441935713193,83.53191098087925,82.45769494004858,84.80112124738582,Estimación adecuada
Naranjito,2015-2019,1,79.79942567224485,79.64090743225935,78.53752838671163,80.80063770245822,Estimación adecuada
Naranjito,2015-2019,2,86.72388771081324,86.6932992355205,85.13851222984474,88.44675931858895,Estimación adecuada
Naranjito,2020-2024,1,76.58250173203984,77.58026234519598,76.4726866531531,78.80932572767608,Estimación adecuada
Naranjito,2020-2024,2,85.5864530860636,85.17859844662459,83.9456416130867,86.58952753310908,Estimación adecuada
Orocovis,1980-1984,1,73.68697408485414,73.50780148745137,72.06135771252008,74.61888189357825,Estimación adecuada
Orocovis,1980-1984,2,79.52890987399995,79.33157830146524,77.76130692553275,80.96826380145775,Estimación adecuada
Orocovis,1985-1989,1,72.86313442913975,72.6701719025975,71.61302302472009,73.81375412084267,Estimación adecuada
Orocovis,1985-1989,2,83.00284611084997,80.99623763240325,79.60446690593474,82.8819632614678,< e0 observado
Orocovis,1990-1994,1,70.6546043654978,71.52678915670259,70.4202707012391,72.51150648359234,Estimación adecuada
Orocovis,1990-1994,2,80.6362204849656,80.31353157935293,78.90843294092465,81.99102945490533,Estimación adecuada
Orocovis,1995-1999,1,73.67698769121861,73.1147856023901,72.06909514950772,74.28885686894867,Estimación adecuada
Orocovis,1995-1999,2,79.89715435282756,80.00442212257923,78.70610139895544,81.44868970972558,Estimación adecuada
Orocovis,2000-2004,1,74.30531059061678,74.30698790874087,73.30121931115812,75.47969684903065,Estimación adecuada
Orocovis,2000-2004,2,82.7682053865501,82.36525657160149,81.1956012755809,83.64026410727193,Estimación adecuada
Orocovis,2005-2009,1,75.65599075985115,75.59665904665783,74.55127385538205,76.55239900360016,Estimación adecuada
Orocovis,2005-2009,2,81.23465089468093,81.73079581569358,80.43857401766473,82.87274252536207,Estimación adecuada
Orocovis,2010-2014,1,78.72609688729915,77.71705978289128,76.57332481147813,78.75923137163971,Estimación adecuada
Orocovis,2010-2014,2,83.46032948812693,83.40181023641388,82.2995691802115,84.63535136358306,Estimación adecuada
Orocovis,2015-2019,1,78.31348130255999,78.11784812554188,77.13394326604943,79.42922852730136,Estimación adecuada
Orocovis,2015-2019,2,84.96910673692187,85.24860049088667,83.84020537543607,87.00091412503889,Estimación adecuada
Orocovis,2020-2024,1,77.80883766643083,78.60049911950509,77.30442424777775,79.95155131636426,Estimación adecuada
Orocovis,2020-2024,2,84.81893104480201,84.86000092933423,83.46565178545,86.45587676282734,Estimación adecuada
Patillas,1980-1984,1,71.2919207839744,71.799407564379493,70.45636924377217,72.91320071209276,Estimación adecuada
Patillas,1980-1984,2,77.55331848134108,77.66769599060567,76.38967998497012,78.92297955370536,Estimación adecuada
Patillas,1985-1989,1,71.37552114824256,70.79341258620352,69.73279142659268,71.91419500347557,Estimación adecuada
Patillas,1985-1989,2,79.24042850774778,78.45355000701537,77.51565776178626,79.69803197975092,Estimación adecuada
Patillas,1990-1994,1,72.50760666915836,71.41721322012987,70.25436966655579,72.86491092328899,Estimación adecuada
Patillas,1990-1994,2,78.396020908419,78.30874627875583,77.01785461556557,79.89968657194291,Estimación adecuada
Patillas,1995-1999,1,71.16809015939647,71.30044808364572,70.16466179217377,72.4427440173161,Estimación adecuada
Patillas,1995-1999,2,78.52476688729733,78.32318438163585,77.30220218131495,79.51167015673545,Estimación adecuada
Patillas,2000-2004,1,73.84030571885792,73.49389169704966,72.44994210690146,74.46903310937608,Estimación adecuada
Patillas,2000-2004,2,80.28524555250978,80.77968420662755,79.57636238650176,82.04514358751283,Estimación adecuada
Patillas,2005-2009,1,74.71797456893655,74.32742552484466,73.25821770305944,75.45415758782967,Estimación adecuada
Patillas,2005-2009,2,82.37229150118687,81.4536818540698,80.2478778177742,82.73594178563937,Estimación adecuada
Patillas,2010-2014,1,75.64302541877272,76.06882455725582,74.82716232963746,76.9906672874133,Estimación adecuada
Patillas,2010-2014,2,82.97344642216791,82.96628635058735,81.61138430122834,84.76717835269565,Estimación adecuada
Patillas,2015-2019,1,77.44243369136635,77.27583213138297,76.08435160865628,78.2365869163466,Estimación adecuada
Patillas,2015-2019,2,85.62464985032581,85.35050702813089,83.69636648382553,87.61767441586372,Estimación adecuada
Patillas,2020-2024,1,75.4428131511174,76.45415765453293,75.19036604608057,77.61630802505604,Estimación adecuada
Patillas,2020-2024,2,83.73266646624228,85.38262535163567,84.11744607514623,87.29131379948532,> e0 observado
Penuelas,1980-1984,1,72.35786944424055,71.68381913473266,70.42490942063074,72.91070394368484,Estimación adecuada
Penuelas,1980-1984,2,77.42169553222374,77.62534350358865,76.27221169829548,78.91882305292748,Estimación adecuada
Penuelas,1985-1989,1,72.76539154925341,71.85762611965004,70.68811996085941,73.27171154411242,Estimación adecuada
Penuelas,1985-1989,2,78.26925344407194,78.23401527837262,76.75350781684753,79.39603932173631,Estimación adecuada
Penuelas,1990-1994,1,71.6518283419231,71.16539001425446,70.05445539615168,72.44139915870073,Estimación adecuada
Penuelas,1990-1994,2,78.09730287289996,78.11616120729784,76.74436613080945,79.51966866125244,Estimación adecuada
Penuelas,1995-1999,1,72.51086800891099,71.95657539925355,70.91139611124419,72.76754829714997,Estimación adecuada
Penuelas,1995-1999,2,77.85186468595465,78.4220157821591,77.33308005935933,79.75693927256822,Estimación adecuada
Penuelas,2000-2004,1,73.06979986248778,73.0465308729322,72.29349975998048,74.25497969590407,Estimación adecuada
Penuelas,2000-2004,2,80.74681115313095,80.83273430013944,79.28752574708075,82.4428060878345,Estimación adecuada
Penuelas,2005-2009,1,74.32588415517951,74.47488702705924,73.05617706916254,75.58618198839886,Estimación adecuada
Penuelas,2005-2009,2,83.85447484865448,82.82393886098328,81.24655116391264,85.25111034032068,Estimación adecuada
Penuelas,2010-2014,1,77.2161868060379,76.76092156714367,75.57067374480421,78.25763230498438,Estimación adecuada
Penuelas,2010-2014,2,82.37054992803498,82.31318314565073,81.18985187739196,83.66805394830718,Estimación adecuada
Penuelas,2015-2019,1,76.94988280019332,76.87647611186028,75.99622198752388,77.9498984921636,Estimación adecuada
Penuelas,2015-2019,2,83.52991574696982,83.70640660959067,82.3592585558213,84.89181727103802,Estimación adecuada
Penuelas,2020-2024,1,78.19759662594926,77.57158150969983,76.44738654135222,78.91216893570657,Estimación adecuada
Penuelas,2020-2024,2,83.13779961346445,83.2001436634114,82.28496982987053,84.81794288651969,Estimación adecuada
Ponce,1980-1984,1,70.95163851465587,70.806263767232707,70.32943794911691,71.39461180315857,Estimación adecuada
Ponce,1980-1984,2,77.90393491985162,77.57347441127067,77.0551870940439,78.05797407562444,Estimación adecuada
Ponce,1985-1989,1,68.92037207804252,69.06725430165964,68.57789208381305,69.50613772912293,Estimación adecuada
Ponce,1985-1989,2,77.3120135977883,77.27047894422668,76.84697607614818,77.71731381140103,Estimación adecuada
Ponce,1990-1994,1,68.07009878068561,68.33907875724387,67.81733910328865,68.75396970678548,Estimación adecuada
Ponce,1990-1994,2,77.70322992022791,77.72916387564702,77.27322710639314,78.26435092090935,Estimación adecuada
Ponce,1995-1999,1,68.8945019576824,69.1354277715453,68.60171180131161,69.66436080202068,Estimación adecuada
Ponce,1995-1999,2,78.64616620265484,78.48865690027208,78.09455265618843,79.05070469479794,Estimación adecuada
Ponce,2000-2004,1,71.88287158339286,71.94699256687315,71.50695266000413,72.46360250900747,Estimación adecuada
Ponce,2000-2004,2,80.17053819569585,79.95543295782952,79.43010092452474,80.51792071191346,Estimación adecuada
Ponce,2005-2009,1,72.59239776230434,72.84982031958413,72.31952769963777,73.54038561394839,Estimación adecuada
Ponce,2005-2009,2,81.60505937401689,81.47473792404304,80.9010717942982,81.98435203146761,Estimación adecuada
Ponce,2010-2014,1,74.90584213235752,74.90700036076205,74.44637724237906,75.5317004255293,Estimación adecuada
Ponce,2010-2014,2,81.84526785237593,81.80407358603051,81.1473295734298,82.4420468141102,Estimación adecuada
Ponce,2015-2019,1,75.94818443525777,76.14354388218382,75.50772405427819,76.68421834643607,Estimación adecuada
Ponce,2015-2019,2,84.573600741168,84.4287888944493,83.89177165860656,85.19312265367947,Estimación adecuada
Ponce,2020-2024,1,76.11579149445392,76.16515560090342,75.60409837788336,76.66285714274116,Estimación adecuada
Ponce,2020-2024,2,84.14984563358192,83.8613477201859,83.49806509474604,84.46831162976495,Estimación adecuada
Quebradillas,1980-1984,1,71.5804748432608,71.59765544754443,70.55743594505702,72.62988403071245,Estimación adecuada
Quebradillas,1980-1984,2,79.23938165137665,78.46575395260555,76.89374357207694,80.25354229611649,Estimación adecuada
Quebradillas,1985-1989,1,70.63546474047975,70.87439701881144,69.66243096396832,71.9613945200874,Estimación adecuada
Quebradillas,1985-1989,2,77.80764334555457,77.6126982602893,76.71462510485044,78.71021462415868,Estimación adecuada
Quebradillas,1990-1994,1,72.04068810225141,71.61672889328034,70.46726345876655,72.72848465416419,Estimación adecuada
Quebradillas,1990-1994,2,79.32174470623532,78.56173187500153,77.41584718384564,79.80788378806092,Estimación adecuada
Quebradillas,1995-1999,1,72.62949799850028,71.68839135457944,70.75210328418396,72.57064618341806,< e0 observado
Quebradillas,1995-1999,2,78.8521877504248,78.67944179311326,77.69894682228502,79.77546231493363,Estimación adecuada
Quebradillas,2000-2004,1,73.75120320482118,73.43873493055165,72.42434576840115,74.2451381966305,Estimación adecuada
Quebradillas,2000-2004,2,79.64696913052158,79.62299275011438,78.76242582384741,80.72859945822964,Estimación adecuada
Quebradillas,2005-2009,1,76.4702021217705,75.14538790294401,74.42656885184117,76.20536708259033,< e0 observado
Quebradillas,2005-2009,2,82.57479226170334,82.3513976456735,80.84746576534248,83.65347583810305,Estimación adecuada
Quebradillas,2010-2014,1,76.84416482352528,76.47943980053124,75.43256402908384,77.41950705693314,Estimación adecuada
Quebradillas,2010-2014,2,83.16432092953069,82.99671010871583,81.83449909077399,84.08335056136559,Estimación adecuada
Quebradillas,2015-2019,1,77.52581972834565,77.1492831293435,76.3297696215113,78.54520909516143,Estimación adecuada
Quebradillas,2015-2019,2,83.89036641680575,83.58695401718171,82.44522701650862,84.68255388815125,Estimación adecuada
Quebradillas,2020-2024,1,78.45741764289136,77.59973427782651,76.48252827987494,78.60299372494981,Estimación adecuada
Quebradillas,2020-2024,2,84.02514632890372,83.96510300391907,82.57444991766513,85.44068328848714,Estimación adecuada
Rincon,1980-1984,1,71.31036542846637,72.60835376588656,71.15644626145848,73.86328532006385,Estimación adecuada
Rincon,1980-1984,2,78.23121876259758,78.56217177144029,77.24426683795485,80.05569012869859,Estimación adecuada
Rincon,1985-1989,1,72.68195818723761,72.38414874685387,71.12719096124576,73.61457675667924,Estimación adecuada
Rincon,1985-1989,2,78.13112109379762,78.67822570821161,77.51930691357904,80.23024858809646,Estimación adecuada
Rincon,1990-1994,1,74.46482669947628,72.99592836569941,71.57415894798761,74.25970640482211,< e0 observado
Rincon,1990-1994,2,79.71875830965256,79.41682485723013,78.28121501482846,81.173028856504,Estimación adecuada
Rincon,1995-1999,1,71.81900034746621,71.59594155706338,70.52733509465207,73.01365397839919,Estimación adecuada
Rincon,1995-1999,2,80.4078903895804,80.34880743309363,78.91284574779635,81.94702775267676,Estimación adecuada
Rincon,2000-2004,1,75.07948363707656,74.67240787932438,73.57333740554694,75.82997244224566,Estimación adecuada
Rincon,2000-2004,2,82.97798833076854,82.43948568290187,81.06714504103721,83.82247370916352,Estimación adecuada
Rincon,2005-2009,1,76.37954961336744,75.78592142323417,74.72461910610997,77.28579427654105,Estimación adecuada
Rincon,2005-2009,2,80.35621164685101,81.31926509283673,80.29495207619541,82.42667315941546,Estimación adecuada
Rincon,2010-2014,1,79.61051534555456,77.82991283643841,76.482275768481,78.89291802475921,< e0 observado
Rincon,2010-2014,2,83.80210551828287,83.87274760805772,82.73681434334225,85.07976954914679,Estimación adecuada
Rincon,2015-2019,1,79.17285737161941,78.8653413846451,77.53709637377833,80.0589418523422,Estimación adecuada
Rincon,2015-2019,2,86.30943741112463,86.23565978715763,84.90675815892706,88.22885707451664,Estimación adecuada
Rincon,2020-2024,1,79.87445814115418,79.62439574456513,78.34248244347165,80.92696638932867,Estimación adecuada
Rincon,2020-2024,2,86.12132225159803,85.82549544353625,84.16406708221103,87.4111130038296,Estimación adecuada
Rio Grande,1980-1984,1,71.31055270884488,71.20941672518727,70.07597978597511,72.30439558235346,Estimación adecuada
Rio Grande,1980-1984,2,77.8338345029928,77.52099362611995,76.48874792935698,78.97038091123594,Estimación adecuada
Rio Grande,1985-1989,1,72.55792010168767,71.888208549256,70.78360716172692,72.7060951124761,Estimación adecuada
Rio Grande,1985-1989,2,78.55898208748316,78.28693563318933,77.31723309900157,79.25829554288555,Estimación adecuada
Rio Grande,1990-1994,1,69.8066408540921,70.16670403339522,69.32834663317401,70.96986337829915,Estimación adecuada
Rio Grande,1990-1994,2,79.04176505901863,79.1456805538374,77.84089065607272,80.16929583912065,Estimación adecuada
Rio Grande,1995-1999,1,69.24216716509197,69.86876339873628,68.90383157832537,70.58723651158985,Estimación adecuada
Rio Grande,1995-1999,2,78.57122528721384,78.50146287423374,77.6325611255597,79.50938081916601,Estimación adecuada
Rio Grande,2000-2004,1,73.5987446256221,73.56779944603355,72.94011179858995,74.5255602957048,Estimación adecuada
Rio Grande,2000-2004,2,80.92764017417292,80.86871334670063,79.55363071639587,81.68351478724685,Estimación adecuada
Rio Grande,2005-2009,1,74.74267006153134,74.80073821341057,73.84702632253487,75.60849881459592,Estimación adecuada
Rio Grande,2005-2009,2,82.25371975622028,81.80551965858146,80.7251493964751,82.61140937877163,Estimación adecuada
Rio Grande,2010-2014,1,75.62464241200296,75.82415359153883,74.95017719634659,76.53270645628038,Estimación adecuada
Rio Grande,2010-2014,2,81.93516108938404,81.96843204477169,81.22518536767689,82.88347251220101,Estimación adecuada
Rio Grande,2015-2019,1,77.32038501383934,77.44075109890933,76.49792701007517,78.36691321204839,Estimación adecuada
Rio Grande,2015-2019,2,84.73128165771396,84.52783866406278,83.2813731950819,85.55876586041262,Estimación adecuada
Rio Grande,2020-2024,1,76.09079051682853,76.56828541858883,75.66318899180928,77.24683493911591,Estimación adecuada
Rio Grande,2020-2024,2,84.92626206233898,85.22677332138565,84.16899188140258,86.49644182100138,Estimación adecuada
Sabana Grande,1980-1984,1,72.94260252849719,71.98431564065447,70.78816640257375,73.02249321890982,Estimación adecuada
Sabana Grande,1980-1984,2,76.79030160326006,77.3015186589338,76.3567999910957,78.4752418179152,Estimación adecuada
Sabana Grande,1985-1989,1,72.60670516660508,72.02474604768598,71.08711400583687,73.10043918275215,Estimación adecuada
Sabana Grande,1985-1989,2,79.46020484114078,78.8267349633173,77.79600253262387,80.06540879147599,Estimación adecuada
Sabana Grande,1990-1994,1,71.96878186562466,71.49720776309292,70.39926236674032,72.57821877902965,Estimación adecuada
Sabana Grande,1990-1994,2,77.52973712888554,77.61120123824102,76.7316691652116,78.80127361133088,Estimación adecuada
Sabana Grande,1995-1999,1,72.42496764545729,71.83410081823884,70.69618726325209,72.75467865610844,Estimación adecuada
Sabana Grande,1995-1999,2,77.8549110688198,77.84623671876041,76.82150390907984,78.7633246735867,Estimación adecuada
Sabana Grande,2000-2004,1,75.19081545433245,74.43522536007225,73.17970725146904,75.3927200319219,Estimación adecuada
Sabana Grande,2000-2004,2,80.10304388750191,80.58486077125968,79.32945693603426,81.98486036676722,Estimación adecuada
Sabana Grande,2005-2009,1,75.77699216646894,74.87574583312978,74.01339548527204,75.90310208445797,Estimación adecuada
Sabana Grande,2005-2009,2,80.72892003066303,81.25037689843315,80.081055943172,82.17465451943504,Estimación adecuada
Sabana Grande,2010-2014,1,75.70526772953107,75.82812446367294,74.89166300351266,76.99077374505376,Estimación adecuada
Sabana Grande,2010-2014,2,83.3057418970242,83.10128773860015,81.92898833212013,84.32831272017678,Estimación adecuada
Sabana Grande,2015-2019,1,77.43470484017462,77.09257791166714,75.90278182229807,77.92569542260746,Estimación adecuada
Sabana Grande,2015-2019,2,83.12156944238525,83.1050871030329,82.27507907046694,84.33894391825116,Estimación adecuada
Sabana Grande,2020-2024,1,77.44105015726227,77.42712732682438,76.47498650925841,78.67323489280909,Estimación adecuada
Sabana Grande,2020-2024,2,83.44790990052292,84.48336367349762,83.35637897090572,85.83109081243173,Estimación adecuada
Salinas,1980-1984,1,69.34771587119822,69.83669121398313,68.86674952984441,70.894733478356,Estimación adecuada
Salinas,1980-1984,2,77.00356882697933,77.06690438420092,75.66465472081765,77.96485288645499,Estimación adecuada
Salinas,1985-1989,1,67.8768913469486,68.91507018094872,67.81571323988024,70.21008589215026,Estimación adecuada
Salinas,1985-1989,2,76.51927305162637,76.80895328616636,75.78161713998783,78.0325572538375,Estimación adecuada
Salinas,1990-1994,1,69.60135801885075,69.93452964839781,68.86221218300912,70.95565241890851,Estimación adecuada
Salinas,1990-1994,2,77.16626361655916,77.70399831297615,76.6147354291918,78.8281042067878,Estimación adecuada
Salinas,1995-1999,1,69.29023548543516,69.69634266343567,68.5531432525915,70.30667801175785,Estimación adecuada
Salinas,1995-1999,2,79.22383445714814,78.79394661395803,77.81751806941413,80.29517567327714,Estimación adecuada
Salinas,2000-2004,1,73.10253328655585,72.99706543620854,72.05876350394752,73.99745586785588,Estimación adecuada
Salinas,2000-2004,2,80.52455994892824,80.09496871584366,78.87677766036916,81.28997404457002,Estimación adecuada
Salinas,2005-2009,1,73.52822440107285,73.67216338501773,72.62646266285898,74.60439712910433,Estimación adecuada
Salinas,2005-2009,2,80.63090066219925,80.87574747919619,79.76761297782483,81.93826149993146,Estimación adecuada
Salinas,2010-2014,1,75.47743944137984,75.59702125783646,74.47548641614452,76.58615372104369,Estimación adecuada
Salinas,2010-2014,2,83.23167940762168,83.40795050416493,82.08530931553298,84.88370421243167,Estimación adecuada
Salinas,2015-2019,1,77.96635541138743,77.68715930132021,76.41536534379027,78.90581941985869,Estimación adecuada
Salinas,2015-2019,2,85.02610562554052,84.67185130252089,83.55898800724705,85.90775198805846,Estimación adecuada
Salinas,2020-2024,1,77.2752335181164,77.0316880954108,76.0826453453519,78.03165371538918,Estimación adecuada
Salinas,2020-2024,2,85.43601257393142,85.02587313132557,84.02140223586821,86.55510442770552,Estimación adecuada
San German,1980-1984,1,72.17155637189039,72.11487918945774,71.31134012222435,72.9618294465954,Estimación adecuada
San German,1980-1984,2,77.0812843420632,77.47581432385026,76.54044848749233,78.4203833135087,Estimación adecuada
San German,1985-1989,1,73.24578912339052,72.59314255708843,71.45911873373862,73.65875099448095,Estimación adecuada
San German,1985-1989,2,78.281715742411,78.1377426129652,76.9322096375143,79.16990375393996,Estimación adecuada
San German,1990-1994,1,72.47312065094486,72.06934817866662,71.09696950818743,73.20074786460245,Estimación adecuada
San German,1990-1994,2,78.88901019804139,79.08429487132844,78.14364883071339,80.04367944049133,Estimación adecuada
San German,1995-1999,1,74.17482678706043,73.47775521986853,72.43909501915354,74.47087447929663,Estimación adecuada
San German,1995-1999,2,78.52895052757144,78.96156508748885,78.0678109909641,80.1887749600743,Estimación adecuada
San German,2000-2004,1,75.40040785434385,74.87306566153339,73.83433212316822,75.9170892459795,Estimación adecuada
San German,2000-2004,2,81.07042973561371,80.93250828576294,80.00047540633926,82.03605721063505,Estimación adecuada
San German,2005-2009,1,75.89227383722931,75.42394487126575,74.51035037066268,76.3319077282638,Estimación adecuada
San German,2005-2009,2,81.35724022521588,81.63235621645583,80.63865401703302,82.61116259714797,Estimación adecuada
San German,2010-2014,1,77.09595528241658,76.38470893953145,75.32412299735807,77.27659092972416,Estimación adecuada
San German,2010-2014,2,81.95497572147197,82.39416248173961,81.58837296469974,83.39193422776592,Estimación adecuada
San German,2015-2019,1,79.14792857398798,77.91065624047732,77.12588663868269,79.0240774484411,< e0 observado
San German,2015-2019,2,84.0002365484052,84.26807827751277,83.22284629349723,85.48723867190037,Estimación adecuada
San German,2020-2024,1,78.13234571523579,77.69356806316597,76.62414033305137,78.75673901180225,Estimación adecuada
San German,2020-2024,2,83.15333884969452,83.8286002428339,82.89980237177718,84.77034584891936,Estimación adecuada
San Juan,1980-1984,1,68.53296805880613,68.65399862344508,68.37844474639569,69.0527024240241,Estimación adecuada
San Juan,1980-1984,2,78.41781325030587,78.2941205668442,77.8791877155686,78.58366818840808,Estimación adecuada
San Juan,1985-1989,1,67.17212517316179,67.29350565062322,66.96685273742379,67.73107330088455,Estimación adecuada
San Juan,1985-1989,2,78.70934229140379,78.65931821957275,78.25725255198392,78.94199054792024,Estimación adecuada
San Juan,1990-1994,1,64.70940097035052,64.95230815775206,64.64385253202266,65.28559461584679,Estimación adecuada
San Juan,1990-1994,2,78.53794951508831,78.59681953148747,78.26153675750288,78.88613932150523,Estimación adecuada
San Juan,1995-1999,1,67.09892384379134,67.26879458821625,66.93411177282454,67.63908546928505,Estimación adecuada
San Juan,1995-1999,2,79.54091321860172,79.53869537244039,79.2282952873349,79.84196677375348,Estimación adecuada
San Juan,2000-2004,1,71.1882392973574,71.25757905166722,70.9744319094631,71.5579023609614,Estimación adecuada
San Juan,2000-2004,2,81.92921875527303,81.812722322812,81.48503531238501,82.13482185600895,Estimación adecuada
San Juan,2005-2009,1,72.69964876784017,72.70050743819199,72.22548495153808,73.05980611219312,Estimación adecuada
San Juan,2005-2009,2,82.46547999538443,82.40550598815446,82.04615652519519,82.8750415344721,Estimación adecuada
San Juan,2010-2014,1,74.44529350870087,74.5125052091812,74.05255155586786,74.91669174905738,Estimación adecuada
San Juan,2010-2014,2,84.20463369793843,84.06607352346845,83.50966860550224,84.48672134769885,Estimación adecuada
San Juan,2015-2019,1,75.79825935426356,75.85100707774092,75.50358790965537,76.28801178496296,Estimación adecuada
San Juan,2015-2019,2,85.20819741649419,85.12834470866513,84.57370256400306,85.62793047991866,Estimación adecuada
San Juan,2020-2024,1,75.09617765928651,75.19715243711283,74.85578295422178,75.68808633311971,Estimación adecuada
San Juan,2020-2024,2,85.57777113429813,85.36662565589043,84.88559310835552,85.85423833456309,Estimación adecuada
San Lorenzo,1980-1984,1,72.4269330696064,72.45028789173614,71.17710508843663,73.30940430290525,Estimación adecuada
San Lorenzo,1980-1984,2,78.47103642037956,78.46100214750012,77.26646015499671,79.6165969623887,Estimación adecuada
San Lorenzo,1985-1989,1,70.33185072656097,70.98145534165207,70.02435197091872,71.91599333641041,Estimación adecuada
San Lorenzo,1985-1989,2,79.4038927542163,78.85981482609822,77.75641954576238,80.11775823621059,Estimación adecuada
San Lorenzo,1990-1994,1,70.49063585980458,70.67987009014259,69.6976773903981,71.63511185251946,Estimación adecuada
San Lorenzo,1990-1994,2,79.42906403274269,79.1323454917868,78.21577055727823,80.16239500879337,Estimación adecuada
San Lorenzo,1995-1999,1,72.39291160482962,72.19658854637674,71.21335914299974,73.01781287376409,Estimación adecuada
San Lorenzo,1995-1999,2,78.56261721700943,78.5805933625858,77.60076435812397,79.63778217066846,Estimación adecuada
San Lorenzo,2000-2004,1,73.59466919977362,73.63532724706278,72.82298603015738,74.72596608239101,Estimación adecuada
San Lorenzo,2000-2004,2,81.14875504017051,80.93913364821479,79.92470224540529,82.095580599111,Estimación adecuada
San Lorenzo,2005-2009,1,75.07421835227707,74.91870634662351,74.02497569027503,75.85755296365774,Estimación adecuada
San Lorenzo,2005-2009,2,82.06471302858854,81.68970763983592,80.6064281061097,82.76199002882524,Estimación adecuada
San Lorenzo,2010-2014,1,76.50254306599682,76.63798293612884,75.4509829440716,77.80424131542239,Estimación adecuada
San Lorenzo,2010-2014,2,83.9183271335132,83.21523553616218,82.04684913294577,84.48593841445691,Estimación adecuada
San Lorenzo,2015-2019,1,77.43176974248165,78.03853992384768,76.89588202922104,79.37805247992021,Estimación adecuada
San Lorenzo,2015-2019,2,85.92248006512409,85.37851627773267,83.92664794645185,86.81288287834565,Estimación adecuada
San Lorenzo,2020-2024,1,77.62523479934367,77.74817218096234,76.7729427600735,78.64684321756141,Estimación adecuada
San Lorenzo,2020-2024,2,84.55625634680975,84.34653241435143,83.25559803311894,85.42622771876225,Estimación adecuada
San Sebastian,1980-1984,1,73.33683627750408,72.82829744194939,71.87122044133173,73.97797711525922,Estimación adecuada
San Sebastian,1980-1984,2,77.39216900594447,77.82368583856348,76.81042333106396,79.0337904137385,Estimación adecuada
San Sebastian,1985-1989,1,71.54106439345284,71.77632089787303,70.75307787150675,72.61711754332552,Estimación adecuada
San Sebastian,1985-1989,2,78.32567842249966,78.53899062315332,77.60352208755945,79.60505742316721,Estimación adecuada
San Sebastian,1990-1994,1,72.72006609308197,72.13620781719601,71.4103808012753,73.2304778102735,Estimación adecuada
San Sebastian,1990-1994,2,78.61121244043503,78.72275977855324,78.04609429180451,79.68405868474134,Estimación adecuada
San Sebastian,1995-1999,1,73.29080325081594,72.91992010125188,72.18924510521103,73.63418981371288,Estimación adecuada
San Sebastian,1995-1999,2,79.73176179097116,79.43550632257319,78.54999464638203,80.29550351409009,Estimación adecuada
San Sebastian,2000-2004,1,74.89792147656362,74.50587256913205,73.47908100451912,75.27831411306582,Estimación adecuada
San Sebastian,2000-2004,2,80.32263567678552,80.20172742637362,79.40151312084967,81.19516049117652,Estimación adecuada
San Sebastian,2005-2009,1,76.73740203137386,76.02821994811833,75.09459543878559,76.7235022831242,< e0 observado
San Sebastian,2005-2009,2,81.1692904566309,81.027483859445,80.27543265507546,81.8381741168973,Estimación adecuada
San Sebastian,2010-2014,1,76.69546237928682,76.39361452616063,75.61677220163875,77.17816540432361,Estimación adecuada
San Sebastian,2010-2014,2,83.16134686711862,82.9231896741355,82.05934671373853,84.02948828588063,Estimación adecuada
San Sebastian,2015-2019,1,79.1178099470019,78.46924023618811,77.44129448956457,79.41076204283095,Estimación adecuada
San Sebastian,2015-2019,2,84.22340952689646,84.00616971007925,83.05843896989185,84.86651194893565,Estimación adecuada
San Sebastian,2020-2024,1,78.24142492610734,77.79924605588857,77.03046357221785,78.54170984255371,Estimación adecuada
San Sebastian,2020-2024,2,84.23065748606743,84.29414151129417,83.56544607284184,85.55735919549517,Estimación adecuada
Santa Isabel,1980-1984,1,69.7275677276356,69.36967471584019,68.26985143710289,70.40680702340067,Estimación adecuada
Santa Isabel,1980-1984,2,77.7763438904047,77.16186335380434,75.88939970907964,78.73807694477384,Estimación adecuada
Santa Isabel,1985-1989,1,69.23817247335977,69.60855628575321,68.5994961541765,70.68963745020356,Estimación adecuada
Santa Isabel,1985-1989,2,76.67908928126376,76.72066576655345,75.52453533863925,78.22716577070602,Estimación adecuada
Santa Isabel,1990-1994,1,66.65679986192234,68.18240854859674,67.16707816664511,69.41236789533693,> e0 observado
Santa Isabel,1990-1994,2,76.1627447017844,76.78905642364,75.9228591737818,78.27702275177299,Estimación adecuada
Santa Isabel,1995-1999,1,68.83610956762453,69.38736573237134,68.56457203068777,70.21704857591376,Estimación adecuada
Santa Isabel,1995-1999,2,77.73152078827611,77.62978121829529,76.15455885419271,78.69304256349591,Estimación adecuada
Santa Isabel,2000-2004,1,69.45419232564782,70.77937291047854,69.60011422530087,72.05810193735643,> e0 observado
Santa Isabel,2000-2004,2,79.11209035669054,79.36193717413116,78.00189190302038,80.27478691709747,Estimación adecuada
Santa Isabel,2005-2009,1,72.31479005793592,72.75290226220022,71.35151628907926,73.67396691742744,Estimación adecuada
Santa Isabel,2005-2009,2,81.59418713189359,81.25195353583936,80.054275039053607,83.14225922850557,Estimación adecuada
Santa Isabel,2010-2014,1,74.62174299181575,75.07038785781029,73.8125409150594,76.18054660704908,Estimación adecuada
Santa Isabel,2010-2014,2,81.81631250475374,81.50866609839429,80.20278976507745,82.52401069154311,Estimación adecuada
Santa Isabel,2015-2019,1,75.10553816345772,75.36910147831719,74.38273872417477,76.68853235944532,Estimación adecuada
Santa Isabel,2015-2019,2,85.04929628842375,83.91342744546137,82.46393647490757,85.33895623100739,Estimación adecuada
Santa Isabel,2020-2024,1,74.53124138847393,74.93981622149764,73.90946543140731,76.25166102277473,Estimación adecuada
Santa Isabel,2020-2024,2,83.31177822878875,82.99443227861241,81.74612245438422,84.82570523007954,Estimación adecuada
Toa Alta,1980-1984,1,74.8830856005072,74.1600524768597,73.17905064786893,75.28526714715193,Estimación adecuada
Toa Alta,1980-1984,2,77.90618677933547,78.76799753796516,77.48104277884318,80.11170232832086,Estimación adecuada
Toa Alta,1985-1989,1,72.95726224514657,72.88779907028356,71.8111041717242,73.81873790575139,Estimación adecuada
Toa Alta,1985-1989,2,81.13925929884047,80.76898619607437,79.41906572211599,82.38308407259609,Estimación adecuada
Toa Alta,1990-1994,1,73.42887184415189,73.30147934746948,72.26134340256425,74.30798379301466,Estimación adecuada
Toa Alta,1990-1994,2,79.53507742661205,79.93451422831066,78.9252515040834,81.06278282360134,Estimación adecuada
Toa Alta,1995-1999,1,73.12825061550112,73.07320878141121,72.15296264589031,74.05702135390248,Estimación adecuada
Toa Alta,1995-1999,2,80.88771225273739,80.68787238582085,79.58054058570063,81.63430782562438,Estimación adecuada
Toa Alta,2000-2004,1,75.20122641401855,74.98100207460976,74.32067744371479,75.8527356659394,Estimación adecuada
Toa Alta,2000-2004,2,81.33505965208538,81.75245048061825,80.7907641420902,82.49919039257739,Estimación adecuada
Toa Alta,2005-2009,1,77.25808536131703,77.1173896659268,76.36890534349052,78.18882792648827,Estimación adecuada
Toa Alta,2005-2009,2,83.45975745150935,83.51026030628691,82.40929583778038,84.91506789733997,Estimación adecuada
Toa Alta,2010-2014,1,77.617438844306065,77.80508059416724,77.02147723960542,78.54563248572799,Estimación adecuada
Toa Alta,2010-2014,2,84.59193836320182,84.3190175727647,83.39057517960495,85.50915596642575,Estimación adecuada
Toa Alta,2015-2019,1,79.44012262836311,79.43476584084186,78.41357665293157,80.1372049126571,Estimación adecuada
Toa Alta,2015-2019,2,84.21287299648571,84.37687071029947,83.69990606880593,85.3468263102224,Estimación adecuada
Toa Alta,2020-2024,1,79.32715713141147,79.26832293720292,78.09462207535952,79.98825032365775,Estimación adecuada
Toa Alta,2020-2024,2,85.92609855770323,85.44307389408539,84.50719956518827,86.6924185275615,Estimación adecuada
Toa Baja,1980-1984,1,72.82833976912103,72.52900409329077,71.63116149462044,73.27001206945229,Estimación adecuada
Toa Baja,1980-1984,2,79.03893803233984,78.59822674865498,77.75102112983849,79.83993280389055,Estimación adecuada
Toa Baja,1985-1989,1,71.09171108702432,71.13891138652833,70.39365674279658,72.04061180558098,Estimación adecuada
Toa Baja,1985-1989,2,79.17713173148333,79.06106152559389,78.14091167871061,79.8130059499064,Estimación adecuada
Toa Baja,1990-1994,1,69.55070432606276,70.05353244811212,69.37697869887367,70.64266502064999,Estimación adecuada
Toa Baja,1990-1994,2,78.53439715581091,78.36981946697914,77.79809062601925,79.08753853097122,Estimación adecuada
Toa Baja,1995-1999,1,71.02389397781576,71.29868830659439,70.54104062827236,71.97342351231771,Estimación adecuada
Toa Baja,1995-1999,2,80.35817914633549,79.94825453131472,79.06544328808624,80.51236393120834,Estimación adecuada
Toa Baja,2000-2004,1,73.3130761935651,73.47589709763622,72.96419760248752,73.99178447592527,Estimación adecuada
Toa Baja,2000-2004,2,81.24641875534006,81.00582744126956,80.23302568430447,81.82989633345306,Estimación adecuada
Toa Baja,2005-2009,1,73.9336800218148,74.1194172570823,73.39721990672433,74.71842750505164,Estimación adecuada
Toa Baja,2005-2009,2,81.2918522418654,81.23760618327015,80.41487878066252,81.89569819705386,Estimación adecuada
Toa Baja,2010-2014,1,75.63234922554784,75.77695825395662,75.034603090241,76.43388704775555,Estimación adecuada
Toa Baja,2010-2014,2,83.19276198853512,82.9563112960654,82.15638262278799,83.70000993836769,Estimación adecuada
Toa Baja,2015-2019,1,77.0796431176242,77.14294407525993,76.48074994628092,78.04056067807466,Estimación adecuada
Toa Baja,2015-2019,2,85.28768156374481,85.08004469598627,84.23303551782845,86.1844638368336,Estimación adecuada
Toa Baja,2020-2024,1,76.06866784040614,76.29532115614236,75.45643323956614,77.10081575018678,Estimación adecuada
Toa Baja,2020-2024,2,84.82502560819063,84.67921422114733,83.75117241854379,85.43843671838522,Estimación adecuada
Trujillo Alto,1980-1984,1,73.8807661516517,73.96157822649465,72.86965715232522,74.81464499590325,Estimación adecuada
Trujillo Alto,1980-1984,2,80.45848591811597,80.06533438231585,79.07593122468259,81.30360978384086,Estimación adecuada
Trujillo Alto,1985-1989,1,72.91759611684925,72.99704414281979,72.07017841410195,73.75047226696293,Estimación adecuada
Trujillo Alto,1985-1989,2,81.01563083839561,80.62089216366059,79.36697165885963,81.87788270487974,Estimación adecuada
Trujillo Alto,1990-1994,1,72.6023641348921,72.80996866875387,71.86624804538243,73.65966151359453,Estimación adecuada
Trujillo Alto,1990-1994,2,79.85175886432305,79.91159495088553,79.0912472142069,80.56919825063271,Estimación adecuada
Trujillo Alto,1995-1999,1,72.41162116159781,72.78662295899312,71.97857562177703,73.55648380967332,Estimación adecuada
Trujillo Alto,1995-1999,2,81.19162622930031,80.85222205024904,79.85545321947431,81.68552733967803,Estimación adecuada
Trujillo Alto,2000-2004,1,74.68446388601943,74.899639938016,74.25750294675115,75.76231900996338,Estimación adecuada
Trujillo Alto,2000-2004,2,83.41194987282269,83.2475650598727,82.14868680938966,84.44200811645206,Estimación adecuada
Trujillo Alto,2005-2009,1,75.81610434260868,75.8920060115679,75.10990708063507,76.83903371330071,Estimación adecuada
Trujillo Alto,2005-2009,2,83.84316698522537,83.4380385553488,82.6462732150103,84.4167159743283,Estimación adecuada
Trujillo Alto,2010-2014,1,77.88979650864401,77.88746642478198,77.07078350220051,78.61778154955968,Estimación adecuada
Trujillo Alto,2010-2014,2,85.28937280458358,85.04518643162427,84.22852341503327,86.08830114088406,Estimación adecuada
Trujillo Alto,2015-2019,1,79.53728233113502,79.51648196457984,78.66464042669222,80.36309417320709,Estimación adecuada
Trujillo Alto,2015-2019,2,86.3543330403018,86.22397812878611,85.40537273245181,87.38962866393916,Estimación adecuada
Trujillo Alto,2020-2024,1,78.39208683519212,78.53623054595039,77.73333108172754,79.45676859078458,Estimación adecuada
Trujillo Alto,2020-2024,2,86.16954614436371,85.7271046727086,84.9643071957955,86.57379007473882,Estimación adecuada
Utuado,1980-1984,1,72.77455758364391,72.67776284514326,71.67635802612341,73.76817485556639,Estimación adecuada
Utuado,1980-1984,2,78.22725510627389,78.25603832454769,77.34911438311778,79.45335541104299,Estimación adecuada
Utuado,1985-1989,1,72.49241351300115,72.30219063645214,71.3795867151451,73.216065163141,Estimación adecuada
Utuado,1985-1989,2,78.55971933281445,78.52056257066872,77.66623506389213,79.7473591486151,Estimación adecuada
Utuado,1990-1994,1,73.58027996114916,72.92571423354367,72.06823523371366,73.73059446010959,Estimación adecuada
Utuado,1990-1994,2,79.15999314000904,78.82641170720683,77.84071906055112,79.92951200490579,Estimación adecuada
Utuado,1995-1999,1,73.56681994998524,72.71998184994604,71.87386819770519,73.50488330993701,< e0 observado
Utuado,1995-1999,2,79.75811291705193,79.35507578931905,78.45101103651862,80.59703190114968,Estimación adecuada
Utuado,2000-2004,1,75.66609210920785,74.94076734868403,74.08084909583464,75.8723585959217,Estimación adecuada
Utuado,2000-2004,2,80.85296661933371,81.02118653451609,79.96414767238588,82.16091304144948,Estimación adecuada
Utuado,2005-2009,1,74.96306439444312,75.00920672074048,74.04879540336236,75.91300526501075,Estimación adecuada
Utuado,2005-2009,2,81.95177865789455,82.28024813892362,81.13572073290831,83.2476042197886,Estimación adecuada
Utuado,2010-2014,1,76.45438665507136,75.8461395101962,75.18206224379696,76.77374245790428,Estimación adecuada
Utuado,2010-2014,2,83.96232047500072,83.5423572255022,82.30639975913888,84.78101869802612,Estimación adecuada
Utuado,2015-2019,1,79.0189703608258,78.87967127789078,77.68831315526306,80.34670567751654,Estimación adecuada
Utuado,2015-2019,2,85.5118737413184,85.15620639063255,84.28566043513014,86.6672756078791,Estimación adecuada
Utuado,2020-2024,1,80.22889535833663,79.12978254704923,78.08935477065381,80.07418832104284,< e0 observado
Utuado,2020-2024,2,86.24989014279643,85.3953165927947,84.25214371532749,86.59757013336092,Estimación adecuada
Vega Alta,1980-1984,1,73.54933326191107,73.08541994583317,71.74054906444843,74.19936038126183,Estimación adecuada
Vega Alta,1980-1984,2,78.25469326095431,78.59131924797309,77.33946928039728,79.92549387661725,Estimación adecuada
Vega Alta,1985-1989,1,72.05535344696615,72.34401309144486,71.32514557100147,73.40414871036626,Estimación adecuada
Vega Alta,1985-1989,2,78.15985935324002,78.39226303054667,77.40387176271614,79.34259088083348,Estimación adecuada
Vega Alta,1990-1994,1,70.24052329679134,70.85583906717594,70.07005113550085,71.82063500720054,Estimación adecuada
Vega Alta,1990-1994,2,79.51462054686016,79.51008234173635,78.3658496184963,80.51500345657472,Estimación adecuada
Vega Alta,1995-1999,1,71.54816531304111,71.74968900849218,70.81624312362774,72.53835839363236,Estimación adecuada
Vega Alta,1995-1999,2,79.34051049480365,79.4389243648015,78.21420879851428,80.38460336627489,Estimación adecuada
Vega Alta,2000-2004,1,74.10875011525926,74.10807512161375,73.19447590922633,75.4280095563623,Estimación adecuada
Vega Alta,2000-2004,2,81.98636550598057,81.77808674600332,80.39927734317428,83.0905446927007,Estimación adecuada
Vega Alta,2005-2009,1,74.49742104581102,74.77171364105706,73.75182819913809,75.89391774063805,Estimación adecuada
Vega Alta,2005-2009,2,82.79578771576239,82.2640158330149,81.14383188129618,83.57953978788363,Estimación adecuada
Vega Alta,2010-2014,1,76.95585105473053,76.73316889224503,75.82982738551424,77.68367077084186,Estimación adecuada
Vega Alta,2010-2014,2,84.70771205138385,84.16661917928204,82.94189268052227,85.46053374169003,Estimación adecuada
Vega Alta,2015-2019,1,79.09002086085074,78.60106708900375,77.47268763800847,79.57527184883229,Estimación adecuada
Vega Alta,2015-2019,2,84.78023321458953,84.50513634297785,83.7019405064305,86.30633806676761,Estimación adecuada
Vega Alta,2020-2024,1,79.13203080104806,78.84623940567874,77.76022691306649,80.25936164711212,Estimación adecuada
Vega Alta,2020-2024,2,86.55489338482076,85.86421058267139,84.76565264780233,87.70297272275752,Estimación adecuada
Vega Baja,1980-1984,1,72.17472574689376,71.94989612353386,71.05402533182422,73.14604780919983,Estimación adecuada
Vega Baja,1980-1984,2,77.4559969407079,77.32348336507519,76.32041751787966,78.37765809054117,Estimación adecuada
Vega Baja,1985-1989,1,71.32919645334727,71.38637188131071,70.52718461210759,72.01492891213314,Estimación adecuada
Vega Baja,1985-1989,2,78.37255208308184,78.31194670289511,77.44309781265628,79.19392889239676,Estimación adecuada
Vega Baja,1990-1994,1,69.34239102427848,69.67333299099681,68.72249501470992,70.51808954564066,Estimación adecuada
Vega Baja,1990-1994,2,79.817128530258,79.59392437570858,78.55558426829143,80.50617107290039,Estimación adecuada
Vega Baja,1995-1999,1,69.80129928554581,70.14906580541538,69.46070643990419,70.90214677349921,Estimación adecuada
Vega Baja,1995-1999,2,78.73855584436625,78.4011211658906,77.74924436251248,79.2144413933963,Estimación adecuada
Vega Baja,2000-2004,1,71.71281396652603,72.07567469739139,71.2677842653437,72.74578890240494,Estimación adecuada
Vega Baja,2000-2004,2,80.83940501884719,80.29591336788961,79.37849493748487,81.37868497484058,Estimación adecuada
Vega Baja,2005-2009,1,73.49107576558887,73.73319323168005,73.01764120771202,74.46727410797786,Estimación adecuada
Vega Baja,2005-2009,2,81.56225378359265,81.29374044444461,80.51188048310172,82.16064191009983,Estimación adecuada
Vega Baja,2010-2014,1,75.67293352681041,75.60398032882966,75.02745682841103,76.36940942074668,Estimación adecuada
Vega Baja,2010-2014,2,82.83225536608914,82.56133893762856,81.47822478298208,83.34988781683268,Estimación adecuada
Vega Baja,2015-2019,1,77.17186219895375,76.98857493161569,76.1787888726857,77.7141371594661,Estimación adecuada
Vega Baja,2015-2019,2,85.55300741129905,84.98119135257093,84.24127183472612,86.11786408884032,Estimación adecuada
Vega Baja,2020-2024,1,76.1343018706242,76.61859990943549,75.82689501273809,77.53670329920848,Estimación adecuada
Vega Baja,2020-2024,2,85.01178406884422,84.42960076961168,83.34238503373636,85.53887311911143,Estimación adecuada
Vieques,1980-1984,1,68.44199950691872,69.28997184994688,68.0428786032974,70.39311802754727,Estimación adecuada
Vieques,1980-1984,2,79.82881030409467,77.38564545661555,75.74610507911802,79.1575484113809,< e0 observado
Vieques,1985-1989,1,68.91887213110078,69.19142276574794,68.12234832543689,70.32878498325127,Estimación adecuada
Vieques,1985-1989,2,76.64055553721266,76.96283612058483,75.76791532734357,78.37735976994401,Estimación adecuada
Vieques,1990-1994,1,70.56388701195755,69.63560136681964,68.22134298127251,71.39804089148411,Estimación adecuada
Vieques,1990-1994,2,75.61141239304688,76.73370168212668,74.71704144843173,77.89850094168327,Estimación adecuada
Vieques,1995-1999,1,67.1661520645474,68.85384320177624,67.51881410241566,70.12201025704914,> e0 observado
Vieques,1995-1999,2,77.66760098100364,77.86871191679919,76.45433187303678,80.02501258782375,Estimación adecuada
Vieques,2000-2004,1,71.06219249587082,71.58211508718095,70.38721324405486,73.08186492130554,Estimación adecuada
Vieques,2000-2004,2,79.94564055883934,79.65263661822853,78.31026814229267,81.69101010288492,Estimación adecuada
Vieques,2005-2009,1,71.86562241202773,72.68264594615229,71.23418593115544,74.09667056937155,Estimación adecuada
Vieques,2005-2009,2,82.1662176624026,81.34312743059039,79.68476059426824,83.45410639839511,Estimación adecuada
Vieques,2010-2014,1,72.38693885614644,74.48283029191822,72.97815078911424,76.1682618094578,> e0 observado
Vieques,2010-2014,2,82.20083674525317,82.34208567969364,80.59122000101587,84.095249598257,Estimación adecuada
Vieques,2015-2019,1,75.48771486205818,76.38624960962642,74.45493882966858,77.96740555878841,Estimación adecuada
Vieques,2015-2019,2,85.60400958844578,84.11110498634127,82.00394431404791,85.57229648058106,< e0 observado
Vieques,2020-2024,1,70.30670126441383,75.28836825325726,73.76888110409723,76.91045939252174,> e0 observado
Vieques,2020-2024,2,82.77316856062777,82.49587194208392,81.11100656245472,84.47726661761817,Estimación adecuada
Villalba,1980-1984,1,71.31481633801816,71.63005433404702,70.5159845285907,72.80999621190644,Estimación adecuada
Villalba,1980-1984,2,77.35744616187003,78.23554237836046,76.94971992408551,79.3806641513873,Estimación adecuada
Villalba,1985-1989,1,70.6812298941124,71.21997983658957,70.2697097604401,72.51095580647855,Estimación adecuada
Villalba,1985-1989,2,78.13907330956457,78.33282425378911,77.2319418353444,80.11172374789811,Estimación adecuada
Villalba,1990-1994,1,72.3498469286644,71.6492348644448,70.66336381948761,72.67005741414542,Estimación adecuada
Villalba,1990-1994,2,79.32972359168376,79.01556679286432,77.9794646668816,80.15923720095176,Estimación adecuada
Villalba,1995-1999,1,74.12665072351581,72.75486612753764,71.88448895431881,74.16508377481505,Estimación adecuada
Villalba,1995-1999,2,79.94095261032773,79.59778446173132,78.48291017381953,80.85252739726505,Estimación adecuada
Villalba,2000-2004,1,75.24588138203707,74.76314243965055,73.59132203345791,76.32444499442427,Estimación adecuada
Villalba,2000-2004,2,81.24189158745828,81.01063857584147,79.72634830158617,82.32697126470501,Estimación adecuada
Villalba,2005-2009,1,75.22194783512565,75.01184905785459,73.91801403483109,76.24810006922766,Estimación adecuada
Villalba,2005-2009,2,82.367985821704,82.0736422321778,80.91382119443364,83.60791326162598,Estimación adecuada
Villalba,2010-2014,1,77.8383761040004,76.66335829300863,75.84934261109976,77.91049961145522,Estimación adecuada
Villalba,2010-2014,2,82.38109633625453,82.71120166027596,81.33122614628131,84.2554007544049,Estimación adecuada
Villalba,2015-2019,1,77.83504649286682,77.51807117483982,76.59536692386473,78.66749953883831,Estimación adecuada
Villalba,2015-2019,2,84.05820533092681,84.24475388751394,82.80556196100002,85.56035249330449,Estimación adecuada
Villalba,2020-2024,1,77.24232552482839,77.10830550405197,76.32399577420858,78.08276217779611,Estimación adecuada
Villalba,2020-2024,2,85.36972299365041,85.32232459074122,83.98808829642115,87.08607000208275,Estimación adecuada
Yabucoa,1980-1984,1,71.13885114874819,71.25878454654301,70.31743772841125,72.368077589259,Estimación adecuada
Yabucoa,1980-1984,2,77.69784172893796,77.72966842909022,76.54674210137105,78.95132412281575,Estimación adecuada
Yabucoa,1985-1989,1,71.6497165141789,71.77224251684103,70.50659134253195,72.79259295484621,Estimación adecuada
Yabucoa,1985-1989,2,78.71247157491743,78.52327599486303,77.36562861798616,79.46306556706367,Estimación adecuada
Yabucoa,1990-1994,1,72.18368470754862,71.84494116444233,70.99216842512692,72.75064977831212,Estimación adecuada
Yabucoa,1990-1994,2,78.65582186258791,78.56534485457013,77.74245996353568,79.78775316167317,Estimación adecuada
Yabucoa,1995-1999,1,70.61759581589234,71.02997212082605,70.0750424450076,71.63189510317363,Estimación adecuada
Yabucoa,1995-1999,2,79.25053941807832,79.05000570325207,78.14378942915752,79.93692092730039,Estimación adecuada
Yabucoa,2000-2004,1,74.67500524731325,74.45596956034487,73.71166004595685,75.7490484720067,Estimación adecuada
Yabucoa,2000-2004,2,81.74191284227646,81.56367202937948,80.57930519842897,82.66557360138023,Estimación adecuada
Yabucoa,2005-2009,1,74.52109913218256,74.82150114124845,73.8958145254506,75.82183669520418,Estimación adecuada
Yabucoa,2005-2009,2,83.07308125246723,82.75605280681214,81.6856609597141,84.02603841716238,Estimación adecuada
Yabucoa,2010-2014,1,75.57434879024864,76.20886808688371,75.17080702284099,77.15200922501025,Estimación adecuada
Yabucoa,2010-2014,2,82.0382545268585,82.48261795358927,81.2405166180001,83.48829930303238,Estimación adecuada
Yabucoa,2015-2019,1,77.58753133123862,78.17258741217425,77.19390221042451,79.03816052602774,Estimación adecuada
Yabucoa,2015-2019,2,86.1265699532434,85.56584906235379,84.36564084084668,87.27811980307675,Estimación adecuada
Yabucoa,2020-2024,1,75.78194920338815,77.20450186599817,76.16064220706951,78.17349691418077,> e0 observado
Yabucoa,2020-2024,2,85.25611674355481,84.85992214034823,83.60682118872623,86.06546001719204,Estimación adecuada
Yauco,1980-1984,1,71.51456720078431,71.17232514909381,70.42374892065581,72.13278891467552,Estimación adecuada
Yauco,1980-1984,2,77.4589640282646,77.52308327316506,76.3565345240869,78.66577070921153,Estimación adecuada
Yauco,1985-1989,1,69.95040254168732,70.23320984612795,69.22546643672592,71.09732535397438,Estimación adecuada
Yauco,1985-1989,2,77.60208552265917,77.38417920188279,76.45971644918635,78.26671456691369,Estimación adecuada
Yauco,1990-1994,1,71.7335324052013,71.40081826034165,70.60343482885258,72.17748210348577,Estimación adecuada
Yauco,1990-1994,2,78.49054698828598,78.20265595060798,77.29246973451035,79.17936137126846,Estimación adecuada
Yauco,1995-1999,1,72.03051290197796,71.59325495227066,70.49143796231994,72.33938308598033,Estimación adecuada
Yauco,1995-1999,2,79.29391771380651,78.8096931702305,77.84279578126271,79.62782703175333,Estimación adecuada
Yauco,2000-2004,1,72.97803149863371,73.0029659019321,72.10404097417796,73.96384936864658,Estimación adecuada
Yauco,2000-2004,2,79.24854846213276,79.42034834634585,78.40966713312221,80.36669311899176,Estimación adecuada
Yauco,2005-2009,1,73.24138587908658,73.60403474933398,72.77800146086396,74.4230899585304,Estimación adecuada
Yauco,2005-2009,2,80.5594161821005,80.5704435260038,79.80937283968076,81.48541865963236,Estimación adecuada
Yauco,2010-2014,1,75.57887719653512,75.54704366134746,74.68999762283079,76.36000574736775,Estimación adecuada
Yauco,2010-2014,2,81.76032266455593,81.81653366243044,81.02320409564246,83.02080826916189,Estimación adecuada
Yauco,2015-2019,1,77.43223226793361,77.22024883615643,76.30386942956858,78.35133587527135,Estimación adecuada
Yauco,2015-2019,2,82.51620418595085,83.29091542189614,82.42636747289131,84.36357354775717,Estimación adecuada
Yauco,2020-2024,1,75.94482006846164,76.33790450257362,75.18928824148345,77.23797306198803,Estimación adecuada
Yauco,2020-2024,2,83.86986937855978,83.34952356321207,82.49833159246049,84.00820067692575,Estimación adecuada
