region,period,sex,e0_observado,e0_estimado,e0_lower,e0_upper,est_eval
Adjuntas,1980-1984,1,72.54189508802463,72.24514017847147,70.99153063713248,73.22225282682757,Estimación adecuada
Adjuntas,1980-1984,2,78.96516925394144,78.67249673626085,77.27564233810313,80.18553979157767,Estimación adecuada
Adjuntas,1985-1989,1,70.84999061728885,71.56183553686827,70.61536809315137,72.57212790361146,Estimación adecuada
Adjuntas,1985-1989,2,78.97855761762072,79.08493780999638,78.09575695247659,80.44186686352441,Estimación adecuada
Adjuntas,1990-1994,1,71.49310954038985,71.42399483386873,70.38289190079928,72.69041363446536,Estimación adecuada
Adjuntas,1990-1994,2,77.88047658335911,78.5017927971885,77.25029510218386,79.97220837145386,Estimación adecuada
Adjuntas,1995-1999,1,71.91080703113897,72.168490113313,70.97846559047639,73.25241837901302,Estimación adecuada
Adjuntas,1995-1999,2,78.53770419818306,78.94938213238058,77.79805461857038,80.27004490612954,Estimación adecuada
Adjuntas,2000-2004,1,74.0807006063416,73.82134818672236,72.4244162185704,74.69587508828926,Estimación adecuada
Adjuntas,2000-2004,2,79.50851081175084,79.93744808931137,78.78223393872706,81.41876790696617,Estimación adecuada
Adjuntas,2005-2009,1,77.13413877724005,76.03624856324451,74.59590753288659,77.2960922440314,Estimación adecuada
Adjuntas,2005-2009,2,82.23262377887984,82.12207886804374,80.96452631870133,83.52203085145713,Estimación adecuada
Adjuntas,2010-2014,1,78.0170892039493,76.92644793555777,75.94108168861007,78.27260548482178,Estimación adecuada
Adjuntas,2010-2014,2,84.37542750420445,83.65142364547826,82.01158511545586,85.51744870336114,Estimación adecuada
Adjuntas,2015-2019,1,80.07122326396828,79.4957202637078,78.24259657750537,80.64942777170062,Estimación adecuada
Adjuntas,2015-2019,2,84.75780508868199,84.97197203481487,83.11498501318528,86.24806776639433,Estimación adecuada
Adjuntas,2020-2024,1,80.09050176489524,79.1149644549057,78.01818546020363,80.68515797342076,Estimación adecuada
Adjuntas,2020-2024,2,87.03883394524668,86.22508592219289,84.42544051324134,87.99475949704342,Estimación adecuada
Aguada,1980-1984,1,73.2175687853255,72.97403527830247,71.94921659301778,73.95491879266555,Estimación adecuada
Aguada,1980-1984,2,76.66307974738103,77.56625590494934,76.72694136963526,78.93316903189898,> e0 observado
Aguada,1985-1989,1,73.21396709192831,72.98021206827201,71.92685755545574,73.84961987073719,Estimación adecuada
Aguada,1985-1989,2,77.70261010174512,77.96748528582052,77.13080216599856,79.13438036872174,Estimación adecuada
Aguada,1990-1994,1,73.47166304966473,73.04256808097585,72.01427867250041,73.92627327771305,Estimación adecuada
Aguada,1990-1994,2,79.56472305278581,79.3529048295963,78.28529629729985,80.44813133856886,Estimación adecuada
Aguada,1995-1999,1,72.96139718811193,72.62152624618776,71.77023637046831,73.53820768374271,Estimación adecuada
Aguada,1995-1999,2,78.42598214583917,78.36826538522861,77.59251522566558,79.40384564922122,Estimación adecuada
Aguada,2000-2004,1,75.7731265619719,75.15135762693657,74.24666918977918,76.07768727114743,Estimación adecuada
Aguada,2000-2004,2,80.35987918975404,80.29006660303486,79.41686303341075,81.23191699738771,Estimación adecuada
Aguada,2005-2009,1,77.6139364553716,76.61555579040419,75.79789747562947,77.54726541958496,< e0 observado
Aguada,2005-2009,2,81.487501570255,81.37674344160682,80.49332966849184,82.24825268452716,Estimación adecuada
Aguada,2010-2014,1,77.3081065450094,76.8925799312623,75.87642279299257,77.778257404997575,Estimación adecuada
Aguada,2010-2014,2,83.93649978812951,83.44329649112242,82.34418274794504,84.40636605937325,Estimación adecuada
Aguada,2015-2019,1,80.17632385200217,79.15996798880859,78.17444261325033,80.11807194215065,< e0 observado
Aguada,2015-2019,2,84.88514363026218,84.77074135862523,83.48311031922111,86.12499342551209,Estimación adecuada
Aguada,2020-2024,1,78.78968559483442,78.1884439817855,77.43507228802689,79.26080910114909,Estimación adecuada
Aguada,2020-2024,2,83.87729580688905,84.01571308688709,82.97438404280655,85.36473588500544,Estimación adecuada
Aguadilla,1980-1984,1,71.00678071372081,71.12594990340241,70.42318471766012,71.96352924576122,Estimación adecuada
Aguadilla,1980-1984,2,77.48535658677463,77.3724384114557,76.39490256941099,78.04826924932347,Estimación adecuada
Aguadilla,1985-1989,1,70.58561267446154,70.70051985677776,69.99393985394005,71.5666218806497,Estimación adecuada
Aguadilla,1985-1989,2,77.65780206154783,77.39368941530105,76.59250211863915,78.31625758594078,Estimación adecuada
Aguadilla,1990-1994,1,70.88482346377512,70.80462774689596,70.08991695163161,71.56872028155996,Estimación adecuada
Aguadilla,1990-1994,2,77.99785568547416,77.81596981917971,77.05066596770592,78.80141194095214,Estimación adecuada
Aguadilla,1995-1999,1,70.78010378855268,70.78555669787482,70.0778964760218,71.46936114764219,Estimación adecuada
Aguadilla,1995-1999,2,78.16686736979354,78.03413440590202,77.41001912146754,78.7499842458056,Estimación adecuada
Aguadilla,2000-2004,1,73.78276571753028,73.34325917751714,72.57070852841588,74.05943533181005,Estimación adecuada
Aguadilla,2000-2004,2,80.45198774138778,79.9740208539437,79.12854774880557,80.62148025080543,Estimación adecuada
Aguadilla,2005-2009,1,74.34368140644376,74.10234838125118,73.3501197952226,74.7895365714322,Estimación adecuada
Aguadilla,2005-2009,2,81.18616231865005,80.78602829270632,80.15342325327977,81.58155449223909,Estimación adecuada
Aguadilla,2010-2014,1,76.10575530196566,75.60251228757045,74.88320626201138,76.43384065121342,Estimación adecuada
Aguadilla,2010-2014,2,81.66758711742574,81.57729075509093,80.96958754758764,82.40717945083429,Estimación adecuada
Aguadilla,2015-2019,1,77.5014617746831,76.96603430346559,76.16579356320342,77.69796566928252,Estimación adecuada
Aguadilla,2015-2019,2,82.99395073109925,83.47096115332687,82.60868283387052,84.44034926527686,Estimación adecuada
Aguadilla,2020-2024,1,76.52156602867669,76.58337959440505,75.76812014129625,77.44104760259115,Estimación adecuada
Aguadilla,2020-2024,2,83.20736033493193,83.31854781879039,82.54823611820672,84.15770444763167,Estimación adecuada
Aguas Buenas,1980-1984,1,70.9060601893331,71.49744643590572,70.4548542432716,72.56306219936843,Estimación adecuada
Aguas Buenas,1980-1984,2,79.20230439846388,78.73529323518733,77.49583970206032,80.1998672996622,Estimación adecuada
Aguas Buenas,1985-1989,1,71.73217429810381,71.9227922185146,71.0263627796662,73.32899135867338,Estimación adecuada
Aguas Buenas,1985-1989,2,78.66666240443578,78.88163609607858,77.71988670282134,79.96876729628823,Estimación adecuada
Aguas Buenas,1990-1994,1,71.9040754109389,71.820675106008,70.89717834483534,72.79742180525957,Estimación adecuada
Aguas Buenas,1990-1994,2,82.01930667891538,80.68672071848516,79.31640720549346,82.53397794871248,Estimación adecuada
Aguas Buenas,1995-1999,1,72.03242058667273,72.18242067655271,71.28655976018881,73.21320943886123,Estimación adecuada
Aguas Buenas,1995-1999,2,79.29741471606215,79.15891076373862,78.26566243224786,80.10146696560872,Estimación adecuada
Aguas Buenas,2000-2004,1,74.50847723417229,74.53143683055268,73.4137494795934,75.5997443413476,Estimación adecuada
Aguas Buenas,2000-2004,2,81.53307661620572,81.41254466320865,80.07283315645546,82.97063233117223,Estimación adecuada
Aguas Buenas,2005-2009,1,74.76751879253902,75.0741372332054,74.28838145653313,76.36655911623211,Estimación adecuada
Aguas Buenas,2005-2009,2,83.74825554704383,83.46104730109337,82.09140719943832,85.18145618387521,Estimación adecuada
Aguas Buenas,2010-2014,1,77.07874986678003,77.46133001851399,76.39293522632269,78.56514294206738,Estimación adecuada
Aguas Buenas,2010-2014,2,83.69043751017024,83.8972056051731,82.59327826531282,85.22526262841612,Estimación adecuada
Aguas Buenas,2015-2019,1,77.12363910638715,78.04295936974935,76.92695841810153,79.13489740741625,Estimación adecuada
Aguas Buenas,2015-2019,2,86.87058779798109,85.94879162318755,84.52242231828198,87.63600738528692,Estimación adecuada
Aguas Buenas,2020-2024,1,77.71291412855061,78.13504607581405,77.05156441050497,79.29410852122751,Estimación adecuada
Aguas Buenas,2020-2024,2,86.01372227536957,85.54548951356847,84.43656412958876,86.80043045582752,Estimación adecuada
Aibonito,1980-1984,1,71.20727896829324,71.56592156627491,70.16556312211213,72.825559954207165,Estimación adecuada
Aibonito,1980-1984,2,78.10148160174786,78.34136043259582,77.26394342916488,79.77161278412743,Estimación adecuada
Aibonito,1985-1989,1,70.93804632594708,71.32245888356809,69.74089562384633,72.48189332417215,Estimación adecuada
Aibonito,1985-1989,2,79.48839408130232,79.20315900464976,77.87248499621975,80.64276654272757,Estimación adecuada
Aibonito,1990-1994,1,72.7988506012683,72.4856895302344,71.28897758607528,73.40194562742928,Estimación adecuada
Aibonito,1990-1994,2,79.2040372973333,79.03798948412314,77.98543917980166,80.3702009855607,Estimación adecuada
Aibonito,1995-1999,1,72.77760443633895,72.16896571499413,71.1604180440867,73.25742181391239,Estimación adecuada
Aibonito,1995-1999,2,79.65397963842348,79.53913182225409,78.59533685352315,80.46964483194333,Estimación adecuada
Aibonito,2000-2004,1,74.39460579414155,74.21224655242372,73.18114066801363,74.96475443894789,Estimación adecuada
Aibonito,2000-2004,2,80.67825254541816,80.73607350432226,79.62340163019994,81.79443348924879,Estimación adecuada
Aibonito,2005-2009,1,74.88960349978896,74.95425230233491,73.958271368376,76.37773379551768,Estimación adecuada
Aibonito,2005-2009,2,81.30587533973025,81.28593649783036,80.0970267532248,82.34845307221495,Estimación adecuada
Aibonito,2010-2014,1,74.15371449624436,75.50179346312606,74.37529960513771,76.3835609034735,> e0 observado
Aibonito,2010-2014,2,82.83346667872438,82.70009315245201,81.85631788062719,84.12170997240091,Estimación adecuada
Aibonito,2015-2019,1,77.00855644451337,77.76211323729274,76.59685780299245,78.7843827796459,Estimación adecuada
Aibonito,2015-2019,2,83.92589167839914,84.39288180097921,83.31466049528748,85.7139644915149,Estimación adecuada
Aibonito,2020-2024,1,79.62044145372404,79.33901492349398,78.1740302001464,80.51301898328057,Estimación adecuada
Aibonito,2020-2024,2,85.54801976071055,85.56600504429557,84.39169421793673,87.02154963834921,Estimación adecuada
Anasco,1980-1984,1,72.01460523472085,71.68451646713902,70.521706541968,72.66607499742571,Estimación adecuada
Anasco,1980-1984,2,76.47877169471658,76.84976273466341,75.65865789863958,78.24642081090244,Estimación adecuada
Anasco,1985-1989,1,71.42888891874672,71.30558210087798,70.22841250264776,72.60979157928531,Estimación adecuada
Anasco,1985-1989,2,76.49626365968555,77.08193020869766,75.63022250444206,78.2922539455917,Estimación adecuada
Anasco,1990-1994,1,70.05228247802772,70.6640788067564,69.74836635056448,71.7269367536857,Estimación adecuada
Anasco,1990-1994,2,77.19464732684078,77.52793228446876,76.25872453223845,78.62344384109072,Estimación adecuada
Anasco,1995-1999,1,71.8503650088804,71.30935239779487,70.38428915775398,72.22915880736304,Estimación adecuada
Anasco,1995-1999,2,77.85360337047756,77.89153147723641,76.95254423023239,78.91904161483338,Estimación adecuada
Anasco,2000-2004,1,74.35938543935956,74.04697099858309,73.08180875147923,75.06657655894624,Estimación adecuada
Anasco,2000-2004,2,80.6361937434096,80.40138134039901,79.14621336770851,81.96455389582164,Estimación adecuada
Anasco,2005-2009,1,76.96481061689505,75.83414383234353,74.84567218922467,76.80688281988078,< e0 observado
Anasco,2005-2009,2,82.18483587125668,81.61191983638018,80.62501764185728,82.78821230040244,Estimación adecuada
Anasco,2010-2014,1,76.38264162433823,76.02867718287695,74.99478684926682,76.99409803804141,Estimación adecuada
Anasco,2010-2014,2,83.0792504741019,82.7288453044359,81.54348412537524,84.07627251757474,Estimación adecuada
Anasco,2015-2019,1,78.19758272547156,77.69088240966656,76.55837988429178,78.88021151576268,Estimación adecuada
Anasco,2015-2019,2,85.54315717152748,84.82943934920645,83.64226608589256,86.3711257720517,Estimación adecuada
Anasco,2020-2024,1,77.16064670152906,77.43989368216513,76.49824742002485,78.39689289006697,Estimación adecuada
Anasco,2020-2024,2,83.21756305986028,84.22757875932112,83.018014297180315,85.37849090081704,Estimación adecuada
Arecibo,1980-1984,1,70.94822313738123,70.9810509110504,70.39321674483426,71.57451387420593,Estimación adecuada
Arecibo,1980-1984,2,77.54900544750468,77.25513033617472,76.65396809288033,78.14133777513968,Estimación adecuada
Arecibo,1985-1989,1,70.27186805457086,70.36313578525784,69.76470977325346,71.11364026603528,Estimación adecuada
Arecibo,1985-1989,2,77.07511338664264,77.16936648902151,76.41548775283283,77.80354252958266,Estimación adecuada
Arecibo,1990-1994,1,70.7566402122555,70.64693238229574,70.16020758979391,71.37615553044202,Estimación adecuada
Arecibo,1990-1994,2,77.82525476262934,77.86661373254825,77.17367649025894,78.44137457895161,Estimación adecuada
Arecibo,1995-1999,1,70.42422951948053,70.43973996558037,69.89724635415658,71.3205239605344,Estimación adecuada
Arecibo,1995-1999,2,77.67805190763367,77.66252848391078,77.13855716184979,78.36899763344192,Estimación adecuada
Arecibo,2000-2004,1,73.58677734329173,73.29525592313509,72.77198491762321,73.87734139380919,Estimación adecuada
Arecibo,2000-2004,2,80.17723082421405,79.85458320171006,79.21520186114552,80.50914504046455,Estimación adecuada
Arecibo,2005-2009,1,73.79746978285581,73.73062843513833,73.10114022903878,74.41844682493839,Estimación adecuada
Arecibo,2005-2009,2,80.99120726198103,80.58870605303215,79.94078979806795,81.2826797462339,Estimación adecuada
Arecibo,2010-2014,1,75.7499952369095,75.57521216054101,74.96993213462737,76.0220974440472,Estimación adecuada
Arecibo,2010-2014,2,81.99729917976788,81.71423730077944,81.13284415490187,82.24946254803454,Estimación adecuada
Arecibo,2015-2019,1,77.47760291858165,77.30680432887036,76.8336441580207,77.94085198616835,Estimación adecuada
Arecibo,2015-2019,2,84.62096334942434,84.33656848837083,83.67142493303172,85.15212333274785,Estimación adecuada
Arecibo,2020-2024,1,77.03404417797987,76.79645332106983,76.22918546063386,77.48088266683735,Estimación adecuada
Arecibo,2020-2024,2,83.99392652816302,83.632257202872,83.12716802645126,84.27475746007781,Estimación adecuada
Arroyo,1980-1984,1,69.26197243419952,69.99297792109678,68.89999458831761,71.22542346235808,Estimación adecuada
Arroyo,1980-1984,2,77.70227943996014,77.61833862603245,75.88516307849284,78.90791416367514,Estimación adecuada
Arroyo,1985-1989,1,69.06544938666637,69.54948124034406,68.60076762924253,70.51555562598425,Estimación adecuada
Arroyo,1985-1989,2,76.53547803214356,76.61267712795238,75.5031147643596,78.12655597995928,Estimación adecuada
Arroyo,1990-1994,1,69.467701272295,69.99890886937277,68.30276459806903,71.0181647880186,Estimación adecuada
Arroyo,1990-1994,2,79.1638940521351,78.3549335438902,77.24695175834131,79.79699941276408,Estimación adecuada
Arroyo,1995-1999,1,69.35840651861476,70.11094207197067,68.98505861824863,71.15581368823302,Estimación adecuada
Arroyo,1995-1999,2,77.98473955428868,77.4937376890843,76.5769978858977,78.69076900631401,Estimación adecuada
Arroyo,2000-2004,1,72.46263355278661,72.62073100039527,71.39293811928582,73.78578645815332,Estimación adecuada
Arroyo,2000-2004,2,79.49462438506767,79.60807474590817,78.52155073816161,81.06219024968284,Estimación adecuada
Arroyo,2005-2009,1,73.52924324703847,73.71177769690962,72.429771436332,74.8335876568359,Estimación adecuada
Arroyo,2005-2009,2,81.55925566302211,81.11741804235606,80.01682598468248,82.43013935097876,Estimación adecuada
Arroyo,2010-2014,1,73.74855783813933,74.35621403192762,73.31374980174371,75.16496986189819,Estimación adecuada
Arroyo,2010-2014,2,82.70095569618667,82.06877614973772,80.773202610015,83.33337859730403,Estimación adecuada
Arroyo,2015-2019,1,74.8566557237882,76.23508149738169,74.9987003557435,77.45070144339198,> e0 observado
Arroyo,2015-2019,2,83.0866067343545,83.3935695828999,81.99130954416805,84.92507766614068,Estimación adecuada
Arroyo,2020-2024,1,77.15040742709186,76.96174115851237,75.60964933120134,78.20383778994281,Estimación adecuada
Arroyo,2020-2024,2,82.07042233229612,82.9968668156204,81.57479647621486,84.51080028420881,Estimación adecuada
Barceloneta,1980-1984,1,69.54208697130086,70.64909195137488,69.48503424417171,71.78867627273331,Estimación adecuada
Barceloneta,1980-1984,2,77.15945709054438,77.49673314621245,76.1740934410617,78.66941551090207,Estimación adecuada
Barceloneta,1985-1989,1,72.20256138308129,71.85050111549366,70.54639438062334,72.69870943582013,Estimación adecuada
Barceloneta,1985-1989,2,78.86869640220178,78.5093001344224,77.4629273751676,79.74076244213241,Estimación adecuada
Barceloneta,1990-1994,1,71.82801102859922,71.20462271483431,70.21338999480005,72.32656769365688,Estimación adecuada
Barceloneta,1990-1994,2,79.79778456534827,79.54189623276685,78.10848403981562,81.61179170848527,Estimación adecuada
Barceloneta,1995-1999,1,69.62763398284126,70.5049029539599,69.36351098392733,71.8376666805992,Estimación adecuada
Barceloneta,1995-1999,2,78.30155980616671,78.4262278631082,77.48634307638022,79.73952304142588,Estimación adecuada
Barceloneta,2000-2004,1,74.25217285421826,73.6533769524783,72.58631680547795,74.81219993003312,Estimación adecuada
Barceloneta,2000-2004,2,80.98566728548113,80.23075963479917,79.23482221404734,81.35618687515463,Estimación adecuada
Barceloneta,2005-2009,1,75.14771749617947,74.64364855205315,73.62528250489123,75.84111308216269,Estimación adecuada
Barceloneta,2005-2009,2,83.11601404161499,82.50872657954397,81.08418227231417,83.9735990726591,Estimación adecuada
Barceloneta,2010-2014,1,75.38250616989667,75.50330732472877,74.52736931387537,76.47842335866605,Estimación adecuada
Barceloneta,2010-2014,2,83.08358460781069,82.66074700111517,81.61248038472277,84.47016339229305,Estimación adecuada
Barceloneta,2015-2019,1,79.11645760546239,77.86205877737832,76.6871281665361,79.09725801776844,< e0 observado
Barceloneta,2015-2019,2,85.56404930901091,84.92747199712812,83.53450003972844,86.49881366011653,Estimación adecuada
Barceloneta,2020-2024,1,75.82195956003592,75.88944188267948,74.97047621244226,77.05247495960768,Estimación adecuada
Barceloneta,2020-2024,2,84.21378427386206,84.41121787567133,83.28187047434471,85.80087584291205,Estimación adecuada
Barranquitas,1980-1984,1,71.33876197975141,71.5153570630652,70.5466294361064,72.55516634677225,Estimación adecuada
Barranquitas,1980-1984,2,77.30531169649653,77.78876046132089,76.52086188831444,78.86555652858152,Estimación adecuada
Barranquitas,1985-1989,1,71.51414892357278,71.58411195747509,70.5784596890214,72.67451707888225,Estimación adecuada
Barranquitas,1985-1989,2,77.76964050663393,78.02124578098828,76.9827462692712,79.01993489993043,Estimación adecuada
Barranquitas,1990-1994,1,70.61622752203239,71.17466986382269,70.22029071834955,72.54360897157008,Estimación adecuada
Barranquitas,1990-1994,2,80.19038720696513,79.72595743441957,78.34911151676285,81.11617856479779,Estimación adecuada
Barranquitas,1995-1999,1,71.30535167741402,71.04356180122417,69.98954528772344,72.11667614514795,Estimación adecuada
Barranquitas,1995-1999,2,77.36809189145215,78.20605146038798,77.15245422184506,79.19719553362255,Estimación adecuada
Barranquitas,2000-2004,1,73.94139576064687,73.9554923930683,72.95861528512023,74.97562739964454,Estimación adecuada
Barranquitas,2000-2004,2,80.92303201880848,81.06355076182544,79.75656690682727,82.82777269551127,Estimación adecuada
Barranquitas,2005-2009,1,75.7544247310515,75.50009692161473,74.41620839935416,76.61070590582008,Estimación adecuada
Barranquitas,2005-2009,2,83.34321773527964,82.96349966060578,82.03845454053038,84.0765232024246,Estimación adecuada
Barranquitas,2010-2014,1,75.82434696179858,75.87271202482005,74.73360874835669,76.85479073641095,Estimación adecuada
Barranquitas,2010-2014,2,83.19916348644448,83.17938350346549,82.03024445327998,84.456023339417,Estimación adecuada
Barranquitas,2015-2019,1,78.70088384920705,78.32256193930857,77.03958534293835,79.13420859436954,Estimación adecuada
Barranquitas,2015-2019,2,86.1569793140704,85.80738860086652,84.30634253403161,87.6655364495989,Estimación adecuada
Barranquitas,2020-2024,1,77.70140580259377,77.9074399404499,76.83807094391943,79.15274879190503,Estimación adecuada
Barranquitas,2020-2024,2,85.89659093832063,85.76724509702218,84.49792879022299,87.43982947664816,Estimación adecuada
Bayamon,1980-1984,1,72.04514701418194,72.01672376639934,71.57928018041325,72.42351529813655,Estimación adecuada
Bayamon,1980-1984,2,78.18054324807127,78.05303248498585,77.45765064643909,78.54559060213484,Estimación adecuada
Bayamon,1985-1989,1,71.5983747916107,71.61869012913452,71.16747269307473,72.11421032317782,Estimación adecuada
Bayamon,1985-1989,2,79.53402783138928,79.2804735224621,78.78982778181125,79.68119944555494,Estimación adecuada
Bayamon,1990-1994,1,69.4013098024391,69.61708391491192,69.26209894863857,70.00288874102809,Estimación adecuada
Bayamon,1990-1994,2,79.99809814237119,79.92338834776884,79.42738750414605,80.44832635146025,Estimación adecuada
Bayamon,1995-1999,1,70.77177966925491,70.94587695133686,70.59753539828438,71.26140919312945,Estimación adecuada
Bayamon,1995-1999,2,79.73301230251936,79.71738542154324,79.15069446764483,80.21829562937826,Estimación adecuada
Bayamon,2000-2004,1,73.5738231086305,73.64681691129499,73.17973017264109,73.98655476521544,Estimación adecuada
Bayamon,2000-2004,2,81.70891995330638,81.64556408789724,81.13192020711884,82.08596461717177,Estimación adecuada
Bayamon,2005-2009,1,74.78989094750837,74.81301415932306,74.38447262882514,75.28855434117051,Estimación adecuada
Bayamon,2005-2009,2,82.81400991090649,82.7123144585947,82.13951690038769,83.28865503422486,Estimación adecuada
Bayamon,2010-2014,1,76.39050901350164,76.37788399989446,75.90230917317477,76.94686983349024,Estimación adecuada
Bayamon,2010-2014,2,84.21195413174073,84.06416492196907,83.47137002598065,84.56739680367153,Estimación adecuada
Bayamon,2015-2019,1,77.4241342974101,77.55473818697438,77.10107479270452,78.04962186453955,Estimación adecuada
Bayamon,2015-2019,2,85.53635487807954,85.3068627523036,84.63902513099652,85.82797861573596,Estimación adecuada
Bayamon,2020-2024,1,76.28240347769595,76.29742313916373,75.84147923954353,76.76038077076029,Estimación adecuada
Bayamon,2020-2024,2,85.66531677680673,85.52076142380898,84.91461867446961,86.21248006521765,Estimación adecuada
Cabo Rojo,1980-1984,1,72.39724763936692,72.71303373899869,71.6662601342936,73.48480164695522,Estimación adecuada
Cabo Rojo,1980-1984,2,77.54158683750231,77.55884657473796,76.6509545188022,78.67380295559742,Estimación adecuada
Cabo Rojo,1985-1989,1,73.0487252974488,72.95196761018875,71.91447949768593,73.94716225678522,Estimación adecuada
Cabo Rojo,1985-1989,2,79.23917112625598,78.98780545513915,78.09393781161074,79.83455362213579,Estimación adecuada
Cabo Rojo,1990-1994,1,72.97925410251543,72.82809319614448,71.93770414451086,73.50117457227958,Estimación adecuada
Cabo Rojo,1990-1994,2,80.55409901002385,80.02647471277513,79.21268132751702,81.03391543524276,Estimación adecuada
Cabo Rojo,1995-1999,1,72.48815364764029,72.43852202421455,71.76535654786079,73.13560641050753,Estimación adecuada
Cabo Rojo,1995-1999,2,79.89647697006733,79.78487167639847,78.98048584845611,80.526107916162,Estimación adecuada
Cabo Rojo,2000-2004,1,75.02839226790125,74.89143448448301,73.897092192571,75.67179373977154,Estimación adecuada
Cabo Rojo,2000-2004,2,82.11872847252751,81.85430609828165,80.9932353770588,82.95284876142674,Estimación adecuada
Cabo Rojo,2005-2009,1,76.84328880547318,76.19210830000674,75.41715263829838,77.11891468433257,Estimación adecuada
Cabo Rojo,2005-2009,2,82.7883495500848,82.32773526834819,81.53669271376381,83.34179862907826,Estimación adecuada
Cabo Rojo,2010-2014,1,75.75368420461353,76.17456635264806,75.44181329859572,76.971894562551455,Estimación adecuada
Cabo Rojo,2010-2014,2,83.42815115673008,83.69644665127186,82.67424637369422,84.98881591447096,Estimación adecuada
Cabo Rojo,2015-2019,1,79.78583423632398,79.45549136711512,78.39177674109268,80.46452978003651,Estimación adecuada
Cabo Rojo,2015-2019,2,84.21493107845924,84.41016302503262,83.74153295171175,85.31220046861966,Estimación adecuada
Cabo Rojo,2020-2024,1,79.36891590464816,79.36964630405382,78.23258997941537,80.31219683139429,Estimación adecuada
Cabo Rojo,2020-2024,2,84.78014352257735,84.48448017092656,83.83987878900304,85.65341488358159,Estimación adecuada
Caguas,1980-1984,1,71.72229204508375,71.75185431002868,71.17179605379286,72.40524521911308,Estimación adecuada
Caguas,1980-1984,2,78.48100883851102,78.25381462802977,77.62788568685917,78.97722144055015,Estimación adecuada
Caguas,1985-1989,1,70.39381171255258,70.505698875412,69.94030191934309,71.0881752555696,Estimación adecuada
Caguas,1985-1989,2,79.24402800001288,79.0950430506683,78.33241115880067,79.77008004880362,Estimación adecuada
Caguas,1990-1994,1,68.8176451180551,69.22996414533665,68.69346310496974,69.89064400531481,Estimación adecuada
Caguas,1990-1994,2,78.64358444378482,78.5614711072616,78.09164019857462,79.17167234629311,Estimación adecuada
Caguas,1995-1999,1,69.69055735609852,70.01066999257601,69.2647304958934,70.49108562148504,Estimación adecuada
Caguas,1995-1999,2,79.65612948337659,79.5155180420056,78.9650220588635,80.02754390168396,Estimación adecuada
Caguas,2000-2004,1,73.107794927577,73.19910340212928,72.51660925834821,73.9077691752585,Estimación adecuada
Caguas,2000-2004,2,81.16770684291535,80.94202339313543,80.41282761971252,81.48358955832686,Estimación adecuada
Caguas,2005-2009,1,74.70961206827913,74.69013433931924,74.23545072960917,75.18761568924657,Estimación adecuada
Caguas,2005-2009,2,83.1696138038651,83.04331239936819,82.31725137495083,83.74106425710725,Estimación adecuada
Caguas,2010-2014,1,74.58554015299133,74.87086521025041,74.27353162251545,75.48221839019843,Estimación adecuada
Caguas,2010-2014,2,83.90600489563008,83.66821886412562,83.06221057492547,84.37937967181392,Estimación adecuada
Caguas,2015-2019,1,77.12465328076702,77.28844562443547,76.66287164093362,78.00286072933957,Estimación adecuada
Caguas,2015-2019,2,84.81913360231934,84.7853635421159,84.1633866168799,85.35258981325768,Estimación adecuada
Caguas,2020-2024,1,76.29588342135226,76.413067164069,75.77712524098823,76.91441611379963,Estimación adecuada
Caguas,2020-2024,2,84.58890329073994,84.507599522496875,83.78491801256607,85.20496385983483,Estimación adecuada
Camuy,1980-1984,1,72.00953497661486,72.24843413301906,71.01912348870972,73.28807499269104,Estimación adecuada
Camuy,1980-1984,2,79.0481930632779,78.91475323612443,77.44551540889265,80.3644054064849,Estimación adecuada
Camuy,1985-1989,1,73.05563270338816,72.65020543755683,71.85870093327259,73.77387193843434,Estimación adecuada
Camuy,1985-1989,2,79.50251205629577,79.35679137978168,78.07683428222359,80.61035085431536,Estimación adecuada
Camuy,1990-1994,1,72.48592866320423,72.03768887903357,70.92682332843395,72.90827274605807,Estimación adecuada
Camuy,1990-1994,2,78.42074942707245,78.5545241608927,77.38792631789538,79.61628599171962,Estimación adecuada
Camuy,1995-1999,1,72.6730064081168,72.36078479840077,71.57275919453353,73.3145977179957,Estimación adecuada
Camuy,1995-1999,2,81.15887534595899,80.55006523783123,79.45308133297542,81.69029897547591,Estimación adecuada
Camuy,2000-2004,1,75.51776152008142,74.87525015629112,73.83803231187389,75.76194424692306,Estimación adecuada
Camuy,2000-2004,2,81.38049051623702,80.93376200522225,79.69252155375717,82.1884317215592,Estimación adecuada
Camuy,2005-2009,1,76.01134322923592,75.53017224672654,74.57140024810715,76.50972571125853,Estimación adecuada
Camuy,2005-2009,2,83.37764861657536,82.66350819114933,81.587522891357,84.14523929053254,Estimación adecuada
Camuy,2010-2014,1,77.47114401608678,76.45327490385304,75.41369761052809,77.40214346793275,< e0 observado
Camuy,2010-2014,2,83.52117698878536,83.29315019492378,82.07896868397057,84.3226582420101,Estimación adecuada
Camuy,2015-2019,1,78.31044325410552,78.11669209184464,77.13208914656572,79.25518231920873,Estimación adecuada
Camuy,2015-2019,2,85.3683244262729,85.07763124257589,83.96176823701731,86.11841464629185,Estimación adecuada
Camuy,2020-2024,1,78.26146309261183,77.89530318988946,77.04803235652818,78.58922549759649,Estimación adecuada
Camuy,2020-2024,2,85.47114665413858,85.37143502769615,84.05656416263318,86.5385175871481,Estimación adecuada
Canovanas,1980-1984,1,73.2999178869587,71.8643247095747,70.72475892596802,72.98564580948047,< e0 observado
Canovanas,1980-1984,2,80.06188590433086,78.6685480766227,77.33968352701217,79.97249496433315,< e0 observado
Canovanas,1985-1989,1,71.61537365310774,71.39999260584055,70.52690979586507,72.49226782803967,Estimación adecuada
Canovanas,1985-1989,2,78.2476656338885,77.80691467404912,76.88817049999582,78.80573011727259,Estimación adecuada
Canovanas,1990-1994,1,68.47857316458972,69.3803627342129,68.4876871316324,70.1449971926966,> e0 observado
Canovanas,1990-1994,2,78.32395417011651,78.19963454978537,77.21629312520159,79.4659690414579,Estimación adecuada
Canovanas,1995-1999,1,67.92417601162161,68.74416737223062,67.880885152048,69.53105047358699,Estimación adecuada
Canovanas,1995-1999,2,77.19866982997894,77.37254734356107,76.44047290873178,78.19657734135956,Estimación adecuada
Canovanas,2000-2004,1,71.16133588099902,71.8775318261287,70.90160373260434,72.88166950222123,Estimación adecuada
Canovanas,2000-2004,2,79.89031657445086,79.82852302611374,78.7938313052248,80.93262061387588,Estimación adecuada
Canovanas,2005-2009,1,72.03527888088188,72.85586558452209,71.82787475345194,73.88443771401359,Estimación adecuada
Canovanas,2005-2009,2,82.20274877957495,81.61232302446918,80.38645854186356,82.63980719005585,Estimación adecuada
Canovanas,2010-2014,1,73.73163177655941,74.4239313500129,73.55320643349624,75.4636890692059,Estimación adecuada
Canovanas,2010-2014,2,82.38500533806449,81.96601258178248,80.9669889646818,83.03112779971792,Estimación adecuada
Canovanas,2015-2019,1,76.47578865798283,76.86246349639048,75.72876229516702,78.07998631631364,Estimación adecuada
Canovanas,2015-2019,2,83.4705410867674,83.24863928915863,82.21910738462847,84.57374425346985,Estimación adecuada
Canovanas,2020-2024,1,75.27011547141527,75.53352129634732,74.65339803011359,76.33079639398133,Estimación adecuada
Canovanas,2020-2024,2,84.62181844092844,84.04276830576052,83.20476978051988,85.17470179986236,Estimación adecuada
Carolina,1980-1984,1,72.6794571065647,72.63923558033159,72.05822315913699,73.27591508313512,Estimación adecuada
Carolina,1980-1984,2,80.00245669766524,79.68760866052381,78.94963264206456,80.69969588946336,Estimación adecuada
Carolina,1985-1989,1,71.45905207579524,71.56934330431348,70.98220471437601,72.05212170703408,Estimación adecuada
Carolina,1985-1989,2,79.99533355118935,79.78160483773233,79.21219519845098,80.4542390159646,Estimación adecuada
Carolina,1990-1994,1,69.88961527032848,70.16194526959129,69.63442710671295,70.67544657806482,Estimación adecuada
Carolina,1990-1994,2,79.19273965392165,79.21326800795507,78.65210425892771,79.87021085480994,Estimación adecuada
Carolina,1995-1999,1,70.60394767924991,70.83368219476202,70.33129250161599,71.22656634219025,Estimación adecuada
Carolina,1995-1999,2,80.17066355341139,80.04268682716307,79.62384855480377,80.67874101286394,Estimación adecuada
Carolina,2000-2004,1,73.93076115352547,73.99565305257383,73.43591621693807,74.52270076585732,Estimación adecuada
Carolina,2000-2004,2,81.94990115891812,81.71742654686037,81.05961769309363,82.31338806983518,Estimación adecuada
Carolina,2005-2009,1,74.82294831043073,74.91906724348317,74.44577260592382,75.4009106783058,Estimación adecuada
Carolina,2005-2009,2,82.93347404417227,82.85435743034324,82.2129067574331,83.47486404873989,Estimación adecuada
Carolina,2010-2014,1,75.7216623224996,75.95615005309764,75.40531318977646,76.4831110584349,Estimación adecuada
Carolina,2010-2014,2,84.32702876051525,84.21134926979676,83.61365633754377,84.74510450614093,Estimación adecuada
Carolina,2015-2019,1,78.16150181754098,78.17087680502709,77.59609469846387,78.72249053823887,Estimación adecuada
Carolina,2015-2019,2,86.31301087441426,86.13179959708629,85.5745242333551,86.71511437867744,Estimación adecuada
Carolina,2020-2024,1,78.61601699181084,78.55086132826118,77.96823365192444,79.00367011177974,Estimación adecuada
Carolina,2020-2024,2,85.92480146843513,85.52585591484555,85.08727901212252,86.2076308336158,Estimación adecuada
Catano,1980-1984,1,64.71158204088911,66.17034396551794,65.29248904389573,67.26954967118644,> e0 observado
Catano,1980-1984,2,75.60330232750007,75.36327840242112,74.4256365134269,76.44421619771762,Estimación adecuada
Catano,1985-1989,1,65.74843366392102,66.80424684672577,65.63889606498999,67.7414034920908,Estimación adecuada
Catano,1985-1989,2,78.65957711284251,77.48123408147765,76.19660785357873,79.04486342153331,Estimación adecuada
Catano,1990-1994,1,63.551421617424765,65.27294366441691,64.18005474646661,66.49550449648495,> e0 observado
Catano,1990-1994,2,77.73013012436986,77.40169138737753,76.37716852283825,78.35681858001675,Estimación adecuada
Catano,1995-1999,1,64.95894376240564,66.25578979464137,65.05043604135439,67.56446003837618,> e0 observado
Catano,1995-1999,2,77.8017354936669,77.58667644579053,76.53201629150891,78.47966064625614,Estimación adecuada
Catano,2000-2004,1,69.54736006919788,70.33240696288425,69.27886914001098,71.40541540469604,Estimación adecuada
Catano,2000-2004,2,80.2420833723342,79.42499318267505,78.22868608866858,80.59497220241644,Estimación adecuada
Catano,2005-2009,1,70.0088463290445,70.89948091364079,69.96341920559945,71.93412168726445,Estimación adecuada
Catano,2005-2009,2,82.4846061988492,81.6739698073336,80.09390980721321,83.09256611784339,Estimación adecuada
Catano,2010-2014,1,73.04054164065786,73.48682577237244,72.12611323397445,74.70824994410546,Estimación adecuada
Catano,2010-2014,2,85.05347927327067,83.11979887241571,81.73985679976255,84.79067718648206,< e0 observado
Catano,2015-2019,1,73.65254048968006,74.66135677539766,73.54360953453465,75.99908336995784,Estimación adecuada
Catano,2015-2019,2,86.94579083490224,85.20746099065133,83.8055637606628,86.94451713744516,< e0 observado
Catano,2020-2024,1,73.01737041087927,73.98932095591246,72.99101396020816,75.27094700347337,Estimación adecuada
Catano,2020-2024,2,86.0684794743231,84.93323923289293,83.31524182115047,86.63915154853134,Estimación adecuada
Cayey,1980-1984,1,71.32064492875627,71.09547816250007,70.2580274272257,72.04697399623015,Estimación adecuada
Cayey,1980-1984,2,76.88437352747384,77.08912473362577,76.15224350210153,78.11594372763847,Estimación adecuada
Cayey,1985-1989,1,69.35200072016079,69.92549826154679,69.12362530250708,70.78832356388875,Estimación adecuada
Cayey,1985-1989,2,78.24162311103663,77.98515542365868,76.91820671914397,79.00483986830811,Estimación adecuada
Cayey,1990-1994,1,69.27521430891126,70.00473073788396,69.01111809612232,70.6833617215855,Estimación adecuada
Cayey,1990-1994,2,78.16553833033852,78.31681193864455,77.0988200861737,79.15066813451321,Estimación adecuada
Cayey,1995-1999,1,70.01299547508536,70.53886223370479,69.5563740859277,71.37177148132784,Estimación adecuada
Cayey,1995-1999,2,78.87259018768239,78.87118037483063,78.09436872568357,79.76400845022732,Estimación adecuada
Cayey,2000-2004,1,73.68749999421473,73.71605692299539,72.62767082156952,74.63817221985326,Estimación adecuada
Cayey,2000-2004,2,81.22226473989993,80.62091231486059,79.9933570002892,81.37264695330305,Estimación adecuada
Cayey,2005-2009,1,73.99614368964569,74.51540281528621,73.66633069789958,75.39212803586163,Estimación adecuada
Cayey,2005-2009,2,82.1533699228688,81.87921363154462,80.80866172269407,82.82334487269964,Estimación adecuada
Cayey,2010-2014,1,75.00610378038506,75.64610467300079,74.80656524986634,76.59715034704276,Estimación adecuada
Cayey,2010-2014,2,83.73637939950336,83.37231024176603,82.27414576345052,84.59837252416962,Estimación adecuada
Cayey,2015-2019,1,78.54670044615935,78.54241580486553,77.63721053375389,79.65871694134182,Estimación adecuada
Cayey,2015-2019,2,85.74693279734878,85.17850331523849,84.15220452891397,86.50307560105644,Estimación adecuada
Cayey,2020-2024,1,79.40962956727441,79.34175877346024,78.300005149426255,80.49512693388877,Estimación adecuada
Cayey,2020-2024,2,87.6006348574498,86.82565184728796,85.61069800820592,88.22287705915663,Estimación adecuada
Ceiba,1980-1984,1,72.14585176157938,71.45982340520652,70.19863583381516,72.8002050313037,Estimación adecuada
Ceiba,1980-1984,2,78.61104372786001,77.79113112708491,76.46691068584225,79.50829429565869,Estimación adecuada
Ceiba,1985-1989,1,70.6198183166503,70.58984337742012,69.1113414121657,71.80145477265751,Estimación adecuada
Ceiba,1985-1989,2,79.13415807152825,78.36083293520106,76.79839950904002,79.9021749324145,Estimación adecuada
Ceiba,1990-1994,1,71.00935671117365,70.82559135982633,69.40964663330934,71.77682007795977,Estimación adecuada
Ceiba,1990-1994,2,79.17042900270538,78.82840270098907,77.03724666809237,80.44958494854298,Estimación adecuada
Ceiba,1995-1999,1,72.51721647517238,71.56128229869574,70.55196810065506,72.49837000151194,< e0 observado
Ceiba,1995-1999,2,78.14728081414309,78.44721004126421,77.12074262675702,80.12453650041289,Estimación adecuada
Ceiba,2000-2004,1,74.86667065353893,73.45446197889032,72.48318632551026,75.02508217427399,Estimación adecuada
Ceiba,2000-2004,2,80.68427804057518,80.76103858071119,79.50157566866855,82.66097508477328,Estimación adecuada
Ceiba,2005-2009,1,76.12252834869311,74.84558535482823,73.62615972502994,75.98256094233585,< e0 observado
Ceiba,2005-2009,2,82.7966883833198,82.16311717110045,80.65550515279264,84.42051875027221,Estimación adecuada
Ceiba,2010-2014,1,75.46412666889606,76.25779505862963,74.84328442037642,77.88478148549083,Estimación adecuada
Ceiba,2010-2014,2,81.41353267344712,82.2521059878539,81.29265237566497,84.04194314215289,Estimación adecuada
Ceiba,2015-2019,1,78.54557923356414,77.86920709889026,76.7386902281954,79.58252684870703,Estimación adecuada
Ceiba,2015-2019,2,86.20789836529356,85.59379269979868,83.9424249807162,87.20549892068178,Estimación adecuada
Ceiba,2020-2024,1,72.26101326760208,75.95906816004049,74.71241829515226,77.26332662932572,> e0 observado
Ceiba,2020-2024,2,81.87366447467527,83.9899908689774,82.41693362877714,86.13149957842339,> e0 observado
Ciales,1980-1984,1,73.3601690081269,72.61817646111817,71.79482903312214,74.05517662680845,Estimación adecuada
Ciales,1980-1984,2,79.08450788252533,78.92653287086648,77.10719457431054,80.20955918545626,Estimación adecuada
Ciales,1985-1989,1,73.80385799895002,72.96924254069606,71.59917111503978,74.66635492045364,Estimación adecuada
Ciales,1985-1989,2,79.25761748100682,79.19347331539142,77.61461703451738,81.22246792323185,Estimación adecuada
Ciales,1990-1994,1,72.25274862856378,72.0910849832623,71.11141833789003,73.23853984400003,Estimación adecuada
Ciales,1990-1994,2,79.82543814746265,79.57534742095032,78.18739472056572,80.9986517397737,Estimación adecuada
Ciales,1995-1999,1,71.42663286324974,71.75271890316154,70.57078386012167,72.93787538041752,Estimación adecuada
Ciales,1995-1999,2,79.238381112831,79.59931206516971,78.44997651957146,81.12613855461458,Estimación adecuada
Ciales,2000-2004,1,72.8877247015535,73.60623978556762,72.53361260045263,74.70795339501225,Estimación adecuada
Ciales,2000-2004,2,80.83769687356553,81.17796468607486,79.92670416472676,82.454639353988,Estimación adecuada
Ciales,2005-2009,1,74.52536084511352,74.99506556685019,74.05016276202895,76.30658135883482,Estimación adecuada
Ciales,2005-2009,2,82.13836581268944,82.31980343104021,80.94310089777285,83.78814329672804,Estimación adecuada
Ciales,2010-2014,1,75.83944224399347,76.51869182823245,75.39995006542607,77.8154302551213,Estimación adecuada
Ciales,2010-2014,2,83.18525319463721,83.62632825364736,82.36411029721603,85.17638417705541,Estimación adecuada
Ciales,2015-2019,1,80.35963140996523,79.01264016060412,77.83634459663847,80.45059721818602,Estimación adecuada
Ciales,2015-2019,2,85.16754149388572,85.76523265184639,84.24001322177023,87.73010916896499,Estimación adecuada
Ciales,2020-2024,1,78.0952139934909,78.25629673049443,76.83462977227481,79.44586991688604,Estimación adecuada
Ciales,2020-2024,2,83.7838176468441,84.18857016488573,82.89355380240565,85.534591991773965,Estimación adecuada
Cidra,1980-1984,1,72.92625993210298,73.10341233753681,72.02826065529274,74.55017478128299,Estimación adecuada
Cidra,1980-1984,2,80.25294604658151,79.9145845847624,78.84685694511413,81.45959487283505,Estimación adecuada
Cidra,1985-1989,1,72.65671880748917,72.71664692339397,71.75392662837534,73.78142002578228,Estimación adecuada
Cidra,1985-1989,2,79.2640060129605,79.3049049056875,78.19691386054164,80.63550054999277,Estimación adecuada
Cidra,1990-1994,1,74.59270123853278,73.81353963385422,72.82834795533297,75.17286732574442,Estimación adecuada
Cidra,1990-1994,2,79.58259869878654,79.39321353808104,78.43582253040198,80.27590496727868,Estimación adecuada
Cidra,1995-1999,1,74.21713653214772,73.77357512359461,72.68402391883419,74.865582841662075,Estimación adecuada
Cidra,1995-1999,2,80.46720179098129,80.78498001042924,79.9667857547424,82.07363094951396,Estimación adecuada
Cidra,2000-2004,1,76.1648075054388,75.9247607315475,74.95111654388668,76.62481093139593,Estimación adecuada
Cidra,2000-2004,2,83.06880741955162,82.67166292785785,81.59132704557126,83.99697306961633,Estimación adecuada
Cidra,2005-2009,1,76.2488157847596,76.25929138707109,75.28539388653775,77.23215573378066,Estimación adecuada
Cidra,2005-2009,2,83.29450873472624,83.30400606966244,82.12277672206736,84.5216127931943,Estimación adecuada
Cidra,2010-2014,1,77.33131059096634,77.57840817422678,76.63122780463883,78.57164834975404,Estimación adecuada
Cidra,2010-2014,2,83.46470181390174,83.36023100618596,82.36147402012739,84.50943266449137,Estimación adecuada
Cidra,2015-2019,1,78.97458456608396,78.99039298571147,78.18380372990188,80.03407617102495,Estimación adecuada
Cidra,2015-2019,2,84.69043178604441,85.11761870316315,84.05096247667805,86.27582047206273,Estimación adecuada
Cidra,2020-2024,1,79.7427353948676,79.65836299426132,78.39074144948191,81.07662746103702,Estimación adecuada
Cidra,2020-2024,2,85.33702768748,85.07761501547732,84.08209033933555,85.99718067734567,Estimación adecuada
Coamo,1980-1984,1,71.83261143264684,71.82994188131121,70.9775295961827,72.73395072360717,Estimación adecuada
Coamo,1980-1984,2,77.96592585526496,78.19202702726476,76.83613366204455,79.3212307621954,Estimación adecuada
Coamo,1985-1989,1,71.23431252697634,71.40425226762102,70.5278908377818,72.57363561235756,Estimación adecuada
Coamo,1985-1989,2,77.61875344002883,78.01842353192373,77.07414160475281,79.00748442279603,Estimación adecuada
Coamo,1990-1994,1,71.15206342123702,71.28794553166014,70.22148419235342,72.05090928453453,Estimación adecuada
Coamo,1990-1994,2,79.52007940092251,79.31856277213419,78.0827164162919,80.13613429108733,Estimación adecuada
Coamo,1995-1999,1,71.1960753395491,71.2954818798724,70.42343498381118,72.28554170737695,Estimación adecuada
Coamo,1995-1999,2,78.423903843953,78.65655275743626,77.72437173058874,79.61493580408168,Estimación adecuada
Coamo,2000-2004,1,73.24248106281058,73.39227503433945,72.57039266860858,74.32073026857341,Estimación adecuada
Coamo,2000-2004,2,81.2524184753369,81.05976262158285,80.06506742904475,82.18357318395573,Estimación adecuada
Coamo,2005-2009,1,76.67061680312946,75.64911221123077,74.97142905816682,76.38330952136738,< e0 observado
Coamo,2005-2009,2,82.50443120167047,82.11840710174278,81.26253567171284,83.49359982383376,Estimación adecuada
Coamo,2010-2014,1,76.08519397019607,75.93309775477029,75.18116382925098,76.86001898233052,Estimación adecuada
Coamo,2010-2014,2,82.76456200780567,82.38280813721906,81.36835187117893,83.64351352385094,Estimación adecuada
Coamo,2015-2019,1,76.3555860235564,76.58483654326092,75.81422113496166,77.76994338085211,Estimación adecuada
Coamo,2015-2019,2,84.32302802936533,84.3332440938048,83.25251588458471,85.68728859491237,Estimación adecuada
Coamo,2020-2024,1,78.73457128285159,77.98827152586756,76.66520327510443,78.73826677706236,Estimación adecuada
Coamo,2020-2024,2,85.32320664794793,85.17817741412449,84.07932459911576,86.83444870950883,Estimación adecuada
Comerio,1980-1984,1,72.39160599187598,72.27633924166109,70.91457412032983,73.69423444899829,Estimación adecuada
Comerio,1980-1984,2,80.50714392154065,79.40093602383178,77.75173970952112,80.87073390813683,Estimación adecuada
Comerio,1985-1989,1,72.46599051488649,72.00950189904674,71.11363078620082,73.52361417699728,Estimación adecuada
Comerio,1985-1989,2,79.35372018267553,79.08831597235935,77.67132017789672,80.51982612830359,Estimación adecuada
Comerio,1990-1994,1,72.63261964951914,71.9911122590395,70.6683894629889,73.20384732352397,Estimación adecuada
Comerio,1990-1994,2,78.0865724889923,78.53482713721837,77.33416349134826,80.04704020674737,Estimación adecuada
Comerio,1995-1999,1,71.13227286201818,71.52280852231831,70.13873371601503,73.02048383103394,Estimación adecuada
Comerio,1995-1999,2,78.32248610899435,78.51198862492379,77.48555663253579,79.58389214133803,Estimación adecuada
Comerio,2000-2004,1,73.74046365047266,73.84470619117778,72.49830374013233,75.2311545432112,Estimación adecuada
Comerio,2000-2004,2,80.19913305806267,80.34201442028504,79.23927347641728,81.68190922072984,Estimación adecuada
Comerio,2005-2009,1,75.30350166697882,75.04448015156362,73.63440524096103,76.30968032437033,Estimación adecuada
Comerio,2005-2009,2,81.75843965388886,81.72676924571805,80.39804320811774,83.02524122208237,Estimación adecuada
Comerio,2010-2014,1,77.88992392393747,76.98472148045221,75.5462239074541,78.36784043393192,Estimación adecuada
Comerio,2010-2014,2,83.20589003283447,83.01808402498827,81.84513573271784,84.37400140486514,Estimación adecuada
Comerio,2015-2019,1,76.11616223403381,76.74112079741732,75.49238016396212,77.92308046892165,Estimación adecuada
Comerio,2015-2019,2,84.47935763504815,84.46433061794818,83.19217360709305,86.10486620772059,Estimación adecuada
Comerio,2020-2024,1,75.23982921549162,76.19155621389427,75.09453949638787,77.0480110096675,Estimación adecuada
Comerio,2020-2024,2,83.75928924043123,83.66126978114065,82.62285563383303,85.0042875204747,Estimación adecuada
Corozal,1980-1984,1,72.8434269620364,72.6848718907428,71.4692936614326,73.6788293494379,Estimación adecuada
Corozal,1980-1984,2,78.49552695365927,78.46466724007573,77.26056208217861,79.68162478793387,Estimación adecuada
Corozal,1985-1989,1,74.16679537755694,73.32051530719335,72.34702538702643,74.38055680103689,Estimación adecuada
Corozal,1985-1989,2,78.31409571064404,78.35872180022284,77.42491533065163,79.60768448141843,Estimación adecuada
Corozal,1990-1994,1,71.27571092432538,71.54026837870109,70.52532366116468,72.58857010754706,Estimación adecuada
Corozal,1990-1994,2,78.71157989908842,78.95007932955713,77.85591979300821,79.8693896570535,Estimación adecuada
Corozal,1995-1999,1,71.90053240132126,72.21252579507961,71.37360750741075,73.05133156969498,Estimación adecuada
Corozal,1995-1999,2,81.05061971042039,80.3772145323837,79.40788996158427,81.30627671852076,Estimación adecuada
Corozal,2000-2004,1,75.40121472632262,75.11559599838365,73.86341915357539,76.00910514676127,Estimación adecuada
Corozal,2000-2004,2,82.32727029969571,82.07645252935552,80.85738977259982,83.2131975484042,Estimación adecuada
Corozal,2005-2009,1,75.29676896497347,75.50844288882226,74.71190285026648,76.55332887450575,Estimación adecuada
Corozal,2005-2009,2,81.7668888989548,81.57974682852043,80.37895437873405,82.74304380203031,Estimación adecuada
Corozal,2010-2014,1,76.61800376671373,76.69411631453838,75.84279014075389,77.91464841072514,Estimación adecuada
Corozal,2010-2014,2,83.99620064198638,83.87345576303278,82.71048775365227,85.30393331348495,Estimación adecuada
Corozal,2015-2019,1,78.84838673591865,78.31639466688965,77.3818445000786,79.47008700016896,Estimación adecuada
Corozal,2015-2019,2,84.36621340480359,84.75077796993793,83.4437267411148,86.1338233839511,Estimación adecuada
Corozal,2020-2024,1,76.44862204173214,77.30119947614409,76.6218463616509,78.1848716165176,> e0 observado
Corozal,2020-2024,2,85.0591201159125,85.32067257873328,84.20940597138102,86.46013404227247,Estimación adecuada
Culebra,1980-1984,1,94.69722323815856,73.54044897826293,71.3229075280654,76.19604603170595,< e0 observado
Culebra,1980-1984,2,77.11141651027592,80.25912976707204,77.37091995104086,85.06984461745525,> e0 observado
Culebra,1985-1989,1,76.63588305134152,72.99443113124705,70.77902395461817,74.87029138291092,< e0 observado
Culebra,1985-1989,2,84.99417166658453,80.76783962917949,78.38075487020828,83.94528995556144,< e0 observado
Culebra,1990-1994,1,75.23127689590049,72.59731647131315,70.69824691415334,74.22644015374905,< e0 observado
Culebra,1990-1994,2,82.2361338517014,80.72761087800222,78.58358585945163,84.39219153748635,Estimación adecuada
Culebra,1995-1999,1,72.53390965878926,72.56961113544531,70.48426693331527,75.56367541101346,Estimación adecuada
Culebra,1995-1999,2,82.74787501668122,80.99631037703182,77.9579036906782,88.52034021000043,Estimación adecuada
Culebra,2000-2004,1,83.74648606676807,75.69359583117203,73.36323448227819,77.43070032972489,< e0 observado
Culebra,2000-2004,2,81.63132549875367,82.70586803560289,80.22070937021894,85.31046755174035,Estimación adecuada
Culebra,2005-2009,1,79.35518350612848,76.29742482460216,74.22576688715935,78.55429751125594,< e0 observado
Culebra,2005-2009,2,87.82645600917449,84.01483648601268,81.89093469111393,87.44298060921209,< e0 observado
Culebra,2010-2014,1,73.27486001063872,76.88380499133255,74.8420392161456,79.67518366159163,> e0 observado
Culebra,2010-2014,2,84.63331186955911,85.22040881478512,82.56770751568664,89.67271436657931,Estimación adecuada
Culebra,2015-2019,1,73.7782353124013,78.24060164690874,76.41441397610015,80.74712071756284,> e0 observado
Culebra,2015-2019,2,82.80860574041759,86.2026519360277,83.45680826486029,89.45747033288136,> e0 observado
Culebra,2020-2024,1,71.17558414919206,77.58881173906093,75.74121777372054,79.8161646828286,> e0 observado
Culebra,2020-2024,2,81.75048505604273,85.29810974139434,82.94061783476803,87.52088485143841,> e0 observado
Dorado,1980-1984,1,73.06768394242143,72.78811288946203,71.72124398530069,73.9513162384991,Estimación adecuada
Dorado,1980-1984,2,79.57134292897321,79.17879664091797,77.91550647427387,80.51983418716804,Estimación adecuada
Dorado,1985-1989,1,70.98138714935332,71.09410866735091,70.07704819136919,72.08283436071187,Estimación adecuada
Dorado,1985-1989,2,79.66708794032925,79.11651633647746,77.94456154191349,80.32408937011834,Estimación adecuada
Dorado,1990-1994,1,70.60163270459446,71.00422954033388,70.0671068881261,71.96781680658881,Estimación adecuada
Dorado,1990-1994,2,79.66123740902555,79.46944386758793,78.34640925811213,80.23610474929049,Estimación adecuada
Dorado,1995-1999,1,71.14661901491276,71.5129035752767,70.7022743789903,72.64455328629067,Estimación adecuada
Dorado,1995-1999,2,79.34231212268777,79.54011599065267,78.13763823125502,80.63146405240644,Estimación adecuada
Dorado,2000-2004,1,72.80125816712727,73.18614719216043,72.2099803944007,74.4208484890923,Estimación adecuada
Dorado,2000-2004,2,80.51547250678337,80.1846238013192,79.0514758360663,81.06676023994322,Estimación adecuada
Dorado,2005-2009,1,74.74216888739862,75.00102320519144,74.12439347392004,75.942586964535,Estimación adecuada
Dorado,2005-2009,2,81.55921742419945,81.52862463576636,80.45244095430881,82.52395522283747,Estimación adecuada
Dorado,2010-2014,1,77.3972526095473,77.432979707421,76.35523694198929,78.9690895829294,Estimación adecuada
Dorado,2010-2014,2,83.78650120499329,83.41931310300834,82.52429859365168,84.96296127018726,Estimación adecuada
Dorado,2015-2019,1,79.05317477178703,78.49410219734821,77.2928406272191,79.4172008488068,Estimación adecuada
Dorado,2015-2019,2,85.0361331038058,85.12779297458238,83.88402563863141,86.48363540269457,Estimación adecuada
Dorado,2020-2024,1,77.54648054972814,77.75035655070641,77.04966090940437,78.68803336127476,Estimación adecuada
Dorado,2020-2024,2,87.81728727976584,86.65444104154652,85.5531876199635,88.33712921958633,Estimación adecuada
Fajardo,1980-1984,1,70.97992961345321,70.51120956652771,69.59403795717023,71.35714409825793,Estimación adecuada
Fajardo,1980-1984,2,77.4034006461853,76.9367138979897,75.96954507522409,78.02910591129314,Estimación adecuada
Fajardo,1985-1989,1,71.1887876704971,70.77102347363208,69.66138151778233,71.62561798147522,Estimación adecuada
Fajardo,1985-1989,2,77.37337374894558,77.2071506944946,75.97669142243056,78.28460997882547,Estimación adecuada
Fajardo,1990-1994,1,68.18099629812696,68.67938141665167,67.74423924880776,69.66421782784104,Estimación adecuada
Fajardo,1990-1994,2,78.11474876521702,77.8421584401745,76.86998390351599,78.98483394353279,Estimación adecuada
Fajardo,1995-1999,1,69.86154006659808,69.97432337368225,69.16584233202805,70.85325146426663,Estimación adecuada
Fajardo,1995-1999,2,78.82934233659792,78.58156290973565,77.63586609375884,79.54402174974018,Estimación adecuada
Fajardo,2000-2004,1,71.85134936418909,72.10633668332402,71.1082285607215,72.94111868705346,Estimación adecuada
Fajardo,2000-2004,2,80.31491904964011,79.9359710912153,78.86033438309833,80.79634567421304,Estimación adecuada
Fajardo,2005-2009,1,72.01498955956528,72.58327693707693,71.43701151834094,73.40415548710871,Estimación adecuada
Fajardo,2005-2009,2,80.42579698255476,80.26921212053162,79.38617677833946,81.15034040551626,Estimación adecuada
Fajardo,2010-2014,1,73.1648079564502,74.23887475684074,73.3490422460878,75.3179955286865,> e0 observado
Fajardo,2010-2014,2,81.74247222384632,81.30932198592023,80.32117847763587,82.15865233103517,Estimación adecuada
Fajardo,2015-2019,1,76.15087862256587,76.68793416195851,75.58434336883009,77.63433045940482,Estimación adecuada
Fajardo,2015-2019,2,83.7123556023456,83.7327484494131,82.53033879471266,85.0863854498428,Estimación adecuada
Fajardo,2020-2024,1,74.31868957649468,75.0147416501549,74.12063496251501,75.97547160373699,Estimación adecuada
Fajardo,2020-2024,2,83.33111283123691,83.35068924665879,82.09363920773984,84.33844209059328,Estimación adecuada
Florida,1980-1984,1,71.06938753374574,71.47036857497054,70.1252262906691,73.0027417216003,Estimación adecuada
Florida,1980-1984,2,79.21775098528943,78.63009068454438,76.36857193076492,80.77446890188563,Estimación adecuada
Florida,1985-1989,1,70.64603223425698,70.8192460912097,69.4802675283699,72.11975148207297,Estimación adecuada
Florida,1985-1989,2,74.85144353276169,76.83860355319716,75.59453720905006,78.49261045171471,> e0 observado
Florida,1990-1994,1,70.01533527514864,70.42176817477817,68.92433520052984,71.64643830151897,Estimación adecuada
Florida,1990-1994,2,75.40391537650423,77.07240113314899,75.70055748207628,78.62307307251976,> e0 observado
Florida,1995-1999,1,71.65894113726901,71.43399855373622,70.3267288579323,73.12894321867205,Estimación adecuada
Florida,1995-1999,2,77.29790147374477,78.08130308321168,76.46192176408957,79.4579033958762,Estimación adecuada
Florida,2000-2004,1,75.01444427678842,73.81008136023459,72.7833881423613,75.45909215973012,Estimación adecuada
Florida,2000-2004,2,81.08965307946796,80.6590639972605,79.31945104316,82.45675327106181,Estimación adecuada
Florida,2005-2009,1,76.54783220170152,74.8994782293785,73.5945788935824,76.10674989992197,< e0 observado
Florida,2005-2009,2,80.52310433234075,80.69863369285312,79.5984319461082,82.06228363142526,Estimación adecuada
Florida,2010-2014,1,79.58931937931183,77.37378260710432,75.96497852060004,79.20920502612401,< e0 observado
Florida,2010-2014,2,84.35262381150902,83.04167029371841,81.44379952709895,85.10192267095543,Estimación adecuada
Florida,2015-2019,1,77.39963673465637,77.2563814357725,76.0048369148615,78.55618439866461,Estimación adecuada
Florida,2015-2019,2,83.04749257512822,83.5731526343391,82.18972716249479,85.59002869842512,Estimación adecuada
Florida,2020-2024,1,76.48138637441758,77.18644205931803,75.9979463754512,78.59375120394412,Estimación adecuada
Florida,2020-2024,2,86.57028869211995,86.03711173270959,84.38512489079528,88.57010286063095,Estimación adecuada
Guanica,1980-1984,1,70.29160656173029,69.85101089677033,68.90712341976787,70.96740393630594,Estimación adecuada
Guanica,1980-1984,2,77.02589204137094,76.58696892640725,75.24234005292857,78.1335727409593,Estimación adecuada
Guanica,1985-1989,1,69.64590752945972,69.49422810588146,68.254512977185,70.51117533087714,Estimación adecuada
Guanica,1985-1989,2,76.96194389846337,76.63999098755961,75.62462696414204,78.2369844355496,Estimación adecuada
Guanica,1990-1994,1,69.00330089577055,69.20523509789447,67.99070784595645,70.28088587212378,Estimación adecuada
Guanica,1990-1994,2,77.43314529873244,77.2771834674638,76.10561132194988,78.41469841395875,Estimación adecuada
Guanica,1995-1999,1,68.75925697690468,69.26442123403677,68.16516726842279,70.26092703160789,Estimación adecuada
Guanica,1995-1999,2,76.88365176255945,77.04590788044884,76.0993217100604,78.004580341576,Estimación adecuada
Guanica,2000-2004,1,72.36855900985053,72.15264198236878,70.66219969013142,73.115083892479,Estimación adecuada
Guanica,2000-2004,2,78.3128127578213,78.6367863234612,77.45880531269793,79.709500146442707,Estimación adecuada
Guanica,2005-2009,1,71.69965700518571,72.14948455865854,71.16993174922273,73.2312572332228,Estimación adecuada
Guanica,2005-2009,2,80.3960001801447,79.8186391252662,78.70684682183429,80.85128379763958,Estimación adecuada
Guanica,2010-2014,1,75.43056531334524,74.69070300630347,73.53710241529528,76.07112096979787,Estimación adecuada
Guanica,2010-2014,2,80.57778836738088,81.07266019646217,80.03027517323164,82.30022789896827,Estimación adecuada
Guanica,2015-2019,1,74.6061778340804,74.5743138206173,73.56553727609793,75.88131110999939,Estimación adecuada
Guanica,2015-2019,2,81.3148683326643,81.57675681475817,80.3727144060278,82.93954123177963,Estimación adecuada
Guanica,2020-2024,1,73.35967274163447,74.55311005548204,73.56273587405107,75.6245608372189,> e0 observado
Guanica,2020-2024,2,82.11869011623037,82.10739109758313,80.997767876805,83.09414039682477,Estimación adecuada
Guayama,1980-1984,1,70.24592277647761,70.25349398444851,69.37480807096372,70.97504105784814,Estimación adecuada
Guayama,1980-1984,2,76.94736099895414,76.82436899443908,75.60986770626654,77.96067986400516,Estimación adecuada
Guayama,1985-1989,1,69.18407376779939,69.34663560146198,68.22058313018243,70.26331029700052,Estimación adecuada
Guayama,1985-1989,2,77.01984994163914,76.92811433845651,75.64569299878278,77.69039791886428,Estimación adecuada
Guayama,1990-1994,1,69.12774545799293,69.54925648356581,68.52607818064601,70.33289760464228,Estimación adecuada
Guayama,1990-1994,2,78.26536534527779,77.7758233995009,76.96832675373096,78.66503471320061,Estimación adecuada
Guayama,1995-1999,1,69.89298463348949,70.18531036570769,69.1803736561634,71.09847317839014,Estimación adecuada
Guayama,1995-1999,2,79.36097539479375,78.69445815069707,77.81189862953465,79.58890631664045,Estimación adecuada
Guayama,2000-2004,1,71.73959231092829,71.87271888642924,70.95833881006028,72.73452849209673,Estimación adecuada
Guayama,2000-2004,2,80.42361640554877,80.01795764751613,78.96109339988847,80.94020392070377,Estimación adecuada
Guayama,2005-2009,1,74.004627225837,73.69975005028869,72.90940909181495,74.5983182728484,Estimación adecuada
Guayama,2005-2009,2,80.66196990050479,80.48354313401644,79.51312241834896,81.52534600205286,Estimación adecuada
Guayama,2010-2014,1,76.0922078825251,75.70712032298788,74.6496562669763,76.48586747120588,Estimación adecuada
Guayama,2010-2014,2,82.22460967328485,81.82569116985488,80.85858165477356,82.82583108122012,Estimación adecuada
Guayama,2015-2019,1,76.61959145312574,76.4738442493292,75.53924906358523,77.4253070275932,Estimación adecuada
Guayama,2015-2019,2,83.4142713899816,83.29975133410177,82.58555388780175,84.60104331152536,Estimación adecuada
Guayama,2020-2024,1,73.93879414262592,75.22083579658019,74.30235643551129,76.10058697462391,> e0 observado
Guayama,2020-2024,2,82.33975114826434,82.52254041550076,81.5132089412862,83.44911516690502,Estimación adecuada
Guayanilla,1980-1984,1,72.58983279684577,71.61170535963366,70.66374435032272,72.62370530637793,Estimación adecuada
Guayanilla,1980-1984,2,77.53353824728316,77.4287975542351,75.93743632446075,78.9808146074692,Estimación adecuada
Guayanilla,1985-1989,1,70.73661721916349,70.3661083774059,69.34998455425435,71.3349530472334,Estimación adecuada
Guayanilla,1985-1989,2,76.86235560972376,76.74510267232014,75.83213753319588,77.82822031465086,Estimación adecuada
Guayanilla,1990-1994,1,72.37752924339648,71.35926017112382,70.27191133325321,72.46123599005259,Estimación adecuada
Guayanilla,1990-1994,2,78.55250974931681,77.88052188246378,76.79675412685992,79.09510942580917,Estimación adecuada
Guayanilla,1995-1999,1,72.22131902455737,71.21247005949104,70.28220179248348,72.09244680461484,< e0 observado
Guayanilla,1995-1999,2,79.14608996325278,78.62377940697291,77.38139023335145,79.81164647969311,Estimación adecuada
Guayanilla,2000-2004,1,74.05744082522244,73.47093356405827,72.20051011020743,74.68195815785883,Estimación adecuada
Guayanilla,2000-2004,2,80.06971551607721,79.81087853289044,78.76171673193112,80.83788544683924,Estimación adecuada
Guayanilla,2005-2009,1,73.36781184296053,73.73796753555663,72.48988305220117,74.93227980708375,Estimación adecuada
Guayanilla,2005-2009,2,79.74433091795808,79.590579342119,78.83755625147813,80.81888986831902,Estimación adecuada
Guayanilla,2010-2014,1,77.2541883457964,76.01853956028873,74.83245874651448,77.66974813714252,Estimación adecuada
Guayanilla,2010-2014,2,79.95617529124827,80.8611774600642,79.69701783957927,82.21430452701017,Estimación adecuada
Guayanilla,2015-2019,1,74.50306944491258,76.05483819027572,74.96867527992435,77.15418282423781,> e0 observado
Guayanilla,2015-2019,2,85.47648018860491,84.23917222781009,83.0263422170309,85.62710112051613,Estimación adecuada
Guayanilla,2020-2024,1,73.73722385919334,75.20918725249673,74.13681866462994,76.16375114372283,> e0 observado
Guayanilla,2020-2024,2,84.46851671921503,84.52567381687655,83.07441063902968,86.0210269809065,Estimación adecuada
Guaynabo,1980-1984,1,73.33304020193007,73.22162495457354,72.54711045674051,74.1562937648229,Estimación adecuada
Guaynabo,1980-1984,2,79.57395565229348,79.27397931434614,78.43904830909041,80.30511133970262,Estimación adecuada
Guaynabo,1985-1989,1,73.30720790413426,73.28520835621747,72.58538592627927,74.07489254499008,Estimación adecuada
Guaynabo,1985-1989,2,80.7449894765543,80.41694554386578,79.80680660667122,81.19030815421182,Estimación adecuada
Guaynabo,1990-1994,1,71.64759712414893,72.01219595996025,71.34513756968643,72.81249552462474,Estimación adecuada
Guaynabo,1990-1994,2,80.46155681333546,80.40536084646249,79.76561764777951,81.123238539463415,Estimación adecuada
Guaynabo,1995-1999,1,71.70557982807048,72.1430745842801,71.61905524169336,72.82204694295936,Estimación adecuada
Guaynabo,1995-1999,2,81.61582636139954,81.43031510412675,80.79572139065571,82.18304109331223,Estimación adecuada
Guaynabo,2000-2004,1,74.5460879922691,74.91375862995199,74.0055416624725,75.49227923634047,Estimación adecuada
Guaynabo,2000-2004,2,82.43363591097874,82.40082144035193,81.58224296123656,82.96705600398523,Estimación adecuada
Guaynabo,2005-2009,1,75.40004142189414,75.81653588855708,75.1866057918587,76.38969769955366,Estimación adecuada
Guaynabo,2005-2009,2,83.59622113263238,83.57051659199087,82.89396081246304,84.4088702246168,Estimación adecuada
Guaynabo,2010-2014,1,77.3578270076508,77.51095029425159,76.78197292606315,78.22339559310662,Estimación adecuada
Guaynabo,2010-2014,2,84.62289097742051,84.45007442647113,83.7052813558553,85.2547445476871,Estimación adecuada
Guaynabo,2015-2019,1,79.63090232574721,79.4804427628845,78.76857939165188,80.22877726694782,Estimación adecuada
Guaynabo,2015-2019,2,86.62280196774702,86.30812182112462,85.43074382780206,87.39924906244201,Estimación adecuada
Guaynabo,2020-2024,1,77.36899877443203,77.76432294078992,77.11458811900138,78.48544466635258,Estimación adecuada
Guaynabo,2020-2024,2,86.85241919025239,86.6684102604024,85.93100114988825,87.50490921126207,Estimación adecuada
Gurabo,1980-1984,1,72.10043466021936,71.99514234189314,70.85391703796788,73.16909234775252,Estimación adecuada
Gurabo,1980-1984,2,77.21298943234297,77.7641285313469,76.48297950122637,79.02626835946307,Estimación adecuada
Gurabo,1985-1989,1,72.09864341259255,72.27861330467664,71.0153712056336,73.26029626315817,Estimación adecuada
Gurabo,1985-1989,2,77.83980186096333,78.16152576503751,76.90189862649342,79.38238637575684,Estimación adecuada
Gurabo,1990-1994,1,70.06358422124045,70.78381826785062,69.95621145285736,71.69461365864201,Estimación adecuada
Gurabo,1990-1994,2,78.93586566639773,78.9316325971776,77.7397229244079,80.18813283996725,Estimación adecuada
Gurabo,1995-1999,1,72.62979875914179,72.48137321828018,71.44498576441424,73.45656331515156,Estimación adecuada
Gurabo,1995-1999,2,78.37596544908041,78.7398723623853,77.80865826689323,79.86754297116397,Estimación adecuada
Gurabo,2000-2004,1,73.72455425616529,74.03522578274303,73.0735379364836,75.106156504202,Estimación adecuada
Gurabo,2000-2004,2,82.16347596555325,81.59860009368245,80.62030354798145,82.63695210987524,Estimación adecuada
Gurabo,2005-2009,1,75.38673648949066,75.55185726018283,74.47028797944384,76.69592296161636,Estimación adecuada
Gurabo,2005-2009,2,82.71710063140857,82.3800148867296,81.07201546222558,83.307680857637,Estimación adecuada
Gurabo,2010-2014,1,75.74184183502217,76.22699094977168,75.13141997249323,77.22100961376961,Estimación adecuada
Gurabo,2010-2014,2,83.66012445857517,83.43459471025136,82.38140259476233,84.51403881498132,Estimación adecuada
Gurabo,2015-2019,1,77.82655629619259,77.95469895225747,77.00973788401521,78.98190950092211,Estimación adecuada
Gurabo,2015-2019,2,86.3751275135532,86.0231492093852,84.78620935715266,87.44892642674142,Estimación adecuada
Gurabo,2020-2024,1,78.1508349062683,77.84055751633161,76.96425255908389,78.68653270648488,Estimación adecuada
Gurabo,2020-2024,2,85.11563140762924,84.80819947310945,83.58110366779005,85.97679131621467,Estimación adecuada
Hatillo,1980-1984,1,71.99152036613721,72.29965476400261,71.41582272887013,73.33588770370525,Estimación adecuada
Hatillo,1980-1984,2,78.9802986931572,78.92536908010015,77.64750912053279,80.16812943637723,Estimación adecuada
Hatillo,1985-1989,1,72.73472078364017,72.36384858497811,71.35123233910436,73.491075027806545,Estimación adecuada
Hatillo,1985-1989,2,79.39464399636921,79.2293927993185,78.01195555160923,80.55656062040633,Estimación adecuada
Hatillo,1990-1994,1,72.2998423174012,72.05503221041455,71.11737809613936,73.12655386238376,Estimación adecuada
Hatillo,1990-1994,2,78.56900864145167,78.39888761906028,77.42032149933486,79.12832852781443,Estimación adecuada
Hatillo,1995-1999,1,72.51848608651568,72.40270984959156,71.38820181834802,73.2917712694057,Estimación adecuada
Hatillo,1995-1999,2,78.33281615395789,78.35659440000975,77.49050567238848,79.37338330261981,Estimación adecuada
Hatillo,2000-2004,1,74.45467151298737,74.09268518581072,73.29017811181674,74.86433599728994,Estimación adecuada
Hatillo,2000-2004,2,80.50637914886045,80.38882820484054,79.49394051694674,81.33542492190406,Estimación adecuada
Hatillo,2005-2009,1,75.71645524793598,75.23928117881212,74.2690337949908,76.08193393544595,Estimación adecuada
Hatillo,2005-2009,2,81.90357972932111,81.72508694382424,80.79904689350045,82.79082726216078,Estimación adecuada
Hatillo,2010-2014,1,77.71502056183984,77.24691971854894,76.20900796644362,77.93048810791397,Estimación adecuada
Hatillo,2010-2014,2,83.87031312176076,83.31245057462715,82.31341762144191,84.7902617262003,Estimación adecuada
Hatillo,2015-2019,1,79.67724729389147,79.10461229058572,78.07845389647383,80.2184366200142,Estimación adecuada
Hatillo,2015-2019,2,84.83403759511111,84.54215621018187,83.47021346199129,85.47332131392147,Estimación adecuada
Hatillo,2020-2024,1,78.47632497278812,78.3648469912142,77.17874996019482,79.28368750912465,Estimación adecuada
Hatillo,2020-2024,2,86.14610937096411,85.13829481841742,84.12960617702893,86.21616009838095,Estimación adecuada
Hormigueros,1980-1984,1,74.05856561737721,73.70817221805115,72.84008470563614,75.07786450122336,Estimación adecuada
Hormigueros,1980-1984,2,79.84974137268954,80.16113658587787,78.56335963985356,81.96892782218666,Estimación adecuada
Hormigueros,1985-1989,1,73.08737524946572,73.01143495766881,71.94301996390398,74.37412658397902,Estimación adecuada
Hormigueros,1985-1989,2,77.720059693455,79.01394074009494,77.76611371389399,80.70128269481215,> e0 observado
Hormigueros,1990-1994,1,74.61350802067456,73.42227429072092,72.27720191332145,74.34306732541134,< e0 observado
Hormigueros,1990-1994,2,81.39461486989457,80.66271224328187,79.27202778677562,81.92531007266314,Estimación adecuada
Hormigueros,1995-1999,1,74.87703445651637,73.6766779199248,72.70605836807061,74.80343963612381,< e0 observado
Hormigueros,1995-1999,2,80.45280069334801,80.29416233160038,79.02671680084272,81.70017316278182,Estimación adecuada
Hormigueros,2000-2004,1,75.50618073944777,75.19721014622152,74.1953608954761,76.52545305524015,Estimación adecuada
Hormigueros,2000-2004,2,82.3521641939344,81.90838265310451,80.74335547993834,83.47404451568093,Estimación adecuada
Hormigueros,2005-2009,1,76.10054922666298,76.33330618213031,75.2421284597564,77.50384317710993,Estimación adecuada
Hormigueros,2005-2009,2,84.62944320284578,83.65504242746859,82.49145870877919,85.40018034712641,Estimación adecuada
Hormigueros,2010-2014,1,76.11918178416535,76.97747407304428,75.78695172973165,78.21292957390713,Estimación adecuada
Hormigueros,2010-2014,2,82.71051389712174,83.41536359556821,82.07196242351607,84.8839095749735,Estimación adecuada
Hormigueros,2015-2019,1,77.91392313609006,78.49260476329562,77.37897002596135,79.65592033920727,Estimación adecuada
Hormigueros,2015-2019,2,85.81866120513573,86.34619858349609,84.67131988693257,88.23327728366495,Estimación adecuada
Hormigueros,2020-2024,1,78.36911216509105,78.78302760356081,77.79267317459288,80.30233336550393,Estimación adecuada
Hormigueros,2020-2024,2,86.17552522276296,85.93908332989122,84.4298102195927,87.34925932643193,Estimación adecuada
Humacao,1980-1984,1,70.58258576927221,70.80504860284292,69.96961721983263,71.70173774922424,Estimación adecuada
Humacao,1980-1984,2,75.89477228552336,76.1226333565917,75.33717555991748,77.06787622296312,Estimación adecuada
Humacao,1985-1989,1,70.67071512913827,70.68844854144015,69.9547997312443,71.63535338788839,Estimación adecuada
Humacao,1985-1989,2,78.26869595391119,78.0573507954987,76.96997656043979,78.84265101661835,Estimación adecuada
Humacao,1990-1994,1,69.59966588678492,69.95421643111939,69.17229582296477,70.72818139623973,Estimación adecuada
Humacao,1990-1994,2,78.98527536141168,78.79911677811349,77.85936376589726,79.84347446187606,Estimación adecuada
Humacao,1995-1999,1,71.67034271113566,71.3356570534813,70.64660312143467,72.3312811155598,Estimación adecuada
Humacao,1995-1999,2,78.50994029948488,78.30459778872984,77.59907783718543,79.19935575815555,Estimación adecuada
Humacao,2000-2004,1,73.45461991775991,73.39317443237148,72.43620197162085,74.1943642902084,Estimación adecuada
Humacao,2000-2004,2,79.72370844675466,79.87853722298844,79.12305676915383,80.62787942169365,Estimación adecuada
Humacao,2005-2009,1,73.61846549183731,73.98138411332326,73.08392920859528,74.82827895469094,Estimación adecuada
Humacao,2005-2009,2,81.80291929231979,81.64158098454479,80.6679833385347,82.39366723099664,Estimación adecuada
Humacao,2010-2014,1,75.80326051258055,75.96132145510023,75.17498611974483,76.86614063283021,Estimación adecuada
Humacao,2010-2014,2,83.58584598942798,82.98296563756058,82.16171893776205,83.94391593845887,Estimación adecuada
Humacao,2015-2019,1,76.7386829389743,77.21411753659581,76.37041642683756,78.07048677104322,Estimación adecuada
Humacao,2015-2019,2,84.86787206578826,84.39176315174666,83.66805718766084,85.51600460012712,Estimación adecuada
Humacao,2020-2024,1,76.7404128820364,77.46250791686518,76.54275023877679,78.29101850879604,Estimación adecuada
Humacao,2020-2024,2,84.233200245355,84.19154958440402,83.31174672322193,85.18521747390018,Estimación adecuada
Isabela,1980-1984,1,73.09738020117423,72.8040744285016,71.40799347305808,73.95703298496204,Estimación adecuada
Isabela,1980-1984,2,77.82732250278018,77.75161337659264,76.9572426021889,78.8285070424882,Estimación adecuada
Isabela,1985-1989,1,71.58083949829111,71.52275604691995,70.72424833555183,72.42756665028497,Estimación adecuada
Isabela,1985-1989,2,78.50099967900502,78.21512725608639,77.03847476451291,79.20160118181911,Estimación adecuada
Isabela,1990-1994,1,72.0475169163787,71.73863635703154,70.74503361480313,72.5730770763393,Estimación adecuada
Isabela,1990-1994,2,78.52411999469241,78.38899210584177,77.54211596372201,79.29970962624871,Estimación adecuada
Isabela,1995-1999,1,71.86251133480623,71.64067285325463,70.78252647029578,72.52067689627434,Estimación adecuada
Isabela,1995-1999,2,79.50480811685766,79.3227357865292,78.54613418772375,80.40921695818616,Estimación adecuada
Isabela,2000-2004,1,73.31643311223908,73.30350959186646,72.53334601599408,74.1322811699581,Estimación adecuada
Isabela,2000-2004,2,79.66880055796743,79.87413505779372,78.85068899573207,81.0534018046298,Estimación adecuada
Isabela,2005-2009,1,75.53006169201437,74.94030728451665,74.17059862219507,75.67696518160469,Estimación adecuada
Isabela,2005-2009,2,80.46868606139569,80.54358620609722,79.7486594230397,81.37013649334159,Estimación adecuada
Isabela,2010-2014,1,76.3459756319445,76.13748798564458,75.06223426433277,76.85352123397769,Estimación adecuada
Isabela,2010-2014,2,82.99199255121863,82.56801423355174,81.575664423148055,83.60287611006413,Estimación adecuada
Isabela,2015-2019,1,78.28631956544136,77.91294775090216,77.01974671700918,78.67235347535183,Estimación adecuada
Isabela,2015-2019,2,84.46499781522432,84.09558320757094,83.0959075677836,85.30302199348903,Estimación adecuada
Isabela,2020-2024,1,78.44494383134611,77.50129715348773,76.63165476875426,78.31398774888322,< e0 observado
Isabela,2020-2024,2,84.54430409037892,84.96701386487962,83.88485862506604,85.96117771118591,Estimación adecuada
Jayuya,1980-1984,1,71.54820346169252,71.71325462233315,70.52488109045524,72.88832100105913,Estimación adecuada
Jayuya,1980-1984,2,75.83217282493807,77.43510065883228,75.7824971094135,78.99054588778391,Estimación adecuada
Jayuya,1985-1989,1,71.8852739133792,71.5867984076617,70.48766659432734,72.35042803301238,Estimación adecuada
Jayuya,1985-1989,2,75.89535009908417,77.31215522345445,76.10088133679517,78.24828670240966,> e0 observado
Jayuya,1990-1994,1,71.61501384784762,71.17742656073705,69.95559591871299,72.27244649314858,Estimación adecuada
Jayuya,1990-1994,2,76.60405912768891,78.12804878855638,76.83429288919137,79.95177804406015,> e0 observado
Jayuya,1995-1999,1,72.762612067533,72.09965497656867,70.94136407979673,73.19147434827208,Estimación adecuada
Jayuya,1995-1999,2,78.02341987371616,78.50182343994322,77.39140073476341,80.07430774014477,Estimación adecuada
Jayuya,2000-2004,1,74.804694975474,73.88226013374515,72.9251882903346,74.94125117622866,Estimación adecuada
Jayuya,2000-2004,2,82.26030453801704,81.65503144862983,80.07093720123282,83.58024389142828,Estimación adecuada
Jayuya,2005-2009,1,76.29392429833622,75.53931018863871,74.42302849734146,77.12931846703236,Estimación adecuada
Jayuya,2005-2009,2,83.26574991380474,82.45080680258873,81.17783167634624,84.10199235598691,Estimación adecuada
Jayuya,2010-2014,1,77.86670993006521,77.03102355866889,75.77646758641544,78.15466335741591,Estimación adecuada
Jayuya,2010-2014,2,83.01935062086235,83.24096908271201,81.79031975563504,84.75534870342585,Estimación adecuada
Jayuya,2015-2019,1,79.09662441043547,78.28740952431986,76.69430285135223,79.79420227609293,Estimación adecuada
Jayuya,2015-2019,2,86.09536520292538,85.9100129331264,84.26760860286484,87.56288810553096,Estimación adecuada
Jayuya,2020-2024,1,80.33778345942194,79.25640203743345,77.94453312648007,81.10056341684398,Estimación adecuada
Jayuya,2020-2024,2,86.05790395955583,85.52364560519064,84.02035059162517,87.72100839314851,Estimación adecuada
Juana Diaz,1980-1984,1,71.10192241498234,71.1301645893908,70.00447144052474,71.95131950497014,Estimación adecuada
Juana Diaz,1980-1984,2,76.03760260059695,76.5144862979084,75.69224712483384,77.52071766523204,Estimación adecuada
Juana Diaz,1985-1989,1,70.59066146569734,70.62982488610831,69.69814652508066,71.46545822049359,Estimación adecuada
Juana Diaz,1985-1989,2,77.72376003285237,77.754321096743,76.71448893438512,78.95869826020015,Estimación adecuada
Juana Diaz,1990-1994,1,70.59462619152536,70.67680381196965,69.60976174794837,71.44719822957796,Estimación adecuada
Juana Diaz,1990-1994,2,77.80758248720088,77.86209875226302,77.01269334811575,78.73715081025843,Estimación adecuada
Juana Diaz,1995-1999,1,70.63826210363753,70.57120367649829,69.63897441674195,71.40987125196986,Estimación adecuada
Juana Diaz,1995-1999,2,78.23721855538598,78.14684746266003,77.2523248321856,78.95061748622288,Estimación adecuada
Juana Diaz,2000-2004,1,72.42010194033637,72.68035657311447,71.84442484429303,73.51509774698964,Estimación adecuada
Juana Diaz,2000-2004,2,80.07095731748443,80.02303423841963,79.1137820071367,81.09167800199548,Estimación adecuada
Juana Diaz,2005-2009,1,74.09224072675535,74.36569641176986,73.46519258026751,75.39164980943033,Estimación adecuada
Juana Diaz,2005-2009,2,81.70478408921697,81.4963413406854,80.66655314395308,82.49958643072316,Estimación adecuada
Juana Diaz,2010-2014,1,75.9826744595313,75.95846321773173,75.18841336507347,76.85652832759621,Estimación adecuada
Juana Diaz,2010-2014,2,82.91141974537287,82.62972221847366,81.8626816729141,83.9011256987465,Estimación adecuada
Juana Diaz,2015-2019,1,77.4756453319244,77.44691649369969,76.58673203735202,78.28032639720757,Estimación adecuada
Juana Diaz,2015-2019,2,86.60689455981232,85.86893520306221,84.7511316112136,87.03782165806899,Estimación adecuada
Juana Diaz,2020-2024,1,76.12481522857756,76.57803340116833,75.65918867660137,77.43587482887523,Estimación adecuada
Juana Diaz,2020-2024,2,86.09723573194701,85.26776129892244,84.27906116342763,86.45951293607662,Estimación adecuada
Juncos,1980-1984,1,70.4832974097173,70.81073987508357,69.64971781629424,71.9197810554023,Estimación adecuada
Juncos,1980-1984,2,77.17475536145652,77.08388801403802,75.98507377768061,78.2131192172572,Estimación adecuada
Juncos,1985-1989,1,69.32349287604664,69.88831525006526,69.0466099721121,70.9676456325343,Estimación adecuada
Juncos,1985-1989,2,77.84087141019062,77.37644522090886,76.51314700318156,78.5674021965091,Estimación adecuada
Juncos,1990-1994,1,69.26314387145591,69.80697468938953,68.6931428871065,70.68603172955412,Estimación adecuada
Juncos,1990-1994,2,78.64376251745605,78.31973536053093,77.47770867432065,79.1939369781087,Estimación adecuada
Juncos,1995-1999,1,70.43259716290989,70.69377280402976,69.65715122502385,71.40166516194267,Estimación adecuada
Juncos,1995-1999,2,78.88321244236762,78.68840801463335,77.82027845984251,79.64726987332473,Estimación adecuada
Juncos,2000-2004,1,73.50676785386435,73.23247516342943,72.32354879567885,74.45408936099597,Estimación adecuada
Juncos,2000-2004,2,80.82760129992721,80.39462182725755,79.3899542904609,81.29356347950012,Estimación adecuada
Juncos,2005-2009,1,72.5823719234395,73.23749432223732,72.19412334057688,74.10025634009929,Estimación adecuada
Juncos,2005-2009,2,80.29148928265256,80.37500819348242,79.10459462459062,81.53602787108045,Estimación adecuada
Juncos,2010-2014,1,74.05814861532626,74.733954776019,73.92943892746602,75.75119266731677,Estimación adecuada
Juncos,2010-2014,2,82.42841718245143,82.50169070127681,81.36893896255242,83.93650903651078,Estimación adecuada
Juncos,2015-2019,1,76.99651467647962,77.03514089728372,75.99534663678298,78.06218372778892,Estimación adecuada
Juncos,2015-2019,2,83.23323259682593,83.40768350173721,82.21527259039412,84.66229183074344,Estimación adecuada
Juncos,2020-2024,1,76.96779959385644,76.65347820030834,75.67298919341752,77.6054224767025,Estimación adecuada
Juncos,2020-2024,2,85.00221618874696,84.39906627452876,83.20016576625022,85.87613785266137,Estimación adecuada
Lajas,1980-1984,1,72.46316902920564,71.95277461420483,70.80226542444511,73.18225541009785,Estimación adecuada
Lajas,1980-1984,2,77.35030656462364,77.83073360156921,76.50159778286073,78.94485806333489,Estimación adecuada
Lajas,1985-1989,1,73.36206024807198,72.48755515068801,71.36665824498886,73.80717465976346,Estimación adecuada
Lajas,1985-1989,2,77.65847465397064,77.82323656304658,76.91235221213603,78.86606521726628,Estimación adecuada
Lajas,1990-1994,1,72.37357825429245,72.01650338178102,70.9726011595119,73.15648566247346,Estimación adecuada
Lajas,1990-1994,2,79.66328406009775,79.24626617607866,78.00895798874768,80.68469419569364,Estimación adecuada
Lajas,1995-1999,1,72.56496891931091,72.14483970602356,71.22053895953252,73.20087964854454,Estimación adecuada
Lajas,1995-1999,2,79.70456393493818,79.7342439258098,78.55167160599802,80.94594847874232,Estimación adecuada
Lajas,2000-2004,1,74.14208023792457,74.00245095035976,73.05290690302101,74.89063214680985,Estimación adecuada
Lajas,2000-2004,2,81.18752068509266,80.92444190952281,79.8435343779027,81.87301618840945,Estimación adecuada
Lajas,2005-2009,1,76.68683187769454,75.51097806348787,74.50580752616781,76.63242622423371,< e0 observado
Lajas,2005-2009,2,81.73140373208773,81.53351711360713,80.53701814946199,82.658593570769,Estimación adecuada
Lajas,2010-2014,1,76.92095663234578,76.37031756750123,75.24782334126138,77.69715156282355,Estimación adecuada
Lajas,2010-2014,2,83.39940774512145,83.26032935769103,82.12245746240127,84.4565289923477,Estimación adecuada
Lajas,2015-2019,1,79.16417400599892,78.16571080041075,77.22583140724736,79.08188963893383,< e0 observado
Lajas,2015-2019,2,84.33383648976294,84.62203411653843,83.1943983743843,86.22011950436507,Estimación adecuada
Lajas,2020-2024,1,78.13171144418278,77.55701860895915,76.4834079798976,78.62997159618482,Estimación adecuada
Lajas,2020-2024,2,85.69664696158718,85.55173669592622,84.42825248873532,87.076134345007,Estimación adecuada
Lares,1980-1984,1,70.93967460008611,71.60917940537207,70.60172425025567,72.56372078189557,Estimación adecuada
Lares,1980-1984,2,80.07304720190547,79.60141693333716,78.34744452326291,81.07597062730652,Estimación adecuada
Lares,1985-1989,1,72.07284835603735,72.3524802394194,71.15024354809287,73.23564962230492,Estimación adecuada
Lares,1985-1989,2,80.12906339800288,79.54867008933462,78.38365830579363,80.81257391265885,Estimación adecuada
Lares,1990-1994,1,71.99408741634562,71.97278762728055,70.92405372694951,72.87256810369249,Estimación adecuada
Lares,1990-1994,2,78.72924701770712,78.76032053963941,77.69451643209027,79.52594960661824,Estimación adecuada
Lares,1995-1999,1,74.58529726703922,73.84364982079076,72.6276650143346,74.88289006982728,Estimación adecuada
Lares,1995-1999,2,81.29595428708723,80.65002180207208,79.54160198006258,81.94128963270438,Estimación adecuada
Lares,2000-2004,1,75.1110712856121,74.7740588063598,73.91196887319153,75.58862426357638,Estimación adecuada
Lares,2000-2004,2,81.70641489338435,81.55961881167443,80.47166947473363,82.64687196607187,Estimación adecuada
Lares,2005-2009,1,76.5462882162104,75.79903658085266,74.8387028733022,76.56949336076526,Estimación adecuada
Lares,2005-2009,2,82.28400989612267,82.17027210494072,81.048884204665,83.09499647632657,Estimación adecuada
Lares,2010-2014,1,79.39080265192932,78.32265297589632,77.17426267894444,79.30073723971532,< e0 observado
Lares,2010-2014,2,82.72140750112155,82.42171409607515,81.5884372534951,83.9076010512805,Estimación adecuada
Lares,2015-2019,1,78.13032401868809,77.86900866635094,77.06991107799679,78.90734989589268,Estimación adecuada
Lares,2015-2019,2,84.424471152182,84.38304000247203,83.38727854817864,85.74378584539961,Estimación adecuada
Lares,2020-2024,1,77.84495769277572,78.10957649991103,76.97678417644275,79.47958045590093,Estimación adecuada
Lares,2020-2024,2,84.10188803972103,84.51044206412519,83.5633109687421,85.75574545236876,Estimación adecuada
Las Marias,1980-1984,1,73.81563474744125,73.40718711365489,71.99946879748438,74.83036569573042,Estimación adecuada
Las Marias,1980-1984,2,83.88520673112671,81.25168763155521,79.39643992796114,83.50055563822784,< e0 observado
Las Marias,1985-1989,1,73.62469730038673,73.1194309327908,72.05253433882015,74.32693372660736,Estimación adecuada
Las Marias,1985-1989,2,78.14820547870697,79.71374049964318,78.24016667367736,81.4798321049728,> e0 observado
Las Marias,1990-1994,1,74.00881730690156,73.2883414538089,71.92624578889934,74.88341778040709,Estimación adecuada
Las Marias,1990-1994,2,80.22328205184606,80.89340659624784,79.46304222885041,82.45894574306888,Estimación adecuada
Las Marias,1995-1999,1,75.13206537448636,73.8808903788165,72.24246668781873,75.26762284991241,Estimación adecuada
Las Marias,1995-1999,2,81.22000339132549,80.95131677896941,79.56828218166227,82.95823548589564,Estimación adecuada
Las Marias,2000-2004,1,77.0746887546824,75.69353241000967,74.03821271891354,76.92260691438952,< e0 observado
Las Marias,2000-2004,2,81.22993587246654,82.62817738514423,80.59309926770496,84.57447649099672,Estimación adecuada
Las Marias,2005-2009,1,78.94241289794024,76.96288885475934,75.58434003203925,78.57711610057962,< e0 observado
Las Marias,2005-2009,2,82.45741722564794,83.51924792881238,81.65354900132422,85.55903069158921,Estimación adecuada
Las Marias,2010-2014,1,78.9874533300309,77.45225240515573,76.23292500151629,78.84994984146911,< e0 observado
Las Marias,2010-2014,2,85.68826589307866,84.8967114465291,82.87138961730358,86.92334790416243,Estimación adecuada
Las Marias,2015-2019,1,78.44180353450636,79.30454507648818,77.7260948262377,80.89944295200621,Estimación adecuada
Las Marias,2015-2019,2,86.2119644760504,86.20729016214466,84.40665916776669,87.90835940763549,Estimación adecuada
Las Marias,2020-2024,1,78.65869602395698,78.84670024886076,77.43007571312947,80.31497352968668,Estimación adecuada
Las Marias,2020-2024,2,88.4892406052294,87.41930245419724,85.47028354217213,90.22103570714933,Estimación adecuada
Las Piedras,1980-1984,1,72.4628953772312,72.69550966254263,71.531711993144,73.97428956993694,Estimación adecuada
Las Piedras,1980-1984,2,77.65886672068534,78.00624161156594,76.76436234337521,79.20769883294376,Estimación adecuada
Las Piedras,1985-1989,1,72.6175420547073,72.47103395611772,71.13156709084801,73.56352795899383,Estimación adecuada
Las Piedras,1985-1989,2,79.00116087428613,79.11199713725375,77.59716036607645,80.18757761866715,Estimación adecuada
Las Piedras,1990-1994,1,71.55978947014577,71.86377946388995,70.72213314710432,72.89087041182367,Estimación adecuada
Las Piedras,1990-1994,2,78.8936505301308,78.76942098148477,77.77313842595427,79.92374997698282,Estimación adecuada
Las Piedras,1995-1999,1,73.7555375015721,72.80211363042426,71.95678689396036,73.85088760033825,Estimación adecuada
Las Piedras,1995-1999,2,79.79933667371475,79.59856972399332,78.79075722584528,81.089227822519,Estimación adecuada
Las Piedras,2000-2004,1,74.83778165388009,74.65752477681139,73.58972350332797,75.90789430084078,Estimación adecuada
Las Piedras,2000-2004,2,80.54014043533199,80.4669110115085,79.20625714114664,81.36865100701175,Estimación adecuada
Las Piedras,2005-2009,1,76.55584156350447,75.87531544571381,75.13997419592363,76.92484076192395,Estimación adecuada
Las Piedras,2005-2009,2,82.30870059101942,82.3539196459813,81.29222742832945,83.99657588739146,Estimación adecuada
Las Piedras,2010-2014,1,75.93351372986655,76.44198172328679,75.41634867011547,77.4833608765203,Estimación adecuada
Las Piedras,2010-2014,2,82.5650052808105,82.48621420177341,81.63252558126064,83.77880018701899,Estimación adecuada
Las Piedras,2015-2019,1,78.58935894309695,78.25905606769348,77.34416344990068,79.5152632757394,Estimación adecuada
Las Piedras,2015-2019,2,85.3607640329745,85.15102588115505,83.85150184968421,86.74965218845018,Estimación adecuada
Las Piedras,2020-2024,1,77.65607135099413,77.96218764662484,76.73618782936157,78.80357206387833,Estimación adecuada
Las Piedras,2020-2024,2,85.02534012586074,84.87724070001383,83.70652023133945,85.82822467184894,Estimación adecuada
Loiza,1980-1984,1,71.29708119790713,70.90796568079801,69.40723672888919,72.33341366873435,Estimación adecuada
Loiza,1980-1984,2,77.96280313581073,77.4702252494334,76.04773535718044,79.24159990655264,Estimación adecuada
Loiza,1985-1989,1,71.11235934077855,70.46025462437566,69.29476664875722,72.28087436157702,Estimación adecuada
Loiza,1985-1989,2,79.76441464134875,78.80086406688385,77.48021894918952,80.43925722799881,Estimación adecuada
Loiza,1990-1994,1,68.65505357436209,69.3009068867176,68.24743179558617,70.44114117703248,Estimación adecuada
Loiza,1990-1994,2,77.83527198679872,77.90665408806204,76.41824464081122,79.27561688544326,Estimación adecuada
Loiza,1995-1999,1,67.54575668322258,68.96010684386205,67.9176106392415,70.06375672046866,> e0 observado
Loiza,1995-1999,2,80.44991909621369,79.5662827244752,78.20653449371275,80.76325143320679,Estimación adecuada
Loiza,2000-2004,1,69.21795433977262,71.03694358910295,70.07107502722333,72.25936579307644,> e0 observado
Loiza,2000-2004,2,83.71722475677984,82.14841722149625,80.64920419962112,84.27203870094883,Estimación adecuada
Loiza,2005-2009,1,69.49244819404063,71.77687916131269,70.39251642659633,72.98871986808132,> e0 observado
Loiza,2005-2009,2,81.62588342717608,81.21757694133677,79.87988324372535,82.83480407171835,Estimación adecuada
Loiza,2010-2014,1,72.71620374599513,74.33060655649595,72.99837647917619,75.54435072325768,> e0 observado
Loiza,2010-2014,2,83.22740715687155,82.85291591994925,81.55586390983949,84.18855120265809,Estimación adecuada
Loiza,2015-2019,1,76.42256809809959,76.81062754703072,75.553568463364,78.05858417683312,Estimación adecuada
Loiza,2015-2019,2,84.58243093379357,84.48744213139477,83.32846385187821,85.95094747252271,Estimación adecuada
Loiza,2020-2024,1,74.30071613355503,75.5960619987722,74.36291789815486,77.01303575786392,> e0 observado
Loiza,2020-2024,2,85.89228425330265,85.28277152534179,83.64184485075019,86.94140567781605,Estimación adecuada
Luquillo,1980-1984,1,71.32237106066451,70.86052766841547,69.66417551055522,72.30415779696344,Estimación adecuada
Luquillo,1980-1984,2,96.21054523115929,79.8793420734331,78.02009003980066,82.18317248793358,< e0 observado
Luquillo,1985-1989,1,70.58391307233262,70.68505221777326,69.6124606439017,71.88844469115713,Estimación adecuada
Luquillo,1985-1989,2,75.85277823303889,76.80327119789874,75.38362362123485,77.99909379054145,Estimación adecuada
Luquillo,1990-1994,1,69.78687362564872,69.97287781376276,68.70701919988585,71.41820126318868,Estimación adecuada
Luquillo,1990-1994,2,78.65540822491414,78.32254411785544,76.90937634477211,79.63354412336648,Estimación adecuada
Luquillo,1995-1999,1,68.84529148191722,69.64450926117408,68.51449017164131,70.92575678981527,Estimación adecuada
Luquillo,1995-1999,2,77.57073371934368,77.77759898911921,76.75971039630295,79.15791953785936,Estimación adecuada
Luquillo,2000-2004,1,71.56692809461028,72.0277809656657,71.02372753521902,73.31966774850231,Estimación adecuada
Luquillo,2000-2004,2,80.93857359304148,80.79355889397019,79.51395194740975,82.1466395694496,Estimación adecuada
Luquillo,2005-2009,1,73.66197666420697,73.99170614903599,72.67749818175884,75.4179945628886,Estimación adecuada
Luquillo,2005-2009,2,80.16453384109049,80.3633060608596,79.25490304096458,81.5701107919509,Estimación adecuada
Luquillo,2010-2014,1,74.125398030716255,75.00823798210007,73.87131349090787,76.48334548937152,Estimación adecuada
Luquillo,2010-2014,2,83.56937802942338,83.11810164225159,81.73502042475147,84.55482172178291,Estimación adecuada
Luquillo,2015-2019,1,78.24158315716944,77.242675216059,75.9386237056138,78.25585899642334,Estimación adecuada
Luquillo,2015-2019,2,86.16375324393145,85.16352349683206,83.46422997221532,86.89279220720707,Estimación adecuada
Luquillo,2020-2024,1,76.82778593702754,76.54971330975492,75.33470862996495,77.99061389039812,Estimación adecuada
Luquillo,2020-2024,2,84.96686508096819,84.59584055869347,82.85742399817138,86.18994488051527,Estimación adecuada
Manati,1980-1984,1,69.99769254598455,70.21923542270082,69.05177591825662,71.30370391870204,Estimación adecuada
Manati,1980-1984,2,76.91897319341015,76.9514643206293,76.08511140780732,77.87172222713102,Estimación adecuada
Manati,1985-1989,1,69.40848405753856,69.79549222915671,68.93292015895562,70.66035832383054,Estimación adecuada
Manati,1985-1989,2,78.1365208528677,77.84424000817319,76.75009617173248,78.86078766587099,Estimación adecuada
Manati,1990-1994,1,69.23507276864738,69.88103027204163,68.95789835403299,70.90785510546709,Estimación adecuada
Manati,1990-1994,2,78.13694859634435,78.02387557355534,77.24031396246019,78.74333645116144,Estimación adecuada
Manati,1995-1999,1,70.56621278613628,70.73279207568028,69.88363151262874,71.62774894313992,Estimación adecuada
Manati,1995-1999,2,78.18010801536123,78.28106009747182,77.57250823486113,79.14499826742298,Estimación adecuada
Manati,2000-2004,1,73.5059956746808,73.3089975975324,72.41308516337114,74.14185973087578,Estimación adecuada
Manati,2000-2004,2,79.921946292628,79.81217384056625,79.01860386151091,80.69405727962912,Estimación adecuada
Manati,2005-2009,1,74.42317304268016,74.42719985419686,73.58359830893086,75.49065242143064,Estimación adecuada
Manati,2005-2009,2,81.69558612867581,81.23252013386056,80.18276785294088,82.28235606537604,Estimación adecuada
Manati,2010-2014,1,75.79949582054559,75.77675827727234,75.05269904880811,76.76616596410327,Estimación adecuada
Manati,2010-2014,2,82.46392723255103,82.20218329326545,81.21531406022837,82.93125801104493,Estimación adecuada
Manati,2015-2019,1,76.50082129222024,76.7345291679407,75.80707432299761,77.66399527071826,Estimación adecuada
Manati,2015-2019,2,84.47543845885097,84.2091039185454,83.31581731456524,85.25982142014155,Estimación adecuada
Manati,2020-2024,1,76.6410779362147,76.56357593044896,75.72760971507545,77.38241744352655,Estimación adecuada
Manati,2020-2024,2,84.79279277649533,84.49575362330067,83.62047883446286,85.59478395660526,Estimación adecuada
Maricao,1980-1984,1,68.60202825310121,71.5025897262046,69.86898198900403,73.17986502213955,> e0 observado
Maricao,1980-1984,2,78.09479107390814,78.62710319627517,77.08195262860798,80.86156438191605,Estimación adecuada
Maricao,1985-1989,1,74.96773339223955,72.90045671455805,71.31240502946018,74.61397603424712,< e0 observado
Maricao,1985-1989,2,78.61629942834107,79.20856510066116,77.8805411078252,81.715675242419593,Estimación adecuada
Maricao,1990-1994,1,71.6682444194189,71.73501747843218,69.90361129648082,73.00925453862902,Estimación adecuada
Maricao,1990-1994,2,78.7855059436943,79.80289703259962,77.88806597259462,81.82569973427906,Estimación adecuada
Maricao,1995-1999,1,71.33878340346546,71.97663093420968,70.34581558655668,73.86823432669232,Estimación adecuada
Maricao,1995-1999,2,78.99834861586001,80.38690040746778,78.450286184889,82.2697346835204,Estimación adecuada
Maricao,2000-2004,1,77.71513177879464,75.10119339932993,73.68360046698149,77.37764798244478,< e0 observado
Maricao,2000-2004,2,80.22542908124815,81.56624038565221,79.57883109494489,84.63569191234382,Estimación adecuada
Maricao,2005-2009,1,77.40367339569201,75.5636313762079,73.85783107937792,77.32584862763926,< e0 observado
Maricao,2005-2009,2,82.65920888615886,82.86241594528249,80.91067576732704,85.2997034216036,Estimación adecuada
Maricao,2010-2014,1,78.78632855189304,77.06229986953302,75.47897218265122,78.78348325448125,< e0 observado
Maricao,2010-2014,2,86.34203171038145,85.66622876484644,82.79025424069775,88.43933336945777,Estimación adecuada
Maricao,2015-2019,1,75.94252949549474,78.04965131691512,76.60675536900072,79.48766369878601,> e0 observado
Maricao,2015-2019,2,88.98166952275554,86.78535632029579,84.49589818659186,91.08572119453927,Estimación adecuada
Maricao,2020-2024,1,78.97029384636113,78.21960110256714,76.72156324252154,80.28555134859585,Estimación adecuada
Maricao,2020-2024,2,84.52027651105944,84.29765009293325,82.6970608441826,86.31986110299013,Estimación adecuada
Maunabo,1980-1984,1,71.14680086853208,71.65615859134756,70.31045793232279,72.866935789731,Estimación adecuada
Maunabo,1980-1984,2,78.1067644645637,78.48243526774777,76.96407853337989,79.93514825350965,Estimación adecuada
Maunabo,1985-1989,1,73.14754634531097,72.14944269590085,70.80262381793153,73.65915748246266,Estimación adecuada
Maunabo,1985-1989,2,80.26716511735238,79.44150252438045,77.72883629884996,81.05533133625542,Estimación adecuada
Maunabo,1990-1994,1,72.41659695481869,71.94833698834037,70.81043113290296,73.03963161132191,Estimación adecuada
Maunabo,1990-1994,2,80.63599878230829,80.0943352886361,78.49200372916303,81.88024363954449,Estimación adecuada
Maunabo,1995-1999,1,71.29560582062038,71.50130572389872,69.96869651676644,72.56291855665313,Estimación adecuada
Maunabo,1995-1999,2,79.21035551708708,79.48755953530893,78.15521030881303,81.40642324174848,Estimación adecuada
Maunabo,2000-2004,1,73.80432839475543,73.77523211899282,72.40568437559907,75.07015371864699,Estimación adecuada
Maunabo,2000-2004,2,81.50289326156216,81.27497091259113,79.82097172016708,82.8828885773011,Estimación adecuada
Maunabo,2005-2009,1,74.64232752557565,74.34333658346716,73.25637634430089,75.77281748404792,Estimación adecuada
Maunabo,2005-2009,2,82.94220641756984,83.09835696783098,81.27163399102903,85.01692933099557,Estimación adecuada
Maunabo,2010-2014,1,74.8339607817344,75.59155866078012,74.3151415952215,76.90465589443195,Estimación adecuada
Maunabo,2010-2014,2,84.96652627183896,84.68033632653737,82.82024374515382,87.3949631546257,Estimación adecuada
Maunabo,2015-2019,1,78.86941488241771,77.75590174814366,76.81460195576513,79.01110214517954,Estimación adecuada
Maunabo,2015-2019,2,85.85027789954904,85.360800953757,83.66430960377816,87.26023266511083,Estimación adecuada
Maunabo,2020-2024,1,73.9175174535675,76.08741493788881,75.01718893516568,77.42467933457604,> e0 observado
Maunabo,2020-2024,2,82.49945155414667,83.26481688786731,81.93321006204457,84.88157150661462,Estimación adecuada
Mayaguez,1980-1984,1,70.16347210674796,70.32301115460075,69.63563479378985,71.06335618257194,Estimación adecuada
Mayaguez,1980-1984,2,77.60512196844877,77.30017450911521,76.57809820410668,77.90585090318172,Estimación adecuada
Mayaguez,1985-1989,1,70.43422694514761,70.52971047814248,70.04332873187258,71.16206028100248,Estimación adecuada
Mayaguez,1985-1989,2,77.94340408933364,77.83435807998427,77.21543928586021,78.46993728701239,Estimación adecuada
Mayaguez,1990-1994,1,70.24642591292358,70.30981352943354,69.49642586686201,70.91529101368175,Estimación adecuada
Mayaguez,1990-1994,2,78.67215935241931,78.4605333048005,77.91467959472425,78.93967965912361,Estimación adecuada
Mayaguez,1995-1999,1,70.79228679899191,70.92469016938134,70.1397557724371,71.51855887433877,Estimación adecuada
Mayaguez,1995-1999,2,79.57023177554109,79.38644933859813,78.81702073962545,80.08525612417944,Estimación adecuada
Mayaguez,2000-2004,1,73.63502357565517,73.59169190988483,72.9896800670098,74.14626674482864,Estimación adecuada
Mayaguez,2000-2004,2,81.32752458798765,81.12291860526909,80.36026308985448,81.76318355614657,Estimación adecuada
Mayaguez,2005-2009,1,73.96494214443702,74.09030181178242,73.38610911806052,74.65640379451972,Estimación adecuada
Mayaguez,2005-2009,2,81.49974889865346,81.35303298594845,80.77822616761202,82.20798995244854,Estimación adecuada
Mayaguez,2010-2014,1,74.96249416874119,74.9358291692649,74.48266346501788,75.61999558298058,Estimación adecuada
Mayaguez,2010-2014,2,82.81805760395481,82.66957566487739,81.8687152155903,83.48103474203397,Estimación adecuada
Mayaguez,2015-2019,1,77.18178911462695,77.41514312875171,76.66984894469951,78.25248194599538,Estimación adecuada
Mayaguez,2015-2019,2,85.03789447163464,84.95931718739763,84.07725941106042,85.83350893029363,Estimación adecuada
Mayaguez,2020-2024,1,76.09571809909919,76.55328129139008,75.92472985153225,77.24136764386398,Estimación adecuada
Mayaguez,2020-2024,2,84.85251261520094,84.86717192105205,84.03573614695546,85.84522991948427,Estimación adecuada
Moca,1980-1984,1,71.47861356859958,72.13527113480421,71.1510851947451,73.3038573411764,Estimación adecuada
Moca,1980-1984,2,77.57729967024724,78.26760148742198,77.00938242353519,79.66428447275162,Estimación adecuada
Moca,1985-1989,1,74.13223338906987,73.58044675404564,72.45629825078193,74.49207816647707,Estimación adecuada
Moca,1985-1989,2,78.76717836323876,78.8129571220217,78.01764079070252,80.13686520900262,Estimación adecuada
Moca,1990-1994,1,74.38613122856178,73.67242997344854,72.6580441845308,74.74050455732834,Estimación adecuada
Moca,1990-1994,2,79.33086248782432,79.27153430285458,78.27504468215766,80.33750305523029,Estimación adecuada
Moca,1995-1999,1,73.93016893221346,73.42564085775354,72.46814698170257,74.28457203985953,Estimación adecuada
Moca,1995-1999,2,79.92298518560595,79.60551693921977,78.44302013674947,80.48618862465023,Estimación adecuada
Moca,2000-2004,1,76.88913106198095,75.89733441410664,74.79852418801836,77.03571015195726,Estimación adecuada
Moca,2000-2004,2,81.20152141336699,81.42964681266413,80.11082168501946,82.46250779136686,Estimación adecuada
Moca,2005-2009,1,78.23027972920578,77.18045700722273,76.4357774761754,78.47215549668687,Estimación adecuada
Moca,2005-2009,2,81.64729368972594,81.96830290616856,80.81650970511006,82.87101645935172,Estimación adecuada
Moca,2010-2014,1,78.39894219071823,77.95866488233762,76.93504441584719,78.98879080688243,Estimación adecuada
Moca,2010-2014,2,82.3431083414248,82.59461671651317,81.5617680735536,83.6517900948154,Estimación adecuada
Moca,2015-2019,1,78.86942315370179,78.54608421638002,77.74974048282915,79.6837205850916,Estimación adecuada
Moca,2015-2019,2,85.12050775808935,85.1767084088268,84.04331735169006,86.38496488030344,Estimación adecuada
Moca,2020-2024,1,79.5196148813842,79.20351024818163,78.13393593382047,80.04843010277841,Estimación adecuada
Moca,2020-2024,2,84.83463123511952,84.8682381892485,83.87810256719115,85.97106742177247,Estimación adecuada
Morovis,1980-1984,1,72.75449760171898,72.80969029309651,71.3812815213497,73.99168327924214,Estimación adecuada
Morovis,1980-1984,2,79.58978615306602,79.61706110330624,77.82892229814615,80.93923521145963,Estimación adecuada
Morovis,1985-1989,1,73.00155031190296,72.84668473993273,71.7398232326581,74.0320937166213,Estimación adecuada
Morovis,1985-1989,2,79.18909920848033,79.0514976659121,77.83468249063172,80.61051830532223,Estimación adecuada
Morovis,1990-1994,1,74.7129408866261,73.60827125495918,72.34627956539039,74.82925306039171,Estimación adecuada
Morovis,1990-1994,2,79.13950712220092,79.37466895826483,77.9619875500692,80.2486407257439,Estimación adecuada
Morovis,1995-1999,1,72.82153464768288,72.61993408902784,71.50384810888349,73.62082839677825,Estimación adecuada
Morovis,1995-1999,2,80.70735984476201,80.81755527228239,79.47719291052941,82.11847984996346,Estimación adecuada
Morovis,2000-2004,1,74.10293235770516,74.44291297091489,73.44287980590732,75.43623032587276,Estimación adecuada
Morovis,2000-2004,2,82.09073872809745,81.87446302244638,80.4115589111893,83.81681509824169,Estimación adecuada
Morovis,2005-2009,1,76.91529332323657,76.14313938897493,75.29643641693636,77.00447486654883,Estimación adecuada
Morovis,2005-2009,2,83.05104709140619,82.6802812877082,81.41603069586594,84.08232000328522,Estimación adecuada
Morovis,2010-2014,1,77.08123150152963,77.25356607791011,76.08295329666291,78.37673246083094,Estimación adecuada
Morovis,2010-2014,2,83.34182688922566,83.16304686122952,82.054740931358765,84.50713316691383,Estimación adecuada
Morovis,2015-2019,1,78.96515859481998,78.49894431688587,77.47688361218948,79.37329420452987,Estimación adecuada
Morovis,2015-2019,2,87.15880943526801,86.23218114329856,84.92094157649271,87.63967115037856,Estimación adecuada
Morovis,2020-2024,1,78.2458123408178,78.65392007029766,77.44925226772355,79.52285606033183,Estimación adecuada
Morovis,2020-2024,2,84.91369846953171,85.59295343966801,84.22662358334823,87.24099841152696,Estimación adecuada
Naguabo,1980-1984,1,71.84412346105836,71.60872671911103,70.31166212420652,72.72734052376765,Estimación adecuada
Naguabo,1980-1984,2,76.70981740677908,76.67009114297504,75.4332707746255,78.21196484784892,Estimación adecuada
Naguabo,1985-1989,1,70.3877807756849,70.61433304874538,69.60936050735347,71.6836091874498,Estimación adecuada
Naguabo,1985-1989,2,77.29975247108982,77.28844398131668,76.2545916907123,78.34179089674424,Estimación adecuada
Naguabo,1990-1994,1,69.935755323165,70.14538867838328,68.95622162963059,70.99598974625661,Estimación adecuada
Naguabo,1990-1994,2,77.27690861530172,77.90273066622241,76.49951666780585,79.1896976346934,Estimación adecuada
Naguabo,1995-1999,1,69.72322516574484,70.35094758054441,69.377916533079,71.18852168520705,Estimación adecuada
Naguabo,1995-1999,2,76.82881627212045,77.26501487162241,76.26200204962477,78.26960327970403,Estimación adecuada
Naguabo,2000-2004,1,72.06654411146116,72.34216606328104,71.29211772095543,73.49947251414457,Estimación adecuada
Naguabo,2000-2004,2,79.7628328934226,80.0296996573262,79.09106969019729,81.29719786472019,Estimación adecuada
Naguabo,2005-2009,1,73.77862572143668,73.8416774136159,72.49868034371971,75.04502320755591,Estimación adecuada
Naguabo,2005-2009,2,80.62404690696854,80.93555571139777,79.57947835283179,82.09700968321474,Estimación adecuada
Naguabo,2010-2014,1,75.11164062971052,74.92243952391959,74.22100457407541,76.26923105004781,Estimación adecuada
Naguabo,2010-2014,2,82.93958682980916,82.45054006650525,81.10103170185126,84.13127754253289,Estimación adecuada
Naguabo,2015-2019,1,76.26882750450046,76.28207143250776,75.08867461320908,77.36016267512223,Estimación adecuada
Naguabo,2015-2019,2,84.83022686610576,84.36281467029553,83.00410676244582,85.95273497256005,Estimación adecuada
Naguabo,2020-2024,1,77.23171232523964,76.84238712321485,75.79795253384498,77.96502430007767,Estimación adecuada
Naguabo,2020-2024,2,83.84568426869097,83.74212085492948,82.35780212474505,85.23101288238254,Estimación adecuada
Naranjito,1980-1984,1,74.98820136337291,74.27423834728104,72.98663223776254,75.85751733465571,Estimación adecuada
Naranjito,1980-1984,2,82.09597951709326,80.49077503903519,79.20020508688178,82.02308125611108,< e0 observado
Naranjito,1985-1989,1,74.14321504502335,73.45252267066647,72.44270114345727,74.41094374639007,Estimación adecuada
Naranjito,1985-1989,2,81.17666750110004,80.57696226044352,79.2770437407979,82.11602947178102,Estimación adecuada
Naranjito,1990-1994,1,72.65469281143538,72.72620894204243,71.66625139725392,74.20788311015082,Estimación adecuada
Naranjito,1990-1994,2,80.53672985190586,80.56103672000651,79.3579429052843,82.14235743794637,Estimación adecuada
Naranjito,1995-1999,1,71.78384170584214,72.10549887465075,71.21802924418095,72.93002007778477,Estimación adecuada
Naranjito,1995-1999,2,81.60503745588989,80.94630854611925,79.62395508678239,82.29992987733027,Estimación adecuada
Naranjito,2000-2004,1,75.02066724722975,74.84765547121899,73.665669120703285,76.38513932555145,Estimación adecuada
Naranjito,2000-2004,2,82.02786957174214,81.8926571446926,80.82944655060093,83.64790568667134,Estimación adecuada
Naranjito,2005-2009,1,75.97305227428454,76.27950497034477,75.16780976724837,77.23008300549986,Estimación adecuada
Naranjito,2005-2009,2,81.50399850212823,81.93400425343296,80.98082208742139,83.34129229415356,Estimación adecuada
Naranjito,2010-2014,1,78.20596950921357,77.55427104094073,76.71115305217273,78.7681550288166,Estimación adecuada
Naranjito,2010-2014,2,82.65441935713193,83.42683120048005,82.0882667683444,85.17188500783374,Estimación adecuada
Naranjito,2015-2019,1,79.79942567224485,79.50643848212144,78.43663953875455,80.64358503975532,Estimación adecuada
Naranjito,2015-2019,2,86.72388771081324,86.62094710835095,84.75882068677012,88.91256090987264,Estimación adecuada
Naranjito,2020-2024,1,76.58250173203984,77.60449756233342,76.56350182940969,78.63655103233359,Estimación adecuada
Naranjito,2020-2024,2,85.5864530860636,85.21521441349209,84.04354288303819,86.45251309017131,Estimación adecuada
Orocovis,1980-1984,1,73.68697408485414,73.50058007168201,72.10992334374382,74.7099944182315,Estimación adecuada
Orocovis,1980-1984,2,79.52890987399995,79.36584145679188,77.92052327924262,80.7254453993261,Estimación adecuada
Orocovis,1985-1989,1,72.86313442913975,72.73781795591896,71.44056352163929,73.79732208278763,Estimación adecuada
Orocovis,1985-1989,2,83.00284611084997,81.0800595731869,79.95713329214391,82.84729531649182,< e0 observado
Orocovis,1990-1994,1,70.6546043654978,71.4804001558584,70.38052821483673,72.61682595883518,Estimación adecuada
Orocovis,1990-1994,2,80.6362204849656,80.34972369168513,79.09300408077931,82.13947569521784,Estimación adecuada
Orocovis,1995-1999,1,73.67698769121861,73.15752696944834,72.09948042228021,74.22091060019723,Estimación adecuada
Orocovis,1995-1999,2,79.89715435282756,80.01812358573795,78.73769022429818,81.18973303678831,Estimación adecuada
Orocovis,2000-2004,1,74.30531059061678,74.20505527968861,73.1163670467911,75.56650569520858,Estimación adecuada
Orocovis,2000-2004,2,82.7682053865501,82.1816424038625,80.75857932844816,83.90247512748695,Estimación adecuada
Orocovis,2005-2009,1,75.65599075985115,75.59192585886315,74.59793296682776,76.73484857396605,Estimación adecuada
Orocovis,2005-2009,2,81.23465089468093,81.48352290566677,80.21118241520188,82.86459011881018,Estimación adecuada
Orocovis,2010-2014,1,78.72609688729915,77.69118394403435,76.52711269574746,78.89040973828776,Estimación adecuada
Orocovis,2010-2014,2,83.46032948812693,83.43190257786358,82.19460476082642,84.8526197513404,Estimación adecuada
Orocovis,2015-2019,1,78.31348130255999,78.20097185935191,77.04681153027191,79.50865600770085,Estimación adecuada
Orocovis,2015-2019,2,84.96910673692187,85.32283738876959,83.65434052750129,87.21306895006919,Estimación adecuada
Orocovis,2020-2024,1,77.80883766643083,78.39167908402482,77.32269159938602,79.57422484241216,Estimación adecuada
Orocovis,2020-2024,2,84.81893104480201,84.83885278834802,83.47123845387688,86.47921620808528,Estimación adecuada
Patillas,1980-1984,1,71.2919207839744,71.788846692414225,70.23232329171154,73.09087491727291,Estimación adecuada
Patillas,1980-1984,2,77.55331848134108,77.64065112717847,76.1964956206198,79.25709673919945,Estimación adecuada
Patillas,1985-1989,1,71.37552114824256,71.02639081341255,69.87443455989273,72.17009118202888,Estimación adecuada
Patillas,1985-1989,2,79.24042850774778,78.66345098026022,77.3900305955369,79.91957622194441,Estimación adecuada
Patillas,1990-1994,1,72.50760666915836,71.81636174926217,70.65836338182062,72.98896580198348,Estimación adecuada
Patillas,1990-1994,2,78.396020908419,78.30847233069252,77.19332824151562,79.92181976279412,Estimación adecuada
Patillas,1995-1999,1,71.16809015939647,71.51987579069592,70.10924036429108,72.56129260536495,Estimación adecuada
Patillas,1995-1999,2,78.52476688729733,78.20897263177737,76.95366203221448,79.21565374605336,Estimación adecuada
Patillas,2000-2004,1,73.84030571885792,73.42646728841736,72.5367771399462,74.99872391562403,Estimación adecuada
Patillas,2000-2004,2,80.28524555250978,80.54146857320734,79.43822675779555,82.02980291374057,Estimación adecuada
Patillas,2005-2009,1,74.71797456893655,74.47260653596095,73.47371737701631,75.46278220766646,Estimación adecuada
Patillas,2005-2009,2,82.37229150118687,81.770907478926,80.25127464037408,82.91112737257153,Estimación adecuada
Patillas,2010-2014,1,75.64302541877272,75.82388599794112,74.90516852449787,77.50204775809192,Estimación adecuada
Patillas,2010-2014,2,82.97344642216791,83.21003431020418,81.83066961011473,84.84125558543272,Estimación adecuada
Patillas,2015-2019,1,77.44243369136635,77.27624395882273,76.39340933204143,78.7927892442161,Estimación adecuada
Patillas,2015-2019,2,85.62464985032581,85.578889778758,84.19371421782442,87.6867319614191,Estimación adecuada
Patillas,2020-2024,1,75.4428131511174,76.51819395745395,75.46111990409005,77.5839755223739,> e0 observado
Patillas,2020-2024,2,83.73266646624228,85.47753661575081,84.10484889751936,87.1860602563159,> e0 observado
Penuelas,1980-1984,1,72.35786944424055,71.62362925311338,70.42288675236173,72.88424828014061,Estimación adecuada
Penuelas,1980-1984,2,77.42169553222374,77.52710161818521,76.40217323089968,79.03425641885407,Estimación adecuada
Penuelas,1985-1989,1,72.76539154925341,71.85034945311455,70.67040487760151,73.05996012885032,Estimación adecuada
Penuelas,1985-1989,2,78.26925344407194,78.06508765777485,76.94834250824277,79.53051733699397,Estimación adecuada
Penuelas,1990-1994,1,71.6518283419231,71.18020323429701,70.25626242824602,72.30722685860704,Estimación adecuada
Penuelas,1990-1994,2,78.09730287289996,78.06313291501408,77.10034806008049,79.32221333895544,Estimación adecuada
Penuelas,1995-1999,1,72.51086800891099,71.99509423960514,70.671516978759,73.0797817454596,Estimación adecuada
Penuelas,1995-1999,2,77.85186468595465,78.4327131063146,77.18686778129629,79.45449908255166,Estimación adecuada
Penuelas,2000-2004,1,73.06979986248778,72.99564025798651,71.98870506336802,74.10785376642175,Estimación adecuada
Penuelas,2000-2004,2,80.74681115313095,80.81584151133197,79.1599568227616,82.52743172248566,Estimación adecuada
Penuelas,2005-2009,1,74.32588415517951,74.22521355885789,73.28462664806489,75.3063292359632,Estimación adecuada
Penuelas,2005-2009,2,83.85447484865448,82.70315295310839,81.29835427117388,85.05444185582274,Estimación adecuada
Penuelas,2010-2014,1,77.2161868060379,76.87942249614514,75.57211889348139,78.33341155034077,Estimación adecuada
Penuelas,2010-2014,2,82.37054992803498,82.25763171072262,80.95498844859478,83.8493923851472,Estimación adecuada
Penuelas,2015-2019,1,76.94988280019332,76.7611658999804,75.62321413789297,78.0702119453598,Estimación adecuada
Penuelas,2015-2019,2,83.52991574696982,83.50727539012006,82.2359051784879,85.14354097892965,Estimación adecuada
Penuelas,2020-2024,1,78.19759662594926,77.4343257680727,76.28412717899369,78.57141937698115,Estimación adecuada
Penuelas,2020-2024,2,83.13779961346445,83.41560566859445,82.49096208051722,84.89914541412375,Estimación adecuada
Ponce,1980-1984,1,70.95163851465587,70.85714447832808,70.40208544937681,71.23752653419157,Estimación adecuada
Ponce,1980-1984,2,77.90393491985162,77.616913046213,77.03994498364594,78.27840443123947,Estimación adecuada
Ponce,1985-1989,1,68.92037207804252,69.11042800927687,68.61102698646542,69.57043217655513,Estimación adecuada
Ponce,1985-1989,2,77.3120135977883,77.26564173672483,76.88826542763594,77.795205484903,Estimación adecuada
Ponce,1990-1994,1,68.07009878068561,68.35139576697189,67.89342713362215,68.78533630391419,Estimación adecuada
Ponce,1990-1994,2,77.70322992022791,77.75033389345134,77.2229937223477,78.18038082791364,Estimación adecuada
Ponce,1995-1999,1,68.8945019576824,69.09354439928127,68.58955120159924,69.50713574625775,Estimación adecuada
Ponce,1995-1999,2,78.64616620265484,78.52613610806625,78.10636658393773,79.21641676727754,Estimación adecuada
Ponce,2000-2004,1,71.88287158339286,71.98974220320308,71.56912125421084,72.46594707268565,Estimación adecuada
Ponce,2000-2004,2,80.17053819569585,79.96760868074757,79.37657263110106,80.43185510363479,Estimación adecuada
Ponce,2005-2009,1,72.59239776230434,72.74394451929481,72.21710688531812,73.19811413698339,Estimación adecuada
Ponce,2005-2009,2,81.60505937401689,81.41218600537427,80.87588707728216,82.00073224802986,Estimación adecuada
Ponce,2010-2014,1,74.90584213235752,74.92074811608265,74.46028423806067,75.4230886263565,Estimación adecuada
Ponce,2010-2014,2,81.84526785237593,81.78004796244072,81.18285634620594,82.27383676627139,Estimación adecuada
Ponce,2015-2019,1,75.94818443525777,76.21608743934021,75.64602041394102,76.69192643694535,Estimación adecuada
Ponce,2015-2019,2,84.573600741168,84.46827186786827,83.77226322753492,85.1153778034946,Estimación adecuada
Ponce,2020-2024,1,76.11579149445392,76.16358868496367,75.58132427640206,76.67477503481129,Estimación adecuada
Ponce,2020-2024,2,84.14984563358192,83.80901177082151,83.23728462990368,84.63822676154996,Estimación adecuada
Quebradillas,1980-1984,1,71.5804748432608,71.63913871501731,70.40128477225883,72.45441185343608,Estimación adecuada
Quebradillas,1980-1984,2,79.23938165137665,78.48536120584102,77.10435848131931,79.80342663928025,Estimación adecuada
Quebradillas,1985-1989,1,70.63546474047975,70.92020292195241,69.84675582653482,71.9184454964051,Estimación adecuada
Quebradillas,1985-1989,2,77.80764334555457,77.5911156161838,76.60147071252555,78.70375311854144,Estimación adecuada
Quebradillas,1990-1994,1,72.04068810225141,71.72646185528598,70.31321969347418,72.63406527136813,Estimación adecuada
Quebradillas,1990-1994,2,79.32174470623532,78.74206316508537,77.54515952359591,79.72893754638517,Estimación adecuada
Quebradillas,1995-1999,1,72.62949799850028,71.82615117634103,70.81243461345957,72.89142378581748,Estimación adecuada
Quebradillas,1995-1999,2,78.8521877504248,78.8420789050013,77.58422122485699,80.079413448073,Estimación adecuada
Quebradillas,2000-2004,1,73.75120320482118,73.42772028251758,72.31186706800526,74.48527603879904,Estimación adecuada
Quebradillas,2000-2004,2,79.64696913052158,79.81078199244678,78.55550853434859,81.08063399720545,Estimación adecuada
Quebradillas,2005-2009,1,76.4702021217705,75.26661780450428,74.33057728598823,76.3906827748028,< e0 observado
Quebradillas,2005-2009,2,82.57479226170334,82.33332830334862,81.04709736848706,83.68191216924912,Estimación adecuada
Quebradillas,2010-2014,1,76.84416482352528,76.4210746585191,75.26505268516229,77.30832532579036,Estimación adecuada
Quebradillas,2010-2014,2,83.16432092953069,82.99285188539578,81.60966383392515,84.56010217711943,Estimación adecuada
Quebradillas,2015-2019,1,77.52581972834565,77.2405843454292,75.99776173735816,78.23066278945373,Estimación adecuada
Quebradillas,2015-2019,2,83.89036641680575,83.5567549316522,82.21641438663511,84.59515094364522,Estimación adecuada
Quebradillas,2020-2024,1,78.45741764289136,77.53930779552192,76.41048142152549,78.69499336836097,Estimación adecuada
Quebradillas,2020-2024,2,84.02514632890372,83.94831908048933,82.80883495324927,85.20512917901186,Estimación adecuada
Rincon,1980-1984,1,71.31036542846637,72.55359142666416,71.05430520376905,74.01701378849887,Estimación adecuada
Rincon,1980-1984,2,78.23121876259758,78.64060547656237,77.04914416805872,80.25180135911586,Estimación adecuada
Rincon,1985-1989,1,72.68195818723761,72.3052577742333,71.1455067373747,73.90756499023492,Estimación adecuada
Rincon,1985-1989,2,78.13112109379762,78.75224447706564,77.43612015179666,80.19844813232717,Estimación adecuada
Rincon,1990-1994,1,74.46482669947628,73.09395004845327,71.65303656401721,74.4714984707264,Estimación adecuada
Rincon,1990-1994,2,79.71875830965256,79.6064810024139,78.17881657781714,80.83504408420113,Estimación adecuada
Rincon,1995-1999,1,71.81900034746621,71.67212144335613,70.67960799976791,72.86990637790423,Estimación adecuada
Rincon,1995-1999,2,80.4078903895804,80.1403665566651,78.8333498135961,82.05043471205387,Estimación adecuada
Rincon,2000-2004,1,75.07948363707656,74.67438168508497,73.59029606174066,75.72175276663326,Estimación adecuada
Rincon,2000-2004,2,82.97798833076854,82.37765932893123,80.70442399788186,83.76912077498667,Estimación adecuada
Rincon,2005-2009,1,76.37954961336744,75.76492995001831,74.61712672257968,76.79597126100188,Estimación adecuada
Rincon,2005-2009,2,80.35621164685101,81.11918382521283,80.14395834241142,82.49952342092159,Estimación adecuada
Rincon,2010-2014,1,79.61051534555456,77.64613676231849,76.59839000164075,79.14873010546995,< e0 observado
Rincon,2010-2014,2,83.80210551828287,83.82948429512238,82.71484641673385,85.65567385345045,Estimación adecuada
Rincon,2015-2019,1,79.17285737161941,78.86685410550584,77.53429777289547,80.20039804167678,Estimación adecuada
Rincon,2015-2019,2,86.30943741112463,86.24327262680578,84.40850387801235,88.34645778580071,Estimación adecuada
Rincon,2020-2024,1,79.87445814115418,79.7603285014078,78.23194049967952,81.09494980320287,Estimación adecuada
Rincon,2020-2024,2,86.12132225159803,85.63595779715448,84.18698879583837,87.15409421362318,Estimación adecuada
Rio Grande,1980-1984,1,71.31055270884488,71.320455080398375,70.25247460090341,72.29861097641657,Estimación adecuada
Rio Grande,1980-1984,2,77.8338345029928,77.64059354133553,76.28419734949205,78.68003935516325,Estimación adecuada
Rio Grande,1985-1989,1,72.55792010168767,71.86534821968053,70.81954949981332,72.83948433756147,Estimación adecuada
Rio Grande,1985-1989,2,78.55898208748316,78.42201989088252,77.40268230573284,79.58509696449539,Estimación adecuada
Rio Grande,1990-1994,1,69.8066408540921,70.15845207703725,69.3463076826525,71.28009484597348,Estimación adecuada
Rio Grande,1990-1994,2,79.04176505901863,78.94946423898136,78.02850441298081,79.9642015875167,Estimación adecuada
Rio Grande,1995-1999,1,69.24216716509197,69.99192782982155,69.02486611567892,70.67422629736052,Estimación adecuada
Rio Grande,1995-1999,2,78.57122528721384,78.61434532592494,77.72128363475011,79.67153646344977,Estimación adecuada
Rio Grande,2000-2004,1,73.5987446256221,73.49317235916595,72.8387972319902,74.34097083035499,Estimación adecuada
Rio Grande,2000-2004,2,80.92764017417292,80.79255696449846,79.72420972599718,81.80608309098758,Estimación adecuada
Rio Grande,2005-2009,1,74.74267006153134,74.87543147803356,74.10869412026852,75.88127572671475,Estimación adecuada
Rio Grande,2005-2009,2,82.25371975622028,81.90881502827644,81.1012453808332,82.86846357234931,Estimación adecuada
Rio Grande,2010-2014,1,75.62464241200296,75.70660058742092,74.94690044648908,76.55615417929413,Estimación adecuada
Rio Grande,2010-2014,2,81.93516108938404,81.8503301068676,81.02081087659164,83.0415037112156,Estimación adecuada
Rio Grande,2015-2019,1,77.32038501383934,77.4652758672764,76.31048438687665,78.61127880553192,Estimación adecuada
Rio Grande,2015-2019,2,84.73128165771396,84.44982296973501,83.56637623175294,85.54976364845407,Estimación adecuada
Rio Grande,2020-2024,1,76.09079051682853,76.5058294565132,75.45208117043993,77.57756251524567,Estimación adecuada
Rio Grande,2020-2024,2,84.92626206233898,85.28996806233445,84.17570627612943,86.6667492783526,Estimación adecuada
Sabana Grande,1980-1984,1,72.94260252849719,71.83491221399333,70.61975937231193,73.05327905329835,Estimación adecuada
Sabana Grande,1980-1984,2,76.79030160326006,77.3588857306622,76.04686079283624,78.54324981645885,Estimación adecuada
Sabana Grande,1985-1989,1,72.60670516660508,72.05620276325763,71.00509644048503,73.14347925396478,Estimación adecuada
Sabana Grande,1985-1989,2,79.46020484114078,78.82285208971723,77.6926360791453,80.0622811205571,Estimación adecuada
Sabana Grande,1990-1994,1,71.96878186562466,71.43941286483383,70.60400066044747,72.50093158281803,Estimación adecuada
Sabana Grande,1990-1994,2,77.52973712888554,77.77893926446853,76.81210533859847,78.69523535231312,Estimación adecuada
Sabana Grande,1995-1999,1,72.42496764545729,71.79704258110931,70.62564224997291,72.82636358898563,Estimación adecuada
Sabana Grande,1995-1999,2,77.8549110688198,77.90489765602962,77.056404795644,78.91806330925809,Estimación adecuada
Sabana Grande,2000-2004,1,75.19081545433245,74.3204693974561,73.14452842088811,75.41354852764016,Estimación adecuada
Sabana Grande,2000-2004,2,80.10304388750191,80.61175617149698,79.37700433349791,82.35420518539266,Estimación adecuada
Sabana Grande,2005-2009,1,75.77699216646894,74.80501972198115,73.70052477056728,75.87828721307432,Estimación adecuada
Sabana Grande,2005-2009,2,80.72892003066303,81.09013523413188,79.74845576187909,82.63236773576794,Estimación adecuada
Sabana Grande,2010-2014,1,75.70526772953107,75.79288919134743,74.78673251807126,76.93165993659207,Estimación adecuada
Sabana Grande,2010-2014,2,83.3057418970242,82.95228036069557,81.72338303584229,84.51380793380991,Estimación adecuada
Sabana Grande,2015-2019,1,77.43470484017462,76.89063148011404,75.92999117371025,78.13039210306474,Estimación adecuada
Sabana Grande,2015-2019,2,83.12156944238525,83.15489268136834,82.089660602089893,84.24935186703777,Estimación adecuada
Sabana Grande,2020-2024,1,77.44105015726227,77.6161652617544,76.29812914697592,78.6795186243618,Estimación adecuada
Sabana Grande,2020-2024,2,83.44790990052292,84.42559883780768,83.33190108447246,85.76180860928379,Estimación adecuada
Salinas,1980-1984,1,69.34771587119822,69.83966272824523,68.8633906224805,70.79663594020585,Estimación adecuada
Salinas,1980-1984,2,77.00356882697933,77.15313782949531,75.77873738239168,78.32028223046636,Estimación adecuada
Salinas,1985-1989,1,67.8768913469486,68.86052310882093,67.8539056879371,69.94326590008556,Estimación adecuada
Salinas,1985-1989,2,76.51927305162637,76.73005484436914,75.78323785253663,77.71011307936993,Estimación adecuada
Salinas,1990-1994,1,69.60135801885075,70.08313316557442,69.01560001078786,71.1663865915518,Estimación adecuada
Salinas,1990-1994,2,77.16626361655916,77.66256569317125,76.59078557961436,78.64155999533412,Estimación adecuada
Salinas,1995-1999,1,69.29023548543516,69.51426468997069,68.64196771369674,70.45932224393735,Estimación adecuada
Salinas,1995-1999,2,79.22383445714814,78.86519935137653,77.84708628911332,79.80346904177782,Estimación adecuada
Salinas,2000-2004,1,73.10253328655585,73.01201215241296,72.03330962580688,74.32606351390268,Estimación adecuada
Salinas,2000-2004,2,80.52455994892824,80.25276702637804,79.27395244366829,81.43331509459513,Estimación adecuada
Salinas,2005-2009,1,73.52822440107285,73.6185935158326,72.57653365961346,74.82748018440287,Estimación adecuada
Salinas,2005-2009,2,80.63090066219925,80.85397956933903,79.54135922231373,82.03453022838008,Estimación adecuada
Salinas,2010-2014,1,75.47743944137984,75.59519064624519,74.450558264667393,76.48994912834172,Estimación adecuada
Salinas,2010-2014,2,83.23167940762168,83.25679097681125,81.80186492944925,84.47704702273964,Estimación adecuada
Salinas,2015-2019,1,77.96635541138743,77.58807362795066,76.57506195661648,79.00354677897579,Estimación adecuada
Salinas,2015-2019,2,85.02610562554052,84.70079519671367,83.49917626946356,86.24123354371639,Estimación adecuada
Salinas,2020-2024,1,77.2752335181164,77.13164753809498,75.96372962406163,78.00925801373265,Estimación adecuada
Salinas,2020-2024,2,85.43601257393142,84.930277311816,83.46139211721304,86.53374511457139,Estimación adecuada
San German,1980-1984,1,72.17155637189039,72.05786597167699,70.9533138240723,72.93212891748065,Estimación adecuada
San German,1980-1984,2,77.0812843420632,77.42129766898776,76.55958054940618,78.48738332857573,Estimación adecuada
San German,1985-1989,1,73.24578912339052,72.65624218303543,71.75270707928101,73.6641366809781,Estimación adecuada
San German,1985-1989,2,78.281715742411,78.06141905410843,77.05041105231822,79.07883034778233,Estimación adecuada
San German,1990-1994,1,72.47312065094486,71.96015447784887,71.00424051336046,72.72676611918837,Estimación adecuada
San German,1990-1994,2,78.88901019804139,79.06638451041279,78.27695531566346,80.36892137138713,Estimación adecuada
San German,1995-1999,1,74.17482678706043,73.42122237389484,72.55212609510133,74.34226775212261,Estimación adecuada
San German,1995-1999,2,78.52895052757144,78.98604055644623,77.90287510049994,80.0483879353176,Estimación adecuada
San German,2000-2004,1,75.40040785434385,74.74468227048425,73.97708264135204,75.9549150836369,Estimación adecuada
San German,2000-2004,2,81.07042973561371,81.12046297650929,79.8929068742953,82.19305465391955,Estimación adecuada
San German,2005-2009,1,75.89227383722931,75.4299157071026,74.45988001901526,76.30997576764007,Estimación adecuada
San German,2005-2009,2,81.35724022521588,81.71646922101105,80.42824905458733,82.88389985383836,Estimación adecuada
San German,2010-2014,1,77.09595528241658,76.45463815186812,75.65116047214745,77.11040613443404,Estimación adecuada
San German,2010-2014,2,81.95497572147197,82.44719952988225,81.6879299374863,83.57652643961097,Estimación adecuada
San German,2015-2019,1,79.14792857398798,78.10534134037317,77.18079553004264,78.97280446438069,< e0 observado
San German,2015-2019,2,84.0002365484052,84.26840243991393,83.34198204732957,85.4183981774178,Estimación adecuada
San German,2020-2024,1,78.13234571523579,77.58343813788613,76.54625709483219,78.6147524041116,Estimación adecuada
San German,2020-2024,2,83.15333884969452,83.7680421756335,82.79509144933297,84.79690988271112,Estimación adecuada
San Juan,1980-1984,1,68.53296805880613,68.61929212552087,68.27582852753167,68.97354997535652,Estimación adecuada
San Juan,1980-1984,2,78.41781325030587,78.27856368543891,77.8712459583262,78.66948928911451,Estimación adecuada
San Juan,1985-1989,1,67.17212517316179,67.30549881599197,66.8829482818171,67.72078863293055,Estimación adecuada
San Juan,1985-1989,2,78.70934229140379,78.61920178754556,78.30165665302425,78.96128767820252,Estimación adecuada
San Juan,1990-1994,1,64.70940097035052,64.94722126254683,64.61444198759844,65.24561835707306,Estimación adecuada
San Juan,1990-1994,2,78.53794951508831,78.59399116375866,78.27153494448805,78.95792386173028,Estimación adecuada
San Juan,1995-1999,1,67.09892384379134,67.27033231043652,66.93470530627349,67.61947610801096,Estimación adecuada
San Juan,1995-1999,2,79.54091321860172,79.56296247170928,79.17762115360497,79.85120815131864,Estimación adecuada
San Juan,2000-2004,1,71.1882392973574,71.28838677891407,70.92367974222623,71.59924029044952,Estimación adecuada
San Juan,2000-2004,2,81.92921875527303,81.80731361895373,81.47131752250539,82.28870807381648,Estimación adecuada
San Juan,2005-2009,1,72.69964876784017,72.7832770729326,72.41978744815941,73.1786429432506,Estimación adecuada
San Juan,2005-2009,2,82.46547999538443,82.3667371205728,81.95832847197266,82.867253966009,Estimación adecuada
San Juan,2010-2014,1,74.44529350870087,74.55006546096577,74.1929716766881,74.92845843977454,Estimación adecuada
San Juan,2010-2014,2,84.20463369793843,84.07880143018252,83.71788925277866,84.42666480765789,Estimación adecuada
San Juan,2015-2019,1,75.79825935426356,75.86460802714,75.49640114704519,76.2555830713601,Estimación adecuada
San Juan,2015-2019,2,85.20819741649419,85.18905300813125,84.73201898427968,85.64075980859026,Estimación adecuada
San Juan,2020-2024,1,75.09617765928651,75.22026760282762,74.86582186111306,75.6208385829917,Estimación adecuada
San Juan,2020-2024,2,85.57777113429813,85.41446430932689,84.93116416395758,85.83821682065289,Estimación adecuada
San Lorenzo,1980-1984,1,72.4269330696064,72.44536438911706,71.06145805106354,73.39403079201503,Estimación adecuada
San Lorenzo,1980-1984,2,78.47103642037956,78.37265397945538,77.33155626319868,79.61670011785662,Estimación adecuada
San Lorenzo,1985-1989,1,70.33185072656097,70.88951967165008,69.95777646474039,71.88472442328265,Estimación adecuada
San Lorenzo,1985-1989,2,79.4038927542163,78.80865465258186,77.90877550949476,79.97421824280151,Estimación adecuada
San Lorenzo,1990-1994,1,70.49063585980458,70.6568631390404,69.64931017796857,71.52916848109098,Estimación adecuada
San Lorenzo,1990-1994,2,79.42906403274269,79.0350409060692,77.97263122184259,80.10156413063208,Estimación adecuada
San Lorenzo,1995-1999,1,72.39291160482962,72.05319060675635,71.24630247185638,72.87310603108288,Estimación adecuada
San Lorenzo,1995-1999,2,78.56261721700943,78.53083605648195,77.43379391825877,79.84616444855753,Estimación adecuada
San Lorenzo,2000-2004,1,73.59466919977362,73.6991694847911,72.78454652251145,74.62568715637283,Estimación adecuada
San Lorenzo,2000-2004,2,81.14875504017051,80.95859356054487,80.21665348959104,82.15313280485941,Estimación adecuada
San Lorenzo,2005-2009,1,75.07421835227707,74.90558186051122,74.00546192016196,75.78908083456909,Estimación adecuada
San Lorenzo,2005-2009,2,82.06471302858854,81.69690677158901,80.77503169598958,82.78181739887152,Estimación adecuada
San Lorenzo,2010-2014,1,76.50254306599682,76.6147705164033,75.50389881691576,77.60517517380276,Estimación adecuada
San Lorenzo,2010-2014,2,83.9183271335132,83.30071771146353,82.1352695649991,84.49211171263997,Estimación adecuada
San Lorenzo,2015-2019,1,77.43176974248165,77.95491193804372,76.66116582785988,79.34956053698423,Estimación adecuada
San Lorenzo,2015-2019,2,85.92248006512409,85.4926994376329,84.31878831397788,86.75408337828412,Estimación adecuada
San Lorenzo,2020-2024,1,77.62523479934367,77.78535428814632,76.72929017846823,78.91374926131346,Estimación adecuada
San Lorenzo,2020-2024,2,84.55625634680975,84.35800275125658,83.22070123852512,85.29031324604355,Estimación adecuada
San Sebastian,1980-1984,1,73.33683627750408,72.73074324095167,72.08229219126791,73.68602639320439,Estimación adecuada
San Sebastian,1980-1984,2,77.39216900594447,77.5908187086911,76.40101312241947,78.61891843330164,Estimación adecuada
San Sebastian,1985-1989,1,71.54106439345284,71.81951702412877,70.75797473765041,72.82972119764857,Estimación adecuada
San Sebastian,1985-1989,2,78.32567842249966,78.4309360505409,77.41751453059331,79.3727691717373,Estimación adecuada
San Sebastian,1990-1994,1,72.72006609308197,72.28046344228821,71.44764645774927,73.32518428863818,Estimación adecuada
San Sebastian,1990-1994,2,78.61121244043503,78.69594971981799,77.99671554973978,79.68457552464575,Estimación adecuada
San Sebastian,1995-1999,1,73.29080325081594,72.8319840607972,72.13764915711548,73.61581241510686,Estimación adecuada
San Sebastian,1995-1999,2,79.73176179097116,79.42952095209748,78.59205933525664,80.20139121356118,Estimación adecuada
San Sebastian,2000-2004,1,74.89792147656362,74.49031144392032,73.72064398444016,75.45302150698217,Estimación adecuada
San Sebastian,2000-2004,2,80.32263567678552,80.30390226892348,79.51065032188907,81.35254922085288,Estimación adecuada
San Sebastian,2005-2009,1,76.73740203137386,76.06604775461993,75.16803113593454,76.88440672214537,Estimación adecuada
San Sebastian,2005-2009,2,81.1692904566309,81.05863399730242,80.18872700141812,81.98233568580619,Estimación adecuada
San Sebastian,2010-2014,1,76.69546237928682,76.47884498462356,75.53552373516357,77.22928433018214,Estimación adecuada
San Sebastian,2010-2014,2,83.16134686711862,82.8699910442599,81.84535239580163,83.85614283791317,Estimación adecuada
San Sebastian,2015-2019,1,79.1178099470019,78.46987376168306,77.59936484207932,79.21451662123306,Estimación adecuada
San Sebastian,2015-2019,2,84.22340952689646,84.09259606473933,83.09177839130379,85.09758208932016,Estimación adecuada
San Sebastian,2020-2024,1,78.24142492610734,77.79986503309856,77.1315201845791,78.59888713980831,Estimación adecuada
San Sebastian,2020-2024,2,84.23065748606743,84.2744189855461,83.24527831150294,85.4447105965818,Estimación adecuada
Santa Isabel,1980-1984,1,69.7275677276356,69.29918618523755,68.44137605148278,70.43015572870713,Estimación adecuada
Santa Isabel,1980-1984,2,77.7763438904047,77.25009843245607,75.73706136509631,78.78625421575093,Estimación adecuada
Santa Isabel,1985-1989,1,69.23817247335977,69.55105890752098,68.54918897121195,70.76236975575188,Estimación adecuada
Santa Isabel,1985-1989,2,76.67908928126376,76.59559325096669,75.2783750371524,78.03611732388615,Estimación adecuada
Santa Isabel,1990-1994,1,66.65679986192234,68.058991423003,67.0839719685846,69.3703313324184,> e0 observado
Santa Isabel,1990-1994,2,76.1627447017844,76.90315152040854,75.54138492771867,78.16651679000549,Estimación adecuada
Santa Isabel,1995-1999,1,68.83610956762453,69.33538822843201,68.19394011613672,70.24140257063851,Estimación adecuada
Santa Isabel,1995-1999,2,77.73152078827611,77.47818766444095,76.48100790520644,79.03836877773537,Estimación adecuada
Santa Isabel,2000-2004,1,69.45419232564782,70.78132714212038,69.82079012215576,71.79935363972032,> e0 observado
Santa Isabel,2000-2004,2,79.11209035669054,79.16441103208501,78.02702995240791,80.41019585491,Estimación adecuada
Santa Isabel,2005-2009,1,72.31479005793592,72.59676331955862,71.4398085523826,73.8432871560005,Estimación adecuada
Santa Isabel,2005-2009,2,81.59418713189359,81.2607946982,79.91769975732805,83.00677558774046,Estimación adecuada
Santa Isabel,2010-2014,1,74.62174299181575,75.18412013484128,73.86632971967532,76.39008983968785,Estimación adecuada
Santa Isabel,2010-2014,2,81.81631250475374,81.24368008882963,79.94180772658481,82.49431312044743,Estimación adecuada
Santa Isabel,2015-2019,1,75.10553816345772,75.2960405286293,74.1465421975117,76.47646569502683,Estimación adecuada
Santa Isabel,2015-2019,2,85.04929628842375,83.94141541495807,82.37050086958715,85.10853792108202,Estimación adecuada
Santa Isabel,2020-2024,1,74.53124138847393,75.0853359930046,74.039413441166,76.09443788535651,Estimación adecuada
Santa Isabel,2020-2024,2,83.31177822878875,83.03731500347097,81.91513269694285,84.36759353954102,Estimación adecuada
Toa Alta,1980-1984,1,74.8830856005072,74.21397601823571,72.77139188224064,75.65784940380618,Estimación adecuada
Toa Alta,1980-1984,2,77.90618677933547,78.72527517175165,77.46029232355865,80.21553168883241,Estimación adecuada
Toa Alta,1985-1989,1,72.95726224514657,72.96431823114088,71.61251824867398,73.99753556987324,Estimación adecuada
Toa Alta,1985-1989,2,81.13925929884047,80.81672209096027,79.5436522848112,82.28602606511664,Estimación adecuada
Toa Alta,1990-1994,1,73.42887184415189,73.2741688670754,72.536569344471,74.2953364583775,Estimación adecuada
Toa Alta,1990-1994,2,79.53507742661205,79.79048705771439,78.84352907418413,80.87186185485984,Estimación adecuada
Toa Alta,1995-1999,1,73.12825061550112,73.09378860867488,72.23106525702019,74.27940531356552,Estimación adecuada
Toa Alta,1995-1999,2,80.88771225273739,80.64601998876476,79.81100656485728,81.69183778616599,Estimación adecuada
Toa Alta,2000-2004,1,75.20122641401855,75.09121620479816,74.26027195779471,76.05657035240343,Estimación adecuada
Toa Alta,2000-2004,2,81.33505965208538,81.53785517532295,80.66874743115747,82.72943495795124,Estimación adecuada
Toa Alta,2005-2009,1,77.25808536131703,77.21907346218084,76.20186565365091,78.16161628925263,Estimación adecuada
Toa Alta,2005-2009,2,83.45975745150935,83.32840783219228,82.39292827057935,84.45368650951806,Estimación adecuada
Toa Alta,2010-2014,1,77.617438844306065,77.73246690776283,76.92494626034701,78.37921491847726,Estimación adecuada
Toa Alta,2010-2014,2,84.59193836320182,84.34867806942219,83.55300893623239,85.42104768382445,Estimación adecuada
Toa Alta,2015-2019,1,79.44012262836311,79.43918601943457,78.65040485221368,80.43925462223316,Estimación adecuada
Toa Alta,2015-2019,2,84.21287299648571,84.30601501227312,83.53563238855696,85.5733007719136,Estimación adecuada
Toa Alta,2020-2024,1,79.32715713141147,79.2237483364963,78.54467047483931,80.27533499921276,Estimación adecuada
Toa Alta,2020-2024,2,85.92609855770323,85.39771157763494,84.55368783007178,86.44742651204606,Estimación adecuada
Toa Baja,1980-1984,1,72.82833976912103,72.49061092972579,71.82356914550152,73.37595675741008,Estimación adecuada
Toa Baja,1980-1984,2,79.03893803233984,78.61193735228788,77.6726444327561,79.5173100346012,Estimación adecuada
Toa Baja,1985-1989,1,71.09171108702432,71.26223451429055,70.5330929635936,71.91389787258302,Estimación adecuada
Toa Baja,1985-1989,2,79.17713173148333,78.99592429185908,78.22679545676456,79.56000619644459,Estimación adecuada
Toa Baja,1990-1994,1,69.55070432606276,69.94495592379668,69.26605351521678,70.62270423392087,Estimación adecuada
Toa Baja,1990-1994,2,78.53439715581091,78.41277222925513,77.67320069983842,78.97218281754057,Estimación adecuada
Toa Baja,1995-1999,1,71.02389397781576,71.26646813530652,70.45315625890692,71.94263920279406,Estimación adecuada
Toa Baja,1995-1999,2,80.35817914633549,79.9289269732559,79.24939558482183,80.5118142289381,Estimación adecuada
Toa Baja,2000-2004,1,73.3130761935651,73.46951098071432,72.77176655894507,74.3188879648018,Estimación adecuada
Toa Baja,2000-2004,2,81.24641875534006,81.0606473136647,80.4114007820246,81.81979549470961,Estimación adecuada
Toa Baja,2005-2009,1,73.9336800218148,74.07188139198325,73.49459633321504,74.91317375022965,Estimación adecuada
Toa Baja,2005-2009,2,81.2918522418654,81.20498042307898,80.61377884345109,81.97361160221323,Estimación adecuada
Toa Baja,2010-2014,1,75.63234922554784,75.81341105511032,75.04362482225031,76.69141561824483,Estimación adecuada
Toa Baja,2010-2014,2,83.19276198853512,83.14101114269448,82.23532132431538,83.95697789993676,Estimación adecuada
Toa Baja,2015-2019,1,77.0796431176242,77.19836223572895,76.42241066620998,78.08433966967223,Estimación adecuada
Toa Baja,2015-2019,2,85.28768156374481,85.22986734960467,84.35224643932355,86.0720225557273,Estimación adecuada
Toa Baja,2020-2024,1,76.06866784040614,76.31966962976318,75.64185071151158,77.07684180490287,Estimación adecuada
Toa Baja,2020-2024,2,84.82502560819063,84.81518422605969,83.87882204452796,85.6294490495438,Estimación adecuada
Trujillo Alto,1980-1984,1,73.8807661516517,73.84720577713104,72.91924077742095,74.81721374070372,Estimación adecuada
Trujillo Alto,1980-1984,2,80.45848591811597,80.04335336332258,79.11165106928766,81.42113957155655,Estimación adecuada
Trujillo Alto,1985-1989,1,72.91759611684925,73.06001184527557,72.18553569211647,74.11481959199492,Estimación adecuada
Trujillo Alto,1985-1989,2,81.01563083839561,80.5762679656914,79.4340325646734,81.6322563835875,Estimación adecuada
Trujillo Alto,1990-1994,1,72.6023641348921,72.73014681274202,71.86798019134518,73.54425178120063,Estimación adecuada
Trujillo Alto,1990-1994,2,79.85175886432305,79.84834472342746,79.01193711825715,80.73431957978713,Estimación adecuada
Trujillo Alto,1995-1999,1,72.41162116159781,72.68763002162032,71.97932484130767,73.46907219229337,Estimación adecuada
Trujillo Alto,1995-1999,2,81.19162622930031,80.8431254029212,79.93675614660913,81.63058582765757,Estimación adecuada
Trujillo Alto,2000-2004,1,74.68446388601943,74.86288051759084,74.22730179552602,75.66150111531803,Estimación adecuada
Trujillo Alto,2000-2004,2,83.41194987282269,83.20688276327579,82.04416499432827,84.15234321540721,Estimación adecuada
Trujillo Alto,2005-2009,1,75.81610434260868,75.99296511263992,75.16291507585389,76.64799098307898,Estimación adecuada
Trujillo Alto,2005-2009,2,83.84316698522537,83.53938642051257,82.7287619167376,84.29723007626893,Estimación adecuada
Trujillo Alto,2010-2014,1,77.88979650864401,77.8224211018061,76.92558999163614,78.8864505165498,Estimación adecuada
Trujillo Alto,2010-2014,2,85.28937280458358,84.87793337885728,84.05682849278875,85.90716901104545,Estimación adecuada
Trujillo Alto,2015-2019,1,79.53728233113502,79.46357340749614,78.57361224860736,80.3642777656008,Estimación adecuada
Trujillo Alto,2015-2019,2,86.3543330403018,86.1763336265419,85.29620041065138,87.58447730722762,Estimación adecuada
Trujillo Alto,2020-2024,1,78.39208683519212,78.60948994280828,77.74251013834157,79.46434783289138,Estimación adecuada
Trujillo Alto,2020-2024,2,86.16954614436371,85.81938838716269,84.93357716919277,86.73643558211009,Estimación adecuada
Utuado,1980-1984,1,72.77455758364391,72.74725297480532,71.6418047719141,73.87100160638175,Estimación adecuada
Utuado,1980-1984,2,78.22725510627389,78.30747438980754,77.29112748676968,79.21129604799467,Estimación adecuada
Utuado,1985-1989,1,72.49241351300115,72.38383777398771,71.57977463281117,73.55052260232915,Estimación adecuada
Utuado,1985-1989,2,78.55971933281445,78.5244707843832,77.40030454483221,79.41180566796359,Estimación adecuada
Utuado,1990-1994,1,73.58027996114916,72.86659346562647,71.91465456618592,73.97850819895882,Estimación adecuada
Utuado,1990-1994,2,79.15999314000904,78.92493784615161,77.9990310923312,79.95315150049015,Estimación adecuada
Utuado,1995-1999,1,73.56681994998524,72.76165715664175,71.94292218034397,73.46887626241775,< e0 observado
Utuado,1995-1999,2,79.75811291705193,79.35636179629452,78.02364801988813,80.3373447397436,Estimación adecuada
Utuado,2000-2004,1,75.66609210920785,74.82126192083663,73.69100089919023,75.62286941471788,< e0 observado
Utuado,2000-2004,2,80.85296661933371,81.00756258897448,80.0020159790771,81.95047449320472,Estimación adecuada
Utuado,2005-2009,1,74.96306439444312,74.96039429344097,73.9157082184403,75.98914227784994,Estimación adecuada
Utuado,2005-2009,2,81.95177865789455,82.02988651426983,80.91327990162085,83.19606149508951,Estimación adecuada
Utuado,2010-2014,1,76.45438665507136,76.00959350470838,75.01824154005467,76.82715795641406,Estimación adecuada
Utuado,2010-2014,2,83.96232047500072,83.56075895700305,82.20089816369185,84.8958800426117,Estimación adecuada
Utuado,2015-2019,1,79.0189703608258,78.95694882634115,77.84346679518012,79.79771308364889,Estimación adecuada
Utuado,2015-2019,2,85.5118737413184,85.05399536790958,83.69007810951622,86.12705146448313,Estimación adecuada
Utuado,2020-2024,1,80.22889535833663,79.2627971727123,78.04084482206913,79.9224353031496,< e0 observado
Utuado,2020-2024,2,86.24989014279643,85.44068262997718,84.00927900677961,86.6049514060196,Estimación adecuada
Vega Alta,1980-1984,1,73.54933326191107,73.00195374896933,72.09611954332328,74.26238747316243,Estimación adecuada
Vega Alta,1980-1984,2,78.25469326095431,78.54022514672093,77.32431551156807,80.00617727322879,Estimación adecuada
Vega Alta,1985-1989,1,72.05535344696615,72.33015205223656,71.293363532429,73.44570484513706,Estimación adecuada
Vega Alta,1985-1989,2,78.15985935324002,78.51332417118685,77.35904623605717,79.49118089514224,Estimación adecuada
Vega Alta,1990-1994,1,70.24052329679134,70.83300552548971,69.71648787662676,71.82799916882,Estimación adecuada
Vega Alta,1990-1994,2,79.51462054686016,79.52197320281434,78.48001277591479,80.6332654003715,Estimación adecuada
Vega Alta,1995-1999,1,71.54816531304111,71.82756623927801,70.97820021298071,72.74200587223302,Estimación adecuada
Vega Alta,1995-1999,2,79.34051049480365,79.34064765913921,78.51583818468453,80.22979743659786,Estimación adecuada
Vega Alta,2000-2004,1,74.10875011525926,74.15494011302177,73.30969927878195,75.30565942761997,Estimación adecuada
Vega Alta,2000-2004,2,81.98636550598057,81.73733099264899,80.39608144775733,82.8923845435649,Estimación adecuada
Vega Alta,2005-2009,1,74.49742104581102,74.92425971221947,73.83972958490136,75.84519041359835,Estimación adecuada
Vega Alta,2005-2009,2,82.79578771576239,82.57870183611931,81.50700705365075,83.46860931742606,Estimación adecuada
Vega Alta,2010-2014,1,76.95585105473053,76.85577709791666,75.95416168301679,77.69291260943345,Estimación adecuada
Vega Alta,2010-2014,2,84.70771205138385,84.26501779604914,82.96918478419977,85.60643267489448,Estimación adecuada
Vega Alta,2015-2019,1,79.09002086085074,78.57397278212656,77.62771680232842,79.58436591642592,Estimación adecuada
Vega Alta,2015-2019,2,84.78023321458953,84.6718953286944,83.84154224181866,85.85694473925078,Estimación adecuada
Vega Alta,2020-2024,1,79.13203080104806,78.852540480606,77.63737227218934,79.91563988159515,Estimación adecuada
Vega Alta,2020-2024,2,86.55489338482076,85.88942111188666,84.62405218017514,87.48589900279597,Estimación adecuada
Vega Baja,1980-1984,1,72.17472574689376,72.02968490113359,70.70048005208305,72.7853059524794,Estimación adecuada
Vega Baja,1980-1984,2,77.4559969407079,77.2156214049684,76.33906241855321,78.24961146345166,Estimación adecuada
Vega Baja,1985-1989,1,71.32919645334727,71.31684193725235,70.65461248310285,72.19054759662188,Estimación adecuada
Vega Baja,1985-1989,2,78.37255208308184,78.29048320581592,77.49081990948422,79.15835555989267,Estimación adecuada
Vega Baja,1990-1994,1,69.34239102427848,69.7004602922994,68.8818790234813,70.31572691459527,Estimación adecuada
Vega Baja,1990-1994,2,79.817128530258,79.4834005346961,78.57752119976635,80.54341377043953,Estimación adecuada
Vega Baja,1995-1999,1,69.80129928554581,70.11683250441334,69.4611893445976,70.87184964082631,Estimación adecuada
Vega Baja,1995-1999,2,78.73855584436625,78.45836037487544,77.78108950616303,79.2149950330267,Estimación adecuada
Vega Baja,2000-2004,1,71.71281396652603,72.08114595363202,71.3097935296536,72.7518942568704,Estimación adecuada
Vega Baja,2000-2004,2,80.83940501884719,80.35586929386015,79.63185950261243,81.22701900707884,Estimación adecuada
Vega Baja,2005-2009,1,73.49107576558887,73.76721822096903,72.96458786718834,74.49487872296005,Estimación adecuada
Vega Baja,2005-2009,2,81.56225378359265,81.35151090755335,80.41712533910012,82.21912679606251,Estimación adecuada
Vega Baja,2010-2014,1,75.67293352681041,75.74675433003148,74.89582315689688,76.3356824739865,Estimación adecuada
Vega Baja,2010-2014,2,82.83225536608914,82.43847137073614,81.46989875420417,83.35661570077878,Estimación adecuada
Vega Baja,2015-2019,1,77.17186219895375,77.03344233064351,76.22055749241329,77.77413519738008,Estimación adecuada
Vega Baja,2015-2019,2,85.55300741129905,85.16856280889618,84.21130394137299,86.25013808464969,Estimación adecuada
Vega Baja,2020-2024,1,76.1343018706242,76.5496984052624,75.81174812344187,77.5485069112163,Estimación adecuada
Vega Baja,2020-2024,2,85.01178406884422,84.33940088895073,83.31603052501993,85.32682122926369,Estimación adecuada
Vieques,1980-1984,1,68.44199950691872,69.3453156132895,68.09563785352896,70.77015838980361,Estimación adecuada
Vieques,1980-1984,2,79.82881030409467,77.33750674625156,75.90838383688012,79.09493082129788,< e0 observado
Vieques,1985-1989,1,68.91887213110078,69.03579243163216,67.86141900719048,70.23844546776692,Estimación adecuada
Vieques,1985-1989,2,76.64055553721266,77.03385992268724,75.6451246083655,78.44768425466879,Estimación adecuada
Vieques,1990-1994,1,70.56388701195755,69.7517102994685,68.09620075374355,71.16534059081073,Estimación adecuada
Vieques,1990-1994,2,75.61141239304688,76.59729713176822,75.07900913576037,78.09410657694303,Estimación adecuada
Vieques,1995-1999,1,67.1661520645474,68.66132247383993,67.14745202289245,69.91147681047816,Estimación adecuada
Vieques,1995-1999,2,77.66760098100364,78.14331855553435,76.65145681760218,79.55414232505477,Estimación adecuada
Vieques,2000-2004,1,71.06219249587082,71.56615377902625,70.251201350748,72.84561830272037,Estimación adecuada
Vieques,2000-2004,2,79.94564055883934,79.9599831320175,78.49537829927371,81.40181520101807,Estimación adecuada
Vieques,2005-2009,1,71.86562241202773,72.88136996539941,71.57839820006048,74.18803660219606,Estimación adecuada
Vieques,2005-2009,2,82.1662176624026,81.23596006453778,79.29748761188294,83.34671115371654,Estimación adecuada
Vieques,2010-2014,1,72.38693885614644,74.32610054872144,72.7875807989411,75.48837117692877,> e0 observado
Vieques,2010-2014,2,82.20083674525317,82.24513465059712,80.52776933296259,83.91475530411216,Estimación adecuada
Vieques,2015-2019,1,75.48771486205818,76.08907600316181,74.59752366970326,78.03393028569153,Estimación adecuada
Vieques,2015-2019,2,85.60400958844578,84.14969573250502,82.09069279667165,86.46415516184885,Estimación adecuada
Vieques,2020-2024,1,70.30670126441383,75.03457015267611,73.61740659976375,76.87452160267935,> e0 observado
Vieques,2020-2024,2,82.77316856062777,82.60640576621006,81.27426802320372,84.46176288010022,Estimación adecuada
Villalba,1980-1984,1,71.31481633801816,71.54004417546122,70.26194886589863,72.75304646831623,Estimación adecuada
Villalba,1980-1984,2,77.35744616187003,78.1103929031147,76.74636660782451,79.16054726528276,Estimación adecuada
Villalba,1985-1989,1,70.6812298941124,71.29597056745698,70.10721153352486,72.35237449634266,Estimación adecuada
Villalba,1985-1989,2,78.13907330956457,78.34703087103188,77.01922290729925,79.63634888088075,Estimación adecuada
Villalba,1990-1994,1,72.3498469286644,71.58942659085879,70.58155907081311,72.67372692691183,Estimación adecuada
Villalba,1990-1994,2,79.32972359168376,79.06564320172194,77.64372104389471,80.51988896374974,Estimación adecuada
Villalba,1995-1999,1,74.12665072351581,72.837337943599,71.633071260972,73.82925156206736,< e0 observado
Villalba,1995-1999,2,79.94095261032773,79.74453802882161,78.44267466159587,80.81216739738313,Estimación adecuada
Villalba,2000-2004,1,75.24588138203707,74.82990513987063,73.78766676560687,75.60438430783601,Estimación adecuada
Villalba,2000-2004,2,81.24189158745828,80.79965468374695,79.69367931243545,82.3514857503524,Estimación adecuada
Villalba,2005-2009,1,75.22194783512565,75.24412566941106,74.16585389249981,76.2222529323261,Estimación adecuada
Villalba,2005-2009,2,82.367985821704,82.10706039467578,80.9807332698941,83.59250785835883,Estimación adecuada
Villalba,2010-2014,1,77.8383761040004,76.6882694598549,75.62054240990848,77.66253086628674,< e0 observado
Villalba,2010-2014,2,82.38109633625453,82.47484298829576,81.38707401506996,84.0485167424756,Estimación adecuada
Villalba,2015-2019,1,77.83504649286682,77.58860138185568,76.65323794805263,78.35825218184267,Estimación adecuada
Villalba,2015-2019,2,84.05820533092681,84.16612763967497,82.87739035142997,85.59397370334095,Estimación adecuada
Villalba,2020-2024,1,77.24232552482839,77.14317008534098,76.02382045663339,78.30205679395104,Estimación adecuada
Villalba,2020-2024,2,85.36972299365041,85.56110544970022,84.0778837104071,86.93650789094295,Estimación adecuada
Yabucoa,1980-1984,1,71.13885114874819,71.26601230349698,70.38039113565372,72.09699713961714,Estimación adecuada
Yabucoa,1980-1984,2,77.69784172893796,77.76391431374313,76.77498556827041,78.9257795366851,Estimación adecuada
Yabucoa,1985-1989,1,71.6497165141789,71.80048046768454,70.89205214487612,72.8136049620679,Estimación adecuada
Yabucoa,1985-1989,2,78.71247157491743,78.52792730761064,77.56289173091923,79.66607740380786,Estimación adecuada
Yabucoa,1990-1994,1,72.18368470754862,71.84556534625781,70.90389169494998,72.60670957380057,Estimación adecuada
Yabucoa,1990-1994,2,78.65582186258791,78.67550280339165,77.69839842348073,79.89936263880946,Estimación adecuada
Yabucoa,1995-1999,1,70.61759581589234,70.94568801826291,70.20639374079764,71.78916641315324,Estimación adecuada
Yabucoa,1995-1999,2,79.25053941807832,79.15180152906223,78.26818834358431,80.01808101621943,Estimación adecuada
Yabucoa,2000-2004,1,74.67500524731325,74.50195165890909,73.40912444031488,75.52311630871077,Estimación adecuada
Yabucoa,2000-2004,2,81.74191284227646,81.50137567769787,80.35614271929919,82.65701692545349,Estimación adecuada
Yabucoa,2005-2009,1,74.52109913218256,74.75615863886355,74.00195152297498,75.61986282006677,Estimación adecuada
Yabucoa,2005-2009,2,83.07308125246723,82.65875068127147,81.49671780210531,84.52745485278174,Estimación adecuada
Yabucoa,2010-2014,1,75.57434879024864,76.05743829661738,75.1639405797805,77.0307058070722,Estimación adecuada
Yabucoa,2010-2014,2,82.0382545268585,82.46416087901875,81.17156814829583,83.67515383801572,Estimación adecuada
Yabucoa,2015-2019,1,77.58753133123862,78.10783827147628,77.11821059708127,79.09265564904581,Estimación adecuada
Yabucoa,2015-2019,2,86.1265699532434,85.69935352392011,84.09329875689528,87.04844763965356,Estimación adecuada
Yabucoa,2020-2024,1,75.78194920338815,77.12786216661803,76.20554652738414,78.25509880127015,> e0 observado
Yabucoa,2020-2024,2,85.25611674355481,84.91341497250575,83.71488261996372,86.18265506571944,Estimación adecuada
Yauco,1980-1984,1,71.51456720078431,71.09068759053946,70.22288081209446,71.95728119616328,Estimación adecuada
Yauco,1980-1984,2,77.4589640282646,77.54860812740917,76.35854060807989,78.51429361603292,Estimación adecuada
Yauco,1985-1989,1,69.95040254168732,70.11348902858622,69.29611874970092,70.93029985996105,Estimación adecuada
Yauco,1985-1989,2,77.60208552265917,77.466849602546,76.53418852281322,78.38632963303901,Estimación adecuada
Yauco,1990-1994,1,71.7335324052013,71.28418636531372,70.4558421966652,72.12018114092635,Estimación adecuada
Yauco,1990-1994,2,78.49054698828598,78.16340984554202,77.23775443930398,79.0540973364143,Estimación adecuada
Yauco,1995-1999,1,72.03051290197796,71.6758251647898,70.8775409057034,72.62899179264025,Estimación adecuada
Yauco,1995-1999,2,79.29391771380651,78.81754258836332,78.02986701844506,79.71632303773715,Estimación adecuada
Yauco,2000-2004,1,72.97803149863371,73.01392373710921,72.24349094042205,74.12970282353666,Estimación adecuada
Yauco,2000-2004,2,79.24854846213276,79.34720627009312,78.62077407765474,80.26267691305586,Estimación adecuada
Yauco,2005-2009,1,73.24138587908658,73.59694405747268,72.62553151263728,74.44984949930122,Estimación adecuada
Yauco,2005-2009,2,80.5594161821005,80.71387719024852,79.65659315380678,81.55516702805151,Estimación adecuada
Yauco,2010-2014,1,75.57887719653512,75.56082614214435,74.75170713050048,76.31571728085171,Estimación adecuada
Yauco,2010-2014,2,81.76032266455593,81.82280437925229,81.04324031909809,82.73353607437048,Estimación adecuada
Yauco,2015-2019,1,77.43223226793361,77.38020661052053,76.27682223810258,78.18390221858436,Estimación adecuada
Yauco,2015-2019,2,82.51620418595085,83.20221748429576,82.32382320787003,84.25593152006874,Estimación adecuada
Yauco,2020-2024,1,75.94482006846164,76.35081203144433,75.50301885400833,77.22490270004906,Estimación adecuada
Yauco,2020-2024,2,83.86986937855978,83.2670413166984,82.31816691340705,84.47040673509997,Estimación adecuada
