reg_code	age	include_code	1980	1985	1990	1995	2000	2005	2010	2015	2020
72001	0-4	2	0.00439404458071465	0.00302947192470402	0.00311829933724221	0.0035826413357521	0.00280829915898687	0.00213940114182026	0.00230957361505331	0.00220525998918818	0.00231189636034736
72001	5-9	2	0.000203713980534218	0.000230595008371367	0.000228064784043091	0.000212775565671411	0.000190375055042194	0.000171182970029769	0.000164904734447446	0.0001435075156308	0.000148974503403986
72001	10-14	2	0.000270891083793506	0.00029301879885067	0.000290410098751137	0.000270568776127209	0.00021946446952549	0.000207773880089802	0.000190450224687957	0.00017485713446618	0.000181434448838015
72001	15-19	2	0.00101289342844853	0.00085385878611206	0.000887737108237442	0.000983846383033648	0.000821859174021683	0.000716616912028232	0.000613253967537201	0.000631022420939719	0.000598011065951266
72001	20-24	2	0.0013912155280639	0.00160821277736299	0.00159667617188406	0.00163413474899095	0.0013653244164361	0.00148467459343637	0.00106331737320695	0.00110078183731268	0.00114997042625394
72001	25-29	2	0.00181889299510047	0.00230405224835356	0.0022819433138562	0.00247744608513727	0.00172358533994426	0.00167180881484086	0.00158250710002925	0.00150416301352834	0.00149698467135361
72001	30-34	2	0.00223895668389001	0.00253981815201231	0.00269672497664515	0.00307243364130382	0.00208658582576196	0.0019201895730131	0.00184412220340136	0.00217977122238389	0.00161774501802371
72001	35-39	2	0.0028107559168135	0.00368830668935402	0.00381796719903561	0.00294181522793948	0.00262331572465534	0.0024691483179094	0.00233741659214679	0.00184049525644452	0.00201128825106555
72001	40-44	2	0.00360167373191583	0.00427094001324718	0.00448207236979066	0.00394850809819431	0.0030302578845424	0.00364051147377208	0.00246311207285391	0.00271168029861861	0.00263377076176394
72001	45-49	2	0.00555828150664786	0.00557641500674508	0.00546719896507076	0.00472127869867581	0.00385961475489238	0.00412988277658958	0.00374110279504345	0.00327653477877442	0.00406220854848568
72001	50-54	2	0.00727473146600471	0.00838289498454293	0.00768781263447681	0.00666199323152544	0.00545191223547874	0.0058231648756894	0.00492733564218535	0.00450651857157734	0.0051981469861783
72001	55-59	2	0.0108344193025365	0.0124365022894446	0.0107007423909359	0.0105640591284415	0.0104124556425306	0.00752965648822275	0.0075138684722702	0.007136659090868	0.00766944085727845
72001	60-64	2	0.0170864457487511	0.0239483436979932	0.0229745267621301	0.0209489158313245	0.015037091665158	0.0118333896747478	0.0109584967952803	0.0132273020978012	0.00825013652518487
72001	65-69	2	0.026393471773356	0.0307549991749479	0.029291365846419	0.0281813292744822	0.0209306660351847	0.0191656400950139	0.0171487413169579	0.0133417063745408	0.0107235001420706
72001	70-74	2	0.041850138281562	0.0388098287959078	0.036014834950625	0.0355598134055419	0.0339023766573322	0.0334494717752402	0.0269926157160894	0.0203236448781817	0.0230896589394157
72001	75-79	2	0.0586829835722933	0.0611587093946807	0.0658203545422776	0.0529015000294816	0.0634017603038189	0.0427370247897556	0.0419065178983872	0.0298083268787182	0.0353463206350568
72001	80-84	2	0.0871038322894897	0.0874754774420127	0.0987112926768728	0.107358476170962	0.0886088286800863	0.0674841109196483	0.0751696225220097	0.0613306247542922	0.0464863539585408
72001	85+	2	0.189079014598963	0.166294336477432	0.15483146584263	0.153688860361661	0.175207633377059	0.154862023479362	0.122698957550911	0.130083528508566	0.108617474795984
72003	0-4	2	0.00366818956545379	0.00291648503161856	0.00281676178341612	0.00264059622720273	0.00223519425559978	0.00231062223780087	0.00238635601822529	0.00154210437835977	0.00214328537571833
72003	5-9	2	0.000244702394001118	0.000227168998466214	0.000258219987775359	0.000230469882191747	0.000179443322746412	0.000188470274279848	0.000150180049352409	0.000137675030632675	0.000144620838468485
72003	10-14	2	0.000330816696059577	0.000257051169142886	0.000278797036154792	0.000274623698608661	0.000205315038470335	0.000204956303891413	0.000189950859224627	0.000166933597340284	0.000174643013048867
72003	15-19	2	0.000803977079242835	0.000931334862209814	0.000925419933947841	0.000831138251444143	0.000792081758313622	0.000706135938183571	0.000591370207979156	0.000565751275634108	0.000549731593746102
72003	20-24	2	0.00132059985546364	0.00197398355853016	0.00168756093006441	0.00150153750513606	0.00131421171332402	0.00125613503433239	0.00111807716781862	0.0012095424425729	0.00114880735682421
72003	25-29	2	0.00203155434685843	0.00168975609708731	0.0021091643042459	0.00232684469756233	0.00165278833713758	0.00138267854653879	0.00172000392662543	0.00139959937287989	0.00135399072010301
72003	30-34	2	0.00234704719492851	0.00236405680709768	0.00219017548108773	0.00239437811862033	0.00205994411501471	0.00156422391513085	0.00150283468164168	0.00152690871835844	0.00170379109100829
72003	35-39	2	0.00251831195468286	0.00302341591929077	0.00347491737408638	0.00317152034771885	0.00297230214299225	0.00196767177241298	0.00216910855766967	0.00189487546020429	0.00229029937772952
72003	40-44	2	0.00330859922041881	0.00360598592886757	0.00463963075429814	0.00467208518775286	0.00321301565261249	0.00294399340714321	0.00283456286300296	0.00232885427223065	0.0029216462220273
72003	45-49	2	0.0051090786429679	0.00526508915664189	0.0046340579449974	0.00501619750563981	0.00389818543805118	0.00330766468030386	0.00337957961248476	0.00395840405065485	0.00315998055621363
72003	50-54	2	0.00855120356024097	0.00742973323094754	0.00980272553156625	0.0077801169076681	0.00637867353826485	0.00646279640513433	0.00567163104123481	0.00444707597045445	0.00555339659079603
72003	55-59	2	0.00958849034333743	0.0111031259613043	0.0105290023123002	0.0116135324552384	0.00821380172486636	0.00813761145630111	0.00795626145042285	0.00716631697752339	0.00610909311562745
72003	60-64	2	0.0178388953863456	0.0163729750284972	0.0171419996031437	0.0165465229206727	0.0142981716348781	0.0102616583312807	0.0129316764235942	0.00878284833264084	0.0127701010524715
72003	65-69	2	0.0257599441178169	0.0222361802976847	0.024396657011366	0.0252614030886242	0.0215246021896074	0.0216577858123959	0.0176741936495364	0.0145296440400233	0.0192741053869309
72003	70-74	2	0.0446092278288066	0.0367069460828594	0.0328067080223852	0.0387671517165544	0.0351746929939929	0.0276734955332284	0.0250935674173833	0.0239267839579376	0.0213627169147858
72003	75-79	2	0.0503117106600164	0.058034564139762	0.051225052731302	0.0593214805520655	0.051176993616541	0.0404826985562671	0.0440853422344821	0.03147317940957	0.0404269322961996
72003	80-84	2	0.0842032462233841	0.0959508575902887	0.0912139521196564	0.0821727132039446	0.0682926298640393	0.0699337295530874	0.070631087851381	0.0577093163767628	0.060942335792628
72003	85+	2	0.173923092572396	0.173772600033177	0.181160452631659	0.150903061739171	0.174885885839345	0.177344420265077	0.141536530703114	0.124064036083844	0.116858734574411
72005	0-4	2	0.00494298162655587	0.00362250878290473	0.00388698922228425	0.00276371669132204	0.0022365866504434	0.00234418951942066	0.00215976941434917	0.00165958256394222	0.0019842983944653
72005	5-9	2	0.000248027449439596	0.00022248724578525	0.000220604372579096	0.000226985552325983	0.00021419234540641	0.000178377475356178	0.000173782306182416	0.000153967297534362	0.00017044201804865
72005	10-14	2	0.000344136446410483	0.000310931975701436	0.000351938871646221	0.000295806070052505	0.000224193310586852	0.000223984100149022	0.000198775370802936	0.000194270984650349	0.000194349924829238
72005	15-19	2	0.000848414117787566	0.000879722114281409	0.00116783322561519	0.00119343372030016	0.000933381381831066	0.000849094712065377	0.00063380011295025	0.000612718703446225	0.000702807261373944
72005	20-24	2	0.00196467063632775	0.00175403444706431	0.00187025426386882	0.00209589404422153	0.001469704549354	0.00136979926735639	0.00152861446561932	0.00132968620405154	0.00125551485245685
72005	25-29	2	0.00252180178099124	0.00319381231019728	0.00249466164445983	0.00251985400474055	0.00160076059971614	0.00222400799251036	0.00151263504466908	0.00144958430201081	0.00176919674046343
72005	30-34	2	0.00266237556431361	0.00294492583328088	0.0030481954108914	0.00367066712034353	0.00196887417873694	0.00188016294103385	0.00184012983741731	0.0021161983323618	0.00311779696693831
72005	35-39	2	0.00318981413623915	0.00467112184379893	0.00460730520267723	0.0042542276583849	0.00329857411200815	0.00325681577349422	0.00271701559464994	0.00276991589678133	0.00288925912867304
72005	40-44	2	0.00479128789986619	0.00584860304895419	0.00468972090603293	0.00576443576899761	0.00342054127380453	0.00449066652371817	0.00316964960768946	0.0028305081041325	0.00433866829869615
72005	45-49	2	0.00626634717579103	0.00637439444602882	0.00656423510718344	0.0068894383940582	0.00537986982340972	0.0055880412920243	0.00467453925483008	0.00408250808859865	0.00495483217382971
72005	50-54	2	0.00803282941184712	0.00821996539747886	0.00829901158715008	0.00852752910234092	0.00742775434575795	0.00749273434663032	0.00699619525813527	0.00650099656451896	0.0076808032846741
72005	55-59	2	0.0125325512993349	0.0137453441569512	0.012995838138688	0.0126833296801409	0.011780595948123	0.00971643553992559	0.00942415653824613	0.0120117470835802	0.00890659726516074
72005	60-64	2	0.0177832813639884	0.0185945275116254	0.0213393682901188	0.0177046242938004	0.016548865216711	0.0158154094543956	0.0146241469675046	0.0133582528704042	0.0124302278133644
72005	65-69	2	0.027540940498435	0.0270473346040141	0.0265719314749194	0.0278894780908338	0.0240391330336714	0.0202337925551502	0.0210324552985644	0.0207127143057165	0.0170093761464918
72005	70-74	2	0.0444113926398796	0.0404835332510743	0.0426037895311313	0.0371639171586942	0.0353367261880815	0.0322594025499706	0.0273321296665647	0.0279337800204307	0.0244353317750228
72005	75-79	2	0.0557079695752006	0.0596057520449774	0.0548424382341959	0.0626858238023179	0.0550448164470419	0.0514905609246263	0.0460790060736506	0.035982037194503	0.0364357146062746
72005	80-84	2	0.085678831489929	0.0908554943301029	0.090816137258448	0.0990886423507621	0.0945714046899817	0.0763993883996994	0.0718597599573571	0.0583203844172557	0.0630680816352281
72005	85+	2	0.19456104472397	0.160858698600035	0.150540734004284	0.16204742523837	0.169101809231295	0.178213363399858	0.141187997523825	0.118454759625624	0.124709896986861
72007	0-4	2	0.00405442685743192	0.00340325245853621	0.003020397005665	0.0030393624446321	0.00258571360065433	0.00266414012396547	0.00228489443962121	0.00210251677305945	0.00225450661751022
72007	5-9	2	0.000215131306953247	0.000242694790211492	0.000238996977624903	0.000212922067025893	0.000190599071870171	0.000180789180870815	0.000165843414333073	0.000152724500939291	0.000151761270286517
72007	10-14	2	0.000301050516394661	0.000278286383070399	0.000273711456750669	0.000297114702388496	0.000242503156986449	0.000229657418547134	0.000191203648189538	0.000176049850763583	0.00018432038843567
72007	15-19	2	0.000859556711339208	0.00092572398184032	0.000882600463286061	0.00105298396673467	0.00082866153356292	0.000704267815841579	0.000749063166906673	0.000564211875022646	0.00062475714759115
72007	20-24	2	0.00159797186184857	0.0016342479429309	0.00197162106689683	0.00187714159089094	0.00202278769181077	0.00154319563469845	0.00158979690822284	0.00173361922546147	0.00149011042567536
72007	25-29	2	0.00198235298952677	0.00252278121152442	0.00221341562153183	0.00235533286732546	0.00212621650157339	0.00208667602065129	0.00264579225621811	0.00163214015759521	0.0013789569686572
72007	30-34	2	0.00259746114178056	0.00258051488450215	0.00333880865857677	0.00360571420810085	0.0018554725467382	0.0026253045198321	0.00227841329902123	0.00212392353184516	0.00200568737341312
72007	35-39	2	0.00315908308148857	0.00293520628214747	0.00394911855338949	0.00377513046373975	0.00271840646247163	0.00273670991699596	0.00258108052758849	0.00268990754463276	0.00255087820064036
72007	40-44	2	0.00386667329255081	0.00397026237158682	0.00389279434586124	0.00396007243545968	0.00367898504611542	0.00365561361001394	0.00306987147793939	0.00364601192782222	0.00248044097623915
72007	45-49	2	0.00559272759067228	0.00588463266348881	0.00610625999043793	0.00501953602987945	0.00512943461384799	0.00535443859674996	0.00451068481125179	0.00359397968710294	0.00393750789311191
72007	50-54	2	0.00920666800342509	0.0101062492628984	0.00726406198052847	0.00952918251219791	0.0056970669451965	0.0073727534850299	0.00680143293064824	0.00510872493774377	0.00570330307635349
72007	55-59	2	0.0126840434101058	0.0125556461339223	0.0131617925412752	0.00971970355066329	0.010469170568161	0.00932452824172499	0.00764873078722854	0.00887232020375802	0.00967743319404099
72007	60-64	2	0.0140890788495182	0.0171806983498179	0.0145406378074502	0.0157176023114742	0.0139943748323304	0.0128485864246958	0.0118621388226506	0.0103870392788665	0.01314549586402
72007	65-69	2	0.0303478012325422	0.0244998009939843	0.0268652094200146	0.0205960383320379	0.0237508142376363	0.0219538347821332	0.0133252355462842	0.0182446371595578	0.0143183008579265
72007	70-74	2	0.042736556245765	0.0414777980003865	0.0488443856650222	0.0379163016886528	0.0262261614967108	0.0231456091524218	0.0232338063425522	0.0230872770813138	0.0221763721274531
72007	75-79	2	0.0607909339315463	0.0559902477703439	0.0506669355548627	0.0572188448873425	0.0511063317363245	0.0438193059660375	0.0336951378185787	0.0299671732981947	0.0368604177907752
72007	80-84	2	0.0843461774251366	0.0802999232091585	0.0815773306905044	0.0965716969682542	0.0813484603622157	0.0759643534991514	0.0597321284314996	0.062148935438827	0.05502779303947
72007	85+	2	0.197602075533857	0.191285778352639	0.139691787669391	0.145146186396284	0.140741471166026	0.156127647916311	0.13668649888799	0.122921364645478	0.11981929881681
72009	0-4	2	0.00394955537570647	0.00444067305244606	0.00328737443750707	0.00331814234422713	0.00282412007180396	0.00287968146454379	0.002987625955635	0.00223221997139531	0.00205672023123172
72009	5-9	2	0.000253597838297046	0.000213068855213677	0.000232046523310152	0.000251386046749404	0.000185502734241664	0.000176297479052066	0.000162085245857911	0.000148010561654025	0.000161497397092661
72009	10-14	2	0.000276635935427292	0.000284281985117357	0.000281053233984402	0.00026116229979461	0.000298083251588378	0.00021307368868722	0.000217366804873943	0.00017970249874682	0.000186440954671382
72009	15-19	2	0.000877761733588423	0.000974796604519751	0.0010080814710235	0.000915559820670431	0.000776440700946451	0.000816779140173159	0.000917221463037264	0.000636846077333373	0.000632684011939893
72009	20-24	2	0.00164072213074323	0.00165265643542746	0.00175788294460107	0.00194286061390633	0.00147044397654233	0.0014001452674647	0.00160702938062864	0.00170670158750972	0.00113694089823854
72009	25-29	2	0.00203947070044505	0.00213382841178177	0.00237955402290523	0.00200340614506731	0.0017988535557641	0.00206322182614464	0.00191814872210211	0.00178851321421498	0.00160049320535383
72009	30-34	2	0.00229661368229676	0.00266447203359964	0.00301583839070712	0.00259664648299578	0.00244220223973105	0.00219609287034504	0.00250431571939031	0.00209107488606854	0.00178008420058691
72009	35-39	2	0.00324175991375399	0.00353503437529733	0.00480075781719179	0.00305501755223589	0.00275410677711164	0.00270616675213034	0.00237777904912021	0.0021320474893418	0.00276083925002234
72009	40-44	2	0.00336767406527932	0.00396293749109554	0.00407251722130209	0.00496982855326316	0.00335482822604081	0.00400306394522548	0.00284573551764951	0.00313841248262148	0.00305843437207536
72009	45-49	2	0.00600310430600089	0.00460032016412994	0.00529753485819709	0.00592563181442698	0.00415250173959007	0.00440549692317461	0.00513200596318897	0.00342438965751918	0.00395362691374511
72009	50-54	2	0.0106128590051078	0.0103950915352962	0.00873649618058966	0.00811918110262968	0.00579747489567596	0.00611234325807736	0.00620284844848258	0.00720643984392245	0.00524548188271237
72009	55-59	2	0.0134847497850318	0.0115525163696046	0.00914993706978553	0.0107379454798639	0.012892173681211	0.00972080354075753	0.00756903662538284	0.00778713289304692	0.00896833786919525
72009	60-64	2	0.0191737046013474	0.0206370651905218	0.0154996766443901	0.0178787778560055	0.0125872447202245	0.0144109981776837	0.0127660568426429	0.010808699341774	0.00869117105235136
72009	65-69	2	0.0292879158116208	0.0236053175036902	0.0241090583890758	0.026433191391575	0.0212567480691273	0.0211978301790171	0.0180600735632088	0.0156389906648618	0.0169802518164126
72009	70-74	2	0.0407839724386394	0.0425146141325345	0.0363984412439799	0.0452616274769018	0.037727200406161	0.0281071955703396	0.0255794704718538	0.0209247637077273	0.0196204253634577
72009	75-79	2	0.0512030683339637	0.0608513035753148	0.0544131277788403	0.0494229409268301	0.0460159859960556	0.043765656796961	0.0491333092677982	0.0344076026482633	0.0279889818396726
72009	80-84	2	0.0902622687269527	0.089635676365598	0.083443524851889	0.0818859965865595	0.0861497432431822	0.0813929387227067	0.0698085096779914	0.0670722517696473	0.051988112091091
72009	85+	2	0.169597059381225	0.178960185728755	0.151234669351935	0.20062266803113	0.159205726357881	0.154476100265848	0.157591351538362	0.113875948668601	0.092822254856061
72011	0-4	2	0.00442645078775675	0.00379391874715057	0.00398435055928876	0.0030251954045604	0.00268007990005478	0.00225803770403485	0.00270985818881979	0.00202458359134807	0.00249713066582137
72011	5-9	2	0.000226351142386993	0.000221294023513198	0.00027926068568324	0.00024741216080765	0.000200673937453413	0.000180834620847029	0.000166435707587747	0.000152841361188103	0.000168266288681862
72011	10-14	2	0.000272283657874915	0.000307065951924042	0.00030457646424604	0.000271007554708187	0.000242626391737898	0.000218227967428367	0.000211843229449269	0.000185707196636653	0.000194360165851308
72011	15-19	2	0.000843907996459834	0.000863515870530168	0.00108959389220741	0.000875658824356451	0.000704627823523186	0.000761888063766687	0.000742760390203605	0.000646024464442294	0.000656014665771873
72011	20-24	2	0.00183265834094131	0.00178164506605253	0.00167807212295337	0.00167083771212516	0.00181136486197396	0.00173137437991966	0.00146884666427984	0.00114226824338871	0.0011533360453091
72011	25-29	2	0.0020636027149691	0.00234688252941446	0.00294996342516766	0.00181606254933255	0.00200261324546315	0.00191589559210587	0.001502868987444	0.00149300828083598	0.00141777093985005
72011	30-34	2	0.00212364921424348	0.0033695515480033	0.00344944251314726	0.00282791978139201	0.00236876044243888	0.00188247233431791	0.00167034577682483	0.00188625720317579	0.00193051749791384
72011	35-39	2	0.00303952850555611	0.00294289982329478	0.00373455181586904	0.00475725717134614	0.00247695659809347	0.00264658359710991	0.0019353233554717	0.00293302807401277	0.00221140517065561
72011	40-44	2	0.00436749919261908	0.00457353389618662	0.00484447335111056	0.00500096507482289	0.00337470506123124	0.00315675243387082	0.00303563263850103	0.00273683617128628	0.00365938977061468
72011	45-49	2	0.00570695410398657	0.00610433635095069	0.00753163952293174	0.00520743004031486	0.00532080067207301	0.00549304899793526	0.00385889193912974	0.00328065482178086	0.00340185892262084
72011	50-54	2	0.00708751803026402	0.00623108590569271	0.00782655944522763	0.00872913736418072	0.0072777317255579	0.00496136137659054	0.00762208622761274	0.00678489223240042	0.00669708152337732
72011	55-59	2	0.0112097990799512	0.0142454418713673	0.0129226355456468	0.0110668127997859	0.0107309937330052	0.00988849225761415	0.00864156352548811	0.00821359688330833	0.00844196721802962
72011	60-64	2	0.0187291934088057	0.0184515834157125	0.0202254442087921	0.0160730137825696	0.0146834828346237	0.0132928492010385	0.0120925221544701	0.0141901347132859	0.0108579767944588
72011	65-69	2	0.0269345900095552	0.0281685026075916	0.0255674582599884	0.0274576602231736	0.0208673381526227	0.0171137459630872	0.0182965935117154	0.0163942441718154	0.0164496588189785
72011	70-74	2	0.0416888854189024	0.037753444297499	0.0378172922749773	0.0427057978946258	0.0333024855183088	0.0248204469770384	0.0285332234018519	0.0222628139288839	0.0241258567564995
72011	75-79	2	0.0619370887026307	0.0575550931989843	0.059794595113653	0.0642436999117331	0.050795498758313	0.0431806254769494	0.0376195390281089	0.0354006608633846	0.0393257134458691
72011	80-84	2	0.0957453427500822	0.10526565648181	0.10115082490875	0.0999993023108279	0.0851696203478593	0.0807670019490369	0.0838392292261285	0.0691221977176538	0.0559664991900923
72011	85+	2	0.150299391105917	0.180304706779872	0.179160084474675	0.159412007796018	0.145990985926704	0.158696777915828	0.13400262931239	0.132613046358064	0.1336838460457
72013	0-4	2	0.0037408642277944	0.00540620019622291	0.00376843224494816	0.00308935557026913	0.00251441992583869	0.00253230250788612	0.00216633436771303	0.00194606430635463	0.00213050047044577
72013	5-9	2	0.00024911467348354	0.000227777772743654	0.000279183857000265	0.000202911198309874	0.000191539364521436	0.000193367957645071	0.000191546623086828	0.000163572470139503	0.000156138209945027
72013	10-14	2	0.000319275043822031	0.000384955961099461	0.00028414829024821	0.000304493581245223	0.000246029210994951	0.000227374384006463	0.000204465697233321	0.000176286011200942	0.000185768344974483
72013	15-19	2	0.00101343099332349	0.00095798840166143	0.000848632030162803	0.00125723113622184	0.000758637304766806	0.000824073646283992	0.000779550156634216	0.000597828292382161	0.000624988985572942
72013	20-24	2	0.00185892502532412	0.00199614330319429	0.00177010352845555	0.00205035035003779	0.00123510986586778	0.00153594104618279	0.00177498778742339	0.001449417454922	0.00135270138874594
72013	25-29	2	0.00183503806284699	0.00229819608329002	0.00217769164847252	0.00279270390974609	0.00167985516112802	0.00230744606490722	0.00172693900475903	0.00184950304318721	0.00235251195393342
72013	30-34	2	0.0029750660956553	0.00243596152924754	0.00403330882872796	0.00351117582696648	0.00223859871729917	0.00211995072809297	0.00226472077552667	0.00291921345463716	0.00219455942929777
72013	35-39	2	0.00402239105967358	0.00391357885708605	0.00418644638169403	0.00404055751776574	0.00294376436898258	0.00294737069949004	0.00212174944768597	0.00238999819174598	0.0022092386175817
72013	40-44	2	0.00415997925843049	0.0049994232708289	0.00488055074054305	0.00492275520679392	0.00319116211782035	0.00347579751517059	0.00359614378934038	0.00282966637813181	0.00306640800547199
72013	45-49	2	0.00599405332857967	0.00531470977177001	0.00752752731113995	0.00681439565057518	0.00512391182736147	0.00489665429662464	0.00378286807417319	0.00377774737935697	0.00423681322789084
72013	50-54	2	0.009829952431579	0.00808585260415086	0.00868590852901881	0.00983118980809762	0.00787429284645755	0.00789625317874506	0.005892214213023	0.00563786363984888	0.0058923664041977
72013	55-59	2	0.0129304741004766	0.0145665664863639	0.011440909379605	0.0118742440755623	0.0116956110487055	0.0114775250756727	0.0100334872060554	0.00828774343272196	0.00820227878208204
72013	60-64	2	0.0179954026064611	0.0197298591815305	0.0196317321800762	0.0202496627916775	0.0179899057856733	0.0157772280161495	0.0135288888030074	0.0116844407885801	0.0133844672724657
72013	65-69	2	0.028667964302766	0.028694741743705	0.028797681779336	0.0268388892858297	0.0258978465886443	0.0224002651478907	0.019442043462305	0.0190871786408421	0.0178166541461635
72013	70-74	2	0.0454050785985646	0.043081101699954	0.044901199342887	0.0434240210470662	0.0360259310756813	0.0339430075695022	0.0302465983441965	0.024007861254662	0.0272776667396004
72013	75-79	2	0.0564075144998106	0.0637850848539812	0.058591687334352	0.0653436916204361	0.0576029340828757	0.0519477117990126	0.045074997885696	0.0361162339030514	0.0419551238011496
72013	80-84	2	0.0982629506502286	0.0864451032247241	0.0884282125453487	0.094449731909382	0.0857911219679588	0.0772752026790212	0.0733452729007866	0.0645372645388209	0.0573433925443557
72013	85+	2	0.173996552079006	0.173969587809184	0.165300871670557	0.153115121964403	0.15200275328307	0.141841855538494	0.154292589236579	0.131986565531405	0.127796813321936
72015	0-4	2	0.0048326965737848	0.00416994023230323	0.00415175009792374	0.00374368383810891	0.00269411223358801	0.0024505055609794	0.00252854418463951	0.0026945985999694	0.00257544770634774
72015	5-9	2	0.000244092122891948	0.000289393281121976	0.000246988432151122	0.000268061909144949	0.000206847970361718	0.000195688894746357	0.000189033518996383	0.000165083804164576	0.000172378407042574
72015	10-14	2	0.000310303609633425	0.00034916714618359	0.000345030952156459	0.000294449295455431	0.000264211412414329	0.000238246868582867	0.000230054749405789	0.000211400638230237	0.000210079054438146
72015	15-19	2	0.000986657800223853	0.00108416804663058	0.00111204595834345	0.0012900833479822	0.000888091536840985	0.000928793662072503	0.000771820377863182	0.000661492370842935	0.000695807163089148
72015	20-24	2	0.00191146515469022	0.00171476682840826	0.00204934021508271	0.00215960363489234	0.00181270423622635	0.00183326242359666	0.00171570632204912	0.00158371570434563	0.00122452541482721
72015	25-29	2	0.00211898208380533	0.00251526272027896	0.00248275319197027	0.00325437399349814	0.00222748053189129	0.00210534037591119	0.00195477318433682	0.00234114537808893	0.00189394131226082
72015	30-34	2	0.00265101251825915	0.00260001682232884	0.00298193276353868	0.0032701272415381	0.0028970803835201	0.00287219517417806	0.0023401857755225	0.00211878372291911	0.00190138649925171
72015	35-39	2	0.0036347339358057	0.00365833559036954	0.00474756865641	0.00366995787798391	0.00327080456391281	0.00310887244412623	0.00271936869884301	0.00280322961241655	0.00267522229809224
72015	40-44	2	0.00398698096552315	0.0048261321146463	0.00491857338534001	0.00458413960671519	0.00437887571040426	0.00378273382841619	0.00359471509744324	0.00375803526860461	0.0040459774203474
72015	45-49	2	0.00676108001846172	0.00661974418513539	0.0062937031502006	0.0066453365823373	0.00546715669138599	0.00520955885491107	0.00484727530104458	0.00362312541768284	0.00591649706050164
72015	50-54	2	0.0113382031869691	0.00930290350928473	0.00927338703694383	0.00875246542568904	0.00719524541775661	0.00821345205144845	0.00638504749519937	0.00528127532999901	0.00504113201523557
72015	55-59	2	0.0123104140078329	0.0125692730196163	0.0138705536138939	0.0124010871698449	0.0100096522110309	0.0120838069587792	0.0101391970629685	0.00818516297249335	0.0098432840266231
72015	60-64	2	0.0232766858946755	0.0203419051549491	0.0193166963709283	0.0191360451175801	0.0182128800780337	0.0155088953240708	0.013150857046275	0.0106594184085439	0.0139701901293798
72015	65-69	2	0.030601532136448	0.035556193339032	0.0318447155419245	0.0278953167608838	0.0235048442365141	0.0228859043162878	0.0203400981202247	0.0184623616975647	0.0161632688929237
72015	70-74	2	0.0480111309961227	0.0505884241818664	0.0380616523163978	0.0434236919719685	0.0374835029374185	0.0294470558997106	0.03532205612627	0.0213383861569266	0.025281189907979
72015	75-79	2	0.0601930867667341	0.0625956057015974	0.0678072742188561	0.0620728303755992	0.0554819578017183	0.0459093191716564	0.0513149223637886	0.0471376460006717	0.0411501063394747
72015	80-84	2	0.102965096802519	0.117887073974922	0.103076406306434	0.119773011092141	0.0988729618684692	0.0901017814973491	0.0758975031987065	0.0645600493070012	0.0538331325624148
72015	85+	2	0.190794871475619	0.142567467404852	0.151205926599747	0.187217851531246	0.158880103895916	0.161759601056404	0.178940271401285	0.143437214744121	0.12833385818359
72017	0-4	2	0.0042842438391127	0.00332732894436992	0.002854378385456	0.00315546675398557	0.00237062111114594	0.00227326631360363	0.00259091324202276	0.00199349238582616	0.00216778766436469
72017	5-9	2	0.000234698760119515	0.000239581550339053	0.000236709601362202	0.000231660309221502	0.00019576564218585	0.000184810326187635	0.000178646069758423	0.000155508777239227	0.000162353778486933
72017	10-14	2	0.000311730527630999	0.000304461360820912	0.00030187600491145	0.000342485946152073	0.000238417110881193	0.00023577093492961	0.000216143712225238	0.000198730570459718	0.000197498332986166
72017	15-19	2	0.00098202868284948	0.000990111681143212	0.000980040753550507	0.00119446130682194	0.000924360099718248	0.000953762584972293	0.000712947911178421	0.000689493598004613	0.000697565574994308
72017	20-24	2	0.00206366038423964	0.00195270682079548	0.00177867624217349	0.00237703693173935	0.00143659418598431	0.00181501897483354	0.00155310943969278	0.00126342837149993	0.00145984414362313
72017	25-29	2	0.00236975248224617	0.00246198743037725	0.00239356636639534	0.00229563770818628	0.00181108806326049	0.00209211146663778	0.00207021136063747	0.00166989951933774	0.00218901718612483
72017	30-34	2	0.00255137774680329	0.00299315841074873	0.00282252206697286	0.00405135253102658	0.00224931368471704	0.00220515430192444	0.00230997883673582	0.00171433614890399	0.00243903625373154
72017	35-39	2	0.00387962280011871	0.0041215086636887	0.00542404702334238	0.00485125697780708	0.00346147184728372	0.00227474919122809	0.00217268055166435	0.00201714794635583	0.00245560423228636
72017	40-44	2	0.00438040462563231	0.00531493118216686	0.00542774622011911	0.00445122103677606	0.00391563888912432	0.00357218512608314	0.00294491136140765	0.00280411258064884	0.00303117633185805
72017	45-49	2	0.00630953286648074	0.00554288426252169	0.00590934509217086	0.00792763440296875	0.00530051304487101	0.00407201743931842	0.00511362275606854	0.00398031478857891	0.00340146687572262
72017	50-54	2	0.0102037796774217	0.00731829904325522	0.00828728229067473	0.010471498906375	0.00810553107534248	0.00834770981265971	0.0055693850782427	0.00485807430262913	0.00560865054088654
72017	55-59	2	0.0141004462514333	0.0116839524806624	0.0119515241075607	0.0124260837670177	0.011011032814257	0.0108615337164093	0.00977797186130192	0.00792219386786136	0.00663800207116168
72017	60-64	2	0.0210445469220379	0.0186920604932687	0.0192308878307152	0.0255837349385154	0.0180908027078472	0.0149986571840771	0.0124396119871483	0.0137211452241397	0.011905197436356
72017	65-69	2	0.0331245822186053	0.0216578940209313	0.0256844865874236	0.0209160471422155	0.0217632238129783	0.0227716743823765	0.0181630488438669	0.0173274266386305	0.020007169784736
72017	70-74	2	0.0324876735422073	0.0398157435551239	0.04251453473249	0.0416218493571698	0.0348985020158393	0.0336059368965433	0.0267570618010977	0.0287828183611189	0.0271968791381044
72017	75-79	2	0.0674705519981757	0.0562944242380426	0.0617187720279608	0.0599420130107095	0.0541915862299575	0.0411522401632925	0.0435339386355222	0.0369457230651563	0.0486218507563955
72017	80-84	2	0.0902147099761031	0.0862905120832581	0.0849143243804375	0.0846472605248324	0.0752483158818761	0.0746530501674705	0.0829003477553499	0.0575167096701787	0.0728420970904756
72017	85+	2	0.18542639297928	0.164631440654701	0.188206931871228	0.165222060441737	0.188736905122131	0.136885274831701	0.150141740212815	0.156907444886579	0.147285923502088
72019	0-4	2	0.00392986753070681	0.00352061832574161	0.00324734861244992	0.00318260488553182	0.00298596117726562	0.00267308248845202	0.00219277521307145	0.00186676905823957	0.00245122684008451
72019	5-9	2	0.000233095869410936	0.000248163613270839	0.000221368846751215	0.000227200991390396	0.000184513020232993	0.00018412919899264	0.000169883318586171	0.000163472363050924	0.000161840035970573
72019	10-14	2	0.000320783783299059	0.000271805761423433	0.000323281117848176	0.000260323228270028	0.000268062249914276	0.000210398575501815	0.000195210663034002	0.000188608824248173	0.000186702558930784
72019	15-19	2	0.000977295334552008	0.000909420420113133	0.00114151714526588	0.000899834322307458	0.000782336298901617	0.000717033164308541	0.000793089328997665	0.000644870691252833	0.000622868804584346
72019	20-24	2	0.00173483167357721	0.00167451149484284	0.00176087283408132	0.00185252194571893	0.00166055713419368	0.0017804408206603	0.00137280293431213	0.00124437077251467	0.00122549804495403
72019	25-29	2	0.00208627855727102	0.00200636809352326	0.00247326456398704	0.00216327017496266	0.00179329240288085	0.00207428718695818	0.00187900672054672	0.00140787386337887	0.0016406193431059
72019	30-34	2	0.00231874334375251	0.00316142972274923	0.00337767782317609	0.00253949312412253	0.00236847380026199	0.00230993671823917	0.0021427011625495	0.00207093567155634	0.00251905368843264
72019	35-39	2	0.00307683032458245	0.00333927289662775	0.00404802724239798	0.00375455510775046	0.00330430297714945	0.00264513510800212	0.00244959177305601	0.00191526802835613	0.00249297285447216
72019	40-44	2	0.00378398600722504	0.00332913278223698	0.00469988458831077	0.00489097537762241	0.00426689643713998	0.00304084247844895	0.00289688533947886	0.00277658805470932	0.00270549305749392
72019	45-49	2	0.0055926949579461	0.00627962971590698	0.00739274100451254	0.00573983615697639	0.00462612186590414	0.00544124263923754	0.00496673663058042	0.00395962332337223	0.00365285553366977
72019	50-54	2	0.0113110468206366	0.00978410039699147	0.00871859482300267	0.00669515706139429	0.00707428076549086	0.00613630400319706	0.00671868585699041	0.00553277282524574	0.00585997187770417
72019	55-59	2	0.0109774837735542	0.0136305808151736	0.0149079550921493	0.0119945152452124	0.00978729273165164	0.00768017950339026	0.0089476407271883	0.00818540086873532	0.00901782962149566
72019	60-64	2	0.0180450496827471	0.0198640377160454	0.0176731762560981	0.0166900815396651	0.0131149975449958	0.0145720886099784	0.0125948991959535	0.0105208908590785	0.0115897886780217
72019	65-69	2	0.0264338686003807	0.0252942092126686	0.024751924382817	0.0302510576945723	0.0174191422443502	0.021902334974127	0.0189316042047143	0.0164888995085273	0.0160277991389144
72019	70-74	2	0.0370602662465655	0.0384258530011404	0.0398840175756011	0.0425247851859358	0.0363344035494454	0.0296509045038287	0.0286057437196103	0.0234296676022868	0.0222977084214872
72019	75-79	2	0.0567419382660788	0.0576553709984606	0.0510698160538861	0.0693889223799659	0.0512592336499088	0.0428814756771479	0.0472594650372914	0.0338339603950556	0.035450647046174
72019	80-84	2	0.123855331717898	0.0986505876429127	0.105095298972606	0.119373375545986	0.082890267539909	0.0740078130768598	0.0678599298112817	0.0635467968264721	0.0588992832768225
72019	85+	2	0.16826817461639	0.170423445226269	0.170416398336632	0.210864002105247	0.15876917159936	0.17553457286697	0.165642500881486	0.125459663209182	0.101181844774971
72021	0-4	2	0.00397362127756718	0.00292838638998024	0.00336515784138511	0.00310144957564271	0.00228018429210924	0.00210489308884606	0.00190301647410362	0.00180937065996923	0.00231372501467033
72021	5-9	2	0.000218996371286817	0.000247964800177839	0.000218048551802552	0.000248385588392048	0.000195999660986633	0.000181374973457137	0.000162060671445015	0.000142689717856299	0.000152086103984044
72021	10-14	2	0.000367651512515419	0.000234693793574498	0.000341583503042886	0.000290718884642726	0.000294000311436359	0.000205950566397469	0.000157758395322923	0.000173205953434521	0.000168790677983952
72021	15-19	2	0.000973973224285784	0.0011062830498733	0.00158406802736229	0.00132586333730145	0.000888641114868974	0.000822191256785302	0.000912634380033585	0.000691415995308111	0.000551220257995283
72021	20-24	2	0.00149628790220626	0.00210168311117106	0.00245498524375204	0.00291501258914744	0.00213406150503605	0.00231023382270742	0.00200911249652423	0.00196927397410985	0.00127371681264072
72021	25-29	2	0.00201337093543149	0.00270151124768912	0.00352614827182417	0.00271630982555524	0.00222617826291391	0.00250339345019883	0.00228488067860633	0.00211422189289123	0.0022214463536406
72021	30-34	2	0.00202426657133995	0.00317358140026549	0.00585801508320997	0.00402293313733609	0.00222249581619249	0.00266631082257364	0.00216479223489046	0.00224082458613882	0.00262022304612415
72021	35-39	2	0.00288191150154809	0.00414078053122645	0.0067926125140923	0.00542263832255207	0.00344630455843603	0.0030986194153307	0.00264570381825142	0.0027653173071842	0.00316142061328404
72021	40-44	2	0.0033823052764509	0.00458403962085645	0.00727547482921439	0.00580757569909141	0.00407769444165039	0.00379351941051232	0.00321097367828403	0.00332340956342217	0.00411550468112515
72021	45-49	2	0.00475031501759189	0.00569714371813433	0.00744733769119995	0.0070055181662783	0.00641801830272834	0.00593106589295717	0.00475355707896078	0.00401959474302954	0.00519844193898436
72021	50-54	2	0.00810922879650702	0.00846478468956508	0.00761841436145762	0.00897682902389019	0.00837329202203775	0.00759489005081509	0.00591708139548185	0.00641125833894174	0.0065460105678741
72021	55-59	2	0.0109681030973404	0.0107014706060319	0.0111635907193725	0.011030096672764	0.0108503581864998	0.0100353706945717	0.00967207057305604	0.00959395146104549	0.00943510909774395
72021	60-64	2	0.0185827308127933	0.0186415792361545	0.0163369029171472	0.0166784252208095	0.0146833473858095	0.0146031418356393	0.0142459445651062	0.0119237865003624	0.0135221201293554
72021	65-69	2	0.0259621220760599	0.0257193402444994	0.0252715617173682	0.0212035072974223	0.0211662598967262	0.0187906258423757	0.0170052492108326	0.0165959307000648	0.0166720474577188
72021	70-74	2	0.0421679237474189	0.0391657714769859	0.0392506587994999	0.0366517350781754	0.0316192245424865	0.0277616533157824	0.0260029208935795	0.0222435068422461	0.0262523188126067
72021	75-79	2	0.0605243402906493	0.0578916034604645	0.0522396757757843	0.0538333416378934	0.0506203548681221	0.0456260648976202	0.0386661265544845	0.0359704752355753	0.0379792106918126
72021	80-84	2	0.0992637237893562	0.0922899852838838	0.10220936018422	0.0933826039230697	0.0755715488471435	0.0663479774358489	0.0676907047313578	0.0555687048789444	0.0610764048541892
72021	85+	2	0.175243727088926	0.165985012448635	0.152516191148246	0.160604861661077	0.161898493442468	0.151362942385657	0.131537334992559	0.124044051197394	0.120105116170574
72023	0-4	2	0.00397188910910381	0.0034871627433911	0.00288597108260099	0.00325782930427568	0.00301593824330235	0.00235680441090759	0.00287126053623746	0.00162058623802419	0.00193357265086378
72023	5-9	2	0.000204283191133783	0.000199349341482788	0.000216233368630027	0.000209995636782688	0.000178592155616727	0.000161120559355154	0.000171956174880442	0.000143411534519103	0.000143193923284444
72023	10-14	2	0.000245051299466475	0.000275221049130104	0.000259357209871352	0.000278765613992847	0.000205958615039971	0.000202878913162063	0.000196709186058535	0.000164773325546854	0.000180980873723593
72023	15-19	2	0.000930270662822312	0.00089641898365673	0.000914360677834893	0.00100724166367115	0.000768810685659034	0.000671077774851376	0.000574986090984425	0.000590643284568239	0.000624518507806197
72023	20-24	2	0.00157021446649579	0.00165186224593977	0.0015402543866253	0.00158366291695683	0.00121684392412608	0.00127666786922029	0.00124794868262756	0.00126193523064391	0.00121859863343457
72023	25-29	2	0.00219062056491003	0.00205694644060708	0.00201964164043431	0.00180308888674019	0.00150710321715279	0.00158952532244925	0.00166823918252379	0.00178756985938995	0.00199844250843481
72023	30-34	2	0.00240804159754954	0.00253394101125482	0.00323373728520376	0.00281527743502057	0.00206953306530764	0.0018749849083607	0.00198019358947979	0.0014877271180509	0.00183397661282864
72023	35-39	2	0.00314845975119894	0.00393913404098603	0.00269268468922916	0.00327883142880233	0.00265225977806244	0.002152734172701	0.00211580784035306	0.00230906573287388	0.00275772289211995
72023	40-44	2	0.00328083572910445	0.0048782344568386	0.00477257794948386	0.00417527799946329	0.00315204279888805	0.00272631407388301	0.00260573478616304	0.00236406921489296	0.00223677870834993
72023	45-49	2	0.00514565852477851	0.00561871664890108	0.00638354185285185	0.00809065556492543	0.00411708194885703	0.00350300613604249	0.00347897330939076	0.0028695089696768	0.00326619457815122
72023	50-54	2	0.00762413237058986	0.00760463313804825	0.00728369122383054	0.00743586061145231	0.00696114344972639	0.00651028723333433	0.0058734528938019	0.00550519690654066	0.00425370561758613
72023	55-59	2	0.0105207365838626	0.0114271866698685	0.0117923418183237	0.00920901546145741	0.0111317597055026	0.00979656061373681	0.00868948975271878	0.00755659739771873	0.00723010443468603
72023	60-64	2	0.0177264471014332	0.0177412999705169	0.0171029102068415	0.0145299543805002	0.014531189438358	0.0145006138205912	0.0111662133294687	0.0101666945743312	0.0114727071386437
72023	65-69	2	0.0240632623409312	0.0234666053997143	0.023130595072377	0.0188649875573503	0.0192735468274276	0.0207944364269568	0.0188253789247372	0.0159536683148043	0.0146571176278574
72023	70-74	2	0.0375284730003559	0.0384864639782849	0.0358891225709471	0.0382792303354131	0.031627272667973	0.0278926059063364	0.028672102847866	0.0242809189972713	0.0210504572130021
72023	75-79	2	0.0537099019577467	0.0531080872290292	0.0510342753828429	0.0568796586358969	0.048967052559241	0.0409041283488778	0.0464994009543444	0.0295317883384408	0.0320512906158196
72023	80-84	2	0.095622387731844	0.0629505621842393	0.0907489820792571	0.0991428139743821	0.074743579483552	0.0771888699149291	0.0682935392123782	0.051805853882468	0.0548159940766221
72023	85+	2	0.132941946975302	0.145245104851062	0.143869936446337	0.167388526686528	0.168462396407038	0.136727825883486	0.151230128989998	0.14107960409798	0.125189113647676
72025	0-4	2	0.00345841118319503	0.00307727085445862	0.00368261456626096	0.00365504304918045	0.00255756825671471	0.00251369349151001	0.0024282295607426	0.00200585799452103	0.00205943787560305
72025	5-9	2	0.000267050626289047	0.00021112096165088	0.000220247405760516	0.000235430270101398	0.000176236375375634	0.000169817042557465	0.000154943969769398	0.000146790962417545	0.000173140126174246
72025	10-14	2	0.000286260959932763	0.000324185770958095	0.000349020225928742	0.000253198873945332	0.000223910830570084	0.000232381805863243	0.000195739213416136	0.000179873837003706	0.000191992623892826
72025	15-19	2	0.00115055539271138	0.000926331126096193	0.00128428193736092	0.00110500762446134	0.00102584745186392	0.000739067185216029	0.000953922947412978	0.000801889455247279	0.000749918063240571
72025	20-24	2	0.00236310137246621	0.00182131433686835	0.00309103207007404	0.00259118283107821	0.00191640662414143	0.00176923102456062	0.00275827384841871	0.0023047918887168	0.00172080022432818
72025	25-29	2	0.00243979031227634	0.00283619717892279	0.00370425769833337	0.00367952928419611	0.00278686800222166	0.00214055206302363	0.00280971634182806	0.00221768967028041	0.00255419089748208
72025	30-34	2	0.00257472877495212	0.00352347308107341	0.00538331080715928	0.00445777747243102	0.00255152032090414	0.00286002016138647	0.00315854556411552	0.00238184125951897	0.00183484606541293
72025	35-39	2	0.00254460725025555	0.00491632157004198	0.00605777285988379	0.00565055472896945	0.00371729978046822	0.00273791224044439	0.0030196482499017	0.00274792429467853	0.00242534910117725
72025	40-44	2	0.00362065945063009	0.00466513224509681	0.0063592246610785	0.00593041897385878	0.00416695216108169	0.00410104736834928	0.00334457386594684	0.00292280390721087	0.00364135724341326
72025	45-49	2	0.00648295356453219	0.00608614368309048	0.00800845924026651	0.00813701262854292	0.00548772815511108	0.0046110944461153	0.00491675352362332	0.0035242450427379	0.00443953049131567
72025	50-54	2	0.00875431405530132	0.008817197983369	0.00852815692139468	0.00829525015631375	0.00752013325191971	0.00701916028522574	0.00694560007194211	0.00604975609958562	0.00670800188575848
72025	55-59	2	0.0110754213177425	0.0120256332209596	0.0122686356607435	0.011715688982814	0.0113700010179528	0.0106020728509884	0.0100359089531841	0.00871331344283021	0.0101734870756501
72025	60-64	2	0.0194250766022897	0.0173925115458461	0.0201800309272265	0.0167343562681612	0.0166957304529047	0.0140480072929204	0.0140755028910896	0.0104505805436888	0.0115951305243696
72025	65-69	2	0.0261551672224741	0.0268064050837315	0.0250064604980252	0.0236471602201242	0.0221924590266381	0.0207638078513033	0.0205109985436562	0.0152195590179029	0.0177023046915097
72025	70-74	2	0.0400712035769288	0.0432739921435259	0.0440307672846627	0.0398214481626069	0.0339000880380228	0.0296822856835725	0.0267817760313514	0.02402194067365	0.0256914231651615
72025	75-79	2	0.0560450457298366	0.0715166307896765	0.0556080977417923	0.0592471058040349	0.0506133416867086	0.0465896419692051	0.039699579025433	0.0353912570630372	0.0382617559655887
72025	80-84	2	0.091636223218034	0.0992686016166235	0.0967070098101317	0.0945413859484758	0.0795983156642518	0.0688429820331388	0.0720722536341092	0.0578844867582007	0.0653767708413794
72025	85+	2	0.15381107695145	0.158290881139079	0.15775769089798	0.169000964002451	0.155995278609205	0.146359299114364	0.151211018334014	0.127034679088329	0.129502386171842
72027	0-4	2	0.00294924303565896	0.00321028174946281	0.00347156680344745	0.00296735828623014	0.00208447519759675	0.00215492887763893	0.00185348284544908	0.00205989229898494	0.00198357133218614
72027	5-9	2	0.00022087174672851	0.000204745654264221	0.000212059130208403	0.000216233037849984	0.000184215644348056	0.000166936051875104	0.000161795983845894	0.000141650098287669	0.000147640784073067
72027	10-14	2	0.000320473730050624	0.000269693497265833	0.000266312896331301	0.0002486879187816	0.000223053417801386	0.000222069421618585	0.00019512980811914	0.000189249879054475	0.000178691161605884
72027	15-19	2	0.000896841087050088	0.00101196677356214	0.000918210490145788	0.00104410066423587	0.000819462503111834	0.000782400284073052	0.000642119647842831	0.00058315438081319	0.000588149139466394
72027	20-24	2	0.00160468763017194	0.00171795457274484	0.00176388027937565	0.00138804954614487	0.00138805655245302	0.00133551668172537	0.00126085979181139	0.000932453155528217	0.00114619460091521
72027	25-29	2	0.00184781339778193	0.00204580855712665	0.00176558397259344	0.00171276391616162	0.00151160155580092	0.00152730186417576	0.00130199972169475	0.00170139295396769	0.00157586576595374
72027	30-34	2	0.00228314636049069	0.00269192107476857	0.00251278028521632	0.00214546384119669	0.00166240406937633	0.00186104448795899	0.00168079195230782	0.00182108886631521	0.00186701550080454
72027	35-39	2	0.00281647468049857	0.00247595197163325	0.00367982542451078	0.00344295194046041	0.0025781449456438	0.0027989055456287	0.00197138525405911	0.00200545388445784	0.0020239324132239
72027	40-44	2	0.004249661080653	0.00461051388889704	0.00373818667010205	0.00437411098650156	0.00353893190349065	0.00336011086360471	0.0022231476422389	0.00265391818895673	0.00332779044682312
72027	45-49	2	0.00550998730417215	0.00452208498829782	0.00695929150852443	0.00556492192827049	0.0050615392007903	0.00461164474596244	0.00384147456154971	0.00329929805549581	0.00368326076105812
72027	50-54	2	0.0071029109306146	0.00951280116487729	0.00655427622732748	0.00975233461829306	0.00685755293382104	0.00620058118843131	0.00521939365424267	0.00516482181526385	0.0048888354125252
72027	55-59	2	0.013090966725377	0.0121077379692959	0.0121916598748791	0.011545064632679	0.00982602872613538	0.00751389891020614	0.00907480163711021	0.00840006759849272	0.00737888111989591
72027	60-64	2	0.0208297036809404	0.017467094599733	0.0171843919592434	0.017801670147582	0.013580866767646	0.0124018147604809	0.013242852437397	0.01020214483855	0.009423565121852
72027	65-69	2	0.0271684258211188	0.0295637313985727	0.0274460621087342	0.0269486299697287	0.0194370737917182	0.0213125104515867	0.0190376313280565	0.0178908243754445	0.0192469260161321
72027	70-74	2	0.0416298793663249	0.042269749886525	0.0367759390631787	0.0413109169671813	0.0330804942773109	0.0287393444748889	0.0290396909683111	0.023094320356112	0.0233170384300462
72027	75-79	2	0.0595514580424342	0.0462994512682776	0.0591661017717539	0.0509867026486883	0.0505878563512093	0.0466308943154495	0.0492882127861565	0.0342577542501922	0.0376483149944494
72027	80-84	2	0.0915422098842609	0.0777767025394171	0.0947286111570984	0.0965175572235847	0.0814995631958963	0.0795179645997374	0.0710574299778214	0.0670589319684201	0.0623461118080119
72027	85+	2	0.222385117089087	0.181021192816849	0.183262192407951	0.160106639762042	0.159430212720328	0.151062142132462	0.141766531248561	0.145191938357468	0.14827871465836
72029	0-4	2	0.0035514747830748	0.00377899099218857	0.00400158629325478	0.00339441413445306	0.00227279150361593	0.00318552329203307	0.00284899302997855	0.0022354058992187	0.00226950784760838
72029	5-9	2	0.000235457425996827	0.000267900311951829	0.000241826755467825	0.000233921274157289	0.000218987188859755	0.000189992642131611	0.000185078213021459	0.000163651128329932	0.000189879807635712
72029	10-14	2	0.000270140158922011	0.000277140352107813	0.000360287400766787	0.000337350542411451	0.000240606248301325	0.000237923047859805	0.000231796959689402	0.000206506846146177	0.000216995540257837
72029	15-19	2	0.000978301710010001	0.000953878860758013	0.00163924891811911	0.00174604346476114	0.00144711589955082	0.00130712106403814	0.00107996549062196	0.000715351357081726	0.000735147728571412
72029	20-24	2	0.00176717322512593	0.0023693551244641	0.00280616218155885	0.00283468320725822	0.00431474440342485	0.0041825606377415	0.00337612767170015	0.00152239427892089	0.00212197407095467
72029	25-29	2	0.00189886541512132	0.00304751324640958	0.00448785731631954	0.00420669623454567	0.00325586958806124	0.00371139507511647	0.00344618070848553	0.00276174605735135	0.00184112926877715
72029	30-34	2	0.00306878797827715	0.00430978822693265	0.00514278744811368	0.00346379168860617	0.00304892800262104	0.00278797618836064	0.0025244968887816	0.00276842563154883	0.00288538953920585
72029	35-39	2	0.00290078371160283	0.00494967628842212	0.00529781279748911	0.00495864708151808	0.00469008929996347	0.00273400147989557	0.0028386560682004	0.00321843872988941	0.00288985921116468
72029	40-44	2	0.00405711892945859	0.00368500492227548	0.005182293897716	0.00623031943404739	0.00483989465411006	0.00363441501736948	0.00329925612559734	0.00373227527105949	0.00441302511118067
72029	45-49	2	0.00539843675759261	0.00611985724220446	0.00727611544033689	0.0085056421194995	0.00637363822343963	0.00587128038314596	0.00413815082576135	0.00495216448042605	0.0041608880509763
72029	50-54	2	0.0083428763241218	0.00868669931538291	0.00841151609715935	0.0092515585011458	0.00856954522245356	0.00813546288816174	0.00505970232655576	0.00675999210525878	0.00713637375067698
72029	55-59	2	0.0119206063210585	0.012946587638907	0.012792030559483	0.0139309280221705	0.0112936321604979	0.0114910423537381	0.00968849713045908	0.0072288646430776	0.00995838414419463
72029	60-64	2	0.0195546779813165	0.0146838790206193	0.0201957680438379	0.0172727381271567	0.0151053377775893	0.0151459362386924	0.0129156801882191	0.0137495268225107	0.0120673893790967
72029	65-69	2	0.0254222437834991	0.0236772762046825	0.0298453711638256	0.0298736701036034	0.0266122347771944	0.0201362391628115	0.0215087631760947	0.0186598270718871	0.0158866874801377
72029	70-74	2	0.0393589437368179	0.0365511153448896	0.0385643770981089	0.0388895903143897	0.0340664886492659	0.03351865478574	0.0269590046396146	0.0226886162331478	0.0226521206395492
72029	75-79	2	0.0605972299959823	0.053041516746417	0.0545287352648764	0.0770185639682518	0.0490167022503335	0.0422496211671906	0.0479229018379837	0.0365124989634853	0.047900367287527
72029	80-84	2	0.0826810212680273	0.0862575858396575	0.105008890713869	0.0961563411479326	0.071699295685398	0.0757165109553005	0.0688764774779645	0.059862420386609	0.068767117047877
72029	85+	2	0.165181361626612	0.185071833585791	0.182386915459681	0.164534947366336	0.147168295557784	0.136350511793472	0.152877512962021	0.133923018432029	0.136622049926013
72031	0-4	2	0.00376854909550583	0.00335497035381201	0.00348067755526349	0.00251172944077497	0.00202162567910407	0.00195708237731211	0.00225425429281113	0.00176292449511515	0.00177968859944311
72031	5-9	2	0.000234261018133276	0.000205754393974955	0.000208517203710924	0.000213250207900777	0.000175367229031535	0.000171902967258753	0.000158682620372097	0.000144419476531096	0.000140377840360083
72031	10-14	2	0.000292175359327701	0.000274125178062757	0.000318169183257653	0.000368731389044931	0.000248333000020696	0.000207048955405543	0.000161184653526187	0.000161918889991448	0.000187408276951105
72031	15-19	2	0.00137494071590506	0.00114964945742006	0.0018106309213716	0.00159209754080105	0.00109334829414017	0.00101712722204508	0.000891200837114719	0.000515481092495035	0.000625638409309301
72031	20-24	2	0.00175957870651078	0.00188323109789265	0.00269284609052762	0.00359444004785933	0.00289052823701372	0.00236287640963151	0.00252557422342804	0.00193768684784588	0.00158017440342013
72031	25-29	2	0.00252047401282891	0.00326961301773583	0.00393411600084968	0.00309654425746418	0.00288156825350955	0.00267151175260809	0.00276273659555701	0.0026839029547531	0.00185903569656635
72031	30-34	2	0.00234844452587259	0.00370763742377	0.00492780945933612	0.00413753996867818	0.00269552775958918	0.00269032342418893	0.00311141909851591	0.00198830154474454	0.00222504742153899
72031	35-39	2	0.00285127685712578	0.00402378174035988	0.00584800067023488	0.00464235375368358	0.00293166572751777	0.0027435531124968	0.00316472092976572	0.00231725508370246	0.00259175794830902
72031	40-44	2	0.0035035909279281	0.00429390249105998	0.00631099378288355	0.00667669434486929	0.00451834829599575	0.00402386248396965	0.0032447367591803	0.00310940052564043	0.00394803918123524
72031	45-49	2	0.00490985477883064	0.00542633013370001	0.00667108488718091	0.00732889860549971	0.00597020106267026	0.00523015926182417	0.00412252544331963	0.00385897377030187	0.00442200478906279
72031	50-54	2	0.0070156622877791	0.00667987965402983	0.00704653516950339	0.00885010617470261	0.00737350101538676	0.0069172990892084	0.00584149492404392	0.00611508814837866	0.00599498735550781
72031	55-59	2	0.00958702321201025	0.0128122136803186	0.0122403812077167	0.0114661939114343	0.00986856946197809	0.0107048879504863	0.0100761602347091	0.00876637906120132	0.00867556462659196
72031	60-64	2	0.0169899142710849	0.0169530013645961	0.0163651834979925	0.0166559027627715	0.0145707740697427	0.0143816687016329	0.0126646781396081	0.0117284690200571	0.0127958427693874
72031	65-69	2	0.0220209141603441	0.023184983401893	0.0238961859728767	0.0210728589847262	0.0193126742486757	0.0194607803130352	0.0171820577829395	0.0159203331445592	0.0156246592255602
72031	70-74	2	0.0384420691628853	0.0398467705431172	0.0399404666274105	0.0347519048355361	0.0296898196665301	0.0274007905348234	0.024695811106856	0.022765891765401	0.0218664742871753
72031	75-79	2	0.0558148531016883	0.0530891764037884	0.0529200196931372	0.0563379472140503	0.0448476483269713	0.043571164851647	0.039107874098028	0.0340438867410714	0.0324606793379408
72031	80-84	2	0.0905155873086767	0.103731944458785	0.0894785135652945	0.0864865312115595	0.0759191176849293	0.0690350280553139	0.0628912767834946	0.0521187736867676	0.0515394551632319
72031	85+	2	0.157504047484792	0.164103914117744	0.141033305093135	0.136227857280514	0.132762225285674	0.148339066921797	0.135734381394338	0.11470996822959	0.109470993838685
72033	0-4	2	0.0053695333869276	0.00388380542107939	0.00381087005437547	0.00386967030713047	0.00296191811475923	0.0029908604959591	0.00342619472346379	0.00292327886667143	0.00287740136292736
72033	5-9	2	0.000304052466226216	0.000291343412572484	0.000288326703316682	0.000299677273570392	0.000234907453628931	0.000224282695885794	0.000217460670733876	0.000190599141130712	0.000199479153343748
72033	10-14	2	0.000379273236105779	0.00036666165965353	0.000331827966258482	0.000326744705309119	0.000324278965299391	0.00032667373140634	0.000262493445149118	0.000231827349930643	0.000254680644405051
72033	15-19	2	0.00151343431999758	0.0020539346888049	0.00286797292779506	0.00170331568540583	0.00156052061525365	0.00148858624234713	0.00115695449453469	0.00079595637034405	0.000933116515717566
72033	20-24	2	0.00261602670265493	0.00332798987106166	0.00414879102958855	0.00458742583148403	0.00358217030507668	0.00249824170019071	0.00265483478832605	0.00190007727560629	0.00208873027531412
72033	25-29	2	0.00395285298516779	0.00442984391264121	0.0064519252322859	0.00445376549571013	0.00356152978406462	0.00419953132845292	0.00254522713677718	0.0024964318036096	0.00262550174127834
72033	30-34	2	0.00475568055716644	0.00578711003785507	0.00744019734531992	0.00699817779695766	0.00432779075984737	0.00300426270801371	0.00248238862078566	0.00323673358384492	0.0025444812857419
72033	35-39	2	0.00389829832564094	0.00529216228565757	0.00875569044962683	0.00707633011290198	0.00434997276593617	0.00437129200889845	0.00311422217574925	0.00392375398543377	0.00344704795238093
72033	40-44	2	0.00565713871608294	0.00528371303839116	0.00879634126239316	0.00789975761587757	0.0047266795896016	0.00579802094320094	0.00457581506953672	0.00497936377448522	0.00420718232011923
72033	45-49	2	0.00852935543025935	0.00881049890085297	0.00888231671445301	0.00920193851389195	0.00778222939418244	0.00656056457862938	0.00563719432104728	0.0049932758254174	0.00817342126881324
72033	50-54	2	0.0159002097749451	0.012413150639717	0.0126615422911584	0.0118176657066069	0.00979226026617203	0.00822688349346043	0.00899424730700368	0.00699940980288635	0.00766495656511637
72033	55-59	2	0.0192930343654951	0.0169548003068227	0.0139278682879168	0.0155912222287732	0.0138806755340288	0.0118257196236851	0.0123584050555856	0.0095046204679322	0.0124169994301505
72033	60-64	2	0.0238455815914456	0.0290366334352185	0.0278387184523061	0.0234551853038528	0.0186275705020159	0.016121578571689	0.014594558298585	0.0137579473511274	0.0162612727604913
72033	65-69	2	0.0386876863820585	0.0344909159348892	0.027114504213161	0.0274936448948062	0.0243226907905316	0.0234027960754986	0.020338977201419	0.01776168102293	0.0209327777048509
72033	70-74	2	0.05655576050114	0.0490843817548021	0.0483786513413594	0.0554210257934675	0.0298626865876799	0.0395717047014274	0.0318042478775393	0.0267249872969274	0.0323959942044665
72033	75-79	2	0.0679382485706338	0.0617323637425662	0.0702422130961569	0.0578391201292603	0.0561066403427074	0.0596025978772913	0.0499969124445046	0.0443232082298906	0.0432914899225103
72033	80-84	2	0.148529050511505	0.110289275795793	0.100203908801904	0.103240399910884	0.0997974942812205	0.0790708748005012	0.059867553993013	0.0633298666809689	0.0548095549332876
72033	85+	2	0.191851658702258	0.175658681521702	0.174631475410458	0.173246973165211	0.139235186588291	0.159599535283385	0.143141508132814	0.122086706987656	0.0986224751611384
72035	0-4	2	0.00473930935590655	0.00357530327250092	0.00369358295836507	0.00296808617380439	0.00262836813379584	0.00294270537329599	0.00191649508052671	0.00219489236021669	0.00213179758027271
72035	5-9	2	0.000219156212362807	0.000245949411479813	0.000232575758275282	0.000250626581964956	0.00020526819607269	0.000178248446542537	0.00016530296582488	0.000152779092437594	0.000159510873162861
72035	10-14	2	0.00027149691304062	0.000332194774401281	0.000302880737944872	0.000299790594166794	0.000258571258400606	0.000246491145485708	0.000207729981914728	0.000192567362386308	0.000192586327395124
72035	15-19	2	0.00096323744877172	0.00132792113419411	0.00142313173484888	0.00158999156204729	0.000895678547244433	0.000772310545187644	0.00118512158169287	0.000654796166703869	0.000700892848984777
72035	20-24	2	0.00160388284933669	0.00171352147395638	0.00246399125111979	0.00260305070915034	0.00220786914309345	0.00245519407035404	0.00295850794101918	0.00151795625476095	0.00143897599356711
72035	25-29	2	0.00188839833704293	0.00301745294860194	0.00321694918136122	0.00215054354557829	0.00162297224943758	0.00245366601168543	0.00319241163423008	0.00185126905828348	0.00187503562980476
72035	30-34	2	0.00235056184762867	0.00310892163893363	0.00515452072218742	0.00353872016652975	0.00218123730328335	0.00268766155837623	0.00300913828508667	0.00252644636925705	0.00300696774005354
72035	35-39	2	0.00319074346762001	0.00415835061935079	0.00456040999741252	0.00516306664596763	0.00411623771298345	0.0034263530361447	0.00271305897608612	0.00246848853032585	0.00291605359482052
72035	40-44	2	0.00422334353558293	0.00473851411576827	0.00552566933358108	0.00561950422449688	0.0045375881480668	0.00456817640033384	0.00277311650854423	0.00345826450981513	0.00297538343842135
72035	45-49	2	0.0058559506266563	0.006510028520632	0.00653449332809378	0.0063639777518105	0.00591544641011137	0.00593697245623967	0.00393064184929984	0.00406113391289557	0.00428461584639748
72035	50-54	2	0.0089185279101494	0.00880159462047451	0.00989983478766762	0.00910302764642617	0.0081011680553889	0.00752126096740258	0.00652813649684968	0.0053434718624396	0.00574640237436584
72035	55-59	2	0.0135017238030758	0.0124006647517609	0.0105727727015932	0.0129619979727047	0.00918126368561395	0.00894294152105655	0.00917492056382162	0.00750052506626606	0.00749250887336684
72035	60-64	2	0.0212300117942886	0.0199102829142353	0.0173829318744969	0.0174583413237701	0.015036104767501	0.0117920078990088	0.0117354315907545	0.0109799783383098	0.0111149610418838
72035	65-69	2	0.0311102776975303	0.026427697218811	0.0271266431826587	0.0251570583822141	0.0218934826264552	0.017784538872332	0.0179151578907705	0.0131474124350757	0.0147620223244216
72035	70-74	2	0.0399194033997028	0.0491009501491004	0.0424558729541771	0.0417810181943123	0.030564522455004	0.0235590759850696	0.0255022908302897	0.0184905119118241	0.0205826462705974
72035	75-79	2	0.05776821219981	0.0758877236841754	0.0606857652292769	0.0643817986299878	0.0528348831143551	0.0428637039630582	0.0410985948371471	0.0356669615817974	0.0276523711697251
72035	80-84	2	0.0931858352378906	0.101412235148415	0.0957887466853118	0.0830651565609526	0.0721100620576888	0.0743698900277627	0.0665178210599468	0.0574585929916297	0.0488570156190198
72035	85+	2	0.169155518693653	0.166669924509315	0.16647496033922	0.144765034821131	0.157132784155547	0.14792447836887	0.149680158663614	0.136649274785716	0.126778364492064
72037	0-4	2	0.00343776369130836	0.00341519656015917	0.00399451677761194	0.0032874477745034	0.00265308956696188	0.00281648643362642	0.00279498838029585	0.00199080746759605	0.00274931201371538
72037	5-9	2	0.000226230349510501	0.000269532251209867	0.000253170132194782	0.000234573790361189	0.000199350452600572	0.000189355651035071	0.000174493599155247	0.00015889503311653	0.000166235156004819
72037	10-14	2	0.000276319016805689	0.000282499699502345	0.000292658492194191	0.000299916533583154	0.00026834856471076	0.000230442329268593	0.000212438191139544	0.000194147870355828	0.00020287224094428
72037	15-19	2	0.001018400017245	0.000838499255136246	0.0010429381647655	0.0010398698896717	0.000830175350666247	0.00079020186452068	0.000885902155248097	0.000679343184434238	0.000650801239700929
72037	20-24	2	0.00158265958356361	0.00196327711212821	0.00157966725781639	0.00192223934548176	0.00158343500968199	0.00155799144903216	0.00157141127560205	0.00134273196060384	0.00147946463778698
72037	25-29	2	0.00225398004416883	0.00267819525119825	0.00251002623452578	0.00203038529409498	0.00180893322516048	0.00179630315108883	0.0021500275099774	0.00167800875999904	0.00209635263410159
72037	30-34	2	0.00262245727788257	0.00274677243216816	0.00268519389294667	0.00295560385272055	0.00220006661662015	0.00203493860927495	0.00247810832965955	0.00220052930139503	0.00261572166286208
72037	35-39	2	0.00333317469394861	0.0033561202631639	0.00391425839316619	0.00289075512499657	0.00252318944365706	0.00245017105084968	0.00302969708419106	0.00245018482675993	0.0028722225920056
72037	40-44	2	0.00422387361567533	0.0046808645072955	0.00598198548543828	0.0041087943838867	0.0037378789792119	0.00331184051644054	0.00301435618853337	0.00262479921091004	0.00385834159863306
72037	45-49	2	0.00589927701956513	0.00719597944518758	0.00684155220732649	0.00543252124169813	0.00438160783934179	0.00520210975536988	0.00375117429669643	0.00353118489827288	0.00415765680814557
72037	50-54	2	0.00723453617185738	0.00932193686502252	0.0092419610101877	0.00943300590991847	0.00807137979612389	0.00610968117387338	0.00631171453183283	0.00649077891457578	0.00719228739800401
72037	55-59	2	0.0146558688592588	0.0105813084185993	0.0151401495786246	0.0124084165793179	0.0103075649084965	0.0103832704945877	0.0103231044459432	0.00868035452091211	0.00986656344882601
72037	60-64	2	0.0200209370361136	0.0207995648163764	0.016404500145666	0.0152778548789302	0.0146168302161749	0.0140896112603362	0.0143836649979079	0.0145464977904347	0.0134422600808892
72037	65-69	2	0.0278080961320218	0.0232441546363931	0.0216755393953778	0.0231167604849339	0.0254124737822342	0.0221261453235031	0.0169539030092407	0.0163679791093331	0.0176530242374126
72037	70-74	2	0.0359099247484128	0.0517289011658502	0.0516957177603909	0.0428052331834506	0.0323093819010558	0.0293637892741369	0.0289896828393477	0.0247045009988988	0.0283101269429079
72037	75-79	2	0.0522417030119917	0.0644124932714429	0.0526642243598943	0.058681795510469	0.0517749384513175	0.0439698620571253	0.0384049916219141	0.0381343273104239	0.0383105048460104
72037	80-84	2	0.126073374618661	0.110203894502957	0.0908314675853249	0.123001890509199	0.0971758537286829	0.0851495176653968	0.0616338162339668	0.0518013625296513	0.0598890228080078
72037	85+	2	0.194951912776074	0.19865071990826	0.185024160846913	0.181461303995732	0.144120723388236	0.144293164616186	0.157963835273384	0.124741819221196	0.124850881109673
72039	0-4	2	0.00448929105011911	0.00408220681068555	0.003189108471775	0.00375983070750835	0.00267813368283287	0.00281496203880693	0.00253698243669657	0.00200521055708777	0.00198343709609177
72039	5-9	2	0.000217446176840818	0.00022171837527802	0.000253153325667027	0.000224702644072803	0.000191498984732236	0.000172891807400736	0.000158500726737941	0.00014458616655394	0.00015042175766771
72039	10-14	2	0.000288417295074101	0.00029512953899443	0.000277681892378822	0.000259221460987211	0.00022123641664875	0.000220604729755745	0.000202645073187871	0.000176418315296386	0.000203020730296867
72039	15-19	2	0.000879401578347225	0.000840830721182429	0.000835728082364513	0.000883093489509776	0.000872430847571991	0.000765049188173755	0.000595371012989062	0.00060912607604022	0.000641789442756488
72039	20-24	2	0.00165329749946318	0.00156047420791605	0.00187633437599463	0.00163016813881514	0.00173032654501054	0.00155471568864097	0.001525197399634	0.00102800931030293	0.00134273479826634
72039	25-29	2	0.00213009273756419	0.00202457336922993	0.00215948143177768	0.0020382933312414	0.00221610986299266	0.00215609210907677	0.00188153069273252	0.00139106932316555	0.00151827540617756
72039	30-34	2	0.00200289620290233	0.00256911620192114	0.00308157114086477	0.00266685599673951	0.00213796246030959	0.00207693814720554	0.00237753503653837	0.00161877177573648	0.00209738438045288
72039	35-39	2	0.00326378717001359	0.00315983204692713	0.00334529110292099	0.00377585196766018	0.00257940935187611	0.00267566182444872	0.0027585662611457	0.00230467505005954	0.00223221850744737
72039	40-44	2	0.0035477157925776	0.00380293124839472	0.00408600113091397	0.0044757136335767	0.00408938088032728	0.00330989371889661	0.00318971680971527	0.00261187318377717	0.00288623768986951
72039	45-49	2	0.00483928656081227	0.00507011933543852	0.00632346587884506	0.00613025924850643	0.00630169199212644	0.00400904999508227	0.00401171070361661	0.00421627527742839	0.00421998356539577
72039	50-54	2	0.00737915506774647	0.00729850710799835	0.00816887101824273	0.00880134523958556	0.0066047788778674	0.00618275284108424	0.00462187083572955	0.006473457504458	0.00480959478482919
72039	55-59	2	0.00965712174617457	0.0115177107282528	0.0129313766380931	0.0136167848196379	0.0102115584734094	0.00952044581601285	0.00767913340365432	0.00708896400539358	0.00673199807298427
72039	60-64	2	0.0140734461008633	0.0204879872812499	0.0151301202334596	0.0182599542914034	0.0128823109730718	0.0148465429069771	0.00868941392806575	0.0118357867119239	0.0110370329285855
72039	65-69	2	0.0272052469724715	0.0233024586862297	0.0225165278301045	0.0259816800930998	0.0224788246662683	0.0202637947637473	0.0157233558782859	0.0139911025934282	0.0156432680328007
72039	70-74	2	0.0362634997396782	0.0386534333264416	0.0419552530082656	0.0363046692207609	0.0323069408877786	0.0273124600846612	0.0252159929969427	0.0209598079566688	0.020247884285391
72039	75-79	2	0.0530006938535744	0.0508989434912659	0.0525634500711567	0.0595164490982404	0.0531251387046056	0.0517175435838521	0.0440043838930108	0.0292035437507847	0.0398337641569236
72039	80-84	2	0.10467647488713	0.0752902621360602	0.0920381810526144	0.078178153763795	0.080456966409402	0.0752696987621242	0.0733575159248655	0.0646950965973333	0.0605014860951349
72039	85+	2	0.163164804299735	0.140346068087065	0.162756629645664	0.171008875589181	0.17041159530597	0.129523415173079	0.151699955379861	0.126154200548964	0.107374042671017
72041	0-4	2	0.00403704283694203	0.00342275348356461	0.00281302220301404	0.00294110524603647	0.00263004440271815	0.00242505840313892	0.00221591481562818	0.00168045565880387	0.0017876973275813
72041	5-9	2	0.000207158591062642	0.000200731960838009	0.000216960362930049	0.000233522569039123	0.000165132252622999	0.000165464007430017	0.000145174247265141	0.000140648446301758	0.000147233533561043
72041	10-14	2	0.00027117421593104	0.000330738193176425	0.000271470038364185	0.000265792689211247	0.00020777789972158	0.000218287394483663	0.000183729927362282	0.000161923565400612	0.000168960809345269
72041	15-19	2	0.000767586408927264	0.000751481616805449	0.000857465229144116	0.000955344574840434	0.000731493229784954	0.000708788481219099	0.000570609216881966	0.000704844834046242	0.000529439873930127
72041	20-24	2	0.00156430674606219	0.00138723599209958	0.00200375637640221	0.00141036190179998	0.00135601822971893	0.00165048640025887	0.00160238938984412	0.00101859614466953	0.0013453050039475
72041	25-29	2	0.00171411109078418	0.00195484765678476	0.00211574161527475	0.00177074881359418	0.00179708360412064	0.00216985199241188	0.00179956349335669	0.00195359612038246	0.00168539498320248
72041	30-34	2	0.00225608495021837	0.00234602059175997	0.00298893452592136	0.00280696716159005	0.00223974143150103	0.00184698776255294	0.00240708194844866	0.00229817112345831	0.00194104706557821
72041	35-39	2	0.00254875833513737	0.00266346038226812	0.00304712274470039	0.00352076726147197	0.0022450719809251	0.00253560385365658	0.00224467761369711	0.00221431127286739	0.00261453766949315
72041	40-44	2	0.00552681655492199	0.00376013752492673	0.00455226108754611	0.00387051660169336	0.00297196171191696	0.00323333645828369	0.00271872962960183	0.00260375225963216	0.00478248511637148
72041	45-49	2	0.00621228372249874	0.0057746329608628	0.00456380359311276	0.00423025451005988	0.00426868887406356	0.00398773265502339	0.00396974461238182	0.00334934071077515	0.00425822533978941
72041	50-54	2	0.00912624136496703	0.00768568646477659	0.00631381966992502	0.0071128301320515	0.0049799580874062	0.00612789600847734	0.00509512780327351	0.00636208815112595	0.00492515046104955
72041	55-59	2	0.00924565395112877	0.0136511442005858	0.0114606963472206	0.00931678263379423	0.00993094564313836	0.00896561857470416	0.00656767351494839	0.00691468675661108	0.0066368179000477
72041	60-64	2	0.0169586764895237	0.0162517971027195	0.018252996945339	0.0158889570311204	0.0147652644660308	0.0117834957121045	0.0108250843622075	0.0110527623350025	0.0125326767714392
72041	65-69	2	0.0212294682479556	0.0277565467254754	0.0235060301699031	0.02197699315169	0.0190640885209774	0.0149099664475998	0.0150853131511839	0.0136470521340157	0.0155701213422
72041	70-74	2	0.0330741882456718	0.0325531385377705	0.0307808230742175	0.0375246830268972	0.0273362720009008	0.0233352655514777	0.0275717446795263	0.0204074969251889	0.0206891748986518
72041	75-79	2	0.0563195753199408	0.0620461794295964	0.0431588824235915	0.0499647258975137	0.0427535869397181	0.0447101447711882	0.0366689581146214	0.0309076011187716	0.0308489933534041
72041	80-84	2	0.0715541139553277	0.0760185716159753	0.0831237118127962	0.0772297586248265	0.083897135208324	0.0745352255695359	0.0624811781145136	0.0581448323309463	0.047265833929275
72041	85+	2	0.137785918990282	0.163186122749931	0.172066613961143	0.151630588208152	0.140142999434495	0.148005196718628	0.121964670605827	0.126968950124686	0.119584287584067
72043	0-4	2	0.00415624912066258	0.00341213130535725	0.00419736081467904	0.00397470893740627	0.00289316133813759	0.00229054720353441	0.0022060608899117	0.00186000411652818	0.00188632243779182
72043	5-9	2	0.000248722842178114	0.000221614311162527	0.000240487653713136	0.000283394388803422	0.000220962542421827	0.00018144938402444	0.000176476519218241	0.000147509582138407	0.000154393841766539
72043	10-14	2	0.000311385693975745	0.000349534788672335	0.00027465665709568	0.000281297454512818	0.000219103321946692	0.000217233383284541	0.000212292186182557	0.0001794846219762	0.000186835890997769
72043	15-19	2	0.000957295516122013	0.000943211112388512	0.000777337798454363	0.000801665427252353	0.0010358431831072	0.000904815730303282	0.000708463555348939	0.000602301677334239	0.00064149674693588
72043	20-24	2	0.00163656008879897	0.00177088148538486	0.00229758632306104	0.00147225975276268	0.00151827829197862	0.0012286100303302	0.00142777820874117	0.00122977224536207	0.00184783673926031
72043	25-29	2	0.00195020642471622	0.00185218306580951	0.0023025598615945	0.00229777458178008	0.00199840732743618	0.00178385867238351	0.00188202765686822	0.00187672990445675	0.00153200757820163
72043	30-34	2	0.00240805905037412	0.00301070017535657	0.00261710991445939	0.00320933698362386	0.00178836492744067	0.00187495808246804	0.00202007212698103	0.0022760828597105	0.00190109432943349
72043	35-39	2	0.00295051387411197	0.00450194479411901	0.00463429757463132	0.00393510856490524	0.0032374294478749	0.00237975468316569	0.00214156513011036	0.0024451441879947	0.0021759508417494
72043	40-44	2	0.00379683204484931	0.0035262783075139	0.00488842544398109	0.00590508809985081	0.00349218056630885	0.00314665329677989	0.00290626428565676	0.00234128746374322	0.00270436246356129
72043	45-49	2	0.00549767726237986	0.006596620145532	0.00638887280789169	0.00633583081278698	0.00552807759235914	0.00346807954747174	0.00384037563657324	0.0033574524164684	0.00359536342827294
72043	50-54	2	0.00833196909887937	0.00970102207697855	0.00769160961444548	0.00833848827838757	0.00568972976780458	0.00623999515395511	0.0057164083141343	0.00626720707468171	0.0056860330418906
72043	55-59	2	0.015609321615528	0.0120460766114667	0.0122093493781362	0.0116117816169727	0.0101008383367495	0.00729269923760017	0.00971621881017316	0.00835060827168231	0.00863009245972287
72043	60-64	2	0.0210334936190914	0.0175354352223143	0.017970513818014	0.0166724390400869	0.0148200240962191	0.0123211041646879	0.0130118315976332	0.0126438241380561	0.0115025339301751
72043	65-69	2	0.027925482233545	0.0268802255625855	0.0312245603270372	0.0265788951884934	0.0253739704774039	0.0180709515525414	0.0171837903789479	0.017645003328795	0.0131135801576842
72043	70-74	2	0.0378970223281543	0.0461665110691075	0.0354486843241611	0.0362353284351102	0.0349490107066569	0.0289681075767281	0.0278747323516942	0.0260734659271632	0.0249078048260475
72043	75-79	2	0.0536783321154711	0.0580142059337552	0.0519280196434124	0.0542482969022177	0.0589455528310784	0.0526467813706423	0.0468657781913761	0.0428034297640544	0.0391250226980058
72043	80-84	2	0.0806261602785848	0.0809824402076879	0.0980006692487033	0.102868080335914	0.0884569157208794	0.0750602125682873	0.0757411759899574	0.0684414786853668	0.0534062235186756
72043	85+	2	0.184357004570912	0.153987639302696	0.155615731895575	0.14878605680202	0.167553873238117	0.164846269365902	0.143007619261017	0.113159481000425	0.110452483563994
72045	0-4	2	0.00348230195347979	0.0037518967208974	0.00279740096380434	0.00336922190277181	0.00283193195433369	0.00265695527073543	0.0022603006499987	0.00194533424465909	0.00235924050885845
72045	5-9	2	0.000224043284371843	0.000228488614376509	0.000236961100878938	0.000233196357464447	0.000189110229355629	0.000178970506762509	0.000163831310676762	0.000150001454431923	0.000164571192205037
72045	10-14	2	0.00026913549943425	0.000318734228169465	0.000286671828667395	0.000281699616401269	0.000229115452653144	0.000217406968381667	0.000209855204848265	0.000183196449623974	0.000200551731311767
72045	15-19	2	0.000998894863380621	0.000811983553335978	0.000882975159488414	0.000934469370394885	0.00077824265250617	0.000743336907948707	0.000633791931244184	0.000570519743865808	0.000625710061794071
72045	20-24	2	0.00193905655196619	0.00183667704791481	0.00226690961383775	0.0023087697974127	0.00187481032567791	0.00131597394566093	0.00138310113092303	0.00145434021422133	0.00130623544324166
72045	25-29	2	0.00218703845229808	0.00232036176963407	0.00230712578274168	0.00237967728534002	0.00181792278681335	0.00196311102789637	0.00152768823336842	0.00200585117504675	0.00145429287146253
72045	30-34	2	0.00240911956963234	0.0028332552213256	0.00287301723791601	0.00330462210466635	0.00259122407192746	0.00230132574146251	0.00202975586970586	0.00176898581508154	0.00183854197886953
72045	35-39	2	0.00284051480386034	0.00378041214561531	0.00397207435648186	0.00444329732686759	0.00265367043095917	0.00337976154391142	0.00242696533866281	0.00247006160024821	0.00261368436214989
72045	40-44	2	0.00417686475694811	0.00425747068363424	0.00417429610031223	0.00442336843025816	0.00345592302838487	0.00319982694853191	0.00315882987147629	0.00289883327129851	0.00335655071700936
72045	45-49	2	0.00583039044989452	0.005382135845483	0.00590318975380454	0.00524994163244948	0.00550992866460875	0.0050030974522312	0.00460578574398624	0.00428340060564727	0.00409588688553727
72045	50-54	2	0.00832243181961195	0.00722867488792004	0.00941150860670317	0.00870533363645708	0.00705054292336424	0.00659114719468925	0.00565311869813662	0.0060791868561884	0.0079471410226637
72045	55-59	2	0.0139476137445812	0.00972278907252792	0.011532886193516	0.0139465902501582	0.011351756607424	0.00881291272656698	0.0091185912664435	0.00742216858648956	0.00943180061737277
72045	60-64	2	0.0138863644963171	0.0178574339320379	0.0190752233828644	0.0152078120196039	0.0150011380555454	0.0151848795589709	0.014091802751738	0.0130795526433171	0.0110865044438907
72045	65-69	2	0.0255331857984886	0.0262415959803903	0.0229596975030914	0.0250620852092693	0.0246228743391963	0.0260892183328909	0.0170484752515804	0.0164081633995479	0.0149934722619306
72045	70-74	2	0.0351326538664683	0.0378886954209608	0.0426224089611261	0.047817143673578	0.0302619140954878	0.0278161825273164	0.0293212411434805	0.0222790927279018	0.0260626506624084
72045	75-79	2	0.0635092335409376	0.0556855505938153	0.0504183126483335	0.0560968423998863	0.0513388145326345	0.0390736354423401	0.0369661067168013	0.0461879767894864	0.0467353239698568
72045	80-84	2	0.0846013677122252	0.101689858976349	0.0948613473790675	0.0699168889716915	0.0801467307524114	0.0844014686781781	0.0635897286611621	0.0684307257426268	0.0634287457065003
72045	85+	2	0.179235507959086	0.135731333568768	0.163209181258041	0.159113971626638	0.16776010985162	0.165109866706118	0.153040488154372	0.1381342583612	0.126901869551454
72047	0-4	2	0.00454551202972984	0.00312370874070502	0.00333865399274334	0.00354258411360846	0.00275953543582377	0.00258074266210377	0.00231339743247589	0.0016591946019593	0.00265132963895215
72047	5-9	2	0.000257320651815638	0.000215804303192254	0.000234826610983117	0.000252384287947421	0.000187272265593084	0.00017022733440994	0.000172956936171985	0.000151579234064885	0.000150529460096224
72047	10-14	2	0.000243459749450882	0.000260056665228823	0.000324248571356509	0.000274500380314428	0.000213806112592868	0.00021418388682287	0.000218884833535442	0.000192920501446964	0.000191325519638397
72047	15-19	2	0.000976503105177483	0.000815111865225717	0.000914810149913173	0.0012545280005585	0.000967872618104188	0.00101363791666963	0.000596080009677223	0.000619189211271555	0.00068335335232682
72047	20-24	2	0.00165233923644356	0.00134249356708277	0.00221148342248841	0.00196708786300428	0.00196658562358794	0.00217738499722183	0.00156855209096439	0.00149431756776109	0.00144987851403489
72047	25-29	2	0.00189363501373298	0.00215116551306979	0.0030310597345834	0.00202332000612649	0.00216070817800401	0.00179440255764808	0.0017913894560818	0.00148319673749556	0.00137901132024931
72047	30-34	2	0.00250810075056516	0.00277452561687562	0.00283572022452362	0.00358319243535704	0.00190184761436657	0.00238543547279347	0.00224377526739778	0.0017815816264661	0.00219742162600971
72047	35-39	2	0.00270578377478306	0.00315064503666724	0.00382550877969315	0.00312015975073418	0.0027090210858839	0.00261280158359359	0.00232043942086233	0.00238061127063157	0.003333470555673
72047	40-44	2	0.00359932862082366	0.00462014730419708	0.00424306430532955	0.00455454753867717	0.00302789852226076	0.00346797465339428	0.00309368412811781	0.00215317559837124	0.00294387062136033
72047	45-49	2	0.00476828348023675	0.00448895852162354	0.00603391523169403	0.0070401235624866	0.00542767176583565	0.00515802096983693	0.0040239813662426	0.00364245565376622	0.00319688074864387
72047	50-54	2	0.00768238109119139	0.0080739707976872	0.00908212715893701	0.00710604038809291	0.0055957278460428	0.00579044934541068	0.00507362254914395	0.00683326844568484	0.00495776887463952
72047	55-59	2	0.0118873659294131	0.0108740883414531	0.013773717584714	0.00981271784613884	0.00794769019101921	0.00842460453778896	0.00929552520831853	0.00822702821634634	0.0103627287067842
72047	60-64	2	0.0197567463418574	0.0163972544012298	0.0187255568759019	0.0196578921774097	0.0139963843820522	0.0136671010918897	0.0134444956831766	0.0131862276718722	0.0143040519438141
72047	65-69	2	0.0231333188271191	0.0244561987893404	0.0253166285828346	0.0205223602943769	0.0194096871619351	0.0165884806570111	0.0138831906099897	0.0162758269776638	0.0156482156891571
72047	70-74	2	0.0366010277055973	0.0357054076648698	0.0331014597229511	0.0336742748186622	0.0312144819281656	0.0272099203108378	0.025130527468101	0.0233723565924	0.0248568436714511
72047	75-79	2	0.0461855292068486	0.0571285994922709	0.0544713746623975	0.0560442151433793	0.0481992228482832	0.0447828550963081	0.0423405113497411	0.0369663243124004	0.0370979807860712
72047	80-84	2	0.110349137312429	0.0704236162276274	0.0962385513917518	0.0966965640392805	0.072503035664052	0.074401689066644	0.0716513102192905	0.0559160822497431	0.06078749554444
72047	85+	2	0.167934723061103	0.171429561666455	0.177520354668797	0.180631624342106	0.177220986640657	0.167528854339093	0.141180468715671	0.134191736111743	0.102530942052595
72049	0-4	2	0.00386262228845705	0.00329162975196126	0.00295181323656628	0.00244533303626881	0.00180009063383923	0.00204456359868445	0.00241021951484938	0.00242198572090772	0.00246499977138496
72049	5-9	2	0.000206432757222941	0.000211480747486317	0.000219842973551759	0.000214320711744204	0.000180407488670349	0.000170059806946797	0.000155016803612165	0.000140781965112943	0.000153985137777127
72049	10-14	2	0.00025323017327711	0.000259463725844586	0.000269766161252692	0.000263098503389923	0.000221461744768281	0.000208643847344614	0.000190225633029494	0.000172758415051232	0.000179437113714947
72049	15-19	2	0.000882958143639708	0.000860435727666865	0.00094153597128083	0.000964777717258679	0.000733192810968221	0.000691047872303245	0.000630444457537063	0.000573773738381133	0.000596407258545965
72049	20-24	2	0.00163860368239885	0.00159397394121219	0.00165567477162288	0.00170094535434227	0.00136387816980018	0.00135506112696353	0.00123310763323792	0.00124138654153217	0.00123007831976566
72049	25-29	2	0.0019383289484217	0.00198656338662094	0.00217318677821218	0.00201833188970252	0.00170283655390965	0.00177212087405153	0.00154393081959591	0.00140477315724567	0.0014567517575444
72049	30-34	2	0.00231424843326506	0.00249563863178119	0.00246129219401345	0.00251468515175706	0.0020234254318972	0.00201995165441584	0.00214136272787232	0.00176212171983204	0.00173581638801842
72049	35-39	2	0.0028870017917019	0.00308355391351393	0.00303080769591933	0.00326455594069131	0.00250342878968915	0.00248576558620001	0.00227581837258734	0.00219008713714746	0.00239335156491661
72049	40-44	2	0.00360861041267827	0.0036576564513771	0.00395844171803806	0.0036580133790295	0.00309382776569491	0.00307958335335408	0.00282123743631936	0.00254905466960426	0.00310544983152885
72049	45-49	2	0.00482427225209403	0.00564000204916908	0.0057611685236758	0.00505109676861071	0.00469802022622202	0.00401617675810604	0.00388249418125129	0.00377123414078445	0.00351032867962131
72049	50-54	2	0.00718815460833877	0.00692065141752708	0.0070842880427075	0.00784555376863013	0.00700277727595801	0.00695984770654414	0.00600139480186006	0.00471361935082022	0.00495166168094923
72049	55-59	2	0.010771328796436	0.0103029484697891	0.010962230632704	0.0119792617317973	0.00801234067374541	0.00750637885237676	0.00737773404704851	0.00774269058396043	0.00793573605751914
72049	60-64	2	0.0160460981568593	0.014338707420683	0.0158025547272304	0.0173763407981331	0.0135739709642228	0.0148717308690525	0.0117374099008286	0.0136248389788088	0.0125678247786406
72049	65-69	2	0.0252173322833708	0.0218633402799488	0.023228338660817	0.0258525426571984	0.0194455949353804	0.0188456280041383	0.0174127799610887	0.016071426722138	0.0141954161165956
72049	70-74	2	0.0325649056189329	0.0384463075344981	0.0397519412146251	0.0371640794370317	0.0277566627836647	0.0247665138466897	0.028498101205647	0.0233747972800132	0.0216913918910468
72049	75-79	2	0.0523353402349144	0.058632907786492	0.0541453962375121	0.0467809204496676	0.0390635485194135	0.0409308986934811	0.0406598127819125	0.0402241257941007	0.043874607896543
72049	80-84	2	0.084520719832506	0.0962471020205905	0.111836357873367	0.101322308537101	0.0963938796422571	0.0831176112912456	0.0622476807826423	0.0611945575550872	0.0672471676602863
72049	85+	2	0.1991150505975	0.18384929193642	0.166380793570497	0.15331385576465	0.145436180657931	0.141641805675552	0.144276386174628	0.131342571114202	0.112301940530932
72051	0-4	2	0.00382970320817747	0.00304155255480476	0.00278660149609162	0.00284198182191486	0.00273476019203344	0.00268486171439798	0.00231460518273365	0.00189391991771153	0.00211140522314612
72051	5-9	2	0.000226696112273767	0.00022102372229146	0.000240597005066918	0.000214965648933461	0.000201643085338664	0.000172134843698071	0.000165928169518354	0.0001530912739623	0.000160145616887447
72051	10-14	2	0.000315248623949439	0.000253298123840409	0.000288151833229586	0.000271581246114009	0.000232083672496137	0.000208156562413397	0.000199137790909556	0.000175432962604685	0.000202758299924907
72051	15-19	2	0.00113519769423256	0.000987174732814008	0.00100950845646813	0.00136816437116256	0.000809431407031845	0.000876342779546317	0.000690732405578352	0.00061162625583163	0.000701297679531486
72051	20-24	2	0.00148712778995642	0.00177682707851793	0.00223568667593383	0.00235017365792615	0.00229183607765604	0.00161874085627723	0.00165527256880623	0.00128515926908278	0.00128882180555398
72051	25-29	2	0.00199465638600488	0.00239582211137331	0.00354946372461974	0.00246813001308473	0.00215680453496433	0.00235700133634274	0.00262015784517617	0.00169949076233816	0.00214678071059709
72051	30-34	2	0.00218221560702392	0.00242803342347324	0.00374981787182455	0.00301617541525051	0.00185685934487876	0.0022092751079426	0.00223800754516346	0.00162342929857712	0.00217240012841786
72051	35-39	2	0.00353953061176942	0.00385309034450324	0.00431372978063793	0.00427685043618711	0.00266537271499462	0.00249027941767783	0.00247033367903869	0.00275410077671836	0.00240338576658366
72051	40-44	2	0.00368601536282258	0.00417056496950097	0.00532111931099651	0.00464082056363785	0.00386666278726153	0.00331141409479061	0.00270167875452988	0.00278494877422365	0.00345620977752086
72051	45-49	2	0.00530065741740163	0.00523451946733218	0.00678629659226491	0.00761658215752736	0.00585269486820344	0.00498853436010098	0.0037273057652027	0.00302608358434891	0.00314520365726954
72051	50-54	2	0.00817729658515648	0.00873570945177095	0.00694289519885532	0.00793382083188904	0.00696893324052103	0.00655407318564653	0.00500975807640167	0.00501441392982717	0.0053780855198232
72051	55-59	2	0.012290108946892	0.0117702108247672	0.0159968015773965	0.0114022328701876	0.0127996260102548	0.00945971323184491	0.00824674851770687	0.00771209229239834	0.00815750059388114
72051	60-64	2	0.0179198206041562	0.0198672589698252	0.0181948090371551	0.0152113990637571	0.0125123506868773	0.0127888768248105	0.0101224292245116	0.0116071283894345	0.0111775843781386
72051	65-69	2	0.0251032802868236	0.0280517878203293	0.0229505639655693	0.0275306574522455	0.0245826014269273	0.0212555020995898	0.0180382169465344	0.0155220259201315	0.0154811059010568
72051	70-74	2	0.030424843200022	0.0456527201200985	0.0362622890834935	0.038386758773924	0.0309288610367536	0.0279490663756937	0.022016563912334	0.022658819223869	0.0228121970961668
72051	75-79	2	0.0519218310338106	0.0629733791927143	0.0553476660867896	0.053494801037288	0.0549080120611073	0.040765221282308	0.0375293445708309	0.0358399345620921	0.0363141683513322
72051	80-84	2	0.0880478778007516	0.10992580392162	0.093743246692753	0.0938550561998002	0.0929733989723972	0.0860895694063006	0.0617653012457049	0.0573876725879099	0.0604426675182188
72051	85+	2	0.136582032873371	0.174768637529561	0.146023360742584	0.154712906812819	0.129018939398557	0.147247928348614	0.149750390891412	0.130446511254439	0.130101651005278
72053	0-4	2	0.00462588060880503	0.00354252976754226	0.00467704856578293	0.00327602785739562	0.00302238227042201	0.00300285196497374	0.00300152090264819	0.00227745016070525	0.00247581092921546
72053	5-9	2	0.000245940481917235	0.000266635183014785	0.000318560616898805	0.000243709234729689	0.00020845884711458	0.000210055741533282	0.000195088367265869	0.000171009571771447	0.000178842808853629
72053	10-14	2	0.000307788649647227	0.00033053872587296	0.000359961393203695	0.000323226294522046	0.000278460762370809	0.000278192108173353	0.000223742657874802	0.000207131463197092	0.000216360599803363
72053	15-19	2	0.000905793172033804	0.00111891479262221	0.00111425509748672	0.0015035239140006	0.000883743850409079	0.000902313208288203	0.000956565619021455	0.000789353644296353	0.000806307915590742
72053	20-24	2	0.00160400090941215	0.00202343209561828	0.00243850371567264	0.00234281066707863	0.00215218776975314	0.00222983051656313	0.00288417191371209	0.00203642183370848	0.00163765887854524
72053	25-29	2	0.00211400017577021	0.00216079848897289	0.00263754345170991	0.0027972122914336	0.00260568494171097	0.00270040715345386	0.00295792405204908	0.00242912429282496	0.00220217475479826
72053	30-34	2	0.00246490157350374	0.00344942195400829	0.0040529903278275	0.00352666618182057	0.0029965581714744	0.00329081100603572	0.00243369031161935	0.00267832733325438	0.00291485536580846
72053	35-39	2	0.00387968033506574	0.00441398940909772	0.0061489350874253	0.00508825862010665	0.00386169464076554	0.0031243354979497	0.00330059511927832	0.00274640591850525	0.00284219289188392
72053	40-44	2	0.00528896739454349	0.00528341574285681	0.00656587819810648	0.00670293793495475	0.0044627921196723	0.00488671482971035	0.00343270064538955	0.00444006739366917	0.0046442683593956
72053	45-49	2	0.00712286229555798	0.00572001748982425	0.00751272084977257	0.00807770849569971	0.00726308283531491	0.00515463688177692	0.0061709661033792	0.00463887520919237	0.0052600335000089
72053	50-54	2	0.00877092717826661	0.0104322548702686	0.010301741033914	0.00792813116198245	0.0079127549680258	0.00760774051434716	0.00734095088274299	0.00537734777928542	0.00808305602522588
72053	55-59	2	0.0144222590384183	0.014590587122645	0.0135396246534354	0.0149860825788458	0.0110577964016688	0.0131583296640563	0.0120722471408677	0.0102957290709218	0.010325644230349
72053	60-64	2	0.018109015013617	0.0179916259768888	0.019033356809648	0.0195666741665794	0.0184057381753304	0.0191121372899544	0.0156208081373708	0.0148941662512212	0.0145433799193018
72053	65-69	2	0.0270618295326445	0.0229331854265078	0.0295797228175345	0.0236094256208311	0.0227100471575535	0.0278903589500129	0.0194034334924214	0.0192953056596083	0.0209239575503361
72053	70-74	2	0.0447756353264103	0.0420293341509236	0.0468460282855978	0.0373229971319098	0.0403678738823979	0.0307996627397123	0.0258662612543841	0.0251167832002864	0.0260748505529283
72053	75-79	2	0.0502537720848264	0.0558442282114279	0.0661596468837906	0.0611524539054307	0.053522030568364	0.045644372328888	0.0436110373099518	0.0379487454786221	0.0416016272944179
72053	80-84	2	0.122077414842514	0.100539634303351	0.100777211306685	0.10031261053036	0.0785822847537879	0.0894837524985945	0.0693869718433594	0.0522343409646755	0.0693986594268329
72053	85+	2	0.184475959893008	0.218446582262056	0.157627522326194	0.177134026748669	0.152957705744718	0.146780216882608	0.154578307673783	0.134784617713545	0.116944984912555
72054	0-4	2	0.00420426920610561	0.00405421255720956	0.00380070832065017	0.00393651334505089	0.00293904653691818	0.00302167276865888	0.00250839433923844	0.00221137807437515	0.00233123080241268
72054	5-9	2	0.000226634693475833	0.000232716412510286	0.000241174493577614	0.000246056958032236	0.000197101333229485	0.000186333965495349	0.000169949374961079	0.00015541978786088	0.000161440210563142
72054	10-14	2	0.000276406652940271	0.000298039868990803	0.00030872655895486	0.000285236422301453	0.000240508399727404	0.000226859857636765	0.000206731808760759	0.000189729589722607	0.000197219135068227
72054	15-19	2	0.000918823566258132	0.000935315851975032	0.000961573742976345	0.00117430987844152	0.000913484064557404	0.000713771097099237	0.00068545197755111	0.000633247803179449	0.000632934078157841
72054	20-24	2	0.00164926672977518	0.00159568225174049	0.00193191618920248	0.00175091259252141	0.00162370233648529	0.00131582103609708	0.00132852687810407	0.00124781069248548	0.00147870841311638
72054	25-29	2	0.00234941745050201	0.0021788885978085	0.00240236782891335	0.00225527967932593	0.00201396997829613	0.00184795935713843	0.00217604240055342	0.00177277426178495	0.00160803721159473
72054	30-34	2	0.00248389660759094	0.00253318056819512	0.00318207869773151	0.00288869304293155	0.00209073878584066	0.00207697956496814	0.00202190294625118	0.00193819068986908	0.00190129803214375
72054	35-39	2	0.0036461921467921	0.00334497250816908	0.00379924743004121	0.00405385530952814	0.00251897061069766	0.00247670070163732	0.00249337612755568	0.00240106998770611	0.00268202834413959
72054	40-44	2	0.00429450335527562	0.00405117960416292	0.00487951691187285	0.00457906459277696	0.00392201098153728	0.00304854382316905	0.00251268510723948	0.00298550455085256	0.0034766254802617
72054	45-49	2	0.00655858374156983	0.00707252905757142	0.00549483438950662	0.00630300209905488	0.00475472911270623	0.00442983936856518	0.00375468485524286	0.00339447123470554	0.00422876455593353
72054	50-54	2	0.00873371927653201	0.0117137875399781	0.00861530698492527	0.00793263093292126	0.00654158981017658	0.00634861287352755	0.00649247642861178	0.00658615937850438	0.00621738643781582
72054	55-59	2	0.0120039852627033	0.014531982168758	0.0126748112707439	0.0129817761892738	0.00765298680098751	0.00781031289438155	0.00870220564434555	0.00855405418898087	0.00800739609099643
72054	60-64	2	0.0189855424253333	0.0169872093618641	0.0175614419303379	0.0183021088536619	0.0177245896622615	0.0149839619839981	0.0138496036034311	0.0103980784694458	0.01065972738731
72054	65-69	2	0.0259090376637892	0.0243566475689222	0.0292036910066427	0.0267276846875614	0.0244112557206437	0.0229309453662062	0.0165133742400643	0.0164266672631153	0.0165337859833472
72054	70-74	2	0.0402260194658036	0.0500164910952936	0.0491255226132075	0.0424083699411353	0.0343840983331398	0.0339408028232251	0.022526837637017	0.0212498934617291	0.0244475078892118
72054	75-79	2	0.0578234743721379	0.0524735494839443	0.0637389135842699	0.0478760108943339	0.0567768074358982	0.0457345569996671	0.0373206098181043	0.0400422339184816	0.0394706074611922
72054	80-84	2	0.105040857304208	0.103805413336345	0.116189847728381	0.0910920650184783	0.076781915800531	0.084772993358495	0.0658913296467651	0.0739917297701917	0.0572189570094387
72054	85+	2	0.238882570276423	0.194727713261756	0.184929771063092	0.199452371947733	0.174346453788843	0.182940924606386	0.16135225906838	0.155816397962257	0.150735785948104
72055	0-4	2	0.00440934591504739	0.00463775148321126	0.00435245890802442	0.00407558236264847	0.00328860627230498	0.0038491314955607	0.00274248074998084	0.00253982300338706	0.00312438954476148
72055	5-9	2	0.000287885518501114	0.00025609515738688	0.000266395605183685	0.000287636010080725	0.000245166173018987	0.0002109971574292	0.000194298663286801	0.000178872546300446	0.000186734372257796
72055	10-14	2	0.000331731486279882	0.000307005610929543	0.000350194645728896	0.000363062101131643	0.000269473173698036	0.000269402991778941	0.000261263344120737	0.000218034852402232	0.000227639294090307
72055	15-19	2	0.0010159883902821	0.000973594160681905	0.00117076328210716	0.00111205110747087	0.000985520864926738	0.000839083754016049	0.000792575075847725	0.000785476148635962	0.000832370103096694
72055	20-24	2	0.00246663963446985	0.00208754578985558	0.00222365434464234	0.00209482135718198	0.00159122849322223	0.00203461437539085	0.00168567618620826	0.00131181101958414	0.00126976066929595
72055	25-29	2	0.00257119018679677	0.00320821993714567	0.00304803777345092	0.00351294397621204	0.00244176993836604	0.00237358271091604	0.0021185802373564	0.00165660733777437	0.00247570593301301
72055	30-34	2	0.00257992997524115	0.00325629133307459	0.00373886357484226	0.00333791602381524	0.00264005808245595	0.00227606651985909	0.00216920359916377	0.00213491404256476	0.00218179007878793
72055	35-39	2	0.00443652404893083	0.00376541840391218	0.00584095194849555	0.0046581401753165	0.00427845773158097	0.00289494645515074	0.00251814101133965	0.00347143676429113	0.00295030274221094
72055	40-44	2	0.0044635571130094	0.0061890161182521	0.00590675468276875	0.00609048903369864	0.00363408838408946	0.00411219101782853	0.00305423456500788	0.00358324336382627	0.00418636838013053
72055	45-49	2	0.0058705737030299	0.00733527078606911	0.00677393826002033	0.00716584902364955	0.00583714188072249	0.00563089530064406	0.00482200084539251	0.0052483070409979	0.0051190317845618
72055	50-54	2	0.00835535290988709	0.00928221781958376	0.010555154281449	0.00925155239526861	0.00699560232778147	0.0087759100281473	0.00757309415835818	0.00750666205112977	0.00810322150842341
72055	55-59	2	0.0164092999135718	0.0136358224541764	0.0134948427264062	0.0136546533830276	0.01463005380494	0.0125482790036339	0.0114647663746286	0.010458787447347	0.00962422341154918
72055	60-64	2	0.0211835689862294	0.0180966512552525	0.0226870928881552	0.0221263711152837	0.0177663933547335	0.0162064615907078	0.0133132355287347	0.013206684646348	0.0144607057422808
72055	65-69	2	0.0285178371755087	0.0266906746908858	0.0304699739453108	0.0252759648275269	0.0195607548384449	0.0221803151982749	0.0194592363599535	0.0203544537877874	0.0225880190046696
72055	70-74	2	0.0457017421736983	0.0422631513697361	0.04553979937693	0.0404423377091541	0.041265666582374	0.0366485961161921	0.0305015540726118	0.0305379241556416	0.0289541709089223
72055	75-79	2	0.0701087956607081	0.077031044037169	0.0624896990871983	0.0689148589798331	0.049596574414551	0.0485916367392052	0.0508756721630394	0.0531833829215475	0.0388918361909273
72055	80-84	2	0.0884531198936136	0.0973263205035936	0.0934228088687432	0.115060710378357	0.100365214151119	0.102752698259889	0.0674463408696756	0.0634324183285463	0.0857196482211218
72055	85+	2	0.191435833537366	0.19968935717173	0.195038357610517	0.181867173922806	0.174377308167651	0.14958028970054	0.166777000893722	0.18839905574245	0.157343589174478
72057	0-4	2	0.00445934616813163	0.00469528060760091	0.00470309803534368	0.0032304711012388	0.00277631056998894	0.00326809278430069	0.00218674480833137	0.00222369629527714	0.00256010053114699
72057	5-9	2	0.000240384950260678	0.000226059987725092	0.000270308311873597	0.000266207096287104	0.000219195974030324	0.000189882128235878	0.000184695049355718	0.000171739650722534	0.000181315622053027
72057	10-14	2	0.000420961347943745	0.000335967159968695	0.000335064825159789	0.000316994453791246	0.000274250175585879	0.000237280572578324	0.00020996108554588	0.000206952516362391	0.000208297325236839
72057	15-19	2	0.000857815189423018	0.00106979998747724	0.00122199882780876	0.00116261512847112	0.00102825187565165	0.000917568574226602	0.000962833494285432	0.000783973180532166	0.000826434100977935
72057	20-24	2	0.00191842432754423	0.00171205415386879	0.00219614633315709	0.00227478940129591	0.00233906904261351	0.00173953401838879	0.00181901029984475	0.00125462963155596	0.00181277222831743
72057	25-29	2	0.00224643992578898	0.00216729052368542	0.00256880303287969	0.00272381067684114	0.00207791697808399	0.00190305426350696	0.00228823177439645	0.00206101427034147	0.00256081268664527
72057	30-34	2	0.00242786949062329	0.00354239784222764	0.00342014941170032	0.00331386806227266	0.00227776567517613	0.00240357558429748	0.00207790639675466	0.0022870254798531	0.00255062754419973
72057	35-39	2	0.00321703414442957	0.00440083964291358	0.00556668703582562	0.00451410978863929	0.00329920111463522	0.00278135145359653	0.00233620855388488	0.00287462845115045	0.00402976182451874
72057	40-44	2	0.00473611634427843	0.00483955247620359	0.00518511214905706	0.00658069418066475	0.00495908453383578	0.00429509831467763	0.00280823461521178	0.00343166546356072	0.00326234917899273
72057	45-49	2	0.00601196909928075	0.00581789599723546	0.00830353839349455	0.00706811804043244	0.00586070820261014	0.00478117131036792	0.00428702215228118	0.00324746923837601	0.00464825339171707
72057	50-54	2	0.0103031400972462	0.0115363805824775	0.00829527982821264	0.00988545874359833	0.00798900299419352	0.00818410252946134	0.00636738187291393	0.00706624711985091	0.00659209003227439
72057	55-59	2	0.013908778912435	0.0136961420071166	0.0151525439836125	0.0133650416879334	0.0133587391542691	0.009409866948216	0.0107818589014703	0.00878906652133266	0.0099067464898119
72057	60-64	2	0.0222953136744854	0.0226548517309487	0.0193871936339722	0.0192953662953938	0.0178975847539497	0.0168340434166731	0.0144989875505611	0.0127870597253143	0.0132051947768843
72057	65-69	2	0.0326942536356908	0.0317443689740441	0.0314773458395343	0.0257001468571392	0.0250500446427079	0.0232352446195327	0.0199169442028059	0.018431198855094	0.0192673213474003
72057	70-74	2	0.0504111447242926	0.0484772943469658	0.0451404105864406	0.0429042169743804	0.0408630353073812	0.0362711687010504	0.0283660967834419	0.0268367468035157	0.0277173808013233
72057	75-79	2	0.0564640896426513	0.0573977344628272	0.0570952756709264	0.0551385333366516	0.0517503691199135	0.0419815489699069	0.0435353541161111	0.0394192412795153	0.0402525999007034
72057	80-84	2	0.0934722601711077	0.113019707170076	0.0809950813869536	0.112582410831144	0.103493812749763	0.085673915917829	0.0712542900499947	0.0628461367275033	0.0726852519568004
72057	85+	2	0.172303938647498	0.150922495424656	0.197556560239221	0.179628044066768	0.171296214758489	0.162592682119551	0.151318656439851	0.147294675585077	0.147739086353505
72059	0-4	2	0.00467029853128791	0.00429628527752504	0.00350633130434167	0.00356539799073017	0.00283617387259294	0.00261647617384496	0.00278752151088659	0.00253084797988156	0.00272590284038611
72059	5-9	2	0.000236670214816422	0.000231470952115214	0.000239981739379756	0.000235763520961595	0.000201477499581356	0.00020147897297264	0.000175708384349022	0.000161336893320418	0.00016883995795568
72059	10-14	2	0.000286115066268159	0.000307264798966773	0.000303207160854018	0.000312982641488921	0.000256079020303892	0.000269679038597866	0.000213489219420807	0.000196495045349463	0.000205611692655493
72059	15-19	2	0.00105963510532228	0.0010032762128824	0.000911040570391247	0.000963508870331827	0.000886433938307412	0.00102744575306238	0.000784224414528142	0.000664854794452687	0.000705293940031069
72059	20-24	2	0.00166417428708172	0.00198090393831638	0.00216380738758032	0.00167333505803618	0.0017042867908506	0.00183540063776121	0.00133384544495137	0.00152945186217447	0.00139032844778229
72059	25-29	2	0.00254734053842869	0.00188967098980354	0.00216711419569477	0.00199790160353648	0.00203861684651576	0.00219815647903423	0.00150424104311988	0.00204567621666648	0.00174603391849323
72059	30-34	2	0.00242728275698106	0.00295091331816075	0.00314122705431763	0.00323182173571548	0.0025246606984117	0.00242867406412583	0.00188941741973222	0.00237868782474208	0.0025616170867672
72059	35-39	2	0.00297886015932369	0.00315617196196173	0.00422786330540758	0.00315262525158388	0.00282198983196304	0.00301949113772153	0.00215012123121068	0.00284499761932354	0.00295840687654183
72059	40-44	2	0.0033959248631459	0.00387696515477174	0.00495963839560119	0.00489102047780296	0.00396813207218537	0.00328816425826267	0.0032664625208679	0.00248987906143575	0.00382213739322542
72059	45-49	2	0.00550880597548744	0.00585546119599613	0.00531932213140004	0.00640904698659856	0.00471305893533536	0.0051833578326751	0.00516289487467524	0.00452843665021706	0.00436539757610166
72059	50-54	2	0.00673290721377988	0.00923587761040194	0.00806309213865234	0.00859755258029508	0.00880712141830455	0.00713068843374139	0.00523745291182757	0.00538691694923812	0.00627533568160562
72059	55-59	2	0.012418302223691	0.0115109250618009	0.0112812063653921	0.0114375470829884	0.0106578840002914	0.0108369034576288	0.00942514980335268	0.00884902275683741	0.00927774245253515
72059	60-64	2	0.0170316572781519	0.0232501577478051	0.0214385807299146	0.0182195033109918	0.0176602083952834	0.0161687481496413	0.0146784919430745	0.015187503966551	0.0136246174770779
72059	65-69	2	0.0242832824469857	0.0318036069125399	0.0240841583822689	0.0225337130965714	0.0215312776794263	0.0233243909100836	0.0241474610175466	0.0181025492351314	0.0152388590594643
72059	70-74	2	0.0395221956226096	0.038943807292229	0.0412240587448051	0.0427148451008415	0.0351482264309015	0.0324793239327536	0.0249254582658099	0.0256701370369412	0.0317940211069161
72059	75-79	2	0.0614344606133155	0.0742711710546187	0.0574874916330963	0.0600781959874844	0.0467899707951279	0.0467202662799849	0.035394195171696	0.049502655683192	0.0476509869440436
72059	80-84	2	0.102037232213262	0.101385222538737	0.0938810595245181	0.108241417708757	0.0928093714200441	0.0904821031886161	0.0816994171089962	0.06112301690689	0.0726056066011116
72059	85+	2	0.162722248317277	0.18150242813589	0.154590481080477	0.158375062288828	0.156902828388882	0.200887947601779	0.175863666492321	0.152695126038567	0.150226188529582
72061	0-4	2	0.00337830958357407	0.00295783031883965	0.00297678053353165	0.00328088946162471	0.00261324054760688	0.00222465757393211	0.00209502443209985	0.0016427712506976	0.00199683486967152
72061	5-9	2	0.000225971079227282	0.00021215005441045	0.000229932900625951	0.000190342939911841	0.000180900976055557	0.000182802214352185	0.000149211451712309	0.000138728291444146	0.000146180902502155
72061	10-14	2	0.00024168321678838	0.000279969233146402	0.000257979015877023	0.00028782446552845	0.000232739054033792	0.000206027798177145	0.00016864708724676	0.000157812570266385	0.000182475816995759
72061	15-19	2	0.000899303954506685	0.00117627235966856	0.00127314792296187	0.00171569896386803	0.00125392382896366	0.00121668845720126	0.000839488718359348	0.000644278450327642	0.00069275190798494
72061	20-24	2	0.00161352810532001	0.00177055402694636	0.00274039447465934	0.00266126613803393	0.00259050694704458	0.0023953786516178	0.00235507431060528	0.00156337956037592	0.00141089137481269
72061	25-29	2	0.00245850822502786	0.0029081928019803	0.00346017294861722	0.00325970915799285	0.00274362306748547	0.00249178561802694	0.00231001668438241	0.00155715880122226	0.00197939953978589
72061	30-34	2	0.00220302436027473	0.00280324779295668	0.00435645279429258	0.00334364017597295	0.00227872994094709	0.00265291980565024	0.002538374908398	0.00187466199991684	0.00231542311916268
72061	35-39	2	0.00243720878065484	0.0033254114955603	0.00518111784117408	0.00416555046310801	0.00272400825845	0.0022373613367419	0.00221528587537121	0.00200776513799855	0.00314189834196087
72061	40-44	2	0.00335460479057196	0.00446473560966927	0.00507949528842096	0.00539239667880851	0.00391946849523711	0.00308813135370338	0.00292121701633081	0.00244508738865423	0.00284016919115707
72061	45-49	2	0.00401363421615882	0.00469237909278476	0.00657092161671128	0.00621271504808149	0.00412272699148437	0.00425334570333499	0.00345305058371359	0.00369066339627949	0.00478014906084787
72061	50-54	2	0.00808794256935141	0.00706578959032888	0.00734774763704024	0.00792006706623242	0.00670220129839108	0.00574491962304038	0.00566064270296224	0.00512608840965688	0.00499290685983267
72061	55-59	2	0.010417630471187	0.00984288501653045	0.0103165643631427	0.00977892223902643	0.00898083067179393	0.00966923037673373	0.00720900469255597	0.00746799768819746	0.0077885704182336
72061	60-64	2	0.0194501274765785	0.0170351117356497	0.0138551772907442	0.0154352799457013	0.0126916673238626	0.0123901021562188	0.00907773123950187	0.00933690055625147	0.0102885182181045
72061	65-69	2	0.0235342951084209	0.02324739518217	0.0228433064098257	0.0210205792065258	0.0196325127420338	0.0164211692434823	0.0155985246340459	0.0154530666913769	0.0142437518590244
72061	70-74	2	0.0347212644122033	0.0306942869539323	0.031223253669179	0.0343532179608214	0.0285232459980178	0.0255971290086978	0.0241869431701475	0.0199200587041079	0.0238569546338537
72061	75-79	2	0.0526932251709744	0.0499360869223928	0.0492522032991359	0.0492786386457353	0.0438814279567431	0.0425253646541441	0.03241496921489	0.0325346899217664	0.0356865242309057
72061	80-84	2	0.0909086722902091	0.0841887902484587	0.0801421039276783	0.077943045051743	0.0688703261838662	0.0696751932306324	0.0638524077527919	0.0511254427588551	0.0576791197519815
72061	85+	2	0.151998433500719	0.161129092474478	0.152158607670694	0.135632920683007	0.143503165635705	0.14425981026927	0.149639248365619	0.141516741297132	0.131427507280372
72063	0-4	2	0.00363347520146145	0.00380931775639111	0.00322477962770199	0.00281374159287176	0.00251366604543839	0.00257960980815493	0.00221614690496361	0.00169395949272071	0.0018871596029776
72063	5-9	2	0.000227945946238058	0.000222129592678673	0.000218814542337413	0.000244594728165456	0.000179385176455949	0.000205583425294896	0.000155611672012239	0.000151076097560059	0.000150796223494201
72063	10-14	2	0.000249693503543377	0.000280131457291308	0.000289524970689524	0.000324278857810595	0.000239130366326055	0.000204168398756201	0.000196990815978416	0.000192291289130073	0.000182406736163087
72063	15-19	2	0.000924359684925293	0.000793672878032345	0.00128255041624252	0.00114717218363085	0.000960891966078113	0.000799404370476958	0.000799992483921286	0.00065200025724103	0.000666466737806302
72063	20-24	2	0.00132542530989036	0.00191896132386049	0.0020716068960169	0.0020354854248397	0.00224863691604067	0.00194021436404099	0.00221290703701938	0.00139424057501876	0.00138947901550727
72063	25-29	2	0.00245370496266789	0.00256876758843627	0.00284106728101825	0.00212795753506756	0.00219155147802947	0.00282358129812657	0.00251363099320354	0.00196408830366977	0.00175327641552559
72063	30-34	2	0.00212969303561752	0.00273461464768404	0.00316055132900415	0.00320744995004102	0.00237899734688169	0.00243289336344106	0.00232878199525509	0.00195883959451549	0.00213799644395093
72063	35-39	2	0.00367010785560753	0.00354254787181922	0.00470003670764245	0.00420590890978301	0.00293641344133339	0.00318314854212442	0.00186754353959005	0.00237688150951889	0.0027655451793188
72063	40-44	2	0.00436332500639428	0.00394637342943779	0.00511719462782551	0.00332559453815848	0.00328303749391909	0.0028129515286428	0.00331644066338715	0.0028084467304713	0.00266001178744719
72063	45-49	2	0.00550514256432589	0.00560542340553112	0.00572591975726944	0.00486924898819341	0.00523111746040427	0.00481212944651219	0.00350386558396921	0.00356525132739883	0.00406996115935084
72063	50-54	2	0.00724362899496431	0.00829503236974091	0.00915337547877491	0.0076557086752204	0.00691610413536534	0.00513030825525548	0.00583889620163103	0.00444343812713867	0.00609756406961421
72063	55-59	2	0.012240730696092	0.00997225943555876	0.0112795755081569	0.0119677868420258	0.00847163432710175	0.00922204335947522	0.00709334458261539	0.00825688494952751	0.00730859854046187
72063	60-64	2	0.0187962436819752	0.0188243361691888	0.0206247719735621	0.0191652342856677	0.0129319742827433	0.01354687550289	0.0120244021430882	0.0106150188159931	0.0113490671171614
72063	65-69	2	0.0234521105157757	0.0317122954594015	0.0266435826410159	0.0226018292488973	0.0234326192258474	0.0171925531268939	0.0171935524448666	0.0167627689775106	0.0135284052359549
72063	70-74	2	0.0361150516520964	0.0387374377071062	0.043861334586934	0.0354261524881368	0.0323793254256964	0.0286085017058773	0.0262200559186413	0.0253862669112374	0.0244217440185711
72063	75-79	2	0.0606230487759457	0.0508248516012656	0.0603650122031154	0.0614135632926126	0.0511421240629245	0.0459924762592689	0.0434662249491063	0.035529500816985	0.0376456616077967
72063	80-84	2	0.10209407401094	0.0843017668717129	0.0929877529608628	0.0754986647101425	0.080922622610958	0.0619113261610202	0.0709428224593203	0.0589768935378637	0.0577415049874123
72063	85+	2	0.165872570233122	0.183308636975022	0.15251851886692	0.153337493449135	0.134592448041402	0.145847376147074	0.143943956705203	0.132081783914385	0.12050003729386
72065	0-4	2	0.00336456632216516	0.00345654662649755	0.0036758191289154	0.00286085361000024	0.00219963245885892	0.00220670480297803	0.00213381763565846	0.00162306465910481	0.00190479544110516
72065	5-9	2	0.000208548088386693	0.000203523440536334	0.000231808096152894	0.000236789490064808	0.000183197961610855	0.000165556080744767	0.000152024762058601	0.000146721150482483	0.000146365143741559
72065	10-14	2	0.000273386313685906	0.000255218696085794	0.000251974322125439	0.00028304429359253	0.00020986406530374	0.000240782506671705	0.000192403302266911	0.000178213875192865	0.00017680481801888
72065	15-19	2	0.000919705483480561	0.000906632841475845	0.00089899071783554	0.000814985329884686	0.0008037259185565	0.000671842899694489	0.000679341205160569	0.000545332882887198	0.000553517756523218
72065	20-24	2	0.00152907187607003	0.00150477054850097	0.00171911675145956	0.0014525982003658	0.00131265816038543	0.00136663187415008	0.00119597149653795	0.0010247275596581	0.00143963594438815
72065	25-29	2	0.00189503341334849	0.00228453645674122	0.00200105185401183	0.00224208692443247	0.00159549550181844	0.00142240863989833	0.00137733762279739	0.00146341452266061	0.00179570679196605
72065	30-34	2	0.00280603575143327	0.00240434037556366	0.00284009491200064	0.00292490308646192	0.00231710503839547	0.00182246083814214	0.00157032847015012	0.00160483930031769	0.00175062342769267
72065	35-39	2	0.00279642660330432	0.00375277945057955	0.00354700209842804	0.00321953454274607	0.0028456871842982	0.00239090924705873	0.00223803498791299	0.00199872306450262	0.00228468767757648
72065	40-44	2	0.00492517577343795	0.00495788158514857	0.00379681097684246	0.00391456929147002	0.00318752502554165	0.00300509035829477	0.00274805374032537	0.00312767179992691	0.00301391563432059
72065	45-49	2	0.00621730114610832	0.00507112893643204	0.00545695584131167	0.00604144075645357	0.00557441225004177	0.00414147022111189	0.00464630655111933	0.00284551412720988	0.00314257118832574
72065	50-54	2	0.00791405863693353	0.00675722337111675	0.00934133789209697	0.00903681320624189	0.00649912932859861	0.00780075774779835	0.00560163823969581	0.00600330597020667	0.00475224271879428
72065	55-59	2	0.0139078274668712	0.0118373024510952	0.0114410361208903	0.0115250525338569	0.0104622716836192	0.0101710412872702	0.00883595233335134	0.00673255257282775	0.00784285608482586
72065	60-64	2	0.0165834867766145	0.0186847448546662	0.0171651268880022	0.0164139191079281	0.0134134084536522	0.0145061632163939	0.0106791865256496	0.0101086172060406	0.0121886101213705
72065	65-69	2	0.0234812300747181	0.0329125260969722	0.0268400914001832	0.0249020200243048	0.0211865113893387	0.0212959722122639	0.0154938317239474	0.0164129580219892	0.0163749373568434
72065	70-74	2	0.0394522088329754	0.0401170548437446	0.0377514169079985	0.0363768416674537	0.0354416386345994	0.0296708527623785	0.0238418438079149	0.0224079967265311	0.0259041675050438
72065	75-79	2	0.0504844953381223	0.0502193343575837	0.0593299435215748	0.0629895922861208	0.0532827225809199	0.0513425557360266	0.0422978698401693	0.0334516127186493	0.0338419711316695
72065	80-84	2	0.0933864924633615	0.0756489820011278	0.0804656727598536	0.0861596741618165	0.0914752764451976	0.0726937322371912	0.070063484336496	0.052881307444423	0.0583156966005207
72065	85+	2	0.192733579322297	0.173825661777132	0.163648459857894	0.165435531464836	0.165035618333646	0.167139976374863	0.162442606892738	0.1324731558996	0.127314834555026
72067	0-4	2	0.00362268943907535	0.00299093364203488	0.00329400186812915	0.00311508363149698	0.00249933392606367	0.00285822309097332	0.00303292813926755	0.00231125999650861	0.00213323312047614
72067	5-9	2	0.00020503822078823	0.000200628847561063	0.000208266660923024	0.000213659674843711	0.000190627091302486	0.000162361219472601	0.000156850691769326	0.00013582367047364	0.000141139518001356
72067	10-14	2	0.000288643119511278	0.00028254191433881	0.000265692993878392	0.00024726011132103	0.000220929157158662	0.000197819247293306	0.000181198993226243	0.000165645506821527	0.000172277918139874
72067	15-19	2	0.000800998227445229	0.000851887202663661	0.000767732722502946	0.00079362067681494	0.00065584225108677	0.000621772389853376	0.000571219204665257	0.000523122192236674	0.000549136486376122
72067	20-24	2	0.00143738222403621	0.0015083698233189	0.00160198960309391	0.00169631599492781	0.00129464463966399	0.0011941897134594	0.00122897891096172	0.00103674441215816	0.00101524262610537
72067	25-29	2	0.00183727038208677	0.00164289294569173	0.00198650606927125	0.00175317341554299	0.00187916743860237	0.00159266799093983	0.00132268731179835	0.001487972950412	0.0013921957317131
72067	30-34	2	0.00211932609268331	0.00300741340156525	0.00241481594604051	0.00230479249300562	0.00191919280154003	0.00208057113669118	0.00197360240111988	0.00159861414916599	0.00182587388349948
72067	35-39	2	0.00253248110699862	0.00302115667410273	0.00286023163043087	0.00278159263360979	0.00241556692771446	0.00227669234171663	0.00231952770437442	0.00196531714009418	0.00192299892324503
72067	40-44	2	0.00333128033957183	0.00377562515298815	0.00361380500369457	0.00332952191462155	0.00339731924736305	0.00329579614536924	0.00261338714065951	0.0028521311947186	0.00280779926848981
72067	45-49	2	0.00455989598022945	0.0048839593198082	0.00511487720777068	0.00469951395991384	0.00388847944803957	0.00369877666814677	0.00423451220445796	0.00402074450429927	0.00376685471312681
72067	50-54	2	0.00686904078327046	0.00758809294760026	0.00711461886571403	0.00713324224034168	0.00739528257770358	0.00720363562558737	0.00673160518823731	0.00457586135450468	0.00547091359699446
72067	55-59	2	0.0126857564359391	0.00927371108045312	0.0105122627485684	0.00888232648934875	0.00939560942620291	0.00825002786532092	0.00894078041438584	0.00744108384490502	0.00655151654703255
72067	60-64	2	0.016379968441888	0.0146992633720489	0.0148279978982685	0.0139850919145351	0.0121632077554697	0.0109207436899501	0.0117675680454391	0.0108254245610941	0.012169924417668
72067	65-69	2	0.0214825943557088	0.0276896690275905	0.0229116906208794	0.0198992950728246	0.0219640870744151	0.016169857550111	0.0161967467030706	0.0134993811372225	0.0199999868358916
72067	70-74	2	0.036627418468322	0.0397509661839852	0.0377606672303314	0.0342047947755723	0.0311219724634838	0.0279906175184515	0.0242037989040928	0.0220804316407472	0.0224753366555386
72067	75-79	2	0.0451900544510031	0.0565648541226925	0.0506443860041923	0.0578396586759705	0.0454698992840788	0.040043496475881	0.0435863697646016	0.0398826444531646	0.032932910685543
72067	80-84	2	0.0908250702141928	0.0812605948821771	0.0873035993350774	0.0929309949364973	0.0756434240427979	0.0748747968217442	0.0583840486980886	0.0585676388981813	0.0542483433116587
72067	85+	2	0.161616363471468	0.113672450766443	0.140638292851735	0.116639733449613	0.125593526543101	0.124636757245487	0.11424457572591	0.105641170456754	0.122190359035309
72069	0-4	2	0.00375495946503283	0.00406936435825224	0.00350012002833167	0.00291441228669563	0.00296711048274156	0.00260306104825822	0.00231016560878207	0.00204064323201387	0.00266074927711507
72069	5-9	2	0.000229092342628507	0.000255598882053355	0.000221820150656903	0.000227879873192032	0.000197095145167889	0.000198136400485913	0.000167214080017482	0.000171181303645897	0.000188285232369993
72069	10-14	2	0.00037077071512919	0.000286892719134618	0.000283511981821308	0.000281544738939433	0.000246006063646246	0.000247355609258483	0.000199858302129682	0.000195975173231214	0.000205104550120712
72069	15-19	2	0.00112207018850978	0.00105869761783492	0.00116419066891137	0.00109791889093169	0.000783877680412662	0.000851220154178823	0.00088782396417089	0.000727428657581572	0.00075596765914013
72069	20-24	2	0.00205130125134982	0.00195343221290714	0.00195820015702334	0.00198127555314629	0.00189633868993481	0.00231754952540824	0.00213637270636692	0.00162337927734776	0.00148819851526188
72069	25-29	2	0.00263765507243223	0.0024109966731202	0.00323931734283889	0.00263764482634115	0.00222417040730038	0.00258044812562663	0.00296902106280568	0.00255631678965964	0.00155016041253823
72069	30-34	2	0.00309216210715775	0.00358468453528746	0.00408443590474094	0.00362392411762995	0.00256152121439264	0.00274268600856928	0.00221831833801392	0.00249536455201304	0.00300085434490458
72069	35-39	2	0.00367726955807595	0.00401808480652856	0.00392289237184554	0.00342194687277517	0.00317700353995219	0.00340334769601393	0.00307331852848878	0.00230768936830897	0.00358312823127731
72069	40-44	2	0.00325257002684248	0.00400659486529724	0.00675537910504305	0.00583474637048824	0.00380310773734259	0.00451183890481177	0.00291839138883966	0.00318211223443052	0.00416119501252785
72069	45-49	2	0.00612592889223568	0.00580372137777034	0.00744096918409037	0.00614146120405051	0.00547173354395274	0.00541672284692644	0.00338823223750515	0.00460573606781009	0.0041624814570214
72069	50-54	2	0.0085996240019474	0.00952924879274637	0.00973506726893911	0.00865425494407072	0.00818680847948411	0.00747849753925182	0.00739593577827896	0.00622285542263184	0.00567737348731555
72069	55-59	2	0.0137708307105624	0.0122991815585847	0.011902839950504	0.0127424174055982	0.010913783513589	0.0111492495421898	0.0103013006314155	0.00934704174093081	0.00931609152094324
72069	60-64	2	0.018592237698482	0.0197663475117911	0.0193753209193352	0.0177139001929807	0.0162944243815665	0.013654180430695	0.0126412670836329	0.0122141264949003	0.0101175944563766
72069	65-69	2	0.026867157133241	0.0315344779280386	0.0267693759021221	0.0230919665227351	0.0217135440118548	0.0204271208824309	0.0171063949527938	0.018405798678681	0.0159000578498436
72069	70-74	2	0.0441609973501075	0.0416839326833902	0.0460720149299243	0.0408208024963885	0.0329653047681247	0.0293788034082737	0.0250171052529407	0.0239295811580073	0.0219491517142219
72069	75-79	2	0.0617842400190756	0.0625467914310262	0.0645561237985123	0.0553992265181443	0.0547319677753159	0.044446790310475	0.038265382202263	0.0370716014980556	0.0302209979991523
72069	80-84	2	0.100711538004575	0.0799786724543274	0.0897745682033668	0.0884266610942675	0.0719654426550276	0.0731210689307175	0.0722252509903365	0.0541892237789507	0.058566472394643
72069	85+	2	0.191308725568409	0.130090962637028	0.145584882985083	0.174342610349556	0.157630085221862	0.171239461432301	0.145000568793161	0.13623561955628	0.0976095308132936
72071	0-4	2	0.00400059218667105	0.00329688188683334	0.00348408697277735	0.0031683759025323	0.0023199944901392	0.0020524463116836	0.00241827728641243	0.00189902315121706	0.0018862561148502
72071	5-9	2	0.00023543538327404	0.000231821789102334	0.000264596349377657	0.000224738680754143	0.000202087062860887	0.000174259987802129	0.000160782208803291	0.000148333068599001	0.000155290648751302
72071	10-14	2	0.000243971149514194	0.000286557466253437	0.000326226236165486	0.000269638006424759	0.000255696479347111	0.000253771853813751	0.000193247354321601	0.000187491658570857	0.00018637200511004
72071	15-19	2	0.000946813014300019	0.000908813520514749	0.000943403669150713	0.00107895970797027	0.000809876663707915	0.000743859786350392	0.000646127751441196	0.000590491574963634	0.0005944777652034
72071	20-24	2	0.00199638099259847	0.00176637275038424	0.00176930489621551	0.00174239598471513	0.00174355657059434	0.00135107973597878	0.00141280194208676	0.00131306711178733	0.00102027529788475
72071	25-29	2	0.00196893373963587	0.00222237669114107	0.00195364642669108	0.00219887019120757	0.00193131491960866	0.00172982394343297	0.00200005380735129	0.00143036576562124	0.00154555430174604
72071	30-34	2	0.00246345905469328	0.00325468181185151	0.002710873806368	0.0026643198558099	0.00238485499964694	0.00247732976239167	0.00201148217342565	0.00230446559532541	0.00181971516411294
72071	35-39	2	0.00293158480408981	0.00431110969788725	0.00308324795552319	0.00277202571228616	0.00294402179517098	0.00175862328872671	0.00237863947825367	0.00253915243436803	0.00293666228049968
72071	40-44	2	0.00451215055653068	0.0047550621627179	0.00413377718945416	0.00455798336161883	0.00353683089258745	0.00322466173274104	0.00289834299938592	0.00265278911455963	0.0031759170315338
72071	45-49	2	0.00623394499133009	0.00523257384233758	0.00686177780258421	0.00520872714353068	0.00545571270958851	0.00427412082489372	0.00336281368992553	0.00331848467354964	0.00382158689333654
72071	50-54	2	0.00866413445688693	0.00833990007332064	0.00763740765000347	0.00894027804180225	0.00754932028335237	0.00743190443652401	0.00616628234906204	0.0064260889439931	0.00677859769901643
72071	55-59	2	0.0133348495490635	0.0106549402743096	0.0135598979958858	0.0131679410266835	0.00981833422474208	0.00981109970058688	0.0103200926023578	0.0079072152083457	0.00707711158871716
72071	60-64	2	0.0166654560413064	0.0201755082294348	0.0205686527171768	0.0190100874561555	0.0153098260857082	0.0158350827519922	0.013815668033003	0.010950120720073	0.00991065429949316
72071	65-69	2	0.0206829151870517	0.0250325697876941	0.0283084762190944	0.024606718207934	0.0247250813126191	0.0187746580344165	0.0178148505572971	0.0200829416199179	0.0169488456328815
72071	70-74	2	0.0390329662431623	0.0421471440865201	0.0416939086404424	0.0378606301450844	0.0339404754427342	0.032840534243864	0.0270532214759522	0.0254600856724346	0.02363151671811
72071	75-79	2	0.0389047343437473	0.0595982428651781	0.0579182548557458	0.0635638788599955	0.0576556054213004	0.0511827313232312	0.0447039098772455	0.032696596472807	0.0398504838400503
72071	80-84	2	0.0889206949419713	0.0898146969145989	0.0812082486250083	0.0976261238273981	0.09187336551433	0.0795084377972388	0.0706962843645837	0.060284487294461	0.0605190821743402
72071	85+	2	0.184868051979185	0.174696598640535	0.180759210799035	0.171016656991647	0.14101624052991	0.152969325619327	0.134144458464182	0.126869682187314	0.129728046566567
72073	0-4	2	0.00375466540960256	0.00412480820946819	0.00391828646370701	0.00432101376132989	0.00272043709174909	0.00283449279857222	0.00242725975356718	0.00207853709894446	0.00198382248072764
72073	5-9	2	0.000222561588961372	0.000216935876201803	0.000236680222764813	0.000219695017387098	0.000186180009095125	0.00017642188806651	0.000179057010216369	0.000147532167472596	0.0001534593548546
72073	10-14	2	0.000268645683745561	0.000274792057679455	0.000271357475591768	0.000306824466787692	0.000225127567491711	0.000213438381912167	0.000196317562826545	0.000180091964562056	0.000187208749513814
72073	15-19	2	0.00088346012153076	0.000907514163857997	0.000857264518599596	0.000867674926879655	0.000782170708351585	0.00068075289196899	0.000693958399384824	0.000594141365383761	0.000624591024546745
72073	20-24	2	0.0016926302649165	0.00159125668304905	0.00162349281320072	0.00174938647433123	0.00127920655968794	0.00146344635777261	0.0012062615208844	0.00119240753468217	0.00110129662125454
72073	25-29	2	0.0019203445760473	0.00195513168214273	0.00253454750949595	0.00185649666980624	0.00174616749339782	0.00158957433615949	0.00179551541059852	0.00149596606195236	0.00170202233536786
72073	30-34	2	0.00265945153551032	0.00215085893394948	0.00254645265875991	0.00280926551139843	0.00229202421074288	0.0020933801946504	0.00188223568846428	0.00168320720325296	0.00209287303673189
72073	35-39	2	0.00356220823818752	0.00273789346597836	0.00318267224400138	0.00333329491605799	0.0026455791802839	0.00289736095897269	0.00221468462875502	0.00197865937564142	0.00230735024007006
72073	40-44	2	0.00409627351520375	0.00363363735667071	0.00381999878435961	0.00426279454954538	0.00292302528381088	0.00364187861234302	0.00293328504073985	0.00302900836808043	0.00313406127767545
72073	45-49	2	0.00465055392275372	0.0061596246975217	0.00554205456853316	0.00466548642700541	0.00388879382646903	0.00446989815701032	0.00403076575039943	0.00329377833814546	0.00424720725463512
72073	50-54	2	0.00798778707568422	0.00888145414250062	0.00846065981312777	0.00945223252177834	0.005882777858191	0.00758602780759205	0.00585557070839695	0.0056314051525375	0.00527679021946298
72073	55-59	2	0.0144696315301946	0.0116611958055457	0.0131281748666363	0.0120410052272869	0.00934316034286675	0.00872013449797883	0.00780153756731214	0.00881555424649447	0.00889434704649833
72073	60-64	2	0.0154839167300996	0.0198853528012068	0.0198842845220846	0.0187695437106056	0.015495612504914	0.0147768697304476	0.0115111595379762	0.0110797274649289	0.011446806783999
72073	65-69	2	0.0289492110258772	0.0245480676173706	0.0267819431805657	0.0196478353459242	0.0242661618606945	0.0154063502560748	0.0178871575619491	0.0139518125065515	0.0155298254565293
72073	70-74	2	0.0424007691744339	0.0433339338708301	0.0435694255001	0.0402669344575624	0.044772895141796	0.0279439107296398	0.0257253584227681	0.0250257118442608	0.0207877675910272
72073	75-79	2	0.0558700798414834	0.0740756329401724	0.0647242512646098	0.0486345166566418	0.049968054084515	0.0480124874938327	0.0376187147948351	0.0345051426025866	0.0287420675016833
72073	80-84	2	0.102072037753825	0.0949289678431891	0.111839779850543	0.107211298053792	0.0990250288526016	0.0719403223503654	0.073609882559026	0.0631433512793194	0.0520044173226561
72073	85+	2	0.19008127971589	0.216871327834007	0.182620899813932	0.176299026698048	0.139227589585892	0.136465494641358	0.140000644099835	0.120329076970561	0.134860677177753
72075	0-4	2	0.00528074144325054	0.00354636086680643	0.00418187595093715	0.00312593005606065	0.00241087704288855	0.00270396755099677	0.00220620951679959	0.00227328256315719	0.00247868015355016
72075	5-9	2	0.000246000482111332	0.000211752700299822	0.000288940522775837	0.000214961494374658	0.000212880160934692	0.000185668466175774	0.000164115510589112	0.000158587648798602	0.000158345763438806
72075	10-14	2	0.000375675127205684	0.000324662491881991	0.000296199379334532	0.000347673193131399	0.000265547885881381	0.000231257632180425	0.00020622876565818	0.00020111939482294	0.000210648566742766
72075	15-19	2	0.000866845962737881	0.00103084034936514	0.00091118691827772	0.00104917201382495	0.00106331414293819	0.0011224562754505	0.00097482453354342	0.000589932901842996	0.000577037662212355
72075	20-24	2	0.00147161787019778	0.00196396669839631	0.00143869670663183	0.00253899214734402	0.00231049832994038	0.00230783351443735	0.00201573655547973	0.0011829073803085	0.00139936274071004
72075	25-29	2	0.00226768793772376	0.00256178654483868	0.00237577846934013	0.00305981485640791	0.00269031713538703	0.00261722305930601	0.00213933706346655	0.00154752374575117	0.0023270004123476
72075	30-34	2	0.00233340900538981	0.00264189023380385	0.00361981478829042	0.0025949488494705	0.00219651768185083	0.00265085217771551	0.00274294640302478	0.00217873098238383	0.00252825990178129
72075	35-39	2	0.00307194142161407	0.0049165635042715	0.00524321368749803	0.00340782266841652	0.00292878437097877	0.00260519072896752	0.00219952614137673	0.00238484859732963	0.002780478592689
72075	40-44	2	0.00371074652984448	0.00451999133680251	0.00444925583129252	0.00510053637358405	0.00381463802239009	0.00381354871888538	0.00293137882048063	0.00319961767299551	0.00283407030932487
72075	45-49	2	0.00560863673506041	0.00443701193014824	0.00585562409407491	0.00650153695269051	0.0057939395126652	0.00410031214287805	0.00449781834183446	0.00399744937294512	0.00399980828242184
72075	50-54	2	0.00758840355490635	0.00868330135352731	0.00954402941512874	0.00870185198301985	0.00667311318666474	0.00793756877835571	0.00524150294137123	0.00532396421291862	0.00525485486119191
72075	55-59	2	0.0134393020066102	0.0121514867999657	0.0119112759102192	0.010142893873508	0.00990495026298554	0.00903434481082508	0.00848703449618666	0.00863509973625867	0.00816716904944986
72075	60-64	2	0.0194697396080553	0.0184745959971234	0.0160722231847931	0.0183536296443173	0.0166871680915478	0.0147641536211836	0.0141620685957834	0.0122662430588503	0.0122403796765477
72075	65-69	2	0.0252624423204489	0.0270898080118392	0.0270336679557929	0.0303537652839159	0.0249156535416167	0.0176115972376123	0.0169315060030634	0.0163127568281561	0.0163195877861634
72075	70-74	2	0.0491320498857018	0.0521397490870511	0.0423588323343347	0.0374194520840867	0.0365819444792799	0.0335590427441029	0.0281666523361889	0.019555887888352	0.0264235220075198
72075	75-79	2	0.055414718961607	0.0685629405493063	0.0595889979327738	0.0703032813700878	0.0634997447715569	0.0495549842691143	0.0428076603664103	0.0402883016649427	0.0404067844722747
72075	80-84	2	0.105248096707879	0.0884424099124058	0.105376036002324	0.109713948141512	0.0874135100603413	0.0680058745421208	0.0710511546044699	0.0687812494177413	0.0643854225506721
72075	85+	2	0.180555804229638	0.160889856633124	0.170961600293421	0.145052957788763	0.170846847783157	0.132619611391651	0.135178254439901	0.117311259785536	0.115639281814669
72077	0-4	2	0.00385420941951203	0.00412558226486966	0.00326390664909979	0.00343007648721427	0.00268919423320154	0.00269592254189429	0.00241749921369255	0.00204994843274303	0.00222881343138797
72077	5-9	2	0.000275218116911426	0.000255603892068849	0.000264224879224776	0.000269470088542962	0.000208764364119139	0.000198316016365979	0.000182452905091491	0.000159701481457951	0.000184817901903773
72077	10-14	2	0.000315721168661864	0.000335711856966274	0.00030154430437809	0.000309194956109874	0.000252082239713846	0.00023835795987902	0.000241486630797557	0.000202701167582372	0.000202001545604451
72077	15-19	2	0.000992306441731511	0.000949131524339204	0.00120274544837413	0.0010589942325236	0.00108791363139387	0.000887234538566513	0.00100123955296583	0.000721566430136899	0.000590809127233929
72077	20-24	2	0.00178387478726639	0.00213272234032742	0.00223547808673566	0.00259525731616703	0.00217675797813321	0.00265152620743707	0.00217061350951476	0.00146947410962132	0.00126780625439907
72077	25-29	2	0.00267868522136457	0.00239208206631026	0.00386918253893144	0.00224248407994674	0.00256165994135171	0.00261313738916643	0.00301381551429992	0.00225749909282963	0.00199880225587016
72077	30-34	2	0.00317248866311164	0.00345903118342442	0.00414436680900881	0.00366084832094954	0.00247505275055381	0.00299524760618224	0.00233693358039677	0.00203017077246058	0.00187787777288862
72077	35-39	2	0.00311071839487185	0.00481267855855238	0.0049562992976936	0.00453616772851841	0.00309801513658027	0.00288084618066819	0.00245922907657104	0.0027716216086791	0.0031673363246063
72077	40-44	2	0.00568697542974917	0.0048995087202381	0.00722792487023554	0.00505710136099677	0.00408851092898215	0.00377135073801021	0.0032649797804448	0.00278710568018186	0.0037929643900955
72077	45-49	2	0.00620118446772229	0.00712520819935253	0.00547988768995367	0.00630902158719129	0.00538228885429752	0.00529915726744754	0.00434115246079671	0.00473092873720479	0.00480296583802969
72077	50-54	2	0.00828835722105052	0.00821602338519903	0.0096541226153402	0.0098365090414982	0.00761271695235702	0.00904685214959046	0.00872421610435428	0.00508693307855281	0.00662676309518486
72077	55-59	2	0.0144035219106563	0.0172086438258396	0.0146343180017101	0.0135502724207588	0.00970980976551745	0.0105571809505424	0.00852619452844422	0.00908868010251618	0.00865499020603435
72077	60-64	2	0.0196606519360211	0.0176615312104835	0.0164052471152015	0.0148999657962547	0.0169233905302331	0.0145342416074203	0.0137146401761973	0.0085977523678042	0.0154898574704826
72077	65-69	2	0.026941204027932	0.0300339223447334	0.0261571343679903	0.0289461126391128	0.023910785563593	0.0228398594000916	0.0185035821979352	0.0168802715647424	0.0191889716314174
72077	70-74	2	0.0435803294416222	0.0420798636196463	0.0447629105269129	0.039059466635228	0.0269170963695366	0.0317573014486754	0.0280325328011514	0.0242926098410351	0.026304855422221
72077	75-79	2	0.0570781625703208	0.0577243985802319	0.0559380945644346	0.056529911594084	0.0508681336124821	0.0519411088072072	0.0467492874245376	0.0394924505756184	0.0393499137767474
72077	80-84	2	0.0956739004930839	0.102524322805321	0.102060994372773	0.102893918861933	0.0964354002874859	0.0813083228089348	0.0764300779562998	0.0593632577855304	0.058916009771512
72077	85+	2	0.188927990743372	0.191233379084376	0.198084777665395	0.180923421723156	0.167215830175644	0.150188702050519	0.143030787374003	0.1323900434823	0.122394133504378
72079	0-4	2	0.00325237545644345	0.00332981543687786	0.00369232757365711	0.00314860821895554	0.00342221934364467	0.00261140814406015	0.00276696860426293	0.00171409014553603	0.00198040889350859
72079	5-9	2	0.000230562568257826	0.000214504172742514	0.000245662660936488	0.000238971189549902	0.000184307120211463	0.000175298206712187	0.000161259517256268	0.000147381586669474	0.000153636036180329
72079	10-14	2	0.000266177052234519	0.000329400965647747	0.000268758688542711	0.000290437980768096	0.000236052268405067	0.000223357577324703	0.000195410870189714	0.000179817019636494	0.000186897016820416
72079	15-19	2	0.000817871793211793	0.000821863378148816	0.00103802428027609	0.00094752455418819	0.000728649160377754	0.00062979192223075	0.000587209104898852	0.000575499901351249	0.000638127747350572
72079	20-24	2	0.00154654130378618	0.0016793271757244	0.00163697991269693	0.00158028269627472	0.00137049967539041	0.0013827436995212	0.00124376587472066	0.00113412309580555	0.00140228252712566
72079	25-29	2	0.0020136349050036	0.00183583378327488	0.00232615051629963	0.00226076851038783	0.00153583098437444	0.00143351884304014	0.0015011982797931	0.00141583922050783	0.00128817540355096
72079	30-34	2	0.00226143346896077	0.00262105203851833	0.00270978083634016	0.00252701379470547	0.00201788026449947	0.00196883851297882	0.00167518906572105	0.00180808950106905	0.00163606598060649
72079	35-39	2	0.00368985634858599	0.00293070787155766	0.00330284408311116	0.00282052323171958	0.0034010879919521	0.00228761599208789	0.0024934306158514	0.00205362105522579	0.00289068449400428
72079	40-44	2	0.00362929516945197	0.00397973875402182	0.0054019230945802	0.00376888295016408	0.00343164563528509	0.00308810196306516	0.00304107483610374	0.00263630647474773	0.00342790426357292
72079	45-49	2	0.00534851458886517	0.00571247256880912	0.00549031601960481	0.00625319372674588	0.00430637556202276	0.00401533481987776	0.00421568112781496	0.00433358271745245	0.00368019540126632
72079	50-54	2	0.00677532813045713	0.00737632603876803	0.0090315960390402	0.00912343596039295	0.00611307557286942	0.00661961863916481	0.00662388693517983	0.00506517815908758	0.00531105098154245
72079	55-59	2	0.0109367413041991	0.0136576049238076	0.0112805255251029	0.0142704902925259	0.00955063620462047	0.0102056110399777	0.0110434425483693	0.00781480914242689	0.00772025601682712
72079	60-64	2	0.0202287795698728	0.0208109270199153	0.018230448041939	0.0151781904686117	0.0146265949081698	0.0147713825405697	0.0140500781335852	0.0137810793389112	0.0122587923962345
72079	65-69	2	0.0238686443345685	0.0239393863371708	0.0203883224806511	0.0191113826533334	0.0207370499061793	0.0207810901391816	0.0208253058617741	0.0171951484084301	0.0164075730708913
72079	70-74	2	0.0431186373204544	0.0400013880931202	0.0402044082737217	0.0405034538091367	0.0347367771631439	0.0241566447945444	0.0261718441154779	0.0259138202861946	0.0253237430217751
72079	75-79	2	0.061459139151563	0.049912352848524	0.0480616148479228	0.0540352157932062	0.0511055134135801	0.05158998985447	0.0403124143959236	0.038258895403471	0.0390573736841412
72079	80-84	2	0.10647665612339	0.0883572531324249	0.101353054874778	0.0959251852552931	0.084841954068155	0.0763098319823835	0.0634495933555992	0.0534971085535307	0.0608674113959702
72079	85+	2	0.177556370388759	0.153606366065193	0.169250681593288	0.187746458476987	0.167048118861947	0.164020460822485	0.147059444236927	0.12728009643717	0.104816379564412
72081	0-4	2	0.00368745609584937	0.00278847995814429	0.00396104142434904	0.00293054077258594	0.00251768464804297	0.00209173409472236	0.00224748455055923	0.00213854448946927	0.00221390619666425
72081	5-9	2	0.000216061572657273	0.000200316615201221	0.000228850933944198	0.000222602353015746	0.000172965764359481	0.000164765108975662	0.000159909917570333	0.000139387391006589	0.000145328690447098
72081	10-14	2	0.0002341570352773	0.000288439110583749	0.000260193633511435	0.000279273707954964	0.000252708774563808	0.000219605218482013	0.000193173948158295	0.000169358923575094	0.000176176186450557
72081	15-19	2	0.00088053802562014	0.000981495105546123	0.000900586768108649	0.000971862649669959	0.000797007383273704	0.000655542412542203	0.000597894428908464	0.000564270853787966	0.000567673897198104
72081	20-24	2	0.0017943169973373	0.00190960383974099	0.00155589698564951	0.00133881925246837	0.00135596198417315	0.0013897258446278	0.00141510457213604	0.00100995945965109	0.00101022425251185
72081	25-29	2	0.00198974724255738	0.00224829697296163	0.00196309296534019	0.00196015811109691	0.00151231438026451	0.00145130520148524	0.00146002329671832	0.00128718501993436	0.00159758519975135
72081	30-34	2	0.00241929358226495	0.00263264512668486	0.00246265750621465	0.00236181093937724	0.00198099874824767	0.00174071749368283	0.00165434397717937	0.00139263862086762	0.00205559812096516
72081	35-39	2	0.00368169246530241	0.00292293381482115	0.00398082215949567	0.00287771240576232	0.00250703888648241	0.0024497092131056	0.00181864957049222	0.00218417794131748	0.00186807314519685
72081	40-44	2	0.00352530576459771	0.00435102676445654	0.00483680310666501	0.0035636455324344	0.00326656951696934	0.00238206944173964	0.00273025011568927	0.00314682024418488	0.00302530921076302
72081	45-49	2	0.0063248374692186	0.00485065303739352	0.00569365437113157	0.00568084882293639	0.00374928985855014	0.00413171202760263	0.00358626535892458	0.00334126700985305	0.00320248951933921
72081	50-54	2	0.00795233518804999	0.0072948117542107	0.00838607929211561	0.00720403631861839	0.00610168886728845	0.00564481148562045	0.00512244680257523	0.00658290603597687	0.00753638021524725
72081	55-59	2	0.0114723714957334	0.0121997568513417	0.010624175979889	0.0121212902488092	0.00927500687895294	0.00850676471832152	0.00610009313039232	0.00677175066251137	0.00802856774322242
72081	60-64	2	0.0158977632045311	0.019307144795722	0.0190394967749248	0.0180337063572097	0.0123853138126405	0.0121329809488636	0.0115249426006135	0.00961794631584378	0.00846465211301864
72081	65-69	2	0.0293096348067647	0.0279027035481569	0.0271142856935094	0.0238952212355854	0.0195546564936127	0.0228926343883151	0.0183945718331221	0.0182215899925087	0.0139842481842376
72081	70-74	2	0.0432267640412142	0.041826688255555	0.0432306317038486	0.0344288984875767	0.0356494536675739	0.0294267492104856	0.0248024725312112	0.0273250705162462	0.0233783479355709
72081	75-79	2	0.0624433094711469	0.061449958926136	0.058203372300052	0.0476658273561051	0.0524224571514672	0.0484415804515757	0.0333436734975995	0.0382912224057646	0.037990030698111
72081	80-84	2	0.0969307344715318	0.0822244067912533	0.073079977765227	0.071312200017864	0.0803266839420982	0.079193578485804	0.0655182129105764	0.056325401043321	0.0527701308542163
72081	85+	2	0.192789639970263	0.159699397528549	0.146298590836267	0.159599750957624	0.151636524363792	0.150591642845294	0.12167571372515	0.110783565048682	0.106738328639219
72083	0-4	2	0.00417336356603142	0.00344047006676355	0.00366967835588772	0.00296687724463634	0.00255926321422223	0.00240501776900567	0.00246246462352248	0.00199361298893584	0.00185473080489315
72083	5-9	2	0.000204686987758239	0.000199864634396737	0.000207204609219116	0.000202072826977905	0.000171162018933869	0.000161635708532714	0.000147338073874927	0.000134364862533454	0.000154693628650289
72083	10-14	2	0.000237015234878427	0.000243057088391378	0.000264814833953386	0.000245901580197788	0.000219665226193919	0.000197454725618098	0.000180226270649748	0.000164626454411328	0.000170551768845245
72083	15-19	2	0.000817694410924088	0.000766329090288755	0.000832115508015501	0.000809471387202172	0.000693624893452231	0.000691751688669332	0.000578570066060303	0.00053406739150782	0.000554987427327021
72083	20-24	2	0.00147679898214761	0.00152072614216169	0.00155950233801191	0.00149343349858201	0.00116475020215622	0.00117155590657635	0.00103667512770856	0.00106934926038709	0.00141700116386358
72083	25-29	2	0.00169519830932669	0.00188337965691335	0.00200986401933928	0.00185941195892891	0.00146475270614929	0.00146237981049939	0.00143135333432168	0.00132690792757316	0.00132668904714139
72083	30-34	2	0.00214798526432874	0.00236335847204473	0.00231452598166361	0.00268922085399991	0.0018087399991496	0.00181321429906661	0.00160612769039259	0.00167605095113914	0.0016573125284227
72083	35-39	2	0.00319056499451168	0.00310985498887896	0.0035753105296244	0.00312686442882272	0.00259461274809495	0.00240071365528641	0.0019596794890023	0.00218674542649425	0.00190904054794876
72083	40-44	2	0.0032765914723939	0.00370573893950031	0.0041668172150011	0.00337078616961063	0.0030524942956071	0.00273401056259734	0.00257337173301753	0.00248746984677747	0.00261366856973768
72083	45-49	2	0.00427555905370887	0.00456409746460038	0.00474048871573963	0.00532477173342772	0.0039694813236732	0.00405793400817716	0.00326214295700054	0.00335903850380239	0.0032902877053912
72083	50-54	2	0.0067767715155151	0.00871226095908052	0.0062761812075034	0.00788950086944009	0.0061665905674223	0.00529711562755842	0.00487236938059682	0.00614334640717707	0.0048200397692954
72083	55-59	2	0.00925141959249892	0.00873894485638414	0.0108472655546581	0.0104960058908542	0.00921958125900077	0.00784970438215661	0.00676825151240441	0.00724536920092079	0.00896092639092487
72083	60-64	2	0.017124659214065	0.0170541172242626	0.0167239566630973	0.0149941848748539	0.0130539804755456	0.0139510836960258	0.00890244036329943	0.00999393688847459	0.00914826924554739
72083	65-69	2	0.0197488313437341	0.0217308371540354	0.0224744401126515	0.0243194832411654	0.0177582801983849	0.0204902816611925	0.0167569602846322	0.014336666343871	0.0158871579326446
72083	70-74	2	0.0371178273472461	0.0393433188385252	0.0338699252562677	0.0307833145840342	0.0345751208708066	0.0299188651097207	0.0271653486268517	0.0205264354520219	0.0195066942148641
72083	75-79	2	0.0564447556588769	0.0566341209813432	0.0588787685930871	0.050335076287552	0.0489171374547811	0.0373258327824378	0.0386387731994782	0.0324218131241383	0.039829371034536
72083	80-84	2	0.0922954572009653	0.0907730461172168	0.0778206829492103	0.084772466507973	0.0661236171180682	0.0683804456653142	0.0773113512409061	0.0564005145211338	0.0481168518940582
72083	85+	2	0.122192587129968	0.146793423528836	0.133505277189096	0.201884258046254	0.185446888205878	0.172536115016775	0.127572650194102	0.139642940234339	0.134143915903157
72085	0-4	2	0.00412629924072516	0.00392778906290011	0.00298714474742092	0.00282438459125367	0.00233366810440014	0.00238172721716467	0.00240776792787617	0.00170784745034515	0.002103983274436
72085	5-9	2	0.00020395786199231	0.00021858146551784	0.000274548768714901	0.000209544797873736	0.000196511195490424	0.000167866063147427	0.000154610078095258	0.000142286684708259	0.000149201102791982
72085	10-14	2	0.000272278356064204	0.000263112768382278	0.00029885625825152	0.000252726440405022	0.000226454936562188	0.000203335425040845	0.000206384125979185	0.000172444144234718	0.000180440233726831
72085	15-19	2	0.000966634014825217	0.000749342301149337	0.000857845570152531	0.0010068090984356	0.00064332526629551	0.000724811053543947	0.000837072093064643	0.000584866377464803	0.00058914208984518
72085	20-24	2	0.00154290655062681	0.0018519551588993	0.00244629731311199	0.00205723671833117	0.00196802036670601	0.00127710493790501	0.00230528194771832	0.00155273278032493	0.00131387162215867
72085	25-29	2	0.00231569828879844	0.00236877673766585	0.00270766577902476	0.00188536339939587	0.00212838452247653	0.00164085035759413	0.00168404118609301	0.00169736005876509	0.00247596786538259
72085	30-34	2	0.00256504214815686	0.00288516996610126	0.00349602680021173	0.00249366780434292	0.00204128846385503	0.00207879052193084	0.00256215580798203	0.00194074896406992	0.00192839482647047
72085	35-39	2	0.00294038444647472	0.00300685713992097	0.003907794539808	0.0036469545956924	0.00277272897772704	0.00298475144207068	0.00241513055769296	0.00199017538458516	0.00272151852695623
72085	40-44	2	0.00448409539425162	0.00356978640681169	0.00409271400499918	0.00442181540177486	0.00303419267147186	0.00316180730991755	0.00258782323977993	0.00233085425957859	0.00341240585141607
72085	45-49	2	0.00601565883874442	0.00486199083925552	0.00606579644846127	0.00469688098964435	0.00499816378165247	0.0040089873604323	0.00346584844177481	0.00371178870735852	0.00383363476530811
72085	50-54	2	0.0082929621063448	0.00706985648035226	0.00581255069741026	0.00680712821540128	0.00672365194154658	0.00550261707989976	0.00514805329385943	0.00482461240924289	0.00588321547792963
72085	55-59	2	0.0109117685938306	0.011157888705353	0.0138152103095378	0.0105941883813713	0.0114385784432391	0.00771580397632429	0.00740201212236028	0.00959256247655916	0.00889652451172325
72085	60-64	2	0.0133278311657603	0.0212268148491961	0.0171625715963503	0.0193648799707326	0.0157745951291466	0.0115742408565786	0.012050818595521	0.0117307336023312	0.0118546510792749
72085	65-69	2	0.0230691918343734	0.0256134692109742	0.0253890304206423	0.0228122562553112	0.0181702969764656	0.0190263870619017	0.0210278553358368	0.0165420496277557	0.0162640007998934
72085	70-74	2	0.035674393079673	0.036861915351144	0.0438454040959095	0.0384865480050851	0.0303739143616851	0.0297254241851226	0.0286268354094374	0.0230004939114782	0.0224919146638299
72085	75-79	2	0.0447956191795309	0.0575017225522162	0.0499000518197927	0.0547238504259536	0.0566358445992655	0.0491229574935442	0.0365432426208676	0.033803994716146	0.0347021654067642
72085	80-84	2	0.0999191567621764	0.0853588382730248	0.0900264633861201	0.0807140108814506	0.0686872431655965	0.0659997129850594	0.0702321510172966	0.0594118179205021	0.0554235578902299
72085	85+	2	0.160328495646991	0.192843130743654	0.139997286611426	0.134778876315578	0.136879797139237	0.153691017872659	0.145538132416699	0.138544149439223	0.112913417077219
72087	0-4	2	0.00561249240680047	0.00402931712975728	0.00468461236600071	0.0039387897647521	0.0030891519511373	0.00285159080484828	0.00256200840688491	0.001777064824668	0.00224040229498058
72087	5-9	2	0.000257620606288223	0.000284762781216831	0.00032190201195737	0.000250331684482663	0.000215414775262854	0.000206850663794478	0.000181843108400168	0.000166414197586197	0.000175253676739446
72087	10-14	2	0.000310353018901804	0.000342713657384768	0.000307200471997203	0.000375906466367855	0.000296856176404449	0.000273366248530258	0.000243127064582623	0.00020291872960801	0.000234526728907745
72087	15-19	2	0.00105612010939459	0.0010635261145262	0.00148781278082186	0.00183608458206894	0.00269611036998384	0.00181570715768274	0.00143661256932679	0.000768344807937343	0.00107277631100082
72087	20-24	2	0.00205958107991421	0.00212874095898053	0.0022919759076481	0.0034682432870347	0.00343810943929925	0.00485269228850358	0.00305461892809595	0.00205522239631478	0.00205744056162256
72087	25-29	2	0.00241789076384581	0.00308390611805981	0.00376232599388557	0.00382982085643795	0.00372942871327809	0.00387975173538935	0.00303206083359117	0.00246130185247843	0.00261692774411806
72087	30-34	2	0.00293250953139206	0.00376880751416258	0.0044265268032491	0.00565614939093408	0.00431741051115278	0.00399746490433837	0.00294515195305112	0.00255092366788494	0.00257819978458949
72087	35-39	2	0.00387799613381694	0.00343881228826198	0.00480044312371497	0.00659032109377639	0.00463739395773287	0.00302246192614287	0.00461702796896201	0.00249599630380071	0.00301384002987451
72087	40-44	2	0.00474123496197518	0.00530407307617684	0.00562191237367699	0.00545824405371072	0.00484980929995954	0.00478492361389163	0.00486181736642827	0.00314312853027802	0.00373067099032064
72087	45-49	2	0.007930011374295	0.00531967301606006	0.00862486869437701	0.00759456170239894	0.00638444021488281	0.00694506272765651	0.00560731476293384	0.00460701578770966	0.00442862756043312
72087	50-54	2	0.00787836125581144	0.00916608753024846	0.0105812241522619	0.00848279968165212	0.00774401017130066	0.00777868084365312	0.00755909539593437	0.00618998286744599	0.00671585977444282
72087	55-59	2	0.0121050992803071	0.0154465661087016	0.013264982292605	0.0126724659113274	0.0113149140421174	0.0110902383416688	0.00875165327066189	0.00733659207716573	0.00991404970358472
72087	60-64	2	0.015334170201072	0.0192811880069968	0.0179600536701695	0.0175564623884481	0.0149720149088267	0.0135654214660734	0.0121057970930897	0.0115112750910122	0.0128027617258425
72087	65-69	2	0.0300176081312359	0.0226680325583999	0.0295865452538366	0.0253925970405369	0.0261323448766203	0.0179708680301184	0.0169543788574314	0.0154997967803756	0.0185272129025997
72087	70-74	2	0.0394290860791605	0.0421895782124207	0.0433467594106378	0.0425343033366278	0.028454634335098	0.0349583407572048	0.0264906817401727	0.0260191189851673	0.0235353712003983
72087	75-79	2	0.0557677921906704	0.0623301411057405	0.0526857356227571	0.0541796274285975	0.0487825064514316	0.0435788212955203	0.0391467621576007	0.0376645623150732	0.0442446579013418
72087	80-84	2	0.0779310869228318	0.076469164603097	0.0872259110700099	0.0961830439077681	0.0954562316170979	0.0933248206994065	0.0659117097402733	0.0594465453093703	0.0594979254085198
72087	85+	2	0.18538639449051	0.162899587404422	0.153342245462684	0.159997424659944	0.132284759505852	0.144623830705329	0.134407785212032	0.117206469885526	0.10178830410836
72089	0-4	2	0.0042960153585806	0.00406308041869626	0.00383767047410349	0.00379389221714921	0.00251977941490983	0.00298115291572614	0.0026869391919599	0.0019778771446784	0.00254940497586077
72089	5-9	2	0.000246562555633821	0.000280236290159553	0.000276804283116276	0.000257262302452074	0.000218406559118243	0.000197138852804589	0.000180652747465377	0.000164697257733227	0.000172110065686149
72089	10-14	2	0.000313763849401569	0.000337612490428356	0.000303022745884664	0.000345259094808217	0.000266303511337918	0.000251129379325082	0.000219071441831386	0.000200661599622693	0.000209557474006453
72089	15-19	2	0.000977142367714548	0.000978961112622146	0.00128620579782588	0.000998914431181301	0.000832805070322953	0.00082172405238284	0.000798579072525935	0.000714888402196673	0.000719791375912182
72089	20-24	2	0.00186364050119642	0.00213167141243869	0.00205651739895402	0.00186891902789155	0.00238814577445269	0.00198063450865328	0.00151153208920289	0.00147445471482452	0.00125028987363359
72089	25-29	2	0.00238682889605307	0.00213841548047432	0.00260625352420845	0.00289314663293641	0.00249656299526868	0.00253982187822331	0.00244792700312025	0.00151381688687462	0.00169701112955104
72089	30-34	2	0.00303081103390741	0.00325983358431617	0.00338614672097973	0.00324974785679684	0.00215209134967336	0.00217700707618437	0.0030354073108246	0.00218735522175128	0.00190430612280743
72089	35-39	2	0.00308594304602417	0.00457674999240868	0.00541038536008839	0.00451279681203478	0.00300445514604111	0.00405292985910476	0.00330116249450375	0.0026098588309897	0.00290060071114853
72089	40-44	2	0.00352703578854893	0.0047652103027556	0.00719521186609192	0.00499037849510465	0.00577783939269124	0.00360277092295932	0.00328739725668368	0.00313855671851183	0.0044094089257865
72089	45-49	2	0.0062727176502984	0.00626174872255855	0.00505839311215526	0.00855794849375561	0.00708206772818095	0.00442033261980845	0.0057730286598276	0.00374302736997344	0.00446697074764667
72089	50-54	2	0.011080804722673	0.00831675398371257	0.0111202110933876	0.0124248048232345	0.00888370850858704	0.00903096588901131	0.00711948188137183	0.00555060099069112	0.00585548467563473
72089	55-59	2	0.0110733993012916	0.0125616186271336	0.0135994248072444	0.0112142274269351	0.0124625122010587	0.0109193951376048	0.0108626641487849	0.00773891899065782	0.00987810467085665
72089	60-64	2	0.0148901870227357	0.0158239130881978	0.0228577699235874	0.0194430966864086	0.016013648912223	0.0149843602644308	0.0141773009680319	0.0119394402806032	0.0143997805092529
72089	65-69	2	0.0240170494843458	0.0235767305893362	0.0263767851031821	0.031262868718436	0.0222937087572499	0.0207232873152693	0.0181454400375286	0.0147065225280854	0.0182013752024418
72089	70-74	2	0.0405844990224768	0.0478880490727158	0.0412328078385744	0.0474854396593963	0.0362551818447338	0.0283330550112662	0.0261943124649535	0.023557390597333	0.0258228747676634
72089	75-79	2	0.0694273984678066	0.0615121852429178	0.0566058022151092	0.0602129926993046	0.0654525766143713	0.0518401671634054	0.0469815060604433	0.0369205068512087	0.0379142836963052
72089	80-84	2	0.0993437480496584	0.0914391147411233	0.0892387428060257	0.0894673547659747	0.0700974303182182	0.0698818112736974	0.0630932340522308	0.076317941040195	0.0615881304416736
72089	85+	2	0.20519421481506	0.15873656014672	0.165229513276005	0.186235996809543	0.175610967255248	0.173087011939165	0.145452149948678	0.10090437453506	0.105942668919813
72091	0-4	2	0.00489264340211742	0.00343566700115039	0.00370760350567503	0.00333684162350208	0.00280819097974365	0.00275361732527746	0.0022464310687426	0.00234364802204584	0.00214100017708895
72091	5-9	2	0.000240555015225062	0.000247042962404949	0.00025595270571833	0.000237844863332056	0.000223251180025431	0.000213013158489582	0.000179564832397078	0.000157892290976061	0.000165768252479943
72091	10-14	2	0.000318692951132312	0.000310274396003044	0.000320292366722571	0.000285721814406995	0.000244472505489861	0.000267127696772029	0.000215357898277475	0.000190567330123312	0.000210385991541725
72091	15-19	2	0.000973882173082834	0.000990114478833062	0.00116520493101822	0.00138730269451303	0.000819708396587673	0.000917264636840161	0.000868209254143499	0.000627395157981822	0.000731735033753432
72091	20-24	2	0.00192934681621907	0.00199399230830081	0.00221248659148579	0.00301625217510883	0.00161669064980185	0.00163225375041456	0.00202338443599622	0.00181355671857936	0.00176613076912517
72091	25-29	2	0.00232146587098324	0.00296371935920134	0.00329364778489166	0.00254073397198146	0.00223696437899581	0.00220045760857331	0.00253856330907854	0.00209879302079234	0.00235696430186222
72091	30-34	2	0.00312046392359772	0.00367823268157597	0.00438174118624601	0.00400890698448176	0.00248715823345279	0.00257950880347754	0.00249352667993066	0.0026415673724477	0.00258957202165857
72091	35-39	2	0.0036418759380955	0.0045311556742709	0.00513179118961731	0.00414174528542916	0.00298546369967138	0.00288035517756068	0.00228892174261496	0.00300555260989432	0.00234382243773472
72091	40-44	2	0.00421870030822847	0.00670840986665684	0.00574253516909579	0.00500312016123592	0.00383035956259051	0.00343732286405741	0.00254788932801112	0.00257926301021674	0.00379090421786574
72091	45-49	2	0.00618303872961863	0.00798076064878187	0.00670024887487446	0.00722398878985638	0.0049750604057401	0.00535804109866397	0.00421587920166369	0.00379316201349091	0.00431297342402442
72091	50-54	2	0.0108571564795532	0.00836799855594606	0.00901472875362998	0.00874615108506205	0.00863812221240367	0.0072041271939313	0.00581889772552912	0.00431594517581764	0.00515657342381933
72091	55-59	2	0.0131089660556891	0.0136201460471057	0.0131706943548977	0.0118659541527046	0.0111971291705661	0.0116947146242283	0.00940569570259052	0.00872302321718705	0.007378062379333
72091	60-64	2	0.0254228195148573	0.0195925233715809	0.0201793626626764	0.0184366187671208	0.0166600345443639	0.0138711302883308	0.0141776643040426	0.0120945041162264	0.013094356134502
72091	65-69	2	0.0277844107204325	0.0252794397604667	0.0254839617238137	0.019849951828152	0.0237638247734598	0.0187594828485373	0.0195100722349314	0.0165987307410112	0.0181340268270158
72091	70-74	2	0.043695526024082	0.048316086212991	0.0458531797473568	0.0442855888443797	0.0381339268420623	0.0302777781018983	0.0282063924908753	0.024257253176785	0.0271591905754941
72091	75-79	2	0.0580278037169225	0.0546721712373859	0.0627487262961925	0.0504412161716165	0.053781324070451	0.044394715826543	0.0434861593190031	0.0437191045388502	0.042589276597934
72091	80-84	2	0.0884522633829712	0.109945351792987	0.0846602901516757	0.104038478422097	0.0720176897207521	0.0760521536294249	0.069340161450183	0.0588456237354929	0.0578915034156788
72091	85+	2	0.206085747444601	0.203197847704318	0.161486211551846	0.19324906095719	0.167300571253903	0.156945152409085	0.147047230364148	0.112779953906806	0.115742686467646
72093	0-4	2	0.00403570078438991	0.00324477317608646	0.00365543715016389	0.0035181276145219	0.00293953573475567	0.00301180786162429	0.00218507239032006	0.00139416839117343	0.00226224199729112
72093	5-9	2	0.000221385663860691	0.000215001628663813	0.000235768356111289	0.000230588882918542	0.000185029730088505	0.000174113975997606	0.00015871322748065	0.00014439648023939	0.000150346567932501
72093	10-14	2	0.000256886028135548	0.000276474772349436	0.000288032781306072	0.000281566851989859	0.000238087224667964	0.000212947378050869	0.000194596899311936	0.000177225016758986	0.000184231456718835
72093	15-19	2	0.000859271020881988	0.000841146516681731	0.000918970278740109	0.000937970407960561	0.000761664893388149	0.000687367564775055	0.000664761565152628	0.000579504612769427	0.000637068002416758
72093	20-24	2	0.00170970875692861	0.00167246896461972	0.00157991048475935	0.00168971351488956	0.00137566687851451	0.00131130818422317	0.0011572383478764	0.00117933004527337	0.00111416149281776
72093	25-29	2	0.00202162217213458	0.00197771760828225	0.00206170033704882	0.0020274525379017	0.00199962693256446	0.00162546496919528	0.00158167959596334	0.00140898859144175	0.00154460529138009
72093	30-34	2	0.00262090845516478	0.00223347237954569	0.00243519162036336	0.00250724335472782	0.00196144173347648	0.00185526575909927	0.00170625990005472	0.00158411025110228	0.00193266220862088
72093	35-39	2	0.00358427576937685	0.00300339587462151	0.00295228423488814	0.00345788195357402	0.00298829368546386	0.00259531192825601	0.00218577873112415	0.00194092413496535	0.00225516726052053
72093	40-44	2	0.00478816475286734	0.00398034534386287	0.00500547414688501	0.00397979881920831	0.00314463093196962	0.00296735779293737	0.00304825135303421	0.00314927117867741	0.00275370866879896
72093	45-49	2	0.00551724786788074	0.00471475746761236	0.00570598525575741	0.0056017764257235	0.00440156280460126	0.00383864349287314	0.00370796929870318	0.00364274245938438	0.00446076285622256
72093	50-54	2	0.00734626106237217	0.00806124306268787	0.00904814848146275	0.00763532745427806	0.00622734649230607	0.00610431184963906	0.00716213550416719	0.00507982402365607	0.00607551459892413
72093	55-59	2	0.012445694982718	0.012617251815282	0.0118688543856527	0.0132454646029796	0.0106280715185239	0.00925293957342383	0.00825444498138607	0.00724256716120106	0.0104790802960334
72093	60-64	2	0.0178921957587716	0.0196899073954442	0.0185673320840928	0.0185295096270455	0.0148512222724081	0.0137151759174887	0.0102214215309715	0.0102306924552519	0.010559068863895
72093	65-69	2	0.0274481048130997	0.0259194674278978	0.0236102451502899	0.0223600032859834	0.018587888972954	0.0184261373322769	0.0134282840897512	0.0146639551256102	0.0150711317459087
72093	70-74	2	0.0419628965707726	0.0331899856207368	0.0424796679804606	0.0431340999252884	0.0332712734282013	0.0375566188330855	0.0285189312186664	0.0231197295858765	0.0238346086677542
72093	75-79	2	0.0601534976623043	0.0480515233874075	0.0556539495659088	0.0570358057580394	0.045538965666454	0.0449673000994267	0.0427463483515112	0.0422141705390865	0.0365264368439683
72093	80-84	2	0.101827479234979	0.0992788361752256	0.103654583363591	0.102034977862954	0.0663972353855544	0.0662448648351076	0.0550481312134092	0.0592436731780347	0.0483091901674505
72093	85+	2	0.180743589994189	0.158763081603501	0.151595841073442	0.154857046312491	0.145785540327128	0.121438135281721	0.139332436592687	0.129397527300089	0.136372714478082
72095	0-4	2	0.00452636749943997	0.00400236661161218	0.00383677735244747	0.0038916301925537	0.00317813653633892	0.002475996186798	0.00277336330956677	0.00206701255367017	0.00226044584712685
72095	5-9	2	0.000229479363448941	0.000235275995947051	0.000232756811389656	0.000227715008932072	0.000192855078670722	0.000182525080249798	0.000167423995216693	0.000152131155872707	0.000159053119845658
72095	10-14	2	0.000292224062194385	0.000314420784623955	0.000282024493022079	0.000276823282329309	0.00024736023870026	0.000222802316088823	0.000204624029123237	0.000186102976511337	0.000194466164095791
72095	15-19	2	0.000953332529426425	0.000856102243783798	0.000894079699940201	0.000888159854664275	0.000768937862179561	0.000765054038401636	0.000781710680577024	0.000599059355984215	0.000626576938840304
72095	20-24	2	0.00198458544151084	0.0016188740903197	0.00181265670704495	0.00185243972073742	0.00160587744484347	0.00135932881781457	0.00138666641179561	0.00117890812444551	0.00124884882296257
72095	25-29	2	0.00244836334807132	0.00215151519869586	0.00248065426506796	0.00215902356067079	0.00181989654063532	0.00176239721547106	0.00159494327363918	0.00156095404759835	0.00206353706345229
72095	30-34	2	0.00244887841637754	0.00280155551280651	0.00364229649027018	0.00270690210605219	0.00216419416781182	0.002243613918721	0.00186477352918109	0.00175219952841833	0.00243574521115001
72095	35-39	2	0.00288442285354132	0.00341692516403573	0.00448370229668343	0.00408431631512619	0.00272033689206668	0.00252045446425293	0.00246364533916144	0.00228883116304549	0.00328728128968334
72095	40-44	2	0.00414616112951181	0.00419528277506907	0.00437358733527792	0.00463036061081073	0.00323040349489374	0.00375267679829725	0.00378766098225199	0.00284326194867253	0.00284519295891969
72095	45-49	2	0.00542252520538609	0.0058412859416327	0.00703194101096895	0.00586073836413971	0.00473408091926677	0.00443248914374424	0.00432163611214998	0.00356362321939	0.00374818620357845
72095	50-54	2	0.00737000647515261	0.0076717090037849	0.00758627637730359	0.00824369075179726	0.00760956523251362	0.00672423581706047	0.00702748275982813	0.00530322371109594	0.00492068249526254
72095	55-59	2	0.0113685924054191	0.00931404442408772	0.0101700035433123	0.00994993199979448	0.00906902991065101	0.0112304422322326	0.00842570205158695	0.00645053411620692	0.0078152146833539
72095	60-64	2	0.0201737798658549	0.0202000554426381	0.0166017072389817	0.0171481187220874	0.0130928865098707	0.0126327966029298	0.0140082933491907	0.00971262187844854	0.0101523963734975
72095	65-69	2	0.0257192581503758	0.0316774009982294	0.0231692352690476	0.0252549089784646	0.0226973436338313	0.0202528956349103	0.0183402363332609	0.0159850584943984	0.025666860968232
72095	70-74	2	0.0408227844507821	0.0337732698547546	0.0358783687335274	0.0398152584314131	0.0360884001231213	0.0351908667994409	0.0312083083862849	0.0239317935567912	0.0297505473249676
72095	75-79	2	0.0503259031452424	0.0519165703711408	0.047468639205285	0.0562799547886446	0.0451537774588267	0.050747411282783	0.0423608475794943	0.0409563822141595	0.0400042479626307
72095	80-84	2	0.110854372031631	0.0959304751195829	0.098769430615251	0.108726141872218	0.0908529192455622	0.0795420996761265	0.0786631800391038	0.0626076051854432	0.0624065112606463
72095	85+	2	0.174863052166393	0.179217525348837	0.173682246896747	0.13084626301687	0.162457380986843	0.138341438463668	0.138591396621351	0.171889920349107	0.128774194998737
72097	0-4	2	0.00499333187099537	0.00387770206762778	0.00351281835119044	0.00337695250890646	0.00254374177123751	0.00274532135405113	0.00189381689327046	0.00183084166840454	0.00251066260807961
72097	5-9	2	0.000274984862277659	0.000263859588909777	0.000244415733714803	0.00024300338186862	0.000195185231970828	0.000189464432322274	0.000186440985425274	0.000149964385555976	0.000158232467126958
72097	10-14	2	0.000273542966263554	0.00030268440910412	0.000292502979773789	0.000333070760890869	0.000262884852915134	0.000214545317642659	0.000193042245631975	0.000217478209786722	0.000198275014809405
72097	15-19	2	0.00103145405899929	0.00101556128002726	0.000941764541804277	0.00107015478757141	0.000685148144374335	0.000902801347204482	0.000911407491434385	0.000698042753485734	0.000713769131861024
72097	20-24	2	0.00150542330219182	0.00130676785572332	0.00153356881134504	0.0014747084416381	0.00112639345293305	0.00126037710835452	0.00133340831478664	0.00113212493006555	0.00125615774337831
72097	25-29	2	0.00226086909955522	0.00229081070614794	0.00271501719837659	0.00268231083057374	0.00195239107679108	0.00181964474767236	0.00158373094942266	0.00157319974511715	0.00207109201693687
72097	30-34	2	0.00237235003710785	0.00301087779771023	0.00421853790238473	0.00418332578799594	0.00291421785262366	0.00268747321744434	0.00249000989438322	0.00248967576659231	0.00275941074549631
72097	35-39	2	0.00371099748997565	0.00452015724957621	0.00516405424335261	0.00441456386708147	0.00319746477583031	0.00381432618393718	0.00331908955474001	0.00352382910686365	0.0028306041183767
72097	40-44	2	0.00427046487213012	0.004684309373662	0.00634209929752511	0.00480792040196268	0.0049282537314522	0.0035479101441019	0.00383165795955644	0.00373433023780589	0.0044746695834334
72097	45-49	2	0.00685881855975371	0.00539786657106032	0.00786415806934888	0.00696309511277434	0.00606616511685313	0.00613352466321644	0.00480004107117103	0.00510895815613605	0.00575372637967317
72097	50-54	2	0.0103610605372221	0.00887700155632045	0.0072346493976784	0.00871219132165398	0.00842808351130432	0.00862604859389769	0.00758754149096004	0.00719079598473386	0.00703247830400915
72097	55-59	2	0.0120421681250134	0.0127472156588278	0.0109620786912906	0.0110547570125165	0.0107969434281483	0.0107109563270097	0.0111620745228706	0.00918825966582525	0.0104161014917239
72097	60-64	2	0.0189432116924069	0.0200662972498656	0.0195791457170051	0.0187546246676679	0.0152086270818886	0.0150548794049709	0.0140782795262138	0.0120937008242176	0.0142185782619494
72097	65-69	2	0.0293091275202139	0.0290635191678612	0.025310472185059	0.0279320965340189	0.0212632652998804	0.0197459232868822	0.0188989960817419	0.0178847968118868	0.0170956226093089
72097	70-74	2	0.044270696991226	0.0449030704153563	0.0458891520785979	0.0375571205460881	0.0318111093548453	0.0329812582993108	0.0314943770858234	0.0233471615129939	0.0251050929607866
72097	75-79	2	0.0611850246881669	0.0682757808729419	0.0566685936116461	0.0589505007281824	0.0541214181679124	0.0428339134663225	0.0437861479247974	0.0362628959336981	0.0344583771502614
72097	80-84	2	0.0956424443768568	0.0917226056339883	0.101749507930082	0.0961957974901056	0.0743033623786818	0.0794284997969444	0.0755039615819962	0.05268248477398	0.0572725031005976
72097	85+	2	0.17667642868881	0.170034602307639	0.154618593552489	0.162610001221875	0.158612460446746	0.15631055783372	0.140802924068566	0.114410840556253	0.110777394285579
72099	0-4	2	0.00397965591634981	0.00245156725760912	0.00335197482322048	0.00303637557835524	0.00268995559093298	0.00226972678893354	0.00210638073406353	0.00206411380700626	0.00178148706817722
72099	5-9	2	0.000196419733652575	0.000220379505911286	0.000228256347295946	0.000202663185974366	0.000173053262061581	0.000172131786430225	0.000151200132182859	0.000132480139901327	0.000138433034966521
72099	10-14	2	0.00025772360144112	0.000261963431341503	0.000236008462644539	0.000266916459389731	0.000240556399932567	0.000188162934528813	0.000173646234827968	0.000160359674305837	0.000176199104186665
72099	15-19	2	0.000858094188824243	0.000755801012353953	0.000843074789879408	0.000852767195632306	0.000592543164438301	0.000619206713336358	0.000580617720881198	0.000543369607180073	0.000573009890935374
72099	20-24	2	0.0017112524591139	0.00143392932701252	0.00147933428347053	0.00148802494967345	0.00105822378518653	0.000970893948410393	0.00120814105256747	0.000957798966060098	0.00106319109727273
72099	25-29	2	0.00199606711396519	0.00199463959596414	0.00196734052319429	0.001828982133892	0.00116064786953319	0.00142740737782302	0.00151235072055273	0.00123403593119371	0.00158013808797524
72099	30-34	2	0.00220067021745459	0.00216561945647747	0.00234582687146734	0.001899141966854	0.00167970426926457	0.0016798491403596	0.00155290528070333	0.00175368131349692	0.00213157607906982
72099	35-39	2	0.00315040263006579	0.00279802553716617	0.00283880092230356	0.00249485053877453	0.00255054662912109	0.00218674994278581	0.0021195512178049	0.00174610516953421	0.00254806641484188
72099	40-44	2	0.00329092347398836	0.0034762041854461	0.00406159492419124	0.00390048230837599	0.00288914710357498	0.00278045405035067	0.00241428907783603	0.00234480853308223	0.0025631825104613
72099	45-49	2	0.00564552495786462	0.00435940512585105	0.00459396054496678	0.00515601705669599	0.00393395152389937	0.00384169339192933	0.0042488533922401	0.00282702241080505	0.00325125090656668
72099	50-54	2	0.00847889556256557	0.00682504542597938	0.00867818167749163	0.00840741352878572	0.00532490190029235	0.00488781589462891	0.00649219418482911	0.00515878694853797	0.00560442814251221
72099	55-59	2	0.009305680219918	0.0112822105703743	0.0099092587536371	0.0105835442811686	0.00978714821764476	0.00794449393336094	0.00638518125217026	0.0067818411829623	0.00674770152989672
72099	60-64	2	0.0174705621864513	0.016512706595763	0.0170873686253351	0.0140860713351635	0.0154513398455453	0.0125727520569163	0.0102767083043595	0.0102575995430799	0.0094767240980123
72099	65-69	2	0.0276118599303674	0.0248237416762261	0.0231759061993925	0.0247896259858314	0.0215302529066282	0.0159686027063094	0.0173782363447301	0.0170354291255076	0.0120077590216438
72099	70-74	2	0.0395682774484645	0.0408688500105872	0.0322073131175267	0.0351068599700704	0.0245045359508799	0.0280790894887696	0.0247224287060018	0.0201904868301423	0.0214043830773814
72099	75-79	2	0.0551530195087207	0.0538858587588937	0.0511249437064841	0.0521412206244395	0.0484358937278207	0.0390847903523007	0.0361731596915066	0.0377646077447987	0.0350328177279429
72099	80-84	2	0.106234010340702	0.0905843386242819	0.0825685303763381	0.0921949456930864	0.0809979324264446	0.0729608845668529	0.0631747405448458	0.0667356757481989	0.0529983555662759
72099	85+	2	0.158052524806672	0.148395473214586	0.139169144505746	0.158962061403174	0.161228630445195	0.15057272183326	0.118291121606453	0.128425635478948	0.105900928597967
72101	0-4	2	0.00487459140072347	0.00318720976581357	0.00289938898396007	0.00285374908493653	0.00283443862695788	0.00217408852550464	0.00236094257613187	0.00210939418914306	0.00225661604437925
72101	5-9	2	0.000215771727573267	0.000209207962750358	0.00021596767926124	0.000221330982805867	0.000179897383521306	0.000162043091519087	0.000173569295576858	0.000137454931088045	0.000159390701020159
72101	10-14	2	0.000259586131049224	0.00025326918051223	0.000261449538903773	0.000253864951949377	0.000227004550031312	0.000195146169529031	0.000189456177434327	0.000165775388827718	0.000174126199320437
72101	15-19	2	0.000871771728819818	0.000860574308723276	0.000815176783106167	0.000926283909228785	0.000945790523615407	0.000619502851165288	0.000811378729911454	0.00060176154516323	0.000555348998071344
72101	20-24	2	0.0012809212525434	0.00144469030932411	0.00169452894964121	0.00159182168427747	0.00158199298336359	0.00129410679934309	0.00112065538445164	0.00109553965231091	0.00110758672459018
72101	25-29	2	0.00171627969140479	0.00207558974070622	0.00199322001023282	0.00213942403859014	0.00216336088437332	0.00166549426171021	0.00204958712373185	0.00155588214381289	0.00141698715882432
72101	30-34	2	0.00204593067673948	0.00293982232605693	0.00253349748172789	0.00238699803995713	0.00212897778154198	0.00211621546372429	0.00187102980768353	0.00158264806623023	0.00244839901024802
72101	35-39	2	0.00277779357747034	0.00309181203993444	0.00365512016684219	0.00404555742571732	0.00280936584527488	0.00225073988662923	0.00225199563050535	0.00219423489440028	0.00304616287678417
72101	40-44	2	0.00467743875916087	0.00328241655927541	0.00367219334678025	0.00373689679730309	0.00314229145218901	0.00300117342973813	0.00238993168428306	0.002126548648843	0.00257328401426936
72101	45-49	2	0.00523007850542743	0.00720739095328763	0.00537373223550801	0.00544274039175636	0.00498388985370211	0.00385674538299503	0.00384191969544005	0.00331471540595821	0.0031948839485869
72101	50-54	2	0.00683390409200836	0.00717801151488836	0.00642843857847702	0.00728164125590353	0.00670223050298151	0.00673442879484169	0.00461257776276881	0.00492660556528033	0.00518051506287746
72101	55-59	2	0.0114867118036952	0.0106830884651061	0.01231920486395	0.0116962821002676	0.0116030819687157	0.00744801472794377	0.00671981609651492	0.00596431099470679	0.00740353623834196
72101	60-64	2	0.0178737370755578	0.0151834592809953	0.0161825541137377	0.0173565102651271	0.0121810983646155	0.0146169141994098	0.0103625124673562	0.0115182500389501	0.00971624560687737
72101	65-69	2	0.0229534088167877	0.0204877004005721	0.023275373966541	0.0197993116449133	0.0164970542679595	0.0195825512582675	0.0219936953769442	0.0143718628128477	0.0145223862815551
72101	70-74	2	0.0417225232374617	0.0363027665438737	0.027682014891458	0.0390396171843718	0.0321333016132127	0.0318660496151742	0.0246094812030723	0.0224514012643912	0.0174376222493329
72101	75-79	2	0.0553620499202729	0.0585089267320502	0.0487570351489893	0.0548860351002854	0.0490554658484618	0.0415482494688041	0.0395703161738631	0.0385710297046605	0.0336867392638537
72101	80-84	2	0.073306478517388	0.0875983866901237	0.0951469440262122	0.0988062030254677	0.0776443131985069	0.0731754260079576	0.0640128909611904	0.0691863408792364	0.0662696091908313
72101	85+	2	0.174488474602996	0.177868058941584	0.165060835634442	0.170836044281927	0.162636283797094	0.150613190945866	0.124065959506143	0.119876319829959	0.113701179423529
72103	0-4	2	0.00368374912855106	0.00403076669101115	0.00396797536505356	0.00351422181220305	0.00339783609304016	0.0027130430512687	0.00227235026282114	0.00172813345227635	0.00230066997320757
72103	5-9	2	0.000315178904270246	0.000254144082644203	0.000251742611047624	0.000272188592315225	0.000220066795243955	0.000218135688366524	0.000180368197486161	0.000165808299810906	0.000174040445517669
72103	10-14	2	0.000379795110727652	0.000305569831675453	0.000332669096204083	0.000343885187978234	0.000266457109765371	0.00023949624384626	0.000230450402369195	0.000212054231077934	0.000210907001248318
72103	15-19	2	0.00111444657385842	0.00104273072148036	0.00141297804369349	0.00168010475881902	0.00100745301790114	0.00108325258090927	0.00105938125204176	0.000739623249245271	0.000851282824459381
72103	20-24	2	0.00182602932601101	0.00219146681808989	0.00227671261194812	0.0020411835368091	0.00143577787936589	0.00182873891015079	0.00148211075980541	0.00173173372567653	0.00172792462415363
72103	25-29	2	0.00208994357628277	0.00228835891407233	0.00248113804350787	0.00227931983910327	0.00229756156943431	0.00250897721627167	0.0022798892183557	0.001683242266573	0.00181350422999145
72103	30-34	2	0.00285627639207517	0.00361166456216261	0.00389465583677838	0.00477493717606942	0.00260906973576508	0.0025961123201335	0.00218640095671249	0.00249921297633847	0.00230145062578471
72103	35-39	2	0.00368359254038832	0.00383019472543621	0.00309440850472555	0.00372957440144828	0.00351569423687978	0.0034502209337479	0.00312490841736168	0.00252626864749089	0.00318947451637444
72103	40-44	2	0.00493282042054055	0.00518988425347072	0.0061090797819031	0.00550889515921475	0.0043118047740424	0.0034873750325553	0.00301821863731221	0.00294177735781462	0.00300214815018719
72103	45-49	2	0.00743069792658107	0.00627903940228288	0.00682719763677374	0.00703523870626117	0.00594314313035903	0.00480398719025799	0.00404120402650754	0.00408181660037526	0.00438155660269638
72103	50-54	2	0.00828259136413036	0.0104971129548391	0.0129073808370792	0.0102905052850987	0.00851193251098088	0.00808449903047912	0.00773655367354583	0.00586123355695577	0.00535516581621038
72103	55-59	2	0.013534183485514	0.0150573813878287	0.013342283791756	0.0141914592174796	0.0136747643248503	0.0139938460559071	0.00936406921480485	0.0110946060656519	0.00755141045933001
72103	60-64	2	0.0236863482769887	0.0190674560236453	0.0177465699993266	0.0171895157230848	0.0164426407250832	0.0127068826203145	0.01440676801768	0.0143163454319217	0.0142070158163583
72103	65-69	2	0.0245800838769586	0.026737934850207	0.0239021933628422	0.0276680361043436	0.0194511106346146	0.0235972438313655	0.0176510167885664	0.0195852906451914	0.0167056190711139
72103	70-74	2	0.0403421483807572	0.0440108362569069	0.0361007131409766	0.0433082158825549	0.037850977791108	0.0304436550806004	0.0289307240213396	0.0252190078034217	0.0248806560846105
72103	75-79	2	0.0466828664606635	0.0607440723939813	0.0677359938514763	0.0601902546435535	0.0597189535910206	0.0434963838190327	0.0506881908206277	0.0456292443880254	0.041133154138412
72103	80-84	2	0.0877372686463305	0.0755161090886775	0.0964850608757719	0.0798333910193609	0.0787441821877729	0.0733391096712558	0.0692459000119368	0.0626217294022496	0.0623136845501668
72103	85+	2	0.163040729875564	0.156454909604284	0.170149246889524	0.177002202473955	0.16589032844017	0.186812619107024	0.180118993404947	0.128090666392551	0.131414199017248
72105	0-4	2	0.00463031967592035	0.00332184565244401	0.00300755143644439	0.0034943717004234	0.00256770529730174	0.00265047894214391	0.00245481606114753	0.00171501182972012	0.00210552540456856
72105	5-9	2	0.000224029333231696	0.000207285500017762	0.00022581925599971	0.000232392448641886	0.000180004285352977	0.000163032352020656	0.000149539871646727	0.000151546199927375	0.000142908555865338
72105	10-14	2	0.000244470437426731	0.00027441066490788	0.00027155979602285	0.000242095637236005	0.000217344126647983	0.000217690268796381	0.000181189881170127	0.000174912039493977	0.000173327372249685
72105	15-19	2	0.000889207366738565	0.000785829966664814	0.000957650826896086	0.0010365644621158	0.000741259647935195	0.000679571188430135	0.000561676229566616	0.000555110077361294	0.000581974698456629
72105	20-24	2	0.00162368914616094	0.00165183148953057	0.00187665519503179	0.00196967777835409	0.0017335299628774	0.00167590973645476	0.00100411327335834	0.00114442628173017	0.00102208795465409
72105	25-29	2	0.00174441331045154	0.00230107661091446	0.00213434059013475	0.00205298363166525	0.00160424848296601	0.00192518951782767	0.00141868459366568	0.00161109260579047	0.00197329040813601
72105	30-34	2	0.0019044229192454	0.00206875827000457	0.00294010865989641	0.00252133967340548	0.00186075364157763	0.00192335829244332	0.00200937930394395	0.00210772486278781	0.00221232366812874
72105	35-39	2	0.00275592201117997	0.00307057580124174	0.00355742384304122	0.00308184456557286	0.00274775497662063	0.00214956028651546	0.00224360068490434	0.00238139688671625	0.00257068598438175
72105	40-44	2	0.00366668448485864	0.0033352095159286	0.00522227668264508	0.00400584194233274	0.0035630766667038	0.00356573788239446	0.00317480634022741	0.00283628820523782	0.00396826965686327
72105	45-49	2	0.00579119135120966	0.00442909659000537	0.00495516917871278	0.0053144929392096	0.0044204601146657	0.00447468228595054	0.00329739703823111	0.00325849912369532	0.00435071319487271
72105	50-54	2	0.00615897074839139	0.00628468366633102	0.0087324851987343	0.00716266139448171	0.00711792755705386	0.0067604082239221	0.00559492552214107	0.00544681228545168	0.00713819076197021
72105	55-59	2	0.00963302005842382	0.0104212831057411	0.00974670537861064	0.0106593773943479	0.00903917230917774	0.00760751119460074	0.00696839629568484	0.0078342541361472	0.00820334021073957
72105	60-64	2	0.0140877531029489	0.0142077155829725	0.0147317026737731	0.0170684166589963	0.0145581797889375	0.0128313857810852	0.0107485786875644	0.010226183661312	0.00934534816268451
72105	65-69	2	0.0239143503915272	0.0235923310494137	0.0196227005762988	0.0250827732668243	0.0238128907941764	0.0176831686222499	0.0154565606564536	0.0162927858066662	0.0175237717305888
72105	70-74	2	0.0310925551040399	0.0380291586918547	0.0356025833476018	0.0423093160008691	0.0285991268236202	0.0255182275122317	0.0245958017563649	0.0200720686895639	0.0230867262105889
72105	75-79	2	0.0447598435309524	0.0551095514467993	0.058784607667843	0.0582126602324533	0.0481045371182445	0.0503937494977216	0.0426539277237009	0.0310829996867997	0.0352424870695521
72105	80-84	2	0.0757070834415176	0.0863897436030685	0.0858942032714314	0.0956398693122427	0.075266661268004	0.0576149734775828	0.0605946288183779	0.0507652759366414	0.0553911433610194
72105	85+	2	0.161862052989153	0.146084269943232	0.163418591986653	0.154331679215463	0.14564270817699	0.169880858301017	0.133399750211375	0.119713115250532	0.108646193252501
72107	0-4	2	0.00345708450545115	0.00336219779663453	0.00382903634143308	0.0031410900529324	0.00274274487426378	0.00262901058282847	0.0020339658118632	0.00221225879133906	0.00235162170247685
72107	5-9	2	0.000199147609404314	0.000224386382630078	0.000233665141871727	0.000227735841738469	0.000184839664654176	0.000167524288375644	0.0001535556715934	0.000140874456367888	0.000146520352992027
72107	10-14	2	0.000251643275264807	0.000258562228776666	0.000269959926745033	0.000303583948012067	0.000213104293265398	0.000212568530832035	0.000185973471843011	0.000171242875065011	0.000178185563635393
72107	15-19	2	0.000853094958300814	0.000777520928973034	0.000996693553028585	0.000825963852283092	0.000718204878183969	0.000774386143467437	0.000666422059184953	0.000525785896408631	0.000735275584897351
72107	20-24	2	0.00154483128918054	0.00150651228258114	0.00161774056732412	0.00153844258326706	0.00175737550103719	0.00140028276619373	0.00122987874731365	0.00111964636932653	0.00134610295186326
72107	25-29	2	0.00190277348523117	0.00165836941462556	0.00225397817529601	0.00191598720939124	0.0016967983074472	0.00188830317509926	0.00157512830041119	0.00160678399813933	0.00164188202262668
72107	30-34	2	0.00216091115527123	0.00224347699823363	0.00333211110516739	0.00234153165668946	0.00174351749858472	0.00199718281603169	0.00173365513115077	0.00147807754846514	0.00209718180396923
72107	35-39	2	0.00275487368437028	0.00364733818866268	0.00321028945745057	0.00361357077283251	0.00283808049417916	0.0023762860897884	0.00239023107454183	0.00229347604288524	0.00190425731524366
72107	40-44	2	0.00537341453575956	0.00476459293040419	0.00441426284595279	0.00505752083946491	0.00362718258681194	0.00372449830009674	0.00299375683301214	0.00280657645733189	0.00304787523751234
72107	45-49	2	0.00572386789996032	0.00522522491948494	0.00558521392614973	0.00527691678605176	0.0045124000820968	0.0041180992142646	0.00348946987279033	0.00358694465558278	0.00373078698799753
72107	50-54	2	0.00922099438688997	0.00814505907656237	0.00756212841230802	0.00647505742893567	0.0074250602103521	0.00670909634390793	0.00614321623472648	0.00590486063896836	0.0058958548528116
72107	55-59	2	0.0111330384594477	0.01145776384147	0.0121604221178873	0.0120381336469731	0.00971584349758028	0.00754898318599981	0.0085152851152686	0.0078113446550383	0.00884960470652297
72107	60-64	2	0.0159898291882447	0.0135030002430144	0.0181234142622003	0.0158148307875497	0.0134501981795421	0.0103166145020301	0.011965735334924	0.0120873816277443	0.011235588733291
72107	65-69	2	0.0224810638138579	0.0225824613181647	0.0298241905899719	0.021876234940524	0.02211643679699	0.0214968509984695	0.0162761889146612	0.0148572383622497	0.0140236640774716
72107	70-74	2	0.0340253566607463	0.0367774841460493	0.0398797541888399	0.0325297953412535	0.0343619543998743	0.0298043464708674	0.0234204367100393	0.0254355252582477	0.028142176504069
72107	75-79	2	0.042426977071748	0.056838080915408	0.0598495447252089	0.0577865683388996	0.056825002273339	0.0467862743249094	0.036724318290451	0.0356098528991416	0.0316750334274181
72107	80-84	2	0.084263887365658	0.0898490438880394	0.0884532062488923	0.0743665967834653	0.066294120174443	0.0670805862123805	0.0662058628489341	0.0615774737690454	0.0482733672725489
72107	85+	2	0.164664898817898	0.167193533298017	0.151783886515859	0.161960318585411	0.153873550048062	0.155416257625293	0.145923457598252	0.125631615367213	0.108782729194382
72109	0-4	2	0.0044475918453621	0.00380861601091946	0.00368577408205192	0.00307111298076776	0.00251651319311949	0.00271798036504805	0.00273441552619806	0.00203642508318565	0.00254268802381101
72109	5-9	2	0.000217969166354828	0.000234545123288897	0.000232056237868781	0.00023887966145515	0.000203620660707541	0.000183561615521002	0.000168639057774255	0.000154113458335747	0.000160852593870082
72109	10-14	2	0.000303828349592584	0.000295668128671991	0.000292926608091235	0.00030317829750404	0.000235318799420656	0.000246390003836345	0.00020527996741287	0.000187920537676259	0.000196019181596217
72109	15-19	2	0.000828145764197751	0.000848611478528144	0.000921204817986393	0.00099644086573401	0.000840197746093056	0.000836065163765965	0.000629130313319967	0.000622863318299743	0.00065548328617866
72109	20-24	2	0.00162169446124386	0.00162514551817898	0.00147646819529027	0.00184433871898485	0.00203732412016531	0.00138926759316638	0.00159919011593116	0.00137119711246605	0.00117017987107675
72109	25-29	2	0.00260770423854506	0.00206163506676525	0.00201935144496	0.00258374994371807	0.00184189272723896	0.00199762314718253	0.00202256269104946	0.0015546319622577	0.0019880518315764
72109	30-34	2	0.00252754296600204	0.00270864124713879	0.00274874650818212	0.00333420566135306	0.0025130617233302	0.00210295247172368	0.00217281328569025	0.00193481289191183	0.00218874355603151
72109	35-39	2	0.00405033736226676	0.00312721847758873	0.00470471490166037	0.00321237267661773	0.00297944541751698	0.00236503378865706	0.00256859507059344	0.00228117764494203	0.00263233219698431
72109	40-44	2	0.00395233199915432	0.00371709168327779	0.00428941253682111	0.00560179377603364	0.0032481399519205	0.00345358490764687	0.00372480623092718	0.00298735484351717	0.00257603804414423
72109	45-49	2	0.00609101403532081	0.00600567808518129	0.00558310587617557	0.0071799511686414	0.00459118286466795	0.00420026133314863	0.00526602301510703	0.00456618570309756	0.00509291279894239
72109	50-54	2	0.0111509500339729	0.00889619654475871	0.00993453491562542	0.0101602407251473	0.00603914800747544	0.00818287423570747	0.00557397881612121	0.00814341309322045	0.00621118887860886
72109	55-59	2	0.010154356715423	0.0121967706370584	0.015280527353411	0.0117725803543688	0.0099541294864717	0.0123314545228483	0.00810351428879677	0.00714397134308966	0.00811675010226924
72109	60-64	2	0.0185337879828574	0.0217161363854506	0.0197729724523929	0.0199629294142126	0.0159158985983296	0.0139659427460252	0.0134511053576994	0.0115737557322361	0.00860735338663057
72109	65-69	2	0.0217597854700846	0.0286538528780707	0.0259453313311071	0.0240141994329761	0.02388586243439	0.0214297651807093	0.0161951183916199	0.0182288628128243	0.0146987948968621
72109	70-74	2	0.0374725421420897	0.043572559535852	0.0347810463158969	0.0343752816310126	0.0358304063923345	0.0367308686492902	0.0230585216121894	0.0284089731805351	0.0236796597501953
72109	75-79	2	0.0520718787943933	0.0683881488168163	0.0521875670723208	0.058772117515353	0.0591429770794616	0.0466599713401077	0.0446494130321433	0.0309389671855545	0.0472550955229732
72109	80-84	2	0.0972322101525471	0.10459223664651	0.0916599738316859	0.0944672226305812	0.0763199531253406	0.066674103472771	0.0740919014280486	0.0662921785575719	0.0621460789757832
72109	85+	2	0.17417654109176	0.19673740355459	0.182667920614975	0.158751282669191	0.171083753671792	0.153221054785529	0.157520856435345	0.132934461900118	0.121245147213456
72111	0-4	2	0.00476954346383835	0.00395527632579405	0.00413685783519347	0.00330647798064564	0.00326253951020518	0.00251823473336283	0.0025166257050615	0.00205273894787048	0.00251094194197911
72111	5-9	2	0.000225941426160749	0.000254515630690652	0.000239633113085179	0.000222398543074476	0.000190015516135333	0.000180645663992371	0.000184672705329502	0.000161526037913375	0.000159941813121151
72111	10-14	2	0.000275429219272669	0.000294132412170584	0.000349846775613192	0.000295174253594034	0.000253373680941629	0.000230917937444415	0.000235302578122413	0.000196248526616682	0.000194531824986606
72111	15-19	2	0.000937297588440995	0.000873659556442137	0.000930209998239768	0.00113654292366013	0.000931536000599403	0.000798152834453446	0.000765168196363284	0.000660045630799823	0.000602416830570742
72111	20-24	2	0.00155922380359425	0.00159508751569632	0.00168499165604201	0.00191379806428982	0.00154262779908513	0.00161999006670558	0.00137146844532739	0.00146401215030915	0.00108811015273607
72111	25-29	2	0.00192328085619948	0.0019395650505354	0.002504131894465	0.00219527199224466	0.00200495953103078	0.00216511458648115	0.00206936477076021	0.00172152943047278	0.00154663350158236
72111	30-34	2	0.00226154247562079	0.00235932157477465	0.00296969271465495	0.00298463630660585	0.00221194241644761	0.00244234187010825	0.00185592217462951	0.0019561378525298	0.00204020623087952
72111	35-39	2	0.00295470697228036	0.00362556813992189	0.00312980421822076	0.00360506527393091	0.00265935727711388	0.00234544904685287	0.00262880303992138	0.00201866045581076	0.0024148379145189
72111	40-44	2	0.00378921069927979	0.00405739833090436	0.00399009174195401	0.00392899793143682	0.00319721564395914	0.00369792812755276	0.0030144906255709	0.00309121813054368	0.00301371125813001
72111	45-49	2	0.00558675885369199	0.00558100919442323	0.00498304803751309	0.00554454799879172	0.00375891221688667	0.0045302011021153	0.00411193665768031	0.00357758303030116	0.00370213365015266
72111	50-54	2	0.00773548537494919	0.0075121789858102	0.00790741407131562	0.00711676026605536	0.00803171949697521	0.00592424931141951	0.00641821082254147	0.00542870222396825	0.00547261179870034
72111	55-59	2	0.0107074507841271	0.0101321819376493	0.0121354500329266	0.010986476180722	0.0113930207073602	0.00893243735975967	0.0078815153014594	0.00768639390484258	0.00783465717652648
72111	60-64	2	0.0185817762473132	0.0163799224840344	0.0200362372653171	0.0163175180867462	0.0148624005841951	0.0149080656219883	0.0146763045922534	0.0125196091659647	0.0109355398508782
72111	65-69	2	0.0257685790086563	0.0295185835922925	0.025032496135843	0.0232033105163668	0.0200140277956314	0.0202927320596078	0.0172873854256003	0.0169477665134519	0.0189988384621375
72111	70-74	2	0.041637811211589	0.0520986784443238	0.0404500574381638	0.0450109751472787	0.0409429384810358	0.032763848100361	0.0279185224144466	0.0294496808426976	0.0251897833132164
72111	75-79	2	0.0607853120021482	0.046812970310741	0.0686214434933018	0.0555301185341214	0.0573159666125051	0.0548193026160198	0.0385309177155632	0.0422711275434893	0.0371659809563694
72111	80-84	2	0.0924935839043745	0.0922760504364491	0.100242341337038	0.0987161262222576	0.0926306916655347	0.07702802150296	0.0626542974730004	0.0670968519467747	0.0607156527069048
72111	85+	2	0.170780346248412	0.2285097786376	0.169068465511411	0.171821542454516	0.168100185391393	0.158468972723897	0.155706042501926	0.15565804827704	0.133757562031542
72113	0-4	2	0.00479459815092071	0.004773971040346	0.00394337591877686	0.00337264971061509	0.00274214602671647	0.00262279536223667	0.00258925329456057	0.00207105023217733	0.00207863423828122
72113	5-9	2	0.000276375252302886	0.000282084538582702	0.000271684717538417	0.000257793367137211	0.000182662602209525	0.00018936277738333	0.00016976132669487	0.000163553901931503	0.000191309171960261
72113	10-14	2	0.000332319183799358	0.000351832353761232	0.000400575740648889	0.000392519168096489	0.000243144851602148	0.000233961759420825	0.000212011960045498	0.000245858130991449	0.000212632536817833
72113	15-19	2	0.00091952575453854	0.00115418270795676	0.00139657592804575	0.00194833589619599	0.00138165078263002	0.00165377245600725	0.000896987307751453	0.000923617028390056	0.00074556856066854
72113	20-24	2	0.00158994527842193	0.00227788028520765	0.00315112472512235	0.00385199279478085	0.00286348410862694	0.00347050481038709	0.00255757502931911	0.00193170319220908	0.0015703991945676
72113	25-29	2	0.00228944970289159	0.00356463679026307	0.003606455201662	0.0035795494842212	0.00298443233222545	0.00314456280489809	0.0029658100786822	0.00226681747134399	0.00227954336655179
72113	30-34	2	0.00234755140988307	0.00412448852259611	0.00617053596833826	0.00443116183786788	0.00319571179998348	0.00323355904178398	0.00271947346841163	0.00265048206560579	0.00259416915692417
72113	35-39	2	0.0031291814612537	0.0046605659218972	0.00683823549566891	0.00533106379568805	0.00388207484899345	0.00336084832853187	0.00286371255868245	0.00295305747130614	0.00369258982499389
72113	40-44	2	0.00395317134494612	0.00617609555046604	0.0076431288294617	0.0069562532424908	0.00474966305880619	0.00365468511409552	0.0033913141953523	0.0039652957742409	0.00426796048163285
72113	45-49	2	0.00499924032420283	0.00591950859142928	0.00863677089064509	0.00769913695436229	0.00669502458556963	0.00592896280383109	0.00470186869591716	0.00542849280648899	0.00565875356177578
72113	50-54	2	0.00770996197900908	0.0100246962565174	0.00845460780503768	0.0078781588173609	0.00728228634390096	0.0082975340129214	0.00667911846598144	0.00672987573465773	0.0080729072290522
72113	55-59	2	0.0116351562365065	0.011735938195621	0.0122173769153171	0.0122464239122239	0.00988329977506335	0.0103999171118655	0.00998455724157134	0.00971360554030357	0.00897956267740983
72113	60-64	2	0.0206045173739245	0.0223059074715821	0.0184424609840797	0.0183797333985394	0.016376771915815	0.0160791182839091	0.0135135673936352	0.0131166387869477	0.0136786542451877
72113	65-69	2	0.0286382266857864	0.0287358529318703	0.0272600294202459	0.025565088550862	0.0246051920655757	0.0227421956134759	0.0184476262061916	0.0174484088056135	0.0183903196192448
72113	70-74	2	0.0468473211212987	0.0449088589511593	0.0422151709789228	0.0415605348146024	0.0376453532746051	0.031259145855215	0.0260823529977748	0.024671210472254	0.0249963093233172
72113	75-79	2	0.0640321750370097	0.0649984415390739	0.0585241525265105	0.0609384342279637	0.0544740272971809	0.0478175474818653	0.044028300552691	0.0387726185787534	0.036343172264111
72113	80-84	2	0.104429884091288	0.0967465817099733	0.10338051958874	0.100146995589182	0.0796032491558593	0.0771862809422256	0.0720219906538598	0.0604670320100035	0.0589890153647237
72113	85+	2	0.177602700359539	0.165475827423784	0.155645143552205	0.15639710644039	0.151120182603534	0.155334006772201	0.149191220138866	0.136003055527616	0.131785316848343
72115	0-4	2	0.0037570304777448	0.00413168766252199	0.00363065966259196	0.00281209425242901	0.00281846800605522	0.00225882627514758	0.0021545236857384	0.00208549274870403	0.00193335020180845
72115	5-9	2	0.000225182949637473	0.000231043339332786	0.000227316869641038	0.000221969264839006	0.000198415020968425	0.00018776079488249	0.000172783140073285	0.000150573646319271	0.00019283702194398
72115	10-14	2	0.00028431149454151	0.000305962897415967	0.00031649179141073	0.000295762597082926	0.000229078680269606	0.000227476977869891	0.000220420289660481	0.000183046438970923	0.000191037144316458
72115	15-19	2	0.00108372148626591	0.000918043190066649	0.00102824111363718	0.000843068715238479	0.000732375705186403	0.000639027731180302	0.000926550979088416	0.000589192921702216	0.000589733992357372
72115	20-24	2	0.00200110728036104	0.00179198300592269	0.00200156511450693	0.00170311964476171	0.00153596316631247	0.00124344266773933	0.00177472474076996	0.00115545792120183	0.00111642705842013
72115	25-29	2	0.00199653024101599	0.00222228332691958	0.00229303203372349	0.00203946968004308	0.00161034139815763	0.00161213761898188	0.00139557828151858	0.00181814121343214	0.00142454969864285
72115	30-34	2	0.00268943858941642	0.00273795724938187	0.00275046682372966	0.00251777869222986	0.00252785110871479	0.00190627807285175	0.00181355849503374	0.00182990764832325	0.00158748077371
72115	35-39	2	0.00294646661046852	0.00360483307146521	0.00369210412873585	0.00383058231318411	0.00245397755637188	0.00279573269389082	0.00231128377074706	0.00262091288119635	0.00319939568571272
72115	40-44	2	0.00385143899742335	0.0043737506126029	0.00424606860798598	0.00437597182061042	0.00356052312246334	0.00252266731725431	0.00292610424699499	0.00272671409572356	0.00280656172102413
72115	45-49	2	0.00523238229236657	0.00454816871087399	0.006285518952321	0.00548758252488521	0.004685042482562	0.00463291663032805	0.00345027910904358	0.00329564343792179	0.00353789037481013
72115	50-54	2	0.00677946854505161	0.00729149455223705	0.00869149876677026	0.00805249149976579	0.00729553280177379	0.00627857317038158	0.00533434922757685	0.00543370414557997	0.00574870139633211
72115	55-59	2	0.0131786494020962	0.0124801001731321	0.0103486985985486	0.0116055899688745	0.0106109178701774	0.0101715056738982	0.00727948744918092	0.00814914837984866	0.00863279158705605
72115	60-64	2	0.0180158344560264	0.0210764592370854	0.018672732048896	0.0197602986268442	0.0150294450813496	0.0172762055245874	0.0144675335733043	0.0112340017293309	0.0132638735026923
72115	65-69	2	0.0283258716522645	0.0296858361898532	0.0262572600035302	0.0260965671852896	0.025599380773985	0.0208339167628509	0.0189171403775346	0.0159399126526677	0.0191901657266559
72115	70-74	2	0.0503200961505686	0.0393583198912799	0.0415049755197333	0.0386751737006331	0.0351881094538473	0.0313678612987638	0.0265058648873578	0.0239555880510337	0.0284186333469805
72115	75-79	2	0.0566542091218258	0.0757330825695659	0.0539950353292889	0.0687895883862569	0.058159824478627	0.0519530664707722	0.0504406934824861	0.0422407523172108	0.0386466506052947
72115	80-84	2	0.096331295413715	0.0960197180275443	0.0940701697482997	0.0943968385320987	0.089188777996713	0.0708561592122448	0.0664701347981768	0.0692276879134618	0.0551673775565343
72115	85+	2	0.194426930455582	0.187503438233786	0.17769932139804	0.209753060017426	0.166593365146949	0.149547200787658	0.171978201243168	0.139952585797826	0.124497555516773
72117	0-4	2	0.00452026535863822	0.00375682917967089	0.00326551654276129	0.00297577441838308	0.00273686596394262	0.00289308072193508	0.00221232024638691	0.0019255053644855	0.00205495982111605
72117	5-9	2	0.000203570260728701	0.000209093717173269	0.000216819713259854	0.000211874642743684	0.000178822902174725	0.000169067068661296	0.000154072733703768	0.000140615801802017	0.000146078963559676
72117	10-14	2	0.000247625968899393	0.000280587486437313	0.000276873401356387	0.00028567081673256	0.000218497147679446	0.000217055928617508	0.000197642868398877	0.000171797987211886	0.000178320744222954
72117	15-19	2	0.0010027835292396	0.000821043386485294	0.000931916580056781	0.0008699520953572	0.000748127714194251	0.000714025229999155	0.000688910203151856	0.000545302742618	0.000597934750268195
72117	20-24	2	0.00158447737066288	0.00161182482901404	0.00171362750602843	0.00157560380555863	0.00147738513894926	0.00120972816173838	0.00107262981714584	0.00112918803700764	0.00109893335367283
72117	25-29	2	0.00220468499492064	0.00211658491506215	0.00189395249166225	0.00208696005464154	0.00167278866509218	0.00168389414995121	0.00132411759012581	0.0016980898295409	0.00156787248500465
72117	30-34	2	0.0023635684712503	0.00241538375903609	0.00267027475298289	0.00255256282513177	0.00202556444328206	0.00170294519046894	0.0018046467586976	0.0015719897519752	0.00171504227631452
72117	35-39	2	0.00276679115142416	0.00281005051071268	0.00307636031629222	0.00302964326227511	0.00270500647365497	0.00238651813601875	0.0020356080345808	0.00201186132153316	0.00241507570075327
72117	40-44	2	0.00403355078598592	0.00401726511703829	0.00467750394017953	0.00406529617052124	0.003131390606904	0.00280912101000698	0.00259401166179865	0.00295454980579937	0.00334497900775802
72117	45-49	2	0.0065124794018548	0.00495535427591606	0.00506295962793145	0.00476859292311255	0.00453367747536339	0.00355983329355307	0.00351424712715215	0.00332646827822749	0.00308611889253252
72117	50-54	2	0.00729600712071647	0.00737702505850681	0.0079435277326133	0.00957389364448179	0.00696736310352739	0.00649977218320857	0.00583548201284373	0.00509521521517714	0.0061214950686652
72117	55-59	2	0.0105800098697753	0.0112737694478246	0.0103978183479508	0.0129637017328074	0.00881778683188126	0.00940778972189852	0.00779743460797639	0.00749164595377527	0.00807548992395055
72117	60-64	2	0.0185401790599675	0.0157111731311045	0.0163477386338799	0.016636213449474	0.0125009693554863	0.0114223389135367	0.0119316279572151	0.01059216547521	0.0101548190572433
72117	65-69	2	0.0238102000879205	0.0242489177435602	0.026874185485934	0.0259827834276207	0.0207176222108135	0.016801054708067	0.0161026881150252	0.012648756199538	0.0133161160797244
72117	70-74	2	0.033897214512447	0.0416578102949952	0.0312442064451807	0.049714870965318	0.0303392536290646	0.0317232703513952	0.0225558915233217	0.0254709061257887	0.0175024456784356
72117	75-79	2	0.0516522824908937	0.0635620953539537	0.050357512798752	0.054285155866527	0.0483470419078455	0.0455730737670738	0.0386434099157851	0.0296300924608808	0.0290173436877639
72117	80-84	2	0.0963973174961196	0.080763811167711	0.0890960002031618	0.101010196545585	0.088032848172749	0.0736165603773285	0.0694640966530606	0.0614620677541081	0.0553627442903359
72117	85+	2	0.19284234709793	0.210184380028485	0.162003753053437	0.171380242261291	0.170266984233569	0.168315670707833	0.136021517478309	0.120052964571836	0.10842163728118
72119	0-4	2	0.00455777669135879	0.00347145761360164	0.0035762076068925	0.0032403461187261	0.002202100554096	0.00267333715085731	0.0022346501670154	0.00199863927576869	0.002324594725256
72119	5-9	2	0.000256251510558415	0.000227453918452393	0.00023531566931075	0.000229392610606895	0.000187037427256612	0.00021605864775952	0.000182934746942107	0.000161545766449361	0.000170628805910959
72119	10-14	2	0.000351018073291873	0.000295328211959392	0.000278349344119995	0.000356951987049259	0.000257616197975969	0.000244916265514479	0.000198705890013035	0.000185017998575576	0.000195103052713654
72119	15-19	2	0.000872242324363648	0.000876574717519778	0.00110969836632239	0.0017509565436974	0.001074141103835	0.00103274975746492	0.00085473592483151	0.000667346672914385	0.000750331751364575
72119	20-24	2	0.00181161588406922	0.00176676141563312	0.00228636299543156	0.00352536728636436	0.00193444284244751	0.00258795283557448	0.00198471047368175	0.00183014972695261	0.00185961752831807
72119	25-29	2	0.00193569275432523	0.00181122843607357	0.00340449164728698	0.00287197419005656	0.00229524248448451	0.00264957693034176	0.00240902837103551	0.00202051524173889	0.00244216787431545
72119	30-34	2	0.0028412576834932	0.00294215440543156	0.00398897911697556	0.00369462675556188	0.00247090446419712	0.00214391715775759	0.00259515000019222	0.00260117156952105	0.00193495567873855
72119	35-39	2	0.00312179816376216	0.00374285458826572	0.00486619607895671	0.00430680968475756	0.00304024448944775	0.00260605386196328	0.00248239452103224	0.00220719252268607	0.00467322100342488
72119	40-44	2	0.00391228705125225	0.00477320699237367	0.00655706694972281	0.00464034889537684	0.00411890493471721	0.00378374392177383	0.00359415918842695	0.00263770312995591	0.00325173226157354
72119	45-49	2	0.00594852517674852	0.00614382602453224	0.00730905602362927	0.00753467666538783	0.00595488629104071	0.00533029472623636	0.00506541818836055	0.00452046271301572	0.00391464834466605
72119	50-54	2	0.00828811383290873	0.00857583168970996	0.00872855089968349	0.0120032098173785	0.00838673908951705	0.00608681720638002	0.00593376449010506	0.00664973383067643	0.0090023597870366
72119	55-59	2	0.011456892542201	0.0109227014888107	0.0119095734967816	0.0124926532322088	0.0105163399973921	0.0101217360333831	0.00924747066888939	0.00690629750200692	0.00984971940063043
72119	60-64	2	0.021958079645278	0.0189855040285648	0.0158301385391153	0.0173760398135397	0.0146246591687816	0.0161183653431582	0.0128606269053537	0.0110735083559075	0.0130467800269918
72119	65-69	2	0.0273636892958449	0.0276193222936716	0.0270452580812015	0.0251752874094427	0.0211524014175703	0.0207752366623019	0.017143095464727	0.0173707462766663	0.0175572057006514
72119	70-74	2	0.0472724855835144	0.0464129237590007	0.0384284232937436	0.0375521645594303	0.0302644957760226	0.0291468531558411	0.0285836682912632	0.0252949570170852	0.0242066889961108
72119	75-79	2	0.0477964817134198	0.0544033860426692	0.0597225825452145	0.0581507762850367	0.0524072235631648	0.0413397016705923	0.0407859608440395	0.0374926031390408	0.0369262619844765
72119	80-84	2	0.102610759695333	0.0734165381068972	0.0976510286640691	0.105372330672645	0.0850280595381338	0.0690417396351825	0.0665994104040819	0.054055518151389	0.0519174909478847
72119	85+	2	0.18208994134836	0.180837418615967	0.144199745783055	0.142994126516482	0.152734950142541	0.155786926891433	0.137549188126735	0.140168692779336	0.112881321086724
72121	0-4	2	0.00400020109905481	0.00370403513707138	0.00370504052300558	0.00305945240939895	0.00304663896028126	0.0027336054451792	0.00269075261710943	0.0021519496518529	0.0022037677273986
72121	5-9	2	0.000214675707252437	0.000231129670349506	0.000265023783699392	0.000258565902834397	0.000189645847456058	0.000189302135751317	0.000165078046311584	0.00015125595370142	0.000157702572124315
72121	10-14	2	0.00028698417381701	0.00026528826240189	0.000275567787489332	0.000284226234885538	0.000242342970707974	0.000218189599501676	0.00020032470839598	0.000183932151514629	0.000191811652937715
72121	15-19	2	0.00087967859281153	0.000917360847884264	0.00105800818413267	0.000917744301417461	0.000739180233440437	0.000808300036437595	0.000788188961800202	0.000621125529997608	0.000622484857735525
72121	20-24	2	0.00152835768875697	0.00177768071905489	0.00160007235618971	0.00160574594202706	0.00140254954787781	0.00137971971400313	0.00153093090119624	0.00107788955993887	0.00117850903738228
72121	25-29	2	0.00192378881215821	0.00194870797073232	0.00253407366515876	0.00199708774509479	0.00169249162216099	0.00165255025580172	0.00161696604480347	0.001536512696299	0.00150848487470318
72121	30-34	2	0.00233033385731001	0.00285781670790773	0.00243676409151484	0.00256839780640662	0.00203742553498521	0.00198647309094867	0.00174634285641491	0.00159664178330782	0.0021995271214051
72121	35-39	2	0.00252252377646539	0.0033827969154887	0.00375104955674075	0.0035101250465552	0.00264391498174418	0.00232196425618962	0.00218189498967129	0.00220219601743756	0.00262143315597947
72121	40-44	2	0.00324934007174521	0.00491556424589489	0.00457008790002654	0.0042664643127314	0.00340458331861995	0.00258774369095558	0.00328991879966629	0.00269631368080949	0.00328764430852974
72121	45-49	2	0.00584265729214872	0.00543404408240096	0.00582120269165173	0.00642169848026661	0.00558187536211781	0.00460261001293459	0.00435183157374888	0.00410061161145799	0.00390386893162035
72121	50-54	2	0.00646399654488474	0.00777786242487985	0.00732963802534548	0.00829998581060138	0.00674199228927753	0.00667080337351177	0.00658687669739884	0.00603922977176826	0.0065544952671689
72121	55-59	2	0.0117668586234681	0.0102606883768072	0.0123416370685427	0.0119482304039055	0.0103084136563933	0.0114852695702139	0.00880859078505956	0.0111043913280494	0.0084265694691316
72121	60-64	2	0.0223018640018121	0.0181631599435361	0.0169382487902344	0.0171263657347103	0.0149303152006825	0.0162937374339006	0.0142167394481711	0.0115804225473963	0.0144721271279124
72121	65-69	2	0.0263376113181507	0.0240053790639986	0.0279057354806863	0.02012488203004	0.0220320274874337	0.0251186412064965	0.0184335941452548	0.0187868956857829	0.0191946753845025
72121	70-74	2	0.0421549303208672	0.0440497249181453	0.0386782842303384	0.0473238542919054	0.0323753665046031	0.0348400961608508	0.0273054806244121	0.0235561436346605	0.0196139692758963
72121	75-79	2	0.0590048938028067	0.05456252273273	0.0633381733220719	0.060582387869717	0.0460404462188153	0.0438464550843957	0.0432882697981523	0.0402153874739295	0.0382892569798846
72121	80-84	2	0.099099145347906	0.0883270996675563	0.0900622418061029	0.0949012501199365	0.0847369657994247	0.0720141244317725	0.0771995426292735	0.0668135372170866	0.0634309056549209
72121	85+	2	0.174457437277447	0.174909881040961	0.159503531232258	0.17029141775048	0.15824945621205	0.147515874915453	0.143063045809883	0.139026508338204	0.130461824698962
72123	0-4	2	0.00468610057776412	0.00452125035659535	0.00470319386355555	0.00408284270797687	0.00265744128215315	0.00290093564164918	0.00251388666111835	0.00227610684288369	0.00231640809957786
72123	5-9	2	0.000247189548729105	0.000231343218510906	0.000263893388251219	0.000233866322701833	0.000199456802404803	0.000190419706936659	0.000175258789352997	0.000161011606416772	0.000168699272890081
72123	10-14	2	0.000310687767226137	0.000276010765035142	0.000285899525434655	0.000281553277239525	0.000306001457305262	0.000229275003025098	0.000222131823474256	0.000195086586262039	0.000215125167170073
72123	15-19	2	0.000883361064537318	0.00105435125254024	0.00117307896206975	0.00103902486570667	0.000812800457916122	0.000972574684414634	0.000816586238187654	0.000584812136365677	0.000779242897069155
72123	20-24	2	0.00196862930037932	0.00212299227362189	0.00207697365500106	0.00188136542722643	0.00166421426355643	0.00184297471902722	0.00166142423621152	0.00156034794819472	0.00125486435607513
72123	25-29	2	0.00248927517301948	0.00276752567957819	0.00269677048553741	0.00258593461758186	0.00215931524081766	0.00221325609738728	0.00262014052237573	0.0022044935657863	0.00167303097099416
72123	30-34	2	0.00266135003040671	0.00394373663175724	0.00364478489693786	0.00297366374555738	0.00266401704555305	0.00240961671158937	0.0019823426639398	0.00220925774192888	0.00248246231837948
72123	35-39	2	0.00371562346197778	0.00532862428304304	0.00482873871403792	0.00426520803720868	0.00416949418331267	0.00330092841569054	0.00255831618054332	0.00275215847922546	0.00274289124928392
72123	40-44	2	0.00445255011721849	0.00537443035049148	0.00628847870940309	0.00666554956408592	0.00425642021475242	0.00346551220857592	0.00357384395569871	0.00287765269668984	0.00335256014852544
72123	45-49	2	0.00620444779861222	0.00683696480862714	0.00687224882612228	0.00771559147294275	0.00530857317413011	0.00554958225379686	0.00443208115644254	0.00383888075452989	0.00442760701775086
72123	50-54	2	0.00838745380615835	0.00984607344129199	0.0089096090138673	0.00813097931386387	0.00842682673990015	0.0087742291852514	0.00508647136159801	0.00567046283410697	0.00722653798205062
72123	55-59	2	0.0161996684950157	0.0143002683595634	0.0138057204043457	0.0156170917451756	0.0117796636283632	0.0114189993411648	0.0106249245166662	0.00800994065483882	0.0090203403552007
72123	60-64	2	0.0211869830965197	0.0243730188049327	0.0240994285286386	0.0207230944663645	0.0167461528366944	0.0145888470399539	0.0118888040291483	0.0119797080261193	0.0104295064591177
72123	65-69	2	0.026575739646457	0.0339500336502629	0.0266348310595689	0.0284116396495115	0.0242230694846878	0.022562747854156	0.0207736266046833	0.0171786563199004	0.0139108763001701
72123	70-74	2	0.0505703147355223	0.0522864866147877	0.0395266834049802	0.0459900531403871	0.0321548056697657	0.0343266588457983	0.026682828233688	0.0233458050553523	0.0232019510607188
72123	75-79	2	0.0629694027679417	0.0601661339348299	0.0526673505157008	0.0656797075674942	0.0536565191007082	0.0439176398001652	0.0456492877282778	0.0393579132566686	0.0363854559058795
72123	80-84	2	0.123985008117963	0.0973305939963228	0.0996651957036523	0.0973872518004104	0.0785442283958519	0.0825063143183563	0.0690683485221183	0.0530453864652506	0.0630576222118538
72123	85+	2	0.194438091329271	0.175563160744307	0.155355487414269	0.161317963873729	0.155520346005887	0.13845828190362	0.153355386834833	0.113733205474947	0.112865388454631
72125	0-4	2	0.00401086398090664	0.00355087782854128	0.00319326573978281	0.003160953751542	0.0028697554788221	0.0032288087125932	0.00249422108416303	0.00181380225497768	0.00204795151290561
72125	5-9	2	0.000258416588233473	0.000229186143791164	0.000227275803429017	0.00023307173750272	0.000189747482180634	0.000180435022037377	0.000158080354953767	0.000144832548916868	0.000159240717917116
72125	10-14	2	0.000254909917761296	0.000273365019538845	0.000312739065602207	0.000280035159889821	0.000240587616497453	0.000218021667230737	0.000191299886733283	0.000185068183864472	0.000193197681374241
72125	15-19	2	0.000812970877617289	0.000964747843140275	0.000931876892006973	0.000794822604651299	0.000677850310906268	0.0006779399600585	0.000584706048715638	0.000550610826317574	0.000611390316618524
72125	20-24	2	0.00143300397409916	0.00130148100701852	0.001737134996142	0.00155964662159654	0.00125652105592926	0.00128030684782168	0.00107730098612179	0.00100727506991723	0.00105920776096701
72125	25-29	2	0.00182619666839513	0.00221218313362182	0.00196745694986049	0.00192183424180429	0.00185483130203392	0.0013574825427773	0.00137715817175474	0.0012095885002574	0.00142202322093853
72125	30-34	2	0.00251814875280568	0.00211503844579969	0.00260143482800457	0.00242383252125076	0.00173220402195598	0.00201813448235801	0.00202864625598569	0.00170050465179469	0.00190824417232226
72125	35-39	2	0.00330538720306658	0.00355076863653612	0.00366639843065528	0.00397290074776813	0.00291145306420396	0.00244325281883984	0.00198679570156007	0.00197712715365174	0.0020480159368707
72125	40-44	2	0.00328895024101636	0.0037811341830819	0.00539838430759965	0.00454382020694937	0.00305900331842369	0.00276349553192173	0.00268451308891336	0.00275465971201035	0.00294473134622363
72125	45-49	2	0.00490779857433295	0.00574869911665143	0.00549473826666808	0.00552113806364248	0.00508860953202095	0.0040649991940063	0.00395286285624815	0.00383565167937107	0.00391884919952821
72125	50-54	2	0.00816743748601949	0.00744761272518223	0.00785660848918541	0.00738924905278317	0.0064837167524401	0.00893627050179694	0.00607434998712473	0.00578790651923013	0.00760731839718183
72125	55-59	2	0.0114468860070296	0.00875668822074029	0.0110288501956713	0.0106768084744153	0.00875214344021387	0.0090603015151262	0.00894064525814555	0.00841197221489752	0.00681653617106153
72125	60-64	2	0.0172237722071663	0.0173924540829249	0.0145381321552776	0.0165851663661443	0.0183467220013554	0.0145273616660994	0.0107156183954172	0.0117948829576412	0.0125015339104608
72125	65-69	2	0.0294450094599739	0.0245794188011549	0.0217817980966839	0.0221322429389527	0.0188903088157017	0.0209093330179207	0.0182850442377336	0.018585829677017	0.0175499643944884
72125	70-74	2	0.0452834624481344	0.035919145925626	0.039611252690518	0.0344479689668349	0.0377095696716363	0.0299899614690954	0.0261846751002064	0.0206991065787786	0.022813135426556
72125	75-79	2	0.0622024159174172	0.0644310426920762	0.0587770668152352	0.0429157595077924	0.0467752462477024	0.0337122199913316	0.0467734037450876	0.0389325929593399	0.0432735871338524
72125	80-84	2	0.077049750788305	0.0847564621937335	0.104827600407523	0.0902120476320156	0.0737317415765844	0.0900239299071867	0.072819422553232	0.0640826343320559	0.0555044322198038
72125	85+	2	0.174523253668622	0.135307541213744	0.160303166652422	0.153653764579461	0.149652259301996	0.151078196867463	0.138725658346357	0.132644907674309	0.136156851053499
72127	0-4	2	0.00556003213131477	0.00408659564757333	0.0039092887497571	0.00324694417287416	0.00250652553585507	0.00263295347814032	0.00268434506529885	0.00213331878445961	0.00249404073571349
72127	5-9	2	0.000262765599133897	0.000252478120957339	0.000283262332146243	0.000246216672290328	0.000160777300905377	0.000161589332997801	0.000167475321396653	0.000181928665130827	0.000149792052257873
72127	10-14	2	0.000368141863145324	0.000388425656420608	0.000424908540708725	0.000354812822114378	0.000239720513961447	0.000214639790463862	0.00024104117385894	0.00018192568954047	0.000212875462062666
72127	15-19	2	0.00180363188692152	0.0015031696296503	0.00397388986334161	0.00312507814435611	0.00219453088822671	0.00124148205666577	0.0011646814964653	0.000974811172895888	0.00118436514926614
72127	20-24	2	0.00290972211235675	0.00341479721148631	0.00510053560538841	0.00443864049952499	0.00416185166579773	0.00344129500626861	0.00345626903642593	0.00300395129812884	0.00246070256033553
72127	25-29	2	0.00333202378974946	0.00438249379613209	0.00626348726256643	0.00461176300714111	0.00414603504656642	0.00416645979924997	0.00356708585642888	0.00288946021758641	0.0029767561458492
72127	30-34	2	0.00423289308392624	0.00686454637599736	0.00872662437714987	0.00666291490492426	0.00377685423846766	0.00391684701262515	0.00316283096364584	0.00339448073610012	0.00296248078705175
72127	35-39	2	0.00472278113700992	0.00767014844266539	0.0108290368569037	0.00722095355861908	0.0047835202806397	0.0039241153692077	0.00295781703660589	0.00343427127045684	0.00363425647041512
72127	40-44	2	0.00559522091190862	0.00770888092126381	0.0105390657771928	0.00861453347609495	0.00551028130624134	0.0050570522288998	0.0039792843721687	0.00409206471518113	0.00511696252935863
72127	45-49	2	0.00712869652621163	0.00941089255345431	0.0107246413010681	0.0102521492288175	0.007096073256906	0.00626154619043256	0.00528063679062909	0.00484580523331175	0.0056053501625362
72127	50-54	2	0.00965141889425805	0.0100454131208905	0.0122207801039867	0.0112427474054793	0.00968421950404972	0.00896415970795651	0.00727443309737009	0.00678372576767574	0.00646639529664317
72127	55-59	2	0.0140439537369556	0.0154641223397785	0.0135255068791083	0.0136785627681255	0.0120837793993584	0.011524858782054	0.0110502699086327	0.0101259029975786	0.00961487159232529
72127	60-64	2	0.0214557445907968	0.0216569683754593	0.0203876311535839	0.0189475142418446	0.0158100246081722	0.0154009150090692	0.0138570389099374	0.0138266652062569	0.013190960495062
72127	65-69	2	0.0288031230457621	0.028189429123826	0.0263315660567126	0.0252114179110084	0.021503292631249	0.0201888843225166	0.0188235693409295	0.0168351843550741	0.0177177661982878
72127	70-74	2	0.0441119989463203	0.0434831496388687	0.0405842143186918	0.0401295773946551	0.0319933966815279	0.0277535577675926	0.0250831319649751	0.0231611831820452	0.0253250033171541
72127	75-79	2	0.0586909596975544	0.0584538488919175	0.0555865400971715	0.0554884907889364	0.0480738010057433	0.0427954720714243	0.0389649182632792	0.0362002544746404	0.0401265583003041
72127	80-84	2	0.0991782924043862	0.0910435751397244	0.0889839666635559	0.0883050768524344	0.0735171757592502	0.0714464864582895	0.0653484578075802	0.0590057534341799	0.0567352903715059
72127	85+	2	0.165854433934913	0.167912917728305	0.154760290628856	0.156432997252734	0.140602722402004	0.132841133068035	0.131874524644024	0.12267539386387	0.122783284097321
72129	0-4	2	0.00350515759485675	0.00307168716732334	0.00294431674850835	0.00297425960950011	0.00263864100101834	0.00267245769713894	0.00234259116983528	0.00208375216129576	0.00200979073427474
72129	5-9	2	0.000236964104147546	0.000242839316488493	0.000229074961265495	0.0002239887590343	0.00018293978537649	0.000182650986039364	0.000168027099947593	0.000147467091869081	0.000154395493673882
72129	10-14	2	0.00025536516828997	0.000288554689229542	0.000261295568106689	0.00029382875024186	0.000230208427069487	0.000229456610964807	0.00021261846962478	0.000187303143861179	0.000186184931359635
72129	15-19	2	0.00121925724322027	0.00101281569523876	0.00105020168967547	0.000841583899428511	0.000835371276779264	0.000810151510706776	0.000769267542356681	0.00074578930921093	0.000634881392100567
72129	20-24	2	0.00157740314418556	0.00163351754549193	0.0017601782601799	0.00217431703529359	0.0017258011802452	0.00159924368203212	0.00143807627668558	0.00178832528918356	0.00128324403307805
72129	25-29	2	0.002262142596339	0.00247188978220621	0.00272609523688371	0.00224958576634098	0.00216546985725261	0.00190809689772806	0.00242309256536571	0.00204258292912995	0.0016453466178894
72129	30-34	2	0.00238597152494562	0.00359700733000834	0.00349760403293461	0.00258747107401853	0.0023499660816768	0.00225766409985724	0.00251513604963786	0.00206135329136892	0.00231003388063479
72129	35-39	2	0.00352835632839813	0.00432944247728981	0.00428089545796227	0.00400362797887133	0.00287498272525692	0.00219888029909606	0.00208712768425721	0.00266283105283697	0.00310060423618269
72129	40-44	2	0.00465017183431381	0.00598644586936662	0.00541554628995215	0.00469096216147338	0.00384417648465146	0.00331063300771658	0.00270348778248755	0.00284794475085448	0.00357364737250079
72129	45-49	2	0.00569660432569613	0.00651805997535202	0.00765449189472428	0.0061591838319745	0.00585387884759815	0.00557815909602257	0.00446362548052907	0.00414622140714033	0.00468204641793902
72129	50-54	2	0.00865984158207239	0.00854062718928855	0.00912862145916928	0.00831783677911005	0.00851244943216309	0.00806397256006896	0.00507464619036872	0.00648677800765129	0.00594391116064913
72129	55-59	2	0.0137262693157681	0.0152937977424755	0.0135276626556733	0.014267523891657	0.0111129472841111	0.0113761544334864	0.00868788067567587	0.00787841368467861	0.00831391766787978
72129	60-64	2	0.0170466253942627	0.0174277182396219	0.0196165855594411	0.0208669317079138	0.0185834940113808	0.0157428902538608	0.0137353451228998	0.010937103328848	0.0115869001936661
72129	65-69	2	0.0290744083602051	0.0261386758618198	0.0311703279999255	0.0263018827632911	0.0231341197293088	0.0190545384389457	0.0178289380477918	0.0195152323510437	0.0163795403752934
72129	70-74	2	0.0343044043204024	0.0438560161084945	0.0388272106433577	0.0407626277721935	0.0328812927968587	0.0282362305304921	0.0244272945986486	0.0225795219670155	0.0278649629183948
72129	75-79	2	0.0547076963298764	0.0573457695648086	0.0631531399006029	0.0457956428887133	0.0528621402170854	0.0480283517964683	0.0450436061517542	0.0369887712802721	0.0364036088586292
72129	80-84	2	0.0713159698560426	0.0840277006582042	0.0812896263187696	0.081060389516465	0.0702133437492285	0.0668125924634856	0.0598707190166481	0.046163072918592	0.0462627941678667
72129	85+	2	0.142650600917811	0.167601146300246	0.15284771231855	0.157638121820997	0.147841578053911	0.144669806197699	0.121410671489796	0.136463507040838	0.115803871996826
72131	0-4	2	0.00322684733923208	0.00351251046281032	0.0033575325830252	0.00298379142179324	0.0026677215936748	0.00231443888053379	0.00240415369838238	0.00178704811146182	0.00202552705477052
72131	5-9	2	0.000217055190204502	0.000234070044945678	0.000254286343432514	0.00021627952321934	0.000194614230300748	0.000176505760942916	0.000155056055930062	0.000142538078855715	0.000157106286352389
72131	10-14	2	0.000258781188866914	0.000277053658323638	0.000261755291513122	0.000296130729878798	0.000211977133342931	0.000255241275851228	0.000215735160832417	0.000180762056884705	0.000179792489508122
72131	15-19	2	0.000876866707913815	0.000860282798930434	0.000949844207632231	0.00104551906920086	0.000729447575214991	0.000654910168550597	0.000641578034888147	0.000600981941763887	0.000557274668119371
72131	20-24	2	0.00152625835632729	0.0017192969058958	0.00145388058312277	0.00151000218201647	0.00155923806919642	0.00120215198880475	0.0011956900052628	0.0011536215473926	0.00132611065667371
72131	25-29	2	0.00179892762879835	0.00253915281070114	0.0021640076986228	0.00205361420242626	0.00178248163296414	0.00172552253035464	0.00136898409809395	0.00132607637447728	0.00136883521155556
72131	30-34	2	0.00196878706637358	0.00251838658221887	0.00240719519460182	0.00224037028696855	0.00236219792975751	0.0017129253493775	0.00210701936226443	0.00170036701037289	0.00176674940989215
72131	35-39	2	0.00297564431029374	0.0040516116325173	0.00321876690760659	0.00327519208483501	0.00239862980615681	0.00204678109191576	0.00195210780547397	0.00233781612400038	0.00279571583973238
72131	40-44	2	0.00330379145005064	0.00487779172948431	0.00468921486861682	0.00444988612323385	0.00351562973435272	0.00327821589638307	0.00335016392351798	0.0025250530180474	0.00303190839033289
72131	45-49	2	0.00558675227455208	0.00475254014528702	0.00579397026780553	0.00529170316849161	0.00413032677828996	0.00469206284247269	0.004351603007107	0.00383538472924898	0.00425777691919937
72131	50-54	2	0.00656870386241619	0.00814499247643137	0.00815685050270691	0.00749507181639415	0.00572960388437039	0.00627651385368811	0.00584761961139599	0.00546153190699271	0.005020685850541
72131	55-59	2	0.0114522489291985	0.0110345945130809	0.0110450351107363	0.0110233147985396	0.0101951597605526	0.0104115905386305	0.0081543454257082	0.00825023961993594	0.00662134092356514
72131	60-64	2	0.0168713431272669	0.016070962044602	0.0160796790282581	0.0150326734802279	0.0135189705414429	0.0137000758401285	0.0121053788717185	0.00981823327344558	0.0126610850701172
72131	65-69	2	0.0251204493396055	0.0228446156379373	0.0248056581779944	0.0222979577591197	0.0181218727151532	0.0206768334843891	0.0187444991330079	0.0146625537141492	0.0145607317884616
72131	70-74	2	0.0416572374845762	0.0412418652088382	0.0355325373631911	0.0365804802408283	0.0336787466106104	0.0264159163542986	0.0276094347732238	0.0209520471480622	0.0215512380460752
72131	75-79	2	0.0601152111003684	0.0596620659192424	0.0619368485253696	0.0491999727925362	0.0540076320632952	0.0463591741987202	0.0445766582760061	0.0389639797103593	0.0411075079440683
72131	80-84	2	0.0855767628784441	0.101260047075714	0.0888449125783404	0.112409103756052	0.0849126534686907	0.0678858292685627	0.0700266547967445	0.0573908362770326	0.0650005384317955
72131	85+	2	0.196527568727792	0.167292249111505	0.170890004361883	0.156330610927925	0.156941316953985	0.162065568923573	0.133365144504106	0.14067245204128	0.130507245256792
72133	0-4	2	0.00473906281211378	0.00429812411489706	0.00466836459415808	0.00436944530053648	0.00329244829240818	0.00278745136412132	0.00264461182080257	0.00247221082257758	0.00253084802108029
72133	5-9	2	0.000254710511453134	0.000262898135327275	0.000302541135968502	0.000254705877209041	0.000251746425600019	0.00021541540937138	0.00018804807865139	0.000182009156961241	0.000181127372068769
72133	10-14	2	0.000372571586084126	0.000333131187644046	0.000316390987090325	0.000324853204537878	0.000277348477123497	0.000286667500141057	0.000263077874623607	0.000210025353472473	0.000220103107070376
72133	15-19	2	0.00104432787664978	0.00110732430497829	0.00114960433462421	0.0012360777469055	0.00123865784624882	0.000916387898625028	0.000917652813665413	0.000659433531191203	0.000848627720915725
72133	20-24	2	0.00210232458412677	0.00249585802287515	0.00222508973742654	0.00247451940798656	0.00260532535679296	0.00217650998750069	0.00218075885739017	0.00155242472499187	0.00140940448567154
72133	25-29	2	0.00239468442997679	0.00283673561635095	0.00373347162085208	0.00327874099379407	0.00257282566604714	0.00252826756966235	0.00268722379191937	0.00219803954763842	0.00258631371646635
72133	30-34	2	0.00257842338412505	0.00351776808152338	0.00462405369278603	0.00279850477157146	0.00298830654139789	0.00287437964295356	0.0024813363454246	0.00219688988149656	0.00278895160548344
72133	35-39	2	0.00321128905673388	0.0035103635051783	0.00675633098095073	0.00434919151934603	0.00371401211258802	0.00243292418417178	0.00267121243476003	0.00207249442466412	0.00287875402910711
72133	40-44	2	0.0045072859661808	0.00472047129686302	0.00495727562346192	0.0075232383065753	0.00455823584847006	0.00370171920181086	0.00322515171313676	0.00314137049482486	0.00381055642829117
72133	45-49	2	0.005945358258309	0.0075897479925866	0.00839738720852486	0.00639007594481605	0.00609302631794807	0.00555907602854309	0.00562145378683328	0.00455720676277203	0.00480998121688107
72133	50-54	2	0.00876717842498811	0.00979065522369556	0.00938369118644234	0.0101193544150431	0.00927033060521322	0.00853949925768525	0.00602056345499187	0.00562786597207189	0.00501593991080584
72133	55-59	2	0.0114904953718183	0.0138161959254876	0.0132531075228791	0.0115940269194818	0.012231788862233	0.0117661162540144	0.01120240193264	0.00927900773955403	0.00976791096077802
72133	60-64	2	0.0204039179010662	0.0207942595495328	0.0229379551408559	0.0165977237472446	0.0205567009304324	0.0175690333009825	0.0120495181580477	0.0140012216381712	0.0144509884720493
72133	65-69	2	0.0373986386860096	0.0298100356272461	0.0304534238763926	0.0269691590719127	0.0262867612601091	0.0195902690428912	0.0160897079708217	0.0241313795373003	0.0224899269538454
72133	70-74	2	0.0496385790147373	0.0391079264658769	0.0490787682425522	0.0426768390162923	0.0386424423187352	0.0361127433229167	0.0314406402805428	0.0288810479491386	0.0250067467138911
72133	75-79	2	0.0800133697355742	0.0636324435507893	0.0687704014296599	0.0638416778294028	0.0643505075113586	0.0521938381241695	0.0390887785760525	0.0482983107378587	0.0458839387482022
72133	80-84	2	0.108129962664584	0.110385223031216	0.0910429308685308	0.139701696803752	0.0993191071463328	0.10634500434142	0.0710614314752935	0.0662130440562456	0.0754263903892395
72133	85+	2	0.159716532550472	0.215491230666555	0.185611824162389	0.168141199912693	0.168873360774708	0.159755260636324	0.20500655310565	0.137122109457766	0.144062872618018
72135	0-4	2	0.00384043387512299	0.00281323941274444	0.00273193848008588	0.00231422141955251	0.00210652527891245	0.00205542479505149	0.00186293983418221	0.00184235477490139	0.00173044658668785
72135	5-9	2	0.000199296021483867	0.000191964588443963	0.000215251504385089	0.000180323326284217	0.000176311054728336	0.000159761697281892	0.000135555963979222	0.000126341202296803	0.000133081350724103
72135	10-14	2	0.000264301479137561	0.000252647736249595	0.00022452223089224	0.000237037121099523	0.000211146877952166	0.000189935309507088	0.00017606297027228	0.000151116451074997	0.000159166199052991
72135	15-19	2	0.000776407388964912	0.000837090681833051	0.00105711451158751	0.00100962004563304	0.000691774913505562	0.000868639046080892	0.000668805123471561	0.000520123787436308	0.000606628090360877
72135	20-24	2	0.0016554433526036	0.0015662754902755	0.00224209012320475	0.00191161843691948	0.00142230866941119	0.0017980977334388	0.00180307356296427	0.00117604861623573	0.00110357760188264
72135	25-29	2	0.00151778955024076	0.00138181955039418	0.00239337577880969	0.00197905412120469	0.00197880208969823	0.00190831741983823	0.00196696738917411	0.00186243624450987	0.00141972812743366
72135	30-34	2	0.00169515621211528	0.00234021094178044	0.00282735114332059	0.00279099295744666	0.00189567752086212	0.00192375824238832	0.00227272928922171	0.0017315722893821	0.00208185571434185
72135	35-39	2	0.00281405816100634	0.00298191554240207	0.00387118895751603	0.00331245924210335	0.0018313880227408	0.00198649045508084	0.0018985197950275	0.00186871776261918	0.00233386400582868
72135	40-44	2	0.00370558560100705	0.00416702768171483	0.00353169046247931	0.00372203068537696	0.00318684340833865	0.00293141661634248	0.00229100522085816	0.00272961750088602	0.00302488802288018
72135	45-49	2	0.00385502574888821	0.00469735121959449	0.00401340440723277	0.00569986426009156	0.00457573044961747	0.00303558346025057	0.00357565427746578	0.00281153990658781	0.00371359701872837
72135	50-54	2	0.00661421560422448	0.00765824487932453	0.00821473680196948	0.00802061829117882	0.00706244271177326	0.00542433436846485	0.00485428946394973	0.00495912754652277	0.004356833236981
72135	55-59	2	0.0105400170678428	0.0140801393172009	0.00982082808020021	0.0109969594485463	0.00858607271185992	0.00731381098208331	0.00706533405612876	0.0076203011115323	0.00682975234240251
72135	60-64	2	0.0179954646782024	0.0185093654811286	0.0163645559693414	0.0149656061653319	0.0133792013980155	0.0128902486371979	0.00895999848982618	0.00961715168663114	0.00986111470269852
72135	65-69	2	0.0226653769826248	0.0224285040136409	0.023065377889356	0.0231841766291439	0.0220048708405885	0.0161581339001405	0.0150739130980671	0.0124847613103653	0.0159428162305301
72135	70-74	2	0.0385587465310454	0.043459428279837	0.0333962784177349	0.0392970467090701	0.0280382215438429	0.0231904533478037	0.0209592451193577	0.0212106024218395	0.023693398454744
72135	75-79	2	0.0460449430802855	0.0578311396420193	0.0485457783496719	0.0496826841700991	0.0494667279470049	0.0446781357523649	0.0429930810532741	0.0306373368177418	0.0328409292251647
72135	80-84	2	0.0741662944759433	0.075622788048582	0.0914414545190335	0.0903120618188097	0.0884058551250335	0.0659462845384635	0.0642846199830794	0.0582723880967227	0.0508096198956084
72135	85+	2	0.188827819748289	0.151748841940787	0.14591168736593	0.161687867439325	0.151555176001717	0.150391563370323	0.139932759656459	0.124356529141501	0.116196066847201
72137	0-4	2	0.00380386971524181	0.00307512452902147	0.00331610216163085	0.00263263750978255	0.00247382211034947	0.00260517785777747	0.00196844153765643	0.00194639871818116	0.00208525030330597
72137	5-9	2	0.000203890436566602	0.000237161086709391	0.000256704459313967	0.00022381986203626	0.000188219029590446	0.00018200666613034	0.000172126784044491	0.000146933707701715	0.000155929167787737
72137	10-14	2	0.000317869279010702	0.000333606704852032	0.000308234954492704	0.000334068842950005	0.000243103875593638	0.000224458043658835	0.00018461033425603	0.000184048131073494	0.000195299830972717
72137	15-19	2	0.00106395220169654	0.000886898407764223	0.00128906310764455	0.00172755319612034	0.000989051522599461	0.000987633479977425	0.00094175711174563	0.000607619233960864	0.000652387572059916
72137	20-24	2	0.0020569307466995	0.00229868360402315	0.00316198745309535	0.00329591548496826	0.00278578810504074	0.0022892688990381	0.00209600248277964	0.00184570753028507	0.00198314417867285
72137	25-29	2	0.00221740350334444	0.00324813875750108	0.00404440428664134	0.00301810448084371	0.00321439144662299	0.00250460809448185	0.00269808174616396	0.00229790223100713	0.00232603208845232
72137	30-34	2	0.00239156258458623	0.00329180086112678	0.00504103535129173	0.00359350431632978	0.00321678652373775	0.00260917754029622	0.00282730299818414	0.0023666456818553	0.00277201110392191
72137	35-39	2	0.0031692081192834	0.00399618292753294	0.00536342987523398	0.00513295661849344	0.00352907058854545	0.00282829889980017	0.00249138604175455	0.00233272207531339	0.00278945150976255
72137	40-44	2	0.00312159956717589	0.0044703503454514	0.00546018395410252	0.0059363716687766	0.0041103115628347	0.00362420395991107	0.00295655475519267	0.00310131900337	0.00422064324994639
72137	45-49	2	0.00557676888154405	0.0058707827616065	0.00656726815693323	0.00579108507594445	0.00563456803156211	0.00519886008048069	0.00437964306865105	0.0042193381111879	0.00484489741567551
72137	50-54	2	0.00731853868028032	0.00941115380094933	0.00849790928490497	0.00864943553604298	0.00659337015855155	0.00824632102698434	0.00668495048049002	0.00628594612671936	0.00624302331773724
72137	55-59	2	0.0103569333150542	0.0111558578043566	0.0106972856373342	0.0126024712798815	0.00994553329700739	0.00974949841042763	0.00949218354276134	0.00912043828241928	0.00921899239316226
72137	60-64	2	0.0194762047502538	0.0176505441187903	0.0149677286927883	0.0164286384418931	0.0151884325736532	0.014717280957738	0.0131891219067225	0.0123428341867236	0.0131729299055931
72137	65-69	2	0.0250508541404637	0.0250314115416451	0.0269228826135063	0.023284236477694	0.0213260798520504	0.0193290099572921	0.0200344630310072	0.0196482494312525	0.016585648485526
72137	70-74	2	0.0387553234026103	0.0409082912776141	0.0427185071612582	0.0345110353418391	0.0274901687205479	0.0288814359157617	0.0295884053072937	0.0229049785037031	0.0269189586779212
72137	75-79	2	0.0530270221228463	0.0649726275330949	0.0561223432431032	0.055300873671523	0.0484460353436615	0.048168362342965	0.0404223979399631	0.034960605824042	0.0371320487850546
72137	80-84	2	0.0884997682322857	0.0823985425999806	0.091499524296744	0.0796667388622679	0.0832591254124887	0.0771840710362563	0.0643713303395229	0.0630021847502162	0.0614000529814601
72137	85+	2	0.16820867113319	0.166210997928442	0.158038446153215	0.160200102643276	0.148586145554682	0.142101162363015	0.13424918145401	0.117356169900276	0.118531709024483
72139	0-4	2	0.00290201830714353	0.00275805462020421	0.00269575634273847	0.00262916446878807	0.00204705323028809	0.00183046312532919	0.00177492061675344	0.00144595182723043	0.00191084599334774
72139	5-9	2	0.000203865751475072	0.000198549524935109	0.000223703399223981	0.000227147955382748	0.000171331479246098	0.000156730422688121	0.000139156137169271	0.000129303856690457	0.000150712942828727
72139	10-14	2	0.000256503916489105	0.000247848607008567	0.0002656857654901	0.000259432371273827	0.000196278985872146	0.000195581569788641	0.000182409592470255	0.000163284540692313	0.000179695516841565
72139	15-19	2	0.0010654465373607	0.00101599433191487	0.00113321270498243	0.00130835951801146	0.00107625986092925	0.000854632802649968	0.000774468598267802	0.000505189500440881	0.000498132178764395
72139	20-24	2	0.00174890933511242	0.00167169367126576	0.00226650535078523	0.00226390623931035	0.00198644752411384	0.00214904415045836	0.00135868600920138	0.00138272951832103	0.00143922233929275
72139	25-29	2	0.00190692070686995	0.00269077066315823	0.00306825014722249	0.00281582250777627	0.00211162743579983	0.00287982901724001	0.00184139543124778	0.0019272905376185	0.00193663335347092
72139	30-34	2	0.00226902476963555	0.00280597298367619	0.00312425600005153	0.00259972395614643	0.00170112829515995	0.00216049538560919	0.00201010175333492	0.00223408597686179	0.00226256735740575
72139	35-39	2	0.00272753102815415	0.00392176496895333	0.00483256117491714	0.00321152014392689	0.00295615586528457	0.00246518509386444	0.0029738327090885	0.00247439345797656	0.00218034995012711
72139	40-44	2	0.00385675057526096	0.00398616189259085	0.00511815235675583	0.00433741889538073	0.00400675806468827	0.00244133740171074	0.00237573666652839	0.00255468348586431	0.0023014537873198
72139	45-49	2	0.00428664511679584	0.00467049828806063	0.00544666912149746	0.0053648000382403	0.00504863813360521	0.00470440122265694	0.00313727719435321	0.00344875884336539	0.00427689810797805
72139	50-54	2	0.00851214155587708	0.00915629979058379	0.00746422845642063	0.00792691026996506	0.00719893527988917	0.00564477914689901	0.00476186323997471	0.00437944130992355	0.00536597170437725
72139	55-59	2	0.0098898591078228	0.0094925716836873	0.00964493891245446	0.0092025098971304	0.00877136482575436	0.00853728224991815	0.00793090739504421	0.00610333844706709	0.00865058239252342
72139	60-64	2	0.0140351071070706	0.0173627154200288	0.0161834184752567	0.0155478707199194	0.0133518950248117	0.0120914635373209	0.0127610310891572	0.00981826032529219	0.00957867878583058
72139	65-69	2	0.0280820059902502	0.0252824051125901	0.0235123874955408	0.0253810303895507	0.0173433006257393	0.0189928103615186	0.015385065026431	0.0140287571326972	0.0163374060384157
72139	70-74	2	0.0405012520503704	0.0342020844991484	0.0334571441037617	0.0352656028919922	0.0282584897379079	0.0276905588523383	0.024284362208745	0.0219919188553316	0.0225160495117255
72139	75-79	2	0.0415052337080133	0.0502544708593591	0.0489982565373691	0.0467379906658941	0.0522925801886565	0.0445445582781032	0.0393554699408947	0.0295122550391763	0.0315159313310231
72139	80-84	2	0.078065809741677	0.0830150884362479	0.0748241851985045	0.101905042142916	0.0731416804023823	0.0662385944795167	0.0607133453415482	0.0558563369394453	0.0539592894232765
72139	85+	2	0.152698968476502	0.161796976656368	0.131291062177071	0.146637624425436	0.14179352046284	0.125584057570255	0.127648514358924	0.130674107307342	0.121872828713652
72141	0-4	2	0.00390178664877895	0.00310095251813312	0.00270429086167856	0.00255202128259921	0.00217314004322221	0.00207422924937994	0.00224651333683647	0.00208630629045504	0.00182471116319675
72141	5-9	2	0.000203884036381521	0.00019970866354864	0.000207592819761871	0.000203588703762671	0.000183428480734395	0.000184189885771973	0.000153989114451916	0.000141217532348795	0.000147324484471512
72141	10-14	2	0.000253773717326227	0.000250092412253486	0.000260535725987919	0.000244048819330664	0.00023131676560676	0.000201421613948451	0.000195242632200907	0.000171550662834308	0.000178952512002406
72141	15-19	2	0.000872087815421475	0.000926466734865935	0.000709776869110579	0.000854845320911129	0.000736330012130918	0.00074193011203489	0.000596843086457905	0.000621468851004781	0.000548863189470156
72141	20-24	2	0.00169548923141723	0.00177213450691591	0.00193304045692005	0.00156154262014326	0.00142819020898453	0.00124547222758627	0.00112564035224802	0.00114766245366031	0.000985587133874715
72141	25-29	2	0.00253174150870598	0.00217256125837268	0.00228499677620484	0.00184149239047096	0.0016527027134113	0.00204041722417918	0.00148375067815162	0.0014942341549028	0.00157434579558649
72141	30-34	2	0.00217314607552163	0.00230998296653961	0.00228288416274473	0.00243002923233807	0.00182633416231116	0.00254364433866687	0.00173583301934115	0.00168708232826319	0.0018494486206135
72141	35-39	2	0.00316505671886162	0.00312354798556021	0.00359615290933917	0.00342708662676699	0.00232839549090523	0.00280752907033611	0.00241712518798813	0.00195325715338575	0.00240532986595923
72141	40-44	2	0.0034534240893798	0.00322160695665033	0.00406885175830825	0.00401169039786464	0.00272088524734881	0.00294298202413617	0.00266899193977445	0.00289192001747968	0.00391443290096074
72141	45-49	2	0.00476841237220736	0.00722732876599747	0.00551192076643929	0.00459683170004562	0.00415676708472785	0.00486531469997926	0.00414504496907992	0.00359387290104943	0.00319567407987617
72141	50-54	2	0.00780684578585411	0.00719087943005885	0.00733482282909759	0.00594926478502211	0.00603989190479618	0.00575593337062839	0.00559898325989473	0.00516746570911849	0.0051384700577293
72141	55-59	2	0.0110964360794965	0.012487397447922	0.0112560468414613	0.0137327055756987	0.0103944128735019	0.00986131344483777	0.00904424982558204	0.0074359088456931	0.00822447117862245
72141	60-64	2	0.0148921156816277	0.0160104678349474	0.0158144815023149	0.0200533786777831	0.0140168883252698	0.013611329166086	0.0110093408580674	0.0114632609041465	0.0123342269080504
72141	65-69	2	0.0239985834520372	0.0197409822452866	0.0269768880457581	0.0249015437463555	0.0244980272315328	0.0187305905741652	0.0201093447558362	0.0163005389218461	0.0137210131072111
72141	70-74	2	0.0334838030062632	0.0386672452698441	0.0371497129853416	0.0345064906724772	0.0329351986893385	0.0352860347744306	0.0287741177479414	0.0220211441074159	0.0226823419274453
72141	75-79	2	0.0567474310767038	0.0637707507014644	0.04987783047353	0.0578148903343372	0.0479590503029161	0.0424072972971624	0.0486590695060487	0.0330128280241101	0.0311125180921793
72141	80-84	2	0.0924975848582225	0.0905694432812619	0.088152913281159	0.101025943728856	0.086191740210738	0.085829122071874	0.0765754508442442	0.0577270527961755	0.0546554763281127
72141	85+	2	0.185231877279268	0.128598854343788	0.168195220134005	0.158925103782951	0.166230869390167	0.151934763005186	0.1326588603465	0.131405295150542	0.12229587432136
72143	0-4	2	0.00335819356558208	0.00312856686502902	0.00349175417372296	0.00299555266334369	0.00292735193261736	0.00218334918916374	0.00218883547396007	0.00201328558595943	0.00200667842236337
72143	5-9	2	0.000236285281416095	0.000278097098080414	0.000227471060267079	0.000232953036293272	0.00018945374911711	0.000179943802441552	0.000157454139819445	0.000144919295160023	0.000152123862751013
72143	10-14	2	0.000282530513240745	0.000274536076272779	0.000297333957385935	0.00027841917689308	0.000217280368936692	0.000227322482832455	0.00019985000779885	0.000184475406047034	0.000184123741915574
72143	15-19	2	0.000873452012595551	0.000921094405658938	0.000982922135641578	0.00151883448425093	0.000826476254415468	0.000822676353396602	0.000626467207391159	0.000589150826067724	0.000681382501580105
72143	20-24	2	0.00166916201257097	0.00211147670680699	0.00199622007468303	0.00247118142893036	0.00164339734023869	0.00205981087337349	0.00163696626069876	0.00118110409237622	0.00131663859451012
72143	25-29	2	0.00234788598443876	0.00237222354805339	0.00236947970471526	0.00246725175500934	0.0019321571207039	0.00208447406441114	0.00150307600432494	0.00158244824850471	0.0013328401890747
72143	30-34	2	0.00203661599583032	0.00376745636503366	0.00424864842796797	0.00301385775885399	0.00238717739356273	0.00243478159196769	0.00249886888958368	0.00179999044516501	0.00253122659028471
72143	35-39	2	0.0030571744221922	0.00432350515542953	0.00489758927390863	0.00352128665495785	0.00353251019511245	0.00315463707996921	0.00228046038163778	0.00217956996385858	0.00252266723597641
72143	40-44	2	0.00398557973894126	0.00405349694499914	0.00459951421585526	0.00505331205078985	0.00363097443419064	0.00377640428496257	0.00305923195922526	0.00299600913435204	0.00343508990176873
72143	45-49	2	0.006326288798124	0.00471136152672039	0.00613886670769798	0.00583137089079678	0.0048106856311775	0.00645940331540349	0.00450738749523868	0.00313799656581469	0.00514171156757037
72143	50-54	2	0.0094656736022193	0.00765597212442095	0.0104649237064262	0.00695320787867289	0.00734324438974523	0.00627245347535057	0.00491230470384389	0.00490712602987321	0.00614060187569616
72143	55-59	2	0.011759939725124	0.0130016061595541	0.0131023843904563	0.00957787370005058	0.00959803326998819	0.0106001793149865	0.00948831701874139	0.00608928653783591	0.00735079607724233
72143	60-64	2	0.0186584421989983	0.0167996074398952	0.0169867122333711	0.0139900043840492	0.0148646416439451	0.0137836068766551	0.0113887773784796	0.00963143423793747	0.0103641045973266
72143	65-69	2	0.0241627147968646	0.0245718522661931	0.0234604796238713	0.0262027542765051	0.0245205459413259	0.0237065740991653	0.0165743004721818	0.0157422522496116	0.0123596336191944
72143	70-74	2	0.0347917304163053	0.0335714067665656	0.0402982350602402	0.0363890945306168	0.0366942945723578	0.0276128709210066	0.0258330174585998	0.0228812027937948	0.0228450849981516
72143	75-79	2	0.0425740339010381	0.055653209130894	0.0617315797244894	0.0576513653211504	0.0448268261424749	0.0392692616993652	0.040557971090326	0.0376043207783039	0.0320290430024439
72143	80-84	2	0.0922614233568889	0.0851994539336015	0.0895525492709333	0.104532982635576	0.0720465668831114	0.078592147403226	0.0658976879379813	0.0537634033583812	0.0471006619767939
72143	85+	2	0.206909320530976	0.157555910315125	0.158488608237924	0.176325005840672	0.144068084045621	0.143301540000163	0.143026164531381	0.132706352052438	0.104259617920444
72145	0-4	2	0.003372074639007	0.00326889617225829	0.00402692663465223	0.00300714653727229	0.00247201674968241	0.00261825842984219	0.00203127585715744	0.00215088656839286	0.00199996663083331
72145	5-9	2	0.00022703666415275	0.000242887997570476	0.000229580408712347	0.000245297041664357	0.000211932877589722	0.000177155032376405	0.000172762591965762	0.000153009689704966	0.000160803919155434
72145	10-14	2	0.000293765680233545	0.000311436931256272	0.000308486213885519	0.000304852391427681	0.000242711003459743	0.000232215755050266	0.000216299520916169	0.000183046541746602	0.000193050606213724
72145	15-19	2	0.000998403410029732	0.000968099848067925	0.00108425390509062	0.00118665077632536	0.000904931086117014	0.000734964514668742	0.000700215388901191	0.000629215788168983	0.000617771866721948
72145	20-24	2	0.00194912159506354	0.00199841766420358	0.00219450609929636	0.00264893950218145	0.0022328201489657	0.00200740870279492	0.00183449108103889	0.00140199699758463	0.00156328531702108
72145	25-29	2	0.0028727791448852	0.0022844149786042	0.00337035451209798	0.00274590777453628	0.00264011599175381	0.00292648297756508	0.00225170432378993	0.00166288258705532	0.00279879415373617
72145	30-34	2	0.0025084052906556	0.00292087962904926	0.0050476882417378	0.00362699573070871	0.00310663354576703	0.00321519112225036	0.00240041431800398	0.00243842979553605	0.00310230497664535
72145	35-39	2	0.00385138611492272	0.00421458173055794	0.0049941172921876	0.00491016583569144	0.00344129569506017	0.00311454530035256	0.00299876264402946	0.00208465361184607	0.00332373758774569
72145	40-44	2	0.00460478118841829	0.00642362265378799	0.00543179650668112	0.0047116517783469	0.00548629919705684	0.00346827961308538	0.00288068993060821	0.00355736901118495	0.00546653005939162
72145	45-49	2	0.00665277741743102	0.0073539190909858	0.0058051829687418	0.00857348819387252	0.00590486657003127	0.00621525630787667	0.0063275034017184	0.00459299150951664	0.00573309230581997
72145	50-54	2	0.00873025940259436	0.0081538458667916	0.0108585334476836	0.00957809980210289	0.00729433481527446	0.00866318697319466	0.00621465623734374	0.00581082479229947	0.00561838944980586
72145	55-59	2	0.0118347863487089	0.0131056880991357	0.0127123422991801	0.0129937275098603	0.0103651275105013	0.00998308470325046	0.00796162103800375	0.00772694084666286	0.00970400648559112
72145	60-64	2	0.0181207067924015	0.0208761228100059	0.0195674888523788	0.0181528626513145	0.0175075212349309	0.01348499676397	0.0117527991743886	0.0119170055513718	0.0112479322126617
72145	65-69	2	0.0235984468992173	0.0230746346460509	0.0280785003972926	0.024832158586435	0.023021755243398	0.0214362889371424	0.0187554828583317	0.0170956357086717	0.0162104331612063
72145	70-74	2	0.039865992002292	0.0438444592872276	0.0439211299613011	0.0425836229333809	0.0338371121470863	0.029078573650831	0.0276604156510995	0.025471733606971	0.0241262671579884
72145	75-79	2	0.0516359922092095	0.0510095521781652	0.0588268325379798	0.0589662472210097	0.062237593609791	0.0443194489580119	0.0422734874907721	0.0388837350641249	0.0331489975831657
72145	80-84	2	0.0839508479872709	0.0832192168260098	0.08968692737742	0.108933388765813	0.099594171933387	0.083592713712484	0.0704165325589004	0.0657247031811072	0.0561541401339289
72145	85+	2	0.182175881826206	0.153668018845374	0.156159471588729	0.157484471074186	0.158475101783504	0.155073331251366	0.126089525515957	0.124949732382667	0.108695550393601
72147	0-4	2	0.00519237375673883	0.00486873412110897	0.00479316499026509	0.00375747448010781	0.00343626986900719	0.00344237252717169	0.00301177854392707	0.00271060674215117	0.00271127864109356
72147	5-9	2	0.000260336090579109	0.000281380080594081	0.000292009049308969	0.000284768387534183	0.000228617663319786	0.000215949501899086	0.000197269985248318	0.000179698101847519	0.000187006342376629
72147	10-14	2	0.000368464856204038	0.000342332779989755	0.000355389089904951	0.000346918847271642	0.000293501025764841	0.000277378274595168	0.000241354534899778	0.000220154996413753	0.000228815884714131
72147	15-19	2	0.00113070087575379	0.00111228452641674	0.00110345591289534	0.00113462381412227	0.00112216912367876	0.00092027430260035	0.000934676229480098	0.0007480816927137	0.000999798362589156
72147	20-24	2	0.00187063263606911	0.00196222325262379	0.00193376788888155	0.00201810007867457	0.00198993466144898	0.00179121987971728	0.00271219772196123	0.00171682602796724	0.00188242407250433
72147	25-29	2	0.00255862533707692	0.00267011093191355	0.00285227850126376	0.00308005230708521	0.00196154859617195	0.00264987547246968	0.00226991381476507	0.00193762783269207	0.00226100065807569
72147	30-34	2	0.00289817246358196	0.00362091826444659	0.00470719328466155	0.0046021011871241	0.00252285569132503	0.00263725471623039	0.00277823721889882	0.00246725268262686	0.0023631261398004
72147	35-39	2	0.00368484933260937	0.00437954678122784	0.00428733377374443	0.00536091198644329	0.00397237346365267	0.00360396821898525	0.00306671062369181	0.00266276006465874	0.00326822941846737
72147	40-44	2	0.0056785945693992	0.00443234279489361	0.00485483498725076	0.00589578020016414	0.00549943168424938	0.00481984728294079	0.00459667617321644	0.0040185536441001	0.00413598358794375
72147	45-49	2	0.00925278399575095	0.00671085455405908	0.0067015774496712	0.00643977787919845	0.00620939829001703	0.00539139893714801	0.00513539841520081	0.00590900978723521	0.00539941566571146
72147	50-54	2	0.00928905676257062	0.00869214632429255	0.0103995772017351	0.00917226427031948	0.00909216560775743	0.00828534742010942	0.0068311878761865	0.00686318681450973	0.00686477140225658
72147	55-59	2	0.0137179955851925	0.0161183379455619	0.0151089377937388	0.0149569005512857	0.0121121852863842	0.0118021397161614	0.00946215471582824	0.00990242363208921	0.0114996501200626
72147	60-64	2	0.0209569293646587	0.0195808296910964	0.0229837037704041	0.0212917802791169	0.0181256538679283	0.0212063372063495	0.0130122513555184	0.0139150440233129	0.0137048300573745
72147	65-69	2	0.0288738758387832	0.0290207085771675	0.0257705994544619	0.0397519487533616	0.0283579843726938	0.0173708599830973	0.0239069957219974	0.0234291849824201	0.0230363561458391
72147	70-74	2	0.04846749742347	0.0471427853126224	0.0400179406509579	0.0486160706092209	0.0304940619826255	0.0310348245520215	0.0279593130023656	0.0280707933644459	0.0247806348611807
72147	75-79	2	0.0640644262618108	0.0780456365241507	0.0580577318146705	0.0608249948981919	0.06437761182206	0.0499940510945516	0.0417151458317546	0.0300646196649842	0.0385580365485803
72147	80-84	2	0.105503591790287	0.112353757592961	0.0995344940725813	0.10920118303259	0.0870225847568513	0.0969588241831011	0.0681511646571752	0.0630510847556841	0.0649230935616182
72147	85+	2	0.219314741713646	0.218112730408441	0.200054511073158	0.167987122952363	0.173903986251866	0.193573960791298	0.138905833332808	0.132802551133181	0.100397181375957
72149	0-4	2	0.00442612461387517	0.0031693711636347	0.00339996245722689	0.00329904667194572	0.00249461213220931	0.00263381363804556	0.0021825191050117	0.00232282073846037	0.00205588379995261
72149	5-9	2	0.000274099276998491	0.00022044053997016	0.00021670359849608	0.000221686680008419	0.000189906071124615	0.000172712581623236	0.000159398032548423	0.000146339540150666	0.000152548581791225
72149	10-14	2	0.000260877523673334	0.000279328664415105	0.000331126610401525	0.000254857181057441	0.000240538509260552	0.0002189037482462	0.000202139517060275	0.000187239467822319	0.000205521330198633
72149	15-19	2	0.000874136724499067	0.00104398198214058	0.000838389864828646	0.000873009085828715	0.000897079665101625	0.000831654314713428	0.000643089972541042	0.000563889205346051	0.000662742650912184
72149	20-24	2	0.001436882053526	0.0015842452899587	0.00163753354239577	0.00130468548813427	0.00160982539100735	0.00129594072148542	0.00118982089396431	0.00120108459921124	0.00122576365136762
72149	25-29	2	0.00172410761412828	0.00190856853481883	0.00188628717286563	0.00191183463085411	0.00157794058704926	0.0017935763919324	0.00170552744306332	0.00150868341384429	0.00157293485665569
72149	30-34	2	0.00227021245252896	0.00247528557878157	0.00289427519110752	0.00227015409600544	0.00210059213012064	0.00192916803763647	0.00191612397721067	0.0019499918961382	0.00195556184016069
72149	35-39	2	0.00292672343813891	0.00338903003189186	0.00295440117303951	0.00326376990353446	0.00265361205566524	0.00309758831430051	0.0023355789699225	0.00203535808815381	0.00253802249623726
72149	40-44	2	0.00332434504217868	0.00478195428364536	0.00438308551217946	0.00399388062144482	0.00371009579191638	0.00322632592173998	0.00270233326590426	0.00251110067110989	0.0035283788916009
72149	45-49	2	0.0060278905799516	0.00628284543466714	0.00601699174388517	0.00388602681031889	0.00435250063431376	0.00519144210974345	0.00358022269574143	0.00292834495683841	0.00413220663416916
72149	50-54	2	0.0102597584194097	0.0091564459906444	0.0067378209757662	0.00733921617239987	0.00715207176292433	0.00600937726137628	0.00612102335622783	0.00577525608291926	0.00461171763736579
72149	55-59	2	0.0139159821763825	0.0128429663690647	0.0107999643178382	0.00984303100514608	0.00867628374629131	0.00923359131191476	0.006975006215612	0.00840205485989164	0.00788201766605832
72149	60-64	2	0.0144951194624098	0.0204498744167562	0.0165506385946511	0.0191087160359635	0.0133479004848586	0.0141220265809825	0.0131483058227022	0.0119559465822634	0.0143458296395721
72149	65-69	2	0.0272784839967342	0.0249832598936622	0.0246220318892372	0.0236540106273293	0.0204287686193665	0.0199988957240268	0.0207795377508758	0.016788114973274	0.0178901195130079
72149	70-74	2	0.040353112118696	0.0438767301602939	0.049158113509615	0.0413495480023709	0.0312433647253013	0.0285654191635483	0.0329191846370871	0.0238628590244952	0.0269906986165714
72149	75-79	2	0.0556503369252391	0.0568440478506871	0.0639161885575007	0.0480575675148739	0.0450213102457713	0.0451615569646693	0.0397335282057329	0.04298901097664	0.0413633031923463
72149	80-84	2	0.0940640720227855	0.123547226915425	0.0966110162667936	0.11540412582097	0.0915646970970393	0.0819693428127462	0.06330070790919	0.0602999892216102	0.0619626503865049
72149	85+	2	0.236339714791795	0.220428523897649	0.157513779729499	0.154225991007647	0.162248531654398	0.155817559890495	0.136516167200754	0.131347099293924	0.121449927627228
72151	0-4	2	0.00434593959819067	0.00317998645376685	0.0038009406527591	0.00342760608823292	0.00262515195865262	0.00246735666030165	0.00253370966342881	0.00187022508673394	0.00228843240208723
72151	5-9	2	0.000213537642071442	0.000239818451057244	0.000226364806613481	0.000222910303560216	0.000190910763371558	0.00017294331035518	0.000168003539473208	0.000147202303202604	0.000163100881243218
72151	10-14	2	0.000266919585282111	0.000308846179643033	0.0003194355980181	0.000291256986966195	0.000240685796086197	0.000218485989653765	0.000193276489767364	0.000179093975313091	0.000188219917011462
72151	15-19	2	0.000871062478862778	0.00104887854409945	0.000935526530700371	0.00126855567233114	0.00080994913560019	0.000959157445635241	0.000823152436895529	0.000583460953277058	0.000687385353308693
72151	20-24	2	0.00186683639414835	0.00183371973752215	0.00166383077502051	0.00192464372360545	0.00148691655541817	0.00172392571363791	0.00194640300640679	0.00154156176157992	0.00135159768385137
72151	25-29	2	0.00188202104499929	0.00209759686395146	0.00233878859233487	0.00200155236700299	0.00212208730771019	0.00247396744484617	0.00220723147826743	0.00184296732511818	0.00218029765631056
72151	30-34	2	0.00255541887491691	0.00233740450872741	0.00307246090638598	0.00275232213648972	0.00230054859055324	0.00233662795334942	0.00204649750084969	0.00236034971808169	0.00239236639634075
72151	35-39	2	0.00282481170564658	0.00370795151945234	0.00347038538225192	0.00393281987098613	0.00251829487878606	0.00303916284181182	0.00230879987673083	0.00253603064336742	0.00285370810718082
72151	40-44	2	0.00491975845911323	0.00436637616127327	0.00482641891479356	0.00511341092898126	0.00348856044108244	0.00318975692311717	0.00300558835813306	0.00308265668742496	0.00385142456069567
72151	45-49	2	0.00440827053636499	0.00512084243336627	0.00504198966910716	0.00583032520497134	0.00510546893221257	0.00413184648341159	0.00402203659722813	0.00418697118034247	0.00428371847858103
72151	50-54	2	0.01028939627746	0.0102034427151931	0.00792820832377012	0.0102857751085552	0.00743394413557957	0.00660748120233053	0.00582643929273963	0.00485517653184453	0.00557275917540252
72151	55-59	2	0.0156917947067787	0.0132653022453067	0.00901824549901525	0.0139717314179458	0.0118038896226253	0.00823657079905122	0.00710363960377047	0.00770181829418455	0.00946123254722052
72151	60-64	2	0.0210659400281983	0.0216107800261328	0.0197999139482527	0.0187468736276439	0.0152949844383951	0.0121719095996532	0.0103226847646049	0.00943049228229441	0.0114585930468182
72151	65-69	2	0.027112193140627	0.0265021742474916	0.0255497729896327	0.0226465737510153	0.0190663655129829	0.0234729185682462	0.0138645152560498	0.0150679891831901	0.0141667156179045
72151	70-74	2	0.0487816388437123	0.0419204965919329	0.0423951031681208	0.0433640400217	0.0340669674382759	0.0272632648738024	0.031200450959571	0.0192402491936625	0.0235845952738418
72151	75-79	2	0.0396752109122175	0.0574991074622063	0.0561593177060227	0.0608415752415335	0.0484254464161409	0.0505577124642115	0.039777451873954	0.0386648998543889	0.0378143510847593
72151	80-84	2	0.109568023571118	0.0806621659454252	0.0954069946213873	0.0933951638281866	0.0714170569175927	0.0788076336342009	0.077652599546083	0.054961517630689	0.0571354398069951
72151	85+	2	0.180793264155532	0.162769863061261	0.153165219857677	0.165190899280913	0.149562653395784	0.130333097332602	0.154474683228136	0.138770969541689	0.140765114257383
72153	0-4	2	0.00465853225249225	0.00484159134116004	0.0041242144799937	0.00389983401774743	0.00360921171158399	0.00330017698677353	0.00286244548074457	0.0021857278955172	0.00291736545161533
72153	5-9	2	0.000210498933474278	0.000225322439927041	0.000255203538481638	0.000218806305424555	0.000208481990341397	0.00018172903526941	0.000167695954908399	0.00018065414146285	0.000162854007299407
72153	10-14	2	0.00028790480262521	0.000334694987472872	0.00027618045897606	0.00029670397536114	0.000283278252788889	0.000227154901504612	0.0002119379090994	0.000197281899082416	0.000196831708773996
72153	15-19	2	0.00090559227158858	0.00088819893105064	0.000970584243480459	0.00104986995807921	0.000692547040085007	0.0010326799282614	0.000740941821752149	0.000578906616399689	0.000616494187943609
72153	20-24	2	0.00152994313705899	0.00159326610120269	0.00159121333693106	0.00150964900869333	0.00202097344586896	0.00181688770939615	0.00172596006288178	0.00120433431443352	0.00142670621514005
72153	25-29	2	0.00188624363131447	0.00226773366247694	0.00227224025002007	0.00225448468060823	0.00219646269029369	0.00225559924462209	0.00189586008320549	0.0017364798908661	0.00191302007114357
72153	30-34	2	0.00210204548027394	0.00336172116272332	0.00397812918144388	0.0026745823365369	0.00202851938988672	0.00214494581126431	0.00199498686917321	0.0017801851255128	0.00212279487327553
72153	35-39	2	0.00299620315192707	0.00347794786907609	0.00290310510373444	0.00273323519647799	0.00330645518620198	0.00267170120318067	0.00251264896069546	0.00259183209189247	0.00226063844602677
72153	40-44	2	0.00434002985469422	0.00543751357576282	0.00479861008832936	0.00465608940591412	0.00325371900702571	0.00398325685478787	0.00254622904215257	0.00281382705069934	0.00344648744998954
72153	45-49	2	0.00483808093405775	0.00514858281303199	0.00561609271483728	0.00627155745602854	0.00520281483261927	0.00490176609609691	0.00412863874648917	0.00375665597378999	0.0046109379291174
72153	50-54	2	0.00908428530510489	0.00795911580202132	0.0066685347918134	0.00919742882966355	0.00774797068465911	0.00783037755675662	0.00627967152166603	0.00649613824807271	0.00686021813756995
72153	55-59	2	0.0124971678267351	0.0103033809090107	0.0109402268336695	0.0123691930749032	0.00941523880647426	0.0112112123970561	0.0097981566057707	0.0111373958895674	0.00935889370043131
72153	60-64	2	0.0228578812417272	0.022798184328389	0.0178055580109892	0.0182681013660628	0.0157367745209225	0.0140827054190926	0.0135981864948599	0.0138421400975632	0.0124131014524579
72153	65-69	2	0.0240233194399012	0.030566995124974	0.0257940842374812	0.0224843345900129	0.0254258100149574	0.0203432499246178	0.0184268855937814	0.0160718382033238	0.0166671416132572
72153	70-74	2	0.0446614854410169	0.0493419654177145	0.0425206800789258	0.0383599448897388	0.0366990756447104	0.0361604826557658	0.0279733636801656	0.0261312626844139	0.0228766644657347
72153	75-79	2	0.0606045151203181	0.05872375760409	0.0559935300797441	0.0566889813229245	0.0508297877971868	0.0444196465591956	0.0465081640522485	0.0350417662864674	0.0440664852314386
72153	80-84	2	0.114252355401235	0.121447723315502	0.110946092919913	0.106942125208482	0.0906066000529611	0.0922028506198484	0.0714957549860682	0.0627473976505618	0.0635459259746278
72153	85+	2	0.19102703605704	0.1708367785687	0.160114081814322	0.148985569459417	0.160742256850794	0.155344371385677	0.156013054070956	0.152390366022428	0.140266093944376
630	0-4	0	0.00426718978932541	0.00365822639423458	0.003599329120953	0.00317902424380697	0.00258010893530482	0.00252050196649644	0.00235129126890536	0.0019811628350671	0.00219669537283598
630	5-9	0	0.000239384771955696	0.000236085666806872	0.000245439320096695	0.000233864327640148	0.000189733860361109	0.000180098495216368	0.000166647414824131	0.000153926868752308	0.000158846753585992
630	10-14	0	0.000307711582225467	0.000307086127149544	0.000317930902662821	0.000306660913901591	0.000244284773490873	0.000224056714891928	0.000202388984911959	0.000185107985717162	0.000193060779748054
630	15-19	0	0.0010766110599068	0.00105055999946921	0.00145198362542641	0.00142716628177306	0.00106270353354189	0.000939097452983543	0.0008414199183087	0.000675564582245017	0.000705477584573564
630	20-24	0	0.00188621317971341	0.00205484743706569	0.00254338196406781	0.002583960347383	0.00220069546132854	0.00210753867343356	0.0020169094188585	0.00165437036414078	0.00151465846872597
630	25-29	0	0.00234763869501103	0.00279752482099169	0.00336368653934707	0.00286247199703981	0.00244039886758589	0.00248145878213995	0.00232990214281888	0.00200914237061311	0.00206344319217987
630	30-34	0	0.00266202968724222	0.00357706773980957	0.00460895040314142	0.00377709459953342	0.00255236798739043	0.00257984541890556	0.00240888138669136	0.0022832418099127	0.00237004032733728
630	35-39	0	0.00332809475869258	0.00438652529785022	0.00553043593721768	0.00455499093635631	0.00329644462678006	0.00289234499442368	0.0025818735447397	0.00256057965423785	0.00288826966507578
630	40-44	0	0.00414621834157097	0.00500195074457633	0.00606598444185096	0.00557040032085013	0.0040674083814503	0.00369678928536045	0.00314605741328727	0.00309913030343179	0.0036848028199467
630	45-49	0	0.00578972816624305	0.00615285772016678	0.00708324679260964	0.00694018372291223	0.00556710041135468	0.00508065099349935	0.00437582257664851	0.00398666239774878	0.0044767270970026
630	50-54	0	0.00857528883004565	0.0086600525983663	0.00879866186704209	0.00886775028376906	0.00756960477845545	0.00730407110854651	0.00620593523628891	0.00593560033876381	0.0061331693825517
630	55-59	0	0.0122666285047909	0.0126140140659043	0.012130333452038	0.0120100874787409	0.0106026707114728	0.0100919160358016	0.00923392253478482	0.0085252365654274	0.00868390927401435
630	60-64	0	0.0191461526646257	0.0192588845009603	0.0183195361611542	0.0176539159511222	0.0153587094543485	0.0143692230429094	0.0128167139484514	0.0117802400706775	0.0121487699400808
630	65-69	0	0.0268422348838992	0.026698742451482	0.0259647704382981	0.0243259710081686	0.0219512406300451	0.0202260146711532	0.0181380791828974	0.0167576241606608	0.0166335074009893
630	70-74	0	0.0419522021282487	0.0419682741659705	0.0404576572052986	0.039093080568324	0.0329527082156907	0.0294869115237059	0.0266291974648963	0.0234457851319314	0.0243055395844393
630	75-79	0	0.0567959580969328	0.0596233616139342	0.0563488441425531	0.0569376045404313	0.0512883482754044	0.0453115671460153	0.0415457446653757	0.0363770172122733	0.0373154919761405
630	80-84	0	0.095726528314722	0.0914213079764374	0.092805283314808	0.0940763254142655	0.0799013047218294	0.0744053797660596	0.068391432461445	0.0588025554262997	0.0582604691433294
630	85+	0	0.173822075867729	0.167311476635535	0.158937939916594	0.159931267747869	0.153328873568454	0.149096920846124	0.1411443777026	0.127928740025622	0.120925043799973
