reg_code	age	include_code	1980	1985	1990	1995	2000	2005	2010	2015	2020
72001	0-4	2	0.00362460226159031	0.00343809809592922	0.00324205570961299	0.00308401060644979	0.0026856730288655	0.00247232981047118	0.00238121915280954	0.00202170612093534	0.00193703077780334
72001	5-9	2	0.000214570440280362	0.000220921631276171	0.000221955638888921	0.000215348177089474	0.000189447724072232	0.000168350210908037	0.000150655962093359	0.000137945467088999	0.000126038716317433
72001	10-14	2	0.000268647661364144	0.000276599526525207	0.000277894130839502	0.000269621415788756	0.000237193387956947	0.000210778739881418	0.000188625084409694	0.000172711231289492	0.000157803657047156
72001	15-19	2	0.000990213071575978	0.00101952308965089	0.00102429484439423	0.000993802218671737	0.000874275236791597	0.000776912794638373	0.000695256213370991	0.000636599151363159	0.000581650845823389
72001	20-24	2	0.00189381578088481	0.001949872017278	0.00195899802262456	0.00190067979451712	0.00167208036688139	0.00148587142333825	0.0013297004130992	0.00121751686394546	0.00111242628089792
72001	25-29	2	0.00233020730507777	0.00239918043853385	0.00241040931432369	0.00233865291346751	0.00205737746188025	0.00182826023992606	0.00163610292004202	0.00149806892831042	0.00136876229104247
72001	30-34	2	0.00279849786263876	0.00288133228695867	0.00289481774781907	0.0028086406814843	0.0024708386505802	0.0021956769300979	0.00196490250988062	0.0017991285930912	0.00164383579625821
72001	35-39	2	0.00340354443430755	0.00350428780697896	0.00352068873589627	0.00341587976643592	0.0030050435898477	0.00267039084702489	0.00238972211628783	0.00218810708201697	0.00199923944861117
72001	40-44	2	0.00412944793490598	0.00425167747190557	0.0042715762174753	0.0041444136858859	0.00364595483132607	0.0032399276082194	0.0028993983526989	0.00265478329092905	0.0024256340929774
72001	45-49	2	0.0054273001884956	0.00558794557238964	0.00561409827361686	0.00544696939867999	0.0047918488581007	0.00425821043383639	0.00381065536762291	0.00348915974086411	0.0031879909713679
72001	50-54	2	0.00758935823878925	0.00781399982746869	0.00785057076643695	0.00761686266966267	0.00670076356389432	0.00595454110126922	0.0053286946285212	0.00487912559345954	0.00445798104595557
72001	55-59	2	0.0108704344815729	0.0111921948381215	0.0112445766484985	0.0109098307100968	0.00959767734246215	0.00852884309637006	0.00763242706515321	0.0069884974847838	0.0063852811125674
72001	60-64	2	0.0161021515415528	0.0165787693091865	0.0166563618707561	0.0161605096617542	0.0142168442128841	0.012633600717005	0.0113057575123733	0.0103519175116137	0.0094583852833111
72001	65-69	2	0.0231836838867039	0.0238699127547629	0.0239816304400828	0.0232677096075917	0.0204692434768567	0.0181897093089012	0.0162778945501568	0.0149045664773353	0.01361806926647
72001	70-74	2	0.0359400237534331	0.0370038333148314	0.0371770206970228	0.0360702809318496	0.0317320183835057	0.0281982179580886	0.0252344680010232	0.0231054922507884	0.0211111263258483
72001	75-79	2	0.0553178822669518	0.0569552621249653	0.0572218255727014	0.0555183656218885	0.0488410351546293	0.04340191012143	0.0388401893689339	0.035563330223304	0.0324936535918477
72001	80-84	2	0.0932238193545116	0.0959831940343357	0.096432413562748	0.093561671145191	0.0823087763295326	0.0731425574624139	0.0654549749062374	0.0599326851122165	0.054759548595837
72001	85+	2	0.200431984119816	0.206364676503938	0.20733049780968	0.201158356530086	0.176964540974855	0.157257095515921	0.140728728159799	0.128855772408841	0.117733475315849
72003	0-4	2	0.00392295414574311	0.00365838316875633	0.00349630398938972	0.00343321793135265	0.00297358463827345	0.00272772553233123	0.00244933639551971	0.0017903471594265	0.00221367442170368
72003	5-9	2	0.00022080757485361	0.000216792749333093	0.000215458500133386	0.000213839368244058	0.000186754024292946	0.000172365435001651	0.000155519796909835	0.000135370282434966	0.000142741607552329
72003	10-14	2	0.00027645669544433	0.000271430020984551	0.00026975951078684	0.000267732334920408	0.00023382079527512	0.000215805902430052	0.000194714733565334	0.000169487030065018	0.000178716119337608
72003	15-19	2	0.00101899660953104	0.00100046861181958	0.000994311160161704	0.000986839126999917	0.000861843997469253	0.00079544254001077	0.000717702211142311	0.000624714943459271	0.000658732720606215
72003	20-24	2	0.00194886531273294	0.00191342952915604	0.00190165298765276	0.00188736242600755	0.00164830499499209	0.00152131008153155	0.00137262910027672	0.00119478782574984	0.0012598479690377
72003	25-29	2	0.00239794182020653	0.00235434037886008	0.00233985015705176	0.00232226678038343	0.0020281235360982	0.00187186505593246	0.00168892366486924	0.00147010242771325	0.00155015431737818
72003	30-34	2	0.00287984461477161	0.00282748071051621	0.00281007836423742	0.00278896126195459	0.00243570549367223	0.00224804461823744	0.00202833828808989	0.001765541777144	0.00186168130954256
72003	35-39	2	0.0035024788868194	0.00343879345661373	0.00341762842544048	0.00339194550891708	0.00296231441421991	0.0027340806469289	0.00246687295216708	0.00214725858359126	0.00226418407281168
72003	40-44	2	0.00424948318653987	0.00417221483107481	0.00414653558442654	0.00411537488709449	0.00359411245206206	0.0033172010548837	0.00299300383569124	0.00260522268900392	0.00274708572493991
72003	45-49	2	0.00558506184433026	0.00548350872617869	0.00544975863134755	0.00540880421901952	0.00472371299552853	0.00435977031559992	0.00393368018394392	0.00342402270021216	0.00361047233294468
72003	50-54	2	0.00780996752604537	0.00766795924937476	0.00762076409922127	0.00756349437315656	0.00660548512133124	0.00609655937886611	0.00550072862107037	0.00478803999371391	0.00504876519776702
72003	55-59	2	0.0111864191027493	0.0109830171582379	0.0109154186685984	0.0108333902389519	0.00946120784503962	0.00873225973127216	0.00787883594576516	0.00685803336138519	0.00723147627720806
72003	60-64	2	0.0165702129191441	0.016268918665611	0.0161687868786872	0.0160472799787006	0.014014695010507	0.0129349182960873	0.0116707583810515	0.0101586636218451	0.0107118366862866
72003	65-69	2	0.0238575950993304	0.0234237955134699	0.0232796274293597	0.0231046838174959	0.0201781920258636	0.0186235432692753	0.0168034194183828	0.014626323238545	0.0154227742547291
72003	70-74	2	0.0369847422529015	0.036312250849123	0.0360887572338765	0.0358175566673904	0.0312808242690533	0.0288707609143979	0.0260491522226693	0.0226741521324395	0.0239088332063652
72003	75-79	2	0.0569258845499872	0.05589080153426	0.0555468053541265	0.0551293815297246	0.0481465710188129	0.044437071419268	0.0400941299167869	0.0348994228229012	0.0367998071720439
72003	80-84	2	0.0959336875681946	0.09418932302452	0.0936096027604157	0.0929061378973272	0.0811384387088657	0.0748870538564785	0.0675681656426926	0.0588138466336524	0.0620164422194749
72003	85+	2	0.206258234951041	0.202507845451142	0.201261442179163	0.199748981726778	0.174448331216674	0.161007798491957	0.145272131268786	0.126450272572924	0.133335879149992
72005	0-4	2	0.00405741049694515	0.00385387996014973	0.00364738515021569	0.00356351537981438	0.00300898696198162	0.00284851134963985	0.00252774935087154	0.00208181526103592	0.00234774193203631
72005	5-9	2	0.00023757402426476	0.000237975484181019	0.000235832183304484	0.000235846608172681	0.000203088492937909	0.000193315307388743	0.00017425967917863	0.000159464985105149	0.00015677068090554
72005	10-14	2	0.000297448733668679	0.000297951363861706	0.000295267900045338	0.000295285977520197	0.000254271981047007	0.000242035692915419	0.000218177555827921	0.000199654221764015	0.000196280878670514
72005	15-19	2	0.0010963712934214	0.00109822388807091	0.00108833277912176	0.00108839939931919	0.000937225241286309	0.000892123357856825	0.00080418423900417	0.000735908789772667	0.000723474916542477
72005	20-24	2	0.00209684676304511	0.00210038976644758	0.00208147253257681	0.00208159981936131	0.00179247409508018	0.00170621534788749	0.0015380288628812	0.0014074497969666	0.00138366955562855
72005	25-29	2	0.00258002245162161	0.00258438179678899	0.00256110544907184	0.00256126210114337	0.00220551330211843	0.00209937783695903	0.00189243632997166	0.00173176797589993	0.00170250800323957
72005	30-34	2	0.00309851684220331	0.00310375235383178	0.00307579833102514	0.00307598652253139	0.00264874460090877	0.00252127962748523	0.00227274991283657	0.00207979297913705	0.00204465278949393
72005	35-39	2	0.00376842884125322	0.0037747960707278	0.00374079812600842	0.00374102693503497	0.00322141355046624	0.0030663901404108	0.00276412730870428	0.0025294521534865	0.00248671472207302
72005	40-44	2	0.00457215438648244	0.00457987919792114	0.00453863005882905	0.0045389077405558	0.00390847192896717	0.00372038525975185	0.00335365624046685	0.00306892991652169	0.00301707736006453
72005	45-49	2	0.00600914585063207	0.00601929858661479	0.00596508507160388	0.00596544978812741	0.00513687296872467	0.00488967210594376	0.00440768301423249	0.00403346946276355	0.00396532011522971
72005	50-54	2	0.00840299216132212	0.00841718969964811	0.0083413789515516	0.00834188808844201	0.00718323348806742	0.00683755617393545	0.0061635585485018	0.00564027061014392	0.00554497276785146
72005	55-59	2	0.0120358239759812	0.0120561597267784	0.0119475743031964	0.0119483038980793	0.0102887318308201	0.00979360855950588	0.00882822433636799	0.0080787054111391	0.00794220779417968
72005	60-64	2	0.017828418374511	0.0178585416914998	0.0176976967060255	0.0176987778030762	0.0152404882464118	0.0145070706628786	0.0130770663354224	0.0119668194897037	0.0117646284444168
72005	65-69	2	0.0256691427396838	0.0257125149248917	0.0254809330703415	0.0254824903025913	0.0219430740514617	0.0208871089722289	0.0188282032909118	0.0172296827227322	0.0169385704467104
72005	70-74	2	0.0397930572743613	0.0398602904041183	0.0395012839092514	0.0395036981761283	0.034016792864521	0.0323798048693546	0.0291880302121431	0.0267099534406724	0.0262586620916693
72005	75-79	2	0.061248362117192	0.0613518417128843	0.0607992688988233	0.0608029881714039	0.0523576985452042	0.0498380942980149	0.0449254032830294	0.0411112154810566	0.0404165948534426
72005	80-84	2	0.103218094287992	0.1033924823642	0.102461262247106	0.102467523742588	0.0882351947871928	0.0839890625277088	0.0757100109941455	0.0692821960677385	0.0681115923274688
72005	85+	2	0.221919759935024	0.22229469836407	0.220292563487513	0.220306018462843	0.189706400863823	0.180577188493278	0.162777157604269	0.148957303669594	0.146440491711534
72007	0-4	2	0.0034137009809747	0.00337581914410155	0.00319093470450301	0.00320700250714669	0.00277659741568471	0.00263143599965843	0.00220777826501695	0.00204771409213745	0.00207316727587286
72007	5-9	2	0.00021548782729845	0.000216563880713994	0.000206432150891843	0.000206671369243785	0.00018021211134216	0.00017110115526037	0.000147124192168499	0.000136056213324218	0.000138458759042305
72007	10-14	2	0.000269796279876268	0.000271143505707204	0.00025845830008298	0.000258757828775424	0.000225630164487191	0.000214223010569615	0.000184203225208604	0.000170345838179957	0.0001733538889508
72007	15-19	2	0.000994446773115964	0.000999412554529992	0.000952655646516293	0.000953759750428987	0.000831653955907388	0.000789608196949199	0.000678957585561442	0.000627880494651026	0.000638967978362219
72007	20-24	2	0.00190191288526857	0.00191140988810551	0.00182198546163484	0.00182409702250366	0.00159056553097354	0.00151015173823833	0.00129852870383831	0.00120084212666704	0.00122204727221261
72007	25-29	2	0.00234017013479501	0.0023518552860133	0.00224182475965287	0.00224442304896622	0.00195707907130751	0.00185813538906524	0.00159774824705902	0.00147755178311804	0.00150364321240747
72007	30-34	2	0.00281046279377577	0.00282449640110666	0.00269235355411561	0.00269547396810212	0.00235038379249099	0.00223155588674919	0.00191883981321486	0.00177448821123913	0.00180582312477079
72007	35-39	2	0.00341809652878658	0.00343516399118431	0.0032744510439295	0.00327824589287962	0.00285854586447375	0.00271402705559773	0.0023337004701343	0.00215813931477894	0.00219624915308499
72007	40-44	2	0.00414710357871054	0.00416781091967178	0.00397282120211277	0.00397742545693578	0.00346821233779462	0.00329287063977763	0.00283142864363341	0.0026184240273312	0.00266466173032072
72007	45-49	2	0.00545050520141406	0.00547772068573176	0.00522144707510663	0.00522749820531392	0.00455824333391732	0.00432779296196119	0.003721323300318	0.00344137321679894	0.00350214307688526
72007	50-54	2	0.00762180759638169	0.00765986507042346	0.0073015001725731	0.00730996135614412	0.00637409729224439	0.00605184310750058	0.00520377567508694	0.00481230258337996	0.00489728130977709
72007	55-59	2	0.0109169129032121	0.0109714241121937	0.0104581290519546	0.0104702484288379	0.00912978510753445	0.00866821159457166	0.00745350264790986	0.0068927852330115	0.0070145023364408
72007	60-64	2	0.0161709992413032	0.0162517458095175	0.0154914125790507	0.0155093649682948	0.0135237647423418	0.0128400444163375	0.0110407203665097	0.0102101409131164	0.0103904375179337
72007	65-69	2	0.023282810989058	0.0233990699435167	0.0223043521474025	0.0223302003941768	0.0194713566694215	0.0184869450575756	0.015896297801965	0.0147004388102448	0.0149600274195169
72007	70-74	2	0.036093694861569	0.0362739208526637	0.034576856994795	0.0346169284042124	0.030185065828137	0.0286590010334073	0.024642905162785	0.0227890469775575	0.0231914681042409
72007	75-79	2	0.055554407448618	0.0558318008991333	0.0532197272376449	0.0532814076592543	0.0464600099086623	0.0441111343422508	0.0379296707874664	0.0350762660756484	0.0356956567870282
72007	80-84	2	0.0936224240920672	0.0940898936596153	0.0896879218389475	0.0897918627885802	0.0782961823775316	0.0743377727805971	0.0639205372516972	0.0591118656341919	0.0601556880836956
72007	85+	2	0.201288984697116	0.202294061524954	0.192829774881047	0.193053228455885	0.16833742530314	0.159826823926816	0.137429684118988	0.127091010668991	0.129335226283081
72009	0-4	2	0.00348464129243267	0.003285641832195	0.00325902187442451	0.00348647949692349	0.00311964616162739	0.00281129631890525	0.00255381893419524	0.00226871124883374	0.00175666791076667
72009	5-9	2	0.000219898909964884	0.000215848812419515	0.000213322856862434	0.000215999982498309	0.000189963762994887	0.000179130216435622	0.000163511912412306	0.000140409054236512	0.000129424196223651
72009	10-14	2	0.000275319046052693	0.000270248219531952	0.000267085653653045	0.000270437486203649	0.00023783947293237	0.000224275595159032	0.000204721081654387	0.000175795705897255	0.000162042373080441
72009	15-19	2	0.00101480321664746	0.000996112398825711	0.000984455341472874	0.000996810094332335	0.00087665657383934	0.000826661230644952	0.000754584910367007	0.000647968272220623	0.000597274470233521
72009	20-24	2	0.00194084527736517	0.00190509816817827	0.00188280349172415	0.00190643240205605	0.00167663468264165	0.0015810169448057	0.0014431685509516	0.00123926066015097	0.00114230699944283
72009	25-29	2	0.00238807372493029	0.00234408923387752	0.00231665713748301	0.00234573091829238	0.0020629811157096	0.00194533014704217	0.00177571748839942	0.00152482308033438	0.0014055283818528
72009	30-34	2	0.00286799338679773	0.00281516953754945	0.00278222448863928	0.00281714101528318	0.00247756836997302	0.00233627379997616	0.00213257478830442	0.00183125940954702	0.00168799056350616
72009	35-39	2	0.00348806534374637	0.00342382059141483	0.00338375250701205	0.00342621794345837	0.00301322827563861	0.00284138532967366	0.00259364584845187	0.00222718471669936	0.00205294068467481
72009	40-44	2	0.00423199526952658	0.00415404829560022	0.00410543443914314	0.00415695682352833	0.00365588516785356	0.00344739159392166	0.0031468146612781	0.00270219536991817	0.00249078869486481
72009	45-49	2	0.0055620775117106	0.00545963240382615	0.00539573954716666	0.00546345497276756	0.00480490035383098	0.00453087862662003	0.00413583259155708	0.00355147311888189	0.00327362321264107
72009	50-54	2	0.00777782667329846	0.00763457098064563	0.00754522509402242	0.00763991562855363	0.00671901441794329	0.00633583143377439	0.00578341168657157	0.00496626251704875	0.00457772640326456
72009	55-59	2	0.0111403827536917	0.0109351943822055	0.0108072223579501	0.0109428504805737	0.00962381899469287	0.00907497561208379	0.00828373046753748	0.00711330579090568	0.00655679537243336
72009	60-64	2	0.0165020201200982	0.0161980790374878	0.0160085169047613	0.0162094202291995	0.0142555666574949	0.0134425753467057	0.0122705197849637	0.010536793714036	0.00971244556956068
72009	65-69	2	0.0237594101805525	0.023321800159273	0.0230488717597665	0.0233381309622662	0.0205249958382147	0.0193544613481793	0.0176669479757992	0.0151707496308144	0.0139838626990429
72009	70-74	2	0.0368325318323071	0.0361541342570062	0.0357310320837855	0.0361794503375932	0.0318184469439891	0.0300038499237777	0.0273878184342079	0.0235181361579455	0.0216781894505338
72009	75-79	2	0.0566916043919397	0.0556474291699889	0.0549962003674155	0.0556863936983047	0.0489740612340894	0.0461810875384217	0.0421545655845065	0.036198459162786	0.0333664602069005
72009	80-84	2	0.0955388685346369	0.0937791786615472	0.0926816999226999	0.0938448399515726	0.0825329593702832	0.077826134149613	0.0710404863153147	0.0610030298203409	0.0562304368443076
72009	85+	2	0.205409348596827	0.201626012548505	0.199266422895831	0.201767173805459	0.177446538671271	0.16732682351387	0.152737630848563	0.131157013966359	0.120895893222812
72011	0-4	2	0.00384168732567976	0.00371103140868195	0.003626048570362	0.00342821569856922	0.00293515988000196	0.00279623049860893	0.00242353959120632	0.00209424136517264	0.00204493151937593
72011	5-9	2	0.000228441818820688	0.000233637034078261	0.000237870158589554	0.000225108008912626	0.000191093618218342	0.000176529950328027	0.000165147933315779	0.000147123869145386	0.000145227753594767
72011	10-14	2	0.000286014979985163	0.000292519518732135	0.00029781950511713	0.000281840970625228	0.000239254076931299	0.000221019978015055	0.000206769409609724	0.000184202825916439	0.000181828836414036
72011	15-19	2	0.00105422754793237	0.00107820278319556	0.00109773809782018	0.00103884235748511	0.000881870521340082	0.000814661104315353	0.000762134765667989	0.000678956191009566	0.000670205871396596
72011	20-24	2	0.00201624548390826	0.00206209875644453	0.00209946055329995	0.00198682030800387	0.00168660633879562	0.00155806621229709	0.0014576078830297	0.00129852605769623	0.00128179072314167
72011	25-29	2	0.00248084832868201	0.00253726746823122	0.00258323850465044	0.00244464261697828	0.00207525050506017	0.00191709078536333	0.00179348405993514	0.00159774502875027	0.00157715330749596
72011	30-34	2	0.00297941223531024	0.00304716975512375	0.00310237936764859	0.00293593042330885	0.00249230334527414	0.00230235911165519	0.00215391162512963	0.00191883608407292	0.00189410613571629
72011	35-39	2	0.00362357330784661	0.00370598017954596	0.00377312622014366	0.00357069019336651	0.00303114907337886	0.00280013810968201	0.00261959568940809	0.0023336957296607	0.0023036193036601
72011	40-44	2	0.00439640418013656	0.00449638629304794	0.00457785304909358	0.00433224189573548	0.00367762812376593	0.00339734723604802	0.00317829901503927	0.00283142277279388	0.00279493156427605
72011	45-49	2	0.00577815896737162	0.00590956462962238	0.00601663562669894	0.0056938306510913	0.00483347694051202	0.00446510595140349	0.00417721239476146	0.00372131566779499	0.00367335568202816
72011	50-54	2	0.00807998805368018	0.00826374149174717	0.00841346562160489	0.00796206490422873	0.00675897455238399	0.00624385692397603	0.00584127620528199	0.00520376492807671	0.00513669914542046
72011	55-59	2	0.011573176233357	0.0118363717252489	0.0120508258959256	0.0114042730199611	0.00968105460231971	0.00894323788640185	0.00836661100867228	0.00745348714912035	0.0073574267546529
72011	60-64	2	0.0171431086821913	0.0175329753286141	0.0178506421875067	0.0168929166395881	0.0143403488136074	0.0132474345426436	0.0123932886685526	0.0110406970391664	0.0108984048601118
72011	65-69	2	0.024682442781407	0.0252437681994949	0.025701141920195	0.024322221473362	0.020647064558687	0.0190735001247374	0.0178437086701928	0.0158962630539642	0.0156913925177571
72011	70-74	2	0.0382634447219654	0.0391336258325481	0.0398426595062966	0.0377050177401102	0.0320076823142333	0.0295682951460243	0.0276618375171562	0.0246428475140582	0.0243252508222045
72011	75-79	2	0.0588940252926546	0.0602333798328952	0.0613247037092711	0.0580345072579013	0.0492653305085959	0.0455106978852396	0.0425763291259122	0.037929582961465	0.0374407422275612
72011	80-84	2	0.0992504805560814	0.101507610107993	0.103346747196381	0.0978019765286321	0.0830238216616765	0.0766963732395272	0.0717512690314403	0.0639203908560395	0.0630965729912695
72011	85+	2	0.21338934835896	0.21824221277629	0.222196373151364	0.210275052316698	0.178501898497358	0.164897834130578	0.15426582043766	0.137429378363693	0.135658159422069
72013	0-4	2	0.00393543784995653	0.00407801678045839	0.00393463135854848	0.00380882335340946	0.00320559003625105	0.00288325764367893	0.00287099881334229	0.00238884330696594	0.00221107667461547
72013	5-9	2	0.000235403641746333	0.000243236633692204	0.000237697776774413	0.00023765238384721	0.000207275419602831	0.000193918169972575	0.000176357819048429	0.000151925026414997	0.000154495306280829
72013	10-14	2	0.000294731347869683	0.000304538445918785	0.000297603661202832	0.000297546846584424	0.00025951411516212	0.000242790486401227	0.000220804471113127	0.000190213995400986	0.000193432050145302
72013	15-19	2	0.00108635521011257	0.00112250332872275	0.00109694223833634	0.00109673285425412	0.000956547397113387	0.000894905464681774	0.00081386682883104	0.000701112856130893	0.000712974364978217
72013	20-24	2	0.0020776906851164	0.00214682490214924	0.00209793824981835	0.00209753767432254	0.00182942828251098	0.00171153620442424	0.00155654710868841	0.00134090138011852	0.00136358686293386
72013	25-29	2	0.00255645225234464	0.0026415170742145	0.00258136545137605	0.00258087250103067	0.00225098281806774	0.00210592483412551	0.00191522183791241	0.0016498848532088	0.00167779769940763
72013	30-34	2	0.00307020987149964	0.00317237005098772	0.0031001301005997	0.00309953795392707	0.00270335185268208	0.00252914228396884	0.00230011450556996	0.00198145424944445	0.0020149765831285
72013	35-39	2	0.00373400168594935	0.00385824910076905	0.00377039048481292	0.00376967032290392	0.0032878271559287	0.00307595272702552	0.00279740818238796	0.00240985220278124	0.00245062241114811
72013	40-44	2	0.00453038433713458	0.00468113067239204	0.00457453367333039	0.00457366024225031	0.00398905023832809	0.0037319872574155	0.00339403511586888	0.00292382175753672	0.00297328731880782
72013	45-49	2	0.005954247707597	0.00615237231154553	0.0060122725996331	0.00601112450753187	0.0052427763025886	0.00490492055331302	0.00446075258880963	0.00384275490042501	0.00390776711261687
72013	50-54	2	0.00832622409285619	0.00860327534151332	0.00840736425506329	0.00840575806439215	0.00733132530195926	0.0068588793440951	0.00623776949371024	0.00537358159207913	0.00546449241593868
72013	55-59	2	0.0119258664263272	0.0123226948695889	0.012042086685733	0.0120397861292281	0.0105008472844872	0.00982415025172622	0.00893451889847712	0.00769672003763115	0.00782693367457113
72013	60-64	2	0.01766554089742	0.0182533546747283	0.0178376956596176	0.0178342881843095	0.0155546902573221	0.0145523114599289	0.0132345184785168	0.0114009931156399	0.0115938758123053
72013	65-69	2	0.0254346346608779	0.0262809611011441	0.025682500603129	0.0256775959287749	0.0223954580838847	0.0209522457069078	0.019054900533782	0.0164150125970111	0.0166927235170772
72013	70-74	2	0.0394295146939501	0.0407415126810593	0.0398137609046293	0.0398061576116597	0.0347180920151005	0.0324807809137079	0.0295394622931351	0.0254470273395539	0.0258775427172419
72013	75-79	2	0.0606888086338192	0.0627081980568378	0.0612802271410171	0.0612685229579008	0.0534371152490476	0.0499935116705924	0.0454663158282202	0.0391673541241567	0.0398299850949373
72013	80-84	2	0.102275110269084	0.105678259297236	0.103271785544141	0.103252059929464	0.0900542694956882	0.0842509765744935	0.0766215752544515	0.0660063248916018	0.067123014065855
72013	85+	2	0.219892319244324	0.227209129687073	0.222035194281789	0.22199278183794	0.193617427291771	0.18114029506681	0.16473701838642	0.141914148404679	0.144315035631737
72015	0-4	2	0.00377222629485358	0.00362644549433708	0.00337794123167199	0.00343076879055039	0.00295771278855155	0.0027789362866041	0.00267119680163406	0.00241394264260325	0.00231941350388937
72015	5-9	2	0.000242455924983306	0.000245642895624647	0.000235382068937141	0.00023854715654971	0.000205090445100159	0.00019197640553389	0.000177357762768748	0.000157572606571552	0.000153442714349234
72015	10-14	2	0.000303561031699694	0.000307551183894697	0.000294704341337816	0.000298667137631619	0.000256778475876719	0.000240359356751978	0.000222056444623352	0.000197284919582415	0.000192114179128926
72015	15-19	2	0.00111890088506316	0.00113360823304008	0.0010862554905471	0.00110086220303398	0.000946464023368972	0.000885944510290505	0.00081848157933864	0.000727175756278924	0.000708116769845028
72015	20-24	2	0.00213993568656319	0.00216806383644691	0.00207749985074801	0.0021054356069056	0.00181014375865903	0.00169439826507945	0.00156537311580659	0.00139074765362099	0.00135429663982388
72015	25-29	2	0.0026330403073162	0.00266764998946146	0.00255621734184662	0.00259059038029169	0.00222725459794066	0.0020848377504161	0.00192608158575499	0.00171121722150474	0.00166636673732573
72015	30-34	2	0.003162189578659	0.00320375466378502	0.00306992792849447	0.00311120881306626	0.00267485516467329	0.0025038175148547	0.00231315669069764	0.00205511222301697	0.00200124839571806
72015	35-39	2	0.00384586799778326	0.00389641926324467	0.00373365841235531	0.00378386436406562	0.00325316927614004	0.00304515259722974	0.00281327016732083	0.00249943534658432	0.00243392607521691
72015	40-44	2	0.00466610972594107	0.00472744215021279	0.00452996769438883	0.00459088154493948	0.00394700052728719	0.00369461829067759	0.0034132803001577	0.00303251114778363	0.00295303006471639
72015	45-49	2	0.00613263077866403	0.00621323950674084	0.00595370014377035	0.00603375835568457	0.00518751060701036	0.00485580670608033	0.00448604642189952	0.00398560446599272	0.00388114312763114
72015	50-54	2	0.00857566982727499	0.00868839058286984	0.00832545885711797	0.00843740896283446	0.00725404383510098	0.00679020010183944	0.00627313942334367	0.00557333779902749	0.00542726232323918
72015	55-59	2	0.0122831535460193	0.0124446074635976	0.0119247715122649	0.0120851207801011	0.0103901551113456	0.00972577897499701	0.00898517958120605	0.00798283565535662	0.00777360799220335
72015	60-64	2	0.0181947836226354	0.0184339428591696	0.017663920790953	0.0179014426972745	0.0153907251098923	0.0144065969440589	0.0133095615764781	0.0118248100335298	0.0115148855556372
72015	65-69	2	0.0261966298393901	0.0265409678155217	0.025432300546237	0.0257742843606446	0.0221593833648617	0.0207424474297306	0.0191629466986296	0.0170252187512772	0.016578993148369
72015	70-74	2	0.0406107813449347	0.0411445821298366	0.0394258937546626	0.0399560483700503	0.0343521243305188	0.0321555482379383	0.0297069603480722	0.0263929871576444	0.0257012348244373
72015	75-79	2	0.0625069786057261	0.0633285859288403	0.060683226754084	0.0614992250849176	0.0528738252962235	0.0494929231815371	0.0457241262461658	0.0406233531893018	0.0395586176432088
72015	80-84	2	0.105339167499259	0.106723766029387	0.102265701966035	0.1036408532319	0.0891049975482527	0.0834073726938372	0.0770560536227767	0.0684600300976718	0.06666570219387
72015	85+	2	0.2264800624275	0.229456970874058	0.219872086137021	0.222828655093998	0.19157645058909	0.17932651639755	0.16567114215419	0.147189641706249	0.143331807594302
72017	0-4	2	0.00396767467797208	0.00353345114109306	0.00349449155009701	0.00359592167063653	0.00297675162697225	0.00257823340473256	0.00265373457028195	0.00229504767598574	0.0023451377328318
72017	5-9	2	0.000237360590247642	0.00022457078884345	0.000229808565679036	0.000235161738301816	0.000197590324434031	0.000177774915329124	0.000165463388062762	0.000149272365491043	0.000150887284251795
72017	10-14	2	0.000297181528744253	0.000281168338246282	0.000287726182137903	0.000294428525399994	0.000247388141289655	0.000222578719351901	0.000207164369612784	0.000186892798386184	0.000188914721160683
72017	15-19	2	0.00109538665731046	0.00103636293146096	0.00106053465765711	0.0010852391700942	0.000911852084864188	0.000820406458105157	0.000763590542896283	0.000688871214929295	0.000696323910669767
72017	20-24	2	0.00209496368950055	0.0019820784861753	0.00202830760342445	0.00207555579027211	0.00174394708940233	0.00156905437285273	0.00146039206377399	0.00131748889597531	0.0013317423622545
72017	25-29	2	0.00257770540234381	0.00243880807882924	0.00249568973131061	0.00255382521790778	0.00214580409333868	0.00193061082129548	0.00179690974180587	0.00162107739772463	0.00163861527109266
72017	30-34	2	0.00309573433965595	0.00292892356055587	0.00299723649511598	0.00306705518519144	0.00257703590410335	0.00231859620875471	0.00215802570193253	0.00194685745103018	0.00196791983629024
72017	35-39	2	0.00376504462530986	0.00356216840380768	0.00364525083696507	0.0037301647936575	0.0031342013404225	0.00281988585256045	0.00262459926192894	0.00236777540161725	0.00239339180296642
72017	40-44	2	0.00456804855133403	0.00432190266338728	0.0044227046604801	0.00452572907801733	0.00380265932176531	0.00342130692443848	0.0031843699651011	0.00287277099253878	0.00290385067980375
72017	45-49	2	0.00600374961460519	0.00568024191528022	0.0058127250240336	0.00594812897115909	0.00499780421660214	0.00449659593733917	0.00418519145908676	0.00377565940001569	0.00381650711796478
72017	50-54	2	0.00839544669725805	0.0079430643799729	0.00812832408480608	0.00831766751316857	0.00698876453828097	0.00628789166215635	0.00585243401965622	0.00527975759054639	0.00533687767594355
72017	55-59	2	0.0120250157658534	0.0113770573169625	0.0116424099924337	0.0119136118681563	0.0100101887150784	0.00900630976791845	0.00838259257383553	0.00756233345960925	0.0076441477683497
72017	60-64	2	0.0178124089725148	0.0168526019985479	0.0172456641335542	0.017647390730692	0.0148278891121474	0.0133408616758445	0.0124169616833574	0.0112019288487082	0.0113231189773509
72017	65-69	2	0.0256460926303456	0.0242641740509924	0.0248301004900159	0.0254085023161892	0.0213490178396682	0.0192080146680509	0.017877792000797	0.016128401983172	0.0163028905736645
72017	70-74	2	0.0397573215922514	0.0376150290615472	0.0384923441245186	0.0393890002139388	0.0330958702254997	0.0297768245957273	0.0277146757971402	0.0250027157076056	0.0252732122361915
72017	75-79	2	0.0611933603303882	0.0578960008684611	0.0592463391433523	0.0606264482116464	0.0509402389365993	0.0458316579992698	0.0426576568065952	0.0384834855953397	0.0388998182525002
72017	80-84	2	0.103125403082088	0.0975685623331006	0.0998441992884173	0.102170005603111	0.0858464337776346	0.0772372615355084	0.0718883164873412	0.0648538434091693	0.0655554661618758
72017	85+	2	0.221720468468614	0.209773219734312	0.214665861194489	0.219666362766284	0.18457054670568	0.16606074797685	0.154560474834597	0.139436308939237	0.140944796877198
72019	0-4	2	0.00408152973262869	0.00384360210095523	0.00367171552579846	0.00372106831898156	0.00307137782936164	0.00283424521127217	0.00270175640148411	0.0021782658055349	0.00199664114822226
72019	5-9	2	0.000222177508403127	0.000224961532359746	0.000223693055770283	0.00022878499884376	0.000189366916988883	0.000173264024854074	0.000163643119477788	0.000137923707703205	0.00013376420794588
72019	10-14	2	0.000278171894589526	0.000281657586716886	0.000280069424802422	0.000286444679016156	0.00023709220701785	0.000216930958411394	0.000204885352396214	0.00017268398527124	0.000167476180132305
72019	15-19	2	0.00102531853424406	0.00103816657978235	0.00103231267537453	0.00105581149526373	0.000873902149256276	0.000799589343430303	0.000755190330780106	0.000636498619501695	0.000617303061914095
72019	20-24	2	0.00196095621223522	0.00198552815701739	0.00197433218150824	0.00201927460561124	0.00167136672439193	0.00152924099217821	0.0014443264208766	0.00121732448429906	0.00118061231850142
72019	25-29	2	0.00241281896719289	0.00244305273267362	0.00242927683076174	0.00248457556954409	0.00205649947181086	0.00188162356269728	0.0017771422104442	0.00149783218752886	0.00145266036986413
72019	30-34	2	0.00289771171604303	0.0029340214692766	0.00291747696813788	0.00298388859877891	0.0024697840967043	0.00225976443458613	0.00213428591496831	0.00179884434168696	0.00174459450284082
72019	35-39	2	0.00352420908425926	0.00356836907874785	0.00354824736900591	0.00362901714075498	0.00300376108110861	0.00274833445997286	0.00259572704554308	0.00218776139214631	0.00212178263690316
72019	40-44	2	0.00427584780982947	0.00432942599308107	0.00430501265239052	0.00440300892536775	0.00364439886966067	0.0033344948919284	0.00314933971484325	0.00265436388805096	0.0025743131322072
72019	45-49	2	0.00561971265893998	0.00569013017219504	0.00565804388506456	0.00578683951333314	0.00478980411521628	0.00438249945720605	0.00413915117982611	0.003488608605985	0.00338339873426534
72019	50-54	2	0.00785842195391235	0.00795689177893729	0.00791202317715413	0.00809212625804302	0.00669790456595645	0.0061283431175489	0.00578805263297105	0.00487835494937329	0.00473123309130237
72019	55-59	2	0.0112558216429645	0.0113968629199163	0.0113325969525103	0.0115905639312197	0.00959358312051356	0.00877778492042478	0.00829037799032264	0.00698739389373564	0.00677666710743028
72019	60-64	2	0.0166730174086423	0.0168819397573947	0.0167867443056483	0.0171688655399214	0.0142107794291547	0.0130023534576604	0.0122803672426073	0.0103502832309844	0.0100381373783969
72019	65-69	2	0.0240056113241661	0.0243064155226658	0.0241693550093419	0.0247195296724454	0.020460512623198	0.0187206361502883	0.0176811270758528	0.0149022150907686	0.0144527908646957
72019	70-74	2	0.0372142010855523	0.0376805129397082	0.0374680368095745	0.0383209349961252	0.0317184838003312	0.029021275983998	0.0274098006564494	0.0231018474275498	0.0224051367512375
72019	75-79	2	0.0572790602131542	0.0579967905333585	0.0576697519849992	0.0589825102447253	0.0488202032499838	0.044668738709072	0.0421883997648146	0.0355577202387566	0.034485358394977
72019	80-84	2	0.096528874913272	0.0977384195235016	0.0971872767163183	0.0993995792591925	0.0822736688082232	0.0752774656108002	0.0710975077879847	0.0599232294635984	0.0581160464809991
72019	85+	2	0.20753787314509	0.210138418459912	0.208953460017022	0.213709929160771	0.176889074191739	0.161847169585406	0.152860226461964	0.128835443514402	0.124949970514919
72021	0-4	2	0.00352175395528429	0.0035171753547283	0.00357774041377853	0.0034360531183225	0.00294523058022504	0.00277647628819207	0.00254667381456411	0.0021139435490841	0.00225783993997142
72021	5-9	2	0.000218019511648523	0.000219308312264687	0.000225458994846684	0.000219731150728113	0.000189777578946314	0.000175749907302516	0.000160029282276484	0.000145162844894608	0.000147397141538547
72021	10-14	2	0.000272965994254818	0.000274579596113437	0.000282280408961462	0.000275109012288665	0.000237606374874901	0.000220043360860014	0.0002003607319085	0.000181747576119504	0.000184544969250245
72021	15-19	2	0.00100612986789517	0.00101207750124741	0.00104046206176482	0.00101402886297522	0.000875797277082408	0.000811061451337564	0.000738512911254226	0.00066990636759757	0.000680217337610522
72021	20-24	2	0.00192425688322179	0.00193563165739199	0.00198991791633525	0.00193936349570351	0.00167499097120462	0.00155118167972183	0.0014124301977038	0.00128121793089239	0.00130093796517793
72021	25-29	2	0.00236766281381526	0.00238165844508337	0.00244845383075336	0.00238625029354902	0.00206095858961842	0.00190861980644246	0.00173789597136406	0.00157644847773273	0.00160071258595817
72021	30-34	2	0.00284348052057642	0.00286028892800651	0.00294050787623663	0.00286580349407155	0.00247513945908999	0.002292185971	0.00208715243776776	0.00189325971975027	0.00192240002371736
72021	35-39	2	0.00345825262044208	0.00347869509787406	0.00357625754858071	0.00348540144723333	0.0030102742244182	0.0027877656021272	0.0025384030804845	0.00230258979521634	0.00233803048240202
72021	40-44	2	0.00419582388357862	0.00422062628714622	0.00433899674685903	0.00422876303599121	0.00365230124506665	0.00338233609556833	0.00307978991355481	0.00279368278601761	0.00283668206535929
72021	45-49	2	0.00551453746765622	0.00554713504101631	0.00570270841482778	0.0055578292070245	0.00480018999862293	0.00444537667648261	0.00404774253820113	0.00367171440162841	0.00372822814530439
72021	50-54	2	0.00771134829544088	0.00775693139643292	0.00797447982543247	0.0077718852410087	0.00671242758749563	0.00621626841139691	0.00566022964066102	0.00513440406193955	0.00521343114879718
72021	55-59	2	0.0110451651390857	0.011110454516064	0.0114220546534343	0.0111318733133381	0.00961438401124669	0.00890372225064559	0.008107293672667	0.00735413965045379	0.0074673319817513
72021	60-64	2	0.0163609784236307	0.0164576892842325	0.0169192554370678	0.016489415188533	0.0142415901947395	0.0131889011970434	0.0120091677826535	0.0108935359868158	0.0110612049490777
72021	65-69	2	0.0235563428980589	0.0236955863684369	0.024360143689913	0.0237412642507076	0.020504871799143	0.0189892232112327	0.0172906560882889	0.0156843831819248	0.0159257905568202
72021	70-74	2	0.0365177335133899	0.0367335923318043	0.0377638072124336	0.0368044000831853	0.0317872490292761	0.0294376447010465	0.0268044774136284	0.024314385486088	0.0246886229591662
72021	75-79	2	0.0562070763473206	0.0565393183510253	0.0581249963374018	0.0566483052345583	0.048926046115767	0.0453096002574927	0.0412566996465685	0.0374240198573273	0.0380000338573793
72021	80-84	2	0.0947223242468443	0.0952822315270281	0.0979544764982573	0.0954658984525085	0.0824520457306657	0.0763574670751212	0.0695273646329385	0.0630683844998866	0.0640391033893088
72021	85+	2	0.203653774456508	0.204857586455122	0.210602937654732	0.205252472700412	0.177272590381303	0.164169201443885	0.149484414257461	0.135597539548854	0.137684574887067
72023	0-4	2	0.0035519115327342	0.00337244263105142	0.00329569441761517	0.00329557002706112	0.00290077696471424	0.00280154071099852	0.00242411843234151	0.00180902218975462	0.00193941338481036
72023	5-9	2	0.000213090648082379	0.000208008706246243	0.000208254223813097	0.000210879678142865	0.000183529595104323	0.000168639928714184	0.000159496901734804	0.000139408830756565	0.000137795524346159
72023	10-14	2	0.000266794926339788	0.000260432189530561	0.000260739588417512	0.000264026745732341	0.000229783742006593	0.000211141483786367	0.000199694181117829	0.000174543404847459	0.00017252349837932
72023	15-19	2	0.00098338393508986	0.000959931252917012	0.000961064268373326	0.00097318055744044	0.000846963723348451	0.000778249879697492	0.00073605610950402	0.000643352393621092	0.000635907189825684
72023	20-24	2	0.00188075463126262	0.0018359003990625	0.00183806719736743	0.00186123992750833	0.00161984597812473	0.00148842857793613	0.00140773162579757	0.00123043265234712	0.00121619339717099
72023	25-29	2	0.00231413619476225	0.00225894626847518	0.00226161233019508	0.00229012463859635	0.00199310644351056	0.0018314065674617	0.0017321148308534	0.00151396089172918	0.00149644042371813
72023	30-34	2	0.00277919668149641	0.00271291567699265	0.00271611758406271	0.00275035984986107	0.00239365129442982	0.00219945536269706	0.00208020936954513	0.00181821426168239	0.00179717282368718
72023	35-39	2	0.00338007023470368	0.00329945869957465	0.0033033528192106	0.00334499857551477	0.002911168136721	0.00267498607464614	0.00252995855463335	0.00221131909338604	0.00218572858935104
72023	40-44	2	0.00410096689715414	0.00400316222685829	0.00400788682680108	0.00405841499681027	0.00353205785770642	0.00324550309173406	0.00306954423624065	0.00268294569960056	0.00265189733897366
72023	45-49	2	0.00538986797041809	0.00526132387288541	0.00526753318220927	0.00533394175663065	0.00464215489801176	0.00426553846535552	0.00403427701670933	0.00352617346912071	0.00348536676368987
72023	50-54	2	0.00753701423065857	0.00735726257028021	0.00736594510444491	0.00745880786260446	0.00649143600132837	0.00596478842350112	0.00564140028672743	0.00493088469194936	0.00487382166743505
72023	55-59	2	0.0107954605720987	0.0105379982682822	0.0105504348170298	0.0106834446157159	0.00929785188010965	0.00854352040734422	0.00808032350152068	0.00706263398127681	0.00698090080520076
72023	60-64	2	0.0159910944282349	0.0156097208419639	0.0156281428222018	0.0158251674292244	0.0137727176697272	0.0126553406221344	0.011969215991741	0.0104617340730367	0.0103406651142824
72023	65-69	2	0.0230237852123465	0.0224746880151515	0.0225012124920307	0.0227848876137987	0.0198297949061469	0.0182210091502542	0.0172331332645201	0.0150626780410699	0.0148883650538684
72023	70-74	2	0.0356921451771092	0.0348409174604955	0.0348820357801335	0.0353217968108237	0.0307407260775201	0.028246738649681	0.0267153052193489	0.0233505999111949	0.0230803735058344
72023	75-79	2	0.0549363525239188	0.053626164101102	0.0536894513983017	0.054366319739834	0.0473152650950762	0.0434765920124967	0.0411194515700612	0.0359405901485661	0.0355246611833323
72023	80-84	2	0.0925808567847511	0.0903728711216921	0.0904795225462047	0.0916202067957844	0.0797374963788085	0.0732684155913831	0.0692960739989497	0.0605684577104391	0.0598675155859226
72023	85+	2	0.19904959296389	0.194302412364272	0.194531715728284	0.196984195785107	0.171436275619949	0.157527696668515	0.148987133461237	0.130222692403172	0.128715655214442
72025	0-4	2	0.00338042660695332	0.00355851486191529	0.00376578327397168	0.00360542483217084	0.0030177571531072	0.00262897160096463	0.00268032629054694	0.00202175856001422	0.00237583752668369
72025	5-9	2	0.000216480803208281	0.000225926092634042	0.000237953413496034	0.000227869008604284	0.000193084869263282	0.000172133188128477	0.000168595587118195	0.000144673490562123	0.000151133315475544
72025	10-14	2	0.000271039498831386	0.00028286523093871	0.00029792374334693	0.000285297820262223	0.000241747188779557	0.000215515139712889	0.000211085964249673	0.000181134889325948	0.000189222751367619
72025	15-19	2	0.000999028998020698	0.00104261767083504	0.0010981221025901	0.00105158397974786	0.000891059984264482	0.000794370793260446	0.000778045240150615	0.0006676480464315	0.000697459241505633
72025	20-24	2	0.00191067635491526	0.00199404095838553	0.00210019488619228	0.00201118906055015	0.00170418150285751	0.00151926031923598	0.00148803714543929	0.00127689884270461	0.00133391369521879
72025	25-29	2	0.00235095284177809	0.00245352701949942	0.00258414192528738	0.0024746265478457	0.00209687544479919	0.00186934283784477	0.00183092507826676	0.00157113421424538	0.00164128692624242
72025	30-34	2	0.00282341225718987	0.00294660045934826	0.00310346445862925	0.00297194020902245	0.00251827426237744	0.00224501558574593	0.00219887706931174	0.00188687744699925	0.00197112841656442
72025	35-39	2	0.00343384552826454	0.00358366736764667	0.00377444586126645	0.00361448541395968	0.00306273499323676	0.002730396677194	0.00267428284680165	0.00229482759540165	0.00239729413001066
72025	40-44	2	0.00416621134337766	0.00434798677113946	0.00457945415965943	0.00438537761670081	0.00371595061174052	0.00331273154936235	0.00324464985743544	0.00278426492653786	0.00290858534550292
72025	45-49	2	0.00547561830445588	0.00571452424145307	0.00601873986594804	0.00576366644668731	0.0048838438236747	0.00435389616087512	0.00426441676024688	0.003659336506473	0.0038227298290648
72025	50-54	2	0.007656925074966	0.00799100325632764	0.00841640807334375	0.00805972121085144	0.00682940621377823	0.0060883449822017	0.00596321982727954	0.00511709534160499	0.00534557908166004
72025	55-59	2	0.0109672128315763	0.011445721917197	0.0120550404788434	0.0115441487192906	0.00978193574923972	0.00872049418317993	0.00854127436218973	0.00732934799749873	0.00765661101219056
72025	60-64	2	0.0162455079752879	0.016954314085711	0.0178568851769499	0.0171001112307916	0.0144897817360359	0.0129174891630235	0.0126520140026606	0.0108568127255117	0.0113415803281953
72025	65-69	2	0.0233900888394858	0.0244106192436587	0.0257101305915627	0.0246205371753499	0.0208622156052333	0.0185984481202661	0.0182162185897357	0.0156315087950009	0.016329471778627
72025	70-74	2	0.0362599986430168	0.03784205457814	0.0398565951529807	0.0381674758745394	0.0323412157809046	0.0288318555911285	0.0282393130489285	0.0242324183161214	0.0253144202033603
72025	75-79	2	0.0558103782896299	0.0582454320687217	0.06134615558033	0.0587463106701483	0.0497786949441869	0.0443771879919634	0.0434651605488134	0.0372978614051395	0.0389632441832527
72025	80-84	2	0.0940537957867365	0.0981574339975551	0.103382888610677	0.0990015311632485	0.0838889605492292	0.0747861337695803	0.0732491548161398	0.0628557798429452	0.0656623479651039
72025	85+	2	0.202216414050206	0.211039287182124	0.222274063762122	0.212854103658134	0.180361955292681	0.160790800463441	0.157486281716752	0.135140451796678	0.141174579582742
72027	0-4	2	0.00388593313381084	0.00373760936789413	0.00372533254311972	0.00332425686968126	0.00278841030681946	0.00256693335524262	0.00241998312206913	0.00223490590222586	0.00217482671285536
72027	5-9	2	0.00022619696156462	0.000219805970178977	0.000226220080811645	0.000213619880502873	0.000186791198079251	0.000175454688300544	0.000161166217571774	0.000146362309121547	0.000145343241568229
72027	10-14	2	0.000283204369791027	0.00027520265612045	0.000283233298766798	0.000267457541869765	0.000233867348636627	0.000219673733468326	0.000201784199679788	0.00018324933174692	0.000181973432068536
72027	15-19	2	0.00104386797069217	0.00101437411745395	0.00104397446923253	0.000985826154060725	0.000862015517746684	0.00080969903345075	0.000743759701805871	0.00067544174400124	0.00067073888688576
72027	20-24	2	0.00199643252475873	0.00194002427171558	0.00199663579633148	0.00188542498921384	0.0016486329659936	0.00154857611979711	0.00142246496664497	0.00129180456732276	0.00128281015736614
72027	25-29	2	0.00245646974841745	0.00238706330091783	0.00245671981194273	0.00231988275068405	0.00202852691518092	0.00190541388628426	0.00175024318835776	0.00158947474216056	0.00157840765523263
72027	30-34	2	0.00295013437559623	0.00286677975105463	0.00295043483626336	0.00278609822382556	0.00243618999475325	0.00228833557770396	0.00210198085474268	0.00190890378084956	0.00189561260712379
72027	35-39	2	0.00358796562008538	0.00348658901598644	0.00358833053499917	0.00338846369886584	0.0029629038705326	0.00278308268420775	0.00255643726431292	0.0023216160139729	0.00230545149096209
72027	40-44	2	0.00435320222134046	0.0042302036722615	0.00435364435331815	0.004111150313598	0.00359482765289713	0.00337665428534478	0.00310167028493332	0.00281676669504298	0.00279715450862097
72027	45-49	2	0.00572137892645168	0.00555972294434188	0.00572195993591032	0.00540325164177179	0.00472465285328714	0.00443790936135342	0.00407649985787153	0.00370205327780017	0.00367627717454098
72027	50-54	2	0.00800058848597049	0.0077745346439742	0.00800140133113179	0.00755572911071138	0.00660679875911235	0.00620582627498948	0.00570044312837719	0.00517682917843251	0.00514078459850362
72027	55-59	2	0.0114594503486333	0.0111356681590513	0.0114606156724652	0.0108222680118406	0.00946308947569645	0.00888876555912063	0.00816489238636367	0.00741490642184278	0.00736327860647257
72027	60-64	2	0.0169746484452663	0.0164950365010808	0.0169763750789461	0.0160308047698803	0.0140174819630366	0.01316674597357	0.0120944867909715	0.0109835482640134	0.0109070730017032
72027	65-69	2	0.0244398950071511	0.0237493557015319	0.0244423819439146	0.0230809623277127	0.0201822042043983	0.0189573254972439	0.0174134971664178	0.0158139805693215	0.0157038727517885
72027	70-74	2	0.0378874417653405	0.0368169437471391	0.0378912916217189	0.0357807798719073	0.0312870417854673	0.029388199442046	0.0269949128943889	0.0245152911975485	0.0243445980218833
72027	75-79	2	0.0583152929463716	0.0566676090643935	0.0583212138317904	0.0550727731874608	0.0481561388514946	0.0452334975064757	0.041549818472122	0.0377332548196017	0.0374705218966038
72027	80-84	2	0.0982751735840229	0.095498435538509	0.0982851500729549	0.0928107435619408	0.0811545633258771	0.0762292192850808	0.0700213478309187	0.0635895288165367	0.0631467605467145
72027	85+	2	0.211292448826765	0.20532244250574	0.211313905628067	0.199543881522262	0.174482994756085	0.163893451549547	0.150546470832639	0.13671802613755	0.135766076523376
72029	0-4	2	0.00333633999342469	0.00380797309927032	0.00403963933608612	0.00375151910446173	0.00303633487145326	0.00294203537611066	0.00288717244229493	0.00249907630915272	0.00255634893768332
72029	5-9	2	0.000216113685983838	0.000229231986085968	0.000243624129586479	0.000248812809582473	0.000206466838356263	0.000185700387157116	0.000173295121945466	0.000155020496384438	0.00015550345321119
72029	10-14	2	0.00027057983251961	0.000287004271796953	0.000305023618645439	0.000311520016016523	0.000258501765910916	0.00023250161093316	0.000216969900290113	0.000194089604877612	0.000194694275662481
72029	15-19	2	0.000997334334577242	0.00105787369019215	0.0011242917278793	0.00114823706000677	0.000952816059897097	0.000856981499471753	0.000799732930287766	0.000715398053192879	0.000717626838003599
72029	20-24	2	0.00190743522450847	0.0020232186343045	0.00215024525772529	0.00219604142334399	0.00182229210590121	0.00163900543220086	0.00152951563014442	0.00136822233175301	0.00137248491861221
72029	25-29	2	0.00234696492980607	0.00248942817380591	0.00264572544838756	0.00270207439435789	0.00224220227959208	0.00201668087719048	0.00188196159287966	0.00168350143074108	0.0016887461521238
72029	30-34	2	0.00281862291271058	0.00298971663025405	0.00317742431734785	0.00324509728317637	0.00269280672838301	0.00242196333445715	0.00226017009570565	0.00202182662937458	0.00202812531801538
72029	35-39	2	0.00342802048218389	0.00363610530971276	0.00386439606493898	0.00394670003210206	0.00327500192393711	0.00294560106807937	0.00274882741696311	0.00245895314445558	0.00246661392342733
72029	40-44	2	0.00415914411178758	0.00441160851894696	0.00468858877032043	0.004788446812	0.00397348975530847	0.00357383438932418	0.00333509311097727	0.00298339472483015	0.0029926894599864
72029	45-49	2	0.00546632975493192	0.0057981414578098	0.00616217424731976	0.00629341689529892	0.00522232542947504	0.00469706158280921	0.00438328558538682	0.00392105119064678	0.00393326699863534
72029	50-54	2	0.00764393635631235	0.00810793148508679	0.00861698265514881	0.00880050680021996	0.00730272767503264	0.00656821644600991	0.00612944246666012	0.00548306859071235	0.00550015070998021
72029	55-59	2	0.0109486089548719	0.0116132015299322	0.0123423290256646	0.0126051956536115	0.0104598866296395	0.00940782668754067	0.00877935954714198	0.00785354146440432	0.00787800806444071
72029	60-64	2	0.0162179504010925	0.0172023978932362	0.0182824399570719	0.018671819702651	0.0154940177068067	0.01393562088705	0.01300468490852	0.0116332897598094	0.0116695317750164
72029	65-69	2	0.0233504119502716	0.0247678084053515	0.0263228409233428	0.0268834660393077	0.0223081038525182	0.0200643429568839	0.0187239899464756	0.0167494715155147	0.0168016524628182
72029	70-74	2	0.0361984932840138	0.0383957800887844	0.0408064358544704	0.0416755337475621	0.0345826747432174	0.0311043309345704	0.0290264771653767	0.0259655170226617	0.0260464092144609
72029	75-79	2	0.0557157105837797	0.0590977117542771	0.0628081254553369	0.0641458169452067	0.0532286876544032	0.0478749207947071	0.0446767460562214	0.0399654013393924	0.0400899021030781
72029	80-84	2	0.093894259329607	0.0995937341468644	0.10584666397351	0.108100993000237	0.0897030258226301	0.0806806522074237	0.0752909679174411	0.0673512265048777	0.067561040280502
72029	85+	2	0.201873410426211	0.21412734431253	0.227571199251204	0.232418017294949	0.19286223675373	0.173464056457624	0.161876199522796	0.144805705801644	0.145256795936487
72031	0-4	2	0.00322330623435388	0.00344134762076886	0.00365886526218542	0.00335673708247167	0.0028179182695275	0.00264149969177424	0.00254893539630757	0.00194342828704647	0.00210413550265415
72031	5-9	2	0.00019963027354531	0.000211053840881389	0.000225652588992263	0.000212576554801738	0.000182100677603565	0.00017181303035966	0.000159023589996421	0.000137504559953474	0.000135928269856479
72031	10-14	2	0.000249942208672967	0.000264244782077213	0.000282522786432951	0.000266151278896074	0.000227994703385944	0.000215114292769011	0.000199101578512145	0.000172159208410247	0.00017018564992786
72031	15-19	2	0.000921266187292281	0.000973984256628927	0.00104135544265091	0.000981011397837173	0.000840369450348999	0.00079289331279784	0.000733871778859944	0.000634564434817465	0.000627290076357043
72031	20-24	2	0.00176195236859042	0.0018627772436453	0.00199162670046096	0.00187621655166322	0.00160723411078746	0.00151643459445571	0.00140355393221046	0.00121362533131749	0.00119971284623332
72031	25-29	2	0.00216795827852065	0.002292016263821	0.00245055646693445	0.00230855235289186	0.00197758845971134	0.0018658659569467	0.00172697445485508	0.00149328060568092	0.00147616221092014
72031	30-34	2	0.00260364196560005	0.0027526316589502	0.00294303307753397	0.0027724910088775	0.00237501482965578	0.002240839986103	0.00207403595000996	0.00179337801274671	0.00177281937712564
72031	35-39	2	0.00316655988638225	0.00334776159145509	0.00357932847576321	0.00337191450962919	0.00288850236749726	0.00272531837569305	0.0025224506266046	0.00218111316091547	0.00215610991086624
72031	40-44	2	0.00384191958667638	0.00406176722576746	0.00434272229695726	0.00409107170613891	0.00350455808549721	0.00330657020945586	0.00306043510017088	0.0026462977075594	0.00261596166879114
72031	45-49	2	0.0050494042988182	0.00533834790750556	0.00570760465460592	0.00537686222445719	0.00460601214727501	0.00434579832107959	0.00402230481682311	0.00347800732347119	0.00343813701236205
72031	50-54	2	0.00706092162142351	0.0074649709111074	0.00798132690989334	0.00751882660741878	0.00644089532051832	0.00607702135729264	0.00562465863297902	0.00486353065704175	0.00480777722126429
72031	55-59	2	0.0101135424966088	0.0106922727841079	0.0114318626941548	0.0107694110447617	0.00922546107715414	0.00870427466727141	0.0080563443952756	0.00696616100702747	0.00688630362766392
72031	60-64	2	0.0149809848101887	0.0158382456696953	0.0169337847822912	0.0159525085814901	0.013665487391963	0.0128934631201132	0.0119336965851289	0.0103188311488534	0.0102005400743163
72031	65-69	2	0.0215694444947188	0.0228037188993796	0.024381063406288	0.0229682336386747	0.0196754068126622	0.0185638555033373	0.017181993140886	0.0148569286749056	0.0146866155451782
72031	70-74	2	0.0334375854048646	0.0353509931963642	0.0377962379752782	0.035606026808217	0.0305013899562686	0.0287782292226775	0.0266360260316072	0.0230316411829723	0.0227676160109954
72031	75-79	2	0.0514661985391436	0.054411260877754	0.0581749135430252	0.0548038031423071	0.046946888770079	0.0442946484267789	0.040997427330531	0.0354496572106853	0.0350432734238643
72031	80-84	2	0.0867328171858835	0.0916959486157468	0.0980385991557161	0.0923574720690593	0.0791166953215899	0.0746470365572476	0.0690904340876	0.0597411181727645	0.0590562607526782
72031	85+	2	0.186476269658505	0.197147047277515	0.210783798737633	0.198569324545101	0.170101551302939	0.160491750786102	0.148545011898206	0.128443904301278	0.126971440476661
72033	0-4	2	0.0047476701107912	0.00431680244656243	0.00442670558332084	0.00425341179849411	0.00351960214127335	0.00317189255034874	0.00294143277253948	0.0023205572012173	0.00246496147542146
72033	5-9	2	0.000282703930435325	0.0002694861920104	0.000280904220036753	0.000266016043425607	0.000220149725300825	0.000203916249114208	0.000178225978147834	0.000160374226500843	0.000159854793358765
72033	10-14	2	0.000353952567890436	0.000337403621393794	0.000351699298959185	0.000333058894666005	0.000275633068702273	0.000255308334461225	0.000223143448398866	0.000200792605644032	0.000200142260515244
72033	15-19	2	0.00130464018645076	0.00124364193423376	0.00129633473885152	0.00122762754589269	0.00101596049140825	0.000941045144395959	0.000822487915509842	0.000740104583484517	0.00073770751535917
72033	20-24	2	0.00249516813810988	0.0023785065408022	0.00247928322269253	0.00234787840594264	0.00194305790222077	0.00179977980359484	0.00157303508342487	0.00141547428341377	0.00141088975816953
72033	25-29	2	0.00307012906200298	0.002926584761055	0.00305058337165814	0.0028888993046128	0.0023907962975363	0.00221450247279667	0.00193550906773092	0.00174164148930427	0.00173600055525573
72033	30-34	2	0.00368711808268305	0.00351472607319933	0.00366364399485892	0.00346946713351912	0.00287126288551306	0.00265954033094773	0.00232447881639738	0.00209165071585185	0.00208487608129707
72033	35-39	2	0.00448428822986635	0.00427462424943061	0.00445573861502599	0.00421957947110679	0.0034920409760423	0.00323454336138443	0.00282704033624864	0.00254387367283424	0.00253563448774611
72033	40-44	2	0.00544069173135591	0.00518631082986413	0.00540605287034055	0.00511952551430825	0.00423681834056216	0.0039244018969048	0.00342998727501881	0.00308642736177477	0.00307643077969929
72033	45-49	2	0.00715065786273199	0.00681632712102744	0.00710513226824806	0.0067285513035771	0.0055684159981442	0.00515780921378576	0.00450800397634497	0.00405646610684257	0.00404332788744455
72033	50-54	2	0.00999924527167104	0.00953172848908208	0.00993558406647728	0.00940898497096888	0.00778668963125158	0.00721251044769681	0.00630384369378128	0.00567242790778912	0.00565405607500179
72033	55-59	2	0.014322178471601	0.0136525426096626	0.0142309959969847	0.0134767349266272	0.0111530780102806	0.0103306654717706	0.00902915844874542	0.00812476494674991	0.00809845030702879
72033	60-64	2	0.0212151493266399	0.020223232471543	0.0210800840509504	0.0199628123755345	0.0165208276657081	0.0153026038828673	0.0133747075210103	0.0120350470629319	0.0119960673871149
72033	65-69	2	0.0305453184901542	0.0291171677063512	0.0303508526465431	0.0287422199408857	0.0237864918802914	0.0220325090655082	0.0192567447848979	0.0173279171620125	0.0172717935222099
72033	70-74	2	0.0473522474244582	0.0451382834682566	0.0470507768957541	0.0445570283465675	0.0368745145456861	0.0341554379833023	0.0298523696518593	0.0268622416614532	0.0267752362308203
72033	75-79	2	0.072883255915607	0.0694755821802445	0.0724192371010156	0.0685809278250751	0.056756218988698	0.0525710964485535	0.045947932191944	0.04134561392676	0.0412116930847652
72033	80-84	2	0.122825669871143	0.117082920522713	0.122043677439023	0.115575209656911	0.0956477525781537	0.0885948214175049	0.0774332137065313	0.0696772087871957	0.0694515232027505
72033	85+	2	0.264076198222191	0.25172925813884	0.262394935752668	0.248487665366064	0.205643464676914	0.190479598902453	0.166482048767758	0.149806575548699	0.149321334332219
72035	0-4	2	0.00397150220801917	0.00392814103682996	0.00376013385097717	0.00350844808000319	0.00286368834053226	0.00259134526152637	0.002543670918055	0.00237083003656555	0.00196106198916017
72035	5-9	2	0.000230314067014842	0.000237238864137008	0.000235598947156956	0.000226399198054	0.000191406109232648	0.000178907999256321	0.000164892797311419	0.000139912476262202	0.000132737060849283
72035	10-14	2	0.000288359078028908	0.000297029104009422	0.000294975889828074	0.000283457578016406	0.000239645333152397	0.000223997369668107	0.000206449974115653	0.000175173972022066	0.000166190167490911
72035	15-19	2	0.0010628676636965	0.00109482470495019	0.00108725666025089	0.0010448010330148	0.00088331268613012	0.000825635583708766	0.000760957373807263	0.000645676527935784	0.00061256292542553
72035	20-24	2	0.00203276987461201	0.00209388850856488	0.00207941421319925	0.00199821641223602	0.00168936451952824	0.00157905524228615	0.00145535599818532	0.0012348775579985	0.00117154662662532
72035	25-29	2	0.00250118062305753	0.00257638272931644	0.00255857306463735	0.00245866485122393	0.00207864434520644	0.00194291639370725	0.00179071331628445	0.00151942998710017	0.00144150571008688
72035	30-34	2	0.00300383083432932	0.0030941460533167	0.00307275723230824	0.00295277080197554	0.00249637936050968	0.00233337490542364	0.00215058418229816	0.00182478254644982	0.0017311981227294
72035	35-39	2	0.00365327138419397	0.00376311295000804	0.00373709957949647	0.00359117139113038	0.00303610624424773	0.00283785965363542	0.00261554888841312	0.00221930744881282	0.00210548992386522
72035	40-44	2	0.00443243631818591	0.00456570443965936	0.00453414288640378	0.0043570914592893	0.00368364267036372	0.00344311405272153	0.00317338915324867	0.00269263797873392	0.00255454550057985
72035	45-49	2	0.00582551540154823	0.00600066870755623	0.00595918753003936	0.00572649004564789	0.0048413816207183	0.00452525672084814	0.00417075934866381	0.00353891194465308	0.00335741819228496
72035	50-54	2	0.008146209471534	0.00839113854865134	0.00833313231079383	0.00800773482265804	0.0067700282302945	0.00632796981406503	0.00583225215788181	0.00494869738789772	0.00469490254975564
72035	55-59	2	0.0116680267625065	0.0120188456219106	0.0119357623162289	0.0114696875085045	0.00969688732958776	0.00906371497746847	0.00835368592865532	0.00708814700379837	0.00672462985583676
72035	60-64	2	0.017283608672686	0.01780326951706	0.0176802001984769	0.0169898135916531	0.0143638015175692	0.0134258948552678	0.0123741426993673	0.0104995265867113	0.00996105563365022
72035	65-69	2	0.02488473238221	0.0256329336263759	0.0254557404790184	0.0244617313790234	0.0206808308713823	0.0193304452181952	0.0178161431369536	0.0151170919191653	0.0143418085383322
72035	70-74	2	0.0385770382416373	0.0397369206428594	0.0394622302909586	0.0379212884974458	0.0320600269580365	0.0299666194689694	0.0276191053896999	0.0234349553264927	0.0222330869265809
72035	75-79	2	0.0593767016756183	0.0611619570988268	0.0607391600863329	0.0583673858219673	0.0493458969030088	0.0461237849100173	0.0425105566609665	0.036070428722497	0.0342205423813376
72035	80-84	2	0.100063892417775	0.103072471283517	0.102359954677614	0.0983629464154298	0.0831595871680218	0.0777295629770526	0.0716404159273546	0.0607872688243781	0.0576697669223682
72035	85+	2	0.215138188467406	0.221606661458179	0.220074745070255	0.21148114363396	0.178793800078469	0.167119200691488	0.154027486805008	0.130693134729147	0.123990479991235
72037	0-4	2	0.00358407365341684	0.00389700588817048	0.00393872157448874	0.00364300788613038	0.00307184608221527	0.00279069688945384	0.00277882166583545	0.0019458237945286	0.00238734054810475
72037	5-9	2	0.000227089141475397	0.000229711263416136	0.000228027784281046	0.000220928046601034	0.000193144280063423	0.000177573877784738	0.000167908089885504	0.000147178534262417	0.000152475341389775
72037	10-14	2	0.000284321432170698	0.000287604380176654	0.000285496610551343	0.000276607564164309	0.000241821576330661	0.000222327014140514	0.000210225208996598	0.000184271273060596	0.000190903019143605
72037	15-19	2	0.0010479851614836	0.00106008584738711	0.00105231669794827	0.0010195524034291	0.000891334186973986	0.000819478726251944	0.00077487264584975	0.000679208486500769	0.00070365272423465
72037	20-24	2	0.00200430594022823	0.00202744868991479	0.0020125897897903	0.00194992698135298	0.00170470549418702	0.00156727977437514	0.00148196929889435	0.00129900840592034	0.00134575883059367
72037	25-29	2	0.00246615768412525	0.00249463304151552	0.00247635006846486	0.00239924779446471	0.00209752010822613	0.00192842739008532	0.00182345905983994	0.0015983384774391	0.00165586156765327
72037	30-34	2	0.0029617695581617	0.0029959677774451	0.00297401059418164	0.00288141323854633	0.00251904866656427	0.00231597419748052	0.00218991076238508	0.00191954892872849	0.00198863215458129
72037	35-39	2	0.00360211652953716	0.0036437083026517	0.00361700366893109	0.00350438620894076	0.00306367684959736	0.00281669681592041	0.00266337801354185	0.00233456277611151	0.00241858227758677
72037	40-44	2	0.00437037180882258	0.00442083371314815	0.00438843351006827	0.00425179755405923	0.00371709415851484	0.0034174381007004	0.00323141945998096	0.00283247490273008	0.00293441393227944
72037	45-49	2	0.00574394544917342	0.00581026701547481	0.00576768345099863	0.00558810359829955	0.0048853470320792	0.00449151134059471	0.00424702836740236	0.0037226986847119	0.00385667631567573
72037	50-54	2	0.00803214479757551	0.00812488684949863	0.00806533900058959	0.00781421964458378	0.00683150801314604	0.00628078144862106	0.00593890463908702	0.0052056989096877	0.00539304880158611
72037	55-59	2	0.0115046496149409	0.0116374872718026	0.0115521956788261	0.0111925107734176	0.0097849463420402	0.00899612588251695	0.00850644700813591	0.0074562575748934	0.00772460330667472
72037	60-64	2	0.0170416013890619	0.0172383717088643	0.0171120312142449	0.0165792371157953	0.0144942408844684	0.0133257755691143	0.0126004240794135	0.0110448007325008	0.0114422959437349
72037	65-69	2	0.0245362926005772	0.024819600238565	0.0246376977247325	0.0238705889359082	0.0208686361858638	0.0191862940341167	0.0181419381631723	0.0159021700307231	0.016474479653665
72037	70-74	2	0.0380368774897434	0.038476066720605	0.0381940759057093	0.0370048832082506	0.0323511692513527	0.0297431521621896	0.0281241623505969	0.0246520037358159	0.0255392137221812
72037	75-79	2	0.058545300178141	0.0592212859802575	0.0587872526286594	0.0569568802209845	0.0497940153954629	0.0457798323182465	0.0432879276254186	0.0379436771184327	0.0393092388109728
72037	80-84	2	0.0986627912721473	0.0998019850030474	0.0990705320964358	0.0959859155179195	0.0839147790724508	0.0771499247554874	0.0729504761000141	0.0639441414638915	0.0662454347491865
72037	85+	2	0.212125827241693	0.214575112210575	0.213002478146681	0.206370513891762	0.180417473311965	0.165872980325778	0.156844139076123	0.137480451087132	0.142428254009088
72039	0-4	2	0.00395797564421127	0.0035834030899679	0.00332835119224706	0.00315641110141122	0.00270988095391063	0.00262433451456371	0.00260380839577638	0.00215490526410822	0.00191443420125782
72039	5-9	2	0.000207336090533283	0.000207529416617238	0.000210384905993685	0.00021191979953259	0.00018692033748452	0.000168857447969022	0.000152740328661596	0.000135188451428352	0.00013472038583995
72039	10-14	2	0.000259590053693067	0.000259832105420977	0.000263407260359053	0.000265329003541822	0.000234029040542209	0.000211413820409002	0.000191234773911181	0.000169259376524758	0.000168673344476988
72039	15-19	2	0.00095682734268033	0.000957719523388948	0.000970897286374622	0.000977980791863562	0.000862611752857703	0.000779253738323747	0.000704875418899244	0.000623875886706124	0.000621715854903061
72039	20-24	2	0.0018299642864986	0.00183167035232029	0.0018568731497988	0.00187042064591342	0.00164977346689153	0.00149034849969232	0.00134809745208433	0.00119318315396938	0.00118905198605708
72039	25-29	2	0.00225164249291529	0.00225374148083904	0.00228475172252767	0.00230142112525326	0.00202993039548148	0.00183376900175157	0.00165873917549018	0.0014681279601602	0.00146304482741363
72039	30-34	2	0.0027041442058852	0.00270666500906333	0.00274390718277253	0.00276392648235184	0.00243787559207314	0.00220229270254596	0.0019920878608108	0.00176317050792957	0.00175706582005732
72039	35-39	2	0.00328879137789742	0.00329185707958303	0.00333715099357301	0.00336149830532798	0.00296495383992368	0.00267843705800785	0.00242278514721934	0.00214437480663325	0.00213695037474156
72039	40-44	2	0.0039902203962343	0.00399393977236965	0.00404889379977639	0.00407843380799254	0.00359731478484444	0.00324968994864792	0.00293951305795533	0.00260172385613636	0.00259271584519131
72039	45-49	2	0.00524431459803057	0.00524920303681145	0.00532142868187165	0.00536025281650389	0.00472792179757103	0.00427104099507285	0.00386337776719224	0.00341942423761151	0.00340758528554588
72039	50-54	2	0.00733347719589871	0.00734031328581467	0.00744131117188826	0.00749560120780089	0.00661137015728922	0.00597248284766521	0.00540241982478885	0.00478160971870969	0.00476505447068281
72039	55-59	2	0.0105039295839985	0.0105137213538953	0.0106583835376616	0.0107361449089297	0.00946963722393353	0.00855454217874922	0.00773802579891471	0.00684882278719817	0.00682511033748143
72039	60-64	2	0.0155592552712975	0.0155737599514116	0.0157880453667913	0.0159032319539357	0.014027180618017	0.012671667893984	0.011462178930194	0.0101450205120611	0.0101098948349582
72039	65-69	2	0.0224020291673431	0.0224229134036218	0.0227314396107769	0.0228972844601192	0.020196168011417	0.0182445179013473	0.0165031083347275	0.0146066792432388	0.0145561056310526
72039	70-74	2	0.0347282799034074	0.0347606531255769	0.0352389386174891	0.0354960364138288	0.0313086879777133	0.0282831831511682	0.0255836005578053	0.0226436984402025	0.0225652973329622
72039	75-79	2	0.0534528011897988	0.0535026252326387	0.0542387879105228	0.0546345075431083	0.0481894589970666	0.0435326880620305	0.0393775651739705	0.0348525503407469	0.0347318735338629
72039	80-84	2	0.0900807110822636	0.090164672144921	0.0914052779221241	0.0920721567123862	0.0812107132563353	0.0733629469874477	0.0663605787465432	0.0587348500969951	0.0585314810535543
72039	85+	2	0.193674260294463	0.19385479369767	0.196522108810105	0.197955893192918	0.174603701875248	0.157730934885711	0.142675788430914	0.126280416100237	0.12584316780045
72041	0-4	2	0.00345950551586973	0.0033528547709822	0.00316865035181636	0.0030769396922034	0.00270082816994764	0.00259441433342273	0.00231857856802579	0.00193541568450678	0.00201902117773031
72041	5-9	2	0.000195742140170532	0.000204082737173817	0.000200329520029593	0.00019263868142876	0.00016782412281246	0.000160418182832904	0.000144986321942621	0.000133266028812556	0.000133510704674573
72041	10-14	2	0.000245074141415153	0.000255516793984312	0.000250817665128266	0.000241188538953288	0.000210120076194155	0.000200847646223016	0.000181526560779989	0.000166852460748883	0.000167158797193726
72041	15-19	2	0.000903322822331389	0.000941813749544136	0.000924493018587229	0.00088900075983155	0.000774485008978848	0.000740307657802684	0.00066909172282516	0.000615004258651453	0.000616133404767931
72041	20-24	2	0.00172763517204751	0.0018012501975337	0.00176812353372812	0.00170024332816684	0.00148122804812661	0.00141586280885745	0.00127965994857339	0.00117621590399533	0.00117837540312164
72041	25-29	2	0.00212573363283673	0.00221631161054047	0.00217555154184166	0.00209202979904728	0.0018225469966844	0.00174211955032734	0.00157453161721925	0.00144725094716592	0.00144990802667289
72041	30-34	2	0.00255293199859431	0.00266171303146022	0.00261276156490044	0.00251245480773472	0.00218881535886284	0.00209222489270924	0.00189095748938309	0.00173809798569549	0.00174128901490392
72041	35-39	2	0.00310488649545961	0.00323718625328732	0.00317765104066542	0.00305565732411547	0.00266204568784232	0.00254457207684637	0.00229978988209738	0.0021138813904912	0.00211776249717133
72041	40-44	2	0.00376709265318863	0.00392760889609695	0.00385537595986755	0.00370736358305529	0.00322980289631138	0.00308727449137018	0.00279028554747905	0.00256472684382753	0.00256943559911982
72041	45-49	2	0.00495105989386717	0.00516202522361319	0.00506708992033239	0.00487255817835101	0.00424490383035465	0.00405757971724549	0.00366724941358089	0.00337079942945877	0.00337698822904659
72041	50-54	2	0.00692339959902689	0.00721840715806056	0.00708565260932774	0.00681362517974967	0.00593593383388912	0.00567398593558441	0.0051281605318365	0.00471361458818234	0.00472226879059885
72041	55-59	2	0.00991656492906039	0.0103391125476127	0.01014896519236	0.00975933349967492	0.008502192481006	0.00812699712623688	0.00734519736330884	0.00675143192378058	0.0067638275411406
72041	60-64	2	0.0146892046479335	0.0153151157505681	0.0150334546625387	0.0144563017783561	0.0125941251021999	0.0120383547825182	0.0108802901596542	0.0100007574354476	0.0100191181037411
72041	65-69	2	0.0211493404141005	0.0220505198771953	0.021644988569771	0.0208140121837021	0.0181328726388171	0.0173326820216023	0.0156653122264001	0.0143989709623454	0.0144254062002118
72041	70-74	2	0.0327863262070911	0.0341833592420763	0.0335546923820575	0.0322664890440163	0.0281101092941374	0.0268696307063836	0.0242848261780784	0.0223217029536115	0.0223626829312588
72041	75-79	2	0.0504638006554209	0.0526140718117709	0.0516464436530636	0.049663676751223	0.0432662939496348	0.0413569862982009	0.0373785284752181	0.0343569455637584	0.03442001442876
72041	80-84	2	0.0850435338901789	0.0886672473187601	0.0870365601305592	0.0836951250914096	0.0729140107937911	0.0696963743460425	0.0629917275339852	0.0578996414848486	0.0580059296840628
72041	85+	2	0.182844290719742	0.190635323810438	0.187129331226636	0.179945203988999	0.15676572036422	0.149847777287174	0.135432731195246	0.124484713721238	0.124713236441953
72043	0-4	2	0.00347270764318712	0.00360066930404939	0.00355593727605367	0.00352989761970363	0.0031198728653487	0.00278170938864711	0.00259508145730304	0.00179186792369863	0.00193811044407676
72043	5-9	2	0.000220333469536075	0.00022443539408671	0.000220050266101806	0.000219770217902315	0.000194380659857689	0.000171132357828279	0.000161195016532785	0.000147547717714692	0.000135663701896612
72043	10-14	2	0.000275863137847257	0.000280998846128087	0.000275508545299825	0.000275157926749313	0.000243369549837086	0.000214262060002361	0.000201820263872454	0.000184733507487629	0.000169854399376142
72043	15-19	2	0.00101680861940104	0.00103573842035332	0.00101550151473597	0.00101420925956711	0.000897040005434931	0.000789752013998446	0.000743892655699216	0.000680912315143027	0.000626069034680256
72043	20-24	2	0.00194468067476024	0.00198088441048767	0.00194218044887712	0.00193970884803272	0.00171561863676823	0.00151042681022043	0.00142271926400495	0.00130226728287132	0.00119737757015818
72043	25-29	2	0.00239279289401777	0.00243733887964827	0.00238971629514118	0.00238667519912441	0.00211094806566529	0.00185847383137882	0.001750556028851	0.00160234831661187	0.00147328886318301
72043	30-34	2	0.00287366076405456	0.00292715902858172	0.00286996599494588	0.00286631378306925	0.00253517509145635	0.00223196232042047	0.00210235662753332	0.00192436447449505	0.0017693685544699
72043	35-39	2	0.00349495818386907	0.00356002276882454	0.00349046415891729	0.00348602217873985	0.00308328987678893	0.0027145212462937	0.00255689434824707	0.00234041945028538	0.00215191292970913
72043	40-44	2	0.00424035802540615	0.00431929926078843	0.00423490516396833	0.00422951581022493	0.00374088934993059	0.00329347023184644	0.00310222494589786	0.00283958058937168	0.00261086956480101
72043	45-49	2	0.00557306871271463	0.00567682074657662	0.00556590222398936	0.00555881886446863	0.00491662087321373	0.00432858131400299	0.0040772289681659	0.00373203753150632	0.00343144444772296
72043	50-54	2	0.00779319609299882	0.00793827960606781	0.00778317451237438	0.00777326888569825	0.00687524033635714	0.00605294520206068	0.00570146238526665	0.00521875800978347	0.00479841847023088
72043	55-59	2	0.0111623972121472	0.0113702043167131	0.0111480435925872	0.0111338560016692	0.00984758565683819	0.00866979053831709	0.00816635226232309	0.00747496188384018	0.00687289873898358
72043	60-64	2	0.0165346293370788	0.0168424504393892	0.0165133686854413	0.0164923529493207	0.0145870274729816	0.012842382434163	0.0120966496421567	0.0110725071860813	0.0101806829729901
72043	65-69	2	0.023806360605191	0.0242495590399714	0.0237757519189971	0.0237454940078164	0.0210022291017985	0.0184903112977168	0.0174166119766897	0.015942063324065	0.0146580253611651
72043	70-74	2	0.0369053153653505	0.0375923719577769	0.0368578618731589	0.0368109563649865	0.0325582680108558	0.028664219018859	0.0269997410629956	0.0247138493774408	0.022723295593795
72043	75-79	2	0.0568036310097705	0.0578611237467169	0.0567305857485047	0.0566583939291407	0.0501127773612972	0.0441191679908628	0.0415572474957241	0.0380388696421382	0.0349750599970091
72043	80-84	2	0.0957276592828619	0.0975097830884112	0.0956045533865938	0.09548288912809	0.0844519646528732	0.0743513080979142	0.0700338677504278	0.0641045564820704	0.0589413092437211
72043	85+	2	0.205815250707923	0.209646842189902	0.205550574555622	0.205288975630554	0.181572403324697	0.15985591498042	0.150573382147868	0.137825331584685	0.126724294283315
72045	0-4	2	0.00387681218138566	0.00364128297456137	0.00346253035362719	0.00339271453941831	0.00287424307354242	0.00265891619191593	0.002394382817992	0.00196568244792556	0.00209779343836692
72045	5-9	2	0.000212130854132424	0.000216683812539723	0.000218686622147603	0.000220942966967341	0.000192152409711405	0.000178229992402226	0.000156597754289076	0.000145828074780566	0.000144836573186987
72045	10-14	2	0.000265593216274129	0.000271293652024906	0.000273801226515273	0.000276626240129333	0.000240579722848361	0.000223148492858072	0.000196064370102017	0.000182580470571795	0.000181339078089532
72045	15-19	2	0.000978954314998485	0.000999965776068806	0.00100920849315775	0.00101962138589677	0.00088675689347116	0.000822506761839908	0.000722676793837076	0.000672976410801341	0.000668400748932095
72045	20-24	2	0.00187228286234257	0.00191246775355641	0.0019301446312064	0.00195005971582881	0.00169595184352199	0.00157307134606481	0.00138214311978212	0.00128708954875099	0.00127833842507345
72045	25-29	2	0.00230371242515613	0.00235315690171899	0.00237490702276296	0.00239941131123886	0.002086749568955	0.00193555359698909	0.00170062997164007	0.00158367317527031	0.00157290549308449
72045	30-34	2	0.00276667840843417	0.00282605955394809	0.00285218064761688	0.00288160934658959	0.00250611347711608	0.00232453251152421	0.00204239718106003	0.00190193633506888	0.00188900467908148
72045	35-39	2	0.00336484569299156	0.00343706515293396	0.00346883352770526	0.00350462455832912	0.00304794492362857	0.00282710557213079	0.00248397158153406	0.00231314227325952	0.00229741490281272
72045	40-44	2	0.00408249562760298	0.00417011775116161	0.00420866155078674	0.00425208608618098	0.00369800631480894	0.00343006640477121	0.00301374933385395	0.00280648599706977	0.00278740411431503
72045	45-49	2	0.00536559134368234	0.00548075246326621	0.00553141020497401	0.00558848257708524	0.00486025975086654	0.00450810817338093	0.00396094578665472	0.00368854141646805	0.00366346248221187
72045	50-54	2	0.00750306683929372	0.00766410455103356	0.00773494244393338	0.00781475003311805	0.00679642717117048	0.00630399014609837	0.00553885589238113	0.00515793422371108	0.00512286489412848
72045	55-59	2	0.0107468369768362	0.010977496121999	0.011078959641646	0.0111932706461499	0.00973469952262716	0.00902936863505862	0.00793344701578886	0.00738784245796727	0.00733761124737854
72045	60-64	2	0.0159190692663601	0.0162607403119481	0.0164110362984659	0.0165803627279341	0.0144198117793083	0.0133750186143562	0.0117516521734538	0.0109434594929331	0.0108690521789402
72045	65-69	2	0.0229200853043865	0.023412019200208	0.0236284143320734	0.0238722099574593	0.0207614744734242	0.0192571942259898	0.016919888538547	0.0157562619834576	0.0156491316384204
72045	70-74	2	0.0355313866417129	0.0362939953355026	0.0366294569720355	0.0370073965906156	0.0321850441176332	0.0298530641874417	0.0262297054168105	0.0244258145970722	0.0242597378248129
72045	75-79	2	0.0546889171534985	0.0558626996654191	0.0563790319102296	0.0569607475169869	0.0495383196204909	0.0459490042338939	0.0403720316171968	0.03759553389733	0.0373399080038712
72045	80-84	2	0.0921638667521651	0.0941419635224443	0.0950121022496638	0.0959924303842226	0.0834838707595396	0.0774350217797252	0.0680364969687899	0.0633574333425469	0.062926642721881
72045	85+	2	0.19815305932322	0.202406001673561	0.204276806333693	0.206384503481781	0.179490998412594	0.166485926641668	0.146279024082758	0.136219015926521	0.135292804605668
72047	0-4	2	0.00364663411725526	0.00342746080886393	0.00356331929072191	0.00339076658146925	0.00288848113632574	0.00289271657425977	0.00254654475972409	0.00216516388923476	0.00210885837731485
72047	5-9	2	0.00021289236536582	0.00020988214450114	0.000223251600289212	0.000210810777654104	0.000177533955627133	0.000173891459469003	0.000156416545225191	0.000144842138071635	0.000138155408456553
72047	10-14	2	0.000266546669790403	0.000262777796505634	0.000279516716272543	0.000263940472224207	0.00022227702879893	0.00021771653249627	0.000195837493835852	0.000181346048079064	0.000172974081509891
72047	15-19	2	0.00098246879020989	0.00096857700132869	0.00103027552821883	0.000972862586322028	0.000819294482898334	0.000802485004813015	0.000721840634883939	0.000668426439598526	0.000637567999466809
72047	20-24	2	0.00187900455045294	0.00185243568771069	0.00197043612514561	0.00186063190799852	0.00156692766752464	0.00153477909271576	0.00138054400194626	0.00127838760184019	0.00121936973578344
72047	25-29	2	0.00231198293017594	0.00227929161856111	0.00242448287873678	0.00228937667513619	0.0019279943572823	0.00188843764712392	0.00169866233872366	0.00157296602366257	0.00150034864972347
72047	30-34	2	0.00277661113386483	0.00273734999033544	0.00291171961423405	0.00274946160536628	0.00231545399618176	0.00226794790320021	0.00204003419856719	0.00188907746930372	0.00180186646529987
72047	35-39	2	0.00337692579484889	0.00332917607814953	0.00354124495547371	0.00334390584378903	0.00281606404727922	0.00275828712590258	0.00248109763946699	0.00229750323886961	0.00219143706214466
72047	40-44	2	0.00409715233354239	0.00403921839347359	0.0042965169583149	0.00405708950541614	0.00341667014757581	0.00334657043522834	0.00301026243436493	0.00278751137321609	0.00265882337143659
72047	45-49	2	0.00538485448733982	0.00530871231926566	0.00564687773864021	0.00533220005179058	0.00449050184820297	0.00439837011666383	0.00395636305735608	0.00366360334753254	0.0034944698442773
72047	50-54	2	0.00753000387114321	0.007423529434841	0.00789640882881959	0.00745637334885848	0.00627937012598285	0.00615053614877498	0.00553244769197579	0.00512306189557067	0.00488655134887457
72047	55-59	2	0.0107854200648597	0.0106329144904897	0.0113102322093819	0.0106799578446709	0.00899410470685623	0.00880957222807841	0.00792426822820304	0.0073378937956538	0.006999133475611
72047	60-64	2	0.0159762216131757	0.0157503183526417	0.016753615585153	0.0158200037188274	0.0133227846507695	0.0130494394019891	0.0117380560328916	0.0108694714881238	0.0103676720942918
72047	65-69	2	0.0230023726747314	0.0226771208833898	0.0241216571084349	0.0227774545224175	0.0191819877802869	0.0187884288521515	0.01690031302234	0.0156497350681695	0.0149272501650264
72047	70-74	2	0.035658951123092	0.0351547339329382	0.0373940948562628	0.0353102728620055	0.0297364763291909	0.0291263697412864	0.0261993581404005	0.0242606727838918	0.0231406555189165
72047	75-79	2	0.0548852634523661	0.0541091811866512	0.0575559422728852	0.054348585509675	0.045769555435079	0.044830498257938	0.0403253237679845	0.037341353069201	0.0356174491407025
72047	80-84	2	0.0924947561959815	0.0911868710304978	0.0969954818423765	0.0915903157425991	0.0771326026721686	0.0755500683688737	0.0679577802286766	0.062929080716997	0.0600238897396338
72047	85+	2	0.198864487070415	0.196052537573421	0.208541105214537	0.196919938341138	0.165835733397019	0.162433272169309	0.146109786714612	0.135298047563336	0.129051858269554
72049	0-4	2	0.0038609509943977	0.00332283580676797	0.00285764503678946	0.00225390277396645	0.00175730097643	0.00199244728179546	0.00217468247142729	0.0023766349249655	0.00229316030004908
72049	5-9	2	0.000200189167112924	0.000201083110765767	0.000202486337474869	0.000198146452686646	0.000170849784241502	0.000160676038830255	0.00014807613542471	0.000133195038187028	0.000132232663466397
72049	10-14	2	0.000250641940750728	0.00025176116976068	0.000253518046541602	0.000248084412107544	0.000213908282862882	0.000201170485384742	0.000185395086556968	0.000166763577029414	0.000165558656640947
72049	15-19	2	0.000923845133566869	0.000927970504162463	0.000934446183201382	0.00091441823854058	0.000788447877956103	0.000741497427513548	0.000683350655773224	0.000614676478485548	0.000610235253601181
72049	20-24	2	0.00176688452646683	0.00177477426275854	0.00178715908834928	0.00174885490166964	0.00150793234094775	0.00141813815253419	0.0013069305156701	0.00117558887596213	0.00116709484919071
72049	25-29	2	0.00217402704360537	0.00218373470552123	0.00219897333502532	0.00215184276964022	0.00185540459773587	0.00174491906941481	0.00160808606406249	0.00144647937872289	0.00143602802766635
72049	30-34	2	0.00261093062602899	0.00262258925315432	0.00264089032250864	0.00258428811741563	0.00222827618139715	0.00209558696280491	0.00193125514881067	0.00173717132258559	0.00172461959570136
72049	35-39	2	0.00317542440646671	0.00318960345086214	0.0032118611298316	0.00314302121533776	0.00271003805295049	0.00254866090880705	0.00234879994072991	0.00211275430624283	0.00209748902994442
72049	40-44	2	0.00385267483741658	0.00386987770792936	0.00389688236159559	0.00381336037132753	0.00328803109320132	0.00309223554822134	0.00284974852238604	0.00256335937966023	0.00254483827976174
72049	45-49	2	0.00506353939367446	0.0050861489646356	0.00512164085141197	0.00501186839482962	0.00432143230743167	0.00406409972904642	0.00374540090500754	0.00336900200999495	0.00334465986964298
72049	50-54	2	0.00708068732359548	0.00711230409093211	0.00716193458614874	0.00700843177702674	0.00604294858595759	0.0056831032417798	0.00523744512758335	0.00471110115467222	0.00467706191906363
72049	55-59	2	0.0101418513458717	0.010187137263986	0.0102582246266109	0.0100383588217903	0.00865547148970466	0.00814005521697962	0.0075017277374297	0.00674783148737881	0.00669907606376133
72049	60-64	2	0.0150229163393156	0.0150899976219617	0.0151952980671538	0.0148696156032624	0.0128211734716936	0.0120576967803834	0.0111121546577233	0.00999542366146294	0.00992320314664245
72049	65-69	2	0.0216298148598349	0.0217263980579918	0.0218780091228387	0.0214090964068349	0.0184597738251494	0.0173605297844071	0.0159991477177454	0.0143912911611288	0.0142873087638525
72049	70-74	2	0.0335311730376461	0.0336808975236853	0.0339159286850419	0.0331890063781553	0.0286168808023279	0.0269128001630331	0.0248023467567594	0.0223097978459477	0.0221486004333307
72049	75-79	2	0.0516102506962239	0.0518406989271797	0.0522024510652417	0.051083593207019	0.0440463064840649	0.0414234358512535	0.038175084614837	0.034338623056659	0.0340905080798083
72049	80-84	2	0.0869755803046314	0.0873639380592048	0.0879735744877505	0.0860880306224275	0.0742285226365481	0.0698083600327502	0.0643341168508847	0.0578687644590148	0.0574506316432508
72049	85+	2	0.186998202616093	0.187833181790432	0.189143903273747	0.18508995930476	0.159591923227622	0.150088540139532	0.138318874479419	0.124418320048385	0.12351932552563
72051	0-4	2	0.00327353521616167	0.00343770023954566	0.00339729024120426	0.00349950216030542	0.00306671992207277	0.00262356355232386	0.00249598832912158	0.00214306573466684	0.00214003645529161
72051	5-9	2	0.000206178755126641	0.000222109769769565	0.000218303193251882	0.000215073844380858	0.000190143707921854	0.000175187484998564	0.000152105224940271	0.000141442354404731	0.000138985918236831
72051	10-14	2	0.000258141054048493	0.000278087098234186	0.000273321156214989	0.000269277944989905	0.000238064784223321	0.000219339201911789	0.000190439605221659	0.000177089422205902	0.000174013900019081
72051	15-19	2	0.000951486252140192	0.00102500611132355	0.00100743908660456	0.000992536100105591	0.000877487041450132	0.000808466071044507	0.000701944443158094	0.000652736827588904	0.000641400678613438
72051	20-24	2	0.00181974930920026	0.00196035847258727	0.00192676073542852	0.00189825815021343	0.00167822292188613	0.00154621813452984	0.00134249192835515	0.00124838076028769	0.00122669989632682
72051	25-29	2	0.002239073421564	0.00241208306860673	0.00237074341065732	0.00233567306957528	0.00206493528882774	0.0019025125120658	0.00165184191031375	0.00153604477797752	0.00150936795456263
72051	30-34	2	0.00268904877770184	0.00289682752073407	0.00284718009473013	0.00280506186059635	0.00247991518251517	0.00228485104638923	0.0019838042238598	0.00184473613849122	0.00181269827809406
72051	35-39	2	0.00327043202332084	0.00352313315936798	0.00346275158918647	0.00341152717803607	0.00301608241068628	0.00277884453697817	0.00241271017446487	0.00224357495144977	0.00220461063320105
72051	40-44	2	0.00396794556419541	0.00427454192297915	0.00420128205096788	0.00413913275759751	0.00365934814608579	0.00337151244466461	0.00292728935660428	0.00272208114285522	0.00267480648050823
72051	45-49	2	0.00521503939775155	0.00561799665588836	0.00552171149352252	0.00544002867965304	0.00480945154507896	0.00443115151259342	0.00384731271114549	0.00357760900237037	0.00351547622172974
72051	50-54	2	0.00729254022270136	0.0078560229550417	0.00772138051188523	0.00760715691364991	0.00672537854637026	0.0061963765399746	0.0053799554748054	0.00500281057702469	0.0049159258437824
72051	55-59	2	0.0104452948000888	0.0112523864004541	0.0110595349289478	0.0108959297167461	0.00963293453165738	0.0088752305349526	0.00770584961778365	0.00716565518763746	0.00704120789256937
72051	60-64	2	0.0154724016211271	0.0166679300289615	0.0163822634431598	0.0161399189700097	0.014269070297912	0.0131466968578998	0.0114145162159225	0.0106143378368374	0.0104299967684717
72051	65-69	2	0.0222769794369288	0.0239982872172597	0.0235869887501659	0.0232380652016788	0.0205444395072227	0.0189284604697296	0.0164344847947919	0.0152823960342363	0.0150169845295681
72051	70-74	2	0.0345344254870949	0.0372028453500136	0.0365652379704903	0.0360243268521792	0.0318485905054913	0.0293434525469307	0.0254772195429838	0.0236912143316635	0.0232797636468073
72051	75-79	2	0.053154426512778	0.0572615808829858	0.0562801917371239	0.0554476362353893	0.0490204607959287	0.0451646253058915	0.039213827360609	0.0364648588973021	0.0358315596332893
72051	80-84	2	0.0895778832470651	0.0964994160784196	0.0948455393486033	0.0934424826953867	0.0826111584064267	0.0761131577779298	0.0660846470766634	0.0614519787844147	0.0603847193061703
72051	85+	2	0.192593182091043	0.207474550259677	0.203918698901538	0.200902107180092	0.17761467198244	0.163643912549956	0.142082531253933	0.132122269702435	0.129827649182476
72053	0-4	2	0.00381151744676681	0.00424639539763847	0.00431836157209151	0.0037365382030831	0.00311584665219113	0.00302210398466459	0.00286848423472926	0.00233815608938616	0.00233813589868437
72053	5-9	2	0.000240135161550032	0.000243893822013367	0.000247784052995457	0.000237606168793665	0.000209864898467532	0.000199922036605279	0.000181202566033011	0.00015938532930839	0.000157826265675554
72053	10-14	2	0.000300655347864942	0.000305361268695699	0.000310231944378868	0.000297488998850935	0.000262756223016893	0.000250307488024069	0.000226870224875569	0.000199554489569756	0.000197602497138007
72053	15-19	2	0.00110819063962046	0.00112553618701543	0.00114348908783841	0.00109651964351745	0.000968497582593208	0.000922612572950493	0.000836224729014802	0.00073554116350846	0.000728346293180052
72053	20-24	2	0.0021194516424307	0.00215262535216333	0.00218696069273233	0.00209712990856433	0.00185228342302389	0.00176452700828667	0.00159930736012968	0.00140674664832612	0.00139298618398724
72053	25-29	2	0.00260783620938454	0.00264865415730694	0.00269090127217499	0.00258037056178879	0.00227910428770858	0.00217112626856146	0.00196783536389729	0.00173090283522799	0.00171397147240249
72053	30-34	2	0.0031319201624329	0.0031809414397829	0.00323167889277682	0.00309893528117368	0.00273712489187608	0.00260744701092794	0.00236330158068169	0.00207875408418822	0.00205842004041329
72053	35-39	2	0.00380905402472621	0.003868673805564	0.00393038088572609	0.00376893760222022	0.00332890220242405	0.00317118719015842	0.00287425648852102	0.00252818869792832	0.00250345857230393
72053	40-44	2	0.00462144356201243	0.00469377849423692	0.00476864636982477	0.00457277111297483	0.00403888567883901	0.00384753325596123	0.00348727344463839	0.00306739676132493	0.00303739230803406
72053	45-49	2	0.00607392627101788	0.0061689953082377	0.00626739342227838	0.00600995607074237	0.0053082748129942	0.00505678196812776	0.00458329517285671	0.004031454322307	0.00399201970785105
72053	50-54	2	0.00849357882129863	0.00862652038181766	0.00876411660762596	0.00840412371659123	0.00742291587152842	0.00707123712884039	0.00640912910400082	0.00563745277983037	0.00558230831272229
72053	55-59	2	0.0121655732065612	0.0123559894648001	0.0125530722574384	0.012037444797168	0.0106320345394443	0.010128315901812	0.00917996170337736	0.0080746697144196	0.00799568469208073
72053	60-64	2	0.0180206141979922	0.018302673967058	0.0185946087678435	0.0178308205084379	0.0157490153966694	0.0150028653772332	0.0135980877270942	0.0119608423784869	0.0118438435103309
72053	65-69	2	0.0259458644213637	0.0263519702286102	0.0267722950070665	0.0256726033244046	0.0226752448673522	0.0216009470196484	0.0195783622357749	0.0172210762513492	0.0170526238947609
72053	70-74	2	0.0402220379134032	0.0408515938516495	0.0415031925782555	0.0397984174157348	0.0351518251176345	0.0334864169025647	0.0303509472197915	0.0266966093008118	0.0264354701696485
72053	75-79	2	0.0619086357810048	0.0628776291617344	0.0638805514784811	0.0612566100146342	0.0541047059276921	0.0515413580680558	0.0467153301004943	0.041090676243391	0.0406887302482566
72053	80-84	2	0.104330815794974	0.10596379882692	0.107653958952267	0.103231987606849	0.0911793211982053	0.0868594691052731	0.0787264656467787	0.0692475765533164	0.0685702043791654
72053	85+	2	0.224312107573874	0.227823046552182	0.231456908928949	0.221949629518514	0.196036300216295	0.186748578226902	0.169262549995245	0.148882876900969	0.1474264951592
72054	0-4	2	0.00404870186658619	0.00421916504436908	0.00410278092025655	0.00371510823042696	0.00307534869939146	0.00295203893822824	0.00286224727802268	0.00244837190207966	0.00203259629092368
72054	5-9	2	0.000229059400115937	0.0002377839913841	0.000238465865909113	0.000226157893505164	0.000193113870804562	0.000183195819122729	0.000158618565425418	0.000148556725652386	0.000144470938219713
72054	10-14	2	0.000286788220111682	0.000297711637512915	0.000298565359892608	0.00028315546275037	0.000241783491272393	0.000229365829185978	0.000198594457442104	0.000185996797602962	0.000180881281728508
72054	15-19	2	0.00105707770893724	0.00109734071602951	0.00110048738793552	0.00104368755365608	0.000891193792534791	0.000845423384273961	0.000732002420602211	0.000685568678333134	0.000666713246228855
72054	20-24	2	0.00202169637240149	0.00209870063509589	0.00210471856993641	0.00199608677543791	0.00170443728386221	0.0016169000448959	0.00139997861608271	0.00131117261947163	0.00127511089542688
72054	25-29	2	0.00248755529242337	0.00258230361428526	0.00258970822952983	0.00245604439429357	0.0020971902687486	0.00198948175563659	0.00172257533011878	0.00161330574447497	0.00156893428397927
72054	30-34	2	0.00298746709186049	0.00310125659571954	0.00311014930777011	0.00294962370408891	0.00251865236108707	0.00238929819615832	0.00206875271666618	0.00193752401305471	0.00188423537970182
72054	35-39	2	0.00363336975595215	0.00377176077035544	0.00378257596175809	0.0035873440168613	0.00306319488368063	0.00290587381772928	0.00251602506003404	0.00235642408555145	0.00229161448156942
72054	40-44	2	0.0044082900576387	0.00457619663476076	0.00458931833259666	0.00435244759095114	0.00371650859887399	0.00352563419424161	0.00305263904965323	0.00285899854606796	0.00278036635700386
72054	45-49	2	0.00579378027169115	0.00601445857006125	0.0060317041523082	0.00572038654723242	0.00488457702501783	0.004633712426182	0.00401205850880852	0.00375755836219402	0.00365421264822445
72054	50-54	2	0.00810183264879857	0.0084104224698948	0.00843453783008832	0.0079992005383934	0.00683043174154092	0.00647963098113115	0.00561033058807886	0.00525444569922791	0.00510993040981695
72054	55-59	2	0.011604464896152	0.0120464665160475	0.012081007926808	0.0114574633024596	0.00978340443499806	0.00928094273588499	0.00803582133657262	0.00752607860302792	0.00731908530656637
72054	60-64	2	0.0171894559105552	0.0178441839092647	0.0178953498527411	0.016971706738429	0.014491958228361	0.0137476705619731	0.0119032969543105	0.011148224785087	0.0108416105621535
72054	65-69	2	0.0247491723145858	0.0256918423412381	0.0257655113103598	0.0244356619815354	0.0208653495115537	0.0197937336556424	0.017138224709496	0.0160510805845872	0.0156096200089472
72054	70-74	2	0.0383668926269524	0.0398282451243895	0.0399424479638495	0.0378808767491303	0.0323460748413223	0.0306848245795635	0.0265681774663946	0.0248828507047157	0.0241984857768612
72054	75-79	2	0.0590532487455354	0.0613025176354281	0.0614782947875088	0.0583051843920305	0.0497861741503612	0.0472292269606726	0.0408929985593886	0.0382989913066145	0.0372456296519021
72054	80-84	2	0.0995188068498485	0.103309360323269	0.103605584029551	0.0982581325752149	0.0839015661622814	0.0795924996859728	0.0689144484455511	0.0645429289611881	0.0627677625051335
72054	85+	2	0.213966251675499	0.222115980722726	0.222752861756339	0.211255788534331	0.180389058497604	0.171124536448536	0.14816663525674	0.138767839370721	0.134951215186342
72055	0-4	2	0.00428207708090908	0.00450727904152649	0.00444793037233961	0.00405601231918624	0.00328758061723276	0.00300466380273124	0.00289438753690157	0.00281242254670922	0.00290515028479782
72055	5-9	2	0.000248818029903069	0.000258713111149182	0.00026091080315377	0.000256497720169159	0.00022027652244597	0.000205763658730661	0.000185114656118805	0.000179782176483139	0.0001744571583923
72055	10-14	2	0.000311526511175448	0.000323915385657054	0.000326666948195886	0.000321141684020229	0.000275791822153381	0.000257621336722007	0.000231768252724025	0.000225091876372017	0.000218424806408889
72055	15-19	2	0.00114826071905152	0.00119392524703083	0.00120406722609934	0.00118370152788187	0.00101654563642256	0.000949570723072748	0.000854278352490731	0.00082967008199132	0.000805095742717297
72055	20-24	2	0.00219608701472054	0.00228342190742145	0.002302818593455	0.00226386827787569	0.00194417691075184	0.00181608531926872	0.0016338354869326	0.00158677145312774	0.00153977214129555
72055	25-29	2	0.0027021304898323	0.00280959009482602	0.00283345645288432	0.00278553086625207	0.00239217313775873	0.00223456521223896	0.00201031976877995	0.00195241080764796	0.00189458137267677
72055	30-34	2	0.00324516434066013	0.00337421974299875	0.0034028824924552	0.00334532558108016	0.00287291659374931	0.00268363494315215	0.00241432374709858	0.00234477738759736	0.00227532626264509
72055	35-39	2	0.00394678197196443	0.00410373926223439	0.00413859889545926	0.0040685981694712	0.00349405253225339	0.00326384741877547	0.00293631000320952	0.00285172718923336	0.0027672606729823
72055	40-44	2	0.00478854654602982	0.00497897894470584	0.00502127310812087	0.00493634272368155	0.0042392587899936	0.00395995579558509	0.00356256173879179	0.0034599392521053	0.00335745765906048
72055	45-49	2	0.006293548146393	0.00654383200718907	0.00659941863186602	0.00648779476629085	0.00557162297974585	0.00520453757370601	0.00468224571846447	0.00454736971624355	0.00441267899291448
72055	50-54	2	0.00880069127434464	0.00915068052812234	0.00922841068465804	0.00907231844571341	0.00779117376749399	0.00727785376914882	0.00654749809290554	0.00635889193547953	0.00617054463303228
72055	55-59	2	0.0126054575249742	0.0131067566933417	0.0132180922551448	0.0129945180703934	0.0111595001665719	0.0104242575278437	0.00937815034752341	0.00910800511941685	0.0088382304574836
72055	60-64	2	0.0186722053292275	0.0194147703378084	0.0195796898983683	0.0192485141294982	0.016530339902226	0.0154412379867756	0.0138916597407979	0.013491499656749	0.013091888515634
72055	65-69	2	0.0268840159840278	0.027953152011625	0.0281906019319831	0.0277137804527037	0.0238001859625847	0.0222321111114664	0.0200010441584029	0.0194248960590962	0.0188495415920046
72055	70-74	2	0.0416763873479554	0.0433337902674082	0.0437018916097979	0.0429627109813466	0.0368957440879479	0.0344648684745566	0.0310062042000418	0.0301130383490482	0.0292211040155114
72055	75-79	2	0.0641471363189953	0.0666981595518501	0.067264728270312	0.0661270019022782	0.0567888972379217	0.0530473643826768	0.0477238867694	0.0463491508763841	0.0449763024137853
72055	80-84	2	0.1081032228201	0.112402301434453	0.113357100883367	0.11143975712869	0.0957028241439331	0.0893974526004594	0.0804261261002725	0.0781093692545485	0.0757957935632565
72055	85+	2	0.232422819251762	0.241665903386831	0.243718734871787	0.239596414065012	0.205761871768349	0.192205263674036	0.17291684042551	0.167935821018718	0.162961605711748
72057	0-4	2	0.00396313269321789	0.00390002678904112	0.00382095971796067	0.00382310373723193	0.00339965079744942	0.00315586641123945	0.0028311506458819	0.00236685850773395	0.00269290618629522
72057	5-9	2	0.00024494955514189	0.000248905227957689	0.000245939297540723	0.00023863552515302	0.000209955063042694	0.000196137242168238	0.000172482982068662	0.000158806732179796	0.000168156685361291
72057	10-14	2	0.000306683101459098	0.000311635699630584	0.000307922273710633	0.000298777766196908	0.000262869093205785	0.00024556881764149	0.00021595307260519	0.000198830066687319	0.000210536450627605
72057	15-19	2	0.00113040849138901	0.00114866332081693	0.00113497583843198	0.00110126991161587	0.000968913586044169	0.000905146196070774	0.000795984910171497	0.00073287097061064	0.000776019836948499
72057	20-24	2	0.00216194409629074	0.00219685690702515	0.00217067893089911	0.00210621502786461	0.00185307905102719	0.00173112193646279	0.00152234735872296	0.00140163984805139	0.0014841634439543
72057	25-29	2	0.00266012021509189	0.00270307788117459	0.00267086764233944	0.00259154929506734	0.00228008334136375	0.0021300235315896	0.00187314130272583	0.00172461925934277	0.00182615872319629
72057	30-34	2	0.00319471170773135	0.00324630240615503	0.00320761905324717	0.00311236051369514	0.00273830071522247	0.00255808409944274	0.002249577299168	0.00207120766966157	0.0021931530748182
72057	35-39	2	0.00388542162583606	0.00394816617592335	0.00390111915215929	0.00378526527023238	0.003330332176127	0.00311115197346723	0.00273594469519831	0.00251901067769216	0.00266732136293857
72057	40-44	2	0.00471409926284982	0.00479022559438436	0.00473314428295017	0.00459258121650835	0.00404062061178739	0.00377469392991351	0.00331946289806664	0.00305626142316114	0.00323620352799389
72057	45-49	2	0.00619570303211878	0.0062957553470876	0.00622073372537742	0.00603599254049068	0.00531055502258769	0.00496104963402336	0.00436274304955254	0.00401681934969871	0.00425331575061171
72057	50-54	2	0.00866386771360174	0.00880377791601295	0.0086988699114624	0.00844053320822047	0.00742610512728618	0.00693736831226525	0.0061007159228256	0.00561698761844418	0.00594769626060564
72057	55-59	2	0.0124094820489571	0.0126098795402073	0.0124596176492441	0.0120895959427975	0.0106366034578732	0.00993657244488839	0.00873821339109971	0.00804535657005304	0.00851903908780247
72057	60-64	2	0.0183819109990028	0.0186787565799179	0.0184561772312184	0.0179080718310476	0.015755784227094	0.0147188410430214	0.012943735985755	0.0119174210042075	0.0126190769700344
72057	65-69	2	0.0264660538984167	0.0268934483963328	0.0265729822490625	0.0257838285623515	0.022684991129577	0.0211920139094168	0.0186362365106514	0.0171585600695809	0.0181687951039386
72057	70-74	2	0.0410284498497579	0.0416910084058182	0.0411942121804958	0.039970843294865	0.0351669357655135	0.0328524785390917	0.0288904386571351	0.0265996976844147	0.0281657931450205
72057	75-79	2	0.063149842456479	0.0641696279693204	0.0634049709850824	0.0615219975027156	0.0541279600569448	0.0505656157636924	0.0444673554602413	0.0409415130889516	0.0433519972646325
72057	80-84	2	0.106422548126956	0.108141120563948	0.106852487048429	0.103679228464227	0.0912185129790446	0.0852151160782133	0.0749380973265151	0.0689962078494982	0.0730584507893472
72057	85+	2	0.228809346877949	0.232504310515075	0.22973373585252	0.222911184875349	0.196120545235062	0.183213193114417	0.161117519233908	0.148342429319666	0.157076279116778
72059	0-4	2	0.00376759853645375	0.00380241362146243	0.00350204766984827	0.00353451883196277	0.00320599339643941	0.00308786215510867	0.00269739215001955	0.00224396988986521	0.00252552278305413
72059	5-9	2	0.000227586271640166	0.000243614208345343	0.000230634484346584	0.000224458372446395	0.00020309540641616	0.000202418631450873	0.00017572209317261	0.000160227745894542	0.000162252718093898
72059	10-14	2	0.000284943805797917	0.000305011204154692	0.00028876023094331	0.000281027585868551	0.00025428062025251	0.000253433296508347	0.000220008534182079	0.000200609219717413	0.000203144537275835
72059	15-19	2	0.00105027894200816	0.00112424606120604	0.00106434595158496	0.0010358440204469	0.000937257129486087	0.000934134216540312	0.000810933138478016	0.000739428906290611	0.000748773924143374
72059	20-24	2	0.00200869349897172	0.00215015808041527	0.00203559684774433	0.00198108583859144	0.00179253507937606	0.00178656257717768	0.00155093635951347	0.00141418219922863	0.00143205480020799
72059	25-29	2	0.00247155616270855	0.00264561839017508	0.00250465878112048	0.00243758681483056	0.00220558844576553	0.00219823957630441	0.00190831816821829	0.00174005179832407	0.00176204277340931
72059	30-34	2	0.00296825268590149	0.00317729540170951	0.00300800782343457	0.00292745683277238	0.0026488349188252	0.00264000924709181	0.00229182351870473	0.00208974156858353	0.00211615199878453
72059	35-39	2	0.00361000107563939	0.00386423944678728	0.00365835099645058	0.00356038450432053	0.00322152340646631	0.00321078961173571	0.00278732472865613	0.00254155172252606	0.00257367231385684
72059	40-44	2	0.00437993726622136	0.00468839896287639	0.00443859864263752	0.00431973789766281	0.00390860500474981	0.00389558198594375	0.00338180115241764	0.00308360999413803	0.00312258114130987
72059	45-49	2	0.00575651646394965	0.00616192527497537	0.00583361455155257	0.0056773966516938	0.00513704795282514	0.00511993187474456	0.00444467365947343	0.00405276341804147	0.00410398286799837
72059	50-54	2	0.00804972363256125	0.00861663437062916	0.00815753501152184	0.00793908423594044	0.00718347821255148	0.0071595435645829	0.00621528480925479	0.00566725047833953	0.00573887408636406
72059	55-59	2	0.0115298275737149	0.0123418292369537	0.0116842498108575	0.0113713574028142	0.0102890824157928	0.0102547996379778	0.00890231310887813	0.00811734905547182	0.0082199375266414
72059	60-64	2	0.0170788962454308	0.0182816983465128	0.0173076399882375	0.0168441591969012	0.0152410079662602	0.0151902240697041	0.0131868128316268	0.0120240618281248	0.0121760235544385
72059	65-69	2	0.0245899892553174	0.0263217697194114	0.0249193331591239	0.0242520200950677	0.021943822141908	0.0218707051221231	0.018986215460565	0.0173120995344229	0.0175308922628786
72059	70-74	2	0.0381201205129962	0.0408047738191576	0.0386306755348709	0.037596189539854	0.0340179545653386	0.0339046049416607	0.0294329855814707	0.0268377182539253	0.0271768961161791
72059	75-79	2	0.0586734251268434	0.0628055633109461	0.0594592500736602	0.0578669989818663	0.0523594821437421	0.0521850217382348	0.045302430652294	0.0413078698838785	0.0418299159967645
72059	80-84	2	0.098878713260418	0.105842349717583	0.100203008921693	0.0975196792509208	0.0882381998074856	0.0879441984442328	0.0763453939791658	0.0696136022778698	0.0704933775246989
72059	85+	2	0.212590040833169	0.227561937208678	0.215437299954578	0.20966810071968	0.189712847392147	0.189080748027036	0.164143232201223	0.149669837467264	0.151561350246852
72061	0-4	2	0.00319021557816612	0.00317948541421462	0.0033114692178277	0.00316831168439053	0.0027200992376551	0.0025251073911673	0.00238884604208085	0.00200764348048795	0.00212876440231178
72061	5-9	2	0.000198561554165206	0.000198885388818926	0.000207642270341514	0.000198521109682727	0.000172249729048847	0.000164585359614066	0.000149910560131793	0.000134431951048623	0.000139565066208551
72061	10-14	2	0.000248604123549201	0.000249009574210377	0.000259973419306457	0.000248553498022247	0.0002156610570387	0.000206065063313405	0.000187691834604786	0.000168312222416912	0.000174739012576489
72061	15-19	2	0.000916334045125835	0.000917828507939484	0.000958240376700116	0.000916147456781136	0.000794908663665462	0.000759538624290113	0.000691816421770361	0.000620384784512066	0.000644073416681879
72061	20-24	2	0.00175251950475215	0.00175537750435927	0.00183266643714371	0.00175216224237131	0.00152028895287079	0.00145264265085607	0.00132312167889619	0.00118650630765498	0.00123181157305498
72061	25-29	2	0.00215635184726275	0.00215986822925764	0.00225496679024926	0.00215591214274116	0.00187060850460283	0.00178737442515186	0.00162800812308064	0.00145991248883052	0.00151565741351137
72061	30-34	2	0.00258970331596015	0.00259392642005488	0.00270813646580945	0.00258917520104674	0.0022465354872441	0.0021465743691431	0.00195518085387304	0.00175330396709417	0.00182025165339331
72061	35-39	2	0.00314960772951419	0.0031547437028707	0.00329364626588787	0.00314896495261687	0.00273224513895103	0.00261067209080426	0.00237789862915284	0.0021323750428131	0.00221379721141381
72061	40-44	2	0.00382135174196819	0.00382758300973282	0.00399611046991109	0.00382057169194472	0.0033149743792222	0.00316747226459693	0.0028850532367974	0.00258716479729944	0.00268595249793401
72061	45-49	2	0.00502237182051043	0.00503056178500976	0.0052520561202551	0.00502134672356917	0.0043568440658679	0.00416298302243681	0.00379180181551004	0.00340028947747237	0.00353012546821155
72061	50-54	2	0.00702311981685817	0.00703457251790557	0.00734430282365825	0.00702168606234022	0.0060924673046793	0.00582137827622885	0.00530233054731123	0.00475485253361508	0.0049364109122935
72061	55-59	2	0.0100593972407954	0.0100758009995223	0.0105194359010041	0.010057343954778	0.00872639921820725	0.00833811105005557	0.00759466534805724	0.00681049813013865	0.00707054885613562
72061	60-64	2	0.014900780251169	0.0149250780514723	0.0155822250708305	0.0148977378618519	0.0129262373623587	0.0123510734383299	0.0112498221488366	0.0100882507979883	0.0104734582569772
72061	65-69	2	0.0214539666897356	0.0214889501826729	0.0224351022792673	0.0214495852684418	0.0186110420986285	0.01778292899344	0.0161973599216347	0.0145249433424515	0.0150795596265949
72061	70-74	2	0.0332585675937309	0.0333127987957229	0.0347795502728969	0.0332517720130357	0.0288513796511538	0.0275676141054056	0.0251096196634099	0.0225169889607861	0.0233767713374695
72061	75-79	2	0.0511906581583325	0.0512741290760489	0.0535317114123714	0.0511801967180343	0.0444072353035273	0.0424312998418749	0.0386480226330099	0.0346575201589298	0.0359808698781854
72061	80-84	2	0.0862684658763294	0.0864091307698203	0.0902136939118227	0.0862508311560878	0.0748367727286721	0.0715068455035158	0.0651311220708296	0.0584061722090998	0.0606363347007388
72061	85+	2	0.185477908691209	0.185780346625933	0.193960188244701	0.185439991550955	0.160899676288137	0.153740308638764	0.140032444663329	0.125573748389032	0.130368598836414
72063	0-4	2	0.00350095476132223	0.00358075728233506	0.00359918588540197	0.0032154205863348	0.00273112352308257	0.00259146838961545	0.00230391761671325	0.00181274981021538	0.00199349527734541
72063	5-9	2	0.000215423720692939	0.00021885213302979	0.0002242654476181	0.000209613953153216	0.000180855195798901	0.000167775264296499	0.000154063193848987	0.000139408948654206	0.000138285528646642
72063	10-14	2	0.000269716003447044	0.00027400845677248	0.000280786073971472	0.000262442030797687	0.000226435327358738	0.00021005890398416	0.000192891039549771	0.000174543552912482	0.000173136997644797
72063	15-19	2	0.000994150850757705	0.0010099724963371	0.00103495426958891	0.000967339433644304	0.000834621709621118	0.000774259556631151	0.000710980246056434	0.000643352930007849	0.00063816848838795
72063	20-24	2	0.00190134654506657	0.00193160586795149	0.00197938428835208	0.00185006854778681	0.00159624143918777	0.00148079694526059	0.00135977315043998	0.00123043362663877	0.00122051813023632
72063	25-29	2	0.00233947320288617	0.00237670502181464	0.00243549293767399	0.00227637900038887	0.00196406270969623	0.00182201630418999	0.00167310528147908	0.00151396207942212	0.00150176169356949
72063	30-34	2	0.00280962576287259	0.00285433996024581	0.00292494217650495	0.00273385172591846	0.00235877066102125	0.00218817787344958	0.00200934078454818	0.00181821569229298	0.00180356347676909
72063	35-39	2	0.00341707835764711	0.00347145973732573	0.00355732628747773	0.00332492118307234	0.00286874599480128	0.00266127031382706	0.00244376791820278	0.00221132071375511	0.00219350096110531
72063	40-44	2	0.00414586827676348	0.00421184772065615	0.00431602768440702	0.00403405562750137	0.00348058801569833	0.00322886210300298	0.00296497112682521	0.00268294774338206	0.00266132733469166
72063	45-49	2	0.00544888165464205	0.0055355979644326	0.0056725208084645	0.00530192699479642	0.00457450885205419	0.00424366741884821	0.00389683742044049	0.00352617633435988	0.00349776066075425
72063	50-54	2	0.00761953772022108	0.00774079908476129	0.00793226719408749	0.00741404025295817	0.00639684262822342	0.00593420501221033	0.00544920918912464	0.00493088855903809	0.00489115299438727
72063	55-59	2	0.0109136613131866	0.0110873477102069	0.011361592963279	0.0106193233819514	0.00916236401877408	0.00849971583643547	0.0078050439853979	0.00706263957122186	0.00700572489092568
72063	60-64	2	0.0161661832177693	0.016423461908088	0.0168296961857364	0.0157301875810647	0.0135720237775658	0.0125904551597777	0.0115614513266075	0.0104617433868287	0.0103774365078923
72063	65-69	2	0.0232758772403828	0.0236463037175298	0.0242311956333898	0.0226481378420285	0.0195408393216149	0.0181275890343932	0.0166460398915767	0.0150626926601744	0.0149413092279125
72063	70-74	2	0.0360829460913601	0.0366571906676657	0.0375639070686048	0.0351098056090289	0.0302927810967761	0.0281019181975651	0.0258051778675822	0.0233506243952527	0.0231624512644118
72063	75-79	2	0.0555378648132039	0.0564217233866092	0.0578173146304175	0.0540400299675622	0.0466258021867331	0.0432536908298732	0.0397186113989233	0.0359406303390726	0.035650995695977
72063	80-84	2	0.0935945393722665	0.0950840494689361	0.097435951743765	0.0910703260014036	0.0785755845273096	0.072892774102143	0.0669353286171485	0.0605685273916494	0.0600804197228228
72063	85+	2	0.201229024459704	0.204431493461902	0.209488104070938	0.195801945340464	0.168938148374118	0.15672005526882	0.143911499557482	0.130222845000677	0.129173404061011
72065	0-4	2	0.00383424692145788	0.0037293220021861	0.00360782827142417	0.00352668168405117	0.00306203273832366	0.00289211625301853	0.00247799821886034	0.00164231513667504	0.0018695091319922
72065	5-9	2	0.000217548164934433	0.000219687806458821	0.000219601085883659	0.000219036111812291	0.000192145372018769	0.000179297964186575	0.000155445248159423	0.00013960010892565	0.000140729255854513
72065	10-14	2	0.000272375840878767	0.000275054722913745	0.000274946146956651	0.000274238797002476	0.00024057090535871	0.000224485614052279	0.000194621399261338	0.000174782887107981	0.000176196604043157
72065	15-19	2	0.0010039547286755	0.00101382884450429	0.00101342859972566	0.00101082144289835	0.000886724417878046	0.000827435322240111	0.000717358176863476	0.000644235063548625	0.000649445951509699
72065	20-24	2	0.00192009710171324	0.00193898140917736	0.00193821573629147	0.00193322940113144	0.00169588963857293	0.00158249737371162	0.00137197112203539	0.00123212075133972	0.00124208669813333
72065	25-29	2	0.00236254437403721	0.00238578015592768	0.00238483803366278	0.00237870270858387	0.00208667291665371	0.00194715160995301	0.00168811399025091	0.0015160379031387	0.0015283002850867
72065	30-34	2	0.00283733340005658	0.00286523889795033	0.00286410742258063	0.00285673898026517	0.00250602133959042	0.00233846119475012	0.00202736590399865	0.00182070870361214	0.00183543537478642
72065	35-39	2	0.00345077628244768	0.00348471490466683	0.00348333870752724	0.003474377162665	0.00304783292179997	0.00284404556716797	0.00246569027984691	0.00221435285453948	0.00223226369445265
72065	40-44	2	0.00418675337635761	0.00422792990970175	0.00422626008004393	0.00421538744660039	0.00369787039627993	0.00345061931434475	0.00299156890625339	0.00268662665543067	0.00270835741985805
72065	45-49	2	0.00550261634566051	0.00555673428412374	0.00555453952216137	0.00554024955979943	0.00486008104925924	0.00453512094875493	0.00393179450271662	0.00353101124417563	0.00355957189931798
72065	50-54	2	0.00769467794619785	0.00777035525609978	0.00776728599292814	0.0077473025861379	0.00679617726035914	0.00634176398293868	0.00549809190919647	0.00493764952823462	0.00497758764533476
72065	55-59	2	0.0110212870533591	0.0111296819865772	0.0111252859439381	0.0110966631490981	0.00973434076114967	0.00908347251847727	0.00787505947859015	0.00707232313181103	0.007129527309649
72065	60-64	2	0.0163256061728832	0.0164861692495431	0.0164796579405359	0.016437260610359	0.0144192809344952	0.0134551613541066	0.0116651635631382	0.0104760869899788	0.0105608222411939
72065	65-69	2	0.0235054128331691	0.023736589730454	0.0237272154130344	0.0236661731942533	0.0207607096749591	0.0193725819949934	0.01679536218758	0.0150833443019534	0.0152053453472169
72065	70-74	2	0.0364387774755742	0.0367971531478107	0.0367826201468592	0.0366879906382262	0.032183857445244	0.030031941842515	0.0260366610304169	0.0233826367544381	0.0235717668504277
72065	75-79	2	0.0560855485428336	0.0566371486475015	0.0566147798210391	0.056469130060281	0.0495364955051083	0.0462243296671056	0.0400749045906706	0.0359899027008519	0.0362809993971226
72065	80-84	2	0.0945175212498016	0.0954470948754273	0.0954093952760753	0.0951639393459862	0.0834807960814261	0.0778990068914326	0.0675357654569163	0.0606515661349043	0.0611421291887991
72065	85+	2	0.203213459711157	0.205212053704849	0.205130993776374	0.204603250822013	0.179484403301253	0.167483518459398	0.145202457285097	0.13040137720099	0.131456093732092
72067	0-4	2	0.00309449883881148	0.00315977030343592	0.00312071900538676	0.00297355783220304	0.00262934661770787	0.00238276224468371	0.00258551152282704	0.00214107679539942	0.00181408384757323
72067	5-9	2	0.000195797328747003	0.000196763129347771	0.000193606385751207	0.000184932689656142	0.00016676192150529	0.000156479840732483	0.000149127856880678	0.000130720987054058	0.000131323646577668
72067	10-14	2	0.000245143247002003	0.000246352438013527	0.000242400105795472	0.000231540423689168	0.000208790173105466	0.000195916740323319	0.000186711876114994	0.000163666003248018	0.000164420548413086
72067	15-19	2	0.000903577627348529	0.000908034539030297	0.000893466413618421	0.000853438425935773	0.000769583098448408	0.000722132724228536	0.000688204507880065	0.000603259243343863	0.000606040466827061
72067	20-24	2	0.00172812240444891	0.00173664623600643	0.00170878403158305	0.00163222903017609	0.00147185292624437	0.00138110261602688	0.00131621386758011	0.00115375319825002	0.00115907232455729
72067	25-29	2	0.00212633307041804	0.00213682104965885	0.00210253853515003	0.00200834293622933	0.00181101149358932	0.001699349548744	0.00161950864271122	0.00141961219934772	0.00142615698362825
72067	30-34	2	0.00255365174025251	0.00256624750455803	0.00252507542138846	0.00241194979445786	0.00217496161841544	0.00204085951972426	0.00194497328758924	0.00170490476225684	0.00171276485227579
72067	35-39	2	0.00310576151589724	0.00312108037721227	0.00307100665352801	0.00293342283264684	0.00264519685220552	0.00248210127693818	0.00236548405701059	0.00207351168223989	0.0020830712997094
72067	40-44	2	0.00376815397485596	0.00378673978693556	0.00372598634054224	0.00355905891626754	0.00320936054138689	0.00301148010655335	0.00286999091761448	0.00251574707776523	0.00252734553053318
72067	45-49	2	0.00495245450281163	0.00497688153127595	0.00489703359355494	0.00467764207179564	0.00421803636756049	0.00395796377626635	0.00377200563099251	0.0033064256436934	0.00332166943262547
72067	50-54	2	0.00692534986125549	0.00695950760265767	0.00684785043986452	0.00654106004087453	0.00589836265220363	0.00553468592546012	0.00527464827353149	0.00462359650769318	0.00464491269353303
72067	55-59	2	0.00991935821272068	0.00996828381014783	0.00980835460747085	0.00936893070375287	0.00844837777614789	0.00792747381988423	0.00755501527419723	0.00662249692348449	0.00665302861087318
72067	60-64	2	0.0146933420039705	0.0147658149371514	0.0145289149485471	0.0138780046895621	0.0125144086085904	0.0117428030659669	0.0111910877996793	0.00980976796042782	0.00985499409142904
72067	65-69	2	0.0211552970897288	0.0212596432561818	0.020918558345601	0.019981386545398	0.0180180969756594	0.0169071489425141	0.0161127933295808	0.0141239854406932	0.0141891018957257
72067	70-74	2	0.0327955608314927	0.0329573192638851	0.032428559139779	0.0309757291152513	0.0279321801237716	0.0262099539230452	0.024978521438432	0.0218954108352001	0.0219963556186657
72067	75-79	2	0.050478008716231	0.0507269795192793	0.0499131259096725	0.047676971944466	0.0429924282658387	0.040341628439343	0.0384462407679958	0.0337008028774223	0.0338561694872427
72067	80-84	2	0.0850674769251371	0.0854870488061797	0.0841155091458825	0.0803470553618283	0.0724524832983738	0.0679852570691299	0.0647910782002865	0.0567938799180421	0.0570557075759134
72067	85+	2	0.182895754625064	0.183797849053704	0.180849024647569	0.172746805415252	0.155773416125144	0.146168844985691	0.139301345371939	0.122107311661954	0.122670233228069
72069	0-4	2	0.00393321678663345	0.00371729689046701	0.00381716373540645	0.00349797315599812	0.00292937571078227	0.00280607739139749	0.00264163937819256	0.00230458838684763	0.00221157005289607
72069	5-9	2	0.000242428119556678	0.000225193793045251	0.000233563163566095	0.000225008509764756	0.000194538381236227	0.000185615068354809	0.000162874101911248	0.000150786692646665	0.000138905532981895
72069	10-14	2	0.000303526225899681	0.00028194835957532	0.000292427022640449	0.000281716393390254	0.000243567017365311	0.000232394794737379	0.000203922516654022	0.000188788776084305	0.000173913257067306
72069	15-19	2	0.00111877266076032	0.00103923815978471	0.00107786167638053	0.00103838310044122	0.000897767675268831	0.00085658781789749	0.000751641320724632	0.000695859656144697	0.0006410296632973
72069	20-24	2	0.0021396901949493	0.00198757757049316	0.00206144623340091	0.00198594196312205	0.00171701017405034	0.00163825246401892	0.00143753877248677	0.00133085450632319	0.00122599024237541
72069	25-29	2	0.00263273820051434	0.00244557445748378	0.00253646474870568	0.00244356203927287	0.00211266040885091	0.0020157544098703	0.0017687904376821	0.0016375229078725	0.00150849475302855
72069	30-34	2	0.00316182686266429	0.00293704961392453	0.00304620570805564	0.00293463287229489	0.00253723153666265	0.00242085081302823	0.00212425551224997	0.00196660796535995	0.00181164962476319
72069	35-39	2	0.00384542690962913	0.00357205146391059	0.00370480737102126	0.003569112023949	0.00308579089856738	0.00294424817285672	0.0025835277855375	0.00239179610627957	0.00220333533306935
72069	40-44	2	0.0046655746593356	0.00433389356761412	0.00449496327314921	0.00433032698277863	0.00374392380806391	0.00357219305309529	0.00313453869778966	0.00290191469939207	0.00267325921974404
72069	45-49	2	0.00613192746165072	0.00569600177329872	0.00590769423131094	0.00569131354666569	0.00492060844830152	0.00469490414835411	0.00411969855276534	0.00381396261466301	0.00351344254613733
72069	50-54	2	0.00857468652839189	0.00796510245356	0.00826112592464008	0.00795854541620259	0.00688081660468508	0.00656519921313107	0.00576085059280472	0.0053333195313472	0.00491308206933017
72069	55-59	2	0.0122817455479172	0.0114086231085997	0.0118326258248751	0.0113992324668695	0.0098555724032646	0.00940350442737748	0.00825141513962229	0.00763905157880122	0.00703713454607236
72069	60-64	2	0.0181926981118563	0.0168993599819024	0.017527426808048	0.0168854504118427	0.0145988588169912	0.0139292182488593	0.0122226510205164	0.0113155692482145	0.0104239623532724
72069	65-69	2	0.026193627967155	0.0243314956159542	0.0252357792767293	0.0243114702707385	0.0210192633180755	0.0200551242912797	0.0175980270470782	0.0162920200986241	0.0150082950285731
72069	70-74	2	0.0406061273827471	0.0377193943835826	0.0391212412805346	0.0376883514384064	0.0325846764323992	0.0310900386021083	0.0272809762133408	0.0252563631094377	0.0232662933905105
72069	75-79	2	0.0624998192578829	0.0580566374116385	0.0602143194707946	0.0580088548586036	0.05015342219318	0.0478529209849669	0.0419901179056841	0.0388738908981024	0.0358108257914018
72069	80-84	2	0.105327098241144	0.0978392681493289	0.101475472924391	0.0977587408490439	0.0845204653523927	0.0806435741124484	0.0707633575549887	0.065511769485244	0.0603497749102526
72069	85+	2	0.226454135041047	0.210355242868054	0.218173113855068	0.21018209864989	0.181719699303081	0.17338435314217	0.152141804016716	0.14085085721746	0.129752514482825
72071	0-4	2	0.00360390688821795	0.00371153561108886	0.00365056237339693	0.00330668318027972	0.00285570837827291	0.00265425579136467	0.00254080132459804	0.00215407239404996	0.00223788687410353
72071	5-9	2	0.000222420251800112	0.000228275009992279	0.000231438957240729	0.000225393593671692	0.000202495629367073	0.000184853570349343	0.000164427264752432	0.000148275927824254	0.00014606314485661
72071	10-14	2	0.00027847581719847	0.000285806114032185	0.000289767460506351	0.000282198528648471	0.000253529699267152	0.000231441376578742	0.000205867113970657	0.000185645230155867	0.000182874765243569
72071	15-19	2	0.00102643865232826	0.0010534575702439	0.00106805875657479	0.00104016025611097	0.000934489415903043	0.000853073629607075	0.00075880897254526	0.000684272793176614	0.000674061085092926
72071	20-24	2	0.00196309837454471	0.0020147727955814	0.00204269788126521	0.00198934090608678	0.00178724182715112	0.00163153151421821	0.00145124718852688	0.00130869426823563	0.00128916398586002
72071	25-29	2	0.00241545443195099	0.0024790361091762	0.00251339591753956	0.00244774388826142	0.00219907529661825	0.00200748462902856	0.00178565763766492	0.00161025627387849	0.00158622558186077
72071	30-34	2	0.00290087648191052	0.00297723592927626	0.00301850090304525	0.00293965512262986	0.0026410127714001	0.00241091901795713	0.00214451234333109	0.00193386164935288	0.00190500163948111
72071	35-39	2	0.00352805768567592	0.00362092621247459	0.00367111273139626	0.00357522011154522	0.00321201004840006	0.0029321690781953	0.00260816423877463	0.00235196983325876	0.00231687040758391
72071	40-44	2	0.00428051717929898	0.00439319222745622	0.00445408229471844	0.00433773785819476	0.00389706285323588	0.00355753770002934	0.00316442952439121	0.00285359438209564	0.00281100886380048
72071	45-49	2	0.00562584932916693	0.00577393722450915	0.00585396447704799	0.00570105379686553	0.00512187812080892	0.00467564283102416	0.00415898385464036	0.00375045563362945	0.00369448588314308
72071	50-54	2	0.00786700279590768	0.00807408456502653	0.00818599186155889	0.00797216576448787	0.00716226551805838	0.00653826498592017	0.00581578589915801	0.0052445133503775	0.00516624699048668
72071	55-59	2	0.0112681121050276	0.0115647210845915	0.0117250091025484	0.0114187406300123	0.0102586986647063	0.00936492614226641	0.00833010083375361	0.00751185215738053	0.00739974902111584
72071	60-64	2	0.0166912230083225	0.0171305836110226	0.0173680152459992	0.0169143467858669	0.0151960010410172	0.0138720725186038	0.0123392067454581	0.0111271518626344	0.0109610956581707
72071	65-69	2	0.0240318226515547	0.0246644087820508	0.0250062607009138	0.0243530755505914	0.0218790217656946	0.0199728458795872	0.0177658415943482	0.0160207398613362	0.0157816540607749
72071	70-74	2	0.037254834982175	0.0382354872352287	0.0387654347028628	0.0377528465646441	0.0339174969688083	0.0309624884241585	0.0275411267970392	0.0248358146701124	0.024465177748878
72071	75-79	2	0.0573415997896214	0.0588509905254686	0.0596666708172837	0.0581081249144782	0.0522048636552467	0.0476565998369104	0.0423905351690191	0.038226593541272	0.0376561131853144
72071	80-84	2	0.0966342669113417	0.0991779463404199	0.100552559575974	0.0979260373938151	0.0879776321094906	0.0803127208047323	0.0714381536638641	0.0644209228254115	0.0634595229048417
72071	85+	2	0.207764461632261	0.213233401715003	0.216188832009241	0.210541781101888	0.189152635593519	0.172673015215864	0.153592613371695	0.13850551675674	0.136438504288791
72073	0-4	2	0.00429571077651057	0.00428407447080801	0.00410858295445122	0.00377633625347571	0.00314494574544257	0.0029580462987604	0.00274248420439417	0.00213358765603863	0.00180032957079803
72073	5-9	2	0.000227795851261247	0.000233190986636378	0.000230480898531898	0.000218556489409412	0.000184433978057361	0.000169887777366051	0.000153162189007519	0.000139003172132662	0.000135999876323042
72073	10-14	2	0.000285206228750273	0.000291961077155816	0.000288567966530695	0.000273638293648943	0.000230916025390153	0.000212703798668774	0.000191762936788667	0.000174035496953355	0.000170275288391777
72073	15-19	2	0.00105124688957333	0.00107614479200233	0.00106363791001669	0.00100860812967147	0.000851137204498134	0.000784008344827673	0.000706822030709922	0.000641480230379273	0.000627620382785078
72073	20-24	2	0.00201054510990046	0.00205816300622845	0.00203424296269042	0.00192899649226923	0.00162782793450164	0.00149944183033167	0.00135182040258716	0.00122685204296512	0.0012003445818109
72073	25-29	2	0.00247383446675293	0.00253242486217307	0.00250299291734698	0.00237349459631192	0.00200292791860425	0.00184495768256616	0.00166332001861758	0.00150955519705712	0.00147693956753411
72073	30-34	2	0.0029709891064324	0.0030413540592346	0.00300600725303793	0.0028504842702449	0.00240544658468842	0.00221572987904125	0.00199758920749427	0.00181292316700021	0.00177375292076506
72073	35-39	2	0.00361332923306912	0.00369890721580367	0.00365591811196753	0.00346677026570572	0.00292551359234496	0.00269477943711192	0.00242947589154675	0.00220488411687476	0.00215724525596454
72073	40-44	2	0.00438397554877939	0.00448780523492647	0.00443564727448063	0.00420615810870484	0.00354946282079767	0.00326951784687655	0.00294763082923881	0.00267513853172015	0.00261733917583292
72073	45-49	2	0.00576182388497689	0.00589828660548783	0.00582973572377712	0.00552811960479509	0.00466503013697558	0.00429710066488516	0.003874046963044	0.0035159125287098	0.00343994739111791
72073	50-54	2	0.00805714581144956	0.00824797120584764	0.0081521117106006	0.00773034097540404	0.00652342479564055	0.00600892421233664	0.00541733967911856	0.00491653612922759	0.00481030896593957
72073	55-59	2	0.0115404586381489	0.0118137829808901	0.0116764814112708	0.011072368957194	0.00934367079007764	0.00860673760766778	0.0077593955594238	0.00704208149858711	0.00688992943203601
72073	60-64	2	0.0170946449541268	0.0174995151455708	0.0172961335092425	0.0164012743610457	0.0138405896189021	0.0127489843867852	0.0114938334378479	0.0104312903323454	0.010205910564063
72073	65-69	2	0.0246126630035195	0.0251955910646797	0.0249027656567853	0.0236143591558558	0.0199275161395125	0.0183558370383543	0.0165486839898332	0.0150188467273283	0.0146943469507904
72073	70-74	2	0.0381552705757186	0.0390589403166754	0.0386049932160294	0.0366076687273288	0.030892218217675	0.028455755547422	0.025654254994841	0.0232826532147259	0.0227796033384927
72073	75-79	2	0.0587275286094593	0.0601184271769938	0.0594197226189858	0.0563454975509915	0.0475484375844952	0.0437983049283108	0.0394863140916685	0.0358360119462456	0.0350617270771799
72073	80-84	2	0.0989698907731569	0.10131388122134	0.100136393294157	0.094955588944381	0.080130444225898	0.0738105772467891	0.0665438486189985	0.0603922210814116	0.0590873662058025
72073	85+	2	0.21278608214779	0.217825698760714	0.215294086934177	0.204155294629464	0.172281109121404	0.158693341871648	0.143069814499819	0.129843771994613	0.127038326052185
72075	0-4	2	0.00393466291732747	0.00390632841655483	0.0038975694514281	0.00369378792809601	0.00326394150136174	0.00294727695999233	0.00262753886440159	0.00200989247430493	0.00202969129995707
72075	5-9	2	0.000236162289442594	0.00023383451867814	0.000236455469310738	0.000231389078698092	0.000206385046467956	0.000180780958671623	0.000164039811500199	0.000140448289106061	0.000142030083931715
72075	10-14	2	0.000295681233596491	0.000292766773545871	0.00029604826861124	0.000289705039061114	0.000258399355973082	0.000226342359684019	0.000205382014607315	0.000175844828135021	0.000177825274645249
72075	15-19	2	0.00108985662132379	0.0010791140723393	0.00109120937898646	0.00106782874559222	0.000952438653411721	0.000834279033839249	0.000757020911040517	0.000648149228384499	0.000655449046607571
72075	20-24	2	0.00208438757378725	0.00206384187089175	0.00208697434483191	0.00204225786569934	0.00182157035585915	0.00159558625348048	0.00144782748832278	0.00123960670026715	0.00125356782493881
72075	25-29	2	0.00256469261099244	0.00253941234096508	0.00256787512159334	0.00251285464065018	0.00224131429419303	0.00196325661508835	0.00178145003721845	0.00152524891220177	0.0015424270339796
72075	30-34	2	0.00308010625852066	0.00304974569549507	0.0030839285807329	0.00301785088720781	0.00269174033543427	0.00235780269890222	0.00213945918100881	0.00183177076465361	0.00185240106490887
72075	35-39	2	0.00374603809810395	0.00370911324459313	0.00375068641535826	0.00367032226089578	0.00327370518404552	0.00286756886229538	0.00260201854881068	0.00222780651471741	0.00225289738725868
72075	40-44	2	0.00454498816702363	0.00450018761001847	0.00455062733316611	0.00445312338010859	0.00397191635807988	0.0034791596677289	0.0031569731642915	0.00270294967679058	0.00273339179978872
72075	45-49	2	0.00597344180489533	0.00591456083677954	0.00598085330993467	0.00585270447759285	0.00522025778034745	0.00457263136696191	0.0041491840504445	0.00355246461535662	0.00359247449246781
72075	50-54	2	0.00835306522611706	0.00827072825266874	0.00836342913269191	0.00818422911299296	0.00729983638567126	0.00639421710340237	0.00580208218711937	0.00496764927166227	0.00502359774920722
72075	55-59	2	0.0119643118158282	0.0118463790230038	0.0119791574179523	0.0117224850059593	0.0104557455087679	0.00915860305502132	0.00831047291026046	0.00711529255313873	0.00719542886460233
72075	60-64	2	0.0177224893810034	0.017547798844018	0.0177444812774259	0.0173642778376064	0.0154878828910342	0.0135664506788414	0.0123101326178877	0.0105397367488205	0.0106584405964199
72075	65-69	2	0.0255166270809873	0.0252651103309004	0.0255482924253204	0.0250008815684159	0.0222992706273106	0.0195328162283971	0.01772398198367	0.0151749867293151	0.0153458953268837
72075	70-74	2	0.0395566232171072	0.0391667108123316	0.0396057064934393	0.0387570949665729	0.0345689799222766	0.0302803414464021	0.0274762350115558	0.0235247043859966	0.0237896514054138
72075	75-79	2	0.0608844494230176	0.0602843022617022	0.0609599914247781	0.0596538355643836	0.053207608152559	0.0466066577071684	0.0422906546593998	0.0362085706609718	0.0366163636516553
72075	80-84	2	0.10260481693923	0.101593425621519	0.102732118276891	0.1005309252973	0.0896674936357421	0.0785433235760053	0.0712698345444264	0.0610200696698289	0.0617072991945798
72075	85+	2	0.220601188312322	0.218426699000965	0.220874900635392	0.216142312783937	0.192785848746705	0.168868784099777	0.153230722772008	0.131193657465201	0.132671197455571
72077	0-4	2	0.00376057345381429	0.00384794179048549	0.0038773523607983	0.00361583472721584	0.00316788264710924	0.00307056107195289	0.00267648425389258	0.0021943687555324	0.00221659854522444
72077	5-9	2	0.000235656784967276	0.00024035811112191	0.000240797841597174	0.000223884982155573	0.000197966956358642	0.000193912588051485	0.000172757738451032	0.000150501440899544	0.000152532758087207
72077	10-14	2	0.000295048324558904	0.000300934491250792	0.000301485043736	0.000280309716090254	0.000247859689216301	0.000242783511502055	0.000216297090931356	0.000188431632356338	0.000190974893167822
72077	15-19	2	0.00108752364939363	0.00110921958796802	0.00111124881873045	0.001033198108106	0.000913590099640206	0.000894879867020805	0.000797253048047751	0.000694543203711066	0.000703917492387158
72077	20-24	2	0.00207992528637381	0.00212141936950089	0.00212530018179368	0.00197602537922701	0.00174727103732848	0.00171148732182768	0.00152477275254523	0.00132833671526295	0.00134626531880106
72077	25-29	2	0.00255920166957163	0.00261025723649867	0.00261503223547408	0.0024313599440932	0.0021498939026807	0.00210586447921557	0.00187612563567755	0.00163442491675355	0.00165648474530492
72077	30-34	2	0.003073511927097	0.00313482787999471	0.00314056255727009	0.00291997865249783	0.00258194768835352	0.00252906977787404	0.00225316115636322	0.00196288728809717	0.00198938042705235
72077	35-39	2	0.00373801780972828	0.00381259026075334	0.00381956467356576	0.00355128962352494	0.00314017495372251	0.00307586456321318	0.00274030329655592	0.00238727088518343	0.00241949222399996
72077	40-44	2	0.00453525734331274	0.0046257341873546	0.0046341959869981	0.00430870366229173	0.0038099070711749	0.00373188066280896	0.0033247513291153	0.00289642443589231	0.0029355177591235
72077	45-49	2	0.00596065267202737	0.00607956571555134	0.006090686754306	0.00566289431013449	0.00500732991328003	0.00490478059476859	0.00436969373757561	0.00380674701491757	0.00385812687912907
72077	50-54	2	0.00833518092423981	0.00850146542717981	0.00851701654956829	0.00791880496844664	0.00700208521454295	0.006858683698569	0.00611043580829311	0.00532322955179794	0.00539507734671151
72077	55-59	2	0.0119386958618208	0.0121768702706655	0.0121991450610966	0.0113423112462667	0.010029268740618	0.00982387042817633	0.00875213553712551	0.00762459972334809	0.0077275091331322
72077	60-64	2	0.0176845456132729	0.0180373482693116	0.018070343655069	0.0168011338549357	0.0148561515478218	0.0145518978226454	0.0129643584594533	0.0112941624864967	0.0114466004467597
72077	65-69	2	0.0254619961221819	0.0259699578336515	0.0260174652436946	0.0241900734106541	0.0213897110115438	0.0209516508988662	0.0186659284027013	0.0162611998419582	0.0164806777712963
72077	70-74	2	0.0394719316754303	0.0402593863402917	0.0403330328737602	0.0375001572729306	0.0331589547848609	0.0324798611883824	0.0289364677245987	0.0252085843931117	0.0255488245176848
72077	75-79	2	0.0607540950695904	0.0619661201762353	0.0620794739631365	0.0577191920325286	0.0510373363445687	0.0499920980948411	0.0445382067304391	0.0388003514047265	0.039324034625807
72077	80-84	2	0.102385139209073	0.104427684855816	0.104618709273091	0.0972705928611993	0.0860100707486129	0.0842485935608244	0.075057491916833	0.0653878397520005	0.0662703682902629
72077	85+	2	0.220128887432166	0.224520387942604	0.224931089699965	0.209132564171217	0.184922354596893	0.181135170355015	0.161374223111482	0.140584397670693	0.142481840902801
72079	0-4	2	0.00349798954177579	0.0035507471025316	0.00352010507470731	0.00313334410063063	0.00271082425480038	0.00285186205366156	0.00272704395047441	0.00182462776968469	0.00203851392642771
72079	5-9	2	0.000220572972353752	0.000218138835642793	0.00022200743072294	0.000216561019481644	0.000189805276701862	0.000178876621858303	0.000163592483856974	0.000147156843661665	0.000140488468672748
72079	10-14	2	0.000276163002357913	0.000273115376080301	0.000277958961213343	0.000271139932718024	0.000237641059478612	0.000223958090274561	0.000204821955594185	0.000184244120188975	0.000175895133973796
72079	15-19	2	0.00101791392284165	0.00100668045971131	0.00102453352956289	0.000999399142139282	0.000875925120824524	0.000825490838615125	0.000754956653317732	0.000679108458161184	0.000648334722789089
72079	20-24	2	0.00194679434250796	0.00192530985648292	0.00195945435796836	0.00191138385047616	0.0016752355992678	0.00157877849286784	0.0014438794993702	0.00129881730776081	0.00123996142901942
72079	25-29	2	0.00239539348607024	0.00236895833529087	0.00241097073635775	0.00235182331021299	0.00206125957887463	0.00194257583346604	0.00177659226420667	0.00159810338181356	0.00152568531115589
72079	30-34	2	0.0028767837441209	0.00284503615957351	0.00289549169400966	0.00282445778500725	0.00247550088993704	0.00233296587369586	0.00213362527934073	0.00191926648125664	0.00183229485941005
72079	35-39	2	0.00349875621802508	0.00346014430898579	0.0035215084295286	0.00343511682349185	0.00301071400978577	0.00283736222660406	0.0025949233513852	0.00233421930315883	0.00222844420920911
72079	40-44	2	0.00424496611502484	0.00419811868043753	0.00427257026957508	0.00416775319941051	0.00365283440654775	0.00344251041137736	0.00314836459490293	0.00283205793526722	0.00270372329629749
72079	45-49	2	0.00557912514917897	0.00551755388401433	0.00561540482208311	0.00547764423745125	0.00480089057014626	0.00452446352867945	0.00413786986964428	0.0037221504600704	0.00355348128473186
72079	50-54	2	0.00780166553169271	0.00771556641649119	0.00785239757518599	0.00765975684866442	0.00671340669343756	0.00632686032182882	0.00578626071463275	0.00520493238204232	0.004969070751332
72079	55-59	2	0.0111745273393419	0.0110512060946018	0.0112471933977744	0.0109712692914206	0.00961578649227752	0.00906212556441684	0.00828781064987439	0.00745515919382876	0.0071173285252181
72079	60-64	2	0.0165525983696773	0.0163699258336985	0.0166602380331527	0.0162515170475291	0.0142436682704246	0.013423540072493	0.0122765628448719	0.0110431733229776	0.0105427520338091
72079	65-69	2	0.0238322317238357	0.0235692214294388	0.0239872100418757	0.0233987402334988	0.0205078638879304	0.0193270539097637	0.017675647430274	0.0158998274921707	0.0151793268826376
72079	70-74	2	0.0369454229519995	0.0365376946015123	0.0371856721581946	0.0362734099130825	0.031791889420336	0.0299613621472481	0.0274013045177668	0.0246483727930287	0.0235314311029365
72079	75-79	2	0.0568653615174253	0.0562377949836403	0.0572351426633563	0.0558310137966316	0.0489331847733839	0.0461156925368454	0.0421753232364278	0.0379380874102716	0.0362189163505734
72079	80-84	2	0.095831696816412	0.0947740934353232	0.0964548585913532	0.0940885634751249	0.082464075229493	0.0777159295357674	0.0710754694604574	0.0639347193726655	0.0610375047003988
72079	85+	2	0.206038948702088	0.20376509232907	0.207378751347638	0.202291195669383	0.177298451934415	0.167089893997149	0.152812852918857	0.137460180293054	0.131231137090916
72081	0-4	2	0.00404322844675407	0.00376186620841429	0.00362575531759276	0.00319253310737941	0.00281661656693697	0.00250037155259174	0.00254822563418733	0.00210945042493452	0.00199170352331373
72081	5-9	2	0.000219723888758013	0.000213697072545407	0.000216378032288039	0.00019936286154139	0.000183569813240981	0.000169212078358232	0.000149981338956211	0.000138669104843715	0.000132425541980795
72081	10-14	2	0.000275099912046325	0.000267554167458006	0.0002709108014642	0.000249607369720494	0.000229834084073285	0.000211857825862351	0.000187780442115956	0.000173617245664244	0.000165800139079872
72081	15-19	2	0.00101399566205878	0.000986182517444426	0.000998554786302127	0.000920031840561481	0.000847149336281525	0.000780890270290463	0.000692142967133838	0.000639938674473902	0.000611125406840268
72081	20-24	2	0.001939300904388	0.0018861069945719	0.00190976921773301	0.00175959131585696	0.00162020108110011	0.00149347845110957	0.00132374621148647	0.00122390381431963	0.00116879741136491
72081	25-29	2	0.00238617353492144	0.00232072203006354	0.00234983669953419	0.00216505335134243	0.00199354356186568	0.00183762014250299	0.00162877666004491	0.00150592757513545	0.00143812299650739
72081	30-34	2	0.00286571118623334	0.00278710625290136	0.00282207196649192	0.00260015353271258	0.00239417629119967	0.00220691777578702	0.00195610389695404	0.00180856653982767	0.00172713557448334
72081	35-39	2	0.00348528967359445	0.00338968985101201	0.00343221513757407	0.00316231687966797	0.00291180651247028	0.00268406199661825	0.00237902120783785	0.00219958560187975	0.00210054903168197
72081	40-44	2	0.00422862757408925	0.00411263808338581	0.00416423303201794	0.00383677127682537	0.00353283238771985	0.00325651468573416	0.00288641524114167	0.00266870988037549	0.00254855089041347
72081	45-49	2	0.00555765132767821	0.0054052072911851	0.00547301804995617	0.00504263748058343	0.00464317299333418	0.004280010752423	0.0037935918574478	0.00350746352823358	0.00334953955052753
72081	50-54	2	0.00777163707104713	0.0075584644920359	0.00765328858648018	0.00705145790467761	0.0064928598989914	0.0059850258478445	0.00530483357012628	0.00490472097619672	0.004683885335582
72081	55-59	2	0.0111315169968693	0.0108261847648766	0.0109620041611092	0.0100999867920061	0.00929989170105073	0.00857250739677595	0.00759825033580303	0.00702515833072533	0.00670884964403933
72081	60-64	2	0.0164888876070323	0.0160366059226743	0.0162377928620247	0.0149609043608903	0.0137757402473856	0.0126982793165591	0.0112551319409763	0.0104062224878666	0.00993768046943955
72081	65-69	2	0.0237405023227955	0.0230893126598156	0.0233789795776364	0.021540531559766	0.0198341466452818	0.0182828326755378	0.0162050042296984	0.0149827543637697	0.0143081531538759
72081	70-74	2	0.0368032201548021	0.0357937250660304	0.0362427746498919	0.0333927597679616	0.0307474726869597	0.0283425797715022	0.0251214711601672	0.0232267010063005	0.022180914542163
72081	75-79	2	0.0566464898747537	0.0550926991401745	0.0557838623169708	0.0513971999228862	0.0473256491070838	0.04362410723503	0.0386662659748725	0.0357498903413701	0.0341402404010837
72081	80-84	2	0.0954628401023005	0.0928443269188456	0.0940090977777574	0.0866165242833907	0.079754990868623	0.0735170137811677	0.0651618723778533	0.0602470791608885	0.0575344375524388
72081	85+	2	0.205245884400452	0.199616071600813	0.202120338077166	0.186226227280455	0.171473876777093	0.158062172062035	0.140098547983444	0.129531714835505	0.123699496720747
72083	0-4	2	0.00351676063983051	0.00364170083582999	0.00344039216537355	0.00316847640884754	0.00271923985937112	0.00257515211436496	0.00244337261384325	0.00186699866851433	0.00177407280981845
72083	5-9	2	0.000193379519816501	0.000200997734631029	0.000195781876411477	0.000192990228326427	0.000171207979083524	0.000159445561249013	0.000142032295414043	0.000130463736959183	0.000126253600699825
72083	10-14	2	0.000242116083113851	0.000251654289375557	0.000245123881901781	0.000241628681202666	0.000214356759306154	0.000199629904648852	0.00017782804386236	0.000163343925274674	0.000158072713695222
72083	15-19	2	0.000892419648726703	0.000927576900077253	0.0009035061352477	0.000890623152939868	0.000790101215656778	0.000735819206951633	0.000655459269570993	0.000602072116201225	0.000582642788795145
72083	20-24	2	0.00170678239762827	0.00177402172916889	0.00172798537282497	0.00170334615142501	0.00151109455377225	0.00140727850260491	0.00125358741004788	0.00115148274990196	0.00111432346589161
72083	25-29	2	0.00210007580465071	0.00218280895563156	0.00212616440275699	0.00209584766163335	0.00185929569344504	0.00173155721562487	0.00154245123898347	0.00141681858478869	0.001371096657545
72083	30-34	2	0.00252211770418537	0.00262147743507168	0.0025534493057962	0.00251703997470845	0.0022329493162795	0.0020795398938971	0.0018524300501329	0.00170154977230253	0.00164663928535459
72083	35-39	2	0.00306741002618164	0.00318825157513236	0.00310551528642413	0.0030612339564955	0.00271572170722323	0.00252914458226668	0.0022529326952198	0.0020694313607534	0.00200264914918834
72083	40-44	2	0.00372162304305433	0.00386823726980265	0.00376785496710631	0.00371412942573559	0.00329492679885498	0.00306855666452586	0.00273343473071111	0.00251079650160066	0.00242977100392371
72083	45-49	2	0.0048912994419824	0.00508399338835013	0.00495206160835628	0.00488145041616111	0.00433049565989923	0.00403297905384954	0.00359253084877975	0.00329991929831096	0.00319342812121575
72083	50-54	2	0.00683983244152566	0.00710928961965367	0.0069248002610351	0.00682605925111677	0.00605562221103025	0.00563958490621752	0.00502367650802653	0.00461449808703828	0.00446558441372226
72083	55-59	2	0.00979686947598168	0.0101828204062955	0.00991857186889091	0.00977714286064159	0.00867362510884845	0.00807772357833941	0.00719554198313364	0.0066094647701093	0.00639617181573804
72083	60-64	2	0.0145119014887238	0.0150836031422993	0.0146921775256252	0.0144826817401789	0.0128480638720675	0.0119653658872438	0.010658608149178	0.00979046406512652	0.00947451719433541
72083	65-69	2	0.0208940617335982	0.0217171913048684	0.0211536222808039	0.020851993723987	0.0184984904309435	0.0172275932639558	0.0153461367905677	0.014096192796933	0.0136412962681996
72083	70-74	2	0.0323905842657981	0.0336666215435409	0.0327929600694236	0.0323253677073888	0.0286768987916607	0.0267067158968033	0.0237900282890633	0.0218523251505323	0.0211471310726648
72083	75-79	2	0.0498546858657411	0.0518187223469047	0.0504740055851868	0.0497543019596017	0.0441386822019363	0.0411062343831099	0.0366169492948117	0.0336344920487303	0.0325490713419097
72083	80-84	2	0.0840170308448163	0.087326899479566	0.0850607279591316	0.0838478513091834	0.0743841920876623	0.069273796404231	0.0617082853944204	0.056682133654369	0.0548529424067099
72083	85+	2	0.180637305156658	0.187753555518873	0.182881260780527	0.18027355780504	0.159926619773719	0.148939231892937	0.13267332120001	0.12186705998514	0.117934273955687
72085	0-4	2	0.00348123243855606	0.00342716102426292	0.00343400483563655	0.00321651338392187	0.00286447043750427	0.00248163384674919	0.00239655839005086	0.00189775540363202	0.00208467836291331
72085	5-9	2	0.000213307997495817	0.00021353568032561	0.000215231049097103	0.000200476009064791	0.000182144057389983	0.000165183008974482	0.000160705794765399	0.000141655488284442	0.00013900632625152
72085	10-14	2	0.000267067070132839	0.000267352111145051	0.000269474754093714	0.000251001068181189	0.000228049010527782	0.000206813334148772	0.000201207755414384	0.000177356280652715	0.000174039455485776
72085	15-19	2	0.000984387100965721	0.000985437677106426	0.000993261527599631	0.000925168820719614	0.00084056963128326	0.000762296611665783	0.000741635094454427	0.000653720477549352	0.000641494902887406
72085	20-24	2	0.00188267312566836	0.00188468229967675	0.00189964556474703	0.00176941577959672	0.00160761699232882	0.00145791733672155	0.00141840157934518	0.00125026194723736	0.00122688005770703
72085	25-29	2	0.00231649684298999	0.00231896892569018	0.00233738015662236	0.0021771415646468	0.00197805961683919	0.00179386454577117	0.00174524336680067	0.00153835937465243	0.00150958958959322
72085	30-34	2	0.00278203179645631	0.00278500070214515	0.00280711200563483	0.00261467109780861	0.00237558060915021	0.00215436868534825	0.00209597617092245	0.00184751596223461	0.00181296445718525
72085	35-39	2	0.00338351861593457	0.00338712908020833	0.00341402078221406	0.00317997334317593	0.00288919053591762	0.00262015169106921	0.0025491344411257	0.00224695590728813	0.00220493450394067
72085	40-44	2	0.00410515110166788	0.00410953120218573	0.00414215814229119	0.00385819336011591	0.00350539283615451	0.0031789737503191	0.00309281013599119	0.00272618330010334	0.00267519941832617
72085	45-49	2	0.00539536747322447	0.00540112423246219	0.00544400538623494	0.00507079236627922	0.00460710945447645	0.00417809954306095	0.0040648553277521	0.00358300045060805	0.00351599270324976
72085	50-54	2	0.00754470519907883	0.00755275551120655	0.00761271877217534	0.00709082908625791	0.0064424299939684	0.00584251657527284	0.00568415973076243	0.00501034982376261	0.00491664824331195
72085	55-59	2	0.0108064767078355	0.0108180079668873	0.0109038954436566	0.0101563797141129	0.00922765994337568	0.00836838768279909	0.00814156877062163	0.00717645351422325	0.00704224249641325
72085	60-64	2	0.0160074128912037	0.0160244944905624	0.0161517182490914	0.0150444386377917	0.0136687453252673	0.0123959213703827	0.012059938678392	0.0106303327948688	0.0104315289648075
72085	65-69	2	0.0230472819657543	0.0230718759054715	0.0232550516564526	0.0216608045657769	0.0196800978202931	0.0178475021221566	0.017363756004844	0.015305425744355	0.015019189779741
72085	70-74	2	0.0357285703153325	0.0357666945169878	0.0360506588752022	0.0335792121430087	0.030508663559852	0.0276677195357319	0.0269178029403682	0.0237269160270663	0.0232831832739136
72085	75-79	2	0.054992416710603	0.0550510940503551	0.0554881636506612	0.0516841830262742	0.0469580819945038	0.0425853825643724	0.0414311325407383	0.0365198086265262	0.0358368224673914
72085	80-84	2	0.0926753404276947	0.0927742190571308	0.0935107793991583	0.0871001602193627	0.0791355531872516	0.0717665168175115	0.0698213342788082	0.0615445827086245	0.0603935879780678
72085	85+	2	0.199252738166166	0.199465338128078	0.201048945495074	0.187266044827656	0.170142079776136	0.154298592748207	0.150116445922956	0.132321371863503	0.129846716921206
72087	0-4	2	0.00378769567367729	0.00356253072131197	0.00372251000256516	0.00356830718423927	0.00307483074780416	0.00306715155358851	0.00259440969110608	0.00159515677934601	0.00203686587925245
72087	5-9	2	0.000221996945220032	0.000220201867819601	0.000237098141354344	0.00022879857070689	0.000196376934074887	0.000189563212799828	0.000164783489002441	0.000142786087122931	0.00014223324236889
72087	10-14	2	0.000277945852844489	0.000275698364182339	0.000296852957978247	0.000286461669828063	0.000245868939861523	0.000237337986702761	0.000206313129835055	0.000178771815237355	0.000178079631378233
72087	15-19	2	0.00102448525625585	0.00101620117314614	0.00109417563290202	0.00105587407012291	0.000906252531221417	0.000874808179437515	0.000760452961917904	0.000658937877932776	0.000656386576691177
72087	20-24	2	0.00195936229713053	0.00194351852492997	0.00209264733759916	0.00201939424678074	0.00173323790299486	0.00167309963041644	0.00145439132469259	0.00126024033976483	0.0012553608774526
72087	25-29	2	0.0024108574960469	0.00239136252509885	0.00257485502289772	0.00248472248369111	0.00213262743342177	0.00205863142885957	0.0017895263391373	0.00155063704431761	0.00154463320605344
72087	30-34	2	0.00289535590664784	0.00287194297283452	0.00309231108045172	0.00298406511812391	0.00256121124319227	0.00247234468573898	0.00214915868290707	0.00186226112203653	0.00185505062165227
72087	35-39	2	0.00352134410971737	0.00349286909474228	0.00376088147422148	0.00362923175480254	0.00311495502800954	0.00300687532421928	0.00261381525615137	0.00226488912559432	0.00225611987440244
72087	40-44	2	0.00427237202007477	0.00423782378327947	0.00456299743025766	0.00440326938390195	0.00377930823064946	0.00364817732241665	0.00317128602210794	0.00274794138647772	0.00273730173171444
72087	45-49	2	0.00561514469332456	0.00556973831649438	0.00599711149239199	0.0057871819333261	0.00496711445709256	0.00479476977269987	0.00416799512238547	0.00361159682324045	0.00359761326291639
72087	50-54	2	0.00785203400482691	0.00778853954710335	0.00838616422733032	0.00809260519977934	0.00694584958577813	0.00670484819652544	0.0058283867738401	0.00505033757574033	0.00503078358039458
72087	55-59	2	0.0112466725505696	0.0111557283877075	0.0120117222800526	0.0115912502759857	0.00994872130768671	0.00960352815698178	0.00834814934273218	0.00723372881327538	0.00720572105742538
72087	60-64	2	0.0166594661914215	0.0165247523941071	0.017792718819077	0.0171698827484093	0.0147368390559643	0.0142255105776047	0.0123659430024747	0.0107151740585803	0.0106736860513207
72087	65-69	2	0.0239861012520733	0.02379214237414	0.0256177460287119	0.0247209951088371	0.0212179273972708	0.0204817232690016	0.0178043385775132	0.0154275806011402	0.0153678460029348
72087	70-74	2	0.0371839557690316	0.0368832734208932	0.0397133769473281	0.0383232082590474	0.0328926514068756	0.0317513661552533	0.0276008069810199	0.0239162849034054	0.0238236814573258
72087	75-79	2	0.0572325065357124	0.0567697040607327	0.0611257194115827	0.0589860084838015	0.0506274484741918	0.0488708184007364	0.0424823933761944	0.0368112801469457	0.03666874440013
72087	80-84	2	0.0964504223976012	0.0956704831273923	0.103011404827551	0.0994054832547162	0.0853193156801768	0.082358973832889	0.0715929603453774	0.0620357818015517	0.061795572967395
72087	85+	2	0.207369178232908	0.205692307511163	0.221475353001221	0.213722585564857	0.18343721517879	0.177072458490412	0.153925436542966	0.133377434842789	0.132860977528492
72089	0-4	2	0.00363257628986382	0.00385934899150852	0.0037229700694323	0.00342236180598707	0.0028772031822153	0.00302748053236214	0.0027924445975942	0.00203984181884275	0.00222504913547863
72089	5-9	2	0.000225554051172517	0.000239304757896945	0.000239877224539667	0.000240704324158403	0.000203737679044827	0.000188965812858572	0.000168366900142771	0.000146527952656049	0.000148633560493271
72089	10-14	2	0.000282399417453806	0.0002996156631641	0.0003003324046144	0.000301367986422873	0.000255084786176945	0.000236590008954729	0.000210799635879931	0.000183456715605882	0.000186092992525609
72089	15-19	2	0.00104090060112669	0.00110435853916583	0.00110700030419977	0.00111081748925688	0.000940221331081699	0.000872051075109646	0.000776989811228405	0.000676205973486443	0.000685923164159107
72089	20-24	2	0.00199075713453278	0.00211212254530536	0.00211717483999229	0.00212447523348223	0.00179820426299321	0.00166782652463438	0.00148601865101121	0.00129326614785128	0.00131185057463266
72089	25-29	2	0.00244948653747204	0.00259881818965599	0.00260503466545897	0.00261401724947362	0.00221256383857072	0.0020521431172781	0.00182844152327617	0.00159127306139039	0.00161413984099241
72089	30-34	2	0.00294174790193947	0.0031210901318206	0.00312855593722018	0.00313934375532637	0.0026572121082364	0.00246455236823964	0.00219589435606408	0.00191106349352748	0.00193852569814407
72089	35-39	2	0.00357776566887037	0.00379588223606191	0.00380496204473566	0.00381808221076103	0.00323171171352268	0.0029973981315753	0.00267065515453448	0.00232424263176749	0.00235764250126094
72089	40-44	2	0.00434082675965719	0.00460546261450318	0.00461647883261041	0.00463239738718437	0.00392096655193574	0.00363667874947327	0.00324024847982055	0.00281995347109697	0.00286047677847765
72089	45-49	2	0.00570511393677711	0.0060529226643116	0.00606740100057602	0.00608832243683468	0.00515329457627536	0.00477965744441851	0.00425863213565621	0.00370624171216884	0.00375950111690119
72089	50-54	2	0.00797784386847561	0.00846420860092049	0.00848445429854685	0.00851370925070077	0.00720619692728232	0.00668371518699921	0.00595513064489778	0.00518268604352423	0.00525716216669795
72089	55-59	2	0.0114268728576428	0.0121235061539102	0.0121525048161284	0.0121944074757345	0.0103216227004432	0.00957325822492469	0.00852968776600193	0.00742329511818452	0.00752996921529565
72089	60-64	2	0.0169263924853099	0.0179583017097563	0.0180012571685717	0.0180633268078384	0.0152892092761415	0.0141806704266587	0.0126348505503594	0.0109959744292885	0.0111539882275101
72089	65-69	2	0.024370416762334	0.0258561468293661	0.0259179944095856	0.0260073633698548	0.0220132221045406	0.0204171615307297	0.0181915059498792	0.0158318707012325	0.0160593782574599
72089	70-74	2	0.0377797334557808	0.0400829545177828	0.0401788318719701	0.0403173738294463	0.0341255397887938	0.031651279552455	0.028201003759163	0.0245430254106155	0.0248957120813184
72089	75-79	2	0.0581495120220662	0.0616945623157575	0.0618421330829046	0.0620553741592264	0.0525250781147411	0.0487167695372068	0.0434062007595496	0.0377759417754132	0.0383187814954813
72089	80-84	2	0.0979957928096097	0.103970047058791	0.104218735836456	0.104578092517713	0.0885172692920048	0.082099362716559	0.073149795474856	0.0636614639915704	0.0645762776732573
72089	85+	2	0.210691758982796	0.22353646555435	0.224071149149521	0.224843770164567	0.190312870128014	0.176514315253419	0.15727266513582	0.136872690417098	0.138839537415752
72091	0-4	2	0.00387496380076846	0.00387209434111204	0.00384934759721387	0.00374706725946144	0.00318839106917901	0.00286069520886557	0.00266153672504306	0.00214616513652933	0.00227329093270808
72091	5-9	2	0.000242031518842851	0.000243706367226125	0.000242308071924518	0.000233935411482661	0.000200640318314878	0.000185212008804072	0.000170320284200328	0.000144589858994272	0.000148973999260693
72091	10-14	2	0.000303029668909102	0.000305126603890156	0.000303375895298103	0.000292893116051527	0.000251206802958366	0.000231890151397023	0.000213245328325027	0.000181030178402103	0.000186519235198892
72091	15-19	2	0.00111694231319152	0.00112467142519481	0.00111821838983465	0.00107957966737283	0.000925927359094145	0.000854727745074332	0.000786004475986483	0.000667262001846521	0.000687494286278877
72091	20-24	2	0.00213618940185362	0.00215097150900198	0.00213862974916335	0.00206473177970243	0.00177086653184423	0.00163469501509872	0.00150325948710192	0.00127616048449732	0.00131485536839462
72091	25-29	2	0.00262843085750922	0.0026466191124268	0.00263143339586505	0.00254050713585006	0.00217892669281014	0.00201137709857083	0.00184965510430697	0.0015702257578867	0.0016178370258806
72091	30-34	2	0.00315665385686935	0.00317849725822378	0.00316025974961175	0.00305106056342313	0.00261681504789664	0.00241559382749178	0.0022213711590637	0.00188578636032312	0.00194296590061847
72091	35-39	2	0.00383913524093775	0.00386570112588588	0.00384352045152801	0.00371071183815877	0.00318258065933574	0.00293785463803984	0.00270164027892338	0.0022935005892451	0.00236304271923695
72091	40-44	2	0.0046579409802525	0.00469017255492697	0.00466326100970497	0.00450212699600912	0.00386135668975224	0.00356443583374062	0.0032778420906576	0.00278265489027977	0.00286702878918371
72091	45-49	2	0.00612189438311192	0.00616425596266063	0.0061288862221002	0.00591710900247794	0.00507494971550665	0.00468470892965136	0.00430804098808424	0.00365722049636534	0.00376811242297371
72091	50-54	2	0.00856065606515196	0.00861989331497818	0.00857043327470773	0.0082742905392813	0.00709664253595877	0.00655094246454535	0.00602422222705767	0.00511413621685652	0.00526920393260589
72091	55-59	2	0.0122616496716501	0.012346497255378	0.0122756546042678	0.0118514816578406	0.0101647049138134	0.00938308415212371	0.00862864921272079	0.00732510939495023	0.0075472169073941
72091	60-64	2	0.0181629304095559	0.0182886135256009	0.0181836758697404	0.0175553572482826	0.0150567701616035	0.0138989704246429	0.0127814408863611	0.0108505338134279	0.0111795369243519
72091	65-69	2	0.026150769161715	0.0263317261707521	0.0261806389898268	0.025275994888939	0.0216785588943336	0.0200115729641925	0.0184025654025576	0.0156224683980102	0.0160961626684903
72091	70-74	2	0.0405396878447714	0.0408202114352059	0.0405859908239565	0.0391835844740071	0.0336067343975231	0.0310225235451746	0.0285281936016766	0.0242184032824806	0.0249527378839097
72091	75-79	2	0.0623975531590867	0.0628293233638778	0.0624688178874086	0.0603102772761433	0.0517265474157442	0.047749003753724	0.043909799762652	0.0372762909224407	0.0384065529776894
72091	80-84	2	0.105154755964995	0.105882388272538	0.105274846151656	0.101637185703413	0.0871715521056728	0.080468443326466	0.0739984754408324	0.0628194305875636	0.0647241900736179
72091	85+	2	0.22608359601676	0.227648026649996	0.226341806206448	0.218520793649879	0.187419563150706	0.173007824779597	0.159097334515923	0.135062297849523	0.139157538460608
72093	0-4	2	0.00380553735422622	0.00334447972577308	0.00325178098402054	0.00335106072220417	0.00301881713965837	0.00280914355555716	0.00202235350990191	0.0012118250418906	0.00209824219755744
72093	5-9	2	0.00021407784285255	0.000205616436108373	0.000210112928708695	0.000204478319845442	0.000176850882646177	0.000160857965921264	0.000147395743809876	0.000132871799738921	0.000132912249608327
72093	10-14	2	0.000268030951865742	0.000257437017178966	0.000263066749616052	0.000256012077090064	0.000221421814826726	0.00020139825618922	0.000184543217181881	0.000166358873832175	0.000166409515620758
72093	15-19	2	0.000987940074156827	0.0009488914039444	0.000969642195376658	0.000943639189661955	0.000816142327125591	0.000742337018857639	0.000680210789434888	0.000613184841395652	0.000613371549781204
72093	20-24	2	0.00188946855421556	0.00181478638463729	0.00185447287567609	0.00180474117960145	0.00156089907598638	0.00141974399361943	0.00130092553186195	0.00117273618892371	0.00117309324282163
72093	25-29	2	0.00232485826523262	0.00223296695832732	0.00228179840270677	0.00222060714062586	0.00192057665384784	0.00174689508580047	0.00160069742513223	0.00144296944193991	0.00144340873954642
72093	30-34	2	0.00279207387781333	0.00268171558128003	0.00274036044594021	0.00266687183890339	0.00230654565668242	0.00209796017958449	0.00192238174710088	0.00173295603299296	0.00173348362037054
72093	35-39	2	0.0033957316756324	0.00326151321090015	0.00333283716907953	0.00324345990175665	0.00280522972979256	0.00255154727663308	0.00233800812709232	0.00210762771658892	0.00210826951316043
72093	40-44	2	0.00411996891615774	0.00395712420857163	0.00404365993586472	0.00393522041275739	0.00340352504603242	0.00309573740368642	0.00283665498012678	0.00255713938343125	0.00255791798211664
72093	45-49	2	0.00541484218034644	0.00520081673401137	0.00531454987058894	0.00517202837948194	0.00447322531043153	0.00406870240991374	0.00372819232438319	0.00336082724330619	0.00336185064072396
72093	50-54	2	0.00757193815900455	0.00727265208479594	0.00743169254405775	0.00723239453734376	0.00625521114068075	0.00568953957281812	0.00521338134499053	0.00469967000414506	0.00470110104363997
72093	55-59	2	0.0108454827577232	0.0104168080819601	0.0106446063319457	0.0103591471421227	0.00895950124148299	0.00814927464320627	0.00746726087493318	0.00673145855006984	0.0067335082317642
72093	60-64	2	0.0160651904581206	0.0154302043723321	0.0157676376047128	0.0153447925858983	0.0132715262296977	0.0120713531854035	0.011061099677466	0.00997117065912344	0.00997420647813919
72093	65-69	2	0.0231304682413173	0.022216222868591	0.0227020556458373	0.0220932496772794	0.0191081857369094	0.0173801917864912	0.0159256390687961	0.014356371711033	0.0143607424133499
72093	70-74	2	0.035857530319337	0.034440237950563	0.0351933895603397	0.0342496024297783	0.0296220698668328	0.0269432823151242	0.0246883928098369	0.0222556657780136	0.0222624405459286
72093	75-79	2	0.0551909075874168	0.0530094478086887	0.0541686764553197	0.0527160261256828	0.0455934590991325	0.0414703469024531	0.037999683952668	0.0342553003425012	0.0342657231121007
72093	80-84	2	0.0930098416015567	0.0893335595651711	0.0912871328911014	0.0888390648672843	0.0768358398701021	0.0698874160632913	0.0640385246456181	0.0577283429058159	0.0577459092839432
72093	85+	2	0.199971929503991	0.192067895573372	0.196268093290525	0.191004714270386	0.165197681907429	0.150258509240909	0.137683352952578	0.124116420553605	0.124154177087993
72095	0-4	2	0.00360258570946724	0.00367163447382526	0.00357795900827187	0.00317104254697079	0.00253226026072468	0.00247686115827747	0.0026424531550195	0.00206901933985624	0.00217527725562112
72095	5-9	2	0.000220310538103463	0.000215196300219813	0.000213288467736721	0.000212975447935275	0.000185634718955524	0.00017287616493969	0.000162804836839529	0.000143523802233659	0.000148720159951516
72095	10-14	2	0.000275834412572189	0.000269431228900909	0.000267042568757795	0.000266650683342853	0.000232419396154836	0.000216445353274006	0.000203835805658887	0.000179695453230836	0.000186201435602969
72095	15-19	2	0.00101670279442937	0.000993100945148101	0.000984296428397286	0.000982852121553737	0.000856678467638665	0.000797799427685544	0.000751321835649881	0.000662342446447851	0.00068632310569373
72095	20-24	2	0.00194447834691783	0.00189933871322765	0.00188249957382793	0.00187973721075775	0.00163842579478259	0.00152581775900393	0.00143692786268449	0.00126675177556148	0.00131261561906626
72095	25-29	2	0.00239254394835327	0.00233700265811798	0.00231628322228799	0.00231288436084272	0.002015967739218	0.0018774114009081	0.00176803878756723	0.00155864901464158	0.00161508122003428
72095	30-34	2	0.00287336195019554	0.00280665886816648	0.00278177555754183	0.00277769362078979	0.00242110703981022	0.00225470570024725	0.00212335291475135	0.0018718832042556	0.00193965631930785
72095	35-39	2	0.00349459455964403	0.00341346978629442	0.00338320644163805	0.00337824186371386	0.00294455977563785	0.00274218179389622	0.00258243001018884	0.00227659149109392	0.00235901758475131
72095	40-44	2	0.0042399169380289	0.00414148961583449	0.00410477165165261	0.00409874840025468	0.0035725712017722	0.00332703019785282	0.00313320678760138	0.00276213938251441	0.00286214521113556
72095	45-49	2	0.00557248902012227	0.00544312671495448	0.00539486841529801	0.00538695184706778	0.00469540126633349	0.00437268861297688	0.00411794797589581	0.00363025717464792	0.0037616939744906
72095	50-54	2	0.00779238560827028	0.00761148985555476	0.00754400675869242	0.00753293578003668	0.00656589414820874	0.00611462357935752	0.00575840260351632	0.00507643149791589	0.00526022853744091
72095	55-59	2	0.0111612353845364	0.0109021343892715	0.010805477106249	0.010789620247317	0.00940450059408371	0.00875813345735085	0.0082479089077051	0.00727110403817076	0.00753436087683524
72095	60-64	2	0.016532908285729	0.0161491078964834	0.0160059317185549	0.0159824432419213	0.0139306943324972	0.0129732427183194	0.0122174572892617	0.0107705361168427	0.011160493050467
72095	65-69	2	0.0238038824798583	0.0232512916381921	0.0230451492872521	0.0230113323699741	0.020057248758102	0.0186787217699205	0.0175905486383479	0.0155072887106359	0.0160687437846402
72095	70-74	2	0.0369014735789223	0.036044828227509	0.0357252599188271	0.0356728378483372	0.031093332555976	0.0289562992237442	0.0272693819321682	0.024039848308605	0.0249102322673214
72095	75-79	2	0.0567977149827082	0.0554791857628551	0.0549873139009602	0.0549066291570195	0.0478579859000506	0.0445687283354451	0.0419722720795119	0.0370014645038244	0.0383411281610585
72095	80-84	2	0.0957177037935372	0.0934956639617216	0.0926667366423682	0.0925307546945297	0.0806521075231409	0.0751089276001316	0.070733286793271	0.0623562887300736	0.0646139414783072
72095	85+	2	0.20579382713553	0.20101643148983	0.199234226968597	0.198941852521424	0.173402666863895	0.16148478328952	0.152077126970944	0.134066533910563	0.138920504236588
72097	0-4	2	0.00366052251111232	0.00364356947491016	0.00362094471418797	0.00338081808754134	0.00288633862067858	0.00284937734945916	0.00265640288016226	0.00203227077614621	0.00221530923374936
72097	5-9	2	0.00023750835746555	0.000234810122679863	0.000235042207334284	0.00022582648165946	0.000195310157078	0.000189108616321943	0.000173336933000961	0.000145092775160521	0.000147748019341291
72097	10-14	2	0.000297366527718797	0.000293988247554568	0.000294278820568689	0.000282740510455448	0.000244533296934144	0.000236768803573405	0.000217022251296288	0.000181659845992792	0.000184984277047473
72097	15-19	2	0.00109606807194207	0.00108361598205288	0.00108468699233164	0.00104215772831295	0.000901329163548436	0.000872709902074911	0.000799925800732986	0.000669582938185533	0.000681836553855955
72097	20-24	2	0.00209626636201582	0.00207245113642157	0.00207449931558222	0.00199316056086533	0.00172382119635352	0.00166908602411479	0.00152988406962384	0.00128059918893387	0.00130403467220887
72097	25-29	2	0.00257930921610872	0.00255000627104195	0.00255252643126634	0.00245244478058759	0.00212104159054901	0.0020536936530149	0.00188241532402328	0.00157568748643579	0.00160452308434933
72097	30-34	2	0.0030976604939868	0.00306246878221388	0.00306549544894535	0.00294530084898894	0.00254729713477583	0.00246641465991155	0.00226071524570393	0.00189234581019865	0.00192697635437179
72097	35-39	2	0.00376738722178239	0.00372458667268201	0.00372826760808338	0.00358208646599896	0.00309803277992228	0.00299966322774567	0.00274949083596269	0.00230147839711124	0.00234359623762681
72097	40-44	2	0.00457089038733521	0.00451896113210343	0.00452342699154656	0.00434606850576983	0.00375877653794988	0.00363942685691218	0.00333589810073405	0.00279233416373105	0.00284343483520044
72097	45-49	2	0.0060074843338546	0.00593923416397626	0.00594510350539584	0.00571200245138718	0.00494012929660107	0.00478326893824429	0.00438434349743411	0.00366994190499692	0.00373710313913907
72097	50-54	2	0.00840066890083128	0.00830523016556823	0.00831343732422676	0.00798747578132557	0.0069081136469188	0.00668876533282031	0.00613092108165212	0.00513192546412469	0.00522584156261163
72097	55-59	2	0.0120324953165848	0.0118957963076132	0.0119075519447998	0.0114406690435915	0.00989466999024321	0.00958049134425371	0.00878147665200145	0.00735058928903441	0.00748510782645453
72097	60-64	2	0.0178234886053321	0.0176209996905596	0.0176384132571291	0.0169468290400029	0.0146567726388294	0.0141913848873454	0.0130078201803899	0.0108882761675718	0.0110875356215566
72097	65-69	2	0.0256620442628976	0.0253705033998746	0.0253955757316906	0.0243998417856727	0.0211026459322764	0.0204325870566173	0.0187285031987111	0.0156768088088013	0.0159636999960056
72097	70-74	2	0.0397820524756901	0.0393300951467541	0.0393689621202603	0.037825346571045	0.032713937641476	0.0316751917483906	0.0290334712293333	0.0243026426498199	0.02474738957052
72097	75-79	2	0.061231422760569	0.0605357786816136	0.0605956004900743	0.0582197120302756	0.0503523750097593	0.0487535671065133	0.0446875058538531	0.0374059485696982	0.0380904851469611
72097	80-84	2	0.103189548129449	0.102017218125878	0.102118028320172	0.0981140861204094	0.0848557467420119	0.0821613765472269	0.0753090936196952	0.0630379310304671	0.064191537286114
72097	85+	2	0.221858385018185	0.219337869347155	0.21955460840056	0.210946088785443	0.1824405525268	0.17664763433255	0.16191516948115	0.135532069061878	0.138012318747555
72099	0-4	2	0.00374124342735973	0.00352137054415272	0.00343223873165909	0.00338745407071909	0.00296487762233609	0.0025811840658826	0.00232414099293581	0.00197887327068438	0.00200211261881297
72099	5-9	2	0.000213840400481258	0.000205267974273445	0.000202262891150527	0.000199467884233018	0.00017744415727718	0.000159931931797418	0.000147741169474555	0.000136090127040651	0.000130442206238047
72099	10-14	2	0.000267733641767023	0.000257000719728454	0.000253238277023227	0.000249738873947411	0.000222164612516615	0.00020023884445062	0.000184975697894767	0.000170388301460915	0.000163316955099737
72099	15-19	2	0.000986844242949519	0.000947283353267202	0.000933415177654218	0.000920516658770992	0.000818880300975411	0.000738063641485993	0.00068180498569401	0.000628037082059248	0.000601972628675432
72099	20-24	2	0.0018873728708857	0.00181171100128941	0.0017851874223553	0.00176051845086585	0.00156613546468544	0.00141157098565714	0.00130397449047659	0.00120114162846892	0.00115129239817257
72099	25-29	2	0.0023222796451834	0.00222918284133895	0.00219654740149974	0.00216619405552114	0.00192701956598442	0.00173683868717081	0.00160444889609287	0.00147792031301821	0.00141658430582724
72099	30-34	2	0.00278897693035675	0.00267717095839749	0.00263797691630896	0.00260152354408162	0.00231428329367407	0.00208588270998059	0.00192688704443451	0.00177493077672559	0.00170126840140559
72099	35-39	2	0.00339196534489204	0.00325598616916815	0.00320831802847536	0.00316398320213612	0.00281464043531889	0.00253685875013916	0.00234348759128379	0.00215867759677825	0.00206908926510772
72099	40-44	2	0.00411539939073621	0.00395041849174566	0.00389258362624503	0.00383879310743033	0.00341494291242873	0.00307791616993195	0.00284330314885973	0.00261907714178563	0.00251038139873231
72099	45-49	2	0.00540883681587116	0.00519200354714864	0.0051159914782968	0.00504529490255548	0.00448823188267429	0.00404528016258811	0.00373692993427415	0.0034422315779622	0.0032993736774078
72099	50-54	2	0.00756353996476958	0.00726032782650548	0.00715403487319999	0.00705517450254662	0.00627619581300687	0.00565678669034993	0.0052255996633666	0.00481350293634432	0.00461373521191839
72099	55-59	2	0.0108334546281508	0.010399156680489	0.0102469109153908	0.0101053107824995	0.0089895584111057	0.00810236206047455	0.00748476180264303	0.00689450468050421	0.00660837198826
72099	60-64	2	0.0160473739693203	0.0154040578896335	0.0151785397277523	0.0149687905555297	0.0133160499867927	0.0120018631450869	0.0110870239266464	0.0102126880491481	0.00978884514491485
72099	65-69	2	0.0231048163610591	0.0221785779263611	0.0218538805690869	0.0215518877137326	0.0191722915867044	0.0172801416230236	0.0159629650450656	0.0147041060291564	0.0140938621561076
72099	70-74	2	0.0358177644020414	0.0343818794253673	0.0338785227524973	0.0334103647065054	0.0297214460077902	0.0267881797311064	0.0247462555502011	0.0227947332647187	0.0218487142518646
72099	75-79	2	0.0551297034825885	0.0529196258021124	0.0521448719835964	0.0514242967697722	0.0457464183403661	0.0412316202058116	0.0380887467714273	0.0350850179190295	0.0336289284982038
72099	80-84	2	0.0929066966019855	0.0891821884955306	0.087876540955604	0.0866621952540847	0.0770936141166881	0.069485104650438	0.064188619281472	0.0591266183817426	0.0566727590070686
72099	85+	2	0.199750154860838	0.19174243907719	0.188935285077658	0.186324425361759	0.16575190206465	0.149393542409008	0.138006052607068	0.127122725367604	0.121846902094439
72101	0-4	2	0.00351469253233064	0.00331585322394773	0.0032322927052956	0.00332519129417728	0.00294272262910207	0.00262285042949755	0.00235966962058514	0.00233710222232283	0.00199824827671601
72101	5-9	2	0.000207082780886806	0.000207600344249412	0.000206221515568116	0.000205485193202198	0.00018093773083903	0.000165410763334977	0.000151632518602393	0.000135787647071939	0.000131299583818116
72101	10-14	2	0.000259272920871402	0.000259920929959989	0.000258194599372366	0.000257272708808547	0.000226538655399406	0.00020709848009657	0.00018984776903712	0.000170009585577563	0.000164390410527508
72101	15-19	2	0.00095565851746403	0.000958046984101227	0.000951683792623088	0.000948285879476583	0.000835002752946912	0.000763347752294972	0.00069976306089927	0.000626641153496993	0.000605929280469955
72101	20-24	2	0.00182772899435765	0.00183229674805443	0.00182012676718943	0.00181362816081883	0.00159697032733191	0.00145992777838286	0.0013383199146181	0.00119847184405488	0.00115885962559239
72101	25-29	2	0.00224889209181045	0.00225451218360773	0.00223953779611127	0.00223154177233918	0.00196495968196626	0.00179633837023329	0.00164670860486169	0.00147463532410841	0.00142589524811013
72101	30-34	2	0.00270084121537731	0.00270759070278394	0.0026896069207058	0.00268000393572943	0.0023598481282905	0.00215733988185385	0.00197763960255844	0.00177098570058597	0.00171245051021369
72101	35-39	2	0.00328477419195616	0.00329298286455028	0.00327111075926734	0.00325943136870317	0.00287005649869545	0.00262376517101493	0.00240521304138722	0.00215387961064496	0.00208268902356973
72101	40-44	2	0.00398534667167109	0.0039953059815899	0.0039687689170811	0.00395459845791718	0.00348217810479696	0.0031833579328099	0.00291819327744161	0.00261325588857779	0.00252688178206432
72101	45-49	2	0.00523790938042825	0.00525099878574561	0.00521612127173824	0.00519749711870017	0.00457659869880978	0.00418386148115249	0.00383535754061224	0.0034345807419107	0.00332106003671082
72101	50-54	2	0.00732452038517653	0.00734282451577928	0.00729405292783726	0.00726800928524233	0.00639976524792128	0.00585057423875499	0.00536323748112258	0.00480280419927723	0.00464406058410973
72101	55-59	2	0.0104911010458364	0.0105173187599256	0.0104474621480264	0.0104101593825456	0.00916655010701284	0.00837992922284087	0.00768190406933725	0.00687918048320239	0.00665180772693503
72101	60-64	2	0.0155402525657802	0.0155790886597206	0.0154756117473424	0.0154203560600902	0.013578223961416	0.0124130179283913	0.0113790473861243	0.0101899889149079	0.00985318565538571
72101	65-69	2	0.0223746699669742	0.0224305862365803	0.0222816022158999	0.0222020467224917	0.0195497666508224	0.0178721174169785	0.0163834172158706	0.0146714250980542	0.0141864991335478
72101	70-74	2	0.0346858685656367	0.0347725493182194	0.0345415891237702	0.0344182601804462	0.0303066188556756	0.0277058776270475	0.025398052691774	0.0227440702025844	0.0219923240871963
72101	75-79	2	0.0533875213128629	0.0535209332143923	0.053165444606857	0.05297562224791	0.04664710086304	0.0426441150687675	0.0390919739640731	0.0350070380616068	0.0338499676874461
72101	80-84	2	0.0899706996292192	0.0901955296125989	0.0895964438624993	0.089276543361566	0.0786114745204985	0.0718654911489146	0.0658792914784039	0.0589952012640662	0.0570452618434877
72101	85+	2	0.193437750321195	0.193921149480921	0.192633109019437	0.191945311306367	0.169015326665742	0.154511404224811	0.141641018983087	0.126840174816178	0.122647783426179
72103	0-4	2	0.0038379127621214	0.00395948891344341	0.00399115872285381	0.00381608656528885	0.0032297095725406	0.00303477049539278	0.00248057194498447	0.00190060854618967	0.00237728305835599
72103	5-9	2	0.000231301780666485	0.000234842211684832	0.000237699574906381	0.000236207246530708	0.000205826143144926	0.000195427975592065	0.000172625907080381	0.000156608501625755	0.000153851783094632
72103	10-14	2	0.00028959573968089	0.000294028430121129	0.000297605918956086	0.000295737504287601	0.000257699590249324	0.000244680816708742	0.00021613203865732	0.000196077836639839	0.000192626343482123
72103	15-19	2	0.00106742572911814	0.00108376427999754	0.00109695060567564	0.00109006383246932	0.000949859257543168	0.00090187318687	0.000796644658786248	0.000722726570145939	0.000710004609502614
72103	20-24	2	0.00204148727211767	0.0020727351974975	0.00209795435662932	0.00208478304303771	0.00181663703546072	0.00172486224503917	0.00152360913189154	0.00138223835055775	0.00135790713280601
72103	25-29	2	0.00251190641108659	0.00255035476285987	0.00258138515321986	0.00256517877721469	0.00223524404314295	0.00212232147280334	0.00187469389039723	0.00170074708038709	0.00167080918356302
72103	30-34	2	0.0030167119655944	0.00306288713563755	0.0031001536234689	0.00308069045957176	0.00268445028849688	0.00254883414960033	0.00225144175968945	0.00204253796200612	0.00200658359775664
72103	35-39	2	0.00366893742035247	0.00372509560816396	0.00377041913321265	0.00374674795446748	0.00326483904226861	0.003099902138331	0.00273821229994724	0.00248414239264773	0.00244041480532291
72103	40-44	2	0.00445144349842579	0.00451957872886524	0.00457456865675925	0.00454584894586133	0.00396115920271543	0.00376104481945475	0.00332221424425042	0.0030139566241562	0.00296090265173948
72103	45-49	2	0.00585049659439451	0.00594004611620861	0.00601231875235467	0.00597457238457777	0.00520611935322172	0.00494311074287339	0.00436635923739715	0.00396121849343995	0.00389149007603367
72103	50-54	2	0.00818114223490085	0.00830636571428167	0.00840742920970689	0.00835464524098493	0.00728006567999358	0.00691228315527065	0.0061057727827343	0.00553923744658122	0.00544173129212273
72103	55-59	2	0.0117180620197019	0.0118974235762004	0.0120421798028653	0.0119665759374583	0.0104274267228303	0.00990064175846119	0.00874545612943732	0.00793399301179933	0.00779433256239377
72103	60-64	2	0.0173577242739105	0.0176234094975507	0.017837834381352	0.0177258442246045	0.0154459345387482	0.0146656172212363	0.0129544640659658	0.0117524603309475	0.0115455845914762
72103	65-69	2	0.0249914421499086	0.0253739728594254	0.0256827003027669	0.0255214599843153	0.0222388731891222	0.021115382027203	0.0186516815219379	0.0169210504894737	0.0166231930137963
72103	70-74	2	0.0387424637189626	0.0393354710999701	0.03981406857501	0.0395641102518659	0.0344753499531972	0.0327336811727469	0.0289143818241304	0.0262315025299379	0.0257697542232065
72103	75-79	2	0.0596313191873404	0.0605440548190186	0.0612806971490427	0.0608959701425292	0.0530634947913397	0.050382770244814	0.0445042114883854	0.0403747986204509	0.0396640818157699
72103	80-84	2	0.100492987917848	0.102031161558026	0.103272574234746	0.102624210481466	0.0894246226700538	0.0849069685937293	0.0750002006105523	0.0680411578567905	0.0668434294050713
72103	85+	2	0.216060742493903	0.219367847375181	0.222036897121321	0.220642897084302	0.192263675771528	0.182550682506715	0.16125105393353	0.146289062540254	0.143713936256344
72105	0-4	2	0.00338917124638765	0.00336389130665305	0.00333650721896844	0.00323164286615086	0.00268817969671883	0.00248905134875218	0.00237342609655126	0.00195392225078632	0.00198512097997219
72105	5-9	2	0.000189757325965828	0.000196413817406403	0.000202678981671411	0.000204855807096723	0.000177152822629167	0.00016745240711575	0.000146452595373824	0.000129923838818106	0.000132842282375564
72105	10-14	2	0.000237580981766842	0.000245915094551642	0.000253759253607779	0.000256484707885468	0.000221799858342692	0.000209654684614043	0.000183362373582176	0.000162667950242694	0.000166321916673053
72105	15-19	2	0.000875703442286069	0.000906422489217075	0.000935335525097916	0.000945381401844909	0.000817535874306026	0.000772769769461265	0.000675858380511921	0.000599580437300491	0.000613048726915252
72105	20-24	2	0.0016748118670865	0.00173356291417956	0.00178886000892113	0.00180807316927876	0.00156356427529474	0.00147794768317032	0.0012926013349349	0.00114671726251007	0.00117247581035385
72105	25-29	2	0.00206073829313102	0.00213302715456367	0.00220106633392372	0.00222470695167095	0.00192385604819756	0.00181851069438746	0.00159045512887994	0.00141095492489564	0.00144264900601639
72105	30-34	2	0.00247487487619981	0.00256169133642469	0.00264340398376104	0.00267179542191193	0.00231048395410081	0.0021839679854371	0.00191008107676372	0.00169450773604202	0.00173257116532051
72105	35-39	2	0.00300995296062617	0.0031155393480451	0.00321491844235261	0.00324944804965942	0.00281001961274046	0.00265615056162854	0.00232304819728267	0.00206086681146369	0.00210715986941649
72105	40-44	2	0.00365191194015429	0.00378001748259748	0.0039005918959232	0.00394248583966229	0.0034093365134169	0.00322265024663167	0.00281850442469078	0.00250040551918066	0.0025565717302105
72105	45-49	2	0.00479967870497706	0.0049680468013186	0.00512651673007019	0.00518157750047025	0.00448086344876424	0.00423550295828095	0.00370433713252975	0.0032862623965029	0.00336008143709403
72105	50-54	2	0.00671171300865132	0.00694715390794775	0.00716875300427521	0.00724574763511265	0.00626589197417597	0.00592278788429765	0.00518002277148278	0.00459540069616994	0.00469862691943834
72105	55-59	2	0.00961336075578987	0.0099505891292277	0.0102679915301845	0.0103782732099166	0.00897479972718959	0.00848336245572151	0.00741948078091022	0.00658211097150709	0.00672996436204807
72105	60-64	2	0.014240074324227	0.0147396041174397	0.0152097662373038	0.0153731248387744	0.0132941888512398	0.0125662316549984	0.0109903248375954	0.00974994580976818	0.00996895749939559
72105	65-69	2	0.0205026887571125	0.021221906205466	0.0218988407622365	0.0221340435073917	0.0191408160550387	0.0180927124778726	0.0158237391094456	0.0140378557775195	0.0143531856035247
72105	70-74	2	0.031783867130696	0.0328988167723499	0.0339482196138399	0.0343128381595521	0.0296726509168694	0.0280478504063554	0.0245304222621998	0.0217618912994583	0.0222507246501685
72105	75-79	2	0.0489208428510116	0.0506369382319247	0.0522521484718513	0.0528133604867618	0.0456713153333432	0.0431704700405255	0.0377565428960434	0.0334952969435536	0.0342476912802629
72105	80-84	2	0.0824432834423336	0.0853353105064884	0.0880573203702866	0.0890030902175547	0.0769670398732015	0.0727525213943784	0.0636287690837553	0.0564475569621181	0.0577155187886737
72105	85+	2	0.17725372215973	0.183471623349442	0.189323970242793	0.191357371683456	0.16547976766112	0.156418521965496	0.136802374891221	0.121362714301527	0.124088839499676
72107	0-4	2	0.00334779556441214	0.00311325646010834	0.00323156297222205	0.00311446824484707	0.00277926764704814	0.00280347734545444	0.00239101538563821	0.00223028849733859	0.00197304150526971
72107	5-9	2	0.000204135963360578	0.000201845436273552	0.000215079811659727	0.000202452594109092	0.000176677295911462	0.000171887821703848	0.000149856388676729	0.000139017938113645	0.000132968791785402
72107	10-14	2	0.0002555834203025	0.000252715619983039	0.000269285425663516	0.000253475812735147	0.000221204475826063	0.000215207930053178	0.000187624003236231	0.000174054000930638	0.000166480305074866
72107	15-19	2	0.000942059164226307	0.000931488554302705	0.0009925637870998	0.000934290690201266	0.000815341250186686	0.000793238591983418	0.000691566356966036	0.000641548564429417	0.000613632467140314
72107	20-24	2	0.00180171986582533	0.00178150292019562	0.00189831131615236	0.00178686194655484	0.00155936709810152	0.00151709517285533	0.0013226434946965	0.00122698280798187	0.00117359226286905
72107	25-29	2	0.00221688981399777	0.00219201408457911	0.00233573854813507	0.00219860790677612	0.00191869158006297	0.00186667888878089	0.00162741995099054	0.00150971613834531	0.00144402272662527
72107	30-34	2	0.00266240749494321	0.00263253256857542	0.00280514063978586	0.00264045142114627	0.00230428168674164	0.00224181640870226	0.0019544745530506	0.0018131165339044	0.0017342209867723
72107	35-39	2	0.00323803097232986	0.00320169689221152	0.00341162344642693	0.00321132749737264	0.00280247639111317	0.00272650585134893	0.00237703961965393	0.00220511934911759	0.00210916640518741
72107	40-44	2	0.00392863396407758	0.00388455041958962	0.00413924978583555	0.00389623490786697	0.00340018448955692	0.00330801089325427	0.00288401098060337	0.00267542385908791	0.00255900618543547
72107	45-49	2	0.00516337214721368	0.00510543349753209	0.00544018283916881	0.00512079017878618	0.00446883498025517	0.0043476918099274	0.00379043192722687	0.00351628761245187	0.0033632808285555
72107	50-54	2	0.00722029000268896	0.00713927088412974	0.00760737342723527	0.00716074470666223	0.0062490718474193	0.00607966915165338	0.00530041494211422	0.004917060371433	0.00470310078626266
72107	55-59	2	0.0103418085187571	0.0102257628522537	0.0108962385961324	0.0102565212064755	0.00895070789855145	0.00870806767876021	0.00759192163406881	0.00704283239550978	0.0067363724001879
72107	60-64	2	0.0153191081857347	0.0151472129103326	0.0161403753833282	0.0151927753400579	0.0132585014209865	0.0128990824781927	0.0112457578568376	0.0104324030954105	0.00997844950141777
72107	65-69	2	0.0220562691387013	0.0218087762983777	0.0232387199927081	0.0218743775593098	0.0190894332302429	0.0185719473574225	0.0161915086572417	0.0150204497021228	0.0143668526479232
72107	70-74	2	0.0341922736245075	0.033808600420935	0.0360253399245111	0.0339102977619068	0.0295929967861874	0.0287907746465765	0.0251005505142314	0.0232851378622835	0.0222719121147234
72107	75-79	2	0.0526277937257857	0.0520372506405432	0.0554491927701183	0.0521937801422181	0.0455487123148447	0.0443139561790983	0.038634065517155	0.0358398360751149	0.034280302493326
72107	80-84	2	0.088690377556709	0.0876951682926721	0.0934450994894975	0.0879589479045905	0.0767604244442514	0.0746795692649012	0.0651076046116743	0.0603986588489923	0.0577704777988294
72107	85+	2	0.190685039842646	0.188545346379854	0.200907752816605	0.189112464307943	0.16503554408684	0.160561685728058	0.139981881193223	0.129857624131205	0.12420699760467
72109	0-4	2	0.00376644977715313	0.00380595822121366	0.00364499829185918	0.00331638653180346	0.00283027386162793	0.00272914586265351	0.00258972530097755	0.00212168705871549	0.00220054858632309
72109	5-9	2	0.000228738908774152	0.000227274080571014	0.000222745781618	0.000221300059785279	0.000196893849548151	0.000180122555889639	0.000162867918257547	0.000145823240385444	0.00014163197704952
72109	10-14	2	0.000286386949161415	0.000284552930580612	0.00027888337689738	0.00027707331702245	0.000246516128348654	0.000225518025141317	0.000203914775717055	0.000182574404564103	0.000177326828310704
72109	15-19	2	0.00105559863669293	0.00104883847981661	0.00102794079976912	0.00102126914683814	0.000908637989593193	0.00083124059841258	0.000751612802481722	0.000672953988868292	0.000653611796785611
72109	20-24	2	0.00201886800243851	0.00200593869149926	0.00196597095039255	0.00195321113067818	0.00173780021667236	0.00158977516653758	0.00143748429035394	0.00128704667819198	0.00125005405618443
72109	25-29	2	0.00248407525757004	0.00246816651843487	0.00241898893889436	0.00240328886829615	0.00213824098572229	0.00195610648412729	0.00176872341849951	0.00158362043833632	0.00153810356772941
72109	30-34	2	0.00298328784300401	0.00296418202287819	0.00290512145350276	0.00288626623000856	0.00256795297207094	0.00234921582738018	0.00212417514153869	0.00190187301759763	0.00184720876970766
72109	35-39	2	0.00362828694612557	0.00360505016838137	0.00353322026152892	0.00351028829645569	0.00312315437782192	0.00285712540711868	0.0025834300887727	0.00231306528545014	0.00224658254387761
72109	40-44	2	0.00440212308273972	0.00437393014812929	0.00428678032473929	0.00425895746442047	0.00378925609108002	0.00346648865087272	0.00313442002112974	0.00280639227649028	0.00272573014880191
72109	45-49	2	0.00578567515886636	0.00574862145870611	0.00563408100867114	0.00559751339771893	0.0049801885166522	0.00455597770766651	0.00411954239514259	0.00368841819474627	0.00358240477629837
72109	50-54	2	0.00809049799851155	0.00803868347580707	0.0078785136384307	0.007827378219685	0.00696413142095571	0.0063709290205156	0.00576063197999091	0.00515776195212817	0.00500951623978318
72109	55-59	2	0.011588230078466	0.0115140154282973	0.0112846003962057	0.0112113580229893	0.00997490630336531	0.00912524656179828	0.00825110246309147	0.00738759562022873	0.00717525922138479
72109	60-64	2	0.0171654065958673	0.0170554746167331	0.0167156472771785	0.0166071550736954	0.0147756250209462	0.0135170401467889	0.0122221878731475	0.0109430930551676	0.0106285631695471
72109	65-69	2	0.0247145453623293	0.024556267351856	0.0240669890519593	0.0239107844178814	0.0212737694629931	0.0194616750143595	0.017597360131494	0.0157557337970032	0.0153028774822204
72109	70-74	2	0.0383132091041887	0.0380678396185249	0.0373093458926207	0.0370671943798479	0.0329792180433571	0.0301700559980708	0.0272799413119755	0.0244249959954437	0.023722963778094
72109	75-79	2	0.0589706224288735	0.058592951384149	0.0574254974512111	0.0570527860689288	0.0507606899291788	0.0464369102535878	0.0419885260640917	0.0375942730867856	0.036513721249195
72109	80-84	2	0.099379562832167	0.098743088669333	0.096775643500723	0.0961475305033009	0.0855438478495236	0.0782572517415772	0.0707606742958839	0.0633553096181103	0.061534318398338
72109	85+	2	0.213666871579191	0.212298463457465	0.208068437160433	0.2067179733696	0.183919969912735	0.168253726770682	0.152136020182274	0.136214444501687	0.132299292787119
72111	0-4	2	0.00334604891248437	0.00356408942139077	0.00373723199191465	0.00338799742154126	0.00296641742690681	0.00251547619015685	0.00271609155305572	0.00248181270564515	0.00231769003432106
72111	5-9	2	0.000223177269242502	0.000226584568186714	0.000234734778381442	0.000219155084790778	0.000201153159534513	0.000183631875836463	0.000167588781381109	0.000155328930462573	0.000148432111551939
72111	10-14	2	0.000279423653704111	0.00028368967166889	0.000293893949994833	0.000274387756957616	0.00025184890287194	0.000229911797040476	0.000209825424840885	0.000194475786132394	0.000185840780028353
72111	15-19	2	0.0010299322202824	0.00104565646733204	0.00108326874450935	0.00101137027798728	0.000928294187100672	0.000847435687256141	0.000773399022035522	0.000716821626272342	0.000684993586252208
72111	20-24	2	0.00196977990865781	0.00199985295196714	0.00207178763940052	0.00193427920596518	0.00177539334561111	0.00162074877011915	0.00147915111258859	0.00137094506991633	0.0013100727769315
72111	25-29	2	0.00242367572729156	0.00246067834901186	0.00254918888965589	0.00237999444616636	0.00218449672501101	0.00199421733344112	0.00181999152664592	0.0016868515087287	0.00161195243450018
72111	30-34	2	0.00291075013584563	0.00295518890307062	0.00306148698754067	0.00285829041509252	0.00262350455248238	0.00239498570043332	0.0021857463763685	0.00202584997407358	0.0019358986995124
72111	35-39	2	0.00354006627496241	0.0035941127632355	0.00372339280079173	0.00347626410100016	0.00319071651227653	0.00291279093172649	0.00265831331324804	0.00246384652977508	0.00235444758297708
72111	40-44	2	0.00429508699167899	0.00436066017784565	0.00451751273669249	0.00421767664930954	0.00387122783255066	0.00353402657148153	0.00322527435230842	0.00298933208805895	0.0028566005536912
72111	45-49	2	0.00564499851306	0.00573118086632376	0.00593733089442142	0.00554325852219012	0.00508792350706739	0.00464474234257501	0.00423895157501382	0.00392885451940836	0.00375440670248632
72111	50-54	2	0.00789378088643562	0.00801429576997936	0.00830256901322998	0.00775151036742084	0.0071147847361057	0.00649505467879943	0.00592761000417563	0.00549398042336093	0.00525003825081723
72111	55-59	2	0.0113064666368261	0.0114790837963542	0.0118919856015553	0.0111026904719496	0.0101906910914508	0.00930303522023082	0.00849026937751754	0.0078691699558676	0.0075197651805579
72111	60-64	2	0.0167480371871792	0.0170037325431635	0.0176153561379226	0.0164461893842138	0.015095263797402	0.0137803959291965	0.012576462058703	0.0116564396590007	0.0111388729605101
72111	65-69	2	0.0241136231034503	0.0244817700155351	0.0253623788345011	0.0236790277976313	0.0217339814485962	0.0198408515297769	0.0181074398521182	0.0167828027646228	0.0160376158399416
72111	70-74	2	0.0373816453776289	0.037952354553541	0.039317499439661	0.0367079212329428	0.0336926545230929	0.030757868510173	0.0280706837318222	0.0260171888573631	0.0248619787679776
72111	75-79	2	0.0575367825411745	0.0584151979847134	0.0605163900099116	0.0564998029954471	0.0518587907821369	0.0473416525043336	0.0432056122978183	0.0400449319956261	0.038266859063399
72111	80-84	2	0.0969632018252139	0.0984435387830556	0.101984543551534	0.0952156297488622	0.0873944167560095	0.079781966820303	0.0728117586435263	0.0674852543619688	0.0644887799722656
72111	85+	2	0.208471684296362	0.21165443493262	0.219267624874045	0.204714384275437	0.187898715567709	0.171531883926463	0.156545887414677	0.145093882425793	0.138651422670794
72113	0-4	2	0.0037380657552439	0.00397265801902819	0.00396099386156493	0.00368811696115309	0.00319614363484764	0.00302930491758213	0.00288373235687574	0.00244210387813354	0.00231607968111219
72113	5-9	2	0.000233254113255829	0.000249161563589383	0.000251023508996189	0.00023791898082546	0.000207839855994075	0.000193453953153553	0.000175031096435327	0.000157771678851907	0.000154279384643952
72113	10-14	2	0.00029204012666227	0.000311956639111536	0.000314287834141374	0.000297880636794796	0.000260220803728161	0.000242209276856198	0.000219143385514257	0.000197534156833792	0.000193161712359565
72113	15-19	2	0.00107643560487583	0.00114984623680504	0.00115843879639889	0.00109796316740337	0.000959152166628314	0.000892763159421207	0.000807744193295885	0.000728094376195393	0.000711977921344586
72113	20-24	2	0.00205871901895532	0.00219911925670464	0.00221555266543311	0.00209989078762017	0.00183440999496437	0.00170743891518019	0.00154483731082624	0.00139250442576436	0.00136168113959438
72113	25-29	2	0.00253310909800609	0.00270586165831283	0.00272608180367848	0.00258376804218458	0.00225711265172467	0.00210088348961304	0.00190081373192839	0.00171337875647183	0.00167545284219673
72113	30-34	2	0.00304217574237211	0.00324964554928251	0.00327392929035108	0.00310301552001323	0.00271071378144728	0.00252308800866118	0.00228281101406676	0.00205770822168875	0.00201216047402755
72113	35-39	2	0.00369990674791994	0.00395223203288461	0.00398176581342701	0.00377389975283705	0.00329678077179243	0.00306858955217715	0.00277636373112442	0.00250259269917591	0.00244719747672425
72113	40-44	2	0.00448901785217984	0.00479515853094027	0.00483099106760322	0.00457879150492766	0.0039999132397741	0.00372305374521441	0.00336850247112958	0.00303634191297113	0.00296913200626198
72113	45-49	2	0.00589988013700129	0.00630223849399212	0.00634933279595871	0.00601786860851582	0.00525705344250954	0.00489317918151847	0.00442719522121295	0.00399063931644263	0.0039023059028335
72113	50-54	2	0.0082501985148874	0.00881284338931824	0.00887869829420078	0.00841518910230438	0.00735129009324788	0.00684246024736782	0.00619084357971501	0.00558037825456593	0.00545685575609831
72113	55-59	2	0.0118169731607606	0.0126228643119491	0.0127171904499795	0.012053294751493	0.0105294437158546	0.00980063275172404	0.0088673052078047	0.00799291977009626	0.00781599542208194
72113	60-64	2	0.0175042401062031	0.0186979904294235	0.0188377139361097	0.0178542988344486	0.0155970500755308	0.0145174761811808	0.0131349565183814	0.0118397471553477	0.0115776725892476
72113	65-69	2	0.0252023935714591	0.0269211418739423	0.0271223151402207	0.025706406836933	0.0224564472451567	0.0209020909316453	0.0189115538076058	0.0170467256416416	0.0166693936245756
72113	70-74	2	0.0390694888787161	0.0417339396129787	0.0420458027818282	0.0398508205962618	0.0348126388736727	0.0324030294580156	0.0293172422984733	0.0264263290187788	0.0258413763220104
72113	75-79	2	0.0601346655615473	0.064235708503786	0.0647157181212447	0.0613372652771861	0.053582639079276	0.0498738385755908	0.0451242802200043	0.0406746686867118	0.0397743210441233
72113	80-84	2	0.101341252664883	0.10825248515739	0.109061411051744	0.1033679064157	0.090299509562829	0.084049297715171	0.0760451649189627	0.0685465059242781	0.0670292067993171
72113	85+	2	0.217884517594604	0.232743738623638	0.234482935910463	0.22224183951874	0.194144682269263	0.18070667709372	0.163497723353277	0.14737555523095	0.144113339361586
72115	0-4	2	0.00398517442005431	0.00398175401380868	0.00359109249017001	0.00360913858651049	0.00307478630621551	0.00269901622178107	0.00261228754684345	0.00230677958311605	0.00214945472887439
72115	5-9	2	0.000229092577547605	0.000243084148319532	0.000228939383884907	0.000229734544079322	0.000198912530242995	0.000180358023134129	0.000168322728105156	0.000152660969947242	0.000150457458345255
72115	10-14	2	0.000286829732597328	0.000304347554161976	0.000286637923915933	0.000287633507940876	0.000249043559877493	0.000225812828306103	0.000210744335039427	0.000191135417846387	0.000188376561591234
72115	15-19	2	0.00105723051952229	0.00112180008561023	0.00105652344409349	0.00106019316990947	0.000917953801631451	0.000832327130371452	0.000776786013806709	0.000704509210537264	0.000694340274239063
72115	20-24	2	0.0020219889161414	0.00214548020881449	0.00202063609073777	0.0020276545228878	0.00175561688780793	0.00159185309154764	0.00148562885467563	0.00134739707599634	0.00132794860694663
72115	25-29	2	0.0024879151157478	0.00263986238138835	0.00248625041390604	0.00249488618951448	0.0021601631160225	0.00195866313320593	0.00182796188806257	0.00165787734393381	0.00163394731949947
72115	30-34	2	0.00298789915228896	0.00317038274211028	0.00298590010630539	0.0029962713255657	0.00259428053108956	0.0023522860930585	0.00219531828823283	0.00199105292615675	0.00196231376697041
72115	35-39	2	0.00363389527273212	0.00385583236615909	0.00363146362094967	0.00364407707250219	0.00315517421327492	0.00286085962103167	0.00266995474626059	0.0024215261440136	0.00238657370155147
72115	40-44	2	0.00440892761004711	0.00467819867888687	0.00440597670274459	0.00442128056594559	0.00382810516840296	0.00347101936977012	0.00323939863530765	0.00293798558389545	0.00289557834753981
72115	45-49	2	0.00579461850339959	0.006148519358565	0.00579073993854189	0.00581085343998155	0.00503124762771986	0.00456193250012315	0.00425751505351995	0.00386137033288646	0.00380563494045255
72115	50-54	2	0.00810300399470574	0.00859788798773741	0.00809758061984787	0.00812570573230357	0.00703553063172354	0.00637925614605211	0.00595356869646431	0.00539961275475731	0.00532167422840031
72115	55-59	2	0.0116061428713328	0.012314979007437	0.011598376186871	0.0116386605886734	0.0100771732747323	0.00913717360565335	0.0085274508588288	0.00773400502596343	0.00762237138396855
72115	60-64	2	0.0171919407122094	0.018241925015658	0.0171804364009294	0.0172401096531241	0.0149271111557065	0.0135347073158889	0.012631536733575	0.0114562224619631	0.0112908614940048
72115	65-69	2	0.0247527514639576	0.0262645055740804	0.0247361877041795	0.0248221062426333	0.0214918784350305	0.0194871123925269	0.0181867357101088	0.0164945310167787	0.0162564471693095
72115	70-74	2	0.0383724385924242	0.0407160018781332	0.0383467583615792	0.0384799520164922	0.0333173367097847	0.0302094897807855	0.0281936085712059	0.0255703005445329	0.025201214359333
72115	75-79	2	0.0590617898841559	0.0626689360966935	0.0590222610534823	0.0592272675859772	0.0512811152561856	0.0464976076204156	0.0433948194794411	0.0393570959167842	0.0387890042476634
72115	80-84	2	0.0995331935046364	0.105612090264487	0.0994665703886096	0.0998120531642792	0.0864208921232987	0.0783595436996824	0.0731306133887543	0.0663260864278305	0.0653687121076911
72115	85+	2	0.213997191299023	0.227066891198641	0.213853970522316	0.214596759311063	0.185805647187129	0.168473666673794	0.157231418568687	0.142601651733149	0.140543290642216
72117	0-4	2	0.00353753524500119	0.00365550351808764	0.0034681766626991	0.00332563412621097	0.00272833458404445	0.0026826287755903	0.00246545528405335	0.00194560803514909	0.0017938260858948
72117	5-9	2	0.000212107613071147	0.000215908472289486	0.000208061108607546	0.000209389318765902	0.000176416522819308	0.000170863093546636	0.000149019858879235	0.00013250084791102	0.000126691246724251
72117	10-14	2	0.000265564159309498	0.000270322922326691	0.00026049780008195	0.000262160784386282	0.000220877988190249	0.000213924955181939	0.000186576649683249	0.000165894427812362	0.000158620650794185
72117	15-19	2	0.000978847602974634	0.000996388060160785	0.000960173160125993	0.000966302917070755	0.000814137805734432	0.000788509664791157	0.000687705918346217	0.000611472929268593	0.000584662301507691
72117	20-24	2	0.0018720789263505	0.00190562543413202	0.00183636294670015	0.00184808625864118	0.00155706529353482	0.00150805080068767	0.00131526023043487	0.00116946209403727	0.00111818578914613
72117	25-29	2	0.00230346145712157	0.00234473799194141	0.00225951533121092	0.0022739401280895	0.00191585935383819	0.00185555035865302	0.00161833522892893	0.00143894086399593	0.0013758489298462
72117	30-34	2	0.00276637686131821	0.00281594867948883	0.00271359920242853	0.00273092282158006	0.00230088020659148	0.00222845123888852	0.00194356399975178	0.00172811779005433	0.00165234660058152
72117	35-39	2	0.00336447881343088	0.00342476806397062	0.00330029005672913	0.00332135907571498	0.00279833948266863	0.00271025110636414	0.00236377006452767	0.00210174340859919	0.00200959032902427
72117	40-44	2	0.00408205021989735	0.00415519763708841	0.00400417104021102	0.00402973376170589	0.00339516522087032	0.00328828934190104	0.00286791132913848	0.00254999999488003	0.00243819255026158
72117	45-49	2	0.00536500594667669	0.00546114288845636	0.00526264961838469	0.00529624631604327	0.00446223793714206	0.00432177182793115	0.00376927227316571	0.00335144396209852	0.00320449637011845
72117	50-54	2	0.00750224829256156	0.00763668312400513	0.00735911625985943	0.0074060961881427	0.00623984633526282	0.00604342341957496	0.00527082615331356	0.0046865485746601	0.00448106186476465
72117	55-59	2	0.0107456642103051	0.0109382193906708	0.0105406534996469	0.0106079440684577	0.00893749335862918	0.00865615140421108	0.00754954049395151	0.00671266459490247	0.00641834040918447
72117	60-64	2	0.0159173321793061	0.0162025606254253	0.0156136545635828	0.0157133306043504	0.0132389263990778	0.0128221788060942	0.0111829785283731	0.00994333169585349	0.00950735551262349
72117	65-69	2	0.022917583299009	0.0233282516806863	0.022480352631721	0.0226238662962446	0.0190612486394503	0.0184612207464753	0.0161011178338178	0.0143162889059028	0.0136885758442228
72117	70-74	2	0.0355275077257086	0.0361641362247634	0.0348496983724161	0.0350721786053639	0.0295493050485119	0.0286191229272151	0.0249604223021442	0.0221935259799983	0.0212204266157203
72117	75-79	2	0.0546829472056308	0.0556628242834129	0.0536396769400438	0.0539821129037592	0.0454814627302124	0.044049756508435	0.0384183868622189	0.0341596551047058	0.0326618833792936
72117	80-84	2	0.0921538050538088	0.0938051270734104	0.0903956387262674	0.0909727243774111	0.0766471024089256	0.0742343381203517	0.0647441397269207	0.0575671602190205	0.0550430540278433
72117	85+	2	0.198131452081738	0.201681828146516	0.194351393695328	0.195592116520495	0.164791904284616	0.15960444108781	0.139200440218776	0.123769886291079	0.118343028719146
72119	0-4	2	0.0034726457615703	0.0035762556501807	0.00366349481468626	0.00356645529350528	0.00291074871911626	0.00276866158242968	0.00247859413871687	0.00201003662261483	0.00231712692371313
72119	5-9	2	0.000226365106711116	0.00022272793657836	0.000226946686016215	0.000229462730628463	0.000190600328032451	0.000177729437551359	0.000162973937204915	0.000145993552549333	0.000146584524246453
72119	10-14	2	0.000283414905954632	0.000278861045993634	0.000284143030734971	0.000287293207184249	0.00023863647891562	0.000222521780206092	0.000204047512750157	0.00018278764018118	0.000183527550191058
72119	15-19	2	0.0010446439062602	0.0010278585736746	0.00104732753692538	0.00105893890954602	0.000879594157579824	0.000820196691586716	0.000752102072730038	0.000673739943005742	0.000676467211730119
72119	20-24	2	0.00199791655974334	0.00196581376587291	0.00200304865443769	0.00202525570481446	0.00168225276338247	0.00156865325395889	0.00143842000799453	0.00128854981935014	0.00129376577191919
72119	25-29	2	0.00245829570496506	0.00241879553721955	0.00246461044058374	0.00249193457030056	0.00206989363768313	0.00193011735952493	0.00176987471843104	0.00158546995735127	0.00159188777357238
72119	30-34	2	0.0029523271542617	0.00290488912489752	0.00295991131933669	0.00299272655958495	0.00248587003802439	0.00231800364667016	0.00212555769166046	0.00190409419414352	0.0019118017472583
72119	35-39	2	0.00359063223066296	0.00353293762046413	0.00359985576173432	0.00363976588167903	0.00302332488890635	0.00281916501378736	0.00258511145875147	0.00231576657695547	0.00232514074552863
72119	40-44	2	0.00435643762960543	0.00428643736460672	0.00436762759753272	0.00441604999619889	0.00366813528735669	0.00342043224987418	0.00313646006352061	0.00280966969057813	0.00282104314556957
72119	45-49	2	0.00572563135975941	0.00563363037840284	0.00574033785437902	0.00580397880836851	0.00482100048023344	0.00449544641537443	0.00412222384815949	0.00369272579214338	0.00370767382184481
72119	50-54	2	0.0080065357168921	0.00787788478399922	0.00802710044501374	0.00811609255163421	0.0067415279561461	0.00628628436787334	0.00576438228658001	0.00516378589388634	0.00518468862818635
72119	55-59	2	0.0114679689831752	0.0112836996438442	0.0114974254672651	0.0116248912114679	0.00965606548132004	0.00900400768559131	0.00825647409957041	0.00739622438848603	0.00742616344445124
72119	60-64	2	0.0169872677470994	0.0167143136141973	0.0170309016516183	0.0172197144875991	0.0143033332921328	0.0133374512974736	0.0122301444990466	0.0109558750278588	0.0110002232995285
72119	65-69	2	0.0244580649242607	0.0240650696063807	0.0245208901206737	0.0247927414555476	0.0205937702051267	0.0192031053967583	0.0176088154338403	0.0157741367651759	0.0158379898862616
72119	70-74	2	0.0379156094845978	0.0373063736852798	0.0380129992839122	0.03843443233766	0.0319250651358018	0.0297692151503515	0.0272977008896343	0.0244535241451394	0.0245525094453816
72119	75-79	2	0.0583586479603028	0.0574209274996296	0.0585085456029385	0.0591572043749001	0.0491381693797957	0.0458199480348167	0.0420158614981796	0.0376381833964402	0.0377905326226583
72119	80-84	2	0.0983482383599454	0.0967679516232017	0.0986008448679284	0.0996939881022703	0.0828095250043258	0.0772175325402834	0.070806744571593	0.0634293103107404	0.0636860521626303
72119	85+	2	0.211449520948914	0.208051905427416	0.211992637853744	0.21434288702271	0.178041155803664	0.166018334891576	0.152235088194475	0.136373556543211	0.136925547954026
72121	0-4	2	0.00361134989684216	0.00360506441402675	0.0036827169277264	0.00356212112027993	0.00298738753210707	0.00298306740283991	0.00260143054891444	0.00225181928322052	0.00201728678968038
72121	5-9	2	0.000226567713562702	0.000222262171960765	0.000227924444916501	0.000227517946767059	0.000192287153726336	0.000186183190040122	0.000165745652384517	0.000152317637903224	0.000146701908251785
72121	10-14	2	0.000283668569627483	0.000278277888948173	0.000285367205641505	0.000284858285921608	0.000240748424790323	0.000233106099347758	0.000207517774412533	0.000190705565139964	0.000183674519018194
72121	15-19	2	0.00104557879041517	0.00102570900684716	0.00105183969833682	0.00104996391698911	0.000887378541989826	0.000859209701483472	0.000764893177868819	0.000702924834678585	0.000677008915911263
72121	20-24	2	0.00199970436714322	0.00196170256031696	0.00201167829990398	0.00200809072481546	0.00169714064837827	0.00164326696366244	0.00146288345615734	0.00134436693020378	0.00129480180462466
72121	25-29	2	0.00246049557272349	0.00241373699963642	0.00247522862168463	0.00247081432210644	0.00208821217860698	0.00202192432606645	0.00179997526461409	0.00165414900652113	0.00159316251691877
72121	30-34	2	0.00295496914495455	0.00289881384848793	0.00297266324306926	0.00296736188648718	0.00250787000313175	0.00242826061569162	0.00216170735911377	0.00198657531750917	0.00191333267139189
72121	35-39	2	0.0035938455784169	0.00352554893434569	0.00361536476105349	0.00360891733402526	0.00305008140955504	0.00295326007698023	0.00262907689504374	0.00241608047161109	0.0023270026897458
72121	40-44	2	0.00436033602836947	0.00427747278849794	0.00438644424858376	0.00437862172740001	0.00370059810362428	0.00358312689050984	0.0031898024074429	0.00293137839268393	0.00282330212472991
72121	45-49	2	0.0057307549307811	0.0056218483218715	0.00576506848902459	0.00575478718613263	0.00486366611218538	0.00470927466494541	0.00419233137394517	0.00385268660138002	0.00371064281649147
72121	50-54	2	0.0080136996299697	0.00786140828906224	0.0080616823455704	0.00804730458148565	0.00680119009374614	0.00658529428126933	0.00586241774043366	0.00538746985098066	0.00518884031619716
72121	55-59	2	0.0114782295314363	0.0112600996595533	0.0115469578726119	0.0115263642039837	0.00974152106529018	0.00943228739724047	0.00839689271450777	0.00771661230965658	0.00743211018499672
72121	60-64	2	0.0170024654426393	0.0166793547836917	0.0171042722340116	0.0170737671197396	0.0144299158869914	0.0139718529303945	0.0124381436538374	0.0114304584756051	0.0110090314350209
72121	65-69	2	0.0244799443568816	0.0240147333793031	0.02462652549467	0.0245826070630367	0.020776021880269	0.0201165086746462	0.0179082898208514	0.0164574359363401	0.0158506705291407
72121	70-74	2	0.0379495252829939	0.0372283394511351	0.0381767569764154	0.0381086744184017	0.0322075953056331	0.0311851969709141	0.0277619527211279	0.0255127942739474	0.0245721677941717
72121	75-79	2	0.0584108500626105	0.0573008164833004	0.0587605917557592	0.0586558002999918	0.0495730275794094	0.0479993867292557	0.042730423970334	0.0392685810320621	0.0378207906589196
72121	80-84	2	0.0984362117848738	0.0965655371666003	0.0990256032593031	0.0988490014644926	0.0835423623547208	0.0808904032621115	0.0720109502769938	0.0661769175317178	0.0637370421064383
72121	85+	2	0.211638660903755	0.207616707387892	0.21290587026226	0.212526161483187	0.179616758549999	0.173915021337904	0.154824126789335	0.142280928428128	0.13703516859598
72123	0-4	2	0.0041078380505417	0.00432759153666228	0.00409496604435811	0.00380297060431343	0.00311442937970584	0.00315251119421763	0.00274828153224376	0.00227940083284139	0.0022443388247755
72123	5-9	2	0.000244165887196717	0.0002506534684412	0.00023978054155802	0.000237562493877879	0.000199200042421176	0.000191743035193197	0.000165500386201296	0.000143803152582299	0.000142363215391541
72123	10-14	2	0.000305701941770481	0.000313824543422387	0.000300211347109163	0.000297434322424481	0.000249403542839723	0.000240067166566722	0.000207210686033389	0.000180045194568417	0.000178242356025414
72123	15-19	2	0.00112679223921694	0.00115673152766603	0.00110655414851677	0.00109631826075806	0.000919280647002616	0.0008848676044062	0.000763761175393528	0.000663631371841886	0.000656986280369917
72123	20-24	2	0.00215502814349406	0.00221228787012905	0.00211632166906293	0.00209674504606951	0.00175815456438779	0.00169233868827726	0.00146071849154781	0.00126921681478855	0.00125650781584502
72123	25-29	2	0.00265161065627974	0.00272206468346806	0.00260398496530757	0.00257989731599854	0.00216328556800303	0.0020823035965242	0.00179731145711372	0.00156168207183663	0.00154604447079031
72123	30-34	2	0.00318449197892783	0.00326910482980508	0.00312729518229097	0.00309836679760204	0.00259803057053929	0.00250077409316387	0.00215850818298464	0.00187552571486173	0.00185674552377334
72123	35-39	2	0.00387299231321959	0.00397589850972252	0.00380342884260942	0.00376824599538673	0.0031597350019207	0.00304145126849613	0.00262518610256325	0.0022810214661364	0.00225818111658169
72123	40-44	2	0.00469901885893876	0.00482387251948155	0.00461461862270465	0.0045719320421895	0.00383363864002816	0.00369012747412727	0.00318508181768399	0.0027675142472899	0.00273980241426019
72123	45-49	2	0.00617588306253526	0.00633997724079482	0.0060649562703235	0.00600885329117041	0.0050385200710114	0.00484990447366348	0.00418612701655995	0.00363732122806192	0.00360089982408762
72123	50-54	2	0.00863615227576595	0.00886561631427482	0.00848103559888056	0.0084025823159527	0.0070457002391348	0.00678194663041324	0.00585374186874799	0.00508630987916879	0.00503537932596544
72123	55-59	2	0.0123697842112246	0.0126984525903434	0.0121476083786327	0.0120352381403424	0.0100917395820479	0.00971395757396896	0.00838446592821525	0.00728525297275652	0.00721230377845231
72123	60-64	2	0.0183231074660613	0.0188099575144045	0.0179940035546525	0.0178275520516932	0.0149486879630112	0.014389085818589	0.0124197365625246	0.0107914952266347	0.0106834369339143
72123	65-69	2	0.0263813890200125	0.0270823502332936	0.025907550744698	0.025667897546524	0.021522943673119	0.0207172361595597	0.017881788110928	0.0155374648063612	0.0153818838367915
72123	70-74	2	0.0408972005979982	0.04198384826976	0.0401626392650473	0.0397911230101821	0.0333654955162368	0.0321164633380323	0.0277208705160661	0.0240866289227779	0.0238454415551151
72123	75-79	2	0.0629478286817119	0.0646203612656697	0.061817205683814	0.0612453797274851	0.0513552367389982	0.0494327662471144	0.042667191112463	0.0370734679209796	0.0367022343386171
72123	80-84	2	0.106082108975902	0.108900721838319	0.104176730189597	0.103213059089403	0.0865458076711991	0.0833059886138324	0.0719043893656139	0.0624776295781699	0.0618520111050284
72123	85+	2	0.228077396592196	0.234137456557094	0.22398083421103	0.221908924393543	0.18607419443552	0.179108553178678	0.154595016629913	0.134327422383944	0.132982330781266
72125	0-4	2	0.00381587152960134	0.00363582532837101	0.00367139557617862	0.00332780356641074	0.00294522649919316	0.00275788726454079	0.00264498716217497	0.00221362326863417	0.00217596471438326
72125	5-9	2	0.000224911496523762	0.000215529020471313	0.000221266087878694	0.000206968849329003	0.000188428563976648	0.000179218883426512	0.000163691748324305	0.000148819469334495	0.000152301343706513
72125	10-14	2	0.000281594934883497	0.000269847814873664	0.000277030775797591	0.000259130273138634	0.000235917369784384	0.000224386607556039	0.000204946235534255	0.000186325767223584	0.000190685161950617
72125	15-19	2	0.00103793547786808	0.000994636365795063	0.00102111222594658	0.000955132348085906	0.000869571680354162	0.000827070284984962	0.000755414698975372	0.000686781228630741	0.000702849647102412
72125	20-24	2	0.0019850861749211	0.00190227495284432	0.00195291082909077	0.00182672199024662	0.00166308435900176	0.00158179913945193	0.0014447554442345	0.00131349169877317	0.00134422305712906
72125	25-29	2	0.00244250928218506	0.00234061574212637	0.00240291956422115	0.00224765299425266	0.00204630845488304	0.00194629262426238	0.00177767012618389	0.00161615921781452	0.00165397196111933
72125	30-34	2	0.00293336846749683	0.00281099800138766	0.00288582278122301	0.00269935295908186	0.00245754516558057	0.00233742967778986	0.00213491980360342	0.00194095098135376	0.00198636273975457
72125	35-39	2	0.00356757446526889	0.00341874679978852	0.00350974891417586	0.00328296357052354	0.00298887599188603	0.00284279108268242	0.00259649778166027	0.00236059201379567	0.00241582213976628
72125	40-44	2	0.00432846199918947	0.00414789211369241	0.00425830290889694	0.00398314922146895	0.00362633906835978	0.00344909723432659	0.00315027485909261	0.00286405549836698	0.00293106494975621
72125	45-49	2	0.00568886289163336	0.00545154125155059	0.00559665313451427	0.00523502060453477	0.00476606788222451	0.00453312039793611	0.00414038043596797	0.00376420453094756	0.00385227462888665
72125	50-54	2	0.00795511927755806	0.0076232565884248	0.007826175951825	0.0073204800838888	0.00666471195609981	0.00633896603866948	0.00578977144955123	0.00526373939387594	0.00538689357232946
72125	55-59	2	0.0113943230971323	0.0109189881887949	0.0112096351538921	0.0104853138036961	0.00954603934600684	0.00907946473659628	0.00829283930228375	0.0075393899258035	0.00771578675603771
72125	60-64	2	0.0168781762442443	0.0161740734766793	0.0166046034864016	0.0155316812568128	0.0141403534500006	0.0134492242827348	0.0122840115126411	0.0111679427796116	0.0114292357397082
72125	65-69	2	0.0243009946941887	0.0232872358132657	0.0239071082952343	0.0223623291440681	0.0203591120348348	0.0193640330374823	0.017686371757594	0.0160794691248876	0.0164556760273994
72125	70-74	2	0.0376721110431762	0.0361005500016204	0.037061494444195	0.0346667353264595	0.0315612907210966	0.0300186888950333	0.0274179292281621	0.0249268576929667	0.0255100640749372
72125	75-79	2	0.0579838617061188	0.0555649558579381	0.0570440125376803	0.0533580649191025	0.0485782526018898	0.0462039267659844	0.0422009104951193	0.0383667236509114	0.0392643719389442
72125	80-84	2	0.0977166327283202	0.0936401931445881	0.0961327507837964	0.0899210463636975	0.0818659241480211	0.0778646254866311	0.0711185938483636	0.0646570706961031	0.066169820858409
72125	85+	2	0.210091562298978	0.201327192989051	0.206686212502193	0.193330981647671	0.176012401133645	0.167409565453678	0.152905547481322	0.139013244178312	0.142265667714756
72127	0-4	2	0.00398750364901316	0.00402123951842832	0.00411613003281948	0.00374589231120724	0.00301741673257216	0.0027398802834132	0.00258573447786999	0.00236283638234474	0.0023415576514097
72127	5-9	2	0.000237660913094601	0.000244163163411757	0.000254189874457255	0.000234204301198683	0.000192678259581957	0.000179398377712754	0.000163536303360808	0.000151455071746222	0.000151771144842938
72127	10-14	2	0.00029755752612054	0.000305698507558333	0.000318252208505503	0.000293229768721681	0.000241238104248473	0.000224611345173621	0.000204751615958809	0.000189625605041437	0.000190021334670136
72127	15-19	2	0.00109677216980557	0.00112677919395294	0.00117305109477356	0.00108082043216554	0.000889183503782466	0.000827898651336729	0.000754697344436924	0.000698944122862304	0.000700402753878828
72127	20-24	2	0.00209761292125188	0.00215500224902306	0.00224349871239801	0.00206710450396889	0.00170059252922425	0.00158338333080486	0.0014433834388336	0.00133675357500936	0.00133954321922796
72127	25-29	2	0.00258096522556249	0.00265157859033946	0.00276046721993851	0.0025434266518193	0.00209245953164687	0.00194824172222076	0.00177598176576283	0.00164478116876914	0.00164821360171989
72127	30-34	2	0.0030996495261574	0.00318445366987857	0.00331522505463198	0.00305456679755049	0.0025129709772993	0.00233977050469463	0.00213289216409342	0.00197532490142928	0.0019794470738945
72127	35-39	2	0.00376980639200446	0.00387294537002464	0.00403198991790728	0.00371497619679725	0.00305628515746977	0.00284563806580689	0.00259403185838516	0.00240239780112061	0.0024074113521335
72127	40-44	2	0.00457382543171678	0.00469896175469635	0.00489192706244689	0.00450730101759651	0.00370812518634102	0.00345255145688151	0.00314728307864205	0.00291477766643361	0.00292086040981161
72127	45-49	2	0.00601134158374263	0.0061758075383687	0.00642942033575821	0.00592390921676384	0.00487355877929375	0.00453766020879895	0.00413644832959962	0.00383086836530139	0.00383886298381471
72127	50-54	2	0.00840606165381723	0.00863604597410669	0.00899068992258322	0.00828379956455678	0.00681502407174161	0.00634531451668747	0.00578427284734732	0.00535695977818452	0.00536813922407795
72127	55-59	2	0.012040219390103	0.0123696320839344	0.012877598282816	0.0118651016308105	0.00976133585779501	0.00908855819890808	0.00828496376756826	0.00767291196451201	0.00768892444603138
72127	60-64	2	0.0178349302470589	0.0183228813892711	0.0190753210929263	0.0175755314359362	0.014459267406562	0.0134626951368076	0.0122723465543671	0.0113657266104891	0.0113894453232616
72127	65-69	2	0.0256785193597572	0.0263810645227393	0.0274644180518312	0.0253050397426364	0.0208182804376736	0.0193834288928637	0.0176695784208316	0.0163642370188416	0.0163983867076107
72127	70-74	2	0.039807591604747	0.0408966964328985	0.0425761406991169	0.0392286068750452	0.032273102296917	0.0300487544693902	0.0273918953903184	0.0253683157957425	0.0254212542551322
72127	75-79	2	0.0612707323156249	0.0629470497709264	0.0655320013680702	0.0603795694767563	0.0496738520614044	0.0462502003581274	0.0421608378210908	0.039046203180449	0.0391276825953638
72127	80-84	2	0.10325579390557	0.106080783851684	0.110437040374001	0.101753963023194	0.083712271793688	0.0779425956361936	0.0710510477145993	0.0658021506726242	0.0659394642590998
72127	85+	2	0.222000808657934	0.228074566299847	0.237440554899188	0.218771861314228	0.179982074795354	0.16757721228743	0.152760310919359	0.141475135325067	0.141770360765758
72129	0-4	2	0.00364505610354667	0.00361804868069381	0.00356440795213867	0.00351893165601456	0.00314589634240765	0.00292724428431886	0.00233326826341639	0.0019823268390928	0.00201773627752153
72129	5-9	2	0.000211408752241894	0.000220739659588595	0.000222486936578218	0.000215357545300547	0.000190699537141996	0.000177796338165162	0.000154191650260757	0.000141393162763746	0.000140745597879797
72129	10-14	2	0.000264689121577565	0.000276371675077874	0.000278559318792743	0.000269633142222535	0.00023876068679531	0.000222605541626624	0.000193051864268981	0.000177027834949372	0.000176217064777292
72129	15-19	2	0.000975621993747444	0.00101868307162357	0.00102674651149535	0.000993845272046381	0.000880052020151209	0.000820505481649917	0.000711572971161771	0.000652509790831512	0.000649521369835484
72129	20-24	2	0.00186590976846762	0.00194826526647853	0.00196368670853858	0.00190076198932998	0.00168312855380052	0.00156924387509429	0.00136090674481742	0.00124794644931445	0.00124223096784387
72129	25-29	2	0.00229587075370771	0.00239720328791803	0.0024161782287008	0.00233875379825605	0.0020709712585124	0.00193084405180916	0.00167450001746535	0.00153551032568824	0.00152847776650517
72129	30-34	2	0.00275726081772833	0.00287895769514539	0.00290174589116905	0.00280876175224246	0.00248716424912379	0.0023188764567209	0.00201101601672815	0.00184409436017808	0.0018356485278552
72129	35-39	2	0.00335339188018356	0.00350139998509344	0.00352911492461288	0.00341602708140307	0.00302489886832632	0.00282022663238262	0.00244580557832266	0.00224279463767274	0.00223252292103538
72129	40-44	2	0.0040685988446627	0.00424817373600645	0.00428179958113224	0.00414459251217978	0.0036700449045147	0.0034217202409624	0.00296744321727646	0.00272113450230471	0.00270867194236395
72129	45-49	2	0.00534732698932973	0.00558334084847454	0.00562753492441561	0.00544720459017052	0.00482351033603753	0.00449713903540848	0.00390008623545535	0.00357636470429263	0.00355998537921978
72129	50-54	2	0.00747752602219844	0.00780756057897239	0.0078693601389733	0.00761719170248421	0.00674503811760785	0.00628865117487538	0.00545375183534298	0.00500107011945161	0.0049781659020144
72129	55-59	2	0.0107102545707904	0.0111829720434064	0.011271489455213	0.0109103022380721	0.00966109318769968	0.00900739790619043	0.0078115500457189	0.00716316183851176	0.00713035523102704
72129	60-64	2	0.0158648796711784	0.0165651065651071	0.0166962260443561	0.0161612074820509	0.0143107806956458	0.0133424744915404	0.0115710888898347	0.0106106444593779	0.0105620482287789
72129	65-69	2	0.0228420645183727	0.0238502430347514	0.024039027889695	0.0232687154133144	0.0206044925695043	0.0192103371793846	0.0166599162480042	0.0152770795154321	0.0152071107594849
72129	70-74	2	0.0354104364939814	0.036973341891009	0.0372660007944916	0.0360718403981879	0.0319416855043848	0.0297804252482108	0.0258266883222466	0.0236829725575007	0.0235745051257234
72129	75-79	2	0.0545027548468919	0.056908331109943	0.0573587822626044	0.0555207653562186	0.0491637488834024	0.0458372012642261	0.0397517201111753	0.0364521717019593	0.0362852173292024
72129	80-84	2	0.0918501346945355	0.09590410210074	0.0966632158115379	0.0935657138359132	0.0828526223989862	0.077246596887045	0.0669911179324961	0.0614305945720196	0.0611492352990029
72129	85+	2	0.197478536765616	0.206194608380609	0.207826709375224	0.201167050216352	0.1781338213497	0.166080818037917	0.144031443399979	0.132076282108025	0.131471354256856
72131	0-4	2	0.00362518881814125	0.0036824815546644	0.00356763343715377	0.00346912594454868	0.00314517392787748	0.00296776873033343	0.00265805960142381	0.00220298553786207	0.00218882967078236
72131	5-9	2	0.000223186161124183	0.000227239051426485	0.000220026703236364	0.000212951025777659	0.000191478554173066	0.000177095173374749	0.000162798819580075	0.000145003419231364	0.000145720831409785
72131	10-14	2	0.00027943476385454	0.000284509073275822	0.000275479021311347	0.000266620103084807	0.00023973602632229	0.000221727657352243	0.000203828260178269	0.000181547965728906	0.000182446181479022
72131	15-19	2	0.00102997338349525	0.00104867689305106	0.00101539270813738	0.00098273940989472	0.000883647035198618	0.000817269666338691	0.000751293970628798	0.000669170631465443	0.000672481398658187
72131	20-24	2	0.00196985870223329	0.0020056296792695	0.00194197234154303	0.00187952163085601	0.0016900040784546	0.0015630552290812	0.00143687453719233	0.00127981091600481	0.0012861428146242
72131	25-29	2	0.00242377261700526	0.00246778617278857	0.0023894602587253	0.00231261911369934	0.00207943118251276	0.0019232294063456	0.00176797309173669	0.00157471735063239	0.00158250827839629
72131	30-34	2	0.00291086625468082	0.00296372504509505	0.00286965840456316	0.00277737496333877	0.00249732440179808	0.00230973150193773	0.00212327389126531	0.00189118060695184	0.00190053727457182
72131	35-39	2	0.0035402074380565	0.00360449428531423	0.00349008982198264	0.00337785414210676	0.00303725551796423	0.00280910438090359	0.00258233393251883	0.00230006108379312	0.00231144084482663
72131	40-44	2	0.00429525802453991	0.00437325559039026	0.00423445098151069	0.00409827790058325	0.00368503691002859	0.00340822596287983	0.00313309029743999	0.00279061455249897	0.00280442133433114
72131	45-49	2	0.00564522310276937	0.0057477348516629	0.00556530493809883	0.00538633343041095	0.00484321401188415	0.004479403533599	0.00411779489499727	0.00366768197504901	0.00368582797934594
72131	50-54	2	0.00789409447080859	0.00803744375317634	0.00778233945453126	0.00753207096654421	0.00677259063636114	0.00626385015534943	0.00575818841524131	0.00512876520093348	0.00515414020145034
72131	55-59	2	0.0113069158401373	0.0115122394388271	0.011146847409934	0.0107883816220876	0.00970055731088818	0.00897187445128465	0.00824760208143716	0.00734606267883618	0.00738240782346176
72131	60-64	2	0.0167487017232838	0.0170528428886592	0.016511595366475	0.0159806080634014	0.014369236961377	0.0132898526545467	0.0122170024589122	0.010881570952961	0.0109354081188392
72131	65-69	2	0.0241145794041497	0.0245524785964185	0.0237731977471012	0.0230086896624968	0.0206886567365315	0.019134572851829	0.0175898934194093	0.0156671547248861	0.0157446688762426
72131	70-74	2	0.0373831268734681	0.0380619690483888	0.0368539036517875	0.0356687398245371	0.0320721577685518	0.0296629720001086	0.0272683665716346	0.0242876766634125	0.0244078410458348
72131	75-79	2	0.0575390674570137	0.0585839178134701	0.0567244959777488	0.0549003264252438	0.049364569418539	0.0456564203527484	0.0419707104324421	0.0373829170286371	0.0375678633213831
72131	80-84	2	0.0969670480302292	0.0987278695232696	0.0955942983740738	0.0925201346942366	0.0831910601374726	0.0769419423888772	0.0707306473812414	0.0629991233730736	0.0633108038299087
72131	85+	2	0.208479948989109	0.212265748111053	0.205528542595453	0.198919051892099	0.178861470615915	0.165425820211891	0.152071476267313	0.135448642287923	0.13611875516627
72133	0-4	2	0.00388972117532725	0.00379929465396483	0.00397070947587702	0.00398040265292765	0.00363068378863047	0.00320583892265627	0.0027517393463308	0.00225165919267983	0.00246957762512778
72133	5-9	2	0.000246795246897733	0.000252180316375873	0.000263010608402208	0.000247074354106026	0.000223152536343166	0.000205829835011254	0.00017943812503257	0.000162540283893305	0.000162380399255712
72133	10-14	2	0.000308993966963626	0.000315736197518427	0.000329296015531463	0.000309343418264336	0.000279392701784652	0.000257704210480685	0.000224661094620519	0.000203504571726444	0.000203304390932602
72133	15-19	2	0.0011389260103622	0.00116377733670408	0.0012137578662456	0.0011402140151199	0.00102981838903446	0.000949876345341158	0.000828081952243921	0.00075010077753046	0.000749362969768343
72133	20-24	2	0.00217823426583505	0.00222576320331279	0.00232135256792638	0.00218069715634871	0.0019695617718216	0.00181667010318104	0.00158373416577787	0.00143459253267439	0.00143318133100528
72133	25-29	2	0.00268016411966701	0.00273864505943961	0.00285626098867307	0.00268319428017414	0.00242340714843111	0.00223528459647809	0.00194867361193108	0.001765165305893	0.0017634288551134
72133	30-34	2	0.00321878363127488	0.00328901728140102	0.003430270023137	0.00322242297760835	0.00291042759017871	0.0026844987672148	0.00234028868988015	0.00211990197384095	0.0021178165987846
72133	35-39	2	0.00391469799014884	0.00400011621096966	0.00417190823386243	0.00391912369656645	0.0035396735557928	0.00326489790686177	0.00284626811729559	0.00257823275667603	0.00257569684621165
72133	40-44	2	0.00474961947185074	0.0048532550978109	0.00506168656816302	0.00475498871254287	0.00429461011938059	0.00396123067451131	0.00345331599334207	0.00312811426479529	0.00312503738924036
72133	45-49	2	0.00624238698020661	0.0063785944955699	0.00665253420553689	0.00624944331729223	0.00564437137866588	0.00520621346173747	0.00453866524584719	0.00411125496054775	0.00410721091453516
72133	50-54	2	0.00872914939439232	0.00891961787017059	0.00930268586126538	0.00873901568018322	0.00789290294529242	0.00728019766600798	0.00634672008777363	0.00574904361106447	0.00574338819706632
72133	55-59	2	0.0125029867948719	0.0127758002919822	0.0133244790344556	0.0125171200052245	0.0113052098543437	0.0104276156332243	0.00909057159975444	0.00823450383565947	0.0082264035473524
72133	60-64	2	0.0185204172967566	0.0189245316797462	0.0197372789976957	0.0185413545275806	0.0167461770281854	0.0154462126783712	0.0134656764069014	0.0121976013700986	0.0121856022771045
72133	65-69	2	0.0266654738867985	0.0272473128955124	0.0284174974498606	0.0266956213310232	0.0241109464428169	0.0222392745148469	0.0193877193770595	0.0175619596644524	0.0175446843210657
72133	70-74	2	0.0413375965974603	0.0422395776400427	0.0440536317575041	0.0413843321504025	0.0373774949117365	0.0344759729057779	0.0300554090917999	0.0272250583843474	0.0271982771059728
72133	75-79	2	0.0636256746378481	0.0650139723617957	0.0678061114050937	0.0636976024514523	0.05753039339383	0.0530644558090931	0.0462604479950243	0.0419040518798176	0.0418628239650774
72133	80-84	2	0.107224438715266	0.109564050154778	0.114269465855073	0.107345640505191	0.0969524218310585	0.0894262581475708	0.0779598857084665	0.0706183155637315	0.0705488363063132
72133	85+	2	0.230533425246035	0.235563617742425	0.245680302206656	0.230794008168909	0.208448508896166	0.192267193619908	0.167614404093562	0.151829983489584	0.151680589889301
72135	0-4	2	0.0033587870432932	0.00332649926961854	0.00329463342709014	0.00312203830216365	0.00265391034747492	0.00225119877014036	0.0022146002154316	0.00187297475732128	0.00192617430687465
72135	5-9	2	0.000196740903338125	0.000196780895341616	0.000198545918850459	0.000192902482201585	0.000170068650807147	0.000153384263593469	0.000140187445503239	0.000130312053518674	0.000131759992243978
72135	10-14	2	0.000246324662439336	0.000246374715220897	0.000248584570272219	0.000241518853029382	0.000212930306024513	0.000192041003690478	0.00017551824172319	0.000163154007355783	0.000164966859471065
72135	15-19	2	0.000907932296426755	0.000908116811092197	0.000916262156640498	0.000890218430685121	0.000784843444255761	0.000707847110208322	0.00064694556142309	0.000601372033104097	0.000608054077776292
72135	20-24	2	0.00173645088249906	0.00173680360638392	0.00175238175144501	0.00170257219253329	0.00150103896448951	0.0013537809950899	0.00123730473548362	0.00115014384371973	0.00116292339253445
72135	25-29	2	0.00213658024271087	0.00213701401453331	0.0021561818431057	0.00209489491525542	0.00184692271973972	0.00166573212826988	0.00152241650502338	0.0014151711070695	0.00143089539474668
72135	30-34	2	0.00256595844817847	0.00256647945042505	0.002589499238238	0.00251589553344539	0.00221808950089664	0.00200048599558158	0.00182836890130279	0.0016995712425616	0.00171845553278681
72135	35-39	2	0.00312072951255651	0.00312136291778977	0.00314935940168003	0.0030598419794444	0.00269764900519411	0.00243299878379054	0.00222366925173872	0.00206702489373854	0.00208999237102032
72135	40-44	2	0.00378631488368792	0.0037870831487615	0.00382105067360819	0.00371244122909733	0.00327300002745235	0.00295190516770373	0.00269793007848129	0.00250787682897386	0.00253574268548325
72135	45-49	2	0.0049763238165526	0.00497733359084262	0.00502197674967644	0.00487923201456348	0.00430167770720311	0.00387966501946905	0.00354586738325105	0.0032960819342126	0.00333270581939734
72135	50-54	2	0.0069587283355028	0.00696014064752296	0.00702256809195983	0.00682295816690327	0.00601532518374586	0.00542519643001687	0.00495842431830391	0.00460913213319282	0.00466034572476663
72135	55-59	2	0.00996716785894923	0.00996919112123749	0.0100586078883536	0.00977270161387182	0.00861590710224492	0.00777065011206027	0.00710208041474939	0.0066017793213177	0.00667513343401594
72135	60-64	2	0.0147641622170145	0.0147671597726599	0.0148996112803312	0.0144761041655746	0.0127625687156212	0.0115105059813513	0.0105201669151189	0.00977908129431473	0.00988773821312527
72135	65-69	2	0.0212572656060462	0.0212615812210188	0.0214522839541303	0.0208425246851272	0.0183753963830318	0.0165726915889621	0.0151468118607593	0.0140798052675814	0.0142362484166866
72135	70-74	2	0.0329536357134194	0.0329603250276297	0.0332559574712596	0.0323106905267457	0.028486076540976	0.0256914705311361	0.0234810305384136	0.0218269240317578	0.0220694463131629
72135	75-79	2	0.0507213193473369	0.0507316131517309	0.0511866422758722	0.0497317151577771	0.0438449768742479	0.0395435986079802	0.0361413498735733	0.0335953943134041	0.033968674764442
72135	80-84	2	0.0854775184555059	0.0854948630247775	0.0862616929241509	0.0838097915501396	0.0738892327782041	0.066640385331235	0.0609067897302873	0.0566162464307652	0.0572453114412554
72135	85+	2	0.183777359296448	0.183814659050071	0.18546335042471	0.180191736745482	0.158862460310161	0.143277382823735	0.130950101955737	0.121725407955195	0.123077898447013
72137	0-4	2	0.00344536582396616	0.00356187185997521	0.0036485812549919	0.00340842302020037	0.00297170848019398	0.00278838193802375	0.00274769704915977	0.00218070473522926	0.00225934663081124
72137	5-9	2	0.000211045298496265	0.000222179092502318	0.00023021473855105	0.000215149118420583	0.000189704437711815	0.00018229020897393	0.000163726601281584	0.000145553761943055	0.000150290751617148
72137	10-14	2	0.00026423411379762	0.000278173892573378	0.000288234723853021	0.000269372189977583	0.000237514800234295	0.000228231988405276	0.000204989867404188	0.000182237013663347	0.00018816784288655
72137	15-19	2	0.000973944892528572	0.00102532586441045	0.0010624092618281	0.000992883398837215	0.000875459739709009	0.000841244090386638	0.000755575552300065	0.000671710380828985	0.000693570961723776
72137	20-24	2	0.00186270222162378	0.00196096992556885	0.00203189299761523	0.00189892224835273	0.00167434547131332	0.00160890702523236	0.00144506308778384	0.00128466822323794	0.00132647722627668
72137	25-29	2	0.00229192382885666	0.00241283526783249	0.00250010117968176	0.0023364901841821	0.00206016436789804	0.0019796467575709	0.00177804848507136	0.00158069383384477	0.00163213689565271
72137	30-34	2	0.00275252021125528	0.00289773090039384	0.0030025343491581	0.0028060432316513	0.00247418558842456	0.00237748682987187	0.0021353740864236	0.00189835821116131	0.0019601395036985
72137	35-39	2	0.00334762658860645	0.00352423219564896	0.00365169434495297	0.00341272081670691	0.0030091141583131	0.00289150884015495	0.00259705040780423	0.00230879053856872	0.00238392938340129
72137	40-44	2	0.00406160417420352	0.00427587536300985	0.00443052224077661	0.00414058092556399	0.00365089362287623	0.00350820551745662	0.00315094546539541	0.00280120594171648	0.00289237014190455
72137	45-49	2	0.00533813419983705	0.00561974911467785	0.0058230001506124	0.005441932350872	0.00479834004339713	0.00461080593899749	0.00414126184724684	0.00368160204450069	0.00380141844779316
72137	50-54	2	0.00746467211405155	0.00785847341573517	0.00814269257111978	0.00760981886158056	0.00670984047120902	0.00644759923439087	0.00579100387481573	0.00514823068588036	0.00531577802368298
72137	55-59	2	0.0106918443666168	0.0112558965462531	0.0116629912564712	0.0108997424020274	0.0096106789374789	0.00923506350010269	0.00829460512857938	0.00737394378067091	0.00761392611907307
72137	60-64	2	0.0158376109755363	0.0166731297457754	0.0172761507810612	0.0161455659972436	0.0142361030696125	0.0136797100275944	0.0122866277949831	0.0109228715410971	0.0112783517402709
72137	65-69	2	0.0228028043242438	0.0240057745057921	0.024873997507498	0.023246195592606	0.0204969731586875	0.0196958856186811	0.0176901399405903	0.0157266195174486	0.0162384361218059
72137	70-74	2	0.0353495761496357	0.0372144545462426	0.0385603985221516	0.0360369320131015	0.0317750068553112	0.0305331362616534	0.0274237721048004	0.0243798615793168	0.0251732941132971
72137	75-79	2	0.0544090831557678	0.0572794495730072	0.0593510881378536	0.0554670392780657	0.0489072038612379	0.0469957535669442	0.042209904760097	0.0375248036094127	0.0387460262561894
72137	80-84	2	0.0916922805249631	0.096529529411861	0.100020732011514	0.0934751820149691	0.0824202934923713	0.0791990435682177	0.0711337505590102	0.0632382352871854	0.0652962878157161
72137	85+	2	0.197139149713804	0.20753928957194	0.215045409377305	0.200972417594214	0.177204319199393	0.170278604460848	0.152938155591901	0.135962738409646	0.140387553944167
72139	0-4	2	0.00322134994863919	0.00319683789952384	0.003109088225235	0.00297512961898299	0.0025339266386559	0.0024195921344658	0.00220417263405531	0.00165605594389405	0.001888648349735
72139	5-9	2	0.000190900751448356	0.000198697130167842	0.000200483343293814	0.000194027632575635	0.00016618792078119	0.00015708516311833	0.000144103302318048	0.000131560085831589	0.00013203691582589
72139	10-14	2	0.00023901264087708	0.000248773891256262	0.000251010270548858	0.000242927563210564	0.000208071527348107	0.000196674630290044	0.000180421004462617	0.000164716580520901	0.000165313576380217
72139	15-19	2	0.000880980643653793	0.000916959919237257	0.000925203001682712	0.000895410745503864	0.000766934279543099	0.000724926276328417	0.000665016759753083	0.00060713155871395	0.000609332049172588
72139	20-24	2	0.00168490482516548	0.00175371634849811	0.00176948141275424	0.00171250260809378	0.00146678700451319	0.00138644541828926	0.00127186646781331	0.00116115909328268	0.00116536755514084
72139	25-29	2	0.00207315642659468	0.00215782423816317	0.00217722213750315	0.00210711383739049	0.00180477818812141	0.00170592340510715	0.00156494223566316	0.00142872458505421	0.0014339027494558
72139	30-34	2	0.00248978846995224	0.00259147169366543	0.00261476790195376	0.00253057019144005	0.0021674755774345	0.00204875447525106	0.00187944087725106	0.00171584843375093	0.00172206724361813
72139	35-39	2	0.00302809105616873	0.00315175817746395	0.00318009087637362	0.00307768922704504	0.00263609214847065	0.00249170317284759	0.00228578331059323	0.00208682138579958	0.00209438494173757
72139	40-44	2	0.00367391873555149	0.00382396097588531	0.0038583362504847	0.00373409456888978	0.0031983141525445	0.00302312986906238	0.00277329179805738	0.00253189554114224	0.0025410721054208
72139	45-49	2	0.00482860222619369	0.00502580152860209	0.00507098050919139	0.00490769040703406	0.0042035184227239	0.0039732750971577	0.00364491465038307	0.0033276495560983	0.00333971028311604
72139	50-54	2	0.00675215945977851	0.00702791689413617	0.00709109341211996	0.00686275312025196	0.0058780619586049	0.00555609724004444	0.00509692868761133	0.00465327522230332	0.00467014058242206
72139	55-59	2	0.00967129339258454	0.0100662682012143	0.0101567578399113	0.00982970034977193	0.00841930075903188	0.00795814182564346	0.00730046291862264	0.00666500650899483	0.00668916282600461
72139	60-64	2	0.0143258896888962	0.014910957849777	0.015044998402758	0.0145605349570264	0.0124713393079226	0.0117882329016349	0.0108140256994739	0.00987273722071474	0.00990851941680292
72139	65-69	2	0.0206262460996077	0.0214686200897493	0.021661610578313	0.0209640868349792	0.0179560873163619	0.0169725589881429	0.0155699057238216	0.0142146491051649	0.0142661679132165
72139	70-74	2	0.0319754109280385	0.0332812825173674	0.0335804612304468	0.0324991391118773	0.0278360509471833	0.0263113565718078	0.024136923177579	0.0220359620326455	0.0221158269398682
72139	75-79	2	0.0492156597827656	0.0512256196446115	0.0516861071186115	0.0500217670112092	0.0428444727211849	0.0404977074411878	0.0371508783175846	0.0339171379249284	0.0340400602422457
72139	80-84	2	0.0829401224969916	0.0863273802485795	0.0871034083264009	0.0842985964266657	0.0722031433934128	0.0682482848479328	0.0626080855616688	0.0571584605912556	0.0573656112843604
72139	85+	2	0.178321942922489	0.18560458679498	0.187273051180007	0.181242670509885	0.155237350040234	0.146734376092125	0.134607901447486	0.122891173430671	0.12333654584922
72141	0-4	2	0.00363620284536961	0.00349542764279547	0.00340094193986854	0.00327001071430844	0.00278463765780141	0.00253503401814797	0.00262247987132898	0.00202902719596983	0.0019874175299893
72141	5-9	2	0.00021463785114083	0.000212854156284023	0.000213992571354161	0.000213965187801651	0.000189670657756699	0.000179435531531354	0.000158641092160021	0.000139534101180762	0.000137605465946973
72141	10-14	2	0.000268732050259733	0.000266498816714104	0.000267924144218505	0.000267889867526584	0.000237472499585779	0.000224657857838125	0.000198622679772825	0.000174700243076857	0.000172285538497863
72141	15-19	2	0.000990524043731064	0.000982292417869267	0.000987546020719712	0.000987419751500668	0.000875303919168973	0.000828070200879162	0.000732106627563431	0.000643930467960658	0.000635030069482264
72141	20-24	2	0.00189441055368678	0.00187866710168948	0.00188871466520306	0.00188847311189025	0.00167404773417724	0.00158371172079192	0.00140017808523562	0.0012315382485779	0.00121451589564078
72141	25-29	2	0.00233093906552899	0.00231156776590794	0.00232393055112024	0.00232363335337128	0.00205979809292605	0.00194864589915439	0.00172282077882282	0.00151532122835493	0.00149437639372745
72141	30-34	2	0.00279937647161863	0.00277611219828336	0.00279095948013269	0.00279060260749547	0.00247374569803134	0.00234025587064071	0.00206904764956168	0.00181984800301241	0.00179469395686931
72141	35-39	2	0.00340461309338315	0.00337631884671061	0.00339437604097763	0.00339394188415827	0.0030085791887947	0.00284622834961095	0.00251638385059517	0.0022133061443155	0.0021827137994728
72141	40-44	2	0.00413074439680685	0.00409641526084082	0.00411832348157704	0.00411779667651923	0.00365024433762294	0.0034532674775163	0.00305307429422473	0.00268535670624213	0.0026482396106296
72141	45-49	2	0.00542900410258733	0.00538388570088546	0.0054126794629271	0.005411986911015	0.00479748653661006	0.00453860133720152	0.00401263042606806	0.00352934214902884	0.00348055958182789
72141	50-54	2	0.00759174064573777	0.00752864893812607	0.007568913066803	0.00756794402409375	0.00670864679315757	0.00634663022086913	0.00561112984464499	0.00493531528844547	0.00486709934809399
72141	55-59	2	0.0108738467667742	0.0107834791855596	0.0108411509133712	0.0108397634081961	0.00960896888667885	0.00909044250822428	0.00803696619797077	0.00706897943899637	0.00697127176833684
72141	60-64	2	0.0161072053603274	0.01597334579846	0.0160587742434854	0.0160567199450291	0.0142335699631389	0.013465486012304	0.0119049923977531	0.0104711332182126	0.0103264009128155
72141	65-69	2	0.0231909600572069	0.0229982316025293	0.0231212310884104	0.0231182736326669	0.0204933242377692	0.0193874476276806	0.0171406658166291	0.0150762121757417	0.0148678275872236
72141	70-74	2	0.0359513033812034	0.0356525282775562	0.0358432049358089	0.035838620475819	0.0317693488656772	0.0300549876134864	0.0265719614975158	0.0233715810845753	0.0230485368671208
72141	75-79	2	0.055335243977102	0.0548753722215892	0.0551688543682181	0.0551617993383018	0.0488984913579069	0.0462597959296658	0.0408988218989442	0.0359728873333604	0.0354756607164005
72141	80-84	2	0.0932530799455372	0.0924780840475771	0.0929726681986503	0.0929607747957909	0.0824056053921683	0.0779587752254876	0.0689242581805729	0.0606228879750168	0.0597849441303081
72141	85+	2	0.200494885932843	0.198828645209225	0.199892006585425	0.199866432529986	0.177172735358617	0.167612010957972	0.148187719857998	0.130339707786763	0.128538123901028
72143	0-4	2	0.00375424651953383	0.00378206669469226	0.00382320780670658	0.00354472179972263	0.00294961871643958	0.00275328118083725	0.002364673864886	0.00191341251544094	0.00188462614919554
72143	5-9	2	0.000214176071078219	0.00021578311105879	0.000221882975696307	0.000213786628055145	0.00018407635519816	0.000175098610368625	0.000155181128419349	0.000136036439055914	0.000131982840923594
72143	10-14	2	0.000268153913943421	0.000270165958845428	0.000277803151393629	0.0002676663226177	0.000230468300190623	0.000219227930365048	0.000194290726481973	0.00017032108269122	0.000165245868854153
72143	15-19	2	0.000988393115863998	0.000995809327034711	0.00102395944503136	0.00098659584508293	0.000849486991524753	0.000808055947677411	0.00071613939904505	0.000627789219218291	0.000609082369922729
72143	20-24	2	0.00189033487775152	0.00190451840290641	0.00195835633907411	0.00188689713778598	0.00162467180231742	0.00154543365683332	0.00136964018164213	0.00120066755023122	0.00116489000483359
72143	25-29	2	0.00232592422527977	0.00234337588398685	0.00240961964928575	0.00232169420174911	0.0019990444578245	0.00190154736132488	0.00168524597431738	0.00147733694793821	0.00143331519362972
72143	30-34	2	0.00279335381732197	0.00281431275147084	0.00289386921072271	0.00278827370062736	0.00240078257475785	0.00228369204221314	0.00202392147568014	0.00177423018469294	0.00172136153656032
72143	35-39	2	0.00339728846938234	0.00342277885251707	0.00351953561356089	0.00339110957466846	0.00291984117331205	0.00277743524753874	0.00246150123053911	0.00215782551687271	0.00209352665891636
72143	40-44	2	0.00412185757932742	0.00415278418135029	0.00427017700584977	0.00411436056175887	0.00354258067303774	0.0033698024913821	0.00298648654947242	0.00261804329245587	0.00254003075572064
72143	45-49	2	0.00541732469935484	0.00545797107454722	0.0056122594605046	0.00540747118800389	0.00465598533186841	0.00442890408575719	0.00392511485202926	0.00344087284148784	0.0033383416326158
72143	50-54	2	0.00757540900407482	0.00763224775845586	0.00784799927725903	0.00756162932853672	0.00651077621614311	0.00619323347268144	0.005488751026967	0.00481160290575993	0.00466822659936082
72143	55-59	2	0.0108504550819235	0.0109318673972593	0.0112408941902736	0.0108307188975117	0.00932555384686473	0.00887072902195325	0.00786168061070091	0.00689178313427017	0.00668642155401913
72143	60-64	2	0.0160725569070484	0.0161931518267209	0.0166509070794673	0.0160433226656296	0.0138137528396887	0.0131400287747425	0.0116453459272726	0.0102086568717902	0.00990445828287661
72143	65-69	2	0.0231410750808497	0.0233147064278956	0.0239737779887392	0.0230989869232086	0.0198888784517141	0.0189188585307964	0.0167668295554631	0.0146983019527429	0.0142603205752603
72143	70-74	2	0.0358739723340742	0.036143138122314	0.0371648495063307	0.0358087241679303	0.0308323209462468	0.0293285667160191	0.025992428964075	0.0227857342194614	0.0221067630950399
72143	75-79	2	0.0552162168743042	0.0556305053508648	0.0572030939203526	0.0551157853737424	0.0474562466386181	0.0451417131573223	0.0400068225455537	0.0350711661993834	0.0340261077935458
72143	80-84	2	0.0930524955682033	0.0937506691255913	0.0964008522389176	0.092883233753901	0.0799750831421868	0.0760745451639024	0.0674210345394892	0.0591032753308117	0.0573421005838587
72143	85+	2	0.200063637036236	0.201564729849485	0.20726264500639	0.199699718724863	0.171947087519643	0.163560899180588	0.144955785511625	0.127072547237552	0.123285997036257
72145	0-4	2	0.00373832857407485	0.00370946452648267	0.00378103217973903	0.00365258214960605	0.00315798775777006	0.0028690791190077	0.0024882178590502	0.00228706019041649	0.00217458975452689
72145	5-9	2	0.000225852243356682	0.000225134576501241	0.000233799477117559	0.000234308692628937	0.000207687661257023	0.000188083537167588	0.000164551107446802	0.000146985630888092	0.000145271040685837
72145	10-14	2	0.000282772771253952	0.00028187422308346	0.000292722906038616	0.00029336047169473	0.000260030262361558	0.00023548538522229	0.000206022171884908	0.000184029744942144	0.000181883036283122
72145	15-19	2	0.00104227692892166	0.00103896491731971	0.00107895232502886	0.00108130235459393	0.000958449997883972	0.000867979532328699	0.000759380500825052	0.00067831823503904	0.000670405640462859
72145	20-24	2	0.0019933895067791	0.00198705496104789	0.00206353211321177	0.00206802655310605	0.0018330672410573	0.00166003954186723	0.001452340234698	0.00129730594918381	0.00128217280051487
72145	25-29	2	0.00245272556926052	0.00244493124537678	0.00253903096664993	0.0025445610684232	0.00225546027498477	0.00204256175363271	0.00178700252626869	0.00159624371708022	0.00157762340656129
72145	30-34	2	0.0029456378001135	0.00293627719665948	0.00304928771163978	0.00305592911174203	0.00270872911992387	0.00245304548524574	0.00214612759696417	0.00191703304876865	0.00189467069757304
72145	35-39	2	0.00358249670146168	0.00357111217905645	0.00370855589090099	0.00371663299881685	0.00329436690211194	0.00298340347802392	0.00261012876770098	0.0023315029379748	0.00230430590682335
72145	40-44	2	0.0043465668814796	0.00433275390052376	0.00449951132885223	0.0045093112429273	0.00399698476910454	0.00361969929433028	0.00316681304910213	0.00282876234755783	0.00279576470643054
72145	45-49	2	0.00571265809064508	0.00569450355311452	0.00591367139616241	0.00592655135075439	0.00525320474737278	0.00475734131201476	0.0041621164348443	0.00371781909405789	0.00367445064142964
72145	50-54	2	0.0079883935646113	0.0079630072186136	0.00826948417228105	0.00828749438575953	0.00734590851442773	0.00665250943366259	0.00582016630707661	0.00519887547802874	0.005138230370341
72145	55-59	2	0.0114419838647224	0.0114056225018208	0.0118445974052926	0.0118703937190648	0.0105217349879705	0.00952856142241465	0.00833637501891805	0.00744648356696928	0.00735962003473525
72145	60-64	2	0.0169487758423026	0.0168949147612666	0.0175451597617706	0.0175833720460337	0.0155856321869493	0.0141144629975246	0.012348501141781	0.0110303232658807	0.010901653560345
72145	65-69	2	0.0244026455093221	0.0243250971592744	0.0252613126851438	0.0253163311240934	0.0224400083878428	0.0203218364719221	0.0177792240251445	0.0158813276153481	0.0156960704494393
72145	70-74	2	0.0378296947067465	0.0377094753116855	0.0391608230521075	0.0392461138959265	0.0347871552197267	0.0315035033609391	0.0275618715363444	0.0246196941286811	0.0243325037751423
72145	75-79	2	0.0582264106695243	0.0580413683196363	0.0602752416479369	0.0604065215726717	0.0535434187788775	0.0484893155865747	0.0424224648152777	0.03789394559042	0.0374519050034462
72145	80-84	2	0.09812538438333	0.0978135422075638	0.101578148685163	0.101799382721959	0.0902334158188353	0.0817160478621906	0.0714919638044272	0.0638603301341096	0.0631153810771466
72145	85+	2	0.210970390589809	0.210299929194807	0.218393862466844	0.218869510680097	0.194002594122499	0.175690186137444	0.153708314018372	0.137300244513751	0.135698598859411
72147	0-4	2	0.00446705505989588	0.00467019595380221	0.00452416096980611	0.00411427431056725	0.00341935915880338	0.00330454667119307	0.00298552338357521	0.00242315673614284	0.00225884410177973
72147	5-9	2	0.000246292772762667	0.000254244475981684	0.00025113078437496	0.000246016161326663	0.000211320238829646	0.000196432683784593	0.000176228925520566	0.000161171039981769	0.000157014568044588
72147	10-14	2	0.000308364825600694	0.000318320569109831	0.000314422137853247	0.000308018514340267	0.000264578326641478	0.000245938715567919	0.000220643092658672	0.000201790247428968	0.000196586225489816
72147	15-19	2	0.00113660717196123	0.00117330338414496	0.00115893391907269	0.00113533070590733	0.000975213697741147	0.000906509577186134	0.000813271935968127	0.000743782025100758	0.00072460036250625
72147	20-24	2	0.00217379929014365	0.00224398181831675	0.00221649951300387	0.00217135754436962	0.00186512831711125	0.00173372946022448	0.00155540933833452	0.0014225076228353	0.00138582200176019
72147	25-29	2	0.00267470724037117	0.00276106184576897	0.0027272467363281	0.00267170270666399	0.00229490926082323	0.00213323212240365	0.00191382186221944	0.0017502955927584	0.00170515649201315
72147	30-34	2	0.00321223018318965	0.00331593918886687	0.00327532839645019	0.00320862186191655	0.0027561060128362	0.00256193747172513	0.0022984332544864	0.00210204400374243	0.00204783346012692
72147	35-39	2	0.00390672744191083	0.00403285863368015	0.00398346749826265	0.00390233867441246	0.00335198700731456	0.00311583841309536	0.00279536352758906	0.00255651410093328	0.0024905831044359
72147	40-44	2	0.00473994874777797	0.00489298078950182	0.00483305542218347	0.00473462352118637	0.0040668935875569	0.00378037946894552	0.00339155423911857	0.0031017633715957	0.00302177073051496
72147	45-49	2	0.00622967650493258	0.00643080523438742	0.00635204566228473	0.00622267727748798	0.0053450851415566	0.00496852184044878	0.00445749176074911	0.00407662197296716	0.00397148834644642
72147	50-54	2	0.00871137440584769	0.00899262645728179	0.00888249136110396	0.00870158622081593	0.00747439024355016	0.00694781658802537	0.00623320905006339	0.0057006132065024	0.00555359777954169
72147	55-59	2	0.0124775265053812	0.0128803719372253	0.0127226230454581	0.0124635079432237	0.0107057624674206	0.0099515371060745	0.00892798611701572	0.00816513517153733	0.00795456097838016
72147	60-64	2	0.0184827046423576	0.0190794309085994	0.0188457605229209	0.0184619387313068	0.0158582271253499	0.01474100735613	0.013224842169311	0.0120948463670352	0.0117829271757815
72147	65-69	2	0.0266111751232969	0.0274703350302784	0.0271339007514668	0.026581280728416	0.0228324877289942	0.0212239283319313	0.019040969429041	0.0174140152971522	0.016964917048577
72147	70-74	2	0.0412534212969846	0.0425853152506901	0.0420637646022191	0.0412070764618235	0.035395588386242	0.032901951803745	0.0295178663885457	0.0269957110856907	0.0262995069829636
72147	75-79	2	0.063496112742582	0.0655461210435051	0.064743362348479	0.0634247724344421	0.0544798957911956	0.050641765167482	0.0454330751426593	0.0415510450305563	0.040479460274105
72147	80-84	2	0.107006092690681	0.110460842715404	0.109108000138814	0.106885859639838	0.0918116077384204	0.0853434428678608	0.0765655609922676	0.0700234107357928	0.0682175351975892
72147	85+	2	0.230063981714014	0.237491747156592	0.234583121727572	0.229805481113619	0.197395714742331	0.18348910978864	0.164616591704446	0.150550924078137	0.146668262862086
72149	0-4	2	0.00357114340024162	0.0036664140948151	0.00346234278900316	0.00318670753332331	0.0028080345854455	0.0027420800847515	0.00271499138322679	0.00229002625717401	0.0022499559346263
72149	5-9	2	0.000226568487385126	0.000231871338002244	0.000220885389787141	0.000208858776867655	0.000185706416164062	0.000175835156235825	0.000156153762253494	0.000144924361835865	0.000141453034825269
72149	10-14	2	0.000283669555830078	0.00029030886089894	0.000276554145536866	0.000261496510761939	0.000232509165490996	0.000220150085847678	0.000195508469393822	0.000181448990798422	0.000177102795526177
72149	15-19	2	0.00104558262179671	0.00107005462680743	0.00101935553883027	0.000963854146050908	0.00085700931669079	0.000811454802546207	0.000720627767950722	0.000668805812301051	0.000652786077701769
72149	20-24	2	0.00199971215210884	0.00204651553129449	0.00194955150363806	0.00184340300005651	0.00163905861173287	0.00155193422194868	0.00137822442056391	0.00127911322052297	0.00124847486065038
72149	25-29	2	0.00246050546572753	0.00251809352457806	0.00239878600114983	0.00226817779315993	0.00201674651695049	0.00190954596436706	0.00169580837362451	0.00157385894109547	0.0015361605219866
72149	30-34	2	0.00295498143924327	0.00302414271572068	0.00288085851024455	0.00272400261690093	0.00242204241440235	0.00229329832054696	0.0020366067402345	0.00189014985570378	0.00184487533063296
72149	35-39	2	0.00359386073468147	0.00367797475105315	0.00350371166706903	0.00331294271202901	0.00294569743244559	0.00278911836159605	0.00247692907223812	0.00229880755778869	0.00224374463991228
72149	40-44	2	0.00436035465628901	0.00446240833646913	0.00425097850682605	0.00401952246181516	0.00357395150575351	0.00338397732895833	0.00300520469610733	0.00278909373776801	0.00272228703420741
72149	45-49	2	0.00573077933241893	0.00586490776509426	0.00558702711054868	0.00528282608708452	0.00469721562260607	0.00444753388686066	0.00394971591902646	0.00366568293265384	0.00357787953735334
72149	50-54	2	0.00801373401285859	0.00820129512825591	0.00781271569284915	0.00738733044719796	0.00656843184588788	0.00621928488776785	0.00552315237345746	0.00512596996722288	0.00500318844231356
72149	55-59	2	0.0114782787774283	0.0117469279510666	0.0111903560595591	0.0105810661764134	0.00940813571747212	0.00890804297510385	0.00791095414026	0.00734205922075733	0.00716619593733862
72149	60-64	2	0.0170025385232245	0.017400483779692	0.0165760457689396	0.0156735174139061	0.0139360801001531	0.0131953018457974	0.0117183339834433	0.0108756410460838	0.0106151383391542
72149	65-69	2	0.0244800516454449	0.0250530082452779	0.0238659928214922	0.0225665442200153	0.0200650029518829	0.0189984405920882	0.0168719182101136	0.0156586183574416	0.015283548634128
72149	70-74	2	0.0379496930929217	0.038837904471918	0.0369977578341575	0.0349833154816059	0.0311053540043558	0.0294519376242718	0.0261553419755002	0.0242744462181949	0.0236930013502153
72149	75-79	2	0.0584111061368742	0.0597782129734615	0.0569459094496959	0.0538453366927217	0.047876488620049	0.0453315996648069	0.0402575717195289	0.0373625515977214	0.0364676034032684
72149	80-84	2	0.0984366423076741	0.100740541189767	0.0959674313616389	0.0907422231573789	0.0806832899908562	0.0763945474684454	0.0678436041721447	0.062964801266396	0.061456603435901
72149	85+	2	0.211639584905578	0.216593008579518	0.20633077951572	0.195096522371361	0.173469735580668	0.164248904846755	0.145864301220034	0.135374846365517	0.132132199860668
72151	0-4	2	0.00381238785332796	0.00372641410672324	0.00362406520665962	0.00352299261140167	0.00292127834510975	0.00269472847576343	0.00243143619745269	0.00179330009467939	0.00212901896860314
72151	5-9	2	0.00022578516144048	0.000218929443812602	0.000215210549497971	0.000217283896425396	0.000183816241057798	0.000167091299517197	0.000156882857542947	0.000139082345175704	0.000142957737178094
72151	10-14	2	0.0002826887901388	0.000274105221133113	0.0002694490652914	0.000272044977256169	0.000230142619503725	0.000209202553260212	0.000196421327069734	0.000174134632987024	0.000178986722171618
72151	15-19	2	0.00104196760555622	0.00101032913849037	0.000993166812448823	0.00100273516607566	0.000848286468259361	0.000771103050618168	0.00072399259225775	0.000641845651851285	0.000659730131134794
72151	20-24	2	0.00199279810153223	0.00193228821396138	0.00189946448288891	0.00191776416102053	0.00162237573687816	0.00147475996885103	0.00138465969491982	0.00122755094106934	0.00126175557192275
72151	25-29	2	0.0024519979991559	0.00237754472984496	0.0023371573982552	0.00235967389828461	0.00199621929651047	0.00181458836971023	0.00170372645628951	0.00151041513016191	0.00155250149461648
72151	30-34	2	0.00294476431450471	0.00285534848151492	0.00280684469257783	0.00283388628215641	0.0023973898850069	0.00217925739739419	0.00204611598538228	0.00181395600078228	0.00186450024484579
72151	35-39	2	0.00358143445334558	0.00347268626486932	0.00341369557184079	0.00344658356549877	0.00291571487106145	0.0026504213138308	0.00248849417993503	0.00220614013059351	0.00226761248621279
72151	40-44	2	0.00434527804274837	0.00421333601718898	0.00414176374564245	0.00418166596920652	0.00353757424730971	0.00321569914478304	0.00301923647263682	0.00267666234445207	0.00275124531823642
72151	45-49	2	0.00571096434869145	0.00553755385025518	0.00544348680460913	0.00549592978917853	0.0046494050626231	0.00422636705066794	0.00396815766445224	0.00351791531179767	0.00361593914686184
72151	50-54	2	0.00798602502000416	0.00774353381244033	0.00761199342537975	0.00768532751278762	0.00650157500848006	0.00591001247057635	0.00554894058632311	0.00491933635881479	0.0050564097372244
72151	55-59	2	0.0114385904605261	0.0110912649138826	0.0109028567641908	0.0110078954341162	0.00931237496251398	0.00846506385912846	0.00794789145011684	0.00704609252576506	0.00724242610871632
72151	60-64	2	0.0169437491515929	0.0164292634406591	0.016150178659125	0.0163057705341805	0.0137942312553274	0.0125391254999458	0.0117730477731499	0.0104372317834809	0.0107280562107494
72151	65-69	2	0.0243954050905561	0.0236546551801955	0.0232528335186442	0.0234768548760143	0.0198607712120827	0.0180536859383116	0.0169506942046493	0.015027400804658	0.0154461265772972
72151	70-74	2	0.0378184722952539	0.0366701372152938	0.0360472204682568	0.0363945051972369	0.0307887474989286	0.027987350838698	0.0262774628037362	0.023295914414576	0.0239450323710396
72151	75-79	2	0.0582091358314203	0.0564416460873678	0.055482868354036	0.0560173998958325	0.0473891774635641	0.0430773506450981	0.0404455386995489	0.0358564228552596	0.0368555231814329
72151	80-84	2	0.0980962703266735	0.0951176252555201	0.0935018535744234	0.0944026648272518	0.0798620519574366	0.0725955964912053	0.0681603721158348	0.060426618464305	0.0621103395768245
72151	85+	2	0.210907789554736	0.204503686311576	0.201029757284941	0.202966490552334	0.171704050026065	0.156081105459677	0.146545340947058	0.129917731761713	0.133537752051091
72153	0-4	2	0.00390331462875352	0.00389101448574176	0.00354955555275149	0.00352994696488487	0.00333078307924426	0.00322731936164341	0.00264911999357188	0.00232657226615639	0.0026124621026232
72153	5-9	2	0.000236689465353897	0.000246716830861356	0.000229077466182421	0.000221797174509225	0.000204790091201293	0.000194825596144818	0.000171599695437062	0.000160240944945687	0.000158921850711216
72153	10-14	2	0.000296341242128042	0.000308895757506696	0.000286810805023677	0.000277695695640651	0.000256402401103145	0.000243926597748621	0.000214847178961197	0.000200625740379549	0.000198974196377496
72153	15-19	2	0.00109228922889659	0.00113856426224808	0.00105716066274813	0.00102356307853049	0.000945077925471726	0.000899093161084028	0.000791908744061167	0.000739489765889948	0.000733402311493104
72153	20-24	2	0.00208903981454882	0.00217754224746325	0.00202185485054677	0.00195759819543976	0.00180749266246279	0.00171954537325361	0.00151455159328452	0.00141429858864718	0.00140265606246089
72153	25-29	2	0.00257041662762928	0.00267931253888819	0.00248775010140195	0.00240868688914636	0.00222399271371315	0.00211577962083461	0.00186354926628295	0.00174019498274422	0.00172586964859467
72153	30-34	2	0.00308698074567495	0.00321776093915798	0.00298770107003925	0.00289274891023369	0.00267093766540353	0.00254097756515091	0.0022380575763972	0.0020899135447229	0.00207270930735286
72153	35-39	2	0.00375439857807165	0.00391345375961734	0.00363365380466768	0.00351817249409079	0.00324840474841868	0.00309034678167715	0.00272193430703085	0.00254176083225773	0.00252083715292059
72153	40-44	2	0.0045551318445997	0.0047481098136723	0.00440863427167502	0.00426852319579143	0.00394121971646916	0.00374945128465025	0.00330246433339433	0.0030838636903077	0.00305847735594857
72153	45-49	2	0.00598677326715416	0.00624040280767544	0.00579423267131532	0.00561008556623438	0.0051799131393501	0.0049278733014759	0.0043404017782386	0.00405309678617714	0.00401973174077237
72153	50-54	2	0.00837170735192639	0.00872637493482741	0.0081024648937101	0.00784495892877095	0.00724341980852959	0.00689097550844978	0.00606947452167666	0.00566771655653697	0.00562106002415307
72153	55-59	2	0.0119910127799485	0.0124990130309526	0.0116053711056787	0.0112365391841292	0.0103749383003567	0.0098701225342299	0.00869346528455877	0.00811801661640025	0.00805118915673321
72153	60-64	2	0.0177620413072303	0.0185145323915532	0.0171907992203282	0.016644456052524	0.0153681847915291	0.0146204101961731	0.01287745120995	0.0120250509314246	0.0119260603128352
72153	65-69	2	0.0255735726105726	0.026657000260066	0.0247511062250825	0.0239644893752049	0.0221269296494173	0.0210502939500589	0.0185408004812919	0.0173135234062863	0.0171709979870134
72153	70-74	2	0.0396449015337314	0.0413244593938666	0.0383698859393878	0.0371504504581012	0.0343018124740409	0.0326327797376721	0.0287424910505158	0.0268399270254609	0.0266189781190584
72153	75-79	2	0.0610203227377444	0.0636054476545408	0.0590578498191344	0.0571809297024124	0.0527963873933762	0.0502274617099981	0.0442396384194049	0.0413112680797203	0.040971184318169
72153	80-84	2	0.102833802977122	0.107190350122514	0.0995265569334973	0.0963634926253607	0.0889744913261305	0.0846452424085523	0.0745543352868689	0.0696193302817786	0.0690462109330897
72153	85+	2	0.221093513092358	0.230460144833655	0.213982920630167	0.207182291273644	0.191295882989568	0.181987964544202	0.160292434502202	0.14968214701659	0.148449934256174
630	0-4	0	0.00369581097399904	0.00370862857309486	0.00370346236022798	0.00350339516727643	0.00298082539230573	0.00277105248365014	0.00257937488940634	0.00213527231039501	0.00218596620087384
630	5-9	0	0.000223619042131962	0.000227327739503908	0.000230510880002996	0.000222252885440694	0.000192048085328735	0.00017883194118134	0.000162342844142664	0.000145407506541951	0.00014488546597186
630	10-14	0	0.000279874698307817	0.000284527065091017	0.000288466436052384	0.000278139799781853	0.000240395946137237	0.000223850427434517	0.00020317344490821	0.000182037345494121	0.000181267170181248
630	15-19	0	0.00103247194123479	0.00104961221986952	0.00106457218461651	0.00102574119612051	0.00088611833621774	0.0008256519131117	0.00074928557632639	0.000670871275912762	0.000668375316485388
630	20-24	0	0.00197810420401092	0.00200957563417917	0.00204000706795692	0.00196406759707061	0.0016954332819682	0.0015801462501139	0.00143448618623173	0.00128364757617839	0.00127953565708881
630	25-29	0	0.00243002519143314	0.00246816030902065	0.00250691546725617	0.00241456680613701	0.00208528534281613	0.00194232742877175	0.00176289922439176	0.00157997647497938	0.00157514396138274
630	30-34	0	0.00291389593515619	0.00296367919845665	0.00301013292632954	0.00289743143414371	0.00250067885302426	0.00233004294717244	0.0021160715202601	0.00189691845149987	0.00189138511085749
630	35-39	0	0.00354248184122789	0.00360453546086202	0.00365854453877592	0.0035196675280293	0.0030381052329608	0.00283275232755357	0.00257397126893873	0.00230633722650151	0.00229992966467479
630	40-44	0	0.00429658410547536	0.00437056295997701	0.00443686621272635	0.00427178517765006	0.00368757760419027	0.00343462799202749	0.00312182925563864	0.0027989058578123	0.00278890742202039
630	45-49	0	0.00565196503499357	0.0057454905304701	0.00583367549723252	0.00561934960361975	0.00484982775462438	0.00451452695229166	0.00409919872696254	0.0036776042380361	0.00366664996377459
630	50-54	0	0.00791395942317506	0.0080405933780711	0.00816415880193406	0.00786444696122459	0.0067893110870379	0.00632069239254988	0.00573297451486834	0.00513731776177283	0.0051244887121977
630	55-59	0	0.0113736578181429	0.011541839512888	0.0117089581779665	0.0112692349697546	0.00972786781041112	0.00906198182492655	0.00822008026247443	0.00735679387027664	0.00733153473873067
630	60-64	0	0.0168711015559916	0.0171178909620859	0.0173698773391107	0.0167018832570627	0.0144131539989722	0.0134345816657788	0.0121936496264607	0.0109139163054392	0.0108586155768144
630	65-69	0	0.0243459532930126	0.0247179923791472	0.0250658500648945	0.0240713259467617	0.0207622177632073	0.0193570740572092	0.0175765063136372	0.0157284556964899	0.0156464594673854
630	70-74	0	0.0377474421289171	0.0383139430181811	0.038841090152838	0.0373398218557198	0.0321831358551064	0.0299966907152234	0.0272618631210763	0.024405024657608	0.0242803413879003
630	75-79	0	0.0581750578834428	0.0590467140985649	0.0598400315895526	0.0575624557999657	0.0495807051960713	0.0461984865286621	0.0419537317022026	0.0375280443806115	0.0373835326287938
630	80-84	0	0.0979738677809663	0.0994079167552741	0.100728163203724	0.0969320676474765	0.0835385919394686	0.0777953303414763	0.0707012323733464	0.0632766030616038	0.0630058952499885
630	85+	0	0.210367638454351	0.213547685817504	0.216322759626515	0.208245481047295	0.179685104196754	0.167367198747274	0.151973876332857	0.136039845192271	0.135485234278888
