reg_code	age	include_code	1980	1985	1990	1995	2000	2005	2010	2015	2020
72001	0-4	2	0.00439268922075413	0.00302783056540857	0.00311716212410184	0.00358099869386967	0.00280697055859915	0.00214005000624141	0.0023108573295195	0.00220488876310455	0.00231431627901087
72001	5-9	2	0.000203652558287249	0.000230394708129003	0.000227945079542102	0.000212673206298355	0.000190274443423824	0.000171234557328331	0.000165012843842841	0.000143496962330314	0.000149161542595501
72001	10-14	2	0.000270853037912864	0.000292824247738131	0.000290314946849016	0.000270492639321232	0.000219410068841165	0.000207884612473339	0.000190627029438969	0.000174885582732817	0.000181703427546348
72001	15-19	2	0.00101252713769538	0.000853288667555185	0.000887380561436537	0.000983381849284576	0.000821466402076193	0.000716810981308108	0.000613679946156211	0.000630957759053099	0.000598733999801798
72001	20-24	2	0.00139099780981499	0.00160720525726609	0.00159611485033812	0.0016335244327973	0.00136481156895611	0.0014849312121662	0.00106406116326661	0.00110072656469855	0.00115123630037036
72001	25-29	2	0.00181854044780461	0.00230247218888989	0.00228097645568454	0.0024762476839914	0.00172290814788197	0.0016722031709393	0.00158337341295206	0.0015039781232316	0.00149855524772126
72001	30-34	2	0.00223844551348933	0.00253813547809263	0.0026955656235927	0.00307089911525744	0.00208573567689936	0.00192066138998701	0.00184510628707374	0.00217918772199689	0.00161953083669932
72001	35-39	2	0.00281005188894404	0.00368571571193856	0.0038161679041271	0.00294074662854873	0.00262224273193211	0.00246960865358332	0.00233854076297412	0.0018404450852282	0.00201335634974278
72001	40-44	2	0.00360063974090872	0.00426806698384866	0.00448009069453726	0.00394695372014754	0.00302915307577033	0.00364067672288849	0.00246445238171789	0.00271124905608893	0.0026361201255236
72001	45-49	2	0.00555632333658603	0.00557283283658362	0.00546502191794086	0.00471969871035075	0.00385834308163062	0.00413035636987835	0.00374250967395298	0.00327620759793578	0.00406500471221107
72001	50-54	2	0.00727250677446688	0.00837764506359099	0.00768488455839807	0.00665989752872585	0.00545022371299874	0.00582368007018281	0.00492908831801374	0.00450613376464233	0.00520135273601095
72001	55-59	2	0.0108311812920585	0.0124294658344359	0.01069707127194	0.0105606006300102	0.0104087617697861	0.00753049002402802	0.00751577051532041	0.00713580364080669	0.00767296688453245
72001	60-64	2	0.0170816978076691	0.0239354921206834	0.0229654977393274	0.0209415773949674	0.0150321746844289	0.0118341279846857	0.0109608104679322	0.0132253225448184	0.00825461101225019
72001	65-69	2	0.0263873561294377	0.0307421359524399	0.0292822702787074	0.0281728392119292	0.0209244770184368	0.0191659268906799	0.0171512714685398	0.0133409330232578	0.0107287465162403
72001	70-74	2	0.0418414900510643	0.0387964015805029	0.0360063743718556	0.0355513002082065	0.0338930900391439	0.0334487694129895	0.0269961611813559	0.020322623833691	0.0230955249723475
72001	75-79	2	0.0586715227924568	0.0611409756760077	0.0658071204355997	0.0528902556038443	0.0633849796769085	0.0427380922665086	0.0419114418309203	0.0298070361380505	0.0353548356666072
72001	80-84	2	0.0870883958507865	0.087449322871124	0.0986920088731075	0.107337157197787	0.0885895872869634	0.0674869609371709	0.0751768284402878	0.0613259261941042	0.0465022192735335
72001	85+	2	0.189050966862679	0.166253411908216	0.154810447498362	0.153671167944761	0.175182909932797	0.154862416762621	0.122712199747137	0.130075575057767	0.108635594588752
72003	0-4	2	0.00366634299957475	0.00291636649975116	0.00281766132830165	0.0026409210481682	0.00223563584951883	0.00231167338850223	0.00238696188941445	0.00154319750741068	0.00214250206115768
72003	5-9	2	0.000244422542275042	0.00022711722340407	0.000258290697989343	0.000230467450030683	0.000179472760651261	0.000188569335061501	0.000150246254687628	0.000137779128382326	0.000144563107080831
72003	10-14	2	0.000330500589528657	0.000257063442874536	0.000278956318938898	0.000274684151202905	0.000205403749158946	0.000205126526097344	0.000190070083040446	0.000167097508688688	0.000174616131167272
72003	15-19	2	0.000803363285707697	0.000931184651451427	0.000925713271023887	0.00083121244394742	0.000792160657341611	0.000706492408003202	0.000591617866395475	0.000566133933187729	0.000549578480975578
72003	20-24	2	0.001319743591712	0.00197358621093815	0.00168803590649998	0.00150167438905616	0.00131440600162256	0.00125671389822421	0.00111846894358207	0.0012101220397127	0.0011484490533067
72003	25-29	2	0.0020301268201057	0.00168973220718257	0.00210971015517955	0.00232678139717743	0.00165301693664326	0.00138342093102031	0.00172035164995163	0.00140033924198206	0.00135361204984859
72003	30-34	2	0.00234544192334805	0.00236381196582246	0.00219085207660235	0.00239445136516508	0.00206013061891114	0.00156505726510669	0.0015033995150292	0.00152778299337074	0.00170325017312678
72003	35-39	2	0.00251667975511834	0.00302303428453405	0.00347539536100429	0.00317147816500718	0.00297229726141552	0.00196858057471267	0.00216961469884483	0.00189578082092545	0.00228951375734408
72003	40-44	2	0.0033063629011881	0.00360554116266205	0.00464004082661713	0.0046717226324094	0.00321314348775364	0.00294481040112944	0.00283503229023632	0.00232986572658362	0.00292071611547073
72003	45-49	2	0.00510552855032928	0.00526423211293349	0.00463499691084808	0.0050161173156072	0.00389842625542465	0.00330871685242782	0.00338017004461826	0.00395927275658069	0.0031592651639359
72003	50-54	2	0.00854545925463165	0.00742851318130648	0.00980292942590154	0.00777973778700117	0.00637866396616886	0.00646360880025018	0.00567203363854152	0.00444819767829999	0.00555211330954676
72003	55-59	2	0.0095828950759668	0.0111012732738327	0.0105301077249573	0.0116128351641679	0.00821396506831009	0.00813869221286574	0.00795670659200912	0.00716738102512336	0.00610828379646132
72003	60-64	2	0.0178303493533342	0.0163705824582556	0.0171429260280613	0.016545672060722	0.0142978109554793	0.0102633587848806	0.0129319685138818	0.00878429269739863	0.0127684391367784
72003	65-69	2	0.025749162965779	0.0222335202400955	0.0243978050917949	0.0252599646834327	0.021523914740587	0.0216588265996499	0.0176746647823952	0.0145311324820199	0.0192720558035321
72003	70-74	2	0.0445928560446716	0.0367029172157542	0.0328090671067117	0.038765069181549	0.035173264530776	0.0276757484892546	0.0250944967826103	0.0239285876674815	0.0213610831420765
72003	75-79	2	0.0502926929751789	0.058028245618532	0.0512281680572911	0.0593185596792125	0.0511753721012559	0.0404864859788758	0.0440859801337152	0.0314763586202589	0.0404236707956467
72003	80-84	2	0.0841716668138896	0.0959410501823417	0.0912179253779844	0.0821713789209271	0.0682931629007695	0.069939411938247	0.0706326545160409	0.0577143613232421	0.0609380952066387
72003	85+	2	0.173870195448459	0.173759485068248	0.181166774214488	0.150902562601969	0.174882028038325	0.17734883931161	0.141538761813825	0.124070612244887	0.116853074390641
72005	0-4	2	0.00494312137874917	0.00362304994921487	0.00388820865285345	0.00276453811977888	0.00223840359485911	0.00234520745968511	0.00216058315217397	0.0016595064410601	0.00198431104540333
72005	5-9	2	0.000248080331294835	0.000222572910188826	0.000220795869711398	0.000227085153796614	0.000214436756965466	0.00017849981933972	0.000173870219189135	0.000153942143213172	0.000170419022952433
72005	10-14	2	0.000344239914433447	0.000311074970699857	0.000352221360669668	0.000295976460206105	0.000224522013013483	0.000224176300858065	0.000198927486081964	0.000194277724403854	0.000194378382568462
72005	15-19	2	0.00084864143131294	0.000879988155689706	0.00116832869205311	0.00119362998619957	0.000934099206535197	0.000849456762096881	0.00063411528639247	0.000612660223447989	0.000702740528422674
72005	20-24	2	0.00196489642711802	0.00175441727005963	0.00187106492573076	0.00209621210697814	0.00147075444227578	0.00137039547007066	0.00152899775132965	0.00132947326543799	0.00125544285784043
72005	25-29	2	0.00252203085170156	0.0031939278989816	0.00249555996242616	0.00252023871797374	0.00160200474463985	0.00222453652085914	0.00151320433360288	0.00144944891045511	0.00176899069079796
72005	30-34	2	0.00266270678494588	0.00294527822846243	0.00304914205432699	0.00367088893360524	0.00197026262058005	0.00188093997958884	0.00184071401106926	0.00211579263102589	0.00311698903168254
72005	35-39	2	0.00319019649373624	0.00467119889304162	0.00460814025114385	0.00425450557269258	0.00329997002650547	0.0032574108712139	0.00271749973278293	0.00276940076759836	0.00288879348420132
72005	40-44	2	0.00479144893287695	0.00584863188365103	0.00469079539097702	0.00576459437468498	0.00342216542452765	0.00449117539873943	0.003170199195882	0.00283016478799854	0.00433786861312974
72005	45-49	2	0.00626652400107532	0.00637471116985603	0.00656541641344576	0.00688973212187627	0.00538155240687411	0.0055886550263335	0.00467502451156546	0.00408198568598622	0.00495418065651836
72005	50-54	2	0.00803318898595195	0.00822048201280894	0.00830054900262362	0.0085279992417713	0.00742955748230757	0.00749344679165907	0.00699661739490266	0.00650015878639709	0.00767986441995834
72005	55-59	2	0.0125326955109718	0.0137455319468425	0.0129974932568014	0.0126837998290036	0.0117825180838216	0.00971729771476313	0.00942467064343492	0.0120103111749031	0.00890590906195745
72005	60-64	2	0.0177834940628104	0.0185949308187131	0.0213410280450995	0.0177052554194879	0.0165512451995737	0.0158161642921544	0.0146245605041162	0.0133572795317149	0.012429584697649
72005	65-69	2	0.0275408952627921	0.0270477209384767	0.0265742710022177	0.0278899734608424	0.0240420096214764	0.0202349674497715	0.0210328994082312	0.0207114857159945	0.0170087565071549
72005	70-74	2	0.0444110767067335	0.040484144597399	0.0426065613927398	0.0371650446306913	0.0353406064979265	0.0322608062245642	0.0273331082810779	0.0279326273820481	0.0244347647061056
72005	75-79	2	0.0557088806678183	0.0596067508904236	0.0548468502380619	0.0626868935036566	0.0550503636897951	0.0514925070383735	0.0460801187097144	0.0359809523229217	0.0364350730512672
72005	80-84	2	0.0856814810277979	0.090858300878707	0.0908239584804976	0.099090809369416	0.0945795323407455	0.0764032571818122	0.071862044740157	0.0583186908614048	0.0630669641206876
72005	85+	2	0.194562600518684	0.160864070773063	0.150552929838202	0.162052101568403	0.169113879020997	0.178217465703963	0.141191381767826	0.118452314667192	0.124708467477824
72007	0-4	2	0.00405339791431719	0.00340227221569016	0.00302266561965839	0.00303968082878417	0.00258585818905203	0.00266326046803871	0.00228514718169286	0.00210231635816299	0.00225438866589715
72007	5-9	2	0.000215069079367345	0.00024257375088278	0.000239243344003336	0.000212954357692918	0.000190606381703456	0.000180708579031677	0.000165867209417925	0.000152707397528109	0.000151762666819141
72007	10-14	2	0.000300999060775555	0.000278224334885189	0.000274063079114639	0.000297192396620434	0.000242558490530664	0.000229600988459758	0.000191283504764611	0.000176079497666227	0.000184365877929932
72007	15-19	2	0.00085938288137505	0.000925403132720144	0.000883441660546959	0.00105300107984382	0.000828669751864872	0.000704033397536482	0.000749117714260148	0.000564210763815602	0.000624772860036028
72007	20-24	2	0.00159767318324794	0.00163377705309637	0.00197299385902233	0.00187721096295625	0.0020225045927209	0.00154260057337571	0.00158976348985983	0.00173306034004239	0.00148989206321936
72007	25-29	2	0.00198198010194238	0.00252184582434506	0.00221501890280731	0.00235539742013008	0.00212609840399314	0.0020858339791023	0.00264530643305089	0.00163188131321736	0.0013790262654078
72007	30-34	2	0.00259683439850239	0.00257971073045105	0.00334054039057558	0.00360532407395414	0.00185568701403422	0.00262420386451532	0.0022783727067692	0.00212345125471971	0.00200548106193866
72007	35-39	2	0.00315827983249023	0.00293437027570343	0.00395107606152778	0.00377497766295372	0.00271839092298741	0.0027357477726122	0.0025811158258248	0.00268930003890398	0.0025505360544016
72007	40-44	2	0.00386569380405465	0.00396901096965434	0.00389512150473808	0.00396015529383415	0.00367876718305756	0.00365431354717554	0.00306992957709165	0.00364504900852699	0.00248044143882571
72007	45-49	2	0.00559111259842179	0.00588257535077314	0.00610897081148156	0.00501968514166578	0.00512902102243153	0.0053526462054768	0.00451051396821494	0.00359353107057634	0.00393711714449391
72007	50-54	2	0.00920365753134919	0.0101024652777758	0.00726765787057395	0.00952844566668487	0.00569709391970176	0.00737065444211189	0.0068010204096492	0.00510813055644814	0.00570269350576543
72007	55-59	2	0.0126803397205829	0.0125516721358081	0.0131657590400703	0.0097198991205537	0.0104683696083823	0.00932243500124552	0.00764881241703832	0.00887105139884274	0.00967616249635843
72007	60-64	2	0.0140864219242588	0.0171760800391357	0.0145464852843	0.0157173607822717	0.0139936544567349	0.0128461528757798	0.0118620206121174	0.0103862334339972	0.0131443412640326
72007	65-69	2	0.0303411777937466	0.02449403105366	0.0268716982082426	0.0205961843442175	0.0237489008052898	0.021949429882187	0.0133259315953238	0.0182429049874588	0.0143179193131266
72007	70-74	2	0.042727903902803	0.0414683931780191	0.0488520519119052	0.0379150108616904	0.0262259157882918	0.0231425501529148	0.0232341623069321	0.0230859964690032	0.0221758748076308
72007	75-79	2	0.0607802456222784	0.0559808405164444	0.0506796725999232	0.057217064987423	0.0511031940517627	0.043812701720885	0.0336959401528249	0.0299662698331065	0.0368592905885512
72007	80-84	2	0.0843320520048855	0.0802750487168373	0.0815998232208695	0.0965691089357001	0.0813449532655421	0.0759529558783911	0.059732964316557	0.0621453880120256	0.0550269596170023
72007	85+	2	0.19757368174513	0.191259252004895	0.139723958449388	0.145148586360376	0.140740025953319	0.15611233614022	0.136685155606609	0.122916255515834	0.119817224272846
72009	0-4	2	0.00394824254360631	0.00444073127816611	0.00328914593978004	0.00331920248452494	0.00282426997793951	0.00287880493293745	0.00298521705269238	0.00223174646930961	0.0020587348019015
72009	5-9	2	0.000253460172313715	0.000213138881824509	0.000232246215118611	0.000251487807774755	0.000185518080496989	0.000176239305930437	0.000161936808649252	0.000147974918669134	0.000161678567695877
72009	10-14	2	0.000276572776397192	0.000284416102648427	0.000281355889788822	0.000261358475371484	0.000298107685457504	0.000213054533448515	0.000217203725320542	0.000179702137933891	0.000186700280795535
72009	15-19	2	0.000877480278215871	0.000975002545263577	0.00100876249830682	0.000915956057675142	0.000776498624638893	0.000816496084123731	0.000916325942191342	0.0006366963287265	0.000633367067400413
72009	20-24	2	0.00164022923761757	0.00165307317246736	0.00175903528965436	0.00194344163016923	0.00147052403722209	0.00139978117686973	0.00160570896557841	0.001705960839745	0.00113809965332981
72009	25-29	2	0.00203885378080156	0.00213428540229678	0.00238086515173219	0.00200422711809442	0.001798961072706	0.00206250555611528	0.00191660966965665	0.00178791336869813	0.00160192703298938
72009	30-34	2	0.00229596855729299	0.00266491262950334	0.00301726535121635	0.00259746986605223	0.00244212071276888	0.0021954278683726	0.00250222996307445	0.00209037814290262	0.00178170476754292
72009	35-39	2	0.00324059323725196	0.00353539493289503	0.00480206192080097	0.00305595333367823	0.00275411038470358	0.00270536678288755	0.00237608118585471	0.00213157693919341	0.00276259179682068
72009	40-44	2	0.00336672884192698	0.00396348805077378	0.00407448039924876	0.0049704486931811	0.00335481080612903	0.00400171402263474	0.00284389559119725	0.00313742230336308	0.00306043760498026
72009	45-49	2	0.00600068359764799	0.00460123490494969	0.00529996354749636	0.00592657636265224	0.00415257414096425	0.00440440327417552	0.00512891090052047	0.00342371815118169	0.00395600221435416
72009	50-54	2	0.0106080933418581	0.0103945665891184	0.00873924427007024	0.00812033896290485	0.005797525724944	0.00611100210421417	0.00619982516539696	0.00720445272459759	0.00524817721101477
72009	55-59	2	0.0134798015166401	0.0115529823210715	0.00915413837224778	0.0107396563967137	0.0128904899459268	0.00971863152991855	0.0075659301188964	0.00778584379695577	0.00897086432447425
72009	60-64	2	0.0191676273391713	0.0206363426067316	0.015504522287838	0.0178802569705108	0.0125870131471306	0.0144082405699234	0.0127614217100694	0.0108072369519523	0.00869465192633972
72009	65-69	2	0.0292804712563042	0.0236060455138715	0.0241146288155691	0.0264348351385319	0.0212554548115095	0.0211939349276708	0.0180545403691095	0.0156371783371795	0.0169835052974551
72009	70-74	2	0.0407748021548422	0.042514057845673	0.0364060180135244	0.0452628958507805	0.0377241397779727	0.0281030999978994	0.0255722921215382	0.0209231301377868	0.0196253013182834
72009	75-79	2	0.0511935948327977	0.0608513839724734	0.054422669047797	0.0494277858419054	0.0460145468713143	0.0437599175505447	0.0491205818610619	0.0344046849123214	0.0279957289001535
72009	80-84	2	0.0902443013985114	0.0896384501009643	0.0834596377614887	0.0818939102381133	0.0861458061127511	0.0813818526011989	0.0697918686029862	0.0670657708453381	0.0519988920010876
72009	85+	2	0.16957394814398	0.17896421166338	0.151260843908294	0.200629086615529	0.159201999051909	0.154463549854612	0.15756605662516	0.113870317293604	0.092835095286084
72011	0-4	2	0.0044261935429594	0.00379312684552074	0.00398301366169213	0.00302617086404673	0.00268127221221684	0.00226018311499689	0.0027099987198747	0.00202525500449717	0.00249736106524335
72011	5-9	2	0.000226365091343414	0.000221241653855958	0.000279104395840485	0.000247500936353849	0.000200791427216586	0.000181038783824367	0.000166473896603477	0.000152902871579986	0.000168305179006258
72011	10-14	2	0.000272363158260048	0.000307031506748702	0.00030450167300093	0.000271187544417549	0.000242822601345898	0.000218521670672091	0.000211932063382554	0.000185824925056077	0.000194459060562364
72011	15-19	2	0.000844022460273117	0.00086338971617585	0.00108915391700555	0.000876028319352525	0.00070508001845854	0.00076262129428887	0.000742875012396278	0.000646253876290777	0.000656190903744808
72011	20-24	2	0.00183270347432752	0.00178130076953611	0.00167762955463401	0.0016714242988824	0.00181195234533266	0.00173257221309662	0.0014689885084129	0.00114267713633291	0.00115366150872503
72011	25-29	2	0.00206377025533963	0.00234637555822075	0.00294878604893497	0.00181684785152258	0.00200340727748867	0.00191732925729912	0.00150320957504581	0.00149348065576437	0.00141817010550048
72011	30-34	2	0.0021239806396184	0.00336854037605272	0.00344811438293796	0.00282853265687532	0.00236960939239057	0.00188408113757027	0.00167075204558735	0.00188672703448157	0.00193082884076103
72011	35-39	2	0.00303966162736294	0.00294244571126901	0.00373328905929007	0.00475741645455463	0.00247801625951768	0.00264835783179868	0.00193581035523381	0.00293321243340443	0.00221181687922642
72011	40-44	2	0.00436727569932463	0.00457238848984906	0.00484285255802641	0.0050014176018962	0.00337580625063082	0.0031587100027477	0.00303586561977027	0.00273739147604074	0.00365933952008763
72011	45-49	2	0.00570665479975863	0.00610281690906303	0.00752895414280086	0.00520843417406738	0.0053218477429132	0.00549512276506469	0.00385919235022825	0.00328138788158217	0.00340239203961121
72011	50-54	2	0.00708749216547792	0.00623031146373023	0.00782456796501194	0.00872980527505046	0.00727891427864308	0.00496423986659137	0.00762161979559556	0.00678498129834535	0.006696953897186
72011	55-59	2	0.0112091950944247	0.0142419257087428	0.0129192376362138	0.0110679638381015	0.0107322784720183	0.0098914022958498	0.00864160771568537	0.00821405646152073	0.00844208380634915
72011	60-64	2	0.0187275789035891	0.0184479556852603	0.0202206217003451	0.0160744036844996	0.0146852589939079	0.0132964198548705	0.0120926681616694	0.0141901325645828	0.0108584395845202
72011	65-69	2	0.0269325548796966	0.0281635978012369	0.0255625155827909	0.027458469922996	0.0208696069415595	0.0171186579741637	0.0182965446312473	0.0163949474943448	0.0164499858384575
72011	70-74	2	0.0416858826239453	0.037748045478056	0.037810721740152	0.0427068346270992	0.0333053745392389	0.0248267815263239	0.0285330845801663	0.0222641141138903	0.0241264207487604
72011	75-79	2	0.0619334514105593	0.0575484258842016	0.059786069632546	0.0642451897269015	0.0507996340473822	0.0431899490927019	0.037620277211402	0.0354022249291462	0.0393260948645468
72011	80-84	2	0.0957405702188171	0.105251324864475	0.101135865972394	0.100003101317596	0.085176412957514	0.0807821348152812	0.0838369553233111	0.0691235496059497	0.0559683364639302
72011	85+	2	0.150300906071302	0.180288984464895	0.179142126878639	0.159421391549868	0.146002433835655	0.158716845596144	0.134003487637324	0.13261556971998	0.133684513241637
72013	0-4	2	0.0037409246678702	0.00540529022292589	0.00376873282089473	0.00308924058241679	0.00251518292783501	0.00253249492763489	0.00216654928849929	0.00194667588052135	0.0021308304817736
72013	5-9	2	0.000249109846142584	0.0002276802094131	0.000279209587011215	0.000202890055816236	0.000191646900348153	0.000193385076169531	0.000191536173893696	0.000163625234871601	0.000156175242103545
72013	10-14	2	0.000319315269561937	0.000384802935843966	0.000284261151112184	0.000304478763957765	0.000246199618508191	0.000227445059282852	0.00020451719987802	0.00017639658003728	0.00018585541308834
72013	15-19	2	0.0010134341480619	0.000957748581974169	0.000848809922566737	0.00125697815200683	0.000758951958784205	0.000824116775839769	0.000779535817185625	0.00059802290322285	0.000625122174771675
72013	20-24	2	0.00185893795065134	0.00199570898186252	0.00177029811366372	0.00205011797170934	0.0012355718099753	0.0015360003465236	0.00177484156494883	0.00144958212468025	0.00135281471426152
72013	25-29	2	0.00183520589581317	0.00229775141280468	0.00217791990167853	0.00279236803914502	0.00168035717954436	0.00230738261528989	0.00172693895918656	0.00184968154332139	0.00235238766286597
72013	30-34	2	0.00297499426035071	0.00243554688406987	0.00403320645215386	0.00351074268508108	0.00223907352383989	0.00212005027224904	0.0022646309782434	0.00291915357231521	0.00219461699613952
72013	35-39	2	0.0040221908236216	0.00391279912339596	0.00418646949049541	0.00404012071719181	0.00294422786199499	0.0029473682613637	0.00212183974840587	0.00239025434673055	0.00220944560565268
72013	40-44	2	0.00415991980385097	0.00499853552280622	0.00488060393030515	0.00492225454757758	0.00319175141432866	0.00347581080935424	0.00359596741467072	0.00282993714617114	0.00306666767879174
72013	45-49	2	0.00599385312475157	0.00531396499103317	0.00752740187428063	0.00681376853239508	0.00512440169670659	0.00489659537188115	0.0037828642594973	0.00377800830822526	0.00423684785893905
72013	50-54	2	0.00982945407797553	0.00808481229147876	0.00868598022176811	0.00983046997652653	0.00787470998638264	0.00789601450397711	0.00589208895716915	0.00563806718514554	0.00589239063346161
72013	55-59	2	0.0129300255401857	0.0145649032645808	0.0114410757561208	0.0118735910077184	0.0116960013452947	0.0114772226749257	0.010033117419809	0.00828792177011307	0.00820230590301938
72013	60-64	2	0.0179949689074242	0.019728156360151	0.0196316390351187	0.0202486575132029	0.0179902856911252	0.0157769595898859	0.0135285757426223	0.0116846667403338	0.0133843582874587
72013	65-69	2	0.0286672119857839	0.0286927737240272	0.0287975188396008	0.0268378368516154	0.0258982722298824	0.022399940699171	0.0194416964220741	0.0190872499861897	0.0178166167593018
72013	70-74	2	0.0454039315093723	0.0430785811387825	0.0449009509530361	0.043422518372256	0.0360266963397704	0.0339426268046206	0.0302461265663301	0.0240082147912021	0.0272776280491981
72013	75-79	2	0.0564067555986107	0.063781614541784	0.0585918509105056	0.0653417400669212	0.057603811648168	0.0519471579925655	0.0450743793733797	0.0361167506935348	0.0419550619586241
72013	80-84	2	0.0982613983188227	0.0864408641217281	0.0884290341643183	0.0944474019225251	0.0857930356307101	0.0772748607204549	0.0733444508988232	0.0645379333491014	0.0573438409169548
72013	85+	2	0.173995696636942	0.173964034768255	0.165302344133432	0.153113406093635	0.152005811986554	0.14184183365424	0.154291291092535	0.131987293193364	0.127797002524731
72015	0-4	2	0.0048337607552847	0.00417087320461727	0.00415544213831028	0.00374568160137687	0.00269615962908566	0.00245288066369901	0.0025302980157989	0.00269577776433304	0.00257739503304426
72015	5-9	2	0.000244253444743677	0.000289510336221298	0.000247382736670851	0.000268285021236433	0.000207052264064326	0.000195921309015654	0.000189193762062358	0.000165192805828891	0.000172538437672218
72015	10-14	2	0.000310563797380362	0.000349385431977223	0.000345606586938288	0.00029478364564788	0.000264519127042054	0.000238582391442212	0.000230301457036542	0.000211579406378755	0.000210322103684557
72015	15-19	2	0.000987247663366592	0.00108462449457337	0.00111346762179999	0.00129083348989233	0.000888837941485113	0.000929663885986345	0.000772429613967978	0.000661924265909234	0.000696435207679502
72015	20-24	2	0.00191249027245652	0.00171566680674701	0.00205183453293731	0.00216094368150341	0.00181397318276384	0.00183476682162546	0.00171669996340026	0.00158435868102022	0.00122561898647889
72015	25-29	2	0.00212025482708175	0.00251621384846004	0.00248573292009663	0.00325584736055572	0.00222902524860846	0.00210712331434234	0.00195602167081072	0.00234177341580445	0.00189525175762466
72015	30-34	2	0.00265241193730857	0.00260119953911521	0.00298532800162311	0.00327192225158178	0.00289878469308585	0.0028742104557569	0.00234157521126915	0.00211974190728902	0.00190294569146249
72015	35-39	2	0.00363627437648395	0.00365950836109242	0.00475140823390543	0.00367203962296916	0.00327278203626275	0.00311118654960522	0.0027209535920966	0.00280422090945537	0.00267696212034844
72015	40-44	2	0.00398893139406542	0.00482734233108977	0.00492299220222782	0.00458648565712758	0.00438104342371397	0.00378538714899521	0.00359647549630961	0.00375899600151517	0.00404772361955748
72015	45-49	2	0.00676307884470139	0.00662112976803346	0.00629907619035237	0.00664788619022786	0.00546969520030089	0.00521266114556086	0.00484932672965633	0.00362467558835777	0.00591826065373667
72015	50-54	2	0.0113400724254737	0.00930465514340729	0.00928025589004792	0.00875566374159118	0.00719838991365252	0.00821698018962512	0.00638758828813478	0.00528310191741243	0.00504395120769118
72015	55-59	2	0.0123137533339201	0.0125716620936488	0.0138795728800452	0.0124051819458013	0.0100134545890318	0.0120876142956252	0.0101417772608162	0.00818707812438182	0.00984604232085529
72015	60-64	2	0.0232791745212755	0.020344371427655	0.0193290693505904	0.0191410139429838	0.0182169975596993	0.0155139728953893	0.0131542803107597	0.0106620008001469	0.0139735555395793
72015	65-69	2	0.0306050638461091	0.0355570384092062	0.0318580733717626	0.0279018195154445	0.023510910085227	0.0228921596763365	0.0203437395460287	0.0184645441442781	0.0161676354504827
72015	70-74	2	0.0480155227777658	0.0505904565246534	0.038081529113437	0.0434330536239832	0.0374924243432049	0.0294572428532389	0.0353263844967307	0.0213423018220933	0.0252862321072859
72015	75-79	2	0.0602025063821542	0.0626011638007057	0.0678294722998548	0.0620841963055526	0.0554931522951697	0.0459239653320061	0.0513222212984518	0.0471412790246068	0.0411562911646334
72015	80-84	2	0.102981979865776	0.117893767989335	0.103114743446387	0.119790490537793	0.098892415139284	0.0901260579008457	0.0759121119687271	0.0645684984381694	0.0538466169922581
72015	85+	2	0.190820400848224	0.142591819883372	0.151261088275095	0.187241741984271	0.158905099164787	0.161790590696352	0.178958025013585	0.143448866691712	0.1283511074236
72017	0-4	2	0.00428170851628503	0.00332853321739321	0.0028557296512398	0.00315412224052618	0.0023717209489796	0.00227477833341375	0.0025915934310161	0.00199486178298887	0.0021682230286761
72017	5-9	2	0.000234493813100781	0.000239702038349403	0.000236835432764786	0.00023150452964377	0.000195864673201548	0.000184956098748971	0.000178706532660833	0.000155624100308008	0.000162382243921826
72017	10-14	2	0.000311512868462074	0.000304670049645084	0.000302091310626581	0.000342284201130161	0.000238591388475802	0.000235999411777568	0.000216266741783236	0.000198914575595096	0.00019757916832621
72017	15-19	2	0.000981304059489522	0.000990543127467563	0.000980491062587995	0.00119364383217049	0.000924686227210057	0.000954263379977559	0.000713190128941351	0.000689920228382529	0.000697664612235045
72017	20-24	2	0.00206213760494465	0.00195339012608817	0.00177943915265996	0.00237553135298823	0.00143723996035326	0.0018158447027259	0.00155340991761905	0.00126417382338976	0.00145990834171966
72017	25-29	2	0.0023681529841461	0.00246279227334362	0.00239441316316694	0.00229451391926719	0.00181182347550082	0.00209309664536523	0.00207049961071038	0.00167076928114763	0.00218883684092524
72017	30-34	2	0.00254977850461749	0.00299403365253819	0.00282348589164674	0.00404886207116935	0.00225009600300793	0.00220630397083509	0.00231032963088847	0.00171537576021212	0.0024389027840504
72017	35-39	2	0.00387702422689106	0.00412227081373189	0.00542431242179852	0.00484834300102744	0.00346209353175209	0.00227615493386876	0.00217333218843491	0.00201829835882205	0.00245573894106689
72017	40-44	2	0.00437751124509323	0.00531567017049611	0.00542847754070856	0.00444898664231121	0.00391644921628521	0.0035735926366518	0.00294553146808317	0.00280532504800874	0.00303128070469625
72017	45-49	2	0.00630549021516204	0.00554424006339404	0.00591058495079535	0.00792365099485972	0.00530138592212597	0.00407388426410457	0.0051138276584262	0.00398165245205835	0.00340184478924789
72017	50-54	2	0.0101971608147994	0.00732024050035973	0.00828883629218361	0.0104671641619885	0.00810625716957139	0.00834920651100568	0.00557020107304	0.00485987623285814	0.00560870899558991
72017	55-59	2	0.0140923938831381	0.0116858842826458	0.0119533199713726	0.0124216744190967	0.011011974415869	0.0108634244411691	0.00977826201839935	0.00792404141707332	0.00663849677241719
72017	60-64	2	0.0210349677726986	0.018693933042541	0.0192327033079845	0.0255745190635906	0.018091509009975	0.0150010481185617	0.0124403907426975	0.0137227615641329	0.0119050981350324
72017	65-69	2	0.0331118251359693	0.0216614196406404	0.0256870540943896	0.0209104219711991	0.0217649772767933	0.0227743512869775	0.0181638153687582	0.0173296739464632	0.0200063311816873
72017	70-74	2	0.0324766842224501	0.039818869745275	0.0425171677780546	0.0416115271180527	0.0349006132775842	0.0336100465396132	0.0267584216670123	0.0287851858197396	0.0271965098200888
72017	75-79	2	0.0674493944459968	0.0562997192506911	0.0617231673846778	0.0599273732728745	0.0541945010746696	0.0411598241007265	0.0435353826444493	0.0369507126005076	0.048620349675137
72017	80-84	2	0.0901855745069601	0.0863009992470072	0.0849245794238152	0.0846309172197666	0.0752553237155552	0.0746638272848838	0.0829009512865231	0.0575253756652109	0.072840809665765
72017	85+	2	0.185383679629075	0.164647268298637	0.1882185178117	0.165200074188738	0.188741580302309	0.136901160235335	0.150144349963679	0.156915592436114	0.147283875046881
72019	0-4	2	0.00392939306315149	0.00352034317116608	0.00324793220310279	0.00318231035628642	0.00298599762862766	0.00267401117536253	0.00219308117721276	0.00186815010395064	0.00245352026371944
72019	5-9	2	0.000233039850228087	0.000248105907062284	0.000221430531009776	0.000227150379734398	0.000184527290864257	0.000184219206475848	0.000169892911246242	0.000163589267186503	0.000162040808037594
72019	10-14	2	0.000320748955188442	0.000271826001149215	0.000323392883713723	0.00026033598407467	0.000268103894748411	0.000210557663927197	0.000195275454749757	0.0001887944680746	0.000186983794031177
72019	15-19	2	0.000977113066219245	0.000909328254055943	0.00114162073839164	0.000899706956679812	0.000782382767062047	0.000717364929435172	0.000793069963669617	0.000645306635394182	0.000623606038727807
72019	20-24	2	0.00173457793125331	0.0016743706858638	0.00176120637231173	0.00185218889394396	0.00166051377082179	0.0017808071127669	0.00137283113701984	0.00124507010769681	0.00122672315293957
72019	25-29	2	0.00208600488034763	0.00200624028882873	0.00247352472723001	0.00216294319220577	0.00179339018520604	0.0020747900617116	0.00187893357834431	0.00140874656915307	0.00164207130654039
72019	30-34	2	0.00231849646851122	0.0031607593592294	0.00337773865838839	0.00253912598743455	0.00236842301386564	0.0023105637805942	0.00214264092441141	0.00207183295070916	0.00252064916645203
72019	35-39	2	0.00307632493697734	0.00333875147350209	0.00404809830115757	0.00375373874302199	0.00330400231452695	0.00264590473360845	0.00244958866547359	0.00191640602766356	0.00249479261273032
72019	40-44	2	0.00378331742012184	0.00332893875843827	0.00470004172329251	0.0048898290388875	0.00426641977784907	0.00304170456763227	0.00289690787582149	0.00277779066345653	0.00270751448277364
72019	45-49	2	0.00559137650176955	0.0062781855626652	0.00739237671326785	0.0057387220857434	0.00462595666130186	0.00544174172093566	0.00496623777680048	0.00396085962406665	0.00365521889251058
72019	50-54	2	0.0113069719456207	0.0097815143347795	0.00871870910535644	0.00669432451121442	0.0070737848952014	0.00613730283812716	0.00671815043991885	0.00553414519387029	0.00586260574512673
72019	55-59	2	0.0109752076617732	0.0136273757745764	0.0149070632960196	0.0119922051646591	0.00978668452612343	0.00768164360320135	0.00894712414452425	0.00818683302974718	0.00902055488763976
72019	60-64	2	0.0180413663428904	0.0198599222021595	0.0176733150380725	0.0166873932633906	0.013114535610482	0.0145731291491613	0.0125943318604067	0.0105228764028993	0.0115929494620974
72019	65-69	2	0.0264293220095403	0.0252904223805512	0.0247522104432182	0.0302452429353759	0.017418908443458	0.0219035344192727	0.018930620612926	0.0164911645370869	0.0160317536776535
72019	70-74	2	0.0370545723486756	0.0384210456107871	0.039883916590169	0.042518449216878	0.0363313965500202	0.0296533478065013	0.0286043477085796	0.023433056023169	0.0223033474750625
72019	75-79	2	0.0567335888306961	0.0576490971621121	0.0510717633993754	0.0693792817545959	0.0512560076004507	0.0428855824071721	0.0472568395610024	0.0338396007742779	0.0354580088602453
72019	80-84	2	0.123830235797695	0.098638489387726	0.105094512351189	0.119358598393399	0.0828864477227775	0.0740137698115126	0.0678578236396162	0.0635542030208148	0.0589123380576117
72019	85+	2	0.168252094791918	0.170411299036158	0.170421540596853	0.210845841335999	0.158764395059532	0.175538927895424	0.165635523429964	0.125471166010423	0.101198938006241
72021	0-4	2	0.00397413557514515	0.00292915137267619	0.00336511558055645	0.00310127652398528	0.00228029145992483	0.00210505130160235	0.00190339043631221	0.00180921277401258	0.00231299026619913
72021	5-9	2	0.00021913361800141	0.000248134951141893	0.00021803165463185	0.000248307485319612	0.000195991955814532	0.000181375844756741	0.000162103453615652	0.000142656269143279	0.000151992187402645
72021	10-14	2	0.000367825790771597	0.000234922827785451	0.000341565873014976	0.000290681243806188	0.000294001111926512	0.000205995735355861	0.000157853581675502	0.00017320166552544	0.000168736027558898
72021	15-19	2	0.000974223209765291	0.0011065842032473	0.00158387597427694	0.00132563926927292	0.000888605472566298	0.000822174259891625	0.000912659406962288	0.000691285351075851	0.000551037185764995
72021	20-24	2	0.00149666663527964	0.00210204234444748	0.00245483266619777	0.00291470338622819	0.00213393897678313	0.00231006520063223	0.00200908142571609	0.00196892124761328	0.00127338883935059
72021	25-29	2	0.00201379595644679	0.00270190171489689	0.00352592505518524	0.00271607251351473	0.00222610021015016	0.00250326864780873	0.00228487965312827	0.00211391147156774	0.00222090016744734
72021	30-34	2	0.00202476802659286	0.0031740119743434	0.00585761427736683	0.00402257035645519	0.00222247006234232	0.00266620578100465	0.0021648736126419	0.00224052439740607	0.00261962320491306
72021	35-39	2	0.00288242398274853	0.00414124868936128	0.00679217460365186	0.00542220473811098	0.0034461740971077	0.00309852046249339	0.00264578720966142	0.0027650038284378	0.00316076889630045
72021	40-44	2	0.00338287684107973	0.00458458855297487	0.00727505383756552	0.00580714787435492	0.00407755797736359	0.00379340905056302	0.00321105699333769	0.00332306605265779	0.00411480712402972
72021	45-49	2	0.00475090769857615	0.00569777499302195	0.00744700254923343	0.00700506675986776	0.00641776162421023	0.00593085734110813	0.00475357744071421	0.00401928738180753	0.00519770791389521
72021	50-54	2	0.00810979126438945	0.00846545391287404	0.00761822909510709	0.00897638917516989	0.00837304281156178	0.00759469600891631	0.00591715278414683	0.0064108751706199	0.00654533487585443
72021	55-59	2	0.0109687997946881	0.0107023055430929	0.0111633445758213	0.0110296699183618	0.010850127910701	0.0100351899731692	0.00967206055896511	0.00959350708656762	0.00943441849790037
72021	60-64	2	0.0185834740495022	0.0186424144270758	0.0163366162796082	0.0166779223193974	0.0146831256738429	0.0146029298617639	0.0142459196161292	0.0119233846308256	0.013521404951483
72021	65-69	2	0.0259630828433215	0.0257204211986263	0.0252711289567182	0.0212030121509014	0.0211659980455901	0.0187904568700284	0.0170053489622657	0.0165954763985866	0.0166713492095903
72021	70-74	2	0.0421693057192658	0.0391674259635981	0.0392500220526733	0.0366509520630405	0.0316189254255661	0.0277614912415543	0.0260030449518293	0.0222431039403511	0.0262514506665563
72021	75-79	2	0.0605264906892916	0.0578939569391576	0.052239048582451	0.053832293698442	0.0506198662739374	0.0456257445509612	0.0386663077015903	0.0359698920091856	0.0379782316494652
72021	80-84	2	0.099267952039771	0.0922948248746754	0.10220762666009	0.0933806300174777	0.0755710428744258	0.0663477932174687	0.0676909058301725	0.0555680196664842	0.0610751033606323
72021	85+	2	0.175249584653127	0.165991610117639	0.152515257267317	0.160602758176705	0.161897500962208	0.151362292654708	0.131537633924498	0.124043091647513	0.12010382050237
72023	0-4	2	0.00397066175521992	0.00348728598843675	0.00288732820703827	0.00325829990610071	0.00301603528788637	0.00235784096454302	0.00286990459913734	0.00162083183270519	0.00193387092233951
72023	5-9	2	0.000204191539708965	0.000199384887568835	0.000216380683415946	0.000210061206208951	0.00017862108992969	0.0001612283993057	0.00017184336583363	0.000143430039861038	0.000143225161591989
72023	10-14	2	0.000245000363418565	0.000275301396171964	0.000259590027544534	0.000278892465987556	0.000206046369833671	0.000203050920716473	0.00019663590446311	0.00016483975824215	0.00018105548889011
72023	15-19	2	0.000929901180052689	0.000896505780835043	0.000914835392894083	0.00100739900688962	0.000768899978826182	0.000671448606067048	0.000574759494421669	0.000590716136200991	0.000624617293348041
72023	20-24	2	0.00156972182716152	0.00165201163996113	0.00154105722853373	0.00158402562319185	0.00121708258738326	0.00127726493902343	0.00124741511715989	0.00126196221148145	0.00121872600055858
72023	25-29	2	0.00218985615257283	0.00205711743241743	0.00202056317424433	0.00180355487120433	0.00150737653190699	0.00159021186884386	0.00166746911115156	0.00178746620072324	0.00199832625962978
72023	30-34	2	0.00240733293264709	0.00253406330026339	0.00323451792050075	0.00281552892438147	0.00206969944094007	0.00187572546631795	0.00197934777311627	0.00148794214936576	0.00183411175312706
72023	35-39	2	0.0031474596338797	0.00393887226428317	0.00269386030676976	0.00327915355645192	0.00265237750546522	0.00215354495907938	0.00211511539919812	0.0023090373859045	0.00275758648289125
72023	40-44	2	0.00328002032639725	0.00487791365950384	0.00477342119454148	0.00417555907660623	0.0031521914561283	0.00272716885307942	0.00260496332441707	0.00236421420756894	0.002237109888001
72023	45-49	2	0.00514413991618991	0.00561857584256513	0.0063844742843009	0.00809022276599216	0.00411724362116379	0.00350404649293712	0.00347804097263952	0.00286973630230753	0.00326641158029395
72023	50-54	2	0.00762202700563763	0.0076044985175971	0.00728506936420413	0.0074361899629173	0.006960974419126	0.00651111381808162	0.00587185112751996	0.00550500751032391	0.00425400321516513
72023	55-59	2	0.010518349192323	0.0114268004963416	0.0117937430489083	0.00920966724991946	0.0111312851068003	0.00979731569002653	0.00868759397061563	0.00755639624799819	0.00723015258347535
72023	60-64	2	0.017722749446309	0.0177405536480894	0.0171045614843103	0.0145304934385667	0.014531036815249	0.0145013606049129	0.0111645419969483	0.0101666126118907	0.0114725850612777
72023	65-69	2	0.0240594477344682	0.0234660942351184	0.0231326018800145	0.0188659186822454	0.0192733660357644	0.020795322200623	0.0188231281865698	0.0159533840828334	0.0146572079741755
72023	70-74	2	0.0375230449702039	0.0384853907140405	0.0358917893957793	0.0382793275549478	0.0316267895468883	0.0278940996361291	0.028669282766156	0.0242806152837947	0.0210506997800161
72023	75-79	2	0.0537026924210449	0.0531073734224607	0.05103812919787	0.0568799237728524	0.048966315896743	0.0409064422512991	0.0464951746859194	0.0295320644025152	0.0320515781625304
72023	80-84	2	0.0956074925314011	0.0629534695406896	0.0907550488087714	0.0991429566394511	0.0747431712714102	0.0771919070061795	0.0682876147754142	0.0518061031078508	0.0548163722397235
72023	85+	2	0.132931892714766	0.145246577381374	0.143879970453833	0.167390568715708	0.168460539332688	0.136732513882796	0.151221379785951	0.141077748700135	0.125188884294657
72025	0-4	2	0.00345914231739147	0.00307803463260008	0.00368210358299728	0.0036549119353799	0.00255817519942239	0.00251478434866664	0.0024278794307286	0.00200651800691667	0.00205947027262992
72025	5-9	2	0.000267196023057818	0.000211268872476974	0.000220147241576825	0.000235398623154697	0.000176341065363287	0.00016999824838138	0.000154892948395542	0.000146879018030607	0.000173116007679324
72025	10-14	2	0.000286482500362021	0.000324392693689777	0.000348886334577012	0.000253230262096833	0.000224071674009632	0.000232635799127849	0.000195711623696205	0.000180012849111988	0.000192020584736382
72025	15-19	2	0.00115086332912356	0.000926662836076976	0.00128390755236768	0.00110489336747105	0.00102603919341802	0.000739529202834649	0.000953621708379022	0.000802076266592384	0.000749840416825731
72025	20-24	2	0.00236350829946524	0.00182176918904532	0.00309036437696984	0.00259090274458878	0.00191664796561707	0.00176980425492541	0.00275758234337031	0.00230483189750114	0.00172057738231311
72025	25-29	2	0.00244035006101966	0.00283660912638838	0.00370354684937998	0.00367912971547404	0.0027870641942422	0.00214119012741717	0.00280905043215799	0.00221789176553329	0.00255380363060509
72025	30-34	2	0.0025753588501962	0.00352388354530316	0.00538236717585819	0.00445732617610751	0.00255185017999471	0.00286065635721295	0.00315789867544634	0.00238211151387795	0.00183477527539463
72025	35-39	2	0.0025454200900455	0.00491668351677888	0.00605679838217631	0.00565003124265215	0.00371754018092403	0.00273865782586886	0.00301916131629884	0.00274821117825681	0.0024252021343079
72025	40-44	2	0.00362147741119871	0.00466568330545808	0.00635830965291655	0.00592996980827786	0.00416724733301174	0.00410171633703082	0.00334413289247006	0.00292316917618708	0.00364103657105249
72025	45-49	2	0.00648368350006088	0.00608679356200846	0.00800742633245987	0.00813645619004297	0.00548804887918594	0.00461190801665618	0.00491619743893226	0.00352465271557234	0.00443926243663807
72025	50-54	2	0.00875520846949012	0.00881791454429642	0.00852725825119026	0.00829492016615262	0.00752048242652049	0.00701999741381476	0.0069449768494593	0.0060500428634597	0.00670766600598966
72025	55-59	2	0.0110766083060163	0.0120265177445943	0.0122675090742902	0.0117152719424584	0.0113703284805905	0.0106029295083824	0.0100351750047878	0.00871359755730841	0.0101730726595946
72025	60-64	2	0.0194261801131819	0.0173935910206428	0.0201784656811877	0.01673388324274	0.0166961070139114	0.0140490612619364	0.0140747330145113	0.0104510521811848	0.0115948805175288
72025	65-69	2	0.0261566454911005	0.0268075435021424	0.0250048666574966	0.0236466003000967	0.0221929923908515	0.0207650834996175	0.020510084962516	0.0152200634783663	0.0177019512054479
72025	70-74	2	0.040073125141295	0.0432754090930112	0.0440282249802889	0.0398204687009123	0.0339008293622728	0.0296839765684783	0.0267808021159039	0.0240225121948308	0.0256910730386862
72025	75-79	2	0.0560481833392048	0.0715183497610221	0.0556052219969891	0.0592458535315171	0.0506143969093645	0.0465920287573435	0.0396983439811908	0.0353921036645635	0.0382613560882501
72025	80-84	2	0.0916427777729547	0.0992726131691769	0.0967023037385481	0.0945396225703023	0.0796002472607189	0.0688471771625009	0.0720699412607429	0.0578857910814405	0.0653761239398757
72025	85+	2	0.153818872236264	0.158296916337446	0.157753084388412	0.168999303959207	0.155997896234805	0.146364412768553	0.151207907867924	0.127036153320942	0.1295016555741
72027	0-4	2	0.00294830460760795	0.00321054130938485	0.00347164685377628	0.00296838770990507	0.00208550458383545	0.00215562720272615	0.00185421427324145	0.00205968702423813	0.00198393535712996
72027	5-9	2	0.000220726919343769	0.000204772594078078	0.000212078352531324	0.00021634582965747	0.000184313680407596	0.00016700341021885	0.000161850858468458	0.000141637222999602	0.000147669941491482
72027	10-14	2	0.000320297450450109	0.000269770405491397	0.000266388334365695	0.000248882378308234	0.00022322147181719	0.000222191083853372	0.000195240895121819	0.000189262212995744	0.000178768493610353
72027	15-19	2	0.000896373414598373	0.0010119682617402	0.000918261404856892	0.00104443589808723	0.00081979122608187	0.000782602881679554	0.000642331020654138	0.000583117785315515	0.000588276313762446
72027	20-24	2	0.00160394726196168	0.00171804926400567	0.00176393197623493	0.00138874696120927	0.00138861209590378	0.00133589609042412	0.00126118265823201	0.000932494408951707	0.00114637485619879
72027	25-29	2	0.00184706032505628	0.00204596187450088	0.00176585734255931	0.00171358866843186	0.00151232577981713	0.00152779503870148	0.00130250383718135	0.00170104370695147	0.0015759966494324
72027	30-34	2	0.00228221336849019	0.00269192815075521	0.00251285877682547	0.00214634197257633	0.00166323658583437	0.00186156279900382	0.00168127829833377	0.00182081150590837	0.00186714688348874
72027	35-39	2	0.00281528612671198	0.00247632804202064	0.00367958981175459	0.00344368302726888	0.00257892465666225	0.00279926302214382	0.00197193902437543	0.00200527230720889	0.00202419491690115
72027	40-44	2	0.00424755696190091	0.00461018070106565	0.00373823389889827	0.00437484326524157	0.00353966070742347	0.00336050203469659	0.00222381115508626	0.00265358631417959	0.00332763636116235
72027	45-49	2	0.00550731699379448	0.00452232752988375	0.00695848631653063	0.00556583141101763	0.00506226112921908	0.00461202430846892	0.00384191688407379	0.00329899686504299	0.00368335401170582
72027	50-54	2	0.0070999686505999	0.00951170100689486	0.00655439433978109	0.00975283923836882	0.00685839514031144	0.00620106268246087	0.00521993765341568	0.00516421837214342	0.00488900026068037
72027	55-59	2	0.013085541990192	0.0121067506086151	0.0121906915263437	0.011546201139987	0.00982697221216358	0.00751474323522147	0.00907496847323242	0.0083989851741011	0.00737891225462888
72027	60-64	2	0.0208225587043041	0.0174659816944085	0.0171833796628584	0.0178028871685348	0.0135822657874912	0.0124024810258508	0.0132430085700802	0.0102013680341646	0.00942388104581768
72027	65-69	2	0.0271611286260952	0.0295612836686438	0.0274440936635914	0.0269498775836299	0.0194388484275307	0.0213126960162683	0.0190377782271448	0.0178893429891739	0.0192462885113637
72027	70-74	2	0.0416184939320327	0.0422671550157422	0.0367745454143368	0.0413124865343875	0.0330823012574949	0.0287402544664015	0.0290399226556212	0.0230931553614028	0.0233170778664652
72027	75-79	2	0.0595359111972303	0.0462994924200861	0.0591637714218997	0.0509904619565064	0.0505902653113614	0.046631794122581	0.049287830450114	0.0342561098649341	0.0376481290324999
72027	80-84	2	0.0915179008628897	0.0777768383271772	0.0947252426496553	0.0965219099147361	0.0815035682292794	0.07951923076478	0.0710586513248836	0.0670544741260443	0.062345918864197
72027	85+	2	0.222340149281514	0.181016542404785	0.183257590675304	0.160117150573285	0.159436575420045	0.151064398374115	0.1417678586233	0.145184318667417	0.148276305242577
72029	0-4	2	0.00355588786589078	0.00378130106021835	0.00400158289731112	0.00339312094348945	0.00227232758926157	0.00318584243975139	0.00284935817082064	0.00223529922858664	0.00227017582802251
72029	5-9	2	0.000236040610290416	0.00026820075228527	0.000241837600073492	0.000233754169516956	0.000218869399312385	0.000190045804115863	0.000185118125526513	0.000163628820873381	0.00018991402081042
72029	10-14	2	0.000270870478460078	0.00027754114132236	0.000360323282085489	0.000337147074257842	0.000240548667338154	0.00023803395116945	0.000231891180031506	0.000206520008789867	0.00021709469562215
72029	15-19	2	0.000980152983773621	0.000954790536671166	0.00163891592100245	0.00174479778492628	0.00144625946440918	0.00130702398480061	0.00107992843774709	0.000715254587900332	0.00073530007906078
72029	20-24	2	0.0017702494789394	0.00237077380616222	0.00280577710257982	0.00283314059123893	0.00431262495871228	0.00418165322463346	0.0033754331617942	0.00152212090410145	0.00212182189476477
72029	25-29	2	0.00190243875062402	0.00304916945485943	0.00448698359720951	0.00420454409225392	0.00325444887519444	0.00371090243205523	0.0034456095437755	0.00276079932409472	0.00184134001677679
72029	30-34	2	0.00307308540128856	0.00431154952091473	0.00514180782951885	0.00346220800019907	0.00304782429327733	0.00278807412652525	0.0025245812326149	0.00276761259036562	0.0028852641763672
72029	35-39	2	0.00290538382761821	0.00495170709777061	0.00529704852873983	0.00495649816812843	0.00468843094784433	0.00273432145658805	0.00283881217457695	0.00321768896985161	0.0028899850933942
72029	40-44	2	0.00406264656237891	0.00368757472654211	0.00518189699114556	0.00622771786012691	0.00483834446019612	0.00363464641833144	0.00329945826078268	0.00373160682247207	0.00441278273406428
72029	45-49	2	0.00540533034660502	0.00612266384670511	0.00727550015232221	0.00850258960455395	0.00637182300402404	0.00587122129008554	0.00413841979593492	0.00495141586566945	0.00416113080693491
72029	50-54	2	0.00835165535039422	0.00869027153362544	0.00841121301523907	0.00924890946702662	0.00856759443763045	0.00813537715912334	0.00506019997917497	0.00675916699121707	0.00713629013800106
72029	55-59	2	0.011932000262112	0.0129510932057874	0.0127913529362694	0.0139273447526157	0.0112915218138059	0.0114909161690597	0.00968850095158031	0.00722841726554203	0.00995829136880443
72029	60-64	2	0.0195684207247745	0.0146898421866627	0.0201945795082445	0.0172688550008067	0.0151028174372182	0.0151460191734413	0.0129158689273912	0.0137483565730192	0.0120676480984542
72029	65-69	2	0.0254393537285154	0.0236846331459693	0.0298435690900298	0.0298672611537168	0.0266079684417571	0.0201365578860868	0.0215085548156507	0.0186585651499154	0.0158871812574091
72029	70-74	2	0.0393851846287303	0.0365613800920709	0.0385632203974741	0.0388822597472239	0.0340617542195868	0.0335187345654517	0.0269594637646382	0.0226878742381274	0.0226529414377834
72029	75-79	2	0.0606343760588565	0.0530563706694892	0.0545278259568289	0.0770049265394967	0.0490101069970729	0.0422510458751595	0.0479227320238813	0.0365111330484728	0.0479001559204599
72029	80-84	2	0.0827482539602842	0.0862836849599345	0.105005094735596	0.0961391388765846	0.0716905475128234	0.0757182042047242	0.0688777530472108	0.0598604313539884	0.0687677980992133
72029	85+	2	0.165263910434091	0.185105160111694	0.182384896402707	0.164516784922762	0.147156702727658	0.136353913717882	0.152877762609191	0.13391839726603	0.136622944908574
72031	0-4	2	0.00376945908507432	0.00335552141431476	0.00347991999207032	0.00251161812112026	0.00202184609064118	0.00195708495656362	0.00225374342087975	0.0017630772173591	0.00178060029631712
72031	5-9	2	0.00023448477389514	0.000205876535908571	0.000208353481726253	0.000213187607692804	0.000175384727051362	0.000171873398063593	0.000158590545641889	0.000144430585515631	0.000140476564587881
72031	10-14	2	0.000292469943050893	0.000274298003051356	0.000317966470909682	0.000368627402845172	0.000248375058382208	0.000207054146046742	0.000161145716517331	0.000161973816866008	0.00018755783183604
72031	15-19	2	0.00137535118081071	0.00114984649659581	0.00180997016791481	0.00159173494044222	0.00109326830645567	0.00101693781078667	0.000890854767053038	0.000515552373909459	0.000625907828452611
72031	20-24	2	0.00176026110224311	0.00188353803034318	0.00269214696617503	0.00359391527135978	0.00289028006481523	0.00236251945520021	0.00252488177046278	0.00193748186507238	0.0015804206313171
72031	25-29	2	0.00252119432930003	0.00326982270210909	0.00393324137481046	0.0030961656200852	0.00288139960942681	0.00267118149092656	0.00276198114454479	0.00268358534682163	0.00185933092590552
72031	30-34	2	0.00234922380250474	0.00370787461375996	0.00492678424325516	0.00413704938234319	0.00269545386757354	0.00269004748622778	0.00311071981776257	0.00198824390993144	0.00222536213398506
72031	35-39	2	0.00285212623222272	0.00402408950132243	0.00584690506192193	0.00464187006730112	0.00293163545868084	0.00274335105100913	0.00316409662778067	0.00231721768590449	0.00259211499833495
72031	40-44	2	0.00350453401234242	0.00429427928961462	0.00630995123833792	0.00667603698353287	0.0045181736541311	0.00402354034175304	0.00324420312648327	0.00310929694859812	0.00394824532271449
72031	45-49	2	0.00491091888647722	0.00542676329176982	0.00667010894541419	0.0073283127670559	0.0059700021653602	0.00522981087236042	0.00412198510098019	0.0038588969311443	0.00442230909719677
72031	50-54	2	0.00701691979207724	0.00668046416517871	0.00704563751633506	0.00884959514507573	0.00737336300354079	0.0069169260959685	0.00584085942954663	0.00611492332305562	0.0059952932530097
72031	55-59	2	0.00958865404752723	0.0128126777491612	0.0122390959858164	0.0114656600480641	0.00986845108565205	0.0107044290906349	0.0100752585648981	0.00876617287476337	0.00867585695998503
72031	60-64	2	0.0169918415697444	0.0169536665452723	0.0163637379420007	0.0166552702058271	0.0145706124667716	0.0143812235857733	0.0126638822334878	0.0117282943262911	0.0127961575511831
72031	65-69	2	0.022023477208026	0.0231858956409778	0.0238942772617751	0.0210721812769115	0.0193125461532967	0.0194602871780925	0.0171812257078295	0.0159201921514214	0.0156251403384439
72031	70-74	2	0.0384456923065903	0.0398479066627058	0.0399375460801448	0.0347508782878322	0.0296896487378978	0.0274002779319732	0.0246948582603572	0.0227657926582829	0.0218670620432524
72031	75-79	2	0.0558204055286727	0.0530912177436546	0.0529161688825465	0.0563362626621066	0.0448474094565271	0.0435703439210127	0.0391064985066759	0.0340437804634211	0.0324613966709305
72031	80-84	2	0.0905267773468205	0.103734979089651	0.0894714491545293	0.0864839451200412	0.075918711488387	0.0690338948891482	0.0628892334499039	0.0521187804176154	0.051540588396653
72031	85+	2	0.1575197860287	0.164109521601886	0.141025715813056	0.136225718383274	0.132762204900669	0.148337176553802	0.13573125729674	0.114709739475955	0.109472158754453
72033	0-4	2	0.00536781218806561	0.00388475616940192	0.00381044794630394	0.00386995309681681	0.00296392305783706	0.00299277817593766	0.00343002369477957	0.00292569690144863	0.00288014057106253
72033	5-9	2	0.00030384520608096	0.000291454673072409	0.000288238846009606	0.000299681098079628	0.000235121368594764	0.000224481119637813	0.000217839122966081	0.000190830035825413	0.000199708597085829
72033	10-14	2	0.000379095755244623	0.000366866212656896	0.000331812842319751	0.000326846873071971	0.000324602542394284	0.000326978495883017	0.000263004534598574	0.000232159709101843	0.000255019152155997
72033	15-19	2	0.00151257469694895	0.00205390944882474	0.00286644677605729	0.00170305408660208	0.00156111353738051	0.0014891369014861	0.0011583858772147	0.000796811309449179	0.000933994738263049
72033	20-24	2	0.00261482182201819	0.0033281443358489	0.00414721877573759	0.00458629871470302	0.00358285635608994	0.00249914994543053	0.00265703132624449	0.00190148730534297	0.00209011305135053
72033	25-29	2	0.00395089552479818	0.00442990123015611	0.00644958570960052	0.00445298622202459	0.00356270829287061	0.00420028098096818	0.00254788979011809	0.00249806181910947	0.00262715353266386
72033	30-34	2	0.00475336769848256	0.00578696385890424	0.00743790386376757	0.00699662912327883	0.00432899514125228	0.00300569990332152	0.00248532911596497	0.00323854758541089	0.00254635836990591
72033	35-39	2	0.00389678896035625	0.00529250753941159	0.00875321999679695	0.0070751590584671	0.00435148117604604	0.00437270393865832	0.00311772182064573	0.00392575948625072	0.0034491511558239
72033	40-44	2	0.00565465484483423	0.00528450465505921	0.00879389835034743	0.00789866885966443	0.00472841225990911	0.00579937946748977	0.0045796994490814	0.00498165728620476	0.0042095299586183
72033	45-49	2	0.00852561224464356	0.0088108584643682	0.00888024155210003	0.00920099063251456	0.00778382073595369	0.00656224769499087	0.00564144748178451	0.00499607227217951	0.00817555071141338
72033	50-54	2	0.0158935028476565	0.0124135136034284	0.0126587979638866	0.01181674143184	0.00979438815915861	0.00822904709781895	0.00899875169577488	0.00700246069874736	0.00766807250872164
72033	55-59	2	0.0192861882075734	0.0169553391540605	0.0139255653603237	0.0155902567400472	0.0138832119952943	0.011828122979561	0.0123634281699253	0.00950802196991304	0.0124200233900982
72033	60-64	2	0.0238385447443511	0.0290362916169619	0.0278334277625162	0.0234537254386385	0.018631192820269	0.0161248923760362	0.0146013050675036	0.0137617455727861	0.0162647848981739
72033	65-69	2	0.0386777779928886	0.0344917645627772	0.0271114128807332	0.0274931207283043	0.0243276334345776	0.023407114553392	0.0203473124529039	0.0177668162005812	0.0209368944642166
72033	70-74	2	0.0565418960038064	0.0490862612776262	0.0483728482764798	0.0554177604450998	0.0298709651336649	0.0395768859447483	0.0318167997201169	0.0267318453841795	0.0324014796676823
72033	75-79	2	0.0679233677581001	0.0617372029834374	0.0702351580120371	0.0578393123526253	0.0561157460061685	0.059610241722811	0.050013575337106	0.0443333049735232	0.043299650916784
72033	80-84	2	0.148465125349869	0.110296824217811	0.100195176259037	0.103239645095663	0.0998127200329664	0.0790867561253175	0.0598970739510268	0.063346576047119	0.0548252420537145
72033	85+	2	0.191822113201752	0.175675579622244	0.174622537992656	0.173250453602106	0.139263919261297	0.159620112894141	0.143180962765158	0.122110140832389	0.0986421199166194
72035	0-4	2	0.00473903199735346	0.00357456382743026	0.0036930426639573	0.00296794458361253	0.00262977034486985	0.00294305583587318	0.00191704868144282	0.00219700838038232	0.00213495038281845
72035	5-9	2	0.000219165678416551	0.000245829737021744	0.000232510942793298	0.000250566772823134	0.000205440021062185	0.000178311931989304	0.000165339283905136	0.000152967761588881	0.000159794978064704
72035	10-14	2	0.000271561224009188	0.000332083635794776	0.000302847117469575	0.000299787329145988	0.000258831317187714	0.000246605104930338	0.000207815332571033	0.000192837714558985	0.000192969600850611
72035	15-19	2	0.000963244814092648	0.00132733475445173	0.00142261605971891	0.00158944757174605	0.000896227336208915	0.000772511219940276	0.00118494502021944	0.000655458158178541	0.000701925418471746
72035	20-24	2	0.00160397944322686	0.00171311640697694	0.00246337368418259	0.0026024584641027	0.00220855574616846	0.0024550645038702	0.00295787172084853	0.00151899993381296	0.0014406242664742
72035	25-29	2	0.00188856039865102	0.00301647259966254	0.00321613388183865	0.00215035834860846	0.00162404563572633	0.00245375747975964	0.00319185183094585	0.00185253359003054	0.00187703817438987
72035	30-34	2	0.00235067556499124	0.0031080101004775	0.00515301510372764	0.0035380352895673	0.00218237751567928	0.00268783242666481	0.00300886120165022	0.00252787780216194	0.00300929314173491
72035	35-39	2	0.0031907127885861	0.00415708822549938	0.00455935854538489	0.00516201247333355	0.00411709426920103	0.00342645972265319	0.00271314243482769	0.00247006917810279	0.00291870080286731
72035	40-44	2	0.00422313296727724	0.00473718479420791	0.00552446033727331	0.00561847225774828	0.00453867312225553	0.00456814626818115	0.00277339062610218	0.00345985120098508	0.00297810409477862
72035	45-49	2	0.00585554858785947	0.00650830594477366	0.00653329576133378	0.00636309640831353	0.00591665241806352	0.00593693672383001	0.00393083808698842	0.00406296003943685	0.00428760360750131
72035	50-54	2	0.00891769878270733	0.0087993994329883	0.00989807094354768	0.00910196477211777	0.00810248050254693	0.00752136186948015	0.00652806204972018	0.00534541990759267	0.00574963665054672
72035	55-59	2	0.0135004861531406	0.0123979792112362	0.0105714524931864	0.0129605587828937	0.00918320520831991	0.00894335655098354	0.00917481569595826	0.00750261804085024	0.00749577265953433
72035	60-64	2	0.0212281560585928	0.0199065366385802	0.0173808009475356	0.017456825083733	0.0150382681967364	0.011792663765067	0.011735561238688	0.0109824946932657	0.0111185678114087
72035	65-69	2	0.0311080500770004	0.0264239767846363	0.0271238317365731	0.0251551220516507	0.0218961980596621	0.0177852652408212	0.0179151444060652	0.013150316985909	0.01476626923277
72035	70-74	2	0.039917581718481	0.0490948946470773	0.0424521327038932	0.0417780628328044	0.0305684625677045	0.023560518709441	0.0255025177669253	0.0184946130918198	0.0205877445636962
72035	75-79	2	0.0577659805640625	0.0758787158939135	0.0606809447489815	0.0643776828585601	0.0528396851613581	0.0428649627717052	0.0410986562789587	0.0356717879415996	0.0276592227519398
72035	80-84	2	0.093182964523574	0.10140188557305	0.0957825073380128	0.0830621182385151	0.0721183505640301	0.0743714720834936	0.0665182403749534	0.0574676213609072	0.0488676518774995
72035	85+	2	0.169153433715694	0.166660052435083	0.166468971929416	0.144762715631432	0.157142923749958	0.147926453179329	0.149679447219358	0.136659081093081	0.126791558656387
72037	0-4	2	0.0034372511131488	0.00341539893105083	0.00399541276921072	0.00328849207350469	0.00265356748416161	0.00281745067731253	0.00279284796024793	0.00199033076028483	0.00274524829339197
72037	5-9	2	0.00022618745274285	0.000269509336794565	0.000253257564889154	0.000234664607423022	0.000199381786929456	0.000189442518628361	0.000174344055839908	0.000158858174145537	0.000165994574635344
72037	10-14	2	0.000276329901936779	0.000282575441042269	0.000292838438342916	0.000300088088842788	0.000268430018440659	0.000230601157903975	0.000212307782988494	0.000194148684811716	0.000202628378281577
72037	15-19	2	0.00101818474004998	0.000838623394615305	0.00104326932255859	0.00104018819084244	0.000830302287356449	0.00079054144948049	0.000885081186618084	0.000679185723496211	0.000649938254624772
72037	20-24	2	0.00158254683370135	0.00196324132257033	0.00158029447979104	0.0019227231430769	0.00158361500611947	0.00155853610967707	0.00157007582174582	0.00134236983302393	0.00147739104209195
72037	25-29	2	0.0022536259946597	0.00267800274185773	0.00251056310909546	0.00203108246762171	0.00180922476066663	0.00179700282300956	0.00214806540236104	0.00167754238632027	0.0020932848771043
72037	30-34	2	0.00262205229552324	0.00274676295921458	0.00268593459832089	0.00295617449489537	0.00220034927611707	0.00203576505864316	0.00247593254707898	0.00219972335108937	0.00261179452119876
72037	35-39	2	0.0033325560490457	0.00335607076482932	0.00391482888351413	0.00289164927053524	0.00252356197735518	0.00245109481852458	0.00302714401566906	0.00244946300763655	0.0028681754343957
72037	40-44	2	0.00422294578891938	0.00468041846308895	0.00598208392247238	0.00410969317658947	0.00373796634287238	0.00331281898841266	0.00301222196787795	0.00262426505145374	0.00385316317208846
72037	45-49	2	0.00589767878899578	0.00719468383557049	0.0068421110392826	0.0054336364462067	0.00438198039909461	0.00520291428579029	0.00374876576174062	0.00353043977967479	0.00415282208096169
72037	50-54	2	0.00723308154469065	0.00932062686510514	0.00924269856890107	0.00943352929368975	0.008070801224195	0.00611112838886703	0.00630735856600958	0.00648863196411857	0.00718449943373794
72037	55-59	2	0.0146507962386751	0.0105808527214344	0.0151402305765405	0.0124093878031139	0.0103072670036574	0.0103843334552313	0.0103163391033368	0.00867779920100144	0.00985714842536792
72037	60-64	2	0.0200150395251654	0.0207960367239672	0.0164066680003422	0.0152799234569361	0.0146165705912485	0.014091062305537	0.0143762562673811	0.0145420425073214	0.0134307297465957
72037	65-69	2	0.0278012883595595	0.0232427229869013	0.0216787800843836	0.0231190894975652	0.0254105303730981	0.0221274031766857	0.0169477999499858	0.0163652179937708	0.0176406949109559
72037	70-74	2	0.0359033825256934	0.0517210861858649	0.0516947331753168	0.0428064486863861	0.0323087061728754	0.0293666815966527	0.0289799637682561	0.0247014674451477	0.0282959454996873
72037	75-79	2	0.0522337498283454	0.0644062193824857	0.0526700236043892	0.0586853377597172	0.0517731238570358	0.0439745226101768	0.0383927633477739	0.038129855229104	0.038295165232765
72037	80-84	2	0.126043317231103	0.110193024206082	0.0908403527295473	0.12300126558301	0.0971697802641177	0.0851544759829893	0.0616147423179231	0.0517974014257816	0.0598655893574161
72037	85+	2	0.194923065308348	0.198638589203573	0.185036710685344	0.181471887052706	0.144123180933783	0.144305350463232	0.15791740174066	0.124729665428938	0.124813779439356
72039	0-4	2	0.00448952919849688	0.00408250721647377	0.00319028882392806	0.00375852814282926	0.00267659708234415	0.00281413159665966	0.00253718556741576	0.00200584368322016	0.00198400582452085
72039	5-9	2	0.00021749710200075	0.000221772088203658	0.000253258997189886	0.000224617174374051	0.000191357753679343	0.000172843646072811	0.000158521389549375	0.000144633510715906	0.000150471070276961
72039	10-14	2	0.000288528326116173	0.000295244762143815	0.000277883016079611	0.000259194047827589	0.000221134989064688	0.000220586630557025	0.000202710363588772	0.00017651714807953	0.000203117006250689
72039	15-19	2	0.00087960409448583	0.00084107661272449	0.000836193673577148	0.000882842091221005	0.000871820283198234	0.0007648316192143	0.000595495436180119	0.000609310790389897	0.000641979869518005
72039	20-24	2	0.00165363522401309	0.00156089130046979	0.00187700953633268	0.0016297526714367	0.00172917807291382	0.00155422265457441	0.00152513969919	0.00102838097689448	0.00134298140880728
72039	25-29	2	0.00213046196951493	0.00202502440117284	0.00216033690403584	0.00203775848551204	0.00221456230652884	0.00215527524642612	0.00188146222029807	0.00139146676534058	0.00151865399181301
72039	30-34	2	0.00200355397317887	0.00256953001491205	0.00308232064009023	0.00266602441198053	0.0021367380829831	0.00207638591221101	0.00237732187369812	0.00161922180124352	0.00209762603197179
72039	35-39	2	0.00326414196060407	0.00316028503995274	0.00334630507614205	0.00377447132302976	0.0025780108935691	0.00267486507276257	0.00275837928875683	0.00230500695975206	0.00223265972991321
72039	40-44	2	0.00354833812212016	0.00380346104442318	0.00408714854695797	0.00447420353009316	0.00408694499951664	0.00330895862257243	0.00318958716607135	0.00261233349200153	0.00288662473004302
72039	45-49	2	0.00483993446503193	0.00507071686601599	0.00632450859924279	0.00612818717613416	0.00629798875080088	0.00400813706795537	0.00401163686464751	0.00421639640034791	0.00422020467440099
72039	50-54	2	0.00737962222142106	0.00729912456316003	0.00817041397783763	0.00879851128284507	0.00660161937978731	0.00618127893260319	0.00462219549970778	0.00647328637950001	0.0048102902287193
72039	55-59	2	0.00965800826027926	0.0115178826784178	0.0129327660966929	0.0136124235840972	0.0102069122259292	0.00951811225299962	0.00767903226756734	0.00708946726564228	0.006732773952735
72039	60-64	2	0.0140745140888995	0.02048666632172	0.0151330549122014	0.0182549550862505	0.0128771811620626	0.0148432364917976	0.00869014742060426	0.0118359123082801	0.0110375206110691
72039	65-69	2	0.0272040282600416	0.0233028438809488	0.0225199258519913	0.025975502380726	0.0224704886903214	0.020259708994317	0.0157232049773016	0.0139920138915191	0.0156438622572763
72039	70-74	2	0.0362635084220047	0.0386530738042207	0.0419577892990127	0.03629782799576	0.0322966681664661	0.0273082376564718	0.0252154612865508	0.0209611758083891	0.0202494753182587
72039	75-79	2	0.053001394929678	0.0509006259071841	0.0525694282303155	0.059505263496448	0.0531084154156661	0.0517080922591691	0.0440022117516148	0.0292061107205965	0.0398342028885069
72039	80-84	2	0.1046729145373	0.0752957649335836	0.0920465212062613	0.0781677695733852	0.0804355043487885	0.075258592181883	0.0733541055466483	0.0646959366668146	0.060503426916746
72039	85+	2	0.16316953985672	0.140356137730208	0.1627719734169	0.170992039586069	0.170380320681053	0.129512059503757	0.1516940869391	0.126155716849115	0.107378353974499
72041	0-4	2	0.00403637812435802	0.00342208736208547	0.00281388136911308	0.00294163425811879	0.00263086062770752	0.00242480492710524	0.00221572100896733	0.00167953300923829	0.00178673922557409
72041	5-9	2	0.000207109176885671	0.000200670283319918	0.000217052705776724	0.000233564940111966	0.000165227813214021	0.000165433045164485	0.000145159568316649	0.000140538981936526	0.000147123669180582
72041	10-14	2	0.000271155091490777	0.000330637507824804	0.000271634477515015	0.00026591043356834	0.00020793550890852	0.000218282166501901	0.000183747569388867	0.000161843751906751	0.00016888394181874
72041	15-19	2	0.000767502118062705	0.00075135116965371	0.000857787235055612	0.000955491033401067	0.000731804280295215	0.000708674839932975	0.000570588359981213	0.000704305660500694	0.000529151323395775
72041	20-24	2	0.00156407150620858	0.00138702788322961	0.00200411672996148	0.00141073641859214	0.00135650072546386	0.00165009630316558	0.00160200089096312	0.00101803971119046	0.00134445352570554
72041	25-29	2	0.00171396977506662	0.00195444400332187	0.00211629558370992	0.00177119006065532	0.0017976389234187	0.00216930511118032	0.00179920685472182	0.0019522301607208	0.00168435194659833
72041	30-34	2	0.00225576030122713	0.00234552740821717	0.00298935506492729	0.00280716001691922	0.00224029652539346	0.00184677456683467	0.00240649573213428	0.00229656733620014	0.00193988715940341
72041	35-39	2	0.00254846231886847	0.00266296974021749	0.00304777980061767	0.00352092157875653	0.0022458154970678	0.00253518493095649	0.0022443890970597	0.00221310109806244	0.00261303249245608
72041	40-44	2	0.00552487679380425	0.00375923678755662	0.00455272050900309	0.00387080961940809	0.00297269249846625	0.00323282093436208	0.00271841291732412	0.00260244046577183	0.00477991108854803
72041	45-49	2	0.00621042024032094	0.0057730015199393	0.00456478914663738	0.00423085704544934	0.00426943971903405	0.00398721846128642	0.00396920754211347	0.00334793986017584	0.00425632752000235
72041	50-54	2	0.00912362394247237	0.00768364100082767	0.00631510757776474	0.00711319913098257	0.0049810723056352	0.00612709398872601	0.00509465446834624	0.00635978429776902	0.00492353280985485
72041	55-59	2	0.00924410108801432	0.0136471374731014	0.0114616437148448	0.0093174378587833	0.0099316567843015	0.00896457632584744	0.00656726864025725	0.00691280452744342	0.00663508701368225
72041	60-64	2	0.0169551790694492	0.0162482158259228	0.0182537479070686	0.0158892198114272	0.0147661511107275	0.0117824502447401	0.0108242969438169	0.0110502904346192	0.0125302001859311
72041	65-69	2	0.0212264767051867	0.0277512588504096	0.0235074022824659	0.0219774521491591	0.0190656100033243	0.0149089389083561	0.0150844029814677	0.0136446012858309	0.0155676556507486
72041	70-74	2	0.0330699549990802	0.0325484973546007	0.0307836915776136	0.0375245976331832	0.0273388525276106	0.0233335979026842	0.0275695308078198	0.0204044601212349	0.0206867026075385
72041	75-79	2	0.056311082165662	0.0620363741664065	0.0431635893906927	0.0499658123383328	0.0427568526188136	0.0447059436859872	0.0366665848684099	0.0309028819304122	0.0308459539412519
72041	80-84	2	0.0715472115237847	0.0760102990939955	0.0831288450779312	0.0772325097908172	0.0839003351552674	0.0745289999924399	0.0624772901519101	0.0581355702193342	0.0472608570369201
72041	85+	2	0.13777730598147	0.163172066322647	0.172073088495324	0.151634314893697	0.140149751940842	0.147996839369243	0.121959822971297	0.126955602242359	0.119575019151593
72043	0-4	2	0.00415526225728195	0.00341142744261775	0.00419786300525455	0.00397403529572919	0.00289302555722213	0.00229261409501161	0.00220654623295485	0.00185913297358942	0.00188770108258665
72043	5-9	2	0.000248618933838797	0.000221529938901871	0.000240572563984345	0.000283279598543883	0.000220920549952466	0.000181671727748135	0.000176507457428015	0.000147436398051599	0.000154516328089077
72043	10-14	2	0.000311318622593334	0.000349414527241671	0.000274824702106144	0.000281288220808565	0.000219145391151928	0.000217544392374398	0.000212378328269076	0.000179437828051828	0.000187026395854134
72043	15-19	2	0.000957037351810678	0.000942928628000616	0.000777698183570425	0.000801599426870625	0.00103562389475049	0.000905571370700254	0.000708588386964821	0.00060205592519552	0.000641949905851298
72043	20-24	2	0.00163622265704119	0.00177039223539973	0.00229786442567247	0.00147216284359085	0.00151818535213213	0.00122982369739263	0.00142792365791855	0.00122926065252191	0.00184837568050419
72043	25-29	2	0.00194984432925705	0.00185183688934326	0.00230308906492236	0.00229737856088535	0.00199822707093782	0.00178528647611649	0.00188214550194348	0.00187577777833332	0.00153289863613672
72043	30-34	2	0.0024075695844348	0.00300976082645126	0.0026177228934802	0.00320858103358889	0.00178845467855396	0.00187658643225929	0.00202028045582222	0.0022749417409009	0.00190207086104192
72043	35-39	2	0.00294986540763809	0.00450028081797642	0.00463445022246345	0.00393421978536846	0.00323697369705404	0.00238153459909228	0.00214191462351193	0.00244412852851243	0.00217706339095209
72043	40-44	2	0.00379592618215978	0.00352550852581368	0.00488882452568183	0.00590362098811269	0.00349186872652102	0.00314858843040171	0.00290652265527771	0.00234059370647865	0.00270556917052366
72043	45-49	2	0.0054962176261542	0.00659448761319294	0.0063893696930318	0.00633455619003193	0.00552727881243627	0.00347046766348842	0.0038406466126945	0.00335646061261519	0.00359667053192178
72043	50-54	2	0.00832974772546609	0.00969813804608361	0.00769251829299544	0.00833719411841706	0.00568949306150849	0.00624248982735552	0.0057165822936478	0.00626533939685833	0.00568733328328319
72043	55-59	2	0.0156048126418213	0.0120431340888927	0.0122100841341097	0.0116100624608594	0.010099861263423	0.00729593938059371	0.0097159953650538	0.0083487331836557	0.0086313648911712
72043	60-64	2	0.0210289017329169	0.0175318230704404	0.017971345651028	0.0166703341173707	0.0148187369123459	0.0123246003845734	0.0130117647484121	0.012641550851092	0.0115040355515366
72043	65-69	2	0.0279208294544161	0.0268752416634182	0.0312244912710793	0.026575717048022	0.0253715340332279	0.0180756676474043	0.0171839308418473	0.0176423993286974	0.0131157854965679
72043	70-74	2	0.0378916956351417	0.0461591159090173	0.0354506827161134	0.0362319672683548	0.0349463895820656	0.0289740883628869	0.0278746901345516	0.0260702990179289	0.024909871247685
72043	75-79	2	0.0536717618214876	0.0580072418563964	0.0519307824863717	0.0542437841160096	0.0589406286127755	0.0526550783766999	0.04686511951582	0.0427981237640727	0.0391277411420218
72043	80-84	2	0.0806170881622107	0.0809739117973342	0.0980037031940006	0.102859083582819	0.0884510372989427	0.0750748734542161	0.0757404507428067	0.0684338536601708	0.0534119647956939
72043	85+	2	0.184340077050868	0.153976655607701	0.155623354341378	0.148781465052768	0.167548056513565	0.164863584614409	0.143007406652814	0.113150826647686	0.110459465287356
72045	0-4	2	0.00348458454870703	0.0037534826461824	0.00279946246428225	0.00336948229904433	0.00283187900669744	0.00265774341516909	0.00226203530519231	0.00194542720666125	0.00235931907507327
72045	5-9	2	0.000224273288095084	0.000228662856693624	0.000237169991419222	0.000233225845336275	0.000189117714094594	0.000179052783269135	0.000163986343437829	0.00015001492027777	0.000164589420396891
72045	10-14	2	0.000269469424431894	0.000319007180942531	0.000286986654720445	0.000281799771740512	0.000229177660680093	0.00021755640976585	0.000210091846770624	0.000183255321635468	0.000200620709732061
72045	15-19	2	0.000999699749313688	0.000812629079409516	0.000883736526895517	0.000934602838334943	0.000778282517250248	0.000743644771212583	0.000634374739322081	0.000570612819506891	0.000625824314590708
72045	20-24	2	0.00194042993397248	0.00183772204351149	0.00226808550621385	0.00230865742091609	0.00187459152812178	0.00131651543220376	0.00138406641795107	0.00145423019522298	0.00130634295957622
72045	25-29	2	0.0021887104311248	0.00232156649509032	0.00230858932229847	0.00237982149357817	0.0018179863375	0.00196363406904985	0.00152889733573305	0.00200556127291889	0.00145452001861367
72045	30-34	2	0.00241106926624164	0.00283461295317961	0.00287464914419565	0.00330447697769382	0.00259098759668068	0.00230191690107006	0.00203106770171682	0.00176905401894968	0.00183871123808457
72045	35-39	2	0.00284283495144836	0.00378190039759474	0.00397382665077066	0.0044428805233896	0.00265368033037372	0.00338015753820548	0.00242854763640237	0.00246991400400835	0.00261362318425428
72045	40-44	2	0.00417956542907606	0.00425930361086353	0.00417647912760067	0.00442335473320504	0.00345578350215979	0.00320062762100591	0.003160585861198	0.00289869752779736	0.00335634302791786
72045	45-49	2	0.00583375384431653	0.00538451282437233	0.00590583536149802	0.00525015933721102	0.00550921524391435	0.00500368468978604	0.00460756035203012	0.00428293526479917	0.00409578880326702
72045	50-54	2	0.00832686375834195	0.00723181132390143	0.00941448560137271	0.00870496284615287	0.0070499181401526	0.00659198277664874	0.00565539755715689	0.00607859436810033	0.00794587859756679
72045	55-59	2	0.0139522568638122	0.00972687548204533	0.0115372412496333	0.0139453298082389	0.0113502728690114	0.00881407920872615	0.00912115901277576	0.00742188294401208	0.00943110299131276
72045	60-64	2	0.0138936970772585	0.0178618005739695	0.0190802411277096	0.0152080028159038	0.014999797405477	0.0151856078536263	0.0140947545261247	0.0130783950125947	0.0110864330572001
72045	65-69	2	0.0255410365313818	0.0262466293640175	0.0229668481560358	0.025061188307951	0.024619927203766	0.0260890217299241	0.0170526711974254	0.0164073911924489	0.0149935848683017
72045	70-74	2	0.0351443569854203	0.037896167697926	0.042630819802263	0.0478130682445819	0.0302601241749206	0.0278187607728162	0.0293264304061594	0.0222787903940198	0.0260621331647707
72045	75-79	2	0.0635241895386956	0.0556961959694888	0.0504322496713217	0.0560957746302729	0.0513347259706099	0.0390783762389141	0.0369751822135261	0.0461846909526291	0.0467333349674546
72045	80-84	2	0.0846322124010242	0.101704699920933	0.0948804296743772	0.0699218474689699	0.0801418267034659	0.0844051265318058	0.0636060904078945	0.0684275051473228	0.0634282310576697
72045	85+	2	0.179271823573766	0.135762689895435	0.163239661619034	0.159116667449642	0.167752621405362	0.165114590990738	0.153059065752904	0.138128276484179	0.12690097344888
72047	0-4	2	0.00454570041719198	0.00312535211359491	0.00333832187879929	0.00354351335665026	0.00276090144820534	0.00258063690760254	0.00231379614774123	0.00165877912081174	0.00265076196831304
72047	5-9	2	0.000257362217821379	0.000216001191709209	0.000234773640063501	0.000252492042409495	0.000187422663573335	0.00017021426335723	0.000172983526548432	0.000151503506660363	0.00015051785128181
72047	10-14	2	0.000243600948001363	0.000260348814291542	0.000324215814245499	0.000274698920432192	0.000214032834416715	0.000214209953357193	0.000218960285458823	0.000192862881401791	0.000191348466812871
72047	15-19	2	0.000976684735962987	0.000815781199120547	0.000914688593181105	0.00125479431265063	0.000968340584432237	0.00101336387540854	0.00059624332831205	0.000618934301158341	0.000683269745173924
72047	20-24	2	0.00165271315524516	0.00134359567844215	0.00221097317209668	0.00196763135502735	0.00196726483406492	0.00217676621544776	0.00156858371732399	0.00149358232279301	0.00144961304370235
72047	25-29	2	0.0018941331642939	0.00215236882215591	0.0030303194035221	0.00202409769255296	0.00216162162169098	0.00179422621031478	0.00179150529106338	0.00148265006131664	0.00137897875046538
72047	30-34	2	0.00250856161819429	0.00277586710055559	0.00283525237486823	0.00358364581187577	0.00190300394186471	0.00238505022535037	0.00224382242717714	0.00178088800428838	0.00219699099798062
72047	35-39	2	0.00270643841990226	0.00315221461459323	0.00382477785380973	0.00312099715192053	0.00271016224797604	0.00261251460016832	0.00232067137567876	0.00237968461038462	0.00333254057131798
72047	40-44	2	0.00359998615481647	0.00462187516574547	0.00424236140853637	0.00455527691931497	0.00302923794212091	0.00346750384379888	0.00309380502266043	0.00215262507102186	0.00294347589327443
72047	45-49	2	0.00476904699366706	0.00449131504606724	0.00603286411174048	0.0070406627791042	0.00542888064908851	0.00515723895834223	0.00402410840257084	0.00364131300633107	0.00319673124740385
72047	50-54	2	0.00768292598634893	0.00807663982012651	0.0090804643710557	0.00710737968591154	0.00559765378055196	0.00578995966562693	0.00507391454258788	0.00683120390400461	0.00495735593615308
72047	55-59	2	0.0118876190594655	0.010877629397569	0.0137712068016782	0.00981437029131381	0.00794988299084953	0.00842393056219819	0.00929528606759412	0.00822522521402472	0.0103612952642359
72047	60-64	2	0.0197562913163804	0.0164014426997211	0.0187227709848715	0.019658890174574	0.0139989203072039	0.0136658284591102	0.0134441968203378	0.0131837468617961	0.0143026615639973
72047	65-69	2	0.0231340039838495	0.0244612481882134	0.0253133457117306	0.020525159946549	0.019412986646136	0.0165875614332169	0.0138838232847048	0.0162733756451605	0.015647382289793
72047	70-74	2	0.0366017407659529	0.0357125309457626	0.0330985709570882	0.0336774909351557	0.0312186392195985	0.0272082908373119	0.0251307204319394	0.0233697826838989	0.0248557432625113
72047	75-79	2	0.0461888195412351	0.0571372932843862	0.0544668588597617	0.0560480574134364	0.0482053767969465	0.0447797830954386	0.0423401452351662	0.0369621072278625	0.0370965667888638
72047	80-84	2	0.110347073090462	0.0704435337724256	0.0962300506939368	0.0967023570811048	0.0725138156287155	0.0743970318207314	0.0716506706188219	0.0559098469073878	0.0607853912379612
72047	85+	2	0.167940593093076	0.171456215417668	0.177509215963018	0.180640750009784	0.177232340474771	0.167519847692769	0.141179706172902	0.134180586689852	0.102529692764326
72049	0-4	2	0.003861332486231	0.00329140699868062	0.0029517491208831	0.00244477278043717	0.00180004974930515	0.00204406117437102	0.00240815144253722	0.0024199885885704	0.00246287154249909
72049	5-9	2	0.000206375199477049	0.000211474104888919	0.000219846136329897	0.000214284792898385	0.000180408070912454	0.000170024905932696	0.000154902766335085	0.00014067301609201	0.000153855170793397
72049	10-14	2	0.000253218749176682	0.00025951611397506	0.000269832921045888	0.00026311565274368	0.000221514046090236	0.000208649780804871	0.000190130198602205	0.000172665160058365	0.000179335471500294
72049	15-19	2	0.000882702355844138	0.000860433676123177	0.000941535594691294	0.000964563128948509	0.000733216951981945	0.000690927884426424	0.000630002610271043	0.000573347916132395	0.000595948044063782
72049	20-24	2	0.00163813396204949	0.00159397288961394	0.00165574900080337	0.00170064339642942	0.00136392026804276	0.0013547650047525	0.00123219773092699	0.00124031823937668	0.00122903065710577
72049	25-29	2	0.00193784663908886	0.00198654782067998	0.00217317416623563	0.0020180426241405	0.00170287408126599	0.00177165325148085	0.00154277517529254	0.00140366476140823	0.00145556778637831
72049	30-34	2	0.00231362252049817	0.00249545745122808	0.00246133048610758	0.00251418456492093	0.00202343212742767	0.00201944992928751	0.00213946184482263	0.00176062757087666	0.00173437690920894
72049	35-39	2	0.0028861237501539	0.00308325348339122	0.00303078578215117	0.00326369949977766	0.00250337028724824	0.00248510101905217	0.00227403026754298	0.00218816988469782	0.00239109599039793
72049	40-44	2	0.00360738867274194	0.00365733741776281	0.0039581428002461	0.00365726235882498	0.00309368444266226	0.00307868564000556	0.00281895544174468	0.00254692010590779	0.00310235484435886
72049	45-49	2	0.00482252638233055	0.00563872559875624	0.00576021121418514	0.00504983085809328	0.00469721910109332	0.00401502099802924	0.00387925457918373	0.00376769940043401	0.00350727716385106
72049	50-54	2	0.00718512413143854	0.0069197188450338	0.00708373433782989	0.0078428892277056	0.00700115261113545	0.00695662523730159	0.00599599804933909	0.00470971040161397	0.00494734473145874
72049	55-59	2	0.0107662358582645	0.0103010461573151	0.0109605093192742	0.0119745539474433	0.00801172533585024	0.00750446251067882	0.00737186317254816	0.00773547449617721	0.00792831722477739
72049	60-64	2	0.0160381780720358	0.0143365121200174	0.0158001633885956	0.0173691686067617	0.0135713423723803	0.0148648872857275	0.0117280365577005	0.0136113297651992	0.0125557661208184
72049	65-69	2	0.0252038716242718	0.0218590253604289	0.0232243811464032	0.0258420064508473	0.0194417653494312	0.0188383795681444	0.0173987488307595	0.0160581838091949	0.0141845805375661
72049	70-74	2	0.0325509493896908	0.0384348238505989	0.039742223626014	0.0371510430780286	0.0277527886049027	0.0247598613783319	0.0284751201062149	0.0233568020429844	0.021676533447274
72049	75-79	2	0.0523109590295041	0.0586154815886097	0.0541365198893445	0.0467709207954955	0.0390603468347999	0.0409173769799384	0.0406268309754195	0.040188406863645	0.0438378225402014
72049	80-84	2	0.0844855596220234	0.0962198619681713	0.1118011937137	0.10128123318354	0.0963607820758536	0.0830800042025335	0.0622011733746574	0.0611445640167019	0.0671903230516443
72049	85+	2	0.199004566595598	0.183808536835676	0.166365327002395	0.153285539835538	0.145415829766103	0.141597504496078	0.144165999040823	0.131245342084002	0.112226201300036
72051	0-4	2	0.00383092425851302	0.0030418147591949	0.00278728250344093	0.00284182594706637	0.00273456810859746	0.00268461759709808	0.00231570561003358	0.0018944976204003	0.00211233007036693
72051	5-9	2	0.000226854357054422	0.00022104573074726	0.000240644510591531	0.00021492373792012	0.000201603711625236	0.000172125536086178	0.000166031928294367	0.000153134285292904	0.00016022159350688
72051	10-14	2	0.000315498283347215	0.000253390766337241	0.000288273719991021	0.000271581407506794	0.000232101157780903	0.000208193338479407	0.000199306749890061	0.000175530374041076	0.000202892625908554
72051	15-19	2	0.00113568689697083	0.000987215874717466	0.00100966826887591	0.00136765203221079	0.000809326828283057	0.000876194439298718	0.000691102986041615	0.000611795230729948	0.000701557846857195
72051	20-24	2	0.00148809578323158	0.00177692598140109	0.00223577178753256	0.00234950432896078	0.00229114182161331	0.00161850288189578	0.00165577474365619	0.00128537477506234	0.00128924810310157
72051	25-29	2	0.0019957816121393	0.00239583333601704	0.00354918862065146	0.00246761736428439	0.00215641255868298	0.00235649947491536	0.00262052123249998	0.00169970208022916	0.00214706421722935
72051	30-34	2	0.00218345041370173	0.00242822177185317	0.00374968491652993	0.00301552402407536	0.00185681754375964	0.00220904795104539	0.00223867303135112	0.00162382992447457	0.00217287037583496
72051	35-39	2	0.00354073868210209	0.00385286109991845	0.00431365775459051	0.00427578265351224	0.00266509242754555	0.00249012308369028	0.00247107559072775	0.00275415688241656	0.00240397188948804
72051	40-44	2	0.00368759782937714	0.00417051350209762	0.00532099349373539	0.00463986562987126	0.00386600216522554	0.00331108472542838	0.00270257281753882	0.00278521899180945	0.00345661034684786
72051	45-49	2	0.00530256046355469	0.00523452801082018	0.00678618427776586	0.00761487199650875	0.00585160574397842	0.00498786982401463	0.00372831776775369	0.00302660364164743	0.00314606090984607
72051	50-54	2	0.00817953959607029	0.00873509981579028	0.00694351527750894	0.00793271720044949	0.00696806618222415	0.00655337101924727	0.00501103106028117	0.00501476348538433	0.0053787626900784
72051	55-59	2	0.0122926639911401	0.0117695664477631	0.0159957775122148	0.0114006814413179	0.0127977482654189	0.00945882809436868	0.00824796996378323	0.0077123188918271	0.00815813606740605
72051	60-64	2	0.0179229488373119	0.0198655933649769	0.0181947157397281	0.0152097104060917	0.0125113715340342	0.0127880507671229	0.0101240887751438	0.0116072932729879	0.0111784827957925
72051	65-69	2	0.0251072069658922	0.0280497036907491	0.0229511521006607	0.0275268560602061	0.0245796212338916	0.0212536855105367	0.0180396721953411	0.0155223733470905	0.015482225773225
72051	70-74	2	0.0304323179317392	0.0456491934084264	0.0362628619808384	0.0383823906733739	0.0309261266052231	0.0279474099233473	0.022019495058096	0.0226594277259509	0.0228135717205091
72051	75-79	2	0.051932176763016	0.0629696997061471	0.0553484500524072	0.0534898248302297	0.0549026127681249	0.0407630705567551	0.0375333079716958	0.0358406482671902	0.0363157694897718
72051	80-84	2	0.0880659107843992	0.109918490373594	0.093744533116089	0.0938453154382694	0.0929638058280702	0.0860823373838231	0.0617722045958828	0.0573893859357373	0.0604454905799127
72051	85+	2	0.136611960988772	0.174766261426738	0.14603109101655	0.154705296501561	0.129014570391534	0.147242025451852	0.149756519903698	0.130447204965927	0.130104843694948
72053	0-4	2	0.00462752919368369	0.00354405757996261	0.00467753673364637	0.00327725503089025	0.00302284371106436	0.00300206960715883	0.0030000973123773	0.00227665579115062	0.00247534811868871
72053	5-9	2	0.000246173063992846	0.000266806331540649	0.000318605445092168	0.000243856972201891	0.000208519613512656	0.000209968177271291	0.000194952830318187	0.000170930142045766	0.00017880485018627
72053	10-14	2	0.000308130275118808	0.000330808372926861	0.000360106273742217	0.000323465493378919	0.000278581045816286	0.000278121798745216	0.000223650840470137	0.000207085057041329	0.000216366590821032
72053	15-19	2	0.000906563698548219	0.00111944771723671	0.00111449424343626	0.00150384424957422	0.000883953486793198	0.000901999799785019	0.000955949611133174	0.000788993286252981	0.000806119993637905
72053	20-24	2	0.00160531019015998	0.0020242882047131	0.00243872296681646	0.00234342536547669	0.00215227899612711	0.00222891427648598	0.00288227456995579	0.00203533386586786	0.00163724985028678
72053	25-29	2	0.00211558741358776	0.00216193728938942	0.00263795094261753	0.00279791545046582	0.00260580876928391	0.00269937560813058	0.00295595611020943	0.00242787091827926	0.00220154829886403
72053	30-34	2	0.00246660364557138	0.00345047144471668	0.00405307933622729	0.00352739409426851	0.00299671181990478	0.00328957343143311	0.00243243616360721	0.00267695994032023	0.00291387747838258
72053	35-39	2	0.00388148780352738	0.00441512331498235	0.00614854766860234	0.00508885262327111	0.00386176418814744	0.00312349156392066	0.00329900252207899	0.00274531715645759	0.0028415279983135
72053	40-44	2	0.00529082341702839	0.00528458514151987	0.00656574776827214	0.00670343666436695	0.00446294175815921	0.0048852041332883	0.00343135870374792	0.00443823846898567	0.00464280687202823
72053	45-49	2	0.00712505886696518	0.00572165765999228	0.00751286189763628	0.00807844396895602	0.00726275025735923	0.00515333166328485	0.00616852185056282	0.0046374984569237	0.00525887917823437
72053	50-54	2	0.00877378955451065	0.0104336644617225	0.0103019088244856	0.00792956378992899	0.0079129562809832	0.00760601818804471	0.00733836818828571	0.00537615003176029	0.00808158744405194
72053	55-59	2	0.0144252064158001	0.0145922605679204	0.0135399963338234	0.0149870050545205	0.011058009094227	0.0131556980316846	0.0120685781583425	0.0102932065197053	0.0103241736096145
72053	60-64	2	0.0181130801246673	0.0179942088910158	0.0190339031903142	0.0195681030359309	0.0184055695048864	0.0191093264273578	0.0156173549511738	0.0148911814416299	0.0145416403699485
72053	65-69	2	0.0270665112012825	0.0229364955471016	0.0295799777886174	0.0236117168385	0.022710357266538	0.0278870457248875	0.0194004370009884	0.0192924961778799	0.0209218671513814
72053	70-74	2	0.0447815760599364	0.0420330323829681	0.0468461974239004	0.0373258690164372	0.040367589503991	0.0307969474950924	0.0258630625176395	0.0251145142487642	0.026073441179687
72053	75-79	2	0.0502646585206994	0.0558505209739854	0.0661604851763624	0.0611559789808487	0.0535225382322799	0.045640689211884	0.0436059927721945	0.0379456324925619	0.0415998301700185
72053	80-84	2	0.122091477431316	0.100550046203285	0.100780067428343	0.100318775776918	0.0785845055560744	0.0894759685644051	0.0693788720467396	0.0522311912123085	0.0693960114056985
72053	85+	2	0.184498930597409	0.218458819891373	0.157636021400949	0.177144940226206	0.152961270877088	0.146772651050454	0.154566201583975	0.134777140813397	0.116943163124607
72054	0-4	2	0.00420470617679318	0.00405292379557004	0.00380036976088725	0.00393723745912494	0.0029410990074046	0.00302301738227794	0.00251186562019822	0.00221237104331026	0.00233271414271816
72054	5-9	2	0.000226695021010257	0.00023263479528347	0.000241147561359821	0.000246131509382523	0.000197279528715178	0.000186453265090998	0.000170211977329657	0.00015549180959477	0.000161569122273359
72054	10-14	2	0.000276544142219308	0.000297993423143583	0.000308751473310682	0.000285400385764311	0.000240780284481899	0.000227057003181063	0.000207097129277221	0.000189861509973278	0.000197422061800349
72054	15-19	2	0.000919080915630232	0.000935042844318811	0.000961514388147509	0.00117451957182652	0.000914177796789071	0.000714252928917696	0.000686467797248271	0.000633541574588415	0.000633454502498241
72054	20-24	2	0.00164975334534559	0.00159533644068787	0.00193169510705192	0.00175148052322512	0.00162487919623927	0.00131666379335866	0.00133033189356359	0.00124830418249247	0.0014795703021147
72054	25-29	2	0.00234984373531819	0.0021782605258141	0.00240208339968937	0.00225593094084881	0.00201541217426031	0.00184893054949932	0.00217844538016593	0.00177327173414787	0.00160914304143965
72054	30-34	2	0.00248451265255406	0.00253246877156316	0.00318143198916669	0.0028893111585969	0.00209242090597221	0.0020781103196205	0.00202447615176662	0.0019388295467327	0.00190256548235007
72054	35-39	2	0.00364653761389431	0.00334384052118339	0.00379851011261051	0.00405425682579411	0.00252093148941546	0.00247800948477154	0.00249633966800822	0.00240176499267086	0.0026834436801199
72054	40-44	2	0.00429496966490727	0.00404981608810727	0.00487841438427156	0.00457967917642748	0.00392411999103219	0.00305003131112019	0.00251597378904627	0.00298623281767137	0.00347812133393949
72054	45-49	2	0.00655853925088374	0.0070691217741342	0.00549409686019389	0.00630356262482515	0.0047573879762758	0.00443156462985453	0.00375888604648209	0.0033955864686472	0.00423062146068961
72054	50-54	2	0.00873383047988209	0.0117071286801543	0.00861352857249014	0.00793367006878146	0.00654489057538768	0.00635067465863901	0.00649802619393412	0.00658668465862703	0.00621955339010743
72054	55-59	2	0.012004227476815	0.0145249456490475	0.0126720486722676	0.0129822735721169	0.00765742080396116	0.00781310231073346	0.00870864212295216	0.00855501737029605	0.00801022800259357
72054	60-64	2	0.0189848968752398	0.0169811861637594	0.0175582663813788	0.0183029484364611	0.0177290264631173	0.0149864398499687	0.0138576093489573	0.0103998378510134	0.0106636447943318
72054	65-69	2	0.0259087868630423	0.0243487591707523	0.0291971713081453	0.0267285217171149	0.0244173643899394	0.0229337868171649	0.0165234021504436	0.0164284034835989	0.01653777914102
72054	70-74	2	0.0402253512867085	0.0499954787358168	0.0491134471348361	0.0424090204583883	0.0343933591964129	0.0339451359908709	0.0225418869177378	0.0212530825549541	0.0244529171470911
72054	75-79	2	0.0578241495839192	0.0524603777912086	0.0637286764176654	0.0478822768698812	0.056788896828535	0.0457430312446559	0.0373429818965679	0.0400450712577087	0.0394772227842953
72054	80-84	2	0.105038368914967	0.103772857887602	0.116167237311154	0.0910999796778569	0.0768076858400933	0.0847837908015317	0.0659273006134684	0.0739946523621662	0.0572318422318683
72054	85+	2	0.238866717053811	0.194685318301881	0.184913246516423	0.199458616218145	0.174380783110279	0.182955043582341	0.16140468041164	0.155819135530934	0.150750113306499
72055	0-4	2	0.00441161486753963	0.00463938596611771	0.00435457474792903	0.00407621577243548	0.00328977164454201	0.00385028095393117	0.00274394998037192	0.00253895412963094	0.00312374405569316
72055	5-9	2	0.000288152834450696	0.000256282489006391	0.00026662023133768	0.000287697639915303	0.000245285183593756	0.000211143824349163	0.000194426996651629	0.000178801008431917	0.000186709565856233
72055	10-14	2	0.00033212452847999	0.000307297362687329	0.000350536147768463	0.00036320813313259	0.000269687144631222	0.000269639290964622	0.00026147278630208	0.000217999535237042	0.000227663098380988
72055	15-19	2	0.00101694360042215	0.000974273597662813	0.00117153380991937	0.00111231340593443	0.000985962529069333	0.000839635375630965	0.000793066794843229	0.000785159675943628	0.000832227408577926
72055	20-24	2	0.00246827519465395	0.00208867600916924	0.00222494269748086	0.00209523067272816	0.00159200622358358	0.00203540538840387	0.00168645395695834	0.00131141428806464	0.00126974370871502
72055	25-29	2	0.00257313339426998	0.00320941549837332	0.00304959646769691	0.00351299344188353	0.0024425924721628	0.00237457776837371	0.00211953482286173	0.00165607532188815	0.00247486500193784
72055	30-34	2	0.00258208426193986	0.00325775703285174	0.00374056191651732	0.00333835011622818	0.00264106480047267	0.00227732753789085	0.0021703248737348	0.00213408532310741	0.00218146515020464
72055	35-39	2	0.00443884122396333	0.00376705369897409	0.00584236200123519	0.00465832231069584	0.00427921884130552	0.00289640436694508	0.00251947553999268	0.00346962620121434	0.00294963841591081
72055	40-44	2	0.00446657244560449	0.00619039984539421	0.00590864382009653	0.00609046425467758	0.00363546173707419	0.00411360082464245	0.00305574887563887	0.00358174734919439	0.00418511847380757
72055	45-49	2	0.00587431078447229	0.00733719248044572	0.00677641289388812	0.00716610726303623	0.00583834215336633	0.0056325237083365	0.00482357890130058	0.00524608091898633	0.00511781780455899
72055	50-54	2	0.00836015219247816	0.00928502713888178	0.0105580102809478	0.00925204738796492	0.00699727044847354	0.00877746368429253	0.00757473853625168	0.00750370621159479	0.00810115379398761
72055	55-59	2	0.0164138980968388	0.0136389582109265	0.0134986463141952	0.0136550655379167	0.0146308082995049	0.0125498879022639	0.0114662770470019	0.0104552397129094	0.00962254825281909
72055	60-64	2	0.0211898214499752	0.0181011400462439	0.0226913530919228	0.0221262380468603	0.0177681573882347	0.0162086567353398	0.0133154855270481	0.0132036762290281	0.0144584120608472
72055	65-69	2	0.0285250252864077	0.026695528116991	0.030475167820776	0.0252772661624853	0.0195641758568154	0.0221833422712043	0.0194617256271242	0.0203511342325343	0.0225852505503803
72055	70-74	2	0.0457114047565866	0.0422690986610527	0.0455465740107921	0.0404437788544471	0.0412683102242731	0.0366524594449049	0.0305051122502926	0.0305336177661699	0.0289522027437689
72055	75-79	2	0.0701243139015833	0.0770374560341711	0.0625000687743718	0.0689153937262754	0.0496024849222634	0.0485983453613531	0.0508804776588606	0.0531755483612134	0.0388902824719746
72055	80-84	2	0.0884877562518834	0.0973439857683035	0.0934428765790876	0.115061844144258	0.100372273221102	0.10276105555809	0.0674578649291429	0.0634249570164324	0.085713132171639
72055	85+	2	0.191485090375277	0.199718294725485	0.195069985644462	0.181875141989573	0.174389480719351	0.149596723990758	0.166788392482742	0.188373646532023	0.157335216787014
72057	0-4	2	0.00445947454385111	0.00469522888874351	0.004703854906395	0.00323176181736301	0.00277693047199761	0.00326856798391581	0.00218847750536927	0.0022242954369423	0.00255809921042259
72057	5-9	2	0.000240432462962366	0.000226107265520276	0.000270440190019795	0.000266358718931856	0.000219250311665058	0.000189952843685608	0.00018486656339965	0.000171791868364072	0.000181133557968295
72057	10-14	2	0.000421012635049428	0.00033605278465357	0.00033528653865181	0.000317241579403467	0.000274368920174778	0.000237412943997734	0.000210209836557974	0.000207063271680086	0.000208149232329223
72057	15-19	2	0.000858029360263282	0.00106988997420831	0.00122236208170126	0.00116306407661613	0.00102837586935845	0.000917749559561916	0.000963366924680628	0.000784121945624735	0.000825695942928467
72057	20-24	2	0.00191864327454684	0.00171231222918064	0.00219671639824874	0.00227539958515918	0.00233907052874593	0.00173979231790671	0.00181982706725866	0.00125495399936963	0.00181135612410153
72057	25-29	2	0.00224675166308449	0.00216757628595611	0.00256950762479059	0.00272452691179787	0.00207822013748579	0.0019034234973521	0.00228915856732986	0.00206117303687605	0.00255880087846244
72057	30-34	2	0.00242829100537016	0.00354231285719932	0.0034208252752957	0.0033146501797919	0.00227815987987065	0.00240392303453486	0.00207903703767863	0.0022872615347892	0.00254867869707372
72057	35-39	2	0.00321741894562075	0.00440068394253565	0.00556703169451438	0.00451485501400992	0.0032994548382506	0.00278177971221636	0.00233748011799011	0.00287481698808074	0.00402679204129672
72057	40-44	2	0.00473623603223682	0.00483953719215476	0.00518590306052741	0.00658124534786503	0.00495904941399217	0.00429528096809429	0.0028096612930952	0.00343187508275868	0.00326042275850177
72057	45-49	2	0.00601216925691779	0.00581804267561206	0.00830411085888787	0.00706910022908596	0.00586083228579184	0.00478160836955519	0.00428856791025091	0.00324810111489051	0.00464593446246285
72057	50-54	2	0.0103026842939694	0.0115354224569953	0.0082967348664141	0.00988655641666055	0.0079891609687722	0.00818421816024982	0.00636904054316731	0.00706626021533589	0.00658947519640465
72057	55-59	2	0.0139083838536274	0.0136956454532946	0.0151535636041905	0.0133665311174623	0.0133584771050631	0.00941041231184046	0.0107834627103952	0.00878931241767201	0.00990357421692596
72057	60-64	2	0.0222943745859232	0.0226535928540073	0.0193889707204898	0.0192972951475393	0.0178974899683952	0.0168341425507592	0.0145009932207172	0.0127873213957938	0.013201922098158
72057	65-69	2	0.0326931156273412	0.0317431256182338	0.0314787240035737	0.0257027544707507	0.0250499907317985	0.0232354790794121	0.0199193991389114	0.0184314704106897	0.0192635894041457
72057	70-74	2	0.0504095089198888	0.0484756146134879	0.0451427085448612	0.0429073438689848	0.0408625883061819	0.0362714125847492	0.0283698024715486	0.0268372310453988	0.0277132192042848
72057	75-79	2	0.056464613535106	0.0573977168011411	0.0570991099595329	0.0551432756357482	0.0517511444099897	0.0419836098745411	0.0435405602289372	0.0394201527336929	0.0402475355698804
72057	80-84	2	0.0934735686451251	0.113017592611451	0.0810033820405214	0.112588278072132	0.103493074510608	0.0856754587259969	0.0712641678397361	0.0628480376182993	0.0726758234610268
72057	85+	2	0.172307311676894	0.15092673870697	0.197564771767393	0.179638362244331	0.171298017820983	0.16259526219036	0.151330551825062	0.147295671542128	0.147725275132841
72059	0-4	2	0.0046718113200011	0.00429615586175943	0.00350931837795797	0.00356806251125926	0.00283699454297164	0.00261484701007381	0.0027868067234032	0.00252947120030504	0.0027233049373372
72059	5-9	2	0.000236867963522953	0.000231503626500726	0.000240303682940124	0.000236043837117402	0.000201554408257785	0.000201298124673339	0.000175667506034046	0.00016126153919849	0.000168678581111206
72059	10-14	2	0.000286416232811276	0.000307354175795875	0.000303663640717798	0.000313394018499004	0.000256224486573886	0.000269481878544634	0.000213490098493588	0.000196450237354051	0.000205465426905963
72059	15-19	2	0.001060323179553	0.00100337519123159	0.000912152363845294	0.000964484315688518	0.000886692972417968	0.00102653255197465	0.000784026413124824	0.00066458210730915	0.000704675540175827
72059	20-24	2	0.00166537564648419	0.00198100350664501	0.00216571819944457	0.00167494411725777	0.0017046843135704	0.00183399090562676	0.00133361621149161	0.0015286474513967	0.00138915667879197
72059	25-29	2	0.00254871671894249	0.00189009243603471	0.00216943659662997	0.00199987119141932	0.00203913503228629	0.00219656248243084	0.00150407862769344	0.00204452194409468	0.00174453873878504
72059	30-34	2	0.00242891504952036	0.00295099002972404	0.00314383069222775	0.00323406466590559	0.00252519579171939	0.0024269598258128	0.00188912485399444	0.00237737560495697	0.00255911409114811
72059	35-39	2	0.00298079789031086	0.00315645883644051	0.00423075235365254	0.00315520188863166	0.00282268080156757	0.00301744703306322	0.00214987067723256	0.00284353757208033	0.0029557527576845
72059	40-44	2	0.00339826839250183	0.00387725763806397	0.00496288381565083	0.00489370294102422	0.00396865429349132	0.00328616281540361	0.00326568164092748	0.00248909041759211	0.0038189357211534
72059	45-49	2	0.00551152640782652	0.00585542065058341	0.00532335519408798	0.00641222739343113	0.00471385715300039	0.00518016450457504	0.00516133399019033	0.00452642694528326	0.00436229231470393
72059	50-54	2	0.0067367506224561	0.00923524778540864	0.00806822463079597	0.00860138674011368	0.0088072430989648	0.00712719123387429	0.00523669882277425	0.00538509609585781	0.00627136761096186
72059	55-59	2	0.0124221495629708	0.0115107228327905	0.0112879043178361	0.0114426566738462	0.0106585345183124	0.0108322035681345	0.00942335268031494	0.00884631324576815	0.00927279925163582
72059	60-64	2	0.0170362047073321	0.023247601903807	0.0214462508240915	0.0182256876979805	0.0176604132814234	0.0161629116436805	0.014676064004498	0.0151835456087564	0.0136192472750339
72059	65-69	2	0.0242887314702984	0.0318009782365903	0.0240943016485922	0.0225421233835134	0.0215324349030492	0.0233168371903635	0.0241436863242382	0.0180989160338716	0.0152339560011186
72059	70-74	2	0.0395292851584056	0.0389427995872356	0.0412360352145109	0.042725348275308	0.0351494230208409	0.0324695935735616	0.0249231761353958	0.0256662837082304	0.0317864317917053
72059	75-79	2	0.0614442138234481	0.0742667958601365	0.057504044388529	0.0600920610281724	0.0467929705428469	0.0467071271285871	0.0353914948035339	0.0494940766403203	0.0476407540001893
72059	80-84	2	0.102056727306415	0.101382355687281	0.0939091680699437	0.108260698493687	0.092811141231668	0.0904575405814302	0.0816892421512051	0.0611148266351765	0.0725900264855182
72059	85+	2	0.162753916484588	0.18150172062577	0.154634943109417	0.158406232161921	0.156908598536484	0.200852312370846	0.175845681890367	0.152675342119552	0.150203143131136
72061	0-4	2	0.00337900367374062	0.00295860266759499	0.00297640743729483	0.00328042936665625	0.00261283334440569	0.00222415509214855	0.00209527372330767	0.00164359757268532	0.00199636501505788
72061	5-9	2	0.000226087384136871	0.000212270577209948	0.000229835352850156	0.000190286547233675	0.000180831010292265	0.00018270123844103	0.000149235268104524	0.000138809677812593	0.000146128107506744
72061	10-14	2	0.000241872146672803	0.000280155169377547	0.000257936550751685	0.000287758270910032	0.000232690200605694	0.000205970998414675	0.000168719095190557	0.000157946411272544	0.000182448709605477
72061	15-19	2	0.000899613295087288	0.00117650592879804	0.00127273175693045	0.00171505998933667	0.00125341796240974	0.00121609361895776	0.000839451295307853	0.000644517705792946	0.000692517580513523
72061	20-24	2	0.00161401983071669	0.00177099732362734	0.0027396823324267	0.00266059043195263	0.00258975715791092	0.00239453852619131	0.00235472464120012	0.00156360558450595	0.00141048680263764
72061	25-29	2	0.00245896061395227	0.00290850987369288	0.00345941288539422	0.00325900163185692	0.00274294134739431	0.00249105280271892	0.00230982087400448	0.00155752702312735	0.00197883582734032
72061	30-34	2	0.00220365688943821	0.00280371249301811	0.00435556599260022	0.00334302510692371	0.00227831908200138	0.00265221887135469	0.00253822089400766	0.00187503341577612	0.00231484027912296
72061	35-39	2	0.00243798443383457	0.00332593933735612	0.00518017142037259	0.00416487143637251	0.00272358332334491	0.00223694051800335	0.00221535974756092	0.00200821829730334	0.00314113233614093
72061	40-44	2	0.00335537947317596	0.00446522294822546	0.00507869791586131	0.005391586630418	0.00391884679330234	0.003087563265359	0.00292122694458233	0.00244556554936091	0.002839674218546
72061	45-49	2	0.0040145868645237	0.00469315934974497	0.00656996027051987	0.00621189899185348	0.00412222658967398	0.00425266286200491	0.00345313558988697	0.00369107266175117	0.00477932769971161
72061	50-54	2	0.00808863274102021	0.00706661678289244	0.00734691249529127	0.00791923251155879	0.00670144526790836	0.00574418126768503	0.00566058000562908	0.00512651337364889	0.00499234071514434
72061	55-59	2	0.0104185900476486	0.00984386265334569	0.0103155605133201	0.00977806547693611	0.00897998555899476	0.0096681591402359	0.00720902529604735	0.00746841268746018	0.00778784178928584
72061	60-64	2	0.0194508270855869	0.0170359631629009	0.0138541415162481	0.0154341002295089	0.0126906228602884	0.0123889709073291	0.00907790957693184	0.00933749712400989	0.0102878580996861
72061	65-69	2	0.0235356618440159	0.0232485833296391	0.0228416965164365	0.0210193011316954	0.0196311802607342	0.0164199074395856	0.0155984799608208	0.0154536009666228	0.0142430518548676
72061	70-74	2	0.0347234677506196	0.0306963856586343	0.0312214860861185	0.03435145405897	0.0285216959665998	0.0255955161646752	0.0241868639849055	0.0199209790079922	0.0238559628895194
72061	75-79	2	0.0526963406458538	0.0499388617792607	0.0492494921710403	0.0492763899875376	0.0438793086726514	0.0425229686521928	0.0324151697011152	0.0325358099654331	0.035685312493601
72061	80-84	2	0.0909143080402324	0.0841938951717864	0.0801375082687429	0.0779395101315179	0.0688672746572169	0.0696718332911572	0.0638521672325133	0.0511271857778679	0.0576774106079408
72061	85+	2	0.152008880402222	0.161136478259575	0.152152937593182	0.135629346569711	0.14349874151702	0.144255062522934	0.149638232847251	0.141517722875527	0.131425288343882
72063	0-4	2	0.00363344303239733	0.00380900595357148	0.00322432020198225	0.00281447750886453	0.00251464689438037	0.00258044806787064	0.002216830310366	0.00169448690783706	0.001888480777602
72063	5-9	2	0.000227951503059996	0.000222117617060362	0.000218760353658614	0.000244653968890831	0.000179496029119337	0.000205668738986035	0.00015568538375881	0.000151124263320227	0.000150915206535793
72063	10-14	2	0.000249776192222671	0.000280170612990299	0.00028949971819537	0.000324404130279619	0.000239310838690537	0.00020433107483259	0.000197120152135462	0.000192388468176701	0.000182591687968781
72063	15-19	2	0.0009244015284141	0.000793726372068924	0.00128205992271667	0.00114730925116158	0.000961209034996313	0.000799712497100509	0.000800187102487888	0.000652162424712584	0.000666889808067579
72063	20-24	2	0.00132569407020861	0.00191878583910475	0.00207106288101967	0.00203573798060285	0.00224894540920737	0.00194053649312297	0.00221288276260992	0.00139441170123445	0.00139009032464602
72063	25-29	2	0.00245360219202525	0.00256844757289073	0.00284027069396578	0.00212839994984382	0.00219211997507403	0.002823775905014	0.00251370596033727	0.00196418070258999	0.00175400517985312
72063	30-34	2	0.0021299596150376	0.00273439126000195	0.00315973990051909	0.00320764997918432	0.0023796586265056	0.00243339817493978	0.0023290923183574	0.00195910177785733	0.00213881000760731
72063	35-39	2	0.00366983150206765	0.00354214337343306	0.0046986165112656	0.00420599752711446	0.00293710809840505	0.00318358748209359	0.0018681672957449	0.00237713622408392	0.0027663914185921
72063	40-44	2	0.00436302800103375	0.00394607871107126	0.00511589479414327	0.0033262926929283	0.00328389246619612	0.00281373947126286	0.00331761554785083	0.00280873110627867	0.00266105987283593
72063	45-49	2	0.00550485289414052	0.0056048303655635	0.00572477560044525	0.00486991740033191	0.00523187598230893	0.00481275352031417	0.00350452024773575	0.00356560086735475	0.00407093860155893
72063	50-54	2	0.0072433920026884	0.0082939837236558	0.00915141420928443	0.00765622415621407	0.00691706768398885	0.00513144230487437	0.00583941653060849	0.00444395782374317	0.00609851428781795
72063	55-59	2	0.0122395658157939	0.00997159936924687	0.011277642719351	0.0119681052505408	0.00847306099108581	0.00922294706779266	0.00709425131101615	0.00825702327767205	0.00730987808064802
72063	60-64	2	0.0187944695789784	0.0188219936693245	0.0206209283466651	0.0191652251008033	0.0129336926664609	0.0135478987763201	0.0120250786432929	0.0106154487088647	0.0113504734505486
72063	65-69	2	0.0234508140488099	0.0317081987866551	0.0266395792336082	0.022602771210808	0.0234339090462906	0.0171942468451694	0.0171943564950904	0.0167629846497944	0.0135305088076024
72063	70-74	2	0.0361132947299512	0.0387342538126289	0.0438553143939532	0.035427340098818	0.032381808685791	0.0286104803324088	0.0262211871711783	0.0253865905048699	0.0244238834990335
72063	75-79	2	0.0606189517959387	0.0508221264350085	0.0603578514919223	0.0614139030231455	0.0511454029948032	0.045995283197294	0.0434674629928008	0.0355303695842343	0.0376484360188969
72063	80-84	2	0.10208773179522	0.0842979012339274	0.092978524161203	0.0755038672576753	0.0809284763850399	0.0619181642052847	0.0709454243763238	0.0589784981362515	0.0577462855785542
72063	85+	2	0.165870024094821	0.183300436593728	0.152509869764827	0.153344072011007	0.134602887446282	0.14585343932767	0.143946804262968	0.132082720710299	0.120506221574877
72065	0-4	2	0.00336383388281663	0.00345634502159035	0.00367654513598896	0.00286069853938086	0.00219950636047459	0.00220686917890419	0.00213482119874743	0.00162372186487443	0.00190582927970624
72065	5-9	2	0.000208463798433905	0.000203512901235174	0.000231897748830024	0.000236727357272781	0.000183151063233347	0.000165558740186999	0.000152120920219382	0.000146792756388098	0.000146465785108676
72065	10-14	2	0.000273323326420472	0.000255255911267949	0.000252148016910865	0.00028303697509067	0.000209867934888669	0.00024080562072181	0.000192560003307181	0.000178341325530638	0.000176966646920891
72065	15-19	2	0.000919386039880422	0.000906563435143686	0.000899318693792204	0.000814916493997681	0.000803536651484949	0.000671869119647344	0.00067966749741261	0.000545615292036395	0.000553899547973636
72065	20-24	2	0.00152866838187519	0.00150476510165127	0.00171962192535471	0.0014525272136922	0.00131248617118495	0.0013666055194354	0.00119651840111634	0.00102519006939737	0.00144013647927235
72065	25-29	2	0.00189455138155107	0.00228427964334639	0.00200169734212369	0.00224173880781824	0.00159530565970581	0.00142252471877804	0.00137803589959887	0.00146390877973288	0.00179629803067728
72065	30-34	2	0.00280505939986915	0.00240419474432112	0.00284063681651321	0.00292435095427239	0.00231662277393665	0.001822501806832	0.0015710898002684	0.00160544529910266	0.00175140557440435
72065	35-39	2	0.0027957037881234	0.00375215159639123	0.0035475460092308	0.00321906739004114	0.00284511574613882	0.00239085436029136	0.0022387837983263	0.00199933934543624	0.00228552780707681
72065	40-44	2	0.00492328583595884	0.00495696078706037	0.0037975691660122	0.00391401678694011	0.00318699894020939	0.00300497407945102	0.00274884530224765	0.00312809789143617	0.00301471348469256
72065	45-49	2	0.00621511614895618	0.00507064519930567	0.00545768356190181	0.00604041636218821	0.00557318036725581	0.00414123719627075	0.00464689962923312	0.00284634543370572	0.00314366854264577
72065	50-54	2	0.00791172529815895	0.00675668371555125	0.00934173661363337	0.00903537153600765	0.0064981023376926	0.00779979939397615	0.00560252122511407	0.00600370132332087	0.00475332659623523
72065	55-59	2	0.0139035750702844	0.011835674613865	0.0114419443416388	0.0115236081138215	0.0104607170802015	0.0101701506757587	0.00883676532810206	0.00673336503811932	0.00784381822890806
72065	60-64	2	0.0165797590350394	0.0186824626757724	0.0171660434082962	0.0164121685982728	0.0134117984966425	0.0145051635282111	0.0106804896018802	0.0101095026766981	0.0121895650520911
72065	65-69	2	0.0234764905270735	0.0329082280461018	0.02684079935537	0.0248994176490454	0.0211840368606831	0.021294620955154	0.0154952157107407	0.0164136658929701	0.0163761838692614
72065	70-74	2	0.0394451926242482	0.040113540574263	0.0377528312922889	0.0363738713751609	0.0354378930100602	0.0296694931233586	0.023843685588592	0.0224091121397032	0.025905557438306
72065	75-79	2	0.0504766880878778	0.0502163193351776	0.059331787177585	0.0629836464239685	0.0532768664839251	0.0513393918012815	0.0423000068074823	0.0334532462265045	0.0338440620159532
72065	80-84	2	0.0933715609719697	0.0756461048603407	0.0804713139183486	0.086154057065968	0.0914667218209412	0.072691009429862	0.0700672071161987	0.0528848578116498	0.0583189027225352
72065	85+	2	0.192708763261686	0.173817694174163	0.163656209400807	0.165428467128949	0.165024884508244	0.167133087338444	0.162446050001592	0.132475721692896	0.127318755391503
72067	0-4	2	0.00362171910803967	0.00299058295691111	0.00329628885400862	0.00311772069803726	0.0024996259738424	0.00285823479388275	0.00302997243599375	0.00230976096650512	0.0021326621838636
72067	5-9	2	0.000204995904383224	0.000200600944477258	0.000208468458297612	0.000213892062568953	0.000190639545884689	0.000162395722063141	0.000156690493425846	0.000135741117344921	0.000141121879904997
72067	10-14	2	0.000288616697463355	0.000282534761486595	0.000265998421540733	0.000247595466176709	0.000221004389172521	0.00019790737288849	0.000181066197942532	0.000165584647221175	0.000172297231585185
72067	15-19	2	0.000800892742986295	0.000851775553282137	0.000768485504796155	0.000794485028372393	0.000655986327102709	0.000621942846706058	0.000570736748778157	0.000522859757811368	0.000549106033412441
72067	20-24	2	0.00143723575527845	0.00150823276001612	0.00160329953961391	0.00169780769912998	0.00129484728804132	0.00119446482195995	0.00122786870220251	0.00103619451355013	0.00101519303963877
72067	25-29	2	0.00183704363642398	0.00164289302460702	0.00198811190466307	0.00175495564026378	0.00187923894973951	0.00159293504612337	0.00132162550682275	0.0014870289240208	0.00139201801881119
72067	30-34	2	0.00211908413429344	0.0030065276889091	0.0024166371897824	0.00230683122409713	0.00191943645157559	0.00208073605461538	0.00197179343599119	0.0015976988859728	0.00182547767524011
72067	35-39	2	0.00253220686135141	0.00302061572452521	0.00286232720162988	0.00278397908246624	0.00241578444890626	0.00227700699865374	0.00231752888970348	0.00196421814505646	0.0019227704982848
72067	40-44	2	0.00333075813442304	0.00377490740485249	0.00361617801694078	0.00333230761865979	0.00339727246382647	0.00329583910026655	0.0026113222278106	0.00285031109363954	0.00280711785350633
72067	45-49	2	0.0045590785474673	0.00488309387644419	0.00511765491744115	0.00470281032078658	0.00388872118891136	0.00369914863274905	0.00423102034740849	0.00401834543066163	0.00376596513475415
72067	50-54	2	0.0068675481719032	0.00758651555566205	0.00711782979344926	0.00713695406022958	0.00739452706563682	0.00720299804001948	0.00672640391064241	0.00457366359032178	0.00546969614963803
72067	55-59	2	0.01268194728384	0.00927237576259682	0.010516307492735	0.00888728225761256	0.00939509815487174	0.00825007467687215	0.00893472671289673	0.0074375492256289	0.00655060637861351
72067	60-64	2	0.0163759578653829	0.0146967712716099	0.0148332753030422	0.0139906829090286	0.012163121945828	0.0109211287141056	0.0117615848456981	0.0108211563361293	0.012167559398901
72067	65-69	2	0.0214786044251743	0.0276835173670502	0.022918232211944	0.0199065729394015	0.0219625527794898	0.0161701592122688	0.0161904321231955	0.013495545241154	0.0199964019281742
72067	70-74	2	0.0366195708249339	0.0397432705053094	0.0377692795770479	0.0342148426322851	0.031120487116293	0.0279902107425503	0.0241958542884892	0.0220754437321457	0.022473323021282
72067	75-79	2	0.0451838766644313	0.0565567342473861	0.0506562683802624	0.057852151982879	0.0454683062013432	0.0400435065670846	0.0435735602897495	0.0398745172898399	0.0329308823795063
72067	80-84	2	0.0908071364666572	0.081251231579892	0.0873228097296443	0.0929515726821792	0.0756411184662975	0.0748730443500865	0.0583675130706607	0.0585573856603823	0.0542456461476583
72067	85+	2	0.161599598936423	0.113671567675345	0.140667621458878	0.11667265015601	0.125594710599084	0.124638200530208	0.114222843199744	0.10562976799258	0.122185765346393
72069	0-4	2	0.00375365460724932	0.00407010288095613	0.00350063610882081	0.00291559858112496	0.00296718962642882	0.00260299289949825	0.0023112631021739	0.00204060095253586	0.00266160352850483
72069	5-9	2	0.000228903547024944	0.000255713187915609	0.000221895387933046	0.000228030916606316	0.000197112958825493	0.000198115138914816	0.000167329160865704	0.000171152417163139	0.000188363340581343
72069	10-14	2	0.000370485739368534	0.000287091415251292	0.00028365012799346	0.000281778636242027	0.000246074732822322	0.000247377764366835	0.000200039504874844	0.000195996389166922	0.000205253431322563
72069	15-19	2	0.00112135715887581	0.00105902686654335	0.00116431587802484	0.00109831853699839	0.000783956679243829	0.00085114457142357	0.000888143527341606	0.000727326712655116	0.000756249087038054
72069	20-24	2	0.00205019834219491	0.00195394848789916	0.00195845931418251	0.00198187186498673	0.00189627021735758	0.00231707341161914	0.00213669019139959	0.00162304333906313	0.00148859562706813
72069	25-29	2	0.00263634471358529	0.0024116150354947	0.00323935163577134	0.00263833070554057	0.00222413506359312	0.00258001385428724	0.00296929302147158	0.00255557051507464	0.0015507472182601
72069	30-34	2	0.00309069858502873	0.00358513072684846	0.00408437305268209	0.00362453396671944	0.00256149202421955	0.00274232294077565	0.00221898605242418	0.00249480372823524	0.00300105349091465
72069	35-39	2	0.00367557446033796	0.00401865240467627	0.00392310373666781	0.00342283644102212	0.00317693271191305	0.00340291234468366	0.00307391873133236	0.00230747186333446	0.00358334858426221
72069	40-44	2	0.00325121826411257	0.0040074467478462	0.00675510005268625	0.00583531515937449	0.00380303789979464	0.00451123065413977	0.00291923123637247	0.00318170136666099	0.00416145702085848
72069	45-49	2	0.00612319865701332	0.00580462019376962	0.00744092847676527	0.0061423640617022	0.00547151352853892	0.00541617877320745	0.0033892626439993	0.00460515395419772	0.00416306318070641
72069	50-54	2	0.00859605218920013	0.00953005000108134	0.00973511765785634	0.008655233765271	0.00818642912509686	0.00747788349828699	0.00739657535083725	0.00622221807753644	0.00567802300643962
72069	55-59	2	0.0137660853245899	0.0123003610003302	0.0119032309585422	0.0127435814465845	0.0109134209896719	0.0111484744768982	0.0103019779753997	0.00934616637664527	0.00931658232075601
72069	60-64	2	0.0185868018545736	0.019767428261706	0.0193754314425366	0.01771543774873	0.0162938769848993	0.013653617274664	0.0126422374282333	0.0122134339990665	0.0101186017160134
72069	65-69	2	0.0268611907446804	0.031535243303968	0.0267696099693538	0.0230941033387546	0.0217130611105479	0.0204262567831052	0.0171076419594858	0.0184049498759121	0.0159009258707326
72069	70-74	2	0.0441525807190157	0.0416856942522331	0.0460717603434732	0.0408231874605278	0.0329646685057623	0.0293778914659911	0.0250189139079353	0.0239289092524451	0.0219503347300596
72069	75-79	2	0.0617726038517429	0.0625493717905406	0.0645563384570154	0.0554030081302113	0.054730611816047	0.0444454100594493	0.0382680930734399	0.0370705899383229	0.0302227668597192
72069	80-84	2	0.100691570905256	0.0799851697912252	0.0897766199340635	0.0884327631532589	0.0719654829706258	0.0731190986136622	0.0722292780805817	0.0541882894898101	0.0585687266783987
72069	85+	2	0.191283923145615	0.130102766419805	0.145590192411615	0.174350482376719	0.15762906800498	0.171235031553604	0.145005576460376	0.136232428494697	0.0976134190871604
72071	0-4	2	0.00400078387100971	0.00329727280107229	0.00348518405712323	0.00316908079016464	0.00231954522551674	0.00205294497492393	0.00241909660066279	0.00189924135095955	0.00188705194037835
72071	5-9	2	0.000235477332385131	0.000231859385880823	0.000264723593335777	0.000224828352044837	0.000202003563571332	0.000174301714923425	0.000160870467245837	0.000148348701074592	0.000155350045861479
72071	10-14	2	0.000244096329266206	0.000286658980416535	0.000326441303962953	0.000269804516402873	0.000255640887008374	0.000253850471907546	0.000193396794090709	0.000187547924395131	0.000186486726084367
72071	15-19	2	0.000946964221122281	0.000908964262747271	0.000943843651565199	0.00107919164907511	0.000809636227515268	0.000743995722097125	0.000646440308765679	0.000590567956046492	0.000594713561610339
72071	20-24	2	0.00199653189460238	0.00176659179680946	0.00177001877711534	0.00174285123805666	0.00174302357302593	0.00135131383169333	0.00141323909945653	0.00131306866941264	0.00102069060714494
72071	25-29	2	0.00196932890831349	0.00222261655955804	0.00195453869753629	0.00219937761868703	0.00193083536786463	0.00173006768621941	0.002000493935965	0.00143047943399632	0.00154594330662051
72071	30-34	2	0.00246381983132256	0.00325465789975421	0.00271175124653253	0.00266485613386516	0.00238423578580082	0.0024773954304707	0.00201204012738977	0.00230421984886753	0.00182015390531733
72071	35-39	2	0.00293201315051596	0.00431091704269864	0.00308427145199779	0.00277275121897573	0.00294330066908403	0.0017591580800723	0.00237926020404248	0.00253901997339276	0.00293681702410624
72071	40-44	2	0.00451226060329126	0.00475500774746211	0.00413478178844218	0.00455841227505227	0.00353603749362388	0.0032248664933402	0.00289900330376467	0.00265282148908962	0.00317620646221296
72071	45-49	2	0.00623393325136308	0.00523284024941218	0.00686259339575168	0.00520942743632847	0.00545445164134458	0.00427432305812167	0.0033636759626658	0.00331856841742511	0.0038219950889963
72071	50-54	2	0.00866408703657377	0.00833985911327391	0.00763887038099713	0.00894066098494019	0.00754788861942752	0.00743172859116907	0.00616690379623243	0.00642563429318454	0.00677865917008537
72071	55-59	2	0.0133344411704376	0.0106551691727653	0.0135610390785463	0.0131682726358243	0.0098168397060351	0.00981101701752186	0.0103204778205145	0.00790694095555046	0.00707765897104724
72071	60-64	2	0.0166655691860333	0.020174719127434	0.0205698080406828	0.0190104854798941	0.0153077084520488	0.0158347247978465	0.0138162570616998	0.0109499022242097	0.00991130777129692
72071	65-69	2	0.0206836410689797	0.0250322984008462	0.0283099529395647	0.0246075709470041	0.0247219520070649	0.0187747423758047	0.0178156972517634	0.0200820723573268	0.0169492133385487
72071	70-74	2	0.0390326728657815	0.0421461670106853	0.041696082584114	0.0378616690353682	0.0339370701942705	0.0328401312415527	0.0270544332609749	0.025459636799936	0.023632206636695
72071	75-79	2	0.03890793294668	0.0595975737811188	0.0579218496356499	0.0635646900297435	0.0576498392190925	0.0511819529078712	0.0447054143808594	0.0326965861689106	0.0398510019266603
72071	80-84	2	0.0889218990357335	0.089815117769416	0.0812160094154607	0.0976284723199372	0.0918651462485827	0.0795080781597886	0.0706992028041388	0.0602838447848254	0.0605204310963415
72071	85+	2	0.18486868380961	0.174697546447266	0.18076814773093	0.171021379941983	0.141008834793481	0.152969186049206	0.134148394405144	0.126868386009894	0.129729415169601
72073	0-4	2	0.00375316906530039	0.00412312280063422	0.00391748970696002	0.00432117477493797	0.00272246808736613	0.00283663997568496	0.00242929325031463	0.00207984170266785	0.00198556376097389
72073	5-9	2	0.000222408392141704	0.000216808072218313	0.000236605587584181	0.000219747731985344	0.000186356261097198	0.000176600572955687	0.000179215487897719	0.000147639793823894	0.000153614756606509
72073	10-14	2	0.00026852644325663	0.000274686747395304	0.000271347782321949	0.000306931564443184	0.000225390604757361	0.000213702025881896	0.000196552828690218	0.000180264691005078	0.000187441074830008
72073	15-19	2	0.000882959651409242	0.000907045220824842	0.000857117590110433	0.000867899277129576	0.000782829496790084	0.000681420006774543	0.000694557714684221	0.000594567878990189	0.000625205452589461
72073	20-24	2	0.00169169765042832	0.0015905417441244	0.00162321378925079	0.00174969827493309	0.00128032482341323	0.00146459343986766	0.0012072954433491	0.00119313110315539	0.00110236509562086
72073	25-29	2	0.00191939493129524	0.0019542744595503	0.0025337632170305	0.00185703049371086	0.00174755217093117	0.00159097634119865	0.00179677586977154	0.00149685779426494	0.00170332460520175
72073	30-34	2	0.00265789475130087	0.00215001962231898	0.00254591017720662	0.00280954124017125	0.00229357162780617	0.00209496647207041	0.00188365954528548	0.00168424136230837	0.00209435510392451
72073	35-39	2	0.00355992024321594	0.00273674299312492	0.0031819366084839	0.0033336305877181	0.00264739518632439	0.00289920520347759	0.00221637868710962	0.0019798442046362	0.00230909358299989
72073	40-44	2	0.00409370905027297	0.00363192597827639	0.00381914069374175	0.00426304431955132	0.00292509051916463	0.00364387985944493	0.00293519576411235	0.00303020838525951	0.00313597229746726
72073	45-49	2	0.0046480712926318	0.00615602781277707	0.00554052414503144	0.00466619745400514	0.00389128142337722	0.0044723487962814	0.00403302202830895	0.00329539157144083	0.00424943161966411
72073	50-54	2	0.00798287635382093	0.008876203523961	0.0084579902320197	0.00945175775604126	0.0058858901636288	0.00758870571544701	0.00585821149734891	0.00563309657126165	0.00527967137225932
72073	55-59	2	0.0144606219075761	0.0116552627578961	0.013123911728501	0.0120408746842426	0.00934697493039059	0.0087238201597866	0.00780470421612232	0.00881713207517358	0.00889730050538814
72073	60-64	2	0.0154761693779993	0.0198755137718408	0.0198799118111437	0.0187687701965409	0.0155004049074942	0.0147812211941753	0.0115151689136524	0.0110820232741666	0.0114505107208895
72073	65-69	2	0.0289372174110452	0.0245386405632732	0.026775232082448	0.0196494796305172	0.0242715647258904	0.0154134448593106	0.017891953133376	0.0139551089146197	0.0155341674883437
72073	70-74	2	0.042384890533711	0.0433186837778989	0.043559561653104	0.0402658692818519	0.0447787360334996	0.027953596591204	0.0257332539400731	0.0250295120518316	0.0207939594701536
72073	75-79	2	0.0558509508328423	0.0740527120880626	0.0647121700424491	0.0486367108879811	0.0499798355713525	0.0480249210382775	0.0376305348320349	0.0345118612346348	0.0287515189331056
72073	80-84	2	0.102034150684044	0.0949018045585958	0.111819882581716	0.107208071658262	0.0990405205120179	0.0719611091870262	0.0736269233958064	0.0631531448990834	0.052019600161039
72073	85+	2	0.190023327650991	0.216819096593787	0.18259995984398	0.176301182153606	0.139255538099929	0.136493476146989	0.140022716834246	0.120342753058556	0.134877973395024
72075	0-4	2	0.00527968559182592	0.00354645440598414	0.00418197907097898	0.00312618241794292	0.00241050599882948	0.00270434934493804	0.00220688861532464	0.00227515962092832	0.00248016943481522
72075	5-9	2	0.000245889356332416	0.000211773973731709	0.000288938319836272	0.000214989669598654	0.0002127779643604	0.000185708511770783	0.00016418110653912	0.000158790027727465	0.000158494714918444
72075	10-14	2	0.000375531869148929	0.000324703988008313	0.000296294104596077	0.000347714311273152	0.00026547493845139	0.000231351311130233	0.000206349333303583	0.000201409946939745	0.000210874818695182
72075	15-19	2	0.000866642116910365	0.0010308334150994	0.00091132671730546	0.00104918522957223	0.00106285705366859	0.00112240222885368	0.00097490626098953	0.000590616504259138	0.000577564850593244
72075	20-24	2	0.00147136144138292	0.00196393212970409	0.00143902241793978	0.00253875901343254	0.0023096426431089	0.00230764894501307	0.00201577072596359	0.00118400226821158	0.00140016479461364
72075	25-29	2	0.0022670869500327	0.00256168445901758	0.00237593121373031	0.00305957770653525	0.00268939234818765	0.00261710649001547	0.00213953988784545	0.00154889608869833	0.0023278121342161
72075	30-34	2	0.00233293987883635	0.00264192140062803	0.0036196607877308	0.00259505615831664	0.00219599778328901	0.00265088588639916	0.0027430539534406	0.00218026729414899	0.00252920216989941
72075	35-39	2	0.00307120834820988	0.00491588290759017	0.00524272177787317	0.00340783356394008	0.00292806146742084	0.0026054405949009	0.00220002346245833	0.00238642360693261	0.00278155611316053
72075	40-44	2	0.00370986612727364	0.00451975313077595	0.00444931566084286	0.00510021284367056	0.00381368928096646	0.00381359159536766	0.00293183405313521	0.00320123420758574	0.00283528967291276
72075	45-49	2	0.00560711433098655	0.00443725639489244	0.00585567106031376	0.00650118479120763	0.0057924964203529	0.00410062168874235	0.00449813280959653	0.003999263489341	0.00400109643436411
72075	50-54	2	0.00758653345444293	0.00868269860129395	0.00954366205165734	0.00870150565714913	0.00667188020424495	0.00793734931359609	0.00524208635405223	0.00532604303769583	0.00525633424226146
72075	55-59	2	0.0134360250959807	0.0121507353882526	0.0119111673066668	0.0101429274217864	0.0099033043913388	0.0090345055104091	0.00848747955090685	0.00863727293515022	0.00816868246804037
72075	60-64	2	0.0194660227171771	0.0184734615428873	0.0160723428245289	0.0183529013347244	0.0166845083618567	0.0147640514201684	0.014162270346644	0.0122687835797271	0.0122419839833388
72075	65-69	2	0.0252587607301924	0.0270883109533473	0.0270330060314298	0.0303521258572677	0.0249120454097428	0.0176119994532291	0.0169321685767797	0.0163157906814867	0.0163215684871234
72075	70-74	2	0.0491247783347496	0.0521362482992932	0.0423578939661658	0.037418659248245	0.0365773917420959	0.033558675917512	0.0281673088029052	0.0195599980531337	0.0264257205454795
72075	75-79	2	0.0554076440713045	0.0685597794142946	0.0595884165078347	0.0703004190593343	0.0634917702733158	0.0495546336106518	0.0428086518146371	0.0402936872993473	0.0404095635793097
72075	80-84	2	0.10523147557036	0.088440680944876	0.105374373188402	0.10971049770538	0.0874042170521858	0.0680073860340501	0.071052963562509	0.068790142170707	0.0643904153735748
72075	85+	2	0.180538759791941	0.160889261596686	0.170962974723933	0.145054834432635	0.170835921891155	0.13262167739631	0.135180811500924	0.117323355499562	0.115645967056708
72077	0-4	2	0.00385432586275254	0.00412568486160496	0.00326483142136011	0.00343209795167266	0.00269070173849553	0.00269539936773212	0.00241713904664529	0.00205112809032943	0.00222987067923481
72077	5-9	2	0.000275218335723922	0.000255629891644431	0.000264308712714081	0.000269715792236096	0.000208930955356633	0.000198241690190072	0.000182400223812944	0.000159815018307245	0.000184909695637332
72077	10-14	2	0.000315804629933382	0.000335797362248991	0.000301718635789236	0.000309554186054151	0.000252337584793594	0.000238325370017194	0.000241456273198573	0.000202881950145916	0.000202165034981185
72077	15-19	2	0.000992407267679247	0.000949287175926083	0.00120297614976667	0.0010597975679719	0.00108843442229157	0.000886935337082554	0.00100085391307277	0.000721956655149723	0.000591186217611596
72077	20-24	2	0.00178407251010083	0.00213279303099542	0.00223583918266001	0.0025963698379871	0.00217749004784001	0.0026503251196689	0.0021697871717893	0.00147006668953953	0.00126837156648936
72077	25-29	2	0.00267867387100959	0.00239228500663371	0.00386915240815877	0.00224388532849338	0.00256250482777424	0.00261223738395725	0.00301256805839976	0.0022580780309574	0.00199934078168247
72077	30-34	2	0.00317244712968233	0.00345893720776364	0.00414447079853627	0.00366228483578615	0.00247615496063027	0.00299430618596204	0.0023363990595516	0.00203101802520457	0.00187864390821356
72077	35-39	2	0.003111006280662	0.00481227261519629	0.00495641986006762	0.00453776359868627	0.00309922947354048	0.00288018938041237	0.00245884439260799	0.00277236208424378	0.00316785609012283
72077	40-44	2	0.00568637627288455	0.00489942276254865	0.00722763680488613	0.00505898033312325	0.00408981286386734	0.00377042407303396	0.00326436823069872	0.0027880731637659	0.00379350697598852
72077	45-49	2	0.00620098345826971	0.00712479032712698	0.00548077184738038	0.0063111976635888	0.00538374938671901	0.00529787332039427	0.00434037634268457	0.00473176383338133	0.00480358027373897
72077	50-54	2	0.00828820551904526	0.0082160814892238	0.0096545975643541	0.00983885828672463	0.00761438268575805	0.00904477529436198	0.00872231553853497	0.00508825293489606	0.00662745063919258
72077	55-59	2	0.0144023336285872	0.0172068515222664	0.0146346181152468	0.0135533573271396	0.00971201708023366	0.010555344800846	0.00852507356547385	0.00908984566173101	0.0086559368114123
72077	60-64	2	0.0196595343548132	0.0176613005018226	0.0164066773839194	0.0149044968342188	0.0169256919853854	0.0145322105468344	0.0137130191449758	0.00859982958696934	0.0154904422761179
72077	65-69	2	0.0269401383908903	0.0300325269955715	0.026158348131591	0.0289508975332567	0.0239138189575076	0.0228367437887972	0.0185017839337847	0.0168820196652415	0.0191899994314597
72077	70-74	2	0.0435783266485652	0.0420787629372633	0.0447636968143366	0.039066267349293	0.026922611985503	0.0317537134000849	0.0280302261487702	0.0242950744791435	0.0263064608115038
72077	75-79	2	0.0570773113575596	0.0577240873848764	0.0559409831808686	0.0565398298313455	0.0508747828456644	0.0519346802846441	0.0467448840616599	0.0394957337570712	0.0393522056230057
72077	80-84	2	0.0956725246796149	0.102522851180306	0.102064652816978	0.102909364839891	0.0964442978296213	0.0813000129835171	0.0764232155842294	0.059369664242702	0.0589203363998364
72077	85+	2	0.188926276618083	0.191232911895696	0.198090125608009	0.180945553194185	0.167230200188248	0.150178425042114	0.143022712763919	0.132397572579836	0.122399320798926
72079	0-4	2	0.00325242126297336	0.00333088085790563	0.00369360814731893	0.00314965397608437	0.00342229182092971	0.00261216969749144	0.00276638635951615	0.00171367111664044	0.00198078687499621
72079	5-9	2	0.000230559400284632	0.000214616780333011	0.000245803226127848	0.000239085500705594	0.000184364776642511	0.000175371451163537	0.000161230068748097	0.00014734213798284	0.000153664262405334
72079	10-14	2	0.000266244844115589	0.000329580506035611	0.000268994683039202	0.000290641352040531	0.000236169587082876	0.000223492551921241	0.000195421798678692	0.00017981116548269	0.000186975251717796
72079	15-19	2	0.000817962392026055	0.000822289885216751	0.00103850993669234	0.000947948609356619	0.000728883752114598	0.000630099924049937	0.00058717731781211	0.000575392747667766	0.000638241561611749
72079	20-24	2	0.00154668123400826	0.00168001548571181	0.00163787869243477	0.00158103816192771	0.00137087977521029	0.00138318848299169	0.00124359507958919	0.00113388254261034	0.00140233933069586
72079	25-29	2	0.00201374151239296	0.00183674564269489	0.00232715770110626	0.00226156422414886	0.00153635222035189	0.00143415550394121	0.00150101361730625	0.00141552932129645	0.00128850551017445
72079	30-34	2	0.00226159097220769	0.00262188206652386	0.00271088959473735	0.00252795029516943	0.0020183809796866	0.00196945852550537	0.00167503246461067	0.00180758990288718	0.00163636897108868
72079	35-39	2	0.00368949110900605	0.0029317158676222	0.00330406244832863	0.00282167916760082	0.00340119673782765	0.00228834449300282	0.00249290865294691	0.00205314477472372	0.00289046845309036
72079	40-44	2	0.00362931507707383	0.00398070135109703	0.00540277114386655	0.00377002023938692	0.0034320648523835	0.00308878548452374	0.0030404637594936	0.00263566729264148	0.00342769090620668
72079	45-49	2	0.00534819466145958	0.00571349035112026	0.00549181945125975	0.00625408005038519	0.00430692130646191	0.00401615012667339	0.00421480736301167	0.00433226053247526	0.00368034983297836
72079	50-54	2	0.00677520253853268	0.00737779987718751	0.00903301308267118	0.00912426528651414	0.00611361721761016	0.0066201752530051	0.00662243321393567	0.00506408168114117	0.00531112417510745
72079	55-59	2	0.0109359466309439	0.013658378595009	0.0112826883910217	0.0142711663246417	0.00955098959259855	0.0102059682149063	0.0110412286202714	0.00781318452757476	0.00772022863352111
72079	60-64	2	0.0202261720914648	0.0208116292001641	0.0182328126340267	0.0151802524373857	0.0146268226555346	0.0147717730610798	0.0140481731727804	0.0137785883942955	0.0122584549683989
72079	65-69	2	0.0238670725387073	0.0239414274534934	0.0203921378788542	0.0191144366848292	0.0207373497791006	0.0207816459263484	0.0208229761282423	0.0171929991330563	0.0164074241221025
72079	70-74	2	0.0431143826769994	0.0400035410091917	0.0402078861958453	0.040505583736469	0.0347366215654486	0.0241587590807406	0.0261697099920942	0.0259113395509762	0.025323561453197
72079	75-79	2	0.061454557395157	0.0499172652976504	0.0480683637020331	0.0540392217525081	0.0511056101324957	0.0515905655265234	0.0403092142365126	0.0382556676443904	0.0390570976794988
72079	80-84	2	0.106467300802013	0.0883651805990016	0.10136110649237	0.0959308349119762	0.0848423206305264	0.0763123377051183	0.0634455249363786	0.0534933044788005	0.0608675490766642
72079	85+	2	0.177549168499724	0.153621485647675	0.169266351407495	0.187755200003679	0.167048834160514	0.164022642742568	0.147051010347731	0.127273171311353	0.104817824530166
72081	0-4	2	0.00368563034342388	0.00278861625993417	0.00396042897351194	0.00293218576759344	0.0025176007358836	0.00209229988167756	0.00224841341978385	0.00213829818217955	0.00221406749215865
72081	5-9	2	0.000215851947384696	0.000200307792008274	0.000228801017921374	0.000222779135511956	0.00017295994880049	0.000164813775552395	0.000159984292686532	0.000139379293689598	0.000145353739159885
72081	10-14	2	0.000234007048107148	0.000288451999578527	0.000260208930096209	0.000279543710534315	0.000252720095666104	0.000219702390279085	0.000193308182377235	0.000169389092205279	0.000176248133688547
72081	15-19	2	0.000879870983542453	0.000981366658529964	0.000900466898660075	0.000972444662375513	0.000796938293065593	0.00065573346800161	0.000598191016982409	0.000564258161340847	0.000567795787317239
72081	20-24	2	0.00179297405854304	0.00190933069746565	0.00155577601606822	0.00133983932749302	0.00135592779403671	0.00138996431977285	0.00141547805509746	0.00100996487238836	0.0010104536872774
72081	25-29	2	0.00198835318519029	0.00224803893241546	0.00196292129696196	0.00196135990706732	0.00151237067718417	0.00145171194545321	0.00146059804192429	0.0012871646017646	0.00159766236742298
72081	30-34	2	0.0024176360891139	0.00263234679512	0.00246235588973214	0.00236312669689121	0.0019809324635529	0.00174115541620308	0.00165499609826317	0.00139268504367501	0.00205556028837944
72081	35-39	2	0.00367896263571761	0.00292272514485698	0.00397989865297627	0.00287913478178926	0.00250689619143906	0.00245004381477096	0.00181945206593591	0.0021838906818372	0.00186837381087508
72081	40-44	2	0.00352296384102191	0.00435031904796273	0.00483572701816221	0.00356525935309698	0.00326627769537121	0.0023826710757572	0.00273096765301171	0.00314616301783739	0.0030252251392753
72081	45-49	2	0.00632055357706565	0.00485020478039988	0.00569263220650494	0.00568253256253884	0.00374917233844547	0.00413202649373451	0.00358707229254096	0.00334093529178346	0.00320274530561107
72081	50-54	2	0.00794747416317587	0.00729392815719495	0.00838457525526838	0.00720609243122528	0.00610118852355783	0.00564518802446234	0.00512331172258555	0.00658168166475942	0.00753546789390124
72081	55-59	2	0.0114664078678245	0.012197903370164	0.0106227380904672	0.0121235068071663	0.00927413021490687	0.00850702638739627	0.00610138060187302	0.006771216801429	0.00802830487395255
72081	60-64	2	0.0158909575967761	0.0193042899790581	0.0190364768477211	0.0180364077055989	0.0123844715900011	0.0121333251485913	0.0115258424931102	0.00961738398494074	0.008465089601448
72081	65-69	2	0.0292994100682272	0.0278993125896455	0.0271108237850012	0.0238986400755875	0.019553161827146	0.0228919152719271	0.0183952915113845	0.0182199759615188	0.0139843812025124
72081	70-74	2	0.0432136862385116	0.0418225779838791	0.0432259394493595	0.0344337546708852	0.0356463159243412	0.029426800679088	0.0248040952159054	0.027323089761346	0.023378218953623
72081	75-79	2	0.0624240398528736	0.0614443707215267	0.0581981610213759	0.0476729953873004	0.0524186746945062	0.0484410894668582	0.0333464475530865	0.0382888674076849	0.0379895603839273
72081	80-84	2	0.0968989911682896	0.0822200134134115	0.0730767902792818	0.0713239014656167	0.0803221484515614	0.079193134742627	0.0655214116933612	0.0563232798139912	0.0527707768235579
72081	85+	2	0.192747014604834	0.159693405287378	0.146293705012735	0.159614136160311	0.151631305065599	0.150591733520486	0.121680294295039	0.110781009775596	0.106738842795688
72083	0-4	2	0.00417351209551552	0.0034394295843954	0.0036707706348327	0.00296783764499186	0.0025586416947159	0.00240493354740423	0.00246325622466186	0.00199244631544576	0.00185504600396218
72083	5-9	2	0.00020473401584659	0.000199793682756114	0.000207302600759135	0.00020214930019064	0.000171117561156689	0.000161631106346388	0.00014740190413893	0.000134294904853004	0.000154712239794836
72083	10-14	2	0.000237134737753412	0.000243028674040266	0.000264989763787897	0.000246051472607287	0.000219650629599372	0.00019749530675961	0.000180346218413158	0.000164579315034456	0.000170627141746964
72083	15-19	2	0.00081790273957878	0.000766130497706772	0.000832514312516062	0.000809788781693965	0.000693476453725798	0.000691724230779056	0.000578843449534162	0.00053382268237251	0.000555125238698985
72083	20-24	2	0.00147719382002001	0.00152027230673373	0.00156020498324383	0.001493992539164	0.00116460270310001	0.00117159413694883	0.00103717412392632	0.00106881269698454	0.00141698116106512
72083	25-29	2	0.0016957540152674	0.00188282013065856	0.00201068901182117	0.00186009383128365	0.00146454684122719	0.00146241599305229	0.00143191378329705	0.00132624363193165	0.00132696399483161
72083	30-34	2	0.00214852423919624	0.0023625613311234	0.00231546085901626	0.00268974176532517	0.00180840912623041	0.00181317024957925	0.00160679257109593	0.00167510102580427	0.0016575574292915
72083	35-39	2	0.00319085099144543	0.00310859597891505	0.00357607583808199	0.00312752531908862	0.00259383665039502	0.00240048415375283	0.00196044815658421	0.00218543092109241	0.00190937410971264
72083	40-44	2	0.00327726346311424	0.00370431220052034	0.0041677490093951	0.0033717222777288	0.00305166512151622	0.00273386094651128	0.0025741739005004	0.00248612066086133	0.0026138511702689
72083	45-49	2	0.00427639548019083	0.00456254898289527	0.00474194348961475	0.00532549397943388	0.00396842394008335	0.00405737648542828	0.00326316390282733	0.00335719299062041	0.00329057405562703
72083	50-54	2	0.0067773720314808	0.00870784196972463	0.00627820196997603	0.00789011598417135	0.00616471382213602	0.00529660118264095	0.00487345926337847	0.00613946487675063	0.0048202261244545
72083	55-59	2	0.00925232080399963	0.00873616839792496	0.0108490251000457	0.0104970316146729	0.00921673266351308	0.00784873799767899	0.00676968066913889	0.00724187279971816	0.00895983821405775
72083	60-64	2	0.0171237640582906	0.0170468274387661	0.0167258731882425	0.0149956294817033	0.0130503211243271	0.0139484989499312	0.00890459912696298	0.00998972134652842	0.0091487913084855
72083	65-69	2	0.0197499220710971	0.0217231998439413	0.0224775124580335	0.0243201408536311	0.0177538522470853	0.0204862808440634	0.0167581846605769	0.0143313835899143	0.0158866277795732
72083	70-74	2	0.0371164225065393	0.0393296287906099	0.0338743353054609	0.0307868412532196	0.0345646517640037	0.0299142715632672	0.0271664938200582	0.0205208844862693	0.0195076123421018
72083	75-79	2	0.0564424348033041	0.0566158552717761	0.0588823425060387	0.0503388351084855	0.0489036352902851	0.0373224193738513	0.0386413437894312	0.0324127359414668	0.0398278042041036
72083	80-84	2	0.0922929593426213	0.0907468974932697	0.0778329404721003	0.0847780461717895	0.0661112666637435	0.0683728319688106	0.0773117828892749	0.0563842708219816	0.0481195608546648
72083	85+	2	0.122211275072866	0.146767333125217	0.133528258921677	0.201884246897682	0.185409547003697	0.172512364614367	0.127579866056	0.139609758638399	0.134139949360099
72085	0-4	2	0.00412447891181134	0.00392748067373512	0.00298693089881244	0.00282608639976944	0.00233382511602874	0.00238250011010477	0.00240645685739379	0.00170734712532393	0.00210336364977577
72085	5-9	2	0.000203832430924834	0.000218581885912021	0.00027445035617219	0.000209730275238598	0.000196497940639745	0.000167950620790039	0.000154499654506401	0.000142231416814758	0.000149151043207442
72085	10-14	2	0.000272154939929887	0.000263174124092505	0.000298842031732666	0.000253004643194086	0.000226500459325122	0.000203483248964807	0.000206270891715423	0.000172418388073935	0.000180423471074681
72085	15-19	2	0.000966063862900544	0.000749451248500784	0.000857758506122096	0.00100741739910034	0.00064340131311264	0.000725104159848139	0.00083644528622735	0.000584678624611305	0.000588996240361192
72085	20-24	2	0.0015422134792693	0.00185187122009625	0.0024455766187896	0.0020581391494286	0.00196769422821874	0.00127760287212801	0.00230354313103242	0.00155199948686065	0.00131345445605419
72085	25-29	2	0.00231449047301733	0.00236862981644936	0.00270702672086503	0.0018865518938958	0.00212817331552579	0.00164140147229981	0.00168308114502843	0.00169667235210125	0.00247476446498661
72085	30-34	2	0.00256383749411215	0.00288493711297257	0.00349511382248751	0.00249497485997416	0.00204128422571698	0.00207933596452664	0.00256067389913517	0.00194000577902941	0.00192778858445186
72085	35-39	2	0.00293905843290163	0.00300682862062811	0.0039069240117076	0.00364829367106075	0.00277255656144443	0.00298518891420062	0.00241398368442432	0.00198964628143051	0.00272052719696643
72085	40-44	2	0.00448172369025894	0.00356977682726639	0.00409207431022237	0.0044232526481589	0.00303414433550547	0.00316244590744215	0.00258673111747295	0.00233030519058767	0.00341131821947322
72085	45-49	2	0.00601256459194102	0.00486186756928757	0.00606465116935679	0.00469880422661193	0.00499765695958679	0.00400979285885754	0.00346445488614397	0.00371076855252217	0.00383273199516405
72085	50-54	2	0.00828878620356575	0.00706950554168198	0.00581220784039825	0.00680930614022657	0.00672313074627658	0.00550352534747693	0.00514621198473208	0.00482350356161223	0.00588190435939029
72085	55-59	2	0.0109071771617124	0.0111569286483432	0.0138125901619032	0.0105968395725235	0.0114373423119423	0.00771685735224973	0.00739987938921867	0.00959031545148352	0.00889474887423005
72085	60-64	2	0.0133232484827551	0.0212237353723852	0.0171599433120099	0.0193676361861715	0.0157731378747593	0.0115753982531863	0.0120479584192528	0.0117287647957248	0.0118528602101473
72085	65-69	2	0.02306141440518	0.0256110128064242	0.025385502041677	0.0228164998038508	0.0181694652736609	0.0190274693323631	0.0210236414269381	0.0165398795905424	0.0162621995787283
72085	70-74	2	0.0356641008965022	0.0368594278039562	0.0438396405495183	0.0384921044743083	0.0303720558335997	0.0297268842532532	0.028621510248458	0.0229980297810875	0.0224901672089341
72085	75-79	2	0.0447841159886157	0.0574979287128629	0.0498958288499786	0.0547321686193557	0.0566311081489312	0.0491244851135109	0.0365364345122414	0.0338006775863341	0.0346997940664118
72085	80-84	2	0.0998867334034193	0.0853553059796647	0.0900188670010332	0.0807277010356306	0.068685215798706	0.066004800793611	0.0702192514819197	0.0594056341871581	0.0554201359214171
72085	85+	2	0.160296259141276	0.192834315728858	0.139992900780308	0.134796459587483	0.136877487340378	0.153694920236268	0.145520014391716	0.138532916629082	0.112908575176771
72087	0-4	2	0.00561393549022002	0.00403183057684266	0.00468451061233514	0.00393854254856827	0.00308870865324107	0.00285056987069782	0.00256165427254694	0.00177860992945408	0.00224125748365812
72087	5-9	2	0.000257841297120485	0.000285098160271024	0.000321878699636194	0.000250315306472369	0.000215358724697172	0.000206723171554877	0.0001818027282486	0.00016658275365896	0.000175325591258637
72087	10-14	2	0.000310684902609947	0.000343186385761034	0.000307301138564659	0.000375902697727201	0.00029681739141267	0.000273245216832792	0.000243110847134526	0.000203169869270078	0.000234657464829039
72087	15-19	2	0.00105686835208536	0.00106463139140809	0.00148765257645828	0.00183548990983983	0.00269448487177473	0.00181428625111584	0.00143583017246345	0.000768976281129943	0.00107286042988119
72087	20-24	2	0.00206077829362021	0.00213052716594638	0.0022919721464426	0.00346728448748843	0.00343663837730802	0.00484954146224126	0.00305315211767627	0.00205614234221531	0.00205753568230304
72087	25-29	2	0.00241935356784124	0.0030858921511243	0.0037618828637834	0.0038289532813555	0.00372795360027014	0.00387736381264239	0.00303079079924568	0.00246241492914155	0.00261699841881364
72087	30-34	2	0.00293417229904676	0.00377093372875399	0.00442603526806613	0.00565463485475905	0.00431578015047065	0.00399514877907176	0.00294416159004637	0.00255230708250767	0.0025785343761317
72087	35-39	2	0.00387999404217802	0.0034415653126292	0.00480006976081774	0.00658875619299733	0.00463595823230574	0.00302118665577381	0.00461519586052974	0.00249762151806828	0.00301425801766053
72087	40-44	2	0.00474360756105444	0.00530728780675107	0.00562153387120103	0.00545749124526461	0.00484861033971744	0.00478277638665497	0.00486018044514635	0.00314497160376134	0.00373109174278606
72087	45-49	2	0.00793257959504554	0.00532401291374894	0.00862382899892242	0.0075934033759703	0.00638294144205074	0.00694226902354253	0.00560589981271729	0.00460898184213691	0.00442927405830153
72087	50-54	2	0.00788234102337651	0.00917144362054418	0.0105803918011501	0.00848208878754454	0.00774260354650144	0.00777621914898569	0.0075576003969269	0.006192230840975	0.0067163830124619
72087	55-59	2	0.0121100356109573	0.0154534549463715	0.0132643817058737	0.0126711599920731	0.011312911071255	0.01108712914958	0.00875052795632704	0.0073392432644071	0.00991445175771439
72087	60-64	2	0.0153410762602325	0.0192903036167783	0.0179597040147681	0.0175550468441747	0.0149697770197754	0.0135621254205257	0.0121044738659206	0.0115143316808731	0.0128035345694066
72087	65-69	2	0.0300245281285397	0.0226805015169483	0.0295848093925726	0.0253904594556455	0.0261276939830713	0.0179668488521521	0.0169527496618069	0.0155038497422776	0.0185280665118634
72087	70-74	2	0.0394404768173222	0.0422054663835437	0.0433449786286883	0.042530306595141	0.0284515348538388	0.0349503109015666	0.0264881322306258	0.0260245003509942	0.023537369168995
72087	75-79	2	0.0557847309417809	0.0623542112591924	0.0526867249081641	0.0541771100564233	0.048777021575274	0.0435698274594215	0.0391433184879467	0.0376728370239573	0.0442461700689464
72087	80-84	2	0.0779627519137305	0.0765103876372406	0.0872279101009231	0.0961774002923598	0.0954429213114782	0.0933035652178832	0.0659050956314433	0.0594619350569131	0.0595030104876406
72087	85+	2	0.185429204459465	0.162957815821797	0.153348682434195	0.159995511044459	0.132278197214232	0.144605235810596	0.13439965633205	0.117227599910938	0.101796334254892
72089	0-4	2	0.00429807395213113	0.00406225739217353	0.00383750207344634	0.00379197856272276	0.0025193420286532	0.0029807310470146	0.00268696382437757	0.00197943707674926	0.00254980336630303
72089	5-9	2	0.0002467865117913	0.00028014293900123	0.000276778031023309	0.000257092058875548	0.000218334062348772	0.000197106032504659	0.00018065216461132	0.000164834035997987	0.000172153059290475
72089	10-14	2	0.000314104283692888	0.000337580648371627	0.000303089074063576	0.000345084853581917	0.000266276616022741	0.000251136744764347	0.000219122538531447	0.00020087418069232	0.000209658959250525
72089	15-19	2	0.000977970414120187	0.000978807386983301	0.00128602081662892	0.000998397037479338	0.000832618872245626	0.000821609426196214	0.000798547338456784	0.000715412212472612	0.000719960630000644
72089	20-24	2	0.00186507776701538	0.00213116194762871	0.00205643493132007	0.00186805435805928	0.00238710920086504	0.00198005645658126	0.00151145611104199	0.00147532608175529	0.00125062652654368
72089	25-29	2	0.00238850434511611	0.00213817971413169	0.00260611207940938	0.00289156936532567	0.002495710219318	0.00253906499088147	0.00244736914403926	0.00151496688409328	0.00169734291896602
72089	30-34	2	0.00303270176818644	0.00325897821107115	0.00338575513879904	0.00324805370948237	0.00215172225796319	0.00217675063837992	0.00303465460713769	0.00218858497363299	0.00190472242665032
72089	35-39	2	0.00308819008199336	0.00457530821832811	0.00540913093620812	0.00451038750646407	0.00300372516068677	0.00405161147259672	0.00330057352568233	0.0026112282569439	0.00290072354657465
72089	40-44	2	0.00352975240800728	0.00476404841898008	0.00719338720702847	0.00498786749816561	0.00577541316250673	0.00360222056467894	0.00328716978481503	0.00314005022527664	0.00440899714066715
72089	45-49	2	0.0062758602335482	0.00626029298118284	0.00505845702240353	0.00855363999151386	0.00707948503283211	0.0044197093349887	0.00577189378844772	0.00374484822918968	0.00446715181693846
72089	50-54	2	0.0110840330025497	0.00831504117159798	0.0111183310125315	0.0124195146720868	0.00888119716843159	0.00902871745350621	0.00711851935736204	0.00555275256246339	0.00585581701987038
72089	55-59	2	0.0110786905348369	0.0125588754046136	0.0135978447370317	0.0112106352695018	0.0124595952897263	0.010917460655664	0.0108611562923363	0.00774143598168236	0.00987787129107047
72089	60-64	2	0.0148973553925227	0.0158214644726602	0.0228545816436948	0.0194370428997884	0.0160106050702502	0.0149824328144222	0.014176068585558	0.0119423979315555	0.0143994710265806
72089	65-69	2	0.0240250346053923	0.0235734775098585	0.0263748750253784	0.0312541430080306	0.0222900061627233	0.0207209727483816	0.0181445699276996	0.0147100328063234	0.0182015647241839
72089	70-74	2	0.040595450628146	0.047878832079769	0.0412296577061695	0.0474731161343314	0.0362493712976124	0.0283307927732578	0.0261935002148262	0.0235615120547062	0.0258234667710779
72089	75-79	2	0.0694415468632267	0.0615031570586454	0.0566032020855055	0.0601988600516309	0.0654413061385674	0.0518343022807774	0.0469786378261422	0.0369267636081144	0.0379152594764798
72089	80-84	2	0.0993725500206402	0.0914274403200216	0.089236090717472	0.0894486734300486	0.070090616688014	0.0698771572043025	0.0630921139451841	0.0763257747373234	0.0615902366340883
72089	85+	2	0.205232750132399	0.158726646029144	0.165228375608711	0.186207004313837	0.175592236459095	0.173072647734577	0.145446818141894	0.100924111393907	0.105947247410465
72091	0-4	2	0.0048916179325108	0.00343545716037977	0.00370769828131745	0.00333712925515341	0.00280925127085787	0.0027547545463506	0.00224743775317397	0.00234543386679123	0.0021421220291441
72091	5-9	2	0.000240473629975061	0.000246998072553823	0.000255958868861803	0.000237870330820844	0.000223370398816571	0.000213140488182282	0.000179660217794335	0.000158067164765347	0.000165863082811528
72091	10-14	2	0.000318634797845597	0.000310277814099564	0.000320360626378849	0.000285815718362709	0.000244675007111143	0.0002673344181687	0.0002155203308838	0.000190819880364904	0.000210545347325726
72091	15-19	2	0.000973650013808889	0.000990005678060465	0.00116517378651774	0.00138716346855667	0.000820132778902832	0.000917677342688317	0.000868491696382535	0.000628010218050675	0.000732064840045272
72091	20-24	2	0.00192890603787136	0.00199372897985564	0.00221241349535521	0.00301583904481968	0.00161732212983405	0.00163293122774565	0.00202367296962995	0.00181446741612125	0.00176648679133232
72091	25-29	2	0.00232097780507687	0.00296313451877259	0.00329330068023539	0.00254077645720007	0.00223764183075044	0.00220118330362974	0.00253889558195363	0.002099976190275	0.00235731862700514
72091	30-34	2	0.00311967291907061	0.00367748498441714	0.00438113749855523	0.00400851175867952	0.00248795451879803	0.00258031597024191	0.00249404858037209	0.00264281069425176	0.00259004180638001
72091	35-39	2	0.00364102423344656	0.00453025376026383	0.00513116788614932	0.00414156589135742	0.00298632824514367	0.00288129704427376	0.00228972201306103	0.00300689401351323	0.00234461461148579
72091	40-44	2	0.00421776540076061	0.00670682139825079	0.00574198567424488	0.00500291921099252	0.00383122390584296	0.00343835625004143	0.00254884676103567	0.00258089913697927	0.00379141503670809
72091	45-49	2	0.00618161122045889	0.00797921691963254	0.00669986744419773	0.00722355322792834	0.00497604020930751	0.00535898287598906	0.00421670723764831	0.00379496140052093	0.00431371278834266
72091	50-54	2	0.0108544467672832	0.00836697715672175	0.00901431985613273	0.00874592598123591	0.00863888877189299	0.00720521487979728	0.00581979966531386	0.00431804429532258	0.00515757989176805
72091	55-59	2	0.0131064649586444	0.0136183447394635	0.0131700501425946	0.011865755892237	0.0111981326386383	0.0116956099453747	0.00940643789347714	0.00872495308176069	0.00737916094291993
72091	60-64	2	0.0254182065810518	0.0195902958909356	0.0201783304280062	0.0184361435505014	0.0166612147299395	0.0138726697798431	0.0141784446290059	0.0120967669717144	0.0130951754582314
72091	65-69	2	0.027780728811559	0.0252775049826243	0.0254833376087044	0.0198504170883835	0.0237652490762151	0.0187615501367799	0.0195110605039324	0.0166013311581658	0.0181349698958024
72091	70-74	2	0.0436898940732349	0.0483115625068137	0.0458512357923463	0.0442842318029376	0.0381357093804204	0.0302803143484872	0.0282079084054125	0.0242605351835535	0.027160361732634
72091	75-79	2	0.0580219672612071	0.0546692670948098	0.0627471701132409	0.0504415315518987	0.0537842401759835	0.0443984848004423	0.0434881772414092	0.0437233388640821	0.0425907008742348
72091	80-84	2	0.0884430749179333	0.109937264469609	0.0846605185140172	0.104036628200037	0.0720244097612072	0.0760579492891889	0.0693438622417828	0.0588526770349106	0.0578947575576785
72091	85+	2	0.206069971246342	0.203187790427318	0.161487293301925	0.193247620258341	0.16730778909719	0.156952485603163	0.147051339893877	0.112789785543917	0.115746246522568
72093	0-4	2	0.00403333574111729	0.00324648726610398	0.0036563545933016	0.00351868944477279	0.00294029540015493	0.00301439678458425	0.00218634646825926	0.00139485249151457	0.00226299290459661
72093	5-9	2	0.000221238441245829	0.000215140595945827	0.000235859207303844	0.000230638037276799	0.000185089291643018	0.00017429806171133	0.000158825165463769	0.000144482016146789	0.000150405270520242
72093	10-14	2	0.00025678654210157	0.000276704840968171	0.000288210169494036	0.00028169224923739	0.000238208826051876	0.000213221492025715	0.00019477923881471	0.000177371165912328	0.000184346355817629
72093	15-19	2	0.000858783445475979	0.000841716031482224	0.000919364143020536	0.000938184402682262	0.000761912587524924	0.000688104329389775	0.000665219031342209	0.000579863559230246	0.000637308112295673
72093	20-24	2	0.0017086863678398	0.00167346593016255	0.00158066130067917	0.00169012416621919	0.00137612865646567	0.00131263996387014	0.00115807825904356	0.00117995589591808	0.00111462879904206
72093	25-29	2	0.00202048725207703	0.00197895775297845	0.00206258294487287	0.00202799521361043	0.00200003990910938	0.00162709564742727	0.0015826817156545	0.00140977831285501	0.0015451047450743
72093	30-34	2	0.00261925548933453	0.00223491340656178	0.00243619083149777	0.00250778312897484	0.00196211102413218	0.0018571591812373	0.00170744154658091	0.0015850311633566	0.00193316521805802
72093	35-39	2	0.00358168867454477	0.00300502437581037	0.00295344011986815	0.00345823658726058	0.00298872498233165	0.00259755535108857	0.00218714299413787	0.00194199859863542	0.00225579333972886
72093	40-44	2	0.00478443860901659	0.003982147700931	0.00500609150240597	0.00398032094243539	0.00314538903372349	0.00296996237680268	0.00304974264656188	0.00315021576288369	0.00275442480075944
72093	45-49	2	0.00551341685791008	0.00471726029063276	0.00570723128830032	0.00560216335767908	0.00440233278568203	0.00384190991024603	0.00370988130620241	0.00364409734824697	0.00446111185503487
72093	50-54	2	0.00734122446140793	0.00806410447225234	0.00904914534610463	0.00763586566126975	0.00622824973946434	0.00610846861472684	0.00716380341097902	0.00508159816643215	0.00607599629871368
72093	55-59	2	0.0124365852232785	0.0126203284527372	0.0118705706431174	0.0132445439542164	0.0106281641438983	0.00925826335620986	0.0082573063356259	0.0072447532281194	0.0104783918787051
72093	60-64	2	0.0178808632426324	0.0196933682920603	0.0185689406128733	0.0185286071587458	0.0148516133954783	0.013722001406539	0.0102256549785131	0.0102335531997916	0.0105606268831443
72093	65-69	2	0.0274317546194851	0.0259246496150842	0.0236135916946531	0.0223610036039007	0.0185897063074847	0.0184359951079875	0.0134342525961392	0.0146675631303008	0.0150730863647789
72093	70-74	2	0.0419384294027548	0.033199528666767	0.0424814831527937	0.0431307385174048	0.0332715691140161	0.0375694414429994	0.0285257722202624	0.0231248996194666	0.0238370809972473
72093	75-79	2	0.0601232210697797	0.0480652484349351	0.0556598248707575	0.0570355858317882	0.0455417769935351	0.044987561090797	0.0427558961167339	0.0422197397971594	0.0365299956333419
72093	80-84	2	0.101773124573499	0.0992985671446534	0.103661674549224	0.102031848324118	0.0664065430434978	0.0662816228357674	0.0550697637660679	0.0592564634516604	0.0483206746218983
72093	85+	2	0.180663293746514	0.158806599676335	0.151624162119955	0.154868151467868	0.145793882137122	0.121488202539052	0.139357797581355	0.129414783285695	0.136376937412833
72095	0-4	2	0.00452492741363561	0.00400394218800059	0.00383911791420872	0.00389182448488528	0.00317859801838314	0.00247670546184739	0.00277207978658924	0.00206782737956698	0.00225860318721115
72095	5-9	2	0.000229418687140767	0.000235428867689188	0.000232968737063553	0.000227773018068609	0.000192935412019664	0.000182591118205946	0.000167349338715761	0.000152200695281513	0.00015892567369216
72095	10-14	2	0.000292204234367783	0.00031466938091464	0.000282344373443159	0.000276957756445977	0.000247509532763595	0.000222934519527433	0.000204581108450985	0.000186231383193246	0.000194356776441624
72095	15-19	2	0.000953119742199173	0.000856695099314403	0.000894873043157594	0.000888417467098488	0.000769267458223267	0.000765312390511302	0.000781322286220014	0.000599355066425685	0.000626127311145765
72095	20-24	2	0.00198400009447955	0.00161993226769326	0.00181404916175612	0.00185278083075348	0.00160637201917464	0.00135981123155087	0.00138605768072214	0.00117940648519161	0.00124791738447591
72095	25-29	2	0.00244765257901872	0.00215276071261734	0.00248228971790417	0.00215950252936145	0.00182057282422808	0.00176295012988973	0.00159431889655612	0.0015615303010903	0.0020615878289579
72095	30-34	2	0.0024484128640044	0.00280293025137778	0.00364404705679802	0.0027073571549773	0.00216495739048643	0.00224414658709683	0.00186405085488322	0.00175288613076358	0.00243344536224895
72095	35-39	2	0.00288391180778429	0.00341853088609101	0.00448568275219935	0.00408434914345639	0.00272113951775431	0.00252114031808893	0.00246260000799928	0.0022895374575383	0.00328409701415898
72095	40-44	2	0.00414496175477875	0.00419710210829065	0.00437611207469493	0.00463056285869988	0.00323138618592423	0.00375311738681493	0.00378557391809511	0.00284400419577849	0.00284309549184208
72095	45-49	2	0.00542095958510958	0.00584343928632838	0.00703469124674992	0.00586105760029587	0.00473500965383414	0.00443321010419971	0.0043197672026409	0.00356462123677477	0.00374564430963502
72095	50-54	2	0.00736793961881719	0.00767476135110522	0.00759044027417087	0.00824399195783106	0.00761023073297081	0.00672486501054347	0.00702427382978458	0.00530421066620236	0.00491770293332556
72095	55-59	2	0.011365274161114	0.00931832167256492	0.0101755227926669	0.00995103647765964	0.00907050514247973	0.0112304115908107	0.0084227421812085	0.0064521471611285	0.00781109683354356
72095	60-64	2	0.0201672650680171	0.0202035038283307	0.0166085787856787	0.0171483804156803	0.0130947491682807	0.0126340473650709	0.0140036279044772	0.00971443403018253	0.0101481305961617
72095	65-69	2	0.0257133668932992	0.0316804829323539	0.02317806409019	0.025254921476892	0.0226984259169947	0.0202537736925324	0.0183352674622397	0.0159866630154089	0.0256565878214676
72095	70-74	2	0.0408136908270284	0.0337810359856774	0.0358892793436411	0.0398148850020202	0.0360895787811472	0.03519083294261	0.0312004252579549	0.0239340674021952	0.0297401245595483
72095	75-79	2	0.0503185225409119	0.0519256441730517	0.0474825874704205	0.0562807844431327	0.045158516375932	0.0507482337734351	0.0423509369165148	0.0409584464977478	0.0399931046570675
72095	80-84	2	0.11082595990406	0.0959474499319018	0.0987927702268303	0.108723605462089	0.090855997968825	0.0795454657406291	0.078641012086086	0.062612907099502	0.0623899458319831
72095	85+	2	0.174839028139433	0.179243674554863	0.173715560847476	0.130857772229318	0.162463355456402	0.138348503404996	0.13856880179384	0.171888527206518	0.128746345359973
72097	0-4	2	0.0049935669976864	0.0038782588500123	0.00351388704360864	0.00337786773843948	0.00254496911360757	0.00274559230798771	0.00189372105189024	0.00183106290778923	0.00250985369931182
72097	5-9	2	0.000275054572940254	0.000263958861934709	0.000244597944423673	0.000243154885811117	0.000195365119467414	0.000189503216389759	0.000186375986299979	0.000149981204044993	0.000158174675592905
72097	10-14	2	0.000273699077111189	0.000302858782226681	0.000292765571426595	0.000333298194678672	0.000263147732530254	0.000214644657800887	0.000193041713654429	0.000217519428660958	0.000198244352391364
72097	15-19	2	0.0010316378089945	0.00101579557666733	0.000942177766406439	0.0010704846833626	0.000685621632995011	0.000902858651776774	0.000911148271660532	0.000698058734392371	0.000713538263279111
72097	20-24	2	0.00150574862278764	0.00130717326416563	0.00153409654937223	0.00147516813989591	0.00112695499454064	0.00126054863876741	0.00133325697314692	0.00113221126021566	0.00125589665181957
72097	25-29	2	0.00226124312411908	0.00229125204779179	0.00271566073034886	0.00268283993000368	0.00195318000573712	0.00181982405477837	0.00158352786926155	0.00157324078612703	0.00207045099212492
72097	30-34	2	0.00237282141500786	0.00301129616737598	0.00421907577819355	0.00418371734650591	0.00291500569734638	0.00268750082970829	0.00248947891039308	0.0024894323846049	0.0027584679602452
72097	35-39	2	0.00371134246415773	0.00452043755138812	0.00516461287226194	0.00441509134120723	0.00319837368654537	0.00381418773091121	0.00331834601058911	0.00352334096359176	0.00282978562707619
72097	40-44	2	0.00427089309205676	0.00468475101196431	0.00634267336279205	0.00480855305017598	0.00492901319962436	0.00354802744764777	0.00383092234818314	0.00373400217047162	0.00447342505143807
72097	45-49	2	0.00685906827267519	0.00539848729498956	0.00786484667411032	0.00696368288718933	0.00606702573662846	0.00613333910284053	0.00479932820384348	0.00510853729795649	0.00575241852517707
72097	50-54	2	0.0103612226980894	0.008877529251671	0.007235873055012	0.00871291752569492	0.00842896891305879	0.00862583287941313	0.00758664728556171	0.00719033925578877	0.0070313387637589
72097	55-59	2	0.0120426255171517	0.0127477561167883	0.01096336636123	0.0110557022259644	0.0107979938920032	0.010710869406845	0.0111610616868889	0.00918791504001325	0.0104148242519529
72097	60-64	2	0.0189435859841553	0.0200667973561315	0.0195803975281504	0.0187555278511794	0.015209950212791	0.0150548181559512	0.0140774089355109	0.0120934718217959	0.0142174505886895
72097	65-69	2	0.029309368170495	0.0290640287786506	0.025312028665343	0.027933039374423	0.0212647875400813	0.0197459768338624	0.0188981087273744	0.017884497079262	0.0170946948557447
72097	70-74	2	0.0442710938677075	0.0449037371571055	0.0458907810089045	0.037558670212232	0.031813211142763	0.0329811553804804	0.0314930971899239	0.0233470686055352	0.0251041374336856
72097	75-79	2	0.0611859871879815	0.0682766540266839	0.0566713005684039	0.0589524418230347	0.0541238511209143	0.0428341920730434	0.0437846741487185	0.0362627233159862	0.0344573953940743
72097	80-84	2	0.0956446848407144	0.0917254796428228	0.101753726990462	0.0961989894379457	0.0743079474834065	0.0794285584010837	0.0755015402017937	0.0526826906403376	0.0572711382892582
72097	85+	2	0.176680357088935	0.170039245847329	0.154626111052303	0.162614924408175	0.158617902568319	0.156310676109963	0.140800203978953	0.114410755038477	0.110775951696499
72099	0-4	2	0.00397655438864877	0.00245198039414478	0.00335282077697853	0.00303725920383979	0.00268990716635345	0.00227048762839597	0.00210609211749738	0.00206331231544904	0.00178153999704122
72099	5-9	2	0.000196128365658927	0.000220376416031672	0.000228350234214583	0.000202761928727659	0.000173047273330375	0.00017220183518781	0.000151165258951595	0.000132429586474325	0.000138427409132583
72099	10-14	2	0.000257395094428469	0.000262021154635194	0.000236185851686188	0.000267084194078038	0.000240576198181015	0.000188297235226663	0.000173654424430535	0.000160337108291218	0.000176226481882585
72099	15-19	2	0.000857077890378961	0.000755894561621897	0.000843426336827517	0.000853096958817356	0.000592611236575678	0.000619490018565355	0.000580540435404102	0.000543199757607191	0.000572996717129515
72099	20-24	2	0.00170934994113764	0.00143407131759413	0.00147993091717984	0.00148856976203478	0.0010583542330359	0.000971402611935862	0.00120792014899183	0.00095755920409439	0.0010631706403765
72099	25-29	2	0.00199394042516602	0.00199469114540663	0.00196798837179082	0.00182962864558352	0.00116087813205488	0.00142793873437814	0.00151207257138082	0.00123369872703667	0.00157993163514926
72099	30-34	2	0.0021984361902932	0.00216575587622484	0.0023465438067839	0.0018999326408362	0.00167980084732632	0.00168043603947851	0.00155273949380714	0.00175303957554011	0.00213113162528622
72099	35-39	2	0.0031471476337615	0.00279808364236847	0.00283959359165402	0.0024956659518962	0.00255039512511591	0.00218735268573459	0.00211920608400179	0.00174567922337536	0.0025475849228272
72099	40-44	2	0.00328759254942705	0.00347621792427872	0.00406230938253891	0.00390115004802327	0.00288905583345703	0.00278107745112232	0.00241397947107619	0.00234416599820564	0.00256295352524952
72099	45-49	2	0.00563976105708004	0.00435949166829893	0.00459502584510599	0.00515678317766278	0.0039337663648791	0.00384233528537463	0.00424799355062627	0.00282642826252692	0.00325103083579675
72099	50-54	2	0.0084710421370023	0.00682479024504641	0.00867884210206239	0.00840798453845511	0.0053247071775426	0.00488870784672789	0.00649098719024358	0.00515755213632462	0.00560376399416181
72099	55-59	2	0.00929785972383015	0.011281147327746	0.00991077887266887	0.0105845921530873	0.00978618204275352	0.00794525367484031	0.00638457862282548	0.0067806212881994	0.00674728215957031
72099	60-64	2	0.0174588486706476	0.0165100654478186	0.017088593134656	0.0140876769713069	0.0154497466493829	0.0125734613787832	0.0102757145165476	0.0102560178728825	0.00947631990528899
72099	65-69	2	0.0275976012166681	0.0248217511597022	0.0231776354287366	0.0247907102138349	0.0215282531939834	0.0159699461096908	0.0173764824445568	0.0170331971769075	0.0120075546194988
72099	70-74	2	0.0395473243924246	0.0408655389388461	0.0322101556053884	0.0351087542616571	0.02450370513027	0.0280802539923018	0.0247202246335368	0.0201883877752769	0.0214036840742448
72099	75-79	2	0.0551237322961219	0.0538830397208052	0.0511283560261342	0.0521438812350571	0.0484326587407249	0.0390871188749361	0.0361703761004964	0.0377605471841134	0.0350315846790817
72099	80-84	2	0.106178506815095	0.0905792952942608	0.08257530022234	0.0921987801117086	0.0809929322010322	0.0729634491040646	0.0631692916304426	0.0667286859857729	0.0529970645970371
72099	85+	2	0.15799672214627	0.14839404420914	0.139180777126293	0.158969120322836	0.161222145074636	0.150575567732973	0.118285400171306	0.128416276415748	0.105899304282102
72101	0-4	2	0.00487329711871378	0.0031871996781666	0.00290032808642538	0.00285376150835002	0.00283332488565521	0.00217481282426137	0.00236020036551986	0.00211000309314932	0.00225629439921966
72101	5-9	2	0.000215710345753982	0.000209210147492273	0.000216066233288646	0.000221305307792548	0.000179785800481764	0.00016210782807114	0.000173485776629486	0.000137502938325399	0.000159366116716048
72101	10-14	2	0.00025957383322612	0.000253329424403005	0.000261626490450126	0.00025390387516863	0.000226910917991748	0.000195268493876951	0.000189426022872266	0.000165872016574307	0.000174156053649665
72101	15-19	2	0.000871590571210374	0.000860595724873566	0.000815555682814619	0.000926199549873787	0.000945186773272194	0.000619758127695871	0.000811001183573831	0.000601928700316168	0.00055535155885804
72101	20-24	2	0.00128085938033037	0.00144481544104971	0.00169509190365587	0.00159176433302841	0.00158118958055269	0.0012944716818207	0.00112037955132827	0.00109582739896334	0.00110753783985744
72101	25-29	2	0.00171610994095908	0.00207557406690903	0.00199391150395165	0.00213925563276289	0.00216222589173546	0.00166590077365575	0.00204869947326969	0.00155613018966215	0.00141689336803347
72101	30-34	2	0.00204569594414856	0.00293949498548054	0.00253420287755441	0.00238686549530029	0.0021280137837336	0.00211661065305135	0.00187043505987592	0.00158304578818902	0.00244770158680569
72101	35-39	2	0.00277728039673999	0.00309167812438901	0.00365569642726684	0.00404477622718504	0.00280810710252833	0.00225129245732039	0.00225131461284427	0.00219454298576729	0.00304528985929147
72101	40-44	2	0.00467580553307794	0.00328249937517846	0.00367316286636395	0.00373657218691924	0.00314103476560595	0.00300168117441542	0.00238939430551316	0.0021271195860645	0.00257302168099973
72101	45-49	2	0.00522865357524882	0.00720583701025692	0.00537471497567985	0.00544205654678249	0.00498181830672776	0.00385734893997009	0.00384086755342721	0.00331515307039492	0.00319466526761277
72101	50-54	2	0.00683233009728707	0.00717745212366733	0.00643004565925776	0.00728083538939954	0.00669964862177231	0.00673469356704597	0.00461169077431997	0.00492696941954695	0.00517990440567942
72101	55-59	2	0.0114834613721719	0.0106820487949547	0.0123201444095892	0.0116945972276648	0.011598923901026	0.00744887337500736	0.00671864870877983	0.00596497766482638	0.00740281450646799
72101	60-64	2	0.0178691064423895	0.0151822103589209	0.0161842449964655	0.0173542677015656	0.0121774949255572	0.0146170544513943	0.0103607446046925	0.0115183603554892	0.00971570158721386
72101	65-69	2	0.0229489517710508	0.0204866002961315	0.0232773766692778	0.0197979729405495	0.0164927245618127	0.0195830177053854	0.0219895140447808	0.0143724402374907	0.0145215959759228
72101	70-74	2	0.0417138317398019	0.0362997017279664	0.0276867737815266	0.039035230845366	0.0321246859530975	0.0318663011276026	0.0246057188166815	0.0224521075863058	0.0174375043755058
72101	75-79	2	0.0553519199140856	0.0585041095086208	0.0487616878349943	0.0548813580039124	0.0490436825493281	0.0415499976749769	0.0395644207405975	0.0385712458353922	0.0336853286819122
72101	80-84	2	0.0732970186016351	0.0875931738710458	0.095152045973345	0.0987972719613513	0.0776270321177393	0.0731776683352209	0.0640042863689815	0.0691860224145579	0.0662657369630495
72101	85+	2	0.174465786642574	0.177858906195512	0.165072323719589	0.170827869937768	0.162611400659513	0.150615533030895	0.124054983503221	0.119877761176526	0.113698165611681
72103	0-4	2	0.00368499885030987	0.00403209689559031	0.00396953742234914	0.00351447418645578	0.00339812668090744	0.00271339303509414	0.00227377811528012	0.001729181953402	0.00230204893654802
72103	5-9	2	0.000315286576020594	0.00025428878319402	0.000251908873297432	0.00027218572930808	0.000220106479880604	0.0002181497590357	0.000180508117506321	0.000165909911315635	0.000174153138435515
72103	10-14	2	0.000380008367373016	0.000305811279232172	0.000332934534156471	0.000343947688193495	0.000266565888763	0.000239586005811892	0.000230670658915531	0.000212223194173736	0.000211091870834065
72103	15-19	2	0.00111489751374156	0.00104324649565955	0.00141344413585238	0.00167970325334622	0.00100754705035509	0.00108318846800528	0.00105982047147947	0.000739995663658332	0.000851673486351596
72103	20-24	2	0.00182686866849353	0.0021922443096458	0.00227757288013387	0.00204121697131371	0.00143614161876636	0.00182874685391325	0.00148295781221428	0.00173222148679905	0.00172850972782814
72103	25-29	2	0.00209097801332064	0.00228941821424227	0.00248226666529405	0.00227948995934447	0.00229774365070121	0.00250884422394513	0.00228079502706909	0.00168400974495152	0.00181432987024106
72103	30-34	2	0.00285730903764075	0.00361252335798786	0.00389559308199771	0.00477395023990738	0.0026093105358485	0.00259613924327879	0.00218747461387917	0.00249988855159968	0.00230233195219338
72103	35-39	2	0.00368471815520662	0.00383134380984218	0.00309593804145041	0.00372951392543235	0.00351577843002452	0.00345007416071384	0.00312599783255188	0.00252712486422937	0.00319030195558674
72103	40-44	2	0.00493397755669288	0.00519100468658491	0.00611008678547084	0.00550831743388214	0.00431185892529637	0.00348753572891498	0.00301966409789492	0.00294281763075803	0.00300329958250659
72103	45-49	2	0.00743174022875647	0.00628055637786185	0.00682872604941927	0.00703462939495745	0.00594305558711639	0.00480405202696999	0.0040429539808257	0.00408291006120441	0.00438273911802943
72103	50-54	2	0.00828461181591398	0.0104984761323596	0.0129082858347027	0.0102895521821044	0.00851170280496514	0.0080839921673609	0.00773804401055576	0.0058625282848904	0.0053567240827672
72103	55-59	2	0.0135359625237233	0.0150589704963596	0.0133447184088333	0.0141903223777055	0.0136739710280777	0.0139924905715932	0.00936607718756523	0.0110952999216258	0.00755330706553735
72103	60-64	2	0.0236873501393068	0.0190701007289437	0.0177500005511966	0.0171890235279436	0.0164424758067179	0.0127071432518317	0.0144089186250298	0.0143175326340319	0.0142086206428375
72103	65-69	2	0.0245830748885338	0.0267409293492238	0.0239064640354697	0.0276665887463205	0.0194518868405019	0.023596310325925	0.0176538763184563	0.0195866819737673	0.0167079641451648
72103	70-74	2	0.0403457776905076	0.0440141776468787	0.0361063380998656	0.0433060980180067	0.0378502459230364	0.0304435128555812	0.0289345819555061	0.0252214022735102	0.0248833523837888
72103	75-79	2	0.0466907135107081	0.0607492232539877	0.0677409554967353	0.0601885676528709	0.0597175216061103	0.0434967934343241	0.0506929684872441	0.0456317960960989	0.0411361793121113
72103	80-84	2	0.087748665216347	0.0755288073225451	0.0964949743197874	0.0798347374041342	0.0787459374402362	0.0733397448368866	0.0692563753244496	0.0626284017409839	0.0623195412329958
72103	85+	2	0.163057572349804	0.156472278159822	0.170165495019	0.177001809486281	0.165891500954571	0.186808382049593	0.180128898165874	0.128099604678022	0.131422173177056
72105	0-4	2	0.00463228727437046	0.00332342737224639	0.00300792550344401	0.00349362979164338	0.0025673403142991	0.00264900173402183	0.00245493207058213	0.00171480824031185	0.00210445166731968
72105	5-9	2	0.000224272950576197	0.000207464491210109	0.000225840259619999	0.000232310270392799	0.000179967820715518	0.00016292229251149	0.000149562425629739	0.000151499240926762	0.000142832588964553
72105	10-14	2	0.00024480880863636	0.000274683689444312	0.000271646911384489	0.000242094464109147	0.000217351173919644	0.000217579290436132	0.000181259434703924	0.00017490674704995	0.000173277375870705
72105	15-19	2	0.000890032265562935	0.000786467748322089	0.00095771979260685	0.0010362345950288	0.000741145104370803	0.000679188259044621	0.000561798467102105	0.00055501308119846	0.000581709999246044
72105	20-24	2	0.00162502768384525	0.00165283094249821	0.00187671151672311	0.00196912203011926	0.00173309027438173	0.00167487954146273	0.0010043326719494	0.00114417234023099	0.00102171710350475
72105	25-29	2	0.0017460542734991	0.00230219391281305	0.00213449887532258	0.00205257499840059	0.00160408309502251	0.00192407299621799	0.00141886413568901	0.00161062792463393	0.00197212197855028
72105	30-34	2	0.00190630167513463	0.00207015264499668	0.00294006152858058	0.00252080494707959	0.00186057577777175	0.00192239333583935	0.00200937920402794	0.00210699709051548	0.00221111683101152
72105	35-39	2	0.00275814704239203	0.00307208083156977	0.00355735541188528	0.00308122538105126	0.00274723999616551	0.00214857362138634	0.00224369206471897	0.00238070441511027	0.00256938988926917
72105	40-44	2	0.00366936764776554	0.00333709605156816	0.00522176561900248	0.00400496586415668	0.00356236242207224	0.00356395553043141	0.00317465927708902	0.00283549953258915	0.00396618736416662
72105	45-49	2	0.00579447708375761	0.00443145300882831	0.00495532666214247	0.00531337360948018	0.00441971440713655	0.00447273923548038	0.00329760143036851	0.00325787071790044	0.00434875740455656
72105	50-54	2	0.00616327961927322	0.00628770572260665	0.00873190712295213	0.00716134501553865	0.00711658143796483	0.0067578371950523	0.00559476881915651	0.00544562292560343	0.00713535841307728
72105	55-59	2	0.00963844410418454	0.0104247843514969	0.00974686728013605	0.0106573966237619	0.00903784315558435	0.00760519134725833	0.00696846842839599	0.00783290397919454	0.00820105918240031
72105	60-64	2	0.014094432642335	0.0142122759265841	0.0147316857527858	0.0170652088638563	0.0145558253618357	0.0128277213454492	0.0107484813714372	0.0102248980289478	0.0093436037289134
72105	65-69	2	0.0239217229730821	0.0235972518718531	0.0196230848960619	0.025078120783466	0.023808705202867	0.0176782680178645	0.0154563928876209	0.0162907339331913	0.0175208474488367
72105	70-74	2	0.0311034919412314	0.0380350844145433	0.035601717554578	0.0423026556217456	0.0285958406639843	0.0255123463953392	0.024595392654376	0.0200704835359318	0.0230836526332996
72105	75-79	2	0.0447777059942752	0.055118387723145	0.058782479388634	0.058204399267294	0.0480983122855933	0.0503813412635704	0.0426523181760135	0.0310806320762484	0.0352384866049918
72105	80-84	2	0.0757402517247668	0.086406886968966	0.0858934305486952	0.095628760066795	0.0752598289582307	0.0576046277432935	0.0605941508994882	0.0507615724892708	0.0553852102162113
72105	85+	2	0.161898896101517	0.146111558587838	0.163418595201781	0.154322369079651	0.145633989811646	0.16985681823083	0.133397537952099	0.11970543963654	0.1086387355432
72107	0-4	2	0.00345682953926284	0.00336372369496768	0.00382774043052612	0.00314141144168811	0.00274291990195554	0.00262832664996884	0.00203433660999207	0.00221125701389664	0.00235123985371144
72107	5-9	2	0.000199144785630852	0.000224558404352018	0.000233560820560363	0.000227764897536542	0.000184860093810981	0.000167469678102879	0.000153577615706408	0.000140805175536084	0.000146514353554528
72107	10-14	2	0.000251688640112954	0.000258827894076362	0.000269912286578731	0.000303667538739267	0.000213185611527751	0.000212541975249922	0.000186043677258729	0.000171199901268243	0.000178220477203379
72107	15-19	2	0.000853075326148828	0.000778143237348413	0.00099631555889626	0.000826140730198444	0.000718315402775844	0.000774122267693495	0.000666490277270603	0.000525598052879119	0.000735149100722708
72107	20-24	2	0.00154482268357908	0.0015075675439101	0.00161730506323116	0.0015387422184947	0.00175730789577309	0.00139986162157602	0.00122999813927229	0.00111918260636356	0.00134590746065207
72107	25-29	2	0.00190276598436332	0.00165968064621121	0.00225325416720421	0.0019163361119762	0.00169699904711834	0.00188766634954343	0.00157524486820525	0.00160596436335556	0.00164166286496732
72107	30-34	2	0.00216093554082098	0.00224493190574706	0.00333075720502736	0.00234186585019231	0.00174386295706763	0.00199661345371891	0.00173384333554734	0.00147753976146368	0.00209678014123192
72107	35-39	2	0.00275479426282838	0.00364885336034292	0.0032092844316495	0.00361355426719647	0.00283808309899345	0.00237566520977234	0.00239026497664446	0.00229235414012585	0.00190423933832239
72107	40-44	2	0.00537184954796541	0.00476629029638514	0.00441266177778589	0.00505715225363879	0.00362707381633349	0.0037231941642028	0.00299372719345156	0.00280528537799741	0.00304734126383008
72107	45-49	2	0.00572276516619494	0.00522764158564105	0.00558332836693032	0.00527705549270124	0.00451236317889886	0.00411704106742439	0.00348963044998481	0.00358547944131134	0.00373030754721163
72107	50-54	2	0.00921880778327187	0.00814791218303764	0.00755971773283866	0.00647556518394068	0.0074244740079702	0.00670723178291269	0.00614284400267941	0.00590262183691885	0.00589490439996747
72107	55-59	2	0.0111311943913376	0.0114613392423144	0.0121563966287605	0.0120375863835765	0.00971535351967466	0.00754754648893965	0.00851485349437497	0.00780907431008068	0.00884835015551061
72107	60-64	2	0.0159877920435905	0.0135080816519565	0.0181181079490418	0.0158146859708021	0.013449751728182	0.0103149738613311	0.0119652895323016	0.0120842796154139	0.011234630966397
72107	65-69	2	0.0224785537085301	0.0225880905505903	0.0298159244591353	0.0218762431554433	0.0221148234192423	0.0214918600761479	0.016275810131138	0.0148540713920757	0.0140229833228307
72107	70-74	2	0.0340220313661619	0.036784207772589	0.0398714022464774	0.0325300973824644	0.0343596549253189	0.0297986119146677	0.0234203135635553	0.0254303621013921	0.0281398693840265
72107	75-79	2	0.0424252616407437	0.0568472167754909	0.0598386038401628	0.057784955010886	0.0568206769201715	0.0467776602250527	0.0367238866963839	0.0356030999280989	0.0316740531947383
72107	80-84	2	0.0842561615965706	0.0898653321098517	0.0884397411218513	0.0743691391189597	0.0662946674859617	0.0670714653194168	0.0662041795661997	0.0615669349421878	0.0482727766940804
72107	85+	2	0.164654342300887	0.167221511895791	0.151767281701937	0.161961804694444	0.153870754672823	0.155400592524164	0.145919142419516	0.125615219636916	0.108780292494108
72109	0-4	2	0.0044458683299075	0.00380938802931103	0.00368741794336724	0.00307133248843292	0.00251598383245842	0.00271858563057541	0.00273401271370735	0.00203672399922387	0.0025430034308765
72109	5-9	2	0.000217867979612143	0.000234631919018214	0.00023222610442233	0.000238888144975884	0.000203552376715499	0.000183624640989112	0.000168623713592801	0.000154137891891381	0.000160891254424673
72109	10-14	2	0.000303726207765025	0.000295832811233194	0.000293193448530226	0.000303247088768982	0.000235304733716491	0.000246510492565734	0.000205309619991773	0.000187994356074019	0.000196112392475885
72109	15-19	2	0.000827877171441028	0.00084897159754085	0.00092181557279681	0.000996477147997669	0.000839963204263794	0.000836266512174011	0.000629136670035754	0.000622975833080879	0.000655648876239775
72109	20-24	2	0.00162113477617297	0.00162575832025522	0.00147755430290163	0.00184440372381505	0.00203650400912832	0.00138969067655439	0.00159886364739224	0.0013712521166099	0.00117049794142037
72109	25-29	2	0.00260645392999189	0.00206235502113245	0.00202063082892545	0.00258364103888372	0.00184148154620482	0.00199800002033583	0.00202211417715687	0.00155479302884488	0.00198809797104538
72109	30-34	2	0.00252658130323791	0.00270934031698938	0.002750127518828	0.00333387482403589	0.00251228014021395	0.00210349696110105	0.00217244950881069	0.00193491409947555	0.00218887769885638
72109	35-39	2	0.00404822061763299	0.00312808192701409	0.00470582493939207	0.00321245243078373	0.002978601746637	0.00236572060995154	0.00256820528379127	0.0022813175664748	0.00263248154661066
72109	40-44	2	0.00395067364084194	0.00371811149028339	0.00429112106416944	0.00560093478554523	0.00324741944818304	0.00345407924724895	0.00372392333983313	0.00298735934254938	0.002576542262178
72109	45-49	2	0.00608806772216389	0.0060064804637222	0.00558527502700986	0.00717896953865039	0.00459009059404533	0.00420094925633043	0.00526477242823385	0.00456579340820948	0.00509253100313653
72109	50-54	2	0.0111450220137916	0.00889693628795102	0.00993654994675562	0.0101589618525343	0.00603797868428931	0.00818277577474852	0.00557337615832004	0.00814207839040272	0.00621114292088357
72109	55-59	2	0.0101506683066131	0.0121977885273403	0.0152826755256267	0.0117718468441995	0.0099518954224347	0.0123310392430562	0.00810262537124462	0.00714409107088416	0.00811690594947903
72109	60-64	2	0.0185272706958031	0.0217159530295406	0.0197763948496284	0.0199609272508255	0.0159124012777737	0.0139664781727535	0.0134495228656749	0.011573492105588	0.00860846119759764
72109	65-69	2	0.0217544324428193	0.0286542883197271	0.0259500618644447	0.0240130775139421	0.0238809753128129	0.021430088753391	0.0161939603836752	0.0182281415954037	0.0146994775534327
72109	70-74	2	0.0374643455983467	0.0435731552808096	0.0347877413306262	0.0343744513691118	0.0358235141705515	0.0367303941258745	0.0230573922031996	0.0284078666408014	0.0236802557653808
72109	75-79	2	0.0520613917348741	0.0683885432479404	0.052196236319936	0.0587695222723461	0.059132429578695	0.0466614582521093	0.0446452203839128	0.0309400347488677	0.0472540477750531
72109	80-84	2	0.0972085823382601	0.104594951899071	0.0916720370379349	0.094464700985665	0.0763114705237415	0.0666789566293263	0.0740845649144749	0.066290863695704	0.062147200487865
72109	85+	2	0.174148390690553	0.196743147480835	0.182685633890956	0.158751641631401	0.171070034809857	0.153224201013926	0.157510205737897	0.132932229024947	0.121247013403335
72111	0-4	2	0.00476969909346095	0.00395615801596289	0.00413693892276503	0.00330733055423213	0.00326155499336499	0.00251827629287029	0.00251631040628951	0.00205176127622228	0.00251092379231814
72111	5-9	2	0.00022603058264554	0.00025462949778216	0.000239669340972871	0.000222498341074589	0.000189956262304441	0.000180662720812563	0.000184628315293147	0.00016141535495535	0.000159954377543375
72111	10-14	2	0.000275598790407266	0.00029434057781537	0.000349924773216627	0.000295348508339421	0.000253334552704303	0.000230983026729618	0.000235292168754503	0.000196161674435375	0.000194593025892233
72111	15-19	2	0.00093761988452118	0.000874119010413569	0.000930379118030722	0.00113680226544528	0.000931203881638288	0.000798189889024579	0.000765015242419293	0.000659650681184906	0.000602513040233247
72111	20-24	2	0.0015598451222113	0.00159589459481589	0.00168530524871911	0.00191431322175903	0.00154223397385986	0.00161996692376215	0.0013712567944489	0.00146305812928165	0.00108829324282088
72111	25-29	2	0.00192404057457347	0.00194054523453598	0.00250428802764419	0.00219594357305997	0.002004411552601	0.00216498716809422	0.00206880590738393	0.00172047485043895	0.00154673241423033
72111	30-34	2	0.00226240685228317	0.00236037727400191	0.00296983357988628	0.00298522711322416	0.00221139762091977	0.00244223706261683	0.00185570784015746	0.0019549701294968	0.00204015511823378
72111	35-39	2	0.00295563360389474	0.00362654266612333	0.00313017802935294	0.00360573007890655	0.00265873552911336	0.00234565939877233	0.00262826546400212	0.00201768522732895	0.002414799334679
72111	40-44	2	0.00379023204437353	0.00405864548638042	0.0039904131511146	0.00392987792589747	0.0031965298966593	0.00369770404582925	0.0030139874286224	0.00308944152050266	0.0030135980401889
72111	45-49	2	0.00558775162904048	0.00558247169492592	0.00498353946572892	0.00554548129151537	0.0037583091128771	0.00453006878312131	0.00411124514272388	0.00357593718558457	0.0037021202928365
72111	50-54	2	0.00773678643186901	0.0075142009475452	0.00790759552155406	0.00711806222324783	0.00802956516063319	0.00592421756497013	0.00641705113793959	0.00542642839471789	0.00547241366860852
72111	55-59	2	0.010709085481184	0.0101348085661985	0.0121352367286733	0.0109878610616496	0.011390211984956	0.00893215181488862	0.00788054657457441	0.00768377033120099	0.00783435523453486
72111	60-64	2	0.0185826631810686	0.0163828443819881	0.0200350093418765	0.0163192385564386	0.0148592016307883	0.0149070763892617	0.0146739866704111	0.0125159778067227	0.0109353207110571
72111	65-69	2	0.0257697891914524	0.0295203288080041	0.0250321044742377	0.0232054061650019	0.0200104459132635	0.0202916727760937	0.0172855509297025	0.0169435076678515	0.0189977884115234
72111	70-74	2	0.0416390239146825	0.0520994699134942	0.040448946183845	0.0450117656213552	0.0409346055208196	0.0327619149343155	0.0279154891240725	0.0294430979270896	0.0251891456019279
72111	75-79	2	0.0607876243098361	0.0468204376996756	0.0686186854563876	0.0555339436562581	0.0573050831739123	0.0548151960495343	0.0385276385435838	0.0422619967983322	0.0371653571814215
72111	80-84	2	0.0925005475526397	0.092286390894696	0.100240895710627	0.0987211924388633	0.092615061322235	0.077025162307086	0.0626491217296548	0.067084084278249	0.0607149691865866
72111	85+	2	0.170794169877307	0.228518843768547	0.169071730090393	0.171831644422442	0.168082642185948	0.158464034264904	0.155692218174243	0.155629169136286	0.133754667320828
72113	0-4	2	0.0047959182264768	0.00477382223724528	0.00394288536160455	0.00337274066766997	0.00274265616880936	0.00262312264377764	0.00258972245204508	0.00207108306927487	0.00207978387963916
72113	5-9	2	0.000276765841130891	0.000282042868398201	0.000271540807387239	0.000257788460184884	0.000182765154910782	0.00018941546444843	0.000169837818106717	0.000163540904573849	0.000191442268094275
72113	10-14	2	0.000332802640760398	0.000351826783676714	0.000400415263776945	0.000392522836773893	0.000243296745948972	0.000234060622439	0.000212136975636875	0.000245851809040675	0.000212832022808647
72113	15-19	2	0.000920269720219037	0.00115411458442752	0.00139623958081412	0.00194813610133723	0.00138173899571666	0.00165365742573763	0.000897117526700434	0.000923470079811069	0.000745933319062108
72113	20-24	2	0.00159100330592385	0.00227776072543256	0.00315058586823671	0.00385173018429939	0.00286354373049088	0.00347031602236007	0.00255755990893265	0.00193145482068469	0.0015708226675997
72113	25-29	2	0.00229067525650519	0.00356438070721138	0.00360585906855991	0.00357937266426965	0.00298457922298651	0.0031445030101207	0.00296582575997064	0.00226656376743732	0.00227995572247081
72113	30-34	2	0.00234889117865092	0.00412421886245169	0.006169657706116	0.00443092763478424	0.00319592047648497	0.00323355629973696	0.00271961639877286	0.0026501920042589	0.00259463178381083
72113	35-39	2	0.00313077062357907	0.00466030160978659	0.00683735329865524	0.0053308087099789	0.00388229330775067	0.00336092382483946	0.00286393296711337	0.00295281853407586	0.00369297732486726
72113	40-44	2	0.00395500290658466	0.00617573587036701	0.00764222694403787	0.00695593938396855	0.00474987803221863	0.00365482011194269	0.00339155798095444	0.00396496934213033	0.00426837338194037
72113	45-49	2	0.00500137392523217	0.00591931314261712	0.00863583815609146	0.00769889875998252	0.00669520728137887	0.00592897246469402	0.00470208736922254	0.00542811878663691	0.00565915974555783
72113	50-54	2	0.00771241475642177	0.0100242765704801	0.00845381706491751	0.00787810287424495	0.00728261762656015	0.00829753230392924	0.00667932248245291	0.00672955985988653	0.0080733006813176
72113	55-59	2	0.0116378140880923	0.0117356434738604	0.0122164249869019	0.0122462644399891	0.0098837018197176	0.0103999870135771	0.00998472121314437	0.00971326516280852	0.00898012414590504
72113	60-64	2	0.0206074286150367	0.0223052415118397	0.018441278751258	0.0183795047894292	0.0163771511947905	0.0160791450658698	0.0135137842016596	0.013116340230915	0.0136791742676149
72113	65-69	2	0.0286411782984195	0.0287352632548292	0.0272586488326323	0.0255648481753437	0.0246055829518389	0.0227422351293068	0.0184479155568945	0.0174481388063269	0.0183909051098968
72113	70-74	2	0.0468515330621066	0.0449080399771912	0.042213396810497	0.0415601431054822	0.0376458615091772	0.0312593305648381	0.0260828265560486	0.0246709633200061	0.0249970578033926
72113	75-79	2	0.0640385029066114	0.064997509758326	0.058522167147509	0.0609380031121068	0.0544747971870018	0.0478177986192115	0.0440287990089729	0.0387722059335622	0.0363441665384493
72113	80-84	2	0.104442693737273	0.0967453283797161	0.103376881651539	0.100146366038262	0.0796048442233732	0.0771867878074551	0.0720228760516295	0.0604665769255635	0.0589906951491174
72113	85+	2	0.177618571301622	0.165474869826517	0.155641423963447	0.156397228261338	0.151122198963897	0.155334569122953	0.149192150430503	0.136002123657833	0.131787070874861
72115	0-4	2	0.0037574088259479	0.00413033341883695	0.00363250694106179	0.00281341998499279	0.00281882788071486	0.00226035663523252	0.00215498622518406	0.00208581587967559	0.00193366691167254
72115	5-9	2	0.00022522870882659	0.000230945299943246	0.000227517579108765	0.000222095878581581	0.000198450869994919	0.000187904652158509	0.00017281052916131	0.000150601811717232	0.000192828672178274
72115	10-14	2	0.000284423288100788	0.000305884093508736	0.00031679989673599	0.000295972630507266	0.000229181878497645	0.000227702038644115	0.000220497142004999	0.000183123454052292	0.00019110681656688
72115	15-19	2	0.00108380280578111	0.000917748894633811	0.00102894623144636	0.000843541168694329	0.000732560232684856	0.000639562510325983	0.00092651597600152	0.000589326487353733	0.000589857000127279
72115	20-24	2	0.00200125598238981	0.00179140001748054	0.00200271821808114	0.00170386214601574	0.00153617980879956	0.00124434878243458	0.00177463153280251	0.00115565173736066	0.00111662609792882
72115	25-29	2	0.00199695880929446	0.00222158736625745	0.00229442277817736	0.00204037006411923	0.00161074157750937	0.00161320312367002	0.0013959314254971	0.00181813599453844	0.00142476451335108
72115	30-34	2	0.00268972890579974	0.00273705093469416	0.00275203019409975	0.00251875102825286	0.002527979104048	0.00190746112712883	0.00181384910321871	0.00183008072448003	0.00158776303310617
72115	35-39	2	0.00294694786671661	0.00360353111183283	0.00369381266968817	0.00383142363770076	0.0024544057581395	0.00279698996554791	0.00231154903412483	0.00262085444903368	0.00319890580053592
72115	40-44	2	0.00385185910023423	0.00437226838232691	0.00424798402868559	0.00437699515989518	0.00356085008206595	0.00252424750694215	0.00292632946414068	0.00272687923745251	0.00280664403675673
72115	45-49	2	0.00523280091785909	0.00454706783027284	0.00628768693976054	0.00548886981381397	0.00468525816652489	0.00463447726371787	0.0034506919998025	0.00329594661570359	0.00353803714730475
72115	50-54	2	0.00678018362441394	0.00728939133730303	0.00869420246185014	0.00805383604144422	0.00729546512686118	0.00628050898893565	0.0053346172381814	0.00543369307958789	0.00574849907479395
72115	55-59	2	0.0131779581662067	0.0124759546777083	0.0103527731671825	0.0116072379472497	0.0106106962089294	0.0101733631000223	0.00727986949694129	0.00814893861984118	0.00863235574310546
72115	60-64	2	0.0180153556803269	0.0210703110924673	0.0186767772659609	0.0197616049020698	0.0150292399229793	0.0172778760122637	0.0144669308803084	0.0112339007049847	0.0132631720796481
72115	65-69	2	0.0283243674580934	0.0296782958019439	0.0262624177818932	0.0260987860802347	0.0255980320624324	0.0208367981947184	0.0189167692769858	0.0159398118491713	0.019189273368246
72115	70-74	2	0.0503161066398982	0.0393501628192207	0.0415115342547661	0.0386784029202925	0.0351871724718599	0.0313718559734445	0.0265058442083631	0.0239555526970531	0.0284177751645614
72115	75-79	2	0.0566538005281195	0.0757151854406788	0.054007064098771	0.0687923908589151	0.0581574571069344	0.0519588152252432	0.0504387462879321	0.0422397480487375	0.0386461416941715
72115	80-84	2	0.0963304337930191	0.0960011683131378	0.0940877947524783	0.0944045673894537	0.0891870300352899	0.0708674635522412	0.0664704107956651	0.0692262203261066	0.0551680156512098
72115	85+	2	0.194424974320478	0.187476575252384	0.177728116015971	0.209762779284222	0.166592103327972	0.149562034865869	0.171973543785322	0.139949918622641	0.124496833147708
72117	0-4	2	0.00451751332592599	0.00375530313487106	0.00326718730660513	0.0029755869667942	0.00273749661254747	0.0028922257140575	0.00221343761832494	0.00192585986075446	0.00205660827262402
72117	5-9	2	0.000203446154858496	0.000209004164474509	0.000216961733433642	0.000211851073656353	0.000178886730762456	0.000169030606135023	0.000154157335516764	0.000140646795374171	0.000146216560215792
72117	10-14	2	0.000247534148490289	0.000280511595082537	0.000277105916312733	0.000285681698740577	0.000218625503512622	0.000217050854909231	0.000197788471339848	0.000171876027574095	0.000178529855023514
72117	15-19	2	0.00100212214301886	0.000820765192500424	0.000932453517408189	0.000869880361379964	0.000748377819806577	0.000713879330570164	0.000689230592188214	0.000545452591657112	0.000598482750472943
72117	20-24	2	0.00158363306557538	0.00161123927852205	0.00171456802602388	0.00157551125811357	0.00147777119900055	0.00120957549070872	0.00107326235781049	0.00112938710762506	0.00109988510451679
72117	25-29	2	0.00220337430193644	0.00211576156494557	0.00189512463463955	0.00208674262589734	0.00167333213617186	0.00168354508393279	0.00132488925589128	0.00169813087771573	0.00156903025208089
72117	30-34	2	0.00236230582946804	0.00241447253538751	0.00267151459921667	0.00255221592495359	0.00202614308666592	0.00170276712112402	0.00180542281977255	0.00157229817414989	0.00171640150145691
72117	35-39	2	0.00276537193320496	0.00280906308851976	0.00307783963290775	0.0030292657792692	0.00270553765933726	0.00238603644068746	0.00203653550008103	0.00201213733530347	0.00241657983596626
72117	40-44	2	0.00403113510941018	0.00401553721778284	0.00467884750225885	0.00406454449405426	0.00313207206099396	0.00280861538163336	0.00259502447161693	0.0029545367342643	0.00334653517712801
72117	45-49	2	0.00650808083362155	0.0049534293465183	0.00506494805317187	0.00476803913627552	0.00453426403811907	0.00355929230943536	0.00351539302115526	0.00332673896902945	0.00308819872445053
72117	50-54	2	0.00729178749235474	0.00737405634758132	0.00794568363140402	0.00957147934076075	0.00696775634570788	0.0064980220778716	0.00583656677243402	0.00509528236416204	0.00612359434568917
72117	55-59	2	0.0105744498657135	0.0112692510633564	0.0104007939861514	0.0129609043717719	0.00881861350112079	0.00940548983258025	0.00779885462083579	0.00749155318625174	0.00807792724774896
72117	60-64	2	0.018530406242915	0.0157054087520791	0.0163512992518253	0.0166335788957103	0.012502087430522	0.0114206126502755	0.011933103721547	0.0105921357190213	0.0101581645401121
72117	65-69	2	0.0237997107788944	0.0242406900509699	0.0268775154751292	0.025978641378756	0.0207181056346799	0.0167987117951434	0.0161046004883495	0.0126494548757558	0.013320119124766
72117	70-74	2	0.0338833279234477	0.041644175019911	0.031251716204048	0.0497050550433071	0.030340420282116	0.0317182160639827	0.0225587656094888	0.025470310212683	0.0175078972755635
72117	75-79	2	0.0516339271549112	0.0635448283246322	0.0503665073469863	0.0542787927797223	0.0483480822911574	0.0455661020431966	0.0386469737779948	0.0296312493521097	0.029024022549269
72117	80-84	2	0.0963596149714602	0.0807454484694097	0.0891095785888425	0.100997104972932	0.0880328242525341	0.0736048301770569	0.069469561529527	0.061461533491168	0.0553716223667014
72117	85+	2	0.192782450126356	0.210133966837422	0.162030429041809	0.17136748983284	0.170267786497012	0.168295296906348	0.136029879555411	0.120052413100861	0.108435450581466
72119	0-4	2	0.0045576009552617	0.00347296976816235	0.00357656792956038	0.00323917852887479	0.00220275451701456	0.00267374808034021	0.00223469082870646	0.00199938560266455	0.00232320421845139
72119	5-9	2	0.000256263400599262	0.000227654661195927	0.000235364175861303	0.000229219184040369	0.000187099781784484	0.000216087349528937	0.000182917654807241	0.000161620719214555	0.000170488932652369
72119	10-14	2	0.000351075363650434	0.000295625285410582	0.000278468855045724	0.000356707984204123	0.000257729357149542	0.000245013415370924	0.000198749392507917	0.000185153492551981	0.0001950005451509
72119	15-19	2	0.000872388335533667	0.000877201527288693	0.00110978834984045	0.00174976336419108	0.00107420754888908	0.0010327735343259	0.000854624506232124	0.000667605150329773	0.000749810332247051
72119	20-24	2	0.00181177154788084	0.00176774754285882	0.00228640957373413	0.00352352867153384	0.00193456406955206	0.00258769374869728	0.00198432219888514	0.00183031578188334	0.00185838981040843
72119	25-29	2	0.0019360099892777	0.00181244716980577	0.00340432955162358	0.0028706674997633	0.00229541802766702	0.00264950405643438	0.00240858307831692	0.00202082264228708	0.00244057985930231
72119	30-34	2	0.00284134844409385	0.00294337005247187	0.00398878400418108	0.00369300656056635	0.00247116608139667	0.00214419394601034	0.00259477628574849	0.00260142003403339	0.00193389896727973
72119	35-39	2	0.003122014762538	0.00374415826204199	0.00486595504303489	0.00430507252354492	0.00304050746675539	0.00260634102424763	0.0024822701567799	0.00220776680787333	0.00467037531017835
72119	40-44	2	0.00391247880107161	0.00477454084347589	0.00655662734987922	0.00463865907859995	0.00411905551410939	0.0037838505438046	0.00359379992419908	0.00263831523549227	0.00325020636977964
72119	45-49	2	0.00594843741739832	0.00614541251103122	0.00730883799613298	0.00753215826551152	0.00595489654333436	0.00533030468572461	0.00506489651207324	0.00452082934474425	0.00391318914777309
72119	50-54	2	0.00828795340056529	0.00857794318640678	0.0087285853968669	0.0120002030389597	0.00838670841853288	0.00608712180028247	0.00593341076784061	0.00665004017443787	0.00899966444174118
72119	55-59	2	0.0114567242987936	0.0109255532215605	0.0119096728546482	0.012489769691294	0.0105165109917031	0.0101217657979709	0.00924683952346497	0.00690711252139994	0.00984746668845574
72119	60-64	2	0.0219564861971643	0.0189885328869751	0.0158305325209712	0.0173725424223599	0.0146249597639046	0.016118196522946	0.0128600432973582	0.0110742645418303	0.0130444320450124
72119	65-69	2	0.0273625970349192	0.0276230397498029	0.0270449737583703	0.0251706804331268	0.0211527315241888	0.0207752779196541	0.0171425987287213	0.0173713679076897	0.0175545421051564
72119	70-74	2	0.0472698157684744	0.0464173494349813	0.0384284967003921	0.0375456769180983	0.0302652856133555	0.0291472281733528	0.0285827045831866	0.0252958027863768	0.0242041053299929
72119	75-79	2	0.0477974829269236	0.0544116903608621	0.059722520742066	0.0581415826148522	0.0524075386879724	0.0413406508294406	0.0407848704644768	0.0374939059291018	0.0369231407965865
72119	80-84	2	0.10260770139138	0.0734334710877862	0.0976513544812737	0.105354913224219	0.085029044826187	0.0690434616370011	0.0665976190850653	0.0540586778164987	0.0519134100293975
72119	85+	2	0.1820889575166	0.180857774630811	0.144205369134221	0.142981251542437	0.152737408546906	0.15578769491074	0.137546227402104	0.140171042055498	0.112875168600233
72121	0-4	2	0.00400052450629469	0.00370593510751784	0.00370631130109198	0.0030603021428681	0.00304717608560164	0.00273342250724718	0.00269067703392569	0.0021518987643751	0.00220403664916386
72121	5-9	2	0.000214745556948736	0.000231333145463258	0.000265153361346786	0.000258629914367807	0.000189714705391247	0.000189281026802236	0.00016508899595266	0.000151258251242659	0.00015773877669187
72121	10-14	2	0.00028711881526292	0.0002655909562365	0.00027579825338677	0.000284383667539379	0.000242475686125906	0.000218225438075155	0.00020038483932957	0.000183978208785056	0.000191900608398589
72121	15-19	2	0.000879944959114238	0.00091808453399499	0.00105846954094104	0.0009180439769182	0.000739455535303729	0.000808213819603126	0.000788161647076698	0.000621145603565113	0.000622647125334171
72121	20-24	2	0.00152886197182555	0.00177890849475289	0.00160095126381801	0.00160628509955477	0.00140299679810023	0.00137966066702009	0.00153083646456107	0.0010779749879685	0.00117877557361321
72121	25-29	2	0.00192437816604801	0.00195022817663056	0.00253497440910171	0.00199772329139133	0.00169304238352566	0.00165251561798338	0.00161703650218569	0.00153647587660925	0.00150877998839762
72121	30-34	2	0.00233094338101001	0.00285942156761231	0.00243793394263814	0.00256902083966189	0.0020380231812049	0.00198639145245313	0.00174650112311377	0.00159673119643516	0.00219960100358218
72121	35-39	2	0.0025233491261582	0.00338459700137078	0.00375209675077738	0.00351067026274671	0.00264453371106932	0.00232190834003307	0.00218202368824105	0.0022021099051752	0.00262152710066709
72121	40-44	2	0.00325022126241117	0.00491738004558854	0.00457121635814892	0.00426704032521456	0.00340517540823205	0.00258779756627996	0.00328969244768841	0.00269618846288298	0.00328766870283503
72121	45-49	2	0.00584305345285245	0.00543654344419321	0.0058226102781292	0.00642203965665174	0.00558210727342257	0.00460198847893414	0.00435151064860836	0.00410013428469112	0.00390407188160391
72121	50-54	2	0.00646521682123015	0.00778099697813957	0.00733156049542704	0.00830054983527501	0.00674258072630493	0.00666992983605469	0.00658622918316408	0.0060384479143057	0.00655424176325501
72121	55-59	2	0.011767254396137	0.0102648712475636	0.0123435681216727	0.0119488391750337	0.0103088450623834	0.0114834959426616	0.00880798088354068	0.0111024469472486	0.00842651687895478
72121	60-64	2	0.022300598986816	0.0181679164824602	0.0169410332786638	0.0171271444573851	0.0149308296356038	0.016291821824275	0.0142156773182853	0.0115796023766223	0.0144714333242202
72121	65-69	2	0.0263375778159773	0.0240105911025973	0.0279079364914087	0.0201268419756119	0.0220325011541544	0.0251157269102264	0.018432734786744	0.0187854790707057	0.0191942185676156
72121	70-74	2	0.0421544841769056	0.0440555686628779	0.0386821490935851	0.0473231997977501	0.0323763797795707	0.034836992377185	0.0273045509358902	0.0235553447563747	0.0196150793939701
72121	75-79	2	0.0590053852587772	0.0545720633754274	0.0633421011970303	0.0605834346458138	0.0460423142282574	0.0438437807688402	0.0432866267682599	0.0402135561847045	0.0382894656814831
72121	80-84	2	0.0991001568028188	0.0883443563840629	0.0900714172161804	0.0949040782805913	0.0847386972820708	0.072009937885133	0.0771957307515065	0.0668107324625041	0.0634313638896529
72121	85+	2	0.174462709131856	0.174935112769586	0.159518959100139	0.170296919899241	0.158252574795273	0.147510910178148	0.143059833258162	0.139021339164562	0.130462062795329
72123	0-4	2	0.00468532982455324	0.00451957600637316	0.00470311464176388	0.00408322016687657	0.00265880791774402	0.00290122041687767	0.0025154399528982	0.00227889337499726	0.00231954588554212
72123	5-9	2	0.000247131767018585	0.000231196467571143	0.000263905711771485	0.000233935386188496	0.000199602315436602	0.00019044933649795	0.000175402927640037	0.000161256989804	0.000168958363010959
72123	10-14	2	0.000310676139877813	0.000275904433768493	0.00028600044793691	0.000281699061956534	0.000306228710831495	0.000229363510680482	0.00022235422451351	0.000195426118549356	0.00021549290818109
72123	15-19	2	0.000883285807794869	0.00105377921271346	0.0011730819143775	0.00103923307940985	0.000813313126015106	0.000972572800988924	0.000817077951929694	0.000585675381282227	0.000780240332130104
72123	20-24	2	0.00196827743324483	0.00212188254648443	0.00207703222996371	0.00188172303316509	0.00166501417331624	0.00184294895929606	0.00166221092391577	0.00156192134325544	0.00125646690471551
72123	25-29	2	0.00248881036542077	0.0027660568536411	0.00269677284917426	0.00258624832987803	0.00216024919183352	0.00221326150694228	0.00262095219666804	0.00220647575804766	0.00167501347737588
72123	30-34	2	0.0026609794073438	0.00394153994770398	0.00364452744791178	0.0029740323192306	0.00266503295156875	0.0024097093666409	0.00198348522761783	0.00221149427640553	0.00248481915506568
72123	35-39	2	0.0037148391159206	0.00532571526608894	0.00482823561478845	0.00426532558798569	0.0041703195861717	0.00330082628211986	0.00255957489088887	0.0027545184006933	0.00274550495737024
72123	40-44	2	0.00445166453260996	0.0053718243616022	0.00628770902120302	0.00666507685563077	0.00425757527528862	0.00346563194884266	0.00357511208579135	0.00288031315851743	0.00335538849745503
72123	45-49	2	0.00620304718757999	0.0068337916010646	0.00687183725788526	0.00771536876565453	0.0053099467164161	0.00554929036988346	0.00443359719516064	0.00384187165371403	0.00443076570243231
72123	50-54	2	0.00838568655449827	0.00984173967099434	0.00890929969790307	0.00813144693298882	0.00842809877774426	0.0087734977446	0.00508848334804266	0.00567395267391542	0.00722995235983505
72123	55-59	2	0.0161958409956031	0.0142946236494928	0.0138048318439688	0.0156165290586094	0.011781243133162	0.0114183881517706	0.0106264979949552	0.00801380747758483	0.00902417854370649
72123	60-64	2	0.0211829472099314	0.0243645989871703	0.0240971863515241	0.0207228160814709	0.0167481734590187	0.0145885614336036	0.0118911551090849	0.0119842028503765	0.0104342769733951
72123	65-69	2	0.0265725089511622	0.0339414916134132	0.0266339703019998	0.0284115047633314	0.0242256390142411	0.022561973564748	0.0207758307683096	0.0171835042777104	0.0139163085488724
72123	70-74	2	0.050563475082239	0.0522749841975677	0.0395258156410851	0.0459894273902714	0.0321592986661568	0.034325659145403	0.0266867665548069	0.0233522264152584	0.0232079513197276
72123	75-79	2	0.062962926557783	0.0601557102714069	0.0526675637021237	0.0656795859944738	0.05366182966923	0.0439177202824621	0.0456543545577821	0.0393670464381638	0.0363933742034576
72123	80-84	2	0.123967277100711	0.0973105612883677	0.0996636110575469	0.0973890881339437	0.0785541433492999	0.0825048702048928	0.0690787628590593	0.053061773812848	0.0630702905825135
72123	85+	2	0.194423720724657	0.175539438332774	0.155358718219459	0.161323476761061	0.155532207547448	0.13845939723676	0.153365588877243	0.113756261981837	0.112882148835374
72125	0-4	2	0.00401026687095644	0.00355276243496519	0.00319461038368521	0.003162413174425	0.00287015041694676	0.0032285095427716	0.0024940455708838	0.00181414570686264	0.0020470527954667
72125	5-9	2	0.000258335292047542	0.000229407247304923	0.00022742216514583	0.000233233093104729	0.000189795609914498	0.000180441116754821	0.000158072212268892	0.000144855201795589	0.000159157019307167
72125	10-14	2	0.000254927881486277	0.000273685819077858	0.000312970790630689	0.000280289619322878	0.000240693439265882	0.000218079549974434	0.000191335030620694	0.000185132334089431	0.000193142822280929
72125	15-19	2	0.000812915549574121	0.000965458111863497	0.000932358748533492	0.000795385933398503	0.000678073946295871	0.000678013348360157	0.000584735019011385	0.000550729587662265	0.000611144005436309
72125	20-24	2	0.00143296032408584	0.00130264067382259	0.00173788633383651	0.00156051929018487	0.0012568762092382	0.00128041385919199	0.0010773537763785	0.00100748127609215	0.00105887543111489
72125	25-29	2	0.0018261072864018	0.00221358380539139	0.00196843091032539	0.00192290128526305	0.00185513903051924	0.00135772891028498	0.00137719583883147	0.00120986148714821	0.00142151047311346
72125	30-34	2	0.00251781470333888	0.00211668363208926	0.00260246830070082	0.00242499394302546	0.00173272452605169	0.00201818595723563	0.00202841745679215	0.00170066082102524	0.00190740131495718
72125	35-39	2	0.00330485828644017	0.00355240816336782	0.00366735704668739	0.00397389714146699	0.00291170109236303	0.00244329905846645	0.00198680504628069	0.00197733051897295	0.00204728229208139
72125	40-44	2	0.00328869304033467	0.00378308332940156	0.00539915619784938	0.00454500631814195	0.00305945876936118	0.00276362763623822	0.00268436508389784	0.00275469324818617	0.00294357312940274
72125	45-49	2	0.00490714807060401	0.00575088209581336	0.00549603673350992	0.00552255942701979	0.00508872847266997	0.00406495172413305	0.00395247564398431	0.00383557341931091	0.00391747854735394
72125	50-54	2	0.0081659060276397	0.00745053311009782	0.00785814664997488	0.0073909257914174	0.00648400241421311	0.00893511661897525	0.00607364179135994	0.00578762599705766	0.00760477800716184
72125	55-59	2	0.0114450725398881	0.00876058210264161	0.0110307150569151	0.0106787104207003	0.0087525303392819	0.00905989379110267	0.00893971228345521	0.00841155333745483	0.00681511993882665
72125	60-64	2	0.0172214137746931	0.0173964388146428	0.0145408434048054	0.0165874381944368	0.0183460686598243	0.0145266015964027	0.010715114138997	0.0117944977612816	0.0124992062894975
72125	65-69	2	0.0294415801255298	0.0245837230025655	0.0217846039656534	0.0221350887512807	0.0188907311492032	0.0209084060538266	0.0182839821520904	0.0185851273434078	0.0175474111006086
72125	70-74	2	0.0452789643150436	0.0359246864469381	0.0396139392229177	0.0344519521556924	0.0377087830995626	0.0299889597936162	0.026183520475008	0.0206993004643908	0.0228109835086666
72125	75-79	2	0.0621970080916284	0.0644373484665803	0.0587806236635166	0.0429216998930685	0.0467756491645318	0.0337126432118087	0.0467709511494169	0.0389319834659292	0.0432701666817217
72125	80-84	2	0.0770449989949344	0.0847698250623046	0.104832618849065	0.0902191517235034	0.0737330360556826	0.0900199606609497	0.0728158415535087	0.064081819212032	0.0555007918106071
72125	85+	2	0.174513293216954	0.135329778116679	0.160313454174063	0.153663919877078	0.149653484052615	0.15107595747366	0.138722020933104	0.132643347066621	0.136150026821812
72127	0-4	2	0.00556035030018471	0.00408654601427508	0.00390844487172835	0.00324670462004445	0.00250707812572495	0.00263353188794659	0.00268509857841567	0.00213397013819799	0.00249501908177293
72127	5-9	2	0.000262886360262446	0.000252458540404133	0.000282951512097429	0.000246120105865885	0.000160923121395855	0.000161734356883259	0.00016765113871297	0.000182047282937799	0.000149957121368875
72127	10-14	2	0.000368293473836415	0.000388407845616171	0.000424555245240987	0.000354711457820919	0.000239914689206235	0.000214832944440932	0.000241270030839815	0.000182092537927993	0.000213098907211485
72127	15-19	2	0.00180373500090951	0.00150308033518561	0.00397312501488073	0.00312468288010328	0.00219462867699499	0.00124167695094728	0.00116494993978836	0.00097499684807994	0.00118462864586472
72127	20-24	2	0.00290986108150669	0.00341466219069957	0.00509984852782658	0.00443830452534803	0.00416194146553996	0.00344141918746717	0.00345645472275429	0.00300402712112911	0.00246093983351514
72127	25-29	2	0.00333219797800853	0.00438234074732665	0.0062627656453915	0.00461143473973033	0.00414618583497079	0.00416659648310419	0.0035673350687777	0.00288960747714456	0.00297700270091196
72127	30-34	2	0.00423307267053749	0.00686430427446024	0.00872578954290183	0.00666251750859051	0.00377706578410287	0.00391705189384462	0.00316315605659212	0.00339464194887346	0.00296278038676417
72127	35-39	2	0.00472301274768555	0.00766989156405492	0.0108281109418784	0.0072205593269218	0.00478372555432889	0.0039243696028728	0.00295821957065656	0.00343447085308443	0.00363456936702311
72127	40-44	2	0.0055954826154846	0.00770864964188309	0.010538110068821	0.00861410567418255	0.00551050888595785	0.00505728832863693	0.00397966311470701	0.00409227959100591	0.00511722666220187
72127	45-49	2	0.00712898668707017	0.0094106487564506	0.0107236258482172	0.0102517034621004	0.00709631982450409	0.00626180406097447	0.00528100248327397	0.0048460411672193	0.00560567439948628
72127	50-54	2	0.00965171413658819	0.0100452387879763	0.0122197152138006	0.0112423405716474	0.00968448635623202	0.00896442336871561	0.00727480568093822	0.00678395107231759	0.00646676814009218
72127	55-59	2	0.0140442425700748	0.0154639014537047	0.0135244220257798	0.0136781298762791	0.0120841147041804	0.0115251633801228	0.0110506479048877	0.0101261152452328	0.00961521958398068
72127	60-64	2	0.0214560544403163	0.0216567463605075	0.0203864831265538	0.018947050988046	0.0158104717831391	0.0154012953642097	0.0138574979916206	0.013826912095481	0.013191337431268
72127	65-69	2	0.0288035050973737	0.0281892279698159	0.0263303898004847	0.0252109299088713	0.0215038284365422	0.0201893947471809	0.0188241265618722	0.0168355122641048	0.0177181989627906
72127	70-74	2	0.0441125464767842	0.0434828670285373	0.040582673529571	0.0401289817162897	0.0319940333940084	0.0277542275475288	0.0250839290544224	0.0231616311068599	0.0253255269172393
72127	75-79	2	0.0586918283611434	0.0584535702565598	0.055584636683653	0.0554878218406025	0.0480745872740872	0.0427963318391735	0.0389659579233122	0.0362008755472647	0.0401272429093832
72127	80-84	2	0.099179955807375	0.0910431863905119	0.0889807493628216	0.0883040132591635	0.0735184795168427	0.0714476539273603	0.0653499043623402	0.0590067152790136	0.0567364577209723
72127	85+	2	0.165857008028221	0.167912530260349	0.154756174721034	0.156431754852743	0.140604477315868	0.132842589622776	0.131876007229829	0.12267632400941	0.122784418583979
72129	0-4	2	0.00350541174671048	0.00307191130254846	0.00294494234857045	0.00297486873791636	0.00263817758261274	0.00267259236370003	0.00234341908994141	0.00208359443589899	0.00201023182309404
72129	5-9	2	0.000236981038360953	0.000242833397141029	0.000229129679541826	0.000224043854363538	0.000182877602194591	0.000182659267637082	0.000168110999406399	0.000147463795117476	0.000154433080904746
72129	10-14	2	0.000255461611455685	0.000288614593951892	0.000261426556541857	0.000293944672510899	0.000230176743426049	0.000229511775880251	0.00021276372640617	0.000187335505496781	0.000186274049379807
72129	15-19	2	0.00121918419885647	0.00101280271479068	0.00105033806253761	0.000841807887213673	0.000835108425097551	0.000810153580755676	0.000769534318494246	0.000745679949220818	0.000635026880276025
72129	20-24	2	0.00157762538409773	0.00163362454299906	0.00176047227124929	0.00217441212176032	0.00172526562340924	0.00159919418737051	0.00143850009032692	0.00178786303828417	0.00128342910096736
72129	25-29	2	0.00226226240806946	0.00247179176303888	0.00272620671868641	0.00224987673169229	0.00216481994902463	0.0019080757797142	0.00242332976279863	0.00204214073884492	0.00164553414240352
72129	30-34	2	0.00238622297446792	0.00359654567245369	0.00349759451096237	0.00258780253260867	0.00234935544435753	0.00225762038782593	0.00251551317591055	0.00206107306723654	0.0023100336462202
72129	35-39	2	0.00352833736234558	0.0043289014310069	0.004280850883664	0.00400366407722888	0.00287429298938626	0.00219906486232143	0.00208787536164459	0.00266241729360121	0.00310043627561653
72129	40-44	2	0.00464995478224752	0.00598549471151696	0.0054154010020239	0.004691044451256	0.00384321611842099	0.00331055902206931	0.00270423048608542	0.00284767952982543	0.00357353909733811
72129	45-49	2	0.00569648430041371	0.00651738571488169	0.00765410875469355	0.00615925964026844	0.00585240953924835	0.00557764146678173	0.00446417267785032	0.00414572888180465	0.00468190759547867
72129	50-54	2	0.00865937434559218	0.00853993843961836	0.00912855693970908	0.00831796701049897	0.00851056415665173	0.00806325217312393	0.00507552999409841	0.0064860061856116	0.00594390780296767
72129	55-59	2	0.0137251320943064	0.0152918212144141	0.013527358548778	0.0142670535167061	0.0111109345881998	0.0113753049633056	0.00868855759595443	0.00787785904747143	0.00831390900586646
72129	60-64	2	0.0170460864307503	0.0174266840465171	0.0196162117040903	0.0208662926307998	0.018580203796446	0.0157419496709765	0.0137359614409492	0.0109365552773669	0.0115869617230365
72129	65-69	2	0.0290727241706577	0.0261371089363993	0.0311692637680775	0.0263016681785735	0.023130699841966	0.0190539428461758	0.0178299490871412	0.0195139029654373	0.0163796251660715
72129	70-74	2	0.0343040826716562	0.0438533202695074	0.0388272624231889	0.0407622825497784	0.0328770546227361	0.0282355575536902	0.0244290847368884	0.0225788441693611	0.027864753701826
72129	75-79	2	0.0547067507854863	0.0573437093808481	0.0631526705375034	0.0457975125763297	0.0528560651788273	0.0480265267216767	0.0450452823779208	0.0369873773763371	0.0364039539043675
72129	80-84	2	0.0713186997225376	0.0840263247582453	0.0812924435751951	0.0810627080081848	0.0702075966638238	0.0668120250204361	0.0598754153357701	0.0461632103853151	0.0462650151934723
72129	85+	2	0.142654049380735	0.167599373641111	0.152852089451706	0.157641475363988	0.147832875530478	0.144668049119509	0.121415713419163	0.13645971870662	0.115804934526315
72131	0-4	2	0.00322658472801013	0.00351170088192608	0.00335891966454672	0.00298516824916529	0.00266815607772912	0.00231512372369068	0.00240395869782103	0.0017876329212281	0.00202544908189744
72131	5-9	2	0.000217017721217527	0.000233963182718476	0.000254448973953097	0.000216436246894665	0.000194650231091185	0.000176561011395693	0.000155041007876997	0.000142582947654944	0.000157090277023299
72131	10-14	2	0.000258796996539084	0.000276995653641068	0.000262009355905518	0.000296372869461031	0.000212081269917883	0.000255339421728758	0.000215740146770992	0.000180853320572719	0.000179825200216581
72131	15-19	2	0.000876772193348579	0.000860048827375589	0.000950373562360533	0.00104598782980743	0.000729613506785311	0.00065513942969837	0.000641533602084848	0.000601142600488412	0.000557295369962158
72131	20-24	2	0.0015261590172809	0.00171880175756298	0.00145482877942952	0.0015108426522088	0.00155940613185658	0.00120253032244465	0.0011956143523187	0.00115387738987794	0.00132594808857863
72131	25-29	2	0.00179886038600321	0.00253828035151635	0.00216505312388595	0.00205457440044527	0.00178274887179827	0.00172586750729497	0.00136896192020092	0.00132643429387692	0.00136881945293008
72131	30-34	2	0.00196878339449057	0.00251773185126521	0.00240836255100228	0.00224149683878764	0.00236237594509934	0.00171343667459908	0.00210668101849788	0.00170069483720866	0.00176661663160316
72131	35-39	2	0.00297529882065887	0.0040502553861823	0.00321998780093825	0.00327625298489181	0.00239898945635757	0.00204734335998636	0.00195205875870706	0.00233802962326364	0.00279514174717759
72131	40-44	2	0.00330353898250707	0.00487631907231243	0.00469031879044435	0.00445089863182475	0.0035157923861886	0.00327854749285531	0.00334958790749939	0.0025253965218697	0.00303149313938533
72131	45-49	2	0.0055858073968347	0.0047514937936311	0.00579538528290632	0.00529300392554753	0.00413065817039228	0.00469229628723859	0.00435096136066518	0.00383558339552681	0.00425717317775159
72131	50-54	2	0.00656802077387966	0.00814298341640924	0.00815849852254236	0.00749647724419734	0.00572996165166043	0.00627682488698971	0.0058469550162257	0.00546168774675656	0.00502030028347456
72131	55-59	2	0.0114506837713863	0.011032256309705	0.0110471991835707	0.0110249999681799	0.0101950835871911	0.0104115861810247	0.00815360997845587	0.00825025635729382	0.00662104720914958
72131	60-64	2	0.0168694545246958	0.0160683821145118	0.0160820004727176	0.0150347269067316	0.0135190973402502	0.0137002776016749	0.0121045480171119	0.00981862798515473	0.0126601889090281
72131	65-69	2	0.0251181483042211	0.0228417118027754	0.0248080921913023	0.0223003531093612	0.0181222089479931	0.0206769196242831	0.0187433833654055	0.0146628787362718	0.0145602499068612
72131	70-74	2	0.0416531953118915	0.0412367290410377	0.0355360534708484	0.0365832022294092	0.033678409330415	0.0264166737397813	0.0276080118104524	0.0209525868998682	0.0215507817025035
72131	75-79	2	0.0601098921532978	0.0596556480810346	0.0619406350444628	0.049204302822084	0.0540068647053071	0.0463595611150115	0.0445742712357	0.0389640745851407	0.0411062487100015
72131	80-84	2	0.0855702695849698	0.101248276163839	0.0888534915067942	0.112413715864288	0.084912071765615	0.0678874746176977	0.0700234794964499	0.0573917942980789	0.0649987257872692
72131	85+	2	0.196516306921324	0.167279468016175	0.170902531814631	0.156340691246628	0.156941397017217	0.162065877666812	0.13336154378749	0.140672022484279	0.130504862901129
72133	0-4	2	0.00474135482964079	0.00429942125505329	0.0046671840528785	0.00437137951799063	0.00329191777659411	0.0027882644805006	0.00264685034171969	0.00247456875204121	0.00253279251250832
72133	5-9	2	0.000254999932019007	0.000263065629992938	0.00030243064175103	0.000254934139072447	0.000251653778427577	0.000215484173045675	0.000188257397683158	0.000182229812554345	0.000181288969087393
72133	10-14	2	0.000373009980341253	0.000333402450301154	0.000316384508352852	0.000325201061193669	0.000277331593750061	0.000286800787835379	0.00026339358827772	0.000210335738888623	0.000220349410119203
72133	15-19	2	0.00104534150998629	0.00110790359717776	0.00114933522151476	0.00123686040663437	0.00123815351276848	0.000916632268779574	0.00091842083299256	0.000660221878797277	0.00084923188978638
72133	20-24	2	0.00210406368043342	0.00249672048641164	0.0022245572217574	0.00247577541223597	0.00260425004086752	0.0021766834390425	0.00218201830353455	0.00155383378761688	0.00141041964889371
72133	25-29	2	0.00239679840633922	0.00283786009951998	0.00373210110625194	0.0032801320243321	0.00257207731326073	0.00252855045245102	0.00268881996398387	0.00219985709413279	0.00258739927971274
72133	30-34	2	0.00258081737942846	0.00351897117978369	0.00462227703529262	0.00280034924060603	0.00298745576430157	0.00287471515379211	0.00248304366525313	0.00219889423636518	0.00279025451886016
72133	35-39	2	0.00321418959746554	0.00351202152362722	0.00675340402831946	0.00435113023665347	0.00371295189506823	0.00243371606432218	0.00267309934839927	0.00207460581894649	0.00288033579691641
72133	40-44	2	0.00451071349975536	0.00472217235363375	0.00495611286189823	0.00752474789433505	0.00455693540740776	0.00370234770604525	0.00322731016790499	0.00314372732796904	0.00381218694830524
72133	45-49	2	0.00594961767322246	0.00759137562308623	0.00839479535847349	0.00639282507411762	0.00609135212280626	0.00555952338201206	0.00562387545524132	0.0045598606681878	0.00481180092298468
72133	50-54	2	0.00877280997229717	0.00979309330468493	0.00938149785618931	0.0101222713821515	0.00926793417399563	0.00853970890771527	0.00602384769042857	0.00563132601063938	0.00501840539386948
72133	55-59	2	0.0114975918779617	0.0138191693286046	0.0132502670206322	0.0115982680765434	0.0122292061340238	0.0117664030731885	0.0112058427320551	0.00928289280059266	0.00977033827815236
72133	60-64	2	0.0204113177886774	0.0207978185249928	0.0229323420029167	0.0166034544967568	0.0205522627042924	0.0175692134674557	0.0120541750411534	0.0140058803133223	0.0144537725895056
72133	65-69	2	0.037405632062027	0.0298141269369674	0.0304474916671742	0.0269756821447977	0.026282112247959	0.0195918106512723	0.016095424851845	0.0241359744686338	0.0224930663024544
72133	70-74	2	0.049648781415504	0.0391143883795989	0.0490705892340656	0.0426859859761913	0.038635764236922	0.0361135902520442	0.0314475427215474	0.0288875957032098	0.0250116822250844
72133	75-79	2	0.0800282272597948	0.063640021175523	0.068761856461324	0.0638540050004742	0.0643394968119719	0.0521957332217603	0.0391010099286349	0.0483074179984066	0.0458893554709197
72133	80-84	2	0.108161434052358	0.110398093250435	0.0910345585636896	0.139715909130479	0.0993039191909929	0.106344052404958	0.0710824325454234	0.0662308041977441	0.0754354719663495
72133	85+	2	0.159773114808071	0.215511661196676	0.185598442402235	0.168172904885057	0.168858978702247	0.159762417281313	0.205031520477204	0.137152777772376	0.144076918259489
72135	0-4	2	0.00383944730734644	0.00281339591981917	0.00273193096123306	0.00231468427099352	0.00210625123870052	0.00205563005910292	0.00186302716522651	0.00184196557294377	0.00173045986764454
72135	5-9	2	0.000199200015180076	0.000191973316780931	0.00021521507496584	0.000180369429403516	0.00017623998666249	0.000159779716226967	0.00013555862355087	0.000126310544043826	0.000133078049115478
72135	10-14	2	0.00026421680463918	0.000252697616198038	0.000224558372340664	0.000237131641082982	0.000211110144282914	0.000189999415151996	0.000176095211750616	0.000151116436849122	0.000159200555063809
72135	15-19	2	0.000776143556860091	0.000837103037452028	0.00105689610052637	0.00100964546104367	0.000691591108353025	0.000868589255914581	0.000668754619504319	0.000520033852975096	0.000606586063474514
72135	20-24	2	0.00165483880490369	0.00156628939996808	0.00224159967859471	0.00191164085472508	0.00142194923127519	0.00179794037436246	0.00180271921322373	0.00117577478615489	0.00110352851476886
72135	25-29	2	0.00151748477991822	0.00138207908959829	0.00239304701420912	0.00197922058149083	0.00197826691013605	0.00190826575677402	0.00196665225419535	0.00186184960266491	0.00141963950842689
72135	30-34	2	0.00169485686293106	0.00234018832468111	0.00282696526861814	0.00279100356963713	0.00189532420997133	0.00192381540621226	0.00227241547020887	0.00173115213514726	0.0020815264500543
72135	35-39	2	0.00281316329600594	0.00298181019577947	0.00387056835265271	0.00331248048966604	0.00183120159118386	0.00198665845765202	0.0018985116416715	0.00186841359214967	0.00233357895125052
72135	40-44	2	0.00370431221763393	0.00416665785744519	0.00353139436791925	0.00372213327221153	0.00318623317724971	0.00293143533030793	0.00229099404413851	0.00272909155225962	0.0030245169272139
72135	45-49	2	0.00385400949479003	0.00469717452973225	0.00401325616973326	0.00569975231033514	0.0045748773939466	0.00303581111517568	0.00357547212878568	0.00281122869502155	0.00371326770744265
72135	50-54	2	0.00661209048279505	0.00765753867654772	0.0082136033368707	0.00802043225290184	0.00706116045161402	0.00542431526640664	0.00485409101817609	0.004958509548529	0.00435667462059486
72135	55-59	2	0.0105365649548902	0.0140781171752829	0.00981987191490368	0.010996756324643	0.00858478922474973	0.00731383742432052	0.00706502866314877	0.00761947777667405	0.00682944950587855
72135	60-64	2	0.0179899670951089	0.018507218460041	0.0163626720952663	0.0149655270577349	0.0133772574937167	0.0128898780691626	0.00895983449164164	0.00961631821234694	0.00986076205893642
72135	65-69	2	0.02265944615975	0.0224268936533346	0.0230630793075416	0.0231837190357293	0.0220017738903129	0.0161579842522884	0.0150733334562305	0.012483920471581	0.0159421487762997
72135	70-74	2	0.0385489287938296	0.0434547919749226	0.0333933393029087	0.0392958139874415	0.0280348916212151	0.0231904882464569	0.0209587494524102	0.0212092183871093	0.023692629433807
72135	75-79	2	0.046034083020432	0.0578261342288991	0.0485418395609579	0.0496824466860249	0.0494600851368512	0.044676777348915	0.0429909031226835	0.0306355160219083	0.032840160565618
72135	80-84	2	0.0741485339311413	0.075620067798661	0.0914326167861554	0.0903104652422944	0.0883938371182428	0.06594540743527	0.0642818190916208	0.0582684988775498	0.0508087542568719
72135	85+	2	0.18879632542622	0.151744793740692	0.14590536933738	0.161687906570159	0.151541852660326	0.150388149759823	0.139927472444184	0.124349956709032	0.116193936012495
72137	0-4	2	0.00380524961921605	0.00307561293979618	0.00331611985546552	0.00263372882908268	0.00247416019821191	0.00260504870326387	0.00196857846601626	0.00194636835071029	0.00208360792750973
72137	5-9	2	0.000204154563345318	0.000237227743233587	0.000256682273186103	0.000223990652483643	0.000188257128020295	0.000181983752201423	0.000172106041767177	0.000146923449381386	0.000155755068340203
72137	10-14	2	0.000318249191885944	0.00033372015075393	0.000308267799571761	0.000334317757546346	0.00024318857703445	0.000224474050003813	0.000184645389877116	0.000184071881549323	0.000195127292865492
72137	15-19	2	0.00106465445806389	0.000887105120169678	0.00128892240557507	0.00172780097040444	0.00098907496035528	0.000987444578130078	0.000941563429128781	0.000607594658477777	0.000651819509663343
72137	20-24	2	0.00205800721899797	0.00229881377491086	0.00316156931786233	0.00329621697512056	0.00278554854134167	0.00228883986075603	0.00209559381036748	0.00184529613264882	0.00198170854690288
72137	25-29	2	0.00221864457311585	0.00324818168577198	0.00404391353259902	0.00301864787435502	0.00321416583569472	0.00250424489402409	0.00269756400090874	0.00229742898828189	0.00232444327522351
72137	30-34	2	0.00239283676172872	0.00329195348900333	0.00504043864033137	0.0035940794605726	0.00321666992982052	0.00260886820617389	0.00282687666678686	0.0023662539717501	0.00277025492825928
72137	35-39	2	0.00317067448952729	0.0039963479005768	0.00536289602359621	0.00513343734381075	0.00352902417005836	0.00282805438446038	0.00249121047224202	0.00233251876362493	0.00278782706096193
72137	40-44	2	0.00312340991502526	0.00447059291784302	0.00545981297842753	0.0059369107526477	0.00411029057550111	0.00362388600057958	0.00295637551306816	0.0031009968930253	0.0042186486771492
72137	45-49	2	0.00557879650337541	0.00587106025314364	0.00656691921802196	0.00579199228998308	0.00563448622336433	0.00519839524215379	0.00437931179107698	0.0042189377745455	0.00484296547339203
72137	50-54	2	0.00732107385871322	0.00941128174962727	0.00849757320359861	0.00865033674445924	0.00659345918343883	0.00824562966736739	0.00668447461018895	0.00628543372505065	0.00624114420045272
72137	55-59	2	0.0103601017653076	0.0111563178942958	0.0106970290485461	0.0126035478548236	0.0099455380176636	0.00974893848080182	0.00949161099156512	0.00911984712567851	0.00921698993841597
72137	60-64	2	0.0194797486816297	0.0176508982233587	0.0149674862013374	0.0164301003127573	0.0151883474083351	0.0147165905689043	0.0131885483732315	0.0123422487607196	0.0131707879934006
72137	65-69	2	0.0250556298288226	0.0250318684951743	0.0269219590599923	0.023286142145934	0.0213259976858188	0.0193282758671103	0.0200337265409659	0.019647418344599	0.0165834078160903
72137	70-74	2	0.0387626381074225	0.0409087097439787	0.0427170179329202	0.0345137679839562	0.027490529995685	0.0288805412156006	0.0295874611693886	0.0229045020303413	0.0269161445470536
72137	75-79	2	0.0530393254175332	0.0649729741306701	0.0561210195812294	0.0553045743877059	0.0484459861001483	0.0481666702341327	0.0404214135168895	0.0349599288415166	0.0371290662653808
72137	80-84	2	0.0885226651414826	0.0824023563615982	0.0914975368664793	0.0796744267058556	0.0832589150991006	0.0771816650637027	0.0643699531147597	0.06300081003482	0.0613950693076331
72137	85+	2	0.168237240021939	0.166215931492365	0.158037482175033	0.160211151059816	0.148586884855084	0.142098404333688	0.134247031434895	0.117354680496127	0.118526011607688
72139	0-4	2	0.00290257649905917	0.00275810508424696	0.00269542437005696	0.00262933142686376	0.0020469658124236	0.00183071477787455	0.00177499840995337	0.00144572233398853	0.0019105891422009
72139	5-9	2	0.000203938260272608	0.000198542550540261	0.000223612753064802	0.000227139349214354	0.00017129484241302	0.00015674033874481	0.00013915376100767	0.000129270802268834	0.000150681709283205
72139	10-14	2	0.000256639606399542	0.000247886316560133	0.000265639036787648	0.000259486749509009	0.000196287709290126	0.000195631141971111	0.000182435513828448	0.000163275328684399	0.000179702474717305
72139	15-19	2	0.00106558569398364	0.00101586958200978	0.00113282138153973	0.00130815432676579	0.0010759162935538	0.000854553605269726	0.000774339411621296	0.000505110707495768	0.000498129156841892
72139	20-24	2	0.00174920775300358	0.00167160438250022	0.00226584220390943	0.00226367972766899	0.00198597888037222	0.00214867561428161	0.00135853406376461	0.00138231726168808	0.00143891198792438
72139	25-29	2	0.00190732651680814	0.00269041910432694	0.0030674197559461	0.0028155612568718	0.00211122616687299	0.00287933149865698	0.0018411285320968	0.00192665736731678	0.0019361826395645
72139	30-34	2	0.00226944204547643	0.00280570925447488	0.0031235117880478	0.00259966406986653	0.0017010218666703	0.00216039880231951	0.00200988671498446	0.00223338473115664	0.00226205533357676
72139	35-39	2	0.00272802150447817	0.00392128403137044	0.00483143489452445	0.00321143043628164	0.0029557081878383	0.00246512479021896	0.00297338745924869	0.00247378127556704	0.0021800408884615
72139	40-44	2	0.00385717154092351	0.00398584965646282	0.00511711102396221	0.00433719383903042	0.00400613265774962	0.0024414390793227	0.00237567660783992	0.00255421457765854	0.0023012800413095
72139	45-49	2	0.00428738300614579	0.0046702760669765	0.00544575486609537	0.00536459727704057	0.0050479482574252	0.00470410289802455	0.00313719517569701	0.00344819636399067	0.00427626823396793
72139	50-54	2	0.00851236633531231	0.00915521821776765	0.00746306428472525	0.00792656139124206	0.00719808453611659	0.00564461239402554	0.0047616521836461	0.00437894196808034	0.00536543085417262
72139	55-59	2	0.00989060982352668	0.009492061719885	0.00964368974388253	0.0092024120136387	0.00877060451376504	0.00853697975522986	0.00793042370374928	0.00610278573601453	0.00864983098642626
72139	60-64	2	0.0140361191788278	0.0173612678824314	0.0161813651488038	0.0155473803168559	0.0133507804135942	0.0120911300581498	0.0127603086754466	0.00981745602490828	0.00957823107064043
72139	65-69	2	0.0280817467346165	0.025280421730549	0.0235096446076588	0.0253799199450297	0.0173420978304934	0.018992158481546	0.0153845140580192	0.0140278093827114	0.016336563139709
72139	70-74	2	0.0405013324925819	0.0342001099251413	0.0334538513116209	0.0352645651695628	0.0282566220196264	0.0276898079299345	0.0242834990632367	0.0219906776840606	0.0225152623541341
72139	75-79	2	0.0415090458030717	0.0502518646042532	0.0489936272062665	0.0467373209275306	0.0522887806894818	0.044543172662781	0.0393540418777389	0.0295109432603486	0.0315151595514689
72139	80-84	2	0.07807141862524	0.0830108365509422	0.0748177444160881	0.101901326705436	0.0731372326427009	0.06623731228661	0.0607114076336736	0.0558533994004615	0.0539580022522782
72139	85+	2	0.152706265486968	0.161791660520228	0.131284358351077	0.146637010880972	0.141787925589222	0.125582851060644	0.12764557439929	0.130668782135448	0.121870322904333
72141	0-4	2	0.00390112699177049	0.00310114184415834	0.00270557624622103	0.00255313190199872	0.00217304269748941	0.0020730600401853	0.00224652231360456	0.00208621649957803	0.00182537066229021
72141	5-9	2	0.00020383804764248	0.000199732952656755	0.000207732244534605	0.000203704096797039	0.000183395233772887	0.000184027784006614	0.000153985004017991	0.000141222084523094	0.000147375979829104
72141	10-14	2	0.000253768286767019	0.000250170522591356	0.000260756298564377	0.000244240564833062	0.000231320538155776	0.000201309153703359	0.000195275785832569	0.000171596495669498	0.000179056753437643
72141	15-19	2	0.000871927758133428	0.00092649868811646	0.000710268308188715	0.000855230529840242	0.000736243882287638	0.000741413618848837	0.000596865331420994	0.000621465943330573	0.000549090743382571
72141	20-24	2	0.00169515773048	0.00177216076429262	0.00193373019991795	0.00156220038853293	0.00142800630805852	0.00124475231291335	0.00112566683142618	0.00114766189174178	0.000985987850562604
72141	25-29	2	0.00253103663107162	0.0021726023581788	0.00228586344201934	0.00184231375956454	0.00165255154431162	0.00203902607213657	0.00148372311494234	0.00149418075040465	0.00157467586403051
72141	30-34	2	0.00217287201410298	0.00231013431043532	0.0022839205436381	0.00243084629847202	0.00182622544336644	0.00254188287075427	0.00173579423891282	0.00168705499382131	0.00184981715456505
72141	35-39	2	0.00316438455027503	0.00312355306683321	0.00359710030471395	0.00342783824053165	0.00232819099921755	0.00280578652365791	0.00241686880297151	0.00195327036664494	0.00240564932510745
72141	40-44	2	0.00345283158166799	0.00322185790030097	0.00406995307485882	0.0040127556079512	0.00272070802401225	0.00294147326480375	0.00266885109969836	0.00289160196119116	0.00391425756862758
72141	45-49	2	0.0047675347040358	0.00722633481043672	0.00551319033036922	0.00459799476442843	0.00415625917349075	0.00486288147386337	0.00414455657367879	0.00359361299687193	0.00319631302912901
72141	50-54	2	0.00780516526542103	0.00719068729353937	0.00733646832899899	0.00595070578320118	0.00603919997428348	0.0057537349033477	0.00559848200587977	0.00516707990194306	0.00513891475642842
72141	55-59	2	0.0110943576995389	0.0124863420924604	0.0112578171795778	0.0137332760345895	0.0103929887068759	0.0098582049059221	0.00904333235944955	0.00743541968775235	0.00822465355722961
72141	60-64	2	0.0148901374472433	0.0160098012968513	0.015816664525832	0.0200540745393631	0.0140152036857734	0.0136077599385776	0.0110087783368129	0.0114625584654613	0.0123343282111172
72141	65-69	2	0.023995868225621	0.019740872856002	0.0269786556486172	0.0249029342549678	0.0244950897434043	0.0187261288326231	0.020107883487943	0.0162997411394948	0.0137217433702133
72141	70-74	2	0.033480817803638	0.0386656983283434	0.03715246415263	0.0345087575287709	0.032932065197921	0.0352779278045937	0.0287722760109957	0.0220206049390459	0.0226829889214704
72141	75-79	2	0.0567418072696522	0.0637680096904567	0.0498821556408228	0.0578171314471183	0.0479553991444276	0.0423988077608139	0.0486554966380131	0.0330120590277678	0.0311137644240363
72141	80-84	2	0.0924883795568813	0.0905672203465165	0.0881593747870748	0.101029169463611	0.0861852561475545	0.0858138421455429	0.0765708244083272	0.0577254019715056	0.0546573934712686
72141	85+	2	0.185219443602614	0.128601463574396	0.16820444303404	0.158932348898788	0.166223111576762	0.151917382534108	0.132654923205411	0.131401558028096	0.12229737532284
72143	0-4	2	0.00335865094050529	0.00312895576708734	0.00349192443001821	0.00299610534955822	0.00292793848063706	0.00218356083494183	0.00218989578149586	0.00201516470606217	0.00200826320136886
72143	5-9	2	0.000236320952686675	0.00027808011188001	0.000227484593594365	0.000232993565589877	0.000189524117646996	0.000179942619039488	0.000157561629779151	0.000145102072154805	0.000152266954908638
72143	10-14	2	0.000282636864339812	0.000274622415409828	0.000297398215854889	0.000278530267997028	0.000217418096072322	0.000227364580053037	0.000200022304086547	0.000184740040592318	0.000184338048104711
72143	15-19	2	0.000873631398999254	0.000921186962903444	0.000982952210850738	0.00151865606334498	0.000826706524513328	0.000822627634017731	0.000626855972535812	0.000589807699729547	0.000681901463711575
72143	20-24	2	0.0016694359118009	0.0021114217096432	0.00199617970153169	0.00247108263808827	0.00164370971404984	0.00205941383129834	0.00163745366718762	0.00118222409955515	0.00131747881671114
72143	25-29	2	0.00234808670563918	0.00237227460987736	0.00236947976349028	0.00246740459035173	0.00193258630198719	0.00208426703163194	0.00150384599911525	0.00158377786013586	0.00133389498665319
72143	30-34	2	0.00203713925861461	0.00376704170809447	0.00424796751308841	0.00301396007016195	0.00238758286629116	0.00243455142655579	0.0024994572911055	0.00180152644325318	0.00253218419995266
72143	35-39	2	0.00305753860136174	0.00432308160794737	0.00489685121461928	0.00352143730063107	0.00353269771231032	0.0031542644706346	0.00228132971063563	0.00218120509729579	0.00252389435265822
72143	40-44	2	0.00398585810003969	0.00405353794218065	0.0045992518719981	0.00505317761537548	0.00363140131191521	0.00377600351837162	0.00306010744837975	0.00299775452308883	0.00343628702053829
72143	45-49	2	0.00632613782478997	0.00471163869345018	0.00613847684156084	0.00583145883547003	0.00481118205940461	0.00645835690995821	0.004508234414502	0.00314009212502247	0.00514288659203381
72143	50-54	2	0.00946518066829123	0.00765587222340919	0.0104638125594228	0.00695361565909587	0.00734358507486745	0.00627207883119635	0.0049135555231179	0.00490945391642196	0.00614207610983913
72143	55-59	2	0.0117598268734086	0.013000683763504	0.0131013707222021	0.00957841944485371	0.00959859039272439	0.0105992276092633	0.00948925562994565	0.0060919764016587	0.00735267991964946
72143	60-64	2	0.0186577836188095	0.0167989994060392	0.0169859288184172	0.0139906455685241	0.0148651300665957	0.0137828180845034	0.0113902935939627	0.00963452279572368	0.0103661717267062
72143	65-69	2	0.0241625366914347	0.0245709706973445	0.0234596738283128	0.0262022690165822	0.0245205599901325	0.0237048181543751	0.0165759626570279	0.0157456125120777	0.0123623632762028
72143	70-74	2	0.0347920087018829	0.0335711373336951	0.0402963002953602	0.0363891289273989	0.0366944683918878	0.0276118974751856	0.0258352726320163	0.0228854430083403	0.0228481159362505
72143	75-79	2	0.0425768894272932	0.0556519718254143	0.0617289750351414	0.0576510240841735	0.0448290237504812	0.039268288152453	0.0405612065886031	0.0376101263622363	0.0320330717552787
72143	80-84	2	0.0922614391399261	0.0851990380813114	0.0895506795242016	0.104531220197635	0.0720507883948344	0.0785882364295389	0.0659037064367111	0.0537742588682488	0.047107833650134
72143	85+	2	0.206904940551214	0.157557284717269	0.158488557327388	0.176326127835824	0.144073090094167	0.143298137142507	0.143033223625467	0.13272188172571	0.104269205321326
72145	0-4	2	0.00337314041421304	0.00326969796706824	0.00402726452501455	0.00300724803364301	0.00247209157656683	0.00261820253795591	0.00203212452738782	0.00215227886349945	0.00200040372203542
72145	5-9	2	0.000227192660508419	0.000242989188719665	0.000229647937301567	0.000245278721326721	0.000211910089028845	0.000177151093981787	0.000172845927778268	0.00015314954276576	0.000160834857290876
72145	10-14	2	0.000294005090757061	0.000311610477326485	0.000308611651043267	0.000304886974055164	0.000242747055886431	0.000232246959494661	0.000216442996942437	0.000183253396999569	0.000193132871746095
72145	15-19	2	0.000998859105883317	0.000968411339436673	0.00108440389739095	0.00118651216243147	0.000904853342764828	0.000734959291599567	0.000700492604011068	0.000629688694223467	0.000617909087285198
72145	20-24	2	0.00194982235578209	0.00199884084264019	0.00219466834717806	0.00264854551097713	0.00223244408591612	0.00200707065164519	0.00183473089626692	0.0014026958240329	0.00156329602259133
72145	25-29	2	0.00287347831253489	0.00228496376507882	0.00337032209429056	0.00274566845108677	0.00263973451160281	0.0029259018372168	0.00225200216975665	0.0016637459478558	0.00279837915619731
72145	30-34	2	0.00250938036606049	0.00292140503201881	0.00504732869158792	0.00362658462155675	0.00310621078580045	0.00321463631998402	0.00240080171375013	0.00243926343126786	0.00310192002885656
72145	35-39	2	0.00385229640115548	0.00421497727854932	0.00499399640925587	0.00490956139512705	0.00344094874557695	0.00311423453049583	0.00299913895522112	0.00208570910639333	0.00332348578586285
72145	40-44	2	0.00460583972348137	0.00642371767670234	0.00543180944211245	0.00471130735086059	0.00548551158300181	0.00346804047194038	0.00288128952902354	0.00355825220124003	0.00546578569812065
72145	45-49	2	0.00665391109366392	0.0073542492402732	0.005805491239019	0.00857254065556345	0.00590429144774515	0.00621452052870999	0.00632755752338787	0.00459393724261331	0.00573266915237914
72145	50-54	2	0.00873171688194211	0.0081546846821315	0.0108583196062042	0.009577396651712	0.00729384580588726	0.00866232129368318	0.00621517817105374	0.00581195971176359	0.0056184460160147
72145	55-59	2	0.011836661704534	0.013106376526159	0.012712504956425	0.0129929723494095	0.0103645584945812	0.00998249355936063	0.00796233417853282	0.00772819387464526	0.0097037405175052
72145	60-64	2	0.0181227537519383	0.0208766265325258	0.0195675026804002	0.0181520138832274	0.0175063858360095	0.0134844097111965	0.011753596925271	0.0119183651190062	0.0112480079903378
72145	65-69	2	0.0236012267737719	0.0230761505033953	0.0280784855277774	0.0248312027910016	0.023020601220739	0.0214353160382163	0.0187561514468632	0.0170972176069076	0.0162104963826124
72145	70-74	2	0.0398693816869206	0.0438454935736255	0.0439210163284562	0.0425818863959085	0.0338357532796552	0.0290776867028487	0.0276613880280829	0.0254736315430361	0.0241264131478852
72145	75-79	2	0.0516420388481314	0.0510125913272733	0.0588274537584068	0.058964436287413	0.0622345383735194	0.0443180947877234	0.0422749324426	0.0388863954067843	0.0331494531789479
72145	80-84	2	0.083961812521269	0.0832248366815093	0.0896890042061778	0.108929352779261	0.0995897026689149	0.0835897111981617	0.0704190059690067	0.0657291020481364	0.056154818578436
72145	85+	2	0.182189811034292	0.15367661881648	0.156163675481839	0.157483522657338	0.158472159826635	0.155069952933211	0.126093657600014	0.124955787922362	0.108696576471073
72147	0-4	2	0.00519424072575301	0.00486942947015054	0.00479527727648347	0.00375842802863568	0.00343759757360145	0.00344419294303102	0.00301303744318026	0.00271088049726467	0.0027112304633605
72147	5-9	2	0.000260514256226132	0.000281445879912215	0.000292187886570227	0.000284823956614099	0.00022873067320567	0.000216096991913957	0.00019736647866367	0.00017973448674189	0.000187019692437289
72147	10-14	2	0.000368753179038621	0.000342492468341103	0.000355688149417303	0.000347067016266821	0.000293701008302644	0.000277619430786526	0.000241528659141689	0.000220250937646685	0.000228885924215608
72147	15-19	2	0.00113137762446798	0.00111257661378637	0.00110417387124757	0.00113487591101883	0.00112254527014421	0.000920854048768694	0.000935015250248573	0.000748232998579672	0.000999668373402814
72147	20-24	2	0.00187189491788889	0.00196278539482258	0.0019350362972353	0.002018591978055	0.00199063636399301	0.00179221724583644	0.00271220317990424	0.00171686752481808	0.00188216655442754
72147	25-29	2	0.00256013077057707	0.00267067349034055	0.00285371758049068	0.00308030044593912	0.00196259320837285	0.00265094940142456	0.00227058551744461	0.00193781189767776	0.00226073840643761
72147	30-34	2	0.00289992720609471	0.00362126382922053	0.00470830023194828	0.00460168042296356	0.00252396973726374	0.00263864863530244	0.00277893119848556	0.00246730765476495	0.00236305272268713
72147	35-39	2	0.00368685835017159	0.00437992502895161	0.00428918991720668	0.00536052468754459	0.00397325717579408	0.00360543691880819	0.00306764728898759	0.00266303158406975	0.00326778634593244
72147	40-44	2	0.00568050327344438	0.00443325519866852	0.00485706331628897	0.00589570041503075	0.00550003790640547	0.00482128888180439	0.00459727699900997	0.00401829109810983	0.00413528465833858
72147	45-49	2	0.00925432417665624	0.00671146869984714	0.00670421510175731	0.00644037955167573	0.00621060105628739	0.00539347730356874	0.00513650708484839	0.00590821629678712	0.00539857046791254
72147	50-54	2	0.00929239535048764	0.0086931880113449	0.0104023814864489	0.00917282647436558	0.0090933607482658	0.0082875611381582	0.00683265733708323	0.00686298308465745	0.00686410173989439
72147	55-59	2	0.0137217846118644	0.0161176277179738	0.0151124432895007	0.014956591171006	0.0121138720134618	0.0118047192722176	0.00946393133517216	0.00990200563313022	0.0114978569134801
72147	60-64	2	0.0209619465868934	0.0195816411551187	0.0229875233379683	0.0212915358991225	0.0181274978072514	0.021208206810746	0.0130147301854716	0.013914709847202	0.0137039308981058
72147	65-69	2	0.0288798055029393	0.0290212184896655	0.0257775586075799	0.0397479728930166	0.028359717954402	0.0173771616783897	0.0239083840101426	0.0234273420487201	0.0230340015732909
72147	70-74	2	0.0484741856016404	0.0471425459351443	0.0400279439087082	0.0486148132296251	0.0305004136291959	0.0310419620068462	0.0279637432567734	0.0280709624658414	0.0247809222342321
72147	75-79	2	0.0640768718950117	0.0780434041347696	0.0580708833314795	0.0608272199321578	0.0643810752321149	0.0500043066151309	0.0417218296540274	0.030069033070467	0.0385581801747342
72147	80-84	2	0.105526647752405	0.112356200866627	0.0995579772100601	0.109203111769169	0.0870342130253075	0.0969721262812074	0.0681629143875026	0.0630540925437877	0.06492335581313
72147	85+	2	0.219342951611269	0.218117659108005	0.200089391131106	0.168000151389127	0.173920388901965	0.193595062393933	0.138923936811035	0.13280541436829	0.10040305444241
72149	0-4	2	0.00442360489140579	0.00316783710757393	0.00340123462356961	0.00330121631465975	0.00249537346460277	0.00263399799134557	0.00218337501604217	0.00232238321896781	0.00205599504092169
72149	5-9	2	0.000273809139138693	0.000220258409252794	0.000216856068071358	0.00022193844570098	0.000189980449998488	0.000172737723588933	0.000159459066653421	0.000146317560234577	0.000152548590122903
72149	10-14	2	0.000260708519889726	0.000279155039261356	0.000331364313298973	0.000255211201403383	0.000240677021860488	0.000218977571661841	0.000202255269161718	0.000187247766350433	0.000205552248917614
72149	15-19	2	0.000873514912511724	0.00104321432890535	0.000838930751422921	0.000873854328580074	0.000897292068552525	0.00083167743630228	0.00064332107944158	0.000563851063111798	0.000662726078765947
72149	20-24	2	0.00143599641161022	0.00158328838625858	0.00163845174474923	0.00130606354712954	0.00161018831104894	0.00129611802727624	0.00119021352535002	0.00120089896456122	0.00122573939749151
72149	25-29	2	0.00172307126173681	0.00190747886242114	0.00188740265926026	0.00191352362983867	0.00157855148066508	0.00179368852186599	0.0017059158856312	0.00150843245435547	0.00157286336772594
72149	30-34	2	0.0022687297882109	0.00247378559807302	0.0028953679696568	0.00227211925567518	0.00210120708758652	0.00192938651121337	0.00191659838746981	0.001949535170307	0.00195538390761223
72149	35-39	2	0.00292470424311546	0.00338687702392084	0.00295578260356541	0.00326593175587758	0.00265424462705969	0.00309740530238316	0.00233610283709597	0.0020350755486821	0.00253767098782111
72149	40-44	2	0.00332214804709652	0.00477866346057412	0.0043845067602932	0.00399639082063093	0.00371061299731611	0.00322637911281582	0.00270295018921069	0.00251074040128811	0.00352766367268849
72149	45-49	2	0.00602335998120714	0.00627866888639737	0.00601864083168035	0.0038891780923344	0.00435328399594134	0.00519103848139253	0.00358092156027594	0.00292813878092445	0.00413165800091686
72149	50-54	2	0.0102518347945071	0.00915041482886328	0.00674046702913856	0.00734314131168302	0.00715265755267017	0.00600934871168079	0.00612141119789272	0.00577410445960098	0.00461161960489548
72149	55-59	2	0.0139070370232059	0.0128354538936565	0.0108029944397709	0.00984825506186263	0.00867743055318843	0.00923326266834519	0.00697593524956143	0.00840061389920267	0.00788134131060789
72149	60-64	2	0.0144877728052973	0.0204394047358224	0.0165543104574999	0.0191147427135454	0.0133492263633684	0.0141213544722009	0.0131486415116834	0.0119543523683392	0.0143441920829155
72149	65-69	2	0.0272662910017208	0.0249729271282747	0.024626107005312	0.0236620392378655	0.0204300501189516	0.0199980027224827	0.0207794991727649	0.0167861889271311	0.0178888663976786
72149	70-74	2	0.0403352811856061	0.0438600872245887	0.0491611377794893	0.0413596246153583	0.0312451977187338	0.0285647070097572	0.0329188868311675	0.023860539210415	0.0269891201999139
72149	75-79	2	0.0556286264654697	0.0568260849803737	0.0639217916577409	0.0480719652657091	0.0450241752756973	0.0451601680113604	0.0397353411232105	0.0429839248520386	0.0413610734612675
72149	80-84	2	0.0940260323519573	0.123504312381385	0.0966237066331275	0.115423583034746	0.0915661753946939	0.0819654785974585	0.0633047242724432	0.0602950048946276	0.0619602464571688
72149	85+	2	0.236273772552856	0.220368241679355	0.15753888941107	0.154260158492384	0.162253091054833	0.155813882960667	0.136519529057251	0.131338682525427	0.12144714984032
72151	0-4	2	0.00434445226894584	0.00318025717737041	0.00380235776703126	0.00342740489424726	0.00262571068721701	0.00246828536477244	0.00253329003199067	0.00187060300497546	0.00228734651240966
72151	5-9	2	0.000213406496684864	0.000239821712302123	0.000226542884270503	0.000222888022664073	0.000190965019200736	0.000173036769127132	0.000167969771149242	0.000147245738710026	0.000163014564783165
72151	10-14	2	0.00026681224634705	0.000308901419667909	0.000319703282069839	0.000291275389091752	0.000240798936884863	0.000218643846236809	0.000193291048640364	0.000179188122246904	0.000188173825539289
72151	15-19	2	0.000870664495569508	0.00104886617193872	0.000936094200179341	0.00126826085705309	0.000810128538484329	0.000959389064540678	0.000822933289003241	0.000583639025872162	0.000687061074133839
72151	20-24	2	0.00186596083721665	0.00183375750362818	0.00166475218228984	0.00192443643575085	0.00148719904322761	0.00172430782620549	0.00194574028392924	0.00154161645505849	0.00135098686252925
72151	25-29	2	0.00188130006195628	0.00209772514459589	0.00233983382834909	0.00200150212451029	0.00212230872081181	0.00247428287712057	0.00220655803479141	0.00184307071964937	0.00217903438636963
72151	30-34	2	0.00255431270027643	0.00233759707957574	0.00307355049248726	0.00275204702289645	0.00230086927138573	0.00233718402313953	0.00204612954136548	0.00236033883804046	0.00239104911635908
72151	35-39	2	0.00282368371539064	0.00370775689253608	0.00347164489482399	0.00393222782588877	0.00251874054235616	0.00303969370650859	0.00230848349759839	0.00253616885428174	0.00285224508050449
72151	40-44	2	0.00491732636304065	0.00436619102326677	0.00482768665165181	0.00511260007354506	0.00348888712086615	0.00319048516692809	0.00300511246763638	0.00308279548931898	0.00384959663822941
72151	45-49	2	0.00440657995607802	0.00512084396506745	0.00504376320655977	0.00582968325584752	0.00510565333346129	0.00413265420347126	0.00402145663226496	0.00418704875556109	0.00428212008200904
72151	50-54	2	0.0102846447395471	0.0102022181618203	0.00793029205955437	0.0102843134236046	0.0074340475666984	0.00660820717036453	0.00582570044289633	0.00485554570877434	0.00557122173354304
72151	55-59	2	0.0156856175755459	0.0132640792208447	0.00902143075704961	0.013969890418268	0.0118036740593867	0.00823760615588654	0.00710306082062972	0.00770198950147659	0.00945905107784724
72151	60-64	2	0.0210593421125884	0.0216085934823664	0.0198026060272932	0.0187448919208565	0.0152950717678127	0.0121730886176684	0.0103220312715553	0.00943104840651677	0.0114567639428032
72151	65-69	2	0.0271061235909305	0.0265007601568572	0.0255532007052932	0.0226449674986685	0.0190670419245648	0.0234735131976057	0.0138638726299022	0.0150683274754544	0.0141650336936462
72151	70-74	2	0.0487711565850787	0.0419183064759177	0.0423992390768832	0.043360171022464	0.0340669967774545	0.0272654147884522	0.0311976431952885	0.0192412950391597	0.0235824172166058
72151	75-79	2	0.0396683724586397	0.0574973418657473	0.0561653472086597	0.0608375665366969	0.0484260638923545	0.0505596398872672	0.0397746049058948	0.0386651021693459	0.0378111393595122
72151	80-84	2	0.109546997854749	0.0806619801472156	0.0954157864940974	0.0933904478343581	0.0714195866170241	0.078811452910745	0.0776454726919956	0.0549633816700182	0.0571309291616944
72151	85+	2	0.180768128733013	0.162769227234385	0.153181435883973	0.165187013014031	0.149564811029403	0.130339221437126	0.154467182410177	0.138770539702577	0.140755557209662
72153	0-4	2	0.00465895268423914	0.00484116465716972	0.00412678391349918	0.00390278304162713	0.00360918887859042	0.00329932951650936	0.00286310625811615	0.00218516459213712	0.00291754678534015
72153	5-9	2	0.00021060247165809	0.000225330345194048	0.00025556657631716	0.000219182357676219	0.000208499289591258	0.000181668584029812	0.000167781112688382	0.000180580658809445	0.000162892587928247
72153	10-14	2	0.000288075468833577	0.00033472562555416	0.000276647855070479	0.000297226782362241	0.000283336796081499	0.000227126712236678	0.000212084437247639	0.000197265248656679	0.000196924512222089
72153	15-19	2	0.000905916754079837	0.00088825800757105	0.00097167267091036	0.00105106589639773	0.000692699125133562	0.00103224768300187	0.000741225197871423	0.000578814393821922	0.000616672688797147
72153	20-24	2	0.00153053536539048	0.00159339235683162	0.00159295903811015	0.00151145943803236	0.00202087317772591	0.0018162937271012	0.00172628011112669	0.00120407630856403	0.00142685659091803
72153	25-29	2	0.00188694635447097	0.00226773995297739	0.00227433077996843	0.00225671581780107	0.00219648127350029	0.00225488154638913	0.0018963414751166	0.00173595990007681	0.00191311890942447
72153	30-34	2	0.0021028658759866	0.00336139778891022	0.00398029318578376	0.00267705390356812	0.00202877395604229	0.00214445023608844	0.00199559453373188	0.00177979048605826	0.0021229628436924
72153	35-39	2	0.00299701364208003	0.00347782000375763	0.00290561364739041	0.00273589729066508	0.00330637830605262	0.0026711047046321	0.0025132692261499	0.00259108424019497	0.0022609689182091
72153	40-44	2	0.0043407758049542	0.00543684905672691	0.00480136287127723	0.00465896579521417	0.00325390135537915	0.00398221598331708	0.00254707276488124	0.00281321591130811	0.00344650281815167
72153	45-49	2	0.00483922357269232	0.00514850820521729	0.00561946594690087	0.00627485061112421	0.00520270696163684	0.00490073340121574	0.00412934272384131	0.0037559004575074	0.00461089877341351
72153	50-54	2	0.0090850057317474	0.00795867186791027	0.00667306501355531	0.00920132687820743	0.00774768673600746	0.00782886524158328	0.00628028277221016	0.00649481255911754	0.0068600075709263
72153	55-59	2	0.0124979777083423	0.0103031294718153	0.0109453719465002	0.0123740364882297	0.00941521560751397	0.0112094919810606	0.00979862587900372	0.0111354861272351	0.00935872007510937
72153	60-64	2	0.0228578609652356	0.0227958899068504	0.0178121683059229	0.0182744838507159	0.0157362935829334	0.0140809927819025	0.0135988020421928	0.0138404524935588	0.0124131126872434
72153	65-69	2	0.0240245951153036	0.0305649162476772	0.0258011920344859	0.022491857377687	0.0254247859129023	0.020341063430604	0.0184277464223688	0.0160705106410359	0.0166672911762724
72153	70-74	2	0.0446621835218415	0.0493389163724649	0.042529428178282	0.0383699855567752	0.0366978985685387	0.0361565136868281	0.0279746176285126	0.0261294287477372	0.0228771377043944
72153	75-79	2	0.0606064805208188	0.058721882701754	0.0560049780243683	0.056701472600778	0.0508289589191086	0.0444159926516033	0.0465094986265622	0.0350395641435495	0.0440662532737867
72153	80-84	2	0.114254601724889	0.121440606421684	0.110965527077374	0.106961585072105	0.0906047502987076	0.0921945938344963	0.0714985959986547	0.0627433608181147	0.063546508552573
72153	85+	2	0.191033598942822	0.170834450754647	0.16014506913031	0.149012644000987	0.160741378905579	0.155335949099536	0.156015921857614	0.152382595166308	0.140265988618933
630	0-4	0	0.00426734068694346	0.00365850887043914	0.00359956060479101	0.0031793480847533	0.00258047299143391	0.00252084443686281	0.00235162902668802	0.001981524458451	0.00219703993198592
630	5-9	0	0.000239457995220295	0.000236130227037118	0.000245432215065997	0.000233884960490626	0.000189780035771958	0.000180141412663952	0.000166686423841461	0.000153964473459369	0.000158884480022135
630	10-14	0	0.000307836299476661	0.000307179291102087	0.00031797321270764	0.000306730713499124	0.000244381478904287	0.000224150193235875	0.000202478911071798	0.000185191291670473	0.000193148267585455
630	15-19	0	0.00107675032244295	0.00105067333255998	0.0014519559856589	0.00142713685825893	0.00106275801330163	0.000939144599384431	0.00084146854139442	0.000675668720819099	0.000705584443300807
630	20-24	0	0.00188643810218476	0.00205501450540975	0.00254339003760171	0.00258395704983631	0.00220071360695212	0.00210751238712043	0.00201685067107189	0.00165440889059588	0.00151472198763043
630	25-29	0	0.00234788902547272	0.00279766394348775	0.00336363841493342	0.0028625328141367	0.0024404894449046	0.00248146874177562	0.00232987966629321	0.00200916256503381	0.00206343293345173
630	30-34	0	0.00266231580461896	0.0035771613672124	0.00460879614232524	0.00377706861957963	0.00255252576196926	0.00257993571811258	0.00240892863160012	0.00228328609529573	0.00237002754377924
630	35-39	0	0.00332835947395462	0.00438656774762252	0.00553025995718518	0.00455493377410916	0.00329654074505643	0.00289248686155818	0.00258200175263915	0.00256066586253394	0.00288822609743155
630	40-44	0	0.00414645740325472	0.00500201087157089	0.0060658662893451	0.00557032824165292	0.00406747666584758	0.00369687924743005	0.00314620273593623	0.00309921691955357	0.00368471057847924
630	45-49	0	0.00578985788803717	0.00615296505175947	0.00708321298026716	0.00694012250481296	0.00556710458115225	0.00508067443170399	0.0043758801257432	0.00398674805437973	0.00447671266810085
630	50-54	0	0.00857524020072302	0.00866004683243232	0.0087987043160488	0.0088677301470798	0.00756959880119787	0.00730401552643825	0.00620595326468888	0.00593555433252326	0.006133102949492
630	55-59	0	0.0122664354448373	0.0126138971690415	0.0121303671823354	0.012010077613197	0.0106025868665954	0.010091854940985	0.00923388119637207	0.00852515613597669	0.0086838218466635
630	60-64	0	0.0191456761975712	0.019258514910108	0.0183194808881603	0.0176538473836293	0.0153585973377339	0.0143691628824267	0.0128166901863227	0.0117801814948841	0.0121487245387656
630	65-69	0	0.0268415959961214	0.0266983633614675	0.0259647466066374	0.0243259597801273	0.0219510218795231	0.0202259080068796	0.018138030399102	0.0167575380119352	0.0166335014252118
630	70-74	0	0.0419511992492727	0.0419675820894608	0.0404576226520601	0.0390928519644272	0.0329524689550695	0.0294869125176365	0.0266292145442048	0.0234458904796089	0.0243056648575967
630	75-79	0	0.0567954907562305	0.0596229169570838	0.0563493053237032	0.0569376648565958	0.0512878731371457	0.0453115626268058	0.0415456342593484	0.0363770748975193	0.0373155805119202
630	80-84	0	0.095725231973528	0.0914215755768941	0.0928064016142915	0.0940765112235215	0.0799011522088579	0.0744054164261348	0.0683914707562007	0.0588028536130491	0.0582610068649364
630	85+	0	0.173821752802275	0.167313039968764	0.158941485347006	0.159933460400543	0.153329102830873	0.149096894663977	0.141143977577138	0.127928357979737	0.120925472583927
