reg_code	age	include_code	1980	1985	1990	1995	2000	2005	2010	2015	2020
72001	0-4	2	0.00349891213246768	0.00271990148511077	0.0026965995971815	0.00283453674273998	0.00229608458732086	0.00194518351158666	0.00199612663713166	0.00178722518111672	0.00186135333761337
72001	5-9	2	0.000168026719707974	0.000180375259770071	0.000180388080487935	0.000172065693427355	0.000151183731197523	0.00013745962575878	0.000128070766808509	0.000115038558919987	0.000116579266065717
72001	10-14	2	0.000250253698110031	0.00026333238924645	0.000263577089943115	0.000251329872900576	0.000211707330260378	0.000196939344128671	0.000179704140743881	0.000165223778659685	0.00016745954656519
72001	15-19	2	0.00113040938157508	0.0010607574707928	0.00108585608653044	0.00112168362249907	0.000958318992415203	0.000860593566891036	0.000764070022814449	0.000741080981284758	0.000722808003192195
72001	20-24	2	0.00194594709097543	0.00211398411002325	0.00211715152626617	0.00211085673146593	0.00180632549783306	0.00180184599426478	0.00147051582617808	0.00143670002446481	0.00146523509343597
72001	25-29	2	0.00243759497366808	0.00276248987211991	0.00276145474260651	0.00284112035638973	0.00222713409972758	0.00209704276456021	0.00195264618157563	0.00183245523046031	0.00182664955973491
72001	30-34	2	0.00283906417307858	0.00305630852615556	0.00315953399978449	0.00332638933846615	0.00256759277868868	0.00236654462597316	0.00221173544547537	0.00230003053760895	0.0019996994612329
72001	35-39	2	0.00339192950262497	0.00393315240652166	0.00401902740947849	0.00346545553952383	0.00306108208327982	0.00285538437350426	0.00265571514833702	0.00227448279517744	0.00237013318846229
72001	40-44	2	0.00417837704091196	0.00460218041181302	0.00473411628163768	0.00436460029051988	0.00356399800608852	0.00376468885792994	0.00295576511816834	0.00298443488819488	0.00293418113747894
72001	45-49	2	0.00578112753434567	0.00586262693341205	0.00581557804503278	0.0052948355907595	0.00446029659903859	0.00444356107105335	0.00403799383146034	0.0036326367319894	0.00405961906762897
72001	50-54	2	0.00772668574248749	0.00846145946616699	0.00808113393245953	0.00734383410925237	0.00617667293146392	0.00616894134121916	0.0053906596753425	0.00495285796701792	0.00535940492671072
72001	55-59	2	0.0111128644797213	0.0122023899220733	0.0111890909573751	0.0109637348888567	0.0102882685989209	0.00815752114849278	0.00784410960970906	0.00736666712663175	0.00768890303874426
72001	60-64	2	0.0167104824827916	0.0210825931371908	0.0205764801997649	0.0192336716145593	0.0146977534897972	0.0122075495398608	0.0112294333427695	0.0124555941815722	0.00907327712464432
72001	65-69	2	0.0249976479377592	0.0280853818141407	0.0271532335474239	0.0262094468037966	0.0204044819802442	0.0187142974553674	0.0168579219959834	0.0138049231648952	0.0118887153486458
72001	70-74	2	0.0388054088679908	0.0369950576352684	0.0351437738147573	0.0345131593088033	0.0319507806500565	0.0309825174428794	0.0258876469022975	0.020656253301012	0.0226778874926994
72001	75-79	2	0.0546458932356041	0.0573021470673281	0.0609763349236244	0.0509065583659404	0.0561134949655325	0.0409320826798996	0.0393998182683067	0.0301240015390707	0.0342159480100111
72001	80-84	2	0.0819045807213059	0.0832468498308761	0.0917728153552117	0.0975271226218704	0.0808531689673414	0.064335215592869	0.0681793160298248	0.0576257355016207	0.0468236863500447
72001	85+	2	0.172745004357767	0.157822699514315	0.150188327735704	0.14895882297266	0.161885424834994	0.143109923322698	0.116352911654122	0.120993600320363	0.104897442734402
72003	0-4	2	0.00318399980495114	0.00267734680772099	0.00260595087128759	0.00246857708867815	0.0020976302392071	0.00204692723044238	0.00200401836059123	0.00137983955444078	0.00178729884082037
72003	5-9	2	0.000175804602162139	0.000171005854732524	0.000183356420884129	0.000171890147281851	0.000141386882631653	0.000137837134363982	0.0001197954182213	0.000108550681584785	0.000112988411793874
72003	10-14	2	0.000264391944403644	0.000236717345501939	0.000248459536221911	0.00024360835247091	0.000196881664253057	0.00018792801932807	0.000174660932412166	0.000155448150967447	0.000161624614071518
72003	15-19	2	0.000965082101281012	0.00104479028641515	0.0010522666379306	0.000985721430916044	0.000895861034256551	0.000814056538395489	0.000723605356892645	0.000673338638294011	0.000678508264658016
72003	20-24	2	0.00178517976181685	0.00220281748446493	0.00204077941379827	0.00189296326157398	0.00165168994108068	0.00156199297943465	0.00142952717159392	0.00142103837306418	0.00141317890530562
72003	25-29	2	0.00242542386491895	0.00220700483768748	0.00249278827786676	0.00260458165881941	0.00203732714694435	0.00179409538234652	0.0019500420835426	0.00167773340795655	0.0016807381586758
72003	30-34	2	0.00274472926870049	0.00275143554756697	0.00265237351395775	0.00275631086540359	0.0023879724104425	0.00199929684942585	0.00190447250373283	0.0018448472726468	0.00198095799401531
72003	35-39	2	0.00303977113926779	0.00334374429818729	0.00364506724738542	0.00341181427949983	0.00310263068106641	0.00238598378027627	0.00244656849097221	0.00217653980336133	0.00245274198206861
72003	40-44	2	0.003806278465153	0.00397949406505572	0.00465282503446865	0.00463777677254263	0.00346595620424764	0.00319179371505899	0.00304618512566638	0.00261962029473534	0.00301690685040327
72003	45-49	2	0.00532362266942995	0.00542784873265391	0.00504692912401877	0.00523193763703136	0.00422616441284199	0.00370802927821367	0.00366184646269964	0.0038932255781503	0.00344818281308132
72003	50-54	2	0.00822521165541083	0.00757748849767603	0.00918753836049068	0.00778888111155733	0.00648821021070425	0.00638608413152549	0.00570607044135061	0.00468507975879564	0.00549991249061658
72003	55-59	2	0.0100079461980804	0.0110057874607746	0.0106984115491281	0.0113797445479604	0.00851995293992118	0.00825469127066325	0.00796981652385093	0.00717687225170055	0.00646413631209776
72003	60-64	2	0.0168960387664637	0.0159773869032094	0.0166420246317335	0.0161563923395342	0.0139625682523015	0.0106968644889152	0.0125432219287984	0.00907642427915153	0.0122921398230347
72003	65-69	2	0.02419468372909	0.0218214718949742	0.023543620223687	0.0241480149011075	0.0206555383544078	0.0205239076250182	0.0172072884572912	0.0143964978332997	0.0184343521264435
72003	70-74	2	0.0403813497726067	0.0349442807144142	0.0322712390108612	0.0366220580841951	0.0329320376786088	0.0268346338337476	0.0245277881970582	0.0232060866144753	0.0212547015439319
72003	75-79	2	0.0480266413128375	0.0541476426183918	0.0494674808873842	0.055540497844094	0.0478517065994426	0.039032458347062	0.0415952382261685	0.0309591589466485	0.038812353110976
72003	80-84	2	0.0786897905636779	0.0883561954194802	0.0859267006331058	0.0788900973824991	0.065937066262439	0.0661553652244906	0.0661792637801817	0.0551240543498632	0.0587482180080092
72003	85+	2	0.159774231800077	0.161784297760061	0.170015930946364	0.145782741786833	0.162842648721916	0.163769107231377	0.132724627033178	0.117519462062845	0.113196101783426
72005	0-4	2	0.0042640354056227	0.00328066770327255	0.00341782893547066	0.00265417413678837	0.00217438342344353	0.00218410587988526	0.00197312102502648	0.00156107998478653	0.001846699115058
72005	5-9	2	0.000194822293330481	0.000186614985365468	0.000186975813257665	0.000187740580288988	0.000167692800856447	0.000149460947661333	0.000139348889860595	0.000126214345220626	0.000133651855270778
72005	10-14	2	0.000295724130988688	0.000283705096969103	0.000302767171667169	0.000276138805460801	0.000223323387551565	0.000216463701401374	0.000193831563706586	0.000183633275302858	0.000186210607200371
72005	15-19	2	0.00105251047848947	0.00107783678442346	0.00126292671816406	0.00127058470279805	0.00103958838649543	0.000967123240639175	0.000798693132883791	0.00075954987616368	0.000823394846709405
72005	20-24	2	0.0022993560427496	0.00216257799642392	0.00224370948322837	0.00237709963673148	0.00182767476006756	0.00173804009762929	0.00177670315434113	0.00160130432315653	0.00157528846425363
72005	25-29	2	0.00286004938318154	0.00332546821399356	0.00285295919385165	0.0028446337100704	0.0020696164153865	0.00245465074394368	0.0019169377031179	0.00182473392069851	0.00204658117014895
72005	30-34	2	0.00306248684465202	0.00326893702059694	0.00334833331311925	0.0037606090163117	0.0024249280045153	0.00232429132586887	0.002214273792952	0.00233877060537353	0.00297009697332351
72005	35-39	2	0.00359946926032226	0.00463980190439013	0.00461008541756903	0.00433707487722054	0.00347984398388367	0.00339124715591589	0.00292071800881852	0.00287674364754876	0.00298622681421825
72005	40-44	2	0.00496099572296288	0.00572543255308438	0.00490338060363405	0.00566394765350627	0.00376796592622672	0.00445092355148867	0.00341184222941563	0.00309998932306122	0.00413293268798456
72005	45-49	2	0.00637331955672716	0.00647006395950824	0.00662425526273423	0.00684017602608348	0.00547126258636778	0.00553982906361873	0.00473590244461322	0.00421431571317321	0.00485638049155228
72005	50-54	2	0.00833036894456695	0.00848560300165967	0.00854601914480251	0.00866784948037828	0.00752602362557805	0.00748141740350091	0.00692774318107434	0.0064252411637386	0.00734258495333779
72005	55-59	2	0.0125517251418467	0.0135317684544883	0.0129840539922254	0.0126930388079271	0.0116162633702392	0.00982878567276009	0.00939797470234191	0.0113072522504588	0.00888639937912978
72005	60-64	2	0.017752725960022	0.0184569999704073	0.0207698373530345	0.0177213108663334	0.016332731879089	0.0156019503948131	0.014371097896592	0.01313472417162	0.0124123089207518
72005	65-69	2	0.0269984169806952	0.0266489201553571	0.0263089335251213	0.0274014577722969	0.0235889962729206	0.0201754740276975	0.0206285863423236	0.0201640182912973	0.0170033863593709
72005	70-74	2	0.0428820552194607	0.0397410745438275	0.0417033958900645	0.0369245503641805	0.0346588930409397	0.0318021994625701	0.027145493850623	0.0274799319220302	0.0244393680643499
72005	75-79	2	0.0547811529034222	0.0584187342016349	0.0544221152234195	0.061232400085739	0.0535252641716355	0.0501681561221935	0.0449880711006041	0.0357898794670698	0.0363086774018304
72005	80-84	2	0.0842803991181191	0.0890382557256246	0.0893458744151762	0.0966479029778529	0.0913012632961376	0.0747754537535993	0.0700594611475533	0.0577038024272428	0.0622708890672675
72005	85+	2	0.187309217702975	0.159028039609243	0.150213044758704	0.160510847587168	0.164922034893898	0.172436262936502	0.137715788394696	0.116658088419761	0.123119516531054
72007	0-4	2	0.0033865906011449	0.00300633019135193	0.0027992479757682	0.00278604654705511	0.00238071820102511	0.00235286752705774	0.00203025772334644	0.00187012539479538	0.001923380644892
72007	5-9	2	0.000180335471861355	0.00019090444197522	0.000190510321065351	0.000178574006738108	0.000156917084839359	0.000148608484471146	0.000134863290395548	0.000124779618656231	0.000124723686166539
72007	10-14	2	0.000274506338411097	0.000266042657317407	0.000265352199355386	0.000271539823483041	0.000229148195168485	0.000216944672909104	0.000188854999447692	0.000174892722281418	0.000178879224009331
72007	15-19	2	0.00108365103556437	0.00112790496133958	0.00110817400991897	0.00119125471435835	0.000989721658171966	0.000893393767605051	0.000871633395579002	0.000739499300335629	0.000778035503005281
72007	20-24	2	0.00213515265990598	0.00216635269718051	0.00238328018175759	0.00229074639812931	0.00223169002625668	0.00190241116274657	0.00184105596207301	0.00185921145201783	0.00173333579196505
72007	25-29	2	0.00260775196365631	0.00293656676832454	0.0027477638829352	0.00281086054880165	0.0025028511692436	0.00241475073863587	0.00261472667967475	0.00198614247066178	0.00184270434080081
72007	30-34	2	0.00313006185157027	0.00312075105631425	0.00359072650796741	0.00371135500592817	0.00245757421339925	0.00285610757184359	0.00253086561287811	0.00237409719094096	0.00231983702911761
72007	35-39	2	0.00370867823084794	0.00356203603482728	0.00417914460597042	0.0040241806955506	0.00315977647612994	0.00310633968396229	0.00287539377757592	0.0028475235052643	0.00278861386342048
72007	40-44	2	0.00445738499181287	0.00450436423773785	0.00444880858623241	0.00443149389549398	0.00401073846011194	0.00391190405817537	0.00340923783977001	0.00362733268263126	0.00296766362261728
72007	45-49	2	0.00599754273207061	0.00617147572679917	0.0063157200601894	0.00555236373159878	0.00531738750824856	0.00534788696494698	0.00462743976806131	0.00395521627366671	0.00417022289270372
72007	50-54	2	0.00913156984491183	0.00970873518227091	0.00793744899656438	0.00933572405958611	0.00638583210695374	0.00736222286355062	0.00673818074291048	0.00549281227705268	0.00588908460778504
72007	55-59	2	0.0126078969900569	0.0125588022993271	0.0129972282224684	0.0105534307070367	0.010549188218246	0.00957293760265168	0.00811418712562581	0.00876166539608534	0.00931238114193663
72007	60-64	2	0.0152731651621223	0.0173106188874705	0.0155355604832771	0.0161737547159655	0.0142857219829204	0.013219756114038	0.0121207911125046	0.0108098566962859	0.0128285722078796
72007	65-69	2	0.0284264180400658	0.0244006561441675	0.0261350879863149	0.0214823728129021	0.022914840223376	0.0213147438200039	0.0144276798965764	0.0178039122310671	0.0148347941725595
72007	70-74	2	0.0402597199743482	0.0395062266502617	0.0450855588067315	0.0369796905444139	0.0271840751662403	0.0244172317054956	0.0237708049017236	0.023208259399918	0.0225009285219618
72007	75-79	2	0.0575353511325042	0.054447265216368	0.0506200500208158	0.0551411937955957	0.0488444502143695	0.0430036861850782	0.0343313991548264	0.0308766672237856	0.0363500242245155
72007	80-84	2	0.0819446881717106	0.0796062117859341	0.080742764338691	0.091719853045804	0.0776182791625922	0.0727196931870954	0.0589791832352716	0.0601175974398023	0.0546163934253927
72007	85+	2	0.182299687890534	0.179830620957027	0.140646315662832	0.144461408995038	0.137661270319239	0.148886722859666	0.130516184031264	0.118437270358961	0.116751306035771
72009	0-4	2	0.00327661021505958	0.00351368387560167	0.00289015557802599	0.00296622172508318	0.00254671929794861	0.00244023711998715	0.00238651264795754	0.00197023569228582	0.00170266664183786
72009	5-9	2	0.000191355071189633	0.000178733036128009	0.000184986133070664	0.000190303154768652	0.000153227248351815	0.000144879646658651	0.000133872607285704	0.000121176086082457	0.000124566432857231
72009	10-14	2	0.000260918816611453	0.000266348895742504	0.000264157684676816	0.000254062137365646	0.000248297256177818	0.000207043429432094	0.00020023796058077	0.000173694972865717	0.000174799669703921
72009	15-19	2	0.00108232931428726	0.00114767892438624	0.00116365010075789	0.00110487897399205	0.000950331633534782	0.000945138348290694	0.000961284498655672	0.000770076308112893	0.000761685783357308
72009	20-24	2	0.00214283227669434	0.00216313500401523	0.00222359846665437	0.00232753119619605	0.00189060433914335	0.00179364264133817	0.00185484291435583	0.00182030450256131	0.00149100144253425
72009	25-29	2	0.00262038914255472	0.00268370448026681	0.00282416069941808	0.00257967621737059	0.00228885895386188	0.00238241325377011	0.00222249465815006	0.00204581488704878	0.00192837780239933
72009	30-34	2	0.00292467632269447	0.00315868026829993	0.00335579166755495	0.00308268146011104	0.002799420547312	0.00258920964115446	0.00267376659903425	0.00232519563417855	0.00213628925651128
72009	35-39	2	0.00372089110770279	0.00390545775965365	0.00463070805269868	0.00356092415826057	0.00316212662989236	0.00306337151329063	0.00277910066635858	0.00250297344520012	0.00283088401052102
72009	40-44	2	0.00411599603110391	0.00448739303477548	0.00452643984911914	0.00503967980047763	0.00378628012737568	0.00408153380573623	0.00328557809625281	0.00330569829149679	0.00323497990719674
72009	45-49	2	0.00617670201094435	0.00536771024003059	0.00575955039388126	0.0061053926171621	0.00467772529897184	0.00471226697566704	0.00501505183737201	0.00380735640867489	0.00409697683895635
72009	50-54	2	0.00984166516102884	0.00980784575109929	0.00879752446930976	0.00835981836872738	0.00643871224544353	0.00648117706728327	0.00635953755374091	0.00675182167221348	0.00549416318964943
72009	55-59	2	0.0129816099109393	0.0118620331825531	0.010280121682577	0.011233870606305	0.0120881007994624	0.00978379570953323	0.00808676172867048	0.00794274217980595	0.00870604714852081
72009	60-64	2	0.0184063542463311	0.0194843291908695	0.0160713735576905	0.0176072425358801	0.0132572615537594	0.0142495935584851	0.0127966127730214	0.0110295250894762	0.00943822215943347
72009	65-69	2	0.0274895638744848	0.0236747976155678	0.0239817443907828	0.0255474138986135	0.0209520920414015	0.0205967710074542	0.0179712409921759	0.0157173037749634	0.0166867438440457
72009	70-74	2	0.0387027940469884	0.0401585590066475	0.0357610871733408	0.0421339183789015	0.0353336747055886	0.0279482936340606	0.0255731225220172	0.0213990490752552	0.020245688028181
72009	75-79	2	0.0504311413393139	0.057802937683254	0.0530555271699403	0.049191244207243	0.0449707685737503	0.0426887312957171	0.0461738383034095	0.0340939032847852	0.0288625688413823
72009	80-84	2	0.0856558166349603	0.0861376224810252	0.0816362393893017	0.0802949210089408	0.0809778524499508	0.0763486119654354	0.066792301268256	0.0635595251741979	0.0516810900183524
72009	85+	2	0.161858818533659	0.170384227958516	0.148905802180814	0.189538911342367	0.151798648863804	0.147092909611403	0.148441247091869	0.110790868755722	0.0928256833621018
72011	0-4	2	0.0035712492349864	0.00316483271323083	0.00324425660419621	0.00269802496859211	0.00236470501598918	0.00210032199824093	0.00213996106554595	0.00173351396689417	0.00190142147732596
72011	5-9	2	0.000177792461401156	0.000178455236309264	0.00020163518230208	0.000186277324034545	0.000156276155474567	0.000142475951982218	0.000131460483418536	0.000121161651374087	0.00012675127476332
72011	10-14	2	0.000253241339226359	0.000270868929048383	0.000274974784377019	0.000254592221410801	0.000223265587040471	0.00020349710260379	0.000192253612520867	0.000173749972889884	0.000177963604337006
72011	15-19	2	0.00104261308029013	0.00106730316802612	0.00121375051363056	0.00106903186400087	0.000896778122078548	0.000891169067099854	0.000846410236736594	0.000763982888435354	0.000774411092882468
72011	20-24	2	0.00222307425970876	0.00221499807462665	0.00218060838359001	0.00212514467387074	0.00206537271400574	0.00194656517491629	0.00173004326879131	0.00148056059736083	0.00149767536050684
72011	25-29	2	0.00258147788711837	0.00277646009143868	0.00317721617637586	0.00242392543288743	0.00237820806516336	0.00223809284532376	0.00192557383091089	0.00185363549487708	0.00181692278281188
72011	30-34	2	0.00275024570762237	0.00352740245924291	0.00362341648153178	0.00318145362668881	0.00271222398847976	0.0023268243499029	0.00212056132469401	0.00218358230804276	0.00221629551602789
72011	35-39	2	0.00351838219723216	0.00349370655542086	0.0040176458016283	0.0045441536484164	0.00294824767127239	0.00294723801107236	0.0024262501570471	0.00291160822748982	0.00253291076475565
72011	40-44	2	0.00461445452413273	0.00477737338933805	0.00500333873706982	0.00500789169215368	0.00375375305500254	0.00348848142003265	0.00330621010595283	0.00303029366153951	0.00356601154102981
72011	45-49	2	0.00589194258100373	0.00618344074558556	0.0071351778085771	0.00559818679796539	0.00534414600496227	0.00528400817858414	0.00414045033007913	0.00366680097705848	0.00376333112625369
72011	50-54	2	0.0076427151755211	0.00714847604114508	0.0082298920112071	0.00867662407090775	0.00732020094923062	0.00560622762029662	0.00715312830581236	0.00644226196322904	0.00639853686008352
72011	55-59	2	0.0113964767106714	0.0134359406890331	0.0127495855646439	0.0113201783525591	0.0105779066205867	0.00974744473877291	0.00867131397827383	0.00817271269652105	0.00835080763748273
72011	60-64	2	0.0179226214995998	0.0178921089170685	0.0193401688882349	0.01622118622887	0.0145791985853301	0.0132655787121337	0.0121263083169151	0.0133966159157839	0.0110113943800015
72011	65-69	2	0.0255717127573233	0.0266580867114871	0.0250901067704398	0.0262267742777691	0.0205560013626421	0.0173882349544084	0.0179398385278077	0.0161897139467612	0.0162676023161696
72011	70-74	2	0.0389207411866502	0.0364578202794751	0.0368940354727282	0.0401874834975486	0.0320635761477685	0.0251394957412801	0.0276132524437872	0.0223031518711367	0.0238199776638851
72011	75-79	2	0.057637321350899	0.0550580951795783	0.0573356891725098	0.0602385662778872	0.0483013278130502	0.0418213938091152	0.0370095777754262	0.0347645078634305	0.0381110878083723
72011	80-84	2	0.0881549519723445	0.096580698229233	0.0950068083177747	0.0935596345148541	0.0796975344557241	0.075069203319232	0.0765565395748128	0.0652095213316474	0.0549893447897292
72011	85+	2	0.145901249163323	0.170062803854599	0.171344999922536	0.154928563683619	0.140402510474577	0.148947622714615	0.127681982304586	0.125688007674669	0.128299667127296
72013	0-4	2	0.00346814030873683	0.00473034920857816	0.00348110712856909	0.0029575042907136	0.00239577842727182	0.00233087670276374	0.00209284293734206	0.00186227115494729	0.00188252361802055
72013	5-9	2	0.000197267203178444	0.000190546179180592	0.000211112339303066	0.000179911630551779	0.000160083885483937	0.000156333101364059	0.000146916346599948	0.000129810121869902	0.000128305989948447
72013	10-14	2	0.000287528030244944	0.000319311837511788	0.00027472196448598	0.000282396558165357	0.000233513288081395	0.000219077578822149	0.000197538227597277	0.000175790475227779	0.000181774352449231
72013	15-19	2	0.00114014161636068	0.00111169209226977	0.00104338780880245	0.00130902352078329	0.000919706202557946	0.000942070377454784	0.000877861485323147	0.000739011548952096	0.000766682621646045
72013	20-24	2	0.00217817727586222	0.00227437914163012	0.00210512335023001	0.00230176134750839	0.0016048041976002	0.00180607228111299	0.00191009432964942	0.00164181765649249	0.00159438385306858
72013	25-29	2	0.00231675354773362	0.00265051597162359	0.00255447790320522	0.0029963259386908	0.00205795316277434	0.00248436439295569	0.00202499529397705	0.00204401009114063	0.00239021231191707
72013	30-34	2	0.00323354153009497	0.00285554261099365	0.00404034033224076	0.00362987854264752	0.00254202589731366	0.00243119837330375	0.00246649467121911	0.00283486520586771	0.0023778069792596
72013	35-39	2	0.00415118788672086	0.00408850728347998	0.00429666933867907	0.00416579061572421	0.00317786770759197	0.00314325893422816	0.00246674848442954	0.00259751481791825	0.00250641901746124
72013	40-44	2	0.00446087319893689	0.00510479995516401	0.00501633365728765	0.00503147350394079	0.00352966079835747	0.00369040244551576	0.00368940053734043	0.0030498391928336	0.00324658299284471
72013	45-49	2	0.0061481227518373	0.0056278220848339	0.0073982416559061	0.00680407633153638	0.0052514573534678	0.00501341785915049	0.00403766024987027	0.00395169723009173	0.00432393240672351
72013	50-54	2	0.0097013606573769	0.00831987046632406	0.00880934708872019	0.00975064737813706	0.00787506470529242	0.00782678501273559	0.00606033952784999	0.00574517510441953	0.00597417150609253
72013	55-59	2	0.0128905793657442	0.0143176395290742	0.0116812208654045	0.0120112114557194	0.0115876586385686	0.0113257337520632	0.00993616533794444	0.00833512045763766	0.00828474031469414
72013	60-64	2	0.0179606503672526	0.0195247150791521	0.0194660379294971	0.020006684936699	0.0176751084612226	0.0156361051896562	0.0134802899280641	0.0117261994802342	0.0132447372564628
72013	65-69	2	0.0282013270510313	0.0283073357844145	0.0284415481093567	0.0266432805267298	0.0254189189682306	0.0221613146682684	0.0193119528105347	0.018829569735613	0.0177164275956071
72013	70-74	2	0.0443611062429895	0.0424237836902371	0.0441753017026531	0.0427898080669798	0.0355046388286706	0.03351065245962	0.0298993938072836	0.0239935364534902	0.0270434878958579
72013	75-79	2	0.0557839591564051	0.0626907052135383	0.0580338419926157	0.0642911498054233	0.0564660181861302	0.0510882637279094	0.0444552178873863	0.0359671835564286	0.0415068703152875
72013	80-84	2	0.0960530494401458	0.0858255976965114	0.0877682988436091	0.0932935678644373	0.0842933098359555	0.076193840001948	0.0721499069067473	0.0636531917710355	0.0571300011037245
72013	85+	2	0.171786077698238	0.172195988212995	0.16426769890381	0.152738339327901	0.150371321627475	0.140543145572985	0.151862239093609	0.130201175191125	0.126584975469901
72015	0-4	2	0.00386056913992457	0.00344148446422731	0.00339191837491123	0.0031694310638704	0.0024632172244301	0.00227597848655768	0.00225969829314791	0.00221707737079471	0.00215498711427651
72015	5-9	2	0.000200985171591303	0.000217977431945735	0.000204782595199785	0.000210271330033929	0.000172226632210968	0.000162042480330682	0.000152205857751614	0.000135386530735119	0.000138492235705612
72015	10-14	2	0.000293262455979579	0.000310888328815638	0.000311593788097293	0.000287848611280634	0.000252034069232082	0.000232309950402051	0.000218304212982353	0.000198609009822476	0.000198981968937655
72015	15-19	2	0.00122488885158506	0.00128581808345299	0.00131019275520553	0.00139629612190144	0.00108370323630718	0.0010705506477143	0.00094391177623875	0.000836251508085084	0.000860541532437827
72015	20-24	2	0.00248280438930406	0.00236878910425341	0.00259163678681372	0.00263557622899212	0.00224687553302182	0.00219226808030369	0.00203883641243865	0.00187011699679704	0.00167568118918003
72015	25-29	2	0.0028586019246815	0.00311869398557548	0.00311902342211028	0.00354396727139959	0.00272760347747996	0.00256901472504843	0.0023890586551982	0.00247864983958296	0.00225625819677249
72015	30-34	2	0.00334938115893704	0.00333446646974869	0.00358956651026663	0.00373166530024323	0.00326634462599835	0.00315262451696079	0.00273978883878511	0.00249404919914977	0.00239216012111228
72015	35-39	2	0.0041944391219891	0.00421375776206786	0.0048661648467981	0.00421462823384416	0.0037032705177185	0.00349905821206729	0.00314652904046056	0.00304917529638147	0.00300125029314858
72015	40-44	2	0.00478279155470543	0.00527410676017531	0.00535186853071991	0.00511902501358202	0.00466604554973111	0.00419350423330671	0.00393247746371452	0.00383768600173537	0.0040024036123379
72015	45-49	2	0.00696849261877198	0.0069081933990334	0.00674270379202377	0.0068978782018064	0.00579102237622734	0.00548626822171593	0.00508706992161127	0.00417067662485474	0.00544311292489401
72015	50-54	2	0.010683268079625	0.00960896392771556	0.00962599288787085	0.00921946302287681	0.00773089990092672	0.00815306131174202	0.00680340418314532	0.0058707294014608	0.00574503199242301
72015	55-59	2	0.012891204272617	0.0130955846570211	0.0139466181717074	0.012916806577552	0.0106696480034485	0.0117627067300081	0.0101858623703986	0.00859847672791218	0.00965502149680878
72015	60-64	2	0.0217092952286623	0.0199697832229743	0.019449591582197	0.0192099785619165	0.01769223548186	0.0155367391615672	0.0135386729902277	0.0114388320997935	0.0136609261770077
72015	65-69	2	0.0291744044913777	0.0326227279866011	0.0302865568752284	0.0274872133467262	0.0233078026882804	0.0224670954628312	0.0201784805313796	0.0182858259529623	0.0167059365905128
72015	70-74	2	0.0448893447361177	0.0468521149892088	0.0383730556046192	0.0418079438044724	0.0360129516343212	0.0298988350169564	0.0335178744903892	0.0224625717099312	0.0254513985779709
72015	75-79	2	0.0584404948833087	0.0605125979560998	0.0646834985868789	0.0601926594506404	0.053130925221718	0.0454744679730459	0.0483939033390781	0.0443580778973151	0.0402767040251432
72015	80-84	2	0.0967045588766823	0.108654287156267	0.0986667819308761	0.109953113477721	0.0908692092858817	0.0834043803913965	0.0722108381785011	0.0626056373513061	0.0548540140506865
72015	85+	2	0.181207676552315	0.146385906762732	0.153160601178934	0.1815743225497	0.153940319376968	0.153826240679849	0.16374074147134	0.134177733986218	0.12396315407234
72017	0-4	2	0.0036058738989171	0.00300323689621318	0.00274302547788485	0.00291395729735133	0.0022967517562005	0.00212931079448838	0.00229370349056351	0.00187134657089193	0.00198712771265239
72017	5-9	2	0.000192569539093592	0.000192538748588479	0.000194442324231179	0.000192430049722564	0.000163358400185202	0.00015278839230735	0.000143362475906225	0.000127859230736272	0.000132696855108402
72017	10-14	2	0.000286646907641056	0.000281073888471512	0.000284216518184032	0.000300178462148958	0.000234076125716468	0.000223486715359331	0.00020506189760034	0.000187343307527733	0.000190385592103544
72017	15-19	2	0.00119359931112868	0.00118735630773237	0.0011978441906161	0.00131561237299477	0.00107424731854614	0.00104891601657375	0.000877286898642817	0.000822018714822166	0.000842963724983621
72017	20-24	2	0.00250761590396421	0.00241299445781518	0.00233191715158535	0.00269534182125747	0.00195207847224434	0.00210818389649442	0.00187294978856752	0.00162648660314477	0.00176743754070043
72017	25-29	2	0.00293556153302416	0.00296509074346366	0.00295372109877238	0.00288059593758739	0.00237796761861726	0.00246764982892764	0.00236714905621621	0.00203917988954417	0.00236354174464876
72017	30-34	2	0.00320186235667583	0.00344328614859443	0.0033792048272307	0.00408594091813787	0.00278099238166621	0.00265737002326398	0.00261600330179732	0.00217501358601991	0.00262385895006905
72017	35-39	2	0.00422321613200972	0.00433100372720387	0.00512691668628549	0.00479796832038894	0.00370915180076467	0.00288038172829819	0.00270063395939927	0.00249904290925984	0.00281152057924939
72017	40-44	2	0.00488338441349162	0.0053793364988572	0.00550501589783805	0.00492383898319921	0.00427943606095136	0.00393192919927523	0.00341553917644911	0.00319336226372832	0.00338003486941391
72017	45-49	2	0.00655800423878256	0.00603936736959103	0.00632078251985452	0.00754599080411922	0.00555787853674531	0.00464976000903115	0.00509347339319264	0.00424209156613179	0.00395563011923053
72017	50-54	2	0.00990567845906018	0.00811512391823639	0.00877506911031958	0.0101568533235505	0.0081267478728894	0.00806109821949082	0.00610363527774268	0.0054270746743228	0.00596800432277596
72017	55-59	2	0.0137246979032006	0.0121429523017001	0.0124101164920994	0.0126943088849053	0.011104748459487	0.0107410533854341	0.00973143502005567	0.00822004833732281	0.00745624409741011
72017	60-64	2	0.0201325572290164	0.0184805475234642	0.0190082501358234	0.023339822636081	0.0173481800633047	0.0149042120422018	0.0127503532898076	0.0132759795896002	0.0121352265278712
72017	65-69	2	0.030720827932196	0.0226592371479213	0.0256428956103158	0.0222552079446518	0.0217573254965641	0.0220844347780469	0.0182618590633165	0.0172081200654088	0.0193338742402295
72017	70-74	2	0.0336807707495743	0.0387083434948339	0.0410080807871464	0.0403454457967056	0.0339179195793365	0.0324253522212425	0.0267581615648988	0.0277849363615535	0.0267359866665411
72017	75-79	2	0.0632236444864882	0.0549740225508456	0.0593836225358517	0.0580039315056357	0.0516320230110355	0.0413271164769006	0.0422438530927911	0.0364476954418187	0.0462076530511982
72017	80-84	2	0.0874969555871307	0.084515896903188	0.0841953125036354	0.0839890219149577	0.0738845563997286	0.0722139470206407	0.0772510022687538	0.05671797698507	0.069265898722224
72017	85+	2	0.176677330778913	0.160689090549237	0.180800378060983	0.162450699022448	0.17728753796681	0.133508829731599	0.142385082672536	0.145545852265978	0.140175258989056
72019	0-4	2	0.00352684285954312	0.00320434578433515	0.00302650366540038	0.00296015285321214	0.00265968931738053	0.00242472283406514	0.0021041208026737	0.00179222234566197	0.00200630484548893
72019	5-9	2	0.000186208834802575	0.000192740239282801	0.000186528269881462	0.000185794360668469	0.000155136563940625	0.000149241145658862	0.000137693307232046	0.000127262006053205	0.00012793870568042
72019	10-14	2	0.00028174847134203	0.000263102535565329	0.000289376337407928	0.000258652310540581	0.000240261017076394	0.000207920686088853	0.000192483088217254	0.000178368600643497	0.000179365594541513
72019	15-19	2	0.00114841919301401	0.00111789725223091	0.00126777132766352	0.00111169850636676	0.000961257966447144	0.000892656007669172	0.000900340560031445	0.000775707767332452	0.000772726970421757
72019	20-24	2	0.00221427327422851	0.00218084345327278	0.00226474202866481	0.00229418633092014	0.00201485007483955	0.00202349798213663	0.00171022522048133	0.00155723014596066	0.00156650948185866
72019	25-29	2	0.00266571575522876	0.00260585198782152	0.0029370713652112	0.0027224967586941	0.00230847726675868	0.00239493117697058	0.00219494779641975	0.00181520426110139	0.00197487049942852
72019	30-34	2	0.00296573781707682	0.00347167478848185	0.00364175958514565	0.00308427822825454	0.00277717465543424	0.00266433716412137	0.00246978148820655	0.00231317739111387	0.00258199776284098
72019	35-39	2	0.00365902221712737	0.00381179115219965	0.00427780945431885	0.00404180290444936	0.0035224247020351	0.00304473029758853	0.00282712884798815	0.00236675739876133	0.00273006098526799
72019	40-44	2	0.00442033839625097	0.00413034296985718	0.00500800063907966	0.00505830412351008	0.00437955053323791	0.00351571056604146	0.00332151103483399	0.00310015710671381	0.00307193818122545
72019	45-49	2	0.00600203555451674	0.00641182319433592	0.00715706897087137	0.00607016786394688	0.00501327255218846	0.00538799863881129	0.00494046562706889	0.00413175659626042	0.00397490733005561
72019	50-54	2	0.0102815129188933	0.00948634963138255	0.00896374416795295	0.00754399634715505	0.00732372466769594	0.00652605389824758	0.00672427661619829	0.0057119728709666	0.00596502642912929
72019	55-59	2	0.0115515245691995	0.0132099448451771	0.0141891388139293	0.0122035296674605	0.0101150040468139	0.00843040858985517	0.00906019298468666	0.00824021065188637	0.00886681525521595
72019	60-64	2	0.0178028665021533	0.0190264705472883	0.0178229239251834	0.0169871836723686	0.0137327391149317	0.0144351805046362	0.012716728812346	0.0108404527297797	0.0116697784630747
72019	65-69	2	0.0256336929354245	0.0249257173527106	0.0248063323762967	0.0283838087191086	0.0184715291266691	0.0211714390507242	0.0186707692863596	0.0163916111928458	0.0161111631961378
72019	70-74	2	0.0362275370639547	0.0373649802957023	0.0387872254438171	0.0404064625936852	0.0344532515629799	0.0291922228851825	0.0278725530061379	0.0233810308377008	0.02258927612234
72019	75-79	2	0.0544229124315135	0.0555191677357603	0.0512056346654289	0.064369576842289	0.0488769252460783	0.0421241453141875	0.0447485835519518	0.0337072931346606	0.0351467170114562
72019	80-84	2	0.107595829540075	0.092167659289817	0.0982968823864865	0.109228075775442	0.0786352996713555	0.07089020137675	0.0650527244768097	0.0607810987378464	0.0575701535325098
72019	85+	2	0.160561497028828	0.163307393279044	0.165078106938502	0.196958820161083	0.150867177962761	0.163420326737813	0.154105561275046	0.119447293250454	0.100546279998371
72021	0-4	2	0.00375524128371706	0.00288039401079427	0.00328372696974097	0.00302294604346502	0.00228705279850406	0.00212903130549576	0.00192198144825443	0.00176557479188237	0.00213951265387402
72021	5-9	2	0.000188951703261677	0.000205330621778594	0.000197683870914481	0.000207137478001776	0.0001682821192794	0.000155735382665141	0.000139550376790772	0.00012599856289441	0.000131440852879973
72021	10-14	2	0.000318221305079242	0.000249708488933513	0.000317492376394016	0.000283262656093601	0.000264549763027393	0.000211853861530761	0.000177215677561854	0.000178647975093791	0.00017908138450853
72021	15-19	2	0.00107111721732954	0.00118230116065124	0.0015735734739238	0.00135836347058949	0.000985460020773812	0.000920115118494239	0.000957011399511165	0.000790766732697931	0.000711860503446251
72021	20-24	2	0.00175273378293055	0.00225174999792583	0.00257365358814585	0.00294722284225595	0.00222358566637047	0.00234508448236782	0.00206197350844725	0.00200108775815742	0.00149437686418373
72021	25-29	2	0.00227645703319395	0.00284377346174042	0.00358115148244537	0.00286609530455742	0.00238857407687931	0.00258696435557599	0.00237026944491094	0.00220487207461617	0.00230545641351798
72021	30-34	2	0.0023443962779338	0.00330316050265883	0.00569919410441428	0.00404425636130712	0.0024416857772536	0.00277962723884464	0.00232656583164894	0.00236453083186771	0.0026757729884337
72021	35-39	2	0.00314382764508178	0.004216321770999	0.00660429918954692	0.00535206408040776	0.0035345276446781	0.00321322372791723	0.00279437217630811	0.00285081101683382	0.00318841520340314
72021	40-44	2	0.00367810832910357	0.00471111548160483	0.00713944832209144	0.00579381976254075	0.00417698311622701	0.00389625174854664	0.00335712168518985	0.00341004073871364	0.00408016863557961
72021	45-49	2	0.00500082150294764	0.00583931113746203	0.00744335928554164	0.00701093786057639	0.00637194475225629	0.00589440341230777	0.00479629604574	0.00412672453374824	0.00514675978675833
72021	50-54	2	0.00822480181144512	0.00856491076105246	0.00785248551227698	0.00903892012246529	0.00836316385726508	0.0076068477741684	0.0060312721365617	0.00642089189017115	0.00656095988934388
72021	55-59	2	0.0111332839275095	0.0109069727197074	0.0113841162572916	0.0112123533037182	0.010895637155547	0.0100871194624505	0.00967286689572487	0.00954450282568063	0.00941834629776092
72021	60-64	2	0.0185212134952027	0.0186256286185125	0.016540029892013	0.0168020386552619	0.01476968606432	0.0146247525904608	0.0141978133116722	0.0119695405261514	0.0134834623345433
72021	65-69	2	0.0258561429318688	0.0256956461369664	0.0253680559778332	0.021446850502738	0.0212117350432398	0.0188929074795454	0.0171004091542259	0.0166387652012408	0.016732337858532
72021	70-74	2	0.0416546833752066	0.0390026561839032	0.0392457068779288	0.0366802146805452	0.0316251057395843	0.0278500244421111	0.0260452686346455	0.0223764634453271	0.0262252149913254
72021	75-79	2	0.0597899215282266	0.0575695712941388	0.0524338608521015	0.0538202650359305	0.0504042444464866	0.0454958951812687	0.0386622130621082	0.0359648522961391	0.037935857252626
72021	80-84	2	0.0974644057990461	0.0915086761455924	0.101400352809918	0.0929013725992042	0.07535820157167	0.0663385809914007	0.0674073870277198	0.0555728729092828	0.0609493938671769
72021	85+	2	0.173429014916374	0.165171525689479	0.152863990929716	0.160334796777488	0.160847560957619	0.150495915080535	0.131006959635	0.123585225954644	0.119845687860313
72023	0-4	2	0.00330129644796458	0.00301323541258997	0.00264637764679981	0.0028592964534277	0.00257483066135814	0.00218484499787569	0.00228760856807311	0.0014502451223464	0.0016521230646547
72023	5-9	2	0.000166691155371426	0.000166081310739448	0.000173697385893434	0.000169909294772318	0.000145907042014751	0.000133210915367865	0.000132068266764182	0.000114594293305362	0.000115158425875536
72023	10-14	2	0.000236906637582767	0.000251384335315221	0.00024683918106433	0.000252578979478277	0.000203751606818318	0.000193558370869917	0.000184057203383002	0.000160180782356759	0.000167947460837808
72023	15-19	2	0.00106668854290585	0.00105257864734123	0.00107015102525211	0.00111456940395313	0.00090975439139129	0.000818128290588266	0.000735701018837628	0.000706959819971691	0.000731623176123163
72023	20-24	2	0.00200212375948432	0.00205725213879856	0.00199122156003542	0.00199844757426822	0.00163741238291666	0.00162236861224125	0.00155746327580564	0.00149110666281413	0.00147472176824835
72023	25-29	2	0.00258504277201485	0.00251189263220537	0.00249222410689679	0.00231010319413222	0.00197783371840072	0.00197085493970768	0.00197798061328418	0.00195416801100357	0.00208093428362764
72023	30-34	2	0.00282873620501038	0.00293388062269201	0.00338342871319815	0.00308496680996778	0.00244154666701865	0.00224414627892394	0.00225663682123571	0.00187132454712358	0.00208997434473717
72023	35-39	2	0.00348518494971675	0.00399296913201869	0.00321837714741267	0.00356258161896809	0.00296840746716523	0.0025459006261411	0.00245746086798498	0.0024852858144926	0.00276292531500748
72023	40-44	2	0.00382193083552368	0.00486387654761811	0.00481927288614971	0.00439952568432539	0.00351318983837178	0.00310969855626783	0.00294937917233737	0.00268585257997945	0.00263875277015852
72023	45-49	2	0.00543156516895481	0.0057492868249776	0.0062931485712276	0.00744200704817491	0.00447108510624716	0.00392603868241317	0.00380206154865252	0.00325054510995484	0.00354042151614919
72023	50-54	2	0.00780367642407401	0.00780769520716317	0.00759514915871574	0.00764598860682893	0.00701123638832132	0.00653480983046319	0.00596404194681532	0.00551632706187793	0.00463863190012124
72023	55-59	2	0.0107485068645033	0.0114291692438376	0.0117454133211487	0.00974027861876572	0.0108471943794596	0.00963742294460872	0.0086541393059482	0.00758669875143615	0.00735615611866847
72023	60-64	2	0.0172031331774566	0.017302834136875	0.0169071379037287	0.0148192647412322	0.0143794775689882	0.0141762742065029	0.0113212590316171	0.0102873711015736	0.01134222610573
72023	65-69	2	0.0235393410249252	0.0231647912970087	0.0229806514858952	0.0194419798367559	0.0192301164038699	0.0202601185739193	0.0184543172170475	0.0157541414812302	0.0147060957823725
72023	70-74	2	0.0362113573129456	0.0371880299554	0.0352420238847619	0.0372357117702765	0.0309606059470075	0.0275123356476201	0.0279980425415767	0.0238815171794527	0.0211176576559831
72023	75-79	2	0.0518597327177087	0.0517356415762503	0.0502594955379342	0.0552318446034113	0.0475514272554576	0.0402324080559733	0.0449059214083326	0.0296682619014865	0.0319244847486785
72023	80-84	2	0.0894283572902638	0.0645830158607241	0.0875838091340632	0.0948120728432849	0.0726069187470636	0.074187908944821	0.0662251720561951	0.0512524574248544	0.0541093539554998
72023	85+	2	0.132168495097721	0.143142858876152	0.142453748016711	0.163354920860655	0.16258965647511	0.133389649426881	0.146251967019133	0.136317518445261	0.122568427649913
72025	0-4	2	0.00326742308835319	0.00300004279724529	0.00353512329560962	0.00347072433724706	0.00250403423034127	0.00240077758004536	0.00234066803519089	0.00187096614201399	0.00200346317170254
72025	5-9	2	0.000211699134895002	0.000190436654497445	0.000200236870878972	0.000202842247712591	0.000161319611459638	0.000151559537413019	0.000141112292529935	0.0001287285293919	0.00014046120153148
72025	10-14	2	0.000278860207355737	0.000302216407052169	0.000323031518599886	0.000268489329225747	0.000232663897123588	0.000227163948099749	0.000203711045294068	0.00018391457547205	0.0001923261193967
72025	15-19	2	0.00123765046464373	0.001089599018609	0.00136771825294085	0.00122795066074656	0.00111117924614624	0.000887764915641952	0.00101472707911393	0.000877505943803342	0.000859611856386939
72025	20-24	2	0.00253382217235116	0.00212792340889812	0.0031516795699759	0.00273299346800644	0.0021143932718782	0.00196464727770343	0.00267462974905483	0.0022605836887604	0.001863603196994
72025	25-29	2	0.00273258967513661	0.0030443391543052	0.00377420762432346	0.00372675089944321	0.00290528171323042	0.00235603096344693	0.00283576599373068	0.00232224201181396	0.00258213113739194
72025	30-34	2	0.00291050960361731	0.0036692757970218	0.00523766996609561	0.00443834396349067	0.00279335286396714	0.00297905940033832	0.00317417026919484	0.00251665792736311	0.00214280240534787
72025	35-39	2	0.00301617336727989	0.00491066943919861	0.00591461048048426	0.00554016762286735	0.00381260264935449	0.00297510795795008	0.00316438914209707	0.00287855172027342	0.0026736811322101
72025	40-44	2	0.00402227487106019	0.00486453060655673	0.00632511044550497	0.00592569058900065	0.00431235200352308	0.00419049002634763	0.00354464609288001	0.00313776505530424	0.0037204390264703
72025	45-49	2	0.00657316368527611	0.0062718368197211	0.00795298265389126	0.00802574501151805	0.00560122506575768	0.00479188008756643	0.00500105905272941	0.00376886049565817	0.00453694341540059
72025	50-54	2	0.00889277245952412	0.00897417765725743	0.00878012282281447	0.00851024035061877	0.00765118827807577	0.00713125244136953	0.00701547607611228	0.00613341109438287	0.00672272701598557
72025	55-59	2	0.0114024352844741	0.0122411465076856	0.0125222539852637	0.0119552268930107	0.0114173134794378	0.0106311662633559	0.0100694417790377	0.00876612931518337	0.0100946117523982
72025	60-64	2	0.0193207635867612	0.0175916937969592	0.0201894497665445	0.0169842658188114	0.0166806949721211	0.0141519240901497	0.0141090060149831	0.0106855380122728	0.011737303272521
72025	65-69	2	0.0260879448163843	0.0267631064785509	0.025252772362709	0.0238996840094744	0.0222371045143356	0.0207775516646885	0.0204679759075371	0.0154146565255723	0.0177345708280146
72025	70-74	2	0.0397550074764897	0.0428207405467206	0.0437454636918908	0.0397413953577712	0.0338191781667233	0.0297182307612665	0.0269129314114406	0.0241159819066744	0.0257198391751844
72025	75-79	2	0.0557271503951497	0.0701606067575671	0.0557732371079029	0.0589999328222827	0.0503680682266789	0.046369267082929	0.0397929136807885	0.0354639450040969	0.0382265796334085
72025	80-84	2	0.0904629870536292	0.0979676729695751	0.0961965303670437	0.0939817120717586	0.0791457568012853	0.0687373388199422	0.0715700391782767	0.057822901090635	0.0650401989397066
72025	85+	2	0.153622213922555	0.158151078883435	0.158155500104514	0.168511996563865	0.154926262500207	0.145307884168485	0.149851013974495	0.126139914454369	0.12886142265566
72027	0-4	2	0.00280395338116796	0.00294417204753587	0.00307133806184152	0.0027009930179991	0.00202584681078919	0.0019845403263316	0.00177380201446657	0.00180862194274473	0.00176398208111081
72027	5-9	2	0.000177151966307522	0.000171058071431724	0.000175591752389963	0.000174896599189215	0.000149397289773715	0.000138045795056133	0.000129219637091923	0.000116478021749309	0.00011952822949152
72027	10-14	2	0.000274352274526721	0.000253529817428155	0.000254729140774573	0.000243920579396509	0.000213325063946084	0.000205607576037873	0.000184516011269332	0.000173983614762344	0.000171111033361669
72027	15-19	2	0.00107868234091175	0.00114053745578551	0.00109711372139088	0.00115473407497763	0.000950913398907352	0.000901352175273981	0.000784127704302639	0.00072151434117193	0.000731765795986609
72027	20-24	2	0.00209213452443154	0.00215417427604498	0.00219191518568358	0.00191246085042834	0.00177665191568863	0.00170258807794851	0.00158770312841219	0.00132420224728692	0.00147426381403782
72027	25-29	2	0.00245031446080556	0.0025658047672933	0.00239295811551564	0.00231422279470205	0.00202711248586617	0.00198549239834379	0.00177739440135737	0.00195205407970704	0.00188893920845474
72027	30-34	2	0.00284544521743048	0.0030925579168883	0.00299763318736101	0.00271739326871911	0.00222777375942847	0.00229886334945801	0.00210310150516465	0.00212306903798212	0.00216456537501166
72027	35-39	2	0.00339094222106317	0.00315484050554509	0.0039201697074072	0.00372961714592609	0.00297234181578879	0.00303066983095364	0.00241721040624605	0.00236304634010516	0.00240257875843443
72027	40-44	2	0.00456584702170179	0.00476031547188878	0.00423053888364541	0.00459222421190403	0.00381048494721646	0.00360389945736189	0.00276548590164688	0.00294454295269681	0.003369771037093
72027	45-49	2	0.0058064863737384	0.00516259055692825	0.00672705314253635	0.00577961843278023	0.00514632759760746	0.00474466006753887	0.0040974001154007	0.00363196913988343	0.00389890813510836
72027	50-54	2	0.00766459442364301	0.0091424299845482	0.00729228994182826	0.0093645730716117	0.00699343397572603	0.00641095757043999	0.00556067036453755	0.00536731666661451	0.00520872859096685
72027	55-59	2	0.0126353372320673	0.0119990221777609	0.0121376306433655	0.0116079407107752	0.00989897428180168	0.0080770143592408	0.00895005941516514	0.00827801504857123	0.00758661907309991
72027	60-64	2	0.0194568899435523	0.0171673935500419	0.0170773743444988	0.0174262900737504	0.0137231133601627	0.0126124570952986	0.0129622798977042	0.010452410434132	0.00990263322684078
72027	65-69	2	0.0259522045498333	0.0276979318438902	0.0263017496006389	0.0258339651043534	0.0194280321172846	0.020600706433692	0.0185366105166227	0.0173635842709501	0.0185035828006316
72027	70-74	2	0.0391010987792039	0.0398821404629869	0.0359787451432802	0.0393395402208909	0.031863035116975	0.0281919433730805	0.0280171303069335	0.0229238857542477	0.0231751786502217
72027	75-79	2	0.0559642113681811	0.0464828859135011	0.0567847453749872	0.0501008416383842	0.0482609735640334	0.0446086923087507	0.0461933923720949	0.0337910168408789	0.0368263761460482
72027	80-84	2	0.0858825904647137	0.0764537495446268	0.0899289354223441	0.091740880350109	0.077550600939484	0.0749177962543034	0.0669504841228452	0.0634730644491869	0.0603510505960909
72027	85+	2	0.200501459316014	0.170069342575366	0.173824881492666	0.155349980820904	0.151711346010664	0.14424507588491	0.135132736113813	0.136750030475881	0.140848083803632
72029	0-4	2	0.00321248337146006	0.00346186480076195	0.00367679937944067	0.0031724100902743	0.00231364303563089	0.00285550875557972	0.00260604488051858	0.00212653370820066	0.002183838220072
72029	5-9	2	0.000196269867521908	0.000211547103101448	0.000209333829220707	0.000204024746997469	0.000182304499791969	0.00016432815514044	0.000153494453535481	0.00013763814089038	0.000148393666904058
72029	10-14	2	0.000272711776047277	0.000280593138009755	0.000327757144316671	0.000314398976190166	0.00024839034996679	0.000237743103450751	0.000222439698711976	0.000200327744346183	0.000207074915097929
72029	15-19	2	0.0011853071910716	0.00118606572726948	0.00162755819709996	0.00167218477887963	0.00140717994957298	0.00128892607461806	0.00111097805796918	0.000866286438384524	0.000890286635248103
72029	20-24	2	0.00228818553917585	0.00269584792709846	0.00304230385227627	0.00303388207648685	0.00379362218206766	0.00361800628644616	0.00301460671714761	0.00180941102700491	0.0021933048907302
72029	25-29	2	0.00259744062144832	0.00336160348124604	0.00437694726752187	0.00416387851884176	0.00335125186301927	0.00354409457944528	0.00324574436866758	0.00273398457698772	0.00220732605734467
72029	30-34	2	0.00349267781389834	0.00431644247920152	0.00495704019718827	0.00382114183186893	0.00334504061975363	0.00309230112690842	0.00281913985404169	0.00286287695818415	0.00295444831858203
72029	35-39	2	0.00358596388870488	0.00495048237992367	0.00529198604741345	0.00502837451955061	0.00461197952510783	0.00320431471436337	0.00315905272137237	0.00329639933945122	0.00313032940541956
72029	40-44	2	0.00464426811100347	0.0044261172283003	0.00553136099176332	0.00619927383071415	0.0049816383034063	0.00403232342523578	0.0036678037338885	0.00384197196191281	0.0043097075528713
72029	45-49	2	0.00599237964524249	0.00649741718238415	0.00742344289252492	0.00824744653880168	0.00642885908638363	0.00594090439988826	0.00454683425835409	0.00497608624002808	0.00446954728155684
72029	50-54	2	0.00880761141345784	0.00910072659496299	0.0090429914231587	0.00956094891669684	0.00868566957978423	0.00820567613384448	0.00574893993896136	0.00680221011406435	0.0071173180762045
72029	55-59	2	0.012414228527288	0.0132204183433479	0.0133138959208159	0.0140617449988706	0.0115637416365678	0.0115222653246861	0.00988567493731277	0.0078007063165703	0.00991823187266393
72029	60-64	2	0.0193416175872566	0.0159287464051844	0.020309093932356	0.0179232340705943	0.0156171802754404	0.0153667724911826	0.0132835281301878	0.0136765391822449	0.0123852232831295
72029	65-69	2	0.0255471323169951	0.024429582945035	0.0295473951082156	0.0294694332922921	0.0260994444777567	0.0205547821061128	0.021301250970101	0.0186182634944199	0.0164052842236561
72029	70-74	2	0.0388116030525229	0.0370201057855049	0.0390883176703302	0.0391548873204015	0.0341795285269096	0.0333064073789265	0.0273362342388782	0.0233032172186673	0.0233448044742007
72029	75-79	2	0.0587461201956502	0.0535623462149479	0.0554391229313677	0.0734953665067371	0.0491584414566183	0.0430332048310618	0.0469297133914465	0.0367697750763133	0.0468027771839164
72029	80-84	2	0.0828543031264251	0.086167779754043	0.102205310723163	0.0948566733158145	0.0728623338840741	0.0749908492220572	0.0682014136628228	0.059767714349922	0.0676781481846754
72029	85+	2	0.162684426464874	0.180120538269202	0.180178912004059	0.164628335339412	0.146433909106559	0.135822488992854	0.148524964738264	0.130658758748881	0.134210952003711
72031	0-4	2	0.00355970400692383	0.00322521281450051	0.00336381997432644	0.00255717814257777	0.00207743933528169	0.0019964053788686	0.0021764628870885	0.00170801930001731	0.00177529838583113
72031	5-9	2	0.000193956138484475	0.000184251501407995	0.000190180904310532	0.000189393511912411	0.000157407226315125	0.000150695617057686	0.000138527708326622	0.000124624786442796	0.00012361633755359
72031	10-14	2	0.000275506743131681	0.000270856488393989	0.00030071621293977	0.000321386392333044	0.000239408417861888	0.000211802527961983	0.000180186055825389	0.000170716399070845	0.000183922911906079
72031	15-19	2	0.00137346534391169	0.0012206403808259	0.00173505067738812	0.00155572931345916	0.0011344893196855	0.00106025679316788	0.000948876246879702	0.000671811686504755	0.000755512885174247
72031	20-24	2	0.00200481953551543	0.00210881428537438	0.00278407412883686	0.00351710319888674	0.00284345293324132	0.00238903965187639	0.00247088049963524	0.00196726375727175	0.00171888383303616
72031	25-29	2	0.00271493372251058	0.00333981927592531	0.00392523132322678	0.00320426201201257	0.00293553888907164	0.00273393116182444	0.002760042075863	0.0026273701262538	0.00202685659565968
72031	30-34	2	0.00262654503334576	0.0037683089075616	0.00483312067227961	0.004141388833838	0.00284538014799187	0.0028107925512644	0.00309797252452954	0.00218789892481621	0.00236525315376757
72031	35-39	2	0.00312578676070465	0.00412532423770129	0.00571773197328571	0.0046597590289088	0.00311909035460365	0.00293610719974203	0.0032275788134193	0.00249952698221629	0.00273300756941713
72031	40-44	2	0.00379198168329325	0.00447168842480961	0.00624979970060709	0.00654366187224632	0.00455778762617734	0.0040972538831695	0.00340220802347609	0.00323010986296349	0.00390794066171266
72031	45-49	2	0.00515797156201271	0.00561301052639359	0.00673572199195666	0.00729187682246168	0.00596426592760331	0.0052773392696839	0.00427528771793536	0.00398417546194433	0.00446272741557741
72031	50-54	2	0.00728383307391021	0.00700398597650166	0.00734937162274608	0.00892471097861455	0.00745815609650947	0.00700670795726634	0.00599701685955578	0.00614169370332732	0.00604883465483227
72031	55-59	2	0.00995055701846748	0.0128378255392605	0.0123719269016288	0.0116190802971831	0.00999017385856395	0.0106957851886435	0.0100450513081017	0.00876476368962162	0.0086939203456773
72031	60-64	2	0.0170533960187056	0.0170702569588064	0.0165822547433028	0.0167926898024017	0.014659632187923	0.0144134388713073	0.0127419743319535	0.011773463691029	0.0127624237233619
72031	65-69	2	0.0222416728706847	0.0233497733865986	0.024076940321789	0.0213751394821124	0.0194726123147496	0.019521214053022	0.0172842784338231	0.0159823986678531	0.0157261540890128
72031	70-74	2	0.038086634919342	0.0395595631050118	0.0398272396371346	0.0348866815529578	0.0297863432058924	0.0275138315438481	0.0248267709325929	0.022848951055559	0.0220133494802256
72031	75-79	2	0.0552266429681904	0.0530064049533613	0.0530511244512847	0.0561554657042463	0.0448535181356201	0.0434990834706955	0.0390985032648937	0.0340833103489264	0.0325850485177036
72031	80-84	2	0.0889397852860737	0.101646709606424	0.0891516585028404	0.0862358655017942	0.0755469470088576	0.0688499337486832	0.0627715683216521	0.0522184439523602	0.0516738955090331
72031	85+	2	0.156185910177957	0.163049284165829	0.141949627042628	0.13700352027247	0.132564770199508	0.147256212472995	0.134868279778325	0.114236450085758	0.109267343292733
72033	0-4	2	0.00486372190191478	0.00384107459882736	0.0038285581254056	0.00383163076768745	0.00305003312918166	0.00295526727056553	0.00311598331187795	0.00255641995938096	0.00263564184087511
72033	5-9	2	0.000258550168379693	0.000254290103237402	0.000259034782323622	0.000257194885503128	0.000209506451753688	0.000198222267865384	0.000183900537365215	0.000165105230036302	0.000170628347961374
72033	10-14	2	0.000373031704113851	0.000367946507523361	0.000359705911290484	0.000349051446542222	0.000316691028998266	0.000307069610024161	0.000262465614989945	0.000236618616454099	0.000249841431729676
72033	15-19	2	0.0017032717172864	0.00201616244605344	0.00250338810642115	0.00181805761268679	0.00160497937753825	0.00152171052057227	0.00127442468056003	0.00102636732441246	0.00112177967510415
72033	20-24	2	0.00318979494002369	0.00365436287989926	0.00424386978388431	0.00445061201542008	0.00357370138982341	0.00283704320261868	0.00280434867019767	0.00227732916065713	0.00242053162321704
72033	25-29	2	0.00435863018034611	0.00465651384444217	0.00606304403925016	0.00469078694550827	0.00385628696393304	0.00412931425253867	0.00298767589984151	0.00285152776639555	0.00297129853603878
72033	30-34	2	0.00506816479784715	0.00573703865395314	0.00695472168473552	0.00651478400406246	0.00449222162686776	0.00358189421931442	0.00309673605367068	0.00342900828554758	0.003066438712121
72033	35-39	2	0.00478972317599967	0.0056627528603798	0.00814979383530747	0.00686505891166526	0.00474942723301353	0.00466056425529539	0.00371491858915935	0.00404265719218516	0.00381665398756001
72033	40-44	2	0.00636628405435581	0.00606371769053262	0.00854123360762766	0.00781585903288562	0.00531359432113594	0.0058915732959544	0.00491609907375297	0.00497838136682254	0.00458006279951886
72033	45-49	2	0.0088610732293325	0.00903364171391868	0.009191875325533	0.00928587994665018	0.00784820814315414	0.00687643313887864	0.00603777675206821	0.00545504963620835	0.00741349241664834
72033	50-54	2	0.0149317980329584	0.0126116626758307	0.0129323570634658	0.0121586475533597	0.0101458960401013	0.00885811748120589	0.00908321682394232	0.00750575964715055	0.0080374978662163
72033	55-59	2	0.0189044158555802	0.0172727521330936	0.0152623790912417	0.0162477799914897	0.0142361669652706	0.0124692794568383	0.0124865567274558	0.0101543104036413	0.0123081560526569
72033	60-64	2	0.0242125854496638	0.0280308907597588	0.0274603214774826	0.0238931660307143	0.019304848722087	0.017075635842557	0.015426076944658	0.0144084865581546	0.0164068699021282
72033	65-69	2	0.0376969159947107	0.0345546083186298	0.029151194158073	0.0291300053418716	0.0255116758575386	0.0243796640423222	0.0213248580539344	0.0188800679740063	0.0214002365585597
72033	70-74	2	0.0549388866070588	0.0493228426373363	0.0491992651069725	0.0543014325838878	0.032805717271317	0.0395994643878257	0.0326853857265383	0.0279746835565776	0.032597849016956
72033	75-79	2	0.0688705025638273	0.0639733747296442	0.0711761682602829	0.0606100295414423	0.0570459691349419	0.0590401887109695	0.0502824889637879	0.0448734169808012	0.0441570401890245
72033	80-84	2	0.138075348658264	0.11065246844995	0.10371673884106	0.105068650841138	0.0985258616447026	0.0812171608716499	0.0642532498167799	0.0653353029926395	0.0586887710918394
72033	85+	2	0.194706131867232	0.181548589387102	0.181807116444823	0.178991736106073	0.145667274020648	0.160161224832237	0.143687000580064	0.124046946970957	0.103896662910746
72035	0-4	2	0.00409027368338062	0.00331094774494451	0.00337037904441185	0.00283151186220527	0.0024481656839491	0.00250452575594738	0.00193976904855795	0.00205876757751116	0.00189324675583817
72035	5-9	2	0.000185593817459917	0.000200174026791751	0.000197058471208092	0.000200097395650579	0.000167262428284745	0.000151483192322521	0.000139919309526823	0.000126281367545259	0.000129370453984233
72035	10-14	2	0.000266887073661443	0.000299760180002835	0.000289862270058365	0.00028326890135623	0.000242703069297198	0.000229334477452377	0.000203136629282221	0.00018384040273046	0.000184925724417999
72035	15-19	2	0.00114382825809334	0.00138498467432177	0.00145137303577109	0.00152401286581071	0.00104179400442638	0.000939531070556566	0.00112650103788008	0.00079164794348213	0.000824687101408794
72035	20-24	2	0.0020872755555035	0.00218691997737311	0.0027104764423683	0.00277532771899705	0.00236910389433279	0.00246455442762226	0.00268378122863824	0.00173627654028289	0.00170132896018056
72035	25-29	2	0.00248832135335136	0.003273828763611	0.00342574914450782	0.00268157959416851	0.00217444500205601	0.00265156990177867	0.00301090383409183	0.00210159834749537	0.00212949582491595
72035	30-34	2	0.00292646272279365	0.00347181896583216	0.00486127540219738	0.00373608319287475	0.00265550033378857	0.00291785242697956	0.00302394207280689	0.00260599030420038	0.00288636676380203
72035	35-39	2	0.00368861464428026	0.0043699201736339	0.00466139703927847	0.00502355549319069	0.00408544565892892	0.00355054305589133	0.00300158318481371	0.00272291292850923	0.00300883098209512
72035	40-44	2	0.00466297997605144	0.00504545858620519	0.0056045346212796	0.00561104696118313	0.00461410751190269	0.0045384407013322	0.00323801767181169	0.0035392978909736	0.0032621777319724
72035	45-49	2	0.00616979465342198	0.00667897833381118	0.00672372297488994	0.00653285179793586	0.0059181761479903	0.00582522890278407	0.0043083150440929	0.00423411433823839	0.00440146540325488
72035	50-54	2	0.00904510020501282	0.00907229136353805	0.00989342626542784	0.00921401098875425	0.00811348527881429	0.00755461980337156	0.00666805809285965	0.00561101927603217	0.00592809297523856
72035	55-59	2	0.0133253982821007	0.0126787928045165	0.0113704322095207	0.0130221823699891	0.0096740000898713	0.00931922981650023	0.00931405916334269	0.00778257199721617	0.00780133966239041
72035	60-64	2	0.0204387239149431	0.0196374456774595	0.0177764508582866	0.0176738662732703	0.0151900614821371	0.0123800738328969	0.0121025665195691	0.0112248391374231	0.0113447453220931
72035	65-69	2	0.0298123799910657	0.0263095565005264	0.0269711833405682	0.0252116583738682	0.0218565730451268	0.0182745215975813	0.0180653792447134	0.0137636444826316	0.015128806885743
72035	70-74	2	0.039101754169907	0.0470869463555143	0.0416988288664033	0.0409264867930852	0.0306994665962854	0.0245671149329575	0.0257607224577385	0.0194061071780939	0.0211257722202484
72035	75-79	2	0.0564804000547462	0.0721140860058749	0.0596514412714177	0.0625440955252327	0.0514972458314351	0.0427437185884794	0.0407471642457112	0.0355102805495076	0.0286192461919514
72035	80-84	2	0.0905290548908938	0.0983053188752063	0.0940564218299099	0.0828793868589381	0.0717476683876983	0.0729829767949375	0.0655518254711661	0.056856460826748	0.0495580478313886
72035	85+	2	0.165916064984692	0.164955713363619	0.165264886212344	0.145420960069582	0.153903232302009	0.144933332136679	0.145639538627356	0.13270356115435	0.124402433816416
72037	0-4	2	0.00297550905899395	0.00310565337006565	0.00343449577725685	0.00295622378596208	0.00241887160306184	0.00238671509526889	0.00233645643417951	0.00166972896683335	0.00216048333356025
72037	5-9	2	0.000181782418254978	0.000199115494034982	0.00019493043652759	0.000184833461674649	0.000158499538674633	0.000149167562892273	0.000137749488837308	0.000125346980524821	0.000130641802307762
72037	10-14	2	0.000260919535622052	0.000267409792205531	0.000273217087428997	0.000270681835465632	0.000237443838251321	0.000214035989646817	0.000197790244535048	0.000180298128317771	0.000187867581035915
72037	15-19	2	0.0011730619634884	0.00108862215482485	0.00121063717779695	0.0011880604760238	0.000993371858994034	0.000937866662016711	0.000946880793219852	0.000799942977033675	0.000803695971516123
72037	20-24	2	0.00210746501042754	0.00236835140679677	0.00213904169824918	0.00232646952697134	0.00198316629030851	0.0019194217148349	0.0018582551846839	0.00164875810991063	0.00176099285320112
72037	25-29	2	0.0027635400394646	0.00303931698504937	0.00294673710777818	0.00260722986323082	0.00231444054482484	0.00225515287927739	0.00237196328697457	0.00201759643537993	0.00227915454053075
72037	30-34	2	0.00313447735130951	0.00324618344256098	0.00322098067641225	0.00332320499276681	0.0026815552321829	0.00252423319557552	0.00267305256266215	0.00241205931938401	0.00266594980130341
72037	35-39	2	0.00378543040894832	0.00384291158401914	0.00417841154340733	0.00349146564206013	0.00305295265971326	0.00294181524060671	0.00315294309259459	0.00271836156350827	0.002991828704039
72037	40-44	2	0.00465235450922991	0.00495855793281605	0.00570762159970461	0.0045767763283746	0.00407649078558263	0.0037230329393891	0.00342617980134472	0.00306251507483385	0.00376422666356591
72037	45-49	2	0.00614789490294467	0.00691782391272412	0.00676226438904977	0.00587558793703436	0.00491517746557273	0.00520385271531912	0.00424314256996859	0.00393565370551296	0.00435395231546624
72037	50-54	2	0.00796665571538147	0.00921172426049482	0.00921101647707196	0.00919349194095758	0.00789046800709905	0.00657424299177759	0.00645972625544011	0.00627966024415456	0.00676410803684753
72037	55-59	2	0.0135383056073783	0.0114191448508805	0.0141185355536204	0.012343220468648	0.0104192938593895	0.0101840502572405	0.00981747191613344	0.00853431883327811	0.00935046308378084
72037	60-64	2	0.0187432980118403	0.0194117941791392	0.01693171972571	0.0159446442447194	0.014683640730565	0.0140052409229818	0.0137800302416705	0.0133198768001129	0.0129050028850164
72037	65-69	2	0.0260882450432718	0.0235941266741246	0.0226797346773389	0.0232748878347439	0.0236421889056339	0.0210887115460942	0.0171816977002609	0.0162662822942323	0.0173088716680999
72037	70-74	2	0.0351353030450657	0.0456141526256356	0.0459900855284506	0.03969973578129	0.031271861171932	0.0287635363182473	0.0279075660913351	0.0242561659837296	0.0270339754154562
72037	75-79	2	0.0509060899551951	0.0593060865908939	0.0519321040605716	0.0552659759909426	0.0484012237927685	0.0424674577365345	0.0378303195803467	0.0367289799806824	0.0373318015084279
72037	80-84	2	0.106128285512523	0.0984868268426117	0.08655775207099	0.106577486309016	0.0858744282848531	0.0769806293895153	0.0600900712442356	0.0517721480434222	0.0582436652300974
72037	85+	2	0.175345851047901	0.180537279398081	0.172915389304186	0.169955762905403	0.137354045472177	0.13516405366816	0.141728830086037	0.116542703618505	0.119010275457317
72039	0-4	2	0.00374836636307584	0.00337857754956426	0.00284498983158419	0.00301864173889725	0.00230653911503931	0.00234840515730578	0.00221506477599546	0.00180977828394013	0.00170405782818963
72039	5-9	2	0.000173439794058855	0.000175979688956822	0.00018979913851134	0.000178827326041203	0.00015423992459027	0.00014098362941749	0.000128361111401139	0.000116818197685295	0.000120052739010451
72039	10-14	2	0.000258225064095551	0.000262325059145757	0.000259754186999272	0.000250235301992346	0.000216118695154598	0.000206390519367448	0.000188160248387457	0.000167876824829617	0.000180174843732594
72039	15-19	2	0.00106341335755307	0.00104944501236164	0.00106408622123377	0.00108232476775687	0.00100156271303572	0.000905100865441955	0.000768878388104377	0.000738567661848955	0.000764692585201269
72039	20-24	2	0.00211981607590295	0.00207359295856896	0.00229744176288211	0.00213264863750546	0.00204996163579999	0.00187574457669203	0.00177144264791171	0.0014123231531109	0.00161104622539589
72039	25-29	2	0.00263436259922869	0.00257324454343432	0.00269352142861562	0.00261558203723188	0.00254846926186086	0.00241482260998045	0.00215528528646453	0.00178909370359661	0.00188237113845241
72039	30-34	2	0.00270581373673144	0.00304689775622536	0.00338370296112811	0.00312738754441527	0.00263051920251656	0.00249948276194486	0.00254264081450345	0.00202227105101838	0.00230609827464138
72039	35-39	2	0.00367058394347036	0.00361719678199054	0.00376647657915848	0.00398514231187464	0.00307369759916626	0.00302343708692893	0.00292824590191143	0.00255906391453197	0.00254781604930284
72039	40-44	2	0.00416631799552911	0.00431525944847263	0.00452534998711941	0.00471564291274718	0.00422261893552599	0.00364153846316463	0.00342155913436076	0.00296287636843685	0.00313731404814995
72039	45-49	2	0.00540753738201736	0.00555132601001354	0.00633102063438856	0.00618513201647288	0.00594027056292052	0.00444461904742683	0.004256240387899	0.00419001311506294	0.00422864265090926
72039	50-54	2	0.00782198730999024	0.00780384791094801	0.00840113211839016	0.00872615934180867	0.00696176767759674	0.0064777124862514	0.00527481552332595	0.00615681697524745	0.00523950911824624
72039	55-59	2	0.0104694601728456	0.011597339158637	0.0125880122610837	0.0129665105918668	0.0102792673168666	0.00955117050689646	0.00804879894442147	0.00738997268613504	0.0072275817895516
72039	60-64	2	0.0149128121159828	0.018874513647867	0.0157830949425443	0.0176841824980623	0.013474225024315	0.0143665561647926	0.0098660048544208	0.0115830071942638	0.0111142490559237
72039	65-69	2	0.0254517067285466	0.0230256576745337	0.0227663369353854	0.0249674116016068	0.0216499305824018	0.0196796338688518	0.0160466721914726	0.0143699829473599	0.0156094149924496
72039	70-74	2	0.0348839835640825	0.0366084550813223	0.03927479258522	0.0353195756115202	0.0312264735904684	0.0271107154756915	0.0249000537180972	0.0212531556320106	0.0208149446330759
72039	75-79	2	0.0506249635707388	0.04953383521431	0.051204785040945	0.0558970381401492	0.0494489758050303	0.0475921926647119	0.0412867181697665	0.0298605290254863	0.0379834194117554
72039	80-84	2	0.0927980738171371	0.0743886316179886	0.0870218262676236	0.0769008152741329	0.075702926964337	0.0705399371180611	0.067525328394058	0.0602050392596878	0.0578567956262476
72039	85+	2	0.154231232825866	0.138468214959952	0.156659401892268	0.163278136179334	0.158630525575029	0.124683864369158	0.139164913360812	0.11799335311179	0.104347784676832
72041	0-4	2	0.00343128267697021	0.00300088370498358	0.00261551759951498	0.00266381828836403	0.00235296012494374	0.0021879065657897	0.00196921851023164	0.00156133664066627	0.00165349111084989
72041	5-9	2	0.0001662778282476	0.000165713946134577	0.000172149154489367	0.000175047177935143	0.000138549300908173	0.000134206333512385	0.000120215646836921	0.000113365343911306	0.000116648405348336
72041	10-14	2	0.000245811979427797	0.000272062757879514	0.000249169188180682	0.000242837212461824	0.000201138090005439	0.000199175579197517	0.000175211315228858	0.000158670410200295	0.000163162385860817
72041	15-19	2	0.000962005098471094	0.00096046385094385	0.00102542071337074	0.00106582433330442	0.00087272078897112	0.000836626156263937	0.00072222261036388	0.000768786889183491	0.00068123742239948
72041	20-24	2	0.0019786740301117	0.0018690141022463	0.00225980581258545	0.00184705020560914	0.00169683739826533	0.00184044605454776	0.00174272968344939	0.00134431754459391	0.00155721036975985
72041	25-29	2	0.00226616171503669	0.00242426396626468	0.00252370312452836	0.00226617561052017	0.00214930668716277	0.00232312485903252	0.00202060463675426	0.00204270277499255	0.00190854550740458
72041	30-34	2	0.00273449039586951	0.00279254648709941	0.00319571970606175	0.00304149255223909	0.00252760220814198	0.00222700035116489	0.00247811303834191	0.0023373082758847	0.0021545586833456
72041	35-39	2	0.00311933704705653	0.00318267793676623	0.00341318339018794	0.00366893734693045	0.00267251356103739	0.00280394671340386	0.00252470528129078	0.00242571773205003	0.00268341273046302
72041	40-44	2	0.00516946056407324	0.00414777414096735	0.00464248318173621	0.00414022808317347	0.00334471982378653	0.00344367563224884	0.00300673290131454	0.00285300808095415	0.00418610351229225
72041	45-49	2	0.00605059353932136	0.00583724931314339	0.00505245394297659	0.00474081153423454	0.00452244641086134	0.00424387123446646	0.00409702958090899	0.00358835937686293	0.00419387402713672
72041	50-54	2	0.0086843370067146	0.00786674358143743	0.0069565046031314	0.00737189673366794	0.00556255339566279	0.00625026293346486	0.00535364866682037	0.00610401598868088	0.00514430390364086
72041	55-59	2	0.00992966263330816	0.0128068056051319	0.0114283722839499	0.00982183248309748	0.00983937846103189	0.00898994293054078	0.00701239210839894	0.00710680278797789	0.00694634707357493
72041	60-64	2	0.0164639624529849	0.0161058114614474	0.0175420308680923	0.0157612410411654	0.0144085588811902	0.0119916966966476	0.0109914094562978	0.0109717832134731	0.0121855489320416
72041	65-69	2	0.0212709197842607	0.026106075656575	0.0230711501480385	0.021787105075321	0.0189116430403313	0.0155116067196404	0.0152550683869805	0.0138592209549417	0.0154596772083744
72041	70-74	2	0.0324392489651116	0.0322424217203633	0.0309731768649466	0.0358776320966981	0.0271572690979232	0.0237744758332953	0.0266061715657244	0.0205522380361837	0.0208296753373031
72041	75-79	2	0.0527374923604202	0.0576784318603153	0.0436769649799802	0.0485973969655247	0.0416900344391714	0.0427621740735863	0.0358611635773299	0.030825300192407	0.0308670940267934
72041	80-84	2	0.0707010581641805	0.0745057413718505	0.0802913275402014	0.0752755248590333	0.0785906051967995	0.0705436738829841	0.0600617914971773	0.056052577489563	0.0474037634912768
72041	85+	2	0.135084925060066	0.156301697077314	0.164721721373463	0.147498576695199	0.135059206996432	0.140757402598397	0.117596710741458	0.12149309218875	0.116068145805087
72043	0-4	2	0.00346270534268693	0.00306569152588645	0.00355216453258678	0.00338663113517278	0.00260595909345539	0.0021765954848884	0.00205818396609924	0.00156856956337301	0.00170139745676068
72043	5-9	2	0.000190528407064223	0.000181774636914204	0.000190802099083201	0.000202911695363826	0.000167780752155387	0.00014485340048681	0.000137885816379123	0.000121878474347962	0.000123458136322584
72043	10-14	2	0.000275889812405381	0.000292447541148828	0.000264944303135395	0.00026435474640996	0.000218918924640505	0.000205853256375337	0.000196535403026691	0.000174668143566709	0.000176697583719411
72043	15-19	2	0.00112175367587306	0.0011188764105233	0.00102977873859248	0.00103441489720052	0.00109754897152461	0.000974233479113762	0.000838607326927736	0.000749782519300536	0.000770334044929069
72043	20-24	2	0.00211619350679155	0.00221016315675373	0.002557524171207	0.00200435809690468	0.00190677527157183	0.00163773170204286	0.00171496698029188	0.00154566582070518	0.00189142391112529
72043	25-29	2	0.00253268017236715	0.00246514276752418	0.00277311364006508	0.00273720947181843	0.00239434293876461	0.00215393881864916	0.0021620280428899	0.00209118396841035	0.00188590752394774
72043	30-34	2	0.00294947662153379	0.00333324103351758	0.00310793869814378	0.00344882224088784	0.00237508477693737	0.00232047874987828	0.0023460674612246	0.00242474884177434	0.00220495990369332
72043	35-39	2	0.00351557946724052	0.00446134456982567	0.0045807818914305	0.00410391772865639	0.00345941706793217	0.00278369539975715	0.00256220530560137	0.00267276180748683	0.00251170176549252
72043	40-44	2	0.00433808335370714	0.00415099883227834	0.0050451265342934	0.00565916187457908	0.00386222794433601	0.00348721911978314	0.00325298052139204	0.00280772251778937	0.00303445876042527
72043	45-49	2	0.00585813557279966	0.00655100984599585	0.00647073388395076	0.00637862823519296	0.0055623057971924	0.00402579727596547	0.00416322523663675	0.00374197611533456	0.00388264008439912
72043	50-54	2	0.00851497784259771	0.00942198374104319	0.00815150275710201	0.00850279792768657	0.00631222293396089	0.0064642640460066	0.00597267908522749	0.00619666700556191	0.00578772109055807
72043	55-59	2	0.0144314265326657	0.0121383086232946	0.0123256700322704	0.0118113076902016	0.010273506794561	0.00795247501916031	0.00954035780825317	0.00835697974633804	0.00853447233030615
72043	60-64	2	0.0198597597425788	0.0174491014884061	0.0178702099856767	0.0168102220806182	0.0148600753818168	0.0125999116936917	0.01293117470377	0.0124284119372143	0.0115225937380398
72043	65-69	2	0.0268024951450178	0.0260459607127696	0.029477629848603	0.0258970477012506	0.0242903306367901	0.0181889152365278	0.0172343787845649	0.0173370193326211	0.0136940897023581
72043	70-74	2	0.0369173347561153	0.0433887240566082	0.0353343646397738	0.0357745362069046	0.0338176558885943	0.028511880580589	0.027310075335665	0.025565205728308	0.0245974654678783
72043	75-79	2	0.0524813784840153	0.0561612651070449	0.0515716222781577	0.0531400777480922	0.0554268860255735	0.0496310571362693	0.0448408654443984	0.0410846532695476	0.0381931876969419
72043	80-84	2	0.0793373743410345	0.0799395451144174	0.0939861477184078	0.0974323168425516	0.083714824560911	0.0717514772116086	0.0716172398922457	0.0655048096335291	0.0530626143621533
72043	85+	2	0.175319860011028	0.151602489978163	0.153772035376637	0.147588688454834	0.161257958376673	0.156618779066598	0.137130573520377	0.110545240525411	0.108627345083774
72045	0-4	2	0.00321823016162737	0.0032570298224754	0.00269540514001019	0.00292706845096996	0.00244889537907399	0.00228606400864276	0.00202149211731444	0.00169276875032966	0.00193335606318486
72045	5-9	2	0.000180371407407669	0.000183023490839518	0.000188373488974784	0.000185554314051487	0.0001562391265022	0.000146764166186575	0.00013330333907788	0.000123497557781457	0.000129539463369932
72045	10-14	2	0.0002569349852216	0.000278459258299348	0.000269011171040729	0.000264930797376568	0.000223475493559809	0.000210260203157504	0.000195494780376856	0.000177476984096484	0.000186059105709027
72045	15-19	2	0.00115253557743701	0.00105418986720909	0.00110959436383748	0.00113011569392513	0.000965158285671463	0.000912884625896334	0.000806261000284534	0.000744574136581679	0.00078278322274814
72045	20-24	2	0.00233417170545809	0.00228412491099815	0.00256313498000361	0.00257074363994681	0.00216182445308974	0.00176436782090138	0.00171851254931203	0.00170851905029822	0.00164322255366165
72045	25-29	2	0.00271443934828314	0.00279837048367913	0.00282070163937115	0.00286071917737864	0.00234822610225919	0.00234854264393795	0.00198689219754651	0.00219166164998292	0.00190164311183694
72045	30-34	2	0.00300263288443937	0.00325894473065147	0.00331355822069225	0.00354729807869327	0.00293077910369657	0.00267438809812849	0.00239048179032224	0.00217614081853925	0.0022347265651112
72045	35-39	2	0.00348841415589215	0.00403956967372067	0.00418570698950111	0.00442931482680045	0.00315499390733861	0.00347221131047044	0.00279907593752358	0.0027283314743041	0.00283068589989122
72045	40-44	2	0.00460566735711833	0.0046570258004021	0.00464396988891326	0.00475922731983328	0.00391297123486939	0.00364504722669305	0.00346590612941206	0.00322351543953689	0.00349140294506274
72045	45-49	2	0.00607666513443672	0.00583818856040049	0.00618830684068498	0.0057565112599777	0.00556301817088694	0.00511204787343438	0.00467223028524268	0.00436144629110604	0.00428940535291085
72045	50-54	2	0.0085215790331171	0.00790826227013258	0.00926698166644653	0.00879178214338833	0.00732111435839723	0.00684395628380565	0.00599678632435966	0.0060993569625766	0.00721616697108754
72045	55-59	2	0.0131934094975882	0.0107247705619859	0.0119194675452155	0.0133445809550547	0.0111209520528199	0.00925038433681522	0.00910111692295676	0.00779314114704614	0.00914678304283635
72045	60-64	2	0.0150664642134456	0.0175749526631483	0.0185008818860459	0.0159211538793738	0.0150025458355922	0.0148078642307106	0.013630162170677	0.0126851460598876	0.0113732108342538
72045	65-69	2	0.0247503533478248	0.025304738269357	0.0233515818061471	0.0246372086305299	0.0232960051148264	0.0239431623976438	0.0171710060516878	0.0163846668941155	0.0154356689641809
72045	70-74	2	0.0346291058867968	0.0365841759670359	0.0400569106366319	0.0434294369224988	0.0301064336327257	0.0278266314867771	0.0281443690808241	0.0226209426968552	0.025525821231445
72045	75-79	2	0.0583715788383953	0.0534819712309655	0.0502582867477692	0.0539843054603418	0.0486172673542228	0.0393497784986229	0.0367245715349231	0.0429015770085713	0.0438704790091228
72045	80-84	2	0.0811655016916337	0.0937029917154749	0.0898193709498632	0.0719531166739721	0.0756679669681109	0.0771539341258983	0.0612294979082367	0.0642030257036873	0.0609744331151262
72045	85+	2	0.168340559901899	0.136713581881574	0.158319960365755	0.154952921613125	0.157142745308833	0.153350555991711	0.140934371975382	0.127967348930658	0.121293525135053
72047	0-4	2	0.00376836572511707	0.00286003130427155	0.00301945643800673	0.0031079709477747	0.00250338000736296	0.00236409695693489	0.00210262947504274	0.0016254784721993	0.00209912828763567
72047	5-9	2	0.000190014689612248	0.00017513054517303	0.000187744274255551	0.00019087501286806	0.000152414179279199	0.000141690465743866	0.000135036649447472	0.000121458932663116	0.000122791823962929
72047	10-14	2	0.000242779745353055	0.000249235873058791	0.000284150099486391	0.000259412430805838	0.000211969655954481	0.000205869899083887	0.000196904363169196	0.000177595379700765	0.000179498257811756
72047	15-19	2	0.00111753962392057	0.00102291695973987	0.00111225534332425	0.0012852615575968	0.00104061677868314	0.0010380042936896	0.000766823674838888	0.00074962775812207	0.000796656765990191
72047	20-24	2	0.00209705384624798	0.00188289678075979	0.00249026000927839	0.00230726714154947	0.00214896391858225	0.00222390422356004	0.00178524352985384	0.0016803493723613	0.00167719639261137
72047	25-29	2	0.00244699982918894	0.00259314508726861	0.00321272277490936	0.00254799667095834	0.00246208073050995	0.00217656481033009	0.00208851651612154	0.00182895177788322	0.00178913502284475
72047	30-34	2	0.00298324316455963	0.00312483590692683	0.00322970746678562	0.00365975729166258	0.00241388539551863	0.00265618816096337	0.00246368112849651	0.00211446108936964	0.00237872376609287
72047	35-39	2	0.00330473418236413	0.00355387538265239	0.00405283872364268	0.00354800540643616	0.00307101878389229	0.00295538999187756	0.00266616391092759	0.0026029938874581	0.00318045300476147
72047	40-44	2	0.00417093671738818	0.0047645643135189	0.00461983722728089	0.00475629257949675	0.00350571579140687	0.00371452246590658	0.00335225103497164	0.00266639409028426	0.00318310818142074
72047	45-49	2	0.00534624693490448	0.00511944483683857	0.00621336168600433	0.00681573167751041	0.0054227894433425	0.00514857938767793	0.00424916143555233	0.00388611755924905	0.00364600151503473
72047	50-54	2	0.00802468316011861	0.00823532508569936	0.00905870398481987	0.0076268952727349	0.00619030690543773	0.00618823211177008	0.0054949093374363	0.0065228382218428	0.00532996473577455
72047	55-59	2	0.0118771272915328	0.0111912580643668	0.0133666456382607	0.010476638200626	0.00861283361067188	0.00879557962997702	0.00917791362661557	0.00820776300446144	0.00980582567963677
72047	60-64	2	0.0187302378074095	0.0164240241888841	0.0183566942958393	0.018943934404369	0.0141097209305203	0.0136639837639576	0.013185524270374	0.0127551428833821	0.0137183894844984
72047	65-69	2	0.0230427957525543	0.023940247794888	0.0249561524604301	0.0212604328270206	0.0195184001786869	0.0171140156508672	0.0146041326139985	0.0161497910939129	0.0157413503507839
72047	70-74	2	0.0355527965502301	0.0348876285769344	0.0334845543066119	0.0336703271605473	0.0306004288656466	0.0271874440124176	0.0250284602489804	0.0232401510951361	0.0245833787554292
72047	75-79	2	0.0464891694819298	0.0546332563013925	0.0533915838565229	0.0542829117078336	0.0464905800325408	0.0434701101671136	0.0408577737744901	0.0361262594126385	0.0365008524089705
72047	80-84	2	0.098808500024379	0.0711228728995821	0.0918059962234639	0.0918306681191461	0.0704518825135226	0.0713190011484719	0.0680439316783573	0.0548057560334288	0.059328620635877
72047	85+	2	0.159797821866319	0.162843919429206	0.170403615788355	0.173237035886586	0.166891052527389	0.158025167610471	0.134614147903875	0.128078723586166	0.101635896626819
72049	0-4	2	0.00324744283899555	0.00279742628099772	0.00247084200027001	0.00198937761960746	0.00150810604985111	0.0017107829849713	0.00192425670538002	0.00205855741553964	0.002052301873329
72049	5-9	2	0.000165706951195135	0.000168921083495756	0.000174011011827304	0.000169991422022814	0.000144666416971041	0.000136177440184668	0.000124559746597922	0.00011415125257316	0.000119319022818072
72049	10-14	2	0.000238863514303177	0.0002435034946808	0.000250847960618775	0.000245086890413067	0.000208581783716228	0.00019631155385133	0.000179587594422295	0.000164586665589011	0.000168316617011944
72049	15-19	2	0.0010635371492281	0.00106146684987647	0.00111741174115374	0.00111473838038904	0.000908460393299551	0.000855268412271721	0.000782767515618338	0.000718221033406446	0.000734836023883903
72049	20-24	2	0.00214451319683916	0.00213798454745603	0.00220132304975217	0.00219928696440713	0.00183397166082654	0.00176622256400935	0.00161428201809902	0.00154592109190724	0.00155053459787535
72049	25-29	2	0.00255902730926082	0.00260911753784448	0.00274712998857034	0.00262900947897129	0.00224027406410464	0.00219964964977052	0.00197503933483031	0.00181190126899151	0.00185166616167779
72049	30-34	2	0.00292586189874242	0.00304906234471554	0.0030702333803991	0.00305896510548241	0.0025545914224231	0.00246668220719643	0.00240695473787798	0.00211501880963747	0.00211459472759035
72049	35-39	2	0.00347500177697491	0.00360398210096996	0.00362243116948966	0.00369452873695454	0.00302112191163943	0.00290923878107517	0.00266713539651951	0.0025068869280761	0.00262075581886469
72049	40-44	2	0.00421613423286191	0.00427489248161572	0.00447851025801017	0.00427323200222609	0.00364491185300614	0.00351446779061115	0.00322277119877889	0.00294570350456762	0.00322932618550738
72049	45-49	2	0.0054025537008792	0.00582813843986458	0.00595740914101048	0.00555218682906261	0.00493646638689901	0.00445178505913487	0.00417992726593472	0.00394586111967871	0.00384765746508558
72049	50-54	2	0.00768742874044839	0.00762397351794565	0.00779711984336078	0.00805623261744235	0.00703594746009813	0.00678238363557214	0.0060513476416718	0.00519679440133164	0.0053469819670117
72049	55-59	2	0.0110120364895082	0.0108876307823275	0.0113311917119237	0.0116581454155878	0.00892860374393192	0.00838048342785115	0.00793686262174562	0.00776196291678422	0.0078967457692157
72049	60-64	2	0.0158343616788831	0.0151808055272413	0.0160582793737899	0.0165983650518829	0.0136230475236708	0.0137696207253732	0.0117634992133198	0.0120952188238778	0.0117012188986396
72049	65-69	2	0.0231757868103533	0.021883806311315	0.0227907484487161	0.0237035551931695	0.0191035145959764	0.0182249054508648	0.0167816352123962	0.0154931207161657	0.0146788421753907
72049	70-74	2	0.031751806952811	0.0345906592648141	0.0356477267990135	0.0341806486432964	0.027426116466931	0.0251544154463576	0.0257700227187914	0.022447146227215	0.021758919031041
72049	75-79	2	0.0479575671651251	0.0510795711142939	0.049944519917988	0.0460630020501671	0.0389955268441318	0.0385959064694084	0.0367759956650118	0.0350970635395283	0.0371323154238909
72049	80-84	2	0.0759569194291366	0.081282581116464	0.0884597875327477	0.083643253969584	0.0755160998134412	0.0680961850878457	0.0567297966610223	0.053989051072823	0.056946897668957
72049	85+	2	0.15618054188226	0.154016910454629	0.148893817255858	0.141326633045693	0.127501608578985	0.121828397153579	0.117623570936998	0.108512973501682	0.100462457667666
72051	0-4	2	0.00322655576217718	0.00280566144010835	0.0026918074236623	0.00274160648818228	0.00251904598623038	0.00232860725170251	0.00212368278033118	0.00175477353837936	0.00189067592881199
72051	5-9	2	0.000180988149775726	0.000182747252798538	0.000192126845929968	0.00017970270094107	0.00016117722418214	0.000144160254248634	0.000133375918946791	0.000122553584450819	0.000126942765471008
72051	10-14	2	0.000274856679231017	0.000254349240123032	0.000272763584338852	0.000261335918957803	0.000225056833964216	0.00020573690051479	0.000189917258188054	0.000171180994818946	0.000185294761101217
72051	15-19	2	0.00121859159024859	0.00115728187324286	0.00118198549461222	0.00136021488301471	0.000976201880584889	0.000977352921474716	0.000826103501630404	0.000746799562570745	0.000809393713779881
72051	20-24	2	0.00202468051427033	0.00224047444400017	0.00254200602037123	0.00257512775043586	0.00238715793482972	0.001924643935938	0.0018530917592562	0.00156838749858635	0.00158840408059632
72051	25-29	2	0.00255717191445133	0.00284301423578782	0.00356833940005302	0.00286861868108607	0.0025096287290913	0.00254734590001525	0.00257556653554765	0.00198057956603985	0.0022548775429582
72051	30-34	2	0.00278934844951073	0.00299181086529009	0.00384100005751636	0.00334533637564401	0.00242938420220301	0.00256844560165493	0.00246905346729855	0.00202957159072972	0.00238234710594837
72051	35-39	2	0.00384111096014025	0.00408676761567196	0.00440556242114565	0.00433323813412194	0.00310411472462613	0.00288415487572318	0.00274625116251202	0.00282870581566184	0.00266560048672922
72051	40-44	2	0.00423639340084287	0.00457539773735185	0.00534947206377624	0.00485991272212576	0.00411987870179211	0.00364004524746517	0.00309252709690363	0.00304739099942656	0.0035053958834705
72051	45-49	2	0.00571041369938703	0.00571652840707964	0.00675958444925024	0.00724821945434539	0.0057823446316528	0.00507537334102811	0.00406783391740035	0.00348256401911579	0.00360641274660911
72051	50-54	2	0.00838270954020174	0.0088399436990962	0.00767738565754659	0.0082365526672544	0.00721102264838175	0.00676135758019871	0.00548239637616872	0.0053117065271935	0.00560546213577548
72051	55-59	2	0.0121981629857026	0.0120169975627173	0.0150158038357815	0.011684136394428	0.0122547476863831	0.00960119373421855	0.00845139187481187	0.00785965379136007	0.00823995844589375
72051	60-64	2	0.0175522947322959	0.0191285840386786	0.0180984985265728	0.0157837356245459	0.0131776520689214	0.0130627474282385	0.010701835358234	0.0115791590871382	0.0113378784464783
72051	65-69	2	0.0245026318373119	0.0268888369393631	0.0233999276356908	0.0265949787401762	0.0236168292631696	0.0207809602314925	0.017867743677278	0.0155859011336753	0.0156540576719503
72051	70-74	2	0.0313551848115136	0.0426213064513171	0.0360489356305214	0.0374202049614449	0.0306632321859551	0.0278922363051568	0.022625255230029	0.022689859927855	0.022929687941235
72051	75-79	2	0.050651156964521	0.0592914514340015	0.0542126842827057	0.052535694135182	0.0521130766175209	0.0405263938819371	0.0371190273796662	0.0352578682810857	0.0359184751481134
72051	80-84	2	0.0834379861189756	0.100327355352705	0.0897610228338806	0.0895165507300302	0.0864197304393501	0.0802154310108507	0.0603062884328896	0.0560540078036708	0.0591481231739166
72051	85+	2	0.136738468317185	0.167336741294074	0.145908843243112	0.152172552573119	0.127762274567403	0.1414592111191	0.142163562007206	0.124816057074856	0.126055100531885
72053	0-4	2	0.00390518041407199	0.00338285689152863	0.00417817418765089	0.00312092981191485	0.00274166704141747	0.00268216918066766	0.00261484885911093	0.0020535694467651	0.0021742768293844
72053	5-9	2	0.000203513404061768	0.000212293698922712	0.00023625030471025	0.000204966991868376	0.000176754666735278	0.000172068396848987	0.000158029279375242	0.000140792774630833	0.000145740861649758
72053	10-14	2	0.000294299246768998	0.000306013313025765	0.000326465707841724	0.000304205501975709	0.000263267764792852	0.000255620986064382	0.000220515756774152	0.000201416017409606	0.000208508096909096
72053	15-19	2	0.00116434998704118	0.001296436299554	0.00132262744009543	0.00152171713868989	0.0010899912509933	0.0010714621746061	0.00105472518818745	0.000916778510769385	0.000941882806224673
72053	20-24	2	0.00222828924688849	0.00249097125088586	0.00280265664538483	0.00270503314835135	0.00243833616118919	0.00243764899320333	0.0027183905724295	0.00213630826392557	0.00193869661007772
72053	25-29	2	0.00280133413842136	0.00281998676606967	0.00317092565361713	0.00321033960548688	0.00292294579569087	0.0029363367588965	0.00297926829138914	0.00255799457728694	0.00246283466591082
72053	30-34	2	0.00315380582224189	0.00380316195906546	0.00425114293369527	0.00384119893635954	0.00330733371095303	0.00343077468505899	0.00280465141875789	0.00282982028470165	0.00299545146614283
72053	35-39	2	0.00428340126533547	0.00464144562239969	0.00581704949845483	0.00507605976172578	0.00405639422023273	0.00350815220026202	0.00350010933529846	0.00304389682504322	0.00314649247108017
72053	40-44	2	0.0054985804753629	0.00551064714844647	0.00645280842015736	0.00645671272341466	0.0047313501315821	0.00490723515458527	0.0038214749068753	0.00429784798262267	0.00445726602281299
72053	45-49	2	0.00718198308327391	0.0062603991900825	0.0075815471978375	0.00787037504846173	0.00698748757025197	0.00549705647908837	0.00597697610110053	0.00479059367016995	0.00524256739161604
72053	50-54	2	0.00917668933604178	0.0103481174478367	0.0103941963050074	0.00855257545704292	0.00819721270919218	0.0078675134261857	0.00746182696775595	0.00588575059321617	0.00780639932582858
72053	55-59	2	0.0142676557711922	0.0144449383411259	0.0138292629020218	0.014801099050913	0.0113591592234321	0.012777997494527	0.0116716669668196	0.0101060918794629	0.0102164097411186
72053	60-64	2	0.0184451165544239	0.0183915460272574	0.019373214782157	0.019614838440022	0.0181554992655646	0.0185402113250281	0.0154575802898991	0.0145339150025809	0.0143785363107496
72053	65-69	2	0.0269812980060986	0.0237887950864426	0.029354755974132	0.0242866877829053	0.022897980690723	0.0269501149672377	0.0196143277684811	0.0191418786269177	0.0205305882886663
72053	70-74	2	0.0434436711871284	0.0414370199120028	0.0458334995827412	0.0376562690041295	0.0393493088235594	0.0310782101472806	0.0264996233132024	0.0253896614290429	0.026330926450854
72053	75-79	2	0.0513536413166343	0.0558649032972944	0.0649176109209352	0.0604115917313432	0.0527966123067804	0.0457968720858125	0.043439254589947	0.0380256765556234	0.0413155839354139
72053	80-84	2	0.114072040863654	0.0976962791518225	0.0990185044974398	0.0982628966678786	0.0781846858424773	0.0866810294023162	0.068826100044846	0.053386266518077	0.0683514480160964
72053	85+	2	0.180051442906232	0.209493156196306	0.159163605338938	0.175019086845294	0.151227798991919	0.1450617448819	0.150692095206814	0.131938085608089	0.116599088422739
72054	0-4	2	0.00346441911394516	0.00342023353509667	0.00329722724000811	0.00324578939748219	0.00254688827136746	0.00249999411188432	0.00229600262830566	0.00198388664107416	0.00187562093366335
72054	5-9	2	0.000182384991551074	0.00018552288825986	0.000191201667104057	0.000189662283980856	0.00015809512151066	0.000148178287627339	0.000134583688078081	0.000124387995257482	0.000127605075514177
72054	10-14	2	0.000261982206903234	0.000272159527928629	0.000280403996182131	0.000266437598760367	0.000227078818813177	0.000212697003805666	0.000193187243236733	0.000178845391658806	0.000183543885017372
72054	15-19	2	0.00113412187429417	0.00114843351715688	0.00117809512187815	0.00126671166181021	0.00104161676840351	0.00089815946829215	0.000835769521662964	0.000776965598329668	0.000785141300486161
72054	20-24	2	0.00223303916743682	0.00220976539138483	0.00243379439391094	0.00228109326557665	0.00203242169732394	0.00178395454558572	0.00170141424872106	0.00159695169996989	0.00173868010055867
72054	25-29	2	0.00289778876195621	0.00281292156276899	0.00297188862721577	0.00282887428819569	0.00247873107607728	0.00229806215902193	0.00235819240556675	0.00206849381415947	0.00199859803213324
72054	30-34	2	0.00313346695822355	0.00317683027546427	0.00357342224178962	0.00335369459866566	0.00266376122244293	0.00256006714010006	0.00240428748932833	0.00227891967913639	0.00227836142743329
72054	35-39	2	0.0040227630368246	0.00387805157142552	0.00416725406704372	0.00423286572466111	0.00311482094738342	0.00297746572756252	0.00284044094887935	0.00269684998431058	0.0028680799709924
72054	40-44	2	0.00475365664506315	0.00463810034491884	0.0051315650008704	0.00489196501614667	0.00419880256303027	0.00358047841237951	0.00310970859208229	0.00325787887101818	0.00354133687272442
72054	45-49	2	0.00651434058556281	0.00680338906485374	0.00605965655957921	0.00639828859071058	0.0051427948233042	0.00479750737171646	0.00420753867800272	0.00387024921280873	0.00434873105526435
72054	50-54	2	0.00881897798963102	0.0103079367777584	0.00890275989194014	0.00837971924909836	0.00704556368917915	0.00671617049721482	0.00649434203597501	0.00633924926305025	0.00618906583939974
72054	55-59	2	0.0121596695298835	0.0135038068095868	0.012716082902106	0.0127275516059538	0.0088631523693667	0.00866748373719655	0.00882338926831002	0.00847601342445685	0.00822639970521389
72054	60-64	2	0.0181381407188615	0.0171756822823423	0.0176862925421644	0.0178956357340988	0.0165543966630996	0.0145471515692018	0.0133414253104603	0.0109055297927883	0.0111653795656351
72054	65-69	2	0.0249257581881911	0.0241769454037026	0.0272258213360509	0.0255593839241265	0.0228413413324823	0.0214512911729736	0.0167974131819363	0.0163158985675185	0.0164851123682626
72054	70-74	2	0.0374370554620041	0.0428429678883722	0.0432092927512038	0.0392674805423218	0.0325233786804502	0.0315512933078559	0.0233978314206903	0.0219047022848013	0.0241891954847839
72054	75-79	2	0.0539210444924208	0.0512673930218406	0.0587285894697599	0.0484180727725358	0.0513571555002006	0.0433361598793589	0.0367682263995361	0.0377943095486091	0.0378346193664888
72054	80-84	2	0.0914552620013437	0.0919042619899164	0.1006012779865	0.0852711462128274	0.0724702668537627	0.076085418423514	0.0621138033987663	0.0665314500116098	0.0558416719171227
72054	85+	2	0.196476272953996	0.174686905458598	0.171354062857435	0.180302522164628	0.156292492377735	0.159706993004744	0.142442408332783	0.13817123773047	0.136836383138732
72055	0-4	2	0.00385165515837197	0.00399287507756526	0.0038367803425615	0.0035148447737492	0.00282289255504001	0.00295179018664315	0.00240064128280428	0.00223581108170828	0.00255610258621562
72055	5-9	2	0.000218095967282754	0.000208723497025713	0.000215797345122223	0.00022031749462453	0.000187909933388387	0.000170464378557754	0.00015448778775991	0.000144127445336523	0.000148087149469981
72055	10-14	2	0.000304675310685905	0.00029681365425841	0.000319808839791696	0.000320728148539404	0.000257482225895643	0.0002495176928003	0.000231408973533207	0.000207028478941645	0.000212815116439476
72055	15-19	2	0.0012529613777372	0.00123447618226269	0.00136510687906913	0.00131743957467604	0.00115051287498001	0.00103991770547741	0.00095878003278191	0.000927576108581658	0.000961948321504328
72055	20-24	2	0.00283075944961712	0.00261852454798035	0.00272561124091436	0.0026043172488186	0.00211299134144228	0.00233661787361503	0.00202875088873979	0.00176290653911635	0.0017599168049712
72055	25-29	2	0.00315504690116409	0.00355629895683335	0.00351042374259064	0.00372982110328518	0.00287369479557934	0.00276339685198207	0.00249387215540482	0.00217169782890695	0.00263761302148409
72055	30-34	2	0.0033100569016684	0.00375821572758853	0.00409178453192333	0.00381038745415868	0.00314260021576538	0.00284806365152721	0.00264562680698857	0.00257508875842177	0.00263178040287347
72055	35-39	2	0.00466816726782381	0.00429785012064702	0.00556333664611966	0.00484034371477002	0.0043076520061302	0.00343370236116944	0.00304469466722487	0.00347528274950311	0.00324391150034603
72055	40-44	2	0.00508075801430826	0.00610251930362514	0.00600873125909054	0.00606037688224527	0.00426494003185667	0.00443925294534494	0.0036323283276269	0.00383709720171392	0.004189190906548
72055	45-49	2	0.00649062912811099	0.00737466300979258	0.00711271141743725	0.0072822458251006	0.00605811629255321	0.00580874008108684	0.00508803023698888	0.00519068578967354	0.00515932368290348
72055	50-54	2	0.00906683332981348	0.00966070283205207	0.0105416740211838	0.00959967116699685	0.00762741601604168	0.00860183991891708	0.00752800597195103	0.00730801331806474	0.00769668605416081
72055	55-59	2	0.0154738390775116	0.0138222255835111	0.0138617802607592	0.0138411369473667	0.0138317949613979	0.0122106003105588	0.0110571629815363	0.0101781529157099	0.00973763894261335
72055	60-64	2	0.0205930481859558	0.0186786339513918	0.021921506002668	0.0214418890756011	0.0175362240132093	0.0161768953824308	0.0136423864653132	0.013347124054138	0.0142407102163189
72055	65-69	2	0.0280139804852994	0.0268500032514656	0.0297685448411758	0.0258593186365732	0.0206508839024692	0.0221754933333793	0.019565666013052	0.0199511886701023	0.021595833202593
72055	70-74	2	0.0437066572869825	0.0414584647980702	0.0442281974607	0.0401896147069256	0.0392115917086021	0.0354344111745261	0.0300421094067172	0.0297174277708477	0.0286131230457794
72055	75-79	2	0.0656719876328804	0.0716515354219094	0.0613847841319829	0.0659964373467233	0.0493046457934869	0.0478978635334082	0.0483230639775926	0.0498236219554496	0.0390161901207681
72055	80-84	2	0.0877140511219911	0.094482884274715	0.0925436881044753	0.108263933796219	0.0936333466697531	0.0941879059552976	0.0664694458946822	0.0626412336307691	0.0802695737830037
72055	85+	2	0.182060345554404	0.189366169935243	0.188156313387819	0.177827047501203	0.167140297591494	0.145888539192654	0.156501342686924	0.170767986962833	0.14879137989201
72057	0-4	2	0.00393182205508564	0.00403827361101297	0.00402440520032866	0.00308864846442675	0.00269820699402906	0.00287210513350893	0.00218078827360856	0.00202788467604854	0.00229004349164135
72057	5-9	2	0.000201607180061056	0.000198292613401553	0.000218237991077255	0.000212997893450761	0.000180543913531024	0.000161049959537436	0.000150357466794351	0.000139422951642056	0.000146025030921316
72057	10-14	2	0.000341455234410374	0.000309921149597216	0.000313858501297059	0.000300865356522724	0.000261127007523544	0.000232948923099629	0.000208848808952739	0.000198988527899596	0.000204299959055751
72057	15-19	2	0.00111587044035433	0.00126114509977621	0.00137040443099281	0.00131966200925346	0.00116427100788604	0.00105406156900092	0.00103081681094287	0.000900367514417242	0.000947210096936588
72057	20-24	2	0.00238322328527446	0.00225913499762669	0.00260669119731713	0.00262258316915339	0.00252944735108142	0.00207179825061996	0.00204412304713716	0.00164028260473997	0.00202323359223708
72057	25-29	2	0.00281747713584767	0.00277898814106021	0.00306999529664052	0.00312648032776334	0.0025376068832231	0.00233482973519643	0.00251097846901273	0.00230997188155996	0.00265259824903824
72057	30-34	2	0.00307473414657431	0.00384093191700193	0.00378969767484583	0.00366788161304191	0.00279501811946968	0.00278046098384325	0.00248137177935228	0.00256359550149474	0.00277594566960192
72057	35-39	2	0.00382129575398987	0.00462030320157694	0.00544178384824506	0.00467972967180334	0.00365824417333648	0.00319396760623978	0.00279289730040896	0.00306890445735222	0.00381149576854284
72057	40-44	2	0.00513736661063485	0.00521987052615421	0.00548596823377024	0.00638964121554883	0.00503402973575125	0.00444537413808358	0.00331488427241793	0.00363701256667233	0.00360795619467344
72057	45-49	2	0.00645947095469797	0.00635354749491606	0.00809617669310587	0.00716660317295764	0.00603792994861244	0.00512565111172376	0.00462910932404239	0.00381809047790501	0.00483061982730739
72057	50-54	2	0.0102013608498511	0.0111217319780426	0.00893498696603565	0.00996237633984079	0.00822223049965768	0.00816615377002913	0.00664487244157359	0.00699659694685545	0.00674781332220818
72057	55-59	2	0.0138877808602353	0.013822590975897	0.014987429710019	0.0135434543153494	0.0131033155199654	0.00984986023113861	0.0106370923767005	0.00895660035886918	0.00989344505751196
72057	60-64	2	0.021556226724825	0.021929511862012	0.0196128644815067	0.0193887025615817	0.0177322193571266	0.0166061599356808	0.0144437839650238	0.0128778398750734	0.0133260193233773
72057	65-69	2	0.0314825192640375	0.0308300333037091	0.030769827199411	0.0259958073990593	0.0247537000476596	0.0229202201727624	0.0198574545759366	0.0183853249005779	0.0192142584705885
72057	70-74	2	0.0481193625294535	0.0467232745926101	0.0442201246516544	0.0421660955106377	0.0395105602427682	0.0353187340384694	0.0283469257857719	0.0267420007745559	0.027663783574157
72057	75-79	2	0.0562099190296799	0.0572197622028008	0.0572149850864594	0.0553549185009713	0.0512445716884964	0.0424887413530608	0.0430216513866028	0.0391309973066471	0.0401219448192553
72057	80-84	2	0.091740870013081	0.10859308331104	0.0825208730335577	0.108401548914503	0.0986121951079937	0.0826099754561525	0.0696532121686442	0.0621263788306033	0.0710696507270217
72057	85+	2	0.169806791950555	0.15243281074868	0.19365346312622	0.177332253738684	0.167236809453051	0.157922310642294	0.146480680415142	0.141862026388158	0.143957313463016
72059	0-4	2	0.00378146836116972	0.00351922712275364	0.00305773999930426	0.00310690927074983	0.00257055675236552	0.00236504804549787	0.0023047911568242	0.00201236069366408	0.00221560272176442
72059	5-9	2	0.000188935265222194	0.000190861682026105	0.00019367662085029	0.000189794848324739	0.000164201137055242	0.000159975462579108	0.000141100453188427	0.000131349477785534	0.000135288525420705
72059	10-14	2	0.000269635884997931	0.000283891503961848	0.000281907020799655	0.000282484726390733	0.00023980689232735	0.000239073239599582	0.000202256741912457	0.000188575384300517	0.000194308932137057
72059	15-19	2	0.00120879963480773	0.00119956124203459	0.0011453398349895	0.00116235111940625	0.00104476410456049	0.00109551984769205	0.000911042207829212	0.000819853568057645	0.000852204402145639
72059	20-24	2	0.00220245067877383	0.00243952558392089	0.00254524326923597	0.00221363490787504	0.00209411645892967	0.00213389956134449	0.00173609041585965	0.00180353474100508	0.00174271580281462
72059	25-29	2	0.00297964252947651	0.00262490843220382	0.00279828189824747	0.00265325644856026	0.00251253172117115	0.00255421928873023	0.00202244709176554	0.00227866319635559	0.00214018044517509
72059	30-34	2	0.00305225641864045	0.00342439613228658	0.00353565376508647	0.00355650585673937	0.00294644472277516	0.00282873173325179	0.00237008476697889	0.00258132377526746	0.00270442085047079
72059	35-39	2	0.00362067578770731	0.00377734058177147	0.00440589150203391	0.00373309244983205	0.00331852086515164	0.00336458131375301	0.00269454963106377	0.00301228883701581	0.00310389712426179
72059	40-44	2	0.00420920388200028	0.00454859377908812	0.0051838383954591	0.00509407382739514	0.0042801208201791	0.00380454134696472	0.00360125547377023	0.00305850954601135	0.00383906734741129
72059	45-49	2	0.00598491732881708	0.0062635112226626	0.00591483629030339	0.00652175461572423	0.00517077613355284	0.00535848113374623	0.00508772014146176	0.00460623746511549	0.00455418931160673
72059	50-54	2	0.00772572650936014	0.00931444391177996	0.0085737070104111	0.00881720433579157	0.00853715274323069	0.00733994895927883	0.00586301933342049	0.00582603354542178	0.00640530249124732
72059	55-59	2	0.0124869082047072	0.0120937759112263	0.011916556918543	0.0118873857055286	0.0108255091056217	0.0107788675937349	0.00945189525619923	0.00888533722881917	0.00921895707138151
72059	60-64	2	0.0172260618944276	0.0215356802350221	0.0203447635193488	0.0180954469353436	0.0170105544147448	0.0157941047154136	0.0142612417065424	0.014367643697163	0.0133555212774694
72059	65-69	2	0.024269620179238	0.0297769605064445	0.024386291001287	0.0231345229311286	0.0215130199085082	0.0225434940584384	0.0225828653733567	0.0178620362084436	0.0158819380121964
72059	70-74	2	0.0382054848551593	0.0382035166153733	0.0398584033353836	0.0406339322983036	0.0338976962010884	0.0316923800101658	0.0253078261686305	0.0254753615901778	0.0303689911481499
72059	75-79	2	0.0582925839241388	0.0687241473117016	0.0560770551474846	0.0577115129822751	0.0461428502137961	0.045575511259261	0.0360487296671074	0.0461241331420068	0.0452970876042152
72059	80-84	2	0.0942757462755551	0.0955153891732077	0.0904264028475551	0.101398288592158	0.0869449206824344	0.0839375139060695	0.0755002891299049	0.0597403800333704	0.0690804006412734
72059	85+	2	0.15782732853967	0.173742016473384	0.153228879854786	0.155926004693504	0.151159957598724	0.185404828570291	0.160551741884305	0.141814152412597	0.142334347972392
72061	0-4	2	0.00309766198497116	0.00281419247412714	0.00286115497946413	0.00305593768190332	0.00245917311522973	0.00212250492830923	0.00199560910074461	0.00160834632290565	0.00184386987397822
72061	5-9	2	0.000180966725149891	0.000177571425335001	0.000189004339693461	0.00017076286990383	0.000153143635709216	0.000148172097256812	0.000127316881688814	0.000116656337692931	0.000122374517066122
72061	10-14	2	0.000241426630404293	0.000262180394110007	0.000257838050763625	0.000268889106381881	0.000223617144851983	0.000203774813956222	0.000175775179185401	0.000161893549031978	0.000177150806392892
72061	15-19	2	0.0010370106226051	0.00122589456315705	0.00130938158571091	0.00158023377328882	0.0012131695760236	0.00115932667491199	0.000894546562917008	0.000747742059741995	0.000795229823964127
72061	20-24	2	0.00195320785862174	0.00207388069603899	0.00279907786113127	0.00272498062146351	0.00255630910831224	0.00237014560947638	0.00226605919589434	0.00168292351835479	0.001616554901131
72061	25-29	2	0.00270367219525692	0.00303583128072406	0.00348273271739933	0.00331420342193235	0.00280721142952813	0.00257481642432789	0.00237255303114793	0.00180117917839598	0.00211645798917992
72061	30-34	2	0.00260736024323435	0.00304863450012263	0.00425913560566926	0.00346374535558468	0.002545569122253	0.00277135441211818	0.00260849476383479	0.00208482721949871	0.00241833669326243
72061	35-39	2	0.0029201927020489	0.00356902691517925	0.00503393568786578	0.00421771890002942	0.00297664529994161	0.00257385870579555	0.00248687532222897	0.00227331942566087	0.00310583412616276
72061	40-44	2	0.00377733862505355	0.00461117610663082	0.0051326647646267	0.00535888529906472	0.0040403906611274	0.00334724078816503	0.00314008918334561	0.00271866631695277	0.00304476883000471
72061	45-49	2	0.00454035567262091	0.00506390685384137	0.00658211879163767	0.00626526522507036	0.00442247115262238	0.0044517959929562	0.0037326024430789	0.00382832758906495	0.00470039833159162
72061	50-54	2	0.00817780955957277	0.0073944406815253	0.00767119900710786	0.00808747227130791	0.00686550108156681	0.00599445453374167	0.00580363042867844	0.0052707241303278	0.00522464386888162
72061	55-59	2	0.010674649789283	0.0102308158010853	0.0106861431474103	0.0101814152524177	0.00922674216834413	0.00969995433431976	0.00747296537046134	0.00756809045931239	0.00789860125769046
72061	60-64	2	0.0189827450340601	0.0170105531689488	0.0143791903469947	0.0156775686830611	0.0129889466852548	0.0125781710340267	0.00954077043882464	0.00960138251654467	0.0104873335680691
72061	65-69	2	0.0234055940417712	0.0232429335608658	0.0230150874044048	0.021333095918793	0.019713234377799	0.0167326912716645	0.0157766811745232	0.0154659901166569	0.0144609315791697
72061	70-74	2	0.0344059716771077	0.0310667797077761	0.031643932963448	0.0343462102716408	0.0286044408826831	0.0257853814454354	0.0242421762086239	0.0201761504793074	0.023826594263667
72061	75-79	2	0.0518121112209987	0.0496909849243245	0.0493610066774374	0.0492710739670843	0.0437122599903091	0.042237239069927	0.0327063219689346	0.0325059354267042	0.035539978500856
72061	80-84	2	0.0877577623917966	0.0827980074588594	0.079895209452076	0.0777892428541108	0.0685356949831298	0.0689634566135811	0.0631353105071994	0.0510385209477698	0.057301181769098
72061	85+	2	0.149485799419424	0.158513739599151	0.151414872189278	0.136015150317243	0.141925071467827	0.142385232885749	0.147198368910378	0.139097379298052	0.13008498365353
72063	0-4	2	0.00314217182514073	0.00326555861607256	0.00296969124038005	0.00263313774531458	0.00231743753021594	0.00230695157845667	0.00199823942350478	0.00154101768055385	0.0017175940999494
72063	5-9	2	0.000181277907479245	0.000181147330060877	0.000183930292413468	0.000187619157186164	0.000151629048523513	0.000154847551981594	0.000130580384971339	0.000122248115476045	0.00012267099718031
72063	10-14	2	0.000247613037909853	0.000263354923927937	0.000273045997392623	0.000278906898405728	0.000225808782621276	0.000202413791056602	0.000190197064568767	0.000178664988452693	0.000175482184288863
72063	15-19	2	0.00110453598447966	0.00103670400755577	0.00133301375529102	0.00122630707271888	0.00105031434380356	0.000925444752021281	0.000888143369287711	0.000770264445479315	0.000784262884522972
72063	20-24	2	0.0019027377425607	0.00230567742503153	0.00243737707726816	0.00235192651646874	0.002341155170508	0.00209270318991376	0.00217325297998639	0.0016227495794313	0.00162782512730589
72063	25-29	2	0.00283595127065167	0.00292278977285616	0.00313202995351623	0.00260639194671453	0.00249733087314111	0.00280256912436179	0.00252955867877235	0.00212346865256118	0.00200490788800689
72063	30-34	2	0.00277441326809363	0.00317024844022861	0.00347525836124524	0.00341745014379446	0.00272169181037618	0.00267397613057082	0.0025224932736189	0.00222328823094248	0.00233747067400117
72063	35-39	2	0.00393111868853674	0.00387700513707722	0.00464230644911814	0.00424394031761793	0.00323540230378235	0.00329881142864782	0.00234132548468802	0.00260227437876734	0.00285469695402377
72063	40-44	2	0.00466326698261519	0.00442355385769805	0.00521749840944918	0.00394202382382422	0.00369204988548674	0.00326536172280118	0.00349147995181371	0.00305747832178602	0.00298986973397786
72063	45-49	2	0.005836874501142	0.00592279296793921	0.00606707189635835	0.00536842964273697	0.00533726229700901	0.00492793591314393	0.00390852563351974	0.00382756028974296	0.00417724860213659
72063	50-54	2	0.00782567020314946	0.00850546432753433	0.00917316793515256	0.0079832171702975	0.00713294047138349	0.00572391789052715	0.0060458684950603	0.00489410513588147	0.00607674841821696
72063	55-59	2	0.012168591220015	0.010753548777213	0.0117348345878228	0.0119989109678985	0.00904966558975986	0.00938747355657067	0.00763490903782049	0.0082581621267591	0.00756925520409874
72063	60-64	2	0.018158906963297	0.0183006140265223	0.0198260732247367	0.0185673138606889	0.0134093804072915	0.0135963397740418	0.012169819691491	0.0108405433098938	0.0114177840232074
72063	65-69	2	0.0233667314175982	0.0294575154310922	0.0260938966172298	0.022765215357156	0.0226875161073091	0.0175855898878735	0.0172415522078072	0.016590147067035	0.0140454049871077
72063	70-74	2	0.0353466447135013	0.037512774244985	0.0418296043768999	0.0349571957189498	0.0316432544757003	0.0283371661801098	0.0260108866733738	0.0249426660066988	0.0242043858167046
72063	75-79	2	0.0569636856558109	0.0503119984469597	0.0581143254999996	0.0583633701168975	0.0490093059827018	0.0444702040707183	0.042009205678833	0.0350583019192856	0.0369597734736456
72063	80-84	2	0.0943040447422508	0.0821661436505236	0.0897646680639692	0.0753243988948131	0.0773576040738687	0.0616836510939821	0.0676905309366647	0.057495375567736	0.0568123100088026
72063	85+	2	0.159463841636166	0.174365251180671	0.151114519131969	0.150554993008618	0.132095612156285	0.140698827043812	0.137870865938413	0.126267705609112	0.117629833113583
72065	0-4	2	0.0030723867942855	0.00309450986546921	0.00318993768623505	0.00268526005650406	0.00216461590262183	0.00211381733187949	0.0019668659412559	0.00139349634538553	0.0016250084830526
72065	5-9	2	0.000172224499305962	0.000170817821305535	0.000182612676637943	0.000181978944416401	0.000150130784251565	0.000138218600998862	0.000125463017852968	0.000117183180692441	0.000119046829801453
72065	10-14	2	0.00025472106015146	0.000247609630778371	0.000248352294550722	0.000258247752568762	0.000209095723247497	0.000214190069576763	0.000182861360144002	0.000167850177883682	0.000170237450041859
72065	15-19	2	0.00108377813908082	0.00107934596134474	0.00108346753728855	0.00102115763908662	0.000946481176505489	0.000839555051867894	0.000801122636066875	0.000691872793292138	0.000710593777546467
72065	20-24	2	0.00202409713861255	0.00200213967789784	0.00214716044636571	0.00194567656348937	0.00173215240562834	0.00171780272596818	0.00153302017026897	0.00136745695533957	0.00164227199532108
72065	25-29	2	0.00245806651633291	0.00270144426752409	0.00253082622025673	0.00265023055795736	0.00208890481259992	0.00191332128262739	0.0018052280709578	0.00178525944572969	0.00200871437878259
72065	30-34	2	0.00315702998501185	0.0029117365585867	0.0031941525277952	0.00320221023479199	0.00264907090235136	0.00226740372653416	0.0020103879215723	0.00196918010006937	0.00208402779834917
72065	35-39	2	0.00334572054149199	0.00393634134959139	0.00382613071809053	0.00357132725403389	0.00314180859332001	0.00277195069642389	0.00256377723253821	0.00232662670744196	0.00254509541027751
72065	40-44	2	0.00494738056733033	0.00497532273384832	0.00425614555527649	0.00428500729633918	0.00359180142394439	0.00337030035294801	0.00307615115691925	0.00320484951876648	0.00317935937194574
72065	45-49	2	0.00620440280041886	0.00548403111436589	0.00574904838030759	0.00608176942387369	0.00550203141804354	0.00443709975827215	0.00460236997168045	0.00329826511895484	0.00354827584151027
72065	50-54	2	0.00812941629116815	0.00738087107342369	0.00912792967382717	0.00887011641368126	0.00676665503712845	0.00752647191287203	0.00579157815042642	0.0058983476731025	0.00509438801702619
72065	55-59	2	0.0131742138509008	0.0118346483017689	0.0116159828173595	0.0115809344994975	0.0103953186233511	0.0100089795393253	0.0087724910915158	0.0070397919691751	0.00790982848932512
72065	60-64	2	0.0165464322446004	0.0180813964921344	0.0170695268701776	0.0164111059404661	0.0136264630587115	0.0142475420801357	0.0109986348245144	0.0103161670018439	0.0119958492482904
72065	65-69	2	0.0232472196852552	0.030337521883334	0.0259373301307518	0.0243633385155967	0.0208375452378468	0.0207048262757977	0.0157014808055984	0.016146460831943	0.0162204272173126
72065	70-74	2	0.0377211291038428	0.0384267163940875	0.0368024433914119	0.0355903484973698	0.0340055412160017	0.0290715864762294	0.0238484687839223	0.0223038822452247	0.0253534237983152
72065	75-79	2	0.0495607113139659	0.04947817498666	0.0568230272986467	0.0595624786070475	0.0505588946416254	0.0486887384811058	0.0408170154257581	0.033101359163922	0.0336263591771906
72065	80-84	2	0.0880450665902964	0.075070362769996	0.0791561451960972	0.0834059237255569	0.0859790320434877	0.0700996716726618	0.0668571678106566	0.0520796416397263	0.0572265747741848
72065	85+	2	0.179654602186034	0.16623905154822	0.159046092822992	0.160479273529569	0.157259799781098	0.157849753290527	0.152975995745978	0.126757844354498	0.123798370992962
72067	0-4	2	0.00284891434777371	0.00260114548818393	0.00275788681621363	0.00263256031327169	0.00219119421413109	0.00221046962665248	0.00233167811140101	0.00188091390902675	0.00166308599497027
72067	5-9	2	0.000161249941838593	0.000160789125499957	0.000164613443503515	0.000163412343958922	0.000144927683927117	0.000129868575038405	0.000122235198206482	0.000109081997194388	0.000112232698351813
72067	10-14	2	0.000246424657382727	0.000245752606772248	0.000241051992361556	0.000229430309089426	0.000203646417482271	0.000186474401389829	0.000171633247353719	0.000156791387208697	0.000161402108020513
72067	15-19	2	0.000981281739348652	0.00101482408751926	0.000975585882674975	0.000974276761796595	0.000837579375517326	0.00078699580053219	0.000725785435237739	0.000664433573008176	0.000687934580219821
72067	20-24	2	0.0019290544242596	0.00197928409975343	0.0020456234075973	0.0020655215206845	0.00170918435090165	0.00159095203118255	0.00154903444103383	0.00136878589623166	0.00137055988791552
72067	25-29	2	0.00237940378423706	0.0022743952032696	0.00249467560563333	0.00230984692908117	0.00223896051830623	0.00200066075278624	0.00176977599445802	0.00178198254654743	0.00174839762235427
72067	30-34	2	0.00267689100984182	0.00318563886199407	0.00288306286273403	0.00276787460301279	0.00238189067388923	0.0023881630343037	0.00223953374910807	0.00194503217746247	0.00209135655811101
72067	35-39	2	0.00311706995294426	0.00341345660083486	0.0033447870558865	0.00324583633986835	0.00284795872170037	0.00266856836375665	0.002589021677535	0.00229064045657017	0.00230045872786825
72067	40-44	2	0.00386805304224275	0.00414118240515527	0.00407756203598662	0.00385811005371605	0.00366629044305579	0.00348483620847294	0.00298547783471317	0.00298369073961206	0.00299687863432
72067	45-49	2	0.00503368508563335	0.00524088529997509	0.0054012151468885	0.00508998391809976	0.00435580844029858	0.00410361995018339	0.00423635753418038	0.0039494733669583	0.00385769049457006
72067	50-54	2	0.00724752663101117	0.00768370550353236	0.00744040426799287	0.00735154581536338	0.00712894219829171	0.00680371263807216	0.0063235793361632	0.00490859807350469	0.00545762577031848
72067	55-59	2	0.0118185948240575	0.00989358407424888	0.0106868740818105	0.00954999661693027	0.00938801319652603	0.00844462551987035	0.00857267431114554	0.00741055276274763	0.00695045875627199
72067	60-64	2	0.0157814573775644	0.0148651594883645	0.0150099982699579	0.0142770438592507	0.012487261468567	0.011356195236429	0.0115922614974717	0.0106255179386843	0.0115481656356269
72067	65-69	2	0.0211336433300217	0.0251033520862025	0.0222643195565784	0.020071193233346	0.0207147139804287	0.0163751845017936	0.0159916071036058	0.0137218490305017	0.0181852593427861
72067	70-74	2	0.0339111879169292	0.0361780376966849	0.0352426665157958	0.0326631771531784	0.0295287554730538	0.0269249764034164	0.0236991957624078	0.0216264316520753	0.0220329487533076
72067	75-79	2	0.0442260084122674	0.0521810845189972	0.0485025686574085	0.0531342105671899	0.0429939653980549	0.0385589708483455	0.0406076722758052	0.0372261509338606	0.0322475186059174
72067	80-84	2	0.0809457058871757	0.0763307404226171	0.0812440543928787	0.0847348094555026	0.0702477838855932	0.0686464444227551	0.0561184070185481	0.0554197902744931	0.0526047610430019
72067	85+	2	0.149662589029083	0.116290527212862	0.136821828244269	0.117614907824163	0.121384558348097	0.119255623692437	0.109679212774025	0.101786764145324	0.117108063570865
72069	0-4	2	0.00340304994607833	0.0036171780749425	0.00323863065135273	0.0027805554288808	0.00264384690311129	0.00238318163041166	0.00218514842204441	0.00190488601526873	0.00222650072191075
72069	5-9	2	0.000190604783534337	0.000200876770651891	0.000191762753648574	0.000189055913701055	0.000163871496063843	0.000159908406131645	0.000139275490011379	0.000134774899790207	0.000139774868513092
72069	10-14	2	0.000310651631917584	0.000275562507949785	0.00027930008750279	0.000271324883549234	0.000236554243312067	0.000231143902677687	0.000197650488768202	0.000187944874117508	0.000190926002153047
72069	15-19	2	0.00124200878455187	0.00120193433708874	0.00128433065399341	0.00121962246846443	0.000963314378965745	0.000985284088012508	0.000959159225568063	0.000840202758767357	0.000855852914853846
72069	20-24	2	0.00239788254684322	0.00232118912031922	0.00234471415557206	0.00231427571073259	0.00214225883932161	0.00238523840279239	0.00217898139626386	0.00181338750061969	0.00172865219102127
72069	25-29	2	0.00297819702930819	0.00282794770678441	0.00342268587136216	0.00296009910518209	0.00254470297185529	0.00273368198712727	0.00286359025294747	0.00253588428551307	0.00193066101769914
72069	30-34	2	0.00340750894594477	0.00373865192650523	0.00412327887503115	0.00374884076055868	0.00287846790894643	0.00294871939899895	0.00250102122311423	0.0026116742632601	0.0028965464015269
72069	35-39	2	0.00399290741938425	0.00421426676134815	0.00419045877558533	0.00378233182481505	0.00344410336256173	0.00353943764303316	0.00319483644572681	0.00263059825995956	0.00340752410555357
72069	40-44	2	0.00399233426063705	0.00445911413994582	0.00647093948817464	0.00572421953883267	0.00408591166905384	0.00451568179148227	0.00328543431329661	0.00338454909809021	0.00400811102278645
72069	45-49	2	0.00635349109281044	0.00610962018624237	0.00734811864053139	0.00630098682747476	0.00558367793905607	0.00547275873388798	0.00387676258447751	0.00462711741004459	0.00431304190954925
72069	50-54	2	0.00884326049990522	0.00949540843651288	0.00973883251147034	0.00879628377899775	0.0081662929465332	0.00753794701744246	0.00727846955458302	0.00627850042575596	0.00586718672366462
72069	55-59	2	0.0135558569125266	0.0124840168349024	0.0122710148245357	0.012767474866403	0.0109721280862292	0.0110627453485378	0.0101560809098355	0.00924603100344248	0.00920811222684193
72069	60-64	2	0.018483395945784	0.0194158926980337	0.0192726410604436	0.0177650995272258	0.0161786506958436	0.0138714722200553	0.0127682544364485	0.0122551493981723	0.0105486937555927
72069	65-69	2	0.0264889364318704	0.0303498539127935	0.026628955158052	0.023379305824361	0.0216882317435735	0.0204516879875776	0.0173043041316817	0.0182304893597705	0.0160624326049151
72069	70-74	2	0.0426913185475078	0.0407304277546109	0.0447242114395294	0.0400073661022291	0.0326637217643182	0.0294230581657441	0.0252376449294701	0.0240277052944188	0.022256070724782
72069	75-79	2	0.0599132896367004	0.0607742336329259	0.0629527703682748	0.0547815382354331	0.0532368983085789	0.0441737094000446	0.0382564795092478	0.036877445425706	0.0307618656769265
72069	80-84	2	0.0965990891804069	0.080078077479901	0.0889056364280241	0.0871821145425906	0.071566516611933	0.07210632035972	0.0703330390041485	0.0543119904787336	0.0581723993586758
72069	85+	2	0.18489960405321	0.132546824359472	0.146500134417873	0.171579886200643	0.154461735476195	0.166224915852047	0.1413503432302	0.132973965265722	0.097848980147099
72071	0-4	2	0.0033805033335133	0.00297841134275468	0.00306284712052721	0.00276409987556064	0.00213171039054803	0.00192830879252982	0.0020992198223874	0.00170307050290399	0.00174287965579287
72071	5-9	2	0.000181530413280112	0.000183045109696522	0.000195670860676408	0.000179417733675667	0.000158511969872821	0.000141646970201249	0.000130130587732297	0.000119443448693614	0.000122159367110887
72071	10-14	2	0.000240991615085079	0.000263514350534584	0.000281657887316085	0.000254730892988674	0.000230665887991624	0.000219653314991053	0.000185373928609917	0.000174112467356338	0.000174225137619976
72071	15-19	2	0.00108777157177025	0.00108104686499739	0.00110928077151243	0.00117625169664786	0.000955005408492776	0.00088019662773882	0.000789198338655011	0.000725701394990137	0.000731824489527299
72071	20-24	2	0.00229158506684663	0.0021724657342936	0.00218066834444112	0.00213422690975056	0.00201170840089568	0.00170579368149731	0.00167969192578809	0.00155823885581703	0.00138497675505079
72071	25-29	2	0.00247383029509013	0.00266338035588624	0.00249220016724488	0.00261616402311215	0.00230406753490398	0.00210286519128212	0.00220097201792752	0.00178762124219262	0.00185866054090281
72071	30-34	2	0.0029066903222142	0.00344175508546733	0.00311035352662263	0.00304453478479484	0.00270437076445547	0.00267217759492919	0.00229705514565382	0.00239540980967541	0.00212428877131664
72071	35-39	2	0.003395459472527	0.00430322449962252	0.00353219776721239	0.00328358783868466	0.00321782446864159	0.00234251878384781	0.00266306644525803	0.00267174919304817	0.00291653715639112
72071	40-44	2	0.00467546082024104	0.00487245629477841	0.00447650641436472	0.00471593935167597	0.00382931751363062	0.0035106503847518	0.00318750800952986	0.00293250989588496	0.00327155302135042
72071	45-49	2	0.00619709849210131	0.00560529609712189	0.00671101548325047	0.00553789620048272	0.00545607521331262	0.00451603835358864	0.0037750459464874	0.00362987543651424	0.00397112314812207
72071	50-54	2	0.0085874025112204	0.00845508066605591	0.00799497037452644	0.00884754110891533	0.00753743262334568	0.00728485780060657	0.00621832843630144	0.00624627640138819	0.0065051462618021
72071	55-59	2	0.0128276448388642	0.0110638491014395	0.0131813673432991	0.0128535050139249	0.00995846184759737	0.00975240218231289	0.00993952198657236	0.00794311442958697	0.00733415684579288
72071	60-64	2	0.0165737573230233	0.0193282592170298	0.019741283349225	0.0184915436714512	0.0151358023499968	0.015343075678171	0.0134962291602556	0.0110146358703136	0.0102043358387608
72071	65-69	2	0.0211089900845517	0.0246175409075615	0.02731540824681	0.024261641775781	0.0237952791317241	0.0187067336834653	0.0176590636002327	0.0192838120401116	0.016717824878966
72071	70-74	2	0.0375097611457349	0.0403288697406068	0.0402096966629762	0.0370184194774584	0.0330371542968622	0.0317612915922082	0.0266178925049984	0.0250118519543972	0.0234616043971695
72071	75-79	2	0.0406539715907955	0.0573269207945983	0.0562296379451282	0.0609150279200486	0.0548741696164369	0.0488344069648775	0.0430697624411739	0.0326014329115687	0.0389465051551008
72071	80-84	2	0.0850410475666222	0.0867068740310319	0.0801171501186555	0.0935602504580114	0.0872853010701025	0.0762404700566543	0.0679149680153296	0.0585608343532458	0.0592423267860041
72071	85+	2	0.176129214126431	0.168852215912281	0.174995888278642	0.166589047639534	0.138008685374602	0.147426618692705	0.130200439672876	0.123005347687335	0.126314206535058
72073	0-4	2	0.00332211565882717	0.00348738238787224	0.00336113570777966	0.0034509140697193	0.00246234523781338	0.00244980392560823	0.00218693338406194	0.00178423391602594	0.00161833630450578
72073	5-9	2	0.000174404915145741	0.00017411970762508	0.000182768490708074	0.000173623093237903	0.000148702119759637	0.000139432133760546	0.000133047267193225	0.000116539488531141	0.000119552384880752
72073	10-14	2	0.000249121784360468	0.00025399729721514	0.000255257686862971	0.000264451603498826	0.000212675922644312	0.000199562162309619	0.000182629017917901	0.000167522450703216	0.000171843820746405
72073	15-19	2	0.00106405594795481	0.00108731922587255	0.00106982437519776	0.00105611208973634	0.000932564839822033	0.000843470427310907	0.00081036660787986	0.00072321125420767	0.000746756323806408
72073	20-24	2	0.00214753089143672	0.00210469719077379	0.00214107588943579	0.00217443546237086	0.00174200294211241	0.00179326116332323	0.00156591680021421	0.00149395313159819	0.00145812875062341
72073	25-29	2	0.00251061994628103	0.00255240475065477	0.00291348734718134	0.00246630301114417	0.00222593530771714	0.00205392091226977	0.00208095714645147	0.00183304301609072	0.00196221421485371
72073	30-34	2	0.00309126356762891	0.00280659058534357	0.00306546163800353	0.00316824756141918	0.00266970660655337	0.00246551200026499	0.00223913747052121	0.00204317790304662	0.00228012608167151
72073	35-39	2	0.00382324064663836	0.00337898903925861	0.0036606904528707	0.00368686180137692	0.0030637090592273	0.00309697922441092	0.00259641651802253	0.00235740732002715	0.00256128699114238
72073	40-44	2	0.00446713077942229	0.00423130873184533	0.00436009615961189	0.00453461684948356	0.0034876522928628	0.00377395385823973	0.00323836130798014	0.00315588546589472	0.00323525022614313
72073	45-49	2	0.00530004934481058	0.00615244817554535	0.00586589638934109	0.00525605570365487	0.00446339694768052	0.00465164285509887	0.00422311532012951	0.00365812278706813	0.00419884104642907
72073	50-54	2	0.00814134962638865	0.00867835100716243	0.00852845762450508	0.00897401382805306	0.00643073817930924	0.00721001213480732	0.00596867534460853	0.00562403095008869	0.00546861701280693
72073	55-59	2	0.0131052973368366	0.0116769625492198	0.0126034802258474	0.0118021624011321	0.00959601354423367	0.00894040572558134	0.00805916700349201	0.00839651918560212	0.0084854628546175
72073	60-64	2	0.0157419752072556	0.0183779730719064	0.0185639040761985	0.0176917585901469	0.0148656125629653	0.0140996791252642	0.011630415024018	0.0110026654120841	0.011299160482592
72073	65-69	2	0.0264185140339094	0.0237707953933282	0.0253171812597211	0.0205906704644152	0.0223484686124381	0.0163073576405416	0.0173382108820611	0.0142841111646152	0.0154232156599408
72073	70-74	2	0.0386455272451627	0.0394327497023207	0.0398489439815593	0.0373539533653232	0.0385385063136996	0.027137185167807	0.0249286326787814	0.023922874895231	0.0211114081023664
72073	75-79	2	0.0523014354170778	0.064977875458086	0.059146513061287	0.0477398770757922	0.0463857321386302	0.0440491531498272	0.0362329325846093	0.0333267274969953	0.029517316228008
72073	80-84	2	0.090343794687486	0.087193331171483	0.099689490601078	0.0955090830312246	0.0862913433975187	0.0668862344783856	0.0660300671373717	0.0581335238760438	0.0510756390809324
72073	85+	2	0.169511843948943	0.191525743211248	0.169721437252782	0.16496534423264	0.132391882932683	0.128198237740791	0.128374845915992	0.112140830268714	0.12469187205862
72075	0-4	2	0.00447368293447451	0.00327087917144657	0.00367461492688621	0.00295213236063946	0.00237275803281469	0.00249425031330997	0.00209888385252515	0.00193658012137568	0.00202607881674892
72075	5-9	2	0.000194560596496499	0.000182899937583565	0.000213187182169907	0.000183712490044861	0.000170073001732883	0.000152592448240283	0.000136668111272584	0.000127730347732495	0.000129435717178428
72075	10-14	2	0.00030914737230416	0.000290378039604206	0.000280669524971564	0.000299113949050076	0.000245533798786937	0.000220377698330265	0.000198343019916475	0.000186294957564353	0.000192881594205794
72075	15-19	2	0.00107127672689453	0.0011805629333662	0.00111649731167275	0.00119320317090099	0.00113451883655938	0.00112560365696607	0.000998176712266626	0.000747696490029223	0.000753109459461187
72075	20-24	2	0.00199432687008207	0.00233498504856789	0.00198736522190474	0.0027003333699222	0.00242715152546569	0.00235385664088188	0.00209055910508424	0.00151389098483726	0.00167548694118999
72075	25-29	2	0.0027395527956622	0.00293513755406266	0.00281885408158872	0.00324439266876483	0.00285929749374671	0.00273098425608179	0.00234682034018583	0.00190474840929154	0.00239331417544163
72075	30-34	2	0.0028937072076693	0.00311103802632576	0.00377760686862204	0.00305909727419089	0.00264691254432921	0.00286167530311371	0.00281759903377266	0.0023887390217967	0.00262030100990432
72075	35-39	2	0.00359358914690164	0.00480378206214198	0.00505449937722828	0.00378567856221706	0.0032894756562701	0.00298091598006806	0.00261047700075613	0.00264441509365075	0.00292465727558976
72075	40-44	2	0.00430290621765691	0.00483118650238578	0.00479681226880956	0.005201062272781	0.00411715650238695	0.00400099477312883	0.00328619767234755	0.00335349800944435	0.00315297548619672
72075	45-49	2	0.00598602665091009	0.00520243372022014	0.00617551734397001	0.00657184456236267	0.00582903936181813	0.00451396207172802	0.00463771742843271	0.00416469783699144	0.00420658725894547
72075	50-54	2	0.0081226624455491	0.00888213401796176	0.00952358805482631	0.00885059776833361	0.00706304990398218	0.00781906941270011	0.00566911092208255	0.00557499309931542	0.00557081155877372
72075	55-59	2	0.0132123574386955	0.0123638392102301	0.012236702986724	0.0108154849372362	0.0102268740639789	0.009350247589728	0.00871068143613687	0.00862342424725671	0.00832201809147949
72075	60-64	2	0.0190270255785948	0.0183531457592594	0.0166376259179044	0.0182587393186466	0.0164776672406995	0.0147103548172932	0.0139620294683229	0.0122124592857793	0.0122566900308152
72075	65-69	2	0.0250763052291745	0.0265663238561589	0.0266306941220017	0.0291961274993081	0.0242573585112928	0.0180737528482693	0.0171421090435822	0.0163507848493325	0.0164288891074645
72075	70-74	2	0.0462433966972091	0.048971099903721	0.0412177167483741	0.0370783178641134	0.0355821457396084	0.032709595630019	0.02782172971088	0.0202257031909578	0.0261548043565828
72075	75-79	2	0.05435800562181	0.0654873102580534	0.0583124156953302	0.0669671762269898	0.0600707934242637	0.0480489052559623	0.0418991191549653	0.0393599844412637	0.0397699525469483
72075	80-84	2	0.0985927373060415	0.0865617414948726	0.100920647238896	0.104480918676988	0.0841900537048381	0.0672852456330894	0.0687733633772749	0.0663374596224263	0.0631304323100823
72075	85+	2	0.173863463410243	0.158451044628502	0.167793584731228	0.1451924851958	0.165624558651845	0.130735886147379	0.131863434481838	0.115133312792783	0.114298845598087
72077	0-4	2	0.00340283374379629	0.00358883518052519	0.00312985590043235	0.00319100415464066	0.00258241601085698	0.00251734812872994	0.00224659499113066	0.00188558744522047	0.00198815427933823
72077	5-9	2	0.000210779014196495	0.000206899650522914	0.000212431576334723	0.000209780417017962	0.000172118579188196	0.000163610721027045	0.000149446440441872	0.000132100742503535	0.000143207695953628
72077	10-14	2	0.000293510378003944	0.000306170678844499	0.000294942905138144	0.000291979079090014	0.000245245861065885	0.000232730414118656	0.000222070312353583	0.000192806323814898	0.000195967435577406
72077	15-19	2	0.00121014241565724	0.00119620576757318	0.00135565298905858	0.00124887862606635	0.00117753263288937	0.0010383967350924	0.00105237719370322	0.000848993456541558	0.000789212689772925
72077	20-24	2	0.00233659199724547	0.00257459832057951	0.00265200013067643	0.00282640170044216	0.00240321413283081	0.00263732573965092	0.00225942970446754	0.00174851663361965	0.0016505240568496
72077	25-29	2	0.00313321925226527	0.00297510096555844	0.00391637761948913	0.00280484697877611	0.00283825715427946	0.00281829824729197	0.00294964440697196	0.00239000196888874	0.00227308252735505
72077	30-34	2	0.00358586391862305	0.00379374273284741	0.00424818607419059	0.00387937046507224	0.00291456972524527	0.00317730001579933	0.00265496993697569	0.00237063325443595	0.00231273984694841
72077	35-39	2	0.00378061392800302	0.00486821717565655	0.00499407553651899	0.0046562928848474	0.00349558011422699	0.00327160327352843	0.0028740707233471	0.00295365034595698	0.00324090855657311
72077	40-44	2	0.00570376527810957	0.00525776917911575	0.0067998212430742	0.00530557741274109	0.00440198721227877	0.0041058902095382	0.00363215620269687	0.00317172401848789	0.00385840062609721
72077	45-49	2	0.00655971955869745	0.00718870753313005	0.00614187411904615	0.00658630339542649	0.00564383367209355	0.00549145843139086	0.0046823633240659	0.00474429675650156	0.00484413455024953
72077	50-54	2	0.00883862047489333	0.00884173335439141	0.00984043801763282	0.00984246572786204	0.00787287384302441	0.00876180177245459	0.00830501281933123	0.00555142848151431	0.00667035594138461
72077	55-59	2	0.0141166506793239	0.016150094201613	0.0144979100754437	0.0135752991138958	0.0102642533317354	0.0107190310032917	0.00896868665214481	0.00908563251422933	0.0088487465664763
72077	60-64	2	0.0194426563090037	0.0181667155532896	0.0173205672224457	0.0159599563102677	0.0167980147776032	0.0147872410231339	0.0138295248986786	0.00958989964179885	0.0149468150268169
72077	65-69	2	0.0267074027154089	0.0292014979502775	0.0264360266046399	0.0283101234869476	0.0236002325418406	0.0225513344868303	0.0187261863830995	0.0170029624655515	0.0189657891121968
72077	70-74	2	0.0420470363282568	0.0412442956631147	0.0435800121274421	0.0388033815043445	0.0282055317770689	0.031607608431987	0.0280693816506194	0.02446298652455	0.0262559205648455
72077	75-79	2	0.0563100509928071	0.0572043854405497	0.0560519640230517	0.0560743982331319	0.0499636821734309	0.0503428116322949	0.0454977549141291	0.0388778165549644	0.0390284938872252
72077	80-84	2	0.09255597919066	0.0987347893216544	0.0990304858201612	0.0990203015926534	0.0914373366910313	0.0788602811148801	0.0736538063376028	0.0587453126889764	0.058771685397744
72077	85+	2	0.181882071026409	0.185436617268175	0.1922798487791	0.176904869960684	0.161721277324749	0.146551348232342	0.138846527909678	0.128198472454241	0.120655716664859
72079	0-4	2	0.00284247963368918	0.00291807067412021	0.00309673112877576	0.00267949268122788	0.00261980987552351	0.00227467795303248	0.00230017215894546	0.00147070767081145	0.00171940887446619
72079	5-9	2	0.000178252298995682	0.000173009436756598	0.00018650082780435	0.000181860638457415	0.00014979596665431	0.000140231513033346	0.000129489445068001	0.00011797915305468	0.000120965497499908
72079	10-14	2	0.000249414926291605	0.000274758733685405	0.000254922488282529	0.000260270920156469	0.000219434430222258	0.000205128287050693	0.000185426168552374	0.000169486754392217	0.00017363782339715
72079	15-19	2	0.00102820496628794	0.00103074004362276	0.00116634699271783	0.00110419868145696	0.000909031840550406	0.000816614969041568	0.000760939378980927	0.000718695257204741	0.00075981777786321
72079	20-24	2	0.00205322275032389	0.00213483279132573	0.00213239049251374	0.00206771240165924	0.00180010261437485	0.00174522023230083	0.00159999362569401	0.00146625237944333	0.00163290723486567
72079	25-29	2	0.00255395932045795	0.00244999373220911	0.00277880623136888	0.00269681076137483	0.00208548258038701	0.00195048098543247	0.00193069032658139	0.0017950545273135	0.00173170708922435
72079	30-34	2	0.00281982985743383	0.00305227809727534	0.00314622976313526	0.00299803038031898	0.00250824052605241	0.00239431063446406	0.00214185502506513	0.00212414560329883	0.00203952061620152
72079	35-39	2	0.00388398049963525	0.00343773993012354	0.00370533203472107	0.00338293505282289	0.00350004875385873	0.00274745072503842	0.00277095124096863	0.00241506580239192	0.00288087248443152
72079	40-44	2	0.00416066827676433	0.00435899568391897	0.00526820284663801	0.00423589245226065	0.00378961569675177	0.00346172223267874	0.00332138140471232	0.00295577835037086	0.00341616204073063
72079	45-49	2	0.00566433092084583	0.0058761145149529	0.00579673916072591	0.0062107147193587	0.00470924372881338	0.00439110612316397	0.00436769129287813	0.00426320886615202	0.00391231409314208
72079	50-54	2	0.00743022624430096	0.00777822375385535	0.00889591631916818	0.00890059199254945	0.00653203706361057	0.00668389044278605	0.00650115842740336	0.00532725460011215	0.005504342614082
72079	55-59	2	0.0111852640781777	0.01292993167853	0.0115154625254254	0.0134667898989199	0.00973864240337694	0.00995451883732357	0.0102905767608941	0.0078577243306257	0.00783503290179037
72079	60-64	2	0.018845848996027	0.0192496663720186	0.0177497811361251	0.0155189919147152	0.0145042979774664	0.0143422355301409	0.0135496150313554	0.0130077227977895	0.0119560558150882
72079	65-69	2	0.0234035036173694	0.02349063842299	0.0211365144564676	0.0200210653349286	0.0204215903266459	0.0201015148104305	0.0198990455399541	0.0167326885838226	0.0161757046164448
72079	70-74	2	0.0397664380907022	0.0378478693706381	0.0384134880815214	0.0385349502967863	0.0331245290425982	0.0246235522483042	0.0257334368013004	0.0251228063465921	0.0247369574231661
72079	75-79	2	0.057116878727386	0.0489847437312585	0.0479724852884135	0.052322926150955	0.0486193577529136	0.048386583231752	0.0390781449353393	0.0369696418050151	0.0378895541363031
72079	80-84	2	0.095492019189969	0.08372857111103	0.0946545370407003	0.090615849219708	0.0798823230503046	0.0722194433971754	0.0614232379139434	0.0525448008771345	0.0589489570613872
72079	85+	2	0.165006918086831	0.148600450728646	0.162494306825818	0.177601979658715	0.157326984322906	0.154060225266922	0.139184132278329	0.121934560907795	0.103184416149751
72081	0-4	2	0.00330049818237157	0.00272261901233504	0.00334304733559848	0.00264760084735202	0.00224194004396939	0.00192625241216203	0.00202776246074384	0.00180636543937296	0.00181952044763263
72081	5-9	2	0.000173351992213981	0.000167539376567706	0.000179173503817629	0.000172649973023368	0.000143028363941615	0.000134561703786562	0.000124759612625538	0.000113549189264004	0.000115983338544097
72081	10-14	2	0.000235534328097436	0.000258507742516888	0.000248709882933069	0.000250521861303938	0.000222078129844389	0.000200662751887646	0.000178406982635894	0.000162809349896849	0.00016621274106236
72081	15-19	2	0.00105340494444625	0.00111136627565968	0.00107336174937842	0.00108863419605034	0.000924493308898208	0.000815441292240405	0.000741334241684552	0.000701190400628178	0.000707092309806077
72081	20-24	2	0.00218222887815753	0.00224609822321786	0.00203410131125275	0.00184528982524389	0.00174009113712593	0.00171234820866798	0.00164292119202551	0.00136569753936789	0.00137329215379348
72081	25-29	2	0.00252041062684511	0.00266855320280411	0.00250004316174415	0.0024434277635918	0.0020184533813755	0.00191649657353082	0.00183441412487279	0.00168315929751164	0.00187590183086391
72081	30-34	2	0.00291412568993376	0.00303466112526587	0.0029416446563643	0.00281594883634164	0.00242051819694958	0.0022027223256512	0.00204562670847722	0.00184276773336155	0.00223167592900281
72081	35-39	2	0.00387610070870299	0.00341224555924227	0.00406399536041133	0.00330883568345026	0.00289684130665559	0.00278687158243611	0.00228748671853343	0.00244331750554408	0.0022765644099362
72081	40-44	2	0.00409556952496498	0.00457160220188821	0.00488692662155137	0.00400750745368184	0.00360582709425468	0.00295816884659188	0.00304129225668579	0.00320255108472111	0.00314593010033532
72081	45-49	2	0.00622599022630126	0.0053325044542427	0.00587227278494397	0.00576068570958737	0.00426354717916814	0.00438801618839379	0.00387329642258945	0.00363659798384338	0.00356902477981926
72081	50-54	2	0.00811627737605482	0.0076985616953952	0.0084202703898029	0.00749830252189423	0.00642465677528948	0.00597406973005	0.00540811237096298	0.00622276073946156	0.00683591802809234
72081	55-59	2	0.0115122727445441	0.0119853535938432	0.0109856801034738	0.011849092815007	0.00943655705698228	0.00870332004619063	0.00676028641606449	0.00706845976031202	0.00795406830116556
72081	60-64	2	0.0159925115502401	0.0183303312105298	0.018254023106939	0.0173772615272939	0.012764989799893	0.0123112740458812	0.0115152316619336	0.00993280926232178	0.00908303250879741
72081	65-69	2	0.0273932876344408	0.0263733569956234	0.0259438716940202	0.023330160063941	0.0193812086365312	0.0215658412479631	0.0177877344110592	0.017465725809685	0.0142045996831598
72081	70-74	2	0.0404329144940162	0.0394707763074764	0.0408023798049315	0.0336818126231178	0.033693106073693	0.0284901914852422	0.0243322400485174	0.0261323626519854	0.0230320065523048
72081	75-79	2	0.058153282521388	0.0577137095366589	0.055640269885941	0.0470317212964518	0.0495910204001005	0.0459030555901902	0.0332113991118395	0.0367617042367091	0.0367749849134759
72081	80-84	2	0.0897150896928241	0.0796756832486009	0.0729888727257573	0.070941587479504	0.076271800716112	0.0742255579843144	0.0623495720853058	0.0547562149573768	0.0519738076632896
72081	85+	2	0.179469908804836	0.15416454070547	0.144090064318949	0.154756911872613	0.145441686853342	0.143451100675719	0.117492878794694	0.10784011140161	0.104981963306734
72083	0-4	2	0.00326408976123766	0.00296018270292678	0.00303173723373867	0.00260730682536329	0.00220608109058971	0.00208493082784598	0.00206417583450193	0.0016234286442493	0.00156425251372321
72083	5-9	2	0.000160126706884208	0.000160017699469223	0.000164093662715684	0.00016071268961617	0.000137620564315936	0.000129304427037069	0.000117284400221035	0.00010824420302927	0.000115851129054725
72083	10-14	2	0.000224955513642228	0.000229584495479651	0.00024053164773029	0.000230640100287778	0.000202089425039343	0.000185947783543357	0.000168793120608197	0.000155899594847015	0.000159579579851423
72083	15-19	2	0.000988721916220265	0.000970263298864477	0.00101555958535899	0.000993146709705896	0.000856107826490142	0.000825020875586457	0.000722264420751318	0.000671050917125101	0.00068813885141251
72083	20-24	2	0.00195491221783744	0.00199989734558928	0.00203890315964871	0.00197496620948429	0.00163223231550058	0.0015837112208513	0.00142336954012224	0.00139189162403735	0.00158895394103615
72083	25-29	2	0.0023062130444664	0.00243483062060639	0.00252622236877669	0.00241254600068527	0.00200535769192231	0.00193663737921456	0.00182074340491879	0.00169562111948894	0.00171238151502429
72083	30-34	2	0.00270306921688027	0.00284399737656896	0.00283935126606559	0.0030175173425366	0.00232970671945367	0.00225501433956918	0.00202537808990588	0.00199156231674717	0.00199840097780598
72083	35-39	2	0.00348972136608319	0.00347796283680494	0.00374427555201097	0.00347685673555035	0.00295071860078797	0.00275313969044704	0.00238183818209148	0.0024101187149186	0.00228829785945208
72083	40-44	2	0.00386935701574711	0.00412536927918387	0.00439641226132045	0.00392570535927235	0.00347499387159438	0.00319498196378449	0.00295120484064108	0.00279823728891126	0.0028876163693909
72083	45-49	2	0.00490983112208976	0.00509445086295834	0.00522477706674443	0.00548362065651211	0.00440789752685655	0.00430965389035798	0.00368940141883324	0.00360881066979332	0.00359983634476583
72083	50-54	2	0.00721373995185463	0.00824135358679855	0.00703948141786408	0.00783643404147956	0.0064214866315657	0.0057565242744898	0.00525359133611633	0.00571783767483796	0.00509327257110523
72083	55-59	2	0.00990062442165079	0.00968944152622473	0.0108955944510947	0.0106135472532201	0.00925313086978981	0.00823437512275075	0.00726614616928326	0.00728474042617059	0.00823075090019731
72083	60-64	2	0.0160293976119434	0.0161097467696211	0.0160760158553663	0.0150158405590943	0.013028846924546	0.0132017700988546	0.0097872855220349	0.0101052636533239	0.00966796158731961
72083	65-69	2	0.0200235325597334	0.0212783884444265	0.0218541105996487	0.0227865765982862	0.0178129479582154	0.0189018482811892	0.0161068378670827	0.0142452910525396	0.0152673906669326
72083	70-74	2	0.0338935229176866	0.0353067924733344	0.0323996912351116	0.0304017246217655	0.0308781671097417	0.0276416030249163	0.0251392546027638	0.0204647775122507	0.0198910667815669
72083	75-79	2	0.0499443223570002	0.0507889776332775	0.052593017749516	0.0472613745758439	0.0439100905194472	0.0362439673510963	0.0358572729746619	0.0312638120199875	0.0365953549648837
72083	80-84	2	0.0802052663860182	0.0806728266353848	0.0738458485427447	0.0776785515947395	0.0626902237060031	0.0625548018768468	0.0660032796285256	0.0522803525777033	0.0474223465263788
72083	85+	2	0.121548936826382	0.138072509374705	0.130567760083625	0.176266921468044	0.157942099420764	0.146537383299524	0.114327780677163	0.121900613713961	0.120976348508954
72085	0-4	2	0.0033567682129646	0.00325340160815042	0.00277045111635225	0.00263825371258501	0.00221108008903898	0.00211731584896821	0.00205795674008776	0.00154142871430048	0.0018267957911903
72085	5-9	2	0.00016882013237554	0.000176056760837621	0.000197385862784414	0.000170424334969326	0.000154008374226913	0.000137351469623778	0.000127933807537567	0.000116764501425443	0.000120541521420245
72085	10-14	2	0.000251711850913969	0.000250759622657233	0.00026882350209516	0.000242892205830339	0.000215194881901693	0.000196226516210781	0.000190832441387137	0.000167092735433612	0.000172470375141875
72085	15-19	2	0.00110771192197515	0.000990049853234308	0.00106431577633013	0.00112245205983126	0.000849530893199474	0.000862752978166663	0.000896474356611206	0.00072173890131753	0.000733961310257199
72085	20-24	2	0.00202802001585336	0.00223600048240111	0.00260754595464075	0.00231624450281441	0.00213353528017543	0.00165088997055163	0.00219243644906513	0.00169701536717098	0.00157517565918424
72085	25-29	2	0.00271577675381087	0.00276649033448079	0.00298990810662817	0.00240341518257311	0.00241564837139418	0.00203445366026549	0.00201662641900099	0.00194264012548201	0.00239408235265657
72085	30-34	2	0.00299445402078804	0.00321081112995133	0.00360580230394921	0.00292234645605804	0.00247672996215671	0.00240724853736498	0.00263503580302646	0.0021831381294538	0.00219847130120282
72085	35-39	2	0.00343350299212263	0.00348819785670236	0.00406649644489211	0.00382855152573832	0.00309991835525181	0.00312074800121694	0.00269315105008746	0.00233588116962278	0.00280467549868604
72085	40-44	2	0.00466075675530474	0.00411880451395114	0.00446694628671959	0.00458806846253115	0.00349438479447036	0.00345689805879088	0.00300851991400731	0.00273326710809228	0.00342775748690117
72085	45-49	2	0.00604430296152303	0.00538032675460052	0.00616825092496527	0.00516958385641102	0.00511141519204716	0.00433581044905669	0.00388385973794097	0.0038904760079587	0.00399881075526441
72085	50-54	2	0.00832446578602927	0.00762954427385186	0.00680929230541049	0.00728230558605191	0.00690734957161851	0.00589999518931404	0.00554323126116134	0.00514696230732658	0.00588700240119253
72085	55-59	2	0.0111655171566684	0.0113900321682985	0.0132586881025937	0.0108740622571538	0.0110625214390816	0.00817556539622725	0.00779202871882967	0.00912029221919289	0.00867966442501921
72085	60-64	2	0.0143431400275115	0.0196401933124065	0.0170784921003518	0.018432082761545	0.0153307539603328	0.0119415791302863	0.0121070816816795	0.0115893656913894	0.0117406621418412
72085	65-69	2	0.0228073080795881	0.0247114857426838	0.024775748690007	0.0226410073446712	0.0185075162263859	0.0187771598877943	0.0201781504406167	0.0162951318927029	0.0161465912473185
72085	70-74	2	0.0345857776166179	0.0357133723193359	0.0411782268487329	0.0367876651447777	0.0297789413967434	0.02884638931842	0.0277622346686093	0.0228369098385401	0.0225183630745161
72085	75-79	2	0.0452088685518028	0.0546685492878861	0.0494476342661086	0.0524994974004294	0.0526379187066289	0.0464019339564877	0.0362054765623544	0.0334207489618118	0.0343484450988814
72085	80-84	2	0.0901223695687229	0.0819260864835807	0.0863344673242094	0.0784870859878801	0.0672346396273488	0.0640782648101638	0.066787443755272	0.0573866871303532	0.0546225260993321
72085	85+	2	0.1526317539408	0.180110167167341	0.139552157053702	0.134217332015708	0.13351487898971	0.146297365690536	0.138202390708216	0.13122372729844	0.110536442296883
72087	0-4	2	0.00470789097363706	0.00369687746509071	0.00412619672333484	0.00362397397301205	0.00297003120144829	0.00278610702861506	0.00246734587745736	0.00162065094384391	0.00209516232222476
72087	5-9	2	0.000216015372110222	0.000227816528235735	0.000246939778492445	0.000219378571800736	0.000190117484641753	0.000180039887423879	0.000159516976840009	0.000143474797701585	0.000149344573379741
72087	10-14	2	0.000307328697241048	0.000323639574090735	0.000315295230991861	0.000344540010516149	0.000287156849110866	0.000267117739607706	0.000238037804119138	0.00020584912836726	0.000223227434321399
72087	15-19	2	0.00130837832095859	0.00131900294698815	0.00159124527102224	0.00177748422182292	0.00210937274809582	0.00161136413168461	0.00134116703090588	0.000935020514773256	0.00111159192608041
72087	20-24	2	0.00261873905999601	0.00267229585691055	0.0028229204436821	0.00354606068501784	0.00334384047356112	0.00407494850131615	0.00289178659397216	0.00220877118910643	0.00224972765347611
72087	25-29	2	0.00310362869972367	0.0035221491497953	0.00401059525911238	0.00404740303771229	0.00377867053369172	0.00377016266848388	0.00311786530122197	0.00264738808440742	0.0027813885217003
72087	30-34	2	0.00360522230775214	0.00411348717808755	0.00459893844127605	0.0053729742907068	0.00429694691259045	0.00399978172791521	0.00321302748309401	0.00283747690691562	0.00290125378501393
72087	35-39	2	0.00447492385737524	0.00416588226375386	0.00509427334415251	0.00623959513582139	0.00472777458252328	0.00361688919515893	0.00439332131238327	0.00298489249798236	0.00334789652799877
72087	40-44	2	0.0053923336782017	0.00572134962757181	0.00599209238114009	0.00584868507300566	0.00517432633401904	0.00502294113727119	0.00485657841161343	0.00363560869358934	0.00404707180219982
72087	45-49	2	0.00789201276573594	0.00632181462451176	0.00850256264526675	0.00780662977621533	0.0066550864399341	0.00687571671336224	0.0057592080543995	0.00490369585320834	0.00487474878683947
72087	50-54	2	0.00902557525428069	0.00981714081207808	0.0108571787241102	0.00936503001804589	0.00840853555253814	0.00823364293197485	0.00778785195532201	0.00660154405927979	0.00704332532549895
72087	55-59	2	0.0131848953904933	0.0153218551213232	0.0141171882380653	0.0136017353272039	0.0120102409544378	0.0115757508323632	0.00950321471862169	0.00817550431963486	0.0101030220053358
72087	60-64	2	0.0173284850545996	0.0199126130904901	0.0192388907091161	0.0188060145234757	0.0161571289594881	0.0147410169961094	0.013140590440294	0.0122288200483278	0.0132958841461765
72087	65-69	2	0.0295772919462934	0.0247500092710194	0.0298182422762004	0.0267695495354843	0.0261866010097276	0.0197493144406176	0.0182253921122594	0.0165150674166005	0.018919818562309
72087	70-74	2	0.0400995881480545	0.0421139451620299	0.043468737752555	0.042797222673113	0.0311265034366763	0.035129146216273	0.0278185998130586	0.026555040900491	0.024760693738031
72087	75-79	2	0.0569697863940849	0.0616674104623452	0.0555581521023369	0.0562511374060995	0.0502290197471362	0.0455316511174701	0.0407783038589625	0.0383646472733774	0.0437620356847257
72087	80-84	2	0.0827741514905531	0.0816788831542301	0.0901332638718438	0.0963918567486333	0.0925531338488286	0.0896413421599262	0.0673509754805446	0.0603866988189723	0.060758470628693
72087	85+	2	0.18101268778518	0.165204317867654	0.159154817095102	0.163706863395869	0.137156234533725	0.144935652679412	0.133665249717994	0.116970511273467	0.104670109300791
72089	0-4	2	0.00352211126001336	0.00341377648904744	0.00330243621727553	0.0031286178438193	0.00232722366915956	0.00259641295227425	0.00239402930919627	0.00176317872881676	0.00209589679258598
72089	5-9	2	0.000195737846759104	0.000208288586498475	0.000211354828677237	0.000203156339842568	0.000174129341438565	0.000159071105508248	0.000145866566288243	0.000130924296082019	0.000135849321885519
72089	10-14	2	0.000285989367040255	0.000297244086024847	0.000289082031058168	0.000303784884526569	0.000249744223224608	0.000232694840423882	0.000208964313239617	0.000188014189306865	0.000195094105851451
72089	15-19	2	0.00119079776865091	0.0011959361821797	0.00138473494730578	0.00122190139624001	0.00104256017254712	0.000992714506404061	0.000937230828782483	0.000837768857368728	0.000856600323132409
72089	20-24	2	0.0023950957403273	0.00255497151315196	0.00254625502641138	0.00241395289802169	0.0025438865347499	0.00223294304688576	0.00188147385701304	0.00175226338564123	0.00165585430947597
72089	25-29	2	0.00295079746056702	0.00280815829699526	0.00313806602634289	0.00328211622777003	0.0028453288670208	0.00276605970749458	0.00261142482360521	0.00196524460618883	0.00210386454425361
72089	30-34	2	0.00349556996164635	0.00363984920898377	0.00376829927898008	0.00366039981653884	0.00278324325245632	0.00269837083884031	0.00305613387313418	0.00245653521611651	0.0023416450081216
72089	35-39	2	0.0037655636810917	0.00463132306236894	0.00517129045393511	0.00463469456654029	0.00349667833436911	0.00395274967113648	0.00340367846358641	0.00285810617892837	0.00306314110550994
72089	40-44	2	0.00438684655114115	0.00511377324475193	0.00657816000654382	0.00528965453685706	0.00539524331305122	0.00400822392671013	0.00367521282046529	0.00339836291210118	0.00413029269183423
72089	45-49	2	0.00653024129353271	0.00653873315424353	0.00589141191888573	0.0079459342142326	0.00666826366660053	0.00493546614428173	0.00551708715438116	0.00411406472736835	0.00459442938924863
72089	50-54	2	0.0103527256384683	0.00880337443846215	0.0106310427628114	0.0114291561611466	0.00870330605510705	0.00853499711807523	0.00712457299821802	0.005870032883695	0.0061296560266811
72089	55-59	2	0.0118699064215922	0.0127988954103704	0.0136147307365447	0.0119715189005645	0.0121843966573379	0.0108582638081284	0.0105050506753208	0.00811537131264747	0.00957695045674931
72089	60-64	2	0.0161769555090655	0.0167757072381212	0.0215716396462273	0.0192447034151218	0.0160955688403387	0.0149960297262129	0.014059912846128	0.0120461970079496	0.0138455683981218
72089	65-69	2	0.0243876176956596	0.0241535042479167	0.0263394152229495	0.0297050284096604	0.0223245576302992	0.020710663246678	0.0183729038465612	0.015306744241303	0.0179794883577269
72089	70-74	2	0.0390207623128605	0.0441204607594802	0.0401904965465652	0.0446145941642381	0.035126067255683	0.0287402515893263	0.0265010624784477	0.0237423512317251	0.0256637201568893
72089	75-79	2	0.0633273853212155	0.0586184212952605	0.0559350111599808	0.058345269034278	0.0600904490479503	0.0493090979880569	0.0450000626529706	0.0364188632426059	0.0375340768308543
72089	80-84	2	0.0924249214343889	0.0880333065135933	0.0877448998528579	0.0877280148521986	0.0706406315954303	0.068949214087099	0.0625323697076803	0.0709909765851445	0.0603557030092794
72089	85+	2	0.188267720756994	0.156379120028535	0.162833017231628	0.178682011543624	0.1652509545957	0.161020148432531	0.13791886467946	0.100660818261701	0.10547585142786
72091	0-4	2	0.00411928731924795	0.0032016799700108	0.00335875632807754	0.00312247036284106	0.0026255563762177	0.00249033803761844	0.00213034395292459	0.00202949063053315	0.00197406784901367
72091	5-9	2	0.000198023087426872	0.000202509938998468	0.000207244919989663	0.000196677341990586	0.000175485985297585	0.000165317183083189	0.000145373318260072	0.000130533099909455	0.000134750541445913
72091	10-14	2	0.00029372452416672	0.000293241275709124	0.000299639496971258	0.000279048844885637	0.000239044170153033	0.000239704713023193	0.000206785070083961	0.000186390538086762	0.000196810808439359
72091	15-19	2	0.00118353118917986	0.00120403767009855	0.00131509226469344	0.00141941181574083	0.00100913741538304	0.00103288836466344	0.000962008030337836	0.000790068436676106	0.00086065434852762
72091	20-24	2	0.0023768537570926	0.00244387460783621	0.00259725019120907	0.00306139626295934	0.00201826936036655	0.0019812594292799	0.00213852171613342	0.00193813084506787	0.00192966597816261
72091	25-29	2	0.00285136198264538	0.00329358594412146	0.00351812289634292	0.00297894050000958	0.00260825875070395	0.0025176010564709	0.00263231394963843	0.00228715037868891	0.00245292214982036
72091	30-34	2	0.00351048824350221	0.00389170198106166	0.00436174531444342	0.00406895470224698	0.00289193594773901	0.00287446314783019	0.00271839438430579	0.00270924730220725	0.00270499617364484
72091	35-39	2	0.00405646353472286	0.00465690769007805	0.0050690583937347	0.00435843769882933	0.00337869211844096	0.0032288950534361	0.00274308915631294	0.00308504616412597	0.00272061624212731
72091	40-44	2	0.00474647776736855	0.00638888415547822	0.00578398432983376	0.00521359785564359	0.00417008945698206	0.00381898328472131	0.00312176595790612	0.00303377729205938	0.0038221502050329
72091	45-49	2	0.00648344861847876	0.00772448458759089	0.00688106703780737	0.00716944631119527	0.00530009287996411	0.00544857477053831	0.00452901087247764	0.00411760413077487	0.00448678413082668
72091	50-54	2	0.0104887632062863	0.00883428138939916	0.00930039588521995	0.00899379014523922	0.0085471128621841	0.00735806376723977	0.00618151214546497	0.00496606685645717	0.00559712785871455
72091	55-59	2	0.0132013892827998	0.0136404913775038	0.0133494819878978	0.0122315964476526	0.0112649088723479	0.0114803524211802	0.00949986167516967	0.00878506106081993	0.00784069338015112
72091	60-64	2	0.0237940692268634	0.0194823797384696	0.0200001908615592	0.0184973671858582	0.0165347395968547	0.0141078139115962	0.0140804081744175	0.0121901142229194	0.0130314155947202
72091	65-69	2	0.0273623201456295	0.025502524264456	0.0257180228278552	0.0209949661940786	0.0234532245056389	0.0191255586671943	0.0193950057240065	0.01671847626597	0.0180444281111491
72091	70-74	2	0.0423067578732398	0.0462572019340225	0.0444801314697504	0.0430484582764091	0.0370282314477565	0.0301971715114922	0.0280412909067763	0.0243563000502177	0.0269095566395068
72091	75-79	2	0.0571241663833837	0.0546508876870752	0.0615037075858283	0.0509408146110566	0.0524214897694488	0.0441243743960706	0.0428000765212901	0.0425224168118149	0.0418122492967006
72091	80-84	2	0.0872188150154242	0.105018969966842	0.0848824577875349	0.100543662833417	0.0718587546425002	0.0744853226323892	0.0679691544665528	0.0583797477218766	0.057733795714531
72091	85+	2	0.197375106708214	0.195718411531257	0.160957702694295	0.188115747005551	0.162670588427863	0.152821273062255	0.143171350155688	0.111668289731557	0.114854311906718
72093	0-4	2	0.00327813704377663	0.00277727305547205	0.00290781775982433	0.00290713498589022	0.00250479835666636	0.00247027332709775	0.00177011371186665	0.00110183945134668	0.00187796019149376
72093	5-9	2	0.000173341989762493	0.000170045331118746	0.000179885686972031	0.000175972886515668	0.000146266859327465	0.000137134014627633	0.000124937162949492	0.000114753814178485	0.000118156379824812
72093	10-14	2	0.000243779516407835	0.000249908884579294	0.000258657083260088	0.000253023704191715	0.000215092143877828	0.000197366614343847	0.000180004954511827	0.000165419620987471	0.000170238456826117
72093	15-19	2	0.00105936338781644	0.00104362313425406	0.00110288265337301	0.00109920137779329	0.000919125283112971	0.000847304398443855	0.000792748730189224	0.000715604040882037	0.000754716784619986
72093	20-24	2	0.0021889967176064	0.00215564996248087	0.00213660321781359	0.00217424339010889	0.00182091865167562	0.00172107838805784	0.00155019170157755	0.00149858095200557	0.00148127780732057
72093	25-29	2	0.00261054315042216	0.00257090602158385	0.0026630494802099	0.00261479908648538	0.00238366294043269	0.00209541578721914	0.00196905269009802	0.00179802859751014	0.00189441001033977
72093	30-34	2	0.00310123691575237	0.00287011452057128	0.00303257152518364	0.00303866040974741	0.00250093222605907	0.00235294052269399	0.00215491614866344	0.00200164249344938	0.00221088069886261
72093	35-39	2	0.00385124850257771	0.00352846260590921	0.00355493248140296	0.00377824940287275	0.00324704393991892	0.00293883885939827	0.00258776462825601	0.00235635836004757	0.00254944343741738
72093	40-44	2	0.00482371454888253	0.00439661438620777	0.00497310925529983	0.00441267075806246	0.00364042558553557	0.0034201125462349	0.00329578196954874	0.00320793025451949	0.00305931890059121
72093	45-49	2	0.00578416858524164	0.00534764786125107	0.00593003697473671	0.00580904990459886	0.00476935226242492	0.00432015896648618	0.00404696060543692	0.00385365692046406	0.00427958222031435
72093	50-54	2	0.00784068297333182	0.0081340147587946	0.00873170179650331	0.00794826854693248	0.00663708351175881	0.00635196179538244	0.00656096787239731	0.00533097606638799	0.00586505479125621
72093	55-59	2	0.011944249265065	0.0119561788332324	0.011776019852809	0.0123189809946355	0.010192909363524	0.00919496007335778	0.00828725689382452	0.00747018375218448	0.00906414332284916
72093	60-64	2	0.0169946360347057	0.0177232818450413	0.0174285759022914	0.0172615917737804	0.0142631663390345	0.01327143100378	0.0108705724761136	0.010481349892627	0.0107647561028423
72093	65-69	2	0.0249255498701997	0.0239474174002037	0.0230762154341156	0.0221987526037722	0.0186853161793977	0.0180284232165425	0.0145759483183893	0.0147321857247802	0.0151001338497854
72093	70-74	2	0.037169487535311	0.0324133788649676	0.0377917905231042	0.0375322346920697	0.0301663070435407	0.0314994305997006	0.0259098974663036	0.0223268174704301	0.0229548013155785
72093	75-79	2	0.053644717550349	0.0468080082897465	0.0517160280617575	0.0519283289857286	0.0424656071375917	0.0409897824808768	0.0383135492469464	0.036557589713652	0.0342353053331382
72093	80-84	2	0.0871353953330972	0.0850425534871835	0.0884567234025194	0.0874562101452963	0.0636423815601824	0.0616491858844163	0.0534084443975826	0.0538664453964029	0.0484733555608413
72093	85+	2	0.158149952593795	0.145726587533029	0.143946244561226	0.145497721356758	0.132454660355292	0.114781343010363	0.120698380666163	0.111381427520177	0.118433643616368
72095	0-4	2	0.00354637312501877	0.00337593267090905	0.00328956002134422	0.00307394258988453	0.0024550415341447	0.00215182928241452	0.00232303167428201	0.0017902208825959	0.00191220745426566
72095	5-9	2	0.00018481857571939	0.000187087697879526	0.000188094509774538	0.000183866580509356	0.000157954691448844	0.000148579642945744	0.000136612402654094	0.000123621852409886	0.000128605499649491
72095	10-14	2	0.000270270491718656	0.000279484984039089	0.000269242384803343	0.000263574877516618	0.000231786224180317	0.000213503346521256	0.000196480697657551	0.000177908815067814	0.000185074996174804
72095	15-19	2	0.00115070390291151	0.00109848449978035	0.00113223569059871	0.00111675800637178	0.000971773925708573	0.000935941746806743	0.00090432227690768	0.000762039586362276	0.000793467682547453
72095	20-24	2	0.00242548092726346	0.00220974759172799	0.00234696850873013	0.00234222736516083	0.00203934071804642	0.00183179382621149	0.0017722870695711	0.00156406056689565	0.00164095717235845
72095	25-29	2	0.00294972633570632	0.00277440188286548	0.00298929753271554	0.00276821596996261	0.00238465267416537	0.00227735380498898	0.00209243435654012	0.00196562988902335	0.00227185823360969
72095	30-34	2	0.00311650164058823	0.00332000591728686	0.00380157939487284	0.00325629982928717	0.00273033458304851	0.00268391075675537	0.00236941951042037	0.00218711412145019	0.00258867989011857
72095	35-39	2	0.00361438472617968	0.00391456146693315	0.00451103291827303	0.00425135365351187	0.00324485022562579	0.00303165118498451	0.00287958202873483	0.00264817104805177	0.00319620751413952
72095	40-44	2	0.00468672782497228	0.0047075690037008	0.00484099716193076	0.00492616073218374	0.00385150133782691	0.0040091677014665	0.00386726938693641	0.00319249571055815	0.0032644093620691
72095	45-49	2	0.00596408225440966	0.00618343050813273	0.00686814923066094	0.00616488262104771	0.00516184923647893	0.00483408085576769	0.0045912894600011	0.00397923969423306	0.00414819525619512
72095	50-54	2	0.0081522216244204	0.00830734374771011	0.00830281384959466	0.00856119720571514	0.00769580726296495	0.0069855705639233	0.00690009624455714	0.0056508493795077	0.00554887043247754
72095	55-59	2	0.0118600429489188	0.010701418607956	0.0112633451047724	0.010974944337509	0.00977897521098734	0.0107743078804761	0.00879708622636051	0.00726636520133942	0.00818869169366175
72095	60-64	2	0.0189956494300647	0.0190051282743751	0.017096327294846	0.0172381221537983	0.0138612525150428	0.0131975915559887	0.0136438037624415	0.0104882098381473	0.0109048749071968
72095	65-69	2	0.0250690219373858	0.0286596742868075	0.0236869262334684	0.0247469384498156	0.0219785848547884	0.0199754911394689	0.0182081404225537	0.0160652554847324	0.0227083052020061
72095	70-74	2	0.0385278152646604	0.0340976544720018	0.0356780362333001	0.0378328182569317	0.0337620460917125	0.0327409697994698	0.0294745385977196	0.0237516503780608	0.0279927477017671
72095	75-79	2	0.050089794836016	0.0512614644726707	0.0484352822842928	0.0540261707916051	0.0443770975841979	0.0469802678397628	0.0406351158498997	0.0386085022213814	0.0385244144724878
72095	80-84	2	0.0970370339174326	0.0890851020624212	0.0918843650216235	0.0979756397849642	0.0822360490120383	0.0731439128506768	0.0708653493153859	0.0590753912598543	0.0599961743164352
72095	85+	2	0.163868631552541	0.168052341013464	0.16610133743399	0.133394213977251	0.153257240177702	0.132507526149822	0.129581206173624	0.148589028735888	0.121334567937785
72097	0-4	2	0.00440913611512789	0.00352062080401111	0.00325973184491782	0.00311348588127357	0.00240360083245582	0.00249711165057033	0.00191659364179374	0.00173625658803441	0.00215389851958249
72097	5-9	2	0.000211664452297533	0.000207466326176679	0.000201574376457809	0.00019803663869305	0.000163914525124822	0.000156934410386496	0.000148400711387329	0.000127535031482195	0.000132561568043585
72097	10-14	2	0.000271093222240936	0.00028578912732889	0.00028366000331882	0.000298242864063276	0.000244735705162944	0.000216483907481805	0.00019709625867499	0.000197306454700683	0.000192293140559907
72097	15-19	2	0.00115745593911247	0.00114817586933996	0.00110661372742283	0.00118878049474549	0.000874384350815508	0.000999979724602861	0.000975480835634549	0.000817470456568496	0.000842987871593771
72097	20-24	2	0.00186184845700494	0.00169855153951143	0.00187769014986167	0.00181959659872099	0.00147405340545864	0.00156236865544142	0.0015908853741629	0.00143604462718795	0.00156123013160639
72097	25-29	2	0.00263581980637284	0.0026536482319268	0.00298305301591683	0.00294302762815066	0.00229530742606586	0.00216643567140863	0.0019553314796662	0.00190129728420028	0.00225805115893392
72097	30-34	2	0.0028132545459145	0.00329011337974142	0.00421511698446231	0.00416194131777193	0.00308378682444363	0.00288269714380814	0.00267443682441306	0.00259558391096843	0.00279865890771327
72097	35-39	2	0.0039563002801239	0.00456694171165004	0.00508406271807668	0.00448076503519194	0.00341986462901664	0.00381320475604453	0.00337748953333635	0.00340442519160139	0.00299312442955336
72097	40-44	2	0.00458062509857597	0.00488830516149948	0.00621058561715779	0.00497311828544307	0.00488662705495466	0.00380777450673592	0.00392618941290195	0.00374757237632912	0.00428601550459414
72097	45-49	2	0.00687006980294869	0.0057240180817203	0.0077170778050311	0.00695180041163735	0.00603181738238095	0.00601450421057372	0.0048911466940331	0.00499132367700907	0.00549011561915537
72097	50-54	2	0.0102001926039785	0.00900152370951269	0.00767696423513412	0.00883731027321757	0.00837630179118654	0.00846460474597673	0.00749063325660374	0.00702700811269808	0.00694167366276507
72097	55-59	2	0.0122204168995851	0.0128190871600104	0.0113307438292449	0.0113449054969902	0.0108594678823674	0.0107062258851887	0.010955626311835	0.00914272648597715	0.010194462673601
72097	60-64	2	0.0188715846716083	0.0198653315847259	0.0194904194909471	0.0187111955336983	0.015272400883994	0.0150401668053788	0.0140348068293999	0.0121453651689357	0.0140402128156207
72097	65-69	2	0.0289023751677236	0.0286960082632355	0.0253759050866059	0.0276849960648192	0.0213021103089871	0.0198309041958593	0.0188979252543671	0.0178108710635401	0.0171572555422185
72097	70-74	2	0.0434851011462868	0.0441418732386363	0.045165070625364	0.0374620319593285	0.0317524487866672	0.0326796794228013	0.0311294382746979	0.0234712194806588	0.0251374905804756
72097	75-79	2	0.0602965412500513	0.0669860128259105	0.0564302631637196	0.0584323070991287	0.0533490172661223	0.0428094209055217	0.0434082504977065	0.0362049332765247	0.034612503196701
72097	80-84	2	0.0940421709438451	0.0907699703820401	0.100259051997616	0.0950480612100486	0.073900731259859	0.0783339082367614	0.0743458155258065	0.0528852332694724	0.057245951712476
72097	85+	2	0.174289690500988	0.168571159182409	0.154552860745834	0.161895572607746	0.156882136932915	0.154355176100356	0.139239601850117	0.113759330531099	0.110537860155808
72099	0-4	2	0.00329809070743063	0.00238752755167553	0.00290451627824247	0.00271024691340879	0.00235090354069976	0.00200805770042678	0.00182966067186279	0.00166439106556796	0.00158448147244132
72099	5-9	2	0.000157892340988035	0.00016415532192744	0.000168274492178885	0.000158150774002723	0.000135413500299125	0.000129434713270375	0.000116765602448081	0.00010552880827016	0.000107740111295811
72099	10-14	2	0.000233677248017404	0.000232566118887113	0.000223836209366751	0.000234514304392282	0.000205743671329261	0.000176830497069435	0.000163168005422181	0.000150998804516216	0.000157651021787183
72099	15-19	2	0.000991219575433787	0.000922900407377312	0.000980977331823872	0.000978321085613905	0.000763052351340082	0.000750561169085615	0.000699721101660921	0.000653337719448857	0.00067228334111027
72099	20-24	2	0.00203014662965224	0.00183516551354355	0.00187028620003334	0.00185213751046368	0.0014547052612772	0.00135578356860366	0.00145675955677577	0.00126035098552905	0.00132706814350005
72099	25-29	2	0.00239814581855334	0.0023626979031269	0.00235347987787652	0.00224315422202271	0.00166940042269795	0.00178689511452197	0.0017833443239546	0.00156571418297414	0.0017698245758009
72099	30-34	2	0.00264364529634485	0.00258841228116645	0.00271020425408195	0.00239658709583788	0.00210211306187532	0.00203562548132624	0.00188943589191114	0.00195465718277627	0.00216893701354999
72099	35-39	2	0.00340940804245492	0.00315321022360119	0.00318581186450982	0.00293209521467907	0.00278782036948538	0.00248369127374125	0.00236339936316892	0.0020685423975764	0.00254008707494481
72099	40-44	2	0.00377747733769557	0.00383302121293595	0.00420653115487659	0.00407282566855035	0.00321187989786332	0.00304845410896208	0.00272906720281777	0.00260583574646718	0.00274296377776633
72099	45-49	2	0.00560400722435642	0.00477706107484636	0.00493193615604083	0.00525208152077157	0.0041955106537967	0.00401614211254689	0.00415709424821933	0.00315703971888587	0.00343182999880086
72099	50-54	2	0.00813435314831731	0.00706932804199341	0.00829367955209863	0.00810544673488142	0.00568446408284708	0.00523975559503913	0.00617303013686961	0.00513957429967922	0.00544327979077612
72099	55-59	2	0.009773007110696	0.0109283312359528	0.0101127036981691	0.0105054386822313	0.009518340818157	0.00803079759282019	0.00674088109243914	0.00686052903904061	0.00684486648603894
72099	60-64	2	0.0165573319605706	0.0158090620809016	0.0163107651541074	0.0141923578947404	0.0146101859074822	0.0123024030976243	0.0103691970352257	0.0101607801719703	0.0095798594470621
72099	65-69	2	0.0255069582494008	0.023339704631978	0.0223062163758946	0.0234578871720568	0.0203476387819262	0.0159420858924944	0.0167719504778104	0.0163247070260793	0.0123519259657009
72099	70-74	2	0.0364976726445155	0.0374839596772508	0.0313953168036384	0.0335233044386862	0.0245459108481183	0.0268750392140582	0.023923076317093	0.0200676149044053	0.0210960800106754
72099	75-79	2	0.0511647014232135	0.0504457486133362	0.0488612502505436	0.0496785546477953	0.0454337411826912	0.0376103835143799	0.0349286139928379	0.0359309468757116	0.0339273743287398
72099	80-84	2	0.0933400664230281	0.0827350644330999	0.077901370220166	0.0856901923530477	0.0750879423220178	0.0679958869103197	0.0594505255420696	0.0623948351522031	0.0514562539977649
72099	85+	2	0.149053562503472	0.141555735259404	0.135285070273772	0.152111679149944	0.151367737648671	0.141097564346267	0.113220696903557	0.121446801800786	0.103025826064687
72101	0-4	2	0.00378146314753615	0.00280396232355399	0.00262959983557256	0.00263229681089967	0.0024897852207005	0.00202716829124869	0.00200805182767759	0.00189563191673305	0.0018456273904938
72101	5-9	2	0.000169805955093295	0.000168261157558491	0.000171056761611104	0.000172675682861699	0.000145861387916849	0.000132801253949319	0.000130042905325844	0.000111622950430408	0.000119892104643975
72101	10-14	2	0.000241898869704499	0.000240220497893418	0.000244157756925257	0.000240630122272678	0.00021219184809844	0.000189333865316838	0.000177789323212048	0.000159523922060888	0.000164315798271269
72101	15-19	2	0.00103435163485039	0.00103254310879639	0.00100816256641479	0.00106829954788564	0.00100754300568466	0.000789090669435629	0.000857048527807029	0.000713070362122244	0.000694769662404068
72101	20-24	2	0.00182653641288934	0.0019358045401212	0.00209290459401535	0.00202336138201138	0.00188694570681799	0.0016387531574152	0.0014644546148697	0.00139759275979995	0.00141936608763361
72101	25-29	2	0.00231186124061628	0.00253068590645849	0.00247443411324601	0.00255859086434472	0.00241957650434812	0.00203098198884592	0.00217601158028052	0.00181748920764714	0.00175549985540455
72101	30-34	2	0.00265856863576064	0.00318551434264795	0.0029390748167986	0.00284168872240526	0.00251820846577349	0.00241699203811609	0.00217963320618684	0.00193283484022234	0.00242583103743816
72101	35-39	2	0.00330693150377274	0.0034827573862499	0.00381227168436526	0.00403809551331663	0.00309329086741888	0.00264870732266844	0.00255182172328276	0.00242291402541766	0.00290522749855007
72101	40-44	2	0.0047045551769723	0.0039072572059799	0.00412574753343879	0.00413787626753342	0.00353877837752545	0.00332875142696661	0.00283722301845486	0.00258050318604766	0.00287089556953726
72101	45-49	2	0.00552085012767616	0.00664461635005253	0.00560606620555687	0.0056279956793875	0.00505525427551711	0.00419367285683701	0.00403854082938587	0.0035847347874816	0.00354081821154735
72101	50-54	2	0.0073659709698788	0.00757696589269221	0.00710852443145415	0.00760399949672317	0.00685217622043564	0.00666691932342225	0.00508047455139647	0.00512445383366795	0.00532175471249339
72101	55-59	2	0.0113666997943014	0.0109159834520996	0.0119459968371178	0.0115509803884031	0.0110162841677908	0.00795015483157805	0.00719921930480466	0.00646465763599559	0.00749582762029977
72101	60-64	2	0.0170266623004261	0.0154001039756095	0.0160571709740303	0.0168474101736318	0.0126877454653307	0.0140366900692394	0.0107172862627795	0.0112696589576099	0.00999231958515856
72101	65-69	2	0.0224733735392394	0.0208963037116265	0.0227942278519863	0.0203888245958492	0.0172417801627006	0.0189608087616693	0.0204159448811939	0.0144303608667079	0.0145901070204124
72101	70-74	2	0.0381834215779686	0.0347028814338354	0.0288435446774951	0.0367718490023769	0.0307184639640375	0.0300556196164805	0.0241845508256954	0.0221055635774531	0.018332998870544
72101	75-79	2	0.051733940080467	0.0545307633367727	0.0477361939349828	0.0521748848331152	0.0463127630471262	0.0400835096321535	0.0378851484286389	0.0366323745826063	0.033077062958956
72101	80-84	2	0.0719226112943677	0.0821674169205607	0.0881061060586995	0.0909549565922337	0.0730028048830145	0.0685701784681845	0.0607958621235404	0.0639700220977436	0.0624743101422198
72101	85+	2	0.160551597339027	0.164649917374271	0.156327935586853	0.161821348229229	0.151944176150559	0.140798740486402	0.118395540547712	0.114144937756391	0.109925617337704
72103	0-4	2	0.00326426316408032	0.00348381509453971	0.00348195300339449	0.00315851453597235	0.0028647622682438	0.0024360010452545	0.0020384181590915	0.00155389155987437	0.0020227529928675
72103	5-9	2	0.000216854444251448	0.000199064337434691	0.000200873067808969	0.000205644327698505	0.000172672533986211	0.000165497103966424	0.000144580609635827	0.000132783943312346	0.00013537912317953
72103	10-14	2	0.000309251957616737	0.000283534814811938	0.000298400255287543	0.000299553603125428	0.000246839652133467	0.000226691201986633	0.000211662797286647	0.000194585853215933	0.000193995178003414
72103	15-19	2	0.00125175819182062	0.00122378044913188	0.00143583573826064	0.00155358307159618	0.00112201108447522	0.00112142668648737	0.00105828225815454	0.000857049667495334	0.000914203415556573
72103	20-24	2	0.00233188986780523	0.00256866740596537	0.0026429540531508	0.00247248318864453	0.00194116622678439	0.00212186006389827	0.00183317466287597	0.00190213117447431	0.00190022205005171
72103	25-29	2	0.00272210223770971	0.00287070222806774	0.0030164916905437	0.00285346313912873	0.00267992044445641	0.0027198096906904	0.00248803751243752	0.00206323435489323	0.00213823643745402
72103	30-34	2	0.00334009158428364	0.0038119828464833	0.00401517020974998	0.00448144468187902	0.00300824570153072	0.00290252630426589	0.00254517418599386	0.00263532714047344	0.00252929526572884
72103	35-39	2	0.00406734230818632	0.00417907979051652	0.00376810202189968	0.00412686471590857	0.00374933340413394	0.00359681919006289	0.00327080957053026	0.00281245939504931	0.00318579878917112
72103	40-44	2	0.00514844666299731	0.00533128451988981	0.00593053995644566	0.00552959385909022	0.00452127419282605	0.00390200707282075	0.00346486982788223	0.00330012334479909	0.0033335831012346
72103	45-49	2	0.00713337289694955	0.00651670269366954	0.00690772437830092	0.00698541423737547	0.00595789510089898	0.00511668440787493	0.00446999063638513	0.00432721743289303	0.00450649419962243
72103	50-54	2	0.0086904009580664	0.0100869076028456	0.0117261844476482	0.0100157743278943	0.0084101577995772	0.00793865030245486	0.00746396553394689	0.00608705638463001	0.00575731828684329
72103	55-59	2	0.0132731836796335	0.0143243183951365	0.0133606991387858	0.0138541225438564	0.0129581513872265	0.0129517012525605	0.00947575683835738	0.0103422443315476	0.00801860543579692
72103	60-64	2	0.0217801601507757	0.018804559785065	0.018064735530026	0.0175484677318084	0.0162855870163535	0.0133185788115306	0.0141677494053063	0.0137579124389963	0.0136562834843032
72103	65-69	2	0.0246166763935473	0.0262888023492842	0.0244392409603462	0.0270108740105985	0.0201402098095693	0.0228021583615746	0.0179013617111193	0.0189850910626473	0.016824663615684
72103	70-74	2	0.0390681985134516	0.0420117158612514	0.0363814417514672	0.0415629288634552	0.036191684649604	0.0302093762925061	0.028453186635742	0.0251205814662036	0.0248526233772249
72103	75-79	2	0.0478690740888339	0.0587394990267303	0.0645945688457168	0.0583312802590881	0.0560648883440142	0.0432030197730147	0.0478060135604889	0.0434451109613286	0.0400979216025367
72103	80-84	2	0.085487805804656	0.0768310573537958	0.0935722759547184	0.0801659948756743	0.0768126073433918	0.0714656745429827	0.0669286764331035	0.0608629716232564	0.0609440008623723
72103	85+	2	0.159503984853229	0.155016998911046	0.167123323219532	0.172675140883268	0.15969171609327	0.175275486975918	0.167021446815508	0.123170504767961	0.126813386709998
72105	0-4	2	0.00373329111236262	0.00296578125398991	0.00277425810762472	0.00297572413929748	0.00227086550622893	0.00220864584530426	0.00209045159945419	0.00160807833954806	0.00180065017140952
72105	5-9	2	0.000172104928995398	0.00016718681312673	0.000177439525199379	0.000178404958074447	0.00014625233943377	0.000134745933293047	0.000121830104921309	0.000117398602390592	0.000116984581679988
72105	10-14	2	0.000234793311986121	0.000248424322473758	0.000252550361307143	0.000238276982630723	0.000208715532728562	0.000201073462484434	0.000174365320725232	0.000164624520943853	0.00016761609250413
72105	15-19	2	0.00104008409163412	0.00098707054112343	0.00110518547556474	0.00113934039372054	0.000898912444342765	0.000834085340415716	0.00072335829322233	0.000693875650961743	0.000724715015247561
72105	20-24	2	0.00202609530100191	0.00205163681466793	0.00222714058260601	0.00227078969047164	0.00198150055345362	0.00188872041714179	0.00139280709931448	0.00143860217770184	0.00139574426662852
72105	25-29	2	0.00230486961140148	0.00265023294075654	0.00258894023179834	0.00253611907090264	0.00209649247861688	0.00221777019009275	0.00181258570667675	0.001862393781369	0.00210401710115131
72105	30-34	2	0.00253598533280143	0.00263628199029012	0.00321994629394504	0.0029493426959526	0.00235996517678168	0.00232701449759715	0.00226197559625229	0.00224321181059689	0.00234158696085261
72105	35-39	2	0.00326298778973345	0.00344863042644009	0.00379431417099885	0.00347723120846735	0.00306516860434141	0.00262790151978952	0.00255371116882026	0.00254379456073831	0.00269798972131166
72105	40-44	2	0.00411227490511884	0.003903843447291	0.00510882625382785	0.00433271313927264	0.00380563397736923	0.00370508009669327	0.00331528620651247	0.0030203558541283	0.00371338031766508
72105	45-49	2	0.00581618633495871	0.0050197920746206	0.00540119664266008	0.00558497625721662	0.00471100266757251	0.00461952661570991	0.00370336114657549	0.0035757506001361	0.00428874668438759
72105	50-54	2	0.00691873975249811	0.00699738878107232	0.00862022950917617	0.00755947944442311	0.0071297491344392	0.00673555594643064	0.00572969573125077	0.00548867176562874	0.00662992763948064
72105	55-59	2	0.0102166123877094	0.0107244884325825	0.0104164394231704	0.0109398344337583	0.00931138125990141	0.00811235757128641	0.00737281210627207	0.00779211084971928	0.0081402292752965
72105	60-64	2	0.0146162109246433	0.0147240742319758	0.0152470455629341	0.0167698389894918	0.014335307153775	0.0128618311671073	0.0109849699366171	0.0103699933459779	0.0098258124495444
72105	65-69	2	0.0231072011377075	0.0229613836295192	0.02050145271816	0.0241938066596284	0.0223711892529203	0.0177190911166744	0.0155878250447456	0.0159264999138128	0.017064619544808
72105	70-74	2	0.0310333904214843	0.0360697537579708	0.0347215737831637	0.0395795008943458	0.0282850304558081	0.0255619547176197	0.0242068705038874	0.020362153093464	0.0229130767776685
72105	75-79	2	0.044625137216052	0.0522234182758631	0.0556332407660675	0.0549360025879257	0.0456473046439505	0.0468176552605788	0.0403333453573835	0.0309900436675645	0.0346425276204979
72105	80-84	2	0.0732626204126817	0.0812613598974247	0.0822550747392976	0.0897680355439206	0.0718625526263894	0.0575329094655698	0.0582811490675923	0.0500432884914034	0.0543155553608576
72105	85+	2	0.15304185377541	0.141634512735283	0.15695333687385	0.150135019090519	0.13951850222304	0.158146832782884	0.126510873820656	0.11417659988437	0.106354653642903
72107	0-4	2	0.0029761853976059	0.0028736056682615	0.0031197684647055	0.00274201115548472	0.00241988922363559	0.00231242958129357	0.00190241550991656	0.00191177016061686	0.00189466610364189
72107	5-9	2	0.000166187359427029	0.000176638795475205	0.000184118530487266	0.000176834823953465	0.000150006448501436	0.000137648447228268	0.000125333057974997	0.000115766332309928	0.000118669738369241
72107	10-14	2	0.000241909169441643	0.000246874224323055	0.000257557299425512	0.000263652663412768	0.000209858764268195	0.000200957044812091	0.000179403141531482	0.000166047142082217	0.000170287085697855
72107	15-19	2	0.00103750709729951	0.00100280247494103	0.0011519076818856	0.0010269178216568	0.000900997197428744	0.000897093660704396	0.000796356084623257	0.00069051377306832	0.000810021734706567
72107	20-24	2	0.00202768536995911	0.00201695365842785	0.00212957883608264	0.0020307214339094	0.00203539162126384	0.00175854819978039	0.00157232968656219	0.00145460243907614	0.00160251931086122
72107	25-29	2	0.00247823148706654	0.00232508654886667	0.00274359757356836	0.00247195979067784	0.00219335883773681	0.00222850362792931	0.00195544121745528	0.00190454270439269	0.00193709844714453
72107	30-34	2	0.00277931355346023	0.00283009330049268	0.00352771853386959	0.00286414932055555	0.00233700255778092	0.00241500863302267	0.00215245463360039	0.00193494221505443	0.00229770391429501
72107	35-39	2	0.00335174997391365	0.00387536103661827	0.00368217004993684	0.00382511859211285	0.00316997913768961	0.0028015233790753	0.00269031962100516	0.00254748206273202	0.00235046274391856
72107	40-44	2	0.00512663854071333	0.00483924300570592	0.00472213743634347	0.00498441743154707	0.00390400481503235	0.00383566597855601	0.00326570577007897	0.0030570580136492	0.00321434362061298
72107	45-49	2	0.00586730260977254	0.00562183815435894	0.00591880738244258	0.00559101811068221	0.00483857799877324	0.0044483385186222	0.00389621307837057	0.00383977319402282	0.00394965164165252
72107	50-54	2	0.00880964724932604	0.00826478162435105	0.00805790400862206	0.00718798588985804	0.00739095063586827	0.00674587682308529	0.00615499498631738	0.00584062366886275	0.00586660976042866
72107	55-59	2	0.0112789810468405	0.0115383556080623	0.0121566912680396	0.01185158583675	0.00987268117410283	0.00818825513093902	0.00852531536861925	0.0078549721572671	0.00858098914440726
72107	60-64	2	0.0160120087767467	0.0145326323200632	0.0177138103934515	0.0159275357803719	0.0137072130998606	0.0112425382185763	0.01195998536251	0.0117891230168932	0.0112441569934006
72107	65-69	2	0.0223467238930516	0.0225290312590547	0.0276598873457702	0.0219894072102343	0.0212501594940766	0.0204013101766084	0.0163275694464176	0.0149792121452703	0.0144209449777542
72107	70-74	2	0.0333083724261345	0.0353867666473588	0.0380441474445047	0.0323783601685054	0.0324140789485095	0.0286788011866837	0.0235113656818649	0.024519782918218	0.0267658365364762
72107	75-79	2	0.0435437674829867	0.0537079174222699	0.0566512787878377	0.0543721436136007	0.0519122071242742	0.0439989049612478	0.035954434761317	0.0345265203953163	0.0317720096577553
72107	80-84	2	0.0795231376096385	0.084388724192326	0.0848483915465273	0.0735934987397338	0.0653571211186698	0.0646297148946319	0.0624402039174038	0.0583577434888848	0.0486652983580733
72107	85+	2	0.154489006787295	0.157725484163696	0.148497391611813	0.155365385803475	0.145715032458831	0.145559649122345	0.135840639804757	0.118094514707709	0.105864543187189
72109	0-4	2	0.00361833984405447	0.00334298921802757	0.00324128517640109	0.00278962559870451	0.00228363846691618	0.00236245936116963	0.00231089855165857	0.00182156395509474	0.00209067620017304
72109	5-9	2	0.000182131251296193	0.000190471619292154	0.000190067762884625	0.000191100896702642	0.00016382490317197	0.000150935642717182	0.000137987218620419	0.000126595314656547	0.000129279257361868
72109	10-14	2	0.000276910516073866	0.000277084080190591	0.000276665225294904	0.000278866889952302	0.000229580568216274	0.000225843480686488	0.000198007155637872	0.000181872565527434	0.000185757926962334
72109	15-19	2	0.00107588269330132	0.00110173014174025	0.00114860850024772	0.00118550497146558	0.00101547418755566	0.000979916384582914	0.000822610685005677	0.000786003202268479	0.000807644147397487
72109	20-24	2	0.00219170458875085	0.00221285575628635	0.00211852544975855	0.00234101886723873	0.0022876052466935	0.00184791956755266	0.00188630422967084	0.0016914589925468	0.00158744074191662
72109	25-29	2	0.00302836917060501	0.00272243182690576	0.00269728737963372	0.00302704487214978	0.00239334327862339	0.00241346158060288	0.00232682504276607	0.00197915416247232	0.00222835873937703
72109	30-34	2	0.00314071534756218	0.0032765019549306	0.00330390847990907	0.00362414847683802	0.0029301219940838	0.00261101688708458	0.00253767940653198	0.00231313369582472	0.00245696055643138
72109	35-39	2	0.00425710788426778	0.00376001932210872	0.00466757378846165	0.00377864602170676	0.00339718908250772	0.00294809089141152	0.00294201911066549	0.00267445128052649	0.00287481156510815
72109	40-44	2	0.00457096355824718	0.00444990444720467	0.00478536763100698	0.00551971246665228	0.00384383887700056	0.00385304336267676	0.00384693783012489	0.00331280955221961	0.00309823166245043
72109	45-49	2	0.00633258862171649	0.00634135182958335	0.00609420384802665	0.00698948051503957	0.00507995458556862	0.00470207344176654	0.0051317663773785	0.00456537806559726	0.00485153023139913
72109	50-54	2	0.0102261527836743	0.00907246172953056	0.00970186209773619	0.00981581944957443	0.00676108105137738	0.00790977034053938	0.00604809777019076	0.00737252672445852	0.0062546382977505
72109	55-59	2	0.011161547087399	0.0124737521013954	0.0143815337132782	0.0121408021246271	0.0103357621325925	0.0116458764293186	0.00857430735180514	0.00769344764769512	0.00834379687394305
72109	60-64	2	0.0181891258719779	0.0203240246668991	0.0191642005979381	0.0192551543458457	0.0157505002028594	0.014116804023818	0.0133714889799887	0.0117559050674911	0.00972498914778285
72109	65-69	2	0.0225624462140268	0.027359424836259	0.0256010764728274	0.024201424756941	0.0230549105755295	0.0209678795804988	0.0167595057674574	0.0178243737832475	0.0152776826978676
72109	70-74	2	0.0367440159578267	0.0413556693401202	0.0351194630924154	0.0347102135414517	0.0342112334593414	0.0343850685999183	0.0239356578749984	0.0273069635968757	0.0238119019307374
72109	75-79	2	0.0515177506622958	0.0639425382080934	0.0520271547704132	0.0566565368286013	0.0547415095925635	0.0450449319380186	0.0426970091144902	0.0318782836664756	0.0445174100464574
72109	80-84	2	0.0908805221169286	0.0979299592830991	0.0888532650453039	0.0909070227484888	0.0742644174230436	0.0659256971011487	0.0693328092733725	0.0629592491199705	0.060354304416173
72109	85+	2	0.165984341324119	0.185407433151464	0.175651635969069	0.156404806564462	0.162773552651054	0.146122614458708	0.146763401606502	0.125316074434173	0.117389766097109
72111	0-4	2	0.00360734657334571	0.00327335211422382	0.00341464443280272	0.00288855148509653	0.00264619770436366	0.00211765460466062	0.00218502457180414	0.00187617027631924	0.00202800434765603
72111	5-9	2	0.000179074156981612	0.000190710689512444	0.000187773086360317	0.000178464415369218	0.000154882424331398	0.000145618853368671	0.000138915761993738	0.000125577747304287	0.000124727719721196
72111	10-14	2	0.000256451365490412	0.000266723125511471	0.000291585510682861	0.000265463378852213	0.000230892703431718	0.000213160184728402	0.000203306751828557	0.000180105291825662	0.000179031521092431
72111	15-19	2	0.00110600611280286	0.00107896146741851	0.00112130765575871	0.00121513473338186	0.00103451572104874	0.000929319505676596	0.000868064990986665	0.000781613557426401	0.000750308442261591
72111	20-24	2	0.00207722355779275	0.00211930091415982	0.00219190357248304	0.00228869388528812	0.00193078312190443	0.00191856244166784	0.00169002692029133	0.00168936429813112	0.00147181383479571
72111	25-29	2	0.00252646777288123	0.0025546249455414	0.00291660531201153	0.00267634155417022	0.00240755038145271	0.00242799464304976	0.00227248567608253	0.00200798945834522	0.00191176045843247
72111	30-34	2	0.00288022002430314	0.00294674513664931	0.00333499467675554	0.00329496817347131	0.00266456823971216	0.00271990516581261	0.00226906522470897	0.00225183802457798	0.00229578098015776
72111	35-39	2	0.00351507930024564	0.00392284182373484	0.00365282022529077	0.00387735306188015	0.00311402734640321	0.00283612313927933	0.00287744223916355	0.00244185299128323	0.0026654134303706
72111	40-44	2	0.00433722881216226	0.0045050789873331	0.00448330752724021	0.004369253221761	0.00369368917182924	0.00388818685685589	0.00334179512738705	0.00327833271252084	0.00323323640950472
72111	45-49	2	0.00587862938052804	0.00590841938607011	0.00558070048571634	0.0058283794804262	0.0044381938975769	0.0047792237815296	0.00434443518254893	0.00390433078917994	0.00397762284850514
72111	50-54	2	0.00810948208561354	0.00802590072950058	0.00829942146791538	0.00766228372826172	0.0078717448028343	0.00634644964702526	0.00642243651908935	0.00564173921344324	0.00566575838054212
72111	55-59	2	0.011189505105906	0.0108999371688164	0.0122055827148748	0.0113204619901552	0.0110895000902362	0.00922827874435337	0.00822749975971578	0.00788506926164675	0.00797713158942293
72111	60-64	2	0.0178306842604803	0.016575268003344	0.0190119486120117	0.0164442508467937	0.0148041488177827	0.0145348020230484	0.0139807313768808	0.0122271603924217	0.0111086062348941
72111	65-69	2	0.0247904116600938	0.0273944185686986	0.0245981084589542	0.0231324897429849	0.0200765509187897	0.0198636719656549	0.0172402002266843	0.0166546519146448	0.0181814252157159
72111	70-74	2	0.0387206021183307	0.046136819391175	0.0384937172654796	0.0415027447456725	0.0374321915599994	0.0311404837598588	0.0270104009375464	0.027779331690091	0.0246089497440221
72111	75-79	2	0.0564664169249824	0.0471950440133864	0.0634570364540252	0.0532366611848705	0.0526608998937341	0.0501969048756184	0.0376763595137466	0.0398387573731953	0.0361554679222124
72111	80-84	2	0.0858233051476308	0.086860673474629	0.0934223633820489	0.0916539114768786	0.0845617462868646	0.0721850557601958	0.0603942952332195	0.0631227101415197	0.0583606169472839
72111	85+	2	0.159752405685792	0.203373567768759	0.161756362424298	0.163953012027665	0.157362845716085	0.147519227501397	0.142577568214903	0.140780918111298	0.125863152248453
72113	0-4	2	0.00453577871272274	0.00451001996025797	0.00379235089319079	0.00330218186437621	0.0026794070967595	0.00256365167579224	0.00250392541877814	0.00203567130162051	0.00202288138946438
72113	5-9	2	0.000224412161533558	0.000233260597178289	0.000231405867630594	0.000220763752767765	0.000169722068086693	0.000168020678542992	0.00014903992500114	0.000140752379450242	0.000151842140041262
72113	10-14	2	0.00030993211233828	0.000329446712198441	0.000360908923296241	0.000350515679195608	0.000249291725620654	0.000238566070833045	0.000213804374450957	0.000221502485386771	0.000207719750044432
72113	15-19	2	0.00105674825649445	0.00125616939067886	0.00145567758470193	0.00187321652918147	0.00137749513670752	0.00155395637709082	0.000979406198188216	0.00097779218565559	0.000875363360813108
72113	20-24	2	0.00188182196257084	0.00247331893349877	0.00321539304483559	0.00379693923972279	0.00287528137811063	0.00335038524225683	0.00253894744114203	0.00202817580148913	0.00178193370703689
72113	25-29	2	0.00256151298997038	0.00365535985428099	0.00371119984011624	0.00366658164682878	0.0030776477405935	0.00318241309598827	0.00296696122148875	0.00239282356868215	0.00241797366227873
72113	30-34	2	0.00267365418204196	0.00419394074702121	0.0059862178807545	0.00445714182770234	0.00332167364619225	0.00332413506884579	0.00284044045293372	0.00275500283533203	0.00272624461211614
72113	35-39	2	0.00343195432948192	0.00474618974277602	0.00666680162041691	0.00532284028673897	0.00397969790951571	0.00352001804417481	0.0030452914890276	0.00307771462780444	0.00366027722497636
72113	40-44	2	0.00426189581696535	0.00618397123853361	0.00750620515601787	0.00687202625524967	0.00482984968166324	0.00388215035759234	0.00358959280802747	0.00400479907943347	0.00425693709892314
72113	45-49	2	0.00534425880451259	0.00616410548651623	0.00856811560624878	0.00770593439924784	0.00668178955062009	0.00597382765348959	0.0048342167515731	0.0053869632604967	0.00558560451144468
72113	50-54	2	0.0080067638793527	0.0100953685808187	0.00872803232840486	0.00814833796004059	0.00746552263644927	0.00833008555395626	0.00679401349192368	0.00678167879328754	0.00795614808299634
72113	55-59	2	0.0118632853250549	0.0120285885943387	0.0124898123194068	0.0124598631739919	0.0101178370911514	0.01052739092739	0.0100360406557596	0.00972704856451246	0.00908640496758123
72113	60-64	2	0.0204988671232919	0.0221794060116859	0.018659888771357	0.0185413487778473	0.0164628224584763	0.0161178973467561	0.0136010328975176	0.0131657108241479	0.0136981396408259
72113	65-69	2	0.0285133982783096	0.0287139614824942	0.0273881804086366	0.0257381126708595	0.0245758563846873	0.0227540462393747	0.0185615835742939	0.0175395252593618	0.0184376000334934
72113	70-74	2	0.0463522536036231	0.0446923657035604	0.0422235660863712	0.0415327370152892	0.0374903088390219	0.0313595902462541	0.0262656753659825	0.0248071029719449	0.0251235834337839
72113	75-79	2	0.0634947480561417	0.0646977114785284	0.058627961104963	0.0608443940943384	0.0542449772303347	0.0477995398897589	0.043925665057386	0.0387964787593396	0.0364838967103669
72113	80-84	2	0.103030273475423	0.0964292008270032	0.102953902961894	0.0997418144383937	0.0795003093466018	0.0770102500616903	0.0716702074967159	0.0604916211428084	0.059104054896054
72113	85+	2	0.176591358575563	0.165589431086424	0.156364504516759	0.156786939432142	0.15084621940633	0.15469414182985	0.148242645603067	0.135243185868224	0.131314620059086
72115	0-4	2	0.00331395533616877	0.00342723944218034	0.0031199653897184	0.00267157858295914	0.00249161060222321	0.00208658740989253	0.00199177735271081	0.00184538051664464	0.00173528012764041
72115	5-9	2	0.000181932888445249	0.000186005759047357	0.000185339516566402	0.000180910131957885	0.000159248799953953	0.000148321522230048	0.000136635407495886	0.000122497314819001	0.000137198363090155
72115	10-14	2	0.000264845910975033	0.00027656286895123	0.000281717993607488	0.000269628943494347	0.000222938133901957	0.000212192849326706	0.000200015241805262	0.000175687431832144	0.000180330747897427
72115	15-19	2	0.00120464169783233	0.00112559728010024	0.00119135056041983	0.00107054644198323	0.00093410965335287	0.000841394581491072	0.000959463313090623	0.000746239068905587	0.000753388519227784
72115	20-24	2	0.00238870889139041	0.00228076332219037	0.0024075858629028	0.00218847559566697	0.00194435523157477	0.00169635766698085	0.00193894596023322	0.00151681450022151	0.00150832099860532
72115	25-29	2	0.00261635807899859	0.00277162487934257	0.00281367455912626	0.00261452499495693	0.0021826437844996	0.00210286084428606	0.001902764707329	0.00206893036093023	0.00185909648094999
72115	30-34	2	0.00317361120307259	0.00323086057758246	0.0032420224255456	0.00305288589183268	0.0028689126592429	0.00239491144146171	0.00225484644846226	0.00218924450072412	0.00206026397820811
72115	35-39	2	0.00355172872053364	0.00397114704397371	0.00402721577938894	0.00405910454092725	0.0030118108628084	0.00310398535651012	0.00271447432149078	0.00278274452393716	0.00311096424548194
72115	40-44	2	0.00442536612439492	0.00475055926288282	0.00467394501136235	0.00470197735062419	0.00395206145435003	0.00317583501893755	0.0033113436835606	0.0030740925532615	0.00314099125167697
72115	45-49	2	0.0057590044526445	0.00536113051738826	0.00641234799226119	0.00585762612888296	0.00504838797994324	0.00484558342752342	0.00396991445910022	0.0037352388575298	0.00390879614719007
72115	50-54	2	0.00763318203960057	0.00797917930753862	0.0088395047625571	0.00833517341977293	0.00744670967872167	0.00658554327669585	0.00578519520684953	0.00565593570192541	0.00588478701287453
72115	55-59	2	0.0128186756442903	0.0124865948599904	0.0111631691917123	0.0118273986665436	0.0106350913750496	0.0100666282468269	0.00788704975454196	0.00821248817394212	0.0085736200680314
72115	60-64	2	0.0177067327843919	0.0198361895523173	0.0183155737592382	0.0189776090882302	0.0150030291051223	0.0163047720177312	0.0139763898114011	0.0113609840378969	0.0128568392829906
72115	65-69	2	0.0267206638682801	0.0278906077394864	0.0256289104463218	0.0253631598005657	0.0241576506899465	0.0203246139322851	0.0185606614678114	0.0159669155290632	0.0184665553458225
72115	70-74	2	0.0450826837323125	0.0379576488267486	0.0396551355841137	0.037406554434534	0.0336770839477453	0.0303459420776964	0.0262055321571246	0.0237737668590164	0.0274134370912549
72115	75-79	2	0.0540025923568852	0.0676914336706661	0.0528358154674441	0.0634724908952114	0.0539377459215659	0.0485171403304598	0.0470240487862245	0.0403153485771079	0.0376720449544359
72115	80-84	2	0.0894536370632546	0.0902241704309489	0.0894731478385704	0.0896837947282227	0.0833799233870217	0.0682573066332642	0.063714546253704	0.0651013937098556	0.0546239071543951
72115	85+	2	0.179006491452737	0.175745784909988	0.169223977200452	0.193758442724149	0.156238111363164	0.141864225390231	0.159470708981173	0.130941231993526	0.119816301493776
72117	0-4	2	0.00341862634703077	0.00310320844005462	0.0028669273161744	0.00266920851070842	0.00233251912145109	0.00232119731517852	0.00198142431168309	0.00166455802734247	0.00168314643216191
72117	5-9	2	0.000167021935909687	0.000169376280733163	0.000172592398690226	0.000170928107853508	0.000145357991536951	0.000135919304182434	0.000123281511795707	0.00011328937940739	0.000115553353868414
72117	10-14	2	0.000239501782755655	0.000253478988050675	0.000252826974944398	0.000256283025277578	0.000208912889954829	0.000199589352153626	0.000181017158431547	0.00016294039097561	0.000166174282099631
72117	15-19	2	0.00112702598253791	0.00103322962101859	0.00109715148694858	0.00106376513576699	0.000914223069519975	0.000860011408247079	0.000801230078903739	0.000692404031197007	0.000724152324726944
72117	20-24	2	0.00209478385212043	0.00211504675154749	0.00217788655728649	0.00208963137291859	0.00187006964804904	0.00164861325995258	0.00148383546030889	0.0014541056620307	0.00143941281187726
72117	25-29	2	0.00268696688911893	0.00263758605109827	0.00250826703843922	0.00262089340891341	0.0021853651440928	0.00211146720403861	0.00180220760742955	0.00193409133077301	0.00186918035088772
72117	30-34	2	0.00292726755622715	0.00296453072632751	0.00311347430375043	0.00304088713415268	0.00251649295804986	0.00223531892900385	0.00218143872453657	0.00197158298525549	0.0020600892415942
72117	35-39	2	0.00338335694163804	0.00341461815499966	0.00356864626880051	0.00353259617867068	0.00309000505304852	0.0028016875626569	0.00246923695297865	0.00236322005807403	0.00258746802949307
72117	40-44	2	0.00441713306279725	0.00441383815222455	0.00477706303659304	0.0044458964625165	0.00361546064076791	0.00329791449771368	0.00301766189529084	0.00309524309797971	0.00330562368057061
72117	45-49	2	0.00626304593061519	0.00545561745130672	0.0055198705466978	0.00534078537190366	0.00483066989484465	0.00411205284944952	0.00389235074959066	0.00364823400626622	0.00352699957564159
72117	50-54	2	0.00775232459618909	0.00779555264257098	0.00812025511943524	0.0090557975806699	0.00704375517335196	0.00655631973974207	0.00590622164582815	0.00528873011187618	0.00588123089363114
72117	55-59	2	0.0109591226916811	0.0113662427834512	0.010876303072732	0.0124077257302668	0.00923626823235688	0.00931422055877476	0.00799886187353344	0.00756308687012936	0.00793799531949916
72117	60-64	2	0.0174315848028817	0.015859092627924	0.0162685795729321	0.016460652583782	0.0129815480577719	0.0119173082289621	0.0118125820734034	0.0106396303960521	0.0103810684925674
72117	65-69	2	0.0230827159495655	0.0233962379252799	0.0251266757247176	0.0247097679573881	0.0201531935992119	0.0170791886886835	0.0160602673184906	0.0133170941490373	0.0137904070411148
72117	70-74	2	0.0330312258990301	0.0379034610493232	0.0315450208466486	0.0436067067972807	0.0293480960823076	0.029819894553822	0.0226913575871015	0.0243091046242737	0.0185745116478601
72117	75-79	2	0.0493596193482265	0.0573511559889579	0.0488999454808982	0.0515956762228706	0.0453775040111093	0.0427208151425438	0.0369819115007454	0.0298714377840264	0.0294452558505129
72117	80-84	2	0.0861214061987414	0.0772685199311113	0.0831653783125041	0.0914406811730891	0.078920901746525	0.0677735606630679	0.063619582119208	0.0576425389931184	0.0536509331225592
72117	85+	2	0.170543832324381	0.183030483486558	0.152307836285055	0.160466174780032	0.154651982073497	0.151412264757207	0.124848204304804	0.112068374301193	0.104509823700276
72119	0-4	2	0.00378930409083968	0.00316987103157296	0.00327762266246146	0.00304292887374687	0.00220673690214173	0.00245599212090629	0.00209338205719228	0.00179311973516923	0.00210066417315166
72119	5-9	2	0.000200436386532749	0.000189217293610124	0.000197456453498508	0.000194385797130444	0.00016091949116395	0.00016590679316833	0.000145901599073668	0.000131195964152485	0.000136664046888686
72119	10-14	2	0.000302195513546129	0.000278148209256005	0.000277881902069903	0.00031071551959012	0.000242926405664638	0.000229631390305296	0.000198439652501367	0.000183000652317492	0.00019070132039045
72119	15-19	2	0.00110150136638047	0.00109472790420076	0.00126102245680287	0.0016295507105501	0.00114417775635639	0.00108991939839312	0.000946066138697222	0.000805246241005471	0.000868774691769722
72119	20-24	2	0.00228168128829669	0.00221641631283898	0.00259289443535365	0.00339801064604634	0.00219228908888294	0.00255279764171563	0.00209636430030499	0.00193290013862889	0.00198063766860736
72119	25-29	2	0.00256407777860187	0.00243819166183537	0.00354487960011232	0.00317313861361065	0.00260425421340903	0.00277522011674053	0.00253395043546228	0.00221784335546868	0.00250108152706489
72119	30-34	2	0.00327231945826258	0.00332391593023804	0.00407163909901064	0.00385742299190674	0.00282721539127298	0.0025503416857049	0.00275443295723793	0.00267211373362232	0.00231198312598766
72119	35-39	2	0.00364827172044089	0.00403939904697353	0.00486004471234884	0.00446214328110543	0.00336449863467617	0.00299817196057805	0.00281961193176941	0.00256768759166039	0.00409826460272845
72119	40-44	2	0.00445853220503974	0.00499371360174689	0.00632348971014315	0.00495263761727282	0.00432657491158971	0.00400439918451408	0.00375642496467448	0.0030250901983768	0.00348180914659304
72119	45-49	2	0.00625180269463952	0.00634026942938967	0.0072616602460071	0.00740916394775532	0.005952618056442	0.00540731457884017	0.00507468754753749	0.0045659961000609	0.00420868622573507
72119	50-54	2	0.00866235265047583	0.00880548633062423	0.00900866442864465	0.0115080630667455	0.00833735795570086	0.00650322315665769	0.00622176115039517	0.00658814997607936	0.00838346959916502
72119	55-59	2	0.0119392631777993	0.0114829879568512	0.0123119793447825	0.0127007574294077	0.0106886010338823	0.0102385827319963	0.00935297373348783	0.00738021397781706	0.00970219639942419
72119	60-64	2	0.0209268193816593	0.0187614156838455	0.016534980298035	0.0176603793586002	0.0148588866030793	0.0159118990742318	0.0129902347832726	0.0113443368126841	0.0130055413761921
72119	65-69	2	0.0267937413881197	0.0269917994273154	0.0268608046502744	0.025313190671061	0.021266545088743	0.0207313820008795	0.0173765376072511	0.0173262519463876	0.0175727478366742
72119	70-74	2	0.044572993050686	0.0442147619929351	0.0382904769048214	0.0375256733307455	0.0304752213419485	0.0292147064820969	0.028347232633565	0.0252104205877791	0.0243691795205234
72119	75-79	2	0.0488090000026886	0.0537987990718314	0.0587035507796475	0.0573861386240344	0.0511519254760299	0.041522488262368	0.0404821398199122	0.0372192219119973	0.0368838857659187
72119	80-84	2	0.0968479580597608	0.0749514355761062	0.0950335326162633	0.101378299017195	0.0822521796098655	0.0685024728114002	0.0655231231597757	0.0541877380510037	0.0524736079101117
72119	85+	2	0.175254359869659	0.174958630662648	0.145809097750434	0.144320332662328	0.149735336267123	0.151246342808064	0.134193356754849	0.136046753596169	0.112194436170061
72121	0-4	2	0.00324540675960332	0.00313374930494776	0.00315445932216549	0.00275320591286963	0.00256466365598783	0.00237183620537833	0.0022258254409949	0.00183428396258337	0.00179074980761673
72121	5-9	2	0.000174242519341134	0.00018143753352202	0.000194894269290018	0.000190068316870104	0.000152619616303996	0.000147444083914399	0.00013260904176015	0.000121518976075196	0.000124685672298141
72121	10-14	2	0.000260064682048772	0.000253294137720348	0.000260489177348504	0.000260295233514348	0.000223391407023252	0.00020644728955239	0.000189963079870697	0.000174323308887266	0.00017894590355644
72121	15-19	2	0.00107276165417282	0.00110009143930721	0.00118816394686576	0.0010961005580603	0.000919545417995971	0.000930201410276072	0.000881563415775245	0.000757105613554233	0.000765060849391283
72121	20-24	2	0.00205997510725697	0.00222207643719643	0.00212677185910724	0.0020994377993405	0.00183075987453277	0.00177227663670466	0.00179208723004075	0.00145912048153747	0.00153471408605526
72121	25-29	2	0.00252140927972464	0.00255322129648031	0.00292573764284086	0.00255476355229596	0.00219688487089865	0.00211731340595102	0.00202617251115835	0.00189938019974447	0.00189602798604802
72121	30-34	2	0.00289943841162381	0.00323797231144752	0.00301287585003818	0.00304614332342208	0.00253069334689282	0.00243566348107208	0.00220486634050055	0.00204225312508358	0.00239237936975074
72121	35-39	2	0.00322583084206845	0.0037579939856651	0.00400553851906426	0.00382275147561932	0.00308260492137668	0.00280471549216913	0.0026183019218433	0.00253283802713643	0.00278976407262739
72121	40-44	2	0.00397382771963372	0.0049751540743783	0.00480779291799135	0.00457554991307688	0.00379367980210672	0.00320199570861611	0.00350072236246961	0.00303609535409077	0.00339338323033399
72121	45-49	2	0.00599391459242916	0.00578035559257288	0.00605204508212949	0.00635438207250318	0.00550580776076185	0.00480389030722368	0.00449576023450151	0.00418773439207264	0.00410177422029532
72121	50-54	2	0.0073204871330589	0.00811725316593009	0.00787122011848134	0.00840286766820321	0.00698700083347696	0.00679323653594384	0.0065354298522998	0.00599267983879108	0.00634158658855556
72121	55-59	2	0.0117739001482078	0.0108972521290356	0.012291581274343	0.0119305281887614	0.0102951602943729	0.0108948180546111	0.00885045291837485	0.0100635438557496	0.00838734503208468
72121	60-64	2	0.0202401526574369	0.0176421767582522	0.0169791327537011	0.0169776755389704	0.0147599228709089	0.0155264031916885	0.0137255785619511	0.0115439330347854	0.013603329749487
72121	65-69	2	0.0252577287771766	0.0237141794733879	0.0266647346516885	0.0208999325539295	0.0213986237931645	0.023431322614217	0.0181183548375771	0.0180354397254329	0.0183917855831116
72121	70-74	2	0.0394834679834775	0.0410953324936935	0.0373712429084594	0.0434703868831424	0.0312909269340892	0.0329250874985436	0.0267271662644125	0.0233756121266402	0.0203644047996271
72121	75-79	2	0.0555271571972151	0.0527968866909002	0.0599648401523092	0.0575725087978845	0.0447671385252128	0.0425564735020373	0.0415566411186984	0.0386352152055477	0.0372890740857649
72121	80-84	2	0.0906717169159153	0.0844313393136872	0.0865467547715158	0.0900101164252999	0.0795939002255277	0.0688900904864341	0.0718034988368353	0.063431707443667	0.0612577568324178
72121	85+	2	0.164299005490547	0.166298471968819	0.155478386189059	0.164444268497318	0.151313899845667	0.141506782528844	0.136291640630604	0.130954644585362	0.125397457458957
72123	0-4	2	0.00400213425435783	0.00396023052341579	0.00403150646023001	0.00355407363538363	0.00252999187614689	0.00264115862777956	0.00233034729981972	0.0020542549561358	0.0020719406587691
72123	5-9	2	0.000201268568264448	0.00019843264124961	0.000209819130534291	0.000196771623013923	0.00016784232790724	0.000158302072607371	0.000144350643057194	0.00013141463452163	0.000135156683809445
72123	10-14	2	0.000291853917662095	0.000281016030133691	0.000284704237515725	0.00027988177943726	0.000266252515875873	0.000225591503818059	0.000210588330406847	0.00018814445704301	0.000197943745386063
72123	15-19	2	0.00114101361875632	0.00126074240476378	0.00132682967514392	0.00123936362592712	0.00101974150643114	0.0010744082104685	0.000941204725297298	0.000770465265106749	0.000887047046279726
72123	20-24	2	0.00245606681814501	0.00258206216603034	0.00254382484712831	0.0023938612892828	0.00209429475939983	0.00214761633416251	0.00194675829654092	0.00180619202101626	0.00164597471229754
72123	25-29	2	0.00302666685410236	0.00323562151051412	0.00317980009573801	0.00307740898168892	0.0026121630650283	0.00256766056996718	0.00269643827248836	0.00235548933069485	0.00207514459948766
72123	30-34	2	0.00328437565940898	0.00410956599622887	0.00391904354494379	0.00347391401996787	0.00305903902735401	0.00281791028964494	0.00244126841913718	0.00248098464278628	0.00265099832315868
72123	35-39	2	0.00417830955476248	0.00518945493801624	0.00487848620964703	0.00449784051058805	0.00416478839372429	0.00354052254876882	0.00295979405877523	0.00294830093059669	0.00297331135663665
72123	40-44	2	0.00496701205316867	0.00557799356430113	0.00613368166150103	0.00632999909647801	0.00451604051927681	0.00390931370615232	0.00381885831310759	0.00326080033923192	0.00356784704015873
72123	45-49	2	0.00658069250281338	0.00702593195368088	0.00702596456023127	0.0075218533769293	0.00560158515282482	0.00561473884379947	0.00472111378404469	0.00417916097879701	0.00456998201037261
72123	50-54	2	0.0089490319758467	0.00993441576531954	0.00928638320561609	0.00865844043709254	0.00842466309418668	0.0084793038630416	0.00578554875347961	0.00595759605768845	0.00699288392480309
72123	55-59	2	0.0153010332819526	0.0141851933782514	0.0138331006764251	0.0150295630915636	0.0117421497409342	0.0112710493302497	0.0104060529022862	0.00830225790492795	0.00904424439910253
72123	60-64	2	0.02049057131969	0.0228838560776405	0.0227370147374812	0.0202774018324645	0.0166242080100629	0.0147519638758724	0.0123817518580266	0.0121270412315113	0.0110431933280804
72123	65-69	2	0.0264606684885529	0.0321986608787533	0.0266597643358716	0.0278679162889338	0.0237631829186854	0.0221820062255441	0.0203907090372419	0.0171927058804363	0.0147319165867578
72123	70-74	2	0.04744402407449	0.0491894901253898	0.039297495117948	0.0440937483877914	0.0322022257887887	0.0334103205180682	0.0268532125270924	0.0236494117774109	0.023578219697868
72123	75-79	2	0.060895105148399	0.059226913777995	0.0532087893137742	0.0633632517840214	0.0519806635559923	0.0438009550177654	0.0442905527719465	0.0386333337339708	0.0363617396175831
72123	80-84	2	0.112956144412374	0.094626473870529	0.0965912437129604	0.0946288809594007	0.077080904701793	0.0789894750065752	0.0671642638644148	0.0535463956083728	0.0619243876283414
72123	85+	2	0.186092167576407	0.172420319028019	0.155856673658543	0.160406817312328	0.151972342936911	0.136193122733995	0.147085061903751	0.111811404580784	0.111748096557092
72125	0-4	2	0.00332757554187602	0.00305227562366185	0.00286817819382802	0.00275842169013582	0.00243180877747658	0.00250837844753792	0.00209885935311807	0.00163091901970525	0.00170597029441963
72125	5-9	2	0.000183807025025233	0.00017343673773741	0.000175795956794451	0.000173816681820441	0.00014740130023855	0.000139307737880206	0.000124197840981683	0.000114154064834691	0.000120421222433251
72125	10-14	2	0.000239424603045005	0.00024611105826556	0.000266026530711622	0.000247451020540669	0.00021497834415945	0.0001990052415418	0.000177654756235977	0.000167255718059585	0.000172604775796832
72125	15-19	2	0.000990870532019052	0.0010750648922893	0.00107339432314806	0.000975572122442397	0.000848940266421042	0.000824124877788641	0.000732275577597755	0.000684696938812488	0.000728504371854704
72125	20-24	2	0.00188697142333598	0.00179161107320003	0.00210148177825032	0.00195419402599641	0.00165326028303077	0.00162908147408784	0.00143068596451126	0.00134214394743343	0.00139400510993286
72125	25-29	2	0.00234692284100284	0.00257628703509138	0.00245292418680473	0.00237928647166037	0.00220647666313873	0.00184015868291111	0.00177982034890796	0.00161483336591281	0.00176531055633875
72125	30-34	2	0.0029018467588997	0.00264289926031312	0.00298289455137064	0.00281722186374553	0.00223606863668734	0.00235782917227156	0.0022642573949321	0.00200658607280755	0.0021477096632204
72125	35-39	2	0.00356838174697573	0.00370614500515032	0.00382240807869069	0.00394996248836963	0.0031227003134527	0.00277199934268927	0.0023860244057197	0.00229783076279905	0.00237267965873141
72125	40-44	2	0.00383874709731985	0.00411884983731664	0.00518916993678904	0.00457987180908994	0.00344826759244405	0.00317828893040552	0.00300506531918077	0.00294973047812994	0.00309090018858583
72125	45-49	2	0.00527182975234116	0.0057723380672235	0.00566913263707619	0.00560470178359672	0.00507764112553159	0.00432434931340136	0.00409142427917049	0.00389397790184247	0.00398253223186594
72125	50-54	2	0.00812401566316479	0.00764118505328249	0.00798408484437297	0.00755442838813426	0.006634771292251	0.00816237241820253	0.00602189385279814	0.00567790467367028	0.00689218827274834
72125	55-59	2	0.0113444904673432	0.00950783437743431	0.0111439265386651	0.010756483253747	0.00899086271395394	0.00906361197702052	0.00872408035000835	0.00815436171042888	0.00710482132148316
72125	60-64	2	0.0167493535578729	0.0168302462104476	0.0149392818163218	0.0162661863643986	0.0171518262326561	0.0140934358184731	0.0109070058425906	0.0114841829019934	0.0120788916783211
72125	65-69	2	0.0275945348568986	0.0237862532439071	0.0218259991589647	0.0219039420796284	0.0188104568866391	0.0202053513518365	0.0177941432936592	0.0177565372208539	0.0169855052981583
72125	70-74	2	0.0422835934172871	0.0348189220493185	0.03801269931768	0.0335827606104694	0.0353585667790711	0.029031018035663	0.0255596258327923	0.0207597615912628	0.0225945906690898
72125	75-79	2	0.0584833733663328	0.0606072652786321	0.0564054359182224	0.0430643977833644	0.0451772371203713	0.0341842932525031	0.0444010900225093	0.0375304422520228	0.0416240296100686
72125	80-84	2	0.0750355889032783	0.0813994236262129	0.0989362730268298	0.0863284658519292	0.0710708862365511	0.083709054423098	0.0687220934084725	0.0613055111693019	0.054457296342904
72125	85+	2	0.165308552684993	0.133723683516136	0.156178476543436	0.150188484835215	0.144868822123336	0.145599935212043	0.133270849022743	0.126981464184528	0.131458723698721
72127	0-4	2	0.00542354992140146	0.00403625815860235	0.00390507206257669	0.00326989961815265	0.00257396313763373	0.00264291186538625	0.00265626959190612	0.00216572451797622	0.00243017291794473
72127	5-9	2	0.0002406926662987	0.00023876683721921	0.000263341157805567	0.000234748000462439	0.00016995762909719	0.000164410754012032	0.00016014674381321	0.000160152519499797	0.000146728831823271
72127	10-14	2	0.00035851789776576	0.000377228374256495	0.000409866061185428	0.000355027406247329	0.000261091166073997	0.000237926832037729	0.00024390459049393	0.000202985825266929	0.000222659258191348
72127	15-19	2	0.001804815961653	0.00155477416419787	0.00378745036968177	0.00298639988187288	0.00210292778479295	0.00128005925803382	0.00119721730298643	0.00103442645375786	0.00120009889014129
72127	20-24	2	0.00298230520572431	0.00346119399448717	0.00505674648704677	0.00441450836855012	0.00410286781712947	0.0034110738479351	0.00339047383047554	0.00295375619735922	0.00249188794580151
72127	25-29	2	0.00342887711862328	0.00441454795840201	0.00621084287097703	0.00463023884342346	0.00413946378603095	0.00413180966288017	0.00355111864666939	0.00292141055452484	0.00300686888307573
72127	30-34	2	0.00429989015483347	0.00678705595883295	0.00859214160066021	0.0065952474997452	0.00383335820022016	0.00393756388456097	0.00322720058960858	0.00340568542249277	0.00303553740223089
72127	35-39	2	0.00481120142794321	0.00759106855604783	0.0106510017119617	0.00716845984090119	0.00480829171294694	0.00399304421955673	0.00309788018077775	0.00349319153874334	0.00368368411091478
72127	40-44	2	0.00569414276296838	0.00769016573213574	0.0104235435162453	0.00855465346877509	0.00554693465452499	0.00509661366013972	0.00407710364904545	0.00415326423608514	0.00509159316819305
72127	45-49	2	0.00722515201575775	0.00939753288848033	0.0106834224081874	0.0102039187086646	0.00712166313847345	0.00630424812560833	0.00535324544499273	0.00492614397880151	0.00563669771412498
72127	50-54	2	0.00975720233725855	0.0101597190913691	0.0122697332604171	0.0112929988699575	0.00971540583297686	0.0089937662220566	0.00734936983689566	0.00685696592665513	0.00657714113863806
72127	55-59	2	0.0141291204245927	0.0155287821116946	0.0137034162386264	0.0138069193476211	0.0121684088213325	0.0115895353674844	0.0110913547340686	0.010169666880996	0.00969394079243917
72127	60-64	2	0.0215031259232677	0.021725095920247	0.0205314181572217	0.019096495186465	0.015952124450304	0.0154999253683078	0.0139552434869477	0.0138856565926231	0.0132829061836384
72127	65-69	2	0.0288745831572292	0.0282980008797176	0.0265244721818391	0.0254015478413917	0.0216761091459538	0.0203444742092821	0.0189471266527276	0.0169655141659686	0.01783198539268
72127	70-74	2	0.0441568478061081	0.0435756000987406	0.0407830523822085	0.0402770858370254	0.0321704321097188	0.0279785251809957	0.0253036301766684	0.0233515440825126	0.0254618701146148
72127	75-79	2	0.058851747431054	0.0586526342102459	0.05589130768321	0.0557067051691558	0.048246503560847	0.0430149918279802	0.0391785728899811	0.0363926716221074	0.0402304722835295
72127	80-84	2	0.0992749314008599	0.0913938581860405	0.0894544016313676	0.0886329986619926	0.0738056813555734	0.0716440649966279	0.0655399262832815	0.0592277992484354	0.0570059188631186
72127	85+	2	0.16630206118381	0.168382398484731	0.155535327033092	0.156953100116158	0.140908041064279	0.133060616057651	0.131941423693689	0.122729472015059	0.122858760061024
72129	0-4	2	0.00323248372294871	0.00296214704842311	0.00287216907818988	0.00285780844800441	0.0025326169031135	0.00247338245709945	0.00210322839076167	0.00183295967118299	0.00181512698194996
72129	5-9	2	0.000189558950922463	0.0001959822046771	0.000192518024798035	0.000186162694505275	0.000158080095608386	0.000151368575788401	0.000137948362841578	0.000125262863935099	0.000128081244734912
72129	10-14	2	0.000256363305346028	0.00027698389648645	0.000267030339780402	0.000275172019208717	0.000229378014270872	0.00021971422726042	0.000201009133250041	0.000182908450123663	0.000182991089658315
72129	15-19	2	0.00128666739115045	0.00119345658920538	0.00122511104696436	0.00107424107518873	0.00100558647614865	0.00095652276500589	0.000889938016719358	0.00084942779280331	0.000792391515228092
72129	20-24	2	0.00209436960505846	0.00216407885233586	0.00225863994957663	0.00248239244937481	0.00207033578804574	0.00193077665949463	0.00175387160668766	0.00190858779739487	0.00162326551301613
72129	25-29	2	0.00275341769653484	0.00292239865271639	0.00309651981941066	0.00273290518075376	0.00253718434537019	0.00229650700990058	0.00251887172685354	0.00223288318629259	0.00200514597478645
72129	30-34	2	0.00297135610954735	0.00378085031239509	0.00373348369330472	0.00307910937903739	0.00276929776320167	0.00263285399534624	0.00268531061926299	0.0023492232931928	0.00250419950353753
72129	35-39	2	0.00390393981002702	0.00445885108561048	0.00444600078592051	0.00419093199676642	0.00326655329592317	0.00274347890651636	0.00257228480592931	0.00285610927867992	0.00312345419588559
72129	40-44	2	0.00491526947235391	0.00582568280858208	0.00548809465544444	0.00492368081512557	0.00414416983309386	0.00368261326127406	0.00316089200349939	0.00317877049343592	0.00363846094274471
72129	45-49	2	0.00605583748788817	0.00665003663799378	0.00743423591518405	0.00633190657099415	0.00586263051671805	0.00554011261263402	0.00462209237764103	0.0043130226014937	0.00466822080109466
72129	50-54	2	0.00881546956970273	0.00885594759442524	0.00928171047568637	0.00857815578491042	0.00839251431391855	0.00790724263979118	0.00557436151648756	0.0064472288296636	0.00608343195580263
72129	55-59	2	0.0133538228985318	0.0146082046902203	0.013463195028751	0.0138711118352802	0.0111339282265642	0.0111366083578889	0.00886822468861759	0.00810623234357119	0.00844324690423479
72129	60-64	2	0.017200724760793	0.0176685419998873	0.0193608108274081	0.020147501300494	0.017888139678015	0.0154719924887739	0.0136112021446418	0.0112256949748957	0.0117451922969801
72129	65-69	2	0.0278919247234024	0.0259173031695258	0.0299095632957659	0.0259091119594314	0.022783032983337	0.0192520262984255	0.0178870337031538	0.0190291737907097	0.0164905690413716
72129	70-74	2	0.0344608640045405	0.042249636730293	0.0384343284678169	0.039675675240491	0.032497703967239	0.0283588888403332	0.024753233054743	0.0228956697004682	0.027348050937311
72129	75-79	2	0.0536335987742537	0.0563125402712905	0.0613255216821781	0.0467576934687393	0.0512636244462449	0.0466885018361486	0.043595986781321	0.0366463072550263	0.0362300037758968
72129	80-84	2	0.0729738903824029	0.0833868283490189	0.0815029129452104	0.0806830867096701	0.0700470376601946	0.0663433362735176	0.0595596952529293	0.0476976970546973	0.047555535631026
72129	85+	2	0.142797850074092	0.164778672940317	0.152670958519946	0.156004518641785	0.145107246766688	0.141366053351418	0.119664170346051	0.132224747589861	0.11430766701708
72131	0-4	2	0.0028518051230433	0.00305044617226493	0.00296095155047746	0.00271391791748819	0.00240832601991781	0.00216237913708429	0.00210107365798002	0.00164426281001726	0.00175537881402484
72131	5-9	2	0.000170543027881131	0.000179474026871607	0.000186626967419588	0.000170613283067405	0.000150410859162803	0.000138495486933415	0.000124892063002968	0.000113903877619991	0.000120324122831769
72131	10-14	2	0.000241486381758565	0.000253425440056233	0.000247377600905282	0.000257471060772767	0.0002048707459268	0.000214336549371683	0.0001898745972366	0.000166323818281347	0.000168163165195251
72131	15-19	2	0.00102570234544427	0.00103192607131421	0.0010863765205127	0.00112594152021664	0.000881016095596412	0.000810566535731898	0.000771352681230839	0.000712908677586108	0.000698966341577745
72131	20-24	2	0.0019593705065214	0.00211047035999355	0.00193645548615935	0.00193471280640199	0.0018462837437755	0.001578402538929	0.00152091463554932	0.00143454021611142	0.00155206941553708
72131	25-29	2	0.0023285500114188	0.00282083252794974	0.00258462147509709	0.00247280981156965	0.00215921046052189	0.00206163161109081	0.00178488467488681	0.0016876340005266	0.00173424310938306
72131	30-34	2	0.00253978110636073	0.00292581632779589	0.00285706086781296	0.00271643006752766	0.00263477033016865	0.00215942748798647	0.00232232279246477	0.002001600303844	0.00206547703942192
72131	35-39	2	0.00337065496950958	0.00407397160145525	0.00355138153794221	0.00353895528930356	0.00279914619658016	0.00250360321014898	0.00236111302631339	0.00250241241618609	0.00279369936191734
72131	40-44	2	0.00384466610079633	0.00487576973511214	0.00475784594030645	0.0045507565160009	0.00373189413627869	0.00349091248134747	0.00343047629854123	0.00280153774645154	0.00314447044453355
72131	45-49	2	0.00569176220466325	0.00521017949188882	0.00588703489653217	0.00548642045586218	0.00446141106875145	0.00472502466560297	0.00437478142759472	0.00390325418365804	0.00420186167547477
72131	50-54	2	0.00709370967264356	0.00820398075858101	0.00821624766048711	0.00766606976242277	0.00611132064077238	0.00636993260228756	0.00591835564947998	0.00548026556647479	0.00523235916158001
72131	55-59	2	0.0113642019634491	0.0111813060091445	0.0111922669104418	0.0110756604666918	0.0100853811643911	0.0100884081121969	0.00822112335795044	0.00808451759496393	0.0069524877363306
72131	60-64	2	0.016539345959857	0.0160793340258045	0.0160984759355779	0.0151793599182252	0.0135471711249374	0.013502599345224	0.012031646718862	0.0100117525402553	0.0122968935663329
72131	65-69	2	0.0243250700701869	0.0227004940306815	0.0242900569290458	0.0221595471003656	0.018256628367057	0.0200951410848946	0.0183116798830059	0.0146687248694909	0.0146487521103662
72131	70-74	2	0.0393175647359593	0.0394122180780526	0.0348910651753086	0.0356560910037957	0.0325410093556514	0.0262218008659223	0.0269159191579408	0.0209884663065079	0.0215742649539969
72131	75-79	2	0.0566836303136533	0.0571210645917742	0.0593549840618666	0.0484699806769008	0.0515512080994004	0.0446531521212382	0.0428085413706234	0.0376905916591679	0.0399590138140539
72131	80-84	2	0.0815275311624155	0.0951709583832698	0.0856215842351263	0.105529155100127	0.0808779431640251	0.0660306628939236	0.0671784153536009	0.0558621413505414	0.062937737544593
72131	85+	2	0.184833683674521	0.161266078397161	0.165189481914546	0.15282416362908	0.151459001951833	0.155311608408829	0.129181310480122	0.135080721229336	0.126966360660104
72133	0-4	2	0.00397516588118365	0.00365963869898686	0.0038961096057295	0.0037973861118287	0.0030547025103134	0.00261336628463959	0.00240251247532512	0.00210692338482647	0.00225612872742281
72133	5-9	2	0.000212094472366874	0.000217420936424143	0.000235993391040067	0.000213664829579765	0.000198368272376212	0.000176045261969349	0.000156811878395203	0.000147554111927163	0.000149031263527267
72133	10-14	2	0.000329317656849355	0.000316656436281041	0.000315677277669533	0.000312111538963668	0.000271811178456481	0.0002622856220313	0.000238887011831777	0.000206861045068891	0.000213739919277341
72133	15-19	2	0.00129319860557661	0.00134271125293791	0.00139214139736808	0.00141399626082392	0.00133141311668462	0.00110208435721615	0.00104746184557358	0.000864374552318603	0.000983773384035967
72133	20-24	2	0.00265485913387928	0.00292218335589355	0.00280516658271622	0.00289762858953607	0.00281081198953505	0.00246292723456566	0.00234992577785371	0.00191426013819718	0.00184861049749099
72133	25-29	2	0.00310509198982872	0.00341112032672151	0.00399533053590679	0.00364941847397846	0.00304171281633251	0.00289799729968934	0.00286405086837805	0.00249845968179782	0.00273052166475632
72133	30-34	2	0.00338659979083898	0.00399924971502853	0.00470516104143564	0.00354059960773745	0.00345081170005114	0.00323938162731595	0.00287398746111039	0.00262607461251724	0.00298340484260783
72133	35-39	2	0.0040522437584241	0.00427361003387528	0.00620235981693688	0.00474172566869848	0.00411426660272116	0.00315943051152112	0.00316414297289735	0.00270647015522527	0.00323588256810917
72133	40-44	2	0.00522338864823736	0.00536999577135619	0.00558395505460112	0.00699715045288942	0.0049635163375963	0.00425323196329339	0.00377178677767648	0.00359993335648984	0.00404090958813547
72133	45-49	2	0.0066795731576505	0.00768565743986306	0.00827966818452465	0.00693781551425494	0.0064090605792907	0.00584935712305928	0.00565312056869084	0.00483823770255639	0.00504065224688554
72133	50-54	2	0.00952066925274522	0.0101893208853713	0.0100604554053507	0.0103279861775508	0.0093410742322315	0.00858152448632175	0.00669892359948321	0.00623561877425561	0.00587114519497406
72133	55-59	2	0.0127134387831043	0.0142293994804232	0.0140357595956726	0.0126753432139887	0.0125170662358504	0.0118351859087445	0.0110805174241194	0.00953123374051841	0.00992476585388979
72133	60-64	2	0.0204030343942231	0.0208017034448814	0.0224548057030417	0.0179326524273879	0.0198582436584785	0.0173283632793936	0.0129834486100239	0.0139997486633613	0.0144091480180815
72133	65-69	2	0.0346269790352486	0.0294353198899349	0.030209162186101	0.0274298827644567	0.0259734710263568	0.0205567839536281	0.0173748800593537	0.0228456998669288	0.0217267982817534
72133	70-74	2	0.0471441474040466	0.0397442611385465	0.047294439142739	0.0422064385402666	0.0379546042289661	0.0353097647365099	0.0311064854512101	0.0286267763412455	0.0257900807028809
72133	75-79	2	0.0739157555794944	0.0625063185393125	0.0669421249672445	0.0624971793893671	0.0608186151234081	0.0509257553911286	0.0401985516291935	0.0463619942670736	0.044835317628259
72133	80-84	2	0.102618706206313	0.105289252903361	0.0922407000003261	0.126982862089561	0.0939718150757734	0.0965966703554406	0.0699300301332347	0.0651526315894695	0.0729129095292251
72133	85+	2	0.161499990018178	0.204479363031303	0.183406326647997	0.168249846710796	0.16445426283507	0.154148739328721	0.185285732749169	0.131706821542969	0.139359152706961
72135	0-4	2	0.00327674810522525	0.00266089038472848	0.00261269570087632	0.00231133853345982	0.00203210500834432	0.00189270974834767	0.00176664282118118	0.00161271988921887	0.00157313774983285
72135	5-9	2	0.000160525996497132	0.000160064809542561	0.00017026073243497	0.00015580066867618	0.000142190611692642	0.000130037193971049	0.000115037121335375	0.000106038010729545	0.000109627849383707
72135	10-14	2	0.000238460551554116	0.000236801761001749	0.000226313320637527	0.000229990204071826	0.000201252308160811	0.000183601199512582	0.00016929115964807	0.000150606052359069	0.000155889982972131
72135	15-19	2	0.000950629079403462	0.000995691481736603	0.00112710362487663	0.00108913632468642	0.000834053080489731	0.000904792220543594	0.000757691702488765	0.000643124321686261	0.000703624652433168
72135	20-24	2	0.00199952735480861	0.00195447946407317	0.00238260819285341	0.00214631782055777	0.0017013385892948	0.00188829779928997	0.0018310847870963	0.00138472945009635	0.00135114518058164
72135	25-29	2	0.00206418028441441	0.00195917207078337	0.00264404387629162	0.00234217292722911	0.00221380334731063	0.00210235559587074	0.00207688244303488	0.00194403110370808	0.00168157049261142
72135	30-34	2	0.00229220729816754	0.00272307859761211	0.00304390957714059	0.00298787452686102	0.00222942600317997	0.00218510149003596	0.00235310594045796	0.00195276438161384	0.00218293803123396
72135	35-39	2	0.00320751277649817	0.0033178651732507	0.00390640616706678	0.00348946443272455	0.00228672881135071	0.00233130359846091	0.0022068276575531	0.00213192875784493	0.00246304999062194
72135	40-44	2	0.00403046319730319	0.0043373340666504	0.00391242396235383	0.00399273914495648	0.00342369308958441	0.00314918336197413	0.00261763851210355	0.00285254710665189	0.00307546628529653
72135	45-49	2	0.00454225297038258	0.00507878712786849	0.00459943179544663	0.00571799738314793	0.00468306344494933	0.0034493259552559	0.00374432167200066	0.00311625449622526	0.0037824391736947
72135	50-54	2	0.00704658291287948	0.00775476666970726	0.0081676955064412	0.00799665097938126	0.00700503424548227	0.00563905786545222	0.00507456721508571	0.00504299840658824	0.00462008555592708
72135	55-59	2	0.0106097605339183	0.0130840036213052	0.0102055912635954	0.0109909939003802	0.00879123047590338	0.00762699975703464	0.00726842175464384	0.00756744142335874	0.00696154040635303
72135	60-64	2	0.0169911034208329	0.0175379354121753	0.0161543111206126	0.0150543604787109	0.0133449109438662	0.0127548674801772	0.00940832505558741	0.00974146244335215	0.00996631960709138
72135	65-69	2	0.0220271226313444	0.0220622469816287	0.0226633288077082	0.022725349026797	0.0212215891962975	0.016286718082611	0.0151391900150795	0.0127709063929512	0.0157240650083308
72135	70-74	2	0.0358464533883007	0.0398430183714175	0.032781451555162	0.0374892529062194	0.027676227913642	0.0233862458957772	0.0211837893602765	0.0210879881165858	0.0233280729470788
72135	75-79	2	0.0449651724038347	0.0537734782988362	0.0474736878929824	0.0483086185625051	0.0469570357405992	0.0427784661013463	0.0411856800567176	0.0304297140836475	0.0324800027328957
72135	80-84	2	0.0714594084001717	0.0732830565809221	0.0854815140578104	0.084942693432944	0.0819120476682229	0.0635866320773687	0.061620209239983	0.0562759374572457	0.0502427716516134
72135	85+	2	0.172084393958396	0.145306637493442	0.14187837737741	0.155233674685349	0.144154821342469	0.14233524389326	0.133034008955305	0.119318135900629	0.113368696819935
72137	0-4	2	0.0035255444317516	0.00297144405250966	0.00315513921132483	0.00266727447550732	0.00243371719089443	0.0024418854968943	0.0020307746418221	0.00186406167956991	0.00195770064018931
72137	5-9	2	0.000179826226997006	0.000197616484780376	0.000210548729517107	0.00019268496360378	0.000163744480292228	0.000155354567082558	0.000143567938085508	0.000127192742186333	0.000132502242303783
72137	10-14	2	0.000287652994258843	0.00030102475042267	0.000296160702486532	0.000301922865369122	0.000239196095166694	0.000222440864779094	0.000193346281267873	0.000184179473040959	0.000192111916095479
72137	15-19	2	0.00117903267111394	0.00107686997942022	0.00136638031342823	0.00163413680238307	0.0010893511420577	0.00106153845406271	0.000996128451629458	0.000765106311123715	0.000810720781115985
72137	20-24	2	0.00232993508818649	0.00252432268138484	0.00318810303637944	0.00325550617167715	0.00276313529511571	0.00236125418805904	0.00216357041774255	0.00194285582124666	0.00205321942020072
72137	25-29	2	0.00259702904167023	0.00337415819790356	0.00401616293642532	0.00320560154948576	0.00322377640845329	0.00265443053899542	0.00272120862475127	0.00238226968579884	0.00242906007339704
72137	30-34	2	0.00279569308084545	0.00349991584474368	0.00488449028026842	0.00373412173963258	0.00331770882355236	0.00282107315035722	0.00289851660357677	0.00251980659943132	0.00281458256335959
72137	35-39	2	0.00352388989354523	0.00417660344305274	0.00527701546560278	0.00505469032187906	0.00367477618727922	0.0031020589782184	0.00278220581444302	0.00260830892782636	0.00296399557162923
72137	40-44	2	0.00370363103198693	0.00472821678564101	0.0055480440686846	0.00588165386354537	0.00428649738442584	0.00385371789933484	0.00327949731827437	0.00330894821823741	0.00413464281511218
72137	45-49	2	0.00585391779096303	0.00610896952646671	0.00671348371379587	0.0060403385569485	0.0057257469005455	0.00530298805047855	0.00456697269101247	0.00435351363982645	0.00485301635538884
72137	50-54	2	0.00775008337166748	0.00944871423294504	0.00877440137545414	0.00881650532320148	0.00690636999209409	0.00816749731704943	0.00676687299068157	0.00633401794287105	0.00634133059746586
72137	55-59	2	0.0108611417448195	0.0115561032973886	0.0112419623676925	0.0127194313047231	0.0101901668242359	0.00991565078048826	0.00954942105987722	0.00910408199372397	0.00922916374047363
72137	60-64	2	0.0191769946600526	0.0178009796760716	0.0156281560696227	0.0167330761328412	0.0153167027509254	0.0147663722350799	0.0132652418641174	0.0123803474790785	0.0131476547075666
72137	65-69	2	0.0249671285244714	0.0251132941169507	0.0269104791778117	0.0235947178676907	0.0214364742182255	0.0195050450401597	0.0199180401579081	0.019395607453168	0.0167291161244271
72137	70-74	2	0.0381599052856978	0.0403071867131882	0.0422143153697932	0.0348267230013308	0.0280415253133382	0.0290014840634203	0.0293571820465718	0.0231119645271857	0.0268132300606568
72137	75-79	2	0.0526031964250842	0.0631751568830564	0.0560459707143514	0.0550787700880081	0.0481635180644576	0.0476146038940639	0.0403005610714701	0.0350514696885105	0.0371203712310494
72137	80-84	2	0.0864215807470387	0.0823770924806922	0.090771352087324	0.0800841300838403	0.0818574474087905	0.0760585231710749	0.0640034675646375	0.0623417690971706	0.0610889272176324
72137	85+	2	0.164704990006999	0.164293214186934	0.158124719798096	0.159424331306745	0.146903967727018	0.140488782539951	0.132594713637961	0.116372123367756	0.117890309714395
72139	0-4	2	0.00276315376258514	0.00265719552138845	0.00260250920746314	0.0025235878771662	0.00202836603266836	0.00185965899613627	0.00173748659647357	0.00136966199592052	0.00170662443435181
72139	5-9	2	0.000169077305682182	0.000169780215223015	0.00018149037693302	0.000181214861446362	0.000146466614269867	0.000135009646069287	0.000121013522253815	0.000111375243032711	0.000120984624241807
72139	10-14	2	0.000244556538969382	0.000244536503342429	0.000255337387715455	0.000250220466696016	0.000202901961944757	0.000194756130398466	0.000178724887394754	0.000161958410651558	0.000171814659442211
72139	15-19	2	0.00114447271620456	0.00112777501415507	0.00120642648734052	0.00130203492202639	0.00109163568313845	0.000930907622825781	0.000845881950944126	0.000658343236030262	0.000667639224925942
72139	20-24	2	0.00208199717568167	0.00204633773759737	0.00245195168251614	0.00242727190977999	0.00211955998442629	0.00217564418612906	0.00159681742252294	0.00156096081789163	0.00161824295362209
72139	25-29	2	0.00233795053576881	0.00289433233165754	0.00316958482459962	0.00297403083828899	0.0023566254718226	0.00281185818057834	0.00205320259491918	0.00204015357429487	0.00206954846508064
72139	30-34	2	0.00267915388336267	0.00308072769218443	0.00331788704602638	0.00292259253846071	0.00215377663746203	0.00241704324888989	0.00223936581659307	0.00231951104566161	0.00236447670922077
72139	35-39	2	0.00316002349739031	0.00401127782577973	0.00468746086495613	0.00348704284186371	0.00315146346883539	0.00274521311258587	0.00300470123028241	0.00259226911378958	0.00244312692134973
72139	40-44	2	0.00417992610481325	0.00428172129473695	0.00511474850221052	0.00451064436734687	0.00408995906541695	0.00288055199283631	0.0027568622220776	0.00280650330058078	0.00267193811398052
72139	45-49	2	0.00484289521762309	0.00510937272307012	0.00567584381794829	0.00557481872929426	0.00512802843888581	0.00477789362205418	0.00351341200999786	0.00365107562756889	0.00427319205099175
72139	50-54	2	0.00844870691065215	0.00899237635507286	0.00776985475311148	0.00806457899563585	0.0072387429034645	0.00592363910936812	0.00510929449659985	0.00470112373316282	0.00548829682711767
72139	55-59	2	0.0103369843057422	0.0100822122026746	0.0101871436697492	0.00973622156474001	0.00904949559065466	0.00872030460737727	0.00806372133795595	0.00646906301823498	0.00855044083443458
72139	60-64	2	0.0145623829016677	0.0171777192428137	0.0163226536466087	0.0157345849792023	0.0135191383187297	0.0122914610971234	0.0126437328029508	0.0100232910798593	0.00986824005649742
72139	65-69	2	0.0266216831422779	0.0247498723846557	0.0234588156699825	0.0249528236783906	0.0177442841638547	0.0188844399356224	0.0155574233630443	0.0141956759229995	0.0162400413359924
72139	70-74	2	0.0384090503792247	0.033922551053532	0.0334652392203777	0.0349016762731333	0.0282745931365773	0.0274963181034046	0.0242273655441352	0.0219756003576266	0.0225179698106594
72139	75-79	2	0.0425589979894041	0.0496051245723957	0.0488320058094988	0.0468236059510699	0.0505612787316763	0.043558941601749	0.0386871301436712	0.029742944649496	0.0316006045034986
72139	80-84	2	0.0761102227454371	0.080827634113893	0.074801385065908	0.0975570786837738	0.0715813610117947	0.0651049803313191	0.0596219920100646	0.054934029194841	0.0535826214770749
72139	85+	2	0.148252713478852	0.157238674746723	0.132211728213111	0.145256906521346	0.138870209101766	0.123693698199764	0.124681631315212	0.126895321179309	0.11974975153072
72141	0-4	2	0.00331994847266238	0.00280075621678005	0.00254806899010597	0.00240887598288406	0.00202608370233487	0.00189574662315158	0.0020326145077326	0.00173943356501172	0.00162296531313012
72141	5-9	2	0.000166744835876985	0.000165633105190241	0.000169816552027988	0.00016644620861631	0.000146668075299306	0.000142808014727813	0.000124842667835864	0.00011395361334003	0.000116428937774656
72141	10-14	2	0.000240741200203012	0.000239791492713011	0.00024614920480543	0.000236406757876529	0.000213304667617385	0.000195176564270718	0.000182243954128177	0.000163361300373467	0.00016697962867002
72141	15-19	2	0.00102961296843787	0.00106438346849937	0.000942446710602964	0.0010220930494249	0.000888306934001227	0.000870915665594718	0.000750742548544914	0.000730423952746419	0.000695133360014587
72141	20-24	2	0.00207984878703754	0.00213128054186554	0.00224363714854791	0.00199416974652731	0.0017850089538932	0.00163435219535604	0.0014880062334814	0.00144491640562047	0.00135660169028677
72141	25-29	2	0.0028002026555931	0.0025870037446505	0.00267154620478045	0.00237082627947749	0.00210746672825345	0.00229360334607481	0.00187580784841509	0.00180574029659853	0.00186158245909972
72141	30-34	2	0.00270045857796444	0.00278796328139448	0.00278687219715295	0.00286014891343436	0.00232481370797721	0.00270345212922233	0.00213062340479749	0.00201788774866974	0.00211997635203465
72141	35-39	2	0.0035120388206398	0.00348855574620383	0.00379617938348325	0.00366178439503514	0.00279393067744582	0.0030274264987707	0.00268217066233247	0.00231091103992036	0.00257640624278109
72141	40-44	2	0.00398409673279566	0.00381781381033171	0.00436331109021615	0.00428940994166625	0.00325138442332488	0.00333238472556543	0.00304324939178949	0.00305677164915187	0.00361844475440263
72141	45-49	2	0.00522275107937451	0.00674536191070185	0.00570321817564843	0.00505941823513084	0.00451269846074492	0.00487724303861894	0.00426085396973302	0.00377856124890346	0.00356357356921434
72141	50-54	2	0.00793344213778449	0.00755125650699131	0.00766520905079314	0.00663160607655887	0.00636602309925751	0.00607063560194922	0.00577190255582331	0.00531152290192125	0.00531115309238737
72141	55-59	2	0.0111577368511802	0.012115569491223	0.011332863273023	0.013035518880948	0.01022343548141	0.00971408344140333	0.00887682526739587	0.00751790971997337	0.00808040730223671
72141	60-64	2	0.0151398047984699	0.0159681001938126	0.0158883450945035	0.018909560716684	0.0139250199147877	0.0134712128394842	0.0112086265857456	0.0112908947742289	0.0119623644020101
72141	65-69	2	0.0234809294577503	0.0202416037986464	0.0258594740178766	0.0241538756033469	0.0231637990923161	0.018549061404715	0.0193190903200507	0.0159865103763043	0.0139792889956082
72141	70-74	2	0.0330280402813923	0.0372008341731026	0.0360847580474604	0.0338406925725321	0.0316393754907407	0.0331810376548519	0.0276617961737416	0.0219024311095494	0.0224813186319693
72141	75-79	2	0.054229897443932	0.060304254031369	0.0491229775123607	0.0554850187838571	0.0461426469489945	0.0412836264484338	0.045507702720281	0.0325505368207615	0.0310789632474409
72141	80-84	2	0.0873248647957166	0.0865447358492088	0.0850358185904257	0.0954230588608225	0.0811987110866188	0.080336642550079	0.071653065557422	0.0556327373474262	0.0535053391228368
72141	85+	2	0.175602567401434	0.128697842236673	0.163071747539199	0.154848651096867	0.158650307829173	0.145454728199697	0.127311733472135	0.12512628443046	0.118028951097337
72143	0-4	2	0.0030769805685349	0.00295038069705648	0.0031890798987897	0.00281687008268995	0.00258156394325561	0.00210311981697747	0.00196563801160956	0.00171133701865206	0.00172661543113905
72143	5-9	2	0.000181815288892556	0.000197816802722074	0.000184741429092409	0.000182943513010461	0.000153675055807739	0.000145655067027393	0.000128643242411815	0.000117051295915928	0.000120698362898521
72143	10-14	2	0.000258019093656376	0.000257369081017729	0.000272789448920922	0.000259463500436029	0.000214093302462869	0.000211950555611173	0.000187692038676754	0.000171136002078488	0.000172761699030053
72143	15-19	2	0.00105466197223742	0.00109179385290572	0.00114908945104296	0.00141695378850924	0.00096626668652896	0.000938557385203931	0.000778670344631148	0.00071981234015932	0.000779104254117734
72143	20-24	2	0.00209761985554526	0.00238432833789478	0.00234854940597925	0.00260473286125991	0.00195535103435256	0.00215978014992129	0.00181394577058942	0.0014763893786075	0.0015711187052138
72143	25-29	2	0.00273516807820569	0.00275645251284279	0.00279478891635427	0.00282034876735136	0.00232800588284841	0.00236242555337734	0.0019048678874866	0.00186530738460209	0.00173669976166791
72143	30-34	2	0.00266152269017749	0.00375150648226951	0.00410887989758375	0.00328797108467181	0.00271713573336398	0.00268399414896815	0.00259543188440353	0.00209478461863888	0.002522760385277
72143	35-39	2	0.0035131281304747	0.00429950560534546	0.00472003710565429	0.00379934663720926	0.00359448544477042	0.00328925848710819	0.00261366827744242	0.00244913819607197	0.00267724238004081
72143	40-44	2	0.00437133951049348	0.0044284367893316	0.00483494079451413	0.00505968768625723	0.00390194792074111	0.00391416095807048	0.00330466640717387	0.00313699666480107	0.0034239253795031
72143	45-49	2	0.00626043012118069	0.00528484898704286	0.00627679549825119	0.00599503815239336	0.00503613840435943	0.00600853110378538	0.0045390077372051	0.00351831240430114	0.00478769114851374
72143	50-54	2	0.00909266227753474	0.0079956174121033	0.0100001160321657	0.00746974822574156	0.00738656121694189	0.00652174010911721	0.0053532479202859	0.00517725152541742	0.00603398239222311
72143	55-59	2	0.0117491905724079	0.0126541102322803	0.0129009673823365	0.0102598170920269	0.00980773620525595	0.0103859445389855	0.00928087865758176	0.00661152766363312	0.00755564635513026
72143	60-64	2	0.0179286244779579	0.0167712109832118	0.0171003343077356	0.0147053594446064	0.0147682329604076	0.0137682377977455	0.0115973245548533	0.00999052922536175	0.0105782362705645
72143	65-69	2	0.0237103390782149	0.0241388776402266	0.0235838645486809	0.025434573711266	0.0234294943043878	0.0226707599364231	0.0166290589978743	0.0156280927905801	0.0130226332425696
72143	70-74	2	0.034168202251041	0.0334678563746746	0.0389340870222628	0.0356482532629059	0.0348353129029919	0.0275317291682735	0.0255220540600854	0.0227055598760823	0.0227567297301473
72143	75-79	2	0.0437336475706165	0.0537420179719568	0.059097925778192	0.0554103761735073	0.043964993053246	0.0392283062791057	0.0393973677985474	0.036495852616067	0.0320391094339257
72143	80-84	2	0.0863383984283198	0.0823055725975615	0.0866367587765869	0.0976397987743903	0.0700977152446012	0.0745339168122985	0.0633272744595966	0.0528204047278863	0.0475567093316306
72143	85+	2	0.188238368680143	0.152413184385378	0.155054648143572	0.169634726638773	0.13960310640121	0.138199612006291	0.135909893492449	0.12568572750929	0.102663548157693
72145	0-4	2	0.00318820010661007	0.00310688414539888	0.00366808156639318	0.00291420724064887	0.00242534429074176	0.00243496790123777	0.00198171493077942	0.00199488952938625	0.00190231457846777
72145	5-9	2	0.000190154651818294	0.000198635109464812	0.00019818006844351	0.00020166339386859	0.000174795868158959	0.000153908642667066	0.000142977317318072	0.000129001055876667	0.000134206963697593
72145	10-14	2	0.000278656291477076	0.00028996262672384	0.000295384194478204	0.000289846466350675	0.000242193618841105	0.000227126619569686	0.000207027443131453	0.000183286376429934	0.000191122203095152
72145	15-19	2	0.00116703660061004	0.00115779899591718	0.00125277655299712	0.00130381790713093	0.00106397846653603	0.000923287382682997	0.00085800585012685	0.000785554827794323	0.000794850213591503
72145	20-24	2	0.00232847519153849	0.00237180897581393	0.00253895587296287	0.00282287967220952	0.00241794060403304	0.00220641920996916	0.00200689678228646	0.00167712049479521	0.00180624936831855
72145	25-29	2	0.00314300059708208	0.00275690929285831	0.00354045363025898	0.00308022466489414	0.00286940472613431	0.00297764158625484	0.00244207588007584	0.00200083163520843	0.00272482079949817
72145	30-34	2	0.00301868809170651	0.003311856184414	0.00483662758389894	0.00380859668375255	0.0032930537826214	0.00327894380906726	0.00263418086735535	0.00258127931107757	0.0030208263939093
72145	35-39	2	0.00411214871686687	0.00438248511408282	0.00498534133002003	0.00489124695041588	0.0036739545910325	0.00336154630894806	0.00316590182788023	0.00248517091879954	0.00331951689478866
72145	40-44	2	0.00489502078317751	0.00619091459786366	0.00555778784203523	0.00499217677279603	0.00535272218817243	0.00380774360843707	0.00327336720466862	0.00363814696134294	0.00495275439091763
72145	45-49	2	0.00671195755786689	0.00725442222301346	0.00619449354360307	0.00822906190599933	0.00598535055343574	0.00608839072466097	0.00599869876086378	0.00463014683887636	0.00547915090026256
72145	50-54	2	0.00892571834589763	0.0085427241834839	0.0106723107759228	0.0096282266749344	0.00758555126612162	0.00848597485741043	0.0064203799017149	0.00598421958358545	0.00589274624860354
72145	55-59	2	0.012150207328498	0.013156609026704	0.0129666358803483	0.0131038831066656	0.0106463521404542	0.0101641872815481	0.00834215320004192	0.00798804166684859	0.00961964527506956
72145	60-64	2	0.0181411212896573	0.0204221777268451	0.0195463032263839	0.0182945029230243	0.0173402055574806	0.0137976495638125	0.0120966615962486	0.0120292017047857	0.0115384022635102
72145	65-69	2	0.0239032811308391	0.0235565961638942	0.0278645617373576	0.0250402373065256	0.0229828185613677	0.0213721004802028	0.0187645963914416	0.0171243013455862	0.0164467569652587
72145	70-74	2	0.0391396146139891	0.0426752621819461	0.0431204680444961	0.0418932568690941	0.0336931297437898	0.0292500434404575	0.0275924258724984	0.0254048258861368	0.0243262870733737
72145	75-79	2	0.0516844618719371	0.0513407968542232	0.058358882474488	0.0582993761335046	0.060180281290169	0.0441981096657622	0.0418314936939514	0.0385160783158355	0.0335531558288908
72145	80-84	2	0.0832449949430279	0.0830847272261051	0.0891506190367812	0.105462722718624	0.0959212085738448	0.0814043730819971	0.0690633706626196	0.0644964604599658	0.0562845450372126
72145	85+	2	0.1766755512793	0.153414802583892	0.156412046640221	0.157206845008746	0.156118468638678	0.151880832179099	0.124590246040081	0.122962749568822	0.108483148158355
72147	0-4	2	0.00427439312692744	0.00417380316732392	0.00411131997499616	0.0034773111580013	0.00303344394943586	0.00299255685729125	0.0026676727289182	0.00227019914419042	0.00222955381638563
72147	5-9	2	0.000213429075272386	0.000221913771303577	0.000226328080917214	0.000223352801200266	0.000186600381997628	0.000175458699513611	0.000159266532148109	0.000145900302131274	0.000149859708317467
72147	10-14	2	0.000326836614074668	0.000318402686155451	0.000324785414360382	0.000320606715887668	0.000273986783683761	0.000257738950766529	0.000229180320247226	0.00021009626868551	0.000215713810816413
72147	15-19	2	0.00136312494238248	0.00136134865942301	0.00136200843387217	0.00137588818556617	0.0012618275815758	0.00111579280213837	0.00106266375055719	0.000921798953411353	0.00105591522304444
72147	20-24	2	0.00259022430708223	0.00265136927793448	0.00264177145808441	0.002694618570943	0.00247359127964594	0.00227757395019405	0.00261322452762711	0.00202978014473643	0.00213634977747262
72147	25-29	2	0.0033012917272617	0.00337315659851563	0.00348554279145295	0.00360740034058104	0.00271848563771635	0.00300815546178196	0.00265885601105742	0.00237198974691604	0.00256922527624795
72147	30-34	2	0.00369288593212584	0.0041053142148142	0.00466907189987995	0.00460702718508558	0.00321489113050014	0.00317279327777591	0.00307911650801513	0.00279101626767907	0.00276602628902105
72147	35-39	2	0.0044276736150335	0.00481819043397617	0.00478316605993364	0.0053182376706447	0.0042608843968297	0.00393452316226801	0.00346132702138329	0.00311086096870943	0.0034459563065138
72147	40-44	2	0.00593068725088479	0.00528911478291137	0.00553277753824396	0.00607022304856269	0.00544438172293432	0.00493445688831823	0.00458180819585152	0.00411359738344565	0.00421001994350989
72147	45-49	2	0.00843731969143782	0.00721394609512365	0.00722421200099164	0.00705946609081836	0.00644032248144682	0.00580852312087833	0.00539222184011278	0.00555996175268621	0.00535486573582602
72147	50-54	2	0.00988930246336085	0.00958822891631293	0.0105506455727254	0.00982952544753731	0.00914254480654782	0.00843976560397708	0.00726882745033647	0.00700985577314593	0.00707278971126429
72147	55-59	2	0.0141133639639627	0.0155015413120181	0.0149961365965416	0.0148852332295931	0.0123722515787428	0.0118604234983498	0.0100130501273896	0.00991670272761193	0.0109026293387395
72147	60-64	2	0.0207208208359132	0.0200280251357527	0.0220888718427791	0.021059347977321	0.0180046729929683	0.0194993603175006	0.0138148644579306	0.0139060128939069	0.0138729790151714
72147	65-69	2	0.028576437384166	0.028781457599735	0.0268407814325126	0.0354139979491567	0.026854229053617	0.0194454926405345	0.0227817967410531	0.0218132508932712	0.0217757674850172
72147	70-74	2	0.045537744741582	0.0447978069796189	0.0404753029383471	0.0458468271473846	0.0322614442351415	0.0317588451939635	0.0286530261563476	0.0279057859965969	0.0258861815324289
72147	75-79	2	0.0619053338397527	0.0712732612745941	0.0584336179502361	0.0602070332705618	0.0598036340820322	0.049141924287707	0.0421583545506061	0.03331589896053	0.0390836127324903
72147	80-84	2	0.0995539051312303	0.104256313429658	0.0967445905870536	0.103160580054472	0.0841753033591252	0.0888640357041008	0.0676829370867219	0.0625392946648634	0.0642252858837036
72147	85+	2	0.202972245325752	0.201694922567961	0.190339837423968	0.168113122131486	0.165668321987811	0.175534131938942	0.133887807980387	0.127314713129306	0.10390911390655
72149	0-4	2	0.00355024420916739	0.00289322482753368	0.00300317277420088	0.00285822591671579	0.00227999742964793	0.00231327819487883	0.00209595350962502	0.00197787492161595	0.00189171471635212
72149	5-9	2	0.000197954396977603	0.000181979610955904	0.000179516368654736	0.000177370651260159	0.000153959931804341	0.000142980136753059	0.000130086268769643	0.000119944525009662	0.000124024153680214
72149	10-14	2	0.000253773307581739	0.000264999514517973	0.000284370406156863	0.000247399739527712	0.000224356669587456	0.000208546400185639	0.000189962759538334	0.000175870987228996	0.000185971473368357
72149	15-19	2	0.00107915844836168	0.00118894869076705	0.00106359043919647	0.00106099384263769	0.00100820411620792	0.000945716429628	0.000796877139528187	0.000724316509735259	0.000793372429469324
72149	20-24	2	0.00201837220917837	0.00213753254823007	0.00215033990640086	0.00187282947031142	0.00194832598805719	0.0017139410274471	0.00157124950004364	0.00152833073634605	0.00157153286724046
72149	25-29	2	0.00242766993299287	0.00256091218042563	0.0025184851858076	0.00247490092967761	0.00212113488580767	0.00220772918838829	0.0020621781751951	0.00187845790694138	0.00194567147554946
72149	30-34	2	0.00291755665857785	0.00306103474709216	0.00328860006326849	0.00284465831371184	0.00257900211705203	0.00241731403431885	0.00229828551448178	0.00224053374115647	0.00227810625884548
72149	35-39	2	0.00354584889344205	0.00383366522548651	0.0035333667297397	0.0036496223722079	0.00308615574665499	0.00327540510725275	0.00270424214879156	0.00244540800966393	0.00276657043342923
72149	40-44	2	0.0041156136712798	0.00499116929771495	0.00472410020924063	0.00439603992802102	0.00398856553262603	0.00360982406756158	0.00314297616500765	0.00293706075054793	0.00354922215783514
72149	45-49	2	0.00618914709809339	0.00639166175639064	0.00620041141907368	0.0047621967882021	0.00478023637773876	0.00518070971024841	0.00401502764187763	0.00349517095369782	0.00426560197850528
72149	50-54	2	0.00959020175296693	0.0090842767302161	0.00759081736388932	0.00779331914244375	0.00728585295596327	0.00640354240466176	0.00622618536110044	0.0058366356219737	0.00517758874562398
72149	55-59	2	0.0131938823111772	0.0126806656840408	0.0113764806370571	0.0105629742621649	0.00927121009057026	0.0094287550088429	0.0075941947156154	0.00833802923190531	0.00807293509246439
72149	60-64	2	0.015412394275914	0.0193137413994048	0.0167880963915523	0.0182115275022538	0.0137529771120477	0.0140059424005959	0.0129275263846777	0.0118178811675325	0.0136057145796848
72149	65-69	2	0.025977582570586	0.0246369272609551	0.024313404842333	0.0233672621952498	0.0202927152709714	0.0196721218724187	0.0197389640410248	0.0165240807521637	0.0174855943916294
72149	70-74	2	0.0380984447137412	0.0409170390398642	0.0446545690944274	0.0387794861947792	0.0304986086839635	0.0281844777297639	0.0305437953325115	0.023578329044748	0.0261818783266371
72149	75-79	2	0.0533110931541813	0.0547283243456829	0.05993484610427	0.0478040973373323	0.0440114091097733	0.0434561942523377	0.0384873831443701	0.0402606332032386	0.0396873680789038
72149	80-84	2	0.0876169892391574	0.108953628769574	0.0904570922422872	0.104012545272529	0.0839112926310614	0.0756623906825531	0.0607730903927543	0.0578626149596091	0.0597145938172069
72149	85+	2	0.210223156548489	0.198851407957247	0.152954463962201	0.14994427661368	0.152947345617699	0.146367247452171	0.128940107228117	0.12405363777084	0.117325626431474
72151	0-4	2	0.00374220041996581	0.00303220631391779	0.00339629367743036	0.00312287004970345	0.0024559349369268	0.00232158771545711	0.00221133136389365	0.00163292237993896	0.00196917114354113
72151	5-9	2	0.000181793167790117	0.000191861171166968	0.000187450843289477	0.000186381656886995	0.000158216990658383	0.000146383386827785	0.000137137411813067	0.000122885265672416	0.000130970656471209
72151	10-14	2	0.00026272068605487	0.000281426866977732	0.000286685652287249	0.000275004595202481	0.000229895438281323	0.000212993841887275	0.000191696261140374	0.000176190096696313	0.000183721639755826
72151	15-19	2	0.00108847699548722	0.00119551968926845	0.00113123588439453	0.00132653007043863	0.00097673702271301	0.00103241724552626	0.000916676011044644	0.000747601761380328	0.000824245616870996
72151	20-24	2	0.00229360036252303	0.00226638379853596	0.00215171960063562	0.0023201592019689	0.00188496510827398	0.00199662671389955	0.00205062157318817	0.00174880718495333	0.00167449497005703
72151	25-29	2	0.00251856164831997	0.00265094777285746	0.00280410832443575	0.00257519340438889	0.00247972999951431	0.00263870786005695	0.00239140554786314	0.00209731995176363	0.00232491706293143
72151	30-34	2	0.00309410955114758	0.0029412349902199	0.00341307103262795	0.00320626347115289	0.00271278037630595	0.00267254950518438	0.0024036772134587	0.0024999828121819	0.00256335336380346
72151	35-39	2	0.00347980748961313	0.00401950373278573	0.00386232987030911	0.00416043861860593	0.00301081805266326	0.00327283340250804	0.00271327190905209	0.00275214608239179	0.00299117284828207
72151	40-44	2	0.00509692983723141	0.00473932835217393	0.00503119548053124	0.00521939610871409	0.00387324135176312	0.00359740476812719	0.00336332480904814	0.00329837169795108	0.00380171555366513
72151	45-49	2	0.00527223288885791	0.00567598737903503	0.00559727214702507	0.00611701062995826	0.00529871300028118	0.00453890077090762	0.00432840772535579	0.00429719758284283	0.00442492111858496
72151	50-54	2	0.00987113309341678	0.00985525644040733	0.00834944668811207	0.00999835678085035	0.00755334871245395	0.00683933846520128	0.00609922660841727	0.00527359201524585	0.00584365795099359
72151	55-59	2	0.0146854909780292	0.0130914488656359	0.0101806835476989	0.013660111044181	0.0115483267659184	0.00875188487689458	0.00770715785927041	0.00792614771838785	0.00928773398805139
72151	60-64	2	0.0200949374981783	0.0204960340421739	0.01926686685592	0.0185442914335449	0.0152624505114314	0.0126532836773753	0.0109350590375315	0.0100257991441496	0.0116608738187436
72151	65-69	2	0.0264808376355019	0.0260243286192274	0.0253303829087122	0.0231411782058364	0.0195130453026208	0.0226386884125044	0.0147114436116539	0.0153298987022361	0.0147319840421643
72151	70-74	2	0.0456950028053848	0.0404367092565184	0.0408847819513094	0.0416752484424688	0.0331490973935918	0.0275001533665473	0.0301393696335326	0.0200740157318249	0.0237316230022304
72151	75-79	2	0.0422985131538491	0.0561227138947129	0.0551617144349912	0.0589663420595005	0.047274291831757	0.0483839866023107	0.0392335662213273	0.0378060452431042	0.0374270812513534
72151	80-84	2	0.102526279004176	0.0802895276207283	0.0925125545875276	0.0908000585098738	0.0705054166108638	0.0755059022233965	0.0732274859370672	0.0545078573564836	0.0567516341236014
72151	85+	2	0.173894446021763	0.159758039662624	0.15205092459973	0.162704455293365	0.146013815701852	0.128470229160807	0.147988174826633	0.132301460212748	0.135851095028903
72153	0-4	2	0.0039375596022741	0.00401305869945241	0.00350749046645918	0.00336450644478066	0.00306418140336599	0.00282543404363707	0.00237751089375154	0.00189298991780396	0.00233960002600238
72153	5-9	2	0.000179548679056126	0.000188634812882893	0.00019832380884234	0.000182176162278074	0.000166320929386379	0.000151376429398756	0.000137598544068092	0.000135476984953008	0.00013082714408148
72153	10-14	2	0.00027020994214199	0.000295145011970377	0.00026811435208444	0.000273338503598471	0.000250140917680538	0.000219189712303203	0.000200403060290195	0.00018537913311863	0.000187186905445934
72153	15-19	2	0.00109900581592949	0.00110483746829073	0.00114850804797685	0.00118190330544659	0.000908311632419734	0.00108086451744845	0.000873153901128034	0.000749754560727597	0.000782567744336597
72153	20-24	2	0.00204884107119155	0.00211815953429473	0.00209806587160967	0.00200816440030741	0.00223246778075362	0.00206428122861617	0.00192736742353194	0.00155883740163223	0.00171300870168653
72153	25-29	2	0.00248187186981254	0.0027673909207382	0.0027512362640781	0.00270516721302159	0.00253916402408033	0.00252259728818293	0.0022079280670611	0.00204734949166507	0.00217390657319054
72153	30-34	2	0.00275291636214535	0.0036061725507115	0.00398284862914189	0.00310476609970982	0.00254343543814513	0.00256731952479731	0.00237340896313718	0.00217774222975491	0.0024069513383441
72153	35-39	2	0.00353741527328904	0.00387693334140878	0.0034617718283942	0.0033058670850716	0.00352941480257473	0.00305572551147276	0.00283965112830959	0.0028019957374475	0.00264437281284649
72153	40-44	2	0.00470720561459886	0.0054526674561787	0.00500046466171086	0.00485440221170124	0.00372082355321194	0.00413290051559357	0.00307168729103091	0.0031458093425039	0.00356422661604509
72153	45-49	2	0.00547101224238185	0.00570646743579886	0.00596725129822003	0.00635634747365619	0.00538539734907725	0.00508504425327576	0.00440525979158234	0.00404802010541656	0.00461952113333259
72153	50-54	2	0.00907530603477557	0.00842829557487767	0.00746177352382192	0.00914894337383084	0.00780971326775256	0.00774854605049514	0.00642675846519438	0.00641897186522291	0.00670036594655637
72153	55-59	2	0.0125087855997511	0.0110664131839628	0.0114447014257102	0.0123964923034871	0.00980928198816558	0.0110305574402095	0.00969815182216268	0.0105102185183717	0.00921299149806328
72153	60-64	2	0.0214770882334545	0.0215891604282452	0.0178287817049163	0.0180753800454993	0.0156658578415627	0.0141868995203166	0.0135008596606643	0.0134729624515534	0.012395449948316
72153	65-69	2	0.0240453614180954	0.0294004980092485	0.025548977179537	0.0227961878009239	0.0246162620976464	0.020289858313822	0.0183607801558421	0.0161777098551497	0.0167220897462054
72153	70-74	2	0.0426044446869973	0.0468738206671161	0.0412347726564389	0.03765744015105	0.0355161819420176	0.0348338837849008	0.0276330264106459	0.0258003719179363	0.0231162582035542
72153	75-79	2	0.058457894424469	0.0574980851977282	0.0551770949170303	0.0555466447373999	0.049641651701353	0.0439242681718809	0.0449602956907368	0.0349443726196152	0.0429103558390692
72153	80-84	2	0.104782208826184	0.113254698760561	0.105416764094029	0.102172110006712	0.08692153253793	0.087611203575604	0.0692293274005286	0.0612209758782304	0.0623129082264633
72153	85+	2	0.182280693068519	0.166957216202033	0.15804993176138	0.148169054536733	0.15667599288304	0.150795235724215	0.149850294756167	0.14610784933574	0.136053193026636
630	0-4	0	0.00381875921341003	0.00336571053295484	0.00332644990577895	0.0029805919997308	0.00243735511755154	0.00234381518711394	0.0021854841920906	0.00182883951252878	0.00197683674873192
630	5-9	0	0.00019622096835322	0.000196931326783604	0.000203898123538143	0.000195188114664163	0.000161709936136309	0.000152158015186608	0.000139507645360633	0.000128203647976284	0.000131061463723552
630	10-14	0	0.000285516751939268	0.000288228175220752	0.000299169452956593	0.000287242617417265	0.000236325908042611	0.000218445985271562	0.000198569682620039	0.000181556954708407	0.000187240244073932
630	15-19	0	0.00120979851919639	0.00119524009166487	0.0015363711265263	0.00147879221456485	0.00115193781728869	0.00102832531540486	0.000929863893145074	0.000798466363397863	0.000828209782175233
630	20-24	0	0.00223736806002563	0.00238391528960748	0.00280317278309501	0.00279790839513293	0.00239084141942913	0.00226640058639464	0.00213756301788486	0.00183659130548505	0.0017427798589414
630	25-29	0	0.00273870478625484	0.00310937169263339	0.0035924314680593	0.00315152402796525	0.00270927851031877	0.00267903684455601	0.00249216864095257	0.00220020130720496	0.00225059998654221
630	30-34	0	0.00307180584040494	0.0038265306751475	0.00469191363196095	0.0039609829632366	0.00286050002264327	0.00282983144656521	0.00261765677338714	0.0024710072229816	0.0025294303058466
630	35-39	0	0.00370171493545968	0.00456736901067978	0.00555049446701387	0.0046775253373664	0.00352979980567829	0.00316099004185205	0.00284660574176758	0.00276263409742517	0.00300532010684502
630	40-44	0	0.00450722375361194	0.00521102636598855	0.0061276381659479	0.00565699939763479	0.00428563357735153	0.00392458863547855	0.00341801243831203	0.00330369105727064	0.0037464946733446
630	45-49	0	0.00603206397039406	0.00638985368056982	0.00718691592619513	0.00700813421524796	0.00569003727280927	0.00521457663767942	0.00454963622986129	0.00416784383000416	0.00456255061331787
630	50-54	0	0.00872397954733006	0.00883815360218779	0.00900924131504096	0.00899557913431369	0.00771419130002314	0.00738183584222689	0.00636197086978518	0.00602622175091494	0.00619856353988937
630	55-59	0	0.0123444362352109	0.0127169260394404	0.0123395744569764	0.0121668362196967	0.0106986317849764	0.010166502311163	0.0093174850249239	0.00858170269667357	0.00871854499909875
630	60-64	0	0.0189103209902908	0.0190571364198692	0.0183248193722344	0.0176752486452087	0.0153662670277472	0.0143872977223286	0.0128910613140023	0.0118329670270168	0.0121844427925977
630	65-69	0	0.0264013134057806	0.0263622885625313	0.0258267805671101	0.024300553845535	0.0217769554406425	0.0201199103660761	0.0181146769111105	0.0167013575463542	0.0166523538451839
630	70-74	0	0.0407941303217494	0.0409075544405876	0.0398457143293923	0.0384479912868389	0.0324884750062342	0.0292461598851309	0.0264731462922118	0.0234455436431314	0.0242940501328618
630	75-79	0	0.0557017514422372	0.0582498971938187	0.0556299652585901	0.0560088982223243	0.0500476444894961	0.0445749689321857	0.0408173157043737	0.03597013526967	0.0369633410636426
630	80-84	0	0.0921949967470987	0.089253489197234	0.0909180241545667	0.0915949282137669	0.0777994246267542	0.0725515660118448	0.06678345394993	0.0578132158670073	0.0576825760561797
630	85+	0	0.16845374758598	0.163872168535296	0.15723311714764	0.157807814626468	0.149751118867688	0.145217637312224	0.137326156712199	0.124687582019353	0.119128468973965
