region,period,sex,e0_observado,e0_estimado,e0_lower,e0_upper,est_eval
Adjuntas,1980-1984,1,72.51269029790603,72.13863223178632,70.77431373878052,73.37532339039944,Estimación adecuada
Adjuntas,1980-1984,2,78.2101193417503,78.03225523951522,77.06351670699672,79.90385680137811,Estimación adecuada
Adjuntas,1985-1989,1,70.2677069043191,71.13887568367244,69.97133212049488,72.21680724202383,Estimación adecuada
Adjuntas,1985-1989,2,77.91547300424594,78.25209905755173,76.7276334804699,79.25997719689803,Estimación adecuada
Adjuntas,1990-1994,1,70.85695498452985,70.95638243166708,69.76436875405975,72.18995728958535,Estimación adecuada
Adjuntas,1990-1994,2,77.35962004496703,77.86661699105244,76.69684565610638,79.28393758843907,Estimación adecuada
Adjuntas,1995-1999,1,70.83267942470557,71.26372192972558,70.34568818589656,72.47881339462515,Estimación adecuada
Adjuntas,1995-1999,2,78.44774596592244,78.55313947999775,77.17748701477427,80.03820988009421,Estimación adecuada
Adjuntas,2000-2004,1,73.94792765703392,73.75596437533076,72.58309593707847,74.86548178225773,Estimación adecuada
Adjuntas,2000-2004,2,79.44020804972338,79.7272651023061,78.64286560226529,81.04940932356277,Estimación adecuada
Adjuntas,2005-2009,1,77.09251727217094,75.88907107777331,74.61426167267135,77.46698694250608,Estimación adecuada
Adjuntas,2005-2009,2,81.69223386716965,81.53984129136256,79.82163512059722,83.04036810853214,Estimación adecuada
Adjuntas,2010-2014,1,77.67516626160003,76.5906764828496,75.43767017207895,77.63311610630261,< e0 observado
Adjuntas,2010-2014,2,83.20402591549134,82.51287962760883,80.88365631277534,84.34462129482654,Estimación adecuada
Adjuntas,2015-2019,1,77.04699323412711,77.35909783185886,76.03856393214483,78.58518431390625,Estimación adecuada
Adjuntas,2015-2019,2,84.68545562552767,84.55305968999978,83.26083655349944,86.09558363804739,Estimación adecuada
Adjuntas,2020-2024,1,80.12391567130251,78.88942901991072,77.92711101661189,80.46225723490821,Estimación adecuada
Adjuntas,2020-2024,2,86.5227372965987,85.0538867207616,83.20099054964174,87.47178540537698,Estimación adecuada
Aguada,1980-1984,1,73.120010273859,72.73212012794562,71.76055703958735,73.97680858024563,Estimación adecuada
Aguada,1980-1984,2,76.20354532694753,77.19876212353981,76.00861127467954,78.29421058884697,Estimación adecuada
Aguada,1985-1989,1,72.90269999648287,72.65427430298166,71.79137037881827,73.70279320805533,Estimación adecuada
Aguada,1985-1989,2,77.68651169144245,77.94909896449863,76.95408892939028,78.89221035668129,Estimación adecuada
Aguada,1990-1994,1,72.77805794900048,72.48733777951558,71.54042682663163,73.28465040579695,Estimación adecuada
Aguada,1990-1994,2,79.35722543943459,78.86874502253877,77.88293938552272,80.26989060132513,Estimación adecuada
Aguada,1995-1999,1,72.94416313008566,72.62386592819047,71.79513902716124,73.3838565287039,Estimación adecuada
Aguada,1995-1999,2,78.45683322755809,78.43695978443003,77.63329506735849,79.41114601294078,Estimación adecuada
Aguada,2000-2004,1,75.7800112003685,75.12899978028199,74.30771771942847,76.21798007778531,Estimación adecuada
Aguada,2000-2004,2,80.19644183002846,80.1290885506707,79.28465082366714,80.94148543989937,Estimación adecuada
Aguada,2005-2009,1,77.48374625575009,76.56861218060148,75.61295039836821,77.4870282961935,Estimación adecuada
Aguada,2005-2009,2,80.9534828393864,80.64415933104517,79.87617313238536,81.85267044465513,Estimación adecuada
Aguada,2010-2014,1,76.59812093870771,76.23033568905228,75.39168546444559,77.3202584045319,Estimación adecuada
Aguada,2010-2014,2,83.10600780425268,82.63603542841139,81.73503641992785,83.9071682283568,Estimación adecuada
Aguada,2015-2019,1,79.96553346579937,78.88848212034273,78.00440098230166,79.98684288199783,Estimación adecuada
Aguada,2015-2019,2,84.66417403727226,84.36223668449693,83.21441526211512,85.4589245119632,Estimación adecuada
Aguada,2020-2024,1,77.75836862830697,77.27238811045966,76.2845785625347,78.49610900848036,Estimación adecuada
Aguada,2020-2024,2,83.72901764066958,83.83310836968374,82.74337159198348,84.91254853559586,Estimación adecuada
Aguadilla,1980-1984,1,70.95884084722844,70.9953681103189,70.34427118877352,71.80951794147342,Estimación adecuada
Aguadilla,1980-1984,2,76.7188921768739,76.51304873756919,75.86230955186511,77.57968881386489,Estimación adecuada
Aguadilla,1985-1989,1,70.48420974307471,70.56856880348022,69.6203255151438,71.40906696561362,Estimación adecuada
Aguadilla,1985-1989,2,77.50327833438574,77.26977905604517,76.58685709707223,78.19465454945535,Estimación adecuada
Aguadilla,1990-1994,1,70.51510994152571,70.36844426067645,69.56996783254189,71.35430320629422,Estimación adecuada
Aguadilla,1990-1994,2,77.65732596138639,77.43556761123327,76.68897132693004,78.33052255415001,Estimación adecuada
Aguadilla,1995-1999,1,70.58423839284251,70.59215242985152,69.75836836143623,71.26361281677097,Estimación adecuada
Aguadilla,1995-1999,2,77.95653646628186,77.75542665729975,76.95346712348591,78.41471975544593,Estimación adecuada
Aguadilla,2000-2004,1,73.4181135564801,72.96198645579736,72.30003176088849,73.77685157268354,Estimación adecuada
Aguadilla,2000-2004,2,80.15758014738567,79.57579139037912,78.78300191779707,80.32662982688342,Estimación adecuada
Aguadilla,2005-2009,1,73.98068583401596,73.74671889924342,73.01511155393271,74.27610178753326,Estimación adecuada
Aguadilla,2005-2009,2,81.08936459715491,80.61826976682745,79.6477798142171,81.26316695313076,Estimación adecuada
Aguadilla,2010-2014,1,75.50470962199762,74.98478500642445,74.33818082081842,75.80697763789338,Estimación adecuada
Aguadilla,2010-2014,2,80.98964097309457,80.92464941345649,80.18298522681997,81.88473305542333,Estimación adecuada
Aguadilla,2015-2019,1,77.33135521394087,76.58609697912974,75.52191966682855,77.32755865464168,< e0 observado
Aguadilla,2015-2019,2,81.3169961510963,81.98722934638934,81.06589151727201,83.05057120879482,Estimación adecuada
Aguadilla,2020-2024,1,75.66278987666536,75.75568576640777,74.83192775927515,76.55619478887392,Estimación adecuada
Aguadilla,2020-2024,2,82.09238010872008,82.22054185767095,81.46869382842857,83.21957033118363,Estimación adecuada
Aguas Buenas,1980-1984,1,70.99580154525259,71.49234287718974,70.21364464047704,72.56145537445016,Estimación adecuada
Aguas Buenas,1980-1984,2,79.15904424396672,78.62914537889101,77.41351289609281,79.94418542480182,Estimación adecuada
Aguas Buenas,1985-1989,1,71.72900956041475,71.7934011250859,70.93419933971816,72.91742220203557,Estimación adecuada
Aguas Buenas,1985-1989,2,78.66388527255104,78.60015656848266,77.23181358579825,79.9511618337746,Estimación adecuada
Aguas Buenas,1990-1994,1,71.93082066251806,71.90059757211253,70.92071194794025,72.79952295665404,Estimación adecuada
Aguas Buenas,1990-1994,2,82.10780346067546,80.63824608406648,79.32809718327624,82.24705434962294,Estimación adecuada
Aguas Buenas,1995-1999,1,71.75286233024394,71.94059998472112,70.87665693948466,72.89063459418338,Estimación adecuada
Aguas Buenas,1995-1999,2,78.90386616723134,78.65468528410196,77.43961468761972,79.88712183605875,Estimación adecuada
Aguas Buenas,2000-2004,1,73.92905810140495,73.92703069437482,72.86439592223581,74.96231999473646,Estimación adecuada
Aguas Buenas,2000-2004,2,81.3618680360876,80.96380872759939,79.73609392852534,82.12801051532921,Estimación adecuada
Aguas Buenas,2005-2009,1,73.80425502542002,74.34592472777982,73.28419584430924,75.26969758718042,Estimación adecuada
Aguas Buenas,2005-2009,2,81.55088975383423,81.66587692601048,80.34131551592537,83.75008905116223,Estimación adecuada
Aguas Buenas,2010-2014,1,75.72897339498142,76.33323827509753,75.02491394173853,77.51615659241398,Estimación adecuada
Aguas Buenas,2010-2014,2,82.05502605937657,82.27290377138004,80.99969812141637,83.87516572991294,Estimación adecuada
Aguas Buenas,2015-2019,1,76.34960994638462,77.17511911062871,75.93570305262679,78.56037499662168,Estimación adecuada
Aguas Buenas,2015-2019,2,84.93687108047853,84.5737365326613,82.98660427489207,86.4113400483667,Estimación adecuada
Aguas Buenas,2020-2024,1,76.32018067911021,77.10429552531383,75.9567102413107,78.10501776931423,Estimación adecuada
Aguas Buenas,2020-2024,2,82.64996345629068,82.61135200884593,81.78015979434167,84.22193194630867,Estimación adecuada
Aibonito,1980-1984,1,70.92302202773264,71.19092589384556,70.11964615551344,72.87369170907812,Estimación adecuada
Aibonito,1980-1984,2,78.28376307969356,78.37571050702266,77.25242040604276,79.285001417238135,Estimación adecuada
Aibonito,1985-1989,1,70.64388477229156,71.0273367033547,69.73709296415373,72.01574146015543,Estimación adecuada
Aibonito,1985-1989,2,79.69293160098329,79.21820856134623,77.97344604318471,80.34086360596353,Estimación adecuada
Aibonito,1990-1994,1,72.73471578588776,72.18076460930453,70.91342344279346,73.26148827469768,Estimación adecuada
Aibonito,1990-1994,2,79.06950883138201,78.63082735790806,77.60147911399231,79.66371109693895,Estimación adecuada
Aibonito,1995-1999,1,72.69377210597528,72.13185397467953,71.06919492319076,73.22852381763582,Estimación adecuada
Aibonito,1995-1999,2,79.41968372022595,79.15724785519635,78.05844347883465,80.10958413737704,Estimación adecuada
Aibonito,2000-2004,1,74.2709362593125,74.02128659869754,73.0519353782305,74.8210176290824,Estimación adecuada
Aibonito,2000-2004,2,79.47516076746945,79.64818911369102,78.75016143566117,80.60035150588918,Estimación adecuada
Aibonito,2005-2009,1,73.99956929332609,74.2783010415953,73.3523001873206,75.47139903233364,Estimación adecuada
Aibonito,2005-2009,2,80.34032284059623,80.19373357121412,79.18286382040431,81.42091456070176,Estimación adecuada
Aibonito,2010-2014,1,73.72559398578066,75.03105617506088,73.83192519468389,76.13804934768677,> e0 observado
Aibonito,2010-2014,2,81.92204871233069,81.99091455624573,80.84449462375605,83.25566089963098,Estimación adecuada
Aibonito,2015-2019,1,75.6984088179549,76.55374323715827,75.52292218251247,77.63989339338355,Estimación adecuada
Aibonito,2015-2019,2,83.09178769063176,83.57469396026136,82.30755512855265,84.87625893059467,Estimación adecuada
Aibonito,2020-2024,1,79.34137072067269,78.70142130210817,77.51488775000898,79.95225217987343,Estimación adecuada
Aibonito,2020-2024,2,84.10585577180431,84.42130032988592,82.98125662828704,85.88149251581976,Estimación adecuada
Anasco,1980-1984,1,71.90999292558519,71.50683369048073,70.46531920563737,72.81186388029056,Estimación adecuada
Anasco,1980-1984,2,76.21308362503933,76.3444066543447,75.26606338003184,77.54337788932433,Estimación adecuada
Anasco,1985-1989,1,70.96634230802779,71.05257638126608,69.90587272140758,72.03189280013711,Estimación adecuada
Anasco,1985-1989,2,75.78303525132654,76.33659798529719,75.32070871038782,77.87094848650372,Estimación adecuada
Anasco,1990-1994,1,69.50129328584123,70.15058691320112,69.14876020939413,71.10458695306156,Estimación adecuada
Anasco,1990-1994,2,76.70314389762645,76.94529910295172,75.98233763089917,78.0111953220692,Estimación adecuada
Anasco,1995-1999,1,71.80698064201218,71.14566922246061,70.0850328327796,72.09091337380606,Estimación adecuada
Anasco,1995-1999,2,77.61645357114683,77.39261253822102,76.44438602914157,78.68302675878934,Estimación adecuada
Anasco,2000-2004,1,74.01795347859431,73.64868084139371,72.74954296740583,74.72162410096172,Estimación adecuada
Anasco,2000-2004,2,80.53717726083285,79.99899744890345,78.98009575220902,81.09841912721416,Estimación adecuada
Anasco,2005-2009,1,75.80105889366557,74.99149657581378,74.01500292056879,75.83958655194775,Estimación adecuada
Anasco,2005-2009,2,81.9357761023257,81.15772680255722,79.58532105079335,83.27551990996068,Estimación adecuada
Anasco,2010-2014,1,75.59014039239504,75.25924184426354,74.20022709168416,76.45737032224822,Estimación adecuada
Anasco,2010-2014,2,81.24760300956439,81.20565878678013,80.06732240631365,82.79558020116421,Estimación adecuada
Anasco,2015-2019,1,76.30028034878524,76.1657686818128,75.19182351741156,77.09304956769412,Estimación adecuada
Anasco,2015-2019,2,83.89213826202158,83.4948929351197,82.02399954331983,85.43076929631371,Estimación adecuada
Anasco,2020-2024,1,77.07112774631669,77.0294360911619,76.03045973743693,78.19847733742651,Estimación adecuada
Anasco,2020-2024,2,81.59049660283156,82.58076706962322,81.0420734172523,83.92297460583478,Estimación adecuada
Arecibo,1980-1984,1,70.842372512161,70.85056249772465,70.2048916274271,71.55057714228795,Estimación adecuada
Arecibo,1980-1984,2,77.38113892711432,77.01805458332828,76.20090468206489,77.83178090055245,Estimación adecuada
Arecibo,1985-1989,1,70.23773871199319,70.3266431905339,69.64783658665439,71.11296475296652,Estimación adecuada
Arecibo,1985-1989,2,76.9960123212811,76.96369708129109,76.39651414077903,77.5963755136743,Estimación adecuada
Arecibo,1990-1994,1,70.69316092492721,70.5558063000347,69.89969746673569,71.19170755966621,Estimación adecuada
Arecibo,1990-1994,2,77.70258525152911,77.70614352787263,77.01231602425787,78.36858953831924,Estimación adecuada
Arecibo,1995-1999,1,70.35540439876785,70.33766509518705,69.6781569021426,70.81126283273034,Estimación adecuada
Arecibo,1995-1999,2,77.59796423737026,77.58598407422076,76.88093704312708,78.19247536357229,Estimación adecuada
Arecibo,2000-2004,1,73.31758829669826,73.07264293003841,72.540019157601,73.61955000454353,Estimación adecuada
Arecibo,2000-2004,2,79.49259920194316,79.24880146208628,78.55426299896126,79.95869319508208,Estimación adecuada
Arecibo,2005-2009,1,73.62513111090195,73.59091843892617,73.01380172478824,74.2415073289122,Estimación adecuada
Arecibo,2005-2009,2,80.54366655745036,80.19022004868339,79.47970972278334,80.64038125975969,Estimación adecuada
Arecibo,2010-2014,1,75.42943859766422,75.28088034832874,74.71618909069085,76.01303675147406,Estimación adecuada
Arecibo,2010-2014,2,81.07674221300232,80.69146967949649,80.09511474719946,81.254130526918,Estimación adecuada
Arecibo,2015-2019,1,76.84660731239056,76.66587498087463,75.87786495375266,77.38115472878368,Estimación adecuada
Arecibo,2015-2019,2,83.79429969339836,83.45375382725786,82.61109380137799,84.20192736215698,Estimación adecuada
Arecibo,2020-2024,1,76.82730664636053,76.55769316080594,75.87294027503083,77.06740998954439,Estimación adecuada
Arecibo,2020-2024,2,82.61066675379026,82.29102213719318,81.52275778181517,83.03769832633051,Estimación adecuada
Arroyo,1980-1984,1,68.91734708373541,69.52620957655793,68.34995525977757,70.59179114822922,Estimación adecuada
Arroyo,1980-1984,2,77.56183005270424,77.07862682536441,75.68840292042897,78.53504418194527,Estimación adecuada
Arroyo,1985-1989,1,68.93267774853598,69.347655428301,68.42615354816468,70.22322064638826,Estimación adecuada
Arroyo,1985-1989,2,75.75001067046543,76.14563273968976,75.09486650002826,77.26834910372354,Estimación adecuada
Arroyo,1990-1994,1,69.26032256799066,69.60847968038378,68.42747290088694,70.63613336185588,Estimación adecuada
Arroyo,1990-1994,2,77.85954352012635,77.39284770120867,76.12916478701464,78.64064275519934,Estimación adecuada
Arroyo,1995-1999,1,69.0002155037772,69.71948235770412,68.65432812628595,70.79694708802225,Estimación adecuada
Arroyo,1995-1999,2,77.54342135094667,77.11158265360336,76.25599578945736,78.02597413306134,Estimación adecuada
Arroyo,2000-2004,1,71.91237675758542,72.12278064951302,71.01289530706322,73.20086022265318,Estimación adecuada
Arroyo,2000-2004,2,79.32544722810066,79.12502107518762,77.74043048144823,80.2721085674214,Estimación adecuada
Arroyo,2005-2009,1,72.55775057229343,72.8035266967174,71.62486467380796,74.20736550814982,Estimación adecuada
Arroyo,2005-2009,2,80.47487559331147,79.95374638486143,79.05959814558771,81.22603097024401,Estimación adecuada
Arroyo,2010-2014,1,73.73730191702366,74.25691014195056,73.06002823150077,75.32710594990918,Estimación adecuada
Arroyo,2010-2014,2,82.43508899965472,81.75037367676069,80.36973948853387,83.07034787192492,Estimación adecuada
Arroyo,2015-2019,1,74.76651443579867,75.83248505657625,74.54395560493967,77.07044183347028,Estimación adecuada
Arroyo,2015-2019,2,82.63865184733875,82.87343340813028,81.1521683837324,84.09781391035472,Estimación adecuada
Arroyo,2020-2024,1,76.48283324221686,76.00085597496638,74.48386258621878,77.5339449447308,Estimación adecuada
Arroyo,2020-2024,2,81.38708119264585,82.29723754974388,81.0497322753451,83.64845401471177,Estimación adecuada
Barceloneta,1980-1984,1,69.06744396746676,70.27526325904103,69.2034241964179,71.66305994883459,> e0 observado
Barceloneta,1980-1984,2,76.2339949015975,76.5421308752252,75.54696394792433,78.08790424502259,Estimación adecuada
Barceloneta,1985-1989,1,71.85109970536935,71.41830401332305,70.39646300516335,72.70374859205612,Estimación adecuada
Barceloneta,1985-1989,2,77.58614336696436,77.51173980571315,76.2757923883347,78.9494035037846,Estimación adecuada
Barceloneta,1990-1994,1,71.8145207494789,71.17172000624757,70.00395741785454,72.19441580244941,Estimación adecuada
Barceloneta,1990-1994,2,77.73630884019569,78.41618396855417,77.00958275756591,80.08334796818025,Estimación adecuada
Barceloneta,1995-1999,1,68.9633099756187,70.07032281875934,68.76479516921958,70.95530532254054,Estimación adecuada
Barceloneta,1995-1999,2,76.99665623162852,77.4486411764146,76.48634315111883,78.59604561568759,Estimación adecuada
Barceloneta,2000-2004,1,73.8911636500233,73.23088282350943,72.10885701670578,74.36856350301471,Estimación adecuada
Barceloneta,2000-2004,2,80.52435233882534,79.80027461705401,78.60258512916714,81.1209614340004,Estimación adecuada
Barceloneta,2005-2009,1,74.82201609170826,74.1686460221006,73.08471603372648,75.45996997488982,Estimación adecuada
Barceloneta,2005-2009,2,82.71511388296528,81.61734542662114,79.99487559596272,83.02706346844985,Estimación adecuada
Barceloneta,2010-2014,1,74.64962794944576,74.89005410031042,73.97103112438019,76.0365545917552,Estimación adecuada
Barceloneta,2010-2014,2,82.32784614373723,81.71749114758823,80.58016644388353,82.89872853489138,Estimación adecuada
Barceloneta,2015-2019,1,78.66058024479798,77.38083393685801,76.07123186058185,78.6414630155063,< e0 observado
Barceloneta,2015-2019,2,83.72707991675192,83.4013030458159,81.99433610867057,85.66774149905659,Estimación adecuada
Barceloneta,2020-2024,1,75.72728298991758,75.85457490873812,74.86241518664704,76.869324228567,Estimación adecuada
Barceloneta,2020-2024,2,81.83663290041464,82.52363438171221,81.14737670309405,83.83005151894608,Estimación adecuada
Barranquitas,1980-1984,1,70.68381547642946,71.12894372764609,69.97190366164946,72.11560167634056,Estimación adecuada
Barranquitas,1980-1984,2,77.32262696761111,77.44618625111067,76.27950951558009,78.61697706279068,Estimación adecuada
Barranquitas,1985-1989,1,70.952515989764,71.22347493146319,70.15912030330989,72.1335072694561,Estimación adecuada
Barranquitas,1985-1989,2,76.9759242315329,77.31016059066593,76.14428196961632,78.50976137007547,Estimación adecuada
Barranquitas,1990-1994,1,70.0928024675381,70.60490265995689,69.77118802334883,71.81257138155944,Estimación adecuada
Barranquitas,1990-1994,2,78.81135390730735,78.43390778135712,77.45316922490119,79.67853623452845,Estimación adecuada
Barranquitas,1995-1999,1,71.21920716382027,70.89674461558985,70.0856988828528,71.59116504469041,Estimación adecuada
Barranquitas,1995-1999,2,77.39695023973928,77.8794828773988,76.85266333126657,78.79092381901302,Estimación adecuada
Barranquitas,2000-2004,1,73.84455576660493,73.69092606920579,72.89469196297493,74.6556001623596,Estimación adecuada
Barranquitas,2000-2004,2,80.48130267836416,80.65684851851117,79.50859081601908,82.15531758216427,Estimación adecuada
Barranquitas,2005-2009,1,75.13674630153405,74.97745715515207,73.55438070398313,76.20421918709334,Estimación adecuada
Barranquitas,2005-2009,2,81.51738650238283,81.47352589953105,80.14360486244777,83.27487259555218,Estimación adecuada
Barranquitas,2010-2014,1,75.7627327752995,75.59460857245108,74.42412639040111,76.73937499243593,Estimación adecuada
Barranquitas,2010-2014,2,83.05730420025256,82.49961045481373,81.12641933763975,83.78536320817082,Estimación adecuada
Barranquitas,2015-2019,1,77.96197538375979,77.44787028182347,76.355946411792,78.51111518717471,Estimación adecuada
Barranquitas,2015-2019,2,84.23945295300898,84.21103419769996,82.3103228279303,85.97692072345947,Estimación adecuada
Barranquitas,2020-2024,1,76.68380984513449,76.80245544924014,75.94406710408376,78.27581819040185,Estimación adecuada
Barranquitas,2020-2024,2,84.69267629662836,84.33877284217931,82.9818093331534,86.03754704485735,Estimación adecuada
Bayamon,1980-1984,1,71.85771832338905,71.8297967696074,71.38279268227882,72.28876865510132,Estimación adecuada
Bayamon,1980-1984,2,77.99854100597571,77.84904597500406,77.41096431547638,78.23510218927129,Estimación adecuada
Bayamon,1985-1989,1,71.33995789497888,71.36148115009121,70.90457464608838,71.90336202505142,Estimación adecuada
Bayamon,1985-1989,2,79.00920638603296,78.77955136230642,78.24527060707231,79.26365247808346,Estimación adecuada
Bayamon,1990-1994,1,69.12234681303741,69.4380978750889,68.85563831290679,69.83044218612498,Estimación adecuada
Bayamon,1990-1994,2,79.8228310721711,79.63608677868322,79.20229617815615,80.07737296148167,Estimación adecuada
Bayamon,1995-1999,1,70.40501732732868,70.5601230468028,70.0706364336722,71.03885829892694,Estimación adecuada
Bayamon,1995-1999,2,79.23572861633502,79.07509819963119,78.68721073864003,79.59302571598876,Estimación adecuada
Bayamon,2000-2004,1,73.36173892407878,73.43903048369306,72.95007150076579,73.84281547813926,Estimación adecuada
Bayamon,2000-2004,2,80.82262685027437,80.76130605586073,80.13553949766096,81.37226034706575,Estimación adecuada
Bayamon,2005-2009,1,74.29336021233769,74.35472318898695,73.84367591122704,74.84687502613696,Estimación adecuada
Bayamon,2005-2009,2,82.2677694268422,82.12624533180873,81.455252052377,82.71717142815035,Estimación adecuada
Bayamon,2010-2014,1,75.38733640721453,75.35560976825343,74.87764726205268,75.817207840900707,Estimación adecuada
Bayamon,2010-2014,2,82.5489845838264,82.3018091342195,81.87213353756134,82.93627196795484,Estimación adecuada
Bayamon,2015-2019,1,76.65802835199594,76.81624637522657,76.20982034200361,77.41907721734422,Estimación adecuada
Bayamon,2015-2019,2,84.34045120708194,84.04403023178008,83.34503855917504,84.75637631589908,Estimación adecuada
Bayamon,2020-2024,1,75.54066523624583,75.60440243556579,75.08945509500919,76.2140666502879,Estimación adecuada
Bayamon,2020-2024,2,83.36594310353492,83.28268559711941,82.78678702910807,84.0130104416252,Estimación adecuada
Cabo Rojo,1980-1984,1,71.95084075386336,72.33058013781675,71.52630908564996,73.0381465457313,Estimación adecuada
Cabo Rojo,1980-1984,2,77.36132601542415,77.30264557639043,76.1581485085416,78.38869329775073,Estimación adecuada
Cabo Rojo,1985-1989,1,73.10834019620042,72.84315831958696,71.80259846571707,73.99257682640945,Estimación adecuada
Cabo Rojo,1985-1989,2,78.87194624988236,78.4424153782033,77.70145896884037,79.45293794805781,Estimación adecuada
Cabo Rojo,1990-1994,1,72.50682578206393,72.39160668847646,71.57189516968597,73.23739894560191,Estimación adecuada
Cabo Rojo,1990-1994,2,79.2579225900224,78.8770036594626,78.0792425538362,79.92861534490656,Estimación adecuada
Cabo Rojo,1995-1999,1,72.24807117960444,72.24300407486308,71.43622509622676,73.0929050919964,Estimación adecuada
Cabo Rojo,1995-1999,2,79.6721536607341,79.39615526605196,78.63474708182704,80.24319041589082,Estimación adecuada
Cabo Rojo,2000-2004,1,74.71675683921673,74.52880441272504,73.75676733097703,75.10953343800298,Estimación adecuada
Cabo Rojo,2000-2004,2,81.71849143469646,81.32588574111882,80.33129071835563,82.21407057175367,Estimación adecuada
Cabo Rojo,2005-2009,1,75.9311776246717,75.45145554773825,74.68633707489502,76.15991831576875,Estimación adecuada
Cabo Rojo,2005-2009,2,81.31637231830963,80.97471391438549,80.2658344273315,82.07443032610728,Estimación adecuada
Cabo Rojo,2010-2014,1,75.69790710498496,76.00480212785811,75.29887452203528,76.85846376942183,Estimación adecuada
Cabo Rojo,2010-2014,2,83.29177619138889,83.37991664796513,82.4024376377262,84.26982662353515,Estimación adecuada
Cabo Rojo,2015-2019,1,79.57037813394176,79.04733679544826,77.94784999941893,80.14091913864547,Estimación adecuada
Cabo Rojo,2015-2019,2,83.33891918130084,83.5001181278146,82.63942995246165,84.40726260575721,Estimación adecuada
Cabo Rojo,2020-2024,1,77.99316540203411,78.20660786155767,77.30748711965026,79.18432874431667,Estimación adecuada
Cabo Rojo,2020-2024,2,83.72311736141276,83.60755219377143,82.81110079862404,84.75471719123551,Estimación adecuada
Caguas,1980-1984,1,71.41911668496468,71.45834422165214,70.78080165719479,72.19288754755902,Estimación adecuada
Caguas,1980-1984,2,78.31100648677364,78.06497270326058,77.41463401086034,78.68485915225165,Estimación adecuada
Caguas,1985-1989,1,70.3721132990461,70.46650241837548,69.82864738784987,71.0499227885636,Estimación adecuada
Caguas,1985-1989,2,79.14714227511095,78.80582836685286,78.15142823152307,79.39928743014224,Estimación adecuada
Caguas,1990-1994,1,68.52835662881748,68.9362254092749,68.23949506649613,69.46860240790676,Estimación adecuada
Caguas,1990-1994,2,78.0384489965882,77.99204911652355,77.3756033460898,78.53348302172978,Estimación adecuada
Caguas,1995-1999,1,69.5441146313072,69.7239069611835,69.20546085540467,70.24514371516341,Estimación adecuada
Caguas,1995-1999,2,78.92273169486069,78.82686999713245,78.13839352744945,79.46738509285188,Estimación adecuada
Caguas,2000-2004,1,72.73670671310965,72.7601048163863,72.240097427863,73.4472976111083,Estimación adecuada
Caguas,2000-2004,2,81.0305427968157,80.7282152175131,80.14916214859906,81.3618932146978,Estimación adecuada
Caguas,2005-2009,1,74.52003945150575,74.4153920901848,73.70028883501607,74.9820498910669,Estimación adecuada
Caguas,2005-2009,2,82.29387143333217,82.03127524615903,81.39749667177901,82.8428238857961,Estimación adecuada
Caguas,2010-2014,1,73.75985981441936,74.0751681509,73.45271137919217,74.62752729854053,Estimación adecuada
Caguas,2010-2014,2,82.0390820480561,81.8863232946054,81.26086424325564,82.68048313024147,Estimación adecuada
Caguas,2015-2019,1,76.76384183172506,76.96683741743882,76.30019504987673,77.48973405516308,Estimación adecuada
Caguas,2015-2019,2,84.55428560356282,84.22159879990942,83.57826814029572,84.98484604390171,Estimación adecuada
Caguas,2020-2024,1,75.8748043034502,75.87218278670531,75.37281643530078,76.40145836503956,Estimación adecuada
Caguas,2020-2024,2,83.723701515386,83.60704923970216,82.8964792418701,84.34265280718029,Estimación adecuada
Camuy,1980-1984,1,71.73586128638874,71.87323767240511,71.03953491215725,73.0065777211656,Estimación adecuada
Camuy,1980-1984,2,78.72603388711329,78.32751203498955,77.30467371145062,80.02776372731265,Estimación adecuada
Camuy,1985-1989,1,72.96252200028023,72.54125120641952,71.52262167622278,73.75107337216409,Estimación adecuada
Camuy,1985-1989,2,79.42888654441627,79.16508384757428,77.78253085240047,80.49207084355389,Estimación adecuada
Camuy,1990-1994,1,72.30041908960325,71.71202105076466,70.82618854596947,72.77635223565767,Estimación adecuada
Camuy,1990-1994,2,78.11470445129211,78.25896144342369,76.82571980934796,79.1969681971677,Estimación adecuada
Camuy,1995-1999,1,72.38034801183676,71.86137991751133,71.09291053021482,72.68043589990262,Estimación adecuada
Camuy,1995-1999,2,79.40092612444798,79.15503381760965,77.92952137094039,80.54767100017116,Estimación adecuada
Camuy,2000-2004,1,75.32575809230885,74.55836126144325,73.6881119114442,75.33347585496335,Estimación adecuada
Camuy,2000-2004,2,81.32092750706317,80.73549346506833,79.48196985444346,81.7327968725958,Estimación adecuada
Camuy,2005-2009,1,75.78046297172564,75.13925095859051,74.26181880586407,76.23230684817116,Estimación adecuada
Camuy,2005-2009,2,81.57886996607033,81.21367939410982,80.29411892940104,82.53229701280313,Estimación adecuada
Camuy,2010-2014,1,77.27601419733746,76.1741320340149,75.17108166537201,77.0193212209622,< e0 observado
Camuy,2010-2014,2,83.35989139394597,82.83768959378652,81.13310939100106,83.97933633402482,Estimación adecuada
Camuy,2015-2019,1,77.72999795511589,77.45390435903107,76.33744794302197,78.63757864012584,Estimación adecuada
Camuy,2015-2019,2,83.68259715330271,83.46062306204563,82.176823988769,85.17953505709272,Estimación adecuada
Camuy,2020-2024,1,78.10873555109278,77.56070416292232,76.49914034563184,78.3375652346092,Estimación adecuada
Camuy,2020-2024,2,85.2973499795053,85.06515935342995,83.85528068217326,86.3502914390483,Estimación adecuada
Canovanas,1980-1984,1,73.26434269356434,71.9005045523843,70.49092267368661,72.87885110574288,< e0 observado
Canovanas,1980-1984,2,79.03754095743973,77.78322182024901,76.74790623955793,79.16025213138298,Estimación adecuada
Canovanas,1985-1989,1,71.53589426595224,71.14952609648431,70.17372391496329,72.23430831528596,Estimación adecuada
Canovanas,1985-1989,2,77.97372340641185,77.44496056083196,76.37927414382568,78.50104401277424,Estimación adecuada
Canovanas,1990-1994,1,67.87234135202895,68.94533275755194,67.80379984959475,69.89473486746478,Estimación adecuada
Canovanas,1990-1994,2,78.17233473453287,77.84755211122183,76.85602394678409,78.9341035117055,Estimación adecuada
Canovanas,1995-1999,1,67.93833945960337,68.79426815269613,67.93004727387566,69.66293031257439,Estimación adecuada
Canovanas,1995-1999,2,76.90410304048143,76.81990722337879,76.02844765017028,77.60028605411291,Estimación adecuada
Canovanas,2000-2004,1,71.1080637137202,71.8480380358801,70.79485082414311,72.95844037670699,Estimación adecuada
Canovanas,2000-2004,2,78.88392586271299,78.81352513913208,77.81982494741143,79.89643949091993,Estimación adecuada
Canovanas,2005-2009,1,71.56511842264116,72.40517413693323,71.44166602708533,73.37899445051235,Estimación adecuada
Canovanas,2005-2009,2,81.84364694400887,81.13193456640542,80.08676826600686,82.44930722519297,Estimación adecuada
Canovanas,2010-2014,1,73.63944411888701,74.33007643760105,73.237302659733,75.22157409763793,Estimación adecuada
Canovanas,2010-2014,2,82.05867867170852,81.32990564219669,80.31287245208091,82.49557790143339,Estimación adecuada
Canovanas,2015-2019,1,75.09350796457565,75.66439425827986,74.80764571939822,76.83953343330423,Estimación adecuada
Canovanas,2015-2019,2,82.08355842012313,81.90127764642193,80.94618493044756,83.03388000661383,Estimación adecuada
Canovanas,2020-2024,1,74.63322650738762,74.86870083299904,74.13815334602455,75.63879120076714,Estimación adecuada
Canovanas,2020-2024,2,82.6295984745731,82.28988021873974,81.01907718948839,84.0492178703606,Estimación adecuada
Carolina,1980-1984,1,72.42663888570124,72.38727306111946,71.83412366558235,72.92046736063588,Estimación adecuada
Carolina,1980-1984,2,79.56105047511585,79.23523714222897,78.68016412731927,80.10744576893944,Estimación adecuada
Carolina,1985-1989,1,71.07934568227924,71.21725258294654,70.7655340324859,71.73475406405224,Estimación adecuada
Carolina,1985-1989,2,79.90469299244059,79.6289683605942,79.18418145882558,80.22126342960304,Estimación adecuada
Carolina,1990-1994,1,69.76158074298928,69.91917418324381,69.40614302726615,70.4580307319874,Estimación adecuada
Carolina,1990-1994,2,79.11344656209685,79.12502213448055,78.56241898719298,79.6050248860011,Estimación adecuada
Carolina,1995-1999,1,70.29885366050775,70.52106456737806,70.10767211952077,71.09813558977166,Estimación adecuada
Carolina,1995-1999,2,79.46252375391535,79.25002860682534,78.72578520668847,80.00882795311945,Estimación adecuada
Carolina,2000-2004,1,73.39239114203968,73.48695815019032,73.00261886836576,74.0378336263601,Estimación adecuada
Carolina,2000-2004,2,80.9698944918449,80.78126865597591,80.03252617581833,81.30312145663103,Estimación adecuada
Carolina,2005-2009,1,74.21771658994741,74.2510237511024,73.62181522275236,74.81712040971809,Estimación adecuada
Carolina,2005-2009,2,82.01187264677947,81.89859305425006,81.25144505841688,82.64095718433326,Estimación adecuada
Carolina,2010-2014,1,75.03455774132681,75.23748464933705,74.84102810702592,76.02545076977074,Estimación adecuada
Carolina,2010-2014,2,83.10473164777837,82.94760919222747,82.39407136665311,83.74774798620628,Estimación adecuada
Carolina,2015-2019,1,77.50343819237987,77.49749947552093,76.75830762795695,78.21982790338566,Estimación adecuada
Carolina,2015-2019,2,84.77335114231931,84.47845831069864,83.72526810972929,85.56182160058155,Estimación adecuada
Carolina,2020-2024,1,77.33209533287885,77.31481624436809,76.6620499769736,77.9491983030121,Estimación adecuada
Carolina,2020-2024,2,84.54226961635248,84.24618511398083,83.67419509771895,84.85164605312161,Estimación adecuada
Catano,1980-1984,1,64.46754122046099,65.8789393240358,65.04079320696914,66.67362093459012,> e0 observado
Catano,1980-1984,2,74.89287458437524,74.71484814572398,73.50303514945907,75.83593556855496,Estimación adecuada
Catano,1985-1989,1,65.16808188775998,66.32654935935273,65.19277441315789,67.80387716065374,> e0 observado
Catano,1985-1989,2,78.11833690201469,76.93524303488691,75.47737124722215,77.95886774321778,< e0 observado
Catano,1990-1994,1,63.23995733381801,64.98015262099216,63.80842305210235,66.27805515511923,> e0 observado
Catano,1990-1994,2,77.67563688191754,76.91565080790367,76.0219633091099,78.14322221933503,Estimación adecuada
Catano,1995-1999,1,64.7765667247522,66.1483888169312,65.19028065787171,67.27566867556783,> e0 observado
Catano,1995-1999,2,76.9213664702111,76.75002140923979,75.72520127842267,77.97573074779785,Estimación adecuada
Catano,2000-2004,1,68.66940578981966,69.75972115950333,68.57250697558138,70.84131209908023,Estimación adecuada
Catano,2000-2004,2,78.58918958789423,78.03917602968048,77.0298803910801,79.3779935038456,Estimación adecuada
Catano,2005-2009,1,70.02883614015043,70.95719935420792,69.76219870215894,71.91421401649953,Estimación adecuada
Catano,2005-2009,2,82.24020929025558,81.09544425720526,79.64423824279288,82.38336992938014,Estimación adecuada
Catano,2010-2014,1,73.09639977297068,73.33088252194719,72.36647159579164,74.4269745559921,Estimación adecuada
Catano,2010-2014,2,85.01041862246886,82.75492843772369,81.31434324744679,84.73946293120898,< e0 observado
Catano,2015-2019,1,73.16089456109142,74.3227281508814,73.02742059488328,75.45945264546106,Estimación adecuada
Catano,2015-2019,2,83.12167017400074,82.58507136485561,80.94308179894355,84.94526082046106,Estimación adecuada
Catano,2020-2024,1,73.01850592844353,74.00614495056452,72.50179008256603,75.24119699514222,Estimación adecuada
Catano,2020-2024,2,82.51649081605288,82.27023496688624,80.62466690246532,84.34167546218615,Estimación adecuada
Cayey,1980-1984,1,70.96296134270752,70.81928851549083,70.00025930839396,71.81483896953154,Estimación adecuada
Cayey,1980-1984,2,76.82319308489046,76.9393125564786,76.0637122206573,78.33875957021519,Estimación adecuada
Cayey,1985-1989,1,69.35266533931055,69.86945638167452,69.26571047854239,70.65829870770807,Estimación adecuada
Cayey,1985-1989,2,78.12827674106387,77.82221429848536,76.94572033772589,78.96268771000527,Estimación adecuada
Cayey,1990-1994,1,69.20617523788248,69.79698141788725,68.81816772767024,70.68269308492523,Estimación adecuada
Cayey,1990-1994,2,77.95988804304272,77.96799483473464,77.22067676231953,78.96164813746084,Estimación adecuada
Cayey,1995-1999,1,70.02822280781275,70.48525938492108,69.94067897603765,71.25861636918651,Estimación adecuada
Cayey,1995-1999,2,78.3953319698986,78.45845707286905,77.53897275302867,79.10165906578386,Estimación adecuada
Cayey,2000-2004,1,73.53696019599438,73.4342053164716,72.71849396185436,74.36038040723838,Estimación adecuada
Cayey,2000-2004,2,80.96546853359895,80.28306332413872,79.23322279258205,81.09973761682161,Estimación adecuada
Cayey,2005-2009,1,73.26222936566049,73.92938044345803,73.18242959678162,74.94410128907019,Estimación adecuada
Cayey,2005-2009,2,81.2989665160214,81.05359938613027,79.87692419676321,81.91618915175926,Estimación adecuada
Cayey,2010-2014,1,74.63715165028215,75.2079394898993,74.14429666979598,76.03867381755668,Estimación adecuada
Cayey,2010-2014,2,83.0709118375776,82.50127590772263,81.53459759127762,83.73275502141085,Estimación adecuada
Cayey,2015-2019,1,77.0792534705373,77.27616804513438,76.3561751815961,78.33259811499002,Estimación adecuada
Cayey,2015-2019,2,85.38068040160512,84.35250162405524,82.81572457171129,85.56491691514637,Estimación adecuada
Cayey,2020-2024,1,77.87126407523529,77.95493123964066,76.96941655636064,79.64343846152843,Estimación adecuada
Cayey,2020-2024,2,83.65584760573441,83.64964032025667,82.43483327916492,84.71850409302951,Estimación adecuada
Ceiba,1980-1984,1,70.95872473158553,70.62094769312336,69.73448425935494,71.97692097027158,Estimación adecuada
Ceiba,1980-1984,2,78.87544799366925,77.78413489313061,76.26662545282318,79.54738465444494,Estimación adecuada
Ceiba,1985-1989,1,70.36156432534068,70.47260313173567,69.57380242172238,71.66833043883781,Estimación adecuada
Ceiba,1985-1989,2,78.38222414329047,77.77218924814397,76.5151359301494,79.12549618550545,Estimación adecuada
Ceiba,1990-1994,1,70.97855878036437,70.73436783824604,69.59303641258266,72.04530318530416,Estimación adecuada
Ceiba,1990-1994,2,78.162478502734,77.75883224897728,76.21871639889272,79.58453754568703,Estimación adecuada
Ceiba,1995-1999,1,72.2509206439854,71.31358583626006,69.95257173162005,72.3904352512985,Estimación adecuada
Ceiba,1995-1999,2,77.99833445594543,78.19103247727875,76.79216104995069,79.63163510798505,Estimación adecuada
Ceiba,2000-2004,1,74.43059050766081,73.15095946833108,72.24309671412317,74.48637594587248,Estimación adecuada
Ceiba,2000-2004,2,80.25443000359746,79.8355693845487,78.46989541619222,81.2183670865068,Estimación adecuada
Ceiba,2005-2009,1,75.2751182644064,74.18397481006647,72.73610303334382,75.38261689874184,Estimación adecuada
Ceiba,2005-2009,2,82.73200974323383,82.07715214011043,80.61019475767483,83.71630801234119,Estimación adecuada
Ceiba,2010-2014,1,74.60974580790653,75.38075265251882,74.1681161122758,77.20586108111752,Estimación adecuada
Ceiba,2010-2014,2,80.46589273942276,81.36991196648651,79.8652695096408,83.35470399149278,Estimación adecuada
Ceiba,2015-2019,1,77.20372219454802,77.26212807737238,75.55818872785866,78.76039172742574,Estimación adecuada
Ceiba,2015-2019,2,85.18009427063753,84.12487653374268,82.0836307878922,86.10757138512417,Estimación adecuada
Ceiba,2020-2024,1,71.79676111836038,75.63244036080226,74.09889057573609,76.82585190768464,> e0 observado
Ceiba,2020-2024,2,79.91050600055166,82.83413380927794,81.01103386671092,84.6392042769908,> e0 observado
Ciales,1980-1984,1,73.17560788565788,72.39347404609681,71.34458848705066,73.4472828516954,Estimación adecuada
Ciales,1980-1984,2,78.68068996198531,78.06006659955997,76.93733426564182,79.82033715344545,Estimación adecuada
Ciales,1985-1989,1,73.24198902056254,72.52535114118596,71.17722872415501,73.92945133307997,Estimación adecuada
Ciales,1985-1989,2,79.49519425452579,79.17948977442481,78.0070455035245,80.78917864747257,Estimación adecuada
Ciales,1990-1994,1,72.16136043091481,71.86065371052197,70.80755350404682,73.34066024244228,Estimación adecuada
Ciales,1990-1994,2,79.80413073294497,79.18194595645717,78.17270061976703,80.27423676953902,Estimación adecuada
Ciales,1995-1999,1,71.4096956405122,71.55231951345321,70.22912138215406,72.78829682877097,Estimación adecuada
Ciales,1995-1999,2,79.25999039891276,79.5087763526947,77.79821841366987,80.81588112102173,Estimación adecuada
Ciales,2000-2004,1,72.84466012254391,73.46683064261907,72.3505392688298,74.57186871772109,Estimación adecuada
Ciales,2000-2004,2,80.79392296765587,80.77205276085579,79.2728916213512,81.7835619586476,Estimación adecuada
Ciales,2005-2009,1,73.92393723914924,74.32663798158569,73.24334030881542,75.60937498597303,Estimación adecuada
Ciales,2005-2009,2,81.64344574866836,81.61074724570786,80.26907274136386,83.09853060267878,Estimación adecuada
Ciales,2010-2014,1,75.79742836742422,76.16132914265464,74.93222861555162,77.4022237369467,Estimación adecuada
Ciales,2010-2014,2,83.07107063089894,83.05448428403767,81.98968659685403,84.49188104766381,Estimación adecuada
Ciales,2015-2019,1,77.80383183986213,77.231506165258807,76.20800088497255,78.65401224957508,Estimación adecuada
Ciales,2015-2019,2,85.12177596154379,85.428647850733,83.73806374493603,87.58083240977999,Estimación adecuada
Ciales,2020-2024,1,77.11923282562702,77.26021469497988,75.73353370494779,78.52653955522433,Estimación adecuada
Ciales,2020-2024,2,82.81212925624077,83.21440825691974,82.3513912793092,84.48373679229482,Estimación adecuada
Cidra,1980-1984,1,72.79621121165134,72.95356616698814,71.52759161266188,73.984936300035,Estimación adecuada
Cidra,1980-1984,2,78.89456154742125,78.74479951717868,77.79869214400807,80.15899053396546,Estimación adecuada
Cidra,1985-1989,1,72.66729566582723,72.78084639592532,71.56988471167097,73.64737804395875,Estimación adecuada
Cidra,1985-1989,2,79.30843165376449,79.1563635292373,78.27623919053542,80.49564665072941,Estimación adecuada
Cidra,1990-1994,1,73.17099775450035,72.8998982142416,71.97631905549949,74.03004183732926,Estimación adecuada
Cidra,1990-1994,2,79.38614993802825,79.02007963705034,78.01607670953419,79.854778844440375,Estimación adecuada
Cidra,1995-1999,1,74.13315718602104,73.72561511933,72.43690824523492,74.73114939252176,Estimación adecuada
Cidra,1995-1999,2,80.28912632140323,80.26190232952895,78.99257373551806,81.35444037446423,Estimación adecuada
Cidra,2000-2004,1,75.06593883577219,74.85403100103399,74.0146446369357,75.5841964745801,Estimación adecuada
Cidra,2000-2004,2,81.91131641001179,81.39948147909095,80.33955659329632,83.05089216356271,Estimación adecuada
Cidra,2005-2009,1,75.37025225163217,75.50423920255844,74.76774869045252,76.50429001560762,Estimación adecuada
Cidra,2005-2009,2,81.69020256742252,81.59804706630396,80.55205129347985,83.13356223534637,Estimación adecuada
Cidra,2010-2014,1,77.10355911472645,77.14397603296328,76.27354164022165,78.11815078500032,Estimación adecuada
Cidra,2010-2014,2,83.3681900062823,83.11228819687474,82.14754981225443,84.35004027477659,Estimación adecuada
Cidra,2015-2019,1,77.36062510950826,77.71229701175429,76.81796502612987,79.03423328107957,Estimación adecuada
Cidra,2015-2019,2,84.48562037088345,84.62945030536534,83.32880068260846,86.00101758323326,Estimación adecuada
Cidra,2020-2024,1,78.14676480175604,78.25973824755434,76.91995159022578,79.74817432234266,Estimación adecuada
Cidra,2020-2024,2,84.2195265984795,83.97509468667099,83.09841179076727,85.28222080056203,Estimación adecuada
Coamo,1980-1984,1,71.41987637152332,71.50608446715515,70.34844360949387,72.49362139060787,Estimación adecuada
Coamo,1980-1984,2,77.97710830041352,78.09246246398949,76.68026435149528,79.37102536608032,Estimación adecuada
Coamo,1985-1989,1,71.25359184417111,71.39944019728146,70.28985770348436,72.23516663886328,Estimación adecuada
Coamo,1985-1989,2,77.49216840937345,77.70309816289793,76.79344232390577,78.92152402754007,Estimación adecuada
Coamo,1990-1994,1,70.65361788511969,70.7383605930918,70.02299695205005,71.8102459916749,Estimación adecuada
Coamo,1990-1994,2,79.1047246539598,78.82866013363629,77.71992408414923,79.84991256622772,Estimación adecuada
Coamo,1995-1999,1,70.79936905843824,71.0491164158127,70.0789672891843,71.97934392566363,Estimación adecuada
Coamo,1995-1999,2,78.28292064703683,78.11947080502131,77.18054847878321,79.37333062415075,Estimación adecuada
Coamo,2000-2004,1,73.17554943953195,73.27920370308924,72.14505924535649,74.07661395233453,Estimación adecuada
Coamo,2000-2004,2,80.59438637145708,80.19465264712973,79.3718986052041,81.45982516926227,Estimación adecuada
Coamo,2005-2009,1,76.54952873290381,75.52648207568589,74.60209841558398,76.44521925055741,< e0 observado
Coamo,2005-2009,2,81.73811956737603,81.4002940427622,80.2863332259803,82.56954547914256,Estimación adecuada
Coamo,2010-2014,1,75.57468935584676,75.43023584622554,74.5025889219649,76.22039277089189,Estimación adecuada
Coamo,2010-2014,2,82.64763206384671,82.05010737469905,80.9859588410883,83.34124746001622,Estimación adecuada
Coamo,2015-2019,1,75.78534479855834,76.07652614013075,75.19173299728473,77.34299025610957,Estimación adecuada
Coamo,2015-2019,2,82.76369502542164,82.82612736192391,81.79047833115845,84.23045812855327,Estimación adecuada
Coamo,2020-2024,1,78.30636780177291,77.67670255370916,76.4627656312574,78.60940586169266,Estimación adecuada
Coamo,2020-2024,2,83.44944238087736,83.65235007370713,82.28919278129392,85.00473385461872,Estimación adecuada
Comerio,1980-1984,1,72.45955170116261,72.14024494227812,71.01158482219884,73.37307897250582,Estimación adecuada
Comerio,1980-1984,2,79.83361439994822,78.82733916777659,77.34547893443181,80.6403477097417,Estimación adecuada
Comerio,1985-1989,1,71.97109712952762,71.74944441331513,70.49276726950274,72.7178785807368,Estimación adecuada
Comerio,1985-1989,2,78.28807841566851,78.2132435785725,77.07364119156813,79.89934171166979,Estimación adecuada
Comerio,1990-1994,1,72.04307484330955,71.50056659208855,70.58373545240923,72.68317412058316,Estimación adecuada
Comerio,1990-1994,2,77.5323363396148,77.91328882819539,76.51208814861559,79.33982733044627,Estimación adecuada
Comerio,1995-1999,1,71.30212162598326,71.35615325797303,70.10632404607375,72.64818172459235,Estimación adecuada
Comerio,1995-1999,2,78.34222697142097,78.42779017305222,77.47952004436456,79.40374965867025,Estimación adecuada
Comerio,2000-2004,1,73.4464009570269,73.55400786403003,72.11532826348622,74.38358121409883,Estimación adecuada
Comerio,2000-2004,2,79.41844021903223,79.63152210991868,78.41336789668573,80.86409159300322,Estimación adecuada
Comerio,2005-2009,1,73.5787658846263,73.95959054992565,72.61479920684553,75.42704791316146,Estimación adecuada
Comerio,2005-2009,2,81.39708675568599,80.83294207699757,79.8161574760498,82.24935877021551,Estimación adecuada
Comerio,2010-2014,1,77.02400216817404,76.20294361006958,74.9089409038504,77.60217121791489,Estimación adecuada
Comerio,2010-2014,2,83.0612238190259,82.40759115056727,80.70059076933933,84.2291687864474,Estimación adecuada
Comerio,2015-2019,1,75.10125130507932,75.98324087877697,74.72082064952104,77.09234984423355,Estimación adecuada
Comerio,2015-2019,2,83.61425168752719,83.48096486969987,81.91830052710576,85.19360617673067,Estimación adecuada
Comerio,2020-2024,1,75.1303041254267,75.95057310171035,74.84403018061269,76.87425243711006,Estimación adecuada
Comerio,2020-2024,2,82.05317395530018,82.01947506967437,80.92917509960313,83.69066458227145,Estimación adecuada
Corozal,1980-1984,1,71.59337541836751,71.83057915935981,70.67193791857534,72.60834932095938,Estimación adecuada
Corozal,1980-1984,2,78.42662710352727,78.08471295049716,77.07978199398102,79.34804960490708,Estimación adecuada
Corozal,1985-1989,1,74.22064910584275,73.17486757410228,72.03448543633002,74.69342710378915,Estimación adecuada
Corozal,1985-1989,2,78.3193513304772,78.17997426493332,77.0673458067591,79.40053671867304,Estimación adecuada
Corozal,1990-1994,1,70.50602418020065,70.92180480377641,70.16163468277819,71.97594502910717,Estimación adecuada
Corozal,1990-1994,2,78.56878546912549,78.59074307887963,77.69138543000123,79.4686362424963,Estimación adecuada
Corozal,1995-1999,1,71.1342934815617,71.5261927152143,70.61422731324316,72.31881855431885,Estimación adecuada
Corozal,1995-1999,2,79.89645803427074,79.17135860050735,78.30541626784814,80.36191521298767,Estimación adecuada
Corozal,2000-2004,1,75.20924342478085,74.69292810000304,73.73803880383831,75.88152906778244,Estimación adecuada
Corozal,2000-2004,2,81.47664762629537,81.11813187690012,79.9617088271394,82.43054099135512,Estimación adecuada
Corozal,2005-2009,1,74.51916117627076,74.83704025996656,73.97028259319606,76.01020531447918,Estimación adecuada
Corozal,2005-2009,2,81.50628322540844,81.16988453953262,80.0848062379039,82.33026671495203,Estimación adecuada
Corozal,2010-2014,1,75.53315954293863,75.81788202772745,74.69492739246704,76.90405106632598,Estimación adecuada
Corozal,2010-2014,2,83.55316997103368,82.8892996446003,81.56105848957975,84.17767298264226,Estimación adecuada
Corozal,2015-2019,1,77.7840037663036,77.67872688133072,76.32203026581857,78.7560668995901,Estimación adecuada
Corozal,2015-2019,2,82.13613646804167,82.78468469942705,81.57945699532313,84.39328393739345,Estimación adecuada
Corozal,2020-2024,1,75.19473491282754,76.07886540452559,75.28621120383706,76.98259646693931,> e0 observado
Corozal,2020-2024,2,84.6930448800102,84.34120279557243,82.92090004345994,85.77167425464495,Estimación adecuada
Culebra,1980-1984,1,75.84220968525007,73.0433647381824,71.33905033369108,75.0220860115962,< e0 observado
Culebra,1980-1984,2,312.84761400624416,79.65504165363723,77.3846835834466,82.4984711393265,< e0 observado
Culebra,1985-1989,1,76.15771509774066,72.70922334243025,71.06729537802067,74.3136350912194,< e0 observado
Culebra,1985-1989,2,79.85216387000023,79.09288229837716,77.02682974021243,82.44733869813541,Estimación adecuada
Culebra,1990-1994,1,74.52383520889406,71.97834629037186,69.96950563123966,74.09368786920695,< e0 observado
Culebra,1990-1994,2,77.9741231122046,80.23300138810097,77.96524193477644,82.53461289479503,Estimación adecuada
Culebra,1995-1999,1,71.28432331984887,71.99920232284879,70.22120323862708,74.73414904184523,Estimación adecuada
Culebra,1995-1999,2,623.9973233640217,81.05498584973236,78.48976786250779,83.64070759759502,< e0 observado
Culebra,2000-2004,1,78.2534179973886,74.42859910013996,72.70386405972044,75.79515193026643,< e0 observado
Culebra,2000-2004,2,78.36827683350202,81.5098880324754,79.27381451278364,84.50101514861817,> e0 observado
Culebra,2005-2009,1,73.6146225552975,74.78673660164404,72.87498741530334,76.85269384783899,Estimación adecuada
Culebra,2005-2009,2,80.09149119936524,83.06921467525973,80.3836345485434,85.86888325783679,> e0 observado
Culebra,2010-2014,1,73.52149301616902,76.51361221628812,74.67528412803622,79.09795929592386,> e0 observado
Culebra,2010-2014,2,83.12280176313814,83.44905944472707,80.88609358319349,88.03443744648204,Estimación adecuada
Culebra,2015-2019,1,71.33765707319925,77.22679064015321,75.1868237126838,78.77422151641132,> e0 observado
Culebra,2015-2019,2,80.59683390031405,83.75629713420199,81.58401635783824,87.7332363206495,> e0 observado
Culebra,2020-2024,1,69.37212000752932,76.5560848506535,74.87622432069122,79.05764478070017,> e0 observado
Culebra,2020-2024,2,81.57723492958758,83.80728770705812,81.85578667662578,87.32172562208865,> e0 observado
Dorado,1980-1984,1,72.01561241845583,72.17457730051277,71.21004677055137,73.52162850881845,Estimación adecuada
Dorado,1980-1984,2,79.32249700897671,78.68385863393377,77.51070424800592,79.86690949980135,Estimación adecuada
Dorado,1985-1989,1,70.763807675351,70.90197197618261,69.82366754874656,71.76375469067992,Estimación adecuada
Dorado,1985-1989,2,78.43729914119652,78.17354189970303,76.986645901982925,79.60173651554518,Estimación adecuada
Dorado,1990-1994,1,70.08635489612949,70.72854020126792,69.89600740919255,71.50977142772109,Estimación adecuada
Dorado,1990-1994,2,78.9847848441942,78.83935827549448,77.84980844051296,79.91194654877378,Estimación adecuada
Dorado,1995-1999,1,71.02921103733023,71.26710744054755,70.02260796771067,72.21764649693212,Estimación adecuada
Dorado,1995-1999,2,78.81932024206121,78.87356545729222,77.82233752056186,79.87845195354186,Estimación adecuada
Dorado,2000-2004,1,72.69344061787483,73.02306026728375,72.18382198324339,73.85488636905913,Estimación adecuada
Dorado,2000-2004,2,80.19876018464808,79.7773257104474,78.76264203746067,80.81028222920284,Estimación adecuada
Dorado,2005-2009,1,73.95985556686958,74.41572818456007,73.11581781708506,75.34831228271727,Estimación adecuada
Dorado,2005-2009,2,81.26381481810347,80.94725047985398,79.77445657044211,81.77216670377959,Estimación adecuada
Dorado,2010-2014,1,77.16889276147008,76.96615391551332,75.85033856776967,78.0190568299414,Estimación adecuada
Dorado,2010-2014,2,83.54553010029169,82.96525526259384,81.8545313330363,84.40796621530507,Estimación adecuada
Dorado,2015-2019,1,78.16987046109722,77.76717656126206,76.51626718966622,79.04927130271247,Estimación adecuada
Dorado,2015-2019,2,84.06364696175204,84.12948725448028,82.84868234205165,85.82517181690224,Estimación adecuada
Dorado,2020-2024,1,76.76202002254995,77.00113093488343,75.76292517610341,77.86790916441845,Estimación adecuada
Dorado,2020-2024,2,84.56733629053974,84.10723135612845,82.56933599007169,86.17597836396733,Estimación adecuada
Fajardo,1980-1984,1,70.44947490600326,70.01039068560931,68.97676313653162,71.11819334993847,Estimación adecuada
Fajardo,1980-1984,2,77.38795064534409,76.78685953907356,75.85160300751937,77.7573498663671,Estimación adecuada
Fajardo,1985-1989,1,70.8749129517732,70.59479887654695,69.80625585325166,71.54592425989242,Estimación adecuada
Fajardo,1985-1989,2,76.6242059586704,76.48288389825646,75.5524056113717,77.37354828394723,Estimación adecuada
Fajardo,1990-1994,1,68.14185533281889,68.63003655760707,67.74301353608246,69.58211247358192,Estimación adecuada
Fajardo,1990-1994,2,77.82572465637467,77.33825990213657,76.3384210848526,78.37874201708031,Estimación adecuada
Fajardo,1995-1999,1,69.40252523203102,69.5619412831278,68.6695586676602,70.49248734257537,Estimación adecuada
Fajardo,1995-1999,2,77.40181375449214,77.21657326039735,76.35625447767087,77.89363519734982,Estimación adecuada
Fajardo,2000-2004,1,71.72173538925516,71.7791365410863,70.82439208919337,72.76911148292896,Estimación adecuada
Fajardo,2000-2004,2,79.6984350769009,79.19103570976114,78.2751773512716,80.15671270584163,Estimación adecuada
Fajardo,2005-2009,1,70.90368538290633,71.51690017111255,70.670284653782,72.45251974566598,Estimación adecuada
Fajardo,2005-2009,2,80.26318409708472,80.12855882665684,79.2001896328716,81.10499428999847,Estimación adecuada
Fajardo,2010-2014,1,72.15513738785808,73.389279476013,72.28442370336879,74.53652870388352,> e0 observado
Fajardo,2010-2014,2,80.90851949862676,80.50746449670524,79.42058444073267,81.36235488261954,Estimación adecuada
Fajardo,2015-2019,1,75.38426006535445,75.93648733267774,74.76425643259984,77.59869862962606,Estimación adecuada
Fajardo,2015-2019,2,82.10233174347786,82.22520097595472,80.7100544018918,84.00943616606222,Estimación adecuada
Fajardo,2020-2024,1,73.43497352690585,74.18831534529676,73.34524823345242,75.231900771907,Estimación adecuada
Fajardo,2020-2024,2,82.2762394449245,82.2334342883938,80.96451626222822,83.48598102410998,Estimación adecuada
Florida,1980-1984,1,70.42483206152336,70.9145872164279,69.44522787304163,72.60888249756604,Estimación adecuada
Florida,1980-1984,2,79.35780001097832,78.09261054205747,76.32065057910879,79.84415812294412,Estimación adecuada
Florida,1985-1989,1,70.50232476451228,70.56655659454833,69.43713955355705,72.10303206303033,Estimación adecuada
Florida,1985-1989,2,74.6342929834084,76.65363470874001,75.45465878754666,77.98317421928269,> e0 observado
Florida,1990-1994,1,69.94089932331659,70.24899676152606,69.02976967369128,71.41300253515377,Estimación adecuada
Florida,1990-1994,2,75.42769863274026,76.80019217783448,75.59969587755826,78.13984953395541,> e0 observado
Florida,1995-1999,1,71.39463006779472,71.24183309358204,70.02071156685244,72.98950849699878,Estimación adecuada
Florida,1995-1999,2,77.40310555306459,77.932517885059,76.7930444639281,79.29459301918394,Estimación adecuada
Florida,2000-2004,1,74.94487970699895,73.6430388852057,72.34459520171254,75.06204331598414,Estimación adecuada
Florida,2000-2004,2,80.81239094356496,79.99098993390577,78.79184854665817,81.62725217562277,Estimación adecuada
Florida,2005-2009,1,76.04920743072655,74.24177528734131,73.07370646578087,75.5631404339324,< e0 observado
Florida,2005-2009,2,79.57757103781478,79.86681026521353,78.69196828463637,81.46481285579402,Estimación adecuada
Florida,2010-2014,1,77.06226789023417,76.05951323671124,74.85660910551462,77.69596362234529,Estimación adecuada
Florida,2010-2014,2,83.35252079088593,82.15661304664093,80.78357457338026,83.96448370556216,Estimación adecuada
Florida,2015-2019,1,76.47369374765398,76.34197757891639,75.30355134443127,77.55904822207968,Estimación adecuada
Florida,2015-2019,2,82.67725332232514,82.77343849342141,81.0610949047462,84.56402600323324,Estimación adecuada
Florida,2020-2024,1,76.43179228493146,76.91444563355586,75.73516674276814,78.3548311473846,Estimación adecuada
Florida,2020-2024,2,82.07661771528629,83.19540349109647,81.42919298714253,85.468686331186,Estimación adecuada
Guanica,1980-1984,1,70.35430491274579,70.01637526801206,68.85977234740278,71.02829949407699,Estimación adecuada
Guanica,1980-1984,2,77.08641407907882,76.42216684428863,75.62362939329105,77.91268597604909,Estimación adecuada
Guanica,1985-1989,1,69.68708715163265,69.37208772352759,68.2319542699513,70.53109298744837,Estimación adecuada
Guanica,1985-1989,2,76.95613272806058,76.55933459427865,75.29279923483259,77.69325500310656,Estimación adecuada
Guanica,1990-1994,1,68.88817802686228,69.02874420084348,67.89981376065373,70.11677877251162,Estimación adecuada
Guanica,1990-1994,2,77.30719701606516,76.91909299662893,76.012112087812,77.75797860064446,Estimación adecuada
Guanica,1995-1999,1,68.30978770101139,68.94416942311761,67.78387853353595,69.99875250236703,Estimación adecuada
Guanica,1995-1999,2,75.97235957219114,76.28124101419286,75.26600541241734,77.10716560651156,Estimación adecuada
Guanica,2000-2004,1,71.73515778721156,71.55179542834877,70.62782964942252,72.4710461083136,Estimación adecuada
Guanica,2000-2004,2,78.28580226584876,78.32159218287649,77.26010485004899,79.57348974353313,Estimación adecuada
Guanica,2005-2009,1,71.06456520796193,71.700942002375,70.71800371725946,72.6029468928514,Estimación adecuada
Guanica,2005-2009,2,80.4303234715458,79.75280398317861,78.77598191583904,80.43193736749178,Estimación adecuada
Guanica,2010-2014,1,75.4333136685851,74.55006834356293,73.77444243716718,75.65807401303235,Estimación adecuada
Guanica,2010-2014,2,79.15784517223307,79.96006636675317,78.79873064280855,81.31183193503412,Estimación adecuada
Guanica,2015-2019,1,74.66093504897681,74.73064722553508,73.39491254171755,75.71108616378483,Estimación adecuada
Guanica,2015-2019,2,81.25786007002321,81.43892220756769,80.30693346490497,82.58211300146539,Estimación adecuada
Guanica,2020-2024,1,72.26569298674974,73.60237685431292,72.3496456143688,75.16095337720857,> e0 observado
Guanica,2020-2024,2,81.04640178209804,81.14383586878469,79.95791469996718,82.33010524671445,Estimación adecuada
Guayama,1980-1984,1,70.15605701964218,70.02518243323412,69.1956814208913,70.6843472529728,Estimación adecuada
Guayama,1980-1984,2,76.40533467418753,76.18178762549563,75.10399403372926,77.42897871271839,Estimación adecuada
Guayama,1985-1989,1,68.80931313020281,69.21449407401477,68.10633451480466,69.9468858961234,Estimación adecuada
Guayama,1985-1989,2,76.92698259432454,76.45165973377397,75.52946868201226,77.41884890124126,Estimación adecuada
Guayama,1990-1994,1,69.11733015039341,69.4590658877008,68.61179498542216,70.29135211378834,Estimación adecuada
Guayama,1990-1994,2,78.16728030048264,77.64871505825332,76.70777619432033,78.37769118840515,Estimación adecuada
Guayama,1995-1999,1,69.43362894567927,69.666563957123,68.92268521943903,70.68141122016596,Estimación adecuada
Guayama,1995-1999,2,78.81063066771195,78.00418818662634,77.05487846991473,78.78103444943403,< e0 observado
Guayama,2000-2004,1,71.31460446210147,71.56655854007849,70.79467023574009,72.26590312023495,Estimación adecuada
Guayama,2000-2004,2,79.93581916832044,79.38754222661439,78.0777880512212,80.38804182166606,Estimación adecuada
Guayama,2005-2009,1,73.317174634075,73.2287856990963,72.20483505155991,74.29136586641191,Estimación adecuada
Guayama,2005-2009,2,79.48272799098534,79.37126878350446,78.48947523770248,80.19158016811863,Estimación adecuada
Guayama,2010-2014,1,75.44692302802666,75.00205370001936,73.88269389160806,76.15864069548056,Estimación adecuada
Guayama,2010-2014,2,82.04257371708306,81.36748698354828,80.43735753950583,82.4779989444772,Estimación adecuada
Guayama,2015-2019,1,76.21639313975511,76.00689123442682,74.89435086187981,77.00684553693581,Estimación adecuada
Guayama,2015-2019,2,83.21050488270666,83.02574564296826,82.03903849713508,84.17978657516048,Estimación adecuada
Guayama,2020-2024,1,73.31292394704252,74.54415335767052,73.46079519307676,75.54506709944954,> e0 observado
Guayama,2020-2024,2,81.9885967793484,81.98462127501989,80.90920209194329,83.06734720149151,Estimación adecuada
Guayanilla,1980-1984,1,72.38272826754583,71.31115733810135,70.48719683489094,72.48941783625311,Estimación adecuada
Guayanilla,1980-1984,2,77.60130015371905,77.3021336490425,75.96623022634397,78.41248094541957,Estimación adecuada
Guayanilla,1985-1989,1,70.4006515534528,70.13999902014154,69.05994649951735,71.16492819783129,Estimación adecuada
Guayanilla,1985-1989,2,76.89062144773956,76.6796351427373,75.54931610939374,77.74606550081006,Estimación adecuada
Guayanilla,1990-1994,1,71.80766294942181,71.06610184036488,69.96945810629992,72.18779186862815,Estimación adecuada
Guayanilla,1990-1994,2,78.36086772540148,77.62996922445237,76.63902909366155,78.59216102436761,Estimación adecuada
Guayanilla,1995-1999,1,71.85217300564003,71.06314996806387,70.03255667134339,71.8140670989299,< e0 observado
Guayanilla,1995-1999,2,78.18358736107162,77.95192490581124,76.72814214841347,79.19091509766392,Estimación adecuada
Guayanilla,2000-2004,1,73.1149927253758,72.895865818324,71.95573531260536,73.78720848032788,Estimación adecuada
Guayanilla,2000-2004,2,79.34540204489284,79.14900319159297,77.94022723715673,79.99337108907359,Estimación adecuada
Guayanilla,2005-2009,1,72.58995060106902,73.06863001983515,72.04568290700485,73.90473601328539,Estimación adecuada
Guayanilla,2005-2009,2,78.89335680428938,78.862384757005,77.86118598659024,79.96190328105992,Estimación adecuada
Guayanilla,2010-2014,1,74.92615513892406,74.66809581583342,73.29342223924618,76.02464708783933,Estimación adecuada
Guayanilla,2010-2014,2,79.75450827081573,80.41018561453413,79.10037131066375,81.33691229553683,Estimación adecuada
Guayanilla,2015-2019,1,73.89276737837035,75.47268908068317,74.10903862211133,76.64794624700923,> e0 observado
Guayanilla,2015-2019,2,83.45068243397127,82.65713512799121,81.16732386053954,84.54694611126226,Estimación adecuada
Guayanilla,2020-2024,1,73.3647903964989,74.7060523686381,73.7924525907659,75.91241735189956,> e0 observado
Guayanilla,2020-2024,2,81.7002961811406,82.60638725952674,80.88495735737436,85.0075983959033,Estimación adecuada
Guaynabo,1980-1984,1,72.62968473893714,72.65495462082873,72.07280225975936,73.61310639184929,Estimación adecuada
Guaynabo,1980-1984,2,79.22385888101643,78.93327129216382,78.14755114185648,79.69619013547853,Estimación adecuada
Guaynabo,1985-1989,1,72.62477504228086,72.68391190969976,72.03580471439288,73.43261695425167,Estimación adecuada
Guaynabo,1985-1989,2,80.26888692190559,79.84785150058116,79.1494773011417,80.82544276398652,Estimación adecuada
Guaynabo,1990-1994,1,71.49773088421885,71.74157380051105,70.9847995556942,72.66037616543316,Estimación adecuada
Guaynabo,1990-1994,2,80.39674176327595,80.28514139535264,79.6148712145609,81.02074630790463,Estimación adecuada
Guaynabo,1995-1999,1,71.47634405545867,71.89317508852812,71.26122932503478,72.61006720401522,Estimación adecuada
Guaynabo,1995-1999,2,80.59195656560027,80.47278858258173,79.56556826190084,81.32765296265559,Estimación adecuada
Guaynabo,2000-2004,1,74.36831552631087,74.62388158916195,73.7980786610232,75.32067091346005,Estimación adecuada
Guaynabo,2000-2004,2,82.00013350052207,81.84522179840663,81.04505623422125,82.68477363914181,Estimación adecuada
Guaynabo,2005-2009,1,74.79181167011927,75.15844660005115,74.54683149891932,75.90079044790619,Estimación adecuada
Guaynabo,2005-2009,2,82.65513032515688,82.4414003761031,81.48762035620871,83.31543510327987,Estimación adecuada
Guaynabo,2010-2014,1,77.08693823594666,77.18226987495464,76.3863324896683,77.92305109190414,Estimación adecuada
Guaynabo,2010-2014,2,84.19977793075003,83.87722263980609,82.95389413592719,84.72724891564788,Estimación adecuada
Guaynabo,2015-2019,1,79.31195559128112,79.08678099723025,78.17205563423175,79.8623072464172,Estimación adecuada
Guaynabo,2015-2019,2,86.36653705230658,85.86327673067134,85.00169477172639,86.9952090133098,Estimación adecuada
Guaynabo,2020-2024,1,76.97382215978348,77.2285465372958,76.64417356849216,77.88344569115075,Estimación adecuada
Guaynabo,2020-2024,2,86.24500283333272,86.13427395338806,84.8583014335521,86.96974226909052,Estimación adecuada
Gurabo,1980-1984,1,71.60212290324772,71.64069212204163,70.62401925858359,72.44757129108893,Estimación adecuada
Gurabo,1980-1984,2,77.23788153129946,77.52913547523198,76.59956144122941,78.66757263581256,Estimación adecuada
Gurabo,1985-1989,1,71.95082453631377,71.99391961842596,70.73393237750264,72.92282178652928,Estimación adecuada
Gurabo,1985-1989,2,76.88149220765231,77.31145214823137,76.2723008937611,78.23492504442491,Estimación adecuada
Gurabo,1990-1994,1,69.87395453241605,70.56296334848128,69.29744055612846,71.50587612093247,Estimación adecuada
Gurabo,1990-1994,2,78.83102928672845,78.68674535548135,77.5291623536207,79.9788164585691,Estimación adecuada
Gurabo,1995-1999,1,72.42773508454232,72.33624845711827,71.3042087138856,73.52969073181013,Estimación adecuada
Gurabo,1995-1999,2,78.35419857424922,78.51268685945435,77.55357722140403,79.57361679585314,Estimación adecuada
Gurabo,2000-2004,1,73.64447033241464,73.80644944313622,72.94379982366246,74.79527639109426,Estimación adecuada
Gurabo,2000-2004,2,81.04492373904172,80.50983349566732,79.4821666869262,81.91797987877126,Estimación adecuada
Gurabo,2005-2009,1,75.22317420582058,75.22524101502403,74.40639219166782,76.33613147925526,Estimación adecuada
Gurabo,2005-2009,2,81.09903361256607,80.90863896387361,79.87542527337473,81.94696896844368,Estimación adecuada
Gurabo,2010-2014,1,75.2535660886648,75.67737066220872,74.81584839129346,76.5537992603979,Estimación adecuada
Gurabo,2010-2014,2,83.04928008691901,82.52137037249977,81.47225441710297,83.75856039893557,Estimación adecuada
Gurabo,2015-2019,1,77.6622437909412,77.44628516597722,76.83852957617873,78.55567369282087,Estimación adecuada
Gurabo,2015-2019,2,85.71991276927982,84.92971004536831,82.87382395051623,86.65954251737341,Estimación adecuada
Gurabo,2020-2024,1,77.49933277617998,77.20801431071294,76.43472697789082,78.21880506538866,Estimación adecuada
Gurabo,2020-2024,2,85.08689743587509,84.51855911045395,83.33469780807332,85.55646961430412,Estimación adecuada
Hatillo,1980-1984,1,71.67758783885871,72.00397558747058,71.13892513524186,72.75592592158817,Estimación adecuada
Hatillo,1980-1984,2,78.12387910917064,78.1586289378603,77.05406356575301,79.66580398921715,Estimación adecuada
Hatillo,1985-1989,1,72.6698580793859,72.38133270257441,71.31589600014695,73.47008956033343,Estimación adecuada
Hatillo,1985-1989,2,79.05911472303059,78.74641860817823,77.60222725946126,80.25556592693265,Estimación adecuada
Hatillo,1990-1994,1,72.2795100289586,71.96875527369822,71.06363415054432,72.95826071413168,Estimación adecuada
Hatillo,1990-1994,2,78.48387666184767,78.1588239285133,77.16532360783249,79.22382007757895,Estimación adecuada
Hatillo,1995-1999,1,72.48849923266071,72.04914241992019,71.28366845934289,72.95573612845172,Estimación adecuada
Hatillo,1995-1999,2,78.00099710329015,78.0395472934087,77.04604888132144,78.88478999087417,Estimación adecuada
Hatillo,2000-2004,1,74.33032307328692,73.86865052487582,73.17555212301957,74.68854093200122,Estimación adecuada
Hatillo,2000-2004,2,79.48316668064177,79.38241749516094,78.62891363176871,80.28756605155303,Estimación adecuada
Hatillo,2005-2009,1,75.50592819847141,74.93950235186722,74.06239915836832,75.81223250731436,Estimación adecuada
Hatillo,2005-2009,2,81.06282984310074,80.83347849857294,80.05416154251265,82.1678148608033,Estimación adecuada
Hatillo,2010-2014,1,77.21806955341,76.50982012122942,75.62656241118154,77.6621545479068,Estimación adecuada
Hatillo,2010-2014,2,83.57475161887322,82.96324983690478,81.83028841635488,84.0236130994561,Estimación adecuada
Hatillo,2015-2019,1,79.51125669501796,78.74894501582169,77.26347079671658,80.05917692730696,Estimación adecuada
Hatillo,2015-2019,2,83.5848145553659,83.12801433812054,81.97827018562165,84.22856526514215,Estimación adecuada
Hatillo,2020-2024,1,77.7629473837955,77.78222105129291,76.53837638461178,78.80370774071486,Estimación adecuada
Hatillo,2020-2024,2,84.59256367963641,83.56795910276864,82.48857634582367,84.81737903264602,Estimación adecuada
Hormigueros,1980-1984,1,73.22615615810524,73.14211894732232,71.95116433553356,74.29364052324516,Estimación adecuada
Hormigueros,1980-1984,2,80.03910472491414,79.86934260219178,78.275171117019255,82.05752067849764,Estimación adecuada
Hormigueros,1985-1989,1,73.13146318294162,72.97811065453675,71.78722048584575,74.14865172600324,Estimación adecuada
Hormigueros,1985-1989,2,77.89716827743722,78.9454285479253,77.76010395274636,80.56893761591184,Estimación adecuada
Hormigueros,1990-1994,1,74.49462133047919,73.17089851024986,72.13585835553364,74.41082909055538,< e0 observado
Hormigueros,1990-1994,2,81.15283789312198,80.05013112822999,78.3873364467996,81.76982784890507,Estimación adecuada
Hormigueros,1995-1999,1,74.6762367320931,73.4571106185412,72.15518937897812,74.45791571562305,< e0 observado
Hormigueros,1995-1999,2,80.16161067099215,79.71389097439115,78.53727880136435,81.59792029506062,Estimación adecuada
Hormigueros,2000-2004,1,75.40485462423982,75.0762542013129,73.78915218544371,76.18847592136429,Estimación adecuada
Hormigueros,2000-2004,2,82.08675783503719,81.53233610668754,80.29645604400883,83.04224579585392,Estimación adecuada
Hormigueros,2005-2009,1,75.74958490624739,75.72456955904119,74.81248342100972,77.04169471048962,Estimación adecuada
Hormigueros,2005-2009,2,81.96698618542398,81.60820330250824,80.3647784475734,83.47818589857914,Estimación adecuada
Hormigueros,2010-2014,1,75.8431710077531,76.69894466632937,75.28775057989947,77.98540270986146,Estimación adecuada
Hormigueros,2010-2014,2,80.87827260215975,81.93374742871636,80.64282264032734,83.56999571213356,Estimación adecuada
Hormigueros,2015-2019,1,77.12692365991572,77.8500918378205,76.72336832312868,78.80251281036283,Estimación adecuada
Hormigueros,2015-2019,2,83.89364637195973,84.76438129751557,83.07696582806827,87.01656618195693,Estimación adecuada
Hormigueros,2020-2024,1,77.28736946883825,78.19831216274183,76.5525816977858,79.55616510081666,Estimación adecuada
Hormigueros,2020-2024,2,86.05334213773183,85.4959699896518,84.14864981463734,87.27859570180368,Estimación adecuada
Humacao,1980-1984,1,70.4818626424818,70.58729705367077,69.65104298625796,71.51797132885189,Estimación adecuada
Humacao,1980-1984,2,75.4196254841688,75.71633785410759,74.83500719986003,76.58459550019671,Estimación adecuada
Humacao,1985-1989,1,70.67328173222337,70.81714109440969,69.93267927124816,71.78052150218427,Estimación adecuada
Humacao,1985-1989,2,77.66391705168145,77.42394777059016,76.44166528956717,78.30391334375457,Estimación adecuada
Humacao,1990-1994,1,69.5847902168281,69.81720847734258,69.1178149274725,70.57688150028972,Estimación adecuada
Humacao,1990-1994,2,78.67913304032243,78.32864329059842,77.35381609427239,79.30446030634273,Estimación adecuada
Humacao,1995-1999,1,71.48367368553947,71.31570787401083,70.4754504642919,72.06018491445677,Estimación adecuada
Humacao,1995-1999,2,77.64251746830911,77.53232372867666,76.85794891081437,78.3510769826205,Estimación adecuada
Humacao,2000-2004,1,73.32947626915085,73.2145211562966,72.35092612633312,73.9652912201608,Estimación adecuada
Humacao,2000-2004,2,79.47475982854377,79.55186292850743,78.6176367040003,80.49271883690554,Estimación adecuada
Humacao,2005-2009,1,73.27575041059107,73.61772420849965,72.7328361935605,74.48051432596243,Estimación adecuada
Humacao,2005-2009,2,80.90142324529407,80.59045807728154,79.72875214805235,81.4527832858139,Estimación adecuada
Humacao,2010-2014,1,74.83955059631002,75.02931326194904,74.03813965907716,75.86654401340554,Estimación adecuada
Humacao,2010-2014,2,83.17817196966284,82.53061989257264,81.59614715964358,83.62209249380412,Estimación adecuada
Humacao,2015-2019,1,76.48585094717308,76.8626485555759,75.79785716540002,77.94054705176418,Estimación adecuada
Humacao,2015-2019,2,83.02683058107219,82.75847578266266,81.73624323756552,83.69099155814314,Estimación adecuada
Humacao,2020-2024,1,76.00024146642158,76.71619125023679,75.68094670955941,77.59562812430275,Estimación adecuada
Humacao,2020-2024,2,83.75329897412394,83.5100417826242,82.4456938751114,84.55762561385855,Estimación adecuada
Isabela,1980-1984,1,72.2175376142493,72.20277409686062,71.2172192502508,73.19348349678525,Estimación adecuada
Isabela,1980-1984,2,77.00917281813197,76.99601684613597,75.92463097632823,77.97005847897361,Estimación adecuada
Isabela,1985-1989,1,71.3491658013681,71.43592676991676,70.27070502569796,72.02800572661067,Estimación adecuada
Isabela,1985-1989,2,77.9454646541529,77.62624111598036,76.62948163707884,78.78719073406839,Estimación adecuada
Isabela,1990-1994,1,71.9931847989612,71.51093025891595,70.55255189796165,72.30518388683268,Estimación adecuada
Isabela,1990-1994,2,78.40239754575384,78.14003214850985,77.29335334984532,79.04686825498084,Estimación adecuada
Isabela,1995-1999,1,71.53741002575173,71.25801135303088,70.65609033094125,72.04521826435285,Estimación adecuada
Isabela,1995-1999,2,78.4341103714854,78.51694515191895,77.46973362634067,79.3385662429279,Estimación adecuada
Isabela,2000-2004,1,73.11716930331345,72.95561027240205,72.1436861936017,73.84634925595401,Estimación adecuada
Isabela,2000-2004,2,79.71688567620751,79.81214341828658,78.9664150805412,80.77718877443999,Estimación adecuada
Isabela,2005-2009,1,75.07468792918337,74.42157771134563,73.63767359490744,75.28249710683065,Estimación adecuada
Isabela,2005-2009,2,80.07067272409991,80.13180381644786,79.26309273045153,81.05930041805468,Estimación adecuada
Isabela,2010-2014,1,75.70758521999787,75.54800469315684,74.52779179637983,76.3631891411029,Estimación adecuada
Isabela,2010-2014,2,82.72491321161158,82.07512804196679,81.06637565178951,82.83974665120098,Estimación adecuada
Isabela,2015-2019,1,78.04644459935068,77.4348180554054,76.37691679834,78.78803701872147,Estimación adecuada
Isabela,2015-2019,2,83.65633840932854,83.42915488468587,82.04171531548397,84.58855213892363,Estimación adecuada
Isabela,2020-2024,1,78.32288802669056,77.40776350949372,76.54299346465527,78.12752083526863,< e0 observado
Isabela,2020-2024,2,82.48232389183242,83.09987615196172,81.75332877168117,84.42889690236409,Estimación adecuada
Jayuya,1980-1984,1,71.44565317706032,71.52483598320504,70.3931905849503,72.77163533749477,Estimación adecuada
Jayuya,1980-1984,2,75.83021068634571,77.1079919144318,75.8466728453707,78.80521550370679,> e0 observado
Jayuya,1985-1989,1,71.81944487744688,71.39158059425154,70.20886651791486,72.56440910429544,Estimación adecuada
Jayuya,1985-1989,2,75.3361205884675,76.4925483105605,75.56508765913054,78.11557675835263,> e0 observado
Jayuya,1990-1994,1,71.28342413562748,70.7750728341322,69.72835908415851,71.8186874700987,Estimación adecuada
Jayuya,1990-1994,2,76.02561045115642,77.55675457899547,76.14937121310477,79.29035356043406,> e0 observado
Jayuya,1995-1999,1,71.8370324803072,71.43672202875555,70.13819349710145,72.72820350507695,Estimación adecuada
Jayuya,1995-1999,2,77.48116448040565,77.88781066307101,77.00216036707002,79.2516816815432,Estimación adecuada
Jayuya,2000-2004,1,74.63605246112387,73.6849843608457,72.56048587934114,74.7699918218619,Estimación adecuada
Jayuya,2000-2004,2,81.91186805141467,80.75080849154494,79.53459496900815,82.62108432312799,Estimación adecuada
Jayuya,2005-2009,1,75.3314699406097,74.84042514488193,73.88517119864905,75.68067491091,Estimación adecuada
Jayuya,2005-2009,2,81.6249347941438,80.92373247245536,79.80993123475452,82.13235255075392,Estimación adecuada
Jayuya,2010-2014,1,77.00065301379624,76.35101995004516,74.90439777501112,77.67568972407557,Estimación adecuada
Jayuya,2010-2014,2,83.11699286086072,82.98965750004918,81.5169198049214,84.52358552258153,Estimación adecuada
Jayuya,2015-2019,1,78.10533881687311,77.35937623112792,76.11216776586048,78.98341439926446,Estimación adecuada
Jayuya,2015-2019,2,83.92004165556466,83.8948014451444,81.72619253699534,86.58188556556789,Estimación adecuada
Jayuya,2020-2024,1,77.9886198440842,77.90793733659291,76.14188834592247,79.66971049169251,Estimación adecuada
Jayuya,2020-2024,2,86.08326381951224,84.984725634595,83.53639442351167,86.97951789956096,Estimación adecuada
Juana Diaz,1980-1984,1,70.86234315740458,70.71503693350729,69.70125089564374,71.59387853310163,Estimación adecuada
Juana Diaz,1980-1984,2,75.7200067546899,76.13382346934353,75.02655026623813,77.03505204652996,Estimación adecuada
Juana Diaz,1985-1989,1,70.65196563117064,70.69975210787808,69.85726210093387,71.31856398238509,Estimación adecuada
Juana Diaz,1985-1989,2,77.42944500216616,77.25360608811732,76.22636544588877,78.278121251567,Estimación adecuada
Juana Diaz,1990-1994,1,70.50138355641899,70.44670535965913,69.50874088529045,71.32936462476906,Estimación adecuada
Juana Diaz,1990-1994,2,77.01106521944516,77.09839450120393,76.38102637158791,77.90375411364423,Estimación adecuada
Juana Diaz,1995-1999,1,70.43093050457512,70.55314599816946,69.62426937406491,71.3424328694301,Estimación adecuada
Juana Diaz,1995-1999,2,78.22202425701492,78.1019086865666,77.27502257910078,79.08938122225115,Estimación adecuada
Juana Diaz,2000-2004,1,72.37388660524466,72.55846382203558,71.80890317082667,73.48769892712119,Estimación adecuada
Juana Diaz,2000-2004,2,79.89949949699154,79.53733658386786,78.60722672842506,80.6202341603722,Estimación adecuada
Juana Diaz,2005-2009,1,73.98155168286024,74.08929325932712,73.08657996678595,74.91516157260202,Estimación adecuada
Juana Diaz,2005-2009,2,81.14270526358001,80.80343847725823,79.62532199414804,81.86908358628934,Estimación adecuada
Juana Diaz,2010-2014,1,75.23841081873553,75.27610453540154,74.2665477402524,76.23166699317488,Estimación adecuada
Juana Diaz,2010-2014,2,82.5998007771433,82.08682895205169,81.08595531533902,83.0222772592701,Estimación adecuada
Juana Diaz,2015-2019,1,76.05408088806787,76.14207793778279,75.35204932742738,77.21479707457652,Estimación adecuada
Juana Diaz,2015-2019,2,86.36049640103109,85.16591487922184,83.7478008816177,86.52620729043429,Estimación adecuada
Juana Diaz,2020-2024,1,75.63330906404347,76.17979510597995,75.27306871596576,76.96467553656194,Estimación adecuada
Juana Diaz,2020-2024,2,85.431908147798,84.54515173226966,83.3537235450203,86.0812813505728,Estimación adecuada
Juncos,1980-1984,1,70.27137124040763,70.41495099827532,69.32881734050702,71.56172075620903,Estimación adecuada
Juncos,1980-1984,2,76.19521890395215,76.11781083478596,75.1518975202653,77.10392881105912,Estimación adecuada
Juncos,1985-1989,1,69.2023355554385,69.72456916326402,68.72172819015134,70.86112052704827,Estimación adecuada
Juncos,1985-1989,2,77.34308571814736,76.89847725670032,76.05791583776201,78.15429031001673,Estimación adecuada
Juncos,1990-1994,1,69.1533108688746,69.55632698481236,68.50112588079625,70.63099170739002,Estimación adecuada
Juncos,1990-1994,2,78.47119184979998,77.95904391697445,76.82406805673497,78.92015935233931,Estimación adecuada
Juncos,1995-1999,1,70.30898322816533,70.46923793781104,69.67609913165266,71.52946915469398,Estimación adecuada
Juncos,1995-1999,2,78.15728144588493,78.00943026006955,76.96771861132837,79.10737657641523,Estimación adecuada
Juncos,2000-2004,1,72.41721563925485,72.42916989805907,71.60309287814995,73.2887308148898,Estimación adecuada
Juncos,2000-2004,2,79.8163864926478,79.37350651639679,78.53382332932745,80.29227736205567,Estimación adecuada
Juncos,2005-2009,1,72.39215771900903,72.74894065689887,71.90495365564018,73.73313630808744,Estimación adecuada
Juncos,2005-2009,2,79.84387856561293,79.80387421050565,78.83850332737728,80.81541088809982,Estimación adecuada
Juncos,2010-2014,1,73.50249544854667,74.11575612734342,73.21311484211739,75.10431358636282,Estimación adecuada
Juncos,2010-2014,2,81.07285355877944,81.21207953973645,80.19379196674623,82.58898085732616,Estimación adecuada
Juncos,2015-2019,1,76.96397757620112,76.85156787877108,75.78793226985108,77.72544680731345,Estimación adecuada
Juncos,2015-2019,2,81.70360510688276,81.8553357972599,80.75155743999628,83.15490361178476,Estimación adecuada
Juncos,2020-2024,1,75.96540001306276,75.81315998781935,74.558939907716,76.72886689437568,Estimación adecuada
Juncos,2020-2024,2,84.16229809571288,83.61483701126451,82.09297313369154,85.02268753200644,Estimación adecuada
Lajas,1980-1984,1,72.04293509346515,71.74788365272352,70.57858035050714,72.66070575190335,Estimación adecuada
Lajas,1980-1984,2,76.82471119406895,77.20580401302227,76.1503916757664,78.23049918618634,Estimación adecuada
Lajas,1985-1989,1,72.60440241352846,71.95415440706003,71.08587951175612,73.21114029806334,Estimación adecuada
Lajas,1985-1989,2,77.26830229651331,77.33724309782596,76.30695455863774,78.24886145358819,Estimación adecuada
Lajas,1990-1994,1,71.60815832281739,71.5935837433481,70.47877831119428,72.44789363774763,Estimación adecuada
Lajas,1990-1994,2,78.4175614251451,78.18127097250911,77.23253551464273,79.61601286953496,Estimación adecuada
Lajas,1995-1999,1,72.33316153735507,71.87811121798643,70.88403099053468,72.72599668732876,Estimación adecuada
Lajas,1995-1999,2,78.59191066753552,78.58655149115162,77.62907518426948,79.82215427521857,Estimación adecuada
Lajas,2000-2004,1,73.89742175607356,73.6878815626908,72.83016774532997,74.76872017699486,Estimación adecuada
Lajas,2000-2004,2,80.29428301703928,80.02921526059103,78.85182429095784,81.51837383850622,Estimación adecuada
Lajas,2005-2009,1,75.79227237117928,74.80928464931813,73.91542770674594,75.74573179640132,< e0 observado
Lajas,2005-2009,2,80.28212382307738,80.2896969153517,79.14071855168466,81.33742875862518,Estimación adecuada
Lajas,2010-2014,1,76.22777953168786,75.90035790595863,74.50956991133333,77.12803391149056,Estimación adecuada
Lajas,2010-2014,2,81.31993564850397,81.57187232755119,80.45948774776521,83.05350001453598,Estimación adecuada
Lajas,2015-2019,1,78.5932100458457,77.70719488163405,76.35923987290377,79.02899295232861,Estimación adecuada
Lajas,2015-2019,2,82.7928211339718,83.32450666954071,81.83983651194978,84.80564190797537,Estimación adecuada
Lajas,2020-2024,1,77.53819195780335,77.03236238046385,75.66398353201649,78.15910906955789,Estimación adecuada
Lajas,2020-2024,2,85.4530209589297,84.53460987988899,82.87421727883054,86.47572245590598,Estimación adecuada
Lares,1980-1984,1,70.90779502286912,71.52877010387644,70.68473669543442,72.46245428881357,Estimación adecuada
Lares,1980-1984,2,78.98314405765262,78.93397386430067,77.67924027723284,80.30386943455918,Estimación adecuada
Lares,1985-1989,1,72.06175255053189,72.16214034992416,71.24986331051727,73.17421463201732,Estimación adecuada
Lares,1985-1989,2,80.01215166447678,79.15012391641122,78.00553649767795,80.62340598418857,Estimación adecuada
Lares,1990-1994,1,72.03036774647009,71.84525729194348,70.93634038915299,73.08731967763487,Estimación adecuada
Lares,1990-1994,2,77.96427574880994,78.04137221087225,77.30197887470699,78.9840930150832,Estimación adecuada
Lares,1995-1999,1,74.19654177113337,73.51267892766418,72.5308692463606,74.65318686104271,Estimación adecuada
Lares,1995-1999,2,79.3301969735476,79.10470255641714,78.12621025158215,80.52701889703971,Estimación adecuada
Lares,2000-2004,1,75.07247255488886,74.63677311145912,73.83508890684139,75.54222408223774,Estimación adecuada
Lares,2000-2004,2,80.83073648651207,80.74855043874267,79.1994683363353,82.17648751484197,Estimación adecuada
Lares,2005-2009,1,76.42189286727891,75.46902817289633,74.51014591391363,76.30336932186029,< e0 observado
Lares,2005-2009,2,81.26456313745305,81.01147793382671,79.86831082383495,82.07370691453622,Estimación adecuada
Lares,2010-2014,1,78.4963647494864,77.51620925110102,76.48192297045367,78.73380981271163,Estimación adecuada
Lares,2010-2014,2,81.9330345432922,81.48029203945165,80.55025150096631,82.47402273105587,Estimación adecuada
Lares,2015-2019,1,78.09731429033766,77.8289406423269,76.84485110169162,78.80453659901401,Estimación adecuada
Lares,2015-2019,2,84.2727175793842,83.85981222672552,82.45910285893757,85.1851234825537,Estimación adecuada
Lares,2020-2024,1,77.81833869729226,77.92968066159433,77.08154793972207,78.90938105024897,Estimación adecuada
Lares,2020-2024,2,82.92439343622165,83.37718506099398,82.5478319761612,84.6939548214705,Estimación adecuada
Las Marias,1980-1984,1,73.25247684050133,72.89692064232761,71.68741118379889,74.28809254835687,Estimación adecuada
Las Marias,1980-1984,2,81.52194866514395,80.22317787673657,78.14753144126678,82.36636444347789,Estimación adecuada
Las Marias,1985-1989,1,73.33115714286983,72.84876425330461,71.21419557324953,74.33235998811323,Estimación adecuada
Las Marias,1985-1989,2,76.37157684228848,78.55984889096504,76.93371278887261,80.33463647773948,> e0 observado
Las Marias,1990-1994,1,73.86126500457728,72.89457125658245,71.77386176666326,74.64280770672511,Estimación adecuada
Las Marias,1990-1994,2,80.35635726827562,80.22407067484473,78.90975856257819,82.20870931965165,Estimación adecuada
Las Marias,1995-1999,1,74.51363704980783,73.36684277211633,71.67520154339982,74.59796674826049,Estimación adecuada
Las Marias,1995-1999,2,78.95810122563923,79.36608678398832,78.15176184406494,81.29355746627502,Estimación adecuada
Las Marias,2000-2004,1,77.1668395523812,75.43577788815865,74.31025506940394,76.6699037577462,< e0 observado
Las Marias,2000-2004,2,81.00334574496266,81.76544792344178,79.94494422764349,84.03525262436241,Estimación adecuada
Las Marias,2005-2009,1,77.99055983735227,76.31587764148654,74.9975070413264,77.78525690856006,< e0 observado
Las Marias,2005-2009,2,82.4259101868898,83.10671720539426,81.44898657609376,85.03948287890128,Estimación adecuada
Las Marias,2010-2014,1,78.84966400528405,77.04980462769805,75.77859559565172,78.18770540782442,< e0 observado
Las Marias,2010-2014,2,85.31730941945247,84.43260716889289,82.03259128239142,87.08262721922254,Estimación adecuada
Las Marias,2015-2019,1,77.30839089988154,78.21058165990198,76.64882165625227,80.18633115851097,Estimación adecuada
Las Marias,2015-2019,2,85.88737526840528,84.9946841577985,82.51820956504719,87.80482744503686,Estimación adecuada
Las Marias,2020-2024,1,78.70803014994253,78.80002220371406,77.49606814280605,80.10765119602799,Estimación adecuada
Las Marias,2020-2024,2,88.29019898403125,86.10743291986222,83.34038597215216,89.3835889652804,Estimación adecuada
Las Piedras,1980-1984,1,72.17113618417106,72.2125740001668,71.00471374820134,72.91006032333419,Estimación adecuada
Las Piedras,1980-1984,2,76.48369739398716,76.99787385141997,75.83842301331167,78.46625168231628,Estimación adecuada
Las Piedras,1985-1989,1,72.03923976943689,71.88099768275467,70.68536731895722,73.04758453013699,Estimación adecuada
Las Piedras,1985-1989,2,78.91570672285786,78.80497374316329,77.64636376485659,79.9986611714184,Estimación adecuada
Las Piedras,1990-1994,1,71.42125786301462,71.6510854851011,70.65610426384995,72.61386075159885,Estimación adecuada
Las Piedras,1990-1994,2,77.78976551231491,77.81876419685857,76.84332289934923,78.81699820449565,Estimación adecuada
Las Piedras,1995-1999,1,73.38954782221268,72.578721658825,71.65750014384204,73.5050750481606,Estimación adecuada
Las Piedras,1995-1999,2,79.57857951259791,79.2408734997393,78.09608654007457,80.2094088426883,Estimación adecuada
Las Piedras,2000-2004,1,74.55931546710322,74.21646562756136,73.47999024411808,75.19233687521938,Estimación adecuada
Las Piedras,2000-2004,2,80.03189974373294,79.82902967277053,78.9098712760119,80.79866955423503,Estimación adecuada
Las Piedras,2005-2009,1,76.5702762735385,75.84636913954324,74.97909137073593,76.67283954727799,Estimación adecuada
Las Piedras,2005-2009,2,81.25464299660828,81.5110966091546,80.31221789146997,82.79210449389365,Estimación adecuada
Las Piedras,2010-2014,1,75.68271329512508,75.91912429086065,74.96069333367753,76.81046868336529,Estimación adecuada
Las Piedras,2010-2014,2,82.25180373776736,81.85510929499122,80.69387965801087,83.29003136986202,Estimación adecuada
Las Piedras,2015-2019,1,77.53979746591381,77.40138158932123,76.39937473275754,79.02017857357276,Estimación adecuada
Las Piedras,2015-2019,2,83.23482252844192,83.19796375120526,81.82775092178252,85.16791557447712,Estimación adecuada
Las Piedras,2020-2024,1,76.75695578896796,77.05858942762073,75.94724684911628,78.63066555621435,Estimación adecuada
Las Piedras,2020-2024,2,82.45304907705044,82.44249399102097,81.64619997586034,83.77647598572582,Estimación adecuada
Loiza,1980-1984,1,71.38885797146773,70.92017003472976,69.76319299562135,72.25378776726117,Estimación adecuada
Loiza,1980-1984,2,77.41368421120127,77.02571208903846,75.8205608502517,78.27793444032312,Estimación adecuada
Loiza,1985-1989,1,71.19592313241607,70.6691678270342,69.31720689592564,71.85915403870615,Estimación adecuada
Loiza,1985-1989,2,78.75520752323133,77.6824762309567,76.49911075632119,79.55747366057494,Estimación adecuada
Loiza,1990-1994,1,68.56989185679448,68.914921223054,67.67454760910107,70.11569089170968,Estimación adecuada
Loiza,1990-1994,2,77.79687882604983,77.70916648908015,76.39840477754265,78.86708098890263,Estimación adecuada
Loiza,1995-1999,1,67.39649044243474,68.70515182262358,67.65073586795442,69.95262692612893,> e0 observado
Loiza,1995-1999,2,79.77598415099457,78.93466554685665,77.2227299346257,80.33886060224455,Estimación adecuada
Loiza,2000-2004,1,68.4064307999768,70.4704647802136,69.46083275106221,71.81115641092396,> e0 observado
Loiza,2000-2004,2,83.63090367820818,81.66640469799583,79.6309958980468,83.58055604626463,< e0 observado
Loiza,2005-2009,1,68.95672961508954,71.30433020500033,70.18038671348705,72.20509365483174,> e0 observado
Loiza,2005-2009,2,81.59062463232043,80.95940470963117,79.95760908514949,82.39864847733564,Estimación adecuada
Loiza,2010-2014,1,72.26625680170147,73.98691844849327,72.55216303485497,75.22818226433532,> e0 observado
Loiza,2010-2014,2,82.5899502422689,81.70670778104909,80.17458700367362,83.46185615235757,Estimación adecuada
Loiza,2015-2019,1,76.12182744947866,76.29522883783964,75.10502561091815,77.45466905674758,Estimación adecuada
Loiza,2015-2019,2,83.8552211056914,83.61706286386217,81.93063588394126,85.52449945067782,Estimación adecuada
Loiza,2020-2024,1,73.88148772220029,75.1813590704614,74.13688279514247,76.37905607742384,> e0 observado
Loiza,2020-2024,2,83.07958919364513,83.13294489366871,81.25866443584064,85.11129808019464,Estimación adecuada
Luquillo,1980-1984,1,71.380132240309507,70.92926475988696,69.71652531148789,71.85946877347656,Estimación adecuada
Luquillo,1980-1984,2,96.78526331374172,79.89103655437444,77.36860276693439,82.17410146044725,< e0 observado
Luquillo,1985-1989,1,70.63750574491436,70.60555270060402,69.55830840471728,71.77333677580268,Estimación adecuada
Luquillo,1985-1989,2,75.09865978597477,75.9910263809096,74.89051305972475,77.16724926435865,Estimación adecuada
Luquillo,1990-1994,1,69.18210698398904,69.56124543764811,68.3706796084416,70.75547938041777,Estimación adecuada
Luquillo,1990-1994,2,78.08350246960717,77.67676252246474,76.20901102888527,79.27049327276436,Estimación adecuada
Luquillo,1995-1999,1,68.83053817637305,69.43474169752291,68.58296271981956,70.72366105643998,Estimación adecuada
Luquillo,1995-1999,2,77.66573075818518,77.88697927863257,76.89719830322838,79.46984507483647,Estimación adecuada
Luquillo,2000-2004,1,71.68153728093421,72.05689432070432,70.93174748694955,73.13789981975458,Estimación adecuada
Luquillo,2000-2004,2,79.46075037736213,79.28989752704564,77.90930790828617,80.45300095315895,Estimación adecuada
Luquillo,2005-2009,1,73.33113900152905,73.51249622528044,72.35200995545229,74.719776925407,Estimación adecuada
Luquillo,2005-2009,2,79.74939363916518,79.73514840095777,78.39925758673252,81.18592699558712,Estimación adecuada
Luquillo,2010-2014,1,73.66942105022943,74.48413281005924,73.24953951654963,75.91790560087219,Estimación adecuada
Luquillo,2010-2014,2,82.03679089229092,81.4691443865681,80.14379890328846,83.33822450773246,Estimación adecuada
Luquillo,2015-2019,1,76.9576353673255,76.07960547084326,75.02653313448502,77.0033124863863,Estimación adecuada
Luquillo,2015-2019,2,83.07916689954206,83.3518882604086,81.34448067931086,85.36375672380808,Estimación adecuada
Luquillo,2020-2024,1,75.66385051531384,75.70013584140091,74.26201440666222,76.8838517857413,Estimación adecuada
Luquillo,2020-2024,2,84.82632188772932,84.47295701356548,82.9304133326627,86.00546796713044,Estimación adecuada
Manati,1980-1984,1,69.50345902159295,69.86140975006933,68.61100830820243,70.7365854419524,Estimación adecuada
Manati,1980-1984,2,76.35796417065298,76.46968956208042,75.50096590065567,77.42521134878773,Estimación adecuada
Manati,1985-1989,1,69.09670082516963,69.56022076856182,68.61741528096022,70.42258997917827,Estimación adecuada
Manati,1985-1989,2,78.14933641677325,77.70147934798598,76.7000776661971,78.9523570026031,Estimación adecuada
Manati,1990-1994,1,69.23022216377723,69.69850873171735,68.90460134586831,70.68278414773172,Estimación adecuada
Manati,1990-1994,2,77.925056637489,77.58942708350195,76.90246192423828,78.46858052440606,Estimación adecuada
Manati,1995-1999,1,70.04823843193506,70.29457906570184,69.496355924989075,71.15750406634771,Estimación adecuada
Manati,1995-1999,2,78.06624491078284,78.08506034348362,77.10257475126596,79.13130722452266,Estimación adecuada
Manati,2000-2004,1,73.49609782367673,73.25414982632088,72.48480379068681,74.0596807115061,Estimación adecuada
Manati,2000-2004,2,79.74907762112203,79.48519726612273,78.78259275281766,80.130219229035,Estimación adecuada
Manati,2005-2009,1,73.91954603954379,73.9410577959374,73.2136942057969,74.84347651761023,Estimación adecuada
Manati,2005-2009,2,80.75203111838165,80.41017938394941,79.50731268347866,81.21181187911195,Estimación adecuada
Manati,2010-2014,1,75.23343263045282,75.24932171721991,74.0612036559449,76.20374193556265,Estimación adecuada
Manati,2010-2014,2,81.00103894020826,80.68689207121844,79.84863111245977,81.56656901510596,Estimación adecuada
Manati,2015-2019,1,76.16087589202435,76.40336832906448,75.41516198382632,77.57539161124473,Estimación adecuada
Manati,2015-2019,2,84.28220416894777,83.4957462558438,82.35615377279842,84.41572907109693,Estimación adecuada
Manati,2020-2024,1,76.52581497770936,76.31126678107199,75.53465888682939,77.21499150098293,Estimación adecuada
Manati,2020-2024,2,83.14732604857079,83.12640570771335,81.95730284300072,84.50994189213355,Estimación adecuada
Maricao,1980-1984,1,68.49303375829524,71.19454791816757,69.5149220839358,72.8105224898448,> e0 observado
Maricao,1980-1984,2,78.28658540119275,78.63596812668807,76.95170247092241,80.83585241054891,Estimación adecuada
Maricao,1985-1989,1,72.61105668943735,72.2575708522102,70.84036349393082,73.6615282447364,Estimación adecuada
Maricao,1985-1989,2,78.59761471960472,79.23531823535619,77.46212065776021,81.66278390969083,Estimación adecuada
Maricao,1990-1994,1,71.07278529149542,71.3602713432029,69.57617883416901,72.8071993922951,Estimación adecuada
Maricao,1990-1994,2,77.91473824134911,78.96352671160932,77.24833308883281,81.06014715720904,Estimación adecuada
Maricao,1995-1999,1,70.86923151683176,71.57378773123662,70.49077317641289,72.83147012082406,Estimación adecuada
Maricao,1995-1999,2,78.08263770012994,79.72400778227745,77.76628600144178,81.68197906089986,Estimación adecuada
Maricao,2000-2004,1,77.76650973187752,75.02052366430868,73.27392264933468,76.53046472962738,< e0 observado
Maricao,2000-2004,2,80.5404358031685,81.4601727871352,79.3742181748872,84.11819617657707,Estimación adecuada
Maricao,2005-2009,1,77.53773348173571,75.48083477621881,74.22443511695548,76.95976383773512,< e0 observado
Maricao,2005-2009,2,82.8343728709345,82.6682512157208,80.79440214098011,85.43206554734218,Estimación adecuada
Maricao,2010-2014,1,79.04935434129955,77.03796432561077,75.62234530079725,79.16267036818635,Estimación adecuada
Maricao,2010-2014,2,85.38262416159306,84.1976692668337,81.97485838264855,86.94519107500065,Estimación adecuada
Maricao,2015-2019,1,75.9434798557716,77.5405387064144,76.10447098575499,79.30006373040455,> e0 observado
Maricao,2015-2019,2,84.61957806845884,84.90429660916786,82.83093695918929,89.43639527396961,Estimación adecuada
Maricao,2020-2024,1,79.16749288390119,77.949341126491845,76.10195277496177,80.07616546339794,Estimación adecuada
Maricao,2020-2024,2,81.69399894223088,82.97343288373338,81.36362803056787,85.05289312367393,Estimación adecuada
Maunabo,1980-1984,1,70.13828285928952,70.98005092469845,69.96370918170777,72.31677558820627,Estimación adecuada
Maunabo,1980-1984,2,78.03505275183711,78.10988340180876,76.47133430003899,79.60014384090793,Estimación adecuada
Maunabo,1985-1989,1,71.79335845882552,71.48605431142695,70.27310059992482,72.92991131439834,Estimación adecuada
Maunabo,1985-1989,2,78.98199603850586,78.30538843176436,76.90401525898807,80.00632755032782,Estimación adecuada
Maunabo,1990-1994,1,71.62427764928084,71.47845187661832,70.44994787877694,72.56407956857252,Estimación adecuada
Maunabo,1990-1994,2,79.09684748806583,79.09630988378169,77.40065786143381,80.70413175703291,Estimación adecuada
Maunabo,1995-1999,1,70.88676873698356,71.11159373582572,69.72371898106243,72.3321438500665,Estimación adecuada
Maunabo,1995-1999,2,78.05439188273958,78.7030754932175,77.16574115472463,80.55503368697347,Estimación adecuada
Maunabo,2000-2004,1,73.58391370976629,73.55869708083294,72.52811148283931,74.82715367443262,Estimación adecuada
Maunabo,2000-2004,2,81.32886430566543,80.59710601240388,78.99347490132101,82.12367356129133,Estimación adecuada
Maunabo,2005-2009,1,74.6207929311444,74.28295342949602,73.1443767749331,75.47683523339782,Estimación adecuada
Maunabo,2005-2009,2,82.76860947889763,82.30147974885641,80.51833907523132,84.31399546734036,Estimación adecuada
Maunabo,2010-2014,1,74.13622332856447,74.8900620995936,73.78125747014634,76.25877199576284,Estimación adecuada
Maunabo,2010-2014,2,81.75027752903156,83.01573811538009,80.68428285266617,85.54153466970601,Estimación adecuada
Maunabo,2015-2019,1,78.8001203173667,77.49510881165378,76.35141980664079,78.76742727314128,< e0 observado
Maunabo,2015-2019,2,85.43292345536871,84.30206138560514,82.17614044174115,86.4428049226643,Estimación adecuada
Maunabo,2020-2024,1,73.91849099622682,76.23073988195232,74.95054598950564,77.950689379865,> e0 observado
Maunabo,2020-2024,2,82.20555749171072,82.50458975983166,81.25711473722535,84.13226032740772,Estimación adecuada
Mayaguez,1980-1984,1,70.09179733244709,70.17972442304313,69.5327785517376,70.83774963877053,Estimación adecuada
Mayaguez,1980-1984,2,77.22958502569045,76.87952677133765,76.32838483429512,77.49989624463745,Estimación adecuada
Mayaguez,1985-1989,1,70.41674398606683,70.50487602069236,69.9167540468414,71.19837095278325,Estimación adecuada
Mayaguez,1985-1989,2,77.63659171270862,77.54709711730928,76.60350459060373,78.02230987488127,Estimación adecuada
Mayaguez,1990-1994,1,70.00141078513332,70.0889379445706,69.42852273137659,70.5324837241597,Estimación adecuada
Mayaguez,1990-1994,2,78.08075232642233,77.80119160270016,77.12018358654797,78.44900035966913,Estimación adecuada
Mayaguez,1995-1999,1,70.50308013176787,70.5309879466668,69.88195745235322,71.14816345900635,Estimación adecuada
Mayaguez,1995-1999,2,79.26163722787716,78.93347405766451,78.32483458170148,79.6523468637748,Estimación adecuada
Mayaguez,2000-2004,1,73.48047762129457,73.31280397509566,72.78188117733848,73.98795573038723,Estimación adecuada
Mayaguez,2000-2004,2,81.12771029274553,80.79446171631301,80.07328003566076,81.43480248009183,Estimación adecuada
Mayaguez,2005-2009,1,73.40273101369954,73.51435513580878,72.97170840033797,74.02734539582517,Estimación adecuada
Mayaguez,2005-2009,2,80.6810810358161,80.53166884867872,79.84229744752069,81.26418121691474,Estimación adecuada
Mayaguez,2010-2014,1,74.52586467868677,74.49372109136695,73.82193891746198,74.97867100107314,Estimación adecuada
Mayaguez,2010-2014,2,81.56750821062661,81.51714482658386,80.64511416518401,82.38268801394165,Estimación adecuada
Mayaguez,2015-2019,1,76.83058959636736,76.84094773714497,75.81943194579422,77.70229573331137,Estimación adecuada
Mayaguez,2015-2019,2,83.3770051957539,83.31288942546293,82.24053650742974,84.74179170432032,Estimación adecuada
Mayaguez,2020-2024,1,74.95352000842382,75.49637283054756,74.53007042005396,76.32358712898841,Estimación adecuada
Mayaguez,2020-2024,2,82.99815761978024,83.07021678150045,82.27503873142216,83.79863875043499,Estimación adecuada
Moca,1980-1984,1,71.11343600984674,71.93407126917575,70.93687737643226,72.85058847918916,Estimación adecuada
Moca,1980-1984,2,77.2943627129694,77.67246039300946,76.61968565866783,78.64011382062773,Estimación adecuada
Moca,1985-1989,1,74.0253858839871,73.1630544639163,72.07092737626158,74.24140678935619,Estimación adecuada
Moca,1985-1989,2,78.0945727803436,78.21910974941169,77.26400969847191,79.75983995020313,Estimación adecuada
Moca,1990-1994,1,73.771995299068,73.16569484387115,71.87403875205791,74.54013103523147,Estimación adecuada
Moca,1990-1994,2,79.11927733151724,78.89250256972198,77.84899705506132,79.6944501026239,Estimación adecuada
Moca,1995-1999,1,73.76737517189935,73.23556137819594,72.32096902537351,74.03062044369081,Estimación adecuada
Moca,1995-1999,2,79.24270262166925,78.8680471950605,78.01921891673544,79.89387998059067,Estimación adecuada
Moca,2000-2004,1,75.7790728383665,75.10352960152842,74.21519472414343,76.00096386962359,Estimación adecuada
Moca,2000-2004,2,80.01571967106842,80.25411018497576,79.41883413830857,81.56231656397776,Estimación adecuada
Moca,2005-2009,1,77.43447785782071,76.49170613443232,75.6578932731428,77.37347671651494,< e0 observado
Moca,2005-2009,2,80.60721260017334,80.75676304088071,79.98225992264358,81.72126038664496,Estimación adecuada
Moca,2010-2014,1,78.19647620204239,77.52111616611668,76.68521562560602,78.48934748330362,Estimación adecuada
Moca,2010-2014,2,82.19892914736408,82.25093894485477,81.33374412170528,83.56170700465266,Estimación adecuada
Moca,2015-2019,1,77.96768536823056,77.69961919901881,76.78772511733402,78.65562066950386,Estimación adecuada
Moca,2015-2019,2,83.39934024768473,83.39543464120928,82.07429299897439,85.0722226707175,Estimación adecuada
Moca,2020-2024,1,78.96698932299425,78.66296532686124,77.72795826566215,79.90495509964302,Estimación adecuada
Moca,2020-2024,2,82.88110231796045,83.06757040091242,82.25497203359137,84.21627673631914,Estimación adecuada
Morovis,1980-1984,1,72.80529380768037,72.57786104361932,71.38801527801954,73.75034561935851,Estimación adecuada
Morovis,1980-1984,2,79.4012602571297,79.0369618761593,77.77717145782344,80.48423692663923,Estimación adecuada
Morovis,1985-1989,1,72.88272939750374,72.62792312940846,71.69444238334897,73.7325084137515,Estimación adecuada
Morovis,1985-1989,2,79.26262341032209,79.12647404186211,77.5376550340042,80.5993809849966,Estimación adecuada
Morovis,1990-1994,1,73.46124859077305,72.68703767356305,72.01218807175226,73.6895805795831,Estimación adecuada
Morovis,1990-1994,2,78.201202272639,78.39024352412298,77.30232009204047,79.70187758209545,Estimación adecuada
Morovis,1995-1999,1,72.31826971794793,72.26420697817096,71.23249807707987,73.30371639118599,Estimación adecuada
Morovis,1995-1999,2,80.36906453603657,80.03050954573291,78.41969569511109,81.30360932222705,Estimación adecuada
Morovis,2000-2004,1,73.97363035465989,74.33785969339743,73.32992161114737,75.2649055898949,Estimación adecuada
Morovis,2000-2004,2,82.07142315973367,81.70630839261057,80.31269766082895,83.6633813372209,Estimación adecuada
Morovis,2005-2009,1,76.34336685773847,75.75092075127066,74.39470494848761,76.98939182609323,Estimación adecuada
Morovis,2005-2009,2,82.9914966125549,82.37171392043919,80.98618519636905,83.39584622192206,Estimación adecuada
Morovis,2010-2014,1,76.94077453558744,77.10231715563253,75.80691072672622,78.31179162979564,Estimación adecuada
Morovis,2010-2014,2,82.21823626719424,82.13192546032414,80.67271012012901,83.48463385120225,Estimación adecuada
Morovis,2015-2019,1,77.7983439936759,77.4699499549767,76.4708479351051,78.44857329352156,Estimación adecuada
Morovis,2015-2019,2,84.37821930950437,83.95541189534512,82.87462617381908,85.79436054084059,Estimación adecuada
Morovis,2020-2024,1,76.5724132869901,77.43705153300888,76.44324269930732,78.58901422736335,Estimación adecuada
Morovis,2020-2024,2,84.41912531351196,84.68410165262935,83.12908851864145,86.28185713944482,Estimación adecuada
Naguabo,1980-1984,1,70.48369532958223,70.81586934806987,69.53376713531621,71.6950736129341,Estimación adecuada
Naguabo,1980-1984,2,76.70482340379503,76.78063122485594,75.4098658716336,78.33363147722508,Estimación adecuada
Naguabo,1985-1989,1,70.44469745030447,70.52642650427731,69.43302824683232,72.07587779808586,Estimación adecuada
Naguabo,1985-1989,2,76.68834445118993,76.66016396656687,75.51854234746676,77.93865211940695,Estimación adecuada
Naguabo,1990-1994,1,69.7021713172745,69.80535007914739,68.58897582973655,70.8889377964669,Estimación adecuada
Naguabo,1990-1994,2,77.08944593204636,77.32591450725536,76.1198689406933,78.46911091859536,Estimación adecuada
Naguabo,1995-1999,1,69.75713695161257,70.30259541156427,69.34898460036646,71.20215700048442,Estimación adecuada
Naguabo,1995-1999,2,76.33982360053078,76.65480949269741,75.77580115054084,77.81502307439104,Estimación adecuada
Naguabo,2000-2004,1,71.99304081177536,72.05851384356953,71.06350474010227,73.273639017784,Estimación adecuada
Naguabo,2000-2004,2,79.62125593308062,79.67775904921677,78.4538512217593,81.09279607147208,Estimación adecuada
Naguabo,2005-2009,1,73.63852223364158,73.57206593236737,72.48412460946588,74.82245137135392,Estimación adecuada
Naguabo,2005-2009,2,80.2437814052644,80.21807121526453,79.08326669618683,81.4194371742757,Estimación adecuada
Naguabo,2010-2014,1,74.73143277256149,74.50822538371669,73.33452759481536,75.57746084512871,Estimación adecuada
Naguabo,2010-2014,2,81.98995197621599,81.52417249222859,79.99179181080183,83.23955101429948,Estimación adecuada
Naguabo,2015-2019,1,75.66835016487967,75.69028958102,74.70026149425573,76.77346036105158,Estimación adecuada
Naguabo,2015-2019,2,83.87871077791173,83.14892181591952,81.53000957040707,84.96108680783703,Estimación adecuada
Naguabo,2020-2024,1,76.12675884557581,75.93527333090105,74.7176509496154,77.05479313052271,Estimación adecuada
Naguabo,2020-2024,2,80.48845466121584,80.9616896760563,80.10677196678192,82.1719521848324,Estimación adecuada
Naranjito,1980-1984,1,74.8300709397492,73.919816434321,72.47984403531419,75.43701893369624,Estimación adecuada
Naranjito,1980-1984,2,80.69345478303566,79.35564355685563,78.33287071045426,81.06536432698164,Estimación adecuada
Naranjito,1985-1989,1,74.10579727886157,73.22504739974605,72.2771288193577,74.20423788441016,Estimación adecuada
Naranjito,1985-1989,2,79.89264586770456,79.48519910296972,78.32815098810977,80.84579735854237,Estimación adecuada
Naranjito,1990-1994,1,72.56519086073246,72.52750748746634,71.3341996591711,73.79574007352625,Estimación adecuada
Naranjito,1990-1994,2,79.99011310296761,80.06047555554781,78.94892489313614,81.64616814091347,Estimación adecuada
Naranjito,1995-1999,1,71.69417797489601,71.9833752741437,71.01291058598184,73.03325589370661,Estimación adecuada
Naranjito,1995-1999,2,78.65590036506016,78.86962457741932,77.75187939820313,80.1777745681272,Estimación adecuada
Naranjito,2000-2004,1,74.63277957895157,74.52361486964165,73.24478543810362,75.58588327812927,Estimación adecuada
Naranjito,2000-2004,2,81.3237249014267,80.93787229025996,79.3790598620951,82.11975293827932,Estimación adecuada
Naranjito,2005-2009,1,75.99855541657749,76.04191372714253,74.77644738611117,77.01840335928163,Estimación adecuada
Naranjito,2005-2009,2,80.48766591095897,80.94957897856513,79.74915827040444,82.06580286641659,Estimación adecuada
Naranjito,2010-2014,1,78.06867941838863,77.27911277555856,75.85591309697443,78.48798936936346,Estimación adecuada
Naranjito,2010-2014,2,82.65070714576854,83.49965141970873,82.24517717213666,84.96101557620327,Estimación adecuada
Naranjito,2015-2019,1,79.07638205268566,78.8487150456798,77.72243800632614,80.50376014502143,Estimación adecuada
Naranjito,2015-2019,2,84.11022620297788,84.2759913175318,83.11524454950334,87.49232733177215,Estimación adecuada
Naranjito,2020-2024,1,76.47036321030664,77.31136500340193,76.37721119016564,78.52940358403481,Estimación adecuada
Naranjito,2020-2024,2,85.5464479801685,84.92059821908482,84.00674813062534,86.24003210956985,Estimación adecuada
Orocovis,1980-1984,1,72.72906692402154,72.86698189201938,71.50971919460389,74.43358696488774,Estimación adecuada
Orocovis,1980-1984,2,77.86142907197836,78.01543114833365,76.97490142592184,79.12268375494426,Estimación adecuada
Orocovis,1985-1989,1,72.85091777930474,72.61298999468552,71.41318076702379,73.50807582482025,Estimación adecuada
Orocovis,1985-1989,2,81.29104528741894,80.21986315013945,78.34210833416824,82.2521463503401,Estimación adecuada
Orocovis,1990-1994,1,70.60058860243554,71.29142933953152,70.14496628293661,72.30052608997224,Estimación adecuada
Orocovis,1990-1994,2,79.22798864217876,79.29511533787527,77.88670921357019,80.88063531711117,Estimación adecuada
Orocovis,1995-1999,1,73.60340094554903,72.96656972280982,71.93185096462727,74.3856392489359,Estimación adecuada
Orocovis,1995-1999,2,79.1323714581045,79.18507015645926,77.97379562112381,80.7581677269306,Estimación adecuada
Orocovis,2000-2004,1,74.41328939577895,74.30995895563031,73.20907682372726,75.39257433810937,Estimación adecuada
Orocovis,2000-2004,2,81.98882610565248,81.60848710387977,80.36172484102028,83.58332616734364,Estimación adecuada
Orocovis,2005-2009,1,75.69132995813912,75.54050354411575,74.41870327843873,76.86219779950972,Estimación adecuada
Orocovis,2005-2009,2,81.16474437290852,81.18647684698863,79.88539087709708,82.9575013726529,Estimación adecuada
Orocovis,2010-2014,1,77.47293959080197,76.56498724168648,75.54846584896612,77.83370880014351,Estimación adecuada
Orocovis,2010-2014,2,82.46422909398777,82.39772329327859,80.9348051796664,83.51953224861425,Estimación adecuada
Orocovis,2015-2019,1,77.35676485837183,77.49823193945048,76.1548065992138,78.94254446457603,Estimación adecuada
Orocovis,2015-2019,2,82.90814367717783,83.35153634481925,82.14900797154897,85.18523882529891,Estimación adecuada
Orocovis,2020-2024,1,77.73083936028473,78.09288541579093,76.76610223903705,79.48019530872136,Estimación adecuada
Orocovis,2020-2024,2,84.6638967531392,84.35997016505914,82.58716031745203,85.98872050008526,Estimación adecuada
Patillas,1980-1984,1,70.55498490297911,71.18556355115697,70.15275851300075,72.41019157356119,Estimación adecuada
Patillas,1980-1984,2,77.0770202211618,77.05507448127354,75.88198226716523,78.56236900637667,Estimación adecuada
Patillas,1985-1989,1,71.25670097594359,70.58661796562946,69.76739799562168,71.7456691702933,Estimación adecuada
Patillas,1985-1989,2,78.52218489703665,77.81104100129873,76.54246326653677,79.14300234973686,Estimación adecuada
Patillas,1990-1994,1,71.56271664381397,71.11000476418991,69.88640127801543,72.12615703376137,Estimación adecuada
Patillas,1990-1994,2,78.21041224275784,78.05392225963746,76.90995811486523,79.23890921377397,Estimación adecuada
Patillas,1995-1999,1,70.48119697035862,70.83298561953515,69.88942752736202,72.27554366000889,Estimación adecuada
Patillas,1995-1999,2,78.32984154966495,78.04924893932781,77.024174730183,79.29841209041099,Estimación adecuada
Patillas,2000-2004,1,73.8506423505799,73.48893361745712,72.49197742034983,74.72185095943024,Estimación adecuada
Patillas,2000-2004,2,78.89047804478727,79.40712195737993,78.33573953397627,80.48406210415851,Estimación adecuada
Patillas,2005-2009,1,74.72830936453121,74.26980371328199,73.16991791127526,75.28616195222978,Estimación adecuada
Patillas,2005-2009,2,81.28824320891759,80.61039542061827,79.43669600549421,81.97597784379803,Estimación adecuada
Patillas,2010-2014,1,74.39053304702408,75.08077121002854,74.21026465126073,76.47311650088679,Estimación adecuada
Patillas,2010-2014,2,82.75635913628088,82.40528536330142,81.0674317728534,84.034344405419,Estimación adecuada
Patillas,2015-2019,1,76.86618907697726,76.60544088666576,75.35131557171306,78.5153673629232,Estimación adecuada
Patillas,2015-2019,2,82.23962226875904,83.19025533897054,81.70775258985682,85.26828015388531,Estimación adecuada
Patillas,2020-2024,1,75.4708231409884,76.27552579779487,75.33451216101534,77.33513197313206,Estimación adecuada
Patillas,2020-2024,2,81.26412060094087,83.43061124675808,81.61349866927964,85.4814251017394,> e0 observado
Penuelas,1980-1984,1,72.27798445770397,71.46676923524726,70.2900145525145,72.54033729482775,Estimación adecuada
Penuelas,1980-1984,2,77.33970023574763,77.10543899040397,76.18100243389966,78.5292341659418,Estimación adecuada
Penuelas,1985-1989,1,72.6512008048289,71.71244412840477,70.37146011510151,72.80155191590649,Estimación adecuada
Penuelas,1985-1989,2,78.13460142491375,77.77255836682282,76.58010833774294,79.07098931570222,Estimación adecuada
Penuelas,1990-1994,1,71.36471051895568,70.9898149313269,69.77131061001128,71.86335732647953,Estimación adecuada
Penuelas,1990-1994,2,77.08244604683108,77.39641726344931,76.15595334122085,78.825947109286,Estimación adecuada
Penuelas,1995-1999,1,72.40041082795156,71.5855745387235,70.82004538150605,72.64063173417065,Estimación adecuada
Penuelas,1995-1999,2,77.91400298727116,78.44215492395585,77.24436196039792,79.84636094733395,Estimación adecuada
Penuelas,2000-2004,1,73.02235424202694,72.84557722490607,71.7253494141218,73.72001686218621,Estimación adecuada
Penuelas,2000-2004,2,79.70474254601908,79.88264315457415,78.3301177852824,81.53838301141478,Estimación adecuada
Penuelas,2005-2009,1,74.19447140506774,74.09519493140769,73.10658751810325,75.03802999470719,Estimación adecuada
Penuelas,2005-2009,2,82.82182297803345,81.93871443156476,80.08765435690648,84.10434312071268,Estimación adecuada
Penuelas,2010-2014,1,76.18527271846138,76.04433111211688,74.90653302455627,77.60965811994544,Estimación adecuada
Penuelas,2010-2014,2,82.19700284432516,81.77097203362737,80.44702555224762,83.15566420665064,Estimación adecuada
Penuelas,2015-2019,1,76.6984305625057,76.44656786359423,75.63370204637562,77.76251644317897,Estimación adecuada
Penuelas,2015-2019,2,82.36592815441142,82.33306327758959,80.7799775701321,83.5603010153217,Estimación adecuada
Penuelas,2020-2024,1,78.04011712935521,77.13505083982797,75.98981669200245,78.54305709663092,Estimación adecuada
Penuelas,2020-2024,2,82.94330666513721,82.8729846996784,81.34576641092235,84.04400096098087,Estimación adecuada
Ponce,1980-1984,1,70.79757590723455,70.71575654153872,70.19143088449117,71.14037244219185,Estimación adecuada
Ponce,1980-1984,2,77.69176448647929,77.38465507144326,76.78792983978256,77.83799883789875,Estimación adecuada
Ponce,1985-1989,1,68.73491444566098,68.9380408495244,68.37305873660883,69.36515431152554,Estimación adecuada
Ponce,1985-1989,2,77.1681269456539,76.96813811111375,76.42570810187212,77.59880904417781,Estimación adecuada
Ponce,1990-1994,1,67.87000405490816,68.11874201990733,67.66766553213037,68.6060771786616,Estimación adecuada
Ponce,1990-1994,2,77.41802519464895,77.45882251090134,76.9849151617917,77.93216028126989,Estimación adecuada
Ponce,1995-1999,1,68.70736104757084,68.93269834928016,68.37614441109505,69.2954832844542,Estimación adecuada
Ponce,1995-1999,2,78.1717886455677,78.07992233722926,77.63934488187726,78.6290855949829,Estimación adecuada
Ponce,2000-2004,1,71.81469924793727,71.92599468507731,71.3518517449184,72.43200416782604,Estimación adecuada
Ponce,2000-2004,2,80.03988166123872,79.81913785234221,79.35127869809489,80.3186035763105,Estimación adecuada
Ponce,2005-2009,1,72.13379566134937,72.3360694929589,71.8312887492888,72.78093280866179,Estimación adecuada
Ponce,2005-2009,2,80.92465731160068,80.7663731362024,80.2432999759636,81.2911422605512,Estimación adecuada
Ponce,2010-2014,1,74.26303296359087,74.31430523504619,73.60230938224566,74.79375884174124,Estimación adecuada
Ponce,2010-2014,2,81.29189056488079,81.22241956214596,80.75727840430756,81.79483751668398,Estimación adecuada
Ponce,2015-2019,1,75.23911694080613,75.45156482043444,74.88944529302388,76.00490914293812,Estimación adecuada
Ponce,2015-2019,2,82.79138341506837,82.68902433201528,81.95973959970905,83.45156031814105,Estimación adecuada
Ponce,2020-2024,1,75.28481781442848,75.31916755975668,74.5955046599335,76.1129669255086,Estimación adecuada
Ponce,2020-2024,2,83.96923954301161,83.55310130460657,83.11814195364084,84.10889825614476,Estimación adecuada
Quebradillas,1980-1984,1,71.52170880548245,71.4006769660244,70.47570170841661,72.78490913438303,Estimación adecuada
Quebradillas,1980-1984,2,79.14850632295519,78.210819652932,76.84664667603013,79.74101845065519,Estimación adecuada
Quebradillas,1985-1989,1,70.57150285208294,70.81641259041834,69.62439708449729,71.68488596248972,Estimación adecuada
Quebradillas,1985-1989,2,77.63402051730175,77.33457933671653,76.37098412139403,78.48055329718669,Estimación adecuada
Quebradillas,1990-1994,1,71.73795914915502,71.33998500641053,70.18266612316054,72.52523534436853,Estimación adecuada
Quebradillas,1990-1994,2,79.25521435019591,78.26106745537246,77.2049358399268,79.47305790568197,Estimación adecuada
Quebradillas,1995-1999,1,72.42498980653662,71.57690225272611,70.47634239351456,72.3908672903747,< e0 observado
Quebradillas,1995-1999,2,78.91218705703014,78.66024259198156,77.57352604603679,79.98460786481692,Estimación adecuada
Quebradillas,2000-2004,1,73.67704884936512,73.2320347695339,72.32377003389644,74.13847750515897,Estimación adecuada
Quebradillas,2000-2004,2,79.62466146179207,79.61142939299285,78.42974578537613,80.68615869898863,Estimación adecuada
Quebradillas,2005-2009,1,75.99402732192543,74.77016810946557,73.53039654272109,75.85303511173234,< e0 observado
Quebradillas,2005-2009,2,81.61178098691944,81.27080202472432,79.78611468481985,83.08035672715798,Estimación adecuada
Quebradillas,2010-2014,1,76.3712230986453,75.94589127495492,74.63169319100078,77.04132756336088,Estimación adecuada
Quebradillas,2010-2014,2,82.01748516464768,81.92479857731223,80.83955958748106,83.58918716659772,Estimación adecuada
Quebradillas,2015-2019,1,76.93526106356025,76.66194945194613,75.46904928066695,77.75511093633114,Estimación adecuada
Quebradillas,2015-2019,2,82.39762519917137,82.17861713117918,81.00106058947571,83.84123122947727,Estimación adecuada
Quebradillas,2020-2024,1,78.36972561624829,77.31714621988077,75.8669373227253,78.36695171890878,< e0 observado
Quebradillas,2020-2024,2,83.83938815945945,83.55529296086388,82.01018055792213,85.11369737385104,Estimación adecuada
Rincon,1980-1984,1,70.28175823718377,71.90218370456981,70.71159505264598,73.1982749003356,> e0 observado
Rincon,1980-1984,2,77.86028564943418,78.0836377563379,76.7320338266623,79.81477149823937,Estimación adecuada
Rincon,1985-1989,1,72.79300750474727,72.41757246351006,70.95959553896247,73.79176901975457,Estimación adecuada
Rincon,1985-1989,2,77.81113727000096,78.26918049560999,76.95650570938241,79.66961758694845,Estimación adecuada
Rincon,1990-1994,1,73.59609187409953,72.65065806237105,71.45623033473802,73.82252132354193,Estimación adecuada
Rincon,1990-1994,2,79.50096293780544,78.90010680522309,77.82904094719588,80.26601707677176,Estimación adecuada
Rincon,1995-1999,1,71.72035155931661,71.66562734220997,70.4838826158784,72.76089912731281,Estimación adecuada
Rincon,1995-1999,2,79.65114022819773,79.54753103405855,77.95714242768602,81.21243619351213,Estimación adecuada
Rincon,2000-2004,1,74.82224982508568,74.47148223774113,73.07390556521933,75.41031580957609,Estimación adecuada
Rincon,2000-2004,2,81.93995292079917,81.14558661332615,79.77743708635326,82.48777857591638,Estimación adecuada
Rincon,2005-2009,1,76.31632296161625,75.37728441522671,74.21170356735409,76.58463234912332,Estimación adecuada
Rincon,2005-2009,2,80.19694141801982,80.66974442956929,79.44917762085284,81.79276502172843,Estimación adecuada
Rincon,2010-2014,1,78.30482756788419,76.8755589447647,75.56142107747623,78.14394694255259,< e0 observado
Rincon,2010-2014,2,82.87640830916857,82.93709425333677,81.07777227887888,84.82901923564606,Estimación adecuada
Rincon,2015-2019,1,77.98704018699623,77.89084487561229,76.70434936042471,79.57985218444416,Estimación adecuada
Rincon,2015-2019,2,84.84410804370212,84.74970870092133,82.74716411712606,87.30748833888981,Estimación adecuada
Rincon,2020-2024,1,77.49705120190244,77.85244671787751,76.42383858502005,79.71571162145693,Estimación adecuada
Rincon,2020-2024,2,86.03888323166304,85.19638535791698,83.71124534121537,86.59924308947888,Estimación adecuada
Rio Grande,1980-1984,1,70.59418766740976,70.84305344659961,69.4583389325567,71.83914518778738,Estimación adecuada
Rio Grande,1980-1984,2,77.55398140702295,77.30091975923114,76.06643270362908,78.42166391464156,Estimación adecuada
Rio Grande,1985-1989,1,72.59023669040704,71.89698197916235,70.85319711555073,72.76552292118706,Estimación adecuada
Rio Grande,1985-1989,2,78.55731012506857,78.02055897515133,77.04601872850412,79.25595515371727,Estimación adecuada
Rio Grande,1990-1994,1,69.717985325973,70.10018958278602,69.29071646091208,70.89727916533948,Estimación adecuada
Rio Grande,1990-1994,2,78.96458431840854,78.76421608262851,77.55275378036691,79.72985661027086,Estimación adecuada
Rio Grande,1995-1999,1,68.87879306733795,69.69863194425287,68.50081412637661,70.35762844211368,Estimación adecuada
Rio Grande,1995-1999,2,78.53998397637898,78.46903661011194,77.57015181626579,79.42937633943211,Estimación adecuada
Rio Grande,2000-2004,1,73.18205472982412,73.132716481821,72.34950041968563,73.95313608259039,Estimación adecuada
Rio Grande,2000-2004,2,80.78016465755545,80.6438408266116,79.67833172802733,81.7611213318273,Estimación adecuada
Rio Grande,2005-2009,1,73.85463447947836,74.14654854432395,73.20211252044791,75.02939757605598,Estimación adecuada
Rio Grande,2005-2009,2,80.47662287694773,80.14979913149207,79.37669004106444,81.0751945768144,Estimación adecuada
Rio Grande,2010-2014,1,75.2247195751494,75.15726931682724,74.40302262648984,76.40790542293844,Estimación adecuada
Rio Grande,2010-2014,2,81.51611565053939,81.35476145797654,80.47638650114044,82.44139489498822,Estimación adecuada
Rio Grande,2015-2019,1,77.23180374680149,77.17667899417236,75.97247073869406,78.21175129042419,Estimación adecuada
Rio Grande,2015-2019,2,84.62275704771446,84.11698396778849,83.29651260216386,85.18446140518995,Estimación adecuada
Rio Grande,2020-2024,1,75.61103689813268,76.0906504303133,75.1594500450906,77.41939105671258,Estimación adecuada
Rio Grande,2020-2024,2,83.08292382908957,83.40890116561776,82.25623259401527,85.21948663725331,Estimación adecuada
Sabana Grande,1980-1984,1,72.3729900589485,71.46100454668344,70.48614339116325,72.56243241270502,Estimación adecuada
Sabana Grande,1980-1984,2,76.89450243904275,77.2130162463057,76.21720821729976,78.3027208223038,Estimación adecuada
Sabana Grande,1985-1989,1,72.51481223017252,71.90230938487014,70.77889706611296,72.92079657082853,Estimación adecuada
Sabana Grande,1985-1989,2,78.82745925315902,78.1252832946825,76.98799939572926,79.46170576603083,Estimación adecuada
Sabana Grande,1990-1994,1,71.94187750193456,71.35456204705562,70.56213807916416,72.57721266035809,Estimación adecuada
Sabana Grande,1990-1994,2,77.20864393760964,77.31414151894708,76.51084755338834,78.23437912035985,Estimación adecuada
Sabana Grande,1995-1999,1,72.37053165080943,71.7048373900247,70.55839495008331,72.60276775304216,Estimación adecuada
Sabana Grande,1995-1999,2,77.23108403511011,77.1773744892168,76.48029845221885,78.00497772157456,Estimación adecuada
Sabana Grande,2000-2004,1,74.64986327086396,73.86083833323366,72.86527845439211,74.97352789813158,Estimación adecuada
Sabana Grande,2000-2004,2,79.35818188676546,79.8270608865687,78.70545688408629,80.93791675463731,Estimación adecuada
Sabana Grande,2005-2009,1,75.6276167481763,74.57700816967657,73.42143983816663,75.84181272909342,Estimación adecuada
Sabana Grande,2005-2009,2,79.77819204435576,80.19637110413512,79.11747914029347,81.90886951240276,Estimación adecuada
Sabana Grande,2010-2014,1,74.78201538562976,74.90730363817184,74.11989747527869,76.13996042926871,Estimación adecuada
Sabana Grande,2010-2014,2,82.75997741329729,82.28105890376631,81.00150567651878,83.50529121417046,Estimación adecuada
Sabana Grande,2015-2019,1,76.85666103298253,76.58005815936139,75.06079581060132,77.72509565813132,Estimación adecuada
Sabana Grande,2015-2019,2,82.80948263131025,82.40869231992058,81.36761016979187,83.55398447796141,Estimación adecuada
Sabana Grande,2020-2024,1,75.28065531030015,75.8948257918148,74.85694652709415,76.90272343349056,Estimación adecuada
Sabana Grande,2020-2024,2,82.0978932995179,83.19741903656283,81.95517248664675,84.81327139876625,Estimación adecuada
Salinas,1980-1984,1,69.01986735559693,69.54429904384747,68.52293810508704,70.4305421150521,Estimación adecuada
Salinas,1980-1984,2,76.98297115042409,76.89382278913774,75.39984693943151,78.24157656829485,Estimación adecuada
Salinas,1985-1989,1,67.79265862942536,68.88326039183042,67.64412736580263,69.84122629039547,Estimación adecuada
Salinas,1985-1989,2,76.44602283644646,76.59781436774007,75.75956931433349,77.50799562395193,Estimación adecuada
Salinas,1990-1994,1,68.6841179175196,69.15414773871373,68.37179791574158,70.48216837868713,Estimación adecuada
Salinas,1990-1994,2,77.09930703125315,77.34244848182485,75.93455523829219,78.49211826480376,Estimación adecuada
Salinas,1995-1999,1,69.23146269311026,69.45494448909346,68.55314257891479,70.26617757779044,Estimación adecuada
Salinas,1995-1999,2,78.75842131061746,78.35443220993669,77.3634718038097,79.68884847224558,Estimación adecuada
Salinas,2000-2004,1,72.76636692736702,72.63625713156883,71.70901867923632,73.70486133616828,Estimación adecuada
Salinas,2000-2004,2,80.49235615663612,80.0702433005024,79.10746779468943,81.34626951873487,Estimación adecuada
Salinas,2005-2009,1,73.21142845974344,73.25815180970045,72.31004139807031,74.1082858081451,Estimación adecuada
Salinas,2005-2009,2,80.33813928741819,80.24942080553822,79.13388616523818,81.30599920050287,Estimación adecuada
Salinas,2010-2014,1,75.3748293097773,75.185310804337945,74.21932220970706,76.35256782240268,Estimación adecuada
Salinas,2010-2014,2,83.01656230018808,82.78110300570009,81.01991371500881,84.62485905020628,Estimación adecuada
Salinas,2015-2019,1,77.80202446104306,77.1273969089295,76.0815122035684,78.63988383322567,Estimación adecuada
Salinas,2015-2019,2,84.695936336907,83.71599859790587,82.30016111387235,84.92146409367348,Estimación adecuada
Salinas,2020-2024,1,76.5978333359959,76.39817350379079,75.45277606761113,77.5258871795318,Estimación adecuada
Salinas,2020-2024,2,84.82948093725749,84.0313375439381,82.45939859785491,85.49849575874671,Estimación adecuada
San German,1980-1984,1,72.25032938508316,72.07424804099082,71.0970763254315,72.90751899640827,Estimación adecuada
San German,1980-1984,2,76.47190523891047,76.77807198412633,75.78394574755023,77.89900912238723,Estimación adecuada
San German,1985-1989,1,73.16113469948746,72.40555117810739,71.65989228347865,73.11043642406548,< e0 observado
San German,1985-1989,2,78.36409577769147,78.10468299492342,77.13321993036634,79.16999298650924,Estimación adecuada
San German,1990-1994,1,72.35688105504305,71.87813292160479,70.91729742190616,72.66192349498425,Estimación adecuada
San German,1990-1994,2,78.34360703211838,78.44161084064508,77.58987304026147,79.82487922799027,Estimación adecuada
San German,1995-1999,1,73.28662483041799,72.76325152886466,71.8255919276875,73.65599998855038,Estimación adecuada
San German,1995-1999,2,78.46162595942616,78.7427505652878,77.83404323779811,79.89123923884007,Estimación adecuada
San German,2000-2004,1,74.85200199499089,74.26456645990176,73.28612034425325,75.19067800696915,Estimación adecuada
San German,2000-2004,2,79.18802488909238,79.46238128396018,78.38058455230765,80.43580214877309,Estimación adecuada
San German,2005-2009,1,74.36596502991121,74.2733154525967,73.31848332219717,74.98963658604234,Estimación adecuada
San German,2005-2009,2,81.09678790975268,81.14951884372923,80.20263614342737,82.02447664305603,Estimación adecuada
San German,2010-2014,1,76.98841277082703,76.0866005025363,75.26031373885228,77.06707581743616,Estimación adecuada
San German,2010-2014,2,81.67156186236672,81.8788595209721,80.36196359755914,83.08200634139888,Estimación adecuada
San German,2015-2019,1,78.08795578671132,77.16231182297196,76.344086635476,78.10317290061994,Estimación adecuada
San German,2015-2019,2,81.95790403202054,82.34703362989944,81.3828558349361,83.58526357255661,Estimación adecuada
San German,2020-2024,1,77.68378080074706,77.08556630467842,76.31451112705878,78.26874009234325,Estimación adecuada
San German,2020-2024,2,82.86606747430847,83.40449211348079,82.54356845592325,84.4087934278337,Estimación adecuada
San Juan,1980-1984,1,68.26137226936552,68.41025789457393,68.04266719852137,68.76052281708398,Estimación adecuada
San Juan,1980-1984,2,77.98175300417972,77.86636631461477,77.4675179911462,78.18511330981832,Estimación adecuada
San Juan,1985-1989,1,66.96744464005974,67.10357853203146,66.76603601844874,67.42699845205408,Estimación adecuada
San Juan,1985-1989,2,78.26875532864007,78.17833746530101,77.80516218683931,78.46977382347845,Estimación adecuada
San Juan,1990-1994,1,64.45177451257833,64.71127295291657,64.28625154257657,65.15892368996093,Estimación adecuada
San Juan,1990-1994,2,77.9510862091286,77.97940123066039,77.6078307249042,78.4687044213141,Estimación adecuada
San Juan,1995-1999,1,66.88645464614926,67.04075910053919,66.68798712489618,67.40373502276773,Estimación adecuada
San Juan,1995-1999,2,78.90633925094117,78.89786886391153,78.55035626804079,79.26102343252892,Estimación adecuada
San Juan,2000-2004,1,70.87615547419726,70.96980003534216,70.55013477683906,71.29754318223968,Estimación adecuada
San Juan,2000-2004,2,80.6995291854918,80.5575112259719,80.21309368891238,81.139064356857,Estimación adecuada
San Juan,2005-2009,1,71.97949749656237,72.01894875612825,71.67336325162488,72.31404117535075,Estimación adecuada
San Juan,2005-2009,2,81.46719257058307,81.38225428816403,80.9501328553024,81.98593651380111,Estimación adecuada
San Juan,2010-2014,1,73.58705582183369,73.70708923311841,73.4145492780743,74.15679544611898,Estimación adecuada
San Juan,2010-2014,2,83.075882963197,82.9150448992103,82.46915643157335,83.5162598815839,Estimación adecuada
San Juan,2015-2019,1,74.62427503463849,74.77165116810713,74.41069864488176,75.2010655816692,Estimación adecuada
San Juan,2015-2019,2,83.61847977164665,83.58363242176893,83.04201015097686,84.13926902426832,Estimación adecuada
San Juan,2020-2024,1,74.68060576699101,74.80676621551925,74.29125582445964,75.3636161235911,Estimación adecuada
San Juan,2020-2024,2,83.7308927510581,83.57266069549328,82.99066697824799,83.9296619566965,Estimación adecuada
San Lorenzo,1980-1984,1,72.42635413000933,72.18041821362868,70.93355390151578,73.30365725754521,Estimación adecuada
San Lorenzo,1980-1984,2,77.81670293955375,77.6124345067249,76.72658100809679,78.8571693837149,Estimación adecuada
San Lorenzo,1985-1989,1,70.31303109410412,70.9558116469177,69.92194807188272,71.72319555320729,Estimación adecuada
San Lorenzo,1985-1989,2,79.25628773559832,78.36811913844657,77.43159324061493,79.72925485880678,Estimación adecuada
San Lorenzo,1990-1994,1,70.47514076088308,70.71035130082137,69.81163280870122,71.39922997861392,Estimación adecuada
San Lorenzo,1990-1994,2,79.21166721450432,78.59055854727181,77.70735506578714,79.68957043139059,Estimación adecuada
San Lorenzo,1995-1999,1,71.78826386359161,71.71445512284954,70.71914924895765,73.01594604385343,Estimación adecuada
San Lorenzo,1995-1999,2,78.28317800654982,78.18627384856558,77.38914752048656,78.98447340170668,Estimación adecuada
San Lorenzo,2000-2004,1,73.21363850026158,73.38453456152159,72.34813666645373,74.27637748582029,Estimación adecuada
San Lorenzo,2000-2004,2,80.88971470058677,80.65091083049884,79.57244702861061,81.78208797154342,Estimación adecuada
San Lorenzo,2005-2009,1,74.4561706047248,74.42077370871273,73.5870437899665,75.52660677539197,Estimación adecuada
San Lorenzo,2005-2009,2,81.16130116216382,80.73938736051605,79.66783690771909,81.9439225478019,Estimación adecuada
San Lorenzo,2010-2014,1,75.90726808814337,75.95119306602692,74.89188300140106,77.15344290103133,Estimación adecuada
San Lorenzo,2010-2014,2,82.33834359548328,81.91268513457831,80.95808436312129,83.01058677499324,Estimación adecuada
San Lorenzo,2015-2019,1,77.41407852043154,77.9704122593021,76.86139097277274,79.38022629686816,Estimación adecuada
San Lorenzo,2015-2019,2,84.87927123333901,84.08025437224526,82.83092024556511,85.98193329921968,Estimación adecuada
San Lorenzo,2020-2024,1,77.63723628696799,77.72141641317242,76.78315694662861,78.66274664693623,Estimación adecuada
San Lorenzo,2020-2024,2,84.52792721973736,84.21303790990308,83.05659292667141,85.27849236538582,Estimación adecuada
San Sebastian,1980-1984,1,73.32261995563178,72.62261433014808,71.78962918552392,73.49983098744516,Estimación adecuada
San Sebastian,1980-1984,2,76.60034177512384,76.90250977205838,75.93701907179349,77.89924340868305,Estimación adecuada
San Sebastian,1985-1989,1,71.40449158034552,71.56363164874651,70.53039402452985,72.59565606000905,Estimación adecuada
San Sebastian,1985-1989,2,78.2494081479913,78.08911778469957,77.27763762315934,79.1142646710212,Estimación adecuada
San Sebastian,1990-1994,1,72.65461832617129,72.14923412946905,71.20992559318374,72.91489373757616,Estimación adecuada
San Sebastian,1990-1994,2,78.51360518526702,78.52271357890416,77.5846577308381,79.33745458279257,Estimación adecuada
San Sebastian,1995-1999,1,72.73305281733784,72.29729033169619,71.67922899329092,73.15991877753149,Estimación adecuada
San Sebastian,1995-1999,2,78.99732008697634,78.71240092570612,77.9455056433341,79.60284971197392,Estimación adecuada
San Sebastian,2000-2004,1,74.69852788921102,74.20934261404722,73.50176058128392,74.98594466912243,Estimación adecuada
San Sebastian,2000-2004,2,79.8730465108972,79.68502131625377,79.10454262126308,80.6797774226421,Estimación adecuada
San Sebastian,2005-2009,1,76.32858026259699,75.60608901543867,74.65434839287524,76.56434534238544,Estimación adecuada
San Sebastian,2005-2009,2,81.02148849025096,80.79191800746827,80.06828669180422,81.58242094191996,Estimación adecuada
San Sebastian,2010-2014,1,76.48579589341884,76.10163714793678,75.27004345401213,77.05923538181406,Estimación adecuada
San Sebastian,2010-2014,2,81.1085929638373,81.08028943869343,80.27025990880466,82.13766779762219,Estimación adecuada
San Sebastian,2015-2019,1,78.72414223229252,77.94692976166604,76.7879507276862,78.89407778101969,Estimación adecuada
San Sebastian,2015-2019,2,82.98726266365269,82.61236325530089,81.70432764411076,83.68315056480812,Estimación adecuada
San Sebastian,2020-2024,1,77.05178335400035,76.68126731334594,75.79058450659149,77.45866138915892,Estimación adecuada
San Sebastian,2020-2024,2,82.8108916046149,83.0409287726988,81.78591803808403,84.0522157690892,Estimación adecuada
Santa Isabel,1980-1984,1,69.74935360864662,69.333065305356,68.1257904025843,70.58024572350607,Estimación adecuada
Santa Isabel,1980-1984,2,77.48214773676764,76.73685951427288,75.44093364115318,78.18760332841407,Estimación adecuada
Santa Isabel,1985-1989,1,68.73487029182523,69.28517218306868,68.27965099378844,70.35900424208683,Estimación adecuada
Santa Isabel,1985-1989,2,75.96201728298354,75.99923941162987,74.88743786702867,77.39717464613338,Estimación adecuada
Santa Isabel,1990-1994,1,66.66867298161017,68.16586711266524,66.71842053025311,69.13533240591028,> e0 observado
Santa Isabel,1990-1994,2,75.10369636586238,76.04734153774164,74.93616176233016,77.2653495348919,Estimación adecuada
Santa Isabel,1995-1999,1,68.57007945372901,69.10632347176414,67.99515228081859,70.02192923593415,Estimación adecuada
Santa Isabel,1995-1999,2,77.46416105314748,77.08292208371228,75.88308300015098,78.28738890345005,Estimación adecuada
Santa Isabel,2000-2004,1,69.06803414004598,70.4934830126772,69.34480488959338,71.92416371580842,> e0 observado
Santa Isabel,2000-2004,2,78.87142422589952,78.61332249288009,77.63562886886018,79.87010199415639,Estimación adecuada
Santa Isabel,2005-2009,1,71.59221483451837,71.94601401045487,70.89977320476717,73.15788505754831,Estimación adecuada
Santa Isabel,2005-2009,2,79.1802560425951,79.51475347643654,78.1912150539844,81.45114206582053,Estimación adecuada
Santa Isabel,2010-2014,1,74.40303161037349,74.68452743564856,73.39843974053699,76.35645138183745,Estimación adecuada
Santa Isabel,2010-2014,2,81.62107534041219,80.87037082789364,79.56488580163932,82.00024117115238,Estimación adecuada
Santa Isabel,2015-2019,1,75.05147971513351,75.20563314962985,74.1222482246943,76.34503695896734,Estimación adecuada
Santa Isabel,2015-2019,2,83.44726365345291,82.42952118153204,81.2161633530887,83.73550920746897,Estimación adecuada
Santa Isabel,2020-2024,1,73.62255334501795,74.39871652897038,73.33810427446687,75.41769128541142,Estimación adecuada
Santa Isabel,2020-2024,2,83.26527827934534,82.6594644911864,81.61514228443843,84.8177762214068,Estimación adecuada
Toa Alta,1980-1984,1,74.69235721677197,73.98879900180165,72.72763928439613,75.45300955103227,Estimación adecuada
Toa Alta,1980-1984,2,77.77753264780839,78.51269864473028,77.52178553535936,79.78569659746108,Estimación adecuada
Toa Alta,1985-1989,1,72.99256883196863,72.81740629328213,71.6845988423456,73.93418558733062,Estimación adecuada
Toa Alta,1985-1989,2,80.93859061928804,80.26377085101593,78.88762587634092,81.92400491319108,Estimación adecuada
Toa Alta,1990-1994,1,72.74148598513636,72.80145629160535,71.82822604120479,73.85721663451142,Estimación adecuada
Toa Alta,1990-1994,2,79.48058228089128,79.71366647459098,78.5373191067172,81.0954232966162,Estimación adecuada
Toa Alta,1995-1999,1,72.98616742679424,72.84985048578751,72.05653543866094,73.45491111962443,Estimación adecuada
Toa Alta,1995-1999,2,80.15919370345486,80.05569550634068,79.29867584090168,81.04405809255223,Estimación adecuada
Toa Alta,2000-2004,1,74.68681920508396,74.60139001209126,74.02044193554441,75.4554200859657,Estimación adecuada
Toa Alta,2000-2004,2,81.24380284823727,81.35018394826709,80.3500596122264,82.1088046757715,Estimación adecuada
Toa Alta,2005-2009,1,76.42384554416803,76.32578579593977,75.47319140141565,77.23524654618262,Estimación adecuada
Toa Alta,2005-2009,2,82.90219933116258,82.73037263464043,81.61262608816136,83.85466366256088,Estimación adecuada
Toa Alta,2010-2014,1,77.39726955708399,77.35984364551246,76.66361384821539,78.2418823702421,Estimación adecuada
Toa Alta,2010-2014,2,82.75703649406371,82.61991397671544,81.48869181477735,83.99657409463417,Estimación adecuada
Toa Alta,2015-2019,1,78.33853975506489,78.4322870690973,77.49646553824951,79.29517247524214,Estimación adecuada
Toa Alta,2015-2019,2,84.04348775618239,83.97178739069247,83.23540129711535,84.78306342616459,Estimación adecuada
Toa Alta,2020-2024,1,79.19299322315949,79.01495746615873,78.2063942430459,79.85028971826387,Estimación adecuada
Toa Alta,2020-2024,2,84.16308568768287,83.75195022565768,82.69675340256654,84.82514207125251,Estimación adecuada
Toa Baja,1980-1984,1,72.38267125634219,72.02249946538899,71.277654755594,72.98900665460201,Estimación adecuada
Toa Baja,1980-1984,2,78.65831779387986,78.10756839709481,77.02708198912256,79.2275905179375,Estimación adecuada
Toa Baja,1985-1989,1,71.11215655345795,71.21423526441802,70.49966506647833,71.94684763984503,Estimación adecuada
Toa Baja,1985-1989,2,78.32059960993973,78.21852284218127,77.1984699716105,79.12384224857655,Estimación adecuada
Toa Baja,1990-1994,1,69.4995682218272,69.95933432410456,69.27257924784195,70.57987822836853,Estimación adecuada
Toa Baja,1990-1994,2,78.52941958784777,78.26944201739931,77.66436067707319,78.83728791653522,Estimación adecuada
Toa Baja,1995-1999,1,70.8877517252264,71.08500202403884,70.27688517067148,71.68772986234654,Estimación adecuada
Toa Baja,1995-1999,2,79.75624211355006,79.32177021539951,78.34009003399754,80.01447444537031,Estimación adecuada
Toa Baja,2000-2004,1,72.56309026795667,72.76350407446039,72.17824970027903,73.33972809903341,Estimación adecuada
Toa Baja,2000-2004,2,80.64527383641621,80.38871695463604,79.57958435107915,81.42409064474292,Estimación adecuada
Toa Baja,2005-2009,1,73.38562335676495,73.51560508905015,72.89903453480602,74.23510517116802,Estimación adecuada
Toa Baja,2005-2009,2,80.85242561056432,80.80472253926193,80.19597373675438,81.50657881263172,Estimación adecuada
Toa Baja,2010-2014,1,75.49479504490984,75.48697937318164,74.53375683178785,76.28748892965996,Estimación adecuada
Toa Baja,2010-2014,2,82.29591439867136,82.00601068807185,81.30211988869233,82.98217520912442,Estimación adecuada
Toa Baja,2015-2019,1,76.07977056582307,76.27117372525305,75.46977357818446,77.18410312131493,Estimación adecuada
Toa Baja,2015-2019,2,83.40018001086167,83.24006991451128,82.41747718456418,84.41329088810588,Estimación adecuada
Toa Baja,2020-2024,1,75.39773260179064,75.72402312039162,74.79981640513546,76.48627440745626,Estimación adecuada
Toa Baja,2020-2024,2,82.61924654085729,82.81332776022484,81.75755080659007,84.03340580051051,Estimación adecuada
Trujillo Alto,1980-1984,1,73.75340204469225,73.61569243113041,72.84560770506391,74.84982782225266,Estimación adecuada
Trujillo Alto,1980-1984,2,80.40172304648812,80.04229267296392,78.86987814280229,81.07794546011066,Estimación adecuada
Trujillo Alto,1985-1989,1,72.481737536368,72.69490371541283,71.64002217706718,73.49415585378526,Estimación adecuada
Trujillo Alto,1985-1989,2,80.06280778026864,79.83523067864363,78.70713031261748,81.03334871025297,Estimación adecuada
Trujillo Alto,1990-1994,1,72.41561233479722,72.5563618422025,71.71728688317936,73.37287480587109,Estimación adecuada
Trujillo Alto,1990-1994,2,79.33338868479264,79.19411827819158,78.32802483532211,80.24777153323716,Estimación adecuada
Trujillo Alto,1995-1999,1,71.86414194392958,72.23273916905129,71.53353177099291,72.87876385712421,Estimación adecuada
Trujillo Alto,1995-1999,2,81.03430300766789,80.63304014671314,79.80145490517275,81.36732682510285,Estimación adecuada
Trujillo Alto,2000-2004,1,74.34999308272945,74.48463888084022,73.95130533564804,75.28164702643647,Estimación adecuada
Trujillo Alto,2000-2004,2,83.31713117111741,83.00085333406912,81.8396938518322,84.34246136091446,Estimación adecuada
Trujillo Alto,2005-2009,1,75.71444111462573,75.75962083770528,74.77567810604924,76.4054199017835,Estimación adecuada
Trujillo Alto,2005-2009,2,83.37681888381142,82.98386868476813,81.96285340100252,84.01517257396661,Estimación adecuada
Trujillo Alto,2010-2014,1,77.02779940986845,77.09494026282675,76.19172849557037,78.04931208284064,Estimación adecuada
Trujillo Alto,2010-2014,2,83.09943490634207,82.86578330343724,82.10620528451162,83.81531805846083,Estimación adecuada
Trujillo Alto,2015-2019,1,78.68107344993756,78.67019421858222,77.63505182377024,79.6438594644634,Estimación adecuada
Trujillo Alto,2015-2019,2,86.1255067117526,85.88255654119797,84.90113395495561,86.82547770910276,Estimación adecuada
Trujillo Alto,2020-2024,1,78.18820119533197,78.24308082922862,77.48080346540425,78.9974636544598,Estimación adecuada
Trujillo Alto,2020-2024,2,85.99445379504849,85.3903365790614,84.06697430356408,86.4229806986244,Estimación adecuada
Utuado,1980-1984,1,72.5740102457935,72.59673395305191,71.5782415127389,73.57450618715353,Estimación adecuada
Utuado,1980-1984,2,78.1726734181664,77.98183682624156,77.20429851650383,79.0507683589624,Estimación adecuada
Utuado,1985-1989,1,72.37574998299176,72.28187330829509,71.38625198825292,73.08495293481162,Estimación adecuada
Utuado,1985-1989,2,77.94583199306706,77.80450452456604,77.00709615690266,78.92176206802489,Estimación adecuada
Utuado,1990-1994,1,73.43220463644309,72.71605051118664,71.70034983571557,73.50444884913313,Estimación adecuada
Utuado,1990-1994,2,78.95468092517847,78.59732395977443,77.62055037326225,79.45707312388994,Estimación adecuada
Utuado,1995-1999,1,72.88721687186569,72.01427450748116,71.20962489526482,72.89485272122636,Estimación adecuada
Utuado,1995-1999,2,79.64256464755466,79.23086798106493,78.33089044705338,80.27278144874238,Estimación adecuada
Utuado,2000-2004,1,75.47800735203313,74.63409421888284,73.5901137973215,75.42823835117048,< e0 observado
Utuado,2000-2004,2,79.68068927400721,79.95582614325295,79.03271918873469,81.06040439601168,Estimación adecuada
Utuado,2005-2009,1,74.55680131239394,74.67141783584051,73.80870179515561,75.3205940088593,Estimación adecuada
Utuado,2005-2009,2,81.41054379407043,81.31050967608724,80.3766933659518,82.53431287648951,Estimación adecuada
Utuado,2010-2014,1,76.3658301562609,75.79153942277131,74.93160229150115,76.5199801452343,Estimación adecuada
Utuado,2010-2014,2,83.61261390946626,82.74458725835316,81.59212314162909,84.24985337314106,Estimación adecuada
Utuado,2015-2019,1,77.86647058364056,77.90645808548047,76.8346997155943,79.4016356894196,Estimación adecuada
Utuado,2015-2019,2,83.76977463810516,83.51092967172653,82.1759479382689,84.79451116248293,Estimación adecuada
Utuado,2020-2024,1,78.5956651993988,77.81149966231143,76.6776951436138,78.90605492689522,Estimación adecuada
Utuado,2020-2024,2,85.98939747247178,84.91704334126186,83.50755018517103,86.21175686077623,Estimación adecuada
Vega Alta,1980-1984,1,72.159259520107,72.02299739264805,70.6877783885317,73.35036794752781,Estimación adecuada
Vega Alta,1980-1984,2,78.22632277897844,78.1800467323909,76.9459594697042,79.66645807571734,Estimación adecuada
Vega Alta,1985-1989,1,71.74258348763583,71.88132729431743,70.99957874624712,73.34390860328068,Estimación adecuada
Vega Alta,1985-1989,2,77.35936084187364,77.69087305101769,76.72376886440587,79.01941438375498,Estimación adecuada
Vega Alta,1990-1994,1,70.19925680111793,70.67057765118228,69.55930154329332,71.62633802471004,Estimación adecuada
Vega Alta,1990-1994,2,78.58796128501218,78.5198042288439,77.66658105926547,79.85365182683826,Estimación adecuada
Vega Alta,1995-1999,1,71.42386306056824,71.6786525448375,70.81227045392805,72.27265931714143,Estimación adecuada
Vega Alta,1995-1999,2,78.81541234337985,78.6422666713099,77.85273894294224,79.97072728972263,Estimación adecuada
Vega Alta,2000-2004,1,74.01929300332087,74.01981919887756,73.02460901653942,75.07239238594369,Estimación adecuada
Vega Alta,2000-2004,2,81.702087681508,81.26602937563001,79.94223087876094,82.27477348117935,Estimación adecuada
Vega Alta,2005-2009,1,73.64714621677791,73.94471795220663,73.04821560073339,75.05778201609847,Estimación adecuada
Vega Alta,2005-2009,2,82.12524966223067,81.62559593047621,80.30198460147217,82.81448224518465,Estimación adecuada
Vega Alta,2010-2014,1,76.60744668862488,76.32367208736102,75.2319931616544,77.52437256898034,Estimación adecuada
Vega Alta,2010-2014,2,82.67697143526247,82.60813151329549,80.97723101714143,83.83983284440318,Estimación adecuada
Vega Alta,2015-2019,1,79.01133080735903,78.4168739380817,77.51720288154277,79.4919948285525,Estimación adecuada
Vega Alta,2015-2019,2,84.68814724300108,84.43278553959779,83.3105673375419,86.05375695924928,Estimación adecuada
Vega Alta,2020-2024,1,78.68307535548406,78.38104498755983,77.28562809002455,79.637267632991,Estimación adecuada
Vega Alta,2020-2024,2,84.42060401592735,83.90148431900397,82.37763124249767,85.47395143288361,Estimación adecuada
Vega Baja,1980-1984,1,71.9480725279313,71.6862865465695,70.67812788852694,72.66583695524545,Estimación adecuada
Vega Baja,1980-1984,2,77.3893528483942,77.15346264512092,76.20657503132982,78.10620453822582,Estimación adecuada
Vega Baja,1985-1989,1,70.97461936483407,71.00952166517922,70.15166954541112,71.78804167273069,Estimación adecuada
Vega Baja,1985-1989,2,77.77774150362033,77.74561425377792,76.66553637923423,78.78533508265436,Estimación adecuada
Vega Baja,1990-1994,1,69.27136941937245,69.58766172631461,68.7990294637739,70.39694482949437,Estimación adecuada
Vega Baja,1990-1994,2,79.45160718479013,79.02139245265604,77.93757105879419,79.93602036440653,Estimación adecuada
Vega Baja,1995-1999,1,69.51227207122537,69.74492236694095,69.04773486925795,70.32911652675716,Estimación adecuada
Vega Baja,1995-1999,2,78.0714706510595,77.91354710528887,77.22945139858308,78.6422666527437,Estimación adecuada
Vega Baja,2000-2004,1,71.28316427494111,71.67247442504865,70.93450332909953,72.38197563111778,Estimación adecuada
Vega Baja,2000-2004,2,80.85659420705926,80.34108269649036,79.45773117587315,81.29265400864794,Estimación adecuada
Vega Baja,2005-2009,1,72.97292454491974,73.28202648271049,72.4522501240601,74.03031366291833,Estimación adecuada
Vega Baja,2005-2009,2,80.50047489914486,80.30239495125608,79.40076380958678,81.33143207643599,Estimación adecuada
Vega Baja,2010-2014,1,75.48101097111366,75.36161423678408,74.49461342728455,76.09462114363502,Estimación adecuada
Vega Baja,2010-2014,2,81.41715578255173,81.07713043982503,80.38642176885642,82.1270832203871,Estimación adecuada
Vega Baja,2015-2019,1,76.59976114996007,76.44313819661903,75.57944414968043,77.35308171751427,Estimación adecuada
Vega Baja,2015-2019,2,85.2397358191851,84.38018732104007,83.45058592509162,85.92031030070301,Estimación adecuada
Vega Baja,2020-2024,1,75.61995793836603,76.07563458076284,75.16173190504317,77.1681462328912,Estimación adecuada
Vega Baja,2020-2024,2,84.1887561814349,83.53647619213235,82.49288206777857,84.71671097800308,Estimación adecuada
Vieques,1980-1984,1,68.35150083439554,69.06462379546056,67.92063059495172,70.70116651088004,Estimación adecuada
Vieques,1980-1984,2,79.6474618651359,76.64576041524191,75.21154702507096,78.69529951377552,< e0 observado
Vieques,1985-1989,1,68.93310229530968,69.00008141463672,67.86685205181956,70.58383032708238,Estimación adecuada
Vieques,1985-1989,2,75.32258827793589,76.1834736279969,74.86848294691772,77.7712098715516,Estimación adecuada
Vieques,1990-1994,1,69.47001757494888,69.22838392211773,67.71439808679978,70.44372075412934,Estimación adecuada
Vieques,1990-1994,2,75.1759002427306,76.34989616834345,74.79575423843485,77.34022512365367,Estimación adecuada
Vieques,1995-1999,1,67.04506579395736,68.57098333056672,67.04068275156655,69.84525486004992,Estimación adecuada
Vieques,1995-1999,2,76.84816509234439,77.38351837930217,75.78424313940454,79.10688435100971,Estimación adecuada
Vieques,2000-2004,1,70.49326232174302,71.32134521670204,69.9502990248768,72.60566066869245,Estimación adecuada
Vieques,2000-2004,2,78.71217289840058,78.97593708351963,77.32480190953338,80.35020806524645,Estimación adecuada
Vieques,2005-2009,1,70.37328684659802,71.77636239048925,70.60770808064413,72.97517687832479,> e0 observado
Vieques,2005-2009,2,81.98600959877125,80.68228623763358,79.00309956018162,82.41659378818721,Estimación adecuada
Vieques,2010-2014,1,72.2395374366466,74.08202277493962,72.45268481505087,75.5920735732201,> e0 observado
Vieques,2010-2014,2,82.2471037898783,81.95381245629572,80.27218276345175,84.15911776106516,Estimación adecuada
Vieques,2015-2019,1,74.92685046685541,75.06512967984912,73.22946024174891,77.04691343379346,Estimación adecuada
Vieques,2015-2019,2,85.4342175472394,83.41333007930213,81.53678950254957,85.72901102691316,Estimación adecuada
Vieques,2020-2024,1,69.08894010644192,74.26334959499849,72.68816957060665,75.83473495279301,> e0 observado
Vieques,2020-2024,2,80.89667620434389,81.5622150633537,79.76774750337108,83.31679519455881,Estimación adecuada
Villalba,1980-1984,1,71.25855596943398,71.37945925253223,70.48318388923059,72.85715249469804,Estimación adecuada
Villalba,1980-1984,2,76.22724644703895,77.09585888523067,75.851775751866,78.4891071530333,Estimación adecuada
Villalba,1985-1989,1,70.10738869345934,70.7260682036664,69.54994574943589,71.86271408593396,Estimación adecuada
Villalba,1985-1989,2,78.19801494070757,78.13228690727355,76.98333780436027,79.63372042135293,Estimación adecuada
Villalba,1990-1994,1,72.3599176922299,71.6203844808361,70.50600573070855,72.8318971785576,Estimación adecuada
Villalba,1990-1994,2,77.96137083132541,77.96384676296815,76.91171634792667,79.11052901586417,Estimación adecuada
Villalba,1995-1999,1,73.23565645327982,72.10783341907748,71.14490511929867,73.42905087611513,Estimación adecuada
Villalba,1995-1999,2,78.73472533494358,78.50152955918738,77.30550884644381,79.88314929391089,Estimación adecuada
Villalba,2000-2004,1,74.6670260481009,74.25225937829454,73.33770177655126,75.31539884523247,Estimación adecuada
Villalba,2000-2004,2,80.40613272802963,80.18108196409446,78.81262079659854,81.2809737479976,Estimación adecuada
Villalba,2005-2009,1,74.42711878775499,74.63644726507343,73.64052876801188,75.66713124669062,Estimación adecuada
Villalba,2005-2009,2,82.3612811111819,81.91438568880186,80.41381722958843,83.35891139062505,Estimación adecuada
Villalba,2010-2014,1,77.74987045213523,76.7702818171839,75.40934229897334,77.88069443191412,Estimación adecuada
Villalba,2010-2014,2,82.20597271820435,82.26161850677225,81.24422326252675,83.72049334812809,Estimación adecuada
Villalba,2015-2019,1,77.40576831605213,77.25573291904212,76.19726614727176,78.26967261093091,Estimación adecuada
Villalba,2015-2019,2,83.71924835056933,83.2247274978611,81.74173005891831,84.5748689102424,Estimación adecuada
Villalba,2020-2024,1,76.50188956822817,76.48017596681328,75.44530684202611,77.61987576431542,Estimación adecuada
Villalba,2020-2024,2,84.3084217089293,84.64623990194832,82.82700194613186,86.69655378198571,Estimación adecuada
Yabucoa,1980-1984,1,69.71805707568568,70.59287864758565,69.72979780997625,71.6312321621638,> e0 observado
Yabucoa,1980-1984,2,77.0738767698645,77.21654234445609,76.17053391606326,78.60422390282852,Estimación adecuada
Yabucoa,1985-1989,1,71.44603585803539,71.61782906472943,70.74622058020353,72.48250169522495,Estimación adecuada
Yabucoa,1985-1989,2,78.66401801612027,78.38364400377088,77.33108888185612,79.51578428510149,Estimación adecuada
Yabucoa,1990-1994,1,71.83783985486369,71.52932797461358,70.61590413421857,72.47675814240657,Estimación adecuada
Yabucoa,1990-1994,2,78.60235557821582,78.36898494386944,77.47911884797821,79.4685927317793,Estimación adecuada
Yabucoa,1995-1999,1,70.43374240335527,70.67895432267696,69.93264589292262,71.61699816350796,Estimación adecuada
Yabucoa,1995-1999,2,79.12923422172942,78.8755182154409,77.72725265548198,79.53985958031687,Estimación adecuada
Yabucoa,2000-2004,1,74.46279181431501,74.04830711037195,73.1801384473452,75.18796493518792,Estimación adecuada
Yabucoa,2000-2004,2,81.19864458771646,80.96982673111046,79.99823469082997,82.28681087693064,Estimación adecuada
Yabucoa,2005-2009,1,74.40240149283082,74.63074252518176,73.64333486922926,75.42885603236573,Estimación adecuada
Yabucoa,2005-2009,2,82.78527258865188,82.12215136802567,81.20545870972714,83.31753466738017,Estimación adecuada
Yabucoa,2010-2014,1,75.29895664077155,75.77325692120206,74.74898430577119,76.66650892707506,Estimación adecuada
Yabucoa,2010-2014,2,81.70934631187113,81.77929117386483,80.77966338531624,83.06221436513718,Estimación adecuada
Yabucoa,2015-2019,1,77.26244923192355,77.54271254843312,76.39289649325147,78.84945502649684,Estimación adecuada
Yabucoa,2015-2019,2,84.12286704633675,83.94165771919542,82.75333696640126,85.91083388490009,Estimación adecuada
Yabucoa,2020-2024,1,75.14003240469702,76.50941022555911,75.45529427000615,77.5813864296465,> e0 observado
Yabucoa,2020-2024,2,84.72188526615253,84.0443552089639,82.65834899094773,85.36360053272278,Estimación adecuada
Yauco,1980-1984,1,70.99437875760539,70.59047598787377,69.73687272932511,71.70250254152504,Estimación adecuada
Yauco,1980-1984,2,76.80434535116139,76.86816297041439,75.60953872741501,77.86084880877738,Estimación adecuada
Yauco,1985-1989,1,69.51062737452895,69.8198952788305,68.85202370295933,70.70657465640087,Estimación adecuada
Yauco,1985-1989,2,77.08818270137367,76.87370969052252,75.93687665946257,77.7404824720473,Estimación adecuada
Yauco,1990-1994,1,71.39406414600349,70.97048316545413,70.05445065223735,71.82132425342161,Estimación adecuada
Yauco,1990-1994,2,78.17941211410707,77.7309005268518,76.83953909111257,78.63667331262792,Estimación adecuada
Yauco,1995-1999,1,71.5508693454662,71.05709018203139,70.13208167400472,72.05097262090393,Estimación adecuada
Yauco,1995-1999,2,78.93381459712357,78.32972352805723,77.47572278458429,79.25579594262753,Estimación adecuada
Yauco,2000-2004,1,72.73215919196763,72.74653455102947,71.82873906690965,73.7955756685547,Estimación adecuada
Yauco,2000-2004,2,78.99120741952848,79.0159920039672,78.1412105821566,79.69964814278565,Estimación adecuada
Yauco,2005-2009,1,72.84628878032588,73.11695270434436,72.22091652953696,73.97297257795438,Estimación adecuada
Yauco,2005-2009,2,79.84419170418441,79.79180486918254,78.80587619607238,80.90855649054575,Estimación adecuada
Yauco,2010-2014,1,75.10204122477425,75.11623314870633,74.19296355669152,76.23206577010393,Estimación adecuada
Yauco,2010-2014,2,81.39965842707129,81.23243179378643,80.30572600419664,82.24205240990247,Estimación adecuada
Yauco,2015-2019,1,76.18834205899441,76.22242764113922,75.32959445991116,77.44431117780829,Estimación adecuada
Yauco,2015-2019,2,81.19884345034787,81.97524887056417,80.72033099323161,82.91435322978865,Estimación adecuada
Yauco,2020-2024,1,75.24625104798912,75.73681149355248,74.59460663788855,76.60404769288893,Estimación adecuada
Yauco,2020-2024,2,83.2275999604652,82.40701834288964,81.33412583304624,83.41653882280784,Estimación adecuada
