region,period,sex,e0_observado,e0_estimado,e0_lower,e0_upper,est_eval
Adjuntas,1980-1984,1,72.54189508802463,72.29312081175871,71.0873378491846,73.45779004071176,Estimación adecuada
Adjuntas,1980-1984,2,78.96516925394144,78.85169416456681,77.58302589252354,80.50954017565591,Estimación adecuada
Adjuntas,1985-1989,1,70.84999061728885,71.59959754978141,70.34379868104202,72.84379811722569,Estimación adecuada
Adjuntas,1985-1989,2,78.97855761762072,78.98124726384486,77.72326129617672,80.4181254445654,Estimación adecuada
Adjuntas,1990-1994,1,71.49310954038985,71.44375153384314,70.28702498188217,72.57957468007508,Estimación adecuada
Adjuntas,1990-1994,2,77.88047658335911,78.487721734698,77.35344191577096,79.81017414613565,Estimación adecuada
Adjuntas,1995-1999,1,71.91080703113897,72.07402222291635,70.82309496274704,73.41603371037245,Estimación adecuada
Adjuntas,1995-1999,2,78.53770419818306,78.87680026242887,77.6675487673239,80.10967888792275,Estimación adecuada
Adjuntas,2000-2004,1,74.0807006063416,73.8813121538906,72.74938092041869,74.95165592586264,Estimación adecuada
Adjuntas,2000-2004,2,79.50851081175084,79.94267544213847,78.77421504367591,81.20284554668225,Estimación adecuada
Adjuntas,2005-2009,1,77.13413877724005,76.02942124033841,74.84473202127197,77.32437008867342,Estimación adecuada
Adjuntas,2005-2009,2,82.23262377887984,82.21118795141399,80.82230328517436,83.74530565850168,Estimación adecuada
Adjuntas,2010-2014,1,78.0170892039493,76.92855439522779,75.7746457224473,78.13367128852705,Estimación adecuada
Adjuntas,2010-2014,2,84.37542750420445,83.5688390239232,82.08493169299007,85.33867277508509,Estimación adecuada
Adjuntas,2015-2019,1,80.07122326396828,79.56355411537069,78.134764430518,81.15417924096897,Estimación adecuada
Adjuntas,2015-2019,2,84.75780508868199,84.92893821859687,83.46338365166162,86.78593429380132,Estimación adecuada
Adjuntas,2020-2024,1,80.09050176489524,79.15714605427041,77.91249330651785,80.53939354774958,Estimación adecuada
Adjuntas,2020-2024,2,87.03883394524668,86.18457036441919,84.57000042344953,88.25255871329314,Estimación adecuada
Aguada,1980-1984,1,73.2175687853255,73.00722711480957,71.90780837570972,74.19343121474445,Estimación adecuada
Aguada,1980-1984,2,76.66307974738103,77.59663454057772,76.39586405596694,78.87792087867464,Estimación adecuada
Aguada,1985-1989,1,73.21396709192831,72.9185747424555,71.9358902678416,73.93155871002507,Estimación adecuada
Aguada,1985-1989,2,77.70261010174512,77.9647548143496,76.91281922756843,79.14683733234143,Estimación adecuada
Aguada,1990-1994,1,73.47166304966473,73.00879675636081,71.95499489528162,74.03533627039606,Estimación adecuada
Aguada,1990-1994,2,79.56472305278581,79.30837343905216,78.16927121814037,80.6328239475062,Estimación adecuada
Aguada,1995-1999,1,72.96139718811193,72.70401522650592,71.77466904197622,73.67629572512833,Estimación adecuada
Aguada,1995-1999,2,78.42598214583917,78.47667834187149,77.52521090206822,79.55579348156134,Estimación adecuada
Aguada,2000-2004,1,75.7731265619719,75.17782881624997,74.22515675697012,76.2335372765105,Estimación adecuada
Aguada,2000-2004,2,80.35987918975404,80.3666088857816,79.32767747198818,81.50323749151475,Estimación adecuada
Aguada,2005-2009,1,77.6139364553716,76.69633453489146,75.74218305382959,77.72126796370357,Estimación adecuada
Aguada,2005-2009,2,81.487501570255,81.4281242595346,80.43165453639487,82.46567589480236,Estimación adecuada
Aguada,2010-2014,1,77.3081065450094,76.94470060545397,75.99481820753336,77.8858622362189,Estimación adecuada
Aguada,2010-2014,2,83.93649978812951,83.46776520813623,82.38931042065302,84.62728679192139,Estimación adecuada
Aguada,2015-2019,1,80.17632385200217,79.19242951881682,78.20640142215409,80.20631693493574,Estimación adecuada
Aguada,2015-2019,2,84.88514363026218,84.74910770016115,83.59549689585988,85.86393498318752,Estimación adecuada
Aguada,2020-2024,1,78.78968559483442,78.17123760356486,77.25806749183756,79.12753207334184,Estimación adecuada
Aguada,2020-2024,2,83.87729580688905,84.05308574409506,82.947418853156,85.23020248760055,Estimación adecuada
Aguadilla,1980-1984,1,71.00678071372081,71.08339201053704,70.21268967698474,71.98356535753604,Estimación adecuada
Aguadilla,1980-1984,2,77.48535658677463,77.30156794340796,76.42960729595708,78.20606376606962,Estimación adecuada
Aguadilla,1985-1989,1,70.58561267446154,70.73193862845008,69.86966707124161,71.54614220211523,Estimación adecuada
Aguadilla,1985-1989,2,77.65780206154783,77.53528162708349,76.69302370217241,78.34499492722824,Estimación adecuada
Aguadilla,1990-1994,1,70.88482346377512,70.76853940484031,69.98079608936662,71.58865771875107,Estimación adecuada
Aguadilla,1990-1994,2,77.99785568547416,77.82980535135313,77.04594936805002,78.62710937484404,Estimación adecuada
Aguadilla,1995-1999,1,70.78010378855268,70.7591358401392,69.92619851368515,71.47405784592145,Estimación adecuada
Aguadilla,1995-1999,2,78.16686736979354,77.99862598611875,77.2460161908912,78.81030463122481,Estimación adecuada
Aguadilla,2000-2004,1,73.78276571753028,73.29420025720714,72.5702391155673,74.00550083694719,Estimación adecuada
Aguadilla,2000-2004,2,80.45198774138778,79.98427244461718,79.19511642281284,80.76749255074937,Estimación adecuada
Aguadilla,2005-2009,1,74.34368140644376,74.08620878703664,73.27666432377862,74.88904827479726,Estimación adecuada
Aguadilla,2005-2009,2,81.18616231865005,80.77911175497015,79.98205996944169,81.5937671793649,Estimación adecuada
Aguadilla,2010-2014,1,76.10575530196566,75.6015802792746,74.79264458103714,76.39335133951091,Estimación adecuada
Aguadilla,2010-2014,2,81.66758711742574,81.5946887879886,80.81927520078763,82.39537853019482,Estimación adecuada
Aguadilla,2015-2019,1,77.5014617746831,76.9531843213874,76.03768930284333,77.82331436378968,Estimación adecuada
Aguadilla,2015-2019,2,82.99395073109925,83.41493927256369,82.49268506156254,84.44026274660104,Estimación adecuada
Aguadilla,2020-2024,1,76.52156602867669,76.51522734713521,75.69100589641279,77.3802057325056,Estimación adecuada
Aguadilla,2020-2024,2,83.20736033493193,83.32275755410305,82.50100669091886,84.26665172740725,Estimación adecuada
Aguas Buenas,1980-1984,1,70.9060601893331,71.52460526012305,70.32446454532091,72.7603491691256,Estimación adecuada
Aguas Buenas,1980-1984,2,79.20230439846388,78.77597636738585,77.42100215682994,80.29775162848199,Estimación adecuada
Aguas Buenas,1985-1989,1,71.73217429810381,71.99686178117926,70.74426971379816,73.15130584147379,Estimación adecuada
Aguas Buenas,1985-1989,2,78.66666240443578,78.83154781715035,77.48358698928011,80.30970881261315,Estimación adecuada
Aguas Buenas,1990-1994,1,71.9040754109389,71.80387594586679,70.64174450100778,72.95292693026262,Estimación adecuada
Aguas Buenas,1990-1994,2,82.01930667891538,80.79597297000674,79.38795770625157,82.52486414474987,Estimación adecuada
Aguas Buenas,1995-1999,1,72.03242058667273,72.17308566774803,71.05636544733305,73.19242433263048,Estimación adecuada
Aguas Buenas,1995-1999,2,79.29741471606215,79.15467865610569,78.11727233991945,80.2814698542762,Estimación adecuada
Aguas Buenas,2000-2004,1,74.50847723417229,74.45251839197434,73.39692608798158,75.52138014098932,Estimación adecuada
Aguas Buenas,2000-2004,2,81.53307661620572,81.38415483005107,80.19003818242793,82.6817375530155,Estimación adecuada
Aguas Buenas,2005-2009,1,74.76751879253902,75.20073731172208,74.13743866527919,76.31811248815606,Estimación adecuada
Aguas Buenas,2005-2009,2,83.74825554704383,83.44356453924607,82.08591803210734,85.11960277248414,Estimación adecuada
Aguas Buenas,2010-2014,1,77.07874986678003,77.50879835902055,76.28300438967801,78.88020243515187,Estimación adecuada
Aguas Buenas,2010-2014,2,83.69043751017024,83.85265696955935,82.58993833175822,85.36684292138973,Estimación adecuada
Aguas Buenas,2015-2019,1,77.12363910638715,78.00800740225094,76.85076463875733,79.27227203491209,Estimación adecuada
Aguas Buenas,2015-2019,2,86.87058779798109,85.97578711090279,84.42175135076444,87.75230088752068,Estimación adecuada
Aguas Buenas,2020-2024,1,77.71291412855061,78.17871373070363,77.00849341136177,79.54884563295813,Estimación adecuada
Aguas Buenas,2020-2024,2,86.01372227536957,85.44889513064962,84.28060727367095,86.98834771353505,Estimación adecuada
Aibonito,1980-1984,1,71.20727896829324,71.65372257035801,70.43629201773052,72.90834186468774,Estimación adecuada
Aibonito,1980-1984,2,78.10148160174786,78.28220381130416,77.01050392486283,79.55752488787137,Estimación adecuada
Aibonito,1985-1989,1,70.93804632594708,71.29649840833989,70.162381960855,72.43196738186168,Estimación adecuada
Aibonito,1985-1989,2,79.48839408130232,79.17254187878933,77.85966346822839,80.60478008471303,Estimación adecuada
Aibonito,1990-1994,1,72.7988506012683,72.37836672459773,71.18282632036842,73.51607934642513,Estimación adecuada
Aibonito,1990-1994,2,79.2040372973333,79.02121977079409,77.8655728656399,80.2931536791102,Estimación adecuada
Aibonito,1995-1999,1,72.77760443633895,72.30644251273483,71.1691404659519,73.47338685190168,Estimación adecuada
Aibonito,1995-1999,2,79.65397963842348,79.52291044176434,78.49239223209987,80.78283515443685,Estimación adecuada
Aibonito,2000-2004,1,74.39460579414155,74.11519618902359,72.98601763684648,75.16114458155246,Estimación adecuada
Aibonito,2000-2004,2,80.67825254541816,80.7120849392283,79.57232036595934,81.82766698568665,Estimación adecuada
Aibonito,2005-2009,1,74.88960349978896,74.95014012100995,73.92590461105127,76.06335928713048,Estimación adecuada
Aibonito,2005-2009,2,81.30587533973025,81.28336552798588,80.14407473913738,82.47078278603459,Estimación adecuada
Aibonito,2010-2014,1,74.15371449624436,75.53757756046818,74.52790506197617,76.62567076678809,> e0 observado
Aibonito,2010-2014,2,82.83346667872438,82.91928541069086,81.69548789174779,84.18745460415592,Estimación adecuada
Aibonito,2015-2019,1,77.00855644451337,77.7990224740952,76.63958047715822,78.99274838087625,Estimación adecuada
Aibonito,2015-2019,2,83.92589167839914,84.34648888092798,83.08970055013934,85.73894754462788,Estimación adecuada
Aibonito,2020-2024,1,79.62044145372404,79.16874630692966,77.84986350735034,80.5387333524449,Estimación adecuada
Aibonito,2020-2024,2,85.54801976071055,85.53404753472043,84.26303674716725,87.03087123598608,Estimación adecuada
Anasco,1980-1984,1,72.01460523472085,71.67575844953562,70.5788672461015,72.87198605084131,Estimación adecuada
Anasco,1980-1984,2,76.47877169471658,76.75021111679197,75.57056449248667,78.0035271493557,Estimación adecuada
Anasco,1985-1989,1,71.42888891874672,71.38022532179923,70.21399340845855,72.55545270320235,Estimación adecuada
Anasco,1985-1989,2,76.49626365968555,77.08282078902329,75.91397567163362,78.387264899072,Estimación adecuada
Anasco,1990-1994,1,70.05228247802772,70.68733257779678,69.52848025621381,71.68380974385161,Estimación adecuada
Anasco,1990-1994,2,77.19464732684078,77.52217531388538,76.50271298337304,78.60726470896739,Estimación adecuada
Anasco,1995-1999,1,71.8503650088804,71.33418884945326,70.3005291030654,72.34204394736962,Estimación adecuada
Anasco,1995-1999,2,77.85360337047756,77.90646253187052,76.89423670443158,79.0384108265089,Estimación adecuada
Anasco,2000-2004,1,74.35938543935956,73.92086359208331,72.84697427357199,74.92665022052607,Estimación adecuada
Anasco,2000-2004,2,80.6361937434096,80.30704053088137,79.02391304372964,81.57182021817327,Estimación adecuada
Anasco,2005-2009,1,76.96481061689505,75.89831699424053,74.8389035255557,76.91704358497633,< e0 observado
Anasco,2005-2009,2,82.18483587125668,81.67793076513156,80.2896817294947,82.97327316176938,Estimación adecuada
Anasco,2010-2014,1,76.38264162433823,76.01227690879603,74.96889725293961,77.10969574482331,Estimación adecuada
Anasco,2010-2014,2,83.0792504741019,82.78879509222986,81.49444734107576,84.18883591066867,Estimación adecuada
Anasco,2015-2019,1,78.19758272547156,77.63738339395618,76.63536672365792,78.75533873869601,Estimación adecuada
Anasco,2015-2019,2,85.54315717152748,84.84935381524664,83.54903643228712,86.2730582090148,Estimación adecuada
Anasco,2020-2024,1,77.16064670152906,77.44945998213831,76.32357718719658,78.49677324910617,Estimación adecuada
Anasco,2020-2024,2,83.21756305986028,84.22780154064156,83.05874276610463,85.47540401657889,Estimación adecuada
Arecibo,1980-1984,1,70.94822313738123,70.94926426031805,70.34984654818768,71.62965748246195,Estimación adecuada
Arecibo,1980-1984,2,77.54900544750468,77.32066013644237,76.61764463229764,78.06507521597534,Estimación adecuada
Arecibo,1985-1989,1,70.27186805457086,70.40053951925142,69.71901495596991,71.07908546878046,Estimación adecuada
Arecibo,1985-1989,2,77.07511338664264,77.14793171970393,76.47380258555357,77.77076232388171,Estimación adecuada
Arecibo,1990-1994,1,70.7566402122555,70.69660605551344,70.05789222581384,71.38116066159166,Estimación adecuada
Arecibo,1990-1994,2,77.82525476262934,77.838394332058,77.17963592155401,78.56165606122664,Estimación adecuada
Arecibo,1995-1999,1,70.42422951948053,70.47634389463337,69.84133994058632,71.07439457714058,Estimación adecuada
Arecibo,1995-1999,2,77.67805190763367,77.7044009395515,77.10054264928874,78.31042268032526,Estimación adecuada
Arecibo,2000-2004,1,73.58677734329173,73.26874173068084,72.66752087398196,73.8320222552154,Estimación adecuada
Arecibo,2000-2004,2,80.17723082421405,79.87399473333944,79.22015320327536,80.49236743712198,Estimación adecuada
Arecibo,2005-2009,1,73.79746978285581,73.77379420961476,73.13055907464332,74.41678149897335,Estimación adecuada
Arecibo,2005-2009,2,80.99120726198103,80.66749234727754,80.06836117418429,81.34067469620229,Estimación adecuada
Arecibo,2010-2014,1,75.7499952369095,75.5840206317731,74.91924167713395,76.22737670431557,Estimación adecuada
Arecibo,2010-2014,2,81.99729917976788,81.67327349068161,81.04143452482434,82.34329490017831,Estimación adecuada
Arecibo,2015-2019,1,77.47760291858165,77.35105750218315,76.66754003062164,78.00328578678396,Estimación adecuada
Arecibo,2015-2019,2,84.62096334942434,84.28577061984018,83.48138287351081,85.08914572788754,Estimación adecuada
Arecibo,2020-2024,1,77.03404417797987,76.8277074317584,76.12229973833817,77.52364619454183,Estimación adecuada
Arecibo,2020-2024,2,83.99392652816302,83.68924953591925,82.99015985283756,84.46269545373875,Estimación adecuada
Arroyo,1980-1984,1,69.26197243419952,69.9018827887538,68.62332002162059,71.14973946459914,Estimación adecuada
Arroyo,1980-1984,2,77.70227943996014,77.49738829672731,76.11070388451428,78.98819085256106,Estimación adecuada
Arroyo,1985-1989,1,69.06544938666637,69.55496981289474,68.38154344020506,70.73700647300815,Estimación adecuada
Arroyo,1985-1989,2,76.53547803214356,76.68301973962782,75.38529527151269,77.83984423115442,Estimación adecuada
Arroyo,1990-1994,1,69.467701272295,69.83538859959297,68.45566229769258,71.08611255196084,Estimación adecuada
Arroyo,1990-1994,2,79.1638940521351,78.36971667709636,77.02000691963521,79.87777550578477,Estimación adecuada
Arroyo,1995-1999,1,69.35840651861476,70.00165306242391,68.87388808710213,71.10438132381829,Estimación adecuada
Arroyo,1995-1999,2,77.98473955428868,77.55333702681787,76.47621881507727,78.69603634308068,Estimación adecuada
Arroyo,2000-2004,1,72.46263355278661,72.51652256149777,71.40564040825683,73.78828954005671,Estimación adecuada
Arroyo,2000-2004,2,79.49462438506767,79.49446321066844,78.27386999182339,80.87544497702028,Estimación adecuada
Arroyo,2005-2009,1,73.52924324703847,73.63400381094385,72.4000058001969,74.93019782707533,Estimación adecuada
Arroyo,2005-2009,2,81.55925566302211,80.9402706337562,79.65894855304474,82.4702374880809,Estimación adecuada
Arroyo,2010-2014,1,73.74855783813933,74.27279963883024,73.1587440709151,75.38294728259875,Estimación adecuada
Arroyo,2010-2014,2,82.70095569618667,82.16167082226725,80.7611709485416,83.76497722614138,Estimación adecuada
Arroyo,2015-2019,1,74.8566557237882,76.26709843468922,75.05013209208823,77.52936454713641,> e0 observado
Arroyo,2015-2019,2,83.0866067343545,83.48817813415964,82.15579775883246,85.04387236034597,Estimación adecuada
Arroyo,2020-2024,1,77.15040742709186,76.78028548303118,75.50523805871482,78.21583358406515,Estimación adecuada
Arroyo,2020-2024,2,82.07042233229612,83.11816655825277,81.78969993821818,84.55730071563973,Estimación adecuada
Barceloneta,1980-1984,1,69.54208697130086,70.6109069299163,69.34758946316354,71.81730694191808,Estimación adecuada
Barceloneta,1980-1984,2,77.15945709054438,77.3710283053429,76.13108605675228,78.96837060814529,Estimación adecuada
Barceloneta,1985-1989,1,72.20256138308129,71.91256881550797,70.7705963358738,73.13668888429686,Estimación adecuada
Barceloneta,1985-1989,2,78.86869640220178,78.61333314090552,77.33280437541417,80.05976914980482,Estimación adecuada
Barceloneta,1990-1994,1,71.82801102859922,71.20968200823673,70.10580948494238,72.32403740293341,Estimación adecuada
Barceloneta,1990-1994,2,79.79778456534827,79.62605534736113,78.305412279815,81.11084814828831,Estimación adecuada
Barceloneta,1995-1999,1,69.62763398284126,70.50491113813331,69.34109298581461,71.81668817149978,Estimación adecuada
Barceloneta,1995-1999,2,78.30155980616671,78.55250264887243,77.38598162823577,79.8758079147566,Estimación adecuada
Barceloneta,2000-2004,1,74.25217285421826,73.62433899247368,72.49193970965054,74.87442410616781,Estimación adecuada
Barceloneta,2000-2004,2,80.98566728548113,80.36837175289084,79.20983757895571,81.52178042127971,Estimación adecuada
Barceloneta,2005-2009,1,75.14771749617947,74.72896862674389,73.51880938986655,75.96781114228028,Estimación adecuada
Barceloneta,2005-2009,2,83.11601404161499,82.42523751534031,81.14164891180835,83.97881907523924,Estimación adecuada
Barceloneta,2010-2014,1,75.38250616989667,75.55168451052862,74.4375505341632,76.60226205511267,Estimación adecuada
Barceloneta,2010-2014,2,83.08358460781069,82.73531180928413,81.52630260512306,84.06435955715241,Estimación adecuada
Barceloneta,2015-2019,1,79.11645760546239,77.90566816504273,76.68429437890028,79.23135455996731,Estimación adecuada
Barceloneta,2015-2019,2,85.56404930901091,84.9708235757875,83.4692618698986,86.6896650510641,Estimación adecuada
Barceloneta,2020-2024,1,75.82195956003592,75.9937584014254,74.9834715946022,77.08464668348594,Estimación adecuada
Barceloneta,2020-2024,2,84.21378427386206,84.39294860839567,83.10810109677043,85.79538365142358,Estimación adecuada
Barranquitas,1980-1984,1,71.33876197975141,71.60027838272961,70.48572729264608,72.69497939657981,Estimación adecuada
Barranquitas,1980-1984,2,77.30531169649653,77.66772079034601,76.38832009014173,79.05123183414769,Estimación adecuada
Barranquitas,1985-1989,1,71.51414892357278,71.61821963681405,70.50772903464477,72.71363635523176,Estimación adecuada
Barranquitas,1985-1989,2,77.76964050663393,78.14376606261393,76.82905362449337,79.42060594086114,Estimación adecuada
Barranquitas,1990-1994,1,70.61622752203239,71.13000416637436,70.00548529686576,72.1508428362025,Estimación adecuada
Barranquitas,1990-1994,2,80.19038720696513,79.62407388511883,78.36064638087763,81.05021942548167,Estimación adecuada
Barranquitas,1995-1999,1,71.30535167741402,70.99949848602395,70.06530713559567,71.98368970811987,Estimación adecuada
Barranquitas,1995-1999,2,77.36809189145215,78.06325195008426,76.88487409537858,79.20508007739241,Estimación adecuada
Barranquitas,2000-2004,1,73.94139576064687,73.90559627590096,72.85687531046585,74.9179299114035,Estimación adecuada
Barranquitas,2000-2004,2,80.92303201880848,81.06132731556119,79.76253404635663,82.79727430597389,Estimación adecuada
Barranquitas,2005-2009,1,75.7544247310515,75.32941315674256,74.10075450598488,76.55687484378332,Estimación adecuada
Barranquitas,2005-2009,2,83.34321773527964,83.02408993438581,81.49127562284384,84.86117981755962,Estimación adecuada
Barranquitas,2010-2014,1,75.82434696179858,75.78237873701369,74.77202880713834,76.82460865362013,Estimación adecuada
Barranquitas,2010-2014,2,83.19916348644448,83.0672284197927,81.86371395360867,84.53475560199703,Estimación adecuada
Barranquitas,2015-2019,1,78.70088384920705,78.19598706865037,77.02684397152336,79.40827646285747,Estimación adecuada
Barranquitas,2015-2019,2,86.1569793140704,85.75484609447241,84.31048322067983,87.57162818394885,Estimación adecuada
Barranquitas,2020-2024,1,77.70140580259377,77.80242009195658,76.64463461111858,79.09974627909736,Estimación adecuada
Barranquitas,2020-2024,2,85.89659093832063,85.722817089604,84.32023457057178,87.32486466694927,Estimación adecuada
Bayamon,1980-1984,1,72.04514701418194,72.01531665552218,71.48758708523877,72.51881028010183,Estimación adecuada
Bayamon,1980-1984,2,78.18054324807127,78.0479346441607,77.53484502008592,78.58024002671789,Estimación adecuada
Bayamon,1985-1989,1,71.5983747916107,71.62447011115871,71.13062176841558,72.1127034136994,Estimación adecuada
Bayamon,1985-1989,2,79.53402783138928,79.29097001968984,78.79659515171375,79.8137054354442,Estimación adecuada
Bayamon,1990-1994,1,69.4013098024391,69.62541405233117,69.17167965790094,70.11051140758669,Estimación adecuada
Bayamon,1990-1994,2,79.99809814237119,79.8993434608038,79.39187176266047,80.37366811703689,Estimación adecuada
Bayamon,1995-1999,1,70.77177966925491,70.92550868964814,70.46961998324173,71.40548853476159,Estimación adecuada
Bayamon,1995-1999,2,79.73301230251936,79.68547974780526,79.187309121485,80.16484742791113,Estimación adecuada
Bayamon,2000-2004,1,73.5738231086305,73.63797074510789,73.13501274434502,74.09544463439937,Estimación adecuada
Bayamon,2000-2004,2,81.70891995330638,81.59137042226898,81.0723536838167,82.10085192987752,Estimación adecuada
Bayamon,2005-2009,1,74.78989094750837,74.82537007787909,74.33780571701291,75.30323928132854,Estimación adecuada
Bayamon,2005-2009,2,82.81400991090649,82.7076267241726,82.144598943185,83.24251893525806,Estimación adecuada
Bayamon,2010-2014,1,76.39050901350164,76.38908619896941,75.87145398614005,76.90049496619291,Estimación adecuada
Bayamon,2010-2014,2,84.21195413174073,84.03104287923782,83.52646238242141,84.6084815195213,Estimación adecuada
Bayamon,2015-2019,1,77.4241342974101,77.51993000441237,76.94730093104022,78.08647473543108,Estimación adecuada
Bayamon,2015-2019,2,85.53635487807954,85.24999659350797,84.63589888917797,85.85934551919345,Estimación adecuada
Bayamon,2020-2024,1,76.28240347769595,76.34530421236974,75.81913422874689,76.8713144358414,Estimación adecuada
Bayamon,2020-2024,2,85.66531677680673,85.53322804894304,84.95622781390132,86.13195437851246,Estimación adecuada
Cabo Rojo,1980-1984,1,72.39724763936692,72.63063010581212,71.58922121059491,73.56484198420239,Estimación adecuada
Cabo Rojo,1980-1984,2,77.54158683750231,77.5904131189852,76.6701797509514,78.50556014158168,Estimación adecuada
Cabo Rojo,1985-1989,1,73.0487252974488,72.99703625891371,72.05010865703082,74.0619805586805,Estimación adecuada
Cabo Rojo,1985-1989,2,79.23917112625598,78.91178918333489,78.02918786142124,79.82867653143467,Estimación adecuada
Cabo Rojo,1990-1994,1,72.97925410251543,72.76450217728191,71.95711369902783,73.61759351383579,Estimación adecuada
Cabo Rojo,1990-1994,2,80.55409901002385,80.02872377682016,79.12229269375152,81.07836971850098,Estimación adecuada
Cabo Rojo,1995-1999,1,72.48815364764029,72.44953140804878,71.6510250318984,73.24960948126476,Estimación adecuada
Cabo Rojo,1995-1999,2,79.89647697006733,79.76588004701452,78.90838429801306,80.62783292732395,Estimación adecuada
Cabo Rojo,2000-2004,1,75.02839226790125,74.85210210262511,73.98784861072981,75.75911270321785,Estimación adecuada
Cabo Rojo,2000-2004,2,82.11872847252751,81.82107181401665,80.97670200932296,82.79669501749308,Estimación adecuada
Cabo Rojo,2005-2009,1,76.84328880547318,76.2291918953,75.45541681602707,77.063033741719,Estimación adecuada
Cabo Rojo,2005-2009,2,82.7883495500848,82.38135197104609,81.42849935430631,83.35138012158885,Estimación adecuada
Cabo Rojo,2010-2014,1,75.75368420461353,76.08838605572407,75.22627036682921,76.88033475461708,Estimación adecuada
Cabo Rojo,2010-2014,2,83.42815115673008,83.63051248413598,82.67624595807598,84.79974331882772,Estimación adecuada
Cabo Rojo,2015-2019,1,79.78583423632398,79.42975369441565,78.54360238058658,80.51394975008628,Estimación adecuada
Cabo Rojo,2015-2019,2,84.21493107845924,84.38720994968563,83.50517926265181,85.3406868184747,Estimación adecuada
Cabo Rojo,2020-2024,1,79.36891590464816,79.27623106088944,78.30839566912768,80.23627587314631,Estimación adecuada
Cabo Rojo,2020-2024,2,84.78014352257735,84.65986092705916,83.71772934482685,85.66159633783053,Estimación adecuada
Caguas,1980-1984,1,71.72229204508375,71.76640752401875,71.11956535158018,72.44394411498565,Estimación adecuada
Caguas,1980-1984,2,78.48100883851102,78.32273140683864,77.56795514715962,79.01198142557334,Estimación adecuada
Caguas,1985-1989,1,70.39381171255258,70.47585796606893,69.91056858480842,71.06303257042046,Estimación adecuada
Caguas,1985-1989,2,79.24402800001288,79.00267441591978,78.33307367062186,79.67674752270091,Estimación adecuada
Caguas,1990-1994,1,68.8176451180551,69.17089281639979,68.55002567182096,69.75800368076345,Estimación adecuada
Caguas,1990-1994,2,78.64358444378482,78.5509247056665,77.96789960510324,79.19478955399627,Estimación adecuada
Caguas,1995-1999,1,69.69055735609852,69.9698747033624,69.39590297627743,70.53622443263477,Estimación adecuada
Caguas,1995-1999,2,79.65612948337659,79.51525353762936,78.91426068717365,80.13845434431266,Estimación adecuada
Caguas,2000-2004,1,73.107794927577,73.19009084213467,72.57877850517389,73.77246413327933,Estimación adecuada
Caguas,2000-2004,2,81.16770684291535,80.92902229289399,80.34968737785158,81.58112454244507,Estimación adecuada
Caguas,2005-2009,1,74.70961206827913,74.68403428605465,74.0960224278233,75.23288029897589,Estimación adecuada
Caguas,2005-2009,2,83.1696138038651,82.9979622874788,82.27211096130497,83.73097997381358,Estimación adecuada
Caguas,2010-2014,1,74.58554015299133,74.89177224772756,74.26932984743894,75.49774751145105,Estimación adecuada
Caguas,2010-2014,2,83.90600489563008,83.70449936181126,83.0521287173076,84.42963643941208,Estimación adecuada
Caguas,2015-2019,1,77.12465328076702,77.28363403928749,76.64702482361041,77.95558080475277,Estimación adecuada
Caguas,2015-2019,2,84.81913360231934,84.69371404271408,84.05798279526947,85.43190365374248,Estimación adecuada
Caguas,2020-2024,1,76.29588342135226,76.36151835904221,75.74652845691868,76.96846718361023,Estimación adecuada
Caguas,2020-2024,2,84.58890329073994,84.49316374208684,83.86734836485009,85.18375769245509,Estimación adecuada
Camuy,1980-1984,1,72.00953497661486,72.18147471739557,71.08716494200348,73.37091179204096,Estimación adecuada
Camuy,1980-1984,2,79.0481930632779,78.86115500692787,77.60760398704531,80.34924969873059,Estimación adecuada
Camuy,1985-1989,1,73.05563270338816,72.65550823183506,71.52262261056627,73.87121454714614,Estimación adecuada
Camuy,1985-1989,2,79.50251205629577,79.2436523954092,78.02265860055813,80.67001434420723,Estimación adecuada
Camuy,1990-1994,1,72.48592866320423,72.03831499997305,71.05932998728517,73.07210478480839,Estimación adecuada
Camuy,1990-1994,2,78.42074942707245,78.59084461795777,77.50975115148121,79.72169880682353,Estimación adecuada
Camuy,1995-1999,1,72.6730064081168,72.24812587501978,71.17508343470236,73.24378704063359,Estimación adecuada
Camuy,1995-1999,2,81.15887534595899,80.526924127074,79.29186862779041,81.91832636875112,Estimación adecuada
Camuy,2000-2004,1,75.51776152008142,74.81625467136493,73.90410043844967,75.75975205463952,Estimación adecuada
Camuy,2000-2004,2,81.38049051623702,80.82307399576321,79.7361889133996,81.91116051153313,Estimación adecuada
Camuy,2005-2009,1,76.01134322923592,75.52049409319544,74.54732888097195,76.44462565696871,Estimación adecuada
Camuy,2005-2009,2,83.37764861657536,82.72368818610713,81.57914332429827,84.0860697790689,Estimación adecuada
Camuy,2010-2014,1,77.47114401608678,76.48087201296798,75.53327827585215,77.42824696703245,< e0 observado
Camuy,2010-2014,2,83.52117698878536,83.23184731836577,82.10455987705646,84.5382009805969,Estimación adecuada
Camuy,2015-2019,1,78.31044325410552,78.09268414120568,77.12191024913164,79.03653856332633,Estimación adecuada
Camuy,2015-2019,2,85.3683244262729,85.10769713074798,83.86362594439808,86.55449343618884,Estimación adecuada
Camuy,2020-2024,1,78.26146309261183,77.81284415526909,76.84730996669306,78.78597511032001,Estimación adecuada
Camuy,2020-2024,2,85.47114665413858,85.35820555058172,84.20645140052531,86.63913898420178,Estimación adecuada
Canovanas,1980-1984,1,73.2999178869587,71.97563494909494,70.8473582738336,73.06015317846594,< e0 observado
Canovanas,1980-1984,2,80.06188590433086,78.68070596188014,77.25835774663135,79.99409309359989,< e0 observado
Canovanas,1985-1989,1,71.61537365310774,71.3699263583737,70.32025765195704,72.39194289504206,Estimación adecuada
Canovanas,1985-1989,2,78.2476656338885,77.78701936480044,76.63392272229054,79.09733011848542,Estimación adecuada
Canovanas,1990-1994,1,68.47857316458972,69.27060456110155,68.20075062697116,70.3162506834595,Estimación adecuada
Canovanas,1990-1994,2,78.32395417011651,78.1976534001133,77.01957240962807,79.44368246725577,Estimación adecuada
Canovanas,1995-1999,1,67.92417601162161,68.80303713379189,67.82616658953029,69.70630454783169,Estimación adecuada
Canovanas,1995-1999,2,77.19866982997894,77.27477154766328,76.37249656415278,78.21209325905447,Estimación adecuada
Canovanas,2000-2004,1,71.16133588099902,71.8608060480405,70.84129456997402,72.99026500231402,Estimación adecuada
Canovanas,2000-2004,2,79.89031657445086,79.78975964701378,78.78950108210933,80.97790093364276,Estimación adecuada
Canovanas,2005-2009,1,72.03527888088188,72.88322257625605,71.91693985494942,73.973459228453,Estimación adecuada
Canovanas,2005-2009,2,82.20274877957495,81.72004520981054,80.62641713937968,82.94108191823136,Estimación adecuada
Canovanas,2010-2014,1,73.73163177655941,74.50173187660236,73.56474049291724,75.41188100880552,Estimación adecuada
Canovanas,2010-2014,2,82.38500533806449,81.93464551556656,80.90683429271373,82.98481474084006,Estimación adecuada
Canovanas,2015-2019,1,76.47578865798283,76.82473662392357,75.73749054039456,77.92765972380789,Estimación adecuada
Canovanas,2015-2019,2,83.4705410867674,83.30647667537605,82.25136434132544,84.44202935910397,Estimación adecuada
Canovanas,2020-2024,1,75.27011547141527,75.50260071642107,74.58289502654166,76.4200551635469,Estimación adecuada
Canovanas,2020-2024,2,84.62181844092844,84.092019562026,83.0511451612262,85.29686895086478,Estimación adecuada
Carolina,1980-1984,1,72.6794571065647,72.66326137849762,72.011782532062,73.27528721617041,Estimación adecuada
Carolina,1980-1984,2,80.00245669766524,79.68992821475622,78.96191266604076,80.41529344086892,Estimación adecuada
Carolina,1985-1989,1,71.45905207579524,71.56014098258773,71.01894081701548,72.10717114786323,Estimación adecuada
Carolina,1985-1989,2,79.99533355118935,79.78445986756863,79.17180334953541,80.4341973713064,Estimación adecuada
Carolina,1990-1994,1,69.88961527032848,70.18020612331955,69.61759756227596,70.68929103816691,Estimación adecuada
Carolina,1990-1994,2,79.19273965392165,79.22632202848058,78.64708153385044,79.85718363843084,Estimación adecuada
Carolina,1995-1999,1,70.60394767924991,70.8628251128537,70.39003976163677,71.3503566808731,Estimación adecuada
Carolina,1995-1999,2,80.17066355341139,80.02330828206078,79.50870360834946,80.53699113742094,Estimación adecuada
Carolina,2000-2004,1,73.93076115352547,74.0450065236306,73.51870428037329,74.61259901719943,Estimación adecuada
Carolina,2000-2004,2,81.94990115891812,81.72668679597828,81.16496886935535,82.32426796353307,Estimación adecuada
Carolina,2005-2009,1,74.82294831043073,74.8971546540889,74.39124368814768,75.43125351169931,Estimación adecuada
Carolina,2005-2009,2,82.93347404417227,82.81190070913371,82.22611461494324,83.40757612713772,Estimación adecuada
Carolina,2010-2014,1,75.7216623224996,75.9637824915075,75.39682231161527,76.54540417728127,Estimación adecuada
Carolina,2010-2014,2,84.32702876051525,84.15063751463244,83.57157384790818,84.84940411481828,Estimación adecuada
Carolina,2015-2019,1,78.16150181754098,78.16410153830873,77.52907545546411,78.8609374228518,Estimación adecuada
Carolina,2015-2019,2,86.31301087441426,86.0870291790626,85.39087185002109,86.82026675866312,Estimación adecuada
Carolina,2020-2024,1,78.61601699181084,78.52155398292847,77.87841353249647,79.17477234905158,Estimación adecuada
Carolina,2020-2024,2,85.92480146843513,85.53371389135435,84.90123011479277,86.13688966636981,Estimación adecuada
Catano,1980-1984,1,64.71158204088911,66.13337756953291,65.12063351026191,67.13826505752677,> e0 observado
Catano,1980-1984,2,75.60330232750007,75.336198448034,74.1520006731534,76.66506540442364,Estimación adecuada
Catano,1985-1989,1,65.74843366392102,66.89042251378119,65.82840800828463,67.9384865737888,> e0 observado
Catano,1985-1989,2,78.65957711284251,77.44270860201148,76.21479082926822,78.88264927464246,Estimación adecuada
Catano,1990-1994,1,63.551421617424765,65.26010559825352,64.14965443072454,66.37291979896118,> e0 observado
Catano,1990-1994,2,77.73013012436986,77.2076718353384,76.14845153230137,78.55118840922708,Estimación adecuada
Catano,1995-1999,1,64.95894376240564,66.420361508598,65.32093611292197,67.46018454621324,> e0 observado
Catano,1995-1999,2,77.8017354936669,77.50906027699608,76.35486511318439,78.80130502751489,Estimación adecuada
Catano,2000-2004,1,69.54736006919788,70.38256853094677,69.34267343575864,71.41933054112528,Estimación adecuada
Catano,2000-2004,2,80.2420833723342,79.31976658294772,78.08139836384848,80.5471032296,Estimación adecuada
Catano,2005-2009,1,70.0088463290445,70.96390569546756,69.89060822777189,72.12864975299092,Estimación adecuada
Catano,2005-2009,2,82.4846061988492,81.6850328046486,80.23605560162258,83.2864472208348,Estimación adecuada
Catano,2010-2014,1,73.04054164065786,73.38270585901176,72.25272029509235,74.51392772352378,Estimación adecuada
Catano,2010-2014,2,85.05347927327067,83.07844290621705,81.64311483674788,84.73805853951188,< e0 observado
Catano,2015-2019,1,73.65254048968006,74.64876591190576,73.4249478957325,75.92679787447467,Estimación adecuada
Catano,2015-2019,2,86.94579083490224,85.28552087837105,83.6618935005928,87.35480135824447,Estimación adecuada
Catano,2020-2024,1,73.01737041087927,74.06633798890556,72.7848702692467,75.40453310587637,Estimación adecuada
Catano,2020-2024,2,86.0684794743231,84.8454367442454,83.28886346769991,86.61208946175563,Estimación adecuada
Cayey,1980-1984,1,71.32064492875627,71.15152119250243,70.20052693820787,72.04350393865917,Estimación adecuada
Cayey,1980-1984,2,76.88437352747384,77.06996550325051,76.12888925757997,78.15126679386105,Estimación adecuada
Cayey,1985-1989,1,69.35200072016079,69.95669889408792,69.03942550187938,70.77143113681612,Estimación adecuada
Cayey,1985-1989,2,78.24162311103663,78.09962576803105,77.11313680620901,79.23493409305983,Estimación adecuada
Cayey,1990-1994,1,69.27521430891126,69.93984564929873,69.06368817930922,70.7941059844314,Estimación adecuada
Cayey,1990-1994,2,78.16553833033852,78.29551189538205,77.33638551651433,79.19982291957615,Estimación adecuada
Cayey,1995-1999,1,70.01299547508536,70.5258494599239,69.58862843749573,71.44072100253926,Estimación adecuada
Cayey,1995-1999,2,78.87259018768239,78.85130641216261,77.96179826798495,79.86283069725933,Estimación adecuada
Cayey,2000-2004,1,73.68749999421473,73.67657471015816,72.73341830715053,74.5734650499137,Estimación adecuada
Cayey,2000-2004,2,81.22226473989993,80.5188238114615,79.63833200115953,81.45741286402307,Estimación adecuada
Cayey,2005-2009,1,73.99614368964569,74.56965454733347,73.66292204474351,75.50150830161179,Estimación adecuada
Cayey,2005-2009,2,82.1533699228688,81.77607778332452,80.8482184307859,82.70705569008172,Estimación adecuada
Cayey,2010-2014,1,75.00610378038506,75.63690102524939,74.66861452264435,76.59681266219502,Estimación adecuada
Cayey,2010-2014,2,83.73637939950336,83.33104131338902,82.311561154363,84.46340842230913,Estimación adecuada
Cayey,2015-2019,1,78.54670044615935,78.47848601425616,77.43518914446935,79.49077323770055,Estimación adecuada
Cayey,2015-2019,2,85.74693279734878,85.21838106832185,84.12049301659584,86.41514115227939,Estimación adecuada
Cayey,2020-2024,1,79.40962956727441,79.26627835946016,78.1926628558229,80.51235446205527,Estimación adecuada
Cayey,2020-2024,2,87.6006348574498,86.90342524263315,85.69790740012137,88.32591281956655,Estimación adecuada
Ceiba,1980-1984,1,72.14585176157938,71.54106897616762,70.255815188088,72.86014104833177,Estimación adecuada
Ceiba,1980-1984,2,78.61104372786001,77.92594928458792,76.29738378959057,80.09028239078688,Estimación adecuada
Ceiba,1985-1989,1,70.6198183166503,70.66971949696544,69.4092030091451,71.88004406579158,Estimación adecuada
Ceiba,1985-1989,2,79.13415807152825,78.3572214697248,76.93192074779114,79.94566291580419,Estimación adecuada
Ceiba,1990-1994,1,71.00935671117365,70.79972664115382,69.59847258458733,72.03663531351046,Estimación adecuada
Ceiba,1990-1994,2,79.17042900270538,78.71165226294552,77.27708755304099,80.17147791093089,Estimación adecuada
Ceiba,1995-1999,1,72.51721647517238,71.56110401025512,70.32864144527005,72.72755598299922,Estimación adecuada
Ceiba,1995-1999,2,78.14728081414309,78.50534251068221,77.16775378497695,79.935481716549,Estimación adecuada
Ceiba,2000-2004,1,74.86667065353893,73.70068083644401,72.50084055655583,74.94944810154604,Estimación adecuada
Ceiba,2000-2004,2,80.68427804057518,80.73685752050008,79.31755369625968,82.3288955313176,Estimación adecuada
Ceiba,2005-2009,1,76.12252834869311,74.87390514550654,73.57231511673126,76.23328714557364,Estimación adecuada
Ceiba,2005-2009,2,82.7966883833198,82.15892969523586,80.56091528941944,84.1544555343448,Estimación adecuada
Ceiba,2010-2014,1,75.46412666889606,76.19764875521378,74.73426790900983,77.72943270870064,Estimación adecuada
Ceiba,2010-2014,2,81.41353267344712,82.4120558174504,80.78886971890857,84.15043568967533,Estimación adecuada
Ceiba,2015-2019,1,78.54557923356414,77.88031962406015,76.43722791475426,79.6134820161398,Estimación adecuada
Ceiba,2015-2019,2,86.20789836529356,85.49963878807432,83.57722612086344,87.98515703675558,Estimación adecuada
Ceiba,2020-2024,1,72.26101326760208,76.15144875656954,74.77159854343165,77.69434927662904,> e0 observado
Ceiba,2020-2024,2,81.87366447467527,83.96802437024594,82.45381770888565,85.81196249370021,> e0 observado
Ciales,1980-1984,1,73.3601690081269,72.72885143111452,71.48058482263005,73.93028614315536,Estimación adecuada
Ciales,1980-1984,2,79.08450788252533,78.85769861712461,77.33677296555251,80.40570202187297,Estimación adecuada
Ciales,1985-1989,1,73.80385799895002,72.99069023441196,71.63709583258489,74.40198188618257,Estimación adecuada
Ciales,1985-1989,2,79.25761748100682,79.12984529038317,77.614542296664,80.89925864920818,Estimación adecuada
Ciales,1990-1994,1,72.25274862856378,72.0800283042455,70.93981055424774,73.29129185709786,Estimación adecuada
Ciales,1990-1994,2,79.82543814746265,79.4480456374947,78.06948615502344,80.82616471119763,Estimación adecuada
Ciales,1995-1999,1,71.42663286324974,71.71883373376582,70.52987619765983,73.0126814097821,Estimación adecuada
Ciales,1995-1999,2,79.238381112831,79.66714880168018,78.25609344253421,81.23973069680075,Estimación adecuada
Ciales,2000-2004,1,72.8877247015535,73.72914882600602,72.5397346035998,74.89624396767016,Estimación adecuada
Ciales,2000-2004,2,80.83769687356553,81.19896601591677,79.97216346547768,82.70021432583245,Estimación adecuada
Ciales,2005-2009,1,74.52536084511352,74.9847689050894,73.76555397826182,76.2487307781012,Estimación adecuada
Ciales,2005-2009,2,82.13836581268944,82.27310454241653,80.82051126692286,84.06929836560941,Estimación adecuada
Ciales,2010-2014,1,75.83944224399347,76.47944789447641,75.26321779050608,77.67257851059382,Estimación adecuada
Ciales,2010-2014,2,83.18525319463721,83.47248224971503,82.05790674363035,85.32218000042167,Estimación adecuada
Ciales,2015-2019,1,80.35963140996523,79.14579977181972,77.78337092205452,80.57571471919998,Estimación adecuada
Ciales,2015-2019,2,85.16754149388572,85.8161683947237,84.09191287694173,88.0830715612727,Estimación adecuada
Ciales,2020-2024,1,78.0952139934909,78.09181165381969,76.95259067069865,79.40425241153021,Estimación adecuada
Ciales,2020-2024,2,83.7838176468441,84.36247039028288,83.01492908923136,85.88738500802023,Estimación adecuada
Cidra,1980-1984,1,72.92625993210298,73.19675022803243,71.9682396435075,74.40122226748004,Estimación adecuada
Cidra,1980-1984,2,80.25294604658151,79.99118272834457,78.61336097459498,81.64030492196694,Estimación adecuada
Cidra,1985-1989,1,72.65671880748917,72.71722443134206,71.65856951974519,73.8055502100009,Estimación adecuada
Cidra,1985-1989,2,79.2640060129605,79.30107904019815,78.10484026814066,80.5673694466409,Estimación adecuada
Cidra,1990-1994,1,74.59270123853278,73.90336084186906,72.81061729524812,75.10443351207593,Estimación adecuada
Cidra,1990-1994,2,79.58259869878654,79.35429299198199,78.38699865382159,80.53742130803477,Estimación adecuada
Cidra,1995-1999,1,74.21713653214772,73.79619644999498,72.76117186449947,74.80696927357148,Estimación adecuada
Cidra,1995-1999,2,80.46720179098129,80.73089120781897,79.57176565175763,81.99799049558493,Estimación adecuada
Cidra,2000-2004,1,76.1648075054388,75.74123878385083,74.72941858781665,76.78693527877003,Estimación adecuada
Cidra,2000-2004,2,83.06880741955162,82.6117677486863,81.3556823954267,84.0340507162702,Estimación adecuada
Cidra,2005-2009,1,76.2488157847596,76.25288206273561,75.26538601243362,77.3005640930405,Estimación adecuada
Cidra,2005-2009,2,83.29450873472624,83.20574369033204,81.9471700991651,84.39739515063748,Estimación adecuada
Cidra,2010-2014,1,77.33131059096634,77.58595862444417,76.64006957870207,78.64035408136137,Estimación adecuada
Cidra,2010-2014,2,83.46470181390174,83.31565642768147,82.29101938331218,84.53175879785867,Estimación adecuada
Cidra,2015-2019,1,78.97458456608396,79.19340607757884,78.14589662172318,80.34703569399055,Estimación adecuada
Cidra,2015-2019,2,84.69043178604441,85.03507247282766,83.90304823834613,86.32621118751841,Estimación adecuada
Cidra,2020-2024,1,79.7427353948676,79.56124814986231,78.43734275448934,80.83572797570831,Estimación adecuada
Cidra,2020-2024,2,85.33702768748,85.14707508255822,84.13511373840758,86.36665088782347,Estimación adecuada
Coamo,1980-1984,1,71.83261143264684,71.91165036081938,70.75895538514388,73.03851119452693,Estimación adecuada
Coamo,1980-1984,2,77.96592585526496,78.27202141075705,77.04015858050273,79.4564290160574,Estimación adecuada
Coamo,1985-1989,1,71.23431252697634,71.40025105590637,70.34676733639162,72.45073738308503,Estimación adecuada
Coamo,1985-1989,2,77.61875344002883,78.00734245175853,76.92605187948034,79.08264062613932,Estimación adecuada
Coamo,1990-1994,1,71.15206342123702,71.23772420398842,70.20248187479952,72.32106854059518,Estimación adecuada
Coamo,1990-1994,2,79.52007940092251,79.23626691230862,78.08094830555017,80.44877853126096,Estimación adecuada
Coamo,1995-1999,1,71.1960753395491,71.3740275653081,70.40868379861385,72.47643096681888,Estimación adecuada
Coamo,1995-1999,2,78.423903843953,78.68766816130392,77.57312346023696,79.73113176072309,Estimación adecuada
Coamo,2000-2004,1,73.24248106281058,73.29522660263947,72.35529378454865,74.24034523812081,Estimación adecuada
Coamo,2000-2004,2,81.2524184753369,80.94991985283158,79.91196865937577,82.0035949915856,Estimación adecuada
Coamo,2005-2009,1,76.67061680312946,75.75062957264298,74.78413363938886,76.70269482681148,Estimación adecuada
Coamo,2005-2009,2,82.50443120167047,82.09754419736183,81.02943369971395,83.2734528221911,Estimación adecuada
Coamo,2010-2014,1,76.08519397019607,76.03473352750615,75.11007424047529,76.93179633569093,Estimación adecuada
Coamo,2010-2014,2,82.76456200780567,82.37779729782622,81.38110672831937,83.55118314933573,Estimación adecuada
Coamo,2015-2019,1,76.3555860235564,76.67214900114492,75.7445878818997,77.70134903500058,Estimación adecuada
Coamo,2015-2019,2,84.32302802936533,84.52765278742304,83.27497228351238,85.89053880078443,Estimación adecuada
Coamo,2020-2024,1,78.73457128285159,78.00730309305882,77.02687367374874,79.04731649652439,Estimación adecuada
Coamo,2020-2024,2,85.32320664794793,85.0962950024036,83.96715491593744,86.30364803241251,Estimación adecuada
Comerio,1980-1984,1,72.39160599187598,72.16270463199648,70.84936244667914,73.42358486367226,Estimación adecuada
Comerio,1980-1984,2,80.50714392154065,79.37284305187876,77.94206211857448,81.21597907928658,Estimación adecuada
Comerio,1985-1989,1,72.46599051488649,72.06754848487319,70.82753747955152,73.24418391545824,Estimación adecuada
Comerio,1985-1989,2,79.35372018267553,79.1191484620559,77.70324441079455,80.53676133576124,Estimación adecuada
Comerio,1990-1994,1,72.63261964951914,71.96239155925065,70.7433409526726,73.14469678314065,Estimación adecuada
Comerio,1990-1994,2,78.0865724889923,78.51978573633454,77.33480704913848,79.90754624456375,Estimación adecuada
Comerio,1995-1999,1,71.13227286201818,71.44570406022413,70.13492396768947,72.75143206067402,Estimación adecuada
Comerio,1995-1999,2,78.32248610899435,78.52877190377421,77.2588118236455,79.89270796291724,Estimación adecuada
Comerio,2000-2004,1,73.74046365047266,73.77185123439622,72.59300009466392,75.09558531215391,Estimación adecuada
Comerio,2000-2004,2,80.19913305806267,80.41351984597418,79.07768567818253,81.83379885950859,Estimación adecuada
Comerio,2005-2009,1,75.30350166697882,74.988644188243,73.7567382795576,76.27149305193998,Estimación adecuada
Comerio,2005-2009,2,81.75843965388886,81.73685942937306,80.35069088504777,83.21383468401703,Estimación adecuada
Comerio,2010-2014,1,77.88992392393747,76.93031710926299,75.71874104902747,78.26478381503655,Estimación adecuada
Comerio,2010-2014,2,83.20589003283447,83.0564839680842,81.55632297060595,84.62300981500073,Estimación adecuada
Comerio,2015-2019,1,76.11616223403381,76.83059646911374,75.68019305392458,78.02301404539985,Estimación adecuada
Comerio,2015-2019,2,84.47935763504815,84.48874643890963,83.09831963671064,86.20117106299638,Estimación adecuada
Comerio,2020-2024,1,75.23982921549162,76.19122764141625,74.99294502630862,77.29578297480349,Estimación adecuada
Comerio,2020-2024,2,83.75928924043123,83.7464814263353,82.5060282926009,85.00185364729131,Estimación adecuada
Corozal,1980-1984,1,72.8434269620364,72.57791007482412,71.48807127087477,73.68323835425778,Estimación adecuada
Corozal,1980-1984,2,78.49552695365927,78.37668783430091,77.07785418022715,79.69249920203757,Estimación adecuada
Corozal,1985-1989,1,74.16679537755694,73.18157175528961,72.04196235962223,74.30803377314068,Estimación adecuada
Corozal,1985-1989,2,78.31409571064404,78.33041187247764,77.17954883892571,79.58845295457581,Estimación adecuada
Corozal,1990-1994,1,71.27571092432538,71.59426521534766,70.54305087206654,72.67033945308546,Estimación adecuada
Corozal,1990-1994,2,78.71157989908842,78.87140953031172,77.85936611809613,80.04994517996468,Estimación adecuada
Corozal,1995-1999,1,71.90053240132126,72.20567741627227,71.18915441732575,73.14641926332355,Estimación adecuada
Corozal,1995-1999,2,81.05061971042039,80.2660005488857,79.09855858775221,81.4546479500846,Estimación adecuada
Corozal,2000-2004,1,75.40121472632262,75.04206686023701,73.96509351238385,76.10651541851114,Estimación adecuada
Corozal,2000-2004,2,82.32727029969571,82.0947553271493,80.86708037282347,83.53323064307514,Estimación adecuada
Corozal,2005-2009,1,75.29676896497347,75.50889203919368,74.3974061839789,76.62524594448796,Estimación adecuada
Corozal,2005-2009,2,81.7668888989548,81.67531995162722,80.6503705050655,82.85735494792694,Estimación adecuada
Corozal,2010-2014,1,76.61800376671373,76.70504689235854,75.75386078951057,77.69618835062207,Estimación adecuada
Corozal,2010-2014,2,83.99620064198638,83.76920396585282,82.56191257523516,85.25204763125603,Estimación adecuada
Corozal,2015-2019,1,78.84838673591865,78.35611031009842,77.19028136343822,79.39025860063661,Estimación adecuada
Corozal,2015-2019,2,84.36621340480359,84.58580629271314,83.31859301116732,86.01279142239565,Estimación adecuada
Corozal,2020-2024,1,76.44862204173214,77.30250009884514,76.32012695942853,78.35596100352046,Estimación adecuada
Corozal,2020-2024,2,85.0591201159125,85.32838413682362,84.03003965561064,86.8481304436159,Estimación adecuada
Culebra,1980-1984,1,94.69722323815856,73.47319542909224,71.45343633746423,75.6017654710211,< e0 observado
Culebra,1980-1984,2,77.11141651027592,80.39987820212728,77.14986513880282,85.64923667210289,> e0 observado
Culebra,1985-1989,1,76.63588305134152,72.88480596875668,70.94998317479981,74.92857974170172,< e0 observado
Culebra,1985-1989,2,84.99417166658453,80.56044065105843,78.29733850780417,83.45346148822851,< e0 observado
Culebra,1990-1994,1,75.23127689590049,72.43789823566965,70.60513169076539,74.53017108110464,< e0 observado
Culebra,1990-1994,2,82.2361338517014,80.49237384699529,78.3176574814672,84.09074516474794,Estimación adecuada
Culebra,1995-1999,1,72.53390965878926,72.72514771173834,70.68247946248007,74.84196012781963,Estimación adecuada
Culebra,1995-1999,2,82.74787501668122,81.31161219358808,78.11560601544396,89.09954305942648,Estimación adecuada
Culebra,2000-2004,1,83.74648606676807,75.50342154803113,73.57851279514645,77.71136040725852,< e0 observado
Culebra,2000-2004,2,81.63132549875367,82.9232580643659,80.50856218046434,85.9032095789519,Estimación adecuada
Culebra,2005-2009,1,79.35518350612848,76.20363949084799,74.25527848036158,78.49505026770214,< e0 observado
Culebra,2005-2009,2,87.82645600917449,84.1391076327186,81.48831322145021,88.09480247236702,Estimación adecuada
Culebra,2010-2014,1,73.27486001063872,77.09238286494357,74.92749378287597,79.57047030658306,> e0 observado
Culebra,2010-2014,2,84.63331186955911,84.89365739927139,82.31293081073687,88.47547229673435,Estimación adecuada
Culebra,2015-2019,1,73.7782353124013,78.15926985533454,76.0061512352631,80.85650878882434,> e0 observado
Culebra,2015-2019,2,82.80860574041759,86.05755497665953,83.3216659178763,89.66623525586526,> e0 observado
Culebra,2020-2024,1,71.17558414919206,77.63384250188076,75.57947984516925,79.76568829170311,> e0 observado
Culebra,2020-2024,2,81.75048505604273,85.13351607891383,82.94926662431912,88.20641715485993,> e0 observado
Dorado,1980-1984,1,73.06768394242143,72.82238412995218,71.57481441607328,73.99073181016726,Estimación adecuada
Dorado,1980-1984,2,79.57134292897321,79.13452662269222,77.80709930705956,80.53872754673598,Estimación adecuada
Dorado,1985-1989,1,70.98138714935332,71.1279402205347,70.1331831619893,72.15856924527101,Estimación adecuada
Dorado,1985-1989,2,79.66708794032925,79.21852594784163,77.96701729083934,80.4736337101739,Estimación adecuada
Dorado,1990-1994,1,70.60163270459446,71.04783176435767,69.92902614644588,72.23713366028534,Estimación adecuada
Dorado,1990-1994,2,79.66123740902555,79.37274111999528,78.2752624059625,80.57598560802346,Estimación adecuada
Dorado,1995-1999,1,71.14661901491276,71.5567088662155,70.54589280204823,72.64351231566131,Estimación adecuada
Dorado,1995-1999,2,79.34231212268777,79.53991084578897,78.4160441526404,80.76305479751326,Estimación adecuada
Dorado,2000-2004,1,72.80125816712727,73.22090335331717,72.28313361683892,74.19628730428306,Estimación adecuada
Dorado,2000-2004,2,80.51547250678337,80.2475948574452,79.19503951511324,81.25986062603411,Estimación adecuada
Dorado,2005-2009,1,74.74216888739862,74.96309792935409,73.97695588193334,76.07891672944456,Estimación adecuada
Dorado,2005-2009,2,81.55921742419945,81.54327850561057,80.43610653038166,82.71442794037112,Estimación adecuada
Dorado,2010-2014,1,77.3972526095473,77.36229506551338,76.22703869236061,78.54706306096294,Estimación adecuada
Dorado,2010-2014,2,83.78650120499329,83.5319959948473,82.34205518787822,84.94838961680638,Estimación adecuada
Dorado,2015-2019,1,79.05317477178703,78.57225791137003,77.47097068584809,79.65992669594311,Estimación adecuada
Dorado,2015-2019,2,85.0361331038058,85.11204582618538,83.87326411349483,86.54010522053055,Estimación adecuada
Dorado,2020-2024,1,77.54648054972814,77.83026481602143,76.8458142160068,78.85715998188091,Estimación adecuada
Dorado,2020-2024,2,87.81728727976584,86.62228970898545,85.22945533882627,88.31580841853791,Estimación adecuada
Fajardo,1980-1984,1,70.97992961345321,70.46185098191478,69.55759850708499,71.41779409532883,Estimación adecuada
Fajardo,1980-1984,2,77.4034006461853,76.84328148291715,75.872208222524307,77.95126102922198,Estimación adecuada
Fajardo,1985-1989,1,71.1887876704971,70.86694077321582,69.88561179029396,71.81967158722445,Estimación adecuada
Fajardo,1985-1989,2,77.37337374894558,77.22688378683662,76.19293069748997,78.30540309912163,Estimación adecuada
Fajardo,1990-1994,1,68.18099629812696,68.7238479690126,67.76510875945672,69.56735761724923,Estimación adecuada
Fajardo,1990-1994,2,78.11474876521702,77.89505241587884,76.94538055571485,78.89604157904981,Estimación adecuada
Fajardo,1995-1999,1,69.86154006659808,70.06128734973282,69.1411555600562,70.92725338720572,Estimación adecuada
Fajardo,1995-1999,2,78.82934233659792,78.54236924669061,77.59943964239281,79.51609000906407,Estimación adecuada
Fajardo,2000-2004,1,71.85134936418909,72.05546239543514,71.10251432578032,72.98635677612228,Estimación adecuada
Fajardo,2000-2004,2,80.31491904964011,79.7870207865187,78.808590145145,80.82318765316553,Estimación adecuada
Fajardo,2005-2009,1,72.01498955956528,72.55326020505797,71.5519138607107,73.56861166973552,Estimación adecuada
Fajardo,2005-2009,2,80.42579698255476,80.26936621413277,79.29240858137767,81.37509196363237,Estimación adecuada
Fajardo,2010-2014,1,73.1648079564502,74.1543333160349,73.12623076524349,75.22731270218316,Estimación adecuada
Fajardo,2010-2014,2,81.74247222384632,81.33670730056679,80.36706494455825,82.28468997913127,Estimación adecuada
Fajardo,2015-2019,1,76.15087862256587,76.64148697145322,75.43851918872647,77.7540698337958,Estimación adecuada
Fajardo,2015-2019,2,83.7123556023456,83.66533361620483,82.52857446300106,85.03962230574612,Estimación adecuada
Fajardo,2020-2024,1,74.31868957649468,74.87650065457413,73.8343191261412,75.84566035668078,Estimación adecuada
Fajardo,2020-2024,2,83.33111283123691,83.38400488052328,82.36058869726224,84.59212825252433,Estimación adecuada
Florida,1980-1984,1,71.06938753374574,71.33969502050468,69.82820593813541,72.89580790409077,Estimación adecuada
Florida,1980-1984,2,79.21775098528943,78.40302358940994,76.60506703248414,80.5820395599595,Estimación adecuada
Florida,1985-1989,1,70.64603223425698,70.82475591060918,69.29438596654236,72.25568107825738,Estimación adecuada
Florida,1985-1989,2,74.85144353276169,77.08761113081081,75.62333145362841,78.69924712454427,> e0 observado
Florida,1990-1994,1,70.01533527514864,70.4116792227964,69.07951080950603,71.75343772292482,Estimación adecuada
Florida,1990-1994,2,75.40391537650423,77.14844395794952,75.76727210377429,78.61281849188362,> e0 observado
Florida,1995-1999,1,71.65894113726901,71.55961196283893,70.12224492528915,73.1861106293921,Estimación adecuada
Florida,1995-1999,2,77.29790147374477,77.93973982362272,76.61157464979955,79.45154525500554,Estimación adecuada
Florida,2000-2004,1,75.01444427678842,73.9050127403276,72.56334529523207,75.34093214253846,Estimación adecuada
Florida,2000-2004,2,81.08965307946796,80.58707644768751,79.05787692632525,82.31961831500931,Estimación adecuada
Florida,2005-2009,1,76.54783220170152,74.79320928977147,73.4270501375419,76.2653900280504,< e0 observado
Florida,2005-2009,2,80.52310433234075,80.82965213598885,79.42151563866916,82.57225933574531,Estimación adecuada
Florida,2010-2014,1,79.58931937931183,77.43262417942205,75.94468701090454,79.13031072598604,< e0 observado
Florida,2010-2014,2,84.35262381150902,83.06951956329837,81.48912456283536,84.87603966873914,Estimación adecuada
Florida,2015-2019,1,77.39963673465637,77.16938616747854,75.85947340851281,78.45169652827612,Estimación adecuada
Florida,2015-2019,2,83.04749257512822,83.81220054293041,82.20716553591556,85.52985379274837,Estimación adecuada
Florida,2020-2024,1,76.48138637441758,77.18316913847205,75.79999294239491,78.62218213410443,Estimación adecuada
Florida,2020-2024,2,86.57028869211995,86.10277908151376,84.25949461900682,88.29313602196558,Estimación adecuada
Guanica,1980-1984,1,70.29160656173029,69.9440314586083,68.79596363523531,71.17114268691205,Estimación adecuada
Guanica,1980-1984,2,77.02589204137094,76.63363798311832,75.38331842537019,77.93317892101045,Estimación adecuada
Guanica,1985-1989,1,69.64590752945972,69.56165959791093,68.43170982647568,70.72529166244108,Estimación adecuada
Guanica,1985-1989,2,76.96194389846337,76.67567126315132,75.41441563593027,77.99468837582675,Estimación adecuada
Guanica,1990-1994,1,69.00330089577055,69.15151922996279,67.93800096691943,70.44164200561526,Estimación adecuada
Guanica,1990-1994,2,77.43314529873244,77.1004869301195,75.93583721567083,78.27928798947009,Estimación adecuada
Guanica,1995-1999,1,68.75925697690468,69.36517607036194,68.255099430746,70.4077392652504,Estimación adecuada
Guanica,1995-1999,2,76.88365176255945,77.04325035444337,75.93479675141621,78.16866756940402,Estimación adecuada
Guanica,2000-2004,1,72.36855900985053,72.1093372922195,70.97492922913378,73.1193038451929,Estimación adecuada
Guanica,2000-2004,2,78.3128127578213,78.55793289492311,77.42312830319135,79.84979791469797,Estimación adecuada
Guanica,2005-2009,1,71.69965700518571,72.161004885009,70.99254430706958,73.35989052283232,Estimación adecuada
Guanica,2005-2009,2,80.3960001801447,79.8391736770876,78.68357446391126,81.04590166569602,Estimación adecuada
Guanica,2010-2014,1,75.43056531334524,74.63110091693994,73.42305248831244,75.85535142627839,Estimación adecuada
Guanica,2010-2014,2,80.57778836738088,81.0937580693218,79.8014657933791,82.64553723578094,Estimación adecuada
Guanica,2015-2019,1,74.6061778340804,74.70155612464065,73.5583344280856,75.9872682245825,Estimación adecuada
Guanica,2015-2019,2,81.3148683326643,81.56549428519216,80.40280749288425,82.99591321481965,Estimación adecuada
Guanica,2020-2024,1,73.35967274163447,74.55429062510797,73.4175164465132,75.73859341818438,> e0 observado
Guanica,2020-2024,2,82.11869011623037,82.00406635406722,80.74878010972743,83.37089805853715,Estimación adecuada
Guayama,1980-1984,1,70.24592277647761,70.23712898168154,69.21586507050003,71.2196997566456,Estimación adecuada
Guayama,1980-1984,2,76.94736099895414,76.77175488965796,75.79378650012374,77.92651971357363,Estimación adecuada
Guayama,1985-1989,1,69.18407376779939,69.4006740088061,68.46506484258371,70.41245798169669,Estimación adecuada
Guayama,1985-1989,2,77.01984994163914,76.8540503960253,75.820147446101,77.80923158029383,Estimación adecuada
Guayama,1990-1994,1,69.12774545799293,69.540075524267,68.56511375214319,70.53888636701464,Estimación adecuada
Guayama,1990-1994,2,78.26536534527779,77.801849888492,76.83854132776304,78.79318979142863,Estimación adecuada
Guayama,1995-1999,1,69.89298463348949,70.13305976631446,69.17082023358581,70.99741608074582,Estimación adecuada
Guayama,1995-1999,2,79.36097539479375,78.66329918533924,77.75996629270583,79.64534160928193,Estimación adecuada
Guayama,2000-2004,1,71.73959231092829,71.89728492675835,71.00066277733163,72.76531318943418,Estimación adecuada
Guayama,2000-2004,2,80.42361640554877,80.00139757154614,79.02498382884008,81.02087579669158,Estimación adecuada
Guayama,2005-2009,1,74.004627225837,73.76159829243278,72.78372270515158,74.73125576139574,Estimación adecuada
Guayama,2005-2009,2,80.66196990050479,80.47007012387985,79.57770821637365,81.55926763076486,Estimación adecuada
Guayama,2010-2014,1,76.0922078825251,75.57625869440429,74.62529234890647,76.5189954599464,Estimación adecuada
Guayama,2010-2014,2,82.22460967328485,81.88468348121933,80.83503162877061,83.01027166445452,Estimación adecuada
Guayama,2015-2019,1,76.61959145312574,76.56442736253643,75.52710625282614,77.57499232907959,Estimación adecuada
Guayama,2015-2019,2,83.4142713899816,83.36599974204861,82.22858505992495,84.52290074939111,Estimación adecuada
Guayama,2020-2024,1,73.93879414262592,75.1613365904488,74.26960391227716,76.053398693382,> e0 observado
Guayama,2020-2024,2,82.33975114826434,82.49073788534176,81.55903918145609,83.57303366999277,Estimación adecuada
Guayanilla,1980-1984,1,72.58983279684577,71.6613590354332,70.52205383968884,72.7767960968391,Estimación adecuada
Guayanilla,1980-1984,2,77.53353824728316,77.45922577044695,76.12867270221226,78.70901943391456,Estimación adecuada
Guayanilla,1985-1989,1,70.73661721916349,70.41027042074266,69.3096386855891,71.51915862371791,Estimación adecuada
Guayanilla,1985-1989,2,76.86235560972376,76.78127197326515,75.63746922234735,77.88156783551042,Estimación adecuada
Guayanilla,1990-1994,1,72.37752924339648,71.37620168541352,70.19083152506838,72.61729538059117,Estimación adecuada
Guayanilla,1990-1994,2,78.55250974931681,77.91285247393742,76.83188511632412,79.05792029592959,Estimación adecuada
Guayanilla,1995-1999,1,72.22131902455737,71.33874941691064,70.23127696837678,72.39728425030279,Estimación adecuada
Guayanilla,1995-1999,2,79.14608996325278,78.68920719525649,77.46497690426163,80.01087487574787,Estimación adecuada
Guayanilla,2000-2004,1,74.05744082522244,73.47702960869432,72.36440605761844,74.61708418717666,Estimación adecuada
Guayanilla,2000-2004,2,80.06971551607721,79.76506041957064,78.5601565483341,81.1135990208822,Estimación adecuada
Guayanilla,2005-2009,1,73.36781184296053,73.78310878520936,72.63201136064225,74.85316939843547,Estimación adecuada
Guayanilla,2005-2009,2,79.74433091795808,79.71566535743462,78.55390489865353,80.81497351220183,Estimación adecuada
Guayanilla,2010-2014,1,77.2541883457964,76.1229236383339,74.91684994830965,77.42734373124358,Estimación adecuada
Guayanilla,2010-2014,2,79.95617529124827,80.83039757055059,79.66379315737642,82.10227769941727,Estimación adecuada
Guayanilla,2015-2019,1,74.50306944491258,75.9788910588256,74.841723014078255,77.19486098590005,> e0 observado
Guayanilla,2015-2019,2,85.47648018860491,84.333936094071845,82.79757439336154,86.00366413767716,Estimación adecuada
Guayanilla,2020-2024,1,73.73722385919334,75.16299895462025,74.08242610089074,76.26427717921756,> e0 observado
Guayanilla,2020-2024,2,84.46851671921503,84.55928945966124,83.0294280515058,86.4903382351499,Estimación adecuada
Guaynabo,1980-1984,1,73.33304020193007,73.24913555412695,72.47158391865545,74.05050947018792,Estimación adecuada
Guaynabo,1980-1984,2,79.57395565229348,79.33105942876392,78.51661330313327,80.20414373626684,Estimación adecuada
Guaynabo,1985-1989,1,73.30720790413426,73.35434317381191,72.61947251663771,74.12274859412675,Estimación adecuada
Guaynabo,1985-1989,2,80.7449894765543,80.47412464950726,79.74997453438992,81.29787698745612,Estimación adecuada
Guaynabo,1990-1994,1,71.64759712414893,72.01042828947246,71.30860408373469,72.74465276734284,Estimación adecuada
Guaynabo,1990-1994,2,80.46155681333546,80.38358314739317,79.6366497201037,81.24067365123157,Estimación adecuada
Guaynabo,1995-1999,1,71.70557982807048,72.19026808564746,71.40870748325513,72.83671696240536,Estimación adecuada
Guaynabo,1995-1999,2,81.61582636139954,81.38123949555178,80.59602209335597,82.17890932424599,Estimación adecuada
Guaynabo,2000-2004,1,74.5460879922691,74.88989608250633,74.18761969701862,75.65133366929064,Estimación adecuada
Guaynabo,2000-2004,2,82.43363591097874,82.36390847419625,81.61384180088537,83.23665544756098,Estimación adecuada
Guaynabo,2005-2009,1,75.40004142189414,75.74510911816385,75.06603694374606,76.41322927403019,Estimación adecuada
Guaynabo,2005-2009,2,83.59622113263238,83.51061393868198,82.69476327304365,84.37115622705471,Estimación adecuada
Guaynabo,2010-2014,1,77.3578270076508,77.52937718087266,76.74913444503176,78.22980271334566,Estimación adecuada
Guaynabo,2010-2014,2,84.62289097742051,84.39909114204264,83.5814304713467,85.2465251303616,Estimación adecuada
Guaynabo,2015-2019,1,79.63090232574721,79.4726513497306,78.71796750974218,80.27545016649661,Estimación adecuada
Guaynabo,2015-2019,2,86.62280196774702,86.32066183269359,85.41514768312712,87.23059242863343,Estimación adecuada
Guaynabo,2020-2024,1,77.36899877443203,77.74752054684689,77.08354491265055,78.47643618342555,Estimación adecuada
Guaynabo,2020-2024,2,86.85241919025239,86.7419479200466,85.88263622680097,87.66621757579017,Estimación adecuada
Gurabo,1980-1984,1,72.10043466021936,72.03284518490986,70.95786130613587,73.1888344976229,Estimación adecuada
Gurabo,1980-1984,2,77.21298943234297,77.66910249077729,76.50522294477484,78.99156826776124,Estimación adecuada
Gurabo,1985-1989,1,72.09864341259255,72.07992619211586,70.93316874832612,73.2107297686681,Estimación adecuada
Gurabo,1985-1989,2,77.83980186096333,78.04583686996341,76.8667797473187,79.34203972648771,Estimación adecuada
Gurabo,1990-1994,1,70.06358422124045,70.7269677568553,69.70074352167273,71.78063115279764,Estimación adecuada
Gurabo,1990-1994,2,78.93586566639773,78.97188643211857,77.79575579980218,80.22807133110813,Estimación adecuada
Gurabo,1995-1999,1,72.62979875914179,72.51323120122748,71.48608776087013,73.58515486645722,Estimación adecuada
Gurabo,1995-1999,2,78.37596544908041,78.71064673979433,77.69932788680134,79.83115570516496,Estimación adecuada
Gurabo,2000-2004,1,73.72455425616529,73.98803941306427,73.0006645611788,74.91744366006891,Estimación adecuada
Gurabo,2000-2004,2,82.16347596555325,81.60163749069531,80.48052492311253,82.88944878439365,Estimación adecuada
Gurabo,2005-2009,1,75.38673648949066,75.56215247757504,74.53439617236342,76.64663080275835,Estimación adecuada
Gurabo,2005-2009,2,82.71710063140857,82.29090780179357,81.11111469625457,83.52967233292195,Estimación adecuada
Gurabo,2010-2014,1,75.74184183502217,76.21092471631675,75.26220400576928,77.21146812070558,Estimación adecuada
Gurabo,2010-2014,2,83.66012445857517,83.3982726706233,82.34233419301383,84.56612145170436,Estimación adecuada
Gurabo,2015-2019,1,77.82655629619259,77.96431700155318,76.97782016070069,79.01974037320291,Estimación adecuada
Gurabo,2015-2019,2,86.3751275135532,85.88759792005968,84.45118384995227,87.37411326233973,Estimación adecuada
Gurabo,2020-2024,1,78.1508349062683,77.8349443477004,76.832894232755,78.77611524486673,Estimación adecuada
Gurabo,2020-2024,2,85.11563140762924,84.78241942294824,83.6532180480214,85.97811136910148,Estimación adecuada
Hatillo,1980-1984,1,71.99152036613721,72.37653279391711,71.2835546543409,73.51800312895631,Estimación adecuada
Hatillo,1980-1984,2,78.9802986931572,78.90320858664393,77.74900873476373,80.14108128139823,Estimación adecuada
Hatillo,1985-1989,1,72.73472078364017,72.42478636800168,71.39410929017768,73.67125864622997,Estimación adecuada
Hatillo,1985-1989,2,79.39464399636921,79.25347546729667,78.12741859187847,80.498540182516,Estimación adecuada
Hatillo,1990-1994,1,72.2998423174012,72.10020662722978,71.02184092722169,73.14022764310303,Estimación adecuada
Hatillo,1990-1994,2,78.56900864145167,78.33263183464771,77.380249671272,79.22728594583357,Estimación adecuada
Hatillo,1995-1999,1,72.51848608651568,72.25554512768147,71.37730177266673,73.18281198477891,Estimación adecuada
Hatillo,1995-1999,2,78.33281615395789,78.40253356174084,77.57967655891562,79.29498429776986,Estimación adecuada
Hatillo,2000-2004,1,74.45467151298737,74.05193505609185,73.20425890821787,74.96699764780742,Estimación adecuada
Hatillo,2000-2004,2,80.50637914886045,80.32687620915627,79.44801959656874,81.33795357801348,Estimación adecuada
Hatillo,2005-2009,1,75.71645524793598,75.23866070930757,74.32620724047882,76.17710287327026,Estimación adecuada
Hatillo,2005-2009,2,81.90357972932111,81.73982495554543,80.7657351854515,82.73646163743555,Estimación adecuada
Hatillo,2010-2014,1,77.71502056183984,77.11251365526954,76.16753226440554,78.04260052827215,Estimación adecuada
Hatillo,2010-2014,2,83.87031312176076,83.49099984289998,82.41685175593896,84.68478855255918,Estimación adecuada
Hatillo,2015-2019,1,79.67724729389147,79.11358491111615,78.06578501679462,80.32758901864263,Estimación adecuada
Hatillo,2015-2019,2,84.83403759511111,84.38552496589787,83.37027100852482,85.43001139543581,Estimación adecuada
Hatillo,2020-2024,1,78.47632497278812,78.2385447608049,77.30199379545093,79.27372665825165,Estimación adecuada
Hatillo,2020-2024,2,86.14610937096411,85.1468061081042,84.21918440514905,86.265200866896,Estimación adecuada
Hormigueros,1980-1984,1,74.05856561737721,73.6947129785465,72.25109051837707,75.15105132820537,Estimación adecuada
Hormigueros,1980-1984,2,79.84974137268954,80.11119882871577,78.36367908591382,82.19760089257403,Estimación adecuada
Hormigueros,1985-1989,1,73.08737524946572,72.99976047557723,71.81937092727654,74.18599082863284,Estimación adecuada
Hormigueros,1985-1989,2,77.720059693455,79.09084066540484,77.70447126741381,80.50425220043297,Estimación adecuada
Hormigueros,1990-1994,1,74.61350802067456,73.35772857591462,72.19212199438823,74.5805039339934,< e0 observado
Hormigueros,1990-1994,2,81.39461486989457,80.67319647400696,79.22243854501635,82.54250317512641,Estimación adecuada
Hormigueros,1995-1999,1,74.87703445651637,73.70304468166609,72.5523615607988,74.84135459391366,< e0 observado
Hormigueros,1995-1999,2,80.45280069334801,80.3287258429309,79.0811581545337,81.74083883928782,Estimación adecuada
Hormigueros,2000-2004,1,75.50618073944777,75.27383397625456,74.00568764027145,76.4918796291316,Estimación adecuada
Hormigueros,2000-2004,2,82.3521641939344,82.08612803123987,80.71974561504882,83.5798977135824,Estimación adecuada
Hormigueros,2005-2009,1,76.10054922666298,76.20252089539575,75.08366040870882,77.3173849150111,Estimación adecuada
Hormigueros,2005-2009,2,84.62944320284578,83.71440198174554,82.33203491022255,85.30260453669877,Estimación adecuada
Hormigueros,2010-2014,1,76.11918178416535,77.05725776717455,75.79562789764104,78.34756289676304,Estimación adecuada
Hormigueros,2010-2014,2,82.71051389712174,83.41430707145881,82.1608298250297,84.85633200037732,Estimación adecuada
Hormigueros,2015-2019,1,77.91392313609006,78.45492820284912,77.14148111771965,79.68171589927188,Estimación adecuada
Hormigueros,2015-2019,2,85.81866120513573,86.28091951592634,84.69029606184691,88.1292092947308,Estimación adecuada
Hormigueros,2020-2024,1,78.36911216509105,78.97161990835946,77.56645150507057,80.27998477680876,Estimación adecuada
Hormigueros,2020-2024,2,86.17552522276296,86.05776018025563,84.71610933489978,87.79173363982812,Estimación adecuada
Humacao,1980-1984,1,70.58258576927221,70.82305918041908,69.97817697649192,71.7487970013838,Estimación adecuada
Humacao,1980-1984,2,75.89477228552336,76.17572506717416,75.37089925434258,77.0616238847111,Estimación adecuada
Humacao,1985-1989,1,70.67071512913827,70.78270909631945,69.84574641115738,71.71491440122762,Estimación adecuada
Humacao,1985-1989,2,78.26869595391119,78.03202578516044,77.07308229293493,78.9783119216421,Estimación adecuada
Humacao,1990-1994,1,69.59966588678492,69.8659592780522,69.01939809092849,70.66191008670194,Estimación adecuada
Humacao,1990-1994,2,78.98527536141168,78.66601206858077,77.75128606713811,79.71142190494486,Estimación adecuada
Humacao,1995-1999,1,71.67034271113566,71.45902787552126,70.64661171488163,72.24549503372997,Estimación adecuada
Humacao,1995-1999,2,78.50994029948488,78.36819875490647,77.54208193663786,79.19249164768917,Estimación adecuada
Humacao,2000-2004,1,73.45461991775991,73.41402426567716,72.48912157378987,74.24255718092971,Estimación adecuada
Humacao,2000-2004,2,79.72370844675466,79.92702412461693,79.05962693686206,80.92785226721419,Estimación adecuada
Humacao,2005-2009,1,73.61846549183731,74.03189404856711,73.10184292664941,74.84640836681648,Estimación adecuada
Humacao,2005-2009,2,81.80291929231979,81.53685470154846,80.71574558758924,82.49631159919723,Estimación adecuada
Humacao,2010-2014,1,75.80326051258055,75.88274374715597,75.05192722123569,76.73912458682015,Estimación adecuada
Humacao,2010-2014,2,83.58584598942798,83.04591222817646,82.12241933123033,84.07035319497459,Estimación adecuada
Humacao,2015-2019,1,76.7386829389743,77.20548958447078,76.26844357039643,78.17604569602462,Estimación adecuada
Humacao,2015-2019,2,84.86787206578826,84.44313038698877,83.46168847169926,85.51796319742537,Estimación adecuada
Humacao,2020-2024,1,76.7404128820364,77.50696466793985,76.43427555920246,78.3577557884342,Estimación adecuada
Humacao,2020-2024,2,84.233200245355,84.23499817190816,83.36796255118048,85.22565370374794,Estimación adecuada
Isabela,1980-1984,1,73.09738020117423,72.81205940170275,71.71919594212756,73.93682060571554,Estimación adecuada
Isabela,1980-1984,2,77.82732250278018,77.7645202889471,76.79894992697047,78.75652385958453,Estimación adecuada
Isabela,1985-1989,1,71.58083949829111,71.55963622181301,70.64575742694642,72.51038107386978,Estimación adecuada
Isabela,1985-1989,2,78.50099967900502,78.26183261051648,77.1549499174038,79.46282727825142,Estimación adecuada
Isabela,1990-1994,1,72.0475169163787,71.64195510942739,70.70843654844145,72.6000893156696,Estimación adecuada
Isabela,1990-1994,2,78.52411999469241,78.36559194891697,77.43046396885573,79.341885449196,Estimación adecuada
Isabela,1995-1999,1,71.86251133480623,71.57832004133203,70.74399863064828,72.47980038639699,Estimación adecuada
Isabela,1995-1999,2,79.50480811685766,79.32067550690971,78.27576662690296,80.4511570713556,Estimación adecuada
Isabela,2000-2004,1,73.31643311223908,73.24074034382795,72.43355050527346,74.06972714602732,Estimación adecuada
Isabela,2000-2004,2,79.66880055796743,79.71137441326326,78.86011006328248,80.60796706585903,Estimación adecuada
Isabela,2005-2009,1,75.53006169201437,74.86705651963038,73.96482570054116,75.72021028995252,Estimación adecuada
Isabela,2005-2009,2,80.46868606139569,80.53529470148877,79.65837102715318,81.55904048921936,Estimación adecuada
Isabela,2010-2014,1,76.3459756319445,76.08244689577685,75.21645879669055,76.93117686410953,Estimación adecuada
Isabela,2010-2014,2,82.99199255121863,82.6023162921071,81.66970011419765,83.59677656679273,Estimación adecuada
Isabela,2015-2019,1,78.28631956544136,77.8711326037218,76.85535302720523,78.99851498485036,Estimación adecuada
Isabela,2015-2019,2,84.46499781522432,84.13638918433747,83.05465335697961,85.2049093125163,Estimación adecuada
Isabela,2020-2024,1,78.44494383134611,77.54619742438842,76.67272840688543,78.37458369856378,< e0 observado
Isabela,2020-2024,2,84.54430409037892,84.88622537360928,83.81909703095776,86.09633107336751,Estimación adecuada
Jayuya,1980-1984,1,71.54820346169252,71.74299937371278,70.58417578213975,73.01972194716097,Estimación adecuada
Jayuya,1980-1984,2,75.83217282493807,77.30489368372953,75.8202826858528,78.96141441125665,Estimación adecuada
Jayuya,1985-1989,1,71.8852739133792,71.41383027636849,70.27098629586773,72.58914883227031,Estimación adecuada
Jayuya,1985-1989,2,75.89535009908417,77.19630206569059,75.97874580496705,78.54250102171392,> e0 observado
Jayuya,1990-1994,1,71.61501384784762,71.14232076001022,69.92445788615017,72.30672593810183,Estimación adecuada
Jayuya,1990-1994,2,76.60405912768891,78.15175431744481,76.60489319812031,79.82197904795106,> e0 observado
Jayuya,1995-1999,1,72.762612067533,72.19120357737359,70.87834229435336,73.40157000115933,Estimación adecuada
Jayuya,1995-1999,2,78.02341987371616,78.5616724647256,77.2644078052491,79.91357506788725,Estimación adecuada
Jayuya,2000-2004,1,74.804694975474,73.76580192503752,72.69321558591798,75.02227333327905,Estimación adecuada
Jayuya,2000-2004,2,82.26030453801704,81.67602648418624,80.26461150641158,83.43442130846111,Estimación adecuada
Jayuya,2005-2009,1,76.29392429833622,75.54925019005151,74.17999359177544,76.9809687674564,Estimación adecuada
Jayuya,2005-2009,2,83.26574991380474,82.30520732729629,80.9728747053921,83.92041428236097,Estimación adecuada
Jayuya,2010-2014,1,77.86670993006521,77.03004445341742,75.64240793253485,78.41576782022084,Estimación adecuada
Jayuya,2010-2014,2,83.01935062086235,83.14959421705953,81.69168697675708,84.90613785294133,Estimación adecuada
Jayuya,2015-2019,1,79.09662441043547,78.14307551923471,76.74175946188163,79.66781535106485,Estimación adecuada
Jayuya,2015-2019,2,86.09536520292538,85.80955677310101,83.92450887852245,88.02749760168493,Estimación adecuada
Jayuya,2020-2024,1,80.33778345942194,79.31148104478252,77.7293697110079,80.97082250325388,Estimación adecuada
Jayuya,2020-2024,2,86.05790395955583,85.5282624835687,83.91758878166634,87.82457097131064,Estimación adecuada
Juana Diaz,1980-1984,1,71.10192241498234,70.99033018839023,70.11453467311681,72.01690475600523,Estimación adecuada
Juana Diaz,1980-1984,2,76.03760260059695,76.46252307615951,75.45615749475982,77.51848409786633,Estimación adecuada
Juana Diaz,1985-1989,1,70.59066146569734,70.65589781456573,69.65711365566766,71.56521517873757,Estimación adecuada
Juana Diaz,1985-1989,2,77.72376003285237,77.73676558516067,76.74399536246351,78.75348668542375,Estimación adecuada
Juana Diaz,1990-1994,1,70.59462619152536,70.6024475133049,69.67654762249607,71.50663671178583,Estimación adecuada
Juana Diaz,1990-1994,2,77.80758248720088,77.92160642267385,76.93797505812047,78.87275547872352,Estimación adecuada
Juana Diaz,1995-1999,1,70.63826210363753,70.68324490078372,69.83285560174168,71.5216131154941,Estimación adecuada
Juana Diaz,1995-1999,2,78.23721855538598,78.23536618204966,77.36670662128299,79.17801932717983,Estimación adecuada
Juana Diaz,2000-2004,1,72.42010194033637,72.66621626114878,71.76890715945497,73.44094347621645,Estimación adecuada
Juana Diaz,2000-2004,2,80.07095731748443,79.9477298131064,78.98982433202472,80.95668373201174,Estimación adecuada
Juana Diaz,2005-2009,1,74.09224072675535,74.33905681779257,73.37529034973402,75.32902001697941,Estimación adecuada
Juana Diaz,2005-2009,2,81.70478408921697,81.39596996076855,80.4666802948182,82.51681800778039,Estimación adecuada
Juana Diaz,2010-2014,1,75.9826744595313,75.96389684208782,75.01168074140807,77.03479891352866,Estimación adecuada
Juana Diaz,2010-2014,2,82.91141974537287,82.68360320096961,81.67574921361054,83.82664748899971,Estimación adecuada
Juana Diaz,2015-2019,1,77.4756453319244,77.37484640286753,76.45306577843661,78.30606366675586,Estimación adecuada
Juana Diaz,2015-2019,2,86.60689455981232,85.83758631033947,84.58243418917722,87.19355506481374,Estimación adecuada
Juana Diaz,2020-2024,1,76.12481522857756,76.62611377955747,75.63687797644512,77.57889333795748,Estimación adecuada
Juana Diaz,2020-2024,2,86.09723573194701,85.35392337726431,84.21413102229248,86.61217895877472,Estimación adecuada
Juncos,1980-1984,1,70.4832974097173,70.7304992757011,69.6653320052662,71.85764904870959,Estimación adecuada
Juncos,1980-1984,2,77.17475536145652,77.0795306611472,75.97443592066561,78.34925072992684,Estimación adecuada
Juncos,1985-1989,1,69.32349287604664,69.90308763238254,68.84827188414828,70.96299081633012,Estimación adecuada
Juncos,1985-1989,2,77.84087141019062,77.46802950832486,76.4219523651175,78.57137954789025,Estimación adecuada
Juncos,1990-1994,1,69.26314387145591,69.76777859846936,68.76010905953514,70.68797172500511,Estimación adecuada
Juncos,1990-1994,2,78.64376251745605,78.36699302968698,77.3763726930555,79.45635436582012,Estimación adecuada
Juncos,1995-1999,1,70.43259716290989,70.58482161251894,69.59312251696724,71.58298553703123,Estimación adecuada
Juncos,1995-1999,2,78.88321244236762,78.69656114068316,77.60288582076753,79.70259482061829,Estimación adecuada
Juncos,2000-2004,1,73.50676785386435,73.36089169430164,72.40921949106718,74.42595904503811,Estimación adecuada
Juncos,2000-2004,2,80.82760129992721,80.31765789942438,79.31473497148025,81.48934912550354,Estimación adecuada
Juncos,2005-2009,1,72.5823719234395,73.07485149137239,72.03741081963031,74.13191653461239,Estimación adecuada
Juncos,2005-2009,2,80.29148928265256,80.3446262881236,79.25946281120578,81.48093873151875,Estimación adecuada
Juncos,2010-2014,1,74.05814861532626,74.72536725865467,73.74078097026369,75.65423861642093,Estimación adecuada
Juncos,2010-2014,2,82.42841718245143,82.44063783065907,81.33280473224042,83.78550190235573,Estimación adecuada
Juncos,2015-2019,1,76.99651467647962,76.96121644276273,75.9492101878453,78.08820577509374,Estimación adecuada
Juncos,2015-2019,2,83.23323259682593,83.4503592307511,82.35676075086008,84.60546951677519,Estimación adecuada
Juncos,2020-2024,1,76.96779959385644,76.6425029997254,75.56452402893868,77.78026527670718,Estimación adecuada
Juncos,2020-2024,2,85.00221618874696,84.47011155166535,83.22201476514043,85.9299591331707,Estimación adecuada
Lajas,1980-1984,1,72.46316902920564,72.01755963267965,70.98894622100593,73.14140053945157,Estimación adecuada
Lajas,1980-1984,2,77.35030656462364,77.78335367867041,76.56001107951722,79.0473282881433,Estimación adecuada
Lajas,1985-1989,1,73.36206024807198,72.52474737799741,71.31487024714853,73.73841662801769,Estimación adecuada
Lajas,1985-1989,2,77.65847465397064,77.8107766447737,76.76360016495036,78.92747039656467,Estimación adecuada
Lajas,1990-1994,1,72.37357825429245,72.09224808576249,70.93935899336809,73.19335937098214,Estimación adecuada
Lajas,1990-1994,2,79.66328406009775,79.26650031615064,78.15982135065617,80.45355133568349,Estimación adecuada
Lajas,1995-1999,1,72.56496891931091,72.14826181141953,71.12160689492438,73.1770619327955,Estimación adecuada
Lajas,1995-1999,2,79.70456393493818,79.64811979599467,78.53368240234684,80.93284323315312,Estimación adecuada
Lajas,2000-2004,1,74.14208023792457,74.00714075275081,72.97601359998451,75.00135441782412,Estimación adecuada
Lajas,2000-2004,2,81.18752068509266,80.93276579531084,79.79250711067951,82.15457119948474,Estimación adecuada
Lajas,2005-2009,1,76.68683187769454,75.47355943774136,74.48389675581645,76.55614826436734,< e0 observado
Lajas,2005-2009,2,81.73140373208773,81.61790623903272,80.49808643116634,82.78444670781793,Estimación adecuada
Lajas,2010-2014,1,76.92095663234578,76.4231984870923,75.33995562489181,77.62073006047191,Estimación adecuada
Lajas,2010-2014,2,83.39940774512145,83.27464986853263,82.0115469666641,84.55254526264311,Estimación adecuada
Lajas,2015-2019,1,79.16417400599892,78.20562432779326,77.03605157300575,79.52650572864755,Estimación adecuada
Lajas,2015-2019,2,84.33383648976294,84.63025015470498,83.34529258739741,85.99032818737322,Estimación adecuada
Lajas,2020-2024,1,78.13171144418278,77.53607050540023,76.59492473778144,78.54100205960304,Estimación adecuada
Lajas,2020-2024,2,85.69664696158718,85.45970351563675,84.1204167944147,87.2009922749713,Estimación adecuada
Lares,1980-1984,1,70.93967460008611,71.64643604564276,70.6650347242906,72.69331190898501,Estimación adecuada
Lares,1980-1984,2,80.07304720190547,79.72943358435182,78.24943277785803,81.18328279839918,Estimación adecuada
Lares,1985-1989,1,72.07284835603735,72.21759491462838,71.25079849740773,73.25514598031171,Estimación adecuada
Lares,1985-1989,2,80.12906339800288,79.57056006333549,78.4114206935806,80.78828707821617,Estimación adecuada
Lares,1990-1994,1,71.99408741634562,71.94528371407824,70.81406801769637,73.11001778743253,Estimación adecuada
Lares,1990-1994,2,78.72924701770712,78.77617395235981,77.70560086745701,79.75894868593936,Estimación adecuada
Lares,1995-1999,1,74.58529726703922,73.90146268824319,72.82476298362027,74.95843913057304,Estimación adecuada
Lares,1995-1999,2,81.29595428708723,80.72389092732371,79.60382478581792,81.92115875696668,Estimación adecuada
Lares,2000-2004,1,75.1110712856121,74.77817687393684,73.85394280974093,75.69925074600884,Estimación adecuada
Lares,2000-2004,2,81.70641489338435,81.67506006133556,80.535278273392,83.00178415497572,Estimación adecuada
Lares,2005-2009,1,76.5462882162104,75.71125846310608,74.75990354478836,76.68320796015581,Estimación adecuada
Lares,2005-2009,2,82.28400989612267,82.09503497139623,80.92720762622594,83.22182512749188,Estimación adecuada
Lares,2010-2014,1,79.39080265192932,78.3045441903749,77.24174210770279,79.42193596042205,Estimación adecuada
Lares,2010-2014,2,82.72140750112155,82.41373635948679,81.31128773488527,83.52953869069927,Estimación adecuada
Lares,2015-2019,1,78.13032401868809,77.82525654067233,76.85237246526867,78.92311277379974,Estimación adecuada
Lares,2015-2019,2,84.424471152182,84.40691698129174,83.2512547873476,85.75748699885168,Estimación adecuada
Lares,2020-2024,1,77.84495769277572,78.07641934345395,76.99488920335861,79.195091212959,Estimación adecuada
Lares,2020-2024,2,84.10188803972103,84.6163505845154,83.52878179594296,85.82950797291248,Estimación adecuada
Las Marias,1980-1984,1,73.81563474744125,73.4452381836504,72.18276307323525,75.00313645319764,Estimación adecuada
Las Marias,1980-1984,2,83.88520673112671,81.1742277419365,79.24099988198309,83.92042487830278,Estimación adecuada
Las Marias,1985-1989,1,73.62469730038673,73.13850531677032,71.71557987424266,74.53512703831674,Estimación adecuada
Las Marias,1985-1989,2,78.14820547870697,79.76570718123963,78.1054314351746,81.78722668545646,Estimación adecuada
Las Marias,1990-1994,1,74.00881730690156,73.30025137027783,71.82595856390766,74.79687169014471,Estimación adecuada
Las Marias,1990-1994,2,80.22328205184606,80.69872263960025,78.98325766837922,82.65105168146702,Estimación adecuada
Las Marias,1995-1999,1,75.13206537448636,73.7361196835997,72.30595610755826,75.24301277608687,Estimación adecuada
Las Marias,1995-1999,2,81.22000339132549,80.99235567391624,79.3798244373077,82.85066699124104,Estimación adecuada
Las Marias,2000-2004,1,77.0746887546824,75.64495590174948,74.14728590471655,77.17749813571167,Estimación adecuada
Las Marias,2000-2004,2,81.22993587246654,82.6841411370703,80.73318257743092,84.73874682785917,Estimación adecuada
Las Marias,2005-2009,1,78.94241289794024,76.88076011576229,75.3428321507361,78.70025384004998,< e0 observado
Las Marias,2005-2009,2,82.45741722564794,83.52346332325016,81.59559284361681,85.70786208100697,Estimación adecuada
Las Marias,2010-2014,1,78.9874533300309,77.4448578853719,76.08562991084004,78.84812417724343,< e0 observado
Las Marias,2010-2014,2,85.68826589307866,84.9123347398763,83.13274290574913,87.4644130551523,Estimación adecuada
Las Marias,2015-2019,1,78.44180353450636,79.2269516585639,77.6991850908298,80.89079064640379,Estimación adecuada
Las Marias,2015-2019,2,86.2119644760504,86.03161308392586,84.03761945704008,88.7868261355634,Estimación adecuada
Las Marias,2020-2024,1,78.65869602395698,78.9742321896153,77.44843812183642,80.52871642954236,Estimación adecuada
Las Marias,2020-2024,2,88.4892406052294,87.44322281047747,85.23243125848539,90.15432134722568,Estimación adecuada
Las Piedras,1980-1984,1,72.4628953772312,72.67841482826395,71.44565897800177,73.79218715309024,Estimación adecuada
Las Piedras,1980-1984,2,77.65886672068534,78.04218856844668,76.80692690164798,79.40592089588957,Estimación adecuada
Las Piedras,1985-1989,1,72.6175420547073,72.35506104690353,71.19979881529902,73.63749453639866,Estimación adecuada
Las Piedras,1985-1989,2,79.00116087428613,79.04969659467163,77.81061404260063,80.43714635198714,Estimación adecuada
Las Piedras,1990-1994,1,71.55978947014577,71.7731147933464,70.74922155864672,72.88063650930191,Estimación adecuada
Las Piedras,1990-1994,2,78.8936505301308,78.76672548945932,77.69105754294917,80.04410802663119,Estimación adecuada
Las Piedras,1995-1999,1,73.7555375015721,72.98192865913731,71.97527736304602,73.99510724347294,Estimación adecuada
Las Piedras,1995-1999,2,79.79933667371475,79.73525215248858,78.66424516923487,80.8871930162439,Estimación adecuada
Las Piedras,2000-2004,1,74.83778165388009,74.56086688270003,73.6316259587834,75.67304580853722,Estimación adecuada
Las Piedras,2000-2004,2,80.54014043533199,80.39799852178811,79.40556315200759,81.53474592295262,Estimación adecuada
Las Piedras,2005-2009,1,76.55584156350447,75.87755015922477,74.8396263144031,76.94172292287583,Estimación adecuada
Las Piedras,2005-2009,2,82.30870059101942,82.35677059807779,81.16221252637612,83.6266125711905,Estimación adecuada
Las Piedras,2010-2014,1,75.93351372986655,76.48747592945986,75.38198225887182,77.62183294950982,Estimación adecuada
Las Piedras,2010-2014,2,82.5650052808105,82.55755138995417,81.58974437126089,83.73529386089486,Estimación adecuada
Las Piedras,2015-2019,1,78.58935894309695,78.33926585960782,77.32105180261557,79.48530260390879,Estimación adecuada
Las Piedras,2015-2019,2,85.3607640329745,85.09951905386009,83.86187363245608,86.5324677127262,Estimación adecuada
Las Piedras,2020-2024,1,77.65607135099413,77.8981712149153,76.7844558493775,78.97617988744248,Estimación adecuada
Las Piedras,2020-2024,2,85.02534012586074,84.8115315942677,83.79054721436938,85.96354080891865,Estimación adecuada
Loiza,1980-1984,1,71.29708119790713,70.8376584595157,69.55187020598045,72.28231815730601,Estimación adecuada
Loiza,1980-1984,2,77.96280313581073,77.46647547005833,76.06085404006491,79.07789956482692,Estimación adecuada
Loiza,1985-1989,1,71.11235934077855,70.69715126043201,69.33326631280707,72.01916672013712,Estimación adecuada
Loiza,1985-1989,2,79.76441464134875,78.74665232823124,77.22835892028264,80.4230360466815,Estimación adecuada
Loiza,1990-1994,1,68.65505357436209,69.21888817540172,67.95314172410198,70.51930020071526,Estimación adecuada
Loiza,1990-1994,2,77.83527198679872,77.88336662093784,76.63483428540047,79.20329051146382,Estimación adecuada
Loiza,1995-1999,1,67.54575668322258,69.0028858535392,67.78222955791946,70.14910591536669,> e0 observado
Loiza,1995-1999,2,80.44991909621369,79.52905793693253,78.17427627620741,81.01574562718481,Estimación adecuada
Loiza,2000-2004,1,69.21795433977262,71.07268660116488,69.88123865906189,72.26734548398377,> e0 observado
Loiza,2000-2004,2,83.71722475677984,82.0956651532046,80.55948576507376,83.98962940917501,Estimación adecuada
Loiza,2005-2009,1,69.49244819404063,71.73298869636486,70.55770730637646,72.84161858428529,> e0 observado
Loiza,2005-2009,2,81.62588342717608,81.26427966360104,80.06675109558472,82.65404833910219,Estimación adecuada
Loiza,2010-2014,1,72.71620374599513,74.44626473637007,73.19374300323636,75.83976792882538,> e0 observado
Loiza,2010-2014,2,83.22740715687155,82.83527587090606,81.45640246477987,84.3893740103321,Estimación adecuada
Loiza,2015-2019,1,76.42256809809959,76.77247048557552,75.45175489388019,78.14426224925158,Estimación adecuada
Loiza,2015-2019,2,84.58243093379357,84.53196452751891,82.95750639923159,86.2043899743584,Estimación adecuada
Loiza,2020-2024,1,74.30071613355503,75.72760944797741,74.47084223003213,76.89074864849549,> e0 observado
Loiza,2020-2024,2,85.89228425330265,85.1197789694317,83.58908753448543,86.90394866979018,Estimación adecuada
Luquillo,1980-1984,1,71.32237106066451,70.93581522646194,69.76999067554638,72.16659751169824,Estimación adecuada
Luquillo,1980-1984,2,96.21054523115929,80.14559612638845,78.07250987796411,82.91140449380556,< e0 observado
Luquillo,1985-1989,1,70.58391307233262,70.70880466353674,69.50554604171728,71.97256161162879,Estimación adecuada
Luquillo,1985-1989,2,75.85277823303889,76.70305817566435,75.40189797187416,78.0140506142574,Estimación adecuada
Luquillo,1990-1994,1,69.78687362564872,70.03848762432627,68.78783430973245,71.41447636236543,Estimación adecuada
Luquillo,1990-1994,2,78.65540822491414,78.24973364581774,76.79043017374153,79.79563142945213,Estimación adecuada
Luquillo,1995-1999,1,68.84529148191722,69.62422511129694,68.29615636002316,70.80673124451513,Estimación adecuada
Luquillo,1995-1999,2,77.57073371934368,77.87702278177035,76.50881125987821,79.33160120700909,Estimación adecuada
Luquillo,2000-2004,1,71.56692809461028,72.06156193034221,70.87425814673058,73.29784014748653,Estimación adecuada
Luquillo,2000-2004,2,80.93857359304148,80.60283704412322,79.26904191076946,82.18519655734393,Estimación adecuada
Luquillo,2005-2009,1,73.66197666420697,73.911670786451,72.7493322893322,75.09365355645744,Estimación adecuada
Luquillo,2005-2009,2,80.16453384109049,80.30801027691226,79.13130928679163,81.60704818769936,Estimación adecuada
Luquillo,2010-2014,1,74.125398030716255,75.01766463184345,73.7465003701214,76.31208919387119,Estimación adecuada
Luquillo,2010-2014,2,83.56937802942338,82.93278339438882,81.56653202544427,84.46311165359539,Estimación adecuada
Luquillo,2015-2019,1,78.24158315716944,77.2257770854237,76.0315607845951,78.41716414885204,Estimación adecuada
Luquillo,2015-2019,2,86.16375324393145,85.27398057731855,83.68139896839162,87.10756559647034,Estimación adecuada
Luquillo,2020-2024,1,76.82778593702754,76.60478993938962,75.3730925419923,77.78463809269384,Estimación adecuada
Luquillo,2020-2024,2,84.96686508096819,84.62209060457216,83.08946506575084,86.37364387291444,Estimación adecuada
Manati,1980-1984,1,69.99769254598455,70.2782625080932,69.31772650413978,71.30134332569587,Estimación adecuada
Manati,1980-1984,2,76.91897319341015,76.97177903848407,75.94078576162306,78.05463398956314,Estimación adecuada
Manati,1985-1989,1,69.40848405753856,69.90892882316946,68.92572060950779,70.87778375305456,Estimación adecuada
Manati,1985-1989,2,78.1365208528677,77.91938133494298,76.80542235399241,79.11072835985357,Estimación adecuada
Manati,1990-1994,1,69.23507276864738,69.80955765538324,68.817943280999,70.74098781398031,Estimación adecuada
Manati,1990-1994,2,78.13694859634435,77.9640818009791,77.03477815145922,78.95811869724729,Estimación adecuada
Manati,1995-1999,1,70.56621278613628,70.80581319017466,69.85111469166866,71.64847676086,Estimación adecuada
Manati,1995-1999,2,78.18010801536123,78.29563035381848,77.34482415645266,79.28094647895212,Estimación adecuada
Manati,2000-2004,1,73.5059956746808,73.23623814110928,72.31456329029042,74.1453375644647,Estimación adecuada
Manati,2000-2004,2,79.921946292628,79.77587484590518,78.89305101991009,80.67208753295292,Estimación adecuada
Manati,2005-2009,1,74.42317304268016,74.4665262903854,73.4835667238297,75.4613070335911,Estimación adecuada
Manati,2005-2009,2,81.69558612867581,81.25384772352075,80.31833106088895,82.24735970713519,Estimación adecuada
Manati,2010-2014,1,75.79949582054559,75.73549573568619,74.76723729569352,76.65387591206408,Estimación adecuada
Manati,2010-2014,2,82.46392723255103,82.08276546565955,81.10735596603334,83.06204205674486,Estimación adecuada
Manati,2015-2019,1,76.50082129222024,76.80223663558783,75.9336934059129,77.83114073566017,Estimación adecuada
Manati,2015-2019,2,84.47543845885097,84.1333268767069,83.14752261649267,85.19919177462062,Estimación adecuada
Manati,2020-2024,1,76.6410779362147,76.627075238743,75.65860770050641,77.43266324982747,Estimación adecuada
Manati,2020-2024,2,84.79279277649533,84.5345180864563,83.56527676107157,85.72390873684202,Estimación adecuada
Maricao,1980-1984,1,68.60202825310121,71.47453940141995,69.9217820804672,73.07240736665491,> e0 observado
Maricao,1980-1984,2,78.09479107390814,78.74627801072717,76.82468660476123,80.86830593539419,Estimación adecuada
Maricao,1985-1989,1,74.96773339223955,72.96312920530524,71.39562201790378,74.6031709043614,< e0 observado
Maricao,1985-1989,2,78.61629942834107,79.41555246779333,77.49795711049181,81.6194481010553,Estimación adecuada
Maricao,1990-1994,1,71.6682444194189,71.68466485317492,70.10854360286874,73.22398856964718,Estimación adecuada
Maricao,1990-1994,2,78.7855059436943,79.67127357829919,77.967285851113175,81.76531101321886,Estimación adecuada
Maricao,1995-1999,1,71.33878340346546,71.8442097366453,70.43940708087021,73.39353545106867,Estimación adecuada
Maricao,1995-1999,2,78.99834861586001,80.26801601595336,78.33613983057776,82.43071465703181,Estimación adecuada
Maricao,2000-2004,1,77.71513177879464,75.33671116598394,73.5852111442918,77.15374775674591,< e0 observado
Maricao,2000-2004,2,80.22542908124815,81.53000915331265,79.59959162968997,84.10554247042157,Estimación adecuada
Maricao,2005-2009,1,77.40367339569201,75.63228904574513,73.95211836572341,77.41108615952092,Estimación adecuada
Maricao,2005-2009,2,82.65920888615886,82.9449658017553,81.05480604869962,85.3390937042643,Estimación adecuada
Maricao,2010-2014,1,78.78632855189304,77.19696943309629,75.53769279864112,79.19050799492392,Estimación adecuada
Maricao,2010-2014,2,86.34203171038145,85.49776143452624,83.11072283500594,88.76580388372943,Estimación adecuada
Maricao,2015-2019,1,75.94252949549474,77.98152092808789,76.26502575385823,79.80121004117444,> e0 observado
Maricao,2015-2019,2,88.98166952275554,86.9338875678709,84.4652855254222,90.57214370526492,Estimación adecuada
Maricao,2020-2024,1,78.97029384636113,78.29648502799122,76.3834465373972,80.48021662993177,Estimación adecuada
Maricao,2020-2024,2,84.52027651105944,84.2388401787115,82.417534520628,86.60251552918649,Estimación adecuada
Maunabo,1980-1984,1,71.14680086853208,71.68136162366031,70.34092798758076,73.18867543310053,Estimación adecuada
Maunabo,1980-1984,2,78.1067644645637,78.41017079667127,76.86400764517415,79.98256107286561,Estimación adecuada
Maunabo,1985-1989,1,73.14754634531097,72.20991948808836,70.73288390827155,73.52591301568555,Estimación adecuada
Maunabo,1985-1989,2,80.26716511735238,79.34967342576334,77.87168551370605,81.22996568370749,Estimación adecuada
Maunabo,1990-1994,1,72.41659695481869,72.06390223325424,70.70780471391619,73.42539424803472,Estimación adecuada
Maunabo,1990-1994,2,80.63599878230829,80.07271228065079,78.51195841985113,81.88761385052857,Estimación adecuada
Maunabo,1995-1999,1,71.29560582062038,71.46579756688551,70.09783208789062,72.95960370538151,Estimación adecuada
Maunabo,1995-1999,2,79.21035551708708,79.76356787529198,78.13167683576334,81.48480181690131,Estimación adecuada
Maunabo,2000-2004,1,73.80432839475543,73.84468017034516,72.52245705784472,75.13187938580366,Estimación adecuada
Maunabo,2000-2004,2,81.50289326156216,81.27615849312966,79.72368249882565,82.97403167782075,Estimación adecuada
Maunabo,2005-2009,1,74.64232752557565,74.30678992583209,73.00328534010782,75.55363656251383,Estimación adecuada
Maunabo,2005-2009,2,82.94220641756984,82.91701714113725,81.24827903274365,85.07577331620051,Estimación adecuada
Maunabo,2010-2014,1,74.8339607817344,75.50093628393282,74.31644013607969,76.80136553584556,Estimación adecuada
Maunabo,2010-2014,2,84.96652627183896,84.82305236060866,82.71006819307291,87.42694567652447,Estimación adecuada
Maunabo,2015-2019,1,78.86941488241771,77.75586094525454,76.44095903919661,79.11938500915572,Estimación adecuada
Maunabo,2015-2019,2,85.85027789954904,85.41923043925445,83.52480356979997,87.6792548765921,Estimación adecuada
Maunabo,2020-2024,1,73.9175174535675,76.22295835028443,74.98534189858148,77.65838276259339,> e0 observado
Maunabo,2020-2024,2,82.49945155414667,83.14777482906763,81.840673911107,84.80441871906818,Estimación adecuada
Mayaguez,1980-1984,1,70.16347210674796,70.34520658741332,69.63932151664424,71.00008189686866,Estimación adecuada
Mayaguez,1980-1984,2,77.60512196844877,77.3186136347943,76.6865188172914,77.9898412855764,Estimación adecuada
Mayaguez,1985-1989,1,70.43422694514761,70.51152554796545,69.86720275909049,71.19294303324274,Estimación adecuada
Mayaguez,1985-1989,2,77.94340408933364,77.82196370375462,77.15735271594149,78.43239412195977,Estimación adecuada
Mayaguez,1990-1994,1,70.24642591292358,70.33875437924767,69.63721262147678,70.94992960135964,Estimación adecuada
Mayaguez,1990-1994,2,78.67215935241931,78.43767082266925,77.76752209382842,79.05469755669293,Estimación adecuada
Mayaguez,1995-1999,1,70.79228679899191,70.90192952303369,70.2669549791153,71.50766535147775,Estimación adecuada
Mayaguez,1995-1999,2,79.57023177554109,79.41663160884373,78.70575225421517,80.0684108230229,Estimación adecuada
Mayaguez,2000-2004,1,73.63502357565517,73.51931899625933,72.86851165600257,74.13488471676128,Estimación adecuada
Mayaguez,2000-2004,2,81.32752458798765,81.05644278110566,80.3086734307601,81.8520974403554,Estimación adecuada
Mayaguez,2005-2009,1,73.96494214443702,74.03657931284677,73.33211929443294,74.73640029950175,Estimación adecuada
Mayaguez,2005-2009,2,81.49974889865346,81.34283674367467,80.6092789529548,82.0439036394229,Estimación adecuada
Mayaguez,2010-2014,1,74.96249416874119,74.92796096321467,74.27660610140687,75.57103745653589,Estimación adecuada
Mayaguez,2010-2014,2,82.81805760395481,82.71844011326364,81.94470178137992,83.53347772880272,Estimación adecuada
Mayaguez,2015-2019,1,77.18178911462695,77.2943558497779,76.54324028588664,78.11798512867847,Estimación adecuada
Mayaguez,2015-2019,2,85.03789447163464,84.90981649958633,84.06994162793634,85.80436376234894,Estimación adecuada
Mayaguez,2020-2024,1,76.09571809909919,76.52876440205017,75.69844582197545,77.32696083159821,Estimación adecuada
Mayaguez,2020-2024,2,84.85251261520094,84.83556341307884,84.06658157976611,85.77665867678532,Estimación adecuada
Moca,1980-1984,1,71.47861356859958,72.28747033808659,71.18874839531122,73.34440499197635,Estimación adecuada
Moca,1980-1984,2,77.57729967024724,78.17315255453929,76.99965299211821,79.46222903198431,Estimación adecuada
Moca,1985-1989,1,74.13223338906987,73.4384665003812,72.43669688720719,74.45471061234856,Estimación adecuada
Moca,1985-1989,2,78.76717836323876,78.87334983932337,77.75235172267696,80.05966354724106,Estimación adecuada
Moca,1990-1994,1,74.38613122856178,73.66130739355432,72.57112967235872,74.71728257940404,Estimación adecuada
Moca,1990-1994,2,79.33086248782432,79.23637131974809,78.15887544210078,80.40231892489616,Estimación adecuada
Moca,1995-1999,1,73.93016893221346,73.4159143979976,72.48747739556255,74.36915226369351,Estimación adecuada
Moca,1995-1999,2,79.92298518560595,79.61946747510677,78.58947935147543,80.65549579547519,Estimación adecuada
Moca,2000-2004,1,76.88913106198095,75.94990620944729,74.94967285256295,76.93356790967866,Estimación adecuada
Moca,2000-2004,2,81.20152141336699,81.34395960055265,80.12416268757859,82.65220399150775,Estimación adecuada
Moca,2005-2009,1,78.23027972920578,77.25238760205664,76.29722701248255,78.34426351017333,Estimación adecuada
Moca,2005-2009,2,81.64729368972594,81.8775216018806,80.7743204283836,82.89754434616405,Estimación adecuada
Moca,2010-2014,1,78.39894219071823,77.95187823652103,76.92216843590127,79.02890869950637,Estimación adecuada
Moca,2010-2014,2,82.3431083414248,82.61149443901124,81.52966976405708,83.77851621463256,Estimación adecuada
Moca,2015-2019,1,78.86942315370179,78.62720647099944,77.62015168503686,79.53187322701827,Estimación adecuada
Moca,2015-2019,2,85.12050775808935,85.15342651902172,83.98360018998123,86.59454817859792,Estimación adecuada
Moca,2020-2024,1,79.5196148813842,79.18366389443878,78.23231281351653,80.1162959289153,Estimación adecuada
Moca,2020-2024,2,84.83463123511952,84.98952189603801,84.00984700976996,86.05848625077192,Estimación adecuada
Morovis,1980-1984,1,72.75449760171898,72.71793920744078,71.39985476706369,74.0030163014072,Estimación adecuada
Morovis,1980-1984,2,79.58978615306602,79.4655667918776,78.03379952662019,81.15716415597525,Estimación adecuada
Morovis,1985-1989,1,73.00155031190296,72.83333918329467,71.63312826615321,74.0039830409286,Estimación adecuada
Morovis,1985-1989,2,79.18909920848033,79.12108813431828,77.77477536810932,80.60310053855599,Estimación adecuada
Morovis,1990-1994,1,74.7129408866261,73.61730526614139,72.44271795548434,74.76735284576752,Estimación adecuada
Morovis,1990-1994,2,79.13950712220092,79.31422468821137,78.12035510654582,80.63460569659543,Estimación adecuada
Morovis,1995-1999,1,72.82153464768288,72.69833607288959,71.61844016572512,73.74245513671302,Estimación adecuada
Morovis,1995-1999,2,80.70735984476201,80.6906967428366,79.42034613323015,82.1808088414176,Estimación adecuada
Morovis,2000-2004,1,74.10293235770516,74.51481467278492,73.4112140681525,75.64586190239564,Estimación adecuada
Morovis,2000-2004,2,82.09073872809745,82.00000131828065,80.57727095299506,83.5777529256242,Estimación adecuada
Morovis,2005-2009,1,76.91529332323657,76.20253129918152,75.11441414447448,77.35472623046469,Estimación adecuada
Morovis,2005-2009,2,83.05104709140619,82.75634458123481,81.45663413389116,84.13235727721258,Estimación adecuada
Morovis,2010-2014,1,77.08123150152963,77.2932748057354,76.2591392447263,78.4748667095787,Estimación adecuada
Morovis,2010-2014,2,83.34182688922566,83.20955109335225,81.94751468644043,84.68279303615702,Estimación adecuada
Morovis,2015-2019,1,78.96515859481998,78.43250080588967,77.35869328204093,79.5222154462467,Estimación adecuada
Morovis,2015-2019,2,87.15880943526801,86.27465940480323,84.81467024704149,88.04087379778963,Estimación adecuada
Morovis,2020-2024,1,78.2458123408178,78.54769974853154,77.49044892786449,79.71560547227004,Estimación adecuada
Morovis,2020-2024,2,84.91369846953171,85.61100935048307,84.23459810741502,87.17144539962364,Estimación adecuada
Naguabo,1980-1984,1,71.84412346105836,71.64399841233265,70.3543682080885,72.93745205454213,Estimación adecuada
Naguabo,1980-1984,2,76.70981740677908,76.72119414514714,75.40386898300422,78.15069411994341,Estimación adecuada
Naguabo,1985-1989,1,70.3877807756849,70.47940552841918,69.38172345101002,71.64669684587291,Estimación adecuada
Naguabo,1985-1989,2,77.29975247108982,77.22688487590655,76.07548174098345,78.37820527188349,Estimación adecuada
Naguabo,1990-1994,1,69.935755323165,70.03003890437495,68.96152095912916,71.10613880469393,Estimación adecuada
Naguabo,1990-1994,2,77.27690861530172,77.79390053419215,76.57128309597454,79.15601270722999,Estimación adecuada
Naguabo,1995-1999,1,69.72322516574484,70.2185263417835,69.07024085713626,71.36633956580317,Estimación adecuada
Naguabo,1995-1999,2,76.82881627212045,77.24912043121304,76.16810325825155,78.33960402234857,Estimación adecuada
Naguabo,2000-2004,1,72.06654411146116,72.23105371902199,71.25673095117237,73.2296403681182,Estimación adecuada
Naguabo,2000-2004,2,79.7628328934226,80.00830991374207,78.80668382113527,81.36049956870798,Estimación adecuada
Naguabo,2005-2009,1,73.77862572143668,73.87052332017663,72.68137141513623,75.01387372923362,Estimación adecuada
Naguabo,2005-2009,2,80.62404690696854,80.8777188849134,79.62510797209906,82.29414383315681,Estimación adecuada
Naguabo,2010-2014,1,75.11164062971052,75.01281902845521,73.81394269629628,76.0849638700702,Estimación adecuada
Naguabo,2010-2014,2,82.93958682980916,82.46933563286521,81.10939812593449,83.99475311149723,Estimación adecuada
Naguabo,2015-2019,1,76.26882750450046,76.08705465221524,75.03875975930615,77.3399165937969,Estimación adecuada
Naguabo,2015-2019,2,84.83022686610576,84.30130126233772,82.8393080519431,85.83824946403637,Estimación adecuada
Naguabo,2020-2024,1,77.23171232523964,76.80084785963722,75.69718792538492,77.88670965979452,Estimación adecuada
Naguabo,2020-2024,2,83.84568426869097,83.72500666860034,82.44656275471289,85.1325544734989,Estimación adecuada
Naranjito,1980-1984,1,74.98820136337291,74.21692876545939,72.83225249178956,75.65223137475287,Estimación adecuada
Naranjito,1980-1984,2,82.09597951709326,80.60944540748406,79.14438429725301,82.0858865690044,< e0 observado
Naranjito,1985-1989,1,74.14321504502335,73.4202687610461,72.2152575640249,74.44776139175926,Estimación adecuada
Naranjito,1985-1989,2,81.17666750110004,80.55520726960972,79.19157148838369,82.16293278247771,Estimación adecuada
Naranjito,1990-1994,1,72.65469281143538,72.67762098267619,71.60010956689585,73.78728458303873,Estimación adecuada
Naranjito,1990-1994,2,80.53672985190586,80.59992211163919,79.24380855460961,82.15816682863827,Estimación adecuada
Naranjito,1995-1999,1,71.78384170584214,72.11213791682036,71.06639762745512,73.13485728392902,Estimación adecuada
Naranjito,1995-1999,2,81.60503745588989,80.97515262041999,79.65794029676977,82.61091377329575,Estimación adecuada
Naranjito,2000-2004,1,75.02066724722975,74.92858983070386,73.75418918156402,76.1021509979513,Estimación adecuada
Naranjito,2000-2004,2,82.02786957174214,81.9406767461671,80.65524892249012,83.34055828553686,Estimación adecuada
Naranjito,2005-2009,1,75.97305227428454,76.12035378272603,74.93923069238262,77.27200972255788,Estimación adecuada
Naranjito,2005-2009,2,81.50399850212823,81.94713607212954,80.76886988722175,83.26067726900553,Estimación adecuada
Naranjito,2010-2014,1,78.20596950921357,77.58553192727892,76.49592635278039,78.593329387986,Estimación adecuada
Naranjito,2010-2014,2,82.65441935713193,83.52710773201964,82.23858683714204,84.93947851222613,Estimación adecuada
Naranjito,2015-2019,1,79.79942567224485,79.5632183666859,78.34583931411895,80.99783302321327,Estimación adecuada
Naranjito,2015-2019,2,86.72388771081324,86.74517956216724,85.14104113853037,88.72766820675723,Estimación adecuada
Naranjito,2020-2024,1,76.58250173203984,77.49646213923242,76.36807197943509,78.62542754812858,Estimación adecuada
Naranjito,2020-2024,2,85.5864530860636,85.2007568198773,84.02594909124585,86.58488697338727,Estimación adecuada
Orocovis,1980-1984,1,73.68697408485414,73.44266345478073,72.09305946246852,74.90247852338942,Estimación adecuada
Orocovis,1980-1984,2,79.52890987399995,79.28836837795512,77.92834050094295,81.01192189533802,Estimación adecuada
Orocovis,1985-1989,1,72.86313442913975,72.63493489477655,71.48828784883791,73.80221808821783,Estimación adecuada
Orocovis,1985-1989,2,83.00284611084997,81.13899799500888,79.58396434633615,83.02165445127045,Estimación adecuada
Orocovis,1990-1994,1,70.6546043654978,71.38144375759046,70.2923202590196,72.56539006308725,Estimación adecuada
Orocovis,1990-1994,2,80.6362204849656,80.3024583263987,78.89702619155642,81.89304169253182,Estimación adecuada
Orocovis,1995-1999,1,73.67698769121861,73.16703462135777,72.03247640548219,74.45502773657432,Estimación adecuada
Orocovis,1995-1999,2,79.89715435282756,80.0389491083408,78.71217480016483,81.35852980046732,Estimación adecuada
Orocovis,2000-2004,1,74.30531059061678,74.27750826333587,73.28094800873426,75.40206948795301,Estimación adecuada
Orocovis,2000-2004,2,82.7682053865501,82.41855401566735,80.95577391002189,84.06634297096059,Estimación adecuada
Orocovis,2005-2009,1,75.65599075985115,75.59938377038549,74.53779610717035,76.85856153879594,Estimación adecuada
Orocovis,2005-2009,2,81.23465089468093,81.54546999861321,80.3007056610545,82.92976212866533,Estimación adecuada
Orocovis,2010-2014,1,78.72609688729915,77.68948092103122,76.4727834049376,78.9866511283444,Estimación adecuada
Orocovis,2010-2014,2,83.46032948812693,83.31354734172007,81.92352005198475,84.81019334709201,Estimación adecuada
Orocovis,2015-2019,1,78.31348130255999,78.13415006588136,76.96459857137319,79.39689820460951,Estimación adecuada
Orocovis,2015-2019,2,84.96910673692187,85.20291595436623,83.85399302548812,86.84658225541375,Estimación adecuada
Orocovis,2020-2024,1,77.80883766643083,78.52017407187358,77.20289106208743,79.94474007859795,Estimación adecuada
Orocovis,2020-2024,2,84.81893104480201,84.8008782322809,83.48699662892612,86.48010262216802,Estimación adecuada
Patillas,1980-1984,1,71.2919207839744,71.73113341523273,70.48212105649891,73.07706337807228,Estimación adecuada
Patillas,1980-1984,2,77.55331848134108,77.67447761468347,76.40467369877815,79.15840566085878,Estimación adecuada
Patillas,1985-1989,1,71.37552114824256,70.94789299969057,69.76185112097404,72.01778774168709,Estimación adecuada
Patillas,1985-1989,2,79.24042850774778,78.60910032082128,77.36334203391512,80.04420078866822,Estimación adecuada
Patillas,1990-1994,1,72.50760666915836,71.59150033479534,70.47224838060048,72.8346261140103,Estimación adecuada
Patillas,1990-1994,2,78.396020908419,78.3689638517112,77.1669106677651,79.71606783608752,Estimación adecuada
Patillas,1995-1999,1,71.16809015939647,71.32404410930174,70.18809204440082,72.50080284047237,Estimación adecuada
Patillas,1995-1999,2,78.52476688729733,78.3431567384507,77.1544256603581,79.48714759326671,Estimación adecuada
Patillas,2000-2004,1,73.84030571885792,73.58917609686561,72.46625160702985,74.6931492290283,Estimación adecuada
Patillas,2000-2004,2,80.28524555250978,80.66867910626905,79.37790717552816,82.02676213960798,Estimación adecuada
Patillas,2005-2009,1,74.71797456893655,74.40910108849559,73.20227551981729,75.72021554453076,Estimación adecuada
Patillas,2005-2009,2,82.37229150118687,81.57308264386005,80.29601920719705,83.01124034544587,Estimación adecuada
Patillas,2010-2014,1,75.64302541877272,76.03548524640671,74.77902402380835,77.27723990338056,Estimación adecuada
Patillas,2010-2014,2,82.97344642216791,83.15057321579238,81.73779728481948,84.74587856187253,Estimación adecuada
Patillas,2015-2019,1,77.44243369136635,77.31107705598949,76.12714419999166,78.59871606285382,Estimación adecuada
Patillas,2015-2019,2,85.62464985032581,85.55452283426746,84.02116291891576,87.44966547369354,Estimación adecuada
Patillas,2020-2024,1,75.4428131511174,76.45963289209874,75.4277865639125,77.6260869483396,Estimación adecuada
Patillas,2020-2024,2,83.73266646624228,85.52785429091759,83.85056012529613,87.34263395567692,> e0 observado
Penuelas,1980-1984,1,72.35786944424055,71.62346974076961,70.37478227818443,72.82547294861126,Estimación adecuada
Penuelas,1980-1984,2,77.42169553222374,77.62862015231741,76.36000334579735,79.08636400074403,Estimación adecuada
Penuelas,1985-1989,1,72.76539154925341,71.88337624266242,70.73532863425562,73.05635383254346,Estimación adecuada
Penuelas,1985-1989,2,78.26925344407194,78.09861733210765,76.82791142166035,79.46811450645446,Estimación adecuada
Penuelas,1990-1994,1,71.6518283419231,71.18570314916364,69.99868201109257,72.2752928094577,Estimación adecuada
Penuelas,1990-1994,2,78.09730287289996,78.16088444749614,76.96624322370224,79.37602257710043,Estimación adecuada
Penuelas,1995-1999,1,72.51086800891099,71.9381858624472,70.8253203988479,73.01533629434567,Estimación adecuada
Penuelas,1995-1999,2,77.85186468595465,78.41906084459691,77.06274420278781,79.92901325145489,Estimación adecuada
Penuelas,2000-2004,1,73.06979986248778,73.03264846740981,71.89245737384356,74.1162142885739,Estimación adecuada
Penuelas,2000-2004,2,80.74681115313095,80.66451247143206,79.32190220434597,82.35069425873732,Estimación adecuada
Penuelas,2005-2009,1,74.32588415517951,74.34850726108212,73.2453048783058,75.42021067194909,Estimación adecuada
Penuelas,2005-2009,2,83.85447484865448,82.84508558775772,81.1590347145338,84.9392584477406,Estimación adecuada
Penuelas,2010-2014,1,77.2161868060379,76.77543591535644,75.57242561551536,78.1810883385079,Estimación adecuada
Penuelas,2010-2014,2,82.37054992803498,82.29382371691949,81.00362112255775,83.9715612597689,Estimación adecuada
Penuelas,2015-2019,1,76.94988280019332,76.84539435974301,75.77381451348771,77.98601514792581,Estimación adecuada
Penuelas,2015-2019,2,83.52991574696982,83.5293018199317,82.12887593206119,85.02694460366773,Estimación adecuada
Penuelas,2020-2024,1,78.19759662594926,77.50776164640251,76.39324502291895,78.63523885216878,Estimación adecuada
Penuelas,2020-2024,2,83.13779961346445,83.34461410329746,82.06916825236803,84.7767799942602,Estimación adecuada
Ponce,1980-1984,1,70.95163851465587,70.82611868033274,70.31334634819767,71.28503930046021,Estimación adecuada
Ponce,1980-1984,2,77.90393491985162,77.58335730419176,77.06830103159518,78.14474738163828,Estimación adecuada
Ponce,1985-1989,1,68.92037207804252,69.09526523455816,68.573746997155,69.61914669527646,Estimación adecuada
Ponce,1985-1989,2,77.3120135977883,77.25553568424645,76.7983124700814,77.78045340161654,Estimación adecuada
Ponce,1990-1994,1,68.07009878068561,68.33919637357192,67.79929081357578,68.84058385394256,Estimación adecuada
Ponce,1990-1994,2,77.70322992022791,77.74216783233338,77.20079217867563,78.28740999079004,Estimación adecuada
Ponce,1995-1999,1,68.8945019576824,69.13613764906826,68.57046420675348,69.62657159904501,Estimación adecuada
Ponce,1995-1999,2,78.64616620265484,78.5650692791192,78.03651628009612,79.06783874722468,Estimación adecuada
Ponce,2000-2004,1,71.88287158339286,71.97217551911325,71.4564827206141,72.46069051328654,Estimación adecuada
Ponce,2000-2004,2,80.17053819569585,79.95850293772429,79.41420349605906,80.4955399700156,Estimación adecuada
Ponce,2005-2009,1,72.59239776230434,72.79107698711194,72.24728517075117,73.31659009784231,Estimación adecuada
Ponce,2005-2009,2,81.60505937401689,81.40090554805343,80.89935821971315,81.96957733864103,Estimación adecuada
Ponce,2010-2014,1,74.90584213235752,74.91021826544066,74.39729367272088,75.46778002190636,Estimación adecuada
Ponce,2010-2014,2,81.84526785237593,81.79797216515544,81.20023603059667,82.37661175437768,Estimación adecuada
Ponce,2015-2019,1,75.94818443525777,76.15432716858587,75.51936756762154,76.75879788208643,Estimación adecuada
Ponce,2015-2019,2,84.573600741168,84.438688635169,83.79939404638172,85.12086988601314,Estimación adecuada
Ponce,2020-2024,1,76.11579149445392,76.14669374370372,75.52359343310117,76.73177234863664,Estimación adecuada
Ponce,2020-2024,2,84.14984563358192,83.86374811995259,83.25913446246514,84.54040935540085,Estimación adecuada
Quebradillas,1980-1984,1,71.5804748432608,71.50826803762243,70.3066164315339,72.80434975123289,Estimación adecuada
Quebradillas,1980-1984,2,79.23938165137665,78.57317029958266,77.18457452950705,80.23651163771272,Estimación adecuada
Quebradillas,1985-1989,1,70.63546474047975,70.87951634329437,69.69852971262411,72.01683415828933,Estimación adecuada
Quebradillas,1985-1989,2,77.80764334555457,77.57927768506585,76.44829014319117,78.78806436833406,Estimación adecuada
Quebradillas,1990-1994,1,72.04068810225141,71.61762560254519,70.44150134366704,72.80373974613912,Estimación adecuada
Quebradillas,1990-1994,2,79.32174470623532,78.61427216108001,77.35662700641828,79.88579232725509,Estimación adecuada
Quebradillas,1995-1999,1,72.62949799850028,71.77526616363741,70.76799627921142,72.8322448670653,Estimación adecuada
Quebradillas,1995-1999,2,78.8521877504248,78.7655119013251,77.56392714035357,79.99334596315003,Estimación adecuada
Quebradillas,2000-2004,1,73.75120320482118,73.3519438636965,72.31648235403344,74.48693893071939,Estimación adecuada
Quebradillas,2000-2004,2,79.64696913052158,79.85103640152681,78.76248762948221,80.92287554524367,Estimación adecuada
Quebradillas,2005-2009,1,76.4702021217705,75.14595694469347,74.06931372006272,76.38480699438902,< e0 observado
Quebradillas,2005-2009,2,82.57479226170334,82.27081909031278,80.95773930820882,83.89061463374381,Estimación adecuada
Quebradillas,2010-2014,1,76.84416482352528,76.401620201817,75.25291198639215,77.48449358386975,Estimación adecuada
Quebradillas,2010-2014,2,83.16432092953069,83.00307660986896,81.6912117441507,84.36377993875215,Estimación adecuada
Quebradillas,2015-2019,1,77.52581972834565,77.18651222345923,76.17574243448973,78.21635021102388,Estimación adecuada
Quebradillas,2015-2019,2,83.89036641680575,83.60557966437685,82.46543959763419,84.78945742891257,Estimación adecuada
Quebradillas,2020-2024,1,78.45741764289136,77.5289718392844,76.4457774528653,78.65836656910696,Estimación adecuada
Quebradillas,2020-2024,2,84.02514632890372,84.00852050161328,82.76480310180358,85.53925658235427,Estimación adecuada
Rincon,1980-1984,1,71.31036542846637,72.58626257159952,71.24042531995205,73.99895202617338,Estimación adecuada
Rincon,1980-1984,2,78.23121876259758,78.54225415880398,77.2175019856891,80.19187368728562,Estimación adecuada
Rincon,1985-1989,1,72.68195818723761,72.3842206301964,71.16570225783141,73.79419631610953,Estimación adecuada
Rincon,1985-1989,2,78.13112109379762,78.79544878439441,77.45279931977565,80.3212393393731,Estimación adecuada
Rincon,1990-1994,1,74.46482669947628,73.10683153878341,71.80908889374062,74.5086925274086,Estimación adecuada
Rincon,1990-1994,2,79.71875830965256,79.42959695760604,78.07338249556118,80.91060493162504,Estimación adecuada
Rincon,1995-1999,1,71.81900034746621,71.77885966322086,70.50647159027443,73.05078034566412,Estimación adecuada
Rincon,1995-1999,2,80.4078903895804,80.3275827089875,78.87071955462459,81.92291747518358,Estimación adecuada
Rincon,2000-2004,1,75.07948363707656,74.75666172897513,73.54553027442913,76.05475802371379,Estimación adecuada
Rincon,2000-2004,2,82.97798833076854,82.30743739285944,80.76977526451991,83.95666558143373,Estimación adecuada
Rincon,2005-2009,1,76.37954961336744,75.76291447552798,74.53972060903811,77.01302801401982,Estimación adecuada
Rincon,2005-2009,2,80.35621164685101,81.28558505012684,80.016724872908,82.63737619545915,Estimación adecuada
Rincon,2010-2014,1,79.61051534555456,77.83177170800357,76.52554139698906,79.24398852847449,< e0 observado
Rincon,2010-2014,2,83.80210551828287,83.910220098812,82.56410569999667,85.65318881902988,Estimación adecuada
Rincon,2015-2019,1,79.17285737161941,78.97999516170094,77.72978753651002,80.23824357421525,Estimación adecuada
Rincon,2015-2019,2,86.30943741112463,86.28266104949279,84.44632465725644,88.4735454277666,Estimación adecuada
Rincon,2020-2024,1,79.87445814115418,79.6289036058722,78.35466928037951,81.2070963752029,Estimación adecuada
Rincon,2020-2024,2,86.12132225159803,85.71786411413325,84.27076853509891,87.36730914609507,Estimación adecuada
Rio Grande,1980-1984,1,71.31055270884488,71.29390523306884,70.23247805297744,72.31363566869021,Estimación adecuada
Rio Grande,1980-1984,2,77.8338345029928,77.60527550374783,76.44205994085637,78.93351566053313,Estimación adecuada
Rio Grande,1985-1989,1,72.55792010168767,71.86368094915017,70.86983016211883,72.91699534635492,Estimación adecuada
Rio Grande,1985-1989,2,78.55898208748316,78.31303310297758,77.22132887128974,79.61955749416585,Estimación adecuada
Rio Grande,1990-1994,1,69.8066408540921,70.15864378141492,69.23758463305086,71.08018936016309,Estimación adecuada
Rio Grande,1990-1994,2,79.04176505901863,78.93134477498245,77.78859000206371,80.07822940657884,Estimación adecuada
Rio Grande,1995-1999,1,69.24216716509197,69.95260290103259,69.01639358726993,70.86007758775574,Estimación adecuada
Rio Grande,1995-1999,2,78.57122528721384,78.56969743250997,77.58464371288042,79.53977221805778,Estimación adecuada
Rio Grande,2000-2004,1,73.5987446256221,73.53520277013193,72.65986745226932,74.4143156628825,Estimación adecuada
Rio Grande,2000-2004,2,80.92764017417292,80.83702751444956,79.86590340006855,81.91683132202087,Estimación adecuada
Rio Grande,2005-2009,1,74.74267006153134,74.86758458605038,73.90963840243452,75.87096849877452,Estimación adecuada
Rio Grande,2005-2009,2,82.25371975622028,81.8525226591194,80.89816477919838,82.85657908569881,Estimación adecuada
Rio Grande,2010-2014,1,75.62464241200296,75.72667979783438,74.83285585874158,76.64697663742045,Estimación adecuada
Rio Grande,2010-2014,2,81.93516108938404,81.98444188487869,81.06945560048727,82.90885353887671,Estimación adecuada
Rio Grande,2015-2019,1,77.32038501383934,77.42393948274565,76.47635999349353,78.38362503251517,Estimación adecuada
Rio Grande,2015-2019,2,84.73128165771396,84.38680570692247,83.39339688181295,85.56361839787742,Estimación adecuada
Rio Grande,2020-2024,1,76.09079051682853,76.60190685869563,75.65582870016375,77.64106287102915,Estimación adecuada
Rio Grande,2020-2024,2,84.92626206233898,85.18704044176172,84.03965764213824,86.5180019288031,Estimación adecuada
Sabana Grande,1980-1984,1,72.94260252849719,71.98587524883808,70.90777563719011,73.07566848338404,Estimación adecuada
Sabana Grande,1980-1984,2,76.79030160326006,77.28436254259381,75.99192056589568,78.688123906252,Estimación adecuada
Sabana Grande,1985-1989,1,72.60670516660508,72.03987092277391,70.89978072089755,73.12751509609116,Estimación adecuada
Sabana Grande,1985-1989,2,79.46020484114078,78.84850479190618,77.60869145456151,80.12037549442334,Estimación adecuada
Sabana Grande,1990-1994,1,71.96878186562466,71.53218245437931,70.46737041645032,72.62459701529959,Estimación adecuada
Sabana Grande,1990-1994,2,77.52973712888554,77.70477205140014,76.71290686570575,78.67173486241266,Estimación adecuada
Sabana Grande,1995-1999,1,72.42496764545729,71.78622131415189,70.76054977194386,72.83021121285708,Estimación adecuada
Sabana Grande,1995-1999,2,77.8549110688198,77.79439323353137,76.8060260760325,78.73828602931792,Estimación adecuada
Sabana Grande,2000-2004,1,75.19081545433245,74.26418266492712,73.26681270041043,75.41911811661521,Estimación adecuada
Sabana Grande,2000-2004,2,80.10304388750191,80.55485598654036,79.34485899006825,81.79271363757793,Estimación adecuada
Sabana Grande,2005-2009,1,75.77699216646894,74.85393541818125,73.7602231130536,75.99393529086603,Estimación adecuada
Sabana Grande,2005-2009,2,80.72892003066303,81.1872830428888,79.97845273617558,82.61821644965138,Estimación adecuada
Sabana Grande,2010-2014,1,75.70526772953107,75.87741984251053,74.76875835840487,77.00878706096061,Estimación adecuada
Sabana Grande,2010-2014,2,83.3057418970242,82.98482796421126,81.70149388431241,84.31304773802584,Estimación adecuada
Sabana Grande,2015-2019,1,77.43470484017462,76.95554500856429,75.89630627218656,78.04331417289569,Estimación adecuada
Sabana Grande,2015-2019,2,83.12156944238525,83.09204655925191,81.9947164782032,84.39398216060523,Estimación adecuada
Sabana Grande,2020-2024,1,77.44105015726227,77.44070641512536,76.26170641718694,78.61826991759214,Estimación adecuada
Sabana Grande,2020-2024,2,83.44790990052292,84.48259071944005,83.34478486108411,85.77009398145157,Estimación adecuada
Salinas,1980-1984,1,69.34771587119822,69.82507016018401,68.7597667228462,70.73192993464109,Estimación adecuada
Salinas,1980-1984,2,77.00356882697933,76.96837133076,75.84534195911465,78.29868554360024,Estimación adecuada
Salinas,1985-1989,1,67.8768913469486,68.94215824890257,67.89257657366562,70.0332169928461,> e0 observado
Salinas,1985-1989,2,76.51927305162637,76.75612694965544,75.71870206004328,77.91079591833211,Estimación adecuada
Salinas,1990-1994,1,69.60135801885075,69.98941718801787,68.97871170199797,71.04986310568017,Estimación adecuada
Salinas,1990-1994,2,77.16626361655916,77.64868888609686,76.57107674583968,78.75168427531405,Estimación adecuada
Salinas,1995-1999,1,69.29023548543516,69.5711328384551,68.55945508281948,70.55673737262981,Estimación adecuada
Salinas,1995-1999,2,79.22383445714814,78.81703709226626,77.70288577387991,80.14090259384814,Estimación adecuada
Salinas,2000-2004,1,73.10253328655585,73.06686610751925,72.08335607255404,74.17478550645698,Estimación adecuada
Salinas,2000-2004,2,80.52455994892824,80.20053496766512,79.17470739547836,81.41448385214626,Estimación adecuada
Salinas,2005-2009,1,73.52822440107285,73.63117800792159,72.52541162683147,74.66885731386,Estimación adecuada
Salinas,2005-2009,2,80.63090066219925,80.80032706078129,79.64692142571396,81.94759725770764,Estimación adecuada
Salinas,2010-2014,1,75.47743944137984,75.52673538500528,74.47046314750722,76.60126049351474,Estimación adecuada
Salinas,2010-2014,2,83.23167940762168,83.2116383312858,81.82459148772791,84.71266008396566,Estimación adecuada
Salinas,2015-2019,1,77.96635541138743,77.65559186889703,76.50736442813253,78.82480731825922,Estimación adecuada
Salinas,2015-2019,2,85.02610562554052,84.68118295704367,83.44955925068324,86.0937474995474,Estimación adecuada
Salinas,2020-2024,1,77.2752335181164,77.11699628889934,76.02338163768044,78.16864520149082,Estimación adecuada
Salinas,2020-2024,2,85.43601257393142,84.98284838491067,83.73494056153952,86.44615393736052,Estimación adecuada
San German,1980-1984,1,72.17155637189039,72.00912712366954,71.05236751874598,72.9868667959067,Estimación adecuada
San German,1980-1984,2,77.0812843420632,77.40354572146876,76.33363561113029,78.49034088709996,Estimación adecuada
San German,1985-1989,1,73.24578912339052,72.6870766803813,71.72571500048792,73.63133014150254,Estimación adecuada
San German,1985-1989,2,78.281715742411,78.16061452890807,77.21499839795872,79.17442868135697,Estimación adecuada
San German,1990-1994,1,72.47312065094486,72.04242079199821,71.15446869664171,72.85187613210871,Estimación adecuada
San German,1990-1994,2,78.88901019804139,79.03652049758173,78.01281053789207,80.1361467035647,Estimación adecuada
San German,1995-1999,1,74.17482678706043,73.4952986227276,72.42932624097975,74.43745033486347,Estimación adecuada
San German,1995-1999,2,78.52895052757144,78.99297783425752,77.93976348098298,80.04236999330348,Estimación adecuada
San German,2000-2004,1,75.40040785434385,74.77318508898509,73.78989217556827,75.7223809799473,Estimación adecuada
San German,2000-2004,2,81.07042973561371,81.09378448206925,80.11105386879784,82.22660240464737,Estimación adecuada
San German,2005-2009,1,75.89227383722931,75.45352097791886,74.42491186366331,76.44292870766884,Estimación adecuada
San German,2005-2009,2,81.35724022521588,81.6601964788022,80.69011839905706,82.74067592915753,Estimación adecuada
San German,2010-2014,1,77.09595528241658,76.36144082038439,75.56911995220688,77.24960400197278,Estimación adecuada
San German,2010-2014,2,81.95497572147197,82.52621949185561,81.45063156105742,83.6545337528672,Estimación adecuada
San German,2015-2019,1,79.14792857398798,78.07505345791381,77.17484057523971,79.06471228838798,< e0 observado
San German,2015-2019,2,84.0002365484052,84.25856533246753,83.29386472788856,85.38973586242034,Estimación adecuada
San German,2020-2024,1,78.13234571523579,77.62959596091565,76.67873037050865,78.61078218895624,Estimación adecuada
San German,2020-2024,2,83.15333884969452,83.8283216263981,82.73988777419201,84.91178978814594,Estimación adecuada
San Juan,1980-1984,1,68.53296805880613,68.63794915739633,68.26620006766375,68.97718822343077,Estimación adecuada
San Juan,1980-1984,2,78.41781325030587,78.29693591480975,77.93388529713646,78.652724138574,Estimación adecuada
San Juan,1985-1989,1,67.17212517316179,67.33123348423504,66.96977479111209,67.68158032082675,Estimación adecuada
San Juan,1985-1989,2,78.70934229140379,78.63610702038625,78.29179303343906,78.99473708088584,Estimación adecuada
San Juan,1990-1994,1,64.70940097035052,64.95059980281975,64.59100362968218,65.33361434951307,Estimación adecuada
San Juan,1990-1994,2,78.53794951508831,78.58743770872553,78.2165102067307,78.9352024188277,Estimación adecuada
San Juan,1995-1999,1,67.09892384379134,67.27756926378792,66.90940260355107,67.6322033076286,Estimación adecuada
San Juan,1995-1999,2,79.54091321860172,79.55504647994371,79.19842545683353,79.90650961405863,Estimación adecuada
San Juan,2000-2004,1,71.1882392973574,71.25862187438761,70.881312868771,71.62678602412055,Estimación adecuada
San Juan,2000-2004,2,81.92921875527303,81.79669457463103,81.42884744707716,82.196907588415,Estimación adecuada
San Juan,2005-2009,1,72.69964876784017,72.74853189991717,72.37318755312371,73.1281845558804,Estimación adecuada
San Juan,2005-2009,2,82.46547999538443,82.39785367778951,82.00033671152245,82.8026375868941,Estimación adecuada
San Juan,2010-2014,1,74.44529350870087,74.5193824627937,74.13719277056518,74.89518055911302,Estimación adecuada
San Juan,2010-2014,2,84.20463369793843,84.03482637814682,83.5882557198554,84.4961223325471,Estimación adecuada
San Juan,2015-2019,1,75.79825935426356,75.87505679988072,75.42681857349494,76.31892541124422,Estimación adecuada
San Juan,2015-2019,2,85.20819741649419,85.11091782193805,84.63630973642722,85.59323180799963,Estimación adecuada
San Juan,2020-2024,1,75.09617765928651,75.23438052019165,74.77155725765981,75.65835629535017,Estimación adecuada
San Juan,2020-2024,2,85.57777113429813,85.38268230339702,84.90889526276045,85.8886780785832,Estimación adecuada
San Lorenzo,1980-1984,1,72.4269330696064,72.41699983080609,71.29198854288387,73.54657557833322,Estimación adecuada
San Lorenzo,1980-1984,2,78.47103642037956,78.40199082074979,77.18695227565948,79.6634051728896,Estimación adecuada
San Lorenzo,1985-1989,1,70.33185072656097,70.93937390880822,69.88657050599052,71.96891911363403,Estimación adecuada
San Lorenzo,1985-1989,2,79.4038927542163,78.778672647524985,77.74473744374863,79.86259689502634,Estimación adecuada
San Lorenzo,1990-1994,1,70.49063585980458,70.69495195153117,69.71203213083638,71.641974222309,Estimación adecuada
San Lorenzo,1990-1994,2,79.42906403274269,79.08026672116586,78.07579854884946,80.2605699596481,Estimación adecuada
San Lorenzo,1995-1999,1,72.39291160482962,72.1664970770827,71.10669334165522,73.25109734389267,Estimación adecuada
San Lorenzo,1995-1999,2,78.56261721700943,78.58871405329064,77.64831852935514,79.5822158346161,Estimación adecuada
San Lorenzo,2000-2004,1,73.59466919977362,73.68731087944329,72.71621546455013,74.65406087756175,Estimación adecuada
San Lorenzo,2000-2004,2,81.14875504017051,81.03892611350437,79.93810486578353,82.26758583638221,Estimación adecuada
San Lorenzo,2005-2009,1,75.07421835227707,74.96333033185061,73.97401855007584,76.01810478826677,Estimación adecuada
San Lorenzo,2005-2009,2,82.06471302858854,81.7257109521257,80.6629480348942,82.8510818607357,Estimación adecuada
San Lorenzo,2010-2014,1,76.50254306599682,76.62339173064302,75.65206185923851,77.73006795380759,Estimación adecuada
San Lorenzo,2010-2014,2,83.9183271335132,83.31843147765991,82.31720019837492,84.4248958429216,Estimación adecuada
San Lorenzo,2015-2019,1,77.43176974248165,78.01710613157888,76.86066396932206,79.29263862730414,Estimación adecuada
San Lorenzo,2015-2019,2,85.92248006512409,85.47937489083122,84.11186875519196,86.83133172715927,Estimación adecuada
San Lorenzo,2020-2024,1,77.62523479934367,77.77501025930539,76.78025130477971,78.86383568605385,Estimación adecuada
San Lorenzo,2020-2024,2,84.55625634680975,84.33056087256705,83.2480800597339,85.45581208101387,Estimación adecuada
San Sebastian,1980-1984,1,73.33683627750408,72.75093752170407,71.78798634671958,73.69950207989267,Estimación adecuada
San Sebastian,1980-1984,2,77.39216900594447,77.73105046913847,76.61073926835802,78.82268285387845,Estimación adecuada
San Sebastian,1985-1989,1,71.54106439345284,71.78885810389578,70.84685206109793,72.67614441103186,Estimación adecuada
San Sebastian,1985-1989,2,78.32567842249966,78.40166318751258,77.43753034405668,79.42576600459675,Estimación adecuada
San Sebastian,1990-1994,1,72.72006609308197,72.29933400988199,71.4572230739486,73.13055525906998,Estimación adecuada
San Sebastian,1990-1994,2,78.61121244043503,78.68946957970874,77.70079995445121,79.64084893760166,Estimación adecuada
San Sebastian,1995-1999,1,73.29080325081594,72.8439529300788,72.03777373606786,73.62910685590538,Estimación adecuada
San Sebastian,1995-1999,2,79.73176179097116,79.46214609340089,78.47144729118808,80.40467209337567,Estimación adecuada
San Sebastian,2000-2004,1,74.89792147656362,74.49415807833972,73.69043636754274,75.34738216525494,Estimación adecuada
San Sebastian,2000-2004,2,80.32263567678552,80.22479660526099,79.35259725607753,81.14449123538675,Estimación adecuada
San Sebastian,2005-2009,1,76.73740203137386,76.00139889652375,75.08787747451579,76.87853221405345,Estimación adecuada
San Sebastian,2005-2009,2,81.1692904566309,81.06512714723104,80.29001224855631,82.02206693376375,Estimación adecuada
San Sebastian,2010-2014,1,76.69546237928682,76.36414474975663,75.5115837776813,77.25602128198446,Estimación adecuada
San Sebastian,2010-2014,2,83.16134686711862,82.96908704402941,81.94696220340974,84.01334928193121,Estimación adecuada
San Sebastian,2015-2019,1,79.1178099470019,78.46869657701933,77.518989803728,79.38564395678716,Estimación adecuada
San Sebastian,2015-2019,2,84.22340952689646,84.01890578492744,83.15476377484431,84.97001648779288,Estimación adecuada
San Sebastian,2020-2024,1,78.24142492610734,77.82256394402357,76.9509269329994,78.60845806693537,Estimación adecuada
San Sebastian,2020-2024,2,84.23065748606743,84.26345264756293,83.36242171680887,85.30635724474955,Estimación adecuada
Santa Isabel,1980-1984,1,69.7275677276356,69.37578337213503,68.23410670947764,70.50157002838814,Estimación adecuada
Santa Isabel,1980-1984,2,77.7763438904047,77.21207137302119,75.79947494590158,78.84288666392838,Estimación adecuada
Santa Isabel,1985-1989,1,69.23817247335977,69.56704766274942,68.28801658186784,70.7694613184898,Estimación adecuada
Santa Isabel,1985-1989,2,76.67908928126376,76.60654734768866,75.39308012095267,77.85554911614884,Estimación adecuada
Santa Isabel,1990-1994,1,66.65679986192234,68.16101312652165,66.99039650374351,69.46145968148123,> e0 observado
Santa Isabel,1990-1994,2,76.1627447017844,76.88029618746253,75.67494011831226,78.10988232018472,Estimación adecuada
Santa Isabel,1995-1999,1,68.83610956762453,69.28983290273108,68.22157583982191,70.3221221085754,Estimación adecuada
Santa Isabel,1995-1999,2,77.73152078827611,77.5352207031724,76.33424626414094,78.753741764756,Estimación adecuada
Santa Isabel,2000-2004,1,69.45419232564782,70.84416903730397,69.70314299782741,71.99789314337058,> e0 observado
Santa Isabel,2000-2004,2,79.11209035669054,79.134252614174585,77.93634269403229,80.40843312458826,Estimación adecuada
Santa Isabel,2005-2009,1,72.31479005793592,72.62145254070612,71.53330045021318,73.66902364850442,Estimación adecuada
Santa Isabel,2005-2009,2,81.59418713189359,81.36183805979067,79.84066670805873,83.00685571369122,Estimación adecuada
Santa Isabel,2010-2014,1,74.62174299181575,75.00410428483121,73.76921257754724,76.22106944039525,Estimación adecuada
Santa Isabel,2010-2014,2,81.81631250475374,81.3482011946911,80.23914195421146,82.62355455809076,Estimación adecuada
Santa Isabel,2015-2019,1,75.10553816345772,75.31762791656945,74.19694646086525,76.4812812316405,Estimación adecuada
Santa Isabel,2015-2019,2,85.04929628842375,83.78656202470066,82.38810940152665,85.26299334312021,Estimación adecuada
Santa Isabel,2020-2024,1,74.53124138847393,75.02741019609654,73.92288472351906,76.20487765197066,Estimación adecuada
Santa Isabel,2020-2024,2,83.31177822878875,83.0510083580592,81.76418096456366,84.44822273838508,Estimación adecuada
Toa Alta,1980-1984,1,74.8830856005072,74.1804440976422,72.96016630461865,75.58629528010849,Estimación adecuada
Toa Alta,1980-1984,2,77.90618677933547,78.79645353118184,77.51797112105342,80.20920982087917,Estimación adecuada
Toa Alta,1985-1989,1,72.95726224514657,72.93946387716457,71.8638884333824,74.00321771722872,Estimación adecuada
Toa Alta,1985-1989,2,81.13925929884047,80.8578267210529,79.49692841035953,82.4406902505449,Estimación adecuada
Toa Alta,1990-1994,1,73.42887184415189,73.32507717059026,72.29569199097463,74.39517060712829,Estimación adecuada
Toa Alta,1990-1994,2,79.53507742661205,79.85092364475202,78.69334751091802,81.03593611845335,Estimación adecuada
Toa Alta,1995-1999,1,73.12825061550112,73.09342772836158,72.21540622871903,74.02021662299553,Estimación adecuada
Toa Alta,1995-1999,2,80.88771225273739,80.71205273358348,79.66365909182664,81.75691309863358,Estimación adecuada
Toa Alta,2000-2004,1,75.20122641401855,75.14204794782414,74.29224038458491,76.0464439883561,Estimación adecuada
Toa Alta,2000-2004,2,81.33505965208538,81.64521831336515,80.63337388099016,82.71064898572425,Estimación adecuada
Toa Alta,2005-2009,1,77.25808536131703,77.08504958711706,76.22847167422154,77.99758924047688,Estimación adecuada
Toa Alta,2005-2009,2,83.45975745150935,83.41461103990707,82.35775961233907,84.5422867276219,Estimación adecuada
Toa Alta,2010-2014,1,77.617438844306065,77.7015641812589,76.85630537038493,78.52211510114286,Estimación adecuada
Toa Alta,2010-2014,2,84.59193836320182,84.30606567883939,83.27825813241371,85.3895127895333,Estimación adecuada
Toa Alta,2015-2019,1,79.44012262836311,79.4169425788333,78.46700118318469,80.33927238910047,Estimación adecuada
Toa Alta,2015-2019,2,84.21287299648571,84.4031517295852,83.41740229450409,85.39149929318168,Estimación adecuada
Toa Alta,2020-2024,1,79.32715713141147,79.20979612057218,78.29242919140472,80.16088860870941,Estimación adecuada
Toa Alta,2020-2024,2,85.92609855770323,85.44071320998069,84.52830118261105,86.37595610011344,Estimación adecuada
Toa Baja,1980-1984,1,72.82833976912103,72.50335201644697,71.62997070622555,73.38859491508704,Estimación adecuada
Toa Baja,1980-1984,2,79.03893803233984,78.66410298843273,77.70069324278305,79.71358476419044,Estimación adecuada
Toa Baja,1985-1989,1,71.09171108702432,71.2077041530604,70.3925934652588,71.92570773997768,Estimación adecuada
Toa Baja,1985-1989,2,79.17713173148333,78.9430920662644,78.0310285487598,79.87375553121159,Estimación adecuada
Toa Baja,1990-1994,1,69.55070432606276,70.00558585168947,69.2409952015465,70.82484543328204,Estimación adecuada
Toa Baja,1990-1994,2,78.53439715581091,78.34219452274908,77.59421049728493,79.01472175659474,Estimación adecuada
Toa Baja,1995-1999,1,71.02389397781576,71.22428894444366,70.45706568959639,71.93546419639108,Estimación adecuada
Toa Baja,1995-1999,2,80.35817914633549,79.86123114776788,79.09337300360326,80.67611827141059,Estimación adecuada
Toa Baja,2000-2004,1,73.3130761935651,73.48934584067985,72.76060494112852,74.23417744657179,Estimación adecuada
Toa Baja,2000-2004,2,81.24641875534006,81.00013296948953,80.16321232348355,81.8096674068526,Estimación adecuada
Toa Baja,2005-2009,1,73.9336800218148,74.12631113656738,73.3247413486051,74.89801812739486,Estimación adecuada
Toa Baja,2005-2009,2,81.2918522418654,81.24197349842066,80.48126868968143,81.99622878435247,Estimación adecuada
Toa Baja,2010-2014,1,75.63234922554784,75.73468654185098,75.01685112790773,76.47189662129736,Estimación adecuada
Toa Baja,2010-2014,2,83.19276198853512,82.97240458449072,82.09300691532935,83.7962600547983,Estimación adecuada
Toa Baja,2015-2019,1,77.0796431176242,77.15962844013373,76.38524932463234,77.96489676198506,Estimación adecuada
Toa Baja,2015-2019,2,85.28768156374481,85.04531139777437,84.1389382200048,86.07992464270687,Estimación adecuada
Toa Baja,2020-2024,1,76.06866784040614,76.29745383446755,75.44777251037108,77.10020392194825,Estimación adecuada
Toa Baja,2020-2024,2,84.82502560819063,84.71642891720404,83.89573181223277,85.70709925445534,Estimación adecuada
Trujillo Alto,1980-1984,1,73.8807661516517,73.79087671920773,72.67281472583416,74.88004058189702,Estimación adecuada
Trujillo Alto,1980-1984,2,80.45848591811597,80.119157119054,78.97869252116232,81.32588198201141,Estimación adecuada
Trujillo Alto,1985-1989,1,72.91759611684925,73.02256566090585,72.06851241648302,74.02433696698768,Estimación adecuada
Trujillo Alto,1985-1989,2,81.01563083839561,80.6088203306245,79.50686696306151,81.88211175685785,Estimación adecuada
Trujillo Alto,1990-1994,1,72.6023641348921,72.81717474278693,71.90838016925136,73.83367413945682,Estimación adecuada
Trujillo Alto,1990-1994,2,79.85175886432305,79.8385812623419,78.96437289487278,80.82602835477097,Estimación adecuada
Trujillo Alto,1995-1999,1,72.41162116159781,72.73559507156683,71.9054211003555,73.51258527058381,Estimación adecuada
Trujillo Alto,1995-1999,2,81.19162622930031,80.8423099772845,79.98864335742577,81.7867403412132,Estimación adecuada
Trujillo Alto,2000-2004,1,74.68446388601943,74.88547069261786,74.07848651289285,75.6771688946841,Estimación adecuada
Trujillo Alto,2000-2004,2,83.41194987282269,83.2586775163094,82.14993644376604,84.4512755615883,Estimación adecuada
Trujillo Alto,2005-2009,1,75.81610434260868,75.96696818737237,75.17798009354587,76.75314646766587,Estimación adecuada
Trujillo Alto,2005-2009,2,83.84316698522537,83.52125127572532,82.59372543548831,84.49484551113989,Estimación adecuada
Trujillo Alto,2010-2014,1,77.88979650864401,77.89040543511956,77.05256598151102,78.73181836584104,Estimación adecuada
Trujillo Alto,2010-2014,2,85.28937280458358,84.98514713151252,84.08764696896601,86.07787250931834,Estimación adecuada
Trujillo Alto,2015-2019,1,79.53728233113502,79.49847128625422,78.52321920526315,80.41270675068029,Estimación adecuada
Trujillo Alto,2015-2019,2,86.3543330403018,86.29203406615859,85.31400118764464,87.4452540538207,Estimación adecuada
Trujillo Alto,2020-2024,1,78.39208683519212,78.61468578191045,77.75951446143159,79.43872085839787,Estimación adecuada
Trujillo Alto,2020-2024,2,86.16954614436371,85.79294561116458,84.90951749069049,86.77849781950985,Estimación adecuada
Utuado,1980-1984,1,72.77455758364391,72.76521207811851,71.80118643943976,73.748370285584,Estimación adecuada
Utuado,1980-1984,2,78.22725510627389,78.24140677515518,77.22884021549287,79.32327701917438,Estimación adecuada
Utuado,1985-1989,1,72.49241351300115,72.37727788147626,71.45482303749976,73.28372513458501,Estimación adecuada
Utuado,1985-1989,2,78.55971933281445,78.53400120927637,77.53115687727967,79.55188329453871,Estimación adecuada
Utuado,1990-1994,1,73.58027996114916,72.93759662705341,71.94393930418167,73.88530573282037,Estimación adecuada
Utuado,1990-1994,2,79.15999314000904,78.89583833298548,77.90937107443443,79.87568219137229,Estimación adecuada
Utuado,1995-1999,1,73.56681994998524,72.69968898204516,71.8803903200632,73.62900121320823,Estimación adecuada
Utuado,1995-1999,2,79.75811291705193,79.37988623641564,78.45148866478101,80.49150481554193,Estimación adecuada
Utuado,2000-2004,1,75.66609210920785,74.8109151061872,73.89971679268308,75.73270773791144,Estimación adecuada
Utuado,2000-2004,2,80.85296661933371,81.0439002187774,80.01838338701414,82.09785058231596,Estimación adecuada
Utuado,2005-2009,1,74.96306439444312,74.98840621785325,74.06596396632996,75.88534460951341,Estimación adecuada
Utuado,2005-2009,2,81.95177865789455,82.18762949441398,80.97992577236678,83.41237823989562,Estimación adecuada
Utuado,2010-2014,1,76.45438665507136,75.9769212334761,75.0211863050675,76.82938918766972,Estimación adecuada
Utuado,2010-2014,2,83.96232047500072,83.56705880014604,82.36188466590738,84.94901954943808,Estimación adecuada
Utuado,2015-2019,1,79.0189703608258,78.8375907362136,77.69753805125704,80.16391960059293,Estimación adecuada
Utuado,2015-2019,2,85.5118737413184,85.1549197866662,83.92521664727659,86.60130143310306,Estimación adecuada
Utuado,2020-2024,1,80.22889535833663,79.15071699894571,78.02506017821196,80.23352785448873,Estimación adecuada
Utuado,2020-2024,2,86.24989014279643,85.453667417143,84.11408912942346,86.91886728255541,Estimación adecuada
Vega Alta,1980-1984,1,73.54933326191107,73.0465617052522,71.75094838627572,74.31154462377941,Estimación adecuada
Vega Alta,1980-1984,2,78.25469326095431,78.55405582690065,77.18829372954852,80.09127757202138,Estimación adecuada
Vega Alta,1985-1989,1,72.05535344696615,72.29733519947584,71.265713173197625,73.4141990473974,Estimación adecuada
Vega Alta,1985-1989,2,78.15985935324002,78.35276675080638,77.2000690513564,79.50400093308181,Estimación adecuada
Vega Alta,1990-1994,1,70.24052329679134,70.78391479284085,69.85091049411304,71.76402844041577,Estimación adecuada
Vega Alta,1990-1994,2,79.51462054686016,79.45641608716201,78.34572398454067,80.68164251332801,Estimación adecuada
Vega Alta,1995-1999,1,71.54816531304111,71.87757648969219,70.92668402199014,72.76911082266888,Estimación adecuada
Vega Alta,1995-1999,2,79.34051049480365,79.41861547073769,78.37955843923528,80.39908464286816,Estimación adecuada
Vega Alta,2000-2004,1,74.10875011525926,74.10438224190443,73.07231206304414,75.18741642246023,Estimación adecuada
Vega Alta,2000-2004,2,81.98636550598057,81.70891318098867,80.48585609544628,83.0757014578585,Estimación adecuada
Vega Alta,2005-2009,1,74.49742104581102,74.78532944654646,73.74275824267534,75.82958191823747,Estimación adecuada
Vega Alta,2005-2009,2,82.79578771576239,82.3614203795864,81.216013900292,83.60387634301352,Estimación adecuada
Vega Alta,2010-2014,1,76.95585105473053,76.70631854638128,75.70642387892586,77.79342136508127,Estimación adecuada
Vega Alta,2010-2014,2,84.70771205138385,84.16165436795822,82.87862207638517,85.52216488061036,Estimación adecuada
Vega Alta,2015-2019,1,79.09002086085074,78.61265613825714,77.54042822557531,79.76597872175348,Estimación adecuada
Vega Alta,2015-2019,2,84.78023321458953,84.75354894177099,83.57022810663834,86.15554061752412,Estimación adecuada
Vega Alta,2020-2024,1,79.13203080104806,78.8117768048948,77.71562881049684,80.02518578838381,Estimación adecuada
Vega Alta,2020-2024,2,86.55489338482076,85.85636414141993,84.55990397697968,87.22281064453668,Estimación adecuada
Vega Baja,1980-1984,1,72.17472574689376,71.96689898167739,71.03107379855034,72.95568724228659,Estimación adecuada
Vega Baja,1980-1984,2,77.4559969407079,77.21405742981025,76.274793253323793,78.20763912491232,Estimación adecuada
Vega Baja,1985-1989,1,71.32919645334727,71.36681407956885,70.43625770493925,72.32703633664863,Estimación adecuada
Vega Baja,1985-1989,2,78.37255208308184,78.27675847646591,77.40500964988841,79.32804464273255,Estimación adecuada
Vega Baja,1990-1994,1,69.34239102427848,69.67372998410306,68.7887855058765,70.54078161709869,Estimación adecuada
Vega Baja,1990-1994,2,79.817128530258,79.47435449675676,78.47723304042276,80.53361012157723,Estimación adecuada
Vega Baja,1995-1999,1,69.80129928554581,70.13923446400035,69.34472670133108,70.91872926075692,Estimación adecuada
Vega Baja,1995-1999,2,78.73855584436625,78.5037224631582,77.70793644892551,79.27862800738433,Estimación adecuada
Vega Baja,2000-2004,1,71.71281396652603,72.0543350454403,71.2463205649524,72.87855134474843,Estimación adecuada
Vega Baja,2000-2004,2,80.83940501884719,80.36390987264525,79.53830023163152,81.24383057049242,Estimación adecuada
Vega Baja,2005-2009,1,73.49107576558887,73.75362187957788,72.89603028220179,74.63862910022291,Estimación adecuada
Vega Baja,2005-2009,2,81.56225378359265,81.29277167226658,80.45657321501979,82.27352252042459,Estimación adecuada
Vega Baja,2010-2014,1,75.67293352681041,75.64081016940716,74.84510351286511,76.52076233446022,Estimación adecuada
Vega Baja,2010-2014,2,82.83225536608914,82.48497348253208,81.55335585966344,83.3912769826686,Estimación adecuada
Vega Baja,2015-2019,1,77.17186219895375,76.98663610395806,76.18953328651405,77.77403193093448,Estimación adecuada
Vega Baja,2015-2019,2,85.55300741129905,85.1280292482866,84.10997600789085,86.2229980925845,Estimación adecuada
Vega Baja,2020-2024,1,76.1343018706242,76.67053040426792,75.71261778959882,77.55415022483578,Estimación adecuada
Vega Baja,2020-2024,2,85.01178406884422,84.37781433594043,83.40654316601005,85.38188402947333,Estimación adecuada
Vieques,1980-1984,1,68.44199950691872,69.37463021447542,67.85803454125538,70.76922850471072,Estimación adecuada
Vieques,1980-1984,2,79.82881030409467,77.43528375679634,75.81742628020709,79.13290787619499,< e0 observado
Vieques,1985-1989,1,68.91887213110078,69.18795981391224,67.79544774737836,70.48032873717587,Estimación adecuada
Vieques,1985-1989,2,76.64055553721266,77.10923972029191,75.5342125096142,78.79798169034986,Estimación adecuada
Vieques,1990-1994,1,70.56388701195755,69.81518661719804,68.33452113859441,71.28030983846406,Estimación adecuada
Vieques,1990-1994,2,75.61141239304688,76.70503059556569,75.14355010831552,78.11856900457902,Estimación adecuada
Vieques,1995-1999,1,67.1661520645474,68.83080793075248,67.44187500623329,70.1437175826478,> e0 observado
Vieques,1995-1999,2,77.66760098100364,78.10084917112881,76.52565860907065,79.71298210163607,Estimación adecuada
Vieques,2000-2004,1,71.06219249587082,71.58169732838866,70.31566665628607,72.93480609877138,Estimación adecuada
Vieques,2000-2004,2,79.94564055883934,79.85863856145605,78.20803617367967,81.7563105263243,Estimación adecuada
Vieques,2005-2009,1,71.86562241202773,72.75696517170067,71.34694552290253,74.25224229285602,Estimación adecuada
Vieques,2005-2009,2,82.1662176624026,81.27773002882395,79.60447459515323,83.26212452858393,Estimación adecuada
Vieques,2010-2014,1,72.38693885614644,74.50701992476262,72.90391939157723,76.24978132400834,> e0 observado
Vieques,2010-2014,2,82.20083674525317,82.21204365587496,80.40814103677948,84.54773261410216,Estimación adecuada
Vieques,2015-2019,1,75.48771486205818,76.2153420788582,74.56942268009884,78.17489923735873,Estimación adecuada
Vieques,2015-2019,2,85.60400958844578,84.08475467322046,82.13738870668004,86.52472054882115,Estimación adecuada
Vieques,2020-2024,1,70.30670126441383,75.21368809302687,73.64628398738805,76.72268530705867,> e0 observado
Vieques,2020-2024,2,82.77316856062777,82.68709438024996,80.91813374426013,84.59970953081582,Estimación adecuada
Villalba,1980-1984,1,71.31481633801816,71.67230598487221,70.46907485036371,72.93756045243525,Estimación adecuada
Villalba,1980-1984,2,77.35744616187003,78.21449889314981,76.87807475594917,79.78755974963461,Estimación adecuada
Villalba,1985-1989,1,70.6812298941124,71.16905763112243,70.09001909990388,72.27264115468539,Estimación adecuada
Villalba,1985-1989,2,78.13907330956457,78.4064367022839,77.1184100723815,79.93281279093658,Estimación adecuada
Villalba,1990-1994,1,72.3498469286644,71.60655778982417,70.53439777643689,72.71443681703643,Estimación adecuada
Villalba,1990-1994,2,79.32972359168376,78.99173470265065,77.73361991281884,80.41938755299537,Estimación adecuada
Villalba,1995-1999,1,74.12665072351581,72.8060420525441,71.78950855661961,74.0082902837343,< e0 observado
Villalba,1995-1999,2,79.94095261032773,79.67953123596497,78.46261231673388,80.9859503411941,Estimación adecuada
Villalba,2000-2004,1,75.24588138203707,74.73647189674132,73.61433019321521,75.86662317398945,Estimación adecuada
Villalba,2000-2004,2,81.24189158745828,80.93298611545464,79.68568744232006,82.20761552751416,Estimación adecuada
Villalba,2005-2009,1,75.22194783512565,75.19120460636248,74.06976834944787,76.30272995225654,Estimación adecuada
Villalba,2005-2009,2,82.367985821704,82.21598423900053,80.90096198653843,83.66141391910023,Estimación adecuada
Villalba,2010-2014,1,77.8383761040004,76.83516072097746,75.56753043719353,78.08338397854081,Estimación adecuada
Villalba,2010-2014,2,82.38109633625453,82.67159093959309,81.4615138624798,84.087954821147,Estimación adecuada
Villalba,2015-2019,1,77.83504649286682,77.61086437698675,76.52053949346653,78.85395485292418,Estimación adecuada
Villalba,2015-2019,2,84.05820533092681,84.16855851351758,82.866205667334,85.6846492746231,Estimación adecuada
Villalba,2020-2024,1,77.24232552482839,77.21638584283943,76.06393594694207,78.39080241514841,Estimación adecuada
Villalba,2020-2024,2,85.36972299365041,85.42393661697604,83.98936992272694,87.18504072197825,Estimación adecuada
Yabucoa,1980-1984,1,71.13885114874819,71.29805547877116,70.23515064300051,72.43231372563768,Estimación adecuada
Yabucoa,1980-1984,2,77.69784172893796,77.75368248309962,76.77499759156191,78.82968317675554,Estimación adecuada
Yabucoa,1985-1989,1,71.6497165141789,71.74307425363443,70.67904703367338,72.74803381106037,Estimación adecuada
Yabucoa,1985-1989,2,78.71247157491743,78.49723078416076,77.40086765582598,79.70249073273062,Estimación adecuada
Yabucoa,1990-1994,1,72.18368470754862,71.81349235232399,70.83826400127467,72.80624589222745,Estimación adecuada
Yabucoa,1990-1994,2,78.65582186258791,78.56401197738258,77.58002218481214,79.68515041356788,Estimación adecuada
Yabucoa,1995-1999,1,70.61759581589234,70.9907682487638,70.10235153474058,71.91584663525643,Estimación adecuada
Yabucoa,1995-1999,2,79.25053941807832,79.08922027599542,78.19683949124679,80.15201395841629,Estimación adecuada
Yabucoa,2000-2004,1,74.67500524731325,74.40557025658201,73.4151707847437,75.5387260455109,Estimación adecuada
Yabucoa,2000-2004,2,81.74191284227646,81.52706278495515,80.38973828243647,82.76635016410606,Estimación adecuada
Yabucoa,2005-2009,1,74.52109913218256,74.73855011825657,73.76259528159994,75.69960440988534,Estimación adecuada
Yabucoa,2005-2009,2,83.07308125246723,82.78284912484654,81.67069236597352,84.02396895673108,Estimación adecuada
Yabucoa,2010-2014,1,75.57434879024864,76.10466688772772,75.11718740650585,77.0841423461571,Estimación adecuada
Yabucoa,2010-2014,2,82.0382545268585,82.45189503505777,81.4287230453186,83.65939267925816,Estimación adecuada
Yabucoa,2015-2019,1,77.58753133123862,78.09003332254488,77.02981962739842,79.20982997974966,Estimación adecuada
Yabucoa,2015-2019,2,86.1265699532434,85.5868753770774,84.29002744172419,87.12779293696352,Estimación adecuada
Yabucoa,2020-2024,1,75.78194920338815,77.20453427472432,76.08463497060562,78.19533369421382,> e0 observado
Yabucoa,2020-2024,2,85.25611674355481,84.86285324129696,83.728062552395,86.24046742430342,Estimación adecuada
Yauco,1980-1984,1,71.51456720078431,71.09134662798277,70.17936457526741,72.00093120241087,Estimación adecuada
Yauco,1980-1984,2,77.4589640282646,77.44659976092018,76.44456130145986,78.49323231282409,Estimación adecuada
Yauco,1985-1989,1,69.95040254168732,70.13571272239435,69.24738211853983,71.03904984280246,Estimación adecuada
Yauco,1985-1989,2,77.60208552265917,77.39313137017007,76.44387540765022,78.42288727934027,Estimación adecuada
Yauco,1990-1994,1,71.7335324052013,71.2822346502949,70.39942158212115,72.16839136133316,Estimación adecuada
Yauco,1990-1994,2,78.49054698828598,78.23120143053018,77.35289733256973,79.18526684616695,Estimación adecuada
Yauco,1995-1999,1,72.03051290197796,71.57587620436448,70.69057455020736,72.45127122025708,Estimación adecuada
Yauco,1995-1999,2,79.29391771380651,78.78579398601902,77.93600120411811,79.7496857786309,Estimación adecuada
Yauco,2000-2004,1,72.97803149863371,73.03589941367,72.10218610749729,73.94661397797597,Estimación adecuada
Yauco,2000-2004,2,79.24854846213276,79.345666629101,78.43531236547196,80.28361475582443,Estimación adecuada
Yauco,2005-2009,1,73.24138587908658,73.57587443630571,72.65189611307609,74.45591304224115,Estimación adecuada
Yauco,2005-2009,2,80.5594161821005,80.62291545277193,79.72732680725372,81.61534358894122,Estimación adecuada
Yauco,2010-2014,1,75.57887719653512,75.52508864070802,74.62863804166649,76.446315095733,Estimación adecuada
Yauco,2010-2014,2,81.76032266455593,81.88790383330681,80.90104097866303,82.84441363395355,Estimación adecuada
Yauco,2015-2019,1,77.43223226793361,77.28304764649052,76.19112039346878,78.35194564062198,Estimación adecuada
Yauco,2015-2019,2,82.51620418595085,83.20644029664332,82.16926833436833,84.25845505590766,Estimación adecuada
Yauco,2020-2024,1,75.94482006846164,76.37009773692662,75.42058921711647,77.29648968266206,Estimación adecuada
Yauco,2020-2024,2,83.86986937855978,83.28064764306671,82.44595924927287,84.25533433548657,Estimación adecuada
