reg_code	age	include_code	1980	1985	1990	1995	2000	2005	2010	2015	2020
72001	0-4	2	0.00431552306641053	0.00305014060486455	0.00312696965533794	0.00353990430277431	0.00278767819551168	0.00216517280535341	0.0023186001665777	0.00219163593541159	0.00230331625928901
72001	5-9	2	0.000203804072875348	0.000228919271092644	0.000227334324413772	0.000212842820720955	0.000189475005903542	0.000170945582143312	0.000163868175002441	0.000143125019267294	0.00014850601632859
72001	10-14	2	0.000269545836587475	0.000290381389391399	0.000288922822318575	0.00027016524202571	0.000219776599387348	0.000207897513773353	0.00019039672676977	0.000174683132878607	0.000181174675144991
72001	15-19	2	0.000999187197926228	0.000855836202727679	0.000889819551175406	0.000976020989370242	0.000815703088850289	0.000715385256841465	0.000615041919176983	0.000626578825335815	0.0005979063185881
72001	20-24	2	0.00140784254255839	0.00161221264126175	0.00160665321382848	0.00163787013387517	0.00136910963879819	0.0014711118507508	0.00107380132773219	0.00110006430217197	0.00114809577758379
72001	25-29	2	0.00183428663525196	0.00228518241176422	0.00227214255316497	0.00244552598525483	0.00172726671363682	0.00167083579315628	0.00157606605023034	0.00149270227187082	0.00148994446355749
72001	30-34	2	0.00225305284895837	0.00253588973369687	0.00268817127488255	0.00302482304977188	0.00208941920900544	0.00192560857252889	0.00184082695056201	0.0021306329275128	0.00162363732179091
72001	35-39	2	0.00282719182172969	0.00363881230526685	0.00376838171719275	0.00295841976393599	0.00262557338811658	0.00247033468610283	0.00233039502178407	0.00185642229508925	0.00201936550494167
72001	40-44	2	0.00361429006056871	0.00423804244649169	0.00444476825108688	0.00394722807073928	0.0030513760507968	0.0035942251054283	0.00248912792128685	0.00269845974148513	0.00263391679169822
72001	45-49	2	0.0055180899838812	0.00554754471368629	0.00546487920810882	0.00476523960559134	0.00390432032355234	0.00413386903031035	0.00374503944250046	0.00328975497502356	0.00401935392356646
72001	50-54	2	0.00728100857400406	0.00831526006900479	0.007702771221377	0.0067382969045109	0.00552636776409276	0.0058417997098635	0.00497061845811554	0.00454414881129012	0.00519550490668059
72001	55-59	2	0.0108242743373857	0.0123182965182763	0.0107596284293601	0.0106117918565501	0.0103296177112593	0.00762555095450711	0.00755226039571455	0.0071485768712949	0.00765856856825519
72001	60-64	2	0.0170164411674694	0.0232816207005899	0.0224749481457928	0.0206014805239641	0.0149721477573889	0.0119481547019472	0.0110472380077689	0.0130424133749571	0.00846647926528288
72001	65-69	2	0.026177798312261	0.0302073069654056	0.0289661343582977	0.0278969620899519	0.0209221843247621	0.0191952724432941	0.0171960958590332	0.0135465796052106	0.0111111526332387
72001	70-74	2	0.0415089829146522	0.0388056949348532	0.036336004642743	0.0358395720108162	0.0338315623485866	0.0332493997458905	0.0270812599825396	0.0207012358745161	0.0233434941574397
72001	75-79	2	0.0586467974847448	0.0610618999250568	0.0655403421089087	0.0534794841474661	0.0623376587951055	0.0431232095823196	0.0420284302275196	0.0304876002249042	0.0357605987094842
72001	80-84	2	0.0879492381859908	0.0884951835318611	0.0992195374277778	0.106986054443845	0.0884295448846135	0.0684660388196365	0.0750388720962868	0.0617565475632792	0.0479878217399558
72001	85+	2	0.190301192013302	0.169464085845128	0.159193436357454	0.157791813269213	0.17558476972303	0.155923446884963	0.12488297303403	0.130805902782281	0.111097283314604
72003	0-4	2	0.00366619179742194	0.00296055535678017	0.00286759005268668	0.00269428714168584	0.0022780924485986	0.00233558158882632	0.00238670511163856	0.00156221088140924	0.00214917433193092
72003	5-9	2	0.00024103077290705	0.000225506308900017	0.000254477097216079	0.000228776230480348	0.000179223551972191	0.000186531125390789	0.000150229660008421	0.000137581997078861	0.000144447768588612
72003	10-14	2	0.000323684105904985	0.000257123701252111	0.000277904146721041	0.000273544757340423	0.000206450811147825	0.000205063811070843	0.000189754595560449	0.000167164747468085	0.000174854137430032
72003	15-19	2	0.000807334630601445	0.000925894895777058	0.000923282775438162	0.000834796292874382	0.000787561212098785	0.000704999314527116	0.000594313350544615	0.000566017490500153	0.000553165009932623
72003	20-24	2	0.00134093410992465	0.00194457634061149	0.00168834722928559	0.00151346846274938	0.00132035241454199	0.00126015193013512	0.00112354176050197	0.00119822701904695	0.00114662852235675
72003	25-29	2	0.00202919976237318	0.00171600447720458	0.00211068881274109	0.00230605841674534	0.00165998825577481	0.00140161930409443	0.00170033776366082	0.00139532840136266	0.00135809296364059
72003	30-34	2	0.00235125449237703	0.00237129865660014	0.0022171473004181	0.00240205132086662	0.00206261781798506	0.00159309976600722	0.00152376913227978	0.00153377007299206	0.00170231294901572
72003	35-39	2	0.00255355746086301	0.00302690633824758	0.00345150949156467	0.00316705073290042	0.00294263250072102	0.00200282484851764	0.00217398797709856	0.00190455363181512	0.00227506016574868
72003	40-44	2	0.00334034456557825	0.00362241289061346	0.00458320286912016	0.00460453146124706	0.00321680281917392	0.00295312836012589	0.00283029759071238	0.00234327861206425	0.0028971128913487
72003	45-49	2	0.00510218866919324	0.00525536937259078	0.00468728117464945	0.00503269810541496	0.00393552475157687	0.00336655184473759	0.00340785869296283	0.0039109908258436	0.00318882539454704
72003	50-54	2	0.00844282414355259	0.00743106394662462	0.00962388870485567	0.00776343158121375	0.00637768704882367	0.00642367870544004	0.00565323331506417	0.00448340304746878	0.00551958345450878
72003	55-59	2	0.009663950316683	0.0110814394193429	0.0105852017746153	0.0115646585060503	0.00829199518790821	0.00818082804377326	0.00795324489823903	0.00716689809653626	0.00620817134655471
72003	60-64	2	0.0176891453109987	0.0163743228947858	0.0171335212029869	0.0165539601371583	0.0142742350927734	0.0104659930913162	0.0128541442682764	0.0089313213304902	0.0126509894524778
72003	65-69	2	0.0255697696286936	0.0223686810408423	0.0244368731116305	0.0251873343358912	0.0214397348615012	0.0214582313290983	0.0176610253840499	0.0146309371871626	0.0190478073384046
72003	70-74	2	0.0439762397203732	0.036807625313515	0.0332911869293776	0.0387496275721319	0.0349506260429843	0.0278841556869565	0.0252919693789265	0.0240202117704608	0.021712315533085
72003	75-79	2	0.05083633582559	0.0580874170892125	0.0519369602447867	0.0593392408572994	0.0510895835000206	0.0409660727735378	0.0439852284867185	0.032000525290252	0.0404341883292605
72003	80-84	2	0.0851493619349942	0.0962072454618735	0.0921024263658139	0.083506102999575	0.0694659766663903	0.0706481519631561	0.0707675335834452	0.0582974234754183	0.0615056509273309
72003	85+	2	0.175991101083065	0.176170024643703	0.183607438013906	0.154898497813334	0.174997688207118	0.176402125075859	0.142235694251964	0.12500904245024	0.118706634721127
72005	0-4	2	0.0048624626014948	0.00364289985979066	0.00388517376430636	0.00282687772966808	0.00229031656463528	0.00237978179996176	0.0021874405806535	0.00168911459233326	0.00201827002202674
72005	5-9	2	0.000246720251350769	0.000223725933230203	0.000222677701396123	0.000228149744202746	0.00021322050271198	0.000179363341909348	0.000173760380581179	0.000154276791729863	0.000169889129089878
72005	10-14	2	0.000339318647724504	0.000309720725168679	0.000348171362235607	0.000296180874620806	0.000226295542051998	0.000225036451839664	0.000200097197374326	0.000194430700523892	0.000195089992307358
72005	15-19	2	0.000857550098850728	0.000888455609539578	0.00115670099754862	0.00117780296850189	0.000926069471732647	0.000844806753657015	0.00064060982873368	0.000616252696201352	0.000701190684309583
72005	20-24	2	0.00195359953183062	0.00176352999762611	0.00187657268422177	0.00208023836758219	0.00147940869973427	0.00138007813937909	0.00151509936652207	0.00132254164213954	0.00125823979992191
72005	25-29	2	0.00250297057475121	0.00311847244141839	0.00249082355030152	0.00250930985210754	0.00162956086019084	0.00219537912567753	0.00152777096492711	0.00145794258573362	0.00175664346873776
72005	30-34	2	0.00266927493054876	0.00293509748586819	0.00303901273603844	0.0036002256155131	0.00200015836017469	0.00190809867824119	0.00185643505758583	0.00209532616172561	0.00300412535587823
72005	35-39	2	0.00320853499056753	0.00456970993635815	0.00452562941631517	0.0041969520376016	0.00327383376767144	0.0032207025415552	0.00270496958372759	0.00273292172131857	0.00284937164194621
72005	40-44	2	0.00474854238176145	0.00571939781920405	0.00467965564848931	0.00564996606865008	0.00344428631234732	0.00440607969642992	0.003172014130196	0.00283667586133479	0.00421789106587529
72005	45-49	2	0.00622503842141394	0.00633699408420067	0.00653058990151896	0.00681576255588874	0.0053517252935242	0.00551703310476097	0.00464509206329739	0.00406971436556909	0.00487939652137379
72005	50-54	2	0.00805666105361604	0.00824628183478756	0.00834485320250132	0.00854056449096504	0.00741680272135931	0.00744223012330627	0.00693461316088733	0.00643291942532604	0.00752478902899806
72005	55-59	2	0.0125003177466697	0.0136390365796898	0.012991169729963	0.0126795538534491	0.0116836473283397	0.00973798227621297	0.00939730951551506	0.0116699785805508	0.00888056082525116
72005	60-64	2	0.0178265970639069	0.0186120220062755	0.0211945375592996	0.0178104584360571	0.0165067044757436	0.0157592247651826	0.0145534092679114	0.0132892528467158	0.0124724132067791
72005	65-69	2	0.0274839961469106	0.0270836355139332	0.026724979700718	0.0278913797309543	0.0239894667033278	0.0203734027103855	0.0209573566092415	0.0205119771656102	0.0171563132057216
72005	70-74	2	0.0442570683810273	0.0407188370404964	0.0428083175668897	0.0376766198813901	0.0354707044431678	0.0324651910392857	0.0276614854599155	0.0280123622714537	0.0248383504632443
72005	75-79	2	0.0564309947184974	0.060179305564079	0.0559078809546408	0.0631084338563825	0.0552159896009368	0.0516842265937	0.0463119537165182	0.0366049645324281	0.0371407386401216
72005	80-84	2	0.0874471351250972	0.0924860759769542	0.0927323998379265	0.100287298374429	0.0947454554590591	0.0774812704933517	0.0726839647586229	0.0595291413050856	0.0641666085259214
72005	85+	2	0.197197051445155	0.165885768671723	0.156570368898206	0.167203332227084	0.171450602300959	0.179108958938605	0.143457855668134	0.121142164755136	0.127397044228127
72007	0-4	2	0.00399386203903611	0.00340138839187359	0.0030532910912758	0.00306676909573697	0.00260534818465344	0.00266489700722861	0.00229084363935531	0.00210584864298024	0.00225075460719283
72007	5-9	2	0.000214650239016451	0.00024032179245262	0.000237602937390376	0.000213302117812383	0.000189974519747256	0.000180107735051164	0.00016504821273851	0.000151814137524195	0.000151389786627869
72007	10-14	2	0.000297519274934481	0.000277378888421023	0.000273934822376511	0.000294879158094143	0.00024126003066252	0.000228398617859877	0.00019146116571053	0.000176085517873004	0.000184226507260468
72007	15-19	2	0.00086066955050998	0.000923376387771339	0.000886147106441895	0.00104060563831667	0.00082321151345104	0.000705469991972983	0.0007406992657741	0.000566340368839451	0.000623824365229199
72007	20-24	2	0.0016019503628855	0.0016388631969499	0.00195316048287064	0.00186374218071357	0.00196937437003569	0.00152757947160934	0.00155762894039532	0.00167389585653146	0.00146039240629556
72007	25-29	2	0.00198887418891082	0.00248847536427606	0.00221215728368534	0.00233834035686232	0.00209890333511181	0.00205333433558646	0.00253543663769477	0.00161204738029859	0.00138468349706483
72007	30-34	2	0.00258766058101617	0.00257767926572931	0.00327684364241915	0.00351162241832959	0.00187871077186584	0.0025736916921325	0.00224106377797344	0.00208419868238207	0.00198296532309485
72007	35-39	2	0.00315351986227953	0.00295381803598913	0.00389263778532259	0.00372829700639577	0.00271765770845988	0.00272149167007539	0.0025585244530349	0.00263722766741823	0.0025184282758423
72007	40-44	2	0.00386525599537524	0.00396933336142139	0.00390892992136601	0.00396448270767861	0.00365404161909557	0.00361557737179595	0.00305420683019266	0.00355131350524252	0.0024981973284524
72007	45-49	2	0.00555937727062732	0.00583901324574759	0.00605831866259182	0.00504969348093111	0.0050814116204402	0.00526220841263965	0.00445811095942092	0.00358840179032235	0.00391467979475305
72007	50-54	2	0.00906043324374758	0.00989559379806265	0.00732032025274663	0.00938533944478376	0.00576392643638458	0.00727527177329066	0.00670229273786407	0.00510917019363484	0.00567085717195657
72007	55-59	2	0.0125366828527868	0.0124468385604137	0.0130360991405821	0.00984400297826249	0.0103984176911459	0.00930313987780395	0.00769157987829169	0.00875211162053128	0.00950934979186372
72007	60-64	2	0.0142707496394291	0.0171673854368498	0.0147641595077569	0.0158343332651042	0.0140353927384091	0.0129137497619039	0.0119055220549147	0.010455025542037	0.0130277287385035
72007	65-69	2	0.0298214043239933	0.024530671842672	0.0267781241368203	0.0209307747392461	0.0235441534299939	0.0217964640818941	0.0136582315885029	0.0181028136515967	0.0145238105133733
72007	70-74	2	0.042381140851731	0.0413152992077449	0.0481690971356752	0.0380762032740032	0.0267504314137704	0.0237346451688343	0.0236321325354743	0.0233168406040412	0.0225364117536531
72007	75-79	2	0.0606784102012012	0.0563717113755662	0.0515602509985479	0.0575660263089256	0.0511742249835872	0.0442099721716176	0.0344473712192733	0.0306878047872658	0.0372419639094598
72007	80-84	2	0.0855109301401436	0.0819407430562957	0.0833395966635494	0.0971749740389122	0.0818490514001967	0.0764893443492199	0.0608323604719247	0.0626161221433873	0.0561498193790914
72007	85+	2	0.198484242889553	0.193046789349287	0.144990330467071	0.149921371606783	0.14371958927585	0.157376165096145	0.138165376165309	0.124351425089386	0.121827717900214
72009	0-4	2	0.0039049653447698	0.00434406040083611	0.00330375692486291	0.00334085240842684	0.00284479557054168	0.00287186674394299	0.00294718627355746	0.0022417561796477	0.00205519450176033
72009	5-9	2	0.00025013911121251	0.000213538803252571	0.000231669971664704	0.000248870774132685	0.000185626821931105	0.000176294609487404	0.000161959231164452	0.000147774445403212	0.000160507392218581
72009	10-14	2	0.000275768830737871	0.000283283337828882	0.000281191064133664	0.000262342238232018	0.00029216860340618	0.000213565477145262	0.000215872485905694	0.000179767960335868	0.00018642392633926
72009	15-19	2	0.000878962538263358	0.000969720762201152	0.00100319472717444	0.000916408459244592	0.000776709183029352	0.000809848678841462	0.000894275165480806	0.000634152877273812	0.000631935692785554
72009	20-24	2	0.00164417590315186	0.00165823140089988	0.0017604855788623	0.00192652701980364	0.00147058129668053	0.00139912111900144	0.00157644277186252	0.00165277563485921	0.00114015526973511
72009	25-29	2	0.00204505807974795	0.00213597162691661	0.00236858611399263	0.00201785248707463	0.00180250590428113	0.00203525497053119	0.00188891572003544	0.00175676802274184	0.00159005433661951
72009	30-34	2	0.00231448514889266	0.00265847849231858	0.00298877479480394	0.00259916085586926	0.00242306131692118	0.00218687636671232	0.00244955663993127	0.00205807721237248	0.0017791805022722
72009	35-39	2	0.00323492882102206	0.00351008026218286	0.00466831441645514	0.00307265802547383	0.00275496197190971	0.00269779267009814	0.00237706191909316	0.00213282064106543	0.00271240981674383
72009	40-44	2	0.00340973644874273	0.00396797194504961	0.0040814904721658	0.00489411956369193	0.00336190851046465	0.00393727820689572	0.00285417086055378	0.00309805224998897	0.00303305997994424
72009	45-49	2	0.00594384294527182	0.00466140094325067	0.00532412567038411	0.00589179440088328	0.00418961627055318	0.00440328334764032	0.00503105839665959	0.003438165085082	0.00393413430029721
72009	50-54	2	0.0103455737655839	0.0101691234201613	0.00869051023034936	0.00810859120924884	0.00586658030542125	0.00613039924582145	0.0061684353523344	0.00702756023834808	0.00525698484137237
72009	55-59	2	0.0132863260600246	0.0115431551918515	0.00934295237739598	0.0108045634984493	0.012617778220063	0.00968111542847232	0.00763248966886625	0.00777325416174738	0.00887621548713801
72009	60-64	2	0.0189846567785618	0.0203542185091725	0.0156836776381634	0.017854264904656	0.012750306547952	0.0143753904252713	0.0127626768706397	0.0108629728891574	0.0089115260225604
72009	65-69	2	0.0289053675380076	0.0237372219966274	0.0242764784808025	0.0263746139879668	0.0212877011102769	0.0211353455776686	0.0181029468675439	0.0157311417051611	0.0170145691725691
72009	70-74	2	0.0406598122184456	0.0423245736966985	0.0367928648952979	0.0448895395804718	0.0374482572925049	0.0284216723935447	0.0258685456288305	0.0213335659908841	0.0201609921655711
72009	75-79	2	0.0518923209687073	0.060946532545009	0.0551493257435793	0.0503813506429429	0.0465360978491452	0.0442282712142592	0.0488436989953961	0.0349048140594111	0.0289462273779392
72009	80-84	2	0.0911712377136276	0.0907605893668927	0.0852354713640446	0.0836096049684656	0.0864243403682655	0.0816354916412318	0.0703526697602759	0.0672785504290453	0.053357814314751
72009	85+	2	0.172723157756306	0.18181580957615	0.156220268594031	0.202210221008768	0.161231088515483	0.156081136973553	0.157813989278846	0.116093119752817	0.096463738056327
72011	0-4	2	0.00437032704454951	0.00378235877344459	0.00395684316074596	0.00306309616765422	0.00270399663699498	0.0023032453167188	0.00268782515686067	0.00203433028444558	0.00247227351199001
72011	5-9	2	0.00022599681338713	0.000221850138599856	0.000275667414556995	0.000246037618399921	0.000200125123505484	0.000180935027515735	0.000166408101014663	0.000152648708423843	0.000167262315770551
72011	10-14	2	0.000272587412664317	0.000305114457040926	0.000303861073451351	0.000272283378500724	0.000242513496166883	0.000218882420372472	0.000211409288613957	0.000185824840659661	0.00019436586265989
72011	15-19	2	0.000850206366258028	0.000870285876381092	0.00108141437762728	0.000882373438374679	0.000712488266090751	0.000761637793812288	0.000738540954838811	0.000644440990780712	0.000655591741781887
72011	20-24	2	0.00182556796502879	0.0017827178987741	0.00169283043044064	0.00168215084839566	0.0017868589250008	0.00170538672008439	0.00145510809631488	0.00114551422748592	0.00115926738528937
72011	25-29	2	0.00207333545988994	0.00233903936065345	0.0028969036094018	0.00184945692794531	0.00199530923904531	0.00190600607807423	0.00151320264668387	0.00149213648230031	0.00142726644999448
72011	30-34	2	0.00216006044479831	0.00331073059765211	0.00339417304765199	0.00282020059269869	0.00236278445186486	0.00190288929474957	0.00169218745537793	0.00187722655241624	0.00192363905766875
72011	35-39	2	0.00305777083105252	0.00297485722637811	0.00371635279947301	0.00463474373566994	0.00250605545916809	0.00265003383395182	0.0019725113193457	0.00286907548230969	0.00221881016753027
72011	40-44	2	0.00434385034600595	0.00454237409839544	0.00480553444210113	0.00493712445898561	0.0033898574171608	0.00317190210790479	0.00303728012623132	0.00273927725084079	0.00359023184005661
72011	45-49	2	0.00568990381078866	0.00606730152168177	0.00738793565992304	0.00524689913820672	0.00527862121517128	0.00540932716639617	0.00387918079370078	0.00331468946802582	0.00343761080289593
72011	50-54	2	0.00715320826011329	0.00636867357467319	0.00788085894022063	0.00869458968861353	0.00725338510051655	0.00507255467161391	0.00747788531000711	0.00666577860331594	0.00660573782479017
72011	55-59	2	0.0112386386027485	0.0140464189203281	0.012881958281528	0.0111429309275567	0.0106837570908627	0.00985975970323305	0.00864546733736927	0.00818654722130494	0.00842165040058349
72011	60-64	2	0.0186315555554466	0.0184166730884802	0.0201077668894382	0.0162356160300612	0.0147345536470974	0.0133783389477795	0.0121727963662355	0.0139984661646737	0.0109717273882257
72011	65-69	2	0.0268306103455567	0.0280216359386843	0.0257121089822064	0.0273965210354727	0.0209869659365866	0.0173987460154082	0.0183687481202408	0.0164741644123276	0.0165757199270015
72011	70-74	2	0.041604305828409	0.0380550422651214	0.0382387850205808	0.0426721796929973	0.0334741214983309	0.0254135618816512	0.0286818108199632	0.0226475702409295	0.0244606920840387
72011	75-79	2	0.0620032891457522	0.0580779657842819	0.0603509671870924	0.0643283821365978	0.0511082562594697	0.0437923133711815	0.0382936988662886	0.0359292377428398	0.0397022010058165
72011	80-84	2	0.0965225140465071	0.105559951046284	0.102085351441756	0.100785224596981	0.0857499598215327	0.0812553266391521	0.083494073742364	0.0693575004602444	0.05728377600776
72011	85+	2	0.154997456106385	0.183635012590722	0.183160311660137	0.164132996325687	0.149281635179836	0.160392395883881	0.136269054190785	0.133923168996392	0.135331587825282
72013	0-4	2	0.00375146842733355	0.00528000129470185	0.00379336809435838	0.0031449851752732	0.00255801742347427	0.00255476118426433	0.00221170736905684	0.00198241116324442	0.00214483066601173
72013	5-9	2	0.000247456833048766	0.000228412041349888	0.000276255312180579	0.000205612013872743	0.000192215513688282	0.000192973967969833	0.00018981714073077	0.000162849778073733	0.000156517069079265
72013	10-14	2	0.00031638099839061	0.000376686732534704	0.00028570913765581	0.000303888488738782	0.000246240540398694	0.000227929315890929	0.00020513326281701	0.00017755486448035	0.000186890422355845
72013	15-19	2	0.00100906875768917	0.000960265374794823	0.000861462381102939	0.00123484293021295	0.00076458933508283	0.000821212935759009	0.000774332982753594	0.000601673163118496	0.000628668391273879
72013	20-24	2	0.00185491523517154	0.00198524592183533	0.00178250405232142	0.00203711253544014	0.00125966881608887	0.00153221809729932	0.0017376992521049	0.00143028726805626	0.00134614687076726
72013	25-29	2	0.00186618177212239	0.00230100464184766	0.00219621301238073	0.00275687306434894	0.00170209780410736	0.00226959941073668	0.00172441041124089	0.00182254264830197	0.00228227788596525
72013	30-34	2	0.00295425883433893	0.00246284855470365	0.00393200741236391	0.00345349361925545	0.00224931934038328	0.00212921456914789	0.00224573389664813	0.00281625905861145	0.00217087304074661
72013	35-39	2	0.00396966534508314	0.00387904978000925	0.00413996447658668	0.00399947793296946	0.00294587735792295	0.00293544758748058	0.00215245155588675	0.00238287094391073	0.00222298618658769
72013	40-44	2	0.00416543487040632	0.00494572713979129	0.00485137833923108	0.0048809857336749	0.00322863745120994	0.00347670318749583	0.00356079349678853	0.00283272972459981	0.00305909728054872
72013	45-49	2	0.00597050991210312	0.00535622725894217	0.00740478631925163	0.00674257695421846	0.00511295113922941	0.0048809682930183	0.00381940273146038	0.00378488281518529	0.00421940620389062
72013	50-54	2	0.00969734153183942	0.00811707003770113	0.00869619438650015	0.00973051608266841	0.0078212785561209	0.00780540388695962	0.00591489588222619	0.00563542405728085	0.00588713546504
72013	55-59	2	0.0128556642596791	0.0143804115552008	0.0115434887136645	0.0119234652164529	0.0115976145840312	0.0113458953267429	0.00994852398221961	0.00827700289405676	0.00822315137059652
72013	60-64	2	0.0180074258204954	0.01964453378864	0.0196114121413568	0.0201426918221214	0.0178150532785442	0.0157117900778209	0.0135345527824102	0.011733411736834	0.0133386078999054
72013	65-69	2	0.0284952892990207	0.0285818632904668	0.0287597634380637	0.026901521310777	0.0256763023357552	0.022357660058512	0.0194761971899374	0.0190014878200428	0.0178860337827291
72013	70-74	2	0.0451314328006237	0.0430910234894394	0.0448969775271843	0.0434525811774415	0.0360804037985502	0.033995928996743	0.0303422368554099	0.0243373619525622	0.0274574389441085
72013	75-79	2	0.0570324611635324	0.0640107119595792	0.0593685304774649	0.0655198000258808	0.0575338869300074	0.0520654018353364	0.045344204301846	0.0366882482841752	0.042245563201797
72013	80-84	2	0.0991145276945016	0.088283884309276	0.0904143675514742	0.0958818861268809	0.086544019254344	0.0782343728198228	0.0740052479828901	0.0652705767123775	0.0587244036384205
72013	85+	2	0.177772392166497	0.178143717731927	0.170476020688585	0.158586694186063	0.155307231837359	0.145043396269322	0.155544215246438	0.133666970702465	0.130153798647892
72015	0-4	2	0.00473564550451046	0.00412555568334304	0.00411170231118255	0.00373195043534863	0.0027196706551534	0.00248106082595335	0.002542389308331	0.00267796114233892	0.00257362399620081
72015	5-9	2	0.000243716436213669	0.000285611744561533	0.000247627341394492	0.000266487159255672	0.000207064492168714	0.000195790090087454	0.000188211939186259	0.000164885012878888	0.000172074148290467
72015	10-14	2	0.000309265344886197	0.000345439873092659	0.000342670304755188	0.00029567401238493	0.000263908870754027	0.000238777627240484	0.000229455670695408	0.000210644462148964	0.000210054685138201
72015	15-19	2	0.000987475948412287	0.00107920088928384	0.00110790333593794	0.00126778442640516	0.000886789378835216	0.000919484194345248	0.000769645128248024	0.000662694017666571	0.000696265051916122
72015	20-24	2	0.0019088555172736	0.00173121300344018	0.00204543273196318	0.00214257557106567	0.00179860542279851	0.00180833328711585	0.00168851923695354	0.00155644189971469	0.00123225457913421
72015	25-29	2	0.00213710625806622	0.00250740904672702	0.00248476022223312	0.00318179633419544	0.00221361475237927	0.00209132875279276	0.00193849853185246	0.00227064415408502	0.00187375164632634
72015	30-34	2	0.00266446232218718	0.00262292397524432	0.00298386015403425	0.00324230023603557	0.00286035598717377	0.00282377660877139	0.00232097766973745	0.00210169278821446	0.00190814537939508
72015	35-39	2	0.00362566660380974	0.00365526160445321	0.00465994286756926	0.00366987117099474	0.00325540918430805	0.00309150371907325	0.0027126544279398	0.00276780647421801	0.00265897341565484
72015	40-44	2	0.00401757846111278	0.00479985993296665	0.00489862514315658	0.00458288637022908	0.00433327332979579	0.00376857817259769	0.00356875949150324	0.00368905341485661	0.00395977858941636
72015	45-49	2	0.00668847564845567	0.00657424017402204	0.0062939997421343	0.0066052695603833	0.00544340888921808	0.00518121706504744	0.00481217230459491	0.00365321671044402	0.0057544249826054
72015	50-54	2	0.0110870080008266	0.00926067949325384	0.00926085378554863	0.00876544993727938	0.00721878684942519	0.00811456732234662	0.00638700784792662	0.00532231216676969	0.00511443654383493
72015	55-59	2	0.0123205493802071	0.0125855325931859	0.0138204962844384	0.0124447608940394	0.0100779295486512	0.0119287982583966	0.0100726573992639	0.00820714178911207	0.00975497702910968
72015	60-64	2	0.0228903925067322	0.0202584684076305	0.019372555180071	0.0191723714528397	0.0180706724782182	0.0155086898006127	0.0132244018871792	0.0108165208951814	0.0139149688385254
72015	65-69	2	0.0303479300693159	0.0349240719046918	0.0316379212720849	0.0279543789157253	0.0235512541342442	0.0228690118597394	0.0203635362247472	0.0184841868190028	0.0164021199452637
72015	70-74	2	0.0476518128951196	0.0501085924632929	0.0386687662606687	0.0435755561489928	0.0375370034905086	0.0299149511663831	0.0351087592361023	0.021908674518768	0.025681337651031
72015	75-79	2	0.0607346351987187	0.063096497290587	0.0681134253473962	0.0626769430137081	0.0557514405371815	0.0466038766349682	0.0512494656324577	0.0470358778843468	0.0416273875766677
72015	80-84	2	0.103792109426897	0.117820444727835	0.104418573323959	0.119678914182888	0.0989379192754763	0.0903843026094185	0.0766052922296637	0.0655043424257794	0.0555910094889174
72015	85+	2	0.194127677614027	0.148844487067558	0.15756658569818	0.191381115149858	0.162297894328489	0.164190347940867	0.178842637248421	0.144779397469145	0.131076346721168
72017	0-4	2	0.00424520597810105	0.00335291926082258	0.00291230707894737	0.00319122843671601	0.00241470497870144	0.00230496777820224	0.00260101883670697	0.00202043656282954	0.00219070125386244
72017	5-9	2	0.000234026721177338	0.000238875757091092	0.000237029709634513	0.00023200467109365	0.000195888659408343	0.000184853902638778	0.000177816118576432	0.000155280543266796	0.000162077739621855
72017	10-14	2	0.000309185106432588	0.000303029953677799	0.000301661618631675	0.000338215269063624	0.000238967742463897	0.000235336799174653	0.000215621622793351	0.00019800207308811	0.00019751791657362
72017	15-19	2	0.000978926578561168	0.000987922684193845	0.000981902983291425	0.00117597271917242	0.000915660262908628	0.000937720857538182	0.000712112083701655	0.000685027943668727	0.000694623011804883
72017	20-24	2	0.00203952678365017	0.00194158708787971	0.00178767902932378	0.00233063341775545	0.00144551625277776	0.00178347833923469	0.00153362560088289	0.00125824109305007	0.0014417992970763
72017	25-29	2	0.00235853719273986	0.00244682575770867	0.00239202900228823	0.00229816499166684	0.00182156617374323	0.00206971633401489	0.00203422472870857	0.00165598891456999	0.00213135205074662
72017	30-34	2	0.00256125665943096	0.0029713798376846	0.00282437226684709	0.00393386152335637	0.00225592637401227	0.00220414448945542	0.00228315294137844	0.00172137430798202	0.00238867407421532
72017	35-39	2	0.00383412887506413	0.00406033146365402	0.00524703545408877	0.00472602812185726	0.00341431058555805	0.00230881459033552	0.00219669748371536	0.00203526707994002	0.00244659675304678
72017	40-44	2	0.00436256751261558	0.00522184840816263	0.00534118976699558	0.00444204674783024	0.00389192495404538	0.00355907177969445	0.00295730266348789	0.00280454952308066	0.00302252172005803
72017	45-49	2	0.00625101147370877	0.00555759145105959	0.00591426497349427	0.00774074843176715	0.00526689717646982	0.00411161078756217	0.00503338353026036	0.0039647714060814	0.00344198665624746
72017	50-54	2	0.0100216938249422	0.00739164013282732	0.00831523113605771	0.0102995802459392	0.0080209159840627	0.00820139834007801	0.00560714489579744	0.00490576309748442	0.00561730318653895
72017	55-59	2	0.0139057179401949	0.011714093835304	0.0120001303566344	0.0124185918221079	0.0109553319883436	0.0107656864761331	0.00969987365546128	0.00792802063573536	0.00675894759322888
72017	60-64	2	0.0207789140970746	0.0186582882674268	0.0192146214649941	0.0249608493789638	0.0178823895447583	0.014973702856281	0.0125104625252112	0.0135873608936789	0.0119590343572283
72017	65-69	2	0.0325230774473948	0.022023025083818	0.0258484495925686	0.0213622466776896	0.0218459339405951	0.0226675693775148	0.0182698316199447	0.017358144989555	0.0198800225008826
72017	70-74	2	0.0331264989383562	0.040012551641917	0.0426401436726015	0.0417458069147344	0.0349982358394323	0.0336388437364378	0.0270694516949021	0.0287288610080282	0.0273526917765913
72017	75-79	2	0.067203102086634	0.0569717996592211	0.0622055525885453	0.0604537067311976	0.0543236694093778	0.0419595146263098	0.0438609964746124	0.0374178079477104	0.0483452794331642
72017	80-84	2	0.0915376898893322	0.0880149665580365	0.0870056840533762	0.0866089689739928	0.0766239926322529	0.0756914005422209	0.0827453827737844	0.05863695174173	0.0731144304719439
72017	85+	2	0.188346822871766	0.169109766494316	0.191877048914794	0.169931340109766	0.189372542424122	0.140210165195895	0.151519255173313	0.156579130130858	0.148179112197526
72019	0-4	2	0.00393680019440606	0.00354418962472252	0.00328851211213887	0.00322128418400921	0.00299491276866275	0.00269298085804405	0.00222899813823119	0.00189924287401422	0.00243643998001686
72019	5-9	2	0.000231732072633936	0.000245987779769173	0.000222170829910942	0.000227111656332461	0.0001849392114309	0.000183638033289063	0.000169243321459866	0.000162030626474142	0.000161005120414129
72019	10-14	2	0.000316311396137699	0.000272200280339876	0.000320250425435041	0.000261948167648323	0.000265319293115739	0.000211283434335252	0.000195727390780098	0.000188086915675538	0.000186877082441721
72019	15-19	2	0.000971240276147759	0.000910872500514955	0.00112623496402457	0.000903182890255448	0.000783046703845491	0.000719064966482668	0.000782980281452249	0.000642026787373989	0.000623628933541828
72019	20-24	2	0.00173247761441811	0.00168050000165251	0.00176557584593019	0.00184646204649935	0.00164655207975056	0.00174699541738727	0.00136482237892252	0.00123678825358898	0.00122296585562766
72019	25-29	2	0.00209028521299879	0.00202083585993244	0.00245748059047031	0.00216834129095273	0.00179932339147079	0.00204704581895601	0.00185501398930808	0.00141081393860944	0.00162866670887141
72019	30-34	2	0.00233726860373575	0.0031156363423014	0.00332183828540999	0.00254982818087565	0.00235820994145067	0.00229290409606743	0.00212371749818526	0.00204160106956959	0.0024522493967811
72019	35-39	2	0.00308613079787928	0.00333467994264145	0.00399392521749172	0.00371969284400264	0.00326141869310948	0.00264379352003853	0.00244490945120055	0.00193406824700753	0.00247204596954949
72019	40-44	2	0.00379906501715604	0.00338427499045794	0.0046627074408334	0.00482845024739119	0.00419980776132046	0.0030590182209038	0.00290350260499789	0.00276993802977752	0.00271250499718526
72019	45-49	2	0.00557354217352118	0.00621427908157865	0.00724571287276272	0.00572845501437762	0.00463220464972683	0.00535294530171474	0.00488507235281276	0.00393294978868224	0.00366190998537516
72019	50-54	2	0.0109805096263928	0.00962664477226213	0.00868395264047926	0.0067980147164325	0.00705320966174544	0.00615687563250659	0.00664419122066978	0.00551168236926359	0.00582760934790603
72019	55-59	2	0.0110018968514297	0.0134573941610212	0.0146614751083681	0.0119776060259672	0.00979654210874612	0.0077985634881945	0.00890989772460045	0.00814392006502313	0.0089295125996221
72019	60-64	2	0.0179678461284418	0.0196699289631948	0.0177168756026139	0.0167768295734228	0.0132537919364686	0.0145326623895357	0.0126127356576248	0.0106028596600298	0.0116245479937265
72019	65-69	2	0.0263192616446609	0.0253229208823374	0.0248986448431429	0.0298988256272981	0.0177387396516271	0.0217949276808767	0.0189170852102487	0.0165263335673183	0.016146746167444
72019	70-74	2	0.0372563249395436	0.0385988980110028	0.0400687349284797	0.0424268368283619	0.0362027871625387	0.0298739998722821	0.0286897627186052	0.0236859592548923	0.022696511629414
72019	75-79	2	0.0570826072393572	0.0580497783760766	0.0520794557997141	0.0689344884043371	0.0514400477703586	0.0434305706178723	0.0471496230641925	0.0343872294971235	0.0360019184446901
72019	80-84	2	0.122119201497669	0.0992274253699898	0.105507907451174	0.118434110794341	0.0834788574999762	0.0748336882640031	0.068578452231399	0.0640490211180501	0.0598971527259741
72019	85+	2	0.171612560603411	0.173993658705399	0.174527936713371	0.211916784949931	0.160958015387217	0.175679040601155	0.165316329809843	0.126983323035315	0.104499617528287
72021	0-4	2	0.00394020675524973	0.00297805309023799	0.00339440850875846	0.00313870509748286	0.00233082060362867	0.00215787344715932	0.00195171474342098	0.00183602167450126	0.00231932127551222
72021	5-9	2	0.000218993545565321	0.000246018630704032	0.000219367359550668	0.000246813654675033	0.000195695057249893	0.000181308155405145	0.000162180054126013	0.000143152439968754	0.000152272318238039
72021	10-14	2	0.00035901165859807	0.000237934299015242	0.000337348442058134	0.000290215368111334	0.000289168727886452	0.000207360995554831	0.000161016345810254	0.000174100282860031	0.000170555731493328
72021	15-19	2	0.000969270220244503	0.00109219739550479	0.0015268406732356	0.00129284540967053	0.000881646074215845	0.000816733743866475	0.000892407187878166	0.000685646390902626	0.000558257083962756
72021	20-24	2	0.00151314764924579	0.00207367817520291	0.00240184917325537	0.00280973013527258	0.00207834124040632	0.00222594056138899	0.00194193474850845	0.001892398864138	0.00126950467754987
72021	25-29	2	0.00202463310444757	0.00266038725196353	0.00341441619628207	0.00267797759129017	0.00219882883445256	0.00243896900376347	0.00222496625552754	0.00205584530482988	0.00215839221808559
72021	30-34	2	0.00206425786490943	0.003130163338557	0.00553654329752397	0.00390269572469705	0.00222674492487961	0.00262129709412392	0.00214664307138072	0.00219962699030069	0.00254911429072571
72021	35-39	2	0.00290825635725359	0.0040702546261627	0.00645484198291832	0.0052304482483494	0.00339526977542669	0.00306326747685118	0.00262789172298874	0.00271716556710218	0.00308381538192894
72021	40-44	2	0.00342921834653414	0.00454696806421966	0.00699129613355439	0.00566574367168702	0.00403309947059852	0.00375520552394707	0.00319577792424948	0.00327449587110425	0.004001213577455
72021	45-49	2	0.00480026614670785	0.00568657470312266	0.00730648631043665	0.00689221776773668	0.00627244091519544	0.00580445516563553	0.00469679140311636	0.00399384169039047	0.0050791065613894
72021	50-54	2	0.00808876798496744	0.00843172673480573	0.0076784790856407	0.00891495323875921	0.00824863181809733	0.00750288028490904	0.00591534859022026	0.0063227658964283	0.00646472466823674
72021	55-59	2	0.0110018296403415	0.0107764298572421	0.0112439481543076	0.0110983601804843	0.0107837572903525	0.00998701397159473	0.00958112678214192	0.00944036367150283	0.00932405100782046
72021	60-64	2	0.0184739641349813	0.0185642683485946	0.0164960172116077	0.0167806343342675	0.0147192115363811	0.0145754549592511	0.0141400002669407	0.0119117548684244	0.0134179010920694
72021	65-69	2	0.0259003257036006	0.0257274173920989	0.0254030681999701	0.021569806820786	0.0212405212345281	0.0189428802100413	0.0171478166919384	0.0166423830087567	0.0167643295769592
72021	70-74	2	0.0419841942534953	0.0392978744488871	0.0395148309124633	0.0370262688296304	0.0318760554219195	0.0281407486906379	0.026293583768909	0.0226017560846515	0.0264094074356387
72021	75-79	2	0.0606055049910387	0.0582870304017448	0.0532147091572039	0.0545995414512502	0.0508866774543074	0.0460215106046104	0.0392156744023677	0.0364161539387799	0.038403773175275
72021	80-84	2	0.0996306989143367	0.0933496175465227	0.102915184379928	0.0945164876807984	0.076718357079652	0.067728108565686	0.0684620573463481	0.0566615915266916	0.0620036800862636
72021	85+	2	0.178191102123883	0.169849723970903	0.157703804553237	0.165043487043766	0.163968938241117	0.153376207378122	0.133755580993239	0.12577281049532	0.1224741511132
72023	0-4	2	0.00392335908414609	0.00347869065439067	0.00292341558714632	0.00326174648725818	0.00299943847201206	0.00238766153581851	0.00282241083446886	0.00163306262095366	0.00193920134388454
72023	5-9	2	0.000204098812397586	0.000199940366989675	0.000216120809928878	0.000209981493877066	0.000178425968015419	0.000161487042816415	0.000170190260048513	0.0001428625970665	0.000143093764406062
72023	10-14	2	0.000245542739626867	0.000273709722820345	0.000259977849664986	0.000277269340881882	0.00020702289336208	0.000203133994017952	0.000196009922100056	0.000165201124319761	0.000180620897384762
72023	15-19	2	0.000922955701138133	0.000893702846405044	0.000912948995420899	0.00099603915570796	0.000766148677155944	0.000672671965628211	0.000579331378044464	0.000588987383896567	0.000621833579904425
72023	20-24	2	0.00157179075807413	0.00164998749355662	0.00155192138661743	0.00158908317092891	0.00122992430323972	0.00127890053923985	0.00124335241562121	0.00124609386399334	0.00121025980724865
72023	25-29	2	0.00217425932235893	0.00205569285519249	0.00202762391470047	0.00182331830119373	0.0015248081097866	0.00159322173930064	0.00165353183747606	0.00174800248750628	0.00194312737276021
72023	30-34	2	0.00240680805594166	0.00252701176026022	0.00317321088623424	0.00278780113603536	0.00207130350635401	0.00188185443356214	0.00196448895639356	0.00149772489917442	0.00182113355816884
72023	35-39	2	0.00313531564575367	0.00386151959555576	0.00272855983162973	0.00326472826419105	0.00264909978961923	0.00217529592923884	0.0021254589215383	0.0022849183524067	0.00269880235404452
72023	40-44	2	0.00331389744453314	0.00478499736203784	0.00470347114634641	0.0041501346333909	0.00315999350803911	0.00275126364904801	0.00262008390363751	0.00237632945945997	0.00226498135449515
72023	45-49	2	0.00513501573745006	0.00557931978442297	0.00629507366020516	0.0078201676698572	0.00413784241984298	0.00354848684513333	0.00350079625452397	0.00290878372552384	0.00328666126400577
72023	50-54	2	0.00759493703420858	0.00759176462417557	0.0073186312345208	0.00744558665062277	0.00691212135345127	0.00646624303725027	0.00583913852452839	0.00545812778994677	0.00431702759723274
72023	55-59	2	0.0105244445764094	0.0113786701563297	0.0117490000047044	0.00933879681518826	0.0109725245743657	0.00970517251629966	0.00862769339534824	0.00752597551101886	0.00724768512041128
72023	60-64	2	0.017583469584797	0.0176300576288238	0.0170961572364599	0.0146849627199749	0.0144876117913724	0.0143901325331026	0.0112299594312545	0.0102194538694966	0.0114570984698175
72023	65-69	2	0.0240096031748934	0.023504446191841	0.023264154781322	0.0192472077679678	0.0193639014403738	0.0206669790443211	0.0187228980336898	0.0159481678733388	0.0147938110887745
72023	70-74	2	0.0374908075770077	0.0384438690952449	0.0361554253760251	0.0382961440358867	0.0316877021340273	0.0280855340589833	0.0286037489234406	0.0243495524360201	0.0214135137708718
72023	75-79	2	0.0539785261680377	0.0535224425434344	0.0517514708808748	0.0570783051362168	0.0490516032556965	0.0413559088997643	0.0462124763698397	0.0301820313174343	0.0326417030650306
72023	80-84	2	0.095705924192727	0.0652743297902967	0.0916547065296375	0.0992490161244621	0.0754767134014986	0.0773669467962268	0.0686222180258122	0.0527897394260112	0.0557739233770343
72023	85+	2	0.137422855303424	0.149354220846096	0.148509105425048	0.170363202793156	0.169049709046506	0.138800031236077	0.151219102220099	0.140737000908526	0.126436887272641
72025	0-4	2	0.00346618895078585	0.00312113635240355	0.00369748810844133	0.00366405366752644	0.00259772895841174	0.00253942037569876	0.00245035070246003	0.00201737256438801	0.00209271116247079
72025	5-9	2	0.000263533187462876	0.000212730454284551	0.000222015196968786	0.000235518689491298	0.000177895441078335	0.000171042417169789	0.00015609191972084	0.000147287365075425	0.000171977027943953
72025	10-14	2	0.00028580829471529	0.000321156922947134	0.000345024901259772	0.000256231498438937	0.000225602595582389	0.000232245497937335	0.000196929271561262	0.000180694094176746	0.000192482168147344
72025	15-19	2	0.00113295007824448	0.000929717774605989	0.00126098259261676	0.00109531944899656	0.00100867541266252	0.000741952348304923	0.000932051867815402	0.000787760870328592	0.000742896440932003
72025	20-24	2	0.00231159591634109	0.00182183620049221	0.00297900502831978	0.0025256013181839	0.00188592200410178	0.00174325420851902	0.00260995664950705	0.00219313514807116	0.00167925854861873
72025	25-29	2	0.00242276523659274	0.00278949683503604	0.00358233212328206	0.00355276578650805	0.00271148689860355	0.00211503922721676	0.00270017212351906	0.00215289623248819	0.00246072755377785
72025	30-34	2	0.00258256263558439	0.0034560546206294	0.00513179970674778	0.00430100145711726	0.00253479718031728	0.00280243755707032	0.00305056062923255	0.00233196722690904	0.00183927654895278
72025	35-39	2	0.00260023139342062	0.00478156681130489	0.00581987682166197	0.00544588066009088	0.00364921444175618	0.00273890399016478	0.00297686483567131	0.00270724467497336	0.00242036144813862
72025	40-44	2	0.00366053589253167	0.00463312192994387	0.00618876750247268	0.00579013962641313	0.00412402628090001	0.00404403282298204	0.00332743745655697	0.00291526052051069	0.00358155435169294
72025	45-49	2	0.00640964603274984	0.00605943433711399	0.00783387936078915	0.00793350135818612	0.0054407885522601	0.00461143298866395	0.004858659469117	0.00354614910744353	0.00440089444948537
72025	50-54	2	0.00870210105887586	0.0087778349933901	0.00854275000911917	0.00830977239618827	0.00748766910480742	0.00699211572416339	0.00687659286343662	0.00600676742838075	0.00662794773254953
72025	55-59	2	0.0111295087308663	0.0120313558399134	0.0122991231629674	0.0117622360975579	0.0112860878130757	0.0105296259088741	0.00994063804941362	0.00865758590285795	0.010019357473466
72025	60-64	2	0.0192942247364252	0.0174607857349248	0.0200964096972861	0.0168754454300442	0.0166094329718853	0.0140959173586398	0.0140230257846067	0.0105737781307926	0.0116730513794757
72025	65-69	2	0.0261453104270496	0.0267996473848681	0.0252268737313586	0.0239096808767453	0.0222415527159368	0.0208158299001401	0.0204389878888224	0.0154031703853309	0.0177599848409127
72025	70-74	2	0.0401605018007387	0.0431983889476081	0.0440498877446739	0.0400683307623088	0.0340712359677429	0.029997647369202	0.0270952054783798	0.0243182619391965	0.0259530138474167
72025	75-79	2	0.0566097083516531	0.0710161546705885	0.0565224900698776	0.0597897337831873	0.0510042630764635	0.0470238785697345	0.0402948696328242	0.0359619009566857	0.0387625489929781
72025	80-84	2	0.0928017051644043	0.100104597348437	0.098074785473684	0.0958432148001956	0.0806721214972153	0.0702312174721762	0.0727396524818432	0.0589725006026153	0.0661755508957577
72025	85+	2	0.158473028655031	0.163052387217148	0.163143466968611	0.173416094014287	0.15885073605969	0.149050048068641	0.152507089168933	0.128869989864892	0.131593383642939
72027	0-4	2	0.00299337113003996	0.00324138649027192	0.00348608337726595	0.00299679878769082	0.00212826438997036	0.00218052629549762	0.00188737407359998	0.00206681099107873	0.00199858931134572
72027	5-9	2	0.000219700851023384	0.00020529293670183	0.000212730788092419	0.000216086999317249	0.000183893785126347	0.000167158450188191	0.000161161473686698	0.000141521777826761	0.000147444888858981
72027	10-14	2	0.000314830178889778	0.000269155888484877	0.00026694060258625	0.000250092580012119	0.000223140872747555	0.000221152591053176	0.000194850357002437	0.000187983862537406	0.000178850594997449
72027	15-19	2	0.00089400129015846	0.00100092251953217	0.000918305459573966	0.00103124479400586	0.000813786661035828	0.000776098393389294	0.000642162284055864	0.000583197098447318	0.000589502181524886
72027	20-24	2	0.00160641316753381	0.00171361732389883	0.00176154887393291	0.0014100525576511	0.00139054968809156	0.0013355166648761	0.00125697155297042	0.000945115647745774	0.0011459449720082
72027	25-29	2	0.00186246000644481	0.00204905711640633	0.00179540020772194	0.00174211008424431	0.00153149784613624	0.00153860305180083	0.00131830668496203	0.00167319781259262	0.00156388079299959
72027	30-34	2	0.00229575268558133	0.00267638747340467	0.00252027952410623	0.00217452749077897	0.0016960511070077	0.00187239031894939	0.00169179425072341	0.00180719229408576	0.00185451709947062
72027	35-39	2	0.00283462880447418	0.00252261247634442	0.00364448508398734	0.00342051678589265	0.00258495117240353	0.00277471280300735	0.00199435762288863	0.00201043974079638	0.00203330721072499
72027	40-44	2	0.00421206983250046	0.00454945707546908	0.00376276538774864	0.00433899804723775	0.00352111261181974	0.00334096967089652	0.00226714948157593	0.00264790452861685	0.00327084890981042
72027	45-49	2	0.00547780319743119	0.00457591287094281	0.00682903517052856	0.00554540491423764	0.00501268364552067	0.0045788946231038	0.00384054804148034	0.0033132711451714	0.00367735522496593
72027	50-54	2	0.00712736795198516	0.00934599940994856	0.00665366624288452	0.00957537322204188	0.00682763032391965	0.00619308748144612	0.00524480322272109	0.00515516229007906	0.0049152444082728
72027	55-59	2	0.0128937496296935	0.0120200812590201	0.0121365229349014	0.0115185970307271	0.00979479302380928	0.00761441090985936	0.00899213690136281	0.00831168046501193	0.00739734116868616
72027	60-64	2	0.0204378579311468	0.0174070507461606	0.0172027012285263	0.0177337096955523	0.0136335075712814	0.012480802383024	0.0131598482968415	0.0102705656211724	0.00957495250149756
72027	65-69	2	0.0268976422166003	0.0291301119915316	0.0272861498416767	0.0267729692099898	0.0195453068307812	0.0211775665976136	0.0189439885415393	0.0177566023315497	0.0190488849816317
72027	70-74	2	0.0413207726162799	0.04198493367341	0.0370479831193265	0.0411491495177188	0.0330780160966612	0.0289208026025564	0.0289821605599274	0.0232929995603539	0.023568558930622
72027	75-79	2	0.0594659385722466	0.0472558300743857	0.0594137596678875	0.0516948724668852	0.0506249350290909	0.0467428880769948	0.0488295169539545	0.0346627438948645	0.0379215614451104
72027	80-84	2	0.0920973486293254	0.0794209700865266	0.0955321086893231	0.0969862471465835	0.081871222755501	0.0796557460563965	0.0712757903803732	0.0670697385414652	0.0629000805643006
72027	85+	2	0.221049404538151	0.183210227448282	0.185893910094311	0.163813793427381	0.160944156212787	0.15242286969194	0.142686277040812	0.14477109859596	0.148033837600005
72029	0-4	2	0.00356711834406121	0.00380794376873779	0.00402779184311713	0.00342979761143127	0.00233277020435025	0.00318688016295585	0.00286512151166501	0.0022676959128714	0.00230977691896003
72029	5-9	2	0.000235869358743181	0.000266274729230572	0.000243276712599806	0.000235547105761091	0.000218577382384603	0.000190821409489201	0.000184832492159821	0.000163787250092806	0.000188299483570703
72029	10-14	2	0.000272372280232576	0.000279584013725094	0.000357187472984379	0.000335631441199824	0.000242563647763551	0.00023882075355507	0.000231356440854417	0.000206435226740487	0.000216674237305992
72029	15-19	2	0.00098038935291609	0.000960326380043105	0.00158703754990405	0.00167921349612812	0.00139294955193189	0.00126188063952555	0.00105028998243731	0.000713244841304699	0.000733451296115354
72029	20-24	2	0.00177706702901225	0.0023339056909522	0.00273783652762603	0.00275870189619931	0.00401463785050096	0.00388177574513388	0.00316051923722509	0.00150364066506292	0.00204763153806717
72029	25-29	2	0.00193322298544652	0.00299594610704565	0.00429792077822661	0.00404164804444059	0.00314730984912996	0.00353432170887329	0.00327543554451664	0.00264984204618628	0.00182876708263946
72029	30-34	2	0.00305076512233338	0.00418290615262986	0.00494205857437715	0.00342609260153718	0.00300459558264255	0.00275274897732059	0.00249303581533652	0.00269325849460291	0.00280616618573569
72029	35-39	2	0.00294849475167712	0.00483538379279092	0.00516694755181708	0.00485299916674817	0.00454838475388197	0.00275177406372101	0.0028270067141741	0.00314946456049333	0.00285979489276349
72029	40-44	2	0.00408565172613805	0.00374923975548802	0.0051504857964811	0.00609341059714283	0.00476232639371802	0.00363926766927247	0.00330392677458367	0.00367346892411474	0.00429887809416166
72029	45-49	2	0.00544178054351573	0.00612383088305496	0.00720864239319463	0.00831108456264792	0.00628302242066815	0.00579619620399154	0.00416777391832689	0.00488066359793273	0.0041688552351905
72029	50-54	2	0.00836659073058401	0.00870585759754855	0.0084825226002632	0.00924382711383984	0.00849723613818661	0.00805927665330962	0.00516512507331407	0.00669357296177689	0.00705641055952877
72029	55-59	2	0.0119709965534424	0.0129496271520976	0.0128537586584406	0.0138807852494001	0.011284910720423	0.0114095539218573	0.00967645749944267	0.00733328749576109	0.00987893205825725
72029	60-64	2	0.0195128106350792	0.0150278150267336	0.0202242733137701	0.0174816811752254	0.0152398436330677	0.0152011692948962	0.013028424930958	0.0136978252337209	0.0121809666431516
72029	65-69	2	0.0256044624578076	0.0240420648418982	0.0298615299404965	0.0298355567790029	0.0264579245530315	0.0203616083344252	0.0214754415498122	0.0186984106092846	0.0161703630783626
72029	70-74	2	0.0397122453661983	0.0371908775664813	0.0392130381545905	0.0394468676592702	0.0344411918918311	0.0337607586084074	0.0274195952679535	0.0232187033053911	0.0232521862920745
72029	75-79	2	0.0611578301734558	0.0542406799463831	0.0558397746252684	0.076606543084176	0.0498356893686	0.0432487091676661	0.0482003406009226	0.037242195622547	0.0479572335829541
72029	80-84	2	0.0848871556271777	0.0884825530575165	0.106417469399438	0.0979582175732426	0.0737496244389492	0.0771445403825822	0.0701730372271845	0.0612086149359999	0.0697419027564575
72029	85+	2	0.170164290565239	0.189386425672583	0.187533569800132	0.170286027962639	0.151545869492882	0.140550188231687	0.154957797394767	0.13614197400234	0.139069551375976
72031	0-4	2	0.00374648138420082	0.00337569263066549	0.00350368605720004	0.00258335791270138	0.00208253101999276	0.00201040651109884	0.00228007313441512	0.00178602892014195	0.00181857815585704
72031	5-9	2	0.000232612392973951	0.000206898249004281	0.000210273020631249	0.0002141599836456	0.000176382214117478	0.000172332662985196	0.000158884338432064	0.00014450629189209	0.000141172523526999
72031	10-14	2	0.000290010124761724	0.000274103063719981	0.0003156114420113	0.000360696027263332	0.000247152003810006	0.000208082030300552	0.000164042611618138	0.000163374873090688	0.000187395277016628
72031	15-19	2	0.00133026190746722	0.00113012970506302	0.00172583508025539	0.00152881290409715	0.00106581941036155	0.000992424451916715	0.000872028227532482	0.00052240439018059	0.000626012085307606
72031	20-24	2	0.00175395991372469	0.0018715372679818	0.00261307503862307	0.00340624504907761	0.00274762567122465	0.00226963340985233	0.0023968359082119	0.00186135851103884	0.00154579597572429
72031	25-29	2	0.00248655916982987	0.00316910219180732	0.00377396788877846	0.00301818511502576	0.0027865876278124	0.00258639859624069	0.00264862943557434	0.00255901385343008	0.0018276584106153
72031	30-34	2	0.00236305602504129	0.00360897192282798	0.0047118432679115	0.00399991498886377	0.00265661591471923	0.00263957608592849	0.00299747528183866	0.00196668873593471	0.00218782717078535
72031	35-39	2	0.00287537973124922	0.00395898959094618	0.00561311322973025	0.00452453561249663	0.00292054763806936	0.00273445853386471	0.00309686943523943	0.00230479394011537	0.00256229773700149
72031	40-44	2	0.00353685244380946	0.00427559904464941	0.0061231523494059	0.00643675931283488	0.004427552904555	0.00396002768169857	0.00322330251156882	0.0030748536013037	0.00384368673716319
72031	45-49	2	0.00494097960847211	0.00543023796853964	0.00659359733869815	0.00717604694075572	0.00585907556592773	0.00516151808934115	0.00411418154545607	0.00384080207667152	0.00436682211600373
72031	50-54	2	0.00706718815504161	0.00677045633544967	0.00713844668732758	0.00878728450794137	0.00732549695983264	0.00687431949031034	0.00583936089403707	0.0060439741163854	0.00595068191054301
72031	55-59	2	0.00970431010062245	0.0127060755923441	0.0122267192458043	0.0114869263682374	0.00986743166018621	0.0105868817210664	0.0099394010334558	0.00867364135398796	0.00861451244206421
72031	60-64	2	0.0169832062731197	0.0169873387498001	0.0165046586111244	0.0167376398462949	0.0145954245624966	0.014353606054568	0.012672989809186	0.0117148103180164	0.0127298867616014
72031	65-69	2	0.022220713466467	0.0233530445370311	0.0241009428188454	0.0214187871441003	0.0194942532020045	0.0195398576810318	0.0172938990563841	0.0159941778480976	0.0157643711263535
72031	70-74	2	0.0384943464239553	0.039878180716196	0.0401115529712991	0.0352085333225739	0.0300393200410114	0.0277686194238916	0.025047895994707	0.0230566370862879	0.0222799087133685
72031	75-79	2	0.0561619021845919	0.0537522810334397	0.0537942587159803	0.0568586956993725	0.0454548147007492	0.0440534800441451	0.0395862502314693	0.0345668700269268	0.033179181242268
72031	80-84	2	0.0913743873247661	0.103833774343669	0.0909536496692731	0.0879546956587534	0.0769375481420194	0.0701584321255618	0.0639128941473837	0.0533396963532155	0.0529459598268263
72031	85+	2	0.16128178441987	0.167869833194726	0.146604125221941	0.141685816666045	0.136423592046332	0.1503631390138	0.137534253265253	0.116866730250016	0.112268324952065
72033	0-4	2	0.00531966971430725	0.00394022401611096	0.00388034868564237	0.00393164910697364	0.0030305051106159	0.00303651584574124	0.00342970621192995	0.00290986895811646	0.00289079962120778
72033	5-9	2	0.000302263350706771	0.000291138099154658	0.000289409314842757	0.000299184075006513	0.00023577151010668	0.000224834815756415	0.000216769832924748	0.000190560351301387	0.000199313985381878
72033	10-14	2	0.000376935893740105	0.00036602736504053	0.000335147776470733	0.000329685082661049	0.000322724671896474	0.000323309897149928	0.000262291715318492	0.000232196881114823	0.000253927859104107
72033	15-19	2	0.00148364137413565	0.00196940660011768	0.00269001317013337	0.00165922512529814	0.00150927924933532	0.00143800460657241	0.00113097619368911	0.000795597675080023	0.000923598640742897
72033	20-24	2	0.00258240289981262	0.00322950158220845	0.00397177790061172	0.00434889589110381	0.00341351668094468	0.00243618941846785	0.00255650093739235	0.00186393817905397	0.00203975902851275
72033	25-29	2	0.00384539735404447	0.00427938094371763	0.00607839214597987	0.0043052305772054	0.00345450788975254	0.00400334488791144	0.00250286144877173	0.00243999686167741	0.00256342168082477
72033	30-34	2	0.00462525117452117	0.00555492035430085	0.00703165851666175	0.00662873395143376	0.00419388568517309	0.00298144488447047	0.0024814378506918	0.00314414711512693	0.00252678092411497
72033	35-39	2	0.00391902825946468	0.00520304356810586	0.00831241512336803	0.00681149826876346	0.00428781439515808	0.00428624829357746	0.00311174987419827	0.0038207626537738	0.00340099007941469
72033	40-44	2	0.00561823796216267	0.00528530268934982	0.00848662696471157	0.00766831876537638	0.00470973155996829	0.00565802533423551	0.00451292612563399	0.00484159697633278	0.00415779830919795
72033	45-49	2	0.00839628945617055	0.00866670421057291	0.00876204480935998	0.00903349720494979	0.00763407996131904	0.00649081882134199	0.00559979345826689	0.00496993475331128	0.00785174778153116
72033	50-54	2	0.0153506650031624	0.0122366938800258	0.012505291790785	0.0117102012841153	0.00971172394518271	0.00823226559896436	0.00886815171526067	0.00698541694695145	0.00761742405961565
72033	55-59	2	0.0188883900388025	0.0167956836367056	0.0140611207823709	0.0155670430411653	0.013794053186576	0.0118444049903096	0.0122399228881283	0.00953768216944715	0.0122377949358936
72033	60-64	2	0.0237153788860442	0.0284875672703991	0.0274939942529286	0.0234277242574927	0.0186852743742551	0.0162795007015339	0.0147383342719916	0.0138540211699065	0.0162088279714578
72033	65-69	2	0.0381665058774018	0.0343914461679711	0.0276518611540693	0.0279464509432663	0.0246174684093251	0.0236447662201735	0.0206176702464417	0.0180633392165888	0.0210760652517678
72033	70-74	2	0.0561429823229874	0.0493570170551911	0.0488700451679959	0.0552687507495262	0.0308501296122055	0.0397748195988727	0.0322725668882066	0.0272910740986762	0.0326778283697615
72033	75-79	2	0.0687930178643355	0.0631004231600167	0.0713057864638816	0.0595090428295301	0.0570540136660792	0.06002741856788	0.0506623796233781	0.0450042551732049	0.0441748554440324
72033	80-84	2	0.147424194516201	0.112233392266669	0.103117914056685	0.105754894206828	0.101070628220399	0.0811923643073364	0.0623777795067732	0.0651783630006348	0.0572553477021169
72033	85+	2	0.197727591084786	0.182664646008702	0.182323879855365	0.180594372410678	0.145648615775798	0.164285628559032	0.147466141165394	0.126431909005166	0.104269222562086
72035	0-4	2	0.00467057836187053	0.0035982507923734	0.00370908496869632	0.00301768334206717	0.0026541604616562	0.00292341216041403	0.00196457486048218	0.00222431955641051	0.00214724943953473
72035	5-9	2	0.000219665852391263	0.000244798531206078	0.000233290596163562	0.000249349051599279	0.000204562285834699	0.000178824748977217	0.000165564282830165	0.00015271940168428	0.000159342947469737
72035	10-14	2	0.000272207619432532	0.000328445058956145	0.000302670138162961	0.000299187321932532	0.000257407329669463	0.000245169706502043	0.000207883482955939	0.000192287254141068	0.000192849617083738
72035	15-19	2	0.000961577074289217	0.00129532461589445	0.00138501102668973	0.0015309867803969	0.00088949716232092	0.000772475367845577	0.00113726978290453	0.000653133936585163	0.000697233514862891
72035	20-24	2	0.00161721179474533	0.00172258088600534	0.00241477309679977	0.00253488860398698	0.00214757065589027	0.0023577806821488	0.00278088190427942	0.00148974789092625	0.00142215882667465
72035	25-29	2	0.00191358725156054	0.00295333501763428	0.00314280889360097	0.00216396538039851	0.00164659668343607	0.00239808632651458	0.00303467574389932	0.00182080690757352	0.00184745479826683
72035	30-34	2	0.00237476498197963	0.00307906406289904	0.00492569014676742	0.00347320907139307	0.00219287851129566	0.00264539989532653	0.00291398683468087	0.00245961902652336	0.00289617110995495
72035	35-39	2	0.00320207314750228	0.00409638066919434	0.00447450532812744	0.00500777332105107	0.00400702325643874	0.00336747232993761	0.00269519261991576	0.00245047411881153	0.00286469493689257
72035	40-44	2	0.00421771061679169	0.00470044481857017	0.00543322046729586	0.0055071200650187	0.00445905184429498	0.00446646544848397	0.00279860098598807	0.00340194008235825	0.0029698457906922
72035	45-49	2	0.00583518154362743	0.00644815164015099	0.00649104550482756	0.00632191450147908	0.00582858296511723	0.00582181248889816	0.00395109637215202	0.00403883993821545	0.00425490031202735
72035	50-54	2	0.00885188303487107	0.00876470433546612	0.00979941580394445	0.00905214021513701	0.00801777345590589	0.00745280472080487	0.0064922693235442	0.00535524627377526	0.00574198101939449
72035	55-59	2	0.013360166764243	0.0123796818388515	0.0107229476971801	0.0129102126409154	0.0092662536795792	0.0090027985883322	0.00914899922711272	0.00753859124710269	0.00755248173120285
72035	60-64	2	0.02094521800048	0.0197842014980613	0.0175128920209982	0.0175472790878352	0.0150798242691865	0.0120009566903929	0.0118581437182639	0.0110640848164942	0.0112213284021934
72035	65-69	2	0.0306897958212645	0.0264612357318202	0.0271899473557388	0.025313947401274	0.021963912827432	0.0180541785398722	0.0180405188328301	0.0134611599706661	0.0150176848447994
72035	70-74	2	0.0400325238550141	0.0485573379207366	0.0425958616597037	0.0418857713729627	0.0309711323885636	0.0242622074790357	0.0258992509221517	0.0191144708771301	0.0211551336529864
72035	75-79	2	0.0582298673199304	0.0750434998229104	0.0612589140012366	0.064555472739443	0.0530633408852148	0.0435654204664378	0.0415970296972626	0.036217853577243	0.0287452541825285
72035	80-84	2	0.0942807547298052	0.102144577099004	0.0972225092750502	0.0850986814773515	0.0736650882661093	0.0754323364563072	0.0675580886103269	0.0585695172659789	0.0506054233693746
72035	85+	2	0.173025900194888	0.171066855047994	0.171427005190029	0.150455970836874	0.159932127837989	0.150580667136886	0.151083447164627	0.13782461977395	0.12900043992248
72037	0-4	2	0.00344891029037245	0.00345482725726327	0.00400891365410744	0.0033307606462301	0.00268969786157331	0.00282452701790627	0.00279566936881138	0.00199325062938304	0.00272790729237544
72037	5-9	2	0.000226101073329363	0.000266120628245129	0.000252037738654628	0.000234486214581448	0.000199119030627179	0.000188960980461244	0.000174010539454559	0.000158366037953078	0.000165654016536265
72037	10-14	2	0.000276560561769206	0.00028281578803137	0.000293080792037381	0.000299128953995249	0.000266319739782506	0.000230368757614552	0.000212219674439871	0.000193781268482737	0.000202476442904367
72037	15-19	2	0.00101159824752423	0.000847759411405658	0.00103932496656386	0.00103431535178515	0.00082920965512603	0.000788430176378723	0.000869440126383558	0.000675617406970512	0.000651742742963625
72037	20-24	2	0.00159719805925417	0.00195145210394056	0.00160272663802077	0.00191578431499047	0.00158060596022321	0.00154918133916183	0.0015500034122248	0.00133041990877671	0.00145951567467915
72037	25-29	2	0.00225135640956173	0.00264424373107753	0.00249884349309348	0.00205160048626341	0.00181928425201779	0.00179825289694328	0.00210579861573137	0.00166295026764431	0.00204780085246745
72037	30-34	2	0.0026257088203436	0.00274556702219246	0.00269739530539606	0.00294047757494422	0.0022100937165373	0.00204641771996948	0.00243493571024618	0.00216499794173747	0.00254689777910243
72037	35-39	2	0.0033324639571199	0.0033603671115212	0.00388395423979501	0.00293278515751948	0.00255222802082149	0.00247139454086245	0.00298221477228364	0.00243319431521928	0.00282569232276603
72037	40-44	2	0.00421672195483012	0.00464466823203878	0.00584076143362675	0.00412396442989598	0.00372808693642701	0.00331839667393742	0.00302112187354194	0.0026385846802474	0.00377372459740267
72037	45-49	2	0.00587167203301639	0.00706597515623297	0.00676617013381443	0.00546063456303588	0.00441905541869362	0.00514941194503757	0.00378397342580138	0.00355050383041968	0.00414022851834157
72037	50-54	2	0.00729721698211219	0.00923527205250504	0.00919192236050225	0.00934842269403437	0.00798772928004726	0.0061501338954129	0.00629109966166594	0.00640442546083093	0.00706325961764649
72037	55-59	2	0.014400375611086	0.0106910920887465	0.0149176596042764	0.0123949640002961	0.0103069585324311	0.010324884661508	0.0101957343877104	0.00862241742615419	0.00973592152494118
72037	60-64	2	0.0198325600467197	0.0205837221127086	0.0165957772140018	0.0155144978317393	0.0146928990535618	0.0141348153498927	0.0143020903527261	0.0143356265704028	0.0133751932904123
72037	65-69	2	0.0276635242938171	0.0235019001276387	0.0221090534927589	0.0234111938797099	0.0252000447336887	0.0220741243059489	0.0171519914205623	0.0164727817464972	0.0177182617732403
72037	70-74	2	0.0363085090031959	0.0509291048119643	0.0510566479024529	0.0428184790017947	0.0325996083678602	0.0297098542924024	0.0291525460833961	0.0249633310833838	0.0283940790004753
72037	75-79	2	0.0530794227622697	0.0644982578022207	0.0537538868737559	0.0592594503651484	0.0520896921377527	0.0445974923973246	0.0390955233195523	0.0385369813157799	0.0388334997851389
72037	80-84	2	0.124542502079973	0.110248666528865	0.092564385045818	0.122128738108238	0.0969652857874139	0.0854393700247193	0.0630047505198773	0.0532724296502592	0.0610878226680309
72037	85+	2	0.197182439030711	0.201033544646909	0.188904633585613	0.185184277621272	0.147766532522889	0.14719339897384	0.158829149854523	0.126800594754776	0.127342366477754
72039	0-4	2	0.00444740031459184	0.00405041439383432	0.00321425350334157	0.00371579775072506	0.00267624253985234	0.00280304315803145	0.00254620553921469	0.00202352083563478	0.00199077739583089
72039	5-9	2	0.000216561506982003	0.000220938862739994	0.000250375631642185	0.0002240011058763	0.000190715467432767	0.000172728836895201	0.000158208558815921	0.000144241223787616	0.000150039882959152
72039	10-14	2	0.000285754509621316	0.000292478470864338	0.000277439041609755	0.000259988749787453	0.000221651486001004	0.000219938558156275	0.000201819430939305	0.000176271187929288	0.000201165715296588
72039	15-19	2	0.000878002483502421	0.000844272764854044	0.000842250573499268	0.000884504644578217	0.000862646054669989	0.000760612347377645	0.000599256704240014	0.000607082326708913	0.000638864684582148
72039	20-24	2	0.00165119096621921	0.00156902067143486	0.001864842797535	0.00163571406067275	0.00170430188183204	0.00153663908325519	0.00149795507445741	0.00103388143408148	0.00132564878380896
72039	25-29	2	0.00212263538181341	0.00203006038312129	0.002161023952958	0.00204554131485478	0.00217883774239544	0.00211390218784903	0.00185025093847853	0.00139034758139804	0.00151139836056838
72039	30-34	2	0.00203522336627608	0.00256433098121446	0.0030413318762515	0.00265777542373911	0.00213896148541712	0.00207216412273148	0.00232828170882058	0.00162182881250751	0.00206430591523817
72039	35-39	2	0.00324601868533537	0.00315761777993283	0.00333850974650354	0.00372583795611882	0.00258782263118328	0.00266286123544961	0.00271724873677743	0.00228480392312624	0.00222532009507088
72039	40-44	2	0.00356698075872771	0.00381063367247306	0.00408409135107734	0.00443397307944185	0.00402507626490535	0.0032962145865377	0.00316081875562708	0.00260928005498836	0.00286894189173233
72039	45-49	2	0.00486090165778021	0.00508469070901908	0.00625150937195574	0.0060654438670002	0.00613843256742224	0.00402685101784522	0.00399803261840762	0.0041521912314816	0.00416773863339737
72039	50-54	2	0.00738185444118993	0.00732304066328401	0.00814940569488239	0.00871468298080568	0.00659962869844469	0.00617978749749673	0.00469150324230331	0.00634792754318549	0.00484253133354028
72039	55-59	2	0.00974287454495425	0.0114824176169095	0.0128153239958593	0.0134179737399847	0.0101546806700303	0.00947328246166456	0.00771293868758615	0.00710986691203915	0.00679985481290393
72039	60-64	2	0.0142415644951578	0.020168551935686	0.015303025237321	0.0181645628681559	0.0129960571030275	0.0147387748452406	0.00893294038315419	0.01177935189193	0.0110784594285429
72039	65-69	2	0.0269323563143034	0.0233989598905243	0.0227429468948387	0.0259031663633772	0.0223637069305872	0.0202259611291464	0.0158905672037796	0.014161292966089	0.0157416964641137
72039	70-74	2	0.0363933011601894	0.0386762139509592	0.041840434096934	0.0365579651856062	0.0323908654010821	0.0276137231173909	0.0254596668534148	0.0213102750876598	0.0207071487791379
72039	75-79	2	0.0534233526136943	0.0515796562080163	0.0532977527052652	0.0596511853127868	0.0530014895234906	0.0514543453029067	0.044004480766266	0.0299391078890569	0.0399622248173875
72039	80-84	2	0.10422312176792	0.0771202356004986	0.0930668659515765	0.0799487807645399	0.0809738707480373	0.0757779980102874	0.0734386287078999	0.0649102081180305	0.0612127207226365
72039	85+	2	0.166253884895442	0.145056001796681	0.16674500696279	0.174197294330586	0.17128556581872	0.132401922924485	0.151960973165074	0.127239155959673	0.110035430420239
72041	0-4	2	0.00399065821886087	0.00341491650254546	0.00285042598371336	0.00296593862492155	0.00264050015407933	0.00244000745219478	0.00222575490780638	0.00169945174482261	0.00181002378683014
72041	5-9	2	0.000206114085868838	0.000200668484478288	0.000216184415320933	0.000230842892498838	0.000165516837021719	0.000165045416669527	0.000145210077967976	0.000139961177373893	0.000146412840691113
72041	10-14	2	0.000268697007658656	0.000323231810639327	0.000270363094895377	0.000264625893306192	0.000208064208758	0.00021670045140975	0.000183516285614026	0.000162146478909851	0.000169123471869779
72041	15-19	2	0.000771130574403028	0.00075786711143077	0.000858220377343552	0.000946125908224461	0.000729737960302345	0.000705574191288393	0.000573517568900166	0.000691193123121266	0.000532835079444156
72041	20-24	2	0.00156189714852161	0.0014015328008018	0.00197206327188507	0.00142449853463148	0.00135488799571324	0.00161623605097893	0.00156082304677622	0.00102057261358003	0.00132226229743845
72041	25-29	2	0.00172997578641512	0.0019566188239764	0.00211073038636812	0.00178824429434135	0.0017875993129195	0.00211700010958833	0.00176802021904386	0.00189261872699089	0.00165664806156928
72041	30-34	2	0.00226005320345433	0.00234804501773568	0.00294378839548224	0.00277282958814205	0.00222127126521527	0.00185135733833517	0.00234496116802889	0.00222973822725474	0.00191407953552516
72041	35-39	2	0.00257359266954317	0.00268600522141355	0.00304949474677213	0.00347706136436321	0.00226588381099741	0.00252267377301073	0.0022376639158673	0.00219311338605157	0.00256329036015196
72041	40-44	2	0.0053421277034363	0.00375430297046819	0.00449124009799826	0.00386026317034545	0.00298517647053142	0.00321138737599832	0.00271655034703138	0.00259073148907141	0.00455378448894041
72041	45-49	2	0.00608984972229988	0.00570656741692061	0.00460885293054626	0.00428977879924489	0.00426626526392868	0.00398863287790269	0.00394208542666457	0.00334544562525111	0.00418608481991057
72041	50-54	2	0.00893768549798826	0.00764547054368628	0.00639922684792764	0.00712804907071189	0.00506353759236062	0.00610133333249472	0.00510858454916797	0.00622281494571961	0.00492873793324488
72041	55-59	2	0.0093166075748795	0.0133699938523704	0.0114132355038679	0.00941392803673566	0.00984915815540091	0.0089230312906235	0.00664849808732786	0.00691917906674074	0.00668232580780722
72041	60-64	2	0.0168316326300346	0.0162186527640512	0.0181051442497214	0.015902632394721	0.0146626461379998	0.0118575899905741	0.0108841237684846	0.0110125641884301	0.0124023574387722
72041	65-69	2	0.0213325778613441	0.0273704010840831	0.0235506997146787	0.0220929182702185	0.019117040342813	0.0151764603685098	0.01522542896047	0.0137798892813949	0.0156057492822532
72041	70-74	2	0.0332802898535601	0.0328669415025867	0.0313093854564849	0.0375019282399828	0.0276289068683068	0.0237748834880609	0.0275156422373314	0.0207011912551508	0.0210276894504963
72041	75-79	2	0.0562349214257258	0.0616181597471992	0.0442427420879459	0.0505240347550932	0.0431702476044635	0.0447817217051589	0.0370274857140225	0.0314007904452319	0.0314426609163994
72041	80-84	2	0.0730867112601982	0.0774412078784571	0.0843300213413793	0.0786554569266735	0.083729395919615	0.0747387098762612	0.063053330717148	0.0585729054028898	0.0485559862612688
72041	85+	2	0.141636117415319	0.16583944892934	0.174646676909698	0.155160877241007	0.142320616911124	0.148968630755373	0.123716432035504	0.127427011170779	0.120946624867181
72043	0-4	2	0.00409608414481737	0.00342739924596696	0.0041623078316909	0.00394933404586232	0.00290714847632811	0.00233436039218048	0.00223662785074755	0.00185487655193337	0.00190826027144626
72043	5-9	2	0.000245986082067579	0.000221700306690048	0.000239714570574198	0.000278262696625905	0.000218261877758834	0.000181115703663053	0.000175245193757875	0.000147490740466389	0.000154193940594949
72043	10-14	2	0.000307789697595264	0.000343032210005975	0.000275659617180946	0.00028126365022982	0.000220423160166684	0.000217503240997562	0.000211380355533416	0.000179778264796011	0.000187010923716476
72043	15-19	2	0.000953047872335346	0.000942120824642445	0.00079096254727551	0.000812180939217265	0.00101389433022082	0.000890449204661275	0.00070574389793728	0.000603226383379167	0.000640831532575109
72043	20-24	2	0.00164214949862028	0.00176950740662928	0.0022556698284625	0.00149481212394761	0.00151641416816299	0.00124139210381364	0.00141501020215761	0.00122397281940156	0.00178533502894184
72043	25-29	2	0.00196475794718549	0.00187779638580134	0.00230099722458772	0.00229245290794394	0.00198824303348627	0.00178138660073871	0.0018577402955267	0.00183888080872891	0.00152938340275966
72043	30-34	2	0.00242038833633071	0.00297929042091563	0.00262650426357227	0.00316358107742739	0.00182139541239864	0.00189213923032865	0.00201171217601592	0.00222830626535516	0.00189265129179265
72043	35-39	2	0.0029698702710341	0.00439256917214952	0.00452506498879691	0.00388477810868292	0.00320122653773808	0.00239855041411115	0.00216084313517512	0.00242272576916698	0.00218153529676878
72043	40-44	2	0.0038117802200396	0.00356896301627352	0.00483576130061383	0.00574647836130702	0.00349272754056737	0.00315655427010923	0.00291249429472867	0.00236907761614237	0.002711932338236
72043	45-49	2	0.00548791065642251	0.00650505737962907	0.00633494723314586	0.00627559496720188	0.00545945656576888	0.0035353516003006	0.00385485674531708	0.00338063829645385	0.0036097883309973
72043	50-54	2	0.00828775368194024	0.00955571384357537	0.00773913596763706	0.00832222055509113	0.00577326911005714	0.00625246292162654	0.00572599358509949	0.00618624535912958	0.00566992883765
72043	55-59	2	0.0152243048962953	0.0120137985628112	0.0122000716041275	0.0116282221429325	0.0100881565636492	0.00743546092499901	0.00961500392867669	0.00830027334347309	0.0085779015835086
72043	60-64	2	0.020701832787623	0.0175419145171859	0.0179955524739426	0.0167647041202955	0.0148367961740062	0.0124521077395011	0.0129997039320042	0.0125671778484585	0.0115478924004847
72043	65-69	2	0.0276946767869828	0.026791431189871	0.0308499526053772	0.0265452194325908	0.0250921656855306	0.0182579657872404	0.0173058887545801	0.017602452119932	0.0134287780019279
72043	70-74	2	0.0380428204769387	0.0457277544158358	0.0359539362237006	0.0366210477665306	0.0349404764729567	0.0292412032386882	0.0280199414964163	0.0261535203340831	0.0251408021461679
72043	75-79	2	0.0542561620105629	0.0584020210713761	0.0528933225382974	0.0549622542882449	0.0585271386188713	0.0524666413894728	0.046798165628414	0.0427294865989958	0.0394386673259258
72043	80-84	2	0.082265227868713	0.0827757619368718	0.0989516960071261	0.103279851657059	0.0886525969264809	0.0758132275069774	0.0758968647556797	0.0686228676558301	0.054759701631648
72043	85+	2	0.186706334406075	0.158550804701377	0.160572407457962	0.15379738147212	0.169186981793756	0.165803142907388	0.144413826860819	0.11555078504326	0.113310020758547
72045	0-4	2	0.00351895716572525	0.00375186442076424	0.00285844668667413	0.00337812916542314	0.00283331729681487	0.00265782369034178	0.00227695071333224	0.00194845936755397	0.00234691283189805
72045	5-9	2	0.000223310271643835	0.000227887761009405	0.000236413612683459	0.000232538635804815	0.000189137596637974	0.000178879984766331	0.000163616413056929	0.000149737608973383	0.000163543835343754
72045	10-14	2	0.000269011780300099	0.000314954611917518	0.000286644521489287	0.000281565150152961	0.000229634116847468	0.000217710880557878	0.000209077266308983	0.000183143160445185	0.000199630022577731
72045	15-19	2	0.000990352797169829	0.000820336904226049	0.000888913390527336	0.000934801334368311	0.000779130997972358	0.000743148902635586	0.000636756515863646	0.000573691005689411	0.000626387039032844
72045	20-24	2	0.00191817273752596	0.00182874985944503	0.00222677521714165	0.00226060329556282	0.00184076768612111	0.00132247586751042	0.00137350639409728	0.00142756030402475	0.00129708695753095
72045	25-29	2	0.00218179176131616	0.0023090224460182	0.00230427468837563	0.00236646905576203	0.00182176608634117	0.00194543866999029	0.00153251238168854	0.00195402652697237	0.00145796809363613
72045	30-34	2	0.00241962212784396	0.00281524346154537	0.0028607830458107	0.00324834368185325	0.00256111035545146	0.0022846729950455	0.00201952421755187	0.00176605093856011	0.00183532836250303
72045	35-39	2	0.00286595428513495	0.00373661974111238	0.00392344238656094	0.00434289264295919	0.0026648346908469	0.00331248470702348	0.00242297099272675	0.00244419068927582	0.00258230303668252
72045	40-44	2	0.00415841061799806	0.00424183142909726	0.00417908694357662	0.00440032465002471	0.00345810496813852	0.00320543969320353	0.00314267117652844	0.00288183296834118	0.00330822900040563
72045	45-49	2	0.00578826825320044	0.00538954933366842	0.00588719629177007	0.00527561953640187	0.00544076045683997	0.00495371230090112	0.00455476778632135	0.00422797572467408	0.00406922067479054
72045	50-54	2	0.00827166293009242	0.00728232343900479	0.00931555000658628	0.00865504792624892	0.00703088329214569	0.00657530274144768	0.00566465861704737	0.00601182606961099	0.00771816992319629
72045	55-59	2	0.0137114044971555	0.00985664928370603	0.0115706657760868	0.0137605306047964	0.0112298422493166	0.00885072988758396	0.009063132116797	0.00744265311188047	0.0093090094857613
72045	60-64	2	0.0141116312604803	0.0178257835942173	0.0190034459779702	0.0153988278540475	0.0149992506684993	0.0150948980079345	0.0139835101129256	0.0129593854677051	0.0111623196327528
72045	65-69	2	0.0254808437151496	0.0261875312227775	0.0232300701827794	0.0251366369913479	0.0243972779395696	0.0256112118947694	0.0171727078037277	0.0164553570415337	0.0151901832760103
72045	70-74	2	0.0354557297263069	0.0380906475399479	0.0425872180449542	0.0472656561027044	0.0305919401358998	0.0281702022273457	0.0293447687803602	0.0226193284417515	0.0262120759680569
72045	75-79	2	0.0633031527767427	0.056206283477069	0.0514593683551895	0.0566662319874276	0.0515156404415486	0.0398722974322817	0.0375966950278424	0.0458173512091846	0.0464572416402908
72045	80-84	2	0.0859333138168858	0.102019667798652	0.0959990705510897	0.0723814236913168	0.0809324448690273	0.0844620509709956	0.0645824801170214	0.068588046293162	0.0641504187346297
72045	85+	2	0.181830580772718	0.141127801867344	0.167716253454289	0.163545199918445	0.169350131513429	0.166063578949927	0.153664783516923	0.138789539634843	0.128754304099769
72047	0-4	2	0.00446750618346962	0.00315613618197856	0.00336141771621149	0.00354416232227505	0.00277983822562707	0.00260603550791548	0.00233413058191414	0.00169432580187228	0.00261963046517305
72047	5-9	2	0.000253232455977041	0.000215825155857566	0.000234125266147368	0.000249576394701602	0.000187045458406294	0.000170553328054468	0.000171699040062618	0.000150932612449855	0.000150407065927628
72047	10-14	2	0.000244941732189358	0.000260736994724571	0.000320549820490387	0.000274395124529357	0.000215030279922705	0.000214389945526294	0.000216986222605868	0.000191737461114383	0.000190833871002913
72047	15-19	2	0.00096848740815033	0.000821705531150444	0.000917062497352957	0.00122365704726732	0.000950317292576924	0.000987116559274201	0.000600915277886314	0.000617540513306915	0.000678083241089853
72047	20-24	2	0.00165304409113212	0.0013682621653375	0.00217384707446081	0.00194710816091402	0.00192003693518469	0.0020995884543117	0.00153992908227644	0.00146153557482206	0.00142551261174445
72047	25-29	2	0.00190810239456639	0.00214974400025101	0.0029590320808125	0.00203452254424204	0.00213145881909425	0.0017882991541075	0.00177168840952617	0.00147786844018088	0.0013860990483604
72047	30-34	2	0.00250709199044698	0.00275659196861432	0.00282275537412368	0.00349396243658079	0.00192289064245787	0.00235787818989705	0.00221150286201208	0.00177482307588367	0.00215919653403819
72047	35-39	2	0.00273647798929905	0.00315396609169068	0.00378502662185584	0.00313020921669976	0.0027104935097003	0.00260971543809381	0.00232154896363133	0.00235908000396099	0.00322626547697742
72047	40-44	2	0.003620743345745	0.00456539273357603	0.00423649254770033	0.00451220004784469	0.00305577920903367	0.00344666020233768	0.0030786189287262	0.00218895946340635	0.00292741556243803
72047	45-49	2	0.00480318488104583	0.00455261017343703	0.00599921688443092	0.00690080138197584	0.00535577505028221	0.00508732257266231	0.00401609494859124	0.00363644582283908	0.00323427340006501
72047	50-54	2	0.00767309829724024	0.00804823444216343	0.00900242631802169	0.00716553269713411	0.00567180590128993	0.00582674334974198	0.00511981408361753	0.00668619381443745	0.00498856853893178
72047	55-59	2	0.0118155207007737	0.0109052605349722	0.0136080748079441	0.00993559089080634	0.00807104686167929	0.00847718800151545	0.00921116485909975	0.00816991569534553	0.0101366775279842
72047	60-64	2	0.0194944949052838	0.0164486136633539	0.0186553187431943	0.0194674535987141	0.014041911920938	0.0136759511660172	0.013369119882175	0.0130359132710905	0.0140923409524988
72047	65-69	2	0.0232287580832188	0.0244948137333609	0.0253772633382468	0.0208705822717795	0.0195544322888436	0.0168459383801006	0.0141911793689914	0.0163048505698447	0.0157703714054567
72047	70-74	2	0.0367558119023087	0.0359942439207079	0.0336912705495436	0.0341500967554499	0.0314103089561814	0.0275554739950368	0.0254158345577552	0.0235969728092249	0.0250460280833818
72047	75-79	2	0.0471339536183545	0.0574327951236014	0.0551634430871815	0.0565000147002967	0.0485022308249727	0.0451232412089805	0.0425268131889123	0.037250903476487	0.037481923735939
72047	80-84	2	0.109566800386651	0.0726092720568662	0.0971197011910098	0.0973263399764548	0.0736394948599847	0.0750708934899809	0.0719605839215899	0.0568457513001579	0.0615684868080622
72047	85+	2	0.170938598131283	0.174537372567785	0.18087657223718	0.183376992564357	0.177725933333405	0.167991822039163	0.14240711867269	0.134891303773829	0.105611555975073
72049	0-4	2	0.00386014425047232	0.00329766391686009	0.00295535082422116	0.0024380292913386	0.00179941492737207	0.00204359063765691	0.00239157381955568	0.00242136147543842	0.0024626988734146
72049	5-9	2	0.000205791959574344	0.000210838738433743	0.000219209489603853	0.000213714043721263	0.000179873232288648	0.000169543341113722	0.000154536758328738	0.000140335209546848	0.000152851248977302
72049	10-14	2	0.000252726741556184	0.000258962079781353	0.000269282522022605	0.000262631075010609	0.000221039897031671	0.000208240440185378	0.000189843463065141	0.000172398117223035	0.000179062154957117
72049	15-19	2	0.000878149274799228	0.000859292859714513	0.00093651421745381	0.000955804933534298	0.000732341194223467	0.000690201111398878	0.000629590975898972	0.000572851548590705	0.000595408581215213
72049	20-24	2	0.00163182062685416	0.00159418225087897	0.00165625309942806	0.00169438411811633	0.00136381537757928	0.00134911276773056	0.00122779405236957	0.00122564112928129	0.00121911418498909
72049	25-29	2	0.00193933288911985	0.00198765680935387	0.00216571273101126	0.00201942851489107	0.00170322022092619	0.00175819971536492	0.00153733436126723	0.00139844860951571	0.00145037947429919
72049	30-34	2	0.00231611356397813	0.00248742173830963	0.00246408736315209	0.00250810251716084	0.00202526254168596	0.00201220988772197	0.00210705059541622	0.00174767160174908	0.00172900696278988
72049	35-39	2	0.00288932371563413	0.00307584430514234	0.00303750906564496	0.00324554883794706	0.00250741347858786	0.00247903496599964	0.00226869763567804	0.00217279403161451	0.00236466780580807
72049	40-44	2	0.00361019809246555	0.00366274746926404	0.00395166632474644	0.00366785664842329	0.00310053958838372	0.00307239060952408	0.00281331472679534	0.00254278638761406	0.00305792196248005
72049	45-49	2	0.00482924264945142	0.00558617347772424	0.00571532285893756	0.00505449115713055	0.00466270902220961	0.00401738778509461	0.00386490952200374	0.00373334633352936	0.00350614760744117
72049	50-54	2	0.00717864538460792	0.00694702197747557	0.00712138456526839	0.00780612017463448	0.00693365253359581	0.00686117843962139	0.0059426360736353	0.00472232407503263	0.00495614680580219
72049	55-59	2	0.0107307016632057	0.0103223360230632	0.0109641363702203	0.0118723707640033	0.00808889104044332	0.00758136727237593	0.00740537683503414	0.0076806934526977	0.00788078643046515
72049	60-64	2	0.016004569880055	0.0144626622815737	0.015866700013152	0.017283489882837	0.0135778218263093	0.0146963390302858	0.0117337041822159	0.0133531445734891	0.0124346509832864
72049	65-69	2	0.0250081604316628	0.0219784085513988	0.0233132680579827	0.0256726723341084	0.0194834627855384	0.0188390322641624	0.0173872256497646	0.0160263269174587	0.0143416952989083
72049	70-74	2	0.0328315903700832	0.0383229691422853	0.0396494250415941	0.0371968563348206	0.0280472567915322	0.0251357168914187	0.0283830497433225	0.0234707492630563	0.0219804439797999
72049	75-79	2	0.0525956699966735	0.0585066221620119	0.0545591747369576	0.0476060137378568	0.0397730617698893	0.0413139144183036	0.040753699046785	0.0400373082196991	0.0435052823866226
72049	80-84	2	0.0852626839173909	0.0962692884605266	0.110880809846187	0.101059238238059	0.0951923239477925	0.0826649287193891	0.0628958160507964	0.061432774537968	0.0672042372512867
72049	85+	2	0.198872910864257	0.185211697886018	0.169531040338786	0.156940454445204	0.147423488670947	0.143186572184235	0.144539390768225	0.131553872968011	0.114260282194358
72051	0-4	2	0.00379562670536206	0.00307048992407506	0.0028423932951962	0.00289926373474864	0.00275873688244085	0.00268318625432872	0.00233927119649794	0.00191739373130345	0.00212798317076084
72051	5-9	2	0.000225601367601145	0.000220932444265078	0.000239630202184643	0.00021564951661341	0.000200492822745513	0.000172503082303606	0.000165437950970137	0.00015244287419085	0.000159357162295541
72051	10-14	2	0.000310902058113888	0.000254869851437063	0.000287863619747729	0.000272090321985612	0.000232207049193793	0.000209071973291182	0.000199124163280613	0.000175855785160026	0.000201471504399107
72051	15-19	2	0.00111342724576531	0.000981354736758423	0.00100499635389855	0.00132716520429639	0.000807296057350738	0.000864219342260252	0.000688774343596975	0.000611142197075388	0.000695116886521596
72051	20-24	2	0.00150175553558145	0.00177303847611569	0.00219769629692685	0.00229699491226827	0.00221404424332833	0.00159917514946126	0.00161952134525917	0.00127313734831008	0.00128030834376108
72051	25-29	2	0.00200334269846942	0.00237693926897703	0.00342579340317131	0.00244619979935907	0.00213096773378793	0.00230135585166975	0.00251728216918321	0.00167629710153937	0.00208505042440756
72051	30-34	2	0.0022079869111255	0.00244144580315055	0.00365506255567036	0.00298497454948577	0.00188382779508665	0.00219959857680129	0.00220846471026033	0.00163074258254818	0.00213834193924435
72051	35-39	2	0.00350742645346374	0.00380154417236773	0.00423200282027963	0.0041909396611445	0.00267411932686227	0.00249988096431005	0.00246201027129106	0.00270054571445886	0.00238880397499055
72051	40-44	2	0.0037047210366671	0.00416075800460958	0.00522475270960715	0.00459701479199805	0.00383273482143549	0.00330690858015706	0.00272060920746374	0.00277629928233467	0.00339710842150548
72051	45-49	2	0.00529978354836155	0.00525153125643588	0.00669214843212393	0.00743062386485463	0.00574945805278309	0.00493845370689328	0.00374641870086355	0.00306897363252826	0.00318935102242622
72051	50-54	2	0.00813499133480181	0.00866616658020128	0.00703695981703862	0.00794211313315398	0.00695215179335657	0.00653820144690741	0.00506544869917996	0.00503133155675987	0.00538237485570596
72051	55-59	2	0.0121954416781788	0.0117467448216177	0.0156380332350866	0.0114242770268219	0.0125393349876406	0.00944283220677311	0.00825702657557064	0.00770413965794137	0.00813729047989874
72051	60-64	2	0.0178340452644447	0.0196586547260029	0.0181857436895438	0.0153924809882135	0.0126838047147246	0.012879597722022	0.0103048506598239	0.0115998912237194	0.0112368091665166
72051	65-69	2	0.0250687457203515	0.0278335624797014	0.0232083476276608	0.0273925324266584	0.0243456564070743	0.0211905394537656	0.0180772230506134	0.0156224362169315	0.0156302004911875
72051	70-74	2	0.0310367706126261	0.0452037722512691	0.0366774369911044	0.0385795491525437	0.031189916193984	0.0282758993788101	0.022526075343831	0.0229539621789789	0.0231656095569581
72051	75-79	2	0.0525444741801321	0.0629081453581792	0.0560347773952886	0.0542044530673324	0.0547681848858383	0.0414301064989263	0.0380952627905225	0.0362379141090542	0.0367887028398888
72051	80-84	2	0.0890804383594823	0.109534390694411	0.09489146048496	0.0948180577168161	0.0927231051761253	0.085965662131672	0.0628306808422758	0.058274935841526	0.0613074770020147
72051	85+	2	0.141508580125558	0.177913682734089	0.151306000060678	0.159252605977402	0.132896829292922	0.149340438094784	0.150505200371243	0.131541217739456	0.131609767011844
72053	0-4	2	0.00457364938335532	0.00360966419602783	0.0046798076725471	0.00333713244635191	0.00304235180410013	0.00301444192684751	0.00300126450365704	0.00229519281082766	0.00248752273346142
72053	5-9	2	0.000246206968450469	0.000265767047567481	0.000314083511527719	0.000245006630896155	0.000209300259213976	0.000209778366998196	0.000194494006380061	0.000170941258546528	0.000178647276974
72053	10-14	2	0.000307958815949433	0.000329549020575701	0.000357652540704902	0.000323243245126478	0.000277957154258412	0.000276410307526358	0.00022453128099928	0.000207493496157911	0.000216611696390862
72053	15-19	2	0.000915958798234498	0.00111497306023492	0.00111447183839374	0.00146531335273538	0.000886108395947551	0.000899038218293476	0.000941471157780789	0.000782617336652956	0.000800362110182406
72053	20-24	2	0.00163026752221895	0.0020232592216311	0.00241076316688174	0.00231843909389774	0.00211506635431724	0.00217514805883059	0.00273796229127128	0.00197016785004753	0.00161637501587045
72053	25-29	2	0.00213990559136818	0.00218836756489511	0.00263809465930121	0.00277907008340535	0.0025680751212343	0.00264147392563419	0.00285097564019597	0.00235919727678205	0.0021615441669365
72053	30-34	2	0.00250084298395592	0.003414806135775	0.00397537978846945	0.00348991471334713	0.00296301362156102	0.0032151281288961	0.00241633316698544	0.00261815217270834	0.00283898101171367
72053	35-39	2	0.00386431501218156	0.00436135713602073	0.00594138741743251	0.00497880347900299	0.00380914351991959	0.00311926442528408	0.00325629140837259	0.00272729078390367	0.00282280526534456
72053	40-44	2	0.0052310816332345	0.00523749956982144	0.00642095638029166	0.00653072143694987	0.00442792903258707	0.00479269833604807	0.00343552045536889	0.00432099723347383	0.00451616456616125
72053	45-49	2	0.00704545029862072	0.00576940331544358	0.00744140353848633	0.0079390655947281	0.0071015883577823	0.0051533518422614	0.00603868300703145	0.00460592847450094	0.00518604817680703
72053	50-54	2	0.0087873572007508	0.0103333237369904	0.0102482131324219	0.00803496088603586	0.00791186429509569	0.0075950410668575	0.00729455357671948	0.00543428267854724	0.00793480691446889
72053	55-59	2	0.0143116249090607	0.0144968375576223	0.0135768569260184	0.0148779386261532	0.0110920460467701	0.0129611267380255	0.0118825733840525	0.0101819333672571	0.0102393355029194
72053	60-64	2	0.0182351690695543	0.0181656468018541	0.0191960239245601	0.0196501035711703	0.0183244428360952	0.0188864323310753	0.0155648072307755	0.014781564634492	0.0145024400854826
72053	65-69	2	0.0272042938019528	0.0234104132990746	0.0296899548406853	0.0240742286362278	0.022913558437288	0.0275660125919451	0.0195847959732634	0.0193331774156668	0.0208921961650396
72053	70-74	2	0.0448584229657003	0.0424088031027168	0.0470213934149176	0.0380641930673219	0.0403626528841767	0.0313166786028225	0.0264700077947145	0.0255624654596403	0.0265357533991104
72053	75-79	2	0.0516432447516899	0.0570281626895181	0.0668783725929577	0.0620738258691957	0.0541630276884022	0.0465640434479443	0.0443171555364027	0.0386902008411472	0.0422293221172735
72053	80-84	2	0.1218879098564	0.102153546821459	0.1027187674184	0.102067856874836	0.0804232111630417	0.0902169345951592	0.0708520412994624	0.0541460399718556	0.0705207235382505
72053	85+	2	0.188937918971374	0.221203175280993	0.164424701284526	0.182629050546683	0.157386849235499	0.150823377540055	0.156987826527944	0.137313981047428	0.120870477007898
72054	0-4	2	0.00418094519457888	0.00405404591408442	0.00382232966495355	0.00392540166502171	0.00295063794851263	0.00301507103057803	0.002542810366594	0.00223149599353615	0.00231939533526497
72054	5-9	2	0.000226136049976991	0.000232252343883443	0.0002407753274839	0.000244700348965992	0.000196749915235457	0.000185946509227582	0.000169484463363004	0.000154952978895956	0.00016093096245064
72054	10-14	2	0.000276236656704027	0.00029673822338068	0.000307493795115169	0.000285286383074105	0.000240449758051581	0.000226780642296651	0.000206540216930107	0.000189447105877586	0.000196884247983026
72054	15-19	2	0.000918744245426356	0.000936099405838661	0.000963339792953974	0.00115507783915451	0.000903971786497926	0.000717097427679246	0.000685329121108036	0.000632428540370773	0.000633981709289018
72054	20-24	2	0.00165582088349417	0.001610118564307	0.00192575467437679	0.00175538865654109	0.00161475745300034	0.00132449289231908	0.00132547955124796	0.00124186366284521	0.00145593281768852
72054	25-29	2	0.00233442848158101	0.00218332363833583	0.00239615478253693	0.00225603538719005	0.00200450762236246	0.00184311187272503	0.00212481548410502	0.00174657453478509	0.00160142214583024
72054	30-34	2	0.00249326589310236	0.00254465768394619	0.00314855953521328	0.00287429335519003	0.00210514512385724	0.00208231250738283	0.00201513524293038	0.00192366860678834	0.00189555578953235
72054	35-39	2	0.00361241451613724	0.00334494744513783	0.00377280659537861	0.00399625258439157	0.0025436218267509	0.00249231536202962	0.00248762731081232	0.00238470421880918	0.00264768983822521
72054	40-44	2	0.00427367581236643	0.00406020877827081	0.00483379642635024	0.00454948976571049	0.00389018839468201	0.00307072970693629	0.00255008068930488	0.00296588984706264	0.00342167134241696
72054	45-49	2	0.00646184827298169	0.00694344707824759	0.00552231576645349	0.00625220492984837	0.00475637299196489	0.00443510258570983	0.00377901129257676	0.003418531922278	0.00419667640117692
72054	50-54	2	0.008662800371375	0.0113782353262148	0.00860315508634301	0.00795767316511223	0.00657132710913059	0.00636204867996523	0.00644292212693281	0.00648104961231648	0.00616370623296526
72054	55-59	2	0.0119607748368716	0.0142952432069737	0.0126459917984197	0.0129017901167756	0.00782378882340461	0.00793338426287872	0.00869391626981353	0.00849353536667192	0.00801641186546617
72054	60-64	2	0.0188516483474919	0.017058072619225	0.0176454722225783	0.0182913437424224	0.0175158930419627	0.0149354438026153	0.0137823753551915	0.0105079589171115	0.0107815905079686
72054	65-69	2	0.0258729208685927	0.0244989370548332	0.0290472354973385	0.0267156321808287	0.0242386951674601	0.0227754657031368	0.0167031622032775	0.0164993668431492	0.0166477117523753
72054	70-74	2	0.0402328922561939	0.0492847054644388	0.0486329604925172	0.0423871831148165	0.034461807278838	0.033893657789415	0.023060759819811	0.0216948301808557	0.0247535993546602
72054	75-79	2	0.058171826610578	0.0533280201482996	0.0639857822201474	0.0490689750358466	0.0566094239646107	0.046166914578407	0.0379909003488628	0.0402371854389583	0.0398276526887973
72054	80-84	2	0.105067023748041	0.104176071548103	0.11594036794363	0.0924742616822267	0.0779220939296501	0.0849586113102189	0.0668441408768204	0.0738345702449653	0.0584492452123859
72054	85+	2	0.23733928808969	0.197094684377212	0.188555715288718	0.201701539890527	0.17574294569428	0.182843925266233	0.161611874941203	0.155362995205029	0.151132544722246
72055	0-4	2	0.00441309461185095	0.00463742952681688	0.00438037142870663	0.00408996089251647	0.00329605485040163	0.00378370199345789	0.00276378936995762	0.00255623839209258	0.00311694715210997
72055	5-9	2	0.000285234876452165	0.0002567253840428	0.000267069319337693	0.00028603759380633	0.000243507323873828	0.000211075418971163	0.000194156967584818	0.000178595184478641	0.000186342473541572
72055	10-14	2	0.000330702496296052	0.000308675333312431	0.000349503142218896	0.000360605674321644	0.000270339512755546	0.000268924048532203	0.00025942204083766	0.000218052448311735	0.000227532342466777
72055	15-19	2	0.00102018981162715	0.000983209810390048	0.00116869194298849	0.00111258749925665	0.000981691530900259	0.000842510811272745	0.000793291764681911	0.00078084027783066	0.000825986747588441
72055	20-24	2	0.00242724204104695	0.00208645467660859	0.00221850568802036	0.00209615242690319	0.001605123897179	0.0020023178914969	0.00167106772944873	0.00131701551197889	0.00128192644419338
72055	25-29	2	0.00256776715046756	0.00315477400513388	0.00301914586024509	0.00343464173754457	0.00242329660360629	0.00234931196252382	0.00209965675106452	0.00166207586463339	0.0024119600681685
72055	30-34	2	0.00261367100294448	0.00324485619800403	0.00369675072097958	0.00332416753268549	0.00264178792426848	0.0022934657844769	0.0021773581450176	0.00212942892829196	0.00217869784492499
72055	35-39	2	0.00438108643983113	0.00377547466168626	0.00567529105768164	0.00459816250256505	0.00419326058958119	0.00291259923355303	0.00254240786305183	0.00339051492798786	0.00292726981685304
72055	40-44	2	0.00448288649044087	0.0060707792183917	0.00583380787166353	0.00598964589134827	0.0036721663235562	0.00409417241213078	0.00309023747733084	0.00355254412783346	0.00411110920952229
72055	45-49	2	0.0059073664103494	0.00726817261651735	0.00677628735246223	0.00712358654882695	0.00581652438290253	0.00559913697643748	0.00481729308220135	0.00516952356324774	0.00506656412171518
72055	50-54	2	0.00841924269593004	0.00929571740223763	0.0104976540597193	0.0092812734326982	0.00707705885897589	0.00867706232761944	0.00751745777034979	0.00740180329171839	0.00796521634175841
72055	55-59	2	0.0161484669194259	0.0136454399055002	0.0135589013702127	0.0136818606166564	0.0143829100094082	0.0124250188925655	0.011346607757058	0.0103484809873711	0.00961316713028106
72055	60-64	2	0.0211081252816803	0.0182983151232928	0.0226045542609277	0.0220497238743739	0.0177684755528895	0.0162483387124162	0.0134551565981047	0.0132564783475763	0.0144522497334846
72055	65-69	2	0.0286045792405156	0.0269707439352713	0.0305645878562269	0.0256864255734943	0.0200103289334621	0.022353830027141	0.019667526617619	0.0203485658093672	0.0224612731089981
72055	70-74	2	0.0457996005226299	0.0427093182357245	0.0458932667775016	0.0410659614747015	0.0412617751485005	0.0368120543621664	0.0308534116671949	0.0306603598671107	0.0292783376641379
72055	75-79	2	0.070294661720213	0.0768339355896221	0.0635712586918864	0.0694339803227024	0.0505912012815928	0.0494043808036877	0.0511488445760955	0.0528955867263666	0.0397692889008863
72055	80-84	2	0.0907830497999947	0.0993445706720481	0.0959827902225705	0.11604067517142	0.100920794398053	0.102632667472185	0.0691372899514543	0.0648570427921748	0.0858235898816608
72055	85+	2	0.195868398732311	0.204065470186163	0.200331155825558	0.187506855438254	0.177886026437784	0.153725560951456	0.168620211938579	0.187278532858982	0.159105114521412
72057	0-4	2	0.00441646071409752	0.00462898972730357	0.00464745399592151	0.00328665005897459	0.00282462010777806	0.00326458867614328	0.00224062563054804	0.00224111169300277	0.00257374668597434
72057	5-9	2	0.000240479070511065	0.000227756958253933	0.000269271852506422	0.000264947730592391	0.000218550513898664	0.000190583701112857	0.000184304858949074	0.000171063218635766	0.000180440791910482
72057	10-14	2	0.000409717870623433	0.000333641346479825	0.000333854687883365	0.000316589378754368	0.000273302174853101	0.000238061495415438	0.000211050158763581	0.000206666751931481	0.000208634279983223
72057	15-19	2	0.000869014147653659	0.00106702648329597	0.00120973839156039	0.00115304844583121	0.00101573671864058	0.000910180852671265	0.000943981790096539	0.000775296302582289	0.00081659383662972
72057	20-24	2	0.0019171529595836	0.00173017422602871	0.00218261199224694	0.0022499411959096	0.00227764574387865	0.00172510709990289	0.00178354690561725	0.00125732733105675	0.00177039934634898
72057	25-29	2	0.00225713263644191	0.00218848364919151	0.00256703064752078	0.00270390634929239	0.00207885175478424	0.00190792842874874	0.00224318701825038	0.00202156469184568	0.00247777192275131
72057	30-34	2	0.00245973562190891	0.00349042457394016	0.00338962904892713	0.00328582267873766	0.00229506443696094	0.00239980262057649	0.00208226188618524	0.00225691789733425	0.0025038623962252
72057	35-39	2	0.00324366748067879	0.00433808148205973	0.00540503557953215	0.00444566078570358	0.00328535396770865	0.00279380650670943	0.00236085803301214	0.00283582363388485	0.00388460437549989
72057	40-44	2	0.00471209356710945	0.00481724481027794	0.0051492523002713	0.00640278175221619	0.0048662748909392	0.0042418423108389	0.00284592957485122	0.00339698567645656	0.00325302182254628
72057	45-49	2	0.006009655934432	0.00584334895453211	0.00813604718232213	0.00699891247299834	0.00581036456026066	0.0047935018246046	0.00430168909571661	0.00330635927937409	0.00461518389745666
72057	50-54	2	0.0101641302255738	0.0113051300865144	0.00836774228577552	0.00981567135861788	0.00795831827038023	0.008098584331535	0.00637674714124561	0.00696701024072	0.00655662476008653
72057	55-59	2	0.013802210236306	0.0136357920177975	0.0150130222442503	0.0133460849645947	0.0131635722969219	0.00948491472933919	0.0106701955199973	0.00877243889550266	0.00982862479496115
72057	60-64	2	0.0220258860184445	0.0223983729665819	0.0194616632493712	0.0193377787233291	0.0178022966927756	0.0167456649799655	0.0144811241162455	0.0128020523364011	0.0132315906637556
72057	65-69	2	0.0322946231103036	0.0314913793652745	0.0313407021798531	0.0259469295476487	0.0250017101557128	0.0232168644791979	0.019990136095828	0.0184736302337592	0.0193092213786111
72057	70-74	2	0.0498993877153683	0.0482286236306321	0.0452964006846436	0.043136768855759	0.0406905996294059	0.0362839037521074	0.0287104806174865	0.0270786029754739	0.0279900393826497
72057	75-79	2	0.0573209473948966	0.0583144346593221	0.0582100555199754	0.0562550963845133	0.0523451935050285	0.0429697410127027	0.0440860614607928	0.0399325530659245	0.0408480436274847
72057	80-84	2	0.0950464026420226	0.113444498008499	0.0837516644836462	0.113151591597807	0.103305873022181	0.0863826285280118	0.0723397944786643	0.0639621303031004	0.0733744547787241
72057	85+	2	0.176923845186496	0.1569779215645	0.201678649918261	0.18439932422976	0.174108177486	0.165144789471432	0.153380063280805	0.148499838419065	0.149416321309453
72059	0-4	2	0.00460043065621259	0.00424940110619871	0.00352646992784316	0.00358431438234604	0.0028650455098511	0.0026409748466384	0.00277847616095365	0.00250341843189984	0.00271172557106866
72059	5-9	2	0.00023617478388006	0.000231960224555596	0.000240468588410595	0.000236098702331812	0.000201558199904311	0.000200655525574262	0.000175527518005337	0.000161020388196432	0.000168429850687553
72059	10-14	2	0.000286166731940982	0.000306287462351897	0.000303429932555208	0.000311772774756663	0.000255728447175826	0.00026698062192856	0.000213673425512727	0.000196444093569701	0.000205465149888677
72059	15-19	2	0.00105143595609774	0.00100224669978225	0.000919811783179184	0.000966463448504807	0.00088295375268708	0.00100683311070428	0.000779054026927021	0.000664113083174135	0.000703386757536478
72059	20-24	2	0.00167583844996165	0.00197176994497703	0.00214479698907075	0.00168975836054194	0.00169521867890708	0.00180671409899244	0.00133627414689039	0.00150363873503011	0.00138178679025819
72059	25-29	2	0.00252449245740878	0.00192262961216254	0.00218689783459971	0.0020253599610704	0.00203529795668292	0.00217172430294288	0.00151985576184131	0.00200074798825136	0.00173494655275549
72059	30-34	2	0.00245015407369449	0.00293943170921856	0.00312224661928459	0.00319861267142901	0.00251392247254493	0.0024150527852817	0.00190186285248875	0.00233217198104206	0.00250446976381612
72059	35-39	2	0.00301097414553431	0.00318304543942332	0.00417770709154505	0.00318240468134363	0.00283508867818825	0.00300372916631277	0.00218054051892814	0.00279923473075977	0.00291075163381697
72059	40-44	2	0.0034569238424399	0.00391425545209556	0.00492429468292783	0.00485204772682391	0.00394846887012939	0.00330632049772515	0.00326027878865361	0.00252018139470827	0.00375025563669114
72059	45-49	2	0.00552482449629163	0.00585823558258827	0.0053782545921715	0.00637237805401692	0.00473719792717686	0.00514751161897178	0.00508876688008632	0.00447525947777007	0.00434040248355626
72059	50-54	2	0.0068446600858496	0.00917771169376841	0.0081226932535251	0.00860082243160808	0.00867727320066134	0.0071114655618749	0.00531113196565827	0.00540810499806014	0.00624376968478175
72059	55-59	2	0.0123887236643796	0.0115797021179587	0.0113995513895924	0.0115227586112721	0.010653534313717	0.0107708576065347	0.00939812901155521	0.00880001710562506	0.00922034222472154
72059	60-64	2	0.0171256688409233	0.0228657931408357	0.0212769696883255	0.0182802908134006	0.0175272408765449	0.0160883271896792	0.0146041765393711	0.0149571857679848	0.0135740620896185
72059	65-69	2	0.0244678211794051	0.0314440026671783	0.0244070743389997	0.0229122099671434	0.0216775000017601	0.0232333359277688	0.0238071526593597	0.0181161714056602	0.0155088952542495
72059	70-74	2	0.0397388072473854	0.0392934992101255	0.0415236683127138	0.0428186318364047	0.0353026889208447	0.0326829165186187	0.0254180454325206	0.0259171656863331	0.0316631450655837
72059	75-79	2	0.0617418816298254	0.07370961206939	0.0583795933366707	0.0606756502173584	0.0475566911775242	0.0472798645350444	0.0363385350793307	0.0491137969270089	0.0475676995044044
72059	80-84	2	0.10268372112289	0.102319181858192	0.0956013811852598	0.108773250924526	0.0931462479305757	0.090587385075856	0.0818223760606827	0.0621659431350096	0.0730726300745062
72059	85+	2	0.167297370293851	0.18540085510926	0.160435794864177	0.163711188812781	0.160103480047764	0.200124115285159	0.175673765056352	0.153071055263998	0.15126741018204
72061	0-4	2	0.00336939156211162	0.00298588143020753	0.00301353209231398	0.00328951813341996	0.00262895474153761	0.00225017080608499	0.00211919078828838	0.0016712055302698	0.00201036907599727
72061	5-9	2	0.000223833292236489	0.00021165339504794	0.00022876112440721	0.00019187196477469	0.000180550166293411	0.000181396680499309	0.00014929978236384	0.00013849976351103	0.000145815687867204
72061	10-14	2	0.000242301938765095	0.000277975657713278	0.000258778816350394	0.00028559220413729	0.000231644466730867	0.000206067113111115	0.000170057631383547	0.000158695737295688	0.000181969201943544
72061	15-19	2	0.000894512225858208	0.0011480605710638	0.00123934926503857	0.0016294127008602	0.00120322545473967	0.00116466261816254	0.000820534848181551	0.000637863210035893	0.000684146517029819
72061	20-24	2	0.00161128688121253	0.00175887099236247	0.00264136474690171	0.00256575578148257	0.00246991283989006	0.00228665882556128	0.00223418259653251	0.00151811125810565	0.00138546119561302
72061	25-29	2	0.00241801197094086	0.00282948500973433	0.00333387208695749	0.00314870319834812	0.00264968068462003	0.00241291894961749	0.00223266250101459	0.00153954100842268	0.00192709293145177
72061	30-34	2	0.00221687867226102	0.00277380086913397	0.00418234413372098	0.00326871660079031	0.00226408654052861	0.00259261299395368	0.0024701922996828	0.00185303067913804	0.00225889251170165
72061	35-39	2	0.00247625221092111	0.00330372325254023	0.00499266785001412	0.00407323149190954	0.00271593697875006	0.00225473364631164	0.00221680541353356	0.00200886526159461	0.00304604377694843
72061	40-44	2	0.00338131819174848	0.00440987636282644	0.00498477308137267	0.00525744177146538	0.0038642497607895	0.00308703045525047	0.00291024842337036	0.00245087592133756	0.00282281486298612
72061	45-49	2	0.00408410986481985	0.00472569145914515	0.00646854501517347	0.00613044064728054	0.00414405789254414	0.00424465797372316	0.00347594863627527	0.00366690429323382	0.00467030839765872
72061	50-54	2	0.00801848818491922	0.0070939692348742	0.00738031629586427	0.00789284910800982	0.00667599068351696	0.00576463872425855	0.00564308223071642	0.00511007045077799	0.00500374466444902
72061	55-59	2	0.0104261767551386	0.0099154449830112	0.0103905853698081	0.00987086349054985	0.0090028409291911	0.00959204151437526	0.00726181970609516	0.00744376641404169	0.00776284430040395
72061	60-64	2	0.0191496293322728	0.0169796488590188	0.0140861023862305	0.0155271915866692	0.0127901694811398	0.0124508015821299	0.00927807208677938	0.00944682978648265	0.0103639191092444
72061	65-69	2	0.0235125248019958	0.0232962348993445	0.0230030649785275	0.0212642154225733	0.0196969988120577	0.0166296165778674	0.0157386910369922	0.0154825883670668	0.0144099288964294
72061	70-74	2	0.0348824130889428	0.0312045109885066	0.031811505283352	0.0346654489098508	0.0288125004192164	0.0259550606187191	0.02444530812252	0.0202860895297125	0.0240290573599098
72061	75-79	2	0.0530113516782724	0.0505564213783026	0.0500951472685557	0.0500182610816054	0.0443400489223418	0.0428716403103847	0.0331336920817487	0.032985269968605	0.0360348919692229
72061	80-84	2	0.0913079907473011	0.0852508460205982	0.081761207963477	0.0795327169003607	0.0700012139079484	0.0704164444952593	0.0644784999524871	0.0521364055221541	0.0584493747311312
72061	85+	2	0.155347271215745	0.164254658022117	0.156378936039376	0.140408317629912	0.145841609846077	0.145849545683223	0.149699461734243	0.141100638244828	0.132228774199567
72063	0-4	2	0.00362056353803635	0.003791559770424	0.00325757389838828	0.00285698325463009	0.00253685077602456	0.00259014971889045	0.00222914085250076	0.00170782883846025	0.00190721211236928
72063	5-9	2	0.000226574297780709	0.000221735512184144	0.000219441737201095	0.000242537966893777	0.000179837624869521	0.000202841247965809	0.000155823936107914	0.000150449410701596	0.000150624084311984
72063	10-14	2	0.000250752508058636	0.000279316487317064	0.00028889580558679	0.000319889197457662	0.000238382450235416	0.000205142002531268	0.000196974440795043	0.0001911338841504	0.000182611516092774
72063	15-19	2	0.000920932997448357	0.000802221287622799	0.00125184689090099	0.00112712317406648	0.000944254349216375	0.000793323294696502	0.000787834155888081	0.000647554232136782	0.000662619072004363
72063	20-24	2	0.00135013279034356	0.00190169022726945	0.00204736722220084	0.00201003902449648	0.00217341188084235	0.00188786934520065	0.00211570933331269	0.00137129957484517	0.0013708891692226
72063	25-29	2	0.00242268473887017	0.00253259807327627	0.00278829956865005	0.00213197492966173	0.00216044963865601	0.00271635971232302	0.00242146842566158	0.00191395185218761	0.00172891773726749
72063	30-34	2	0.00215760971990434	0.00272154271856135	0.00312019709926771	0.00315614903788626	0.00236390845728035	0.00240169834397497	0.00228951019328311	0.00193683322822062	0.00210543530377645
72063	35-39	2	0.00362394044361434	0.00351540570891461	0.0045775291087418	0.00412319707353213	0.0029207038930433	0.00313144040914846	0.0019019916137567	0.00235604662128651	0.00271614859541384
72063	40-44	2	0.00432428307822279	0.00395104823904059	0.00503655521941287	0.00337939043727948	0.00329352731136461	0.00284320905694783	0.00328230193292319	0.00279580709455417	0.00266682255394787
72063	45-49	2	0.00548444447885226	0.00558880590090239	0.00571864466496864	0.00491527216292598	0.00517916851224731	0.00477314299584391	0.00353696346630994	0.00356627538833568	0.00404033959416223
72063	50-54	2	0.00727120674226293	0.00825626767482676	0.00907126194817221	0.00767815752619044	0.00689694031258964	0.0052136478366305	0.00582918434835448	0.00449835935122092	0.00603813730171584
72063	55-59	2	0.0121439817031977	0.0100769102789066	0.0113250351664535	0.0119347239852705	0.00856368694038648	0.00921587875189996	0.00718296014842612	0.00819905333737128	0.00734846610196883
72063	60-64	2	0.0186277080093045	0.0186925320346845	0.0204020718166979	0.0190270452970902	0.0130625534075359	0.013569275346698	0.0120674374445655	0.0106761368936997	0.0113874203873588
72063	65-69	2	0.0235340112849625	0.0311485609420294	0.0266132468572419	0.0228213076448722	0.023273300734898	0.0174145439161823	0.0172856621846	0.0167583365651801	0.0137959811317559
72063	70-74	2	0.0363245808835517	0.0388296887086456	0.0436813523965291	0.0358004546155032	0.0325052869652143	0.0288653103595187	0.0264399800475868	0.0254699700009892	0.0246480901186557
72063	75-79	2	0.0605759987671072	0.0516094443007508	0.0606652881139694	0.0615008912715094	0.051251352382138	0.0462572855030283	0.0435864025136898	0.0359251658099139	0.038001219754138
72063	80-84	2	0.102049095491577	0.085735565823898	0.0941429428923204	0.0775493574432114	0.0815214719874432	0.0634090703432269	0.0713339229142724	0.0597194616963857	0.0587394193242558
72063	85+	2	0.169104347013501	0.185786312953734	0.157397758590243	0.157819741325347	0.138043398914261	0.147911716844576	0.145038821279186	0.132972993654907	0.12255652811733
72065	0-4	2	0.00338629053314142	0.00346885594233597	0.00367250394633009	0.00290573255624364	0.00224825647936032	0.00224571927465045	0.0021583786417558	0.00162476099733413	0.00190637643455924
72065	5-9	2	0.000208327859675829	0.000204117767795251	0.000230765839959895	0.000234890987117455	0.000182959979374609	0.000165863172041719	0.000152135947991958	0.000146093383471729	0.000146201689577092
72065	10-14	2	0.000271936279377476	0.000255789507041232	0.000253587940782025	0.000281670834419466	0.000210988427177818	0.000238191486991313	0.000192270711699802	0.000177790188328791	0.000177027864895179
72065	15-19	2	0.000914673346106948	0.000904483193907786	0.000900234658605831	0.000821065426018035	0.000799412329287962	0.000674554632908643	0.000676073328882952	0.000548054834496688	0.000557256051291748
72065	20-24	2	0.00153614817663601	0.00151673796479544	0.00171973575824689	0.001470194452817	0.00132091806844972	0.00136397405997527	0.00119694306999786	0.00103024378339758	0.00141280668458102
72065	25-29	2	0.00190554617348924	0.00226775595297489	0.00201365261955421	0.00223180964213086	0.00160948034513751	0.00144097166720103	0.00138781081656925	0.00145596180115297	0.00176297848134732
72065	30-34	2	0.0027746210139928	0.00241155112949541	0.00281986253337075	0.00289229827814647	0.00230207104989171	0.00183644996561071	0.00158874963074753	0.0016080535521981	0.00174719730238049
72065	35-39	2	0.00281520010466568	0.0036983329474889	0.00352190704162709	0.00321563532473012	0.00283107043930931	0.00239984877050335	0.002240528368103	0.00200336274832411	0.00227224058489903
72065	40-44	2	0.00482412398630771	0.00486375178081671	0.00381554524140345	0.00391726900702673	0.0031979429611671	0.00301426877410502	0.00275439963772077	0.00307900603380866	0.00298432364495098
72065	45-49	2	0.0061211923207067	0.0050840411706614	0.00545606133474121	0.00598168227058009	0.00547954352017122	0.00414681511855429	0.00457510283899449	0.00289026823853576	0.00317604952550483
72065	50-54	2	0.00787156638657346	0.00681924385124738	0.0092180314446416	0.00892536970916908	0.00649822069391463	0.0076523411042693	0.00559592368884019	0.00591960288928278	0.00478685121377119
72065	55-59	2	0.0136306277668478	0.0117712095736038	0.0114429176742021	0.0115003901017382	0.0103783128891238	0.0100631589064533	0.00877124856140573	0.00677584297323229	0.00782198296037221
72065	60-64	2	0.0165588846787121	0.0185202154524451	0.0171794257788459	0.0164561429982363	0.0134789891949523	0.0144184132032127	0.0107900264191902	0.0101795893438372	0.012130802764127
72065	65-69	2	0.0235060536702147	0.0321577475822766	0.0267214138323111	0.0248933138597553	0.0211610680441553	0.0211604642521958	0.0156647046341255	0.0163928498123896	0.0164059251130921
72065	70-74	2	0.0393139172221027	0.0400029354722123	0.0379385261258135	0.0365978355351362	0.03524948121127	0.0297801738474939	0.0241604511756259	0.0226452976270109	0.0259569540498854
72065	75-79	2	0.0510601363975444	0.0509139945677225	0.0595418934703323	0.0628045678019919	0.0531042204396373	0.0510736776295079	0.042395411829014	0.0338973025919043	0.0343637107271794
72065	80-84	2	0.0937803256939659	0.0774074743899902	0.0821810301258993	0.0873557335145439	0.0910625167968248	0.0733286163288268	0.0703371309965592	0.0538715966875421	0.0591244921495567
72065	85+	2	0.19368195943052	0.176465056258156	0.167447711814437	0.168815580642365	0.166144793566782	0.167281750358773	0.161707528492234	0.132986681087096	0.128589673170233
72067	0-4	2	0.00357479232691044	0.00300669225523723	0.00329659854009535	0.00312410098740382	0.0025129875912105	0.00282075983313775	0.00298821586985823	0.00229831253321567	0.00211169689021787
72067	5-9	2	0.000204038513703099	0.000200423555719328	0.000208025151853181	0.000212512228488131	0.000188763759222749	0.000162075000283327	0.000155863620815339	0.000135458492395561	0.000140726839722253
72067	10-14	2	0.000284366999506895	0.000279422412371272	0.000264837939683557	0.000247374070767859	0.000220025568516511	0.00019780047792972	0.000181143534412089	0.000165464695881848	0.000172037206211445
72067	15-19	2	0.000801223081609336	0.000849691523275758	0.000774462249095724	0.000796705842112025	0.000659539934598575	0.000624871855827424	0.000573803665135113	0.000525001627869251	0.000550517324505231
72067	20-24	2	0.00144360165565184	0.00151221914677189	0.00160295932097983	0.0016859786987237	0.00129725849177897	0.00119845255653662	0.00122150263137113	0.00103632775197114	0.00101951204046087
72067	25-29	2	0.00184228266302291	0.00166584426794924	0.00198936658182766	0.00176975309735723	0.00186086101421947	0.00159035457281442	0.0013309021460079	0.00147113282628019	0.00138785970459569
72067	30-34	2	0.00213174787946447	0.00294753358550695	0.00241558175519323	0.00230935623471751	0.00192514809338607	0.00206331475175621	0.00195119487188601	0.0015945377211884	0.00180696825317869
72067	35-39	2	0.00255634843406632	0.0030129642907941	0.00287332566483305	0.00279467712097291	0.00242145241328691	0.00228187766054554	0.00230443661076396	0.00196282467559967	0.00192938382073452
72067	40-44	2	0.00334796846648436	0.00376451754308627	0.00362622906635937	0.00335583686008714	0.00337254734712986	0.0032637777200899	0.00261740846713761	0.00281389789771097	0.00278139662029991
72067	45-49	2	0.00457699957688285	0.00488567986870271	0.00511258445849772	0.00471931139508965	0.0039111023085425	0.00371692717850439	0.00417926354721464	0.00395343199467486	0.0037333139673848
72067	50-54	2	0.00687306825902527	0.00754918351093542	0.00713522108989004	0.00713747919716663	0.00728012493445467	0.00707144332705513	0.00659598381168196	0.00458657767637481	0.00542213065880409
72067	55-59	2	0.0124568083454316	0.00935477614407866	0.0105294478364658	0.00899837055076551	0.00934917817029372	0.00825387678494608	0.00882431285360278	0.00739316399977507	0.00659458089369593
72067	60-64	2	0.0162861885587555	0.0147722684142056	0.0149351860957044	0.01412352171366	0.0122547061454033	0.0110440334339636	0.0117444612768967	0.0107902399368339	0.0120535196877682
72067	65-69	2	0.0215467232072627	0.0272795440739657	0.022976862135687	0.0201401378697397	0.0217652610694552	0.0163362053350236	0.0162443153477519	0.0136282966685969	0.0196328456884345
72067	70-74	2	0.0365233093878075	0.0394666444322613	0.0377514457994679	0.0343950018027366	0.0311117562832149	0.0280827621591409	0.0243885011706205	0.0222369030646534	0.0226673629831823
72067	75-79	2	0.0458769722229114	0.0565307811879178	0.0512061113915324	0.0577508294339716	0.0456560650501606	0.0404201781501566	0.0433929207164499	0.0396759346466741	0.0333564326687688
72067	80-84	2	0.0909404113337969	0.0822647029201992	0.0881357808885883	0.0931624559514108	0.0760508589652068	0.0749777038906355	0.0592032971067832	0.0589139048762628	0.055061292091041
72067	85+	2	0.163884689379126	0.118848778572474	0.144938441548491	0.121794747082655	0.128579569363653	0.127055523576577	0.116425811831002	0.107486470869188	0.123251873810181
72069	0-4	2	0.00375990996601906	0.0040607663184345	0.00354076911573981	0.00297418270313332	0.00297602985764358	0.00262600215001653	0.0023476674095257	0.00206756403341425	0.00265631413683452
72069	5-9	2	0.000229397321824674	0.0002540858311501	0.000223802429084517	0.000228901332392207	0.000197563651398141	0.000197549570434616	0.000167662004792274	0.00017000659753573	0.000186074023253934
72069	10-14	2	0.000363470673688913	0.000287549973263217	0.000285402824687943	0.000282944368039346	0.000246508978328229	0.000246541549696897	0.000201038775075243	0.000195940522687142	0.000204885610222743
72069	15-19	2	0.00110940007387687	0.00105327507365148	0.00115340362490024	0.00109039758709362	0.000788807502520146	0.000846827081552079	0.000873312143798176	0.000721438359099442	0.000749464495282244
72069	20-24	2	0.00203322831846817	0.00194687551678571	0.00195777151094054	0.00197476536624999	0.00187124619619031	0.00224080689834342	0.0020624970991629	0.00158900634353437	0.00147074631197706
72069	25-29	2	0.00260935132352317	0.00240583677930019	0.00316892226707222	0.00261645556547257	0.00220611162220674	0.00251798412130229	0.00284379416749387	0.00245828434363713	0.00155468564269109
72069	30-34	2	0.00306445538712804	0.00351744163771974	0.0039804898685157	0.00355691645800927	0.00254883909758987	0.0027016249164506	0.00220447669099828	0.00243828207020062	0.00289835219439282
72069	35-39	2	0.00365826524210762	0.00397617109577943	0.00390205255370781	0.0034331819516476	0.00316310800915099	0.00335432868621877	0.00302962877596985	0.00230929710092409	0.00347331045652397
72069	40-44	2	0.00332501166373882	0.00403482590059207	0.00655365101725344	0.00571236432183036	0.00379845767354977	0.00442566896753382	0.00293920117233712	0.00315907460967166	0.00405661728533117
72069	45-49	2	0.00609742036929753	0.0058111399904285	0.00733145657896541	0.00612948072167302	0.00543734650016406	0.00536151331477378	0.00345335542009185	0.0045476317030522	0.00415398986049391
72069	50-54	2	0.00858043139548297	0.00944764757770084	0.00966764942262474	0.00865602044797241	0.00811505140524427	0.00743022018711631	0.00729825955264211	0.00617800401419833	0.00569297457645772
72069	55-59	2	0.0136375387696351	0.0123082810930893	0.0119819683989704	0.0127318878737255	0.0108916012134921	0.0110562247216652	0.0101999442014146	0.00925658869630924	0.00925388423305492
72069	60-64	2	0.0185765104571369	0.0196870465628237	0.0193909701146867	0.0178162494550367	0.0162769850856798	0.0137656877927148	0.0127233937524634	0.012235377616177	0.0103164241897265
72069	65-69	2	0.0268703570263457	0.0311968901997135	0.0269104984620015	0.0234370437781789	0.0218485473819868	0.0205558840481112	0.0173229393302466	0.0183944609932759	0.0161196411826535
72069	70-74	2	0.044039305203044	0.0418245187230261	0.0460143240378936	0.0410717431498548	0.0332813842938058	0.0297908586213909	0.0254952294362509	0.0242904585773812	0.0224986697029665
72069	75-79	2	0.0620934377053346	0.0629008462713868	0.0649704952512814	0.0563146704452615	0.0549427690001045	0.0451436408251066	0.0390264657897771	0.037621285881563	0.0312667016688936
72069	80-84	2	0.101505120645624	0.0822436947755748	0.0917658566058798	0.0903016672116021	0.073700527668019	0.0744286609971793	0.0730170299226269	0.0556359299959988	0.0599277035272807
72069	85+	2	0.194222512162415	0.136492810024867	0.151852948141148	0.178811599210432	0.160768028625575	0.172673993395142	0.14700911748676	0.137773774744641	0.101690740829759
72071	0-4	2	0.00396631445388285	0.00332641551045321	0.00350234884915951	0.00318405164636948	0.00235067821178411	0.00209219900660379	0.00242842682510079	0.00191956785706302	0.00192088296810265
72071	5-9	2	0.000234085003825733	0.000231267391950393	0.000261981007073752	0.000225020143934125	0.000201301752695342	0.000174769149756446	0.000161026818733438	0.000148374502140084	0.000155211227423622
72071	10-14	2	0.000246169528734682	0.000286009228835973	0.000323226150415032	0.000270750511162914	0.000254338159828226	0.000251277958807254	0.000194076871666442	0.000187298349278615	0.000186819616434955
72071	15-19	2	0.000944253916946673	0.000911228659011512	0.000946012945200338	0.00106828442575209	0.000809331888342335	0.000744623221054235	0.00064903888083556	0.000592853582950545	0.000598278184885542
72071	20-24	2	0.00197337094719398	0.00176677443796278	0.00177500185000158	0.00174672740652599	0.00172434777768914	0.00135662442333742	0.001402591752097	0.00130117261950461	0.00103472143484104
72071	25-29	2	0.00198375476245662	0.00222225328908196	0.00197996636028564	0.00220320836776497	0.00192889453889779	0.00173403117026621	0.00196649979942965	0.00143331668734606	0.00154373291925352
72071	30-34	2	0.00247362375914871	0.00320362922631094	0.00271547705691613	0.00266731389892236	0.00237631395586544	0.00244872336460062	0.00200571640590774	0.00225569888857788	0.00182015871250894
72071	35-39	2	0.00295494575700796	0.00422419847244994	0.00311158582111922	0.00281591246695917	0.00293626537491397	0.00181878329835283	0.00238221586828622	0.00251062788175811	0.00287864306225572
72071	40-44	2	0.00447219418176894	0.00470376113501385	0.00414743104752322	0.00452914892819532	0.00353764700813284	0.00323281136982814	0.00290787069955047	0.00265986100191505	0.00314842498640443
72071	45-49	2	0.00616679624688427	0.00525949877853072	0.00677260950017693	0.00524361670346764	0.00539948537914564	0.00429070615687976	0.00341446428620299	0.00334727799246968	0.0038229056802061
72071	50-54	2	0.00859895242450608	0.00831925131498945	0.0076956514666422	0.00888074837612252	0.00749855484188662	0.00735450047160905	0.00614509693904379	0.00633587136855017	0.00667482325495945
72071	55-59	2	0.0131767325897916	0.0107381336086997	0.0134503662268662	0.0130670349279066	0.0098381395381024	0.00978288848926881	0.0101730154279721	0.00789885279768089	0.00715270271291236
72071	60-64	2	0.0167163730180215	0.0199777688598009	0.0203983224712907	0.0189328336154435	0.0153034219333289	0.0157098340011788	0.013748867141003	0.011014878511002	0.0100780649211718
72071	65-69	2	0.0210183315842765	0.0251084629596152	0.0282071850842613	0.024741883444286	0.0245233674255715	0.0189344639239134	0.0179046064224433	0.0198473099681177	0.0170222646124226
72071	70-74	2	0.0391187243661099	0.0420729491563129	0.0417826653794493	0.0381567651266226	0.0340431076450658	0.0328623387944604	0.0272799548013666	0.0256035480704543	0.0239749657921721
72071	75-79	2	0.040383278991948	0.0599082464381186	0.0585296122799576	0.063641623034244	0.0574003500423908	0.0511794865054256	0.0448383446495443	0.0333660263530706	0.0401497645942714
72071	80-84	2	0.090083376241559	0.091107247410782	0.0833011991025576	0.0984863094400445	0.0918906412269569	0.0800355525681632	0.0712824895131219	0.0610929776338506	0.0614935653401369
72071	85+	2	0.187306703027737	0.178170868236684	0.184417593159649	0.174907350566673	0.144492351729245	0.154942074003241	0.136252893811878	0.128457306447809	0.131503873650053
72073	0-4	2	0.00377570992912627	0.0041167988310128	0.0039294265864717	0.00427911421227723	0.0027528379435222	0.00284966523789547	0.00245691443071067	0.00208782247377535	0.00198210613743797
72073	5-9	2	0.000221632196115729	0.000216934921079442	0.000235763958791895	0.000219667912798906	0.000185987691352637	0.000176129451423686	0.000177159865089127	0.000147125271913836	0.000152998282941055
72073	10-14	2	0.000268174309036884	0.000274383759981984	0.000272098344538705	0.000303920549059562	0.00022541115899798	0.000213565987215091	0.000196238668628011	0.000179868222389893	0.000186940386905286
72073	15-19	2	0.000883253684583334	0.000907222183993305	0.000863684047409713	0.000871354523470053	0.000780862924757512	0.000683870129844241	0.000690668109394172	0.000594097972467857	0.000623841615953218
72073	20-24	2	0.00169018254559007	0.00160020433429541	0.00163519168866004	0.00174756095207898	0.00129197699582238	0.0014548804802753	0.00120859574384948	0.00118648659572253	0.00110609138553272
72073	25-29	2	0.00193297613414677	0.00196925875524789	0.00250821394949149	0.00187950509051577	0.00175142267941585	0.00159854678520393	0.00177423095298987	0.00148835041526691	0.00168079402254497
72073	30-34	2	0.00264605786841776	0.00218153018953921	0.00255602631647649	0.00279145280522414	0.00228228158636624	0.00208936804273776	0.00188015769887444	0.00168320625352563	0.0020625703506327
72073	35-39	2	0.00352426090431946	0.00277250491507173	0.00319434931034833	0.00332574140633102	0.00265098123179411	0.00286799290360416	0.00222274723766952	0.00198839571879682	0.00229680167215392
72073	40-44	2	0.00407829397084599	0.00366061510746622	0.0038453459325598	0.00424443064786989	0.0029574932330078	0.00360282934806288	0.00292958405569247	0.00299401948153741	0.0030984817042747
72073	45-49	2	0.00469438355632448	0.00609245188131257	0.0055458042082754	0.00472338191196079	0.00393886399552682	0.0044552937605403	0.0040197571063735	0.0033124324577182	0.00419774538885285
72073	50-54	2	0.00795357504326751	0.0087874971929128	0.00843072125410496	0.00931805623773644	0.00593783457113012	0.00746823616642924	0.00583908278760384	0.00558937021208859	0.00527988372440646
72073	55-59	2	0.0141622917528647	0.0116332865724217	0.0130158398377503	0.0119943131662956	0.0093648124177432	0.00874642068751928	0.00783513190103148	0.00870191675810462	0.00879851918720226
72073	60-64	2	0.0155761276319287	0.019652666915403	0.0197126396879236	0.0186528892098317	0.0154185421509804	0.0146896737084435	0.0115841274223896	0.0110990998658379	0.0114705373948155
72073	65-69	2	0.0285708124229741	0.0245913267296799	0.0267276650736724	0.0200539751288997	0.0240189140314598	0.0157329255160611	0.0179151753438472	0.0141440257779856	0.0156567848630623
72073	70-74	2	0.0421068723232122	0.0430464203128601	0.0433951075568703	0.0402680461508685	0.0437992743880414	0.0282290085713545	0.0259628557438885	0.0251226589287879	0.0212428085106048
72073	75-79	2	0.056183654612285	0.0730137737108668	0.064670312485958	0.0496003435735254	0.0501416787069478	0.0480975200991955	0.0381330421322593	0.0349516553774851	0.0296350889836303
72073	80-84	2	0.102013416189417	0.095623373119629	0.11155866330478	0.107063398761155	0.0981423922688006	0.0727651398020287	0.0737576670587709	0.0635606307176833	0.0533271881905627
72073	85+	2	0.191674611629155	0.216879591788509	0.185713419434977	0.179400497952474	0.142364134648243	0.139080958112883	0.141317687372765	0.12199637447185	0.135900557115843
72075	0-4	2	0.00514978491698076	0.00357543621096348	0.00417046951342059	0.00317563955581737	0.00246456280956974	0.00273172277001195	0.00224457632481665	0.00226779242973486	0.00246274435345521
72075	5-9	2	0.000244476049965428	0.000213409291605298	0.00028491848109719	0.000216641038223085	0.000211759728664471	0.000185769389684065	0.000164554530950751	0.000158136369098974	0.000158417739401849
72075	10-14	2	0.000367245429834062	0.0003217167521548	0.000296645235842777	0.00034303303943938	0.000264076014657051	0.000231351272851792	0.000206604494390067	0.000200228103985842	0.00020959681222597
72075	15-19	2	0.000873292863319029	0.00102622522116688	0.000919006522160687	0.0010441785260544	0.00104281770431593	0.00109064464911047	0.000950407430822001	0.000593712935596318	0.000583609225619173
72075	20-24	2	0.00149505339022014	0.00195357552749259	0.00147189152042114	0.00247827692436371	0.00224173021651288	0.00222807864275616	0.00195173426962454	0.001184784351605	0.00138723701905578
72075	25-29	2	0.00226596451458988	0.002540235044052	0.00237748726076615	0.0029959495842116	0.002625244483293	0.00254647985439242	0.00209822515847998	0.0015446039657539	0.00225619033099958
72075	30-34	2	0.00236033295487165	0.00265114592380685	0.00355491969109604	0.00261089089852373	0.00220917866789152	0.0026135157035624	0.00267659491864417	0.00214709624051959	0.00247041672202771
72075	35-39	2	0.0030940819408587	0.00478201786463281	0.0050906715526583	0.0034150702811183	0.00293041363489375	0.00261762914344255	0.00222285453090055	0.00237525702929574	0.00274437954185245
72075	40-44	2	0.00374646588158455	0.00450157272938136	0.00445090261451414	0.00503813793049071	0.00380328489625895	0.00378326727096332	0.00294656580312458	0.00316845691000076	0.00284224278868861
72075	45-49	2	0.00561099743010983	0.00453172331748196	0.0058686037168895	0.00644994328030516	0.00572290894211927	0.00414107992335799	0.00447521652472629	0.00398248874024583	0.00399699136667942
72075	50-54	2	0.00763257646417344	0.0086581745569784	0.00947650804169057	0.00868648855626245	0.00671113704480385	0.00783590234389858	0.00530575373961589	0.00533949011712085	0.0052920894154021
72075	55-59	2	0.0133099769025161	0.0121531472717359	0.0119697824111305	0.0103034784199068	0.00994508589495083	0.00909153909082573	0.00851811090484833	0.00858676557536301	0.00818221144421556
72075	60-64	2	0.019348541601986	0.0184697544561272	0.016297652909181	0.0183802955536258	0.0166127763598186	0.0147671026242254	0.0141048399310581	0.0122577065181486	0.0122719211650549
72075	65-69	2	0.0253423857507843	0.0270772702496133	0.0271100076579408	0.0301060631215293	0.0247636822671083	0.0179004466946804	0.017132341913585	0.0164235514652909	0.0164811382143645
72075	70-74	2	0.0485044668499259	0.0513345347172544	0.0425162464589051	0.0378529948824456	0.0365756099673886	0.0336141558351173	0.0283901111024614	0.0201322544092598	0.0266394740670442
72075	75-79	2	0.0560716547502162	0.0683538346627897	0.0602545878110973	0.0700298585861242	0.0629128800504451	0.0498115064940601	0.0432018763819784	0.0405321782834168	0.0407694732569768
72075	80-84	2	0.105514917586708	0.0900746426473831	0.106172268603898	0.109973886418103	0.0880102458136962	0.0695010905558893	0.0718090870840272	0.0691434351645259	0.0652676748472948
72075	85+	2	0.183818813518803	0.165643757354347	0.175713112477107	0.150779003367482	0.172872531609227	0.136247165330485	0.137601012153983	0.119809016269003	0.118611793614978
72077	0-4	2	0.00385152814589821	0.00410990967030938	0.00332349242819479	0.00347287088610467	0.00273602289273591	0.00272766631360935	0.00244437913515489	0.00207282233123611	0.00224475703248263
72077	5-9	2	0.000271954516883248	0.000254622569620057	0.000263354712225838	0.000267533737447123	0.000208656227494075	0.00019814752462252	0.000182102481798416	0.000159792134777648	0.00018330996702176
72077	10-14	2	0.00031400946678996	0.000332945120601719	0.000302639758127056	0.000308966148542196	0.000252545761898012	0.000238809469627557	0.000239808038591661	0.000202480042528379	0.000202464701459648
72077	15-19	2	0.00099210757963327	0.000954364728798262	0.00119049040069663	0.00105647185370193	0.00106816879850513	0.000881475910418452	0.000977674397343794	0.000717309417020691	0.000598704038037541
72077	20-24	2	0.00179044838957797	0.00211477418202588	0.00221547793670665	0.00253645555519015	0.00212790657320647	0.00254140911248659	0.00209709240436994	0.00145207902635367	0.00127154613607658
72077	25-29	2	0.00265018345625151	0.00239303301328058	0.00373945182823338	0.00225722187772137	0.00251687627418417	0.00255213880750209	0.00288878745870143	0.00219516617484222	0.00196834368882418
72077	30-34	2	0.00314192037629872	0.00340958974430973	0.00404064536151224	0.00359600618823658	0.00247348438053288	0.00293585378638065	0.00231797425041119	0.0020195534370004	0.00188552738913627
72077	35-39	2	0.0031405069330879	0.0047041215064009	0.00484873582946381	0.00445864497316299	0.00309549185724113	0.00288244935307132	0.00247279371128603	0.00273829452040904	0.00310557637808736
72077	40-44	2	0.00556956837347294	0.00486525592484096	0.00698617710243233	0.00501404805513652	0.00406648989872667	0.00375847789397835	0.00326622785684315	0.00280072025534545	0.00373104505872034
72077	45-49	2	0.00617494302402149	0.0070331107808812	0.00554020839304213	0.00629367390327582	0.00536344869115424	0.00526377003517489	0.00434744868221858	0.00466844069921227	0.00474830150114783
72077	50-54	2	0.00830609620814413	0.00825681334140686	0.00960984046141357	0.00975620539390058	0.00760042227196594	0.00887264980469004	0.00851673945376605	0.00513927784463707	0.00657673742723193
72077	55-59	2	0.0142341957728541	0.0168076924881719	0.0145194348923135	0.0134962327191982	0.00979505577359965	0.0105331404446415	0.00858615404609314	0.00903414436821289	0.00866249442215676
72077	60-64	2	0.0195869703164296	0.0177814960844625	0.016666591463005	0.0152204462326759	0.0168814559999664	0.0146086795300743	0.0137440137789996	0.00887191523788141	0.0153011121888291
72077	65-69	2	0.0269786633617545	0.0298810972765537	0.0263907009165535	0.0289082373440027	0.0239153230993744	0.022826272312313	0.0186610557989221	0.017011842110467	0.0192023061365134
72077	70-74	2	0.0435694746371834	0.0422722326256717	0.0448885067119865	0.0395060778553552	0.0276651800953084	0.032066585533776	0.0283713676169493	0.0246694861086971	0.0266258002222472
72077	75-79	2	0.0578143587910887	0.0585376760635354	0.0570476977888267	0.0574733215568019	0.0514433120338349	0.0522087693476693	0.0470267096712443	0.0399418223950105	0.0399313722680213
72077	80-84	2	0.0969723032940038	0.103560351865369	0.103452490890014	0.103997162674644	0.0966476041110104	0.0822277326074511	0.0770869480615979	0.0606035140313517	0.0603703712668391
72077	85+	2	0.192303229440172	0.19486271407786	0.201908001354364	0.185344093625974	0.170026957688941	0.153338896121694	0.145485014628797	0.134411474136723	0.125431783089102
72079	0-4	2	0.00326402360089757	0.00334886617827355	0.00368695777214833	0.00315463094142497	0.00335557699647718	0.00262673786002512	0.0027593484959884	0.00172090916207946	0.00199570789455018
72079	5-9	2	0.000229082512365313	0.000214793107729797	0.000244099089343152	0.000237497735921425	0.000184474807258639	0.000175291774413966	0.000161124883015098	0.000147170940307815	0.000153340064550858
72079	10-14	2	0.000266062023664921	0.000324261942928504	0.000269834442239558	0.000289176856268613	0.000235697791785087	0.000222909146988551	0.000195660688483854	0.000179838862433303	0.000186873494541849
72079	15-19	2	0.000823250541133838	0.000828567503055918	0.00103035558142766	0.000945490061837639	0.000732380975779384	0.000637354388488552	0.000593135278953601	0.0005776685846209	0.000637011776499757
72079	20-24	2	0.00155640779999815	0.00168215489602061	0.00164845055203291	0.00159265732115588	0.00137792134594327	0.00138235155680153	0.0012446612767706	0.00113443612110305	0.00138291111716383
72079	25-29	2	0.00202028956124274	0.00185925164316008	0.00231894541837391	0.00225446699829444	0.00155814002941428	0.00145519213652929	0.00150677575322696	0.0014166275774952	0.00130252506870393
72079	30-34	2	0.00228100062211855	0.00261762113137213	0.00270768506290952	0.00253411002987249	0.00203207811756659	0.00197676527994252	0.00169114807502289	0.00179989297034547	0.0016465667536663
72079	35-39	2	0.00364318320644471	0.0029528946325861	0.0033067724497353	0.00285395577231964	0.00334411864678855	0.00231018400809855	0.00248203353358542	0.00205994545249481	0.00282960604841953
72079	40-44	2	0.00365124050186561	0.00398240876687154	0.00529395364964603	0.00379225829393524	0.0034312267086311	0.00309856491406648	0.00303237435717089	0.00263822471258231	0.00336883329630283
72079	45-49	2	0.00534237450704234	0.00568761134579333	0.0055013537977173	0.00618948683237992	0.00433058369937103	0.00404053505859876	0.00419446983098523	0.00426941967954669	0.00368330704431628
72079	50-54	2	0.0068401061139641	0.00741129000899935	0.00895947512430672	0.009026462299334	0.00615776296953298	0.00659368030944222	0.00654895707781432	0.00507583323871417	0.00531754664821652
72079	55-59	2	0.0109506344558436	0.0134642891276992	0.0113254020656321	0.0140389755078693	0.00956605034220659	0.0101201177850045	0.0108051421932442	0.0077952550592366	0.0077302956172519
72079	60-64	2	0.0199378651738641	0.020504839958278	0.0182070252814359	0.0153506413055204	0.0146357899969521	0.0146991128444129	0.0139341530021082	0.0135844642590067	0.0122288867884479
72079	65-69	2	0.0239264539067426	0.0240377746316315	0.0208017304754004	0.0195612128418176	0.0208006409825899	0.020741644276677	0.0206326746704771	0.0171621062056052	0.0164830670417911
72079	70-74	2	0.0427788295375495	0.0399979426302211	0.0403119340538995	0.0405084215302144	0.034691150657975	0.024711143336741	0.0264052535273706	0.025966763728766	0.0254943830058568
72079	75-79	2	0.0613631158746404	0.050761428205755	0.0491843767270159	0.0546721598228065	0.051234866309162	0.0514351664993752	0.0406806992648938	0.0384738516814167	0.039326164370543
72079	80-84	2	0.106101028508014	0.0895287206606747	0.101908445664504	0.0966808828936466	0.0851796481195384	0.0768851167492842	0.0643946943539988	0.0546149838917946	0.061682136463906
72079	85+	2	0.180070186112575	0.157912429081134	0.17319319974153	0.19015148158062	0.168451299281035	0.164840857687599	0.147982993466105	0.12856423438691	0.107844220310867
72081	0-4	2	0.0036926860112712	0.00284942618638595	0.00393493018513897	0.00296215332439357	0.00253300766922268	0.00211909368887038	0.00227154886412028	0.00213441984717357	0.00220763085909267
72081	5-9	2	0.000214905000340749	0.000200827932674178	0.000227736614952323	0.000221466201292803	0.000173244038316678	0.000164837376326519	0.000159106726860352	0.000139163275040762	0.000145032675256468
72081	10-14	2	0.000235515269179218	0.00028577111776217	0.000260812814726092	0.000277651003117681	0.000249834961715427	0.000218470882675767	0.000192660266321976	0.000169407932372134	0.000176185851521943
72081	15-19	2	0.000877534241691835	0.000971402300675456	0.000900446247165263	0.000963492608664995	0.000791928731072007	0.00065832244376355	0.000600155265628145	0.000564673062438739	0.000569471091576089
72081	20-24	2	0.00177718932965393	0.00188546116259226	0.00156672469475047	0.0013612455432964	0.00135863019203597	0.00138271443177308	0.00139507371996109	0.00101505016877742	0.0010182981551455
72081	25-29	2	0.00199006432432181	0.00223092967183378	0.00197568519560342	0.00196821601390743	0.00152951052056699	0.00146526961612444	0.00146184564375355	0.00129192246968218	0.00158051532617728
72081	30-34	2	0.00241703596132253	0.00261730992175815	0.00246952410372097	0.00237064024021428	0.00198935875199705	0.00175739859179664	0.00166398696613069	0.00140935844081502	0.00202230944693789
72081	35-39	2	0.00362096242384177	0.00293322913384728	0.00391150778987663	0.00289431555999431	0.00251509522468584	0.00244971547463452	0.00184810107846085	0.00217042414434475	0.00188515986867856
72081	40-44	2	0.00354019716561128	0.00430509321120267	0.00476196671642303	0.00358582248886594	0.00326536152593814	0.00242987966021572	0.00273330780957401	0.00309142982044735	0.00298985168082057
72081	45-49	2	0.00620976258008907	0.00487214992557355	0.00566551911419191	0.00564088754582837	0.00379624374120408	0.0041305885643929	0.00359794213581755	0.00334538963606508	0.00322671514255199
72081	50-54	2	0.00789517887612988	0.00730523728983288	0.00833390964677481	0.00722929552249214	0.00612142299135728	0.00566987820874575	0.00514533467322383	0.0064352157196762	0.00731173656355294
72081	55-59	2	0.0113983812176764	0.0120846336874582	0.0106739337543131	0.012025004720082	0.00927264446838769	0.00852093975414085	0.00622618136012979	0.00680264056189718	0.00798099602827858
72081	60-64	2	0.0159056421972568	0.0190587117196018	0.0188754307582951	0.0179137667575602	0.0125045646520412	0.0122100835389849	0.0115572408208085	0.00971064916476067	0.00865958948963281
72081	65-69	2	0.0288012525511618	0.0275715429764799	0.0269381057077613	0.0239214495882197	0.0196238866635278	0.0225827342951553	0.0183203939687703	0.0180276557549396	0.0141675724784429
72081	70-74	2	0.0427151736049456	0.0415111733233313	0.0429307016420874	0.0347264245816504	0.0353852424449533	0.0295069480531353	0.0250174281701464	0.0271509028234578	0.0235843570641788
72081	75-79	2	0.0620252181346914	0.06122523175627	0.0584253632568886	0.048498975202245	0.052235914864575	0.048333130223093	0.0340076862781886	0.0383377072224691	0.0381725283858439
72081	80-84	2	0.096924127542023	0.0834519895171198	0.0751217141713522	0.0732755003944187	0.0806616151779603	0.0792233236426337	0.0660278646465956	0.0570187528649832	0.0538575863882862
72081	85+	2	0.193485935277406	0.162986939198294	0.150860692849562	0.163041457434654	0.15345311269487	0.151732222077471	0.123743507043421	0.11265601275862	0.109191095485383
72083	0-4	2	0.00410946970758605	0.00344682159279182	0.00365927502154847	0.00298672001118265	0.00256458305498167	0.0024132010067451	0.00245916902645364	0.0019800218828509	0.00185512992291109
72083	5-9	2	0.000203218412297184	0.000199284114692803	0.000206620467831658	0.000201500958578586	0.000170617274682089	0.000161056808630514	0.000146745555114156	0.000133813233996042	0.000152729675415237
72083	10-14	2	0.000236685916678016	0.000242796130044281	0.000263488868992532	0.000245642307411387	0.000218409414709989	0.000197035278540563	0.000179744690372336	0.000164150224120419	0.000170045622027404
72083	15-19	2	0.000814600900194087	0.000769238906045152	0.000832222206393322	0.000809737132461295	0.000692937435095627	0.000687737401569008	0.000578964642250011	0.000533840173012778	0.000554566867221902
72083	20-24	2	0.00147645767532137	0.00152031292738469	0.00156062144528025	0.00149675572263405	0.0011747289633255	0.00117507078916178	0.0010417981780193	0.00106379533292809	0.00138180668946164
72083	25-29	2	0.00170679616857555	0.00188465628469032	0.002006785962242	0.00186449279866262	0.00147682035772817	0.00146719959996452	0.00142713006360795	0.0013210632788246	0.00132450655842813
72083	30-34	2	0.00215311355581185	0.00235642517105681	0.00231860100311229	0.00265630555225283	0.0018192599173675	0.00181421289948935	0.00160998089237074	0.00166153086981809	0.00164903386272353
72083	35-39	2	0.00315364029588623	0.00308739597205649	0.00352077239940533	0.00310628164910229	0.00258074652581141	0.00239073631937247	0.00196802457509306	0.00216031181458871	0.00191197418374664
72083	40-44	2	0.00328922533606875	0.00369223546780692	0.00412552934252732	0.00338788364419208	0.00305032158695202	0.00274246156946796	0.00257339006769824	0.00247554496139309	0.00259791210495739
72083	45-49	2	0.00430322425695733	0.00458063062606323	0.0047577291596695	0.00528421596624513	0.00397803887087056	0.00403940674421904	0.00327851382219403	0.00334249993901919	0.00328876307547463
72083	50-54	2	0.00677130262493108	0.0085533616438545	0.00634467119386373	0.0078166471596496	0.0061463209723295	0.00531763093962501	0.00488564973130384	0.00600215957066721	0.00481379151967093
72083	55-59	2	0.00929165783603924	0.00883839844433217	0.0108161392902132	0.010473723058954	0.00917030195880267	0.00786897448328364	0.00681220963090091	0.00719936907459033	0.0087792831451805
72083	60-64	2	0.0169290624296602	0.0169028468161539	0.0166517183496701	0.015031295119691	0.0130533500402389	0.013811462311407	0.00906247297582099	0.0100047036247797	0.00924934261352237
72083	65-69	2	0.0198986710900769	0.0217776976900042	0.0225300446591143	0.0241829876942454	0.0178607598186327	0.0202779911268522	0.0167212272666	0.0143766674206415	0.0158475595993449
72083	70-74	2	0.0369041255072863	0.0390234674193566	0.0340942732090725	0.031162074681136	0.0342161003235004	0.0298055223123807	0.0270631159520587	0.0207557774733072	0.019861422557377
72083	75-79	2	0.0561814110711888	0.0564892437729724	0.0587243556010901	0.0507276925571509	0.0487462926793559	0.0378178643342843	0.038745541860274	0.0327255437072096	0.0396721278883853
72083	80-84	2	0.0921119046834171	0.0909316902029176	0.0791575740622711	0.0854724315441525	0.0670821114346072	0.0688469112667477	0.0765062367649456	0.0567995720949069	0.0492201837262984
72083	85+	2	0.126479598612048	0.150079615958696	0.137964770307042	0.201457536762615	0.183807306945847	0.171145354112249	0.128601526117505	0.138758994313125	0.134102675969181
72085	0-4	2	0.00406652548317523	0.0038875978226428	0.00302992561869402	0.00287223534908216	0.00237286494060152	0.00239730240572278	0.00240236161931724	0.00172220250830589	0.00211177779946845
72085	5-9	2	0.000204254388275047	0.000218082560492304	0.000269840645761633	0.000209976406334143	0.000195248788573056	0.000168064326351087	0.000154691959585589	0.000142169793694375	0.000148952533847353
72085	10-14	2	0.000271108475842032	0.000263205723903813	0.000296906847746509	0.000253874168325763	0.000226389707163833	0.000204008181422828	0.000205310897318171	0.000172664837226523	0.000180552425672655
72085	15-19	2	0.000958170645107492	0.000759598832965128	0.000863095901130959	0.000997649740845216	0.000651847760520514	0.000723676627999888	0.000820215225135014	0.000585071090512526	0.000590766594310679
72085	20-24	2	0.00155019080855217	0.0018372160955537	0.00238224662790186	0.0020261505319746	0.00191929888342077	0.00128228278385851	0.00219397077938011	0.00151186258299427	0.00130022002013132
72085	25-29	2	0.00229345921102873	0.00234625718738883	0.00266278708844882	0.00190371358584199	0.0020999782243797	0.001644377724852	0.00167188702062906	0.00167066521678908	0.00237325720043182
72085	30-34	2	0.00255665585826859	0.00285445076734765	0.00341849109371883	0.00249824904683327	0.00205002040886664	0.00207426750801582	0.00249699160618743	0.00191751492124804	0.00191198607795628
72085	35-39	2	0.00295069770180409	0.00301786450277555	0.00385462753419078	0.00360842712182562	0.0027660960865383	0.00294585210802302	0.00240649169530192	0.00199779994253831	0.00267261986844674
72085	40-44	2	0.00442797585305583	0.00359669389238222	0.00409288164135544	0.0043848237581487	0.00305840756549983	0.00316078933105522	0.00260961834598126	0.00235143108247188	0.00335030094200709
72085	45-49	2	0.00594265426280438	0.0048943924379151	0.00602078266244059	0.00474632661998256	0.0049589958769391	0.00402719311973841	0.00349682747729324	0.00369558524997482	0.00381859948443188
72085	50-54	2	0.00822403404897503	0.0071144232968965	0.0059622666041958	0.00687889363722779	0.00671064906393425	0.00555190739840669	0.00518404283398023	0.00484510633085618	0.00583427082014133
72085	55-59	2	0.0109084557236279	0.0111566007482456	0.0136302741225854	0.0106481409175809	0.0112780328076931	0.00780796385112398	0.00746124780492297	0.00940216324076133	0.00879652776517203
72085	60-64	2	0.0135530215548113	0.0208481090420694	0.0171953202611987	0.0191763367832746	0.0156650689109704	0.0117206112750707	0.0120774860988426	0.0116905174572778	0.011838925889753
72085	65-69	2	0.0231473021201117	0.0255377699383809	0.025415512126682	0.0229771619511679	0.0183865610400476	0.0190889061511225	0.0207865648751895	0.0165333683982171	0.0163253342979136
72085	70-74	2	0.0358668566493219	0.0370355399329424	0.0435985192371879	0.0385730427045592	0.0306042894181057	0.0298558634442063	0.0286344105433333	0.0232264028565272	0.0228220426457855
72085	75-79	2	0.0457876471989901	0.0577296989274039	0.0508322515440681	0.0552079353322673	0.0562301072502819	0.0490775510263531	0.0371068697670565	0.0342709958325268	0.0352152701994025
72085	80-84	2	0.0998973600297533	0.0865850735333779	0.0912368564654993	0.0823212494167129	0.0700092738236995	0.0671481931891648	0.0705944109344068	0.0600460108184784	0.0564985077402855
72085	85+	2	0.163671870319282	0.19436469874744	0.145257928725604	0.139944286143537	0.140014893625746	0.15499156934165	0.146348670014916	0.138779840525005	0.115302452387417
72087	0-4	2	0.00548512160723813	0.00403295018109186	0.00463883849340674	0.00394377569337868	0.00311165274311937	0.00288379322782798	0.00258755339636362	0.00178288030947912	0.00225778579237365
72087	5-9	2	0.000256424548527929	0.000281722090702911	0.000316537206121526	0.000250695577906738	0.000215333182437017	0.000206448137165169	0.000181941832048091	0.000166301497494667	0.000174968808590807
72087	10-14	2	0.000309700529663277	0.000339939072820417	0.000308586531640611	0.000370760976073149	0.000294287036508745	0.000271493465102212	0.000241832442647798	0.000203104252692257	0.000232760438909987
72087	15-19	2	0.0010527251282208	0.00106159165596491	0.00145145804555304	0.00175882672470356	0.00247606627558988	0.00170948395335601	0.00136637042689369	0.000761475465036106	0.00103843497564732
72087	20-24	2	0.00204769297726358	0.00211502197224282	0.00227224766150607	0.00332285327613792	0.00325288254360659	0.0044550879189125	0.00288052318433923	0.00198154578314356	0.00198960971453476
72087	25-29	2	0.00241649991263994	0.00302953537574065	0.00365249018112439	0.00370553568316246	0.00356747252667718	0.00368298239273315	0.0029106201896619	0.00238173477826526	0.00252777868413635
72087	30-34	2	0.00292806767347212	0.00369714146953333	0.00430410060869724	0.00538693033554275	0.00414136460321348	0.00383913660788639	0.00287411746551067	0.00249681025370705	0.00252940459822669
72087	35-39	2	0.00385411290314793	0.00345770992560685	0.00471888115173632	0.00631061959027386	0.00450099467902468	0.00301923056460196	0.00442747050592599	0.00249111598309835	0.00297246993497837
72087	40-44	2	0.00471877572389729	0.00524334888441838	0.00555289593381553	0.00539360311192332	0.00477187231409449	0.00469066338843199	0.00472340378993321	0.0031342685794043	0.00368146895077529
72087	45-49	2	0.00775893911933279	0.00538324799478407	0.00843300668108285	0.00748569617774787	0.00629342144369618	0.00677007770978743	0.00551519723116013	0.00456415381014859	0.00441498250259901
72087	50-54	2	0.00794205570000861	0.00914814786516327	0.0104806640038818	0.00853387051136142	0.00774078050570551	0.00773658541155347	0.0074778100647706	0.00616969662771249	0.00667163407307817
72087	55-59	2	0.0121495371346157	0.0152381416288618	0.0132925198737488	0.0127207106006792	0.0113057601901021	0.0110474814312435	0.00881479659047256	0.00743304686698579	0.00983884740063598
72087	60-64	2	0.0156103681831603	0.0193114943124286	0.0181565356884139	0.0177463358503363	0.0151184471966057	0.0137414218525281	0.0122795977306213	0.0116286503230649	0.012865665541747
72087	65-69	2	0.0298590997087613	0.0231022348210934	0.0296282514985811	0.0256884547938961	0.0260207139151333	0.0183478467334321	0.0172568722391837	0.0157609338668382	0.0186338839977213
72087	70-74	2	0.0398072447101969	0.0424499868475941	0.0436785200208259	0.0428399208571414	0.0291910512184447	0.0351122151201946	0.0269926315995805	0.0263355001859953	0.0240913311097532
72087	75-79	2	0.0567018351747673	0.0629367803893326	0.054117878552704	0.0554174771137942	0.0496287666967077	0.0445246024724479	0.0400302721381324	0.0383200886611527	0.0445854608658014
72087	80-84	2	0.0804631453961416	0.0792338301090377	0.0897496226390148	0.0979939370790985	0.0959871411609801	0.0935711543049418	0.0674190036240456	0.0608141106097132	0.0610616695315895
72087	85+	2	0.18936886123094	0.168480722816192	0.159968648367069	0.165995286664404	0.137447133059845	0.148465245543231	0.137716948083814	0.120432471694244	0.106144829259443
72089	0-4	2	0.00425674081869902	0.00405393187874736	0.00384692839971443	0.00377290814285158	0.00255134196340233	0.00299378285978067	0.00270705667845472	0.00199718636938297	0.00254520983274518
72089	5-9	2	0.000245626781873929	0.000277001110661237	0.000274769503897717	0.000256416964473504	0.000217488660066757	0.000196957278576504	0.000180346467058399	0.000164296469448774	0.000171638166777287
72089	10-14	2	0.000311990453786773	0.000334577279966582	0.000303920946240365	0.000342001582911679	0.000265605340351704	0.00025041101233866	0.00021915136489343	0.000200509191744963	0.000209345807280738
72089	15-19	2	0.000977421830593349	0.000981631365546054	0.00126587999022085	0.00100136715817668	0.000835280371184154	0.000820966558219073	0.000793449336413069	0.000710781385213975	0.000717570794563162
72089	20-24	2	0.00186261173942657	0.00211319020668203	0.00205116440664099	0.0018749382638074	0.00231708052379808	0.00194054837006148	0.00150154437763814	0.00145569155052943	0.001254889335865
72089	25-29	2	0.00238153968495991	0.00215806765344101	0.00259717358562899	0.00285408262997723	0.00245729475422188	0.00248413317327069	0.00238240483579153	0.00151859421489337	0.00169229729975975
72089	30-34	2	0.00301020809576028	0.00322712081304442	0.00335282376623613	0.00322250176582603	0.00217484793833962	0.00218703189988812	0.00294684283073417	0.00216159870017995	0.00190915068097583
72089	35-39	2	0.00311552191770022	0.00448949501532635	0.00525512258279913	0.0044379282265209	0.00300925787833225	0.00394507331680454	0.00324049151377119	0.00258882954554947	0.00286210022909381
72089	40-44	2	0.00358538450261	0.00474106192929517	0.00695395141891243	0.0049537053173353	0.00559255312151862	0.00360167085326251	0.00328504734142965	0.00312243556885604	0.00428397237729355
72089	45-49	2	0.00623633370830107	0.00624281590760376	0.00514647460988975	0.00833752603893892	0.0069066738207971	0.00445232955514573	0.00565022417728009	0.00376071474020099	0.00443949493210312
72089	50-54	2	0.010847284095761	0.00834894895113634	0.0109460819350246	0.0121051598966807	0.00876322172632007	0.00885428015352521	0.00705738788906072	0.00556678006510956	0.00586662618716483
72089	55-59	2	0.0111663766970101	0.0125727106432083	0.0135702492862799	0.0113427489209519	0.0123300318149267	0.0108628672968522	0.0107292918485876	0.00778860420783552	0.00978308832352493
72089	60-64	2	0.0151578615707897	0.0160708833703142	0.0226219214124627	0.0194542564497792	0.0160478370272722	0.0150233019234261	0.0141681143533511	0.0119980300589497	0.0143046722596959
72089	65-69	2	0.0242606433996737	0.0239112604623661	0.0265979627839912	0.0310501159228896	0.0224288576509897	0.020869093752643	0.0183272744082049	0.0149842074693134	0.0182908477137302
72089	70-74	2	0.0407871927459115	0.0476216085627602	0.0416218279753331	0.0473186248627812	0.0364004682758319	0.0288697468525366	0.0266539947442851	0.023982827247649	0.0261811361894235
72089	75-79	2	0.069217324943749	0.0620692553452563	0.0576820218461418	0.060944145286098	0.0649169631785921	0.0521144470926861	0.0472412791462827	0.0375427736316112	0.0385976803298828
72089	80-84	2	0.100354362318378	0.0932167729163863	0.0914464525966251	0.0914950791922659	0.0720909002720241	0.0715331817612174	0.0646157772560176	0.0763801960905312	0.0628974982381088
72089	85+	2	0.207448312010301	0.164232918130527	0.170944175008166	0.190466474568471	0.177948765503355	0.174740937406332	0.147757619895028	0.104721858104682	0.109880134153662
72091	0-4	2	0.00479593941115114	0.00346832175518104	0.00373108206956395	0.00338215999115363	0.00284350447596008	0.00277282307370697	0.00228364648972137	0.00234558625852928	0.00216979132550887
72091	5-9	2	0.000240143690370909	0.000246593384139353	0.000255577753244437	0.000238410778833936	0.000221752189732314	0.000211330460428624	0.000179232852688468	0.000157959034410972	0.000165720678032387
72091	10-14	2	0.000316508157330904	0.000309448361932645	0.000319647992383797	0.000287190061771357	0.000245332245645544	0.000264834517147092	0.000215590900318084	0.000191111645405239	0.000209980197105981
72091	15-19	2	0.000974539019576737	0.000991484431862815	0.00115542185268536	0.00135406924093068	0.000822588689677817	0.000907761125616585	0.000856423665615545	0.000630084898112892	0.000728140140301725
72091	20-24	2	0.00192319741055956	0.0019863971767202	0.00219286825439274	0.00291239013917761	0.00161669997383185	0.00162297732953337	0.00196325287509683	0.0017608378967286	0.00172375387643632
72091	25-29	2	0.00232159054157989	0.00291306694911354	0.00322082260131127	0.00253064369003852	0.00221951023569541	0.00217548472045779	0.00246297484081406	0.00205040977654915	0.00228919234485181
72091	30-34	2	0.00309251277346049	0.00360586817735286	0.00425090212343032	0.00390816750849177	0.00248253977664879	0.00255479992549078	0.00245762798242481	0.00257113121949084	0.00253235365883475
72091	35-39	2	0.00362857028688076	0.00444685178001414	0.00500353371422748	0.00409794380013075	0.00298938821243894	0.00287823488543499	0.0023118692988266	0.00294729919684951	0.00235136094182454
72091	40-44	2	0.00422729308397425	0.0064963256252668	0.005645723328501	0.00496225706125285	0.00382651330107843	0.00344654461144847	0.00259673635839917	0.00260511360879531	0.00372576998745005
72091	45-49	2	0.00615475600394844	0.00780358161352697	0.00666210660534365	0.00712680371335862	0.0049846753758311	0.00531137618250463	0.00422690332735705	0.00380472701228522	0.00429602978432473
72091	50-54	2	0.010646313224049	0.00839133622296304	0.00901531823376998	0.0087501752035401	0.00853275823625265	0.00718344049146237	0.00585667890147156	0.00441363009081057	0.00521526681223268
72091	55-59	2	0.013042579227978	0.0135376614732441	0.0131664699734806	0.0119362746943904	0.0111604835169856	0.0115620162278395	0.00938839960558671	0.00869037550635594	0.00747175571153131
72091	60-64	2	0.0248124634687766	0.0195501852453647	0.0201518360282688	0.0185058380017625	0.0166262178092967	0.0139768616370694	0.0141551562192642	0.0121318772006154	0.0130940105323047
72091	65-69	2	0.0277365305654773	0.0254752198801755	0.0257451187376396	0.020416615194642	0.0237613303480097	0.0190193094558116	0.019571945724015	0.0167335424672709	0.0182113504431002
72091	70-74	2	0.0436443630352242	0.0479771306639334	0.0458590097011838	0.0443233403202596	0.0380910357573784	0.0306513710394323	0.0285006040743276	0.0246114086618216	0.0273963149572392
72091	75-79	2	0.0586557182333204	0.0556385272295976	0.0633591560951601	0.0517215156938396	0.0541060747623591	0.0451287396449988	0.0439460664903301	0.0438190155610826	0.0429097582645783
72091	80-84	2	0.0901479895565296	0.110356471377433	0.0870391518954272	0.104997393623339	0.0738105728881624	0.0772277507867644	0.0703992220520078	0.0600562706181435	0.0593496052849384
72091	85+	2	0.208159656040278	0.205882489664023	0.167197435772733	0.196798484537353	0.169959613419016	0.15947637702217	0.149068313487198	0.115862484402838	0.119039492409915
72093	0-4	2	0.00400230235799377	0.00325604144185158	0.00363094830387541	0.00351444826199627	0.0029473714410818	0.00300373879577086	0.00217646018046434	0.00138239533895879	0.00226165394353752
72093	5-9	2	0.000219861209771074	0.000214381582222506	0.000234127424135729	0.000228932196813022	0.000184397119550023	0.000173468496349259	0.00015810446342581	0.000143813526104094	0.000149717859971004
72093	10-14	2	0.000256559001682145	0.000274930069417051	0.000286443131490788	0.000279961889818989	0.000236618404890936	0.00021244793530076	0.000194074861848104	0.000176698871334164	0.000183683143581445
72093	15-19	2	0.000858197097754331	0.000842920010678596	0.000917428223524339	0.000932973316202579	0.000759721480695164	0.000687734505254031	0.00066182776013841	0.000578823079213752	0.000633418774687492
72093	20-24	2	0.00170027756490917	0.00166893127245333	0.0015892231522746	0.00168705926318246	0.00137705524487286	0.00131085469093306	0.00115968719402434	0.00117072475490718	0.00111462523033776
72093	25-29	2	0.00201991659850288	0.00198280445963738	0.00206702003820023	0.00203131105203462	0.00197768675120049	0.00162632532449671	0.00157390505589718	0.00140407600825267	0.00153257557376688
72093	30-34	2	0.0026021672221693	0.00225002868196027	0.00244437095418599	0.00250567789620018	0.00197161093082979	0.00186356194619371	0.00171240429052722	0.00158681199153427	0.0019109162665274
72093	35-39	2	0.00353243341057403	0.00300746553475453	0.00297045719993603	0.00342819023569711	0.00295592271430404	0.00258304731928964	0.00218905105769107	0.0019471606654363	0.00224199991755333
72093	40-44	2	0.00469242801886061	0.00396582036687857	0.00491317634488759	0.00397081248424971	0.00315313549464332	0.00297388183824515	0.00302506317482511	0.00309258323756836	0.00274198111253899
72093	45-49	2	0.00547519307279434	0.0047462823689346	0.00567581154944949	0.00556972079984723	0.00440013382390496	0.00385985182255714	0.00371048990968424	0.00362175876527419	0.00437669091986887
72093	50-54	2	0.00733905533865468	0.00800680871811093	0.00893515004055094	0.00762893592578482	0.00623731313440826	0.00609246317761845	0.00700483280618225	0.00506599142839257	0.00599095895334485
72093	55-59	2	0.012284216429081	0.012460537584838	0.0118184918355668	0.0130490455789059	0.0105098043488823	0.00920519300035817	0.00822473837548807	0.00723547466935327	0.0101954977935133
72093	60-64	2	0.0177361237718304	0.0193992768653264	0.0184390023861061	0.0183697724710977	0.0147799597402121	0.0136684121399103	0.0103505757072405	0.0102786276846179	0.0106146170771308
72093	65-69	2	0.0271102958127018	0.025756589064357	0.0237148808641579	0.0225130965108319	0.0187319417947251	0.0184875129552153	0.0137166529622937	0.014758346172796	0.0151819500531279
72093	70-74	2	0.0415643447914971	0.0335505749024948	0.0422448860539597	0.0427530019303709	0.0332001509469395	0.036936563116541	0.0284535661023561	0.0232780192545149	0.0240153824711837
72093	75-79	2	0.0599455621405318	0.048833351434116	0.0560853449828879	0.0572490625273391	0.0458941346872023	0.0451337928725622	0.0427575839458705	0.0419372537142242	0.0368280824512825
72093	80-84	2	0.101458355477353	0.099275244385858	0.10363929094507	0.101955118311275	0.0677171558313562	0.0672256675411844	0.056275984837783	0.0597434796951605	0.0496784925485975
72093	85+	2	0.182419121039887	0.162184922364326	0.155972001998503	0.158746524732307	0.148098074475137	0.124550798636709	0.140266006962407	0.13002109751112	0.136902135827292
72095	0-4	2	0.0044417663910072	0.00398660102722992	0.00384141483391902	0.0038475604520509	0.00312661028981049	0.00248297835668603	0.00276302730145859	0.00207138505274458	0.00225930348482122
72095	5-9	2	0.00022844098826158	0.000234150583421579	0.000232596081014095	0.000227543605658293	0.000192585997389043	0.000182184028375124	0.000167030710958762	0.000151701112560579	0.000158589038847399
72095	10-14	2	0.000290344648961772	0.000311100863745262	0.00028242732651306	0.000277125879974116	0.000246395767844348	0.000222723141123182	0.000204432736227362	0.000185826591808366	0.000194168825393179
72095	15-19	2	0.000949263416159465	0.000861397307582158	0.000899334499720138	0.000892195333562386	0.000770538758483468	0.000763191025715344	0.00077264413160322	0.000600022212030277	0.000627504859947343
72095	20-24	2	0.00196046090648242	0.00162852731324476	0.0018127364141467	0.00184590195980834	0.00159615690164505	0.00136264034724761	0.0013774775030824	0.00117680851737718	0.00124514933480043
72095	25-29	2	0.00242163853297341	0.0021541281779021	0.00246335128906463	0.00216403145231597	0.00182357790877084	0.00176181649549958	0.00159531449973245	0.00155117735378588	0.00201201266254463
72095	30-34	2	0.00245761753747678	0.00278625941154272	0.00355873968998542	0.00270327815799975	0.00216991106499912	0.00223204832768427	0.00186897597502513	0.00175048846446527	0.00237787346121236
72095	35-39	2	0.00290824595477755	0.00340457951590204	0.00438599845265791	0.00401795180585238	0.00272618324028369	0.00252896270121816	0.00245810196438197	0.00227831291287837	0.0031895738948449
72095	40-44	2	0.00413229307933806	0.00418501296120224	0.00436241910048532	0.00458915248980824	0.00324960276713971	0.00371172832471839	0.00371602196296115	0.00283105819679945	0.00284247649561632
72095	45-49	2	0.00541724812879745	0.00581175278336377	0.00691654889409194	0.00583807827484756	0.00473060970660093	0.00443110334308499	0.00429709910727827	0.00356896687238113	0.00375176485821937
72095	50-54	2	0.00740011219844499	0.00769244590405994	0.00763862248127353	0.00823146277389901	0.00754183637656855	0.0066975032403001	0.00692433008126712	0.00530060933504215	0.004964570587876
72095	55-59	2	0.0113628034501419	0.00947630821026005	0.010307426428074	0.0100841374255644	0.00913206686829708	0.0110659421478124	0.00843087940008082	0.0065405439156707	0.00783080139045627
72095	60-64	2	0.0199126308981341	0.0199703758820369	0.0167236597996171	0.0172000074376146	0.0132336273273046	0.0127437312199349	0.0139137042645854	0.00985251459593356	0.0102976885923812
72095	65-69	2	0.0256672275663231	0.0311530807053112	0.0234279600581119	0.0253169855887217	0.0226334483148918	0.0202822526135252	0.0183774453555778	0.01606389889163	0.0249430375688527
72095	70-74	2	0.0407353564845578	0.0342738727060284	0.036349052897632	0.0399297833464929	0.0359765220282245	0.0349881649374315	0.0310977798106175	0.0241598118224784	0.0296219274423245
72095	75-79	2	0.0511300715580645	0.052712383494626	0.0486980113575727	0.0568467747377146	0.0457756359638563	0.0507270826209536	0.0426436151106436	0.0410136622485734	0.0402724629413763
72095	80-84	2	0.110269219570694	0.0967027822184595	0.0996504914633294	0.108668162773832	0.0908433589697635	0.0799865309267471	0.0785969043358775	0.0631957125045472	0.0632278226790302
72095	85+	2	0.17784613312756	0.182248261252553	0.177629927814707	0.136681337424362	0.164440248524332	0.141150993117326	0.140341518798352	0.169782105069835	0.130563485995081
72097	0-4	2	0.00486256079716975	0.00386180223780721	0.00353446089870901	0.00339384715513363	0.00257591339007873	0.00275472326523946	0.00194473778482275	0.00185714969725562	0.00250469124252568
72097	5-9	2	0.000271033987767027	0.00026145012872409	0.000244437543881927	0.00024263842861706	0.000195581859704848	0.000189414957308659	0.000185220329010079	0.000150409886757313	0.000158521137589202
72097	10-14	2	0.000274444218931268	0.000301842487587992	0.000293411482614962	0.000329961533920692	0.000261715127395877	0.000216110935915375	0.000194638249218271	0.00021542450695242	0.000198514777520863
72097	15-19	2	0.00102556346116758	0.00101303904944518	0.000947975244732831	0.00106420852734361	0.000696179199680019	0.000893267897579559	0.00089437916423344	0.000693995918861098	0.000710571371237365
72097	20-24	2	0.00152749485968524	0.00134387003569784	0.00156180570039563	0.00150355009468426	0.00115727884835122	0.00127731894847437	0.00133527942515826	0.00113941345803833	0.00125771680785519
72097	25-29	2	0.00226107891816007	0.00229329459393742	0.00269018857778099	0.00265502888298391	0.00195432970397866	0.00182323502668079	0.00159250901549552	0.00157021201632628	0.00202919082065515
72097	30-34	2	0.00239776992909472	0.00299241880918972	0.00409717752025925	0.00405764802161691	0.00286738355468655	0.002648890068581	0.00245081573174428	0.00243134154550668	0.00268146786998284
72097	35-39	2	0.00368457718902193	0.00442876030142824	0.0050233342076252	0.00433772446315414	0.00317806377327026	0.00372263219307903	0.00325034443134284	0.00340838458009308	0.00279314558398415
72097	40-44	2	0.00426631507156715	0.00465540451991664	0.00617600044086775	0.00477371689777561	0.00481828531794474	0.00354226369611974	0.00377463424602985	0.00365768455464611	0.00433542295283522
72097	45-49	2	0.00675905049600079	0.00543079819670141	0.00770708808336459	0.00687498402958841	0.00597251157820815	0.00600659101112147	0.00475588985040236	0.00499878689896369	0.00559542950870303
72097	50-54	2	0.0101769529178876	0.00884193897674952	0.00734593677788483	0.00870016595920461	0.00832473081239884	0.00846695766245806	0.00746733579689663	0.00705195352731228	0.00692950814520196
72097	55-59	2	0.0120354867552881	0.0127089502477807	0.0110936634491208	0.0111578706203305	0.0107697595596714	0.010642377106307	0.0109755281568075	0.00910162875398702	0.0102494076391942
72097	60-64	2	0.018873723998046	0.0199426296010167	0.0195548452381455	0.0187578408007014	0.0152540151541209	0.015043448315146	0.0140386647868713	0.0121100105200552	0.0141024923652619
72097	65-69	2	0.0290728829245088	0.0289049199661857	0.0255238667913235	0.0278955274187109	0.0214011695072639	0.0198991872508002	0.0189716003349582	0.0178924779430587	0.0172170697970669
72097	70-74	2	0.0440751806157544	0.044744023049549	0.0457872646895241	0.037993823991347	0.032161575337502	0.0330981607684838	0.0314893794252919	0.0237164228886543	0.0254351102131925
72097	75-79	2	0.0614458373450563	0.0681166408326345	0.0575477201687437	0.0595591469310292	0.0543015834760162	0.0435790299176222	0.0441420151034978	0.0368194066274048	0.0352413592302946
72097	80-84	2	0.0966438439722553	0.0931797256774612	0.102833523609257	0.0974605112552261	0.0757895741012866	0.0802176437576747	0.0759978030739639	0.0541441033540054	0.0586531245889369
72097	85+	2	0.18022189991276	0.17433545678368	0.160254891699339	0.167508168382209	0.161449896440295	0.158558098499364	0.142954172366147	0.117176652290901	0.114113531354282
72099	0-4	2	0.00393354756318172	0.00251794189913943	0.00336580451634728	0.00306681474267436	0.00270262847706202	0.00229281142584575	0.00212047956134752	0.00205191955314111	0.00180472767099641
72099	5-9	2	0.000196238746305999	0.000218467007428957	0.000226344221058502	0.000202485181438825	0.00017271771011951	0.000170989428044136	0.00015064257972376	0.000132366970378834	0.000138223344177431
72099	10-14	2	0.000256372543329712	0.000260642891051519	0.000237553238498713	0.000265446450851692	0.000237937257090238	0.000188877323883493	0.000174127625840056	0.000160576392854624	0.000175604075429042
72099	15-19	2	0.000854210246675411	0.000761218473042837	0.000844324449023526	0.000851503354283868	0.000600898221431695	0.000622502565719143	0.000582350161782804	0.000543628987073356	0.000572480184258716
72099	20-24	2	0.00169599295537964	0.00144357909485255	0.00149025618340366	0.0014953064655655	0.00107800836111625	0.000990831948567734	0.00120240716945792	0.000963589898007676	0.00106379187920966
72099	25-29	2	0.001989646112935	0.0019915117517737	0.0019725973089333	0.00184084594470128	0.00119517838252715	0.00143815595098961	0.00150535404751857	0.00123871517956536	0.00155965728661933
72099	30-34	2	0.00220836120984966	0.00217939775831567	0.00235311712564106	0.00193365229065431	0.00170357291381479	0.00169505075572422	0.00156510235425583	0.00173664549701752	0.00208442947766923
72099	35-39	2	0.00312711765928246	0.00280819323577035	0.00285485617374144	0.00252993265248031	0.00254685027459281	0.00219928361713136	0.00212112854614869	0.00176088608765938	0.00250067643230994
72099	40-44	2	0.0033125042325621	0.00348942636227419	0.00403986603573983	0.0038844541860584	0.00290679216117541	0.00279189313417498	0.00243344779062643	0.00235056737638365	0.0025587483377898
72099	45-49	2	0.00557454860212899	0.00440118067809767	0.00463337064666202	0.00514281048790757	0.00395485030729114	0.00385015740998522	0.00419380664355687	0.00285956163435787	0.00326167290724013
72099	50-54	2	0.00834915577181761	0.00684775611053621	0.00857129307681156	0.00830887937943116	0.00538220579808674	0.00494940271234834	0.0063823950863511	0.00512415740376874	0.00554667719378369
72099	55-59	2	0.00936964423258054	0.0112058426037537	0.00997480115665349	0.01057793890322	0.00971174435331217	0.00797437048866526	0.00647343437141528	0.0067907300149962	0.00677877130549303
72099	60-64	2	0.0172952685988275	0.0164473327342646	0.017023695133903	0.0142216904471489	0.0152812662284729	0.0125753210099071	0.0103676276562627	0.0102713347295638	0.00957692818668292
72099	65-69	2	0.0271740909602917	0.024670379467672	0.0232277564407201	0.0246658480635854	0.0213731970747013	0.0161500193822739	0.0173328787279655	0.0168903719074687	0.0122743201939515
72099	70-74	2	0.0392442994366224	0.0404972021430623	0.0326178320228998	0.0352421200395319	0.0249702769219167	0.0281658175499231	0.0248668605322809	0.0204803981483115	0.0216750243582481
72099	75-79	2	0.0551430692982897	0.0540632343189567	0.0516663228803517	0.0525064767067031	0.0484033858933514	0.0395290185321234	0.0365412008745408	0.0377329824455575	0.0353138612029262
72099	80-84	2	0.105135259823379	0.0909196140646338	0.0837443276719769	0.092512077353038	0.0810136528711465	0.0732156432452786	0.0636515390295815	0.0664495919111234	0.0538962108189766
72099	85+	2	0.160635496767833	0.15182714008869	0.14357357625322	0.161918034882854	0.161836629564974	0.151208550680784	0.120197017046303	0.128665594548543	0.108048399125908
72101	0-4	2	0.00474040560331722	0.00319578496592135	0.00293357900950594	0.00289233273952191	0.00283736735086038	0.00220639980230998	0.00235917715787116	0.00212660351905403	0.00224737501800922
72101	5-9	2	0.000214382332387529	0.000208806444398768	0.00021567805457571	0.000220183475563275	0.00017949145193231	0.000162184808595567	0.000171462692216433	0.000137246161623263	0.000157748887679375
72101	10-14	2	0.000258607824568202	0.000253329205074087	0.000261661558761996	0.000254203969292648	0.000226224996931967	0.000195827240214506	0.000189148037113737	0.00016594090827564	0.000174160684872358
72101	15-19	2	0.000868449511099194	0.000859891954968075	0.000820649975484447	0.000921283548788043	0.000926376660983276	0.000624409240334067	0.000794359706911041	0.000598477731317934	0.000557665416753844
72101	20-24	2	0.001301995202922	0.00145723154035723	0.00169280375699551	0.00159521132168207	0.00156466931057029	0.00129383376366637	0.00112502433413671	0.00109282919381141	0.0011073602541973
72101	25-29	2	0.00173509184835656	0.00207088202581826	0.0020014164784028	0.00213217973559488	0.00212507411050144	0.00166167145829196	0.00199673238444566	0.00153664102492034	0.00141435259624688
72101	30-34	2	0.00206922258608419	0.00289467351277214	0.00253209743345198	0.00239260020885116	0.00212427788660584	0.00210155469742267	0.00186251243176677	0.0015836880864761	0.00237413796211139
72101	35-39	2	0.00279048776426109	0.00308600227636376	0.00361168479846252	0.00395885786032856	0.0027911170178417	0.00226406392351621	0.00224841124076229	0.00217755301257793	0.00295493869940768
72101	40-44	2	0.00458733565001904	0.00331808781288961	0.00369065527342021	0.00374383787044833	0.00314871704510972	0.00300268329574403	0.002416986152984	0.0021532373395137	0.00257415597546833
72101	45-49	2	0.0052057039377478	0.00701017429286101	0.00536546321231635	0.00541947569533176	0.00493042693909918	0.00387355180101475	0.00383152592319189	0.00331782319748303	0.00321731310150312
72101	50-54	2	0.00685835304723123	0.00719032951537601	0.00651701511138983	0.00729599620964022	0.00666913374255323	0.00666523320264532	0.00466963551114959	0.00492192244181051	0.00517096224466497
72101	55-59	2	0.0113965578687556	0.0106822670052316	0.0122189934213931	0.0116278884116351	0.0113906602051714	0.00753297033127059	0.0068022668822396	0.00604667252502247	0.00740125476580192
72101	60-64	2	0.0176964026948607	0.0152579781368851	0.0162307073511173	0.0172819252288048	0.0123058440139834	0.0144831615742847	0.0104732667598978	0.0114546308897309	0.00982373094323015
72101	65-69	2	0.0229619415376869	0.0207220509732194	0.0233765768441532	0.0201060030590844	0.0167684094049994	0.0195364724820302	0.0215905971855988	0.0144717449980145	0.0146579675331823
72101	70-74	2	0.0412921346418784	0.0363949692730658	0.0284477213806059	0.0389637967610879	0.0321311621637688	0.0317258003280853	0.0248237704252833	0.0226330930774189	0.017995627387346
72101	75-79	2	0.0554479388587727	0.0584662031508387	0.0495829559812665	0.0551899153285258	0.0490995477219174	0.0419215477717918	0.0397887521453265	0.0385596903317123	0.0341468404584375
72101	80-84	2	0.0748634663219079	0.0883775465532358	0.0956618641118131	0.0988638773531788	0.0781203909078408	0.0735946216188144	0.0645922353842325	0.0688463255380591	0.0663745459305449
72101	85+	2	0.176312006119715	0.179815150077314	0.168385349310408	0.173476787708432	0.163565789665044	0.151622431507519	0.125908244867379	0.121028680791662	0.115641168339192
72103	0-4	2	0.00371060245802231	0.00404412290172992	0.00399808442707391	0.00355766384027551	0.0033936176245993	0.00274310995712967	0.00229750625461929	0.00174777801482968	0.00232575891798152
72103	5-9	2	0.000308422937570022	0.000253586569953238	0.000252211698617659	0.000270471379414817	0.000219359280968995	0.000216523472961192	0.000180363891334484	0.000165630094100685	0.000173693329524123
72103	10-14	2	0.00037259742509035	0.000305733111145416	0.000331653424537703	0.000341278290024758	0.000266174452041187	0.000240138141693088	0.000229937997949961	0.000211345493548889	0.000210933548716194
72103	15-19	2	0.00110524819068899	0.00104183399679675	0.0013824445827525	0.00161857257982055	0.000996719169323058	0.00106036708502257	0.00103064073097483	0.000734756765251988	0.000838675293739815
72103	20-24	2	0.00183162060055914	0.00217094737142117	0.00225591141333387	0.00203650940987325	0.00145303863250474	0.0018063313355323	0.00147696456261056	0.00169119173524052	0.00169280616914661
72103	25-29	2	0.00211177124578469	0.0023002667172144	0.00248605110483222	0.00229524864008118	0.00228018141150405	0.00246085350711706	0.00223523445903951	0.00167748010176047	0.00180196137079711
72103	30-34	2	0.00285601653655726	0.00355217445710668	0.00382008516894574	0.00460168399166807	0.00260049130045134	0.00257621922133964	0.00218227609988354	0.00244853716296045	0.00227641804486307
72103	35-39	2	0.00367373304808024	0.00381620693098586	0.0031463639116943	0.0037289608106491	0.003483063544757	0.00340705931594578	0.00308587318803894	0.00251757627726011	0.00312909669707148
72103	40-44	2	0.004891240968149	0.00513670320657972	0.00598908120859071	0.00543450570439844	0.00427716642182083	0.00350128120240419	0.0030414167478107	0.00294735725212751	0.00301206353519704
72103	45-49	2	0.00730395873815833	0.00626800609940876	0.00679241947521736	0.00697035440067858	0.00588556020749753	0.00481485814119968	0.0040743725723861	0.00408057770915874	0.00436865945850133
72103	50-54	2	0.00831162611883039	0.010361037055009	0.0125784096974607	0.0101885635225867	0.00843782186377685	0.00800821668781491	0.00763083023413897	0.00586363982554795	0.00541252900800141
72103	55-59	2	0.0134585398644235	0.0148789893572685	0.0133530820074527	0.0141097762296221	0.0134526160841609	0.0136781764719041	0.00937144805918641	0.01087404476405	0.00765135380064746
72103	60-64	2	0.0232905812262183	0.0191078115695021	0.0179432643122158	0.0173930230047819	0.0164680052633031	0.0129280144977436	0.0143998812593926	0.0142077513798953	0.0141488972062599
72103	65-69	2	0.0248315077081309	0.0268863398835576	0.0243274769830906	0.0277837055105736	0.0198122186062875	0.0235579538213039	0.0178923269717536	0.0195406847158459	0.0169281824695358
72103	70-74	2	0.0406414719197188	0.0441240034369141	0.0368851957550888	0.0435319137617396	0.0379294720422475	0.0308902297085064	0.0292467451923925	0.0255782855271587	0.025338709315422
72103	75-79	2	0.048130357835819	0.061448058366596	0.0681481136644341	0.0610117721674689	0.0597443912548026	0.0444101044023008	0.0507341508425605	0.045703481215193	0.0416654305750131
72103	80-84	2	0.0896882406269382	0.0783034710834115	0.0984044935963623	0.0825198523473097	0.0803505028764877	0.0748972528735114	0.0704886252155357	0.0637673360873197	0.0636746826139384
72103	85+	2	0.16820868019061	0.162296230961042	0.175871251829579	0.182028235223822	0.169116933622101	0.187752940824521	0.180155262767098	0.130621014211862	0.134143590245244
72105	0-4	2	0.00453596525013501	0.0033362451492621	0.00304456316335224	0.00347775700979243	0.00257472233674012	0.00263403188722864	0.00245187043047381	0.00173857225051974	0.00210502550826335
72105	5-9	2	0.000221712838991216	0.000206900703720211	0.000224649902269013	0.000230209075711385	0.000179491779202841	0.000163098025009131	0.00014943402336302	0.000150099863138896	0.000142672514722411
72105	10-14	2	0.000244515304823258	0.000272518482991755	0.00027088480277139	0.000243282246464274	0.000217243182771068	0.000216525029871023	0.000181445883979645	0.000174296818305521	0.000173395916227346
72105	15-19	2	0.000883648327366493	0.000790422246876354	0.000951439065212154	0.00102144970589243	0.000739913191638801	0.000679862135870253	0.000566024001049954	0.000555579451451573	0.00058207616955729
72105	20-24	2	0.00161794051559001	0.00164733780634953	0.00185915177973226	0.00194017377738149	0.0017012958348076	0.00164144078660897	0.0010163870188479	0.00113739075314589	0.00102831245386719
72105	25-29	2	0.00175976515375278	0.00227577337485306	0.00213093146016425	0.00205203240489894	0.00161280237731162	0.00189861348178026	0.0014221771371098	0.0015864684325531	0.00191807365071053
72105	30-34	2	0.00193568039948723	0.00209347229171854	0.00290335654595492	0.00251546341349556	0.00187572287078553	0.00192457263852245	0.00198777306119315	0.00206121715668395	0.00216203481421372
72105	35-39	2	0.00276807377128025	0.00306464255205025	0.00352188590837614	0.00308009116722194	0.00273317982623229	0.00217008026478772	0.00223930835459399	0.00234762348680299	0.00252673247690302
72105	40-44	2	0.00366325235333081	0.0033651116515522	0.00510404836045626	0.0039900631732207	0.00353313156800874	0.00351910448256633	0.00313707049625931	0.00280599213022536	0.00383625584359555
72105	45-49	2	0.00571334073386488	0.00447394115063814	0.00497846652667555	0.00530019497620603	0.0044122252857007	0.00444142618521164	0.00332670092689079	0.00326524129441131	0.00427438156333979
72105	50-54	2	0.00622752160061729	0.00635863112444111	0.00863865647490606	0.00718431855362697	0.00704615737670727	0.00668863013545178	0.00557486882256641	0.00539738446711497	0.0069470492692028
72105	55-59	2	0.00968401010828234	0.0104344704467232	0.00984577728571125	0.0106719766380743	0.00904413364984621	0.0076807660360495	0.00702940046878159	0.00777129705005345	0.00813275256481792
72105	60-64	2	0.0142013620420306	0.0143442090170255	0.0148823332704792	0.0170118595520084	0.014493823071873	0.0128435029161393	0.0108258283219851	0.010262559304878	0.00947525432386294
72105	65-69	2	0.0238268649698153	0.023581731323975	0.0199716904225009	0.0249893997555375	0.0235008537597288	0.0177822016804158	0.0155882520825374	0.0162410175524564	0.0174231383264136
72105	70-74	2	0.0314681592295976	0.0379637071082646	0.0358486945929771	0.0419497642477126	0.028846463398916	0.025852940066987	0.0247973025929892	0.0204109117179074	0.0232896052938809
72105	75-79	2	0.0455546594192022	0.0552929209456093	0.0588821484961426	0.0582428433481613	0.0481943942699058	0.0500743798840635	0.0426129337599916	0.0316013542350666	0.035586102748158
72105	80-84	2	0.0770446023109175	0.0871935502577197	0.0870353638906666	0.0959100280433866	0.0758761996944305	0.0590567184931612	0.0613739684609938	0.0517538795614683	0.0562556799092945
72105	85+	2	0.164401732942558	0.149927358048107	0.166790202135207	0.157940073707738	0.147681333981085	0.169391721032336	0.134524699182583	0.120841941471546	0.110867785321566
72107	0-4	2	0.00344780529421223	0.00335044776746238	0.00378239420319103	0.00315064580602825	0.00274774310102801	0.00263767196492109	0.00206274280813812	0.00221250746641086	0.00233205989442951
72107	5-9	2	0.000199387269717688	0.000222893066259771	0.000232226260478426	0.000226282895611165	0.000184187394292998	0.000167465878314469	0.000153361377662577	0.00014059701498553	0.000146187245679756
72107	10-14	2	0.000251620885484092	0.000258429477186088	0.000269896557250775	0.000299954185123164	0.000213659540355561	0.000212149883772906	0.000186140425030182	0.000171224659676808	0.000178106271853326
72107	15-19	2	0.000852304360982707	0.000784000609820746	0.000988810497592023	0.000829996007805705	0.000719752045401981	0.000767724854007259	0.000663422909006657	0.000529434895986009	0.000722647337190496
72107	20-24	2	0.00154849588547904	0.00151584651932036	0.00162449930396124	0.00154757416630213	0.00172504512380738	0.00139301993882906	0.00122662760555335	0.00111654217978315	0.00132643418746915
72107	25-29	2	0.00190981478299259	0.00168615550480036	0.00224433979519521	0.0019283797153797	0.00170064046610393	0.00186762725942256	0.00156811747251173	0.00158493120749189	0.00162143811837504
72107	30-34	2	0.00217832476583802	0.00225895853438353	0.00326348042905796	0.00235310602180364	0.00176930594618274	0.00199513194551541	0.00173787610222017	0.00148930712962261	0.00206061035217307
72107	35-39	2	0.00277231390693852	0.00359595422979623	0.00320929864128143	0.0035709706216894	0.00281970079703162	0.00238317512916462	0.00237716317768238	0.00227103728131682	0.00191941632816906
72107	40-44	2	0.00521814046570593	0.00467968243462465	0.00437822171048052	0.00495248208860784	0.00359645854790613	0.00366804650449121	0.00297634757411431	0.00278329364980566	0.00301135652425845
72107	45-49	2	0.00566231371985098	0.00521648069556262	0.00556740452985901	0.00527262942078403	0.004502883718734	0.0041200654069075	0.00350992508616611	0.00357260167163409	0.00371483237112452
72107	50-54	2	0.0090471465986204	0.0080843827325379	0.00757833522244496	0.00655574278315009	0.00733550174618869	0.00665060959466846	0.00608533381926599	0.00582345833676965	0.00583138931969806
72107	55-59	2	0.0110850907633897	0.0114032437481121	0.012090305965324	0.011952832401774	0.00967909182102321	0.00763716124076187	0.00846762589149079	0.00776253399929894	0.00873342010047912
72107	60-64	2	0.0159895451901297	0.0137096408617684	0.0180412043808314	0.0158790839801336	0.0134933535646368	0.010522084270936	0.0119682534954978	0.0119911328345179	0.0112425417532295
72107	65-69	2	0.0225516626950716	0.0226853029279198	0.0294179388933323	0.0220623758345511	0.0219834139099369	0.0213174408296017	0.0163728581315909	0.0149418802121144	0.0142096574395113
72107	70-74	2	0.0342575462309686	0.0368683132591773	0.0398663475693666	0.0329746367207765	0.0342099060677269	0.0298682931250376	0.023740234379209	0.0254251810923143	0.0279901233768875
72107	75-79	2	0.0434540165040995	0.0569786762277912	0.0599682379466364	0.0579333425740994	0.0562757954755999	0.0468281582447417	0.0371827737641449	0.0358724441013785	0.0323029705973446
72107	80-84	2	0.0851950034145643	0.0905510527410721	0.0895797894729723	0.0761985652918639	0.0676120396445229	0.0680271765379835	0.066692653391912	0.0619231343187656	0.0496420578685924
72107	85+	2	0.167346820905346	0.170020122142407	0.156120119211987	0.165353308747923	0.155583668244691	0.156289225374014	0.146349712204854	0.126543447023729	0.111160991298876
72109	0-4	2	0.00438082868350793	0.00380940907793352	0.00370076029130871	0.00310107061163849	0.00253757950904425	0.00272170551293154	0.00272658662160859	0.00204781351046855	0.00253224137354238
72109	5-9	2	0.000218219840605681	0.000233838021111507	0.000232296346207446	0.000238126660571172	0.000202779017149054	0.000183389556241997	0.000168352906350346	0.000153741875218733	0.000160390226011779
72109	10-14	2	0.000301379663761479	0.000294455955600098	0.000292876449474357	0.000301723615266471	0.000235743824585838	0.000244639573995574	0.000205289540539608	0.000187769384646303	0.000195781528140515
72109	15-19	2	0.000835348197472563	0.000855823119446948	0.000925824075759549	0.000993283221600159	0.000837405004465548	0.000829325880462401	0.000633687278494105	0.00062283830696681	0.000654707483658439
72109	20-24	2	0.0016308028000342	0.0016369438632654	0.00150353464104343	0.00184138872281531	0.00199050482794696	0.00139228097627526	0.00157273115889914	0.00135428122679012	0.00117407445261863
72109	25-29	2	0.00257056923292033	0.00207457504497958	0.00204190248398591	0.00255685134920871	0.00184705845623979	0.00198001524490141	0.00198753828106562	0.00154785543477006	0.00194636471774729
72109	30-34	2	0.00253420129953641	0.0027056578581899	0.00275118961920379	0.00328033543479741	0.00249411772680671	0.00210618407898053	0.0021540147249833	0.00192051989095784	0.00215763695474422
72109	35-39	2	0.00398083366460693	0.00314341893445694	0.00459319079345742	0.0032265422633422	0.00296945102928795	0.0023887497063284	0.00255763204848923	0.00227488322186224	0.00260276166720904
72109	40-44	2	0.00396064725454879	0.003750355548907	0.00429224305716774	0.00547888878378708	0.00327195851185045	0.00344424330146091	0.00366474149919262	0.00296734087338082	0.00259711238164017
72109	45-49	2	0.00603878397290461	0.00597198745224929	0.00560208927502229	0.00705057228885137	0.00460747848040777	0.00422371498742024	0.00516280144671928	0.00449142985839366	0.00498060743305019
72109	50-54	2	0.0108546290880801	0.00883094909855609	0.00980795191391009	0.00999672670101126	0.00610767582054148	0.00803907107308849	0.00560253212974163	0.00788391675605646	0.0061588658239193
72109	55-59	2	0.0102576432178611	0.0121646359323995	0.0150206904725544	0.0117914717202311	0.00996743115065832	0.0120832976454356	0.00814562984259663	0.0071968694926736	0.00811835788342157
72109	60-64	2	0.0184473342188145	0.0213854608626927	0.0196763264396126	0.0198164477946477	0.0158678819439444	0.0139992058491128	0.0134235658247739	0.0115970444131226	0.00885799704772585
72109	65-69	2	0.022041385321427	0.0284489829274952	0.0260418897200041	0.0242089140987689	0.0237661199727774	0.0213987017023827	0.0164126756548996	0.0181611744338928	0.0149399105195221
72109	70-74	2	0.0377092760629919	0.043406989685088	0.0353810528877655	0.0349361296308715	0.0358041080135517	0.0364530891689231	0.0235690426005375	0.0283404640092115	0.0240375662123675
72109	75-79	2	0.0528434275271281	0.0680474273942949	0.0532141076322646	0.0592533264536163	0.0587962085224441	0.0470249503176135	0.0448239109170215	0.0317339924916873	0.0470104860188349
72109	80-84	2	0.0978899239720413	0.104892456410196	0.0931813689121214	0.0956297827080263	0.0775150860798902	0.0681062077944447	0.0744878976161536	0.0667202710244455	0.0630611045072067
72109	85+	2	0.177483756340158	0.198899068050043	0.186351810779714	0.163491144900559	0.172751858881436	0.155291885932648	0.158119635078362	0.134195342166337	0.123671172985583
72111	0-4	2	0.00463498352567168	0.00392501066823762	0.00410832063507801	0.00332757046918425	0.003229851062468	0.00251726032690165	0.0025304503909426	0.002079182221808	0.0025045651758544
72111	5-9	2	0.000225463415430082	0.000252063477833847	0.000239310818028328	0.000222959377920607	0.000190301524121612	0.000180730154630907	0.000183008862794483	0.000160567368656393	0.000159562164925276
72111	10-14	2	0.000275281740205866	0.000293023762759046	0.000344873297648263	0.000294358283107012	0.000252321390282738	0.000230507273487605	0.000232726792797352	0.000195455722195655	0.000194423944549776
72111	15-19	2	0.000935728417256941	0.000878959354113656	0.000934355720662855	0.00112106721008363	0.000920902852736486	0.000794805932557732	0.000758670231729319	0.0006571572354121	0.000605899179842501
72111	20-24	2	0.00157247094537661	0.00160898817612135	0.00169802242324972	0.00190501267082736	0.00154114253640869	0.00160397181502298	0.00136563256395836	0.00143896433808712	0.00109833683207568
72111	25-29	2	0.00194208105524959	0.00196124662395187	0.00248939174757127	0.00220078993737885	0.00199725399490812	0.00213289052784051	0.00203026708938451	0.00170072814355273	0.0015453372105009
72111	30-34	2	0.00228716867680392	0.00238298546452426	0.00295497558699079	0.00296236437155288	0.00221806533394678	0.00241748691049658	0.00186352669296621	0.00194076555402838	0.00202292922186668
72111	35-39	2	0.00297723908517234	0.0036016539623143	0.00315666249491309	0.00358769453009489	0.00267488688161036	0.00237096102879695	0.00261315049835787	0.00203378246520983	0.00240473792183244
72111	40-44	2	0.00380893771975907	0.00406505371870983	0.00401687874705312	0.00395200610289864	0.00322514396506885	0.00366871443165032	0.00301652559576655	0.00306336040725344	0.00300080740044515
72111	45-49	2	0.00557562443274805	0.00558231140748764	0.00504700444503697	0.00555655013509911	0.00383352191581676	0.00452885114973662	0.00411121372866457	0.00358912557336121	0.00371406318159423
72111	50-54	2	0.00774756064970755	0.00755759960345895	0.00795047108837239	0.00720133762389471	0.00794247892089594	0.00597122604036363	0.00638014688461189	0.00542672218724739	0.00548206878025932
72111	55-59	2	0.0107675060927243	0.0102556112386246	0.0121498309137796	0.011064011132499	0.0112887638684825	0.00897772271210701	0.0079407278615144	0.00770094789833574	0.00785912046934881
72111	60-64	2	0.0184862213837866	0.0164918523801043	0.0199215605025113	0.0164561314432878	0.0148982974642835	0.0148680736052436	0.0145470166236233	0.0124714056604424	0.0110411233237905
72111	65-69	2	0.025746894703693	0.029238711879777	0.0252023316635107	0.0234535490653656	0.0201944981462142	0.0203526468214022	0.0174297009545311	0.0169856959924105	0.0189245191504827
72111	70-74	2	0.0415382624098152	0.0511773683744898	0.0406622476918273	0.0447764634746268	0.040490991002712	0.0328121191971498	0.0281056431940984	0.029303650788691	0.0254460389458374
72111	75-79	2	0.0609136680817129	0.0479987895462762	0.0684816603665271	0.0562308460496053	0.0571204677391771	0.054556871385248	0.0391385741492693	0.0423038139019091	0.0376821907039317
72111	80-84	2	0.0934605321917221	0.0934543632999478	0.101194946560775	0.0995652486510748	0.0926451617144226	0.0777860551263499	0.0638392034320153	0.0674852950860286	0.0617267319450503
72111	85+	2	0.17424233445534	0.228284020376192	0.173577629925658	0.175804005408337	0.169974555793727	0.160190586688747	0.156442026027431	0.155228837101546	0.135376055582418
72113	0-4	2	0.00472411363584741	0.00471691397710407	0.00396465290079158	0.0034205851531262	0.00278603658588112	0.00266518846655063	0.00262449039369144	0.00210969196381256	0.0021171898245918
72113	5-9	2	0.000273877725056955	0.000279890001105469	0.00027129678451995	0.000257890519414015	0.00018519955827771	0.000190500923712921	0.000170936038454485	0.000163902471500002	0.000189805667029173
72113	10-14	2	0.000330105902232062	0.000348930551851832	0.000394568166271428	0.00038634308015695	0.000245133363244203	0.000235460928409384	0.000213389610722292	0.000242646776361517	0.000212879081042931
72113	15-19	2	0.000927641639672275	0.00114696353284244	0.00137198476159753	0.00186217014321621	0.00133715870032048	0.00157174166761259	0.000886544650120886	0.000903889186521342	0.000743915317164792
72113	20-24	2	0.00161482664243307	0.00225527982868393	0.0030531749549313	0.00366881279792156	0.00275192560965147	0.00327319010111592	0.00244950974696953	0.00187585917433744	0.00155358579594332
72113	25-29	2	0.00229979795688357	0.00346957941923488	0.00351853911772691	0.00348673008084678	0.002908370918917	0.00303834406346313	0.00285713507062766	0.00221249749208673	0.00222969017160531
72113	30-34	2	0.00238758471067023	0.00402543763751651	0.00586174444929032	0.00430573011712165	0.00314128245406688	0.00316094156219679	0.00267404734178169	0.00259196078721144	0.00254772588134317
72113	35-39	2	0.00316589806105383	0.00458351826278531	0.00655389546648373	0.00519483387903385	0.00382407660227954	0.00333224751425365	0.00285344633652592	0.00291360353350659	0.00359043137961248
72113	40-44	2	0.00399482247340553	0.0060449466563927	0.00738474899633263	0.00675450270635064	0.00468509001560698	0.00366213710873322	0.00339246145460175	0.00388973664278057	0.00417389211693248
72113	45-49	2	0.00507723971759944	0.00594869703405685	0.00845656664918865	0.00758874051365877	0.00658104909226491	0.00585565393065253	0.00469292051183286	0.00531877772197009	0.00554117981010015
72113	50-54	2	0.00779068372357537	0.00995088552333657	0.00853344499532709	0.00797834644047601	0.00731895245222104	0.00821633074631451	0.0066762210631107	0.00667320135448548	0.00791429853195399
72113	55-59	2	0.0117218566744519	0.0118483044643471	0.0123363942755978	0.0123357585977197	0.00998652521139422	0.0104173218930474	0.00995818914724607	0.00963704924877974	0.00898742083748101
72113	60-64	2	0.0205017591234889	0.0221186663785465	0.0186232845521152	0.0185234261569571	0.0164277277574323	0.0160770278160366	0.013594698734421	0.0131278756491182	0.0136821755541804
72113	65-69	2	0.0286070583308715	0.0287755414663026	0.0275020684288717	0.0258653118611146	0.0246278445082994	0.0227969930033855	0.0186581749538737	0.0175926816802761	0.0185157457077069
72113	70-74	2	0.0466777281960236	0.0450171590580995	0.0426649552799771	0.0419611265516231	0.0377816955087392	0.0316863321563958	0.026619020919563	0.0250996976817957	0.0254736838533072
72113	75-79	2	0.0644122516360704	0.0654878904702598	0.05965712298044	0.0617787070458383	0.0549517111369295	0.0485072082429888	0.0446163025863089	0.0393906546813488	0.037216359114866
72113	80-84	2	0.105344883207736	0.0984623427784979	0.105011438920816	0.101754728821923	0.0812355667950786	0.0785871114107604	0.0731738735742999	0.0618272476201603	0.060603532913504
72113	85+	2	0.182057237455644	0.171082326477868	0.162282458621124	0.162623911289427	0.155353609371272	0.158569251066292	0.15162557938937	0.138194434556157	0.134615241421023
72115	0-4	2	0.00376261371166468	0.00409626763958487	0.00363417042990469	0.00286753249511395	0.00283070149546387	0.0022910534020821	0.00218352037291241	0.00209813376204942	0.00195391284737655
72115	5-9	2	0.000224620680026482	0.000230531774661212	0.000227755771318885	0.000222391034638604	0.00019783344950613	0.000187078051302712	0.000172013227889267	0.000150389332808448	0.00018935146606111
72115	10-14	2	0.000283252983579955	0.000303734067960561	0.000314211729763996	0.000294666183278788	0.00022978523334384	0.000227129516847363	0.000218984870860234	0.000183161183372781	0.000191081697740863
72115	15-19	2	0.00106866793257698	0.000919524572412368	0.00102342630830815	0.000850996878925596	0.00073740255901541	0.000647202714140186	0.000903951416266113	0.000591426934999124	0.000593742456101562
72115	20-24	2	0.00197663407090589	0.00178993906814071	0.00198729846651584	0.00170970864430389	0.00153345341331344	0.00125619648208576	0.00172970645820889	0.00115625899875959	0.00112372751257565
72115	25-29	2	0.00200849284217045	0.00222166904555652	0.00229314968643824	0.00205487829239553	0.00163093804335869	0.00162423608030373	0.00141179015809549	0.0017865053078807	0.00143177114849474
72115	30-34	2	0.00268048140349717	0.00273124333955631	0.00275047369981789	0.00253082005351329	0.0025055185200892	0.00192272492880427	0.0018227965348771	0.00182335704759224	0.00160495546906236
72115	35-39	2	0.00296745438049529	0.00358081078534468	0.00367089684290595	0.00379033805351516	0.00248170403694322	0.00278373436630548	0.00231921966230628	0.00258342100381706	0.00311336498144394
72115	40-44	2	0.00386369343519846	0.00435379003366333	0.00424870978701604	0.00435982253841586	0.00355682495510333	0.00257769804108044	0.0029323733675505	0.00272656570759094	0.00280848176209797
72115	45-49	2	0.00524537637046951	0.00462209506512264	0.00624273086554741	0.00549871806054741	0.00468942878780352	0.00461813232962413	0.0034949834178581	0.00332448308899863	0.00355943960542683
72115	50-54	2	0.00685726365086785	0.00734950977737717	0.00866401271389357	0.00806082477936434	0.00726102293620941	0.00629170823737984	0.00537533257942124	0.00542520393446699	0.00573139504988399
72115	55-59	2	0.013026866829134	0.0124172564626215	0.010480873564427	0.0116254943485479	0.0105609909069393	0.0101071937688272	0.00737280413561516	0.0081172316504798	0.00858589558566641
72115	60-64	2	0.0179519264382957	0.0207919552109607	0.0186485615343524	0.0196110007110888	0.0150360031931712	0.0170135907576904	0.0143411852651649	0.0112724715483143	0.0131764622489193
72115	65-69	2	0.0280655476819861	0.0293721114618049	0.0263045561290762	0.0261065311919456	0.0253060510081317	0.0208276392766727	0.0189172261612023	0.0160333768846134	0.0190801509251918
72115	70-74	2	0.0494182002805964	0.0394920307098714	0.0415883592223909	0.0388950499849146	0.0351738725052875	0.0314847665628195	0.0267644265748754	0.0241973739582577	0.0284069324628762
72115	75-79	2	0.0570333672637642	0.0746920249165355	0.0548449783524523	0.0684177995438315	0.0578286151126648	0.0518594521988923	0.0501026281966199	0.0422237924612442	0.0390205796299112
72115	80-84	2	0.0969338973828061	0.0968662839283282	0.0953237884426257	0.0954457320947532	0.0893652095370937	0.0719426222544137	0.0673318814122767	0.0693670521087971	0.0564585821759631
72115	85+	2	0.196135424626717	0.190126700309661	0.181472321582106	0.210987398616828	0.168357499191875	0.151674839954056	0.171255122594268	0.140557664587891	0.126585288550994
72117	0-4	2	0.00441683409161086	0.00373706417121774	0.00329029666667722	0.00300352323840463	0.0027363820654262	0.00286947104046756	0.00223357700868765	0.00193188869673511	0.00205064539486142
72117	5-9	2	0.000203409382656517	0.000208901636994997	0.000216612425186882	0.000211688366299417	0.000178581338461415	0.000168807999932427	0.000153754568538745	0.000140271349729337	0.000145676678043781
72117	10-14	2	0.000247874665533994	0.000278604600876044	0.000276015511145664	0.000283551090703439	0.000218513926172245	0.000216163118283969	0.000196739501549818	0.000171625472567989	0.00017810052643802
72117	15-19	2	0.00098848616367856	0.000824171470887787	0.000928624410054502	0.000870149629357371	0.000746795334133029	0.000712066438285424	0.000683487136538861	0.000547076373165451	0.000597071368052713
72117	20-24	2	0.00158432556490017	0.00161274482671086	0.00171114327304771	0.00158121225456542	0.00146942085302693	0.00121697442884506	0.00108087222263364	0.00112435809036944	0.00109973547040308
72117	25-29	2	0.00218599255471323	0.00210988157268329	0.00191051905369171	0.00208507213745727	0.00167741313437427	0.00167967491808451	0.00133590313907514	0.00166612253870663	0.00155264937611992
72117	30-34	2	0.00236468338203791	0.00241722134682296	0.00265856201762523	0.00254610632796561	0.00202952174241348	0.0017221918874775	0.00180197302544132	0.00157488345807176	0.00171090350499863
72117	35-39	2	0.00278242650046321	0.00282817651880659	0.0030826988778057	0.00303430549446316	0.00269571488433563	0.00239108764606878	0.00204934235891159	0.0020116073562264	0.00238613545149
72117	40-44	2	0.00400533486944794	0.00399868087028162	0.00461315483620501	0.00404724717955531	0.00313893550615676	0.00282732473322615	0.00260671964721438	0.00291562515942975	0.00327746353828376
72117	45-49	2	0.00637467216723934	0.00496747072818735	0.00508149854098073	0.00480067206096834	0.00451887959602512	0.00360077447868982	0.00353015048415209	0.00333038478358187	0.00311708830721102
72117	50-54	2	0.00728876991602435	0.00737879789554381	0.00792215949579655	0.00939286012568557	0.00691245143003325	0.00645401061372775	0.00579844437931957	0.00507889966133073	0.00603061717741588
72117	55-59	2	0.0105729085095639	0.0112325253722281	0.0104574133135312	0.0127908869696328	0.00884597956456386	0.00934598184386513	0.00780095481876774	0.00746184534282327	0.00801860177761928
72117	60-64	2	0.0183138777725286	0.0157558905107019	0.0163906669950692	0.0166288323835129	0.0126060841670547	0.0115478911964449	0.0119271737611552	0.0106074223086094	0.0102322431972089
72117	65-69	2	0.0237641847194997	0.0242157710966874	0.0266985225502467	0.0258380322630248	0.0206865287197612	0.0169781626607567	0.0162005579953762	0.0128740666238067	0.0135358131343078
72117	70-74	2	0.0341205000186267	0.0413384424958028	0.0318133281974819	0.0487156507424464	0.0304819027817298	0.0316167723073813	0.0229176492757859	0.0254372593607153	0.0180616674795461
72117	75-79	2	0.052052772145818	0.0631428735636686	0.051103310199012	0.0546623464166351	0.0484562569249186	0.0456792694286819	0.0389397563500914	0.0302658150038168	0.0297744754252918
72117	80-84	2	0.0963828281013595	0.0820678437377856	0.0900889578612583	0.100945629887629	0.0877175222600798	0.0740515499386618	0.0696554454995618	0.0617652320690038	0.0562601552455332
72117	85+	2	0.19344263124472	0.209831012126424	0.165596088103462	0.174080186514339	0.170659393602588	0.168080616539847	0.137067016436201	0.121256351200837	0.110717847035265
72119	0-4	2	0.00446875071708963	0.00349615520319561	0.00360564139085004	0.00327857911646183	0.00226005598593543	0.00269513523378165	0.00226351686948413	0.0020098620008058	0.00234312343360394
72119	5-9	2	0.000253885770389176	0.00022794764309706	0.000236025249205224	0.000230173461514124	0.000188055659963803	0.00021365718923335	0.000181943641394377	0.000160976248561202	0.000169868606069447
72119	10-14	2	0.000345077410345937	0.000294936461864849	0.000280314617214608	0.000351747884919351	0.000256879780466566	0.00024401108456447	0.00019980776210595	0.000185603164776093	0.000195566624402734
72119	15-19	2	0.000878524491968097	0.000884211701877937	0.00110241266444374	0.00167596237944741	0.00105296706823976	0.00101064488248086	0.000842647980232179	0.000665593148220966	0.00074389847565943
72119	20-24	2	0.00181067689498122	0.00177280832106739	0.00225587811356882	0.00335909805658023	0.00190369993729495	0.00247839078272657	0.00192559645542017	0.0017727349829729	0.0018049463633
72119	25-29	2	0.00195960571704797	0.0018469508079235	0.00331468377969031	0.00282869136442183	0.00226865032134976	0.00257747038451272	0.0023431451232466	0.00197652557064813	0.00236192355213717
72119	30-34	2	0.00283061565118506	0.00292844444103239	0.0038907102237599	0.00361925692234938	0.00246318280558681	0.00215091626976471	0.00254558279119039	0.00253042440561645	0.00193326643695875
72119	35-39	2	0.00314187776752874	0.00372015973056848	0.00475528583985777	0.00424175201685521	0.00303441346797805	0.0026203092356263	0.00248679065151753	0.0022139208997853	0.00443689980163985
72119	40-44	2	0.00393540884585277	0.00473585090915188	0.00636990484803352	0.00462238618560653	0.00408404315382159	0.00375891747512401	0.003558433002357	0.00265469869546398	0.0032296691615046
72119	45-49	2	0.00592673852140248	0.00611786184202545	0.00720510750489284	0.00739761915226346	0.00587243226998484	0.00527717065389473	0.00499805698990846	0.00446488758509554	0.00392340391434846
72119	50-54	2	0.00828260612533365	0.00856382321589058	0.00873477266358377	0.0117005104589524	0.00828962525070098	0.00613994602504518	0.00595292851438282	0.00656086268958951	0.0087067017334129
72119	55-59	2	0.011495572468213	0.0110221487086437	0.0119777416843011	0.0124964686404224	0.0105154619796112	0.0101029941756652	0.00922723507832628	0.00699669183397019	0.00973723871709309
72119	60-64	2	0.0216291624129571	0.0189494584910537	0.0160843179540075	0.0174957030053268	0.0147199348032335	0.0160245950212411	0.0129178912669366	0.0111667395363558	0.0130318956243321
72119	65-69	2	0.0272927881318956	0.0275781637942436	0.0271420141538654	0.025366229346674	0.0213080396245867	0.0208584423236644	0.0173459132072233	0.0174207360505157	0.0176516976167161
72119	70-74	2	0.0468322670935324	0.0461322510991348	0.038899267629282	0.0380171004257662	0.0307337498482611	0.0295457072485448	0.0288044706875103	0.0255374420553909	0.0246071072900228
72119	75-79	2	0.0489653731859483	0.0552631162982788	0.0604250996530706	0.0588588506124214	0.0527397373889812	0.0421906704439755	0.0413594996337937	0.0379754634540792	0.0375747971760612
72119	80-84	2	0.103135177386758	0.0759402214781263	0.0990605943341768	0.106069028697342	0.0858443126145917	0.0705306324603375	0.0677206243656479	0.0554517823890865	0.0536179156452451
72119	85+	2	0.185367634465613	0.184536312996813	0.150395508940095	0.148978244157256	0.15602582178502	0.158123596161339	0.139951269478722	0.141290128376123	0.116163886178982
72121	0-4	2	0.00395943217623868	0.0037005664072032	0.00371272290308182	0.00309895842964471	0.00304272593007124	0.00274749686526208	0.00268232004339607	0.0021563825997531	0.00219756757302201
72121	5-9	2	0.000215016685048196	0.000230547515470605	0.00026234104005116	0.000255952470894756	0.000189817911369163	0.000188594957934945	0.000164998871956657	0.00015106032660695	0.000157431892719895
72121	10-14	2	0.000285754712813739	0.000266344417190636	0.000276761349441919	0.00028417346629675	0.000242023751705098	0.000218718682687895	0.000200627409212909	0.000184030143240037	0.000191830140110042
72121	15-19	2	0.000882227082773403	0.000918669986113842	0.00105103045538716	0.000920345562793081	0.00074382821992277	0.000803692379813977	0.000779186486804984	0.000621006936515437	0.000624095009745845
72121	20-24	2	0.00154299412118665	0.00177639773782268	0.00161802024513971	0.00162010292611873	0.00141074881035429	0.00138297967934176	0.00151002041882596	0.00108501628369059	0.0011812654823672
72121	25-29	2	0.00194153157930585	0.0019683527015811	0.00251483605492621	0.00201619587659253	0.00170758573266303	0.00166252971565089	0.0016168627345469	0.00153063227847862	0.00150942788272466
72121	30-34	2	0.00234991906870398	0.00284043154438379	0.00246135315943839	0.00257836180765155	0.00205488696443835	0.00199802062282587	0.00176102647039748	0.0016089341440094	0.00216654668247723
72121	35-39	2	0.00257310902779248	0.00337670322687221	0.00372615864156902	0.00349835340530968	0.00265824398640716	0.00234788864137851	0.00220015206847315	0.00220156407776424	0.00259178007805624
72121	40-44	2	0.0033053705436704	0.00484740648385754	0.00454792432738431	0.0042606229465256	0.0034140154310425	0.00264018710504272	0.00326722944834782	0.00269934361205661	0.00324916836239609
72121	45-49	2	0.00580755158488369	0.00544323061529794	0.00581890185672173	0.00635742326322014	0.00551135324151367	0.00459247271502094	0.0043282699020251	0.004066254209063	0.00389762927719754
72121	50-54	2	0.00656466419499596	0.00779823419033044	0.00740886993339583	0.00829143918724109	0.00675340922253175	0.00665628436995139	0.00652913358582873	0.00598112007973462	0.00646888801976878
72121	55-59	2	0.0117384478786256	0.0103676904353019	0.0123301757629498	0.0119452687719854	0.0102853845209008	0.0113106871319219	0.00878996212486473	0.0108004053453248	0.00839806729362835
72121	60-64	2	0.0218609319430384	0.0181245716174802	0.0170528504658632	0.0171949743480045	0.0149480811324674	0.0161275259396587	0.0141159411255524	0.0115958660127222	0.0142817471437158
72121	65-69	2	0.0262542655226719	0.0241496926353962	0.0278334151702515	0.0205607062510659	0.0220422611586426	0.0247606022624564	0.0184768241979837	0.0186605186598268	0.0190885814197156
72121	70-74	2	0.0419884023402406	0.0438062726693688	0.0389869087229576	0.046860725444844	0.0325827316113437	0.0347015408416859	0.0275155665865481	0.0238332889710074	0.0201984421280709
72121	75-79	2	0.0592285286276975	0.0552154722202475	0.0635526206006647	0.0608827619099196	0.0466423455757459	0.044383260296857	0.0435315893924804	0.0403678247873469	0.0386975244050596
72121	80-84	2	0.0995220449119056	0.0896922038585219	0.0916160817046366	0.0959490785750689	0.0852684973872638	0.0730629575678921	0.0773050136430597	0.0671587718659217	0.064211125816053
72121	85+	2	0.177564869387527	0.178326399864487	0.16437712766662	0.174225233879854	0.160622962093467	0.149860541599944	0.144585617820281	0.139747615649752	0.132189798970112
72123	0-4	2	0.00462832551507345	0.0044970567836273	0.00467304772975212	0.00407265029989323	0.00269942960991756	0.00292442514826279	0.00254453028594794	0.00229497579562195	0.00233780115477704
72123	5-9	2	0.00024620266948278	0.000232190231895443	0.000262840238086162	0.000234718021878723	0.00019991468944466	0.000190667194874726	0.000175251487045485	0.000160790246202723	0.000168340372022261
72123	10-14	2	0.000309176600836786	0.00027795161106986	0.000287954203196673	0.000283315230400635	0.000301536615339238	0.00023017524445848	0.00022178258413201	0.000195233429276659	0.000214234938723846
72123	15-19	2	0.000890900789090057	0.00105074218967408	0.00116259648009114	0.00103754241784557	0.000816182242418162	0.00095821999313754	0.000809358324602356	0.000590547685865316	0.00077117302686303
72123	20-24	2	0.00195908903694941	0.00210481908088306	0.00206893855546627	0.00188497356598426	0.00166035051618512	0.00181524864932692	0.00163700563168068	0.00153260420683789	0.00125794393443584
72123	25-29	2	0.00247546717125018	0.00273530934540586	0.0026788152840018	0.00257195474865637	0.00214839174795485	0.00218754974983125	0.00253515734146971	0.00214476036448151	0.00166881746603395
72123	30-34	2	0.00267091909603392	0.00384560392368141	0.00358660750359046	0.00296742313073585	0.00264454388712013	0.00239991599425542	0.00198954043528134	0.00218015936169712	0.00243446236885693
72123	35-39	2	0.00369582413878194	0.00516479643956872	0.0047301568574458	0.0042101458445757	0.00406665307111208	0.00326383895248786	0.0025609158122681	0.00271699795769432	0.00271637064713213
72123	40-44	2	0.00444251258690868	0.00529561762170233	0.00613925310556102	0.00646514951514414	0.00421678706268441	0.00347337829863468	0.00354529195650522	0.00288076563609413	0.00332556640151989
72123	45-49	2	0.00617378704497978	0.00676717698713939	0.00681992071599723	0.00757284728837147	0.0052918423241981	0.00548751025367399	0.00442604748383747	0.00384663795313455	0.00439972152321691
72123	50-54	2	0.00839158883313661	0.00975002451563203	0.00891957406408208	0.00818288868910873	0.00834110266717546	0.00861797588171005	0.00517491800672077	0.00567363226454791	0.00711551263199707
72123	55-59	2	0.0158549598135198	0.0141630023126363	0.0137517954041321	0.0153770993709761	0.0116961087871939	0.011314047474514	0.0105055667415332	0.00803390084204584	0.00898994822871747
72123	60-64	2	0.0209728010728639	0.0239177905452496	0.0237396165621613	0.0206141904349004	0.0167085119283034	0.0146480574207141	0.0120382356448521	0.0120269052298905	0.0106184867087966
72123	65-69	2	0.0266291541622442	0.033446743754749	0.0268203259625781	0.0284055439981681	0.024188993383692	0.0225538921098342	0.0207415659508732	0.0172742690252403	0.0142684881455391
72123	70-74	2	0.049952308301538	0.0516260494504798	0.0400096890594226	0.0459036298086818	0.0325614565224178	0.0344231202212449	0.0270864978484362	0.0237640458068967	0.0237015245529615
72123	75-79	2	0.0632583021329236	0.0607955825141004	0.0539470583868752	0.0659647207222264	0.054004861094068	0.0447030242238925	0.0459655076472487	0.0397846716335198	0.0371242277807286
72123	80-84	2	0.123063530483331	0.0986883276235022	0.101166244949071	0.0988308573843834	0.0799654958531137	0.0832806775759553	0.0701598754009184	0.0546018496307282	0.064210208093205
72123	85+	2	0.19736781328427	0.180073396338877	0.161420970778984	0.166748642338878	0.158977098661375	0.142192966388868	0.154993984884968	0.116792876207871	0.116332649685513
72125	0-4	2	0.0039791074894651	0.00356105954786718	0.0032360309215732	0.00319086657772094	0.00287343508975536	0.0031830723769167	0.00250068498729025	0.00183832902697094	0.00205544646914956
72125	5-9	2	0.000254310229735894	0.000228115706772448	0.000227147865283541	0.000231973776673063	0.00018938125774379	0.000179942455774825	0.000158118996400484	0.000144736188793831	0.000158434285349539
72125	10-14	2	0.000255598275539465	0.000273007305317748	0.000310013633992752	0.000279488543027665	0.000239742358806644	0.000217932463294108	0.000191770435885577	0.000184537807568585	0.000192606766214571
72125	15-19	2	0.000818482450124414	0.000959640936244067	0.000932658363418783	0.000804025477241625	0.000685014824465326	0.000681775534942548	0.00059050393020374	0.000554321972038981	0.000612309053779957
72125	20-24	2	0.00145061366968648	0.00132998200662836	0.00174033619591895	0.00157275757771168	0.00127165164787196	0.00128750037788894	0.00109010819060795	0.00101662911668021	0.00106819477341839
72125	25-29	2	0.00184606480726916	0.00220591360927899	0.00198707030660303	0.00194058847045156	0.00185263689403889	0.00138361943919906	0.00139122827662887	0.00122500060317555	0.00142611999839002
72125	30-34	2	0.0025172125744893	0.00214757800060045	0.00260680437017047	0.00243755056048693	0.00176521076958834	0.00202164392990226	0.00201582574673866	0.00170012463398847	0.00189642910468706
72125	35-39	2	0.00329119514090913	0.00352148344553066	0.00363909372506186	0.00391052532898062	0.00289718494537148	0.00245355104496262	0.00201305169720576	0.00198816078004572	0.0020602477934755
72125	40-44	2	0.00333384081787108	0.00379677861646002	0.00528876522512357	0.00450255058100148	0.00308552631404147	0.00279674128036514	0.00270233705719998	0.00274540947782815	0.00292872906338395
72125	45-49	2	0.00493423949443654	0.00571767226241795	0.00550305305771772	0.00551610177483041	0.00504802296491839	0.00408526168467423	0.00395135553766061	0.00381338450051724	0.00390178594984463
72125	50-54	2	0.00812128596246716	0.00747269118885478	0.00787633358229072	0.0074289216287128	0.00649760878597836	0.00869355744360692	0.00604397796635103	0.00573630053360967	0.00740432961217204
72125	55-59	2	0.011416087838469	0.00893651224539063	0.0110873745642504	0.0107395567072983	0.00882302607777304	0.00906547165620677	0.00888817607273434	0.00833807098710474	0.00689166930633427
72125	60-64	2	0.0171851102888029	0.017369101891981	0.014775426232578	0.0166467170930688	0.0180285936480422	0.0144693983619745	0.0108505846002264	0.0117614701307885	0.0124486680058809
72125	65-69	2	0.0290261721425262	0.024613808494713	0.0220946143469984	0.0223757306505956	0.019079128539451	0.0208517382756595	0.0182910279888722	0.0184263567942386	0.0175320679391026
72125	70-74	2	0.0447431294650956	0.0362001036904575	0.0397438457051499	0.0348752271558259	0.0374003808145105	0.0301412641363658	0.0264022869876153	0.0211004086625907	0.0231496121696476
72125	75-79	2	0.0620235045030408	0.0641776163133673	0.0591615792350467	0.0442044312570302	0.0471983521695395	0.0347539644570285	0.0466264488344182	0.0390718285779643	0.043206643101113
72125	80-84	2	0.0787429661541425	0.0861093453238159	0.105069717378178	0.0913121628595632	0.074813194625917	0.0894950622944488	0.073059186310254	0.0644468102815504	0.0566420617317109
72125	85+	2	0.177156894829388	0.140439191286756	0.164661829061779	0.15804233980926	0.152151350634302	0.152755252648547	0.140159251027589	0.133454871932335	0.137140339897496
72127	0-4	2	0.00545409115485657	0.00410953399853037	0.00395487588920082	0.00332140739816902	0.00257673751570619	0.00267744909604099	0.00271207560083622	0.00217599744902721	0.00251709819329143
72127	5-9	2	0.000262459326932432	0.000253596791978733	0.000283036222757569	0.000248134256172371	0.000165231658739978	0.000165170561353726	0.000169347338665122	0.000181324097845189	0.000152078391509005
72127	10-14	2	0.000364154916431332	0.000383525269175606	0.000418203902666251	0.000353285407795776	0.000242709313115648	0.000218174545555084	0.000240857941201459	0.000184497759862436	0.000213791623181524
72127	15-19	2	0.00173381181733308	0.00146829225447862	0.00362775688250649	0.00289541608675276	0.00205858447055685	0.00120942476052219	0.00113168618004405	0.000953039374932528	0.00114394195465509
72127	20-24	2	0.00282965006087126	0.0032884530580553	0.00478545142357778	0.00419734092724101	0.00390249091875036	0.00325721954996115	0.00324720409318961	0.00283114879969802	0.00235993059426833
72127	25-29	2	0.00326262558034811	0.00421292298096374	0.00588538743946006	0.00442188749342596	0.00395359053866722	0.00395376561700841	0.00339952127769277	0.00277724623443952	0.00286264583941302
72127	30-34	2	0.00412642298368869	0.00646999632199675	0.00811135444101342	0.0063012276219117	0.00367638852114587	0.00378467177745889	0.00308326632785422	0.00326761792146761	0.00288929454187381
72127	35-39	2	0.00464352475358086	0.00728818666963967	0.0100698624159087	0.0069004833897653	0.00465123162465363	0.00385558342223616	0.00294826768367896	0.00335907277195296	0.00354925769495755
72127	40-44	2	0.00552219370070298	0.00744225311072601	0.00997650705058791	0.00825814629619501	0.005389495102609	0.00495560763293341	0.00394259983926372	0.00401588854809238	0.00495104913228401
72127	45-49	2	0.00706577484862536	0.00915271606702104	0.0103652015854453	0.00991917297390383	0.00696422257412705	0.00617556742696087	0.0052379715854104	0.00480300992497278	0.00550944219090044
72127	50-54	2	0.0096155658097413	0.0100001989978862	0.0120269404477921	0.0111092639414254	0.00954682068027328	0.0088481747355332	0.00724314155636241	0.00674105167526651	0.00646821004693125
72127	55-59	2	0.0139898596589441	0.0153253366501894	0.0135948483755848	0.0137033390472654	0.0120531371772328	0.0114836630650053	0.0109645952913023	0.0100410513115956	0.00960011647123651
72127	60-64	2	0.0213543387639847	0.0215890220779766	0.0204955507187739	0.0191115255563507	0.0159485975517585	0.0154937155673191	0.0139509351741692	0.013818914025024	0.0132704993704297
72127	65-69	2	0.0288566283588742	0.0283559170660456	0.0267300063704694	0.0256186091028436	0.0218149094969704	0.020485235931663	0.0190603296301198	0.01706883395793	0.0179432974276394
72127	70-74	2	0.0443093707341552	0.0438299296668289	0.0412866458190788	0.0407605534234152	0.0326183786851393	0.0284811270308521	0.0257510929346475	0.0237478807842664	0.0258573210075081
72127	75-79	2	0.0596516270213398	0.0595715172310785	0.057094680502279	0.0568606980328209	0.0491198608426484	0.0439222409704583	0.0399831625898225	0.0370809939532656	0.0408855550910184
72127	80-84	2	0.100803030758529	0.0933943657761534	0.0918003879809367	0.0909291386573816	0.075724308712139	0.0734004927836114	0.0670981705479997	0.060618066161376	0.0586453746599461
72127	85+	2	0.171553434984352	0.17393043589735	0.162008234694129	0.163199425883417	0.145811700469191	0.137718155095981	0.135733838170045	0.126029782927291	0.126507102892025
72129	0-4	2	0.00352514752032829	0.00311572438659022	0.00300024159303562	0.00302630072251567	0.00267591856501703	0.0026941281961863	0.00235169324591549	0.00208245060963917	0.00202311852137436
72129	5-9	2	0.000235208153919318	0.000241081488145045	0.000229231490781039	0.000224080739840257	0.000183486842203515	0.000182281544408752	0.00016748398859563	0.000147410258789161	0.000154214057085492
72129	10-14	2	0.000256425735353293	0.000287519567538752	0.000263304434943309	0.000292678369306806	0.000230672654000706	0.0002288057708673	0.000211634165657487	0.000186911994017742	0.000186435838143758
72129	15-19	2	0.00119059542477926	0.00100565067442835	0.00104306304413994	0.000849081190525428	0.000831821043008237	0.000804590650204839	0.00076112068001794	0.000734026431413467	0.000634834791412403
72129	20-24	2	0.00158709134420972	0.00164246978410588	0.00176492528860539	0.00213966768668036	0.00170630894131594	0.00158274578274747	0.00142408948352551	0.00172758620647489	0.00127622118010302
72129	25-29	2	0.0022517063364294	0.00244856941773919	0.00268819130605567	0.00224765006840688	0.00214091593666526	0.00189593520718601	0.00234458675564757	0.00198763710692818	0.00163344503993826
72129	30-34	2	0.00239931392559443	0.00350956524729244	0.00343086975149949	0.00259384764378925	0.00234179164036814	0.00224564210612704	0.0024614053773114	0.00203348780240521	0.00226491239121681
72129	35-39	2	0.00350067300356611	0.00423640136657933	0.00420599587411935	0.00394655008533414	0.00286982580762265	0.00223103884958131	0.0021098067125292	0.00262017167021457	0.00302333065101448
72129	40-44	2	0.00459303561907859	0.00581093116638618	0.0053145568054192	0.0046462718653747	0.00381595439761515	0.00330879272146268	0.00272447339022115	0.00283645130186115	0.00350638275883336
72129	45-49	2	0.00566890086891719	0.0064323681673929	0.0074842289102549	0.00611303033285677	0.00575605202313622	0.00547896713152353	0.00442708223367312	0.00410491649951391	0.00460469465892487
72129	50-54	2	0.00858591057069073	0.00849491399661031	0.00906138897807573	0.00830111191084544	0.00836810219828359	0.00792221136341571	0.00513053817772265	0.00638485275014646	0.00590703377143548
72129	55-59	2	0.0135187367503289	0.0149681702742461	0.0134083700357572	0.0140566994660501	0.011016804547922	0.0112031707604808	0.00867135129521829	0.00786502148239907	0.00828884466901681
72129	60-64	2	0.0170517108899974	0.0174387969332978	0.0195086215160836	0.0206122718627553	0.018279328841466	0.0156105442522552	0.0136618780582939	0.0109926013095226	0.0116267370111975
72129	65-69	2	0.0287366313652671	0.026103729290978	0.030799484885446	0.0262831584024564	0.0230416957365005	0.0191761442720078	0.0178998148743918	0.0193112457551674	0.0164797808551497
72129	70-74	2	0.0346995154881293	0.0436030301133867	0.0390950472286234	0.040804726801915	0.0330300581341563	0.0285668490552707	0.0248080980435006	0.0229020651701685	0.0278790019272601
72129	75-79	2	0.0551980611970322	0.057766901914737	0.0633323569020448	0.0470198983066068	0.0529355724200711	0.048221213254098	0.0451083566651637	0.0373418949745931	0.0369067498702361
72129	80-84	2	0.0734685855965314	0.0856113381516067	0.0833062501421645	0.0829207595604925	0.0716708168757303	0.0681291869618321	0.0611118507704385	0.047751986531989	0.0479918993061761
72129	85+	2	0.147437285608524	0.171349576637986	0.157932727020067	0.162140089707639	0.150770243825519	0.147057409006645	0.124190295628527	0.137254747156987	0.118352381685369
72131	0-4	2	0.00324239195041163	0.00351325540865485	0.00337986371915282	0.00302619713500725	0.00269526002273363	0.00235680653898049	0.00241757692317014	0.00181470974469585	0.00204085300071858
72131	5-9	2	0.000216445403675673	0.000232503756353537	0.00025161627461116	0.00021637585571944	0.00019366897184146	0.000176159653940664	0.000155197897531478	0.000142486806739683	0.000156309696438236
72131	10-14	2	0.000258929990660083	0.000276298259003945	0.000262991106474718	0.000293965207248771	0.0002132222282343	0.000251656525532919	0.000213978500317852	0.000180412319152187	0.000180096875656086
72131	15-19	2	0.00087670628840922	0.000863324496773733	0.000948361914971644	0.00103381742215895	0.000732191116012457	0.000659805578562676	0.000642547679610151	0.000600216009637943	0.000561735116838613
72131	20-24	2	0.00153576820678776	0.00171733404852544	0.00147610374052404	0.00152533665838989	0.00154971243253846	0.00121385376556874	0.0011987319067042	0.00115064107760805	0.00131213915642222
72131	25-29	2	0.00181907014906517	0.00250355421998381	0.00216703764648492	0.00206095795298195	0.00178460120081749	0.00172355824193025	0.00138245421523873	0.00133178268604319	0.00137558151120497
72131	30-34	2	0.00200557307848968	0.00252082388080298	0.00242508605715556	0.00226538650422297	0.00234620603527287	0.00173700300412386	0.00208585070101587	0.00169851990280638	0.00176497878289908
72131	35-39	2	0.00298504130469764	0.00397542601501104	0.00322512279079138	0.00327062941199582	0.00242212446549172	0.00208296794302653	0.00197916354125117	0.00231773528579274	0.00274116781209621
72131	40-44	2	0.00334475245200189	0.0047991335143059	0.00464106066465946	0.00441358943867618	0.00350453581064332	0.00326992665700625	0.00331114990492603	0.0025320871238055	0.00300582821590438
72131	45-49	2	0.00555485895057434	0.00479697782325566	0.00577360668658783	0.00530053260459076	0.00416239110564931	0.00465836182579951	0.00431383300747695	0.00380985090235138	0.0042080480973372
72131	50-54	2	0.0066401652874378	0.00811219379332611	0.00814646583767578	0.0075210865390835	0.00579408797322236	0.00627082723823042	0.00583161488544697	0.00543319614561058	0.00504342440292487
72131	55-59	2	0.0114124328764484	0.0110517907860156	0.0110929307122372	0.0110513034585136	0.0101470367905324	0.010296340448959	0.00815934812097339	0.00818401068770523	0.00670371416222909
72131	60-64	2	0.0168481813480682	0.0161448305724672	0.0161987392461519	0.0151947200730007	0.0135947960097627	0.013696812195929	0.0121310674236126	0.00992524308889639	0.0125845017877141
72131	65-69	2	0.0250515334674053	0.0230012853945007	0.0248839894377201	0.0225122784654527	0.0183491065115912	0.0206203603620146	0.0187003500453527	0.0147978248554934	0.0147489640033983
72131	70-74	2	0.0413939615460962	0.0411002999138465	0.035929403039194	0.0368304853897298	0.0336743939953132	0.0267944216124441	0.0277016086925144	0.0213197397297379	0.0219486630920024
72131	75-79	2	0.0600532005640752	0.0597638548371981	0.0620348110201595	0.050083466124028	0.0538425899794617	0.0465500438113696	0.0445698030209442	0.0390684210184658	0.0411726398117442
72131	80-84	2	0.0866544150544831	0.101398772052054	0.0901461016805998	0.111741537320843	0.085135072054022	0.0689456540495262	0.0704206082549887	0.0581743941886007	0.0654454427191458
72131	85+	2	0.197468387736652	0.170617870002951	0.174487089238198	0.160441172349286	0.158833797222699	0.162816176286836	0.135059769544072	0.140764128087568	0.131771528246148
72133	0-4	2	0.00467471002601423	0.00426672411966073	0.00462107219785559	0.00435993472451108	0.00331747800205505	0.00282154786721687	0.00266376855628789	0.00246345775016205	0.00254392439597798
72133	5-9	2	0.000254384761139154	0.000262490260515571	0.000299752008934016	0.000255253502066822	0.000249112481592571	0.000214753684258984	0.000188021907601181	0.000181011976464365	0.00018077977908556
72133	10-14	2	0.000367240695095613	0.000332103052646467	0.000317896419852372	0.000324876055432676	0.000277146948447315	0.000284222752051919	0.000260545893276443	0.000210149975219696	0.00022009641515956
72133	15-19	2	0.00104441293275491	0.00110474322418025	0.00114761465750516	0.00122371885739107	0.00120964712364034	0.000912064960992873	0.00090597002274054	0.000663293084839933	0.000839001944938461
72133	20-24	2	0.00209162764267624	0.00245501066814005	0.00221666682610137	0.00243846051490254	0.00252314202020348	0.00212693146801214	0.00211407364466838	0.00153400610650179	0.00140797795837755
72133	25-29	2	0.00240077125180182	0.00281206578498998	0.00363464475968866	0.00321712476197694	0.00253911615807815	0.00248585970585832	0.00260829023731687	0.00215065718656877	0.00250618043346627
72133	30-34	2	0.0026073820032084	0.00347787731672956	0.00449029826131175	0.00282099771535247	0.00295658491913535	0.00283836333153658	0.00245942397682057	0.00218114773901312	0.00272534123959298
72133	35-39	2	0.00324781396743072	0.00353301213889883	0.00648186659622104	0.00430828772621757	0.00367608400825986	0.00247839761752483	0.00267937380621518	0.00210478482814714	0.00285623820358647
72133	40-44	2	0.00451488152787998	0.00472210319224366	0.00495753725585778	0.00726451708782842	0.00451691086373447	0.00371065209872756	0.00324307199357419	0.00314055602411971	0.00376299907548418
72133	45-49	2	0.00596555485123197	0.00748707168827104	0.00824781676419236	0.00639747868335651	0.00604192710889666	0.00552497084289971	0.00553873048645657	0.00452992372519995	0.00477552344211502
72133	50-54	2	0.00878399785974679	0.00974624034082198	0.0094067231186824	0.0100606577431267	0.00915820463357351	0.00844839354610217	0.00607567984342605	0.00566547758437645	0.00511257780169234
72133	55-59	2	0.0116092966213172	0.0137872379316969	0.0133168063037548	0.0117469519656827	0.0121772625229752	0.0116911371141897	0.0110876771826756	0.00924937205965336	0.00972779943532003
72133	60-64	2	0.0203569199575422	0.0207596566769377	0.0228033408378582	0.0168902528060351	0.0202971742198754	0.017476130850588	0.0122531231079321	0.0139599694676032	0.014417796147104
72133	65-69	2	0.0366666608772477	0.0298100805662514	0.030507984870339	0.0272148478294706	0.0262292785531014	0.0199090703379496	0.0164817802660615	0.0237568530333032	0.0223296779634351
72133	70-74	2	0.0493439216994714	0.0397008972592132	0.049103767007522	0.0430695926497591	0.0387847196166642	0.0362605562604179	0.0316720206485628	0.0290651691755183	0.0255361502736512
72133	75-79	2	0.0792735712777161	0.0643333234463207	0.0693415164274919	0.0645961702212304	0.0642076474088153	0.0526839299033691	0.040063923966362	0.0483030428614153	0.0462185483472681
72133	80-84	2	0.109027263797199	0.111370205843339	0.0936124166794273	0.138514252847864	0.0998135084309012	0.105772574234152	0.0724087504211408	0.067326442178233	0.0761449698950699
72133	85+	2	0.165554108318378	0.2185347413164	0.191174407421467	0.174152017973742	0.172483317605675	0.1630685822516	0.203585232541131	0.139484658561897	0.14643431443827
72135	0-4	2	0.00379318347766888	0.0028508685426428	0.0027801559155612	0.00237652713621007	0.00214351222215588	0.00207495325114649	0.00189161082223747	0.00184408525566982	0.00174738437510164
72135	5-9	2	0.000198494204511522	0.000192150054515169	0.000214206932518754	0.000181640071115894	0.000175486055658354	0.000159461481702507	0.000136051993672654	0.000126528036245006	0.000133106354078249
72135	10-14	2	0.000261867731506664	0.000251730049257352	0.00022662126730258	0.000237687068253929	0.000210789690982913	0.00019026545950409	0.000176090085606804	0.000151820722861737	0.000159705451087118
72135	15-19	2	0.000777612869249091	0.000834983809274051	0.00103861912076353	0.000993541150813308	0.000692025642212614	0.000849213352177736	0.00066244224134949	0.000521527986399794	0.000602545700473352
72135	20-24	2	0.0016420184752744	0.00156348553589266	0.00218324368388174	0.00188098398310334	0.00141333945441811	0.00174572247194139	0.00173740240046976	0.00116254534353379	0.00109961619065544
72135	25-29	2	0.00154374722244701	0.00141898689217911	0.00236050418494708	0.00197709816776059	0.00195039407256541	0.00187692885907501	0.00191559206733183	0.00180772846426217	0.00141172835050076
72135	30-34	2	0.00173402353030209	0.00233755670489979	0.00279182751812105	0.00275320322100813	0.00190199222601383	0.00191828739125909	0.00222017483849628	0.00171435670735345	0.00203764082616731
72135	35-39	2	0.00281344130923229	0.00297370017407592	0.00379547201374155	0.00328086139652666	0.00187565822462913	0.00201106076796683	0.00191432023101239	0.00187203744634177	0.00230385523237853
72135	40-44	2	0.00368835693399744	0.00411811290840264	0.00354798047199614	0.00371620328314396	0.00317806295616935	0.00292817277267264	0.00231600068599243	0.00270066799429499	0.00297733680876087
72135	45-49	2	0.0039168919768986	0.00470772690050669	0.00408695276626236	0.00563440251695415	0.00454066087781136	0.00309638163324297	0.00357319723325255	0.00284155269786723	0.00368239392833773
72135	50-54	2	0.00662996494794532	0.0076037821452501	0.00813923441929411	0.00794622123076576	0.00697365986147024	0.00544123684073053	0.00487578682941979	0.00493523802580324	0.00439286977745951
72135	55-59	2	0.0104892917486559	0.0137288248764728	0.0098813738142369	0.010944723943724	0.00859742106669052	0.00738042172525169	0.00709599255275993	0.00755143602498542	0.0068459984607622
72135	60-64	2	0.0177415405520404	0.0182441428515401	0.0163398401758392	0.0150181512247117	0.0133649821388428	0.0128516236445872	0.00912520399144611	0.009665675718426	0.00992064122030123
72135	65-69	2	0.0226087325695586	0.0224352137861475	0.0230975580945038	0.0231598361820017	0.0217806702558168	0.0163053836559945	0.0151814865698781	0.0126663275179818	0.0159127747286567
72135	70-74	2	0.0382495448746832	0.0427953725974766	0.0336807993756827	0.0390495971460458	0.0282294930726555	0.0235862542478635	0.0213284432544254	0.0214001554346439	0.0237675773603138
72135	75-79	2	0.0466106371194071	0.0576110084740064	0.0491952978734265	0.0501504622774519	0.049285311588939	0.0446524837829551	0.0427823101810572	0.03107554102929	0.0332262456057635
72135	80-84	2	0.0753661649267944	0.0768802749565082	0.0918738042977243	0.0906402225314667	0.0877005982736385	0.0666164671644606	0.0645855668847688	0.0585566912850756	0.0517689340182808
72135	85+	2	0.188880395300617	0.154740815177674	0.149751505361761	0.164235296344111	0.152657225161603	0.150832098877887	0.140096816694039	0.124718184765054	0.117505375585657
72137	0-4	2	0.00379498471863348	0.00312211678280868	0.00335356858644132	0.00270690780412156	0.00251935762242265	0.00262461049197192	0.00202625327396215	0.00197238131142929	0.00210893890489589
72137	5-9	2	0.000205405558441783	0.000236626484732803	0.000255377637373454	0.000224580871432826	0.000188889484005478	0.000182263608555205	0.000171794862744526	0.000147359824003939	0.000156160934415123
72137	10-14	2	0.000314453297841306	0.000329572527921774	0.000307480487402803	0.000330311939069835	0.000243208743786554	0.000224916610316881	0.000186473018126271	0.000184473529972592	0.000195479535849635
72137	15-19	2	0.00105318300629017	0.000892812296692223	0.00126426173698997	0.00165297161435324	0.00097474899502387	0.000968856766115666	0.000920211634880132	0.000609870026871548	0.00065323123371443
72137	20-24	2	0.00203219129872552	0.00225693598811845	0.00303976437417494	0.00315184036936338	0.00266325235862404	0.00221093695962086	0.00202281072843538	0.00178479552091054	0.00191328875025533
72137	25-29	2	0.00221692767852463	0.00316019217311223	0.00388256058025089	0.00295593439366458	0.00309230297666593	0.00244450358157014	0.00259876061148048	0.00222350294844398	0.00225574660389699
72137	30-34	2	0.00241132300037718	0.00324457316646028	0.00482555472397263	0.00352148704638234	0.0031375804643716	0.00257441705803285	0.00275177485317011	0.00231713692690723	0.00268976559773791
72137	35-39	2	0.00318030676092225	0.00394745036412243	0.00519662130701366	0.00497899423335477	0.00347693104938584	0.00282174901476422	0.00249158160263374	0.00232689007215765	0.00275252708371511
72137	40-44	2	0.00319148181264863	0.00445300556792644	0.00537279830692384	0.00579109343263947	0.00407080146285106	0.00360785369841596	0.00296811669959985	0.0030778690279185	0.00410326987738664
72137	45-49	2	0.00557512003124907	0.00585967340666068	0.0065191605895155	0.00579223660364705	0.00557296737018041	0.00515033969683457	0.00436433211273575	0.00418463704702521	0.00476911138629445
72137	50-54	2	0.00737321918620405	0.00931889439019816	0.00850986303302863	0.00863024530086353	0.00663100241135691	0.00811223402085258	0.00663454947453548	0.00622102470193887	0.00620185785623919
72137	55-59	2	0.0104564058008108	0.0112239208647345	0.010834366961231	0.0125718406192103	0.00997311828140694	0.00974611701105811	0.00943795538634442	0.00902808882579273	0.00914757734494048
72137	60-64	2	0.0193293704654789	0.0176946840305817	0.0152530145189399	0.0165802768926589	0.0152181002377472	0.0147139127161855	0.0132006257657243	0.0123236659327956	0.0131285907744505
72137	65-69	2	0.0251116765715342	0.0251535179367826	0.0269882533450846	0.023556068914899	0.0214349885001272	0.0194874085554821	0.0199918846966479	0.0194881877560997	0.0167244689024729
72137	70-74	2	0.0389206083988299	0.0410060153318712	0.0428156323282324	0.0350983594642777	0.0280861523510912	0.0292527123109727	0.0296873015579134	0.0232723274045471	0.0270921508107492
72137	75-79	2	0.0537648889727944	0.064984751853459	0.0569732043788224	0.0560769294398414	0.0489783059408839	0.0484913412062981	0.0409519254896071	0.0355544333478022	0.0377071172386708
72137	80-84	2	0.0898202800499557	0.0843125899218096	0.0931540406762434	0.0818244347109547	0.0840631370796011	0.0780304034853966	0.0655245858732889	0.0637469668572204	0.0624599248971737
72137	85+	2	0.171970340007509	0.170500311923965	0.1633264522785	0.164992186277233	0.151864867492536	0.145064543524316	0.136627948515175	0.119793260914813	0.121300626938485
72139	0-4	2	0.00293255651629999	0.00279427730227235	0.00273728177973978	0.0026659149257988	0.00208710500934056	0.00187595632656222	0.00180697259500251	0.00146266463969094	0.00191553979339569
72139	5-9	2	0.000203059128545597	0.000198642214015231	0.000222433059559003	0.000225081140966926	0.000171272748957278	0.00015700934834528	0.000139661401973148	0.000129523441219974	0.000149545840536679
72139	10-14	2	0.000255234009254491	0.000247876684777526	0.000265143117935681	0.00025882025469897	0.000197507027265927	0.000195870806181918	0.000182293000734362	0.000163358538199253	0.00017892022262403
72139	15-19	2	0.00104272404117563	0.00100032112933779	0.00110997135703796	0.00126468199783575	0.00104202302114117	0.000838310931398823	0.000759775801375817	0.000508767690637604	0.000503707781692554
72139	20-24	2	0.0017306708656397	0.00166390990877205	0.00221035532454454	0.00220354074632091	0.00192722915148082	0.00206236164739041	0.00134084975597366	0.00135227028086987	0.00140719243169841
72139	25-29	2	0.00190816877608146	0.00262686373142249	0.00297507477663675	0.00274265378610043	0.00207501372712781	0.00275022228531283	0.00180615671729601	0.00186939238801466	0.00188327492580288
72139	30-34	2	0.00227202700115528	0.00276927874666695	0.0030678396478385	0.00258419264300524	0.00172500478665665	0.00213914467577437	0.00198645424354764	0.00217278324707832	0.00220475499920937
72139	35-39	2	0.00273931639628748	0.00383710943439055	0.00466874693508087	0.00319532609574435	0.00292070831044548	0.00245834190551101	0.00290081442904207	0.00242957631323361	0.00216823655374997
72139	40-44	2	0.00383459197741624	0.0039621927987173	0.00500641080508427	0.00428842267882237	0.00393303210550167	0.0024793337320712	0.00239950859843708	0.00254573819170722	0.00231918477738591
72139	45-49	2	0.0043273119772329	0.00469374607069166	0.00542618794573761	0.00533978351593939	0.00498168339737321	0.00464505179954984	0.00317398450163059	0.00343655586688435	0.00420305772720746
72139	50-54	2	0.00838232680999644	0.00898649542330764	0.00746816410656617	0.0078776689955652	0.00711228395986529	0.00565621093061386	0.0047997579972551	0.00440979754629133	0.00533313879944534
72139	55-59	2	0.00991187909228061	0.00956625788439503	0.00974025066550376	0.00930845548001936	0.00878618942718101	0.00852847257118285	0.00790939459501676	0.00616657657508666	0.00853003216188543
72139	60-64	2	0.0141372919180404	0.0172381780329504	0.0162094590795728	0.0155893244320599	0.0133670431777594	0.0121411072395613	0.0126653806772143	0.00987172098643477	0.00967826637016418
72139	65-69	2	0.0276017760026922	0.0251090423104523	0.0235615167092162	0.0252295689864662	0.0175252144671936	0.0189634658413006	0.0155018778829576	0.0141307577151036	0.0163084088281821
72139	70-74	2	0.0400989047177943	0.0343906057755485	0.0338122816591374	0.0354169236356044	0.0284913569241161	0.0278280886874429	0.0244753255015127	0.0221703561215748	0.0227236943515537
72139	75-79	2	0.042446912395389	0.0507310079812513	0.0497275367652795	0.0475106035210638	0.0519818879819418	0.0446224637482235	0.0395151480859961	0.0300858579897715	0.0320564244212877
72139	80-84	2	0.0791538334082836	0.0839544081685662	0.0765573340142014	0.101532240773827	0.0737950249209292	0.0670287914993667	0.0614001917435981	0.0564317106178867	0.0548288485572601
72139	85+	2	0.155615663553248	0.164494115855183	0.136202626366844	0.150437528617105	0.143869726025741	0.128030988264506	0.128990651180735	0.13081029568152	0.123033429564838
72141	0-4	2	0.00386941757262215	0.00312866467118821	0.00275852939865363	0.0026029076949192	0.00220749826170452	0.00209887750074271	0.00226910936010863	0.00208138962281296	0.00184419315614251
72141	5-9	2	0.00020395868830876	0.000200514038786105	0.000208419433689094	0.000204302709677714	0.000183088462013445	0.000182919353927204	0.000153909169445548	0.000141010999459889	0.000147034342368233
72141	10-14	2	0.000253847973151674	0.000250956134977647	0.000261374818209259	0.00024563138591177	0.000230626202365688	0.000202128038669501	0.000194837889483408	0.000171627641000465	0.000178944390320946
72141	15-19	2	0.000870730040325664	0.000922375976630759	0.000724150210781387	0.000857422268536531	0.000737255226927369	0.000738929483933366	0.000600063892240431	0.000617836869440082	0.000552755614963652
72141	20-24	2	0.00168872950876603	0.00176234689373716	0.00191496707681447	0.0015702995145989	0.00142688355044858	0.00125217179965163	0.00113182912746242	0.00114303526380573	0.000996614458055486
72141	25-29	2	0.00248693319053872	0.00216434768657069	0.00227416913460022	0.00186087800102436	0.00166172917542752	0.00200803057373352	0.0014857921474876	0.00148361984908279	0.00156113448247186
72141	30-34	2	0.00219223168458662	0.00232354309958339	0.00230549825099112	0.00243690641646201	0.00184838818463295	0.00249558429098448	0.00174161955357648	0.0016831503073976	0.00183690011141019
72141	35-39	2	0.00315383660446455	0.00312196262522986	0.00356535231769559	0.00340388608141969	0.00235262916668901	0.00278167170387419	0.00240423867999736	0.00196065613296023	0.00238142732735606
72141	40-44	2	0.00347743727400062	0.00326885916869486	0.00406499387414324	0.00400395852836604	0.0027634572213863	0.00295639603109049	0.00268062724886504	0.00286326160115486	0.00379536202775605
72141	45-49	2	0.00479238975485646	0.00704497364482682	0.00550448861758643	0.00464814438879233	0.00417978914969365	0.00480950417499064	0.00411705096994549	0.00358195218109648	0.00322413200521126
72141	50-54	2	0.00777078516031336	0.00721852924529999	0.00737423319773895	0.00607030396654578	0.00607229084228385	0.00578207423393057	0.00559265778971717	0.00515409993139142	0.00514212137135215
72141	55-59	2	0.0110660099403609	0.0123625767054869	0.0112687628465916	0.0135108686775249	0.0103130681385441	0.00978006161124535	0.00896097779903413	0.00742394329292945	0.00816989821096748
72141	60-64	2	0.0149934613213258	0.0160587570694823	0.0159254172290461	0.0197830496448876	0.0140321601572192	0.0135963157070774	0.0110962878417292	0.0114287971880424	0.0122620502186184
72141	65-69	2	0.0239796190145476	0.0200711778545087	0.026840389187017	0.0248820091179903	0.0241869852041055	0.018799132437786	0.0199183174610324	0.0162878523890532	0.0139387983892264
72141	70-74	2	0.0337945197938714	0.0386608944752412	0.0373718614694905	0.034846398443342	0.0329362093944334	0.0349381010530788	0.0287271209305666	0.0222829190369736	0.0229653374538428
72141	75-79	2	0.0568554892327307	0.0634361080162193	0.0507384291360005	0.058012622993735	0.0481851326285088	0.0428248400234679	0.0482371917833198	0.0334838029036914	0.0318009337134977
72141	80-84	2	0.0929383989060281	0.0913337900252081	0.0893569994210088	0.101108529269151	0.0861837768654253	0.0854581676811819	0.0763378288109015	0.058392907282388	0.0556923823418745
72141	85+	2	0.186692492325164	0.133735022391635	0.171681322753348	0.162630236418143	0.167219998551293	0.15321887068869	0.134177083624211	0.131990072387345	0.123900479755293
72143	0-4	2	0.00339006932623776	0.00318158301096663	0.00352692966151357	0.0030474476143519	0.00293485096047498	0.00222641957004326	0.00220841681618066	0.00201549076081782	0.00201788619888405
72143	5-9	2	0.000234367763623162	0.000272830542904568	0.000227567089371181	0.000232104675643653	0.000189258900211346	0.000179644002104051	0.000157628646810642	0.00014487122920428	0.000151954273472058
72143	10-14	2	0.000281125242587112	0.000274397806408391	0.000296259952774403	0.000278292705691415	0.000218481906839828	0.000226652264840186	0.000199738742934957	0.000184065950329312	0.000184325986364122
72143	15-19	2	0.000874881817483979	0.000920650734043973	0.000980576037373124	0.00146105116984151	0.000822653409497828	0.000815282669664489	0.00062952813504645	0.000590152566952228	0.000676701258262419
72143	20-24	2	0.00167023248256683	0.00207829668657209	0.00198001740052498	0.00240542503639404	0.00162921150089438	0.00199670419922914	0.00160302836005742	0.00117741896638331	0.00130527562650596
72143	25-29	2	0.00232788720076517	0.00235526151863482	0.00236046411402185	0.00244480399126719	0.00192515551036084	0.00205478654508291	0.00150870129479065	0.00156918554397916	0.00134414834768057
72143	30-34	2	0.00207225950431287	0.00365939152615736	0.0041019851304301	0.00298225485163128	0.00237303640057159	0.00240524215083503	0.00244433018727044	0.00179236634577731	0.00246129712639793
72143	35-39	2	0.00306490320823754	0.0042266927352499	0.00475747068683249	0.00350280784587557	0.00346541194732777	0.00310756891524397	0.00228680491480391	0.00217594144071897	0.00249699365938541
72143	40-44	2	0.00398122976924014	0.00405250294867415	0.00456772765205121	0.00497153703126613	0.00361618454315397	0.00373189178917486	0.00304982544701915	0.0029679970791747	0.00337688749296205
72143	45-49	2	0.00623825056513764	0.00476594385882395	0.00610102002336099	0.00580690242952942	0.00479743719311358	0.00626715074192449	0.00446247290384667	0.00317172023384498	0.00501431515797948
72143	50-54	2	0.00931083637263352	0.00767401753459867	0.0102698172907066	0.00703199023079862	0.00729369905003832	0.00627848073412979	0.00497437638228059	0.00493004509808514	0.0060800865575694
72143	55-59	2	0.0117117915964214	0.0128741981628725	0.0130084076289119	0.00972811517476851	0.00961373168398404	0.0104865054039294	0.00939581021448875	0.00619596308986956	0.00739117815600422
72143	60-64	2	0.0185130433421987	0.0168420189795476	0.0170703069977131	0.0142487541073371	0.0148610657574812	0.0137982517958278	0.0114846774229015	0.00976528254578758	0.0104797861108308
72143	65-69	2	0.024206002867334	0.0246346756098579	0.023682884842344	0.0261679442110571	0.0242843821641753	0.0234329033703264	0.0167205361704343	0.0158210767015982	0.0127033243023523
72143	70-74	2	0.0351185177960133	0.0340553045819505	0.0404217109212382	0.0367200194397758	0.0365023185050112	0.027960744929232	0.0260944353532507	0.0231537504629461	0.0231919973564671
72143	75-79	2	0.0437835562613401	0.0561406381490833	0.0619627645292045	0.0580595242402597	0.0454242425376341	0.0400261744767712	0.0409149319465347	0.0378657390560037	0.0327688914898325
72143	80-84	2	0.0930118748818807	0.0866250293038193	0.0909840384849618	0.104693489958417	0.0733019058928359	0.0790389096827898	0.0666859498512742	0.0548626949015009	0.0487341997727221
72143	85+	2	0.207379671834915	0.161720892050325	0.163133796544703	0.17956854478676	0.147055518087868	0.145643295697217	0.144261393037635	0.13359563707268	0.10733699747384
72145	0-4	2	0.00340782252212174	0.00331638170547014	0.00402671391448256	0.00306267897685907	0.00251733037962024	0.0026416796753196	0.00207291941057116	0.00217297736238	0.00203154514249356
72145	5-9	2	0.000227310404252965	0.000242393983388876	0.000230938975738532	0.000244954976860527	0.000211168530137145	0.000178204187647282	0.00017274665155292	0.000153259918759236	0.000160952213064026
72145	10-14	2	0.000293165442036709	0.000310025660956565	0.000308360378441681	0.00030442081244554	0.000243434972134589	0.000232588009381973	0.000216158167486193	0.000183924156918517	0.00019378307003135
72145	15-19	2	0.000995465872249771	0.000969735461921836	0.00107991258726638	0.00117121465563107	0.000900021180064564	0.000739601096208516	0.000701785848254493	0.000630960591688045	0.000622437459573822
72145	20-24	2	0.00193810398212992	0.0019875237340056	0.00217363712820677	0.00258065190113494	0.00217470670000862	0.00196189337052147	0.00179165683569957	0.00138747838352457	0.00153879522130248
72145	25-29	2	0.00282053270910882	0.00228862771934714	0.00328610778741961	0.00271509952853047	0.00258320455163341	0.00282726243103521	0.00220270385444926	0.00165286034932994	0.00267993050245372
72145	30-34	2	0.00252516350884115	0.00291145027974147	0.004839137762281	0.00355950815841028	0.0030442896038482	0.00312732223178691	0.00237009742990122	0.00238570338349379	0.00298876188974381
72145	35-39	2	0.00381429397784484	0.00415369454848878	0.00487362440747744	0.00478921886223753	0.00340408587889747	0.00309008596025295	0.00296102912616325	0.00210176490321375	0.00324054421448695
72145	40-44	2	0.00457498606775012	0.00623323252598747	0.00535657775711909	0.00468947510693876	0.00532465335730089	0.0034715638694025	0.00290345128191373	0.00349884562928684	0.00521902113320238
72145	45-49	2	0.00657375647734168	0.00722619027077911	0.005829802303517	0.00833762028123809	0.00583119506877909	0.00608468569268412	0.00613972871293398	0.00453302320022204	0.00557968860844175
72145	50-54	2	0.00869342301549597	0.00818093141648118	0.0106883706569453	0.00950260562746278	0.00729328949364222	0.00850647266212844	0.00621454766706059	0.00579612284475518	0.00563708642758189
72145	55-59	2	0.0118498855014698	0.0130458882711942	0.0127259855803532	0.0129610833326422	0.0103824086284184	0.00998145299202489	0.00804143848151273	0.00776203673080699	0.00960633969887212
72145	60-64	2	0.0181262768255751	0.0206970488939083	0.0195607839646931	0.0182193865774581	0.0173848199785984	0.0136026965194758	0.0118930257981973	0.0119524136956293	0.0113694045032875
72145	65-69	2	0.0238222568674553	0.0233851731279799	0.028109441380909	0.0250534579863641	0.0230500720916346	0.0214807922311395	0.0188480955156897	0.0171718250050573	0.0164038220873713
72145	70-74	2	0.040039761521724	0.0438008191945118	0.0440126606404616	0.0426949256933161	0.0340787174459111	0.0294979240416719	0.0279541111629617	0.0257094400150277	0.024535334087833
72145	75-79	2	0.0525907074139086	0.0521163229158931	0.0596170503435987	0.0596317580183981	0.0618297005513694	0.0450054551941897	0.0427574388533661	0.0392826340900089	0.0340287409535313
72145	80-84	2	0.085769779015707	0.0852671279968292	0.0916433829473075	0.109392141860424	0.0993647059612315	0.0841526623316137	0.0713054652609562	0.0663989692663757	0.0576344645576268
72145	85+	2	0.185501441902988	0.158977831731799	0.161879650680126	0.162818317561315	0.161496878309741	0.157537832175262	0.129221874838373	0.127139624551743	0.112212105718643
72147	0-4	2	0.00514755431374152	0.00486746540693228	0.00480543659466408	0.00380999885759187	0.00345221261437317	0.0034513687195316	0.00303062218700545	0.00270323079709127	0.00270239574895574
72147	5-9	2	0.000259937601265977	0.000279815420768603	0.000290434505514483	0.000283264694131752	0.000228247473882736	0.000215513487956465	0.000196798934594918	0.000179226895278867	0.000186491709916699
72147	10-14	2	0.000364061476887432	0.000341038245468518	0.000354094208993533	0.000345664875700889	0.000292269494541312	0.000276093229233147	0.000241098701879115	0.000219845595470946	0.00022848936923553
72147	15-19	2	0.00112510813883837	0.0011107452475519	0.00110613050345527	0.00113261889808703	0.00110547098936643	0.000916628102732895	0.000922669189032176	0.000746046267255489	0.000976954293403551
72147	20-24	2	0.00188121407805798	0.00197020949527565	0.00195010422602868	0.00202417102641787	0.00197022180059894	0.00177969424504217	0.00258707355126281	0.00168528835417932	0.00183983178388986
72147	25-29	2	0.0025548827243429	0.00266314911861966	0.00283874076564348	0.00304067578993995	0.0019801332641871	0.0025979322308623	0.00223599723821012	0.00191813897067522	0.00221729992388466
72147	30-34	2	0.00290714335792275	0.00357575067081096	0.00456675246573158	0.00446432857140408	0.00253224798566662	0.00262443383270077	0.00273219148750758	0.00243065082379791	0.00234333764802284
72147	35-39	2	0.00369073982919403	0.0043359188645727	0.00426532514888541	0.00522912445384258	0.00391338314646199	0.00356054155973931	0.00304589053657019	0.00265411111736785	0.00321431344143703
72147	40-44	2	0.00559132817031011	0.00446201689966993	0.00486706383512321	0.00580855306391985	0.0053730717443375	0.00473533470721847	0.00449865281491379	0.00394449274423892	0.00406253750076232
72147	45-49	2	0.00897473609101735	0.00669271175742702	0.00670547065997008	0.00645192089931769	0.00615281534313171	0.00537636531167941	0.00510216608743806	0.0057610743635155	0.00531786658092525
72147	50-54	2	0.00927689173801256	0.00874711601984937	0.0103493213642209	0.00920260397628991	0.00900276726783767	0.0082242359792827	0.00683373630145904	0.00681055067474278	0.00683248592668113
72147	55-59	2	0.0136849935928188	0.0159100048687266	0.0150370779132501	0.0148706874087655	0.0120778672290958	0.0117357417080799	0.00950358718126949	0.00983399896301669	0.011320948216855
72147	60-64	2	0.0208887262292767	0.0196679486134064	0.0228669708750516	0.0212734284475788	0.0180911293682793	0.0208071291285635	0.0131694602130652	0.0139015537093195	0.0137494981647842
72147	65-69	2	0.0289220342166564	0.029121847566504	0.0261883537437588	0.0389633602934938	0.0281522313259872	0.0178457336592399	0.0237632418327988	0.0231488170588661	0.0228612009687081
72147	70-74	2	0.048331385584846	0.0472145134198331	0.0407322033391357	0.048630317790621	0.0312242045557636	0.0315774601549516	0.028470136258958	0.0283563638241114	0.0253616841622056
72147	75-79	2	0.0646794461020689	0.0777453289773285	0.0593970862470702	0.0618776538412105	0.0643010588986492	0.0506968079252577	0.0425963482311931	0.031281141154061	0.0394409452171148
72147	80-84	2	0.106736300453398	0.113348140136093	0.101713541255	0.110556557008407	0.0884773447522123	0.0972561107057253	0.0697832309955418	0.0644678912386021	0.0664330157506918
72147	85+	2	0.221937862502328	0.221295140784874	0.205025409202135	0.174283091399245	0.177403563844564	0.194824418117694	0.142481451018405	0.135664937039289	0.105252457579499
72149	0-4	2	0.00433198120533013	0.0031915656149189	0.00341215830968842	0.00330421135449142	0.00251818956364429	0.00264086242979331	0.0022231780333932	0.00231872117807466	0.00207947401909691
72149	5-9	2	0.000268447559019114	0.00022018819215488	0.000217350229456835	0.000221436149659211	0.000189455739550443	0.000172789803221534	0.000159246328147727	0.000146082901612276	0.000152222919957791
72149	10-14	2	0.000261072194227009	0.000278578842561722	0.000326625368127193	0.000256189739894279	0.000239609837629068	0.000218665031839616	0.000201630813362439	0.000186481252090209	0.000203755732882569
72149	15-19	2	0.000874852612185347	0.00103222820786834	0.000845974879372876	0.000876094925737545	0.000886116645412664	0.000822504839005653	0.000644194731352973	0.000566465892576277	0.000659060369731745
72149	20-24	2	0.00145403599038605	0.00159390471790141	0.00164769230280791	0.00133414789647744	0.0015967063195011	0.00130152707296607	0.00119379104042806	0.00119490383168073	0.00122104287133735
72149	25-29	2	0.00175078124012918	0.00192634153010968	0.00191094837945362	0.00193047805470179	0.00159610504978057	0.00178701346604586	0.00169278330274767	0.00150058547297588	0.00156389673653938
72149	30-34	2	0.00228790374147927	0.00248258204706752	0.00287476703080789	0.0022939805976104	0.00210688754675798	0.00193879220851935	0.00191170814789115	0.00192780753994907	0.00193858991984474
72149	35-39	2	0.00294178026682549	0.0033740816789776	0.00298211500609223	0.00326117904796768	0.0026592102687379	0.00305154347728058	0.00233475450966361	0.00204137957759229	0.00250825709059215
72149	40-44	2	0.00336616171289932	0.00471373422267824	0.0043626705521779	0.00399625557072411	0.00368399265191663	0.00322386861605046	0.00271755558008695	0.00252057379277199	0.0034572420342
72149	45-49	2	0.00596055264013077	0.00620566311187824	0.0059802474036712	0.00399131447610676	0.00436987416200528	0.00511582416572325	0.00360547023166412	0.00297400574806986	0.00409468266243239
72149	50-54	2	0.0100171315755605	0.0090393165389277	0.00683508662906352	0.00737878869857745	0.00710922865955815	0.00602785951379812	0.00608427180221223	0.0057233977712126	0.00466635486341608
72149	55-59	2	0.0136641369391657	0.0127160095953034	0.010870891415552	0.00996000089664072	0.00874923792762242	0.00922227473527381	0.00706899209282816	0.00832759600483707	0.00787442097828538
72149	60-64	2	0.0146598400723016	0.0201682648734115	0.0166421343524256	0.0189576403959694	0.0134413564832295	0.0140923241491289	0.0130956339392207	0.0119079373599177	0.0141276002855463
72149	65-69	2	0.027045523553539	0.0249920020250524	0.0247262166148566	0.0237781771369448	0.020498065214297	0.0200068212163707	0.0205710986883616	0.016774377687197	0.0178394386821632
72149	70-74	2	0.0402235261829781	0.0435398284005634	0.0484825712161467	0.0412470634494365	0.0314375050065453	0.0288119284843888	0.0325882842607313	0.0240480798893957	0.027018292233462
72149	75-79	2	0.0559733565024108	0.05719740965236	0.0638966583499544	0.0490361606461549	0.0455547010254893	0.0454687000931716	0.0401048345063623	0.0428010978095455	0.0414318551579336
72149	80-84	2	0.0946097365657594	0.121885778442943	0.0974343761457228	0.11453110911305	0.0913072243843408	0.0820639394333695	0.0641937787101777	0.0609280810817399	0.0626601322558764
72149	85+	2	0.234254978605087	0.220113661182765	0.162001216491077	0.158544160746977	0.163872681126821	0.157136031917452	0.138065681507496	0.132246162277001	0.12341134871784
72151	0-4	2	0.00428921526421604	0.00322414489494497	0.00380801833111698	0.0034454581677898	0.00265373477013945	0.00249706255112152	0.00253165968369505	0.00187120395972249	0.00228628226103557
72151	5-9	2	0.000213677088052788	0.0002381706864097	0.000226544117166874	0.000222974035954829	0.000190645569878754	0.000173213945305626	0.000167394879819365	0.000147049878552988	0.000162116855747921
72151	10-14	2	0.000266979002981474	0.000305868862698061	0.000316452033571747	0.000290176555562254	0.000240083274573123	0.000218548124377104	0.000193796953260022	0.000179227238093702	0.000188227311920331
72151	15-19	2	0.000873259057727728	0.00103797396918276	0.000937069460529267	0.00123819485700723	0.000807779667252799	0.000939082110310786	0.000809682239421774	0.000585228923788795	0.000682627054886248
72151	20-24	2	0.00185262231906841	0.0018257372067753	0.00167451795432153	0.00191142916709176	0.00148638610884697	0.00169470926264269	0.0018812893376261	0.00150532655334906	0.00133799894132121
72151	25-29	2	0.00190039617094495	0.00210370242761882	0.00233242049976922	0.00201755277035469	0.0020995891087215	0.00240652398446231	0.00215006266329922	0.00180635400703515	0.00211557334928229
72151	30-34	2	0.00255481450980649	0.00235795649453483	0.00304209575409808	0.00274419228004885	0.00229438533047614	0.00231598411452094	0.00203459801594251	0.00230134974635723	0.0023375919768999
72151	35-39	2	0.00285166651965722	0.00367026901456101	0.00346356479890858	0.00388011406038779	0.00253813357996717	0.00300289168204316	0.00231415726558279	0.00250290358647373	0.00279877228357861
72151	40-44	2	0.00483628637085111	0.00434111076094807	0.00477539030795128	0.00502828267543229	0.00348655865602841	0.00319478964065111	0.00300214893770882	0.00304845373638861	0.00375459465897668
72151	45-49	2	0.00447592355935179	0.00514757607767105	0.00509015668972145	0.00580896522118469	0.00506988447649599	0.00415174328105207	0.00402012976866644	0.00413870339059436	0.0042400009997877
72151	50-54	2	0.0100611870840133	0.0100029258982688	0.0079515799108497	0.0100922250644262	0.00737937227698952	0.00658781880782015	0.00582425154696676	0.00488501571437556	0.00556388029357583
72151	55-59	2	0.0152900920365573	0.0131188629247106	0.00922352288669234	0.0137808466950208	0.0116377388135896	0.00831298263661033	0.00720095599426182	0.00769681032213122	0.00933393096896968
72151	60-64	2	0.0207191189910977	0.0212508419671422	0.0196608862948692	0.0186640292157954	0.0152623373024945	0.0123075156013552	0.0104978836481872	0.00958367887544974	0.011503440431816
72151	65-69	2	0.0269353582489445	0.02642337665713	0.0256220206764247	0.0228882858391156	0.0192661405931378	0.0232235042697157	0.0141959589792804	0.0152057166911856	0.0144129648278959
72151	70-74	2	0.047987618498922	0.0418015613698826	0.042361513284539	0.0431782376062492	0.0340986660734355	0.0276395828471688	0.0310693757455839	0.0197534808914355	0.0239007595604654
72151	75-79	2	0.0410634219028444	0.0578762029418239	0.0568013347479562	0.0610417078949826	0.0487899285105956	0.0505196694912063	0.0402125603635648	0.0388719653235432	0.0382080018957201
72151	80-84	2	0.109053209387652	0.082406675793338	0.0964620143516558	0.0944205672423205	0.0727416922055146	0.0792543983804814	0.0776141065668994	0.0560204539612601	0.0582479980489015
72151	85+	2	0.183273426909866	0.1667041426288	0.158116170228758	0.169191825264215	0.152268779982114	0.133502319589682	0.154961477847473	0.139296720524162	0.141595669299919
72153	0-4	2	0.00458357242833614	0.00474316888940104	0.00409664622476986	0.00389090563064668	0.00358145119652821	0.00328718811619981	0.00284433084851679	0.0021914504964911	0.00289441126172259
72153	5-9	2	0.000211835191628112	0.00022602538502417	0.000254123839902115	0.000220129526838741	0.000207751099040591	0.000182241404020786	0.0001678964735432	0.000178410153461874	0.00016265046696237
72153	10-14	2	0.000287501521994268	0.000330953767345207	0.000278107632870071	0.000296411809190112	0.000280276091870208	0.000227700371514799	0.000211913505531197	0.000196897700730556	0.000197044898564546
72153	15-19	2	0.000909085339105186	0.00089502916861252	0.000973754065872009	0.00104452428139028	0.000702914133017748	0.00101037455101148	0.000738382459878847	0.000584007691998237	0.000620516287591521
72153	20-24	2	0.00154943263948126	0.00161194730236056	0.00161443601435614	0.001534956354498	0.00198141922479618	0.00178775865292307	0.00169160640667513	0.00120544075841242	0.00141274173093775
72153	25-29	2	0.0019128088813501	0.00227112943525786	0.00228145738096323	0.00226032338605658	0.00217766476551494	0.0022211407037371	0.00187762791184934	0.00171865672822253	0.00188408847533437
72153	30-34	2	0.00214420921092158	0.00331096719212923	0.0038775490650722	0.00268380039715869	0.00205341245445285	0.00215134750171535	0.00199648955345942	0.00178413189355777	0.00210364239337001
72153	35-39	2	0.0030238928571012	0.00347662487016843	0.00295217416613079	0.00278705127620752	0.00327709530285357	0.00268031414577985	0.00251296861387637	0.0025662023793137	0.0022690293199981
72153	40-44	2	0.00432746674362853	0.0053392230248281	0.00477119895980118	0.00463106802625681	0.00328562962198749	0.00393987328936439	0.00258893345757362	0.00281678994578923	0.00340453969272898
72153	45-49	2	0.00489756256534428	0.00519795118973491	0.00564645716199233	0.00623826502826218	0.00518328679719189	0.00488345745850673	0.00413655266971912	0.00376361047510368	0.00455809703432803
72153	50-54	2	0.00900830363997918	0.00799329243582236	0.00681136975133592	0.00913968988479309	0.0077022170005568	0.00774194911187363	0.00626799479436244	0.00641886997727453	0.0067683915959127
72153	55-59	2	0.0124484330952307	0.010444310951	0.0110672779068913	0.0123668646825164	0.00949290076044111	0.0110986029580987	0.00972671755737219	0.0108674901983656	0.00928088012355344
72153	60-64	2	0.0224358858235214	0.0224292854610549	0.0179070054028213	0.0182979630446896	0.0157409977427097	0.0141449355508062	0.013590275261667	0.0137134405161968	0.0124375834354918
72153	65-69	2	0.0241972020457862	0.0302775637104436	0.0259610469030823	0.0228306567063126	0.0252354317248549	0.0204522396452969	0.0185264303368474	0.0162130442630595	0.0168129788530393
72153	70-74	2	0.0444222183825848	0.0488047255328165	0.0426625924440532	0.0387217045363027	0.0366891419369226	0.0360264938385633	0.028218870550673	0.0263069377514425	0.023341997778552
72153	75-79	2	0.0608955439689391	0.059283249081021	0.0568955780886733	0.0574256967971945	0.0512552787959322	0.0450619399890798	0.0466445714685037	0.0356747486679262	0.0441824471361808
72153	80-84	2	0.11381247600384	0.120674355532041	0.11132287909234	0.107396283274187	0.0909841587408368	0.0920331607009712	0.0722453505087129	0.0635883174474179	0.0645182678490638
72153	85+	2	0.193621938090947	0.175097101697188	0.165425503203433	0.154505025880204	0.163467133468011	0.157664498068583	0.157059756322232	0.152562356631588	0.141745648137959
630	0-4	0	0.00422240552480932	0.00366728646013081	0.00362116337979338	0.00321734662692276	0.00261470825930673	0.00254639805645566	0.00237474076227363	0.00200014487659619	0.00221050328953673
630	5-9	0	0.000238205484871461	0.000235671734822264	0.000245042874053241	0.000233859724372232	0.000190174668310919	0.000180397058836024	0.000166683953827536	0.000153730917269372	0.000158691212719111
630	10-14	0	0.00030527387373058	0.000305361655116402	0.000316309945366589	0.00030527359038636	0.000244166950643958	0.000224401731517035	0.000202780154262475	0.000185330185238793	0.000193233347723446
630	15-19	0	0.00106385177088593	0.00104297713461319	0.00140150969463327	0.00138040847866215	0.00103769600281381	0.000923127303130623	0.000828409649890054	0.000671630375143358	0.000700686319197911
630	20-24	0	0.00187577146440247	0.00203327646295341	0.00247813641650008	0.00250996692335816	0.00213385102486566	0.00204145281470676	0.00194632679661151	0.00160916947828336	0.00148915461422324
630	25-29	0	0.00233664536745004	0.00274996006671599	0.00326542264782507	0.00281122460600465	0.00239258749774688	0.00241829563230391	0.0022647642346994	0.00196160124763308	0.0020162861591575
630	30-34	0	0.00265983780151157	0.00349497525555113	0.00442710852919425	0.00368003447712098	0.00253147354559589	0.00254404967962651	0.00237048041443215	0.00223905604095581	0.00232467085663062
630	35-39	0	0.00332632256217541	0.00429571284239688	0.00532901535683685	0.00445237179077798	0.0032613211900872	0.00287739261169281	0.00257191805876199	0.00253295376657119	0.00283812324620239
630	40-44	0	0.00414363804618094	0.00493482979898616	0.00590991671256049	0.00545470268750022	0.00402772796487665	0.00367035355747575	0.00314002906827517	0.0030726112162263	0.0036132008496227
630	45-49	0	0.00577157431979581	0.00611432816537659	0.0069843080955803	0.00683955799517876	0.00550737199704718	0.00503695990116326	0.00435612825741909	0.00396739655296927	0.00442704001389453
630	50-54	0	0.00853531830874596	0.00863066687072332	0.0087827298326451	0.00882901607480829	0.00752667714255279	0.00724726412399226	0.00618931027689532	0.0058943751121422	0.00609177467969737
630	55-59	0	0.0122296900227997	0.0125709532962012	0.0121642595682422	0.0120262346785686	0.0105742129799415	0.0100548981085073	0.00919361235159712	0.00847442414921596	0.00864492681022563
630	60-64	0	0.0190434511607326	0.0191836184819138	0.0183749739907044	0.0177180993408767	0.0153701031144584	0.0143850425449591	0.012848032852486	0.0117955995754263	0.012167997936997
630	65-69	0	0.026787798237419	0.0267087995356723	0.02611393908851	0.0245283230669424	0.0220052451127708	0.0203063952851738	0.0182289745375902	0.0168155993499956	0.0167477997148072
630	70-74	0	0.0419104039604716	0.0420080089939552	0.0407397607688072	0.0393835687569129	0.0331774433487027	0.0298003188064125	0.0269231918505006	0.0237610314889905	0.0246337850685833
630	75-79	0	0.0573302445429112	0.0600694475821429	0.0572152139685172	0.0576346990891534	0.0516180810947416	0.0458180033565737	0.0419702301366589	0.0368492675029601	0.0378321351703528
630	80-84	0	0.0966343340572352	0.0928072974776656	0.0944097353800149	0.0953703381213971	0.0809198035409132	0.0754195864490941	0.0692528643639701	0.0597812288488408	0.0594459632082914
630	85+	0	0.177359535371525	0.171599203940089	0.164228564408312	0.164785340142769	0.156294770968546	0.151580380225491	0.143040205255901	0.129619805866262	0.12342291481742
