region,period,sex,e0_observado,e0_estimado,e0_lower,e0_upper,est_eval
Adjuntas,1980-1984,1,72.54189508802463,72.34746958769836,71.04558786301301,73.60472704323082,Estimación adecuada
Adjuntas,1980-1984,2,78.96516925394144,78.92637010331595,77.51016929311763,80.4115265871171,Estimación adecuada
Adjuntas,1985-1989,1,70.84999061728885,71.62881212674512,70.38592587929429,72.83407283851801,Estimación adecuada
Adjuntas,1985-1989,2,78.97855761762072,79.04726635532806,77.72130864949152,80.47904153766217,Estimación adecuada
Adjuntas,1990-1994,1,71.49310954038985,71.49926957902267,70.32792599220635,72.73238275280832,Estimación adecuada
Adjuntas,1990-1994,2,77.88047658335911,78.62396373437215,77.44501779438502,80.03508121200149,Estimación adecuada
Adjuntas,1995-1999,1,71.91080703113897,72.05269117158873,70.80243604875041,73.41656342339833,Estimación adecuada
Adjuntas,1995-1999,2,78.53770419818306,78.9844929114955,77.77177556290984,80.31830508016425,Estimación adecuada
Adjuntas,2000-2004,1,74.0807006063416,73.88917682969651,72.76942541483875,75.07478685546259,Estimación adecuada
Adjuntas,2000-2004,2,79.50851081175084,80.15802898617662,78.95844783255963,81.41634777936267,Estimación adecuada
Adjuntas,2005-2009,1,77.13413877724005,75.96899835983726,74.7715909293727,77.3212271707318,Estimación adecuada
Adjuntas,2005-2009,2,82.23262377887984,82.28003275196639,80.94712815259102,83.75582012326907,Estimación adecuada
Adjuntas,2010-2014,1,78.0170892039493,76.94232881072277,75.73704156361981,78.28124046342909,Estimación adecuada
Adjuntas,2010-2014,2,84.37542750420445,83.72676854292067,82.22110034746557,85.49817832764569,Estimación adecuada
Adjuntas,2015-2019,1,80.07122326396828,79.352247868206,77.83540957282669,81.06425264114476,Estimación adecuada
Adjuntas,2015-2019,2,84.75780508868199,85.02144242449404,83.43281497017746,86.91626426103738,Estimación adecuada
Adjuntas,2020-2024,1,80.09050176489524,79.09482651541718,77.83236236170788,80.38339422184808,Estimación adecuada
Adjuntas,2020-2024,2,87.03883394524668,86.21432213742577,84.49439645245457,88.18144648857529,Estimación adecuada
Aguada,1980-1984,1,73.2175687853255,72.97832598651621,71.86711627716545,74.13025137993854,Estimación adecuada
Aguada,1980-1984,2,76.66307974738103,77.82676484308053,76.68343972323905,79.10700912473064,> e0 observado
Aguada,1985-1989,1,73.21396709192831,72.91294481703778,71.86628732627806,73.9263326705564,Estimación adecuada
Aguada,1985-1989,2,77.70261010174512,78.17432538170257,77.10287413739924,79.35733075346563,Estimación adecuada
Aguada,1990-1994,1,73.47166304966473,72.96322034146658,71.8806288890394,74.01423134327905,Estimación adecuada
Aguada,1990-1994,2,79.56472305278581,79.44835782316028,78.24099679291699,80.79029724399972,Estimación adecuada
Aguada,1995-1999,1,72.96139718811193,72.63707939326193,71.68391215700856,73.67307144663329,Estimación adecuada
Aguada,1995-1999,2,78.42598214583917,78.67010489819913,77.69040673113516,79.70479442459528,Estimación adecuada
Aguada,2000-2004,1,75.7731265619719,75.14803081675839,74.07309908249727,76.205692002546,Estimación adecuada
Aguada,2000-2004,2,80.35987918975404,80.56632243836722,79.44503118932242,81.72425024449743,Estimación adecuada
Aguada,2005-2009,1,77.6139364553716,76.58221181793185,75.55790524399168,77.67502108298683,Estimación adecuada
Aguada,2005-2009,2,81.487501570255,81.59587487143249,80.53995649069428,82.79226516800628,Estimación adecuada
Aguada,2010-2014,1,77.3081065450094,76.96168320857713,75.92665863956199,77.96556643671092,Estimación adecuada
Aguada,2010-2014,2,83.93649978812951,83.62773243842807,82.49728256652374,84.84082657349279,Estimación adecuada
Aguada,2015-2019,1,80.17632385200217,79.11511175562116,78.03647592691814,80.26249717501716,Estimación adecuada
Aguada,2015-2019,2,84.88514363026218,84.86547821036388,83.72640876516896,86.24196708089104,Estimación adecuada
Aguada,2020-2024,1,78.78968559483442,78.10277066163663,77.04122572233904,79.21964631435402,Estimación adecuada
Aguada,2020-2024,2,83.87729580688905,84.21750722983106,82.98620296803242,85.56720600979561,Estimación adecuada
Aguadilla,1980-1984,1,71.00678071372081,71.09131874841115,70.17479183941221,72.03782199714001,Estimación adecuada
Aguadilla,1980-1984,2,77.48535658677463,77.42420646104884,76.44360548659776,78.38011100975218,Estimación adecuada
Aguadilla,1985-1989,1,70.58561267446154,70.68591341851915,69.8348385746747,71.57455036570742,Estimación adecuada
Aguadilla,1985-1989,2,77.65780206154783,77.60502089735053,76.61181028234506,78.58875056506626,Estimación adecuada
Aguadilla,1990-1994,1,70.88482346377512,70.77268097899545,69.80262107520748,71.73837654441816,Estimación adecuada
Aguadilla,1990-1994,2,77.99785568547416,77.9461304758965,77.04871305050781,78.9392234563668,Estimación adecuada
Aguadilla,1995-1999,1,70.78010378855268,70.77021139122549,69.81462456157375,71.57474858602465,Estimación adecuada
Aguadilla,1995-1999,2,78.16686736979354,78.0923596925424,77.26856346483723,79.0562916261852,Estimación adecuada
Aguadilla,2000-2004,1,73.78276571753028,73.28004554047769,72.45474548536733,74.17411893520486,Estimación adecuada
Aguadilla,2000-2004,2,80.45198774138778,80.04904989009816,79.12488798674038,81.03537302067735,Estimación adecuada
Aguadilla,2005-2009,1,74.34368140644376,74.07369862420528,73.12098108554875,74.94896890955638,Estimación adecuada
Aguadilla,2005-2009,2,81.18616231865005,80.9032422800883,79.97239261701404,81.96632563900994,Estimación adecuada
Aguadilla,2010-2014,1,76.10575530196566,75.55150987695473,74.63527277570394,76.50157179795825,Estimación adecuada
Aguadilla,2010-2014,2,81.66758711742574,81.72721182564601,80.82754274107498,82.75213821719743,Estimación adecuada
Aguadilla,2015-2019,1,77.5014617746831,76.88566376781505,75.88226866509149,77.96749990737506,Estimación adecuada
Aguadilla,2015-2019,2,82.99395073109925,83.52434776734987,82.48998896335472,84.79750362937054,Estimación adecuada
Aguadilla,2020-2024,1,76.52156602867669,76.46523315734704,75.48320211690718,77.4639490693151,Estimación adecuada
Aguadilla,2020-2024,2,83.20736033493193,83.45331727349524,82.43805744679645,84.49545338379309,Estimación adecuada
Aguas Buenas,1980-1984,1,70.9060601893331,71.58028110845385,70.3446601240512,72.99955939168292,Estimación adecuada
Aguas Buenas,1980-1984,2,79.20230439846388,78.92012001311933,77.51807385978134,80.41484432809182,Estimación adecuada
Aguas Buenas,1985-1989,1,71.73217429810381,71.98264494260982,70.76879875917005,73.17452449934048,Estimación adecuada
Aguas Buenas,1985-1989,2,78.66666240443578,78.89680178555801,77.5593336109178,80.51011250258087,Estimación adecuada
Aguas Buenas,1990-1994,1,71.9040754109389,71.80714174012574,70.61500808465043,73.0103071288687,Estimación adecuada
Aguas Buenas,1990-1994,2,82.01930667891538,80.75120839490313,79.33071466469869,82.56453894941926,Estimación adecuada
Aguas Buenas,1995-1999,1,72.03242058667273,72.18930731914594,71.12855959325972,73.32341389370673,Estimación adecuada
Aguas Buenas,1995-1999,2,79.29741471606215,79.32433831351406,78.1628850341984,80.66411877252742,Estimación adecuada
Aguas Buenas,2000-2004,1,74.50847723417229,74.43182877510293,73.34516366143328,75.66203235879591,Estimación adecuada
Aguas Buenas,2000-2004,2,81.53307661620572,81.46732053271833,80.15445366598726,82.88595275772094,Estimación adecuada
Aguas Buenas,2005-2009,1,74.76751879253902,75.16522751325547,74.00715848752898,76.29709913647743,Estimación adecuada
Aguas Buenas,2005-2009,2,83.74825554704383,83.49160536824604,82.07546539284475,85.1211491061865,Estimación adecuada
Aguas Buenas,2010-2014,1,77.07874986678003,77.44891951746173,76.23263760881646,78.74754981978364,Estimación adecuada
Aguas Buenas,2010-2014,2,83.69043751017024,83.92920238008918,82.59774245296067,85.34994706741557,Estimación adecuada
Aguas Buenas,2015-2019,1,77.12363910638715,77.96539877230141,76.65156788833944,79.35130893979873,Estimación adecuada
Aguas Buenas,2015-2019,2,86.87058779798109,86.01482901096601,84.44495526279648,87.78975959685131,Estimación adecuada
Aguas Buenas,2020-2024,1,77.71291412855061,78.01288717669655,76.7585052997343,79.42917456354826,Estimación adecuada
Aguas Buenas,2020-2024,2,86.01372227536957,85.5017671781959,84.10197864134156,87.27669813705823,Estimación adecuada
Aibonito,1980-1984,1,71.20727896829324,71.68000910509122,70.43453050087857,72.92689570885749,Estimación adecuada
Aibonito,1980-1984,2,78.10148160174786,78.33875214190525,77.07642082544297,79.79196847957223,Estimación adecuada
Aibonito,1985-1989,1,70.93804632594708,71.33497416580602,70.11519671779097,72.52079421260768,Estimación adecuada
Aibonito,1985-1989,2,79.48839408130232,79.24098386470757,77.93646260793534,80.73763934250675,Estimación adecuada
Aibonito,1990-1994,1,72.7988506012683,72.28426061172837,71.0381054822721,73.55512707151233,Estimación adecuada
Aibonito,1990-1994,2,79.2040372973333,79.11930972181581,77.89715427699906,80.27974530783531,Estimación adecuada
Aibonito,1995-1999,1,72.77760443633895,72.23747161599064,71.099040579951,73.42791339773518,Estimación adecuada
Aibonito,1995-1999,2,79.65397963842348,79.60209769221885,78.44351670396243,80.95163415832756,Estimación adecuada
Aibonito,2000-2004,1,74.39460579414155,74.09454565838044,72.95597185591524,75.24762389965042,Estimación adecuada
Aibonito,2000-2004,2,80.67825254541816,80.7962479140215,79.68723592136705,82.14591710917001,Estimación adecuada
Aibonito,2005-2009,1,74.88960349978896,74.96089894584716,73.82954164369583,76.12311517536632,Estimación adecuada
Aibonito,2005-2009,2,81.30587533973025,81.40362197845411,80.2141626949684,82.67261320040743,Estimación adecuada
Aibonito,2010-2014,1,74.15371449624436,75.56453847165939,74.37725407341648,76.74325033188666,> e0 observado
Aibonito,2010-2014,2,82.83346667872438,82.9840002864907,81.69457304281191,84.49146495759432,Estimación adecuada
Aibonito,2015-2019,1,77.00855644451337,77.74723677663732,76.60307183058424,78.98856878073259,Estimación adecuada
Aibonito,2015-2019,2,83.92589167839914,84.4722322798963,83.11809316802875,86.03791876517191,Estimación adecuada
Aibonito,2020-2024,1,79.62044145372404,79.00746080030385,77.66470868499466,80.42829340026162,Estimación adecuada
Aibonito,2020-2024,2,85.54801976071055,85.65302877504092,84.2351625340221,87.20646974434808,Estimación adecuada
Anasco,1980-1984,1,72.01460523472085,71.65512736020482,70.44360898877488,72.84577107426406,Estimación adecuada
Anasco,1980-1984,2,76.47877169471658,76.92611194562315,75.69381866267317,78.23529241890567,Estimación adecuada
Anasco,1985-1989,1,71.42888891874672,71.38918507429116,70.24094954969316,72.51652011251511,Estimación adecuada
Anasco,1985-1989,2,76.49626365968555,77.23625271858285,76.02300509559797,78.60348751733287,Estimación adecuada
Anasco,1990-1994,1,70.05228247802772,70.66983461377396,69.49053958261514,71.754300194667593,Estimación adecuada
Anasco,1990-1994,2,77.19464732684078,77.69299647690532,76.5621391832001,78.78827925863423,Estimación adecuada
Anasco,1995-1999,1,71.8503650088804,71.3048897760422,70.2576833808563,72.3029319986859,Estimación adecuada
Anasco,1995-1999,2,77.85360337047756,78.06514157054633,76.95499895344042,79.21915586256915,Estimación adecuada
Anasco,2000-2004,1,74.35938543935956,73.89633305969356,72.87451764145571,74.95764370928856,Estimación adecuada
Anasco,2000-2004,2,80.6361937434096,80.39216428808848,79.21283598413952,81.77069101154609,Estimación adecuada
Anasco,2005-2009,1,76.96481061689505,75.77561623085242,74.57502324246808,76.95356615919567,< e0 observado
Anasco,2005-2009,2,82.18483587125668,81.69944721055785,80.3857319657607,83.1800284305671,Estimación adecuada
Anasco,2010-2014,1,76.38264162433823,75.97623369432048,74.92697304464329,77.06129580145704,Estimación adecuada
Anasco,2010-2014,2,83.0792504741019,82.89209436173931,81.5559867731885,84.43148511037828,Estimación adecuada
Anasco,2015-2019,1,78.19758272547156,77.56981817636489,76.40794204993021,78.87002019024942,Estimación adecuada
Anasco,2015-2019,2,85.54315717152748,84.90448420358824,83.54951891322882,86.62424827452939,Estimación adecuada
Anasco,2020-2024,1,77.16064670152906,77.36549699636734,76.14143707116426,78.56236745581597,Estimación adecuada
Anasco,2020-2024,2,83.21756305986028,84.32837418592982,83.03709578875163,85.75441585958266,Estimación adecuada
Arecibo,1980-1984,1,70.94822313738123,71.01291173126552,70.2253614579753,71.81591948911795,Estimación adecuada
Arecibo,1980-1984,2,77.54900544750468,77.40965520722665,76.54897132675272,78.32781462929908,Estimación adecuada
Arecibo,1985-1989,1,70.27186805457086,70.43996795209758,69.6061819428928,71.2760149699257,Estimación adecuada
Arecibo,1985-1989,2,77.07511338664264,77.23647172598146,76.50125150179794,78.1184846243655,Estimación adecuada
Arecibo,1990-1994,1,70.7566402122555,70.685429387521907,69.89926846062973,71.49707982643197,Estimación adecuada
Arecibo,1990-1994,2,77.82525476262934,77.92980909087717,77.17842289622405,78.7849077610688,Estimación adecuada
Arecibo,1995-1999,1,70.42422951948053,70.45389662418933,69.69267705165782,71.22659090216966,Estimación adecuada
Arecibo,1995-1999,2,77.67805190763367,77.82720635515483,77.04980216535748,78.5588991896696,Estimación adecuada
Arecibo,2000-2004,1,73.58677734329173,73.24868339870221,72.45671941842986,74.03031472602481,Estimación adecuada
Arecibo,2000-2004,2,80.17723082421405,79.97988816087044,79.22289187773438,80.90916123992136,Estimación adecuada
Arecibo,2005-2009,1,73.79746978285581,73.7839860158993,72.98919029555077,74.59818606409134,Estimación adecuada
Arecibo,2005-2009,2,80.99120726198103,80.77001010089882,79.96771902492252,81.64059251214658,Estimación adecuada
Arecibo,2010-2014,1,75.7499952369095,75.54440052566764,74.76455462318819,76.41413407252138,Estimación adecuada
Arecibo,2010-2014,2,81.99729917976788,81.80891691724901,80.95123746635738,82.80466615438273,Estimación adecuada
Arecibo,2015-2019,1,77.47760291858165,77.24871608898768,76.37676640426191,78.12969619993144,Estimación adecuada
Arecibo,2015-2019,2,84.62096334942434,84.29523108254405,83.28563460538517,85.38025328726062,Estimación adecuada
Arecibo,2020-2024,1,77.03404417797987,76.75575885465916,75.78122679915424,77.616296646006,Estimación adecuada
Arecibo,2020-2024,2,83.99392652816302,83.77052138333795,82.88206483960218,84.83538937542336,Estimación adecuada
Arroyo,1980-1984,1,69.26197243419952,69.97751816595522,68.68201901556046,71.24395467514604,Estimación adecuada
Arroyo,1980-1984,2,77.70227943996014,77.50940650194985,76.02748025664063,79.08989484888275,Estimación adecuada
Arroyo,1985-1989,1,69.06544938666637,69.68566926924976,68.45558912705505,70.87162775127548,Estimación adecuada
Arroyo,1985-1989,2,76.53547803214356,76.82434535268743,75.53112745825001,78.12114518097373,Estimación adecuada
Arroyo,1990-1994,1,69.467701272295,69.82686620681444,68.51232788366747,70.94699792302083,Estimación adecuada
Arroyo,1990-1994,2,79.1638940521351,78.43646533696636,77.17207317586806,79.7926718612994,Estimación adecuada
Arroyo,1995-1999,1,69.35840651861476,70.02067809452633,68.78257391670242,71.13164527253102,Estimación adecuada
Arroyo,1995-1999,2,77.98473955428868,77.68485510281272,76.52834489868825,78.86380538834582,Estimación adecuada
Arroyo,2000-2004,1,72.46263355278661,72.53254765034333,71.32604064298751,73.79757220599276,Estimación adecuada
Arroyo,2000-2004,2,79.49462438506767,79.64752618770278,78.44989463297935,81.01163176847172,Estimación adecuada
Arroyo,2005-2009,1,73.52924324703847,73.60115915133844,72.43939153799698,74.77146481831566,Estimación adecuada
Arroyo,2005-2009,2,81.55925566302211,81.1226792672037,79.86586178037838,82.6086534869671,Estimación adecuada
Arroyo,2010-2014,1,73.74855783813933,74.33321475669358,73.1690942561314,75.48615930653112,Estimación adecuada
Arroyo,2010-2014,2,82.70095569618667,82.24407806789327,80.85412967311075,83.92421153080507,Estimación adecuada
Arroyo,2015-2019,1,74.8566557237882,76.24801122311038,75.03057225669913,77.62244106487412,> e0 observado
Arroyo,2015-2019,2,83.0866067343545,83.58413666597073,82.08842406959647,85.33123154149646,Estimación adecuada
Arroyo,2020-2024,1,77.15040742709186,76.6483825388473,75.31733333390049,78.16221474476579,Estimación adecuada
Arroyo,2020-2024,2,82.07042233229612,83.19262367058907,81.85949401050185,84.69021758855231,Estimación adecuada
Barceloneta,1980-1984,1,69.54208697130086,70.63682417531368,69.35586150917435,71.99537963613987,Estimación adecuada
Barceloneta,1980-1984,2,77.15945709054438,77.46614537686074,76.16708684646059,78.92254251432523,Estimación adecuada
Barceloneta,1985-1989,1,72.20256138308129,71.84811840884691,70.60807905419306,73.12943099829674,Estimación adecuada
Barceloneta,1985-1989,2,78.86869640220178,78.63853815850852,77.26233190696702,80.15710141018369,Estimación adecuada
Barceloneta,1990-1994,1,71.82801102859922,71.12558342367694,69.95255407955825,72.32076034048951,Estimación adecuada
Barceloneta,1990-1994,2,79.79778456534827,79.66014929429394,78.150148614013915,81.10177983678642,Estimación adecuada
Barceloneta,1995-1999,1,69.62763398284126,70.5252101009384,69.37098564747738,71.7260601290389,Estimación adecuada
Barceloneta,1995-1999,2,78.30155980616671,78.6158700016224,77.34728753978824,79.9481611033254,Estimación adecuada
Barceloneta,2000-2004,1,74.25217285421826,73.57928375048246,72.39187170161078,74.79491498746425,Estimación adecuada
Barceloneta,2000-2004,2,80.98566728548113,80.40477082223907,79.26503433039927,81.71924696007348,Estimación adecuada
Barceloneta,2005-2009,1,75.14771749617947,74.64384060906525,73.5308673564332,75.84765304530043,Estimación adecuada
Barceloneta,2005-2009,2,83.11601404161499,82.4084520114115,81.11916380500314,84.13060495146627,Estimación adecuada
Barceloneta,2010-2014,1,75.38250616989667,75.53048434769963,74.45598049040153,76.69284489260025,Estimación adecuada
Barceloneta,2010-2014,2,83.08358460781069,82.79963347180778,81.49342455891473,84.22917096672164,Estimación adecuada
Barceloneta,2015-2019,1,79.11645760546239,77.74204087851132,76.4862598092454,79.07951163764096,< e0 observado
Barceloneta,2015-2019,2,85.56404930901091,84.97227267658772,83.51823895930534,86.63315448668261,Estimación adecuada
Barceloneta,2020-2024,1,75.82195956003592,76.01355331331419,74.90065923639415,77.07245245598558,Estimación adecuada
Barceloneta,2020-2024,2,84.21378427386206,84.48328613793086,83.02735951967679,86.06378866434208,Estimación adecuada
Barranquitas,1980-1984,1,71.33876197975141,71.66004881504988,70.549082085128,72.77568485249309,Estimación adecuada
Barranquitas,1980-1984,2,77.30531169649653,77.83647266534376,76.51531974680725,79.17308243698807,Estimación adecuada
Barranquitas,1985-1989,1,71.51414892357278,71.62564948318862,70.47567491160244,72.86755989868553,Estimación adecuada
Barranquitas,1985-1989,2,77.76964050663393,78.21924014357242,76.96608124429122,79.48938830268129,Estimación adecuada
Barranquitas,1990-1994,1,70.61622752203239,71.12093117817034,69.98298072913565,72.35006706376647,Estimación adecuada
Barranquitas,1990-1994,2,80.19038720696513,79.64864770418085,78.41681334426713,81.12764777544966,Estimación adecuada
Barranquitas,1995-1999,1,71.30535167741402,71.03452570061212,69.94227740125261,72.0996255677312,Estimación adecuada
Barranquitas,1995-1999,2,77.36809189145215,78.20814317797924,77.04269503770205,79.42930258292492,Estimación adecuada
Barranquitas,2000-2004,1,73.94139576064687,73.91684320759126,72.81701253365233,75.06395857464418,Estimación adecuada
Barranquitas,2000-2004,2,80.92303201880848,81.15415475998259,79.81002993792855,82.68812250213179,Estimación adecuada
Barranquitas,2005-2009,1,75.7544247310515,75.3139085057537,74.14996485353755,76.56928722686365,Estimación adecuada
Barranquitas,2005-2009,2,83.34321773527964,83.0261128696322,81.59874929972827,84.6246226535463,Estimación adecuada
Barranquitas,2010-2014,1,75.82434696179858,75.81684589212074,74.65975173539591,76.95569979683836,Estimación adecuada
Barranquitas,2010-2014,2,83.19916348644448,83.16900426295837,81.84504112273163,84.61464697270625,Estimación adecuada
Barranquitas,2015-2019,1,78.70088384920705,78.1509376570265,76.92424079879918,79.42121267051544,Estimación adecuada
Barranquitas,2015-2019,2,86.1569793140704,85.78572361107032,84.25918985185287,87.52919985832115,Estimación adecuada
Barranquitas,2020-2024,1,77.70140580259377,77.718609774518,76.59995905771227,79.05064210258831,Estimación adecuada
Barranquitas,2020-2024,2,85.89659093832063,85.73266082996152,84.24590591188479,87.490521091726,Estimación adecuada
Bayamon,1980-1984,1,72.04514701418194,71.98608609072828,71.3009301769713,72.62495342822378,Estimación adecuada
Bayamon,1980-1984,2,78.18054324807127,78.13333419981487,77.45142527559932,78.86428913324318,Estimación adecuada
Bayamon,1985-1989,1,71.5983747916107,71.63088565471327,70.958788824425,72.36054437532947,Estimación adecuada
Bayamon,1985-1989,2,79.53402783138928,79.30738243880236,78.55612802162695,80.02740277038252,Estimación adecuada
Bayamon,1990-1994,1,69.4013098024391,69.78169347647199,69.04672468747013,70.49861811660031,Estimación adecuada
Bayamon,1990-1994,2,79.99809814237119,79.84721866088188,79.0837271436173,80.57370523506147,Estimación adecuada
Bayamon,1995-1999,1,70.77177966925491,70.98448435007086,70.28447673747876,71.68338470247241,Estimación adecuada
Bayamon,1995-1999,2,79.73301230251936,79.6954512732942,79.0066355105671,80.44449078502512,Estimación adecuada
Bayamon,2000-2004,1,73.5738231086305,73.6249818143792,72.91884301358026,74.34721608089778,Estimación adecuada
Bayamon,2000-2004,2,81.70891995330638,81.62331094487334,80.86398461798264,82.44507472641958,Estimación adecuada
Bayamon,2005-2009,1,74.78989094750837,74.80498949734513,74.08855155624144,75.57477738525759,Estimación adecuada
Bayamon,2005-2009,2,82.81400991090649,82.71930286805716,81.91015457526063,83.63132291731239,Estimación adecuada
Bayamon,2010-2014,1,76.39050901350164,76.36715944030993,75.59459771989113,77.1422718410262,Estimación adecuada
Bayamon,2010-2014,2,84.21195413174073,84.051345350688,83.21581687054835,84.9348296039873,Estimación adecuada
Bayamon,2015-2019,1,77.4241342974101,77.47640128458318,76.69608915474362,78.27368555334075,Estimación adecuada
Bayamon,2015-2019,2,85.53635487807954,85.26125167775467,84.34937396738736,86.24551841942481,Estimación adecuada
Bayamon,2020-2024,1,76.28240347769595,76.36294517355697,75.571593776577,77.1522800991388,Estimación adecuada
Bayamon,2020-2024,2,85.66531677680673,85.54855792029106,84.49961492863576,86.58440310763231,Estimación adecuada
Cabo Rojo,1980-1984,1,72.39724763936692,72.68591322772716,71.53588847030365,73.73422382906294,Estimación adecuada
Cabo Rojo,1980-1984,2,77.54158683750231,77.73635436858419,76.71818460530075,78.76278204719091,Estimación adecuada
Cabo Rojo,1985-1989,1,73.0487252974488,72.97002178273272,71.85678166857525,74.07175743481449,Estimación adecuada
Cabo Rojo,1985-1989,2,79.23917112625598,79.03734247797817,78.06733410581478,80.1067815409886,Estimación adecuada
Cabo Rojo,1990-1994,1,72.97925410251543,72.71326056720054,71.79030748307204,73.61983465847584,Estimación adecuada
Cabo Rojo,1990-1994,2,80.55409901002385,80.11954118406534,79.19799172530797,81.34174995799266,Estimación adecuada
Cabo Rojo,1995-1999,1,72.48815364764029,72.4576858277449,71.64753533906732,73.38024760276977,Estimación adecuada
Cabo Rojo,1995-1999,2,79.89647697006733,79.83722316805441,78.90688319710374,80.76633925943753,Estimación adecuada
Cabo Rojo,2000-2004,1,75.02839226790125,74.81263384900242,73.9201223063166,75.83084070828615,Estimación adecuada
Cabo Rojo,2000-2004,2,82.11872847252751,81.88064035813028,80.74343186433526,83.07416368242008,Estimación adecuada
Cabo Rojo,2005-2009,1,76.84328880547318,76.15766777226492,75.20262395898929,77.11257912173964,Estimación adecuada
Cabo Rojo,2005-2009,2,82.7883495500848,82.49026816000614,81.40579379648464,83.59890438325138,Estimación adecuada
Cabo Rojo,2010-2014,1,75.75368420461353,76.14185653802141,75.21198320142217,77.06584893292178,Estimación adecuada
Cabo Rojo,2010-2014,2,83.42815115673008,83.79053842522626,82.65137738189547,85.08011945253804,Estimación adecuada
Cabo Rojo,2015-2019,1,79.78583423632398,79.33429295229527,78.26629308979389,80.48776570881263,Estimación adecuada
Cabo Rojo,2015-2019,2,84.21493107845924,84.57595417116042,83.43393853178135,85.74679887283824,Estimación adecuada
Cabo Rojo,2020-2024,1,79.36891590464816,79.12981774593516,78.05895146056226,80.2616565624846,Estimación adecuada
Cabo Rojo,2020-2024,2,84.78014352257735,84.76824752471578,83.65721474636865,85.99278621071512,Estimación adecuada
Caguas,1980-1984,1,71.72229204508375,71.71755426366353,70.98611069252621,72.56326527459638,Estimación adecuada
Caguas,1980-1984,2,78.48100883851102,78.34507239106478,77.43034780618477,79.28318769851597,Estimación adecuada
Caguas,1985-1989,1,70.39381171255258,70.52825506467137,69.80335595151183,71.26528678096693,Estimación adecuada
Caguas,1985-1989,2,79.24402800001288,79.05059514209526,78.12316771967834,79.89807173678125,Estimación adecuada
Caguas,1990-1994,1,68.8176451180551,69.30841760487158,68.52280431211301,70.12151500312989,Estimación adecuada
Caguas,1990-1994,2,78.64358444378482,78.63569043351035,77.88665421285899,79.48235835911315,Estimación adecuada
Caguas,1995-1999,1,69.69055735609852,70.05504290653627,69.33840371540785,70.77530086583218,Estimación adecuada
Caguas,1995-1999,2,79.65612948337659,79.53900847332713,78.75699403905763,80.36444764013903,Estimación adecuada
Caguas,2000-2004,1,73.107794927577,73.24260446276736,72.50115096851209,73.95962349214307,Estimación adecuada
Caguas,2000-2004,2,81.16770684291535,80.9780001647198,80.24022370885586,81.8787249443666,Estimación adecuada
Caguas,2005-2009,1,74.70961206827913,74.6463800934691,73.83980479674506,75.38630659399828,Estimación adecuada
Caguas,2005-2009,2,83.1696138038651,82.9563369926213,82.076270942697107,83.94021424941266,Estimación adecuada
Caguas,2010-2014,1,74.58554015299133,74.90727801269328,74.09849808169274,75.7568982448104,Estimación adecuada
Caguas,2010-2014,2,83.90600489563008,83.688597221764,82.73153267257284,84.7183482098033,Estimación adecuada
Caguas,2015-2019,1,77.12465328076702,77.2643365873765,76.39513417730244,78.13860819915936,Estimación adecuada
Caguas,2015-2019,2,84.81913360231934,84.71301306056635,83.78987176364642,85.7792040692646,Estimación adecuada
Caguas,2020-2024,1,76.29588342135226,76.3500997895529,75.52993417480533,77.17623558371442,Estimación adecuada
Caguas,2020-2024,2,84.58890329073994,84.54561030353113,83.57711076563115,85.61393103029337,Estimación adecuada
Camuy,1980-1984,1,72.00953497661486,72.27289912954586,71.08914881427984,73.43391541721516,Estimación adecuada
Camuy,1980-1984,2,79.0481930632779,78.92977884446401,77.56806109290494,80.47323249657758,Estimación adecuada
Camuy,1985-1989,1,73.05563270338816,72.66093303825616,71.46197432512531,73.92648547177895,Estimación adecuada
Camuy,1985-1989,2,79.50251205629577,79.36026556479396,78.0465980811064,80.78730609899675,Estimación adecuada
Camuy,1990-1994,1,72.48592866320423,72.04370762165283,70.98513590330269,73.09269665378912,Estimación adecuada
Camuy,1990-1994,2,78.42074942707245,78.74622250881441,77.60537495450089,79.93495411638517,Estimación adecuada
Camuy,1995-1999,1,72.6730064081168,72.2150034954484,71.20015545953467,73.26063627046999,Estimación adecuada
Camuy,1995-1999,2,81.15887534595899,80.60695077947287,79.36740179268304,82.03519660356397,Estimación adecuada
Camuy,2000-2004,1,75.51776152008142,74.76780441379717,73.74173085661491,75.85138034582356,Estimación adecuada
Camuy,2000-2004,2,81.38049051623702,81.01691691341136,79.81350426299977,82.23884298712954,Estimación adecuada
Camuy,2005-2009,1,76.01134322923592,75.50387128069987,74.46425428799012,76.57066261706073,Estimación adecuada
Camuy,2005-2009,2,83.37764861657536,82.85338724867268,81.61259278983277,84.26277266412079,Estimación adecuada
Camuy,2010-2014,1,77.47114401608678,76.46472335304816,75.46742246993136,77.53134772288237,Estimación adecuada
Camuy,2010-2014,2,83.52117698878536,83.34819975169339,82.15488132388904,84.79640481504681,Estimación adecuada
Camuy,2015-2019,1,78.31044325410552,78.01480141315432,77.02173849975668,79.14460703216064,Estimación adecuada
Camuy,2015-2019,2,85.3683244262729,85.17747859660449,83.82045420090584,86.76010738182664,Estimación adecuada
Camuy,2020-2024,1,78.26146309261183,77.81094484867319,76.67927062022635,78.94349976430789,Estimación adecuada
Camuy,2020-2024,2,85.47114665413858,85.47313987818589,84.08977031218383,86.90850000918952,Estimación adecuada
Canovanas,1980-1984,1,73.2999178869587,71.85333195305844,70.67175476633705,73.04579464688999,< e0 observado
Canovanas,1980-1984,2,80.06188590433086,78.54477905640567,77.24018544369007,80.08929995070636,Estimación adecuada
Canovanas,1985-1989,1,71.61537365310774,71.25541803061242,70.17947470854665,72.3895520310971,Estimación adecuada
Canovanas,1985-1989,2,78.2476656338885,77.81727824696401,76.632380928565,79.18029719810201,Estimación adecuada
Canovanas,1990-1994,1,68.47857316458972,69.3378678560058,68.24475712083216,70.37476558163203,Estimación adecuada
Canovanas,1990-1994,2,78.32395417011651,78.232703875407,77.02644738894942,79.48667792162698,Estimación adecuada
Canovanas,1995-1999,1,67.92417601162161,68.904346795961,67.9125920735945,69.86231079924292,Estimación adecuada
Canovanas,1995-1999,2,77.19866982997894,77.35874590270521,76.35014101318178,78.37326555540172,Estimación adecuada
Canovanas,2000-2004,1,71.16133588099902,71.936219797072,70.90750071590543,73.13215576375424,Estimación adecuada
Canovanas,2000-2004,2,79.89031657445086,79.83239962672815,78.71334100898672,81.08316854588656,Estimación adecuada
Canovanas,2005-2009,1,72.03527888088188,72.93412081805772,71.8425701003932,74.08041945064639,Estimación adecuada
Canovanas,2005-2009,2,82.20274877957495,81.73539653453923,80.51096267168911,83.02435792133926,Estimación adecuada
Canovanas,2010-2014,1,73.73163177655941,74.45617475734426,73.46348595454583,75.516588225458,Estimación adecuada
Canovanas,2010-2014,2,82.38500533806449,81.96595268101716,80.9369329388248,83.17947396535098,Estimación adecuada
Canovanas,2015-2019,1,76.47578865798283,76.73291439950802,75.62906374121648,77.94251382609897,Estimación adecuada
Canovanas,2015-2019,2,83.4705410867674,83.32217650121389,82.15803832974679,84.57860782716794,Estimación adecuada
Canovanas,2020-2024,1,75.27011547141527,75.51290031002961,74.47917670871247,76.47378724980312,Estimación adecuada
Canovanas,2020-2024,2,84.62181844092844,84.0953562754469,82.86910875899044,85.49021250996465,Estimación adecuada
Carolina,1980-1984,1,72.6794571065647,72.6350637421869,71.87456878055067,73.38621761262588,Estimación adecuada
Carolina,1980-1984,2,80.00245669766524,79.69652444406265,78.85079047983432,80.69646631640565,Estimación adecuada
Carolina,1985-1989,1,71.45905207579524,71.58262597143592,70.89004691810804,72.27806463426735,Estimación adecuada
Carolina,1985-1989,2,79.99533355118935,79.79034027438128,78.95356850988881,80.67617555166673,Estimación adecuada
Carolina,1990-1994,1,69.88961527032848,70.26160998009426,69.53703746592913,71.03569532487553,Estimación adecuada
Carolina,1990-1994,2,79.19273965392165,79.26817177735035,78.54615206064915,80.16452047921278,Estimación adecuada
Carolina,1995-1999,1,70.60394767924991,70.9378633066011,70.19257721753108,71.63984163494226,Estimación adecuada
Carolina,1995-1999,2,80.17066355341139,80.06311231935834,79.3441533414215,80.88977158585904,Estimación adecuada
Carolina,2000-2004,1,73.93076115352547,74.05723106114553,73.28416298338769,74.81803536431552,Estimación adecuada
Carolina,2000-2004,2,81.94990115891812,81.78992655538913,80.99046775444633,82.67452677333168,Estimación adecuada
Carolina,2005-2009,1,74.82294831043073,74.91093996417189,74.13629864662926,75.63239516974299,Estimación adecuada
Carolina,2005-2009,2,82.93347404417227,82.84391687299554,81.93563733731875,83.75652306268582,Estimación adecuada
Carolina,2010-2014,1,75.7216623224996,75.9955641749442,75.1916567324221,76.83995220723459,Estimación adecuada
Carolina,2010-2014,2,84.32702876051525,84.15178374935878,83.18723034166008,85.21548883669725,Estimación adecuada
Carolina,2015-2019,1,78.16150181754098,78.07739137201003,77.1832425519689,78.99415372790006,Estimación adecuada
Carolina,2015-2019,2,86.31301087441426,86.04911406964527,84.96052434599832,87.21252044096293,Estimación adecuada
Carolina,2020-2024,1,78.61601699181084,78.33135013710427,77.49529269488362,79.27841701130637,Estimación adecuada
Carolina,2020-2024,2,85.92480146843513,85.55579700130207,84.60245289117552,86.59279137251374,Estimación adecuada
Catano,1980-1984,1,64.71158204088911,66.30407040301989,65.26356515282366,67.408010709486,> e0 observado
Catano,1980-1984,2,75.60330232750007,75.36382489708865,74.11111095486453,76.63311601504935,Estimación adecuada
Catano,1985-1989,1,65.74843366392102,66.99768766641905,65.89577318344556,68.09550803403138,> e0 observado
Catano,1985-1989,2,78.65957711284251,77.27642976578392,76.04891529356979,78.59086238150464,< e0 observado
Catano,1990-1994,1,63.551421617424765,65.4849379584103,64.3343023693176,66.59196246432151,> e0 observado
Catano,1990-1994,2,77.73013012436986,77.18503570509594,75.99988958770953,78.40915975444778,Estimación adecuada
Catano,1995-1999,1,64.95894376240564,66.54345485807528,65.4516081028423,67.68373131866677,> e0 observado
Catano,1995-1999,2,77.8017354936669,77.38023420372943,76.2051134422336,78.67998020937962,Estimación adecuada
Catano,2000-2004,1,69.54736006919788,70.39963102453004,69.31997375936248,71.50265289947357,Estimación adecuada
Catano,2000-2004,2,80.2420833723342,79.29965353382221,78.15489851026331,80.64894787331905,Estimación adecuada
Catano,2005-2009,1,70.0088463290445,71.01725325784105,69.89952097370818,72.10688749999979,Estimación adecuada
Catano,2005-2009,2,82.4846061988492,81.513040967795,79.95277785526574,83.17078070810263,Estimación adecuada
Catano,2010-2014,1,73.04054164065786,73.29554528771553,72.0987729669599,74.54567820312649,Estimación adecuada
Catano,2010-2014,2,85.05347927327067,82.94642891267006,81.30762850725223,84.6807997500144,< e0 observado
Catano,2015-2019,1,73.65254048968006,74.59459001003158,73.22982158600955,75.92864521803114,Estimación adecuada
Catano,2015-2019,2,86.94579083490224,85.00324048067205,83.17561049467265,87.23571512847208,Estimación adecuada
Catano,2020-2024,1,73.01737041087927,73.97678996467134,72.5807076558306,75.341469603737,Estimación adecuada
Catano,2020-2024,2,86.0684794743231,84.60786146313379,82.93007936780756,86.69923142178146,Estimación adecuada
Cayey,1980-1984,1,71.32064492875627,71.19139494451994,70.11154633810979,72.13562739339889,Estimación adecuada
Cayey,1980-1984,2,76.88437352747384,77.21829419088698,76.09171811688239,78.46439623242414,Estimación adecuada
Cayey,1985-1989,1,69.35200072016079,70.01195098178025,69.14613596674299,70.96796543277485,Estimación adecuada
Cayey,1985-1989,2,78.24162311103663,78.17475863909286,77.07066122386827,79.35612312109028,Estimación adecuada
Cayey,1990-1994,1,69.27521430891126,69.96165344036129,69.00981614686724,70.91213833071119,Estimación adecuada
Cayey,1990-1994,2,78.16553833033852,78.3793908587281,77.39203736247097,79.44297651659252,Estimación adecuada
Cayey,1995-1999,1,70.01299547508536,70.57261217963813,69.62352396805296,71.5216833557413,Estimación adecuada
Cayey,1995-1999,2,78.87259018768239,78.95884700116432,77.84358665972714,80.0500864366178,Estimación adecuada
Cayey,2000-2004,1,73.68749999421473,73.68488704851998,72.66656612007355,74.68096720196188,Estimación adecuada
Cayey,2000-2004,2,81.22226473989993,80.59070764518572,79.69273706542492,81.65164480841476,Estimación adecuada
Cayey,2005-2009,1,73.99614368964569,74.5526175029512,73.51231315344737,75.61268578229908,Estimación adecuada
Cayey,2005-2009,2,82.1533699228688,81.85860860662241,80.79117039855119,83.01278673862923,Estimación adecuada
Cayey,2010-2014,1,75.00610378038506,75.60324504918393,74.64190591498075,76.70066545666856,Estimación adecuada
Cayey,2010-2014,2,83.73637939950336,83.34568463384002,82.2360394863333,84.50416666571229,Estimación adecuada
Cayey,2015-2019,1,78.54670044615935,78.29913298317527,77.15907252038339,79.43700979178145,Estimación adecuada
Cayey,2015-2019,2,85.74693279734878,85.14887522506677,83.8759959238954,86.64022443691128,Estimación adecuada
Cayey,2020-2024,1,79.40962956727441,78.98409401828098,77.73592663815118,80.38476996537752,Estimación adecuada
Cayey,2020-2024,2,87.6006348574498,86.76644344291165,85.273227843896,88.30588974208142,Estimación adecuada
Ceiba,1980-1984,1,72.14585176157938,71.57197881599397,70.2093926863393,72.8310373596017,Estimación adecuada
Ceiba,1980-1984,2,78.61104372786001,77.93120898001686,76.41967533012378,79.81569979879157,Estimación adecuada
Ceiba,1985-1989,1,70.6198183166503,70.68368436348905,69.44204255069575,71.91461506725065,Estimación adecuada
Ceiba,1985-1989,2,79.13415807152825,78.40918249434463,77.01368062888918,80.04732492219395,Estimación adecuada
Ceiba,1990-1994,1,71.00935671117365,70.79258287385564,69.45455021820939,72.14380930956037,Estimación adecuada
Ceiba,1990-1994,2,79.17042900270538,78.71742532095729,77.2966583037027,80.27440428657161,Estimación adecuada
Ceiba,1995-1999,1,72.51721647517238,71.54088378612114,70.30885201819048,72.74210198844985,Estimación adecuada
Ceiba,1995-1999,2,78.14728081414309,78.5398206720389,77.12968325334627,80.21077973026978,Estimación adecuada
Ceiba,2000-2004,1,74.86667065353893,73.6830522276378,72.42432087079233,74.96034903434034,Estimación adecuada
Ceiba,2000-2004,2,80.68427804057518,80.82345043512106,79.30904976371085,82.73122795935922,Estimación adecuada
Ceiba,2005-2009,1,76.12252834869311,74.73449711805742,73.39003790759425,76.15314884363585,Estimación adecuada
Ceiba,2005-2009,2,82.7966883833198,82.23096503810025,80.4858658569825,84.31349673908373,Estimación adecuada
Ceiba,2010-2014,1,75.46412666889606,76.18632572868391,74.74476556020696,77.67359802299954,Estimación adecuada
Ceiba,2010-2014,2,81.41353267344712,82.4467540581011,80.92445417478618,84.14421071109092,Estimación adecuada
Ceiba,2015-2019,1,78.54557923356414,77.81314686946233,76.32832218273305,79.62029175334459,Estimación adecuada
Ceiba,2015-2019,2,86.20789836529356,85.48463399198502,83.59220671996601,87.86230796948773,Estimación adecuada
Ceiba,2020-2024,1,72.26101326760208,76.12098111216574,74.70033671730025,77.62571536605557,> e0 observado
Ceiba,2020-2024,2,81.87366447467527,83.96046013215422,82.4759635869995,85.91725368127724,> e0 observado
Ciales,1980-1984,1,73.3601690081269,72.68909049548984,71.4521381992734,73.95118542679376,Estimación adecuada
Ciales,1980-1984,2,79.08450788252533,78.95930830656681,77.4185883478001,80.67396747551886,Estimación adecuada
Ciales,1985-1989,1,73.80385799895002,72.93528395529356,71.5682592244113,74.4003710417566,Estimación adecuada
Ciales,1985-1989,2,79.25761748100682,79.25450940730497,77.76610981646228,81.10915988442883,Estimación adecuada
Ciales,1990-1994,1,72.25274862856378,72.06393052056735,70.87944072443364,73.33326419074284,Estimación adecuada
Ciales,1990-1994,2,79.82543814746265,79.5759833498459,78.18440696042119,81.11508498986488,Estimación adecuada
Ciales,1995-1999,1,71.42663286324974,71.84717383879195,70.58268993581632,73.2307272052595,Estimación adecuada
Ciales,1995-1999,2,79.238381112831,79.7010997078842,78.375548499422,81.4418234135313,Estimación adecuada
Ciales,2000-2004,1,72.8877247015535,73.74710580537769,72.55535092658046,75.0786533328273,Estimación adecuada
Ciales,2000-2004,2,80.83769687356553,81.32711162680414,79.97267665887247,82.92098504878325,Estimación adecuada
Ciales,2005-2009,1,74.52536084511352,74.99083322040411,73.6814016340245,76.2486024569406,Estimación adecuada
Ciales,2005-2009,2,82.13836581268944,82.40755209719003,80.94941507756755,84.18459400647252,Estimación adecuada
Ciales,2010-2014,1,75.83944224399347,76.48398023763849,75.3375613452026,77.71516492610516,Estimación adecuada
Ciales,2010-2014,2,83.18525319463721,83.62597852667852,82.0563822531192,85.27293350591125,Estimación adecuada
Ciales,2015-2019,1,80.35963140996523,78.95291563312236,77.48527887116296,80.59073097553332,Estimación adecuada
Ciales,2015-2019,2,85.16754149388572,85.84953694202906,84.15930399951728,88.12847342723249,Estimación adecuada
Ciales,2020-2024,1,78.0952139934909,78.04361226155324,76.7563286313874,79.31353591428464,Estimación adecuada
Ciales,2020-2024,2,83.7838176468441,84.47068081320157,83.0797245643858,85.9432077704685,Estimación adecuada
Cidra,1980-1984,1,72.92625993210298,73.19525501471112,71.95132176404248,74.44662734597969,Estimación adecuada
Cidra,1980-1984,2,80.25294604658151,79.97898477874824,78.61506104748909,81.4826655508023,Estimación adecuada
Cidra,1985-1989,1,72.65671880748917,72.74047252285845,71.52534456400426,73.9202160876174,Estimación adecuada
Cidra,1985-1989,2,79.2640060129605,79.40393513820683,78.19835526288362,80.76534228795867,Estimación adecuada
Cidra,1990-1994,1,74.59270123853278,73.80896456659667,72.65261451440067,74.97908864278973,Estimación adecuada
Cidra,1990-1994,2,79.58259869878654,79.47339333183072,78.39231889230847,80.64981060793858,Estimación adecuada
Cidra,1995-1999,1,74.21713653214772,73.71608000141555,72.63729110194822,74.85058451743716,Estimación adecuada
Cidra,1995-1999,2,80.46720179098129,80.79565499615886,79.51444164263629,82.24406985455688,Estimación adecuada
Cidra,2000-2004,1,76.1648075054388,75.69857397123717,74.65997111737138,76.85195316038583,Estimación adecuada
Cidra,2000-2004,2,83.06880741955162,82.65466516595268,81.42520606330592,84.04683647553975,Estimación adecuada
Cidra,2005-2009,1,76.2488157847596,76.2577091902263,75.25256306623052,77.34591889086192,Estimación adecuada
Cidra,2005-2009,2,83.29450873472624,83.26497363404064,82.02647567875923,84.5348917877744,Estimación adecuada
Cidra,2010-2014,1,77.33131059096634,77.51367728223308,76.45480285562822,78.72323706627333,Estimación adecuada
Cidra,2010-2014,2,83.46470181390174,83.47567804824935,82.37332905533131,84.90736091175152,Estimación adecuada
Cidra,2015-2019,1,78.97458456608396,79.14019452752032,78.06178740917251,80.31142952803586,Estimación adecuada
Cidra,2015-2019,2,84.69043178604441,85.14313672313658,83.85286862633009,86.57977942921772,Estimación adecuada
Cidra,2020-2024,1,79.7427353948676,79.44379721772648,78.2504455905342,80.77288559593904,Estimación adecuada
Cidra,2020-2024,2,85.33702768748,85.2819696785727,84.0565000587056,86.60782847063626,Estimación adecuada
Coamo,1980-1984,1,71.83261143264684,71.87609748012221,70.76148643328676,73.09217525530264,Estimación adecuada
Coamo,1980-1984,2,77.96592585526496,78.31949461685352,77.10519794269021,79.64013660890367,Estimación adecuada
Coamo,1985-1989,1,71.23431252697634,71.38114185131184,70.43642934013945,72.49406154064955,Estimación adecuada
Coamo,1985-1989,2,77.61875344002883,78.16113442283242,77.01009361175042,79.416921164362,Estimación adecuada
Coamo,1990-1994,1,71.15206342123702,71.246905238723,70.04783594625145,72.26342151536397,Estimación adecuada
Coamo,1990-1994,2,79.52007940092251,79.2635144307095,78.11955954330617,80.5666001341507,Estimación adecuada
Coamo,1995-1999,1,71.1960753395491,71.39986408312137,70.45080316458187,72.42241765066719,Estimación adecuada
Coamo,1995-1999,2,78.423903843953,78.7419534810526,77.68381176369954,79.92259199333351,Estimación adecuada
Coamo,2000-2004,1,73.24248106281058,73.38174811248595,72.38358664852215,74.40277836026576,Estimación adecuada
Coamo,2000-2004,2,81.2524184753369,81.05721805875586,79.93851036335158,82.23344037547092,Estimación adecuada
Coamo,2005-2009,1,76.67061680312946,75.66883606517774,74.70644536269126,76.65924338021479,< e0 observado
Coamo,2005-2009,2,82.50443120167047,82.19802150970824,81.02590135316221,83.5750333606836,Estimación adecuada
Coamo,2010-2014,1,76.08519397019607,75.98986387375993,75.02114633208728,77.0375909766829,Estimación adecuada
Coamo,2010-2014,2,82.76456200780567,82.58478614958612,81.46323593422767,83.94669682744195,Estimación adecuada
Coamo,2015-2019,1,76.3555860235564,76.74022650031654,75.6556563045719,77.82554893143617,Estimación adecuada
Coamo,2015-2019,2,84.32302802936533,84.5239738690284,83.22024571450244,86.02854488545277,Estimación adecuada
Coamo,2020-2024,1,78.73457128285159,77.92301900148533,76.84340763913796,78.99411771399465,Estimación adecuada
Coamo,2020-2024,2,85.32320664794793,85.13848765128088,83.88105137060322,86.64771424353017,Estimación adecuada
Comerio,1980-1984,1,72.39160599187598,72.13882897503925,70.935053078909,73.43439857064452,Estimación adecuada
Comerio,1980-1984,2,80.50714392154065,79.31341211443896,77.77281302545718,81.15722800813836,Estimación adecuada
Comerio,1985-1989,1,72.46599051488649,72.07452713283774,70.76698124143464,73.30700778200163,Estimación adecuada
Comerio,1985-1989,2,79.35372018267553,79.1437929145657,77.83728870641342,80.76895762406758,Estimación adecuada
Comerio,1990-1994,1,72.63261964951914,71.88811227783961,70.69270280258472,73.13342723934353,Estimación adecuada
Comerio,1990-1994,2,78.0865724889923,78.64540585513124,77.30836799086576,80.04231090835309,Estimación adecuada
Comerio,1995-1999,1,71.13227286201818,71.3756256517673,70.13618323827042,72.70788675675271,Estimación adecuada
Comerio,1995-1999,2,78.32248610899435,78.6249881525244,77.37290264082324,80.15535074301846,Estimación adecuada
Comerio,2000-2004,1,73.74046365047266,73.82037772186527,72.60959827388113,75.16667182937248,Estimación adecuada
Comerio,2000-2004,2,80.19913305806267,80.54829717735431,79.17939564729771,82.07167814164987,Estimación adecuada
Comerio,2005-2009,1,75.30350166697882,74.9521538601125,73.74335620891505,76.33691528818315,Estimación adecuada
Comerio,2005-2009,2,81.75843965388886,81.80284048756529,80.51055629579645,83.42939345434684,Estimación adecuada
Comerio,2010-2014,1,77.88992392393747,76.83402055114328,75.49153241195819,78.37189926797872,Estimación adecuada
Comerio,2010-2014,2,83.20589003283447,83.13602760550114,81.57854992589459,84.73582951281516,Estimación adecuada
Comerio,2015-2019,1,76.11616223403381,76.79007326660562,75.55195694980205,78.1259151051099,Estimación adecuada
Comerio,2015-2019,2,84.47935763504815,84.53078118252147,83.1406810255952,86.30046263686438,Estimación adecuada
Comerio,2020-2024,1,75.23982921549162,76.22002046191311,74.90625039774169,77.36106654514867,Estimación adecuada
Comerio,2020-2024,2,83.75928924043123,83.82111550888771,82.65237104672002,85.33991349357588,Estimación adecuada
Corozal,1980-1984,1,72.8434269620364,72.54194823329306,71.43943122899876,73.74869972796574,Estimación adecuada
Corozal,1980-1984,2,78.49552695365927,78.52763231215525,77.22088900581387,79.84853859979266,Estimación adecuada
Corozal,1985-1989,1,74.16679537755694,73.06296356088288,71.92591303310199,74.3138042653903,Estimación adecuada
Corozal,1985-1989,2,78.31409571064404,78.45084226716185,77.33072739670027,79.65390488095856,Estimación adecuada
Corozal,1990-1994,1,71.27571092432538,71.59060812311053,70.43433082235225,72.68969956870063,Estimación adecuada
Corozal,1990-1994,2,78.71157989908842,78.92944208695187,77.83574878396225,79.98323926552722,Estimación adecuada
Corozal,1995-1999,1,71.90053240132126,72.15441336179326,71.10345611125247,73.26078143560527,Estimación adecuada
Corozal,1995-1999,2,81.05061971042039,80.26091602929688,79.11429980440344,81.56415908154779,Estimación adecuada
Corozal,2000-2004,1,75.40121472632262,74.95353592958404,73.84589931393133,76.15358277834203,Estimación adecuada
Corozal,2000-2004,2,82.32727029969571,82.19860963013134,80.7675664570237,83.66870700220477,Estimación adecuada
Corozal,2005-2009,1,75.29676896497347,75.44592421462315,74.30710731604914,76.58195350540377,Estimación adecuada
Corozal,2005-2009,2,81.7668888989548,81.77371079111929,80.71321871097065,83.05686347857336,Estimación adecuada
Corozal,2010-2014,1,76.61800376671373,76.6731676758362,75.65252589210405,77.75299194816922,Estimación adecuada
Corozal,2010-2014,2,83.99620064198638,83.89602016860715,82.49559280409541,85.23832378766498,Estimación adecuada
Corozal,2015-2019,1,78.84838673591865,78.22951020294875,77.12425098112071,79.55924810486812,Estimación adecuada
Corozal,2015-2019,2,84.36621340480359,84.75462781967556,83.35241634842929,86.3693318272983,Estimación adecuada
Corozal,2020-2024,1,76.44862204173214,77.26195425003957,76.13805671980562,78.51004412345424,Estimación adecuada
Corozal,2020-2024,2,85.0591201159125,85.32766177605379,83.9764974885425,86.9937800960897,Estimación adecuada
Culebra,1980-1984,1,94.69722323815856,73.50852283771984,71.46374927624242,75.59430474985518,< e0 observado
Culebra,1980-1984,2,77.11141651027592,80.38738594524602,77.46792154611487,84.90985726669385,> e0 observado
Culebra,1985-1989,1,76.63588305134152,72.79359396261185,71.0857221480411,74.73225194174195,< e0 observado
Culebra,1985-1989,2,84.99417166658453,80.61002758254213,78.3927464009754,83.06832849765216,< e0 observado
Culebra,1990-1994,1,75.23127689590049,72.35205989074953,70.65966782685844,74.22587467095465,< e0 observado
Culebra,1990-1994,2,82.2361338517014,80.5179642131753,78.18689344826912,83.48547301981702,Estimación adecuada
Culebra,1995-1999,1,72.53390965878926,72.67346114978676,70.68483367046878,74.72278021008985,Estimación adecuada
Culebra,1995-1999,2,82.74787501668122,81.34651747391773,78.05364507972048,88.78346889088554,Estimación adecuada
Culebra,2000-2004,1,83.74648606676807,75.45247058024272,73.66940959342811,77.54843685966763,< e0 observado
Culebra,2000-2004,2,81.63132549875367,82.90494804159653,80.70618143275887,85.98378936520339,Estimación adecuada
Culebra,2005-2009,1,79.35518350612848,76.04798566914829,74.1370883020188,78.38935558967731,< e0 observado
Culebra,2005-2009,2,87.82645600917449,84.0642293017635,81.55474731761856,87.60763429162823,< e0 observado
Culebra,2010-2014,1,73.27486001063872,76.91259204976342,74.97484867314574,79.39482036063873,> e0 observado
Culebra,2010-2014,2,84.63331186955911,84.91486977886088,82.10864640901458,88.44717170608718,Estimación adecuada
Culebra,2015-2019,1,73.7782353124013,78.1597729972581,76.01294291310998,80.73209346381088,> e0 observado
Culebra,2015-2019,2,82.80860574041759,86.03276238061059,83.62192500031551,89.92817713025644,> e0 observado
Culebra,2020-2024,1,71.17558414919206,77.60828159866756,75.71825043872752,79.7064384562813,> e0 observado
Culebra,2020-2024,2,81.75048505604273,85.34054987998327,83.11051228836101,88.33422514842705,> e0 observado
Dorado,1980-1984,1,73.06768394242143,72.75316921489812,71.45778717631552,74.0800401147553,Estimación adecuada
Dorado,1980-1984,2,79.57134292897321,79.17665698728183,77.80377798336761,80.64482420861643,Estimación adecuada
Dorado,1985-1989,1,70.98138714935332,71.18202358188748,70.13106134694424,72.32866504749423,Estimación adecuada
Dorado,1985-1989,2,79.66708794032925,79.20750816624667,77.9350446875161,80.67693383369243,Estimación adecuada
Dorado,1990-1994,1,70.60163270459446,71.16235934875776,70.0580173436314,72.2806588455523,Estimación adecuada
Dorado,1990-1994,2,79.66123740902555,79.43026761281689,78.22024222085463,80.66252286462844,Estimación adecuada
Dorado,1995-1999,1,71.14661901491276,71.56825009162372,70.54470620892812,72.63980197300513,Estimación adecuada
Dorado,1995-1999,2,79.34231212268777,79.61989691680483,78.4643931202189,81.03640098204838,Estimación adecuada
Dorado,2000-2004,1,72.80125816712727,73.2587503608292,72.28766466990503,74.29059433810141,Estimación adecuada
Dorado,2000-2004,2,80.51547250678337,80.37981964944407,79.27149101232189,81.55505878375446,Estimación adecuada
Dorado,2005-2009,1,74.74216888739862,74.96897535920182,73.86939009766074,76.15046775447804,Estimación adecuada
Dorado,2005-2009,2,81.55921742419945,81.64502660326738,80.52409278308205,82.95900472681868,Estimación adecuada
Dorado,2010-2014,1,77.3972526095473,77.23673300795646,76.15931751358542,78.48451395627394,Estimación adecuada
Dorado,2010-2014,2,83.78650120499329,83.62284734699821,82.34075764901206,85.08866347666914,Estimación adecuada
Dorado,2015-2019,1,79.05317477178703,78.43880689636381,77.3296820422004,79.70231703162902,Estimación adecuada
Dorado,2015-2019,2,85.0361331038058,85.18049424104427,83.87636724111525,86.86686947987428,Estimación adecuada
Dorado,2020-2024,1,77.54648054972814,77.72786783538224,76.66053765965714,78.99471964644238,Estimación adecuada
Dorado,2020-2024,2,87.81728727976584,86.58513515656058,84.93660544658954,88.52836601593658,Estimación adecuada
Fajardo,1980-1984,1,70.97992961345321,70.41434893428962,69.36362886496002,71.52208869343717,Estimación adecuada
Fajardo,1980-1984,2,77.4034006461853,76.92172681431671,75.78555275246669,78.12647554332578,Estimación adecuada
Fajardo,1985-1989,1,71.1887876704971,70.70778694528414,69.67162986018413,71.75868208106388,Estimación adecuada
Fajardo,1985-1989,2,77.37337374894558,77.26922206098006,76.15290952801679,78.49228327847084,Estimación adecuada
Fajardo,1990-1994,1,68.18099629812696,68.74622918196314,67.78352073601535,69.69771094674766,Estimación adecuada
Fajardo,1990-1994,2,78.11474876521702,77.85744926661201,76.82510105213179,78.98973585530635,Estimación adecuada
Fajardo,1995-1999,1,69.86154006659808,69.99704578192112,68.99007739349031,70.97470052060795,Estimación adecuada
Fajardo,1995-1999,2,78.82934233659792,78.51747083574881,77.4252543786824,79.6689951252529,Estimación adecuada
Fajardo,2000-2004,1,71.85134936418909,72.02043251650687,71.01771361620177,73.13948702278873,Estimación adecuada
Fajardo,2000-2004,2,80.31491904964011,79.8302428779503,78.74383457684195,80.90072163636125,Estimación adecuada
Fajardo,2005-2009,1,72.01498955956528,72.57503719032042,71.51733966780556,73.69088754623277,Estimación adecuada
Fajardo,2005-2009,2,80.42579698255476,80.3368794901937,79.30972698993023,81.53226072829402,Estimación adecuada
Fajardo,2010-2014,1,73.1648079564502,74.16900320448661,73.03829174145314,75.24678564441604,Estimación adecuada
Fajardo,2010-2014,2,81.74247222384632,81.36815331240597,80.28914517293721,82.57937869777935,Estimación adecuada
Fajardo,2015-2019,1,76.15087862256587,76.50517739058617,75.24407934550644,77.78402295412629,Estimación adecuada
Fajardo,2015-2019,2,83.7123556023456,83.70496048032052,82.2546090421209,85.27117996209154,Estimación adecuada
Fajardo,2020-2024,1,74.31868957649468,74.90194342737448,73.77817394226314,75.9487496186994,Estimación adecuada
Fajardo,2020-2024,2,83.33111283123691,83.36358487155347,82.25335821271601,84.81138992730237,Estimación adecuada
Florida,1980-1984,1,71.06938753374574,71.42974988110113,69.95450175441579,72.93246130562302,Estimación adecuada
Florida,1980-1984,2,79.21775098528943,78.45888523936213,76.70053797087307,80.75718280184257,Estimación adecuada
Florida,1985-1989,1,70.64603223425698,70.93484973157985,69.44740148700578,72.3393095542539,Estimación adecuada
Florida,1985-1989,2,74.85144353276169,77.24691894586915,75.75297814386278,79.01104542940881,> e0 observado
Florida,1990-1994,1,70.01533527514864,70.49432840408929,69.05813558670697,71.8073067629596,Estimación adecuada
Florida,1990-1994,2,75.40391537650423,77.29279278999029,75.91578432550178,78.88461280993042,> e0 observado
Florida,1995-1999,1,71.65894113726901,71.51299340969905,70.04274383383306,73.06082045202325,Estimación adecuada
Florida,1995-1999,2,77.29790147374477,78.12288792007537,76.72397689535451,79.56842903250738,Estimación adecuada
Florida,2000-2004,1,75.01444427678842,73.88367542761324,72.53004260580165,75.40430300262503,Estimación adecuada
Florida,2000-2004,2,81.08965307946796,80.68318404828352,79.24145571223406,82.28611108882484,Estimación adecuada
Florida,2005-2009,1,76.54783220170152,74.81425898914549,73.42986671341507,76.20331477048857,< e0 observado
Florida,2005-2009,2,80.52310433234075,81.00275207174255,79.53058559122847,82.65003634406747,Estimación adecuada
Florida,2010-2014,1,79.58931937931183,77.27912398683588,75.83235280935617,78.96888748228118,< e0 observado
Florida,2010-2014,2,84.35262381150902,83.13222823314902,81.6207550330224,84.89522073942966,Estimación adecuada
Florida,2015-2019,1,77.39963673465637,77.16179211392387,75.78591918470975,78.50644029227972,Estimación adecuada
Florida,2015-2019,2,83.04749257512822,83.92027435753405,82.37399451374769,85.76833941473694,Estimación adecuada
Florida,2020-2024,1,76.48138637441758,77.08107078903078,75.72849644392973,78.63199580730328,Estimación adecuada
Florida,2020-2024,2,86.57028869211995,86.08165840452553,84.0859103801961,88.25287874817386,Estimación adecuada
Guanica,1980-1984,1,70.29160656173029,69.94136087054281,68.66367161080153,71.1779416116309,Estimación adecuada
Guanica,1980-1984,2,77.02589204137094,76.69223070202574,75.48886531155013,78.17897515677139,Estimación adecuada
Guanica,1985-1989,1,69.64590752945972,69.52833476330606,68.34992542746483,70.66841906806091,Estimación adecuada
Guanica,1985-1989,2,76.96194389846337,76.80337206812248,75.35635512144354,78.13122801689427,Estimación adecuada
Guanica,1990-1994,1,69.00330089577055,69.11550530338147,67.97038465194521,70.36923289229549,Estimación adecuada
Guanica,1990-1994,2,77.43314529873244,77.1383539637707,75.96653319837665,78.41393964163446,Estimación adecuada
Guanica,1995-1999,1,68.75925697690468,69.35543152880976,68.14612033407457,70.51628274870852,Estimación adecuada
Guanica,1995-1999,2,76.88365176255945,77.09081141352704,75.94804143035175,78.39558712475888,Estimación adecuada
Guanica,2000-2004,1,72.36855900985053,72.03345678293414,70.94191934795724,73.2599467647681,Estimación adecuada
Guanica,2000-2004,2,78.3128127578213,78.6105766818989,77.39384526545035,79.97388963055252,Estimación adecuada
Guanica,2005-2009,1,71.69965700518571,72.22995982405166,71.0403352337562,73.2632485057777,Estimación adecuada
Guanica,2005-2009,2,80.3960001801447,79.95299126110424,78.71301292666436,81.32741685598035,Estimación adecuada
Guanica,2010-2014,1,75.43056531334524,74.53168097226623,73.37265906255372,75.91880234321816,Estimación adecuada
Guanica,2010-2014,2,80.57778836738088,81.1586202834403,79.7927323687766,82.70496497713143,Estimación adecuada
Guanica,2015-2019,1,74.6061778340804,74.73176945925351,73.51028747243554,75.98123650757051,Estimación adecuada
Guanica,2015-2019,2,81.3148683326643,81.76778088489738,80.44199739249788,83.21048720126352,Estimación adecuada
Guanica,2020-2024,1,73.35967274163447,74.51749882190784,73.27492914493486,75.68742648027484,Estimación adecuada
Guanica,2020-2024,2,82.11869011623037,82.07941332422831,80.84583561885667,83.53842819879488,Estimación adecuada
Guayama,1980-1984,1,70.24592277647761,70.23415818183643,69.25589547379685,71.3523640361643,Estimación adecuada
Guayama,1980-1984,2,76.94736099895414,76.86057992851887,75.7660864421073,78.07292999077102,Estimación adecuada
Guayama,1985-1989,1,69.18407376779939,69.45651816744865,68.46871730249973,70.50355614579026,Estimación adecuada
Guayama,1985-1989,2,77.01984994163914,76.92414361554316,75.86332979264341,77.99369748872712,Estimación adecuada
Guayama,1990-1994,1,69.12774545799293,69.51706666426338,68.46086280065121,70.54790977244015,Estimación adecuada
Guayama,1990-1994,2,78.26536534527779,77.85350339214324,76.87910377842817,78.94876657839063,Estimación adecuada
Guayama,1995-1999,1,69.89298463348949,70.15200088641588,69.13605086437035,71.14275293496756,Estimación adecuada
Guayama,1995-1999,2,79.36097539479375,78.67926418527216,77.74810000078118,79.72308965923666,Estimación adecuada
Guayama,2000-2004,1,71.73959231092829,71.98270589898121,70.9480234857192,72.93145006480128,Estimación adecuada
Guayama,2000-2004,2,80.42361640554877,80.08700690839414,78.97657545389549,81.18130084514223,Estimación adecuada
Guayama,2005-2009,1,74.004627225837,73.67942904954884,72.6283856006924,74.77818541010491,Estimación adecuada
Guayama,2005-2009,2,80.66196990050479,80.56072809763991,79.46590483700336,81.76090735160635,Estimación adecuada
Guayama,2010-2014,1,76.0922078825251,75.48700525566059,74.45751784934006,76.62975383552758,Estimación adecuada
Guayama,2010-2014,2,82.22460967328485,81.9376993819059,80.77277896580573,83.12349874628669,Estimación adecuada
Guayama,2015-2019,1,76.61959145312574,76.47720294584406,75.42200168116628,77.60430104058699,Estimación adecuada
Guayama,2015-2019,2,83.4142713899816,83.41830341427601,82.28864444641422,84.80060161473067,Estimación adecuada
Guayama,2020-2024,1,73.93879414262592,75.16998065948235,74.15539335234305,76.2180703386766,> e0 observado
Guayama,2020-2024,2,82.33975114826434,82.6298737639884,81.57111796228772,83.7821807137686,Estimación adecuada
Guayanilla,1980-1984,1,72.58983279684577,71.61777255412859,70.40354689324279,72.76506533896577,Estimación adecuada
Guayanilla,1980-1984,2,77.53353824728316,77.48218404093005,76.24696147288438,78.88858037896517,Estimación adecuada
Guayanilla,1985-1989,1,70.73661721916349,70.47095271128637,69.23959459066825,71.58778699978554,Estimación adecuada
Guayanilla,1985-1989,2,76.86235560972376,76.9345043064385,75.78362084963271,78.12563845511767,Estimación adecuada
Guayanilla,1990-1994,1,72.37752924339648,71.22126525736208,70.05804372930645,72.36852889134312,< e0 observado
Guayanilla,1990-1994,2,78.55250974931681,78.0075001804122,76.81538552771528,79.31222533618211,Estimación adecuada
Guayanilla,1995-1999,1,72.22131902455737,71.25315827317192,70.20416525002054,72.30601883332596,Estimación adecuada
Guayanilla,1995-1999,2,79.14608996325278,78.71585089186527,77.59771507552257,80.09829092900107,Estimación adecuada
Guayanilla,2000-2004,1,74.05744082522244,73.41789111305872,72.27960294908767,74.61002937111044,Estimación adecuada
Guayanilla,2000-2004,2,80.06971551607721,79.84000532748999,78.70113397963988,81.14571236391475,Estimación adecuada
Guayanilla,2005-2009,1,73.36781184296053,73.7250325249146,72.58392413588187,75.0026722240437,Estimación adecuada
Guayanilla,2005-2009,2,79.74433091795808,79.8247908272979,78.70194761078862,80.99070436479369,Estimación adecuada
Guayanilla,2010-2014,1,77.2541883457964,76.05390094677537,74.86831573362907,77.50210313705657,Estimación adecuada
Guayanilla,2010-2014,2,79.95617529124827,80.98429123731614,79.79273696719815,82.4636422532282,Estimación adecuada
Guayanilla,2015-2019,1,74.50306944491258,76.02395346557644,74.70931880842738,77.23088845455372,> e0 observado
Guayanilla,2015-2019,2,85.47648018860491,84.35884419643804,82.91569306973388,86.13978870201721,Estimación adecuada
Guayanilla,2020-2024,1,73.73722385919334,75.16782439292126,74.006655013498,76.34627995677621,> e0 observado
Guayanilla,2020-2024,2,84.46851671921503,84.467274510131,82.87691461229805,86.43025451453225,Estimación adecuada
Guaynabo,1980-1984,1,73.33304020193007,73.23261682684004,72.38927539595595,74.13756611403014,Estimación adecuada
Guaynabo,1980-1984,2,79.57395565229348,79.42441338202639,78.50412637767724,80.38707162704698,Estimación adecuada
Guaynabo,1985-1989,1,73.30720790413426,73.29615466886713,72.41319557878104,74.16932230565095,Estimación adecuada
Guaynabo,1985-1989,2,80.7449894765543,80.45011343987767,79.58202961808742,81.43066551782861,Estimación adecuada
Guaynabo,1990-1994,1,71.64759712414893,72.03969786544725,71.19080280365426,72.92970716972737,Estimación adecuada
Guaynabo,1990-1994,2,80.46155681333546,80.41779561330017,79.46890996338493,81.41500600485952,Estimación adecuada
Guaynabo,1995-1999,1,71.70557982807048,72.19600829923495,71.34208502753808,73.05154494518563,Estimación adecuada
Guaynabo,1995-1999,2,81.61582636139954,81.35239107978293,80.43582715904395,82.44191708863478,Estimación adecuada
Guaynabo,2000-2004,1,74.5460879922691,74.89370230591419,74.00009985516729,75.75030526283976,Estimación adecuada
Guaynabo,2000-2004,2,82.43363591097874,82.43406739297347,81.51866986199008,83.46773891937741,Estimación adecuada
Guaynabo,2005-2009,1,75.40004142189414,75.75862298356364,74.89932261641708,76.63030108988862,Estimación adecuada
Guaynabo,2005-2009,2,83.59622113263238,83.54707684635224,82.55995153698785,84.65875958543057,Estimación adecuada
Guaynabo,2010-2014,1,77.3578270076508,77.51390010989255,76.65791884852155,78.40115859218449,Estimación adecuada
Guaynabo,2010-2014,2,84.62289097742051,84.48743489821265,83.53325440768388,85.56493832921649,Estimación adecuada
Guaynabo,2015-2019,1,79.63090232574721,79.3874037931199,78.3937490859583,80.4196528217794,Estimación adecuada
Guaynabo,2015-2019,2,86.62280196774702,86.30812114968174,85.1541512074381,87.46012665435155,Estimación adecuada
Guaynabo,2020-2024,1,77.36899877443203,77.76112942600454,76.92665519077646,78.67537857029522,Estimación adecuada
Guaynabo,2020-2024,2,86.85241919025239,86.6995932290206,85.49970900658326,87.98369702642677,Estimación adecuada
Gurabo,1980-1984,1,72.10043466021936,72.05042780119904,71.04668317107645,73.15925136252262,Estimación adecuada
Gurabo,1980-1984,2,77.21298943234297,77.7977395622755,76.58873668418782,79.20341809693441,Estimación adecuada
Gurabo,1985-1989,1,72.09864341259255,72.07419169987585,70.79556391348001,73.37364087345408,Estimación adecuada
Gurabo,1985-1989,2,77.83980186096333,78.21326002677668,77.01730271776529,79.51122966339355,Estimación adecuada
Gurabo,1990-1994,1,70.06358422124045,70.78740569222515,69.75396782501532,71.87977619539551,Estimación adecuada
Gurabo,1990-1994,2,78.93586566639773,79.04423175275844,77.82170344275758,80.44861057273303,Estimación adecuada
Gurabo,1995-1999,1,72.62979875914179,72.42836192796668,71.32475494873911,73.48628818051718,Estimación adecuada
Gurabo,1995-1999,2,78.37596544908041,78.87345215151734,77.6833651734312,80.14952215958742,Estimación adecuada
Gurabo,2000-2004,1,73.72455425616529,73.98323875140652,72.95737132024827,75.01283801618824,Estimación adecuada
Gurabo,2000-2004,2,82.16347596555325,81.64308817808809,80.44667734113,82.88128229092088,Estimación adecuada
Gurabo,2005-2009,1,75.38673648949066,75.48738627783914,74.32079823339872,76.70263335198229,Estimación adecuada
Gurabo,2005-2009,2,82.71710063140857,82.37684584709959,81.17672302739227,83.6836274753855,Estimación adecuada
Gurabo,2010-2014,1,75.74184183502217,76.24779393965937,75.12021400892523,77.37856973684444,Estimación adecuada
Gurabo,2010-2014,2,83.66012445857517,83.4387507121684,82.3164622080007,84.77670643083322,Estimación adecuada
Gurabo,2015-2019,1,77.82655629619259,77.92436867455243,76.86747639246995,79.06104170248328,Estimación adecuada
Gurabo,2015-2019,2,86.3751275135532,85.87847940411865,84.45717285346676,87.65547704996317,Estimación adecuada
Gurabo,2020-2024,1,78.1508349062683,77.78220115074345,76.69897740749754,78.88230282665495,Estimación adecuada
Gurabo,2020-2024,2,85.11563140762924,84.82150577625902,83.66670739921511,86.13777096314169,Estimación adecuada
Hatillo,1980-1984,1,71.99152036613721,72.40128805148336,71.25361109180595,73.52457830549373,Estimación adecuada
Hatillo,1980-1984,2,78.9802986931572,78.96674268720781,77.77918954562512,80.2126976140631,Estimación adecuada
Hatillo,1985-1989,1,72.73472078364017,72.47954390862455,71.42238273009968,73.64530218837247,Estimación adecuada
Hatillo,1985-1989,2,79.39464399636921,79.32579431627609,78.12277308696468,80.65805849893916,Estimación adecuada
Hatillo,1990-1994,1,72.2998423174012,72.1150845885393,70.92039435187554,73.18734608209887,Estimación adecuada
Hatillo,1990-1994,2,78.56900864145167,78.4876614645452,77.50266478226543,79.5212466476459,Estimación adecuada
Hatillo,1995-1999,1,72.51848608651568,72.2707902999568,71.31089149538283,73.23149088894274,Estimación adecuada
Hatillo,1995-1999,2,78.33281615395789,78.62313603521837,77.6255929419116,79.63885313507147,Estimación adecuada
Hatillo,2000-2004,1,74.45467151298737,74.13098548060773,73.2442628691358,75.08660474196076,Estimación adecuada
Hatillo,2000-2004,2,80.50637914886045,80.50203499046583,79.53880435016787,81.59974199504376,Estimación adecuada
Hatillo,2005-2009,1,75.71645524793598,75.2549249135493,74.37476909719622,76.28810218454007,Estimación adecuada
Hatillo,2005-2009,2,81.90357972932111,81.83114782966138,80.80317172288964,83.0597736489935,Estimación adecuada
Hatillo,2010-2014,1,77.71502056183984,77.07636238253113,76.06770642770994,78.10174964439847,Estimación adecuada
Hatillo,2010-2014,2,83.87031312176076,83.55266606501102,82.33343682901399,84.9504294639254,Estimación adecuada
Hatillo,2015-2019,1,79.67724729389147,79.01229513022136,77.89615011764548,80.23613759943903,Estimación adecuada
Hatillo,2015-2019,2,84.83403759511111,84.55765316643996,83.45203126810064,85.83436020152988,Estimación adecuada
Hatillo,2020-2024,1,78.47632497278812,78.18916760024035,77.01466730331408,79.41731457220374,Estimación adecuada
Hatillo,2020-2024,2,86.14610937096411,85.24489639053223,84.04449687148319,86.51375061738942,Estimación adecuada
Hormigueros,1980-1984,1,74.05856561737721,73.71799841987612,72.37361397951489,75.19371643659335,Estimación adecuada
Hormigueros,1980-1984,2,79.84974137268954,80.13955179694192,78.27110985539333,82.24198168096224,Estimación adecuada
Hormigueros,1985-1989,1,73.08737524946572,73.00680175692474,71.79694645335542,74.22514544348225,Estimación adecuada
Hormigueros,1985-1989,2,77.720059693455,79.23138305780378,77.73016316609879,80.73460206635733,> e0 observado
Hormigueros,1990-1994,1,74.61350802067456,73.29144619493422,72.05365241871372,74.71169428072872,Estimación adecuada
Hormigueros,1990-1994,2,81.39461486989457,80.77840938995394,79.28734901936056,82.4708944144035,Estimación adecuada
Hormigueros,1995-1999,1,74.87703445651637,73.64195014118324,72.4535916290794,74.81847173609275,< e0 observado
Hormigueros,1995-1999,2,80.45280069334801,80.41476160807089,79.10675805002568,81.93722711007098,Estimación adecuada
Hormigueros,2000-2004,1,75.50618073944777,75.24446199342317,73.85271346657596,76.48727795265808,Estimación adecuada
Hormigueros,2000-2004,2,82.3521641939344,82.17214900124016,80.73021735781194,83.80551449865102,Estimación adecuada
Hormigueros,2005-2009,1,76.10054922666298,76.21744717365141,74.95654943443635,77.54478231232504,Estimación adecuada
Hormigueros,2005-2009,2,84.62944320284578,83.82645095144659,82.29579059396798,85.51692897348332,Estimación adecuada
Hormigueros,2010-2014,1,76.11918178416535,77.07809814756584,75.81526125808804,78.51610109012937,Estimación adecuada
Hormigueros,2010-2014,2,82.71051389712174,83.57690986999552,82.27171138296914,85.1277571635459,Estimación adecuada
Hormigueros,2015-2019,1,77.91392313609006,78.47429682138286,77.10256635848286,79.72702629561633,Estimación adecuada
Hormigueros,2015-2019,2,85.81866120513573,86.3472343129306,84.63068507138716,88.11839192194547,Estimación adecuada
Hormigueros,2020-2024,1,78.36911216509105,78.87991259377443,77.47758381164667,80.39466380165577,Estimación adecuada
Hormigueros,2020-2024,2,86.17552522276296,86.12758470590884,84.68662607901707,87.90369724476811,Estimación adecuada
Humacao,1980-1984,1,70.58258576927221,70.81332513012845,69.83023295199057,71.75762970925621,Estimación adecuada
Humacao,1980-1984,2,75.89477228552336,76.30954915579238,75.39539183951614,77.25064672934752,Estimación adecuada
Humacao,1985-1989,1,70.67071512913827,70.78761721488763,69.80948433370867,71.83684933710038,Estimación adecuada
Humacao,1985-1989,2,78.26869595391119,78.07632250996969,77.03216396221876,79.17774278237583,Estimación adecuada
Humacao,1990-1994,1,69.59966588678492,69.90612937527919,69.04944173937875,70.829815446971807,Estimación adecuada
Humacao,1990-1994,2,78.98527536141168,78.74871526666905,77.6370236361272,79.8553753292795,Estimación adecuada
Humacao,1995-1999,1,71.67034271113566,71.3393535664176,70.36032464202185,72.3194575596614,Estimación adecuada
Humacao,1995-1999,2,78.50994029948488,78.44980779699704,77.53452890304287,79.46356640598803,Estimación adecuada
Humacao,2000-2004,1,73.45461991775991,73.3329909703121,72.36093817293471,74.2941813905081,Estimación adecuada
Humacao,2000-2004,2,79.72370844675466,80.00905058574124,79.01103193089864,81.03966275754676,Estimación adecuada
Humacao,2005-2009,1,73.61846549183731,73.9712067985068,73.02125374068356,74.9338635751483,Estimación adecuada
Humacao,2005-2009,2,81.80291929231979,81.59496819227107,80.66827639425492,82.73159710234282,Estimación adecuada
Humacao,2010-2014,1,75.80326051258055,75.83392370049536,74.80889262082016,76.7892011252723,Estimación adecuada
Humacao,2010-2014,2,83.58584598942798,83.0561184713947,81.97814170900686,84.1991270247194,Estimación adecuada
Humacao,2015-2019,1,76.7386829389743,77.08630160190447,76.08248327620342,78.26175577342565,Estimación adecuada
Humacao,2015-2019,2,84.86787206578826,84.44225991818269,83.35976124336334,85.68859111855781,Estimación adecuada
Humacao,2020-2024,1,76.7404128820364,77.3167829093966,76.30996403576037,78.34719777890031,Estimación adecuada
Humacao,2020-2024,2,84.233200245355,84.28176047309836,83.20786875844779,85.47454629705459,Estimación adecuada
Isabela,1980-1984,1,73.09738020117423,72.71331800312939,71.61700313803422,73.81161404318333,Estimación adecuada
Isabela,1980-1984,2,77.82732250278018,77.90754523118099,76.90635162846488,79.08194454595494,Estimación adecuada
Isabela,1985-1989,1,71.58083949829111,71.55498940310682,70.58593301251219,72.6145702653269,Estimación adecuada
Isabela,1985-1989,2,78.50099967900502,78.28805093661765,77.2815961027948,79.49447895217604,Estimación adecuada
Isabela,1990-1994,1,72.0475169163787,71.5739088637643,70.53935246766073,72.68924762514051,Estimación adecuada
Isabela,1990-1994,2,78.52411999469241,78.50236063314722,77.43464798812538,79.5846224002741,Estimación adecuada
Isabela,1995-1999,1,71.86251133480623,71.55236198397913,70.64574896236846,72.50220587313572,Estimación adecuada
Isabela,1995-1999,2,79.50480811685766,79.3440308972284,78.30884514771095,80.5913986710563,Estimación adecuada
Isabela,2000-2004,1,73.31643311223908,73.29545078890203,72.3251682627948,74.19679715476929,Estimación adecuada
Isabela,2000-2004,2,79.66880055796743,79.86740452491927,78.88448907288462,81.07853134599442,Estimación adecuada
Isabela,2005-2009,1,75.53006169201437,74.82146085674219,73.92624800074674,75.78008778029445,Estimación adecuada
Isabela,2005-2009,2,80.46868606139569,80.72648520109645,79.73947823240893,81.79020197706177,Estimación adecuada
Isabela,2010-2014,1,76.3459756319445,76.05027854438059,75.00299473068584,77.10111088533576,Estimación adecuada
Isabela,2010-2014,2,82.99199255121863,82.71502424643782,81.63892408084989,83.80718793980263,Estimación adecuada
Isabela,2015-2019,1,78.28631956544136,77.83518226700876,76.83611564079325,78.97432554770113,Estimación adecuada
Isabela,2015-2019,2,84.46499781522432,84.20996094503586,82.97688942049527,85.50002470225846,Estimación adecuada
Isabela,2020-2024,1,78.44494383134611,77.46129575328801,76.49402077421782,78.4954024789854,Estimación adecuada
Isabela,2020-2024,2,84.54430409037892,84.94436724221623,83.6268836034595,86.3126297351285,Estimación adecuada
Jayuya,1980-1984,1,71.54820346169252,71.8239154520471,70.64110133123691,73.17759237606796,Estimación adecuada
Jayuya,1980-1984,2,75.83217282493807,77.43350577208074,76.03653838943659,79.08826170732567,> e0 observado
Jayuya,1985-1989,1,71.8852739133792,71.45940094968643,70.24785875265545,72.66565253407727,Estimación adecuada
Jayuya,1985-1989,2,75.89535009908417,77.3692683070833,76.06239340218283,78.76998218492686,> e0 observado
Jayuya,1990-1994,1,71.61501384784762,71.14076415754144,69.7579653245247,72.34921764909899,Estimación adecuada
Jayuya,1990-1994,2,76.60405912768891,78.35805975224656,76.97378335918644,80.0481322245133,> e0 observado
Jayuya,1995-1999,1,72.762612067533,72.10780507764525,70.7835358394581,73.40257915298935,Estimación adecuada
Jayuya,1995-1999,2,78.02341987371616,78.69057636337783,77.42343997849801,80.05407607047121,Estimación adecuada
Jayuya,2000-2004,1,74.804694975474,73.83246310860073,72.58850451399158,75.05186119446202,Estimación adecuada
Jayuya,2000-2004,2,82.26030453801704,81.7389285583819,80.12834993380908,83.5139657868407,Estimación adecuada
Jayuya,2005-2009,1,76.29392429833622,75.44551182979177,74.18355910516506,76.89940944889199,Estimación adecuada
Jayuya,2005-2009,2,83.26574991380474,82.46329142326985,80.8167984087233,84.13907329771777,Estimación adecuada
Jayuya,2010-2014,1,77.86670993006521,76.97885857596118,75.62942689961103,78.4974296564602,Estimación adecuada
Jayuya,2010-2014,2,83.01935062086235,83.24519567819883,81.65933974618756,84.97643522563175,Estimación adecuada
Jayuya,2015-2019,1,79.09662441043547,78.09418642268864,76.70920894972076,79.58311747684819,Estimación adecuada
Jayuya,2015-2019,2,86.09536520292538,85.83712470099312,84.0068284820363,88.12481482248036,Estimación adecuada
Jayuya,2020-2024,1,80.33778345942194,79.0114356356487,77.49922327163094,80.79367292037982,Estimación adecuada
Jayuya,2020-2024,2,86.05790395955583,85.61869053161988,83.81273416184835,87.72290105242348,Estimación adecuada
Juana Diaz,1980-1984,1,71.10192241498234,71.03975034417579,70.00820179189465,72.04288155927358,Estimación adecuada
Juana Diaz,1980-1984,2,76.03760260059695,76.67800800436196,75.49606067574224,77.80264972599727,Estimación adecuada
Juana Diaz,1985-1989,1,70.59066146569734,70.66366363016014,69.74874153061594,71.67504537404226,Estimación adecuada
Juana Diaz,1985-1989,2,77.72376003285237,77.83214927938721,76.80875257670063,78.96629255381241,Estimación adecuada
Juana Diaz,1990-1994,1,70.59462619152536,70.63231189211969,69.63652255096177,71.53852707551506,Estimación adecuada
Juana Diaz,1990-1994,2,77.80758248720088,78.0256131747411,77.04896612826762,79.13707103942848,Estimación adecuada
Juana Diaz,1995-1999,1,70.63826210363753,70.66483204109718,69.83200327056271,71.62342106432844,Estimación adecuada
Juana Diaz,1995-1999,2,78.23721855538598,78.32212262301627,77.31637652153157,79.31808412491488,Estimación adecuada
Juana Diaz,2000-2004,1,72.42010194033637,72.72355936768398,71.77310058969009,73.65492362706689,Estimación adecuada
Juana Diaz,2000-2004,2,80.07095731748443,80.04758094747923,78.94953560690806,81.2268407814938,Estimación adecuada
Juana Diaz,2005-2009,1,74.09224072675535,74.31241609187714,73.33316202465726,75.36544105330532,Estimación adecuada
Juana Diaz,2005-2009,2,81.70478408921697,81.49091743751114,80.41100667492489,82.67755616969735,Estimación adecuada
Juana Diaz,2010-2014,1,75.9826744595313,75.94086664619158,74.91201945142637,77.03375584547119,Estimación adecuada
Juana Diaz,2010-2014,2,82.91141974537287,82.7595695333028,81.58420337683805,84.03727945432986,Estimación adecuada
Juana Diaz,2015-2019,1,77.4756453319244,77.31467759909134,76.25134868478845,78.3593766516248,Estimación adecuada
Juana Diaz,2015-2019,2,86.60689455981232,85.77808773528218,84.33085921199982,87.39343399918684,Estimación adecuada
Juana Diaz,2020-2024,1,76.12481522857756,76.51791189024391,75.54053078258399,77.6515585187358,Estimación adecuada
Juana Diaz,2020-2024,2,86.09723573194701,85.31644792650322,84.03436917487579,86.81094614881447,Estimación adecuada
Juncos,1980-1984,1,70.4832974097173,70.6881780745883,69.53130085494512,71.83485084064175,Estimación adecuada
Juncos,1980-1984,2,77.17475536145652,77.1350237152075,75.99130636688434,78.43251151547234,Estimación adecuada
Juncos,1985-1989,1,69.32349287604664,69.99603042239752,68.88969243473927,71.11409965811566,Estimación adecuada
Juncos,1985-1989,2,77.84087141019062,77.53873131531212,76.39969066083583,78.75316242045767,Estimación adecuada
Juncos,1990-1994,1,69.26314387145591,69.76586338378297,68.73175523034915,70.8685827349853,Estimación adecuada
Juncos,1990-1994,2,78.64376251745605,78.37331873664166,77.19669336948711,79.65350330033085,Estimación adecuada
Juncos,1995-1999,1,70.43259716290989,70.55240542706889,69.58900313585046,71.61799601625901,Estimación adecuada
Juncos,1995-1999,2,78.88321244236762,78.6828461569531,77.6530741256695,79.88821127332619,Estimación adecuada
Juncos,2000-2004,1,73.50676785386435,73.33249491749872,72.2894993121131,74.36086743588217,Estimación adecuada
Juncos,2000-2004,2,80.82760129992721,80.3776384854707,79.33065296074783,81.65522042017743,Estimación adecuada
Juncos,2005-2009,1,72.5823719234395,73.1484968899448,72.14364927095329,74.20473828218651,Estimación adecuada
Juncos,2005-2009,2,80.29148928265256,80.44024069230719,79.25622140256137,81.67618125941202,Estimación adecuada
Juncos,2010-2014,1,74.05814861532626,74.69877456634694,73.6673409360704,75.76110541641381,Estimación adecuada
Juncos,2010-2014,2,82.42841718245143,82.49444020405187,81.23411972742902,84.00811723480781,Estimación adecuada
Juncos,2015-2019,1,76.99651467647962,76.90778018413766,75.80676519308037,77.99150920132801,Estimación adecuada
Juncos,2015-2019,2,83.23323259682593,83.52193837170388,82.21433071017725,85.03125517149678,Estimación adecuada
Juncos,2020-2024,1,76.96779959385644,76.51035407741968,75.41493184915127,77.70857764504562,Estimación adecuada
Juncos,2020-2024,2,85.00221618874696,84.51777975447088,83.13009192858681,86.09769219251058,Estimación adecuada
Lajas,1980-1984,1,72.46316902920564,72.02027767124014,70.9946949681724,73.13208977399879,Estimación adecuada
Lajas,1980-1984,2,77.35030656462364,77.92505474671874,76.65358226716906,79.10070359524921,Estimación adecuada
Lajas,1985-1989,1,73.36206024807198,72.521156032958,71.22033606770769,73.75645339793225,Estimación adecuada
Lajas,1985-1989,2,77.65847465397064,77.90266766473906,76.91157451309341,79.10072020353385,Estimación adecuada
Lajas,1990-1994,1,72.37357825429245,71.98724955216919,70.78903497112023,73.08716163740816,Estimación adecuada
Lajas,1990-1994,2,79.66328406009775,79.3062632095118,78.08624070743579,80.64273311750871,Estimación adecuada
Lajas,1995-1999,1,72.56496891931091,72.1306651192784,71.05224416284946,73.2586674460685,Estimación adecuada
Lajas,1995-1999,2,79.70456393493818,79.63791848990743,78.56546578824884,81.03379195036233,Estimación adecuada
Lajas,2000-2004,1,74.14208023792457,73.99612368651651,72.89640399068523,75.10230775936924,Estimación adecuada
Lajas,2000-2004,2,81.18752068509266,81.01636127969059,79.83309086923217,82.34269487025239,Estimación adecuada
Lajas,2005-2009,1,76.68683187769454,75.41267570619989,74.37873813628948,76.55387054881108,< e0 observado
Lajas,2005-2009,2,81.73140373208773,81.74715052681553,80.49553500776355,83.13910559165681,Estimación adecuada
Lajas,2010-2014,1,76.92095663234578,76.44805835278453,75.13313015683983,77.7364150388506,Estimación adecuada
Lajas,2010-2014,2,83.39940774512145,83.43742959099468,82.04418571585703,84.9065704173098,Estimación adecuada
Lajas,2015-2019,1,79.16417400599892,78.14016783152232,76.84228271256325,79.43934382526186,Estimación adecuada
Lajas,2015-2019,2,84.33383648976294,84.6787061734974,83.29587873549137,86.22023794961667,Estimación adecuada
Lajas,2020-2024,1,78.13171144418278,77.52618661072097,76.31360838584293,78.71329347132507,Estimación adecuada
Lajas,2020-2024,2,85.69664696158718,85.51355253896669,84.07133472346305,87.30718693090647,Estimación adecuada
Lares,1980-1984,1,70.93967460008611,71.77768261641188,70.73233593986333,72.8286283674955,Estimación adecuada
Lares,1980-1984,2,80.07304720190547,79.74890847165022,78.393050049895,81.3578129372268,Estimación adecuada
Lares,1985-1989,1,72.07284835603735,72.25569445386178,71.13209736164416,73.38609909519052,Estimación adecuada
Lares,1985-1989,2,80.12906339800288,79.63513710590755,78.38531682075352,81.06207443324212,Estimación adecuada
Lares,1990-1994,1,71.99408741634562,71.96960903441371,70.82305354977977,73.12801931133637,Estimación adecuada
Lares,1990-1994,2,78.72924701770712,78.84550491664692,77.75986544441768,80.14903845055801,Estimación adecuada
Lares,1995-1999,1,74.58529726703922,73.73313336488327,72.59798120447017,74.88526162556774,Estimación adecuada
Lares,1995-1999,2,81.29595428708723,80.74762658911165,79.53086770583609,82.0259726602691,Estimación adecuada
Lares,2000-2004,1,75.1110712856121,74.8187253657346,73.81321803885938,75.81803688898366,Estimación adecuada
Lares,2000-2004,2,81.70641489338435,81.71709344118892,80.5460089765288,83.09726858842603,Estimación adecuada
Lares,2005-2009,1,76.5462882162104,75.70328347648565,74.64821877840338,76.7738078494967,Estimación adecuada
Lares,2005-2009,2,82.28400989612267,82.22138174919678,80.9932377830246,83.5637592775881,Estimación adecuada
Lares,2010-2014,1,79.39080265192932,78.20569935713146,77.00312624855484,79.39227062946287,Estimación adecuada
Lares,2010-2014,2,82.72140750112155,82.59080053734914,81.5453451984899,83.86797727476848,Estimación adecuada
Lares,2015-2019,1,78.13032401868809,77.88350718858669,76.71203271377625,79.04266660557983,Estimación adecuada
Lares,2015-2019,2,84.424471152182,84.5200237670639,83.2482766028282,86.05192932187035,Estimación adecuada
Lares,2020-2024,1,77.84495769277572,78.03798685182204,76.92871119801511,79.18309638657111,Estimación adecuada
Lares,2020-2024,2,84.10188803972103,84.7146541029179,83.5267675153898,86.16369293282716,Estimación adecuada
Las Marias,1980-1984,1,73.81563474744125,73.48087070233254,71.98587146308435,74.90643333422783,Estimación adecuada
Las Marias,1980-1984,2,83.88520673112671,81.13623176851166,79.26082013776882,83.62288187999667,< e0 observado
Las Marias,1985-1989,1,73.62469730038673,73.18243616895698,71.77718116959605,74.62290462982021,Estimación adecuada
Las Marias,1985-1989,2,78.14820547870697,79.86553706372553,78.23787246009422,81.86005739872952,> e0 observado
Las Marias,1990-1994,1,74.00881730690156,73.36540381406527,71.8205295566877,74.75066742917816,Estimación adecuada
Las Marias,1990-1994,2,80.22328205184606,80.72704872925536,78.94227169485283,82.81627174970487,Estimación adecuada
Las Marias,1995-1999,1,75.13206537448636,73.73762973893835,72.3198107891949,75.27770475812954,Estimación adecuada
Las Marias,1995-1999,2,81.22000339132549,81.12489514427641,79.47995746895992,82.99359542336393,Estimación adecuada
Las Marias,2000-2004,1,77.0746887546824,75.68185137505353,74.29372365815787,77.18301620965849,Estimación adecuada
Las Marias,2000-2004,2,81.22993587246654,82.71800102811491,80.89061896468391,84.91046050728153,Estimación adecuada
Las Marias,2005-2009,1,78.94241289794024,76.92032572568624,75.44894015863231,78.71001808299111,< e0 observado
Las Marias,2005-2009,2,82.45741722564794,83.59932393685806,81.74020863107066,85.82604726147211,Estimación adecuada
Las Marias,2010-2014,1,78.9874533300309,77.46206938168206,76.18515269919688,78.77463924020165,< e0 observado
Las Marias,2010-2014,2,85.68826589307866,85.05743506557445,83.28299590835609,87.45744209613507,Estimación adecuada
Las Marias,2015-2019,1,78.44180353450636,79.2735264938436,77.80059377304012,80.99424584011825,Estimación adecuada
Las Marias,2015-2019,2,86.2119644760504,86.18551481300568,84.14555981956013,88.60713472195833,Estimación adecuada
Las Marias,2020-2024,1,78.65869602395698,78.90941766198891,77.53830026266925,80.53169455439561,Estimación adecuada
Las Marias,2020-2024,2,88.4892406052294,87.43653913320568,85.2131093296418,90.57411683937381,Estimación adecuada
Las Piedras,1980-1984,1,72.4628953772312,72.66243945490378,71.43698917569078,73.95762157940854,Estimación adecuada
Las Piedras,1980-1984,2,77.65886672068534,78.12623694148115,76.87058964944688,79.5999839698779,Estimación adecuada
Las Piedras,1985-1989,1,72.6175420547073,72.34860075886509,71.18773497679597,73.55341980174877,Estimación adecuada
Las Piedras,1985-1989,2,79.00116087428613,79.12129603784595,77.81370633209924,80.49785354614039,Estimación adecuada
Las Piedras,1990-1994,1,71.55978947014577,71.81356467996588,70.72146909879804,72.88821346900434,Estimación adecuada
Las Piedras,1990-1994,2,78.8936505301308,78.8951935618291,77.83817901452534,80.14631857763338,Estimación adecuada
Las Piedras,1995-1999,1,73.7555375015721,72.91935109439862,71.75185024427672,74.10574147524085,Estimación adecuada
Las Piedras,1995-1999,2,79.79933667371475,79.8487053226366,78.65228911611706,81.02341912756039,Estimación adecuada
Las Piedras,2000-2004,1,74.83778165388009,74.51791343133407,73.51479387471989,75.7367716917235,Estimación adecuada
Las Piedras,2000-2004,2,80.54014043533199,80.57575391768384,79.4943083606176,81.81669611921895,Estimación adecuada
Las Piedras,2005-2009,1,76.55584156350447,75.81775043848381,74.75493397523726,76.91103144215452,Estimación adecuada
Las Piedras,2005-2009,2,82.30870059101942,82.42547000926027,81.2261478249088,83.90887805439593,Estimación adecuada
Las Piedras,2010-2014,1,75.93351372986655,76.43360293492907,75.31839986060487,77.70228024088705,Estimación adecuada
Las Piedras,2010-2014,2,82.5650052808105,82.74437792552251,81.60787077582836,84.11475442385172,Estimación adecuada
Las Piedras,2015-2019,1,78.58935894309695,78.32666970415343,77.15847680433758,79.66456834041439,Estimación adecuada
Las Piedras,2015-2019,2,85.3607640329745,85.15264393140905,83.9000770738232,86.73867406392097,Estimación adecuada
Las Piedras,2020-2024,1,77.65607135099413,77.83855325715042,76.68968255019423,79.06511515657749,Estimación adecuada
Las Piedras,2020-2024,2,85.02534012586074,84.91799630736949,83.79997025370527,86.21172729791539,Estimación adecuada
Loiza,1980-1984,1,71.29708119790713,70.83310137676361,69.50237849327952,72.19082813051693,Estimación adecuada
Loiza,1980-1984,2,77.96280313581073,77.47758276782696,76.13720276669659,79.03905323663129,Estimación adecuada
Loiza,1985-1989,1,71.11235934077855,70.66588839585594,69.4217280568401,71.8799232971143,Estimación adecuada
Loiza,1985-1989,2,79.76441464134875,78.66065869332053,77.07044791281888,80.18768120216272,Estimación adecuada
Loiza,1990-1994,1,68.65505357436209,69.29367574272547,67.97623545188402,70.48604775697366,Estimación adecuada
Loiza,1990-1994,2,77.83527198679872,77.91149852617785,76.62051528926806,79.2513613536796,Estimación adecuada
Loiza,1995-1999,1,67.54575668322258,69.1122050333762,67.90904004064431,70.28596726694818,> e0 observado
Loiza,1995-1999,2,80.44991909621369,79.48471186962112,78.09777193991651,81.05658195565553,Estimación adecuada
Loiza,2000-2004,1,69.21795433977262,71.17731054373657,70.09558782275131,72.49987003146853,> e0 observado
Loiza,2000-2004,2,83.71722475677984,81.93378238593341,80.33141588879899,83.80797035031142,Estimación adecuada
Loiza,2005-2009,1,69.49244819404063,71.8528892110194,70.67735267917163,73.02183348199276,> e0 observado
Loiza,2005-2009,2,81.62588342717608,81.32416440419749,79.9565804259092,82.76715551143512,Estimación adecuada
Loiza,2010-2014,1,72.71620374599513,74.42631039390855,73.18391816490116,75.86307041181834,> e0 observado
Loiza,2010-2014,2,83.22740715687155,82.8367317421633,81.48053751842374,84.28079822109706,Estimación adecuada
Loiza,2015-2019,1,76.42256809809959,76.66916522694727,75.34159259126008,78.09045005007772,Estimación adecuada
Loiza,2015-2019,2,84.58243093379357,84.54625269607546,83.07805411499568,86.34979926362156,Estimación adecuada
Loiza,2020-2024,1,74.30071613355503,75.65471189665041,74.34535762193595,76.95652525984686,> e0 observado
Loiza,2020-2024,2,85.89228425330265,84.98926743192058,83.3740615607602,86.80454724515933,Estimación adecuada
Luquillo,1980-1984,1,71.32237106066451,70.9341859644494,69.77341205966206,72.18113712632466,Estimación adecuada
Luquillo,1980-1984,2,96.21054523115929,79.92634653735871,77.98574868914501,82.68643119020818,< e0 observado
Luquillo,1985-1989,1,70.58391307233262,70.6977190283729,69.44796955641854,71.94562279619728,Estimación adecuada
Luquillo,1985-1989,2,75.85277823303889,76.81265068944316,75.50051940494069,78.11646338763796,Estimación adecuada
Luquillo,1990-1994,1,69.78687362564872,70.02835787836824,68.66155482285558,71.3046529571491,Estimación adecuada
Luquillo,1990-1994,2,78.65540822491414,78.32397865418662,77.0085647980778,79.92388014609934,Estimación adecuada
Luquillo,1995-1999,1,68.84529148191722,69.60118852416676,68.32333126584724,70.86444618470901,Estimación adecuada
Luquillo,1995-1999,2,77.57073371934368,77.94994565488338,76.52952002750413,79.48550377954558,Estimación adecuada
Luquillo,2000-2004,1,71.56692809461028,72.10546709521495,70.87748998862071,73.37648384836656,Estimación adecuada
Luquillo,2000-2004,2,80.93857359304148,80.5927471078135,79.18537785217902,82.1938222079175,Estimación adecuada
Luquillo,2005-2009,1,73.66197666420697,73.89414441199295,72.57667745639617,75.15381446250909,Estimación adecuada
Luquillo,2005-2009,2,80.16453384109049,80.38787929500998,79.1715814493103,81.83719434599884,Estimación adecuada
Luquillo,2010-2014,1,74.125398030716255,75.02157342250993,73.71793276842594,76.29280741839044,Estimación adecuada
Luquillo,2010-2014,2,83.56937802942338,82.97256155243957,81.44180131396679,84.58770765248714,Estimación adecuada
Luquillo,2015-2019,1,78.24158315716944,77.10716764955313,75.9298878970397,78.29589873273191,Estimación adecuada
Luquillo,2015-2019,2,86.16375324393145,85.20014034629045,83.43285597240889,87.219826472929455,Estimación adecuada
Luquillo,2020-2024,1,76.82778593702754,76.46060729831366,75.1928488145442,77.77596714983521,Estimación adecuada
Luquillo,2020-2024,2,84.96686508096819,84.57410487615331,83.12520044183059,86.51109558789828,Estimación adecuada
Manati,1980-1984,1,69.99769254598455,70.33865676511277,69.31000542426487,71.47928431746357,Estimación adecuada
Manati,1980-1984,2,76.91897319341015,77.03731542044193,76.04196416308905,78.13697903086045,Estimación adecuada
Manati,1985-1989,1,69.40848405753856,69.94552421490405,68.96237758249168,70.98804488509279,Estimación adecuada
Manati,1985-1989,2,78.1365208528677,77.9841387897666,76.72202466836026,79.31659495263409,Estimación adecuada
Manati,1990-1994,1,69.23507276864738,69.84494278615344,68.87682854473236,70.91463318468944,Estimación adecuada
Manati,1990-1994,2,78.13694859634435,78.02634736595692,77.06001455121508,79.1502471842758,Estimación adecuada
Manati,1995-1999,1,70.56621278613628,70.77950471596478,69.7896571829539,71.76452387068274,Estimación adecuada
Manati,1995-1999,2,78.18010801536123,78.33591089452779,77.2939603828747,79.45395099416407,Estimación adecuada
Manati,2000-2004,1,73.5059956746808,73.21417582981498,72.14348976490417,74.2787643301116,Estimación adecuada
Manati,2000-2004,2,79.921946292628,79.8698993307801,78.86026893731855,80.97605494221665,Estimación adecuada
Manati,2005-2009,1,74.42317304268016,74.3969279790421,73.36716419658383,75.33225721886896,Estimación adecuada
Manati,2005-2009,2,81.69558612867581,81.30735711738262,80.2833019028058,82.51856992338693,Estimación adecuada
Manati,2010-2014,1,75.79949582054559,75.66067333756718,74.62479941603414,76.73571627853161,Estimación adecuada
Manati,2010-2014,2,82.46392723255103,82.11385748199501,81.08800687012119,83.29405317880146,Estimación adecuada
Manati,2015-2019,1,76.50082129222024,76.7917589112986,75.6888596750288,77.8535274177693,Estimación adecuada
Manati,2015-2019,2,84.47543845885097,84.15714826261811,83.06451634426249,85.37289553226846,Estimación adecuada
Manati,2020-2024,1,76.6410779362147,76.50946062312781,75.49546452256506,77.5363897049697,Estimación adecuada
Manati,2020-2024,2,84.79279277649533,84.48954852941537,83.22965660153018,86.00628446883266,Estimación adecuada
Maricao,1980-1984,1,68.60202825310121,71.66759070837196,70.16103192008121,73.22916536231084,> e0 observado
Maricao,1980-1984,2,78.09479107390814,78.9928233307381,77.31096308154667,81.07001609930596,Estimación adecuada
Maricao,1985-1989,1,74.96773339223955,72.96705284854731,71.4277110719451,74.54776791112153,< e0 observado
Maricao,1985-1989,2,78.61629942834107,79.52814943777994,77.61119241082893,81.69450975528288,Estimación adecuada
Maricao,1990-1994,1,71.6682444194189,71.6711937167827,70.16865078979122,73.26732440652611,Estimación adecuada
Maricao,1990-1994,2,78.7855059436943,79.83066124450492,78.05236172452538,82.07951435910233,Estimación adecuada
Maricao,1995-1999,1,71.33878340346546,71.96524669257789,70.28516824405574,73.4211938795889,Estimación adecuada
Maricao,1995-1999,2,78.99834861586001,80.327141613239,78.44936732079886,82.57297672726733,Estimación adecuada
Maricao,2000-2004,1,77.71513177879464,75.25931456540312,73.4978469004369,77.18364788907469,< e0 observado
Maricao,2000-2004,2,80.22542908124815,81.73530132002875,79.45040569208426,84.01524868909189,Estimación adecuada
Maricao,2005-2009,1,77.40367339569201,75.62879143864282,73.96194687665583,77.45636098089696,Estimación adecuada
Maricao,2005-2009,2,82.65920888615886,83.07445412434282,81.07759094983061,85.42497138246212,Estimación adecuada
Maricao,2010-2014,1,78.78632855189304,77.14719472892946,75.38068716840158,78.97617454763173,Estimación adecuada
Maricao,2010-2014,2,86.34203171038145,85.40264981190941,82.99168506229486,88.36222842425931,Estimación adecuada
Maricao,2015-2019,1,75.94252949549474,78.03061580115728,76.31469897529148,79.97332519004544,> e0 observado
Maricao,2015-2019,2,88.98166952275554,86.96717218171474,84.45692443739397,90.73838438867844,Estimación adecuada
Maricao,2020-2024,1,78.97029384636113,78.22984449463836,76.31355061987418,80.53318394486722,Estimación adecuada
Maricao,2020-2024,2,84.52027651105944,84.36340377468576,82.50531808250777,86.5799604032695,Estimación adecuada
Maunabo,1980-1984,1,71.14680086853208,71.71262053660965,70.38899100884589,73.1521163750569,Estimación adecuada
Maunabo,1980-1984,2,78.1067644645637,78.5289171697004,77.00869756448012,80.09325389264652,Estimación adecuada
Maunabo,1985-1989,1,73.14754634531097,72.16628934425086,70.76660845091973,73.6595702362896,Estimación adecuada
Maunabo,1985-1989,2,80.26716511735238,79.35551999038546,77.91922579572861,81.09911375616076,Estimación adecuada
Maunabo,1990-1994,1,72.41659695481869,71.98488328427179,70.64960031161368,73.32011810548329,Estimación adecuada
Maunabo,1990-1994,2,80.63599878230829,80.01143000083243,78.52509759050304,81.68142716056043,Estimación adecuada
Maunabo,1995-1999,1,71.29560582062038,71.45041596394475,70.0076311346948,72.68398743728181,Estimación adecuada
Maunabo,1995-1999,2,79.21035551708708,79.68372012852748,78.23190879041994,81.51943315991038,Estimación adecuada
Maunabo,2000-2004,1,73.80432839475543,73.84460592631092,72.44020183097548,75.29616928123993,Estimación adecuada
Maunabo,2000-2004,2,81.50289326156216,81.37186747290228,79.8302938427493,83.06417476085606,Estimación adecuada
Maunabo,2005-2009,1,74.64232752557565,74.31621648628948,73.1414377666143,75.80183173617475,Estimación adecuada
Maunabo,2005-2009,2,82.94220641756984,82.97917007345679,81.32249790738507,85.05237678197399,Estimación adecuada
Maunabo,2010-2014,1,74.8339607817344,75.51011885582088,74.1738739419417,76.92710092370646,Estimación adecuada
Maunabo,2010-2014,2,84.96652627183896,84.70999931041933,82.69239661475304,87.3956225657639,Estimación adecuada
Maunabo,2015-2019,1,78.86941488241771,77.67752650060265,76.40473191443452,79.14030406769864,Estimación adecuada
Maunabo,2015-2019,2,85.85027789954904,85.41269931040509,83.55814163062128,87.6487058903826,Estimación adecuada
Maunabo,2020-2024,1,73.9175174535675,76.217078318221,74.92516210751708,77.56524980173927,> e0 observado
Maunabo,2020-2024,2,82.49945155414667,83.297154271204,81.93941362912459,85.01596533084656,Estimación adecuada
Mayaguez,1980-1984,1,70.16347210674796,70.40862965682328,69.54611730466665,71.2916266187261,Estimación adecuada
Mayaguez,1980-1984,2,77.60512196844877,77.4477373327437,76.59145741212521,78.24486064119674,Estimación adecuada
Mayaguez,1985-1989,1,70.43422694514761,70.55580824411777,69.78180998667771,71.34145846351116,Estimación adecuada
Mayaguez,1985-1989,2,77.94340408933364,77.90436213254245,77.16550618965493,78.77334176626032,Estimación adecuada
Mayaguez,1990-1994,1,70.24642591292358,70.3219274724654,69.57453046206057,71.11308108180407,Estimación adecuada
Mayaguez,1990-1994,2,78.67215935241931,78.4883156885692,77.64086710434582,79.37288201320285,Estimación adecuada
Mayaguez,1995-1999,1,70.79228679899191,70.90574277389985,70.09975819936854,71.69433012952837,Estimación adecuada
Mayaguez,1995-1999,2,79.57023177554109,79.43103604087328,78.49588560205883,80.30157158610167,Estimación adecuada
Mayaguez,2000-2004,1,73.63502357565517,73.50335081728227,72.7073727924639,74.30193868731226,Estimación adecuada
Mayaguez,2000-2004,2,81.32752458798765,81.09659857950166,80.17850517323426,82.08435180913479,Estimación adecuada
Mayaguez,2005-2009,1,73.96494214443702,73.99260140660357,73.2209927381149,74.81559191764957,Estimación adecuada
Mayaguez,2005-2009,2,81.49974889865346,81.41762285445972,80.52259786773318,82.40663176054557,Estimación adecuada
Mayaguez,2010-2014,1,74.96249416874119,74.96118634980988,74.15399571317062,75.83068604489165,Estimación adecuada
Mayaguez,2010-2014,2,82.81805760395481,82.76246842227604,81.77699830731613,83.95814824611115,Estimación adecuada
Mayaguez,2015-2019,1,77.18178911462695,77.28052059101489,76.24660419548593,78.27254032107312,Estimación adecuada
Mayaguez,2015-2019,2,85.03789447163464,84.88596381536868,83.81603502405447,86.22966873645214,Estimación adecuada
Mayaguez,2020-2024,1,76.09571809909919,76.45154961320107,75.52370451861982,77.49076305704493,Estimación adecuada
Mayaguez,2020-2024,2,84.85251261520094,84.87899852987304,83.7889723297164,86.00072499981603,Estimación adecuada
Moca,1980-1984,1,71.47861356859958,72.37498453673527,71.27751594395023,73.48351777426194,Estimación adecuada
Moca,1980-1984,2,77.57729967024724,78.33203329451214,76.96658253328468,79.6836870812784,Estimación adecuada
Moca,1985-1989,1,74.13223338906987,73.46581922700236,72.40403955665117,74.54992715696382,Estimación adecuada
Moca,1985-1989,2,78.76717836323876,79.02503279246878,77.82970278446554,80.35277982029677,Estimación adecuada
Moca,1990-1994,1,74.38613122856178,73.54927838976768,72.49075966829336,74.64781799944504,Estimación adecuada
Moca,1990-1994,2,79.33086248782432,79.38056932035687,78.17707185753906,80.65706990381912,Estimación adecuada
Moca,1995-1999,1,73.93016893221346,73.40017767734423,72.36829477265421,74.48423314548818,Estimación adecuada
Moca,1995-1999,2,79.92298518560595,79.75056804462118,78.74950171025911,80.93523152739446,Estimación adecuada
Moca,2000-2004,1,76.88913106198095,75.87846483570897,74.83449946113483,77.01826610982523,Estimación adecuada
Moca,2000-2004,2,81.20152141336699,81.60817013086984,80.38386314223943,83.12315264768907,Estimación adecuada
Moca,2005-2009,1,78.23027972920578,77.14354970435349,76.07046366407134,78.3204434125483,Estimación adecuada
Moca,2005-2009,2,81.64729368972594,82.01567186988946,80.97172003720893,83.33069401168743,Estimación adecuada
Moca,2010-2014,1,78.39894219071823,77.92205218781315,76.84018630491022,79.08794387517274,Estimación adecuada
Moca,2010-2014,2,82.3431083414248,82.7950382908861,81.57786698439207,84.11006808303563,Estimación adecuada
Moca,2015-2019,1,78.86942315370179,78.61154993465837,77.54711446757874,79.67398606620542,Estimación adecuada
Moca,2015-2019,2,85.12050775808935,85.29186490049881,83.95531580926925,86.89521913231899,Estimación adecuada
Moca,2020-2024,1,79.5196148813842,79.11338788927739,78.0215745451557,80.310120600314,Estimación adecuada
Moca,2020-2024,2,84.83463123511952,85.10587168622729,83.90933697307563,86.46520438258105,Estimación adecuada
Morovis,1980-1984,1,72.75449760171898,72.71793504156328,71.39807707308981,74.10650690115084,Estimación adecuada
Morovis,1980-1984,2,79.58978615306602,79.55330287043456,78.14021702525676,81.22141065960174,Estimación adecuada
Morovis,1985-1989,1,73.00155031190296,72.83876001799072,71.62810798659922,74.06713652823265,Estimación adecuada
Morovis,1985-1989,2,79.18909920848033,79.25842444659824,77.80602223200842,80.708398766816,Estimación adecuada
Morovis,1990-1994,1,74.7129408866261,73.4567357996215,72.17291860310009,74.75557215313474,Estimación adecuada
Morovis,1990-1994,2,79.13950712220092,79.38479024849691,78.11475123806947,80.71289706695171,Estimación adecuada
Morovis,1995-1999,1,72.82153464768288,72.70373100586855,71.60490159722856,73.75933070144954,Estimación adecuada
Morovis,1995-1999,2,80.70735984476201,80.76225546110032,79.43497310764901,82.37944714875782,Estimación adecuada
Morovis,2000-2004,1,74.10293235770516,74.58199135663915,73.4739900551717,75.78699173262669,Estimación adecuada
Morovis,2000-2004,2,82.09073872809745,82.06464519537026,80.62995449754892,83.80195983320172,Estimación adecuada
Morovis,2005-2009,1,76.91529332323657,76.14674997280615,75.01362141519829,77.39604859727716,Estimación adecuada
Morovis,2005-2009,2,83.05104709140619,82.81823578659235,81.44845748570309,84.46848707726811,Estimación adecuada
Morovis,2010-2014,1,77.08123150152963,77.25325711139463,76.19068218155263,78.54723799415461,Estimación adecuada
Morovis,2010-2014,2,83.34182688922566,83.35060667622747,81.99192370362434,84.93875430739841,Estimación adecuada
Morovis,2015-2019,1,78.96515859481998,78.41744488402402,77.36679075789736,79.71574963756889,Estimación adecuada
Morovis,2015-2019,2,87.15880943526801,86.22856884135177,84.72726675479304,87.90407704813161,Estimación adecuada
Morovis,2020-2024,1,78.2458123408178,78.49006834787767,77.39197757365808,79.72879681839619,Estimación adecuada
Morovis,2020-2024,2,84.91369846953171,85.72243588402695,84.24364504942426,87.40022594473662,Estimación adecuada
Naguabo,1980-1984,1,71.84412346105836,71.54805708779787,70.21136349701806,72.92271411854932,Estimación adecuada
Naguabo,1980-1984,2,76.70981740677908,76.81884900414235,75.56444460394547,78.25957565191538,Estimación adecuada
Naguabo,1985-1989,1,70.3877807756849,70.54721834756401,69.29601025249197,71.77620218503282,Estimación adecuada
Naguabo,1985-1989,2,77.29975247108982,77.33497741171239,76.08895920712284,78.63516763216127,Estimación adecuada
Naguabo,1990-1994,1,69.935755323165,70.01058314488294,68.91437196584707,71.16908051299251,Estimación adecuada
Naguabo,1990-1994,2,77.27690861530172,77.84540873745503,76.65475853107226,79.13998884658484,Estimación adecuada
Naguabo,1995-1999,1,69.72322516574484,70.20647269401879,69.01760914282013,71.394214175278,Estimación adecuada
Naguabo,1995-1999,2,76.82881627212045,77.38635722303268,76.30481882427513,78.5004223041584,Estimación adecuada
Naguabo,2000-2004,1,72.06654411146116,72.24763653154503,71.16266661582392,73.39261058441444,Estimación adecuada
Naguabo,2000-2004,2,79.7628328934226,80.07862134251333,78.87724304327719,81.49889023926372,Estimación adecuada
Naguabo,2005-2009,1,73.77862572143668,73.77129421673504,72.58306128483649,74.99592648540532,Estimación adecuada
Naguabo,2005-2009,2,80.62404690696854,80.90500760699908,79.55337414459652,82.38897423002645,Estimación adecuada
Naguabo,2010-2014,1,75.11164062971052,74.93995366242656,73.84557572566652,76.18162852051904,Estimación adecuada
Naguabo,2010-2014,2,82.93958682980916,82.48409341243485,81.06425689083468,84.03564980810447,Estimación adecuada
Naguabo,2015-2019,1,76.26882750450046,76.05708116143964,74.89734070902807,77.30656313001731,Estimación adecuada
Naguabo,2015-2019,2,84.83022686610576,84.33483895427683,82.74434502359304,86.04164830511601,Estimación adecuada
Naguabo,2020-2024,1,77.23171232523964,76.7048284248756,75.46741343464723,77.90378941171856,Estimación adecuada
Naguabo,2020-2024,2,83.84568426869097,83.77948904444716,82.4916688815232,85.29793273239247,Estimación adecuada
Naranjito,1980-1984,1,74.98820136337291,74.14606259490907,72.95744209523909,75.55985089793404,Estimación adecuada
Naranjito,1980-1984,2,82.09597951709326,80.6372459459649,79.16327140862388,82.14668972873187,Estimación adecuada
Naranjito,1985-1989,1,74.14321504502335,73.34334129531217,72.19363533225679,74.51187005639615,Estimación adecuada
Naranjito,1985-1989,2,81.17666750110004,80.54099984488332,79.02016895359347,82.26891671036795,Estimación adecuada
Naranjito,1990-1994,1,72.65469281143538,72.6563566736638,71.51530941368303,73.87583410856011,Estimación adecuada
Naranjito,1990-1994,2,80.53672985190586,80.58047621376936,79.155197981156,82.16454358425547,Estimación adecuada
Naranjito,1995-1999,1,71.78384170584214,72.12518685129447,71.10478789953952,73.20736969895884,Estimación adecuada
Naranjito,1995-1999,2,81.60503745588989,81.05114333921887,79.71193036058825,82.70957310664319,Estimación adecuada
Naranjito,2000-2004,1,75.02066724722975,74.94891042150186,73.80316475187465,76.21134288829121,Estimación adecuada
Naranjito,2000-2004,2,82.02786957174214,81.99087638397661,80.6767382507243,83.44470970236569,Estimación adecuada
Naranjito,2005-2009,1,75.97305227428454,76.06764194514668,74.87944473273396,77.26929034312522,Estimación adecuada
Naranjito,2005-2009,2,81.50399850212823,82.04891691221302,80.8512624899552,83.44309726493209,Estimación adecuada
Naranjito,2010-2014,1,78.20596950921357,77.60641731341846,76.35880406685023,78.84607275964558,Estimación adecuada
Naranjito,2010-2014,2,82.65441935713193,83.66628465174432,82.38738639901213,85.23215714924936,Estimación adecuada
Naranjito,2015-2019,1,79.79942567224485,79.44464141209893,78.147679365566,81.01692289468446,Estimación adecuada
Naranjito,2015-2019,2,86.72388771081324,86.72285454141789,85.0407366676884,88.72092381755515,Estimación adecuada
Naranjito,2020-2024,1,76.58250173203984,77.55407179193053,76.36537281576365,78.84473196827831,Estimación adecuada
Naranjito,2020-2024,2,85.5864530860636,85.3114656072498,83.9684564715007,86.81411288960379,Estimación adecuada
Orocovis,1980-1984,1,73.68697408485414,73.37887795524847,72.04382595955084,74.70643168953289,Estimación adecuada
Orocovis,1980-1984,2,79.52890987399995,79.33465873422391,77.90978710367304,81.02474599629811,Estimación adecuada
Orocovis,1985-1989,1,72.86313442913975,72.65033212507782,71.50891929373924,73.83111517761323,Estimación adecuada
Orocovis,1985-1989,2,83.00284611084997,81.06598814479841,79.43041055492692,83.00735686544849,Estimación adecuada
Orocovis,1990-1994,1,70.6546043654978,71.5013639539565,70.31170284799215,72.63706950616587,Estimación adecuada
Orocovis,1990-1994,2,80.6362204849656,80.33212684721826,78.87539331482367,81.84951473384251,Estimación adecuada
Orocovis,1995-1999,1,73.67698769121861,73.10639154080917,71.99610235226214,74.35384613966689,Estimación adecuada
Orocovis,1995-1999,2,79.89715435282756,80.11930832411855,78.76157154457374,81.53097486512198,Estimación adecuada
Orocovis,2000-2004,1,74.30531059061678,74.33995403984737,73.26942649159238,75.57349214831615,Estimación adecuada
Orocovis,2000-2004,2,82.7682053865501,82.39658174795693,80.86835164514919,84.16218199578044,Estimación adecuada
Orocovis,2005-2009,1,75.65599075985115,75.56664789816361,74.47190205135482,76.90296493443614,Estimación adecuada
Orocovis,2005-2009,2,81.23465089468093,81.73389713867564,80.39781920521209,83.02392934844605,Estimación adecuada
Orocovis,2010-2014,1,78.72609688729915,77.61915020166049,76.30175459664866,78.96680912239312,Estimación adecuada
Orocovis,2010-2014,2,83.46032948812693,83.48313368640322,82.03682388100063,84.91291089897473,Estimación adecuada
Orocovis,2015-2019,1,78.31348130255999,78.08495145848383,76.88180886971608,79.43938946563124,Estimación adecuada
Orocovis,2015-2019,2,84.96910673692187,85.27165743337692,83.70267164472939,87.10319413574199,Estimación adecuada
Orocovis,2020-2024,1,77.80883766643083,78.45681457226522,77.06610588488344,79.99741306492159,Estimación adecuada
Orocovis,2020-2024,2,84.81893104480201,84.88774603511972,83.49839220439765,86.52670006741225,Estimación adecuada
Patillas,1980-1984,1,71.2919207839744,71.73204504935362,70.4680515375274,73.17075069640183,Estimación adecuada
Patillas,1980-1984,2,77.55331848134108,77.72497553688905,76.4782330455086,79.23291338085907,Estimación adecuada
Patillas,1985-1989,1,71.37552114824256,70.98592622503351,69.78875107931835,72.09277789397643,Estimación adecuada
Patillas,1985-1989,2,79.24042850774778,78.64076720293792,77.35618201015649,80.2247648385328,Estimación adecuada
Patillas,1990-1994,1,72.50760666915836,71.58016692583848,70.2239635505653,72.82815367068473,Estimación adecuada
Patillas,1990-1994,2,78.396020908419,78.44456591623717,77.23091055379234,79.87533696361393,Estimación adecuada
Patillas,1995-1999,1,71.16809015939647,71.33293215375706,70.16827673094664,72.49813745758368,Estimación adecuada
Patillas,1995-1999,2,78.52476688729733,78.36946568416434,77.2262729182646,79.67081585775166,Estimación adecuada
Patillas,2000-2004,1,73.84030571885792,73.62618676849513,72.49707108559971,74.7545608971982,Estimación adecuada
Patillas,2000-2004,2,80.28524555250978,80.76332849130316,79.46794326309362,82.36637786107288,Estimación adecuada
Patillas,2005-2009,1,74.71797456893655,74.4405102326673,73.22352333290121,75.78918410645113,Estimación adecuada
Patillas,2005-2009,2,82.37229150118687,81.71861904694413,80.43198555347931,83.18889949416477,Estimación adecuada
Patillas,2010-2014,1,75.64302541877272,75.98110635567392,74.7258216355062,77.3109979801732,Estimación adecuada
Patillas,2010-2014,2,82.97344642216791,83.19715564420497,81.7383097444766,85.07406773095452,Estimación adecuada
Patillas,2015-2019,1,77.44243369136635,77.34054737940878,76.00639313878713,78.69681259983844,Estimación adecuada
Patillas,2015-2019,2,85.62464985032581,85.49337535377171,83.95314353197323,87.49004395641883,Estimación adecuada
Patillas,2020-2024,1,75.4428131511174,76.51055032488205,75.21467594304669,77.66170732651898,Estimación adecuada
Patillas,2020-2024,2,83.73266646624228,85.46818125305587,83.92963524398522,87.46901202857951,> e0 observado
Penuelas,1980-1984,1,72.35786944424055,71.66057552878583,70.4553479599809,72.8915746533565,Estimación adecuada
Penuelas,1980-1984,2,77.42169553222374,77.63220840493328,76.3795542208179,79.10140491327357,Estimación adecuada
Penuelas,1985-1989,1,72.76539154925341,71.85105044535104,70.68403464983258,73.08282190446553,Estimación adecuada
Penuelas,1985-1989,2,78.26925344407194,78.10134589961295,76.78102534836812,79.61068406980665,Estimación adecuada
Penuelas,1990-1994,1,71.6518283419231,71.13392406331928,69.99847683398093,72.25861287595208,Estimación adecuada
Penuelas,1990-1994,2,78.09730287289996,78.30111233390883,77.07419704124169,79.69301556851296,Estimación adecuada
Penuelas,1995-1999,1,72.51086800891099,71.88598123228596,70.73309365807538,72.93471044034042,Estimación adecuada
Penuelas,1995-1999,2,77.85186468595465,78.56304250354464,77.19459112413966,80.02498912426411,Estimación adecuada
Penuelas,2000-2004,1,73.06979986248778,73.00675516932071,71.98108503158132,74.10986954768975,Estimación adecuada
Penuelas,2000-2004,2,80.74681115313095,80.82323875602297,79.20642755244499,82.54980570504912,Estimación adecuada
Penuelas,2005-2009,1,74.32588415517951,74.30250274677636,73.21560789439991,75.50515711514346,Estimación adecuada
Penuelas,2005-2009,2,83.85447484865448,82.83761515070256,81.09197026288327,84.93650121583633,Estimación adecuada
Penuelas,2010-2014,1,77.2161868060379,76.7559299315345,75.36575814998588,78.10787531197516,Estimación adecuada
Penuelas,2010-2014,2,82.37054992803498,82.40712077407694,81.10440211904022,84.0278865907872,Estimación adecuada
Penuelas,2015-2019,1,76.94988280019332,76.83573726988692,75.6129930248146,78.04708564513136,Estimación adecuada
Penuelas,2015-2019,2,83.52991574696982,83.63093923475422,82.29452632580306,85.18363817542779,Estimación adecuada
Penuelas,2020-2024,1,78.19759662594926,77.39610820277267,76.14571904204116,78.64893691838992,Estimación adecuada
Penuelas,2020-2024,2,83.13779961346445,83.48563385709622,82.12164547626334,85.08039399104268,Estimación adecuada
Ponce,1980-1984,1,70.95163851465587,70.81437240730284,70.15478117115204,71.45000943301747,Estimación adecuada
Ponce,1980-1984,2,77.90393491985162,77.60334405063622,76.91251763467909,78.33000670199323,Estimación adecuada
Ponce,1985-1989,1,68.92037207804252,69.17808680854091,68.45607537662389,69.91747944732072,Estimación adecuada
Ponce,1985-1989,2,77.3120135977883,77.29852484530815,76.6013953156496,78.0516644676887,Estimación adecuada
Ponce,1990-1994,1,68.07009878068561,68.42939465611413,67.67216522511899,69.1561232637527,Estimación adecuada
Ponce,1990-1994,2,77.70322992022791,77.76887557888384,77.07799455166267,78.57998392636793,Estimación adecuada
Ponce,1995-1999,1,68.8945019576824,69.17069096678082,68.44536677918086,69.8907886766867,Estimación adecuada
Ponce,1995-1999,2,78.64616620265484,78.55594994522897,77.84840289086452,79.33880974959708,Estimación adecuada
Ponce,2000-2004,1,71.88287158339286,71.98732957822203,71.27088057769402,72.70437655257112,Estimación adecuada
Ponce,2000-2004,2,80.17053819569585,80.0292238204835,79.2767342102042,80.83430479346148,Estimación adecuada
Ponce,2005-2009,1,72.59239776230434,72.83999103406117,72.13553042696606,73.6174290446946,Estimación adecuada
Ponce,2005-2009,2,81.60505937401689,81.40113155138991,80.61167698724782,82.19783661941918,Estimación adecuada
Ponce,2010-2014,1,74.90584213235752,74.86414679103729,74.1307633285802,75.63787816162716,Estimación adecuada
Ponce,2010-2014,2,81.84526785237593,81.84195160815557,80.9900700498091,82.79794461924945,Estimación adecuada
Ponce,2015-2019,1,75.94818443525777,76.06500633968693,75.25008590119418,76.93038322810122,Estimación adecuada
Ponce,2015-2019,2,84.573600741168,84.38490344188065,83.44496251956927,85.44157058959937,Estimación adecuada
Ponce,2020-2024,1,76.11579149445392,76.05993139400908,75.22237287488002,76.98828288029847,Estimación adecuada
Ponce,2020-2024,2,84.14984563358192,83.8687291025143,82.96822070072696,84.80288035975155,Estimación adecuada
Quebradillas,1980-1984,1,71.5804748432608,71.53276382956754,70.36088535506802,72.77445021858787,Estimación adecuada
Quebradillas,1980-1984,2,79.23938165137665,78.70207379429914,77.18984849901547,80.37326457388215,Estimación adecuada
Quebradillas,1985-1989,1,70.63546474047975,70.9735872928268,69.79001790934488,72.23162914722481,Estimación adecuada
Quebradillas,1985-1989,2,77.80764334555457,77.71922362389991,76.46920488135612,79.04045680789258,Estimación adecuada
Quebradillas,1990-1994,1,72.04068810225141,71.62369120102255,70.3772204103416,72.77841678512023,Estimación adecuada
Quebradillas,1990-1994,2,79.32174470623532,78.73689753856071,77.3754040529418,80.12361139113827,Estimación adecuada
Quebradillas,1995-1999,1,72.62949799850028,71.74143634790316,70.57402659479804,72.82788052719621,Estimación adecuada
Quebradillas,1995-1999,2,78.8521877504248,78.87369061004694,77.61472460026708,80.19782346124562,Estimación adecuada
Quebradillas,2000-2004,1,73.75120320482118,73.38576980886808,72.33086875143321,74.49812807909282,Estimación adecuada
Quebradillas,2000-2004,2,79.64696913052158,79.97751812185919,78.8274575542151,81.19699670959517,Estimación adecuada
Quebradillas,2005-2009,1,76.4702021217705,75.15391100923631,74.01661426419626,76.3535493470582,< e0 observado
Quebradillas,2005-2009,2,82.57479226170334,82.33109320907195,80.85663448977448,83.95820617960798,Estimación adecuada
Quebradillas,2010-2014,1,76.84416482352528,76.34167269118981,75.27554810116226,77.49698834864444,Estimación adecuada
Quebradillas,2010-2014,2,83.16432092953069,83.0370292966654,81.64622069735067,84.53273933966376,Estimación adecuada
Quebradillas,2015-2019,1,77.52581972834565,77.17976840624982,76.0755500814539,78.38282657576977,Estimación adecuada
Quebradillas,2015-2019,2,83.89036641680575,83.72031270215372,82.5330222686782,85.11637649582312,Estimación adecuada
Quebradillas,2020-2024,1,78.45741764289136,77.45121796516614,76.24090898763897,78.6540579061224,Estimación adecuada
Quebradillas,2020-2024,2,84.02514632890372,84.08485337464212,82.76361596996743,85.79974885707284,Estimación adecuada
Rincon,1980-1984,1,71.31036542846637,72.59292106838936,71.27713455807589,73.97084523432515,Estimación adecuada
Rincon,1980-1984,2,78.23121876259758,78.62340021493466,77.18715617531622,80.19504121241523,Estimación adecuada
Rincon,1985-1989,1,72.68195818723761,72.4369923203912,71.12107838352767,73.75026506561404,Estimación adecuada
Rincon,1985-1989,2,78.13112109379762,78.92560930669806,77.48925116464454,80.4384251257983,Estimación adecuada
Rincon,1990-1994,1,74.46482669947628,73.11712421250584,71.81743527511517,74.49952521615869,Estimación adecuada
Rincon,1990-1994,2,79.71875830965256,79.48966414868428,78.09601621247573,81.1231278393985,Estimación adecuada
Rincon,1995-1999,1,71.81900034746621,71.82065146595409,70.61030153403439,73.0537192674261,Estimación adecuada
Rincon,1995-1999,2,80.4078903895804,80.30280302597876,78.96187935910318,81.90044232137711,Estimación adecuada
Rincon,2000-2004,1,75.07948363707656,74.7743261213993,73.63153539758117,76.06583117483714,Estimación adecuada
Rincon,2000-2004,2,82.97798833076854,82.38036969071047,80.85766445708488,84.05071421143039,Estimación adecuada
Rincon,2005-2009,1,76.37954961336744,75.74683277834744,74.42851001077747,77.07642858322214,Estimación adecuada
Rincon,2005-2009,2,80.35621164685101,81.4142149475958,80.15270583975877,82.97091537980789,Estimación adecuada
Rincon,2010-2014,1,79.61051534555456,77.78425011163233,76.47473600167332,79.20693492388492,< e0 observado
Rincon,2010-2014,2,83.80210551828287,84.04885128206983,82.53955384255215,85.8707630538068,Estimación adecuada
Rincon,2015-2019,1,79.17285737161941,78.94213109230154,77.64543529007886,80.31113898284784,Estimación adecuada
Rincon,2015-2019,2,86.30943741112463,86.33216797919864,84.51939458928396,88.3531420782174,Estimación adecuada
Rincon,2020-2024,1,79.87445814115418,79.47104010898643,78.16924611699712,80.98727308556906,Estimación adecuada
Rincon,2020-2024,2,86.12132225159803,85.7743394461327,84.12995598293256,87.47589024787514,Estimación adecuada
Rio Grande,1980-1984,1,71.31055270884488,71.2300803828883,70.17878223913031,72.36800924276606,Estimación adecuada
Rio Grande,1980-1984,2,77.8338345029928,77.69858041846578,76.48089313298937,78.98336838370633,Estimación adecuada
Rio Grande,1985-1989,1,72.55792010168767,71.77306816369767,70.69693548603227,72.93081086714244,Estimación adecuada
Rio Grande,1985-1989,2,78.55898208748316,78.3761242868322,77.2470115245451,79.64316062442019,Estimación adecuada
Rio Grande,1990-1994,1,69.8066408540921,70.19972028372882,69.27324204801495,71.15941686726697,Estimación adecuada
Rio Grande,1990-1994,2,79.04176505901863,78.93003593424376,77.73221014056752,80.1182430653795,Estimación adecuada
Rio Grande,1995-1999,1,69.24216716509197,70.00670257062026,69.1100147382018,71.024124374962,Estimación adecuada
Rio Grande,1995-1999,2,78.57122528721384,78.63586692374182,77.6024516934406,79.75964340782295,Estimación adecuada
Rio Grande,2000-2004,1,73.5987446256221,73.50228473458617,72.59677807904745,74.4314728818284,Estimación adecuada
Rio Grande,2000-2004,2,80.92764017417292,80.85712595052114,79.72604016933738,82.12151789786782,Estimación adecuada
Rio Grande,2005-2009,1,74.74267006153134,74.78059265951347,73.72837713544139,75.84933425488211,Estimación adecuada
Rio Grande,2005-2009,2,82.25371975622028,81.88187799716326,80.820881577799,83.04615696572289,Estimación adecuada
Rio Grande,2010-2014,1,75.62464241200296,75.69892172893219,74.63834923436491,76.63568370248723,Estimación adecuada
Rio Grande,2010-2014,2,81.93516108938404,82.06986737688118,81.03895259053489,83.1178984804878,Estimación adecuada
Rio Grande,2015-2019,1,77.32038501383934,77.33620221514329,76.2705087544131,78.40656288870338,Estimación adecuada
Rio Grande,2015-2019,2,84.73128165771396,84.42756482565693,83.22125152640186,85.6600864196635,Estimación adecuada
Rio Grande,2020-2024,1,76.09079051682853,76.55979376571867,75.41100372486333,77.69206175531558,Estimación adecuada
Rio Grande,2020-2024,2,84.92626206233898,85.18488021295744,83.85599962774072,86.8567077013061,Estimación adecuada
Sabana Grande,1980-1984,1,72.94260252849719,71.9857966875798,70.84584123265341,73.18801994765272,Estimación adecuada
Sabana Grande,1980-1984,2,76.79030160326006,77.39394910566773,76.22134502478696,78.81880885001311,Estimación adecuada
Sabana Grande,1985-1989,1,72.60670516660508,72.00738736165195,70.8620071445479,73.19652147043982,Estimación adecuada
Sabana Grande,1985-1989,2,79.46020484114078,78.84476463677359,77.55747752648631,80.13321197368964,Estimación adecuada
Sabana Grande,1990-1994,1,71.96878186562466,71.50135239787309,70.38230425344148,72.6464218428363,Estimación adecuada
Sabana Grande,1990-1994,2,77.52973712888554,77.78793201049066,76.76628762452187,78.8698984632166,Estimación adecuada
Sabana Grande,1995-1999,1,72.42496764545729,71.74434766228424,70.6772510837172,72.76824620512642,Estimación adecuada
Sabana Grande,1995-1999,2,77.8549110688198,77.9588803796558,76.91369786603148,79.01390895272266,Estimación adecuada
Sabana Grande,2000-2004,1,75.19081545433245,74.25304040053278,73.20673778003844,75.41829066329655,Estimación adecuada
Sabana Grande,2000-2004,2,80.10304388750191,80.65466739555026,79.49166790336514,82.05372678799343,Estimación adecuada
Sabana Grande,2005-2009,1,75.77699216646894,74.87335518422327,73.67433250154285,76.04686620674018,Estimación adecuada
Sabana Grande,2005-2009,2,80.72892003066303,81.3233561978295,80.05899368604126,82.85122230475535,Estimación adecuada
Sabana Grande,2010-2014,1,75.70526772953107,75.84229383329065,74.7499871985009,77.09025527069554,Estimación adecuada
Sabana Grande,2010-2014,2,83.3057418970242,83.01755481104294,81.70760097026489,84.6409711652693,Estimación adecuada
Sabana Grande,2015-2019,1,77.43470484017462,76.96890859026561,75.95901440385134,78.18884595902048,Estimación adecuada
Sabana Grande,2015-2019,2,83.12156944238525,83.33025453767675,82.18863113327302,84.78168490134634,Estimación adecuada
Sabana Grande,2020-2024,1,77.44105015726227,77.35361226200291,76.17821178063913,78.63509401650981,Estimación adecuada
Sabana Grande,2020-2024,2,83.44790990052292,84.5485854104847,83.29644647955936,86.0248607854309,Estimación adecuada
Salinas,1980-1984,1,69.34771587119822,69.86215724670112,68.85502486035543,70.9493092068777,Estimación adecuada
Salinas,1980-1984,2,77.00356882697933,77.09861183324253,75.91307075497213,78.29508693583762,Estimación adecuada
Salinas,1985-1989,1,67.8768913469486,69.12180810166882,68.07026888625805,70.20076546602901,> e0 observado
Salinas,1985-1989,2,76.51927305162637,76.87854644506723,75.7123735960108,78.17845009398724,Estimación adecuada
Salinas,1990-1994,1,69.60135801885075,70.0330659066159,68.8370881647926,71.05308422101261,Estimación adecuada
Salinas,1990-1994,2,77.16626361655916,77.71559307864892,76.57768359051863,78.98989822780175,Estimación adecuada
Salinas,1995-1999,1,69.29023548543516,69.66281110286064,68.56342586508603,70.71152784570033,Estimación adecuada
Salinas,1995-1999,2,79.22383445714814,78.84976431983614,77.58869935028831,80.16352042572106,Estimación adecuada
Salinas,2000-2004,1,73.10253328655585,73.01810779452016,71.93459157812613,74.14204255168347,Estimación adecuada
Salinas,2000-2004,2,80.52455994892824,80.25413957842242,79.12566395871082,81.54795564254579,Estimación adecuada
Salinas,2005-2009,1,73.52822440107285,73.6030832225884,72.5281633053649,74.74821335571728,Estimación adecuada
Salinas,2005-2009,2,80.63090066219925,80.89854230675155,79.72507891725364,82.31356538014693,Estimación adecuada
Salinas,2010-2014,1,75.47743944137984,75.46317011075877,74.412531122129,76.66102021519025,Estimación adecuada
Salinas,2010-2014,2,83.23167940762168,83.22763204009601,81.73003229968052,84.89031885399594,Estimación adecuada
Salinas,2015-2019,1,77.96635541138743,77.52414347283296,76.2936863693594,78.94821629759102,Estimación adecuada
Salinas,2015-2019,2,85.02610562554052,84.70639635393249,83.36890272914148,86.21851560545744,Estimación adecuada
Salinas,2020-2024,1,77.2752335181164,76.99908168027437,75.8237867853566,78.05108081354177,Estimación adecuada
Salinas,2020-2024,2,85.43601257393142,84.90851756522682,83.60531403879294,86.5798677061719,Estimación adecuada
San German,1980-1984,1,72.17155637189039,72.06524051342552,71.0511593370696,73.11673760640463,Estimación adecuada
San German,1980-1984,2,77.0812843420632,77.61205333139884,76.50023529783962,78.82328877014965,Estimación adecuada
San German,1985-1989,1,73.24578912339052,72.57718048286246,71.57295772390422,73.60312879698479,Estimación adecuada
San German,1985-1989,2,78.281715742411,78.29107690757107,77.17970733448584,79.44642987984723,Estimación adecuada
San German,1990-1994,1,72.47312065094486,72.00923730696806,71.01697387212036,72.9275718517055,Estimación adecuada
San German,1990-1994,2,78.88901019804139,79.1417598965518,78.0731328446436,80.32842484863505,Estimación adecuada
San German,1995-1999,1,74.17482678706043,73.33455393941551,72.31932355433779,74.32894591566931,Estimación adecuada
San German,1995-1999,2,78.52895052757144,79.09044940523478,78.07733699945568,80.29714530854663,Estimación adecuada
San German,2000-2004,1,75.40040785434385,74.71482436401476,73.62295411224395,75.91185453534277,Estimación adecuada
San German,2000-2004,2,81.07042973561371,81.23042245922164,80.08282891151876,82.48492385064074,Estimación adecuada
San German,2005-2009,1,75.89227383722931,75.4094258871109,74.3381224370774,76.55029717010157,Estimación adecuada
San German,2005-2009,2,81.35724022521588,81.77703985908272,80.69363052005681,83.1988628094281,Estimación adecuada
San German,2010-2014,1,77.09595528241658,76.33031600077867,75.4244644258737,77.34995917879704,Estimación adecuada
San German,2010-2014,2,81.95497572147197,82.65518563214684,81.39355310561801,84.0207548292225,Estimación adecuada
San German,2015-2019,1,79.14792857398798,78.01997066724218,76.99836177667372,79.18121900279306,Estimación adecuada
San German,2015-2019,2,84.0002365484052,84.43987339097312,83.23830428434329,85.75453953659135,Estimación adecuada
San German,2020-2024,1,78.13234571523579,77.57291187830364,76.47221261870229,78.73227124892121,Estimación adecuada
San German,2020-2024,2,83.15333884969452,83.98740012065878,82.83281967593477,85.29011042605684,Estimación adecuada
San Juan,1980-1984,1,68.53296805880613,68.75624585020573,68.14446561435265,69.3683656063996,Estimación adecuada
San Juan,1980-1984,2,78.41781325030587,78.22626343709535,77.53999885126015,78.88066513432996,Estimación adecuada
San Juan,1985-1989,1,67.17212517316179,67.52981842493958,66.90795033586672,68.25151771316102,Estimación adecuada
San Juan,1985-1989,2,78.70934229140379,78.53698166702995,77.85885030543159,79.24283497981236,Estimación adecuada
San Juan,1990-1994,1,64.70940097035052,65.36476137929564,64.7205292582078,66.16432593881181,> e0 observado
San Juan,1990-1994,2,78.53794951508831,78.505649885168,77.85837935324122,79.21921939435833,Estimación adecuada
San Juan,1995-1999,1,67.09892384379134,67.4894617518712,66.8632143231086,68.20374687439187,Estimación adecuada
San Juan,1995-1999,2,79.54091321860172,79.41976129238377,78.69454499142617,80.18467557159946,Estimación adecuada
San Juan,2000-2004,1,71.1882392973574,71.32110172014922,70.70246098857551,72.00245676931985,Estimación adecuada
San Juan,2000-2004,2,81.92921875527303,81.67899313376776,80.90301510407299,82.4631386488194,Estimación adecuada
San Juan,2005-2009,1,72.69964876784017,72.7250899593692,72.082267571847,73.45099297227351,Estimación adecuada
San Juan,2005-2009,2,82.46547999538443,82.25936455721258,81.43011521069572,82.9792325479588,Estimación adecuada
San Juan,2010-2014,1,74.44529350870087,74.4580795996393,73.74006521024664,75.12028884060138,Estimación adecuada
San Juan,2010-2014,2,84.20463369793843,83.88226637129682,82.9146204283234,84.7708570586473,Estimación adecuada
San Juan,2015-2019,1,75.79825935426356,75.81639944345683,75.06298090997424,76.58888168995432,Estimación adecuada
San Juan,2015-2019,2,85.20819741649419,84.99028420702777,84.01629557484301,85.91530424402532,Estimación adecuada
San Juan,2020-2024,1,75.09617765928651,75.16430700202945,74.41568833349467,75.87730397499745,Estimación adecuada
San Juan,2020-2024,2,85.57777113429813,85.23474863625796,84.2484127628728,86.1684453093675,Estimación adecuada
San Lorenzo,1980-1984,1,72.4269330696064,72.3463013650225,71.16297397246767,73.55456018598103,Estimación adecuada
San Lorenzo,1980-1984,2,78.47103642037956,78.44988682256755,77.3179911016141,79.85241781003052,Estimación adecuada
San Lorenzo,1985-1989,1,70.33185072656097,70.9971954924704,69.88799184810149,72.11991219062696,Estimación adecuada
San Lorenzo,1985-1989,2,79.4038927542163,78.79066710350654,77.76398450620316,79.97568127103997,Estimación adecuada
San Lorenzo,1990-1994,1,70.49063585980458,70.72255165688918,69.69221101401811,71.76683534465568,Estimación adecuada
San Lorenzo,1990-1994,2,79.42906403274269,79.1550806232245,78.02356601536799,80.33488002921575,Estimación adecuada
San Lorenzo,1995-1999,1,72.39291160482962,72.10878577132414,71.13008580387236,73.14907838534867,Estimación adecuada
San Lorenzo,1995-1999,2,78.56261721700943,78.68686008267011,77.7157751008215,79.92552359167574,Estimación adecuada
San Lorenzo,2000-2004,1,73.59466919977362,73.68147888173259,72.5208319181048,74.84397173910436,Estimación adecuada
San Lorenzo,2000-2004,2,81.14875504017051,81.0842791212816,79.82201677727471,82.37090271054117,Estimación adecuada
San Lorenzo,2005-2009,1,75.07421835227707,74.8970943498934,73.8661077257492,76.13301369383099,Estimación adecuada
San Lorenzo,2005-2009,2,82.06471302858854,81.81135004105568,80.65276222031295,83.0685770396682,Estimación adecuada
San Lorenzo,2010-2014,1,76.50254306599682,76.58605940366493,75.42687106684178,77.79927182016436,Estimación adecuada
San Lorenzo,2010-2014,2,83.9183271335132,83.36443168689105,82.23386428866498,84.73633442973545,Estimación adecuada
San Lorenzo,2015-2019,1,77.43176974248165,77.91154375709613,76.68948782325947,79.3191461677021,Estimación adecuada
San Lorenzo,2015-2019,2,85.92248006512409,85.4435418287057,84.12902044752074,87.01909453171956,Estimación adecuada
San Lorenzo,2020-2024,1,77.62523479934367,77.62886572947576,76.44688790118038,78.88142416008692,Estimación adecuada
San Lorenzo,2020-2024,2,84.55625634680975,84.39075436283068,83.17568787309324,85.81624486566781,Estimación adecuada
San Sebastian,1980-1984,1,73.33683627750408,72.7558529555179,71.80816594888786,73.84523417299069,Estimación adecuada
San Sebastian,1980-1984,2,77.39216900594447,77.86732334329064,76.77595259067667,79.00091986512369,Estimación adecuada
San Sebastian,1985-1989,1,71.54106439345284,71.76970966337741,70.88895129570126,72.75613608601546,Estimación adecuada
San Sebastian,1985-1989,2,78.32567842249966,78.50814635405308,77.39603973487874,79.61319926459085,Estimación adecuada
San Sebastian,1990-1994,1,72.72006609308197,72.2170423010605,71.26653399125928,73.17212597486842,Estimación adecuada
San Sebastian,1990-1994,2,78.61121244043503,78.85173471052069,77.84592691167454,79.97293057382431,Estimación adecuada
San Sebastian,1995-1999,1,73.29080325081594,72.785045380054,71.83000418693227,73.68019287597389,Estimación adecuada
San Sebastian,1995-1999,2,79.73176179097116,79.50436232210592,78.49866116030117,80.51251186652873,Estimación adecuada
San Sebastian,2000-2004,1,74.89792147656362,74.45085519508437,73.50570317079821,75.37961844915174,Estimación adecuada
San Sebastian,2000-2004,2,80.32263567678552,80.44839103248265,79.43288113386087,81.5030418298018,Estimación adecuada
San Sebastian,2005-2009,1,76.73740203137386,75.95588774567145,74.94018408258961,76.95939988880647,Estimación adecuada
San Sebastian,2005-2009,2,81.1692904566309,81.2049187322189,80.24487993484698,82.25095628139219,Estimación adecuada
San Sebastian,2010-2014,1,76.69546237928682,76.38201671084896,75.35813893888168,77.29410814676362,Estimación adecuada
San Sebastian,2010-2014,2,83.16134686711862,83.07744621549014,81.92446927721885,84.2886027610739,Estimación adecuada
San Sebastian,2015-2019,1,79.1178099470019,78.38567189979877,77.3755463771656,79.50295941418679,Estimación adecuada
San Sebastian,2015-2019,2,84.22340952689646,84.10028548044251,83.04166633692994,85.19361069709186,Estimación adecuada
San Sebastian,2020-2024,1,78.24142492610734,77.7931744539856,76.80588384090433,78.78362933611076,Estimación adecuada
San Sebastian,2020-2024,2,84.23065748606743,84.3875965832553,83.33443869471515,85.68257913699473,Estimación adecuada
Santa Isabel,1980-1984,1,69.7275677276356,69.43308773808312,68.27479943126639,70.56408179278671,Estimación adecuada
Santa Isabel,1980-1984,2,77.7763438904047,77.24421357234887,75.90021219825282,78.63466919577178,Estimación adecuada
Santa Isabel,1985-1989,1,69.23817247335977,69.5900837801606,68.38537245549134,70.88365439229229,Estimación adecuada
Santa Isabel,1985-1989,2,76.67908928126376,76.67503174798074,75.47628430678962,78.03044893282593,Estimación adecuada
Santa Isabel,1990-1994,1,66.65679986192234,68.20477505815958,67.01102717475021,69.51797512712439,> e0 observado
Santa Isabel,1990-1994,2,76.1627447017844,76.93805741438703,75.70114722042904,78.35062103467224,Estimación adecuada
Santa Isabel,1995-1999,1,68.83610956762453,69.3162459553686,68.20698256094448,70.44707979398183,Estimación adecuada
Santa Isabel,1995-1999,2,77.73152078827611,77.58508838239432,76.4214197375685,78.8316983534131,Estimación adecuada
Santa Isabel,2000-2004,1,69.45419232564782,70.94895184377012,69.7350242374161,72.0890213138124,> e0 observado
Santa Isabel,2000-2004,2,79.11209035669054,79.30334013406258,78.12628070784285,80.60325858035411,Estimación adecuada
Santa Isabel,2005-2009,1,72.31479005793592,72.62699471109474,71.45036576251323,73.74723709407424,Estimación adecuada
Santa Isabel,2005-2009,2,81.59418713189359,81.32003260812769,79.78077542768216,82.92280616362102,Estimación adecuada
Santa Isabel,2010-2014,1,74.62174299181575,74.95250047373193,73.62240229309319,76.25642321393066,Estimación adecuada
Santa Isabel,2010-2014,2,81.81631250475374,81.39528176612123,80.19497716961888,82.88117315492703,Estimación adecuada
Santa Isabel,2015-2019,1,75.10553816345772,75.32296592510716,74.11048851828173,76.61331180695255,Estimación adecuada
Santa Isabel,2015-2019,2,85.04929628842375,83.80598791672398,82.4172123616384,85.52174722801944,Estimación adecuada
Santa Isabel,2020-2024,1,74.53124138847393,75.07442744675456,73.8213119350148,76.22142810352783,Estimación adecuada
Santa Isabel,2020-2024,2,83.31177822878875,83.07866097278921,81.86147009604495,84.70183784624498,Estimación adecuada
Toa Alta,1980-1984,1,74.8830856005072,74.15370580310974,72.97233888547323,75.45098452916797,Estimación adecuada
Toa Alta,1980-1984,2,77.90618677933547,78.92687189806071,77.65128538882166,80.35493943027181,Estimación adecuada
Toa Alta,1985-1989,1,72.95726224514657,72.93255180713359,71.78129234927279,74.03308713208642,Estimación adecuada
Toa Alta,1985-1989,2,81.13925929884047,80.87166646910714,79.50935224037184,82.6230132327502,Estimación adecuada
Toa Alta,1990-1994,1,73.42887184415189,73.28337075799507,72.1871198978867,74.40173836260827,Estimación adecuada
Toa Alta,1990-1994,2,79.53507742661205,79.9813886009969,78.83403400612781,81.35526432604128,Estimación adecuada
Toa Alta,1995-1999,1,73.12825061550112,73.12562718958782,72.1971189741669,74.11364648816226,Estimación adecuada
Toa Alta,1995-1999,2,80.88771225273739,80.79151966196635,79.65253090104669,82.03488572761233,Estimación adecuada
Toa Alta,2000-2004,1,75.20122641401855,75.1876926052424,74.2013284699142,76.12473588365026,Estimación adecuada
Toa Alta,2000-2004,2,81.33505965208538,81.73922605270744,80.73477106853723,82.92116832366648,Estimación adecuada
Toa Alta,2005-2009,1,77.25808536131703,77.05415276328216,76.04829408289362,78.09463355745734,Estimación adecuada
Toa Alta,2005-2009,2,83.45975745150935,83.48476635065671,82.26678000816234,84.87623093446678,Estimación adecuada
Toa Alta,2010-2014,1,77.617438844306065,77.6904252445799,76.73111600505104,78.69416586714507,Estimación adecuada
Toa Alta,2010-2014,2,84.59193836320182,84.40885972937747,83.24378542235816,85.65336209741643,Estimación adecuada
Toa Alta,2015-2019,1,79.44012262836311,79.38830426091687,78.32723702990225,80.5546702708736,Estimación adecuada
Toa Alta,2015-2019,2,84.21287299648571,84.57406172398657,83.53686386619584,85.8304890166944,Estimación adecuada
Toa Alta,2020-2024,1,79.32715713141147,79.17493540445112,78.18353403638852,80.3258034056989,Estimación adecuada
Toa Alta,2020-2024,2,85.92609855770323,85.54340690185089,84.46864633551417,86.77385460055493,Estimación adecuada
Toa Baja,1980-1984,1,72.82833976912103,72.43596350548265,71.48856238479755,73.39960714796165,Estimación adecuada
Toa Baja,1980-1984,2,79.03893803233984,78.70133233141786,77.68189190928555,79.800030293877,Estimación adecuada
Toa Baja,1985-1989,1,71.09171108702432,71.19353304077431,70.31028023019753,72.08962789036944,Estimación adecuada
Toa Baja,1985-1989,2,79.17713173148333,78.97282270762246,77.91034865472375,80.10949688124984,Estimación adecuada
Toa Baja,1990-1994,1,69.55070432606276,70.09930259370378,69.2536957659779,70.958594807689,Estimación adecuada
Toa Baja,1990-1994,2,78.53439715581091,78.43935445762585,77.59369759707124,79.26119985408381,Estimación adecuada
Toa Baja,1995-1999,1,71.02389397781576,71.19560520420326,70.38516577423026,72.0778835586919,Estimación adecuada
Toa Baja,1995-1999,2,80.35817914633549,79.8561943035384,79.00652726022474,80.77393405408637,Estimación adecuada
Toa Baja,2000-2004,1,73.3130761935651,73.49364559132775,72.68077769109003,74.38558267178101,Estimación adecuada
Toa Baja,2000-2004,2,81.24641875534006,81.06120698080238,80.16690675231659,81.9834966671045,Estimación adecuada
Toa Baja,2005-2009,1,73.9336800218148,74.10341035420002,73.23478194097707,75.05971413997658,Estimación adecuada
Toa Baja,2005-2009,2,81.2918522418654,81.31477441792774,80.37607881105255,82.27775697233662,Estimación adecuada
Toa Baja,2010-2014,1,75.63234922554784,75.72801960677683,74.8743469427444,76.6409750109979,Estimación adecuada
Toa Baja,2010-2014,2,83.19276198853512,83.0384972698404,82.00671537470154,84.0908926167763,Estimación adecuada
Toa Baja,2015-2019,1,77.0796431176242,77.12572722263236,76.20906198052711,78.08604129532064,Estimación adecuada
Toa Baja,2015-2019,2,85.28768156374481,85.04704564783157,83.96344008381263,86.26500710817464,Estimación adecuada
Toa Baja,2020-2024,1,76.06866784040614,76.2599468653489,75.40076877853579,77.21330576564966,Estimación adecuada
Toa Baja,2020-2024,2,84.82502560819063,84.77615097769268,83.59636265933243,86.15895173806585,Estimación adecuada
Trujillo Alto,1980-1984,1,73.8807661516517,73.72342092295231,72.7137809170494,74.85056607223689,Estimación adecuada
Trujillo Alto,1980-1984,2,80.45848591811597,80.17109427596871,78.96349819623619,81.41764839462243,Estimación adecuada
Trujillo Alto,1985-1989,1,72.91759611684925,73.01032591634217,72.11020829246979,74.0488597870661,Estimación adecuada
Trujillo Alto,1985-1989,2,81.01563083839561,80.6667445077448,79.4674586195861,82.13845846814685,Estimación adecuada
Trujillo Alto,1990-1994,1,72.6023641348921,72.82761481727857,71.83749265302684,73.91954911304043,Estimación adecuada
Trujillo Alto,1990-1994,2,79.85175886432305,79.95583790800453,78.8457684540463,81.03092243736766,Estimación adecuada
Trujillo Alto,1995-1999,1,72.41162116159781,72.77442902596557,71.88258281907042,73.66022869347424,Estimación adecuada
Trujillo Alto,1995-1999,2,81.19162622930031,80.87168426364286,79.85304321760393,81.93239551376966,Estimación adecuada
Trujillo Alto,2000-2004,1,74.68446388601943,74.95954525491062,74.08741445080696,75.9666911462816,Estimación adecuada
Trujillo Alto,2000-2004,2,83.41194987282269,83.23524322003789,82.02344939734812,84.71770400145915,Estimación adecuada
Trujillo Alto,2005-2009,1,75.81610434260868,75.93484114848705,75.0546621849497,76.95700518181962,Estimación adecuada
Trujillo Alto,2005-2009,2,83.84316698522537,83.57758981375082,82.41401318548145,84.7421701432389,Estimación adecuada
Trujillo Alto,2010-2014,1,77.88979650864401,77.80443968462792,76.87272997829538,78.84409840184294,Estimación adecuada
Trujillo Alto,2010-2014,2,85.28937280458358,85.01942602087169,83.855739019411,86.3091004789485,Estimación adecuada
Trujillo Alto,2015-2019,1,79.53728233113502,79.42704681475793,78.40663797797448,80.52798090809048,Estimación adecuada
Trujillo Alto,2015-2019,2,86.3543330403018,86.28227422647396,85.07384928575746,87.66318684155041,Estimación adecuada
Trujillo Alto,2020-2024,1,78.39208683519212,78.54433475427984,77.54237350741596,79.58626050218237,Estimación adecuada
Trujillo Alto,2020-2024,2,86.16954614436371,85.87222222277511,84.82050444174818,87.23112248844349,Estimación adecuada
Utuado,1980-1984,1,72.77455758364391,72.78410441000466,71.66540056375125,73.7914704458184,Estimación adecuada
Utuado,1980-1984,2,78.22725510627389,78.38666484902538,77.36217587957658,79.49271594848092,Estimación adecuada
Utuado,1985-1989,1,72.49241351300115,72.37752380469855,71.40022724974594,73.41600748403536,Estimación adecuada
Utuado,1985-1989,2,78.55971933281445,78.6183754388872,77.62514214192272,79.6872887416805,Estimación adecuada
Utuado,1990-1994,1,73.58027996114916,72.83164741935298,71.91001273853891,73.91505849849293,Estimación adecuada
Utuado,1990-1994,2,79.15999314000904,79.04494403972001,77.98572262825245,80.07256410820989,Estimación adecuada
Utuado,1995-1999,1,73.56681994998524,72.69116483525465,71.76890081011445,73.71513158590531,Estimación adecuada
Utuado,1995-1999,2,79.75811291705193,79.49881585122594,78.46583226092599,80.66995628766061,Estimación adecuada
Utuado,2000-2004,1,75.66609210920785,74.79743758197147,73.89943083270892,75.80756740087767,Estimación adecuada
Utuado,2000-2004,2,80.85296661933371,81.18489060208938,79.96340856296683,82.42895557888406,Estimación adecuada
Utuado,2005-2009,1,74.96306439444312,75.0293493781347,74.01041149594118,75.97447621362485,Estimación adecuada
Utuado,2005-2009,2,81.95177865789455,82.26173373074336,80.92233374529772,83.6714249279109,Estimación adecuada
Utuado,2010-2014,1,76.45438665507136,76.03959153295237,75.05110819259308,77.04588307693166,Estimación adecuada
Utuado,2010-2014,2,83.96232047500072,83.66117731530636,82.34145492944758,85.1631357874094,Estimación adecuada
Utuado,2015-2019,1,79.0189703608258,78.79710433006736,77.5562690219996,80.19266120034091,Estimación adecuada
Utuado,2015-2019,2,85.5118737413184,85.25499893596941,84.00518950917584,86.83001097420991,Estimación adecuada
Utuado,2020-2024,1,80.22889535833663,78.9673276980813,77.80943010718113,80.25012075464396,Estimación adecuada
Utuado,2020-2024,2,86.24989014279643,85.52440893498961,84.18681526462179,87.26458714733192,Estimación adecuada
Vega Alta,1980-1984,1,73.54933326191107,72.97629215066335,71.69957912191036,74.2549046172538,Estimación adecuada
Vega Alta,1980-1984,2,78.25469326095431,78.62730513183297,77.30068205178078,80.12061058656278,Estimación adecuada
Vega Alta,1985-1989,1,72.05535344696615,72.26275953714338,71.15664076400175,73.44090395640713,Estimación adecuada
Vega Alta,1985-1989,2,78.15985935324002,78.4707375034716,77.25378308415354,79.62540777970032,Estimación adecuada
Vega Alta,1990-1994,1,70.24052329679134,70.88605635268064,69.87695608920028,71.97179030389665,Estimación adecuada
Vega Alta,1990-1994,2,79.51462054686016,79.47391423884815,78.37896043573659,80.82728826176373,Estimación adecuada
Vega Alta,1995-1999,1,71.54816531304111,71.82997026785989,70.86225149666055,72.84975089311591,Estimación adecuada
Vega Alta,1995-1999,2,79.34051049480365,79.49710020998661,78.36732137501677,80.71949603642676,Estimación adecuada
Vega Alta,2000-2004,1,74.10875011525926,74.11825923660768,72.98289445517167,75.17970386968469,Estimación adecuada
Vega Alta,2000-2004,2,81.98636550598057,81.7953641439845,80.44034395467051,83.23816059461058,Estimación adecuada
Vega Alta,2005-2009,1,74.49742104581102,74.85440332117044,73.79297232534392,75.9807856310866,Estimación adecuada
Vega Alta,2005-2009,2,82.79578771576239,82.48834049712536,81.2809899285009,83.85145053854124,Estimación adecuada
Vega Alta,2010-2014,1,76.95585105473053,76.73788607024841,75.65007534249204,77.786748635675,Estimación adecuada
Vega Alta,2010-2014,2,84.70771205138385,84.23223222138833,82.8371548814922,85.69181628847832,Estimación adecuada
Vega Alta,2015-2019,1,79.09002086085074,78.55239540258918,77.40909040903632,79.71457370588777,Estimación adecuada
Vega Alta,2015-2019,2,84.78023321458953,84.7540211146775,83.4991512017665,86.24757451934835,Estimación adecuada
Vega Alta,2020-2024,1,79.13203080104806,78.68167323462487,77.37011246939369,80.02822436776808,Estimación adecuada
Vega Alta,2020-2024,2,86.55489338482076,85.92244738964352,84.49137837633813,87.60294846041562,Estimación adecuada
Vega Baja,1980-1984,1,72.17472574689376,71.90236604751313,70.89992304321818,72.9201372195898,Estimación adecuada
Vega Baja,1980-1984,2,77.4559969407079,77.3141691045877,76.29865635486978,78.41453657093312,Estimación adecuada
Vega Baja,1985-1989,1,71.32919645334727,71.3396931439505,70.34559465377606,72.32044284837622,Estimación adecuada
Vega Baja,1985-1989,2,78.37255208308184,78.36672880499039,77.39297255949162,79.47369236363053,Estimación adecuada
Vega Baja,1990-1994,1,69.34239102427848,69.75306811387105,68.77834616814063,70.705864582842,Estimación adecuada
Vega Baja,1990-1994,2,79.817128530258,79.447456911917115,78.40150255672998,80.7133198647929,Estimación adecuada
Vega Baja,1995-1999,1,69.80129928554581,70.1839301459514,69.29653837254197,70.9490349832118,Estimación adecuada
Vega Baja,1995-1999,2,78.73855584436625,78.5859809655181,77.71756655678203,79.53045838353478,Estimación adecuada
Vega Baja,2000-2004,1,71.71281396652603,72.13779058890856,71.37495523705005,73.04937209959931,Estimación adecuada
Vega Baja,2000-2004,2,80.83940501884719,80.43486719516818,79.43132228471258,81.41527299807973,Estimación adecuada
Vega Baja,2005-2009,1,73.49107576558887,73.74091994831036,72.79508514032771,74.72106960246677,Estimación adecuada
Vega Baja,2005-2009,2,81.56225378359265,81.34459293819558,80.36677742067927,82.45776410892051,Estimación adecuada
Vega Baja,2010-2014,1,75.67293352681041,75.63362734622999,74.71041440883047,76.58026288139405,Estimación adecuada
Vega Baja,2010-2014,2,82.83225536608914,82.5680289505974,81.51821090364732,83.72334380380435,Estimación adecuada
Vega Baja,2015-2019,1,77.17186219895375,76.92864448245004,75.97089229882818,77.96679495779367,Estimación adecuada
Vega Baja,2015-2019,2,85.55300741129905,85.11346378434312,83.90064507396625,86.39480583089629,Estimación adecuada
Vega Baja,2020-2024,1,76.1343018706242,76.59847003153345,75.53241540863992,77.7456614339049,Estimación adecuada
Vega Baja,2020-2024,2,85.01178406884422,84.4106739300876,83.30817045717781,85.74256372568325,Estimación adecuada
Vieques,1980-1984,1,68.44199950691872,69.3634633440595,67.94502074048484,70.73666319127649,Estimación adecuada
Vieques,1980-1984,2,79.82881030409467,77.33543976056697,75.87375037060698,79.0492192680336,< e0 observado
Vieques,1985-1989,1,68.91887213110078,69.17672483385024,67.80595074049383,70.48658612238755,Estimación adecuada
Vieques,1985-1989,2,76.64055553721266,77.07442462135853,75.5859600215658,78.68951637850172,Estimación adecuada
Vieques,1990-1994,1,70.56388701195755,69.7102120787915,68.35790289982367,71.15464739409336,Estimación adecuada
Vieques,1990-1994,2,75.61141239304688,76.75095334662049,75.27128003753396,78.43680349393948,Estimación adecuada
Vieques,1995-1999,1,67.1661520645474,68.80923894990755,67.49751445484868,70.13924400494626,> e0 observado
Vieques,1995-1999,2,77.66760098100364,78.05925284150297,76.54921813197268,79.70286830614363,Estimación adecuada
Vieques,2000-2004,1,71.06219249587082,71.60979516557958,70.27015688120446,73.00301899562807,Estimación adecuada
Vieques,2000-2004,2,79.94564055883934,79.83396221871348,78.29097178621909,81.53868310775668,Estimación adecuada
Vieques,2005-2009,1,71.86562241202773,72.75828261978532,71.36073091510684,74.19740347036323,Estimación adecuada
Vieques,2005-2009,2,82.1662176624026,81.29560716692163,79.66093410603044,83.26433964322327,Estimación adecuada
Vieques,2010-2014,1,72.38693885614644,74.46815999979407,72.94649224943458,76.10563736541735,> e0 observado
Vieques,2010-2014,2,82.20083674525317,82.19300401811896,80.36686537300461,84.2617861456072,Estimación adecuada
Vieques,2015-2019,1,75.48771486205818,76.10879863161726,74.54615179938224,77.93116750111635,Estimación adecuada
Vieques,2015-2019,2,85.60400958844578,83.9820021961092,82.01932994101661,86.5732585524297,Estimación adecuada
Vieques,2020-2024,1,70.30670126441383,75.15822967007969,73.57705300517975,76.89135742034452,> e0 observado
Vieques,2020-2024,2,82.77316856062777,82.71355625115686,80.87332673320418,84.73799498617856,Estimación adecuada
Villalba,1980-1984,1,71.31481633801816,71.71320619029305,70.56802334905846,73.03367109060378,Estimación adecuada
Villalba,1980-1984,2,77.35744616187003,78.31724476757745,76.969520097165,79.81629042970972,Estimación adecuada
Villalba,1985-1989,1,70.6812298941124,71.27823337191933,70.17999638336765,72.41513902884786,Estimación adecuada
Villalba,1985-1989,2,78.13907330956457,78.54828893083975,77.22464186125956,80.09826493323247,Estimación adecuada
Villalba,1990-1994,1,72.3498469286644,71.64255304856835,70.51665564104168,72.74291501936341,Estimación adecuada
Villalba,1990-1994,2,79.32972359168376,79.0994367113218,77.82458549219845,80.4715226596047,Estimación adecuada
Villalba,1995-1999,1,74.12665072351581,72.78221644152822,71.71499909265953,73.87434349208056,< e0 observado
Villalba,1995-1999,2,79.94095261032773,79.77991839324865,78.46484948049738,81.21216814333998,Estimación adecuada
Villalba,2000-2004,1,75.24588138203707,74.72938571235052,73.43804094032159,75.90235224163158,Estimación adecuada
Villalba,2000-2004,2,81.24189158745828,81.04078085112793,79.68849122358549,82.44964657589674,Estimación adecuada
Villalba,2005-2009,1,75.22194783512565,75.1335624322986,74.00236786699124,76.44994317103672,Estimación adecuada
Villalba,2005-2009,2,82.367985821704,82.34365434128057,81.01007715874887,84.05817913753646,Estimación adecuada
Villalba,2010-2014,1,77.8383761040004,76.77720565100493,75.61846853806703,78.2702762432132,Estimación adecuada
Villalba,2010-2014,2,82.38109633625453,82.80853739035362,81.51248915761956,84.29309812481956,Estimación adecuada
Villalba,2015-2019,1,77.83504649286682,77.60183228501742,76.42967082764348,78.89286645145246,Estimación adecuada
Villalba,2015-2019,2,84.05820533092681,84.33005640147832,82.9879798334019,85.99173746208183,Estimación adecuada
Villalba,2020-2024,1,77.24232552482839,77.11944847437948,75.97792314450898,78.48136304975971,Estimación adecuada
Villalba,2020-2024,2,85.36972299365041,85.43165656002344,83.96995847732346,87.21611972904488,Estimación adecuada
Yabucoa,1980-1984,1,71.13885114874819,71.38340812946313,70.29307502063796,72.54989061127495,Estimación adecuada
Yabucoa,1980-1984,2,77.69784172893796,77.8741246286028,76.71830872605118,79.05263417050173,Estimación adecuada
Yabucoa,1985-1989,1,71.6497165141789,71.75025629755663,70.64306923223452,72.81370043850575,Estimación adecuada
Yabucoa,1985-1989,2,78.71247157491743,78.56592322267001,77.45449071391303,79.82721057264273,Estimación adecuada
Yabucoa,1990-1994,1,72.18368470754862,71.78420810701205,70.81258721389669,72.76486928808738,Estimación adecuada
Yabucoa,1990-1994,2,78.65582186258791,78.68599041385706,77.53518358104151,79.86786008397112,Estimación adecuada
Yabucoa,1995-1999,1,70.61759581589234,71.04913281701963,69.99584153414145,72.06833378229362,Estimación adecuada
Yabucoa,1995-1999,2,79.25053941807832,79.14271370042754,78.16212795396237,80.28178906290644,Estimación adecuada
Yabucoa,2000-2004,1,74.67500524731325,74.41227493182984,73.26224026760914,75.51262275441603,Estimación adecuada
Yabucoa,2000-2004,2,81.74191284227646,81.58628908362053,80.33838612358217,82.99344449181712,Estimación adecuada
Yabucoa,2005-2009,1,74.52109913218256,74.7208503056026,73.68911586949174,75.74572194619246,Estimación adecuada
Yabucoa,2005-2009,2,83.07308125246723,82.84606891854114,81.66285440781547,84.21093809628292,Estimación adecuada
Yabucoa,2010-2014,1,75.57434879024864,76.08597362628123,75.00877349282342,77.12638662733741,Estimación adecuada
Yabucoa,2010-2014,2,82.0382545268585,82.56402432735919,81.48445718904719,83.9350481805043,Estimación adecuada
Yabucoa,2015-2019,1,77.58753133123862,78.04362255535224,76.9265381714345,79.24925329605271,Estimación adecuada
Yabucoa,2015-2019,2,86.1265699532434,85.71701074342957,84.30558829155252,87.36062152963468,Estimación adecuada
Yabucoa,2020-2024,1,75.78194920338815,77.13637629226186,76.00096638826976,78.30448575786653,> e0 observado
Yabucoa,2020-2024,2,85.25611674355481,84.89864456538729,83.61318145213319,86.30940871815011,Estimación adecuada
Yauco,1980-1984,1,71.51456720078431,71.14010748742749,70.15796454471891,72.11277718887276,Estimación adecuada
Yauco,1980-1984,2,77.4589640282646,77.59856670494719,76.44381640411835,78.75767868864504,Estimación adecuada
Yauco,1985-1989,1,69.95040254168732,70.17192831949357,69.251692964,71.14953782793245,Estimación adecuada
Yauco,1985-1989,2,77.60208552265917,77.54800812344496,76.51801203455243,78.6563885473041,Estimación adecuada
Yauco,1990-1994,1,71.7335324052013,71.23472477253759,70.20764340168179,72.21537663375297,Estimación adecuada
Yauco,1990-1994,2,78.49054698828598,78.28027263286995,77.33899690203133,79.29218854238155,Estimación adecuada
Yauco,1995-1999,1,72.03051290197796,71.48774653331733,70.55122641184667,72.49462094935781,Estimación adecuada
Yauco,1995-1999,2,79.29391771380651,78.80942011334616,77.86989628202606,79.91598252434002,Estimación adecuada
Yauco,2000-2004,1,72.97803149863371,73.07139810111883,72.14065729145352,74.07143786678785,Estimación adecuada
Yauco,2000-2004,2,79.24854846213276,79.50231174953514,78.52044822470006,80.55873654206178,Estimación adecuada
Yauco,2005-2009,1,73.24138587908658,73.58557273515184,72.61329597533273,74.56948841437547,Estimación adecuada
Yauco,2005-2009,2,80.5594161821005,80.76921374924774,79.7146440033741,81.80025919587102,Estimación adecuada
Yauco,2010-2014,1,75.57887719653512,75.55789501816432,74.51067530309685,76.53107083585024,Estimación adecuada
Yauco,2010-2014,2,81.76032266455593,82.01426412869263,81.01265090019068,83.23455627409146,Estimación adecuada
Yauco,2015-2019,1,77.43223226793361,77.17512858309556,76.07048220778434,78.47502916968071,Estimación adecuada
Yauco,2015-2019,2,82.51620418595085,83.33659397114423,82.22670525848045,84.51220837377775,Estimación adecuada
Yauco,2020-2024,1,75.94482006846164,76.2983991596687,75.2823527049626,77.43604102688238,Estimación adecuada
Yauco,2020-2024,2,83.86986937855978,83.43623728258166,82.34637100663518,84.63824084676595,Estimación adecuada
