region,period,sex,e0_observado,e0_estimado,e0_lower,e0_upper,est_eval
Adjuntas,1980-1984,1,72.54189508802462,72.29016317452425,71.0169248208935,73.48984615566842,Estimación adecuada
Adjuntas,1980-1984,2,78.96516925394144,78.90393197415042,77.59452869217719,80.56346376723575,Estimación adecuada
Adjuntas,1985-1989,1,70.84999061728887,71.62563807669198,70.40970489398222,72.88679886432276,Estimación adecuada
Adjuntas,1985-1989,2,78.97855761762072,79.05237902187432,77.7946851124978,80.44854781000639,Estimación adecuada
Adjuntas,1990-1994,1,71.49310954038988,71.54356421373627,70.37421770370365,72.62855274956216,Estimación adecuada
Adjuntas,1990-1994,2,77.8804765833591,78.62875735767895,77.38797372302267,80.04824305855351,Estimación adecuada
Adjuntas,1995-1999,1,71.91080703113896,72.16829703296908,70.9323742812939,73.36943918385565,Estimación adecuada
Adjuntas,1995-1999,2,78.53770419818306,79.00344611949475,77.73433617533497,80.28323318342294,Estimación adecuada
Adjuntas,2000-2004,1,74.08070060634158,73.93636231986716,72.69933129986786,74.99275180018103,Estimación adecuada
Adjuntas,2000-2004,2,79.50851081175084,80.15113958772544,78.98712224600328,81.40366782654043,Estimación adecuada
Adjuntas,2005-2009,1,77.13413877724007,75.96170809042225,74.74797477219221,77.23063488429068,Estimación adecuada
Adjuntas,2005-2009,2,82.23262377887986,82.29528421071424,80.87071955689356,83.91644838484572,Estimación adecuada
Adjuntas,2010-2014,1,78.0170892039493,76.96038642848166,75.75222438628825,78.18051925914865,Estimación adecuada
Adjuntas,2010-2014,2,84.37542750420445,83.6545873465043,82.21963364542378,85.47234614707037,Estimación adecuada
Adjuntas,2015-2019,1,80.07122326396829,79.38704163291987,77.98401209536244,81.04637996283743,Estimación adecuada
Adjuntas,2015-2019,2,84.75780508868195,85.07582318959996,83.41753278431577,87.21167948019372,Estimación adecuada
Adjuntas,2020-2024,1,80.09050176489525,79.05263225667272,77.80938813755488,80.40276123624695,Estimación adecuada
Adjuntas,2020-2024,2,87.03883394524665,86.21640687691982,84.45550494829824,88.15473964973322,Estimación adecuada
Aguada,1980-1984,1,73.2175687853255,72.96285416735903,71.77842710597184,74.16416625646899,Estimación adecuada
Aguada,1980-1984,2,76.66307974738103,77.75462197457861,76.59764950053892,79.06574724934505,Estimación adecuada
Aguada,1985-1989,1,73.2139670919283,72.91785562204988,71.8347490158782,73.98512781647813,Estimación adecuada
Aguada,1985-1989,2,77.70261010174512,78.12947770998974,77.05857288738255,79.39043640143424,Estimación adecuada
Aguada,1990-1994,1,73.47166304966474,72.95431121111157,71.81768197661582,74.0195733673513,Estimación adecuada
Aguada,1990-1994,2,79.5647230527858,79.46203193420143,78.2710988724977,80.7001419206745,Estimación adecuada
Aguada,1995-1999,1,72.96139718811193,72.63603689153501,71.57123597041752,73.5907155607682,Estimación adecuada
Aguada,1995-1999,2,78.42598214583917,78.60982110404436,77.58267411033482,79.6699581651805,Estimación adecuada
Aguada,2000-2004,1,75.7731265619719,75.15069527831321,74.07748378604735,76.26992558100572,Estimación adecuada
Aguada,2000-2004,2,80.35987918975404,80.56174498866531,79.48791681562528,81.72646924110202,Estimación adecuada
Aguada,2005-2009,1,77.6139364553716,76.62863838989551,75.54774668922585,77.7386809576058,Estimación adecuada
Aguada,2005-2009,2,81.48750157025498,81.50622054041168,80.46738406296112,82.70472569096741,Estimación adecuada
Aguada,2010-2014,1,77.30810654500941,76.94410289627757,75.83599247415334,77.97233540933084,Estimación adecuada
Aguada,2010-2014,2,83.93649978812951,83.54046278169571,82.30153362076032,84.85195744258691,Estimación adecuada
Aguada,2015-2019,1,80.17632385200217,79.1120620975147,78.0021106185933,80.2942467241476,Estimación adecuada
Aguada,2015-2019,2,84.8851436302622,84.8332707655425,83.67862260118564,86.18304595974388,Estimación adecuada
Aguada,2020-2024,1,78.78968559483442,78.11333188170845,77.07836032755593,79.23777062299106,Estimación adecuada
Aguada,2020-2024,2,83.87729580688905,84.18714477841357,83.05678690602934,85.50319773714033,Estimación adecuada
Aguadilla,1980-1984,1,71.00678071372083,71.08841990917446,70.09081341534696,72.02094423326142,Estimación adecuada
Aguadilla,1980-1984,2,77.48535658677463,77.40364829538554,76.31251983692012,78.37414587549783,Estimación adecuada
Aguadilla,1985-1989,1,70.58561267446154,70.70221268584439,69.78440127608276,71.5918535050401,Estimación adecuada
Aguadilla,1985-1989,2,77.65780206154781,77.59245953984444,76.73073165928766,78.61098514823775,Estimación adecuada
Aguadilla,1990-1994,1,70.88482346377515,70.76178986071177,69.81574168522009,71.70420408594175,Estimación adecuada
Aguadilla,1990-1994,2,77.99785568547415,77.9214521129608,76.94951673965423,78.82817356785563,Estimación adecuada
Aguadilla,1995-1999,1,70.78010378855268,70.77555932901483,70.00351120901732,71.58311045245121,Estimación adecuada
Aguadilla,1995-1999,2,78.16686736979355,78.11552387693115,77.21869593260885,78.93897401944241,Estimación adecuada
Aguadilla,2000-2004,1,73.78276571753031,73.27320755914295,72.47637765834175,74.1212861105724,Estimación adecuada
Aguadilla,2000-2004,2,80.4519877413878,80.02879717872011,79.11270375247206,80.9985605824955,Estimación adecuada
Aguadilla,2005-2009,1,74.34368140644379,74.0432730274755,73.2106505428167,75.03295749438918,Estimación adecuada
Aguadilla,2005-2009,2,81.18616231865003,80.83554435435903,79.92761605246965,81.8962098002949,Estimación adecuada
Aguadilla,2010-2014,1,76.10575530196566,75.57850508387361,74.65422924119291,76.47108213437333,Estimación adecuada
Aguadilla,2010-2014,2,81.66758711742574,81.71589116927846,80.81202417104913,82.68983616041952,Estimación adecuada
Aguadilla,2015-2019,1,77.50146177468308,76.89583557973845,75.9211947335843,77.90484761392536,Estimación adecuada
Aguadilla,2015-2019,2,82.99395073109926,83.53951575763675,82.47759434636784,84.7261698899647,Estimación adecuada
Aguadilla,2020-2024,1,76.52156602867667,76.46707524677163,75.41996108849587,77.41454313096492,Estimación adecuada
Aguadilla,2020-2024,2,83.20736033493193,83.39909624171761,82.37017700878103,84.45100422061101,Estimación adecuada
Aguas Buenas,1980-1984,1,70.9060601893331,71.5842896077544,70.3786240179893,72.8191770155955,Estimación adecuada
Aguas Buenas,1980-1984,2,79.20230439846388,78.85421349795791,77.47252297031828,80.27539875527278,Estimación adecuada
Aguas Buenas,1985-1989,1,71.73217429810381,71.99387914266086,70.7443616066747,73.20662401488994,Estimación adecuada
Aguas Buenas,1985-1989,2,78.6666624044358,78.91279002230416,77.64060419107314,80.56199713820179,Estimación adecuada
Aguas Buenas,1990-1994,1,71.9040754109389,71.78528839423305,70.68892743264504,72.9103602953115,Estimación adecuada
Aguas Buenas,1990-1994,2,82.01930667891537,80.73485960599797,79.32866736670589,82.5708559183472,Estimación adecuada
Aguas Buenas,1995-1999,1,72.03242058667274,72.18806237218274,71.05967804808749,73.27699408394066,Estimación adecuada
Aguas Buenas,1995-1999,2,79.29741471606214,79.31114232886281,78.21120799479947,80.54147789498454,Estimación adecuada
Aguas Buenas,2000-2004,1,74.50847723417229,74.4656785338704,73.35115046778172,75.61781130859687,Estimación adecuada
Aguas Buenas,2000-2004,2,81.5330766162057,81.41736406941729,80.13707939458908,82.84631109394948,Estimación adecuada
Aguas Buenas,2005-2009,1,74.76751879253901,75.14002088965628,73.9633929576057,76.34877030989438,Estimación adecuada
Aguas Buenas,2005-2009,2,83.74825554704381,83.43573814166552,82.06325553719684,85.14860426537358,Estimación adecuada
Aguas Buenas,2010-2014,1,77.07874986678003,77.50939988775471,76.21006584874226,78.80283534569146,Estimación adecuada
Aguas Buenas,2010-2014,2,83.69043751017023,83.95759138942032,82.66494175877364,85.5182786006643,Estimación adecuada
Aguas Buenas,2015-2019,1,77.12363910638712,78.0069253952075,76.69702062206127,79.36069972030113,Estimación adecuada
Aguas Buenas,2015-2019,2,86.87058779798112,85.95843309212424,84.47594839930356,87.75990361824954,Estimación adecuada
Aguas Buenas,2020-2024,1,77.7129141285506,78.05488725279784,76.86915740298345,79.39925487566862,Estimación adecuada
Aguas Buenas,2020-2024,2,86.01372227536956,85.49819561628641,84.1740831777341,87.13016216234487,Estimación adecuada
Aibonito,1980-1984,1,71.20727896829324,71.66116140756486,70.51781160100543,73.04041210959707,Estimación adecuada
Aibonito,1980-1984,2,78.10148160174788,78.35003178681932,76.94309803250694,79.73665147748655,Estimación adecuada
Aibonito,1985-1989,1,70.93804632594708,71.3201169861868,70.07042722031007,72.49868233228939,Estimación adecuada
Aibonito,1985-1989,2,79.48839408130233,79.22707392515733,77.87024559538808,80.77804328822778,Estimación adecuada
Aibonito,1990-1994,1,72.79885060126831,72.27692965867355,71.07963663649139,73.52888345177142,Estimación adecuada
Aibonito,1990-1994,2,79.20403729733329,79.07824676344866,77.81496150469927,80.29923714609339,Estimación adecuada
Aibonito,1995-1999,1,72.77760443633895,72.21352462127201,71.06445697446988,73.50635944900391,Estimación adecuada
Aibonito,1995-1999,2,79.65397963842346,79.57130444953366,78.47310487073865,80.84995848121899,Estimación adecuada
Aibonito,2000-2004,1,74.39460579414157,74.10890249819525,72.98273605046218,75.24159888190276,Estimación adecuada
Aibonito,2000-2004,2,80.67825254541816,80.78616014343683,79.55316298528845,82.02909612983059,Estimación adecuada
Aibonito,2005-2009,1,74.88960349978896,74.9608777782199,73.86586801051197,76.32554930338067,Estimación adecuada
Aibonito,2005-2009,2,81.30587533973025,81.34284915611742,80.24350341603612,82.61389891670112,Estimación adecuada
Aibonito,2010-2014,1,74.15371449624438,75.59291775337161,74.44766576412523,76.75553092797497,> e0 observado
Aibonito,2010-2014,2,82.8334666787244,82.97203061589104,81.71720500128164,84.4546612338368,Estimación adecuada
Aibonito,2015-2019,1,77.00855644451336,77.75827392270259,76.5262988751571,78.98969942755717,Estimación adecuada
Aibonito,2015-2019,2,83.92589167839914,84.43056185975753,83.22810378083541,85.94918019077772,Estimación adecuada
Aibonito,2020-2024,1,79.62044145372406,79.02878321702373,77.7358083110552,80.36563734311741,Estimación adecuada
Aibonito,2020-2024,2,85.54801976071056,85.58269400205626,84.2431300459563,87.22036556697952,Estimación adecuada
Anasco,1980-1984,1,72.01460523472083,71.66237944692801,70.4313074333291,72.76829156833077,Estimación adecuada
Anasco,1980-1984,2,76.47877169471658,76.96189855339051,75.79134361385385,78.23446490337348,Estimación adecuada
Anasco,1985-1989,1,71.42888891874672,71.38202470043821,70.23525139542997,72.44569827193277,Estimación adecuada
Anasco,1985-1989,2,76.49626365968555,77.26653173036811,75.99782047254853,78.61356721802919,Estimación adecuada
Anasco,1990-1994,1,70.05228247802775,70.6939089039178,69.6219733174394,71.79700299509997,Estimación adecuada
Anasco,1990-1994,2,77.19464732684078,77.680701836587275,76.51137776101875,78.81348039666527,Estimación adecuada
Anasco,1995-1999,1,71.8503650088804,71.32805748025177,70.35467619847641,72.29850678165707,Estimación adecuada
Anasco,1995-1999,2,77.85360337047757,78.03319156887272,76.93784076425892,79.2268390245659,Estimación adecuada
Anasco,2000-2004,1,74.35938543935954,73.90554285533554,72.85196949814966,74.99446807218109,Estimación adecuada
Anasco,2000-2004,2,80.6361937434096,80.4125259321633,79.24228338525012,81.82743064919167,Estimación adecuada
Anasco,2005-2009,1,76.96481061689505,75.789279873118,74.664852939542115,77.01834967366685,Estimación adecuada
Anasco,2005-2009,2,82.18483587125668,81.74927387226802,80.4604628743917,83.3425142746196,Estimación adecuada
Anasco,2010-2014,1,76.38264162433822,75.97236867371703,74.9359037957164,77.11397683655935,Estimación adecuada
Anasco,2010-2014,2,83.0792504741019,82.88791266678314,81.49979852780682,84.51176616851924,Estimación adecuada
Anasco,2015-2019,1,78.19758272547156,77.59737275555109,76.52724273376961,78.76825480393748,Estimación adecuada
Anasco,2015-2019,2,85.54315717152748,84.88256266564552,83.45171478766262,86.54283518635677,Estimación adecuada
Anasco,2020-2024,1,77.16064670152906,77.31369862364959,76.23968254058946,78.47062697428082,Estimación adecuada
Anasco,2020-2024,2,83.2175630598603,84.30784245666865,83.16690004464111,85.68571596792783,Estimación adecuada
Arecibo,1980-1984,1,70.94822313738125,70.98387964566915,70.2295926146184,71.76794304169705,Estimación adecuada
Arecibo,1980-1984,2,77.54900544750467,77.36651033472592,76.5748436342635,78.30978005616937,Estimación adecuada
Arecibo,1985-1989,1,70.27186805457087,70.43676989473462,69.61256435085805,71.26354597848625,Estimación adecuada
Arecibo,1985-1989,2,77.07511338664261,77.2122200996489,76.45003277582948,78.06041085979201,Estimación adecuada
Arecibo,1990-1994,1,70.75664021225552,70.65786830565247,69.91473178171891,71.42714894766912,Estimación adecuada
Arecibo,1990-1994,2,77.82525476262934,77.93109887905922,77.13242932599468,78.7981103563575,Estimación adecuada
Arecibo,1995-1999,1,70.42422951948052,70.43800734301419,69.78749346895935,71.2223769679567,Estimación adecuada
Arecibo,1995-1999,2,77.67805190763369,77.8101709639611,77.05404086610791,78.49871273329248,Estimación adecuada
Arecibo,2000-2004,1,73.58677734329173,73.267768545223,72.48207165588862,73.96989826691743,Estimación adecuada
Arecibo,2000-2004,2,80.17723082421405,79.95393475708835,79.1860508162154,80.84619457662825,Estimación adecuada
Arecibo,2005-2009,1,73.79746978285579,73.75792196481035,73.02219803965242,74.58200710217916,Estimación adecuada
Arecibo,2005-2009,2,80.99120726198102,80.74193125855393,79.98707561656398,81.57375998196099,Estimación adecuada
Arecibo,2010-2014,1,75.7499952369095,75.57599257732707,74.78518678975243,76.33644080127587,Estimación adecuada
Arecibo,2010-2014,2,81.99729917976786,81.78695530300514,80.95985927864669,82.6169112632383,Estimación adecuada
Arecibo,2015-2019,1,77.47760291858165,77.29378293919783,76.39294155526103,78.12916770690072,Estimación adecuada
Arecibo,2015-2019,2,84.62096334942437,84.31433287409781,83.36399559502112,85.30275850670839,Estimación adecuada
Arecibo,2020-2024,1,77.03404417797988,76.7613108007723,75.8920792962984,77.66429804596679,Estimación adecuada
Arecibo,2020-2024,2,83.99392652816299,83.75902657967586,82.86778916583131,84.72010408471084,Estimación adecuada
Arroyo,1980-1984,1,69.26197243419952,69.91740962585493,68.54715693949905,71.21908488451997,Estimación adecuada
Arroyo,1980-1984,2,77.70227943996014,77.4476927954991,76.02810253569129,79.03848624672594,Estimación adecuada
Arroyo,1985-1989,1,69.06544938666639,69.61199069986952,68.40182737409883,70.75678236493295,Estimación adecuada
Arroyo,1985-1989,2,76.53547803214357,76.77062180259998,75.48576049893656,78.08414231396115,Estimación adecuada
Arroyo,1990-1994,1,69.46770127229499,69.84108172780458,68.59077720811214,71.01601678724064,Estimación adecuada
Arroyo,1990-1994,2,79.1638940521351,78.37976534298292,77.10418128589029,79.83644504066257,Estimación adecuada
Arroyo,1995-1999,1,69.35840651861476,70.0153030905712,68.8125822655314,71.11631471061564,Estimación adecuada
Arroyo,1995-1999,2,77.98473955428867,77.67490539411472,76.5697701209433,78.79451962801677,Estimación adecuada
Arroyo,2000-2004,1,72.46263355278663,72.49595296434481,71.3750068529388,73.68730215665597,Estimación adecuada
Arroyo,2000-2004,2,79.49462438506765,79.65686665470255,78.33331208217152,80.94418469495085,Estimación adecuada
Arroyo,2005-2009,1,73.52924324703848,73.55708911736231,72.34979025964951,74.80172482643182,Estimación adecuada
Arroyo,2005-2009,2,81.55925566302211,81.08961379838546,79.72759439034607,82.63554873701524,Estimación adecuada
Arroyo,2010-2014,1,73.74855783813932,74.32020885056886,73.11462168391587,75.4769932193463,Estimación adecuada
Arroyo,2010-2014,2,82.70095569618667,82.19703035143273,80.8032779210352,83.8283344692211,Estimación adecuada
Arroyo,2015-2019,1,74.8566557237882,76.2641105051072,75.04182683469455,77.5845513886062,> e0 observado
Arroyo,2015-2019,2,83.0866067343545,83.50248513893182,82.06819069428383,85.18138158812533,Estimación adecuada
Arroyo,2020-2024,1,77.15040742709185,76.65313985639318,75.37065053792811,78.11656839256095,Estimación adecuada
Arroyo,2020-2024,2,82.07042233229613,83.15994877566192,81.89852668606736,84.69515650526968,Estimación adecuada
Barceloneta,1980-1984,1,69.54208697130085,70.64512428005378,69.41912022543414,71.91166021293759,Estimación adecuada
Barceloneta,1980-1984,2,77.1594570905444,77.47825107154645,76.15916519495161,78.92846821785118,Estimación adecuada
Barceloneta,1985-1989,1,72.20256138308132,71.81770089414107,70.513441985897515,73.10173876811982,Estimación adecuada
Barceloneta,1985-1989,2,78.86869640220178,78.62370300598349,77.3056068980146,80.07391751391283,Estimación adecuada
Barceloneta,1990-1994,1,71.8280110285992,71.16308871507306,69.97972432530615,72.37858345912903,Estimación adecuada
Barceloneta,1990-1994,2,79.79778456534828,79.58111402839944,78.1291286253923,81.14812045771016,Estimación adecuada
Barceloneta,1995-1999,1,69.62763398284127,70.560970000349,69.3645650961055,71.75705443608777,Estimación adecuada
Barceloneta,1995-1999,2,78.30155980616671,78.6277817557414,77.43249823114314,79.77851817951606,Estimación adecuada
Barceloneta,2000-2004,1,74.25217285421827,73.59939718917552,72.38389341794272,74.80560336617894,Estimación adecuada
Barceloneta,2000-2004,2,80.98566728548113,80.37927233918737,79.22740653067615,81.68938904048903,Estimación adecuada
Barceloneta,2005-2009,1,75.14771749617947,74.69079129563704,73.51283842865863,75.87808624561879,Estimación adecuada
Barceloneta,2005-2009,2,83.116014041615,82.47412700359973,81.08089355432136,84.02274538101952,Estimación adecuada
Barceloneta,2010-2014,1,75.38250616989667,75.53657158324533,74.39809719760542,76.74303156570512,Estimación adecuada
Barceloneta,2010-2014,2,83.0835846078107,82.82140402967255,81.5198624365412,84.17416148968306,Estimación adecuada
Barceloneta,2015-2019,1,79.11645760546237,77.78499642779207,76.52476799077316,79.23246289605034,Estimación adecuada
Barceloneta,2015-2019,2,85.56404930901091,85.0387166614681,83.54307348022863,86.71130109593244,Estimación adecuada
Barceloneta,2020-2024,1,75.82195956003592,76.00516705569171,74.99693547473882,77.05615460249383,Estimación adecuada
Barceloneta,2020-2024,2,84.21378427386203,84.52229282415593,83.17545008583991,86.04516954616129,Estimación adecuada
Barranquitas,1980-1984,1,71.33876197975142,71.60747404491694,70.4829215657585,72.8618408194063,Estimación adecuada
Barranquitas,1980-1984,2,77.30531169649653,77.7892735396027,76.4571360082392,79.0679103763477,Estimación adecuada
Barranquitas,1985-1989,1,71.51414892357278,71.5979994236823,70.45195896373119,72.82066811155333,Estimación adecuada
Barranquitas,1985-1989,2,77.76964050663393,78.18541020091376,76.99046333667123,79.55046335503138,Estimación adecuada
Barranquitas,1990-1994,1,70.61622752203237,71.17136225524044,69.95046848078535,72.3003900793205,Estimación adecuada
Barranquitas,1990-1994,2,80.19038720696514,79.65475026674864,78.33661327256543,81.06891280195661,Estimación adecuada
Barranquitas,1995-1999,1,71.30535167741402,71.06818141986793,70.04029497127314,72.07288980008633,Estimación adecuada
Barranquitas,1995-1999,2,77.36809189145215,78.18464481565074,77.02913551473577,79.39490111812646,Estimación adecuada
Barranquitas,2000-2004,1,73.94139576064688,73.91106056619972,72.82276556246788,75.04683123562909,Estimación adecuada
Barranquitas,2000-2004,2,80.92303201880848,81.19568521045304,79.84651397538212,82.83265446714343,Estimación adecuada
Barranquitas,2005-2009,1,75.7544247310515,75.30943682894828,74.08571157842479,76.60081665245231,Estimación adecuada
Barranquitas,2005-2009,2,83.34321773527964,83.0629089980952,81.5472346879989,84.78533127149588,Estimación adecuada
Barranquitas,2010-2014,1,75.82434696179858,75.75943674775918,74.64063244052394,76.925592303476,Estimación adecuada
Barranquitas,2010-2014,2,83.19916348644446,83.16843418725665,81.78115061444997,84.6163536804713,Estimación adecuada
Barranquitas,2015-2019,1,78.70088384920705,78.17190327991132,77.02317019008281,79.41649213144717,Estimación adecuada
Barranquitas,2015-2019,2,86.1569793140704,85.79369790406666,84.2018285279494,87.8066660615471,Estimación adecuada
Barranquitas,2020-2024,1,77.70140580259377,77.75963584664842,76.5338276531823,79.16351396680483,Estimación adecuada
Barranquitas,2020-2024,2,85.89659093832063,85.70361992386351,84.30168808513929,87.39055235978616,Estimación adecuada
Bayamon,1980-1984,1,72.04514701418195,72.01566860024079,71.35857714334048,72.65825360074489,Estimación adecuada
Bayamon,1980-1984,2,78.18054324807127,78.11432328868165,77.43017409178077,78.89989705400065,Estimación adecuada
Bayamon,1985-1989,1,71.5983747916107,71.62888885831788,71.01150471803784,72.28044627369118,Estimación adecuada
Bayamon,1985-1989,2,79.5340278313893,79.31255727298705,78.6636957225535,80.0070809623625,Estimación adecuada
Bayamon,1990-1994,1,69.4013098024391,69.746974354987,69.1322863328803,70.4276553557874,Estimación adecuada
Bayamon,1990-1994,2,79.99809814237122,79.88975656187776,79.2022595004186,80.58695916054498,Estimación adecuada
Bayamon,1995-1999,1,70.7717796692549,70.97141003711832,70.33549098716202,71.63466360161199,Estimación adecuada
Bayamon,1995-1999,2,79.73301230251936,79.71588438268489,79.0202905585657,80.34502129624983,Estimación adecuada
Bayamon,2000-2004,1,73.5738231086305,73.59546375637548,72.97816973634421,74.2966431400434,Estimación adecuada
Bayamon,2000-2004,2,81.70891995330639,81.63632540841861,80.93223848264444,82.35301126340582,Estimación adecuada
Bayamon,2005-2009,1,74.78989094750834,74.79444967190753,74.12356777882584,75.500852681684,Estimación adecuada
Bayamon,2005-2009,2,82.81400991090648,82.70267860982639,81.94439165296419,83.5476682247904,Estimación adecuada
Bayamon,2010-2014,1,76.39050901350164,76.35496935324906,75.67168292089077,77.05787883960537,Estimación adecuada
Bayamon,2010-2014,2,84.21195413174071,84.01471649511676,83.18749330841354,84.83062469515595,Estimación adecuada
Bayamon,2015-2019,1,77.4241342974101,77.50293148312667,76.67790035378529,78.3396076152087,Estimación adecuada
Bayamon,2015-2019,2,85.53635487807955,85.25891120369542,84.38729443176442,86.26603376319618,Estimación adecuada
Bayamon,2020-2024,1,76.28240347769594,76.33993718284125,75.63953497931723,77.14733016871817,Estimación adecuada
Bayamon,2020-2024,2,85.66531677680673,85.52873342909443,84.59383429407646,86.51884958437832,Estimación adecuada
Cabo Rojo,1980-1984,1,72.39724763936692,72.65195124631715,71.6037363749348,73.60628515197924,Estimación adecuada
Cabo Rojo,1980-1984,2,77.5415868375023,77.73699803193122,76.7527865818206,78.8504823585438,Estimación adecuada
Cabo Rojo,1985-1989,1,73.0487252974488,72.98677812423355,71.90808246328426,74.07346098162714,Estimación adecuada
Cabo Rojo,1985-1989,2,79.23917112625598,79.02324997419271,78.00477378613877,80.10411322038823,Estimación adecuada
Cabo Rojo,1990-1994,1,72.9792541025154,72.72176424903449,71.80518603448897,73.6831937285783,Estimación adecuada
Cabo Rojo,1990-1994,2,80.55409901002383,80.07848389939659,79.15830618676188,81.27655931659457,Estimación adecuada
Cabo Rojo,1995-1999,1,72.48815364764029,72.4789356552771,71.62033824949626,73.32149433484855,Estimación adecuada
Cabo Rojo,1995-1999,2,79.8964769700673,79.86472377588848,78.91478218885617,80.90133526769849,Estimación adecuada
Cabo Rojo,2000-2004,1,75.02839226790125,74.86563878860804,73.92293310698999,75.78102225686584,Estimación adecuada
Cabo Rojo,2000-2004,2,82.11872847252751,81.88664591713805,80.86274731170928,83.07581004113416,Estimación adecuada
Cabo Rojo,2005-2009,1,76.84328880547321,76.19119837491328,75.22514025508931,77.12758156623592,Estimación adecuada
Cabo Rojo,2005-2009,2,82.78834955008477,82.46118204083092,81.47818860906882,83.70139197311022,Estimación adecuada
Cabo Rojo,2010-2014,1,75.75368420461352,76.14036911637211,75.20420947795401,77.11200132707299,Estimación adecuada
Cabo Rojo,2010-2014,2,83.4281511567301,83.70096952151445,82.66409657661272,84.93654311312095,Estimación adecuada
Cabo Rojo,2015-2019,1,79.78583423632396,79.39314411127953,78.29911610429902,80.57145822633538,Estimación adecuada
Cabo Rojo,2015-2019,2,84.21493107845924,84.55533465662398,83.52458490354648,85.66370357310048,Estimación adecuada
Cabo Rojo,2020-2024,1,79.36891590464815,79.19633636792267,78.14163662255882,80.30448000190272,Estimación adecuada
Cabo Rojo,2020-2024,2,84.78014352257735,84.732944221406,83.74101395239389,85.93580846636371,Estimación adecuada
Caguas,1980-1984,1,71.72229204508373,71.73923348848317,70.97321027246304,72.51760447232408,Estimación adecuada
Caguas,1980-1984,2,78.48100883851102,78.34582457477694,77.5666939803622,79.19142875788229,Estimación adecuada
Caguas,1985-1989,1,70.39381171255258,70.53940277774495,69.88514551785678,71.24236596986188,Estimación adecuada
Caguas,1985-1989,2,79.24402800001289,79.03150345384759,78.16914268102032,79.84725071354228,Estimación adecuada
Caguas,1990-1994,1,68.81764511805511,69.26705477425494,68.55672511681855,69.9916767328769,Estimación adecuada
Caguas,1990-1994,2,78.64358444378482,78.61725171912036,77.86339182456393,79.37842205783468,Estimación adecuada
Caguas,1995-1999,1,69.69055735609851,70.05647745233408,69.29951434737008,70.76929853285448,Estimación adecuada
Caguas,1995-1999,2,79.6561294833766,79.56048165594554,78.77465056386467,80.38443109400129,Estimación adecuada
Caguas,2000-2004,1,73.10779492757699,73.21563660376256,72.49789887507448,73.94828983978788,Estimación adecuada
Caguas,2000-2004,2,81.16770684291536,80.96240361003139,80.21378714006661,81.84875067593327,Estimación adecuada
Caguas,2005-2009,1,74.70961206827913,74.6797210830517,73.87622174101469,75.47924709510364,Estimación adecuada
Caguas,2005-2009,2,83.16961380386512,82.93455832322313,82.07955403569274,83.8807807386598,Estimación adecuada
Caguas,2010-2014,1,74.58554015299136,74.90684260239075,74.15667735400905,75.71183934456295,Estimación adecuada
Caguas,2010-2014,2,83.90600489563009,83.68825814508018,82.75570945946,84.77174141890404,Estimación adecuada
Caguas,2015-2019,1,77.124653280767,77.27394064166906,76.48220878791918,78.04857740281535,Estimación adecuada
Caguas,2015-2019,2,84.81913360231933,84.71563177035515,83.89685317177327,85.6807606046183,Estimación adecuada
Caguas,2020-2024,1,76.29588342135224,76.33882105610036,75.63043973683077,77.12308485346344,Estimación adecuada
Caguas,2020-2024,2,84.58890329073995,84.5599277601033,83.61310722035205,85.52571348299634,Estimación adecuada
Camuy,1980-1984,1,72.00953497661486,72.24372644568052,71.16024894992184,73.4318391713245,Estimación adecuada
Camuy,1980-1984,2,79.04819306327792,78.92860670951379,77.66765331607023,80.35749894798377,Estimación adecuada
Camuy,1985-1989,1,73.05563270338817,72.65126430092604,71.4845085143734,73.89894335022812,Estimación adecuada
Camuy,1985-1989,2,79.50251205629576,79.32350604523066,77.9987662839795,80.8280008836807,Estimación adecuada
Camuy,1990-1994,1,72.48592866320423,72.04206957304768,71.09729698135138,73.13176278577413,Estimación adecuada
Camuy,1990-1994,2,78.42074942707247,78.7009441892177,77.64106759738738,79.9934890253361,Estimación adecuada
Camuy,1995-1999,1,72.6730064081168,72.22297743527407,71.18906624138275,73.23779724519656,Estimación adecuada
Camuy,1995-1999,2,81.15887534595899,80.55876754275138,79.34812881925751,81.88711286728835,Estimación adecuada
Camuy,2000-2004,1,75.51776152008144,74.7955284869241,73.75866061959181,75.8190315565966,Estimación adecuada
Camuy,2000-2004,2,81.38049051623702,80.93851527460349,79.7769397499995,82.13379680090401,Estimación adecuada
Camuy,2005-2009,1,76.0113432292359,75.50977418199483,74.49454423762015,76.59770183885158,Estimación adecuada
Camuy,2005-2009,2,83.37764861657537,82.8309725797199,81.48634594410852,84.33112577151297,Estimación adecuada
Camuy,2010-2014,1,77.47114401608678,76.50677585468779,75.52378452253494,77.55696744027232,Estimación adecuada
Camuy,2010-2014,2,83.52117698878538,83.33136841438285,81.95842563530331,84.79929195683343,Estimación adecuada
Camuy,2015-2019,1,78.31044325410554,78.04196221165154,76.93333894777412,79.11207089017016,Estimación adecuada
Camuy,2015-2019,2,85.3683244262729,85.11943260633669,83.70421296172539,86.67797904785972,Estimación adecuada
Camuy,2020-2024,1,78.26146309261183,77.75376402038643,76.74564639064593,78.8180044472595,Estimación adecuada
Camuy,2020-2024,2,85.47114665413861,85.39331520661038,83.9701949142684,86.95715099439099,Estimación adecuada
Canovanas,1980-1984,1,73.29991788695871,71.89741653160593,70.78350310242628,72.96764041710968,< e0 observado
Canovanas,1980-1984,2,80.06188590433085,78.58774693077581,77.35971904151991,80.17061594761309,Estimación adecuada
Canovanas,1985-1989,1,71.61537365310774,71.2551287781678,70.14488165715751,72.43360840832165,Estimación adecuada
Canovanas,1985-1989,2,78.2476656338885,77.79967365658821,76.54875149777625,79.10090539641396,Estimación adecuada
Canovanas,1990-1994,1,68.47857316458972,69.2969013876475,68.24256402520848,70.3737720170781,Estimación adecuada
Canovanas,1990-1994,2,78.32395417011652,78.17221344019981,77.03959130692435,79.42595386928495,Estimación adecuada
Canovanas,1995-1999,1,67.92417601162161,68.88645882065492,67.86085886818877,69.87452771649468,Estimación adecuada
Canovanas,1995-1999,2,77.19866982997894,77.39024838899394,76.38875646715033,78.37796393202765,Estimación adecuada
Canovanas,2000-2004,1,71.161335880999,71.96469650422398,70.9173208416831,73.07447905028002,Estimación adecuada
Canovanas,2000-2004,2,79.89031657445085,79.85725839493864,78.66117938735643,81.13912404839735,Estimación adecuada
Canovanas,2005-2009,1,72.03527888088188,72.92594209132128,71.84810126959823,74.06356519008642,Estimación adecuada
Canovanas,2005-2009,2,82.20274877957495,81.72925761972334,80.62157727893575,83.02433125380712,Estimación adecuada
Canovanas,2010-2014,1,73.73163177655942,74.49326695715847,73.45147528423955,75.55679620957676,Estimación adecuada
Canovanas,2010-2014,2,82.38500533806449,81.94667296012395,80.8116084069633,83.10719949041479,Estimación adecuada
Canovanas,2015-2019,1,76.47578865798285,76.79683210981707,75.64597800300629,77.9985296811305,Estimación adecuada
Canovanas,2015-2019,2,83.4705410867674,83.37373886427483,82.11697878792835,84.63949124613039,Estimación adecuada
Canovanas,2020-2024,1,75.27011547141525,75.49350838629881,74.47794839235242,76.5167261291027,Estimación adecuada
Canovanas,2020-2024,2,84.62181844092842,84.10962361669897,82.97607100602488,85.55117838386704,Estimación adecuada
Carolina,1980-1984,1,72.67945710656471,72.62362216970753,71.86623775274334,73.3930703143633,Estimación adecuada
Carolina,1980-1984,2,80.00245669766525,79.69027136895158,78.88760753570165,80.55575948177989,Estimación adecuada
Carolina,1985-1989,1,71.45905207579524,71.58433420599926,70.964028968545,72.26826767526427,Estimación adecuada
Carolina,1985-1989,2,79.99533355118936,79.76878546559753,79.0135303190387,80.6362986730656,Estimación adecuada
Carolina,1990-1994,1,69.88961527032849,70.25756164531013,69.51600787878832,70.98291847883513,Estimación adecuada
Carolina,1990-1994,2,79.19273965392165,79.27198101264344,78.58066566688426,80.07197584107033,Estimación adecuada
Carolina,1995-1999,1,70.6039476792499,70.90858725417561,70.28872403520099,71.64570386218023,Estimación adecuada
Carolina,1995-1999,2,80.17066355341137,80.05668368098827,79.33722783263671,80.77934524388573,Estimación adecuada
Carolina,2000-2004,1,73.93076115352547,74.03380008332692,73.38670517999213,74.80279282115757,Estimación adecuada
Carolina,2000-2004,2,81.94990115891811,81.76201409414409,81.0354416286818,82.57867938509061,Estimación adecuada
Carolina,2005-2009,1,74.82294831043072,74.88157936362634,74.12607120923744,75.614724484072,Estimación adecuada
Carolina,2005-2009,2,82.93347404417227,82.83108541434375,82.02951325398271,83.63192615049498,Estimación adecuada
Carolina,2010-2014,1,75.72166232249958,75.98359399236472,75.19946706951087,76.77106388588003,Estimación adecuada
Carolina,2010-2014,2,84.32702876051523,84.14684793437469,83.24155512254374,85.0970479489883,Estimación adecuada
Carolina,2015-2019,1,78.16150181754098,78.11606579263139,77.28523988127317,79.04668907392157,Estimación adecuada
Carolina,2015-2019,2,86.31301087441426,86.12823818220673,85.02736034591207,87.25397635264348,Estimación adecuada
Carolina,2020-2024,1,78.61601699181085,78.37881615562097,77.52951516485375,79.32061654079513,Estimación adecuada
Carolina,2020-2024,2,85.92480146843515,85.5394905045099,84.63620726654446,86.42758081865077,Estimación adecuada
Catano,1980-1984,1,64.71158204088911,66.30156901240767,65.16493030587394,67.41884149246006,> e0 observado
Catano,1980-1984,2,75.60330232750007,75.37149214730472,74.20454185571944,76.64994713716096,Estimación adecuada
Catano,1985-1989,1,65.748433663921,67.0098351941078,65.7835231894039,68.12266669036744,> e0 observado
Catano,1985-1989,2,78.65957711284251,77.32994315454408,76.08260178697508,78.65914039251074,< e0 observado
Catano,1990-1994,1,63.551421617424765,65.43983997919017,64.3246638148658,66.52389922872639,> e0 observado
Catano,1990-1994,2,77.73013012436986,77.17082766841406,76.03788358650846,78.50274084412509,Estimación adecuada
Catano,1995-1999,1,64.95894376240564,66.49844261789815,65.31965714302248,67.54480444408176,> e0 observado
Catano,1995-1999,2,77.80173549366691,77.42826833093113,76.19765429259594,78.69957619154381,Estimación adecuada
Catano,2000-2004,1,69.54736006919788,70.40287446436318,69.34667076463779,71.56037130298718,Estimación adecuada
Catano,2000-2004,2,80.2420833723342,79.27184334518367,78.11146435266336,80.59325996556701,Estimación adecuada
Catano,2005-2009,1,70.00884632904449,70.9493858646191,69.86943477500228,72.08957666060765,Estimación adecuada
Catano,2005-2009,2,82.4846061988492,81.49902828246857,80.03834616722519,83.15135299939536,Estimación adecuada
Catano,2010-2014,1,73.04054164065788,73.27524618063163,72.03177787209711,74.5867674540858,Estimación adecuada
Catano,2010-2014,2,85.05347927327067,82.90494111920302,81.29528643487835,84.67413767690915,< e0 observado
Catano,2015-2019,1,73.65254048968006,74.56606719886977,73.3392359844311,75.75087512624283,Estimación adecuada
Catano,2015-2019,2,86.94579083490224,85.06630707139948,83.28839837709542,87.22956008433036,Estimación adecuada
Catano,2020-2024,1,73.01737041087924,73.99884177734481,72.63747744696784,75.31684150761657,Estimación adecuada
Catano,2020-2024,2,86.06847947432311,84.59784655666292,82.99387205392277,86.63141109429762,Estimación adecuada
Cayey,1980-1984,1,71.32064492875628,71.17886145292904,70.01601368996174,72.14271446497929,Estimación adecuada
Cayey,1980-1984,2,76.88437352747385,77.22308964428123,76.11587440036294,78.4094350729982,Estimación adecuada
Cayey,1985-1989,1,69.35200072016079,70.0178164481784,69.18341727575509,70.88665165449514,Estimación adecuada
Cayey,1985-1989,2,78.24162311103663,78.15254581024982,77.04794632571418,79.29799071953987,Estimación adecuada
Cayey,1990-1994,1,69.27521430891126,69.92922997648665,68.94513372665828,70.92116412349483,Estimación adecuada
Cayey,1990-1994,2,78.16553833033853,78.33573194122889,77.27493088625366,79.34827725796085,Estimación adecuada
Cayey,1995-1999,1,70.01299547508536,70.57925084413702,69.65609201236482,71.50375758741403,Estimación adecuada
Cayey,1995-1999,2,78.8725901876824,78.92253131192022,77.85775025470778,79.98864016830204,Estimación adecuada
Cayey,2000-2004,1,73.68749999421473,73.65300830963295,72.59590974971967,74.6634324046955,Estimación adecuada
Cayey,2000-2004,2,81.22226473989993,80.59276405092001,79.60812120245532,81.63006061306375,Estimación adecuada
Cayey,2005-2009,1,73.99614368964569,74.51561844914559,73.5226428136622,75.5170012308177,Estimación adecuada
Cayey,2005-2009,2,82.15336992286879,81.80951155506358,80.72769372930486,82.8843498975372,Estimación adecuada
Cayey,2010-2014,1,75.00610378038505,75.59166469234265,74.5945612747106,76.65184184031564,Estimación adecuada
Cayey,2010-2014,2,83.73637939950335,83.33949338757269,82.2831908701666,84.523050274416,Estimación adecuada
Cayey,2015-2019,1,78.54670044615932,78.30555870672464,77.25459468204319,79.46930132010048,Estimación adecuada
Cayey,2015-2019,2,85.74693279734879,85.16585727107667,83.96418823969562,86.58640414779912,Estimación adecuada
Cayey,2020-2024,1,79.40962956727441,79.06163004121677,77.84282154104214,80.39037199847839,Estimación adecuada
Cayey,2020-2024,2,87.60063485744979,86.77423251024447,85.43726890494376,88.39208916648234,Estimación adecuada
Ceiba,1980-1984,1,72.14585176157938,71.52069091466291,70.24955629296528,72.82452506602017,Estimación adecuada
Ceiba,1980-1984,2,78.61104372786001,78.00919190322567,76.2679949358894,79.98256045243855,Estimación adecuada
Ceiba,1985-1989,1,70.61981831665028,70.64730150280735,69.40447997850117,71.90943678720866,Estimación adecuada
Ceiba,1985-1989,2,79.13415807152825,78.38141222158825,76.95256489059798,80.0012072338261,Estimación adecuada
Ceiba,1990-1994,1,71.00935671117367,70.76017363926107,69.44260373354096,71.9758278591498,Estimación adecuada
Ceiba,1990-1994,2,79.17042900270536,78.73385314030322,77.30626206867257,80.22531735605496,Estimación adecuada
Ceiba,1995-1999,1,72.51721647517238,71.50297391076865,70.25407973843564,72.68882214145009,Estimación adecuada
Ceiba,1995-1999,2,78.14728081414307,78.57265097728032,77.19367647120819,80.10469726639447,Estimación adecuada
Ceiba,2000-2004,1,74.86667065353893,73.6737750121593,72.40327069684179,74.93198749148829,Estimación adecuada
Ceiba,2000-2004,2,80.68427804057518,80.79681201669254,79.3411273355792,82.55596267836975,Estimación adecuada
Ceiba,2005-2009,1,76.12252834869312,74.75286939067465,73.44779198904506,76.1783474384684,Estimación adecuada
Ceiba,2005-2009,2,82.7966883833198,82.18904827317124,80.50092109368333,84.22431712891087,Estimación adecuada
Ceiba,2010-2014,1,75.46412666889603,76.22358432322486,74.81982063900531,77.83394075575052,Estimación adecuada
Ceiba,2010-2014,2,81.4135326734471,82.46393753407804,80.95341373765851,84.36571001944897,Estimación adecuada
Ceiba,2015-2019,1,78.54557923356415,77.8502294087919,76.26461869052204,79.4721367392525,Estimación adecuada
Ceiba,2015-2019,2,86.20789836529356,85.52634648064821,83.52918137976364,87.69561947726308,Estimación adecuada
Ceiba,2020-2024,1,72.26101326760207,76.15456184412454,74.76271015008153,77.59356397928963,> e0 observado
Ceiba,2020-2024,2,81.87366447467527,83.97353102098512,82.35922662832252,85.99822362495746,> e0 observado
Ciales,1980-1984,1,73.36016900812692,72.75795507492802,71.50550088807802,73.97465914800767,Estimación adecuada
Ciales,1980-1984,2,79.08450788252532,78.88117226967061,77.40290075943804,80.50666479293005,Estimación adecuada
Ciales,1985-1989,1,73.80385799895002,72.97237788830066,71.63415479803079,74.3989994318292,Estimación adecuada
Ciales,1985-1989,2,79.25761748100682,79.22360808521145,77.70212876454218,80.99141382833443,Estimación adecuada
Ciales,1990-1994,1,72.25274862856378,72.07327409495343,70.80858556018921,73.30017129309887,Estimación adecuada
Ciales,1990-1994,2,79.82543814746262,79.48072857303461,78.14145606925103,81.00989355037578,Estimación adecuada
Ciales,1995-1999,1,71.42663286324975,71.76639330844472,70.61094967412255,73.03735539344143,Estimación adecuada
Ciales,1995-1999,2,79.23838111283101,79.75202886633497,78.38981429938005,81.42474693701455,Estimación adecuada
Ciales,2000-2004,1,72.88772470155352,73.82563987298695,72.610608228912,74.99732541237492,Estimación adecuada
Ciales,2000-2004,2,80.83769687356553,81.24288771472293,79.81007964352692,82.78936860597226,Estimación adecuada
Ciales,2005-2009,1,74.52536084511352,75.01684087221994,73.78757872120478,76.2812226902082,Estimación adecuada
Ciales,2005-2009,2,82.13836581268944,82.3666702878277,80.93864412147857,84.0834186171424,Estimación adecuada
Ciales,2010-2014,1,75.83944224399347,76.47866676291723,75.35619633109957,77.77001084091376,Estimación adecuada
Ciales,2010-2014,2,83.1852531946372,83.57953559939598,82.0627047581183,85.43665875639009,Estimación adecuada
Ciales,2015-2019,1,80.35963140996522,78.99064029788828,77.6292388554186,80.43046408736294,Estimación adecuada
Ciales,2015-2019,2,85.16754149388571,85.8172434298781,84.01490304082462,88.08297864301622,Estimación adecuada
Ciales,2020-2024,1,78.09521399349092,78.01746952053527,76.84716956584813,79.36349222562384,Estimación adecuada
Ciales,2020-2024,2,83.78381764684411,84.46683419679822,83.16002171714524,86.08674660295658,Estimación adecuada
Cidra,1980-1984,1,72.92625993210298,73.2059828461056,72.01777797248931,74.48523385365493,Estimación adecuada
Cidra,1980-1984,2,80.25294604658151,79.99299397869682,78.63315995146084,81.60177096186044,Estimación adecuada
Cidra,1985-1989,1,72.65671880748917,72.77951610772573,71.61916107749168,73.86783097904376,Estimación adecuada
Cidra,1985-1989,2,79.26400601296048,79.35282400668306,78.15978008456679,80.71049919230312,Estimación adecuada
Cidra,1990-1994,1,74.5927012385328,73.80975846987008,72.6500252973479,75.00974084413701,Estimación adecuada
Cidra,1990-1994,2,79.58259869878654,79.47974043395308,78.35336661702053,80.66134812814435,Estimación adecuada
Cidra,1995-1999,1,74.21713653214772,73.72602819681774,72.7204325461374,74.83810607464632,Estimación adecuada
Cidra,1995-1999,2,80.4672017909813,80.813309132097,79.59095930911985,82.09899390892276,Estimación adecuada
Cidra,2000-2004,1,76.16480750543882,75.73747251905982,74.72897695837854,76.83510306096501,Estimación adecuada
Cidra,2000-2004,2,83.06880741955162,82.67206628793129,81.33949097357537,84.07513762470586,Estimación adecuada
Cidra,2005-2009,1,76.2488157847596,76.24937623299314,75.22566054806659,77.26197046611918,Estimación adecuada
Cidra,2005-2009,2,83.29450873472624,83.24083038289713,81.94578462461197,84.75926992586956,Estimación adecuada
Cidra,2010-2014,1,77.33131059096634,77.57329234073538,76.56508713603735,78.74069569430694,Estimación adecuada
Cidra,2010-2014,2,83.46470181390174,83.43413655598783,82.2282583312439,84.71228301988181,Estimación adecuada
Cidra,2015-2019,1,78.97458456608396,79.14527437814428,78.02586575647122,80.3946559639017,Estimación adecuada
Cidra,2015-2019,2,84.69043178604441,85.14583653883207,83.89908210089474,86.603364462021,Estimación adecuada
Cidra,2020-2024,1,79.74273539486758,79.49221361414826,78.2418425941282,80.90231587192699,Estimación adecuada
Cidra,2020-2024,2,85.33702768748,85.28375426368996,84.11218304592043,86.57907471750822,Estimación adecuada
Coamo,1980-1984,1,71.83261143264683,71.87713467317175,70.68998437339825,72.9665944719315,Estimación adecuada
Coamo,1980-1984,2,77.96592585526496,78.31335901894676,77.10137349499533,79.66762203382024,Estimación adecuada
Coamo,1985-1989,1,71.23431252697634,71.4296782549866,70.35295997752529,72.44072043908452,Estimación adecuada
Coamo,1985-1989,2,77.61875344002883,78.10066891851372,76.99065283771081,79.3886010560136,Estimación adecuada
Coamo,1990-1994,1,71.15206342123699,71.2392149822216,70.18421474546757,72.27623801219151,Estimación adecuada
Coamo,1990-1994,2,79.52007940092251,79.27730021411773,78.16501883466822,80.50173531335254,Estimación adecuada
Coamo,1995-1999,1,71.1960753395491,71.3858464122647,70.29232040224703,72.44316854153998,Estimación adecuada
Coamo,1995-1999,2,78.42390384395298,78.75925714763514,77.63632670811302,80.00216456987476,Estimación adecuada
Coamo,2000-2004,1,73.24248106281057,73.37235585581311,72.42326069604745,74.394040202814665,Estimación adecuada
Coamo,2000-2004,2,81.2524184753369,81.0229962234445,79.92232368391207,82.2479782267099,Estimación adecuada
Coamo,2005-2009,1,76.67061680312948,75.67539835418913,74.71571852195919,76.72992357595838,Estimación adecuada
Coamo,2005-2009,2,82.50443120167047,82.17991069435533,80.98822091536897,83.5257396939422,Estimación adecuada
Coamo,2010-2014,1,76.08519397019606,75.94705394239449,75.00414629617744,76.98830472647641,Estimación adecuada
Coamo,2010-2014,2,82.76456200780567,82.57153948493345,81.43263234515172,83.79113015544367,Estimación adecuada
Coamo,2015-2019,1,76.3555860235564,76.7055689826932,75.73277789577446,77.77406476334968,Estimación adecuada
Coamo,2015-2019,2,84.32302802936532,84.51947193526814,83.1936345965438,86.01291700002011,Estimación adecuada
Coamo,2020-2024,1,78.73457128285159,77.91167751868598,76.83982422778222,78.97507322981626,Estimación adecuada
Coamo,2020-2024,2,85.32320664794791,85.0838801271224,83.86751480268622,86.60588420247124,Estimación adecuada
Comerio,1980-1984,1,72.39160599187598,72.14978620303637,70.90747355490006,73.46118728187078,Estimación adecuada
Comerio,1980-1984,2,80.50714392154065,79.36714858459867,77.84881644686409,81.03997811450728,Estimación adecuada
Comerio,1985-1989,1,72.46599051488646,72.02321151250518,70.8365459449123,73.249540898499,Estimación adecuada
Comerio,1985-1989,2,79.35372018267553,79.14319359587867,77.6884313709023,80.73659211756755,Estimación adecuada
Comerio,1990-1994,1,72.63261964951913,71.88551411152324,70.65327226319005,73.09189924502482,Estimación adecuada
Comerio,1990-1994,2,78.08657248899227,78.63653035616404,77.27724643105192,80.04298089174235,Estimación adecuada
Comerio,1995-1999,1,71.13227286201817,71.38917753903335,70.12679631114631,72.83503055456741,Estimación adecuada
Comerio,1995-1999,2,78.32248610899435,78.68515978788074,77.36447343221754,80.16594506892196,Estimación adecuada
Comerio,2000-2004,1,73.74046365047265,73.80475880485722,72.58122783609164,75.12364876365548,Estimación adecuada
Comerio,2000-2004,2,80.19913305806269,80.54797820993733,79.23308211982082,82.05467210328044,Estimación adecuada
Comerio,2005-2009,1,75.3035016669788,74.9806411970021,73.63889335846694,76.37941585997278,Estimación adecuada
Comerio,2005-2009,2,81.75843965388887,81.7826263294437,80.5071376114146,83.24822887565122,Estimación adecuada
Comerio,2010-2014,1,77.88992392393746,76.87270173920916,75.53957160885622,78.20920705297105,Estimación adecuada
Comerio,2010-2014,2,83.20589003283449,83.07488385419643,81.58921075534408,84.76896671108497,Estimación adecuada
Comerio,2015-2019,1,76.11616223403384,76.83540488177562,75.62041370168355,78.07702427369958,Estimación adecuada
Comerio,2015-2019,2,84.47935763504816,84.58269041195969,83.08694353524093,86.28643386297792,Estimación adecuada
Comerio,2020-2024,1,75.23982921549164,76.19756357217724,74.9307325886352,77.4614152238957,Estimación adecuada
Comerio,2020-2024,2,83.75928924043122,83.76433939397111,82.59296954011768,85.25159115079875,Estimación adecuada
Corozal,1980-1984,1,72.84342696203638,72.5942819618003,71.525556047632,73.72880371316651,Estimación adecuada
Corozal,1980-1984,2,78.49552695365927,78.49990016947893,77.27372677686327,79.70274693333383,Estimación adecuada
Corozal,1985-1989,1,74.16679537755695,73.13794413743457,72.06024578118134,74.39518799399956,Estimación adecuada
Corozal,1985-1989,2,78.31409571064401,78.39741431222541,77.24654930076649,79.75674266493755,Estimación adecuada
Corozal,1990-1994,1,71.27571092432537,71.5770938062793,70.57003876225446,72.66481810489253,Estimación adecuada
Corozal,1990-1994,2,78.71157989908843,78.94262878725357,77.71699288085536,80.1840369004873,Estimación adecuada
Corozal,1995-1999,1,71.90053240132126,72.19052714993593,71.0236283538718,73.19197192313005,Estimación adecuada
Corozal,1995-1999,2,81.05061971042039,80.26815582653771,79.01405502071037,81.56501506392367,Estimación adecuada
Corozal,2000-2004,1,75.4012147263226,74.99879508638637,73.80580648495825,76.0794372075749,Estimación adecuada
Corozal,2000-2004,2,82.3272702996957,82.10625174868962,80.69155229281147,83.71481477689814,Estimación adecuada
Corozal,2005-2009,1,75.29676896497348,75.49887973082477,74.42110073439689,76.58853130935645,Estimación adecuada
Corozal,2005-2009,2,81.76688889895482,81.75735962668247,80.55814721993275,83.08311232335608,Estimación adecuada
Corozal,2010-2014,1,76.61800376671373,76.66554206743434,75.60542165474352,77.89595553234257,Estimación adecuada
Corozal,2010-2014,2,83.99620064198638,83.80601308705788,82.5297062044263,85.22013947469769,Estimación adecuada
Corozal,2015-2019,1,78.84838673591864,78.30277054357262,77.12990278570746,79.48135225227874,Estimación adecuada
Corozal,2015-2019,2,84.36621340480362,84.67191747250172,83.39434905272606,86.36703606188784,Estimación adecuada
Corozal,2020-2024,1,76.44862204173214,77.31662117518287,76.15909769736712,78.49205126498393,Estimación adecuada
Corozal,2020-2024,2,85.0591201159125,85.38750011414936,84.11995373194837,86.8117228374936,Estimación adecuada
Culebra,1980-1984,1,94.69722323815859,73.5089165878691,71.4226974258233,75.64118906669069,< e0 observado
Culebra,1980-1984,2,77.11141651027594,80.41285669989182,77.45324321246,84.84565703516493,> e0 observado
Culebra,1985-1989,1,76.63588305134151,72.89079452083912,70.99564508879935,75.03314411400973,< e0 observado
Culebra,1985-1989,2,84.99417166658452,80.61693282003738,78.39251106517834,83.27753300037469,< e0 observado
Culebra,1990-1994,1,75.23127689590046,72.45470543854137,70.549820877107,74.45769332868016,< e0 observado
Culebra,1990-1994,2,82.23613385170138,80.6722432943217,78.24088567602332,83.58438436087465,Estimación adecuada
Culebra,1995-1999,1,72.53390965878926,72.75926179135132,70.75018136685757,74.7639838462809,Estimación adecuada
Culebra,1995-1999,2,82.74787501668122,81.27470587048334,78.13078779667404,89.3209414366249,Estimación adecuada
Culebra,2000-2004,1,83.74648606676806,75.54889353063348,73.61710028902259,77.54037227159324,< e0 observado
Culebra,2000-2004,2,81.63132549875367,82.9316834985389,80.53990211691988,86.161284599722,Estimación adecuada
Culebra,2005-2009,1,79.35518350612847,76.10219106844602,74.23167506772418,78.45027704379699,< e0 observado
Culebra,2005-2009,2,87.8264560091745,84.03059220499692,81.47804818562967,87.85828337004317,Estimación adecuada
Culebra,2010-2014,1,73.27486001063869,77.08315078757235,75.06106642924092,79.32464085732225,> e0 observado
Culebra,2010-2014,2,84.63331186955908,84.91018492990946,82.26003581114672,88.45709524936308,Estimación adecuada
Culebra,2015-2019,1,73.77823531240129,78.21047556224028,76.15376558514463,80.557812683303,> e0 observado
Culebra,2015-2019,2,82.80860574041759,86.11840068320295,83.47663913734803,89.63691751537462,> e0 observado
Culebra,2020-2024,1,71.17558414919206,77.66361762198626,75.6869027281543,79.76402439093185,> e0 observado
Culebra,2020-2024,2,81.75048505604273,85.29643262370614,82.90403266958455,88.25314243126476,> e0 observado
Dorado,1980-1984,1,73.06768394242141,72.7848687241659,71.48692463396297,74.0377561941084,Estimación adecuada
Dorado,1980-1984,2,79.57134292897321,79.16283545031126,77.84227578961209,80.64558937742954,Estimación adecuada
Dorado,1985-1989,1,70.98138714935334,71.19969174857198,70.06848692777233,72.17751137978259,Estimación adecuada
Dorado,1985-1989,2,79.66708794032927,79.20327367281348,78.0050177626735,80.80469413921452,Estimación adecuada
Dorado,1990-1994,1,70.60163270459448,71.10731329385517,70.06675497150219,72.23834850843514,Estimación adecuada
Dorado,1990-1994,2,79.66123740902555,79.41830416195714,78.32613902171374,80.81328545979856,Estimación adecuada
Dorado,1995-1999,1,71.14661901491276,71.56451481193112,70.54783360888071,72.68237228256305,Estimación adecuada
Dorado,1995-1999,2,79.34231212268779,79.61903604944389,78.47342923840802,80.97381420375766,Estimación adecuada
Dorado,2000-2004,1,72.80125816712727,73.24088043480337,72.26475662562598,74.27623328646767,Estimación adecuada
Dorado,2000-2004,2,80.51547250678335,80.34197090091871,79.33261508201171,81.623865525852,Estimación adecuada
Dorado,2005-2009,1,74.7421688873986,75.00042964355444,73.84465809854507,76.13717850146675,Estimación adecuada
Dorado,2005-2009,2,81.55921742419946,81.61020213714235,80.49144025841811,82.80826843258251,Estimación adecuada
Dorado,2010-2014,1,77.39725260954731,77.29360216373513,76.18386340576211,78.45319203368123,Estimación adecuada
Dorado,2010-2014,2,83.78650120499327,83.53212851779551,82.30180496766607,84.98347203869636,Estimación adecuada
Dorado,2015-2019,1,79.05317477178703,78.48699278741034,77.35076396970143,79.70358124736967,Estimación adecuada
Dorado,2015-2019,2,85.0361331038058,85.10814581742734,83.72628319565095,86.78658593821314,Estimación adecuada
Dorado,2020-2024,1,77.54648054972816,77.75620728205828,76.65985390177593,78.86038047287373,Estimación adecuada
Dorado,2020-2024,2,87.81728727976585,86.57579066103352,84.97144203127336,88.29821843539756,Estimación adecuada
Fajardo,1980-1984,1,70.97992961345318,70.47530113907388,69.41087552937336,71.47830098950284,Estimación adecuada
Fajardo,1980-1984,2,77.40340064618532,76.92193829692668,75.80763433254346,78.09876465303846,Estimación adecuada
Fajardo,1985-1989,1,71.18878767049712,70.7187304562228,69.75356316091808,71.70736769155404,Estimación adecuada
Fajardo,1985-1989,2,77.37337374894555,77.23648687663048,76.16513067255076,78.38636907931055,Estimación adecuada
Fajardo,1990-1994,1,68.18099629812696,68.76135865734156,67.7324085222124,69.7966237288137,Estimación adecuada
Fajardo,1990-1994,2,78.114748765217,77.82678759438065,76.84804929505322,79.01067160884891,Estimación adecuada
Fajardo,1995-1999,1,69.86154006659807,69.99807169607942,69.01578828254493,71.03001434365085,Estimación adecuada
Fajardo,1995-1999,2,78.82934233659793,78.52751495147066,77.50408317521071,79.60412096278259,Estimación adecuada
Fajardo,2000-2004,1,71.85134936418908,72.02800283591826,71.03332241393477,73.0146203854682,Estimación adecuada
Fajardo,2000-2004,2,80.31491904964011,79.817601186032,78.77326783892532,81.0052801315863,Estimación adecuada
Fajardo,2005-2009,1,72.01498955956527,72.56790437560275,71.52681853617507,73.62489532296165,Estimación adecuada
Fajardo,2005-2009,2,80.42579698255476,80.37763990615844,79.33804528601704,81.47502890413809,Estimación adecuada
Fajardo,2010-2014,1,73.16480795645019,74.17340524130745,73.12438022897462,75.20294386400599,Estimación adecuada
Fajardo,2010-2014,2,81.74247222384633,81.36617618790511,80.35889899106509,82.49920070956044,Estimación adecuada
Fajardo,2015-2019,1,76.15087862256588,76.51284473440323,75.30201277054407,77.85344581705463,Estimación adecuada
Fajardo,2015-2019,2,83.7123556023456,83.67170257858618,82.3324652568017,85.115831020592,Estimación adecuada
Fajardo,2020-2024,1,74.31868957649466,74.87614595005016,73.8647302136979,75.94761004043684,Estimación adecuada
Fajardo,2020-2024,2,83.33111283123692,83.3837576666146,82.16337245629333,84.66785565184149,Estimación adecuada
Florida,1980-1984,1,71.06938753374574,71.4091201038862,69.995169303082875,73.03107846821106,Estimación adecuada
Florida,1980-1984,2,79.21775098528943,78.43633249185088,76.67316474713277,80.52174128023488,Estimación adecuada
Florida,1985-1989,1,70.64603223425698,70.9186841282793,69.43717348261713,72.34213323625283,Estimación adecuada
Florida,1985-1989,2,74.85144353276169,77.19385210495302,75.67710309194177,78.77440526497813,> e0 observado
Florida,1990-1994,1,70.01533527514866,70.42727676584741,69.12582711207416,71.74748237933099,Estimación adecuada
Florida,1990-1994,2,75.40391537650423,77.26202601723821,75.94122031264598,78.72703495629645,> e0 observado
Florida,1995-1999,1,71.658941137269,71.56712571274811,70.00486246425551,72.93610924292621,Estimación adecuada
Florida,1995-1999,2,77.29790147374477,78.1064211484157,76.67227551118229,79.5752285447735,Estimación adecuada
Florida,2000-2004,1,75.01444427678842,73.91787654918092,72.42452465165876,75.31358328851965,Estimación adecuada
Florida,2000-2004,2,81.08965307946795,80.68831983858706,79.19913143005864,82.36924100267979,Estimación adecuada
Florida,2005-2009,1,76.54783220170154,74.74025499483534,73.42493870626902,76.15982802627995,< e0 observado
Florida,2005-2009,2,80.52310433234076,80.96538140596694,79.45622944925557,82.63190474393299,Estimación adecuada
Florida,2010-2014,1,79.58931937931185,77.27498719657882,75.82134168400337,79.04571122874636,< e0 observado
Florida,2010-2014,2,84.35262381150902,83.15809617415115,81.68388860408702,84.90856373280384,Estimación adecuada
Florida,2015-2019,1,77.39963673465637,77.13518621646861,75.87838409975825,78.55312146752931,Estimación adecuada
Florida,2015-2019,2,83.04749257512822,83.96052297170274,82.38050768889678,85.7774378060295,Estimación adecuada
Florida,2020-2024,1,76.4813863744176,77.169550856703,75.5615464171545,78.6661846090723,Estimación adecuada
Florida,2020-2024,2,86.57028869211995,85.97807908706005,84.10057879824818,88.23235676276379,Estimación adecuada
Guanica,1980-1984,1,70.29160656173028,69.94628924659261,68.6946700572639,71.20913043024002,Estimación adecuada
Guanica,1980-1984,2,77.02589204137094,76.67550020765452,75.45958432888025,78.07412472372944,Estimación adecuada
Guanica,1985-1989,1,69.64590752945972,69.48086200858046,68.37696177259183,70.6942638676682,Estimación adecuada
Guanica,1985-1989,2,76.96194389846336,76.7772112613857,75.46485598207214,78.25624144940898,Estimación adecuada
Guanica,1990-1994,1,69.00330089577055,69.09736130532013,67.85932199718874,70.3159545716547,Estimación adecuada
Guanica,1990-1994,2,77.43314529873244,77.12448024732255,75.90893064945668,78.41266700981848,Estimación adecuada
Guanica,1995-1999,1,68.7592569769047,69.35010069539626,68.0908077416438,70.37686645919212,Estimación adecuada
Guanica,1995-1999,2,76.88365176255947,77.06989788893813,75.94544873948682,78.36146485724974,Estimación adecuada
Guanica,2000-2004,1,72.36855900985053,72.04513461754209,70.9335327504261,73.22794705229087,Estimación adecuada
Guanica,2000-2004,2,78.3128127578213,78.62182812857617,77.3897008789722,79.95442006092574,Estimación adecuada
Guanica,2005-2009,1,71.69965700518571,72.2024296422926,70.98466185531056,73.38887518470044,Estimación adecuada
Guanica,2005-2009,2,80.3960001801447,79.84703062694896,78.62383465206075,81.23552620776627,Estimación adecuada
Guanica,2010-2014,1,75.43056531334523,74.60487991900153,73.3943869335347,75.74503689083849,Estimación adecuada
Guanica,2010-2014,2,80.57778836738088,81.11002490918574,79.8261535611803,82.45576614322319,Estimación adecuada
Guanica,2015-2019,1,74.60617783408041,74.7316558301998,73.42703040938774,75.98290229503823,Estimación adecuada
Guanica,2015-2019,2,81.3148683326643,81.71339406197465,80.5213512874649,83.19696135556114,Estimación adecuada
Guanica,2020-2024,1,73.35967274163445,74.54600338455477,73.35975645108701,75.73164063828192,> e0 observado
Guanica,2020-2024,2,82.11869011623038,82.09297165922497,80.88170665572481,83.48973592996381,Estimación adecuada
Guayama,1980-1984,1,70.2459227764776,70.24633744978861,69.2774003591749,71.31457110799198,Estimación adecuada
Guayama,1980-1984,2,76.94736099895412,76.84164880443399,75.74745372053943,77.98321320163392,Estimación adecuada
Guayama,1985-1989,1,69.1840737677994,69.45628188358283,68.43741754447052,70.40611094334785,Estimación adecuada
Guayama,1985-1989,2,77.01984994163914,76.9240337897447,75.870834293391,78.02801882081582,Estimación adecuada
Guayama,1990-1994,1,69.12774545799293,69.52083212257642,68.5081800252799,70.54473683826001,Estimación adecuada
Guayama,1990-1994,2,78.26536534527777,77.87076575097961,76.82122626653405,78.9645202305324,Estimación adecuada
Guayama,1995-1999,1,69.89298463348949,70.14965788947731,69.12798428677665,71.15354800975614,Estimación adecuada
Guayama,1995-1999,2,79.36097539479375,78.70917789922231,77.65108826858481,79.72748595504541,Estimación adecuada
Guayama,2000-2004,1,71.73959231092829,71.95687292228989,70.9693811985039,72.82824262647682,Estimación adecuada
Guayama,2000-2004,2,80.42361640554876,80.08347734075052,79.05265865302476,81.16438449674548,Estimación adecuada
Guayama,2005-2009,1,74.00462722583698,73.73319776067578,72.73032270024166,74.73298052613113,Estimación adecuada
Guayama,2005-2009,2,80.66196990050479,80.58047614859495,79.53469439188615,81.7124793022668,Estimación adecuada
Guayama,2010-2014,1,76.09220788252512,75.52799453111535,74.53198876499651,76.64165586078082,Estimación adecuada
Guayama,2010-2014,2,82.22460967328485,81.93936929501402,80.91065233968307,83.12063365765897,Estimación adecuada
Guayama,2015-2019,1,76.61959145312572,76.49518976964782,75.36659677894285,77.61458627331005,Estimación adecuada
Guayama,2015-2019,2,83.41427138998161,83.38252154813316,82.21227854165959,84.76610753947271,Estimación adecuada
Guayama,2020-2024,1,73.93879414262592,75.17252584582158,74.11424162067905,76.20014353177838,> e0 observado
Guayama,2020-2024,2,82.33975114826436,82.58755067399035,81.52491979453535,83.88470429515867,Estimación adecuada
Guayanilla,1980-1984,1,72.58983279684578,71.60985727794733,70.3977542994859,72.80501006653652,Estimación adecuada
Guayanilla,1980-1984,2,77.53353824728316,77.50170495316803,76.16438451240239,78.84327049386062,Estimación adecuada
Guayanilla,1985-1989,1,70.73661721916349,70.4411150518519,69.28778740479864,71.55083462475255,Estimación adecuada
Guayanilla,1985-1989,2,76.86235560972378,76.91429455404796,75.72923163695047,78.06153592662986,Estimación adecuada
Guayanilla,1990-1994,1,72.3775292433965,71.30162614468014,70.14301985505136,72.38519052989466,Estimación adecuada
Guayanilla,1990-1994,2,78.55250974931681,77.99203747683856,76.88957764701163,79.27869504258548,Estimación adecuada
Guayanilla,1995-1999,1,72.22131902455737,71.2568657465238,70.14128507943316,72.44514663679813,Estimación adecuada
Guayanilla,1995-1999,2,79.14608996325276,78.69974748949802,77.42534939037986,80.0747476583442,Estimación adecuada
Guayanilla,2000-2004,1,74.05744082522246,73.40361457052434,72.18037491777397,74.69076084263835,Estimación adecuada
Guayanilla,2000-2004,2,80.06971551607721,79.88054025302549,78.79520472292575,81.21527678841308,Estimación adecuada
Guayanilla,2005-2009,1,73.36781184296053,73.74494184702944,72.61251754810637,74.84574748912544,Estimación adecuada
Guayanilla,2005-2009,2,79.7443309179581,79.81764175360539,78.74286276392844,81.0337785684557,Estimación adecuada
Guayanilla,2010-2014,1,77.2541883457964,76.04060196509673,74.755971562607,77.28875072856597,Estimación adecuada
Guayanilla,2010-2014,2,79.95617529124826,81.00691257521038,79.76353338819719,82.40995398827059,Estimación adecuada
Guayanilla,2015-2019,1,74.50306944491257,76.01867584317816,74.71979232710483,77.31202823323264,> e0 observado
Guayanilla,2015-2019,2,85.47648018860491,84.36245047515098,82.81970154433989,86.18721973634882,Estimación adecuada
Guayanilla,2020-2024,1,73.73722385919335,75.1961709987623,74.02037995135298,76.41105938736519,> e0 observado
Guayanilla,2020-2024,2,84.468516719215,84.44277712687183,83.00832315791304,86.38150503647307,Estimación adecuada
Guaynabo,1980-1984,1,73.33304020193007,73.25655114256486,72.36786423257844,74.12016143346375,Estimación adecuada
Guaynabo,1980-1984,2,79.57395565229349,79.39483857645588,78.48948299379857,80.30015057529485,Estimación adecuada
Guaynabo,1985-1989,1,73.30720790413426,73.28256268521974,72.43306075282021,74.12547807465,Estimación adecuada
Guaynabo,1985-1989,2,80.74498947655431,80.49793779641706,79.48797792551457,81.50755913642584,Estimación adecuada
Guaynabo,1990-1994,1,71.64759712414893,72.02270568152383,71.19862030124035,72.86580722170405,Estimación adecuada
Guaynabo,1990-1994,2,80.46155681333546,80.4207204497865,79.53176710858422,81.41415823870749,Estimación adecuada
Guaynabo,1995-1999,1,71.7055798280705,72.21350131720591,71.41731356318442,73.0189252191224,Estimación adecuada
Guaynabo,1995-1999,2,81.61582636139951,81.35332014219506,80.4957941168206,82.36013502301462,Estimación adecuada
Guaynabo,2000-2004,1,74.54608799226907,74.90798744598837,74.11819677829952,75.76367416943891,Estimación adecuada
Guaynabo,2000-2004,2,82.43363591097874,82.42816189068498,81.50543114298817,83.35309299396391,Estimación adecuada
Guaynabo,2005-2009,1,75.40004142189414,75.7391190576885,74.90304621072241,76.64303925153847,Estimación adecuada
Guaynabo,2005-2009,2,83.59622113263238,83.56527232745862,82.6300187589134,84.58870276505586,Estimación adecuada
Guaynabo,2010-2014,1,77.3578270076508,77.5000071507512,76.72787913783746,78.37498462387586,Estimación adecuada
Guaynabo,2010-2014,2,84.62289097742051,84.4798186594152,83.5649115615688,85.43507471936975,Estimación adecuada
Guaynabo,2015-2019,1,79.63090232574721,79.41123832871682,78.524430196263,80.37754338752194,Estimación adecuada
Guaynabo,2015-2019,2,86.62280196774701,86.37325642785679,85.31525666636459,87.5686990634546,Estimación adecuada
Guaynabo,2020-2024,1,77.36899877443203,77.72788700622485,76.9224608313152,78.67370887024543,Estimación adecuada
Guaynabo,2020-2024,2,86.85241919025239,86.73522804628018,85.62988401386164,87.94244446520312,Estimación adecuada
Gurabo,1980-1984,1,72.10043466021938,72.05396658693294,70.97428315769108,73.1471804008392,Estimación adecuada
Gurabo,1980-1984,2,77.21298943234298,77.78200324420105,76.53500502211263,79.16199008694858,Estimación adecuada
Gurabo,1985-1989,1,72.09864341259255,72.05069300626255,70.85758491107617,73.3009458064088,Estimación adecuada
Gurabo,1985-1989,2,77.8398018609633,78.1315913890389,76.97812211367383,79.45439220582278,Estimación adecuada
Gurabo,1990-1994,1,70.06358422124045,70.78454628719413,69.7136010888914,71.87883768791505,Estimación adecuada
Gurabo,1990-1994,2,78.93586566639772,79.04015984624421,77.83680617153904,80.26477139595848,Estimación adecuada
Gurabo,1995-1999,1,72.62979875914179,72.43768040898442,71.36800864630895,73.55689707529203,Estimación adecuada
Gurabo,1995-1999,2,78.37596544908041,78.8632296877417,77.70870166618012,80.04567146465611,Estimación adecuada
Gurabo,2000-2004,1,73.72455425616528,74.0096345584428,73.02098693525896,75.02005945113778,Estimación adecuada
Gurabo,2000-2004,2,82.16347596555322,81.64866922202019,80.44456025624207,82.89950408139823,Estimación adecuada
Gurabo,2005-2009,1,75.38673648949066,75.52368847636924,74.44971594680563,76.69138406376099,Estimación adecuada
Gurabo,2005-2009,2,82.71710063140857,82.35146879310358,81.26526810248913,83.63542946690329,Estimación adecuada
Gurabo,2010-2014,1,75.74184183502216,76.2144338376485,75.2292293561181,77.31617558586164,Estimación adecuada
Gurabo,2010-2014,2,83.66012445857518,83.43130872411305,82.27950388514768,84.71106141095649,Estimación adecuada
Gurabo,2015-2019,1,77.8265562961926,77.91813874427767,76.92843977497019,78.99668829762886,Estimación adecuada
Gurabo,2015-2019,2,86.3751275135532,85.90887441056799,84.41227332606064,87.43260053022391,Estimación adecuada
Gurabo,2020-2024,1,78.15083490626833,77.82777347279142,76.74466800970713,78.89167726164983,Estimación adecuada
Gurabo,2020-2024,2,85.11563140762924,84.80880353232655,83.631803361889,86.22584732646536,Estimación adecuada
Hatillo,1980-1984,1,71.99152036613721,72.36283847701387,71.22875813520689,73.5077331070374,Estimación adecuada
Hatillo,1980-1984,2,78.98029869315721,78.97989098396351,77.82940686988715,80.27376564377373,Estimación adecuada
Hatillo,1985-1989,1,72.73472078364017,72.42942652872482,71.32143354577785,73.64907542058144,Estimación adecuada
Hatillo,1985-1989,2,79.3946439963692,79.33956053336738,78.00704478518142,80.74320520912462,Estimación adecuada
Hatillo,1990-1994,1,72.29984231740123,72.07010001856129,70.97704847162254,73.1386907661751,Estimación adecuada
Hatillo,1990-1994,2,78.56900864145169,78.46428687703678,77.518973143853,79.50156882569655,Estimación adecuada
Hatillo,1995-1999,1,72.51848608651568,72.2685020906423,71.32854184256574,73.28936149131735,Estimación adecuada
Hatillo,1995-1999,2,78.33281615395789,78.5855559858133,77.55959324129475,79.64178505765857,Estimación adecuada
Hatillo,2000-2004,1,74.45467151298739,74.07842698404889,73.1390065515265,75.06628120707634,Estimación adecuada
Hatillo,2000-2004,2,80.50637914886045,80.46581500655971,79.47843882528943,81.47722182450725,Estimación adecuada
Hatillo,2005-2009,1,75.716455247936,75.23828203343403,74.23994665934592,76.2028872501185,Estimación adecuada
Hatillo,2005-2009,2,81.90357972932111,81.79920862202836,80.69892062411296,83.04647032619461,Estimación adecuada
Hatillo,2010-2014,1,77.71502056183984,77.07841653950052,76.09275341123141,78.06972288372687,Estimación adecuada
Hatillo,2010-2014,2,83.87031312176077,83.52289778240079,82.38515197035046,84.87738103901302,Estimación adecuada
Hatillo,2015-2019,1,79.67724729389148,79.01923558035882,77.89789574059694,80.28107582994353,Estimación adecuada
Hatillo,2015-2019,2,84.8340375951111,84.48498742482562,83.32995521437655,85.75475020378727,Estimación adecuada
Hatillo,2020-2024,1,78.47632497278813,78.17228999994575,77.14718060354402,79.23834820468612,Estimación adecuada
Hatillo,2020-2024,2,86.14610937096411,85.22100475348338,84.1270062600553,86.54431286931599,Estimación adecuada
Hormigueros,1980-1984,1,74.05856561737721,73.62278630714968,72.2420648945101,75.10594055014205,Estimación adecuada
Hormigueros,1980-1984,2,79.84974137268951,80.12936407204316,78.29075755151894,82.27545563539766,Estimación adecuada
Hormigueros,1985-1989,1,73.08737524946572,72.99037861553063,71.74093354247817,74.29345684948926,Estimación adecuada
Hormigueros,1985-1989,2,77.720059693455,79.16891714922308,78.00854404955189,80.64614364042598,> e0 observado
Hormigueros,1990-1994,1,74.61350802067457,73.3623969143528,72.03247671915148,74.55432899442292,< e0 observado
Hormigueros,1990-1994,2,81.39461486989455,80.80133322175766,79.20271364918518,82.54382359123788,Estimación adecuada
Hormigueros,1995-1999,1,74.87703445651638,73.64345821285941,72.40108835638483,74.84377613586913,< e0 observado
Hormigueros,1995-1999,2,80.45280069334802,80.36579537380862,79.02605200851286,81.79699792379702,Estimación adecuada
Hormigueros,2000-2004,1,75.50618073944777,75.26474216263267,74.01233262238773,76.52723497949061,Estimación adecuada
Hormigueros,2000-2004,2,82.35216419393439,82.10520973550496,80.79297132867528,83.51174937238754,Estimación adecuada
Hormigueros,2005-2009,1,76.10054922666299,76.22810079497033,75.00817940486739,77.51766558126103,Estimación adecuada
Hormigueros,2005-2009,2,84.62944320284579,83.77291218915346,82.26304118954788,85.38980492174207,Estimación adecuada
Hormigueros,2010-2014,1,76.11918178416532,77.05963689112286,75.79772526031913,78.32626579906449,Estimación adecuada
Hormigueros,2010-2014,2,82.71051389712173,83.49907599000046,82.23396278504607,85.0286376698571,Estimación adecuada
Hormigueros,2015-2019,1,77.91392313609006,78.43035375664073,77.20956727348523,79.7451576292466,Estimación adecuada
Hormigueros,2015-2019,2,85.81866120513575,86.27817774606514,84.70988757038171,88.29288912883997,Estimación adecuada
Hormigueros,2020-2024,1,78.36911216509105,78.82634877793942,77.4731361023181,80.44838509016647,Estimación adecuada
Hormigueros,2020-2024,2,86.17552522276296,86.12774048940574,84.55128863652861,87.88926578500207,Estimación adecuada
Humacao,1980-1984,1,70.5825857692722,70.8587712487361,69.87630236871546,71.80008609100052,Estimación adecuada
Humacao,1980-1984,2,75.89477228552337,76.3050691367172,75.37383508401149,77.18583740356665,Estimación adecuada
Humacao,1985-1989,1,70.67071512913827,70.77263804532836,69.82374137587261,71.79147542943174,Estimación adecuada
Humacao,1985-1989,2,78.2686959539112,78.09108783270337,77.05160237658838,79.17625351175775,Estimación adecuada
Humacao,1990-1994,1,69.5996658867849,69.92665099138313,68.99289503236231,70.84558522216189,Estimación adecuada
Humacao,1990-1994,2,78.98527536141168,78.73097871549083,77.59067227665047,79.79498110127338,Estimación adecuada
Humacao,1995-1999,1,71.67034271113565,71.38723621689834,70.53053087516756,72.2892738353792,Estimación adecuada
Humacao,1995-1999,2,78.50994029948488,78.4112470835583,77.52768142757972,79.28861732914442,Estimación adecuada
Humacao,2000-2004,1,73.45461991775991,73.33989840777843,72.37353364795754,74.28654841382249,Estimación adecuada
Humacao,2000-2004,2,79.72370844675464,79.99360027598787,79.03513189204303,81.06930508571774,Estimación adecuada
Humacao,2005-2009,1,73.61846549183731,73.96119740232322,73.04158542944916,74.85161942312509,Estimación adecuada
Humacao,2005-2009,2,81.80291929231979,81.5737764068152,80.55234578265134,82.6374257397589,Estimación adecuada
Humacao,2010-2014,1,75.80326051258055,75.84341159895489,74.84309429613519,76.8455693203323,Estimación adecuada
Humacao,2010-2014,2,83.58584598942795,83.05301951485993,81.95893031918538,84.33011027510717,Estimación adecuada
Humacao,2015-2019,1,76.73868293897432,77.17924361629613,76.15510897283666,78.24845820479739,Estimación adecuada
Humacao,2015-2019,2,84.86787206578826,84.48628984087199,83.4487658063197,85.6034730760316,Estimación adecuada
Humacao,2020-2024,1,76.7404128820364,77.36489171505885,76.3024279040059,78.48227075416398,Estimación adecuada
Humacao,2020-2024,2,84.23320024535498,84.27073755305295,83.19955517752305,85.47576937215888,Estimación adecuada
Isabela,1980-1984,1,73.09738020117425,72.74352930581418,71.58087496618074,73.94215097829911,Estimación adecuada
Isabela,1980-1984,2,77.82732250278018,77.8369762067177,76.81383626739023,78.94340905173596,Estimación adecuada
Isabela,1985-1989,1,71.58083949829111,71.56214069590251,70.55780876739983,72.57951136853916,Estimación adecuada
Isabela,1985-1989,2,78.50099967900502,78.34933643491455,77.24123058910992,79.517658229020185,Estimación adecuada
Isabela,1990-1994,1,72.04751691637868,71.60342809351016,70.61540679955003,72.66098046487316,Estimación adecuada
Isabela,1990-1994,2,78.52411999469241,78.45735432950744,77.46961716284677,79.61801332940301,Estimación adecuada
Isabela,1995-1999,1,71.86251133480623,71.55021714242645,70.6828646602885,72.49869538783959,Estimación adecuada
Isabela,1995-1999,2,79.50480811685765,79.39566419771465,78.2705007517001,80.49060321132734,Estimación adecuada
Isabela,2000-2004,1,73.31643311223908,73.29494187358583,72.35140414173044,74.13330866457507,Estimación adecuada
Isabela,2000-2004,2,79.66880055796744,79.8805624703347,78.91365604476557,80.98423453396272,Estimación adecuada
Isabela,2005-2009,1,75.53006169201437,74.8819303240619,73.93610968463409,75.85514215072487,Estimación adecuada
Isabela,2005-2009,2,80.46868606139569,80.6866100716739,79.7605067481867,81.76142406208604,Estimación adecuada
Isabela,2010-2014,1,76.34597563194451,76.059772332467,75.08237288574244,77.00891838895623,Estimación adecuada
Isabela,2010-2014,2,82.99199255121864,82.63692583003214,81.50406951145378,83.79416583735352,Estimación adecuada
Isabela,2015-2019,1,78.28631956544136,77.91507207698479,76.82747486237501,78.91332080090588,Estimación adecuada
Isabela,2015-2019,2,84.46499781522431,84.24203067767384,83.08710877088787,85.65785872744296,Estimación adecuada
Isabela,2020-2024,1,78.4449438313461,77.44726429750558,76.47024584027503,78.47752835154014,Estimación adecuada
Isabela,2020-2024,2,84.5443040903789,84.91119360408231,83.71878895657122,86.28415057003885,Estimación adecuada
Jayuya,1980-1984,1,71.54820346169252,71.81845828174227,70.52925011182478,73.10389049927554,Estimación adecuada
Jayuya,1980-1984,2,75.83217282493806,77.46711034696642,75.96282690771602,79.36500741045428,> e0 observado
Jayuya,1985-1989,1,71.8852739133792,71.44189228672921,70.18994347265324,72.64496497585007,Estimación adecuada
Jayuya,1985-1989,2,75.89535009908417,77.33735398320951,75.919163852624,78.72089365151895,> e0 observado
Jayuya,1990-1994,1,71.61501384784762,71.11978621456589,69.8911339367137,72.32114123270208,Estimación adecuada
Jayuya,1990-1994,2,76.60405912768893,78.37194311594851,76.83029290446882,80.08329340865687,> e0 observado
Jayuya,1995-1999,1,72.76261206753301,72.09103100907933,70.83148377578087,73.387467664874407,Estimación adecuada
Jayuya,1995-1999,2,78.02341987371618,78.6526787111857,77.35090865152839,80.06215575539257,Estimación adecuada
Jayuya,2000-2004,1,74.804694975474,73.83874998062001,72.60809006940634,75.01534438313587,Estimación adecuada
Jayuya,2000-2004,2,82.26030453801705,81.72372895282709,80.26125527409748,83.46884805687773,Estimación adecuada
Jayuya,2005-2009,1,76.29392429833622,75.45259514013563,74.0681403069677,76.83789911012957,Estimación adecuada
Jayuya,2005-2009,2,83.26574991380475,82.44025464164835,80.95489345117971,84.12638529122519,Estimación adecuada
Jayuya,2010-2014,1,77.86670993006521,77.03299063778053,75.60996131447419,78.4965212971897,Estimación adecuada
Jayuya,2010-2014,2,83.01935062086234,83.21283315256551,81.6024125357877,85.12215959234345,Estimación adecuada
Jayuya,2015-2019,1,79.09662441043547,78.10231166170254,76.69429170342356,79.52586058583124,Estimación adecuada
Jayuya,2015-2019,2,86.09536520292535,85.7326605247031,83.99166683134713,88.1779359889612,Estimación adecuada
Jayuya,2020-2024,1,80.33778345942193,79.12954235791355,77.52914249945734,80.99178399668295,Estimación adecuada
Jayuya,2020-2024,2,86.05790395955583,85.55090512662534,83.93220594940466,87.77602712705448,Estimación adecuada
Juana Diaz,1980-1984,1,71.10192241498234,71.01132132983744,69.96040733757992,71.96782462736675,Estimación adecuada
Juana Diaz,1980-1984,2,76.03760260059694,76.6277900694644,75.51581405349407,77.70032284999786,Estimación adecuada
Juana Diaz,1985-1989,1,70.59066146569734,70.65105578672302,69.70539972788897,71.58533623000775,Estimación adecuada
Juana Diaz,1985-1989,2,77.72376003285235,77.82819632376803,76.72217946968422,78.91086703270756,Estimación adecuada
Juana Diaz,1990-1994,1,70.59462619152536,70.61950229305333,69.61900110093248,71.5116660273146,Estimación adecuada
Juana Diaz,1990-1994,2,77.80758248720088,77.99832145793566,77.02624247711289,79.06613412895074,Estimación adecuada
Juana Diaz,1995-1999,1,70.63826210363754,70.68219487433927,69.8057669036375,71.60912548211122,Estimación adecuada
Juana Diaz,1995-1999,2,78.23721855538598,78.32567098298931,77.26940952327978,79.50754891564044,Estimación adecuada
Juana Diaz,2000-2004,1,72.42010194033638,72.6948899713881,71.75114158666648,73.56412314061063,Estimación adecuada
Juana Diaz,2000-2004,2,80.07095731748443,80.01497096038631,79.04218035043007,81.10897788915544,Estimación adecuada
Juana Diaz,2005-2009,1,74.09224072675535,74.28533177499068,73.31326419519135,75.36223550765082,Estimación adecuada
Juana Diaz,2005-2009,2,81.70478408921699,81.46178916582619,80.42364702250504,82.60065484445549,Estimación adecuada
Juana Diaz,2010-2014,1,75.9826744595313,75.93605812859849,74.88435384850357,76.96677631092408,Estimación adecuada
Juana Diaz,2010-2014,2,82.91141974537285,82.71701416199721,81.5777846447248,84.03503954622254,Estimación adecuada
Juana Diaz,2015-2019,1,77.47564533192441,77.2931591087701,76.2978150994396,78.32844722202252,Estimación adecuada
Juana Diaz,2015-2019,2,86.60689455981232,85.82715215046429,84.41481778648938,87.3375695813037,Estimación adecuada
Juana Diaz,2020-2024,1,76.12481522857757,76.5777410377706,75.59592968088423,77.62902941205012,Estimación adecuada
Juana Diaz,2020-2024,2,86.097235731947,85.31249331359183,84.02871901094538,86.72450721999792,Estimación adecuada
Juncos,1980-1984,1,70.48329740971728,70.72147155289683,69.58245505632024,71.95532358648514,Estimación adecuada
Juncos,1980-1984,2,77.17475536145652,77.13687275634092,76.08049547571288,78.38562463686212,Estimación adecuada
Juncos,1985-1989,1,69.32349287604664,69.98169686387341,68.86071100682578,71.04465502517326,Estimación adecuada
Juncos,1985-1989,2,77.84087141019062,77.51643503285817,76.4228132604879,78.64869970153096,Estimación adecuada
Juncos,1990-1994,1,69.2631438714559,69.80029666628454,68.72616155738483,70.80335816787792,Estimación adecuada
Juncos,1990-1994,2,78.64376251745607,78.3821046109553,77.10820958459814,79.65002050004243,Estimación adecuada
Juncos,1995-1999,1,70.43259716290989,70.58206378661747,69.60041283963999,71.57669570428007,Estimación adecuada
Juncos,1995-1999,2,78.88321244236762,78.66725548290378,77.61713335055258,79.74759032044079,Estimación adecuada
Juncos,2000-2004,1,73.50676785386433,73.3083423658187,72.28794530456605,74.3215537085804,Estimación adecuada
Juncos,2000-2004,2,80.82760129992721,80.41235013518055,79.27821425814669,81.58816790613565,Estimación adecuada
Juncos,2005-2009,1,72.5823719234395,73.13188929443339,72.103464222170075,74.15032667607576,Estimación adecuada
Juncos,2005-2009,2,80.29148928265258,80.4387264423133,79.26991112391399,81.63426311294903,Estimación adecuada
Juncos,2010-2014,1,74.05814861532623,74.6836709376871,73.67043434418802,75.75434057383026,Estimación adecuada
Juncos,2010-2014,2,82.42841718245144,82.43490620475036,81.08367784624375,83.9287647867985,Estimación adecuada
Juncos,2015-2019,1,76.99651467647963,76.93177682271434,75.82251059037337,78.09568890125169,Estimación adecuada
Juncos,2015-2019,2,83.23323259682593,83.51349254425716,82.33913926404558,84.86904021130852,Estimación adecuada
Juncos,2020-2024,1,76.96779959385645,76.50690716909548,75.42152254818028,77.72404046070126,Estimación adecuada
Juncos,2020-2024,2,85.00221618874696,84.4930087903062,83.2042070358952,86.05112893990935,Estimación adecuada
Lajas,1980-1984,1,72.46316902920563,72.03059593394303,70.92331183561109,73.13482969338439,Estimación adecuada
Lajas,1980-1984,2,77.35030656462365,77.88112940626895,76.75034818961295,79.30134985629421,Estimación adecuada
Lajas,1985-1989,1,73.36206024807198,72.50467909968359,71.32812870950991,73.63618729894404,Estimación adecuada
Lajas,1985-1989,2,77.65847465397063,77.90003065588773,76.78629834921608,79.04722658178382,Estimación adecuada
Lajas,1990-1994,1,72.37357825429245,72.01837209980215,70.92377288048608,73.20099503451657,Estimación adecuada
Lajas,1990-1994,2,79.66328406009777,79.30289113392809,78.06308648295212,80.51505237095809,Estimación adecuada
Lajas,1995-1999,1,72.56496891931093,72.11342166805753,71.07938523201237,73.19465659590105,Estimación adecuada
Lajas,1995-1999,2,79.70456393493816,79.66365730670738,78.56180181955634,80.98187366733619,Estimación adecuada
Lajas,2000-2004,1,74.14208023792457,73.98162746060706,72.95475624326761,75.04224568186318,Estimación adecuada
Lajas,2000-2004,2,81.18752068509266,80.98019381903643,79.8128373457607,82.28482327930304,Estimación adecuada
Lajas,2005-2009,1,76.68683187769456,75.45935882200193,74.46131701153361,76.63995405247445,< e0 observado
Lajas,2005-2009,2,81.73140373208773,81.68786634692248,80.39971241803327,82.99011543345331,Estimación adecuada
Lajas,2010-2014,1,76.92095663234578,76.4221161260866,75.20823783131334,77.68811779399336,Estimación adecuada
Lajas,2010-2014,2,83.39940774512144,83.40013341796106,82.13523327696244,84.99879353229439,Estimación adecuada
Lajas,2015-2019,1,79.16417400599892,78.2082709323478,77.01334425948927,79.66114537172363,Estimación adecuada
Lajas,2015-2019,2,84.33383648976296,84.70345260993712,83.323151510036,86.27506196095133,Estimación adecuada
Lajas,2020-2024,1,78.13171144418277,77.50702909074182,76.44744381565934,78.78469715124595,Estimación adecuada
Lajas,2020-2024,2,85.69664696158718,85.4704400463292,84.03857501556476,87.23030313908878,Estimación adecuada
Lares,1980-1984,1,70.93967460008611,71.75401767955057,70.70537339615066,72.78174532729169,Estimación adecuada
Lares,1980-1984,2,80.07304720190548,79.76124353783612,78.41925438405214,81.29891954319233,Estimación adecuada
Lares,1985-1989,1,72.07284835603737,72.27793376002911,71.26522034883558,73.43062947934278,Estimación adecuada
Lares,1985-1989,2,80.1290633980029,79.59759881968745,78.41314487959019,80.95374230678762,Estimación adecuada
Lares,1990-1994,1,71.99408741634564,71.94310146753399,70.87221146685806,73.17055896126868,Estimación adecuada
Lares,1990-1994,2,78.72924701770712,78.83631872278914,77.78007526147408,79.95318536808666,Estimación adecuada
Lares,1995-1999,1,74.58529726703921,73.75364445445348,72.61068597264357,74.95429871988306,Estimación adecuada
Lares,1995-1999,2,81.29595428708724,80.76297886605192,79.49629049934563,82.09972736810819,Estimación adecuada
Lares,2000-2004,1,75.1110712856121,74.81321293280276,73.88278302430196,75.85035108775244,Estimación adecuada
Lares,2000-2004,2,81.70641489338435,81.79355975540702,80.48069329851508,83.24685020063163,Estimación adecuada
Lares,2005-2009,1,76.54628821621041,75.70203410536794,74.67834244247778,76.73710694860237,Estimación adecuada
Lares,2005-2009,2,82.28400989612267,82.1773258420748,81.11068304108781,83.47437996931782,Estimación adecuada
Lares,2010-2014,1,79.39080265192932,78.22916643704579,77.13582973040096,79.44445610178289,Estimación adecuada
Lares,2010-2014,2,82.72140750112156,82.57606071339062,81.42627335254204,83.8360499127419,Estimación adecuada
Lares,2015-2019,1,78.13032401868809,77.87070459013202,76.80723317757766,79.05254056025102,Estimación adecuada
Lares,2015-2019,2,84.42447115218202,84.56879045229945,83.25878119911427,85.92883588506245,Estimación adecuada
Lares,2020-2024,1,77.84495769277574,78.07318663018954,76.9406875743592,79.15305679034827,Estimación adecuada
Lares,2020-2024,2,84.10188803972103,84.66459455666248,83.55357887746426,86.00618801089298,Estimación adecuada
Las Marias,1980-1984,1,73.81563474744124,73.49244180443833,71.94576505424904,75.02996739773886,Estimación adecuada
Las Marias,1980-1984,2,83.88520673112671,81.1481292720974,79.2453945862733,83.5943062946546,< e0 observado
Las Marias,1985-1989,1,73.62469730038671,73.14800946289486,71.75728248197888,74.81512377054528,Estimación adecuada
Las Marias,1985-1989,2,78.14820547870697,79.84349762670168,78.16582586534946,81.70312546630605,> e0 observado
Las Marias,1990-1994,1,74.00881730690155,73.28171781518935,71.77805720692345,74.75697974004002,Estimación adecuada
Las Marias,1990-1994,2,80.22328205184604,80.72195813571801,78.93271722321322,82.78471556424624,Estimación adecuada
Las Marias,1995-1999,1,75.13206537448636,73.7467228884806,72.28065003020973,75.41357178637995,Estimación adecuada
Las Marias,1995-1999,2,81.22000339132549,81.07515357474446,79.414927652463,82.94477666939787,Estimación adecuada
Las Marias,2000-2004,1,77.0746887546824,75.65737712658148,74.22945916638022,77.14636688058857,Estimación adecuada
Las Marias,2000-2004,2,81.22993587246654,82.6076806160741,80.76191608142489,84.91223594199431,Estimación adecuada
Las Marias,2005-2009,1,78.94241289794024,76.896818111621,75.24695167193254,78.73027247638436,< e0 observado
Las Marias,2005-2009,2,82.45741722564793,83.5755536348444,81.73351702405064,85.89962972384737,Estimación adecuada
Las Marias,2010-2014,1,78.9874533300309,77.42891083977818,76.23133877789044,78.89121015598079,< e0 observado
Las Marias,2010-2014,2,85.68826589307865,84.90968502267953,82.95732464854265,87.35548822448585,Estimación adecuada
Las Marias,2015-2019,1,78.44180353450636,79.18929079519273,77.55103603460394,80.99235905576273,Estimación adecuada
Las Marias,2015-2019,2,86.21196447605038,86.09197362879164,84.03763217137109,88.90695761985853,Estimación adecuada
Las Marias,2020-2024,1,78.65869602395695,78.92255266839015,77.446931392902,80.64399198817382,Estimación adecuada
Las Marias,2020-2024,2,88.4892406052294,87.37272977034203,85.14011085030674,89.95753047530475,Estimación adecuada
Las Piedras,1980-1984,1,72.46289537723118,72.67956865321563,71.40215507967757,73.88919031007005,Estimación adecuada
Las Piedras,1980-1984,2,77.65886672068534,78.14614694376304,76.9558847510915,79.47003088173787,Estimación adecuada
Las Piedras,1985-1989,1,72.61754205470727,72.29405339513593,71.14706773042926,73.54743473811587,Estimación adecuada
Las Piedras,1985-1989,2,79.00116087428613,79.08121115974026,77.76483104754297,80.43322013924053,Estimación adecuada
Las Piedras,1990-1994,1,71.55978947014577,71.81291784318985,70.71906103110554,73.00372544220122,Estimación adecuada
Las Piedras,1990-1994,2,78.89365053013081,78.90988206706919,77.77529141539793,80.13070442693086,Estimación adecuada
Las Piedras,1995-1999,1,73.7555375015721,72.9076794614879,71.80150005476445,74.01606653719223,Estimación adecuada
Las Piedras,1995-1999,2,79.79933667371473,79.77792378278815,78.63473163619345,81.03447926070787,Estimación adecuada
Las Piedras,2000-2004,1,74.83778165388007,74.52714097680732,73.46996785011005,75.7178318714781,Estimación adecuada
Las Piedras,2000-2004,2,80.54014043533196,80.53008630076314,79.4920605635675,81.62259523412897,Estimación adecuada
Las Piedras,2005-2009,1,76.55584156350447,75.83795692684349,74.74051967104427,76.93881802419523,Estimación adecuada
Las Piedras,2005-2009,2,82.30870059101942,82.43302333103662,81.14905459926169,83.8511601221276,Estimación adecuada
Las Piedras,2010-2014,1,75.93351372986655,76.47659752375891,75.39588595727018,77.65567358452509,Estimación adecuada
Las Piedras,2010-2014,2,82.5650052808105,82.71698107480015,81.48775137804775,83.90865506554199,Estimación adecuada
Las Piedras,2015-2019,1,78.58935894309695,78.32160008177169,77.21298141381645,79.52313742054993,Estimación adecuada
Las Piedras,2015-2019,2,85.36076403297453,85.15306495657036,83.74697279248186,86.64806331270353,Estimación adecuada
Las Piedras,2020-2024,1,77.65607135099411,77.82909676650175,76.7437803322616,79.06556727511493,Estimación adecuada
Las Piedras,2020-2024,2,85.02534012586072,84.88266401323531,83.68904990922758,86.23333243527594,Estimación adecuada
Loiza,1980-1984,1,71.29708119790715,70.810406314401,69.51050270658375,72.197657450283,Estimación adecuada
Loiza,1980-1984,2,77.96280313581073,77.48555140324555,76.08896602101574,79.04682853599431,Estimación adecuada
Loiza,1985-1989,1,71.11235934077855,70.64969313435054,69.46735466939086,72.02280208389226,Estimación adecuada
Loiza,1985-1989,2,79.76441464134875,78.66903699538125,77.15783657421473,80.2040210975294,Estimación adecuada
Loiza,1990-1994,1,68.65505357436211,69.20658508819952,67.88917693449677,70.38388333851591,Estimación adecuada
Loiza,1990-1994,2,77.83527198679872,77.86117722236942,76.5811695503999,79.26901056408606,Estimación adecuada
Loiza,1995-1999,1,67.54575668322259,69.06583792205399,67.91095563404326,70.22916606823074,> e0 observado
Loiza,1995-1999,2,80.44991909621369,79.47515743874632,78.07660305116136,81.0361108984813,Estimación adecuada
Loiza,2000-2004,1,69.21795433977262,71.17522319526228,70.04131150967677,72.42711565755545,> e0 observado
Loiza,2000-2004,2,83.71722475677984,82.05760153404802,80.41565193470936,83.80801748843807,Estimación adecuada
Loiza,2005-2009,1,69.49244819404063,71.84209617874646,70.66019520616673,73.05514124780422,> e0 observado
Loiza,2005-2009,2,81.62588342717608,81.22666777920276,79.96476012840783,82.71171050615028,Estimación adecuada
Loiza,2010-2014,1,72.71620374599516,74.41570287224312,73.204137672873,75.74477818625476,> e0 observado
Loiza,2010-2014,2,83.22740715687156,82.79417718868547,81.4859095782207,84.28062090993875,Estimación adecuada
Loiza,2015-2019,1,76.42256809809959,76.7077963415858,75.35980090594697,78.11728675939368,Estimación adecuada
Loiza,2015-2019,2,84.5824309337936,84.52961831354074,82.96926331344497,86.22886117056893,Estimación adecuada
Loiza,2020-2024,1,74.30071613355503,75.66336416996792,74.35659311864094,76.93886820206156,> e0 observado
Loiza,2020-2024,2,85.89228425330265,85.0038737812533,83.47814402366768,86.64528116616658,Estimación adecuada
Luquillo,1980-1984,1,71.32237106066452,70.94486154233138,69.72740040933557,72.16029028197305,Estimación adecuada
Luquillo,1980-1984,2,96.21054523115929,80.00991613133347,77.85191437610797,82.38827009009873,< e0 observado
Luquillo,1985-1989,1,70.58391307233262,70.71971559284822,69.52168509569172,71.97109793097583,Estimación adecuada
Luquillo,1985-1989,2,75.85277823303889,76.80423033432692,75.5084938778165,78.14995779172312,Estimación adecuada
Luquillo,1990-1994,1,69.78687362564875,70.00446176076655,68.67978109227617,71.4014536557508,Estimación adecuada
Luquillo,1990-1994,2,78.65540822491415,78.31562446510826,76.92041379999695,79.9040521606914,Estimación adecuada
Luquillo,1995-1999,1,68.8452914819172,69.62919210723918,68.4397805333562,70.90641411769272,Estimación adecuada
Luquillo,1995-1999,2,77.57073371934368,77.986340500242,76.53800783819521,79.38484159691627,Estimación adecuada
Luquillo,2000-2004,1,71.56692809461026,72.11770476327337,70.88321583444963,73.39145395327144,Estimación adecuada
Luquillo,2000-2004,2,80.93857359304148,80.57873422282421,79.08548040438806,82.19366082548139,Estimación adecuada
Luquillo,2005-2009,1,73.66197666420697,73.8339716182697,72.64695447962298,75.20556693907002,Estimación adecuada
Luquillo,2005-2009,2,80.16453384109046,80.38097503989889,79.09846189198971,81.726281819843,Estimación adecuada
Luquillo,2010-2014,1,74.125398030716255,75.06676751216139,73.69714147426492,76.3587604072172,Estimación adecuada
Luquillo,2010-2014,2,83.56937802942336,82.90671951726542,81.5778639148226,84.73461543607155,Estimación adecuada
Luquillo,2015-2019,1,78.24158315716944,77.12982991621496,75.90024114102104,78.35337602808953,Estimación adecuada
Luquillo,2015-2019,2,86.16375324393148,85.22362236686979,83.59715159865648,87.26199121787428,Estimación adecuada
Luquillo,2020-2024,1,76.82778593702756,76.46474221067344,75.18828147489633,77.84592174281248,Estimación adecuada
Luquillo,2020-2024,2,84.96686508096818,84.52228442474359,83.00207334683624,86.43426391777886,Estimación adecuada
Manati,1980-1984,1,69.99769254598455,70.32339668043406,69.23424053234838,71.39575324890149,Estimación adecuada
Manati,1980-1984,2,76.91897319341017,77.01924345592045,75.9765584005797,78.22348883111829,Estimación adecuada
Manati,1985-1989,1,69.40848405753854,69.90806440189478,69.01473544309376,70.92626802762028,Estimación adecuada
Manati,1985-1989,2,78.1365208528677,78.00138307338761,76.72453853718365,79.28198621398013,Estimación adecuada
Manati,1990-1994,1,69.2350727686474,69.86135133904078,68.77014662720961,70.80086266683313,Estimación adecuada
Manati,1990-1994,2,78.13694859634435,78.03932824774563,76.98435878759012,79.0708521976669,Estimación adecuada
Manati,1995-1999,1,70.56621278613628,70.77221156732614,69.845567790082,71.75161136460798,Estimación adecuada
Manati,1995-1999,2,78.18010801536123,78.29294096643602,77.31780225091575,79.37492720815162,Estimación adecuada
Manati,2000-2004,1,73.50599567468082,73.22069236547071,72.21168667401275,74.24613641226811,Estimación adecuada
Manati,2000-2004,2,79.92194629262801,79.81899363877302,78.84657701349308,80.93111177862721,Estimación adecuada
Manati,2005-2009,1,74.42317304268018,74.39481081292405,73.42285545856224,75.43170252208333,Estimación adecuada
Manati,2005-2009,2,81.69558612867581,81.30318171015577,80.28510568047825,82.39572972944772,Estimación adecuada
Manati,2010-2014,1,75.79949582054559,75.6794074395871,74.66348985830845,76.6801478818883,Estimación adecuada
Manati,2010-2014,2,82.46392723255101,82.12678064049297,81.10180227862035,83.2405851672932,Estimación adecuada
Manati,2015-2019,1,76.50082129222025,76.77819551750724,75.80211274280299,77.85798699514021,Estimación adecuada
Manati,2015-2019,2,84.475438458851,84.14527215708293,83.07014270120973,85.41547721944077,Estimación adecuada
Manati,2020-2024,1,76.6410779362147,76.49322382585058,75.55465783662194,77.59915341337603,Estimación adecuada
Manati,2020-2024,2,84.79279277649535,84.51582723069632,83.15621114072566,85.7778325763651,Estimación adecuada
Maricao,1980-1984,1,68.60202825310121,71.58908698129005,70.09617406542927,73.05831980452483,> e0 observado
Maricao,1980-1984,2,78.09479107390814,78.81636954458156,77.07689099579683,81.00890370906023,Estimación adecuada
Maricao,1985-1989,1,74.96773339223955,73.0075563829318,71.39234645872256,74.62778620157971,< e0 observado
Maricao,1985-1989,2,78.61629942834107,79.54402545592723,77.68847267412245,81.67521032669393,Estimación adecuada
Maricao,1990-1994,1,71.6682444194189,71.690843795947,70.1492231276911,73.18715147865937,Estimación adecuada
Maricao,1990-1994,2,78.78550594369429,79.70819079427463,77.9644609289237,81.7862201444464,Estimación adecuada
Maricao,1995-1999,1,71.33878340346546,71.83633430606073,70.37799321273557,73.51442417935878,Estimación adecuada
Maricao,1995-1999,2,78.99834861586001,80.3490149658333,78.36851361065206,82.7150113426627,Estimación adecuada
Maricao,2000-2004,1,77.71513177879466,75.2371300933876,73.52354470098284,77.06132603787182,< e0 observado
Maricao,2000-2004,2,80.22542908124814,81.62059854406114,79.5673164556579,84.08568494579517,Estimación adecuada
Maricao,2005-2009,1,77.40367339569201,75.5023244812887,73.86914713064438,77.22597934051372,< e0 observado
Maricao,2005-2009,2,82.65920888615886,82.88924795084097,81.0538126524553,85.34447833424458,Estimación adecuada
Maricao,2010-2014,1,78.78632855189304,77.13256452388013,75.38116084575661,79.0244835459721,Estimación adecuada
Maricao,2010-2014,2,86.34203171038145,85.40578269183226,82.99054443366516,88.44008593437142,Estimación adecuada
Maricao,2015-2019,1,75.94252949549475,77.86989025083352,76.2807967892886,79.79145116665384,> e0 observado
Maricao,2015-2019,2,88.98166952275554,86.96185472138625,84.42947834506397,90.44118892935612,Estimación adecuada
Maricao,2020-2024,1,78.97029384636113,78.09476011817003,76.26931152420501,80.61291110720954,Estimación adecuada
Maricao,2020-2024,2,84.52027651105944,84.28974524553925,82.42820682245605,86.65050286322747,Estimación adecuada
Maunabo,1980-1984,1,71.14680086853207,71.69139497369532,70.41607162277272,73.13853758515526,Estimación adecuada
Maunabo,1980-1984,2,78.1067644645637,78.52238208463373,76.95825895055235,80.05394149357308,Estimación adecuada
Maunabo,1985-1989,1,73.147546345311,72.21877500804895,70.92008754725698,73.52060518206184,Estimación adecuada
Maunabo,1985-1989,2,80.26716511735238,79.35902665941973,77.7365946275974,81.21344653899847,Estimación adecuada
Maunabo,1990-1994,1,72.41659695481867,72.01853548683115,70.63081097980113,73.40442292502382,Estimación adecuada
Maunabo,1990-1994,2,80.63599878230829,80.07111232079879,78.50461530657692,81.88487928259994,Estimación adecuada
Maunabo,1995-1999,1,71.2956058206204,71.47299533665795,70.11307630575392,72.850126314332,Estimación adecuada
Maunabo,1995-1999,2,79.2103555170871,79.770609788125,78.01201065226033,81.34505950441503,Estimación adecuada
Maunabo,2000-2004,1,73.80432839475543,73.89060575749606,72.58452663554544,75.2896841467001,Estimación adecuada
Maunabo,2000-2004,2,81.50289326156216,81.38990568216582,79.89097097751959,83.17803916478415,Estimación adecuada
Maunabo,2005-2009,1,74.64232752557564,74.300746957885,73.00644623437518,75.5318436809422,Estimación adecuada
Maunabo,2005-2009,2,82.94220641756984,82.96663891128696,81.24400451834148,85.12012519413716,Estimación adecuada
Maunabo,2010-2014,1,74.8339607817344,75.50453956672581,74.20795873760406,76.91422259880906,Estimación adecuada
Maunabo,2010-2014,2,84.96652627183896,84.79512679216106,82.79570661178091,87.33062916153784,Estimación adecuada
Maunabo,2015-2019,1,78.86941488241771,77.75117281225049,76.46336629230217,79.18324083068498,Estimación adecuada
Maunabo,2015-2019,2,85.85027789954903,85.51157518892282,83.54008477186333,87.6939449865101,Estimación adecuada
Maunabo,2020-2024,1,73.91751745356751,76.24328521107527,74.87615637924496,77.72418901962415,> e0 observado
Maunabo,2020-2024,2,82.49945155414667,83.26869771126687,81.86781066186485,84.92264760653347,Estimación adecuada
Mayaguez,1980-1984,1,70.16347210674796,70.37460497724939,69.58046994269284,71.19040418086736,Estimación adecuada
Mayaguez,1980-1984,2,77.60512196844876,77.4046000149345,76.64780255765194,78.25368746782813,Estimación adecuada
Mayaguez,1985-1989,1,70.43422694514761,70.53733843099214,69.78348167509213,71.35928716683878,Estimación adecuada
Mayaguez,1985-1989,2,77.94340408933365,77.87479865646554,77.1432623504669,78.72452139583179,Estimación adecuada
Mayaguez,1990-1994,1,70.24642591292358,70.3383184998911,69.6519037957503,71.04660387324122,Estimación adecuada
Mayaguez,1990-1994,2,78.67215935241934,78.47385451759132,77.73568686164502,79.27256705727477,Estimación adecuada
Mayaguez,1995-1999,1,70.79228679899191,70.8673573132735,70.16227831616705,71.67807455065277,Estimación adecuada
Mayaguez,1995-1999,2,79.57023177554109,79.40084416652088,78.59517435490439,80.28488908562835,Estimación adecuada
Mayaguez,2000-2004,1,73.63502357565515,73.5071217908802,72.74280810710951,74.30390194627822,Estimación adecuada
Mayaguez,2000-2004,2,81.32752458798764,81.06330676947525,80.13455261891247,82.05581773883469,Estimación adecuada
Mayaguez,2005-2009,1,73.964942144437,74.01957973031072,73.2100321797844,74.81167857412817,Estimación adecuada
Mayaguez,2005-2009,2,81.49974889865345,81.4004575046489,80.4798619254378,82.37917357097548,Estimación adecuada
Mayaguez,2010-2014,1,74.96249416874119,74.9958145621132,74.19884620065397,75.79150735262162,Estimación adecuada
Mayaguez,2010-2014,2,82.81805760395481,82.76895526163709,81.83937958748051,83.82128108625447,Estimación adecuada
Mayaguez,2015-2019,1,77.18178911462697,77.27141504493599,76.35998160997565,78.27983687674825,Estimación adecuada
Mayaguez,2015-2019,2,85.03789447163464,84.95407264277596,83.83439499720197,86.12043266934651,Estimación adecuada
Mayaguez,2020-2024,1,76.09571809909919,76.4779720418141,75.51447496038998,77.46970531769387,Estimación adecuada
Mayaguez,2020-2024,2,84.85251261520094,84.84945283615775,83.78543816099871,85.93039422779698,Estimación adecuada
Moca,1980-1984,1,71.4786135685996,72.3435440076349,71.2246584394714,73.47194438052493,Estimación adecuada
Moca,1980-1984,2,77.57729967024727,78.30879414310026,76.95601326135274,79.66725225534418,Estimación adecuada
Moca,1985-1989,1,74.13223338906985,73.47651092237001,72.37436271533795,74.48529065861243,Estimación adecuada
Moca,1985-1989,2,78.76717836323876,78.93308143249087,77.85156864599041,80.3150619963586,Estimación adecuada
Moca,1990-1994,1,74.3861312285618,73.54617381080786,72.47838032864523,74.70118893686202,Estimación adecuada
Moca,1990-1994,2,79.3308624878243,79.35464297780345,78.11779327111233,80.69588740041846,Estimación adecuada
Moca,1995-1999,1,73.93016893221346,73.38180581339486,72.44553689474364,74.48859469565154,Estimación adecuada
Moca,1995-1999,2,79.92298518560598,79.71755238571069,78.63515024769863,80.88533347272737,Estimación adecuada
Moca,2000-2004,1,76.88913106198093,75.86881572908257,74.88471262418386,76.88358806126598,< e0 observado
Moca,2000-2004,2,81.20152141336699,81.55975320882999,80.28082037504332,83.04492030800206,Estimación adecuada
Moca,2005-2009,1,78.23027972920576,77.19418515282362,76.07562120784932,78.30183515854371,Estimación adecuada
Moca,2005-2009,2,81.64729368972596,82.0215872961357,80.911102071382615,83.27807141574807,Estimación adecuada
Moca,2010-2014,1,78.39894219071823,77.9109764724721,76.94453331284419,79.08144914213777,Estimación adecuada
Moca,2010-2014,2,82.3431083414248,82.69509270066288,81.53105677901686,83.96863377900699,Estimación adecuada
Moca,2015-2019,1,78.8694231537018,78.5661124466366,77.56171446272289,79.68243946722903,Estimación adecuada
Moca,2015-2019,2,85.12050775808935,85.28097109650733,83.96559489163562,86.8209165288956,Estimación adecuada
Moca,2020-2024,1,79.51961488138421,79.09942462490868,77.93661196292685,80.22908838893537,Estimación adecuada
Moca,2020-2024,2,84.8346312351195,85.11702252290829,83.84482728162142,86.26237755379927,Estimación adecuada
Morovis,1980-1984,1,72.75449760171898,72.69685539625067,71.4591601742388,74.08923377768862,Estimación adecuada
Morovis,1980-1984,2,79.58978615306602,79.50283323461284,78.02451493229178,81.13308036010939,Estimación adecuada
Morovis,1985-1989,1,73.00155031190296,72.81381754313242,71.62064164471828,74.07709222259602,Estimación adecuada
Morovis,1985-1989,2,79.18909920848031,79.23124718217352,77.87769361536542,80.67900877084168,Estimación adecuada
Morovis,1990-1994,1,74.71294088662609,73.50969149941864,72.36426529137324,74.67826148535822,< e0 observado
Morovis,1990-1994,2,79.13950712220092,79.39182170627006,78.13454890962404,80.8194167232463,Estimación adecuada
Morovis,1995-1999,1,72.82153464768288,72.70172221734018,71.7094543146434,73.83703773168776,Estimación adecuada
Morovis,1995-1999,2,80.70735984476201,80.74669681074933,79.4381898577816,82.22878904431438,Estimación adecuada
Morovis,2000-2004,1,74.10293235770516,74.54255621330472,73.37911748788149,75.6471570062162,Estimación adecuada
Morovis,2000-2004,2,82.09073872809748,82.10489678684422,80.5979476692841,83.78022108354457,Estimación adecuada
Morovis,2005-2009,1,76.91529332323657,76.19198596035449,75.04200605982254,77.45381331840531,Estimación adecuada
Morovis,2005-2009,2,83.05104709140619,82.80396175637605,81.47418919564738,84.41234715453461,Estimación adecuada
Morovis,2010-2014,1,77.08123150152963,77.27121822626094,76.05294237967479,78.52306480696785,Estimación adecuada
Morovis,2010-2014,2,83.34182688922566,83.34428337323229,82.04177338776509,84.88571330774406,Estimación adecuada
Morovis,2015-2019,1,78.96515859482,78.39497293104131,77.26640687333624,79.63195547655316,Estimación adecuada
Morovis,2015-2019,2,87.15880943526803,86.23540449565994,84.77208721811844,88.16187080249871,Estimación adecuada
Morovis,2020-2024,1,78.24581234081779,78.46604924439943,77.31939784509012,79.66511868628879,Estimación adecuada
Morovis,2020-2024,2,84.91369846953171,85.69558025254099,84.21090937815853,87.47120507589628,Estimación adecuada
Naguabo,1980-1984,1,71.84412346105835,71.56740915873104,70.28923085998461,73.00543988678086,Estimación adecuada
Naguabo,1980-1984,2,76.70981740677907,76.79104952527646,75.57413557737794,78.16356871001278,Estimación adecuada
Naguabo,1985-1989,1,70.38778077568492,70.5096322574247,69.24567409025738,71.84515112015454,Estimación adecuada
Naguabo,1985-1989,2,77.29975247108983,77.29470481561947,76.08171764819899,78.58114851565786,Estimación adecuada
Naguabo,1990-1994,1,69.935755323165,70.0019482936398,68.92557306923602,71.1481371758107,Estimación adecuada
Naguabo,1990-1994,2,77.276908615301707,77.88370405772811,76.57551238187453,79.07737887068525,Estimación adecuada
Naguabo,1995-1999,1,69.72322516574484,70.22109956411214,69.07700771681168,71.40211520500368,Estimación adecuada
Naguabo,1995-1999,2,76.82881627212045,77.3833810969079,76.35139799209955,78.55692654232257,Estimación adecuada
Naguabo,2000-2004,1,72.06654411146114,72.24661639095757,71.07778738016172,73.42018616661743,Estimación adecuada
Naguabo,2000-2004,2,79.7628328934226,80.0658231372417,78.73515242422819,81.44974264600643,Estimación adecuada
Naguabo,2005-2009,1,73.7786257214367,73.80124357611619,72.64809937922169,75.01471055464188,Estimación adecuada
Naguabo,2005-2009,2,80.62404690696854,80.87325380330955,79.58423458960972,82.19435419813803,Estimación adecuada
Naguabo,2010-2014,1,75.11164062971051,74.96777881187907,73.86395073449368,76.18041602935435,Estimación adecuada
Naguabo,2010-2014,2,82.93958682980916,82.4557549095175,81.1024791311884,84.12004991632222,Estimación adecuada
Naguabo,2015-2019,1,76.26882750450046,76.09940806142417,74.97177851038684,77.34680634046822,Estimación adecuada
Naguabo,2015-2019,2,84.83022686610573,84.27072634396663,82.73722566605629,85.95124659496929,Estimación adecuada
Naguabo,2020-2024,1,77.23171232523964,76.64128963310132,75.60842306354097,77.8248064208118,Estimación adecuada
Naguabo,2020-2024,2,83.84568426869097,83.78618153172168,82.40417025994437,85.21845118310726,Estimación adecuada
Naranjito,1980-1984,1,74.98820136337291,74.13199946393385,72.87177228641792,75.55704023915565,Estimación adecuada
Naranjito,1980-1984,2,82.09597951709324,80.577655091947,79.24251345652074,82.15359563414754,Estimación adecuada
Naranjito,1985-1989,1,74.14321504502334,73.38900604943615,72.15255049170344,74.45342716554686,Estimación adecuada
Naranjito,1985-1989,2,81.17666750110004,80.51297772084088,79.19549939566267,82.0504031834203,Estimación adecuada
Naranjito,1990-1994,1,72.65469281143537,72.69227964185231,71.62044690656745,73.8466441502089,Estimación adecuada
Naranjito,1990-1994,2,80.53672985190586,80.61180933435536,79.22400511366713,82.16740894502418,Estimación adecuada
Naranjito,1995-1999,1,71.78384170584214,72.1640775003145,71.0731567178213,73.163960353508,Estimación adecuada
Naranjito,1995-1999,2,81.60503745588991,81.09631703781805,79.73647702292132,82.59144521359462,Estimación adecuada
Naranjito,2000-2004,1,75.02066724722975,74.94955823278998,73.76271682917628,76.16419604761269,Estimación adecuada
Naranjito,2000-2004,2,82.02786957174214,82.0250827762553,80.8008040260723,83.3481373704982,Estimación adecuada
Naranjito,2005-2009,1,75.97305227428453,76.10262705770684,74.94214647917684,77.3558101656048,Estimación adecuada
Naranjito,2005-2009,2,81.50399850212824,82.08627300835163,80.88861832039908,83.50252138768866,Estimación adecuada
Naranjito,2010-2014,1,78.20596950921359,77.5523449945261,76.40873714567334,78.82924975475822,Estimación adecuada
Naranjito,2010-2014,2,82.65441935713194,83.6399806595224,82.23804127955825,85.11743449409298,Estimación adecuada
Naranjito,2015-2019,1,79.79942567224485,79.46338182182396,78.23572086472123,80.8809529362078,Estimación adecuada
Naranjito,2015-2019,2,86.72388771081324,86.6880389175821,85.03133206218251,88.73228331508945,Estimación adecuada
Naranjito,2020-2024,1,76.58250173203983,77.55899666173137,76.42921662861588,78.7211483640394,Estimación adecuada
Naranjito,2020-2024,2,85.58645308606359,85.28732542130982,83.84445922631832,86.79332996245164,Estimación adecuada
Orocovis,1980-1984,1,73.68697408485414,73.41062703740056,72.01283048463532,74.86333894080639,Estimación adecuada
Orocovis,1980-1984,2,79.52890987399998,79.39093537057524,77.98105027326727,80.9118767454052,Estimación adecuada
Orocovis,1985-1989,1,72.86313442913975,72.63673201611982,71.48789693648915,73.86656376094892,Estimación adecuada
Orocovis,1985-1989,2,83.00284611084997,81.08369591402479,79.61132207291229,82.95160012978107,< e0 observado
Orocovis,1990-1994,1,70.6546043654978,71.48896184822522,70.38140999222574,72.70897118768126,Estimación adecuada
Orocovis,1990-1994,2,80.6362204849656,80.28866096122647,78.98727859702576,81.89468692929009,Estimación adecuada
Orocovis,1995-1999,1,73.6769876912186,73.14207083817396,72.03268427771,74.4419372416953,Estimación adecuada
Orocovis,1995-1999,2,79.89715435282754,80.05553897860094,78.7469495184224,81.5462823211933,Estimación adecuada
Orocovis,2000-2004,1,74.30531059061678,74.34059889613317,73.19229022105861,75.5854277806943,Estimación adecuada
Orocovis,2000-2004,2,82.76820538655008,82.38466028284674,80.91659164996837,84.02299787485558,Estimación adecuada
Orocovis,2005-2009,1,75.65599075985116,75.63487865350601,74.47325480082648,76.84541986791722,Estimación adecuada
Orocovis,2005-2009,2,81.23465089468091,81.6980847219958,80.42640006825482,83.16046687737125,Estimación adecuada
Orocovis,2010-2014,1,78.72609688729916,77.63394215685696,76.38240090238091,79.00734809512853,Estimación adecuada
Orocovis,2010-2014,2,83.46032948812696,83.37364034629726,81.9502260912934,85.01469640630903,Estimación adecuada
Orocovis,2015-2019,1,78.31348130256,78.13697666451644,76.90355038996121,79.44848910585891,Estimación adecuada
Orocovis,2015-2019,2,84.96910673692186,85.30672582780332,83.78945480872827,87.05613499137348,Estimación adecuada
Orocovis,2020-2024,1,77.80883766643082,78.4385733893588,77.00139017008614,79.98328986381888,Estimación adecuada
Orocovis,2020-2024,2,84.818931044802,84.91496987463147,83.52195416354199,86.59222444697133,Estimación adecuada
Patillas,1980-1984,1,71.2919207839744,71.71098682962437,70.44986397981515,73.02640298386615,Estimación adecuada
Patillas,1980-1984,2,77.55331848134108,77.73118722459186,76.4583147372924,79.1787304499053,Estimación adecuada
Patillas,1985-1989,1,71.37552114824256,70.94677529226487,69.70800140853717,72.16462398263691,Estimación adecuada
Patillas,1985-1989,2,79.24042850774778,78.66395387814009,77.36545047906222,80.06622369195226,Estimación adecuada
Patillas,1990-1994,1,72.50760666915836,71.61052447613719,70.32278629851047,72.90379506739713,Estimación adecuada
Patillas,1990-1994,2,78.396020908419,78.39756303524496,77.11295679365236,79.66644450069336,Estimación adecuada
Patillas,1995-1999,1,71.16809015939646,71.2790789085995,70.10015082575677,72.48373516901341,Estimación adecuada
Patillas,1995-1999,2,78.52476688729735,78.38270776016671,77.24687305422002,79.66370948981876,Estimación adecuada
Patillas,2000-2004,1,73.84030571885793,73.62628234778316,72.48316847430168,74.76051105456006,Estimación adecuada
Patillas,2000-2004,2,80.28524555250978,80.7731119657063,79.33628299359619,82.42805254092427,Estimación adecuada
Patillas,2005-2009,1,74.71797456893655,74.44503586496332,73.17073454070392,75.83799411956203,Estimación adecuada
Patillas,2005-2009,2,82.37229150118685,81.69116011862889,80.3742719291546,83.23911762367494,Estimación adecuada
Patillas,2010-2014,1,75.64302541877274,75.95902659586305,74.74629048780969,77.26389954095464,Estimación adecuada
Patillas,2010-2014,2,82.97344642216794,83.1943716949783,81.81410806962118,85.00597288725803,Estimación adecuada
Patillas,2015-2019,1,77.44243369136633,77.27904635112067,75.979737525363,78.61421286477548,Estimación adecuada
Patillas,2015-2019,2,85.6246498503258,85.55216782581698,83.89283169078989,87.4743692633048,Estimación adecuada
Patillas,2020-2024,1,75.44281315111742,76.5245172670094,75.39027298106406,77.64470367168828,Estimación adecuada
Patillas,2020-2024,2,83.73266646624232,85.43473289756665,83.85211097131346,87.54199399809232,> e0 observado
Penuelas,1980-1984,1,72.35786944424058,71.6556920058866,70.46527680754585,72.8942211856122,Estimación adecuada
Penuelas,1980-1984,2,77.42169553222374,77.7045757779621,76.35797231791142,79.08346728920976,Estimación adecuada
Penuelas,1985-1989,1,72.76539154925342,71.80921111354861,70.62123112515717,73.10914202296516,Estimación adecuada
Penuelas,1985-1989,2,78.26925344407194,78.20506730199124,76.90900927232092,79.57091013656836,Estimación adecuada
Penuelas,1990-1994,1,71.6518283419231,71.0970688719361,69.99313853078567,72.25201536178234,Estimación adecuada
Penuelas,1990-1994,2,78.09730287289996,78.25144409534587,77.05667409160385,79.67786408287262,Estimación adecuada
Penuelas,1995-1999,1,72.510868008911,71.85096443696949,70.7263217459882,72.99231789989857,Estimación adecuada
Penuelas,1995-1999,2,77.85186468595465,78.53420563415044,77.17198580336958,80.00951485297387,Estimación adecuada
Penuelas,2000-2004,1,73.06979986248778,73.05712291370094,71.91436453739635,74.15993961471388,Estimación adecuada
Penuelas,2000-2004,2,80.74681115313095,80.82161255484863,79.37267110299015,82.65355079933171,Estimación adecuada
Penuelas,2005-2009,1,74.32588415517952,74.31557317697192,73.23513841851135,75.60540370852308,Estimación adecuada
Penuelas,2005-2009,2,83.85447484865449,82.85683639837931,81.11960585530542,84.8924237058743,Estimación adecuada
Penuelas,2010-2014,1,77.2161868060379,76.75965235794027,75.36970491266504,78.16500025860098,Estimación adecuada
Penuelas,2010-2014,2,82.37054992803499,82.43939515920701,81.0114181645704,83.98863147048894,Estimación adecuada
Penuelas,2015-2019,1,76.94988280019332,76.83814544237052,75.72103506202347,78.12039216975755,Estimación adecuada
Penuelas,2015-2019,2,83.52991574696982,83.66755461610771,82.1898837050333,85.15590602816951,Estimación adecuada
Penuelas,2020-2024,1,78.19759662594926,77.41517831748865,76.1399282749425,78.74987191561333,Estimación adecuada
Penuelas,2020-2024,2,83.13779961346445,83.45976076433524,82.07572994186775,84.92490118168983,Estimación adecuada
Ponce,1980-1984,1,70.95163851465587,70.78940203511495,70.1508877741449,71.43462764486569,Estimación adecuada
Ponce,1980-1984,2,77.90393491985162,77.58686236822037,76.85805094642417,78.33910552174567,Estimación adecuada
Ponce,1985-1989,1,68.9203720780425,69.17583939687844,68.48951673277742,69.81194915712338,Estimación adecuada
Ponce,1985-1989,2,77.3120135977883,77.28612105707725,76.62691155808174,77.97933405629925,Estimación adecuada
Ponce,1990-1994,1,68.07009878068561,68.42962092490012,67.77370813151664,69.10968596916798,Estimación adecuada
Ponce,1990-1994,2,77.70322992022793,77.77005397673386,77.08555725197051,78.5153102875369,Estimación adecuada
Ponce,1995-1999,1,68.8945019576824,69.1878111752271,68.48577239953174,69.85517439768478,Estimación adecuada
Ponce,1995-1999,2,78.64616620265484,78.5532271931513,77.80674601900213,79.26819175095017,Estimación adecuada
Ponce,2000-2004,1,71.88287158339288,71.97978564498955,71.38543086692455,72.64865344351298,Estimación adecuada
Ponce,2000-2004,2,80.17053819569584,80.00293647386472,79.25816169960306,80.75325392186569,Estimación adecuada
Ponce,2005-2009,1,72.59239776230434,72.81408164433813,72.13403210973634,73.52692712408891,Estimación adecuada
Ponce,2005-2009,2,81.60505937401689,81.42234999374688,80.69068794045073,82.2144936059765,Estimación adecuada
Ponce,2010-2014,1,74.90584213235752,74.86425434885768,74.11499089060231,75.59830525847622,Estimación adecuada
Ponce,2010-2014,2,81.84526785237594,81.82493573704417,81.10599534566505,82.60597907955582,Estimación adecuada
Ponce,2015-2019,1,75.94818443525777,76.09925119491598,75.30556470542216,76.91734028798767,Estimación adecuada
Ponce,2015-2019,2,84.573600741168,84.42208773965032,83.47985542785119,85.46683060375693,Estimación adecuada
Ponce,2020-2024,1,76.11579149445392,76.08770332855752,75.31338877170298,76.94841368095943,Estimación adecuada
Ponce,2020-2024,2,84.14984563358192,83.8517346853983,83.01347126800951,84.8027559988207,Estimación adecuada
Quebradillas,1980-1984,1,71.58047484326079,71.52604981300084,70.36269268008215,72.77381805190734,Estimación adecuada
Quebradillas,1980-1984,2,79.23938165137665,78.55938214797875,77.16640356748833,80.31493628656519,Estimación adecuada
Quebradillas,1985-1989,1,70.63546474047973,70.89352387532261,69.76124082055684,72.0795836234466,Estimación adecuada
Quebradillas,1985-1989,2,77.80764334555457,77.68573826053355,76.52196833197027,79.00694469539846,Estimación adecuada
Quebradillas,1990-1994,1,72.04068810225141,71.58443147632494,70.34734407278088,72.77799134683274,Estimación adecuada
Quebradillas,1990-1994,2,79.32174470623532,78.74447536435491,77.42011103843613,80.12758715677894,Estimación adecuada
Quebradillas,1995-1999,1,72.6294979985003,71.720281794962915,70.69782525118275,72.87841911665109,Estimación adecuada
Quebradillas,1995-1999,2,78.8521877504248,78.79580960735736,77.55694818396574,80.14703475280781,Estimación adecuada
Quebradillas,2000-2004,1,73.7512032048212,73.3906448143945,72.31597718955464,74.43568399993312,Estimación adecuada
Quebradillas,2000-2004,2,79.6469691305216,79.92396425266996,78.759880949743,81.11626595203728,Estimación adecuada
Quebradillas,2005-2009,1,76.47020212177048,75.14646120113923,73.92870943911342,76.41900805274858,< e0 observado
Quebradillas,2005-2009,2,82.57479226170335,82.27793726620843,80.89905177439331,83.81896815561022,Estimación adecuada
Quebradillas,2010-2014,1,76.84416482352526,76.37221910571705,75.22250627700699,77.55393864006925,Estimación adecuada
Quebradillas,2010-2014,2,83.1643209295307,83.01736222585573,81.6176830007192,84.63210869126341,Estimación adecuada
Quebradillas,2015-2019,1,77.52581972834565,77.1902827608553,76.12839318119822,78.3293827231862,Estimación adecuada
Quebradillas,2015-2019,2,83.89036641680576,83.71245945564036,82.44080052822758,85.08039264530674,Estimación adecuada
Quebradillas,2020-2024,1,78.45741764289136,77.44529166500234,76.31123983443662,78.82382465725972,Estimación adecuada
Quebradillas,2020-2024,2,84.02514632890373,84.11217408676691,82.79667460096886,85.61942385609932,Estimación adecuada
Rincon,1980-1984,1,71.31036542846638,72.52177362940975,71.1540156273172,74.01530700900607,Estimación adecuada
Rincon,1980-1984,2,78.23121876259756,78.62817264081042,77.23080183244564,80.20238512651532,Estimación adecuada
Rincon,1985-1989,1,72.68195818723761,72.46358815125552,71.13888749576442,73.81558964155187,Estimación adecuada
Rincon,1985-1989,2,78.13112109379762,78.91383966284705,77.56169478439836,80.4243622233506,Estimación adecuada
Rincon,1990-1994,1,74.4648266994763,73.08262695586446,71.68092723389037,74.32841028697085,< e0 observado
Rincon,1990-1994,2,79.71875830965256,79.45925401981137,78.08877509870426,81.01326624946049,Estimación adecuada
Rincon,1995-1999,1,71.81900034746621,71.78134766790129,70.54252731686282,73.07970249227567,Estimación adecuada
Rincon,1995-1999,2,80.40789038958042,80.37012824605848,78.91145280166697,82.06784707860903,Estimación adecuada
Rincon,2000-2004,1,75.07948363707658,74.71540819769174,73.535878554024407,75.96714321981482,Estimación adecuada
Rincon,2000-2004,2,82.97798833076854,82.38893024969514,80.72384189485231,83.97949593376082,Estimación adecuada
Rincon,2005-2009,1,76.37954961336743,75.70165183583762,74.51787791276708,76.95154553032347,Estimación adecuada
Rincon,2005-2009,2,80.35621164685104,81.42673035806868,80.14047748522904,82.77892297356756,Estimación adecuada
Rincon,2010-2014,1,79.61051534555456,77.78042180184713,76.42119179200233,79.17956292072098,< e0 observado
Rincon,2010-2014,2,83.80210551828286,83.98750998999789,82.4194999503676,85.65474322924024,Estimación adecuada
Rincon,2015-2019,1,79.17285737161941,78.91506153494569,77.55616246661953,80.31915460064404,Estimación adecuada
Rincon,2015-2019,2,86.30943741112465,86.31820228500025,84.55356199693308,88.40779419454353,Estimación adecuada
Rincon,2020-2024,1,79.87445814115418,79.4661144863627,78.05216952703876,80.86279065684882,Estimación adecuada
Rincon,2020-2024,2,86.12132225159802,85.7284389723537,84.25606849030743,87.4694468741884,Estimación adecuada
Rio Grande,1980-1984,1,71.3105527088449,71.23925756305155,70.1372306028413,72.3955975022258,Estimación adecuada
Rio Grande,1980-1984,2,77.83383450299281,77.65468406881853,76.43435633757618,78.94901182714008,Estimación adecuada
Rio Grande,1985-1989,1,72.55792010168769,71.8166483516884,70.79107327988558,72.94317665079011,Estimación adecuada
Rio Grande,1985-1989,2,78.55898208748316,78.40422931503844,77.30260315234088,79.66461052887313,Estimación adecuada
Rio Grande,1990-1994,1,69.80664085409208,70.19189152386913,69.25605329107381,71.2042799191249,Estimación adecuada
Rio Grande,1990-1994,2,79.04176505901864,78.96208351104602,77.84953663292052,80.2394172546082,Estimación adecuada
Rio Grande,1995-1999,1,69.24216716509197,70.02795099623526,69.0313571697951,70.99910208204636,Estimación adecuada
Rio Grande,1995-1999,2,78.57122528721384,78.61897775035368,77.59509597573833,79.63850060929637,Estimación adecuada
Rio Grande,2000-2004,1,73.5987446256221,73.48085197942187,72.58241695124427,74.42304446135074,Estimación adecuada
Rio Grande,2000-2004,2,80.92764017417291,80.86563881153941,79.72554213940035,82.05531776151078,Estimación adecuada
Rio Grande,2005-2009,1,74.74267006153134,74.81797051761451,73.84673317964396,75.86816230626772,Estimación adecuada
Rio Grande,2005-2009,2,82.25371975622026,81.87280924507118,80.8531260160989,82.98880489232408,Estimación adecuada
Rio Grande,2010-2014,1,75.62464241200296,75.72819496585748,74.75959090783728,76.7683535780461,Estimación adecuada
Rio Grande,2010-2014,2,81.93516108938404,82.06210587382782,81.15104982454501,83.15375134118244,Estimación adecuada
Rio Grande,2015-2019,1,77.32038501383936,77.3757368412276,76.36496883494327,78.52024933836535,Estimación adecuada
Rio Grande,2015-2019,2,84.73128165771399,84.41653070892376,83.25408508421005,85.6990024200698,Estimación adecuada
Rio Grande,2020-2024,1,76.09079051682853,76.571867901499,75.496073421207,77.64258539146917,Estimación adecuada
Rio Grande,2020-2024,2,84.926262062339,85.2019350940867,83.83633286283928,86.65555878349998,Estimación adecuada
Sabana Grande,1980-1984,1,72.9426025284972,71.94387005149535,70.77737635080206,73.30318165578495,Estimación adecuada
Sabana Grande,1980-1984,2,76.79030160326008,77.34814661322,76.13225019265052,78.73240448029193,Estimación adecuada
Sabana Grande,1985-1989,1,72.60670516660508,71.99174707829127,70.89775380028792,73.15321910442614,Estimación adecuada
Sabana Grande,1985-1989,2,79.46020484114077,78.87062532038746,77.70285671337149,80.24451353384393,Estimación adecuada
Sabana Grande,1990-1994,1,71.96878186562468,71.48645564073689,70.26848835423084,72.65042617800245,Estimación adecuada
Sabana Grande,1990-1994,2,77.52973712888554,77.78162129516883,76.73413214301948,78.98240646002533,Estimación adecuada
Sabana Grande,1995-1999,1,72.42496764545731,71.80613077949789,70.69639552415076,72.8196194956244,Estimación adecuada
Sabana Grande,1995-1999,2,77.8549110688198,77.91907002812611,76.90571303506961,79.00103782792654,Estimación adecuada
Sabana Grande,2000-2004,1,75.19081545433245,74.3012089042617,73.14763629493895,75.49251276832189,Estimación adecuada
Sabana Grande,2000-2004,2,80.1030438875019,80.61137889898127,79.44476686300395,81.90071534155001,Estimación adecuada
Sabana Grande,2005-2009,1,75.77699216646894,74.86483868503765,73.70503502121849,76.15224350668264,Estimación adecuada
Sabana Grande,2005-2009,2,80.72892003066302,81.29824080838628,79.90706270675673,82.84585520501952,Estimación adecuada
Sabana Grande,2010-2014,1,75.70526772953107,75.80145279951824,74.73189479786133,76.99523864438626,Estimación adecuada
Sabana Grande,2010-2014,2,83.30574189702419,83.01154176794026,81.70139463282918,84.42105488926775,Estimación adecuada
Sabana Grande,2015-2019,1,77.43470484017462,76.97466574520811,75.91324080674782,78.16454048410422,Estimación adecuada
Sabana Grande,2015-2019,2,83.12156944238524,83.27660075467631,82.08498134181339,84.57170202610295,Estimación adecuada
Sabana Grande,2020-2024,1,77.44105015726225,77.35935999654671,76.18851552383191,78.60097718772285,Estimación adecuada
Sabana Grande,2020-2024,2,83.44790990052293,84.56916408638598,83.27734272940516,85.99882323667845,Estimación adecuada
Salinas,1980-1984,1,69.34771587119822,69.83231393766289,68.78714806085702,70.8526296813499,Estimación adecuada
Salinas,1980-1984,2,77.00356882697932,77.0448369203513,75.8288259027103,78.38611618742577,Estimación adecuada
Salinas,1985-1989,1,67.8768913469486,69.04820167102464,67.94133169923794,70.08885878662375,> e0 observado
Salinas,1985-1989,2,76.51927305162637,76.88051514372953,75.82337182389143,77.99262955913434,Estimación adecuada
Salinas,1990-1994,1,69.60135801885077,70.01574971128565,68.87369008850696,71.10082213452978,Estimación adecuada
Salinas,1990-1994,2,77.16626361655918,77.71881465958307,76.62084094114498,78.918493730279,Estimación adecuada
Salinas,1995-1999,1,69.29023548543515,69.67659574332703,68.5992487883443,70.63524397568423,Estimación adecuada
Salinas,1995-1999,2,79.22383445714813,78.79968929989403,77.59415134296363,80.09491930264493,Estimación adecuada
Salinas,2000-2004,1,73.10253328655584,72.9974648297212,71.83755726245886,74.13986629955875,Estimación adecuada
Salinas,2000-2004,2,80.52455994892826,80.25605212723465,79.03308995989661,81.39829325530677,Estimación adecuada
Salinas,2005-2009,1,73.52822440107286,73.64045407090174,72.4514597614069,74.74843113130682,Estimación adecuada
Salinas,2005-2009,2,80.63090066219925,80.84127924391231,79.66305282388853,82.20121582010262,Estimación adecuada
Salinas,2010-2014,1,75.47743944137986,75.43322042511662,74.44643354665394,76.64005350291079,Estimación adecuada
Salinas,2010-2014,2,83.23167940762166,83.24689202618937,81.81927583770562,84.8603785562803,Estimación adecuada
Salinas,2015-2019,1,77.96635541138743,77.54487167637922,76.3668412355648,78.8236245650247,Estimación adecuada
Salinas,2015-2019,2,85.02610562554052,84.70023149874612,83.34984549704375,86.36249231012435,Estimación adecuada
Salinas,2020-2024,1,77.2752335181164,76.99460658543109,75.90342547983329,78.14612779275046,Estimación adecuada
Salinas,2020-2024,2,85.43601257393138,84.95625065270389,83.67971554134455,86.57864408513817,Estimación adecuada
San German,1980-1984,1,72.17155637189039,72.04237349500202,71.03889117665115,73.06666166324615,Estimación adecuada
San German,1980-1984,2,77.08128434206319,77.55724521068214,76.46937824985396,78.82195415151068,Estimación adecuada
San German,1985-1989,1,73.24578912339052,72.61708304659678,71.62482940004745,73.59384202593687,Estimación adecuada
San German,1985-1989,2,78.281715742411,78.22354840250853,77.17035608136912,79.30269348012393,Estimación adecuada
San German,1990-1994,1,72.47312065094486,72.04045582095264,71.09510384616344,72.93693923421745,Estimación adecuada
San German,1990-1994,2,78.88901019804138,79.12825581873614,78.05146000588535,80.25485391331937,Estimación adecuada
San German,1995-1999,1,74.17482678706041,73.35910637521988,72.31374350057735,74.39195596336617,Estimación adecuada
San German,1995-1999,2,78.52895052757144,79.04354228345497,77.96994572195959,80.20507831091716,Estimación adecuada
San German,2000-2004,1,75.40040785434387,74.68059960225607,73.63911863508108,75.71807583280294,Estimación adecuada
San German,2000-2004,2,81.07042973561371,81.20226195126416,80.0052054010926,82.40663152093059,Estimación adecuada
San German,2005-2009,1,75.89227383722933,75.4386726282264,74.4202664805458,76.59605997827771,Estimación adecuada
San German,2005-2009,2,81.35724022521588,81.78583696857194,80.63888113005659,83.02508905729455,Estimación adecuada
San German,2010-2014,1,77.09595528241661,76.39474557163811,75.48819135328438,77.28811463316829,Estimación adecuada
San German,2010-2014,2,81.95497572147197,82.60980571941961,81.38462133585112,83.91267388281491,Estimación adecuada
San German,2015-2019,1,79.14792857398798,78.03658790335845,76.98339644550816,79.15773081218913,Estimación adecuada
San German,2015-2019,2,84.00023654840521,84.34839960100527,83.18701957461651,85.60087346999445,Estimación adecuada
San German,2020-2024,1,78.13234571523579,77.6086805294303,76.54782117293885,78.7066236026341,Estimación adecuada
San German,2020-2024,2,83.15333884969452,83.97094109908818,82.82653921022523,85.18824479511744,Estimación adecuada
San Juan,1980-1984,1,68.53296805880613,68.72531208134673,68.13397164081371,69.29995006913,Estimación adecuada
San Juan,1980-1984,2,78.41781325030587,78.23437178649777,77.62276202519404,78.88706906027286,Estimación adecuada
San Juan,1985-1989,1,67.1721251731618,67.50548703090506,66.89216806741533,68.12222140910322,Estimación adecuada
San Juan,1985-1989,2,78.7093422914038,78.54878664241807,77.93615944797672,79.18336532406123,Estimación adecuada
San Juan,1990-1994,1,64.70940097035053,65.32184949860559,64.7236810839093,66.06375601501796,> e0 observado
San Juan,1990-1994,2,78.53794951508831,78.53867962932891,77.87929792149481,79.18437247466596,Estimación adecuada
San Juan,1995-1999,1,67.09892384379134,67.44563795005926,66.87649629710192,68.10377731135553,Estimación adecuada
San Juan,1995-1999,2,79.54091321860172,79.43886484195366,78.81215525784704,80.12485318138582,Estimación adecuada
San Juan,2000-2004,1,71.1882392973574,71.31304859545597,70.70649811596988,71.93868794243747,Estimación adecuada
San Juan,2000-2004,2,81.92921875527304,81.6698325353552,80.91367905462072,82.42344943786652,Estimación adecuada
San Juan,2005-2009,1,72.69964876784016,72.76068967295751,72.11245317933367,73.43462932809227,Estimación adecuada
San Juan,2005-2009,2,82.46547999538443,82.32354819501248,81.57750101543007,83.10709618633004,Estimación adecuada
San Juan,2010-2014,1,74.44529350870086,74.47453437781147,73.77082984332787,75.16596396991818,Estimación adecuada
San Juan,2010-2014,2,84.20463369793843,83.92305893608322,83.07679461265789,84.74462501509514,Estimación adecuada
San Juan,2015-2019,1,75.79825935426356,75.83191442657521,75.07296228260726,76.58357330696352,Estimación adecuada
San Juan,2015-2019,2,85.20819741649419,84.98193263917679,84.10107463005832,85.88244436822237,Estimación adecuada
San Juan,2020-2024,1,75.0961776592865,75.15218494521757,74.45318577769969,75.81639593992433,Estimación adecuada
San Juan,2020-2024,2,85.5777711342981,85.2418894821518,84.35058644572011,86.18143303879363,Estimación adecuada
San Lorenzo,1980-1984,1,72.42693306960642,72.33689922797686,71.17463514761734,73.49784144177177,Estimación adecuada
San Lorenzo,1980-1984,2,78.47103642037958,78.39976185401628,77.219552363668015,79.88294724104732,Estimación adecuada
San Lorenzo,1985-1989,1,70.33185072656097,70.97065912384502,69.90986774395661,72.06561196005782,Estimación adecuada
San Lorenzo,1985-1989,2,79.40389275421629,78.80551104734988,77.74549744282265,80.00785338959055,Estimación adecuada
San Lorenzo,1990-1994,1,70.49063585980457,70.75043219334978,69.73327274632962,71.75928604300198,Estimación adecuada
San Lorenzo,1990-1994,2,79.4290640327427,79.1448158718847,78.02183051742905,80.36680871032706,Estimación adecuada
San Lorenzo,1995-1999,1,72.39291160482962,72.10367491677246,71.0930217000529,73.19043863846481,Estimación adecuada
San Lorenzo,1995-1999,2,78.56261721700943,78.69196269637229,77.73609002346684,79.85692845193252,Estimación adecuada
San Lorenzo,2000-2004,1,73.59466919977362,73.67866041418645,72.69515142650388,74.9004358175356,Estimación adecuada
San Lorenzo,2000-2004,2,81.14875504017053,81.07707302210375,79.86294954030105,82.43165455855446,Estimación adecuada
San Lorenzo,2005-2009,1,75.07421835227707,74.94816929919902,73.88159388234162,75.98436233144083,Estimación adecuada
San Lorenzo,2005-2009,2,82.06471302858854,81.78024268077002,80.56256124545072,83.00340226139328,Estimación adecuada
San Lorenzo,2010-2014,1,76.5025430659968,76.60759039682398,75.45380278436872,77.74794022316533,Estimación adecuada
San Lorenzo,2010-2014,2,83.9183271335132,83.40138055076488,82.24797685895138,84.66662776118818,Estimación adecuada
San Lorenzo,2015-2019,1,77.43176974248166,77.96801142031664,76.73211163865321,79.30912994147502,Estimación adecuada
San Lorenzo,2015-2019,2,85.9224800651241,85.46811764596026,84.02586227536433,87.05129576060176,Estimación adecuada
San Lorenzo,2020-2024,1,77.62523479934367,77.69027035754183,76.52962460582758,78.97423973890444,Estimación adecuada
San Lorenzo,2020-2024,2,84.55625634680977,84.38973347996549,83.27406415959354,85.6678218376218,Estimación adecuada
San Sebastian,1980-1984,1,73.33683627750408,72.75378315030751,71.82547047984116,73.8039537513541,Estimación adecuada
San Sebastian,1980-1984,2,77.39216900594445,77.85249831283903,76.75475830392008,79.02660522681379,Estimación adecuada
San Sebastian,1985-1989,1,71.54106439345283,71.79866961669345,70.76494313881774,72.69785257508558,Estimación adecuada
San Sebastian,1985-1989,2,78.32567842249968,78.50856855048514,77.4825989538608,79.64125742816847,Estimación adecuada
San Sebastian,1990-1994,1,72.72006609308197,72.245355277904,71.32289580105262,73.23629022858813,Estimación adecuada
San Sebastian,1990-1994,2,78.61121244043501,78.7724009955656,77.82260867665632,79.89296472695695,Estimación adecuada
San Sebastian,1995-1999,1,73.29080325081596,72.8192920336781,71.91684619967677,73.74322277366065,Estimación adecuada
San Sebastian,1995-1999,2,79.73176179097116,79.5037206486528,78.53951696259212,80.51532108004015,Estimación adecuada
San Sebastian,2000-2004,1,74.89792147656362,74.49732170608141,73.63668022405852,75.38724894810721,Estimación adecuada
San Sebastian,2000-2004,2,80.32263567678552,80.39518549694361,79.47520304091883,81.41866212403451,Estimación adecuada
San Sebastian,2005-2009,1,76.73740203137386,75.95275302813428,74.98034043584104,76.96008073354028,Estimación adecuada
San Sebastian,2005-2009,2,81.16929045663092,81.21776008110794,80.23588353865749,82.24006589735468,Estimación adecuada
San Sebastian,2010-2014,1,76.69546237928682,76.36273107458274,75.39571713127096,77.33230876061869,Estimación adecuada
San Sebastian,2010-2014,2,83.16134686711862,82.99663154258488,81.96802364212296,84.13497104554742,Estimación adecuada
San Sebastian,2015-2019,1,79.11780994700189,78.44779153399972,77.3846851506762,79.4803248106395,Estimación adecuada
San Sebastian,2015-2019,2,84.22340952689646,84.08792414912202,83.04276002002243,85.28809885092413,Estimación adecuada
San Sebastian,2020-2024,1,78.24142492610733,77.7580250910681,76.77771767937458,78.72152154309053,Estimación adecuada
San Sebastian,2020-2024,2,84.23065748606743,84.3721009899757,83.31265151231958,85.83071545640605,Estimación adecuada
Santa Isabel,1980-1984,1,69.7275677276356,69.42856935494227,68.27264218595214,70.57321405546355,Estimación adecuada
Santa Isabel,1980-1984,2,77.77634389040469,77.17205138718424,75.7979798594786,78.72596165244578,Estimación adecuada
Santa Isabel,1985-1989,1,69.23817247335977,69.61534054911738,68.33974038283883,70.73920773293297,Estimación adecuada
Santa Isabel,1985-1989,2,76.67908928126374,76.6864979079811,75.50747369676236,77.98037127400534,Estimación adecuada
Santa Isabel,1990-1994,1,66.65679986192235,68.26914964322143,66.93747780676976,69.49507607998027,> e0 observado
Santa Isabel,1990-1994,2,76.1627447017844,76.93310750786863,75.64542362476654,78.3977401620552,Estimación adecuada
Santa Isabel,1995-1999,1,68.83610956762453,69.31696559368882,68.18630112441033,70.39020314135895,Estimación adecuada
Santa Isabel,1995-1999,2,77.7315207882761,77.58393813493612,76.4213768509883,78.80776588019049,Estimación adecuada
Santa Isabel,2000-2004,1,69.45419232564781,70.90579262535407,69.72328113924605,72.05852560638003,> e0 observado
Santa Isabel,2000-2004,2,79.11209035669053,79.27412924523676,78.06884776821948,80.69592095149525,Estimación adecuada
Santa Isabel,2005-2009,1,72.31479005793592,72.6145596593842,71.52510662080105,73.75942155283056,Estimación adecuada
Santa Isabel,2005-2009,2,81.59418713189359,81.30075565565772,79.772314887638,83.08964982337352,Estimación adecuada
Santa Isabel,2010-2014,1,74.62174299181574,74.91609414719947,73.64771857448325,76.27068426922777,Estimación adecuada
Santa Isabel,2010-2014,2,81.81631250475375,81.41848920977631,80.09210792150655,82.72836744471718,Estimación adecuada
Santa Isabel,2015-2019,1,75.10553816345772,75.27061366159586,74.06872154503698,76.56873971815342,Estimación adecuada
Santa Isabel,2015-2019,2,85.04929628842372,83.82849766554062,82.40738798154528,85.39220630469417,Estimación adecuada
Santa Isabel,2020-2024,1,74.53124138847394,75.04908255556538,73.89754573127173,76.2176560706936,Estimación adecuada
Santa Isabel,2020-2024,2,83.31177822878877,83.0690008769163,81.67408620146621,84.53515823542998,Estimación adecuada
Toa Alta,1980-1984,1,74.88308560050717,74.12667569503809,72.85707468462849,75.54256640797527,Estimación adecuada
Toa Alta,1980-1984,2,77.90618677933547,78.89448366752711,77.67851991694134,80.2189625100542,Estimación adecuada
Toa Alta,1985-1989,1,72.95726224514658,72.9872388715601,71.86144818039898,74.0732713988574,Estimación adecuada
Toa Alta,1985-1989,2,81.13925929884046,80.83224159319934,79.46671088871545,82.54857720257321,Estimación adecuada
Toa Alta,1990-1994,1,73.42887184415189,73.30316250189567,72.20465584105868,74.48762420866906,Estimación adecuada
Toa Alta,1990-1994,2,79.53507742661206,79.97077922480463,78.75937501186759,81.33989484342263,Estimación adecuada
Toa Alta,1995-1999,1,73.1282506155011,73.11264126238646,72.18836537381816,74.08229207214055,Estimación adecuada
Toa Alta,1995-1999,2,80.88771225273742,80.7684889238648,79.74854092244135,81.88632549224002,Estimación adecuada
Toa Alta,2000-2004,1,75.20122641401855,75.1757557470448,74.28607744251651,76.11018125399023,Estimación adecuada
Toa Alta,2000-2004,2,81.33505965208539,81.79196670241413,80.68523272446039,82.96457216411638,Estimación adecuada
Toa Alta,2005-2009,1,77.25808536131703,77.09794315514104,76.0994160159599,78.15402915541827,Estimación adecuada
Toa Alta,2005-2009,2,83.45975745150936,83.4843802054564,82.35258629711463,84.81887739624798,Estimación adecuada
Toa Alta,2010-2014,1,77.617438844306065,77.72794643971537,76.82491197635022,78.69068779427423,Estimación adecuada
Toa Alta,2010-2014,2,84.59193836320185,84.41658125107534,83.2213213769758,85.76691658074095,Estimación adecuada
Toa Alta,2015-2019,1,79.44012262836313,79.4048537651824,78.46555748878403,80.47687309329669,Estimación adecuada
Toa Alta,2015-2019,2,84.21287299648574,84.59888029659112,83.55119676855072,85.71044999933028,Estimación adecuada
Toa Alta,2020-2024,1,79.32715713141145,79.15510937507702,78.10401097186612,80.21916431013113,Estimación adecuada
Toa Alta,2020-2024,2,85.92609855770326,85.50500596524373,84.44003799703924,86.7016706427929,Estimación adecuada
Toa Baja,1980-1984,1,72.82833976912102,72.4259958671719,71.5039820970336,73.320003724342925,Estimación adecuada
Toa Baja,1980-1984,2,79.03893803233986,78.66796178102376,77.56718350049921,79.75287760267038,Estimación adecuada
Toa Baja,1985-1989,1,71.09171108702432,71.20918976084685,70.34998098120084,72.10560121299314,Estimación adecuada
Toa Baja,1985-1989,2,79.17713173148333,78.95245727398637,77.95335126989123,79.95986161858625,Estimación adecuada
Toa Baja,1990-1994,1,69.55070432606276,70.06467812246663,69.20149463391286,70.90068784713098,Estimación adecuada
Toa Baja,1990-1994,2,78.53439715581091,78.41318125529361,77.65388042678285,79.28182435522339,Estimación adecuada
Toa Baja,1995-1999,1,71.02389397781576,71.22815311321526,70.46983355661237,72.08850224461848,Estimación adecuada
Toa Baja,1995-1999,2,80.35817914633547,79.89864460245411,79.00495599299623,80.77923974682069,Estimación adecuada
Toa Baja,2000-2004,1,73.31307619356511,73.48706829333014,72.69554884648193,74.35207298232596,Estimación adecuada
Toa Baja,2000-2004,2,81.24641875534004,81.06317743135858,80.13546520051315,82.0255889340228,Estimación adecuada
Toa Baja,2005-2009,1,73.9336800218148,74.14795152728543,73.3046730724366,74.96338891610378,Estimación adecuada
Toa Baja,2005-2009,2,81.29185224186539,81.3193770534765,80.47870354678578,82.31746039315557,Estimación adecuada
Toa Baja,2010-2014,1,75.63234922554786,75.71567953020238,74.86502072937338,76.54017161722942,Estimación adecuada
Toa Baja,2010-2014,2,83.19276198853512,82.99922379326074,82.05756543265805,84.08700054317735,Estimación adecuada
Toa Baja,2015-2019,1,77.07964311762419,77.1231363391488,76.15313553239619,78.04029439557635,Estimación adecuada
Toa Baja,2015-2019,2,85.28768156374481,85.09401155712717,84.01673770457471,86.24349512496899,Estimación adecuada
Toa Baja,2020-2024,1,76.06866784040614,76.30585999121992,75.35834585302791,77.24949919568934,Estimación adecuada
Toa Baja,2020-2024,2,84.82502560819063,84.74072499074809,83.67694755423301,85.8515783367585,Estimación adecuada
Trujillo Alto,1980-1984,1,73.8807661516517,73.75253937622108,72.63761816933658,74.96832927393072,Estimación adecuada
Trujillo Alto,1980-1984,2,80.45848591811597,80.14944718643815,78.94267686962473,81.43744190540279,Estimación adecuada
Trujillo Alto,1985-1989,1,72.91759611684925,73.0125409978962,71.96643338227592,74.12481309118343,Estimación adecuada
Trujillo Alto,1985-1989,2,81.01563083839561,80.64908792044429,79.4875804013252,81.97030460460012,Estimación adecuada
Trujillo Alto,1990-1994,1,72.6023641348921,72.77611945043128,71.7779023170156,73.91430344708513,Estimación adecuada
Trujillo Alto,1990-1994,2,79.85175886432305,79.91461698873995,78.90724628110605,81.04626147439919,Estimación adecuada
Trujillo Alto,1995-1999,1,72.41162116159781,72.74733227751216,71.86825450321477,73.57291118614208,Estimación adecuada
Trujillo Alto,1995-1999,2,81.1916262293003,80.85643231112903,79.78287801471254,81.96775385087572,Estimación adecuada
Trujillo Alto,2000-2004,1,74.68446388601944,74.9180455060032,74.06125197793504,75.7476480292616,Estimación adecuada
Trujillo Alto,2000-2004,2,83.4119498728227,83.23832655516004,82.12238296548834,84.57912312093603,Estimación adecuada
Trujillo Alto,2005-2009,1,75.81610434260868,75.95345218624001,75.10958625200819,76.92211806635402,Estimación adecuada
Trujillo Alto,2005-2009,2,83.8431669852254,83.56051632949968,82.46251216050324,84.69741259677023,Estimación adecuada
Trujillo Alto,2010-2014,1,77.889796508644,77.8277012914622,76.91708543421677,78.8531435766995,Estimación adecuada
Trujillo Alto,2010-2014,2,85.28937280458358,85.04127741216014,83.98452975800583,86.23147040841951,Estimación adecuada
Trujillo Alto,2015-2019,1,79.537282331135,79.43225651819321,78.4334509881156,80.51469049489536,Estimación adecuada
Trujillo Alto,2015-2019,2,86.3543330403018,86.27978825429344,85.11350139787606,87.59021615074236,Estimación adecuada
Trujillo Alto,2020-2024,1,78.39208683519212,78.57751497840852,77.59747399293812,79.52703652364984,Estimación adecuada
Trujillo Alto,2020-2024,2,86.16954614436374,85.86300200323367,84.85614799339692,87.07699109838282,Estimación adecuada
Utuado,1980-1984,1,72.77455758364391,72.82935487320944,71.75786273389689,73.84015380060328,Estimación adecuada
Utuado,1980-1984,2,78.22725510627387,78.37361624763726,77.27558767497709,79.44932954315674,Estimación adecuada
Utuado,1985-1989,1,72.49241351300115,72.40144851278856,71.40086498204603,73.46738957948254,Estimación adecuada
Utuado,1985-1989,2,78.55971933281447,78.56987770102512,77.6688144502981,79.64676985926573,Estimación adecuada
Utuado,1990-1994,1,73.58027996114915,72.8179737810095,71.80950989104326,73.95181536837107,Estimación adecuada
Utuado,1990-1994,2,79.15999314000904,78.99428288854602,78.00222111638875,80.10399805888726,Estimación adecuada
Utuado,1995-1999,1,73.56681994998526,72.72337173218516,71.73760878570313,73.69175256661589,Estimación adecuada
Utuado,1995-1999,2,79.75811291705192,79.58852753523217,78.4216377070232,80.74574777954346,Estimación adecuada
Utuado,2000-2004,1,75.66609210920784,74.80323259462605,73.84292355025772,75.8043182310274,Estimación adecuada
Utuado,2000-2004,2,80.85296661933371,81.18116472534203,80.01313292306898,82.39037070504563,Estimación adecuada
Utuado,2005-2009,1,74.96306439444312,75.01159428515174,74.0449405781329,76.06529545253653,Estimación adecuada
Utuado,2005-2009,2,81.95177865789456,82.24292019041272,81.06488808128006,83.6399347446042,Estimación adecuada
Utuado,2010-2014,1,76.45438665507135,76.01733673219405,75.00635199960682,77.05002241252109,Estimación adecuada
Utuado,2010-2014,2,83.96232047500072,83.62820762010207,82.35517704913437,85.15161426944978,Estimación adecuada
Utuado,2015-2019,1,79.0189703608258,78.7839846817428,77.65380859054363,80.06697049913797,Estimación adecuada
Utuado,2015-2019,2,85.51187374131841,85.24396419627959,83.95224308790867,86.80145828830712,Estimación adecuada
Utuado,2020-2024,1,80.22889535833663,79.02971044318305,77.78469727088272,80.3168668335736,Estimación adecuada
Utuado,2020-2024,2,86.24989014279643,85.50331015550682,84.09145904776697,87.0874149467775,Estimación adecuada
Vega Alta,1980-1984,1,73.54933326191107,72.97319148417068,71.83060081715395,74.22567739516913,Estimación adecuada
Vega Alta,1980-1984,2,78.25469326095433,78.60719101850574,77.32615514968626,80.05350536604237,Estimación adecuada
Vega Alta,1985-1989,1,72.05535344696614,72.25216934867632,71.17393711372969,73.4597185322116,Estimación adecuada
Vega Alta,1985-1989,2,78.15985935324002,78.37495337813763,77.28941951209437,79.62983784898606,Estimación adecuada
Vega Alta,1990-1994,1,70.24052329679132,70.83291088896559,69.83111521056962,71.81020082392585,Estimación adecuada
Vega Alta,1990-1994,2,79.51462054686013,79.53445036530536,78.33641329275979,80.7404600371663,Estimación adecuada
Vega Alta,1995-1999,1,71.54816531304111,71.84830846996823,70.83902776376576,72.79144826655626,Estimación adecuada
Vega Alta,1995-1999,2,79.34051049480365,79.50823100037594,78.277853949254,80.65414444417785,Estimación adecuada
Vega Alta,2000-2004,1,74.10875011525926,74.09024321631145,72.93757939596489,75.22349325297758,Estimación adecuada
Vega Alta,2000-2004,2,81.98636550598056,81.74517510825139,80.46680926932018,83.13247024251343,Estimación adecuada
Vega Alta,2005-2009,1,74.49742104581102,74.83115415767969,73.78089088354683,75.9183969767958,Estimación adecuada
Vega Alta,2005-2009,2,82.79578771576239,82.47331660225063,81.29448539276972,83.90473468814811,Estimación adecuada
Vega Alta,2010-2014,1,76.95585105473053,76.69797877955176,75.69614951488452,77.75637947263812,Estimación adecuada
Vega Alta,2010-2014,2,84.70771205138387,84.20398392350971,82.81675211308382,85.70957225875527,Estimación adecuada
Vega Alta,2015-2019,1,79.09002086085074,78.53222953441635,77.45243849727483,79.73430237811834,Estimación adecuada
Vega Alta,2015-2019,2,84.7802332145895,84.82648541941714,83.49281361659422,86.27371433786335,Estimación adecuada
Vega Alta,2020-2024,1,79.13203080104807,78.71172644295436,77.44999833555528,80.03033182788805,Estimación adecuada
Vega Alta,2020-2024,2,86.55489338482076,85.82161836280397,84.55126756632194,87.4423391643735,Estimación adecuada
Vega Baja,1980-1984,1,72.17472574689376,71.887349762751,70.89832840446303,72.88026415574772,Estimación adecuada
Vega Baja,1980-1984,2,77.45599694070792,77.3185089020028,76.28872582029891,78.30333165685322,Estimación adecuada
Vega Baja,1985-1989,1,71.32919645334727,71.305423651311,70.31485694017823,72.31072334386252,Estimación adecuada
Vega Baja,1985-1989,2,78.37255208308184,78.32090800849406,77.2677435882374,79.37123765525007,Estimación adecuada
Vega Baja,1990-1994,1,69.34239102427848,69.7293267844172,68.79651780542832,70.61786701229866,Estimación adecuada
Vega Baja,1990-1994,2,79.81712853025799,79.4552143374522,78.40102232105127,80.62429737974662,Estimación adecuada
Vega Baja,1995-1999,1,69.8012992855458,70.1682290754189,69.31260512733166,71.02034646841861,Estimación adecuada
Vega Baja,1995-1999,2,78.73855584436626,78.50140909424252,77.60267376833626,79.50957303423719,Estimación adecuada
Vega Baja,2000-2004,1,71.71281396652604,72.11450003331369,71.24407897276716,73.04170489280166,Estimación adecuada
Vega Baja,2000-2004,2,80.83940501884719,80.42584049124574,79.44445368342423,81.48473208049835,Estimación adecuada
Vega Baja,2005-2009,1,73.49107576558887,73.7474082930724,72.83535120949773,74.63378117420181,Estimación adecuada
Vega Baja,2005-2009,2,81.56225378359265,81.363986734655,80.37322811736038,82.38934452470544,Estimación adecuada
Vega Baja,2010-2014,1,75.67293352681041,75.66543985681028,74.76199356066637,76.54281711436971,Estimación adecuada
Vega Baja,2010-2014,2,82.83225536608914,82.51908732398832,81.46583976906552,83.70312330627202,Estimación adecuada
Vega Baja,2015-2019,1,77.17186219895376,76.94954948418435,76.0034570905001,77.84993556231622,Estimación adecuada
Vega Baja,2015-2019,2,85.55300741129905,85.14453515789782,83.90985395299256,86.40133324423383,Estimación adecuada
Vega Baja,2020-2024,1,76.13430187062423,76.56386459579599,75.60919181400703,77.6031495599454,Estimación adecuada
Vega Baja,2020-2024,2,85.01178406884421,84.40642109439412,83.26852715182106,85.61400526257664,Estimación adecuada
Vieques,1980-1984,1,68.44199950691873,69.36638398059164,67.87562202881834,70.80740648823942,Estimación adecuada
Vieques,1980-1984,2,79.82881030409467,77.28560470110847,75.80039397370494,79.0513606774468,< e0 observado
Vieques,1985-1989,1,68.91887213110078,69.20344294061306,67.84934294407408,70.50633070682235,Estimación adecuada
Vieques,1985-1989,2,76.64055553721266,77.12331167486681,75.60046903025612,78.84976680030117,Estimación adecuada
Vieques,1990-1994,1,70.56388701195752,69.75173193641575,68.25194457609928,71.27915028410844,Estimación adecuada
Vieques,1990-1994,2,75.61141239304689,76.75980682151659,75.28574680375782,78.4059643328547,Estimación adecuada
Vieques,1995-1999,1,67.16615206454739,68.80070077124621,67.33842611130439,70.08030802392268,> e0 observado
Vieques,1995-1999,2,77.66760098100364,78.09287754531883,76.59693831634706,79.71462502575847,Estimación adecuada
Vieques,2000-2004,1,71.06219249587082,71.633880509102,70.2848529703454,72.99413543575608,Estimación adecuada
Vieques,2000-2004,2,79.94564055883936,79.83413808416668,78.24425773336385,81.59943585162118,Estimación adecuada
Vieques,2005-2009,1,71.86562241202772,72.76154856257878,71.30729111942694,74.23115938265697,Estimación adecuada
Vieques,2005-2009,2,82.16621766240259,81.2202183050876,79.69724949998623,83.04838069453687,Estimación adecuada
Vieques,2010-2014,1,72.38693885614644,74.49791646637269,72.95259236401284,76.09503542874258,> e0 observado
Vieques,2010-2014,2,82.20083674525317,82.14698922670809,80.39183703733522,84.30839886321084,Estimación adecuada
Vieques,2015-2019,1,75.4877148620582,76.09641113754859,74.39297451559084,77.85209816097944,Estimación adecuada
Vieques,2015-2019,2,85.60400958844576,84.03962295697713,82.13741682628445,86.48114594097764,Estimación adecuada
Vieques,2020-2024,1,70.30670126441386,75.14668925713131,73.66466923999917,76.94851737895551,> e0 observado
Vieques,2020-2024,2,82.77316856062777,82.70562839306194,81.0043313444192,84.82564118100377,Estimación adecuada
Villalba,1980-1984,1,71.31481633801816,71.70200591280343,70.57302384574668,72.92955340286167,Estimación adecuada
Villalba,1980-1984,2,77.35744616187002,78.28602093491264,76.7458888204911,79.77047595548927,Estimación adecuada
Villalba,1985-1989,1,70.68122989411242,71.24907336088548,70.11484039205033,72.3961075162241,Estimación adecuada
Villalba,1985-1989,2,78.13907330956458,78.51355347162422,77.21010637984823,80.01160621799242,Estimación adecuada
Villalba,1990-1994,1,72.3498469286644,71.64676661169912,70.4943741124977,72.72169869618358,Estimación adecuada
Villalba,1990-1994,2,79.32972359168376,79.04007533818528,77.72736539126072,80.48071286823205,Estimación adecuada
Villalba,1995-1999,1,74.12665072351581,72.76649848723565,71.6818198251988,73.89746809239975,< e0 observado
Villalba,1995-1999,2,79.94095261032771,79.73011433339957,78.47018595186685,81.11348895974591,Estimación adecuada
Villalba,2000-2004,1,75.2458813820371,74.65100539329774,73.51908664437511,75.8795386696972,Estimación adecuada
Villalba,2000-2004,2,81.24189158745828,80.94713424964712,79.65089656870475,82.41025435973559,Estimación adecuada
Villalba,2005-2009,1,75.22194783512566,75.11714625129231,74.03985832344173,76.32567310628669,Estimación adecuada
Villalba,2005-2009,2,82.36798582170398,82.2852021271417,80.91114015041265,83.81682402228844,Estimación adecuada
Villalba,2010-2014,1,77.83837610400042,76.80424992900254,75.61948846821498,78.1840086700708,Estimación adecuada
Villalba,2010-2014,2,82.3810963362545,82.73021009764815,81.54730368242373,84.21129842476526,Estimación adecuada
Villalba,2015-2019,1,77.83504649286684,77.60065422131561,76.32602665888882,78.90845082336564,Estimación adecuada
Villalba,2015-2019,2,84.05820533092681,84.32766010321231,82.96769553088846,85.89111532172153,Estimación adecuada
Villalba,2020-2024,1,77.24232552482837,77.1795703241252,75.96331405268575,78.36647819292631,Estimación adecuada
Villalba,2020-2024,2,85.36972299365041,85.39898055681019,83.91946540444245,87.1201283228899,Estimación adecuada
Yabucoa,1980-1984,1,71.13885114874819,71.37171877897927,70.20266751794829,72.49417405079133,Estimación adecuada
Yabucoa,1980-1984,2,77.69784172893796,77.86572926009539,76.65246927637192,78.96918478207972,Estimación adecuada
Yabucoa,1985-1989,1,71.6497165141789,71.714834619031,70.6167640001777,72.90334662522346,Estimación adecuada
Yabucoa,1985-1989,2,78.71247157491744,78.55474353608963,77.37890831230513,79.85882454624544,Estimación adecuada
Yabucoa,1990-1994,1,72.18368470754864,71.78996027312715,70.86072497344918,72.83554084252627,Estimación adecuada
Yabucoa,1990-1994,2,78.6558218625879,78.688924421282735,77.59711972972043,79.83372282933904,Estimación adecuada
Yabucoa,1995-1999,1,70.61759581589234,71.05180531532599,70.05318144315183,71.95017954296692,Estimación adecuada
Yabucoa,1995-1999,2,79.25053941807833,79.1943924540403,78.12536314171652,80.22864886391008,Estimación adecuada
Yabucoa,2000-2004,1,74.67500524731325,74.38212803883778,73.34491912664646,75.48362035370178,Estimación adecuada
Yabucoa,2000-2004,2,81.74191284227646,81.57306680111472,80.34572213111097,82.98362007015851,Estimación adecuada
Yabucoa,2005-2009,1,74.52109913218256,74.71752137888413,73.73306173989177,75.7274633288342,Estimación adecuada
Yabucoa,2005-2009,2,83.07308125246723,82.78107890970458,81.62586732568592,84.18184837540372,Estimación adecuada
Yabucoa,2010-2014,1,75.57434879024865,76.10094329030262,75.09879227595115,77.13531558407104,Estimación adecuada
Yabucoa,2010-2014,2,82.0382545268585,82.56043582873258,81.46489728562845,83.8464796610928,Estimación adecuada
Yabucoa,2015-2019,1,77.58753133123862,78.06293350792546,76.87979973518237,79.24345262413466,Estimación adecuada
Yabucoa,2015-2019,2,86.12656995324338,85.698793821121,84.29983051720535,87.22453131072119,Estimación adecuada
Yabucoa,2020-2024,1,75.78194920338817,77.11937357565964,76.02281675445104,78.2577220331115,> e0 observado
Yabucoa,2020-2024,2,85.25611674355478,84.93055495357763,83.68823970917971,86.26451641118933,Estimación adecuada
Yauco,1980-1984,1,71.51456720078431,71.09701093594478,70.0830840392976,72.12545746635121,Estimación adecuada
Yauco,1980-1984,2,77.4589640282646,77.53913540304521,76.43716365770254,78.69315011770166,Estimación adecuada
Yauco,1985-1989,1,69.95040254168731,70.22069640908151,69.30061350979311,71.19476584819914,Estimación adecuada
Yauco,1985-1989,2,77.60208552265918,77.50276746801464,76.46779204811808,78.58573176856255,Estimación adecuada
Yauco,1990-1994,1,71.7335324052013,71.19587158613498,70.25492658240739,72.13718770832324,Estimación adecuada
Yauco,1990-1994,2,78.49054698828598,78.23880213737468,77.2506864365419,79.30774853162417,Estimación adecuada
Yauco,1995-1999,1,72.03051290197794,71.51317947531649,70.60411800483944,72.37335416658955,Estimación adecuada
Yauco,1995-1999,2,79.29391771380651,78.78952064548717,77.85543926312417,79.84692227912149,Estimación adecuada
Yauco,2000-2004,1,72.97803149863371,73.02282312402235,72.06640068056079,73.93598983932904,Estimación adecuada
Yauco,2000-2004,2,79.24854846213277,79.45425495700414,78.46109242245818,80.46910509366822,Estimación adecuada
Yauco,2005-2009,1,73.24138587908658,73.62500984860043,72.61528827376215,74.55848583899662,Estimación adecuada
Yauco,2005-2009,2,80.5594161821005,80.71826956094753,79.64903161408277,81.83482862981707,Estimación adecuada
Yauco,2010-2014,1,75.5788771965351,75.53093103734048,74.49167386332836,76.5079497159101,Estimación adecuada
Yauco,2010-2014,2,81.76032266455593,81.9253498252069,80.97665830261639,82.98856597463586,Estimación adecuada
Yauco,2015-2019,1,77.43223226793361,77.23966953561978,76.18023760548104,78.2936715487927,Estimación adecuada
Yauco,2015-2019,2,82.51620418595085,83.25346866849813,82.17140289243474,84.50458102963518,Estimación adecuada
Yauco,2020-2024,1,75.94482006846162,76.2913806627478,75.26816652647884,77.31101346613424,Estimación adecuada
Yauco,2020-2024,2,83.86986937855978,83.4052504808588,82.3000592461415,84.61959895098454,Estimación adecuada
