region,period,sex,e0_observado,e0_estimado,e0_lower,e0_upper,est_eval
Adjuntas,1980-1984,1,72.51269029790603,72.12677620211136,70.8857834381544,73.27792117020722,Estimación adecuada
Adjuntas,1980-1984,2,78.2101193417503,78.08017329673115,76.8553622706712,79.692834954012,Estimación adecuada
Adjuntas,1985-1989,1,70.2677069043191,71.15928249106616,69.86351718592155,72.37370568705053,Estimación adecuada
Adjuntas,1985-1989,2,77.91547300424594,78.04028130835727,76.81797796459918,79.43336022533498,Estimación adecuada
Adjuntas,1990-1994,1,70.85695498452985,70.98226208702107,69.92091348038144,72.1900388222865,Estimación adecuada
Adjuntas,1990-1994,2,77.35962004496703,77.9509395022923,76.81856979461455,79.31331583048019,Estimación adecuada
Adjuntas,1995-1999,1,70.83267942470557,71.355336140656,70.13810323852265,72.4534640256798,Estimación adecuada
Adjuntas,1995-1999,2,78.44774596592244,78.54272283549861,77.3955945903187,79.84179575934863,Estimación adecuada
Adjuntas,2000-2004,1,73.94792765703392,73.64172813912135,72.61969211599738,74.74290700057283,Estimación adecuada
Adjuntas,2000-2004,2,79.44020804972338,79.67022224879867,78.48883863133229,80.80730275525147,Estimación adecuada
Adjuntas,2005-2009,1,77.09251727217094,75.92086827926761,74.68466294878542,77.1898563907686,Estimación adecuada
Adjuntas,2005-2009,2,81.69223386716965,81.43837424891984,80.14797714698724,82.98028813575563,Estimación adecuada
Adjuntas,2010-2014,1,77.67516626160003,76.47362982088767,75.38030843804054,77.65410487572895,< e0 observado
Adjuntas,2010-2014,2,83.20402591549134,82.4675042116618,80.94377555414971,84.26887524513563,Estimación adecuada
Adjuntas,2015-2019,1,77.04699323412711,77.37346205704986,76.2957770445556,78.75121286302533,Estimación adecuada
Adjuntas,2015-2019,2,84.68545562552767,84.4839480075972,82.7392168484009,86.29406180588117,Estimación adecuada
Adjuntas,2020-2024,1,80.12391567130251,79.0068487119527,77.6980025087209,80.33198069664338,Estimación adecuada
Adjuntas,2020-2024,2,86.5227372965987,85.29367807711398,83.34729228430818,87.38176543914929,Estimación adecuada
Aguada,1980-1984,1,73.120010273859,72.85473543003799,71.7712793072061,74.02585082564585,Estimación adecuada
Aguada,1980-1984,2,76.20354532694753,77.15632259383408,75.98523277562781,78.37857991942653,Estimación adecuada
Aguada,1985-1989,1,72.90269999648287,72.63872258548022,71.6610575104553,73.61417209249149,Estimación adecuada
Aguada,1985-1989,2,77.68651169144245,77.90290523125272,76.90701683275181,78.95956755628637,Estimación adecuada
Aguada,1990-1994,1,72.77805794900048,72.47344895534982,71.43182693909088,73.42957338182737,Estimación adecuada
Aguada,1990-1994,2,79.35722543943459,78.91674328571469,77.8436964566906,80.07217301387924,Estimación adecuada
Aguada,1995-1999,1,72.94416313008566,72.57320347425356,71.6121479628325,73.53057707450827,Estimación adecuada
Aguada,1995-1999,2,78.45683322755809,78.44211119804083,77.48831337140732,79.39747449378079,Estimación adecuada
Aguada,2000-2004,1,75.7800112003685,75.11354623533535,74.09786435084425,76.12179359825664,Estimación adecuada
Aguada,2000-2004,2,80.19644183002846,80.12194420859878,79.18257013921375,81.01241670034237,Estimación adecuada
Aguada,2005-2009,1,77.48374625575009,76.53245872655144,75.56846558668688,77.57783372809753,Estimación adecuada
Aguada,2005-2009,2,80.9534828393864,80.7571550690882,79.71539723099352,81.84431366715005,Estimación adecuada
Aguada,2010-2014,1,76.59812093870771,76.29762472214256,75.36667809518774,77.29905713113371,Estimación adecuada
Aguada,2010-2014,2,83.10600780425268,82.66774410868214,81.50769762453892,84.0561655147115,Estimación adecuada
Aguada,2015-2019,1,79.96553346579937,78.8398252508192,77.82375760076846,79.88565841621353,< e0 observado
Aguada,2015-2019,2,84.66417403727226,84.32168838006933,83.19755004947325,85.55217500933695,Estimación adecuada
Aguada,2020-2024,1,77.75836862830697,77.30197614901206,76.33078889537201,78.38759823504884,Estimación adecuada
Aguada,2020-2024,2,83.72901764066958,83.78401605056953,82.70863444614186,84.87946394050964,Estimación adecuada
Aguadilla,1980-1984,1,70.95884084722844,71.03433030457188,70.13305060083901,71.87254335408514,Estimación adecuada
Aguadilla,1980-1984,2,76.7188921768739,76.58268263343473,75.79046747437823,77.5150213924853,Estimación adecuada
Aguadilla,1985-1989,1,70.48420974307471,70.55493171469512,69.7401062834955,71.37669915784053,Estimación adecuada
Aguadilla,1985-1989,2,77.50327833438574,77.31304782597704,76.51799962439574,78.13241578253573,Estimación adecuada
Aguadilla,1990-1994,1,70.51510994152571,70.46467346232637,69.6348236904531,71.21710492773886,Estimación adecuada
Aguadilla,1990-1994,2,77.65732596138639,77.404508031481285,76.58027815119574,78.23667586781289,Estimación adecuada
Aguadilla,1995-1999,1,70.58423839284251,70.55383218598186,69.79035459175427,71.25908533844178,Estimación adecuada
Aguadilla,1995-1999,2,77.95653646628186,77.72407816671051,76.96295595179743,78.53511274464783,Estimación adecuada
Aguadilla,2000-2004,1,73.4181135564801,72.9361809600098,72.22020390725379,73.65087793284451,Estimación adecuada
Aguadilla,2000-2004,2,80.15758014738567,79.51265402580798,78.70434429683951,80.33995836574283,Estimación adecuada
Aguadilla,2005-2009,1,73.98068583401596,73.70778102016516,73.0143775807982,74.51491544762446,Estimación adecuada
Aguadilla,2005-2009,2,81.08936459715491,80.57017044785276,79.77185469691142,81.35137005802859,Estimación adecuada
Aguadilla,2010-2014,1,75.50470962199762,75.05717728674827,74.20026721222438,75.9249109124614,Estimación adecuada
Aguadilla,2010-2014,2,80.98964097309457,80.82359516619206,79.99423888155138,81.70124779204673,Estimación adecuada
Aguadilla,2015-2019,1,77.33135521394087,76.61842799004052,75.56988130013893,77.54087999616733,Estimación adecuada
Aguadilla,2015-2019,2,81.3169961510963,81.91698659733375,81.02642601890892,83.02274371078663,Estimación adecuada
Aguadilla,2020-2024,1,75.66278987666536,75.70520084489004,74.83487170163578,76.62084016725966,Estimación adecuada
Aguadilla,2020-2024,2,82.09238010872008,82.24468750646201,81.34336373822877,83.23193516079391,Estimación adecuada
Aguas Buenas,1980-1984,1,70.99580154525259,71.51455283948853,70.33118058851363,72.75987181792769,Estimación adecuada
Aguas Buenas,1980-1984,2,79.15904424396672,78.565692495496,77.31285402553857,80.00218233172846,Estimación adecuada
Aguas Buenas,1985-1989,1,71.72900956041475,71.87828372271692,70.69253519129875,73.05013824998191,Estimación adecuada
Aguas Buenas,1985-1989,2,78.66388527255104,78.60905836689442,77.36329693706975,80.04390947679862,Estimación adecuada
Aguas Buenas,1990-1994,1,71.93082066251806,71.83096383807757,70.71862199298992,72.92619218012288,Estimación adecuada
Aguas Buenas,1990-1994,2,82.10780346067546,80.66696346805858,79.23831333712221,82.25886152743391,Estimación adecuada
Aguas Buenas,1995-1999,1,71.75286233024394,71.90743179074316,70.87972689578305,72.9480307551825,Estimación adecuada
Aguas Buenas,1995-1999,2,78.90386616723134,78.69515174045883,77.58068333615437,79.81808716820863,Estimación adecuada
Aguas Buenas,2000-2004,1,73.92905810140495,73.92729696232279,72.91801702156793,75.04186980226531,Estimación adecuada
Aguas Buenas,2000-2004,2,81.3618680360876,80.96064863204185,79.6016752337456,82.2674806715526,Estimación adecuada
Aguas Buenas,2005-2009,1,73.80425502542002,74.4224990776822,73.33988630237077,75.59408790530364,Estimación adecuada
Aguas Buenas,2005-2009,2,81.55088975383423,81.70990033486504,80.2915787838392,83.64890987768104,Estimación adecuada
Aguas Buenas,2010-2014,1,75.72897339498142,76.42776884325386,75.28417186092152,77.91568120724929,Estimación adecuada
Aguas Buenas,2010-2014,2,82.05502605937657,82.26558236960821,81.16173062733336,83.7728171036759,Estimación adecuada
Aguas Buenas,2015-2019,1,76.34960994638462,77.19833502933102,75.81172740901101,78.5172588761361,Estimación adecuada
Aguas Buenas,2015-2019,2,84.93687108047853,84.37211447633646,82.83463777140753,86.16623303221981,Estimación adecuada
Aguas Buenas,2020-2024,1,76.32018067911021,77.06167609083329,75.78765597927233,78.46618817806085,Estimación adecuada
Aguas Buenas,2020-2024,2,82.64996345629068,82.79284743924474,81.60621901772411,84.67065599888066,Estimación adecuada
Aibonito,1980-1984,1,70.92302202773264,71.33243931509162,70.14620300302806,72.56779712736207,Estimación adecuada
Aibonito,1980-1984,2,78.28376307969356,78.25866439123891,77.03834952588772,79.59424770356607,Estimación adecuada
Aibonito,1985-1989,1,70.64388477229156,71.0354158236271,69.90102766106192,72.18113502490004,Estimación adecuada
Aibonito,1985-1989,2,79.69293160098329,79.2245979168697,77.89779304606633,80.72987357860636,Estimación adecuada
Aibonito,1990-1994,1,72.73471578588776,72.20879396647616,71.11240672795994,73.25484039992038,Estimación adecuada
Aibonito,1990-1994,2,79.06950883138201,78.65442032472933,77.45727719138091,79.85358513911844,Estimación adecuada
Aibonito,1995-1999,1,72.69377210597528,72.1133896811341,70.99257627916263,73.21204969125831,Estimación adecuada
Aibonito,1995-1999,2,79.41968372022595,79.09212005603436,78.08351759874151,80.17928929381264,Estimación adecuada
Aibonito,2000-2004,1,74.2709362593125,73.87696781157189,72.91277923533531,74.95924790813999,Estimación adecuada
Aibonito,2000-2004,2,79.47516076746945,79.62960624057223,78.55872518178559,80.63666302390868,Estimación adecuada
Aibonito,2005-2009,1,73.99956929332609,74.25148044161628,73.27020609896076,75.49958704799964,Estimación adecuada
Aibonito,2005-2009,2,80.34032284059623,80.25617728485808,79.20216959720051,81.37547115556926,Estimación adecuada
Aibonito,2010-2014,1,73.72559398578066,75.09641269731227,73.95575456177427,76.20966555367205,> e0 observado
Aibonito,2010-2014,2,81.92204871233069,81.87668381643999,80.6999892667568,83.30080949537295,Estimación adecuada
Aibonito,2015-2019,1,75.6984088179549,76.59018372567206,75.53499391999881,77.77413896246523,Estimación adecuada
Aibonito,2015-2019,2,83.09178769063176,83.35202079929623,81.95792413695183,84.89189863715319,Estimación adecuada
Aibonito,2020-2024,1,79.34137072067269,78.61700340751881,77.13520844242377,79.96946879194769,Estimación adecuada
Aibonito,2020-2024,2,84.10585577180431,84.2495495176199,82.9284307194231,85.95505672470603,Estimación adecuada
Anasco,1980-1984,1,71.90999292558519,71.4699627606818,70.35969614385372,72.62217553409742,Estimación adecuada
Anasco,1980-1984,2,76.21308362503933,76.3792134849505,75.26228540151601,77.61343834661714,Estimación adecuada
Anasco,1985-1989,1,70.96634230802779,70.97269853173316,69.91097787404833,72.11705087859868,Estimación adecuada
Anasco,1985-1989,2,75.78303525132654,76.46906502359377,75.36924010301779,77.83923164883367,Estimación adecuada
Anasco,1990-1994,1,69.50129328584123,70.24650554949878,69.13559626615881,71.26436564148705,Estimación adecuada
Anasco,1990-1994,2,76.70314389762645,76.96712239090147,76.03051797512192,78.04660398349012,Estimación adecuada
Anasco,1995-1999,1,71.80698064201218,71.2696830710627,70.26073526993622,72.24610109387086,Estimación adecuada
Anasco,1995-1999,2,77.61645357114683,77.46776442362473,76.49343942309518,78.451024612728,Estimación adecuada
Anasco,2000-2004,1,74.01795347859431,73.55808057074529,72.58200602224126,74.58094283962258,Estimación adecuada
Anasco,2000-2004,2,80.53717726083285,80.12110402284671,78.93607788513643,81.30102835081931,Estimación adecuada
Anasco,2005-2009,1,75.80105889366557,74.93696183726422,74.0035055725278,76.01215156957316,Estimación adecuada
Anasco,2005-2009,2,81.9357761023257,81.12984979974381,79.90095873397155,82.57287265202947,Estimación adecuada
Anasco,2010-2014,1,75.59014039239504,75.23830143913456,74.187545122412,76.34045005250572,Estimación adecuada
Anasco,2010-2014,2,81.24760300956439,81.18540293054721,80.0415220511605,82.65128658772392,Estimación adecuada
Anasco,2015-2019,1,76.30028034878524,76.08734705894962,75.06747346769947,77.08227257523201,Estimación adecuada
Anasco,2015-2019,2,83.89213826202158,83.40984622664432,81.84334478117827,85.13053344768353,Estimación adecuada
Anasco,2020-2024,1,77.07112774631669,77.14439865887222,75.99121386622751,78.24527242665195,Estimación adecuada
Anasco,2020-2024,2,81.59049660283156,82.53365787620905,81.16332340363999,84.13563897955508,Estimación adecuada
Arecibo,1980-1984,1,70.842372512161,70.8304374796048,70.19451441850742,71.51324266230368,Estimación adecuada
Arecibo,1980-1984,2,77.38113892711432,77.07117683066498,76.33264097893763,77.79905165956627,Estimación adecuada
Arecibo,1985-1989,1,70.23773871199319,70.33643458617348,69.60320868430507,70.978947379566,Estimación adecuada
Arecibo,1985-1989,2,76.9960123212811,76.99933714302071,76.36357713080861,77.60441739838926,Estimación adecuada
Arecibo,1990-1994,1,70.69316092492721,70.59717911244707,69.96801882348717,71.27896603376787,Estimación adecuada
Arecibo,1990-1994,2,77.70258525152911,77.68249893392108,77.01944673601517,78.37592173132063,Estimación adecuada
Arecibo,1995-1999,1,70.35540439876785,70.33027414553027,69.69163782006395,70.90943350603153,Estimación adecuada
Arecibo,1995-1999,2,77.59796423737026,77.52642048097745,76.97815139222575,78.07986502821058,Estimación adecuada
Arecibo,2000-2004,1,73.31758829669826,73.02454584936677,72.47771606135738,73.66451206112379,Estimación adecuada
Arecibo,2000-2004,2,79.49259920194316,79.19193432702222,78.54887305160513,79.94101433319994,Estimación adecuada
Arecibo,2005-2009,1,73.62513111090195,73.56490019856858,72.97449813119984,74.23401418959659,Estimación adecuada
Arecibo,2005-2009,2,80.54366655745036,80.16542204356452,79.48416418458994,80.8199168117864,Estimación adecuada
Arecibo,2010-2014,1,75.42943859766422,75.2650398249844,74.61620608647577,75.91380972777708,Estimación adecuada
Arecibo,2010-2014,2,81.07674221300232,80.78306726033347,80.10105566029661,81.45167671716244,Estimación adecuada
Arecibo,2015-2019,1,76.84660731239056,76.69701676238222,75.92423334222613,77.47427849743505,Estimación adecuada
Arecibo,2015-2019,2,83.79429969339836,83.43325398455039,82.54620247391561,84.37991961351919,Estimación adecuada
Arecibo,2020-2024,1,76.82730664636053,76.5900184756057,75.78991193836397,77.29290321850053,Estimación adecuada
Arecibo,2020-2024,2,82.61066675379026,82.34418151115509,81.676616838314,83.09561509594772,Estimación adecuada
Arroyo,1980-1984,1,68.91734708373541,69.55373923142241,68.23025753947962,70.88228970744038,Estimación adecuada
Arroyo,1980-1984,2,77.56183005270424,77.07077571497129,75.74940702016086,78.547404698003,Estimación adecuada
Arroyo,1985-1989,1,68.93267774853598,69.38029529303103,68.19447110174202,70.59520060701348,Estimación adecuada
Arroyo,1985-1989,2,75.75001067046543,76.07324690322504,74.948917343725455,77.28659954764979,Estimación adecuada
Arroyo,1990-1994,1,69.26032256799066,69.6378320478526,68.30709110745634,70.77217416092702,Estimación adecuada
Arroyo,1990-1994,2,77.85954352012635,77.37119114217975,76.13643118314934,78.84116823017087,Estimación adecuada
Arroyo,1995-1999,1,69.0002155037772,69.7000873045524,68.56602783148122,70.75660410823447,Estimación adecuada
Arroyo,1995-1999,2,77.54342135094667,77.07151720419675,76.1081544717905,78.1427057640285,Estimación adecuada
Arroyo,2000-2004,1,71.91237675758542,72.08108550193782,70.98069770731784,73.10821303224161,Estimación adecuada
Arroyo,2000-2004,2,79.32544722810066,79.17456468902799,77.90953911954267,80.52167480441446,Estimación adecuada
Arroyo,2005-2009,1,72.55775057229343,72.92539515937167,71.76241032658173,74.17541804291737,Estimación adecuada
Arroyo,2005-2009,2,80.47487559331147,79.97978046887522,78.81884421386127,81.31847112068246,Estimación adecuada
Arroyo,2010-2014,1,73.73730191702366,74.18930098655265,73.05089075495012,75.43082473710005,Estimación adecuada
Arroyo,2010-2014,2,82.43508899965472,81.66876441044508,80.16071192852675,83.2650499141332,Estimación adecuada
Arroyo,2015-2019,1,74.76651443579867,75.8824798925371,74.76923945308559,77.15982063524085,> e0 observado
Arroyo,2015-2019,2,82.63865184733875,82.7603416253103,81.23504594458846,84.54312617897193,Estimación adecuada
Arroyo,2020-2024,1,76.48283324221686,76.2095114342757,74.7750652997529,77.73089602632969,Estimación adecuada
Arroyo,2020-2024,2,81.38708119264585,82.20287077534081,80.72804645125784,83.80219703536893,Estimación adecuada
Barceloneta,1980-1984,1,69.06744396746676,70.24346531712371,68.97485094828865,71.39457737408553,Estimación adecuada
Barceloneta,1980-1984,2,76.2339949015975,76.6452493679698,75.37788307853296,78.12184744496214,Estimación adecuada
Barceloneta,1985-1989,1,71.85109970536935,71.57956514097414,70.36226363473729,72.81778631928364,Estimación adecuada
Barceloneta,1985-1989,2,77.58614336696436,77.5954872358132,76.46852684746597,79.0358476907246,Estimación adecuada
Barceloneta,1990-1994,1,71.8145207494789,71.05756494956535,69.85064251781094,72.22422983472008,Estimación adecuada
Barceloneta,1990-1994,2,77.73630884019569,78.28716120027127,76.99596211881673,79.86522727043868,Estimación adecuada
Barceloneta,1995-1999,1,68.9633099756187,70.00221335228358,68.75743458264522,71.10520383607279,Estimación adecuada
Barceloneta,1995-1999,2,76.99665623162852,77.37239298398683,76.29255256156077,78.47511673058473,Estimación adecuada
Barceloneta,2000-2004,1,73.8911636500233,73.26650213593766,72.21549511640971,74.50679378778794,Estimación adecuada
Barceloneta,2000-2004,2,80.52435233882534,79.71709277313136,78.65760643047405,80.80505193795942,Estimación adecuada
Barceloneta,2005-2009,1,74.82201609170826,74.26495402126832,73.12387731940976,75.56533316635254,Estimación adecuada
Barceloneta,2005-2009,2,82.71511388296528,81.60199572950197,80.08691487140942,83.13525325729502,Estimación adecuada
Barceloneta,2010-2014,1,74.64962794944576,74.90391214412142,73.8866684343834,76.0455172279491,Estimación adecuada
Barceloneta,2010-2014,2,82.32784614373723,81.67562442611595,80.45871036142775,83.13613027003298,Estimación adecuada
Barceloneta,2015-2019,1,78.66058024479798,77.34117244303857,76.0754586777552,78.75986686669786,Estimación adecuada
Barceloneta,2015-2019,2,83.72707991675192,83.37201325362432,81.89014559883941,85.24443068682065,Estimación adecuada
Barceloneta,2020-2024,1,75.72728298991758,75.74393137994088,74.72195644006862,76.71792887337304,Estimación adecuada
Barceloneta,2020-2024,2,81.83663290041464,82.4997054577346,81.28058795170405,84.16566821853097,Estimación adecuada
Barranquitas,1980-1984,1,70.68381547642946,71.05309870138751,69.9146444199775,72.16075197572567,Estimación adecuada
Barranquitas,1980-1984,2,77.32262696761111,77.52659872082596,76.30743448312573,78.9134988658112,Estimación adecuada
Barranquitas,1985-1989,1,70.952515989764,71.18095764385063,70.03831240513183,72.33992487787869,Estimación adecuada
Barranquitas,1985-1989,2,76.9759242315329,77.31048086427217,76.09053355734792,78.60140455808948,Estimación adecuada
Barranquitas,1990-1994,1,70.0928024675381,70.67777246448426,69.67165863866593,71.72038092124706,Estimación adecuada
Barranquitas,1990-1994,2,78.81135390730735,78.45992901633048,77.32077827091089,79.85165261880597,Estimación adecuada
Barranquitas,1995-1999,1,71.21920716382027,70.87500045268459,69.95915572995526,71.81149588008863,Estimación adecuada
Barranquitas,1995-1999,2,77.39695023973928,77.89086504727783,76.84131934351954,79.00280952684544,Estimación adecuada
Barranquitas,2000-2004,1,73.84455576660493,73.71869084680935,72.75583736675503,74.78533788970802,Estimación adecuada
Barranquitas,2000-2004,2,80.48130267836416,80.55758047874666,79.19242526638287,82.17353947720723,Estimación adecuada
Barranquitas,2005-2009,1,75.13674630153405,74.82367809379852,73.65506088960329,75.97774364212437,Estimación adecuada
Barranquitas,2005-2009,2,81.51738650238283,81.56603302466593,80.18764127351645,83.34060034668975,Estimación adecuada
Barranquitas,2010-2014,1,75.7627327752995,75.54209426217622,74.36999203102039,76.66973807275703,Estimación adecuada
Barranquitas,2010-2014,2,83.05730420025256,82.53629443856502,81.23432675030463,83.96923075324631,Estimación adecuada
Barranquitas,2015-2019,1,77.96197538375979,77.53188913978468,76.32308667172113,78.83078357527673,Estimación adecuada
Barranquitas,2015-2019,2,84.23945295300898,84.19208799855268,82.51717869306954,86.23313127258022,Estimación adecuada
Barranquitas,2020-2024,1,76.68380984513449,76.94668666432256,75.77148276939931,78.28770944251234,Estimación adecuada
Barranquitas,2020-2024,2,84.69267629662836,84.45298494418353,82.87391541566946,86.33130444382289,Estimación adecuada
Bayamon,1980-1984,1,71.85771832338905,71.79494463628866,71.3050611157198,72.30410423151277,Estimación adecuada
Bayamon,1980-1984,2,77.99854100597571,77.84533501341512,77.35033838270525,78.38157062452679,Estimación adecuada
Bayamon,1985-1989,1,71.33995789497888,71.37213722639474,70.83656701472472,71.88990859473859,Estimación adecuada
Bayamon,1985-1989,2,79.00920638603296,78.74012015771157,78.26047950077347,79.21267960836529,Estimación adecuada
Bayamon,1990-1994,1,69.12234681303741,69.33260436836707,68.84616697221517,69.82150006831698,Estimación adecuada
Bayamon,1990-1994,2,79.8228310721711,79.62465517712775,79.13612345966023,80.12434640756996,Estimación adecuada
Bayamon,1995-1999,1,70.40501732732868,70.56752334078055,70.08383680174009,71.05991021797702,Estimación adecuada
Bayamon,1995-1999,2,79.23572861633502,79.16471387225295,78.67588815236323,79.70142037106112,Estimación adecuada
Bayamon,2000-2004,1,73.36173892407878,73.42057299525668,72.92983573813943,73.89883520245988,Estimación adecuada
Bayamon,2000-2004,2,80.82262685027437,80.71059530169967,80.1985987944725,81.34921019664375,Estimación adecuada
Bayamon,2005-2009,1,74.29336021233769,74.32082908246575,73.81731310504448,74.88879373770244,Estimación adecuada
Bayamon,2005-2009,2,82.2677694268422,82.115541127988,81.48216473045571,82.69020571214602,Estimación adecuada
Bayamon,2010-2014,1,75.38733640721453,75.39722025754135,74.91168280643225,75.92095158926479,Estimación adecuada
Bayamon,2010-2014,2,82.5489845838264,82.33565121851532,81.77887366497242,82.99596524127394,Estimación adecuada
Bayamon,2015-2019,1,76.65802835199594,76.79077155160022,76.17109311100299,77.43574670923688,Estimación adecuada
Bayamon,2015-2019,2,84.34045120708194,84.00061607295257,83.23106416434634,84.86259535721115,Estimación adecuada
Bayamon,2020-2024,1,75.54066523624583,75.61993638625489,75.08691945930676,76.20694641820629,Estimación adecuada
Bayamon,2020-2024,2,83.36594310353492,83.32351146473795,82.73286944739169,84.12449620532213,Estimación adecuada
Cabo Rojo,1980-1984,1,71.95084075386336,72.24049509433607,71.30070775855181,73.26349352926532,Estimación adecuada
Cabo Rojo,1980-1984,2,77.36132601542415,77.28512884650819,76.37257115689293,78.29723107613916,Estimación adecuada
Cabo Rojo,1985-1989,1,73.10834019620042,72.95089444464914,71.83610100654386,74.03360164989776,Estimación adecuada
Cabo Rojo,1985-1989,2,78.87194624988236,78.47690533980573,77.58255349681386,79.44057705093905,Estimación adecuada
Cabo Rojo,1990-1994,1,72.50682578206393,72.32937215059536,71.41162118855853,73.2188326920623,Estimación adecuada
Cabo Rojo,1990-1994,2,79.2579225900224,78.79692494207879,77.99806595827211,79.77662798464415,Estimación adecuada
Cabo Rojo,1995-1999,1,72.24807117960444,72.19307679044437,71.43958070866775,72.98623651347302,Estimación adecuada
Cabo Rojo,1995-1999,2,79.6721536607341,79.4087428403815,78.53362115174602,80.21156983538698,Estimación adecuada
Cabo Rojo,2000-2004,1,74.71675683921673,74.55080581710047,73.72298168154506,75.42079171232527,Estimación adecuada
Cabo Rojo,2000-2004,2,81.71849143469646,81.20654900281133,80.14260627399574,82.2757723462574,Estimación adecuada
Cabo Rojo,2005-2009,1,75.9311776246717,75.37042951240585,74.5400327068986,76.29083072296709,Estimación adecuada
Cabo Rojo,2005-2009,2,81.31637231830963,80.93978348013059,80.08419155129845,81.90767995830784,Estimación adecuada
Cabo Rojo,2010-2014,1,75.69790710498496,75.97964989745006,75.16166851600424,76.80704276220962,Estimación adecuada
Cabo Rojo,2010-2014,2,83.29177619138889,83.31331726892017,82.17483071918997,84.37552497693582,Estimación adecuada
Cabo Rojo,2015-2019,1,79.57037813394176,79.07575201063901,78.00476453170528,80.1697348598076,Estimación adecuada
Cabo Rojo,2015-2019,2,83.33891918130084,83.40214760037779,82.38218029941811,84.38235945968833,Estimación adecuada
Cabo Rojo,2020-2024,1,77.99316540203411,78.06202912102599,77.0728061870128,79.19441726413353,Estimación adecuada
Cabo Rojo,2020-2024,2,83.72311736141276,83.61686948986255,82.48761540807699,84.80230152733529,Estimación adecuada
Caguas,1980-1984,1,71.41911668496468,71.46216320658309,70.77203383968376,72.12873731324684,Estimación adecuada
Caguas,1980-1984,2,78.31100648677364,78.07633257111559,77.3809821160879,78.76914857866343,Estimación adecuada
Caguas,1985-1989,1,70.3721132990461,70.4450751096519,69.84617011988499,70.99960958944312,Estimación adecuada
Caguas,1985-1989,2,79.14714227511095,78.79281281755357,78.07343884087857,79.52624385289079,Estimación adecuada
Caguas,1990-1994,1,68.52835662881748,68.88539117725828,68.26392709942124,69.4799490945207,Estimación adecuada
Caguas,1990-1994,2,78.0384489965882,77.97680438452342,77.38416450119603,78.59662492581057,Estimación adecuada
Caguas,1995-1999,1,69.5441146313072,69.7909319111927,69.20142811060195,70.37299160024676,Estimación adecuada
Caguas,1995-1999,2,78.92273169486069,78.77976284362671,78.15586728651257,79.42383201983891,Estimación adecuada
Caguas,2000-2004,1,72.73670671310965,72.8282042824057,72.27007635940049,73.4338771157933,Estimación adecuada
Caguas,2000-2004,2,81.0305427968157,80.71559711474912,80.14831470976895,81.32858793203441,Estimación adecuada
Caguas,2005-2009,1,74.52003945150575,74.44016731718119,73.78800605302581,75.05836193942272,Estimación adecuada
Caguas,2005-2009,2,82.29387143333217,82.07617863555046,81.2788683103977,82.94673873912528,Estimación adecuada
Caguas,2010-2014,1,73.75985981441936,74.10533290127717,73.39303050283053,74.78972597693594,Estimación adecuada
Caguas,2010-2014,2,82.0390820480561,81.9100635477497,81.20547231923672,82.5866612680954,Estimación adecuada
Caguas,2015-2019,1,76.76384183172506,76.88947831844948,76.1869073607111,77.5994502708781,Estimación adecuada
Caguas,2015-2019,2,84.55428560356282,84.26223182024057,83.44886284538302,84.92261334927369,Estimación adecuada
Caguas,2020-2024,1,75.8748043034502,75.90696651093499,75.25409982639599,76.55851483083936,Estimación adecuada
Caguas,2020-2024,2,83.723701515386,83.59961315470886,82.69088881397055,84.45280971941337,Estimación adecuada
Camuy,1980-1984,1,71.73586128638874,71.93123204705495,70.83450034550216,73.04443945233771,Estimación adecuada
Camuy,1980-1984,2,78.72603388711329,78.31759977218793,77.06876094436133,79.7828478498567,Estimación adecuada
Camuy,1985-1989,1,72.96252200028023,72.54165422118105,71.43328878208551,73.68642863976149,Estimación adecuada
Camuy,1985-1989,2,79.42888654441627,79.10250953929375,77.86017160673673,80.4563536228566,Estimación adecuada
Camuy,1990-1994,1,72.30041908960325,71.83098257673596,70.79621033691511,72.82357412125201,Estimación adecuada
Camuy,1990-1994,2,78.11470445129211,78.19829843737793,77.11674300080531,79.26239625962708,Estimación adecuada
Camuy,1995-1999,1,72.38034801183676,71.92781340428667,71.044223502583293,72.88515768594368,Estimación adecuada
Camuy,1995-1999,2,79.40092612444798,79.14640060231191,78.06097587756587,80.47582996202284,Estimación adecuada
Camuy,2000-2004,1,75.32575809230885,74.54478346049567,73.5794640751757,75.49389415864042,Estimación adecuada
Camuy,2000-2004,2,81.32092750706317,80.58778775014565,79.45000430050192,81.76173082055163,Estimación adecuada
Camuy,2005-2009,1,75.78046297172564,75.22149904529141,74.21264316209805,76.1613403547662,Estimación adecuada
Camuy,2005-2009,2,81.57886996607033,81.20126256083722,80.08828673343787,82.51018068418358,Estimación adecuada
Camuy,2010-2014,1,77.27601419733746,76.19283346264686,75.26997724102338,77.1529543102744,< e0 observado
Camuy,2010-2014,2,83.35989139394597,82.9130398699574,81.70805925808253,84.3465624540542,Estimación adecuada
Camuy,2015-2019,1,77.72999795511589,77.44721273611,76.28076408721651,78.5100939139918,Estimación adecuada
Camuy,2015-2019,2,83.68259715330271,83.55518478907862,82.13838191601792,85.15440435392694,Estimación adecuada
Camuy,2020-2024,1,78.10873555109278,77.56753544225671,76.68668827931297,78.50336812465545,Estimación adecuada
Camuy,2020-2024,2,85.2973499795053,85.05323343551103,83.70061322378812,86.53904963314778,Estimación adecuada
Canovanas,1980-1984,1,73.26434269356434,71.7624867012262,70.73449765410633,72.96156650434776,< e0 observado
Canovanas,1980-1984,2,79.03754095743973,77.89903573242772,76.710232308702345,79.27150378374417,Estimación adecuada
Canovanas,1985-1989,1,71.53589426595224,71.20639846587017,70.1694664228643,72.1956268875687,Estimación adecuada
Canovanas,1985-1989,2,77.97372340641185,77.41031371201322,76.29965494713892,78.7404331000332,Estimación adecuada
Canovanas,1990-1994,1,67.87234135202895,68.78781767459452,67.79755294849579,69.88061316040704,Estimación adecuada
Canovanas,1990-1994,2,78.17233473453287,77.88600931840799,76.74439510669339,79.0499542107107,Estimación adecuada
Canovanas,1995-1999,1,67.93833945960337,68.75170272905498,67.83739110062128,69.59101389808389,Estimación adecuada
Canovanas,1995-1999,2,76.90410304048143,76.84278536013903,75.92672842054634,77.7806679257583,Estimación adecuada
Canovanas,2000-2004,1,71.1080637137202,71.78247451959119,70.80369735755572,72.80218476521934,Estimación adecuada
Canovanas,2000-2004,2,78.88392586271299,78.86849940352774,77.73102676757168,80.06023567857216,Estimación adecuada
Canovanas,2005-2009,1,71.56511842264116,72.4310811245599,71.41216017577455,73.43142307839233,Estimación adecuada
Canovanas,2005-2009,2,81.84364694400887,81.12561590744781,79.96316261669557,82.41814375414872,Estimación adecuada
Canovanas,2010-2014,1,73.63944411888701,74.22485943537862,73.290014148907,75.25110045001264,Estimación adecuada
Canovanas,2010-2014,2,82.05867867170852,81.43262949483439,80.25940342614184,82.38086856285844,Estimación adecuada
Canovanas,2015-2019,1,75.09350796457565,75.68926941606385,74.52469808408462,76.94995828509826,Estimación adecuada
Canovanas,2015-2019,2,82.08355842012313,81.92778376695392,80.74775964714857,83.29248722299643,Estimación adecuada
Canovanas,2020-2024,1,74.63322650738762,74.93196079973133,74.03683933214809,75.8322564763665,Estimación adecuada
Canovanas,2020-2024,2,82.6295984745731,82.24032274570249,80.89986726601263,83.81713461744278,Estimación adecuada
Carolina,1980-1984,1,72.42663888570124,72.39878042512498,71.76452381384979,73.04141280041378,Estimación adecuada
Carolina,1980-1984,2,79.56105047511585,79.2477876588901,78.51538542942423,80.09366590454906,Estimación adecuada
Carolina,1985-1989,1,71.07934568227924,71.17864725923289,70.69836629288534,71.68498019792021,Estimación adecuada
Carolina,1985-1989,2,79.90469299244059,79.66218492321624,79.03968267244868,80.3165728853636,Estimación adecuada
Carolina,1990-1994,1,69.76158074298928,69.9703425458867,69.42103995622134,70.57684462428374,Estimación adecuada
Carolina,1990-1994,2,79.11344656209685,79.0878603890047,78.53353097366346,79.66726703921606,Estimación adecuada
Carolina,1995-1999,1,70.29885366050775,70.57072219222424,70.03186947684843,71.05293537454814,Estimación adecuada
Carolina,1995-1999,2,79.46252375391535,79.3309511056957,78.78448836560753,79.8645631384682,Estimación adecuada
Carolina,2000-2004,1,73.39239114203968,73.50247168655306,72.92706541281859,74.07248885902665,Estimación adecuada
Carolina,2000-2004,2,80.9698944918449,80.78253152767455,80.17018008333594,81.46939204951029,Estimación adecuada
Carolina,2005-2009,1,74.21771658994741,74.31529366986575,73.75087414941203,74.93408697005094,Estimación adecuada
Carolina,2005-2009,2,82.01187264677947,81.87128625167998,81.21117711636961,82.60279201078397,Estimación adecuada
Carolina,2010-2014,1,75.03455774132681,75.31658010437135,74.65357592549915,75.94606425129325,Estimación adecuada
Carolina,2010-2014,2,83.10473164777837,82.98281715966613,82.28967840380048,83.81913102608424,Estimación adecuada
Carolina,2015-2019,1,77.50343819237987,77.52014709212388,76.79698692662951,78.2866829748407,Estimación adecuada
Carolina,2015-2019,2,84.77335114231931,84.5977226133092,83.72535839229103,85.68954320368971,Estimación adecuada
Carolina,2020-2024,1,77.33209533287885,77.27300560790955,76.5301575443068,78.10114115955373,Estimación adecuada
Carolina,2020-2024,2,84.54226961635248,84.17083259259826,83.38693299195164,84.8908997343609,Estimación adecuada
Catano,1980-1984,1,64.46754122046099,65.8814918898374,64.93168412050056,66.93859954864594,> e0 observado
Catano,1980-1984,2,74.89287458437524,74.69538645138046,73.52361037141495,75.95503930966935,Estimación adecuada
Catano,1985-1989,1,65.16808188775998,66.41036709376283,65.34887701262429,67.4575336315069,> e0 observado
Catano,1985-1989,2,78.11833690201469,76.86864440434866,75.6468825301582,78.36047431949997,Estimación adecuada
Catano,1990-1994,1,63.23995733381801,64.93970703159195,63.90104604542529,65.97849612346688,> e0 observado
Catano,1990-1994,2,77.67563688191754,77.0627939936349,75.8850043803478,78.27058283903379,Estimación adecuada
Catano,1995-1999,1,64.7765667247522,66.17594630546438,65.06868285419995,67.27115356966435,> e0 observado
Catano,1995-1999,2,76.9213664702111,76.69566759435307,75.53416829307338,77.94101007096363,Estimación adecuada
Catano,2000-2004,1,68.66940578981966,69.73441535721682,68.76154780221653,70.74336543510003,> e0 observado
Catano,2000-2004,2,78.58918958789423,77.98911868154107,76.98756355343211,79.16495266245421,Estimación adecuada
Catano,2005-2009,1,70.02883614015043,70.93701401620456,69.92008701495108,72.01169395803421,Estimación adecuada
Catano,2005-2009,2,82.24020929025558,81.19345462265426,79.47481674733652,82.7767266702887,Estimación adecuada
Catano,2010-2014,1,73.09639977297068,73.32109436362722,72.17662152728784,74.53571395771883,Estimación adecuada
Catano,2010-2014,2,85.01041862246886,82.78596853812238,81.00430999064763,84.48258070950102,< e0 observado
Catano,2015-2019,1,73.16089456109142,74.14026239873586,72.83213893174127,75.4190764847876,Estimación adecuada
Catano,2015-2019,2,83.12167017400074,82.67296080616995,80.82324473652925,85.26776384821193,Estimación adecuada
Catano,2020-2024,1,73.01850592844353,73.90861795902268,72.53656445391765,75.26249936307207,Estimación adecuada
Catano,2020-2024,2,82.51649081605288,82.22286176945533,80.54199882367676,84.27214414158188,Estimación adecuada
Cayey,1980-1984,1,70.96296134270752,70.83218762698515,69.8586613771876,71.80072715646243,Estimación adecuada
Cayey,1980-1984,2,76.82319308489046,76.98524932464781,75.94377579667682,78.05785996378776,Estimación adecuada
Cayey,1985-1989,1,69.35266533931055,69.9247270956152,68.9892610620554,70.7667708427624,Estimación adecuada
Cayey,1985-1989,2,78.12827674106387,77.77770599860438,76.68552233200766,78.97712728071747,Estimación adecuada
Cayey,1990-1994,1,69.20617523788248,69.78162017315222,68.87561241283024,70.61123163425776,Estimación adecuada
Cayey,1990-1994,2,77.95988804304272,77.90481124934303,77.01366685240772,78.88670086467894,Estimación adecuada
Cayey,1995-1999,1,70.02822280781275,70.50990011519849,69.64156663926096,71.31241450226713,Estimación adecuada
Cayey,1995-1999,2,78.3953319698986,78.4100401104279,77.37177544462881,79.40895817970815,Estimación adecuada
Cayey,2000-2004,1,73.53696019599438,73.44722515225189,72.4696796275602,74.41693102981259,Estimación adecuada
Cayey,2000-2004,2,80.96546853359895,80.1776280543904,79.26745187580399,81.06588647442008,Estimación adecuada
Cayey,2005-2009,1,73.26222936566049,73.88916546869912,72.97611689008566,74.8331213474388,Estimación adecuada
Cayey,2005-2009,2,81.2989665160214,80.88744154547902,79.8727174269013,81.97430890975068,Estimación adecuada
Cayey,2010-2014,1,74.63715165028215,75.1581101253557,74.22538568325282,76.16411126892984,Estimación adecuada
Cayey,2010-2014,2,83.0709118375776,82.4513596381696,81.41978886565401,83.67454056127913,Estimación adecuada
Cayey,2015-2019,1,77.0792534705373,77.11444991870808,76.17468659392568,78.24605900537566,Estimación adecuada
Cayey,2015-2019,2,85.38068040160512,84.3203649974337,82.9010253011091,85.62326293450276,Estimación adecuada
Cayey,2020-2024,1,77.87126407523529,77.97950979877882,76.68045270525019,79.63431691976365,Estimación adecuada
Cayey,2020-2024,2,83.65584760573441,83.56323274129142,82.54433907133922,84.86746594167899,Estimación adecuada
Ceiba,1980-1984,1,70.95872473158553,70.82860460799603,69.55730152028868,71.89118181805091,Estimación adecuada
Ceiba,1980-1984,2,78.87544799366925,77.73655968334106,76.09381113686239,79.7754644471162,Estimación adecuada
Ceiba,1985-1989,1,70.36156432534068,70.41733954403972,69.2665185737429,71.6126991037144,Estimación adecuada
Ceiba,1985-1989,2,78.38222414329047,77.6833236743805,76.28815414638967,79.30103476041403,Estimación adecuada
Ceiba,1990-1994,1,70.97855878036437,70.7551914303598,69.42821430085614,72.04909349089463,Estimación adecuada
Ceiba,1990-1994,2,78.162478502734,77.79303082058712,76.59056840744569,79.37423978238768,Estimación adecuada
Ceiba,1995-1999,1,72.2509206439854,71.29006111762675,70.16867461980549,72.43707335151808,Estimación adecuada
Ceiba,1995-1999,2,77.99833445594543,78.11889422403091,76.83403707221295,79.62609739849692,Estimación adecuada
Ceiba,2000-2004,1,74.43059050766081,73.24424118692119,72.06182162199661,74.441635398552,Estimación adecuada
Ceiba,2000-2004,2,80.25443000359746,80.01209482788222,78.51445815767073,81.8035473742277,Estimación adecuada
Ceiba,2005-2009,1,75.2751182644064,74.17484289508718,72.94261329608182,75.52315291083099,Estimación adecuada
Ceiba,2005-2009,2,82.73200974323383,81.96472356245556,80.34589288847069,84.02916852949966,Estimación adecuada
Ceiba,2010-2014,1,74.60974580790653,75.5533216749285,74.00718270685567,77.10859868013382,Estimación adecuada
Ceiba,2010-2014,2,80.46589273942276,81.45489421624274,79.92386583488606,83.40521186169683,Estimación adecuada
Ceiba,2015-2019,1,77.20372219454802,77.11235419475142,75.44687482080246,78.83692066298028,Estimación adecuada
Ceiba,2015-2019,2,85.18009427063753,84.28527960688726,82.00910640838711,87.11255319715094,Estimación adecuada
Ceiba,2020-2024,1,71.79676111836038,75.63878149038848,74.19439397108796,77.05441172376928,> e0 observado
Ceiba,2020-2024,2,79.91050600055166,82.70351068183871,80.85934087308267,84.82957586712561,> e0 observado
Ciales,1980-1984,1,73.17560788565788,72.41109288229512,71.24240870946772,73.66252278050632,Estimación adecuada
Ciales,1980-1984,2,78.68068996198531,78.2975602183391,76.8291497611909,79.8838435221779,Estimación adecuada
Ciales,1985-1989,1,73.24198902056254,72.6493035638243,71.28323566471691,74.06617033982948,Estimación adecuada
Ciales,1985-1989,2,79.49519425452579,79.13323623576886,77.630039426146,80.93396091691866,Estimación adecuada
Ciales,1990-1994,1,72.16136043091481,71.92802741877355,70.73368519526346,73.1173278805568,Estimación adecuada
Ciales,1990-1994,2,79.80413073294497,79.19021463116736,77.98201471935383,80.66751967942075,Estimación adecuada
Ciales,1995-1999,1,71.4096956405122,71.5485350866559,70.30572552284025,72.87253968086073,Estimación adecuada
Ciales,1995-1999,2,79.25999039891276,79.52888091835709,78.12497462840723,81.2090783224684,Estimación adecuada
Ciales,2000-2004,1,72.84466012254391,73.53201856344495,72.44414684297521,74.73497091791717,Estimación adecuada
Ciales,2000-2004,2,80.79392296765587,80.95488444326247,79.50112194283176,82.4834208688376,Estimación adecuada
Ciales,2005-2009,1,73.92393723914924,74.44935831074994,73.21374418376259,75.73953877512284,Estimación adecuada
Ciales,2005-2009,2,81.64344574866836,81.60875923127709,80.14884545962387,83.26948577827179,Estimación adecuada
Ciales,2010-2014,1,75.79742836742422,76.26447052397009,75.18625532143521,77.36713493184646,Estimación adecuada
Ciales,2010-2014,2,83.07107063089894,83.06555791666348,81.53021527798883,84.63559010429813,Estimación adecuada
Ciales,2015-2019,1,77.80383183986213,77.25555178953289,76.01727193457526,78.72796462437479,Estimación adecuada
Ciales,2015-2019,2,85.12177596154379,85.563188592209,83.78883129550755,87.47366710977842,Estimación adecuada
Ciales,2020-2024,1,77.11923282562702,77.28102498047393,76.07006195164571,78.50141307102145,Estimación adecuada
Ciales,2020-2024,2,82.81212925624077,83.33726786699503,81.97683412056908,84.99872044792444,Estimación adecuada
Cidra,1980-1984,1,72.79621121165134,72.97381978439972,71.77120732950056,74.21104404762264,Estimación adecuada
Cidra,1980-1984,2,78.89456154742125,78.87917913848713,77.57534601798068,80.50502781558511,Estimación adecuada
Cidra,1985-1989,1,72.66729566582723,72.65375200310191,71.56151562194577,73.70419571677864,Estimación adecuada
Cidra,1985-1989,2,79.30843165376449,79.13874869166175,77.96537974928077,80.5311952112733,Estimación adecuada
Cidra,1990-1994,1,73.17099775450035,72.89830370743698,71.94014083437773,73.99754366581406,Estimación adecuada
Cidra,1990-1994,2,79.38614993802825,78.957088228571,77.98403329783854,79.97524751529569,Estimación adecuada
Cidra,1995-1999,1,74.13315718602104,73.61627436077458,72.62577196727392,74.62554795212701,Estimación adecuada
Cidra,1995-1999,2,80.28912632140323,80.22067191250326,79.17409448208731,81.48723481005649,Estimación adecuada
Cidra,2000-2004,1,75.06593883577219,74.83545231815702,73.94721092022974,75.77789767548627,Estimación adecuada
Cidra,2000-2004,2,81.91131641001179,81.503552740384407,80.28952956758577,82.882200824692,Estimación adecuada
Cidra,2005-2009,1,75.37025225163217,75.49897620540371,74.61288123253081,76.4175307955724,Estimación adecuada
Cidra,2005-2009,2,81.69020256742252,81.693673176094,80.55331235541004,83.11490240403515,Estimación adecuada
Cidra,2010-2014,1,77.10355911472645,77.19793635912373,76.15746934241847,78.23183081824506,Estimación adecuada
Cidra,2010-2014,2,83.3681900062823,83.078530694586,82.04158782956577,84.18328967441504,Estimación adecuada
Cidra,2015-2019,1,77.36062510950826,77.76127486552406,76.67069220192371,78.90020774988656,Estimación adecuada
Cidra,2015-2019,2,84.48562037088345,84.583354839755,83.39960717893138,85.9769691383634,Estimación adecuada
Cidra,2020-2024,1,78.14676480175604,78.26684816348825,77.02598805001307,79.8573383212771,Estimación adecuada
Cidra,2020-2024,2,84.2195265984795,84.04680755486548,82.78158989025853,85.3765031691578,Estimación adecuada
Coamo,1980-1984,1,71.41987637152332,71.50055195696478,70.39165435823767,72.67362401615131,Estimación adecuada
Coamo,1980-1984,2,77.97710830041352,78.09335327768096,76.93435313664882,79.34055145415546,Estimación adecuada
Coamo,1985-1989,1,71.25359184417111,71.37773108971301,70.4111970759373,72.33022400215711,Estimación adecuada
Coamo,1985-1989,2,77.49216840937345,77.71635294259842,76.66821576442415,78.78473099978079,Estimación adecuada
Coamo,1990-1994,1,70.65361788511969,70.80448834481373,69.75319617472509,71.8178221200247,Estimación adecuada
Coamo,1990-1994,2,79.1047246539598,78.75780522042493,77.69769800614147,79.91084571038536,Estimación adecuada
Coamo,1995-1999,1,70.79936905843824,71.0441077776742,70.05110985454205,71.95033383120891,Estimación adecuada
Coamo,1995-1999,2,78.28292064703683,78.2772596438738,77.2809474428014,79.4150526629587,Estimación adecuada
Coamo,2000-2004,1,73.17554943953195,73.19632548294874,72.37880163051473,74.08382690784981,Estimación adecuada
Coamo,2000-2004,2,80.59438637145708,80.28570018834884,79.23867535951997,81.39585595472653,Estimación adecuada
Coamo,2005-2009,1,76.54952873290381,75.53419455741226,74.58266830056527,76.43079652193568,< e0 observado
Coamo,2005-2009,2,81.73811956737603,81.28804280108488,80.13086825314265,82.55563875241188,Estimación adecuada
Coamo,2010-2014,1,75.57468935584676,75.48787143692525,74.61430637254288,76.46661101288505,Estimación adecuada
Coamo,2010-2014,2,82.64763206384671,82.04272949366316,80.94710283601421,83.1899734795473,Estimación adecuada
Coamo,2015-2019,1,75.78534479855834,76.12941524731633,75.17064855586143,77.15328543394327,Estimación adecuada
Coamo,2015-2019,2,82.76369502542164,83.04175455037705,81.8406148718646,84.46233677250852,Estimación adecuada
Coamo,2020-2024,1,78.30636780177291,77.58529582967965,76.58931339280274,78.70555897991645,Estimación adecuada
Coamo,2020-2024,2,83.44944238087736,83.44682512509644,82.16313257315349,85.02640242936364,Estimación adecuada
Comerio,1980-1984,1,72.45955170116261,72.09093561252854,70.91360878076664,73.29618487144808,Estimación adecuada
Comerio,1980-1984,2,79.83361439994822,78.71778133377329,77.16044548267031,80.70185812091293,Estimación adecuada
Comerio,1985-1989,1,71.97109712952762,71.64346142501753,70.52300263858133,72.7765687499798,Estimación adecuada
Comerio,1985-1989,2,78.28807841566851,78.26738025306511,76.82664724761285,79.84507133819962,Estimación adecuada
Comerio,1990-1994,1,72.04307484330955,71.54244195838149,70.33704214193918,72.74669293031532,Estimación adecuada
Comerio,1990-1994,2,77.5323363396148,77.99973774077733,76.75085461139551,79.33262797890119,Estimación adecuada
Comerio,1995-1999,1,71.30212162598326,71.46316215056822,70.30057612541039,72.80890495388694,Estimación adecuada
Comerio,1995-1999,2,78.34222697142097,78.31461270188757,77.0368132951971,79.68959443871287,Estimación adecuada
Comerio,2000-2004,1,73.4464009570269,73.43101309245942,72.27898105578899,74.70272814969762,Estimación adecuada
Comerio,2000-2004,2,79.41844021903223,79.60160718043608,78.31889490275923,80.99104479577572,Estimación adecuada
Comerio,2005-2009,1,73.5787658846263,73.98206466370002,72.76372090368325,75.3790236954334,Estimación adecuada
Comerio,2005-2009,2,81.39708675568599,80.9375250551837,79.58744645135232,82.38093406594321,Estimación adecuada
Comerio,2010-2014,1,77.02400216817404,76.23204168343804,74.93252325639604,77.67080588614328,Estimación adecuada
Comerio,2010-2014,2,83.0612238190259,82.42157211624087,81.0236371482337,84.02105441853057,Estimación adecuada
Comerio,2015-2019,1,75.10125130507932,76.00140025011403,74.85490923606808,77.15696031963417,Estimación adecuada
Comerio,2015-2019,2,83.61425168752719,83.5239482436289,82.09999888309437,85.40378292456839,Estimación adecuada
Comerio,2020-2024,1,75.1303041254267,75.94393915079601,74.78058309241871,77.14410081386158,Estimación adecuada
Comerio,2020-2024,2,82.05317395530018,81.95685245230257,80.9002722139159,83.47361038115781,Estimación adecuada
Corozal,1980-1984,1,71.59337541836751,71.69799970715472,70.652233546977385,72.76146180036541,Estimación adecuada
Corozal,1980-1984,2,78.42662710352727,78.11383619174127,76.97272235629177,79.31749355462141,Estimación adecuada
Corozal,1985-1989,1,74.22064910584275,73.14015415126565,72.10852244563333,74.2686737864112,Estimación adecuada
Corozal,1985-1989,2,78.3193513304772,78.19271140513213,77.13835575967201,79.3612699330034,Estimación adecuada
Corozal,1990-1994,1,70.50602418020065,71.02435998901538,70.03104187871723,72.09112112852426,Estimación adecuada
Corozal,1990-1994,2,78.56878546912549,78.5371604366625,77.47833062064245,79.6655355450437,Estimación adecuada
Corozal,1995-1999,1,71.1342934815617,71.53373274107346,70.6604394756605,72.47381995664945,Estimación adecuada
Corozal,1995-1999,2,79.89645803427074,79.24409692631627,78.09030154639932,80.36158381387374,Estimación adecuada
Corozal,2000-2004,1,75.20924342478085,74.72948975257253,73.70787190608392,75.8240283312933,Estimación adecuada
Corozal,2000-2004,2,81.47664762629537,81.16936122237905,79.92418906197216,82.74019987179206,Estimación adecuada
Corozal,2005-2009,1,74.51916117627076,74.81617924348797,73.78552965870843,75.78968709722187,Estimación adecuada
Corozal,2005-2009,2,81.50628322540844,81.11349769197975,80.05241660958758,82.34726365534077,Estimación adecuada
Corozal,2010-2014,1,75.53315954293863,75.78829456479998,74.88822072154971,76.79093742914758,Estimación adecuada
Corozal,2010-2014,2,83.55316997103368,83.05456462835116,81.58407451313882,84.49028902012935,Estimación adecuada
Corozal,2015-2019,1,77.7840037663036,77.41166205716873,76.20444505373787,78.83553443913587,Estimación adecuada
Corozal,2015-2019,2,82.13613646804167,82.73188594750434,81.39997714403778,84.40496344203302,Estimación adecuada
Corozal,2020-2024,1,75.19473491282754,76.14952703646813,75.14616774852732,77.33761138864288,Estimación adecuada
Corozal,2020-2024,2,84.6930448800102,84.44368404974733,82.75542829682261,85.93024335847804,Estimación adecuada
Culebra,1980-1984,1,75.84220968525007,73.18914969599149,71.27897844280037,75.36799366188232,< e0 observado
Culebra,1980-1984,2,312.84761400624416,79.64937517559396,77.24684862927164,82.52974364728918,< e0 observado
Culebra,1985-1989,1,76.15771509774066,72.74228631886194,71.00495786949564,74.51891903266369,< e0 observado
Culebra,1985-1989,2,79.85216387000023,79.45214873487544,77.47924035749153,82.34635524134664,Estimación adecuada
Culebra,1990-1994,1,74.52383520889406,72.14453813906881,70.4062247210211,73.9117288213794,< e0 observado
Culebra,1990-1994,2,77.9741231122046,80.29088667780664,78.11275361276803,83.07691761425431,> e0 observado
Culebra,1995-1999,1,71.28432331984887,72.22800528775934,70.17439012037323,74.18218484242352,Estimación adecuada
Culebra,1995-1999,2,623.9973233640217,81.1411532280002,78.67076360681452,84.02556562712824,< e0 observado
Culebra,2000-2004,1,78.2534179973886,74.57810744970561,72.78548333749228,76.46866296355971,< e0 observado
Culebra,2000-2004,2,78.36827683350202,81.5504159014643,79.40312449756316,85.11981220138807,> e0 observado
Culebra,2005-2009,1,73.6146225552975,74.9690684659646,73.27518171102808,76.96707087421726,Estimación adecuada
Culebra,2005-2009,2,80.09149119936524,83.05836137315511,80.47226702537122,86.65897710294054,> e0 observado
Culebra,2010-2014,1,73.52149301616902,76.70863206164634,74.67537483130978,79.09445242590073,> e0 observado
Culebra,2010-2014,2,83.12280176313814,83.6266014934827,80.89354599019264,87.28275964726512,Estimación adecuada
Culebra,2015-2019,1,71.33765707319925,77.18732675890021,75.26734249889918,79.49813943595973,> e0 observado
Culebra,2015-2019,2,80.59683390031405,84.08046159687598,81.59317392203617,87.7179449393628,> e0 observado
Culebra,2020-2024,1,69.37212000752932,76.69818345649583,74.8262703956656,78.73654895244529,> e0 observado
Culebra,2020-2024,2,81.57723492958758,84.11710197558288,81.65851484662593,87.67608196363807,> e0 observado
Dorado,1980-1984,1,72.01561241845583,72.17382406572506,70.85007318219678,73.49420944756079,Estimación adecuada
Dorado,1980-1984,2,79.32249700897671,78.61996262924978,77.36008976195929,80.08258053353408,Estimación adecuada
Dorado,1985-1989,1,70.763807675351,70.86978044772022,69.84405399200456,71.83818478116162,Estimación adecuada
Dorado,1985-1989,2,78.43729914119652,78.20758327614219,76.96353569141478,79.49622329865015,Estimación adecuada
Dorado,1990-1994,1,70.08635489612949,70.6753641291029,69.65069043207295,71.80367988275356,Estimación adecuada
Dorado,1990-1994,2,78.9847848441942,78.76900730702431,77.66481837740594,79.95829668931034,Estimación adecuada
Dorado,1995-1999,1,71.02921103733023,71.35069936341604,70.35148550699607,72.35471224517964,Estimación adecuada
Dorado,1995-1999,2,78.81932024206121,78.97341017661071,77.8631401014383,80.32618405452247,Estimación adecuada
Dorado,2000-2004,1,72.69344061787483,73.00872114551453,72.00652104129824,73.89795118398997,Estimación adecuada
Dorado,2000-2004,2,80.19876018464808,79.74403873738432,78.7553562381749,80.85926873172046,Estimación adecuada
Dorado,2005-2009,1,73.95985556686958,74.29180386165254,73.33716589130988,75.36418582948053,Estimación adecuada
Dorado,2005-2009,2,81.26381481810347,80.93175257073293,79.89517486196742,82.12955546538943,Estimación adecuada
Dorado,2010-2014,1,77.16889276147008,76.94564556995874,75.72932893353307,78.1616806954448,Estimación adecuada
Dorado,2010-2014,2,83.54553010029169,82.97944280735771,81.67443707126161,84.32490691720932,Estimación adecuada
Dorado,2015-2019,1,78.16987046109722,77.7803218265049,76.60577555566903,79.06370919293389,Estimación adecuada
Dorado,2015-2019,2,84.06364696175204,84.05075325930449,82.51470199583986,85.6821479303361,Estimación adecuada
Dorado,2020-2024,1,76.76202002254995,77.10755218786753,75.97690688397405,78.22799217559215,Estimación adecuada
Dorado,2020-2024,2,84.56733629053974,84.06407380510187,82.51146721220388,86.2897127733444,Estimación adecuada
Fajardo,1980-1984,1,70.44947490600326,70.01807258109761,69.18497122224349,70.99795831460567,Estimación adecuada
Fajardo,1980-1984,2,77.38795064534409,76.75853448157362,75.71887676322103,77.93539734123435,Estimación adecuada
Fajardo,1985-1989,1,70.8749129517732,70.52250065073461,69.55619495712033,71.37116120576948,Estimación adecuada
Fajardo,1985-1989,2,76.6242059586704,76.5224531430571,75.44456970600476,77.68592145340342,Estimación adecuada
Fajardo,1990-1994,1,68.14185533281889,68.64218001259886,67.70644728439072,69.56168588852108,Estimación adecuada
Fajardo,1990-1994,2,77.82572465637467,77.4426455692488,76.45271252166467,78.45249470176401,Estimación adecuada
Fajardo,1995-1999,1,69.40252523203102,69.62790587052484,68.75719003659353,70.53510758091097,Estimación adecuada
Fajardo,1995-1999,2,77.40181375449214,77.24965413405656,76.40152926523173,78.13363831515343,Estimación adecuada
Fajardo,2000-2004,1,71.72173538925516,71.82216486891491,70.87032468491527,72.81545619278718,Estimación adecuada
Fajardo,2000-2004,2,79.6984350769009,79.17613695070133,78.20756602785131,80.20065193160106,Estimación adecuada
Fajardo,2005-2009,1,70.90368538290633,71.61018420058815,70.613192830484,72.53342218953254,Estimación adecuada
Fajardo,2005-2009,2,80.26318409708472,80.05633997581444,79.11366587328841,81.03483300019082,Estimación adecuada
Fajardo,2010-2014,1,72.15513738785808,73.32121803710926,72.28391690621078,74.37623294978516,> e0 observado
Fajardo,2010-2014,2,80.90851949862676,80.5243724170677,79.47726184028741,81.68235720626512,Estimación adecuada
Fajardo,2015-2019,1,75.38426006535445,75.96621862090191,74.61663491416023,77.22661578151494,Estimación adecuada
Fajardo,2015-2019,2,82.10233174347786,82.22308250507268,80.96571359045906,83.8497704965749,Estimación adecuada
Fajardo,2020-2024,1,73.43497352690585,74.15562088542184,73.00356113117384,75.17210573061337,Estimación adecuada
Fajardo,2020-2024,2,82.2762394449245,82.25095751324719,80.98534441088056,83.60079137097337,Estimación adecuada
Florida,1980-1984,1,70.42483206152336,70.99233071249975,69.52196444429477,72.50723670237372,Estimación adecuada
Florida,1980-1984,2,79.35780001097832,78.06878932106355,76.27774187618704,80.20447549615275,Estimación adecuada
Florida,1985-1989,1,70.50232476451228,70.62163490256151,69.06367188528198,72.18933720190884,Estimación adecuada
Florida,1985-1989,2,74.6342929834084,76.57954672115895,75.18601903975096,78.16753921445377,> e0 observado
Florida,1990-1994,1,69.94089932331659,70.27344418756351,68.899933252334,71.514154672054,Estimación adecuada
Florida,1990-1994,2,75.42769863274026,76.86056900175967,75.56261286387503,78.3679927807927,> e0 observado
Florida,1995-1999,1,71.39463006779472,71.23381714816338,69.87810400356528,72.67403303729577,Estimación adecuada
Florida,1995-1999,2,77.40310555306459,77.8226508595531,76.48650633787561,79.31462595625644,Estimación adecuada
Florida,2000-2004,1,74.94487970699895,73.72111347181598,72.20257341184316,75.03323318622533,Estimación adecuada
Florida,2000-2004,2,80.81239094356496,79.9418302662894,78.62092596681337,81.53169726742671,Estimación adecuada
Florida,2005-2009,1,76.04920743072655,74.32384082345618,72.98819257954119,75.735462464102,< e0 observado
Florida,2005-2009,2,79.57757103781478,79.93271860477964,78.73899471390982,81.50368919439708,Estimación adecuada
Florida,2010-2014,1,77.06226789023417,76.04244483238472,74.72789185803553,77.72153232444956,Estimación adecuada
Florida,2010-2014,2,83.35252079088593,82.16272347903724,80.63725224040842,83.86949094074195,Estimación adecuada
Florida,2015-2019,1,76.47369374765398,76.32853045181511,75.02721573160451,77.74317121463626,Estimación adecuada
Florida,2015-2019,2,82.67725332232514,82.85229127322677,81.34373395725368,84.71657801724041,Estimación adecuada
Florida,2020-2024,1,76.43179228493146,76.8343975425393,75.41997633734114,78.46629437605998,Estimación adecuada
Florida,2020-2024,2,82.07661771528629,83.24150894173637,81.24715959342194,85.78464231834737,Estimación adecuada
Guanica,1980-1984,1,70.35430491274579,69.84779927183959,68.71724198040353,71.0839487974618,Estimación adecuada
Guanica,1980-1984,2,77.08641407907882,76.56327579011585,75.28675138110768,77.92699072720683,Estimación adecuada
Guanica,1985-1989,1,69.68708715163265,69.49246438996488,68.2827497623438,70.67491257444695,Estimación adecuada
Guanica,1985-1989,2,76.95613272806058,76.57362615969342,75.27845339338108,77.9808858218955,Estimación adecuada
Guanica,1990-1994,1,68.88817802686228,68.9159702570354,67.70177906794686,70.10764918298648,Estimación adecuada
Guanica,1990-1994,2,77.30719701606516,76.83097746574055,75.56776610927533,78.00601806570825,Estimación adecuada
Guanica,1995-1999,1,68.30978770101139,68.91476124293729,67.85746466520504,69.97403626421935,Estimación adecuada
Guanica,1995-1999,2,75.97235957219114,76.20410601111942,75.18743481367736,77.37580718852446,Estimación adecuada
Guanica,2000-2004,1,71.73515778721156,71.5979274621923,70.49570810115873,72.65044281622568,Estimación adecuada
Guanica,2000-2004,2,78.28580226584876,78.2995718570512,77.21873671012762,79.5203057411972,Estimación adecuada
Guanica,2005-2009,1,71.06456520796193,71.69049176141885,70.55946257715127,72.78406740392163,Estimación adecuada
Guanica,2005-2009,2,80.4303234715458,79.71110925592447,78.56667546943048,80.87066204507468,Estimación adecuada
Guanica,2010-2014,1,75.4333136685851,74.51198789237785,73.3506684590422,75.680043037029,Estimación adecuada
Guanica,2010-2014,2,79.15784517223307,79.84495457108237,78.67192482190757,81.33120133190194,Estimación adecuada
Guanica,2015-2019,1,74.66093504897681,74.65443810589647,73.55477341574385,75.85623568902832,Estimación adecuada
Guanica,2015-2019,2,81.25786007002321,81.30067189903804,80.05757189777194,82.73563814170276,Estimación adecuada
Guanica,2020-2024,1,72.26569298674974,73.63503393024743,72.43844200796264,74.94721134192719,> e0 observado
Guanica,2020-2024,2,81.04640178209804,81.04138101923904,79.83454492969369,82.35458489134426,Estimación adecuada
Guayama,1980-1984,1,70.15605701964218,70.06684908923482,69.07424678064845,71.02687600524636,Estimación adecuada
Guayama,1980-1984,2,76.40533467418753,76.24638695721711,75.1786004253105,77.1927989078963,Estimación adecuada
Guayama,1985-1989,1,68.80931313020281,69.07677723440919,68.11324666250955,69.96518762495181,Estimación adecuada
Guayama,1985-1989,2,76.92698259432454,76.57594180068946,75.69999596714554,77.62800968596534,Estimación adecuada
Guayama,1990-1994,1,69.11733015039341,69.47312659806019,68.47445663660265,70.45793199419815,Estimación adecuada
Guayama,1990-1994,2,78.16728030048264,77.64913002615114,76.68812320686582,78.58090736001378,Estimación adecuada
Guayama,1995-1999,1,69.43362894567927,69.71943319565327,68.82981249453069,70.5888791243834,Estimación adecuada
Guayama,1995-1999,2,78.81063066771195,78.07509328838255,77.12582670272771,79.0000662411448,Estimación adecuada
Guayama,2000-2004,1,71.31460446210147,71.49457278780935,70.65321329859925,72.35774367078221,Estimación adecuada
Guayama,2000-2004,2,79.93581916832044,79.31211492568698,78.3304123146911,80.3643066706528,Estimación adecuada
Guayama,2005-2009,1,73.317174634075,73.11483875103218,72.20628442618047,74.16795718678362,Estimación adecuada
Guayama,2005-2009,2,79.48272799098534,79.340725071131,78.37217207557593,80.40134355625138,Estimación adecuada
Guayama,2010-2014,1,75.44692302802666,75.00385944280374,73.92720192438416,76.13519156975693,Estimación adecuada
Guayama,2010-2014,2,82.04257371708306,81.42688194342443,80.34547667346355,82.48542861948508,Estimación adecuada
Guayama,2015-2019,1,76.21639313975511,76.05169064331929,74.95817678279198,77.19897616113268,Estimación adecuada
Guayama,2015-2019,2,83.21050488270666,83.02833139978104,81.88337297306742,84.32340426305107,Estimación adecuada
Guayama,2020-2024,1,73.31292394704252,74.55271505952238,73.57894389843067,75.5910601041353,> e0 observado
Guayama,2020-2024,2,81.9885967793484,81.98180297669131,81.00296258906415,83.0745553194794,Estimación adecuada
Guayanilla,1980-1984,1,72.38272826754583,71.41768861266267,70.24415018328419,72.58479256928236,Estimación adecuada
Guayanilla,1980-1984,2,77.60130015371905,77.32403938712872,76.16041975762877,78.61226364593344,Estimación adecuada
Guayanilla,1985-1989,1,70.4006515534528,70.13860598462622,69.04730380735582,71.29301376247528,Estimación adecuada
Guayanilla,1985-1989,2,76.89062144773956,76.74573311572526,75.68004112948167,77.86065931539055,Estimación adecuada
Guayanilla,1990-1994,1,71.80766294942181,70.95977944840138,69.96000462372103,71.99475345523335,Estimación adecuada
Guayanilla,1990-1994,2,78.36086772540148,77.58327787495503,76.51250496837551,78.82001099325514,Estimación adecuada
Guayanilla,1995-1999,1,71.85217300564003,71.03216804322396,70.05142947212039,72.06461967844875,Estimación adecuada
Guayanilla,1995-1999,2,78.18358736107162,77.85879913885293,76.68419936847512,79.23189932162813,Estimación adecuada
Guayanilla,2000-2004,1,73.1149927253758,72.75242584739088,71.6984328963931,73.76769296346534,Estimación adecuada
Guayanilla,2000-2004,2,79.34540204489284,79.08391117947534,78.03800223631336,80.31375872141001,Estimación adecuada
Guayanilla,2005-2009,1,72.58995060106902,73.1224605781479,72.02519531952706,74.27871517380042,Estimación adecuada
Guayanilla,2005-2009,2,78.89335680428938,78.75705174547184,77.81079793212704,79.8345375129148,Estimación adecuada
Guayanilla,2010-2014,1,74.92615513892406,74.60670052294883,73.51596208862429,75.97700491169121,Estimación adecuada
Guayanilla,2010-2014,2,79.75450827081573,80.34164598753122,79.2362689785009,81.62332459077172,Estimación adecuada
Guayanilla,2015-2019,1,73.89276737837035,75.46711881527176,74.1841007577958,76.734057007587,> e0 observado
Guayanilla,2015-2019,2,83.45068243397127,82.72850519849283,81.20308268080964,84.51369008083635,Estimación adecuada
Guayanilla,2020-2024,1,73.3647903964989,74.76902541890499,73.65116239028242,75.92030121554008,> e0 observado
Guayanilla,2020-2024,2,81.7002961811406,82.5696493092677,80.76387798574243,84.76289178190859,Estimación adecuada
Guaynabo,1980-1984,1,72.62968473893714,72.63281249998815,71.8236387267271,73.42928785359155,Estimación adecuada
Guaynabo,1980-1984,2,79.22385888101643,78.94296053618363,78.12181361834358,79.7825049550815,Estimación adecuada
Guaynabo,1985-1989,1,72.62477504228086,72.70740682379756,71.93150486689304,73.49275747268241,Estimación adecuada
Guaynabo,1985-1989,2,80.26888692190559,79.88208115726306,79.15623479725917,80.7380380880345,Estimación adecuada
Guaynabo,1990-1994,1,71.49773088421885,71.75023715754247,70.98277569595734,72.49483411493654,Estimación adecuada
Guaynabo,1990-1994,2,80.39674176327595,80.26184899599531,79.52348081692689,81.08278731009372,Estimación adecuada
Guaynabo,1995-1999,1,71.47634405545867,71.89598824584827,71.13856986531296,72.5806823869819,Estimación adecuada
Guaynabo,1995-1999,2,80.59195656560027,80.3667191518424,79.59261084577544,81.24813065942243,Estimación adecuada
Guaynabo,2000-2004,1,74.36831552631087,74.63208974809193,73.90304865242454,75.34260531285067,Estimación adecuada
Guaynabo,2000-2004,2,82.00013350052207,81.81903015021871,81.07463501318549,82.66963590122675,Estimación adecuada
Guaynabo,2005-2009,1,74.79181167011927,75.15848349900416,74.46566184126254,75.88743622618635,Estimación adecuada
Guaynabo,2005-2009,2,82.65513032515688,82.44758520090019,81.51275165151563,83.37239834445946,Estimación adecuada
Guaynabo,2010-2014,1,77.08693823594666,77.149004221637,76.42570426676026,77.87561432958005,Estimación adecuada
Guaynabo,2010-2014,2,84.19977793075003,83.76439886994402,82.86749564706997,84.62653224866395,Estimación adecuada
Guaynabo,2015-2019,1,79.31195559128112,79.0438947979003,78.17118348621982,79.92781372765407,Estimación adecuada
Guaynabo,2015-2019,2,86.36653705230658,85.85386584430003,84.91406696413922,86.8283846389307,Estimación adecuada
Guaynabo,2020-2024,1,76.97382215978348,77.32875596153603,76.52322155687091,78.13792469964204,Estimación adecuada
Guaynabo,2020-2024,2,86.24500283333272,85.93855662448335,84.78323202146464,86.96013827502398,Estimación adecuada
Gurabo,1980-1984,1,71.60212290324772,71.6068161030069,70.6315914272449,72.72235665397254,Estimación adecuada
Gurabo,1980-1984,2,77.23788153129946,77.55313592274075,76.41039762976251,78.8152835625024,Estimación adecuada
Gurabo,1985-1989,1,71.95082453631377,71.83929969460124,70.69862584884835,72.95945682461367,Estimación adecuada
Gurabo,1985-1989,2,76.88149220765231,77.26111608465655,76.15700320790499,78.44989546689472,Estimación adecuada
Gurabo,1990-1994,1,69.87395453241605,70.4970373906678,69.5595153523035,71.52380993625124,Estimación adecuada
Gurabo,1990-1994,2,78.83102928672845,78.6254544497761,77.54628513329712,79.91026747354746,Estimación adecuada
Gurabo,1995-1999,1,72.42773508454232,72.27302560444997,71.20529896856351,73.34772117384406,Estimación adecuada
Gurabo,1995-1999,2,78.35419857424922,78.52937291352029,77.33861945880776,79.65354895725373,Estimación adecuada
Gurabo,2000-2004,1,73.64447033241464,73.83778759176771,72.86871943591984,74.81064751373464,Estimación adecuada
Gurabo,2000-2004,2,81.04492373904172,80.43538061748886,79.43256057566876,81.78239765167558,Estimación adecuada
Gurabo,2005-2009,1,75.22317420582058,75.26263028098802,74.20561974449016,76.44703607385804,Estimación adecuada
Gurabo,2005-2009,2,81.09903361256607,80.81312761618237,79.86857494136704,82.00646187870717,Estimación adecuada
Gurabo,2010-2014,1,75.2535660886648,75.70643724049981,74.76421192396991,76.80737119711345,Estimación adecuada
Gurabo,2010-2014,2,83.04928008691901,82.42564194450556,81.35803695739105,83.62801894197334,Estimación adecuada
Gurabo,2015-2019,1,77.6622437909412,77.57974857562527,76.55070823206873,78.7302227204574,Estimación adecuada
Gurabo,2015-2019,2,85.71991276927982,84.78276890373353,82.74276021069696,86.50283846077974,Estimación adecuada
Gurabo,2020-2024,1,77.49933277617998,77.26961460921393,76.24418597956554,78.29196752717682,Estimación adecuada
Gurabo,2020-2024,2,85.08689743587509,84.56863603593763,83.50462471755189,85.74138898694709,Estimación adecuada
Hatillo,1980-1984,1,71.67758783885871,72.03355590430516,70.95188005119914,73.11283871198579,Estimación adecuada
Hatillo,1980-1984,2,78.12387910917064,78.14792613706801,77.04916046010808,79.2995367735247,Estimación adecuada
Hatillo,1985-1989,1,72.6698580793859,72.35507214780814,71.18214799076569,73.49578983075085,Estimación adecuada
Hatillo,1985-1989,2,79.05911472303059,78.74867000411741,77.51138245013786,80.04355344236822,Estimación adecuada
Hatillo,1990-1994,1,72.2795100289586,72.0379701142495,71.01026250332818,73.06952438046659,Estimación adecuada
Hatillo,1990-1994,2,78.48387666184767,78.12944476641923,77.29249490034297,79.05886676029613,Estimación adecuada
Hatillo,1995-1999,1,72.48849923266071,72.1790654472982,71.29024623743028,73.01260736656731,Estimación adecuada
Hatillo,1995-1999,2,78.00099710329015,78.03323712521811,77.08771310639118,79.03105840254474,Estimación adecuada
Hatillo,2000-2004,1,74.33032307328692,73.88820646102849,73.01634531352563,74.72094260217173,Estimación adecuada
Hatillo,2000-2004,2,79.48316668064177,79.38977087802647,78.48036517774626,80.36496985525129,Estimación adecuada
Hatillo,2005-2009,1,75.50592819847141,75.00282670875882,74.02657566535302,75.94193295340104,Estimación adecuada
Hatillo,2005-2009,2,81.06282984310074,80.81968100975385,79.88636822091695,81.9648408098616,Estimación adecuada
Hatillo,2010-2014,1,77.21806955341,76.60408924099224,75.64943517117273,77.5779108092172,Estimación adecuada
Hatillo,2010-2014,2,83.57475161887322,82.97799349008343,81.75167932209068,84.19826765919251,Estimación adecuada
Hatillo,2015-2019,1,79.51125669501796,78.73536532005785,77.51569845173219,79.9096381182345,Estimación adecuada
Hatillo,2015-2019,2,83.5848145553659,83.11019930251152,82.02801170592743,84.2807113783899,Estimación adecuada
Hatillo,2020-2024,1,77.7629473837955,77.59325319357832,76.4718633100772,78.68210342143463,Estimación adecuada
Hatillo,2020-2024,2,84.59256367963641,83.55653458358967,82.48225782557876,84.80069669425276,Estimación adecuada
Hormigueros,1980-1984,1,73.22615615810524,73.10915952527782,71.79296928641087,74.6252238042218,Estimación adecuada
Hormigueros,1980-1984,2,80.03910472491414,79.88495864085687,78.15104130344454,82.01434516158416,Estimación adecuada
Hormigueros,1985-1989,1,73.13146318294162,72.95060738252128,71.74582097745827,74.22837246292984,Estimación adecuada
Hormigueros,1985-1989,2,77.89716827743722,79.1101101386619,77.74505845464284,80.5902579346065,Estimación adecuada
Hormigueros,1990-1994,1,74.49462133047919,73.14932790679606,71.92603631180654,74.3944513857331,< e0 observado
Hormigueros,1990-1994,2,81.15283789312198,80.141228471283,78.55319238235873,81.6240350537649,Estimación adecuada
Hormigueros,1995-1999,1,74.6762367320931,73.41856856214761,72.32644833413673,74.57035776737196,< e0 observado
Hormigueros,1995-1999,2,80.16161067099215,79.76966612851642,78.51893304271994,81.0763897017136,Estimación adecuada
Hormigueros,2000-2004,1,75.40485462423982,75.04591837029577,73.90594498463672,76.27145033932541,Estimación adecuada
Hormigueros,2000-2004,2,82.08675783503719,81.4300499754971,79.9685544504944,82.9493624075556,Estimación adecuada
Hormigueros,2005-2009,1,75.74958490624739,75.75028537581342,74.56542406773038,76.97284014619994,Estimación adecuada
Hormigueros,2005-2009,2,81.96698618542398,81.66350144947262,80.32994795269039,83.45554686446845,Estimación adecuada
Hormigueros,2010-2014,1,75.8431710077531,76.62561970150622,75.34439686279694,78.10346741614805,Estimación adecuada
Hormigueros,2010-2014,2,80.87827260215975,81.83344210338258,80.59818275671499,83.43610551200561,Estimación adecuada
Hormigueros,2015-2019,1,77.12692365991572,77.74010793667303,76.61077931335745,78.9667246792606,Estimación adecuada
Hormigueros,2015-2019,2,83.89364637195973,84.76812131572625,82.86230793885986,86.89684582808776,Estimación adecuada
Hormigueros,2020-2024,1,77.28736946883825,78.08165416319383,76.30622268302886,79.68998220968938,Estimación adecuada
Hormigueros,2020-2024,2,86.05334213773183,85.56761238037399,84.05044626574207,87.15825631059995,Estimación adecuada
Humacao,1980-1984,1,70.4818626424818,70.64570240593015,69.77833329364147,71.49721657322728,Estimación adecuada
Humacao,1980-1984,2,75.4196254841688,75.67217092244876,74.90694781310708,76.5776189618357,Estimación adecuada
Humacao,1985-1989,1,70.67328173222337,70.76880946820398,69.92664413554341,71.6202932295113,Estimación adecuada
Humacao,1985-1989,2,77.66391705168145,77.4702206066811,76.43650842814095,78.51024388256178,Estimación adecuada
Humacao,1990-1994,1,69.5847902168281,69.85652279626416,69.01927916984265,70.65792988207612,Estimación adecuada
Humacao,1990-1994,2,78.67913304032243,78.33517263729064,77.32793669913772,79.33634444473256,Estimación adecuada
Humacao,1995-1999,1,71.48367368553947,71.23924297152689,70.42102760689536,72.03538476495044,Estimación adecuada
Humacao,1995-1999,2,77.64251746830911,77.54697501073213,76.73330066293657,78.40066830088936,Estimación adecuada
Humacao,2000-2004,1,73.32947626915085,73.210881943223,72.29434609565897,74.04140922220095,Estimación adecuada
Humacao,2000-2004,2,79.47475982854377,79.46800950001244,78.62740885442432,80.40749662869166,Estimación adecuada
Humacao,2005-2009,1,73.27575041059107,73.65180662461768,72.80794162528561,74.57234727899541,Estimación adecuada
Humacao,2005-2009,2,80.90142324529407,80.63283957945481,79.70626794884953,81.61310363345595,Estimación adecuada
Humacao,2010-2014,1,74.83955059631002,74.98800396109782,74.17797620115027,75.88408928442384,Estimación adecuada
Humacao,2010-2014,2,83.17817196966284,82.4897614489442,81.46080445216576,83.58108837671597,Estimación adecuada
Humacao,2015-2019,1,76.48585094717308,76.82190310759471,75.65445251211507,77.83542249096756,Estimación adecuada
Humacao,2015-2019,2,83.02683058107219,82.64900549807432,81.68961758979394,83.81238153669243,Estimación adecuada
Humacao,2020-2024,1,76.00024146642158,76.67752357092823,75.63598394113039,77.73735464742782,Estimación adecuada
Humacao,2020-2024,2,83.75329897412394,83.52654916406519,82.41477543925886,84.50100652007306,Estimación adecuada
Isabela,1980-1984,1,72.2175376142493,72.13760695357176,71.08258924895699,73.1639388352272,Estimación adecuada
Isabela,1980-1984,2,77.00917281813197,77.04443676127771,76.11106556752473,77.99501524365539,Estimación adecuada
Isabela,1985-1989,1,71.3491658013681,71.35400783364244,70.40375089723469,72.29049689786467,Estimación adecuada
Isabela,1985-1989,2,77.9454646541529,77.69797369335737,76.7131679764599,78.78703931999998,Estimación adecuada
Isabela,1990-1994,1,71.9931847989612,71.48740899645811,70.5371896183734,72.40841877521113,Estimación adecuada
Isabela,1990-1994,2,78.40239754575384,78.14099127114073,77.19416117447349,79.12020031906995,Estimación adecuada
Isabela,1995-1999,1,71.53741002575173,71.30200425410942,70.52105285449282,72.09872973265223,Estimación adecuada
Isabela,1995-1999,2,78.4341103714854,78.41545054288068,77.29467300391039,79.56099626110519,Estimación adecuada
Isabela,2000-2004,1,73.11716930331345,73.02266988762443,72.13243622201855,73.8348251587322,Estimación adecuada
Isabela,2000-2004,2,79.71688567620751,79.75135301524472,78.86128349802645,80.67162708714217,Estimación adecuada
Isabela,2005-2009,1,75.07468792918337,74.43910602697296,73.59036821763524,75.31472369663345,Estimación adecuada
Isabela,2005-2009,2,80.07067272409991,80.0951265107424,79.15331092375823,81.0910650026764,Estimación adecuada
Isabela,2010-2014,1,75.70758521999787,75.47540502113135,74.62179757359085,76.42443583775164,Estimación adecuada
Isabela,2010-2014,2,82.72491321161158,82.07585751735935,81.06185527629833,83.12550406589675,Estimación adecuada
Isabela,2015-2019,1,78.04644459935068,77.52516323927216,76.44554870768108,78.57226944262113,Estimación adecuada
Isabela,2015-2019,2,83.65633840932854,83.278030655543,82.02207613771567,84.51679176892199,Estimación adecuada
Isabela,2020-2024,1,78.32288802669056,77.31412087161962,76.42661934716514,78.2331187278555,< e0 observado
Isabela,2020-2024,2,82.48232389183242,82.95765759622445,81.86344535890436,84.5186469668694,Estimación adecuada
Jayuya,1980-1984,1,71.44565317706032,71.62534862304531,70.28634002087594,72.88960838774084,Estimación adecuada
Jayuya,1980-1984,2,75.83021068634571,77.05041828695224,75.69539805686881,78.68918000787019,Estimación adecuada
Jayuya,1985-1989,1,71.81944487744688,71.33037376613004,70.11308193559867,72.4388682930736,Estimación adecuada
Jayuya,1985-1989,2,75.3361205884675,76.56266179792418,75.4327781922189,77.88346717982348,> e0 observado
Jayuya,1990-1994,1,71.28342413562748,70.83838886766027,69.68570168458177,72.02604001586958,Estimación adecuada
Jayuya,1990-1994,2,76.02561045115642,77.59121711296424,76.11096729570355,79.15559686817001,> e0 observado
Jayuya,1995-1999,1,71.8370324803072,71.49593674712551,70.32168439880326,72.58675266916163,Estimación adecuada
Jayuya,1995-1999,2,77.48116448040565,77.94783164969297,76.72586666855736,79.35081333266835,Estimación adecuada
Jayuya,2000-2004,1,74.63605246112387,73.58321661615399,72.46780246205896,74.73687822064493,Estimación adecuada
Jayuya,2000-2004,2,81.91186805141467,80.91344886829641,79.3167538725905,82.76128604369556,Estimación adecuada
Jayuya,2005-2009,1,75.3314699406097,74.86236754545004,73.62825859493377,76.2948391288153,Estimación adecuada
Jayuya,2005-2009,2,81.6249347941438,80.8924050301222,79.68015065204463,82.48856551123764,Estimación adecuada
Jayuya,2010-2014,1,77.00065301379624,76.35699500525104,75.11093074677416,77.84501035971616,Estimación adecuada
Jayuya,2010-2014,2,83.11699286086072,82.9579981364491,81.39104108216947,84.62285211926523,Estimación adecuada
Jayuya,2015-2019,1,78.10533881687311,77.3774467471963,76.07152275355199,78.8590323384134,Estimación adecuada
Jayuya,2015-2019,2,83.92004165556466,84.0230002541209,82.05098413434719,86.57014813636492,Estimación adecuada
Jayuya,2020-2024,1,77.9886198440842,77.84644024771396,76.18192056082025,79.92286063154826,Estimación adecuada
Jayuya,2020-2024,2,86.08326381951224,85.12675493926963,83.39491494773884,87.27287001156938,Estimación adecuada
Juana Diaz,1980-1984,1,70.86234315740458,70.71226938665555,69.79726349382877,71.67665798861357,Estimación adecuada
Juana Diaz,1980-1984,2,75.7200067546899,76.13386990336203,75.17626484433076,77.1882634411069,Estimación adecuada
Juana Diaz,1985-1989,1,70.65196563117064,70.67602415162995,69.804677435987,71.54157816451762,Estimación adecuada
Juana Diaz,1985-1989,2,77.42944500216616,77.35757893128547,76.31869418761956,78.46377720553434,Estimación adecuada
Juana Diaz,1990-1994,1,70.50138355641899,70.4684806312201,69.5797110305792,71.37365089143267,Estimación adecuada
Juana Diaz,1990-1994,2,77.01106521944516,77.11327030622486,76.19857714077013,77.97128111662603,Estimación adecuada
Juana Diaz,1995-1999,1,70.43093050457512,70.45755448745696,69.63994921928828,71.29898943256391,Estimación adecuada
Juana Diaz,1995-1999,2,78.22202425701492,78.0930306256296,77.21700928993286,79.16963399095664,Estimación adecuada
Juana Diaz,2000-2004,1,72.37388660524466,72.52100275343787,71.7069928258473,73.36500566317484,Estimación adecuada
Juana Diaz,2000-2004,2,79.89949949699154,79.5936395881603,78.61518878483355,80.57815742336547,Estimación adecuada
Juana Diaz,2005-2009,1,73.98155168286024,74.10680596829265,73.1393001801117,75.15162203808953,Estimación adecuada
Juana Diaz,2005-2009,2,81.14270526358001,80.7903980158676,79.61095071876292,81.87915886975794,Estimación adecuada
Juana Diaz,2010-2014,1,75.23841081873553,75.27890464576407,74.40123297884193,76.30167466756977,Estimación adecuada
Juana Diaz,2010-2014,2,82.5998007771433,82.08455010807627,80.95148579621333,83.23564653144135,Estimación adecuada
Juana Diaz,2015-2019,1,76.05408088806787,76.14127217625322,75.31849990171646,77.03094585854157,Estimación adecuada
Juana Diaz,2015-2019,2,86.36049640103109,85.1191447188882,83.55475760587998,86.669729796094515,Estimación adecuada
Juana Diaz,2020-2024,1,75.63330906404347,76.09949897128699,75.19698348461799,77.09284273481984,Estimación adecuada
Juana Diaz,2020-2024,2,85.431908147798,84.49992338822318,83.05369519858374,85.8215352680891,Estimación adecuada
Juncos,1980-1984,1,70.27137124040763,70.49047056561093,69.38664375156358,71.55278501292439,Estimación adecuada
Juncos,1980-1984,2,76.19521890395215,76.21459994911685,75.15559087134422,77.4341827022244,Estimación adecuada
Juncos,1985-1989,1,69.2023355554385,69.71851514877511,68.69195845035358,70.76876509626936,Estimación adecuada
Juncos,1985-1989,2,77.34308571814736,76.97189688921304,75.9431785802195,78.10712499077802,Estimación adecuada
Juncos,1990-1994,1,69.1533108688746,69.58835925847438,68.6127474169957,70.62714506463,Estimación adecuada
Juncos,1990-1994,2,78.47119184979998,77.9337071057272,76.83631754211211,79.11343708743982,Estimación adecuada
Juncos,1995-1999,1,70.30898322816533,70.44529192633317,69.47908148182536,71.38071585805616,Estimación adecuada
Juncos,1995-1999,2,78.15728144588493,77.94025544034531,76.97968222225988,78.92506445512988,Estimación adecuada
Juncos,2000-2004,1,72.41721563925485,72.48931488340708,71.57688291064937,73.38102301651797,Estimación adecuada
Juncos,2000-2004,2,79.8163864926478,79.41397663832986,78.40178139634246,80.56280582819424,Estimación adecuada
Juncos,2005-2009,1,72.39215771900903,72.83221807509877,71.82941558876593,73.76801147070915,Estimación adecuada
Juncos,2005-2009,2,79.84387856561293,79.80693000382351,78.79296349606012,80.83994386957524,Estimación adecuada
Juncos,2010-2014,1,73.50249544854667,74.17487182227734,73.280553936497,75.21755493983342,Estimación adecuada
Juncos,2010-2014,2,81.07285355877944,81.26677113004328,79.9972241729952,82.61647882069573,Estimación adecuada
Juncos,2015-2019,1,76.96397757620112,76.88841023643567,75.89918501186784,77.87921853650883,Estimación adecuada
Juncos,2015-2019,2,81.70360510688276,82.01375294598415,80.73477471337468,83.3639003968374,Estimación adecuada
Juncos,2020-2024,1,75.96540001306276,75.78950086777843,74.65813881242657,76.95952541484723,Estimación adecuada
Juncos,2020-2024,2,84.16229809571288,83.66536603259118,82.07788898417279,85.30217324249946,Estimación adecuada
Lajas,1980-1984,1,72.04293509346515,71.69756138964999,70.6297141066135,72.77044941002207,Estimación adecuada
Lajas,1980-1984,2,76.82471119406895,77.23246706253936,76.09382434128733,78.42247934151159,Estimación adecuada
Lajas,1985-1989,1,72.60440241352846,72.04447623535971,70.83528324223902,73.26493234802317,Estimación adecuada
Lajas,1985-1989,2,77.26830229651331,77.35664183154907,76.30515785019749,78.54050881515805,Estimación adecuada
Lajas,1990-1994,1,71.60815832281739,71.49384597444687,70.48753587952041,72.5414693620982,Estimación adecuada
Lajas,1990-1994,2,78.4175614251451,78.27015038853762,77.10135549343245,79.4150962356726,Estimación adecuada
Lajas,1995-1999,1,72.33316153735507,71.892911429684915,70.83344397617726,72.90659455828798,Estimación adecuada
Lajas,1995-1999,2,78.59191066753552,78.66094659697947,77.63158050784845,79.87660284884242,Estimación adecuada
Lajas,2000-2004,1,73.89742175607356,73.67798936868724,72.66775921801172,74.75067633839527,Estimación adecuada
Lajas,2000-2004,2,80.29428301703928,80.06692849567594,78.8684251385227,81.26626391700681,Estimación adecuada
Lajas,2005-2009,1,75.79227237117928,74.78065498522703,73.8722518600686,75.78550832450247,< e0 observado
Lajas,2005-2009,2,80.28212382307738,80.31040930281077,79.30052720277185,81.61985375795848,Estimación adecuada
Lajas,2010-2014,1,76.22777953168786,75.86072198939695,74.64276530941322,77.16347302632822,Estimación adecuada
Lajas,2010-2014,2,81.31993564850397,81.47895593302448,80.33888284511558,83.07623837967239,Estimación adecuada
Lajas,2015-2019,1,78.5932100458457,77.68643152398997,76.39690928090029,79.06011627074088,Estimación adecuada
Lajas,2015-2019,2,82.7928211339718,83.32859216736304,81.8978217550686,84.939339025187,Estimación adecuada
Lajas,2020-2024,1,77.53819195780335,77.00580867221927,75.92898261508913,78.06714093589878,Estimación adecuada
Lajas,2020-2024,2,85.4530209589297,84.69831798310848,82.89573619361067,86.43709239735341,Estimación adecuada
Lares,1980-1984,1,70.90779502286912,71.56951666140978,70.63246521607893,72.5574452337626,Estimación adecuada
Lares,1980-1984,2,78.98314405765262,78.80586058458155,77.55256649091893,80.40254561631127,Estimación adecuada
Lares,1985-1989,1,72.06175255053189,72.14136218744157,71.12457964542548,73.1629669647456,Estimación adecuada
Lares,1985-1989,2,80.01215166447678,79.22854520845564,78.00772385733194,80.481606745053,Estimación adecuada
Lares,1990-1994,1,72.03036774647009,71.91483793075273,70.82332634494738,72.98877056999626,Estimación adecuada
Lares,1990-1994,2,77.96427574880994,78.04681324668297,77.13638012858657,79.02735356291295,Estimación adecuada
Lares,1995-1999,1,74.19654177113337,73.53209606364231,72.41876878493252,74.64500053921051,Estimación adecuada
Lares,1995-1999,2,79.3301969735476,79.04477014971377,78.09912166537515,80.29285473891433,Estimación adecuada
Lares,2000-2004,1,75.07247255488886,74.74981065451757,73.77374098381345,75.61759120229397,Estimación adecuada
Lares,2000-2004,2,80.83073648651207,80.77773035078792,79.45604346871221,82.23476351189882,Estimación adecuada
Lares,2005-2009,1,76.42189286727891,75.47339014759544,74.49476744505405,76.4081724326553,< e0 observado
Lares,2005-2009,2,81.26456313745305,81.01569421574588,79.90632942108373,82.29878131998149,Estimación adecuada
Lares,2010-2014,1,78.4963647494864,77.53871546529223,76.31523391286751,78.67962304681251,Estimación adecuada
Lares,2010-2014,2,81.9330345432922,81.47158645580421,80.45432361777515,82.60474406214043,Estimación adecuada
Lares,2015-2019,1,78.09731429033766,77.77075377139067,76.76393352618625,78.86474479507791,Estimación adecuada
Lares,2015-2019,2,84.2727175793842,83.95173013943827,82.76341801767742,85.21732429157322,Estimación adecuada
Lares,2020-2024,1,77.81833869729226,78.00139070398441,76.96649297092243,79.01943594627798,Estimación adecuada
Lares,2020-2024,2,82.92439343622165,83.34654188112592,82.20264477838275,84.69125708431292,Estimación adecuada
Las Marias,1980-1984,1,73.25247684050133,73.05231304087965,71.6225291658365,74.48578434532556,Estimación adecuada
Las Marias,1980-1984,2,81.52194866514395,80.1000008501286,78.0854960560585,82.91339960952138,Estimación adecuada
Las Marias,1985-1989,1,73.33115714286983,72.83482129308972,71.50921390648926,74.23001865058747,Estimación adecuada
Las Marias,1985-1989,2,76.37157684228848,78.49010971219408,76.90300164351207,80.39127333345071,> e0 observado
Las Marias,1990-1994,1,73.86126500457728,73.02745369421686,71.66505954142411,74.46184672532866,Estimación adecuada
Las Marias,1990-1994,2,80.35635726827562,80.40320791602127,78.74817533236819,82.61077543790752,Estimación adecuada
Las Marias,1995-1999,1,74.51363704980783,73.31905613634987,71.91546950876726,74.78610469217902,Estimación adecuada
Las Marias,1995-1999,2,78.95810122563923,79.32222632750486,77.83446987684842,81.22502254440647,Estimación adecuada
Las Marias,2000-2004,1,77.1668395523812,75.52580866055621,74.12257265127425,77.08539481257472,< e0 observado
Las Marias,2000-2004,2,81.00334574496266,81.73353484214917,79.81922214420341,83.8653585058442,Estimación adecuada
Las Marias,2005-2009,1,77.99055983735227,76.24232951231075,74.6415546003681,77.94797366805693,< e0 observado
Las Marias,2005-2009,2,82.4259101868898,83.2015681115094,81.37503460107673,85.16621514292176,Estimación adecuada
Las Marias,2010-2014,1,78.84966400528405,77.07322602761184,75.87847544551639,78.4307617500546,< e0 observado
Las Marias,2010-2014,2,85.31730941945247,84.13259539482604,82.11923492750282,86.70365378203023,Estimación adecuada
Las Marias,2015-2019,1,77.30839089988154,78.28852776113612,76.7695449225317,80.17047589530578,Estimación adecuada
Las Marias,2015-2019,2,85.88737526840528,85.15532812953688,82.81250335638434,87.84289039007523,Estimación adecuada
Las Marias,2020-2024,1,78.70803014994253,78.70328467077056,77.17479843116651,80.36098547761974,Estimación adecuada
Las Marias,2020-2024,2,88.29019898403125,86.3671490978033,83.38786655055723,89.08751495375576,Estimación adecuada
Las Piedras,1980-1984,1,72.17113618417106,72.27855172433206,71.11569150236899,73.43229767561502,Estimación adecuada
Las Piedras,1980-1984,2,76.48369739398716,77.01232601464504,75.98221340700994,78.41288294468576,Estimación adecuada
Las Piedras,1985-1989,1,72.03923976943689,71.86600927357998,70.77525225384251,72.98034307946267,Estimación adecuada
Las Piedras,1985-1989,2,78.91570672285786,78.88776694222193,77.5931415167475,80.29043541260087,Estimación adecuada
Las Piedras,1990-1994,1,71.42125786301462,71.59975200789819,70.4948311765438,72.66465923350198,Estimación adecuada
Las Piedras,1990-1994,2,77.78976551231491,77.77093482151993,76.77775483541339,78.89908892220375,Estimación adecuada
Las Piedras,1995-1999,1,73.38954782221268,72.64152328904781,71.60927811122097,73.73599456453859,Estimación adecuada
Las Piedras,1995-1999,2,79.57857951259791,79.22344828342791,78.17242684000512,80.27888514938799,Estimación adecuada
Las Piedras,2000-2004,1,74.55931546710322,74.27862962884842,73.28829113658372,75.33021135233994,Estimación adecuada
Las Piedras,2000-2004,2,80.03189974373294,79.78027419168754,78.87293626411082,80.90988979541108,Estimación adecuada
Las Piedras,2005-2009,1,76.5702762735385,75.81943891009914,74.78606582650164,76.78395157401502,Estimación adecuada
Las Piedras,2005-2009,2,81.25464299660828,81.37293565372255,80.12553025146168,82.86153712073965,Estimación adecuada
Las Piedras,2010-2014,1,75.68271329512508,76.0638593270047,74.90585447153283,77.2382990032657,Estimación adecuada
Las Piedras,2010-2014,2,82.25180373776736,81.94879188063932,80.79318324108945,83.07108059037567,Estimación adecuada
Las Piedras,2015-2019,1,77.53979746591381,77.42860926874562,76.28839563138615,78.74584795099975,Estimación adecuada
Las Piedras,2015-2019,2,83.23482252844192,83.12060222979,81.95887860617772,84.72811666326405,Estimación adecuada
Las Piedras,2020-2024,1,76.75695578896796,77.08505286187253,75.96515256794378,78.26668793165263,Estimación adecuada
Las Piedras,2020-2024,2,82.45304907705044,82.50764390280307,81.65625881029771,83.6697019120045,Estimación adecuada
Loiza,1980-1984,1,71.38885797146773,70.78782052194146,69.55824414328784,72.20369723024235,Estimación adecuada
Loiza,1980-1984,2,77.41368421120127,77.03382979153263,75.69930404553234,78.6947914184829,Estimación adecuada
Loiza,1985-1989,1,71.19592313241607,70.6352707607731,69.40209642054198,71.85781560448827,Estimación adecuada
Loiza,1985-1989,2,78.75520752323133,77.77073757079236,76.33090122179159,79.40481958530196,Estimación adecuada
Loiza,1990-1994,1,68.56989185679448,69.09083462005572,67.85369472129344,70.2250117109768,Estimación adecuada
Loiza,1990-1994,2,77.79687882604983,77.54118436717533,76.31207088553627,78.87317313513324,Estimación adecuada
Loiza,1995-1999,1,67.39649044243474,68.74265654183903,67.63552311766387,69.90325144345223,> e0 observado
Loiza,1995-1999,2,79.77598415099457,78.79684001026183,77.36616679840263,80.35926223080268,Estimación adecuada
Loiza,2000-2004,1,68.4064307999768,70.45925373251094,69.26704544246216,71.59140714177829,> e0 observado
Loiza,2000-2004,2,83.63090367820818,81.56864740057193,79.82260978131197,83.55608327673899,< e0 observado
Loiza,2005-2009,1,68.95672961508954,71.17316879363986,70.10593107498828,72.35980013804604,> e0 observado
Loiza,2005-2009,2,81.59062463232043,81.02175528062125,79.80896429916912,82.4465037561535,Estimación adecuada
Loiza,2010-2014,1,72.26625680170147,73.88443688824836,72.67242311068563,75.25974743223043,> e0 observado
Loiza,2010-2014,2,82.5899502422689,81.70388046324318,80.29609137174546,83.48822005656422,Estimación adecuada
Loiza,2015-2019,1,76.12182744947866,76.29416322398018,75.06137042895467,77.77763965930133,Estimación adecuada
Loiza,2015-2019,2,83.8552211056914,83.53199921726636,81.87314996228159,85.37971810402003,Estimación adecuada
Loiza,2020-2024,1,73.88148772220029,75.20339541106596,73.961566726166,76.51383364118259,> e0 observado
Loiza,2020-2024,2,83.07958919364513,82.87380298974334,81.2138276115165,85.18777298281583,Estimación adecuada
Luquillo,1980-1984,1,71.380132240309507,70.86949174396273,69.63140388536524,72.14822746933449,Estimación adecuada
Luquillo,1980-1984,2,96.78526331374172,79.81937002733918,77.43058046492953,82.5806584682484,< e0 observado
Luquillo,1985-1989,1,70.63750574491436,70.67409426920719,69.37322715728288,71.86658746165485,Estimación adecuada
Luquillo,1985-1989,2,75.09865978597477,76.00022895084692,74.82469383287172,77.16671029384797,Estimación adecuada
Luquillo,1990-1994,1,69.18210698398904,69.6135090783871,68.28719659598981,70.79940600315551,Estimación adecuada
Luquillo,1990-1994,2,78.08350246960717,77.72992568944838,76.24458872926542,79.34111863406935,Estimación adecuada
Luquillo,1995-1999,1,68.83053817637305,69.56110673225027,68.36657310498704,70.73375188432212,Estimación adecuada
Luquillo,1995-1999,2,77.66573075818518,77.87273422808033,76.62401414401555,79.3670898615163,Estimación adecuada
Luquillo,2000-2004,1,71.68153728093421,72.07415751508455,70.96683061834882,73.18045997175004,Estimación adecuada
Luquillo,2000-2004,2,79.46075037736213,79.35942174544863,78.1898579445678,81.03994688611137,Estimación adecuada
Luquillo,2005-2009,1,73.33113900152905,73.56534995032254,72.32550461892913,74.86293332473107,Estimación adecuada
Luquillo,2005-2009,2,79.74939363916518,79.74150161236798,78.58731448211734,81.02898544470104,Estimación adecuada
Luquillo,2010-2014,1,73.66942105022943,74.55180653832927,73.1923796521105,75.96968990152745,Estimación adecuada
Luquillo,2010-2014,2,82.03679089229092,81.60814370317749,80.12319078947107,83.43642894523644,Estimación adecuada
Luquillo,2015-2019,1,76.9576353673255,76.06731888779942,74.96170666269416,77.35027340964294,Estimación adecuada
Luquillo,2015-2019,2,83.07916689954206,83.17829815131802,81.36249859346798,85.50679131840936,Estimación adecuada
Luquillo,2020-2024,1,75.66385051531384,75.72430940781794,74.34822864122027,77.1269324283971,Estimación adecuada
Luquillo,2020-2024,2,84.82632188772932,84.21441836636282,82.71452837917994,85.96326168315875,Estimación adecuada
Manati,1980-1984,1,69.50345902159295,69.87101819659384,68.77987286469929,70.91257755843885,Estimación adecuada
Manati,1980-1984,2,76.35796417065298,76.42981221314176,75.55968632714685,77.500621430881,Estimación adecuada
Manati,1985-1989,1,69.09670082516963,69.58352173588298,68.69725366366296,70.47104221946137,Estimación adecuada
Manati,1985-1989,2,78.14933641677325,77.8539330155509,76.77260116945388,78.92552015960938,Estimación adecuada
Manati,1990-1994,1,69.23022216377723,69.75567591362855,68.70667327269656,70.68055359066841,Estimación adecuada
Manati,1990-1994,2,77.925056637489,77.65418574142018,76.75021449708176,78.55288823772365,Estimación adecuada
Manati,1995-1999,1,70.04823843193506,70.35078326900539,69.48242162207677,71.18911737083344,Estimación adecuada
Manati,1995-1999,2,78.06624491078284,78.05443296578005,77.08197112658715,78.99288075151108,Estimación adecuada
Manati,2000-2004,1,73.49609782367673,73.18159527650549,72.21134785340035,74.0823318412856,Estimación adecuada
Manati,2000-2004,2,79.74907762112203,79.43808359046118,78.51570995999131,80.34109372605485,Estimación adecuada
Manati,2005-2009,1,73.91954603954379,73.98007346892066,73.04737286043465,74.92067726667682,Estimación adecuada
Manati,2005-2009,2,80.75203111838165,80.35583331802007,79.43844969969508,81.36389810737815,Estimación adecuada
Manati,2010-2014,1,75.23343263045282,75.19316663741085,74.27828621828827,76.1654358892574,Estimación adecuada
Manati,2010-2014,2,81.00103894020826,80.688225764744,79.83081453213644,81.76215929718363,Estimación adecuada
Manati,2015-2019,1,76.16087589202435,76.4300240794622,75.46097765344106,77.42776018303404,Estimación adecuada
Manati,2015-2019,2,84.28220416894777,83.49065861465223,82.39403616563447,84.61330213677054,Estimación adecuada
Manati,2020-2024,1,76.52581497770936,76.34019611298577,75.385980215218,77.37147438563902,Estimación adecuada
Manati,2020-2024,2,83.14732604857079,83.06934611854291,81.94948058534708,84.51830791824213,Estimación adecuada
Maricao,1980-1984,1,68.49303375829524,71.24354877966985,69.73430333007794,72.83267077528878,> e0 observado
Maricao,1980-1984,2,78.28658540119275,78.50662064186913,76.76759249123424,80.78475096968964,Estimación adecuada
Maricao,1985-1989,1,72.61105668943735,72.04141227411336,70.50966776665597,73.7193758091442,Estimación adecuada
Maricao,1985-1989,2,78.59761471960472,79.0097794631491,77.1782791739222,81.09014538740036,Estimación adecuada
Maricao,1990-1994,1,71.07278529149542,71.2244912917821,69.7364449236832,72.85333269010374,Estimación adecuada
Maricao,1990-1994,2,77.91473824134911,78.94744928330802,77.1380602952783,80.97363449053866,Estimación adecuada
Maricao,1995-1999,1,70.86923151683176,71.55161580650577,70.04598788964996,73.04988953427001,Estimación adecuada
Maricao,1995-1999,2,78.08263770012994,79.46293437257616,77.65317464413779,81.61641368503383,Estimación adecuada
Maricao,2000-2004,1,77.76650973187752,74.95285395337467,73.28443698660855,76.71330279065752,< e0 observado
Maricao,2000-2004,2,80.5404358031685,81.38747498920839,79.27897662230677,83.81721985607585,Estimación adecuada
Maricao,2005-2009,1,77.53773348173571,75.4633641584253,73.72271375116053,77.31755726099688,< e0 observado
Maricao,2005-2009,2,82.8343728709345,82.41540326047311,80.65338220124487,84.87716015961568,Estimación adecuada
Maricao,2010-2014,1,79.04935434129955,77.02934724089148,75.28230385804122,78.93892845349646,< e0 observado
Maricao,2010-2014,2,85.38262416159306,84.25014527579825,81.63765686116255,87.84856508045974,Estimación adecuada
Maricao,2015-2019,1,75.9434798557716,77.55021278719735,75.75496057743514,79.34898823145252,Estimación adecuada
Maricao,2015-2019,2,84.61957806845884,85.0096825064662,82.56173805844949,88.64257652976781,Estimación adecuada
Maricao,2020-2024,1,79.16749288390119,77.92660299424082,76.1111958639906,80.124601915617,Estimación adecuada
Maricao,2020-2024,2,81.69399894223088,82.88063929622146,81.04231773372663,85.01821312753067,Estimación adecuada
Maunabo,1980-1984,1,70.13828285928952,71.05543737302492,69.68866003717648,72.42490847001613,Estimación adecuada
Maunabo,1980-1984,2,78.03505275183711,78.0806688212866,76.56812248078369,79.6718548866184,Estimación adecuada
Maunabo,1985-1989,1,71.79335845882552,71.55451936674554,70.1688274191842,73.0311506055923,Estimación adecuada
Maunabo,1985-1989,2,78.98199603850586,78.47934528008108,76.90640988131433,80.38369120472191,Estimación adecuada
Maunabo,1990-1994,1,71.62427764928084,71.4815574498771,70.0645322248235,72.8779360756016,Estimación adecuada
Maunabo,1990-1994,2,79.09684748806583,79.05550937500264,77.59170278492529,80.84771541905816,Estimación adecuada
Maunabo,1995-1999,1,70.88676873698356,71.14383984008307,69.85544586779736,72.48041415226454,Estimación adecuada
Maunabo,1995-1999,2,78.05439188273958,78.86511742735814,77.31842670757766,80.59967119052644,Estimación adecuada
Maunabo,2000-2004,1,73.58391370976629,73.58707141395926,72.24524775818207,74.83276706776927,Estimación adecuada
Maunabo,2000-2004,2,81.32886430566543,80.69255433663353,79.18320800970896,82.25947284123144,Estimación adecuada
Maunabo,2005-2009,1,74.6207929311444,74.18574675241538,72.94026077431117,75.58113769218731,Estimación adecuada
Maunabo,2005-2009,2,82.76860947889763,82.4159670313277,80.64896868633267,84.52318436711505,Estimación adecuada
Maunabo,2010-2014,1,74.13622332856447,74.90697290410918,73.64693946896743,76.28101340241058,Estimación adecuada
Maunabo,2010-2014,2,81.75027752903156,82.99525311531268,80.71918456901822,86.0039976366557,Estimación adecuada
Maunabo,2015-2019,1,78.8001203173667,77.44476197081903,76.21808990304997,78.8203979225067,Estimación adecuada
Maunabo,2015-2019,2,85.43292345536871,84.27746065497166,82.01377429684688,86.91902274218594,Estimación adecuada
Maunabo,2020-2024,1,73.91849099622682,76.08829896450968,74.7635563530433,77.48312346916322,> e0 observado
Maunabo,2020-2024,2,82.20555749171072,82.48983282422847,81.01534723908907,84.12440950849727,Estimación adecuada
Mayaguez,1980-1984,1,70.09179733244709,70.25173909184616,69.5894796119638,70.91544321192237,Estimación adecuada
Mayaguez,1980-1984,2,77.22958502569045,76.94540162770214,76.25904383880697,77.59659018017567,Estimación adecuada
Mayaguez,1985-1989,1,70.41674398606683,70.47446012361652,69.81676481598004,71.13082696658337,Estimación adecuada
Mayaguez,1985-1989,2,77.63659171270862,77.47387165675093,76.84734761544716,78.15921415606688,Estimación adecuada
Mayaguez,1990-1994,1,70.00141078513332,70.06573832517385,69.39770287887372,70.6948619168769,Estimación adecuada
Mayaguez,1990-1994,2,78.08075232642233,77.80828095303195,77.19258540360826,78.44352088834552,Estimación adecuada
Mayaguez,1995-1999,1,70.50308013176787,70.58709011561544,69.94354452623841,71.2320768858368,Estimación adecuada
Mayaguez,1995-1999,2,79.26163722787716,78.98344187387056,78.23180334130771,79.67085916637058,Estimación adecuada
Mayaguez,2000-2004,1,73.48047762129457,73.35417253330777,72.66918771416408,73.99153566145462,Estimación adecuada
Mayaguez,2000-2004,2,81.12771029274553,80.71720313518296,79.86749286806747,81.50219232388584,Estimación adecuada
Mayaguez,2005-2009,1,73.40273101369954,73.50918362742144,72.81048572560528,74.19362293381793,Estimación adecuada
Mayaguez,2005-2009,2,80.6810810358161,80.53638680429403,79.82757991929864,81.40513114183707,Estimación adecuada
Mayaguez,2010-2014,1,74.52586467868677,74.50078789822872,73.82413481593836,75.20638901010813,Estimación adecuada
Mayaguez,2010-2014,2,81.56750821062661,81.51853170828878,80.57167964823442,82.5492737202018,Estimación adecuada
Mayaguez,2015-2019,1,76.83058959636736,76.85352826184089,76.02473282247495,77.76766422703209,Estimación adecuada
Mayaguez,2015-2019,2,83.3770051957539,83.35419036767047,82.43712629166792,84.50594422400056,Estimación adecuada
Mayaguez,2020-2024,1,74.95352000842382,75.4493597142708,74.58749862657153,76.45589550145453,Estimación adecuada
Mayaguez,2020-2024,2,82.99815761978024,83.09722080602985,82.32306382937143,84.12193073320506,Estimación adecuada
Moca,1980-1984,1,71.11343600984674,71.87231859276582,70.94017029528477,72.85791432593511,Estimación adecuada
Moca,1980-1984,2,77.2943627129694,77.66446590557521,76.60349150149344,79.01570729624758,Estimación adecuada
Moca,1985-1989,1,74.0253858839871,73.24109491320108,72.24230177362291,74.33891834845883,Estimación adecuada
Moca,1985-1989,2,78.0945727803436,78.25812725507654,77.1509978503357,79.493756937644,Estimación adecuada
Moca,1990-1994,1,73.771995299068,73.11833901351173,72.10246705173807,74.3073270951554,Estimación adecuada
Moca,1990-1994,2,79.11927733151724,78.89529539117946,77.843405464803,80.10565155153071,Estimación adecuada
Moca,1995-1999,1,73.76737517189935,73.16980793369254,72.28894501454276,74.12230035501328,Estimación adecuada
Moca,1995-1999,2,79.24270262166925,78.89562397828828,77.95605921093262,79.93506262410868,Estimación adecuada
Moca,2000-2004,1,75.7790728383665,74.98714683431682,74.03544505085817,75.99554271794062,Estimación adecuada
Moca,2000-2004,2,80.01571967106842,80.33173793472841,79.00989074174393,81.71448013725917,Estimación adecuada
Moca,2005-2009,1,77.43447785782071,76.54191816880594,75.62045089949584,77.50774519424264,Estimación adecuada
Moca,2005-2009,2,80.60721260017334,80.79357014264605,79.82867584087333,81.99941141280753,Estimación adecuada
Moca,2010-2014,1,78.19647620204239,77.54932545920732,76.41133702950177,78.70213804428326,Estimación adecuada
Moca,2010-2014,2,82.19892914736408,82.27525814937752,81.1842862314671,83.53059605274332,Estimación adecuada
Moca,2015-2019,1,77.96768536823056,77.77129013110743,76.77116970543588,78.8248660856178,Estimación adecuada
Moca,2015-2019,2,83.39934024768473,83.47687756195641,82.11409080018362,85.00340869245976,Estimación adecuada
Moca,2020-2024,1,78.96698932299425,78.59861924122748,77.56302668216372,79.65394707282317,Estimación adecuada
Moca,2020-2024,2,82.88110231796045,83.12834386627625,82.19192485761866,84.18173789464254,Estimación adecuada
Morovis,1980-1984,1,72.80529380768037,72.62563302531663,71.19396787303178,73.9542465169566,Estimación adecuada
Morovis,1980-1984,2,79.4012602571297,79.11087637274153,77.67911751095475,80.69484551758715,Estimación adecuada
Morovis,1985-1989,1,72.88272939750374,72.59915846528003,71.5074101676399,73.83711836294378,Estimación adecuada
Morovis,1985-1989,2,79.26262341032209,79.06853109420456,77.77740340066948,80.39668225341983,Estimación adecuada
Morovis,1990-1994,1,73.46124859077305,72.735486641562,71.64317381785999,73.88963782168125,Estimación adecuada
Morovis,1990-1994,2,78.201202272639,78.4582689041925,77.30655863082647,79.70685925256069,Estimación adecuada
Morovis,1995-1999,1,72.31826971794793,72.28638011856725,71.28968347520697,73.28317930464068,Estimación adecuada
Morovis,1995-1999,2,80.36906453603657,80.06642484743406,78.71493394345872,81.48182258044758,Estimación adecuada
Morovis,2000-2004,1,73.97363035465989,74.32110142423427,73.24755463486652,75.41055310679131,Estimación adecuada
Morovis,2000-2004,2,82.07142315973367,81.7209495986268,80.20824074026167,83.30738832779193,Estimación adecuada
Morovis,2005-2009,1,76.34336685773847,75.6899662032638,74.65520172321634,76.95581760646249,Estimación adecuada
Morovis,2005-2009,2,82.9914966125549,82.48011866941056,81.10738363279118,83.87233893491752,Estimación adecuada
Morovis,2010-2014,1,76.94077453558744,77.06338895599899,75.98514261193985,78.29264204499252,Estimación adecuada
Morovis,2010-2014,2,82.21823626719424,82.02974611402395,80.80076894622908,83.47576992620743,Estimación adecuada
Morovis,2015-2019,1,77.7983439936759,77.44866176338915,76.42790474838638,78.50705742896294,Estimación adecuada
Morovis,2015-2019,2,84.37821930950437,83.84780999536892,82.52070731434944,85.72506648503881,Estimación adecuada
Morovis,2020-2024,1,76.5724132869901,77.18814098476383,76.11191376037439,78.4324015283621,Estimación adecuada
Morovis,2020-2024,2,84.41912531351196,84.75054470641928,83.00659932227109,86.37587293672931,Estimación adecuada
Naguabo,1980-1984,1,70.48369532958223,70.81602870950545,69.65290455116997,72.03097910061499,Estimación adecuada
Naguabo,1980-1984,2,76.70482340379503,76.67161531947886,75.34098432835953,77.94796233420502,Estimación adecuada
Naguabo,1985-1989,1,70.44469745030447,70.49505795254669,69.32791557343268,71.65288749950012,Estimación adecuada
Naguabo,1985-1989,2,76.68834445118993,76.66115257956858,75.5533291216992,77.96518547849573,Estimación adecuada
Naguabo,1990-1994,1,69.7021713172745,69.8216836740249,68.7457088945014,70.92132336801554,Estimación adecuada
Naguabo,1990-1994,2,77.08944593204636,77.40230360724439,76.03778615365067,78.7202614830658,Estimación adecuada
Naguabo,1995-1999,1,69.75713695161257,70.18493266470013,69.09540244951941,71.27365731975297,Estimación adecuada
Naguabo,1995-1999,2,76.33982360053078,76.72879470531615,75.77051060665598,77.88466165252986,Estimación adecuada
Naguabo,2000-2004,1,71.99304081177536,72.14992153082923,71.08527603753939,73.31504977448498,Estimación adecuada
Naguabo,2000-2004,2,79.62125593308062,79.61215685698551,78.32618440818483,81.00119550811863,Estimación adecuada
Naguabo,2005-2009,1,73.63852223364158,73.58680239208235,72.46946638995107,74.76215759177514,Estimación adecuada
Naguabo,2005-2009,2,80.2437814052644,80.17462044492359,78.86801903965382,81.54903997228203,Estimación adecuada
Naguabo,2010-2014,1,74.73143277256149,74.64916681334259,73.54031452463143,75.85375842804915,Estimación adecuada
Naguabo,2010-2014,2,81.98995197621599,81.44343352415991,80.05015812715087,83.0416577475226,Estimación adecuada
Naguabo,2015-2019,1,75.66835016487967,75.6017683673031,74.42388071820199,76.90104996730018,Estimación adecuada
Naguabo,2015-2019,2,83.87871077791173,83.21739757130808,81.61899337013485,85.01759430424163,Estimación adecuada
Naguabo,2020-2024,1,76.12675884557581,75.90566216774313,74.7844013040523,77.09977874916436,Estimación adecuada
Naguabo,2020-2024,2,80.48845466121584,80.97323971182745,79.91789411743913,82.4396552839449,Estimación adecuada
Naranjito,1980-1984,1,74.8300709397492,73.88908270667667,72.55364463880179,75.29903159518528,Estimación adecuada
Naranjito,1980-1984,2,80.69345478303566,79.50403747983258,78.1290438031068,81.14503244403717,Estimación adecuada
Naranjito,1985-1989,1,74.10579727886157,73.32296760425075,72.19576995336617,74.36077432861802,Estimación adecuada
Naranjito,1985-1989,2,79.89264586770456,79.53510144868632,78.13002736945676,81.20433154816841,Estimación adecuada
Naranjito,1990-1994,1,72.56519086073246,72.5186432616778,71.46401421246614,73.56177048614393,Estimación adecuada
Naranjito,1990-1994,2,79.99011310296761,79.90815949279957,78.54835774350686,81.52688183580698,Estimación adecuada
Naranjito,1995-1999,1,71.69417797489601,71.9264928065837,70.91425745289735,72.94157804590478,Estimación adecuada
Naranjito,1995-1999,2,78.65590036506016,78.78533873307919,77.62373516792216,80.1032255214021,Estimación adecuada
Naranjito,2000-2004,1,74.63277957895157,74.5146005016513,73.40008119071007,75.6416315231986,Estimación adecuada
Naranjito,2000-2004,2,81.3237249014267,80.89318921169281,79.66458373210936,82.21145364327927,Estimación adecuada
Naranjito,2005-2009,1,75.99855541657749,75.91664432793291,74.70683273999758,77.06269468235399,Estimación adecuada
Naranjito,2005-2009,2,80.48766591095897,80.92258895472276,79.83913508725347,82.2854165674708,Estimación adecuada
Naranjito,2010-2014,1,78.06867941838863,77.30920060080535,76.16284835361813,78.41310352492691,Estimación adecuada
Naranjito,2010-2014,2,82.65070714576854,83.30937036005135,82.09322221862354,84.78009515199521,Estimación adecuada
Naranjito,2015-2019,1,79.07638205268566,78.80898710760869,77.25579893264806,80.3924270458537,Estimación adecuada
Naranjito,2015-2019,2,84.11022620297788,84.48772938597287,82.8662367860854,86.86658533377496,Estimación adecuada
Naranjito,2020-2024,1,76.47036321030664,77.28315131566137,76.10857970326586,78.43893954084365,Estimación adecuada
Naranjito,2020-2024,2,85.5464479801685,85.01618738867639,83.85614918233911,86.54066665546455,Estimación adecuada
Orocovis,1980-1984,1,72.72906692402154,72.79179716177379,71.63067354861417,74.28642130478673,Estimación adecuada
Orocovis,1980-1984,2,77.86142907197836,78.05755373985349,76.74010626972579,79.4351010948215,Estimación adecuada
Orocovis,1985-1989,1,72.85091777930474,72.53569133570376,71.42003161949843,73.6326687713991,Estimación adecuada
Orocovis,1985-1989,2,81.29104528741894,79.99087035730952,78.4670313598021,81.90662459346765,Estimación adecuada
Orocovis,1990-1994,1,70.60058860243554,71.27466168112139,70.17617077148938,72.44159372325173,Estimación adecuada
Orocovis,1990-1994,2,79.22798864217876,79.25049395290668,77.90412873058442,80.79999604452611,Estimación adecuada
Orocovis,1995-1999,1,73.60340094554903,72.99530667967315,71.8903393247372,74.14426520271833,Estimación adecuada
Orocovis,1995-1999,2,79.1323714581045,79.16890782322426,77.84467060685132,80.68862951409363,Estimación adecuada
Orocovis,2000-2004,1,74.41328939577895,74.3106770604848,73.23597610435297,75.47581498842393,Estimación adecuada
Orocovis,2000-2004,2,81.98882610565248,81.62920178216443,80.11211755401246,83.4300357324325,Estimación adecuada
Orocovis,2005-2009,1,75.69132995813912,75.5437458979541,74.45263092850368,76.74773275354279,Estimación adecuada
Orocovis,2005-2009,2,81.16474437290852,81.28195400330782,80.03038004540713,82.68049632566547,Estimación adecuada
Orocovis,2010-2014,1,77.47293959080197,76.76637139827272,75.49947743392737,78.03734394788898,Estimación adecuada
Orocovis,2010-2014,2,82.46422909398777,82.29747943483926,80.87677728949149,83.84547287759064,Estimación adecuada
Orocovis,2015-2019,1,77.35676485837183,77.2902965934307,76.17180499845742,78.5992136653662,Estimación adecuada
Orocovis,2015-2019,2,82.90814367717783,83.44457866162146,82.0483594110582,85.34672947497717,Estimación adecuada
Orocovis,2020-2024,1,77.73083936028473,78.21360138611371,76.93162940230357,79.82081012368502,Estimación adecuada
Orocovis,2020-2024,2,84.6638967531392,84.32900511379061,82.71163828144321,85.94865937538373,Estimación adecuada
Patillas,1980-1984,1,70.55498490297911,71.18249184603039,69.84283579054656,72.43657471110564,Estimación adecuada
Patillas,1980-1984,2,77.0770202211618,77.21417869999568,75.93860299718374,78.59256597397206,Estimación adecuada
Patillas,1985-1989,1,71.25670097594359,70.67801154152765,69.61040626595276,71.79470092899936,Estimación adecuada
Patillas,1985-1989,2,78.52218489703665,77.92277259958742,76.77046431036838,79.32317951227031,Estimación adecuada
Patillas,1990-1994,1,71.56271664381397,71.06310521052805,69.86507641743988,72.28635431050901,Estimación adecuada
Patillas,1990-1994,2,78.21041224275784,77.98241000568677,76.7073055092308,79.22939331864337,Estimación adecuada
Patillas,1995-1999,1,70.48119697035862,70.83071583427986,69.70323646400331,71.90890221335145,Estimación adecuada
Patillas,1995-1999,2,78.32984154966495,77.97408950453455,76.91110217035,79.22656282076036,Estimación adecuada
Patillas,2000-2004,1,73.8506423505799,73.50562268794354,72.42794544785765,74.59274940298202,Estimación adecuada
Patillas,2000-2004,2,78.89047804478727,79.44246360701098,78.09405869751863,81.0660344456066,Estimación adecuada
Patillas,2005-2009,1,74.72830936453121,74.38916016487107,73.1301432224597,75.57740048665806,Estimación adecuada
Patillas,2005-2009,2,81.28824320891759,80.5783000557721,79.40570699509313,81.99894819959212,Estimación adecuada
Patillas,2010-2014,1,74.39053304702408,75.04339099282299,73.90179606125217,76.27663248613521,Estimación adecuada
Patillas,2010-2014,2,82.75635913628088,82.32683157422443,80.84993430257256,84.06952665160424,Estimación adecuada
Patillas,2015-2019,1,76.86618907697726,76.63945738698303,75.20398099191787,78.15172933255165,Estimación adecuada
Patillas,2015-2019,2,82.23962226875904,83.06119141412765,81.55385987301152,85.50138744087845,Estimación adecuada
Patillas,2020-2024,1,75.4708231409884,76.41438759706278,75.26874209786688,77.48418686348433,Estimación adecuada
Patillas,2020-2024,2,81.26412060094087,83.54877901749794,81.81400830346203,85.61393455433529,> e0 observado
Penuelas,1980-1984,1,72.27798445770397,71.444793501363,70.25780040501283,72.54874249267753,Estimación adecuada
Penuelas,1980-1984,2,77.33970023574763,77.36615732139421,76.19376924515258,78.87803106593853,Estimación adecuada
Penuelas,1985-1989,1,72.6512008048289,71.74842939043072,70.5938568676192,72.9357518511995,Estimación adecuada
Penuelas,1985-1989,2,78.13460142491375,77.85418249985315,76.55172594707558,79.1675642673948,Estimación adecuada
Penuelas,1990-1994,1,71.36471051895568,70.88077640499043,69.79427919946548,71.96955918633854,Estimación adecuada
Penuelas,1990-1994,2,77.08244604683108,77.36562526239081,76.03941423595026,78.839521170897,Estimación adecuada
Penuelas,1995-1999,1,72.40041082795156,71.71389025354759,70.65749267728499,72.80659126368006,Estimación adecuada
Penuelas,1995-1999,2,77.91400298727116,78.40700021254665,77.19745981909062,79.67280126004592,Estimación adecuada
Penuelas,2000-2004,1,73.02235424202694,72.8346928800497,71.81930470105401,73.88954917016257,Estimación adecuada
Penuelas,2000-2004,2,79.70474254601908,79.73253937082299,78.31572958214542,81.40767396457939,Estimación adecuada
Penuelas,2005-2009,1,74.19447140506774,74.109280634455,72.99885070705365,75.2109520063097,Estimación adecuada
Penuelas,2005-2009,2,82.82182297803345,81.8198080795587,79.81348523454731,83.99826832715335,Estimación adecuada
Penuelas,2010-2014,1,76.18527271846138,76.04655527589264,74.74670535388866,77.58479182602079,Estimación adecuada
Penuelas,2010-2014,2,82.19700284432516,81.81300972944506,80.43020210754347,83.39462802663724,Estimación adecuada
Penuelas,2015-2019,1,76.6984305625057,76.5390881466509,75.43516968607828,77.62138379244071,Estimación adecuada
Penuelas,2015-2019,2,82.36592815441142,82.3903398736845,80.92971627706292,84.01956543338798,Estimación adecuada
Penuelas,2020-2024,1,78.04011712935521,77.18763233181018,75.93957887025938,78.48684224972132,Estimación adecuada
Penuelas,2020-2024,2,82.94330666513721,82.78929435071261,81.45875686064751,84.11833325552126,Estimación adecuada
Ponce,1980-1984,1,70.79757590723455,70.67591753771518,70.1872899191297,71.18114938871123,Estimación adecuada
Ponce,1980-1984,2,77.69176448647929,77.33049658100991,76.73420371599833,77.84664727465706,Estimación adecuada
Ponce,1985-1989,1,68.73491444566098,68.92984294206397,68.423146641463,69.45934396422868,Estimación adecuada
Ponce,1985-1989,2,77.1681269456539,77.05161800844414,76.52287926353769,77.56871801221864,Estimación adecuada
Ponce,1990-1994,1,67.87000405490816,68.12634924655555,67.61111510717964,68.64067133259616,Estimación adecuada
Ponce,1990-1994,2,77.41802519464895,77.41782638107706,76.87314174464083,77.9215272591336,Estimación adecuada
Ponce,1995-1999,1,68.70736104757084,68.90936165377074,68.37252950119826,69.37745565487583,Estimación adecuada
Ponce,1995-1999,2,78.1717886455677,78.08668134687917,77.52743346477207,78.64269774675415,Estimación adecuada
Ponce,2000-2004,1,71.81469924793727,71.89519880579263,71.3566726078747,72.41295724962363,Estimación adecuada
Ponce,2000-2004,2,80.03988166123872,79.8124018778504,79.32482744506856,80.33098904285933,Estimación adecuada
Ponce,2005-2009,1,72.13379566134937,72.35106422764161,71.76325867642235,72.91943790196774,Estimación adecuada
Ponce,2005-2009,2,80.92465731160068,80.7389059510439,80.1409103485107,81.39760269535859,Estimación adecuada
Ponce,2010-2014,1,74.26303296359087,74.26800129608216,73.69098755018051,74.8842822106646,Estimación adecuada
Ponce,2010-2014,2,81.29189056488079,81.21867924900528,80.54319328407405,81.88677125569528,Estimación adecuada
Ponce,2015-2019,1,75.23911694080613,75.46735386850875,74.79828832509187,76.17039664672684,Estimación adecuada
Ponce,2015-2019,2,82.79138341506837,82.73094748243898,81.92146524094609,83.62191495604468,Estimación adecuada
Ponce,2020-2024,1,75.28481781442848,75.32784525869374,74.69612305989763,76.05608995887013,Estimación adecuada
Ponce,2020-2024,2,83.96923954301161,83.65713349876737,83.10451420527512,84.267285286552,Estimación adecuada
Quebradillas,1980-1984,1,71.52170880548245,71.3922185028389,70.24820738124833,72.56120055746058,Estimación adecuada
Quebradillas,1980-1984,2,79.14850632295519,78.24129505702884,76.74385793311296,79.84575097862997,Estimación adecuada
Quebradillas,1985-1989,1,70.57150285208294,70.74377261090132,69.57241069494475,71.88747916512183,Estimación adecuada
Quebradillas,1985-1989,2,77.63402051730175,77.27755211757645,76.1403221114272,78.40740943547294,Estimación adecuada
Quebradillas,1990-1994,1,71.73795914915502,71.31108452844194,70.11085201975153,72.58842073726208,Estimación adecuada
Quebradillas,1990-1994,2,79.25521435019591,78.3431427463125,77.15471153978963,79.63898648974377,Estimación adecuada
Quebradillas,1995-1999,1,72.42498980653662,71.52745720000935,70.58358490776342,72.51245618698957,Estimación adecuada
Quebradillas,1995-1999,2,78.91218705703014,78.64833177938618,77.53306768970026,80.0423817011212,Estimación adecuada
Quebradillas,2000-2004,1,73.67704884936512,73.15918980335975,72.16283330989954,74.19956426770102,Estimación adecuada
Quebradillas,2000-2004,2,79.62466146179207,79.5959512824174,78.58473720037766,80.66004593010506,Estimación adecuada
Quebradillas,2005-2009,1,75.99402732192543,74.75617219159717,73.63550756343622,75.93353420982622,< e0 observado
Quebradillas,2005-2009,2,81.61178098691944,81.31751874066785,79.73401779207873,82.99675120478841,Estimación adecuada
Quebradillas,2010-2014,1,76.3712230986453,75.93902071918036,74.79906512858041,77.22831167589666,Estimación adecuada
Quebradillas,2010-2014,2,82.01748516464768,81.9357585400575,80.6556892348318,83.63036366027688,Estimación adecuada
Quebradillas,2015-2019,1,76.93526106356025,76.6332497478954,75.56773690836296,77.69531949908384,Estimación adecuada
Quebradillas,2015-2019,2,82.39762519917137,82.1227155757793,81.04543122878346,83.38253484135241,Estimación adecuada
Quebradillas,2020-2024,1,78.36972561624829,77.24298297747575,75.97984911314883,78.44828207446618,Estimación adecuada
Quebradillas,2020-2024,2,83.83938815945945,83.45308222151931,82.05604070869929,84.80830276235288,Estimación adecuada
Rincon,1980-1984,1,70.28175823718377,71.85625630302701,70.46738547151472,73.14287851941633,> e0 observado
Rincon,1980-1984,2,77.86028564943418,78.13924518282346,76.81548087395457,79.78453496291998,Estimación adecuada
Rincon,1985-1989,1,72.79300750474727,72.41760731135057,71.1310984426734,73.68830930901288,Estimación adecuada
Rincon,1985-1989,2,77.81113727000096,78.32952439896079,76.95861826942739,79.80595389610372,Estimación adecuada
Rincon,1990-1994,1,73.59609187409953,72.60446258310111,71.2351597102707,73.95575139213881,Estimación adecuada
Rincon,1990-1994,2,79.50096293780544,78.91517725657678,77.5523288759846,80.44425292303457,Estimación adecuada
Rincon,1995-1999,1,71.72035155931661,71.63760224012557,70.40479123229133,72.78472816840747,Estimación adecuada
Rincon,1995-1999,2,79.65114022819773,79.53661533301793,78.05430021243885,81.128439751654,Estimación adecuada
Rincon,2000-2004,1,74.82224982508568,74.37460960781044,73.23133170890812,75.6959490884074,Estimación adecuada
Rincon,2000-2004,2,81.93995292079917,81.19237689907851,79.87236678700803,82.96142629098634,Estimación adecuada
Rincon,2005-2009,1,76.31632296161625,75.49367654962089,74.28789013386395,76.75391225937821,Estimación adecuada
Rincon,2005-2009,2,80.19694141801982,80.81862326724293,79.60015457765583,82.08791800609698,Estimación adecuada
Rincon,2010-2014,1,78.30482756788419,76.83746213886425,75.66126165702879,78.22020504288001,< e0 observado
Rincon,2010-2014,2,82.87640830916857,82.93880303314594,81.38861292190481,84.68961057285827,Estimación adecuada
Rincon,2015-2019,1,77.98704018699623,77.99187843436073,76.73106157817301,79.49895183365986,Estimación adecuada
Rincon,2015-2019,2,84.84410804370212,84.93219308231821,82.86878351284999,87.14159077274121,Estimación adecuada
Rincon,2020-2024,1,77.49705120190244,77.92727816059215,76.57068897241862,79.51783033767798,Estimación adecuada
Rincon,2020-2024,2,86.03888323166304,85.0525628615259,83.57761891860068,86.7632682985382,Estimación adecuada
Rio Grande,1980-1984,1,70.59418766740976,70.7403504319403,69.70762852900687,71.74657967921105,Estimación adecuada
Rio Grande,1980-1984,2,77.55398140702295,77.15396708277537,76.12846335977287,78.32806589626422,Estimación adecuada
Rio Grande,1985-1989,1,72.59023669040704,71.8875765157569,70.84767802288107,72.89858409543007,Estimación adecuada
Rio Grande,1985-1989,2,78.55731012506857,78.15591147334096,77.05151674330851,79.32805352405506,Estimación adecuada
Rio Grande,1990-1994,1,69.717985325973,70.05724781399051,69.15375021659787,70.94073214645496,Estimación adecuada
Rio Grande,1990-1994,2,78.96458431840854,78.67311950485453,77.62726478981726,79.71611098848737,Estimación adecuada
Rio Grande,1995-1999,1,68.87879306733795,69.57013349817251,68.72203344906633,70.4954549036678,Estimación adecuada
Rio Grande,1995-1999,2,78.53998397637898,78.37040435595677,77.47629050789608,79.39233532667178,Estimación adecuada
Rio Grande,2000-2004,1,73.18205472982412,73.17777419652599,72.23087324807182,74.04687343837584,Estimación adecuada
Rio Grande,2000-2004,2,80.78016465755545,80.54700775606287,79.56260768341225,81.61055721165235,Estimación adecuada
Rio Grande,2005-2009,1,73.85463447947836,74.1374301088122,73.11547039055048,75.22124623996285,Estimación adecuada
Rio Grande,2005-2009,2,80.47662287694773,80.16716271619799,79.42950277590056,81.10420928231646,Estimación adecuada
Rio Grande,2010-2014,1,75.2247195751494,75.30709163939022,74.3473700541637,76.35650350049535,Estimación adecuada
Rio Grande,2010-2014,2,81.51611565053939,81.30904994490172,80.43721824956063,82.35514435534753,Estimación adecuada
Rio Grande,2015-2019,1,77.23180374680149,77.25354331832004,76.15912961133772,78.29392288626813,Estimación adecuada
Rio Grande,2015-2019,2,84.62275704771446,84.24152403170375,83.22733593231591,85.29584290496341,Estimación adecuada
Rio Grande,2020-2024,1,75.61103689813268,76.09017374259722,75.00903466735974,77.14157410619822,Estimación adecuada
Rio Grande,2020-2024,2,83.08292382908957,83.60544671077169,82.26968663338289,85.13738881265971,Estimación adecuada
Sabana Grande,1980-1984,1,72.3729900589485,71.52878708156746,70.35818010467844,72.6647355351704,Estimación adecuada
Sabana Grande,1980-1984,2,76.89450243904275,77.23292577833092,76.03206778645507,78.59982753713184,Estimación adecuada
Sabana Grande,1985-1989,1,72.51481223017252,71.8459624944652,70.72025905592464,72.98279046638015,Estimación adecuada
Sabana Grande,1985-1989,2,78.82745925315902,78.1094523697285,77.08252011058701,79.45801877641696,Estimación adecuada
Sabana Grande,1990-1994,1,71.94187750193456,71.41349351321153,70.32330069106513,72.46478685843785,Estimación adecuada
Sabana Grande,1990-1994,2,77.20864393760964,77.30819692936896,76.312397115951,78.32908429168823,Estimación adecuada
Sabana Grande,1995-1999,1,72.37053165080943,71.62909264618585,70.67926265512634,72.63494941340555,Estimación adecuada
Sabana Grande,1995-1999,2,77.23108403511011,77.20476345546497,76.2387984666139,78.22724852775201,Estimación adecuada
Sabana Grande,2000-2004,1,74.64986327086396,73.85248267847729,72.7503393400471,74.99124209558136,Estimación adecuada
Sabana Grande,2000-2004,2,79.35818188676546,79.7405899140482,78.5796638424142,81.02742155168923,Estimación adecuada
Sabana Grande,2005-2009,1,75.6276167481763,74.53978970727428,73.33839230672206,75.8209926721535,Estimación adecuada
Sabana Grande,2005-2009,2,79.77819204435576,80.23530981293911,78.92808931498762,81.70248121333009,Estimación adecuada
Sabana Grande,2010-2014,1,74.78201538562976,75.03142898417134,73.93586131927853,76.08782661901354,Estimación adecuada
Sabana Grande,2010-2014,2,82.75997741329729,82.21043925310764,80.81150016402731,83.67200415407596,Estimación adecuada
Sabana Grande,2015-2019,1,76.85666103298253,76.39870624431867,75.29810913011345,77.62492410704466,Estimación adecuada
Sabana Grande,2015-2019,2,82.80948263131025,82.49710778569894,81.39570257687794,83.62068142670047,Estimación adecuada
Sabana Grande,2020-2024,1,75.28065531030015,75.82742811790645,74.69758926323775,77.07105270938412,Estimación adecuada
Sabana Grande,2020-2024,2,82.0978932995179,83.08420920883086,81.83617799284275,84.64330544452824,Estimación adecuada
Salinas,1980-1984,1,69.01986735559693,69.51561740410963,68.49904282933014,70.43885931292841,Estimación adecuada
Salinas,1980-1984,2,76.98297115042409,76.8218895632413,75.6752457956603,78.18316690298157,Estimación adecuada
Salinas,1985-1989,1,67.79265862942536,68.77456858934097,67.68088357834459,69.88364512168685,Estimación adecuada
Salinas,1985-1989,2,76.44602283644646,76.5630323152851,75.46244128759898,77.6845624426819,Estimación adecuada
Salinas,1990-1994,1,68.6841179175196,69.32820108251566,68.26145679607039,70.3841511781567,Estimación adecuada
Salinas,1990-1994,2,77.09930703125315,77.35785367573743,76.25183338491864,78.50603880581505,Estimación adecuada
Salinas,1995-1999,1,69.23146269311026,69.47559804434556,68.4551460762172,70.4869456267512,Estimación adecuada
Salinas,1995-1999,2,78.75842131061746,78.33783440547933,77.10602319928327,79.67198259639167,Estimación adecuada
Salinas,2000-2004,1,72.76636692736702,72.7179697579229,71.67700735871678,73.77960695157682,Estimación adecuada
Salinas,2000-2004,2,80.49235615663612,80.02586112444317,78.92334590790269,81.23027854281965,Estimación adecuada
Salinas,2005-2009,1,73.21142845974344,73.23357898064869,72.153610991217775,74.34353220916522,Estimación adecuada
Salinas,2005-2009,2,80.33813928741819,80.24441638139855,79.09151645530737,81.47791358258661,Estimación adecuada
Salinas,2010-2014,1,75.3748293097773,75.28308989578045,74.21087230464323,76.27997394146466,Estimación adecuada
Salinas,2010-2014,2,83.01656230018808,82.78892055687857,81.19535476070753,84.36626581789405,Estimación adecuada
Salinas,2015-2019,1,77.80202446104306,77.23991228320637,75.9715780649202,78.49067500149216,Estimación adecuada
Salinas,2015-2019,2,84.695936336907,83.78447443472069,82.43311816350517,85.20738609046137,Estimación adecuada
Salinas,2020-2024,1,76.5978333359959,76.37910630896394,75.31439081937161,77.59658516267092,Estimación adecuada
Salinas,2020-2024,2,84.82948093725749,83.99793161066673,82.3959865705639,85.60557965309445,Estimación adecuada
San German,1980-1984,1,72.25032938508316,72.04943343874751,71.07045156574142,73.0477200062275,Estimación adecuada
San German,1980-1984,2,76.47190523891047,76.84123525215415,75.91398348390278,78.05797786088405,Estimación adecuada
San German,1985-1989,1,73.16113469948746,72.55224932643658,71.52707645396339,73.45504784652806,Estimación adecuada
San German,1985-1989,2,78.36409577769147,78.16107932309947,77.15986104479602,79.16082054453607,Estimación adecuada
San German,1990-1994,1,72.35688105504305,71.87467343190892,70.96818137036765,72.73593303856171,Estimación adecuada
San German,1990-1994,2,78.34360703211838,78.5189672065333,77.44210429226996,79.56807121851129,Estimación adecuada
San German,1995-1999,1,73.28662483041799,72.76393256477004,71.76005372190014,73.73718737869156,Estimación adecuada
San German,1995-1999,2,78.46162595942616,78.76823063973214,77.80191664461661,79.73998995837603,Estimación adecuada
San German,2000-2004,1,74.85200199499089,74.3130995323788,73.31536211001195,75.24735660251862,Estimación adecuada
San German,2000-2004,2,79.18802488909238,79.45017584631015,78.54752764653574,80.65460182082482,Estimación adecuada
San German,2005-2009,1,74.36596502991121,74.20615184350677,73.18720596520733,75.25565967142579,Estimación adecuada
San German,2005-2009,2,81.09678790975268,81.14403498592155,80.04668104940194,82.28276051388109,Estimación adecuada
San German,2010-2014,1,76.98841277082703,76.15878750649213,75.24107018650817,77.07979195485929,Estimación adecuada
San German,2010-2014,2,81.67156186236672,81.93433931390462,80.65027517586736,83.20014097263727,Estimación adecuada
San German,2015-2019,1,78.08795578671132,77.17476777639311,76.20125984645507,78.1720552470657,Estimación adecuada
San German,2015-2019,2,81.95790403202054,82.34787099564518,81.29641551748236,83.48208700013684,Estimación adecuada
San German,2020-2024,1,77.68378080074706,77.19815151473976,76.12838898094991,78.20179049317781,Estimación adecuada
San German,2020-2024,2,82.86606747430847,83.4103090872511,82.32617601029763,84.39710426704472,Estimación adecuada
San Juan,1980-1984,1,68.26137226936552,68.38846403311891,68.0353023907022,68.71966753719268,Estimación adecuada
San Juan,1980-1984,2,77.98175300417972,77.85693767242037,77.49383254270741,78.22615522795869,Estimación adecuada
San Juan,1985-1989,1,66.96744464005974,67.11955539023904,66.7723486346551,67.47658069515687,Estimación adecuada
San Juan,1985-1989,2,78.26875532864007,78.18943225355403,77.82301998405791,78.57833830624668,Estimación adecuada
San Juan,1990-1994,1,64.45177451257833,64.70900837753726,64.32750322601602,65.0680991662245,Estimación adecuada
San Juan,1990-1994,2,77.9510862091286,77.98434982861755,77.60737073596184,78.40094711269167,Estimación adecuada
San Juan,1995-1999,1,66.88645464614926,67.05716417935754,66.68498136574789,67.3939978641875,Estimación adecuada
San Juan,1995-1999,2,78.90633925094117,78.89411566206785,78.47808426365835,79.31301952774608,Estimación adecuada
San Juan,2000-2004,1,70.87615547419726,70.94292768735102,70.57522011243282,71.30863361457205,Estimación adecuada
San Juan,2000-2004,2,80.6995291854918,80.58787536611845,80.19583642552982,81.04479152948076,Estimación adecuada
San Juan,2005-2009,1,71.97949749656237,72.0345291367251,71.63409812042184,72.40018838375687,Estimación adecuada
San Juan,2005-2009,2,81.46719257058307,81.39562962270229,80.99097975292268,81.88624252024425,Estimación adecuada
San Juan,2010-2014,1,73.58705582183369,73.70036342105277,73.27542155914821,74.11591656373668,Estimación adecuada
San Juan,2010-2014,2,83.075882963197,82.94375487876883,82.43573172679645,83.47401114539161,Estimación adecuada
San Juan,2015-2019,1,74.62427503463849,74.7442925542762,74.29948779936215,75.20542358771644,Estimación adecuada
San Juan,2015-2019,2,83.61847977164665,83.57587683633744,82.97070531393766,84.11762369669032,Estimación adecuada
San Juan,2020-2024,1,74.68060576699101,74.82033625831316,74.3014465628734,75.31311463053189,Estimación adecuada
San Juan,2020-2024,2,83.7308927510581,83.56314935943885,83.03042852594756,84.16774298133468,Estimación adecuada
San Lorenzo,1980-1984,1,72.42635413000933,72.29983786133127,71.11120190991257,73.46146890719086,Estimación adecuada
San Lorenzo,1980-1984,2,77.81670293955375,77.73818515584333,76.6541343407852,78.97927656539628,Estimación adecuada
San Lorenzo,1985-1989,1,70.31303109410412,70.8616234082121,69.77576331689532,71.88598172124149,Estimación adecuada
San Lorenzo,1985-1989,2,79.25628773559832,78.50491257543607,77.46206870859248,79.66910151499715,Estimación adecuada
San Lorenzo,1990-1994,1,70.47514076088308,70.63026796114889,69.63389522184077,71.61972583067597,Estimación adecuada
San Lorenzo,1990-1994,2,79.21166721450432,78.63247385081965,77.5094852974221,79.63487400474135,Estimación adecuada
San Lorenzo,1995-1999,1,71.78826386359161,71.65285081274115,70.65072286367601,72.7527998871492,Estimación adecuada
San Lorenzo,1995-1999,2,78.28317800654982,78.11565312478432,77.2432046555186,79.03500310972849,Estimación adecuada
San Lorenzo,2000-2004,1,73.21363850026158,73.32547809055393,72.33746891827082,74.45310311936835,Estimación adecuada
San Lorenzo,2000-2004,2,80.88971470058677,80.63650223723856,79.49028098155964,81.74009513301635,Estimación adecuada
San Lorenzo,2005-2009,1,74.4561706047248,74.41987878604007,73.37146973608941,75.46292874685031,Estimación adecuada
San Lorenzo,2005-2009,2,81.16130116216382,80.83101699003014,79.824501041109,81.9531409243254,Estimación adecuada
San Lorenzo,2010-2014,1,75.90726808814337,76.08451546945747,74.97377068364574,77.21131436436752,Estimación adecuada
San Lorenzo,2010-2014,2,82.33834359548328,81.84023760089772,80.89099566944043,83.09019970671085,Estimación adecuada
San Lorenzo,2015-2019,1,77.41407852043154,77.93328044152602,76.74225845130192,79.18023055270788,Estimación adecuada
San Lorenzo,2015-2019,2,84.87927123333901,84.25617582771784,82.7351382974873,85.86505196974575,Estimación adecuada
San Lorenzo,2020-2024,1,77.63723628696799,77.75515300546489,76.6717425800573,78.78803818847368,Estimación adecuada
San Lorenzo,2020-2024,2,84.52792721973736,84.22802830076313,83.1685523324978,85.34075844444385,Estimación adecuada
San Sebastian,1980-1984,1,73.32261995563178,72.68039529975063,71.73328062958635,73.58717735782312,Estimación adecuada
San Sebastian,1980-1984,2,76.60034177512384,76.9646754887968,75.97637236630003,78.05743630858082,Estimación adecuada
San Sebastian,1985-1989,1,71.40449158034552,71.6131652798658,70.73007744501814,72.47126922656517,Estimación adecuada
San Sebastian,1985-1989,2,78.2494081479913,78.21674795538607,77.14779702906364,79.19012067453022,Estimación adecuada
San Sebastian,1990-1994,1,72.65461832617129,72.13832277897285,71.21993334175549,73.0021653566647,Estimación adecuada
San Sebastian,1990-1994,2,78.51360518526702,78.48910217484804,77.59743874360251,79.33255021077562,Estimación adecuada
San Sebastian,1995-1999,1,72.73305281733784,72.38129949255885,71.57937010273018,73.11329747435114,Estimación adecuada
San Sebastian,1995-1999,2,78.99732008697634,78.67871914475202,77.82778895603806,79.62702640625028,Estimación adecuada
San Sebastian,2000-2004,1,74.69852788921102,74.24026168502782,73.44064164477643,75.07089436909214,Estimación adecuada
San Sebastian,2000-2004,2,79.8730465108972,79.73235021748806,78.8794460533469,80.58599512412194,Estimación adecuada
San Sebastian,2005-2009,1,76.32858026259699,75.56204692079947,74.61773590004006,76.52222241615061,Estimación adecuada
San Sebastian,2005-2009,2,81.02148849025096,80.77830405023937,79.9552615365381,81.77209003117196,Estimación adecuada
San Sebastian,2010-2014,1,76.48579589341884,76.08588608463617,75.16114186313706,76.99060773679561,Estimación adecuada
San Sebastian,2010-2014,2,81.1085929638373,81.05236697294077,80.3310947205064,82.03671699427895,Estimación adecuada
San Sebastian,2015-2019,1,78.72414223229252,78.01234729432741,77.05405725671518,78.96441366624273,Estimación adecuada
San Sebastian,2015-2019,2,82.98726266365269,82.67963737842649,81.65922358532764,83.82160089919543,Estimación adecuada
San Sebastian,2020-2024,1,77.05178335400035,76.72681346359958,75.8226992465567,77.60881835341743,Estimación adecuada
San Sebastian,2020-2024,2,82.8108916046149,82.98361820893959,82.02317005598545,84.14789928764304,Estimación adecuada
Santa Isabel,1980-1984,1,69.74935360864662,69.37131424231629,68.29739906478429,70.4644995233206,Estimación adecuada
Santa Isabel,1980-1984,2,77.48214773676764,76.70484440165004,75.41061768031905,78.2351208569218,Estimación adecuada
Santa Isabel,1985-1989,1,68.73487029182523,69.23793090279455,68.07797742041797,70.40037894140927,Estimación adecuada
Santa Isabel,1985-1989,2,75.96201728298354,75.9571678990305,74.87113880164885,77.19026266120117,Estimación adecuada
Santa Isabel,1990-1994,1,66.66867298161017,68.09394008721804,66.83536245559812,69.26945098456723,> e0 observado
Santa Isabel,1990-1994,2,75.10369636586238,76.10273840383928,74.8604435729215,77.3243433353475,Estimación adecuada
Santa Isabel,1995-1999,1,68.57007945372901,69.03226773963289,67.90602653812603,70.14843542714543,Estimación adecuada
Santa Isabel,1995-1999,2,77.46416105314748,77.11536513578397,75.95074417683375,78.286140059884,Estimación adecuada
Santa Isabel,2000-2004,1,69.06803414004598,70.50793777975508,69.4561957740564,71.62513290588414,> e0 observado
Santa Isabel,2000-2004,2,78.87142422589952,78.65816822099502,77.53078662695941,79.93058629080413,Estimación adecuada
Santa Isabel,2005-2009,1,71.59221483451837,71.99514179934349,70.92874168990853,73.09625464143654,Estimación adecuada
Santa Isabel,2005-2009,2,79.1802560425951,79.56100702896816,78.17583624705853,81.4648799566913,Estimación adecuada
Santa Isabel,2010-2014,1,74.40303161037349,74.68070833905834,73.30454605113448,75.95630903283168,Estimación adecuada
Santa Isabel,2010-2014,2,81.62107534041219,80.77325928504467,79.55525925901486,82.19228396347003,Estimación adecuada
Santa Isabel,2015-2019,1,75.05147971513351,75.1398441346725,73.87228255290296,76.29930470798627,Estimación adecuada
Santa Isabel,2015-2019,2,83.44726365345291,82.30458561044483,80.94232210990285,84.04643720856437,Estimación adecuada
Santa Isabel,2020-2024,1,73.62255334501795,74.26156162284147,73.13904476411489,75.47866382431086,Estimación adecuada
Santa Isabel,2020-2024,2,83.26527827934534,82.74005774299366,81.51050953622035,84.16452428016973,Estimación adecuada
Toa Alta,1980-1984,1,74.69235721677197,73.79535336237902,72.58769673959667,75.14974888422152,Estimación adecuada
Toa Alta,1980-1984,2,77.77753264780839,78.53393909636708,77.29898521459029,79.80998495394195,Estimación adecuada
Toa Alta,1985-1989,1,72.99256883196863,72.83922685523972,71.81374016831832,73.92974542770119,Estimación adecuada
Toa Alta,1985-1989,2,80.93859061928804,80.27404706170893,78.89090316388925,81.96507582385337,Estimación adecuada
Toa Alta,1990-1994,1,72.74148598513636,72.75152703719141,71.81297550346486,73.8056576037038,Estimación adecuada
Toa Alta,1990-1994,2,79.48058228089128,79.64611667959122,78.58073320587884,80.88566966177319,Estimación adecuada
Toa Alta,1995-1999,1,72.98616742679424,72.85297483893632,71.94376243245968,73.74953073279333,Estimación adecuada
Toa Alta,1995-1999,2,80.15919370345486,80.03344152436159,79.12182641692608,81.10919346300336,Estimación adecuada
Toa Alta,2000-2004,1,74.68681920508396,74.62805807937352,73.83991062257621,75.51641027085475,Estimación adecuada
Toa Alta,2000-2004,2,81.24380284823727,81.32918386681129,80.2816929274394,82.34251578452647,Estimación adecuada
Toa Alta,2005-2009,1,76.42384554416803,76.34188206289227,75.52576490777739,77.37520673776082,Estimación adecuada
Toa Alta,2005-2009,2,82.90219933116258,82.67835669951457,81.52127091159838,83.88067011049554,Estimación adecuada
Toa Alta,2010-2014,1,77.39726955708399,77.37708086043423,76.56169140086318,78.23755976095943,Estimación adecuada
Toa Alta,2010-2014,2,82.75703649406371,82.60631696757494,81.6550056175331,83.7179622949275,Estimación adecuada
Toa Alta,2015-2019,1,78.33853975506489,78.4487065935133,77.51941638123867,79.4243636562022,Estimación adecuada
Toa Alta,2015-2019,2,84.04348775618239,84.04357247102102,83.08660823362447,84.98900135905015,Estimación adecuada
Toa Alta,2020-2024,1,79.19299322315949,78.98542824330883,78.07436536172135,79.9769906872973,Estimación adecuada
Toa Alta,2020-2024,2,84.16308568768287,83.75840790350519,82.77437819137327,84.87461471438942,Estimación adecuada
Toa Baja,1980-1984,1,72.38267125634219,72.07285993784481,71.22922128998754,73.0386200138709,Estimación adecuada
Toa Baja,1980-1984,2,78.65831779387986,78.18215746132783,77.20497308677692,79.30887923800249,Estimación adecuada
Toa Baja,1985-1989,1,71.11215655345795,71.16015435044675,70.37296781857611,71.90210669173293,Estimación adecuada
Toa Baja,1985-1989,2,78.32059960993973,78.1665838121832,77.24659768012944,79.22326106626932,Estimación adecuada
Toa Baja,1990-1994,1,69.4995682218272,69.92950710569215,69.21426221149825,70.62238136716395,Estimación adecuada
Toa Baja,1990-1994,2,78.52941958784777,78.26087294933998,77.64500686455321,78.92471149015203,Estimación adecuada
Toa Baja,1995-1999,1,70.8877517252264,71.0383452517257,70.26575609300973,71.79059367044654,Estimación adecuada
Toa Baja,1995-1999,2,79.75624211355006,79.24916430429985,78.45582568135531,80.11226556012856,Estimación adecuada
Toa Baja,2000-2004,1,72.56309026795667,72.82157369442497,72.0572022700325,73.56158906238375,Estimación adecuada
Toa Baja,2000-2004,2,80.64527383641621,80.38276141731026,79.54975119462115,81.22449197570641,Estimación adecuada
Toa Baja,2005-2009,1,73.38562335676495,73.592317305363,72.89278862086735,74.30414926337625,Estimación adecuada
Toa Baja,2005-2009,2,80.85242561056432,80.70873434788362,79.97927717257284,81.56362935740631,Estimación adecuada
Toa Baja,2010-2014,1,75.49479504490984,75.51973819438587,74.69812972451672,76.22925536637966,Estimación adecuada
Toa Baja,2010-2014,2,82.29591439867136,82.05869685370355,81.20743882911886,83.03782657112747,Estimación adecuada
Toa Baja,2015-2019,1,76.07977056582307,76.25075136676195,75.35370940258699,77.24339091027547,Estimación adecuada
Toa Baja,2015-2019,2,83.40018001086167,83.31829210711828,82.41133988401015,84.48917139442077,Estimación adecuada
Toa Baja,2020-2024,1,75.39773260179064,75.62693650603859,74.78848380430632,76.52700520460118,Estimación adecuada
Toa Baja,2020-2024,2,82.61924654085729,82.7282251986274,81.80660049385381,83.88461890860573,Estimación adecuada
Trujillo Alto,1980-1984,1,73.75340204469225,73.66940533162143,72.6671038108448,74.81218017527395,Estimación adecuada
Trujillo Alto,1980-1984,2,80.40172304648812,79.8635520232231,78.6870646661664,81.21975257439875,Estimación adecuada
Trujillo Alto,1985-1989,1,72.481737536368,72.62071945006923,71.72307806972854,73.69125014105853,Estimación adecuada
Trujillo Alto,1985-1989,2,80.06280778026864,79.75713818135961,78.70875888365171,81.0529486683951,Estimación adecuada
Trujillo Alto,1990-1994,1,72.41561233479722,72.56755954921488,71.55976317612864,73.54989258143223,Estimación adecuada
Trujillo Alto,1990-1994,2,79.33338868479264,79.29573171722811,78.28157998782058,80.3512296832196,Estimación adecuada
Trujillo Alto,1995-1999,1,71.86414194392958,72.24579363456914,71.42007409774078,72.97498341406484,Estimación adecuada
Trujillo Alto,1995-1999,2,81.03430300766789,80.62680429913044,79.76793795517604,81.51737589503938,Estimación adecuada
Trujillo Alto,2000-2004,1,74.34999308272945,74.55079486795529,73.781693634531507,75.43301582808373,Estimación adecuada
Trujillo Alto,2000-2004,2,83.31713117111741,83.078867000314375,81.95235744269603,84.1511208342151,Estimación adecuada
Trujillo Alto,2005-2009,1,75.71444111462573,75.75801672469257,74.92394399549015,76.5822011115176,Estimación adecuada
Trujillo Alto,2005-2009,2,83.37681888381142,82.92885898117692,81.91188569794215,84.0043968647793,Estimación adecuada
Trujillo Alto,2010-2014,1,77.02779940986845,77.10572769095513,76.24718463296672,78.13008174526875,Estimación adecuada
Trujillo Alto,2010-2014,2,83.09943490634207,82.93147520643709,81.99132292161016,84.05736430804589,Estimación adecuada
Trujillo Alto,2015-2019,1,78.68107344993756,78.68511012185274,77.66469650398503,79.80721880427818,Estimación adecuada
Trujillo Alto,2015-2019,2,86.1255067117526,85.86635571925916,84.59729247838827,87.05911686620392,Estimación adecuada
Trujillo Alto,2020-2024,1,78.18820119533197,78.26096289313557,77.27808247801542,79.18987924207994,Estimación adecuada
Trujillo Alto,2020-2024,2,85.99445379504849,85.4101048786312,84.38513352885171,86.36091296841717,Estimación adecuada
Utuado,1980-1984,1,72.5740102457935,72.57565652227719,71.46290300698358,73.50481082205344,Estimación adecuada
Utuado,1980-1984,2,78.1726734181664,78.04650990320856,77.04168011885386,79.1131835860828,Estimación adecuada
Utuado,1985-1989,1,72.37574998299176,72.22023501773373,71.28723553782206,73.1356161074985,Estimación adecuada
Utuado,1985-1989,2,77.94583199306706,77.90228636084507,76.93526619567633,78.82495931014039,Estimación adecuada
Utuado,1990-1994,1,73.43220463644309,72.69341445169977,71.63672303430923,73.60572724505029,Estimación adecuada
Utuado,1990-1994,2,78.95468092517847,78.52739669510578,77.57478923062287,79.56050507016543,Estimación adecuada
Utuado,1995-1999,1,72.88721687186569,72.13820016279823,71.19751795163832,73.04700986766247,Estimación adecuada
Utuado,1995-1999,2,79.64256464755466,79.18108454282546,78.14797633928846,80.23153226051406,Estimación adecuada
Utuado,2000-2004,1,75.47800735203313,74.5697103447475,73.5323764763671,75.45264606536634,< e0 observado
Utuado,2000-2004,2,79.68068927400721,79.93298512038893,78.95027843982733,81.0780503828432,Estimación adecuada
Utuado,2005-2009,1,74.55680131239394,74.52070983483992,73.63074597914553,75.44731885213974,Estimación adecuada
Utuado,2005-2009,2,81.41054379407043,81.33950913145091,80.05721709875431,82.64968755417253,Estimación adecuada
Utuado,2010-2014,1,76.3658301562609,75.80962560136933,75.01089484967358,76.60920262813929,Estimación adecuada
Utuado,2010-2014,2,83.61261390946626,82.98310504128199,81.74976077935543,84.40204632383274,Estimación adecuada
Utuado,2015-2019,1,77.86647058364056,77.8502512581176,76.62416984195849,79.24315377019457,Estimación adecuada
Utuado,2015-2019,2,83.76977463810516,83.49607267018452,82.26236804235775,85.01940832275709,Estimación adecuada
Utuado,2020-2024,1,78.5956651993988,77.78795302752144,76.659095885283,79.12842594123795,Estimación adecuada
Utuado,2020-2024,2,85.98939747247178,84.84359692842521,83.38066339596341,86.36370517175828,Estimación adecuada
Vega Alta,1980-1984,1,72.159259520107,72.14841299164897,71.00890983321165,73.34800135008464,Estimación adecuada
Vega Alta,1980-1984,2,78.22632277897844,78.27484262453775,76.92674416216498,79.80043061132068,Estimación adecuada
Vega Alta,1985-1989,1,71.74258348763583,71.95410493829203,70.92175744495454,72.91214684136021,Estimación adecuada
Vega Alta,1985-1989,2,77.35936084187364,77.57330302081171,76.55080659606125,78.70991910000858,Estimación adecuada
Vega Alta,1990-1994,1,70.19925680111793,70.69418144852492,69.70589376574318,71.64244037330168,Estimación adecuada
Vega Alta,1990-1994,2,78.58796128501218,78.6498010276748,77.6243357358132,79.82875137891442,Estimación adecuada
Vega Alta,1995-1999,1,71.42386306056824,71.66796052260582,70.70734282145011,72.53093228704768,Estimación adecuada
Vega Alta,1995-1999,2,78.81541234337985,78.74516026050053,77.68458901058953,79.92011614333694,Estimación adecuada
Vega Alta,2000-2004,1,74.01929300332087,73.94553590132892,72.9462230147617,75.07353398938388,Estimación adecuada
Vega Alta,2000-2004,2,81.702087681508,81.19099006096928,79.87044400750915,82.72967143430431,Estimación adecuada
Vega Alta,2005-2009,1,73.64714621677791,74.05771824911486,73.04323174278267,75.27101667473254,Estimación adecuada
Vega Alta,2005-2009,2,82.12524966223067,81.65337450379496,80.43326573853085,83.01055127339147,Estimación adecuada
Vega Alta,2010-2014,1,76.60744668862488,76.32935221830493,75.24128520883268,77.3535402969457,Estimación adecuada
Vega Alta,2010-2014,2,82.67697143526247,82.37327783135822,80.97445773116367,83.96784685174052,Estimación adecuada
Vega Alta,2015-2019,1,79.01133080735903,78.44748660717897,77.35727572158518,79.54360298619382,Estimación adecuada
Vega Alta,2015-2019,2,84.68814724300108,84.45598981600506,83.26553325189418,85.84583191935863,Estimación adecuada
Vega Alta,2020-2024,1,78.68307535548406,78.33042900784073,77.08690923898267,79.61354013062038,Estimación adecuada
Vega Alta,2020-2024,2,84.42060401592735,83.93054981014575,82.39221144146151,85.72386961443681,Estimación adecuada
Vega Baja,1980-1984,1,71.9480725279313,71.67218431984068,70.65145912473432,72.65002722966757,Estimación adecuada
Vega Baja,1980-1984,2,77.3893528483942,77.09384271066355,76.15157160177199,78.1317273868972,Estimación adecuada
Vega Baja,1985-1989,1,70.97461936483407,70.9831224932826,70.07458252608274,71.91620259992668,Estimación adecuada
Vega Baja,1985-1989,2,77.77774150362033,77.64893960998198,76.70721984353547,78.64313719399695,Estimación adecuada
Vega Baja,1990-1994,1,69.27136941937245,69.58788075049438,68.70182159801136,70.3666342085618,Estimación adecuada
Vega Baja,1990-1994,2,79.45160718479013,78.9577576106464,77.87752653592948,80.04843220013575,Estimación adecuada
Vega Baja,1995-1999,1,69.51227207122537,69.82545143539706,69.04022643428692,70.54293526658563,Estimación adecuada
Vega Baja,1995-1999,2,78.0714706510595,77.81276248432133,77.08660310638275,78.6508053768189,Estimación adecuada
Vega Baja,2000-2004,1,71.28316427494111,71.63015335221768,70.9212215749085,72.38056906333037,Estimación adecuada
Vega Baja,2000-2004,2,80.85659420705926,80.34243930207617,79.49866852193982,81.20816655361983,Estimación adecuada
Vega Baja,2005-2009,1,72.97292454491974,73.22828836070767,72.34542854195027,74.07074346193735,Estimación adecuada
Vega Baja,2005-2009,2,80.50047489914486,80.26580255098943,79.28742322823436,81.30837942038283,Estimación adecuada
Vega Baja,2010-2014,1,75.48101097111366,75.37773145768523,74.54960887847007,76.16999624136427,Estimación adecuada
Vega Baja,2010-2014,2,81.41715578255173,81.14134069486728,80.24976828620801,82.12812973684352,Estimación adecuada
Vega Baja,2015-2019,1,76.59976114996007,76.41670962073539,75.59430564476293,77.27375466788722,Estimación adecuada
Vega Baja,2015-2019,2,85.2397358191851,84.42248909913147,83.14270018316644,85.58367173973443,Estimación adecuada
Vega Baja,2020-2024,1,75.61995793836603,76.01746162266838,75.0289085645745,77.01912841808237,Estimación adecuada
Vega Baja,2020-2024,2,84.1887561814349,83.5793054504264,82.450232526587385,84.70573455471735,Estimación adecuada
Vieques,1980-1984,1,68.35150083439554,69.20094195980627,67.7655297992989,70.56974278570078,Estimación adecuada
Vieques,1980-1984,2,79.6474618651359,76.97048672684666,75.30865323308332,78.64909208913025,< e0 observado
Vieques,1985-1989,1,68.93310229530968,69.05341385594659,67.63971492918185,70.56915147252023,Estimación adecuada
Vieques,1985-1989,2,75.32258827793589,76.15062655205875,74.7675189830536,77.61807399440109,Estimación adecuada
Vieques,1990-1994,1,69.47001757494888,69.31065344757897,67.94106855989635,70.74614896370439,Estimación adecuada
Vieques,1990-1994,2,75.1759002427306,76.23750708596587,74.78667582547016,77.79717963553476,Estimación adecuada
Vieques,1995-1999,1,67.04506579395736,68.56958358853484,67.14039527693598,69.91522423559573,> e0 observado
Vieques,1995-1999,2,76.84816509234439,77.26786815322251,75.83452986046562,79.01328270692693,Estimación adecuada
Vieques,2000-2004,1,70.49326232174302,71.20537564560746,70.0190310029609,72.55608771953848,Estimación adecuada
Vieques,2000-2004,2,78.71217289840058,78.82560919042741,77.3665609054595,80.69401932328634,Estimación adecuada
Vieques,2005-2009,1,70.37328684659802,71.71854197162281,70.53477138589369,72.99638275037606,> e0 observado
Vieques,2005-2009,2,81.98600959877125,80.76797047225845,79.04411391922261,82.74790094981164,Estimación adecuada
Vieques,2010-2014,1,72.2395374366466,74.1675190219726,72.63477061121262,75.67765434057317,> e0 observado
Vieques,2010-2014,2,82.2471037898783,81.83575790935645,80.08503272781567,84.12703424473428,Estimación adecuada
Vieques,2015-2019,1,74.92685046685541,75.25357487755366,73.1427068287992,77.21749100396873,Estimación adecuada
Vieques,2015-2019,2,85.4342175472394,83.2334472019146,80.89990065521374,85.73378889296502,Estimación adecuada
Vieques,2020-2024,1,69.08894010644192,74.42268384032594,72.83812748744106,76.23475464544826,> e0 observado
Vieques,2020-2024,2,80.89667620434389,81.35959427947611,79.48888005804176,83.34823061472991,Estimación adecuada
Villalba,1980-1984,1,71.25855596943398,71.48084552459648,70.30284099419484,72.73221537829305,Estimación adecuada
Villalba,1980-1984,2,76.22724644703895,77.1925937076682,75.90859014914662,78.60067416121923,Estimación adecuada
Villalba,1985-1989,1,70.10738869345934,70.70769163303598,69.62638241710108,71.80053076504589,Estimación adecuada
Villalba,1985-1989,2,78.19801494070757,78.32032974730868,77.05442214858668,79.76837201780147,Estimación adecuada
Villalba,1990-1994,1,72.3599176922299,71.6069400047454,70.52885292243931,72.65667030709223,Estimación adecuada
Villalba,1990-1994,2,77.96137083132541,77.93208050686204,76.77588590807757,79.2453139035352,Estimación adecuada
Villalba,1995-1999,1,73.23565645327982,72.14347775787347,71.12389771993477,73.15776787172433,< e0 observado
Villalba,1995-1999,2,78.73472533494358,78.70926230755211,77.5826540056374,80.04540458446995,Estimación adecuada
Villalba,2000-2004,1,74.6670260481009,74.19024766741953,73.16107837193047,75.30257498495077,Estimación adecuada
Villalba,2000-2004,2,80.40613272802963,80.09374264424858,79.02269183238204,81.50505794428595,Estimación adecuada
Villalba,2005-2009,1,74.42711878775499,74.49179960896696,73.43624711489221,75.72748228572145,Estimación adecuada
Villalba,2005-2009,2,82.3612811111819,81.97503929803293,80.65095591679541,83.35418169630117,Estimación adecuada
Villalba,2010-2014,1,77.74987045213523,76.67715226586405,75.51668843922646,78.02151610333202,Estimación adecuada
Villalba,2010-2014,2,82.20597271820435,82.19580678203589,80.90960542479809,83.6300313833349,Estimación adecuada
Villalba,2015-2019,1,77.40576831605213,77.14839558901463,76.00296037239741,78.53399993556553,Estimación adecuada
Villalba,2015-2019,2,83.71924835056933,83.3635283319025,81.95339891242331,84.73585196727555,Estimación adecuada
Villalba,2020-2024,1,76.50188956822817,76.55541220374916,75.33734497953819,77.84495891227851,Estimación adecuada
Villalba,2020-2024,2,84.3084217089293,84.43984457267428,82.85445139652997,86.11936524322617,Estimación adecuada
Yabucoa,1980-1984,1,69.71805707568568,70.56395186675363,69.48218389055923,71.64103844365403,Estimación adecuada
Yabucoa,1980-1984,2,77.0738767698645,77.18312173025058,76.228067697132,78.32169371222187,Estimación adecuada
Yabucoa,1985-1989,1,71.44603585803539,71.52408340982487,70.4929461641589,72.49234430118065,Estimación adecuada
Yabucoa,1985-1989,2,78.66401801612027,78.3935883468128,77.36718797357216,79.54588936988992,Estimación adecuada
Yabucoa,1990-1994,1,71.83783985486369,71.5106592567229,70.57898432325135,72.51914190076138,Estimación adecuada
Yabucoa,1990-1994,2,78.60235557821582,78.47509470176382,77.4279305914889,79.52238599073414,Estimación adecuada
Yabucoa,1995-1999,1,70.43374240335527,70.76740031926457,69.86052720155894,71.68865054945546,Estimación adecuada
Yabucoa,1995-1999,2,79.12923422172942,78.76480577363992,77.81032234683717,79.6726786867045,Estimación adecuada
Yabucoa,2000-2004,1,74.46279181431501,74.10492000545348,73.10160018568183,75.14962152460639,Estimación adecuada
Yabucoa,2000-2004,2,81.19864458771646,80.85623722119038,79.70349566342547,82.30597000884453,Estimación adecuada
Yabucoa,2005-2009,1,74.40240149283082,74.51730582324743,73.59262655122642,75.46988266130695,Estimación adecuada
Yabucoa,2005-2009,2,82.78527258865188,82.11674712046438,80.9450140713949,83.29769683628689,Estimación adecuada
Yabucoa,2010-2014,1,75.29895664077155,75.74588370593546,74.80165403848586,76.66090194656343,Estimación adecuada
Yabucoa,2010-2014,2,81.70934631187113,81.81295502554077,80.73588082146415,82.88520233492805,Estimación adecuada
Yabucoa,2015-2019,1,77.26244923192355,77.6383162529572,76.50828535253089,78.84562231968026,Estimación adecuada
Yabucoa,2015-2019,2,84.12286704633675,83.9144106021167,82.52786719469592,85.58929468751556,Estimación adecuada
Yabucoa,2020-2024,1,75.14003240469702,76.53251469158047,75.42344631304626,77.68803152911073,> e0 observado
Yabucoa,2020-2024,2,84.72188526615253,84.00428005308389,82.6694208218458,85.44707632484565,Estimación adecuada
Yauco,1980-1984,1,70.99437875760539,70.64234592904629,69.73139452916843,71.59643087271576,Estimación adecuada
Yauco,1980-1984,2,76.80434535116139,76.82524321549316,75.82696510780897,77.86817227607717,Estimación adecuada
Yauco,1985-1989,1,69.51062737452895,69.7375487145171,68.90624346359512,70.66626387536859,Estimación adecuada
Yauco,1985-1989,2,77.08818270137367,76.91658948594926,75.85026007517327,77.89384173995398,Estimación adecuada
Yauco,1990-1994,1,71.39406414600349,70.96491803549652,70.11304168323404,71.81296178492966,Estimación adecuada
Yauco,1990-1994,2,78.17941211410707,77.74275214139654,76.87269189634196,78.69345004140165,Estimación adecuada
Yauco,1995-1999,1,71.5508693454662,71.1604409403451,70.31743076542867,71.92211530645986,Estimación adecuada
Yauco,1995-1999,2,78.93381459712357,78.37218342308977,77.5298353797483,79.32898040241598,Estimación adecuada
Yauco,2000-2004,1,72.73215919196763,72.76701115639382,71.88905535859678,73.59471919808877,Estimación adecuada
Yauco,2000-2004,2,78.99120741952848,78.93558210422275,78.07193505865001,79.77005670535667,Estimación adecuada
Yauco,2005-2009,1,72.84628878032588,73.16170843604752,72.31031002827558,74.03573227108542,Estimación adecuada
Yauco,2005-2009,2,79.84419170418441,79.84190121650761,78.8462273352061,80.91295906705543,Estimación adecuada
Yauco,2010-2014,1,75.10204122477425,75.06153737004206,74.09700744258087,76.08690782146253,Estimación adecuada
Yauco,2010-2014,2,81.39965842707129,81.24789027729645,80.28972244351256,82.12784710946475,Estimación adecuada
Yauco,2015-2019,1,76.18834205899441,76.17079426021071,75.19767030046854,77.32079760860704,Estimación adecuada
Yauco,2015-2019,2,81.19884345034787,81.92886533679277,80.93018729634328,83.10200057979512,Estimación adecuada
Yauco,2020-2024,1,75.24625104798912,75.70361619411538,74.74839693114052,76.74567017628799,Estimación adecuada
Yauco,2020-2024,2,83.2275999604652,82.40256465887336,81.32132949834255,83.52204786449369,Estimación adecuada
