region,period,sex,e0_observado,e0_estimado,e0_lower,e0_upper,est_eval
Adjuntas,1980-1984,1,72.54189508802463,74.49727183083596,74.49727183083596,74.49727183083596,> e0 observado
Adjuntas,1980-1984,2,78.96516925394144,75.91467721491803,75.91467721491803,75.91467721491803,< e0 observado
Adjuntas,1985-1989,1,70.84999061728885,71.97335143247818,71.97335143247818,71.97335143247818,> e0 observado
Adjuntas,1985-1989,2,78.97855761762072,77.96123997928851,77.96123997928851,77.96123997928851,< e0 observado
Adjuntas,1990-1994,1,71.49310954038985,72.49379082120741,72.49379082120741,72.49379082120741,> e0 observado
Adjuntas,1990-1994,2,77.88047658335911,76.97658164762987,76.97658164762987,76.97658164762987,< e0 observado
Adjuntas,1995-1999,1,71.91080703113897,72.73444305309236,72.73444305309236,72.73444305309236,> e0 observado
Adjuntas,1995-1999,2,78.53770419818306,77.7604395792181,77.7604395792181,77.7604395792181,< e0 observado
Adjuntas,2000-2004,1,74.0807006063416,74.83671268168924,74.83671268168924,74.83671268168924,> e0 observado
Adjuntas,2000-2004,2,79.50851081175084,79.32345563660235,79.32345563660235,79.32345563660235,< e0 observado
Adjuntas,2005-2009,1,77.13413877724005,77.4319710522545,77.4319710522545,77.4319710522545,> e0 observado
Adjuntas,2005-2009,2,82.23262377887984,79.92117128514708,79.92117128514708,79.92117128514708,< e0 observado
Adjuntas,2010-2014,1,78.0170892039493,78.19527835295378,78.19527835295378,78.19527835295378,> e0 observado
Adjuntas,2010-2014,2,84.37542750420445,83.34143211345359,83.34143211345359,83.34143211345359,< e0 observado
Adjuntas,2015-2019,1,80.07122326396828,79.4665964284339,79.4665964284339,79.4665964284339,< e0 observado
Adjuntas,2015-2019,2,84.75780508868199,81.66649536827849,81.66649536827849,81.66649536827849,< e0 observado
Adjuntas,2020-2024,1,80.09050176489524,79.04936473233072,79.04936473233072,79.04936473233072,< e0 observado
Adjuntas,2020-2024,2,87.03883394524668,85.31645865038134,85.31645865038134,85.31645865038134,< e0 observado
Aguada,1980-1984,1,73.2175687853255,73.41930466061201,73.41930466061201,73.41930466061201,> e0 observado
Aguada,1980-1984,2,76.66307974738103,77.7545819487351,77.7545819487351,77.7545819487351,> e0 observado
Aguada,1985-1989,1,73.21396709192831,74.39077704855264,74.39077704855264,74.39077704855264,> e0 observado
Aguada,1985-1989,2,77.70261010174512,77.27580090297845,77.27580090297845,77.27580090297845,< e0 observado
Aguada,1990-1994,1,73.47166304966473,74.68078935565644,74.68078935565644,74.68078935565644,> e0 observado
Aguada,1990-1994,2,79.56472305278581,78.95491457917173,78.95491457917173,78.95491457917173,< e0 observado
Aguada,1995-1999,1,72.96139718811193,73.22380680664142,73.22380680664142,73.22380680664142,> e0 observado
Aguada,1995-1999,2,78.42598214583917,78.7462949005042,78.7462949005042,78.7462949005042,> e0 observado
Aguada,2000-2004,1,75.7731265619719,76.33874135321697,76.33874135321697,76.33874135321697,> e0 observado
Aguada,2000-2004,2,80.35987918975404,79.83563682797391,79.83563682797391,79.83563682797391,< e0 observado
Aguada,2005-2009,1,77.6139364553716,77.1653388594381,77.1653388594381,77.1653388594381,< e0 observado
Aguada,2005-2009,2,81.487501570255,80.22467525311083,80.22467525311083,80.22467525311083,< e0 observado
Aguada,2010-2014,1,77.3081065450094,78.14791756309528,78.14791756309528,78.14791756309528,> e0 observado
Aguada,2010-2014,2,83.93649978812951,82.95661390840814,82.95661390840814,82.95661390840814,< e0 observado
Aguada,2015-2019,1,80.17632385200217,78.93286673450447,78.93286673450447,78.93286673450447,< e0 observado
Aguada,2015-2019,2,84.88514363026218,84.05556739564409,84.05556739564409,84.05556739564409,< e0 observado
Aguada,2020-2024,1,78.78968559483442,79.26468984097396,79.26468984097396,79.26468984097396,> e0 observado
Aguada,2020-2024,2,83.87729580688905,84.64519662846214,84.64519662846214,84.64519662846214,> e0 observado
Aguadilla,1980-1984,1,71.00678071372081,71.89282209165752,71.89282209165752,71.89282209165752,> e0 observado
Aguadilla,1980-1984,2,77.48535658677463,76.483384412455365,76.483384412455365,76.483384412455365,< e0 observado
Aguadilla,1985-1989,1,70.58561267446154,70.87138615472571,70.87138615472571,70.87138615472571,> e0 observado
Aguadilla,1985-1989,2,77.65780206154783,76.76417556622839,76.76417556622839,76.76417556622839,< e0 observado
Aguadilla,1990-1994,1,70.88482346377512,71.07970084595712,71.07970084595712,71.07970084595712,> e0 observado
Aguadilla,1990-1994,2,77.99785568547416,77.1794688965984,77.1794688965984,77.1794688965984,< e0 observado
Aguadilla,1995-1999,1,70.78010378855268,71.42195024685527,71.42195024685527,71.42195024685527,> e0 observado
Aguadilla,1995-1999,2,78.16686736979354,77.18716123930965,77.18716123930965,77.18716123930965,< e0 observado
Aguadilla,2000-2004,1,73.78276571753028,74.25627630448787,74.25627630448787,74.25627630448787,> e0 observado
Aguadilla,2000-2004,2,80.45198774138778,80.25624516388275,80.25624516388275,80.25624516388275,< e0 observado
Aguadilla,2005-2009,1,74.34368140644376,74.73479453849153,74.73479453849153,74.73479453849153,> e0 observado
Aguadilla,2005-2009,2,81.18616231865005,80.20935566666762,80.20935566666762,80.20935566666762,< e0 observado
Aguadilla,2010-2014,1,76.10575530196566,76.4829159339148,76.4829159339148,76.4829159339148,> e0 observado
Aguadilla,2010-2014,2,81.66758711742574,80.88920570674692,80.88920570674692,80.88920570674692,< e0 observado
Aguadilla,2015-2019,1,77.5014617746831,78.3848141334424,78.3848141334424,78.3848141334424,> e0 observado
Aguadilla,2015-2019,2,82.99395073109925,82.6945453499867,82.6945453499867,82.6945453499867,< e0 observado
Aguadilla,2020-2024,1,76.52156602867669,76.6657429029838,76.6657429029838,76.6657429029838,> e0 observado
Aguadilla,2020-2024,2,83.20736033493193,82.90627774361234,82.90627774361234,82.90627774361234,< e0 observado
Aguas Buenas,1980-1984,1,70.9060601893331,71.12718392013376,71.12718392013376,71.12718392013376,> e0 observado
Aguas Buenas,1980-1984,2,79.20230439846388,77.18069542252802,77.18069542252802,77.18069542252802,< e0 observado
Aguas Buenas,1985-1989,1,71.73217429810381,72.90916331177156,72.90916331177156,72.90916331177156,> e0 observado
Aguas Buenas,1985-1989,2,78.66666240443578,76.74539464917842,76.74539464917842,76.74539464917842,< e0 observado
Aguas Buenas,1990-1994,1,71.9040754109389,73.18822698182208,73.18822698182208,73.18822698182208,> e0 observado
Aguas Buenas,1990-1994,2,82.01930667891538,82.7369084534157,82.7369084534157,82.7369084534157,> e0 observado
Aguas Buenas,1995-1999,1,72.03242058667273,72.03338740926841,72.03338740926841,72.03338740926841,> e0 observado
Aguas Buenas,1995-1999,2,79.29741471606215,78.707504146954,78.707504146954,78.707504146954,< e0 observado
Aguas Buenas,2000-2004,1,74.50847723417229,75.40063478080658,75.40063478080658,75.40063478080658,> e0 observado
Aguas Buenas,2000-2004,2,81.53307661620572,80.69282016838683,80.69282016838683,80.69282016838683,< e0 observado
Aguas Buenas,2005-2009,1,74.76751879253902,75.25249150783735,75.25249150783735,75.25249150783735,> e0 observado
Aguas Buenas,2005-2009,2,83.74825554704383,84.62637867717375,84.62637867717375,84.62637867717375,> e0 observado
Aguas Buenas,2010-2014,1,77.07874986678003,77.62201811914277,77.62201811914277,77.62201811914277,> e0 observado
Aguas Buenas,2010-2014,2,83.69043751017024,82.36421692192387,82.36421692192387,82.36421692192387,< e0 observado
Aguas Buenas,2015-2019,1,77.12363910638715,78.82107083617728,78.82107083617728,78.82107083617728,> e0 observado
Aguas Buenas,2015-2019,2,86.87058779798109,84.36391840985355,84.36391840985355,84.36391840985355,< e0 observado
Aguas Buenas,2020-2024,1,77.71291412855061,78.16846519306516,78.16846519306516,78.16846519306516,> e0 observado
Aguas Buenas,2020-2024,2,86.01372227536957,84.5006073682024,84.5006073682024,84.5006073682024,< e0 observado
Aibonito,1980-1984,1,71.20727896829324,72.18427569605133,72.18427569605133,72.18427569605133,> e0 observado
Aibonito,1980-1984,2,78.10148160174786,77.305977370964,77.305977370964,77.305977370964,< e0 observado
Aibonito,1985-1989,1,70.93804632594708,72.8757148502684,72.8757148502684,72.8757148502684,> e0 observado
Aibonito,1985-1989,2,79.48839408130232,78.11081254641569,78.11081254641569,78.11081254641569,< e0 observado
Aibonito,1990-1994,1,72.7988506012683,73.58022420531698,73.58022420531698,73.58022420531698,> e0 observado
Aibonito,1990-1994,2,79.2040372973333,78.22567819370721,78.22567819370721,78.22567819370721,< e0 observado
Aibonito,1995-1999,1,72.77760443633895,73.18873333637468,73.18873333637468,73.18873333637468,> e0 observado
Aibonito,1995-1999,2,79.65397963842348,80.07675796322671,80.07675796322671,80.07675796322671,> e0 observado
Aibonito,2000-2004,1,74.39460579414155,74.77332223247639,74.77332223247639,74.77332223247639,> e0 observado
Aibonito,2000-2004,2,80.67825254541816,79.04708655033983,79.04708655033983,79.04708655033983,< e0 observado
Aibonito,2005-2009,1,74.88960349978896,75.87028668258526,75.87028668258526,75.87028668258526,> e0 observado
Aibonito,2005-2009,2,81.30587533973025,79.8480540195455,79.8480540195455,79.8480540195455,< e0 observado
Aibonito,2010-2014,1,74.15371449624436,75.6789802899387,75.6789802899387,75.6789802899387,> e0 observado
Aibonito,2010-2014,2,82.83346667872438,81.52959747928982,81.52959747928982,81.52959747928982,< e0 observado
Aibonito,2015-2019,1,77.00855644451337,77.48848012980159,77.48848012980159,77.48848012980159,> e0 observado
Aibonito,2015-2019,2,83.92589167839914,84.14665323455556,84.14665323455556,84.14665323455556,> e0 observado
Aibonito,2020-2024,1,79.62044145372404,79.79940351041483,79.79940351041483,79.79940351041483,> e0 observado
Aibonito,2020-2024,2,85.54801976071055,85.19811248937435,85.19811248937435,85.19811248937435,< e0 observado
Anasco,1980-1984,1,72.01460523472085,72.87392946566838,72.87392946566838,72.87392946566838,> e0 observado
Anasco,1980-1984,2,76.47877169471658,75.04079957647141,75.04079957647141,75.04079957647141,< e0 observado
Anasco,1985-1989,1,71.42888891874672,72.17733276543957,72.17733276543957,72.17733276543957,> e0 observado
Anasco,1985-1989,2,76.49626365968555,76.62422242318995,76.62422242318995,76.62422242318995,> e0 observado
Anasco,1990-1994,1,70.05228247802772,70.33848044672689,70.33848044672689,70.33848044672689,> e0 observado
Anasco,1990-1994,2,77.19464732684078,74.78103404309019,74.78103404309019,74.78103404309019,< e0 observado
Anasco,1995-1999,1,71.8503650088804,72.02036164675684,72.02036164675684,72.02036164675684,> e0 observado
Anasco,1995-1999,2,77.85360337047756,76.5006084793585,76.5006084793585,76.5006084793585,< e0 observado
Anasco,2000-2004,1,74.35938543935956,74.54579377814139,74.54579377814139,74.54579377814139,> e0 observado
Anasco,2000-2004,2,80.6361937434096,79.33799262670941,79.33799262670941,79.33799262670941,< e0 observado
Anasco,2005-2009,1,76.96481061689505,77.47016009624288,77.47016009624288,77.47016009624288,> e0 observado
Anasco,2005-2009,2,82.18483587125668,80.48813420115442,80.48813420115442,80.48813420115442,< e0 observado
Anasco,2010-2014,1,76.38264162433823,76.89462121271121,76.89462121271121,76.89462121271121,> e0 observado
Anasco,2010-2014,2,83.0792504741019,81.84218059901805,81.84218059901805,81.84218059901805,< e0 observado
Anasco,2015-2019,1,78.19758272547156,79.30275355990112,79.30275355990112,79.30275355990112,> e0 observado
Anasco,2015-2019,2,85.54315717152748,83.16123904405588,83.16123904405588,83.16123904405588,< e0 observado
Anasco,2020-2024,1,77.16064670152906,78.36203967470857,78.36203967470857,78.36203967470857,> e0 observado
Anasco,2020-2024,2,83.21756305986028,82.13239400363193,82.13239400363193,82.13239400363193,< e0 observado
Arecibo,1980-1984,1,70.94822313738123,70.835425561654,70.835425561654,70.835425561654,< e0 observado
Arecibo,1980-1984,2,77.54900544750468,77.0704105694684,77.0704105694684,77.0704105694684,< e0 observado
Arecibo,1985-1989,1,70.27186805457086,70.07535740154331,70.07535740154331,70.07535740154331,< e0 observado
Arecibo,1985-1989,2,77.07511338664264,77.05636574134837,77.05636574134837,77.05636574134837,< e0 observado
Arecibo,1990-1994,1,70.7566402122555,71.29342472765757,71.29342472765757,71.29342472765757,> e0 observado
Arecibo,1990-1994,2,77.82525476262934,77.15860961632995,77.15860961632995,77.15860961632995,< e0 observado
Arecibo,1995-1999,1,70.42422951948053,70.6575156126658,70.6575156126658,70.6575156126658,> e0 observado
Arecibo,1995-1999,2,77.67805190763367,77.30060460191471,77.30060460191471,77.30060460191471,< e0 observado
Arecibo,2000-2004,1,73.58677734329173,74.04251772547022,74.04251772547022,74.04251772547022,> e0 observado
Arecibo,2000-2004,2,80.17723082421405,79.44045812503497,79.44045812503497,79.44045812503497,< e0 observado
Arecibo,2005-2009,1,73.79746978285581,73.85510666550522,73.85510666550522,73.85510666550522,> e0 observado
Arecibo,2005-2009,2,80.99120726198103,80.3061213227869,80.3061213227869,80.3061213227869,< e0 observado
Arecibo,2010-2014,1,75.7499952369095,76.08045954297798,76.08045954297798,76.08045954297798,> e0 observado
Arecibo,2010-2014,2,81.99729917976788,81.05787226042601,81.05787226042601,81.05787226042601,< e0 observado
Arecibo,2015-2019,1,77.47760291858165,77.34876849975947,77.34876849975947,77.34876849975947,< e0 observado
Arecibo,2015-2019,2,84.62096334942434,83.91740937742539,83.91740937742539,83.91740937742539,< e0 observado
Arecibo,2020-2024,1,77.03404417797987,76.72945379107058,76.72945379107058,76.72945379107058,< e0 observado
Arecibo,2020-2024,2,83.99392652816302,83.54361515478163,83.54361515478163,83.54361515478163,< e0 observado
Arroyo,1980-1984,1,69.26197243419952,71.14903024744834,71.14903024744834,71.14903024744834,> e0 observado
Arroyo,1980-1984,2,77.70227943996014,75.7618798165954,75.7618798165954,75.7618798165954,< e0 observado
Arroyo,1985-1989,1,69.06544938666637,71.3694133219188,71.3694133219188,71.3694133219188,> e0 observado
Arroyo,1985-1989,2,76.53547803214356,74.53198206908846,74.53198206908846,74.53198206908846,< e0 observado
Arroyo,1990-1994,1,69.467701272295,71.169070081378507,71.169070081378507,71.169070081378507,> e0 observado
Arroyo,1990-1994,2,79.1638940521351,78.09886882530131,78.09886882530131,78.09886882530131,< e0 observado
Arroyo,1995-1999,1,69.35840651861476,72.1566421693434,72.1566421693434,72.1566421693434,> e0 observado
Arroyo,1995-1999,2,77.98473955428868,75.97454970239275,75.97454970239275,75.97454970239275,< e0 observado
Arroyo,2000-2004,1,72.46263355278661,73.8754211435006,73.8754211435006,73.8754211435006,> e0 observado
Arroyo,2000-2004,2,79.49462438506767,78.16956391614062,78.16956391614062,78.16956391614062,< e0 observado
Arroyo,2005-2009,1,73.52924324703847,74.61055775355342,74.61055775355342,74.61055775355342,> e0 observado
Arroyo,2005-2009,2,81.55925566302211,78.9898122074255,78.9898122074255,78.9898122074255,< e0 observado
Arroyo,2010-2014,1,73.74855783813933,75.70576752739913,75.70576752739913,75.70576752739913,> e0 observado
Arroyo,2010-2014,2,82.70095569618667,81.34045430401622,81.34045430401622,81.34045430401622,< e0 observado
Arroyo,2015-2019,1,74.8566557237882,77.49424144301462,77.49424144301462,77.49424144301462,> e0 observado
Arroyo,2015-2019,2,83.0866067343545,82.86741908520267,82.86741908520267,82.86741908520267,< e0 observado
Arroyo,2020-2024,1,77.15040742709186,77.61214337531057,77.61214337531057,77.61214337531057,> e0 observado
Arroyo,2020-2024,2,82.07042233229612,82.92059639870118,82.92059639870118,82.92059639870118,> e0 observado
Barceloneta,1980-1984,1,69.54208697130086,71.79621200686321,71.79621200686321,71.79621200686321,> e0 observado
Barceloneta,1980-1984,2,77.15945709054438,75.44118846314034,75.44118846314034,75.44118846314034,< e0 observado
Barceloneta,1985-1989,1,72.20256138308129,72.56136620183696,72.56136620183696,72.56136620183696,> e0 observado
Barceloneta,1985-1989,2,78.86869640220178,77.62191483096991,77.62191483096991,77.62191483096991,< e0 observado
Barceloneta,1990-1994,1,71.82801102859922,71.75074051952618,71.75074051952618,71.75074051952618,< e0 observado
Barceloneta,1990-1994,2,79.79778456534827,80.9405276481653,80.9405276481653,80.9405276481653,> e0 observado
Barceloneta,1995-1999,1,69.62763398284126,71.49271444986573,71.49271444986573,71.49271444986573,> e0 observado
Barceloneta,1995-1999,2,78.30155980616671,76.44099707997218,76.44099707997218,76.44099707997218,< e0 observado
Barceloneta,2000-2004,1,74.25217285421826,74.6581857920025,74.6581857920025,74.6581857920025,> e0 observado
Barceloneta,2000-2004,2,80.98566728548113,79.50093008782522,79.50093008782522,79.50093008782522,< e0 observado
Barceloneta,2005-2009,1,75.14771749617947,77.10537056047652,77.10537056047652,77.10537056047652,> e0 observado
Barceloneta,2005-2009,2,83.11601404161499,81.85148774307405,81.85148774307405,81.85148774307405,< e0 observado
Barceloneta,2010-2014,1,75.38250616989667,75.98475459523989,75.98475459523989,75.98475459523989,> e0 observado
Barceloneta,2010-2014,2,83.08358460781069,81.00100144376975,81.00100144376975,81.00100144376975,< e0 observado
Barceloneta,2015-2019,1,79.11645760546239,79.37745613268464,79.37745613268464,79.37745613268464,> e0 observado
Barceloneta,2015-2019,2,85.56404930901091,84.41989746175904,84.41989746175904,84.41989746175904,< e0 observado
Barceloneta,2020-2024,1,75.82195956003592,76.19777437707691,76.19777437707691,76.19777437707691,> e0 observado
Barceloneta,2020-2024,2,84.21378427386206,83.72361022838287,83.72361022838287,83.72361022838287,< e0 observado
Barranquitas,1980-1984,1,71.33876197975141,72.60932217963853,72.60932217963853,72.60932217963853,> e0 observado
Barranquitas,1980-1984,2,77.30531169649653,75.3047296562205,75.3047296562205,75.3047296562205,< e0 observado
Barranquitas,1985-1989,1,71.51414892357278,73.10899337667992,73.10899337667992,73.10899337667992,> e0 observado
Barranquitas,1985-1989,2,77.76964050663393,75.73020530527282,75.73020530527282,75.73020530527282,< e0 observado
Barranquitas,1990-1994,1,70.61622752203239,70.71166507905518,70.71166507905518,70.71166507905518,> e0 observado
Barranquitas,1990-1994,2,80.19038720696513,79.12741037765907,79.12741037765907,79.12741037765907,< e0 observado
Barranquitas,1995-1999,1,71.30535167741402,71.42048770637592,71.42048770637592,71.42048770637592,> e0 observado
Barranquitas,1995-1999,2,77.36809189145215,77.56727838370433,77.56727838370433,77.56727838370433,> e0 observado
Barranquitas,2000-2004,1,73.94139576064687,74.59725125868712,74.59725125868712,74.59725125868712,> e0 observado
Barranquitas,2000-2004,2,80.92303201880848,79.6269806085427,79.6269806085427,79.6269806085427,< e0 observado
Barranquitas,2005-2009,1,75.7544247310515,75.59553989052272,75.59553989052272,75.59553989052272,< e0 observado
Barranquitas,2005-2009,2,83.34321773527964,81.93844707669467,81.93844707669467,81.93844707669467,< e0 observado
Barranquitas,2010-2014,1,75.82434696179858,75.94946643334826,75.94946643334826,75.94946643334826,> e0 observado
Barranquitas,2010-2014,2,83.19916348644448,82.26014914927273,82.26014914927273,82.26014914927273,< e0 observado
Barranquitas,2015-2019,1,78.70088384920705,79.26266045228107,79.26266045228107,79.26266045228107,> e0 observado
Barranquitas,2015-2019,2,86.1569793140704,84.6704418145537,84.6704418145537,84.6704418145537,< e0 observado
Barranquitas,2020-2024,1,77.70140580259377,79.41235503773517,79.41235503773517,79.41235503773517,> e0 observado
Barranquitas,2020-2024,2,85.89659093832063,84.12458837248174,84.12458837248174,84.12458837248174,< e0 observado
Bayamon,1980-1984,1,72.04514701418194,72.34883596855616,72.34883596855616,72.34883596855616,> e0 observado
Bayamon,1980-1984,2,78.18054324807127,78.06304113417048,78.06304113417048,78.06304113417048,< e0 observado
Bayamon,1985-1989,1,71.5983747916107,72.35554537609592,72.35554537609592,72.35554537609592,> e0 observado
Bayamon,1985-1989,2,79.53402783138928,79.4995623244261,79.4995623244261,79.4995623244261,< e0 observado
Bayamon,1990-1994,1,69.4013098024391,69.46960107913868,69.46960107913868,69.46960107913868,> e0 observado
Bayamon,1990-1994,2,79.99809814237119,80.18942885787017,80.18942885787017,80.18942885787017,> e0 observado
Bayamon,1995-1999,1,70.77177966925491,71.21697865385126,71.21697865385126,71.21697865385126,> e0 observado
Bayamon,1995-1999,2,79.73301230251936,80.0502384531191,80.0502384531191,80.0502384531191,> e0 observado
Bayamon,2000-2004,1,73.5738231086305,73.77605734776611,73.77605734776611,73.77605734776611,> e0 observado
Bayamon,2000-2004,2,81.70891995330638,81.6134211380895,81.6134211380895,81.6134211380895,< e0 observado
Bayamon,2005-2009,1,74.78989094750837,74.98130627092316,74.98130627092316,74.98130627092316,> e0 observado
Bayamon,2005-2009,2,82.81400991090649,82.38425451280264,82.38425451280264,82.38425451280264,< e0 observado
Bayamon,2010-2014,1,76.39050901350164,76.23712425702774,76.23712425702774,76.23712425702774,< e0 observado
Bayamon,2010-2014,2,84.21195413174073,84.09147538599959,84.09147538599959,84.09147538599959,< e0 observado
Bayamon,2015-2019,1,77.4241342974101,77.94967297107365,77.94967297107365,77.94967297107365,> e0 observado
Bayamon,2015-2019,2,85.53635487807954,85.3019974968298,85.3019974968298,85.3019974968298,< e0 observado
Bayamon,2020-2024,1,76.28240347769595,76.30643844584564,76.30643844584564,76.30643844584564,> e0 observado
Bayamon,2020-2024,2,85.66531677680673,85.4496143453455,85.4496143453455,85.4496143453455,< e0 observado
Cabo Rojo,1980-1984,1,72.39724763936692,73.04721064529438,73.04721064529438,73.04721064529438,> e0 observado
Cabo Rojo,1980-1984,2,77.54158683750231,77.1362884387884,77.1362884387884,77.1362884387884,< e0 observado
Cabo Rojo,1985-1989,1,73.0487252974488,73.46061577713539,73.46061577713539,73.46061577713539,> e0 observado
Cabo Rojo,1985-1989,2,79.23917112625598,78.5283473951934,78.5283473951934,78.5283473951934,< e0 observado
Cabo Rojo,1990-1994,1,72.97925410251543,73.3435674187404,73.3435674187404,73.3435674187404,> e0 observado
Cabo Rojo,1990-1994,2,80.55409901002385,79.56525205279591,79.56525205279591,79.56525205279591,< e0 observado
Cabo Rojo,1995-1999,1,72.48815364764029,73.17332177427268,73.17332177427268,73.17332177427268,> e0 observado
Cabo Rojo,1995-1999,2,79.89647697006733,79.73898506331363,79.73898506331363,79.73898506331363,< e0 observado
Cabo Rojo,2000-2004,1,75.02839226790125,74.6473695893153,74.6473695893153,74.6473695893153,< e0 observado
Cabo Rojo,2000-2004,2,82.11872847252751,81.08706206363443,81.08706206363443,81.08706206363443,< e0 observado
Cabo Rojo,2005-2009,1,76.84328880547318,76.47626164053374,76.47626164053374,76.47626164053374,< e0 observado
Cabo Rojo,2005-2009,2,82.7883495500848,82.57876476096257,82.57876476096257,82.57876476096257,< e0 observado
Cabo Rojo,2010-2014,1,75.75368420461353,77.03219896374837,77.03219896374837,77.03219896374837,> e0 observado
Cabo Rojo,2010-2014,2,83.42815115673008,83.70405292104725,83.70405292104725,83.70405292104725,> e0 observado
Cabo Rojo,2015-2019,1,79.78583423632398,80.46356916953494,80.46356916953494,80.46356916953494,> e0 observado
Cabo Rojo,2015-2019,2,84.21493107845924,83.52795862063854,83.52795862063854,83.52795862063854,< e0 observado
Cabo Rojo,2020-2024,1,79.36891590464816,79.82842638750668,79.82842638750668,79.82842638750668,> e0 observado
Cabo Rojo,2020-2024,2,84.78014352257735,83.65847878168559,83.65847878168559,83.65847878168559,< e0 observado
Caguas,1980-1984,1,71.72229204508375,71.90239459541232,71.90239459541232,71.90239459541232,> e0 observado
Caguas,1980-1984,2,78.48100883851102,78.19852271848595,78.19852271848595,78.19852271848595,< e0 observado
Caguas,1985-1989,1,70.39381171255258,70.96138151915602,70.96138151915602,70.96138151915602,> e0 observado
Caguas,1985-1989,2,79.24402800001288,79.45909226393866,79.45909226393866,79.45909226393866,> e0 observado
Caguas,1990-1994,1,68.8176451180551,68.20384222478955,68.20384222478955,68.20384222478955,< e0 observado
Caguas,1990-1994,2,78.64358444378482,78.28949338169201,78.28949338169201,78.28949338169201,< e0 observado
Caguas,1995-1999,1,69.69055735609852,69.59363902269729,69.59363902269729,69.59363902269729,< e0 observado
Caguas,1995-1999,2,79.65612948337659,79.29860632162702,79.29860632162702,79.29860632162702,< e0 observado
Caguas,2000-2004,1,73.107794927577,73.04419403156018,73.04419403156018,73.04419403156018,< e0 observado
Caguas,2000-2004,2,81.16770684291535,80.85879620029588,80.85879620029588,80.85879620029588,< e0 observado
Caguas,2005-2009,1,74.70961206827913,75.1312379842435,75.1312379842435,75.1312379842435,> e0 observado
Caguas,2005-2009,2,83.1696138038651,82.50344727043215,82.50344727043215,82.50344727043215,< e0 observado
Caguas,2010-2014,1,74.58554015299133,74.36746443414535,74.36746443414535,74.36746443414535,< e0 observado
Caguas,2010-2014,2,83.90600489563008,83.67517069546221,83.67517069546221,83.67517069546221,< e0 observado
Caguas,2015-2019,1,77.12465328076702,77.51843575022849,77.51843575022849,77.51843575022849,> e0 observado
Caguas,2015-2019,2,84.81913360231934,83.78315667136451,83.78315667136451,83.78315667136451,< e0 observado
Caguas,2020-2024,1,76.29588342135226,76.80502050895618,76.80502050895618,76.80502050895618,> e0 observado
Caguas,2020-2024,2,84.58890329073994,85.1609872183702,85.1609872183702,85.1609872183702,> e0 observado
Camuy,1980-1984,1,72.00953497661486,72.0667049110525,72.0667049110525,72.0667049110525,> e0 observado
Camuy,1980-1984,2,79.0481930632779,78.0628548696988,78.0628548696988,78.0628548696988,< e0 observado
Camuy,1985-1989,1,73.05563270338816,73.11337716219415,73.11337716219415,73.11337716219415,> e0 observado
Camuy,1985-1989,2,79.50251205629577,78.62902114045588,78.62902114045588,78.62902114045588,< e0 observado
Camuy,1990-1994,1,72.48592866320423,72.54754588431446,72.54754588431446,72.54754588431446,> e0 observado
Camuy,1990-1994,2,78.42074942707245,77.51715992137495,77.51715992137495,77.51715992137495,< e0 observado
Camuy,1995-1999,1,72.6730064081168,73.85676225381222,73.85676225381222,73.85676225381222,> e0 observado
Camuy,1995-1999,2,81.15887534595899,79.2407383762444,79.2407383762444,79.2407383762444,< e0 observado
Camuy,2000-2004,1,75.51776152008142,76.24952677348942,76.24952677348942,76.24952677348942,> e0 observado
Camuy,2000-2004,2,81.38049051623702,81.127433289402,81.127433289402,81.127433289402,< e0 observado
Camuy,2005-2009,1,76.01134322923592,76.38118157334962,76.38118157334962,76.38118157334962,> e0 observado
Camuy,2005-2009,2,83.37764861657536,81.20022145050217,81.20022145050217,81.20022145050217,< e0 observado
Camuy,2010-2014,1,77.47114401608678,78.23383240118117,78.23383240118117,78.23383240118117,> e0 observado
Camuy,2010-2014,2,83.52117698878536,82.83469399000876,82.83469399000876,82.83469399000876,< e0 observado
Camuy,2015-2019,1,78.31044325410552,79.03570059428971,79.03570059428971,79.03570059428971,> e0 observado
Camuy,2015-2019,2,85.3683244262729,84.61413794496423,84.61413794496423,84.61413794496423,< e0 observado
Camuy,2020-2024,1,78.26146309261183,79.57813623718984,79.57813623718984,79.57813623718984,> e0 observado
Camuy,2020-2024,2,85.47114665413858,85.56930165087137,85.56930165087137,85.56930165087137,> e0 observado
Canovanas,1980-1984,1,73.2999178869587,73.58007321362122,73.58007321362122,73.58007321362122,> e0 observado
Canovanas,1980-1984,2,80.06188590433086,80.24585925916558,80.24585925916558,80.24585925916558,> e0 observado
Canovanas,1985-1989,1,71.61537365310774,71.74864288248781,71.74864288248781,71.74864288248781,> e0 observado
Canovanas,1985-1989,2,78.2476656338885,77.84663843055412,77.84663843055412,77.84663843055412,< e0 observado
Canovanas,1990-1994,1,68.47857316458972,69.52611594503054,69.52611594503054,69.52611594503054,> e0 observado
Canovanas,1990-1994,2,78.32395417011651,77.34427119143939,77.34427119143939,77.34427119143939,< e0 observado
Canovanas,1995-1999,1,67.92417601162161,68.45323879384797,68.45323879384797,68.45323879384797,> e0 observado
Canovanas,1995-1999,2,77.19866982997894,76.37652407787286,76.37652407787286,76.37652407787286,< e0 observado
Canovanas,2000-2004,1,71.16133588099902,72.47435095404117,72.47435095404117,72.47435095404117,> e0 observado
Canovanas,2000-2004,2,79.89031657445086,79.04839192765827,79.04839192765827,79.04839192765827,< e0 observado
Canovanas,2005-2009,1,72.03527888088188,72.68782163385471,72.68782163385471,72.68782163385471,> e0 observado
Canovanas,2005-2009,2,82.20274877957495,81.60568195372039,81.60568195372039,81.60568195372039,< e0 observado
Canovanas,2010-2014,1,73.73163177655941,74.95538728155914,74.95538728155914,74.95538728155914,> e0 observado
Canovanas,2010-2014,2,82.38500533806449,80.71706091280183,80.71706091280183,80.71706091280183,< e0 observado
Canovanas,2015-2019,1,76.47578865798283,77.1587606182453,77.1587606182453,77.1587606182453,> e0 observado
Canovanas,2015-2019,2,83.4705410867674,81.87325397828666,81.87325397828666,81.87325397828666,< e0 observado
Canovanas,2020-2024,1,75.27011547141527,76.09864415324063,76.09864415324063,76.09864415324063,> e0 observado
Canovanas,2020-2024,2,84.62181844092844,83.66164234979098,83.66164234979098,83.66164234979098,< e0 observado
Carolina,1980-1984,1,72.6794571065647,72.91435914105533,72.91435914105533,72.91435914105533,> e0 observado
Carolina,1980-1984,2,80.00245669766524,79.32604274536739,79.32604274536739,79.32604274536739,< e0 observado
Carolina,1985-1989,1,71.45905207579524,72.08935584973769,72.08935584973769,72.08935584973769,> e0 observado
Carolina,1985-1989,2,79.99533355118935,80.09472090253628,80.09472090253628,80.09472090253628,> e0 observado
Carolina,1990-1994,1,69.88961527032848,70.13658212241359,70.13658212241359,70.13658212241359,> e0 observado
Carolina,1990-1994,2,79.19273965392165,79.57818091066002,79.57818091066002,79.57818091066002,> e0 observado
Carolina,1995-1999,1,70.60394767924991,71.35101791376766,71.35101791376766,71.35101791376766,> e0 observado
Carolina,1995-1999,2,80.17066355341139,79.99084120933715,79.99084120933715,79.99084120933715,< e0 observado
Carolina,2000-2004,1,73.93076115352547,74.23139312252188,74.23139312252188,74.23139312252188,> e0 observado
Carolina,2000-2004,2,81.94990115891812,81.09751407617895,81.09751407617895,81.09751407617895,< e0 observado
Carolina,2005-2009,1,74.82294831043073,74.54986194008342,74.54986194008342,74.54986194008342,< e0 observado
Carolina,2005-2009,2,82.93347404417227,83.04371488323305,83.04371488323305,83.04371488323305,> e0 observado
Carolina,2010-2014,1,75.7216623224996,75.95240856550252,75.95240856550252,75.95240856550252,> e0 observado
Carolina,2010-2014,2,84.32702876051525,83.7903115879232,83.7903115879232,83.7903115879232,< e0 observado
Carolina,2015-2019,1,78.16150181754098,78.40828165272839,78.40828165272839,78.40828165272839,> e0 observado
Carolina,2015-2019,2,86.31301087441426,86.03063388900682,86.03063388900682,86.03063388900682,< e0 observado
Carolina,2020-2024,1,78.61601699181084,78.74174948737485,78.74174948737485,78.74174948737485,> e0 observado
Carolina,2020-2024,2,85.92480146843513,85.26208958062087,85.26208958062087,85.26208958062087,< e0 observado
Catano,1980-1984,1,64.71158204088911,66.20784230759605,66.20784230759605,66.20784230759605,> e0 observado
Catano,1980-1984,2,75.60330232750007,74.38986024984926,74.38986024984926,74.38986024984926,< e0 observado
Catano,1985-1989,1,65.74843366392102,66.5319510303114,66.5319510303114,66.5319510303114,> e0 observado
Catano,1985-1989,2,78.65957711284251,76.23564140798474,76.23564140798474,76.23564140798474,< e0 observado
Catano,1990-1994,1,63.551421617424765,64.30332207658759,64.30332207658759,64.30332207658759,> e0 observado
Catano,1990-1994,2,77.73013012436986,77.70302120505,77.70302120505,77.70302120505,< e0 observado
Catano,1995-1999,1,64.95894376240564,67.22491617022348,67.22491617022348,67.22491617022348,> e0 observado
Catano,1995-1999,2,77.8017354936669,77.44081993556364,77.44081993556364,77.44081993556364,< e0 observado
Catano,2000-2004,1,69.54736006919788,69.46696354155223,69.46696354155223,69.46696354155223,< e0 observado
Catano,2000-2004,2,80.2420833723342,78.60865270252727,78.60865270252727,78.60865270252727,< e0 observado
Catano,2005-2009,1,70.0088463290445,68.83785529893164,68.83785529893164,68.83785529893164,< e0 observado
Catano,2005-2009,2,82.4846061988492,80.40466764536018,80.40466764536018,80.40466764536018,< e0 observado
Catano,2010-2014,1,73.04054164065786,75.2004954356588,75.2004954356588,75.2004954356588,> e0 observado
Catano,2010-2014,2,85.05347927327067,82.36634050183352,82.36634050183352,82.36634050183352,< e0 observado
Catano,2015-2019,1,73.65254048968006,75.38796891929695,75.38796891929695,75.38796891929695,> e0 observado
Catano,2015-2019,2,86.94579083490224,85.72593963163955,85.72593963163955,85.72593963163955,< e0 observado
Catano,2020-2024,1,73.01737041087927,75.04190836607528,75.04190836607528,75.04190836607528,> e0 observado
Catano,2020-2024,2,86.0684794743231,85.31260836409591,85.31260836409591,85.31260836409591,< e0 observado
Cayey,1980-1984,1,71.32064492875627,71.15267641922954,71.15267641922954,71.15267641922954,< e0 observado
Cayey,1980-1984,2,76.88437352747384,76.13626877207706,76.13626877207706,76.13626877207706,< e0 observado
Cayey,1985-1989,1,69.35200072016079,70.68000511261233,70.68000511261233,70.68000511261233,> e0 observado
Cayey,1985-1989,2,78.24162311103663,77.19930481188725,77.19930481188725,77.19930481188725,< e0 observado
Cayey,1990-1994,1,69.27521430891126,69.97391442641258,69.97391442641258,69.97391442641258,> e0 observado
Cayey,1990-1994,2,78.16553833033852,77.7076273297961,77.7076273297961,77.7076273297961,< e0 observado
Cayey,1995-1999,1,70.01299547508536,70.50209033814052,70.50209033814052,70.50209033814052,> e0 observado
Cayey,1995-1999,2,78.87259018768239,77.77064176451594,77.77064176451594,77.77064176451594,< e0 observado
Cayey,2000-2004,1,73.68749999421473,74.70393200361174,74.70393200361174,74.70393200361174,> e0 observado
Cayey,2000-2004,2,81.22226473989993,80.00795639558787,80.00795639558787,80.00795639558787,< e0 observado
Cayey,2005-2009,1,73.99614368964569,74.72591712485037,74.72591712485037,74.72591712485037,> e0 observado
Cayey,2005-2009,2,82.1533699228688,81.20373687648492,81.20373687648492,81.20373687648492,< e0 observado
Cayey,2010-2014,1,75.00610378038506,75.65319506905877,75.65319506905877,75.65319506905877,> e0 observado
Cayey,2010-2014,2,83.73637939950336,82.50670205221917,82.50670205221917,82.50670205221917,< e0 observado
Cayey,2015-2019,1,78.54670044615935,78.42376306673266,78.42376306673266,78.42376306673266,< e0 observado
Cayey,2015-2019,2,85.74693279734878,84.52403962985626,84.52403962985626,84.52403962985626,< e0 observado
Cayey,2020-2024,1,79.40962956727441,79.51272471226581,79.51272471226581,79.51272471226581,> e0 observado
Cayey,2020-2024,2,87.6006348574498,86.8463968988915,86.8463968988915,86.8463968988915,< e0 observado
Ceiba,1980-1984,1,72.14585176157938,73.36232501645962,73.36232501645962,73.36232501645962,> e0 observado
Ceiba,1980-1984,2,78.61104372786001,76.57204030004937,76.57204030004937,76.57204030004937,< e0 observado
Ceiba,1985-1989,1,70.6198183166503,70.88294162119861,70.88294162119861,70.88294162119861,> e0 observado
Ceiba,1985-1989,2,79.13415807152825,77.1057816452021,77.1057816452021,77.1057816452021,< e0 observado
Ceiba,1990-1994,1,71.00935671117365,70.67108876679673,70.67108876679673,70.67108876679673,< e0 observado
Ceiba,1990-1994,2,79.17042900270538,77.82655532925746,77.82655532925746,77.82655532925746,< e0 observado
Ceiba,1995-1999,1,72.51721647517238,72.17854041414493,72.17854041414493,72.17854041414493,< e0 observado
Ceiba,1995-1999,2,78.14728081414309,75.47244649994765,75.47244649994765,75.47244649994765,< e0 observado
Ceiba,2000-2004,1,74.86667065353893,74.18380281897652,74.18380281897652,74.18380281897652,< e0 observado
Ceiba,2000-2004,2,80.68427804057518,79.73594214034532,79.73594214034532,79.73594214034532,< e0 observado
Ceiba,2005-2009,1,76.12252834869311,75.09041837314727,75.09041837314727,75.09041837314727,< e0 observado
Ceiba,2005-2009,2,82.7966883833198,80.63271670185169,80.63271670185169,80.63271670185169,< e0 observado
Ceiba,2010-2014,1,75.46412666889606,77.40668423992602,77.40668423992602,77.40668423992602,> e0 observado
Ceiba,2010-2014,2,81.41353267344712,82.13596972795573,82.13596972795573,82.13596972795573,> e0 observado
Ceiba,2015-2019,1,78.54557923356414,78.076303373903,78.076303373903,78.076303373903,< e0 observado
Ceiba,2015-2019,2,86.20789836529356,85.06876530876698,85.06876530876698,85.06876530876698,< e0 observado
Ceiba,2020-2024,1,72.26101326760208,75.2730093622658,75.2730093622658,75.2730093622658,> e0 observado
Ceiba,2020-2024,2,81.87366447467527,79.65006582638895,79.65006582638895,79.65006582638895,< e0 observado
Ciales,1980-1984,1,73.3601690081269,74.02754489882298,74.02754489882298,74.02754489882298,> e0 observado
Ciales,1980-1984,2,79.08450788252533,77.40010407977122,77.40010407977122,77.40010407977122,< e0 observado
Ciales,1985-1989,1,73.80385799895002,74.30454739720867,74.30454739720867,74.30454739720867,> e0 observado
Ciales,1985-1989,2,79.25761748100682,76.21733838352168,76.21733838352168,76.21733838352168,< e0 observado
Ciales,1990-1994,1,72.25274862856378,73.35933045826594,73.35933045826594,73.35933045826594,> e0 observado
Ciales,1990-1994,2,79.82543814746265,77.59868768002309,77.59868768002309,77.59868768002309,< e0 observado
Ciales,1995-1999,1,71.42663286324974,72.45495675387339,72.45495675387339,72.45495675387339,> e0 observado
Ciales,1995-1999,2,79.238381112831,79.12917409606551,79.12917409606551,79.12917409606551,< e0 observado
Ciales,2000-2004,1,72.8877247015535,74.63206855352816,74.63206855352816,74.63206855352816,> e0 observado
Ciales,2000-2004,2,80.83769687356553,79.74108157251247,79.74108157251247,79.74108157251247,< e0 observado
Ciales,2005-2009,1,74.52536084511352,75.71723407632187,75.71723407632187,75.71723407632187,> e0 observado
Ciales,2005-2009,2,82.13836581268944,80.68176824608013,80.68176824608013,80.68176824608013,< e0 observado
Ciales,2010-2014,1,75.83944224399347,76.8800689930916,76.8800689930916,76.8800689930916,> e0 observado
Ciales,2010-2014,2,83.18525319463721,81.33944397017547,81.33944397017547,81.33944397017547,< e0 observado
Ciales,2015-2019,1,80.35963140996523,81.13923665997464,81.13923665997464,81.13923665997464,> e0 observado
Ciales,2015-2019,2,85.16754149388572,84.05541380008977,84.05541380008977,84.05541380008977,< e0 observado
Ciales,2020-2024,1,78.0952139934909,77.60097493088338,77.60097493088338,77.60097493088338,< e0 observado
Ciales,2020-2024,2,83.7838176468441,83.95987507644189,83.95987507644189,83.95987507644189,> e0 observado
Cidra,1980-1984,1,72.92625993210298,73.64348360546747,73.64348360546747,73.64348360546747,> e0 observado
Cidra,1980-1984,2,80.25294604658151,78.09688502763304,78.09688502763304,78.09688502763304,< e0 observado
Cidra,1985-1989,1,72.65671880748917,73.19061618546375,73.19061618546375,73.19061618546375,> e0 observado
Cidra,1985-1989,2,79.2640060129605,79.80979514511151,79.80979514511151,79.80979514511151,> e0 observado
Cidra,1990-1994,1,74.59270123853278,74.59505902418191,74.59505902418191,74.59505902418191,> e0 observado
Cidra,1990-1994,2,79.58259869878654,78.04798310666848,78.04798310666848,78.04798310666848,< e0 observado
Cidra,1995-1999,1,74.21713653214772,75.0805175085646,75.0805175085646,75.0805175085646,> e0 observado
Cidra,1995-1999,2,80.46720179098129,79.20315174682759,79.20315174682759,79.20315174682759,< e0 observado
Cidra,2000-2004,1,76.1648075054388,76.11516352494539,76.11516352494539,76.11516352494539,< e0 observado
Cidra,2000-2004,2,83.06880741955162,82.6590542993397,82.6590542993397,82.6590542993397,< e0 observado
Cidra,2005-2009,1,76.2488157847596,76.76186466959834,76.76186466959834,76.76186466959834,> e0 observado
Cidra,2005-2009,2,83.29450873472624,81.61346396610544,81.61346396610544,81.61346396610544,< e0 observado
Cidra,2010-2014,1,77.33131059096634,77.73462574380223,77.73462574380223,77.73462574380223,> e0 observado
Cidra,2010-2014,2,83.46470181390174,82.6145376663117,82.6145376663117,82.6145376663117,< e0 observado
Cidra,2015-2019,1,78.97458456608396,79.74660772429338,79.74660772429338,79.74660772429338,> e0 observado
Cidra,2015-2019,2,84.69043178604441,84.20970467057307,84.20970467057307,84.20970467057307,< e0 observado
Cidra,2020-2024,1,79.7427353948676,81.36001568109003,81.36001568109003,81.36001568109003,> e0 observado
Cidra,2020-2024,2,85.33702768748,84.29223277739773,84.29223277739773,84.29223277739773,< e0 observado
Coamo,1980-1984,1,71.83261143264684,73.3391544970803,73.3391544970803,73.3391544970803,> e0 observado
Coamo,1980-1984,2,77.96592585526496,77.80980742033518,77.80980742033518,77.80980742033518,< e0 observado
Coamo,1985-1989,1,71.23431252697634,71.69014469499687,71.69014469499687,71.69014469499687,> e0 observado
Coamo,1985-1989,2,77.61875344002883,75.09520491758153,75.09520491758153,75.09520491758153,< e0 observado
Coamo,1990-1994,1,71.15206342123702,71.84219648323335,71.84219648323335,71.84219648323335,> e0 observado
Coamo,1990-1994,2,79.52007940092251,78.57742395342858,78.57742395342858,78.57742395342858,< e0 observado
Coamo,1995-1999,1,71.1960753395491,71.05582768317653,71.05582768317653,71.05582768317653,< e0 observado
Coamo,1995-1999,2,78.423903843953,77.70926482752571,77.70926482752571,77.70926482752571,< e0 observado
Coamo,2000-2004,1,73.24248106281058,73.98373666242969,73.98373666242969,73.98373666242969,> e0 observado
Coamo,2000-2004,2,81.2524184753369,80.80428654132521,80.80428654132521,80.80428654132521,< e0 observado
Coamo,2005-2009,1,76.67061680312946,76.27927321885157,76.27927321885157,76.27927321885157,< e0 observado
Coamo,2005-2009,2,82.50443120167047,81.29564228986517,81.29564228986517,81.29564228986517,< e0 observado
Coamo,2010-2014,1,76.08519397019607,77.35237957210043,77.35237957210043,77.35237957210043,> e0 observado
Coamo,2010-2014,2,82.76456200780567,82.07127418231406,82.07127418231406,82.07127418231406,< e0 observado
Coamo,2015-2019,1,76.3555860235564,78.35602805392885,78.35602805392885,78.35602805392885,> e0 observado
Coamo,2015-2019,2,84.32302802936533,84.69395142544022,84.69395142544022,84.69395142544022,> e0 observado
Coamo,2020-2024,1,78.73457128285159,79.75004385197809,79.75004385197809,79.75004385197809,> e0 observado
Coamo,2020-2024,2,85.32320664794793,83.35843931912841,83.35843931912841,83.35843931912841,< e0 observado
Comerio,1980-1984,1,72.39160599187598,75.00280347069945,75.00280347069945,75.00280347069945,> e0 observado
Comerio,1980-1984,2,80.50714392154065,78.01979886809939,78.01979886809939,78.01979886809939,< e0 observado
Comerio,1985-1989,1,72.46599051488649,72.94115670951918,72.94115670951918,72.94115670951918,> e0 observado
Comerio,1985-1989,2,79.35372018267553,76.64861758643794,76.64861758643794,76.64861758643794,< e0 observado
Comerio,1990-1994,1,72.63261964951914,73.31285656753064,73.31285656753064,73.31285656753064,> e0 observado
Comerio,1990-1994,2,78.0865724889923,78.0876560522127,78.0876560522127,78.0876560522127,> e0 observado
Comerio,1995-1999,1,71.13227286201818,73.07679124914657,73.07679124914657,73.07679124914657,> e0 observado
Comerio,1995-1999,2,78.32248610899435,76.51390563111875,76.51390563111875,76.51390563111875,< e0 observado
Comerio,2000-2004,1,73.74046365047266,75.16449848743444,75.16449848743444,75.16449848743444,> e0 observado
Comerio,2000-2004,2,80.19913305806267,80.09850277690828,80.09850277690828,80.09850277690828,< e0 observado
Comerio,2005-2009,1,75.30350166697882,75.7933400871891,75.7933400871891,75.7933400871891,> e0 observado
Comerio,2005-2009,2,81.75843965388886,80.64266757053149,80.64266757053149,80.64266757053149,< e0 observado
Comerio,2010-2014,1,77.88992392393747,78.83189959042713,78.83189959042713,78.83189959042713,> e0 observado
Comerio,2010-2014,2,83.20589003283447,83.441244658034,83.441244658034,83.441244658034,> e0 observado
Comerio,2015-2019,1,76.11616223403381,77.27939343440559,77.27939343440559,77.27939343440559,> e0 observado
Comerio,2015-2019,2,84.47935763504815,82.73798919405459,82.73798919405459,82.73798919405459,< e0 observado
Comerio,2020-2024,1,75.23982921549162,77.56206705956916,77.56206705956916,77.56206705956916,> e0 observado
Comerio,2020-2024,2,83.75928924043123,82.40298068967559,82.40298068967559,82.40298068967559,< e0 observado
Corozal,1980-1984,1,72.8434269620364,73.63635527434226,73.63635527434226,73.63635527434226,> e0 observado
Corozal,1980-1984,2,78.49552695365927,77.87693103463624,77.87693103463624,77.87693103463624,< e0 observado
Corozal,1985-1989,1,74.16679537755694,74.43794209357482,74.43794209357482,74.43794209357482,> e0 observado
Corozal,1985-1989,2,78.31409571064404,76.95707279882743,76.95707279882743,76.95707279882743,< e0 observado
Corozal,1990-1994,1,71.27571092432538,71.88926831000379,71.88926831000379,71.88926831000379,> e0 observado
Corozal,1990-1994,2,78.71157989908842,76.57744046529953,76.57744046529953,76.57744046529953,< e0 observado
Corozal,1995-1999,1,71.90053240132126,73.00431543128286,73.00431543128286,73.00431543128286,> e0 observado
Corozal,1995-1999,2,81.05061971042039,80.05373429310892,80.05373429310892,80.05373429310892,< e0 observado
Corozal,2000-2004,1,75.40121472632262,74.55102623113085,74.55102623113085,74.55102623113085,< e0 observado
Corozal,2000-2004,2,82.32727029969571,79.72760202233405,79.72760202233405,79.72760202233405,< e0 observado
Corozal,2005-2009,1,75.29676896497347,76.07929226106741,76.07929226106741,76.07929226106741,> e0 observado
Corozal,2005-2009,2,81.7668888989548,80.79900346441778,80.79900346441778,80.79900346441778,< e0 observado
Corozal,2010-2014,1,76.61800376671373,76.72810753560954,76.72810753560954,76.72810753560954,> e0 observado
Corozal,2010-2014,2,83.99620064198638,84.13304360418901,84.13304360418901,84.13304360418901,> e0 observado
Corozal,2015-2019,1,78.84838673591865,77.60721238505279,77.60721238505279,77.60721238505279,< e0 observado
Corozal,2015-2019,2,84.36621340480359,83.09610560897165,83.09610560897165,83.09610560897165,< e0 observado
Corozal,2020-2024,1,76.44862204173214,77.61303573274867,77.61303573274867,77.61303573274867,> e0 observado
Corozal,2020-2024,2,85.0591201159125,85.1608105460104,85.1608105460104,85.1608105460104,> e0 observado
Culebra,1980-1984,1,94.69722323815856,74.37156864338962,74.37156864338962,74.37156864338962,< e0 observado
Culebra,1980-1984,2,77.11141651027592,74.63563188395489,74.63563188395489,74.63563188395489,< e0 observado
Culebra,1985-1989,1,76.63588305134152,75.74150836086511,75.74150836086511,75.74150836086511,< e0 observado
Culebra,1985-1989,2,84.99417166658453,73.64489911862952,73.64489911862952,73.64489911862952,< e0 observado
Culebra,1990-1994,1,75.23127689590049,75.72083631977674,75.72083631977674,75.72083631977674,> e0 observado
Culebra,1990-1994,2,82.2361338517014,74.7005140482465,74.7005140482465,74.7005140482465,< e0 observado
Culebra,1995-1999,1,72.53390965878926,73.97731440129341,73.97731440129341,73.97731440129341,> e0 observado
Culebra,1995-1999,2,82.74787501668122,78.7033928241303,78.7033928241303,78.7033928241303,< e0 observado
Culebra,2000-2004,1,83.74648606676807,81.73139719783143,81.73139719783143,81.73139719783143,< e0 observado
Culebra,2000-2004,2,81.63132549875367,75.391280925155,75.391280925155,75.391280925155,< e0 observado
Culebra,2005-2009,1,79.35518350612848,78.90199314659655,78.90199314659655,78.90199314659655,< e0 observado
Culebra,2005-2009,2,87.82645600917449,83.86000148802067,83.86000148802067,83.86000148802067,< e0 observado
Culebra,2010-2014,1,73.27486001063872,80.20117963122469,80.20117963122469,80.20117963122469,> e0 observado
Culebra,2010-2014,2,84.63331186955911,95.22831997133729,95.22831997133729,95.22831997133729,> e0 observado
Culebra,2015-2019,1,73.7782353124013,79.60484627890584,79.60484627890584,79.60484627890584,> e0 observado
Culebra,2015-2019,2,82.80860574041759,78.59059088216249,78.59059088216249,78.59059088216249,< e0 observado
Culebra,2020-2024,1,71.17558414919206,79.39202050281274,79.39202050281274,79.39202050281274,> e0 observado
Culebra,2020-2024,2,81.75048505604273,79.70541564451649,79.70541564451649,79.70541564451649,< e0 observado
Dorado,1980-1984,1,73.06768394242143,74.15424304860058,74.15424304860058,74.15424304860058,> e0 observado
Dorado,1980-1984,2,79.57134292897321,77.3704113701969,77.3704113701969,77.3704113701969,< e0 observado
Dorado,1985-1989,1,70.98138714935332,71.1372294206916,71.1372294206916,71.1372294206916,> e0 observado
Dorado,1985-1989,2,79.66708794032925,78.55545827597918,78.55545827597918,78.55545827597918,< e0 observado
Dorado,1990-1994,1,70.60163270459446,72.19523096546389,72.19523096546389,72.19523096546389,> e0 observado
Dorado,1990-1994,2,79.66123740902555,78.91460271179679,78.91460271179679,78.91460271179679,< e0 observado
Dorado,1995-1999,1,71.14661901491276,72.70012762372683,72.70012762372683,72.70012762372683,> e0 observado
Dorado,1995-1999,2,79.34231212268777,78.26981384057805,78.26981384057805,78.26981384057805,< e0 observado
Dorado,2000-2004,1,72.80125816712727,74.26357632364356,74.26357632364356,74.26357632364356,> e0 observado
Dorado,2000-2004,2,80.51547250678337,79.90953794969498,79.90953794969498,79.90953794969498,< e0 observado
Dorado,2005-2009,1,74.74216888739862,77.1961637552987,77.1961637552987,77.1961637552987,> e0 observado
Dorado,2005-2009,2,81.55921742419945,80.32309559274309,80.32309559274309,80.32309559274309,< e0 observado
Dorado,2010-2014,1,77.3972526095473,76.92131769842094,76.92131769842094,76.92131769842094,< e0 observado
Dorado,2010-2014,2,83.78650120499329,82.42634151617969,82.42634151617969,82.42634151617969,< e0 observado
Dorado,2015-2019,1,79.05317477178703,79.955498445795115,79.955498445795115,79.955498445795115,> e0 observado
Dorado,2015-2019,2,85.0361331038058,84.59020844990476,84.59020844990476,84.59020844990476,< e0 observado
Dorado,2020-2024,1,77.54648054972814,78.32271178071645,78.32271178071645,78.32271178071645,> e0 observado
Dorado,2020-2024,2,87.81728727976584,86.6870376167335,86.6870376167335,86.6870376167335,< e0 observado
Fajardo,1980-1984,1,70.97992961345321,70.93803465605875,70.93803465605875,70.93803465605875,< e0 observado
Fajardo,1980-1984,2,77.4034006461853,76.94172567143553,76.94172567143553,76.94172567143553,< e0 observado
Fajardo,1985-1989,1,71.1887876704971,70.86328592398823,70.86328592398823,70.86328592398823,< e0 observado
Fajardo,1985-1989,2,77.37337374894558,76.18003334188458,76.18003334188458,76.18003334188458,< e0 observado
Fajardo,1990-1994,1,68.18099629812696,69.40279706211673,69.40279706211673,69.40279706211673,> e0 observado
Fajardo,1990-1994,2,78.11474876521702,76.3643663303613,76.3643663303613,76.3643663303613,< e0 observado
Fajardo,1995-1999,1,69.86154006659808,70.26013767355215,70.26013767355215,70.26013767355215,> e0 observado
Fajardo,1995-1999,2,78.82934233659792,77.76617833936655,77.76617833936655,77.76617833936655,< e0 observado
Fajardo,2000-2004,1,71.85134936418909,72.0655319727501,72.0655319727501,72.0655319727501,> e0 observado
Fajardo,2000-2004,2,80.31491904964011,78.50630770417051,78.50630770417051,78.50630770417051,< e0 observado
Fajardo,2005-2009,1,72.01498955956528,73.52184622655358,73.52184622655358,73.52184622655358,> e0 observado
Fajardo,2005-2009,2,80.42579698255476,79.45525618428815,79.45525618428815,79.45525618428815,< e0 observado
Fajardo,2010-2014,1,73.1648079564502,74.47448717907517,74.47448717907517,74.47448717907517,> e0 observado
Fajardo,2010-2014,2,81.74247222384632,81.40472062167677,81.40472062167677,81.40472062167677,< e0 observado
Fajardo,2015-2019,1,76.15087862256587,77.6240258498194,77.6240258498194,77.6240258498194,> e0 observado
Fajardo,2015-2019,2,83.7123556023456,84.21498967377053,84.21498967377053,84.21498967377053,> e0 observado
Fajardo,2020-2024,1,74.31868957649468,74.45693773411264,74.45693773411264,74.45693773411264,> e0 observado
Fajardo,2020-2024,2,83.33111283123691,83.28642696054573,83.28642696054573,83.28642696054573,< e0 observado
Florida,1980-1984,1,71.06938753374574,73.43826391072608,73.43826391072608,73.43826391072608,> e0 observado
Florida,1980-1984,2,79.21775098528943,77.72190384477527,77.72190384477527,77.72190384477527,< e0 observado
Florida,1985-1989,1,70.64603223425698,72.07057228192467,72.07057228192467,72.07057228192467,> e0 observado
Florida,1985-1989,2,74.85144353276169,75.04127258882895,75.04127258882895,75.04127258882895,> e0 observado
Florida,1990-1994,1,70.01533527514864,70.39305633146567,70.39305633146567,70.39305633146567,> e0 observado
Florida,1990-1994,2,75.40391537650423,74.52263397728913,74.52263397728913,74.52263397728913,< e0 observado
Florida,1995-1999,1,71.65894113726901,72.56192728282677,72.56192728282677,72.56192728282677,> e0 observado
Florida,1995-1999,2,77.29790147374477,76.61483393785231,76.61483393785231,76.61483393785231,< e0 observado
Florida,2000-2004,1,75.01444427678842,75.47303698330339,75.47303698330339,75.47303698330339,> e0 observado
Florida,2000-2004,2,81.08965307946796,78.99826038893231,78.99826038893231,78.99826038893231,< e0 observado
Florida,2005-2009,1,76.54783220170152,76.25472694265673,76.25472694265673,76.25472694265673,< e0 observado
Florida,2005-2009,2,80.52310433234075,77.42868534429105,77.42868534429105,77.42868534429105,< e0 observado
Florida,2010-2014,1,79.58931937931183,79.4028206486325,79.4028206486325,79.4028206486325,< e0 observado
Florida,2010-2014,2,84.35262381150902,81.66564254830499,81.66564254830499,81.66564254830499,< e0 observado
Florida,2015-2019,1,77.39963673465637,78.30047822374625,78.30047822374625,78.30047822374625,> e0 observado
Florida,2015-2019,2,83.04749257512822,80.64852597883167,80.64852597883167,80.64852597883167,< e0 observado
Florida,2020-2024,1,76.48138637441758,80.25981356774979,80.25981356774979,80.25981356774979,> e0 observado
Florida,2020-2024,2,86.57028869211995,84.89584509326143,84.89584509326143,84.89584509326143,< e0 observado
Guanica,1980-1984,1,70.29160656173029,70.46316345544561,70.46316345544561,70.46316345544561,> e0 observado
Guanica,1980-1984,2,77.02589204137094,74.98484579133397,74.98484579133397,74.98484579133397,< e0 observado
Guanica,1985-1989,1,69.64590752945972,71.9895041186822,71.9895041186822,71.9895041186822,> e0 observado
Guanica,1985-1989,2,76.96194389846337,74.42175762522935,74.42175762522935,74.42175762522935,< e0 observado
Guanica,1990-1994,1,69.00330089577055,69.22367156024617,69.22367156024617,69.22367156024617,> e0 observado
Guanica,1990-1994,2,77.43314529873244,76.59455121064406,76.59455121064406,76.59455121064406,< e0 observado
Guanica,1995-1999,1,68.75925697690468,70.66157726632221,70.66157726632221,70.66157726632221,> e0 observado
Guanica,1995-1999,2,76.88365176255945,75.93335098304176,75.93335098304176,75.93335098304176,< e0 observado
Guanica,2000-2004,1,72.36855900985053,73.46733386981784,73.46733386981784,73.46733386981784,> e0 observado
Guanica,2000-2004,2,78.3128127578213,77.27009570927629,77.27009570927629,77.27009570927629,< e0 observado
Guanica,2005-2009,1,71.69965700518571,72.35367368624323,72.35367368624323,72.35367368624323,> e0 observado
Guanica,2005-2009,2,80.3960001801447,79.1468572026606,79.1468572026606,79.1468572026606,< e0 observado
Guanica,2010-2014,1,75.43056531334524,76.31462510714877,76.31462510714877,76.31462510714877,> e0 observado
Guanica,2010-2014,2,80.57778836738088,80.4081802030497,80.4081802030497,80.4081802030497,< e0 observado
Guanica,2015-2019,1,74.6061778340804,75.43867798935086,75.43867798935086,75.43867798935086,> e0 observado
Guanica,2015-2019,2,81.3148683326643,80.44230293738622,80.44230293738622,80.44230293738622,< e0 observado
Guanica,2020-2024,1,73.35967274163447,75.23188928169839,75.23188928169839,75.23188928169839,> e0 observado
Guanica,2020-2024,2,82.11869011623037,81.42817789828511,81.42817789828511,81.42817789828511,< e0 observado
Guayama,1980-1984,1,70.24592277647761,71.45242843178765,71.45242843178765,71.45242843178765,> e0 observado
Guayama,1980-1984,2,76.94736099895414,76.26153801014871,76.26153801014871,76.26153801014871,< e0 observado
Guayama,1985-1989,1,69.18407376779939,70.2056234570783,70.2056234570783,70.2056234570783,> e0 observado
Guayama,1985-1989,2,77.01984994163914,76.41247032468856,76.41247032468856,76.41247032468856,< e0 observado
Guayama,1990-1994,1,69.12774545799293,70.28690513244179,70.28690513244179,70.28690513244179,> e0 observado
Guayama,1990-1994,2,78.26536534527779,77.20726754399324,77.20726754399324,77.20726754399324,< e0 observado
Guayama,1995-1999,1,69.89298463348949,70.93678670686435,70.93678670686435,70.93678670686435,> e0 observado
Guayama,1995-1999,2,79.36097539479375,77.89013320786707,77.89013320786707,77.89013320786707,< e0 observado
Guayama,2000-2004,1,71.73959231092829,71.50987630709967,71.50987630709967,71.50987630709967,< e0 observado
Guayama,2000-2004,2,80.42361640554877,78.21628186843701,78.21628186843701,78.21628186843701,< e0 observado
Guayama,2005-2009,1,74.004627225837,74.10294865739182,74.10294865739182,74.10294865739182,> e0 observado
Guayama,2005-2009,2,80.66196990050479,80.35466325996623,80.35466325996623,80.35466325996623,< e0 observado
Guayama,2010-2014,1,76.0922078825251,75.80112541882308,75.80112541882308,75.80112541882308,< e0 observado
Guayama,2010-2014,2,82.22460967328485,81.35963636444309,81.35963636444309,81.35963636444309,< e0 observado
Guayama,2015-2019,1,76.61959145312574,76.86385292171998,76.86385292171998,76.86385292171998,> e0 observado
Guayama,2015-2019,2,83.4142713899816,83.57234098361272,83.57234098361272,83.57234098361272,> e0 observado
Guayama,2020-2024,1,73.93879414262592,75.26599908477648,75.26599908477648,75.26599908477648,> e0 observado
Guayama,2020-2024,2,82.33975114826434,81.50415408427757,81.50415408427757,81.50415408427757,< e0 observado
Guayanilla,1980-1984,1,72.58983279684577,72.91237143480826,72.91237143480826,72.91237143480826,> e0 observado
Guayanilla,1980-1984,2,77.53353824728316,77.12531556952325,77.12531556952325,77.12531556952325,< e0 observado
Guayanilla,1985-1989,1,70.73661721916349,71.52245692433489,71.52245692433489,71.52245692433489,> e0 observado
Guayanilla,1985-1989,2,76.86235560972376,75.19434018541233,75.19434018541233,75.19434018541233,< e0 observado
Guayanilla,1990-1994,1,72.37752924339648,72.67970190962072,72.67970190962072,72.67970190962072,> e0 observado
Guayanilla,1990-1994,2,78.55250974931681,76.60679584424732,76.60679584424732,76.60679584424732,< e0 observado
Guayanilla,1995-1999,1,72.22131902455737,72.80083648241192,72.80083648241192,72.80083648241192,> e0 observado
Guayanilla,1995-1999,2,79.14608996325278,77.07597774066384,77.07597774066384,77.07597774066384,< e0 observado
Guayanilla,2000-2004,1,74.05744082522244,75.06511770060298,75.06511770060298,75.06511770060298,> e0 observado
Guayanilla,2000-2004,2,80.06971551607721,78.70890708394792,78.70890708394792,78.70890708394792,< e0 observado
Guayanilla,2005-2009,1,73.36781184296053,74.91557135246451,74.91557135246451,74.91557135246451,> e0 observado
Guayanilla,2005-2009,2,79.74433091795808,78.24163458436861,78.24163458436861,78.24163458436861,< e0 observado
Guayanilla,2010-2014,1,77.2541883457964,77.88212856064524,77.88212856064524,77.88212856064524,> e0 observado
Guayanilla,2010-2014,2,79.95617529124827,78.78454336601705,78.78454336601705,78.78454336601705,< e0 observado
Guayanilla,2015-2019,1,74.50306944491258,76.410231575462,76.410231575462,76.410231575462,> e0 observado
Guayanilla,2015-2019,2,85.47648018860491,83.68300908011926,83.68300908011926,83.68300908011926,< e0 observado
Guayanilla,2020-2024,1,73.73722385919334,76.37787514307665,76.37787514307665,76.37787514307665,> e0 observado
Guayanilla,2020-2024,2,84.46851671921503,83.49141937385583,83.49141937385583,83.49141937385583,< e0 observado
Guaynabo,1980-1984,1,73.33304020193007,73.94359966882077,73.94359966882077,73.94359966882077,> e0 observado
Guaynabo,1980-1984,2,79.57395565229348,79.72886026949473,79.72886026949473,79.72886026949473,> e0 observado
Guaynabo,1985-1989,1,73.30720790413426,74.02796987350483,74.02796987350483,74.02796987350483,> e0 observado
Guaynabo,1985-1989,2,80.7449894765543,79.96491733468969,79.96491733468969,79.96491733468969,< e0 observado
Guaynabo,1990-1994,1,71.64759712414893,72.48926347146389,72.48926347146389,72.48926347146389,> e0 observado
Guaynabo,1990-1994,2,80.46155681333546,79.38005166700093,79.38005166700093,79.38005166700093,< e0 observado
Guaynabo,1995-1999,1,71.70557982807048,72.20033289150676,72.20033289150676,72.20033289150676,> e0 observado
Guaynabo,1995-1999,2,81.61582636139954,81.46937392482161,81.46937392482161,81.46937392482161,< e0 observado
Guaynabo,2000-2004,1,74.5460879922691,74.67217280951462,74.67217280951462,74.67217280951462,> e0 observado
Guaynabo,2000-2004,2,82.43363591097874,81.88885549216464,81.88885549216464,81.88885549216464,< e0 observado
Guaynabo,2005-2009,1,75.40004142189414,75.2715097208427,75.2715097208427,75.2715097208427,< e0 observado
Guaynabo,2005-2009,2,83.59622113263238,82.78935629503151,82.78935629503151,82.78935629503151,< e0 observado
Guaynabo,2010-2014,1,77.3578270076508,78.00008486895693,78.00008486895693,78.00008486895693,> e0 observado
Guaynabo,2010-2014,2,84.62289097742051,84.16378234803287,84.16378234803287,84.16378234803287,< e0 observado
Guaynabo,2015-2019,1,79.63090232574721,80.7395597624049,80.7395597624049,80.7395597624049,> e0 observado
Guaynabo,2015-2019,2,86.62280196774702,85.63539771366872,85.63539771366872,85.63539771366872,< e0 observado
Guaynabo,2020-2024,1,77.36899877443203,78.30742844991256,78.30742844991256,78.30742844991256,> e0 observado
Guaynabo,2020-2024,2,86.85241919025239,86.98020557524892,86.98020557524892,86.98020557524892,> e0 observado
Gurabo,1980-1984,1,72.10043466021936,71.25800184860664,71.25800184860664,71.25800184860664,< e0 observado
Gurabo,1980-1984,2,77.21298943234297,76.32072172371146,76.32072172371146,76.32072172371146,< e0 observado
Gurabo,1985-1989,1,72.09864341259255,72.42931421321316,72.42931421321316,72.42931421321316,> e0 observado
Gurabo,1985-1989,2,77.83980186096333,77.48614503467704,77.48614503467704,77.48614503467704,< e0 observado
Gurabo,1990-1994,1,70.06358422124045,70.64743076251413,70.64743076251413,70.64743076251413,> e0 observado
Gurabo,1990-1994,2,78.93586566639773,78.3473732805372,78.3473732805372,78.3473732805372,< e0 observado
Gurabo,1995-1999,1,72.62979875914179,73.61740126346596,73.61740126346596,73.61740126346596,> e0 observado
Gurabo,1995-1999,2,78.37596544908041,76.70196490095582,76.70196490095582,76.70196490095582,< e0 observado
Gurabo,2000-2004,1,73.72455425616529,74.87011015303015,74.87011015303015,74.87011015303015,> e0 observado
Gurabo,2000-2004,2,82.16347596555325,80.83609611707855,80.83609611707855,80.83609611707855,< e0 observado
Gurabo,2005-2009,1,75.38673648949066,76.24832330598215,76.24832330598215,76.24832330598215,> e0 observado
Gurabo,2005-2009,2,82.71710063140857,82.0315942156468,82.0315942156468,82.0315942156468,< e0 observado
Gurabo,2010-2014,1,75.74184183502217,76.4643217358843,76.4643217358843,76.4643217358843,> e0 observado
Gurabo,2010-2014,2,83.66012445857517,83.66504588045903,83.66504588045903,83.66504588045903,> e0 observado
Gurabo,2015-2019,1,77.82655629619259,78.51277601887773,78.51277601887773,78.51277601887773,> e0 observado
Gurabo,2015-2019,2,86.3751275135532,86.87695464935123,86.87695464935123,86.87695464935123,> e0 observado
Gurabo,2020-2024,1,78.1508349062683,78.98643238812178,78.98643238812178,78.98643238812178,> e0 observado
Gurabo,2020-2024,2,85.11563140762924,84.10842135729924,84.10842135729924,84.10842135729924,< e0 observado
Hatillo,1980-1984,1,71.99152036613721,72.7675836533384,72.7675836533384,72.7675836533384,> e0 observado
Hatillo,1980-1984,2,78.9802986931572,77.8120221060073,77.8120221060073,77.8120221060073,< e0 observado
Hatillo,1985-1989,1,72.73472078364017,74.5983274708542,74.5983274708542,74.5983274708542,> e0 observado
Hatillo,1985-1989,2,79.39464399636921,78.89885364548104,78.89885364548104,78.89885364548104,< e0 observado
Hatillo,1990-1994,1,72.2998423174012,72.10795467283656,72.10795467283656,72.10795467283656,< e0 observado
Hatillo,1990-1994,2,78.56900864145167,78.19478082248068,78.19478082248068,78.19478082248068,< e0 observado
Hatillo,1995-1999,1,72.51848608651568,73.52817485205038,73.52817485205038,73.52817485205038,> e0 observado
Hatillo,1995-1999,2,78.33281615395789,78.26077518231494,78.26077518231494,78.26077518231494,< e0 observado
Hatillo,2000-2004,1,74.45467151298737,75.52446888392352,75.52446888392352,75.52446888392352,> e0 observado
Hatillo,2000-2004,2,80.50637914886045,79.3726785814187,79.3726785814187,79.3726785814187,< e0 observado
Hatillo,2005-2009,1,75.71645524793598,75.99814379988007,75.99814379988007,75.99814379988007,> e0 observado
Hatillo,2005-2009,2,81.90357972932111,81.71203268940903,81.71203268940903,81.71203268940903,< e0 observado
Hatillo,2010-2014,1,77.71502056183984,78.04727690965275,78.04727690965275,78.04727690965275,> e0 observado
Hatillo,2010-2014,2,83.87031312176076,83.03029758642694,83.03029758642694,83.03029758642694,< e0 observado
Hatillo,2015-2019,1,79.67724729389147,79.13986340486495,79.13986340486495,79.13986340486495,< e0 observado
Hatillo,2015-2019,2,84.83403759511111,84.6261985121512,84.6261985121512,84.6261985121512,< e0 observado
Hatillo,2020-2024,1,78.47632497278812,78.97991939662384,78.97991939662384,78.97991939662384,> e0 observado
Hatillo,2020-2024,2,86.14610937096411,84.64752492001625,84.64752492001625,84.64752492001625,< e0 observado
Hormigueros,1980-1984,1,74.05856561737721,76.08084705896819,76.08084705896819,76.08084705896819,> e0 observado
Hormigueros,1980-1984,2,79.84974137268954,78.05658828269955,78.05658828269955,78.05658828269955,< e0 observado
Hormigueros,1985-1989,1,73.08737524946572,72.94591674245935,72.94591674245935,72.94591674245935,< e0 observado
Hormigueros,1985-1989,2,77.720059693455,76.00386150633786,76.00386150633786,76.00386150633786,< e0 observado
Hormigueros,1990-1994,1,74.61350802067456,75.43166529914495,75.43166529914495,75.43166529914495,> e0 observado
Hormigueros,1990-1994,2,81.39461486989457,79.73111697910463,79.73111697910463,79.73111697910463,< e0 observado
Hormigueros,1995-1999,1,74.87703445651637,74.76496251713826,74.76496251713826,74.76496251713826,< e0 observado
Hormigueros,1995-1999,2,80.45280069334801,79.31569080200062,79.31569080200062,79.31569080200062,< e0 observado
Hormigueros,2000-2004,1,75.50618073944777,76.01109933890096,76.01109933890096,76.01109933890096,> e0 observado
Hormigueros,2000-2004,2,82.3521641939344,80.1462722636452,80.1462722636452,80.1462722636452,< e0 observado
Hormigueros,2005-2009,1,76.10054922666298,77.74274084924558,77.74274084924558,77.74274084924558,> e0 observado
Hormigueros,2005-2009,2,84.62944320284578,82.9031955178946,82.9031955178946,82.9031955178946,< e0 observado
Hormigueros,2010-2014,1,76.11918178416535,78.89732381366476,78.89732381366476,78.89732381366476,> e0 observado
Hormigueros,2010-2014,2,82.71051389712174,82.66665663077944,82.66665663077944,82.66665663077944,< e0 observado
Hormigueros,2015-2019,1,77.91392313609006,78.23269564411162,78.23269564411162,78.23269564411162,> e0 observado
Hormigueros,2015-2019,2,85.81866120513573,85.82530655539387,85.82530655539387,85.82530655539387,> e0 observado
Hormigueros,2020-2024,1,78.36911216509105,80.80762436994037,80.80762436994037,80.80762436994037,> e0 observado
Hormigueros,2020-2024,2,86.17552522276296,83.88205875457061,83.88205875457061,83.88205875457061,< e0 observado
Humacao,1980-1984,1,70.58258576927221,71.66174223372312,71.66174223372312,71.66174223372312,> e0 observado
Humacao,1980-1984,2,75.89477228552336,75.65954641711645,75.65954641711645,75.65954641711645,< e0 observado
Humacao,1985-1989,1,70.67071512913827,71.54017909350458,71.54017909350458,71.54017909350458,> e0 observado
Humacao,1985-1989,2,78.26869595391119,78.24471953466437,78.24471953466437,78.24471953466437,< e0 observado
Humacao,1990-1994,1,69.59966588678492,70.13689173394503,70.13689173394503,70.13689173394503,> e0 observado
Humacao,1990-1994,2,78.98527536141168,77.39323001480399,77.39323001480399,77.39323001480399,< e0 observado
Humacao,1995-1999,1,71.67034271113566,72.0419299604382,72.0419299604382,72.0419299604382,> e0 observado
Humacao,1995-1999,2,78.50994029948488,78.19420450506091,78.19420450506091,78.19420450506091,< e0 observado
Humacao,2000-2004,1,73.45461991775991,73.3523204569602,73.3523204569602,73.3523204569602,< e0 observado
Humacao,2000-2004,2,79.72370844675466,79.71863297122927,79.71863297122927,79.71863297122927,< e0 observado
Humacao,2005-2009,1,73.61846549183731,74.96767445339339,74.96767445339339,74.96767445339339,> e0 observado
Humacao,2005-2009,2,81.80291929231979,81.36613835339078,81.36613835339078,81.36613835339078,< e0 observado
Humacao,2010-2014,1,75.80326051258055,77.56575528690347,77.56575528690347,77.56575528690347,> e0 observado
Humacao,2010-2014,2,83.58584598942798,82.52644876163609,82.52644876163609,82.52644876163609,< e0 observado
Humacao,2015-2019,1,76.7386829389743,76.37512061458317,76.37512061458317,76.37512061458317,< e0 observado
Humacao,2015-2019,2,84.86787206578826,83.69526665455398,83.69526665455398,83.69526665455398,< e0 observado
Humacao,2020-2024,1,76.7404128820364,77.67649191563598,77.67649191563598,77.67649191563598,> e0 observado
Humacao,2020-2024,2,84.233200245355,83.74735521806217,83.74735521806217,83.74735521806217,< e0 observado
Isabela,1980-1984,1,73.09738020117423,72.68931611234989,72.68931611234989,72.68931611234989,< e0 observado
Isabela,1980-1984,2,77.82732250278018,78.72015456343526,78.72015456343526,78.72015456343526,> e0 observado
Isabela,1985-1989,1,71.58083949829111,72.23794167403598,72.23794167403598,72.23794167403598,> e0 observado
Isabela,1985-1989,2,78.50099967900502,78.03682649181044,78.03682649181044,78.03682649181044,< e0 observado
Isabela,1990-1994,1,72.0475169163787,72.60518468469296,72.60518468469296,72.60518468469296,> e0 observado
Isabela,1990-1994,2,78.52411999469241,78.74092833689296,78.74092833689296,78.74092833689296,> e0 observado
Isabela,1995-1999,1,71.86251133480623,72.71810449094616,72.71810449094616,72.71810449094616,> e0 observado
Isabela,1995-1999,2,79.50480811685766,78.58809606370882,78.58809606370882,78.58809606370882,< e0 observado
Isabela,2000-2004,1,73.31643311223908,73.42024370928402,73.42024370928402,73.42024370928402,> e0 observado
Isabela,2000-2004,2,79.66880055796743,78.84380636916599,78.84380636916599,78.84380636916599,< e0 observado
Isabela,2005-2009,1,75.53006169201437,76.40108984917785,76.40108984917785,76.40108984917785,> e0 observado
Isabela,2005-2009,2,80.46868606139569,79.62542223970904,79.62542223970904,79.62542223970904,< e0 observado
Isabela,2010-2014,1,76.3459756319445,76.6154145463463,76.6154145463463,76.6154145463463,> e0 observado
Isabela,2010-2014,2,82.99199255121863,82.99608607038076,82.99608607038076,82.99608607038076,> e0 observado
Isabela,2015-2019,1,78.28631956544136,78.40441613485102,78.40441613485102,78.40441613485102,> e0 observado
Isabela,2015-2019,2,84.46499781522432,83.22497715085026,83.22497715085026,83.22497715085026,< e0 observado
Isabela,2020-2024,1,78.44494383134611,78.87712338719483,78.87712338719483,78.87712338719483,> e0 observado
Isabela,2020-2024,2,84.54430409037892,84.36017219698714,84.36017219698714,84.36017219698714,< e0 observado
Jayuya,1980-1984,1,71.54820346169252,71.68679117189049,71.68679117189049,71.68679117189049,> e0 observado
Jayuya,1980-1984,2,75.83217282493807,75.71298764617045,75.71298764617045,75.71298764617045,< e0 observado
Jayuya,1985-1989,1,71.8852739133792,72.74247124246816,72.74247124246816,72.74247124246816,> e0 observado
Jayuya,1985-1989,2,75.89535009908417,74.64956485551662,74.64956485551662,74.64956485551662,< e0 observado
Jayuya,1990-1994,1,71.61501384784762,72.7454489154701,72.7454489154701,72.7454489154701,> e0 observado
Jayuya,1990-1994,2,76.60405912768891,77.1239545399722,77.1239545399722,77.1239545399722,> e0 observado
Jayuya,1995-1999,1,72.762612067533,74.25298222864379,74.25298222864379,74.25298222864379,> e0 observado
Jayuya,1995-1999,2,78.02341987371616,76.57320005837417,76.57320005837417,76.57320005837417,< e0 observado
Jayuya,2000-2004,1,74.804694975474,75.4209965809969,75.4209965809969,75.4209965809969,> e0 observado
Jayuya,2000-2004,2,82.26030453801704,81.55294093743233,81.55294093743233,81.55294093743233,< e0 observado
Jayuya,2005-2009,1,76.29392429833622,76.72497654552896,76.72497654552896,76.72497654552896,> e0 observado
Jayuya,2005-2009,2,83.26574991380474,80.93730724127728,80.93730724127728,80.93730724127728,< e0 observado
Jayuya,2010-2014,1,77.86670993006521,78.60441557880475,78.60441557880475,78.60441557880475,> e0 observado
Jayuya,2010-2014,2,83.01935062086235,82.68916660088082,82.68916660088082,82.68916660088082,< e0 observado
Jayuya,2015-2019,1,79.09662441043547,79.42497145101558,79.42497145101558,79.42497145101558,> e0 observado
Jayuya,2015-2019,2,86.09536520292538,84.5184600494507,84.5184600494507,84.5184600494507,< e0 observado
Jayuya,2020-2024,1,80.33778345942194,80.7233424978951,80.7233424978951,80.7233424978951,> e0 observado
Jayuya,2020-2024,2,86.05790395955583,82.52901471764174,82.52901471764174,82.52901471764174,< e0 observado
Juana Diaz,1980-1984,1,71.10192241498234,73.14904841888789,73.14904841888789,73.14904841888789,> e0 observado
Juana Diaz,1980-1984,2,76.03760260059695,74.83658109244294,74.83658109244294,74.83658109244294,< e0 observado
Juana Diaz,1985-1989,1,70.59066146569734,71.4728738003646,71.4728738003646,71.4728738003646,> e0 observado
Juana Diaz,1985-1989,2,77.72376003285237,78.04139944276304,78.04139944276304,78.04139944276304,> e0 observado
Juana Diaz,1990-1994,1,70.59462619152536,70.74281962992252,70.74281962992252,70.74281962992252,> e0 observado
Juana Diaz,1990-1994,2,77.80758248720088,77.45435157232559,77.45435157232559,77.45435157232559,< e0 observado
Juana Diaz,1995-1999,1,70.63826210363753,71.19458398339786,71.19458398339786,71.19458398339786,> e0 observado
Juana Diaz,1995-1999,2,78.23721855538598,76.78843761004435,76.78843761004435,76.78843761004435,< e0 observado
Juana Diaz,2000-2004,1,72.42010194033637,72.92234441628163,72.92234441628163,72.92234441628163,> e0 observado
Juana Diaz,2000-2004,2,80.07095731748443,79.05275879494711,79.05275879494711,79.05275879494711,< e0 observado
Juana Diaz,2005-2009,1,74.09224072675535,74.49376596737136,74.49376596737136,74.49376596737136,> e0 observado
Juana Diaz,2005-2009,2,81.70478408921697,81.13584245901536,81.13584245901536,81.13584245901536,< e0 observado
Juana Diaz,2010-2014,1,75.9826744595313,76.5092754165964,76.5092754165964,76.5092754165964,> e0 observado
Juana Diaz,2010-2014,2,82.91141974537287,81.89247329080062,81.89247329080062,81.89247329080062,< e0 observado
Juana Diaz,2015-2019,1,77.4756453319244,78.13290793577481,78.13290793577481,78.13290793577481,> e0 observado
Juana Diaz,2015-2019,2,86.60689455981232,85.67497229456708,85.67497229456708,85.67497229456708,< e0 observado
Juana Diaz,2020-2024,1,76.12481522857756,77.17284730738672,77.17284730738672,77.17284730738672,> e0 observado
Juana Diaz,2020-2024,2,86.09723573194701,85.21163302308554,85.21163302308554,85.21163302308554,< e0 observado
Juncos,1980-1984,1,70.4832974097173,72.19036526225229,72.19036526225229,72.19036526225229,> e0 observado
Juncos,1980-1984,2,77.17475536145652,75.52258558803939,75.52258558803939,75.52258558803939,< e0 observado
Juncos,1985-1989,1,69.32349287604664,71.1082326887849,71.1082326887849,71.1082326887849,> e0 observado
Juncos,1985-1989,2,77.84087141019062,76.98033096455714,76.98033096455714,76.98033096455714,< e0 observado
Juncos,1990-1994,1,69.26314387145591,70.7049527503042,70.7049527503042,70.7049527503042,> e0 observado
Juncos,1990-1994,2,78.64376251745605,77.26756095920219,77.26756095920219,77.26756095920219,< e0 observado
Juncos,1995-1999,1,70.43259716290989,70.94526423922169,70.94526423922169,70.94526423922169,> e0 observado
Juncos,1995-1999,2,78.88321244236762,78.29502587821655,78.29502587821655,78.29502587821655,< e0 observado
Juncos,2000-2004,1,73.50676785386435,73.18249981783958,73.18249981783958,73.18249981783958,< e0 observado
Juncos,2000-2004,2,80.82760129992721,79.8585599646978,79.8585599646978,79.8585599646978,< e0 observado
Juncos,2005-2009,1,72.5823719234395,73.77606596723365,73.77606596723365,73.77606596723365,> e0 observado
Juncos,2005-2009,2,80.29148928265256,78.90010862558613,78.90010862558613,78.90010862558613,< e0 observado
Juncos,2010-2014,1,74.05814861532626,74.15061186657296,74.15061186657296,74.15061186657296,> e0 observado
Juncos,2010-2014,2,82.42841718245143,81.02035890572895,81.02035890572895,81.02035890572895,< e0 observado
Juncos,2015-2019,1,76.99651467647962,77.6643067375126,77.6643067375126,77.6643067375126,> e0 observado
Juncos,2015-2019,2,83.23323259682593,82.91511309395419,82.91511309395419,82.91511309395419,< e0 observado
Juncos,2020-2024,1,76.96779959385644,76.11766244765167,76.11766244765167,76.11766244765167,< e0 observado
Juncos,2020-2024,2,85.00221618874696,84.69242598087077,84.69242598087077,84.69242598087077,< e0 observado
Lajas,1980-1984,1,72.46316902920564,73.22163784729177,73.22163784729177,73.22163784729177,> e0 observado
Lajas,1980-1984,2,77.35030656462364,75.86166958699293,75.86166958699293,75.86166958699293,< e0 observado
Lajas,1985-1989,1,73.36206024807198,73.59904504621865,73.59904504621865,73.59904504621865,> e0 observado
Lajas,1985-1989,2,77.65847465397064,76.47156360127654,76.47156360127654,76.47156360127654,< e0 observado
Lajas,1990-1994,1,72.37357825429245,73.94813173362141,73.94813173362141,73.94813173362141,> e0 observado
Lajas,1990-1994,2,79.66328406009775,79.20056585514818,79.20056585514818,79.20056585514818,< e0 observado
Lajas,1995-1999,1,72.56496891931091,73.754415355414,73.754415355414,73.754415355414,> e0 observado
Lajas,1995-1999,2,79.70456393493818,80.40232099790579,80.40232099790579,80.40232099790579,> e0 observado
Lajas,2000-2004,1,74.14208023792457,74.23345614758047,74.23345614758047,74.23345614758047,> e0 observado
Lajas,2000-2004,2,81.18752068509266,80.43828860332466,80.43828860332466,80.43828860332466,< e0 observado
Lajas,2005-2009,1,76.68683187769454,77.36860658422577,77.36860658422577,77.36860658422577,> e0 observado
Lajas,2005-2009,2,81.73140373208773,79.98528647231048,79.98528647231048,79.98528647231048,< e0 observado
Lajas,2010-2014,1,76.92095663234578,77.63123452617405,77.63123452617405,77.63123452617405,> e0 observado
Lajas,2010-2014,2,83.39940774512145,82.92695557969739,82.92695557969739,82.92695557969739,< e0 observado
Lajas,2015-2019,1,79.16417400599892,79.89219866163558,79.89219866163558,79.89219866163558,> e0 observado
Lajas,2015-2019,2,84.33383648976294,83.15122296651269,83.15122296651269,83.15122296651269,< e0 observado
Lajas,2020-2024,1,78.13171144418278,79.419068958512,79.419068958512,79.419068958512,> e0 observado
Lajas,2020-2024,2,85.69664696158718,85.34669274610236,85.34669274610236,85.34669274610236,< e0 observado
Lares,1980-1984,1,70.93967460008611,71.8031392354476,71.8031392354476,71.8031392354476,> e0 observado
Lares,1980-1984,2,80.07304720190547,78.17269826104724,78.17269826104724,78.17269826104724,< e0 observado
Lares,1985-1989,1,72.07284835603735,72.44400708814851,72.44400708814851,72.44400708814851,> e0 observado
Lares,1985-1989,2,80.12906339800288,77.84472109469426,77.84472109469426,77.84472109469426,< e0 observado
Lares,1990-1994,1,71.99408741634562,72.15109011438508,72.15109011438508,72.15109011438508,> e0 observado
Lares,1990-1994,2,78.72924701770712,77.72139829631493,77.72139829631493,77.72139829631493,< e0 observado
Lares,1995-1999,1,74.58529726703922,74.25344928572464,74.25344928572464,74.25344928572464,< e0 observado
Lares,1995-1999,2,81.29595428708723,79.90715016007422,79.90715016007422,79.90715016007422,< e0 observado
Lares,2000-2004,1,75.1110712856121,75.30781442854818,75.30781442854818,75.30781442854818,> e0 observado
Lares,2000-2004,2,81.70641489338435,81.15954316895714,81.15954316895714,81.15954316895714,< e0 observado
Lares,2005-2009,1,76.5462882162104,76.86718250594775,76.86718250594775,76.86718250594775,> e0 observado
Lares,2005-2009,2,82.28400989612267,80.33301423236661,80.33301423236661,80.33301423236661,< e0 observado
Lares,2010-2014,1,79.39080265192932,79.34893710411642,79.34893710411642,79.34893710411642,< e0 observado
Lares,2010-2014,2,82.72140750112155,81.68510573762106,81.68510573762106,81.68510573762106,< e0 observado
Lares,2015-2019,1,78.13032401868809,78.20636356324398,78.20636356324398,78.20636356324398,> e0 observado
Lares,2015-2019,2,84.424471152182,83.20279971611444,83.20279971611444,83.20279971611444,< e0 observado
Lares,2020-2024,1,77.84495769277572,78.55704032588999,78.55704032588999,78.55704032588999,> e0 observado
Lares,2020-2024,2,84.10188803972103,84.03406751397786,84.03406751397786,84.03406751397786,< e0 observado
Las Marias,1980-1984,1,73.81563474744125,74.18586591096334,74.18586591096334,74.18586591096334,> e0 observado
Las Marias,1980-1984,2,83.88520673112671,81.71439858475159,81.71439858475159,81.71439858475159,< e0 observado
Las Marias,1985-1989,1,73.62469730038673,75.20272577865221,75.20272577865221,75.20272577865221,> e0 observado
Las Marias,1985-1989,2,78.14820547870697,75.55953123917203,75.55953123917203,75.55953123917203,< e0 observado
Las Marias,1990-1994,1,74.00881730690156,74.73293888122696,74.73293888122696,74.73293888122696,> e0 observado
Las Marias,1990-1994,2,80.22328205184606,77.54405848180167,77.54405848180167,77.54405848180167,< e0 observado
Las Marias,1995-1999,1,75.13206537448636,77.16191585385238,77.16191585385238,77.16191585385238,> e0 observado
Las Marias,1995-1999,2,81.22000339132549,80.5033120282358,80.5033120282358,80.5033120282358,< e0 observado
Las Marias,2000-2004,1,77.0746887546824,76.43337588510214,76.43337588510214,76.43337588510214,< e0 observado
Las Marias,2000-2004,2,81.22993587246654,80.51796856574937,80.51796856574937,80.51796856574937,< e0 observado
Las Marias,2005-2009,1,78.94241289794024,80.92550953434925,80.92550953434925,80.92550953434925,> e0 observado
Las Marias,2005-2009,2,82.45741722564794,81.05010962214344,81.05010962214344,81.05010962214344,< e0 observado
Las Marias,2010-2014,1,78.9874533300309,79.4131029787699,79.4131029787699,79.4131029787699,> e0 observado
Las Marias,2010-2014,2,85.68826589307866,83.22358436617257,83.22358436617257,83.22358436617257,< e0 observado
Las Marias,2015-2019,1,78.44180353450636,82.03418488264334,82.03418488264334,82.03418488264334,> e0 observado
Las Marias,2015-2019,2,86.2119644760504,84.89429896946012,84.89429896946012,84.89429896946012,< e0 observado
Las Marias,2020-2024,1,78.65869602395698,81.06031993888725,81.06031993888725,81.06031993888725,> e0 observado
Las Marias,2020-2024,2,88.4892406052294,86.04415001868537,86.04415001868537,86.04415001868537,< e0 observado
Las Piedras,1980-1984,1,72.4628953772312,73.21433809238052,73.21433809238052,73.21433809238052,> e0 observado
Las Piedras,1980-1984,2,77.65886672068534,76.49854546763548,76.49854546763548,76.49854546763548,< e0 observado
Las Piedras,1985-1989,1,72.6175420547073,72.62405903683988,72.62405903683988,72.62405903683988,> e0 observado
Las Piedras,1985-1989,2,79.00116087428613,77.75321022259193,77.75321022259193,77.75321022259193,< e0 observado
Las Piedras,1990-1994,1,71.55978947014577,71.37892732251434,71.37892732251434,71.37892732251434,< e0 observado
Las Piedras,1990-1994,2,78.8936505301308,77.81811643469781,77.81811643469781,77.81811643469781,< e0 observado
Las Piedras,1995-1999,1,73.7555375015721,74.40729358041683,74.40729358041683,74.40729358041683,> e0 observado
Las Piedras,1995-1999,2,79.79933667371475,78.26145936866794,78.26145936866794,78.26145936866794,< e0 observado
Las Piedras,2000-2004,1,74.83778165388009,76.15949336640837,76.15949336640837,76.15949336640837,> e0 observado
Las Piedras,2000-2004,2,80.54014043533199,79.85533455352018,79.85533455352018,79.85533455352018,< e0 observado
Las Piedras,2005-2009,1,76.55584156350447,77.55040449733167,77.55040449733167,77.55040449733167,> e0 observado
Las Piedras,2005-2009,2,82.30870059101942,80.9708351978353,80.9708351978353,80.9708351978353,< e0 observado
Las Piedras,2010-2014,1,75.93351372986655,77.17696303301338,77.17696303301338,77.17696303301338,> e0 observado
Las Piedras,2010-2014,2,82.5650052808105,82.89933033742315,82.89933033742315,82.89933033742315,> e0 observado
Las Piedras,2015-2019,1,78.58935894309695,79.3588822720407,79.3588822720407,79.3588822720407,> e0 observado
Las Piedras,2015-2019,2,85.3607640329745,84.25213718487427,84.25213718487427,84.25213718487427,< e0 observado
Las Piedras,2020-2024,1,77.65607135099413,76.90170431575967,76.90170431575967,76.90170431575967,< e0 observado
Las Piedras,2020-2024,2,85.02534012586074,83.0076736801032,83.0076736801032,83.0076736801032,< e0 observado
Loiza,1980-1984,1,71.29708119790713,72.98312244943189,72.98312244943189,72.98312244943189,> e0 observado
Loiza,1980-1984,2,77.96280313581073,76.63803852226603,76.63803852226603,76.63803852226603,< e0 observado
Loiza,1985-1989,1,71.11235934077855,69.73678611376708,69.73678611376708,69.73678611376708,< e0 observado
Loiza,1985-1989,2,79.76441464134875,78.19080587901433,78.19080587901433,78.19080587901433,< e0 observado
Loiza,1990-1994,1,68.65505357436209,70.01331918580802,70.01331918580802,70.01331918580802,> e0 observado
Loiza,1990-1994,2,77.83527198679872,74.89940280803968,74.89940280803968,74.89940280803968,< e0 observado
Loiza,1995-1999,1,67.54575668322258,67.97782603167568,67.97782603167568,67.97782603167568,> e0 observado
Loiza,1995-1999,2,80.44991909621369,79.98321831199684,79.98321831199684,79.98321831199684,< e0 observado
Loiza,2000-2004,1,69.21795433977262,70.78060072303751,70.78060072303751,70.78060072303751,> e0 observado
Loiza,2000-2004,2,83.71722475677984,81.4935242086339,81.4935242086339,81.4935242086339,< e0 observado
Loiza,2005-2009,1,69.49244819404063,71.8765022878096,71.8765022878096,71.8765022878096,> e0 observado
Loiza,2005-2009,2,81.62588342717608,80.71034034989017,80.71034034989017,80.71034034989017,< e0 observado
Loiza,2010-2014,1,72.71620374599513,73.190712080578,73.190712080578,73.190712080578,> e0 observado
Loiza,2010-2014,2,83.22740715687155,83.64553699560115,83.64553699560115,83.64553699560115,> e0 observado
Loiza,2015-2019,1,76.42256809809959,77.36449895997075,77.36449895997075,77.36449895997075,> e0 observado
Loiza,2015-2019,2,84.58243093379357,83.25847108546017,83.25847108546017,83.25847108546017,< e0 observado
Loiza,2020-2024,1,74.30071613355503,75.20403203094273,75.20403203094273,75.20403203094273,> e0 observado
Loiza,2020-2024,2,85.89228425330265,82.82220575208235,82.82220575208235,82.82220575208235,< e0 observado
Luquillo,1980-1984,1,71.32237106066451,72.22662156703916,72.22662156703916,72.22662156703916,> e0 observado
Luquillo,1980-1984,2,96.21054523115929,77.48748993920668,77.48748993920668,77.48748993920668,< e0 observado
Luquillo,1985-1989,1,70.58391307233262,71.26307054813813,71.26307054813813,71.26307054813813,> e0 observado
Luquillo,1985-1989,2,75.85277823303889,75.13458385839375,75.13458385839375,75.13458385839375,< e0 observado
Luquillo,1990-1994,1,69.78687362564872,70.29647897034643,70.29647897034643,70.29647897034643,> e0 observado
Luquillo,1990-1994,2,78.65540822491414,76.06885196602462,76.06885196602462,76.06885196602462,< e0 observado
Luquillo,1995-1999,1,68.84529148191722,69.87487386329394,69.87487386329394,69.87487386329394,> e0 observado
Luquillo,1995-1999,2,77.57073371934368,76.24290684233412,76.24290684233412,76.24290684233412,< e0 observado
Luquillo,2000-2004,1,71.56692809461028,72.20055543605503,72.20055543605503,72.20055543605503,> e0 observado
Luquillo,2000-2004,2,80.93857359304148,79.16394685697482,79.16394685697482,79.16394685697482,< e0 observado
Luquillo,2005-2009,1,73.66197666420697,74.20683681353815,74.20683681353815,74.20683681353815,> e0 observado
Luquillo,2005-2009,2,80.16453384109049,79.46760588129975,79.46760588129975,79.46760588129975,< e0 observado
Luquillo,2010-2014,1,74.125398030716255,76.48245364915856,76.48245364915856,76.48245364915856,> e0 observado
Luquillo,2010-2014,2,83.56937802942338,81.18999303827273,81.18999303827273,81.18999303827273,< e0 observado
Luquillo,2015-2019,1,78.24158315716944,78.2974934369847,78.2974934369847,78.2974934369847,> e0 observado
Luquillo,2015-2019,2,86.16375324393145,83.77688001264953,83.77688001264953,83.77688001264953,< e0 observado
Luquillo,2020-2024,1,76.82778593702754,78.61713360157076,78.61713360157076,78.61713360157076,> e0 observado
Luquillo,2020-2024,2,84.96686508096819,83.47420803003044,83.47420803003044,83.47420803003044,< e0 observado
Manati,1980-1984,1,69.99769254598455,70.02078438858362,70.02078438858362,70.02078438858362,> e0 observado
Manati,1980-1984,2,76.91897319341015,76.18300723203231,76.18300723203231,76.18300723203231,< e0 observado
Manati,1985-1989,1,69.40848405753856,70.57759336265192,70.57759336265192,70.57759336265192,> e0 observado
Manati,1985-1989,2,78.1365208528677,77.96317339722326,77.96317339722326,77.96317339722326,< e0 observado
Manati,1990-1994,1,69.23507276864738,70.6686523631376,70.6686523631376,70.6686523631376,> e0 observado
Manati,1990-1994,2,78.13694859634435,77.40811956471953,77.40811956471953,77.40811956471953,< e0 observado
Manati,1995-1999,1,70.56621278613628,70.626115782356,70.626115782356,70.626115782356,> e0 observado
Manati,1995-1999,2,78.18010801536123,77.5837713869962,77.5837713869962,77.5837713869962,< e0 observado
Manati,2000-2004,1,73.5059956746808,74.06743545853618,74.06743545853618,74.06743545853618,> e0 observado
Manati,2000-2004,2,79.921946292628,79.47265744771533,79.47265744771533,79.47265744771533,< e0 observado
Manati,2005-2009,1,74.42317304268016,74.8336124990597,74.8336124990597,74.8336124990597,> e0 observado
Manati,2005-2009,2,81.69558612867581,81.35691739586952,81.35691739586952,81.35691739586952,< e0 observado
Manati,2010-2014,1,75.79949582054559,77.05611735396691,77.05611735396691,77.05611735396691,> e0 observado
Manati,2010-2014,2,82.46392723255103,81.31756374200947,81.31756374200947,81.31756374200947,< e0 observado
Manati,2015-2019,1,76.50082129222024,78.08219099704702,78.08219099704702,78.08219099704702,> e0 observado
Manati,2015-2019,2,84.47543845885097,83.65368841024154,83.65368841024154,83.65368841024154,< e0 observado
Manati,2020-2024,1,76.6410779362147,76.58231500104755,76.58231500104755,76.58231500104755,< e0 observado
Manati,2020-2024,2,84.79279277649533,83.88749564730517,83.88749564730517,83.88749564730517,< e0 observado
Maricao,1980-1984,1,68.60202825310121,70.60332157594284,70.60332157594284,70.60332157594284,> e0 observado
Maricao,1980-1984,2,78.09479107390814,77.5611684731045,77.5611684731045,77.5611684731045,< e0 observado
Maricao,1985-1989,1,74.96773339223955,75.47212179132669,75.47212179132669,75.47212179132669,> e0 observado
Maricao,1985-1989,2,78.61629942834107,80.04713466758508,80.04713466758508,80.04713466758508,> e0 observado
Maricao,1990-1994,1,71.6682444194189,72.51192618730167,72.51192618730167,72.51192618730167,> e0 observado
Maricao,1990-1994,2,78.7855059436943,76.40448293336577,76.40448293336577,76.40448293336577,< e0 observado
Maricao,1995-1999,1,71.33878340346546,73.41116762612835,73.41116762612835,73.41116762612835,> e0 observado
Maricao,1995-1999,2,78.99834861586001,79.10978357649537,79.10978357649537,79.10978357649537,> e0 observado
Maricao,2000-2004,1,77.71513177879464,79.8822303258478,79.8822303258478,79.8822303258478,> e0 observado
Maricao,2000-2004,2,80.22542908124815,78.9333171507156,78.9333171507156,78.9333171507156,< e0 observado
Maricao,2005-2009,1,77.40367339569201,78.85497228840195,78.85497228840195,78.85497228840195,> e0 observado
Maricao,2005-2009,2,82.65920888615886,79.09984076615358,79.09984076615358,79.09984076615358,< e0 observado
Maricao,2010-2014,1,78.78632855189304,82.51729136895152,82.51729136895152,82.51729136895152,> e0 observado
Maricao,2010-2014,2,86.34203171038145,81.80347496362207,81.80347496362207,81.80347496362207,< e0 observado
Maricao,2015-2019,1,75.94252949549474,81.56040689841056,81.56040689841056,81.56040689841056,> e0 observado
Maricao,2015-2019,2,88.98166952275554,86.1447511277923,86.1447511277923,86.1447511277923,< e0 observado
Maricao,2020-2024,1,78.97029384636113,82.66447890299537,82.66447890299537,82.66447890299537,> e0 observado
Maricao,2020-2024,2,84.52027651105944,80.44383689079781,80.44383689079781,80.44383689079781,< e0 observado
Maunabo,1980-1984,1,71.14680086853208,74.37380501503374,74.37380501503374,74.37380501503374,> e0 observado
Maunabo,1980-1984,2,78.1067644645637,77.83108644884105,77.83108644884105,77.83108644884105,< e0 observado
Maunabo,1985-1989,1,73.14754634531097,72.89967217150647,72.89967217150647,72.89967217150647,< e0 observado
Maunabo,1985-1989,2,80.26716511735238,79.33983745277456,79.33983745277456,79.33983745277456,< e0 observado
Maunabo,1990-1994,1,72.41659695481869,72.51567706209879,72.51567706209879,72.51567706209879,> e0 observado
Maunabo,1990-1994,2,80.63599878230829,78.50648705386863,78.50648705386863,78.50648705386863,< e0 observado
Maunabo,1995-1999,1,71.29560582062038,70.63305761669272,70.63305761669272,70.63305761669272,< e0 observado
Maunabo,1995-1999,2,79.21035551708708,77.84698165852397,77.84698165852397,77.84698165852397,< e0 observado
Maunabo,2000-2004,1,73.80432839475543,74.20688627273968,74.20688627273968,74.20688627273968,> e0 observado
Maunabo,2000-2004,2,81.50289326156216,79.72453393337557,79.72453393337557,79.72453393337557,< e0 observado
Maunabo,2005-2009,1,74.64232752557565,74.85454948387026,74.85454948387026,74.85454948387026,> e0 observado
Maunabo,2005-2009,2,82.94220641756984,83.30810796157846,83.30810796157846,83.30810796157846,> e0 observado
Maunabo,2010-2014,1,74.8339607817344,77.68293038404755,77.68293038404755,77.68293038404755,> e0 observado
Maunabo,2010-2014,2,84.96652627183896,82.04548182919159,82.04548182919159,82.04548182919159,< e0 observado
Maunabo,2015-2019,1,78.86941488241771,78.95522689157305,78.95522689157305,78.95522689157305,> e0 observado
Maunabo,2015-2019,2,85.85027789954904,83.3369617921683,83.3369617921683,83.3369617921683,< e0 observado
Maunabo,2020-2024,1,73.9175174535675,77.14029922697404,77.14029922697404,77.14029922697404,> e0 observado
Maunabo,2020-2024,2,82.49945155414667,81.02233714721372,81.02233714721372,81.02233714721372,< e0 observado
Mayaguez,1980-1984,1,70.16347210674796,70.60723870837586,70.60723870837586,70.60723870837586,> e0 observado
Mayaguez,1980-1984,2,77.60512196844877,76.98919438408085,76.98919438408085,76.98919438408085,< e0 observado
Mayaguez,1985-1989,1,70.43422694514761,71.00351619937925,71.00351619937925,71.00351619937925,> e0 observado
Mayaguez,1985-1989,2,77.94340408933364,77.02297838991784,77.02297838991784,77.02297838991784,< e0 observado
Mayaguez,1990-1994,1,70.24642591292358,70.05700101521273,70.05700101521273,70.05700101521273,< e0 observado
Mayaguez,1990-1994,2,78.67215935241931,77.76789466369223,77.76789466369223,77.76789466369223,< e0 observado
Mayaguez,1995-1999,1,70.79228679899191,71.39314233380006,71.39314233380006,71.39314233380006,> e0 observado
Mayaguez,1995-1999,2,79.57023177554109,79.53246672238149,79.53246672238149,79.53246672238149,< e0 observado
Mayaguez,2000-2004,1,73.63502357565517,73.81898139638865,73.81898139638865,73.81898139638865,> e0 observado
Mayaguez,2000-2004,2,81.32752458798765,81.45915747009974,81.45915747009974,81.45915747009974,> e0 observado
Mayaguez,2005-2009,1,73.96494214443702,74.01427528269738,74.01427528269738,74.01427528269738,> e0 observado
Mayaguez,2005-2009,2,81.49974889865346,81.74657686061974,81.74657686061974,81.74657686061974,> e0 observado
Mayaguez,2010-2014,1,74.96249416874119,75.26133462474444,75.26133462474444,75.26133462474444,> e0 observado
Mayaguez,2010-2014,2,82.81805760395481,81.47452229732075,81.47452229732075,81.47452229732075,< e0 observado
Mayaguez,2015-2019,1,77.18178911462695,77.69420697016324,77.69420697016324,77.69420697016324,> e0 observado
Mayaguez,2015-2019,2,85.03789447163464,84.57025836151718,84.57025836151718,84.57025836151718,< e0 observado
Mayaguez,2020-2024,1,76.09571809909919,77.45105514977732,77.45105514977732,77.45105514977732,> e0 observado
Mayaguez,2020-2024,2,84.85251261520094,84.24068570318146,84.24068570318146,84.24068570318146,< e0 observado
Moca,1980-1984,1,71.47861356859958,72.6314611504406,72.6314611504406,72.6314611504406,> e0 observado
Moca,1980-1984,2,77.57729967024724,77.4422684359942,77.4422684359942,77.4422684359942,< e0 observado
Moca,1985-1989,1,74.13223338906987,73.71369958027358,73.71369958027358,73.71369958027358,< e0 observado
Moca,1985-1989,2,78.76717836323876,77.74445134588684,77.74445134588684,77.74445134588684,< e0 observado
Moca,1990-1994,1,74.38613122856178,74.35104747693977,74.35104747693977,74.35104747693977,< e0 observado
Moca,1990-1994,2,79.33086248782432,79.08703451108255,79.08703451108255,79.08703451108255,< e0 observado
Moca,1995-1999,1,73.93016893221346,74.29685206886411,74.29685206886411,74.29685206886411,> e0 observado
Moca,1995-1999,2,79.92298518560595,78.87063170170232,78.87063170170232,78.87063170170232,< e0 observado
Moca,2000-2004,1,76.88913106198095,77.2597687624941,77.2597687624941,77.2597687624941,> e0 observado
Moca,2000-2004,2,81.20152141336699,81.05019779273205,81.05019779273205,81.05019779273205,< e0 observado
Moca,2005-2009,1,78.23027972920578,77.78963891169677,77.78963891169677,77.78963891169677,< e0 observado
Moca,2005-2009,2,81.64729368972594,79.9262797786758,79.9262797786758,79.9262797786758,< e0 observado
Moca,2010-2014,1,78.39894219071823,79.367180087664,79.367180087664,79.367180087664,> e0 observado
Moca,2010-2014,2,82.3431083414248,82.6943328112077,82.6943328112077,82.6943328112077,> e0 observado
Moca,2015-2019,1,78.86942315370179,79.67758684348334,79.67758684348334,79.67758684348334,> e0 observado
Moca,2015-2019,2,85.12050775808935,84.38515455752479,84.38515455752479,84.38515455752479,< e0 observado
Moca,2020-2024,1,79.5196148813842,80.14660404014602,80.14660404014602,80.14660404014602,> e0 observado
Moca,2020-2024,2,84.83463123511952,83.73038132561923,83.73038132561923,83.73038132561923,< e0 observado
Morovis,1980-1984,1,72.75449760171898,73.25371635480619,73.25371635480619,73.25371635480619,> e0 observado
Morovis,1980-1984,2,79.58978615306602,79.49973422673344,79.49973422673344,79.49973422673344,< e0 observado
Morovis,1985-1989,1,73.00155031190296,74.878657624938,74.878657624938,74.878657624938,> e0 observado
Morovis,1985-1989,2,79.18909920848033,77.72377230616043,77.72377230616043,77.72377230616043,< e0 observado
Morovis,1990-1994,1,74.7129408866261,75.78773970436745,75.78773970436745,75.78773970436745,> e0 observado
Morovis,1990-1994,2,79.13950712220092,78.34541764104821,78.34541764104821,78.34541764104821,< e0 observado
Morovis,1995-1999,1,72.82153464768288,74.13013644094285,74.13013644094285,74.13013644094285,> e0 observado
Morovis,1995-1999,2,80.70735984476201,79.59334809331735,79.59334809331735,79.59334809331735,< e0 observado
Morovis,2000-2004,1,74.10293235770516,75.46425424418149,75.46425424418149,75.46425424418149,> e0 observado
Morovis,2000-2004,2,82.09073872809745,80.8481319370034,80.8481319370034,80.8481319370034,< e0 observado
Morovis,2005-2009,1,76.91529332323657,77.30281181318057,77.30281181318057,77.30281181318057,> e0 observado
Morovis,2005-2009,2,83.05104709140619,81.61165843919711,81.61165843919711,81.61165843919711,< e0 observado
Morovis,2010-2014,1,77.08123150152963,77.98407828295616,77.98407828295616,77.98407828295616,> e0 observado
Morovis,2010-2014,2,83.34182688922566,82.10658522603774,82.10658522603774,82.10658522603774,< e0 observado
Morovis,2015-2019,1,78.96515859481998,79.49326293115801,79.49326293115801,79.49326293115801,> e0 observado
Morovis,2015-2019,2,87.15880943526801,86.70822176728784,86.70822176728784,86.70822176728784,< e0 observado
Morovis,2020-2024,1,78.2458123408178,78.83563020244397,78.83563020244397,78.83563020244397,> e0 observado
Morovis,2020-2024,2,84.91369846953171,84.1279739833473,84.1279739833473,84.1279739833473,< e0 observado
Naguabo,1980-1984,1,71.84412346105836,71.20807224390684,71.20807224390684,71.20807224390684,< e0 observado
Naguabo,1980-1984,2,76.70981740677908,75.83073738966196,75.83073738966196,75.83073738966196,< e0 observado
Naguabo,1985-1989,1,70.3877807756849,72.37638067800803,72.37638067800803,72.37638067800803,> e0 observado
Naguabo,1985-1989,2,77.29975247108982,76.5436693998522,76.5436693998522,76.5436693998522,< e0 observado
Naguabo,1990-1994,1,69.935755323165,70.96551098047694,70.96551098047694,70.96551098047694,> e0 observado
Naguabo,1990-1994,2,77.27690861530172,76.7221252346492,76.7221252346492,76.7221252346492,< e0 observado
Naguabo,1995-1999,1,69.72322516574484,71.0553692632767,71.0553692632767,71.0553692632767,> e0 observado
Naguabo,1995-1999,2,76.82881627212045,74.86253223716241,74.86253223716241,74.86253223716241,< e0 observado
Naguabo,2000-2004,1,72.06654411146116,73.34785768422901,73.34785768422901,73.34785768422901,> e0 observado
Naguabo,2000-2004,2,79.7628328934226,78.68823848496505,78.68823848496505,78.68823848496505,< e0 observado
Naguabo,2005-2009,1,73.77862572143668,75.23105672123461,75.23105672123461,75.23105672123461,> e0 observado
Naguabo,2005-2009,2,80.62404690696854,80.39988153233527,80.39988153233527,80.39988153233527,< e0 observado
Naguabo,2010-2014,1,75.11164062971052,75.8168572806492,75.8168572806492,75.8168572806492,> e0 observado
Naguabo,2010-2014,2,82.93958682980916,82.32294273369605,82.32294273369605,82.32294273369605,< e0 observado
Naguabo,2015-2019,1,76.26882750450046,76.66549318377128,76.66549318377128,76.66549318377128,> e0 observado
Naguabo,2015-2019,2,84.83022686610576,83.61329970499727,83.61329970499727,83.61329970499727,< e0 observado
Naguabo,2020-2024,1,77.23171232523964,76.76069463318755,76.76069463318755,76.76069463318755,< e0 observado
Naguabo,2020-2024,2,83.84568426869097,82.2969153778231,82.2969153778231,82.2969153778231,< e0 observado
Naranjito,1980-1984,1,74.98820136337291,74.84139289920124,74.84139289920124,74.84139289920124,< e0 observado
Naranjito,1980-1984,2,82.09597951709326,80.2915497685244,80.2915497685244,80.2915497685244,< e0 observado
Naranjito,1985-1989,1,74.14321504502335,74.14816094105969,74.14816094105969,74.14816094105969,> e0 observado
Naranjito,1985-1989,2,81.17666750110004,78.41240119434055,78.41240119434055,78.41240119434055,< e0 observado
Naranjito,1990-1994,1,72.65469281143538,75.3578877221697,75.3578877221697,75.3578877221697,> e0 observado
Naranjito,1990-1994,2,80.53672985190586,80.27107144815598,80.27107144815598,80.27107144815598,< e0 observado
Naranjito,1995-1999,1,71.78384170584214,72.19848991499482,72.19848991499482,72.19848991499482,> e0 observado
Naranjito,1995-1999,2,81.60503745588989,80.80763080486214,80.80763080486214,80.80763080486214,< e0 observado
Naranjito,2000-2004,1,75.02066724722975,74.08541591941534,74.08541591941534,74.08541591941534,< e0 observado
Naranjito,2000-2004,2,82.02786957174214,80.12870570875464,80.12870570875464,80.12870570875464,< e0 observado
Naranjito,2005-2009,1,75.97305227428454,77.07158503959522,77.07158503959522,77.07158503959522,> e0 observado
Naranjito,2005-2009,2,81.50399850212823,81.66195803021392,81.66195803021392,81.66195803021392,> e0 observado
Naranjito,2010-2014,1,78.20596950921357,78.54870686519997,78.54870686519997,78.54870686519997,> e0 observado
Naranjito,2010-2014,2,82.65441935713193,81.96109028840978,81.96109028840978,81.96109028840978,< e0 observado
Naranjito,2015-2019,1,79.79942567224485,81.64438391831256,81.64438391831256,81.64438391831256,> e0 observado
Naranjito,2015-2019,2,86.72388771081324,86.87887850387195,86.87887850387195,86.87887850387195,> e0 observado
Naranjito,2020-2024,1,76.58250173203984,78.38850042533747,78.38850042533747,78.38850042533747,> e0 observado
Naranjito,2020-2024,2,85.5864530860636,85.17281811787542,85.17281811787542,85.17281811787542,< e0 observado
Orocovis,1980-1984,1,73.68697408485414,73.93935402241439,73.93935402241439,73.93935402241439,> e0 observado
Orocovis,1980-1984,2,79.52890987399995,78.34561519550853,78.34561519550853,78.34561519550853,< e0 observado
Orocovis,1985-1989,1,72.86313442913975,74.63556575596816,74.63556575596816,74.63556575596816,> e0 observado
Orocovis,1985-1989,2,83.00284611084997,80.42000615099484,80.42000615099484,80.42000615099484,< e0 observado
Orocovis,1990-1994,1,70.6546043654978,71.45992454569166,71.45992454569166,71.45992454569166,> e0 observado
Orocovis,1990-1994,2,80.6362204849656,79.64476598446812,79.64476598446812,79.64476598446812,< e0 observado
Orocovis,1995-1999,1,73.67698769121861,74.88795781287311,74.88795781287311,74.88795781287311,> e0 observado
Orocovis,1995-1999,2,79.89715435282756,78.49290858016238,78.49290858016238,78.49290858016238,< e0 observado
Orocovis,2000-2004,1,74.30531059061678,74.34368238167951,74.34368238167951,74.34368238167951,> e0 observado
Orocovis,2000-2004,2,82.7682053865501,80.27239582011642,80.27239582011642,80.27239582011642,< e0 observado
Orocovis,2005-2009,1,75.65599075985115,76.59066194034708,76.59066194034708,76.59066194034708,> e0 observado
Orocovis,2005-2009,2,81.23465089468093,78.81224504074544,78.81224504074544,78.81224504074544,< e0 observado
Orocovis,2010-2014,1,78.72609688729915,78.46350379992676,78.46350379992676,78.46350379992676,< e0 observado
Orocovis,2010-2014,2,83.46032948812693,82.97220301902907,82.97220301902907,82.97220301902907,< e0 observado
Orocovis,2015-2019,1,78.31348130255999,79.61248585883278,79.61248585883278,79.61248585883278,> e0 observado
Orocovis,2015-2019,2,84.96910673692187,84.49681631951027,84.49681631951027,84.49681631951027,< e0 observado
Orocovis,2020-2024,1,77.80883766643083,79.47946691145155,79.47946691145155,79.47946691145155,> e0 observado
Orocovis,2020-2024,2,84.81893104480201,83.2445271721238,83.2445271721238,83.2445271721238,< e0 observado
Patillas,1980-1984,1,71.2919207839744,72.75978229864526,72.75978229864526,72.75978229864526,> e0 observado
Patillas,1980-1984,2,77.55331848134108,75.30949169810512,75.30949169810512,75.30949169810512,< e0 observado
Patillas,1985-1989,1,71.37552114824256,72.2576175660024,72.2576175660024,72.2576175660024,> e0 observado
Patillas,1985-1989,2,79.24042850774778,77.43300271390736,77.43300271390736,77.43300271390736,< e0 observado
Patillas,1990-1994,1,72.50760666915836,73.95336170614533,73.95336170614533,73.95336170614533,> e0 observado
Patillas,1990-1994,2,78.396020908419,77.40890670881987,77.40890670881987,77.40890670881987,< e0 observado
Patillas,1995-1999,1,71.16809015939647,72.23841147886728,72.23841147886728,72.23841147886728,> e0 observado
Patillas,1995-1999,2,78.52476688729733,76.5054935430825,76.5054935430825,76.5054935430825,< e0 observado
Patillas,2000-2004,1,73.84030571885792,74.72266544396568,74.72266544396568,74.72266544396568,> e0 observado
Patillas,2000-2004,2,80.28524555250978,79.5224795614814,79.5224795614814,79.5224795614814,< e0 observado
Patillas,2005-2009,1,74.71797456893655,74.46612036407797,74.46612036407797,74.46612036407797,< e0 observado
Patillas,2005-2009,2,82.37229150118687,80.17952087224633,80.17952087224633,80.17952087224633,< e0 observado
Patillas,2010-2014,1,75.64302541877272,75.99616819400211,75.99616819400211,75.99616819400211,> e0 observado
Patillas,2010-2014,2,82.97344642216791,81.57341443966327,81.57341443966327,81.57341443966327,< e0 observado
Patillas,2015-2019,1,77.44243369136635,79.94467779472595,79.94467779472595,79.94467779472595,> e0 observado
Patillas,2015-2019,2,85.62464985032581,83.88636064859057,83.88636064859057,83.88636064859057,< e0 observado
Patillas,2020-2024,1,75.4428131511174,75.2242345307493,75.2242345307493,75.2242345307493,< e0 observado
Patillas,2020-2024,2,83.73266646624228,85.90576389147631,85.90576389147631,85.90576389147631,> e0 observado
Penuelas,1980-1984,1,72.35786944424055,73.2282959844051,73.2282959844051,73.2282959844051,> e0 observado
Penuelas,1980-1984,2,77.42169553222374,76.33239174186771,76.33239174186771,76.33239174186771,< e0 observado
Penuelas,1985-1989,1,72.76539154925341,73.20005120469803,73.20005120469803,73.20005120469803,> e0 observado
Penuelas,1985-1989,2,78.26925344407194,77.0293907276396,77.0293907276396,77.0293907276396,< e0 observado
Penuelas,1990-1994,1,71.6518283419231,73.37096573735145,73.37096573735145,73.37096573735145,> e0 observado
Penuelas,1990-1994,2,78.09730287289996,75.89563721741123,75.89563721741123,75.89563721741123,< e0 observado
Penuelas,1995-1999,1,72.51086800891099,73.90823695806397,73.90823695806397,73.90823695806397,> e0 observado
Penuelas,1995-1999,2,77.85186468595465,77.12793727602666,77.12793727602666,77.12793727602666,< e0 observado
Penuelas,2000-2004,1,73.06979986248778,73.80911065862377,73.80911065862377,73.80911065862377,> e0 observado
Penuelas,2000-2004,2,80.74681115313095,80.74378636601412,80.74378636601412,80.74378636601412,< e0 observado
Penuelas,2005-2009,1,74.32588415517951,76.26450577940848,76.26450577940848,76.26450577940848,> e0 observado
Penuelas,2005-2009,2,83.85447484865448,81.87588046778146,81.87588046778146,81.87588046778146,< e0 observado
Penuelas,2010-2014,1,77.2161868060379,78.25863709010625,78.25863709010625,78.25863709010625,> e0 observado
Penuelas,2010-2014,2,82.37054992803498,81.19860577092508,81.19860577092508,81.19860577092508,< e0 observado
Penuelas,2015-2019,1,76.94988280019332,77.41294564846685,77.41294564846685,77.41294564846685,> e0 observado
Penuelas,2015-2019,2,83.52991574696982,82.61033543054415,82.61033543054415,82.61033543054415,< e0 observado
Penuelas,2020-2024,1,78.19759662594926,79.31266210303397,79.31266210303397,79.31266210303397,> e0 observado
Penuelas,2020-2024,2,83.13779961346445,82.68125647192757,82.68125647192757,82.68125647192757,< e0 observado
Ponce,1980-1984,1,70.95163851465587,71.26762302653498,71.26762302653498,71.26762302653498,> e0 observado
Ponce,1980-1984,2,77.90393491985162,78.00242143849802,78.00242143849802,78.00242143849802,> e0 observado
Ponce,1985-1989,1,68.92037207804252,69.50628892486081,69.50628892486081,69.50628892486081,> e0 observado
Ponce,1985-1989,2,77.3120135977883,77.67569044851022,77.67569044851022,77.67569044851022,> e0 observado
Ponce,1990-1994,1,68.07009878068561,68.25379812786626,68.25379812786626,68.25379812786626,> e0 observado
Ponce,1990-1994,2,77.70322992022791,77.76243254998968,77.76243254998968,77.76243254998968,> e0 observado
Ponce,1995-1999,1,68.8945019576824,68.61870694406356,68.61870694406356,68.61870694406356,< e0 observado
Ponce,1995-1999,2,78.64616620265484,78.00360473842504,78.00360473842504,78.00360473842504,< e0 observado
Ponce,2000-2004,1,71.88287158339286,71.4126607220053,71.4126607220053,71.4126607220053,< e0 observado
Ponce,2000-2004,2,80.17053819569585,79.38552473211179,79.38552473211179,79.38552473211179,< e0 observado
Ponce,2005-2009,1,72.59239776230434,73.00248976592009,73.00248976592009,73.00248976592009,> e0 observado
Ponce,2005-2009,2,81.60505937401689,81.17799538821845,81.17799538821845,81.17799538821845,< e0 observado
Ponce,2010-2014,1,74.90584213235752,75.18840585034957,75.18840585034957,75.18840585034957,> e0 observado
Ponce,2010-2014,2,81.84526785237593,81.77528202360611,81.77528202360611,81.77528202360611,< e0 observado
Ponce,2015-2019,1,75.94818443525777,76.3846417910554,76.3846417910554,76.3846417910554,> e0 observado
Ponce,2015-2019,2,84.573600741168,84.47924872387232,84.47924872387232,84.47924872387232,< e0 observado
Ponce,2020-2024,1,76.11579149445392,76.2068706257606,76.2068706257606,76.2068706257606,> e0 observado
Ponce,2020-2024,2,84.14984563358192,84.05259891907332,84.05259891907332,84.05259891907332,< e0 observado
Quebradillas,1980-1984,1,71.5804748432608,71.7891349450245,71.7891349450245,71.7891349450245,> e0 observado
Quebradillas,1980-1984,2,79.23938165137665,76.3056396056313,76.3056396056313,76.3056396056313,< e0 observado
Quebradillas,1985-1989,1,70.63546474047975,70.8758777881839,70.8758777881839,70.8758777881839,> e0 observado
Quebradillas,1985-1989,2,77.80764334555457,77.38029133756925,77.38029133756925,77.38029133756925,< e0 observado
Quebradillas,1990-1994,1,72.04068810225141,72.96109614477821,72.96109614477821,72.96109614477821,> e0 observado
Quebradillas,1990-1994,2,79.32174470623532,76.74872813475874,76.74872813475874,76.74872813475874,< e0 observado
Quebradillas,1995-1999,1,72.62949799850028,73.30500451076514,73.30500451076514,73.30500451076514,> e0 observado
Quebradillas,1995-1999,2,78.8521877504248,76.50916522004485,76.50916522004485,76.50916522004485,< e0 observado
Quebradillas,2000-2004,1,73.75120320482118,74.41135471717074,74.41135471717074,74.41135471717074,> e0 observado
Quebradillas,2000-2004,2,79.64696913052158,78.99042018932016,78.99042018932016,78.99042018932016,< e0 observado
Quebradillas,2005-2009,1,76.4702021217705,76.6076127863186,76.6076127863186,76.6076127863186,> e0 observado
Quebradillas,2005-2009,2,82.57479226170334,81.21363091719039,81.21363091719039,81.21363091719039,< e0 observado
Quebradillas,2010-2014,1,76.84416482352528,76.26109039976335,76.26109039976335,76.26109039976335,< e0 observado
Quebradillas,2010-2014,2,83.16432092953069,83.00666557860127,83.00666557860127,83.00666557860127,< e0 observado
Quebradillas,2015-2019,1,77.52581972834565,78.67093147092766,78.67093147092766,78.67093147092766,> e0 observado
Quebradillas,2015-2019,2,83.89036641680575,83.05357673620661,83.05357673620661,83.05357673620661,< e0 observado
Quebradillas,2020-2024,1,78.45741764289136,78.84882015046792,78.84882015046792,78.84882015046792,> e0 observado
Quebradillas,2020-2024,2,84.02514632890372,82.48728094373644,82.48728094373644,82.48728094373644,< e0 observado
Rincon,1980-1984,1,71.31036542846637,74.72331648780147,74.72331648780147,74.72331648780147,> e0 observado
Rincon,1980-1984,2,78.23121876259758,76.61247214937951,76.61247214937951,76.61247214937951,< e0 observado
Rincon,1985-1989,1,72.68195818723761,73.58378900919662,73.58378900919662,73.58378900919662,> e0 observado
Rincon,1985-1989,2,78.13112109379762,77.5548654300368,77.5548654300368,77.5548654300368,< e0 observado
Rincon,1990-1994,1,74.46482669947628,75.94839372677154,75.94839372677154,75.94839372677154,> e0 observado
Rincon,1990-1994,2,79.71875830965256,77.49704595036732,77.49704595036732,77.49704595036732,< e0 observado
Rincon,1995-1999,1,71.81900034746621,72.15799674112812,72.15799674112812,72.15799674112812,> e0 observado
Rincon,1995-1999,2,80.4078903895804,77.23533689172292,77.23533689172292,77.23533689172292,< e0 observado
Rincon,2000-2004,1,75.07948363707656,75.14181367927674,75.14181367927674,75.14181367927674,> e0 observado
Rincon,2000-2004,2,82.97798833076854,82.1476070573092,82.1476070573092,82.1476070573092,< e0 observado
Rincon,2005-2009,1,76.37954961336744,76.34891026669544,76.34891026669544,76.34891026669544,< e0 observado
Rincon,2005-2009,2,80.35621164685101,79.5401622936767,79.5401622936767,79.5401622936767,< e0 observado
Rincon,2010-2014,1,79.61051534555456,78.99808074364583,78.99808074364583,78.99808074364583,< e0 observado
Rincon,2010-2014,2,83.80210551828287,82.88191315953952,82.88191315953952,82.88191315953952,< e0 observado
Rincon,2015-2019,1,79.17285737161941,80.7186167647178,80.7186167647178,80.7186167647178,> e0 observado
Rincon,2015-2019,2,86.30943741112463,85.46341578227234,85.46341578227234,85.46341578227234,< e0 observado
Rincon,2020-2024,1,79.87445814115418,81.65866847317561,81.65866847317561,81.65866847317561,> e0 observado
Rincon,2020-2024,2,86.12132225159803,85.26963136121554,85.26963136121554,85.26963136121554,< e0 observado
Rio Grande,1980-1984,1,71.31055270884488,71.22369029052038,71.22369029052038,71.22369029052038,< e0 observado
Rio Grande,1980-1984,2,77.8338345029928,76.82361464165713,76.82361464165713,76.82361464165713,< e0 observado
Rio Grande,1985-1989,1,72.55792010168767,72.74145471168244,72.74145471168244,72.74145471168244,> e0 observado
Rio Grande,1985-1989,2,78.55898208748316,78.0246459229671,78.0246459229671,78.0246459229671,< e0 observado
Rio Grande,1990-1994,1,69.8066408540921,70.37465300018177,70.37465300018177,70.37465300018177,> e0 observado
Rio Grande,1990-1994,2,79.04176505901863,77.77520468538611,77.77520468538611,77.77520468538611,< e0 observado
Rio Grande,1995-1999,1,69.24216716509197,69.8810534093403,69.8810534093403,69.8810534093403,> e0 observado
Rio Grande,1995-1999,2,78.57122528721384,78.37651082753979,78.37651082753979,78.37651082753979,< e0 observado
Rio Grande,2000-2004,1,73.5987446256221,73.46071687092608,73.46071687092608,73.46071687092608,< e0 observado
Rio Grande,2000-2004,2,80.92764017417292,80.83041260820434,80.83041260820434,80.83041260820434,< e0 observado
Rio Grande,2005-2009,1,74.74267006153134,74.67924734057695,74.67924734057695,74.67924734057695,< e0 observado
Rio Grande,2005-2009,2,82.25371975622028,81.26442960604622,81.26442960604622,81.26442960604622,< e0 observado
Rio Grande,2010-2014,1,75.62464241200296,75.57498685292384,75.57498685292384,75.57498685292384,< e0 observado
Rio Grande,2010-2014,2,81.93516108938404,81.02818152981993,81.02818152981993,81.02818152981993,< e0 observado
Rio Grande,2015-2019,1,77.32038501383934,77.9007171623001,77.9007171623001,77.9007171623001,> e0 observado
Rio Grande,2015-2019,2,84.73128165771396,83.42977418731323,83.42977418731323,83.42977418731323,< e0 observado
Rio Grande,2020-2024,1,76.09079051682853,76.54275376666835,76.54275376666835,76.54275376666835,> e0 observado
Rio Grande,2020-2024,2,84.92626206233898,85.74201832409966,85.74201832409966,85.74201832409966,> e0 observado
Sabana Grande,1980-1984,1,72.94260252849719,74.04128292720817,74.04128292720817,74.04128292720817,> e0 observado
Sabana Grande,1980-1984,2,76.79030160326006,76.29340962463647,76.29340962463647,76.29340962463647,< e0 observado
Sabana Grande,1985-1989,1,72.60670516660508,72.26902541786984,72.26902541786984,72.26902541786984,< e0 observado
Sabana Grande,1985-1989,2,79.46020484114078,78.87481379374485,78.87481379374485,78.87481379374485,< e0 observado
Sabana Grande,1990-1994,1,71.96878186562466,72.8078500527931,72.8078500527931,72.8078500527931,> e0 observado
Sabana Grande,1990-1994,2,77.52973712888554,76.36202815245746,76.36202815245746,76.36202815245746,< e0 observado
Sabana Grande,1995-1999,1,72.42496764545729,74.27857798601441,74.27857798601441,74.27857798601441,> e0 observado
Sabana Grande,1995-1999,2,77.8549110688198,76.7621006185281,76.7621006185281,76.7621006185281,< e0 observado
Sabana Grande,2000-2004,1,75.19081545433245,75.13992217339536,75.13992217339536,75.13992217339536,< e0 observado
Sabana Grande,2000-2004,2,80.10304388750191,80.91030819964485,80.91030819964485,80.91030819964485,> e0 observado
Sabana Grande,2005-2009,1,75.77699216646894,76.24766578511436,76.24766578511436,76.24766578511436,> e0 observado
Sabana Grande,2005-2009,2,80.72892003066303,80.93368143545143,80.93368143545143,80.93368143545143,> e0 observado
Sabana Grande,2010-2014,1,75.70526772953107,76.71793769798528,76.71793769798528,76.71793769798528,> e0 observado
Sabana Grande,2010-2014,2,83.3057418970242,81.52388801655879,81.52388801655879,81.52388801655879,< e0 observado
Sabana Grande,2015-2019,1,77.43470484017462,76.90281314083843,76.90281314083843,76.90281314083843,< e0 observado
Sabana Grande,2015-2019,2,83.12156944238525,81.95875537960917,81.95875537960917,81.95875537960917,< e0 observado
Sabana Grande,2020-2024,1,77.44105015726227,77.66879977355099,77.66879977355099,77.66879977355099,> e0 observado
Sabana Grande,2020-2024,2,83.44790990052292,82.04368704036162,82.04368704036162,82.04368704036162,< e0 observado
Salinas,1980-1984,1,69.34771587119822,70.71141902917078,70.71141902917078,70.71141902917078,> e0 observado
Salinas,1980-1984,2,77.00356882697933,76.21784660136706,76.21784660136706,76.21784660136706,< e0 observado
Salinas,1985-1989,1,67.8768913469486,70.72992624148188,70.72992624148188,70.72992624148188,> e0 observado
Salinas,1985-1989,2,76.51927305162637,74.69880771512413,74.69880771512413,74.69880771512413,< e0 observado
Salinas,1990-1994,1,69.60135801885075,69.9010056816362,69.9010056816362,69.9010056816362,> e0 observado
Salinas,1990-1994,2,77.16626361655916,76.49686641975494,76.49686641975494,76.49686641975494,< e0 observado
Salinas,1995-1999,1,69.29023548543516,70.31508718006071,70.31508718006071,70.31508718006071,> e0 observado
Salinas,1995-1999,2,79.22383445714814,81.13741294444381,81.13741294444381,81.13741294444381,> e0 observado
Salinas,2000-2004,1,73.10253328655585,73.12493135525389,73.12493135525389,73.12493135525389,> e0 observado
Salinas,2000-2004,2,80.52455994892824,80.12398657787747,80.12398657787747,80.12398657787747,< e0 observado
Salinas,2005-2009,1,73.52822440107285,72.81310659674547,72.81310659674547,72.81310659674547,< e0 observado
Salinas,2005-2009,2,80.63090066219925,80.07110353177075,80.07110353177075,80.07110353177075,< e0 observado
Salinas,2010-2014,1,75.47743944137984,76.50948618622117,76.50948618622117,76.50948618622117,> e0 observado
Salinas,2010-2014,2,83.23167940762168,82.53323138660768,82.53323138660768,82.53323138660768,< e0 observado
Salinas,2015-2019,1,77.96635541138743,78.4896128039679,78.4896128039679,78.4896128039679,> e0 observado
Salinas,2015-2019,2,85.02610562554052,83.81736748005554,83.81736748005554,83.81736748005554,< e0 observado
Salinas,2020-2024,1,77.2752335181164,78.87631731700151,78.87631731700151,78.87631731700151,> e0 observado
Salinas,2020-2024,2,85.43601257393142,85.11295461239733,85.11295461239733,85.11295461239733,< e0 observado
San German,1980-1984,1,72.17155637189039,72.64750594087522,72.64750594087522,72.64750594087522,> e0 observado
San German,1980-1984,2,77.0812843420632,75.56827913578249,75.56827913578249,75.56827913578249,< e0 observado
San German,1985-1989,1,73.24578912339052,72.61577243469206,72.61577243469206,72.61577243469206,< e0 observado
San German,1985-1989,2,78.281715742411,76.31078312669135,76.31078312669135,76.31078312669135,< e0 observado
San German,1990-1994,1,72.47312065094486,72.67435848583573,72.67435848583573,72.67435848583573,> e0 observado
San German,1990-1994,2,78.88901019804139,77.81148713305438,77.81148713305438,77.81148713305438,< e0 observado
San German,1995-1999,1,74.17482678706043,75.21973089741371,75.21973089741371,75.21973089741371,> e0 observado
San German,1995-1999,2,78.52895052757144,78.25046089579129,78.25046089579129,78.25046089579129,< e0 observado
San German,2000-2004,1,75.40040785434385,75.82126141019432,75.82126141019432,75.82126141019432,> e0 observado
San German,2000-2004,2,81.07042973561371,79.57375888129043,79.57375888129043,79.57375888129043,< e0 observado
San German,2005-2009,1,75.89227383722931,75.8562940208554,75.8562940208554,75.8562940208554,< e0 observado
San German,2005-2009,2,81.35724022521588,81.22035002997617,81.22035002997617,81.22035002997617,< e0 observado
San German,2010-2014,1,77.09595528241658,77.1310483123127,77.1310483123127,77.1310483123127,> e0 observado
San German,2010-2014,2,81.95497572147197,81.36300849296686,81.36300849296686,81.36300849296686,< e0 observado
San German,2015-2019,1,79.14792857398798,79.30960867874576,79.30960867874576,79.30960867874576,> e0 observado
San German,2015-2019,2,84.0002365484052,83.19894013779529,83.19894013779529,83.19894013779529,< e0 observado
San German,2020-2024,1,78.13234571523579,77.97595874696532,77.97595874696532,77.97595874696532,< e0 observado
San German,2020-2024,2,83.15333884969452,82.36831379032238,82.36831379032238,82.36831379032238,< e0 observado
San Juan,1980-1984,1,68.53296805880613,68.96187980582995,68.96187980582995,68.96187980582995,> e0 observado
San Juan,1980-1984,2,78.41781325030587,78.50341077396428,78.50341077396428,78.50341077396428,> e0 observado
San Juan,1985-1989,1,67.17212517316179,67.14758518428165,67.14758518428165,67.14758518428165,< e0 observado
San Juan,1985-1989,2,78.70934229140379,78.82738699260051,78.82738699260051,78.82738699260051,> e0 observado
San Juan,1990-1994,1,64.70940097035052,64.85383816895951,64.85383816895951,64.85383816895951,> e0 observado
San Juan,1990-1994,2,78.53794951508831,78.59357482857735,78.59357482857735,78.59357482857735,> e0 observado
San Juan,1995-1999,1,67.09892384379134,67.05740804121996,67.05740804121996,67.05740804121996,< e0 observado
San Juan,1995-1999,2,79.54091321860172,79.4763152405775,79.4763152405775,79.4763152405775,< e0 observado
San Juan,2000-2004,1,71.1882392973574,71.09685615393775,71.09685615393775,71.09685615393775,< e0 observado
San Juan,2000-2004,2,81.92921875527303,81.90580492909427,81.90580492909427,81.90580492909427,< e0 observado
San Juan,2005-2009,1,72.69964876784017,73.0182797880761,73.0182797880761,73.0182797880761,> e0 observado
San Juan,2005-2009,2,82.46547999538443,82.11132605575897,82.11132605575897,82.11132605575897,< e0 observado
San Juan,2010-2014,1,74.44529350870087,74.61678675272563,74.61678675272563,74.61678675272563,> e0 observado
San Juan,2010-2014,2,84.20463369793843,84.82999919865561,84.82999919865561,84.82999919865561,> e0 observado
San Juan,2015-2019,1,75.79825935426356,75.81996954760213,75.81996954760213,75.81996954760213,> e0 observado
San Juan,2015-2019,2,85.20819741649419,85.05552857850739,85.05552857850739,85.05552857850739,< e0 observado
San Juan,2020-2024,1,75.09617765928651,75.1300763048098,75.1300763048098,75.1300763048098,> e0 observado
San Juan,2020-2024,2,85.57777113429813,85.24538504632108,85.24538504632108,85.24538504632108,< e0 observado
San Lorenzo,1980-1984,1,72.4269330696064,73.34582464578422,73.34582464578422,73.34582464578422,> e0 observado
San Lorenzo,1980-1984,2,78.47103642037956,78.41057084751095,78.41057084751095,78.41057084751095,< e0 observado
San Lorenzo,1985-1989,1,70.33185072656097,71.44752207924294,71.44752207924294,71.44752207924294,> e0 observado
San Lorenzo,1985-1989,2,79.4038927542163,78.07445630431978,78.07445630431978,78.07445630431978,< e0 observado
San Lorenzo,1990-1994,1,70.49063585980458,70.91167881275702,70.91167881275702,70.91167881275702,> e0 observado
San Lorenzo,1990-1994,2,79.42906403274269,78.19424317560384,78.19424317560384,78.19424317560384,< e0 observado
San Lorenzo,1995-1999,1,72.39291160482962,72.55840577429149,72.55840577429149,72.55840577429149,> e0 observado
San Lorenzo,1995-1999,2,78.56261721700943,77.88162445504763,77.88162445504763,77.88162445504763,< e0 observado
San Lorenzo,2000-2004,1,73.59466919977362,74.06013864746161,74.06013864746161,74.06013864746161,> e0 observado
San Lorenzo,2000-2004,2,81.14875504017051,80.85556630621313,80.85556630621313,80.85556630621313,< e0 observado
San Lorenzo,2005-2009,1,75.07421835227707,75.68037462274975,75.68037462274975,75.68037462274975,> e0 observado
San Lorenzo,2005-2009,2,82.06471302858854,80.83703217117352,80.83703217117352,80.83703217117352,< e0 observado
San Lorenzo,2010-2014,1,76.50254306599682,77.19229849764412,77.19229849764412,77.19229849764412,> e0 observado
San Lorenzo,2010-2014,2,83.9183271335132,82.83060281171306,82.83060281171306,82.83060281171306,< e0 observado
San Lorenzo,2015-2019,1,77.43176974248165,77.97788001319682,77.97788001319682,77.97788001319682,> e0 observado
San Lorenzo,2015-2019,2,85.92248006512409,85.74895334748615,85.74895334748615,85.74895334748615,< e0 observado
San Lorenzo,2020-2024,1,77.62523479934367,78.12771349535615,78.12771349535615,78.12771349535615,> e0 observado
San Lorenzo,2020-2024,2,84.55625634680975,83.23583887026281,83.23583887026281,83.23583887026281,< e0 observado
San Sebastian,1980-1984,1,73.33683627750408,74.11508123875453,74.11508123875453,74.11508123875453,> e0 observado
San Sebastian,1980-1984,2,77.39216900594447,76.53251022563244,76.53251022563244,76.53251022563244,< e0 observado
San Sebastian,1985-1989,1,71.54106439345284,72.72095583286944,72.72095583286944,72.72095583286944,> e0 observado
San Sebastian,1985-1989,2,78.32567842249966,78.27543937598656,78.27543937598656,78.27543937598656,< e0 observado
San Sebastian,1990-1994,1,72.72006609308197,72.740481555023,72.740481555023,72.740481555023,> e0 observado
San Sebastian,1990-1994,2,78.61121244043503,78.70083409084499,78.70083409084499,78.70083409084499,> e0 observado
San Sebastian,1995-1999,1,73.29080325081594,73.4462663476524,73.4462663476524,73.4462663476524,> e0 observado
San Sebastian,1995-1999,2,79.73176179097116,78.73136805935849,78.73136805935849,78.73136805935849,< e0 observado
San Sebastian,2000-2004,1,74.89792147656362,76.22814584905244,76.22814584905244,76.22814584905244,> e0 observado
San Sebastian,2000-2004,2,80.32263567678552,79.48476800166954,79.48476800166954,79.48476800166954,< e0 observado
San Sebastian,2005-2009,1,76.73740203137386,77.55255408167213,77.55255408167213,77.55255408167213,> e0 observado
San Sebastian,2005-2009,2,81.1692904566309,80.19945558872853,80.19945558872853,80.19945558872853,< e0 observado
San Sebastian,2010-2014,1,76.69546237928682,77.57375177800489,77.57375177800489,77.57375177800489,> e0 observado
San Sebastian,2010-2014,2,83.16134686711862,82.77214228135209,82.77214228135209,82.77214228135209,< e0 observado
San Sebastian,2015-2019,1,79.1178099470019,80.8308943560852,80.8308943560852,80.8308943560852,> e0 observado
San Sebastian,2015-2019,2,84.22340952689646,83.20126378679119,83.20126378679119,83.20126378679119,< e0 observado
San Sebastian,2020-2024,1,78.24142492610734,78.3909822052515,78.3909822052515,78.3909822052515,> e0 observado
San Sebastian,2020-2024,2,84.23065748606743,83.29230613647158,83.29230613647158,83.29230613647158,< e0 observado
Santa Isabel,1980-1984,1,69.7275677276356,69.60153311044103,69.60153311044103,69.60153311044103,< e0 observado
Santa Isabel,1980-1984,2,77.7763438904047,77.2585495911641,77.2585495911641,77.2585495911641,< e0 observado
Santa Isabel,1985-1989,1,69.23817247335977,70.76698529821392,70.76698529821392,70.76698529821392,> e0 observado
Santa Isabel,1985-1989,2,76.67908928126376,74.72699241777542,74.72699241777542,74.72699241777542,< e0 observado
Santa Isabel,1990-1994,1,66.65679986192234,68.20507529804327,68.20507529804327,68.20507529804327,> e0 observado
Santa Isabel,1990-1994,2,76.1627447017844,75.29286582204969,75.29286582204969,75.29286582204969,< e0 observado
Santa Isabel,1995-1999,1,68.83610956762453,69.77092633336113,69.77092633336113,69.77092633336113,> e0 observado
Santa Isabel,1995-1999,2,77.73152078827611,75.91108024784336,75.91108024784336,75.91108024784336,< e0 observado
Santa Isabel,2000-2004,1,69.45419232564782,69.78896472073856,69.78896472073856,69.78896472073856,> e0 observado
Santa Isabel,2000-2004,2,79.11209035669054,77.68476118523084,77.68476118523084,77.68476118523084,< e0 observado
Santa Isabel,2005-2009,1,72.31479005793592,73.23530249656329,73.23530249656329,73.23530249656329,> e0 observado
Santa Isabel,2005-2009,2,81.59418713189359,79.05027928813104,79.05027928813104,79.05027928813104,< e0 observado
Santa Isabel,2010-2014,1,74.62174299181575,76.66438938529154,76.66438938529154,76.66438938529154,> e0 observado
Santa Isabel,2010-2014,2,81.81631250475374,80.1742738667223,80.1742738667223,80.1742738667223,< e0 observado
Santa Isabel,2015-2019,1,75.10553816345772,77.01627083662592,77.01627083662592,77.01627083662592,> e0 observado
Santa Isabel,2015-2019,2,85.04929628842375,83.56795535212551,83.56795535212551,83.56795535212551,< e0 observado
Santa Isabel,2020-2024,1,74.53124138847393,76.4023653398129,76.4023653398129,76.4023653398129,> e0 observado
Santa Isabel,2020-2024,2,83.31177822878875,82.10952029629823,82.10952029629823,82.10952029629823,< e0 observado
Toa Alta,1980-1984,1,74.8830856005072,75.74620391555564,75.74620391555564,75.74620391555564,> e0 observado
Toa Alta,1980-1984,2,77.90618677933547,77.87968228228641,77.87968228228641,77.87968228228641,< e0 observado
Toa Alta,1985-1989,1,72.95726224514657,73.23016904128535,73.23016904128535,73.23016904128535,> e0 observado
Toa Alta,1985-1989,2,81.13925929884047,79.41178389955704,79.41178389955704,79.41178389955704,< e0 observado
Toa Alta,1990-1994,1,73.42887184415189,75.31099996253613,75.31099996253613,75.31099996253613,> e0 observado
Toa Alta,1990-1994,2,79.53507742661205,79.61081130825502,79.61081130825502,79.61081130825502,> e0 observado
Toa Alta,1995-1999,1,73.12825061550112,73.82943160422519,73.82943160422519,73.82943160422519,> e0 observado
Toa Alta,1995-1999,2,80.88771225273739,80.21171691048022,80.21171691048022,80.21171691048022,< e0 observado
Toa Alta,2000-2004,1,75.20122641401855,75.36015886774692,75.36015886774692,75.36015886774692,> e0 observado
Toa Alta,2000-2004,2,81.33505965208538,80.67320473572263,80.67320473572263,80.67320473572263,< e0 observado
Toa Alta,2005-2009,1,77.25808536131703,77.26785453713907,77.26785453713907,77.26785453713907,> e0 observado
Toa Alta,2005-2009,2,83.45975745150935,81.75917485110112,81.75917485110112,81.75917485110112,< e0 observado
Toa Alta,2010-2014,1,77.617438844306065,77.37257239926956,77.37257239926956,77.37257239926956,< e0 observado
Toa Alta,2010-2014,2,84.59193836320182,84.05434444582414,84.05434444582414,84.05434444582414,< e0 observado
Toa Alta,2015-2019,1,79.44012262836311,79.85821499969107,79.85821499969107,79.85821499969107,> e0 observado
Toa Alta,2015-2019,2,84.21287299648571,84.0877592038999,84.0877592038999,84.0877592038999,< e0 observado
Toa Alta,2020-2024,1,79.32715713141147,79.27371679964051,79.27371679964051,79.27371679964051,< e0 observado
Toa Alta,2020-2024,2,85.92609855770323,85.71617862758791,85.71617862758791,85.71617862758791,< e0 observado
Toa Baja,1980-1984,1,72.82833976912103,72.15053345543026,72.15053345543026,72.15053345543026,< e0 observado
Toa Baja,1980-1984,2,79.03893803233984,78.28872683065542,78.28872683065542,78.28872683065542,< e0 observado
Toa Baja,1985-1989,1,71.09171108702432,71.93103248855016,71.93103248855016,71.93103248855016,> e0 observado
Toa Baja,1985-1989,2,79.17713173148333,79.16579119063039,79.16579119063039,79.16579119063039,< e0 observado
Toa Baja,1990-1994,1,69.55070432606276,68.87427739497873,68.87427739497873,68.87427739497873,< e0 observado
Toa Baja,1990-1994,2,78.53439715581091,78.3032504912541,78.3032504912541,78.3032504912541,< e0 observado
Toa Baja,1995-1999,1,71.02389397781576,71.461810002256,71.461810002256,71.461810002256,> e0 observado
Toa Baja,1995-1999,2,80.35817914633549,79.11996258557492,79.11996258557492,79.11996258557492,< e0 observado
Toa Baja,2000-2004,1,73.3130761935651,73.46920969437112,73.46920969437112,73.46920969437112,> e0 observado
Toa Baja,2000-2004,2,81.24641875534006,80.55627157142767,80.55627157142767,80.55627157142767,< e0 observado
Toa Baja,2005-2009,1,73.9336800218148,74.31850408996617,74.31850408996617,74.31850408996617,> e0 observado
Toa Baja,2005-2009,2,81.2918522418654,80.52697497858193,80.52697497858193,80.52697497858193,< e0 observado
Toa Baja,2010-2014,1,75.63234922554784,76.09771689285765,76.09771689285765,76.09771689285765,> e0 observado
Toa Baja,2010-2014,2,83.19276198853512,82.33000204036637,82.33000204036637,82.33000204036637,< e0 observado
Toa Baja,2015-2019,1,77.0796431176242,77.44774702724897,77.44774702724897,77.44774702724897,> e0 observado
Toa Baja,2015-2019,2,85.28768156374481,84.69968144855383,84.69968144855383,84.69968144855383,< e0 observado
Toa Baja,2020-2024,1,76.06866784040614,76.18562355687855,76.18562355687855,76.18562355687855,> e0 observado
Toa Baja,2020-2024,2,84.82502560819063,84.41023813235135,84.41023813235135,84.41023813235135,< e0 observado
Trujillo Alto,1980-1984,1,73.8807661516517,73.97656876974281,73.97656876974281,73.97656876974281,> e0 observado
Trujillo Alto,1980-1984,2,80.45848591811597,79.51850024969845,79.51850024969845,79.51850024969845,< e0 observado
Trujillo Alto,1985-1989,1,72.91759611684925,72.66219468406075,72.66219468406075,72.66219468406075,< e0 observado
Trujillo Alto,1985-1989,2,81.01563083839561,78.93192362576929,78.93192362576929,78.93192362576929,< e0 observado
Trujillo Alto,1990-1994,1,72.6023641348921,73.30743922511948,73.30743922511948,73.30743922511948,> e0 observado
Trujillo Alto,1990-1994,2,79.85175886432305,79.65382062756088,79.65382062756088,79.65382062756088,< e0 observado
Trujillo Alto,1995-1999,1,72.41162116159781,72.59770345311559,72.59770345311559,72.59770345311559,> e0 observado
Trujillo Alto,1995-1999,2,81.19162622930031,79.88931389357973,79.88931389357973,79.88931389357973,< e0 observado
Trujillo Alto,2000-2004,1,74.68446388601943,75.152597774138,75.152597774138,75.152597774138,> e0 observado
Trujillo Alto,2000-2004,2,83.41194987282269,82.64374702182805,82.64374702182805,82.64374702182805,< e0 observado
Trujillo Alto,2005-2009,1,75.81610434260868,76.42061549084849,76.42061549084849,76.42061549084849,> e0 observado
Trujillo Alto,2005-2009,2,83.84316698522537,82.56104272441938,82.56104272441938,82.56104272441938,< e0 observado
Trujillo Alto,2010-2014,1,77.88979650864401,77.39632728153576,77.39632728153576,77.39632728153576,< e0 observado
Trujillo Alto,2010-2014,2,85.28937280458358,84.94687054188307,84.94687054188307,84.94687054188307,< e0 observado
Trujillo Alto,2015-2019,1,79.53728233113502,80.63976505392812,80.63976505392812,80.63976505392812,> e0 observado
Trujillo Alto,2015-2019,2,86.3543330403018,86.50239820019777,86.50239820019777,86.50239820019777,> e0 observado
Trujillo Alto,2020-2024,1,78.39208683519212,78.30840501231091,78.30840501231091,78.30840501231091,< e0 observado
Trujillo Alto,2020-2024,2,86.16954614436371,85.84695402021188,85.84695402021188,85.84695402021188,< e0 observado
Utuado,1980-1984,1,72.77455758364391,72.75307680957019,72.75307680957019,72.75307680957019,< e0 observado
Utuado,1980-1984,2,78.22725510627389,77.65554752714009,77.65554752714009,77.65554752714009,< e0 observado
Utuado,1985-1989,1,72.49241351300115,72.87245525268474,72.87245525268474,72.87245525268474,> e0 observado
Utuado,1985-1989,2,78.55971933281445,77.830652623349,77.830652623349,77.830652623349,< e0 observado
Utuado,1990-1994,1,73.58027996114916,72.80944157698394,72.80944157698394,72.80944157698394,< e0 observado
Utuado,1990-1994,2,79.15999314000904,78.8412766703723,78.8412766703723,78.8412766703723,< e0 observado
Utuado,1995-1999,1,73.56681994998524,74.49481824114679,74.49481824114679,74.49481824114679,> e0 observado
Utuado,1995-1999,2,79.75811291705193,78.03687573947872,78.03687573947872,78.03687573947872,< e0 observado
Utuado,2000-2004,1,75.66609210920785,76.48581325704362,76.48581325704362,76.48581325704362,> e0 observado
Utuado,2000-2004,2,80.85296661933371,79.56111786760528,79.56111786760528,79.56111786760528,< e0 observado
Utuado,2005-2009,1,74.96306439444312,75.43153813514927,75.43153813514927,75.43153813514927,> e0 observado
Utuado,2005-2009,2,81.95177865789455,81.9970337527979,81.9970337527979,81.9970337527979,> e0 observado
Utuado,2010-2014,1,76.45438665507136,76.35922991817607,76.35922991817607,76.35922991817607,< e0 observado
Utuado,2010-2014,2,83.96232047500072,81.62091460610426,81.62091460610426,81.62091460610426,< e0 observado
Utuado,2015-2019,1,79.0189703608258,79.30660496257497,79.30660496257497,79.30660496257497,> e0 observado
Utuado,2015-2019,2,85.5118737413184,84.0429549362214,84.0429549362214,84.0429549362214,< e0 observado
Utuado,2020-2024,1,80.22889535833663,80.21841551429233,80.21841551429233,80.21841551429233,< e0 observado
Utuado,2020-2024,2,86.24989014279643,84.25966234431613,84.25966234431613,84.25966234431613,< e0 observado
Vega Alta,1980-1984,1,73.54933326191107,74.91340621973667,74.91340621973667,74.91340621973667,> e0 observado
Vega Alta,1980-1984,2,78.25469326095431,77.20088627685627,77.20088627685627,77.20088627685627,< e0 observado
Vega Alta,1985-1989,1,72.05535344696615,73.40829683607431,73.40829683607431,73.40829683607431,> e0 observado
Vega Alta,1985-1989,2,78.15985935324002,77.22935013558498,77.22935013558498,77.22935013558498,< e0 observado
Vega Alta,1990-1994,1,70.24052329679134,71.89794239052505,71.89794239052505,71.89794239052505,> e0 observado
Vega Alta,1990-1994,2,79.51462054686016,79.58118054046304,79.58118054046304,79.58118054046304,> e0 observado
Vega Alta,1995-1999,1,71.54816531304111,71.50971628874214,71.50971628874214,71.50971628874214,< e0 observado
Vega Alta,1995-1999,2,79.34051049480365,78.01393597275197,78.01393597275197,78.01393597275197,< e0 observado
Vega Alta,2000-2004,1,74.10875011525926,73.34590932336768,73.34590932336768,73.34590932336768,< e0 observado
Vega Alta,2000-2004,2,81.98636550598057,81.38167180874159,81.38167180874159,81.38167180874159,< e0 observado
Vega Alta,2005-2009,1,74.49742104581102,76.1047126326696,76.1047126326696,76.1047126326696,> e0 observado
Vega Alta,2005-2009,2,82.79578771576239,81.33402417898634,81.33402417898634,81.33402417898634,< e0 observado
Vega Alta,2010-2014,1,76.95585105473053,77.55444260559132,77.55444260559132,77.55444260559132,> e0 observado
Vega Alta,2010-2014,2,84.70771205138385,83.57262583996564,83.57262583996564,83.57262583996564,< e0 observado
Vega Alta,2015-2019,1,79.09002086085074,79.09477608550006,79.09477608550006,79.09477608550006,> e0 observado
Vega Alta,2015-2019,2,84.78023321458953,83.03368839757216,83.03368839757216,83.03368839757216,< e0 observado
Vega Alta,2020-2024,1,79.13203080104806,79.65697828134533,79.65697828134533,79.65697828134533,> e0 observado
Vega Alta,2020-2024,2,86.55489338482076,85.66472652976127,85.66472652976127,85.66472652976127,< e0 observado
Vega Baja,1980-1984,1,72.17472574689376,73.36027750602929,73.36027750602929,73.36027750602929,> e0 observado
Vega Baja,1980-1984,2,77.4559969407079,76.00440494074812,76.00440494074812,76.00440494074812,< e0 observado
Vega Baja,1985-1989,1,71.32919645334727,71.6847031613851,71.6847031613851,71.6847031613851,> e0 observado
Vega Baja,1985-1989,2,78.37255208308184,77.85241319293952,77.85241319293952,77.85241319293952,< e0 observado
Vega Baja,1990-1994,1,69.34239102427848,69.27691586031702,69.27691586031702,69.27691586031702,< e0 observado
Vega Baja,1990-1994,2,79.817128530258,77.89326278505031,77.89326278505031,77.89326278505031,< e0 observado
Vega Baja,1995-1999,1,69.80129928554581,70.51905911338254,70.51905911338254,70.51905911338254,> e0 observado
Vega Baja,1995-1999,2,78.73855584436625,77.64298514613202,77.64298514613202,77.64298514613202,< e0 observado
Vega Baja,2000-2004,1,71.71281396652603,72.51361765769728,72.51361765769728,72.51361765769728,> e0 observado
Vega Baja,2000-2004,2,80.83940501884719,79.53930948888949,79.53930948888949,79.53930948888949,< e0 observado
Vega Baja,2005-2009,1,73.49107576558887,74.32182902502025,74.32182902502025,74.32182902502025,> e0 observado
Vega Baja,2005-2009,2,81.56225378359265,80.82493859709305,80.82493859709305,80.82493859709305,< e0 observado
Vega Baja,2010-2014,1,75.67293352681041,75.92612086190755,75.92612086190755,75.92612086190755,> e0 observado
Vega Baja,2010-2014,2,82.83225536608914,82.12640163955251,82.12640163955251,82.12640163955251,< e0 observado
Vega Baja,2015-2019,1,77.17186219895375,77.63649851973906,77.63649851973906,77.63649851973906,> e0 observado
Vega Baja,2015-2019,2,85.55300741129905,84.19622941309409,84.19622941309409,84.19622941309409,< e0 observado
Vega Baja,2020-2024,1,76.1343018706242,76.6987904228871,76.6987904228871,76.6987904228871,> e0 observado
Vega Baja,2020-2024,2,85.01178406884422,84.22688816335356,84.22688816335356,84.22688816335356,< e0 observado
Vieques,1980-1984,1,68.44199950691872,69.40358177558939,69.40358177558939,69.40358177558939,> e0 observado
Vieques,1980-1984,2,79.82881030409467,76.02264860296174,76.02264860296174,76.02264860296174,< e0 observado
Vieques,1985-1989,1,68.91887213110078,70.28028149605385,70.28028149605385,70.28028149605385,> e0 observado
Vieques,1985-1989,2,76.64055553721266,76.82424161558957,76.82424161558957,76.82424161558957,> e0 observado
Vieques,1990-1994,1,70.56388701195755,72.84622057396481,72.84622057396481,72.84622057396481,> e0 observado
Vieques,1990-1994,2,75.61141239304688,74.42974560801285,74.42974560801285,74.42974560801285,< e0 observado
Vieques,1995-1999,1,67.1661520645474,70.65951769236686,70.65951769236686,70.65951769236686,> e0 observado
Vieques,1995-1999,2,77.66760098100364,76.03932968442182,76.03932968442182,76.03932968442182,< e0 observado
Vieques,2000-2004,1,71.06219249587082,73.2985039169734,73.2985039169734,73.2985039169734,> e0 observado
Vieques,2000-2004,2,79.94564055883934,76.63564777587419,76.63564777587419,76.63564777587419,< e0 observado
Vieques,2005-2009,1,71.86562241202773,75.00256873533955,75.00256873533955,75.00256873533955,> e0 observado
Vieques,2005-2009,2,82.1662176624026,79.52188650875148,79.52188650875148,79.52188650875148,< e0 observado
Vieques,2010-2014,1,72.38693885614644,75.35617107099722,75.35617107099722,75.35617107099722,> e0 observado
Vieques,2010-2014,2,82.20083674525317,80.97308444665856,80.97308444665856,80.97308444665856,< e0 observado
Vieques,2015-2019,1,75.48771486205818,81.31018112598667,81.31018112598667,81.31018112598667,> e0 observado
Vieques,2015-2019,2,85.60400958844578,83.79725362195084,83.79725362195084,83.79725362195084,< e0 observado
Vieques,2020-2024,1,70.30670126441383,77.46800151203426,77.46800151203426,77.46800151203426,> e0 observado
Vieques,2020-2024,2,82.77316856062777,82.62098608390892,82.62098608390892,82.62098608390892,< e0 observado
Villalba,1980-1984,1,71.31481633801816,71.63740776981247,71.63740776981247,71.63740776981247,> e0 observado
Villalba,1980-1984,2,77.35744616187003,76.1465541520765,76.1465541520765,76.1465541520765,< e0 observado
Villalba,1985-1989,1,70.6812298941124,71.8939893582293,71.8939893582293,71.8939893582293,> e0 observado
Villalba,1985-1989,2,78.13907330956457,77.1102468774799,77.1102468774799,77.1102468774799,< e0 observado
Villalba,1990-1994,1,72.3498469286644,72.52889848782121,72.52889848782121,72.52889848782121,> e0 observado
Villalba,1990-1994,2,79.32972359168376,77.33081395325351,77.33081395325351,77.33081395325351,< e0 observado
Villalba,1995-1999,1,74.12665072351581,75.13075611334418,75.13075611334418,75.13075611334418,> e0 observado
Villalba,1995-1999,2,79.94095261032773,78.6312200931575,78.6312200931575,78.6312200931575,< e0 observado
Villalba,2000-2004,1,75.24588138203707,75.85613317707785,75.85613317707785,75.85613317707785,> e0 observado
Villalba,2000-2004,2,81.24189158745828,80.51807367069935,80.51807367069935,80.51807367069935,< e0 observado
Villalba,2005-2009,1,75.22194783512565,75.87707419721188,75.87707419721188,75.87707419721188,> e0 observado
Villalba,2005-2009,2,82.367985821704,79.79182993955578,79.79182993955578,79.79182993955578,< e0 observado
Villalba,2010-2014,1,77.8383761040004,77.79527068746208,77.79527068746208,77.79527068746208,< e0 observado
Villalba,2010-2014,2,82.38109633625453,81.93776839073699,81.93776839073699,81.93776839073699,< e0 observado
Villalba,2015-2019,1,77.83504649286682,79.35902539459168,79.35902539459168,79.35902539459168,> e0 observado
Villalba,2015-2019,2,84.05820533092681,83.45225074604362,83.45225074604362,83.45225074604362,< e0 observado
Villalba,2020-2024,1,77.24232552482839,78.98334325161015,78.98334325161015,78.98334325161015,> e0 observado
Villalba,2020-2024,2,85.36972299365041,83.87703923973199,83.87703923973199,83.87703923973199,< e0 observado
Yabucoa,1980-1984,1,71.13885114874819,71.71277747774083,71.71277747774083,71.71277747774083,> e0 observado
Yabucoa,1980-1984,2,77.69784172893796,75.93925455064932,75.93925455064932,75.93925455064932,< e0 observado
Yabucoa,1985-1989,1,71.6497165141789,72.4623842414066,72.4623842414066,72.4623842414066,> e0 observado
Yabucoa,1985-1989,2,78.71247157491743,76.16074297014654,76.16074297014654,76.16074297014654,< e0 observado
Yabucoa,1990-1994,1,72.18368470754862,73.10328289213128,73.10328289213128,73.10328289213128,> e0 observado
Yabucoa,1990-1994,2,78.65582186258791,78.664092204613,78.664092204613,78.664092204613,> e0 observado
Yabucoa,1995-1999,1,70.61759581589234,70.8483379356674,70.8483379356674,70.8483379356674,> e0 observado
Yabucoa,1995-1999,2,79.25053941807832,78.17098842924263,78.17098842924263,78.17098842924263,< e0 observado
Yabucoa,2000-2004,1,74.67500524731325,74.72065796529411,74.72065796529411,74.72065796529411,> e0 observado
Yabucoa,2000-2004,2,81.74191284227646,80.86806502409485,80.86806502409485,80.86806502409485,< e0 observado
Yabucoa,2005-2009,1,74.52109913218256,75.40240112331628,75.40240112331628,75.40240112331628,> e0 observado
Yabucoa,2005-2009,2,83.07308125246723,81.66160425479207,81.66160425479207,81.66160425479207,< e0 observado
Yabucoa,2010-2014,1,75.57434879024864,75.90614951974395,75.90614951974395,75.90614951974395,> e0 observado
Yabucoa,2010-2014,2,82.0382545268585,81.9472532410268,81.9472532410268,81.9472532410268,< e0 observado
Yabucoa,2015-2019,1,77.58753133123862,78.85345733260813,78.85345733260813,78.85345733260813,> e0 observado
Yabucoa,2015-2019,2,86.1265699532434,85.59698102499459,85.59698102499459,85.59698102499459,< e0 observado
Yabucoa,2020-2024,1,75.78194920338815,77.45394221098925,77.45394221098925,77.45394221098925,> e0 observado
Yabucoa,2020-2024,2,85.25611674355481,83.60007431259089,83.60007431259089,83.60007431259089,< e0 observado
Yauco,1980-1984,1,71.51456720078431,71.6751373210335,71.6751373210335,71.6751373210335,> e0 observado
Yauco,1980-1984,2,77.4589640282646,77.880843140173,77.880843140173,77.880843140173,> e0 observado
Yauco,1985-1989,1,69.95040254168732,70.07997506109636,70.07997506109636,70.07997506109636,> e0 observado
Yauco,1985-1989,2,77.60208552265917,76.66313898311094,76.66313898311094,76.66313898311094,< e0 observado
Yauco,1990-1994,1,71.7335324052013,72.17024807086337,72.17024807086337,72.17024807086337,> e0 observado
Yauco,1990-1994,2,78.49054698828598,77.6353048270015,77.6353048270015,77.6353048270015,< e0 observado
Yauco,1995-1999,1,72.03051290197796,72.00810693419696,72.00810693419696,72.00810693419696,< e0 observado
Yauco,1995-1999,2,79.29391771380651,78.37736331072126,78.37736331072126,78.37736331072126,< e0 observado
Yauco,2000-2004,1,72.97803149863371,74.04586017929311,74.04586017929311,74.04586017929311,> e0 observado
Yauco,2000-2004,2,79.24854846213276,79.13943717886946,79.13943717886946,79.13943717886946,< e0 observado
Yauco,2005-2009,1,73.24138587908658,73.78727608918291,73.78727608918291,73.78727608918291,> e0 observado
Yauco,2005-2009,2,80.5594161821005,79.77435633131994,79.77435633131994,79.77435633131994,< e0 observado
Yauco,2010-2014,1,75.57887719653512,76.13688490026654,76.13688490026654,76.13688490026654,> e0 observado
Yauco,2010-2014,2,81.76032266455593,80.8166579263278,80.8166579263278,80.8166579263278,< e0 observado
Yauco,2015-2019,1,77.43223226793361,78.17492163165618,78.17492163165618,78.17492163165618,> e0 observado
Yauco,2015-2019,2,82.51620418595085,82.36441142749159,82.36441142749159,82.36441142749159,< e0 observado
Yauco,2020-2024,1,75.94482006846164,77.17860288556903,77.17860288556903,77.17860288556903,> e0 observado
Yauco,2020-2024,2,83.86986937855978,81.98323168105897,81.98323168105897,81.98323168105897,< e0 observado
