region,period,sex,e0_observado,e0_estimado,e0_lower,e0_upper,est_eval
Adjuntas,1980-1984,1,72.54189508802463,72.1656151561734,71.24788471674862,73.26314221761095,Estimación adecuada
Adjuntas,1980-1984,2,78.96516925394144,78.96119566220209,77.5784909308449,80.49288213491451,Estimación adecuada
Adjuntas,1985-1989,1,70.84999061728885,71.62128220530806,70.27006914222255,72.82497428891773,Estimación adecuada
Adjuntas,1985-1989,2,78.97855761762072,79.0893363547747,77.83967106164584,80.31047116534177,Estimación adecuada
Adjuntas,1990-1994,1,71.49310954038985,71.46717653496566,70.32065485720918,72.45806394700665,Estimación adecuada
Adjuntas,1990-1994,2,77.88047658335911,78.40234015490648,77.295203275787145,79.67878301197038,Estimación adecuada
Adjuntas,1995-1999,1,71.91080703113897,72.06922460861352,70.68278640337996,73.1396174638783,Estimación adecuada
Adjuntas,1995-1999,2,78.53770419818306,78.93177515495515,77.77225943831826,79.95768847273365,Estimación adecuada
Adjuntas,2000-2004,1,74.0807006063416,73.89770502088626,72.93017595028198,75.17890690595074,Estimación adecuada
Adjuntas,2000-2004,2,79.50851081175084,80.01896258610921,78.86270615437118,81.10021391158742,Estimación adecuada
Adjuntas,2005-2009,1,77.13413877724005,75.87376690060111,75.0035809683279,77.49051290541186,Estimación adecuada
Adjuntas,2005-2009,2,82.23262377887984,82.11499134755982,80.99456121110843,83.42107791147077,Estimación adecuada
Adjuntas,2010-2014,1,78.0170892039493,76.90406400992417,75.94173284258369,78.07682918661841,Estimación adecuada
Adjuntas,2010-2014,2,84.37542750420445,83.50615577448299,82.11428816303086,85.83788050921461,Estimación adecuada
Adjuntas,2015-2019,1,80.07122326396828,79.45913054758515,78.18289344011039,80.88113350702614,Estimación adecuada
Adjuntas,2015-2019,2,84.75780508868199,84.99795764745383,83.49930253680422,86.6946177544992,Estimación adecuada
Adjuntas,2020-2024,1,80.09050176489524,79.19317627996455,77.87911358872256,80.66322474569986,Estimación adecuada
Adjuntas,2020-2024,2,87.03883394524668,86.21184261165595,84.45562976291922,88.25396084297854,Estimación adecuada
Aguada,1980-1984,1,73.2175687853255,73.02439752489744,71.72184396568102,73.97755153628009,Estimación adecuada
Aguada,1980-1984,2,76.66307974738103,77.60476817944577,76.3751669005673,78.88382863709072,Estimación adecuada
Aguada,1985-1989,1,73.21396709192831,73.08086874108139,71.84812733363475,74.0144522712803,Estimación adecuada
Aguada,1985-1989,2,77.70261010174512,77.79405684926652,76.96398903509586,78.90952645951324,Estimación adecuada
Aguada,1990-1994,1,73.47166304966473,72.91088604067102,71.84456851445137,73.96824509116747,Estimación adecuada
Aguada,1990-1994,2,79.56472305278581,79.43252670671535,78.17511801169077,80.69856512897142,Estimación adecuada
Aguada,1995-1999,1,72.96139718811193,72.63181480888503,71.631884599732,73.58187795287094,Estimación adecuada
Aguada,1995-1999,2,78.42598214583917,78.67207524858753,77.72847277670871,79.50640756439134,Estimación adecuada
Aguada,2000-2004,1,75.7731265619719,75.19037904637739,74.38103384493533,76.36471555484789,Estimación adecuada
Aguada,2000-2004,2,80.35987918975404,80.37366551313164,79.40500342861186,81.37824158673509,Estimación adecuada
Aguada,2005-2009,1,77.6139364553716,76.67131770843982,75.62664120671683,77.54249116178534,< e0 observado
Aguada,2005-2009,2,81.487501570255,81.26989461487003,80.44166411519916,82.78783735162722,Estimación adecuada
Aguada,2010-2014,1,77.3081065450094,76.99959685269141,76.13620664872813,77.95125329511313,Estimación adecuada
Aguada,2010-2014,2,83.93649978812951,83.33445139399348,82.3446955507807,84.60340209336206,Estimación adecuada
Aguada,2015-2019,1,80.17632385200217,79.08212953304024,78.156300928534307,80.42669132384881,Estimación adecuada
Aguada,2015-2019,2,84.88514363026218,84.71153239046598,83.78493972303852,86.16731405483188,Estimación adecuada
Aguada,2020-2024,1,78.78968559483442,78.17623279903921,77.30349922103784,79.12991268199482,Estimación adecuada
Aguada,2020-2024,2,83.87729580688905,84.00765189663551,83.15421005061782,85.20489165299283,Estimación adecuada
Aguadilla,1980-1984,1,71.00678071372081,71.14028621298712,70.19234999933099,71.8620037824571,Estimación adecuada
Aguadilla,1980-1984,2,77.48535658677463,77.24807858072461,76.30739722774396,78.25403820233826,Estimación adecuada
Aguadilla,1985-1989,1,70.58561267446154,70.6588840220245,69.8004672093108,71.39383637181055,Estimación adecuada
Aguadilla,1985-1989,2,77.65780206154783,77.43613613566103,76.74343476516684,78.24232943425056,Estimación adecuada
Aguadilla,1990-1994,1,70.88482346377512,70.77417018270637,70.09209127875144,71.49930086693105,Estimación adecuada
Aguadilla,1990-1994,2,77.99785568547416,77.76974881433384,77.08593888094272,78.74611220254987,Estimación adecuada
Aguadilla,1995-1999,1,70.78010378855268,70.79721781002765,70.02833870526413,71.50311713387794,Estimación adecuada
Aguadilla,1995-1999,2,78.16686736979354,78.01296100794988,77.06529908866638,78.65484794113993,Estimación adecuada
Aguadilla,2000-2004,1,73.78276571753028,73.31736722099885,72.65180425717463,73.93207367794321,Estimación adecuada
Aguadilla,2000-2004,2,80.45198774138778,79.99642344216191,79.20796848325926,80.74175248276323,Estimación adecuada
Aguadilla,2005-2009,1,74.34368140644376,74.0618510502665,73.37510751705655,74.761930670664,Estimación adecuada
Aguadilla,2005-2009,2,81.18616231865005,80.7174932391282,79.84164539799443,81.417479002194,Estimación adecuada
Aguadilla,2010-2014,1,76.10575530196566,75.62511935814996,74.92933745496785,76.44036917974294,Estimación adecuada
Aguadilla,2010-2014,2,81.66758711742574,81.59869708676527,80.93600038936947,82.32076259329693,Estimación adecuada
Aguadilla,2015-2019,1,77.5014617746831,77.01484376702868,76.31037510090931,77.77001863669474,Estimación adecuada
Aguadilla,2015-2019,2,82.99395073109925,83.39238616354798,82.64582294198553,84.28782142621878,Estimación adecuada
Aguadilla,2020-2024,1,76.52156602867669,76.53531821431402,75.93212661941168,77.29350990786146,Estimación adecuada
Aguadilla,2020-2024,2,83.20736033493193,83.30101158044897,82.50746328699795,84.14005533537,Estimación adecuada
Aguas Buenas,1980-1984,1,70.9060601893331,71.60562284184539,70.495932503257,72.86321629154446,Estimación adecuada
Aguas Buenas,1980-1984,2,79.20230439846388,78.791916781327,77.57481600850522,79.87087282234867,Estimación adecuada
Aguas Buenas,1985-1989,1,71.73217429810381,72.07790712838288,71.06940895587178,73.16929543485375,Estimación adecuada
Aguas Buenas,1985-1989,2,78.66666240443578,78.82781059390457,77.61843149682673,80.45358075802798,Estimación adecuada
Aguas Buenas,1990-1994,1,71.9040754109389,71.8382899033647,71.07566481762765,73.06664999677767,Estimación adecuada
Aguas Buenas,1990-1994,2,82.01930667891538,80.72929667486846,79.50674795134086,82.691538754933,Estimación adecuada
Aguas Buenas,1995-1999,1,72.03242058667273,72.21623859281587,71.00463051466377,73.17177420573103,Estimación adecuada
Aguas Buenas,1995-1999,2,79.29741471606215,79.08489087667812,78.11512286812584,80.36991369870282,Estimación adecuada
Aguas Buenas,2000-2004,1,74.50847723417229,74.50767689739487,73.25311452306536,75.72333828297542,Estimación adecuada
Aguas Buenas,2000-2004,2,81.53307661620572,81.42517356633924,80.07080538633414,82.68387249638293,Estimación adecuada
Aguas Buenas,2005-2009,1,74.76751879253902,75.10116839899271,74.12328579591676,76.35922140481455,Estimación adecuada
Aguas Buenas,2005-2009,2,83.74825554704383,83.48857007346845,82.29416904919434,85.36977031604425,Estimación adecuada
Aguas Buenas,2010-2014,1,77.07874986678003,77.53964017009918,76.4088344999423,78.718915397207,Estimación adecuada
Aguas Buenas,2010-2014,2,83.69043751017024,83.80715986780007,82.51983958175202,85.16509074851514,Estimación adecuada
Aguas Buenas,2015-2019,1,77.12363910638715,77.99917832551508,76.84165893131585,79.34686706892022,Estimación adecuada
Aguas Buenas,2015-2019,2,86.87058779798109,85.9860461863586,84.62732534222218,87.98394606714876,Estimación adecuada
Aguas Buenas,2020-2024,1,77.71291412855061,78.19247103362939,77.06294184962486,79.2779903006968,Estimación adecuada
Aguas Buenas,2020-2024,2,86.01372227536957,85.46837930994153,84.31478765227493,86.75894232843868,Estimación adecuada
Aibonito,1980-1984,1,71.20727896829324,71.63824482605716,70.62766626940623,72.98499513112277,Estimación adecuada
Aibonito,1980-1984,2,78.10148160174786,78.16303034895179,77.22775387891001,79.264715191709,Estimación adecuada
Aibonito,1985-1989,1,70.93804632594708,71.44307815544778,70.1609582860786,72.42531056171924,Estimación adecuada
Aibonito,1985-1989,2,79.48839408130232,79.07138630104606,77.9773883728249,80.50060908556524,Estimación adecuada
Aibonito,1990-1994,1,72.7988506012683,72.3917295659754,71.31366677596317,73.42727951489661,Estimación adecuada
Aibonito,1990-1994,2,79.2040372973333,79.07722682727834,77.66250645354225,80.1784251740212,Estimación adecuada
Aibonito,1995-1999,1,72.77760443633895,72.42323663953857,71.38302705457363,73.6115950479651,Estimación adecuada
Aibonito,1995-1999,2,79.65397963842348,79.60581162458841,78.45349135093458,80.65353117817583,Estimación adecuada
Aibonito,2000-2004,1,74.39460579414155,74.105469895228,73.05407726845343,75.07159921731392,Estimación adecuada
Aibonito,2000-2004,2,80.67825254541816,80.77484291687642,79.64423180234749,81.79658841352784,Estimación adecuada
Aibonito,2005-2009,1,74.88960349978896,75.1030456377793,73.98993727249626,75.9996204720974,Estimación adecuada
Aibonito,2005-2009,2,81.30587533973025,81.29475533408439,80.20017382969273,82.28663261845242,Estimación adecuada
Aibonito,2010-2014,1,74.15371449624436,75.43219810646099,74.53624929427184,76.61090194337092,> e0 observado
Aibonito,2010-2014,2,82.83346667872438,82.87234281291072,81.99073266562846,84.22834670205359,Estimación adecuada
Aibonito,2015-2019,1,77.00855644451337,77.72573817771415,76.51395873614263,78.69680502229039,Estimación adecuada
Aibonito,2015-2019,2,83.92589167839914,84.32799289521944,83.16738585102527,85.55480012595655,Estimación adecuada
Aibonito,2020-2024,1,79.62044145372404,79.19252110163303,77.81734781686436,80.25095921848063,Estimación adecuada
Aibonito,2020-2024,2,85.54801976071055,85.5265680153195,84.35588600255477,86.81561974803182,Estimación adecuada
Anasco,1980-1984,1,72.01460523472085,71.80756054437325,70.73847313656537,72.61740911230677,Estimación adecuada
Anasco,1980-1984,2,76.47877169471658,76.95736589114708,75.58401557185746,78.37487454136995,Estimación adecuada
Anasco,1985-1989,1,71.42888891874672,71.3216225938742,70.61910247704799,72.55006695696498,Estimación adecuada
Anasco,1985-1989,2,76.49626365968555,77.15809552482075,76.00003645798431,78.44845438221972,Estimación adecuada
Anasco,1990-1994,1,70.05228247802772,70.56303879282764,69.5967535401225,71.65393431036378,Estimación adecuada
Anasco,1990-1994,2,77.19464732684078,77.55044554904158,76.6975068823617,78.91734718384343,Estimación adecuada
Anasco,1995-1999,1,71.8503650088804,71.3585468834282,70.38219237942485,72.27583975430915,Estimación adecuada
Anasco,1995-1999,2,77.85360337047756,77.82214460609137,76.97132147915381,79.09197540438497,Estimación adecuada
Anasco,2000-2004,1,74.35938543935956,73.90262527455837,73.00917231604703,74.70200453599861,Estimación adecuada
Anasco,2000-2004,2,80.6361937434096,80.28566072393292,79.1283314899565,81.64145422371041,Estimación adecuada
Anasco,2005-2009,1,76.96481061689505,75.88042645277432,74.76991659817969,76.95642926701481,< e0 observado
Anasco,2005-2009,2,82.18483587125668,81.76915436280845,80.51594723992847,82.89606560996113,Estimación adecuada
Anasco,2010-2014,1,76.38264162433823,76.02222759938975,75.03859973660201,77.15779382316677,Estimación adecuada
Anasco,2010-2014,2,83.0792504741019,82.84992436116164,81.49606482480894,84.3308649357464,Estimación adecuada
Anasco,2015-2019,1,78.19758272547156,77.7221263887455,76.65973278127643,79.19735524153563,Estimación adecuada
Anasco,2015-2019,2,85.54315717152748,84.81832531923266,83.66107308568908,86.37531517613264,Estimación adecuada
Anasco,2020-2024,1,77.16064670152906,77.4291113575388,76.24057975248968,78.55421257837348,Estimación adecuada
Anasco,2020-2024,2,83.21756305986028,84.18739286718426,83.12293181600992,85.20255247386062,Estimación adecuada
Arecibo,1980-1984,1,70.94822313738123,70.99629958304733,70.34002954650197,71.5967053840447,Estimación adecuada
Arecibo,1980-1984,2,77.54900544750468,77.24579820748794,76.59030995407952,77.99683346918331,Estimación adecuada
Arecibo,1985-1989,1,70.27186805457086,70.34727104105843,69.89022198631642,71.02309045667496,Estimación adecuada
Arecibo,1985-1989,2,77.07511338664264,77.14384863618203,76.51463236849634,77.70467608161644,Estimación adecuada
Arecibo,1990-1994,1,70.7566402122555,70.75933968402808,70.09071305675937,71.33260915587701,Estimación adecuada
Arecibo,1990-1994,2,77.82525476262934,77.86864290630368,77.33615885431738,78.54403582399395,Estimación adecuada
Arecibo,1995-1999,1,70.42422951948053,70.49012907620964,69.84206636722064,71.04929936881334,Estimación adecuada
Arecibo,1995-1999,2,77.67805190763367,77.655387128469755,77.17390626801819,78.22254073958979,Estimación adecuada
Arecibo,2000-2004,1,73.58677734329173,73.2671521184134,72.53432143980865,73.80841710378347,Estimación adecuada
Arecibo,2000-2004,2,80.17723082421405,79.87520124013848,79.34004189747463,80.45132623138532,Estimación adecuada
Arecibo,2005-2009,1,73.79746978285581,73.8214036534579,73.24350497775984,74.4219214689884,Estimación adecuada
Arecibo,2005-2009,2,80.99120726198103,80.59623719088752,80.05141906347292,81.17769432076412,Estimación adecuada
Arecibo,2010-2014,1,75.7499952369095,75.64387281153921,74.97045273695133,76.19581164411329,Estimación adecuada
Arecibo,2010-2014,2,81.99729917976788,81.66027996419302,80.95013071335356,82.30163936796365,Estimación adecuada
Arecibo,2015-2019,1,77.47760291858165,77.27781350494459,76.75871201663605,77.91649690898032,Estimación adecuada
Arecibo,2015-2019,2,84.62096334942434,84.28062848253626,83.37237823651958,85.0616724410524,Estimación adecuada
Arecibo,2020-2024,1,77.03404417797987,76.85675258497628,76.17845580851494,77.53946999332312,Estimación adecuada
Arecibo,2020-2024,2,83.99392652816302,83.78396226616691,83.04015426059176,84.33983226877736,Estimación adecuada
Arroyo,1980-1984,1,69.26197243419952,69.88913554467406,68.63631228306083,70.99074081960626,Estimación adecuada
Arroyo,1980-1984,2,77.70227943996014,77.4608971844786,75.943152426571,78.69313244697817,Estimación adecuada
Arroyo,1985-1989,1,69.06544938666637,69.52521404917223,68.40181870836699,70.62510074387387,Estimación adecuada
Arroyo,1985-1989,2,76.53547803214356,76.66283888584749,75.44241528009726,77.8804397839774,Estimación adecuada
Arroyo,1990-1994,1,69.467701272295,69.7760162039558,68.59821545433176,71.05443584969393,Estimación adecuada
Arroyo,1990-1994,2,79.1638940521351,78.35426475488869,77.11158569672574,79.52353985171862,Estimación adecuada
Arroyo,1995-1999,1,69.35840651861476,69.93118239411794,69.00176742407356,71.01140453477325,Estimación adecuada
Arroyo,1995-1999,2,77.98473955428868,77.46192844632279,76.55668986210515,78.70053897079322,Estimación adecuada
Arroyo,2000-2004,1,72.46263355278661,72.44659506400774,71.45716815352048,74.02837957002083,Estimación adecuada
Arroyo,2000-2004,2,79.49462438506767,79.5761530876223,78.36186763180422,80.73581034946933,Estimación adecuada
Arroyo,2005-2009,1,73.52924324703847,73.58054266330834,72.52609102870554,74.76000548411776,Estimación adecuada
Arroyo,2005-2009,2,81.55925566302211,80.91280254068201,79.95863226051316,82.62483664327274,Estimación adecuada
Arroyo,2010-2014,1,73.74855783813933,74.18560683864592,72.88195331427372,75.1906001715009,Estimación adecuada
Arroyo,2010-2014,2,82.70095569618667,82.12169358702532,80.78091616349823,83.39382573417524,Estimación adecuada
Arroyo,2015-2019,1,74.8566557237882,76.20668724413287,75.13473382756436,77.53245709973882,> e0 observado
Arroyo,2015-2019,2,83.0866067343545,83.45964001220023,82.217412304835,85.01771828467831,Estimación adecuada
Arroyo,2020-2024,1,77.15040742709186,76.96140329098034,75.5103045728851,78.03378495268053,Estimación adecuada
Arroyo,2020-2024,2,82.07042233229612,83.06575999014888,81.60105953276715,84.33895228800847,Estimación adecuada
Barceloneta,1980-1984,1,69.54208697130086,70.6207105179353,69.44469462082455,71.72531452881579,Estimación adecuada
Barceloneta,1980-1984,2,77.15945709054438,77.39036872391762,76.02348446835146,78.89121442252605,Estimación adecuada
Barceloneta,1985-1989,1,72.20256138308129,71.97054957099664,70.6979944417587,73.29542328140212,Estimación adecuada
Barceloneta,1985-1989,2,78.86869640220178,78.58837512698656,77.37054161863014,79.91402802639179,Estimación adecuada
Barceloneta,1990-1994,1,71.82801102859922,71.22386673134253,70.08668191347695,72.23821862366421,Estimación adecuada
Barceloneta,1990-1994,2,79.79778456534827,79.6045615936799,78.36082867040736,81.31092670647719,Estimación adecuada
Barceloneta,1995-1999,1,69.62763398284126,70.46145579625266,69.76073021389767,71.38799688471757,> e0 observado
Barceloneta,1995-1999,2,78.30155980616671,78.49314681775846,77.52303434634561,79.85209434569003,Estimación adecuada
Barceloneta,2000-2004,1,74.25217285421826,73.52764180689692,72.47500375486669,74.73709221636157,Estimación adecuada
Barceloneta,2000-2004,2,80.98566728548113,80.35300207398429,79.30673515608889,81.73788737672999,Estimación adecuada
Barceloneta,2005-2009,1,75.14771749617947,74.810879281518325,73.75230730812062,75.82269496662454,Estimación adecuada
Barceloneta,2005-2009,2,83.11601404161499,82.48587259035594,81.17054916282243,84.08299188794653,Estimación adecuada
Barceloneta,2010-2014,1,75.38250616989667,75.53105684263343,74.47621254854803,76.48948658385794,Estimación adecuada
Barceloneta,2010-2014,2,83.08358460781069,82.91175463511505,81.33045500435938,84.32044537539394,Estimación adecuada
Barceloneta,2015-2019,1,79.11645760546239,78.00855304164406,76.49676731798601,78.85193183635515,< e0 observado
Barceloneta,2015-2019,2,85.56404930901091,84.92982633333355,83.53241016664069,86.54015760127106,Estimación adecuada
Barceloneta,2020-2024,1,75.82195956003592,76.07835809591276,74.966844919869,76.98155001702207,Estimación adecuada
Barceloneta,2020-2024,2,84.21378427386206,84.42030235959416,83.12633396639453,85.77710373469478,Estimación adecuada
Barranquitas,1980-1984,1,71.33876197975141,71.55427904488083,70.22491711506359,72.79833556402514,Estimación adecuada
Barranquitas,1980-1984,2,77.30531169649653,77.76208224159109,76.56959584939577,78.89146217278616,Estimación adecuada
Barranquitas,1985-1989,1,71.51414892357278,71.56274165374069,70.26915196770122,72.79491436443371,Estimación adecuada
Barranquitas,1985-1989,2,77.76964050663393,78.16324564747003,77.14215226208265,79.30805842382819,Estimación adecuada
Barranquitas,1990-1994,1,70.61622752203239,71.0972049656814,69.999696266532,72.21398165331502,Estimación adecuada
Barranquitas,1990-1994,2,80.19038720696513,79.58052026200687,78.3465239777552,81.19012657162916,Estimación adecuada
Barranquitas,1995-1999,1,71.30535167741402,71.00654000120204,69.97446740765596,71.89731068370014,Estimación adecuada
Barranquitas,1995-1999,2,77.36809189145215,77.9761807785294,76.90191200966854,79.22000274418708,Estimación adecuada
Barranquitas,2000-2004,1,73.94139576064687,73.78441617950227,72.9221042491859,75.05702666074068,Estimación adecuada
Barranquitas,2000-2004,2,80.92303201880848,80.95210275939066,79.67353186764618,82.79019606890188,Estimación adecuada
Barranquitas,2005-2009,1,75.7544247310515,75.32999993241263,74.33974019879916,76.56987967141697,Estimación adecuada
Barranquitas,2005-2009,2,83.34321773527964,82.91440990196261,81.70482626669988,84.46590210345207,Estimación adecuada
Barranquitas,2010-2014,1,75.82434696179858,75.76517896371212,74.89840098994412,76.78891187613657,Estimación adecuada
Barranquitas,2010-2014,2,83.19916348644448,83.11874454010822,81.87116728020996,84.52566789937991,Estimación adecuada
Barranquitas,2015-2019,1,78.70088384920705,78.27022601994142,77.1945157976073,79.32928619032512,Estimación adecuada
Barranquitas,2015-2019,2,86.1569793140704,85.90862821896087,84.45068785405293,87.25113069125874,Estimación adecuada
Barranquitas,2020-2024,1,77.70140580259377,77.87411574535733,76.83310777075953,78.97615909143565,Estimación adecuada
Barranquitas,2020-2024,2,85.89659093832063,85.88513303329049,84.23567310589839,87.35170723468448,Estimación adecuada
Bayamon,1980-1984,1,72.04514701418194,71.99735770040188,71.44660544694105,72.45849939318353,Estimación adecuada
Bayamon,1980-1984,2,78.18054324807127,77.97635065218104,77.4593503638001,78.47570152599275,Estimación adecuada
Bayamon,1985-1989,1,71.5983747916107,71.60285690635412,71.01536772128827,72.07612356264286,Estimación adecuada
Bayamon,1985-1989,2,79.53402783138928,79.29162514002769,78.84261106899413,79.78299852979099,Estimación adecuada
Bayamon,1990-1994,1,69.4013098024391,69.6636309866239,69.17915820367753,70.08188607864432,Estimación adecuada
Bayamon,1990-1994,2,79.99809814237119,79.93531111743734,79.39735898538062,80.33859849883251,Estimación adecuada
Bayamon,1995-1999,1,70.77177966925491,70.95146033687607,70.48907045068779,71.54931364656207,Estimación adecuada
Bayamon,1995-1999,2,79.73301230251936,79.6738663282907,79.22089570350869,80.12688230476434,Estimación adecuada
Bayamon,2000-2004,1,73.5738231086305,73.69640508573816,73.12396462862738,74.05457942324708,Estimación adecuada
Bayamon,2000-2004,2,81.70891995330638,81.65646398038646,80.94214065806352,82.05812594238427,Estimación adecuada
Bayamon,2005-2009,1,74.78989094750837,74.85406974223002,74.34907515023426,75.2689204562185,Estimación adecuada
Bayamon,2005-2009,2,82.81400991090649,82.72382171657051,82.1659830125426,83.12833398972765,Estimación adecuada
Bayamon,2010-2014,1,76.39050901350164,76.32798309756718,75.95014047489362,76.6775294833168,Estimación adecuada
Bayamon,2010-2014,2,84.21195413174073,84.02907691237448,83.5079634230724,84.54470187793729,Estimación adecuada
Bayamon,2015-2019,1,77.4241342974101,77.59440452245435,77.04060106183195,78.05729794890738,Estimación adecuada
Bayamon,2015-2019,2,85.53635487807954,85.24268130634084,84.5364970537458,85.92831970215818,Estimación adecuada
Bayamon,2020-2024,1,76.28240347769595,76.36550377271686,75.88932416783612,76.90774775650445,Estimación adecuada
Bayamon,2020-2024,2,85.66531677680673,85.51796667988627,84.92741499099051,86.12532809181914,Estimación adecuada
Cabo Rojo,1980-1984,1,72.39724763936692,72.60023405672825,71.70744742396505,73.61252905514894,Estimación adecuada
Cabo Rojo,1980-1984,2,77.54158683750231,77.4970911479328,76.63249342995282,78.57673648375697,Estimación adecuada
Cabo Rojo,1985-1989,1,73.0487252974488,73.00047122690826,72.08581048563994,73.92610938347369,Estimación adecuada
Cabo Rojo,1985-1989,2,79.23917112625598,78.8869632655668,78.06107002915437,79.88526053693718,Estimación adecuada
Cabo Rojo,1990-1994,1,72.97925410251543,72.80528306886863,72.02755937219507,73.58572213537182,Estimación adecuada
Cabo Rojo,1990-1994,2,80.55409901002385,80.11394373293885,79.13355484927155,81.11522616716408,Estimación adecuada
Cabo Rojo,1995-1999,1,72.48815364764029,72.53336868978079,71.7051202810155,73.18541610722316,Estimación adecuada
Cabo Rojo,1995-1999,2,79.89647697006733,79.71549511714952,78.6751172060174,80.51412690209412,Estimación adecuada
Cabo Rojo,2000-2004,1,75.02839226790125,74.80188027683963,73.98567624892192,75.71370061607047,Estimación adecuada
Cabo Rojo,2000-2004,2,82.11872847252751,81.75269981011465,80.67276625209168,82.76331968056687,Estimación adecuada
Cabo Rojo,2005-2009,1,76.84328880547318,76.31669254922289,75.52883601200566,77.03728713625111,Estimación adecuada
Cabo Rojo,2005-2009,2,82.7883495500848,82.37407174453566,81.63448507046488,83.13012066327926,Estimación adecuada
Cabo Rojo,2010-2014,1,75.75368420461353,76.12702672934289,75.3453575517714,77.00912938350324,Estimación adecuada
Cabo Rojo,2010-2014,2,83.42815115673008,83.73518543955015,82.72434073564321,84.61102841188752,Estimación adecuada
Cabo Rojo,2015-2019,1,79.78583423632398,79.39890888139334,78.50733823803677,80.44374898134683,Estimación adecuada
Cabo Rojo,2015-2019,2,84.21493107845924,84.35637995137384,83.68620638776744,85.18683530015728,Estimación adecuada
Cabo Rojo,2020-2024,1,79.36891590464816,79.33337411070187,78.67924021231252,80.12465763539925,Estimación adecuada
Cabo Rojo,2020-2024,2,84.78014352257735,84.69730460118765,83.75708197104899,85.67089455600777,Estimación adecuada
Caguas,1980-1984,1,71.72229204508375,71.74665715034953,71.0539818564531,72.47472692385762,Estimación adecuada
Caguas,1980-1984,2,78.48100883851102,78.28044723435802,77.47915646483726,78.92701356454212,Estimación adecuada
Caguas,1985-1989,1,70.39381171255258,70.45002995700398,69.9878619293527,71.11227448049613,Estimación adecuada
Caguas,1985-1989,2,79.24402800001288,79.05349700368852,78.37347338866766,79.69964902408965,Estimación adecuada
Caguas,1990-1994,1,68.8176451180551,69.17990270502365,68.4991263431613,69.7375775603565,Estimación adecuada
Caguas,1990-1994,2,78.64358444378482,78.61591865619785,77.95473276937864,79.134912101465,Estimación adecuada
Caguas,1995-1999,1,69.69055735609852,69.87515309113176,69.36524554399332,70.50622081095992,Estimación adecuada
Caguas,1995-1999,2,79.65612948337659,79.44610135404179,78.83634542218347,80.0517883562247,Estimación adecuada
Caguas,2000-2004,1,73.107794927577,73.27597633054583,72.80749027434166,73.83359200950076,Estimación adecuada
Caguas,2000-2004,2,81.16770684291535,80.94730325763294,80.39649627904726,81.60220043429396,Estimación adecuada
Caguas,2005-2009,1,74.70961206827913,74.72718946584541,74.16022546347408,75.28694940705765,Estimación adecuada
Caguas,2005-2009,2,83.1696138038651,83.03018688153256,82.23454844497763,83.67068556410393,Estimación adecuada
Caguas,2010-2014,1,74.58554015299133,74.89210053507873,74.41363754493653,75.45614342080125,Estimación adecuada
Caguas,2010-2014,2,83.90600489563008,83.75754506674039,83.24826326285557,84.26528274532876,Estimación adecuada
Caguas,2015-2019,1,77.12465328076702,77.28109496536163,76.60470127104512,78.0855966262969,Estimación adecuada
Caguas,2015-2019,2,84.81913360231934,84.65034964028757,84.08471269279454,85.30938284498802,Estimación adecuada
Caguas,2020-2024,1,76.29588342135226,76.41552730762436,75.8744931692076,76.87148403433336,Estimación adecuada
Caguas,2020-2024,2,84.58890329073994,84.46681409122786,83.90910104975399,85.33652108935576,Estimación adecuada
Camuy,1980-1984,1,72.00953497661486,72.08616243973087,71.09364375999434,73.184460344439,Estimación adecuada
Camuy,1980-1984,2,79.0481930632779,78.82878174778637,77.58747649032891,79.85389347648149,Estimación adecuada
Camuy,1985-1989,1,73.05563270338816,72.59044884536377,71.45010188334582,73.96131056448101,Estimación adecuada
Camuy,1985-1989,2,79.50251205629577,79.24064387758335,77.90174195727346,80.4979948880625,Estimación adecuada
Camuy,1990-1994,1,72.48592866320423,72.08055973032614,71.25288241521255,73.03308469190125,Estimación adecuada
Camuy,1990-1994,2,78.42074942707245,78.51787086890513,77.47598432171104,79.69635544583195,Estimación adecuada
Camuy,1995-1999,1,72.6730064081168,72.38539849794,71.30694409554485,73.14322565673476,Estimación adecuada
Camuy,1995-1999,2,81.15887534595899,80.46134102519223,79.57503462799028,81.70695829091036,Estimación adecuada
Camuy,2000-2004,1,75.51776152008142,74.72303086272419,73.71246922967981,75.84146686982788,Estimación adecuada
Camuy,2000-2004,2,81.38049051623702,80.89421544812825,80.02095210627803,82.1630103481543,Estimación adecuada
Camuy,2005-2009,1,76.01134322923592,75.48843080411933,74.72012192904663,76.3928920572977,Estimación adecuada
Camuy,2005-2009,2,83.37764861657536,82.7373596688071,81.4275683274283,84.0681445807371,Estimación adecuada
Camuy,2010-2014,1,77.47114401608678,76.47109807068082,75.38413638407164,77.30832209909616,< e0 observado
Camuy,2010-2014,2,83.52117698878536,83.18162686586129,81.93238735366413,84.29338556228416,Estimación adecuada
Camuy,2015-2019,1,78.31044325410552,78.20656318939666,77.06939199302785,79.19270086833566,Estimación adecuada
Camuy,2015-2019,2,85.3683244262729,85.0621602268426,83.99697597823581,86.37535188936806,Estimación adecuada
Camuy,2020-2024,1,78.26146309261183,77.87889852013313,76.98782775998758,78.87167662827144,Estimación adecuada
Camuy,2020-2024,2,85.47114665413858,85.34470248478675,84.24267075113687,87.00567721695359,Estimación adecuada
Canovanas,1980-1984,1,73.2999178869587,71.9197178417032,70.93721270698158,73.13151539565845,< e0 observado
Canovanas,1980-1984,2,80.06188590433086,78.6042655571221,77.1461848121613,80.16191398366462,Estimación adecuada
Canovanas,1985-1989,1,71.61537365310774,71.3174620612148,70.46263925704261,72.41353444387218,Estimación adecuada
Canovanas,1985-1989,2,78.2476656338885,77.75242002115925,76.84936639186769,78.94899634766247,Estimación adecuada
Canovanas,1990-1994,1,68.47857316458972,69.30903065979896,68.03731880256315,70.1384817761965,Estimación adecuada
Canovanas,1990-1994,2,78.32395417011651,78.15279144370618,77.32621028822746,79.29882531911791,Estimación adecuada
Canovanas,1995-1999,1,67.92417601162161,68.91931833130607,67.94093217893365,69.54132752436954,> e0 observado
Canovanas,1995-1999,2,77.19866982997894,77.25013736739231,76.29036283078602,78.1783025173477,Estimación adecuada
Canovanas,2000-2004,1,71.16133588099902,71.93616137520503,70.98422479204635,73.04010047504585,Estimación adecuada
Canovanas,2000-2004,2,79.89031657445086,79.9404316011973,78.84088285654931,80.81764920229003,Estimación adecuada
Canovanas,2005-2009,1,72.03527888088188,72.89553488796315,71.79078569949738,74.04254432668034,Estimación adecuada
Canovanas,2005-2009,2,82.20274877957495,81.89454099868061,80.94568745608406,82.9287535547771,Estimación adecuada
Canovanas,2010-2014,1,73.73163177655941,74.46868880849948,73.38905233374439,75.47764864121763,Estimación adecuada
Canovanas,2010-2014,2,82.38500533806449,82.01377412059173,80.72520078797407,82.8644379161984,Estimación adecuada
Canovanas,2015-2019,1,76.47578865798283,76.785681297183,76.10598360964843,77.56302311097474,Estimación adecuada
Canovanas,2015-2019,2,83.4705410867674,83.25099106219793,82.2840670350219,84.25079381699727,Estimación adecuada
Canovanas,2020-2024,1,75.27011547141527,75.51485258218776,74.66192944521873,76.13655716750807,Estimación adecuada
Canovanas,2020-2024,2,84.62181844092844,84.10335195105355,83.0615364507436,85.14677360340897,Estimación adecuada
Carolina,1980-1984,1,72.6794571065647,72.65462804471079,72.07626746934888,73.1938544280635,Estimación adecuada
Carolina,1980-1984,2,80.00245669766524,79.71813225042501,79.03718181038005,80.30601769316317,Estimación adecuada
Carolina,1985-1989,1,71.45905207579524,71.55396196061834,71.1034636638118,72.1783312498526,Estimación adecuada
Carolina,1985-1989,2,79.99533355118935,79.74240837110895,79.21761842264516,80.3449860777188,Estimación adecuada
Carolina,1990-1994,1,69.88961527032848,70.17692534150501,69.73415462952885,70.72956849049031,Estimación adecuada
Carolina,1990-1994,2,79.19273965392165,79.20574307698215,78.80535571898466,79.84981567034202,Estimación adecuada
Carolina,1995-1999,1,70.60394767924991,70.89072456340027,70.44513830437421,71.39212638398652,Estimación adecuada
Carolina,1995-1999,2,80.17066355341139,80.04354722930557,79.62711808105851,80.64596192953739,Estimación adecuada
Carolina,2000-2004,1,73.93076115352547,74.04374209231962,73.55592407672293,74.54946073802219,Estimación adecuada
Carolina,2000-2004,2,81.94990115891812,81.76559484798513,81.25251643876754,82.31753975643456,Estimación adecuada
Carolina,2005-2009,1,74.82294831043073,74.91346685013337,74.37868892155366,75.50953545732719,Estimación adecuada
Carolina,2005-2009,2,82.93347404417227,82.88236494519703,82.26974443960569,83.58484684034417,Estimación adecuada
Carolina,2010-2014,1,75.7216623224996,75.98650108776556,75.43059511202131,76.50227470900799,Estimación adecuada
Carolina,2010-2014,2,84.32702876051525,84.13535913137258,83.67119079590366,84.84654171548209,Estimación adecuada
Carolina,2015-2019,1,78.16150181754098,78.12391198833916,77.4862014376503,78.6880671112621,Estimación adecuada
Carolina,2015-2019,2,86.31301087441426,86.12113219592626,85.3802671647614,86.84053984009466,Estimación adecuada
Carolina,2020-2024,1,78.61601699181084,78.5924487255144,77.93948612703885,79.23054447968018,Estimación adecuada
Carolina,2020-2024,2,85.92480146843513,85.57635748995388,85.0094576812053,86.29235538759184,Estimación adecuada
Catano,1980-1984,1,64.71158204088911,66.13722010939887,65.1562920971207,67.14987524638124,> e0 observado
Catano,1980-1984,2,75.60330232750007,75.29661318596914,74.21735794475379,76.59070001510483,Estimación adecuada
Catano,1985-1989,1,65.74843366392102,66.86621200530797,65.6918829227881,68.03511100353697,Estimación adecuada
Catano,1985-1989,2,78.65957711284251,77.34787355721768,76.20328971701045,78.80127216361058,Estimación adecuada
Catano,1990-1994,1,63.551421617424765,65.18623145963068,63.940228436869084,66.35270637747031,> e0 observado
Catano,1990-1994,2,77.73013012436986,77.25225447776182,76.06025935250764,78.52453568566878,Estimación adecuada
Catano,1995-1999,1,64.95894376240564,66.2565311430609,65.12455338550302,67.27635164828104,> e0 observado
Catano,1995-1999,2,77.8017354936669,77.55029166889258,76.51848450114724,78.65300356029086,Estimación adecuada
Catano,2000-2004,1,69.54736006919788,70.43086680233495,69.35521674913116,71.43533548389888,Estimación adecuada
Catano,2000-2004,2,80.2420833723342,79.16723050187015,78.16734191091228,80.48646320385481,Estimación adecuada
Catano,2005-2009,1,70.0088463290445,70.99811001926625,69.61533230516022,72.09714868906067,Estimación adecuada
Catano,2005-2009,2,82.4846061988492,81.54579729033821,80.3119194860802,83.23372560823705,Estimación adecuada
Catano,2010-2014,1,73.04054164065786,73.35841666689745,72.1894658693327,74.50242033782524,Estimación adecuada
Catano,2010-2014,2,85.05347927327067,83.0148237642772,81.60453206366486,84.46724586823603,< e0 observado
Catano,2015-2019,1,73.65254048968006,74.53833839120037,73.26686656581475,75.72993459867466,Estimación adecuada
Catano,2015-2019,2,86.94579083490224,85.41905226132195,83.614805214721,87.76651556510163,Estimación adecuada
Catano,2020-2024,1,73.01737041087927,74.12486155734425,73.08119687491231,75.75351154284311,> e0 observado
Catano,2020-2024,2,86.0684794743231,84.79530979970099,83.53525949515404,86.70626396420872,Estimación adecuada
Cayey,1980-1984,1,71.32064492875627,71.008256914963,70.18869582449294,72.03964855699664,Estimación adecuada
Cayey,1980-1984,2,76.88437352747384,77.13598693381155,76.1359011129367,78.35114517174631,Estimación adecuada
Cayey,1985-1989,1,69.35200072016079,70.03278437401801,69.21749426458538,70.743147689885,Estimación adecuada
Cayey,1985-1989,2,78.24162311103663,78.15342568515194,77.04955147687951,79.12320771512631,Estimación adecuada
Cayey,1990-1994,1,69.27521430891126,69.88114450027507,68.97575288053899,70.75574214044703,Estimación adecuada
Cayey,1990-1994,2,78.16553833033852,78.35232482249171,77.5278132871436,79.15186635351515,Estimación adecuada
Cayey,1995-1999,1,70.01299547508536,70.59584814385755,69.85642619275751,71.31342347473603,Estimación adecuada
Cayey,1995-1999,2,78.87259018768239,78.91766158087219,77.91710077974705,79.90332713573147,Estimación adecuada
Cayey,2000-2004,1,73.68749999421473,73.78157134075678,72.98859281278058,74.59055150964929,Estimación adecuada
Cayey,2000-2004,2,81.22226473989993,80.63535563198869,79.71994338861386,81.3706630487038,Estimación adecuada
Cayey,2005-2009,1,73.99614368964569,74.53833655096513,73.59264703515343,75.41744346419688,Estimación adecuada
Cayey,2005-2009,2,82.1533699228688,81.83257914283944,80.83911341958027,82.680012293972,Estimación adecuada
Cayey,2010-2014,1,75.00610378038506,75.56720375259506,74.60751145147373,76.49430622307584,Estimación adecuada
Cayey,2010-2014,2,83.73637939950336,83.21221423090063,82.29526704146303,83.9585971789761,Estimación adecuada
Cayey,2015-2019,1,78.54670044615935,78.37653367301442,77.40321385551343,79.11516790609629,Estimación adecuada
Cayey,2015-2019,2,85.74693279734878,85.15599039336946,84.19868930942532,86.30327437753273,Estimación adecuada
Cayey,2020-2024,1,79.40962956727441,79.26011170873817,78.36809692966825,80.46377488201179,Estimación adecuada
Cayey,2020-2024,2,87.6006348574498,86.96068706540143,85.80982716902628,88.02873638550756,Estimación adecuada
Ceiba,1980-1984,1,72.14585176157938,71.58144810369298,70.19029261189633,72.98508349353244,Estimación adecuada
Ceiba,1980-1984,2,78.61104372786001,77.94286600158873,76.33556781787885,79.47723005391165,Estimación adecuada
Ceiba,1985-1989,1,70.6198183166503,70.70511874372036,69.49423362055495,71.87379214726123,Estimación adecuada
Ceiba,1985-1989,2,79.13415807152825,78.3619288871758,76.4068322721145,80.51316949204914,Estimación adecuada
Ceiba,1990-1994,1,71.00935671117365,70.78796517277638,69.55003247631431,72.2146534442696,Estimación adecuada
Ceiba,1990-1994,2,79.17042900270538,78.7987249243283,77.3978047303394,79.99324160581352,Estimación adecuada
Ceiba,1995-1999,1,72.51721647517238,71.67771593072416,70.34733738922598,72.55011091532091,Estimación adecuada
Ceiba,1995-1999,2,78.14728081414309,78.32455832478345,77.22460957416487,79.7946481097722,Estimación adecuada
Ceiba,2000-2004,1,74.86667065353893,73.54276248800808,72.3625868978788,74.62793393763913,< e0 observado
Ceiba,2000-2004,2,80.68427804057518,80.74627092166531,79.44387979173447,82.292487036312,Estimación adecuada
Ceiba,2005-2009,1,76.12252834869311,74.94902040450167,73.4614105189639,76.22696975969603,Estimación adecuada
Ceiba,2005-2009,2,82.7966883833198,82.23727962066855,80.73602901282713,84.42367174386607,Estimación adecuada
Ceiba,2010-2014,1,75.46412666889606,76.19199734785884,74.98587051501586,77.91472150711328,Estimación adecuada
Ceiba,2010-2014,2,81.41353267344712,82.3892551219281,80.58412111941206,84.57138081371693,Estimación adecuada
Ceiba,2015-2019,1,78.54557923356414,78.07518898723023,75.99989003300182,79.47847834655198,Estimación adecuada
Ceiba,2015-2019,2,86.20789836529356,85.6452037436319,83.61002522749871,87.5905795123644,Estimación adecuada
Ceiba,2020-2024,1,72.26101326760208,76.07785612891053,74.88007278682475,77.54491133889634,> e0 observado
Ceiba,2020-2024,2,81.87366447467527,84.00759332297397,82.37532443268552,85.55949217975514,> e0 observado
Ciales,1980-1984,1,73.3601690081269,72.69359962707303,71.41552260395781,73.86189084956965,Estimación adecuada
Ciales,1980-1984,2,79.08450788252533,78.89294915024702,77.69004295185715,79.99161547644454,Estimación adecuada
Ciales,1985-1989,1,73.80385799895002,72.98918515684827,71.80110959652274,74.42907670522523,Estimación adecuada
Ciales,1985-1989,2,79.25761748100682,79.00441709712418,77.28294879746039,81.08086769717826,Estimación adecuada
Ciales,1990-1994,1,72.25274862856378,72.18461945092173,71.28845869228242,73.13572827130477,Estimación adecuada
Ciales,1990-1994,2,79.82543814746265,79.57396078807801,78.14094805585052,80.92616085152395,Estimación adecuada
Ciales,1995-1999,1,71.42663286324974,71.88838909571076,70.7586158606995,73.03415665041888,Estimación adecuada
Ciales,1995-1999,2,79.238381112831,79.63932889620926,78.33630297617621,81.36510497012031,Estimación adecuada
Ciales,2000-2004,1,72.8877247015535,73.62688379888118,72.72049650692084,74.84621953780017,Estimación adecuada
Ciales,2000-2004,2,80.83769687356553,81.21916040833511,79.95133869171187,82.78371690446149,Estimación adecuada
Ciales,2005-2009,1,74.52536084511352,74.88641835252113,73.65087104240843,76.38272991093996,Estimación adecuada
Ciales,2005-2009,2,82.13836581268944,82.24733746262757,81.0534619138954,83.87395139130197,Estimación adecuada
Ciales,2010-2014,1,75.83944224399347,76.49281305132372,75.27904942370081,77.61070000072247,Estimación adecuada
Ciales,2010-2014,2,83.18525319463721,83.48352086437754,82.27881776721321,84.92822119168163,Estimación adecuada
Ciales,2015-2019,1,80.35963140996523,79.11451167444118,77.74423921034692,80.42587142594448,Estimación adecuada
Ciales,2015-2019,2,85.16754149388572,85.98631930208961,84.14359018139774,87.2739077970459,Estimación adecuada
Ciales,2020-2024,1,78.0952139934909,78.181694975657,77.11289816455289,79.3271952789286,Estimación adecuada
Ciales,2020-2024,2,83.7838176468441,84.30805094561232,83.08370235625185,85.95572717144833,Estimación adecuada
Cidra,1980-1984,1,72.92625993210298,73.10703718671529,71.99435474272383,73.98057146575042,Estimación adecuada
Cidra,1980-1984,2,80.25294604658151,79.91028572639308,78.5348579105403,81.239270368541,Estimación adecuada
Cidra,1985-1989,1,72.65671880748917,72.73843237380876,71.7570067846778,73.79301364590125,Estimación adecuada
Cidra,1985-1989,2,79.2640060129605,79.32475703118779,78.38815639695474,81.04291792149483,Estimación adecuada
Cidra,1990-1994,1,74.59270123853278,73.88095346584942,72.70559824132383,75.41633060959632,Estimación adecuada
Cidra,1990-1994,2,79.58259869878654,79.3962495701985,78.3189325306282,80.49775836330525,Estimación adecuada
Cidra,1995-1999,1,74.21713653214772,73.71720011882748,72.89700040392518,74.89940679878472,Estimación adecuada
Cidra,1995-1999,2,80.46720179098129,80.7186835580394,79.76300540725293,81.90597003438344,Estimación adecuada
Cidra,2000-2004,1,76.1648075054388,75.74197581624014,74.88852894769299,76.71221527955043,Estimación adecuada
Cidra,2000-2004,2,83.06880741955162,82.86647997680583,81.6780170638115,83.74878305455152,Estimación adecuada
Cidra,2005-2009,1,76.2488157847596,76.16684218194317,75.34202082934321,77.49065156057748,Estimación adecuada
Cidra,2005-2009,2,83.29450873472624,83.23529181739559,81.89891230013794,84.58548623020044,Estimación adecuada
Cidra,2010-2014,1,77.33131059096634,77.60377741828816,76.46710849099662,78.58785836050183,Estimación adecuada
Cidra,2010-2014,2,83.46470181390174,83.36438772540191,82.3880366573683,84.44822514935086,Estimación adecuada
Cidra,2015-2019,1,78.97458456608396,79.13814760951516,78.0254741307476,80.14589876836577,Estimación adecuada
Cidra,2015-2019,2,84.69043178604441,85.1416302555696,84.01228381368071,86.15682508919292,Estimación adecuada
Cidra,2020-2024,1,79.7427353948676,79.5179073544943,78.54051600864521,80.8983120524999,Estimación adecuada
Cidra,2020-2024,2,85.33702768748,85.10877059045264,83.93671034037104,86.2035963810427,Estimación adecuada
Coamo,1980-1984,1,71.83261143264684,71.99831374859926,70.91431625038271,73.08216151587345,Estimación adecuada
Coamo,1980-1984,2,77.96592585526496,78.31050229150287,77.04094029676381,79.47751564747011,Estimación adecuada
Coamo,1985-1989,1,71.23431252697634,71.37024577599658,70.28218203423663,72.4399590676515,Estimación adecuada
Coamo,1985-1989,2,77.61875344002883,77.97138834780529,76.89337141380608,79.42875003955332,Estimación adecuada
Coamo,1990-1994,1,71.15206342123702,71.25028282117799,70.26225868940796,72.32102339050638,Estimación adecuada
Coamo,1990-1994,2,79.52007940092251,79.34458847216322,78.25755733416169,80.35363539078514,Estimación adecuada
Coamo,1995-1999,1,71.1960753395491,71.41325926796219,70.34222070702438,72.20111391894122,Estimación adecuada
Coamo,1995-1999,2,78.423903843953,78.71379933860013,77.74327473243687,79.75291231777038,Estimación adecuada
Coamo,2000-2004,1,73.24248106281058,73.38638981703963,72.43581218589725,74.22725765844784,Estimación adecuada
Coamo,2000-2004,2,81.2524184753369,81.0304352252374,80.02548018614138,81.9530858788132,Estimación adecuada
Coamo,2005-2009,1,76.67061680312946,75.77162938761961,74.75069408875143,76.8075370101487,Estimación adecuada
Coamo,2005-2009,2,82.50443120167047,82.1238800989542,81.14838932599596,82.9880822752666,Estimación adecuada
Coamo,2010-2014,1,76.08519397019607,75.95896343874463,75.12649384265339,76.7483961321065,Estimación adecuada
Coamo,2010-2014,2,82.76456200780567,82.47085482776684,81.60404451157632,83.76199579061935,Estimación adecuada
Coamo,2015-2019,1,76.3555860235564,76.774816777049665,75.83398228061313,77.85304963952554,Estimación adecuada
Coamo,2015-2019,2,84.32302802936533,84.55354442049554,83.35539243665116,85.73632295917449,Estimación adecuada
Coamo,2020-2024,1,78.73457128285159,77.97987518233536,77.11604054312332,78.75144667073783,Estimación adecuada
Coamo,2020-2024,2,85.32320664794793,85.13120622980472,84.27758957582941,86.43635643175028,Estimación adecuada
Comerio,1980-1984,1,72.39160599187598,72.12025637812943,70.83390278310526,73.61664213918809,Estimación adecuada
Comerio,1980-1984,2,80.50714392154065,79.32425137204184,77.98851131599116,81.16330395461426,Estimación adecuada
Comerio,1985-1989,1,72.46599051488649,72.08763023349343,70.79310066735512,73.13080402347094,Estimación adecuada
Comerio,1985-1989,2,79.35372018267553,79.0110235803501,77.65189513722942,80.60211863775744,Estimación adecuada
Comerio,1990-1994,1,72.63261964951914,72.03101325781341,70.7253189329832,73.02816547633432,Estimación adecuada
Comerio,1990-1994,2,78.0865724889923,78.53724411098946,77.29346903192751,79.73250750319059,Estimación adecuada
Comerio,1995-1999,1,71.13227286201818,71.32844327540732,70.2212601205114,72.40627239347002,Estimación adecuada
Comerio,1995-1999,2,78.32248610899435,78.57412918761199,77.16502042637576,79.54868660184938,Estimación adecuada
Comerio,2000-2004,1,73.74046365047266,73.81636085219371,72.6454050026455,75.10219454108369,Estimación adecuada
Comerio,2000-2004,2,80.19913305806267,80.38892016047106,79.37785064269568,81.8073090194159,Estimación adecuada
Comerio,2005-2009,1,75.30350166697882,75.02968598824131,73.9516933850353,76.28296301134446,Estimación adecuada
Comerio,2005-2009,2,81.75843965388886,81.63197184606157,80.48155502306328,83.26902195483095,Estimación adecuada
Comerio,2010-2014,1,77.88992392393747,76.96753906510659,75.64491734452903,78.46570933471023,Estimación adecuada
Comerio,2010-2014,2,83.20589003283447,82.99293897164134,81.44185455362364,84.57543315543418,Estimación adecuada
Comerio,2015-2019,1,76.11616223403381,76.71664416202697,75.51634805278687,77.93615798631086,Estimación adecuada
Comerio,2015-2019,2,84.47935763504815,84.57296110874853,83.38994340009424,86.02218017933527,Estimación adecuada
Comerio,2020-2024,1,75.23982921549162,76.07550213353215,75.03157779570063,77.35250020954673,Estimación adecuada
Comerio,2020-2024,2,83.75928924043123,83.74338545770692,82.44524980467263,84.6708719320717,Estimación adecuada
Corozal,1980-1984,1,72.8434269620364,72.61826330303633,71.56248348503158,73.51282438545508,Estimación adecuada
Corozal,1980-1984,2,78.49552695365927,78.32382180637936,77.1694988166669,79.31928228294689,Estimación adecuada
Corozal,1985-1989,1,74.16679537755694,73.21774600041545,71.97168120332108,74.30692493901444,Estimación adecuada
Corozal,1985-1989,2,78.31409571064404,78.43048546733036,77.31933721964015,79.51391502504906,Estimación adecuada
Corozal,1990-1994,1,71.27571092432538,71.62065591083947,70.56694675326091,72.63012959728056,Estimación adecuada
Corozal,1990-1994,2,78.71157989908842,78.90010873029604,77.80088054206354,79.81821930146404,Estimación adecuada
Corozal,1995-1999,1,71.90053240132126,72.09131338454155,71.06838548076703,73.01272204201129,Estimación adecuada
Corozal,1995-1999,2,81.05061971042039,80.23664633507335,79.14423158361672,81.4625313977105,Estimación adecuada
Corozal,2000-2004,1,75.40121472632262,75.00733991190324,73.91548332254162,75.92968826614843,Estimación adecuada
Corozal,2000-2004,2,82.32727029969571,82.25516564296544,80.8172898155407,83.34453909697397,Estimación adecuada
Corozal,2005-2009,1,75.29676896497347,75.43199217995118,74.59068352917544,76.39308781061945,Estimación adecuada
Corozal,2005-2009,2,81.7668888989548,81.7316255445063,80.69819176598497,83.12290493816127,Estimación adecuada
Corozal,2010-2014,1,76.61800376671373,76.67802591646162,75.81882605015342,77.73653149006003,Estimación adecuada
Corozal,2010-2014,2,83.99620064198638,83.90962102904759,82.642785730372,85.18158505269483,Estimación adecuada
Corozal,2015-2019,1,78.84838673591865,78.43811534431707,77.18063475464557,79.4847801219381,Estimación adecuada
Corozal,2015-2019,2,84.36621340480359,84.5265566680134,83.63799893338091,85.90547233874102,Estimación adecuada
Corozal,2020-2024,1,76.44862204173214,77.34180881949968,76.16850313624131,78.3896964056185,Estimación adecuada
Corozal,2020-2024,2,85.0591201159125,85.48314768614269,84.04014088922162,86.54007775379358,Estimación adecuada
Culebra,1980-1984,1,94.69722323815856,73.43703333715591,71.85581894751499,75.60503194992224,< e0 observado
Culebra,1980-1984,2,77.11141651027592,79.97078719261916,76.96788929884704,84.50722144375467,Estimación adecuada
Culebra,1985-1989,1,76.63588305134152,72.99966377789629,71.06649090929002,74.72242352338134,< e0 observado
Culebra,1985-1989,2,84.99417166658453,80.6897414123467,78.31390196348636,83.22386540413126,< e0 observado
Culebra,1990-1994,1,75.23127689590049,72.34168321619005,70.48320723191497,74.60200679344959,< e0 observado
Culebra,1990-1994,2,82.2361338517014,80.57479356112097,78.52704484258467,83.13283618430295,Estimación adecuada
Culebra,1995-1999,1,72.53390965878926,72.5965163906331,70.57977749456577,74.50841198039433,Estimación adecuada
Culebra,1995-1999,2,82.74787501668122,81.13073636077543,77.78482576847539,87.00602734898125,Estimación adecuada
Culebra,2000-2004,1,83.74648606676807,75.64063723919006,73.59690162839173,77.43607618846505,< e0 observado
Culebra,2000-2004,2,81.63132549875367,83.0639904258047,80.98984058748457,85.91345886395592,Estimación adecuada
Culebra,2005-2009,1,79.35518350612848,76.15218278947908,74.2156136431197,78.5974640404514,< e0 observado
Culebra,2005-2009,2,87.82645600917449,84.13196244797352,81.60884875399076,87.5639644943406,< e0 observado
Culebra,2010-2014,1,73.27486001063872,77.04985072820449,75.10468305652049,79.33355516947867,> e0 observado
Culebra,2010-2014,2,84.63331186955911,84.90935473999006,82.46427899533032,88.88957638144547,Estimación adecuada
Culebra,2015-2019,1,73.7782353124013,77.92893662647884,75.89394738207602,81.25688994011006,> e0 observado
Culebra,2015-2019,2,82.80860574041759,86.0024745698195,83.32065054734812,89.58882855031466,> e0 observado
Culebra,2020-2024,1,71.17558414919206,77.52575206430117,75.79785731244962,80.22206892222584,> e0 observado
Culebra,2020-2024,2,81.75048505604273,85.1531333308215,82.75297782027664,88.34684218915817,> e0 observado
Dorado,1980-1984,1,73.06768394242143,72.87478982567606,71.71370393535732,74.02266139588377,Estimación adecuada
Dorado,1980-1984,2,79.57134292897321,79.10382499857685,77.83701528035795,80.587802223183985,Estimación adecuada
Dorado,1985-1989,1,70.98138714935332,71.22725889046993,70.19892726435549,72.16384111345036,Estimación adecuada
Dorado,1985-1989,2,79.66708794032925,79.26890936125645,77.70892434960783,80.5240728971515,Estimación adecuada
Dorado,1990-1994,1,70.60163270459446,71.07536859512769,69.93702358583496,72.30475419397888,Estimación adecuada
Dorado,1990-1994,2,79.66123740902555,79.35309910097615,78.0985852430739,80.66484868991833,Estimación adecuada
Dorado,1995-1999,1,71.14661901491276,71.67921706611213,70.5466044371193,72.61186070875138,Estimación adecuada
Dorado,1995-1999,2,79.34231212268777,79.55500854756828,78.20947395454004,80.66308616575316,Estimación adecuada
Dorado,2000-2004,1,72.80125816712727,73.16482137046549,72.10192258438306,74.4404377136072,Estimación adecuada
Dorado,2000-2004,2,80.51547250678337,80.27720101885845,79.14642946514522,81.52893211877593,Estimación adecuada
Dorado,2005-2009,1,74.74216888739862,74.90525185355334,74.14954991518054,76.08113350549661,Estimación adecuada
Dorado,2005-2009,2,81.55921742419945,81.51003249131927,80.56745743693133,82.71140993279943,Estimación adecuada
Dorado,2010-2014,1,77.3972526095473,77.29455531766192,76.29421626173217,78.63756359966068,Estimación adecuada
Dorado,2010-2014,2,83.78650120499329,83.54347280568898,82.22338208365387,84.91303695206872,Estimación adecuada
Dorado,2015-2019,1,79.05317477178703,78.58940942142274,77.71507944069084,79.33686236562832,Estimación adecuada
Dorado,2015-2019,2,85.0361331038058,85.03373457996449,83.8635611469459,86.36020568358556,Estimación adecuada
Dorado,2020-2024,1,77.54648054972814,77.79956943817285,76.99880721790223,78.7377390738283,Estimación adecuada
Dorado,2020-2024,2,87.81728727976584,86.7458954697597,85.40525014126743,88.42124345178112,Estimación adecuada
Fajardo,1980-1984,1,70.97992961345321,70.55467080404998,69.73250138420406,71.38479422125687,Estimación adecuada
Fajardo,1980-1984,2,77.4034006461853,76.92141485637339,75.67262183702982,78.1243790676139,Estimación adecuada
Fajardo,1985-1989,1,71.1887876704971,70.86921847930911,69.8179146838404,71.85637380018034,Estimación adecuada
Fajardo,1985-1989,2,77.37337374894558,77.23898689617245,76.19032099417494,78.71949824860553,Estimación adecuada
Fajardo,1990-1994,1,68.18099629812696,68.78189761180496,67.780177535093,69.56570498915525,Estimación adecuada
Fajardo,1990-1994,2,78.11474876521702,77.858011278666993,77.00136098259563,78.92864929685744,Estimación adecuada
Fajardo,1995-1999,1,69.86154006659808,70.01957154546217,68.9513738793737,70.90261691226492,Estimación adecuada
Fajardo,1995-1999,2,78.82934233659792,78.5971851612614,77.63037932442188,79.57108746727761,Estimación adecuada
Fajardo,2000-2004,1,71.85134936418909,71.97710418171417,71.10875120962983,72.77994718327817,Estimación adecuada
Fajardo,2000-2004,2,80.31491904964011,79.82758387857139,78.92809869650436,80.72687542343462,Estimación adecuada
Fajardo,2005-2009,1,72.01498955956528,72.5278600635148,71.35877479693815,73.37374416464296,Estimación adecuada
Fajardo,2005-2009,2,80.42579698255476,80.29245559888432,79.00239523080441,81.16692272204943,Estimación adecuada
Fajardo,2010-2014,1,73.1648079564502,74.1870256602638,73.21633723195495,75.25489630450693,> e0 observado
Fajardo,2010-2014,2,81.74247222384632,81.29303715422128,80.35214903974486,82.34322170250954,Estimación adecuada
Fajardo,2015-2019,1,76.15087862256587,76.73229577146213,75.56128032208568,77.76940252863218,Estimación adecuada
Fajardo,2015-2019,2,83.7123556023456,83.7098470602914,82.49710826293202,84.89128768502485,Estimación adecuada
Fajardo,2020-2024,1,74.31868957649468,74.84356719904392,73.88003915336868,76.0935982537327,Estimación adecuada
Fajardo,2020-2024,2,83.33111283123691,83.40238280962693,82.32618576527861,84.21281612184985,Estimación adecuada
Florida,1980-1984,1,71.06938753374574,71.42535330622724,69.74748372395393,72.79287348494185,Estimación adecuada
Florida,1980-1984,2,79.21775098528943,78.386074938794,76.63112762702912,80.29241147727373,Estimación adecuada
Florida,1985-1989,1,70.64603223425698,70.82533122468982,69.57637190951843,72.25173742610345,Estimación adecuada
Florida,1985-1989,2,74.85144353276169,77.02485189744186,75.5040433975449,78.44015502404159,> e0 observado
Florida,1990-1994,1,70.01533527514864,70.28677886392526,69.0112832511806,71.77449621871136,Estimación adecuada
Florida,1990-1994,2,75.40391537650423,77.26466288206494,76.0354267199992,78.95857430224868,> e0 observado
Florida,1995-1999,1,71.65894113726901,71.66504351663033,70.1286225295283,72.84483935018754,Estimación adecuada
Florida,1995-1999,2,77.29790147374477,77.88791338881256,76.44534442720115,79.2242732061636,Estimación adecuada
Florida,2000-2004,1,75.01444427678842,73.8909211075954,72.44022516992425,75.41245266801604,Estimación adecuada
Florida,2000-2004,2,81.08965307946796,80.59694509796265,79.16435736777767,82.28320370846413,Estimación adecuada
Florida,2005-2009,1,76.54783220170152,74.75787977141619,73.19794325268371,75.95860420750778,< e0 observado
Florida,2005-2009,2,80.52310433234075,80.7912310354202,79.36294710760045,82.38676539380275,Estimación adecuada
Florida,2010-2014,1,79.58931937931183,77.40589367304796,75.82363083515153,79.24577846112865,< e0 observado
Florida,2010-2014,2,84.35262381150902,83.08294180854794,81.41608908215814,84.77024937289261,Estimación adecuada
Florida,2015-2019,1,77.39963673465637,77.10083891298626,75.71554895053836,78.32233238731632,Estimación adecuada
Florida,2015-2019,2,83.04749257512822,83.7033283759246,82.45367461943005,85.58852429409399,Estimación adecuada
Florida,2020-2024,1,76.48138637441758,77.16068756919736,75.81550517446584,78.3384302297569,Estimación adecuada
Florida,2020-2024,2,86.57028869211995,86.28786384419581,84.47665259214145,88.355969806275,Estimación adecuada
Guanica,1980-1984,1,70.29160656173029,69.99094654883106,68.86793061443869,71.0249855260737,Estimación adecuada
Guanica,1980-1984,2,77.02589204137094,76.72749564368462,75.49118434249814,77.98759314573283,Estimación adecuada
Guanica,1985-1989,1,69.64590752945972,69.52247840596473,68.40316151276843,70.89885646918566,Estimación adecuada
Guanica,1985-1989,2,76.96194389846337,76.69616008576861,75.49423537274448,78.12360329977153,Estimación adecuada
Guanica,1990-1994,1,69.00330089577055,69.19272524306896,68.20708162334736,70.26341562403631,Estimación adecuada
Guanica,1990-1994,2,77.43314529873244,77.19946785841736,76.09253098890191,78.41847949890362,Estimación adecuada
Guanica,1995-1999,1,68.75925697690468,69.36243131702774,68.18827034650076,70.2061529562684,Estimación adecuada
Guanica,1995-1999,2,76.88365176255945,77.02785939594247,75.99374564835801,78.1402725452713,Estimación adecuada
Guanica,2000-2004,1,72.36855900985053,72.00021966187505,70.90340817276265,73.14362419402113,Estimación adecuada
Guanica,2000-2004,2,78.3128127578213,78.64988784352303,77.42978143897196,79.80643679928907,Estimación adecuada
Guanica,2005-2009,1,71.69965700518571,72.12533434591333,71.06198652117737,73.23541776834786,Estimación adecuada
Guanica,2005-2009,2,80.3960001801447,79.75954420909349,78.7431634304881,80.80050556547883,Estimación adecuada
Guanica,2010-2014,1,75.43056531334524,74.84484645804616,73.59475339039324,76.03516859849836,Estimación adecuada
Guanica,2010-2014,2,80.57778836738088,80.9212242746311,79.88459708411409,82.64989981040165,Estimación adecuada
Guanica,2015-2019,1,74.6061778340804,74.80700906253998,73.57576020851255,75.80621012623754,Estimación adecuada
Guanica,2015-2019,2,81.3148683326643,81.69865231804965,80.24920076679717,83.06918612902598,Estimación adecuada
Guanica,2020-2024,1,73.35967274163447,74.51401060412428,73.37319638683243,75.90712407232834,> e0 observado
Guanica,2020-2024,2,82.11869011623037,81.98580664946766,80.598693449208,83.24475684373427,Estimación adecuada
Guayama,1980-1984,1,70.24592277647761,70.20069355658433,69.41584984433842,70.88856241129395,Estimación adecuada
Guayama,1980-1984,2,76.94736099895414,76.80308206130962,75.8237634225564,77.76773551938425,Estimación adecuada
Guayama,1985-1989,1,69.18407376779939,69.51584599429177,68.64392162826371,70.2232226365272,Estimación adecuada
Guayama,1985-1989,2,77.01984994163914,76.92275285226552,75.90979888495175,77.58409008822167,Estimación adecuada
Guayama,1990-1994,1,69.12774545799293,69.52924972786255,68.59964423251087,70.41969325774085,Estimación adecuada
Guayama,1990-1994,2,78.26536534527779,77.80818470002455,76.84428815781857,78.87013442550169,Estimación adecuada
Guayama,1995-1999,1,69.89298463348949,70.11412914783506,69.26986978067815,70.9582348331334,Estimación adecuada
Guayama,1995-1999,2,79.36097539479375,78.71118533556393,77.77938593686409,79.6755789618775,Estimación adecuada
Guayama,2000-2004,1,71.73959231092829,71.9157099691453,71.21233646796506,72.70137449382534,Estimación adecuada
Guayama,2000-2004,2,80.42361640554877,79.90234836250926,79.08023138683872,81.15167735126535,Estimación adecuada
Guayama,2005-2009,1,74.004627225837,73.67885775503193,72.64096173747342,74.7476817394422,Estimación adecuada
Guayama,2005-2009,2,80.66196990050479,80.59355767284426,79.801500221017,81.37647029359786,Estimación adecuada
Guayama,2010-2014,1,76.0922078825251,75.63360417787393,74.64098007731036,76.46933772058557,Estimación adecuada
Guayama,2010-2014,2,82.22460967328485,81.86143539925635,81.09847230055719,82.92206192111088,Estimación adecuada
Guayama,2015-2019,1,76.61959145312574,76.44521635061946,75.55941436177355,77.56035550648424,Estimación adecuada
Guayama,2015-2019,2,83.4142713899816,83.41062642453704,82.5420146728275,84.81571162991551,Estimación adecuada
Guayama,2020-2024,1,73.93879414262592,75.09674164133912,74.02674572106883,75.87832617134225,> e0 observado
Guayama,2020-2024,2,82.33975114826434,82.55168541748908,81.79919864291404,83.53912359295583,Estimación adecuada
Guayanilla,1980-1984,1,72.58983279684577,71.75903546534319,70.3223112195579,72.92481823076156,Estimación adecuada
Guayanilla,1980-1984,2,77.53353824728316,77.5778103389905,76.65952559604037,78.70894909646891,Estimación adecuada
Guayanilla,1985-1989,1,70.73661721916349,70.33466197945276,69.46555331349515,71.78973678632579,Estimación adecuada
Guayanilla,1985-1989,2,76.86235560972376,76.80772839615375,75.86957445878727,77.94802584577735,Estimación adecuada
Guayanilla,1990-1994,1,72.37752924339648,71.33682460833919,70.32732849619134,72.37814625519776,Estimación adecuada
Guayanilla,1990-1994,2,78.55250974931681,77.97598914085611,76.74184379993041,79.02298748420958,Estimación adecuada
Guayanilla,1995-1999,1,72.22131902455737,71.40747943941929,70.33307122778837,72.30099700310753,Estimación adecuada
Guayanilla,1995-1999,2,79.14608996325278,78.78168398132401,77.50646694366301,79.88527391665812,Estimación adecuada
Guayanilla,2000-2004,1,74.05744082522244,73.32605390776416,72.25452308280926,74.57049313166988,Estimación adecuada
Guayanilla,2000-2004,2,80.06971551607721,79.84754958783626,78.89809763799552,80.88281891656919,Estimación adecuada
Guayanilla,2005-2009,1,73.36781184296053,73.86410121554087,72.42118461931616,75.17568017939314,Estimación adecuada
Guayanilla,2005-2009,2,79.74433091795808,79.57494578809971,78.34297342242166,80.39851059954286,Estimación adecuada
Guayanilla,2010-2014,1,77.2541883457964,76.0543864507114,75.04889742127207,77.28697849033544,Estimación adecuada
Guayanilla,2010-2014,2,79.95617529124827,80.89074691994267,79.76591559742661,82.12363966559798,Estimación adecuada
Guayanilla,2015-2019,1,74.50306944491258,76.11047481027178,74.99996916673639,77.31023521236226,> e0 observado
Guayanilla,2015-2019,2,85.47648018860491,84.49721988097345,82.98874478316397,85.8265152765218,Estimación adecuada
Guayanilla,2020-2024,1,73.73722385919334,75.26888319603705,73.9716594409833,76.2080238253601,> e0 observado
Guayanilla,2020-2024,2,84.46851671921503,84.40407717388496,82.80651114555167,86.30293978590876,Estimación adecuada
Guaynabo,1980-1984,1,73.33304020193007,73.23311451800761,72.5526008546603,74.16250649121628,Estimación adecuada
Guaynabo,1980-1984,2,79.57395565229348,79.33026060738709,78.58514410963465,79.86268879526682,Estimación adecuada
Guaynabo,1985-1989,1,73.30720790413426,73.44886901339632,72.81635178590177,74.20447746846412,Estimación adecuada
Guaynabo,1985-1989,2,80.7449894765543,80.42752702122351,79.77252735837074,81.2982508219637,Estimación adecuada
Guaynabo,1990-1994,1,71.64759712414893,72.02533354682203,71.14574706039254,72.61694232694458,Estimación adecuada
Guaynabo,1990-1994,2,80.46155681333546,80.52982875695608,79.7366783427677,81.04674302762993,Estimación adecuada
Guaynabo,1995-1999,1,71.70557982807048,72.15791043047483,71.32598265238096,72.826288605342,Estimación adecuada
Guaynabo,1995-1999,2,81.61582636139954,81.36811959851921,80.62894065138806,82.29070762435371,Estimación adecuada
Guaynabo,2000-2004,1,74.5460879922691,74.93468590700967,74.08750333927401,75.60299643835076,Estimación adecuada
Guaynabo,2000-2004,2,82.43363591097874,82.31260215690398,81.80322359501594,82.95555230384738,Estimación adecuada
Guaynabo,2005-2009,1,75.40004142189414,75.7831725208203,75.13622464257898,76.50207412774634,Estimación adecuada
Guaynabo,2005-2009,2,83.59622113263238,83.50215009642787,82.89792705191239,84.39232856671129,Estimación adecuada
Guaynabo,2010-2014,1,77.3578270076508,77.481272846515,76.82675653827673,78.264039097817,Estimación adecuada
Guaynabo,2010-2014,2,84.62289097742051,84.41473753683336,83.62578466667915,85.31156351465987,Estimación adecuada
Guaynabo,2015-2019,1,79.63090232574721,79.47778715163125,78.87041003399315,80.22502749197187,Estimación adecuada
Guaynabo,2015-2019,2,86.62280196774702,86.36271347948917,85.5519819379353,87.18387397811723,Estimación adecuada
Guaynabo,2020-2024,1,77.36899877443203,77.7530770519826,77.14320948274653,78.31978215420017,Estimación adecuada
Guaynabo,2020-2024,2,86.85241919025239,86.70351509637206,85.83853056592187,87.56207941128616,Estimación adecuada
Gurabo,1980-1984,1,72.10043466021936,72.04589338625595,71.02613094721237,73.07767524091412,Estimación adecuada
Gurabo,1980-1984,2,77.21298943234297,77.7577579678539,76.81244598549421,78.72032351068674,Estimación adecuada
Gurabo,1985-1989,1,72.09864341259255,72.13478057204834,71.30833299822191,73.12027141859947,Estimación adecuada
Gurabo,1985-1989,2,77.83980186096333,78.14830722836243,77.04338275646462,79.4686747631853,Estimación adecuada
Gurabo,1990-1994,1,70.06358422124045,70.72873053037102,69.792204739592,71.852779675377775,Estimación adecuada
Gurabo,1990-1994,2,78.93586566639773,78.96352377917539,77.89091181055096,80.25770838159974,Estimación adecuada
Gurabo,1995-1999,1,72.62979875914179,72.5282615172035,71.30506172359188,73.2597288544004,Estimación adecuada
Gurabo,1995-1999,2,78.37596544908041,78.77296913172768,77.609214468348,79.82032798830576,Estimación adecuada
Gurabo,2000-2004,1,73.72455425616529,73.95953080413392,73.18638462977471,74.97209893643776,Estimación adecuada
Gurabo,2000-2004,2,82.16347596555325,81.56314547093929,80.44919116736193,82.76393320571029,Estimación adecuada
Gurabo,2005-2009,1,75.38673648949066,75.55800489536506,74.63608639560324,76.69645894743977,Estimación adecuada
Gurabo,2005-2009,2,82.71710063140857,82.35347968414648,81.12042759657652,83.40058134047891,Estimación adecuada
Gurabo,2010-2014,1,75.74184183502217,76.20063059490576,75.40830350315562,77.3433745409472,Estimación adecuada
Gurabo,2010-2014,2,83.66012445857517,83.29786758477134,82.2839068988043,84.98194529829044,Estimación adecuada
Gurabo,2015-2019,1,77.82655629619259,77.95303618540768,76.99087726072753,78.94748934605369,Estimación adecuada
Gurabo,2015-2019,2,86.3751275135532,85.8162603654236,84.73867359235598,87.05772764006439,Estimación adecuada
Gurabo,2020-2024,1,78.1508349062683,77.90985992643276,76.86486502098471,78.65899072744287,Estimación adecuada
Gurabo,2020-2024,2,85.11563140762924,84.75317390699124,83.72117763448902,85.91812423433343,Estimación adecuada
Hatillo,1980-1984,1,71.99152036613721,72.34014923359092,71.29456098006067,73.26987441156547,Estimación adecuada
Hatillo,1980-1984,2,78.9802986931572,79.04172526261473,77.98443407147346,80.41600063474945,Estimación adecuada
Hatillo,1985-1989,1,72.73472078364017,72.45664332263053,71.4956386113671,73.50407642774778,Estimación adecuada
Hatillo,1985-1989,2,79.39464399636921,79.24281746757026,78.09383367358825,80.34725650778608,Estimación adecuada
Hatillo,1990-1994,1,72.2998423174012,72.08019501952555,70.92630394521478,72.85940871521828,Estimación adecuada
Hatillo,1990-1994,2,78.56900864145167,78.40385899701263,77.56950569292081,79.26949858604891,Estimación adecuada
Hatillo,1995-1999,1,72.51848608651568,72.21944120678779,71.41968394432652,72.98408313902408,Estimación adecuada
Hatillo,1995-1999,2,78.33281615395789,78.43354912563268,77.50606530203245,79.1820380253239,Estimación adecuada
Hatillo,2000-2004,1,74.45467151298737,74.0789945152627,73.3056063744531,74.79083990115987,Estimación adecuada
Hatillo,2000-2004,2,80.50637914886045,80.24969834884911,79.43286506550544,81.27010548787271,Estimación adecuada
Hatillo,2005-2009,1,75.71645524793598,75.23382339028615,74.41115206129354,76.17042775483752,Estimación adecuada
Hatillo,2005-2009,2,81.90357972932111,81.79983509171397,80.60631499742081,82.65261390244349,Estimación adecuada
Hatillo,2010-2014,1,77.71502056183984,77.15866635853244,76.24032051785932,77.94158974962946,Estimación adecuada
Hatillo,2010-2014,2,83.87031312176076,83.52105135871798,82.46936916772148,84.65561234675982,Estimación adecuada
Hatillo,2015-2019,1,79.67724729389147,79.17960563781224,77.7885824025176,80.20047070967047,Estimación adecuada
Hatillo,2015-2019,2,84.83403759511111,84.3843888759981,83.51259490591202,85.47428653507136,Estimación adecuada
Hatillo,2020-2024,1,78.47632497278812,78.32136892965464,77.38939608033067,79.3638354115796,Estimación adecuada
Hatillo,2020-2024,2,86.14610937096411,85.15234311394676,84.21283911795325,86.06239114473586,< e0 observado
Hormigueros,1980-1984,1,74.05856561737721,73.7805218883663,72.4623269312519,75.00679222522308,Estimación adecuada
Hormigueros,1980-1984,2,79.84974137268954,80.26310786554137,78.41075818059511,82.41428100092251,Estimación adecuada
Hormigueros,1985-1989,1,73.08737524946572,72.97219176143383,71.69216274906981,74.28219388443102,Estimación adecuada
Hormigueros,1985-1989,2,77.720059693455,79.07685046859343,77.95020655409635,80.69326410879432,> e0 observado
Hormigueros,1990-1994,1,74.61350802067456,73.24967675869541,72.10075831032688,74.79237864142256,Estimación adecuada
Hormigueros,1990-1994,2,81.39461486989457,80.69252739877206,79.07275352166211,82.1767614432324,Estimación adecuada
Hormigueros,1995-1999,1,74.87703445651637,73.77245618701427,72.54452243590713,74.96299559097561,Estimación adecuada
Hormigueros,1995-1999,2,80.45280069334801,80.37693570504644,79.17153783722671,81.89693007758757,Estimación adecuada
Hormigueros,2000-2004,1,75.50618073944777,75.29991320374886,74.00770276582654,76.46826331904668,Estimación adecuada
Hormigueros,2000-2004,2,82.3521641939344,82.04904343086332,80.8725020818703,83.62124681233787,Estimación adecuada
Hormigueros,2005-2009,1,76.10054922666298,76.24218693637042,75.34003840064156,77.44269686319807,Estimación adecuada
Hormigueros,2005-2009,2,84.62944320284578,83.62940955773732,82.26628315871102,85.17465260977417,Estimación adecuada
Hormigueros,2010-2014,1,76.11918178416535,77.09656292341941,75.4574471393911,78.22556088392527,Estimación adecuada
Hormigueros,2010-2014,2,82.71051389712174,83.38367245746554,82.2586978466143,84.4035838400865,Estimación adecuada
Hormigueros,2015-2019,1,77.91392313609006,78.2883020486314,77.30548182467241,79.62853915587444,Estimación adecuada
Hormigueros,2015-2019,2,85.81866120513573,86.21014975147702,84.67899605586373,88.53973997508007,Estimación adecuada
Hormigueros,2020-2024,1,78.36911216509105,78.95216427345616,77.65831483681131,80.24068402808327,Estimación adecuada
Hormigueros,2020-2024,2,86.17552522276296,86.09343668349243,84.42525378562061,87.73285756009928,Estimación adecuada
Humacao,1980-1984,1,70.58258576927221,70.86573904985653,69.7162163787433,71.78625284460985,Estimación adecuada
Humacao,1980-1984,2,75.89477228552336,76.09413430768345,75.3082239613629,76.91603637061343,Estimación adecuada
Humacao,1985-1989,1,70.67071512913827,70.7112073095463,69.87784652753209,71.58554785420523,Estimación adecuada
Humacao,1985-1989,2,78.26869595391119,77.98242632170431,76.88862597644122,78.94825529070727,Estimación adecuada
Humacao,1990-1994,1,69.59966588678492,69.8503834411313,69.078343486072,70.71726139005554,Estimación adecuada
Humacao,1990-1994,2,78.98527536141168,78.69789900416066,77.8631749838884,79.55790117120446,Estimación adecuada
Humacao,1995-1999,1,71.67034271113566,71.46920536989168,70.63580933877934,72.28856160354312,Estimación adecuada
Humacao,1995-1999,2,78.50994029948488,78.41903876034499,77.5489129396712,79.078251531141,Estimación adecuada
Humacao,2000-2004,1,73.45461991775991,73.46789423466187,72.46127691623707,74.26146593580091,Estimación adecuada
Humacao,2000-2004,2,79.72370844675466,79.94783570350009,79.21785855256158,80.89776020578071,Estimación adecuada
Humacao,2005-2009,1,73.61846549183731,73.97892194391045,73.1305995762399,75.03458760547439,Estimación adecuada
Humacao,2005-2009,2,81.80291929231979,81.62015157802335,80.84097295764867,82.67246317096496,Estimación adecuada
Humacao,2010-2014,1,75.80326051258055,75.92532967679728,75.20408915097823,76.93436473249434,Estimación adecuada
Humacao,2010-2014,2,83.58584598942798,83.12759824846123,82.25752309537476,84.0072386091446,Estimación adecuada
Humacao,2015-2019,1,76.7386829389743,77.1822422048673,76.18729476192348,77.96862077344363,Estimación adecuada
Humacao,2015-2019,2,84.86787206578826,84.50513959508606,83.51589440214654,85.33710436566794,Estimación adecuada
Humacao,2020-2024,1,76.7404128820364,77.4839216113754,76.54972765041506,78.60578059176484,Estimación adecuada
Humacao,2020-2024,2,84.233200245355,84.15826825410036,83.3045526688392,85.25855821253845,Estimación adecuada
Isabela,1980-1984,1,73.09738020117423,72.69077864576772,71.63196345853308,73.96241598661183,Estimación adecuada
Isabela,1980-1984,2,77.82732250278018,77.95447609336453,76.70406159381977,78.77511782925306,Estimación adecuada
Isabela,1985-1989,1,71.58083949829111,71.59401040782146,70.86679394742546,72.67250366358095,Estimación adecuada
Isabela,1985-1989,2,78.50099967900502,78.21449196400263,77.3327523358448,79.21539855761351,Estimación adecuada
Isabela,1990-1994,1,72.0475169163787,71.58371035992727,70.9034532241501,72.69647167566336,Estimación adecuada
Isabela,1990-1994,2,78.52411999469241,78.33910320780336,77.538835873778993,79.29384148509277,Estimación adecuada
Isabela,1995-1999,1,71.86251133480623,71.61320132160128,70.76021886593502,72.24441132135951,Estimación adecuada
Isabela,1995-1999,2,79.50480811685766,79.32201792183494,78.41427897838082,80.3431014668302,Estimación adecuada
Isabela,2000-2004,1,73.31643311223908,73.23798027047752,72.52929974001782,73.85887352146608,Estimación adecuada
Isabela,2000-2004,2,79.66880055796743,79.7507098525554,78.98073843039447,80.57573602472974,Estimación adecuada
Isabela,2005-2009,1,75.53006169201437,74.8898692244423,74.03314669803416,75.79155304854646,Estimación adecuada
Isabela,2005-2009,2,80.46868606139569,80.55148568159512,79.72598684948008,81.52412951972096,Estimación adecuada
Isabela,2010-2014,1,76.3459756319445,76.14759306749124,75.25321969346368,76.93660071817219,Estimación adecuada
Isabela,2010-2014,2,82.99199255121863,82.58047568687677,81.79792795063267,83.47096807085862,Estimación adecuada
Isabela,2015-2019,1,78.28631956544136,77.83047957362675,77.00293755883001,78.97499480555541,Estimación adecuada
Isabela,2015-2019,2,84.46499781522432,84.15793583217427,83.17312515036184,85.22581636838444,Estimación adecuada
Isabela,2020-2024,1,78.44494383134611,77.430319608709,76.70920685085503,78.34342748486573,< e0 observado
Isabela,2020-2024,2,84.54430409037892,84.82189503877905,83.73233221403356,85.92571487567979,Estimación adecuada
Jayuya,1980-1984,1,71.54820346169252,71.80673382272886,70.49157893160177,72.84750196710857,Estimación adecuada
Jayuya,1980-1984,2,75.83217282493807,77.45898865245036,75.60285045122001,79.06594658786693,Estimación adecuada
Jayuya,1985-1989,1,71.8852739133792,71.55569524453614,70.36909747268218,72.81545547058579,Estimación adecuada
Jayuya,1985-1989,2,75.89535009908417,77.09827820106537,75.95631167447593,78.3566035812745,> e0 observado
Jayuya,1990-1994,1,71.61501384784762,71.06564143021623,70.08746177405904,72.1699526400915,Estimación adecuada
Jayuya,1990-1994,2,76.60405912768891,78.33154623851368,77.04360652227906,79.64241150125588,> e0 observado
Jayuya,1995-1999,1,72.762612067533,72.23630376686702,71.25204855229143,73.5366356451415,Estimación adecuada
Jayuya,1995-1999,2,78.02341987371616,78.52919414365138,77.08166223694079,79.80097180379195,Estimación adecuada
Jayuya,2000-2004,1,74.804694975474,73.69295758323707,72.58574393979322,74.8900106359083,Estimación adecuada
Jayuya,2000-2004,2,82.26030453801704,81.61924925805114,80.13049914991063,83.40521936669322,Estimación adecuada
Jayuya,2005-2009,1,76.29392429833622,75.65374690481408,74.05751924712732,76.90936367469078,Estimación adecuada
Jayuya,2005-2009,2,83.26574991380474,82.33642139874681,81.04047528294998,83.93088020309091,Estimación adecuada
Jayuya,2010-2014,1,77.86670993006521,77.1822341085986,75.77621489336879,78.45560300196877,Estimación adecuada
Jayuya,2010-2014,2,83.01935062086235,83.04037297076883,81.8271840220529,84.71861303143507,Estimación adecuada
Jayuya,2015-2019,1,79.09662441043547,78.15527496898028,76.71204943719505,79.29818618290335,Estimación adecuada
Jayuya,2015-2019,2,86.09536520292538,85.95050798456059,84.06052616233218,88.24498142306832,Estimación adecuada
Jayuya,2020-2024,1,80.33778345942194,79.11372831192861,77.91117704107833,81.15988477085865,Estimación adecuada
Jayuya,2020-2024,2,86.05790395955583,85.55386116159806,83.90814982866252,87.35352959702078,Estimación adecuada
Juana Diaz,1980-1984,1,71.10192241498234,70.91784417583841,70.11919789300211,71.75549604258183,Estimación adecuada
Juana Diaz,1980-1984,2,76.03760260059695,76.43350977952352,75.39694216837732,77.46769539029923,Estimación adecuada
Juana Diaz,1985-1989,1,70.59066146569734,70.69732855818171,69.56097573648819,71.67676561488435,Estimación adecuada
Juana Diaz,1985-1989,2,77.72376003285237,77.77976034692377,76.71374994422841,78.71024420745968,Estimación adecuada
Juana Diaz,1990-1994,1,70.59462619152536,70.62866272062227,69.78423062258521,71.66542526487588,Estimación adecuada
Juana Diaz,1990-1994,2,77.80758248720088,77.97885199745483,77.23767428540278,78.78469936014,Estimación adecuada
Juana Diaz,1995-1999,1,70.63826210363753,70.6614419369393,69.87560403691995,71.63374619409069,Estimación adecuada
Juana Diaz,1995-1999,2,78.23721855538598,78.30010585832571,77.17859774051149,79.17532420828876,Estimación adecuada
Juana Diaz,2000-2004,1,72.42010194033637,72.54387528689506,71.7050216982343,73.50990642735105,Estimación adecuada
Juana Diaz,2000-2004,2,80.07095731748443,79.95169543378489,78.80488113162457,80.80975345484975,Estimación adecuada
Juana Diaz,2005-2009,1,74.09224072675535,74.40559355286032,73.41229970929523,75.31633445965534,Estimación adecuada
Juana Diaz,2005-2009,2,81.70478408921697,81.38818829367612,80.4516239025641,82.61963317196916,Estimación adecuada
Juana Diaz,2010-2014,1,75.9826744595313,76.01361681784819,75.26866558087394,77.14122571511258,Estimación adecuada
Juana Diaz,2010-2014,2,82.91141974537287,82.7294774311651,81.79419071856029,83.92651652575307,Estimación adecuada
Juana Diaz,2015-2019,1,77.4756453319244,77.24580459100079,76.23398707243535,78.12789855341727,Estimación adecuada
Juana Diaz,2015-2019,2,86.60689455981232,85.85661686764405,84.74732342736112,86.82714344308118,Estimación adecuada
Juana Diaz,2020-2024,1,76.12481522857756,76.60624549451535,75.76888005430058,77.65142393129437,Estimación adecuada
Juana Diaz,2020-2024,2,86.09723573194701,85.33977412734471,84.18601789725383,86.81866256598192,Estimación adecuada
Juncos,1980-1984,1,70.4832974097173,70.83155213396486,69.64428686800831,71.77643701646767,Estimación adecuada
Juncos,1980-1984,2,77.17475536145652,77.2413020375641,76.05167361705743,78.66061550302581,Estimación adecuada
Juncos,1985-1989,1,69.32349287604664,70.00356040605229,68.86343365896447,70.94425322983543,Estimación adecuada
Juncos,1985-1989,2,77.84087141019062,77.56325598071754,76.48755456606004,78.63470311050746,Estimación adecuada
Juncos,1990-1994,1,69.26314387145591,69.94067112011075,68.71260661837286,70.93814287744004,Estimación adecuada
Juncos,1990-1994,2,78.64376251745605,78.36780882531846,77.47221365703916,79.34753616262121,Estimación adecuada
Juncos,1995-1999,1,70.43259716290989,70.5248412770578,69.67087496013488,71.67104916284742,Estimación adecuada
Juncos,1995-1999,2,78.88321244236762,78.60444992673347,77.5400381186524,79.63197668444394,Estimación adecuada
Juncos,2000-2004,1,73.50676785386435,73.34126438174641,72.28313221223549,74.30078058939174,Estimación adecuada
Juncos,2000-2004,2,80.82760129992721,80.35724903708902,79.2453477191106,81.5026156064643,Estimación adecuada
Juncos,2005-2009,1,72.5823719234395,73.13195654626965,72.18333214452956,74.10075616784627,Estimación adecuada
Juncos,2005-2009,2,80.29148928265256,80.28239866928112,79.2802991207509,81.31899628916395,Estimación adecuada
Juncos,2010-2014,1,74.05814861532626,74.60043416243198,73.66725199780238,75.40790071801001,Estimación adecuada
Juncos,2010-2014,2,82.42841718245143,82.52322983114368,81.36501187093083,83.81741335720008,Estimación adecuada
Juncos,2015-2019,1,76.99651467647962,76.94972227695534,76.0078705283801,78.03200299964311,Estimación adecuada
Juncos,2015-2019,2,83.23323259682593,83.52149785774117,82.24567078105156,84.73372046530386,Estimación adecuada
Juncos,2020-2024,1,76.96779959385644,76.6038475887395,75.555946765194,77.93711042555964,Estimación adecuada
Juncos,2020-2024,2,85.00221618874696,84.53820070475987,83.3579513517137,85.61196058543786,Estimación adecuada
Lajas,1980-1984,1,72.46316902920564,72.03262545120816,70.78311142421764,73.37789307479383,Estimación adecuada
Lajas,1980-1984,2,77.35030656462364,77.86721976179913,76.64129700634078,78.96045617797651,Estimación adecuada
Lajas,1985-1989,1,73.36206024807198,72.55426621075574,71.50173057986578,73.44645862553679,Estimación adecuada
Lajas,1985-1989,2,77.65847465397064,77.76760535862027,76.64750592505831,78.90514810618544,Estimación adecuada
Lajas,1990-1994,1,72.37357825429245,72.140728608713,70.81556060591709,73.14690479738297,Estimación adecuada
Lajas,1990-1994,2,79.66328406009775,79.22806809310356,78.25564162918542,80.43113586766786,Estimación adecuada
Lajas,1995-1999,1,72.56496891931091,72.16018377149297,71.42274762642678,73.33921902574832,Estimación adecuada
Lajas,1995-1999,2,79.70456393493818,79.7115255521096,78.6027793251653,80.61288416458363,Estimación adecuada
Lajas,2000-2004,1,74.14208023792457,74.05617160283364,73.08762971930818,74.96467741679967,Estimación adecuada
Lajas,2000-2004,2,81.18752068509266,80.89670855932948,79.93442796809977,81.92618303400653,Estimación adecuada
Lajas,2005-2009,1,76.68683187769454,75.49398596605883,74.58207692124147,76.48144481338463,< e0 observado
Lajas,2005-2009,2,81.73140373208773,81.66557480804204,80.52782108597731,82.91182803094452,Estimación adecuada
Lajas,2010-2014,1,76.92095663234578,76.51806827503049,75.59938689450158,77.62969890451201,Estimación adecuada
Lajas,2010-2014,2,83.39940774512145,83.36076813773158,82.02174077936533,84.57772869584957,Estimación adecuada
Lajas,2015-2019,1,79.16417400599892,78.29178942329526,77.14048619108313,79.49118485831139,Estimación adecuada
Lajas,2015-2019,2,84.33383648976294,84.61295266400299,83.44832358797636,86.18031600725394,Estimación adecuada
Lajas,2020-2024,1,78.13171144418278,77.50971464223721,76.53463627124944,78.39402880215152,Estimación adecuada
Lajas,2020-2024,2,85.69664696158718,85.53325514337817,84.1143752550301,86.94749067482906,Estimación adecuada
Lares,1980-1984,1,70.93967460008611,71.55012838405052,70.77634538450735,72.51236286120357,Estimación adecuada
Lares,1980-1984,2,80.07304720190547,79.78731512061782,78.21884602518963,81.34488316198163,Estimación adecuada
Lares,1985-1989,1,72.07284835603735,72.30215867134758,71.29871662676489,73.1844618553097,Estimación adecuada
Lares,1985-1989,2,80.12906339800288,79.64374121521871,78.68737410898657,80.88308037858272,Estimación adecuada
Lares,1990-1994,1,71.99408741634562,72.02595368599725,71.01734532274247,73.1832076895572,Estimación adecuada
Lares,1990-1994,2,78.72924701770712,78.68265221229213,77.80257858445754,79.59310995745398,Estimación adecuada
Lares,1995-1999,1,74.58529726703922,73.88872544118155,72.80277556776336,74.98607322069302,Estimación adecuada
Lares,1995-1999,2,81.29595428708723,80.69400669264006,79.53596801323306,82.31879376240718,Estimación adecuada
Lares,2000-2004,1,75.1110712856121,74.87275787592463,73.96147415327732,75.8703398631447,Estimación adecuada
Lares,2000-2004,2,81.70641489338435,81.68505196574206,80.60677611184022,83.41693911573287,Estimación adecuada
Lares,2005-2009,1,76.5462882162104,75.83806392948154,74.85575013248197,76.48552361157331,< e0 observado
Lares,2005-2009,2,82.28400989612267,82.18508297015778,80.95702419242393,83.30365618617375,Estimación adecuada
Lares,2010-2014,1,79.39080265192932,78.32591233969009,77.22662664774842,79.78089755800187,Estimación adecuada
Lares,2010-2014,2,82.72140750112155,82.4809256120316,81.31459703614732,83.47416914422581,Estimación adecuada
Lares,2015-2019,1,78.13032401868809,77.75764637688161,76.85754403804015,78.60571078208922,Estimación adecuada
Lares,2015-2019,2,84.424471152182,84.34168417009747,83.26016411078675,85.79486908412352,Estimación adecuada
Lares,2020-2024,1,77.84495769277572,78.08762514725099,76.98566256593624,79.11324729505068,Estimación adecuada
Lares,2020-2024,2,84.10188803972103,84.56133637442787,83.50383020131956,85.88827530023607,Estimación adecuada
Las Marias,1980-1984,1,73.81563474744125,73.46523594273538,72.00539334146828,75.03109215700734,Estimación adecuada
Las Marias,1980-1984,2,83.88520673112671,80.97908380307854,79.32378301583444,83.59310714370096,< e0 observado
Las Marias,1985-1989,1,73.62469730038673,73.11731555128081,71.47740413838608,74.86037534547955,Estimación adecuada
Las Marias,1985-1989,2,78.14820547870697,79.69049946836236,78.0196245024809,81.88188526134589,Estimación adecuada
Las Marias,1990-1994,1,74.00881730690156,73.36974222036807,72.11471608846634,74.80765856386263,Estimación adecuada
Las Marias,1990-1994,2,80.22328205184606,80.81798470829689,78.77888949336288,82.47467244471329,Estimación adecuada
Las Marias,1995-1999,1,75.13206537448636,73.76739728244107,72.1517664048855,75.31163764428612,Estimación adecuada
Las Marias,1995-1999,2,81.22000339132549,80.8249948770887,79.49079624383178,83.09655087555291,Estimación adecuada
Las Marias,2000-2004,1,77.0746887546824,75.73351153568707,74.29752148626824,77.2813564805243,Estimación adecuada
Las Marias,2000-2004,2,81.22993587246654,82.69716518692351,81.18459215045684,84.88835876741973,Estimación adecuada
Las Marias,2005-2009,1,78.94241289794024,76.88209434004415,75.47983440094441,79.0211495343629,Estimación adecuada
Las Marias,2005-2009,2,82.45741722564794,83.43639990584055,81.34854709465314,86.49770685797023,Estimación adecuada
Las Marias,2010-2014,1,78.9874533300309,77.51884587919355,76.2778487365513,78.89055294712381,< e0 observado
Las Marias,2010-2014,2,85.68826589307866,84.87307167873468,83.09273974925142,87.02433086085996,Estimación adecuada
Las Marias,2015-2019,1,78.44180353450636,79.29493217018745,77.84012598469307,81.1058361540428,Estimación adecuada
Las Marias,2015-2019,2,86.2119644760504,86.08430179462057,84.37160410052837,88.41762687247811,Estimación adecuada
Las Marias,2020-2024,1,78.65869602395698,79.07375320825679,77.71093584361046,80.8729073667649,Estimación adecuada
Las Marias,2020-2024,2,88.4892406052294,87.66441073152434,85.66165347788396,89.96273113537335,Estimación adecuada
Las Piedras,1980-1984,1,72.4628953772312,72.70854569882512,71.60148401483885,73.82637711116476,Estimación adecuada
Las Piedras,1980-1984,2,77.65886672068534,77.9113128775457,77.06033469943264,79.16491765098263,Estimación adecuada
Las Piedras,1985-1989,1,72.6175420547073,72.40579573497067,71.25447507507297,73.5157545505028,Estimación adecuada
Las Piedras,1985-1989,2,79.00116087428613,79.09264163457023,77.89245297426076,80.26407351221243,Estimación adecuada
Las Piedras,1990-1994,1,71.55978947014577,71.85798412762202,70.6929491644677,72.64941350194995,Estimación adecuada
Las Piedras,1990-1994,2,78.8936505301308,78.90893806306491,77.63581865266941,79.92013952999741,Estimación adecuada
Las Piedras,1995-1999,1,73.7555375015721,72.98418173718188,72.08829817113278,74.08676329706896,Estimación adecuada
Las Piedras,1995-1999,2,79.79933667371475,79.73941198631357,78.57496064743125,80.93121151137018,Estimación adecuada
Las Piedras,2000-2004,1,74.83778165388009,74.68609535263744,73.48587099047907,75.68098562996397,Estimación adecuada
Las Piedras,2000-2004,2,80.54014043533199,80.53585999632145,79.59497349358894,81.4966246507795,Estimación adecuada
Las Piedras,2005-2009,1,76.55584156350447,75.82294311079549,75.12849283375952,76.72680021176859,Estimación adecuada
Las Piedras,2005-2009,2,82.30870059101942,82.41483926708398,81.50205291752367,83.53551091867101,Estimación adecuada
Las Piedras,2010-2014,1,75.93351372986655,76.49214406503894,75.54471325753929,77.5198233451739,Estimación adecuada
Las Piedras,2010-2014,2,82.5650052808105,82.5549206210645,81.49920608144964,83.67292763042464,Estimación adecuada
Las Piedras,2015-2019,1,78.58935894309695,78.43420272970428,77.40553218503872,79.61313747861604,Estimación adecuada
Las Piedras,2015-2019,2,85.3607640329745,85.19380230171751,84.0721210884122,86.58926266406479,Estimación adecuada
Las Piedras,2020-2024,1,77.65607135099413,77.91092017232617,76.76609012541387,79.1171238036004,Estimación adecuada
Las Piedras,2020-2024,2,85.02534012586074,84.7155648815751,83.92358416918594,85.93694688530397,Estimación adecuada
Loiza,1980-1984,1,71.29708119790713,70.88500624354779,69.49993111083782,72.2604619946455,Estimación adecuada
Loiza,1980-1984,2,77.96280313581073,77.7310531711735,76.10238365371558,78.84233620984483,Estimación adecuada
Loiza,1985-1989,1,71.11235934077855,70.78149611506765,69.39314595543277,72.01510032588632,Estimación adecuada
Loiza,1985-1989,2,79.76441464134875,78.80232935202748,77.40934527987056,80.05802002752515,Estimación adecuada
Loiza,1990-1994,1,68.65505357436209,69.3060075990102,68.26278469347115,70.34231008416256,Estimación adecuada
Loiza,1990-1994,2,77.83527198679872,77.91676555775724,76.72425785908406,79.33570801848134,Estimación adecuada
Loiza,1995-1999,1,67.54575668322258,68.93207678554646,67.79035158100517,70.19451885390168,> e0 observado
Loiza,1995-1999,2,80.44991909621369,79.53692975390157,78.376784696897,80.75536493593987,Estimación adecuada
Loiza,2000-2004,1,69.21795433977262,71.17489219777599,70.18664996233075,72.62412953711933,> e0 observado
Loiza,2000-2004,2,83.71722475677984,82.20920144801096,80.57818297606867,83.86433603335222,Estimación adecuada
Loiza,2005-2009,1,69.49244819404063,71.80455184539692,70.74332126133564,72.66951253878477,> e0 observado
Loiza,2005-2009,2,81.62588342717608,81.3174525402202,80.23703724727594,82.67886409253852,Estimación adecuada
Loiza,2010-2014,1,72.71620374599513,74.40753732228816,73.19583484814558,75.73439704170457,> e0 observado
Loiza,2010-2014,2,83.22740715687155,82.92612189815279,81.02479987492828,84.2967855492428,Estimación adecuada
Loiza,2015-2019,1,76.42256809809959,76.86539539963778,75.76792176768228,78.07672292101842,Estimación adecuada
Loiza,2015-2019,2,84.58243093379357,84.65016889845023,83.23263390775037,86.23172859922809,Estimación adecuada
Loiza,2020-2024,1,74.30071613355503,75.72333374207568,74.61314145417526,76.97982424660832,> e0 observado
Loiza,2020-2024,2,85.89228425330265,85.04892363448694,83.60872995948144,86.80515271397763,Estimación adecuada
Luquillo,1980-1984,1,71.32237106066451,70.91727132752195,69.73287897490599,72.24843858310744,Estimación adecuada
Luquillo,1980-1984,2,96.21054523115929,80.11286531985661,78.10384519992722,83.20426816305297,< e0 observado
Luquillo,1985-1989,1,70.58391307233262,70.65673502343446,69.53659946475685,71.81126708794362,Estimación adecuada
Luquillo,1985-1989,2,75.85277823303889,76.60975355965361,75.26389904014714,77.96081747497666,Estimación adecuada
Luquillo,1990-1994,1,69.78687362564872,70.0960781934871,68.81290135180677,71.541533464588,Estimación adecuada
Luquillo,1990-1994,2,78.65540822491414,78.14323550886641,76.82165336813485,79.50197322182348,Estimación adecuada
Luquillo,1995-1999,1,68.84529148191722,69.50491109545816,68.21275865950268,70.84562355606856,Estimación adecuada
Luquillo,1995-1999,2,77.57073371934368,78.0235135768084,76.26847470056435,79.32695156487934,Estimación adecuada
Luquillo,2000-2004,1,71.56692809461028,72.06739509945876,71.32317371620205,73.0684325257318,Estimación adecuada
Luquillo,2000-2004,2,80.93857359304148,80.47003785093733,78.9683020267847,81.87145997768161,Estimación adecuada
Luquillo,2005-2009,1,73.66197666420697,73.83914952661614,72.60142229202168,74.94531131155482,Estimación adecuada
Luquillo,2005-2009,2,80.16453384109049,80.350155248509,79.11299722091681,81.5135599777512,Estimación adecuada
Luquillo,2010-2014,1,74.125398030716255,75.0834972090359,73.73604745489757,76.32529681977708,Estimación adecuada
Luquillo,2010-2014,2,83.56937802942338,82.89266251781311,81.54321114114839,84.57119529316319,Estimación adecuada
Luquillo,2015-2019,1,78.24158315716944,77.20195599088851,76.01128714318048,78.12953211898937,< e0 observado
Luquillo,2015-2019,2,86.16375324393145,85.09923472665592,83.5824052335745,87.03318165920791,Estimación adecuada
Luquillo,2020-2024,1,76.82778593702754,76.58034410092647,75.48853330361574,77.86512339796232,Estimación adecuada
Luquillo,2020-2024,2,84.96686508096819,84.54392600494083,83.1191954766062,86.34733512074597,Estimación adecuada
Manati,1980-1984,1,69.99769254598455,70.31843910197135,69.16456646805855,71.2430528810693,Estimación adecuada
Manati,1980-1984,2,76.91897319341015,76.91891120773147,75.89527170038778,77.97908269258446,Estimación adecuada
Manati,1985-1989,1,69.40848405753856,69.87433657546745,68.89283480275589,70.69654981987188,Estimación adecuada
Manati,1985-1989,2,78.1365208528677,78.00037290195345,76.8520060379907,79.12678306998232,Estimación adecuada
Manati,1990-1994,1,69.23507276864738,69.70992085682427,68.79772343295342,70.60488095032593,Estimación adecuada
Manati,1990-1994,2,78.13694859634435,77.91143399366163,77.08846273798254,78.82907134956784,Estimación adecuada
Manati,1995-1999,1,70.56621278613628,70.78887836660641,69.84909476153189,71.74620401761746,Estimación adecuada
Manati,1995-1999,2,78.18010801536123,78.30458805290837,77.24801983688707,79.14166813613963,Estimación adecuada
Manati,2000-2004,1,73.5059956746808,73.28381057632214,72.46686765767069,74.15629170498056,Estimación adecuada
Manati,2000-2004,2,79.921946292628,79.79599965154932,78.87600205729873,80.6927474269238,Estimación adecuada
Manati,2005-2009,1,74.42317304268016,74.40919979891875,73.70952842830395,75.30141916716195,Estimación adecuada
Manati,2005-2009,2,81.69558612867581,81.31950275195243,80.51910744802922,82.02730458297849,Estimación adecuada
Manati,2010-2014,1,75.79949582054559,75.66622292955424,74.73800722933038,76.6142603594246,Estimación adecuada
Manati,2010-2014,2,82.46392723255103,82.11583638122714,81.02964857639014,83.06913607447672,Estimación adecuada
Manati,2015-2019,1,76.50082129222024,76.73520589295097,75.78950888403776,77.61310327346055,Estimación adecuada
Manati,2015-2019,2,84.47543845885097,84.24712496114786,83.34822988065423,85.08657798901682,Estimación adecuada
Manati,2020-2024,1,76.6410779362147,76.57375616375334,75.5266454242681,77.49058641776982,Estimación adecuada
Manati,2020-2024,2,84.79279277649533,84.64857511696674,83.764970540479,85.57706430336458,Estimación adecuada
Maricao,1980-1984,1,68.60202825310121,71.46498927708626,69.90949443543303,73.00010048487374,> e0 observado
Maricao,1980-1984,2,78.09479107390814,78.90305297963299,77.33304457022408,81.21138878214998,Estimación adecuada
Maricao,1985-1989,1,74.96773339223955,72.81701492483182,71.30365393416895,74.80714711815737,< e0 observado
Maricao,1985-1989,2,78.61629942834107,79.49770244936225,77.63954813305632,81.42574924793357,Estimación adecuada
Maricao,1990-1994,1,71.6682444194189,71.67539799185604,69.88342853739138,73.08700836736887,Estimación adecuada
Maricao,1990-1994,2,78.7855059436943,79.63018670385996,77.73545652557179,81.80819767882647,Estimación adecuada
Maricao,1995-1999,1,71.33878340346546,71.87950010653535,70.40809240676347,72.7765338431096,Estimación adecuada
Maricao,1995-1999,2,78.99834861586001,80.0885831127904,78.55948925014395,82.09049033498917,Estimación adecuada
Maricao,2000-2004,1,77.71513177879464,75.48481549462905,73.76315906641281,77.01987327808715,< e0 observado
Maricao,2000-2004,2,80.22542908124815,81.36338504376668,79.51607805826586,83.85832641552678,Estimación adecuada
Maricao,2005-2009,1,77.40367339569201,75.67497444079882,73.88423233265529,77.34220242204907,< e0 observado
Maricao,2005-2009,2,82.65920888615886,82.9035608902373,81.09314636930323,85.11623731358722,Estimación adecuada
Maricao,2010-2014,1,78.78632855189304,77.3137167105177,75.87935332534677,79.01829527441035,Estimación adecuada
Maricao,2010-2014,2,86.34203171038145,85.56123586325242,83.49984396171439,88.99720837071554,Estimación adecuada
Maricao,2015-2019,1,75.94252949549474,77.9129880120737,75.96330564366625,79.42532684110512,> e0 observado
Maricao,2015-2019,2,88.98166952275554,86.67851068235498,84.474646014113,89.94961524948997,Estimación adecuada
Maricao,2020-2024,1,78.97029384636113,78.27275828248206,76.66114669200083,80.63582386827773,Estimación adecuada
Maricao,2020-2024,2,84.52027651105944,84.18876242950023,82.52963364957972,86.24758451935625,Estimación adecuada
Maunabo,1980-1984,1,71.14680086853208,71.62667085974219,70.20829422121844,72.86603333526676,Estimación adecuada
Maunabo,1980-1984,2,78.1067644645637,78.29469176546306,76.81111790886644,80.00414218719713,Estimación adecuada
Maunabo,1985-1989,1,73.14754634531097,72.33999793321667,71.10394268978825,73.52904000276644,Estimación adecuada
Maunabo,1985-1989,2,80.26716511735238,79.64053954896562,77.81193262435173,81.21624239125849,Estimación adecuada
Maunabo,1990-1994,1,72.41659695481869,72.02404044002502,70.82988490561615,73.28542965618078,Estimación adecuada
Maunabo,1990-1994,2,80.63599878230829,80.16515252860256,78.55793173998954,81.86412608715094,Estimación adecuada
Maunabo,1995-1999,1,71.29560582062038,71.56678488397972,70.31272167911982,72.63132187184587,Estimación adecuada
Maunabo,1995-1999,2,79.21035551708708,79.63516472302138,78.01628701080183,81.43890608958422,Estimación adecuada
Maunabo,2000-2004,1,73.80432839475543,73.84079633973931,72.55314678593972,75.15993767155328,Estimación adecuada
Maunabo,2000-2004,2,81.50289326156216,81.16142577300353,79.79044426222444,83.23448570020685,Estimación adecuada
Maunabo,2005-2009,1,74.64232752557565,74.18716849168146,73.06496626872907,75.37252586686066,Estimación adecuada
Maunabo,2005-2009,2,82.94220641756984,82.96025884148509,81.52912665986315,84.81875283113104,Estimación adecuada
Maunabo,2010-2014,1,74.8339607817344,75.45764324245522,74.23876441807553,76.78847168732415,Estimación adecuada
Maunabo,2010-2014,2,84.96652627183896,84.7844318533194,83.14056559220923,87.24666661679103,Estimación adecuada
Maunabo,2015-2019,1,78.86941488241771,77.67196583527911,76.57335529801345,78.86417140322722,< e0 observado
Maunabo,2015-2019,2,85.85027789954904,85.41184459673963,83.86940558244547,87.45755032755582,Estimación adecuada
Maunabo,2020-2024,1,73.9175174535675,76.22741819127936,75.05355624636894,77.49797315875699,> e0 observado
Maunabo,2020-2024,2,82.49945155414667,82.8958877636507,81.73514295423782,84.81030046582137,Estimación adecuada
Mayaguez,1980-1984,1,70.16347210674796,70.38755720182535,69.72982016506928,70.94551693543576,Estimación adecuada
Mayaguez,1980-1984,2,77.60512196844877,77.31897301007149,76.707493700854,77.81210470412697,Estimación adecuada
Mayaguez,1985-1989,1,70.43422694514761,70.51968654222048,69.85546341141162,71.2328382874874,Estimación adecuada
Mayaguez,1985-1989,2,77.94340408933364,77.86958157418198,77.158956944666,78.67497617821957,Estimación adecuada
Mayaguez,1990-1994,1,70.24642591292358,70.27878164651084,69.68016212770033,70.91974529715995,Estimación adecuada
Mayaguez,1990-1994,2,78.67215935241931,78.38847428249251,77.95503666339408,79.02948421273918,Estimación adecuada
Mayaguez,1995-1999,1,70.79228679899191,70.82870410257013,70.27100139879633,71.57218081874036,Estimación adecuada
Mayaguez,1995-1999,2,79.57023177554109,79.35782294310745,78.78642179119757,80.13961538896345,Estimación adecuada
Mayaguez,2000-2004,1,73.63502357565517,73.47993431135515,72.8907029863296,74.17951796339423,Estimación adecuada
Mayaguez,2000-2004,2,81.32752458798765,81.0956671370958,80.41386340523783,81.63635941327149,Estimación adecuada
Mayaguez,2005-2009,1,73.96494214443702,74.01827572662788,73.39698423122097,74.71497030815534,Estimación adecuada
Mayaguez,2005-2009,2,81.49974889865346,81.39558565174661,80.7552967579702,82.1313530968705,Estimación adecuada
Mayaguez,2010-2014,1,74.96249416874119,74.92825647639742,74.36240708420135,75.9164222124399,Estimación adecuada
Mayaguez,2010-2014,2,82.81805760395481,82.73948059848885,82.06816619462745,83.51698143198178,Estimación adecuada
Mayaguez,2015-2019,1,77.18178911462695,77.25064120827201,76.43653697317052,78.13097484810216,Estimación adecuada
Mayaguez,2015-2019,2,85.03789447163464,84.96852070584964,84.29601502044758,85.75413841615267,Estimación adecuada
Mayaguez,2020-2024,1,76.09571809909919,76.41049133575464,75.7812495423043,77.21124952940504,Estimación adecuada
Mayaguez,2020-2024,2,84.85251261520094,84.83348207375681,83.9965984000911,85.61561553666206,Estimación adecuada
Moca,1980-1984,1,71.47861356859958,72.23231197049614,71.26186799007299,73.25005894180043,Estimación adecuada
Moca,1980-1984,2,77.57729967024724,78.12937053644858,77.07789627604731,79.30066069430836,Estimación adecuada
Moca,1985-1989,1,74.13223338906987,73.4328402813185,72.3770050919837,74.32613947858641,Estimación adecuada
Moca,1985-1989,2,78.76717836323876,78.86416514930845,77.72823442407925,79.97629991929077,Estimación adecuada
Moca,1990-1994,1,74.38613122856178,73.63676615748768,72.66827330725809,74.82547467924428,Estimación adecuada
Moca,1990-1994,2,79.33086248782432,79.25425083661091,78.10690899543684,80.35495622889187,Estimación adecuada
Moca,1995-1999,1,73.93016893221346,73.4696895013941,72.68920168704514,74.21761576395625,Estimación adecuada
Moca,1995-1999,2,79.92298518560595,79.55870132031785,78.53918509560489,80.44374317031281,Estimación adecuada
Moca,2000-2004,1,76.88913106198095,75.8925901449164,74.94905723229431,76.81249567563518,< e0 observado
Moca,2000-2004,2,81.20152141336699,81.43015898826962,80.4144784394999,82.57489188094924,Estimación adecuada
Moca,2005-2009,1,78.23027972920578,77.26627617626663,76.32841821632803,78.0818766364745,< e0 observado
Moca,2005-2009,2,81.64729368972594,81.87459700817365,80.86062202643116,82.98431403988654,Estimación adecuada
Moca,2010-2014,1,78.39894219071823,77.89322893349964,76.81174453099685,79.01730683911967,Estimación adecuada
Moca,2010-2014,2,82.3431083414248,82.63310574716931,81.53636019917265,83.6712920262081,Estimación adecuada
Moca,2015-2019,1,78.86942315370179,78.73565083118854,77.745880758468,79.56337483887793,Estimación adecuada
Moca,2015-2019,2,85.12050775808935,85.08879260205931,83.97933664657432,86.36752573331503,Estimación adecuada
Moca,2020-2024,1,79.5196148813842,79.11781561917442,78.21059594009255,80.19639655845677,Estimación adecuada
Moca,2020-2024,2,84.83463123511952,84.85940404207517,83.74700140655563,85.93545832074844,Estimación adecuada
Morovis,1980-1984,1,72.75449760171898,72.57995467461225,71.54883494912913,73.99452807346705,Estimación adecuada
Morovis,1980-1984,2,79.58978615306602,79.43737205114542,77.97625091736091,80.80112682039405,Estimación adecuada
Morovis,1985-1989,1,73.00155031190296,72.80107127219432,71.82897172135534,73.8909968706962,Estimación adecuada
Morovis,1985-1989,2,79.18909920848033,78.99973474169813,77.74042069798156,80.4607008345919,Estimación adecuada
Morovis,1990-1994,1,74.7129408866261,73.61662458421935,72.53879281122371,74.86136960937833,Estimación adecuada
Morovis,1990-1994,2,79.13950712220092,79.44135443526712,78.23618255957537,80.69540748193879,Estimación adecuada
Morovis,1995-1999,1,72.82153464768288,72.67418183173189,71.65990121748581,73.74387541343737,Estimación adecuada
Morovis,1995-1999,2,80.70735984476201,80.62964446536813,79.3064807384099,82.11854641121982,Estimación adecuada
Morovis,2000-2004,1,74.10293235770516,74.60492501996747,73.3786704534866,75.56735600673485,Estimación adecuada
Morovis,2000-2004,2,82.09073872809745,82.02997987163513,80.4726105063955,83.70450558058447,Estimación adecuada
Morovis,2005-2009,1,76.91529332323657,76.23031830113017,75.24730036466073,77.39693057349461,Estimación adecuada
Morovis,2005-2009,2,83.05104709140619,82.91953919075488,81.4577136454035,84.0710155963167,Estimación adecuada
Morovis,2010-2014,1,77.08123150152963,77.20334244760329,76.26744445101934,78.27805344239276,Estimación adecuada
Morovis,2010-2014,2,83.34182688922566,83.27059781759803,82.32523439364877,84.61816879871402,Estimación adecuada
Morovis,2015-2019,1,78.96515859481998,78.42142708637715,77.3812315270727,79.33875180847296,Estimación adecuada
Morovis,2015-2019,2,87.15880943526801,86.27209273137699,84.88740672887948,87.70851421243819,Estimación adecuada
Morovis,2020-2024,1,78.2458123408178,78.60610739886184,77.53054331698706,79.50621900848967,Estimación adecuada
Morovis,2020-2024,2,84.91369846953171,85.76188144658539,84.10243663029254,87.00361612914696,Estimación adecuada
Naguabo,1980-1984,1,71.84412346105836,71.65161767816892,70.08284247860448,72.79279421645413,Estimación adecuada
Naguabo,1980-1984,2,76.70981740677908,76.54134883985276,75.39019505604455,78.16914926805916,Estimación adecuada
Naguabo,1985-1989,1,70.3877807756849,70.4583432743055,69.36596750328935,71.91802011398097,Estimación adecuada
Naguabo,1985-1989,2,77.29975247108982,77.26152522532863,75.99657216085271,78.42018947435704,Estimación adecuada
Naguabo,1990-1994,1,69.935755323165,70.07557685552788,69.00137834609046,70.98963640981484,Estimación adecuada
Naguabo,1990-1994,2,77.27690861530172,77.84606323068056,76.56514853740921,78.89748280751937,Estimación adecuada
Naguabo,1995-1999,1,69.72322516574484,70.23939014790659,69.02521866075315,71.50887096252086,Estimación adecuada
Naguabo,1995-1999,2,76.82881627212045,77.33309022061127,76.27048230566723,78.44178699971476,Estimación adecuada
Naguabo,2000-2004,1,72.06654411146116,72.24441601389421,71.07654001323661,73.17775160516672,Estimación adecuada
Naguabo,2000-2004,2,79.7628328934226,79.89073339939497,78.52412061631658,81.36890272720035,Estimación adecuada
Naguabo,2005-2009,1,73.77862572143668,73.83195140224493,72.68890884315223,75.05956858139456,Estimación adecuada
Naguabo,2005-2009,2,80.62404690696854,80.84686204864366,79.61167337576441,81.88992367582173,Estimación adecuada
Naguabo,2010-2014,1,75.11164062971052,75.02638593488786,74.05516566469626,76.08800666182961,Estimación adecuada
Naguabo,2010-2014,2,82.93958682980916,82.4666194741055,81.01501559896312,83.66359542010406,Estimación adecuada
Naguabo,2015-2019,1,76.26882750450046,76.11029037632375,75.28234122667688,77.56714920984462,Estimación adecuada
Naguabo,2015-2019,2,84.83022686610576,84.20381921435796,82.91957913823711,86.18258598597649,Estimación adecuada
Naguabo,2020-2024,1,77.23171232523964,76.74729626126037,75.45013676460172,77.80265456574679,Estimación adecuada
Naguabo,2020-2024,2,83.84568426869097,83.80825685348583,82.65278840720629,85.13197796818142,Estimación adecuada
Naranjito,1980-1984,1,74.98820136337291,74.32768460118547,73.0384810878989,75.7035632246332,Estimación adecuada
Naranjito,1980-1984,2,82.09597951709326,80.6191184856724,79.1294838522972,82.14043456418744,Estimación adecuada
Naranjito,1985-1989,1,74.14321504502335,73.44900696973775,72.59140146763501,74.3783540744046,Estimación adecuada
Naranjito,1985-1989,2,81.17666750110004,80.58894525830068,79.12005614633769,82.01559629037817,Estimación adecuada
Naranjito,1990-1994,1,72.65469281143538,72.648555310939,71.7629381565794,73.56505845691234,Estimación adecuada
Naranjito,1990-1994,2,80.53672985190586,80.62110399678555,79.17471060543139,82.20687742196003,Estimación adecuada
Naranjito,1995-1999,1,71.78384170584214,72.02455855789086,71.11753670818692,73.0283646135205,Estimación adecuada
Naranjito,1995-1999,2,81.60503745588989,81.13875396834605,79.97213002903318,82.39622708813629,Estimación adecuada
Naranjito,2000-2004,1,75.02066724722975,74.85212603298545,73.7780901913477,75.82924174116825,Estimación adecuada
Naranjito,2000-2004,2,82.02786957174214,82.0068687921079,80.56617197011518,83.29218764939876,Estimación adecuada
Naranjito,2005-2009,1,75.97305227428454,76.11527251674028,74.88985846103827,77.38277698052008,Estimación adecuada
Naranjito,2005-2009,2,81.50399850212823,82.050645465891,80.73717745263728,83.0856861673316,Estimación adecuada
Naranjito,2010-2014,1,78.20596950921357,77.62033616115167,76.61454889789078,78.68844735486168,Estimación adecuada
Naranjito,2010-2014,2,82.65441935713193,83.5712810631905,82.36589535669812,84.88545098515894,Estimación adecuada
Naranjito,2015-2019,1,79.79942567224485,79.61197523232443,78.59031632258767,80.83991255021375,Estimación adecuada
Naranjito,2015-2019,2,86.72388771081324,86.83225509178035,85.06011087542262,88.51431586957948,Estimación adecuada
Naranjito,2020-2024,1,76.58250173203984,77.53959858210271,76.48447898161348,78.48155356401185,Estimación adecuada
Naranjito,2020-2024,2,85.5864530860636,85.22500308212521,83.85645987831344,86.52803219420129,Estimación adecuada
Orocovis,1980-1984,1,73.68697408485414,73.42626212825525,71.84935085702655,74.93336268341295,Estimación adecuada
Orocovis,1980-1984,2,79.52890987399995,79.19192658763609,78.00981257064899,80.7228953594309,Estimación adecuada
Orocovis,1985-1989,1,72.86313442913975,72.68660697482878,71.58011545030499,74.00296280591402,Estimación adecuada
Orocovis,1985-1989,2,83.00284611084997,81.23127669066741,79.47673732823772,82.95052515975188,< e0 observado
Orocovis,1990-1994,1,70.6546043654978,71.32468267625059,70.11834509331163,72.81551442244456,Estimación adecuada
Orocovis,1990-1994,2,80.6362204849656,80.43431262055739,78.82465002232426,81.79427524323403,Estimación adecuada
Orocovis,1995-1999,1,73.67698769121861,73.27554991156092,71.95481050405138,74.17174072321303,Estimación adecuada
Orocovis,1995-1999,2,79.89715435282756,80.08349509972462,78.85612269856495,81.83826318460368,Estimación adecuada
Orocovis,2000-2004,1,74.30531059061678,74.28625191792406,73.32562819153179,75.42392844322858,Estimación adecuada
Orocovis,2000-2004,2,82.7682053865501,82.38268294276469,81.0614618647375,84.10140239233453,Estimación adecuada
Orocovis,2005-2009,1,75.65599075985115,75.63836910366965,74.73107717152362,76.97809067501089,Estimación adecuada
Orocovis,2005-2009,2,81.23465089468093,81.63120463347158,80.17390396325355,82.75001878269066,Estimación adecuada
Orocovis,2010-2014,1,78.72609688729915,77.74899952876038,76.52706209331964,78.74724878194624,Estimación adecuada
Orocovis,2010-2014,2,83.46032948812693,83.38362202933351,82.32573949535762,84.3757712100099,Estimación adecuada
Orocovis,2015-2019,1,78.31348130255999,78.1735427017238,76.91318814422937,79.34028227629554,Estimación adecuada
Orocovis,2015-2019,2,84.96910673692187,85.16068259245262,83.8992795900968,86.92520823739926,Estimación adecuada
Orocovis,2020-2024,1,77.80883766643083,78.54997526565288,77.23880726378863,79.91861693189728,Estimación adecuada
Orocovis,2020-2024,2,84.81893104480201,84.8445715364596,83.44955709404664,86.26325615197683,Estimación adecuada
Patillas,1980-1984,1,71.2919207839744,71.6022273141758,70.30104637347247,72.92859503387395,Estimación adecuada
Patillas,1980-1984,2,77.55331848134108,77.6116425842203,76.67255762991086,79.2350309354687,Estimación adecuada
Patillas,1985-1989,1,71.37552114824256,70.83434580365295,69.59924215729801,71.96940422120713,Estimación adecuada
Patillas,1985-1989,2,79.24042850774778,78.52826157633315,77.12132336983639,79.84326007642946,Estimación adecuada
Patillas,1990-1994,1,72.50760666915836,71.59928426010066,70.39185558394857,72.80186408485616,Estimación adecuada
Patillas,1990-1994,2,78.396020908419,78.41031223288329,77.18974269804264,79.70733023342268,Estimación adecuada
Patillas,1995-1999,1,71.16809015939647,71.32504816423841,69.99468250404121,72.74676197329606,Estimación adecuada
Patillas,1995-1999,2,78.52476688729733,78.46742506183351,77.55089751581099,79.71913506761007,Estimación adecuada
Patillas,2000-2004,1,73.84030571885792,73.7158821754779,72.51012971417539,74.6581536002492,Estimación adecuada
Patillas,2000-2004,2,80.28524555250978,80.66323436204553,79.4152527087728,81.95084014354012,Estimación adecuada
Patillas,2005-2009,1,74.71797456893655,74.33642911776462,73.34187889579593,75.7444976055945,Estimación adecuada
Patillas,2005-2009,2,82.37229150118687,81.64535509993803,80.68481375206393,83.25843349772634,Estimación adecuada
Patillas,2010-2014,1,75.64302541877272,75.93450588835844,75.05901801313469,77.45248109398582,Estimación adecuada
Patillas,2010-2014,2,82.97344642216791,83.21852483329945,81.92435527738536,84.8884338983593,Estimación adecuada
Patillas,2015-2019,1,77.44243369136635,77.270092765120907,76.27680904412358,78.57291465140239,Estimación adecuada
Patillas,2015-2019,2,85.62464985032581,85.5851330456336,84.00130786170297,87.99186590066762,Estimación adecuada
Patillas,2020-2024,1,75.4428131511174,76.441268455149185,75.476068534744,77.549939395542,> e0 observado
Patillas,2020-2024,2,83.73266646624228,85.38983119838356,84.104066642759,87.92466224397478,> e0 observado
Penuelas,1980-1984,1,72.35786944424055,71.58661612346327,70.53559905264649,72.6520306312209,Estimación adecuada
Penuelas,1980-1984,2,77.42169553222374,77.38322600497594,76.08926139464862,78.98483765080177,Estimación adecuada
Penuelas,1985-1989,1,72.76539154925341,71.85171412146222,70.70957670277915,73.01230370418908,Estimación adecuada
Penuelas,1985-1989,2,78.26925344407194,78.22838082965663,76.76035574098239,79.74187846056935,Estimación adecuada
Penuelas,1990-1994,1,71.6518283419231,71.16768624216584,70.15893116436905,72.02488880427836,Estimación adecuada
Penuelas,1990-1994,2,78.09730287289996,78.15228808833115,76.90443232231371,79.57541468631783,Estimación adecuada
Penuelas,1995-1999,1,72.51086800891099,71.99973449149223,70.80303804238761,73.03780131760394,Estimación adecuada
Penuelas,1995-1999,2,77.85186468595465,78.44200751558452,77.03709638003343,79.91952338991823,Estimación adecuada
Penuelas,2000-2004,1,73.06979986248778,72.9597040859123,71.71491345095606,73.92068577473546,Estimación adecuada
Penuelas,2000-2004,2,80.74681115313095,80.74551567458951,79.28159467777989,82.85902001530144,Estimación adecuada
Penuelas,2005-2009,1,74.32588415517951,74.33356137982395,73.37288888804272,75.40695939972582,Estimación adecuada
Penuelas,2005-2009,2,83.85447484865448,83.17432783985784,81.23988259356476,84.92125712933195,Estimación adecuada
Penuelas,2010-2014,1,77.2161868060379,76.87780747882259,75.72747368920588,78.56938146960833,Estimación adecuada
Penuelas,2010-2014,2,82.37054992803498,82.43034285530014,81.20610373863164,83.67106901536798,Estimación adecuada
Penuelas,2015-2019,1,76.94988280019332,76.8490086660681,76.01851888046136,78.00235703497287,Estimación adecuada
Penuelas,2015-2019,2,83.52991574696982,83.59614273883543,82.45636869222758,85.10478825647624,Estimación adecuada
Penuelas,2020-2024,1,78.19759662594926,77.47090208356192,76.44136550540942,78.64491189831037,Estimación adecuada
Penuelas,2020-2024,2,83.13779961346445,83.41638937088024,82.39875044797884,84.86999208057408,Estimación adecuada
Ponce,1980-1984,1,70.95163851465587,70.80524868502648,70.35677882719145,71.21674073153126,Estimación adecuada
Ponce,1980-1984,2,77.90393491985162,77.55609245099924,77.01056576522177,78.16833280422719,Estimación adecuada
Ponce,1985-1989,1,68.92037207804252,69.11605186151846,68.61692053473624,69.59487284202919,Estimación adecuada
Ponce,1985-1989,2,77.3120135977883,77.24491191399571,76.74882558322692,77.71220112894761,Estimación adecuada
Ponce,1990-1994,1,68.07009878068561,68.33118494758742,67.82011017027284,68.83504326745492,Estimación adecuada
Ponce,1990-1994,2,77.70322992022791,77.74670718448928,77.14487853197616,78.30017574714626,Estimación adecuada
Ponce,1995-1999,1,68.8945019576824,69.08566630540135,68.61530706367856,69.68439432657328,Estimación adecuada
Ponce,1995-1999,2,78.64616620265484,78.5416590570814,77.98640728327092,79.09214633134854,Estimación adecuada
Ponce,2000-2004,1,71.88287158339286,71.95938629402656,71.46027733497262,72.50723821324667,Estimación adecuada
Ponce,2000-2004,2,80.17053819569585,79.93376726241503,79.48774226520683,80.45534827297075,Estimación adecuada
Ponce,2005-2009,1,72.59239776230434,72.79510925301642,72.31838745278174,73.29162961252192,Estimación adecuada
Ponce,2005-2009,2,81.60505937401689,81.49729943273692,80.90651841973971,82.04109844596893,Estimación adecuada
Ponce,2010-2014,1,74.90584213235752,74.83784119944576,74.44107539786752,75.40741990447978,Estimación adecuada
Ponce,2010-2014,2,81.84526785237593,81.84334842045183,81.26632676140144,82.33682020881977,Estimación adecuada
Ponce,2015-2019,1,75.94818443525777,76.15154473640969,75.55218750984716,76.74168086851324,Estimación adecuada
Ponce,2015-2019,2,84.573600741168,84.51894419585821,83.89017887109051,85.05170014576916,Estimación adecuada
Ponce,2020-2024,1,76.11579149445392,76.21327349883262,75.60333919609405,76.83426691266376,Estimación adecuada
Ponce,2020-2024,2,84.14984563358192,83.77533998899017,83.17506036033018,84.3511676406455,Estimación adecuada
Quebradillas,1980-1984,1,71.5804748432608,71.4735193421117,70.20859594247008,72.63201985137124,Estimación adecuada
Quebradillas,1980-1984,2,79.23938165137665,78.73821646732821,77.26121796875452,80.17711925807083,Estimación adecuada
Quebradillas,1985-1989,1,70.63546474047975,70.92200628873059,69.91888082598828,71.85078844596228,Estimación adecuada
Quebradillas,1985-1989,2,77.80764334555457,77.58619026625044,76.52139685196927,78.93003944711097,Estimación adecuada
Quebradillas,1990-1994,1,72.04068810225141,71.54984484185891,70.40098054429517,72.82694986563664,Estimación adecuada
Quebradillas,1990-1994,2,79.32174470623532,78.57937962528322,77.32797486112429,79.67888342296104,Estimación adecuada
Quebradillas,1995-1999,1,72.62949799850028,71.80958057729299,70.56118400270961,72.75672228538478,Estimación adecuada
Quebradillas,1995-1999,2,78.8521877504248,78.61496461108345,77.321794778217,79.82089429307712,Estimación adecuada
Quebradillas,2000-2004,1,73.75120320482118,73.22162983778057,72.36952021682822,74.62571455244974,Estimación adecuada
Quebradillas,2000-2004,2,79.64696913052158,79.87625607832588,78.83282227582879,80.84888557073367,Estimación adecuada
Quebradillas,2005-2009,1,76.4702021217705,75.28236625127545,74.29474113714606,76.33130915398218,< e0 observado
Quebradillas,2005-2009,2,82.57479226170334,82.13855645916638,80.84290941740149,83.48676280681676,Estimación adecuada
Quebradillas,2010-2014,1,76.84416482352528,76.45371975335087,75.47357219176929,77.4893199208463,Estimación adecuada
Quebradillas,2010-2014,2,83.16432092953069,82.85093184401543,81.54872924116637,83.93288580030324,Estimación adecuada
Quebradillas,2015-2019,1,77.52581972834565,77.25912071093225,76.23795868072409,78.34626774330795,Estimación adecuada
Quebradillas,2015-2019,2,83.89036641680575,83.5461014621565,82.55750184811431,84.61080222071895,Estimación adecuada
Quebradillas,2020-2024,1,78.45741764289136,77.56257613086603,76.5659666562349,78.48264475399426,Estimación adecuada
Quebradillas,2020-2024,2,84.02514632890372,84.0275810654802,83.032060994669,85.38956243533653,Estimación adecuada
Rincon,1980-1984,1,71.31036542846637,72.66433803943033,71.1202753703527,73.97918497416546,Estimación adecuada
Rincon,1980-1984,2,78.23121876259758,78.42797833336125,77.14599331752059,80.10267050337755,Estimación adecuada
Rincon,1985-1989,1,72.68195818723761,72.4929219290815,71.17812257609208,73.75428273620557,Estimación adecuada
Rincon,1985-1989,2,78.13112109379762,78.82694588949653,77.66622850023103,79.88181275604198,Estimación adecuada
Rincon,1990-1994,1,74.46482669947628,73.22502585656366,71.85806100814096,74.18162323898494,< e0 observado
Rincon,1990-1994,2,79.71875830965256,79.41087179997672,77.87852580548449,80.83662354849017,Estimación adecuada
Rincon,1995-1999,1,71.81900034746621,71.6411690720302,70.74947151182593,73.00317485851917,Estimación adecuada
Rincon,1995-1999,2,80.4078903895804,80.20268068960577,78.74167469390733,81.92964895093867,Estimación adecuada
Rincon,2000-2004,1,75.07948363707656,74.7022621751332,73.86156611429573,75.72563837176057,Estimación adecuada
Rincon,2000-2004,2,82.97798833076854,82.40972936322103,80.98133328372253,84.18308490376654,Estimación adecuada
Rincon,2005-2009,1,76.37954961336744,75.88327013377452,74.16833842109467,76.96518923993837,Estimación adecuada
Rincon,2005-2009,2,80.35621164685101,81.14658649885578,80.0111048233204,82.87007942760208,Estimación adecuada
Rincon,2010-2014,1,79.61051534555456,77.86499439179278,76.85558361998551,78.94754801655577,< e0 observado
Rincon,2010-2014,2,83.80210551828287,83.95767029353709,82.31153959263527,85.51861544684172,Estimación adecuada
Rincon,2015-2019,1,79.17285737161941,78.98089057513818,77.38059203955643,79.8847516739561,Estimación adecuada
Rincon,2015-2019,2,86.30943741112463,86.45202927152287,84.45501729096392,88.2874658762414,Estimación adecuada
Rincon,2020-2024,1,79.87445814115418,79.67149921823093,78.43306628990342,80.90214167512029,Estimación adecuada
Rincon,2020-2024,2,86.12132225159803,85.73243705186655,84.41534356081245,87.43849740932511,Estimación adecuada
Rio Grande,1980-1984,1,71.31055270884488,71.30421464728197,70.18299432831378,72.31102101688188,Estimación adecuada
Rio Grande,1980-1984,2,77.8338345029928,77.59145732116745,76.5279592412588,78.94741270470551,Estimación adecuada
Rio Grande,1985-1989,1,72.55792010168767,71.723711502485,70.54730058173763,72.6568047966602,Estimación adecuada
Rio Grande,1985-1989,2,78.55898208748316,78.32500038811253,77.61454425028535,79.1475290749803,Estimación adecuada
Rio Grande,1990-1994,1,69.8066408540921,70.17890167235889,69.27859715226478,71.15609108224427,Estimación adecuada
Rio Grande,1990-1994,2,79.04176505901863,78.7861100322029,77.64010455563678,79.91656535378974,Estimación adecuada
Rio Grande,1995-1999,1,69.24216716509197,69.9926906179122,69.18721451554275,70.91741454030932,Estimación adecuada
Rio Grande,1995-1999,2,78.57122528721384,78.57616082167885,77.69387414683278,79.47132278930889,Estimación adecuada
Rio Grande,2000-2004,1,73.5987446256221,73.46323096830008,72.62579872694062,74.39742671509448,Estimación adecuada
Rio Grande,2000-2004,2,80.92764017417292,80.70662191052146,79.7270523800628,81.94945103102775,Estimación adecuada
Rio Grande,2005-2009,1,74.74267006153134,74.88603402511401,73.97127324590883,76.04984518096623,Estimación adecuada
Rio Grande,2005-2009,2,82.25371975622028,81.94283069000363,80.74269734726076,83.02009497042525,Estimación adecuada
Rio Grande,2010-2014,1,75.62464241200296,75.66400789637585,74.72523492322223,76.61840175813568,Estimación adecuada
Rio Grande,2010-2014,2,81.93516108938404,82.03719887536472,81.16961442738781,82.98080799378698,Estimación adecuada
Rio Grande,2015-2019,1,77.32038501383934,77.4003596901436,76.44255531294326,78.320090678784,Estimación adecuada
Rio Grande,2015-2019,2,84.73128165771396,84.40766283739478,83.44412093824691,85.24650439302422,Estimación adecuada
Rio Grande,2020-2024,1,76.09079051682853,76.71209584129254,75.7005448487333,77.79018432537562,Estimación adecuada
Rio Grande,2020-2024,2,84.92626206233898,85.1970301301802,83.89280557642417,86.35519916127141,Estimación adecuada
Sabana Grande,1980-1984,1,72.94260252849719,72.04216042814261,70.90932274445171,72.92830102970812,< e0 observado
Sabana Grande,1980-1984,2,76.79030160326006,77.27263208870278,76.23178983688368,78.8293335756353,Estimación adecuada
Sabana Grande,1985-1989,1,72.60670516660508,72.0719617159649,70.93717345035289,73.2410082065033,Estimación adecuada
Sabana Grande,1985-1989,2,79.46020484114078,78.78918145136551,77.68856869102882,79.92493242378731,Estimación adecuada
Sabana Grande,1990-1994,1,71.96878186562466,71.57177280099583,70.65992278012703,72.51398384845936,Estimación adecuada
Sabana Grande,1990-1994,2,77.52973712888554,77.66190290883631,76.55495044864068,78.62263372734657,Estimación adecuada
Sabana Grande,1995-1999,1,72.42496764545729,71.77497665040363,70.85141492427871,73.01336293661274,Estimación adecuada
Sabana Grande,1995-1999,2,77.8549110688198,77.82858007202913,76.91911742660811,78.66251734379034,Estimación adecuada
Sabana Grande,2000-2004,1,75.19081545433245,74.26807381493296,73.07514247743408,75.31665790355518,Estimación adecuada
Sabana Grande,2000-2004,2,80.10304388750191,80.4685320886106,79.42571785843512,82.03073797608822,Estimación adecuada
Sabana Grande,2005-2009,1,75.77699216646894,74.85247560250724,73.82694179231058,76.11104172654981,Estimación adecuada
Sabana Grande,2005-2009,2,80.72892003066303,81.11332719717129,79.7415710236285,82.72051683830743,Estimación adecuada
Sabana Grande,2010-2014,1,75.70526772953107,75.7911519939451,74.80674899718178,76.91193925610631,Estimación adecuada
Sabana Grande,2010-2014,2,83.3057418970242,82.89729803450041,81.84901310048477,84.11384891396688,Estimación adecuada
Sabana Grande,2015-2019,1,77.43470484017462,76.87060487024488,75.98564978403263,78.0854738914777,Estimación adecuada
Sabana Grande,2015-2019,2,83.12156944238525,83.06516553846981,82.11320583545559,84.21311814774188,Estimación adecuada
Sabana Grande,2020-2024,1,77.44105015726227,77.5443076011075,76.29244136010773,78.58494531631229,Estimación adecuada
Sabana Grande,2020-2024,2,83.44790990052292,84.48613685118968,83.16928328330897,86.0775959632078,Estimación adecuada
Salinas,1980-1984,1,69.34771587119822,69.74448535250619,68.8049871458129,70.67860855539989,Estimación adecuada
Salinas,1980-1984,2,77.00356882697933,77.0581121835605,75.75553740118751,78.63177964224168,Estimación adecuada
Salinas,1985-1989,1,67.8768913469486,69.0360564564227,67.8423293854107,70.06460214168618,Estimación adecuada
Salinas,1985-1989,2,76.51927305162637,76.77369131429595,75.56183949291781,77.8213182958676,Estimación adecuada
Salinas,1990-1994,1,69.60135801885075,70.09693801653785,68.71983125275122,71.14201648340494,Estimación adecuada
Salinas,1990-1994,2,77.16626361655916,77.7101550343452,76.56050361504307,78.93536552415543,Estimación adecuada
Salinas,1995-1999,1,69.29023548543516,69.56793054611566,68.64453317295141,70.52640503325435,Estimación adecuada
Salinas,1995-1999,2,79.22383445714814,78.85495489212772,77.59003356751884,80.42355803159981,Estimación adecuada
Salinas,2000-2004,1,73.10253328655585,72.9975315993774,72.0297122643714,73.9662164852754,Estimación adecuada
Salinas,2000-2004,2,80.52455994892824,80.22731030081013,79.24828542748477,81.32677403330865,Estimación adecuada
Salinas,2005-2009,1,73.52822440107285,73.62132146874484,72.86788743552017,74.42998002396155,Estimación adecuada
Salinas,2005-2009,2,80.63090066219925,80.82225374858236,79.70644274161822,81.73115480185987,Estimación adecuada
Salinas,2010-2014,1,75.47743944137984,75.49433838757551,74.57266533193369,76.54392180355201,Estimación adecuada
Salinas,2010-2014,2,83.23167940762168,83.33757351349715,81.9017589953645,84.73273231582161,Estimación adecuada
Salinas,2015-2019,1,77.96635541138743,77.564500068568,76.47213659908132,78.56521703459703,Estimación adecuada
Salinas,2015-2019,2,85.02610562554052,84.69768673802898,83.29387971220389,86.16640931192651,Estimación adecuada
Salinas,2020-2024,1,77.2752335181164,77.11960151973912,76.22327708736923,78.10150693261457,Estimación adecuada
Salinas,2020-2024,2,85.43601257393142,84.94650549280094,83.7198374683139,86.45429610534306,Estimación adecuada
San German,1980-1984,1,72.17155637189039,72.00782589013883,71.13565673813,73.03462968779479,Estimación adecuada
San German,1980-1984,2,77.0812843420632,77.45303358456428,76.327448721085,78.29237136233743,Estimación adecuada
San German,1985-1989,1,73.24578912339052,72.66763424004776,71.75089649095972,73.4127720546006,Estimación adecuada
San German,1985-1989,2,78.281715742411,78.12629575228047,77.13653528813344,78.98138215140105,Estimación adecuada
San German,1990-1994,1,72.47312065094486,72.120752923106,71.08173212520728,73.14162287226972,Estimación adecuada
San German,1990-1994,2,78.88901019804139,79.08198770420441,78.09002154323021,79.87425908533417,Estimación adecuada
San German,1995-1999,1,74.17482678706043,73.32161570968861,72.40373997841293,74.4022113733532,Estimación adecuada
San German,1995-1999,2,78.52895052757144,78.89423863973992,77.96352317500893,79.92661839491609,Estimación adecuada
San German,2000-2004,1,75.40040785434385,74.8295760753262,73.75149346772787,75.5707478835467,Estimación adecuada
San German,2000-2004,2,81.07042973561371,81.15727897390593,79.99532887145773,82.27307286497674,Estimación adecuada
San German,2005-2009,1,75.89227383722931,75.42404849724113,74.4589307969421,76.4366493346783,Estimación adecuada
San German,2005-2009,2,81.35724022521588,81.7737376846073,80.5010626148595,82.73355855998729,Estimación adecuada
San German,2010-2014,1,77.09595528241658,76.26544614357002,75.52335375758463,77.20284616471992,Estimación adecuada
San German,2010-2014,2,81.95497572147197,82.61045344497454,81.62619085476715,83.75327520582283,Estimación adecuada
San German,2015-2019,1,79.14792857398798,78.13123835871951,77.41684809763419,78.8879766500004,< e0 observado
San German,2015-2019,2,84.0002365484052,84.3587653106137,83.17845799599418,85.460295007134,Estimación adecuada
San German,2020-2024,1,78.13234571523579,77.53877546176176,76.78388796578074,78.40322712746142,Estimación adecuada
San German,2020-2024,2,83.15333884969452,83.79288081972297,82.89857686442113,85.0963492940977,Estimación adecuada
San Juan,1980-1984,1,68.53296805880613,68.64589180446234,68.22765548172787,69.02884061741582,Estimación adecuada
San Juan,1980-1984,2,78.41781325030587,78.2657606607761,77.93793852699119,78.59655518130134,Estimación adecuada
San Juan,1985-1989,1,67.17212517316179,67.3606100985478,66.96518350708494,67.66155005974403,Estimación adecuada
San Juan,1985-1989,2,78.70934229140379,78.60922167340067,78.31082390152784,78.90490945463083,Estimación adecuada
San Juan,1990-1994,1,64.70940097035052,64.9610024302032,64.66223124013347,65.3059422606412,Estimación adecuada
San Juan,1990-1994,2,78.53794951508831,78.56444044849565,78.19271093361834,78.9197784514824,Estimación adecuada
San Juan,1995-1999,1,67.09892384379134,67.28611110020114,66.98110094507499,67.63524270072068,Estimación adecuada
San Juan,1995-1999,2,79.54091321860172,79.54333299964433,79.1971039426945,79.82676686227319,Estimación adecuada
San Juan,2000-2004,1,71.1882392973574,71.2304981665101,70.8660998036533,71.64742774649838,Estimación adecuada
San Juan,2000-2004,2,81.92921875527303,81.76700991822216,81.45018823450295,82.15221681372162,Estimación adecuada
San Juan,2005-2009,1,72.69964876784017,72.76736163735708,72.3733197583982,73.04116465051703,Estimación adecuada
San Juan,2005-2009,2,82.46547999538443,82.35250594436138,82.01929442010851,82.73322989004933,Estimación adecuada
San Juan,2010-2014,1,74.44529350870087,74.47440050220365,74.17556429550454,74.8784404397284,Estimación adecuada
San Juan,2010-2014,2,84.20463369793843,84.06134355854739,83.72136947947166,84.49940647728963,Estimación adecuada
San Juan,2015-2019,1,75.79825935426356,75.88583965111829,75.45467097178664,76.30932384647136,Estimación adecuada
San Juan,2015-2019,2,85.20819741649419,85.12169777612601,84.75340140385347,85.56308305441766,Estimación adecuada
San Juan,2020-2024,1,75.09617765928651,75.27436202077361,74.85224303899298,75.70834802479114,Estimación adecuada
San Juan,2020-2024,2,85.57777113429813,85.3894119399165,84.95635390534144,86.02058213461888,Estimación adecuada
San Lorenzo,1980-1984,1,72.4269330696064,72.473840114510665,71.33528890596952,73.52123621955121,Estimación adecuada
San Lorenzo,1980-1984,2,78.47103642037956,78.42877776691964,77.40000271642,79.4423665191705,Estimación adecuada
San Lorenzo,1985-1989,1,70.33185072656097,70.98124613618549,70.13719832354327,72.01520869945318,Estimación adecuada
San Lorenzo,1985-1989,2,79.4038927542163,78.7448367919372,77.86516572725263,79.89920263295761,Estimación adecuada
San Lorenzo,1990-1994,1,70.49063585980458,70.74916726523827,69.70794456322929,71.63451619705737,Estimación adecuada
San Lorenzo,1990-1994,2,79.42906403274269,79.21789915681816,78.13025977820479,80.28966934415152,Estimación adecuada
San Lorenzo,1995-1999,1,72.39291160482962,72.14117214826402,71.19749944451377,72.98926097529511,Estimación adecuada
San Lorenzo,1995-1999,2,78.56261721700943,78.64163640960166,77.76962163896286,79.54307427135079,Estimación adecuada
San Lorenzo,2000-2004,1,73.59466919977362,73.66219266078791,72.84542084007155,74.74985123892918,Estimación adecuada
San Lorenzo,2000-2004,2,81.14875504017051,81.03260970078543,79.9342249019115,82.16246066144305,Estimación adecuada
San Lorenzo,2005-2009,1,75.07421835227707,74.92298380239893,74.00987941721158,75.84362998957951,Estimación adecuada
San Lorenzo,2005-2009,2,82.06471302858854,81.78519472303789,80.89886631137415,82.53859171325895,Estimación adecuada
San Lorenzo,2010-2014,1,76.50254306599682,76.56744144302318,75.61110339805813,77.66507435531935,Estimación adecuada
San Lorenzo,2010-2014,2,83.9183271335132,83.26786522860392,82.38549691802089,84.29525809757385,Estimación adecuada
San Lorenzo,2015-2019,1,77.43176974248165,77.95229042162683,76.74603222092756,78.9722301497462,Estimación adecuada
San Lorenzo,2015-2019,2,85.92248006512409,85.64372513930677,84.32009120884479,87.18264634474181,Estimación adecuada
San Lorenzo,2020-2024,1,77.62523479934367,77.69965874997092,76.82139554032884,78.65269049300532,Estimación adecuada
San Lorenzo,2020-2024,2,84.55625634680975,84.45878146253028,83.39250232339242,85.39301798244105,Estimación adecuada
San Sebastian,1980-1984,1,73.33683627750408,72.73138135337413,71.80372850190032,73.77915536331852,Estimación adecuada
San Sebastian,1980-1984,2,77.39216900594447,77.63183757380341,76.51326807282354,78.64959972668295,Estimación adecuada
San Sebastian,1985-1989,1,71.54106439345284,71.74625627777809,70.91473359448722,72.49240779546892,Estimación adecuada
San Sebastian,1985-1989,2,78.32567842249966,78.42047141805057,77.48523548616144,79.45840176612278,Estimación adecuada
San Sebastian,1990-1994,1,72.72006609308197,72.42738295976966,71.61623761610781,73.10720442121055,Estimación adecuada
San Sebastian,1990-1994,2,78.61121244043503,78.77852896099756,77.85306750717184,79.7229644931802,Estimación adecuada
San Sebastian,1995-1999,1,73.29080325081594,72.81816551235117,71.99300785911538,73.54180649538348,Estimación adecuada
San Sebastian,1995-1999,2,79.73176179097116,79.4753297955195,78.65742470529293,80.15549676271021,Estimación adecuada
San Sebastian,2000-2004,1,74.89792147656362,74.58685207504453,73.77466116000784,75.19041594226968,Estimación adecuada
San Sebastian,2000-2004,2,80.32263567678552,80.26957189633042,79.31191081814391,81.19964121526003,Estimación adecuada
San Sebastian,2005-2009,1,76.73740203137386,75.9369544094508,75.21410424337182,76.89551352737186,Estimación adecuada
San Sebastian,2005-2009,2,81.1692904566309,81.18755447114896,80.2634049690688,81.8405478079869,Estimación adecuada
San Sebastian,2010-2014,1,76.69546237928682,76.35944174509413,75.54953777799386,77.2333143820913,Estimación adecuada
San Sebastian,2010-2014,2,83.16134686711862,82.99811784790471,82.08608135423012,83.86845748782481,Estimación adecuada
San Sebastian,2015-2019,1,79.1178099470019,78.45713420633825,77.65164918887457,79.64697478597161,Estimación adecuada
San Sebastian,2015-2019,2,84.22340952689646,84.02478426771623,83.01027163091499,84.85864300654487,Estimación adecuada
San Sebastian,2020-2024,1,78.24142492610734,77.78727818015048,77.01002246435559,78.62443282314179,Estimación adecuada
San Sebastian,2020-2024,2,84.23065748606743,84.3077426842004,83.51924314446389,85.17188654100205,Estimación adecuada
Santa Isabel,1980-1984,1,69.7275677276356,69.37270844238529,68.20540486760768,70.64767918284312,Estimación adecuada
Santa Isabel,1980-1984,2,77.7763438904047,77.10500605250633,75.85668410431907,78.4622562103339,Estimación adecuada
Santa Isabel,1985-1989,1,69.23817247335977,69.69177615770408,68.43484091917992,70.88681594497862,Estimación adecuada
Santa Isabel,1985-1989,2,76.67908928126376,76.61917200483865,75.39232647059099,77.8512794723368,Estimación adecuada
Santa Isabel,1990-1994,1,66.65679986192234,68.22165544559283,67.066394520003,69.20115341403394,> e0 observado
Santa Isabel,1990-1994,2,76.1627447017844,76.89499183359368,75.60982527835228,78.14793432246141,Estimación adecuada
Santa Isabel,1995-1999,1,68.83610956762453,69.34352872530538,68.2217514223669,70.23645617571484,Estimación adecuada
Santa Isabel,1995-1999,2,77.73152078827611,77.41933230653272,76.49013228723481,78.64838951071475,Estimación adecuada
Santa Isabel,2000-2004,1,69.45419232564782,70.9203183405408,69.769823648561,72.12086613306704,> e0 observado
Santa Isabel,2000-2004,2,79.11209035669054,79.2015645335134,78.28767673927598,80.50498438241016,Estimación adecuada
Santa Isabel,2005-2009,1,72.31479005793592,72.64565971979789,71.50450868996376,73.86678259281412,Estimación adecuada
Santa Isabel,2005-2009,2,81.59418713189359,81.39097215106648,80.02593910740464,82.86879703522035,Estimación adecuada
Santa Isabel,2010-2014,1,74.62174299181575,74.94648401423898,73.71936488933625,76.16241822350298,Estimación adecuada
Santa Isabel,2010-2014,2,81.81631250475374,81.47946274576725,80.48866632002373,82.7100361586687,Estimación adecuada
Santa Isabel,2015-2019,1,75.10553816345772,75.28172249464752,74.19619374631488,76.5163722037178,Estimación adecuada
Santa Isabel,2015-2019,2,85.04929628842375,84.01086364817425,82.49202282979519,85.399132024538,Estimación adecuada
Santa Isabel,2020-2024,1,74.53124138847393,75.08255659712978,73.8543328758222,76.33379806591816,Estimación adecuada
Santa Isabel,2020-2024,2,83.31177822878875,82.98939639883378,81.8260006330209,84.49979807082588,Estimación adecuada
Toa Alta,1980-1984,1,74.8830856005072,74.35272270428068,72.87461921267712,75.40892661936441,Estimación adecuada
Toa Alta,1980-1984,2,77.90618677933547,78.80127646616765,77.39040165018778,80.0949609533576,Estimación adecuada
Toa Alta,1985-1989,1,72.95726224514657,72.92539960541065,71.35910318849236,74.06373389586632,Estimación adecuada
Toa Alta,1985-1989,2,81.13925929884047,80.76184349354045,79.55277539257489,82.14316952493544,Estimación adecuada
Toa Alta,1990-1994,1,73.42887184415189,73.31121337536634,72.37135784637306,74.356353360629,Estimación adecuada
Toa Alta,1990-1994,2,79.53507742661205,79.79419251446498,78.63102659873712,81.38221901330166,Estimación adecuada
Toa Alta,1995-1999,1,73.12825061550112,73.00851804389143,72.18123845193573,73.86574201037482,Estimación adecuada
Toa Alta,1995-1999,2,80.88771225273739,80.68370343505467,79.70750449233623,81.81986209363023,Estimación adecuada
Toa Alta,2000-2004,1,75.20122641401855,75.09937592218823,74.27881057858755,76.01163079277691,Estimación adecuada
Toa Alta,2000-2004,2,81.33505965208538,81.63767490741239,80.63259533344265,82.68701023257327,Estimación adecuada
Toa Alta,2005-2009,1,77.25808536131703,77.07753730121456,76.40775700940402,77.95320179316303,Estimación adecuada
Toa Alta,2005-2009,2,83.45975745150935,83.33395681797498,82.29552393753502,84.39978809594975,Estimación adecuada
Toa Alta,2010-2014,1,77.617438844306065,77.67307837695981,76.6840925693596,78.57211857743302,Estimación adecuada
Toa Alta,2010-2014,2,84.59193836320182,84.28918067337742,83.36908243931327,85.40099032829465,Estimación adecuada
Toa Alta,2015-2019,1,79.44012262836311,79.45000832467295,78.62801926805996,80.30042064621654,Estimación adecuada
Toa Alta,2015-2019,2,84.21287299648571,84.52001913677726,83.52632721870728,85.45186849062884,Estimación adecuada
Toa Alta,2020-2024,1,79.32715713141147,79.28131489362144,78.35255835419142,80.19370601528777,Estimación adecuada
Toa Alta,2020-2024,2,85.92609855770323,85.38528352684926,84.58378200914306,86.50877627232322,Estimación adecuada
Toa Baja,1980-1984,1,72.82833976912103,72.47069615821624,71.57481748724437,73.20559752138777,Estimación adecuada
Toa Baja,1980-1984,2,79.03893803233984,78.62099813890566,77.71314758324303,79.79685888947367,Estimación adecuada
Toa Baja,1985-1989,1,71.09171108702432,71.17777018776364,70.50464117438199,71.88860513493054,Estimación adecuada
Toa Baja,1985-1989,2,79.17713173148333,78.91365524802414,78.23365817391789,79.83099220519651,Estimación adecuada
Toa Baja,1990-1994,1,69.55070432606276,70.10075855534221,69.35355972500578,70.77279409560553,Estimación adecuada
Toa Baja,1990-1994,2,78.53439715581091,78.378575089,77.64277273851566,79.04089080951292,Estimación adecuada
Toa Baja,1995-1999,1,71.02389397781576,71.25018408326224,70.5775262248288,71.89718125630668,Estimación adecuada
Toa Baja,1995-1999,2,80.35817914633549,79.84316843189326,79.08965978968237,80.56391352171482,Estimación adecuada
Toa Baja,2000-2004,1,73.3130761935651,73.46898369471609,72.72537627124177,74.25220935993636,Estimación adecuada
Toa Baja,2000-2004,2,81.24641875534006,80.9468418727842,80.16532863249338,81.8593424812459,Estimación adecuada
Toa Baja,2005-2009,1,73.9336800218148,74.07172392886562,73.41135889350603,74.85619159108379,Estimación adecuada
Toa Baja,2005-2009,2,81.2918522418654,81.22967437047689,80.47351549183098,81.97546684718333,Estimación adecuada
Toa Baja,2010-2014,1,75.63234922554784,75.69191028025348,75.01720303483651,76.42782626718439,Estimación adecuada
Toa Baja,2010-2014,2,83.19276198853512,82.94310131863084,82.34821888189542,83.7984965308126,Estimación adecuada
Toa Baja,2015-2019,1,77.0796431176242,77.18439351606358,76.30103969256635,77.96198945746582,Estimación adecuada
Toa Baja,2015-2019,2,85.28768156374481,85.11134187500951,84.04118843473427,85.93846639340134,Estimación adecuada
Toa Baja,2020-2024,1,76.06866784040614,76.34706676394892,75.46583536691688,76.99082153276464,Estimación adecuada
Toa Baja,2020-2024,2,84.82502560819063,84.64584510484099,83.7508696376131,85.61163438350559,Estimación adecuada
Trujillo Alto,1980-1984,1,73.8807661516517,73.80474206974706,72.78282159247777,74.66078342555238,Estimación adecuada
Trujillo Alto,1980-1984,2,80.45848591811597,80.08836877614928,78.91394012550813,81.6833817483942,Estimación adecuada
Trujillo Alto,1985-1989,1,72.91759611684925,73.17657503045908,72.28034673818883,73.95530307723135,Estimación adecuada
Trujillo Alto,1985-1989,2,81.01563083839561,80.60143472796952,79.45242922655012,82.16100883055458,Estimación adecuada
Trujillo Alto,1990-1994,1,72.6023641348921,72.85901493533507,71.93605199212666,73.57374637396705,Estimación adecuada
Trujillo Alto,1990-1994,2,79.85175886432305,79.86665897147813,79.0296909998998,80.84605760415295,Estimación adecuada
Trujillo Alto,1995-1999,1,72.41162116159781,72.71488334704945,72.06107706527399,73.4446978279552,Estimación adecuada
Trujillo Alto,1995-1999,2,81.19162622930031,80.88326897786959,80.05889684126598,82.01948335815563,Estimación adecuada
Trujillo Alto,2000-2004,1,74.68446388601943,74.86866782466791,74.11108427243741,75.52999579660714,Estimación adecuada
Trujillo Alto,2000-2004,2,83.41194987282269,83.19482192421373,82.35423356569083,84.41974926586093,Estimación adecuada
Trujillo Alto,2005-2009,1,75.81610434260868,75.97808026690393,75.14061242721377,76.67320380807132,Estimación adecuada
Trujillo Alto,2005-2009,2,83.84316698522537,83.35484606510173,82.56267678267031,84.38444698254908,Estimación adecuada
Trujillo Alto,2010-2014,1,77.88979650864401,77.87551736478927,77.20517834032,79.01946420611131,Estimación adecuada
Trujillo Alto,2010-2014,2,85.28937280458358,84.94516193548566,84.21924521108124,85.88360488259127,Estimación adecuada
Trujillo Alto,2015-2019,1,79.53728233113502,79.47415051382663,78.7529735872142,80.351152293318,Estimación adecuada
Trujillo Alto,2015-2019,2,86.3543330403018,86.16602018692902,85.32460850998126,87.35545305298011,Estimación adecuada
Trujillo Alto,2020-2024,1,78.39208683519212,78.63298558581171,77.76726545907401,79.45946529802947,Estimación adecuada
Trujillo Alto,2020-2024,2,86.16954614436371,85.97589270455498,85.01188264699917,86.9316026370562,Estimación adecuada
Utuado,1980-1984,1,72.77455758364391,72.80067174264373,71.93948489165649,73.82711865401403,Estimación adecuada
Utuado,1980-1984,2,78.22725510627389,78.29033959727505,77.23983594507469,79.28245726095673,Estimación adecuada
Utuado,1985-1989,1,72.49241351300115,72.39854514099537,71.37313369561885,73.45285299840059,Estimación adecuada
Utuado,1985-1989,2,78.55971933281445,78.54044671996965,77.57433735586076,79.60762344763836,Estimación adecuada
Utuado,1990-1994,1,73.58027996114916,72.90889130587169,72.01299864807467,73.86804222583021,Estimación adecuada
Utuado,1990-1994,2,79.15999314000904,78.97093867553181,77.83572818452487,79.79357232196806,Estimación adecuada
Utuado,1995-1999,1,73.56681994998524,72.69671575470187,71.77536924635771,73.56037149274596,< e0 observado
Utuado,1995-1999,2,79.75811291705193,79.38788602167924,78.59915228642097,80.36050496440515,Estimación adecuada
Utuado,2000-2004,1,75.66609210920785,74.89517999538157,73.85021312501388,75.81944631698377,Estimación adecuada
Utuado,2000-2004,2,80.85296661933371,81.12195871334157,80.10425026955032,82.35272044149173,Estimación adecuada
Utuado,2005-2009,1,74.96306439444312,75.01724394039618,74.15042774234055,75.96200121348446,Estimación adecuada
Utuado,2005-2009,2,81.95177865789455,82.17596575814679,80.99309123798614,83.22049780343141,Estimación adecuada
Utuado,2010-2014,1,76.45438665507136,75.98173135918896,75.17440927903363,76.7416965963198,Estimación adecuada
Utuado,2010-2014,2,83.96232047500072,83.41045493959425,82.29635145199347,84.76489817159772,Estimación adecuada
Utuado,2015-2019,1,79.0189703608258,78.91344572299079,78.00152818470673,80.13965638538181,Estimación adecuada
Utuado,2015-2019,2,85.5118737413184,85.12892344791851,84.1359499432994,86.58616500820392,Estimación adecuada
Utuado,2020-2024,1,80.22889535833663,79.1825693544966,77.84239479509995,80.25783297394115,Estimación adecuada
Utuado,2020-2024,2,86.24989014279643,85.43819322565513,84.22756398142121,87.07337555577115,Estimación adecuada
Vega Alta,1980-1984,1,73.54933326191107,73.11689474853942,71.9031742824929,74.13341789709845,Estimación adecuada
Vega Alta,1980-1984,2,78.25469326095431,78.42040605085172,77.12837650112854,80.0053756428085,Estimación adecuada
Vega Alta,1985-1989,1,72.05535344696615,72.33544211375101,71.20626718323325,73.22411397809333,Estimación adecuada
Vega Alta,1985-1989,2,78.15985935324002,78.34851012139673,77.34862260238808,79.24156418046378,Estimación adecuada
Vega Alta,1990-1994,1,70.24052329679134,70.90864525494862,69.79393609320977,71.80716314494697,Estimación adecuada
Vega Alta,1990-1994,2,79.51462054686016,79.51413446647834,78.26559997714115,80.58716673842025,Estimación adecuada
Vega Alta,1995-1999,1,71.54816531304111,71.83364936101285,70.85043244974199,72.68494589760972,Estimación adecuada
Vega Alta,1995-1999,2,79.34051049480365,79.41871586293883,78.39028097566569,80.42162923473734,Estimación adecuada
Vega Alta,2000-2004,1,74.10875011525926,74.24214516976903,73.05578234639424,75.13291846591414,Estimación adecuada
Vega Alta,2000-2004,2,81.98636550598057,81.64697009551209,80.44805869741603,82.88556676012428,Estimación adecuada
Vega Alta,2005-2009,1,74.49742104581102,74.76191401656328,73.7099413120304,75.93507520255253,Estimación adecuada
Vega Alta,2005-2009,2,82.79578771576239,82.3907399622446,81.41173804095737,83.58664469981424,Estimación adecuada
Vega Alta,2010-2014,1,76.95585105473053,76.64355045578867,75.9007877257743,77.98551728262058,Estimación adecuada
Vega Alta,2010-2014,2,84.70771205138385,84.32654229268957,82.89933418181178,85.82969197902926,Estimación adecuada
Vega Alta,2015-2019,1,79.09002086085074,78.62670794039535,77.69460890224386,79.75611977989026,Estimación adecuada
Vega Alta,2015-2019,2,84.78023321458953,84.75639358470231,83.59768971542965,85.8685477145861,Estimación adecuada
Vega Alta,2020-2024,1,79.13203080104806,78.83295170870106,77.68672927220071,80.2314269434069,Estimación adecuada
Vega Alta,2020-2024,2,86.55489338482076,85.71024581871893,84.52104448210909,87.18935201370469,Estimación adecuada
Vega Baja,1980-1984,1,72.17472574689376,72.00959848816117,70.86660257005047,73.07993410080006,Estimación adecuada
Vega Baja,1980-1984,2,77.4559969407079,77.17435726160713,76.3514188468674,77.88845506476565,Estimación adecuada
Vega Baja,1985-1989,1,71.32919645334727,71.42036761955171,70.56520158139747,72.40780394976082,Estimación adecuada
Vega Baja,1985-1989,2,78.37255208308184,78.30978151180969,77.31505515152404,79.10550326177926,Estimación adecuada
Vega Baja,1990-1994,1,69.34239102427848,69.76620758405367,68.89548876124586,70.60825839894116,Estimación adecuada
Vega Baja,1990-1994,2,79.817128530258,79.49360161941965,78.63115640202263,80.56882671061618,Estimación adecuada
Vega Baja,1995-1999,1,69.80129928554581,70.17589454263964,69.28852212853786,70.99324773340074,Estimación adecuada
Vega Baja,1995-1999,2,78.73855584436625,78.46645524505007,77.73449312477845,79.31943206173197,Estimación adecuada
Vega Baja,2000-2004,1,71.71281396652603,72.15972484444637,71.40311889782112,72.94403411846947,Estimación adecuada
Vega Baja,2000-2004,2,80.83940501884719,80.30638522238286,79.57299625263973,81.09038913789271,Estimación adecuada
Vega Baja,2005-2009,1,73.49107576558887,73.79023909258868,72.89016935516992,74.59031460587364,Estimación adecuada
Vega Baja,2005-2009,2,81.56225378359265,81.27309199319126,80.54456506040856,82.08100843357377,Estimación adecuada
Vega Baja,2010-2014,1,75.67293352681041,75.64031986040098,74.88715982070323,76.28558349319928,Estimación adecuada
Vega Baja,2010-2014,2,82.83225536608914,82.47469085631201,81.68072986485987,83.3530099203509,Estimación adecuada
Vega Baja,2015-2019,1,77.17186219895375,76.99362255875232,76.0491724915627,77.76649485565883,Estimación adecuada
Vega Baja,2015-2019,2,85.55300741129905,85.08550359187419,84.01710960705041,86.35936842389285,Estimación adecuada
Vega Baja,2020-2024,1,76.1343018706242,76.5459020004244,75.74864072281443,77.51271825625338,Estimación adecuada
Vega Baja,2020-2024,2,85.01178406884422,84.4276637394112,83.52475669657868,85.31812117567111,Estimación adecuada
Vieques,1980-1984,1,68.44199950691872,69.30005838723599,67.37939328786564,70.93770753484861,Estimación adecuada
Vieques,1980-1984,2,79.82881030409467,77.43621075922299,75.84661877101276,79.30159735971495,< e0 observado
Vieques,1985-1989,1,68.91887213110078,69.08197718047843,68.0461913413645,70.32620820189567,Estimación adecuada
Vieques,1985-1989,2,76.64055553721266,77.07874560458617,75.45488847235305,78.52462910217464,Estimación adecuada
Vieques,1990-1994,1,70.56388701195755,69.82190015605119,68.3676734732288,71.17864533073785,Estimación adecuada
Vieques,1990-1994,2,75.61141239304688,76.69341192237223,75.17241356992403,78.01301406936184,Estimación adecuada
Vieques,1995-1999,1,67.1661520645474,68.8117448428786,67.6174116179071,69.93990088842567,> e0 observado
Vieques,1995-1999,2,77.66760098100364,78.05103603926133,76.64588092543009,79.44479788424826,Estimación adecuada
Vieques,2000-2004,1,71.06219249587082,71.57138794384768,70.22304950366792,72.79576700136947,Estimación adecuada
Vieques,2000-2004,2,79.94564055883934,79.74887432801043,78.49913327910255,81.52648006940731,Estimación adecuada
Vieques,2005-2009,1,71.86562241202773,72.83536575634324,71.2634258027713,73.8598453395727,Estimación adecuada
Vieques,2005-2009,2,82.1662176624026,81.07364956238538,79.57607713751054,83.29703256744773,Estimación adecuada
Vieques,2010-2014,1,72.38693885614644,74.51929772795583,73.32862791171382,76.04179724601136,> e0 observado
Vieques,2010-2014,2,82.20083674525317,82.3123754275063,80.9697074746488,84.11227729459682,Estimación adecuada
Vieques,2015-2019,1,75.48771486205818,76.44957275034966,74.94033848851659,77.80377867424728,Estimación adecuada
Vieques,2015-2019,2,85.60400958844578,84.20890591873919,82.5153913379593,86.85737775642214,Estimación adecuada
Vieques,2020-2024,1,70.30670126441383,75.21848882997477,73.61416284650934,76.83427843208813,> e0 observado
Vieques,2020-2024,2,82.77316856062777,82.49765452652454,80.97101219903757,84.74089890491304,Estimación adecuada
Villalba,1980-1984,1,71.31481633801816,71.72913893627175,70.49831879140228,73.06834204596541,Estimación adecuada
Villalba,1980-1984,2,77.35744616187003,78.2151844541786,77.03148493102285,79.50040346151525,Estimación adecuada
Villalba,1985-1989,1,70.6812298941124,71.34610038984971,70.42000541779854,72.2571759547006,Estimación adecuada
Villalba,1985-1989,2,78.13907330956457,78.36633515697022,77.12031298834688,80.07996661085676,Estimación adecuada
Villalba,1990-1994,1,72.3498469286644,71.61338515986141,70.81896038973674,72.69342655489649,Estimación adecuada
Villalba,1990-1994,2,79.32972359168376,79.05576965216682,77.56922524467666,80.26459140249287,Estimación adecuada
Villalba,1995-1999,1,74.12665072351581,72.89716088675183,71.98886963919692,73.80174081239458,< e0 observado
Villalba,1995-1999,2,79.94095261032773,79.61262378353707,78.41632292131186,80.79383743744503,Estimación adecuada
Villalba,2000-2004,1,75.24588138203707,74.76042620989864,73.70927419007826,75.93612479130954,Estimación adecuada
Villalba,2000-2004,2,81.24189158745828,80.96095653013256,79.55727368878254,82.08621471586773,Estimación adecuada
Villalba,2005-2009,1,75.22194783512565,75.03930058764084,74.07937378665383,76.26737816462432,Estimación adecuada
Villalba,2005-2009,2,82.367985821704,82.28544905081688,80.7871544389896,83.55164433711855,Estimación adecuada
Villalba,2010-2014,1,77.8383761040004,76.83111068204971,75.68773978767413,78.28312982071452,Estimación adecuada
Villalba,2010-2014,2,82.38109633625453,82.6687772922116,81.30580853283205,83.79150712033302,Estimación adecuada
Villalba,2015-2019,1,77.83504649286682,77.73825309022718,76.5448763485812,78.7245498844348,Estimación adecuada
Villalba,2015-2019,2,84.05820533092681,84.17576088407098,82.92272141264516,85.42615164083993,Estimación adecuada
Villalba,2020-2024,1,77.24232552482839,77.08680142544634,76.28409094253624,78.52124651851204,Estimación adecuada
Villalba,2020-2024,2,85.36972299365041,85.53514992984017,84.10413977360031,86.89022323169695,Estimación adecuada
Yabucoa,1980-1984,1,71.13885114874819,71.36286404013396,70.27840965366681,72.1483607373872,Estimación adecuada
Yabucoa,1980-1984,2,77.69784172893796,77.71194613985105,76.76495037163409,78.94492792715869,Estimación adecuada
Yabucoa,1985-1989,1,71.6497165141789,71.7932831061054,70.88806295251624,72.75120346588912,Estimación adecuada
Yabucoa,1985-1989,2,78.71247157491743,78.54997343915282,77.46355389399304,79.54722141155511,Estimación adecuada
Yabucoa,1990-1994,1,72.18368470754862,71.93203766065596,71.00351595238126,72.81047881126068,Estimación adecuada
Yabucoa,1990-1994,2,78.65582186258791,78.54346696015153,77.47553535865313,79.85186353531728,Estimación adecuada
Yabucoa,1995-1999,1,70.61759581589234,71.01940915003755,70.26267005710747,71.77255897460125,Estimación adecuada
Yabucoa,1995-1999,2,79.25053941807832,79.10467894878857,78.06128905434628,80.01576063402237,Estimación adecuada
Yabucoa,2000-2004,1,74.67500524731325,74.53714948949589,73.42475760388281,75.43358950085252,Estimación adecuada
Yabucoa,2000-2004,2,81.74191284227646,81.68020604346906,80.48659656199911,82.55741747364173,Estimación adecuada
Yabucoa,2005-2009,1,74.52109913218256,74.88749374813128,73.82165734267724,75.82729991944518,Estimación adecuada
Yabucoa,2005-2009,2,83.07308125246723,82.77915362227097,81.55004246139225,84.15999617754366,Estimación adecuada
Yabucoa,2010-2014,1,75.57434879024864,76.10500549383448,75.26833898473288,76.92013897788377,Estimación adecuada
Yabucoa,2010-2014,2,82.0382545268585,82.51699068244949,81.38100483770253,83.70616933222489,Estimación adecuada
Yabucoa,2015-2019,1,77.58753133123862,78.13228894706192,77.06500475211304,79.0789135652042,Estimación adecuada
Yabucoa,2015-2019,2,86.1265699532434,85.67040385211843,84.43467599898852,86.81310946841316,Estimación adecuada
Yabucoa,2020-2024,1,75.78194920338815,77.16265769398522,75.93104528395862,78.24955428332211,> e0 observado
Yabucoa,2020-2024,2,85.25611674355481,84.91341108009144,83.7115960214004,86.01357918168263,Estimación adecuada
Yauco,1980-1984,1,71.51456720078431,71.16402218284489,70.21758710409708,72.01322287260601,Estimación adecuada
Yauco,1980-1984,2,77.4589640282646,77.28529767911725,76.23841166047433,78.49439022439128,Estimación adecuada
Yauco,1985-1989,1,69.95040254168732,70.09032065471041,69.32183163333264,70.85761911723316,Estimación adecuada
Yauco,1985-1989,2,77.60208552265917,77.41944781446446,76.67542003905507,78.72031580139301,Estimación adecuada
Yauco,1990-1994,1,71.7335324052013,71.34197789078198,70.39696525839685,72.13945508070509,Estimación adecuada
Yauco,1990-1994,2,78.49054698828598,78.17088515634592,77.27585162210397,79.17820368046488,Estimación adecuada
Yauco,1995-1999,1,72.03051290197796,71.60600708395326,70.64110213665728,72.32759473143125,Estimación adecuada
Yauco,1995-1999,2,79.29391771380651,78.79952519787513,78.0110105637973,79.66302828314062,Estimación adecuada
Yauco,2000-2004,1,72.97803149863371,73.07809285116181,72.05215151227206,73.80819838361259,Estimación adecuada
Yauco,2000-2004,2,79.24854846213276,79.32021180791874,78.65912777491744,80.26015518299965,Estimación adecuada
Yauco,2005-2009,1,73.24138587908658,73.5436952904471,72.78655839007348,74.43574582595548,Estimación adecuada
Yauco,2005-2009,2,80.5594161821005,80.5434164421481,79.70132809274072,81.59991517730582,Estimación adecuada
Yauco,2010-2014,1,75.57887719653512,75.49691005350776,74.67688671437047,76.44973154364617,Estimación adecuada
Yauco,2010-2014,2,81.76032266455593,81.91323035317907,81.04027345695312,82.77626130812325,Estimación adecuada
Yauco,2015-2019,1,77.43223226793361,77.21851954326449,76.28967374406724,78.22141486921464,Estimación adecuada
Yauco,2015-2019,2,82.51620418595085,83.23101555658566,82.31900887919679,84.1946311172357,Estimación adecuada
Yauco,2020-2024,1,75.94482006846164,76.31795855840389,75.5181262401003,77.33307604810315,Estimación adecuada
Yauco,2020-2024,2,83.86986937855978,83.33446327844726,82.6018503301809,84.23839395094228,Estimación adecuada
