reg_code	age	include_code	1980	1985	1990	1995	2000	2005	2010	2015	2020
72001	0-4	2	0.00439161707813347	0.00302933701544634	0.00311795295010836	0.00358041889962551	0.00280700247784427	0.00214066171222315	0.00231048398560681	0.00220455001482484	0.00231248282491367
72001	5-9	2	0.000203879435368784	0.00023062850501238	0.000228160698841319	0.000212900394437409	0.000190454217909734	0.000171344783125409	0.000165051337916767	0.000143613519897312	0.00014916082038118
72001	10-14	2	0.000271032358910756	0.000293033295715726	0.000290500793546402	0.000270698658211648	0.000219620074342491	0.000207986886149464	0.000190674270387489	0.000174998563666076	0.000181673717366347
72001	15-19	2	0.00101269345805696	0.000854069634509294	0.000888014083406607	0.000983701046365501	0.000821807976373031	0.00071698521878947	0.000613821765615565	0.000631117361394151	0.000598599752471238
72001	20-24	2	0.00139218608261615	0.00160832879691195	0.00159712880574303	0.00163431806068998	0.00136559971828477	0.00148466080019581	0.00106436992775352	0.00110105105537952	0.00115073644392603
72001	25-29	2	0.00181976714018013	0.00230311027209401	0.00228147923742404	0.00247608844601599	0.00172376734545042	0.00167227156753817	0.00158297181529909	0.00150394638708994	0.00149764916133181
72001	30-34	2	0.00223964819789239	0.00253924361504114	0.00269610699523411	0.00307031187908026	0.00208657211008	0.00192085036506684	0.00184468265511593	0.00217791104284405	0.00161893395848221
72001	35-39	2	0.00281124468769826	0.00368564974963812	0.00381554761830594	0.00294178816872228	0.00262297116339585	0.00246945224013996	0.00233772984352939	0.00184115378034158	0.00201249268844477
72001	40-44	2	0.00360161832809984	0.0042683866885587	0.00447965139935797	0.00394734127957603	0.00303026512124454	0.00363892663811917	0.00246447516639919	0.00271084381045705	0.00263453797035278
72001	45-49	2	0.00555558700243528	0.0055731880294554	0.00546521274343213	0.00472096659521716	0.00385984214500486	0.00412961470750704	0.00374131252113137	0.00327632387551979	0.00406129731657508
72001	50-54	2	0.007272423193018	0.00837679980682234	0.00768489141998006	0.00666126072661649	0.00545190124396595	0.00582255769335396	0.00492813753567225	0.00450631712800338	0.00519810420485566
72001	55-59	2	0.0108298240344506	0.0124271646127793	0.0106971512221564	0.0105603176563888	0.0104063918633451	0.0075301382735999	0.00751358555941425	0.00713463622790398	0.00766860269962777
72001	60-64	2	0.0170778630406782	0.0239233936764577	0.022954050362533	0.0209330935272424	0.0150291385305162	0.0118324100565504	0.0109580487691282	0.0132204240313755	0.00825366159378006
72001	65-69	2	0.0263804275096251	0.0307324641262413	0.029273077625374	0.0281641864875231	0.0209210771758743	0.0191604070859955	0.0171458971429144	0.0133408371317011	0.0107288339116133
72001	70-74	2	0.0418310337648638	0.0387927384523686	0.0360044005825512	0.0355484935865301	0.033886503656408	0.0334366731150735	0.0269877221404243	0.0203227789411954	0.0230895582628871
72001	75-79	2	0.0586610622546228	0.0611345822577833	0.0657955471156003	0.0528877409632706	0.0633637952535074	0.0427300298194248	0.0418985402214108	0.0298085123994543	0.0353460315016131
72001	80-84	2	0.0870833332409664	0.0874523720583969	0.0986824088818059	0.107317893201857	0.0885747408101403	0.067478652033866	0.0751509502612377	0.0613179991402996	0.0464988019206624
72001	85+	2	0.189030694187062	0.166265458022997	0.154825714908262	0.153681329666684	0.175164952034835	0.154837325996485	0.122696712462661	0.130060047935364	0.108623000276015
72003	0-4	2	0.00366809154734606	0.0029181156801084	0.00281901514937716	0.0026426263819132	0.00223717726613288	0.00231245805148402	0.00238731202982753	0.00154395439669601	0.0021437774306501
72003	5-9	2	0.000244723778031438	0.000227349092181419	0.000258385857074225	0.000230656854102121	0.000179668630326928	0.000188662194610807	0.000150403257680241	0.000137896215268023	0.000144764712076781
72003	10-14	2	0.000330741428290022	0.000257338729750993	0.000279116721552489	0.000274882448393509	0.000205633413683621	0.000205267652513146	0.000190212879992287	0.000167214315777514	0.000174833378582038
72003	15-19	2	0.000804413720549001	0.000931721060499352	0.000926078566175911	0.000831830295482829	0.000792516165333771	0.000706772220745345	0.000592056179905369	0.000566401449391275	0.000550234731285759
72003	20-24	2	0.00132162118527065	0.00197383933028886	0.00168852077456469	0.00150257597114011	0.00131510886701404	0.00125714465272554	0.00111902337851542	0.0012100695448121	0.00114915275456048
72003	25-29	2	0.00203175853588319	0.00169128240663456	0.00211019532735864	0.0023270051722693	0.00165380841241172	0.00138423938653682	0.00172028293362389	0.00140047032912942	0.00135456480254769
72003	30-34	2	0.00234736036869193	0.00236492801266755	0.00219185572122578	0.00239524503682981	0.00206078115176649	0.00156607474245191	0.00150434390077667	0.00152819986929289	0.0017041174281046
72003	35-39	2	0.00251945128043258	0.00302405907539385	0.00347522453689635	0.00317191954488528	0.00297222916504233	0.00196959289105156	0.00217004141662973	0.00189612360874645	0.00229002950838012
72003	40-44	2	0.00330932043160049	0.00360685189202863	0.00463917183265369	0.00467108431808809	0.00321360900284873	0.00294500922850899	0.00283513122524306	0.00233017820076025	0.0029209854174863
72003	45-49	2	0.00510802509886097	0.00526498522402055	0.00463595410390137	0.00501667557228423	0.00389933993223087	0.00330966017812591	0.00338070842828192	0.00395810477065906	0.0031605663277774
72003	50-54	2	0.00854641543475038	0.0074292816959945	0.00979966253750574	0.00777947697393118	0.00637864896971632	0.00646254832152914	0.00567151088305289	0.00444824270335208	0.00555208383988827
72003	55-59	2	0.0095873299645868	0.0111012686462705	0.0105297294565991	0.0116117458877267	0.00821464599809465	0.00813830796554665	0.00795608867744226	0.00716650362217626	0.00610973555952447
72003	60-64	2	0.0178311841493868	0.0163702946458808	0.0171404785433626	0.0165445521198341	0.0142965709711353	0.0102642011272023	0.0129302216238899	0.0087845455932928	0.0127674879812416
72003	65-69	2	0.0257497739350894	0.0222341663427759	0.0243947010100302	0.025257154810462	0.0215214263322361	0.0216547567080544	0.017672907870328	0.0145300807900215	0.0192704362134519
72003	70-74	2	0.044589697086669	0.0367017976154429	0.0328088775682275	0.0387611939822523	0.0351681787018014	0.0276736513614597	0.0250933418427159	0.0239263721646165	0.0213625515755553
72003	75-79	2	0.05030306980145	0.0580250354621506	0.0512269925859584	0.0593130736338586	0.0511697577246366	0.0404843813032693	0.044080724560017	0.0314757910533187	0.0404225311461208
72003	80-84	2	0.0841894255543741	0.0959371100565425	0.0912127958525661	0.0821738250872549	0.0682959658635763	0.0699349575737835	0.0706259399591175	0.0577106899178589	0.0609389095980793
72003	85+	2	0.173894979724332	0.1737643823269	0.181159331296342	0.150912902706603	0.17486897246651	0.177326279235921	0.141528475724915	0.124061848978732	0.116855613597682
72005	0-4	2	0.00494381223316054	0.00362472222670878	0.00388921513324354	0.00276684356887442	0.00224010916910089	0.00234706011939685	0.00216247312833211	0.00166207865538254	0.0019872078301717
72005	5-9	2	0.000248451852851743	0.000222981268220768	0.000221166901741797	0.000227476036222868	0.000214657051659275	0.000178812417338275	0.000174154943329161	0.000154273831838527	0.000170735342428542
72005	10-14	2	0.00034455588545183	0.000311450815537832	0.000352461723308733	0.000296369779222936	0.000224821354518797	0.000224506151037081	0.000199256918391934	0.000194636353770173	0.000194742942876942
72005	15-19	2	0.000849728327004622	0.000881015125987676	0.00116879630551533	0.00119414907733938	0.000934468292561736	0.000850078899798063	0.000634987954315878	0.000613641775175734	0.000703614070839325
72005	20-24	2	0.0019660030576611	0.00175576644341541	0.0018720368882746	0.00209697747739714	0.00147154936448658	0.00137151390126614	0.00152971440072617	0.00133062654892466	0.00125673699753026
72005	25-29	2	0.0025231568149438	0.00319415434615977	0.00249641615089558	0.00252116865397618	0.00160320517881521	0.00222502025099383	0.00151458953503918	0.00145107800096444	0.00177012912428227
72005	30-34	2	0.00266426885347126	0.00294646249429201	0.0030499318553241	0.00367111286024191	0.00197149585899918	0.0018824743601128	0.00184210907914349	0.00211701991570203	0.00311661955139057
72005	35-39	2	0.0031920373136981	0.00467131792846507	0.00460802470611933	0.00425493409234244	0.00330019728379687	0.00325787072215661	0.00271837233501192	0.00277034680132439	0.00288966894514192
72005	40-44	2	0.00479256731128409	0.00584856683486152	0.00469150610350812	0.00576449850085611	0.00342305216083108	0.00449107132769804	0.00317127650832153	0.00283180820015919	0.00433771829796798
72005	45-49	2	0.00626781570858948	0.00637575344489891	0.00656584694791723	0.00689010040062447	0.00538164788222526	0.00558877178554661	0.00467567374916484	0.00408337715155776	0.00495470550615249
72005	50-54	2	0.00803536219863213	0.00822230769885644	0.00830167414928677	0.00852904253835881	0.00742966905630576	0.00749375156594955	0.00699690286713899	0.00650101388842424	0.00767977861283612
72005	55-59	2	0.0125342395967791	0.0137460727082696	0.0129979197256326	0.0126846591004696	0.0117818311810609	0.00971806928835259	0.00942520769936375	0.0120094710390652	0.00890700622161556
72005	60-64	2	0.0177855007191543	0.0185963482838889	0.0213402684663006	0.017706622276988	0.0165506778688995	0.0158162606043748	0.014624695925135	0.0133581580807321	0.0124309583365752
72005	65-69	2	0.0275420287017014	0.0270490300580472	0.0265749740830315	0.0278905323338732	0.0240410886184972	0.0202359656374217	0.021032957871637	0.0207118327121055	0.017010482537682
72005	70-74	2	0.0444119388442567	0.0404863880667916	0.0426068821714217	0.037167798069066	0.0353400344846453	0.0322617499301787	0.027334799251023	0.0279341336392826	0.0244372882361988
72005	75-79	2	0.0557153889319251	0.0596104764953212	0.0548505739409684	0.0626887982170679	0.0550491391266657	0.0514931919842917	0.0460812643504497	0.0359848562368945	0.036438381628095
72005	80-84	2	0.0856967035294948	0.0908688191641321	0.09083096830174	0.0990956523666962	0.0945771409551883	0.0764075579837126	0.0718656721584724	0.0583262165956892	0.0630717692002885
72005	85+	2	0.194576736012546	0.160884863845138	0.150570342363074	0.16206602757436	0.169114830378294	0.1782180060917	0.141197256931236	0.118462107740243	0.12471493339177
72007	0-4	2	0.00405306164372277	0.00340312416516054	0.00302260002928023	0.0030404713353234	0.00258669276634723	0.00266408277329195	0.00228552597867462	0.0021028915821757	0.00225454650596549
72007	5-9	2	0.000215316662197327	0.000242783935736944	0.000239278293911802	0.000213157290885178	0.000190771746062002	0.000180908650723933	0.000165991549173115	0.000152838659641885	0.000151898414114775
72007	10-14	2	0.000301163526341291	0.000278472299610072	0.000274113946509902	0.000297298952825938	0.000242695455813451	0.000229785221826247	0.000191429612580061	0.000176233228279152	0.000184501550948988
72007	15-19	2	0.000860047945681039	0.000926017734987233	0.000883579782379007	0.00105305424836641	0.000828937435683962	0.000704632271997157	0.000749204872519419	0.000564672296215668	0.000625100114883057
72007	20-24	2	0.00159864325661833	0.00163480729889249	0.00197225391236097	0.00187728414614407	0.00202166723264	0.00154294648799512	0.00158923863631033	0.00173188091259938	0.00148942145106157
72007	25-29	2	0.00198311375929341	0.00252200951167525	0.00221463156937626	0.00235536424510505	0.00212588995236737	0.00208580562165766	0.0026427849027763	0.00163183329228745	0.00137963285211435
72007	30-34	2	0.00259757313640094	0.00258064860178888	0.00333840263502075	0.00360348977162973	0.00185679694395852	0.00262379223927132	0.00227770443494009	0.00212284300002897	0.00200519134599081
72007	35-39	2	0.00315915101423658	0.00293583416229902	0.00394884433656216	0.00377412446782997	0.00271871671903455	0.00273616057041163	0.00258073872302705	0.00268834774981965	0.00254987103114629
72007	40-44	2	0.00386660372078646	0.00396990988039424	0.00389434898055365	0.00396023706277669	0.0036784102624441	0.00365411905880851	0.00306959171185622	0.00364305722695244	0.00248107467182237
72007	45-49	2	0.00559115321707252	0.00588242012846901	0.00610606330449305	0.00501999996188998	0.00512803295217975	0.00535146976596737	0.00450921136820586	0.00359353431363768	0.00393644717702145
72007	50-54	2	0.00920098445913913	0.0100989946641029	0.00726599966544508	0.00952530248417193	0.00569792181223879	0.00736931674805474	0.00679872213777649	0.0051079039310636	0.0057014314439307
72007	55-59	2	0.0126772758256758	0.0125496399602621	0.0131591809821052	0.00972036798384712	0.0104662754562244	0.00932197595818746	0.00764839542582353	0.0088686274346623	0.00967254909168735
72007	60-64	2	0.0140888503423932	0.0171748771684052	0.0145440635478285	0.0157161562382181	0.0139922402647408	0.0128462662096834	0.0118607311465546	0.0103859161988439	0.0131413118328505
72007	65-69	2	0.03033230681523	0.0244924005274354	0.0268612487203267	0.0205963749451384	0.023743338587156	0.0219461268723725	0.0133276389743947	0.0182396385871167	0.0143179502437152
72007	70-74	2	0.0427189643081475	0.0414623544997613	0.048830711751482	0.0379096920506083	0.0262275378083131	0.0231470738069072	0.023234239440308	0.0230853016073187	0.0221758753319582
72007	75-79	2	0.0607720938236585	0.0559794942658904	0.0506724342707167	0.0572097632544557	0.0510953259449673	0.0438123254372476	0.0336973605952565	0.029969126314433	0.0368575506330955
72007	80-84	2	0.0843370225451008	0.0802747230025306	0.0815907193312548	0.0965582905237833	0.081337220986787	0.0759506472466175	0.059733051635604	0.0621418429801423	0.0550281082690014
72007	85+	2	0.197556700571992	0.191253755684837	0.139726802654888	0.145157565466722	0.140741240804857	0.156107459734874	0.136675987873894	0.122911796181617	0.119815060740778
72009	0-4	2	0.00394912392370187	0.00443972534037232	0.00328953676585371	0.00332018675756844	0.0028258175266789	0.00288008212822795	0.00298630186454857	0.0022333289748972	0.00205845206326688
72009	5-9	2	0.000253739438201312	0.000213413984814125	0.000232422508336992	0.000251642867039422	0.00018577202213224	0.000176515679729443	0.000162239190266862	0.000148194044948977	0.000161752635391907
72009	10-14	2	0.000276926698314553	0.000284653109823812	0.000281529615339373	0.000261608579928603	0.00029819975820557	0.000213356123572279	0.000217501752893012	0.000179938961921435	0.000186788387110998
72009	15-19	2	0.000878460321429958	0.000975516225600031	0.001008996184414	0.000916487524834672	0.000777161713214554	0.000817097778991365	0.000916715883358433	0.000637282399859352	0.000633543102652627
72009	20-24	2	0.00164172671781711	0.00165407350038684	0.00175949091147433	0.00194364151561018	0.00147142200699089	0.00140083519952846	0.00160636524591397	0.00170552123741835	0.00113836026948778
72009	25-29	2	0.00204063137480567	0.00213525635408593	0.00238091766417924	0.00200523253428456	0.00180004529992183	0.00206307182529568	0.00191751403282897	0.00178815801725209	0.00160167819396445
72009	30-34	2	0.00229818181476701	0.00266571431659822	0.00301685682750014	0.00259811705395314	0.00244267696147024	0.00219655422922302	0.00250273500343636	0.00209067723319491	0.00178168605805131
72009	35-39	2	0.00324240906773138	0.00353572048561306	0.00479927555769553	0.00305683046433393	0.00275509511875732	0.00270653569572043	0.00237793861703411	0.00213275950550429	0.00276098132383399
72009	40-44	2	0.00336981726185197	0.00396446123503513	0.00407456806465786	0.00496918459088474	0.00335587045255372	0.00400166574198101	0.0028459729010429	0.00313762011378129	0.0030593097797494
72009	45-49	2	0.00600168426430436	0.004603458126258	0.00530007547960508	0.00592592983124738	0.00415420940136531	0.00440561475366458	0.0051289865142761	0.00342512767467986	0.00395471973776795
72009	50-54	2	0.0106052240371013	0.0103903844291671	0.00873700225119114	0.00811965936533775	0.00579945445742515	0.00611243152277516	0.00620106940910173	0.00720236561875382	0.00524712807183914
72009	55-59	2	0.0134784474638738	0.0115524645259974	0.00915602916843215	0.0107396232245376	0.01288667493479	0.00971896015593727	0.00756868970695075	0.0077862112879478	0.00896764893851755
72009	60-64	2	0.0191664656819207	0.0206305136224688	0.0155039032934168	0.0178774864523424	0.0125892100610233	0.0144083394102391	0.0127631123515381	0.0108081943963879	0.00869548220106929
72009	65-69	2	0.0292770194066392	0.0236055027025614	0.0241114150909283	0.0264302167109591	0.021254628401493	0.0211933600878479	0.0180566164390378	0.0156380668622799	0.0169806969503141
72009	70-74	2	0.0407741678289159	0.0425074033293003	0.0364025426059566	0.045252759589064	0.0377185413514481	0.0281062897518625	0.0255770327020014	0.0209265841715981	0.019626089437888
72009	75-79	2	0.0512027779092509	0.0608460170181765	0.0544192557301485	0.0494298402721528	0.0460162829948541	0.0437635023280275	0.049120183517789	0.0344079757457318	0.0279980109103923
72009	80-84	2	0.0902564088038369	0.0896401639904105	0.0834605938407791	0.0818981140287133	0.0861422183289407	0.0813820046236761	0.0697994023337185	0.0670652337462268	0.0519996503262825
72009	85+	2	0.169598843928798	0.178967128646838	0.151272025895594	0.200617015078379	0.159203596949523	0.154467503309433	0.157568497006747	0.113877710948983	0.0928399813474533
72011	0-4	2	0.00442682289378429	0.00379486370873683	0.00398459377345364	0.00302805124269407	0.00268270314531118	0.00226175908135186	0.00271064622276349	0.00202657019710196	0.00249770478436591
72011	5-9	2	0.000226709011765309	0.000221642461549142	0.000279444147462249	0.000247757847995288	0.000201018770240219	0.000181218907840863	0.000166718464893207	0.000153109841490347	0.000168501009637407
72011	10-14	2	0.000272739153328684	0.000307402143558441	0.000304925914726127	0.000271515727432433	0.000243062395076172	0.000218708636950289	0.00021217590530115	0.000186046192469924	0.000194686480130005
72011	15-19	2	0.000845112535030438	0.000864605273409565	0.00109010729161026	0.00087692510260105	0.000705902059027927	0.000763017944063793	0.000743441918720689	0.000646800597114236	0.000656802368426543
72011	20-24	2	0.00183393221346419	0.00178289752365298	0.00167957838750483	0.00167264105292062	0.00181214461393751	0.0017323421808378	0.00146959672038933	0.00114357868286257	0.00115467386112717
72011	25-29	2	0.00206556138750946	0.00234795649110535	0.00294952795956091	0.00181869367849523	0.00200409190988952	0.00191752639312984	0.00150456055449342	0.00149438949292616	0.00141938101116126
72011	30-34	2	0.00212649193503397	0.00336922675941846	0.00344896636203341	0.00282937141933234	0.00237031944838689	0.00188505483628048	0.00167239535189534	0.0018874722075605	0.00193164771042097
72011	35-39	2	0.00304184741835379	0.00294519389673814	0.00373500655500382	0.00475602868752738	0.00247950260338674	0.00264874354298638	0.00193781035689495	0.0029326063840166	0.00221302710355656
72011	40-44	2	0.00436861089145707	0.00457386233049243	0.00484424559950359	0.005001062320074	0.00337686809793683	0.00315920779770658	0.00303693576745541	0.00273832163922616	0.00365866777071088
72011	45-49	2	0.00570827500451764	0.00610440299219866	0.00752884394179168	0.00521003878463199	0.00532161772961865	0.00549340696147868	0.00386056143313173	0.00328291727363201	0.00340402448425466
72011	50-54	2	0.0070909525040328	0.00623552455546677	0.00782779216729748	0.00872965711171037	0.00727876041972826	0.00496599095726321	0.00762015862334009	0.006783535992019	0.00669592034976383
72011	55-59	2	0.0112115395506251	0.0142412201312796	0.0129209643842399	0.0110690986743244	0.0107314484403778	0.00988990989287026	0.00864216966623158	0.00821387328380508	0.0084419900176197
72011	60-64	2	0.0187274257330294	0.0184495952359273	0.0202213142379537	0.0160758022498942	0.0146851152728432	0.0132956791983133	0.0120937593186237	0.0141878522616064	0.0108596749896047
72011	65-69	2	0.0269320069239235	0.0281636560072713	0.025566136067839	0.0274561961122189	0.0208694006575991	0.0171192706483598	0.0182969446800051	0.0163951276054585	0.0164505798256268
72011	70-74	2	0.0416850220975978	0.0377532378018588	0.0378172329750907	0.0427033752871084	0.033304241291557	0.0248287721318112	0.0285334319784902	0.0222662923076637	0.024127908663205
72011	75-79	2	0.0619336426387406	0.0575548443354842	0.0597926099620904	0.0642412396122739	0.0507979936347317	0.0431889846892212	0.0376243966330074	0.0354043524585543	0.0393267039406834
72011	80-84	2	0.0957492835018905	0.105256429250965	0.101146906120469	0.100001986792365	0.0851739708401317	0.0807743198455474	0.083830777120363	0.0691217485518721	0.0559740651357499
72011	85+	2	0.150341745049184	0.180314655438435	0.179170177471056	0.159438919776248	0.146011215486702	0.158708010088274	0.134010484594817	0.132615264782829	0.133685474150751
72013	0-4	2	0.00374138572980866	0.00540497662680912	0.00376911001631559	0.00309029951399487	0.00251575155157303	0.00253306306757592	0.00216767675101277	0.00194756649529396	0.00213128225683805
72013	5-9	2	0.000249277212949141	0.000227962229654043	0.000279311215407144	0.000203180439418767	0.000191792840321065	0.000193539664552454	0.00019165332953591	0.000163730802268501	0.000156322809930803
72013	10-14	2	0.000319434346132651	0.000384868409698291	0.00028445981269954	0.000304674655671303	0.000246310315743359	0.000227612235841311	0.000204688104452029	0.00017654749895771	0.000186012000686761
72013	15-19	2	0.00101369815143626	0.000958262605273067	0.000849323343847694	0.00125697401856352	0.0007592613356466	0.000824340055843648	0.000779720030477572	0.00059834244585971	0.000625470086158567
72013	20-24	2	0.00185927260040942	0.00199611145977518	0.00177069870233207	0.00205031186686226	0.00123613018052142	0.00153621297288935	0.00177453644139883	0.00144939753983112	0.00135289273897658
72013	25-29	2	0.00183613409624032	0.00229837751388095	0.0021783717666345	0.00279230858522864	0.00168079299890094	0.00230709048096558	0.00172721325093711	0.00184933821698398	0.00235138525977504
72013	30-34	2	0.00297507556547483	0.0024365330895062	0.00403227775128387	0.00351047164055878	0.00223923763814462	0.00212041367547915	0.00226460231486194	0.00291759838676521	0.00219432739257331
72013	35-39	2	0.00402186811292685	0.00391296976511961	0.00418602412983034	0.00403998476250628	0.00294416978720777	0.00294735763376068	0.00212251320804453	0.0023901669411989	0.00220975994513242
72013	40-44	2	0.00416019949811927	0.00499850025864377	0.00488027323626708	0.00492207159240843	0.00319202766947022	0.0034758736358267	0.00359566930177946	0.00282991134484646	0.00306700547899614
72013	45-49	2	0.00599369458030203	0.00531477103301462	0.00752631182942881	0.00681331447248983	0.00512395163177232	0.00489638907821585	0.00378324157268047	0.00377789678296418	0.00423647059579519
72013	50-54	2	0.00982829368075817	0.00808530994108192	0.008685607247644	0.00982980667302562	0.00787379671316125	0.00789514349775273	0.00589208880545365	0.00563768131559084	0.00589198734545743
72013	55-59	2	0.0129291410009045	0.0145639464415468	0.0114409653106562	0.0118735497723418	0.0116947149273783	0.0114761209216375	0.0100322615015581	0.00828727581790881	0.00820189943124684
72013	60-64	2	0.017994281770605	0.0197275827040498	0.0196304688087039	0.0202476829333836	0.0179884342343519	0.0157760255566115	0.0135280073573665	0.0116840830470982	0.013383382838448
72013	65-69	2	0.0286654600926921	0.0286919426244153	0.0287959595256879	0.0268371623941166	0.0258960114990766	0.0223988037486154	0.0194410303500585	0.0190859048941618	0.0178158446001411
72013	70-74	2	0.0454011999187758	0.0430777780239933	0.0448988648316244	0.0434212253092019	0.0360246075672612	0.0339413533821495	0.030245222556979	0.0240078693825776	0.0272768198311412
72013	75-79	2	0.056406208450584	0.0637808904255048	0.0585909438128176	0.0653401851366242	0.057600520669292	0.0519453122169532	0.0450733047478805	0.0361163709237968	0.0419540521161649
72013	80-84	2	0.0982594881780078	0.0864445369304195	0.0884297573371821	0.0944477658578125	0.0857899982824142	0.0772739549613252	0.0733432651098027	0.0645365623197035	0.057344355153939
72013	85+	2	0.173997442414004	0.173968615841838	0.165305062191887	0.153118793254666	0.152004604809364	0.141842414163036	0.154288940484492	0.13198521485577	0.127796296408857
72015	0-4	2	0.00483739009659253	0.00417535684486647	0.00415853829996579	0.00375018430350301	0.00270092723488628	0.00245740700375168	0.0025348578236422	0.00270020516600698	0.00258190349535389
72015	5-9	2	0.000244960591303423	0.000290213481601684	0.00024798874993329	0.000268947911530952	0.000207637262316886	0.000196451346311243	0.000189703798550217	0.000165687582392457	0.000173016621446363
72015	10-14	2	0.000311360661609144	0.000350179070894813	0.000346234055140337	0.000295559079175293	0.000265176923121303	0.00023918620210572	0.000230881903415845	0.000212138845623476	0.000210867048731913
72015	15-19	2	0.000989506741290034	0.00108685575238465	0.00111518926710183	0.00129257155095814	0.00089067188432217	0.000931213846963266	0.000774116128246	0.000663632466653074	0.000698080679060353
72015	20-24	2	0.00191620650686416	0.00171969437779554	0.00205466522445444	0.00216404927849796	0.00181673558545447	0.00183708976587925	0.00171902415693297	0.00158673222352574	0.00122839682934302
72015	25-29	2	0.00212486096160553	0.00252057156554358	0.00248914528193875	0.00325860773625069	0.00223235181733506	0.00211006357077925	0.00195906490320803	0.00234397530736491	0.00189811094151779
72015	30-34	2	0.00265750409539695	0.00260654619080466	0.00298911992362138	0.00327592543462975	0.00290217364302893	0.00287696657278896	0.00234495290277986	0.0021233075088466	0.00190675967498847
72015	35-39	2	0.00364188172204473	0.00366509348903097	0.00475386673734343	0.00367698214248851	0.00327700077710568	0.00311489183527867	0.00272494108503247	0.0028079415600192	0.00268084821363061
72015	40-44	2	0.00399613766022863	0.00483336990847008	0.0049271037352875	0.00459195925889813	0.00438526252265554	0.00378961676985035	0.00360067036776847	0.00376261191698288	0.00405072430507629
72015	45-49	2	0.00677031899202575	0.00662828636663222	0.00630423832353078	0.00665334578013577	0.00547486615298269	0.00521727426228317	0.00485409637305137	0.00363061667589249	0.00592053346300367
72015	50-54	2	0.0113467120255921	0.00931397418370768	0.00928612022335985	0.00876287454408397	0.00720513108316561	0.00822118111963057	0.00639377466254954	0.00529016683508233	0.00505096533322861
72015	55-59	2	0.0123261668954753	0.0125841979367906	0.0138861271206208	0.012414344797708	0.0100216614761002	0.0120916125094591	0.0101474035915406	0.00819451642423902	0.00985113361754687
72015	60-64	2	0.023288284030403	0.0203588649570727	0.0193391104560067	0.019151605364264	0.0182238415641643	0.0155209746050871	0.0131626188952585	0.010672124755299	0.0139800372457761
72015	65-69	2	0.0306180799060265	0.0355658982092649	0.0318647260061917	0.0279152615943317	0.0235224878642049	0.0229001898954985	0.0203519593261419	0.0184731009574904	0.0161778836886961
72015	70-74	2	0.0480320044308616	0.0506059304043349	0.0381014783223099	0.0434524299461217	0.0375089275342971	0.0294743575590591	0.0353349021279062	0.0213577151650479	0.0252980451730587
72015	75-79	2	0.0602383439790839	0.062631829936299	0.0678454026101443	0.0621093437564105	0.0555146685165485	0.0459479999006831	0.0513376701168862	0.047155906003928	0.0411700652207578
72015	80-84	2	0.10304596503254	0.117935163074199	0.10314959767616	0.119823183379393	0.0989269218258099	0.0901578385701749	0.0759472249509947	0.0646018819660417	0.0538816629202626
72015	85+	2	0.190918772359637	0.142706522378492	0.151337285908119	0.187299707818864	0.158961403480631	0.161838992219469	0.178994230840872	0.143496084961755	0.12839220355691
72017	0-4	2	0.00428308018097831	0.00332944288259271	0.0028574182350002	0.00315652846451115	0.00237320870228278	0.00227568002279493	0.00259224535900702	0.00199576742327715	0.00216948619940516
72017	5-9	2	0.000234874758550148	0.000239896929407191	0.000237054522807204	0.000231867708700633	0.000196054810133802	0.000185103113130879	0.000178854691185327	0.000155745408648918	0.000162546128105251
72017	10-14	2	0.000311875647754987	0.000304826894977664	0.000302277260986933	0.000342550240277506	0.000238784535437021	0.000236113348528381	0.000216414691136729	0.000199005511001604	0.00019774637262993
72017	15-19	2	0.000982358199972034	0.000990954435151693	0.000980986414746634	0.00119416736042391	0.000924859739633576	0.000954062314850311	0.00071358107646188	0.000690053918435859	0.000698011154772358
72017	20-24	2	0.00206328083807138	0.00195362819236617	0.00178016434043758	0.00237582674754777	0.00143799887861691	0.00181519822811016	0.00155335575551217	0.00126430133143733	0.00145992148808197
72017	25-29	2	0.00236979616038147	0.00246291558468507	0.0023948124824543	0.00229603735277422	0.00181258587536916	0.00209268809151186	0.00206999530298074	0.00167059335799166	0.00218775207079088
72017	30-34	2	0.00255206671037172	0.00299393840662258	0.00282391957591326	0.00404795978704952	0.00225070274424927	0.0022064235432355	0.00231007499805814	0.00171580257068853	0.00243801988980299
72017	35-39	2	0.00387820082452705	0.00412108653055896	0.00542054473358809	0.00484737090087312	0.00346118646197555	0.00227712066805771	0.00217435355861655	0.00201889425238049	0.00245594992410418
72017	40-44	2	0.00437952321472055	0.00531359410822998	0.00542645109059498	0.00445046764430862	0.00391597274186878	0.00357301582751836	0.00294608085197986	0.00280520129141185	0.00303136777122643
72017	45-49	2	0.0063068453241496	0.00554435729058288	0.00591027548649185	0.00792189184327782	0.00530042631530593	0.00407430697013868	0.00511202951154163	0.00398082079322234	0.00340298979931984
72017	50-54	2	0.0101963756778724	0.00732103464572478	0.00828824006317037	0.0104657967314834	0.00810393346097821	0.00834513837299848	0.00557056582464524	0.00486003509277254	0.00560856402964388
72017	55-59	2	0.0140916649517417	0.0116845044062539	0.0119520401022145	0.012422642439239	0.0110096334745071	0.0108598587885196	0.00977586756620932	0.007922481352566	0.0066400377982942
72017	60-64	2	0.0210334192462634	0.0186898520414426	0.0192285428556567	0.0255674136117189	0.0180856053050842	0.0149976505326989	0.0124395694714658	0.0137183416844995	0.0119043026613773
72017	65-69	2	0.0331066426537317	0.0216622413175795	0.025683851701484	0.0209168868970479	0.0217620879410624	0.0227687648341448	0.0181624542798367	0.0173266420544161	0.0200025341708426
72017	70-74	2	0.0324875411801337	0.0398136075936274	0.0425105615883332	0.0416119066617532	0.0348953564925948	0.0336033209070575	0.0267575155496339	0.0287800792428077	0.0271945669057096
72017	75-79	2	0.0674482322559876	0.0562962827731592	0.0617162129751332	0.0599308989116022	0.0541857870326559	0.0411590116418211	0.0435318113610478	0.0369478739083386	0.0486138990734308
72017	80-84	2	0.0902051277324252	0.0863030768643642	0.084929331405892	0.0846477554916419	0.0752557820440375	0.0746581791658952	0.0828883001677003	0.0575245497929368	0.0728346170139256
72017	85+	2	0.185408037382788	0.164655663862947	0.188214644239241	0.165225597468818	0.188721871306052	0.136900479225652	0.150134691892306	0.156890556257137	0.147274812074009
72019	0-4	2	0.00393196299502036	0.00352292216328773	0.00325029205678509	0.00318514345964353	0.00298801011002629	0.00267584602635776	0.00219569148678044	0.00187010546385746	0.00245360375432219
72019	5-9	2	0.000233450147629562	0.000248490114698027	0.000221819338207599	0.000227566558362885	0.000184875415477457	0.000184485736991476	0.000170174866592578	0.000163767497392404	0.000162188531970079
72019	10-14	2	0.000321125988862307	0.000272292054400341	0.000323717362263673	0.000260816146112475	0.000268406904045097	0.000210867271004337	0.00019560160628355	0.000189001901414534	0.000187156411660425
72019	15-19	2	0.000978188069934187	0.000910550965936115	0.00114229182923037	0.000900921948400791	0.000783342432575401	0.000718155427153075	0.00079367803612688	0.000645825513895666	0.000624064516735165
72019	20-24	2	0.00173635659340788	0.00167622389959694	0.00176270855533116	0.00185373908534036	0.00166157971436748	0.00178109368378843	0.00137383845864754	0.00124568609175724	0.00122719374453644
72019	25-29	2	0.00208824864395665	0.00200849382278093	0.00247475211712283	0.00216502587740636	0.00179517268717469	0.0020753537879951	0.00187978552236006	0.00140972433967906	0.001642303787634
72019	30-34	2	0.00232134131755955	0.00316205111409778	0.00337829907349498	0.00254138192857912	0.00236993126911206	0.0023114700124439	0.00214375017407582	0.00207207610753225	0.0025194928859637
72019	35-39	2	0.00307932436370317	0.00334114345075398	0.00404881827480202	0.00375522252672991	0.00330493552048633	0.00264722905668882	0.00245117882780299	0.0019178377751477	0.00249473330241898
72019	40-44	2	0.00378682029671981	0.00333289118941904	0.00470120381342866	0.00489100847152701	0.00426701937765066	0.00304335982460507	0.00289873857838899	0.00277858645382249	0.00270804351989062
72019	45-49	2	0.00559465843439185	0.00628008027573104	0.00739176396376072	0.00574109507935772	0.00462805316031178	0.00544144100766037	0.00496647100795214	0.00396115628395384	0.00365560922412495
72019	50-54	2	0.0113049103585826	0.00978219911872275	0.00872022280332204	0.0066989565985968	0.00707547854391312	0.00613875214582167	0.00671859819071782	0.005534398846747	0.00586185227618648
72019	55-59	2	0.0109802459018957	0.013628281765302	0.0149051679718438	0.0119950429408894	0.00978897353699575	0.00768449123366379	0.00894813231445345	0.00818661026258414	0.0090187932598228
72019	60-64	2	0.0180446504595955	0.0198609687550846	0.0176758788178864	0.0166918103538353	0.0131188100521966	0.0145732544906873	0.0125959853728315	0.0105238984902844	0.0115923133171087
72019	65-69	2	0.026432257408871	0.0252947878918828	0.0247557507267527	0.0302443524268984	0.0174262204770891	0.0219025008937667	0.0189318555388622	0.0164911411913961	0.0160312925092749
72019	70-74	2	0.0370629947084293	0.0384273350648279	0.0398867739716773	0.0425208424976773	0.0363321454288573	0.0296556403919171	0.0286067670477724	0.0234345674263134	0.0223044246776117
72019	75-79	2	0.0567455547881531	0.0576583964773838	0.0510834603574317	0.0693791065016545	0.0512606328924683	0.042891060171498	0.0472574180518665	0.0338434963366451	0.0354585551511346
72019	80-84	2	0.123822040489309	0.0986542576745492	0.105098887952627	0.119356637437645	0.0828955532865614	0.0740206280879751	0.0678682078105534	0.0635553547283723	0.0589137786124289
72019	85+	2	0.168301676618822	0.170453381995888	0.170453008919708	0.210856903820444	0.158782166385119	0.175533807975378	0.165633732618018	0.125473883371675	0.101207533742411
72021	0-4	2	0.00397388621880257	0.00292929891479069	0.00336553969841257	0.00310180913060901	0.00228097145782815	0.00210584059472216	0.00190409774035357	0.0018100044666052	0.00231371316886168
72021	5-9	2	0.000219223410026576	0.000248154023919341	0.000218231501377004	0.000248461194600571	0.00019613637472542	0.000181521457319883	0.000162228198194006	0.000142828849551274	0.000152189395074348
72021	10-14	2	0.000367709153899098	0.000235042761326996	0.000341634132853088	0.000290845563056222	0.000294032997750321	0.000206162994719838	0.000158047055135756	0.000173379410359949	0.000168967517703708
72021	15-19	2	0.000974234062881151	0.00110644515068687	0.00158359094684851	0.00132555856152469	0.000888721336914416	0.000822298627057394	0.000912514183535985	0.000691463648981094	0.000551544109035759
72021	20-24	2	0.00149685576500957	0.00210179465263267	0.00245468793560734	0.00291434747555622	0.00213371284762545	0.00230960616529029	0.00200860353308106	0.00196843291010047	0.00127369103372452
72021	25-29	2	0.00201388876751245	0.00270155754446993	0.00352554890374654	0.00271605565780986	0.00222606425856461	0.0025029700083378	0.00228447051496509	0.002113614303413	0.00222064342733171
72021	30-34	2	0.0020250975485374	0.00317362738236548	0.0058566419360772	0.00402219600115603	0.00222266550569554	0.0026660213251899	0.00216479079059139	0.00224037989508841	0.0026193344180975
72021	35-39	2	0.00288252287840867	0.00414066112033306	0.00679114850054409	0.00542163184620389	0.00344599811176902	0.00309838932644284	0.00264567447170395	0.00276482163167808	0.00316046048187607
72021	40-44	2	0.00338304083489513	0.00458411904502141	0.00727416288327064	0.00580672786315294	0.00407739960453864	0.00379324999661489	0.00321092987917065	0.00332287630457939	0.00411434229962844
72021	45-49	2	0.00475092641879367	0.00569735369693441	0.00744652569682136	0.00700474205790096	0.00641720314217647	0.00593034338624617	0.00475321397919663	0.00401924312902101	0.00519727434957744
72021	50-54	2	0.00810927227011055	0.0084648024042338	0.00761840212334677	0.0089762121011867	0.00837256302029294	0.00759428470843079	0.00591697427352467	0.0064105478178937	0.00654511189905201
72021	55-59	2	0.010968281516374	0.0107018391299793	0.0111634214037514	0.0110297931973152	0.0108497779196903	0.0100348687697523	0.0096715094862742	0.00959301733782822	0.00943413027155135
72021	60-64	2	0.0185821774585535	0.0186412605095742	0.0163366819620334	0.0166779466675543	0.0146829143100067	0.0146025591700192	0.0142452518479415	0.0119232065276103	0.0135211358660228
72021	65-69	2	0.025961528930335	0.0257190910650189	0.0252709013170122	0.0212034036295266	0.0211657117994985	0.0187903238492134	0.0170051021636629	0.0165953225747154	0.0166714058443796
72021	70-74	2	0.042166482183802	0.0391654956721684	0.0392496694561945	0.0366509824342986	0.031618700044509	0.0277614962963034	0.026002780348588	0.0222433667086695	0.0262514618288257
72021	75-79	2	0.0605231416817189	0.0578915609750728	0.052239529075802	0.053832564723555	0.0506192880422835	0.0456253837342487	0.0386660848618119	0.0359699996030295	0.0379784348685764
72021	80-84	2	0.0992621608142409	0.0922910658446215	0.102206493305948	0.0933807858096862	0.0755711526332594	0.0663482947608767	0.0676903454729231	0.0555686408472516	0.0610756143355206
72021	85+	2	0.175245887657503	0.165989188108494	0.152518973031953	0.160605212404277	0.161896811358915	0.15136169738226	0.131537151500815	0.124043117173119	0.120104425803653
72023	0-4	2	0.00397130371975923	0.00348797554096652	0.00288824813633082	0.00325888908694756	0.00301635117072754	0.00235879259374895	0.00287017600711347	0.00162183813201812	0.00193463195258733
72023	5-9	2	0.000204514237052001	0.000199656163145278	0.000216566342999234	0.000210282579367255	0.00017883187620579	0.000161398519006657	0.000172052193111619	0.000143589518387049	0.000143390403617648
72023	10-14	2	0.000245354722434046	0.000275517800187773	0.000259782165306133	0.000279065850822959	0.000206291415100132	0.000203208863910767	0.000196879671485729	0.000165026010786446	0.000181210442163072
72023	15-19	2	0.000930595611042377	0.000897043517785772	0.000915167589491582	0.00100760928573863	0.000769356404782703	0.000671839122857404	0.00057551846179616	0.000591111776594992	0.000624957861978778
72023	20-24	2	0.00157100017769327	0.00165276808297092	0.00154174310176262	0.00158473011385556	0.00121804572980923	0.00127771957205971	0.00124825448235477	0.00126214467783808	0.00121902611244654
72023	25-29	2	0.00219088368346069	0.00205795378696307	0.00202112430577687	0.00180457278698045	0.00150844920786706	0.00159068368106274	0.00166823632912152	0.00178713540291407	0.00199755516442831
72023	30-34	2	0.00240867463753106	0.0025347790204187	0.003233569772088	0.002815524827459	0.00207039237678307	0.0018762241478428	0.00198012264742054	0.00148887734616704	0.00183435554614027
72023	35-39	2	0.00314866786984069	0.00393821166696374	0.00269484896211473	0.00327934263425974	0.0026529263709186	0.00215425915356212	0.00211632162137513	0.0023090839072145	0.00275674342760194
72023	40-44	2	0.00328212921160911	0.0048770639317945	0.00477228059621499	0.00417545957672678	0.00315289576388626	0.00272776850349274	0.00260618419191136	0.00236493670433186	0.002238153706313
72023	45-49	2	0.00514554130152298	0.00561850531706442	0.00638293511955162	0.0080870548171853	0.00411803169749358	0.00350483302334462	0.00347933877020858	0.00287079404764471	0.00326699704886469
72023	50-54	2	0.00762308621390078	0.0076046062187196	0.00728491596639861	0.00743614540029995	0.00696054042641181	0.00651014467357627	0.0058723134212431	0.00550453848265672	0.00425491697343795
72023	55-59	2	0.0105197127872041	0.0114261231308171	0.0117920462615583	0.00921062658098448	0.0111297288678465	0.00979571594943692	0.00868769750216461	0.00755595483636024	0.00723007257257154
72023	60-64	2	0.0177222676043505	0.0177387762338625	0.0171025622285703	0.0145308086033194	0.0145280281348084	0.014499524579688	0.0111655260578935	0.0101666980880764	0.011471827102912
72023	65-69	2	0.0240596559523998	0.0234652578455496	0.0231310366015576	0.018867359716027	0.0192730962019075	0.0207929969475667	0.0188228400416411	0.0159526978305977	0.014657236174761
72023	70-74	2	0.0375231179046575	0.0384829859488456	0.0358895890697568	0.0382768617742522	0.0316255905544563	0.0278928822150152	0.0286690661063128	0.0242799695544936	0.0210513498564176
72023	75-79	2	0.0537048717337165	0.0531069309431159	0.0510369393518049	0.0568772447047315	0.0489643978020047	0.040905342994732	0.0464939709838057	0.0295338374129822	0.0320523591115409
72023	80-84	2	0.0956081374125182	0.0629684302075925	0.0907507735354618	0.0991369870328223	0.0747430625505023	0.0771868911448166	0.0682888570614794	0.0518081339618475	0.0548173011338086
72023	85+	2	0.132958446407633	0.145257405630671	0.143886132807855	0.167391027341842	0.168455616916358	0.136730566911233	0.151219915523548	0.141072433179483	0.125187476256237
72025	0-4	2	0.00345968121109203	0.00307892958718697	0.0036834384592605	0.00365592885505858	0.00255918870612706	0.00251544142691028	0.00242938325843596	0.00200750753429821	0.00206144660824267
72025	5-9	2	0.000267362559326102	0.000211549336925304	0.000220568388803983	0.000235737414236904	0.000176615641600633	0.000170210618192313	0.000155217820235983	0.000147101484301216	0.000173367682615401
72025	10-14	2	0.000286710203942561	0.000324566842118941	0.000349223066917336	0.000253635353554708	0.000224350273060662	0.000232806738476794	0.000196052539343088	0.000180245341737067	0.000192313626345105
72025	15-19	2	0.00115102879057412	0.00092711546128783	0.00128434059175006	0.00110537385419307	0.00102622284365183	0.000739896801049035	0.000953942457138111	0.000802251680549102	0.000750322946100494
72025	20-24	2	0.00236345699096763	0.00182224354363305	0.00309035950451144	0.00259102410673307	0.00191679226095671	0.00176980571332547	0.00275701948758617	0.00230404471781431	0.0017207230983839
72025	25-29	2	0.00244068831737245	0.00283664728307232	0.0037035893291837	0.00367893154954936	0.00278686155146948	0.0021412160272277	0.00280885739526238	0.00221760996495232	0.00255349463935736
72025	30-34	2	0.00257595402424568	0.00352378737788885	0.00538187786977721	0.00445703756215943	0.00255218700283188	0.00286038704395546	0.00315780848722451	0.00238204025772421	0.00183564922660516
72025	35-39	2	0.00254658378919613	0.00491617542862516	0.0060564641470796	0.00564959699569896	0.00371746512521795	0.00273891588962268	0.00301962658213061	0.0027482593838536	0.00242594676399005
72025	40-44	2	0.00362234513803575	0.00466585038213956	0.00635835752045814	0.0059298982906699	0.00416735367267103	0.00410147771524123	0.00334480865107957	0.00292353718598694	0.0036412088020953
72025	45-49	2	0.00648357077301555	0.00608698395842617	0.00800758907242929	0.00813621167025844	0.00548813534051769	0.00461202956721621	0.00491661137420411	0.00352520492717043	0.00443961211637308
72025	50-54	2	0.00875518449480477	0.00881795351457541	0.00852837527293356	0.00829564386473328	0.00752060403615426	0.00701985637363705	0.00694536742381541	0.00605005903953243	0.00670776763256465
72025	55-59	2	0.0110771210095722	0.012026684381344	0.012268740862451	0.0117161177087507	0.011370198720614	0.0106025263724672	0.010035512876582	0.00871352823524205	0.0101729410182642
72025	60-64	2	0.0194255666565466	0.0173938222922903	0.0201793152628511	0.0167349455152129	0.0166959065811104	0.0140489386277809	0.0140752191263849	0.0104515957404528	0.011595491176707
72025	65-69	2	0.0261563159599	0.0268072377325329	0.0250066957087824	0.0236479034295584	0.0221930788942273	0.0207647461240621	0.0205105435444131	0.015220578657858	0.0177023957893978
72025	70-74	2	0.0400727861338383	0.0432745730410452	0.0440296504355636	0.0398216429535277	0.0339010260480996	0.0296839983215498	0.0267822574054969	0.0240230366033203	0.0256918458416101
72025	75-79	2	0.0560490130129629	0.0715160696428138	0.055609375637049	0.0592476871589035	0.050614859189942	0.0465918225282013	0.0397004505926718	0.0353930402586744	0.0382624233691524
72025	80-84	2	0.0916453307738527	0.0992731810631872	0.096708272342386	0.0945434400777461	0.0796019630012711	0.0688485343390087	0.072072648398651	0.057887405887695	0.0653776601954976
72025	85+	2	0.153826762544934	0.158303450601645	0.157765095304935	0.169006522321811	0.156000584331689	0.146365166298978	0.151210638178352	0.127037267040346	0.129503495075636
72027	0-4	2	0.00295116388062068	0.00321241240110784	0.00347312946692309	0.00296962736927698	0.00208724762559483	0.00215710827559665	0.00185600072789378	0.00206118184887481	0.00198536541866027
72027	5-9	2	0.00022109647839317	0.000205090184509899	0.000212401329978901	0.000216582168074391	0.000184521291294458	0.000167228367758785	0.000162039532820698	0.000141859220526152	0.000147865844056852
72027	10-14	2	0.00032059754184123	0.000270071514703809	0.000266719007966225	0.000249158215685153	0.000223440286415594	0.000222388775948887	0.000195440915601072	0.000189467417607243	0.000178978082459472
72027	15-19	2	0.000897429260808187	0.00101250428577116	0.000919048389338539	0.00104467324377889	0.00082018031473561	0.000783002925612896	0.000642861081831316	0.00058375415249597	0.000588859093237566
72027	20-24	2	0.00160568093400076	0.00171908587069183	0.00176495754600906	0.00138998262822821	0.00138933588457557	0.00133664115654788	0.00126179979205768	0.000933691515632315	0.0011470988367091
72027	25-29	2	0.0018492834225857	0.0020472841550814	0.0017677283967198	0.00171501809296749	0.00151352869417567	0.00152886658573015	0.00130374264373225	0.0017014099161332	0.00157650039609947
72027	30-34	2	0.00228447899435611	0.00269286445025236	0.00251422712828128	0.002147721027344	0.00166477204840161	0.00186264172182085	0.00168235726079675	0.00182160963474931	0.00186769493586502
72027	35-39	2	0.0028179359915097	0.00247873286552012	0.00368007905269131	0.00344384436868376	0.00257973331661844	0.00279950355371558	0.00197324244828947	0.00200649868049121	0.00202529559316878
72027	40-44	2	0.00424929977654035	0.00461026031963754	0.00373983746783467	0.00437468314924246	0.00353986787964147	0.00336079715564386	0.0022255071692841	0.00265451031638214	0.00332716001462296
72027	45-49	2	0.0055095668598313	0.00452479402299811	0.00695745009500136	0.00556582217717227	0.00506182002347958	0.00461201596879722	0.00384246553200417	0.00330026714411263	0.00368385125123794
72027	50-54	2	0.00710349727855808	0.00950998159985382	0.00655720655736262	0.00975044103560312	0.0068580681399865	0.0062012768237142	0.00522071350132218	0.00516491962755864	0.00488983056095408
72027	55-59	2	0.0130856216361933	0.0121061842622406	0.0121905060322574	0.0115453142054593	0.00982632771576892	0.00751622761013315	0.00907394677022036	0.00839854869421967	0.00737927312913242
72027	60-64	2	0.020820676713647	0.0174654669563231	0.0171836976509574	0.0178007500464482	0.0135820734461261	0.0124029304890808	0.0132418272420802	0.0102025824959883	0.00942542965241464
72027	65-69	2	0.0271610582545424	0.0295564366893491	0.0274418189397627	0.0269457090977412	0.0194384584980931	0.0213104950613998	0.019036267719797	0.0178884292188789	0.0192442053945344
72027	70-74	2	0.0416186863405697	0.0422632916106488	0.0367756817345142	0.0413074635936378	0.0330794705637158	0.0287399860752663	0.0290379862888856	0.0230943841551136	0.0233177279779536
72027	75-79	2	0.0595395806837397	0.0463074262851276	0.0591633616853266	0.050991235654551	0.0505863474983237	0.0466294805127525	0.0492818716922273	0.0342585211092708	0.037648076189884
72027	80-84	2	0.0915323350723799	0.0777921785937754	0.0947276991115111	0.096516986499	0.0814999500151621	0.0795150022488024	0.0710554750725605	0.0670534663332744	0.0623462635037342
72027	85+	2	0.222335324748533	0.181023221518516	0.183264869552029	0.160124747889244	0.15943268612723	0.151062239920439	0.14176442698858	0.145178760000169	0.148269208551021
72029	0-4	2	0.0035548879696031	0.0037815786514235	0.00400292932716895	0.0033953514783063	0.00227486294161656	0.00318656615970619	0.00285041306095662	0.00223722100365272	0.00227206267983855
72029	5-9	2	0.000236065150643447	0.00026831775924735	0.000242196606387593	0.00023419978909222	0.000219198738784978	0.000190303472405439	0.000185334253780993	0.000163873873791585	0.000190075475492797
72029	10-14	2	0.00027090793509632	0.000277756224108456	0.000360568412635332	0.00033755065493942	0.00024094836700285	0.000238292897576257	0.00023210007151257	0.000206767751023798	0.000217286555208883
72029	15-19	2	0.000979992042178736	0.000955216865618906	0.00163857089810134	0.00174458445137302	0.00144603574020642	0.00130655741028591	0.00107974857626545	0.000715829042861999	0.00073574942815927
72029	20-24	2	0.00176992801149631	0.00237017696712847	0.00280544964697228	0.0028332520193146	0.00430957424791266	0.00417774852736477	0.00337247352335048	0.00152252107534383	0.0021207583605585
72029	25-29	2	0.00190262715953967	0.00304819969311986	0.0044850360210199	0.00420362410502845	0.0032539022906914	0.00370853510130044	0.00344301807603268	0.00275943692495591	0.00184167394437227
72029	30-34	2	0.00307155041005006	0.00430912866162357	0.00513972526867556	0.00346318001089522	0.0030483761966046	0.0027880992647957	0.00252463989899255	0.00276701060063103	0.00288415354882612
72029	35-39	2	0.00290522377479729	0.00494938668977139	0.00529595647955197	0.0049566018330219	0.00468771780197	0.00273526207421216	0.00283919228817102	0.00321730686928167	0.00288989756340349
72029	40-44	2	0.00406142099410774	0.00368856647479921	0.00518227029522963	0.00622755381600247	0.00483853260770637	0.00363522740395964	0.00330002790552399	0.00373144740611992	0.00441119844364341
72029	45-49	2	0.0054035934710183	0.00612196409022363	0.00727531758037592	0.00850200786744218	0.0063719543359831	0.00587060926085317	0.00413923748465763	0.00495113371769238	0.0041615190252941
72029	50-54	2	0.00834805972142384	0.00868908231071373	0.00841267519597153	0.00925034121192655	0.00856795415972493	0.00813463942691306	0.0050619033505316	0.00675893086417011	0.00713536139765605
72029	55-59	2	0.0119269559353676	0.0129486038706322	0.0127922409430412	0.0139283621036663	0.0112924561583211	0.0114899867246095	0.00968824605141836	0.00723001225636782	0.00995729028381781
72029	60-64	2	0.0195597050965592	0.0146909590011134	0.0201944063168274	0.0172722036234177	0.0151049880699203	0.0151458865428908	0.012916345581679	0.0137480115940723	0.01206795531406
72029	65-69	2	0.0254308897423248	0.0236834489381338	0.0298425121946818	0.0298682889691288	0.0266075274404357	0.0201371999694045	0.0215074308118161	0.0186586159927685	0.0158882586456182
72029	70-74	2	0.0393720797680832	0.036559743523293	0.0385665847961127	0.038887768786218	0.0340650918529898	0.0335183470752641	0.0269609142810575	0.0226907470122045	0.0226551819051989
72029	75-79	2	0.0606152609859196	0.0530561345421772	0.054535355394045	0.0770036240572698	0.0490168814190536	0.042255517432943	0.0479215966266231	0.0365144951051859	0.0478981444563273
72029	80-84	2	0.0827340324207376	0.0862856951959157	0.105009462161322	0.0961546888250786	0.0717084065519345	0.0757229025754439	0.0688817910615662	0.0598665802198118	0.0687684219377489
72029	85+	2	0.1652467066456	0.185101282433233	0.182402496459296	0.164547025157579	0.147177739263551	0.136365287161262	0.152877968279188	0.133923222749204	0.136624032157416
72031	0-4	2	0.0037689734194353	0.00335546960363793	0.00348061937496785	0.00251251297973897	0.00202260898422885	0.00195795709619424	0.00225445717978627	0.00176362228554677	0.00178110620179943
72031	5-9	2	0.000234466637058229	0.000205988751714619	0.000208635197381559	0.00021338566227887	0.000175539235890868	0.000172033262016351	0.000158773731894314	0.000144549940739908	0.000140571323388281
72031	10-14	2	0.000292406149944915	0.000274350042440445	0.000318150484176053	0.00036861398190731	0.000248458526235051	0.000207217263621356	0.000161385963643211	0.000162119452693856	0.000187601490487063
72031	15-19	2	0.00137475767679782	0.00114964448055316	0.00180958475483983	0.00159130821671626	0.00109304639832842	0.00101679616295434	0.000890855784788306	0.000515888561493261	0.000625964235074401
72031	20-24	2	0.00176001552614446	0.00188339764618257	0.00269196693698057	0.00359300083949448	0.00288936145302337	0.00236186913339338	0.00252404758765919	0.00193671292930703	0.00157986244878465
72031	25-29	2	0.00252062280790076	0.00326902179114657	0.00393272038700421	0.00309582603940876	0.00288077472745406	0.00267064687388919	0.00276123076829933	0.00268236648628624	0.0018587991840413
72031	30-34	2	0.00234908291375191	0.00370708327114955	0.004926065006866	0.00413642454342637	0.00269521140379592	0.00268977311340741	0.0031100904469518	0.00198805080013839	0.00222472013372689
72031	35-39	2	0.0028519636492368	0.00402346616574585	0.00584617246891613	0.0046413593388097	0.00293157808660076	0.00274339422936741	0.00316381069251609	0.00231711543804369	0.0025915133534195
72031	40-44	2	0.00350431502866453	0.00429390900503196	0.00630945916766715	0.00667505679235579	0.00451757910151874	0.00402319001720289	0.00324425332359586	0.00310895209926078	0.00394709170872808
72031	45-49	2	0.0049104739292364	0.00542642223251135	0.00667006893965013	0.00732769172841322	0.00596932632787024	0.00522943563089853	0.00412208750431806	0.00385865982749326	0.00442149926106482
72031	50-54	2	0.00701628240827173	0.00668038314068474	0.00704627355349115	0.00884929615202818	0.00737293984518124	0.00691661065209873	0.00584091862422485	0.00611436355180696	0.00599455006102118
72031	55-59	2	0.00958792728134175	0.01281146008025	0.0122392060947628	0.0114655286012481	0.0098681164063625	0.0107038345199964	0.0100747355440044	0.00876547157729448	0.00867500253373473
72031	60-64	2	0.0169898030675692	0.0169525796468789	0.0163641740852821	0.0166551168805628	0.0145701577343153	0.0143808014790395	0.0126637687723975	0.0117277460684499	0.0127951492028365
72031	65-69	2	0.0220215376372802	0.0231847042584031	0.0238947094228649	0.0210724645836366	0.0193122505325038	0.0194599429888253	0.0171812411127775	0.015919770434574	0.0156244799603552
72031	70-74	2	0.0384414380104937	0.0398451996751643	0.0399376292837231	0.0347508964753977	0.029689285872761	0.0274002480556831	0.0246951480062038	0.0227655749405086	0.0218666970432094
72031	75-79	2	0.055814850811065	0.053088976221094	0.0529176898161	0.0563357708228535	0.0448469384244373	0.043570040311215	0.0391067046594864	0.0340435869712784	0.0324610737270649
72031	80-84	2	0.0905169809154334	0.103727220510965	0.089474146401422	0.086484447551811	0.0759178615948596	0.0690340050771308	0.062889922108484	0.0521191273385316	0.0515404519940241
72031	85+	2	0.157512547147868	0.164106577847958	0.141034694916968	0.136230849417037	0.132763247507201	0.148336359451972	0.135731373043589	0.114709353843847	0.109471624166562
72033	0-4	2	0.00536896663864003	0.0038861400195215	0.00381275373335871	0.00387185142506669	0.00296543123288014	0.00299383145750831	0.0034288712851089	0.00292477126590008	0.00287992146595313
72033	5-9	2	0.000304252697917105	0.000291721514855633	0.000288646476113299	0.000299983427466506	0.000235323720399859	0.000224668428650258	0.000217868944177037	0.000190941454586802	0.00019981394277458
72033	10-14	2	0.000379507664983588	0.000367107057887035	0.000332285286545584	0.000327233689503108	0.000324701804921487	0.000327014332390219	0.000263007301682689	0.000232258810247853	0.000255072997944575
72033	15-19	2	0.00151306684825246	0.00205261148587307	0.00286402709240135	0.00170273730314301	0.00156007229093232	0.0014880632455545	0.00115745632682515	0.000796967476186025	0.000933819687200738
72033	20-24	2	0.00261569957078982	0.00332684686231822	0.00414535917997808	0.00458293633839579	0.00357955436865822	0.00249790334418136	0.00265408484600963	0.00190044351428974	0.00208861892044251
72033	25-29	2	0.00395069795055147	0.00442786010937376	0.00644556262560558	0.00445100343071569	0.00356032376818838	0.00419621931415616	0.00254613855997254	0.00249639114336097	0.00262517588375366
72033	30-34	2	0.00475295110492208	0.00578400069966582	0.00743405325475277	0.00699188881266126	0.00432611549500569	0.00300522617285149	0.00248458151752326	0.00323579301291397	0.00254558674992637
72033	35-39	2	0.0038991810658929	0.00529144355288335	0.00874922034513565	0.00707193872720418	0.00435002250287058	0.00437065743240654	0.00311656157046519	0.00392265107943163	0.00344733841934868
72033	40-44	2	0.0056560908969855	0.00528483555061268	0.00879096207623389	0.00789590717556405	0.00472771560615869	0.00579626054893012	0.00457663738980721	0.0049774291409866	0.00420738646768953
72033	45-49	2	0.00852563577822803	0.00880851043530224	0.00887958905847048	0.00919899119873589	0.00778073828518177	0.00656033550588522	0.00563866861867758	0.00499436817116395	0.00816748608504426
72033	50-54	2	0.0158881892332909	0.0124102541412492	0.0126575720083219	0.0118152440980626	0.00979179688781432	0.00822785067255218	0.00899408093428559	0.00700042926249238	0.00766501397068207
72033	55-59	2	0.0192830358539489	0.0169517275335279	0.0139278665893504	0.0155892373936181	0.0138798582362375	0.0118264126868713	0.0123584521247607	0.0095061196948407	0.0124146243774426
72033	60-64	2	0.0238386610987375	0.0290273075726045	0.0278294676353227	0.0234517047305419	0.018628227596037	0.0161236474819779	0.0145981446405635	0.0137596581176965	0.0162605412134589
72033	65-69	2	0.0386739378184884	0.0344868150757312	0.0271161571299582	0.0274952339324432	0.0243257848712611	0.0234049994919125	0.020343755488208	0.0177656620666296	0.0209337988316427
72033	70-74	2	0.0565387032993031	0.0490823501326723	0.0483748661835264	0.0554116217373656	0.0298751459714623	0.0395715365591419	0.031811080431082	0.0267308616099979	0.0323972861209
72033	75-79	2	0.0679328096011193	0.0617412364239848	0.0702399723452112	0.0578476074338196	0.0561132157126399	0.0596029551595802	0.0500048122972145	0.0443290769143493	0.0432975176290028
72033	80-84	2	0.148427205304162	0.110298974625538	0.100215762488292	0.103250519085638	0.0998043369149018	0.0790901733016029	0.0599013994780763	0.0633480094736201	0.0548334203778076
72033	85+	2	0.191868872699695	0.175705437453568	0.174667284467893	0.173283919044833	0.139286376315002	0.159623967581326	0.143174013534244	0.122114538694677	0.0986568229873816
72035	0-4	2	0.00474006860188195	0.00357708041142839	0.00369532617344262	0.00297064957350521	0.00263126064079227	0.0029441919417779	0.00191980143646356	0.00219860730702174	0.00213562633112555
72035	5-9	2	0.000219592025459447	0.000246286328581398	0.000232981389284739	0.000250975769850036	0.000205693258471331	0.000178635416268882	0.000165646175709336	0.00015316162426895	0.000159936030067099
72035	10-14	2	0.000272018798082542	0.000332526933330287	0.000303335710797911	0.000300239462886094	0.00025907965674757	0.000246906925467121	0.000208139829660891	0.000193026011247143	0.000193112996626096
72035	15-19	2	0.00096424856025485	0.00132799164483163	0.00142310584092464	0.00158948969096435	0.000896744222458259	0.000773326445062601	0.00118476470051486	0.000655907726514811	0.000702137710742499
72035	20-24	2	0.00160564729218936	0.00171487440003482	0.00246411707940962	0.00260283309425161	0.00220826488754482	0.00245446721007045	0.00295607113065195	0.00151896428151954	0.0014405138901655
72035	25-29	2	0.00189071602963579	0.00301739318423047	0.00321675437926838	0.00215223285616015	0.00162548094970797	0.0024539760899293	0.00319040882735753	0.00185250686834052	0.00187664652244444
72035	30-34	2	0.00235293604617473	0.00310962222930544	0.00515204106165477	0.00353878708765907	0.00218355860234064	0.00268838780616298	0.00300854330033656	0.00252706476363218	0.00300695897425531
72035	35-39	2	0.00319295666183609	0.00415845374338998	0.00456014137361745	0.00516180179913042	0.00411631870706303	0.00342679808745055	0.00271422091282024	0.00247033206544824	0.00291762200662293
72035	40-44	2	0.00422533665043911	0.00473909416642268	0.00552533038565507	0.00561889513746896	0.00453833128975019	0.00456797135642445	0.00277521118495822	0.00345933776353617	0.00297799982797266
72035	45-49	2	0.00585770324227227	0.00651019075890819	0.00653497193707148	0.00636451683953982	0.00591625638698192	0.0059367517994245	0.00393248679934537	0.00406301044158142	0.00428684393516288
72035	50-54	2	0.00891946511550049	0.00880207620254178	0.00989937056447595	0.00910328655793232	0.00810211741037513	0.00752174425158864	0.00652883807778002	0.00534576802234741	0.00574902957799697
72035	55-59	2	0.013501491052525	0.0124011120660061	0.0105758751474398	0.0129620926753424	0.00918447124609763	0.00894497363344468	0.00917569887616361	0.00750296588699624	0.00749563680063157
72035	60-64	2	0.0212281224850075	0.0199088955703214	0.017384706993184	0.0174595840891654	0.0150386588357928	0.0117952657588034	0.0117374473702665	0.0109828569836805	0.0111182603776278
72035	65-69	2	0.0311074407540502	0.0264275887577931	0.0271268139750632	0.0251583243926705	0.0218963626530806	0.0177881500259865	0.0179168004169979	0.0131520421540958	0.0147664784068795
72035	70-74	2	0.0399210598735955	0.0490957073918718	0.0424557237327147	0.0417808438167865	0.0305704353178807	0.0235662915399468	0.0255057722814085	0.0184979057647591	0.0205889700995966
72035	75-79	2	0.057772858558741	0.0758794766330996	0.0606878722860801	0.064381193654312	0.0528393899496624	0.0428701761340034	0.0411025310098302	0.0356729010671242	0.0276623155612232
72035	80-84	2	0.0931959144238508	0.101413749725455	0.0957951332626101	0.083076622204016	0.0721249255389459	0.0743780026380754	0.0665254779320028	0.0574707989280935	0.048871617272028
72035	85+	2	0.169176258627275	0.166685829510969	0.166491911292635	0.144787911335478	0.157148018430746	0.147934986385492	0.149684110038538	0.136657262247986	0.126790083594414
72037	0-4	2	0.00343809330119804	0.0034165620819537	0.00399522459580828	0.00328913957647426	0.0026546340368245	0.00281728255741984	0.00279409727632134	0.00199081420251008	0.00274644420195262
72037	5-9	2	0.000226426217941711	0.000269614013727212	0.000253374409621565	0.000234806922848987	0.00019953644937529	0.000189550741509982	0.000174565073059676	0.000159003267510784	0.00016624385780635
72037	10-14	2	0.000276574754371459	0.000282777564024069	0.000292976368905942	0.000300175297375228	0.000268507614260366	0.00023069615055625	0.000212541232443616	0.000194291989404609	0.000202896863945017
72037	15-19	2	0.00101858456127563	0.000839363858045174	0.00104340519100847	0.00104024020873473	0.000830627454861365	0.000790694819113127	0.000885283789907104	0.000679483969280126	0.000650776203262649
72037	20-24	2	0.00158360660872688	0.00196337085546663	0.0015810836154711	0.00192262894513268	0.00158386213096558	0.00155836769575683	0.00157043084572271	0.00134250805535339	0.00147808779755929
72037	25-29	2	0.00225429326329768	0.00267755291929064	0.00251027529796579	0.00203168191092042	0.00180981372782012	0.00179710721892027	0.00214786555139634	0.00167761235347227	0.00209334941003289
72037	30-34	2	0.00262286476580214	0.00274711589284289	0.00268617244651433	0.00295561029482803	0.00220085378398523	0.00203607669211547	0.00247582990292158	0.00219908988185257	0.00261140920389513
72037	35-39	2	0.00333318355761452	0.00335641494261444	0.00391363194740718	0.00289242470146111	0.00252441404391705	0.00245147068979391	0.00302693368780798	0.00244935778511267	0.0028685404651266
72037	40-44	2	0.00422328257090437	0.00467943867533994	0.00597776686377407	0.00410933257300528	0.00373746454929974	0.00331238931247051	0.00301352316415365	0.00262501103315931	0.00385254868173616
72037	45-49	2	0.00589717276547421	0.00719080974665102	0.00683864865488452	0.00543297498117303	0.00438246459270306	0.00520011822989076	0.00375070257998677	0.00353107024976629	0.00415410123085826
72037	50-54	2	0.00723451230043453	0.00931706986747077	0.00923893559399956	0.0094290737992792	0.00806727697077256	0.00611010993800598	0.00630756428177464	0.00648574196213769	0.00718305451702027
72037	55-59	2	0.0146427560032486	0.0105810271980672	0.0151307597016179	0.0124048811799229	0.0103046328329311	0.0103793425100747	0.0103136209989071	0.00867487205470449	0.00985570581850092
72037	60-64	2	0.0200070568735505	0.0207857247328306	0.0164039411790137	0.0152785896544491	0.0146139214054514	0.0140870525814484	0.0143740729077047	0.0145345667277824	0.0134303384880675
72037	65-69	2	0.0277926194453432	0.0232406557909791	0.0216779246676866	0.0231152051909649	0.0254005920261653	0.0221194334881159	0.0169495222997913	0.0163634353295909	0.0176421906953208
72037	70-74	2	0.035901930431275	0.0516966212330449	0.0516696287080437	0.0427910815040121	0.0323030658870998	0.0293614927827604	0.0289794208420374	0.0247000142919363	0.0282965559337904
72037	75-79	2	0.0522353408583133	0.064389602329252	0.0526662189072819	0.0586717444227617	0.0517616956788025	0.0439674923544326	0.0383979614938008	0.0381273283681284	0.038299752317637
72037	80-84	2	0.125991518911334	0.110163357488502	0.0908313702072374	0.122949903705612	0.0971384245394889	0.0851291718315195	0.0616265077898537	0.0518057180777165	0.0598767275520592
72037	85+	2	0.194905306700707	0.19861284733852	0.185019901901608	0.18145563248796	0.144124101187866	0.144291326770189	0.157906860885328	0.124725466395147	0.124827686650828
72039	0-4	2	0.00448971374992727	0.00408268000200852	0.00319134837872026	0.00375899772725154	0.00267838276807957	0.00281522042210509	0.00253840314439958	0.00200712417458271	0.00198483239203552
72039	5-9	2	0.000217741190251342	0.000222012301334671	0.000253403023519587	0.000224919741519612	0.000191660711378469	0.000173100266374601	0.000158717347884597	0.000144795527844692	0.000150628032179425
72039	10-14	2	0.000288722872747533	0.000295430587715671	0.000278089422900663	0.000259544968183131	0.000221485549594921	0.000220842273909049	0.000202894061925619	0.0001766845609759	0.000203225872671945
72039	15-19	2	0.000880263063339653	0.00084185514186433	0.000836925043257849	0.000883763610790007	0.000872535841173774	0.000765464286992188	0.000596166511030765	0.000609721044588404	0.000642344502427434
72039	20-24	2	0.00165454457742767	0.00156203750048798	0.00187733876217109	0.00163114596498817	0.00172996461317013	0.00155483817353187	0.00152515742327479	0.00102920267448445	0.00134305499148236
72039	25-29	2	0.00213133827158228	0.0020261449927378	0.00216103399450286	0.0020393885676271	0.00221533261989742	0.00215541773932537	0.00188144672848906	0.00139215110674693	0.00151908562157238
72039	30-34	2	0.00200561002825681	0.00257042017342339	0.0030818844106233	0.00266729464273628	0.00213853925348928	0.00207759384725808	0.00237685429062054	0.00162003669175508	0.00209725657671833
72039	35-39	2	0.00326483224322169	0.00316123850775798	0.00334663508099788	0.00377481626008406	0.00258006523369085	0.00267591879551414	0.00275812740207749	0.00230509766016452	0.0022330406023695
72039	40-44	2	0.00355004348249202	0.0038046142629156	0.00408743508777852	0.00447475252537212	0.00408744029137866	0.00330994887609532	0.00318964016188828	0.00261328759881325	0.00288658387050012
72039	45-49	2	0.0048415747088596	0.00507191657589056	0.00632277921615748	0.00612830756866061	0.0062968042640005	0.00400985481756591	0.00401197283519136	0.00421512899379545	0.00421902443298599
72039	50-54	2	0.00738033827125387	0.00730012353422889	0.0081692962461063	0.00879812109429006	0.00660357200519922	0.00618230537325477	0.00462417955853719	0.00647062758713533	0.00481098264515472
72039	55-59	2	0.00966016106953898	0.011516725413835	0.0129286987430158	0.0136099046729043	0.0102079482344285	0.00951810851288199	0.00767960796179939	0.00708948044472846	0.00673353768840767
72039	60-64	2	0.0140771732259892	0.0204791715850793	0.0151335053040254	0.0182537499470748	0.0128812169589671	0.0148419527978642	0.00869421843648974	0.0118339595718266	0.0110368291108919
72039	65-69	2	0.0271971944994738	0.0233016199285038	0.0225190325072938	0.0259739314342384	0.0224704953405392	0.0202589438896575	0.0157242456739249	0.013992731907299	0.0156430598687459
72039	70-74	2	0.0362611505510204	0.0386483208867796	0.0419485356690303	0.0362996623825718	0.0322991526460514	0.027311351269859	0.0252159644685858	0.0209628190592056	0.0202519199320098
72039	75-79	2	0.0530005951020229	0.0509027728230375	0.0525683467901485	0.059503897351794	0.0531082368562621	0.0517026629272978	0.0439976003332297	0.0292110670388247	0.0398305880989635
72039	80-84	2	0.104652508001375	0.0753102239612237	0.0920415586631994	0.0781850498370788	0.0804430301276579	0.0752608358070214	0.0733470584783391	0.0646898626515973	0.0605022146672269
72039	85+	2	0.163180869005355	0.140386218503289	0.162779590424152	0.171006304413262	0.17038492270911	0.129529191492948	0.15168096152908	0.126149298639454	0.107383995441722
72041	0-4	2	0.00403609338449022	0.00342245548779078	0.00281440000134166	0.00294196274527984	0.00263081236677209	0.00242548400282543	0.00221622627671624	0.0016808692105324	0.00178817093047178
72041	5-9	2	0.000207294025871948	0.000200887115506978	0.000217154132482137	0.000233619590975992	0.00016534646998264	0.000165585006301835	0.000145306947112781	0.000140703302459176	0.000147279230549861
72041	10-14	2	0.00027129068933365	0.000330636200271205	0.000271697072612772	0.000265986938202428	0.000208029649847827	0.00021839069623916	0.000183880152652188	0.000162035066202293	0.000169066113938796
72041	15-19	2	0.000768075474438617	0.000752012986981012	0.000857989097571142	0.000955461170074989	0.000731911186843002	0.000708950859335194	0.000570999553683734	0.0007044304510222	0.000529708980587457
72041	20-24	2	0.0015646293359177	0.00138799661599375	0.00200345129973832	0.00141125332580383	0.00135655023515485	0.00164971995364254	0.00160137606855757	0.00101873554762131	0.001344465274504
72041	25-29	2	0.00171502330944993	0.00195512525370802	0.0021161830528725	0.00177172875064761	0.0017974145226584	0.00216855463971552	0.00179881022661734	0.00195150341832573	0.00168427748161943
72041	30-34	2	0.00225650110812385	0.0023461944690315	0.00298830400110093	0.00280644724662537	0.00223979276225032	0.00184727700649981	0.0024054358878717	0.0022957092805502	0.00193988387662037
72041	35-39	2	0.00254970782392506	0.00266405814717228	0.00304755833666187	0.00351993276761302	0.00224608525234228	0.00253521230067929	0.00224448841501707	0.00221330936201837	0.00261247812161406
72041	40-44	2	0.00552144667571008	0.00375958908005435	0.00455106508707094	0.00387027788784315	0.00297256934848904	0.00323258561234727	0.00271850557027039	0.00260279987873208	0.00477656746636926
72041	45-49	2	0.00620802685093353	0.00577197348950691	0.00456482856228067	0.00423134687458722	0.00426871349481907	0.00398724646969361	0.0039686851391745	0.00334838548076518	0.00425542736793719
72041	50-54	2	0.00911971824889468	0.00768275003239748	0.00631515690050764	0.00711223976546144	0.004981367269326	0.00612643233525132	0.00509453119426239	0.0063582589463399	0.0049237347477527
72041	55-59	2	0.00924478563757133	0.0136417422614712	0.0114580240407298	0.00931688198907426	0.00992884952402462	0.00896344096303911	0.0065676731701075	0.00691292874783149	0.00663555962502168
72041	60-64	2	0.0169511855157394	0.0162459658654544	0.0182474364355721	0.0158860268552394	0.0147619699493787	0.0117820130034748	0.010823743704095	0.0110496828803109	0.0125287117993704
72041	65-69	2	0.0212250550563329	0.0277443669546104	0.0235022730441688	0.0219739769562487	0.0190618142498065	0.0149098258101322	0.0150839148249247	0.0136451570813253	0.0155671387630275
72041	70-74	2	0.033067738076333	0.0325477802466171	0.0307814265876089	0.0375170712618974	0.0273351079262714	0.0233346931071532	0.0275659786557936	0.0204055337423003	0.0206876009610642
72041	75-79	2	0.0563017124603376	0.0620252728715765	0.0431635423397904	0.0499606456765144	0.042751029469376	0.0447009347072365	0.0366646979658958	0.0309046779060989	0.0308473636273579
72041	80-84	2	0.0715547337026975	0.0760144998951834	0.0831214966565719	0.0772292049892622	0.0838839235846785	0.0745218247685284	0.0624738004101026	0.0581352707772449	0.0472655541483592
72041	85+	2	0.13779164750125	0.163172030326311	0.172060061085929	0.151631360584937	0.14013998652478	0.147987706722676	0.121956542603532	0.126951593448545	0.119574126370684
72043	0-4	2	0.0041553273982781	0.00341274399789641	0.00419739099173416	0.00397434927928025	0.00289394609326767	0.00229317629047147	0.00220765780662653	0.00185993485931661	0.00188822670434296
72043	5-9	2	0.000248847423000984	0.000221829978883146	0.000240747819873266	0.000283411745572457	0.000221072339621545	0.000181742771557479	0.000176639412397196	0.000147650287478178	0.000154614940646677
72043	10-14	2	0.000311526939153642	0.000349549538626428	0.000275034812215255	0.000281550726232742	0.000219401343841059	0.000217606871964547	0.000212510359288291	0.000179668603399564	0.000187118884697
72043	15-19	2	0.000957653624987208	0.000943622408931279	0.000778453150930748	0.000802480412397359	0.00103561294587978	0.000905210927300792	0.00070889208857749	0.000602664100412312	0.000642114713667725
72043	20-24	2	0.00163735860579254	0.00177136173076139	0.00229731087607225	0.00147348829308951	0.00151880624067699	0.00123012940881022	0.0014280437756561	0.00122992654506325	0.00184675620056509
72043	25-29	2	0.00195131850678573	0.00185351163083342	0.00230342943706822	0.00229807801895907	0.00199869928549261	0.00178504767603058	0.00188200021663892	0.0018757735185379	0.00153288676252515
72043	30-34	2	0.00240899728919497	0.00301022692307895	0.00261825728835076	0.00320848678510119	0.00178997427622625	0.00187677162168564	0.00202050298959077	0.00227477389592531	0.00190180400903207
72043	35-39	2	0.00295156744017221	0.00449934608511837	0.0046325308478435	0.00393402320054618	0.00323688101125235	0.00238152364538417	0.00214270644351413	0.00244454125963196	0.00217704116640271
72043	40-44	2	0.0037974909311816	0.00352750664076129	0.00488782281123743	0.00590178610910656	0.00349241323477018	0.00314809912556544	0.00290687076895504	0.0023420909327005	0.00270538663660239
72043	45-49	2	0.00549722232175836	0.00659390264178743	0.00638803674067911	0.00633408195473683	0.00552652579083796	0.003470895326658	0.00384095636804574	0.00335771991443464	0.00359633452008747
72043	50-54	2	0.00832989053088445	0.00969662910786813	0.00769246333967172	0.00833713368011008	0.00569095917250409	0.00624109386790713	0.00571642975205682	0.0062647184406033	0.00568593923726685
72043	55-59	2	0.0155997460675693	0.0120431095256596	0.012208280956868	0.0116100282749103	0.0100994025633667	0.00729584981800622	0.00971415382087663	0.00834845267150316	0.00862912237618434
72043	60-64	2	0.0210248172182197	0.0175317508403644	0.0179688650099506	0.0166704692393919	0.0148180268188394	0.0123229561558456	0.013010464740336	0.0126408478730451	0.011502442205194
72043	65-69	2	0.02791778740798	0.026873408558928	0.0312166332460557	0.0265736670066788	0.0253675024085311	0.0180729360028015	0.0171831896609997	0.0176417579288939	0.0131161118282945
72043	70-74	2	0.0378913763999625	0.0461535682607556	0.0354496212880518	0.0362324056885597	0.0349435773528361	0.0289698206029993	0.0278727582126823	0.0260700861825673	0.0249078523606319
72043	75-79	2	0.0536742644992724	0.0580074636634164	0.0519307972357344	0.0542450226003603	0.0589328767084841	0.0526429290304474	0.0468601732814718	0.0427962542143384	0.03912447906675
72043	80-84	2	0.0806289524927732	0.0809848531114132	0.0979975109587847	0.102854437979608	0.0884452180080242	0.0750638880555094	0.075733216324581	0.0684326299321097	0.0534121580005747
72043	85+	2	0.184344363191243	0.153995954697814	0.155631246343574	0.148795473003549	0.167544771224785	0.164844024349221	0.143001606089948	0.113157674539502	0.110458654968836
72045	0-4	2	0.00348837166134414	0.00375675673207023	0.00280370097871426	0.00337369138439184	0.00283588220925517	0.00266116121768474	0.00226517842523261	0.00194880154347229	0.00236271943769368
72045	5-9	2	0.000224741746209542	0.000229163041090862	0.000237659332307435	0.000233797435833322	0.000189636438194452	0.000179499807534024	0.000164350350024345	0.000150418856760431	0.000164985833394754
72045	10-14	2	0.000269992413758991	0.000319505300217375	0.000287533910864731	0.000282444929552165	0.000229767220559117	0.000218062357390626	0.000210486627648497	0.000183715723509579	0.000201068432760172
72045	15-19	2	0.00100095861917829	0.00081431840309972	0.000885352439152686	0.000936390261067472	0.000779938626986148	0.000745056191048135	0.0006355867053377	0.000572017797912832	0.000627198948844607
72045	20-24	2	0.00194225638789105	0.00183997193780705	0.00226958672982769	0.0023106074962408	0.0018766029544634	0.00131882266494048	0.00138564833744539	0.00145594470257623	0.00130838031746212
72045	25-29	2	0.00219120479889942	0.00232405908065742	0.00231110610239309	0.00238290890482701	0.00182120367141801	0.00196590253609993	0.00153110884833051	0.00200720506882195	0.00145715205361524
72045	30-34	2	0.00241423062738228	0.00283733556158802	0.00287727082968551	0.00330711930804956	0.00259394604823201	0.00230453997698128	0.00203315785416776	0.00177193025748784	0.0018415359595104
72045	35-39	2	0.00284672484675797	0.00378453694323756	0.00397604135952086	0.0044450818387497	0.00265763631192936	0.00338219064995829	0.00243113074629918	0.00247265081431426	0.00261622854039537
72045	40-44	2	0.00418304190257039	0.00426291890778493	0.00418006097775161	0.00442734741163456	0.00346002451074016	0.00320424027794102	0.00316315193886472	0.00290222589684859	0.00335904523530381
72045	45-49	2	0.0058374987081227	0.00538938512586021	0.00590964344101425	0.00525578316059365	0.00551289473471926	0.00500662404729712	0.00460956330115008	0.00428615051028844	0.00409945367916598
72045	50-54	2	0.00833144163785848	0.0072385010497806	0.00941742769490564	0.00870996143467677	0.00705513489104582	0.00659611237914519	0.0056587950212565	0.00608185245389398	0.0079467587542082
72045	55-59	2	0.0139540420693833	0.00973594390589444	0.0115434579958623	0.0139499099998864	0.0113552606354207	0.00881973779097463	0.00912387574695536	0.00742694268644115	0.00943386178564217
72045	60-64	2	0.0139048553550792	0.0178688578605298	0.0190853009717136	0.0152191592101141	0.0150076445652396	0.0151900464820942	0.0140971774896229	0.0130824421551685	0.0110920163209975
72045	65-69	2	0.0255476626938229	0.0262540616472227	0.0229777937449116	0.0250723999844061	0.0246270246971164	0.0260905700460991	0.0170584630198616	0.0164140848094345	0.015001238364241
72045	70-74	2	0.0351583679905245	0.0379092031324834	0.0426387204182205	0.0478204386883646	0.03027797516817	0.0278316748986409	0.0293318198964198	0.0222899791948295	0.0260697961734684
72045	75-79	2	0.063533986500781	0.0557160160029933	0.0504561455230216	0.056120012561508	0.0513548747011646	0.0391011430083479	0.0369898131379941	0.0461922719448329	0.0467395197553338
72045	80-84	2	0.0846739838721029	0.101728140280556	0.0949076428970073	0.0699813979704814	0.0801811021628641	0.0844275861540047	0.0636315299956162	0.0684458505558812	0.0634478093944161
72045	85+	2	0.179316249427938	0.135841874308027	0.163294879609451	0.159181260229895	0.167796003592989	0.165143620497114	0.153077403007481	0.138159112836417	0.126929364334931
72047	0-4	2	0.00454600676453376	0.0031267052445766	0.0033404632025997	0.00354452693526677	0.00276214903921954	0.00258283819232717	0.00231561708176087	0.00166154563925685	0.00265165069704374
72047	5-9	2	0.000257608088651438	0.000216261535040711	0.00023515103717623	0.000252713210872022	0.000187650763030284	0.00017052967567015	0.000173213349993742	0.000151784690640881	0.000150777672809665
72047	10-14	2	0.000243987060374898	0.000260627719409115	0.000324552139187092	0.000274989842839698	0.000214299568972845	0.000214543088487767	0.000219185719968968	0.000193158263510069	0.000191617093912853
72047	15-19	2	0.000977364439568697	0.000816569138519891	0.000915786319212992	0.00125479468317697	0.00096848454224262	0.00101364006425765	0.000597058980875925	0.000619775219506028	0.000683913874589003
72047	20-24	2	0.00165397034663637	0.00134502198771362	0.00221170202653341	0.00196812324452102	0.00196699136858908	0.00217645266279313	0.00156893031857449	0.0014941834416918	0.00145014127689298
72047	25-29	2	0.00189581179249142	0.00215315322779625	0.00303061657328521	0.00202535106534832	0.00216178428808803	0.00179545330620479	0.00179217785193385	0.00148399463857739	0.00138034649917595
72047	30-34	2	0.00251007355817758	0.00277633924996738	0.00283671688966646	0.00358299266230513	0.00190434709080279	0.00238598327999398	0.00224430757732517	0.00178240664743494	0.00219746196170581
72047	35-39	2	0.00270872824940517	0.00315310060813357	0.00382583291035997	0.00312212752833946	0.00271094006393005	0.00261398574498387	0.00232193023506514	0.00238093431390281	0.00333175081925455
72047	40-44	2	0.00360224937391596	0.0046215524305934	0.00424417877653799	0.00455545256578828	0.0030304930998985	0.00346863594739022	0.00309471375875284	0.00215516902758378	0.002944489966811
72047	45-49	2	0.00477167960425954	0.00449332661809596	0.00603431496003084	0.0070394423476474	0.00542828743606786	0.00515766504241498	0.00402508541863	0.00364305766503453	0.00319884647512833
72047	50-54	2	0.00768466358651997	0.0080764981186852	0.00908143913224663	0.00710895082985609	0.00559931770298032	0.00579200355100978	0.00507562947007509	0.00683103550476446	0.0049591710975989
72047	55-59	2	0.011888162388536	0.0108780111507442	0.0137712781049183	0.00981641371786504	0.00795166873754751	0.00842598352931502	0.00929513906906007	0.0082262308472237	0.0103599275127936
72047	60-64	2	0.0197541049455829	0.016401207723966	0.0187240516313305	0.0196566073615474	0.0139989444786289	0.0136672805001687	0.0134440620880784	0.0131840227093943	0.0143017035735315
72047	65-69	2	0.0231361363676483	0.0244597488530244	0.0253161246046134	0.0205284650264894	0.0194134145727215	0.0165914658462864	0.0138873466177177	0.0162752652164995	0.015648994790563
72047	70-74	2	0.0366040048432536	0.0357123553954745	0.0331068560918524	0.0336802570193259	0.0312182930783965	0.0272125826939099	0.0251330713050779	0.0233728738954105	0.0248573231743009
72047	75-79	2	0.046200933874065	0.0571350602368103	0.0544747885973411	0.0560487790478623	0.048204416047363	0.0447840104374858	0.0423413675625514	0.0369662018790569	0.0370990798055469
72047	80-84	2	0.110337614649253	0.0704612392076968	0.0962404612424344	0.0967019851032055	0.0725182130765282	0.0744042975706269	0.0716524421307868	0.0559204758518541	0.0607902139537367
72047	85+	2	0.167962488033535	0.171463213442603	0.177533244332909	0.180645975910798	0.177223796406949	0.167522356676258	0.141183042392467	0.134186831094934	0.102542026929111
72049	0-4	2	0.00387135407064108	0.00329982318733281	0.00295904757670765	0.00245066095612138	0.00180460896524408	0.00204941709359032	0.00241438109881733	0.0024270429312398	0.00246989518232837
72049	5-9	2	0.000207101072937678	0.00021217637720359	0.000220556562629448	0.000214993453859092	0.000181000614529711	0.000170601617848858	0.000155473980978771	0.000141195747954287	0.000154390322350402
72049	10-14	2	0.000254061693496563	0.000260329116219254	0.000270654147155906	0.000263936278717888	0.000222199900183008	0.000209318195865136	0.000190795384886169	0.000173274120162359	0.000179957124818411
72049	15-19	2	0.000885380541128949	0.000863027011787518	0.00094412517260739	0.000967121334680325	0.000735400752560413	0.000693059136550938	0.000632130306555369	0.000575300248784359	0.000597941409552024
72049	20-24	2	0.00164282591708229	0.00159850794969328	0.00166031564709332	0.00170516486370662	0.00136774938275482	0.00135847438535033	0.00123592995635585	0.0012436787623709	0.00123249719728667
72049	25-29	2	0.00194359103203685	0.00199205561883467	0.00217863731742169	0.00202360727535618	0.00170752898808764	0.00177607578347386	0.00154733070719868	0.00140784690819791	0.00145981911123236
72049	30-34	2	0.00232032405766556	0.00250178238570224	0.00246777940037865	0.0025205370812095	0.00202883472360084	0.00202469491667075	0.00214453760763382	0.00176545041391185	0.0017393263206487
72049	35-39	2	0.00289418187406958	0.00309077598863881	0.00303844640146156	0.00327109709960118	0.00250981067447914	0.00249132590835934	0.00228036585980295	0.00219394022317766	0.00239685195366026
72049	40-44	2	0.00361709637390931	0.00366651527542747	0.00396711247289497	0.00366643649257734	0.00310136375778767	0.00308611252874931	0.0028265425621971	0.00255385286351661	0.00310902648258912
72049	45-49	2	0.00483499311998983	0.00564953553293713	0.00577091970170163	0.00506124743717484	0.00470622328255299	0.00402440051105826	0.00388871656703968	0.00377630016940406	0.00351627826414011
72049	50-54	2	0.00720159242429354	0.00693552900095482	0.00709945128106668	0.0078573217666254	0.00701269997289278	0.0069676417727142	0.00600808215421379	0.00472154393213175	0.00495944882403577
72049	55-59	2	0.0107880790165094	0.0103219844587428	0.0109805813697782	0.0119924959442322	0.00802941202584038	0.00752178120311493	0.00738947393165909	0.00775057406776115	0.00794350695389347
72049	60-64	2	0.016069047324646	0.0143667584496932	0.0158283129855747	0.0173979192489577	0.0135942042172036	0.0148838715192111	0.0117507032603334	0.0136284111357182	0.0125756046773829
72049	65-69	2	0.0252415494355868	0.0218982818025543	0.023261937896503	0.025875183810845	0.0194734733880926	0.0188686738357341	0.0174293146373387	0.0160852745437606	0.0142149967744722
72049	70-74	2	0.032619816000203	0.0384895465278464	0.0397939658780328	0.0372041955307693	0.0278022115083686	0.0248096823508388	0.0285182629282664	0.0233988657380839	0.0217189550348063
72049	75-79	2	0.0524121395394338	0.0586980362537193	0.0542223176397357	0.0468584535832242	0.0391360538441125	0.0409916065452193	0.0406994991772451	0.0402508691814526	0.0438914112029862
72049	80-84	2	0.0846528306693226	0.0963648858746369	0.111920633329546	0.101414222466108	0.0964506869510663	0.0831854106249639	0.0623290278232576	0.061256087871221	0.0672955307668614
72049	85+	2	0.199309523679185	0.184069134165922	0.166631490686624	0.15355845878533	0.145633730855518	0.141813949255696	0.144378589401447	0.13142751364056	0.112436471793912
72051	0-4	2	0.00383086998576263	0.00304364087638316	0.00278948115964679	0.0028444265951055	0.00273641283066996	0.00268580671684642	0.00231689014258549	0.00189604538748211	0.00211350138328643
72051	5-9	2	0.000227068338704051	0.000221357539879573	0.000240914922252161	0.00021527941443057	0.000201873847708098	0.000172403409319865	0.000166203048986114	0.000153316727725112	0.000160380953316824
72051	10-14	2	0.000315614719747908	0.0002537528503182	0.000288563124694007	0.000271950296563964	0.000232414734715876	0.000208497988464402	0.000199487026982086	0.000175743444470729	0.00020303379868184
72051	15-19	2	0.00113571306673765	0.000987887961110527	0.00101027960320369	0.00136762796718206	0.000810070734221283	0.00087664138846556	0.000691504419083779	0.000612303914490469	0.000701839233950035
72051	20-24	2	0.00148923790754077	0.0017779730450684	0.00223589088174654	0.00234962383574899	0.00229064021831275	0.00161909374698734	0.00165545213949487	0.00128579834521598	0.00128959869699931
72051	25-29	2	0.00199680660171839	0.00239665042649839	0.00354778538917511	0.00246849086539017	0.00215708084354503	0.00235643322129754	0.00261868335791784	0.00169993826412608	0.00214613481080806
72051	30-34	2	0.00218483792315767	0.0024297775038393	0.00374887549772911	0.00301628876242948	0.00185868436724923	0.00220998738953703	0.00223856403400165	0.00162487200727161	0.00217263543689128
72051	35-39	2	0.00354073790886844	0.00385311427045967	0.00431311772357949	0.00427564226449022	0.00266651533052336	0.0024913808023116	0.00247136996339372	0.00275376100633871	0.00240417840874021
72051	40-44	2	0.00368866132993446	0.00417152889624	0.00532025636785157	0.00464047333534928	0.00386665195465012	0.00331207993573691	0.00270334458866214	0.00278569970524965	0.00345583507862726
72051	45-49	2	0.00530303377201001	0.00523610085646357	0.00678547528853744	0.00761358570526794	0.00585123810098649	0.00498811464890654	0.00372893362151404	0.00302803493558801	0.00314725141812791
72051	50-54	2	0.00817870043019673	0.00873504604475054	0.00694567912588817	0.00793393602047262	0.00696888155405982	0.00655407460965907	0.00501198152332638	0.00501540858323209	0.00537883220589432
72051	55-59	2	0.012290284395648	0.0117700770434815	0.015991487122788	0.0114019624084519	0.0127959288765553	0.00945933574350892	0.00824772161428969	0.00771233702998882	0.00815758636235741
72051	60-64	2	0.0179198886274213	0.0198631630109039	0.0181940927010505	0.0152126495502547	0.0125141857262314	0.012789374522982	0.0101253799046638	0.0116069659082485	0.011178362701087
72051	65-69	2	0.0251038194906613	0.0280467307167786	0.0229530606899673	0.0275257740705374	0.0245777424698711	0.0212532166635874	0.0180386306129706	0.0155226513666717	0.0154823548782419
72051	70-74	2	0.0304366032464891	0.0456430343432755	0.0362647973611982	0.0383839483121196	0.0309286996290914	0.0279501125032451	0.0220219022257649	0.0226605337662652	0.0228142921982724
72051	75-79	2	0.0519324760247176	0.0629662347249045	0.055351133069776	0.053495479973437	0.0549008618731996	0.0407685330025503	0.0375342764296761	0.0358415711729555	0.0363160247404347
72051	80-84	2	0.0880656305391015	0.109908950861216	0.0937487339673566	0.0938525582441893	0.0929603192746603	0.086079347960937	0.061774792708651	0.057392726999638	0.0604462196612828
72051	85+	2	0.136643685577883	0.174781201319036	0.146060823448695	0.15473090458676	0.129038045578809	0.147249054221487	0.149748883677986	0.130445670341162	0.130103120567406
72053	0-4	2	0.00462618239689738	0.00354503560915606	0.00467770493004226	0.00327820766713723	0.00302343019553791	0.00300318099739067	0.00300124778167318	0.00227809283760375	0.00247633576182485
72053	5-9	2	0.000246322203818235	0.000266948328741838	0.000318689546638521	0.000244061294257227	0.000208736353928062	0.000210219782798245	0.000195205344419776	0.000171155380639936	0.000178999142143196
72053	10-14	2	0.00030824292267463	0.000330913898047811	0.000360226904437333	0.000323601224524922	0.000278746139903995	0.000278334140650294	0.000223944629779924	0.000207326013740651	0.000216569361562152
72053	15-19	2	0.000907043413573879	0.00111959533812429	0.00111488403538538	0.00150310927511477	0.000884429365712656	0.00090255088342332	0.000956268445950897	0.000789412807895067	0.000806447996676005
72053	20-24	2	0.00160611566147874	0.00202445321759365	0.00243849297674503	0.00234301872460558	0.00215184473667469	0.00222853075682993	0.00288028990000385	0.00203455392510159	0.00163729096372958
72053	25-29	2	0.00211626672481733	0.00216273877133546	0.00263828232569812	0.00279759292248235	0.002605383017321	0.00269898729142274	0.00295465796271371	0.00242707488004027	0.00220113692274346
72053	30-34	2	0.00246736563663754	0.00344968176587006	0.00405180497037878	0.00352660966332986	0.00299633381140681	0.00328891583986265	0.0024331384636262	0.00267641493401893	0.00291263198992934
72053	35-39	2	0.00388072100881549	0.00441375968939823	0.00614502313646028	0.00508658922474262	0.00386092997696978	0.00312417066692827	0.00329911947236948	0.00274574424387366	0.00284159593670549
72053	40-44	2	0.00528896520290912	0.00528325500203308	0.00656331069041763	0.00670006231855033	0.00446229136889581	0.00488430878195074	0.00343232151810433	0.00443671237016162	0.00464050938698719
72053	45-49	2	0.00712242684601306	0.00572171140897653	0.00751133955958459	0.00807538254561848	0.00725987469032366	0.0051539217451649	0.00616733983483808	0.00463749882909277	0.00525769962573024
72053	50-54	2	0.00877206070661938	0.0104307183141591	0.0103002419230103	0.00792968587767375	0.00791226679390736	0.0076061260277185	0.00733833272115027	0.00537745244660938	0.00807945420011888
72053	55-59	2	0.0144207700739941	0.0145887280280286	0.0135387730004413	0.014983959839399	0.0110572648056837	0.0131535250353091	0.0120666911964043	0.0102917716336578	0.0103225753058991
72053	60-64	2	0.0181102776174529	0.0179925770631448	0.0190328833517416	0.0195658176643934	0.018403001765176	0.0191070172924783	0.0156167542937133	0.0148895341288042	0.0145400276985239
72053	65-69	2	0.0270620671389246	0.0229365134961244	0.029577367612123	0.0236114492121246	0.022709322199491	0.0278840306039088	0.0194013794744103	0.0192919403928032	0.0209197805425513
72053	70-74	2	0.0447734945880547	0.0420288761268294	0.0468420160940597	0.0373250713902483	0.0403636496349159	0.0307986815629178	0.0258663392792611	0.0251161546819548	0.0260743391087651
72053	75-79	2	0.0502653213480351	0.0558494415423104	0.0661570600768225	0.0611528902462028	0.0535206506602473	0.0456438030469104	0.0436085921547321	0.0379480744339219	0.0416001149272788
72053	80-84	2	0.122066494824171	0.10054392279213	0.100779456300515	0.100314815227786	0.0785868968821177	0.0894752751711928	0.0693852427759012	0.052239919643102	0.0693966571950588
72053	85+	2	0.184493104224421	0.218443615775041	0.157653415390177	0.177147466503784	0.152966448182751	0.146781867320578	0.154569774976744	0.134780459050148	0.116948762717476
72054	0-4	2	0.00420890690849998	0.00405859686826221	0.00380583377557686	0.0039408516402403	0.00294411730860192	0.00302592281889688	0.00251473791054063	0.00221586694097681	0.0023347398228071
72054	5-9	2	0.000227221899147344	0.000233242230614652	0.000241730352438618	0.000246618062693113	0.000197655334729723	0.000186833183232629	0.000170472322823089	0.00015582240723253	0.000161870445075918
72054	10-14	2	0.000277138094765445	0.000298668346235022	0.000309391849056903	0.000285963231204862	0.000241197143047951	0.000227480663129439	0.000207379429120339	0.000190231371783618	0.000197755117245126
72054	15-19	2	0.00092086687256809	0.000937121465539663	0.000963487683013797	0.00117577638751076	0.000915193602366868	0.000715569193298237	0.000687294095747383	0.000634647438315808	0.000634493576748285
72054	20-24	2	0.00165279649059087	0.00159895585888403	0.00193470775245416	0.00175411182312981	0.00162653760739944	0.00131881360569758	0.0013315054400922	0.00124999731402269	0.00148061900373507
72054	25-29	2	0.00235303292920081	0.00218242779528066	0.00240570260965526	0.00225894110651692	0.00201738161005769	0.00185112939228139	0.00217851272925632	0.00177484294059959	0.0016108683679963
72054	30-34	2	0.00248857241019855	0.0025372593901537	0.00318497267100926	0.0028923795800497	0.00209520368413597	0.00208080855583721	0.00202587649252311	0.00194097174775561	0.00190453963465917
72054	35-39	2	0.00365031264413911	0.00334911168866716	0.00380271934431225	0.00405677475286573	0.00252421573872368	0.00248120521722921	0.00249784752811875	0.00240412498295073	0.00268496361051247
72054	40-44	2	0.00429970737017793	0.00405603763852629	0.00488279747710183	0.00458317471629889	0.00392628634322242	0.00305363337427471	0.00251872016269141	0.00298871087166893	0.00347927693541861
72054	45-49	2	0.00656260442810241	0.00707380526550129	0.00550089438103059	0.00630717888741333	0.00476071503829278	0.00443531780768697	0.0037613868997551	0.00339955958824034	0.00423261940609482
72054	50-54	2	0.00873996200244556	0.0117096946935803	0.00862114266535213	0.00793954581418603	0.00654910455574827	0.00635500008473645	0.00649865251585348	0.00658825510520716	0.00622132295356635
72054	55-59	2	0.0120128177600578	0.0145318283044981	0.0126808888325257	0.0129869069664757	0.00766498570854779	0.00781988459967599	0.00871002482604935	0.00855823650601672	0.00801355265518792
72054	60-64	2	0.0189935332400584	0.016996892500112	0.0175711656076141	0.0183100192391287	0.0177293734397166	0.0149901683887039	0.013857478644936	0.0104062470840072	0.0106694600607535
72054	65-69	2	0.0259210308911835	0.024368574952408	0.0292078445420151	0.0267368849758243	0.0244189193928317	0.0229365614146199	0.0165274430178326	0.0164345414403672	0.0165424715573808
72054	70-74	2	0.0402443218368235	0.050007214346256	0.0491236312413473	0.0424192479726583	0.0343999800346454	0.0339508750658106	0.0225517297490427	0.0212649490340362	0.0244602048972031
72054	75-79	2	0.057855834275992	0.0525061701341706	0.0637546659928171	0.0479157236478538	0.0567928445607723	0.0457596572682245	0.0373539972888857	0.040055318243227	0.0394847257270939
72054	80-84	2	0.10508169861841	0.103833087046218	0.116202781700379	0.0911483697521189	0.076839103544299	0.0847998715271311	0.0659413311107429	0.0740045547936342	0.0572527862737303
72054	85+	2	0.238897850405289	0.194786112159858	0.185006102931173	0.199509771660264	0.174407432269317	0.182968714098349	0.161398703878329	0.155828657732813	0.15075744495698
72055	0-4	2	0.00441214799071192	0.00464016758629272	0.00435569750290896	0.00407770502591078	0.00329087163458236	0.00384934579835231	0.002745375821431	0.00254157377473482	0.00312547156773957
72055	5-9	2	0.000288333195200744	0.000256593968298751	0.00026691136275844	0.000287999303223985	0.000245514407828268	0.000211388732803817	0.000194650537552804	0.000179108551024998	0.000186986768376841
72055	10-14	2	0.000332337713755267	0.000307631997627064	0.000350772585461951	0.000363486304052517	0.000269984381742904	0.000269865727608777	0.000261644821842082	0.000218336545795701	0.000227961583187489
72055	15-19	2	0.00101766513980806	0.000975244996438709	0.00117208643148677	0.00111318678370427	0.000986556260035273	0.000840349621122237	0.000793686282858766	0.000786016666230818	0.000832923812782773
72055	20-24	2	0.00246794980731219	0.00208960202029961	0.00222554820147617	0.00209637720215289	0.00159324185372259	0.00203533082986145	0.00168682983501941	0.00131300847500669	0.00127134318071666
72055	25-29	2	0.00257379462646423	0.00320906057559091	0.00304962115262887	0.00351243637896412	0.00244310949180035	0.00237476916100083	0.00211986101645457	0.00165795289589133	0.00247456609006885
72055	30-34	2	0.00258369549740499	0.00325847559392747	0.00374022422796352	0.0033393563705146	0.00264213494657432	0.00227865720048297	0.00217140408750304	0.00213587130579099	0.00218301629199478
72055	35-39	2	0.00443804126316684	0.00376816971609153	0.00583931326548656	0.00465824561674868	0.0042781045609234	0.00289769820151064	0.00252096808354054	0.0034696028573417	0.0029506953321111
72055	40-44	2	0.00446749842425431	0.00618854903932427	0.00590739600785559	0.00608952449158342	0.00363728938076444	0.00411378631536694	0.00305743007924165	0.0035830602810575	0.00418480074858863
72055	45-49	2	0.00587533868925064	0.00733623100154422	0.00677647995942556	0.00716624664322675	0.00583853385666744	0.00563220324420703	0.00482394185633836	0.00524645540936575	0.00511815108263991
72055	50-54	2	0.00836103915480919	0.00928526666669708	0.010556218918354	0.0092530704311351	0.00699903466037473	0.00877548564752547	0.00757349471428673	0.00750370972827839	0.00809963823907151
72055	55-59	2	0.0164073798839723	0.0136382396312328	0.0134981847351052	0.0136555124585725	0.0146269951680097	0.0125473789102726	0.0114636704950857	0.0104552834751948	0.0096234561259545
72055	60-64	2	0.021185246268018	0.0181025204283987	0.0226869017940558	0.0221243216534751	0.0177669600825727	0.0162077853642809	0.0133162279201686	0.0132060387100377	0.0144588498507936
72055	65-69	2	0.0285216174691566	0.0266959892454013	0.0304717971101332	0.0252806904692402	0.0195683071377594	0.022182958901407	0.019462094298982	0.0203521057481062	0.0225837407069238
72055	70-74	2	0.0457050766588945	0.0422687703963434	0.0455435479067133	0.040447339884778	0.04126411891019	0.0366498956368856	0.0305052992347523	0.0305355606535595	0.0289546312850892
72055	75-79	2	0.0701136537063831	0.0770268204906559	0.0625011849499344	0.0689147838878825	0.049607550377108	0.0486005161681298	0.0508771688256024	0.0531740028305811	0.0388966920464652
72055	80-84	2	0.0885023522286627	0.0973533314226146	0.0934545173974824	0.115061444808609	0.100367027151267	0.102747402490978	0.0674677685877761	0.0634409064529253	0.0857115084102573
72055	85+	2	0.19149395704866	0.199730370619358	0.195083628526715	0.181900568621821	0.174396797244662	0.149609340190268	0.166783372615958	0.188363691538904	0.157339533520174
72057	0-4	2	0.00445962649518936	0.00469503650871398	0.00470314984941005	0.00323275004736452	0.00277836523798453	0.00326895616661943	0.00218977499362776	0.00222528348227048	0.00256040087708441
72057	5-9	2	0.000240704273536513	0.000226422179068987	0.00027062574026447	0.000266518015870652	0.000219456732023057	0.000190177309411901	0.000184986318349109	0.000171953146419257	0.000181415940282224
72057	10-14	2	0.000420980342922051	0.000336258752346884	0.000335445507224748	0.000317402764299944	0.000274558464003657	0.000237631821406366	0.000210356577684514	0.000207229539236006	0.000208476122554682
72057	15-19	2	0.000858867251141444	0.00107040363982064	0.00122246393229881	0.00116317361502068	0.00102856212111379	0.000918011270162453	0.000963077055468068	0.000784305220756279	0.000826320415391839
72057	20-24	2	0.00191935117664976	0.00171341129449219	0.00219682912242644	0.00227521054604469	0.00233845735785662	0.00173997967654894	0.00181916016652153	0.00125552483856209	0.00181160606546749
72057	25-29	2	0.00224775903592401	0.00216876556469033	0.00256982717521903	0.00272440688936447	0.00207876426004101	0.00190399361661638	0.00228827504203384	0.00206075386313411	0.00255840861295664
72057	30-34	2	0.002429748849444	0.00354213854013632	0.0034205696164898	0.00331433544772261	0.00227902718882327	0.00240429881070737	0.00207919476228395	0.00228705531003393	0.00254913955254822
72057	35-39	2	0.00321873725003025	0.00440031217365117	0.00556479827324389	0.00451379079089686	0.00329965342495525	0.00278239184954596	0.00233794861695507	0.00287439792266878	0.00402553617809489
72057	40-44	2	0.00473650431296215	0.00483976855972023	0.00518532193850828	0.00657866018980364	0.00495796636985013	0.00429468013087576	0.00281020937579336	0.00343149276924908	0.00326168611990203
72057	45-49	2	0.00601273221384074	0.00581899379115101	0.00830151593983121	0.00706771520166415	0.00586027894578172	0.00478190588329433	0.00428832167237211	0.00324939789290397	0.00464675459028215
72057	50-54	2	0.0103007094598513	0.0115323540656016	0.00829702890117247	0.00988485086045942	0.00798863943187326	0.00818298102808735	0.0063682686497011	0.00706477797789076	0.00659019351761164
72057	55-59	2	0.0139066511943262	0.013694475593138	0.0151504348314744	0.0133647316918583	0.0133560464279926	0.00941067206446844	0.0107809280262155	0.00878860751788881	0.00990379301821322
72057	60-64	2	0.022290602204261	0.0226497944526691	0.0193871565334118	0.0192950528904256	0.0178953784466595	0.016832315150058	0.0144988301716114	0.0127865054844709	0.0132029428450772
72057	65-69	2	0.0326885222192381	0.031739390105834	0.0314741756867751	0.0257011898270828	0.0250475675713056	0.0232334518352248	0.0199172255109586	0.0184303485870509	0.0192644505534227
72057	70-74	2	0.0504031034937953	0.0484707786337511	0.0451384310323866	0.04290322272592	0.0408578333452951	0.0362683343758251	0.0283680446773726	0.0268366498987293	0.0277150776004438
72057	75-79	2	0.0564665615430283	0.0573995448958056	0.057099561362617	0.0551434078965881	0.0517505881823676	0.0419864697715893	0.0435379279431812	0.039419968596308	0.0402506165912451
72057	80-84	2	0.0934783774711528	0.113012708556582	0.0810117922836621	0.11257911478166	0.103483935121429	0.0856720140257047	0.0712604457242156	0.0628493634457821	0.0726793895761852
72057	85+	2	0.172320730234661	0.150948077600912	0.197564147327208	0.179640610066988	0.171297867129062	0.162593971665637	0.151322652378724	0.147290035911268	0.147729831116105
72059	0-4	2	0.0046699046231961	0.00429544622103562	0.00350847423319536	0.00356730731768791	0.00283773681088836	0.00261682886836627	0.00278716262584697	0.0025294589518023	0.00272430065481165
72059	5-9	2	0.000236985985151092	0.000231738235857872	0.000240373553836058	0.000236122978029378	0.000201717979150397	0.00020156046485163	0.000175859787750866	0.000161454982812451	0.000168911220530734
72059	10-14	2	0.000286520688736177	0.0003075306490837	0.00030367032171626	0.000313365707774106	0.000256355157663115	0.00026970460899678	0.000213689677614241	0.000196652877141555	0.000205713769909226
72059	15-19	2	0.00106026139422552	0.0010038353267952	0.000912343481552248	0.000964526985303484	0.000886908450366222	0.0010267874761591	0.000784386346127353	0.000665113976315139	0.000705331768831439
72059	20-24	2	0.00166580058370507	0.00198132237222067	0.00216466620919126	0.00167511076271269	0.00170472922935915	0.00183437609794168	0.00133434391944573	0.00152867822017932	0.00138993555961373
72059	25-29	2	0.0025480108948038	0.00189161879671205	0.00216938073592812	0.00200019409106953	0.0020393038471279	0.00219712387078176	0.00150523500293615	0.00204407859023904	0.00174539456808195
72059	30-34	2	0.00242941525326415	0.00295119471251964	0.00314231589986382	0.00323227347650291	0.002525078865384	0.00242794073817898	0.0018901799876826	0.00237692710911238	0.00255877498179126
72059	35-39	2	0.0029813004158409	0.00315753327413461	0.0042280432425349	0.00315492292887219	0.00282305916428832	0.00301838999149265	0.00215136383776041	0.00284310845064288	0.002955721682848
72059	40-44	2	0.00339931028838541	0.00387838559492709	0.00496015826434785	0.00489115443825272	0.00396792554953051	0.00328791744721855	0.0032660188902394	0.00249069062091942	0.00381831531647072
72059	45-49	2	0.00551048645740259	0.00585528478152483	0.0053222979267362	0.00640910509470008	0.00471383816133762	0.00518066188222113	0.00515985441016038	0.0045257248329065	0.004362822765304
72059	50-54	2	0.00673723572029189	0.00923294994294432	0.00806555084641465	0.00859807354231815	0.0088036420124856	0.00712778522527211	0.00523824236747719	0.00538586742043102	0.00627157742730764
72059	55-59	2	0.012417284028487	0.0115101663474956	0.011284385797747	0.0114391923556018	0.0106563135924897	0.0108318164495081	0.00942219952671671	0.00884523738928748	0.00927227800591907
72059	60-64	2	0.0170320865718482	0.0232381630160582	0.0214345756890401	0.0182191929403659	0.0176549082110081	0.0161619978264495	0.0146736512566244	0.0151797222461705	0.0136185168526063
72059	65-69	2	0.0242836603389412	0.0317912567234948	0.0240878658228972	0.0225377581448756	0.0215292549397116	0.0233153242552051	0.0241378595021017	0.0180975858215449	0.0152369808529257
72059	70-74	2	0.039520198728432	0.0389396564147277	0.0412241875548068	0.0427110119112067	0.0351426493487252	0.0324705152167285	0.0249253397575256	0.0256664009358227	0.0317842028773048
72059	75-79	2	0.0614303330516724	0.0742509971154594	0.0574927908615592	0.0600782451882535	0.0467904493296304	0.0467108189757742	0.035397016507168	0.0494864602263962	0.0476381785116534
72059	80-84	2	0.102030882562351	0.101373098542498	0.0938927592910093	0.108235598014982	0.0927968009021009	0.0904540391320948	0.0816796907120604	0.0611185553682408	0.0725901957287174
72059	85+	2	0.162751140671116	0.181502653880538	0.154632767582041	0.158401955561929	0.156904151124411	0.200837996839085	0.175823586691198	0.152663570354075	0.15020129452068
72061	0-4	2	0.0033788532356512	0.00295887182530247	0.00297736410740335	0.00328099149614888	0.00261357266361792	0.00222519252983906	0.00209597404884004	0.00164425851028323	0.00199725689848761
72061	5-9	2	0.00022616053886907	0.000212384443486	0.000230042011627354	0.000190547076794068	0.000181028931770324	0.000182875783903508	0.000149379768116939	0.00013890322469439	0.000146288128642987
72061	10-14	2	0.000242001452342856	0.000280202180341724	0.000258185047750298	0.000287920417861412	0.000232866820526585	0.000206179609284694	0.000168891627841366	0.000158060425509065	0.000182601199534482
72061	15-19	2	0.000899697348161124	0.00117614725674243	0.0012726036557797	0.00171419472141519	0.00125294802961536	0.00121559558903827	0.000839293477967928	0.000644513188970665	0.000692690931753391
72061	20-24	2	0.00161412819419756	0.0017709136686834	0.00273897335138763	0.00265987300553517	0.00258873431384677	0.00239359768780361	0.00235323399775172	0.00156282632093899	0.00141041314745679
72061	25-29	2	0.0024584554850299	0.00290757677314582	0.00345858320186929	0.00325824165393061	0.0027422607820875	0.00249053427043311	0.00230889420425773	0.0015572578546527	0.00197836307241638
72061	30-34	2	0.00220393337586809	0.00280332939379322	0.00435444883607776	0.00334264698839471	0.00227857027338354	0.00265194881481728	0.00253748166829475	0.00187467422919514	0.00231436283400027
72061	35-39	2	0.0024385781090712	0.0033255726302595	0.00517902432354342	0.00416438141640666	0.00272387395895989	0.00223763120442998	0.00221552901576138	0.00200818594084329	0.0031402086913311
72061	40-44	2	0.00335558523673953	0.00446442886106818	0.0050782291843161	0.00539081855729302	0.00391864818433264	0.00308793963239501	0.00292114999357441	0.0024455066505465	0.00283970560032637
72061	45-49	2	0.00401516706303828	0.0046931381761095	0.00656941829109229	0.00621147793896266	0.00412271211941275	0.00425289863513983	0.00345335260853621	0.00369051634490628	0.00477842497572608
72061	50-54	2	0.00808736780739635	0.00706616623703448	0.00734730054300651	0.00791910832336419	0.00670138908816628	0.00574452693034726	0.00566023330064886	0.00512590768080775	0.00499246310334839
72061	55-59	2	0.0104175961897804	0.00984335183312378	0.0103159980922154	0.0097785645756703	0.00898011332455055	0.0096677842226119	0.00720900146984618	0.00746760306065471	0.00778753741529312
72061	60-64	2	0.0194473988105747	0.0170340798928051	0.0138551529632614	0.0154341786187966	0.0126909471651524	0.0123891552149167	0.00907850740514446	0.00933723927731586	0.0102879354718468
72061	65-69	2	0.0235329638867516	0.0232465368118326	0.0228417553957122	0.0210196949324093	0.0196309799480411	0.0164205532498342	0.0155981865897385	0.0154525220997331	0.0142432529640703
72061	70-74	2	0.0347201960636925	0.0306955777355635	0.0312228447249456	0.0343514349703335	0.0285219565150271	0.0255962577389087	0.0241864516252123	0.0199207645381365	0.0238557552067189
72061	75-79	2	0.0526918556985034	0.049936477390718	0.049250953974163	0.0492771442922593	0.0438795611927661	0.0425230794828343	0.0324158172046547	0.0325349414534949	0.0356851883248617
72061	80-84	2	0.0909047342136895	0.0841894433002876	0.0801410345827547	0.0779421915316119	0.068868925015624	0.0696723933850108	0.0638510219715178	0.0511267792784926	0.0576776547652243
72061	85+	2	0.152006494807837	0.161132509228916	0.15215952972606	0.135636799891357	0.143500010297899	0.144255144834149	0.149634205737984	0.141512389523212	0.131424082288768
72063	0-4	2	0.00363547046982753	0.00381099525367526	0.00322733468309407	0.0028169262783946	0.0025164115517107	0.00258195154352929	0.00221843886675604	0.00169622026036012	0.00189016848567947
72063	5-9	2	0.000228335647052661	0.000222530988282663	0.000219219357399228	0.00024496896116726	0.000179795047439673	0.000205884276803799	0.000155951785070186	0.000151363947441897	0.000151130241179198
72063	10-14	2	0.000250238828954956	0.000280608730548839	0.000289975167352561	0.000324681839286527	0.000239599485518394	0.000204643649297903	0.000197397539868879	0.000192632720774066	0.000182824068437541
72063	15-19	2	0.000925503583908109	0.000795084159533235	0.00128271453332031	0.00114782735141036	0.000961611213714032	0.000800312403004999	0.00080062583440979	0.000652775568748824	0.000667388953848847
72063	20-24	2	0.00132784530794728	0.00192014378779644	0.00207240434139683	0.00203652558999252	0.00224850897630921	0.00194048548883403	0.00221197575728808	0.00139491597440364	0.00139043151845182
72063	25-29	2	0.0024549069916988	0.00256966312762939	0.00284130495080691	0.0021298805958408	0.00219264129232897	0.00282289259084283	0.00251300158312436	0.00196428123945849	0.00175430972865641
72063	30-34	2	0.00213266905743822	0.00273625295641064	0.00316118057381952	0.00320817731270152	0.00238053187233929	0.00243392081543382	0.00232946239057777	0.00195990025273929	0.00213899915827413
72063	35-39	2	0.0036712865292368	0.00354393337188333	0.00469894048827683	0.00420610565971028	0.00293797303806869	0.00318378421876491	0.00186991922749548	0.00237793646774668	0.00276625315586586
72063	40-44	2	0.00436484610542742	0.00394859606373037	0.00511701740870235	0.00332881048061282	0.00328523964331227	0.00281534140226482	0.00331986648836228	0.00280965985639131	0.00266203275003724
72063	45-49	2	0.00550738059515178	0.00560723880354157	0.00572733362572188	0.00487228683726766	0.00523225214224296	0.00481324600266194	0.00350613920739152	0.00356677454917686	0.0040711570720068
72063	50-54	2	0.00724740566434013	0.00829640361150631	0.00915316351481283	0.00765800595621959	0.00691786709168803	0.00513374003678986	0.00584029131213108	0.00444581117567517	0.00609825289923711
72063	55-59	2	0.0122414440109418	0.00997660388442724	0.0112814762290555	0.0119690962833753	0.00847521676609554	0.00922373737707254	0.00709641184704796	0.00825736985269666	0.00731063223392522
72063	60-64	2	0.0187955835599011	0.0188236307983667	0.0206218692890487	0.0191649817803766	0.0129359477661245	0.0135487179090614	0.0120261796479937	0.0106169475372643	0.0113508449218976
72063	65-69	2	0.0234555464084996	0.0317058212642519	0.0266428173460089	0.0226061283311738	0.023432837309165	0.0171967805682215	0.0171956098644369	0.0167636127360034	0.0135326451498088
72063	70-74	2	0.0361196777943466	0.0387388337648518	0.0438577669471071	0.0354317362915431	0.032382994450168	0.0286126449265313	0.0262231165126842	0.0253876715618382	0.0244246688278982
72063	75-79	2	0.0606236935848438	0.0508352530581888	0.0603655479252839	0.0614149851220577	0.0511458829640852	0.0459972112950194	0.0434684613722212	0.0355335097259209	0.0376492958153103
72063	80-84	2	0.102095034755679	0.0843189557743226	0.0929956244812223	0.0755234948193245	0.0809324906588867	0.0619311836647747	0.0709485589527555	0.0589842586861872	0.0577498456011229
72063	85+	2	0.165901808129176	0.183323416164137	0.152551886880754	0.153369529857348	0.134620414299921	0.145860509916589	0.143949888484164	0.132086134295861	0.120509754334644
72065	0-4	2	0.00336592958148498	0.00345796566716132	0.00367722228265849	0.00286290112749772	0.00220189661055606	0.00220886411126359	0.00213599064994505	0.00162435409465759	0.0019063075505282
72065	5-9	2	0.000208817792805534	0.000203845303459298	0.000232126724045382	0.000237001562085204	0.000183434028144227	0.000165815172796083	0.00015230092600553	0.000146947741231584	0.000146618209783059
72065	10-14	2	0.000273670594361011	0.00025560081865033	0.000252443997404171	0.000283331901508179	0.000210195773514503	0.000240998380713504	0.000192730714538796	0.000178501696006509	0.000177125173564752
72065	15-19	2	0.000920240398037021	0.000907341205035227	0.000899952100507993	0.000815873149504694	0.000804218252001005	0.000672587908270637	0.000680008449423633	0.000546129199824387	0.000554392922701493
72065	20-24	2	0.0015302675880851	0.0015061914470669	0.00172038518660763	0.00145399712273863	0.00131371354405853	0.00136743248021743	0.00119707939445008	0.00102590452304092	0.00143988493040203
72065	25-29	2	0.0018963988478223	0.00228520446652971	0.00200278873788298	0.00224271537155744	0.00159679459286649	0.00142392872392987	0.00137889339105412	0.00146433508372628	0.00179592111369221
72065	30-34	2	0.00280616088054155	0.00240573301024391	0.00284099818310091	0.00292493741781543	0.00231752694734665	0.00182380927189193	0.00157210359118155	0.00160618041218021	0.00175177951581263
72065	35-39	2	0.00279792811438551	0.00375246792063732	0.00354775407351265	0.00322019557693412	0.00284605223037629	0.00239201082359812	0.00223932268652415	0.00200001049522893	0.00228560205265667
72065	40-44	2	0.00492338518903851	0.00495664675655394	0.00379854747650955	0.00391526697276668	0.00318842352727379	0.00300605819299842	0.00274935482910681	0.00312755347577937	0.00301431136774258
72065	45-49	2	0.00621553729186101	0.00507226593111996	0.0054581155061903	0.0060406535572312	0.0055729730933263	0.00414220782064543	0.00464596459317297	0.00284760780874019	0.00314447259362086
72065	50-54	2	0.00791319477935655	0.00675915197864359	0.00934003744022231	0.0090349292611018	0.00649919531578258	0.00779863292407048	0.00560240346477741	0.00600259410310572	0.00475368406552373
72065	55-59	2	0.0139018415560255	0.0118358289208092	0.011441614014735	0.0115240864361404	0.0104607131008221	0.010169483791038	0.00883563569628506	0.00673375526640169	0.00784303952942535
72065	60-64	2	0.016581413149591	0.0186812160572272	0.0171651624563589	0.0164130314021391	0.0134132404522597	0.01450457442937	0.0106808959162455	0.0101096900908575	0.0121880958149698
72065	65-69	2	0.0234786586064065	0.0329016508566752	0.0268377248296805	0.0248993646384073	0.0211842988516719	0.021293464845263	0.0154954485386176	0.0164125380129453	0.0163750190219509
72065	70-74	2	0.0394455095084632	0.040112129320171	0.0377513516608807	0.0363750551265128	0.0354366596321607	0.0296696707027354	0.0238440507771134	0.0224092399074517	0.0259039003253836
72065	75-79	2	0.0504845232982563	0.0502218895301131	0.0593284241884407	0.0629809934696301	0.053275352205486	0.0513362481213583	0.0422973584885217	0.0334537518423124	0.0338442048935077
72065	80-84	2	0.093378063695231	0.0756610229256104	0.080477927374376	0.086160731256281	0.0914636543223623	0.0726931989386069	0.0700633599867897	0.0528876155496037	0.0583186380907688
72065	85+	2	0.19271561010951	0.173828498500796	0.163664671162424	0.165440434075154	0.165027241077551	0.167127957901959	0.162432358379826	0.13247039317258	0.127315762474318
72067	0-4	2	0.00362259555085022	0.00299295403437504	0.00329671177165868	0.00311805140994128	0.00250136789406655	0.00285836984356583	0.00303151460783524	0.00231144906947158	0.00213328427146099
72067	5-9	2	0.000205306152005131	0.000200922709971418	0.000208662056864334	0.000214030684285955	0.000190845527138235	0.00016261819407341	0.000156979218585408	0.000135985946625108	0.000141327971274971
72067	10-14	2	0.000288866923596468	0.000282803595770076	0.000266160795025576	0.000247757401941227	0.000221243028416454	0.000198144985787516	0.000181399846707847	0.000165854095602759	0.000172518501093924
72067	15-19	2	0.000801894910307621	0.000852680985829366	0.000769167223788543	0.000794972200775263	0.0006568191301119	0.000622696720859882	0.0005717723469734	0.000523700143313329	0.000549799589846903
72067	20-24	2	0.00143893298288983	0.00150978153529247	0.00160390464606427	0.00169790248985774	0.00129596910991488	0.00119554953211978	0.00122927374359715	0.00103744980413012	0.00101628371006592
72067	25-29	2	0.00183893489222016	0.00164515252045025	0.00198878809702553	0.00175586932445402	0.00187992939812153	0.0015939508113636	0.0013236479596916	0.00148809708511767	0.00139302647044632
72067	30-34	2	0.00212129828576633	0.00300681603013122	0.00241720915664181	0.00230729103242492	0.00192085418090176	0.00208139870510741	0.00197328905734118	0.00159925777778453	0.00182618775637282
72067	35-39	2	0.00253484213684607	0.00302230955744679	0.00286312705840141	0.00278453195066383	0.00241725684420088	0.00227830599227079	0.00231937566071972	0.00196593674440036	0.00192427946135136
72067	40-44	2	0.00333328110717409	0.00377657667137449	0.00361673768541007	0.0033330256084484	0.00339795633999279	0.00329614315262318	0.00261378837243529	0.00285125783271922	0.00280772163872029
72067	45-49	2	0.00456179793359662	0.00488518832482666	0.00511744262993481	0.00470287185641027	0.00389064052982505	0.00370077426204168	0.00423247998675573	0.00401877626000813	0.00376640839972897
72067	50-54	2	0.00687009377812036	0.00758760483307422	0.00711750492265606	0.00713583874558684	0.00739309321828326	0.00720088727592368	0.00672659171698854	0.00457608210572796	0.00546969342338213
72067	55-59	2	0.0126796355437919	0.0092759921547717	0.0105149064110078	0.00888772148432429	0.00939489458610476	0.00825068581203975	0.00893572468863	0.00743878239626121	0.00655249580291328
72067	60-64	2	0.0163762833919082	0.0146997837149079	0.0148321372229672	0.0139896956396021	0.0121648096302458	0.0109231454396373	0.0117642155773956	0.0108225994171855	0.012165985476866
72067	65-69	2	0.0214815026729659	0.0276778839828893	0.0229141210471572	0.0199052258375839	0.0219593538694014	0.0161719904010135	0.0161938065889658	0.0134992174923183	0.0199915280230558
72067	70-74	2	0.0366191428243585	0.0397390382948681	0.0377605436517587	0.0342087422607276	0.0311187928848731	0.0279896618602304	0.0242009247706305	0.0220787233121361	0.0224749810517881
72067	75-79	2	0.0451967484455208	0.0565557005346044	0.0506525284454434	0.0578382929071983	0.0454678440827708	0.0400450475478912	0.0435754683714541	0.039874237344093	0.0329337008358013
72067	80-84	2	0.0908103516012593	0.0812645897641509	0.0873145518868064	0.0929336725695431	0.0756411917340029	0.0748688593676814	0.0583816006166947	0.0585625471808759	0.0542504209733991
72067	85+	2	0.161620595723123	0.113728357672546	0.140680289727088	0.116694779642694	0.125610346089642	0.124647307009609	0.114243062828117	0.105641406567019	0.122186659533504
72069	0-4	2	0.00375512552110767	0.00407019192361287	0.00350152758292674	0.00291667493025166	0.00296793706667383	0.00260417310653437	0.00231226936855198	0.0020420833474584	0.00266164763973358
72069	5-9	2	0.000229296195348117	0.000255882228213015	0.000222183742378047	0.00022824190555486	0.000197357708749001	0.000198338894811392	0.000167494302695784	0.000171332163694679	0.000188447751541159
72069	10-14	2	0.000370740617052183	0.000287302420407307	0.000283922754382069	0.000281979341359107	0.000246318428074763	0.000247594999740608	0.00020021418542257	0.000196207291699268	0.000205385261584779
72069	15-19	2	0.00112205634714046	0.00105928727243606	0.00116452876643909	0.00109844118587262	0.000784568750880907	0.000851577546219682	0.000888065834936683	0.000727696155216359	0.000756384263211098
72069	20-24	2	0.00205119720005718	0.0019542345397081	0.00195893901845676	0.00198200401279142	0.00189638378167868	0.00231638910508587	0.00213549198899189	0.00162295237848792	0.00148848704738366
72069	25-29	2	0.00263729529913215	0.00241192643387974	0.00323871322332711	0.00263817329527663	0.0022244300981378	0.00257961019051494	0.00296716842326188	0.0025543035278314	0.0015511901178819
72069	30-34	2	0.00309175682568156	0.00358440292592861	0.00408332180727623	0.00362362129805558	0.0025618917348084	0.00274230392258091	0.00221892429503305	0.00249435644113419	0.00299907058560358
72069	35-39	2	0.00367689363590359	0.00401824617542148	0.00392315663823772	0.00342306001451586	0.00317726097048378	0.00340277272399616	0.0030732471552297	0.00230818317800258	0.00358127024057318
72069	40-44	2	0.00325433380188437	0.00400802999755919	0.00675312953364329	0.00583368954231244	0.00380343024707558	0.00451061005859074	0.00291960538294127	0.0031818844545694	0.00415966389493022
72069	45-49	2	0.00612475025024161	0.00580464370512273	0.0074397792481533	0.00614188401633076	0.00547141999840815	0.00541594342912242	0.00339018316552435	0.00460481175246253	0.00416276123238118
72069	50-54	2	0.00859789379109961	0.00952850098612401	0.0097341609833757	0.00865457014963694	0.00818585089320554	0.0074776302645568	0.00739504154520758	0.00622196128466759	0.00567776844560122
72069	55-59	2	0.013766603641737	0.0122993848681266	0.0119033529330853	0.0127422689134063	0.0109130778184397	0.0111477839139588	0.0103003783819296	0.00934538115920583	0.00931521401262795
72069	60-64	2	0.0185885168202903	0.0197648322421905	0.0193742016267965	0.017714281155917	0.0162931868421191	0.0136540822001777	0.0126417006002276	0.0122133609488413	0.0101191825544167
72069	65-69	2	0.0268627593622189	0.0315304627338229	0.0267685644923497	0.0230937880808541	0.0217129182743936	0.0204263663425379	0.0171073782593747	0.018404445802245	0.0159008079713835
72069	70-74	2	0.0441533333124669	0.0416826742650246	0.046068267237001	0.0408203078599457	0.0329647402184538	0.0293789175788205	0.0250191320455349	0.023929807305026	0.021951098284927
72069	75-79	2	0.0617764694523658	0.0625455896566502	0.0645538424843997	0.0554020055591495	0.0547288876508232	0.0444471491894367	0.0382683736607202	0.0370716696333656	0.0302247688670564
72069	80-84	2	0.100700161599886	0.0799907697894241	0.0897798931200142	0.0884331053119571	0.071970799527988	0.0731225042852289	0.0722265462854992	0.0541931483671191	0.0585696521895849
72069	85+	2	0.191298762309365	0.130121932603422	0.145604773628495	0.174351613368197	0.157632281075566	0.171233277502305	0.145002016047985	0.136232406681838	0.0976184958829563
72071	0-4	2	0.00400110665859255	0.00329866642416436	0.00348592844785565	0.00316990273979121	0.00232147695628733	0.00205465691676356	0.00241982917176869	0.00190069604263651	0.00188868771882293
72071	5-9	2	0.000235719665718757	0.000232124367760683	0.000264876021965689	0.000225075591995387	0.000202286281709731	0.000174539262370657	0.000161056763489991	0.000148552371032039	0.000155525234682425
72071	10-14	2	0.000244427453383334	0.000286921028721601	0.00032656458225658	0.000270068380487509	0.000255924526663681	0.000254009208494771	0.000193595260622149	0.000187749098022701	0.000186672605199992
72071	15-19	2	0.000947535869434756	0.000909652301241556	0.000944362647118794	0.00107945117123099	0.000810398161361722	0.000744557152745998	0.00064693434848189	0.000591155140481066	0.000595249962704253
72071	20-24	2	0.00199691948675277	0.00176746449101412	0.00177068230254212	0.0017435558273916	0.00174366179387206	0.00135214703226787	0.00141349588766606	0.00131348097391334	0.00102160908168042
72071	25-29	2	0.00197062155210662	0.00222353348205357	0.00195566825212526	0.00220007486609691	0.00193190682811358	0.00173089085437648	0.00200023378314498	0.00143135568641005	0.00154645621304168
72071	30-34	2	0.00246498711310218	0.00325459533934146	0.0027123302991413	0.00266551166282771	0.00238525220120602	0.00247753792775415	0.00201239723347227	0.00230391088858019	0.0018207362508504
72071	35-39	2	0.00293345207609036	0.00431025873894306	0.00308521955486469	0.00277414061964845	0.00294432584919318	0.00176117078761444	0.00237974074022728	0.00253914610320841	0.00293600903441356
72071	40-44	2	0.00451242124439649	0.0047549223127083	0.00413524037925017	0.00455830630086556	0.0035371952669221	0.00322559374649693	0.00289948560780812	0.00265361168856046	0.00317600253930738
72071	45-49	2	0.00623358309946983	0.00523403726892089	0.00686126927604425	0.00521018334338313	0.00545477721065747	0.00427504401640801	0.0033647755950619	0.00331963178859095	0.00382220384176372
72071	50-54	2	0.00866360648996726	0.00833999832533953	0.0076393336001264	0.00893980597184101	0.00754824913224547	0.00743101261433231	0.00616649763123083	0.00642483922886462	0.00677728497609239
72071	55-59	2	0.0133325301310903	0.0106564322402492	0.0135587580867388	0.0131666631006115	0.00981785411328633	0.00981067715166493	0.0103185852850411	0.00790695473711383	0.00707818650457363
72071	60-64	2	0.0166657297580402	0.0201722270745113	0.0205665219902253	0.0190086249447459	0.0153082477520519	0.0158333743007016	0.0138148759197597	0.0109502822199676	0.00991214358540696
72071	65-69	2	0.0206861061884666	0.0250318286096149	0.0283066523492231	0.0246066999330227	0.0247208941383256	0.0187750902435415	0.0178151080913608	0.0200801696093097	0.0169486456048793
72071	70-74	2	0.0390312075587369	0.0421434028693338	0.0416927623996406	0.0378606712567385	0.0339377377452422	0.0328387161201519	0.0270538279782231	0.025459549217194	0.0236325482851448
72071	75-79	2	0.0389199307379292	0.0595963474115442	0.0579201029505708	0.0635606922030452	0.0576481384712276	0.0511792045967808	0.0447028554838999	0.0326989061008466	0.0398501977565655
72071	80-84	2	0.0889257243349174	0.0898188087697776	0.0812214964751509	0.097625965310085	0.0918646246032941	0.0795069465109274	0.070697096390384	0.0602857695099194	0.0605211288427494
72071	85+	2	0.184870711177097	0.174704663151457	0.180769162990459	0.171025480090021	0.141021291123742	0.152969437062282	0.134147910372721	0.1268691114847	0.129728540347074
72073	0-4	2	0.00375806951560693	0.00412748626980085	0.00392176162445195	0.00432368136429876	0.00272550972780391	0.00283923517117929	0.00243225914491236	0.00208230713357604	0.00198726306943946
72073	5-9	2	0.000222996471513556	0.00021739391188758	0.00023714937559745	0.000220221542241463	0.000186696141058504	0.000176912725499076	0.000179472870950269	0.000147922010850568	0.000153872565756416
72073	10-14	2	0.000269192133492708	0.000275338707751368	0.000271972977859389	0.000307397771872898	0.000225766483210106	0.000214046154213913	0.000196869704092958	0.000180577545032875	0.000187723072354217
72073	15-19	2	0.000884880962144155	0.000908928711698262	0.000858965086238425	0.000869418358940326	0.000783837114978065	0.000682447170977003	0.000695389734301055	0.000595497599945628	0.000626033204356166
72073	20-24	2	0.00169480671712502	0.00159373449906032	0.0016261853672922	0.00175188883706724	0.00128215821051243	0.00146584623585143	0.00120873340185945	0.00119444557142233	0.00110377873389027
72073	25-29	2	0.00192333224116659	0.00195812046289032	0.00253654960073783	0.00186013904049389	0.0017495107608085	0.00159286995583307	0.0017978977465277	0.00149840423491207	0.00170428365469897
72073	30-34	2	0.00266195595562375	0.00215450700405871	0.0025496443600108	0.00281208639788992	0.00229536423890872	0.00209671845782081	0.00188537523383617	0.00168616852062854	0.00209523550041063
72073	35-39	2	0.00356431413126945	0.0027419581224932	0.00318618849246854	0.00333669264165472	0.00264973193118094	0.00290056240289042	0.002218546959264	0.00198215469416502	0.00231063478657171
72073	40-44	2	0.00409937219130283	0.00363780146910738	0.00382417737952546	0.0042661240540165	0.00292817630633941	0.00364509625960458	0.00293720477975888	0.00303166451377107	0.00313695778690792
72073	45-49	2	0.00465604075534938	0.00616143030970379	0.00554612354623832	0.00467130717189128	0.0038948928113507	0.00447431204466103	0.00403504198434616	0.00329834323341557	0.00425024457050606
72073	50-54	2	0.00799131860642314	0.00888291530007048	0.00846428612400809	0.00945384328241733	0.00588978063602352	0.00758872888349367	0.00586016599080759	0.00563492854235743	0.00528182257391839
72073	55-59	2	0.0144660347082189	0.0116647398953937	0.0131299428458209	0.0120455189593832	0.00935032968605464	0.00872669847239993	0.00780755707130699	0.00881773122803413	0.00889735198069171
72073	60-64	2	0.015491338679254	0.0198836674663419	0.0198960145127653	0.0187731738631689	0.0155021320293502	0.0147821038111957	0.0115186056245469	0.0110848892692472	0.0114524625342084
72073	65-69	2	0.0289455939478316	0.0245525449232566	0.026785164882854	0.0196636740000179	0.0242706477405971	0.0154220281108698	0.0178944819525092	0.0139606850964706	0.0155371325964247
72073	70-74	2	0.0423990546634876	0.0433315848289377	0.0435703591432017	0.0402740484309718	0.0447687403115569	0.027961078213361	0.025739565912304	0.0250337637785477	0.0208008019225282
72073	75-79	2	0.0558802983076928	0.0740622935519421	0.0647275122206866	0.0486602002501766	0.0499860143545763	0.0480290163311375	0.0376416186018115	0.0345222801567843	0.0287641236082249
72073	80-84	2	0.10207787459227	0.0949451782510024	0.111841587937911	0.107221724033876	0.0990348418747169	0.0719768994269715	0.0736332611621476	0.0631648839804284	0.0520373103018984
72073	85+	2	0.190108712574366	0.216868438732754	0.182660657933014	0.176342676055785	0.139288729024243	0.136519609191512	0.140035750746922	0.120362350019421	0.134884122700766
72075	0-4	2	0.00527951978683443	0.00354757564429187	0.00418235462340903	0.0031275898997931	0.00241253303000771	0.00270542347391734	0.00220817726598858	0.00227467577175131	0.00247951950990649
72075	5-9	2	0.000246187302114441	0.000212087862669667	0.000289093471182544	0.00021528800222321	0.000213041795098828	0.000185919540940058	0.000164372246816675	0.000158864543242535	0.000158612842915823
72075	10-14	2	0.000375676125902708	0.000324899162239414	0.000296554147254213	0.000347841224048447	0.000265738115917672	0.000231556786781521	0.000206532938962303	0.000201446867655152	0.000210937711099524
72075	15-19	2	0.000867530270237715	0.00103131097892025	0.000912018946328558	0.00104961220057647	0.00106312910217506	0.0011221377953057	0.000974700896937723	0.000590858376784352	0.000577977724021015
72075	20-24	2	0.00147292126610477	0.00196448959785565	0.00144038291413917	0.00253833349698408	0.00230935808232396	0.00230668759445559	0.00201490606443513	0.00118408882231277	0.00139999752529717
72075	25-29	2	0.00226831395538698	0.00256210044043171	0.00237661853956704	0.00305916181088218	0.00268926877597008	0.00261633712950271	0.00213911369892595	0.00154877843465082	0.00232620008852996
72075	30-34	2	0.00233472622774196	0.00264292218915629	0.00361922761342403	0.00259600455168906	0.00219726710983312	0.00265073506166388	0.00274217976829459	0.00217930412354425	0.0025278583953906
72075	35-39	2	0.0030730353935563	0.00491456927980182	0.00524107063995873	0.00340853815526784	0.00292909727531834	0.00260616443418522	0.00220087748422753	0.00238592281985521	0.00278063421634536
72075	40-44	2	0.00371203975378187	0.00452018651584176	0.00444981860773495	0.00509979264475304	0.00381450692032183	0.00381348495232683	0.00293237635193534	0.00320017485238976	0.00283520201666959
72075	45-49	2	0.00560873173353808	0.00443971788646066	0.00585620763272361	0.00650083123588097	0.00579251848924315	0.00410154341402785	0.00449788641487887	0.00399831925063707	0.00400056061135188
72075	50-54	2	0.00758880382266304	0.00868272209877663	0.00954277709196654	0.00870136685536235	0.00667316790155647	0.00793618654649895	0.00524282198631695	0.00532520522520143	0.00525604781124788
72075	55-59	2	0.0134356149788627	0.0121507468160875	0.0119114334465151	0.0101445457365818	0.00990437152723111	0.00903480253848997	0.00848732734181087	0.00863526533422694	0.00816763509457888
72075	60-64	2	0.0194655965149343	0.0184727441856411	0.0160737489093906	0.018352171669434	0.016684255437741	0.0147633254728537	0.014160914725686	0.0122666441953952	0.0122405890071197
72075	65-69	2	0.0252598667716849	0.0270868399026626	0.0270316238661815	0.030348503772646	0.0249109803418601	0.0176131144414271	0.016932286174815	0.0163139547326199	0.016320510361995
72075	70-74	2	0.0491202845081045	0.0521286748192513	0.0423558692526599	0.037419037231	0.0365769673299613	0.0335567542905948	0.0281664572076616	0.0195605086341689	0.0264239946440714
72075	75-79	2	0.0554125567356889	0.0685550299167128	0.0595882148331897	0.0702944678341768	0.0634872813479227	0.0495525563115995	0.0428074473716437	0.0402894945867212	0.0404073355558711
72075	80-84	2	0.105232450356087	0.0884473929935738	0.105371451565115	0.109704933965764	0.0874063286422879	0.068012028838421	0.0710514150526244	0.0687827478132631	0.0643878523186414
72075	85+	2	0.180554093390405	0.160906252184034	0.170973544045941	0.145071526399705	0.170839696971438	0.132628592667117	0.135181075542479	0.117319817382514	0.115645727914503
72077	0-4	2	0.00385595543613498	0.00412695136003542	0.00326717663466587	0.00343331362953336	0.00269235800289388	0.00269782079756317	0.00241939470172539	0.00205252727859098	0.00223121664042174
72077	5-9	2	0.000275527843662305	0.000255981045469456	0.000264627774135552	0.000269901857403636	0.000209169072123133	0.000198591651668337	0.000182708390969488	0.000160022567359686	0.000185086347431003
72077	10-14	2	0.00031616599043583	0.000336119290438561	0.000302091594714679	0.00030977560053222	0.000252590187790715	0.000238712322623262	0.000241755253890376	0.000203083174117407	0.000202394965723264
72077	15-19	2	0.000993420633395744	0.000950362211047182	0.00120351740040629	0.0010602439199844	0.00108851712513634	0.000887781898504842	0.00100120948978995	0.000722367528098201	0.000591947727259975
72077	20-24	2	0.00178567175270202	0.00213374653397636	0.00223649528788293	0.00259569272825962	0.00217713669545505	0.00264966851006024	0.00216956692473032	0.00147032110434712	0.00126917039720278
72077	25-29	2	0.00267968743414693	0.00239378634801226	0.00386795890895845	0.00224473439658067	0.00256229722231972	0.00261258592480158	0.00301159162279401	0.00225735313119537	0.00199938187679894
72077	30-34	2	0.00317351142784839	0.00345950693466794	0.00414378384762885	0.00366153253639891	0.00247683267246353	0.00299478935415405	0.00233741515473397	0.00203153997211094	0.00187964333673895
72077	35-39	2	0.00311347337348504	0.00481190851313782	0.00495572549812407	0.00453672943799166	0.00309982684122774	0.00288176024126087	0.00246044221944776	0.00277232594753107	0.00316726245023955
72077	40-44	2	0.00568608275276749	0.00490039327925438	0.00722517193079455	0.00505844296385502	0.0040899630238426	0.00377186515337899	0.00326584411197046	0.00278892850288586	0.00379294210274742
72077	45-49	2	0.00620257085272387	0.00712490774694965	0.00548291563809221	0.00631094271736451	0.00538383496748512	0.00529909109519152	0.00434201487697147	0.0047311789928607	0.00480315266499198
72077	50-54	2	0.00829059717062696	0.00821842298014796	0.00965475140910375	0.00983733415851215	0.00761428835672721	0.00904441069012685	0.00872129286240606	0.00508935830430984	0.00662698120892651
72077	55-59	2	0.0144016576707942	0.0172030662084253	0.0146335680677421	0.0135515711628856	0.0097128442824881	0.0105566962381516	0.00852718131348175	0.00908907527238017	0.00865596023099436
72077	60-64	2	0.0196600149211818	0.0176638458116035	0.0164099054936637	0.0149065982101108	0.0169242843191595	0.0145344253432641	0.0137144546801226	0.00860284339732845	0.0154882949296309
72077	65-69	2	0.0269415430300327	0.0300314383171945	0.0261599968314552	0.028947244091289	0.0239120650051847	0.0228381409653349	0.0185041744828143	0.0168822451289243	0.0191892172282413
72077	70-74	2	0.0435787431387167	0.0420804027653174	0.0447628902938752	0.0390653075986348	0.0269275020175836	0.0317576889987017	0.0280336911413674	0.0242963892289257	0.0263071205340995
72077	75-79	2	0.0570847324130559	0.0577303851229948	0.0559473279134282	0.056540406495164	0.0508749561791745	0.0519388211507066	0.0467480973534494	0.0394963063977027	0.0393534619874187
72077	80-84	2	0.095685869869478	0.102530052742367	0.102070392053206	0.102905512602433	0.0964380051377966	0.0813093674872392	0.076429771774048	0.0593745475078256	0.0589254683948287
72077	85+	2	0.188945918712844	0.191249066866653	0.198100370009321	0.18095082208236	0.167232374892375	0.150196630371736	0.143035221921593	0.132399139897908	0.122404661696985
72079	0-4	2	0.00325418263753962	0.0033322512158285	0.00369413056395182	0.00315047860788049	0.00342177222433468	0.00261347628773829	0.00276775990888894	0.00171523325058838	0.00198231911198781
72079	5-9	2	0.000230853025524084	0.000214892631172231	0.000246008793596505	0.00023929446762521	0.000184618455265286	0.000175597188216775	0.000161487202877462	0.000147582681641337	0.000153863720804141
72079	10-14	2	0.000266585528196928	0.00032970447230263	0.000269267566986867	0.00029085096623615	0.000236417285631748	0.000223709253083487	0.000195702248203927	0.00018007340492035	0.000187186859968905
72079	15-19	2	0.000819002142312529	0.000823145715528322	0.00103889202346912	0.000948502710450011	0.000729654048695918	0.000630894323715822	0.000588064590145444	0.000576173574069349	0.000638797598978174
72079	20-24	2	0.0015482585334043	0.00168102077270553	0.00163894421097647	0.00158213761763551	0.00137197180438201	0.00138398371240415	0.00124469945273492	0.00113496849437656	0.00140261688110709
72079	25-29	2	0.00201539008480134	0.00183839460632161	0.0023277699727331	0.0022622050498378	0.00153791323119297	0.001435614293909	0.00150241999938592	0.00141680577383409	0.00128981311192916
72079	30-34	2	0.0022635246899258	0.00262279034142727	0.00271160874422814	0.00252893358140313	0.00201978918156154	0.00197059149689298	0.00167680054437828	0.00180875973824682	0.00163761735488916
72079	35-39	2	0.00369003520939589	0.00293318865700759	0.00330481489055909	0.00282327467301565	0.00340089533406274	0.00228980946507629	0.00249401121879447	0.0020547616916461	0.00288979415910244
72079	40-44	2	0.0036314550797291	0.00398156896613888	0.00540112118743598	0.00377112619317939	0.0034330154316734	0.00308982727171963	0.00304164096442354	0.00263713050467477	0.00342708051155368
72079	45-49	2	0.00534981887113376	0.00571365947941425	0.00549232080601217	0.006253204132947	0.00430828871691124	0.00401740432522983	0.00421573587496939	0.00433233098371081	0.00368117524677856
72079	50-54	2	0.00677838298793663	0.00737887260742012	0.00903154490896517	0.00912269913842821	0.00611492328569963	0.00662003640444281	0.00662233394845751	0.0050656315874926	0.0053117279241669
72079	55-59	2	0.010937576396709	0.0136549147465813	0.0112825803790426	0.0142674518681499	0.00955138473118069	0.0102047089071056	0.0110390668755836	0.0078140169197663	0.00772054603962429
72079	60-64	2	0.0202227628655437	0.0208058316250708	0.0182304532416579	0.0151811364819669	0.0146265648623751	0.0147704072651096	0.0140475163776191	0.0137771417496262	0.0122577022407572
72079	65-69	2	0.0238680558653357	0.0239406066687734	0.0203948316954667	0.0191178131980769	0.0207370458974052	0.0207800011752664	0.0208216247474886	0.0171931452387953	0.0164074025872089
72079	70-74	2	0.0431096411293802	0.0399996480050362	0.0402041461151689	0.0405014542809991	0.0347341522821507	0.0241624420488134	0.0261716748026922	0.0259118884342042	0.025323550992155
72079	75-79	2	0.0614519566395594	0.0499210672205799	0.0480731663797223	0.05403889652309	0.0511034891346766	0.0515857141563166	0.0403118201480477	0.0382570904265262	0.0390568838523355
72079	80-84	2	0.106459522200978	0.0883681037694174	0.101354035224171	0.0959271141464954	0.0848397790285851	0.0763111871064811	0.063452068331684	0.0535023432917397	0.0608694022835038
72079	85+	2	0.177564041832185	0.15364141875082	0.169274110182473	0.187751676464887	0.167046287708324	0.164016056016961	0.147052106538851	0.127276825265375	0.104825302214309
72081	0-4	2	0.00368766057834785	0.00279093487347481	0.00396107585081576	0.00293281181686933	0.00251887575295894	0.0020936794624288	0.00224954245387625	0.00213915165021707	0.00221456208599434
72081	5-9	2	0.000216212765664574	0.000200602290080526	0.000229066085441664	0.000222908187696612	0.000173206176644601	0.000165012435654019	0.000160125691464446	0.000139567281604019	0.00014551886169801
72081	10-14	2	0.000234440600240574	0.000288670020609888	0.000260520246378032	0.000279635270858023	0.000252888955959374	0.000219865730234527	0.00019345161378037	0.000169589962568089	0.000176420844524739
72081	15-19	2	0.000880860828261029	0.000981843307408867	0.000901199192891086	0.000972516740676552	0.000797427862450333	0.000656294344686454	0.000598656338593094	0.000564809276051063	0.000568308891431339
72081	20-24	2	0.00179425627654921	0.00190977575414589	0.00155703275304242	0.00134075068984318	0.00135681755363288	0.00139041381541787	0.0014154259177272	0.00101085722550814	0.00101128946071
72081	25-29	2	0.001990276782258	0.00224875405889086	0.00196432750147023	0.00196182625981398	0.00151373062702044	0.00145275330386779	0.00146117246651761	0.00128813353144174	0.00159783887232485
72081	30-34	2	0.0024196453595905	0.00263315634950353	0.0024636539760607	0.00236352415102401	0.00198209236014421	0.00174227062020433	0.00165576131061807	0.0013940372945412	0.00205530966445294
72081	35-39	2	0.00368001232148538	0.00292413631658288	0.00397962393070846	0.00287952846333708	0.00250797332866449	0.00245065598829261	0.00182069315565577	0.00218441370260781	0.00186948831105161
72081	40-44	2	0.00352579058300357	0.0043504932793407	0.00483536568739499	0.00356556167734351	0.00326711452061178	0.00238435566584678	0.00273135052282474	0.00314569170971679	0.00302484988456436
72081	45-49	2	0.00632112003831056	0.00485178539452472	0.00569312128946553	0.00568123588021551	0.00375093134228854	0.00413236651859765	0.00358745191435743	0.00334177312560602	0.00320370598660092
72081	50-54	2	0.0079494056299252	0.00729504162255644	0.00838446767188464	0.00720545792533058	0.00610203997409724	0.00564567820799623	0.00512350857933677	0.00657976234975803	0.00753193575806087
72081	55-59	2	0.0114682152638309	0.0121965558548499	0.0106239447340546	0.0121202550635961	0.00927434154495193	0.00850688961053218	0.00610292824022889	0.0067718803414389	0.0080273077432456
72081	60-64	2	0.0158939466025515	0.0193008524689177	0.0190342074875756	0.0180318601931517	0.0123858530568095	0.0121333727498148	0.0115250309002556	0.00961833907781895	0.00846685106084854
72081	65-69	2	0.0292970267349854	0.0278949252365888	0.027108152802307	0.0238947424887475	0.0195531245182546	0.0228872506888378	0.0183927633013226	0.0182177554307318	0.0139849569474071
72081	70-74	2	0.0432119941124674	0.0418179051786419	0.0432216641435222	0.0344303676701557	0.0356424162951952	0.0294248014229	0.0248030323789529	0.0273206972007314	0.0233779001429118
72081	75-79	2	0.0624240107493095	0.0614391390106266	0.0581969706575008	0.0476716389374742	0.0524147199112255	0.0484362537835055	0.0333480085830638	0.0382873040483547	0.0379879949480662
72081	80-84	2	0.096905544331414	0.082226365033289	0.0730899364884598	0.0713273522447678	0.0803204429955694	0.0791864086453015	0.0655179881186202	0.0563251452526759	0.052773572725151
72081	85+	2	0.192756497105876	0.159705508724826	0.146313204592528	0.159611832740315	0.151632549110068	0.150586489414398	0.12167975388684	0.110783994525337	0.106741345191142
72083	0-4	2	0.00417466842754623	0.0034431671727722	0.00367269714226925	0.00297053652338683	0.002561577244371	0.00240760217186148	0.00246503870210416	0.00199455686034904	0.00185678861758458
72083	5-9	2	0.000205059815423841	0.000200208614351472	0.000207620517443019	0.000202465807272671	0.000171456389583598	0.000161927963629277	0.000147633901194438	0.000134577221759895	0.000154909347659558
72083	10-14	2	0.000237512073607676	0.000243491987828104	0.000265308538220837	0.000246395707810773	0.000220009777659677	0.000197823019246496	0.000180597763053911	0.000164894970864138	0.000170873404716539
72083	15-19	2	0.000818952519266171	0.000767570585916938	0.000833529143780848	0.000810804121204052	0.000694599487953543	0.000692633342468401	0.000579630423645235	0.000534808874793677	0.0005558910016477
72083	20-24	2	0.00147896614980475	0.00152251964492348	0.00156178542831192	0.00149560400538699	0.00116659815891137	0.00117324456381897	0.00103850754235074	0.00107032303464368	0.00141725648862785
72083	25-29	2	0.00169815079773563	0.00188551364992826	0.00201238836438625	0.00186200083164695	0.0014669481014817	0.00146438565408879	0.00143321614436239	0.00132804731525468	0.00132835070781397
72083	30-34	2	0.00215095965177664	0.0023653355104223	0.00231747791039342	0.00269080951869281	0.00181104831802085	0.00181527931061906	0.00160845516056111	0.00167699599620134	0.00165894882957131
72083	35-39	2	0.00319251707234412	0.0031115078578004	0.00357671543813757	0.00312907705081015	0.00259618512167317	0.00240255227272428	0.00196238517135812	0.00218728598338011	0.00191122086098565
72083	40-44	2	0.00328051869661947	0.00370780281307739	0.00416884214478715	0.00337434858854925	0.00305452421337998	0.00273659490812413	0.00257600150929724	0.00248859402356344	0.00261530398435719
72083	45-49	2	0.00428050785669948	0.00456739461980903	0.00474479925847209	0.00532684889065349	0.00397205534619613	0.00405974991704945	0.00326560668003742	0.00336006233260965	0.00329260770231647
72083	50-54	2	0.00678112456560653	0.00870949882249961	0.00628256922034816	0.00789072897446801	0.00616803757665202	0.00530020823369042	0.00487577430435173	0.00613990841323967	0.00482229717352902
72083	55-59	2	0.00925776867131894	0.00874505033159278	0.0108506415150196	0.0104988610203684	0.00921992205867897	0.00785263609839992	0.00677279169037038	0.00724492381451648	0.00895767434903259
72083	60-64	2	0.0171234291093129	0.0170509277373031	0.0167261667470075	0.014998565534065	0.0130551785490253	0.0139491428174422	0.00891017316351137	0.00999458998591145	0.00915290813100938
72083	65-69	2	0.0197575845413506	0.021732801214038	0.0224802422069017	0.0243188652627014	0.0177615865030106	0.0204860570863337	0.0167587819150384	0.0143371620374212	0.0158874315788441
72083	70-74	2	0.0371165108356298	0.0393336200023667	0.0338794656917196	0.0307958921422562	0.0345650219393406	0.0299164032273511	0.0271655307556255	0.0205295735986201	0.0195143790416903
72083	75-79	2	0.0564428517061043	0.0566266570567284	0.0588786060835121	0.050346655618488	0.0489097974767273	0.0373378859521533	0.0386436312863378	0.0324247898097157	0.0398266325976102
72083	80-84	2	0.0922980646350007	0.090770011553522	0.0778562105913643	0.0847894239837218	0.0661417041873286	0.0683892725396996	0.0772992810595959	0.0564025901083229	0.0481373068714433
72083	85+	2	0.122306269994267	0.146838913692253	0.133585371403581	0.201870281450477	0.185402919016445	0.172500848824602	0.127588646735101	0.13961383390146	0.134137095995562
72085	0-4	2	0.00412385237686125	0.00392638880332376	0.00298783113006737	0.00282606678821704	0.00233462159635112	0.00238229969671339	0.00240676129815787	0.00170796926496027	0.00210361553217229
72085	5-9	2	0.000204070249543471	0.000218714477008839	0.000274469877714984	0.000209779555992997	0.000196585607548343	0.000168030069947528	0.000154672177351357	0.000142359140293681	0.000149265447464565
72085	10-14	2	0.000272347706688124	0.000263301229160416	0.000298921345657706	0.000253033134150623	0.000226605573923395	0.000203551056768245	0.000206405879905028	0.000172547342533953	0.000180535842047301
72085	15-19	2	0.000966395047688789	0.000750019704139645	0.000858207806239242	0.00100698245696356	0.000643883311429715	0.000725113727127852	0.000836395125103672	0.000584979612520961	0.000589301337982696
72085	20-24	2	0.0015431100187877	0.00185166130106962	0.00244427290007538	0.00205685479328965	0.00196666398184442	0.00127764783738651	0.00230147399362087	0.00155121156993499	0.00131330480046613
72085	25-29	2	0.00231466814810293	0.00236815253660508	0.00270613327767518	0.00188645650610163	0.00212757215475545	0.0016412832773531	0.00168329545060657	0.00169625030555326	0.00247236914540124
72085	30-34	2	0.00256433782911783	0.00288418841116383	0.00349347834274226	0.00249426396164701	0.00204152948966108	0.00207888340832452	0.00255973006806766	0.00193965174799994	0.00192748564380122
72085	35-39	2	0.00293997497780304	0.00300693548054178	0.00390567316799579	0.00364618922220651	0.00277225152362752	0.00298375020660543	0.00241418185445043	0.00198999403573637	0.00271929121435327
72085	40-44	2	0.00448095038372009	0.00357001418319683	0.00409177631565684	0.00442094320005225	0.00303436328136309	0.00316163314449032	0.00258751654140025	0.00233082633480719	0.00340982104520871
72085	45-49	2	0.00601124741495171	0.00486177239362033	0.00606309796571257	0.00469781582328044	0.00499624470657427	0.00400898486836581	0.00346525295261813	0.00371025446766734	0.0038320541637628
72085	50-54	2	0.00828706129933059	0.00706876133442577	0.00581407253421101	0.006807713970881	0.0067217758210537	0.00550267211527199	0.00514667038692486	0.00482332617539332	0.005880318201846
72085	55-59	2	0.0109062129996396	0.0111540440568681	0.0138074701179957	0.010593346597361	0.0114334625218563	0.00771582877334565	0.00740016470721293	0.00958691990070694	0.00889212958087508
72085	60-64	2	0.0133256731136681	0.0212131934274164	0.0171563926659378	0.0193585682502687	0.0157687792904626	0.0115738395965637	0.0120471916549217	0.0117268079581867	0.011850769590282
72085	65-69	2	0.0230590991875661	0.0256030767101335	0.0253800600523487	0.0228096747750086	0.0181677445125473	0.0190231647283065	0.0210201743824778	0.0165377678497292	0.0162603386227914
72085	70-74	2	0.0356610157260817	0.0368519812790429	0.0438286334500605	0.0384792470572949	0.0303673751112493	0.0297204420063515	0.028618834064202	0.0229967404640068	0.022489367154778
72085	75-79	2	0.0447898523150364	0.0574863612728464	0.0498940617089663	0.054717563328603	0.0566165403898258	0.0491123187252263	0.0365369102746197	0.033799566071297	0.0346985438365045
72085	80-84	2	0.0998681717174343	0.0853464255709171	0.09001163287615	0.0807149692742277	0.0686823223199008	0.065997022903388	0.0702144169833911	0.0594021954731866	0.0554194807313542
72085	85+	2	0.160303103026448	0.192808090920404	0.140004492017245	0.134794237589566	0.136874542884417	0.153676397955649	0.145511484081902	0.138520144599153	0.112907097982404
72087	0-4	2	0.00561178517638785	0.00403119934246847	0.00468433701794434	0.00393923454472106	0.00309012687485278	0.00285259154782685	0.00256323142658625	0.00177857381679428	0.0022420357459219
72087	5-9	2	0.000257979730049761	0.000285104561388042	0.000321997618732499	0.000250602151132417	0.000215630916936234	0.000207013517989571	0.000182043954700628	0.000166686429121263	0.000175474475741268
72087	10-14	2	0.000310813564057163	0.000343156934593508	0.000307595254705914	0.000376030461709123	0.000297025682971947	0.000273508728256888	0.000243318433530828	0.000203262957082213	0.000234744791373662
72087	15-19	2	0.00105708189306634	0.0010646532304709	0.00148736032782154	0.00183439820136048	0.00269088051372446	0.00181275076748047	0.00143467999089003	0.000768930569298994	0.00107214359543693
72087	20-24	2	0.00206072565524854	0.00213003403015527	0.00229222474888628	0.00346522616684827	0.0034340273974169	0.00484409405989018	0.0030502843567322	0.00205407512148836	0.00205595955452007
72087	25-29	2	0.00241951185523734	0.00308433998817352	0.00376044931469493	0.00382734574511626	0.00372572744671077	0.0038747691988458	0.00302891765573662	0.00246013654088093	0.00261480689637083
72087	30-34	2	0.0029341553974964	0.00376895445895836	0.00442448874406785	0.00565095290987172	0.00431340109451892	0.00399330263828314	0.00294343628103926	0.00255059416439549	0.00257744184699044
72087	35-39	2	0.00387923756710745	0.00344131807161581	0.00479909642211653	0.0065851025905418	0.00463440192367588	0.00302240609918288	0.00461219181226804	0.00249720968694037	0.00301326854816491
72087	40-44	2	0.00474257222660979	0.0053046877389382	0.00562066101515123	0.00545691437580162	0.00484806178132615	0.00478227068117368	0.0048581685186739	0.00314419572560846	0.00372975132031061
72087	45-49	2	0.00792733058585704	0.0053237914958457	0.00862066382653182	0.00759198247294668	0.00638216737923357	0.00694068878525315	0.00560486109488247	0.0046070481633419	0.00442862766102517
72087	50-54	2	0.00788195344025355	0.00916781294335024	0.0105782974847398	0.00848291117172078	0.00774303754934293	0.00777654035193481	0.00755669897193262	0.00619033705538416	0.0067146142653641
72087	55-59	2	0.0121074832686525	0.0154438193936282	0.0132636452400394	0.0126712458766828	0.0113128878781793	0.011087290581759	0.00875143096625843	0.0073388852735205	0.00991187833037131
72087	60-64	2	0.0153415157659824	0.0192829594175231	0.0179604334135468	0.0175561139533129	0.014971370096734	0.0135648746527603	0.0121062804548393	0.0115129810394452	0.0128022573509147
72087	65-69	2	0.0300129676566997	0.0226776992639714	0.0295809639679851	0.0253914286600789	0.0261247358376041	0.0179718552031481	0.0169552845172336	0.0155029287578487	0.0185262686317102
72087	70-74	2	0.0394331735643877	0.042192717226176	0.0433421830084305	0.0425283524302329	0.0284593273162798	0.0349510358576897	0.0264916310020302	0.0260213849982416	0.0235386910892626
72087	75-79	2	0.0557800012277737	0.0623374966866027	0.052696150885819	0.0541837169802008	0.0487822273313545	0.0435793014112683	0.0391495571358481	0.0376699101873807	0.0442422541378104
72087	80-84	2	0.0779756729287191	0.0765173681566002	0.0872441609400473	0.0961843788858676	0.0954401348766124	0.0933023475867062	0.0659170442520808	0.0594603194589536	0.0595069244359123
72087	85+	2	0.185419667478809	0.162959421965284	0.153385716176407	0.160024013569013	0.132310148236578	0.14462640418617	0.134411968100367	0.117226555140879	0.101809328214096
72089	0-4	2	0.00429669902479589	0.00406310683558437	0.00383840067813497	0.00379288592195658	0.00252119668702913	0.00298193111179264	0.00268820098293236	0.00197987909497577	0.00254985758651836
72089	5-9	2	0.000246914232942613	0.000280362251362344	0.000276993137593244	0.000257414340059293	0.0002185768461446	0.000197337833437244	0.000180844159159763	0.000164931522086187	0.000172295439059471
72089	10-14	2	0.000314173199612345	0.000337800776051939	0.000303378475198374	0.000345352963417534	0.000266528564911773	0.0002513525337104	0.000219321419018452	0.000200960086270664	0.00020979781271892
72089	15-19	2	0.000978257504805389	0.000979658657329347	0.00128610585899985	0.000999380872974989	0.000833399866150584	0.000822204194876917	0.00079890903974674	0.000715475677397998	0.000720262722825633
72089	20-24	2	0.00186524480786378	0.00213173849250261	0.00205709065740426	0.00186945043510126	0.00238626163459171	0.00197979067588013	0.00151183599901819	0.00147484569090117	0.00125120404720169
72089	25-29	2	0.00238843800453939	0.00213985387071276	0.00260670893219611	0.00289200050889332	0.00249573307822247	0.00253846228599262	0.00244618903547636	0.00151522036010454	0.0016976171799016
72089	30-34	2	0.00303204181565843	0.00325933672064976	0.00338571950322877	0.00324884715423328	0.00215340273448472	0.00217793604562514	0.00303291462885435	0.00218768832508541	0.00190526414037635
72089	35-39	2	0.0030888007237273	0.00457434716089467	0.00540629376056891	0.00451013377952579	0.00300486388563336	0.00404981201073887	0.00329956364759507	0.00261032001020725	0.00289976333596137
72089	40-44	2	0.00353094031935283	0.00476450509780651	0.00718880739888425	0.00498846078488848	0.00577225275424821	0.00360346265198848	0.00328758099710845	0.00313908929808795	0.00440561605845308
72089	45-49	2	0.00627347387797446	0.00626072832840463	0.00506084777266385	0.00855074169903779	0.00707660713355572	0.00442107454377132	0.00576935397632925	0.00374448196224172	0.00446615316503252
72089	50-54	2	0.0110758586433305	0.00831621235266757	0.011114586799893	0.012415328767067	0.00887933365056335	0.00902548284019449	0.0071169821147478	0.00555155639238989	0.00585523186499505
72089	55-59	2	0.0110769002702395	0.0125588391360041	0.0135959915501829	0.0112133692452411	0.0124573846770531	0.0109160187890893	0.0108580108165274	0.00774006355831598	0.00987456557243008
72089	60-64	2	0.0148971415656421	0.0158250150552862	0.0228481925524552	0.0194369025539481	0.0160101825544637	0.0149817523472133	0.0141743220612658	0.0119397011949605	0.0143955919073534
72089	65-69	2	0.0240204540298933	0.023576227562451	0.0263738884080238	0.0312503657079987	0.0222899322467649	0.0207206401364906	0.0181444447896054	0.0147095436664578	0.0181992104446912
72089	70-74	2	0.0405837731240417	0.0478695589679797	0.0412276226569149	0.0474684286348062	0.0362475153002296	0.028333715425702	0.0261949045199425	0.0235602208190353	0.0258225684751833
72089	75-79	2	0.0694149793562939	0.0615024519315925	0.0566066404040443	0.0602027685656656	0.0654295679304904	0.0518308493002463	0.0469748581190919	0.0369239083925528	0.0379150353281532
72089	80-84	2	0.0993495664129817	0.091440079010643	0.0892482085845372	0.0894651477859693	0.0701066098447854	0.0698866178832228	0.0630995687299884	0.0763106692449482	0.0615913186552748
72089	85+	2	0.205194869870965	0.15876312985344	0.165254510738305	0.186226385381765	0.175592715224355	0.1730651261618	0.14544518963671	0.100932724685342	0.105956551077566
72091	0-4	2	0.00489201911697707	0.00343741866650563	0.00370915962880043	0.00333888950308332	0.00281047174866493	0.00275566399709323	0.00224899184485578	0.0023456526001147	0.002143615458713
72091	5-9	2	0.000240854477639216	0.000247354800267298	0.000256286225020483	0.000238199694258755	0.000223557893574713	0.000213302791963528	0.000179858502786355	0.000158214590690156	0.000166051466954964
72091	10-14	2	0.000319002426909661	0.00031064206076008	0.000320687789002421	0.000286174659157499	0.000244921704697612	0.000267470254091898	0.00021573122995885	0.000190971304236816	0.000210719849068762
72091	15-19	2	0.000974663383114319	0.000990945316684517	0.00116575263176023	0.00138718981422095	0.000820725121669865	0.000917907542930351	0.000868685182266278	0.00062840258206202	0.000732432661359787
72091	20-24	2	0.00193015533179678	0.00199482008438379	0.00221306432746362	0.00301494871145779	0.00161793719931687	0.00163328675438133	0.00202295102369227	0.00181348817010302	0.00176601638278653
72091	25-29	2	0.00232252469801616	0.00296356954845466	0.00329310209464413	0.00254158680628749	0.00223791406967878	0.00220121246905706	0.00253789674327418	0.0020990471220475	0.00235631530872734
72091	30-34	2	0.0031208170107597	0.0036776494711157	0.00438015390981324	0.00400785610608874	0.00248849764221933	0.00258035268690799	0.00249391970906223	0.00264137945624608	0.00258927482794575
72091	35-39	2	0.00364252853807281	0.00453031777975564	0.00513029534391915	0.00414181132353923	0.00298695309851583	0.00288172746989041	0.00229082128139486	0.00300575389918457	0.00234532239357076
72091	40-44	2	0.00421983461685808	0.00670521885578505	0.0057415814755088	0.00500318231433602	0.00383158404748943	0.00343888794313138	0.00255042181673694	0.00258152797585833	0.00379051757117425
72091	45-49	2	0.00618311398375175	0.00797826622849239	0.00670028702571105	0.00722309492795787	0.00497645988452718	0.00535844936570269	0.00421724064850889	0.00379500195950314	0.00431362240671019
72091	50-54	2	0.0108536237679004	0.00836873753904621	0.00901508864520851	0.00874652124781572	0.00863762655444048	0.00720482461230356	0.00582039715669086	0.00431924639344962	0.00515843384706188
72091	55-59	2	0.0131074976061066	0.0136185991454588	0.013170474049027	0.0118667675522378	0.0111973998403418	0.0116939615190352	0.00940601753478203	0.0087236936529612	0.00737996056313632
72091	60-64	2	0.0254145099590476	0.019590767057082	0.0201780780765861	0.0184365488073111	0.0166600276939092	0.0138726625139424	0.0141776112348373	0.012095743640298	0.0130943637175897
72091	65-69	2	0.0277816617757255	0.0252796293434566	0.0254849120942404	0.0198547373668018	0.0237637412685911	0.0187621161141446	0.0195104229539364	0.0166005135993494	0.0181343305810532
72091	70-74	2	0.043690779443337	0.0483092235579217	0.0458499679773399	0.0442829935636925	0.0381328799537063	0.0302803778685262	0.0282079795757388	0.0242601835477875	0.0271599544720976
72091	75-79	2	0.0580279078384338	0.0546757936559687	0.0627487968813064	0.0504478606381422	0.0537823877268755	0.044399438380565	0.0434880676408749	0.0437199020686073	0.0425897675160374
72091	80-84	2	0.0884605808070505	0.109939117565781	0.0846741096843714	0.104038008641269	0.072030367714001	0.0760588299962987	0.0693453231060605	0.0588532682269846	0.0578978618144938
72091	85+	2	0.206080108723723	0.203197117515349	0.161510833303206	0.19325414349183	0.167308150746036	0.156952264485843	0.147050972368632	0.112791973082534	0.115749723954801
72093	0-4	2	0.00403877501976149	0.00325060216852465	0.00365993648548287	0.00352304038496742	0.00294455676721199	0.00301712568638781	0.00218877838946945	0.00139637373513596	0.00226617541098068
72093	5-9	2	0.00022183326382049	0.000215592649699943	0.00023633171869408	0.00023111151336857	0.00018550676685088	0.000174618342012222	0.000159147613519688	0.000144785064357413	0.000150726085735949
72093	10-14	2	0.000257474694601311	0.000277189840865144	0.000288736490205943	0.000282220602860818	0.000238662029405535	0.000213574975458357	0.000195138687578883	0.000177710053700496	0.000184705473942062
72093	15-19	2	0.000860880716137717	0.000843292474582449	0.000921004750358866	0.000939761332745884	0.000763324770514716	0.000689207368551866	0.000666288135121058	0.000580923199530296	0.000638382304392441
72093	20-24	2	0.00171211863217826	0.00167590995783217	0.00158356554200551	0.0016928044670936	0.00137853300358671	0.00131439403407158	0.00115998489357428	0.0011815581860229	0.00111654144686674
72093	25-29	2	0.00202473947513336	0.00198204439487209	0.00206593603289085	0.00203136380984903	0.0020024586111722	0.00162918830917234	0.00158470049654271	0.00141181396024074	0.00154712698787534
72093	30-34	2	0.00262387782967099	0.00223863699153108	0.00244005436399592	0.00251147854587393	0.00196558917796646	0.00185971581058661	0.00171006955808786	0.00158751332763387	0.00193527634349933
72093	35-39	2	0.00358665677396895	0.00300896511067738	0.00295798659642273	0.0034617907450718	0.00299172405700255	0.0025998660694686	0.00219004433228747	0.00194490830702024	0.00225847703533878
72093	40-44	2	0.00478953230848011	0.00398614661336364	0.00500860624615123	0.00398486677773683	0.00314977633418	0.00297300974820966	0.00305234886110877	0.0031519384577937	0.00275755503826718
72093	45-49	2	0.00552119395680044	0.00472340548796113	0.0057122898547887	0.00560709210109007	0.00440727311532536	0.00384579150167808	0.00371363588074746	0.00364725486556369	0.00446301521082625
72093	50-54	2	0.00735258105627425	0.00806945553665901	0.00905351592125688	0.00764257633579563	0.00623448494470065	0.00611191928987005	0.00716421521347417	0.00508575608288713	0.00607872214825457
72093	55-59	2	0.0124474591639709	0.0126242656711926	0.0118780083855677	0.0132486178620515	0.0106329325806968	0.00926130004435748	0.00826164224607452	0.00724977573841895	0.0104771255452874
72093	60-64	2	0.0178948170804119	0.0196957146237532	0.018576681747785	0.0185356033456753	0.0148592481740755	0.013725424715118	0.010234417009689	0.0102404954395833	0.0105681844143212
72093	65-69	2	0.0274464089072983	0.0259315325112217	0.0236282770849458	0.0223768377628478	0.0186041470968312	0.0184428347367693	0.0134476643833977	0.0146761854349323	0.0150825598493981
72093	70-74	2	0.041961226730011	0.0332207343960374	0.0424916849932688	0.0431398546567895	0.0332867094805981	0.0375617614846034	0.0285335871770173	0.0231371229712286	0.0238497481823639
72093	75-79	2	0.0601593687341904	0.0480977707713417	0.0556865268191092	0.0570602515823057	0.0455694629168606	0.0449992647128149	0.0427677707540066	0.0422270916813742	0.0365484658688489
72093	80-84	2	0.101836693359453	0.0993296013676508	0.103696963093276	0.102065085484432	0.0664677360825703	0.0663181451086424	0.0551172312402302	0.059286701101722	0.0483720720146567
72093	85+	2	0.180804131637787	0.158913184505231	0.151746114574655	0.15496743748258	0.145863978751693	0.121549576741149	0.139394184354322	0.129450079755632	0.136406193628463
72095	0-4	2	0.00452554506800551	0.00400464446784979	0.00383986914898806	0.00389215130993947	0.00317835067023311	0.00247820493408085	0.00277411515850138	0.00206905503721181	0.0022610667001224
72095	5-9	2	0.000229791060089816	0.000235678139596885	0.000233210617936921	0.000228086559130411	0.000193194619673712	0.000182838150211112	0.000167648073815985	0.000152396446205182	0.000159228000651444
72095	10-14	2	0.000292584684391938	0.000314854623647049	0.000282594807778775	0.000277293878265288	0.000247758545563176	0.000223197461495716	0.0002049095842698	0.0001864374484281	0.000194691127450137
72095	15-19	2	0.000954193600210474	0.000857578997259562	0.000895638546914129	0.000889420136844804	0.00077007613504673	0.000766003201874575	0.000782079758503682	0.000599997059185793	0.000627167932370072
72095	20-24	2	0.00198528506457749	0.00162126426698061	0.00181484916608965	0.00185389181328816	0.00160719685251195	0.00136098773688828	0.00138734866025877	0.00118024248794612	0.00124946893400458
72095	25-29	2	0.00244916862133241	0.00215398594544381	0.00248260540389724	0.00216106519964547	0.00182190868459194	0.00176416117893844	0.00159612824493218	0.0015622655535626	0.00206221394564752
72095	30-34	2	0.00245105027162586	0.00280371610579354	0.00364244579758634	0.00270882292972707	0.00216645447907726	0.00224512311473023	0.00186614095442079	0.00175393726335633	0.00243413066304054
72095	35-39	2	0.00288721200430147	0.00341939200968885	0.0044836049654803	0.00408415206111386	0.00272260625230291	0.00252268575501046	0.00246455006220727	0.00229033039833339	0.00328395615098032
72095	40-44	2	0.00414757153313988	0.00419793560076225	0.00437632148255947	0.00463103564398932	0.00323327873656818	0.00375330694298617	0.0037860568708907	0.00284469590535304	0.00284560773447368
72095	45-49	2	0.00542422744243587	0.00584359778724087	0.00703180205321486	0.0058619674369823	0.00473615696335897	0.00443439664154468	0.0043215869902611	0.00356582416634015	0.00374852645571337
72095	50-54	2	0.00737267432459862	0.00767592007395261	0.00759139889382404	0.00824485481693481	0.00760954811171911	0.00672519566836242	0.00702453803104255	0.00530484140736636	0.00492183760379539
72095	55-59	2	0.0113689944621736	0.00932265506813668	0.0101776471870109	0.00995502025277639	0.00907248343741679	0.0112275471301428	0.00842540788582146	0.00645472603284643	0.00781432347576796
72095	60-64	2	0.0201655674550262	0.0201963647144546	0.0166079876227011	0.0171491477469665	0.0130973812520667	0.0126360586689626	0.0140043668019587	0.00971702214971877	0.0101536422563156
72095	65-69	2	0.0257154918041118	0.031667382130373	0.0231779732823658	0.0252545790796587	0.0226957845200812	0.020253175307586	0.0183380848314356	0.0159868696590542	0.0256505170230458
72095	70-74	2	0.0408153263877317	0.033784499315576	0.0358890485891885	0.0398132748771843	0.0360841046356438	0.0351851666917123	0.0312010820919492	0.0239352383389415	0.0297415497133465
72095	75-79	2	0.050334250441065	0.0519292890597439	0.0474899360132514	0.0562837982870537	0.0451641133495762	0.0507429969996847	0.0423575865703719	0.0409552657719897	0.0399993983905009
72095	80-84	2	0.110821867314761	0.0959439092988439	0.0987842556293865	0.108713160896668	0.0908463263262707	0.079544149204909	0.0786446325269031	0.062614413844617	0.0624043945497205
72095	85+	2	0.174880068648285	0.179250552128547	0.173723239123954	0.130902453290914	0.162465689905482	0.138362102107866	0.138587770524095	0.171848305493045	0.12876691119368
72097	0-4	2	0.00499332051909174	0.0038786719986377	0.00351450223480416	0.00337854075157739	0.00254582008282713	0.00274661757165173	0.00189596977721693	0.00183272880346953	0.00251129809891911
72097	5-9	2	0.000275235182698031	0.000264161686909816	0.000244820122174286	0.000243377605058579	0.000195566830870681	0.000189760738538083	0.000186641912164413	0.000150229567143783	0.000158462122494668
72097	10-14	2	0.000273987295272337	0.000303088835308292	0.00029299291397801	0.000333438109264313	0.000263297044532374	0.000214944743415988	0.00019338044989682	0.000217718635100026	0.000198546852553572
72097	15-19	2	0.001031996599686	0.00101616378190909	0.00094259929192044	0.00107073940729912	0.000686166369013037	0.000903185125007666	0.000911481857911569	0.0006985495590422	0.00071420267998449
72097	20-24	2	0.00150651466971805	0.00130808414037807	0.00153472171694265	0.00147583532305204	0.00112766208814271	0.00126124679414848	0.00133391746654842	0.00113296321977421	0.00125676400473583
72097	25-29	2	0.00226189548236244	0.00229183661821774	0.00271571238503883	0.00268290327742333	0.00195355883358232	0.00182055513626163	0.00158460264470376	0.00157398815164992	0.00207074749305781
72097	30-34	2	0.00237383009412139	0.00301163107685487	0.00421818557756291	0.0041827974889271	0.00291469394491341	0.00268768676943057	0.00248990778565338	0.00248931102054594	0.00275830418526573
72097	35-39	2	0.00371168557090974	0.00452005160028948	0.00516360921863036	0.00441463086059783	0.00319838127382757	0.00381377575472328	0.00331846236494454	0.00352247788429747	0.00283033738342265
72097	40-44	2	0.00427146656269515	0.00468492405694811	0.00634153862515188	0.00480846859074965	0.004928084229612	0.00354861696139386	0.00383123503657481	0.00373373989860459	0.00447271738215816
72097	45-49	2	0.00685875501562755	0.00539919199326201	0.00786379563758312	0.00696314522632649	0.00606626772303266	0.00613278545396147	0.00479981182195879	0.00510801231413561	0.00575172650759394
72097	50-54	2	0.0103603326982328	0.00887749935005234	0.00723664050112278	0.00871278931807739	0.00842815911985374	0.00862519293601143	0.00758654605153598	0.0071897196059957	0.0070312848872598
72097	55-59	2	0.0120428104383824	0.0127475672447035	0.0109638174569033	0.0110560380734966	0.0107975234455332	0.010710746641352	0.011160711839678	0.00918772996261159	0.0104144550623679
72097	60-64	2	0.0189432384469107	0.0200659989870869	0.0195795785309154	0.0187549967146592	0.0152095470556321	0.0150548505419078	0.0140777379037027	0.0120937590388952	0.0142174174633232
72097	65-69	2	0.0293083188150622	0.0290630015004102	0.0253118217552815	0.0279321053107893	0.0212644294321882	0.0197464904327685	0.0188987779877301	0.0178845963119444	0.0170955208710024
72097	70-74	2	0.0442698150444926	0.0449023534076669	0.0458889521482141	0.03755870582772	0.031813004170969	0.0329812153193085	0.0314934277397923	0.0233481531263907	0.0251053353941016
72097	75-79	2	0.0611857611846622	0.0682748935787317	0.056671582168196	0.0589521442060035	0.0541223602358823	0.0428358548682742	0.04378595423769	0.0362641044478399	0.0344595971891862
72097	80-84	2	0.095646358188554	0.0917277043012515	0.101752869154334	0.0961990975393366	0.0743091242675724	0.0794297162288178	0.0755032172825261	0.052686389228121	0.057274409303902
72097	85+	2	0.17668596516209	0.170044935968752	0.154632520217306	0.162618980310538	0.158618030526856	0.156312514525189	0.140803571389733	0.114414209109303	0.110779971440951
72099	0-4	2	0.00397741980828257	0.00245360865472892	0.00335273106893205	0.00303747292108551	0.00269036321074042	0.00227079851308575	0.00210677991634168	0.00206344220338675	0.00178240996425356
72099	5-9	2	0.000196468527129282	0.000220493752819464	0.000228406976354674	0.000202868589443099	0.000173193032091465	0.000172268651545102	0.000151298582082515	0.000132577552611175	0.000138543002798115
72099	10-14	2	0.000257731023904281	0.000262137957826769	0.000236327116301572	0.000267118411110553	0.000240640003379916	0.000188405016382932	0.000173811395287428	0.00016049216306301	0.000176318752517473
72099	15-19	2	0.000857915111603712	0.000756396136008468	0.000843622592498034	0.000853204051282853	0.000593182065539925	0.000619761462929291	0.00058093965236918	0.00054358542286192	0.00057324843311296
72099	20-24	2	0.00171042548915876	0.0014347165496433	0.00148028363945057	0.00148879240384489	0.00105922287703749	0.000972094354207068	0.00120818043109883	0.000958203814611149	0.00106346732475012
72099	25-29	2	0.00199539250025877	0.00199496876439872	0.00196808549779361	0.00182987686371142	0.00116215134253478	0.00142827247109339	0.00151231028484028	0.00123435359913717	0.0015796178990601
72099	30-34	2	0.00220030107389373	0.00216641286082872	0.00234658153058777	0.00190067094525557	0.00168069475754685	0.00168080116431565	0.00155343624882984	0.00175310348432845	0.00213006857663665
72099	35-39	2	0.00314855844550603	0.00279850810875841	0.00283963051148747	0.00249614816914809	0.0025504978736896	0.00218747048085484	0.00211954658726952	0.0017464888393756	0.00254648169752102
72099	40-44	2	0.00329015161128884	0.00347654314936956	0.00406123254152728	0.00390022978756194	0.00288949079171464	0.00278096310151854	0.00241461815503077	0.00234464574781151	0.00256280963640714
72099	45-49	2	0.00564072649579303	0.0043601795419576	0.00459486209317191	0.0051555651801997	0.00393401818434938	0.00384185631570416	0.00424702741219219	0.0028273231254001	0.00325101019218849
72099	50-54	2	0.00847117100908628	0.00682436671051514	0.0086752033517509	0.00840488728753228	0.00532516780997461	0.00488870844947055	0.00648914670953927	0.00515692052828022	0.00560225596726663
72099	55-59	2	0.00930168855310208	0.0112778815781293	0.00990899177046617	0.0105818625431888	0.00978410398763619	0.00794400630116032	0.00638522274665161	0.00678036582378036	0.00674676431858121
72099	60-64	2	0.0174587188739894	0.016505514875711	0.0170829500688765	0.0140855960468514	0.0154458832674129	0.012570991402182	0.0102755862028133	0.0102553679674082	0.00947600857635182
72099	65-69	2	0.0275949064178907	0.0248153994965826	0.0231719236231889	0.0247834523493169	0.0215235075627948	0.0159682138216805	0.0173743432134556	0.0170309046112553	0.0120081824066085
72099	70-74	2	0.039545927566482	0.0408548051844382	0.0322059979561512	0.0351018641874127	0.0245043476397622	0.0280754418895648	0.0247184916910801	0.0201887874882788	0.0214028936542833
72099	75-79	2	0.0551263509396511	0.0538749454307748	0.0511213182763599	0.0521358721876175	0.0484256739117026	0.0390826389368796	0.036168922070303	0.0377572634020475	0.0350294323127545
72099	80-84	2	0.106170669759827	0.0905647248233508	0.0825655012557652	0.0921823651487638	0.0809822004865292	0.0729517620052297	0.0631651305140638	0.0667218230580362	0.052996212489274
72099	85+	2	0.15801927737613	0.148395232765425	0.139182536089763	0.158959573030901	0.161208689421077	0.150558089939483	0.118283694588563	0.128408450729445	0.105898332346352
72101	0-4	2	0.00487180298396789	0.00318782793597117	0.00290098397467162	0.0028549659013104	0.00283436813702449	0.00217572269066585	0.00236087953487593	0.00211063701724755	0.00225637838218019
72101	5-9	2	0.000215922936803994	0.000209412715462714	0.000216213020443151	0.000221482091011243	0.000180017117958001	0.000162250350016818	0.000173620023822266	0.000137618305559484	0.000159467325464867
72101	10-14	2	0.000259796049831191	0.000253538377408742	0.000261767922759639	0.000254113135560109	0.000227137453983723	0.000195414525752621	0.000189607773352561	0.000165988337899459	0.000174299770071102
72101	15-19	2	0.000872125543467127	0.000861078756501591	0.000816009051579499	0.000926538252120634	0.000945340181631576	0.000620189576963204	0.000811036593257386	0.000602098440817718	0.000555787677539858
72101	20-24	2	0.00128225432128282	0.00144576873610393	0.00169529298627963	0.00159241996393197	0.00158163707701987	0.00129475240224418	0.00112112292188565	0.00109603967219497	0.00110797334479994
72101	25-29	2	0.00171754236049371	0.00207608438644722	0.00199431610296522	0.00213963640365627	0.00216229162633374	0.00166605693112566	0.00204811519471692	0.00155584870653027	0.00141727653800445
72101	30-34	2	0.0020473164819373	0.00293901613707261	0.00253426401960243	0.00238753845576589	0.00212889746902867	0.00211643446199191	0.00187094577217873	0.00158332199834069	0.00244615283631296
72101	35-39	2	0.00277860878127532	0.00309206878215182	0.0036545842703056	0.00404339322952878	0.00280866232714246	0.00225172066579803	0.00225191572638813	0.00219420292265177	0.00304330325991602
72101	40-44	2	0.00467451991695226	0.00328389361268662	0.00367330184214168	0.00373700832569356	0.00314208971456163	0.00300162988623875	0.00239065964061658	0.00212786009967725	0.00257328165235318
72101	45-49	2	0.00522889803367879	0.00720165426943718	0.00537375340417744	0.00544162422963355	0.00498166794384756	0.00385737154919492	0.00384113092560633	0.00331497328722809	0.00319524896146987
72101	50-54	2	0.0068334125211324	0.00717737087952699	0.00643059407835526	0.00728065532875924	0.00669973493704566	0.00673265302261971	0.00461296125426437	0.0049262301563684	0.00517937460370289
72101	55-59	2	0.0114813259040227	0.010680821210555	0.0123154488409502	0.0116921620832021	0.0115962060034675	0.0074489151266667	0.00671983349852072	0.00596530882342864	0.00740204052083918
72101	60-64	2	0.0178646202020968	0.0151811258749402	0.0161805884400594	0.0173508078938425	0.0121793380931459	0.0146128569725275	0.0103616586074655	0.0115158736554782	0.00971581423247896
72101	65-69	2	0.02294677187513	0.0204866854120875	0.0232725202114154	0.0197989539467776	0.0164959878387711	0.0195785973595665	0.0219842967207611	0.014370971201548	0.0145211583094799
72101	70-74	2	0.0417033921695085	0.0362944408735576	0.0276894724130082	0.0390279931436942	0.0321226668553872	0.031858866070347	0.0246057258007784	0.0224498966890275	0.0174406089763724
72101	75-79	2	0.0553457387395494	0.058494242903168	0.0487587894380506	0.05487579806781	0.0490408721563859	0.0415453119262786	0.03956279019506	0.0385650543145311	0.0336848404950456
72101	80-84	2	0.0733101828465687	0.0875870405294374	0.0951354909474919	0.0987830646705686	0.0776266371454393	0.0731672944998263	0.06400364554881	0.069172895617711	0.0662593459220067
72101	85+	2	0.174460690368496	0.177847172306379	0.165064405001046	0.170823768248373	0.162606824051766	0.150599013108622	0.124056191576926	0.119869309541932	0.113697080907674
72103	0-4	2	0.00368808336710849	0.00403489441688746	0.00397258714151431	0.00351855555239159	0.00340086029824368	0.00271675447879424	0.00227627714057357	0.00173159974171488	0.00230492957298944
72103	5-9	2	0.000315628451154012	0.000254745711446259	0.000252379366542729	0.000272694620402411	0.000220541206769739	0.000218551521459525	0.000180835903604585	0.000166224230841674	0.000174463941259075
72103	10-14	2	0.000380370291205087	0.000306317219326505	0.000333406135992764	0.000344486906729569	0.000267050180554267	0.000240066761241308	0.000231014069626757	0.000212554457179538	0.000211434380568552
72103	15-19	2	0.00111608583733084	0.00104456480549219	0.00141408031453539	0.00168005626901963	0.0010086724753189	0.00108402463019752	0.00106013606192583	0.000740868659649848	0.000852350328549846
72103	20-24	2	0.00182907394464174	0.00219380343615115	0.00227899881640104	0.00204337883935719	0.00143839857011919	0.00183023160218583	0.00148427211897479	0.00173278004956091	0.00172912263040502
72103	25-29	2	0.00209377592683615	0.00229193305522232	0.00248449027834759	0.00228235862309583	0.00229960151276862	0.00251006233403721	0.00228144885538656	0.00168559810494325	0.00181571428578046
72103	30-34	2	0.00285984886013765	0.00361376447948703	0.00389639426145047	0.00477379440830179	0.00261160601062333	0.00259810282363772	0.00218906346394033	0.00250064467239729	0.00230357607966579
72103	35-39	2	0.0036873451256458	0.00383366081751279	0.00309943399343129	0.00373266155292461	0.00351785604233522	0.00345182694505535	0.00312697867530825	0.00252880232382807	0.00319086732676131
72103	40-44	2	0.0049362993522606	0.00519276569630983	0.00611042251104006	0.00551036722987099	0.00431411436360178	0.00349061696657582	0.00302205513947555	0.00294498864880229	0.00300542014254944
72103	45-49	2	0.00743290659666426	0.00628343668065312	0.00683075145196681	0.00703714187262892	0.00594517338362418	0.00480738057590483	0.00404573013976447	0.00408497811385837	0.00438444303204442
72103	50-54	2	0.00828926499892923	0.0104995773648864	0.0129062874141809	0.0102918722422311	0.00851381286535626	0.008086059685036	0.00773831709135628	0.00586482238894478	0.00535967276583536
72103	55-59	2	0.0135388384679799	0.0150598451284941	0.0133478774224074	0.0141934056191298	0.0136745567380779	0.0139920624277395	0.00936805031883396	0.0110944139746643	0.00755686234151669
72103	60-64	2	0.0236863068836421	0.019074368765471	0.0177557916690003	0.0171962829613263	0.0164464685449229	0.0127132142428726	0.0144104541685987	0.0143182467412884	0.0142096403039286
72103	65-69	2	0.0245897646563851	0.0267459171280876	0.0239143945220365	0.0276728132445554	0.019460333675296	0.0235994473532411	0.01765769053626	0.0195879777193345	0.0167118370593119
72103	70-74	2	0.0403531498768653	0.0440185954792837	0.0361172729374121	0.0433139850677512	0.0378558712510478	0.030452421085159	0.028938933244337	0.0252260680547394	0.0248881996279585
72103	75-79	2	0.0467125637010103	0.0607588085938001	0.0677463234263709	0.0602027143651519	0.0597239602181846	0.0435123901366023	0.0506949886483735	0.0456344538305046	0.0411406946243772
72103	80-84	2	0.0877778619449661	0.0755622892272902	0.096512945499044	0.0798669932757306	0.0787680387652615	0.0733634186456759	0.0692708391188266	0.0626421290298621	0.0623304947891578
72103	85+	2	0.163103890096773	0.156517632197744	0.17020095898879	0.177037121606855	0.165917078428969	0.186821854221529	0.180129302354991	0.12811765241213	0.131435920585468
72105	0-4	2	0.0046304513483516	0.00332389644854596	0.00300949273842102	0.00349454214270102	0.00256866602564739	0.00265025275303845	0.00245569759084521	0.001716608346481	0.00210587698501493
72105	5-9	2	0.000224357441600478	0.000207635183483877	0.000226069968292775	0.00023255608199452	0.000180212961306157	0.000163211530467128	0.000149755968882203	0.000151673498263656	0.000143057858844004
72105	10-14	2	0.000244947083444146	0.000274792974593315	0.000271888545638255	0.000242430346256886	0.000217615702573619	0.000217861432586253	0.000181465984160767	0.000175109273053026	0.00017352257517776
72105	15-19	2	0.000890169898347351	0.0007869932439935	0.000958213151341863	0.00103664934810399	0.000741800605586628	0.000680006312716899	0.000562433223917494	0.000555623105886246	0.000582390176656501
72105	20-24	2	0.00162515287419215	0.00165313010474447	0.00187712198383148	0.00196951327094295	0.00173329695165485	0.00167529385276974	0.00100532671294715	0.00114483372038556	0.0010229904368266
72105	25-29	2	0.0017467335730532	0.00230196255572714	0.00213528444453027	0.00205373936030612	0.001605392521586	0.00192482968692535	0.00141972397741336	0.0016109525999712	0.00197188146797657
72105	30-34	2	0.00190737666211947	0.00207115475505924	0.00294014180332791	0.00252188562987971	0.00186205759814924	0.00192386797045641	0.00200962593057664	0.00210687092539234	0.00221108357475863
72105	35-39	2	0.0027584936708384	0.00307215414578335	0.00355743888170306	0.00308235562975289	0.00274802958746201	0.00215059879845353	0.00224436644563892	0.0023809180646928	0.00256956974965541
72105	40-44	2	0.00366905309276521	0.00333791225655289	0.00522027568097636	0.00400581287312094	0.00356282702097387	0.00356456049564842	0.00317450541350468	0.0028358305412623	0.00396469763592592
72105	45-49	2	0.00579181572071432	0.00443231650779841	0.00495648645917868	0.00531424682435652	0.00442059939838197	0.00447367322059983	0.00329881889310584	0.00325899776578606	0.00434843291687606
72105	50-54	2	0.00616363443994886	0.00628854895777463	0.00873054481707409	0.00716267348809582	0.00711629405213763	0.00675820891257883	0.00559473364906887	0.00544553684839236	0.00713333941362454
72105	55-59	2	0.00963704696691847	0.0104231628471618	0.00974856783222812	0.0106583091352978	0.0090385680496085	0.00760766443247537	0.00696941756885762	0.00783256196512749	0.00820088855953134
72105	60-64	2	0.0140925499777927	0.0142115659223037	0.0147331441299722	0.017064642606043	0.0145552167731577	0.0128291442841394	0.0107490393466092	0.010225549294377	0.00934567706523508
72105	65-69	2	0.0239144755422365	0.0235922048382664	0.0196264600146633	0.0250764457539973	0.0238046096510523	0.0176807501599559	0.0154569274575979	0.0162901120688537	0.0175202324780811
72105	70-74	2	0.0311001544230739	0.0380271139974474	0.0356010523323065	0.0422976875935107	0.028597788503776	0.0255170482364941	0.0245955428656215	0.0200731795415877	0.0230851137850256
72105	75-79	2	0.0447755925855137	0.0551097170755914	0.058778026278155	0.0582020722463445	0.0480971829136361	0.0503794059823368	0.0426487690583786	0.0310841630296562	0.035240363718463
72105	80-84	2	0.0757357814305429	0.0863974879424944	0.0858962924532666	0.0956270448355157	0.075262317655759	0.0576199751061995	0.0605963683029685	0.0507686516684738	0.0553902466758749
72105	85+	2	0.16188587887976	0.146117730959467	0.163427585596719	0.154337251873237	0.145639821292564	0.169853021463065	0.133394771283903	0.119706930306523	0.108645940176138
72107	0-4	2	0.00345758656272284	0.00336337574950399	0.00382790254843237	0.00314209242818854	0.00274366356544231	0.0026296722834085	0.00203581121710423	0.00221250916021218	0.00235130538921537
72107	5-9	2	0.000199415129668367	0.000224674483524486	0.000233824933296964	0.000227944841312431	0.000185047731880004	0.000167705398430234	0.000153750238339066	0.000141010425551751	0.000146679577946207
72107	10-14	2	0.000251956211717986	0.00025896630559376	0.000270219007469999	0.000303772264629219	0.000213404477462768	0.000212775193749975	0.000186224484787349	0.000171421107457104	0.000178392265194423
72107	15-19	2	0.000853730605907967	0.00077865513752313	0.000996905469014487	0.000826771829831096	0.000718873541321162	0.000774590902415739	0.000666859702557542	0.000526303900831631	0.000735249216465556
72107	20-24	2	0.00154586647184046	0.00150814863746944	0.00161856451623141	0.00153964526651539	0.00175713136399119	0.00140059406432038	0.0012305000940183	0.00111997859709887	0.00134596740852449
72107	25-29	2	0.0019040569305929	0.00166078553157292	0.00225422102640546	0.00191733672658079	0.00169782938792341	0.00188815449071452	0.00157571108744541	0.00160640633735681	0.00164175119436562
72107	30-34	2	0.00216258066755765	0.00224556816535746	0.00333046063039722	0.00234280279064537	0.0017452983561721	0.00199765548637028	0.00173463089065753	0.00147896296403868	0.00209643317558267
72107	35-39	2	0.00275647785213798	0.00364744498208652	0.00321054514369111	0.00361307105480501	0.00283826660591185	0.00237690833850545	0.00239051546894004	0.00229290235345618	0.00190536147431374
72107	40-44	2	0.0053691450243902	0.00476373091840382	0.00441313232343609	0.00505523563596485	0.0036268891795098	0.00372294241748964	0.00299377446997929	0.00280581666812397	0.0030469227136505
72107	45-49	2	0.00572231487406161	0.00522667219108158	0.00558420593483684	0.00527710004729826	0.00451251776860055	0.00411800988352837	0.00349044435829655	0.00358622579913423	0.00373031164082996
72107	50-54	2	0.0092155559456683	0.00814466386712108	0.0075611619257258	0.00647701445210793	0.00742269254720186	0.00670685934986362	0.00614170407042092	0.00590193303977867	0.00589360794747263
72107	55-59	2	0.0111303345511947	0.011457074403007	0.0121556430891045	0.012034730893692	0.00971409790407064	0.00754957024806074	0.00851357412674602	0.00780887365683089	0.0088461438514686
72107	60-64	2	0.0159870758206683	0.0135080209060477	0.0181165090278421	0.0158133751063511	0.0134489905663384	0.010318447249582	0.0119641438100631	0.0120832263196494	0.0112338193804473
72107	65-69	2	0.0224779167131192	0.0225830820155198	0.029808950340544	0.0218752565204984	0.0221099072672071	0.0214884962670331	0.0162750764331856	0.014854981401875	0.0140237773435745
72107	70-74	2	0.0340219818972708	0.0367756184191291	0.0398687555680573	0.0325302027534604	0.0343528005544432	0.0297975321978456	0.0234210933122211	0.025429431418457	0.0281359204214044
72107	75-79	2	0.0424366376746653	0.0568345477458143	0.0598358846923473	0.0577772248647236	0.05680688453567	0.0467748079591337	0.0367239606955151	0.035604432975489	0.0316764553887144
72107	80-84	2	0.0842597997352265	0.0898503009447257	0.0884455490552048	0.074376873817287	0.066300102780226	0.0670772244885372	0.0662003383187113	0.0615676578050245	0.0482808045378345
72107	85+	2	0.164663326305775	0.167207971036117	0.151794524288633	0.161965226156608	0.153865653593595	0.155396472089851	0.145906652047329	0.125614946398803	0.108784457462815
72109	0-4	2	0.00444619188137528	0.00380987388027751	0.00368768345812314	0.00307282061497536	0.00251773267033483	0.0027191508502406	0.00273472536034359	0.00203774430564234	0.00254308830608202
72109	5-9	2	0.000218214915424373	0.000234841845018891	0.000232415571819711	0.000239124009800943	0.000203802379247354	0.000183810506566829	0.000168830397725784	0.000154303670128733	0.000161042673990027
72109	10-14	2	0.000304023573118292	0.000296015135072704	0.000293350325310574	0.000303455942287552	0.000235594737473254	0.000246640835085571	0.000205527168427316	0.000188164559493912	0.000196263902223067
72109	15-19	2	0.000828969740300815	0.00084970115223554	0.000922305298749443	0.000997014832889841	0.00084063132354182	0.000836532911265867	0.000629848376481876	0.000623453930573127	0.000656054305446694
72109	20-24	2	0.00162276736389902	0.00162675989027643	0.00147871350636578	0.00184513200201047	0.00203635607673427	0.00139036592567754	0.00159893187270659	0.00137137936272282	0.00117117852431262
72109	25-29	2	0.00260715631783159	0.00206340621533078	0.00202157980635714	0.00258378374277568	0.0018427824212665	0.00199809800793734	0.00202202733882849	0.00155528194800374	0.00198732514729443
72109	30-34	2	0.00252848916447667	0.00270992628709816	0.00275038603795888	0.00333334890004065	0.00251302979183704	0.0021041981244126	0.002172864335469	0.00193519129015917	0.00218843765391652
72109	35-39	2	0.00404841695324771	0.00312908444766883	0.00470301294647935	0.00321355517067266	0.00297955987662238	0.00236690898350934	0.00256882122269475	0.00228178374537637	0.00263200330760243
72109	40-44	2	0.00395290827615416	0.00371940303513845	0.00429088488002259	0.00559877688170017	0.00324918879678702	0.0034541527783427	0.00372319195762212	0.00298731588805261	0.00257752343557174
72109	45-49	2	0.00608894491543688	0.00600567181395735	0.00558497034656964	0.00717658895215185	0.00459154013732463	0.00420159572684004	0.00526310503523987	0.00456421171761432	0.00508949879712607
72109	50-54	2	0.0111406316986665	0.00889470237489602	0.00993203862813786	0.0101557904839119	0.00604022325475855	0.00817953623386325	0.00557429389043316	0.00813689588120975	0.00620942224907938
72109	55-59	2	0.0101549601005453	0.0121953773692987	0.0152745321651753	0.0117712624393787	0.00995255499225239	0.0123260373962291	0.00810329486646114	0.00714457611351195	0.00811588821053534
72109	60-64	2	0.0185268124563886	0.0217066288243344	0.0197693966998809	0.0199563972413629	0.0159114001809792	0.0139650332492834	0.0134483724582483	0.0115725775310493	0.00861123835975576
72109	65-69	2	0.0217592332205117	0.0286461273879149	0.0259442620841179	0.0240124414546435	0.0238782594626984	0.0214262650710537	0.0161954703772878	0.0182254295464354	0.0147001799083205
72109	70-74	2	0.0374666917743979	0.0435643026004642	0.034786314964957	0.0343764670676655	0.0358206497445386	0.0367213410606151	0.0230614548693039	0.0284038602971326	0.0236803401275845
72109	75-79	2	0.0520696662902306	0.0683753145511568	0.0521951819147831	0.0587664624284692	0.0591244452318845	0.0466572520142988	0.0446424425050884	0.0309445485165534	0.0472466021784638
72109	80-84	2	0.0972140719439621	0.104581595696063	0.0916675512831867	0.0944637237548779	0.0763181215470343	0.0666835642938452	0.0740804950385913	0.0662863767353987	0.062146460365202
72109	85+	2	0.174171604900782	0.196730866778956	0.182679483827862	0.158764960252265	0.171069640095643	0.153218689374868	0.157499880882519	0.132925238129993	0.121247482679659
72111	0-4	2	0.00476740528351311	0.00395545795632856	0.00413660544335555	0.0033077279819973	0.00326166122108126	0.00251862608261983	0.00251733370185604	0.00205369718033981	0.00251100240242907
72111	5-9	2	0.000226214326202142	0.000254728151002676	0.000239873894328139	0.000222686440581783	0.000190203374024286	0.000180850317656694	0.000184776389336981	0.000161610588541452	0.000160097198334848
72111	10-14	2	0.000275778979476791	0.000294457705202434	0.000349970204197077	0.000295470479268254	0.000253547632582556	0.000231149159301629	0.000235407707915489	0.000196367172766211	0.00019473520593325
72111	15-19	2	0.000938005059325999	0.00087461242988929	0.00093095315406351	0.00113667777296542	0.000931535939258597	0.000798529779952396	0.000765328884874483	0.000660198029816559	0.000602997045298774
72111	20-24	2	0.00156072146707197	0.0015966386259204	0.00168620560648511	0.00191435993537803	0.00154300006507245	0.00162005677579063	0.00137173018459361	0.00146327723538717	0.00108905616792223
72111	25-29	2	0.00192507397161312	0.0019414644823231	0.00250441299793029	0.00219631764655835	0.00200508940631993	0.0021646723929937	0.002068439422413	0.00172091360215861	0.00154714905068483
72111	30-34	2	0.00226359340896771	0.00236122865143886	0.00296990465325437	0.0029847873890098	0.00221247226925572	0.00244209495758387	0.00185663244063673	0.00195563341136243	0.00204004640205847
72111	35-39	2	0.00295657339747623	0.00362588597803978	0.0031311740757779	0.00360522976163924	0.00265998538741367	0.00234677652200363	0.00262848872498649	0.00201917296888626	0.00241480444491067
72111	40-44	2	0.0037908859156952	0.00405856468711198	0.00399115962149885	0.00393011487048599	0.00319794015964656	0.00369725931485964	0.00301457368787371	0.00308979053146948	0.00301336955723306
72111	45-49	2	0.00558712608558974	0.00558174302776828	0.0049848601372644	0.0055450115145241	0.00376069202080346	0.00453005638949137	0.00411156492181231	0.00357717779149932	0.00370232294536322
72111	50-54	2	0.00773592208720221	0.00751363430005216	0.00790756698128409	0.00711835138389983	0.00802829286677261	0.00592472841007427	0.00641627887886136	0.00542710035696583	0.00547200923605942
72111	55-59	2	0.0107082139864502	0.0101347648268002	0.0121334896784291	0.0109867026652409	0.0113883800928201	0.00893188957083338	0.00788108236462362	0.00768439279987197	0.00783362105812857
72111	60-64	2	0.0185768072056307	0.0163800430717415	0.0200291049615833	0.0163171899021712	0.0148587890506422	0.0149044757160975	0.0146709744427518	0.0125152486111115	0.0109350062628696
72111	65-69	2	0.0257638033421911	0.0295088614071447	0.0250292162032432	0.023202864951361	0.020011127256616	0.0202891521477367	0.0172853183252451	0.0169433684839243	0.0189943538480692
72111	70-74	2	0.0416278679000267	0.0520764845639427	0.0404430209524852	0.044998879881125	0.0409256440050872	0.0327569315722065	0.0279140103010283	0.0294403048769833	0.0251876507307518
72111	75-79	2	0.0607752918425888	0.0468227563314664	0.0686060319953434	0.0555281031711488	0.0572965744076408	0.0548031954576278	0.038529117534452	0.0422598649318683	0.0371642469165188
72111	80-84	2	0.0924897452922208	0.0922762412530663	0.100231811665488	0.098707173250112	0.0926053069378651	0.0770198033321322	0.0626538298477167	0.0670837166676963	0.0607144089089135
72111	85+	2	0.170791118225585	0.22846581871576	0.16908020381608	0.171828626618995	0.168079990598456	0.158453776072008	0.15567853666748	0.155614593506805	0.133747302840102
72113	0-4	2	0.00479554400367491	0.00477423004601351	0.0039438984828527	0.00337375367903013	0.00274350732952808	0.00262415829247596	0.00259076608030944	0.00207268133895227	0.0020810928839262
72113	5-9	2	0.000276777562672973	0.00028229801319017	0.000271894207102904	0.000258078491782582	0.000183043918348704	0.000189687458380732	0.000170093166105582	0.000163817707175492	0.000191599731014198
72113	10-14	2	0.00033279454195255	0.000352067357316779	0.000400680451881213	0.00039269575416232	0.000243559548593215	0.000234338285254312	0.000212394529057458	0.000246062522055999	0.000213026487335314
72113	15-19	2	0.000920401520456469	0.00115448443309015	0.00139657038231651	0.00194788896990614	0.0013816129180218	0.00165323654970167	0.000897360186505585	0.000923705931695596	0.000746271384802038
72113	20-24	2	0.00159122501554396	0.00227813296768231	0.00315067605532604	0.00385127748866436	0.00286318183902626	0.00346954432460437	0.00255707614021673	0.00193145557445876	0.00157094735523795
72113	25-29	2	0.00229068308239381	0.00356439582043254	0.00360608641497202	0.00357932596126448	0.00298442071218495	0.00314420885569966	0.00296536174128679	0.00226665512441126	0.00227971088817056
72113	30-34	2	0.00234912861319961	0.0041242616129356	0.00616914786720732	0.00443076823723706	0.00319591795161881	0.00323349227247395	0.00271965685661172	0.00265030361232309	0.00259444237677309
72113	35-39	2	0.00313085880406403	0.0046604905919946	0.00683700229481124	0.00533064677453617	0.00388228041240467	0.00336117726194715	0.00286427068279506	0.00295311887783505	0.00369231038495436
72113	40-44	2	0.00395499690319491	0.00617572980470201	0.00764202936964926	0.00695559728357692	0.0047498371339785	0.00365531148317553	0.00339196271873024	0.00396502338726568	0.00426783314066733
72113	45-49	2	0.00500144857202446	0.00592013193832963	0.00863598312835228	0.00769892148262495	0.00669497653233137	0.0059289831366607	0.00470236507893732	0.00542804232413952	0.00565855398538897
72113	50-54	2	0.00771213638234878	0.0100246123647684	0.00845499842166778	0.00787888667350512	0.00728295553235451	0.00829751423646137	0.00667954189317973	0.00672977607030162	0.00807257946485066
72113	55-59	2	0.0116372151398611	0.0117366546193726	0.0122176866621673	0.0122469125598804	0.00988417445891168	0.0104002518834714	0.00998477396534465	0.00971339495747512	0.00898007795378759
72113	60-64	2	0.0206058326591601	0.0223052856522543	0.0184426270854379	0.018380156469138	0.0163772894578821	0.0160792629312054	0.0135140323274071	0.0131166735366228	0.0136789897776104
72113	65-69	2	0.0286396704585482	0.0287357615516549	0.0272599850308716	0.0255656949021685	0.0246055154648119	0.0227424009676736	0.018448333748617	0.0174486901231456	0.0183908789803814
72113	70-74	2	0.0468489486729712	0.0449086356443074	0.0422150865212334	0.0415609403830708	0.0376458263891723	0.0312600943976655	0.0260837587320888	0.0246719328580375	0.0249974580718834
72113	75-79	2	0.0640358227130397	0.0649986734252409	0.0585249064240706	0.0609393065055871	0.0544751189857978	0.047818847764904	0.0440294915440174	0.038773496938918	0.0363448721403439
72113	80-84	2	0.104437931148507	0.0967492667108554	0.103381082384362	0.10014878899652	0.0796068750317648	0.077188842634612	0.0720242710575585	0.060469099075327	0.0589920855243109
72113	85+	2	0.177616625782564	0.165483469327521	0.155651999544733	0.156403515399099	0.151125262408596	0.155336976121912	0.149193432359096	0.136004230893012	0.131787838645306
72115	0-4	2	0.00375897322350308	0.00413180046406604	0.0036330485030733	0.00281554297544452	0.00282030521672944	0.00226180587582087	0.00215692812237254	0.002087351957497	0.00193544291940147
72115	5-9	2	0.00022553706174602	0.000231330429009488	0.000227761831233738	0.000222368048532445	0.000198708846576698	0.000188083789926993	0.000173028644808168	0.000150816166095394	0.00019296196425681
72115	10-14	2	0.000284729349498487	0.000306255534058702	0.000316951877873237	0.00029620015190265	0.000229481136150833	0.00022788527732131	0.000220704639808141	0.000183353899194139	0.00019133739815387
72115	15-19	2	0.00108429380620034	0.000918899515346411	0.00102934559026594	0.000844390363695025	0.000733417041615231	0.000640277663917097	0.000926580913544079	0.00059001172734044	0.000590596023297402
72115	20-24	2	0.00200193554935	0.00179304156278777	0.00200298037532218	0.00170483884018261	0.00153711271214682	0.00124532193552874	0.00177442449758748	0.001156565405274	0.0011177201506713
72115	25-29	2	0.00199868375012081	0.00222346724761875	0.0022950661502137	0.00204160950108788	0.00161235858051734	0.00161417154252034	0.00139741113516867	0.00181830753142569	0.00142596117219982
72115	30-34	2	0.00269098312999504	0.00273894643019139	0.00275264158592911	0.00251992542357001	0.00252860981178613	0.00190851935695416	0.00181514306313994	0.00183099939799829	0.0015892967192275
72115	35-39	2	0.00294901963059478	0.00360521367123311	0.00369377665157751	0.00383128570568319	0.00245625213650175	0.00279723214870064	0.00231282296063342	0.00262097172599871	0.00319779270217553
72115	40-44	2	0.00385378869930532	0.00437411801299671	0.0042483395312807	0.00437729389681829	0.00356249344811697	0.00252610090877391	0.00292751249044042	0.00272790203317012	0.00280766737210451
72115	45-49	2	0.00523485959004187	0.00455125541318098	0.00628678320866479	0.00548957187016162	0.00468643204609696	0.00463437263461197	0.00345264683454113	0.00329755620305595	0.00353942259371079
72115	50-54	2	0.00678357652818613	0.00729333780169622	0.00869306512900868	0.00805399864643639	0.00729568050029886	0.00628057981434112	0.00533616431421808	0.00543426776047719	0.00574881405455559
72115	55-59	2	0.0131762323590347	0.0124777106434274	0.01035404283314	0.0116069904922776	0.0106104517504045	0.0101717037265283	0.0072819916894172	0.00814888791476627	0.00863196106683073
72115	60-64	2	0.0180147684354058	0.0210687413896077	0.0186736685467128	0.0197581647039476	0.0150293337397995	0.017273562007612	0.0144654589021104	0.0112344825585182	0.0132620252200428
72115	65-69	2	0.0283202150246059	0.0296765799195856	0.0262587703610477	0.0260961079376676	0.0255940247248815	0.0208343478761696	0.0189163030360024	0.0159404546799702	0.0191876412731926
72115	70-74	2	0.050303426442796	0.0393539711754254	0.0415058527080068	0.0386762918539322	0.0351853716098905	0.0313691920760144	0.0265071825439693	0.023956833363632	0.0284166185009939
72115	75-79	2	0.056656235920404	0.075706116777563	0.0540072631969207	0.0687812421647254	0.0581510970411587	0.0519509980145888	0.0504336193169303	0.0422379784120246	0.0386470984320464
72115	80-84	2	0.096333193612886	0.096015221034047	0.0940852054554924	0.0944037240770153	0.0891840006005564	0.0708685700888555	0.0664754398050311	0.0692242399813759	0.0551746319565447
72115	85+	2	0.194427760157276	0.187500887680612	0.177731603390977	0.209748367956122	0.166594379993011	0.149559265251012	0.171961314294169	0.13994609570295	0.124501620150672
72117	0-4	2	0.00451835022773028	0.00375764309306274	0.00326899276357414	0.00297835312505405	0.00273885084080634	0.00289361380720195	0.00221517741159762	0.00192735802404973	0.00205692879143868
72117	5-9	2	0.000203860219266615	0.000209396416484847	0.000217225020431683	0.000212193377139464	0.000179140246454788	0.000169321417754843	0.000154355842415982	0.000140852627851496	0.000146360774536607
72117	10-14	2	0.000247995716701874	0.000280898389452045	0.000277352222441433	0.000285999204669172	0.000218897024085549	0.000217349570491953	0.000197975887220198	0.000172097081099939	0.000178675046760646
72117	15-19	2	0.00100312904555035	0.000822055883620514	0.000933091331805587	0.000870915903097972	0.000749102305117941	0.000714756255514088	0.00068967801332919	0.000546147215447176	0.000598871590658356
72117	20-24	2	0.0015857474609667	0.00161319345137653	0.00171551373450168	0.00157717631700485	0.0014786484159226	0.0012111739061309	0.00107437658002953	0.00113023639157404	0.00110044880044365
72117	25-29	2	0.00220541310812323	0.00211780440240127	0.00189668903378276	0.002088423973601	0.00167469603127494	0.00168506246820752	0.0013262148881411	0.00169835290040625	0.00156911694957985
72117	30-34	2	0.00236506678649368	0.00241699446832962	0.00267233451431615	0.00255394475685194	0.00202756668701731	0.00170499682149148	0.00180635253913365	0.00157360342260396	0.0017168522060956
72117	35-39	2	0.00276881671178296	0.00281224753364587	0.00307914993636674	0.00303138173193227	0.00270662990920197	0.00238801819774037	0.00203792460778219	0.00201338346095901	0.00241615865292974
72117	40-44	2	0.00403386181099067	0.00401801399083932	0.00467812263484152	0.00406620489118252	0.003133650710489	0.00281103525260781	0.002596336274059	0.00295474328791649	0.00334489561293253
72117	45-49	2	0.00650885968786619	0.00495704712213097	0.00506631478851835	0.00477098974931227	0.00453520726154431	0.00356234440405951	0.00351666820907758	0.00332808937693782	0.00308927171294638
72117	50-54	2	0.00729637345810636	0.0073777917149083	0.00794553542501209	0.00956988320909797	0.00696760603187482	0.0064991752656096	0.00583628153302702	0.00509599725142205	0.00612108886274952
72117	55-59	2	0.0105794244313956	0.0112723051699178	0.0104018926715702	0.0129595767709256	0.00881994219257172	0.00940635621012344	0.00779912866197321	0.007491795166951	0.0080759365499651
72117	60-64	2	0.0185315856662674	0.0157106878858737	0.0163506573858453	0.0166349139266086	0.0125042024292458	0.0114245322729442	0.0119325674119637	0.010592829418369	0.0101579322645234
72117	65-69	2	0.0238049049350403	0.0242443065473909	0.0268713368297954	0.0259774325245274	0.020717023637632	0.0168028725150883	0.0161049363187606	0.0126529775159468	0.0133211206947019
72117	70-74	2	0.0338951540196968	0.0416435535416659	0.0312569531810228	0.0496921317554738	0.0303407882465388	0.0317181449007644	0.0225614114548451	0.0254692634603972	0.0175120916836439
72117	75-79	2	0.051649595890131	0.0635439657795828	0.0503700332599378	0.0542835816138004	0.0483462517160191	0.0455687559365174	0.0386469450042705	0.0296372835619981	0.0290275096249076
72117	80-84	2	0.096374902642504	0.0807739443659069	0.0891103841392031	0.100995076681396	0.0880224510614898	0.0736130828379372	0.0694649186463884	0.0614622313297041	0.0553721963116245
72117	85+	2	0.192806593344078	0.210135184347468	0.162047941617604	0.17138772530418	0.170257889077498	0.168291223362972	0.136025309301535	0.120055542980724	0.108437598069595
72119	0-4	2	0.00455662048652812	0.00347294297772393	0.00357703490198149	0.00324073851053355	0.00220402730355649	0.00267429468643418	0.00223572545088821	0.0019996319173009	0.00232477718128799
72119	5-9	2	0.000256415818144718	0.000227786217968888	0.000235578132109713	0.000229546229695132	0.000187289421448784	0.000216173905930318	0.000183063512143143	0.000161719552876631	0.000170694828488548
72119	10-14	2	0.000351109526993315	0.000295693258619464	0.000278698766831554	0.000356891638517977	0.000257851262952313	0.000245126359879818	0.000198945938648308	0.00018527274340216	0.000195241117481229
72119	15-19	2	0.000872997786891398	0.00087752309887814	0.00110994701141964	0.00174905455814836	0.00107398367868767	0.00103251846542209	0.000854685232558239	0.00066776226068373	0.000750223375889013
72119	20-24	2	0.00181229095729341	0.00176786980156283	0.00228612797808759	0.00352194655226188	0.00193419969164678	0.00258591918485161	0.00198351593385672	0.0018291365083192	0.00185793464456101
72119	25-29	2	0.00193711372928538	0.00181321351853066	0.00340307890656429	0.00287084602439328	0.00229512381901945	0.00264839352824554	0.00240765536276933	0.00201987196719901	0.00243970003905559
72119	30-34	2	0.00284158788175866	0.00294283670413347	0.00398736734454634	0.00369277412560094	0.00247119235722995	0.00214453528961743	0.00259418220900909	0.00259979940041744	0.00193472644975752
72119	35-39	2	0.00312277670938707	0.00374326974391407	0.00486434097523202	0.00430500565853037	0.00304045949147878	0.00260668996741871	0.00248263624601614	0.00220785796839977	0.00466711885064507
72119	40-44	2	0.00391315862870433	0.00477324383617053	0.00655422299696459	0.00463921816524191	0.00411841520568005	0.0037834006551077	0.0035933911330588	0.00263845701948815	0.00325050211257923
72119	45-49	2	0.00594803667598243	0.00614396092524915	0.00730723514973577	0.00753132500870608	0.00595345486340688	0.00532931891350223	0.00506401186639744	0.0045195471045782	0.00391390798766447
72119	50-54	2	0.00828733067888001	0.00857588662215054	0.00872786230742057	0.0119982398526354	0.00838507284074057	0.00608721463452727	0.00593338892036986	0.00664823554998242	0.00899715544606436
72119	55-59	2	0.0114561101159995	0.0109241283195344	0.0119090136489291	0.012490062156057	0.0105154516489918	0.0101205987397906	0.00924602882625673	0.00690706546878331	0.00984660202009409
72119	60-64	2	0.0219504848516721	0.0189838651239831	0.0158308455411015	0.0173733886769832	0.0146240574190378	0.0161162165278723	0.0128595263083807	0.0110734673951961	0.0130441481451092
72119	65-69	2	0.0273585158996125	0.0276166480403261	0.0270422156547994	0.0251714852846718	0.0211513617927424	0.0207737157089704	0.0171425505531233	0.0173696655746338	0.0175546730448812
72119	70-74	2	0.0472599572101298	0.0464064020268373	0.038426755513353	0.0375475622895914	0.0302646165279774	0.029146437762276	0.0285817460297524	0.0252944055352335	0.0242053112427284
72119	75-79	2	0.0478020142778813	0.0544064794577666	0.0597194924190536	0.0581437730652361	0.0524033625659453	0.0413409682637075	0.0407846099092634	0.0374922983715853	0.0369245921454892
72119	80-84	2	0.102596943517919	0.0734377790822628	0.0976477295337016	0.105355002220991	0.0850233792067048	0.0690442761528705	0.0665980658152311	0.054059523057634	0.0519189019238445
72119	85+	2	0.182087404954155	0.180846273955868	0.144221522793862	0.143002399006913	0.152736359593541	0.155782654346404	0.137545502006206	0.140163237024357	0.112880670112368
72121	0-4	2	0.00400102910143476	0.00370640319728408	0.00370728980295736	0.00306223283822957	0.00304814228733756	0.00273528918375367	0.0026918004845419	0.00215338190384561	0.00220488263006079
72121	5-9	2	0.000215066744537052	0.000231552986166017	0.000265350906004362	0.000258852254295762	0.000189977724921958	0.000189553116966629	0.000165337825271381	0.000151488745136527	0.000157946978311975
72121	10-14	2	0.000287413229543358	0.000265849307330016	0.000276097199245847	0.00028467542565151	0.000242733649365337	0.000218540806102374	0.000200654635194295	0.000184227911038019	0.000192122070408018
72121	15-19	2	0.000880868308386924	0.000918678124921851	0.00105893592524452	0.000918839792905757	0.000740264079409596	0.000808915377331483	0.000788643690746199	0.000621831667288012	0.000623300061674424
72121	20-24	2	0.00153046854655612	0.00177957967670349	0.0016022768546813	0.00160762270965735	0.00140413996866779	0.00138092139016763	0.00153133917829829	0.00107916570499796	0.0011797087260546
72121	25-29	2	0.00192619442181892	0.00195152091518589	0.00253540221050496	0.00199924561206511	0.00169444580147991	0.00165406778019983	0.00161821938951598	0.00153749092901293	0.00150976083269355
72121	30-34	2	0.00233282408754219	0.00285967780660326	0.00243949516405522	0.0025703443312039	0.00203953266501803	0.00198807519389775	0.00174809997613178	0.00159833954348548	0.00219971096878601
72121	35-39	2	0.00252607587454701	0.00338502991205034	0.00375232834376365	0.00351145859303412	0.0026459810812174	0.0023239707543374	0.0021837067598697	0.00220335309128685	0.0026217463075042
72121	40-44	2	0.00325309073030223	0.00491626911436796	0.00457139905810284	0.00426785322059234	0.00340640079762546	0.0025904763275999	0.00329038322029444	0.00269750483669179	0.00328763225881246
72121	45-49	2	0.00584376746022906	0.00543693932015163	0.00582304270788388	0.00642159771455405	0.00558159423168184	0.00460327768556392	0.0043522235002455	0.00410058836237727	0.00390473733049055
72121	50-54	2	0.0064690897961	0.0077810535920614	0.00733317206042018	0.00830081625176564	0.00674339121117503	0.00667096875965502	0.00658617222573201	0.0060383958949809	0.00655315956372017
72121	55-59	2	0.01176763148565	0.0102659177502526	0.0123427350727045	0.0119487484727961	0.0103087187765061	0.0114821289263653	0.00880842559533425	0.0110988223770931	0.00842622844936318
72121	60-64	2	0.0222942917163543	0.01816458857712	0.0169411929248614	0.0171272722324956	0.014930717530565	0.0162906256917003	0.0142147909855282	0.0115802335615938	0.0144687246740014
72121	65-69	2	0.0263359818775466	0.0240090103988	0.0279044369750612	0.0201310079038288	0.0220315741635077	0.0251126052425398	0.0184330785966456	0.0187843040002822	0.0191923886484556
72121	70-74	2	0.0421509408662461	0.0440472637514951	0.0386810324939111	0.0473152196891483	0.0323764934543372	0.0348355772118212	0.0273058070625939	0.023557448271269	0.0196194038146943
72121	75-79	2	0.0590047101937274	0.0545708115832193	0.0633378502405793	0.0605815048369418	0.0460449351592603	0.0438481933919262	0.0432873545986856	0.0402138569814415	0.0382903359645552
72121	80-84	2	0.0990990769002797	0.0883450876765788	0.0900755695130647	0.0949054459941785	0.0847377671678418	0.07201885903199	0.077194042359948	0.0668117050939055	0.0634331425765695
72121	85+	2	0.174477676300296	0.174937385605002	0.159535853199256	0.170306981960014	0.158256225009625	0.147519093862088	0.143062467940881	0.139020542451405	0.130463411329887
72123	0-4	2	0.00468693211303706	0.00452221383897618	0.00470471606367203	0.00408482589186742	0.00266099337283382	0.00290367108338555	0.00251741165026844	0.00228000483683211	0.00232071665168385
72123	5-9	2	0.000247588424931274	0.000231743325531026	0.000264321815420486	0.000234350447491063	0.000199916710286581	0.000190808305158319	0.000175660073458186	0.000161428138157677	0.000169121604922196
72123	10-14	2	0.000311161549567135	0.000276517595347492	0.000286503211868891	0.000282158815521416	0.000306434551998366	0.000229761904355501	0.000222612141003961	0.00019560399232709	0.000215632411885501
72123	15-19	2	0.00088473066482935	0.00105521569557103	0.00117402155044867	0.00104025612474828	0.000814200821653604	0.000973248634035256	0.000817583564084794	0.000586285202514258	0.000780426498985597
72123	20-24	2	0.00197010961005691	0.00212386790587841	0.0020785504718168	0.00188327910908247	0.00166603742955936	0.00184384430750538	0.00166259646219578	0.00156172446861364	0.00125708110479228
72123	25-29	2	0.00249089138115448	0.00276818655147881	0.00269833903730144	0.00258763262602958	0.00216124951867394	0.00221436489510893	0.00262006799492818	0.00220544539977954	0.00167543590782067
72123	30-34	2	0.00266372411235734	0.00394280339345572	0.00364547590788478	0.00297570531913854	0.00266593599146162	0.00241130325771782	0.00198478549008869	0.00221129710169451	0.00248399260250511
72123	35-39	2	0.00371736567543917	0.00532627990657898	0.00482862176304532	0.00426614309743064	0.00416964992192411	0.00330196795520014	0.00256077008604194	0.00275412703789782	0.00274520261541809
72123	40-44	2	0.0044546075468259	0.00537400281498673	0.0062874698481607	0.00666374043915744	0.0042581166053249	0.00346773128837222	0.00357560039440969	0.00288078936728439	0.00335497480110814
72123	45-49	2	0.00620620544704298	0.00683673818989049	0.00687334015956766	0.00771507563552661	0.00531089706988081	0.00555023183189078	0.0044345044136034	0.00384224223498763	0.00443018043072076
72123	50-54	2	0.00839014876043891	0.0098450157071559	0.00891186191434376	0.00813389980972362	0.00842788276602383	0.00877330353336934	0.00509096415103023	0.00567384139136433	0.00722765035205396
72123	55-59	2	0.0161953045106325	0.0142980429628758	0.0138066589054879	0.0156153717843493	0.0117809703150697	0.0114189704454586	0.0106254777567031	0.00801357974975372	0.00902290606799028
72123	60-64	2	0.0211847015290166	0.024365269442756	0.0240955436131713	0.0207230797112861	0.016748159651398	0.0145908048969299	0.0118930158486523	0.0119835971749742	0.0104353654011191
72123	65-69	2	0.0265770081086149	0.0339426239600691	0.0266380236996861	0.0284126247983505	0.0242252421265014	0.0225636012057062	0.0207752511093315	0.0171827187947547	0.0139182418241375
72123	70-74	2	0.0505631527826942	0.0522765982123159	0.0395323322589449	0.0459894972152292	0.0321628740669376	0.0343282172496278	0.026689548409021	0.0233532113232306	0.0232091383217705
72123	75-79	2	0.0629714479961511	0.0601681445285438	0.0526797396041599	0.0656821533113693	0.0536633825160837	0.0439277357975749	0.0456551816596799	0.0393662244271218	0.0363944489848178
72123	80-84	2	0.123970717273532	0.097338380484088	0.0996790966566897	0.0974009034457782	0.0785641760674338	0.0825147365119959	0.069085739730384	0.0530684967512692	0.0630711509994115
72123	85+	2	0.194455638101115	0.175585974051502	0.155398915656598	0.161350931781129	0.155544898552649	0.138481175348185	0.153367418898208	0.113762523672255	0.112887422025953
72125	0-4	2	0.00401129323784959	0.00355324119880589	0.00319605795433344	0.00316344668377161	0.00287120746140119	0.00322871869541284	0.00249549225440146	0.0018158839059933	0.00204892665718012
72125	5-9	2	0.00025859177157997	0.000229580034190303	0.000227660082920815	0.000233423482580143	0.000190037075802572	0.000180687082500391	0.000158320312811081	0.000145063856587359	0.000159402400496614
72125	10-14	2	0.000255305240586812	0.000273864108267937	0.000313125591350243	0.000280484360331354	0.000240927730618689	0.000218344738595518	0.00019160566916509	0.00018533817127028	0.000193409337523097
72125	15-19	2	0.000813916670184114	0.000965740749712497	0.000932907820647537	0.000796109220859613	0.000678891646176765	0.000678788199377034	0.000585553420903083	0.000551409993103926	0.000611942223740788
72125	20-24	2	0.00143456472337295	0.00130382933047109	0.00173857998826628	0.00156137245695153	0.0012580484999069	0.00128149533815098	0.00107857809784691	0.00100852845378071	0.00106019227106942
72125	25-29	2	0.00182801032769362	0.00221390808882984	0.00196957040011648	0.00192391616476958	0.00185601066551492	0.0013593838470897	0.00137863446015184	0.00121119154679092	0.00142289162170952
72125	30-34	2	0.00251934753046522	0.00211795343967009	0.00260325968692683	0.0024258453141208	0.00173446778936124	0.00201936310406041	0.00202927165233753	0.00170167284111512	0.0019085526063011
72125	35-39	2	0.00330615646490035	0.00355208833060433	0.00366735129372225	0.00397308669927752	0.00291232328168017	0.00244464500180699	0.00198860916191079	0.00197858860404754	0.00204906838859605
72125	40-44	2	0.00329133161770578	0.00378355689017634	0.00539769367731585	0.00454449073740372	0.00306089664467181	0.00276537208555979	0.00268587969299468	0.00275542020917993	0.00294467752266216
72125	45-49	2	0.00490949546734939	0.00575019079120493	0.00549639632300982	0.00552251326894026	0.00508878693537327	0.00406631337488236	0.00395350669968683	0.0038359559546874	0.00391858630048475
72125	50-54	2	0.00816699394353175	0.00745035169788593	0.00785827466421985	0.00739115481469182	0.00648471497892315	0.00893280300938276	0.00607407353530991	0.00578740576976571	0.00760319328368581
72125	55-59	2	0.0114463030617957	0.00876248382137426	0.011030820105233	0.0106786431459612	0.00875361563702149	0.009060458314755	0.00893973087588853	0.00841094831369682	0.00681728711027011
72125	60-64	2	0.0172215401000994	0.0173937878178728	0.0145424497979784	0.01658643307722	0.0183430369803737	0.0145262347745611	0.0107169147635258	0.0117941780814801	0.0124995180994763
72125	65-69	2	0.029439052608215	0.0245809582991286	0.0217854853024005	0.0221349060053297	0.0188917923293607	0.0209078074240966	0.0182840857197673	0.0185836618154135	0.0175478790483735
72125	70-74	2	0.0452757692800916	0.0359225397877795	0.0396114729488005	0.0344515258914448	0.0377050045731315	0.0299893888414596	0.026184707207849	0.0207014368221964	0.022813446406292
72125	75-79	2	0.0621960850144199	0.0644294684750824	0.0587782917347514	0.0429264084129871	0.0467763626077688	0.0337196833686578	0.0467695243355923	0.0389316604742799	0.0432701171090672
72125	80-84	2	0.0770618380612684	0.0847691846953126	0.104826335087306	0.0902175417195358	0.0737366354941338	0.0900146812380673	0.0728160213289662	0.0640818785406998	0.0555064192586241
72125	85+	2	0.174527052989664	0.135344250307359	0.160320719070897	0.153669750878787	0.149656992952897	0.151077769351504	0.138724166049137	0.132642197497286	0.136151966992331
72127	0-4	2	0.00556019290836447	0.00408682787716727	0.00390927927547411	0.00324734411112161	0.00250749423999867	0.00263382183397927	0.00268522055910312	0.00213442924437284	0.00249508908021472
72127	5-9	2	0.000262977342416968	0.000252651419619247	0.0002832735657018	0.000246369768134345	0.000161105975648094	0.000161902346871684	0.000167766860238855	0.000182135486288077	0.000150103986433302
72127	10-14	2	0.000368309249981036	0.000388498818119848	0.000424798613086836	0.000354900767380361	0.000240039747169581	0.000214976007024868	0.000241309918932117	0.000182241592622143	0.000213181322408311
72127	15-19	2	0.00180349602061389	0.00150308259293644	0.00397267275426693	0.00312419350306183	0.00219402714500938	0.0012414842033491	0.00116468030943776	0.000974849244078172	0.00118421477613616
72127	20-24	2	0.00290966413876457	0.00341449005180313	0.00509964514635751	0.00443799435092681	0.00416131361781202	0.00344083330312997	0.00345567573941689	0.00300327838583065	0.00246034416515738
72127	25-29	2	0.00333202552884709	0.00438211915342202	0.00626254948133517	0.00461123315776503	0.0041456519216291	0.00416598437654527	0.00356666247084159	0.00288910256178345	0.00297641258315111
72127	30-34	2	0.00423280337575515	0.0068637985539268	0.00872540244070153	0.00666212161401234	0.00377674374314383	0.00391659886128848	0.00316276258168406	0.00339407709533998	0.00296236361484756
72127	35-39	2	0.0047227803500629	0.00766939550037415	0.0108276607665412	0.00722024340425216	0.00478335035938148	0.00392409920225965	0.00295808660623257	0.00343414331793614	0.00363410612603849
72127	40-44	2	0.00559524771311725	0.00770830618998955	0.0105378436409919	0.00861377388585551	0.00551015930046229	0.00505695352273787	0.00397941180476557	0.00409194809487114	0.00511657178501415
72127	45-49	2	0.00712875918998503	0.0094103374370147	0.0107236156744714	0.0102514376324527	0.00709595566811577	0.00626150848905795	0.00528073543309181	0.00484582846229986	0.00560522447925834
72127	50-54	2	0.00965151432246738	0.0100452531470047	0.0122199615856767	0.0112423314840648	0.00968411078556742	0.00896406988259769	0.00727453789894734	0.00678372991860707	0.0064665515790701
72127	55-59	2	0.0140439850684569	0.0154637795660504	0.0135250349929545	0.0136783142538426	0.0120838371007184	0.0115248872112073	0.0110502604958972	0.010125810582172	0.00961493115032644
72127	60-64	2	0.0214556829369375	0.0216566731032671	0.0203870663764799	0.0189473298630979	0.015810294643352	0.0154010897777513	0.0138572636972102	0.0138266618219799	0.0131911110647172
72127	65-69	2	0.0288031752219149	0.0281892902652258	0.0263311608447267	0.0252113546172012	0.0215037001932693	0.0201892743332759	0.0188239177268675	0.0168354490996295	0.0177180276767403
72127	70-74	2	0.0441120965575567	0.0434829573950272	0.0405836871372568	0.0401294221360791	0.0319939622705634	0.0277543219851409	0.0250839466223965	0.0231617502305453	0.0253254536552807
72127	75-79	2	0.0586916754459967	0.0584540675025854	0.0555862291728425	0.0554886101758148	0.04807453733916	0.0427964249478847	0.0389659334068252	0.0362009858701305	0.040127062885423
72127	80-84	2	0.0991796349155917	0.0910444925113022	0.0889837272526953	0.0883055795006273	0.0735187693013228	0.0714478076540958	0.0653498825116463	0.0590069951497789	0.056736740348279
72127	85+	2	0.165858133129433	0.167914886111278	0.154761070157653	0.156434517701328	0.140605088066662	0.132843086466769	0.131875956434945	0.122676471335461	0.122784457062308
72129	0-4	2	0.00350659731208553	0.00307364795532522	0.0029466569711129	0.0029763975403063	0.00264006688691393	0.00267384832914582	0.00234399674560786	0.00208442168037918	0.00201121995854861
72129	5-9	2	0.000237208205186112	0.000243069046768127	0.000229384204559162	0.000224285717655608	0.00018317114207047	0.00018287456474198	0.000168261434752419	0.000147661040784008	0.000154602989361688
72129	10-14	2	0.000255757820232816	0.000288866591195502	0.000261725363262412	0.000294144037378953	0.000230479945228526	0.000229719125709126	0.000212892571139996	0.000187527700518773	0.000186452533398792
72129	15-19	2	0.00121916466154423	0.00101329271299337	0.00105072043851929	0.000842515498772581	0.000835741674469698	0.000810560665313261	0.000769686154172047	0.000745898998796729	0.000635462647017312
72129	20-24	2	0.00157869638431765	0.00163468169431642	0.00176124460293204	0.00217429224084102	0.00172581261181254	0.00159951692696045	0.00143858467364535	0.00178712288295033	0.00128378393297391
72129	25-29	2	0.00226296139054944	0.00247221745944999	0.00272611223631141	0.00225045664779509	0.00216536716959662	0.00190853634491375	0.00242198263041189	0.00204159851854386	0.0016457856501127
72129	30-34	2	0.00238749636757703	0.00359582746610883	0.00349699144769957	0.00258852866209597	0.00235027186126083	0.00225810910485714	0.00251471583703206	0.00206120109956262	0.00230947163444723
72129	35-39	2	0.00352871189985344	0.00432809980314091	0.00428008906023551	0.00400316533316438	0.00287523430093109	0.00220046250231061	0.0020887518179539	0.00266222538745568	0.00309917612166286
72129	40-44	2	0.00464971322902202	0.00598341521509078	0.00541419522413604	0.00469067656152085	0.00384375584376395	0.00331111521653597	0.00270487477202834	0.00284810612630741	0.00357252097050055
72129	45-49	2	0.00569679179564224	0.00651666600820334	0.00765184134356332	0.006158748392003	0.00585199671399102	0.00557668597497328	0.00446357275100364	0.00414555079907196	0.00468071209759991
72129	50-54	2	0.00865858381481827	0.00853968083784077	0.00912744105274581	0.00831757285171362	0.00850965235342365	0.00806176854158575	0.00507610576814392	0.00648497365927616	0.0059432321643825
72129	55-59	2	0.0137220943119764	0.0152875040228344	0.0135251117270842	0.0142640774002435	0.0111105310436502	0.0113735292420548	0.00868772676313277	0.00787776852015126	0.00831323252401824
72129	60-64	2	0.0170455229687058	0.017426230161006	0.019613620388826	0.0208624779964382	0.0185777890440311	0.0157402634342974	0.0137341406689586	0.0109368141664171	0.0115865389528553
72129	65-69	2	0.029068103423799	0.0261354112977951	0.0311636631462359	0.0262991482634755	0.0231298735373276	0.0190539890958311	0.0178287619851352	0.0195118529031221	0.0163791767990117
72129	70-74	2	0.0343055380356702	0.0438488389834621	0.0388258317775818	0.0407589095343256	0.0328777334748173	0.028236392404766	0.0244293138735476	0.0225800028906567	0.0278629942142743
72129	75-79	2	0.0547070406259595	0.0573433158823819	0.0631488100192961	0.0458023175367565	0.0528554382460257	0.0480247277143109	0.04504103193758	0.0369877796947778	0.0364040827598625
72129	80-84	2	0.0713353072683632	0.0840337634884152	0.0812999095899743	0.0810678353313808	0.0702159744048864	0.0668167949225579	0.0598776060282884	0.0461725709714924	0.046271720412808
72129	85+	2	0.142676013344007	0.167608824753425	0.152865306134116	0.157649917121369	0.147841686775132	0.144670303828272	0.121417667097013	0.136457036026241	0.115806901596186
72131	0-4	2	0.00322808856499999	0.00351321764099586	0.00335963065449482	0.00298626458687099	0.00266953685258418	0.00231683114538869	0.00240541405175907	0.0017891945287211	0.00202698011713073
72131	5-9	2	0.000217323758002298	0.00023427665342473	0.000254579492365823	0.000216640409934603	0.00019486232836937	0.000176766223695183	0.000155279746723895	0.000142766595176211	0.000157284464287463
72131	10-14	2	0.000259131983807869	0.000277339016080817	0.000262235398988139	0.000296495923097465	0.00021235084967058	0.000255453479951245	0.000215940424311675	0.000181030648370723	0.000180051895218423
72131	15-19	2	0.000877567564019058	0.000860981374822308	0.000950746286538562	0.00104610061274006	0.000730258055452693	0.000655793623025674	0.000642188792253426	0.000601601950239255	0.000557985233896585
72131	20-24	2	0.00152755142714018	0.0017200611674214	0.00145587483152475	0.00151166289001197	0.00155991961500309	0.00120349679362422	0.00119656194000765	0.00115467233449903	0.00132638785255533
72131	25-29	2	0.00180064651078933	0.00253901439159285	0.00216559073627729	0.00205518467506849	0.0017835933065307	0.00172652874323655	0.00137028219267125	0.0013273181251282	0.00136989036493759
72131	30-34	2	0.0019709199349217	0.00251924674147984	0.00240918194231851	0.00224248993244261	0.00236286919248104	0.00171475324380105	0.00210721527496933	0.00170139573356182	0.00176751552855554
72131	35-39	2	0.00297694002397449	0.00405045701476682	0.00322040389317784	0.00327642831688789	0.0024002298886964	0.00204882859202427	0.0019536299860647	0.00233823210993925	0.00279482128161046
72131	40-44	2	0.00330588268651149	0.00487655799548626	0.00468961767981423	0.00445039857010845	0.00351625867384233	0.00327896228621142	0.00334979998357866	0.0025261245307423	0.00303176617821473
72131	45-49	2	0.00558676382000348	0.00475392652197651	0.00579493810450884	0.00529304275958059	0.00413177567299361	0.00469219090301501	0.00435120598012907	0.00383558002004764	0.00425700461356973
72131	50-54	2	0.00657075046510081	0.00814410166003657	0.00815779692788263	0.00749633982246338	0.00573119894995468	0.00627693830735058	0.00584741669041572	0.00546148328892691	0.00502120282037063
72131	55-59	2	0.0114513085144623	0.0110339934129233	0.0110466790255654	0.011024321235816	0.010194623669728	0.010410338478714	0.00815413709051619	0.00824946427364957	0.00662237968584087
72131	60-64	2	0.0168699715058831	0.0160702395953007	0.0160814089367643	0.0150346642277051	0.0135194571160655	0.0136997930008508	0.0121049296969086	0.00981931703776252	0.0126595214629896
72131	65-69	2	0.0251179501071836	0.0228437828792096	0.0248061641593991	0.0222996740724626	0.0181233298244243	0.0206756492008679	0.0187430397875235	0.0146632101921283	0.0145612708697522
72131	70-74	2	0.041651127617844	0.0412362819223487	0.0355349972015146	0.036581308000933	0.0336769835306864	0.0264176672451035	0.0276081200497273	0.0209536876834903	0.0215523250184677
72131	75-79	2	0.0601088891408372	0.0596565981445878	0.0619357923940816	0.0492046708581414	0.0540037543131092	0.0463581436210878	0.0445733912041487	0.0389628742667642	0.041105600462811
72131	80-84	2	0.0855789004355985	0.101249546845046	0.0888521811488061	0.11240164964725	0.0849095065133692	0.0678895892160509	0.0700240542965641	0.05739302417489	0.0649988576413923
72131	85+	2	0.196516466166397	0.167295418733184	0.170903254081909	0.156344413323888	0.156941699083556	0.162061434795285	0.133364034209792	0.140667237645463	0.130504963092513
72133	0-4	2	0.00474182016430312	0.00430102305995898	0.00466974486971412	0.00437288669850078	0.00329543386510291	0.00279134647095371	0.00264884059861331	0.00247557428130136	0.00253492952421699
72133	5-9	2	0.000255365439332743	0.000263498749532818	0.000302967402173758	0.000255341708878601	0.00025210529498534	0.00021586466290256	0.000188543855563222	0.000182454879638182	0.000181564244432366
72133	10-14	2	0.000373267171983253	0.000333851115979768	0.000317047018962252	0.000325618680604824	0.000277873083155547	0.000287173583578992	0.00026362946953613	0.000210597279728102	0.000220647763355139
72133	15-19	2	0.00104635026237233	0.00110906672032353	0.00115097201351832	0.00123764060489049	0.00123909468288488	0.00091770299033587	0.000918935751704641	0.000661014926885183	0.000849818682675908
72133	20-24	2	0.00210528216388423	0.00249767873881828	0.00222701021809141	0.00247648074142909	0.00260495500877362	0.00217738692786782	0.00218157238383464	0.00155436146876048	0.00141156273676229
72133	25-29	2	0.00239861206470641	0.00283943971567542	0.00373325013221281	0.00328045096807029	0.00257401459200738	0.00252963070941337	0.00268821598719006	0.00219976546822241	0.00258674842361646
72133	30-34	2	0.00258329932888673	0.00352041550395698	0.00462315097083802	0.00280270331613165	0.00298972732451131	0.00287605621419124	0.00248388594168448	0.0021997249041579	0.0027901400731093
72133	35-39	2	0.00321704760521206	0.0035151181025314	0.00675229553803662	0.00435214143527083	0.00371538155305968	0.00243687429307213	0.00267462078786123	0.0020766279546316	0.00288132884657951
72133	40-44	2	0.00451296471702959	0.00472482686998087	0.00496004131411802	0.0075217908742498	0.00455966136709363	0.00370493875148627	0.00322905997009168	0.00314484031739005	0.00381258998048044
72133	45-49	2	0.00595227940203988	0.0075921952338695	0.00839672800889764	0.00639495524467491	0.00609438703087204	0.00556148673017647	0.00562359636351661	0.00456032538024707	0.00481249992180067
72133	50-54	2	0.00877538596205676	0.00979543959087519	0.00938723132879181	0.0101229468114072	0.0092703500752942	0.00854090649708854	0.00602623013321937	0.00563301226078809	0.00502162004888234
72133	55-59	2	0.0115020695269621	0.0138218814699698	0.0132572879267718	0.0116024542234687	0.0122329312294523	0.0117680062869068	0.0112049766353275	0.00928293872103961	0.00977070880924747
72133	60-64	2	0.0204114788496086	0.0208002997980237	0.0229373939342445	0.0166094019559357	0.0205542397447088	0.0175706002582313	0.0120577513285837	0.0140053235993413	0.0144539284100472
72133	65-69	2	0.0373972231540854	0.0298166709952657	0.030455743601856	0.0269794306764779	0.0262872517313276	0.0195985768728212	0.0161006588467657	0.0241315939063455	0.0224914538933398
72133	70-74	2	0.04964468171355	0.0391240654682684	0.049079224480264	0.0426903828812773	0.0386456333413856	0.0361183910384476	0.0314492561186301	0.0288881501225527	0.0250166921830963
72133	75-79	2	0.0800182904045609	0.0636492307212635	0.0687766522727948	0.0638609067179768	0.0643486163343379	0.0522053578418635	0.0391113859287381	0.0483052533235334	0.0458910590605955
72133	80-84	2	0.108168564125913	0.11041165777638	0.0910794184377252	0.139701553428372	0.0993261665709278	0.106344586204262	0.071095981162537	0.0662381616588727	0.0754392871516591
72133	85+	2	0.15983046782434	0.215536272160056	0.185662945927184	0.168215201289972	0.168905458045845	0.159796282627196	0.205010133222563	0.137162704130589	0.144085674083485
72135	0-4	2	0.00383941189686688	0.00281424082553035	0.00273297865939138	0.00231575378061908	0.00210729322720791	0.00205609559254356	0.00186381645432749	0.00184236184214794	0.00173109495353936
72135	5-9	2	0.000199412502931618	0.000192152867828615	0.000215369480835951	0.000180547088474511	0.000176398082538116	0.000159898166521143	0.000135702886525581	0.000126455586475379	0.000133200433529348
72135	10-14	2	0.000264385931987617	0.000252832672073169	0.000224789833848357	0.000237272366779647	0.000211276305361566	0.000190123101972497	0.000176215807556624	0.000151271781799296	0.000159328454925218
72135	15-19	2	0.000776735091630464	0.000837409143557062	0.00105682198566196	0.0010094882690355	0.000691988824091092	0.000868361197597058	0.000668850463811521	0.000520374159992201	0.000606717252909368
72135	20-24	2	0.00165527333870053	0.00156662233347883	0.00224081308139612	0.00191120342873279	0.00142222019968139	0.00179715623355935	0.00180175967582526	0.00117582876324427	0.00110366980311929
72135	25-29	2	0.00151882411642578	0.00138329955374116	0.00239279130637135	0.00197931496920956	0.00197820326540671	0.00190784959792308	0.0019658916749788	0.00186110380830822	0.00141967892541783
72135	30-34	2	0.00169651345352333	0.00234043614534356	0.00282665054568737	0.00279044946490737	0.00189584906700791	0.0019238561163678	0.00227169438364073	0.00173114952519287	0.00208078300601786
72135	35-39	2	0.00281393385281614	0.00298185440930156	0.00386960216172121	0.00331196121307977	0.00183233590210997	0.00198715267763714	0.00189893897564816	0.00186875897886014	0.00233307316286441
72135	40-44	2	0.00370469664155841	0.00416581734801282	0.00353178226536621	0.00372185082988004	0.00318638737327528	0.00293133832140383	0.00229145415861302	0.00272881570114745	0.00302371427446758
72135	45-49	2	0.00385614479449831	0.00469722436586866	0.0040145136445485	0.00569847473622483	0.00457461618238832	0.00303652327941678	0.00357535692279645	0.00281177317280314	0.00371266642733341
72135	50-54	2	0.00661282005574307	0.0076559058302406	0.00821201860653552	0.00801869322904678	0.00706017599648153	0.00542404676959018	0.00485403432627993	0.00495815547010388	0.00435675131194773
72135	55-59	2	0.0105355583087932	0.0140718692136943	0.00981962807372507	0.0109946763465761	0.00858459490742359	0.00731372078317243	0.00706474947606979	0.00761863497892639	0.00682902883823235
72135	60-64	2	0.0179853081723926	0.0185010609918252	0.0163602745482	0.0149636645547819	0.0133763185215157	0.0128882029514892	0.00896035771477639	0.00961607666676459	0.00986030444432728
72135	65-69	2	0.0226567431593786	0.0224231326275605	0.0230602313566335	0.0231798360575717	0.0219986124360001	0.0161570751042059	0.0150725971420359	0.0124842560726021	0.0159407162532971
72135	70-74	2	0.0385413180585778	0.0434410373048611	0.0333909587582979	0.0392882123224737	0.0280339854374405	0.0231902811457042	0.0209589482985843	0.0212087729541019	0.0236911529443695
72135	75-79	2	0.0460362262688879	0.0578129258647508	0.0485402036294358	0.0496771939599346	0.0494543673115572	0.0446709866492822	0.0429858787688566	0.0306356135560633	0.0328392204638246
72135	80-84	2	0.0741563382010136	0.0756191000078459	0.091421811066706	0.0902965708758919	0.0883811717682357	0.0659410713731506	0.0642768004714954	0.058265757408452	0.0508087329863837
72135	85+	2	0.188776802357313	0.151743226753967	0.145912216688803	0.161679141343049	0.151535224599875	0.150374033442033	0.139916120574963	0.124343511129686	0.116190542563834
72137	0-4	2	0.00380482223374648	0.00307622675223463	0.00331672472167967	0.00263451387790849	0.00247502508147847	0.0026057710893955	0.00197010360481878	0.00194742008052088	0.00208552036610622
72137	5-9	2	0.000204268685057392	0.000237384286946127	0.000256858472206937	0.000224118971342782	0.000188443193576782	0.000182183736064823	0.000172277464014247	0.000147104328621095	0.000156018527504158
72137	10-14	2	0.000318176341851514	0.000333764265074651	0.00030844166734857	0.000334281509900022	0.000243347364901735	0.000224672758864831	0.000184867520413321	0.00018424907749772	0.000195401377444161
72137	15-19	2	0.00106443254183956	0.00088747943995357	0.00128885297768948	0.00172672192797712	0.00098908032386135	0.000987446158406315	0.000941466276624051	0.000608012437809875	0.000652499357576397
72137	20-24	2	0.00205743524500294	0.00229846288998085	0.00316056177299212	0.00329462358702262	0.00278438429931796	0.00228814943780694	0.00209485052999251	0.00184458812405463	0.00198132881952075
72137	25-29	2	0.00221840090243126	0.00324734613266303	0.00404266193019193	0.00301779469923842	0.00321299057135098	0.00250382934596641	0.00269652451847754	0.00229657026785548	0.00232415979307765
72137	30-34	2	0.0023928329161698	0.00329155883323621	0.00503886711235156	0.0035930997904901	0.00321592828697772	0.00260877060534543	0.00282620422301558	0.00236579624687533	0.00276988521474946
72137	35-39	2	0.0031703565804723	0.00399587669731974	0.00536166023174476	0.00513176140079013	0.00352857114710434	0.00282829162659378	0.00249152032584604	0.00233274591299689	0.00278816149367672
72137	40-44	2	0.00312382737944511	0.00447038479378512	0.00545921259502277	0.00593531948700199	0.00410993433246581	0.00362394255200371	0.00295677139435519	0.00310090499254862	0.00421806051847216
72137	45-49	2	0.00557774874118424	0.00587077004010897	0.00656655377161116	0.00579139338891733	0.00563385530541646	0.0051980839043612	0.00437926888358167	0.00421866020989591	0.00484289986872164
72137	50-54	2	0.0073201273113584	0.0094100560013642	0.00849747518260718	0.00864933118366453	0.00659350266586229	0.00824467356517098	0.00668401770977755	0.00628482533159784	0.0062413881823136
72137	55-59	2	0.0103588118469212	0.0111559775137695	0.0106975722198025	0.0126020365054379	0.00994521343338668	0.00974869428219383	0.00949100810990836	0.00911903268916054	0.00921699110616246
72137	60-64	2	0.0194752969705013	0.0176497320917921	0.0149684117048711	0.0164290407631758	0.0151876299958546	0.0147161077304122	0.0131881237019319	0.0123416858044581	0.0131708701046457
72137	65-69	2	0.0250513597576859	0.0250303997789745	0.0269208334616515	0.0232847813723759	0.0213251769645614	0.0193282038360732	0.0200328605034871	0.0196461216952628	0.0165841626196104
72137	70-74	2	0.0387560278201777	0.0409054882425846	0.0427149720999024	0.0345124015140601	0.0274913330201198	0.028880750853419	0.0295866237769388	0.0229048701814888	0.026916730394475
72137	75-79	2	0.0530324334668351	0.0649670987799414	0.0561212051847726	0.0553017376229906	0.0484449498019056	0.0481657514369885	0.0404214870653465	0.0349604394831996	0.0371304855625654
72137	80-84	2	0.0885103998413195	0.0824047273954838	0.0914990020619716	0.0796742352733319	0.0832566089133531	0.0771812788579041	0.0643711105234838	0.0630006143005012	0.0613976957462098
72137	85+	2	0.168226090519256	0.166218727502019	0.158047054611717	0.160210692507743	0.148587893185157	0.142100453063623	0.134247558159608	0.117355869925313	0.118529617341681
72139	0-4	2	0.00290302620118523	0.00275897035561872	0.00269656138550745	0.00263001575385	0.00204803156603596	0.00183186556076451	0.0017759765259561	0.00144663640232756	0.0019110701472714
72139	5-9	2	0.000204069720374439	0.000198739040794306	0.000223804855003629	0.00022725218206572	0.000171474226408952	0.000156897957037147	0.000139315256702185	0.000129431172590173	0.000150792178972014
72139	10-14	2	0.000256741706336836	0.000248072873784417	0.000265843947956064	0.000259625301883406	0.000196497863507101	0.00019578014991799	0.000182573303808575	0.000163430665934466	0.000179815602513816
72139	15-19	2	0.00106533510939574	0.00101591274263754	0.00113280645027443	0.00130758730122591	0.00107558523028486	0.000854471500196542	0.000774296074435603	0.00050556002104692	0.000498597654532566
72139	20-24	2	0.00174909577120978	0.00167189577128153	0.00226544074972708	0.00226298621546143	0.00198542099070221	0.00214750163520628	0.00135850438976211	0.00138209610451841	0.00143855051566818
72139	25-29	2	0.00190757889969046	0.00268979541253874	0.00306660382857422	0.00281472568954471	0.00211103493897621	0.00287766566241632	0.00184077483464638	0.00192594279614618	0.0019354314539719
72139	30-34	2	0.00226966628805394	0.00280549675251023	0.00312319306090446	0.00259963776647124	0.00170187867232765	0.00216028660840459	0.0020097577138307	0.00223263445893539	0.00226122541160621
72139	35-39	2	0.00272830961956992	0.00392040036748377	0.00483000744808822	0.0032113262240126	0.00295553877348801	0.00246519435394125	0.00297250855609498	0.00247336157295601	0.0021800484342266
72139	40-44	2	0.0038567169819623	0.00398571234890376	0.00511620194173531	0.00433662084528889	0.00400550337365544	0.00244214455027165	0.00237624311270196	0.002554361293539	0.00230176857321007
72139	45-49	2	0.00428782521377522	0.00467069548849194	0.00544576730843742	0.00536417151612317	0.00504736165963361	0.00470337031620336	0.00313776501388688	0.00344821132041378	0.00427528508569473
72139	50-54	2	0.00850968291351965	0.00915298009289761	0.0074631413988788	0.00792567832022134	0.00719724669885746	0.00564446746436401	0.00476192483658916	0.00437931449466961	0.00536486513090531
72139	55-59	2	0.00988950237275231	0.00949229791208329	0.00964441150506614	0.00920261074839807	0.00877044956258132	0.00853639198200929	0.00792983865835514	0.00610321275933053	0.0086485422411261
72139	60-64	2	0.0140350233559334	0.0173587304284903	0.0161807986918298	0.0155463027370779	0.0133502181921817	0.0120905858179127	0.0127590305643159	0.00981740102511365	0.00957826380717507
72139	65-69	2	0.0280732750716471	0.0252767094374725	0.0235085920817674	0.0253767367668464	0.0173422480413557	0.0189905962106681	0.0153841512464812	0.0140277037193649	0.0163354406939656
72139	70-74	2	0.0404911767746862	0.0341979871228944	0.033453947533461	0.0352621095631889	0.0282561100941143	0.0276883203740689	0.0242827665223287	0.0219904271954128	0.0225147923294796
72139	75-79	2	0.0415105328151857	0.0502499325508423	0.0489948620547128	0.0467369868980709	0.0522841159860405	0.0445399793076131	0.0393521721764408	0.0295119953291878	0.0315153713869471
72139	80-84	2	0.0780662874898026	0.0830084967401829	0.0748240616767885	0.101890730950068	0.07313575447935	0.0662357166052326	0.060710251745684	0.0558529943281977	0.0539580842138173
72139	85+	2	0.152702044577918	0.161790561609022	0.131300601846428	0.146639764692954	0.141787337895095	0.125582778950622	0.127642583226053	0.130663924850982	0.121867941463017
72141	0-4	2	0.00390154232211699	0.00310220259799158	0.00270669526131932	0.00255436809770504	0.0021746800777619	0.00207505662571467	0.00224783971471691	0.00208669312916946	0.00182629539523098
72141	5-9	2	0.000204114088787455	0.000199988644780994	0.000207922874906022	0.000203896485464145	0.000183615043049004	0.000184277530659277	0.000154171550480457	0.000141385239819159	0.00014750800850794
72141	10-14	2	0.000254047644704667	0.000250424426492442	0.00026092772393621	0.000244442377829688	0.000231532177433047	0.00020161738106795	0.000195452735401645	0.000171767261639016	0.000179188869550649
72141	15-19	2	0.000872562294615488	0.000926929204767576	0.000710971030457032	0.000855625160260626	0.000736835606772493	0.000742098210224517	0.000597432399761949	0.000621805431978523	0.000549547628704517
72141	20-24	2	0.00169596327810848	0.00177263527899477	0.00193356421872314	0.00156276629368292	0.00142873425269345	0.00124598751418973	0.00112645245917615	0.00114811783241132	0.00098671945111897
72141	25-29	2	0.00253112099342301	0.00217317080761558	0.00228583616386115	0.00184313399236488	0.00165362798259771	0.00203954643805847	0.00148448195437377	0.00149452825713789	0.00157467194969825
72141	30-34	2	0.00217440081304059	0.00231118136492357	0.00228464842994733	0.0024312420248824	0.00182764449262958	0.00254217914953137	0.00173667923773499	0.00168761400334928	0.00184980672285214
72141	35-39	2	0.00316526220264994	0.00312420021168916	0.00359640765060908	0.00342738524144611	0.00232958772200702	0.0028066161866983	0.00241721567603575	0.00195409030446794	0.00240521411515579
72141	40-44	2	0.00345454868253569	0.00322351590797306	0.00406965751882065	0.00401310500182064	0.0027223608012731	0.00294307566889474	0.00266970252164871	0.00289139184686422	0.00391136333813491
72141	45-49	2	0.00476915288851678	0.00722358820829653	0.00551249440317211	0.00459859947697011	0.00415730322974884	0.00486322559724771	0.00414439553349526	0.00359369291742446	0.00319692397491577
72141	50-54	2	0.00780534408968444	0.00719124243921476	0.00733600126373357	0.00595192878743043	0.00604001649350197	0.00575525633459085	0.00559847960708868	0.00516687371455123	0.00513844976393685
72141	55-59	2	0.0110943351303753	0.012483978583837	0.0112560212351674	0.0137289961356683	0.01039197920932	0.00985819150382308	0.009042059280825	0.00743494966820248	0.00822291897438669
72141	60-64	2	0.014891305831847	0.016009164669657	0.0158150601912358	0.0200483899488303	0.0140148346307175	0.0136082894156725	0.0110090707691744	0.0114614805471026	0.0123321564114234
72141	65-69	2	0.0239950376580852	0.0197425245929288	0.0269733869436627	0.0248990038889419	0.0244912368156282	0.0187272337255132	0.0201053066731801	0.0162984964274991	0.0137219162584169
72141	70-74	2	0.0334819432545116	0.0386626330189553	0.0371486246096951	0.0345063065248027	0.0329299828820274	0.035275398321908	0.0287698041713763	0.0220208112131958	0.0226823990536297
72141	75-79	2	0.056739990659695	0.0637614338051191	0.0498808606865569	0.0578113375759334	0.0479540152096972	0.0424020260701974	0.0486489187575724	0.0330127212732061	0.0311146135979171
72141	80-84	2	0.0924871044659013	0.0905649398561388	0.0881551040348001	0.10101804476326	0.0861802261281493	0.0858111254852331	0.0765636495009246	0.0577252241845601	0.0546577379672079
72141	85+	2	0.185217727493794	0.128620371739265	0.168201609476358	0.158932136650315	0.166218815168183	0.151920428455202	0.132653190348535	0.131395581941777	0.122293717080689
72143	0-4	2	0.00336159298820508	0.0031322937556158	0.00349497052052394	0.00299929243809391	0.00293015436778456	0.00218675648070252	0.00219207919715951	0.00201653240771223	0.00201020887461117
72143	5-9	2	0.000236751058091643	0.000278463206409595	0.000227967387387365	0.000233426926618033	0.000189898254251354	0.000180331584785206	0.00015786869777549	0.000145339742013124	0.00015252633603764
72143	10-14	2	0.000283114213934987	0.000275131505917878	0.000297901472820907	0.00027901177497004	0.000217849432406122	0.000227786185062545	0.000200349204261585	0.000184983698226005	0.000184623031650375
72143	15-19	2	0.000874946773326107	0.00092249002780909	0.00098423794046704	0.00151880398667146	0.000827710181006822	0.0008236443506325	0.000627791948738009	0.000590506334247611	0.000682553366163295
72143	20-24	2	0.00167138122943142	0.00211273637558797	0.00199777249925261	0.00247167415952892	0.0016449537772118	0.0020599702089513	0.0016380206334925	0.00118312341841829	0.0013183100941974
72143	25-29	2	0.00234999112049074	0.00237414443529533	0.00237145398021468	0.00246900497571597	0.00193425444570648	0.0020856758664059	0.00150545535771884	0.001584570968388	0.00133541410717287
72143	30-34	2	0.00204025143790592	0.00376765489200765	0.00424805152676679	0.00301551735446673	0.00238920046433405	0.00243609891945942	0.00249993865966468	0.00180256132115316	0.00253200134326953
72143	35-39	2	0.00306050248197993	0.00432420941664236	0.00489729793007969	0.00352335039855911	0.00353352529650554	0.00315567798959979	0.00228304901681246	0.00218230734073071	0.00252473271818555
72143	40-44	2	0.00398881603798723	0.00405636716200368	0.00460141677442707	0.0050542705730827	0.00363318802255258	0.00377759837333379	0.00306157748934788	0.00299835600098155	0.00343651274267092
72143	45-49	2	0.00632820629633676	0.00471585933241764	0.00614095343141747	0.0058337712005233	0.00481329511385548	0.00645834929177866	0.00450921005636797	0.00314191577442156	0.00514213348933201
72143	50-54	2	0.00946679358198591	0.00765980799055683	0.0104646651336254	0.00695730470507165	0.00734517356528192	0.00627470089152644	0.00491610438483349	0.00491084289975638	0.00614239892567945
72143	55-59	2	0.0117635533104514	0.0130031922506748	0.0131039624064252	0.00958322297268994	0.00960109085179415	0.0106007667363	0.00948983045590144	0.006094311605912	0.00735426014297654
72143	60-64	2	0.0186608660466962	0.0168043658235093	0.0169910844825694	0.0139965897470846	0.01486754790047	0.013785753944416	0.0113928141349618	0.00963663192552121	0.0103681162591419
72143	65-69	2	0.024168110447418	0.0245766155133532	0.0234665890833722	0.0262054212155666	0.0245213227972038	0.0237059669590955	0.0165785566287324	0.0157466516895228	0.0123661808044023
72143	70-74	2	0.0348021176395913	0.0335820559831735	0.0403026581492254	0.0363963287190803	0.0366963430909156	0.0276187766222796	0.0258387567566984	0.0228874925799021	0.0228509345812774
72143	75-79	2	0.042600178923886	0.0556634828162385	0.0617371721107592	0.0576596567573556	0.0448392440142494	0.0392807844125403	0.0405658003011469	0.0376116893773192	0.032037809888339
72143	80-84	2	0.0922855022649762	0.0852252954217363	0.0895734489303394	0.104540869310801	0.0720697493763937	0.0786012271752346	0.0659131375453242	0.0537819016864024	0.0471185253074347
72143	85+	2	0.206927574053313	0.157610550345239	0.158535500404418	0.176351305573506	0.144096228998454	0.14331953484768	0.143041717900408	0.132723786816392	0.104281419163721
72145	0-4	2	0.00337399646247102	0.00327075768142656	0.00402783930051332	0.00300882413628634	0.00247366513196283	0.00261943755230689	0.00203346194017013	0.00215293099785131	0.00200190253398165
72145	5-9	2	0.000227409406305402	0.000243208297088737	0.000229933853280877	0.000245551951585577	0.000212150085870121	0.000177421675165439	0.000173022721308982	0.000153289286773982	0.000161030446607477
72145	10-14	2	0.000294183905376186	0.000311791838684145	0.000308849960643431	0.000305157086116518	0.000243027396569144	0.000232506128624439	0.000216608446896074	0.000183399426787985	0.000193342267700054
72145	15-19	2	0.000999191441569999	0.000968897716589217	0.0010848062134621	0.00118679543807842	0.000905339606350315	0.000735633976369588	0.000700909633606084	0.000629997406991872	0.000618485917967225
72145	20-24	2	0.00195005298836843	0.00199915405902426	0.00219487009017968	0.00264817193050005	0.00223217627115576	0.00200695027366162	0.00183428147303045	0.00140259372868795	0.00156328261175006
72145	25-29	2	0.00287297570027402	0.00228556812080008	0.00336962624329316	0.00274591021593856	0.00263956353812939	0.00292505330283195	0.00225144699516097	0.00166373355256574	0.00279664832266139
72145	30-34	2	0.00251011647595412	0.00292173497349998	0.00504531244581954	0.00362634867068927	0.00310601422920335	0.00321401506239994	0.00240061640992526	0.00243828724635883	0.00310034141672104
72145	35-39	2	0.00385197635345618	0.00421446713366206	0.0049929182344799	0.00490876037518881	0.00344110917796642	0.00311454878500955	0.00299879592261294	0.00208615891180506	0.0033224619694744
72145	40-44	2	0.00460553262104527	0.00642164853586151	0.00543122611123748	0.00471161598921025	0.00548430757584329	0.00346872255772586	0.00288189784069278	0.00355719993843019	0.0054628709545794
72145	45-49	2	0.00665270669724323	0.00735283905000783	0.00580602635203487	0.00857087860216744	0.00590402882111505	0.00621364973325798	0.00632554314142432	0.0045928551149058	0.00573101100178553
72145	50-54	2	0.00873076904249721	0.00815482853825441	0.0108566648487356	0.00957698357607964	0.00729423281940047	0.00866127465184391	0.00621500005055005	0.00581126764022469	0.00561867625034067
72145	55-59	2	0.0118358430837183	0.0131051063747456	0.0127122020688206	0.0129927327285911	0.0103648731238247	0.00998263251415808	0.00796265882782751	0.00772775018187512	0.00970273858848454
72145	60-64	2	0.0181210468954205	0.0208739662058103	0.0195665036504595	0.0181521002571934	0.0175054515953922	0.0134851471780856	0.0117538661107925	0.0119174509929118	0.011248365739037
72145	65-69	2	0.0236006080034537	0.0230766681894474	0.0280771078587984	0.0248317731039853	0.0230203058958623	0.0214351416088468	0.018755517367899	0.0170960612256453	0.0162108025081105
72145	70-74	2	0.0398664376467943	0.0438419786211028	0.043918922804961	0.0425809285212701	0.0338360820449731	0.0290790569505682	0.0276610516082672	0.0254726190138529	0.0241271141352547
72145	75-79	2	0.0516431772050586	0.0510151171009789	0.0588278077463485	0.0589652861141691	0.0622310317260147	0.044320188744136	0.0422743922304402	0.0388849585182413	0.0331513842631378
72145	80-84	2	0.0839656770977921	0.0832305462192195	0.0896934514700921	0.108927220923131	0.0995857649673483	0.0835896472034818	0.070418374935039	0.0657266261679226	0.056157660774703
72145	85+	2	0.182188979894986	0.153688982803929	0.156175912305727	0.157494947399698	0.158476850239593	0.155072946217286	0.126096616097006	0.12495396930942	0.108701023369235
72147	0-4	2	0.0051922035359515	0.0048692219834568	0.00479452478263579	0.0037597729424865	0.00343764375078235	0.00344368323987943	0.00301322957085562	0.00271059161734201	0.00271087701953873
72147	5-9	2	0.000260665851847973	0.000281609881412409	0.000292279447761407	0.000284973542242469	0.000228870002525441	0.000216201687591564	0.000197480411634673	0.000179866696837505	0.000187155890558492
72147	10-14	2	0.000368727249829905	0.000342637484109519	0.000355743499221622	0.000347192903630549	0.000293781363078469	0.000277660237147108	0.000241625228443243	0.000220372780045446	0.00022901160180976
72147	15-19	2	0.00113146863400109	0.00111298546120098	0.00110445849069425	0.00113520795178413	0.00112224301838127	0.000920897338272794	0.00093482900482501	0.000748504714011748	0.000999222600190207
72147	20-24	2	0.00187244571618397	0.00196351754747935	0.0019355914234871	0.00201915725384442	0.00199014355252475	0.00179182280276984	0.00270803845429365	0.00171612396175945	0.00188103563746756
72147	25-29	2	0.00256004679251437	0.00267085381161435	0.00285303195923638	0.00307924189675274	0.00196336552177611	0.00264896608720871	0.00226943416062855	0.00193745409935379	0.00225950193934948
72147	30-34	2	0.00290012955576476	0.00362005814822707	0.0047031281343804	0.00459734846013296	0.00252426388833473	0.00263789064754302	0.00277722192669644	0.00246627576214853	0.00236261335707466
72147	35-39	2	0.00368658192823138	0.00437849412143462	0.00428753086649487	0.00535604101839736	0.00397084751170657	0.00360324308063298	0.00306657399721788	0.00266280221300581	0.00326594568018893
72147	40-44	2	0.00567649310198204	0.00443391531898103	0.00485605389895785	0.00589234295782558	0.00549524743558641	0.00481742575199652	0.004593279789997	0.00401556790007643	0.00413248318905571
72147	45-49	2	0.00924336895497451	0.00670984041221469	0.00670192992894876	0.00643943481594161	0.0062073582588784	0.00539121637545359	0.00513418091875206	0.00590296752233487	0.00539521978372198
72147	50-54	2	0.0092884984014992	0.00869255662873656	0.0103968475712967	0.00917109011208294	0.00908824171919225	0.00828280269399037	0.00683041229145624	0.00685995597437387	0.00686152301670157
72147	55-59	2	0.0137153052284218	0.0161076820433535	0.0151037220717559	0.0149499288370941	0.0121087991558949	0.0117985094216188	0.00946141463463995	0.00989767126311039	0.0114909480740052
72147	60-64	2	0.0209501560126186	0.0195765932148159	0.0229750632523538	0.0212844088706472	0.0181203296289203	0.0211938998671481	0.0130128243464879	0.0139103826352255	0.0137006308756062
72147	65-69	2	0.0288681303661111	0.0290131266190772	0.0257731749551125	0.0397226038179542	0.0283448517510116	0.0173783498125458	0.0238977623319541	0.0234157903275438	0.0230250212295862
72147	70-74	2	0.0484527269651732	0.0471273144855699	0.0400211868601602	0.0485979537484506	0.0305007175726559	0.0310374987359785	0.0279612232689668	0.0280668829656759	0.024782459577796
72147	75-79	2	0.0640599325106274	0.0780154617135971	0.058066396846068	0.060822402582505	0.064358529785643	0.0499936433926235	0.0417194001564843	0.0300799756161879	0.0385592712907666
72147	80-84	2	0.105499926761475	0.112331918654075	0.0995471703603195	0.109186149187678	0.0870232498133262	0.0969382078984749	0.0681616169527267	0.0630553433808225	0.0649249744887165
72147	85+	2	0.219299504488113	0.218088947446438	0.200072196688337	0.168021141900038	0.173904957233431	0.193540924889549	0.138919127403857	0.132801354349088	0.100427209550085
72149	0-4	2	0.00442435578797679	0.00317036824070342	0.0034019269967828	0.00330119273895962	0.00249667104731534	0.00263520031159766	0.00218533942664054	0.00232362591315517	0.00205789255926758
72149	5-9	2	0.000274121370716602	0.000220663714958088	0.000217099686454706	0.000222091079953165	0.00019019382311378	0.000172979836231632	0.000159655996883209	0.000146538966436458	0.000152754061884815
72149	10-14	2	0.000261168240103008	0.000279583526148779	0.00033144724142628	0.000255392309555818	0.000240876628805698	0.00021921761151386	0.000202442799896385	0.000187468341447239	0.000205725355536241
72149	15-19	2	0.000874722552564498	0.00104412734961341	0.000839643905288481	0.000874228719243055	0.000897562519453502	0.000832067704206638	0.000643865502935556	0.000564569161829864	0.00066323878985918
72149	20-24	2	0.0014382343487336	0.00158530474230837	0.00163936129095399	0.00130715104521519	0.00161057961390571	0.00129711334335446	0.00119101218500931	0.00120168996993818	0.00122646664833271
72149	25-29	2	0.00172586587397128	0.00190991626279597	0.00188870093635919	0.00191422746687883	0.00157981024010546	0.00179449270185479	0.00170636177939376	0.00150932498497165	0.00157357753444726
72149	30-34	2	0.00227159452523631	0.00247620589059416	0.0028955040397861	0.00227288891883999	0.0021022100140926	0.00193069185402796	0.00191730342685759	0.00195016862408937	0.00195596020946982
72149	35-39	2	0.00292788553255342	0.0033890415590932	0.00295698670845212	0.00326578308358909	0.00265515215838183	0.00309735807080748	0.00233687070776572	0.00203649636859692	0.00253792589687294
72149	40-44	2	0.00332630045038476	0.00478004684642269	0.0043843824809634	0.00399611712791743	0.00371072143640829	0.00322729840549038	0.00270402202916045	0.00251222870404398	0.00352687565913313
72149	45-49	2	0.00602559302001195	0.00628028650389323	0.00601789488905832	0.00389115460431841	0.00435421760063044	0.00519042148645592	0.00358207322855771	0.00293041311568685	0.00413168811876634
72149	50-54	2	0.0102511828772904	0.0091517557012836	0.00674233254336637	0.00734244836124962	0.00715207113790219	0.00601033738528233	0.00612095611074285	0.00577412623005728	0.00461343499495677
72149	55-59	2	0.0139069353387325	0.0128370311388031	0.0108031015949062	0.00984800675227146	0.00867856068282734	0.00923338571787796	0.00697745582367066	0.00840020919541637	0.00788150871148499
72149	60-64	2	0.0144953660345982	0.020438918863474	0.016553147472449	0.0191075424639193	0.0133497823741649	0.0141207144981941	0.0131472294843621	0.011954136192032	0.0143414140483385
72149	65-69	2	0.0272676956773508	0.0249769172616054	0.024623330254808	0.0236573886221633	0.0204289712141378	0.0199971816123064	0.0207756314410352	0.0167860812567762	0.0178877399079685
72149	70-74	2	0.0403394211312375	0.0438602360745933	0.0491461297215994	0.0413481838991422	0.0312440127247428	0.0285658810086454	0.0329122126893086	0.0238621550081015	0.0269880674407716
72149	75-79	2	0.0556401950980716	0.0568350148303959	0.0639121778860165	0.0480710533236392	0.0450250752173705	0.0451603030245785	0.039735145383668	0.0429808998543076	0.041359483209624
72149	80-84	2	0.0940457798411314	0.123494665143549	0.0966160379700492	0.115392542727258	0.0915538782794735	0.0819601487820778	0.0633078127324265	0.0602993425339543	0.0619625616795848
72149	85+	2	0.2362667578898	0.220372301210221	0.15755478304152	0.154262999901405	0.162248881726791	0.15581204024794	0.136517570112153	0.131339128620949	0.121451115926914
72151	0-4	2	0.00434512888139149	0.00318182600085306	0.00380245355704827	0.00342854753656692	0.00262684483834503	0.00246929595759679	0.00253419530956529	0.00187115706784645	0.00228859713476004
72151	5-9	2	0.000213761451383345	0.000240044769250143	0.00022672128134434	0.000223163633521429	0.000191164565804116	0.000173218100213905	0.000168177216398642	0.000147410084310186	0.000163222478259839
72151	10-14	2	0.000267183707408514	0.000309081926914392	0.000319759916389336	0.000291519633841062	0.000240983654517183	0.000218810316046764	0.0001935323896551	0.000179358994167762	0.000188415090967954
72151	15-19	2	0.000871608622391841	0.00104921366032707	0.000936434621189012	0.00126820312241332	0.00081054596314187	0.000959234354813997	0.000823176719961368	0.000584115991312265	0.000687597456485571
72151	20-24	2	0.00186698301456817	0.00183436702063312	0.00166528375917292	0.00192493399892003	0.00148773684047062	0.00172403375348829	0.00194503786334616	0.00154119105906294	0.00135156197688422
72151	25-29	2	0.00188319725991572	0.00209871869438924	0.00233991379579224	0.00200268422590418	0.00212239197237985	0.00247318858368735	0.00220609979189344	0.00184266762267109	0.00217845572169838
72151	30-34	2	0.00255592852359825	0.00233893359554999	0.00307304797325121	0.00275274407159343	0.00230131204061887	0.00233710076990843	0.00204674792855563	0.00235934603223456	0.00239079317193879
72151	35-39	2	0.00282602925891705	0.00370783345370904	0.00347149073898837	0.00393207680163624	0.00251966801212429	0.0030392081077482	0.00230946428363014	0.00253585151322597	0.00285204231239145
72151	40-44	2	0.00491763101550618	0.00436646028611927	0.00482652322770573	0.00511193337899573	0.00348922685083605	0.00319074878049353	0.00300583534565341	0.00308239824201736	0.00384857392231276
72151	45-49	2	0.00441015404489468	0.0051220140039491	0.00504414616964088	0.00582992029785525	0.00510527891306878	0.00413297200464417	0.00402209328202729	0.00418630661998802	0.00428221832625062
72151	50-54	2	0.0102829915685733	0.0101993562848571	0.00792950809263736	0.0102822846216151	0.00743317315614197	0.00660751200192506	0.00582609250543651	0.00485598715345295	0.00557178474400226
72151	55-59	2	0.0156820701067014	0.0132617001739509	0.00902303738521139	0.0139675821106855	0.0118012536018694	0.00823779221332234	0.00710458525313333	0.00770151715001449	0.00945799865586368
72151	60-64	2	0.0210568897917938	0.0216032594411969	0.0197974302283796	0.0187432785290256	0.0152935168707474	0.0121731415645565	0.010323714887719	0.00943199900542137	0.0114572995037241
72151	65-69	2	0.027105603636375	0.0264983563922054	0.0255494627826697	0.0226460686459042	0.0190671845886331	0.0234690065245488	0.0138665240671342	0.0150682482424219	0.0141670012067933
72151	70-74	2	0.048765777035396	0.0419143047826243	0.0423921822682419	0.0433559031695525	0.0340637025199056	0.0272651116125687	0.0311954005348706	0.0192436259577159	0.0235838310077806
72151	75-79	2	0.0396848502668549	0.0574960413437211	0.0561615464439156	0.0608351272466605	0.0484239111358644	0.050552913644582	0.0397758996509375	0.0386632260015026	0.0378122965343221
72151	80-84	2	0.109543929480032	0.0806691985473382	0.095409743974842	0.0933913559332202	0.0714226472850192	0.0788050975745318	0.0776409114441487	0.0549659608275856	0.0571355914498938
72151	85+	2	0.180782077448924	0.162779937206613	0.153187675462439	0.165195403644141	0.149565915929977	0.130341918625323	0.154462711500914	0.138762267926638	0.140754466118902
72153	0-4	2	0.00466002725187103	0.00484231786699532	0.00412721945747301	0.0039033191424428	0.0036110181536029	0.00330193269637196	0.00286473468635668	0.0021880939822751	0.00291967926913446
72153	5-9	2	0.000211056506503109	0.000225824297339828	0.000255832597151558	0.000219478551259529	0.000208900251103164	0.00018211793500187	0.000168114534941514	0.000180924138599606	0.000163223419828008
72153	10-14	2	0.000288533457895053	0.000335183051554622	0.000276987279204282	0.000297475507992757	0.000283724955614773	0.000227619870536908	0.000212440388317494	0.000197674593615466	0.000197292751844381
72153	15-19	2	0.00090709941079443	0.000889639155538734	0.00097239503979308	0.00105150701627968	0.000693983440452566	0.00103311237788819	0.00074210619864616	0.000580041924007406	0.000617763496637424
72153	20-24	2	0.00153257451793991	0.00159561862150498	0.00159431696337316	0.00151270419247215	0.00202173508049812	0.00181761729579818	0.00172695126583139	0.00120585600255239	0.00142806638836925
72153	25-29	2	0.00188933132476418	0.00226994268290551	0.00227543237329599	0.00225757378533055	0.00219796473149256	0.00225641053320348	0.00189753696348998	0.00173771729671513	0.00191427770155399
72153	30-34	2	0.0021057127464742	0.00336288419941966	0.00397952233268178	0.00267796323061714	0.00203118166040679	0.00214686443978428	0.00199729625274436	0.00178217355617921	0.00212450902329328
72153	35-39	2	0.00299977129020311	0.00348023445576619	0.00290738467049172	0.00273757941398097	0.00330790546081049	0.00267364508122363	0.00251497967043497	0.00259302613564174	0.00226321521964987
72153	40-44	2	0.00434317887711926	0.00543814977346685	0.00480169184931623	0.00465909466868934	0.00325644834916816	0.00398409092104003	0.00254966232311377	0.0028157322703776	0.00344776146031291
72153	45-49	2	0.00484314231922868	0.00515235530916721	0.00562062044653888	0.00627476328243151	0.00520457357213684	0.00490308783655855	0.00413123584028651	0.00375866693603734	0.00461210161796427
72153	50-54	2	0.00908710951335827	0.00796292358529718	0.00667588256388692	0.00920072349372976	0.00774937445165317	0.00783060407896725	0.0062817567350686	0.00649643748554084	0.00686077450504204
72153	55-59	2	0.0125004181007984	0.0103086592935896	0.010947065498393	0.0123736994399756	0.00941828888481381	0.0112112084227146	0.00979944833887629	0.0111356182046149	0.00935972083227136
72153	60-64	2	0.0228570114071649	0.0227965713868229	0.0178127382744179	0.0182738064588275	0.0157389621690625	0.0140844530765474	0.0136001231535638	0.0138419374127509	0.0124149240513681
72153	65-69	2	0.0240287483878457	0.030566628554807	0.0258014663646677	0.0224932613044073	0.0254261269185859	0.0203451693098517	0.0184297982822529	0.0160739763951299	0.0166697348581657
72153	70-74	2	0.044663874245595	0.0493401306115681	0.0425283660388286	0.038369862850951	0.0367012291460945	0.0361601285946618	0.0279777727875016	0.026133163981585	0.022881159683621
72153	75-79	2	0.0606127623369835	0.0587304688521771	0.0560075326235153	0.0567021361272535	0.0508354002924974	0.0444252805197169	0.0465122337092346	0.0350474982389705	0.0440684249369407
72153	80-84	2	0.114260128138723	0.121446207850089	0.110962320188908	0.106957755882229	0.0906125992525509	0.0922024136502358	0.071505762131608	0.0627545117588212	0.0635536407449343
72153	85+	2	0.191056152774757	0.170869946060623	0.160162001895117	0.149026308794968	0.160756492710024	0.155354164105515	0.156022058824643	0.152390425409171	0.140273202397374
630	0-4	0	0.00426768096265309	0.00365937176163536	0.00360054345272988	0.00318049419426105	0.00258163083646922	0.00252193496746102	0.00235275399065212	0.00198259775960244	0.00219803455527779
630	5-9	0	0.000239664637220922	0.000236368774818169	0.000245694821204809	0.000234135990974263	0.00019000587556756	0.000180356018016931	0.000166883310665442	0.000154143742037376	0.00015906426984799
630	10-14	0	0.000308015292819061	0.000307388978142026	0.000318216395480259	0.000306948239629269	0.000244593385351745	0.000224364405958055	0.000202683434121449	0.000185382153949249	0.000193333219995733
630	15-19	0	0.00107715717951085	0.00105111714476222	0.00145220785322047	0.00142721121816831	0.00106296790553599	0.000939362387228308	0.000841683571424114	0.000676047809501464	0.000705954604557466
630	20-24	0	0.00188708804980844	0.00205554889102756	0.00254366508684179	0.00258403642973431	0.00220071891615167	0.00210739857192905	0.00201657407782862	0.00165440873626483	0.00151487773365399
630	25-29	0	0.00234860242278883	0.00279804479452882	0.00336369879826984	0.0028628165255542	0.00244072816847715	0.0024814300275908	0.00232966196793821	0.00200907185190797	0.00206329332928637
630	30-34	0	0.00266322122015442	0.00357739201350194	0.00460841936960358	0.00377704047334521	0.00255302504034598	0.00258023535002301	0.00240906225172081	0.00228326412761437	0.00236984776252111
630	35-39	0	0.00332921325588942	0.00438664910851494	0.00552975940124445	0.00455479938675853	0.00329685114353713	0.00289297370502558	0.00258248844836724	0.0025608729378895	0.00288799844906018
630	40-44	0	0.00414721510820176	0.00500219478080236	0.00606551650433445	0.00557005801867241	0.00406772444078452	0.0036971977789733	0.00314673546944238	0.00309942859858406	0.00368432485582356
630	45-49	0	0.00579029650434165	0.00615338581372205	0.00708317242270266	0.00693994477635277	0.00556712415145502	0.00508078436979112	0.00437612251575669	0.00398699498302584	0.00447658127605139
630	50-54	0	0.00857525968641576	0.00866012319638528	0.00879890518271523	0.00886767360411385	0.00756963298600733	0.00730385415516862	0.0062060769799363	0.00593541010594502	0.00613284089811045
630	55-59	0	0.0122662068112263	0.0126136765772077	0.0121304761102318	0.0120100544587056	0.0106024034182043	0.0100916826764995	0.00923374782920085	0.00852490202517665	0.00868344785005475
630	60-64	0	0.0191448201802971	0.0192575848473983	0.0183192082728341	0.0176536187441875	0.0153583213114542	0.0143690251317351	0.0128167488041142	0.0117801016115265	0.0121485989521129
630	65-69	0	0.0268406022166948	0.0266974931395764	0.0259643686271977	0.0243259223753708	0.0219504804925529	0.0202256456890075	0.0181380225223	0.0167573628429505	0.0166335337072228
630	70-74	0	0.041949676742916	0.0419659090240185	0.0404570777661632	0.0390920587299725	0.0329521108915874	0.0294871746617689	0.0266296490844359	0.0234465901430871	0.0243063006540561
630	75-79	0	0.0567969828311356	0.0596226494133438	0.0563504607305263	0.056937974562839	0.0512868613281367	0.0453119415343983	0.041545737462091	0.0363777236110367	0.0373161503418195
630	80-84	0	0.0957271029474781	0.0914252715253212	0.0928094445035318	0.0940770314961073	0.0799017233590135	0.0744062031666845	0.0683924216050835	0.0588046480814788	0.0582633601974763
630	85+	0	0.173830086921942	0.167323187413164	0.158953610810123	0.159942297723313	0.153332237863811	0.149097986545224	0.141143694682718	0.127928225432986	0.120927641530335
