region,period,sex,e0_observado,e0_estimado,e0_lower,e0_upper,est_eval
Adjuntas,1980-1984,1,72.54189508802463,72.34382113508023,70.9671616641338,73.6540880911544,Estimación adecuada
Adjuntas,1980-1984,2,78.96516925394144,78.93740267875162,77.42636044452178,80.28837967995916,Estimación adecuada
Adjuntas,1985-1989,1,70.84999061728885,71.5631989153285,70.30746033851791,72.56119939924038,Estimación adecuada
Adjuntas,1985-1989,2,78.97855761762072,78.98308930325535,77.62884281714616,80.1806478857656,Estimación adecuada
Adjuntas,1990-1994,1,71.49310954038985,71.49295835440012,70.54140531056012,72.49099378363934,Estimación adecuada
Adjuntas,1990-1994,2,77.88047658335911,78.55926339699624,77.3321170606101,79.72590164730794,Estimación adecuada
Adjuntas,1995-1999,1,71.91080703113897,72.06233605560894,71.11041262194522,73.33879730927183,Estimación adecuada
Adjuntas,1995-1999,2,78.53770419818306,78.70356393893512,77.58659647752184,79.81661653966202,Estimación adecuada
Adjuntas,2000-2004,1,74.0807006063416,73.82632370086061,72.64775454325091,74.72821697010303,Estimación adecuada
Adjuntas,2000-2004,2,79.50851081175084,80.08538940340394,78.6618246389703,81.31237824446968,Estimación adecuada
Adjuntas,2005-2009,1,77.13413877724005,76.06449246894867,74.58822536084654,77.28053168471479,Estimación adecuada
Adjuntas,2005-2009,2,82.23262377887984,82.36428678999832,80.98477220218672,83.55287329574895,Estimación adecuada
Adjuntas,2010-2014,1,78.0170892039493,76.93864999499782,75.88421505582893,78.06923974931331,Estimación adecuada
Adjuntas,2010-2014,2,84.37542750420445,83.5862385290138,82.19739235069565,85.23313978920868,Estimación adecuada
Adjuntas,2015-2019,1,80.07122326396828,79.49307131385534,78.08711492096018,81.05957061604573,Estimación adecuada
Adjuntas,2015-2019,2,84.75780508868199,85.0063703907898,83.37758112042597,87.15046267930866,Estimación adecuada
Adjuntas,2020-2024,1,80.09050176489524,79.04482544632222,78.05996770019289,80.62314784127975,Estimación adecuada
Adjuntas,2020-2024,2,87.03883394524668,86.32737968888742,84.4149324215858,88.00232173613814,Estimación adecuada
Aguada,1980-1984,1,73.2175687853255,73.02589389655657,71.81101409659607,73.95537870884243,Estimación adecuada
Aguada,1980-1984,2,76.66307974738103,77.62456540903224,76.51457800065774,78.94455353437905,Estimación adecuada
Aguada,1985-1989,1,73.21396709192831,72.92089627492413,71.93419994939828,73.76828792625881,Estimación adecuada
Aguada,1985-1989,2,77.70261010174512,77.93880206317652,76.962466814403,78.89302000528616,Estimación adecuada
Aguada,1990-1994,1,73.47166304966473,73.06161009746046,72.2418482799141,74.0893872563866,Estimación adecuada
Aguada,1990-1994,2,79.56472305278581,79.33288263062735,78.23699771355302,80.54598737737874,Estimación adecuada
Aguada,1995-1999,1,72.96139718811193,72.85102055584193,71.82905411577036,73.74771724448135,Estimación adecuada
Aguada,1995-1999,2,78.42598214583917,78.45531868426625,77.56495436403492,79.50656685312107,Estimación adecuada
Aguada,2000-2004,1,75.7731265619719,75.24985596212909,74.3396786746087,76.08473331571635,Estimación adecuada
Aguada,2000-2004,2,80.35987918975404,80.35254478635208,79.64519793268406,81.51145220530707,Estimación adecuada
Aguada,2005-2009,1,77.6139364553716,76.68949018586142,75.73681770706006,77.65469725232768,Estimación adecuada
Aguada,2005-2009,2,81.487501570255,81.41114996538832,80.4500247790028,82.40941572359873,Estimación adecuada
Aguada,2010-2014,1,77.3081065450094,77.04420094842476,76.15705297214981,77.90667781814098,Estimación adecuada
Aguada,2010-2014,2,83.93649978812951,83.4958257034569,82.0771939074985,84.62161893399278,Estimación adecuada
Aguada,2015-2019,1,80.17632385200217,79.18424656848784,78.30956224765475,79.95150443201085,< e0 observado
Aguada,2015-2019,2,84.88514363026218,84.92981068470974,83.80693857993133,85.85651744264385,Estimación adecuada
Aguada,2020-2024,1,78.78968559483442,78.27830062442982,77.36967140190566,79.13998722118754,Estimación adecuada
Aguada,2020-2024,2,83.87729580688905,84.15635037733018,83.0648659223271,85.1618029562506,Estimación adecuada
Aguadilla,1980-1984,1,71.00678071372081,71.07156275846329,70.17601581526853,71.99070665468355,Estimación adecuada
Aguadilla,1980-1984,2,77.48535658677463,77.20512805391289,76.56352345419569,78.24181767020605,Estimación adecuada
Aguadilla,1985-1989,1,70.58561267446154,70.74707179962314,69.78604544361949,71.55599066306033,Estimación adecuada
Aguadilla,1985-1989,2,77.65780206154783,77.46109324444768,76.52676800529522,78.36620335960257,Estimación adecuada
Aguadilla,1990-1994,1,70.88482346377512,70.69252916134968,69.95936949883765,71.56242271629189,Estimación adecuada
Aguadilla,1990-1994,2,77.99785568547416,77.83972550067328,77.23669428687404,78.68062373213223,Estimación adecuada
Aguadilla,1995-1999,1,70.78010378855268,70.7747127838152,70.02519544642547,71.41369404527552,Estimación adecuada
Aguadilla,1995-1999,2,78.16686736979354,78.025105390661,77.27400763975965,78.76876481495329,Estimación adecuada
Aguadilla,2000-2004,1,73.78276571753028,73.19401531113877,72.56337877621326,74.11742205734278,Estimación adecuada
Aguadilla,2000-2004,2,80.45198774138778,79.94375835559805,79.3326968102323,80.7139413775808,Estimación adecuada
Aguadilla,2005-2009,1,74.34368140644376,74.09216203010051,73.39561236272121,75.02067689760105,Estimación adecuada
Aguadilla,2005-2009,2,81.18616231865005,80.83540081277835,80.0928931845369,81.7038787202479,Estimación adecuada
Aguadilla,2010-2014,1,76.10575530196566,75.60860405373327,74.843339713098,76.40888719210267,Estimación adecuada
Aguadilla,2010-2014,2,81.66758711742574,81.48921945110955,80.9354463611453,82.23669757108289,Estimación adecuada
Aguadilla,2015-2019,1,77.5014617746831,77.00892733654536,76.27628644842262,77.94825854529816,Estimación adecuada
Aguadilla,2015-2019,2,82.99395073109925,83.40710667269187,82.52956393900237,84.37655188083511,Estimación adecuada
Aguadilla,2020-2024,1,76.52156602867669,76.4728945492571,75.62603432077442,77.30170203560021,Estimación adecuada
Aguadilla,2020-2024,2,83.20736033493193,83.30895297165713,82.53699863523848,84.02106856190835,Estimación adecuada
Aguas Buenas,1980-1984,1,70.9060601893331,71.39787934323232,70.22967768995878,72.5853345068513,Estimación adecuada
Aguas Buenas,1980-1984,2,79.20230439846388,78.80854140261994,77.62894773511255,80.49667192953046,Estimación adecuada
Aguas Buenas,1985-1989,1,71.73217429810381,72.0122331186768,70.98586587191556,73.16344597561967,Estimación adecuada
Aguas Buenas,1985-1989,2,78.66666240443578,78.79323199369685,77.44785791542037,80.21371924613291,Estimación adecuada
Aguas Buenas,1990-1994,1,71.9040754109389,71.95575414275835,70.88801337545087,73.03218024015405,Estimación adecuada
Aguas Buenas,1990-1994,2,82.01930667891538,80.60893358428811,79.2919904388024,82.51218327715013,Estimación adecuada
Aguas Buenas,1995-1999,1,72.03242058667273,72.05159332568212,71.22012066142659,73.05235515264542,Estimación adecuada
Aguas Buenas,1995-1999,2,79.29741471606215,79.1321297349412,78.12209850564294,80.40454309062393,Estimación adecuada
Aguas Buenas,2000-2004,1,74.50847723417229,74.52259178777294,73.22329940937826,75.40765109120488,Estimación adecuada
Aguas Buenas,2000-2004,2,81.53307661620572,81.41218455722893,80.15914744549369,82.52509926927004,Estimación adecuada
Aguas Buenas,2005-2009,1,74.76751879253902,75.12467843010684,74.07774839605979,76.14229075808746,Estimación adecuada
Aguas Buenas,2005-2009,2,83.74825554704383,83.52793858482347,82.11320398315871,85.24694047386006,Estimación adecuada
Aguas Buenas,2010-2014,1,77.07874986678003,77.56285417592586,76.32205365226216,78.77819474378268,Estimación adecuada
Aguas Buenas,2010-2014,2,83.69043751017024,83.75697921411506,82.4337666951931,85.2024321314448,Estimación adecuada
Aguas Buenas,2015-2019,1,77.12363910638715,78.06173698352842,76.55290248372644,79.1449376529304,Estimación adecuada
Aguas Buenas,2015-2019,2,86.87058779798109,86.10479610510748,84.77608468832548,87.35200888000054,Estimación adecuada
Aguas Buenas,2020-2024,1,77.71291412855061,78.25327146637036,77.18433037367559,79.51155085639331,Estimación adecuada
Aguas Buenas,2020-2024,2,86.01372227536957,85.50275051745757,84.30253439552216,86.79484317493424,Estimación adecuada
Aibonito,1980-1984,1,71.20727896829324,71.62486249996456,70.402230043506,73.03869562255335,Estimación adecuada
Aibonito,1980-1984,2,78.10148160174786,78.36109024159899,77.24825501038873,80.02747541746947,Estimación adecuada
Aibonito,1985-1989,1,70.93804632594708,71.31724609725002,70.19391408545721,72.47930665027415,Estimación adecuada
Aibonito,1985-1989,2,79.48839408130232,79.15705382703294,77.98790933335316,80.52287986521273,Estimación adecuada
Aibonito,1990-1994,1,72.7988506012683,72.47137501888959,71.47074300987553,73.76222719746703,Estimación adecuada
Aibonito,1990-1994,2,79.2040372973333,79.07601899506415,77.91060571684423,80.32714777034153,Estimación adecuada
Aibonito,1995-1999,1,72.77760443633895,72.27807997135324,71.35371309197117,73.46591088498917,Estimación adecuada
Aibonito,1995-1999,2,79.65397963842348,79.47005063473017,78.48890953386508,81.00002001910039,Estimación adecuada
Aibonito,2000-2004,1,74.39460579414155,74.0593569413999,73.080725134409107,75.20990805068183,Estimación adecuada
Aibonito,2000-2004,2,80.67825254541816,80.67492700416058,79.47295691340886,82.04110328018402,Estimación adecuada
Aibonito,2005-2009,1,74.88960349978896,74.94265750352152,73.96945475292546,75.8153978485783,Estimación adecuada
Aibonito,2005-2009,2,81.30587533973025,81.24937021935617,80.2097189406775,82.41309179409359,Estimación adecuada
Aibonito,2010-2014,1,74.15371449624436,75.46618595272705,74.31588600971,76.55386781729041,> e0 observado
Aibonito,2010-2014,2,82.83346667872438,82.87765381321734,81.79719054084515,84.10047099100342,Estimación adecuada
Aibonito,2015-2019,1,77.00855644451337,77.81535327202181,76.74626369468324,78.65087106193405,Estimación adecuada
Aibonito,2015-2019,2,83.92589167839914,84.38048427481766,83.45295377761784,85.50067155759272,Estimación adecuada
Aibonito,2020-2024,1,79.62044145372404,79.26388886083917,77.98456490817557,80.48252323122672,Estimación adecuada
Aibonito,2020-2024,2,85.54801976071055,85.65681952840146,84.10650805220345,87.29877326769463,Estimación adecuada
Anasco,1980-1984,1,72.01460523472085,71.57017666395944,70.76976508941232,72.69310276803024,Estimación adecuada
Anasco,1980-1984,2,76.47877169471658,76.71596366669897,75.5104712978811,77.87543764619348,Estimación adecuada
Anasco,1985-1989,1,71.42888891874672,71.40195874356522,70.22575481688392,72.47478726594753,Estimación adecuada
Anasco,1985-1989,2,76.49626365968555,77.04742390275896,75.98852480547785,78.26964486332231,Estimación adecuada
Anasco,1990-1994,1,70.05228247802772,70.61186380543232,69.36161331502257,71.56371083624289,Estimación adecuada
Anasco,1990-1994,2,77.19464732684078,77.52466531250082,76.54701647576941,78.79737552015384,Estimación adecuada
Anasco,1995-1999,1,71.8503650088804,71.32205766645009,70.17699023562318,72.37185245401864,Estimación adecuada
Anasco,1995-1999,2,77.85360337047756,77.99190616323565,76.96203929853908,78.9347061168912,Estimación adecuada
Anasco,2000-2004,1,74.35938543935956,73.95546068801838,72.85795337488058,74.92439502357553,Estimación adecuada
Anasco,2000-2004,2,80.6361937434096,80.30797115152637,79.17285044720316,81.41025243027224,Estimación adecuada
Anasco,2005-2009,1,76.96481061689505,75.8375781128373,74.82597069119487,76.762118157696,< e0 observado
Anasco,2005-2009,2,82.18483587125668,81.51653232772358,80.17606792671657,82.99120523943338,Estimación adecuada
Anasco,2010-2014,1,76.38264162433823,75.98562210789606,74.98784433706564,76.93979535823175,Estimación adecuada
Anasco,2010-2014,2,83.0792504741019,82.75022196858238,81.62853996011691,84.17313449460124,Estimación adecuada
Anasco,2015-2019,1,78.19758272547156,77.58627191328694,76.70464184085316,78.6326483379835,Estimación adecuada
Anasco,2015-2019,2,85.54315717152748,84.72459097297413,83.32699165523638,86.2499260070417,Estimación adecuada
Anasco,2020-2024,1,77.16064670152906,77.42297224961251,76.38307224952933,78.35494154394974,Estimación adecuada
Anasco,2020-2024,2,83.21756305986028,84.27519610237253,83.23162830361045,85.6728861678632,> e0 observado
Arecibo,1980-1984,1,70.94822313738123,70.90298930826336,70.25592912336211,71.66985319603631,Estimación adecuada
Arecibo,1980-1984,2,77.54900544750468,77.23595055168627,76.48905373610455,78.23607181761597,Estimación adecuada
Arecibo,1985-1989,1,70.27186805457086,70.41632020573465,69.69931667491706,71.08542585733612,Estimación adecuada
Arecibo,1985-1989,2,77.07511338664264,77.12581170426337,76.5983686537748,77.79523858663593,Estimación adecuada
Arecibo,1990-1994,1,70.7566402122555,70.72630636078804,70.13375286322889,71.38933703058373,Estimación adecuada
Arecibo,1990-1994,2,77.82525476262934,77.86276242006065,77.16493583694631,78.45365789448145,Estimación adecuada
Arecibo,1995-1999,1,70.42422951948053,70.44751127793998,69.88477961886417,71.04971964038054,Estimación adecuada
Arecibo,1995-1999,2,77.67805190763367,77.69080490462167,77.25641591234296,78.28210849868668,Estimación adecuada
Arecibo,2000-2004,1,73.58677734329173,73.30696495056957,72.76612219468073,73.73131885268128,Estimación adecuada
Arecibo,2000-2004,2,80.17723082421405,79.87602888697478,79.44451401852265,80.38812190652891,Estimación adecuada
Arecibo,2005-2009,1,73.79746978285581,73.77162536100812,73.1976397050908,74.30340358203892,Estimación adecuada
Arecibo,2005-2009,2,80.99120726198103,80.63555250631154,79.954774582254,81.19550972616052,Estimación adecuada
Arecibo,2010-2014,1,75.7499952369095,75.61169075306876,75.11982094446451,76.3063177474443,Estimación adecuada
Arecibo,2010-2014,2,81.99729917976788,81.6624579288512,81.0888546214193,82.37894232665697,Estimación adecuada
Arecibo,2015-2019,1,77.47760291858165,77.25161299068836,76.60170716178635,78.07362412407697,Estimación adecuada
Arecibo,2015-2019,2,84.62096334942434,84.318226240483,83.61711928589344,84.98678562861164,Estimación adecuada
Arecibo,2020-2024,1,77.03404417797987,76.86529063589434,76.15388539152653,77.59598063151935,Estimación adecuada
Arecibo,2020-2024,2,83.99392652816302,83.77394544771215,83.21342944496848,84.41321880043324,Estimación adecuada
Arroyo,1980-1984,1,69.26197243419952,70.04706443136116,68.8058929173891,71.25664573359003,Estimación adecuada
Arroyo,1980-1984,2,77.70227943996014,77.49735729242454,76.34581066013634,78.59840999124069,Estimación adecuada
Arroyo,1985-1989,1,69.06544938666637,69.56292853021455,68.467353832702,70.57731807817345,Estimación adecuada
Arroyo,1985-1989,2,76.53547803214356,76.64979923769529,75.61877369118656,77.74296493754484,Estimación adecuada
Arroyo,1990-1994,1,69.467701272295,69.75159713419484,68.64989168038761,70.88687192597853,Estimación adecuada
Arroyo,1990-1994,2,79.1638940521351,78.4194662396871,77.07408473722343,79.98121411873805,Estimación adecuada
Arroyo,1995-1999,1,69.35840651861476,70.03163369400285,68.67226998913199,71.04902025733995,Estimación adecuada
Arroyo,1995-1999,2,77.98473955428868,77.6483692458836,76.52235611795942,78.61980689705283,Estimación adecuada
Arroyo,2000-2004,1,72.46263355278661,72.54903460335035,71.50690773696414,73.97014751165906,Estimación adecuada
Arroyo,2000-2004,2,79.49462438506767,79.61294343910828,78.11664400044714,80.67345086332236,Estimación adecuada
Arroyo,2005-2009,1,73.52924324703847,73.66090384975635,72.82951541601216,74.82055528586733,Estimación adecuada
Arroyo,2005-2009,2,81.55925566302211,80.99681565729314,79.76730886989336,82.68992893946836,Estimación adecuada
Arroyo,2010-2014,1,73.74855783813933,74.36048942407888,73.38661803986427,75.4244307208487,Estimación adecuada
Arroyo,2010-2014,2,82.70095569618667,82.25407652395276,80.78321136454514,83.7560451627931,Estimación adecuada
Arroyo,2015-2019,1,74.8566557237882,76.25167036554774,75.12873344557211,77.34973815928203,> e0 observado
Arroyo,2015-2019,2,83.0866067343545,83.39779104273072,81.92191453503386,84.82358986106175,Estimación adecuada
Arroyo,2020-2024,1,77.15040742709186,76.78914039209425,75.22066726446187,78.00494747060677,Estimación adecuada
Arroyo,2020-2024,2,82.07042233229612,83.23381197963835,82.11778572262901,84.80109046424354,> e0 observado
Barceloneta,1980-1984,1,69.54208697130086,70.50266143873863,69.41478160048364,72.08098977085183,Estimación adecuada
Barceloneta,1980-1984,2,77.15945709054438,77.38615125176057,76.15436881564682,78.96116559343152,Estimación adecuada
Barceloneta,1985-1989,1,72.20256138308129,71.89487773430622,70.68754412912568,73.00885139477079,Estimación adecuada
Barceloneta,1985-1989,2,78.86869640220178,78.54265109503305,77.47564934421274,79.85016482829619,Estimación adecuada
Barceloneta,1990-1994,1,71.82801102859922,71.36087886880776,70.09684363315678,72.18190097479399,Estimación adecuada
Barceloneta,1990-1994,2,79.79778456534827,79.58368463141355,78.22345971096397,81.1763669696341,Estimación adecuada
Barceloneta,1995-1999,1,69.62763398284126,70.52363114886137,69.49377045348434,71.84923914428506,Estimación adecuada
Barceloneta,1995-1999,2,78.30155980616671,78.47877643261334,77.29774523120332,79.90929678961962,Estimación adecuada
Barceloneta,2000-2004,1,74.25217285421826,73.61241960838828,72.28719236797001,74.70390510990856,Estimación adecuada
Barceloneta,2000-2004,2,80.98566728548113,80.37243498795755,79.23216563003976,81.24530914606635,Estimación adecuada
Barceloneta,2005-2009,1,75.14771749617947,74.59022564281882,73.6499387657557,76.08232409124038,Estimación adecuada
Barceloneta,2005-2009,2,83.11601404161499,82.6252320706073,81.32939844875452,84.00889343524128,Estimación adecuada
Barceloneta,2010-2014,1,75.38250616989667,75.52909422619715,74.52706800907046,76.66565738351343,Estimación adecuada
Barceloneta,2010-2014,2,83.08358460781069,82.69332447002468,81.56609512065762,83.86170167473313,Estimación adecuada
Barceloneta,2015-2019,1,79.11645760546239,77.86146888489037,76.54895979361979,79.00029262269419,< e0 observado
Barceloneta,2015-2019,2,85.56404930901091,85.01955530062787,83.77493492540457,86.4481938417783,Estimación adecuada
Barceloneta,2020-2024,1,75.82195956003592,75.98090367535846,75.1005526622261,76.97340835307942,Estimación adecuada
Barceloneta,2020-2024,2,84.21378427386206,84.53708416483352,83.41094502793919,85.89611548284833,Estimación adecuada
Barranquitas,1980-1984,1,71.33876197975141,71.56607861938075,70.57018278399019,72.77366265487379,Estimación adecuada
Barranquitas,1980-1984,2,77.30531169649653,77.57139986377067,76.52535383677838,78.93537364386053,Estimación adecuada
Barranquitas,1985-1989,1,71.51414892357278,71.68867898700753,70.42763972709267,72.63845329180437,Estimación adecuada
Barranquitas,1985-1989,2,77.76964050663393,78.05992625155008,77.14237420158827,79.39767725018154,Estimación adecuada
Barranquitas,1990-1994,1,70.61622752203239,71.28303073724112,70.04805646612621,72.20041333341555,Estimación adecuada
Barranquitas,1990-1994,2,80.19038720696513,79.67265031598126,78.43095446872515,81.11425885324908,Estimación adecuada
Barranquitas,1995-1999,1,71.30535167741402,70.91086042426156,70.10543782721442,71.95156612415289,Estimación adecuada
Barranquitas,1995-1999,2,77.36809189145215,78.04057892601708,76.88700023721435,79.07482026322032,Estimación adecuada
Barranquitas,2000-2004,1,73.94139576064687,73.89915851383464,72.62232420548979,75.21774695493913,Estimación adecuada
Barranquitas,2000-2004,2,80.92303201880848,81.19166307730245,79.88587381989788,82.87186773706728,Estimación adecuada
Barranquitas,2005-2009,1,75.7544247310515,75.41570944413344,74.10290450790494,76.43107061683307,Estimación adecuada
Barranquitas,2005-2009,2,83.34321773527964,83.08627050788715,81.5199623232987,84.55805553761158,Estimación adecuada
Barranquitas,2010-2014,1,75.82434696179858,75.66595697754377,74.7693558752903,76.62567164136865,Estimación adecuada
Barranquitas,2010-2014,2,83.19916348644448,83.09329893521203,81.73620412621568,84.38060716241955,Estimación adecuada
Barranquitas,2015-2019,1,78.70088384920705,78.27780299685654,76.98344639646865,79.50258409939838,Estimación adecuada
Barranquitas,2015-2019,2,86.1569793140704,85.84659531123697,84.32774740835836,87.19636336257747,Estimación adecuada
Barranquitas,2020-2024,1,77.70140580259377,77.84883460189565,76.69703933302327,78.75972004966707,Estimación adecuada
Barranquitas,2020-2024,2,85.89659093832063,85.81609227643123,84.59748424722517,87.3268135455351,Estimación adecuada
Bayamon,1980-1984,1,72.04514701418194,71.9697498839695,71.4625876735198,72.42576599982972,Estimación adecuada
Bayamon,1980-1984,2,78.18054324807127,78.00047594267053,77.50911016683375,78.61247051222082,Estimación adecuada
Bayamon,1985-1989,1,71.5983747916107,71.6738957451615,71.14535647331593,72.10461465929156,Estimación adecuada
Bayamon,1985-1989,2,79.53402783138928,79.30436907984398,78.7927515395046,79.61744597598124,Estimación adecuada
Bayamon,1990-1994,1,69.4013098024391,69.62885513833528,69.18664351955084,70.09824370161934,Estimación adecuada
Bayamon,1990-1994,2,79.99809814237119,79.91280233632853,79.33918475125907,80.3818172269329,Estimación adecuada
Bayamon,1995-1999,1,70.77177966925491,70.94592601798126,70.57101318405893,71.35624929203455,Estimación adecuada
Bayamon,1995-1999,2,79.73301230251936,79.67087039215316,79.25756431719003,80.14309972878016,Estimación adecuada
Bayamon,2000-2004,1,73.5738231086305,73.64804242428798,73.24670067559248,74.05839702190333,Estimación adecuada
Bayamon,2000-2004,2,81.70891995330638,81.62867416984898,81.14104482616943,82.17256002215488,Estimación adecuada
Bayamon,2005-2009,1,74.78989094750837,74.84274720109859,74.30970951259906,75.21123419671582,Estimación adecuada
Bayamon,2005-2009,2,82.81400991090649,82.69822044019492,82.12721284773258,83.29461006126303,Estimación adecuada
Bayamon,2010-2014,1,76.39050901350164,76.3302983273237,75.89886720265139,76.89875883129986,Estimación adecuada
Bayamon,2010-2014,2,84.21195413174073,84.01092425027207,83.52276448851214,84.46004504966014,Estimación adecuada
Bayamon,2015-2019,1,77.4241342974101,77.56822559002453,77.0339486456963,77.98344521167984,Estimación adecuada
Bayamon,2015-2019,2,85.53635487807954,85.23083028846918,84.57942938434155,85.88895282672951,Estimación adecuada
Bayamon,2020-2024,1,76.28240347769595,76.25993699508062,75.78941395210921,76.79625805750152,Estimación adecuada
Bayamon,2020-2024,2,85.66531677680673,85.54236897480605,84.94227304937411,86.06682189428625,Estimación adecuada
Cabo Rojo,1980-1984,1,72.39724763936692,72.65731611071784,71.80129924301737,73.36619215164066,Estimación adecuada
Cabo Rojo,1980-1984,2,77.54158683750231,77.42760143773205,76.59047254507436,78.58328210802742,Estimación adecuada
Cabo Rojo,1985-1989,1,73.0487252974488,72.9767925775342,71.99831053404668,73.94432667499142,Estimación adecuada
Cabo Rojo,1985-1989,2,79.23917112625598,78.88549998100041,77.95876924408572,80.01947718709837,Estimación adecuada
Cabo Rojo,1990-1994,1,72.97925410251543,72.73510610431681,71.9071401194729,73.70141770351393,Estimación adecuada
Cabo Rojo,1990-1994,2,80.55409901002385,80.07141677902263,79.127616965807,81.14747399736123,Estimación adecuada
Cabo Rojo,1995-1999,1,72.48815364764029,72.55251707918244,71.6941877786521,73.16128991629071,Estimación adecuada
Cabo Rojo,1995-1999,2,79.89647697006733,79.85894358105054,79.11437142666529,80.49675734596443,Estimación adecuada
Cabo Rojo,2000-2004,1,75.02839226790125,74.89938404469575,73.98722001672971,75.76595310436528,Estimación adecuada
Cabo Rojo,2000-2004,2,82.11872847252751,81.89204161467211,81.04121651947793,82.6653403534277,Estimación adecuada
Cabo Rojo,2005-2009,1,76.84328880547318,76.20970775950711,75.61155993548417,77.03517615082788,Estimación adecuada
Cabo Rojo,2005-2009,2,82.7883495500848,82.45696764992496,81.64607394809673,83.42297580105193,Estimación adecuada
Cabo Rojo,2010-2014,1,75.75368420461353,76.06922832204384,75.4453883899939,76.92205957411659,Estimación adecuada
Cabo Rojo,2010-2014,2,83.42815115673008,83.59190818789735,82.58451003539938,84.78121058362953,Estimación adecuada
Cabo Rojo,2015-2019,1,79.78583423632398,79.45402056745385,78.58559673808143,80.56969200877981,Estimación adecuada
Cabo Rojo,2015-2019,2,84.21493107845924,84.32185165701614,83.57990685878539,85.20122534338076,Estimación adecuada
Cabo Rojo,2020-2024,1,79.36891590464816,79.29241301772883,78.44469481894089,80.16396044714321,Estimación adecuada
Cabo Rojo,2020-2024,2,84.78014352257735,84.54791220903729,83.59327132817958,85.43548403233395,Estimación adecuada
Caguas,1980-1984,1,71.72229204508375,71.76724095530216,71.17427173234437,72.45521626721546,Estimación adecuada
Caguas,1980-1984,2,78.48100883851102,78.29394140484627,77.70621323869685,79.03445170230849,Estimación adecuada
Caguas,1985-1989,1,70.39381171255258,70.45049796673577,69.8989136013843,71.08148040772858,Estimación adecuada
Caguas,1985-1989,2,79.24402800001288,79.05209823880878,78.33688478863598,79.63351434263785,Estimación adecuada
Caguas,1990-1994,1,68.8176451180551,69.08225419288837,68.49615706118061,69.70300572982558,Estimación adecuada
Caguas,1990-1994,2,78.64358444378482,78.53647763446074,77.97762299451526,79.11115399800148,Estimación adecuada
Caguas,1995-1999,1,69.69055735609852,69.97336160925514,69.49527482845562,70.39005462705971,Estimación adecuada
Caguas,1995-1999,2,79.65612948337659,79.47588460485271,78.92099983719405,80.14538942964174,Estimación adecuada
Caguas,2000-2004,1,73.107794927577,73.11363965824928,72.6040002891728,73.77193803132494,Estimación adecuada
Caguas,2000-2004,2,81.16770684291535,80.99836597197566,80.43399966885502,81.61624894965925,Estimación adecuada
Caguas,2005-2009,1,74.70961206827913,74.69716033812747,73.97094182428071,75.14913156069815,Estimación adecuada
Caguas,2005-2009,2,83.1696138038651,82.91965559777006,82.12221375728537,83.70242291111818,Estimación adecuada
Caguas,2010-2014,1,74.58554015299133,74.8320526085736,74.30321223149082,75.37058331775413,Estimación adecuada
Caguas,2010-2014,2,83.90600489563008,83.80105601018073,83.0158788022922,84.56861319574672,Estimación adecuada
Caguas,2015-2019,1,77.12465328076702,77.29381427506455,76.6440758241765,77.89869102258623,Estimación adecuada
Caguas,2015-2019,2,84.81913360231934,84.72670199589041,84.05089779954126,85.43594825464606,Estimación adecuada
Caguas,2020-2024,1,76.29588342135226,76.36400415754994,75.78098596115427,76.891031233537,Estimación adecuada
Caguas,2020-2024,2,84.58890329073994,84.52232636823774,83.93899222809617,85.17934897992333,Estimación adecuada
Camuy,1980-1984,1,72.00953497661486,72.17132219243263,71.18102520092597,73.09697986326155,Estimación adecuada
Camuy,1980-1984,2,79.0481930632779,78.88183699432884,77.65944454160115,80.14467866295445,Estimación adecuada
Camuy,1985-1989,1,73.05563270338816,72.56212137684437,71.53687996232804,73.58215582148327,Estimación adecuada
Camuy,1985-1989,2,79.50251205629577,79.20230507781383,78.02744744604712,80.37169053285638,Estimación adecuada
Camuy,1990-1994,1,72.48592866320423,72.04723899805168,70.83502902759997,72.84002298734873,Estimación adecuada
Camuy,1990-1994,2,78.42074942707245,78.5141680209079,77.35964555554591,79.60841880667388,Estimación adecuada
Camuy,1995-1999,1,72.6730064081168,72.30756271988739,71.45366107270982,73.0635980007064,Estimación adecuada
Camuy,1995-1999,2,81.15887534595899,80.44961331874782,79.44502921742367,81.81192516428746,Estimación adecuada
Camuy,2000-2004,1,75.51776152008142,74.94531361823599,73.92691511572644,75.82093463914933,Estimación adecuada
Camuy,2000-2004,2,81.38049051623702,80.78268956224977,80.05567847768191,81.90548576911789,Estimación adecuada
Camuy,2005-2009,1,76.01134322923592,75.45409250426916,74.65939430189717,76.42074395682971,Estimación adecuada
Camuy,2005-2009,2,83.37764861657536,82.70463610248316,81.84664831719834,84.135887427634,Estimación adecuada
Camuy,2010-2014,1,77.47114401608678,76.4609865497747,75.42677456371209,77.57055534387082,Estimación adecuada
Camuy,2010-2014,2,83.52117698878536,83.14927945327315,82.12449168330059,84.12228068954005,Estimación adecuada
Camuy,2015-2019,1,78.31044325410552,78.02147246259904,77.02284044959978,79.09222038913273,Estimación adecuada
Camuy,2015-2019,2,85.3683244262729,85.02941162921502,83.88781197971511,86.54380141790563,Estimación adecuada
Camuy,2020-2024,1,78.26146309261183,77.73900589506744,76.8882097782968,78.73130757433051,Estimación adecuada
Camuy,2020-2024,2,85.47114665413858,85.45495735541577,84.14640817449657,86.86398015689792,Estimación adecuada
Canovanas,1980-1984,1,73.2999178869587,72.00683025823696,70.86276622165019,73.130383664818,< e0 observado
Canovanas,1980-1984,2,80.06188590433086,78.70000080196121,77.33900610409745,80.2455529116759,Estimación adecuada
Canovanas,1985-1989,1,71.61537365310774,71.48146358695928,70.42664880475036,72.67048608751415,Estimación adecuada
Canovanas,1985-1989,2,78.2476656338885,77.91629528889013,76.4930789104109,79.11272292823296,Estimación adecuada
Canovanas,1990-1994,1,68.47857316458972,69.25754441057438,68.33472673477371,70.0970674147809,Estimación adecuada
Canovanas,1990-1994,2,78.32395417011651,78.11919906250932,77.2529915621247,79.15243484742334,Estimación adecuada
Canovanas,1995-1999,1,67.92417601162161,68.79957431234719,67.92223025788897,69.4709651228203,Estimación adecuada
Canovanas,1995-1999,2,77.19866982997894,77.30885140747642,76.38349762364857,78.24816410245552,Estimación adecuada
Canovanas,2000-2004,1,71.16133588099902,71.91486809452458,71.22035178203919,72.93198595543747,> e0 observado
Canovanas,2000-2004,2,79.89031657445086,79.8422224997799,78.87996050387342,80.9314729146387,Estimación adecuada
Canovanas,2005-2009,1,72.03527888088188,72.88095311972221,71.88885703349548,73.94380103534067,Estimación adecuada
Canovanas,2005-2009,2,82.20274877957495,81.76975666376755,80.55604030332492,82.80027129643379,Estimación adecuada
Canovanas,2010-2014,1,73.73163177655941,74.41218468120499,73.56478584653476,75.42661508810806,Estimación adecuada
Canovanas,2010-2014,2,82.38500533806449,81.9707241081341,80.84822140619468,83.04205867634633,Estimación adecuada
Canovanas,2015-2019,1,76.47578865798283,76.80186123895191,75.89016597075653,77.81374471224484,Estimación adecuada
Canovanas,2015-2019,2,83.4705410867674,83.27735131593636,82.13372646279424,84.53257687966496,Estimación adecuada
Canovanas,2020-2024,1,75.27011547141527,75.5371479485544,74.73486136167467,76.44159911293221,Estimación adecuada
Canovanas,2020-2024,2,84.62181844092844,84.12483346682018,82.91879578790545,85.02616156905856,Estimación adecuada
Carolina,1980-1984,1,72.6794571065647,72.70619116238339,71.99071744035184,73.36584704279952,Estimación adecuada
Carolina,1980-1984,2,80.00245669766524,79.60785863950426,78.94326455380894,80.3791359215745,Estimación adecuada
Carolina,1985-1989,1,71.45905207579524,71.59664165120455,70.92587129082789,72.0721474816375,Estimación adecuada
Carolina,1985-1989,2,79.99533355118935,79.80109963017527,79.16983522222156,80.32330945453018,Estimación adecuada
Carolina,1990-1994,1,69.88961527032848,70.1519617373472,69.64868320473592,70.66700488085533,Estimación adecuada
Carolina,1990-1994,2,79.19273965392165,79.27836603590785,78.7024146756938,79.7681022981696,Estimación adecuada
Carolina,1995-1999,1,70.60394767924991,70.86150179342883,70.2718320550221,71.35518166577073,Estimación adecuada
Carolina,1995-1999,2,80.17066355341139,80.0025549769098,79.48106232726803,80.4248873335379,Estimación adecuada
Carolina,2000-2004,1,73.93076115352547,74.03629893849869,73.48151911733899,74.58400272347112,Estimación adecuada
Carolina,2000-2004,2,81.94990115891812,81.73713050945975,81.16536414741142,82.24525562161043,Estimación adecuada
Carolina,2005-2009,1,74.82294831043073,74.9671197459158,74.4291551396017,75.44062602047332,Estimación adecuada
Carolina,2005-2009,2,82.93347404417227,82.82262391518728,82.20242856116079,83.32819069587396,Estimación adecuada
Carolina,2010-2014,1,75.7216623224996,76.00514903155786,75.44875636187356,76.53471399163672,Estimación adecuada
Carolina,2010-2014,2,84.32702876051525,84.16370029006254,83.62215766453653,84.78569725507717,Estimación adecuada
Carolina,2015-2019,1,78.16150181754098,78.13351675877323,77.438547617474,78.77059614731914,Estimación adecuada
Carolina,2015-2019,2,86.31301087441426,86.1302729870138,85.41143941020124,86.71457661203507,Estimación adecuada
Carolina,2020-2024,1,78.61601699181084,78.56215872366639,77.81883014178473,79.32937648374738,Estimación adecuada
Carolina,2020-2024,2,85.92480146843513,85.66269012293475,85.06276532577928,86.22006483910667,Estimación adecuada
Catano,1980-1984,1,64.71158204088911,66.19550500456901,65.00279296498024,67.00881136856125,> e0 observado
Catano,1980-1984,2,75.60330232750007,75.27593503569207,74.05307198544419,76.77669615441741,Estimación adecuada
Catano,1985-1989,1,65.74843366392102,67.04502645442605,65.77448777572485,67.87320481691162,> e0 observado
Catano,1985-1989,2,78.65957711284251,77.34190517633539,76.15974068545037,78.72371005869103,Estimación adecuada
Catano,1990-1994,1,63.551421617424765,65.27198896782616,64.08408948813214,66.33697777060813,> e0 observado
Catano,1990-1994,2,77.73013012436986,77.23905556401198,76.19122739672063,78.33542332704172,Estimación adecuada
Catano,1995-1999,1,64.95894376240564,66.32586587863258,65.1497005597618,67.5629296482628,> e0 observado
Catano,1995-1999,2,77.8017354936669,77.49039961360077,76.4071864219188,78.60749351935962,Estimación adecuada
Catano,2000-2004,1,69.54736006919788,70.2080625851099,69.3670331069462,71.36816635194039,Estimación adecuada
Catano,2000-2004,2,80.2420833723342,79.25434310846123,78.29157566963598,80.32629040958497,Estimación adecuada
Catano,2005-2009,1,70.0088463290445,71.21022894728064,69.94661948956588,72.31848202293365,Estimación adecuada
Catano,2005-2009,2,82.4846061988492,81.63251996034062,80.38989632709122,83.06376715259546,Estimación adecuada
Catano,2010-2014,1,73.04054164065786,73.34194013169335,72.27638517383213,74.37059108127369,Estimación adecuada
Catano,2010-2014,2,85.05347927327067,83.15454187996966,81.82362652980082,84.38795482744419,< e0 observado
Catano,2015-2019,1,73.65254048968006,74.66619138729881,73.5806672833609,75.99454679713853,Estimación adecuada
Catano,2015-2019,2,86.94579083490224,85.3819710789382,83.62912899182427,87.76002636280722,Estimación adecuada
Catano,2020-2024,1,73.01737041087927,74.17846236411327,72.53583851362694,75.16726638726792,Estimación adecuada
Catano,2020-2024,2,86.0684794743231,84.66677737894528,83.3984308906478,86.74158984475336,Estimación adecuada
Cayey,1980-1984,1,71.32064492875627,71.24896723402273,70.3579395547056,72.02082927790181,Estimación adecuada
Cayey,1980-1984,2,76.88437352747384,77.06920274805901,76.10374978073366,78.2277233930446,Estimación adecuada
Cayey,1985-1989,1,69.35200072016079,69.90359670178917,69.04149564973352,70.8433235417285,Estimación adecuada
Cayey,1985-1989,2,78.24162311103663,78.106597016483,77.21850489797947,79.20627004590258,Estimación adecuada
Cayey,1990-1994,1,69.27521430891126,69.91756888302734,69.01309306980647,70.68830431794818,Estimación adecuada
Cayey,1990-1994,2,78.16553833033852,78.24855693703863,77.62559118130494,79.06755145974915,Estimación adecuada
Cayey,1995-1999,1,70.01299547508536,70.49671601147578,69.66866166108454,71.12649840742031,Estimación adecuada
Cayey,1995-1999,2,78.87259018768239,79.02528869436874,78.06805258454787,79.72356423486534,Estimación adecuada
Cayey,2000-2004,1,73.68749999421473,73.58034514282616,72.89883002030149,74.5791837970352,Estimación adecuada
Cayey,2000-2004,2,81.22226473989993,80.54574574959767,79.56527933569791,81.48192855456499,Estimación adecuada
Cayey,2005-2009,1,73.99614368964569,74.55869108570562,73.68252306776517,75.4172363442199,Estimación adecuada
Cayey,2005-2009,2,82.1533699228688,81.80991733494062,80.78572262551592,82.64569056798211,Estimación adecuada
Cayey,2010-2014,1,75.00610378038506,75.59197917137178,74.67873102027829,76.43518335195934,Estimación adecuada
Cayey,2010-2014,2,83.73637939950336,83.33697704351161,82.3515240583536,84.39959739832264,Estimación adecuada
Cayey,2015-2019,1,78.54670044615935,78.41788845281607,77.59791572198031,79.2955856761939,Estimación adecuada
Cayey,2015-2019,2,85.74693279734878,85.14154296680799,84.28749309441929,86.20384906912662,Estimación adecuada
Cayey,2020-2024,1,79.40962956727441,79.49472690146514,78.3229487824947,80.6426786569826,Estimación adecuada
Cayey,2020-2024,2,87.6006348574498,87.05598268522408,85.71308976555815,88.21469112652866,Estimación adecuada
Ceiba,1980-1984,1,72.14585176157938,71.57667581622766,70.34692561024741,72.77469230638701,Estimación adecuada
Ceiba,1980-1984,2,78.61104372786001,77.95681959722629,76.34255661747181,79.47501229397889,Estimación adecuada
Ceiba,1985-1989,1,70.6198183166503,70.72455313054903,69.61909982870279,72.10950211871976,Estimación adecuada
Ceiba,1985-1989,2,79.13415807152825,78.41126906237739,76.78917072980387,79.63428667224048,Estimación adecuada
Ceiba,1990-1994,1,71.00935671117365,70.73850565974772,69.41255655054256,72.11770227033199,Estimación adecuada
Ceiba,1990-1994,2,79.17042900270538,78.66775490823528,77.31653036192512,80.5952259589609,Estimación adecuada
Ceiba,1995-1999,1,72.51721647517238,71.5585420836261,70.49231728572279,72.7230081909152,Estimación adecuada
Ceiba,1995-1999,2,78.14728081414309,78.46810720290263,77.21244984365097,79.92509517421468,Estimación adecuada
Ceiba,2000-2004,1,74.86667065353893,73.57013925709617,72.26080221283442,74.98533143980609,Estimación adecuada
Ceiba,2000-2004,2,80.68427804057518,80.70816215797606,79.01126668204213,82.50070408746642,Estimación adecuada
Ceiba,2005-2009,1,76.12252834869311,74.66271885986282,73.5495583668917,76.006706550999,< e0 observado
Ceiba,2005-2009,2,82.7966883833198,82.30510723325713,80.63050351184022,83.96675191833202,Estimación adecuada
Ceiba,2010-2014,1,75.46412666889606,76.22830202186387,75.17915457290229,77.75375057251571,Estimación adecuada
Ceiba,2010-2014,2,81.41353267344712,82.27754897128551,81.02444854689446,84.53984307018825,Estimación adecuada
Ceiba,2015-2019,1,78.54557923356414,78.0325389870909,76.33713580431751,79.61932096848443,Estimación adecuada
Ceiba,2015-2019,2,86.20789836529356,85.73152036503694,83.92504230652887,88.14178158626927,Estimación adecuada
Ceiba,2020-2024,1,72.26101326760208,76.02945924026974,74.76106123958046,77.2572845159478,> e0 observado
Ceiba,2020-2024,2,81.87366447467527,84.13779719747166,81.95426385828551,85.81348477457136,> e0 observado
Ciales,1980-1984,1,73.3601690081269,72.72617557382222,71.37702417754765,74.25581360681657,Estimación adecuada
Ciales,1980-1984,2,79.08450788252533,78.77836833783431,77.62702690031841,80.21929645308569,Estimación adecuada
Ciales,1985-1989,1,73.80385799895002,73.1196703818028,71.57853346126728,74.1288999671404,Estimación adecuada
Ciales,1985-1989,2,79.25761748100682,79.1571929322002,77.74431137616219,80.71981245871385,Estimación adecuada
Ciales,1990-1994,1,72.25274862856378,71.99980305697947,70.99910236935492,73.10574029977118,Estimación adecuada
Ciales,1990-1994,2,79.82543814746265,79.62656368886942,78.1066016058551,80.97276687712059,Estimación adecuada
Ciales,1995-1999,1,71.42663286324974,71.74966887141436,70.64616756389933,72.90525202250471,Estimación adecuada
Ciales,1995-1999,2,79.238381112831,79.59732906902539,78.06882331215392,81.33543908865592,Estimación adecuada
Ciales,2000-2004,1,72.8877247015535,73.68538301229526,72.71211367163721,74.6523879482126,Estimación adecuada
Ciales,2000-2004,2,80.83769687356553,81.20458937204782,79.94326843619146,82.45207456453507,Estimación adecuada
Ciales,2005-2009,1,74.52536084511352,75.1083840455562,73.71181619118677,76.49269681741124,Estimación adecuada
Ciales,2005-2009,2,82.13836581268944,82.3875218700561,80.89570606264775,83.87894834557797,Estimación adecuada
Ciales,2010-2014,1,75.83944224399347,76.60565781679905,75.43533400538274,77.56385266097001,Estimación adecuada
Ciales,2010-2014,2,83.18525319463721,83.39313754760684,82.21589749989721,85.30656995939265,Estimación adecuada
Ciales,2015-2019,1,80.35963140996523,79.02137473594058,77.61067889914784,80.31778447061004,< e0 observado
Ciales,2015-2019,2,85.16754149388572,85.74380491544574,84.01994925028313,87.85475837579031,Estimación adecuada
Ciales,2020-2024,1,78.0952139934909,78.1596558393042,76.8910893625983,79.12248070204606,Estimación adecuada
Ciales,2020-2024,2,83.7838176468441,84.29165936550393,82.8156771774739,85.8709762074215,Estimación adecuada
Cidra,1980-1984,1,72.92625993210298,73.24898958306224,72.05387536069284,74.32289339487232,Estimación adecuada
Cidra,1980-1984,2,80.25294604658151,79.86191275168513,78.71613827635585,81.69999713116081,Estimación adecuada
Cidra,1985-1989,1,72.65671880748917,72.74562787502222,71.74051215614367,73.89557300729305,Estimación adecuada
Cidra,1985-1989,2,79.2640060129605,79.40317741452,78.05760579919374,80.55262656793607,Estimación adecuada
Cidra,1990-1994,1,74.59270123853278,73.93501845137905,72.721427386971925,75.17617698644204,Estimación adecuada
Cidra,1990-1994,2,79.58259869878654,79.44228534485248,78.41934777501046,80.324629871817,Estimación adecuada
Cidra,1995-1999,1,74.21713653214772,73.76618333210743,72.9261675768866,74.59621189103719,Estimación adecuada
Cidra,1995-1999,2,80.46720179098129,80.75024794931079,79.81950923135899,81.82914607411072,Estimación adecuada
Cidra,2000-2004,1,76.1648075054388,75.70043318015323,75.02861233973758,76.8603152566121,Estimación adecuada
Cidra,2000-2004,2,83.06880741955162,82.65077049259241,81.65159497691076,83.60376104316512,Estimación adecuada
Cidra,2005-2009,1,76.2488157847596,76.2625661540465,75.29284277996427,77.09588974149173,Estimación adecuada
Cidra,2005-2009,2,83.29450873472624,83.22949340981806,82.13423423316274,84.70529373314073,Estimación adecuada
Cidra,2010-2014,1,77.33131059096634,77.56374014699564,76.61446781123419,78.5935288948568,Estimación adecuada
Cidra,2010-2014,2,83.46470181390174,83.24114578787767,82.27056817603084,84.51002049375724,Estimación adecuada
Cidra,2015-2019,1,78.97458456608396,79.31590241173663,78.25875675043893,80.41205622806615,Estimación adecuada
Cidra,2015-2019,2,84.69043178604441,84.97387705825915,83.8868098358079,86.06290353426014,Estimación adecuada
Cidra,2020-2024,1,79.7427353948676,79.5412184601476,78.30167953700689,80.65185091618935,Estimación adecuada
Cidra,2020-2024,2,85.33702768748,85.18805231960508,84.18975509691549,86.26382838238946,Estimación adecuada
Coamo,1980-1984,1,71.83261143264684,71.96646837374635,70.9928046875758,73.04607921003802,Estimación adecuada
Coamo,1980-1984,2,77.96592585526496,78.31592292986821,77.03952344089053,79.9187234638051,Estimación adecuada
Coamo,1985-1989,1,71.23431252697634,71.36304833236746,70.42571711168704,72.34203160946947,Estimación adecuada
Coamo,1985-1989,2,77.61875344002883,77.90949932914617,76.73796799771661,78.92173276169939,Estimación adecuada
Coamo,1990-1994,1,71.15206342123702,71.26276181973623,70.03263702985618,72.13226722913711,Estimación adecuada
Coamo,1990-1994,2,79.52007940092251,79.33573908182518,78.19819709058098,80.41800833577096,Estimación adecuada
Coamo,1995-1999,1,71.1960753395491,71.40151239306161,70.35977989034355,72.36933174366209,Estimación adecuada
Coamo,1995-1999,2,78.423903843953,78.57284841513882,77.66541682682649,79.62968903573177,Estimación adecuada
Coamo,2000-2004,1,73.24248106281058,73.34452748637656,72.44122849909826,74.19526456866137,Estimación adecuada
Coamo,2000-2004,2,81.2524184753369,80.9570365465218,79.9186555390836,82.2276021782854,Estimación adecuada
Coamo,2005-2009,1,76.67061680312946,75.73268484238366,74.8239942680041,76.69304061995891,Estimación adecuada
Coamo,2005-2009,2,82.50443120167047,82.0264113297817,81.13028921348482,83.27343541301417,Estimación adecuada
Coamo,2010-2014,1,76.08519397019607,75.9241198656929,75.03055507091364,76.86265366402253,Estimación adecuada
Coamo,2010-2014,2,82.76456200780567,82.48993081757237,81.09748414928512,83.60450861886989,Estimación adecuada
Coamo,2015-2019,1,76.3555860235564,76.72272827915994,75.73260979996488,77.63380314294176,Estimación adecuada
Coamo,2015-2019,2,84.32302802936533,84.38070267699224,83.23911813318585,85.75158384955662,Estimación adecuada
Coamo,2020-2024,1,78.73457128285159,78.11587847311493,77.0520715381279,78.97415625880265,Estimación adecuada
Coamo,2020-2024,2,85.32320664794793,85.08179939866957,83.96377921973823,86.61248103199395,Estimación adecuada
Comerio,1980-1984,1,72.39160599187598,72.14317316150662,71.18053178469262,73.37081486682979,Estimación adecuada
Comerio,1980-1984,2,80.50714392154065,79.12608091159032,77.72648290521917,80.8826802259344,Estimación adecuada
Comerio,1985-1989,1,72.46599051488649,72.1475186064154,70.85257032062111,73.29190685801845,Estimación adecuada
Comerio,1985-1989,2,79.35372018267553,79.02865531084021,77.85477717361833,80.66390944445591,Estimación adecuada
Comerio,1990-1994,1,72.63261964951914,72.02819162542102,70.90551543515619,72.97819234435141,Estimación adecuada
Comerio,1990-1994,2,78.0865724889923,78.51757791983943,77.15400601745131,79.69894130454347,Estimación adecuada
Comerio,1995-1999,1,71.13227286201818,71.45126634687037,70.02072984347829,72.61749730906496,Estimación adecuada
Comerio,1995-1999,2,78.32248610899435,78.42155317151742,77.2860836926128,79.81082970661348,Estimación adecuada
Comerio,2000-2004,1,73.74046365047266,73.71101746419697,72.34045922420735,74.87179613346026,Estimación adecuada
Comerio,2000-2004,2,80.19913305806267,80.45928342623023,79.21182920858203,81.5214439394288,Estimación adecuada
Comerio,2005-2009,1,75.30350166697882,74.92111422005777,73.47145431801815,75.89260425266102,Estimación adecuada
Comerio,2005-2009,2,81.75843965388886,81.5691634353603,80.59344175848264,82.87156047425276,Estimación adecuada
Comerio,2010-2014,1,77.88992392393747,76.8373342907581,75.71624054593893,78.11691081071966,Estimación adecuada
Comerio,2010-2014,2,83.20589003283447,82.95754593639693,81.2834025621799,84.46406327181074,Estimación adecuada
Comerio,2015-2019,1,76.11616223403381,76.78706642096029,75.60794535325687,77.92408877503146,Estimación adecuada
Comerio,2015-2019,2,84.47935763504815,84.28944183298327,83.12514949399502,85.95768833608369,Estimación adecuada
Comerio,2020-2024,1,75.23982921549162,76.14959737776127,74.89590356452364,77.54454752211333,Estimación adecuada
Comerio,2020-2024,2,83.75928924043123,83.80839128771873,82.70759162333368,85.18986960317685,Estimación adecuada
Corozal,1980-1984,1,72.8434269620364,72.6291596957594,71.45369354881868,73.7303980855998,Estimación adecuada
Corozal,1980-1984,2,78.49552695365927,78.36609014860841,77.11861414291465,79.49767168986207,Estimación adecuada
Corozal,1985-1989,1,74.16679537755694,73.19680956750818,72.13113880105071,74.31145981467073,Estimación adecuada
Corozal,1985-1989,2,78.31409571064404,78.21402876562352,77.24399337883925,79.28297195040183,Estimación adecuada
Corozal,1990-1994,1,71.27571092432538,71.59996685492766,70.46336956120206,72.40779965268163,Estimación adecuada
Corozal,1990-1994,2,78.71157989908842,78.83455430794092,77.74530382552658,79.76610635792512,Estimación adecuada
Corozal,1995-1999,1,71.90053240132126,72.15884893852333,71.40594341303803,73.2475895647547,Estimación adecuada
Corozal,1995-1999,2,81.05061971042039,80.21299142812262,79.462457582009,81.29503931138538,Estimación adecuada
Corozal,2000-2004,1,75.40121472632262,75.01857107681778,73.97238638056521,76.10496518842255,Estimación adecuada
Corozal,2000-2004,2,82.32727029969571,82.14187780518998,80.83826330951769,83.449210111451535,Estimación adecuada
Corozal,2005-2009,1,75.29676896497347,75.51153103219553,74.25997270738245,76.38455987299888,Estimación adecuada
Corozal,2005-2009,2,81.7668888989548,81.65067962121168,80.67353232403502,82.75937395087001,Estimación adecuada
Corozal,2010-2014,1,76.61800376671373,76.78292567658758,75.69933487041277,77.50713468844162,Estimación adecuada
Corozal,2010-2014,2,83.99620064198638,83.86018503021965,82.70192169265664,84.84765697485332,Estimación adecuada
Corozal,2015-2019,1,78.84838673591865,78.27570458340887,77.19149437572209,79.60446486217775,Estimación adecuada
Corozal,2015-2019,2,84.36621340480359,84.72792015373363,83.68622819953325,85.99281950866067,Estimación adecuada
Corozal,2020-2024,1,76.44862204173214,77.31884363108749,76.2369596661378,78.58018690951394,Estimación adecuada
Corozal,2020-2024,2,85.0591201159125,85.49022683744067,84.3734606854303,86.48304903825715,Estimación adecuada
Culebra,1980-1984,1,94.69722323815856,73.53631193157241,71.19219792510415,75.56854675040456,< e0 observado
Culebra,1980-1984,2,77.11141651027592,80.73852910814958,77.71834157543519,85.30227764220521,> e0 observado
Culebra,1985-1989,1,76.63588305134152,73.0166568495938,70.81492127131797,75.05078065725192,< e0 observado
Culebra,1985-1989,2,84.99417166658453,80.66862829855548,78.21062368371534,83.16878657758255,< e0 observado
Culebra,1990-1994,1,75.23127689590049,72.35854571402672,70.87280556432322,74.48041087351945,< e0 observado
Culebra,1990-1994,2,82.2361338517014,80.37141461257269,78.55087033211245,83.43261560331278,Estimación adecuada
Culebra,1995-1999,1,72.53390965878926,72.76869061780144,70.92960847419155,75.02302718332449,Estimación adecuada
Culebra,1995-1999,2,82.74787501668122,81.7618040655604,78.0419491044594,87.83873003893314,Estimación adecuada
Culebra,2000-2004,1,83.74648606676807,75.51788363016415,73.86560645548505,77.18264029121559,< e0 observado
Culebra,2000-2004,2,81.63132549875367,83.03086274833962,80.944468436075,85.52833713051008,Estimación adecuada
Culebra,2005-2009,1,79.35518350612848,76.02709434408577,74.65645630483394,77.9050936419925,< e0 observado
Culebra,2005-2009,2,87.82645600917449,84.11298333701183,81.7005088776665,87.56536752461184,< e0 observado
Culebra,2010-2014,1,73.27486001063872,77.17238954238036,75.21584930235588,79.72956576015395,> e0 observado
Culebra,2010-2014,2,84.63331186955911,85.06707343318587,82.67257521180355,89.06805590464378,Estimación adecuada
Culebra,2015-2019,1,73.7782353124013,78.1778713410515,76.21658652872088,80.73222010147879,> e0 observado
Culebra,2015-2019,2,82.80860574041759,85.93275764469496,83.50548228451373,89.59323438989217,> e0 observado
Culebra,2020-2024,1,71.17558414919206,77.57246379346596,75.8603792687737,80.18228998488587,> e0 observado
Culebra,2020-2024,2,81.75048505604273,85.10812052338704,83.01137574909407,88.89261117671971,> e0 observado
Dorado,1980-1984,1,73.06768394242143,72.7977541227347,71.69373016496084,74.37290107567608,Estimación adecuada
Dorado,1980-1984,2,79.57134292897321,79.30034296400436,78.14100252865855,80.82394165080052,Estimación adecuada
Dorado,1985-1989,1,70.98138714935332,71.13188773410582,70.23687749508184,72.09969923425828,Estimación adecuada
Dorado,1985-1989,2,79.66708794032925,79.15097505580371,78.0531075701391,80.76066552025686,Estimación adecuada
Dorado,1990-1994,1,70.60163270459446,71.00195998950286,70.1527657373496,71.9587560040247,Estimación adecuada
Dorado,1990-1994,2,79.66123740902555,79.42342486369091,78.36148387276583,80.34588706012272,Estimación adecuada
Dorado,1995-1999,1,71.14661901491276,71.5611188785996,70.43049405611788,72.6390510762021,Estimación adecuada
Dorado,1995-1999,2,79.34231212268777,79.44154610340397,78.49567055086641,80.74107486676624,Estimación adecuada
Dorado,2000-2004,1,72.80125816712727,73.24796044066032,72.23443838363032,74.21431022806979,Estimación adecuada
Dorado,2000-2004,2,80.51547250678337,80.24931880116435,79.39632036727971,81.08430231426297,Estimación adecuada
Dorado,2005-2009,1,74.74216888739862,74.9963178938618,74.03795715664849,76.05269468278888,Estimación adecuada
Dorado,2005-2009,2,81.55921742419945,81.46676843822513,80.60273970179198,82.6652368707704,Estimación adecuada
Dorado,2010-2014,1,77.3972526095473,77.29766045147434,76.41889342868201,78.85288952982486,Estimación adecuada
Dorado,2010-2014,2,83.78650120499329,83.42808813966423,82.34810103156568,85.01896553368832,Estimación adecuada
Dorado,2015-2019,1,79.05317477178703,78.58727118200316,77.40790518717404,79.59115154571143,Estimación adecuada
Dorado,2015-2019,2,85.0361331038058,85.05701450342025,83.85467031076257,86.55845233401311,Estimación adecuada
Dorado,2020-2024,1,77.54648054972814,77.82803993582083,76.89440043568963,78.79974548066176,Estimación adecuada
Dorado,2020-2024,2,87.81728727976584,86.65854866679902,85.43878321641824,88.06241358843843,Estimación adecuada
Fajardo,1980-1984,1,70.97992961345321,70.37694109955038,69.72892571242413,71.23318415590678,Estimación adecuada
Fajardo,1980-1984,2,77.4034006461853,76.87987044786635,75.66647479233293,77.78824686916256,Estimación adecuada
Fajardo,1985-1989,1,71.1887876704971,70.8574858811518,69.83462798308565,71.87545343371389,Estimación adecuada
Fajardo,1985-1989,2,77.37337374894558,77.12906106945803,76.2054076387681,78.16276764634779,Estimación adecuada
Fajardo,1990-1994,1,68.18099629812696,68.65077879369042,67.73237079488416,69.55991219795516,Estimación adecuada
Fajardo,1990-1994,2,78.11474876521702,77.80075730823506,77.02719022842855,79.16217484700874,Estimación adecuada
Fajardo,1995-1999,1,69.86154006659808,70.10275929786165,69.21941413991314,70.91539690343971,Estimación adecuada
Fajardo,1995-1999,2,78.82934233659792,78.56327778800804,77.3305679939955,79.39352571820142,Estimación adecuada
Fajardo,2000-2004,1,71.85134936418909,72.0566502497291,71.21347992181748,73.02058137497548,Estimación adecuada
Fajardo,2000-2004,2,80.31491904964011,79.88862003446972,78.97899392233651,80.54978153919922,Estimación adecuada
Fajardo,2005-2009,1,72.01498955956528,72.64465361774133,71.60917309481022,73.60439173754125,Estimación adecuada
Fajardo,2005-2009,2,80.42579698255476,80.24058632005807,79.28523517708626,81.22326972516714,Estimación adecuada
Fajardo,2010-2014,1,73.1648079564502,74.10125966582446,73.15316640839413,75.20299575240202,Estimación adecuada
Fajardo,2010-2014,2,81.74247222384632,81.37808427755161,80.4419533596162,82.25399222667299,Estimación adecuada
Fajardo,2015-2019,1,76.15087862256587,76.66772448492841,75.39460056626743,77.54983046478887,Estimación adecuada
Fajardo,2015-2019,2,83.7123556023456,83.83414067329673,82.67830479912725,84.91496677692109,Estimación adecuada
Fajardo,2020-2024,1,74.31868957649468,74.97595701888454,73.93795498354652,75.95634516237047,Estimación adecuada
Fajardo,2020-2024,2,83.33111283123691,83.4393852502307,82.64620587051596,84.67868497349411,Estimación adecuada
Florida,1980-1984,1,71.06938753374574,71.2212711498795,69.8919544671691,72.73503997232955,Estimación adecuada
Florida,1980-1984,2,79.21775098528943,78.32640856476047,76.39768425934952,79.96715308657727,Estimación adecuada
Florida,1985-1989,1,70.64603223425698,70.74107587077226,69.62408713592583,72.1078045511378,Estimación adecuada
Florida,1985-1989,2,74.85144353276169,77.06369611384525,75.51097521729608,78.44676649307499,> e0 observado
Florida,1990-1994,1,70.01533527514864,70.49454867627688,69.06776414395208,71.64173335132398,Estimación adecuada
Florida,1990-1994,2,75.40391537650423,77.05612971749355,75.53592616417883,78.41900479051915,> e0 observado
Florida,1995-1999,1,71.65894113726901,71.64354532466788,70.3135989903157,73.29488408010954,Estimación adecuada
Florida,1995-1999,2,77.29790147374477,78.03326881069583,76.70676538465023,79.29117363170283,Estimación adecuada
Florida,2000-2004,1,75.01444427678842,73.92530999049647,72.67798328054457,75.22076374125999,Estimación adecuada
Florida,2000-2004,2,81.08965307946796,80.58938585880888,79.52426092296507,82.15403045506328,Estimación adecuada
Florida,2005-2009,1,76.54783220170152,74.74824501463502,73.40341804392509,76.06136678538064,< e0 observado
Florida,2005-2009,2,80.52310433234075,80.97896358709662,79.35687517573055,82.48557265823435,Estimación adecuada
Florida,2010-2014,1,79.58931937931183,77.49815692715893,76.05102977398664,78.86249515147065,< e0 observado
Florida,2010-2014,2,84.35262381150902,83.09214321329698,81.74303205089774,84.59280450861027,Estimación adecuada
Florida,2015-2019,1,77.39963673465637,77.14534570754617,75.9471142045184,78.48379784994708,Estimación adecuada
Florida,2015-2019,2,83.04749257512822,83.92037244354069,82.54682695905028,85.68611423612145,Estimación adecuada
Florida,2020-2024,1,76.48138637441758,77.12808534002797,75.68873811690239,78.56460315081685,Estimación adecuada
Florida,2020-2024,2,86.57028869211995,86.19162751303551,84.25923017575012,88.47035750172809,Estimación adecuada
Guanica,1980-1984,1,70.29160656173029,69.92643414058428,68.77635252723502,70.94600093198719,Estimación adecuada
Guanica,1980-1984,2,77.02589204137094,76.53857762268157,75.3018612276695,78.21083685652735,Estimación adecuada
Guanica,1985-1989,1,69.64590752945972,69.45983937795735,68.50838538564292,70.81986207176362,Estimación adecuada
Guanica,1985-1989,2,76.96194389846337,76.75314790248848,75.4898174126412,78.09297217577077,Estimación adecuada
Guanica,1990-1994,1,69.00330089577055,69.18034424098704,67.71881109008723,70.2998069250962,Estimación adecuada
Guanica,1990-1994,2,77.43314529873244,77.16007920446864,75.94618548113134,78.25547684275233,Estimación adecuada
Guanica,1995-1999,1,68.75925697690468,69.29716010058225,68.2929298323472,70.25909621007288,Estimación adecuada
Guanica,1995-1999,2,76.88365176255945,76.93818873199979,75.89945616053484,78.0142196303063,Estimación adecuada
Guanica,2000-2004,1,72.36855900985053,72.07988157011872,70.99988514118701,73.06615014003064,Estimación adecuada
Guanica,2000-2004,2,78.3128127578213,78.57804587652566,77.42926455861883,79.74956009071612,Estimación adecuada
Guanica,2005-2009,1,71.69965700518571,72.10721083555177,71.01810510564417,73.21264966422555,Estimación adecuada
Guanica,2005-2009,2,80.3960001801447,79.86088320326446,78.75076780427166,80.80745575607395,Estimación adecuada
Guanica,2010-2014,1,75.43056531334524,74.68322024771354,73.31395061998515,75.83716228144016,Estimación adecuada
Guanica,2010-2014,2,80.57778836738088,81.19087520116021,80.1958463680223,82.46779269089924,Estimación adecuada
Guanica,2015-2019,1,74.6061778340804,74.7221336302901,73.50147293869739,75.82810459681241,Estimación adecuada
Guanica,2015-2019,2,81.3148683326643,81.72268850203056,80.43698214506557,82.74996744434083,Estimación adecuada
Guanica,2020-2024,1,73.35967274163447,74.7096256169669,73.38594681200716,75.6618317245796,> e0 observado
Guanica,2020-2024,2,82.11869011623037,82.0319816791883,80.50933072005257,83.51783416225874,Estimación adecuada
Guayama,1980-1984,1,70.24592277647761,70.2102886452793,69.0837360393445,70.90476524268973,Estimación adecuada
Guayama,1980-1984,2,76.94736099895414,76.75252106697735,75.62493903045275,77.67267603601611,Estimación adecuada
Guayama,1985-1989,1,69.18407376779939,69.42232760214834,68.56828797411569,70.24678797092531,Estimación adecuada
Guayama,1985-1989,2,77.01984994163914,76.87271402567379,75.68825054305003,77.89839296498089,Estimación adecuada
Guayama,1990-1994,1,69.12774545799293,69.5913075142492,68.36898911757461,70.50656529017705,Estimación adecuada
Guayama,1990-1994,2,78.26536534527779,77.90133582791015,76.73098753420996,78.79276560509193,Estimación adecuada
Guayama,1995-1999,1,69.89298463348949,70.18068161456436,69.19611214512008,71.13045558932882,Estimación adecuada
Guayama,1995-1999,2,79.36097539479375,78.67435437889108,77.72294480778274,79.74841145795943,Estimación adecuada
Guayama,2000-2004,1,71.73959231092829,71.98001202489732,71.17389684727084,72.88699959680073,Estimación adecuada
Guayama,2000-2004,2,80.42361640554877,80.06839543834326,79.08056884964988,81.23806301356532,Estimación adecuada
Guayama,2005-2009,1,74.004627225837,73.702353009765,72.76376542613627,74.54216488845836,Estimación adecuada
Guayama,2005-2009,2,80.66196990050479,80.38281096712157,79.51988320577554,81.46689506091052,Estimación adecuada
Guayama,2010-2014,1,76.0922078825251,75.53000248157062,74.69117566305329,76.75693348343438,Estimación adecuada
Guayama,2010-2014,2,82.22460967328485,81.97005323182697,80.99928257234856,83.07230648952202,Estimación adecuada
Guayama,2015-2019,1,76.61959145312574,76.54614454719477,75.65160539846198,77.62870282380274,Estimación adecuada
Guayama,2015-2019,2,83.4142713899816,83.41961526115637,82.37042061287184,84.51224328632178,Estimación adecuada
Guayama,2020-2024,1,73.93879414262592,75.20902588429598,74.29020223156206,76.04054630834761,> e0 observado
Guayama,2020-2024,2,82.33975114826434,82.48571101533827,81.63113239196808,83.53275406612659,Estimación adecuada
Guayanilla,1980-1984,1,72.58983279684577,71.6400619233819,70.52369932782044,72.77264723495927,Estimación adecuada
Guayanilla,1980-1984,2,77.53353824728316,77.56728053744548,76.35558279603282,78.62069418193076,Estimación adecuada
Guayanilla,1985-1989,1,70.73661721916349,70.25200902214961,69.3296574370039,71.34705485305298,Estimación adecuada
Guayanilla,1985-1989,2,76.86235560972376,76.69304471499477,75.69235834953636,78.1803224609679,Estimación adecuada
Guayanilla,1990-1994,1,72.37752924339648,71.38527100748281,70.18888280628927,72.46012412086598,Estimación adecuada
Guayanilla,1990-1994,2,78.55250974931681,77.88799651821282,76.73803164595799,79.06529424487601,Estimación adecuada
Guayanilla,1995-1999,1,72.22131902455737,71.35034592238199,70.38344633576321,72.42079001422533,Estimación adecuada
Guayanilla,1995-1999,2,79.14608996325278,78.7524990671343,77.47588629312415,80.1130843318087,Estimación adecuada
Guayanilla,2000-2004,1,74.05744082522244,73.43942136918554,72.35447495147177,74.41698266988173,Estimación adecuada
Guayanilla,2000-2004,2,80.06971551607721,79.67584583214744,78.68618929923176,80.9133867294058,Estimación adecuada
Guayanilla,2005-2009,1,73.36781184296053,73.62690643368008,72.67095646479632,74.72832006720432,Estimación adecuada
Guayanilla,2005-2009,2,79.74433091795808,79.5847733738666,78.60873476056135,80.64026354013484,Estimación adecuada
Guayanilla,2010-2014,1,77.2541883457964,76.06472305566203,74.83244737369695,77.46334602870174,Estimación adecuada
Guayanilla,2010-2014,2,79.95617529124827,80.85299712554192,79.7977715473844,82.1630782472624,Estimación adecuada
Guayanilla,2015-2019,1,74.50306944491258,75.92691048084055,74.97284040197357,76.98847187673461,> e0 observado
Guayanilla,2015-2019,2,85.47648018860491,84.33461561673354,83.1275165508365,85.83831736951069,Estimación adecuada
Guayanilla,2020-2024,1,73.73722385919334,75.11220369794688,74.1178295088894,76.14333740091536,> e0 observado
Guayanilla,2020-2024,2,84.46851671921503,84.48979632795941,83.22306934443442,86.2361429167014,Estimación adecuada
Guaynabo,1980-1984,1,73.33304020193007,73.23008461396695,72.58717622878174,73.96249133805757,Estimación adecuada
Guaynabo,1980-1984,2,79.57395565229348,79.32947733182856,78.64590651985436,80.17416449055551,Estimación adecuada
Guaynabo,1985-1989,1,73.30720790413426,73.31098745219006,72.71171143660328,74.05353380309269,Estimación adecuada
Guaynabo,1985-1989,2,80.7449894765543,80.423437617825,79.60445014780265,81.32367090869619,Estimación adecuada
Guaynabo,1990-1994,1,71.64759712414893,72.07000151158613,71.32627242724024,72.67736945432776,Estimación adecuada
Guaynabo,1990-1994,2,80.46155681333546,80.47775860907268,79.7988476513968,81.1006808828048,Estimación adecuada
Guaynabo,1995-1999,1,71.70557982807048,72.18515249549277,71.42643078809463,72.74409905024226,Estimación adecuada
Guaynabo,1995-1999,2,81.61582636139954,81.50506330635876,80.85876657000924,82.31875131214586,Estimación adecuada
Guaynabo,2000-2004,1,74.5460879922691,74.9468172883505,74.2480692330889,75.6614552831455,Estimación adecuada
Guaynabo,2000-2004,2,82.43363591097874,82.39686244002982,81.59963332789579,83.19343459884684,Estimación adecuada
Guaynabo,2005-2009,1,75.40004142189414,75.80325824634878,75.08238987310037,76.4427912166521,Estimación adecuada
Guaynabo,2005-2009,2,83.59622113263238,83.53211982705955,82.67724813220704,84.30001817668355,Estimación adecuada
Guaynabo,2010-2014,1,77.3578270076508,77.55639671468779,76.75843628412083,78.35561486538951,Estimación adecuada
Guaynabo,2010-2014,2,84.62289097742051,84.37271753907254,83.66746533238808,85.15793901922508,Estimación adecuada
Guaynabo,2015-2019,1,79.63090232574721,79.58952462606528,78.70320691624505,80.38844427907642,Estimación adecuada
Guaynabo,2015-2019,2,86.62280196774702,86.38118817362228,85.43597673084362,87.19136921966805,Estimación adecuada
Guaynabo,2020-2024,1,77.36899877443203,77.74035250446899,77.23874954658433,78.50519208653859,Estimación adecuada
Guaynabo,2020-2024,2,86.85241919025239,86.750775599034,85.85472315394614,87.63416114527149,Estimación adecuada
Gurabo,1980-1984,1,72.10043466021936,71.91153147766175,70.79768331349923,73.02619719088347,Estimación adecuada
Gurabo,1980-1984,2,77.21298943234297,77.64538687377436,76.57694439933545,78.7648376452299,Estimación adecuada
Gurabo,1985-1989,1,72.09864341259255,72.04763861160484,71.06660442769072,73.10455482512472,Estimación adecuada
Gurabo,1985-1989,2,77.83980186096333,78.05492823597467,76.99666833536646,79.14362483668899,Estimación adecuada
Gurabo,1990-1994,1,70.06358422124045,70.68549607512674,69.85244557788661,71.81362655496065,Estimación adecuada
Gurabo,1990-1994,2,78.93586566639773,79.06708855707552,77.48442822868023,80.02957202170143,Estimación adecuada
Gurabo,1995-1999,1,72.62979875914179,72.54375264618818,71.59751933067912,73.60491693129521,Estimación adecuada
Gurabo,1995-1999,2,78.37596544908041,78.71655098604992,77.74519173500562,79.83096140497065,Estimación adecuada
Gurabo,2000-2004,1,73.72455425616529,73.89895846001386,72.71821237452106,74.93085374133062,Estimación adecuada
Gurabo,2000-2004,2,82.16347596555325,81.65831063105522,80.63588705105022,82.55793130225469,Estimación adecuada
Gurabo,2005-2009,1,75.38673648949066,75.51736963539315,74.62325074168494,76.66757491484384,Estimación adecuada
Gurabo,2005-2009,2,82.71710063140857,82.4222723653877,81.45294785955062,83.33344826502517,Estimación adecuada
Gurabo,2010-2014,1,75.74184183502217,76.23913053242612,75.32816140959409,77.38067525564514,Estimación adecuada
Gurabo,2010-2014,2,83.66012445857517,83.31848478415709,82.42434632441828,84.56547127095735,Estimación adecuada
Gurabo,2015-2019,1,77.82655629619259,78.02520602980375,76.73068044816279,79.13132013233752,Estimación adecuada
Gurabo,2015-2019,2,86.3751275135532,85.86000236211324,84.53826518247759,87.46687946646702,Estimación adecuada
Gurabo,2020-2024,1,78.1508349062683,77.86737889628813,76.90070523508213,78.98567867998706,Estimación adecuada
Gurabo,2020-2024,2,85.11563140762924,84.70166594720148,83.72732598812864,86.23654408471164,Estimación adecuada
Hatillo,1980-1984,1,71.99152036613721,72.27678481513422,71.20788145185585,73.32017669963022,Estimación adecuada
Hatillo,1980-1984,2,78.9802986931572,78.84080870644786,77.7956785647545,80.1288215814725,Estimación adecuada
Hatillo,1985-1989,1,72.73472078364017,72.55573723491815,71.3701744177977,73.58817862173689,Estimación adecuada
Hatillo,1985-1989,2,79.39464399636921,79.23493335934444,78.04959725417133,80.75029595693442,Estimación adecuada
Hatillo,1990-1994,1,72.2998423174012,72.06927584153858,71.14448364440983,73.27163605595942,Estimación adecuada
Hatillo,1990-1994,2,78.56900864145167,78.2415624383496,77.59903950773852,79.27383192521638,Estimación adecuada
Hatillo,1995-1999,1,72.51848608651568,72.31422683716332,71.32376204574025,73.21198696330282,Estimación adecuada
Hatillo,1995-1999,2,78.33281615395789,78.33731545301737,77.5328462643744,79.1737906002395,Estimación adecuada
Hatillo,2000-2004,1,74.45467151298737,74.08482896039396,73.20533363143849,74.85737084116303,Estimación adecuada
Hatillo,2000-2004,2,80.50637914886045,80.38149894049499,79.5006886600921,81.25172719059853,Estimación adecuada
Hatillo,2005-2009,1,75.71645524793598,75.3040616778391,74.33141192787392,76.24382199423644,Estimación adecuada
Hatillo,2005-2009,2,81.90357972932111,81.77652402386013,80.72624902664691,82.7744161309931,Estimación adecuada
Hatillo,2010-2014,1,77.71502056183984,77.20160904283921,76.35638523624685,77.96810111891381,Estimación adecuada
Hatillo,2010-2014,2,83.87031312176076,83.58922179215722,82.6046639292099,84.57207647092181,Estimación adecuada
Hatillo,2015-2019,1,79.67724729389147,79.09391749673765,77.84173577080057,80.14025041527769,Estimación adecuada
Hatillo,2015-2019,2,84.83403759511111,84.44209455163542,83.32713594772683,85.58962907841718,Estimación adecuada
Hatillo,2020-2024,1,78.47632497278812,78.3832161065028,77.53357913911086,79.29106487901049,Estimación adecuada
Hatillo,2020-2024,2,86.14610937096411,85.09221243037999,84.17452051198953,86.45657573702738,Estimación adecuada
Hormigueros,1980-1984,1,74.05856561737721,73.57560679865742,72.39008540117132,75.05118602970236,Estimación adecuada
Hormigueros,1980-1984,2,79.84974137268954,79.91293104379766,78.05177918134174,82.20099546627634,Estimación adecuada
Hormigueros,1985-1989,1,73.08737524946572,73.16242631441126,71.91537896393615,74.35586016305308,Estimación adecuada
Hormigueros,1985-1989,2,77.720059693455,79.09647935107286,77.80324479861397,80.45565568996193,> e0 observado
Hormigueros,1990-1994,1,74.61350802067456,73.38382127546626,72.12487480971295,74.56433595199111,< e0 observado
Hormigueros,1990-1994,2,81.39461486989457,80.71252048596011,79.36013193495282,82.2126056453429,Estimación adecuada
Hormigueros,1995-1999,1,74.87703445651637,73.67209265185281,72.259821343999,74.79736591202277,< e0 observado
Hormigueros,1995-1999,2,80.45280069334801,80.25196195447971,79.21181397203893,81.93044308578118,Estimación adecuada
Hormigueros,2000-2004,1,75.50618073944777,75.29187369287445,74.15087132317662,76.76680695268183,Estimación adecuada
Hormigueros,2000-2004,2,82.3521641939344,82.13127173812842,80.70798962337093,83.34531203231032,Estimación adecuada
Hormigueros,2005-2009,1,76.10054922666298,76.15287296432102,74.86561325176208,77.47576726020151,Estimación adecuada
Hormigueros,2005-2009,2,84.62944320284578,83.77651562770399,82.17989353601953,85.13727589916905,Estimación adecuada
Hormigueros,2010-2014,1,76.11918178416535,77.05684487068055,75.87098147965638,78.29956751889395,Estimación adecuada
Hormigueros,2010-2014,2,82.71051389712174,83.42344002973657,81.98609616307989,84.88957523425057,Estimación adecuada
Hormigueros,2015-2019,1,77.91392313609006,78.45810563773418,77.35413936085284,79.70651717146288,Estimación adecuada
Hormigueros,2015-2019,2,85.81866120513573,86.25963089236524,84.66348536621426,87.76474468470661,Estimación adecuada
Hormigueros,2020-2024,1,78.36911216509105,78.97817981408548,77.6706560248216,80.17581101535802,Estimación adecuada
Hormigueros,2020-2024,2,86.17552522276296,85.96702646793682,84.95593917330261,87.36663301386197,Estimación adecuada
Humacao,1980-1984,1,70.58258576927221,70.7198053584234,70.02539835193949,71.62942905881987,Estimación adecuada
Humacao,1980-1984,2,75.89477228552336,76.25527460405274,75.41788864455171,77.03533416580764,Estimación adecuada
Humacao,1985-1989,1,70.67071512913827,70.82008829116745,70.0385615920801,71.68550028350359,Estimación adecuada
Humacao,1985-1989,2,78.26869595391119,78.08687663814487,77.2286561161334,79.12029474346974,Estimación adecuada
Humacao,1990-1994,1,69.59966588678492,69.96700270234348,69.11334503692274,70.7697188529583,Estimación adecuada
Humacao,1990-1994,2,78.98527536141168,78.66131588759825,77.79562386326273,79.70988141293644,Estimación adecuada
Humacao,1995-1999,1,71.67034271113566,71.44296274691433,70.71425787661158,72.39609207139576,Estimación adecuada
Humacao,1995-1999,2,78.50994029948488,78.34633813437074,77.48487955694596,79.19792002363073,Estimación adecuada
Humacao,2000-2004,1,73.45461991775991,73.50617278712198,72.51801759267249,74.16654052493658,Estimación adecuada
Humacao,2000-2004,2,79.72370844675466,79.9135230393491,79.1744409803432,80.84634780960167,Estimación adecuada
Humacao,2005-2009,1,73.61846549183731,74.09881163073838,73.24254430318797,74.95743550047442,Estimación adecuada
Humacao,2005-2009,2,81.80291929231979,81.49935364806177,80.57902365079678,82.4830132552441,Estimación adecuada
Humacao,2010-2014,1,75.80326051258055,75.95993668377791,74.93068603412146,76.96493900251497,Estimación adecuada
Humacao,2010-2014,2,83.58584598942798,83.04981453699216,81.94335203505487,84.14563810155255,Estimación adecuada
Humacao,2015-2019,1,76.7386829389743,77.22618336667082,76.24657228744525,78.16729710439546,Estimación adecuada
Humacao,2015-2019,2,84.86787206578826,84.390833477179,83.56156648225632,85.64324514985904,Estimación adecuada
Humacao,2020-2024,1,76.7404128820364,77.36560076705273,76.40999203053458,78.40054898542512,Estimación adecuada
Humacao,2020-2024,2,84.233200245355,84.21186034285692,83.49588136633668,85.11830555314032,Estimación adecuada
Isabela,1980-1984,1,73.09738020117423,72.78290386480757,71.81992344682355,73.72376060198984,Estimación adecuada
Isabela,1980-1984,2,77.82732250278018,77.8248680478549,76.7924026794978,79.04329145152431,Estimación adecuada
Isabela,1985-1989,1,71.58083949829111,71.58505003615676,70.65097573604598,72.43977952977947,Estimación adecuada
Isabela,1985-1989,2,78.50099967900502,78.2487577039362,77.31582497325397,79.49772281990684,Estimación adecuada
Isabela,1990-1994,1,72.0475169163787,71.61913407772758,70.76588649988346,72.53255234183302,Estimación adecuada
Isabela,1990-1994,2,78.52411999469241,78.41307487215919,77.51955274002948,79.35463612261779,Estimación adecuada
Isabela,1995-1999,1,71.86251133480623,71.56528173678063,70.8051881144518,72.47991726803164,Estimación adecuada
Isabela,1995-1999,2,79.50480811685766,79.32593829126972,78.32059351166095,80.55752584998064,Estimación adecuada
Isabela,2000-2004,1,73.31643311223908,73.24234642979451,72.45793119128885,73.86217374169563,Estimación adecuada
Isabela,2000-2004,2,79.66880055796743,79.79416590793414,78.96470881812527,80.63148216813698,Estimación adecuada
Isabela,2005-2009,1,75.53006169201437,74.93667802621414,74.02409786294717,75.75080622857305,Estimación adecuada
Isabela,2005-2009,2,80.46868606139569,80.53473863117262,79.69863935735017,81.3172912023073,Estimación adecuada
Isabela,2010-2014,1,76.3459756319445,76.03066773823865,75.3336175133033,77.12785779959465,Estimación adecuada
Isabela,2010-2014,2,82.99199255121863,82.67051994196362,81.58911499911596,83.60923206631823,Estimación adecuada
Isabela,2015-2019,1,78.28631956544136,77.8790406283596,76.91908077720414,78.93970685099455,Estimación adecuada
Isabela,2015-2019,2,84.46499781522432,84.05446283915751,82.97220723902647,85.12796924701449,Estimación adecuada
Isabela,2020-2024,1,78.44494383134611,77.5413753981448,76.6126603535704,78.46528204676946,Estimación adecuada
Isabela,2020-2024,2,84.54430409037892,84.94350965116871,83.8181605815883,86.42077358820086,Estimación adecuada
Jayuya,1980-1984,1,71.54820346169252,71.63673136974427,70.63206276961408,72.78413353054842,Estimación adecuada
Jayuya,1980-1984,2,75.83217282493807,77.36930913214196,75.85467404786421,78.76106550109412,> e0 observado
Jayuya,1985-1989,1,71.8852739133792,71.56151659342197,70.19995932239338,72.61370832749856,Estimación adecuada
Jayuya,1985-1989,2,75.89535009908417,77.30853254231438,75.99757953977436,78.47867081655767,> e0 observado
Jayuya,1990-1994,1,71.61501384784762,71.03011704093612,69.98307318906504,72.05108981151197,Estimación adecuada
Jayuya,1990-1994,2,76.60405912768891,78.29195738942605,76.95189512582536,80.00487088298286,> e0 observado
Jayuya,1995-1999,1,72.762612067533,72.25580279639854,70.86061531589618,73.6075528767127,Estimación adecuada
Jayuya,1995-1999,2,78.02341987371616,78.36774825473407,77.06429868902214,79.5986711819042,Estimación adecuada
Jayuya,2000-2004,1,74.804694975474,73.80882846502222,72.66295575188235,74.9636609676271,Estimación adecuada
Jayuya,2000-2004,2,82.26030453801704,81.66406068563268,80.1607737032329,83.06281779474902,Estimación adecuada
Jayuya,2005-2009,1,76.29392429833622,75.53350298219613,73.95216510859349,76.79342052490998,Estimación adecuada
Jayuya,2005-2009,2,83.26574991380474,82.36569096270247,81.00228574974801,83.89081795356651,Estimación adecuada
Jayuya,2010-2014,1,77.86670993006521,77.00792971360647,75.61477570814817,78.36788740652148,Estimación adecuada
Jayuya,2010-2014,2,83.01935062086235,83.04617163167526,81.69473694238808,84.79612920459576,Estimación adecuada
Jayuya,2015-2019,1,79.09662441043547,78.13516378363266,76.46237211072204,79.45938775615593,Estimación adecuada
Jayuya,2015-2019,2,86.09536520292538,85.83832647299388,84.07885971370608,88.17378490976371,Estimación adecuada
Jayuya,2020-2024,1,80.33778345942194,79.24437912042038,77.63388673334471,81.1811840949772,Estimación adecuada
Jayuya,2020-2024,2,86.05790395955583,85.41431362679394,83.85653662052715,87.2538097780328,Estimación adecuada
Juana Diaz,1980-1984,1,71.10192241498234,71.02330541126094,70.03243974490272,72.10516309490357,Estimación adecuada
Juana Diaz,1980-1984,2,76.03760260059695,76.48398490870238,75.4338568626477,77.46999352070453,Estimación adecuada
Juana Diaz,1985-1989,1,70.59066146569734,70.62724285463761,69.92836308566243,71.68420318201382,Estimación adecuada
Juana Diaz,1985-1989,2,77.72376003285237,77.77321827812405,76.7432971245164,78.7461931525998,Estimación adecuada
Juana Diaz,1990-1994,1,70.59462619152536,70.57526678740908,69.57036171132421,71.51069782693219,Estimación adecuada
Juana Diaz,1990-1994,2,77.80758248720088,77.89483027233105,77.10913667575039,78.72967391331957,Estimación adecuada
Juana Diaz,1995-1999,1,70.63826210363753,70.69598657653268,70.04649625605487,71.61611889882309,Estimación adecuada
Juana Diaz,1995-1999,2,78.23721855538598,78.20210042775942,77.51373411751308,79.41706247583602,Estimación adecuada
Juana Diaz,2000-2004,1,72.42010194033637,72.67502461660621,71.86469764829181,73.43304681904857,Estimación adecuada
Juana Diaz,2000-2004,2,80.07095731748443,79.95510932142555,78.95572763665612,80.86982820102611,Estimación adecuada
Juana Diaz,2005-2009,1,74.09224072675535,74.35400191311487,73.45619149784966,75.228925585068,Estimación adecuada
Juana Diaz,2005-2009,2,81.70478408921697,81.29397648258018,80.36275547343158,82.45492237082857,Estimación adecuada
Juana Diaz,2010-2014,1,75.9826744595313,76.13052186863132,75.21854435486901,76.92077663933281,Estimación adecuada
Juana Diaz,2010-2014,2,82.91141974537287,82.75535748421129,81.78028652732245,83.70149764271446,Estimación adecuada
Juana Diaz,2015-2019,1,77.4756453319244,77.37953221134154,76.55748870603256,78.42898337681348,Estimación adecuada
Juana Diaz,2015-2019,2,86.60689455981232,85.75782208071908,84.54106064651911,87.37471459648458,Estimación adecuada
Juana Diaz,2020-2024,1,76.12481522857756,76.60409412919343,75.75364518010636,77.60740431655537,Estimación adecuada
Juana Diaz,2020-2024,2,86.09723573194701,85.31267916019891,84.24717913683577,86.58606689431413,Estimación adecuada
Juncos,1980-1984,1,70.4832974097173,70.81367301759931,69.6684746297763,71.61827159812822,Estimación adecuada
Juncos,1980-1984,2,77.17475536145652,77.06854999339028,75.96072746972635,78.07570435178324,Estimación adecuada
Juncos,1985-1989,1,69.32349287604664,69.96774675011112,69.02817451339419,70.80597413955552,Estimación adecuada
Juncos,1985-1989,2,77.84087141019062,77.5286549121721,76.55675709142875,78.4330681954579,Estimación adecuada
Juncos,1990-1994,1,69.26314387145591,69.82333316449493,68.61121570951275,70.84667096940723,Estimación adecuada
Juncos,1990-1994,2,78.64376251745605,78.37052705270153,77.35812132805242,79.41903721633989,Estimación adecuada
Juncos,1995-1999,1,70.43259716290989,70.6595370422977,69.80113604497586,71.52481353384415,Estimación adecuada
Juncos,1995-1999,2,78.88321244236762,78.6847096374338,77.80500590377832,79.48938033089621,Estimación adecuada
Juncos,2000-2004,1,73.50676785386435,73.39447573222577,72.48093862289443,74.1896559394238,Estimación adecuada
Juncos,2000-2004,2,80.82760129992721,80.40185335385112,79.33076669673515,81.41949214413782,Estimación adecuada
Juncos,2005-2009,1,72.5823719234395,73.14765374930548,72.25126833558032,73.99415203824401,Estimación adecuada
Juncos,2005-2009,2,80.29148928265256,80.344450589989,79.2844765460695,81.2560523065948,Estimación adecuada
Juncos,2010-2014,1,74.05814861532626,74.66881356053369,73.67500153533922,75.52550489259409,Estimación adecuada
Juncos,2010-2014,2,82.42841718245143,82.49892782171969,81.282833848243,83.77700019321702,Estimación adecuada
Juncos,2015-2019,1,76.99651467647962,76.97590810499547,75.96303060902599,78.25943202118123,Estimación adecuada
Juncos,2015-2019,2,83.23323259682593,83.43926849794133,82.3283410189504,84.80840831881974,Estimación adecuada
Juncos,2020-2024,1,76.96779959385644,76.57335264228502,75.6177985715942,77.42903752354283,Estimación adecuada
Juncos,2020-2024,2,85.00221618874696,84.516509154705,83.00958349758791,85.94842773583503,Estimación adecuada
Lajas,1980-1984,1,72.46316902920564,72.02328502333924,70.85912974268174,72.98984934446644,Estimación adecuada
Lajas,1980-1984,2,77.35030656462364,77.90063325843026,76.62365696287198,79.12169750369006,Estimación adecuada
Lajas,1985-1989,1,73.36206024807198,72.5197705596139,71.3482218304938,73.68056216056897,Estimación adecuada
Lajas,1985-1989,2,77.65847465397064,77.673377348193,76.98953677098643,78.85744550577373,Estimación adecuada
Lajas,1990-1994,1,72.37357825429245,72.09623254657467,71.04810610646325,73.0942537052317,Estimación adecuada
Lajas,1990-1994,2,79.66328406009775,79.36493123215085,78.08637303452939,80.45331036374554,Estimación adecuada
Lajas,1995-1999,1,72.56496891931091,72.1333086181016,71.25149202803922,73.25677368870106,Estimación adecuada
Lajas,1995-1999,2,79.70456393493818,79.64290278166877,78.43722714628322,80.62752259776065,Estimación adecuada
Lajas,2000-2004,1,74.14208023792457,73.95604921253579,73.09403905153451,74.78319270668055,Estimación adecuada
Lajas,2000-2004,2,81.18752068509266,80.76322385515354,80.04311514304634,82.02284854815747,Estimación adecuada
Lajas,2005-2009,1,76.68683187769454,75.46901315014247,74.60880927319107,76.46976957697484,< e0 observado
Lajas,2005-2009,2,81.73140373208773,81.61876294575603,80.62008551739972,82.80553943434023,Estimación adecuada
Lajas,2010-2014,1,76.92095663234578,76.50873599124603,75.42594265224167,77.61746923785412,Estimación adecuada
Lajas,2010-2014,2,83.39940774512145,83.34057919016038,82.04787172947013,84.51606542216521,Estimación adecuada
Lajas,2015-2019,1,79.16417400599892,78.29993351749025,77.28593874933078,79.35525594574614,Estimación adecuada
Lajas,2015-2019,2,84.33383648976294,84.69157838299415,83.7260260804639,85.8139850763838,Estimación adecuada
Lajas,2020-2024,1,78.13171144418278,77.60991245538764,76.61786162910846,78.64819281413659,Estimación adecuada
Lajas,2020-2024,2,85.69664696158718,85.3572023888975,84.30842155775818,86.73539149207056,Estimación adecuada
Lares,1980-1984,1,70.93967460008611,71.62319255871904,70.58050962097715,72.60709618745,Estimación adecuada
Lares,1980-1984,2,80.07304720190547,79.68475284595169,78.23724309395865,81.29353008967041,Estimación adecuada
Lares,1985-1989,1,72.07284835603735,72.1310050505599,71.25177930993026,73.21582186395293,Estimación adecuada
Lares,1985-1989,2,80.12906339800288,79.58754609763923,78.4323679258572,80.75934815956181,Estimación adecuada
Lares,1990-1994,1,71.99408741634562,71.84751168599149,70.86731912302801,72.84199898075892,Estimación adecuada
Lares,1990-1994,2,78.72924701770712,78.63944085249925,77.76354278562344,79.62047530682045,Estimación adecuada
Lares,1995-1999,1,74.58529726703922,73.88128593141417,72.91736614271281,74.8455585216264,Estimación adecuada
Lares,1995-1999,2,81.29595428708723,80.62405576484849,79.61305111478794,81.82977133002407,Estimación adecuada
Lares,2000-2004,1,75.1110712856121,74.81767479489048,73.80133139153033,75.56304905373007,Estimación adecuada
Lares,2000-2004,2,81.70641489338435,81.60791588077937,80.64724743848629,82.89189928975927,Estimación adecuada
Lares,2005-2009,1,76.5462882162104,75.69729200812756,74.832557721534,76.66790668052747,Estimación adecuada
Lares,2005-2009,2,82.28400989612267,82.06343111023793,81.02230102078403,83.26860737053005,Estimación adecuada
Lares,2010-2014,1,79.39080265192932,78.23733911793536,77.30025261745834,79.20881030925574,< e0 observado
Lares,2010-2014,2,82.72140750112155,82.34977951175881,81.42854294945049,83.58815152707945,Estimación adecuada
Lares,2015-2019,1,78.13032401868809,77.774123142021665,77.09280716673086,78.88064622133513,Estimación adecuada
Lares,2015-2019,2,84.424471152182,84.38811144911972,83.18667648212568,85.76136821661547,Estimación adecuada
Lares,2020-2024,1,77.84495769277572,78.05047197729192,77.37972316303772,79.02984912435522,Estimación adecuada
Lares,2020-2024,2,84.10188803972103,84.57660818021373,83.34870317784655,85.68486933035555,Estimación adecuada
Las Marias,1980-1984,1,73.81563474744125,73.41670093111712,72.1597334159828,74.65945093834976,Estimación adecuada
Las Marias,1980-1984,2,83.88520673112671,81.07114391557829,79.27523889800722,83.42656124286157,< e0 observado
Las Marias,1985-1989,1,73.62469730038673,73.30064480758186,71.94062404923322,74.4536872834705,Estimación adecuada
Las Marias,1985-1989,2,78.14820547870697,79.80233034863448,78.2796920025385,81.32039059486692,> e0 observado
Las Marias,1990-1994,1,74.00881730690156,73.21340910129854,72.08524475678223,75.36136253138909,Estimación adecuada
Las Marias,1990-1994,2,80.22328205184606,80.560532792516085,78.7797871380119,82.4890565460781,Estimación adecuada
Las Marias,1995-1999,1,75.13206537448636,73.72632283715873,72.35477182162644,74.8165594861331,< e0 observado
Las Marias,1995-1999,2,81.22000339132549,81.03639456004812,79.53270601281926,82.96143793902851,Estimación adecuada
Las Marias,2000-2004,1,77.0746887546824,75.69400974155553,74.33605890901737,77.1224108226361,Estimación adecuada
Las Marias,2000-2004,2,81.22993587246654,82.58329052518164,80.9896608101578,84.65608373102614,Estimación adecuada
Las Marias,2005-2009,1,78.94241289794024,77.04579524245831,75.31309445267513,78.46742308693933,< e0 observado
Las Marias,2005-2009,2,82.45741722564794,83.42900504303793,81.5957620045813,85.3585378904333,Estimación adecuada
Las Marias,2010-2014,1,78.9874533300309,77.58610427836238,76.299704418029,78.98057296739344,< e0 observado
Las Marias,2010-2014,2,85.68826589307866,85.03923977162744,83.25073811124577,87.41464179136594,Estimación adecuada
Las Marias,2015-2019,1,78.44180353450636,79.43025512364937,77.86331869860149,80.76455065584247,Estimación adecuada
Las Marias,2015-2019,2,86.2119644760504,85.94210455426838,84.1922224829982,88.72784097477432,Estimación adecuada
Las Marias,2020-2024,1,78.65869602395698,78.9600380504054,77.5642305517817,80.46644044451013,Estimación adecuada
Las Marias,2020-2024,2,88.4892406052294,87.46455708405546,85.70388993745809,90.83733795061956,Estimación adecuada
Las Piedras,1980-1984,1,72.4628953772312,72.55949645742305,71.48984563926516,74.18198079976042,Estimación adecuada
Las Piedras,1980-1984,2,77.65886672068534,78.10952872435159,76.68019975966403,79.27398020998422,Estimación adecuada
Las Piedras,1985-1989,1,72.6175420547073,72.44081664932648,71.45579661360043,73.39039962881404,Estimación adecuada
Las Piedras,1985-1989,2,79.00116087428613,79.22902471161972,78.06908337679478,80.42350171743067,Estimación adecuada
Las Piedras,1990-1994,1,71.55978947014577,71.80660810051984,70.89328965920687,73.00803282332308,Estimación adecuada
Las Piedras,1990-1994,2,78.8936505301308,78.8072059341453,77.7947726198255,80.14380329435267,Estimación adecuada
Las Piedras,1995-1999,1,73.7555375015721,73.02218665379107,71.92609451949733,74.00976397768115,Estimación adecuada
Las Piedras,1995-1999,2,79.79933667371475,79.73282825920077,78.65219205577665,80.97681562036033,Estimación adecuada
Las Piedras,2000-2004,1,74.83778165388009,74.56573836957517,73.7019021859785,75.69774083866436,Estimación adecuada
Las Piedras,2000-2004,2,80.54014043533199,80.41778372545566,79.39317675241793,81.33000880963519,Estimación adecuada
Las Piedras,2005-2009,1,76.55584156350447,75.83325392054743,74.83021428142482,76.9471391628878,Estimación adecuada
Las Piedras,2005-2009,2,82.30870059101942,82.38538480653676,81.16969682278392,83.56667332385716,Estimación adecuada
Las Piedras,2010-2014,1,75.93351372986655,76.41779062968668,75.31138569483726,77.57089009077116,Estimación adecuada
Las Piedras,2010-2014,2,82.5650052808105,82.57271298364583,81.62998914636586,83.8643858738465,Estimación adecuada
Las Piedras,2015-2019,1,78.58935894309695,78.31389622671415,77.38721957084482,79.42036924957829,Estimación adecuada
Las Piedras,2015-2019,2,85.3607640329745,85.08480548201278,83.87992304427553,86.38400179861299,Estimación adecuada
Las Piedras,2020-2024,1,77.65607135099413,77.9874018335511,76.7133323564705,78.92655634264646,Estimación adecuada
Las Piedras,2020-2024,2,85.02534012586074,84.9238912749127,83.95738951540315,85.9530278874503,Estimación adecuada
Loiza,1980-1984,1,71.29708119790713,70.77340575084159,69.8001563274929,72.6041290584729,Estimación adecuada
Loiza,1980-1984,2,77.96280313581073,77.35651612730331,75.98924025964564,78.65753223390554,Estimación adecuada
Loiza,1985-1989,1,71.11235934077855,70.75662028384681,69.70942287659443,71.99952180219071,Estimación adecuada
Loiza,1985-1989,2,79.76441464134875,78.75831292489494,77.4860805162709,79.86550055705392,Estimación adecuada
Loiza,1990-1994,1,68.65505357436209,69.2475024841697,67.70222004423954,70.4008518107967,Estimación adecuada
Loiza,1990-1994,2,77.83527198679872,77.77922824625065,76.62442990873367,78.93304824790658,Estimación adecuada
Loiza,1995-1999,1,67.54575668322258,69.11973957811588,68.11457800572593,70.3578283716864,> e0 observado
Loiza,1995-1999,2,80.44991909621369,79.63122173846484,78.33672375095631,81.1309396479592,Estimación adecuada
Loiza,2000-2004,1,69.21795433977262,71.04946384720935,70.08755647519973,72.20111693884894,> e0 observado
Loiza,2000-2004,2,83.71722475677984,82.1096554323917,80.55617954184507,83.98941454461499,Estimación adecuada
Loiza,2005-2009,1,69.49244819404063,71.78873039434839,70.40342219474209,72.93234201269871,> e0 observado
Loiza,2005-2009,2,81.62588342717608,81.1556216974762,79.89095164601571,82.51660657686593,Estimación adecuada
Loiza,2010-2014,1,72.71620374599513,74.51093862804379,73.19574608929605,75.84157257333888,> e0 observado
Loiza,2010-2014,2,83.22740715687155,82.90646670377234,81.51923086987587,84.59815493007846,Estimación adecuada
Loiza,2015-2019,1,76.42256809809959,76.78139763190279,75.35334372692803,78.04117340697424,Estimación adecuada
Loiza,2015-2019,2,84.58243093379357,84.64297438689078,83.42877634171413,86.54250804989053,Estimación adecuada
Loiza,2020-2024,1,74.30071613355503,75.63719640697688,74.37737231770255,76.82500360843676,> e0 observado
Loiza,2020-2024,2,85.89228425330265,84.93836999770713,83.45660143196395,86.19904543355264,Estimación adecuada
Luquillo,1980-1984,1,71.32237106066451,70.99270992693232,69.86005480287001,72.08238954216739,Estimación adecuada
Luquillo,1980-1984,2,96.21054523115929,80.15113830896472,78.24348367631336,82.56487398614573,< e0 observado
Luquillo,1985-1989,1,70.58391307233262,70.69998733531035,69.55463981524298,71.67632929846087,Estimación adecuada
Luquillo,1985-1989,2,75.85277823303889,76.73500744149337,75.75833583708055,77.93808538720877,Estimación adecuada
Luquillo,1990-1994,1,69.78687362564872,70.05602076379608,68.90309754099155,71.26657939022772,Estimación adecuada
Luquillo,1990-1994,2,78.65540822491414,78.25984668888103,76.84043243399856,79.86324170540723,Estimación adecuada
Luquillo,1995-1999,1,68.84529148191722,69.62448914964645,68.26846262280898,70.76807383687895,Estimación adecuada
Luquillo,1995-1999,2,77.57073371934368,77.81589506426708,76.43449540537276,79.26561116909787,Estimación adecuada
Luquillo,2000-2004,1,71.56692809461028,72.12260352059994,71.20187192137954,73.35188893641708,Estimación adecuada
Luquillo,2000-2004,2,80.93857359304148,80.52141410718863,79.24336571390197,82.25012966476584,Estimación adecuada
Luquillo,2005-2009,1,73.66197666420697,73.81571037222258,72.99589142884942,75.01378826233315,Estimación adecuada
Luquillo,2005-2009,2,80.16453384109049,80.20871366696538,78.99127789741492,81.390681625611,Estimación adecuada
Luquillo,2010-2014,1,74.125398030716255,75.05884098966739,74.09797764262049,76.47717509162241,Estimación adecuada
Luquillo,2010-2014,2,83.56937802942338,82.96416502918694,81.68361519408664,84.1753704110535,Estimación adecuada
Luquillo,2015-2019,1,78.24158315716944,77.2210613925313,75.99726023224875,78.18929442553622,< e0 observado
Luquillo,2015-2019,2,86.16375324393145,85.35411348704247,83.69527902766899,87.17796673724453,Estimación adecuada
Luquillo,2020-2024,1,76.82778593702754,76.55458528482161,75.41746166652942,78.08971376257777,Estimación adecuada
Luquillo,2020-2024,2,84.96686508096819,84.53785283469509,82.92548620300207,86.38534857309696,Estimación adecuada
Manati,1980-1984,1,69.99769254598455,70.27486245358952,69.19191876255184,71.21777869256084,Estimación adecuada
Manati,1980-1984,2,76.91897319341015,76.94237268428962,75.83593959258206,78.14181847176454,Estimación adecuada
Manati,1985-1989,1,69.40848405753856,69.89167270748074,69.04914249160672,70.93263019351602,Estimación adecuada
Manati,1985-1989,2,78.1365208528677,77.96259470307676,76.91838705978485,78.90461632230944,Estimación adecuada
Manati,1990-1994,1,69.23507276864738,69.88552441092779,68.83542236137204,70.86010834846985,Estimación adecuada
Manati,1990-1994,2,78.13694859634435,77.8854276052717,77.12715342103948,78.98637000574502,Estimación adecuada
Manati,1995-1999,1,70.56621278613628,70.81379908502637,69.95992175227948,71.77590168220824,Estimación adecuada
Manati,1995-1999,2,78.18010801536123,78.34223257729948,77.29870727624764,79.24558462330255,Estimación adecuada
Manati,2000-2004,1,73.5059956746808,73.30206823136467,72.58541423181731,74.19039271692185,Estimación adecuada
Manati,2000-2004,2,79.921946292628,79.78839254282084,78.94815712707812,80.61450659593524,Estimación adecuada
Manati,2005-2009,1,74.42317304268016,74.49183083859998,73.69671754285457,75.55908186071147,Estimación adecuada
Manati,2005-2009,2,81.69558612867581,81.31844351852017,80.23051811364726,82.33544862193082,Estimación adecuada
Manati,2010-2014,1,75.79949582054559,75.79276191861636,74.74849495846459,76.72487717605719,Estimación adecuada
Manati,2010-2014,2,82.46392723255103,82.15822444461182,81.11930586558864,82.9886066720721,Estimación adecuada
Manati,2015-2019,1,76.50082129222024,76.82855345751912,75.85077846405085,77.75671074652918,Estimación adecuada
Manati,2015-2019,2,84.47543845885097,84.11217054655648,83.28082732589979,85.18031357906216,Estimación adecuada
Manati,2020-2024,1,76.6410779362147,76.62703064728912,75.85873730866084,77.71542079857724,Estimación adecuada
Manati,2020-2024,2,84.79279277649533,84.51203162799098,83.56032093771807,85.72523879900862,Estimación adecuada
Maricao,1980-1984,1,68.60202825310121,71.59497006708898,70.04519605007167,72.97042176621585,> e0 observado
Maricao,1980-1984,2,78.09479107390814,78.71744478328077,77.42532417760697,80.68284826065448,Estimación adecuada
Maricao,1985-1989,1,74.96773339223955,73.09328936312802,71.4812762147285,74.58198257644526,< e0 observado
Maricao,1985-1989,2,78.61629942834107,79.61146176252896,77.5322870395304,82.47582419503658,Estimación adecuada
Maricao,1990-1994,1,71.6682444194189,71.51114647544475,70.05145858168183,73.3839118612137,Estimación adecuada
Maricao,1990-1994,2,78.7855059436943,79.87335917509753,77.86474236584614,82.21048400265724,Estimación adecuada
Maricao,1995-1999,1,71.33878340346546,71.83884419182903,70.61967634176617,73.31088404968835,Estimación adecuada
Maricao,1995-1999,2,78.99834861586001,80.17931863670907,78.0511791645676,82.5981222269096,Estimación adecuada
Maricao,2000-2004,1,77.71513177879464,75.54996298709568,73.69771204060048,77.16015815666198,< e0 observado
Maricao,2000-2004,2,80.22542908124815,81.51473697053756,79.37998467303461,84.1854372948719,Estimación adecuada
Maricao,2005-2009,1,77.40367339569201,75.55141116077218,73.82188267494693,77.24003504282194,< e0 observado
Maricao,2005-2009,2,82.65920888615886,83.15880098078591,80.91749821890446,85.36710909102871,Estimación adecuada
Maricao,2010-2014,1,78.78632855189304,77.35001420277986,75.29714352188734,79.13682101051248,Estimación adecuada
Maricao,2010-2014,2,86.34203171038145,85.43397452732955,83.32542521332712,88.7356713881035,Estimación adecuada
Maricao,2015-2019,1,75.94252949549474,78.1006781483656,75.84100684853898,79.79981951327122,Estimación adecuada
Maricao,2015-2019,2,88.98166952275554,86.98588480967166,84.47704606558577,90.02899949023214,Estimación adecuada
Maricao,2020-2024,1,78.97029384636113,78.18255727954559,76.50172882839853,80.5501610267731,Estimación adecuada
Maricao,2020-2024,2,84.52027651105944,84.37040200535381,82.28910402314102,86.43453189865642,Estimación adecuada
Maunabo,1980-1984,1,71.14680086853208,71.63907841721095,70.25275717763172,72.9023352656732,Estimación adecuada
Maunabo,1980-1984,2,78.1067644645637,78.37937445786,76.92049028350246,79.84653600840758,Estimación adecuada
Maunabo,1985-1989,1,73.14754634531097,72.32399960010022,71.20421060744427,73.36649397131012,Estimación adecuada
Maunabo,1985-1989,2,80.26716511735238,79.4325529355039,78.11511457697526,81.16061649870898,Estimación adecuada
Maunabo,1990-1994,1,72.41659695481869,72.15873898798745,71.01969196638285,73.03433652869639,Estimación adecuada
Maunabo,1990-1994,2,80.63599878230829,79.95185965890784,78.44162469022893,81.62607125818397,Estimación adecuada
Maunabo,1995-1999,1,71.29560582062038,71.66540610495042,70.26306560726059,72.82491780589805,Estimación adecuada
Maunabo,1995-1999,2,79.21035551708708,79.88779514546778,78.35075135004985,81.29637062922075,Estimación adecuada
Maunabo,2000-2004,1,73.80432839475543,73.986062437296,72.70205959102485,75.33098544723309,Estimación adecuada
Maunabo,2000-2004,2,81.50289326156216,81.22727457670831,79.83829775806102,83.27012802779723,Estimación adecuada
Maunabo,2005-2009,1,74.64232752557565,74.19767752682658,73.12878866461898,75.49691482593263,Estimación adecuada
Maunabo,2005-2009,2,82.94220641756984,83.03755262577818,81.49062173695998,85.17487650864167,Estimación adecuada
Maunabo,2010-2014,1,74.8339607817344,75.58812129003877,74.30625108579156,76.75689790082879,Estimación adecuada
Maunabo,2010-2014,2,84.96652627183896,84.81802883624086,83.32784308424019,87.54495671594682,Estimación adecuada
Maunabo,2015-2019,1,78.86941488241771,77.7755925924343,76.58520140706852,79.04257711790706,Estimación adecuada
Maunabo,2015-2019,2,85.85027789954904,85.24967218285364,83.34944557552856,87.14576804908307,Estimación adecuada
Maunabo,2020-2024,1,73.9175174535675,76.36126842487184,74.64926621525835,77.49952558826688,> e0 observado
Maunabo,2020-2024,2,82.49945155414667,83.06167068332873,81.7850308895161,84.88128867907417,Estimación adecuada
Mayaguez,1980-1984,1,70.16347210674796,70.36206242407631,69.54402227551896,71.03857615573197,Estimación adecuada
Mayaguez,1980-1984,2,77.60512196844877,77.33758585029318,76.6915370161316,78.05883223245664,Estimación adecuada
Mayaguez,1985-1989,1,70.43422694514761,70.56546401293654,70.01024462529247,71.02580999771263,Estimación adecuada
Mayaguez,1985-1989,2,77.94340408933364,77.7844080635246,77.17861895853196,78.2952703523865,Estimación adecuada
Mayaguez,1990-1994,1,70.24642591292358,70.3512452115793,69.69286225305765,70.91920904743276,Estimación adecuada
Mayaguez,1990-1994,2,78.67215935241931,78.41093326641752,77.84453370248124,79.0619132486697,Estimación adecuada
Mayaguez,1995-1999,1,70.79228679899191,70.87268058813308,70.22750811236128,71.4408916912212,Estimación adecuada
Mayaguez,1995-1999,2,79.57023177554109,79.36595202839182,78.71920114095988,80.21878452256976,Estimación adecuada
Mayaguez,2000-2004,1,73.63502357565517,73.55188500792671,73.055395924863,74.15696449819959,Estimación adecuada
Mayaguez,2000-2004,2,81.32752458798765,81.01909048669039,80.33618671375393,81.89205397629759,Estimación adecuada
Mayaguez,2005-2009,1,73.96494214443702,74.02376819028274,73.55466835743529,74.62058494493851,Estimación adecuada
Mayaguez,2005-2009,2,81.49974889865346,81.31132608509577,80.65812161825511,82.03646724236003,Estimación adecuada
Mayaguez,2010-2014,1,74.96249416874119,74.9339826635844,74.32085433023948,75.59604348290405,Estimación adecuada
Mayaguez,2010-2014,2,82.81805760395481,82.71823547360974,81.93180483641984,83.53442793487525,Estimación adecuada
Mayaguez,2015-2019,1,77.18178911462695,77.33585706137583,76.54485480860865,78.1387213856554,Estimación adecuada
Mayaguez,2015-2019,2,85.03789447163464,84.93798303299764,84.04884755648501,85.99479378029116,Estimación adecuada
Mayaguez,2020-2024,1,76.09571809909919,76.45166444119786,75.69249229010381,77.24230900211143,Estimación adecuada
Mayaguez,2020-2024,2,84.85251261520094,84.80048438672355,84.08780437887651,85.7448019425674,Estimación adecuada
Moca,1980-1984,1,71.47861356859958,72.31653430159128,71.22848201202709,73.08913484858063,Estimación adecuada
Moca,1980-1984,2,77.57729967024724,78.20158764678555,76.92625003158355,79.50252421162462,Estimación adecuada
Moca,1985-1989,1,74.13223338906987,73.42086747244831,72.22793548101225,74.61332600701436,Estimación adecuada
Moca,1985-1989,2,78.76717836323876,78.902632437526,77.67564430562074,79.90428783423614,Estimación adecuada
Moca,1990-1994,1,74.38613122856178,73.60063688826231,72.60860080512089,74.86923265197075,Estimación adecuada
Moca,1990-1994,2,79.33086248782432,79.35697863639143,78.03180785135558,80.50278980964995,Estimación adecuada
Moca,1995-1999,1,73.93016893221346,73.47158496798166,72.60165628764081,74.41633498813916,Estimación adecuada
Moca,1995-1999,2,79.92298518560595,79.47492227285281,78.43267130667644,80.47833733015908,Estimación adecuada
Moca,2000-2004,1,76.88913106198095,75.88411606240444,74.83854963446711,76.95263664090777,Estimación adecuada
Moca,2000-2004,2,81.20152141336699,81.51265038659106,80.29880801342185,82.54492125895916,Estimación adecuada
Moca,2005-2009,1,78.23027972920578,77.29460299567248,76.31855540716955,78.23990489216087,Estimación adecuada
Moca,2005-2009,2,81.64729368972594,81.83771195843374,80.90116527862347,82.94503624041258,Estimación adecuada
Moca,2010-2014,1,78.39894219071823,77.94754297031997,76.97104989182196,79.16708575749297,Estimación adecuada
Moca,2010-2014,2,82.3431083414248,82.77090808146754,81.66644922825134,83.9423989437681,Estimación adecuada
Moca,2015-2019,1,78.86942315370179,78.58493597307859,77.68840250130759,79.46820063949838,Estimación adecuada
Moca,2015-2019,2,85.12050775808935,85.06027147104834,84.02864029184843,86.51847895049474,Estimación adecuada
Moca,2020-2024,1,79.5196148813842,79.15650405413314,78.16351393748184,80.08573085908748,Estimación adecuada
Moca,2020-2024,2,84.83463123511952,84.95041354820478,84.07484000822717,85.9437074225842,Estimación adecuada
Morovis,1980-1984,1,72.75449760171898,72.69960478587919,71.53446333037479,73.8104145245749,Estimación adecuada
Morovis,1980-1984,2,79.58978615306602,79.33485397974266,78.04866633905647,80.69692275807904,Estimación adecuada
Morovis,1985-1989,1,73.00155031190296,72.87781774781398,71.87419076097078,73.90972267979232,Estimación adecuada
Morovis,1985-1989,2,79.18909920848033,79.13977901912739,77.9327862021856,80.57255499186923,Estimación adecuada
Morovis,1990-1994,1,74.7129408866261,73.63359496109649,72.48533175157868,74.560086773695,< e0 observado
Morovis,1990-1994,2,79.13950712220092,79.3320568978572,78.00405914948084,80.78537401831832,Estimación adecuada
Morovis,1995-1999,1,72.82153464768288,72.721952984514445,71.66906748923526,73.66198168186375,Estimación adecuada
Morovis,1995-1999,2,80.70735984476201,80.73786508175104,79.28878387529831,82.09255648696822,Estimación adecuada
Morovis,2000-2004,1,74.10293235770516,74.56069790892039,73.62624664000043,75.54898608756122,Estimación adecuada
Morovis,2000-2004,2,82.09073872809745,82.05281621937687,80.8893788362355,83.57303383914069,Estimación adecuada
Morovis,2005-2009,1,76.91529332323657,76.17571391151756,75.14890306481666,77.15789730097829,Estimación adecuada
Morovis,2005-2009,2,83.05104709140619,82.63715311596599,81.44664395100281,83.81068180568289,Estimación adecuada
Morovis,2010-2014,1,77.08123150152963,77.2708884778514,76.27549796998537,78.55265031002907,Estimación adecuada
Morovis,2010-2014,2,83.34182688922566,83.30189992597391,82.14006981960024,84.83071490126551,Estimación adecuada
Morovis,2015-2019,1,78.96515859481998,78.41620410590073,77.40849879136586,79.4303907913091,Estimación adecuada
Morovis,2015-2019,2,87.15880943526801,86.27578036190809,84.73809141217673,88.10605418569634,Estimación adecuada
Morovis,2020-2024,1,78.2458123408178,78.61514113147777,77.42108904294822,79.9143663962129,Estimación adecuada
Morovis,2020-2024,2,84.91369846953171,85.4977845237018,84.05067051052282,86.78079503169698,Estimación adecuada
Naguabo,1980-1984,1,71.84412346105836,71.63248945390512,70.53339057835987,72.56531818677091,Estimación adecuada
Naguabo,1980-1984,2,76.70981740677908,76.76488137451639,75.7539565910821,78.47772578136352,Estimación adecuada
Naguabo,1985-1989,1,70.3877807756849,70.67522067961818,69.29455394001019,71.64916509339258,Estimación adecuada
Naguabo,1985-1989,2,77.29975247108982,77.32926073896391,76.19954086947615,78.73965417535152,Estimación adecuada
Naguabo,1990-1994,1,69.935755323165,70.11116863970013,68.89964411732393,71.03834585972376,Estimación adecuada
Naguabo,1990-1994,2,77.27690861530172,77.81943313163981,76.59174663908595,78.90821077838044,Estimación adecuada
Naguabo,1995-1999,1,69.72322516574484,70.24350059502598,69.24911985205668,71.30428715802323,Estimación adecuada
Naguabo,1995-1999,2,76.82881627212045,77.25561582180902,76.08919439500313,78.23988555002387,Estimación adecuada
Naguabo,2000-2004,1,72.06654411146116,72.22726705023383,70.9801922729932,73.17584266186839,Estimación adecuada
Naguabo,2000-2004,2,79.7628328934226,80.17722861965495,78.90232138203368,81.32634930028925,Estimación adecuada
Naguabo,2005-2009,1,73.77862572143668,73.950481726703,73.01866825086518,74.9494452243151,Estimación adecuada
Naguabo,2005-2009,2,80.62404690696854,80.94726009374189,79.72983576971478,81.97054105707326,Estimación adecuada
Naguabo,2010-2014,1,75.11164062971052,75.02594052622575,73.99009264616936,75.99713570456194,Estimación adecuada
Naguabo,2010-2014,2,82.93958682980916,82.42212063728608,80.83424295865682,83.72007686357442,Estimación adecuada
Naguabo,2015-2019,1,76.26882750450046,76.1710185770965,75.11513213068145,77.30295575021444,Estimación adecuada
Naguabo,2015-2019,2,84.83022686610576,84.15606955933654,82.87513785746721,85.889046674394,Estimación adecuada
Naguabo,2020-2024,1,77.23171232523964,76.78397354390184,75.86062099016007,77.81552974878548,Estimación adecuada
Naguabo,2020-2024,2,83.84568426869097,83.7379157862014,82.4043060232986,85.07053240201586,Estimación adecuada
Naranjito,1980-1984,1,74.98820136337291,74.024750812129,72.64743128434503,75.45220585010975,Estimación adecuada
Naranjito,1980-1984,2,82.09597951709326,80.52526011895728,79.0945134158046,82.00383904270268,< e0 observado
Naranjito,1985-1989,1,74.14321504502335,73.32902708407116,72.29203312503137,74.4337449263245,Estimación adecuada
Naranjito,1985-1989,2,81.17666750110004,80.75613905620136,79.19148107949519,82.06450438373295,Estimación adecuada
Naranjito,1990-1994,1,72.65469281143538,72.68241366984941,71.61076152945311,74.00456549042225,Estimación adecuada
Naranjito,1990-1994,2,80.53672985190586,80.76999751222345,79.54155504581857,82.42345684655032,Estimación adecuada
Naranjito,1995-1999,1,71.78384170584214,72.12128250263069,71.2147615340029,73.0675764787884,Estimación adecuada
Naranjito,1995-1999,2,81.60503745588989,80.9838886408514,79.85897161299397,82.17641880818064,Estimación adecuada
Naranjito,2000-2004,1,75.02066724722975,75.01304017313846,73.75971535624578,76.07465799389698,Estimación adecuada
Naranjito,2000-2004,2,82.02786957174214,82.11022646990085,80.68624575940365,83.17056017733411,Estimación adecuada
Naranjito,2005-2009,1,75.97305227428454,76.23062504170292,75.13352668168665,77.13041410661491,Estimación adecuada
Naranjito,2005-2009,2,81.50399850212823,82.08099016288168,80.83867784222251,83.10285458321269,Estimación adecuada
Naranjito,2010-2014,1,78.20596950921357,77.60109267256745,76.45246604244795,78.60844230702105,Estimación adecuada
Naranjito,2010-2014,2,82.65441935713193,83.45963064274281,82.02605259765902,84.90812046309507,Estimación adecuada
Naranjito,2015-2019,1,79.79942567224485,79.6046877743029,78.41055083223502,80.88571546745082,Estimación adecuada
Naranjito,2015-2019,2,86.72388771081324,86.80920137554865,85.18569751765968,88.57220443861344,Estimación adecuada
Naranjito,2020-2024,1,76.58250173203984,77.4937225964038,76.66514873626112,78.61591916390991,> e0 observado
Naranjito,2020-2024,2,85.5864530860636,85.15850253205488,84.07776050768283,86.5882536181203,Estimación adecuada
Orocovis,1980-1984,1,73.68697408485414,73.41760339001993,72.21224988840072,74.79090302712041,Estimación adecuada
Orocovis,1980-1984,2,79.52890987399995,79.37149497767479,77.82710369121787,80.76245736914603,Estimación adecuada
Orocovis,1985-1989,1,72.86313442913975,72.69665795385572,71.77518176431121,73.70289251351915,Estimación adecuada
Orocovis,1985-1989,2,83.00284611084997,81.14981478162582,79.8347611713422,83.13125269327074,Estimación adecuada
Orocovis,1990-1994,1,70.6546043654978,71.58670295996242,70.39595328062791,72.45198738319661,Estimación adecuada
Orocovis,1990-1994,2,80.6362204849656,80.26821353033243,79.12775603017974,81.88764474729088,Estimación adecuada
Orocovis,1995-1999,1,73.67698769121861,73.21347146688885,72.07883412886949,74.45261129172206,Estimación adecuada
Orocovis,1995-1999,2,79.89715435282756,79.94317291505723,78.57970939761569,81.41766512152475,Estimación adecuada
Orocovis,2000-2004,1,74.30531059061678,74.31481357082419,73.33735550157309,75.5677732101722,Estimación adecuada
Orocovis,2000-2004,2,82.7682053865501,82.40668256119766,80.97839481148635,83.89677865185885,Estimación adecuada
Orocovis,2005-2009,1,75.65599075985115,75.68974751446402,74.56321536743351,76.7729498452608,Estimación adecuada
Orocovis,2005-2009,2,81.23465089468093,81.5112592631989,80.3734808689533,83.31183766737833,Estimación adecuada
Orocovis,2010-2014,1,78.72609688729915,77.6200313501345,76.71694558769536,78.96952047223718,Estimación adecuada
Orocovis,2010-2014,2,83.46032948812693,83.34989997997414,82.23330864123442,84.88775699793186,Estimación adecuada
Orocovis,2015-2019,1,78.31348130255999,78.26671844408014,77.19465316505003,79.43339710431891,Estimación adecuada
Orocovis,2015-2019,2,84.96910673692187,85.25180768190384,83.80766042146783,86.92201414034781,Estimación adecuada
Orocovis,2020-2024,1,77.80883766643083,78.50032411382975,77.18611391079872,80.02109377736357,Estimación adecuada
Orocovis,2020-2024,2,84.81893104480201,84.94449452131323,83.27530313227459,86.70824276002077,Estimación adecuada
Patillas,1980-1984,1,71.2919207839744,71.65422840207893,70.47164386425348,72.76138992238316,Estimación adecuada
Patillas,1980-1984,2,77.55331848134108,77.48991138062789,76.24911872982182,79.20172799222593,Estimación adecuada
Patillas,1985-1989,1,71.37552114824256,70.95834529317062,70.09774597573923,71.85257196637247,Estimación adecuada
Patillas,1985-1989,2,79.24042850774778,78.58144898650212,77.55781579957494,80.40255388534665,Estimación adecuada
Patillas,1990-1994,1,72.50760666915836,71.533814832379,70.43940596364428,72.86924124351472,Estimación adecuada
Patillas,1990-1994,2,78.396020908419,78.31976354937731,77.09176077030413,79.50198275685159,Estimación adecuada
Patillas,1995-1999,1,71.16809015939647,71.29472326335507,70.2921254014454,72.45744989310202,Estimación adecuada
Patillas,1995-1999,2,78.52476688729733,78.21392048442928,76.84755897328353,79.44404584185578,Estimación adecuada
Patillas,2000-2004,1,73.84030571885792,73.57009167268913,72.5545008356446,74.81577508466758,Estimación adecuada
Patillas,2000-2004,2,80.28524555250978,80.47406319851602,79.09095706408999,81.67006160662422,Estimación adecuada
Patillas,2005-2009,1,74.71797456893655,74.40480354948457,73.36792949397667,75.48281273169563,Estimación adecuada
Patillas,2005-2009,2,82.37229150118687,81.61070672055018,80.1651632404022,82.7749614148287,Estimación adecuada
Patillas,2010-2014,1,75.64302541877272,75.9635345003006,74.63006951588582,77.39872001484562,Estimación adecuada
Patillas,2010-2014,2,82.97344642216791,83.29485985533951,81.9128475259063,84.799119155849,Estimación adecuada
Patillas,2015-2019,1,77.44243369136635,77.15826538678081,75.80643875975045,78.79253802414559,Estimación adecuada
Patillas,2015-2019,2,85.62464985032581,85.69522344364506,84.02470291060149,87.52862362526129,Estimación adecuada
Patillas,2020-2024,1,75.4428131511174,76.47449460504369,75.1970868318808,77.53019544530086,Estimación adecuada
Patillas,2020-2024,2,83.73266646624228,85.49889450813801,84.50997302551858,87.87937328393114,> e0 observado
Penuelas,1980-1984,1,72.35786944424055,71.61488862038448,70.49531767706245,72.61288872161188,Estimación adecuada
Penuelas,1980-1984,2,77.42169553222374,77.60289850664212,76.21543912951344,78.78806931719365,Estimación adecuada
Penuelas,1985-1989,1,72.76539154925341,71.88951511937321,70.5865790954592,72.91697745256434,Estimación adecuada
Penuelas,1985-1989,2,78.26925344407194,78.19037412931573,76.74660303566607,79.55488053226924,Estimación adecuada
Penuelas,1990-1994,1,71.6518283419231,71.25834754561626,70.1268295929428,72.11394218385331,Estimación adecuada
Penuelas,1990-1994,2,78.09730287289996,78.08885611679494,76.74629975059621,79.55113030733611,Estimación adecuada
Penuelas,1995-1999,1,72.51086800891099,71.92290054836306,70.89100171717425,73.12515292857024,Estimación adecuada
Penuelas,1995-1999,2,77.85186468595465,78.48706974951885,77.10708941300794,80.00972945665136,Estimación adecuada
Penuelas,2000-2004,1,73.06979986248778,72.91980855206596,71.96041405778156,74.10506444885851,Estimación adecuada
Penuelas,2000-2004,2,80.74681115313095,80.7269612181293,79.48155137161498,82.50443933131115,Estimación adecuada
Penuelas,2005-2009,1,74.32588415517951,74.39695502511263,73.16516527401723,75.3421698274698,Estimación adecuada
Penuelas,2005-2009,2,83.85447484865448,82.87067197230536,81.34164475616478,84.99284271364316,Estimación adecuada
Penuelas,2010-2014,1,77.2161868060379,76.8090081864988,75.45171602674893,78.17561043322053,Estimación adecuada
Penuelas,2010-2014,2,82.37054992803498,82.42381251866712,81.33763484236496,83.72802826676417,Estimación adecuada
Penuelas,2015-2019,1,76.94988280019332,76.819711969026,76.02433547078107,78.1614545729382,Estimación adecuada
Penuelas,2015-2019,2,83.52991574696982,83.4714474904713,82.19609501473329,85.20658802283376,Estimación adecuada
Penuelas,2020-2024,1,78.19759662594926,77.5136179270051,76.5190477899831,78.78783407041678,Estimación adecuada
Penuelas,2020-2024,2,83.13779961346445,83.37529845388693,82.42893176254591,84.84077608648923,Estimación adecuada
Ponce,1980-1984,1,70.95163851465587,70.82832600890423,70.30840675481417,71.27553846979876,Estimación adecuada
Ponce,1980-1984,2,77.90393491985162,77.60720865374014,77.00689051776948,78.08825314724811,Estimación adecuada
Ponce,1985-1989,1,68.92037207804252,69.08850423150095,68.56192329650656,69.48220636819863,Estimación adecuada
Ponce,1985-1989,2,77.3120135977883,77.1853795205223,76.74879953814701,77.78234555217082,Estimación adecuada
Ponce,1990-1994,1,68.07009878068561,68.33333746669507,67.7820019049066,68.70256763746235,Estimación adecuada
Ponce,1990-1994,2,77.70322992022791,77.7892275318005,77.1846803673047,78.26830665532435,Estimación adecuada
Ponce,1995-1999,1,68.8945019576824,69.11879847020828,68.59708083021147,69.61969855680508,Estimación adecuada
Ponce,1995-1999,2,78.64616620265484,78.59388565785858,78.07903949355267,79.05102267893619,Estimación adecuada
Ponce,2000-2004,1,71.88287158339286,71.99301315738082,71.45099801587804,72.43715313626439,Estimación adecuada
Ponce,2000-2004,2,80.17053819569585,79.90955254569278,79.3660789045229,80.48963783977064,Estimación adecuada
Ponce,2005-2009,1,72.59239776230434,72.77558196006973,72.26827577537856,73.24495151657476,Estimación adecuada
Ponce,2005-2009,2,81.60505937401689,81.45628035237371,80.84015459173054,82.01692744736818,Estimación adecuada
Ponce,2010-2014,1,74.90584213235752,74.92776811019925,74.30331346417444,75.41740536906013,Estimación adecuada
Ponce,2010-2014,2,81.84526785237593,81.8291598147961,81.3755131688491,82.36122308247667,Estimación adecuada
Ponce,2015-2019,1,75.94818443525777,76.14538805030017,75.63812594401085,76.69458652132982,Estimación adecuada
Ponce,2015-2019,2,84.573600741168,84.41782578792771,83.7256981765758,85.23471691928152,Estimación adecuada
Ponce,2020-2024,1,76.11579149445392,76.10093389378207,75.64136224247028,76.76666025954985,Estimación adecuada
Ponce,2020-2024,2,84.14984563358192,83.84707207910526,83.08138084124633,84.53289333719044,Estimación adecuada
Quebradillas,1980-1984,1,71.5804748432608,71.43509684770274,70.53980750612982,72.41507012900078,Estimación adecuada
Quebradillas,1980-1984,2,79.23938165137665,78.56211438634116,77.19234278113372,80.21722392023295,Estimación adecuada
Quebradillas,1985-1989,1,70.63546474047975,70.82827640728664,69.77268335258832,71.85245839965643,Estimación adecuada
Quebradillas,1985-1989,2,77.80764334555457,77.5118861862515,76.60145323577757,78.53262574611674,Estimación adecuada
Quebradillas,1990-1994,1,72.04068810225141,71.65245685949041,70.73708468771102,72.89492439399687,Estimación adecuada
Quebradillas,1990-1994,2,79.32174470623532,78.5764506487752,77.65361467816538,80.08376628144471,Estimación adecuada
Quebradillas,1995-1999,1,72.62949799850028,71.73557091401196,70.96667573504446,72.87754197775925,Estimación adecuada
Quebradillas,1995-1999,2,78.8521877504248,78.82361189856043,77.63932229011317,80.07633515575043,Estimación adecuada
Quebradillas,2000-2004,1,73.75120320482118,73.34151941610173,72.25261485750075,74.08040949081897,Estimación adecuada
Quebradillas,2000-2004,2,79.64696913052158,79.69465094357147,78.82430241488743,80.83755157750349,Estimación adecuada
Quebradillas,2005-2009,1,76.4702021217705,75.30096226985256,73.90109384660045,76.2515504575123,< e0 observado
Quebradillas,2005-2009,2,82.57479226170334,82.1715713587261,81.02539106139105,83.86442879979299,Estimación adecuada
Quebradillas,2010-2014,1,76.84416482352528,76.35247614851396,75.27021852450653,77.38023258692155,Estimación adecuada
Quebradillas,2010-2014,2,83.16432092953069,82.9575637681598,81.58702662874656,84.56355945213039,Estimación adecuada
Quebradillas,2015-2019,1,77.52581972834565,77.17779020351969,76.2489280731188,78.22801630087297,Estimación adecuada
Quebradillas,2015-2019,2,83.89036641680575,83.58281690811677,82.66336565781629,84.71846366325329,Estimación adecuada
Quebradillas,2020-2024,1,78.45741764289136,77.47963633338864,76.49962503938104,78.43316659471759,< e0 observado
Quebradillas,2020-2024,2,84.02514632890372,84.07246278981691,82.65215619851261,85.22178645137981,Estimación adecuada
Rincon,1980-1984,1,71.31036542846637,72.63036365808155,70.83240725798694,73.97770541125796,Estimación adecuada
Rincon,1980-1984,2,78.23121876259758,78.45492146338515,77.19035568323098,80.03156236670918,Estimación adecuada
Rincon,1985-1989,1,72.68195818723761,72.31703408278497,71.11859413674728,73.67250496548817,Estimación adecuada
Rincon,1985-1989,2,78.13112109379762,78.89385990738232,77.56712865112263,80.15931447639537,Estimación adecuada
Rincon,1990-1994,1,74.46482669947628,73.01444349985198,71.6891458194296,74.62170609110152,Estimación adecuada
Rincon,1990-1994,2,79.71875830965256,79.33402844812855,78.08042169007635,80.83935246807994,Estimación adecuada
Rincon,1995-1999,1,71.81900034746621,71.76358100353306,70.79839151158328,72.96471961959254,Estimación adecuada
Rincon,1995-1999,2,80.4078903895804,80.17415401513303,78.98162639757427,81.84676926370747,Estimación adecuada
Rincon,2000-2004,1,75.07948363707656,74.62913879823151,73.68145532197897,76.11876206542684,Estimación adecuada
Rincon,2000-2004,2,82.97798833076854,82.33550049736297,80.87000193702647,83.82655175652135,Estimación adecuada
Rincon,2005-2009,1,76.37954961336744,75.75648418201918,74.44313650406741,77.02918489978367,Estimación adecuada
Rincon,2005-2009,2,80.35621164685101,81.16508272805751,79.93803075834487,82.41414281608203,Estimación adecuada
Rincon,2010-2014,1,79.61051534555456,77.81566424135622,76.70844227878919,78.86397804871956,< e0 observado
Rincon,2010-2014,2,83.80210551828287,83.92971792317033,82.81467289384165,85.45598510645125,Estimación adecuada
Rincon,2015-2019,1,79.17285737161941,78.84494020546425,77.82520609804365,80.05880550967885,Estimación adecuada
Rincon,2015-2019,2,86.30943741112463,86.2299884135563,84.33463528471626,88.81258072615715,Estimación adecuada
Rincon,2020-2024,1,79.87445814115418,79.60775439113566,78.49612144205273,81.0344049998509,Estimación adecuada
Rincon,2020-2024,2,86.12132225159803,85.73740740846179,84.47554880979885,87.11116645699778,Estimación adecuada
Rio Grande,1980-1984,1,71.31055270884488,71.13593994017373,70.17844157217058,72.37365100776988,Estimación adecuada
Rio Grande,1980-1984,2,77.8338345029928,77.55178149199673,76.44972363841224,78.76504879632436,Estimación adecuada
Rio Grande,1985-1989,1,72.55792010168767,71.85249820090098,71.00190046906604,73.02758315752284,Estimación adecuada
Rio Grande,1985-1989,2,78.55898208748316,78.31136507598765,77.17394447763897,79.5431557627565,Estimación adecuada
Rio Grande,1990-1994,1,69.8066408540921,70.20966493970194,69.25451535293439,71.03534726455752,Estimación adecuada
Rio Grande,1990-1994,2,79.04176505901863,78.84819735192988,77.76003542894324,80.02964127358567,Estimación adecuada
Rio Grande,1995-1999,1,69.24216716509197,70.03539739788319,69.15458454434764,70.8203911061351,Estimación adecuada
Rio Grande,1995-1999,2,78.57122528721384,78.4925781667522,77.5195654400607,79.64392644307455,Estimación adecuada
Rio Grande,2000-2004,1,73.5987446256221,73.5229196102906,72.58206248349074,74.29684894096275,Estimación adecuada
Rio Grande,2000-2004,2,80.92764017417292,80.77918614967885,79.83370360015078,81.80980419220046,Estimación adecuada
Rio Grande,2005-2009,1,74.74267006153134,74.88589513219978,74.08378052797664,75.902872034711,Estimación adecuada
Rio Grande,2005-2009,2,82.25371975622028,81.73304245851142,80.76068973752731,82.66306570827183,Estimación adecuada
Rio Grande,2010-2014,1,75.62464241200296,75.72597478369812,74.79995057139479,76.69950065344425,Estimación adecuada
Rio Grande,2010-2014,2,81.93516108938404,81.9751124703303,81.15898361901856,83.11457681201578,Estimación adecuada
Rio Grande,2015-2019,1,77.32038501383934,77.41724447422307,76.35230961298913,78.22123330510533,Estimación adecuada
Rio Grande,2015-2019,2,84.73128165771396,84.40402380738192,83.31468697906487,85.45377989433436,Estimación adecuada
Rio Grande,2020-2024,1,76.09079051682853,76.55504798936784,75.35036979045961,77.56017208442785,Estimación adecuada
Rio Grande,2020-2024,2,84.92626206233898,85.0800907635177,84.10133151989055,86.37989400337938,Estimación adecuada
Sabana Grande,1980-1984,1,72.94260252849719,71.91154748556025,70.70630576983882,73.01594123087526,Estimación adecuada
Sabana Grande,1980-1984,2,76.79030160326006,77.22617820520745,75.87394197548046,78.50839465174059,Estimación adecuada
Sabana Grande,1985-1989,1,72.60670516660508,72.11239833011504,70.89087152129946,73.33530338474236,Estimación adecuada
Sabana Grande,1985-1989,2,79.46020484114078,78.79876204830906,77.60355440910315,79.89293133508028,Estimación adecuada
Sabana Grande,1990-1994,1,71.96878186562466,71.48061044434854,70.65751532083704,72.5550189718841,Estimación adecuada
Sabana Grande,1990-1994,2,77.52973712888554,77.76451284890217,76.81691243472015,78.76691178083013,Estimación adecuada
Sabana Grande,1995-1999,1,72.42496764545729,71.81549997667796,70.75584377612101,72.8517154229427,Estimación adecuada
Sabana Grande,1995-1999,2,77.8549110688198,77.73037650099207,76.78481334066709,78.96859313893086,Estimación adecuada
Sabana Grande,2000-2004,1,75.19081545433245,74.27229493339868,73.38279691090061,75.3298669468796,Estimación adecuada
Sabana Grande,2000-2004,2,80.10304388750191,80.40818812685086,79.39141695714954,81.72540204973498,Estimación adecuada
Sabana Grande,2005-2009,1,75.77699216646894,74.89959943043927,73.81932227456373,76.02173434525855,Estimación adecuada
Sabana Grande,2005-2009,2,80.72892003066303,81.1278052487938,79.83066938706932,82.48517565949244,Estimación adecuada
Sabana Grande,2010-2014,1,75.70526772953107,75.96330166615965,74.82606150873332,76.8144627027925,Estimación adecuada
Sabana Grande,2010-2014,2,83.3057418970242,82.87952329256922,81.74750681695312,84.12135661451268,Estimación adecuada
Sabana Grande,2015-2019,1,77.43470484017462,76.8416059619319,75.82287154073447,77.92256241022041,Estimación adecuada
Sabana Grande,2015-2019,2,83.12156944238525,83.14734584055944,82.28956690782968,84.43043310461266,Estimación adecuada
Sabana Grande,2020-2024,1,77.44105015726227,77.47549781793121,76.36199442796277,78.65227386587046,Estimación adecuada
Sabana Grande,2020-2024,2,83.44790990052292,84.56450541798557,83.44808844377607,85.88388823348772,> e0 observado
Salinas,1980-1984,1,69.34771587119822,69.71597919175437,69.08992582358947,70.68662376319715,Estimación adecuada
Salinas,1980-1984,2,77.00356882697933,76.9378302509326,75.84247374934758,78.13219069017956,Estimación adecuada
Salinas,1985-1989,1,67.8768913469486,68.93245173772775,67.98002299982224,69.98600815159736,> e0 observado
Salinas,1985-1989,2,76.51927305162637,76.8654034796925,75.53369195058778,77.96831971705255,Estimación adecuada
Salinas,1990-1994,1,69.60135801885075,70.01816616486013,68.99147079950868,70.90176877471782,Estimación adecuada
Salinas,1990-1994,2,77.16626361655916,77.5724267060158,76.52193246447561,78.60193932718413,Estimación adecuada
Salinas,1995-1999,1,69.29023548543516,69.62797201102052,68.55042056919467,70.47151374444354,Estimación adecuada
Salinas,1995-1999,2,79.22383445714814,78.84280997237784,77.806275382548307,80.2585125470869,Estimación adecuada
Salinas,2000-2004,1,73.10253328655585,73.02060404428715,72.03247754681213,74.07609128358328,Estimación adecuada
Salinas,2000-2004,2,80.52455994892824,80.22297953586579,79.20282451835374,81.40814586871197,Estimación adecuada
Salinas,2005-2009,1,73.52822440107285,73.6337563076215,72.46042639160183,74.66869656912387,Estimación adecuada
Salinas,2005-2009,2,80.63090066219925,80.8329495622968,79.95587966232067,82.18906169309557,Estimación adecuada
Salinas,2010-2014,1,75.47743944137984,75.439865942947,74.29393718606264,76.37842070243434,Estimación adecuada
Salinas,2010-2014,2,83.23167940762168,83.26478974737938,81.60663715830864,84.69747149359729,Estimación adecuada
Salinas,2015-2019,1,77.96635541138743,77.72889562399891,76.60126202908208,78.87887249469894,Estimación adecuada
Salinas,2015-2019,2,85.02610562554052,84.72391233857755,83.60998442647733,86.0268384454296,Estimación adecuada
Salinas,2020-2024,1,77.2752335181164,77.09286642031867,76.13522916610995,78.25365362558256,Estimación adecuada
Salinas,2020-2024,2,85.43601257393142,85.05595514660573,83.48722583302046,86.64774965400478,Estimación adecuada
San German,1980-1984,1,72.17155637189039,71.99119072562948,70.92708460892682,73.00754119516353,Estimación adecuada
San German,1980-1984,2,77.0812843420632,77.43599062986794,76.4541301675471,78.61477718092333,Estimación adecuada
San German,1985-1989,1,73.24578912339052,72.59113645316515,71.76882974176931,73.50210934842167,Estimación adecuada
San German,1985-1989,2,78.281715742411,77.97229571243365,77.1054750289348,78.98560326737667,Estimación adecuada
San German,1990-1994,1,72.47312065094486,72.01169852448564,71.08729010360153,72.95243434026393,Estimación adecuada
San German,1990-1994,2,78.88901019804139,79.09933787020228,77.92818747898676,80.06428748351783,Estimación adecuada
San German,1995-1999,1,74.17482678706043,73.52938999826105,72.46076525909247,74.5828073880694,Estimación adecuada
San German,1995-1999,2,78.52895052757144,79.02802886457579,78.06734429319607,80.14414094076284,Estimación adecuada
San German,2000-2004,1,75.40040785434385,74.90347437789941,73.95608114269763,75.80656802807731,Estimación adecuada
San German,2000-2004,2,81.07042973561371,80.99891394792913,80.03885673822276,82.20331111144293,Estimación adecuada
San German,2005-2009,1,75.89227383722931,75.51930850561168,74.44927448078151,76.54820511026458,Estimación adecuada
San German,2005-2009,2,81.35724022521588,81.78644137763955,80.76508912160128,82.67151078945537,Estimación adecuada
San German,2010-2014,1,77.09595528241658,76.39759359636597,75.46859089446176,77.36962653322753,Estimación adecuada
San German,2010-2014,2,81.95497572147197,82.50687166333009,81.23719448559166,83.47070931954406,Estimación adecuada
San German,2015-2019,1,79.14792857398798,78.11712625991188,77.15582436151965,78.79221566768663,< e0 observado
San German,2015-2019,2,84.0002365484052,84.23704761407882,83.21598875628752,85.32773454079862,Estimación adecuada
San German,2020-2024,1,78.13234571523579,77.69383049428858,76.56387322867447,78.42464568018146,Estimación adecuada
San German,2020-2024,2,83.15333884969452,83.90490656672395,82.86508237300981,84.8453865234965,Estimación adecuada
San Juan,1980-1984,1,68.53296805880613,68.64908501189299,68.36878086024822,68.97448400162483,Estimación adecuada
San Juan,1980-1984,2,78.41781325030587,78.31100305821175,77.97707066785738,78.68597398280913,Estimación adecuada
San Juan,1985-1989,1,67.17212517316179,67.32325124904717,66.95684877429012,67.67416507943406,Estimación adecuada
San Juan,1985-1989,2,78.70934229140379,78.63069031092641,78.25070431545734,78.99699766741,Estimación adecuada
San Juan,1990-1994,1,64.70940097035052,64.97582613985668,64.63853840172371,65.28616495472302,Estimación adecuada
San Juan,1990-1994,2,78.53794951508831,78.59495408958324,78.24742354733021,78.88874277565446,Estimación adecuada
San Juan,1995-1999,1,67.09892384379134,67.28943797988364,66.9577912228654,67.59953152137116,Estimación adecuada
San Juan,1995-1999,2,79.54091321860172,79.55101104289324,79.22152942726962,79.84311329980449,Estimación adecuada
San Juan,2000-2004,1,71.1882392973574,71.23424749902154,70.906136082476,71.49616005569314,Estimación adecuada
San Juan,2000-2004,2,81.92921875527303,81.84116931270758,81.48538604565094,82.11308024550364,Estimación adecuada
San Juan,2005-2009,1,72.69964876784017,72.73370158475535,72.421361761143,73.13605322119759,Estimación adecuada
San Juan,2005-2009,2,82.46547999538443,82.41653021826669,82.04470933748463,82.72899038843514,Estimación adecuada
San Juan,2010-2014,1,74.44529350870087,74.48628710482916,74.12308609927857,74.91100325698879,Estimación adecuada
San Juan,2010-2014,2,84.20463369793843,84.06181230264687,83.52342650359554,84.46544109990418,Estimación adecuada
San Juan,2015-2019,1,75.79825935426356,75.81489053685269,75.35850436209509,76.35261995535983,Estimación adecuada
San Juan,2015-2019,2,85.20819741649419,85.09192420258246,84.69174469282052,85.52474526623075,Estimación adecuada
San Juan,2020-2024,1,75.09617765928651,75.2089003195297,74.78668127443287,75.58338436131412,Estimación adecuada
San Juan,2020-2024,2,85.57777113429813,85.39808046126691,85.0207151597327,85.84434388072393,Estimación adecuada
San Lorenzo,1980-1984,1,72.4269330696064,72.39944632524328,71.33107804852642,73.64652725854027,Estimación adecuada
San Lorenzo,1980-1984,2,78.47103642037956,78.26502511326231,77.26433056313817,79.88356394774391,Estimación adecuada
San Lorenzo,1985-1989,1,70.33185072656097,70.91912823048756,69.96379439925299,71.94828775491106,Estimación adecuada
San Lorenzo,1985-1989,2,79.4038927542163,78.73737804101074,77.74240171546019,79.65477851263753,Estimación adecuada
San Lorenzo,1990-1994,1,70.49063585980458,70.67055342366436,69.66963646004851,71.65410388861596,Estimación adecuada
San Lorenzo,1990-1994,2,79.42906403274269,79.17557671951798,77.94561186700273,80.33353243398541,Estimación adecuada
San Lorenzo,1995-1999,1,72.39291160482962,72.19284682242241,71.40239726764212,73.31642131760603,Estimación adecuada
San Lorenzo,1995-1999,2,78.56261721700943,78.69334331957327,77.67272278901896,79.51999709568892,Estimación adecuada
San Lorenzo,2000-2004,1,73.59466919977362,73.56793078159032,72.78733243645473,74.35925393804142,Estimación adecuada
San Lorenzo,2000-2004,2,81.14875504017051,81.01181414090294,80.00147871624328,81.95962362718467,Estimación adecuada
San Lorenzo,2005-2009,1,75.07421835227707,74.96992423121685,73.95631113478773,75.79248379879151,Estimación adecuada
San Lorenzo,2005-2009,2,82.06471302858854,81.74035230525095,81.09240507331128,82.91090016578809,Estimación adecuada
San Lorenzo,2010-2014,1,76.50254306599682,76.66945894998355,75.53869881398111,78.01513157044025,Estimación adecuada
San Lorenzo,2010-2014,2,83.9183271335132,83.3204589180238,82.3625198936928,84.52441093192162,Estimación adecuada
San Lorenzo,2015-2019,1,77.43176974248165,78.08714524249756,77.09520247202886,79.1356070095012,Estimación adecuada
San Lorenzo,2015-2019,2,85.92248006512409,85.36724020422886,84.06027887639861,87.31228064653713,Estimación adecuada
San Lorenzo,2020-2024,1,77.62523479934367,77.75117673574431,76.63149067361466,78.88858893395607,Estimación adecuada
San Lorenzo,2020-2024,2,84.55625634680975,84.28536358012353,83.05977901629845,85.47369576310035,Estimación adecuada
San Sebastian,1980-1984,1,73.33683627750408,72.86163830448506,71.87800394277775,73.69353514925118,Estimación adecuada
San Sebastian,1980-1984,2,77.39216900594447,77.66330221252318,76.5441105583943,78.62047353202514,Estimación adecuada
San Sebastian,1985-1989,1,71.54106439345284,71.7569770252399,70.6961905712572,72.502792063583,Estimación adecuada
San Sebastian,1985-1989,2,78.32567842249966,78.34721078081202,77.40341632165777,79.4518817111229,Estimación adecuada
San Sebastian,1990-1994,1,72.72006609308197,72.37406639370909,71.20534931370341,72.99606228402399,Estimación adecuada
San Sebastian,1990-1994,2,78.61121244043503,78.7711240656012,77.99894786178248,79.49202369240186,Estimación adecuada
San Sebastian,1995-1999,1,73.29080325081594,72.86417566949886,72.26941763932405,73.66533421082868,Estimación adecuada
San Sebastian,1995-1999,2,79.73176179097116,79.45198024421614,78.43815227376724,80.35831012110866,Estimación adecuada
San Sebastian,2000-2004,1,74.89792147656362,74.47435450040265,73.66455048926989,75.46177885273536,Estimación adecuada
San Sebastian,2000-2004,2,80.32263567678552,80.21917483875677,79.3553221276066,81.15490257318561,Estimación adecuada
San Sebastian,2005-2009,1,76.73740203137386,76.02234194330336,75.31466659153807,76.93319163223396,Estimación adecuada
San Sebastian,2005-2009,2,81.1692904566309,81.10565407427194,80.31197490516067,81.88157249785903,Estimación adecuada
San Sebastian,2010-2014,1,76.69546237928682,76.44806351743881,75.58662413828199,77.49230678222744,Estimación adecuada
San Sebastian,2010-2014,2,83.16134686711862,82.83922269306164,81.82443612436144,84.03280524224145,Estimación adecuada
San Sebastian,2015-2019,1,79.1178099470019,78.56068830797827,77.649740669923,79.47612279546826,Estimación adecuada
San Sebastian,2015-2019,2,84.22340952689646,83.98453758060973,82.96895131144407,85.05622049646163,Estimación adecuada
San Sebastian,2020-2024,1,78.24142492610734,77.91354069595431,76.86541876578735,78.57891526658233,Estimación adecuada
San Sebastian,2020-2024,2,84.23065748606743,84.27477203466057,83.4576255729317,85.26447301864316,Estimación adecuada
Santa Isabel,1980-1984,1,69.7275677276356,69.44979420073348,68.34128954592484,70.64742296144392,Estimación adecuada
Santa Isabel,1980-1984,2,77.7763438904047,77.36237115040998,75.96710258254174,79.0755730605236,Estimación adecuada
Santa Isabel,1985-1989,1,69.23817247335977,69.53331147102588,68.17122733180761,70.73395184527645,Estimación adecuada
Santa Isabel,1985-1989,2,76.67908928126376,76.6790866113716,75.53710770985043,77.95844827420686,Estimación adecuada
Santa Isabel,1990-1994,1,66.65679986192234,68.20366374109383,67.11638548437296,69.58857869168746,> e0 observado
Santa Isabel,1990-1994,2,76.1627447017844,76.92229292665581,75.73659659801929,78.30374766513091,Estimación adecuada
Santa Isabel,1995-1999,1,68.83610956762453,69.33009075967144,68.14024608558283,70.23317897236194,Estimación adecuada
Santa Isabel,1995-1999,2,77.73152078827611,77.54030294268935,76.4944331873701,78.65091004324222,Estimación adecuada
Santa Isabel,2000-2004,1,69.45419232564782,70.76257575569835,69.65818690588378,71.74094728426735,> e0 observado
Santa Isabel,2000-2004,2,79.11209035669054,78.98284141159753,78.15049743720826,80.50527259235339,Estimación adecuada
Santa Isabel,2005-2009,1,72.31479005793592,72.69730582061247,71.39685128891014,74.04626789108175,Estimación adecuada
Santa Isabel,2005-2009,2,81.59418713189359,81.50808086363531,80.01783384669915,83.09840086403736,Estimación adecuada
Santa Isabel,2010-2014,1,74.62174299181575,75.19255806553075,73.81038485042933,76.58810294043737,Estimación adecuada
Santa Isabel,2010-2014,2,81.81631250475374,81.40772268596427,80.34895990488559,82.68947684336587,Estimación adecuada
Santa Isabel,2015-2019,1,75.10553816345772,75.34111846216061,74.31723065433906,76.54814676953676,Estimación adecuada
Santa Isabel,2015-2019,2,85.04929628842375,83.845257938914,82.38686273187588,85.12810707446192,Estimación adecuada
Santa Isabel,2020-2024,1,74.53124138847393,75.2042793444361,73.93752903480959,76.2039376590532,Estimación adecuada
Santa Isabel,2020-2024,2,83.31177822878875,82.97258298701655,81.99157930907487,84.60906988755085,Estimación adecuada
Toa Alta,1980-1984,1,74.8830856005072,74.25924080908081,73.07481190931566,75.37119921218478,Estimación adecuada
Toa Alta,1980-1984,2,77.90618677933547,78.90009827213933,77.61541413370671,80.10334565699074,Estimación adecuada
Toa Alta,1985-1989,1,72.95726224514657,72.94857279079909,71.64004379750477,73.75137021257001,Estimación adecuada
Toa Alta,1985-1989,2,81.13925929884047,80.83230904577476,79.56008638645767,82.22341972995937,Estimación adecuada
Toa Alta,1990-1994,1,73.42887184415189,73.47957627971282,72.46163178442286,74.53450043060406,Estimación adecuada
Toa Alta,1990-1994,2,79.53507742661205,79.78377137337944,78.82011900669151,81.08032157469148,Estimación adecuada
Toa Alta,1995-1999,1,73.12825061550112,73.09725728838256,72.38401885965077,73.99139359246121,Estimación adecuada
Toa Alta,1995-1999,2,80.88771225273739,80.80612131898926,79.52101800501232,81.96907703587564,Estimación adecuada
Toa Alta,2000-2004,1,75.20122641401855,75.09363350563049,74.33743611770103,75.93367423939712,Estimación adecuada
Toa Alta,2000-2004,2,81.33505965208538,81.6658821751184,80.55789386345882,82.5422598134827,Estimación adecuada
Toa Alta,2005-2009,1,77.25808536131703,77.07148003488047,76.17309458415255,77.85940709604401,Estimación adecuada
Toa Alta,2005-2009,2,83.45975745150935,83.35360500180593,82.42725735597588,84.45164998812109,Estimación adecuada
Toa Alta,2010-2014,1,77.617438844306065,77.701654767714,76.83209363268648,78.51251120389945,Estimación adecuada
Toa Alta,2010-2014,2,84.59193836320182,84.31002139849326,83.06742767035726,85.55331166446544,Estimación adecuada
Toa Alta,2015-2019,1,79.44012262836311,79.38647075834584,78.2829238250276,80.33901372774304,Estimación adecuada
Toa Alta,2015-2019,2,84.21287299648571,84.39433428754948,83.52274228575331,85.35993006897351,Estimación adecuada
Toa Alta,2020-2024,1,79.32715713141147,79.29406468719927,78.38861792204807,80.1145575854057,Estimación adecuada
Toa Alta,2020-2024,2,85.92609855770323,85.33941988785764,84.4694131543553,86.34065411478527,Estimación adecuada
Toa Baja,1980-1984,1,72.82833976912103,72.54319992133833,71.76997011500248,73.36777442763571,Estimación adecuada
Toa Baja,1980-1984,2,79.03893803233984,78.6728387494089,77.71767191666201,79.65642377276168,Estimación adecuada
Toa Baja,1985-1989,1,71.09171108702432,71.21604526659468,70.38937586954444,71.86022695814631,Estimación adecuada
Toa Baja,1985-1989,2,79.17713173148333,78.92586215348987,77.97654140233502,79.7797532755664,Estimación adecuada
Toa Baja,1990-1994,1,69.55070432606276,70.01558217197852,69.12510842704812,70.61050203274692,Estimación adecuada
Toa Baja,1990-1994,2,78.53439715581091,78.32389470586111,77.8139950279542,78.94792668647379,Estimación adecuada
Toa Baja,1995-1999,1,71.02389397781576,71.18615824017421,70.49586392182053,71.86750029786566,Estimación adecuada
Toa Baja,1995-1999,2,80.35817914633549,79.90076476556311,79.1285589362434,80.6704774132585,Estimación adecuada
Toa Baja,2000-2004,1,73.3130761935651,73.46698201693201,72.80295476248332,74.14811609208908,Estimación adecuada
Toa Baja,2000-2004,2,81.24641875534006,81.00549304522139,80.20873647148062,81.79758365086082,Estimación adecuada
Toa Baja,2005-2009,1,73.9336800218148,74.17481312232283,73.35873808733481,74.93307572073104,Estimación adecuada
Toa Baja,2005-2009,2,81.2918522418654,81.20446950521728,80.51094229524807,82.0885105486195,Estimación adecuada
Toa Baja,2010-2014,1,75.63234922554784,75.7691733616612,75.14078184214347,76.50067525196818,Estimación adecuada
Toa Baja,2010-2014,2,83.19276198853512,82.9622770061402,82.31732441763018,83.6775528791273,Estimación adecuada
Toa Baja,2015-2019,1,77.0796431176242,77.12322601376718,76.40500194835847,77.87921968559723,Estimación adecuada
Toa Baja,2015-2019,2,85.28768156374481,85.15470673426915,84.01909354109199,85.86596962326195,Estimación adecuada
Toa Baja,2020-2024,1,76.06866784040614,76.34314186958851,75.55584326413415,77.0990433178782,Estimación adecuada
Toa Baja,2020-2024,2,84.82502560819063,84.71060992152053,84.01172404267527,85.48153995573159,Estimación adecuada
Trujillo Alto,1980-1984,1,73.8807661516517,73.73927613917641,72.70551146719725,75.08056711464289,Estimación adecuada
Trujillo Alto,1980-1984,2,80.45848591811597,80.0554121341817,78.93645113824977,81.27873976930633,Estimación adecuada
Trujillo Alto,1985-1989,1,72.91759611684925,72.99730485914128,72.2368825824024,73.9830788598237,Estimación adecuada
Trujillo Alto,1985-1989,2,81.01563083839561,80.57665593840807,79.44923492056205,81.66846233858365,Estimación adecuada
Trujillo Alto,1990-1994,1,72.6023641348921,72.72465504879816,71.94184862352662,73.56229292477951,Estimación adecuada
Trujillo Alto,1990-1994,2,79.85175886432305,79.86330771586036,78.71358427876316,80.66974684290028,Estimación adecuada
Trujillo Alto,1995-1999,1,72.41162116159781,72.77560421261181,72.0005362600536,73.65488995833016,Estimación adecuada
Trujillo Alto,1995-1999,2,81.19162622930031,80.7033899605419,79.9361441761036,81.5968782093129,Estimación adecuada
Trujillo Alto,2000-2004,1,74.68446388601943,74.91476411321032,74.02677531034033,75.66362686983985,Estimación adecuada
Trujillo Alto,2000-2004,2,83.41194987282269,83.25091398175618,82.33383021882592,84.50542344431801,Estimación adecuada
Trujillo Alto,2005-2009,1,75.81610434260868,75.9199865349319,75.06197379199858,76.6795954462672,Estimación adecuada
Trujillo Alto,2005-2009,2,83.84316698522537,83.5989932892152,82.61825270852046,84.47857263371395,Estimación adecuada
Trujillo Alto,2010-2014,1,77.88979650864401,77.85656551334013,77.01697154848117,78.84967260702017,Estimación adecuada
Trujillo Alto,2010-2014,2,85.28937280458358,84.94706992182341,83.95175671271059,85.8930645024609,Estimación adecuada
Trujillo Alto,2015-2019,1,79.53728233113502,79.62753283833752,78.61226531253234,80.33440377499255,Estimación adecuada
Trujillo Alto,2015-2019,2,86.3543330403018,86.35094521273257,85.31708840232865,87.15252713580138,Estimación adecuada
Trujillo Alto,2020-2024,1,78.39208683519212,78.55614937409348,77.60775856899201,79.42152208756863,Estimación adecuada
Trujillo Alto,2020-2024,2,86.16954614436371,85.77871318310875,85.17488946359484,86.65379483991376,Estimación adecuada
Utuado,1980-1984,1,72.77455758364391,72.7904341360721,71.86282330326725,73.63255464775438,Estimación adecuada
Utuado,1980-1984,2,78.22725510627389,78.19317097749679,77.37380296543952,79.25178781463411,Estimación adecuada
Utuado,1985-1989,1,72.49241351300115,72.37593858423944,71.63292574818414,73.33801489125025,Estimación adecuada
Utuado,1985-1989,2,78.55971933281445,78.43288762826285,77.6283539609368,79.49473480746607,Estimación adecuada
Utuado,1990-1994,1,73.58027996114916,72.92918393105192,71.87130254079835,73.90218832121366,Estimación adecuada
Utuado,1990-1994,2,79.15999314000904,78.93749070597893,77.92903074708808,79.68641772562412,Estimación adecuada
Utuado,1995-1999,1,73.56681994998524,72.70839972461448,71.80143693549499,73.60050567890022,Estimación adecuada
Utuado,1995-1999,2,79.75811291705193,79.412546189697,78.58257283281799,80.43822165752033,Estimación adecuada
Utuado,2000-2004,1,75.66609210920785,74.74253854595256,73.79350278638721,75.70766160849425,Estimación adecuada
Utuado,2000-2004,2,80.85296661933371,81.14499801708702,80.17164414412692,81.91191197310943,Estimación adecuada
Utuado,2005-2009,1,74.96306439444312,74.96035473127694,74.0404648368708,75.91961874872293,Estimación adecuada
Utuado,2005-2009,2,81.95177865789455,82.0798644440756,80.88056441397346,83.40939280219325,Estimación adecuada
Utuado,2010-2014,1,76.45438665507136,76.00855113464327,74.98959429976546,76.73117272796492,Estimación adecuada
Utuado,2010-2014,2,83.96232047500072,83.47038840147606,82.23715319127429,84.86200484552688,Estimación adecuada
Utuado,2015-2019,1,79.0189703608258,78.98370184279916,78.05139508165146,80.32082639481365,Estimación adecuada
Utuado,2015-2019,2,85.5118737413184,85.13335181784393,83.72692220698167,86.33537531899422,Estimación adecuada
Utuado,2020-2024,1,80.22889535833663,79.16332649860337,78.07963932642564,80.17577358695209,< e0 observado
Utuado,2020-2024,2,86.24989014279643,85.31818530144193,84.22797500847417,86.8178096600814,Estimación adecuada
Vega Alta,1980-1984,1,73.54933326191107,73.00310385745448,72.01730869308872,74.02348112678638,Estimación adecuada
Vega Alta,1980-1984,2,78.25469326095431,78.5064850265969,77.29731320931441,79.64293035516442,Estimación adecuada
Vega Alta,1985-1989,1,72.05535344696615,72.1985796198742,71.21405885071921,73.42879218569715,Estimación adecuada
Vega Alta,1985-1989,2,78.15985935324002,78.28697573374866,77.44958617166667,79.39811476076687,Estimación adecuada
Vega Alta,1990-1994,1,70.24052329679134,70.74528406506997,69.85859454394138,71.66224793289149,Estimación adecuada
Vega Alta,1990-1994,2,79.51462054686016,79.44648894521313,78.33851452616582,80.67022707309901,Estimación adecuada
Vega Alta,1995-1999,1,71.54816531304111,71.82692390978285,71.1318299899677,72.58870347978811,Estimación adecuada
Vega Alta,1995-1999,2,79.34051049480365,79.39968838870695,78.53264271289987,80.5863339445659,Estimación adecuada
Vega Alta,2000-2004,1,74.10875011525926,74.11887225697465,73.03056712379151,75.02763510747891,Estimación adecuada
Vega Alta,2000-2004,2,81.98636550598057,81.67528335686632,80.35960718500186,83.261040726476807,Estimación adecuada
Vega Alta,2005-2009,1,74.49742104581102,74.86658819246698,73.77203354456043,75.86283729183683,Estimación adecuada
Vega Alta,2005-2009,2,82.79578771576239,82.32613195591966,81.28072353845901,83.58736903654233,Estimación adecuada
Vega Alta,2010-2014,1,76.95585105473053,76.70632099532682,75.71897904241482,77.7457501988589,Estimación adecuada
Vega Alta,2010-2014,2,84.70771205138385,84.09320481125327,82.97748500527638,85.75375867074806,Estimación adecuada
Vega Alta,2015-2019,1,79.09002086085074,78.55010383651978,77.55783782489924,79.8764742958709,Estimación adecuada
Vega Alta,2015-2019,2,84.78023321458953,84.79680412249077,83.84920396323541,85.97893117799487,Estimación adecuada
Vega Alta,2020-2024,1,79.13203080104806,78.82431168859176,77.81061136956328,79.78752516978196,Estimación adecuada
Vega Alta,2020-2024,2,86.55489338482076,85.88745736723035,84.52592998737784,87.17004336717903,Estimación adecuada
Vega Baja,1980-1984,1,72.17472574689376,71.83779779817834,71.0847390710174,72.86689828090408,Estimación adecuada
Vega Baja,1980-1984,2,77.4559969407079,77.08822103700192,76.36784532190164,78.24214080945349,Estimación adecuada
Vega Baja,1985-1989,1,71.32919645334727,71.360398194905855,70.47844966215789,72.39093784463083,Estimación adecuada
Vega Baja,1985-1989,2,78.37255208308184,78.28787931754528,77.5088704800298,79.4316572094801,Estimación adecuada
Vega Baja,1990-1994,1,69.34239102427848,69.6288373200459,68.7608385461345,70.43674386960053,Estimación adecuada
Vega Baja,1990-1994,2,79.817128530258,79.43818947667216,78.52189696008529,80.66386131610632,Estimación adecuada
Vega Baja,1995-1999,1,69.80129928554581,70.17217941656547,69.47819220411829,70.85749077395243,Estimación adecuada
Vega Baja,1995-1999,2,78.73855584436625,78.54107789083704,77.7364705517703,79.30065478710318,Estimación adecuada
Vega Baja,2000-2004,1,71.71281396652603,72.05098138173582,71.3555847820514,72.84324618039221,Estimación adecuada
Vega Baja,2000-2004,2,80.83940501884719,80.37992580901499,79.55683005829682,81.1589878938886,Estimación adecuada
Vega Baja,2005-2009,1,73.49107576558887,73.68796224141965,73.01375290387195,74.47374525956823,Estimación adecuada
Vega Baja,2005-2009,2,81.56225378359265,81.37955607562847,80.41034469256905,82.06724129637598,Estimación adecuada
Vega Baja,2010-2014,1,75.67293352681041,75.71072986167458,74.915322697628,76.48386916794144,Estimación adecuada
Vega Baja,2010-2014,2,82.83225536608914,82.50865723004613,81.5667845499851,83.48040117883025,Estimación adecuada
Vega Baja,2015-2019,1,77.17186219895375,76.98537267188257,76.20369100628012,77.52912171429361,Estimación adecuada
Vega Baja,2015-2019,2,85.55300741129905,85.19672134659457,84.04976253826177,86.28118145616867,Estimación adecuada
Vega Baja,2020-2024,1,76.1343018706242,76.61868461344915,75.94572259713404,77.61585543385078,Estimación adecuada
Vega Baja,2020-2024,2,85.01178406884422,84.38513590826176,83.27556307696666,85.3332451633373,Estimación adecuada
Vieques,1980-1984,1,68.44199950691872,69.3631265949542,68.05153334232969,70.63346468246245,Estimación adecuada
Vieques,1980-1984,2,79.82881030409467,77.32899492194991,75.7285739926666,79.04363118759568,< e0 observado
Vieques,1985-1989,1,68.91887213110078,69.08208936711694,67.77986444735959,70.3542926295344,Estimación adecuada
Vieques,1985-1989,2,76.64055553721266,76.99631173425766,75.49619256105456,78.52684539036531,Estimación adecuada
Vieques,1990-1994,1,70.56388701195755,69.76116304284406,68.48558986653134,70.9932227965099,Estimación adecuada
Vieques,1990-1994,2,75.61141239304688,76.72123609265077,75.39215702206525,78.27418922042213,Estimación adecuada
Vieques,1995-1999,1,67.1661520645474,68.709293184678,67.15821565957353,70.15472618675896,Estimación adecuada
Vieques,1995-1999,2,77.66760098100364,77.99878573893398,76.57025115814484,79.44516796284071,Estimación adecuada
Vieques,2000-2004,1,71.06219249587082,71.71173443299304,70.00943522560272,72.84123370366515,Estimación adecuada
Vieques,2000-2004,2,79.94564055883934,79.74827664042984,78.28984108860004,81.38875696609188,Estimación adecuada
Vieques,2005-2009,1,71.86562241202773,72.7860782965102,71.14383601546541,74.00866854011664,Estimación adecuada
Vieques,2005-2009,2,82.1662176624026,81.17610221884651,79.66768454358751,83.15130068910511,Estimación adecuada
Vieques,2010-2014,1,72.38693885614644,74.38507566440259,72.9434117997031,76.3304060076894,> e0 observado
Vieques,2010-2014,2,82.20083674525317,82.31106092112799,80.54192465673376,83.72863449205288,Estimación adecuada
Vieques,2015-2019,1,75.48771486205818,76.44863242567622,74.8815101698369,78.06753374915631,Estimación adecuada
Vieques,2015-2019,2,85.60400958844578,83.94091142592748,81.9231103296838,86.95545920569697,Estimación adecuada
Vieques,2020-2024,1,70.30670126441383,75.18782721191741,73.29713517795761,76.83595039057383,> e0 observado
Vieques,2020-2024,2,82.77316856062777,82.75673955892609,81.17456035175823,84.54859655277363,Estimación adecuada
Villalba,1980-1984,1,71.31481633801816,71.60893360521052,70.40888480194255,73.10500315230605,Estimación adecuada
Villalba,1980-1984,2,77.35744616187003,78.05628423896458,76.88101395156627,79.45147245288331,Estimación adecuada
Villalba,1985-1989,1,70.6812298941124,71.06924508130629,70.27970891848727,72.21256112739007,Estimación adecuada
Villalba,1985-1989,2,78.13907330956457,78.48760336608932,77.05658775331182,79.68413583621485,Estimación adecuada
Villalba,1990-1994,1,72.3498469286644,71.6132060672235,70.50051274548471,72.67408365027853,Estimación adecuada
Villalba,1990-1994,2,79.32972359168376,79.00706953993725,77.67043678032775,80.29011723586295,Estimación adecuada
Villalba,1995-1999,1,74.12665072351581,72.82886055489263,71.7828922280826,73.77699219136646,< e0 observado
Villalba,1995-1999,2,79.94095261032773,79.6526198805399,78.34810777679104,81.08105414105083,Estimación adecuada
Villalba,2000-2004,1,75.24588138203707,74.7105633051853,73.56981164995511,75.64812395956166,Estimación adecuada
Villalba,2000-2004,2,81.24189158745828,80.71047506682189,79.71910199758571,82.005575106623,Estimación adecuada
Villalba,2005-2009,1,75.22194783512565,75.18173095117754,74.00509764711893,76.55001422874867,Estimación adecuada
Villalba,2005-2009,2,82.367985821704,82.00275177835977,80.98061500800478,83.57063358221691,Estimación adecuada
Villalba,2010-2014,1,77.8383761040004,76.83112917562951,75.85017454509622,78.04105487009643,Estimación adecuada
Villalba,2010-2014,2,82.38109633625453,82.66321535446366,81.53747645069204,84.34342896237078,Estimación adecuada
Villalba,2015-2019,1,77.83504649286682,77.65243043817455,76.38341366231899,78.58576600098776,Estimación adecuada
Villalba,2015-2019,2,84.05820533092681,84.24299080940192,82.84888572461334,85.64531417047061,Estimación adecuada
Villalba,2020-2024,1,77.24232552482839,77.18226785899205,75.99020124155379,78.27191189138966,Estimación adecuada
Villalba,2020-2024,2,85.36972299365041,85.24091380568213,84.08409250811609,87.5085641391435,Estimación adecuada
Yabucoa,1980-1984,1,71.13885114874819,71.18960900178254,70.14081233616747,72.51409296128118,Estimación adecuada
Yabucoa,1980-1984,2,77.69784172893796,77.82289612612848,76.94544657768687,78.7999275435269,Estimación adecuada
Yabucoa,1985-1989,1,71.6497165141789,71.74022127837084,70.86201835762581,72.71003388090176,Estimación adecuada
Yabucoa,1985-1989,2,78.71247157491743,78.58592283305181,77.679847716386,79.78858183609346,Estimación adecuada
Yabucoa,1990-1994,1,72.18368470754862,71.87693708184176,70.85612203597313,72.85971360764813,Estimación adecuada
Yabucoa,1990-1994,2,78.65582186258791,78.68583924650275,77.65566486093212,79.91524482217531,Estimación adecuada
Yabucoa,1995-1999,1,70.61759581589234,71.05437804601885,69.98465855087468,71.85734177372666,Estimación adecuada
Yabucoa,1995-1999,2,79.25053941807832,79.0631474085152,78.00875619725196,80.05991957821725,Estimación adecuada
Yabucoa,2000-2004,1,74.67500524731325,74.38163354324499,73.32531711435345,75.28117684593761,Estimación adecuada
Yabucoa,2000-2004,2,81.74191284227646,81.55154560624581,80.33948253045153,82.64787112336494,Estimación adecuada
Yabucoa,2005-2009,1,74.52109913218256,74.7859301978003,73.95909498038378,75.64432465690828,Estimación adecuada
Yabucoa,2005-2009,2,83.07308125246723,82.99826136279304,81.48208239279958,84.07886964619578,Estimación adecuada
Yabucoa,2010-2014,1,75.57434879024864,76.1612056636987,75.07916665739944,76.92818743637922,Estimación adecuada
Yabucoa,2010-2014,2,82.0382545268585,82.45911711386213,81.47483228291355,83.61248408901625,Estimación adecuada
Yabucoa,2015-2019,1,77.58753133123862,78.00241617916942,77.03249812984458,79.18057447571418,Estimación adecuada
Yabucoa,2015-2019,2,86.1265699532434,85.5689321872164,84.27472287906728,87.56849132321858,Estimación adecuada
Yabucoa,2020-2024,1,75.78194920338815,77.20858103001622,76.16119806874775,78.3609645492474,> e0 observado
Yabucoa,2020-2024,2,85.25611674355481,84.87270251383185,83.8588815759315,86.310699873679,Estimación adecuada
Yauco,1980-1984,1,71.51456720078431,71.12769576010778,70.11091897085521,71.88514233959549,Estimación adecuada
Yauco,1980-1984,2,77.4589640282646,77.39724184602332,76.36308581857361,78.4676861591355,Estimación adecuada
Yauco,1985-1989,1,69.95040254168732,70.14046080136735,69.35744215049024,71.04231560589943,Estimación adecuada
Yauco,1985-1989,2,77.60208552265917,77.38231297438645,76.2352842550687,78.38503217135144,Estimación adecuada
Yauco,1990-1994,1,71.7335324052013,71.28231392055724,70.32874378241792,72.00377063177093,Estimación adecuada
Yauco,1990-1994,2,78.49054698828598,78.24720223256597,77.13968438320447,79.15473613494328,Estimación adecuada
Yauco,1995-1999,1,72.03051290197796,71.57050433901475,70.77280353593298,72.35355455916361,Estimación adecuada
Yauco,1995-1999,2,79.29391771380651,78.7050033069054,78.05474956077326,79.59417188202173,Estimación adecuada
Yauco,2000-2004,1,72.97803149863371,73.04731376299893,72.1317610275928,73.9827025198311,Estimación adecuada
Yauco,2000-2004,2,79.24854846213276,79.2870984919534,78.5279829201061,80.10387184035923,Estimación adecuada
Yauco,2005-2009,1,73.24138587908658,73.59596898990588,72.8491787494922,74.43593147656452,Estimación adecuada
Yauco,2005-2009,2,80.5594161821005,80.61979133634215,79.84292502868533,81.29731810860227,Estimación adecuada
Yauco,2010-2014,1,75.57887719653512,75.51181402088145,74.71898156909066,76.55289055659327,Estimación adecuada
Yauco,2010-2014,2,81.76032266455593,81.90768595176046,80.89818035520229,82.8018176535661,Estimación adecuada
Yauco,2015-2019,1,77.43223226793361,77.18938201337224,76.30841543198835,78.30567146810155,Estimación adecuada
Yauco,2015-2019,2,82.51620418595085,83.19273940331404,82.10682547018698,84.2105433218234,Estimación adecuada
Yauco,2020-2024,1,75.94482006846164,76.34743184276391,75.42844507679222,77.03254131594579,Estimación adecuada
Yauco,2020-2024,2,83.86986937855978,83.38395097374337,82.39687660053454,84.27281257556294,Estimación adecuada
