reg_code	age	include_code	1980	1985	1990	1995	2000	2005	2010	2015	2020
72001	0-4	2	0.00562783367945431	0.00312684455456437	0.00301460042249721	0.00468758663464357	0.00353907652517812	0.00118553319835646	0.00199847008988277	0.00307833008829254	0.00319438912662285
72001	5-9	2	0.000262254600173792	0.000595119066093705	0.000436913430458246	0.00028892838184892	0.000494566460344833	0.000333744017308504	0.000653215039585131	0.000453553580840847	0.000570821591377248
72001	10-14	2	0.000552017991104796	0.000763746585487029	0.000618772800887674	0.000449804486375116	0.000279134202925376	0.000305672642417382	0.000340978702501224	0.000400890211771459	0.000467818019246485
72001	15-19	2	0.00166277657626579	0.000823974679705688	0.000857811225333976	0.00143855146682028	0.00125364798744046	0.000869013372725656	0.00053232297397723	0.00118845809363902	0.000702892780583326
72001	20-24	2	0.000790193382408431	0.00154603886670219	0.00131344447506629	0.00158561644365615	0.001283183191607	0.00213768697838519	0.00056215756549184	0.00122722496072609	0.00135679847422622
72001	25-29	2	0.00128435434352612	0.0029653320961046	0.00267190908976518	0.003570462499125	0.00164468787578439	0.00178270980911374	0.00196367180659022	0.00225964786984995	0.00201339960826033
72001	30-34	2	0.0017915715565838	0.00274654387793016	0.00303626428127818	0.0044296683432242	0.00205193349276162	0.00175492789334465	0.00204531089819232	0.00445303456492162	0.00131438214130326
72001	35-39	2	0.0023384018538108	0.00488964192925465	0.00491937107179292	0.00258181361446725	0.00261580851293121	0.00248037151237852	0.00265309876030968	0.00113580771689502	0.00166038667137359
72001	40-44	2	0.00326609350451564	0.00505501223260161	0.00525095762754331	0.00403773725457781	0.0025517595596616	0.00463561584063192	0.00166731996882364	0.00321640043630358	0.00265522143542025
72001	45-49	2	0.00646708265109808	0.00617671023335563	0.00556165182556823	0.00397068058769937	0.00298279896802405	0.00408781773269857	0.00368684008846544	0.00297672936651593	0.00507678640771816
72001	50-54	2	0.00717089306567091	0.00944018045826606	0.00750294240072406	0.00560073822466366	0.00430303444044905	0.00558827819148122	0.00429251916366092	0.00391356109079727	0.00524568742836969
72001	55-59	2	0.0109588343614687	0.0137748440610841	0.0100126299566367	0.0100579682992562	0.011201192087741	0.00649033436945767	0.00713479231271175	0.00701659644915562	0.00777545691271195
72001	60-64	2	0.0176967153174469	0.0289253072087203	0.0267358351569742	0.0233855612592041	0.0155429825694433	0.0109067302127663	0.0102747176940736	0.0142650959663418	0.00641955701389439
72001	65-69	2	0.0276159629534861	0.033788886362891	0.0312063098170848	0.0298401357612568	0.0209226156573226	0.0189085938922338	0.0168408891525545	0.0121088174120266	0.00820358954364032
72001	70-74	2	0.0433349553478738	0.0386843551087418	0.0340778899536335	0.0338007852437029	0.0341541028646831	0.0343362484316568	0.0264205781028338	0.0183502517971333	0.0220926362394441
72001	75-79	2	0.0585132622001364	0.061287239338435	0.0665778630695746	0.0496923076948939	0.0677017024745026	0.0404535342305345	0.0411005176202403	0.0258941921308327	0.0337737277109885
72001	80-84	2	0.0814383269867752	0.0818718859172076	0.0961066079491196	0.108108080640533	0.0887575155519146	0.0618263110270599	0.0751845665388799	0.0592439752582795	0.0398137945811373
72001	85+	2	0.182920039849927	0.152584204619288	0.138181402737959	0.140976785909639	0.173382019856402	0.150962805703078	0.115305597692518	0.12764961550716	0.103104195018813
72003	0-4	2	0.00377704910936228	0.00263495233270263	0.00218345513694636	0.00202035509112168	0.00151011294486297	0.00191817204289917	0.0024805769187012	0.000732432884008067	0.00200759426393044
72003	5-9	2	0.000676680889995426	0.00046194798158861	0.000676874773018354	0.000473597441421662	0.000270927605674121	0.000556151617984668	0.000218641183548849	0.00025043667406592	0.000324097705082074
72003	10-14	2	0.000887365845610975	0.000320908068807233	0.000420980202190111	0.00044131116943381	0.000158896685339227	0.000272089492882083	0.00031099944072342	0.000229262911987383	0.000257901375312305
72003	15-19	2	0.000759019686164589	0.00114652447508469	0.00104865676486635	0.000779460050392318	0.000993716349771239	0.000803430445204449	0.000510691977031452	0.000614975659441567	0.000391431807654898
72003	20-24	2	0.000880455752702843	0.00254874407386016	0.00173909634006661	0.00133833594097109	0.00124518147706656	0.00122083790700245	0.00102918796469228	0.00158994833250507	0.00129178904685726
72003	25-29	2	0.00214978968514692	0.00121303250232863	0.00214945945725667	0.00269599977207276	0.00156726808015753	0.000992727034533131	0.00221424115332652	0.0015898458337195	0.00129547912534111
72003	30-34	2	0.00234284585926111	0.00231490877763027	0.00184106980795961	0.00234911496582363	0.0020723520190427	0.00100671950561272	0.00106614402554346	0.00138083973850879	0.00181579305442261
72003	35-39	2	0.0019000489898508	0.00303820061659796	0.00376658670902589	0.00326865766054096	0.00332927736520515	0.0014224429263926	0.002136751977105	0.00174950995753	0.0026526717302525
72003	40-44	2	0.00280515852264796	0.00344923108332141	0.00519272764052291	0.00522189552609132	0.00322084026336891	0.00288915823663208	0.00293181444318607	0.00213077299820612	0.00330710927250392
72003	45-49	2	0.00528429311856036	0.00543820769828286	0.00415011046560803	0.00494049057995122	0.00362089057950362	0.00278617526505164	0.00315329287064723	0.00444245806792054	0.00284009848845738
72003	50-54	2	0.00978175650815893	0.00747371263591196	0.0109763662990413	0.00792816079127032	0.00642281805445288	0.00671113006183552	0.00580604069676038	0.00421698918428748	0.0058148718364612
72003	55-59	2	0.00883890048133121	0.011321187245444	0.0101880245446381	0.0118987669692965	0.0078287246978682	0.00797144758086456	0.00799322058447709	0.00718561953782022	0.0056283420186897
72003	60-64	2	0.0187601488636124	0.0163875047208845	0.0172112000733042	0.0165419856773243	0.0144175187010282	0.00937246429341262	0.013182691479798	0.00824232411902972	0.0130884095656775
72003	65-69	2	0.0266818335385512	0.0215406405650175	0.0242275471216035	0.0255247774593562	0.02181007520489	0.0222054955688136	0.0177137106779994	0.0142579603153511	0.0197023028052735
72003	70-74	2	0.0469162865729364	0.0362651980386189	0.0309037007363715	0.0387794004945094	0.0358116301683614	0.0270381647198335	0.0245745327574172	0.0237062197754801	0.0206466057601125
72003	75-79	2	0.0475483010053272	0.0576856295959773	0.0486622350149737	0.0591456517947273	0.0513097725631643	0.0388908015027992	0.0442391087737362	0.0301968088104163	0.0403768297528344
72003	80-84	2	0.0790568720198846	0.0946675077835253	0.0883471018015637	0.0783594795717204	0.0646671427051867	0.0677160225240544	0.0700867096661922	0.0561999877573207	0.0599754732278625
72003	85+	2	0.165374099792878	0.165982710766287	0.17502930634164	0.141891108714045	0.17413019774972	0.178270888352363	0.139848158765291	0.122280237601604	0.114643398857028
72005	0-4	2	0.00537750003379925	0.00366413599199912	0.00391338133530509	0.002273980817724	0.00168968103663983	0.00193930975529342	0.00173407574407738	0.00082010135196351	0.00127237123714888
72005	5-9	2	0.000375162727994723	0.000179075776578429	0.000118841135213278	0.000189536515102741	0.00033988560797382	0.000129867935515151	0.000231810069367447	0.000172991351666775	0.000374428498392947
72005	10-14	2	0.00061200124328468	0.000423895939422584	0.000583583798295909	0.000335137841123665	0.000124222732280465	0.000201332899693463	0.00013822433617222	0.000256113363637498	0.000188484611744515
72005	15-19	2	0.000714194074424231	0.000762766808875597	0.00136465052709484	0.00145288895591855	0.0011122658077165	0.000992754549801696	0.000462277055779222	0.000530771824550892	0.00082682203772482
72005	20-24	2	0.00214032778511532	0.00168900650470741	0.00185008586414471	0.00228235436470821	0.00139037150020039	0.00125809948987559	0.0017885908527334	0.00152232194707586	0.00125457238892106
72005	25-29	2	0.00275562002449968	0.00380773933544679	0.00257602822253589	0.00265099993312676	0.00128275781250851	0.00255184298387328	0.00130641605416287	0.00133859238714338	0.00202625353035926
72005	30-34	2	0.00264658848695353	0.00307107184757888	0.00316381471915179	0.00414906159646584	0.00166460002670201	0.00157905189852378	0.00166645013944858	0.00247924609658821	0.00436871698676428
72005	35-39	2	0.00307754275112472	0.00528023801072987	0.00508422166747603	0.00461284329424963	0.00350962600928881	0.00356366389927406	0.00286665130715659	0.0031663889910928	0.00337363153281667
72005	40-44	2	0.00513369249733818	0.00651547644350904	0.00478548701920008	0.00630274491812552	0.00329199494752876	0.00500055608673207	0.0031883725901684	0.00281235989579996	0.00517190133529104
72005	45-49	2	0.00655825469581224	0.00660609112008858	0.00675234799738073	0.00721357183806568	0.00554648522416619	0.00595262763776191	0.00487413717617399	0.0041976995890727	0.00541135352651145
72005	50-54	2	0.00794977850036414	0.00813770211093924	0.00815557260715458	0.00851888497655353	0.00749233923655975	0.00770205757610107	0.00726057834086233	0.00682049566849475	0.00829743210627819
72005	55-59	2	0.0126917452556878	0.0141208758743949	0.013041311543668	0.0127218202424077	0.0120354644432096	0.00967912241182694	0.00952426615032271	0.0128558713167637	0.00901581343525946
72005	60-64	2	0.0176808306141792	0.0185698944507846	0.0216616833833983	0.017501192978901	0.0166477484924711	0.0159283883275767	0.0147656087747179	0.0135103799390167	0.0123508098741989
72005	65-69	2	0.0276594275928703	0.0269820094344017	0.0262894993608517	0.0278943805433259	0.0241253860430453	0.0199992323338999	0.0211405217356208	0.020993947931112	0.0167700535854827
72005	70-74	2	0.0446611048046843	0.0400640811632727	0.0422910706964507	0.0363803805911981	0.0351269497402464	0.0319684096251895	0.0268730072725813	0.0278346398646635	0.0239175879291886
72005	75-79	2	0.0541565446547275	0.0586878813425978	0.0532771174019585	0.0621101096041359	0.0547596215802882	0.0511907921136394	0.0457532388255569	0.0352034291597137	0.0356920447380422
72005	80-84	2	0.0814203413340381	0.0877818046256474	0.0877877587325821	0.0975016352867002	0.0942339701141189	0.0748200404840201	0.070692620631453	0.0566587290225638	0.0619789105889948
72005	85+	2	0.190271024937826	0.153980086379841	0.143480653774773	0.157145290077083	0.16684003125254	0.177190633698942	0.138870671704258	0.116027457061682	0.122984841006316
72007	0-4	2	0.00499126924087311	0.0037858794247516	0.00274495404020804	0.00286382542011917	0.00227159014078182	0.00274032165805236	0.00211324312119013	0.002030522001946	0.00379374467760041
72007	5-9	2	0.000355968729043259	0.000639614983758172	0.000501430336283082	0.000231318061413599	0.000376665283477808	0.000396499449750121	0.000449251459647198	0.000599164166597904	0.000488006668484706
72007	10-14	2	0.00081268288963155	0.000473605960785995	0.000338115468788241	0.000658343092628157	0.000524722669922742	0.000528202189095704	0.000251040052424657	0.000299044670445045	0.000388829937484432
72007	15-19	2	0.000878099734784165	0.00108124307610604	0.000804298726235951	0.00154586825743786	0.00114090386441428	0.000707539780993587	0.00129594045116024	0.000466012171836256	0.000805716689103317
72007	20-24	2	0.0015593401637803	0.00158144974251353	0.00246779003686663	0.0022406490986163	0.00314962939737698	0.00206527550948282	0.00265000269340995	0.00380129656979332	0.00277955996636764
72007	25-29	2	0.00187813749648758	0.00326113850918107	0.00230645212399882	0.00276781083641615	0.00281162316263249	0.0028936817922927	0.00509581795227105	0.00253552807424826	0.00117985028439235
72007	30-34	2	0.00288458539568379	0.00271005306306871	0.0043966599653896	0.00508939199243933	0.00129324564313245	0.00365503445145235	0.00317272671177679	0.00351351883654761	0.00298016665498249
72007	35-39	2	0.00335830375631945	0.00261111615088746	0.00480485706026812	0.00444306420251224	0.00278457572294737	0.00308742539610996	0.00309671383321151	0.00390107207922952	0.00362330957432338
72007	40-44	2	0.00396039147167034	0.00404778635038573	0.00371882839716551	0.00396112248373469	0.0040604245024509	0.00427292469759621	0.00341585555986398	0.00529969572433744	0.00208493575112625
72007	45-49	2	0.00620831430655897	0.00655841917745466	0.0066899979607661	0.00473153934845454	0.00566934023806351	0.00628075767800408	0.00515834684469416	0.00372180483742714	0.00433407273375991
72007	50-54	2	0.011037492561677	0.0121680872300067	0.00671096306445414	0.0105249755876718	0.00508267892363092	0.00811808177861414	0.0075842235645522	0.00512993061050086	0.00609930629302235
72007	55-59	2	0.0141983822300197	0.0135381335032699	0.0140788885860951	0.00879069186153877	0.010923586677477	0.009478633159743	0.00736743711070424	0.00961861035248563	0.0107439469405311
72007	60-64	2	0.0122551706616595	0.0172752580358276	0.012901132300213	0.0150726514418435	0.0137738688663156	0.0125249383957689	0.0116499539379469	0.0100246500382079	0.0136632708976492
72007	65-69	2	0.0328695961950242	0.0242718902222397	0.0272693716672579	0.0187940860858076	0.024590726444045	0.0225875863732374	0.0115924361550571	0.0187244112578948	0.0134714675406475
72007	70-74	2	0.0443622188906417	0.0421339270483978	0.0512617028357745	0.0371870667995341	0.0235260081800843	0.0203467975830142	0.0215405269105864	0.0223177833907461	0.0210711424728051
72007	75-79	2	0.0610070886940461	0.0542815084657344	0.0469243833111777	0.0556627713498492	0.0506190121392252	0.0422669406704046	0.0308840430673299	0.0271761838938229	0.0358958771021665
72007	80-84	2	0.0756886631060798	0.070458134117791	0.073575119435285	0.0942015937487065	0.0792162146647163	0.0737882922782331	0.0553223721052368	0.0606043974839272	0.051786321657202
72007	85+	2	0.192711007989504	0.184869011106028	0.123714118514263	0.135132639533917	0.134487933087302	0.153083131745784	0.132894492673013	0.119689003253813	0.116597972190107
72009	0-4	2	0.00484731752562856	0.00561525464601742	0.00339241060410488	0.00289472869144035	0.00238957482632864	0.00319331640321091	0.00415701263444305	0.00216885566869567	0.00231531370567095
72009	5-9	2	0.000804601467016206	0.000220547117940446	0.00036209637174657	0.000705125076427344	0.000249687038077978	0.000276297939304922	0.000311872674224715	0.000360821627551391	0.000707557057653179
72009	10-14	2	0.000473521513427945	0.000506022287533186	0.000370262312064759	0.000223117995988197	0.00111467656569411	0.000248707196167761	0.000677787640214247	0.000311857358469359	0.000353851210066683
72009	15-19	2	0.000900428872385382	0.00122912596804193	0.00125592430341664	0.00095587552851093	0.000836899268982753	0.00124309965797575	0.00218160496233401	0.00095907630485725	0.000798460394218742
72009	20-24	2	0.00162616106286195	0.00157928835927324	0.00177288780688862	0.00243444030399435	0.00154546124876359	0.00151061763680563	0.00260338406743536	0.00367365139405621	0.0010575576636182
72009	25-29	2	0.00197071378642134	0.00216219115094862	0.00268487431178068	0.0017235491472157	0.0017726453830478	0.0028572506979756	0.00288100182725345	0.00306445070086105	0.00216738182687104
72009	30-34	2	0.00189215451789057	0.00287096565069613	0.00357406055766625	0.00262325847185771	0.00294028245448959	0.00252863849966119	0.00400140470715677	0.00332062771043213	0.0018969819690317
72009	35-39	2	0.00348625028178768	0.00407109333777972	0.00650814742153492	0.00282577641056512	0.00280098225922328	0.00295710664590456	0.00247037445187987	0.00217306323479429	0.00405447050027701
72009	40-44	2	0.00242636090301901	0.0039425279144855	0.0040012585009149	0.00591416361037768	0.00330117199209254	0.0049653705418551	0.00273050434470239	0.00411305402740244	0.00367802734263393
72009	45-49	2	0.00707217281670227	0.0035445275740949	0.00498636315888882	0.00637117584401332	0.00368023544993475	0.00448222463670176	0.00625999020311447	0.00322828827369211	0.00434142110723848
72009	50-54	2	0.013864510735983	0.0128158776203469	0.009263814678341	0.00826807148425423	0.00507708234147563	0.00598243304589954	0.00653518701281868	0.00868214739159843	0.00514061055596868
72009	55-59	2	0.015442641198707	0.0116787962385272	0.00698590495227703	0.0101899811253005	0.0146357586847028	0.0100279825457312	0.00711924899854363	0.00790080160111057	0.00954960286880262
72009	60-64	2	0.0206389303221707	0.0225368077289272	0.0140704135418976	0.0180401383896885	0.0114111422065386	0.0146109083698875	0.0127976923392291	0.0105286478155521	0.00739349141953373
72009	65-69	2	0.0311866071172189	0.0227597614017031	0.0231103767551513	0.0267019653995771	0.0210686477383109	0.0214744169480988	0.0178744351995009	0.0152523274645864	0.0168682449604487
72009	70-74	2	0.0412658278903853	0.0432439474075132	0.0343828374839162	0.0465722603721965	0.0387709264199924	0.026630358977929	0.0243662240665123	0.0194056011395531	0.0178560630993429
72009	75-79	2	0.0474392454229345	0.0602716502759577	0.0514782858529293	0.0456677241920727	0.0438915820893567	0.0418915362265007	0.0498710181941468	0.0327111946008179	0.0251496282891201
72009	80-84	2	0.0848231452609883	0.0846055169697239	0.0764597675315154	0.0754551358561756	0.0848941347093615	0.0802129818258947	0.0678259278964122	0.0662547364394722	0.0481718454546019
72009	85+	2	0.157626092613183	0.169863461200836	0.136368511589256	0.196942527966868	0.154313616997228	0.15084029101799	0.156655360449169	0.10962102302418	0.0871156292595921
72011	0-4	2	0.0053020786490965	0.00433096990054688	0.00462351832624704	0.00254723203265266	0.00242067212963962	0.00123816215888116	0.00328584593823393	0.00167294131251307	0.00451268095650883
72011	5-9	2	0.000363035913121913	0.000230249907882617	0.000845614070811244	0.000542011443326148	0.000389718345389174	0.000256723547646087	0.000283399857852586	0.00035844887750804	0.000831960456396842
72011	10-14	2	0.000342853267497992	0.000626924827581609	0.000499884217632953	0.000233939500489339	0.000374520785579425	0.000231859119701698	0.000426143841319353	0.000318510063378004	0.000404073017033925
72011	15-19	2	0.00065711513969667	0.00066367845184494	0.00146096965515975	0.000678287497054776	0.000376606985350802	0.000853501250339915	0.00105451706056536	0.000859206385370046	0.000814982039593496
72011	20-24	2	0.0021232715233665	0.00184994862418277	0.00137733597764581	0.00147130426589698	0.00246049750846516	0.00250764087978197	0.00200025709105992	0.00109036963611054	0.000972769580281868
72011	25-29	2	0.001898088290314	0.00261291032827097	0.00394786229505043	0.00104076976130596	0.00226380542005215	0.0022453199661859	0.00121067848257473	0.00162763789451795	0.00109913078446366
72011	30-34	2	0.00124207930413497	0.00445124025719274	0.00439276521682394	0.00304241181207523	0.0025608790591591	0.00143567734524164	0.00109043682054918	0.00230635408156551	0.00226429085322016
72011	35-39	2	0.0027378995063026	0.00236082084364067	0.00410612978956785	0.00618281285478923	0.00199179418781445	0.0026470891475774	0.00106210804518532	0.00425828976218022	0.00206166016408255
72011	40-44	2	0.00484761152129274	0.00509659790278836	0.00540410211623073	0.0057951162088175	0.00320848733775795	0.00298550007092766	0.00306772459008355	0.00274701837652232	0.00484013410179924
72011	45-49	2	0.00604248917539618	0.00664767898934619	0.00896464500329557	0.00479581187147624	0.00584874991584756	0.00636272000658834	0.00365312966393714	0.00279592584922184	0.002858962771796
72011	50-54	2	0.00617215833838492	0.00438243847113376	0.00738121041836978	0.00903406379822324	0.00751456443695059	0.00381129490196748	0.00870388626993816	0.00775252593531134	0.00749850195578692
72011	55-59	2	0.0109594340917907	0.0157575206326481	0.0132596135405008	0.0105978985488588	0.0110484908152854	0.010089528612605	0.00864802825619044	0.00842402570652967	0.00859860812227034
72011	60-64	2	0.0193964704060108	0.0187012304570554	0.0208743209786895	0.0152383815629052	0.0144431233314308	0.0129082335213698	0.0117184546411166	0.0149818053190378	0.0102868239506485
72011	65-69	2	0.0274565751909553	0.028852099141451	0.0248876356834187	0.0276959598225686	0.02033949986293	0.0158222016064382	0.0180437853451089	0.0160915533554768	0.0159975559208229
72011	70-74	2	0.0419772792052939	0.036237179220393	0.0359294567541454	0.0427596157788423	0.0326181755270592	0.0226369429451127	0.0280907400463041	0.0210600870216535	0.0231855061205714
72011	75-79	2	0.06145120868926	0.0555069611918578	0.0578910355183427	0.0638458472851767	0.0495865892160976	0.0409674404973185	0.0355509383891457	0.0339612381043299	0.0384957514863408
72011	80-84	2	0.0909097331981226	0.103612364251156	0.0976405543766061	0.0972277182193761	0.0829072487683408	0.0788090040651434	0.0844899114322083	0.0683584646997129	0.0529939607532402
72011	85+	2	0.131360732556539	0.169615892180687	0.168544743424402	0.148531457016471	0.138139193656114	0.154677676335529	0.128967290816378	0.12986022870428	0.131310289190015
72013	0-4	2	0.00366615521887326	0.00576667824705681	0.00367042714451656	0.00279759819956907	0.00225996289757377	0.00239166394814561	0.00170725740086873	0.00141000311168415	0.00198733963832324
72013	5-9	2	0.000349354160116344	0.00022543743972845	0.000438711939442296	8.60598191228483e-05	0.000178828149171732	0.000250559400686437	0.000371306646873917	0.000290704936448344	0.000155033972200624
72013	10-14	2	0.000442460006692339	0.000654363319882779	0.000260334815832165	0.00036549863773552	0.000272317815929606	0.000235972786156378	0.000202303095450155	0.000112471218662974	0.000132518540899727
72013	15-19	2	0.00108696055844346	0.000960360184819288	0.000711699653407877	0.00150394923675834	0.000691005319079288	0.00089636145903571	0.000898021114344534	0.000531894388354562	0.00055643808771993
72013	20-24	2	0.00192426815654178	0.0020999002183806	0.00171340897920052	0.0021602942974608	0.00102465733394911	0.00159892118539087	0.00210477143896138	0.00168710297422179	0.00146734777740796
72013	25-29	2	0.00159270387572946	0.002312090482842	0.00209077150330309	0.00299589820318069	0.00153033562635532	0.0025832621091729	0.00178628100326679	0.00215404018501111	0.00296071442612248
72013	30-34	2	0.00312492451498161	0.00228726105469153	0.00447391536690739	0.00377837827564554	0.00219903830986925	0.0020824756863641	0.0024358136433181	0.00373217787686024	0.00245892943503462
72013	35-39	2	0.00430050086435551	0.00410611892105056	0.00440689939043415	0.00422570707414174	0.0029588616385762	0.00303560507927798	0.00192110113938994	0.00247138255629736	0.00211074778288918
72013	40-44	2	0.00416526157992794	0.00522511109235389	0.00501017353579216	0.00509365176690314	0.00303183634439685	0.0034960019743633	0.00377343056608183	0.00283580524476928	0.00309676430292624
72013	45-49	2	0.00611431792566409	0.00519097480652697	0.00785426397397557	0.00702958744206824	0.00518346058389464	0.00497037442999307	0.0036580472693691	0.00376833415258774	0.00433195110414591
72013	50-54	2	0.0101980377799985	0.00802477349978906	0.00868580333462077	0.0100380382421619	0.00800978796240895	0.00812007311413264	0.00584669046241256	0.00566127451421955	0.00592505475930778
72013	55-59	2	0.0131043139782561	0.0149175541286947	0.011252441644653	0.0118074682903582	0.0118654218417742	0.0117005940806113	0.0102022477145663	0.00832328674166919	0.00817491319991063
72013	60-64	2	0.0179897526982012	0.0198607946999262	0.0196707473326781	0.0203841635535699	0.018210077744861	0.015865619540787	0.0135299281759641	0.0116158284284358	0.0134543624067514
72013	65-69	2	0.0288687531284351	0.0288175836095695	0.0288393800881617	0.0267822153543299	0.0261141821341002	0.0224468128866985	0.0194108487922085	0.0191780266612927	0.0177445779656193
72013	70-74	2	0.0456631091852055	0.0430615732381958	0.0448950402567283	0.0433929499470076	0.035966941207815	0.0338908199655755	0.0301612696971203	0.0237188731802218	0.0271340489180228
72013	75-79	2	0.0556700776585984	0.0635540692150693	0.0579180444160174	0.0651920662219592	0.0576221372586879	0.051829008404226	0.044841570337185	0.0356435850746215	0.0417695593000057
72013	80-84	2	0.0971816913254755	0.0845148112394626	0.0866586587040703	0.0932995488245753	0.0851360485607454	0.0764377225283173	0.0727986752246381	0.0639418607353432	0.0564014432747918
72013	85+	2	0.171120912329851	0.171198030615918	0.162144291848411	0.149890141361255	0.150101372147436	0.140116335472488	0.153633991260518	0.131123373959116	0.12683929905567
72015	0-4	2	0.00608416435196013	0.00483296050979046	0.005141453931987	0.00405087909481019	0.0022029035353171	0.00157270511482009	0.00214543183962136	0.00372050893341464	0.00307090377917857
72015	5-9	2	0.000418655711013679	0.000944042105989008	0.000269643106756402	0.000667740857549676	0.000298770976598423	0.000316739111989267	0.000604574792489762	0.000478170980147691	0.000684855147128631
72015	10-14	2	0.000593370028564264	0.000933920309469203	0.000781450491509708	0.000289298866252927	0.000493535378644427	0.000318430016072675	0.000582850681499353	0.000715343225160023	0.000564033764557237
72015	15-19	2	0.00106772674139995	0.00141572417797484	0.00139949719138749	0.00224530678117382	0.00108211667948972	0.00158000685731109	0.00109415297348639	0.000712584979389726	0.000862022283687458
72015	20-24	2	0.00217105972229713	0.00121642525666026	0.00233337717816567	0.00284549124737888	0.00245774048140804	0.00293370611213583	0.00300541533724909	0.00325126901176468	0.000854626677666861
72015	25-29	2	0.00162831127158799	0.00290861548356271	0.00257392678989842	0.00514754206549641	0.00284167505624693	0.00272289525114319	0.00280938012037626	0.00580533344935287	0.00330479742660897
72015	30-34	2	0.00238900471651304	0.00204684703448815	0.00307705327431332	0.00412341374383225	0.00407555935137201	0.00438375249215078	0.00317803442409523	0.0031756308367201	0.0016664035367016
72015	35-39	2	0.00402272133361462	0.00386420749502099	0.00638414921445108	0.00380922358012555	0.00378703312260908	0.00367871660935675	0.00304027441212081	0.0042464065230019	0.00360384621574844
72015	40-44	2	0.00328161213720338	0.00547175550796127	0.0053926358863071	0.00473729029198501	0.00540575130815384	0.004211382173294	0.00433914967277767	0.00570382374663939	0.00666511602235814
72015	45-49	2	0.00849996167893425	0.00753446795446137	0.00640305707562699	0.00728753383003124	0.00593081541602576	0.00578199236292289	0.00560034074569956	0.00297633958299753	0.00887559324908471
72015	50-54	2	0.0157840732546444	0.010075730523045	0.00953075938011307	0.00870448879609209	0.00698394731961447	0.00939597383432119	0.00643228541241691	0.00463145115188675	0.00379369964956828
72015	55-59	2	0.0122526732525066	0.0124427267851184	0.014483930654013	0.0120690654718296	0.00942307256316429	0.0132646391038507	0.0107654882952432	0.0079886672101861	0.0107739367602258
72015	60-64	2	0.0266150638379711	0.0212710176256369	0.0188059448763523	0.0189186364087117	0.0191598492992315	0.0155386910700436	0.0126593746321388	0.00931005920538926	0.0144070406092637
72015	65-69	2	0.032267788743251	0.0390503560833325	0.0330581308174485	0.02751336923191	0.023195586009981	0.0229705919878445	0.0202278355976282	0.0183500197307827	0.0147524097042159
72015	70-74	2	0.0497591462571153	0.0528016768421616	0.0340990416746765	0.0424101927910664	0.0370362477987917	0.0266849380584972	0.0360738398857562	0.0186140854881273	0.0236451171923025
72015	75-79	2	0.0567055664940741	0.0600780861591541	0.0664219145122869	0.0593324247746299	0.0540095146498266	0.0420453834728267	0.0514043286163977	0.0473793847029711	0.0395829971792865
72015	80-84	2	0.0965833999750439	0.117515918962238	0.0969643690049389	0.11951817976054	0.09786335877898	0.0880163205778692	0.0719970752615396	0.0601840142227657	0.0462386806971294
72015	85+	2	0.175515463908749	0.115853335363681	0.130169702271862	0.176921989317999	0.148922609942647	0.153872295298833	0.178191950699041	0.13842482633597	0.121087381280939
72017	0-4	2	0.00531469728721923	0.00294057482929979	0.00186701478484389	0.0024467462411428	0.00141024651104163	0.00137154697493566	0.00250554107572213	0.000936011476984396	0.00179207589494045
72017	5-9	2	0.000455810616953157	0.0004614772247155	0.000284932427958116	0.000279493352145516	0.000265857145570786	0.000269282094238427	0.00050106418364032	0.000356199016336509	0.000420799658239098
72017	10-14	2	0.000773671586795387	0.000636332903305814	0.000472393779895541	0.00107965267943878	0.000276623827376947	0.000435122479559508	0.000445176571661522	0.00053804906247827	0.000374582867441064
72017	15-19	2	0.00122201385094312	0.00117388159470768	0.00098585264905886	0.00203342035379111	0.00147300093042639	0.00185358494127566	0.000856099333762462	0.00109980887467081	0.00105295774357941
72017	20-24	2	0.00291044172599913	0.00236640405302109	0.00160687698838174	0.00361770581743075	0.00119109459408205	0.00292071959850702	0.00234082869054235	0.00161707593821512	0.00231061670040544
72017	25-29	2	0.00278623197677167	0.00294919832164852	0.00252747754899191	0.00233068383120325	0.00158559553110378	0.00275986604652226	0.00331514526766359	0.00233641550177317	0.00420311740930574
72017	30-34	2	0.0023787583011446	0.00360983644429912	0.00287376320287366	0.00600135829911733	0.00215886486629079	0.00230104239392351	0.00303183664192903	0.00150375818133673	0.00410735547963554
72017	35-39	2	0.00482098711413122	0.0052513820455525	0.00785314145566641	0.00682043624365003	0.00445355961013966	0.00147831415668055	0.00162892822760688	0.00153539267690467	0.00280362689404603
72017	40-44	2	0.00483391571142816	0.00676708515331726	0.00668817947436268	0.00469362574587153	0.00441310377053122	0.00385849197349194	0.00274985241453653	0.00284607727288947	0.00327882082472668
72017	45-49	2	0.00730068568077396	0.00539190556819884	0.00591496017552646	0.00984789539739985	0.0058293398833376	0.00345361497282523	0.00619567051607958	0.004275100821446	0.0026869005494917
72017	50-54	2	0.0125604594660554	0.00628691705737729	0.00803349566551852	0.0118200378629422	0.00890592670098758	0.00969278448631339	0.00511473248613436	0.00422386660837053	0.00554288929782292
72017	55-59	2	0.0160862170705143	0.0114039682342451	0.0115701943349269	0.0125265708262477	0.0114322203463874	0.0115433304017089	0.010381527762138	0.00788882956857587	0.00547200574083061
72017	60-64	2	0.0228216185884341	0.0189354286710476	0.0193497377848101	0.0287048941284218	0.0193369939913707	0.015139163181774	0.0120223281032521	0.0144436545732015	0.0115978579927677
72017	65-69	2	0.0359790885437006	0.0191206829306959	0.0247474150074064	0.018106366193764	0.0213012025795783	0.023185216396914	0.0177116317273451	0.0171785520216277	0.0205033491230268
72017	70-74	2	0.0284188769533022	0.038808619883609	0.0419199078203522	0.0410462193635693	0.0343596522348713	0.0333937134302728	0.0254183856598815	0.0288975395946767	0.026656648055429
72017	75-79	2	0.0682881847032333	0.0530787450623189	0.0595914077623162	0.0575896600169494	0.0533976781422139	0.0374468626466779	0.0421784364484673	0.0350394170646982	0.0491378318253122
72017	80-84	2	0.0825104768097849	0.0777307492351198	0.0758217838137691	0.0767434257015957	0.0694553430188398	0.0704936675173172	0.0829987320250415	0.0530653121300759	0.0718814564836354
72017	85+	2	0.174695369530403	0.149886533525131	0.178608713552145	0.152926288325967	0.186659610341025	0.128215136233382	0.146551114897031	0.156903541058655	0.145344090140671
72019	0-4	2	0.00386185625007402	0.00353514934804239	0.00319484322260628	0.00269747069718036	0.00289058765204379	0.00228075151297588	0.0013393801058011	0.00114429515585891	0.00313788118974976
72019	5-9	2	0.000535701298781864	0.000615265279375706	0.000202291112909938	0.000321525792789118	0.000200110788384976	0.000358624860612212	0.00041648491613242	0.000687486646934272	0.000562546724453525
72019	10-14	2	0.000881077902090385	0.000335072019541255	0.000725593837960481	0.000193621667560372	0.000654730990472427	0.000192951565426954	0.000226044740956655	0.000439947732145312	0.000296987982428527
72019	15-19	2	0.0012518388066682	0.000935792065876066	0.00171884084003316	0.000859574345680072	0.000826530247239691	0.000699105852716629	0.0012950591375436	0.000911479363341865	0.000663409528446113
72019	20-24	2	0.00188703292199811	0.00161410770710133	0.00174108589246602	0.00207644760620347	0.00205577222291314	0.00252345215373268	0.00165109833328426	0.00157231013746737	0.00140956764206454
72019	25-29	2	0.0020814398017189	0.00176415939367433	0.00285096072621968	0.00214436428595417	0.00171611265552624	0.00272413116331278	0.00250196274033439	0.00138766624419152	0.00208134758750344
72019	30-34	2	0.0019132347724483	0.00403661847414282	0.00428049684946506	0.00243246346819097	0.0026617089925766	0.00276581864273064	0.00265327999024149	0.00291139308457078	0.00405085865579993
72019	35-39	2	0.00294860554793861	0.00352275814568538	0.00488837634827002	0.00429290352457824	0.00400539345015472	0.0027483774259143	0.00263647307882777	0.00148909690731193	0.00298990597264326
72019	40-44	2	0.00352088340711468	0.00220231061078459	0.00529281640677508	0.00567558221656174	0.0051174854796026	0.00281650567532011	0.00284266103199921	0.00296868555728243	0.00263705402971742
72019	45-49	2	0.00608113625068529	0.00735080772793623	0.009056828729	0.00594788763424667	0.00461554487132536	0.00630295094576505	0.00579576100605225	0.00434605539695375	0.00357765576063655
72019	50-54	2	0.0155742857107582	0.0118074471123595	0.00918177514636713	0.00562169710753608	0.00731722332834311	0.0060029582808682	0.00729532638518358	0.00575426322672531	0.00618694223914717
72019	55-59	2	0.0107120295667098	0.0154038241942162	0.0169385067080374	0.0121945256743915	0.00975903935486474	0.00679003470946437	0.0092063871910346	0.00845615958001828	0.00953364455726168
72019	60-64	2	0.018695731195855	0.0213942193627467	0.0173556165682634	0.0161289669941669	0.0121398965450103	0.0147950924607329	0.012525134363243	0.0101233095450278	0.01146358574426
72019	65-69	2	0.0270862710798955	0.0250962365391331	0.0237924303492155	0.0320449675227573	0.0150409590631157	0.0224195995973417	0.018992189589967	0.0163375425733954	0.0156140087507743
72019	70-74	2	0.0357288142526178	0.0374632591237509	0.0389824240066484	0.0428674852431531	0.0368564175455518	0.0285660132856016	0.0281984988230422	0.0224540023764007	0.0209728565451628
72019	75-79	2	0.0544962263841277	0.055729902432371	0.0464876300489211	0.0707567976688261	0.0502588106345025	0.0401701151724071	0.0474921945928573	0.0315065890204884	0.0339103137132857
72019	80-84	2	0.131898414114405	0.0951441118602741	0.102999915127238	0.121637059164195	0.080314320637706	0.0703263627256011	0.0644613508085786	0.0617256528477478	0.0558466614346663
72019	85+	2	0.151881463767945	0.156083767826472	0.156482743101544	0.207581704844893	0.1521256056891	0.174496255554182	0.16564523588175	0.121403099348861	0.0948740586043309
72021	0-4	2	0.0040537308278759	0.00283479094518357	0.00329712240459011	0.00302845890343714	0.00207743277232799	0.00183069798550479	0.00167067238829016	0.00167550360522678	0.00220151132980186
72021	5-9	2	0.000233685382927532	0.00030205516345022	0.000204123677924693	0.000298576585888493	0.000220900546961193	0.000201806655636493	0.000176744253373856	0.000137578789906685	0.000168173604021124
72021	10-14	2	0.00049617931608312	0.000188245547775815	0.000421837528646145	0.000319741810292751	0.00040589665215697	0.00018699369574592	4.97341032739347e-05	0.000158890890340696	0.000105170137050967
72021	15-19	2	0.00101070437965039	0.00118289067951995	0.0017872512850407	0.00147515923206265	0.000948741373655788	0.000877773042032826	0.0010757399527403	0.000776013536348275	0.000462026424867478
72021	20-24	2	0.00144880826747487	0.00218638279391789	0.00258133843300897	0.00312339766491891	0.00228932063279351	0.00255249642920143	0.00224574684324973	0.00228561270063064	0.00132006137279111
72021	25-29	2	0.00199303788303111	0.00280467907806196	0.00372006365716248	0.00281370623678217	0.00231580918569161	0.00267790410356577	0.00248694015092129	0.00234917155732897	0.00247990006017411
72021	30-34	2	0.00190564410948353	0.00327627000290058	0.00622824086260985	0.00423045232960325	0.00222515598343558	0.00280051425622069	0.00224074140805928	0.00241986296532868	0.00288186700134614
72021	35-39	2	0.00282737171787722	0.00428372546051043	0.0071692130117698	0.00567431089169434	0.0035573447056155	0.00319795532544438	0.00271522827457575	0.00292549549366029	0.00341036796754285
72021	40-44	2	0.00328313333357415	0.00466418079565897	0.00759770767261905	0.00600239399718371	0.00416939781373997	0.00388243121283034	0.00326424061362764	0.00346988180216118	0.00438245582434809
72021	45-49	2	0.00467140457495066	0.00572776482052412	0.00762385176752471	0.00715498510289538	0.00661452745057442	0.00610748549590432	0.00485709145712233	0.00408776489050033	0.00542976188196201
72021	50-54	2	0.00814924152361579	0.00851535619457722	0.00756076551018191	0.00904881318815717	0.00851197118421104	0.00770736667894247	0.005929847913506	0.00653321922188898	0.00666918844600473
72021	55-59	2	0.0109429397853123	0.0106369428880863	0.0111020765122777	0.0109799287989419	0.0109164764384445	0.0100876314968738	0.00976307387273811	0.00973561954624806	0.00954551464361364
72021	60-64	2	0.0186845352719174	0.0187022303026143	0.0162366519369473	0.0166207746149979	0.0146643259862111	0.0146285596326477	0.0143255662523879	0.011938641432308	0.0135956986602602
72021	65-69	2	0.026013875614231	0.0257185317266291	0.0252051298587973	0.0209953467232951	0.0211282328328256	0.0186997985843328	0.0169192675721233	0.0165697622405715	0.016622693814197
72021	70-74	2	0.0422953102309952	0.0390802025132572	0.0391173957787672	0.036485616864076	0.0314992186389688	0.0275776903193142	0.0258583068660648	0.0220577418287317	0.026182759030861
72021	75-79	2	0.0604375469773633	0.057646270878173	0.051732228419829	0.0534997048936447	0.050501666074422	0.0454561590138648	0.0384329476755039	0.0357792325566962	0.0378227171334613
72021	80-84	2	0.0988569143025956	0.09147367778969	0.101797433639794	0.0928409938826938	0.0750498235281259	0.0657904894785303	0.0674086224374042	0.0551473656896904	0.0607763986995084
72021	85+	2	0.173437251075807	0.164011106381525	0.150220670169413	0.159024509856812	0.161218632854627	0.150789481981688	0.131005511378486	0.123687761704177	0.119712569442048
72023	0-4	2	0.00483663972851085	0.00355926094365408	0.00291029182417332	0.00309586400008756	0.00348416056851663	0.00193675248461034	0.00357904545855698	0.00120245227009679	0.00197928468848587
72023	5-9	2	0.000298931437120776	0.000192900213401162	0.000301265401850884	0.000278502609147495	0.000262126168489413	0.000170187087842265	0.00052014904556328	0.000339624117228934	0.00027540168598101
72023	10-14	2	0.000280723823389616	0.000508027444971593	0.000285638469239401	0.000512041747962954	0.0001672810401429	0.000249610250310848	0.000365145992286232	0.00018658585963434	0.000354202058643855
72023	15-19	2	0.00121739134067299	0.00103777074176352	0.00101510996782927	0.00136692042608747	0.000919576438980254	0.000666589051678305	0.00044747887743735	0.000724995620730836	0.000824385230496119
72023	20-24	2	0.00161003935711779	0.0017624974731799	0.00136770808941178	0.00154634859807317	0.000974535623938132	0.00128412658418543	0.00142225608615644	0.00171641166555473	0.00150205594751776
72023	25-29	2	0.00257150058217469	0.00215329196662118	0.00194828493503823	0.00152972600087969	0.00122684996914615	0.00157376817783638	0.00207048105285526	0.00278724792670395	0.00310989863211717
72023	30-34	2	0.00249226652386409	0.00271329136772181	0.00403594108658704	0.00318679928088116	0.00209658486272915	0.00181434065731305	0.00231264908139046	0.00126662411693369	0.00220775767377673
72023	35-39	2	0.0033931249086364	0.00483292663102013	0.00224992512988178	0.00348718474754399	0.00273923417228704	0.00190241218241524	0.00203169386527935	0.0027436246792554	0.00374370772685348
72023	40-44	2	0.00290763725959737	0.00567100741626404	0.00535174541158796	0.0044548638102782	0.00311516970854731	0.00250758650294794	0.0024971756525461	0.00224954159595398	0.00183005270190471
72023	45-49	2	0.00531771281726903	0.00598066942904322	0.00698501948758202	0.00945683269559535	0.00398292227820274	0.00312327148026841	0.00333725459834373	0.00252907268972152	0.0031162989032631
72023	50-54	2	0.00790784499231855	0.00773601632433987	0.00713172096838696	0.00743054387501452	0.00723012380616124	0.0067823487734979	0.00611018084210046	0.00578544049000521	0.0038786832377113
72023	55-59	2	0.010541684645912	0.0117092130641307	0.0120126745714979	0.00867207508795862	0.0116731816497433	0.0101442605420253	0.0089635728980014	0.00771663360269815	0.0071855954373228
72023	60-64	2	0.0183470527974522	0.0181826034156813	0.0171505454203055	0.0140859573456453	0.0145656110418458	0.0147739787563635	0.0110007312034659	0.0100101373679619	0.0115348482824408
72023	65-69	2	0.0242386596802033	0.0233694669868387	0.022803147942499	0.0178294422755539	0.0190676024831092	0.0210450243748774	0.0190185790738566	0.0159709067353985	0.0143494829777241
72023	70-74	2	0.037599767584186	0.0385595838150592	0.0352961207286536	0.0382352283148282	0.0315012610575898	0.0275504230161704	0.0287637103016376	0.0241724885447366	0.0204528557465503
72023	75-79	2	0.0528872898974909	0.052128854465161	0.0496024709410687	0.0565218514966907	0.0487810302677847	0.0401037086548376	0.0468251752663568	0.0284759437317428	0.0313066687153127
72023	80-84	2	0.0950074548202459	0.0554133192013557	0.0888826689540592	0.0988059954462312	0.0733156304324213	0.0767934978720709	0.0677363426643654	0.0503414113540881	0.0537353671640478
72023	85+	2	0.122459475302311	0.138484216951498	0.137461413347153	0.163999332406434	0.167620806920084	0.134503105039802	0.15102236225337	0.141143040459318	0.124288471315156
72025	0-4	2	0.00350634425863967	0.0029668891680618	0.00358892039449814	0.00364253741607484	0.00243166581514317	0.00242255059579216	0.00223589675353995	0.0018308691619622	0.00167011667437995
72025	5-9	2	0.000385560591152127	0.000177029183253722	0.000183587539765823	0.000257464085941196	0.000124782857793604	0.000132465846306563	0.000111360511059726	0.000138165256643097	0.000337718685093145
72025	10-14	2	0.000323903780308246	0.000420425383385759	0.000466403574928	0.000188930888541458	0.000191928524314184	0.000266254557368824	0.000173701671817798	0.000167256707285159	0.000204615875475663
72025	15-19	2	0.00129245050477924	0.000920718361542969	0.00144992153968824	0.00120171118332583	0.00119657115898532	0.000728778834782359	0.00119322001353684	0.0010151483063192	0.00089899669656803
72025	20-24	2	0.00261468410988182	0.00184292844010698	0.00346053580798638	0.00285736264593621	0.00208682405958053	0.00193730639592779	0.00334880219647917	0.00289188439744014	0.00203590047468214
72025	25-29	2	0.00254788033845476	0.00303298724758834	0.00406256378572315	0.00406116795761103	0.00309456664166882	0.00228654838176956	0.0033118536146605	0.00263332999817945	0.00306470785101573
72025	30-34	2	0.00256491136415276	0.00376107038947076	0.00592461910007821	0.00486085948572933	0.00264319804177072	0.00310594617397969	0.00358562348181942	0.00270488360178497	0.00183029674800867
72025	35-39	2	0.00228997680949436	0.00528006495438189	0.0065445107382166	0.00608364935275068	0.00393557526650863	0.00275481100581153	0.00320010518220174	0.00295910171256731	0.00248165735348725
72025	40-44	2	0.00349095163734018	0.00477622562138908	0.0067062005028206	0.00622698460646805	0.00429956219362745	0.00426851479354846	0.00342057293829258	0.0029752473921584	0.00388907355198347
72025	45-49	2	0.00670207323709062	0.00617479229979453	0.00833090884231667	0.00848162660200935	0.00560831919409904	0.00462783251853894	0.00506524520739251	0.00347164977099953	0.00456819943386373
72025	50-54	2	0.00889713902180691	0.0089150195995922	0.0085232498008685	0.00829047456648722	0.00758952816222839	0.00708067940282798	0.00707523786801843	0.0061445911933924	0.00686269200652874
72025	55-59	2	0.0109848995232442	0.0120349916437385	0.0122431778471297	0.0116696362596922	0.0114851183652012	0.0107020246296653	0.0101688286864289	0.00879983708915264	0.0103633507473375
72025	60-64	2	0.019618687543112	0.0173124121349041	0.0202814220937877	0.0165955661355342	0.0167897189003609	0.0140075166994581	0.0141336297966069	0.0103074709070732	0.011521778479322
72025	65-69	2	0.0261737715515147	0.0268195581283935	0.0248012113884052	0.0234186376193548	0.0221544660746672	0.020723185175235	0.0205683962565823	0.0150544873052927	0.0176617454029625
72025	70-74	2	0.0399691700863271	0.0433308701709971	0.0440107621834976	0.039632388018249	0.0337624266953766	0.0294471968324487	0.0265507877622565	0.0238160193417679	0.0255306518779424
72025	75-79	2	0.0554010105206058	0.0718519989370822	0.054842996803895	0.0588611368826048	0.0503184698903054	0.0462769218402408	0.0393039568699213	0.0350110753483895	0.0380037907122863
72025	80-84	2	0.0899275227309562	0.0984256340787516	0.0956235046008878	0.0936026791894854	0.0787871677033017	0.0678002270739505	0.0716235561845943	0.057229849404267	0.0649873468930361
72025	85+	2	0.150141805892961	0.155227786919045	0.154734343671768	0.166833894877448	0.15454979187433	0.145105918623194	0.150656727904404	0.126308080922733	0.12891773713234
72027	0-4	2	0.00285369476135768	0.00303132188159297	0.00350046899187709	0.00276039900971203	0.00128121333465334	0.00155665173484682	0.000841396202373362	0.00187789326163653	0.00164340701215569
72027	5-9	2	0.000461905174019085	0.000206362029213787	0.000202931291475587	0.00030846397269703	0.000301978665499002	0.000206168050664254	0.000394267544665632	0.000293465478209621	0.00035186177437374
72027	10-14	2	0.000962032959395225	0.000417082081169823	0.000296803155375068	0.000192819208402744	0.000305354495777589	0.000441318349596295	0.000346701207028379	0.000580340007049098	0.000286497883104678
72027	15-19	2	0.00108900721471695	0.00145825430974208	0.000990114118749756	0.001514055642521	0.00111028160849798	0.00110894421019889	0.000706868819994543	0.000656070326121837	0.000580168205888292
72027	20-24	2	0.00164940951955634	0.00192137590631018	0.0019034124384728	0.000915552470811944	0.0013951951756804	0.00140717526156125	0.00144908299602088	0.000507618962265391	0.00123280870876748
72027	25-29	2	0.00153675493887491	0.0020552489345156	0.00112659668378729	0.00114428304563484	0.00110057236237781	0.00131228105862858	0.000808878677516356	0.00267022355669579	0.00201916043701164
72027	30-34	2	0.00209352019613185	0.00305189123557426	0.00245797818253594	0.00168338388734958	0.000973923752327314	0.00168338879913237	0.00146551246562676	0.00232251127087235	0.00231612514152056
72027	35-39	2	0.00251772729652771	0.00157167217391818	0.004220689089739	0.00379382531585238	0.00253067751416175	0.00320869821767947	0.0015547639309537	0.00195069741472806	0.0018414893123068
72027	40-44	2	0.00495807089514231	0.00540566327721406	0.00350086454633074	0.004795525115515	0.00380363338340913	0.00363981131184989	0.00150066296839538	0.00280006324626679	0.00417376693438585
72027	45-49	2	0.00609972479069414	0.00381813242818195	0.00808670940056001	0.00580066916372066	0.00556289489514488	0.00497810123702217	0.00389569494438445	0.00317253438424672	0.00379528254023094
72027	50-54	2	0.00685412216389356	0.0110647178526382	0.00560313825236147	0.0107649180959847	0.00710287270990961	0.00629721009704381	0.00504589450793921	0.00527740796901134	0.00470737524876742
72027	55-59	2	0.0147477101459601	0.0129167844643548	0.0126417293256799	0.0117378119646307	0.0100244752464772	0.00691337462697967	0.00953788985971564	0.00889542530945369	0.00730500255502329
72027	60-64	2	0.0229931828120086	0.0178470763219971	0.0171165504981662	0.0181362636735035	0.0133405136952906	0.012089460647723	0.01356099537542	0.00990472696820984	0.0087429455834067
72027	65-69	2	0.0283216451830441	0.031246627733936	0.0280843474452173	0.0276086457392974	0.018971753145181	0.021740776629645	0.0192992214381645	0.0182592443492521	0.0197515441906842
72027	70-74	2	0.0428926220173807	0.0431733756412072	0.0358205280219251	0.0417385565300661	0.0330434561702381	0.0281404616437731	0.0291592006576778	0.022605010477156	0.0227537632541004
72027	75-79	2	0.0596981446177002	0.0424141183386884	0.0584027364630316	0.0488440158353004	0.0503684202646063	0.0461914711688321	0.050280859698163	0.0332032259898175	0.0371356266072734
72027	80-84	2	0.0881269651430925	0.069594802142028	0.0919125717945434	0.0951540857844694	0.0803361656575725	0.0788830864128215	0.0701419693183195	0.0668344220239922	0.0612127077259833
72027	85+	2	0.22491478271234	0.173643527115696	0.176292095925456	0.151648659734759	0.156116301842337	0.148418038196833	0.139956256381736	0.145404547245864	0.148244299103276
72029	0-4	2	0.00338596397482411	0.00374997164818151	0.00407200400633385	0.00318347574781902	0.00156021246330206	0.00319872336730109	0.00256252250435448	0.00174312572395438	0.00105220592514986
72029	5-9	2	0.000247606138856557	0.000479143032427859	0.000168705941186209	0.000151446506303705	0.0003124047751972	0.000153995059219376	0.00028497100278486	0.000220591222366975	0.000693433988667632
72029	10-14	2	0.000158457068785016	0.000157944050312116	0.000641230089741957	0.000534146779305594	0.000146815655562014	0.000228912332476594	0.00035380444217175	0.000311595210772625	0.000389894549176393
72029	15-19	2	0.000976099928317613	0.00084464347334182	0.00250902379301596	0.00282941827847779	0.00249896725120022	0.0022037183173186	0.00178894701314699	0.000857288069220161	0.000881616115566066
72029	20-24	2	0.00163509490897932	0.0029092453472491	0.00361085562428284	0.00371216604569673	0.0064775844277735	0.0064497688526699	0.00530535264672229	0.00193517262402677	0.00340611043022461
72029	25-29	2	0.00123145749994803	0.00372208491607281	0.00599268522318652	0.00556586795474311	0.00441890265749507	0.00543837337046827	0.00552758659691809	0.0044977060667193	0.00214952858174794
72029	30-34	2	0.00338097683450783	0.00560795643745941	0.00673398934113239	0.00389279316093206	0.0035717802073808	0.00325729692700784	0.00303915024747175	0.0041486042576392	0.00416882347223139
72029	35-39	2	0.00223600768785998	0.00605140388082717	0.00638372846909522	0.0057724575427669	0.00571203959066728	0.00258865256767131	0.00300725919108822	0.00409575899442097	0.00339652933571506
72029	40-44	2	0.00376110286660505	0.0029757387586934	0.00549770411194718	0.007171340733462	0.00545169059598039	0.00363693119194917	0.00329846688984281	0.0042715406226067	0.00549166476259355
72029	45-49	2	0.0049715851922029	0.006140285579294	0.00772609301037382	0.00952000693786486	0.00695706398219977	0.00633141172651424	0.00396668107507187	0.00542230864191292	0.00413668595594419
72029	50-54	2	0.00818441558927417	0.00860212831594672	0.00804231368162241	0.00933108298245114	0.0089290732541911	0.0085105024855803	0.0044095058996779	0.00709241475449224	0.00752180448507827
72029	55-59	2	0.0115783901740079	0.0129648739860105	0.0125352517145566	0.0141511264797908	0.0113550305102138	0.0117924650607748	0.00975850053091574	0.00675530938050557	0.0102366864857319
72029	60-64	2	0.019769065640555	0.0128210190062837	0.0201195315798804	0.016559194290417	0.0146481480243728	0.0150012155693723	0.0125771551240053	0.0139067298990838	0.0117407980587413
72029	65-69	2	0.0245760705229581	0.022095498423715	0.0297942555368812	0.0299834042235274	0.0270101486288948	0.0195331195856369	0.0215791418678095	0.018569206341381	0.0151563194411348
72029	70-74	2	0.0376655357771785	0.034056005198148	0.0365285126575116	0.0373247102963449	0.0330233964764446	0.0329602960573111	0.0259181137631656	0.0215227939149993	0.0213613261852284
72029	75-79	2	0.0580908098585111	0.0485646267378187	0.0504393388750847	0.0777333990948048	0.0466246541091704	0.0394119676098116	0.0473008206772401	0.0349912969607292	0.0477830719517658
72029	80-84	2	0.0704131504655454	0.0772706952035103	0.100837928277203	0.091016458774839	0.0650830282544143	0.0718052459269005	0.065640530050772	0.0570727769724296	0.0672485054141195
72029	85+	2	0.150377090807679	0.174886536616984	0.172034627740696	0.15384996918439	0.139072485492678	0.129293478124445	0.149667779901569	0.130546812966821	0.134128491178303
72031	0-4	2	0.00382640324835177	0.00334791590664966	0.00341792983043993	0.00224530404352544	0.00174630103921011	0.00167719171426317	0.00220147375906583	0.00144465469720554	0.00140033950810017
72031	5-9	2	0.000288286665488621	0.000190093029633372	0.000175725781242283	0.000205491634874676	0.000156058204479721	0.000173711974233912	0.000170785771589384	0.000164308091250542	9.86530162298252e-05
72031	10-14	2	0.00035089487979018	0.000294289820503255	0.000388699418886411	0.000538596977804844	0.000304707051152834	0.000196220120925322	5.69777846770669e-05	0.000107815088576501	0.000224832357147789
72031	15-19	2	0.00159263644858727	0.00126753608903517	0.00212465263893802	0.00188288542577477	0.00129430022945538	0.00121208431611056	0.00107709673375663	0.000419864723548657	0.000644778528763563
72031	20-24	2	0.00180390134591897	0.00194603157851169	0.00292047180749695	0.00399773691209117	0.0032724819228709	0.00270534066811513	0.00298514746255639	0.00232900505024116	0.00182412770075612
72031	25-29	2	0.00265501744619638	0.00353718031604155	0.00427083242059532	0.00330511391792854	0.00315684383818228	0.00295386395845465	0.00321277071553721	0.00322605536612759	0.00206263768096325
72031	30-34	2	0.0023168694867524	0.00395360238501477	0.00532912892149412	0.00442932269646196	0.00282953878755875	0.00287131608773913	0.00347381959737319	0.00214327658062898	0.00244415453375342
72031	35-39	2	0.00279706889651472	0.00418746028435145	0.00623701171093845	0.00487673729779424	0.0029795679250894	0.00278973544901502	0.00338426422585741	0.00238964906263292	0.00275246749884799
72031	40-44	2	0.00343245485610917	0.00434900784251612	0.00659965927487979	0.00703861114004	0.00472284551305651	0.00418063435895807	0.00332135839448662	0.00324128971595791	0.00425460487749003
72031	45-49	2	0.00485916445985623	0.00543536415598663	0.00679659529279183	0.00755055535526585	0.00616735185446956	0.0053667164338579	0.0041553556938732	0.0039191303261978	0.00457293824718588
72031	50-54	2	0.00693915557062893	0.0065446233187271	0.00692958197801845	0.0089321028992975	0.00744953906982797	0.00699495270859674	0.00585822558678637	0.00623754539464627	0.00608143839925259
72031	55-59	2	0.00940693990510973	0.0129423687460261	0.0122672272282914	0.0114582926185932	0.00987974020982798	0.0108299234859388	0.0102411421317515	0.00888766977547783	0.00875539798671347
72031	60-64	2	0.0170099005311284	0.0169289466289085	0.0162541860202687	0.0166030649754987	0.0145581060831825	0.0144101167929919	0.0126645057271589	0.0117488657311443	0.0128594274548595
72031	65-69	2	0.0217887517130213	0.0230339902671845	0.0237456289400138	0.020819784341339	0.0191833241389573	0.0194108876732618	0.017109371905561	0.015870214939536	0.0155193429884883
72031	70-74	2	0.0383764019196446	0.0398138225902023	0.0398238583291507	0.0344702214315283	0.0294701617565895	0.0271843154062454	0.0244933095903449	0.022599348738262	0.0216278016023702
72031	75-79	2	0.0554023904073954	0.0524798868417601	0.0522750329197703	0.0560237377747986	0.0444617117875647	0.0432987756949823	0.0388584815936666	0.033782417475591	0.0321304650377385
72031	80-84	2	0.0892411849296984	0.103536274561982	0.0882563701509713	0.0854748343017471	0.0752633259265914	0.0683996354688305	0.0623676809136628	0.0514953455529406	0.0509438766543789
72031	85+	2	0.153698340183284	0.161350983025142	0.137514350246924	0.133371588671541	0.131013557947733	0.147547681352225	0.135100235667253	0.114045760439059	0.108830855424221
72033	0-4	2	0.00549001184130969	0.00344238265924444	0.00323895066048507	0.00316777430676638	0.00192021855000022	0.00210409698740498	0.00330744179373748	0.00332435067970705	0.00311727321672499
72033	5-9	2	0.000558733023027948	0.00037873619019861	0.000270446254833515	0.000429418973437399	0.000210141161598747	0.000236920168098189	0.000470108007175542	0.000339645093302978	0.000437857301144166
72033	10-14	2	0.000654414957550592	0.00050498452590971	0.000178457781694958	0.000188826445665283	0.0005744318118887	0.000813147954473549	0.000428924069791258	0.000327550577279592	0.000656126279204245
72033	15-19	2	0.00219776716268885	0.00348477904828673	0.00510719808478774	0.00265893718365308	0.00282318140987933	0.0028994431436906	0.00225165328946773	0.000927582747300225	0.00177408075689792
72033	20-24	2	0.00319355778213917	0.0045460778360977	0.00594038282437937	0.00694710230833631	0.00568958968072209	0.00362354487779687	0.00441198092891989	0.00309262336833518	0.00370442085647191
72033	25-29	2	0.00530356264972323	0.00587797183127876	0.0089818235716622	0.00627108732589491	0.00538445258619962	0.00674557016052881	0.00351474855607442	0.0039440562487546	0.00443814317179635
72033	30-34	2	0.00624804290364673	0.00744406504407396	0.00965008311077666	0.00966417393840984	0.0061517171177564	0.00352175742360058	0.00258571128466814	0.00527534266152143	0.00311669702866121
72033	35-39	2	0.00369236166892549	0.0060730530183201	0.0109157880804733	0.00892552863139164	0.005173957153987	0.00561083997391865	0.00324506778952938	0.00577517731152953	0.00451151317267875
72033	40-44	2	0.00621915000806795	0.00534129849501442	0.0106323014330053	0.00942890298700676	0.00497137294532473	0.00725973745248142	0.00552545594880343	0.00718615731376487	0.00515110232436827
72033	45-49	2	0.00987258681408547	0.00995946113400105	0.00974107333430725	0.010273766930156	0.00884965373332988	0.00718061302040465	0.00608368940778735	0.00537248272933034	0.0114664867119622
72033	50-54	2	0.0193970616589743	0.013605965877346	0.0135812660773779	0.0124529180144691	0.0103341302387015	0.00823526279763344	0.00981959259460014	0.00716498774397725	0.00817111413183797
72033	55-59	2	0.0215869588815163	0.017875499362339	0.013184305625797	0.0157646910898581	0.0143443575650216	0.0117640748997432	0.0129269872633572	0.00932522170679029	0.0134424901767401
72033	60-64	2	0.0245226729703843	0.0313073723202646	0.0292350877779462	0.0235951127669704	0.0183714790084416	0.015409003069917	0.0139432007840538	0.0133514628885891	0.0164863907225746
72033	65-69	2	0.0405664853288885	0.0348258275335542	0.0249308016979571	0.0256828202607512	0.0230398789404615	0.0223924810518294	0.0192530918960514	0.0165080895180374	0.0204765620806505
72033	70-74	2	0.0579238218538135	0.0480694092069843	0.0467621444392976	0.0557739858443644	0.0251041561024622	0.0388649294084268	0.0299924878073378	0.0247211579828781	0.03160799468152
72033	75-79	2	0.0642574518488337	0.0566873357338237	0.0671358559982082	0.0524812234843507	0.0529566741624605	0.058155585637179	0.0478000603069283	0.041965540077517	0.0409008552912633
72033	80-84	2	0.151234744900534	0.102558704244652	0.0898746959870875	0.0945647264180769	0.0953029005704391	0.0709466084054602	0.0495252670018618	0.0569418174229046	0.046579303261396
72033	85+	2	0.171883213715395	0.154181910067827	0.153401365102912	0.153706886320663	0.119906004441859	0.14880924869708	0.133036527665723	0.112116986174371	0.0873595102650726
72035	0-4	2	0.00515589793793741	0.00361219395891368	0.00359694848348873	0.00272248418938181	0.00221031572413863	0.00324598784823419	0.000798489903310187	0.00144240709200686	0.00199836027460444
72035	5-9	2	0.000221209465096776	0.00038963990456045	0.000223369922542984	0.00041316909055125	0.000330152223472879	0.000161278727396635	0.000188112136649088	0.000247877149283898	0.000305402229129984
72035	10-14	2	0.000281433359152408	0.000614036404288423	0.000381736850361797	0.000412823338343396	0.000426733034217562	0.000441778058083683	0.000265322052550854	0.000324800785346964	0.000254479052124879
72035	15-19	2	0.00104334609096221	0.00191764284806774	0.00209135313277975	0.00252497316599114	0.00110600485822776	0.000815829397125827	0.00232920628872772	0.000783047972178385	0.000951997417692842
72035	20-24	2	0.0014519287467543	0.00164209626671649	0.00298224104855512	0.00332183154849206	0.00296367281048773	0.00361742834421649	0.00478219737362937	0.00218049254170542	0.0019029049602423
72035	25-29	2	0.00154239312924183	0.00366404460132959	0.00389845057595545	0.00202952870019969	0.00124961926238947	0.00317949803067675	0.00502332635980844	0.0025324594187464	0.00252682372876649
72035	30-34	2	0.00206937063759662	0.00345962581843919	0.0065974305968281	0.00416274291039708	0.002065729282009	0.00325551752298604	0.00418468393337999	0.00381294603493918	0.00481447431558487
72035	35-39	2	0.00310745425410025	0.00473213463448726	0.00521315305503565	0.00612588028777223	0.00494912624230688	0.00401371932225089	0.00298385652863357	0.00280191734277822	0.0038283806622443
72035	40-44	2	0.00434391696727171	0.00510167186457159	0.00616388194045893	0.0063645056964379	0.00515452167985402	0.00532020524845134	0.00252218693244999	0.00410022762260045	0.0030932255442741
72035	45-49	2	0.00609555222020139	0.00697375396573148	0.00683963609867906	0.00665293844533869	0.00645804079683194	0.00658977558115341	0.00380145367165981	0.00429047949212156	0.00459578481501111
72035	50-54	2	0.00944257212892112	0.0090792065065628	0.0104135534520066	0.0093500072364062	0.00848166453599484	0.00785217481096892	0.0067256927269672	0.00529800369466509	0.00580233155714854
72035	55-59	2	0.014225440784849	0.0125425482616666	0.0098338742016629	0.0131843632844645	0.00884807421155007	0.00873183621856948	0.00929541435018188	0.00736084998482263	0.0072580412219695
72035	60-64	2	0.022239184221996	0.0203807454340715	0.0169293923719692	0.0172016357485535	0.0149136149903259	0.0111515181927539	0.0113949681935917	0.0107153409075467	0.0108113231498456
72035	65-69	2	0.0321680619390659	0.0263384928643211	0.0269724826838861	0.0247527018303833	0.0217015880430644	0.0170321350278266	0.0176339355858177	0.0123278079397865	0.0141420733281247
72035	70-74	2	0.0395930589461483	0.0500823337768987	0.0421462059789467	0.0415439434947592	0.0295394197981689	0.0217350311336101	0.0246556334237807	0.0169615040484204	0.0194761104814894
72035	75-79	2	0.0564712690353865	0.0772687269981021	0.0594677040355527	0.0639967750104737	0.0522973261745216	0.0412316193295798	0.0400613525052872	0.0346821281456248	0.0256888622244589
72035	80-84	2	0.090217765535584	0.0997543439120793	0.0930470641461598	0.0792259771409958	0.0689742978037853	0.0722871696860216	0.0644070484692581	0.0551679915284947	0.0460206957949865
72035	85+	2	0.162525241416656	0.160305512991012	0.160177452252897	0.137253289117212	0.153638263155752	0.144735677683785	0.148003224242826	0.135250933631517	0.124737402229513
72037	0-4	2	0.0034560088464485	0.00275075827668496	0.00416656956052391	0.00283142517425968	0.00160394419508974	0.00253359412250256	0.00284995299930615	0.00194883278087553	0.00655852168915823
72037	5-9	2	0.000334992435819494	0.00106207643065786	0.000577987968357218	0.000338031246764143	0.000341543737582516	0.000421062563721227	0.000543650605488106	0.000652375162311461	0.000894886198680657
72037	10-14	2	0.000361749595017128	0.000353792297868427	0.000349545146127089	0.000565846023050404	0.000820129062985677	0.00039364764950645	0.000468208024893726	0.000593786072245839	0.000704049643191963
72037	15-19	2	0.00145584252554669	0.000333044286622294	0.00132595294573774	0.00147961390319392	0.000996326963863238	0.00104082744698687	0.00258340024937737	0.00130414371301969	0.00064644968926636
72037	20-24	2	0.001213579780937	0.0022931928299986	0.000988464551151815	0.0021563689689263	0.00174973400201803	0.00209188356604291	0.00309461848166793	0.00252242455947021	0.00343017836085109
72037	25-29	2	0.00238484278644688	0.00343130184099627	0.00279552390112082	0.00155020362358019	0.00152342671216307	0.00176357781591622	0.00496953432284064	0.00305620744784099	0.0057976887550513
72037	30-34	2	0.00259002257317741	0.00282937724241995	0.00244954534327139	0.00332351975332585	0.00194825503083968	0.00156787682010931	0.00476336804377566	0.0050809011350926	0.00747439493736303
72037	35-39	2	0.00339352899054125	0.00330093153354662	0.00452715160623801	0.00205949964146463	0.00184648725689481	0.00176357781591622	0.00494157095429239	0.0034189431413521	0.00572779074384378
72037	40-44	2	0.00443429767493261	0.0054436448909702	0.00818032265295366	0.00381185655049185	0.00401679402161413	0.00311507509751429	0.00278415803188087	0.00200139658178905	0.00701118191871345
72037	45-49	2	0.00664184193410494	0.00955785483582127	0.00815227802942651	0.00484810613093033	0.00338862242340557	0.00641484158757093	0.0027788873053603	0.00288063856012929	0.00468902579217651
72037	50-54	2	0.00551060096958181	0.0106496286617732	0.00990073688692944	0.0104375754846693	0.00923484530581507	0.00523694728984582	0.00672630006375953	0.00811075965521666	0.00950559034002999
72037	55-59	2	0.0185310962156432	0.00853960733648998	0.0175414964349015	0.0125352840278913	0.0102822437410165	0.0110967345994168	0.0121033562250238	0.00958579713200284	0.0116307472307744
72037	60-64	2	0.0222879811233472	0.0232083809889325	0.0139685969537658	0.0129231742406671	0.0138857615064802	0.0136573775030827	0.0150939037473023	0.0168437463281986	0.014142980257936
72037	65-69	2	0.0289886882335803	0.0202940260632342	0.0171518793428073	0.0205537408839945	0.0267043388861279	0.0223684046851896	0.0155607068260651	0.0154459297782707	0.016983045406044
72037	70-74	2	0.03138386977166	0.0562798020344631	0.0549718924460687	0.0424235017258421	0.029859828690587	0.027033413052698	0.0279798236634796	0.0232478591607706	0.0277623775163297
72037	75-79	2	0.0440025118203418	0.063227338487726	0.0442101521603302	0.0544165723778666	0.0491727362665403	0.0395302214539467	0.0341083592205822	0.03602257040262	0.0360189943280478
72037	80-84	2	0.13471859084774	0.108559647482828	0.0779922908656762	0.126311806460463	0.0972773990313206	0.0825600908714482	0.0528483654385159	0.0426783647759921	0.0545343075578051
72037	85+	2	0.178785538505692	0.184165043186728	0.16554171382424	0.16572527973875	0.126540839738317	0.130369430222822	0.152777250411936	0.115624778920864	0.117071016677615
72039	0-4	2	0.00503826789415577	0.00503849370831333	0.00295431986818012	0.00474841720050671	0.0027155463358005	0.00317585314800685	0.00229088195021785	0.00117765283148212	0.00166349558713768
72039	5-9	2	0.000506973108475031	0.000464566118641248	0.000817722918349509	0.000451468151956709	0.000469149698495872	0.000336938664236316	0.000410034253714492	0.000470354795791703	0.000538116114765436
72039	10-14	2	0.000799444962837363	0.000792758902481919	0.000436291689794775	0.000273530710695907	0.000277973362870893	0.000512155127015887	0.000604574792489762	0.000432210509123352	0.00115675093328375
72039	15-19	2	0.00103702989259987	0.000725444484802891	0.000531196370524624	0.000902678546902469	0.00153617159204653	0.00116690468733909	0.000340499797396463	0.000957427559222427	0.00117561471976425
72039	20-24	2	0.00182691078293601	0.00132764615064894	0.0023570891690003	0.00153496366395025	0.00271218876598311	0.00238401093596175	0.00283096284062026	0.000710986339194331	0.00256799684362348
72039	25-29	2	0.00248392387282525	0.00194068801249304	0.0022091489842565	0.00188984861240103	0.00367517620111643	0.00371174666475435	0.00328888426126691	0.00154217543118843	0.00207505615877546
72039	30-34	2	0.000781919841946232	0.00279583324740787	0.00409009636434339	0.00300827590380254	0.00219733895410698	0.00235308563066507	0.00423289288764849	0.00153861906451007	0.00379496969176195
72039	35-39	2	0.0039225288780692	0.00330643934583893	0.00358823936531022	0.0048282554169656	0.00242384459938868	0.00315806180962476	0.00422621378317403	0.00320715086333109	0.00263800163680362
72039	40-44	2	0.00298732367435016	0.00368310570782953	0.00420379405831887	0.00525085062066556	0.00527972888066501	0.00367937130018592	0.00406040903297241	0.00257812921264579	0.00351154667713097
72039	45-49	2	0.00432108583095434	0.00480273641001861	0.00755560118074269	0.00711649360783769	0.00843354166946601	0.00373050670676135	0.00431135972230902	0.0056558851316056	0.00555432368040086
72039	50-54	2	0.00735878346346586	0.00687307417688845	0.00851001795861387	0.00984505380152551	0.00671757938229613	0.00625909993856743	0.00357943297567391	0.00803463191563722	0.00425409929056937
72039	55-59	2	0.00818906776602813	0.0120031606266898	0.0142074469564947	0.0154434014585183	0.0108055386888044	0.00999260549148689	0.00737340555354833	0.00690067798543293	0.00598653260905021
72039	60-64	2	0.0118826723308949	0.0232551922062669	0.0132824717748107	0.0190232704625124	0.011785116871419	0.015577473862428	0.00623716173883835	0.0122097534851765	0.0107714799932019
72039	65-69	2	0.0290677059143529	0.022418820017238	0.0205991726002754	0.0264457051640411	0.0231845955687746	0.0204676048691053	0.0146256276479346	0.0129179825798325	0.0151308630013028
72039	70-74	2	0.0352306015250365	0.0383467767462631	0.0424155556711139	0.0348229263934271	0.0317262759975389	0.0254694782580177	0.0237684848074701	0.0190251396593388	0.018029940157156
72039	75-79	2	0.0496422884477553	0.0464979628121036	0.0483925189892613	0.0586107842420685	0.0534680698791817	0.0526848197936991	0.0438027214833156	0.0252489030425669	0.0393103427899096
72039	80-84	2	0.106362883704662	0.0633197987263214	0.0869103096808104	0.0689089739718736	0.077579904237921	0.0724080601313722	0.0725014107572974	0.0633988016552044	0.057760875473108
72039	85+	2	0.148347833768825	0.118846067019931	0.148662287505747	0.161491823343159	0.167207437571021	0.119306215929199	0.150111873623575	0.122547411654365	0.100552355578325
72041	0-4	2	0.00457935930302252	0.00359715640845243	0.00227992275341348	0.00270588493885079	0.002568419899639	0.00213518849199704	0.00242521843796981	0.00104547816001605	0.000889077519643568
72041	5-9	2	0.000388031204930757	0.000257934761998601	0.000346825799779335	0.00055641160428815	0.000161951048264076	0.000284745525154849	0.00019925129088542	0.000388280946089376	0.000499824898291176
72041	10-14	2	0.00055618898420817	0.000931682725361414	0.00042558267201864	0.000427959025852947	0.000239811238243912	0.00046327939131318	0.000290242764486254	0.000211488561677714	0.000241256339115663
72041	15-19	2	0.00069674987785741	0.000583683747287032	0.00088507710739163	0.00123632302076429	0.00083245273807348	0.000867919575851703	0.000483460236230461	0.00139406964794231	0.000364573354080354
72041	20-24	2	0.0016797584443463	0.00111420981607839	0.00254326027556836	0.00118663143827484	0.00142241603545324	0.0022657664111479	0.00240720278726332	0.00100654866031077	0.00204968577292758
72041	25-29	2	0.00139863347438485	0.001979120382458	0.00224974384044658	0.00150788601901804	0.00201354386238261	0.00298849348853015	0.00245984858114824	0.00324114713279847	0.00246380189411819
72041	30-34	2	0.00223642462671112	0.00236795282605747	0.00356298938904267	0.00325624685991625	0.00255009781027552	0.00181439284218769	0.00337879923574778	0.00369459634637252	0.00262009665347067
72041	35-39	2	0.002077602341997	0.00235418229533484	0.00306820674656827	0.0039813289672001	0.00199317759539014	0.00275583014462167	0.00239738085014918	0.00260877963355797	0.00349320293961384
72041	40-44	2	0.00792651454819241	0.00388893272150779	0.00514243100650383	0.00400644963921068	0.0028699447885894	0.00348214096271322	0.00278146299319394	0.00283027381055171	0.00669983849228171
72041	45-49	2	0.00792742189833429	0.00654779496977766	0.00414515988059671	0.00373011252428715	0.00432279957896628	0.00401415341792082	0.00423241109621401	0.00342049521353025	0.00495671724001249
72041	50-54	2	0.0111143831813844	0.00814119825354565	0.00554159863777027	0.00705514455936463	0.00438378620644893	0.00630781670514617	0.00503685409461568	0.00714656040011299	0.00492785675073533
72041	55-59	2	0.00848002209145128	0.0157312086237234	0.0118229575952739	0.00874100322617078	0.0103258050037731	0.00916841868136889	0.00616582070241451	0.00691320153407522	0.00641824838728794
72041	60-64	2	0.0178616004703663	0.0164759034467719	0.019018490392718	0.01584027944553	0.0151991881699179	0.0115152790786343	0.0106255000584269	0.0111968815151756	0.0129040930211094
72041	65-69	2	0.0206243781553205	0.0292840466430332	0.0233066699989476	0.0214981561342812	0.0188426333282225	0.0138146601805501	0.0146608178013114	0.0132660235007855	0.0154899609586897
72041	70-74	2	0.0320138662338946	0.0311366159586426	0.0285431893868188	0.0375418669055726	0.026113868851492	0.0215554765841474	0.0276877722639049	0.0196986639546253	0.0200052006274925
72041	75-79	2	0.0564353178034762	0.0632801635122457	0.0387176534195478	0.048104462062517	0.0412564826313808	0.0443864228071531	0.0355432593596462	0.0296440207454954	0.0298466047191094
72041	80-84	2	0.0626631784236979	0.0703528468513903	0.0793403730048036	0.0728046552743145	0.0840225181455712	0.0737438910340575	0.0607267383467347	0.0569842960087486	0.0446037778155915
72041	85+	2	0.123729686443504	0.156197942167514	0.166683788625109	0.144943854759419	0.135784782566032	0.145954780761585	0.118668144612637	0.126046741204377	0.117880919175928
72043	0-4	2	0.00479718548470228	0.0032025213781956	0.00464004441115663	0.00427462084594537	0.00278944915815227	0.00159922538416065	0.0017857247897026	0.00217475937038274	0.000959996761412718
72043	5-9	2	0.000577701297710272	0.000270840854778684	0.00038046285974983	0.000811856619404229	0.000587844944071155	0.000285957681086101	0.00045589247383556	0.000232805760003381	0.00032352303662035
72043	10-14	2	0.000667930143504532	0.000898646785602865	0.000264006606731371	0.000361083037163035	0.000158309546414725	0.000258172020940619	0.000415749223782359	0.000233234559684054	0.000273541826865772
72043	15-19	2	0.00112851690782597	0.00103021084290204	0.000380046417254364	0.000506194301783333	0.0017097022045029	0.00139005367339155	0.000872568543794742	0.000614528915981898	0.000758529982691405
72043	20-24	2	0.00157926384207536	0.00186912245442894	0.00303502600096978	0.00102722762124968	0.00161684255790025	0.000956338853044673	0.00177462916841864	0.00147747469813616	0.00338430325808742
72043	25-29	2	0.00169383499822267	0.00137189520248857	0.00239441308885559	0.00244787257767117	0.00223858235654437	0.00188417542969104	0.00244584029212281	0.00287722636777739	0.00168435815320631
72043	30-34	2	0.0022477416359263	0.00351847014269147	0.00253715345452467	0.00385330839478498	0.00114751947312525	0.0015848327013645	0.0022302101228852	0.00333693384047426	0.00219554575575042
72043	35-39	2	0.00264645324100329	0.00580318538781985	0.0057743179190155	0.00453839024107349	0.00372894142726009	0.00213854729287106	0.00185781275783019	0.00289585505919321	0.00210027852775026
72043	40-44	2	0.00361975080441501	0.00297718483280793	0.00543683172671325	0.0071133164778347	0.00353386718419365	0.00307238056551456	0.00286731395657067	0.00189985832638901	0.00261561659715901
72043	45-49	2	0.00568672030710338	0.00757410611555923	0.00693761738792259	0.00687336707192302	0.00613694141842242	0.00272408509784781	0.00373106389251605	0.00310986198845089	0.00345774582192933
72043	50-54	2	0.00881930107254332	0.0108603827241688	0.00736279847668575	0.00848202637029251	0.00508943485495864	0.00619000917345296	0.00568142847555589	0.0068391066485299	0.00583795751272301
72043	55-59	2	0.0181076970693875	0.0123064508112995	0.0123027847491941	0.0115587992846613	0.0101977724195289	0.00643413316215904	0.0101721772846164	0.00861207360354672	0.00890525352912419
72043	60-64	2	0.0226171617353134	0.0175178602646629	0.017870955506283	0.0162764108061627	0.0147625223085519	0.0118211379660182	0.0130656712412687	0.0129110767893587	0.011358150613211
72043	65-69	2	0.0287597967106952	0.0272286989217976	0.0324767176801623	0.0266901224664399	0.0262105188348813	0.0173879516601203	0.0168137357168131	0.0177588245011069	0.0120868137142415
72043	70-74	2	0.0373099611196534	0.0473734904653856	0.0336492283369238	0.0350109701584386	0.0349268900758985	0.0281572859936062	0.0274476156758697	0.0258747040861005	0.0244326401061207
72043	75-79	2	0.0515460817811657	0.056865408317025	0.0491799724446239	0.0521402705575923	0.0598751922589685	0.0529725117748197	0.0469255786068252	0.0428838499510866	0.0385428418963637
72043	80-84	2	0.0737497520652548	0.075047240510604	0.0954323821946101	0.101595418883767	0.0876481224773124	0.0727699226407064	0.0751047081343581	0.0679132677032281	0.0505785120174564
72043	85+	2	0.178141390121612	0.143646507010393	0.146487313160488	0.140608465440933	0.164876835844829	0.16298385415832	0.140519666582676	0.108991304600577	0.106898609661037
72045	0-4	2	0.00289863945873815	0.0037771024314606	0.00170283465100645	0.00329143000756896	0.00312343033032747	0.00263761223047745	0.00171894779372546	0.00214360076283792	0.00346832238267109
72045	5-9	2	0.000448825789829154	0.000413805316641228	0.000413065240564017	0.000449887362445329	0.000287184428951121	0.000313546275426239	0.000354223207712133	0.000394200330960831	0.000831017338310915
72045	10-14	2	0.000395029123837211	0.000893117392206597	0.00040895753442653	0.000428616024904541	0.000270413220017286	0.000298805238421427	0.000572235932342091	0.000390999922695329	0.000746360626849841
72045	15-19	2	0.00142843196384662	0.000449043867585348	0.000663195317750937	0.00101166709247229	0.000815306871215378	0.000843149677983579	0.000493737959019657	0.000358720927917851	0.000681955715694508
72045	20-24	2	0.00264645324100329	0.0021779571144394	0.00339814236772209	0.00362652195226569	0.002958515233262	0.00114572446594042	0.00184478947763478	0.00277857516436511	0.00196390115811744
72045	25-29	2	0.00242936523668052	0.00269098069431902	0.00247116140153405	0.00286434179188373	0.0017740987258279	0.0026120043425761	0.00140836245972412	0.00405291826820403	0.00136410531933891
72045	30-34	2	0.00217916109657529	0.00334288398898869	0.0032364331627695	0.00458074293091378	0.00349482745994872	0.0028856859418909	0.00242856315436612	0.00198845571908159	0.00207783204662503
72045	35-39	2	0.00216546154197489	0.0047475699559692	0.00490982134515882	0.00604373073677445	0.00245638854392839	0.0049560744073528	0.00262747517506212	0.00329528696793958	0.00365274569004566
72045	40-44	2	0.00471092103249956	0.00465107382418121	0.00416521344094658	0.00488797261470683	0.00348146925894234	0.00314386008009167	0.003626184511896	0.00352077089351764	0.00468581145992432
72045	45-49	2	0.0068134031912428	0.00530365919487405	0.00623077428765526	0.00491243386016256	0.00651981848427126	0.00570774201839665	0.00537620928372747	0.00539620272282221	0.00472408100824002
72045	50-54	2	0.00935006244936776	0.00633141732311094	0.0105644150797038	0.0092867473067864	0.00732262051843384	0.00681306035338701	0.00555049417100892	0.00685623428637582	0.010484662036263
72045	55-59	2	0.0166285674101045	0.00776056949185537	0.0111245498827255	0.0156412951185797	0.0124766588803426	0.00847316477344597	0.00961581821258518	0.00725826826484692	0.010352621079036
72045	60-64	2	0.0109784471540205	0.018145799159868	0.0196721297544101	0.0135765476824709	0.0150187356361374	0.0157603341984813	0.0147709521820599	0.0138248384604636	0.0106360718469464
72045	65-69	2	0.025856872872077	0.0265667033369664	0.020794827315936	0.0245182044922884	0.0259715993566819	0.0284442812911834	0.0163061144241776	0.0161409705325865	0.0139382204886294
72045	70-74	2	0.0325833169370762	0.0363970086171946	0.0426595923403722	0.0504782553219665	0.0278871332168132	0.0257405558065632	0.0291332071885543	0.0206103580895895	0.0254647876564622
72045	75-79	2	0.0642709146014203	0.0523651471668639	0.0440406946739565	0.0527834453533451	0.0500862259905169	0.0340392662018926	0.0335634378039771	0.0473424542739414	0.047406456805344
72045	80-84	2	0.0734239345337448	0.0994009678269265	0.089152511812069	0.0536662944639292	0.0749500187568279	0.0833914154214902	0.0574427143634695	0.0674891253740428	0.0607544391303633
72045	85+	2	0.168482146994447	0.111649131619613	0.147405164445722	0.144629583423307	0.162287730347609	0.161597844875068	0.15030260926817	0.135312479846034	0.122215137814185
72047	0-4	2	0.00521187982578176	0.00289963226501524	0.00330053627835489	0.00374400216179318	0.00241252389671592	0.00233502792217639	0.00211242378589284	0.00049223699474147	0.00396771472539895
72047	5-9	2	0.000786681118654772	0.000279030543032214	0.000379340624655763	0.000617004679710296	0.000286930974987103	0.000195747869338922	0.00050585238234524	0.000421033690153517	0.000315498838865108
72047	10-14	2	0.000180145588785693	0.000279795312422541	0.000713155982709107	0.000368895187242115	0.000163719082690576	0.000278842847547165	0.000597593986086593	0.000544298262767273	0.000435456885505258
72047	15-19	2	0.00125744383562872	0.000649223047987526	0.000915129248666582	0.00202301721106524	0.00153842666313024	0.00185289768424434	0.000423032448251195	0.000793037215903944	0.00109562216263015
72047	20-24	2	0.00171278555229154	0.000762459716504323	0.00287814693251893	0.00237938804731288	0.00279567778038519	0.0034596902676916	0.00225335629992945	0.00242358397594907	0.0022144214549576
72047	25-29	2	0.00166927272857265	0.00224186381300051	0.00395130373063348	0.00189198639518491	0.00275902090650909	0.00198631553017609	0.00229156086456097	0.00169965385797066	0.00124169316032929
72047	30-34	2	0.00260654483911732	0.00311262877275559	0.0030868155156707	0.00467225006129626	0.00152898762757813	0.00293539262001546	0.00290207113218752	0.00204224502732808	0.00307979920859262
72047	35-39	2	0.00219597629270237	0.0031709116227361	0.00431900717950665	0.00306428986716918	0.00274518253633528	0.00272315108843837	0.00236155345046497	0.00282605354265592	0.00497739065924189
72047	40-44	2	0.00329183709569872	0.00536245248566011	0.00438937933276525	0.00500596151320032	0.00272960528556984	0.00376645173663588	0.00335617692683591	0.00148551953025105	0.00324354210440358
72047	45-49	2	0.00430482910962888	0.00371856942907773	0.0063973893181099	0.00802914862455023	0.00603432925780662	0.00573948407814954	0.00414442603874033	0.0037619390795901	0.00273858283337899
72047	50-54	2	0.00785745988688793	0.00837282506109344	0.00970597720742652	0.00671131189906063	0.0049915385214418	0.00556262316462221	0.00475365951066042	0.0077915919523845	0.00471798417447887
72047	55-59	2	0.0125530271278416	0.0106568839880854	0.0147741467302246	0.00910020730466226	0.00721744074488961	0.0081726362312256	0.00972533206191291	0.00853350634216184	0.0113516508198254
72047	60-64	2	0.0212906391384439	0.0160988106960893	0.0191018332897325	0.0204456038752405	0.0137957443337221	0.0136515461057509	0.0137483612282989	0.0137230146790975	0.0149492765217298
72047	65-69	2	0.0226248492901301	0.0242542323242726	0.0250486747514685	0.0188644515302073	0.018794823525343	0.0155619506135128	0.0126933161029596	0.0161904584384291	0.0153009357588099
72047	70-74	2	0.0358007533127455	0.0343653321377191	0.0305940644011082	0.0319425779608771	0.0305107946746517	0.0260444803112648	0.0243088327595495	0.0228297000091417	0.0244554170041024
72047	75-79	2	0.0410421769017162	0.0559534975493502	0.0521948641830933	0.0545251368227923	0.0470724812459882	0.043664694122331	0.0417531934083277	0.036245343766	0.0363420729423792
72047	80-84	2	0.113110743176829	0.0594881679302562	0.0932333848881753	0.0946010927215596	0.0685026174139979	0.0722655399798732	0.0706078918171741	0.0532629781668922	0.0592190123402386
72047	85+	2	0.156898838317605	0.16142877007952	0.168764160447913	0.174804151345059	0.175747594079674	0.166207680341797	0.138663104201033	0.132808804861858	0.098114172230813
72049	0-4	2	0.00573970984479985	0.00409280430286306	0.00423142873974413	0.00620339900884607	0.00397410794827838	0.0048184571919184	0.0121790625234181	0.00521829415956934	0.00736349477465628
72049	5-9	2	0.00284219995156831	0.00250811779000435	0.00228993079967617	0.00207464266288359	0.00201103664118778	0.00241815713889357	0.0029719562913684	0.00355062942459638	0.00652385934489222
72049	10-14	2	0.00268248727269162	0.0025139848804636	0.00240525729665086	0.00234177725954729	0.00223838157931141	0.00233057373399604	0.0028081192553957	0.0031150766154415	0.00341397521994334
72049	15-19	2	0.0054408401921476	0.00306207364488445	0.00579035180016571	0.00765927390119916	0.00237499812617943	0.00236801396929333	0.00244093597084121	0.00279119419807937	0.00320252718657447
72049	20-24	2	0.00559068467812657	0.00282120929610502	0.00279928960514874	0.00543608516812406	0.00262882500123942	0.00536838719347251	0.0047401342317686	0.00977138028590455	0.00909013932704945
72049	25-29	2	0.00281918995376866	0.00286756192346467	0.00570018161828925	0.00303341145742546	0.00277228320248932	0.00753498430116284	0.00557812576411912	0.00562502468002593	0.00550334428404988
72049	30-34	2	0.00294691262800346	0.00587329649027568	0.00294810762884148	0.0050776153125025	0.00252531854114442	0.00579051618789954	0.0145062049088221	0.00832885101404802	0.00517786977607086
72049	35-39	2	0.00346879123699189	0.0056719481498682	0.00270663316951665	0.00774617090652344	0.00249479165784855	0.00485800837774457	0.005006888325983	0.00887032168277797	0.0129093804779407
72049	40-44	2	0.00460281450733967	0.00363320559338218	0.00612109992353675	0.00288265426026279	0.00262208074529308	0.00536838719347251	0.0055427449011497	0.00456596652413965	0.0162331864723312
72049	45-49	2	0.00489221204968105	0.0157516106046574	0.0126604940222392	0.00520599749528822	0.00964492857464952	0.00429481352897885	0.00698659517443184	0.0117197244809717	0.00473445213200566
72049	50-54	2	0.00939582416902511	0.0039541105485504	0.00345139774266265	0.012014358476557	0.01448107776929	0.0178190227952259	0.0123506590914728	0.00401209287919231	0.0047218928861473
72049	55-59	2	0.016288886338512	0.00836214502379811	0.0109384695644299	0.0193776501815494	0.00248878393727264	0.00226440045622074	0.0050210718693033	0.0131888484048816	0.0123697714076293
72049	60-64	2	0.020219689115095	0.00436538609752933	0.0114600650042669	0.0206052548887642	0.0130620131442663	0.0233929866249821	0.0117708962108326	0.0270286666346679	0.0201502805544587
72049	65-69	2	0.0377450060333698	0.0142280809087337	0.0181481106884661	0.0338347083879904	0.0165800347475199	0.0185804454247604	0.0181088694686891	0.0174973113008417	0.00721689623929537
72049	70-74	2	0.00832461963604645	0.0433716465138869	0.0427166282002084	0.0343931360648082	0.013384625577581	0.0075318182679391	0.0316064634977976	0.0191169963165398	0.0124381340671712
72049	75-79	2	0.025683257139708	0.0607761955839065	0.0331779416969264	0.0167802323842869	0.00993992405721517	0.0199145701588221	0.0337254870509052	0.0457644529753817	0.0525561026489883
72049	80-84	2	0.0299428565855451	0.0824719219899912	0.150650157161411	0.104679203781617	0.139671961957387	0.0960779124731309	0.0275281733225919	0.0460274432695377	0.064165391645176
72049	85+	2	0.179509914252798	0.125400316993522	0.0751448556111144	0.0526617772468718	0.0831077593313055	0.0871483041252776	0.125930122326858	0.118641961301702	0.0526758436825309
72051	0-4	2	0.00462092370522421	0.00284197012035589	0.00215679039216382	0.00223665731285363	0.00250917570703248	0.00295093354407755	0.00180964536996149	0.00131299366192626	0.00175792203396088
72051	5-9	2	0.00043726303017048	0.000304244031571257	0.000430223631165146	0.000206503247403496	0.000450673207011446	0.000188528056335512	0.000330575365710059	0.000403476187501071	0.000511167718013436
72051	10-14	2	0.000834541133782034	0.000184649511754781	0.00040822116122185	0.000319612308182546	0.000316257374874809	0.000185499212919413	0.000287934522451888	0.000205391453580759	0.000576691509702386
72051	15-19	2	0.00185462410636391	0.00124878913999616	0.00122334786427589	0.00240809821869455	0.000963285081665005	0.00140259457288459	0.00084880416590276	0.000702148210267482	0.00109176084572226
72051	20-24	2	0.00114333177408784	0.00195019465593113	0.00300011305448011	0.003288476617907	0.00361855746376713	0.00218059454962321	0.00265153375115696	0.00174798643237957	0.00161194265580167
72051	25-29	2	0.00186592798900473	0.00283296279424809	0.00515728930018176	0.0029121248989251	0.00271924753819325	0.00340627256134996	0.00465439753758645	0.00253837349597355	0.00364018092418372
72051	30-34	2	0.00172543520069734	0.00225779349476951	0.00496362818048946	0.00353192270366156	0.00135329040910493	0.00244434868811241	0.00282851609945903	0.00147218694068326	0.00307908194024275
72051	35-39	2	0.00408002651774343	0.00456830904591156	0.00525195123818327	0.00523249210026604	0.00259799445138947	0.00241255605619569	0.0026304360479621	0.00357692426953155	0.00275111686827731
72051	40-44	2	0.00345743536147195	0.00434730040963143	0.00619215872144265	0.00514390791277571	0.00430655338160168	0.0034137255955421	0.00251285122644882	0.00293956134543743	0.00420898840407131
72051	45-49	2	0.00538263610549765	0.00510949517713863	0.0075602099569595	0.00886516731607029	0.00668582001101249	0.00543822105300469	0.00357760254165974	0.00255848176707062	0.00266456204073538
72051	50-54	2	0.00873584526449633	0.00940383300043402	0.00619798824237008	0.00793430625892578	0.00711798197157363	0.00670487766086429	0.00457773632428635	0.00491868345929765	0.00538326225903139
72051	55-59	2	0.0131869669673635	0.0120056255352629	0.017812273285928	0.0113297710445853	0.013875498463806	0.00957466090673091	0.00821762420045398	0.00778277460537678	0.00828038916672068
72051	60-64	2	0.0185336353705175	0.0210181647033226	0.0182688962197774	0.0143321569275901	0.0116641513768476	0.0124593195428855	0.00933632434486042	0.0116517451944783	0.010957368125931
72051	65-69	2	0.0252767347142349	0.0290667804970369	0.0216501471214559	0.0280563294137339	0.0254169577020732	0.0214709706433094	0.0179249137718141	0.015216608865533	0.0150097375728721
72051	70-74	2	0.0263342920255736	0.0473251551082507	0.0344401364538917	0.0376543125860126	0.0298977418546366	0.0268037081828062	0.0202966855804364	0.0218878835478093	0.0219992315008616
72051	75-79	2	0.0478435960304925	0.0630082418440554	0.0525553437126725	0.0509668794409588	0.0551876825890251	0.0383055608655957	0.0356648389485519	0.0348251622827986	0.0354232638927746
72051	80-84	2	0.0805931463287217	0.110891254442911	0.0886308825984324	0.0900406226814763	0.093359033720561	0.0861117504102688	0.0581118837194991	0.0548502353685057	0.0587225810828208
72051	85+	2	0.113670005475658	0.164508682494424	0.129802358247513	0.143302096154193	0.118778266515539	0.142778572065014	0.148099646262817	0.128367486557993	0.12808084218585
72053	0-4	2	0.00523389150622019	0.00314042485862951	0.00446413302020252	0.00264858842329809	0.00288927212315318	0.00282320106324975	0.00304918724834402	0.00189511459147088	0.00206037549319511
72053	5-9	2	0.000268555203530498	0.000410075998158522	0.000781774107235571	0.000172268115936532	0.000166558755722673	0.000308090018428864	0.000373819708321916	0.000275050789386333	0.00034670069783559
72053	10-14	2	0.000360259388780684	0.000473827421354252	0.000602012426695638	0.000398864599502816	0.000404507635946523	0.00054543256687944	0.000208892346843978	0.000252968550838597	0.000296749813373754
72053	15-19	2	0.000639377211442227	0.00126374066614515	0.00116306251243596	0.00236751909081198	0.000854774631035822	0.00107119588356288	0.00153412986189179	0.00118944741996625	0.001229611131603
72053	20-24	2	0.00102744386957936	0.00208254889908562	0.00285073566705557	0.00274451040186104	0.00278917408139139	0.0031984147739851	0.00487269974349527	0.00348305549912848	0.0023007417529594
72053	25-29	2	0.00160452367932694	0.00170991334637528	0.00268860987702401	0.00305765016475757	0.0031317825695792	0.00363677672988017	0.00493652660936673	0.00395515443254661	0.00322623449077321
72053	30-34	2	0.00187855774631309	0.00396593942689183	0.0049384428539511	0.00396582083967638	0.00345260493476381	0.00431676768316628	0.00283948254061181	0.00416530306316925	0.00447406862256325
72053	35-39	2	0.00412929486831837	0.00508328858243006	0.00791074542112578	0.00608865342698762	0.0044552109706527	0.00323409192585296	0.00393112317468004	0.00317668468913484	0.00331594261504736
72053	40-44	2	0.00589856183344007	0.00573561016333668	0.00763009377875588	0.00799359027731943	0.0048626835611382	0.00572541235285184	0.00344151613353017	0.00574953314001309	0.00627106848633266
72053	45-49	2	0.00781420515082399	0.00533838560618158	0.00801169243301995	0.00900823763142783	0.00846570025483953	0.00520697323962153	0.00715331420658105	0.00496760444249212	0.00598300209688966
72053	50-54	2	0.00868194424315167	0.011011244351899	0.0106031276546939	0.00735648591353065	0.00794871417631828	0.00772419525932633	0.00770068981908892	0.00493860454285835	0.00890009868270532
72053	55-59	2	0.0149956723691123	0.0150290193787628	0.0134143687658511	0.0153642182753276	0.0109403034813767	0.0139608032982003	0.0129905602575434	0.0109040458733554	0.0107374129920713
72053	60-64	2	0.0175433193557563	0.0172920742532362	0.0184944757388848	0.019339153545499	0.0186500849902286	0.0197231384547729	0.0158226526716416	0.0153406400196772	0.0147049516211157
72053	65-69	2	0.026548348725683	0.0213419113725015	0.0293170162945556	0.0223422795129704	0.0221642133121932	0.0285361252741063	0.0189305982623873	0.0191722557094241	0.0210077209764686
72053	70-74	2	0.044464664627314	0.0410065193257254	0.0464468238196427	0.0356603907080207	0.0403354044132652	0.0296104359067949	0.0244258059629334	0.0241338646442782	0.0249691470536821
72053	75-79	2	0.0454145016740225	0.0526048890622767	0.0646440314516291	0.059350049419388	0.0521810178039208	0.0436139338172762	0.0421840763473761	0.036441816282614	0.0405485722805023
72053	80-84	2	0.122062279929062	0.0958282436887433	0.0961071559602641	0.0967773630508585	0.0744935240707088	0.087918108182963	0.0661505955646205	0.0482114759896652	0.0676671200807058
72053	85+	2	0.175156037601881	0.213421680144857	0.144149219910101	0.168525088452652	0.145761850596838	0.140858767027509	0.151405034597319	0.131573140753383	0.113147200139193
72054	0-4	2	0.00493126805112469	0.00445572456114796	0.00415270055035654	0.00478203292821937	0.00282894902994641	0.00334126686545711	0.00137424969538037	0.00112744496199705	0.00368084397121374
72054	5-9	2	0.000604543530008837	0.000598370016648737	0.00055941415506279	0.00081948688590802	0.000447864968428934	0.00047833002066221	0.000554423747935191	0.000636492650082911	0.000723633294133813
72054	10-14	2	0.000574343244796338	0.00092442687534899	0.000875373324374105	0.000486973708719384	0.000445347778076057	0.000436186699198428	0.000458731177444501	0.000557337755177597	0.000638506917773764
72054	15-19	2	0.00109272238528793	0.00101215035886525	0.000944820702978277	0.00289369503754301	0.00198094621786684	0.000473143442704867	0.000811672073658033	0.000879782970348312	0.000622054738185933
72054	20-24	2	0.0012759955118753	0.000685267280287253	0.00244938996439621	0.00163985427815764	0.0021992330339144	0.000841703932509305	0.00164561005545183	0.00189108716022982	0.00335190679831184
72054	25-29	2	0.00357590787546682	0.00202595047889027	0.00290540566453337	0.00233982091505392	0.00258898738182938	0.00222028953858285	0.00526001497142698	0.00379931815336658	0.00226653148730206
72054	30-34	2	0.00201799784614517	0.00197871370996057	0.00483903942507839	0.00361091356932017	0.00142852717060547	0.00188010831526466	0.00248740349039065	0.00316447098927479	0.0024265293630371
72054	35-39	2	0.00547941862250658	0.00344543175524493	0.00493370082763583	0.00602646537535428	0.00147704973992347	0.00185396938703911	0.00279609213753046	0.00338106004171598	0.00492359819848543
72054	40-44	2	0.00540828856796775	0.00372886570715216	0.00641871648440494	0.00551072244995442	0.0049395817448029	0.00229976018791782	0.00096035834033849	0.00376904984603782	0.00570956473439803
72054	45-49	2	0.0102738542904164	0.0108397311931792	0.0047345012027313	0.00748030304532655	0.00473629213996402	0.00429859835588807	0.0029854799975833	0.00253818492009918	0.00520374383856575
72054	50-54	2	0.0111207272724551	0.0200523174446257	0.00892693515199394	0.00747757228014169	0.0059473869477782	0.00606349509701541	0.00755330359180201	0.00855146315619382	0.00731248287416714
72054	55-59	2	0.0131086832882583	0.019705466100807	0.0131884397379015	0.0140835507148576	0.00455926109801465	0.00578786084557626	0.00879095422279668	0.00954455379881027	0.00783694265345599
72054	60-64	2	0.0215623488900388	0.0153330893708739	0.0160824827167821	0.0183478479828577	0.0198544253300986	0.0154160967976673	0.0144729161086162	0.00905863759536291	0.00893686179350324
72054	65-69	2	0.0260921830918837	0.0217906185406057	0.0308077531418316	0.0266685309141902	0.0259079623536355	0.0241419935703419	0.0147082546712224	0.0156824410804349	0.0155664126468659
72054	70-74	2	0.0391984306223131	0.0584921593340596	0.0536871916519152	0.0422185238887698	0.0333673189359791	0.0340346773226488	0.0173349981515068	0.0178902433663781	0.0223797656609568
72054	75-79	2	0.0516008834223699	0.0411624555569178	0.060933848029578	0.0363031977062759	0.0574011909736315	0.0413079495415811	0.0311767453218831	0.0385090394919434	0.0375340547985981
72054	80-84	2	0.101259369951155	0.0969586861051007	0.116400400161274	0.075862360989518	0.0645932889210083	0.0824042527850673	0.0576291634906062	0.0741176739542245	0.0500452434926845
72054	85+	2	0.246434455713186	0.174481200384127	0.160435809981735	0.185746187925875	0.164540236316621	0.181321878979539	0.158439763747479	0.156145905364646	0.148474347544638
72055	0-4	2	0.00433975608387207	0.00478003721374697	0.00401059708535989	0.00452065504426942	0.00323807942167919	0.00533623390293887	0.00231245009285898	0.0018796334867942	0.00416073694174531
72055	5-9	2	0.000747198297181938	0.000267053022138583	0.000278539512801956	0.00064600459056561	0.000667115118417737	0.000324469442089651	0.000400963613083372	0.000538231662523539	0.000778486954689123
72055	10-14	2	0.000581935268725137	0.000240917309724671	0.000550398749064402	0.000791566203062059	0.00028393654851161	0.000527632536709364	0.000911472196001882	0.0004838299825762	0.000634769366465195
72055	15-19	2	0.000913699924720635	0.000632593430024098	0.00134921461075635	0.00119493580384455	0.00128102011391348	0.000736642977875628	0.000866886192570415	0.00143926145258824	0.00187412885972211
72055	20-24	2	0.00382003216133647	0.0022474619464142	0.00247606420599446	0.00216898026020536	0.00126350989536365	0.00314868402139248	0.00244280714418209	0.00113539004986137	0.000540067952132993
72055	25-29	2	0.00278675901344802	0.00468237287201917	0.00392419591019554	0.00519923476319959	0.00305452957014995	0.00319854057938046	0.00308048845671188	0.00146861416077862	0.00620769111222683
72055	30-34	2	0.00178036640456992	0.00365255944670422	0.00479446188641641	0.00376843321897303	0.00270030136555376	0.00183338243457842	0.00198527015108354	0.00263145339376214	0.00261874892070377
72055	35-39	2	0.0055154075771194	0.00366780483147018	0.00812563477661411	0.00584550635094623	0.00613787186548321	0.00248393430141962	0.00180082669610701	0.00605284834605146	0.00426607055473702
72055	40-44	2	0.00413592863111378	0.00788470112298803	0.00694916857192752	0.0075081909714473	0.00291432042419152	0.00453985902856182	0.00214189311082578	0.00454171230029495	0.00649749472828593
72055	45-49	2	0.00524150082180596	0.0083007040351781	0.00682952717773974	0.00768654988699966	0.006171700016872	0.00620524556568567	0.00498514345925618	0.00679317756011092	0.00633699469617998
72055	50-54	2	0.00737492951126109	0.00917504349562709	0.0111763903699341	0.00907391457515451	0.00622176667690426	0.0097939593903801	0.00837766536512803	0.00903898008009186	0.00998056967630416
72055	55-59	2	0.0186630893021112	0.0135927786211006	0.0130138067522174	0.0135153482112787	0.0160938943041724	0.0133676925031747	0.0124198068996126	0.0116528214331298	0.00979334454580426
72055	60-64	2	0.021739516918275	0.0164064073488248	0.0232192777185735	0.0225642507109604	0.0177680044886046	0.0160157552355285	0.0125224484020728	0.0128605854291499	0.0145395295954093
72055	65-69	2	0.0280245048418358	0.0250752562825488	0.0299979933075473	0.0231688201071225	0.0169606452392105	0.0213888887706197	0.0185948829046974	0.0203697664368072	0.0231331995845856
72055	70-74	2	0.045137805976285	0.0402612943608483	0.0441146026916803	0.0376723779201274	0.0411813950076043	0.0359400281404269	0.0290894972576006	0.0300805243423628	0.0277900000940394
72055	75-79	2	0.0688551105224669	0.0774438825984633	0.0583725737403324	0.0670673220886012	0.0452906805227821	0.0452169686628454	0.0496758358591118	0.0538699118468336	0.0360956256020388
72055	80-84	2	0.0707176309244433	0.0869709802193133	0.0821121435943436	0.111286320517064	0.0977866572550796	0.102620533507613	0.0592425570653398	0.057449201166595	0.0851319228419974
72055	85+	2	0.170223126157455	0.181570567245143	0.177133963580199	0.166351012924979	0.165125646409214	0.138426310657238	0.161632838314756	0.190134418917996	0.152980488563271
72057	0-4	2	0.00459579423774184	0.00505276723532343	0.00531911299439654	0.00307350556147638	0.00226906797039144	0.0032690944436894	0.00120223573801379	0.00174145738602607	0.00312540745423063
72057	5-9	2	0.000279077450634837	0.000136990200507198	0.000403989031488138	0.000426846024604774	0.000341977427113268	0.000164577999771404	0.000312351017921797	0.000414127371538733	0.000581990914076411
72057	10-14	2	0.000998065211540148	0.000533816452840422	0.000475787877732974	0.000415489404317513	0.000421640702329143	0.000236581462500191	0.00016459085021596	0.000359213707569445	0.000287161234718981
72057	15-19	2	0.000637834150907477	0.00117374057521749	0.00149614874317839	0.00141303017554616	0.00139047512482379	0.00117197539870307	0.00152080042882853	0.0011845009077371	0.00139291818813874
72057	20-24	2	0.00199395295868334	0.00148575738305021	0.00241423414965332	0.00260209496403546	0.003040207555392	0.0020145921348219	0.00245080194222293	0.00124378113775106	0.00274573150505257
72057	25-29	2	0.00215345090241042	0.00192880649002061	0.00264466774606216	0.00296927852058573	0.00211421277611939	0.00188561849013398	0.00295379920043425	0.00285611778459202	0.00402290087977465
72057	30-34	2	0.00203660342048	0.00410522249965542	0.00376755182400497	0.00362303950186813	0.00211429754478688	0.00249209064435493	0.00206086439860762	0.00292909018623406	0.00355418130147222
72057	35-39	2	0.0029367820465033	0.00500055566841941	0.0066637981368406	0.00507424652817272	0.00347645181846424	0.00269450610343914	0.00205713939573319	0.00343420416956736	0.00591494843060753
72057	40-44	2	0.00505651203487174	0.00509177738441507	0.0055025952958872	0.00763469088196019	0.00565411350154335	0.00474865012419705	0.00242004248350937	0.00383579278893561	0.00344128925909544
72057	45-49	2	0.00609540252822236	0.00564599542962484	0.00930005912663196	0.00751549315400905	0.00621992641679994	0.00473140722508788	0.00420426374213742	0.002650296249971	0.00497938131820503
72057	50-54	2	0.0113413282673333	0.0129182469465968	0.0078719748047117	0.0102359470939862	0.0081735481012474	0.00861001678914596	0.00634466799167973	0.00762113414859632	0.00683519559743804
72057	55-59	2	0.0145240521251397	0.0140480704059434	0.0157831535327701	0.0134774892224743	0.01406025683008	0.00911177248984442	0.0112105920487925	0.00888388368123275	0.0102520913273073
72057	60-64	2	0.0233003493015896	0.0236242601389403	0.0191067712832065	0.0191654697955509	0.0182239364831718	0.0170881558023407	0.0145630442325243	0.0127506007779918	0.0131382192645486
72057	65-69	2	0.0336731984983544	0.0323928243926357	0.0318304614906559	0.0249411612212885	0.025182970468004	0.0232799052084384	0.0197381018142189	0.018324628772116	0.0191755804413339
72057	70-74	2	0.0514849312348294	0.0489901430177288	0.0447183280949863	0.0422735622857487	0.0412377580975551	0.0362026295852245	0.0275327941809336	0.0263543707874753	0.0272177617147796
72057	75-79	2	0.0541987114372669	0.0553558694027144	0.0547864459579157	0.0526904248198444	0.0503249975832758	0.0394116276687875	0.042286034954469	0.0383374421296188	0.0393110233365596
72057	80-84	2	0.0883068657953531	0.111906915849992	0.0743368055926761	0.111295639899989	0.103576374675003	0.0838233449704898	0.0683744087660922	0.060461352075998	0.0715285269970018
72057	85+	2	0.162198621492549	0.13927778404535	0.191937777736902	0.173125751056672	0.167103071329198	0.158626908141572	0.148039823977797	0.145256374115927	0.145749615784704
72059	0-4	2	0.00554748351772273	0.00497451351243952	0.00320381967950002	0.0032989685323796	0.0021783526606088	0.00196581540855446	0.0032959054011272	0.00400481008898966	0.00399271984447993
72059	5-9	2	0.000382419272820884	0.000239384402692296	0.000249641389340256	0.00026978096575346	0.000278174499618226	0.000495296305522559	0.000347173412638021	0.000450705224380371	0.000632304016526936
72059	10-14	2	0.0003803017130218	0.000521920886277092	0.000381030214389881	0.000575085257037563	0.000429917802466175	0.000879600546091674	0.000322253371291941	0.000404858544813437	0.000517218004769292
72059	15-19	2	0.0014595485357183	0.00112571208422261	0.000590278058854323	0.000913840461856415	0.00113228743519897	0.00212495126175191	0.00126027244669497	0.000836738966530508	0.00104812859376558
72059	20-24	2	0.00137624983216363	0.00232346605422795	0.00272515565412855	0.00127665745553978	0.00203817113801206	0.00279887244547879	0.00131626628953781	0.00297171693209685	0.00198684975437079
72059	25-29	2	0.0032015141061451	0.000872603111418583	0.00166873057115122	0.00127952394678823	0.00221271103358158	0.00300580238440804	0.000898799861572304	0.00415474589773357	0.00249700212806691
72059	30-34	2	0.00190289233305197	0.00328747440472486	0.00362648406012018	0.00402594507657546	0.00289863587699335	0.00290350582537085	0.00150608502770469	0.00433952031374178	0.00527284498549857
72059	35-39	2	0.00223835641060245	0.00264001571731034	0.00511666907349738	0.00258450948091408	0.00257398107974985	0.00345361497282523	0.00122021293830559	0.00432068899324795	0.00472409130883206
72059	40-44	2	0.00188297017136746	0.00321209742350027	0.00552659720939847	0.00548393378857	0.00435162691533449	0.00296276923878612	0.0034689760527848	0.00161720912681316	0.00560490101498897
72059	45-49	2	0.00525458243659018	0.00587402873882028	0.00452159315473336	0.00688033285801979	0.0044012769813036	0.00577774728848887	0.00638999886572362	0.00556883413620312	0.00490398782580671
72059	50-54	2	0.00451024519711729	0.010011411393306	0.00741277283889919	0.00861252834752905	0.00989819776747423	0.00735634125284671	0.00424744788520192	0.00509249809249054	0.0067467534509545
72059	55-59	2	0.0127478657262945	0.010753212763406	0.010089433186444	0.0107502401188634	0.0107145050723478	0.0113325299895063	0.00965692317112826	0.00928476245226691	0.00983049346584013
72059	60-64	2	0.0163139861211594	0.0256157369046879	0.0224650911657276	0.017840207492814	0.0184127835781913	0.0165960682722112	0.0150706960955518	0.0163653691127199	0.013918045661875
72059	65-69	2	0.0231704917987535	0.0334825842396465	0.0220589293150033	0.0202307338928808	0.020685553410831	0.0237064283604905	0.0253882703944651	0.0180213713401128	0.0137656639358442
72059	70-74	2	0.0383664458805559	0.037306873410873	0.0398830628599637	0.0421358382446225	0.034239692462711	0.0315051757427739	0.022626364605757	0.024748335368198	0.0321141288886557
72059	75-79	2	0.0598731562181372	0.0757745496564039	0.0539698188255465	0.0576900360851293	0.0430916036361383	0.0441529768746333	0.0308615510857956	0.0505381419102802	0.0477532106527613
72059	80-84	2	0.0977686690025353	0.096774025272237	0.0868504816140655	0.106274323125134	0.0912987490830097	0.0896150627504141	0.0807970050445235	0.0571959424731928	0.071089413819848
72059	85+	2	0.144649233456879	0.168258354228373	0.13600556082425	0.145313271921953	0.148956281055627	0.201555309706802	0.175401663378022	0.151034457590887	0.147887800717547
72061	0-4	2	0.00348005390205247	0.00285048524140738	0.00282174968207022	0.00330610661189834	0.00256533483700564	0.00211020337771026	0.00179972103031854	0.00127715777732945	0.00199125118314209
72061	5-9	2	0.000359961370175089	0.000265882105761849	0.000318853457250275	0.000130884371286464	0.000234325693586192	0.000321247891294083	0.000176994217185009	0.00021269188768288	0.000259786159297406
72061	10-14	2	0.000248092786063662	0.000392289263341842	0.000261376517885558	0.00041658862439462	0.000326508359158549	0.000244234495193381	9.96162936332991e-05	0.000117539876481602	0.000299094248844577
72061	15-19	2	0.000986043575699809	0.00148379979230442	0.00162238409781246	0.00238886901703642	0.00181918800446948	0.00183660973779021	0.00119499565040876	0.000841188700700235	0.000967824816942485
72061	20-24	2	0.00166685121309263	0.00189688106635876	0.00329407727378721	0.0032058990457098	0.00327067303037794	0.00309136694125236	0.00317799992505109	0.00209053643440444	0.00176826594906999
72061	25-29	2	0.00276230920733399	0.00333746815964018	0.00400600530545941	0.00377649623130225	0.00327120759657869	0.00297979401318561	0.00288511646629326	0.00178261625453434	0.00248759877566625
72061	30-34	2	0.00213180718707819	0.00299244919461414	0.00497480545456564	0.00368619351951772	0.00239505902385889	0.00301920908633499	0.00297765833205392	0.00209890062950742	0.00276002125566668
72061	35-39	2	0.00217535983455106	0.00346258235905131	0.0057703830463943	0.00450504722193502	0.00278926436800125	0.00215288215359075	0.00223104435039968	0.00202472354957974	0.00371142024249195
72061	40-44	2	0.00322869439336691	0.00470783040939452	0.00540306003816496	0.00579373981442416	0.00414535303788043	0.00311786405811834	0.00300385663235082	0.00243080693328047	0.00296885378613354
72061	45-49	2	0.00367062575368554	0.00457941811947203	0.00689296998298051	0.0064650557178804	0.00406594849881115	0.00430679327509957	0.0033751924690227	0.00381699555588934	0.00520405227090319
72061	50-54	2	0.00832276377107943	0.00700131642607518	0.00728184447336678	0.00800777124427338	0.00678955925735456	0.00571017878056557	0.0057268925805708	0.00519377235169949	0.00497640622689457
72061	55-59	2	0.0104179827981492	0.00967495385958957	0.0101679119787742	0.00959106078045253	0.00895114831395902	0.00982651719713081	0.00710578407554017	0.00753458730876565	0.00786090571706552
72061	60-64	2	0.0200193016283868	0.017148573650009	0.0134276721585153	0.0152970605575644	0.0125168968164161	0.0123005057098887	0.0086896432232698	0.00914921480253614	0.010175440202272
72061	65-69	2	0.0235832429075088	0.0231747767995714	0.0226242426666271	0.0206913566709215	0.0195510985322836	0.0161134091777647	0.0154079329982738	0.0154191150778135	0.0140373052141836
72061	70-74	2	0.034380907228504	0.0298363682749233	0.0304373042062517	0.0340210068054464	0.0281855407583609	0.0251686613781161	0.0238797226771944	0.0194804693926078	0.0236959070324433
72061	75-79	2	0.0520489233486429	0.0489625935373252	0.048192588650317	0.0485074956436184	0.0433990972102366	0.0421742682037871	0.0316165215691316	0.0320659146614275	0.0354066022564324
72061	80-84	2	0.0898700139330078	0.0822768513468054	0.0778443062063082	0.0760909958748105	0.0676530610244386	0.0689985092711603	0.0632922618709116	0.0502137746731338	0.0570927412671175
72061	85+	2	0.146207569664071	0.157293868348371	0.148107606257336	0.131685790736882	0.141853436305301	0.143287503698906	0.149500758552248	0.141579157728895	0.131096328969931
72063	0-4	2	0.00388807583853984	0.00433221859444052	0.00309244845399957	0.00229299469287496	0.00217157633670089	0.00234556151503423	0.00211275067071734	0.00135040157942373	0.00111569397379316
72063	5-9	2	0.000495107189569737	0.000347876889825264	0.000208083040986802	0.00054758085288439	0.000174189298715604	0.000611976782941344	0.000177914877968009	0.000353258630921847	0.000291040816413102
72063	10-14	2	0.000214845491616539	0.000460131197618743	0.000445558855291066	0.000821315622878317	0.000400649296798263	0.000164858113486175	0.000271806897418321	0.000477303969248581	0.000250780199232291
72063	15-19	2	0.00112875480888297	0.000492447218304739	0.00218417092903469	0.00177567254592397	0.00154226757587962	0.00105753087318516	0.0012569862908269	0.000906332407145909	0.000929918303949374
72063	20-24	2	0.000688389712473552	0.00234804928346823	0.00259821809201913	0.00255062832990777	0.00343121442832897	0.0029032143434339	0.00370511685511977	0.00195995320070815	0.00186704274402399
72063	25-29	2	0.00311351951405775	0.00324813115177771	0.00365718758073038	0.00212121409952334	0.00273808006633122	0.00418631137334925	0.00402109655222663	0.00308027595469395	0.0023211933227107
72063	30-34	2	0.00153177775372768	0.00303266013268202	0.00378285873028051	0.00386584454043314	0.00263869879870422	0.00288496551355392	0.00291498583829078	0.00248911035006962	0.00284216272238495
72063	35-39	2	0.00449564238819222	0.00401844214188003	0.0060054190192259	0.00504323659409073	0.00315686470781569	0.00369446880098411	0.00139982476483063	0.00271881917559192	0.00359079829584554
72063	40-44	2	0.00503042053007074	0.00393976090572377	0.0059377212774038	0.00272626727156903	0.00321268390484344	0.002526791465149	0.00357568961670169	0.00298349408855737	0.00260408993519444
72063	45-49	2	0.00585592689589869	0.00585045949763891	0.00585067007672423	0.0044788193524676	0.00567402021068275	0.00512793054697172	0.00324271221537636	0.00358630347702408	0.00435032412073163
72063	50-54	2	0.00688817687459467	0.00872169804781614	0.00978112736774144	0.00754977099800872	0.00707111024890729	0.0045337969383009	0.00592473624347316	0.00407923287085246	0.0064435869193515
72063	55-59	2	0.0131098630607371	0.00905125696977343	0.0110117193338939	0.0121725160617873	0.00796446057442942	0.00927514228149036	0.0065901225719876	0.00853707595696776	0.00714815421888378
72063	60-64	2	0.0198346537996445	0.0195933959171624	0.0216675372792271	0.0197354594459994	0.0123200043040673	0.0134785457789214	0.0118824506708549	0.0103803525293072	0.011233454036208
72063	65-69	2	0.0229278364925891	0.0339149248561299	0.0267577764626951	0.0216732783340652	0.0239612678657745	0.016394663182591	0.0169252385907161	0.0167735654973715	0.0126645808588928
72063	70-74	2	0.0350001211253339	0.0382884812327606	0.0443716702052394	0.0339662970693569	0.0318814635314214	0.027825273352267	0.0256271796652137	0.025174198303958	0.0239220983676956
72063	75-79	2	0.0605499182273362	0.0473013286645043	0.0592443476674139	0.061001887533205	0.0506470643806366	0.0450791236428717	0.0430854887892988	0.0345718592666906	0.0369628514111746
72063	80-84	2	0.101655404810934	0.0783990285572977	0.0890900430184802	0.0680434765662484	0.0788101158881694	0.0566612137604007	0.0696113360379455	0.0570786439514657	0.0558917590218225
72063	85+	2	0.155678746227774	0.17648748797954	0.13961547171938	0.143250389575091	0.126862704959087	0.142095449234731	0.141885460008206	0.13030129303085	0.117987122804476
72065	0-4	2	0.00357239439218868	0.00330892989583807	0.00378431511376648	0.00227218863121915	0.00133642086480527	0.00155920151200928	0.00160449539294336	0.00157530081129251	0.0019208498648852
72065	5-9	2	0.00030932068498316	0.00019754061668907	0.000433530218491854	0.000528527869309665	0.000282970576174509	0.000187195384636698	0.000204971126998102	0.000379326173291827	0.000311018770273331
72065	10-14	2	0.000494960045227942	0.000284033846568929	0.000180316951482856	0.000496186824080909	0.000166860291457695	0.000609852465959794	0.000300171563297028	0.000368953460206254	0.000253585718956918
72065	15-19	2	0.00114645856587323	0.00104452419320922	0.000925905065609974	0.000665328928741141	0.00102809955374087	0.000621140104765269	0.000875986915259981	0.000451008612058376	0.000378877305904194
72065	20-24	2	0.00142067546538794	0.00128537334458092	0.00177947562450545	0.00113035534242814	0.00118379850955857	0.00149246361893086	0.0012303445804201	0.000901904078848632	0.00221417111607333
72065	25-29	2	0.00172642142169488	0.0026733279626339	0.00182907656297272	0.00248325718084744	0.0013532217000824	0.00103835704060017	0.00115048767205209	0.00173761314173346	0.00263283117326817
72065	30-34	2	0.00342603144623802	0.0023415644272782	0.00321829902920616	0.00340824676156593	0.00260082244458255	0.00161485545974291	0.00121125258624796	0.00157605848846805	0.001903602385543
72065	35-39	2	0.00253293382945917	0.00451229685886525	0.0039165174727808	0.00332774338439565	0.00308116421017747	0.00231391083670326	0.00224739354559837	0.00195846227762049	0.00260555660650173
72065	40-44	2	0.00625417422334066	0.00598099802675854	0.00364397261285607	0.00394711878646235	0.00311769178878963	0.00294917449708112	0.00271288649370392	0.00379931602567347	0.00347602896718231
72065	45-49	2	0.00735395704787843	0.00499319049194872	0.00552232120053345	0.00653444379340775	0.0063155207168584	0.00413746308795605	0.00523014290970374	0.00233736709402606	0.00277007031972425
72065	50-54	2	0.00837684335933472	0.00619369971395287	0.0101784783936856	0.00968251107010383	0.00654619707123464	0.0086325014158865	0.00567263433652972	0.00654243551822549	0.00452918566457676
72065	55-59	2	0.0158057260300871	0.0123491795004466	0.011474455268033	0.0116833704190006	0.0108551141306441	0.0106465647812471	0.009160001364912	0.006521572898243	0.00796353202194324
72065	60-64	2	0.0167480178855225	0.0194587788818469	0.017130403096562	0.0162760878966316	0.0131621539382356	0.0148012990373537	0.010254478366952	0.00984086954637527	0.0123859107073038
72065	65-69	2	0.0233538364958059	0.0353383800510718	0.0272527961913733	0.0249395763970043	0.0212727443194137	0.0216515744883817	0.0150194007855617	0.0164706672827383	0.0163001444481256
72065	70-74	2	0.0398940350618469	0.0404206713063887	0.0371782830570842	0.0357528120225992	0.035882720471848	0.0293887926395339	0.0230701967656443	0.0219011620328763	0.0257938681108048
72065	75-79	2	0.048040602464003	0.0476410706762143	0.0586216550583715	0.0633350456389743	0.0536405381684308	0.0518672185949717	0.0420190831147744	0.0325537588762957	0.0329978859032709
72065	80-84	2	0.091537985949681	0.0691142755393327	0.0752008852980798	0.0828916648541211	0.0921009959373785	0.0710610537443308	0.0692783912502286	0.0504223673036707	0.057070488023861
72065	85+	2	0.189328262949604	0.167214226206501	0.155626320176969	0.159256708383414	0.162740737150066	0.166426250307238	0.163010228284839	0.131518717347012	0.125929926367671
72067	0-4	2	0.00501222150900161	0.00306713293902069	0.00328864069267569	0.00341114921570804	0.00207981935177859	0.00442881822059376	0.00506235381447412	0.00353907176080121	0.00506072665583484
72067	5-9	2	0.000615514202731108	0.000415395475744213	0.000446327267196833	0.000745374197657115	0.00104280452175787	0.000438482858091873	0.000876270968907048	0.000639665213710615	0.000790271779846011
72067	10-14	2	0.00129814591889	0.00113050091327012	0.000658104803757637	0.000426097532436737	0.00070344821100399	0.000404959713433625	0.000413399919072739	0.000515658886548218	0.000625031500856794
72067	15-19	2	0.000910628664797604	0.00113849666531245	0.000376756477151357	0.000669234482495348	0.000418452732556381	0.000423441078160353	0.000414372559830071	0.000421237612680609	0.00051583464338777
72067	20-24	2	0.0012074838613891	0.00144382397915063	0.00168997261361429	0.00229343756887258	0.00127434384919397	0.0010505387193169	0.00193083497668002	0.00123023648300508	0.000806673467712198
72067	25-29	2	0.0017143719085624	0.000529125533392264	0.00199127129810265	0.0011081391300866	0.00281306528684401	0.00184078980695463	0.000884761592621939	0.00298681974514518	0.00188748439553494
72067	30-34	2	0.00168049422917994	0.00523533351812499	0.00251142040507267	0.002246583338465	0.00177148544493816	0.00290596124089217	0.00317148460423086	0.00205040202311701	0.00336470204426348
72067	35-39	2	0.00171149509755591	0.0034078415722379	0.0025177560726563	0.00243724411613748	0.00229315456974677	0.00217275088261617	0.00300266453226493	0.00220126430798448	0.00162947927334123
72067	40-44	2	0.00292760671986813	0.00416559793505366	0.00336542438115735	0.0026128537546563	0.00423001568427564	0.00429321507665319	0.00256321159189223	0.00434888051326855	0.00405195657382207
72067	45-49	2	0.00421794444902554	0.00492749473585309	0.00524182080574221	0.00433868812628308	0.00337174387445728	0.00328207034622484	0.0055674155177711	0.00560828501866037	0.00476819739360004
72067	50-54	2	0.00684666242644228	0.00821849378245742	0.00689113325385503	0.0071338680532527	0.00900951994544873	0.00923317800502118	0.00887766238372723	0.00439103711872469	0.00632295745592121
72067	55-59	2	0.0156095750382948	0.00816427573548801	0.0103579741801071	0.00745828246930308	0.0099499428435255	0.00822977931766505	0.0104212664653735	0.00813823784700542	0.00594796967355914
72067	60-64	2	0.0174738633562306	0.0138597661479703	0.0138288714840549	0.0129022799391443	0.0114336847324782	0.0099328124158455	0.0119709435504632	0.0111676613705226	0.0131719297387758
72067	65-69	2	0.0208146507006131	0.0306650526265121	0.0223729001947819	0.0182193151758506	0.0230352385950866	0.0150226194103276	0.0159215273519114	0.0125790059142474	0.021939669541193
72067	70-74	2	0.0372888251924087	0.0415425591772395	0.0376741067959499	0.0329787510187279	0.031085024010293	0.0275142071969284	0.0233137286001271	0.02131808606405	0.0215414037179748
72067	75-79	2	0.039010866592761	0.0564580171378666	0.047505988260329	0.057998729453346	0.0443379866426959	0.0382124281987332	0.044131167262037	0.0404516244246172	0.0314629039647434
72067	80-84	2	0.0886188210260918	0.074122223640836	0.0826222456950751	0.0913765417078045	0.073207396737172	0.0739692810063358	0.0548237061198333	0.0572327705824376	0.0518189986886038
72067	85+	2	0.150131591998462	0.0871857996730026	0.12525634780214	0.0982833199962379	0.116195657978802	0.117713087648176	0.108386920138928	0.101583069576805	0.120457837502084
72069	0-4	2	0.00382430530123047	0.00428331063466	0.00356308071616224	0.00251661902267862	0.00305163757613874	0.00250413482562967	0.0016960252315797	0.00184994045102994	0.00307452000062672
72069	5-9	2	0.000249981657306896	0.000397174323231283	0.000121773378098778	0.000195482123960651	0.00019988972556388	0.00030879204016064	0.000162439815803785	0.000446033522747146	0.00071822409759113
72069	10-14	2	0.000780656021480174	0.000301370724437715	0.000233544139059716	0.000253993521936539	0.000267198116365925	0.000374526478471642	0.000145457669460606	0.000283635447985287	0.000335443496430934
72069	15-19	2	0.00138661893948973	0.00118950925207311	0.00136410982846013	0.00126011502567624	0.000711607929466446	0.000994870323482535	0.0012901967553505	0.00098991872282993	0.00108852979505594
72069	20-24	2	0.00232914681312361	0.00207665812060837	0.00200940877979714	0.00209139752545393	0.00219821239244466	0.00310961538417992	0.00304869667341972	0.00229530824177257	0.00189816620245218
72069	25-29	2	0.00297513980193547	0.00251666694145295	0.00386088350944332	0.00288604855570603	0.00247187198761757	0.00324792212725129	0.00431277407592075	0.00394784166351285	0.00150385354548128
72069	30-34	2	0.0033969078287461	0.00414611995024555	0.00482028795993084	0.00416779281966546	0.0027374044061928	0.00318771918052811	0.00243620024331695	0.00341535703482373	0.00444407455193154
72069	35-39	2	0.0038967108844118	0.00436218216258026	0.00411108295818869	0.00337851444824299	0.00333645138039419	0.0038284208458941	0.0035038288759639	0.00232863289789691	0.00485806151325492
72069	40-44	2	0.00245223510263634	0.00383544157689022	0.00764619789685845	0.00646264643927486	0.00387443685451138	0.00506654348326285	0.00276542890711406	0.00343496723567496	0.00504761988605312
72069	45-49	2	0.00639839257401973	0.00580050506605567	0.00795313396196465	0.00623501507800296	0.00567586478311004	0.00572995155588008	0.00291004048631839	0.0049778870115887	0.00425362310711353
72069	50-54	2	0.00877727606449836	0.00997102399788653	0.010033984298118	0.00868057607516781	0.00845990567545597	0.00769002737328017	0.00780566347730583	0.0064552548546358	0.00562655631467379
72069	55-59	2	0.014407368065438	0.0122920647896311	0.0116309747991853	0.012802993374872	0.0110007689238252	0.0114078139335529	0.0106015878092	0.00966881604771376	0.00954178650703042
72069	60-64	2	0.0186737231537735	0.0200354778727572	0.01935230155991	0.017468095511329	0.0163512193793495	0.0134139995051616	0.0124717358216385	0.0121755933707175	0.00953592732050341
72069	65-69	2	0.0268613207991029	0.0322528849549918	0.0264561216778852	0.0222922856010328	0.0214238501687765	0.0201786768797998	0.0167037939404664	0.0184265139327967	0.015497490996452
72069	70-74	2	0.0443823914448258	0.0413630988375659	0.0461431255041926	0.0403337679757033	0.032319013182806	0.0286538168698108	0.0241925957683788	0.0233847062965377	0.0211527713317248
72069	75-79	2	0.0609902646470949	0.0617843535032957	0.0638031281331597	0.0537545648635429	0.0543238956948462	0.0431587911407516	0.036946890240638	0.0362943306211056	0.0288347397790912
72069	80-84	2	0.0984711220448607	0.0751006471218555	0.0864730011551513	0.0853013342118529	0.068649582687502	0.0707862799112108	0.0708196068845716	0.0517905636604097	0.0570346073869851
72069	85+	2	0.186287949316503	0.118972406330356	0.137272113107005	0.169669274551039	0.154075934573068	0.169599182676772	0.142805862623852	0.134682047022701	0.0941759027759762
72071	0-4	2	0.00436022261939624	0.00310628983950094	0.00324317628907061	0.00318482294737453	0.00176654409378009	0.00124660709902772	0.0021911120072841	0.00127825970750657	0.000839005766051572
72071	5-9	2	0.00041321900352548	0.000345866433406326	0.000570080317585664	0.000259368750412573	0.000357485705929131	0.000170452628715455	0.000192082814298899	0.000226437197371461	0.000288609935108323
72071	10-14	2	0.000139759348054594	0.00039514472574436	0.000603358923323244	0.000255562718990627	0.000471612561537797	0.000588097665530011	0.000172765566723007	0.00031508742518296	0.000220590440488224
72071	15-19	2	0.00106020569680088	0.000902682514272636	0.00093537097168253	0.00138758868057527	0.000887070420175909	0.000775483512302809	0.000585899675029711	0.00053644080096459	0.00045856054389727
72071	20-24	2	0.00246763734683333	0.0018289171024886	0.00173678517220704	0.00173466348470641	0.00211379990981312	0.00128988081744801	0.00169800552006202	0.00167808061514694	0.000609662763147524
72071	25-29	2	0.00175715004935076	0.00229365381386629	0.00157186345006387	0.00220068184513	0.00202847218599176	0.00171275243431343	0.00271072981796051	0.00141487937091212	0.00165960786270275
72071	30-34	2	0.00237370565933765	0.00391678025769155	0.00271544373035492	0.00268911458775285	0.00255837603947443	0.00289950161688574	0.00215686531187659	0.00331798815776943	0.0018773936914374
72071	35-39	2	0.00266072748852323	0.00520167621132313	0.0028049696145393	0.00229533463794286	0.00308155519221595	0.000789212300443881	0.00237854745125863	0.00297276064612172	0.00383336849961865
72071	40-44	2	0.00502765573046813	0.0052761199237455	0.00406687558808062	0.00483687659069864	0.00357874611314792	0.0031901721257722	0.0028395944001947	0.00260890985850473	0.00353146576955036
72071	45-49	2	0.00692269566347062	0.00504160797330225	0.0074822946882223	0.00500146508527933	0.00586974420804571	0.00418907115567677	0.00291732152743231	0.00307851623055044	0.00384979233904409
72071	50-54	2	0.00919954200966856	0.00854482746276443	0.00729586998809507	0.00925704454853	0.00783413043406104	0.00784428273330809	0.00631291473889453	0.0069147249042864	0.00732070694571228
72071	55-59	2	0.0142205499870869	0.0101809884410405	0.0140806460353615	0.0135792670529932	0.00976871513213686	0.00994573011390834	0.0108671719237488	0.00796722208369134	0.00676247642387127
72071	60-64	2	0.0164554864967382	0.0209074387957455	0.0211293525516891	0.0192619715849206	0.0153507178791022	0.0161679297064509	0.0140146491704249	0.0107601741333451	0.00938621789314612
72071	65-69	2	0.0193903049966176	0.0248075034534518	0.0285724217941017	0.0242499942378513	0.0252101573177812	0.0183708613806258	0.0176282370522396	0.0205460344862095	0.0168033309466845
72071	70-74	2	0.0387241293664712	0.042295547082868	0.041468334802998	0.0372235024338809	0.0337039760150707	0.0327770168429408	0.0266006525594802	0.0252185667036223	0.0230290003183566
72071	75-79	2	0.0330971491118851	0.0587830293713751	0.0565484080930575	0.0633512022715697	0.0580402110343487	0.0511118854192923	0.0443927658937086	0.0314674559930021	0.0394592016529702
72071	80-84	2	0.0850385018941504	0.0863569425320443	0.0760733640823758	0.0958428853265065	0.0916484351423768	0.0784485734641326	0.0694444228648099	0.0586589911297211	0.0592056933645213
72071	85+	2	0.17998243000155	0.168476916314699	0.175254245542783	0.165773043192717	0.135829211447586	0.150256350521828	0.131539193268482	0.125005573198494	0.128095349231027
72073	0-4	2	0.00366795591356596	0.00463119959625146	0.00367921908184491	0.00489046626665536	0.00204765811808387	0.00241596795412592	0.00163248865326716	0.00166505212442513	0.00232016342354894
72073	5-9	2	0.000509878066763549	0.000313038937845515	0.00051939408917579	0.000324830191075306	0.000329778229787318	0.00037304723096206	0.00108278613406232	0.00048592408635076	0.000577789698226844
72073	10-14	2	0.000461705689690014	0.000455426994075412	0.000282800240019815	0.000861185474371308	0.000289303248110353	0.000312693458000907	0.00036768928616785	0.000451750092912566	0.000506560935478745
72073	15-19	2	0.000982302630563299	0.00101640167465392	0.000548424109166721	0.00073422399915883	0.000945343183253553	0.000519657212062355	0.00104979281856278	0.000696495126125846	0.00084736372025387
72073	20-24	2	0.00189877754738445	0.00128636859345045	0.0012292003271668	0.00190748557555207	0.000784127562345619	0.00191675144412953	0.00115543554027395	0.001659770889865	0.000822322437792808
72073	25-29	2	0.00146657911557856	0.00145502876752599	0.0035039185245951	0.0010212184827356	0.00159831184007262	0.00125556937786722	0.00289100799948129	0.00207230221781505	0.00310494263218045
72073	30-34	2	0.00323197395650603	0.00108820803362604	0.00233839068960624	0.00340843031286357	0.00269969337655103	0.00230535585295542	0.00202926332928151	0.00174917056146913	0.003826616874177
72073	35-39	2	0.00489671341075213	0.00162855862142473	0.00294095324255475	0.00360069784691341	0.00252481852054745	0.00390189556716857	0.00192933468079975	0.0015693982979883	0.00288008975369809
72073	40-44	2	0.00479520216444833	0.00286119284425803	0.00324937138380853	0.00470080377283834	0.002026912376067	0.00460189449172308	0.00308412341720209	0.00424825973326487	0.0043671995570393
72073	45-49	2	0.003231885678431	0.00779873101553766	0.00551626441530231	0.00354991668791626	0.00283324681676987	0.00478853867624072	0.00430917647202495	0.00276876929949735	0.00545403387726611
72073	50-54	2	0.00881896778819205	0.0109021568564229	0.00904308236217873	0.0111753854077096	0.00496346866011165	0.00910861150326141	0.00612433906122841	0.00640548440649602	0.00521286614748043
72073	55-59	2	0.0189549154587517	0.012101868952695	0.0146567460316227	0.0126364314022124	0.00904733796837265	0.0084079036348394	0.00741143027929706	0.00997973486729981	0.00993750827891158
72073	60-64	2	0.0139168715416714	0.0224966060057525	0.0212511945142005	0.0199233042987744	0.016250476133059	0.0154832289221249	0.0108159595199997	0.0108968112383038	0.0112306240518797
72073	65-69	2	0.0315949162163969	0.024025572968522	0.0271296691606975	0.0153005681614905	0.0260731206406105	0.011917948757374	0.0176228284266464	0.0124717170745258	0.0147279169658492
72073	70-74	2	0.0440818336696788	0.0449675251994614	0.0444558547862217	0.0400354842081816	0.0501852123119781	0.0252825418465479	0.023692562976554	0.0243582075004482	0.0182549607379581
72073	75-79	2	0.05323453604943	0.0787391225698188	0.0646229908538514	0.0419766086969159	0.0484269407918953	0.0470053927555572	0.0334014706129529	0.0314057826804173	0.0236960148169511
72073	80-84	2	0.101175624456905	0.0898473255970013	0.112295369924708	0.107068381537861	0.102568172137522	0.0658394075681438	0.0718615045826929	0.0602049178385038	0.0448943373869201
72073	85+	2	0.17860827769388	0.214922036066785	0.169584552235702	0.165092860416249	0.1262665204016	0.125652130844067	0.134477590833511	0.113904949969083	0.131481637394982
72075	0-4	2	0.00582507613923943	0.00345751959087904	0.00441607233898128	0.00269073199106522	0.00179474544194849	0.00237110210069744	0.00156390453783212	0.00232108209909887	0.00322891444755412
72075	5-9	2	0.000393325413949364	0.000126229396225385	0.000606485162080291	0.000129212310968353	0.000359851540725034	0.000226705993930897	0.000162181217539114	0.000300320970507901	0.000223972180048023
72075	10-14	2	0.00081454396984317	0.000533779319447272	0.000328688235014079	0.000654868511253989	0.000429559215938511	0.000285796926677928	0.000237214969444557	0.000405107814502613	0.000464708715012683
72075	15-19	2	0.000777873507612756	0.00115591868131613	0.000799816159705632	0.00119352725445618	0.00152638752093265	0.0017785867944743	0.00158128325384149	0.000475036026445834	0.000302978125426444
72075	20-24	2	0.00111723153732573	0.00215521648453014	0.000941960713247965	0.0031709514868216	0.00305852206305584	0.00325271844754973	0.00290392714901376	0.00118914193914878	0.00173226252213243
72075	25-29	2	0.00235531527031648	0.00287194951244828	0.002411709025617	0.00366176642001381	0.00338838152428136	0.0034600977942417	0.00286412122641269	0.00167082403331703	0.00352976569251071
72075	30-34	2	0.00202390067512618	0.00258922463141594	0.00421781518286176	0.00247614609378211	0.00208775863241416	0.00310800106877002	0.00357800938845193	0.00281315611517111	0.00346124489567824
72075	35-39	2	0.00284640935633809	0.00601608448956739	0.00630853283505352	0.00339522067901246	0.0029594126866942	0.00251331511696547	0.00193809174241324	0.00255689509511219	0.0033009008381143
72075	40-44	2	0.00332551422816564	0.00473588708232174	0.00448910301951498	0.00555475553305497	0.00395131805063881	0.00409454915235017	0.00281930377110302	0.00353507974395269	0.00278320685322737
72075	45-49	2	0.00564617776286022	0.00350864420268497	0.00581657620527712	0.00685101172257854	0.00626298289985731	0.00382534852776971	0.00468795642735288	0.00414337828729871	0.00405754984249667
72075	50-54	2	0.00725225089464318	0.0089078376328701	0.00994976785060596	0.00881524266579107	0.00650645411982191	0.00841021341902197	0.00489370968528765	0.00526013737013388	0.00506293601211021
72075	55-59	2	0.0141917742162883	0.0121823478467473	0.0116582409618193	0.00940742490257919	0.00976976928174253	0.00882816062148423	0.00838303013654577	0.00883788172697961	0.00813021854097296
72075	60-64	2	0.0199664879457635	0.0185167638885058	0.0151027451897686	0.0182893889649187	0.0169358125051743	0.0147714114869875	0.0143275397466339	0.0123021568813535	0.0121684798727639
72075	65-69	2	0.02501254864363	0.0271294627327358	0.0267952614757954	0.0309834149700871	0.0253105824831106	0.0167611070329396	0.0164420316802408	0.016050758652356	0.0159617049599864
72075	70-74	2	0.0505842891701969	0.0537896690839937	0.041952742702546	0.0363356149043841	0.0365644716411747	0.0334143837418143	0.0276848606951136	0.0182821780799298	0.0260735230816804
72075	75-79	2	0.0533535630001806	0.0688658073759988	0.0581271854479985	0.070712221386014	0.0645600250780811	0.0489153785484739	0.0419431201797251	0.0398164657146252	0.0399094423762116
72075	80-84	2	0.103921292301696	0.0834324875769865	0.10345271593173	0.108984102308993	0.0859427124193359	0.064208511119421	0.069309441084318	0.0680260354559924	0.0630941633115679
72075	85+	2	0.172864319882197	0.150487529964407	0.162776136375696	0.135975312468377	0.168045268795772	0.127203181957228	0.132027842103005	0.114254260735652	0.1128974003696
72077	0-4	2	0.00404068188662758	0.00463961989266155	0.00278299695837425	0.00309467607727103	0.00213856156689095	0.00243677853833728	0.00198762861586013	0.00155298352732352	0.00190752875219949
72077	5-9	2	0.000723772537158242	0.000446551721223914	0.000437501477182782	0.000549508887348322	0.000290975521060331	0.000293568635833464	0.000313876277024367	0.000226942301318698	0.000655490283012757
72077	10-14	2	0.00058330375791843	0.000671456691705512	0.000298158650244618	0.000425856601325448	0.000292922552346474	0.000279061518889712	0.00052984273518643	0.000341998159484867	0.000243719107872827
72077	15-19	2	0.00107756738809392	0.000846951152507879	0.00159415778858569	0.00120353441913219	0.00172843254538121	0.0011472446363981	0.00178258182347961	0.000977582878811505	0.00021604834482032
72077	20-24	2	0.00170916472038208	0.00255767047506123	0.00264756767799929	0.00346141530166829	0.00297936714669185	0.0042170866302219	0.00342295874287313	0.00196298733459917	0.00123175574567292
72077	25-29	2	0.00329069797045147	0.00245667068880731	0.0053218701481737	0.0020908362806521	0.00318284809206196	0.00346500269428085	0.00487716629936113	0.00360822949313078	0.00274262685536315
72077	30-34	2	0.00373436826997731	0.00419607142629657	0.00530409193432734	0.00443800402405094	0.00255781524276995	0.0037193083251099	0.0026679994320411	0.00234139505520909	0.00176020383085171
72077	35-39	2	0.00264645324100329	0.00603752552098388	0.0060299318539226	0.0053452628952432	0.00318569865485801	0.00291538321240381	0.0023372395223341	0.00325125224635009	0.00411767294447961
72077	40-44	2	0.00715931085862435	0.00534730475267211	0.00895126344170284	0.00551315071452539	0.00437124197694998	0.00395503060435425	0.00330062599752361	0.00265898381635834	0.0045092913250697
72077	45-49	2	0.00661650007110443	0.00803985764608596	0.00495334670443316	0.0064813179669402	0.00558359971679181	0.00563454876444944	0.00432905318028597	0.00528845368866276	0.00527578653030551
72077	50-54	2	0.00815990453933083	0.00789883499964772	0.0100053745612015	0.0103130626317479	0.00772921923271817	0.00996429892230938	0.00983610334926976	0.00470571213560985	0.00695206650203043
72077	55-59	2	0.015602115966386	0.0194592104764864	0.0153210610968918	0.0138552197397351	0.00927589694445232	0.0106989237139856	0.00823887757343881	0.00939476648223794	0.00864547431638372
72077	60-64	2	0.0200878329581036	0.0170196169486531	0.0150650265226288	0.0133368098092988	0.0171039080209868	0.0142771828546924	0.0136274570070535	0.00722004832113795	0.0160854455303904
72077	65-69	2	0.0267663107788208	0.0306026400029765	0.0252204087544441	0.0290718559795889	0.0238887051162112	0.02288165856849	0.0180194433397015	0.0164827488959431	0.0191575187894426
72077	70-74	2	0.0435376617453111	0.0413477347451712	0.0443397667197614	0.0376648633740549	0.023993814379805	0.0308490651302084	0.0271295714076526	0.0232944988629971	0.0256042995625207
72077	75-79	2	0.0541743880783473	0.0550534556098234	0.0525720198780929	0.053712370794445	0.0489727556324885	0.051066643831643	0.0459487552140825	0.0383752368575843	0.0381761442948538
72077	80-84	2	0.0900478136134772	0.0989558576770508	0.0979112460733333	0.0996672691915163	0.0955708386013787	0.0787263399816861	0.0745035727789853	0.0560174495161495	0.0559683546760016
72077	85+	2	0.179701637625324	0.183165547820846	0.190791140106332	0.172522844817134	0.161558648379087	0.144068311412088	0.138495556463817	0.128963954196506	0.118667947147224
72079	0-4	2	0.00324775395735092	0.00295882706234746	0.00383139004190231	0.00309603538324714	0.00456356434730841	0.00225120120024056	0.00321033640629101	0.00143963436340026	0.0015943640332797
72079	5-9	2	0.000568436375669196	0.000264351105316923	0.000607126937688988	0.000571959407935157	0.000248496715101909	0.00028907733753978	0.000335712169655274	0.000377419499781275	0.000486093320511
72079	10-14	2	0.000408069250632617	0.00107222919622159	0.00025280433822986	0.000601644079637489	0.000431075731848639	0.000445632875862901	0.000292039069271753	0.000365670749484721	0.000408414944141784
72079	15-19	2	0.000625217806693468	0.000580099741094298	0.0014360902133732	0.0011347656069129	0.00060316670550793	0.000250032601214554	0.000262883397551552	0.000494810192934356	0.000880206974732914
72079	20-24	2	0.00128549279645786	0.00169179543673139	0.00137460744251337	0.00129411842148057	0.00120994666739274	0.00149063568161121	0.00130337520912551	0.00122266067398955	0.00238234705975123
72079	25-29	2	0.00191063845270321	0.00113202956898861	0.00262734584571602	0.00250819705903035	0.000894683119825306	0.000724456671017213	0.00137013114996464	0.00148722432452364	0.000644886735799337
72079	30-34	2	0.00187463518442667	0.00279256682284509	0.00285619516195328	0.00245861820934068	0.0017047097155907	0.00181376950465866	0.00114670901669217	0.00226126361341369	0.00127023660501911
72079	35-39	2	0.00460478927411471	0.00255618724252214	0.00331770811622154	0.00216043777221407	0.00457932136470449	0.00177692233278037	0.00285691019377925	0.00191037460416651	0.00471036205043334
72079	40-44	2	0.00328342035978922	0.00401387399727013	0.00663683560041106	0.00347969224620442	0.00351064734328606	0.00295710664590456	0.00328406266414938	0.00265852527817859	0.00486635764393631
72079	45-49	2	0.00553102484275763	0.00610593429096424	0.00543082827140467	0.00696145597592576	0.00402860605893477	0.00368051182305422	0.00458467696123128	0.00530105468231747	0.00368461725867789
72079	50-54	2	0.00581489604295824	0.00701712556227266	0.00968193808721781	0.00981572179229625	0.00575602309611538	0.00690059799385462	0.00740185140758631	0.0049760571456328	0.00528159949481384
72079	55-59	2	0.0108447145561071	0.0151688598783442	0.0109790167671842	0.0155333942143802	0.00948758745659193	0.0107394943329466	0.0124016731104492	0.0080089686240456	0.00766782340375699
72079	60-64	2	0.0221104245610409	0.0227435223624923	0.0183999411946794	0.0142349260170211	0.0146017623592901	0.0150853886983036	0.014550289756528	0.0146705312579066	0.0124339533661459
72079	65-69	2	0.0235427684250891	0.0234227173659781	0.0181367788805861	0.0168186020917035	0.0204686200358555	0.0209268570120242	0.0214060212798598	0.0173110926776034	0.01612134118185
72079	70-74	2	0.0446083447400962	0.0399341694981951	0.0397531915056401	0.0404362106245296	0.0348393425015405	0.0219747095119002	0.0254137728787542	0.0257553169756838	0.0248837563504477
72079	75-79	2	0.0616257923888154	0.0462388807017262	0.0437215134417068	0.0519421394620718	0.0505898537094177	0.0518963321969597	0.0391415023606914	0.0376899102033229	0.0385042117742487
72079	80-84	2	0.107487528048179	0.0828196497194162	0.0992262604359644	0.0935164437936075	0.0836178017925889	0.0744306953356107	0.0606439518285057	0.0500091852735356	0.0591273686984927
72079	85+	2	0.166668326119269	0.138579958689255	0.15874682407865	0.182270853572665	0.163574109594729	0.162025456251903	0.1450732356333	0.125102799363061	0.100642230496167
72081	0-4	2	0.004061018915899	0.00216099603789777	0.00419970648829173	0.00298062192415845	0.00272286593087117	0.0015037835724172	0.00176997524209243	0.00236428390664919	0.00337638515095309
72081	5-9	2	0.000441037242554835	0.000198791847285962	0.000441151942710689	0.000435182851799944	0.000197423679442806	0.000229314059176065	0.0004805294771008	0.000333867211912339	0.000413467908348406
72081	10-14	2	0.000175002546680479	0.000613186493460815	0.000283108541055465	0.000520243147268401	0.000671599075764314	0.000488598248757563	0.000408323926644268	0.000296016904822999	0.000328257006501051
72081	15-19	2	0.00104642184179466	0.00137666654956392	0.000973686167995992	0.00129270547188878	0.00105091264279853	0.000582959587683121	0.000526309149596528	0.000613119068994372	0.000502746743917204
72081	20-24	2	0.00231501668210313	0.00253319611951274	0.00135970118465698	0.000805419611409287	0.00135181131405402	0.00165418065981366	0.00206168291310113	0.00084710182784667	0.000691502739540907
72081	25-29	2	0.00206807115159803	0.00271101667457448	0.00175064417676419	0.00185326195010951	0.00110118263608093	0.00110797120596464	0.00146801493291399	0.00116389044683085	0.0023422227020275
72081	30-34	2	0.00255095674871972	0.00300545974281203	0.00240543938660393	0.00226264077234261	0.0018597941980324	0.00136753312909082	0.00143592919550949	0.000773304649469804	0.00315456762754696
72081	35-39	2	0.00483496192833091	0.00279763618944513	0.00491821764393155	0.00269113231549069	0.00242916992448212	0.00250520721349999	0.00107280621893217	0.00259851344813107	0.00135545848056582
72081	40-44	2	0.00329932382189604	0.00506547811706804	0.00573477276280998	0.00333063041103846	0.00333531418483927	0.00153309611379454	0.00272289190707051	0.00419680486566469	0.003798472540324
72081	45-49	2	0.00784888505052109	0.0046058548813292	0.0060583786845726	0.00610699516697688	0.00320040163642161	0.00418930750432038	0.00346787669834787	0.00331667864455066	0.00282152701241511
72081	50-54	2	0.00866713082954963	0.00722759429416536	0.00887382654313064	0.00706243904208988	0.00598508374182015	0.00546475539311249	0.00494250745575522	0.00774447057201001	0.0091491836670438
72081	55-59	2	0.0121278951701764	0.0130757264224234	0.0103032522315361	0.0126936820611012	0.00932045174891229	0.00844732428718736	0.00511755029150224	0.0065878411101879	0.00833411884143671
72081	60-64	2	0.0158655513638535	0.0206558272674259	0.0198846528700777	0.0185930013583584	0.0117378505727956	0.0117864787274249	0.0113921056743763	0.00918696465724627	0.00750274721969829
72081	65-69	2	0.0312738547763421	0.0292043075382955	0.027772044433282	0.0237982491092096	0.0192711463880867	0.0239371296615947	0.0186341148527306	0.0187989494016049	0.0133699354267051
72081	70-74	2	0.0448598846205011	0.0427677731660644	0.0440335899225783	0.0334299896459701	0.0363802274350475	0.0291274874850833	0.0240359144184585	0.0277265900673086	0.0228321292770882
72081	75-79	2	0.0637243657199606	0.0619859026668134	0.0574407536807801	0.0450725984473629	0.0527828769506502	0.0486135558371491	0.0312249142196346	0.038098079077098	0.0375721454869259
72081	80-84	2	0.0963986559239257	0.0777445234106356	0.0665791039545855	0.0655649781258673	0.0792612735863497	0.0788398819377999	0.0639498680282453	0.0546246267497042	0.0503442617510408
72081	85+	2	0.190126800446241	0.151120596035877	0.136066311081409	0.153511881380431	0.148283621308927	0.148404034981268	0.118132182614593	0.108039144447265	0.104234216943169
72083	0-4	2	0.00655722841838735	0.0035576834131321	0.0046863987345282	0.0022075986713012	0.00269505799472596	0.0020243814757671	0.00277997552108567	0.00357432026044076	0.00230644646079228
72083	5-9	2	0.000896507561920445	0.00053788506772524	0.000540612259332513	0.00053133902452127	0.000533126426392561	0.000616967403212612	0.000723239881830677	0.000770033772833461	0.0025764289658776
72083	10-14	2	0.000492314187064511	0.000473465355701296	0.000786102368684684	0.000479134160248969	0.000834858845205945	0.00057135572928715	0.000669828420328494	0.000763401238709801	0.000788777388336848
72083	15-19	2	0.00121674080953921	0.000530498405337817	0.000906348599838788	0.000864343977160269	0.0008615560541487	0.00133299147099806	0.000603441378581519	0.000708076814333045	0.000787289160208132
72083	20-24	2	0.00157056136599457	0.00163453071844058	0.00155680278282876	0.0013462710413848	0.000500901908828112	0.000940602649270792	0.000591043960738546	0.00189644915256418	0.00577516068099209
72083	25-29	2	0.000791518126689947	0.00184757537685651	0.00226757282706531	0.00159218917260132	0.000619583349378826	0.0011156942858844	0.00189516450305767	0.00207955266002624	0.00169172446994095
72083	30-34	2	0.00183639997138486	0.00277949682446136	0.00213431695015214	0.00429545574732433	0.00113006437030569	0.00176301151161091	0.00128174136134572	0.00347673541210332	0.00272668834719486
72083	35-39	2	0.00525042961935506	0.00435782030425072	0.00605242751186265	0.0040464151309912	0.00329872519915076	0.00298256536986916	0.00131467876627885	0.00419711914200516	0.00160368476923139
72083	40-44	2	0.0024733630057783	0.00430327161133657	0.00565813179603533	0.00271708170071373	0.00312991701274122	0.00228938676787653	0.00252243024513319	0.00317489490604525	0.00359626672250223
72083	45-49	2	0.0027487951149338	0.00382827631528517	0.00409628759309257	0.00648443142923607	0.00360995562680936	0.00465115476492208	0.00244972734155511	0.00408963036744061	0.00328043009256137
72083	50-54	2	0.00676865173649541	0.0130688945420382	0.0040387073008621	0.00933087736733822	0.00658031084978065	0.00467356810070581	0.0044243548505061	0.00971876316519506	0.00491639639745878
72083	55-59	2	0.00756598288392321	0.00544970398417476	0.0113448703760757	0.0107854691876166	0.0099927171465004	0.00733529688452633	0.00565009591072572	0.0080413230367579	0.0122424554213904
72083	60-64	2	0.0203685231506376	0.0195720749265287	0.0176940600723174	0.0142228112713835	0.0128933910571814	0.0154830061906528	0.00588360468212088	0.00967990321052282	0.00748315976474392
72083	65-69	2	0.0169102438762657	0.0204946229631542	0.0211924656500308	0.0256302934391219	0.0160625533055586	0.0226548276312365	0.0169547518448849	0.0136971009333213	0.0161328397465089
72083	70-74	2	0.0387617484276545	0.0421325306112676	0.030494070593147	0.02541828318112	0.0376758878866396	0.0305799958175702	0.0277089856315471	0.0185449296021042	0.016640551642335
72083	75-79	2	0.0582808342459854	0.0570657996010224	0.0593579754184579	0.0452582419062326	0.0497458541837808	0.0309675021993139	0.0372349689378606	0.0296879442331288	0.0403438443159509
72083	80-84	2	0.0917564632042511	0.0873065404304122	0.0634530519398443	0.0774532760797205	0.0552848315331287	0.0627755947785235	0.0818467317795485	0.0524622824861487	0.0400834779618018
72083	85+	2	0.0651992008349512	0.120514022059863	0.101920411982787	0.201584842061674	0.191077831128368	0.17735180535133	0.119728611677938	0.141901292171296	0.133284993382814
72085	0-4	2	0.00516463265204161	0.00447458924045355	0.00236021980501785	0.0020439190587331	0.00178638791734613	0.00203947525696771	0.00255479967690145	0.00132080916650005	0.0018343261548424
72085	5-9	2	0.000222955881586362	0.000351351548881853	0.000909056570635604	0.000209055539990001	0.000438106850491372	0.000188748471957511	0.000197633623789132	0.000237804657045498	0.000318379121074061
72085	10-14	2	0.000509312378234383	0.000334357332512734	0.000580876623186548	0.000203991778035606	0.000312231543143496	0.000188594122676492	0.000438768120837958	0.000220274194505394	0.000264820232005963
72085	15-19	2	0.00137961537901889	0.000349433972088556	0.0007202692944005	0.00134484554341136	0.000305354495777589	0.000821423814476654	0.00156755681331809	0.000624329661574201	0.000542097352440693
72085	20-24	2	0.00139360181332384	0.00227535406432334	0.00360518625226381	0.00264719605802161	0.0028282284878719	0.00118687937091261	0.00424453029192599	0.00266710407742305	0.00176185700444412
72085	25-29	2	0.0028925807638491	0.00290273037598562	0.00351097523213013	0.00157924434051067	0.00265008677620736	0.00161131294860278	0.00202496334665033	0.00246361781201289	0.0044110938475766
72085	30-34	2	0.00279144382253243	0.00346408993706658	0.00459110929957869	0.00246924190182198	0.00192526081164939	0.00219617491260576	0.00351703583246139	0.0025505753311557	0.00238036339296804
72085	35-39	2	0.00278516110712991	0.00286653293638449	0.00462763488969776	0.00418263710612945	0.0029142170683729	0.00350487259839883	0.00257583950119897	0.00188243775235387	0.00364839449365423
72085	40-44	2	0.0054581997477311	0.00320628938537902	0.00414104345944083	0.00484504243630695	0.00274696717367329	0.00320950418818383	0.00231401856264106	0.00203407474909011	0.00419401000239046
72085	45-49	2	0.00711055775770962	0.00445915317859625	0.00653364067344446	0.00423101897560563	0.00538759826459262	0.00384096338348125	0.00312661461780885	0.00391204870175351	0.00401640947766981
72085	50-54	2	0.00925492485924337	0.00654668516508985	0.0041615417805374	0.00630967074159595	0.00683919562966087	0.00514638300690363	0.00487093786938686	0.00466307144823208	0.0062512140596594
72085	55-59	2	0.0109541208243636	0.0111837393219091	0.0149342807333586	0.0102860495577596	0.0122124779984471	0.00719193590536928	0.00708045011995403	0.0105142848798317	0.00942440456506344
72085	60-64	2	0.011054270181807	0.0234590205702141	0.0169618434113844	0.0202159708967768	0.016255358457237	0.0109544356201301	0.0119583463957394	0.0118925175041678	0.0119261984113039
72085	65-69	2	0.0224552883794682	0.0259839504524044	0.025230842019325	0.0220629411180915	0.0171880274424622	0.0187940144745286	0.0216402519360577	0.0165625874616369	0.0160854455303904
72085	70-74	2	0.0344748123579165	0.0359523341651764	0.0446191353612149	0.0380694609355424	0.0293647906788322	0.0292536547325384	0.0285707456318319	0.0223832867845061	0.0217161413115838
72085	75-79	2	0.0384550782314844	0.0563484133421672	0.0459579435045542	0.0528143851567104	0.0576943725998263	0.0491105704888237	0.0347020529909781	0.0325672651896149	0.0336646097447221
72085	80-84	2	0.0990228098852865	0.0794615961101109	0.0856288697898575	0.0750554287483388	0.0637991239180298	0.0619754538659379	0.0690034839017344	0.0576215286669673	0.0532319370061605
72085	85+	2	0.145867980105829	0.188033157010236	0.126302229789599	0.124446057912872	0.131028166037655	0.151178883214513	0.143749766993757	0.137776078112147	0.109786276545358
72087	0-4	2	0.00657534283041247	0.00407433175666264	0.00497534903494207	0.00424679997486637	0.0026929760112781	0.0025983936937048	0.00198276586187248	0.00151754090016299	0.00140181416193091
72087	5-9	2	0.000477239218353662	0.00064209104485771	0.000824469683758931	0.000279476318460773	0.000292785026497408	0.00035121980640965	0.00025683634825911	0.000301702637771417	0.000453488461319544
72087	10-14	2	0.000473653253992168	0.000659124762697985	0.000278035973483468	0.000818077121441746	0.00061078237609651	0.000585907596063473	0.000574460799045716	0.000306269505096385	0.000860155575442751
72087	15-19	2	0.00124182708123319	0.00119420618285919	0.0023826163117368	0.0032456545728817	0.00550758141805646	0.00392897134162409	0.00352849939543678	0.0013029249637179	0.00328064156478082
72087	20-24	2	0.00238898809973866	0.00247484917992729	0.00272229518033537	0.00525434534515185	0.0056217265143408	0.0084395508402783	0.00565810920624483	0.0041681970481678	0.00433213128972314
72087	25-29	2	0.0025243822146625	0.00391343884025862	0.00504113111219999	0.00532614373251741	0.0058394519786277	0.00643235387754946	0.00529432032673789	0.00453045483212236	0.00533035066685491
72087	30-34	2	0.0030963773159853	0.00466453555998989	0.00561912264194343	0.00793737250879432	0.00642704112596755	0.00616040986815366	0.0043749342105896	0.00416038805916873	0.00412195211555595
72087	35-39	2	0.00442893444625781	0.00320628938537902	0.00568158605034943	0.00866132734368171	0.00607934753274827	0.00314276464081825	0.00710558737134042	0.00268388023758091	0.00415281344180501
72087	40-44	2	0.00524923349798777	0.006149899716542	0.00637155554280782	0.00608785485386582	0.00564504164997504	0.00585390556772487	0.00665436977999164	0.00339019742622002	0.00482962661257404
72087	45-49	2	0.0105410642214828	0.00434861368040571	0.0103098125568388	0.00851051813538071	0.00719822563662882	0.00832705433098871	0.006568160966109	0.0052437107636348	0.00469961385669241
72087	50-54	2	0.00689094549054162	0.00941792919678452	0.0114462737119849	0.00813174103758739	0.00781333616658058	0.00810909085269679	0.00816158733848047	0.0064179103001308	0.00721761007528214
72087	55-59	2	0.011548847760093	0.0173910471366201	0.0130661122105334	0.012361561963342	0.0114076538575281	0.0113588816694295	0.0083949322907809	0.00665760820173096	0.0104229479597728
72087	60-64	2	0.0120295130193188	0.0190110408837782	0.0165197442357397	0.0163894698870982	0.0140621957764018	0.0125746508936054	0.0111570029640748	0.0109088993982662	0.0125165642819171
72087	65-69	2	0.0310717698947629	0.018950273772279	0.0293010167633866	0.0235745824880975	0.0266594876767958	0.0158127445962542	0.0154745880748152	0.0142607139976177	0.0181326249705537
72087	70-74	2	0.0363546300859822	0.0404808852126257	0.0415370213251886	0.0409274976448959	0.023748246531747	0.034231350983198	0.0241381577510601	0.0247290273319299	0.0214806163989473
72087	75-79	2	0.0486971248037566	0.0583582288924288	0.0441710624125185	0.0484369817180392	0.0448270173921772	0.0388783835253902	0.035031277416144	0.0349489184491494	0.0431609100288618
72087	80-84	2	0.0558615359084474	0.0566856711836072	0.073186669795676	0.0874536291654516	0.0926421599175841	0.0917933368850019	0.0572700395667352	0.0529384339949341	0.0537679520400032
72087	85+	2	0.164836254969281	0.13879502654566	0.128811004034883	0.141413877332629	0.114866233526473	0.133759626500468	0.125233266007916	0.107581036147281	0.0919500246530401
72089	0-4	2	0.00509711437002566	0.00465183776247071	0.00357254325062699	0.00424161006762961	0.00174413551938615	0.00282416167061485	0.00226604158114798	0.00092900721368362	0.00300678905616601
72089	5-9	2	0.000502522738586953	0.000952407866206192	0.000735896549763711	0.000506488238571483	0.00050719347059438	0.000347999717435819	0.00039647826424531	0.000460458315561565	0.00058991239237186
72089	10-14	2	0.000697665217302427	0.000879299352045966	0.000301000451595318	0.000980377408164023	0.000535454298954751	0.000526562216030186	0.000342908973412765	0.000417670793793281	0.000493846181579896
72089	15-19	2	0.00103903311686505	0.000920109680745633	0.00217880805019986	0.000958601497754297	0.000755451722663436	0.000948944818422594	0.00123964055752938	0.00117711067338142	0.001063469810573
72089	20-24	2	0.00199474855252926	0.00279596088241385	0.00230104597310994	0.00176931588401074	0.0042989013586879	0.00347594485548777	0.00204917471477019	0.00249317991123462	0.00105271791905283
72089	25-29	2	0.00263424830774384	0.00156069479908467	0.00293482808788655	0.00387837084587041	0.00362912443066862	0.00421337214636984	0.00506054386837021	0.00128225384553358	0.00204925515743134
72089	30-34	2	0.00370111393604764	0.00417824167934942	0.0042394195660149	0.00394176207925569	0.00148912359641994	0.00190086531350846	0.00559328619597752	0.00347749205132707	0.00171964287748511
72089	35-39	2	0.00228232437302765	0.00625790537767652	0.00776577669538498	0.00582013561493358	0.00294877914469346	0.00609812148058783	0.00477327056676077	0.00337733550652743	0.00434771969751831
72089	40-44	2	0.00181930085375544	0.00528496579110165	0.0101782045796913	0.00568942074576517	0.0085401906486231	0.00351959196458694	0.0033800398343793	0.00357014050659807	0.00704264097429123
72089	45-49	2	0.00705933764207498	0.00660895919838694	0.00361398891618383	0.010932939983209	0.00931062950821208	0.00384629236370934	0.00751156707150752	0.00340873816216212	0.00499014770163257
72089	50-54	2	0.0141450314483212	0.00787880045895158	0.0127978341313534	0.0148331480862991	0.0100652796933988	0.010722985679512	0.00786437099436654	0.00532108523545056	0.00572471238085538
72089	55-59	2	0.00962736549870364	0.0124278634516029	0.0138720159446705	0.0101224650709245	0.01339509165513	0.0113778090567442	0.0119245001327775	0.00722432195509573	0.0106682437694355
72089	60-64	2	0.011278748826456	0.0131603050919985	0.024338881969021	0.0193674798934326	0.0157782945001462	0.014755518262046	0.0142204422389102	0.0114730469695326	0.0149374147336817
72089	65-69	2	0.0218152293643168	0.0210885088448429	0.0250493204574273	0.0321934296137481	0.0214911602731587	0.0199456866025224	0.0172651668884339	0.0131840281064987	0.0177289626270368
72089	70-74	2	0.0387887480147071	0.049134229082887	0.0388765945201373	0.0480409544616748	0.0354425032913461	0.0256397909973226	0.0241575295496912	0.0218881731901164	0.0245639744490895
72089	75-79	2	0.0700935813624491	0.0579599315735453	0.0506043552476929	0.0565840157113419	0.0672020660660905	0.0504190931325702	0.0458191350436563	0.0343959104159261	0.0359205912534053
72089	80-84	2	0.0903490969387429	0.0783739586345064	0.0758206269396304	0.0794005025526353	0.0596126656641959	0.0618838595824615	0.0554527010457028	0.0757603334530749	0.057361384501402
72089	85+	2	0.19349422165113	0.133703193934044	0.143588953991229	0.17252361288924	0.16731678369991	0.167236574359508	0.138016505976025	0.0873183522579655	0.0975246444429426
72091	0-4	2	0.0053764936970742	0.00306215174073563	0.00378628756988697	0.00292074177616973	0.00252466280582106	0.00249231619245007	0.00150988110009974	0.00242171179711284	0.0011507855286198
72091	5-9	2	0.000339916190708669	0.000353231428782995	0.000356384411734459	0.000248672807736393	0.000435391777603215	0.000471837981360525	0.000303742123496229	0.00023213029596323	0.000296096979256318
72091	10-14	2	0.000572073224142096	0.000456305649779978	0.000450790932304485	0.000251332677384863	0.000243231013637408	0.000551597527773471	0.000273820793578759	0.000207650468534449	0.000418625832707963
72091	15-19	2	0.00101937395793059	0.00101755569828896	0.0014506274517419	0.00208265760998645	0.000789200603174236	0.0012548686478164	0.001310172305355	0.00056037366999009	0.00100034712641258
72091	20-24	2	0.00209674238972473	0.00218904693780435	0.00257220363369261	0.00415221725870034	0.00167677824797663	0.00187869985261497	0.00311810579970842	0.00290765129033607	0.00271154513001733
72091	25-29	2	0.00238970682654947	0.00366909492064054	0.00416896644197695	0.00273810639174117	0.00254906682084789	0.00264172632237183	0.00381798166583885	0.00323660417885401	0.00364904935155393
72091	30-34	2	0.00353675545903956	0.00448872035442578	0.00555615951286808	0.00497844575158315	0.00261182162718105	0.00298418885139873	0.00309270183280377	0.00392560734054352	0.0037118379461564
72091	35-39	2	0.00386361221425819	0.00535798210329766	0.00616987407623068	0.00458193899826069	0.00299451668113942	0.00296061249863545	0.00198108708879773	0.00385075463133582	0.0022622702408885
72091	40-44	2	0.00418681938858244	0.00828782838641194	0.00651262588605558	0.00535435141375231	0.00391287618983966	0.00339184559426809	0.00188802133015932	0.00224434310802463	0.00455074690710344
72091	45-49	2	0.00649521543322551	0.00915493445124812	0.00700573180857175	0.00778788876005465	0.00495110909936397	0.00572069853837834	0.00416199118477726	0.00371557686748575	0.00451056031082434
72091	50-54	2	0.0121820808018051	0.00826373977141109	0.00906330989038919	0.00877271935738373	0.00915585870397715	0.00734650252053546	0.00562207807599063	0.00355340551090807	0.0047726226420903
72091	55-59	2	0.0135003487638224	0.0140552257759241	0.0132319752957517	0.0116186156028063	0.0113590957951691	0.0121432798964881	0.00949742938788944	0.00888345012455856	0.00692667697889119
72091	60-64	2	0.0273945159371236	0.0197837795791341	0.0202988230392987	0.0182546369856454	0.016777737043598	0.0135601777154641	0.0142568687977429	0.0119881073537015	0.0131113509711413
72091	65-69	2	0.0279343883484489	0.0246942354638324	0.0247826292864133	0.0180927015234827	0.0237724572737331	0.0180414679398485	0.0193716631457395	0.0162691907964122	0.0179688666585487
72091	70-74	2	0.0437910702401413	0.0490819177597695	0.0458049352472394	0.0441801552554642	0.0381921289908975	0.0294309440596488	0.027584625478951	0.0235488104363126	0.0267559942937943
72091	75-79	2	0.0562611705890679	0.0522239219833978	0.0614695949081715	0.0474745850607368	0.053056569765346	0.0427972088511822	0.0426055258028357	0.0434994494478578	0.0421174901700152
72091	80-84	2	0.0824053888392756	0.10868927848486	0.0785225646860613	0.102058033695372	0.0677964263684135	0.0736464104380783	0.0672702139346451	0.056791833529549	0.0557005748698092
72091	85+	2	0.201813404589599	0.198038903726066	0.150572015214777	0.188293720976194	0.163498741382205	0.153618148398627	0.14463809532637	0.109211437875077	0.113095490193581
72093	0-4	2	0.00546660494357525	0.00362913682129206	0.00491108106928914	0.0038639016679535	0.00264562218243853	0.00435824569075841	0.00348451715180963	0.00611353607841343	0.00336865079646776
72093	5-9	2	0.00108683147690004	0.000658063882151472	0.00120947832391735	0.00135722130336898	0.00083264461298066	0.000922034969183656	0.000957341562996201	0.00110004636139143	0.00156690584981303
72093	10-14	2	0.000615483151281792	0.00110773784883468	0.001181018479706	0.00126152526784679	0.00132612642420234	0.000826718263030955	0.000991861333019836	0.00122597789030708	0.00135165387953661
72093	15-19	2	0.00115495990253047	0.000739176200846678	0.00131447452410329	0.00179171580297454	0.00124279190356913	0.00078398677216042	0.00157541123354778	0.00102020709581294	0.00235717621160431
72093	20-24	2	0.00272476830188994	0.00215347434216197	0.000857891239128962	0.00209359021308127	0.00136709057035562	0.00150659837379039	0.000958853602137242	0.00311685549064612	0.00127283466454399
72093	25-29	2	0.00229419888562171	0.00163532881002557	0.00172083268596638	0.00180602116333521	0.00443412523001645	0.00163628598754998	0.00273740601301859	0.00262285123355589	0.0044869312088233
72093	30-34	2	0.00410942756732282	0.000982535085045584	0.00179838603448204	0.00275237340737437	0.00104538896570272	0.00105151634326799	0.00106599101461576	0.00127731000031138	0.00633638227356789
72093	35-39	2	0.00726044320391707	0.00274732860277743	0.00178923688958886	0.00535696703943555	0.00535344343154209	0.00363761340680489	0.00188747026388682	0.00120643393935595	0.00429260813286607
72093	40-44	2	0.0104586004370042	0.00481636082357021	0.00912072848239152	0.00449049651830479	0.00259259243451466	0.00251281601861309	0.0047819932228753	0.00833355207491271	0.00413948633732587
72093	45-49	2	0.00789083964909558	0.00258989097193449	0.00719276713612027	0.00695473222821886	0.00442186200623507	0.00261357805056209	0.00348949121205403	0.00493681260259122	0.0103239579131196
72093	50-54	2	0.00752605627419631	0.0107651985273158	0.0134802221779557	0.00775811242901885	0.00573904488674953	0.00641520576316076	0.0120791748128428	0.00564315346172987	0.0103098351007301
72093	55-59	2	0.0178581927751276	0.0176989681936723	0.0133134207173426	0.018713504916445	0.0138720136940393	0.0103782490066746	0.00894455813638441	0.00726748767505597	0.0196437687918215
72093	60-64	2	0.0210156854502149	0.0266680519691485	0.0217428110667064	0.022023054515579	0.0162359234691476	0.0143826407035108	0.00689264554678536	0.00883644230514986	0.00901455511309969
72093	65-69	2	0.0324682281330618	0.0284536468936716	0.0206953918847449	0.0186490815324859	0.0148683278950381	0.0166782465597049	0.00689616065599906	0.0126702853362348	0.0128333591283206
72093	70-74	2	0.0471820364183904	0.0258760134677238	0.0450015697850165	0.0486627952676998	0.0335531175549302	0.0466922666859141	0.0288312336122399	0.0199018850163041	0.0207468675843067
72093	75-79	2	0.0614263454249517	0.0356855202158789	0.049241301767546	0.0530185115689018	0.0383303163425592	0.0410692551863134	0.0414032158082059	0.0454078838744023	0.0315853517910812
72093	80-84	2	0.103643435790558	0.0952868935254755	0.100089028546865	0.100044614208545	0.04055031143847	0.0458510600647687	0.0305439322240601	0.0495134424204405	0.0225832298311102
72093	85+	2	0.154547060697855	0.110183108275341	0.0993920589721279	0.119573894425064	0.124753160542825	0.0922659658440478	0.127761206428255	0.119842491425589	0.130414057700216
72095	0-4	2	0.00643157892624422	0.00432154591515896	0.00397218081344074	0.00569350275926301	0.00549608365742857	0.00225678529570397	0.00347451571613106	0.00200236172839836	0.00307896792510697
72095	5-9	2	0.000621524780037392	0.00067054178308906	0.000427449545057757	0.000434956146559379	0.000442038752858422	0.000505123125442129	0.000615842061404877	0.00071695643849643	0.000958437043359096
72095	10-14	2	0.000816185975129961	0.00111130288356377	0.000384876628547139	0.000412886964338661	0.00072912496905127	0.000488052122524009	0.000584278402630934	0.000669500612223131	0.000808699723276239
72095	15-19	2	0.00131845653724877	0.00060038963998514	0.000643191644404803	0.000708361943399594	0.000753083602267174	0.00110516950485169	0.00202462295300226	0.000633979192619331	0.00070366199889425
72095	20-24	2	0.00334128269219489	0.00122387499129705	0.00195505450708629	0.00232212674528293	0.00228435866742977	0.00127695561413782	0.00224746281906376	0.00156376780373788	0.00192071995066351
72095	25-29	2	0.00385055116297999	0.00216182061135909	0.00329672454057708	0.00207660999227017	0.00175020650393693	0.00194605581433279	0.00174305375737019	0.00277835400819009	0.00696942044879931
72095	30-34	2	0.00214888156622803	0.00360241490593768	0.00660816665759021	0.00301176370146405	0.00198849621421154	0.0029806396262079	0.0017181696053358	0.00206930656025745	0.00734947470942789
72095	35-39	2	0.00184744491959498	0.00403134076739329	0.00740802055119372	0.00602238158045712	0.00259579331112201	0.00225673245441951	0.002818921767106	0.0030737209528386	0.00870520015074046
72095	40-44	2	0.00481544063828473	0.00463273814715482	0.00480284797026927	0.00589119644852592	0.00258833323887303	0.00522008493534215	0.00629729587712235	0.00341989573458959	0.00309567246402891
72095	45-49	2	0.00570075490930674	0.00674123820944916	0.00949302168953687	0.00644912606619525	0.00488517764244343	0.00452664834411167	0.00501117360971504	0.0034048857435231	0.00369595889096359
72095	50-54	2	0.0063422125509785	0.00711267883785121	0.00643969170277275	0.00850821142223418	0.00877258090991802	0.00726356473840947	0.00883385202423365	0.00538181548245323	0.0037908779628142
72095	55-59	2	0.011477740300467	0.00544251129449107	0.00745729484590494	0.00769480696181775	0.00810545757092809	0.0131397995161546	0.00836936385172345	0.00482150850202013	0.0076213429432367
72095	60-64	2	0.0233493611264227	0.0232043489397648	0.0147760459925833	0.0165781082156192	0.0114158970265441	0.0114564452129936	0.0148749390290459	0.0080447506428725	0.00859114971664036
72095	65-69	2	0.0260865773370568	0.0360148936673013	0.0200135870745228	0.0245724850964562	0.0231767569291882	0.0199423702931606	0.0180068900284769	0.0152760532589266	0.0293262365891832
72095	70-74	2	0.0412443618586502	0.0293254139970565	0.031899251731166	0.0386250423677804	0.0367579454191364	0.0363024293048849	0.0317234575187672	0.0222968270787559	0.0303492637336504
72095	75-79	2	0.0440251141696448	0.0471289133854614	0.0398998428588406	0.0523435376825829	0.0393854252404954	0.0504576057717835	0.0402947761500112	0.0404027287650177	0.0386260771828328
72095	80-84	2	0.114140225239453	0.0890411961904756	0.0923413857777225	0.108110417889146	0.0899243390204378	0.0750250776909342	0.0781911006502379	0.0583503039601128	0.0582069658883635
72095	85+	2	0.155157887181223	0.163132511258489	0.157485285222611	0.108052085110202	0.155724814905343	0.127429672822297	0.13052984935972	0.178413290596316	0.121868387001735
72097	0-4	2	0.00531406187385836	0.00401863420085271	0.00342671193407017	0.00325163775742267	0.00228773050858825	0.00263495662335154	0.00124705378848225	0.00135661971658719	0.0025976540674363
72097	5-9	2	0.000453997257061067	0.000398481116593386	0.000279693950187662	0.000300973843288679	0.000207231479539695	0.000239923766018724	0.000367045921378854	0.000150337603987917	0.000192372794574497
72097	10-14	2	0.000277864026335335	0.00036935776616815	0.000299854753328507	0.000494852299753631	0.000371500732045452	0.000162975150697065	0.000119821327322082	0.000496838927834359	0.000258004464988809
72097	15-19	2	0.00110767877328454	0.00106303162827338	0.000909844056461312	0.00115373514084684	0.000546553675763892	0.00105512606510888	0.00120522275140384	0.00084741528160699	0.00087123623683721
72097	20-24	2	0.001396201261846	0.00109056366742308	0.00140462015288144	0.0013363862834886	0.000928985330089329	0.00116776977995836	0.0013451755298535	0.00107873664982971	0.00127660645048501
72097	25-29	2	0.00229448649707394	0.00230920694035548	0.00287927799688742	0.00286802265677761	0.0019718979126911	0.00182462580942223	0.00152720990589439	0.00165656839433178	0.00259331636003417
72097	30-34	2	0.00223954446232247	0.00314260211034089	0.004729532367816	0.00474039652149824	0.00323974239980894	0.00300285051833888	0.002852584670546	0.00311123443702759	0.00359131201913315
72097	35-39	2	0.00387514221308553	0.00490246563007064	0.00566501658291779	0.00475756799417493	0.00334375272081746	0.00434762335181291	0.00383555729613726	0.00445019976325133	0.00327087452490639
72097	40-44	2	0.00432494951729363	0.0048283559255919	0.00683705883492257	0.00496477323303404	0.00537058834619398	0.00361384562658021	0.00420992556815758	0.00427362779331842	0.00534302222169387
72097	45-49	2	0.00720975378911008	0.00530952897348248	0.00827567272315467	0.00722596192187241	0.00638216796293202	0.00657815485843818	0.005029702008206	0.00566125134157934	0.00650727186624769
72097	50-54	2	0.0108443929105677	0.0089968732615628	0.00694775792504447	0.00876270187664979	0.00867545143887324	0.0090026562945553	0.00792708519548369	0.00764480895853811	0.00741191583933513
72097	55-59	2	0.0120810860090432	0.0128436735795656	0.0107169799428462	0.010884051714517	0.0108625112489113	0.0108518289823699	0.011514759011592	0.00940218290134147	0.0108116381291345
72097	60-64	2	0.0190663789339796	0.0202610813662249	0.0196293277845019	0.0187656956488045	0.0151535725648003	0.015082523292193	0.0141457292261668	0.0120785391108832	0.0144004792672037
72097	65-69	2	0.0295655905275488	0.0292385927705897	0.0250729032856179	0.0279750837106197	0.0211064329519243	0.0195672326959625	0.0188222587065598	0.0178808724701412	0.0169562359263274
72097	70-74	2	0.0444597650189033	0.045039558237657	0.0459660345370562	0.0371423140558709	0.0314377367214322	0.0328670167051216	0.0314935833953779	0.022990491863245	0.0248144705054645
72097	75-79	2	0.0608771041226247	0.0683653545137365	0.0559164283227143	0.0584514869709914	0.0539498066553971	0.0421509413604661	0.0434794628073873	0.0357635333730669	0.0338448149419614
72097	80-84	2	0.0943551278314319	0.0901866392862268	0.100822783302195	0.0951827401004719	0.072937989726709	0.0787357181833549	0.0750775779828757	0.0514046405875728	0.0563324736843066
72097	85+	2	0.173326424623908	0.166668196405659	0.150740795575808	0.159885503997005	0.157025257812522	0.155050625508241	0.139653815292795	0.112999332366678	0.109490473448518
72099	0-4	2	0.00494566594928174	0.00147372092259034	0.00309852894980042	0.00276317098891812	0.00245639882721991	0.00210918679980543	0.00189133669918279	0.00258065464881837	0.000868164102854062
72099	5-9	2	0.000277967889344735	0.000501806567452992	0.0005046080359934	0.00028175558513543	0.000276842370283571	0.000407771787649948	0.000322938022525788	0.000239232525615972	0.000302520102669771
72099	10-14	2	0.000454159512258255	0.000447557637611445	0.000161862392474467	0.000477758037492008	0.000594312009019182	0.000170505843589678	0.000181947293548579	0.000213184899866412	0.000423575446694428
72099	15-19	2	0.00103335755709546	0.000615238636368204	0.000857801395908954	0.000947494968800098	0.000275595456765026	0.000520782049650177	0.000546387649311772	0.000584914107070614	0.000671575511653411
72099	20-24	2	0.00212902374856002	0.00125428907808116	0.00129518822709688	0.00139926712782151	0.000605120136245575	0.000418265476357775	0.00142279523134996	0.000797079098124288	0.00110159372806368
72099	25-29	2	0.00220720725341004	0.00211616153174779	0.00193269369226738	0.00167285297810665	0.000310511129389479	0.00123544414276906	0.00174029316688987	0.00112788813812125	0.00221021515122319
72099	30-34	2	0.00211001664854444	0.00195885157669836	0.00228442957644844	0.00133140698709413	0.00126418025277381	0.0014242572112157	0.0013287095119161	0.00224117472423936	0.00329260077027126
72099	35-39	2	0.00361992732843432	0.00268886575862134	0.0026690245085186	0.00205830092265559	0.00264349510974401	0.00203202501984976	0.00213609644200347	0.00146449019955823	0.00346642898972434
72099	40-44	2	0.00294178094889976	0.0033307738330969	0.00436068556112708	0.00411344848224345	0.00271272936395171	0.00267434394645071	0.00216297421526404	0.00228797648009375	0.00267348302974386
72099	45-49	2	0.0067409059381265	0.00382772035737979	0.00421275265685805	0.00531657436580904	0.00376524484645502	0.00379695175036102	0.004753667796757	0.00244163566155432	0.0031645094912849
72099	50-54	2	0.00996824691951554	0.0066158457839282	0.00949715759100107	0.00903808597043656	0.00489257530520175	0.00440806138444278	0.00715496738145201	0.00543281633542791	0.00602225194522042
72099	55-59	2	0.00862513742311065	0.011970235169821	0.00940814447336416	0.0106523329055837	0.0102067011748152	0.00780739172419983	0.00586930994565149	0.00675628623737861	0.0066071032647731
72099	60-64	2	0.0185997253319216	0.0167649480158143	0.0174695376448055	0.0133669476530437	0.0161700869019969	0.0125758626272562	0.00990696826010782	0.0102165432207316	0.00911747011031656
72099	65-69	2	0.0294301636304433	0.0255324373848558	0.0229140689482293	0.0252723761182239	0.0221215548214086	0.0152087478195094	0.0175122200524531	0.0174043006897056	0.0111479841276438
72099	70-74	2	0.0409174838723767	0.0421725272943876	0.0304770572235716	0.0346007696203445	0.0225245557648422	0.0277771452788466	0.0242700970581203	0.0193476867000626	0.0207909849035512
72099	75-79	2	0.0549547096765932	0.0530373611671879	0.0492145474259732	0.0509956967686726	0.0484118181489351	0.0375672985123528	0.0351062902308349	0.0377702117843677	0.0344851533222552
72099	80-84	2	0.110262327407275	0.0886552203759007	0.0778382595022783	0.0910115106664558	0.0806714508832973	0.0720264817216876	0.0615770235284729	0.0671275215870758	0.0511637839248203
72099	85+	2	0.149387991599284	0.138158154195849	0.127875590516044	0.153313369813721	0.15978285774589	0.149083150486426	0.114774600482682	0.127775381014733	0.103335860609128
72101	0-4	2	0.0063466295111719	0.00317139064588905	0.00251941052294509	0.00260857474498179	0.00271919413907333	0.00158331904988243	0.00265555891621688	0.0015792839241486	0.00273125119069608
72101	5-9	2	0.000498966017374862	0.000332760911617608	0.000319321672345278	0.000435348312802882	0.000305730301679923	0.000202018088353157	0.000687527001328592	0.000297643621968422	0.000960806816958831
72101	10-14	2	0.000468442143909833	0.000337780880253059	0.000327818027751734	0.000302502970058896	0.000399005601830817	0.000184421622716837	0.000329410119059973	0.000233736982292767	0.000301592933572831
72101	15-19	2	0.00107002255256864	0.00095651226016489	0.000648186645550729	0.00117606471431608	0.00169500890730355	0.000435381764936189	0.0015856284088335	0.000885217081832105	0.000449089592933903
72101	20-24	2	0.000625804128202762	0.00114194768773469	0.0018125655677396	0.00157915344283401	0.0020613261409202	0.00136046776904626	0.00104452560928966	0.00126208251340446	0.00118822863041478
72101	25-29	2	0.00119738493106552	0.00225803070032623	0.00188175450703321	0.00235515881512814	0.00297534431797875	0.00181189555325748	0.00323734644129146	0.00220900624167602	0.00158570177865387
72101	30-34	2	0.00139592768133406	0.0038506650073226	0.00262826344678698	0.00234674322121449	0.00229217498023434	0.00249118546524242	0.00214015055071898	0.00160500656988207	0.00427007854366221
72101	35-39	2	0.00251289619712519	0.00327158340574824	0.00434370896972536	0.00514455375474469	0.00315448828970731	0.00204028065893292	0.00237896530979549	0.00264459617380774	0.00490272799162207
72101	40-44	2	0.00656135063537327	0.00253573291015281	0.00342150658865536	0.00370064735736318	0.00309911503338675	0.00302408412093544	0.00192108849327276	0.00152446382980329	0.00260247555977901
72101	45-49	2	0.00579113754057871	0.00981699826767551	0.00554750350969837	0.00575840188784945	0.00559289552681567	0.0036934304709214	0.00400595098934348	0.00330235968782049	0.0028643839857572
72101	50-54	2	0.00644416632475352	0.00703803955069302	0.00524232575167182	0.00718275973395581	0.00705641803881767	0.00730735269927113	0.00409378414661282	0.00499774099793193	0.00530677197976239
72101	55-59	2	0.0126548950698137	0.0107138895504811	0.0132272765219217	0.0122798294083243	0.012963573207257	0.00684767051809687	0.00615957798457471	0.0053714108344516	0.00744172503764646
72101	60-64	2	0.0194297247723652	0.0144514948376342	0.0158031724691898	0.0178256437918289	0.0112914230965433	0.015284438781667	0.00973201857370607	0.0118065194895452	0.00921918801430463
72101	65-69	2	0.0228390182961139	0.0186620266440699	0.0226141362829075	0.0178288919572607	0.0147163851903814	0.0197829098479961	0.0233810062802303	0.0139225905957507	0.0140453427508748
72101	70-74	2	0.043933939202286	0.0356380707674104	0.0224545160744367	0.0392856107661173	0.0320527417220701	0.0323315190976948	0.0236673586328929	0.0217335291487394	0.0152390933667397
72101	75-79	2	0.0544698323810188	0.058437815868605	0.0448245161677178	0.053467585008049	0.0486808880766195	0.0398910829886131	0.038641656539457	0.0385007465766149	0.0324107470591392
72101	80-84	2	0.0611783005144439	0.083204604717975	0.0926105418474699	0.0981026487810014	0.0752890633288213	0.0712248918499463	0.0617134156629566	0.0698509463754476	0.065830255147284
72101	85+	2	0.165109132358139	0.169728356719248	0.153696382945949	0.163388807304069	0.159670684095099	0.147633425141253	0.119586038814417	0.117386582881924	0.11048956598473
72103	0-4	2	0.00356360447658755	0.00438439306900878	0.00370368614395897	0.00284791779181224	0.0036682293271908	0.00203147982665711	0.00154921265046719	0.000981548211914286	0.00120494561074823
72103	5-9	2	0.00124692634123046	0.000416401424679832	0.000267793036287986	0.000629098244042886	0.000433333086379532	0.000600468694946432	0.000262065471840894	0.000312260147837272	0.000454833501668812
72103	10-14	2	0.0012451880827516	0.000388554701296348	0.000554188527209946	0.000773409912575496	0.000422510511734794	0.000252234574027685	0.000434680538431136	0.000502908062907568	0.000365570397118073
72103	15-19	2	0.00156416536075973	0.00115541408634297	0.00247013786213966	0.00347966092602878	0.00157264913698265	0.00212828166764075	0.00246065036517534	0.00117115537748494	0.00186125576932035
72103	20-24	2	0.00173442244037503	0.0027943631192218	0.00283593128695435	0.00223255136262233	0.000974384413204273	0.00251853401029615	0.00172995721947351	0.00319684568908068	0.00305044477213017
72103	25-29	2	0.00154503762202928	0.0020544241282547	0.00244873925962364	0.00199476127548608	0.00274903929295892	0.00354448447778756	0.00355026735336683	0.00198581465848732	0.00233171550704272
72103	30-34	2	0.00293388232117216	0.00473571096392148	0.00517788792586756	0.00714566963598518	0.00286389447700308	0.0030608256055116	0.00233717306599653	0.00412776185414434	0.00321195697338135
72103	35-39	2	0.00394494390486192	0.00413804735325138	0.00212093395595024	0.00381331390697161	0.00416014844613509	0.0042172595942316	0.0038619009535541	0.00276304517044704	0.00468514496612054
72103	40-44	2	0.00572530195802624	0.00599653609488391	0.00751278777006971	0.00650609068869049	0.0048965485055595	0.00329685435880319	0.00262438584464535	0.00286489626327731	0.00284289342897525
72103	45-49	2	0.00923532816754388	0.00647581696869554	0.00725694438779169	0.00773588986866786	0.00664240168818962	0.00469701030044421	0.00354096090839283	0.0041323616013155	0.00460008070746341
72103	50-54	2	0.00789267351644456	0.0118822622072382	0.0152475738971657	0.0110817866649183	0.00915503256234512	0.00876946811584983	0.00870379048818892	0.0058554180747909	0.00474018766437896
72103	55-59	2	0.0142381760902333	0.016528244568329	0.0132807625769476	0.0147275592808234	0.0148895121211522	0.0155706909540113	0.00932693875325709	0.0125396175553873	0.00668171405533698
72103	60-64	2	0.0258956122673758	0.0187655250994265	0.0163742293253812	0.0159665989147046	0.0163028466430825	0.0114552292128017	0.0144399368702099	0.0148751139366112	0.0145325998886386
72103	65-69	2	0.0232648999588651	0.0259687442026319	0.0215680983758545	0.0271215435957582	0.0174779398297335	0.0237220311261011	0.0166748361596226	0.019727980450697	0.0157030657554025
72103	70-74	2	0.0389717910926672	0.0434814131061944	0.0326152478413375	0.0423948877817031	0.0374434112082112	0.0285954854734161	0.0277567452236257	0.0240597635180845	0.0234815955627768
72103	75-79	2	0.0396458257536187	0.0583451290843218	0.0664436045134807	0.0573078271223142	0.0594135989522232	0.0395485563542112	0.0503788927338589	0.0453064612244881	0.0398691275080848
72103	80-84	2	0.0788818504905865	0.0642778635814589	0.0908210578271188	0.0709164202880099	0.0731702162295122	0.067305398646984	0.0643654521842659	0.0585156999811183	0.0588721215232423
72103	85+	2	0.147992884524266	0.141186308266602	0.157830153683316	0.167558414628079	0.159208135921103	0.184466805191242	0.17931657393982	0.122155295802817	0.126587747584374
72105	0-4	2	0.00598777479762101	0.00314890119412245	0.00281242830794723	0.00369662084660358	0.00249942796468149	0.00321494972931739	0.00252408981088359	0.000807152777630236	0.00226723503803952
72105	5-9	2	0.000635183577048953	0.000328366181166381	0.000450235146682922	0.000601203398805135	0.000341952053550696	0.000233694610597649	0.000269342015522967	0.000722353007900655	0.00035683712860595
72105	10-14	2	0.000326706542750699	0.00056569872031032	0.000434296550263313	0.000200260558153756	0.000325286717726556	0.00050686657980986	0.000244266198044138	0.000453290400883903	0.000300244128331631
72105	15-19	2	0.00115969149752653	0.000648243297840609	0.00127000899805128	0.00160915256791486	0.000866122955855946	0.000732073669601317	0.000358493249813067	0.000597744962420817	0.00066436230266578
72105	20-24	2	0.00182899108517841	0.00182722550857644	0.00231924977625514	0.00263705203033107	0.00249927002813984	0.00252621621682157	0.000635542009741879	0.00148331546750688	0.000727815778492453
72105	25-29	2	0.00140460321958913	0.00283437571988788	0.00227227409570055	0.00215392646263094	0.00142631766921559	0.0026144711986489	0.0013731727415139	0.00241618188698793	0.00356281249787938
72105	30-34	2	0.00112887966638298	0.00158392726116331	0.00357814837650729	0.00270135855841119	0.00156014404408335	0.00196134631870098	0.00258353746419213	0.00337726913178214	0.00347961833335389
72105	35-39	2	0.00255386274348745	0.00323250427506128	0.00409308355242602	0.00317192019551571	0.0030490978632698	0.00172836218364062	0.00240046914391634	0.00315744993702323	0.00355079699737844
72105	40-44	2	0.00380166716197613	0.00284706718412635	0.00654112295948112	0.00426129953106686	0.00400430650967089	0.00423052524721579	0.00384007502627483	0.00348803075424042	0.00578399055359344
72105	45-49	2	0.00714738151698752	0.0037347225099186	0.0047218766479302	0.00552370388887836	0.00456252840973293	0.00487345895818292	0.00292503490815395	0.00319355342563115	0.00540693015724274
72105	50-54	2	0.00506926423725148	0.00526880393174677	0.00962989468725553	0.00702553257844789	0.00771821283652135	0.00732789418432319	0.0057908565165687	0.0059317945076338	0.00869497220453742
72105	55-59	2	0.00900904036454291	0.0103113750623338	0.00884828839239776	0.0106104917766788	0.00903702342219704	0.00712363001445316	0.00657467282565483	0.00822502568458574	0.00865432105868402
72105	60-64	2	0.0130186144756108	0.013044526094376	0.0136298614105154	0.0174177669634614	0.014946608950648	0.0127861274952625	0.0103540110538635	0.0100659026020556	0.00871709608369107
72105	65-69	2	0.0244043622288781	0.023621895667785	0.0172340877925067	0.0255637605815844	0.0253064198997086	0.0171700077453875	0.0148534503869317	0.0164813177455826	0.0178189614553339
72105	70-74	2	0.0287632684125268	0.038220111623516	0.034462396022911	0.0435391385529235	0.0273612497269907	0.0240380304258942	0.0238187674631293	0.0188713456549992	0.022532791464478
72105	75-79	2	0.0391774283672156	0.0541354159034755	0.0582686190724243	0.0579156078858786	0.0475227892156098	0.0513602853250443	0.042666135090674	0.0293735795906077	0.0344414417253695
72105	80-84	2	0.0644420908432442	0.0819022884137202	0.0810358887833617	0.094438233871995	0.0729448850617327	0.0520668160553962	0.0575957598505478	0.0472968696314792	0.0533054573904296
72105	85+	2	0.152259038379426	0.131899988302451	0.153859570039128	0.14603694290955	0.140777491672377	0.170168317595981	0.130834976564189	0.117219138005541	0.1053374323078
72107	0-4	2	0.00412488469207629	0.00367939902327705	0.00508662034366391	0.00326533087998229	0.00272330003459746	0.00242321613302416	0.00106605626886348	0.00229047406859363	0.00351493359506623
72107	5-9	2	0.000235765568835685	0.000532101364104819	0.000532478394223873	0.000531121495857917	0.000387724871073086	0.00027465553498009	0.000315072011777692	0.000380176802718765	0.000447179410656713
72107	10-14	2	0.000349281917735358	0.00037604340417146	0.000390683169619427	0.000856689594864421	0.000230544959162067	0.000396042495633275	0.000272899091542354	0.000328973647561492	0.00037756147197447
72107	15-19	2	0.000953265254767293	0.000535304139148724	0.00139491864359036	0.000712828132395678	0.000705982496710242	0.00117886419313876	0.00092617805941733	0.000290040984579249	0.00195652340726852
72107	20-24	2	0.00150833671630532	0.00128165034023383	0.00150032764311883	0.00132594886120363	0.00278104811769321	0.00174952043881385	0.00142921769200399	0.00134355983896168	0.00233668984119427
72107	25-29	2	0.00174450666319892	0.00078602454385935	0.00257926901840675	0.00164664231830609	0.00164912152402058	0.00257888416531797	0.00194918376136812	0.00264848264610943	0.00257563820285428
72107	30-34	2	0.00163933409227061	0.00188460886415988	0.00463432681078385	0.00214249048119059	0.000988040761911379	0.00213883692855811	0.00164814911052857	0.000992076414348783	0.00352165838104835
72107	35-39	2	0.00227367456691392	0.00481237451949298	0.00331017681907933	0.00437654732753552	0.00326096834912024	0.00226661444853108	0.00282043505632737	0.00308278415304946	0.00135002117056121
72107	40-44	2	0.008701981630201	0.00648907756126005	0.00512379121741056	0.00650193304149078	0.00418739447628711	0.00469071084309746	0.003412622978173	0.00343165292141686	0.00399423528903377
72107	45-49	2	0.00724037730547476	0.00546355033336513	0.00594176643322395	0.00539642341358158	0.00469337576846551	0.00413716061994038	0.00318614526068442	0.00389731185949209	0.00407488066061722
72107	50-54	2	0.0118800635203653	0.00915513121223024	0.00737955896067327	0.00544279727174689	0.00837925671555759	0.0073238024597879	0.00672767170912184	0.00678396281154262	0.00667039928581022
72107	55-59	2	0.0118285875313695	0.0121694428783167	0.0129543686519135	0.0128661435948874	0.0100713961582714	0.00675162423239945	0.00889436396279615	0.00818967435633387	0.0096722152340086
72107	60-64	2	0.015978023554965	0.0111842289644002	0.018796197266786	0.0152985306517412	0.0130947087138995	0.00861231968918339	0.0119551164366628	0.0126178531219726	0.0112101103860925
72107	65-69	2	0.0218805311911151	0.0217107718292584	0.0321821460779958	0.0204739454527696	0.0229351149099548	0.0225102760506921	0.0156895697419948	0.0144029469349252	0.0131099878904288
72107	70-74	2	0.0323300537569005	0.036126810672629	0.0398345302960112	0.0298271060014731	0.0350437048095236	0.0293607719924254	0.0214694170583821	0.0254192695637504	0.0285794235152047
72107	75-79	2	0.0340852660878411	0.0558709610669816	0.0591255670659139	0.056902485024804	0.058943751688699	0.0463578946358884	0.0343405081815471	0.03434602985353	0.0294050843023164
72107	80-84	2	0.0765700053725027	0.0856765964196255	0.0833627780562189	0.0662760612471603	0.0601208199221389	0.0625498572483613	0.0637534077836259	0.060017306084776	0.0426797876390406
72107	85+	2	0.150622256383077	0.154693959656719	0.135327826674853	0.152019889384734	0.148785938447143	0.152744822653342	0.144295252538375	0.122750324236763	0.103708290091485
72109	0-4	2	0.00554941427627592	0.0037078197542179	0.00350687172973372	0.00237631996366257	0.00225050382946569	0.00261758558894381	0.003060053442518	0.00145942678229016	0.00376017350344396
72109	5-9	2	0.000262600467179543	0.000443812431436252	0.000284881259935073	0.000474891834666944	0.000494256660828385	0.000345952754522232	0.000410392020873348	0.000507232872751762	0.000717109044510647
72109	10-14	2	0.0007220376525122	0.000556861712421073	0.000413688879745598	0.000639448277071637	0.000293756782058943	0.000770158340332136	0.000377865854594624	0.000452950675298834	0.000567163294811556
72109	15-19	2	0.000561786494545158	0.000579099703444793	0.000786469652690231	0.00123293615268522	0.00109315608114905	0.00133299108693433	0.000335712169655274	0.000754656885705523	0.000930411093011262
72109	20-24	2	0.00137091732896962	0.00129099529157719	0.000553619194464038	0.00204013890232922	0.00352675322732295	0.00134786442397716	0.00280200190933826	0.00255041174406124	0.000973032607850965
72109	25-29	2	0.0037858945453645	0.0017316986352702	0.00139726710165126	0.00338241607742832	0.0017442872927514	0.00272206155353847	0.00363769435618756	0.00209256202698771	0.00483717860170242
72109	30-34	2	0.00240961237897246	0.00287956353621782	0.00277362366100458	0.0046334549716329	0.00317334593146353	0.00206436861882487	0.00305409569166305	0.00288348388194071	0.00400806084735273
72109	35-39	2	0.00589426808695657	0.00277918735956685	0.00660828584980433	0.0029802945422754	0.0032923990378856	0.00165697462930058	0.00302932755870589	0.00264488213563547	0.00410767620088913
72109	40-44	2	0.003796653037667	0.00299289940324307	0.00430910374460396	0.0074077316241982	0.00277433845377288	0.00371291357748392	0.00512393304690223	0.00370978912762745	0.00177945027549063
72109	45-49	2	0.00733234259918118	0.00671749159244721	0.00531281785755422	0.00879944643472156	0.00437741505387029	0.00384920521334652	0.00679600426227111	0.00602300790940094	0.00753488409171364
72109	50-54	2	0.0154150953029233	0.00991812514430703	0.0114048135707523	0.0116501532021611	0.00519495332083002	0.00960052848976612	0.00524572573143837	0.0107562584215812	0.00699502626935098
72109	55-59	2	0.00842559894537554	0.012608536403723	0.0176101129382772	0.0116239559000912	0.00985580093111752	0.0140125724173433	0.00771810349032537	0.00662005965721855	0.00811790290902829
72109	60-64	2	0.0192942633978401	0.024375038974644	0.0205457089851451	0.0209535664215515	0.0162455160283636	0.0137695593861823	0.0136123522711885	0.0114167760125568	0.00655170773760599
72109	65-69	2	0.0196632395049182	0.0298920897867139	0.0252099233584631	0.0227359374148094	0.024514292924179	0.0215629480487218	0.0149351451992672	0.0185005191994771	0.0134280343290339
72109	70-74	2	0.0361721099898802	0.0441648512287073	0.0314023878026153	0.0310418492945983	0.0358335251592273	0.0378482445709036	0.020230270686389	0.0285977708050761	0.0223698529864254
72109	75-79	2	0.0478110293612312	0.0693339678350854	0.0475663357498441	0.0565671835838368	0.0603247748538938	0.0445992775959209	0.04372285157583	0.0272442177714731	0.0477849681353386
72109	80-84	2	0.0925910298740623	0.102888393747254	0.0860008500698138	0.090475282136633	0.0714018534130466	0.0593591287401218	0.0716581057011226	0.0642725140430024	0.059199574299353
72109	85+	2	0.160105354452743	0.18965652670525	0.173072095197513	0.147712167218537	0.16707822340005	0.147662682284452	0.155285005422136	0.128765034383501	0.11584431511807
72111	0-4	2	0.00586865164094188	0.00435873627753952	0.00449955877495352	0.00290475620406582	0.00364162390921304	0.00261576839499044	0.00215408321474238	0.000994615417899937	0.00338782596632578
72111	5-9	2	0.000363142039645703	0.000649900052480748	0.000353998674113846	0.000216365678136914	0.000214561059447416	0.000241735650555272	0.000723148310749315	0.000652698319271618	0.000499104727744004
72111	10-14	2	0.000398480472509882	0.000525242062623749	0.00094358571105057	0.000475686520777958	0.000483075716968016	0.000408225267698332	0.00087606540003102	0.000571222516153635	0.000418033041413056
72111	15-19	2	0.00107452319306369	0.000707709562063986	0.000835412907252424	0.00169767267615993	0.00141704694540681	0.00102943670144036	0.0012486309097802	0.000993574453705888	0.000363159735176374
72111	20-24	2	0.00118339006546815	0.0012022044959011	0.00136786829640586	0.00221057849264628	0.00165496170572109	0.00215043850131139	0.00164993691259845	0.00262313394211938	0.000596280388609158
72111	25-29	2	0.00138386685979581	0.00133627522086796	0.00293032284927966	0.00214298783363393	0.00226193474088698	0.00299987251869028	0.00329927695151661	0.00265563325799521	0.00170361405396748
72111	30-34	2	0.00153599837824425	0.00182179879398942	0.00332659900922982	0.00347094014246576	0.00212609817419905	0.00315371156843845	0.00165908633690877	0.00265752399532019	0.00283697047429286
72111	35-39	2	0.00240629086812533	0.00416479705521343	0.00266101379761475	0.00395810845889082	0.00238876568491363	0.00175994832009123	0.00308878446054067	0.00153750964749614	0.00283287879516795
72111	40-44	2	0.00333563914336317	0.00396967259999985	0.00361124055824746	0.00364875302119037	0.00277050064791024	0.00422360386963401	0.00301993834282965	0.00384027681787874	0.00341774924057629
72111	45-49	2	0.00587056731597158	0.00560995473655203	0.00401856386731891	0.00545004624548145	0.00258940426513543	0.00459109679240639	0.00416284668466088	0.00339605756875618	0.00349431191122155
72111	50-54	2	0.0075148145889642	0.00677920257891419	0.00741323131280029	0.00626852086389572	0.00881781441981419	0.00546085266967616	0.00681265044989228	0.00548038145596134	0.00537493721915806
72111	55-59	2	0.00980684370713245	0.00847559634396457	0.0120237933731649	0.0103380085474221	0.0121527636201354	0.00859022922941689	0.00740374639765052	0.00758418048958485	0.00763832996908886
72111	60-64	2	0.0193839216895469	0.0151924480960927	0.0209075417704052	0.0152696969922312	0.0146068696905089	0.0151383560963107	0.0153685636845302	0.0127837638071206	0.0103253514601206
72111	65-69	2	0.0258394075590522	0.0311305913268688	0.0238579802560871	0.0216816910982707	0.018894941043541	0.0199340814929008	0.016534444980785	0.016751098764207	0.0192662757288084
72111	70-74	2	0.0420186609170008	0.0561551907526666	0.0391636577362713	0.045891170508301	0.0427573849978469	0.0324323557347248	0.0269917905114694	0.0298981502832677	0.0241963073677066
72111	75-79	2	0.0597375101051485	0.0402805978356842	0.0688666721349057	0.0520911835865805	0.0578980152169368	0.0556538046492894	0.0356423217900623	0.0420007890831246	0.0354135410518962
72111	80-84	2	0.0852273104565766	0.0856196517623599	0.0957432119511598	0.0946949879665392	0.0919753784112132	0.073041908447855	0.0563197057950851	0.0655080187187701	0.0571129199358477
72111	85+	2	0.151925259677559	0.227565832733242	0.151917390191232	0.160168380485924	0.162374038060399	0.152736619065979	0.152726165615788	0.155905663982403	0.129693878866369
72113	0-4	2	0.00487148997849178	0.00488697151045236	0.0039298659878458	0.00321322340249445	0.00261576857497397	0.00248252967115441	0.0023186461895712	0.00179904159083796	0.00163840985508564
72113	5-9	2	0.000332129827265138	0.000336730068049842	0.000297637810936063	0.000275000207776074	0.000119046654666519	0.00016885403085392	0.000135357246469574	0.0001721325850988	0.000350368084885142
72113	10-14	2	0.000381054165788969	0.000410451992389972	0.000498059651012766	0.000503889156932359	0.000217095979023538	0.000216186352786743	0.000189343797386723	0.000422782420580824	0.00024243147318399
72113	15-19	2	0.000891167900710708	0.00120198101334573	0.00150752205433265	0.00222425454710935	0.00160298160995013	0.00202627792331731	0.00101010316398289	0.0011555751420983	0.000802583496636814
72113	20-24	2	0.00150873044498601	0.00236134308567675	0.00337689546732415	0.00417477858666926	0.00312449094590707	0.00391138343785445	0.00291858142063096	0.00223556486159603	0.00171377939234756
72113	25-29	2	0.00227402684245185	0.00379302878777807	0.00381639580058802	0.00379344466848764	0.00319661446321502	0.00343726549615429	0.00333961069057959	0.00255061257707631	0.00257201809672715
72113	30-34	2	0.00223434964748025	0.00434037431194736	0.00662150300583931	0.00469203892727174	0.00336306665233395	0.00346254709024438	0.00290331079615578	0.00294189727880408	0.00285244719789002
72113	35-39	2	0.00303921083476225	0.00482682471713917	0.00722969834988318	0.00558165041864577	0.00403767228789663	0.00346060414341836	0.00291924031965133	0.00312481900127593	0.00408663996289058
72113	40-44	2	0.00385992081970293	0.00640655671795073	0.00798215566380308	0.00724276484524407	0.00489110760172836	0.00365308307775412	0.00340660961778673	0.0042020425000983	0.00456961109038081
72113	45-49	2	0.0048296734546508	0.0058829212262066	0.00887709927655854	0.00785608555806042	0.00687416384499839	0.00607016833404162	0.00473823767995711	0.00567223945760366	0.00593363599290121
72113	50-54	2	0.0075811754046846	0.0101413008970223	0.00836116014612273	0.0077653468679223	0.00724679306328896	0.00840803980207118	0.00669670812229343	0.00683830348472469	0.00832887889418371
72113	55-59	2	0.011536649665605	0.0116128776798957	0.0121006048286817	0.0121691458765916	0.00978103843519031	0.0103927106272632	0.0100214483505865	0.00980881206190301	0.00898057846268138
72113	60-64	2	0.020700894875818	0.0224585007756677	0.0182984191297796	0.0182756086142664	0.0163427799279823	0.0160870783524319	0.0134568897510845	0.0131136637188131	0.0136824533178102
72113	65-69	2	0.0286599805903574	0.0287155734724025	0.0271095520181656	0.0253747179973045	0.0245938578622265	0.0227102292388276	0.0183116835201054	0.0173580298395092	0.0183142790434512
72113	70-74	2	0.0469312215349016	0.0448469709059911	0.0419761216897021	0.041353894514199	0.0375678256771422	0.0310108034914137	0.0257513419846124	0.024439780153041	0.0247564656659907
72113	75-79	2	0.0637931791336281	0.0647576217631917	0.0579951799387931	0.0605536933845912	0.0542246102880443	0.0474414356376575	0.0437195332800371	0.0384460249942676	0.0359607865500302
72113	80-84	2	0.103705394384598	0.0957175664582733	0.102590121037983	0.0993929498280688	0.0787264158722074	0.0764432022438888	0.0714090052877992	0.0597782926563004	0.0582740530830974
72113	85+	2	0.175391194326674	0.162856525305561	0.152908406409126	0.154324158684929	0.149734142702122	0.15430392095079	0.148426311464141	0.135322644213704	0.131092476068568
72115	0-4	2	0.00360688074202256	0.00495157676418358	0.00349969327962659	0.00172707509459247	0.00267598979481185	0.00152982074269963	0.00145109184886627	0.00164449553660854	0.000927854247334742
72115	5-9	2	0.000424389098300493	0.000423226467808027	0.000261208047218227	0.000257957860068231	0.000411046163325201	0.000443389063661412	0.000506297183404896	0.000365576166564423	0.00190361164527233
72115	10-14	2	0.000542944667709275	0.00070504194177214	0.000717394677510664	0.000570699567723086	0.000248733803132016	0.000420704321281457	0.000673279879583557	0.000325919356265121	0.000386497197174732
72115	15-19	2	0.00173968549588565	0.000948842886758253	0.00133160330403604	0.000566002192491578	0.00055432867613919	0.000243020136721663	0.0021591820928077	0.000507566029502042	0.000341942886109423
72115	20-24	2	0.00288356862571002	0.00197750824710542	0.00249315276276823	0.00162086684729211	0.00169888358902269	0.000849638021607157	0.00316190139482894	0.00122325247744515	0.000835507569775553
72115	25-29	2	0.00171540687960571	0.00235340302732209	0.00239415857013542	0.00175160411721638	0.00107398577662394	0.00131881214087093	0.000807169940590736	0.00310671435099302	0.00119468268401867
72115	30-34	2	0.00300903818600992	0.00300598706956886	0.00285247411253267	0.0023285119328909	0.00307985500616372	0.00154325104946411	0.001621759572836	0.00220418860240341	0.000929630329254561
72115	35-39	2	0.00251845483882302	0.00418747693385862	0.00417206386068941	0.0045648090242808	0.00190330095540974	0.00311989452032343	0.00219092628169412	0.00358466314254418	0.00536979172582528
72115	40-44	2	0.00367356814108837	0.00479731202410465	0.00429133271105062	0.00469222287468832	0.00357314998039782	0.00140393059034708	0.00287262322316229	0.00279902098208621	0.00283768982772692
72115	45-49	2	0.00505484632770121	0.00324855078008329	0.00688310950973198	0.00542642322870266	0.00469337576846551	0.00488103380903265	0.00279081112538811	0.00285365126341651	0.0032355711663785
72115	50-54	2	0.00548141514686762	0.00653787775465211	0.00903961819615551	0.00804439883840905	0.00765275497992279	0.00619273560198272	0.00492720696882364	0.00556963276365074	0.0059789540492299
72115	55-59	2	0.0147757654003999	0.0132180954168249	0.00895901882691067	0.0115100680041945	0.0109838103315587	0.0106171356719827	0.00648508527930969	0.00841749369222797	0.00899000235071601
72115	60-64	2	0.0185358127166009	0.0229641130640629	0.0188565106227371	0.0205499711122054	0.0150153029572113	0.0183702109805929	0.0150512404613225	0.011027782990354	0.0136847476980007
72115	65-69	2	0.0299435358677151	0.0313699930890964	0.0259895540217113	0.0260430507380691	0.0268754029316528	0.0208567436598101	0.0189179764876183	0.0155605954364926	0.0195799720749231
72115	70-74	2	0.054508799609664	0.0385875979150014	0.0410660335394619	0.0376627225619021	0.0351794420149645	0.0308865216099942	0.0255727346154466	0.0231449865916244	0.0284259606622565
72115	75-79	2	0.0538507171403036	0.0799640506742156	0.0493921398638502	0.0698920065789132	0.0591871415954332	0.0521267455766873	0.0513195582292512	0.0421972647595017	0.0376648304758787
72115	80-84	2	0.0919807135191552	0.0911012103631133	0.0881614588557028	0.0902904740532261	0.0882208876565313	0.0663282078427385	0.0626623778179974	0.068554327541476	0.0518303588878355
72115	85+	2	0.186373356994034	0.17713943407779	0.16424619316684	0.205496282446914	0.160764692736767	0.1438173319144	0.17266664178945	0.138049340385418	0.120359490225497
72117	0-4	2	0.00726831193662719	0.00459632837222877	0.00259628486221382	0.00241279399099969	0.00309593662864678	0.00389548616669741	0.00130089033443493	0.00214615697922051	0.00292871184949922
72117	5-9	2	0.000417743254244681	0.000449889064681609	0.000467994404331534	0.000458878785126402	0.000440132931521574	0.000459638674051119	0.000508699572878571	0.000593786072245839	0.000743134371063028
72117	10-14	2	0.000396187201895343	0.000956937472190107	0.000703514434993613	0.00108234603232077	0.000448710883811559	0.000751740951785805	0.000773445805480277	0.000537139154085671	0.000609882043096021
72117	15-19	2	0.00218187524578288	0.000709500189925618	0.00135746935280516	0.00101575276252175	0.00103700409167899	0.00110284002901175	0.0015391224882961	0.000463600991620825	0.00092802617690778
72117	20-24	2	0.00178575155924935	0.00174388933331125	0.00202400668051346	0.00144775675115264	0.00205263753048781	0.000848130204478074	0.000532901144144767	0.00172712182125075	0.00118779002436738
72117	25-29	2	0.00334359699782375	0.00260706255426935	0.00124523119871917	0.0023257249377056	0.00156776088372741	0.00208494839236457	0.000574935541186138	0.00431456095787434	0.00279361306949618
72117	30-34	2	0.00247563352715454	0.00249620056125308	0.00332428082714532	0.00295779037947295	0.00197468198284117	0.000831943565060612	0.00207641816689224	0.00150895667850463	0.00218103494564326
72117	35-39	2	0.0021982209509206	0.00215558814352567	0.00297753299996705	0.00300779183339636	0.00313639693963008	0.00232303028488196	0.00153326418286961	0.00213154951591913	0.00395906253340545
72117	40-44	2	0.00513115644202272	0.00473333328446093	0.0064574464285944	0.00469283545116122	0.0029878392403943	0.00231397605867077	0.00224316124039658	0.0042806569196684	0.00551808112585444
72117	45-49	2	0.0101330837290217	0.00472226141365709	0.00470802746814318	0.00413367481451884	0.00493844383857165	0.00261456134234513	0.00319412689938976	0.00328647913243217	0.00225227895550489
72117	50-54	2	0.00758883821552059	0.00742403345221447	0.00838889690858029	0.0118594469303113	0.00786763256709262	0.00729796853553331	0.00651423254621596	0.00542168758905527	0.00753779962275857
72117	55-59	2	0.0107622958590009	0.0119955077120987	0.00956566785164374	0.0147464662360414	0.00851139001773918	0.0101581267889241	0.0077838108254108	0.00788457132815763	0.00868037745489727
72117	60-64	2	0.0214587189817257	0.0150482719235278	0.0158461449121309	0.0167278496940255	0.0114965494661367	0.0103021781049864	0.0119783717537894	0.0104642857659149	0.00949285206568382
72117	65-69	2	0.0242333912276956	0.0245234024138269	0.0282423611936525	0.0269092400772351	0.0209030436090051	0.0155533364966532	0.0154749862129182	0.0110147667819965	0.0118841566005126
72117	70-74	2	0.0312392274025148	0.0439612104643785	0.0258831607659143	0.0549531197241041	0.0292293748307321	0.0321660372927265	0.0206515092508582	0.0255628989086338	0.0144293748701579
72117	75-79	2	0.0478446513351972	0.0656790166029548	0.0451432040213074	0.0518186654798489	0.0474318508281818	0.044801782041075	0.0370371606213613	0.0267224169033754	0.0258940488999952
72117	80-84	2	0.0952343751882729	0.0700231488176256	0.0824529889244193	0.100636374482091	0.0890277820305668	0.0702766880699775	0.0679709771948986	0.0599792523231939	0.052467454597894
72117	85+	2	0.186979558718963	0.209755886273158	0.141323194429301	0.159797927017258	0.167765620698315	0.167997755038256	0.131455417564512	0.115681228298466	0.102863671220216
72119	0-4	2	0.00526832118229605	0.00330141280835007	0.00367631500792272	0.00294295588088121	0.00166616576201735	0.00238145834920961	0.00169212417084425	0.0016666502371681	0.00178360791656047
72119	5-9	2	0.000497780656445283	0.000227001528642203	0.000222043117735086	0.000211825287242892	0.000131135134538296	0.000500097787218567	0.000365500264164675	0.000328792913232514	0.000441167867160837
72119	10-14	2	0.00079210673415529	0.000377196550057579	0.000206068907112651	0.000709667548048532	0.000368463015528623	0.000373444966667299	0.000146851647725849	0.000178761774355696	0.00021814065049583
72119	15-19	2	0.00074609039455069	0.000736380612877173	0.00128652920744203	0.00272979382647959	0.00154535042887057	0.00153838281569774	0.00120657030681917	0.000778149061680585	0.00107380278780117
72119	20-24	2	0.00188874730910489	0.00172335649425428	0.0026656205885716	0.0047801691616739	0.00235532089254046	0.00372221101489507	0.00277976556250169	0.00275672735909705	0.00283786627556769
72119	25-29	2	0.00154656767698702	0.00127704357876635	0.00418818480229966	0.00331186167016625	0.00263263678676447	0.00340272111805722	0.00326428688471731	0.00280958734489653	0.00368591679570168
72119	30-34	2	0.00302143465713172	0.00314375852460893	0.00480518810607276	0.00430924165206694	0.00259245050039168	0.00209804251204905	0.00318557777163464	0.00372652703023771	0.0020231018136276
72119	35-39	2	0.00293348440881985	0.00399762715202249	0.00565070382486978	0.00479497342906124	0.00312975436728044	0.00250029949137361	0.00247067572059446	0.0021457634731629	0.00685181410756837
72119	40-44	2	0.00371051511131062	0.00508353557494468	0.00750134131890077	0.00480284950773914	0.00439992973128222	0.00398878807020052	0.00388787722000043	0.0024786964088999	0.00353356368934642
72119	45-49	2	0.00618346743901327	0.00634580530512328	0.00783710629420239	0.00821047547345206	0.0064446635044782	0.00565428987740059	0.00545724273540361	0.00490793216832165	0.00387609840832176
72119	50-54	2	0.00837229272924082	0.00868378625562844	0.00873626017676459	0.0128971876262758	0.00877475561340897	0.00584148496897619	0.00586001351532953	0.00706502737007255	0.0100786135567067
72119	55-59	2	0.0112217518455004	0.0103942882122253	0.0116575768857192	0.0125095191851694	0.0105405764124872	0.0102050109465203	0.00934127933490278	0.0065149820836321	0.0102144257074705
72119	60-64	2	0.0233315676273777	0.0191351826136344	0.0148945047178154	0.0170577641287591	0.0143677912302204	0.016325611141803	0.0127255178268012	0.0107979453253732	0.013095372445194
72119	65-69	2	0.0276047713706528	0.0277380224168615	0.0267686896283028	0.0247077958917389	0.0207743515312828	0.0206026279276291	0.0167417536227037	0.0172698132848414	0.0173599322328922
72119	70-74	2	0.0485687969034536	0.0470569598902836	0.0371809764660975	0.0364239701249941	0.0290804418218225	0.0283341456731511	0.0281945661260611	0.0249088010342352	0.0235703585700885
72119	75-79	2	0.0427034004366348	0.0517669368335052	0.058027985785646	0.0565751460640885	0.0516407190438135	0.0394709027788465	0.0397793533577296	0.0367423597439736	0.0361150802035718
72119	80-84	2	0.100144559436829	0.0638963868371424	0.0940018969465462	0.103637110609716	0.0829812930548569	0.0655868068046684	0.0642447695171496	0.0515011290386195	0.0495473293442563
72119	85+	2	0.173190623942734	0.172737622514463	0.131830753793653	0.133697328956229	0.148010874089171	0.152249840497755	0.13418727648855	0.138792496367132	0.110029833250128
72121	0-4	2	0.0048336918994413	0.00381407178472627	0.00364882514556106	0.00244134657895859	0.00306146426581726	0.00242230869401804	0.0033247661271943	0.00207119700863962	0.0027768820688808
72121	5-9	2	0.000255945986258766	0.000430214997798243	0.000796857957795506	0.000778752062175838	0.000258504919324464	0.000463300019122956	0.000311740890154522	0.000373017730152489	0.00046512558305118
72121	10-14	2	0.000586720792142587	0.000247607949038492	0.000250143292726819	0.000430496617929615	0.000432942117314675	0.000263359768220003	0.000286217746410441	0.000333556750004005	0.00039724053949882
72121	15-19	2	0.00084612095268537	0.000948154001882709	0.00142176301726862	0.00089725594354343	0.000574674286482847	0.00115550078256723	0.00142545239652203	0.000744748364065853	0.000597217640262079
72121	20-24	2	0.00107110157451575	0.00192539347983824	0.00113202723376498	0.0012737499577655	0.00122179827393208	0.00135955677557001	0.00242688797103246	0.000799572038810912	0.00114838845441038
72121	25-29	2	0.00143103315891445	0.00140774239519808	0.00311384528808327	0.0015922832836261	0.00132704243725241	0.00141805751020195	0.00173245261400574	0.00195053816094952	0.00158182830280307
72121	30-34	2	0.00189725234237771	0.0033655799667071	0.00190237784703848	0.00244237655008475	0.00165222063737083	0.00173983717059962	0.00132315024612553	0.00108216886159963	0.00362642440505842
72121	35-39	2	0.00122420989862668	0.0035895074367992	0.00426936131086767	0.00382488225860704	0.00238810705060321	0.00174896001742385	0.00176371149170703	0.00230567999449894	0.00374720050012429
72121	40-44	2	0.0019980523111556	0.00595132541951975	0.00495795577493811	0.00443606892148271	0.00331013631831425	0.00148886899564301	0.00377932050794081	0.00269415988393277	0.00421988388640898
72121	45-49	2	0.006522334470561	0.00537354140057508	0.0059273918203644	0.00716789924779012	0.00647883320900946	0.00482142912635118	0.00478391496702092	0.0046875519062976	0.00406956017924871
72121	50-54	2	0.00461962560672998	0.00758954524656294	0.00654846835028772	0.00843204986820275	0.00668472060260744	0.00686854843940098	0.00723020832080496	0.00674493686833631	0.00745251868182105
72121	55-59	2	0.0121245026759681	0.00910314811905255	0.012489730591164	0.0120205917523148	0.0105064646882104	0.0125679661755572	0.0089884887386226	0.0131226099671085	0.00869254097601446
72121	60-64	2	0.0251093719684973	0.0184826325212043	0.0161142187463298	0.0167781465918148	0.0148557470424305	0.0170241088466906	0.014698196024576	0.0115098463032292	0.0154319825467082
72121	65-69	2	0.0267317201870535	0.0232426181979425	0.0282159973912047	0.0177746829899498	0.0219809042152719	0.0263683874055356	0.0182665213360578	0.0192321289051239	0.0195740521344284
72121	70-74	2	0.0427572531375731	0.0448872319828462	0.0373235312039109	0.0488848038341616	0.0313868829247613	0.0352279956435673	0.026594500705767	0.0226379763744794	0.0175651588888811
72121	75-79	2	0.0578031525262207	0.0519696997786473	0.0625835166848524	0.0595864461985509	0.0437502495907773	0.041850715422215	0.0424819119538357	0.0397408270991926	0.0372477058347237
72121	80-84	2	0.096227292362502	0.0823519253866425	0.0845993014652179	0.0915422009639779	0.0827489805443407	0.0678178200754714	0.0765569647871707	0.0657389294136054	0.0616410283512046
72121	85+	2	0.163013483067929	0.164664605673072	0.147067096631138	0.162492468799688	0.153518196745504	0.143084989225191	0.140051426807523	0.137239277037031	0.127700688427755
72123	0-4	2	0.00519026988198314	0.00483840604728967	0.0050785202128167	0.00420764506095946	0.00201512738778208	0.00245879026213636	0.00209191470752277	0.00165776070659207	0.00166636683832377
72123	5-9	2	0.000417568347208651	0.000197493730725002	0.000450589973529885	0.000199828354850798	0.000198294534867724	0.000221745441361958	0.000257314295344165	0.00032430561078132	0.000451560789334628
72123	10-14	2	0.000524673389338864	0.000180008984082949	0.00018402226733009	0.00019681159540796	0.000854656787676368	0.000204266337553581	0.000376519053043078	0.000282900144813279	0.000617307409308899
72123	15-19	2	0.000683849378359501	0.00122537035035993	0.00152919901625177	0.0011516942998733	0.000735359862872726	0.00150796268669343	0.00117580713456125	0.000253224780939789	0.00142745907032544
72123	20-24	2	0.00225960068098484	0.00257524364382295	0.00231599390199102	0.00187654492510706	0.00181831911270218	0.00257666176679525	0.00236588422384743	0.00252142310600841	0.00119377743134097
72123	25-29	2	0.00285553178636388	0.00344939085698803	0.0031033316797875	0.00290903511906355	0.00244970626202434	0.00279683070690801	0.0046197717835704	0.004049757971261	0.00190506790188102
72123	30-34	2	0.00253620282689152	0.00538362938846687	0.00455867142508252	0.00314966665922396	0.00308592565801825	0.0026684572031587	0.00186014511299236	0.00318828178523338	0.00398177748191683
72123	35-39	2	0.00413925220531592	0.00722756294654299	0.00600681136435838	0.00501328290509368	0.00550668018323318	0.00391574772508963	0.00255533308261471	0.00352295440978246	0.00346854574981753
72123	40-44	2	0.00467551315170887	0.00634665764654717	0.00771765390006337	0.00842250841734844	0.00479895284458912	0.00339906519080348	0.00402735268379052	0.00285365126341651	0.00390179947141253
72123	45-49	2	0.00670876462052168	0.00765865297986367	0.0074203875906697	0.00885800753018041	0.00551951130065391	0.00617234284664912	0.00453964947040353	0.00376115745992196	0.00483064673553957
72123	50-54	2	0.00837242528560059	0.0107806848729664	0.00887734317447259	0.0078107508824951	0.00900670844639254	0.00980840961312218	0.0041976611491346	0.0056617300814462	0.00812874050419884
72123	55-59	2	0.0184905512435214	0.0153325800685125	0.0142047613034968	0.016853459385053	0.0122545635904866	0.0119703717055073	0.0112779320991838	0.00786565668690101	0.00921759426079432
72123	60-64	2	0.022419275063543	0.0266565469363558	0.0257407101719329	0.0212044901819399	0.0169193816601061	0.0143547947103033	0.011204987785794	0.0117563855254073	0.00943752999616286
72123	65-69	2	0.02633681310093	0.0356224094666238	0.0258404365527299	0.0284176592540691	0.0243338553075553	0.0225792255809937	0.0208609304441973	0.0168523765529405	0.0124680071580347
72123	70-74	2	0.0523974040256836	0.0540729482440162	0.0377425663895186	0.0461780506477537	0.0304437080950469	0.0339672912807277	0.025299994275692	0.022108846853972	0.0218978608559101
72123	75-79	2	0.0618518349124902	0.0582857309680729	0.0488183468403277	0.0648104312088823	0.0523824427915621	0.040830070224213	0.0446164779731429	0.0381740272390955	0.0347452287077415
72123	80-84	2	0.126584266009476	0.0919746300395153	0.0947753212259315	0.093056933836866	0.0736572722606189	0.0797356460083516	0.0649528862311983	0.0481475904473213	0.0605988219413711
72123	85+	2	0.185973747387992	0.164025555226074	0.141163979759155	0.150992612013962	0.148975419629138	0.131107729308527	0.150266677437312	0.107403384055407	0.108066847235878
72125	0-4	2	0.00462989351673876	0.00351514533522146	0.0026655575120299	0.00297410192260189	0.00284452743833529	0.00395871620478245	0.0024849506399487	0.00097399886903562	0.00182708807522646
72125	5-9	2	0.000798317486605178	0.000439786014791739	0.000324488253432104	0.000456623429615196	0.000328403487622768	0.000359261217396154	0.000250916276278509	0.000288899638530761	0.000575981490997228
72125	10-14	2	0.000275386876755394	0.000395996367571478	0.00065637756181919	0.000437957676773286	0.000450432592733517	0.000340956215162776	0.000229799410931316	0.0004501362305191	0.000504495242015076
72125	15-19	2	0.000699460830253108	0.00117150363295133	0.000976320377061073	0.000533162230932183	0.000431623604842308	0.000573835066397041	0.000336253980153252	0.00038103323516527	0.000647506206375135
72125	20-24	2	0.00111139895883227	0.000694213846315371	0.00174957390648925	0.0013640418940334	0.000949631288889777	0.00116252160045603	0.000747238683004231	0.000715240148153263	0.000779975143071283
72125	25-29	2	0.00145040726405002	0.00240334551428605	0.00165910362404751	0.00162713357008475	0.0019744213119418	0.000691622369684461	0.000994852956604829	0.000669304709479478	0.00136546868746655
72125	30-34	2	0.00261258929546299	0.00151457071425526	0.00258986967803833	0.00226564017420075	0.0010433908886814	0.00201626094292876	0.00240882504288425	0.00180457082212408	0.0024016392152906
72125	35-39	2	0.00357021442069395	0.00397682397223893	0.00405208279550296	0.00470669992737051	0.00318479452289858	0.00231860458967516	0.00142660879794179	0.00175708956183764	0.00177542934701141
72125	40-44	2	0.00265026862595291	0.00365462439659975	0.00636979770739757	0.00501865483143409	0.00274299691835231	0.00231526183767704	0.00244667536058853	0.0029883457962831	0.00330099511268111
72125	45-49	2	0.00464571979345384	0.0060937435741708	0.00548416184280167	0.00562073551472513	0.0054967781579486	0.00389637754073926	0.00402042671943762	0.00414938284274077	0.00419677625296336
72125	50-54	2	0.00867396029658244	0.00728472049909766	0.0077738509037594	0.00718814435805418	0.00643267627074309	0.0102621652922803	0.00635084507089336	0.00623820214566992	0.00897156771671728
72125	55-59	2	0.0117159934644163	0.00731227226380728	0.01074035287497	0.0104168338070299	0.00842924284570272	0.00906803445738845	0.00924879098134306	0.0088552379632049	0.00635648079941413
72125	60-64	2	0.0172553545490613	0.0175323000612363	0.0133033390573761	0.0163729901314708	0.0193678669010273	0.0147390645259112	0.0101768864822379	0.01194528427118	0.0127214861053929
72125	65-69	2	0.0306456906047851	0.0244671216802041	0.0206640363398326	0.0213694954173918	0.0182869906468398	0.0210633757165245	0.0182770383718765	0.0189939491790318	0.0176087344937366
72125	70-74	2	0.046514436417608	0.0351253684988414	0.0392625925234669	0.0331992592025258	0.0384421516030208	0.0295956108466809	0.0256793453706116	0.0197650348116949	0.0220954636936042
72125	75-79	2	0.0625213694462137	0.0648428443697188	0.0579356493501641	0.0395449964623917	0.0457503437595771	0.0308046168218917	0.0469741277489963	0.0386458569461949	0.0433273574927071
72125	80-84	2	0.0706137077030549	0.0811154347289928	0.104185879747569	0.0879504337507939	0.0711711213535085	0.0908049303518394	0.0721662793558393	0.063339802285563	0.0536884684880964
72125	85+	2	0.168225045665527	0.124243435847958	0.153779204079332	0.148032035152984	0.146496268815635	0.149032840098314	0.136858881455952	0.13147730754922	0.135115606226801
72127	0-4	2	0.00562721457073317	0.00409597085850365	0.00387314229016006	0.00317437878133086	0.00234010874246608	0.00251063891041009	0.00259460793747982	0.00195651355935321	0.00246393626401499
72127	5-9	2	0.000275960238777838	0.000250839867660906	0.000297258430941565	0.000234623077757323	8.76535490630702e-05	9.78242872988164e-05	0.000134621517707755	0.000216401641847763	7.35915751974907e-05
72127	10-14	2	0.000407463587187424	0.000434410204195974	0.000483339652116146	0.000381418984536625	0.000212600969238717	0.000171339745203523	0.000259299278607271	0.000133030000766188	0.000209551929235485
72127	15-19	2	0.00191264665526344	0.00157683195497243	0.00426349918285803	0.00337615137088403	0.00241863206595699	0.00134357222383925	0.00128795542829161	0.00109134109629981	0.00138658365470804
72127	20-24	2	0.00299300776734418	0.00352948804025895	0.00529776232041978	0.00461487521690859	0.00436647925483905	0.00363872822428643	0.00370448718368154	0.00327588476799444	0.00267006623456366
72127	25-29	2	0.00340495610696701	0.00450966303222146	0.00646430150230692	0.00475679097859478	0.00431924419582773	0.0043640496861893	0.00377597119577229	0.00307739326609851	0.00317031471932687
72127	30-34	2	0.0043313188909636	0.00707603546863915	0.00898360532291108	0.00686228955349704	0.00388070799114124	0.00406192824383303	0.00327918071042715	0.00359448578561731	0.00309272276198187
72127	35-39	2	0.00480224936486699	0.00787724370093392	0.0111080927309462	0.00739143703289418	0.00489256954916541	0.0040026366935422	0.00298086026589556	0.00354436011367891	0.00376344399995695
72127	40-44	2	0.0056645664059203	0.00786699860771262	0.0107693115786385	0.00878653783918064	0.00560146816189679	0.00514387082833877	0.00402714116100512	0.00419066699799333	0.00528858233777096
72127	45-49	2	0.00718069540722022	0.00955308512576806	0.0108888951170949	0.0103996200857897	0.00717816588241581	0.00632363387174258	0.00532079079241245	0.00489343384424941	0.00569886028398267
72127	50-54	2	0.00967602564713256	0.0100756378160606	0.0123085717278954	0.0113025154344231	0.0097508208387955	0.00902476138389641	0.00729764495743724	0.00681673204600355	0.00647150008500798
72127	55-59	2	0.0140678797030744	0.0155179676557289	0.0135035032207538	0.0136746516087657	0.0121003956102557	0.0115450256510507	0.0110889518675247	0.0101672830515379	0.00962655904427625
72127	60-64	2	0.0214857366494526	0.0216781318357956	0.0203616559986292	0.0189015883927235	0.0157634416220087	0.0153732337001637	0.0138275809845058	0.0138319900050479	0.0131656282138583
72127	65-69	2	0.0287926616757203	0.0281556803058311	0.0262442781218473	0.0251106995546672	0.0214105817261507	0.0200981796001325	0.0187551744953812	0.016765614607505	0.0176546401667942
72127	70-74	2	0.044068916904903	0.0434155522243157	0.0404503401588123	0.0400109399580402	0.0318461934111288	0.0275577954934314	0.0248925560683854	0.0230045790778109	0.0252038325230572
72127	75-79	2	0.0584802128135872	0.0582394779836994	0.0553166523711396	0.0552585517664077	0.0478709821297076	0.0425372058481427	0.0387143402492419	0.0359824357406548	0.0399758954827963
72127	80-84	2	0.098759777192435	0.0905209383868564	0.0884358067402043	0.0878349351736537	0.0730877671383402	0.0710801933760475	0.0649871858965619	0.0586352671742811	0.0563404124006304
72127	85+	2	0.164741101312447	0.166942452521602	0.153684596270932	0.155538679464258	0.139908863736721	0.132261408726359	0.131461125937282	0.12229339101029	0.122406615968441
72129	0-4	2	0.00342711450091476	0.00254683692024475	0.00232809691168091	0.00258283622925418	0.00239751175750082	0.00238026374756214	0.00234940175461139	0.00213920700468833	0.00220363148122387
72129	5-9	2	0.000478140857563877	0.000483835904372074	0.000273761980971494	0.000275534687447751	0.000173274240527576	0.000304704838890719	0.000338649488013403	0.000248040576394536	0.000324746851721456
72129	10-14	2	0.000234740958307573	0.000443868497646736	0.000164448619334806	0.000466875602319357	0.000259217396323338	0.000381322489609084	0.00043744869302105	0.000361282446004954	0.000256677099755842
72129	15-19	2	0.00185111198881983	0.00125888541870597	0.00129794154640599	0.000674427480160646	0.000999684471730917	0.00105180200598918	0.001137096177435	0.00137674469595278	0.000711910702572938
72129	20-24	2	0.00143572733946991	0.00151995444626059	0.00173955931829011	0.00273814535663497	0.00212149528713421	0.00198374990906509	0.00182046444957952	0.00316447648883836	0.00157980781399407
72129	25-29	2	0.00251275911092567	0.00287832839310058	0.00326561905813094	0.00233844434819131	0.00259559484850354	0.00216960129007272	0.00370893238924157	0.00331057901662193	0.00202841486623715
72129	30-34	2	0.00220842617601809	0.00464792641455254	0.00426801685633141	0.00256223250577194	0.00252103271649359	0.00249920189708745	0.00336218671905401	0.00270661616036403	0.00328717900383739
72129	35-39	2	0.00399017541087481	0.00536413631251639	0.00503317482604392	0.00455063070657964	0.00298180383153842	0.00174630320028994	0.00173069179504312	0.00336629142123086	0.00429313276553244
72129	40-44	2	0.00545493206583988	0.00752149659371853	0.00626811804851941	0.00510091252748537	0.00414461378006269	0.00337300526012174	0.00247535204390373	0.00304661623357005	0.00439776583805305
72129	45-49	2	0.00611795453588477	0.0073637620855755	0.00883736669611401	0.00653098273804963	0.0065346431989804	0.00623576426140058	0.00477905393823976	0.00456464090443469	0.00540533045434968
72129	50-54	2	0.00935803606190071	0.00896715315874906	0.00962148109439193	0.00845810932063435	0.00926564386952728	0.00877584077530743	0.00472643691093855	0.00707287642788318	0.00622326946958996
72129	55-59	2	0.0150985396127118	0.0171376092557985	0.0142061824763601	0.0151657541008775	0.0115426965223236	0.01202729693349	0.008780643133938	0.00795865286999827	0.00844004804808536
72129	60-64	2	0.0170377588376036	0.017393567575852	0.0200664628297526	0.0217351945075933	0.0196026017204958	0.0161740249046906	0.0139763689980403	0.0107638984964032	0.0114800861372432
72129	65-69	2	0.0302164730396356	0.0262620125301728	0.0322792771659661	0.0263627916303887	0.0234217033698911	0.0186760421737596	0.0176296553743274	0.0199908440302933	0.0161475504250033
72129	70-74	2	0.0327265286047508	0.0444991893973108	0.0380198856737948	0.0406118209226283	0.0324011223614444	0.027242791887856	0.0233740122704732	0.0217986896241187	0.0278239320799237
72129	75-79	2	0.0528809237279896	0.0561140698858428	0.0626665520333271	0.0423452414909466	0.0525848086822488	0.0474327154821248	0.0448038866787075	0.0361541061165841	0.0354880730661506
72129	80-84	2	0.0618244106502477	0.0787300702096195	0.0754977667202501	0.0765116371310507	0.0665626659547335	0.0634211545940115	0.0564479888221804	0.0416625388067618	0.0425911550876215
72129	85+	2	0.130088221306503	0.160448326706639	0.143943419971338	0.150592216527103	0.143195947148711	0.141242515019737	0.117467899179824	0.135285434047585	0.1130609520804
72131	0-4	2	0.00338462825804586	0.00361208494542084	0.0031664101189666	0.00271271785759636	0.00231703631885789	0.00165809248094907	0.00212772088082752	0.000891470685058025	0.00149241459503849
72131	5-9	2	0.000335792853173275	0.000451957558962036	0.000576087500838686	0.000269198878280069	0.00038176277564165	0.000299245016156317	0.000207239051343716	0.000248491202189414	0.000530514154501999
72131	10-14	2	0.000316808169861658	0.000406016182308748	0.000234867881629158	0.000544770019676221	0.000159336311294456	0.000698919878521592	0.000540937773105577	0.000349130390540955	0.000242596484940484
72131	15-19	2	0.000937060656143575	0.00083320675080234	0.00104460737568349	0.00138422181692574	0.000690577964358848	0.000509536064434459	0.000661142283142537	0.000706640715320739	0.000355300415076493
72131	20-24	2	0.00137806835092117	0.00183607040545986	0.00101806506221268	0.00127403231042537	0.00179143644620728	0.000959288711652324	0.0011761494508322	0.00124910410476222	0.00181222237224413
72131	25-29	2	0.00141546946987554	0.00317917137653629	0.00218261627547348	0.00199847282876471	0.00180443162073162	0.00182356494525737	0.0010444272886407	0.00120046640366551	0.00121654930519827
72131	30-34	2	0.00132235074165613	0.00254900302023687	0.00219767992446966	0.00189287840943517	0.00268068252502648	0.00125910058559057	0.002553012641929	0.0018207688489822	0.00189129519425721
72131	35-39	2	0.00289874785612062	0.00492453582355259	0.0032044365939	0.00338173363040434	0.00212291654749634	0.00148533465081727	0.00151255191061278	0.00274664066426959	0.00381128265182969
72131	40-44	2	0.00274991809984919	0.00563152357127175	0.00513267198173355	0.00478956406961772	0.0036713374302858	0.00341723400868471	0.00385441262648929	0.00246784041706139	0.00344218579078161
72131	45-49	2	0.00598051714417239	0.00435005491824172	0.00600320972633234	0.00527743332611273	0.00389630693548787	0.00499948030927637	0.00472745078380555	0.004157299241048	0.00477024216748122
72131	50-54	2	0.00592266871189278	0.00843465540608726	0.00826732397458436	0.00740233456350556	0.00536504977677604	0.00634662985014354	0.00598476337625574	0.00569393306699914	0.00487470928698392
72131	55-59	2	0.0117249364883231	0.0109756165977145	0.0108291704866077	0.0109384100239224	0.0104150033595893	0.0108600511660569	0.00815876327699495	0.00856408950649226	0.00619862115055103
72131	60-64	2	0.0169927435721147	0.0158004203913684	0.0156749498419261	0.0145127134188784	0.0132852348811519	0.0137263048133517	0.0120464028776258	0.00945258867711821	0.0128892439786321
72131	65-69	2	0.0253264395823899	0.0223852075065265	0.0246098165069705	0.0217301397848743	0.0174635380823084	0.0208092901877778	0.0188384170150788	0.0143429504751702	0.0141175018617216
72131	70-74	2	0.0423143153193891	0.0415408452893867	0.0345904335802294	0.0360665142625409	0.0336674180722648	0.0255716566186603	0.0274253268912831	0.0202745289483824	0.0208556147850538
72131	75-79	2	0.0601567603447761	0.0593628760738891	0.0616958232709671	0.0474431798492853	0.0542209104596069	0.0459385823659952	0.0445359009115459	0.0387567034643635	0.0410065709520839
72131	80-84	2	0.0816655595656689	0.100661753675349	0.0858188366524453	0.113219217721574	0.0843574460659953	0.0658285170811615	0.0692374341073389	0.0559948581259847	0.0643719165991266
72131	85+	2	0.19435441087337	0.160715047888441	0.165071652534419	0.150866992593842	0.154489376800614	0.160980317447443	0.131359989890689	0.140356044969896	0.129397014302219
72133	0-4	2	0.00529311961850508	0.00479888117735214	0.00580064033895018	0.00483172548953038	0.00319029902328613	0.00229345060567121	0.00227899482309955	0.00287176146250397	0.00196138205753783
72133	5-9	2	0.000369465883564612	0.000400795679871725	0.000771746096240999	0.000264336874009861	0.000766526533433184	0.000423612264168531	0.000287594144843419	0.000625767503428576	0.000488006668484706
72133	10-14	2	0.00101102019050269	0.000560475490156259	0.000262102968264361	0.00044889494376719	0.000431773640514029	0.000735558778103865	0.000781136560230705	0.000328073314019495	0.000415428697539563
72133	15-19	2	0.00111523954900183	0.00128300802448868	0.00131107731436532	0.00178608200446186	0.00248187981185796	0.00121945932110512	0.00158145295708078	0.000463593002789153	0.00169420998581096
72133	20-24	2	0.00249192054559968	0.0036047939767618	0.00256121656111383	0.00342648665547382	0.00453679554661453	0.0037454004998503	0.00424014253537244	0.00238681080755432	0.00155945410801249
72133	25-29	2	0.00230996224583954	0.00354732506056657	0.00566737519494595	0.00450709551276102	0.0034305927936168	0.00367561421534679	0.0053223975986876	0.00436601333730458	0.0054087857923312
72133	30-34	2	0.00185225172044586	0.00448335878285952	0.00697595065685683	0.00233562853014579	0.0037566867663292	0.00369109728131641	0.00309560603702291	0.0028970403650915	0.00501666245497821
72133	35-39	2	0.00227539916814694	0.00301795946704984	0.0105224691777543	0.00516606372763906	0.00447884551984581	0.0014454723944313	0.00255535177093642	0.001118329878036	0.00363315168138301
72133	40-44	2	0.00440054099315909	0.00476347268695889	0.00503650496461523	0.010488810114154	0.00531439307705753	0.00360035493543273	0.00294691664964548	0.00320329883579865	0.00484552769447047
72133	45-49	2	0.00558372130646004	0.00908166259339391	0.0101834675561565	0.00635078218229601	0.00685048624427958	0.00606056946775585	0.00671358700995337	0.00497340881946385	0.005341120001622
72133	50-54	2	0.00848536291139265	0.0104722931822071	0.00915689634399773	0.0107085666489706	0.010333810335981	0.00945795039781711	0.00535412030790488	0.00516110365638304	0.00379835501720265
72133	55-59	2	0.00973742201734033	0.0141535957236699	0.012648175476325	0.0102160046429601	0.0126631433343916	0.0123360454772295	0.0120826165056921	0.00953664367310878	0.0100913759443649
72133	60-64	2	0.0207356832545478	0.0210589797496175	0.0239669983748219	0.0141887108364753	0.0220075753452818	0.018044882895898	0.0106523069559542	0.0142461384277541	0.0146321633297387
72133	65-69	2	0.0406178617288157	0.0297278718293638	0.0300462313819907	0.0254413714892021	0.0265396484698661	0.0177764990396036	0.0138832300525104	0.0255179842586247	0.0231465381122498
72133	70-74	2	0.0506756124497589	0.0357627343616204	0.048812869114262	0.0404126324451015	0.0377143231385018	0.0353150658665868	0.0304495591064293	0.0281832911450149	0.0229500659935446
72133	75-79	2	0.0824957521507337	0.0605225175784183	0.0664295726815361	0.0601565367910618	0.0646577947901773	0.0496552701297513	0.0341330752914963	0.0481227704245673	0.0448747558126766
72133	80-84	2	0.102549208755481	0.105460817606429	0.0783704625686735	0.142857331584952	0.0963209083369826	0.108032616716374	0.063827465174772	0.0616480204731426	0.0732573874078858
72133	85+	2	0.130260335363238	0.204563258657003	0.167110213367922	0.148800989231501	0.156888349480231	0.147758478099662	0.207560156168494	0.128828921866121	0.138941597444259
72135	0-4	2	0.0042617991932641	0.00248491706479995	0.00226956506218469	0.00171926536704041	0.00179573035996343	0.0018473736130318	0.00158576400095257	0.00192664618682023	0.0016104586672339
72135	5-9	2	0.000335470034354176	0.000216489260523778	0.000341004610044733	0.000110776608444521	0.000274700747627092	0.0002179331463641	0.000114694512948727	0.000141677616072472	0.000187086210175208
72135	10-14	2	0.000550073710500972	0.00038293539159234	0.000124082533611127	0.000242759268866703	0.000279475053018993	0.000207011384924163	0.000215738174636763	0.000123652919706721	0.000152193504499546
72135	15-19	2	0.000787319356923581	0.000946222296821311	0.00149226699100465	0.00135199048095115	0.000721560844602138	0.00125614920001449	0.000845377692648621	0.000508206155805264	0.00077973507495104
72135	20-24	2	0.00198892658925351	0.00167587482919052	0.00300853597992805	0.00231549483250027	0.00157928814832427	0.00238347206223018	0.00249877188613499	0.0014291318812821	0.00120797881843694
72135	25-29	2	0.00105274659074835	0.000764221277686975	0.00275313274476803	0.00204112148750004	0.00231473241527511	0.00228146569400813	0.00259703285036079	0.00259046270806283	0.00158186432510769
72135	30-34	2	0.000999257101947686	0.0024194784003134	0.00318432190831061	0.00311412025085226	0.00186730161004941	0.00200835855607635	0.00278357345716597	0.00204076593287394	0.00267331307339069
72135	35-39	2	0.00287769296628585	0.00312313826602793	0.00444732688593673	0.00354874895509721	0.00143495767686719	0.00179608870035045	0.00177445348808805	0.00186114512503401	0.00270649198453599
72135	40-44	2	0.00399525072133876	0.00467440959795851	0.00343519100303454	0.00379840423383685	0.00327538366733479	0.00297936332794625	0.00212084604724422	0.00297649169175954	0.00342030156957286
72135	45-49	2	0.00290348322938955	0.00463702036150964	0.00338934610059809	0.0060710863108597	0.00478417001491009	0.002676894534773	0.00361198835433045	0.00262654672646397	0.00392719271412223
72135	50-54	2	0.00647105530489961	0.00814055258063288	0.00868999646512076	0.00838354309700668	0.00744960361657706	0.00537631851601026	0.00478762211748259	0.00507214008519798	0.00421152582789709
72135	55-59	2	0.011030140676606	0.0160215617124251	0.00950366463755057	0.0112417940996368	0.00856645336844158	0.00708852855960265	0.0069811136846231	0.0078227469957739	0.00680027639393
72135	60-64	2	0.0195822217223248	0.0198966484091703	0.0164978226969874	0.0147934792404297	0.0134427103274955	0.0130087814592435	0.00844347986719697	0.00950046402119525	0.00974199948255531
72135	65-69	2	0.0229688362741753	0.022380557912673	0.0229419878483822	0.0232633772870208	0.0225899127891217	0.0157505759706639	0.0148210166408498	0.0120527474132843	0.0159996876651978
72135	70-74	2	0.0399547010155399	0.0458780105114995	0.0322535030197483	0.0398823464778258	0.0274900921235192	0.0221665702412513	0.02010009740416	0.0208499328184272	0.0235839835819673
72135	75-79	2	0.0421438264240358	0.0585162653154124	0.0457901989128505	0.0480795869415142	0.0498287069637977	0.0446568014234047	0.0433063058474143	0.0297883172611601	0.0322980188719533
72135	80-84	2	0.0648068263401337	0.0683109585112771	0.0894275046099903	0.0889508191549496	0.0898299108610208	0.0641362485058583	0.0635020892825669	0.0576769529369472	0.0493473727822939
72135	85+	2	0.187528896089875	0.141067381833834	0.134586546521446	0.156173281928494	0.149115374777669	0.149262136105569	0.139357891916689	0.123673973067861	0.114922603607566
72137	0-4	2	0.00377712382070785	0.00294109188756719	0.00333556087358887	0.00215664846709892	0.00214954939727069	0.00245429465878975	0.00138865841958845	0.00153754414541736	0.00152868645463232
72137	5-9	2	0.000155307295678991	0.000287548157487523	0.00034145864939609	0.000215773013535792	0.000177070439716853	0.000196631431321749	0.000241404123766715	0.000139188244230098	0.000186406258495275
72137	10-14	2	0.000464492071679957	0.000490475560660628	0.000368639066484443	0.000499116039230231	0.000276505683040611	0.00023976244918206	9.64966495190152e-05	0.000199728112654733	0.000250092914943313
72137	15-19	2	0.00120939418939236	0.000842357591009766	0.00153606878216025	0.00228023853828182	0.00120043199156702	0.00127246180581569	0.00132307526744669	0.000582167356255732	0.000672728612435532
72137	20-24	2	0.00228093578482944	0.00260030912966181	0.00374345692148429	0.00391731099924965	0.00339205006317075	0.0028197449091634	0.00268157000459706	0.0025249362113536	0.00274962795888625
72137	25-29	2	0.00225416436839819	0.00370053808754941	0.00467976460437903	0.00335260301319187	0.00382127376294892	0.00289040471318978	0.00339382631758708	0.00300142087491692	0.00305788529346389
72137	30-34	2	0.00229583516479949	0.00354449647202897	0.00575505657128362	0.00393776652609423	0.00364252621292261	0.00285540915148388	0.00331352946786329	0.00285990640322847	0.00350646248999043
72137	35-39	2	0.00313756848948781	0.00424173747207287	0.00592983206681027	0.00565395102062693	0.00379383412265385	0.00289606074504197	0.00251937525697334	0.002411756112782	0.00314398778867143
72137	40-44	2	0.00269521457374431	0.00456943982193821	0.00575523422476453	0.0063712894254241	0.00429421396787763	0.00372673361378071	0.00291435723819174	0.0032806300338139	0.00486312540971189
72137	45-49	2	0.0056165810050287	0.00593988437290706	0.0067357400139882	0.00581512798514345	0.00586403059122618	0.00539223681773907	0.00446880277055827	0.00440822362431723	0.00521316077177663
72137	50-54	2	0.007127773960873	0.00969206155261629	0.00849360038284229	0.00871589206807596	0.00650957270060274	0.00858011768068268	0.00684545707167036	0.00650426663516181	0.00639971382300538
72137	55-59	2	0.0100369938485187	0.010986760232942	0.01036888031166	0.0126820391436816	0.00990512941814123	0.00977422859453489	0.00962666436476975	0.00933028637534289	0.0093868255803195
72137	60-64	2	0.0198368485477495	0.0175739185327346	0.0143865872135787	0.016185244671797	0.0151506192592451	0.0147335232456424	0.0131809439935371	0.0123854342335495	0.0132516054641497
72137	65-69	2	0.0249150723351179	0.0248098788949858	0.0268318936054324	0.0228721514183348	0.0211672983328062	0.0191037404064271	0.020087716260909	0.0198398637354725	0.0164065584158615
72137	70-74	2	0.0383476123766216	0.0407138588596629	0.042568028457061	0.03366968287059	0.0265721200300972	0.0284110770979939	0.0294727089711474	0.0224904912101086	0.0267460932344446
72137	75-79	2	0.0509916667930056	0.0648702950717792	0.0547981293719097	0.0542772116070252	0.0477352644997746	0.0477629748428891	0.0398215256090936	0.0343314037421334	0.0366689524909753
72137	80-84	2	0.0842501677509643	0.077893317751873	0.0886781939680476	0.0762167163133499	0.0821347354523687	0.0761257419540177	0.0629686373348756	0.0622384457445362	0.0605037073243926
72137	85+	2	0.161168261432089	0.159680571479397	0.151059699348257	0.154746736529841	0.14504843211362	0.139431758039822	0.132398709336949	0.115653159183427	0.117145274272447
72139	0-4	2	0.00285311886412447	0.00253825001460432	0.00238083479365148	0.00250334759331803	0.0018116037456749	0.00126763621851332	0.00158556111313168	0.00114019924349961	0.00177548290900271
72139	5-9	2	0.000297747874201353	0.000225641001705799	0.0003407113101356	0.000387846466561339	0.000207376117073941	0.000164303313321268	0.000118348128261858	0.000140764704494436	0.00043556547010363
72139	10-14	2	0.000385821230407502	0.000291866084416864	0.000341304817832856	0.0003381993234663	0.000153917859945731	0.000217638208935519	0.000239123832056906	0.000211332487135491	0.000346508959440673
72139	15-19	2	0.00151112503467144	0.00132465310579683	0.00150993915228664	0.00187127240052308	0.00160812715004352	0.00118956063223821	0.00112633653686683	0.000412097255534764	0.000304697521292388
72139	20-24	2	0.00203574724658742	0.00181625547982316	0.00281054896101231	0.00278163033664424	0.00252072761788809	0.00294169799154852	0.00164108147221802	0.00187485457661475	0.00195873460370778
72139	25-29	2	0.00193261335005275	0.00324112499981621	0.00373145287259993	0.00335250071960658	0.00247300327753044	0.00381175522926566	0.00230803512649263	0.00270396749243616	0.00263347951159374
72139	30-34	2	0.0022779076015346	0.00313865206685502	0.00355709053914176	0.00275345433854596	0.00147746192160474	0.00238337666032941	0.00228420365180951	0.00299073886560202	0.00296348882618133
72139	35-39	2	0.00265651626543398	0.004476408863818	0.00561151543877228	0.00333971108548966	0.00320397891584856	0.00254904634271311	0.00351004873531775	0.00292320792616147	0.00236745840764864
72139	40-44	2	0.00408085974647242	0.00418018736588258	0.00565348872915383	0.00460100828655134	0.00439057883056983	0.00218205375498152	0.00220251142429496	0.00266118924254747	0.00215297670322384
72139	45-49	2	0.00396743021557843	0.00455684180688002	0.00558043613681436	0.0055046246697159	0.0053624608054332	0.00499740685394956	0.00292920540214159	0.00355268188463007	0.00471270738723142
72139	50-54	2	0.00930766090637006	0.00995154070271425	0.00748228208292221	0.00811821968137565	0.00750813457580848	0.00562289119371984	0.00461174717156539	0.00425603890834857	0.00552633714421046
72139	55-59	2	0.00979690651957346	0.0091666905588925	0.00930185433341667	0.00887447155170645	0.00874887699004882	0.00858132243203246	0.00801212790455582	0.00589831920203873	0.00896663293728821
72139	60-64	2	0.0135647440102824	0.0177923876249696	0.0161293720320514	0.0154644246586315	0.0133293244124726	0.0119904775789455	0.0129616256837695	0.0097009438255421	0.00935970993242659
72139	65-69	2	0.0296602064544752	0.0257808861658224	0.0233955977805509	0.0256983325539387	0.0169050016275834	0.0190523775242114	0.0151700442306077	0.0138395307715304	0.0163893994385008
72139	70-74	2	0.0417401192614546	0.033630768264212	0.0326115185632168	0.0349651076270251	0.0277742744760574	0.0274362196644812	0.0239517298543771	0.0217190093630611	0.0222354028360477
72139	75-79	2	0.0374455285050336	0.0487950070410642	0.0471985408022585	0.0451098079644875	0.0527266810070836	0.044364985751897	0.0390887335904408	0.0286398682874532	0.0308729611279957
72139	80-84	2	0.0725367381880008	0.0798457474639249	0.0701895138742353	0.102295799034651	0.0718071527333897	0.0647210599669937	0.0594687412090162	0.054957268212734	0.0529689537815064
72139	85+	2	0.144484428770598	0.156045026758187	0.121927258920474	0.141356087662256	0.139081511247585	0.122611170369735	0.126153036851208	0.130364935757748	0.120981392968362
72141	0-4	2	0.00438278787365238	0.00314962563032188	0.00229456032436785	0.00187370437647659	0.00163856157590314	0.00144605810238491	0.00167805402245977	0.00252431527099102	0.000858217950289651
72141	5-9	2	0.000247226196348761	0.000164323822792684	0.000172365783064202	0.000178704937766042	0.000294932003757775	0.000476886480247414	0.000262156081664721	0.000312933963859518	0.000393697785869543
72141	10-14	2	0.000310578156386296	0.000242715044059457	0.00025868134580028	0.000169223479140187	0.000387571065347513	0.000195390606411791	0.00036944788699458	0.000282142058700129	0.000335762470712213
72141	15-19	2	0.000961619357429182	0.00109059185819192	0.000264521900649467	0.000830243228077136	0.000757649153486598	0.000925067724416375	0.000478560393808399	0.000944763344520974	0.000299513889209317
72141	20-24	2	0.00191366740807251	0.00204564759036696	0.0023512236698468	0.00142428162643568	0.00152553364320568	0.00111489179792241	0.000982568323523321	0.00141026382857856	0.000497790111437085
72141	25-29	2	0.00341280232997308	0.00240878667296652	0.0025623194699078	0.00146492782645867	0.00148394592178562	0.00283143060487791	0.0014853963539348	0.00198752680183578	0.00220561538152566
72141	30-34	2	0.00185495791647797	0.00212696326560818	0.00193712678796621	0.00237323259675248	0.00134935138044394	0.00357538004657394	0.00162138405227726	0.00190820113166065	0.0024143694087139
72141	35-39	2	0.00340930500046646	0.0032091519972595	0.0040572485166883	0.00379780790340137	0.0019153915721861	0.00333042254461946	0.0027699560581098	0.00178191018757598	0.0031529997548492
72141	40-44	2	0.00309099814298701	0.00254508857474466	0.00416823597612661	0.00405406569749318	0.00211871413427425	0.00279210703551461	0.00250102289738916	0.00354864628143255	0.00601643196923662
72141	45-49	2	0.0044871220838041	0.00880661291529881	0.00563569548333711	0.0041246869950009	0.00395182238361688	0.0054561054371564	0.0045067617376104	0.00380122861110612	0.00271290582948041
72141	50-54	2	0.00819406433578388	0.00696834439179253	0.00705572646374442	0.00502227308300358	0.00584077295021022	0.0055950612542414	0.00568145905192675	0.00532073861047319	0.00513384655231237
72141	55-59	2	0.0113469288754647	0.0132967845839352	0.0112139435316242	0.0147459258637276	0.010813315155124	0.0102581534101215	0.00947917007578852	0.00752942228938834	0.00856339024658877
72141	60-64	2	0.0143847103896319	0.0157974875205813	0.0153055878257846	0.0211021992746437	0.0139596248521216	0.0136836273707704	0.0106730495123369	0.0116076084478599	0.0126125971045811
72141	65-69	2	0.0240591859468229	0.0184244630333863	0.0273942994683212	0.024965487527436	0.025441138369522	0.0185007501639247	0.0205998106081205	0.0163374647349442	0.0130181001001089
72141	70-74	2	0.0325590829565952	0.0386451914572096	0.0365395789910319	0.0335357158113688	0.0328897436609189	0.0361872097143386	0.0288656873691926	0.0213523173049332	0.0220444549908361
72141	75-79	2	0.0563418894196493	0.064346175825437	0.0477783104640587	0.057323795587627	0.0473060023269314	0.041148870454908	0.0495655730356425	0.0317085894133644	0.0296744364643227
72141	80-84	2	0.0909079634684521	0.0885455542818828	0.0853692043608933	0.100630506237305	0.08596653316904	0.0863695552443595	0.0768766235138483	0.0558016988388242	0.052396460539765
72141	85+	2	0.182072704068374	0.117704136921402	0.162870641149036	0.153422059976014	0.164516808393043	0.149768462757589	0.130040645161329	0.130251489502666	0.120089179464191
72143	0-4	2	0.00316938483399161	0.00285455731410448	0.00350716779191847	0.00253524433406554	0.00299807563120176	0.0014719321546723	0.00196815160190751	0.00208760903312198	0.0015890757535593
72143	5-9	2	0.000517900443446464	0.000860459996605484	0.000282016396640486	0.000391416904460909	0.000275898495965167	0.000287546436078062	0.000194576848628125	0.000235258349325136	0.000311744856690112
72143	10-14	2	0.000489220019103202	0.00036364844476927	0.000463851800806267	0.000369837345693894	0.000166275039619172	0.000385474090619094	0.000301945763860568	0.000358565584606011	0.000266601248074899
72143	15-19	2	0.000887093961380214	0.000996404495343127	0.0011156127049996	0.00273681843124222	0.00102396571692028	0.00115159813558977	0.000540733018041989	0.000593427551553072	0.00101986048096631
72143	20-24	2	0.00171544198415105	0.00271960834999147	0.00232905489896772	0.00342749737976972	0.00197426272735996	0.00314519914395305	0.00240383994398996	0.00137129912444422	0.00174156242803575
72143	25-29	2	0.00280192463474689	0.00271215723930923	0.0025744487978699	0.00288693098855414	0.00213920651522829	0.00269063140392964	0.00141216239681383	0.0020077338526389	0.00100909568127957
72143	30-34	2	0.00133509465186322	0.00500988580847176	0.00565723972898664	0.00347810019582444	0.00266841064200406	0.0029464338965483	0.00341945641512748	0.00206823291426558	0.00391334691379779
72143	35-39	2	0.00298890267557759	0.0055655000761457	0.00631579780286384	0.00379007606803734	0.0042963301197025	0.00377807645115971	0.00222379472945948	0.00229704046179237	0.00308265777859749
72143	40-44	2	0.00411491579514321	0.00412754101561347	0.00496822840323513	0.00578301234128232	0.00383715369612622	0.00427897148319998	0.00322343737352309	0.00342574709374516	0.00424505866258448
72143	45-49	2	0.00739369163585472	0.00410384907596741	0.00652369719445632	0.00610274521367141	0.00498602996209545	0.00774923983432419	0.00494700909476111	0.0027352566822024	0.00631947015808935
72143	50-54	2	0.0108841918619554	0.00754838546911019	0.0116040706808391	0.00645328101915774	0.00768179025431518	0.00626937029224574	0.00446270235489227	0.0047452116845596	0.00659044914962634
72143	55-59	2	0.0121767554966977	0.0138733828055054	0.0136657978113889	0.00871110813288818	0.00954774296551698	0.0111333925934141	0.00994490514675829	0.00542366443654336	0.00714466378171379
72143	60-64	2	0.0195371573107964	0.016556538945332	0.0165826642794525	0.0127635774095782	0.0148959157398744	0.0137468298444573	0.011004393861713	0.00904057201008588	0.00992758117666299
72143	65-69	2	0.0239402843499003	0.0242782782272287	0.0224905539795034	0.0263270689899678	0.0252726528595151	0.0244446610025495	0.0161305698735905	0.0154974738747079	0.0111605300488258
72143	70-74	2	0.0331990743310879	0.0314858606429973	0.0398447633466893	0.0352033321252077	0.0372225705996781	0.0265087551927418	0.025110609372079	0.0221904175033082	0.0220028589801183
72143	75-79	2	0.036098803560876	0.0539141837209659	0.060977484794207	0.0563091748887632	0.0425854060488684	0.0366381497601856	0.0395587587082692	0.0369788823258001	0.0305025121517472
72143	80-84	2	0.088133295672417	0.0794267410686408	0.0847266150479417	0.103730859053372	0.0672909238975948	0.0770237001266967	0.0634699847897291	0.0508541825305715	0.0434987995794844
72143	85+	2	0.204198234195971	0.142846165606208	0.145622343741044	0.169825449063676	0.137787965961851	0.138759217401266	0.140506404479044	0.130805388498374	0.099825628589717
72145	0-4	2	0.00298874321053733	0.0031250752542935	0.00388298687884807	0.00258704294290732	0.00198400664457561	0.00238729138031785	0.00145206612477387	0.00168251863238937	0.00153916764539853
72145	5-9	2	0.000251553230069345	0.000322034784411404	0.000182103943627479	0.000314895194202053	0.000316753819644492	0.000125597257243193	0.000230367079167583	0.000179736809771164	0.000220089505003259
72145	10-14	2	0.00038264791423382	0.000438589068198551	0.000371728677142232	0.000387971386804434	0.000252150359016909	0.000265903571511233	0.000296208838220805	0.00015386270137561	0.00018759414752872
72145	15-19	2	0.00109785168045787	0.000983131953737321	0.00120161522975529	0.00147576736822219	0.00105582753842321	0.000662722530458242	0.000702350633020924	0.000616143743245394	0.000481018598278184
72145	20-24	2	0.00214050206759531	0.00217305393171748	0.00245411850555172	0.00327576775893104	0.00284835453330552	0.00258723733297864	0.0024379967610934	0.00171952627569195	0.00204925680457899
72145	25-29	2	0.00343412773557909	0.00229049106600081	0.00402437510342518	0.00305558616844626	0.00319903238602886	0.00381857424567885	0.00292457345900544	0.00189886534691199	0.00420004174234151
72145	30-34	2	0.00237301375680077	0.00305603554765312	0.00616189426663785	0.00412208160635289	0.0036346666678659	0.00396479844309524	0.00278901100158579	0.00319108936901347	0.00435361222462928
72145	35-39	2	0.00421096151904232	0.00468800569166295	0.00569398386589288	0.00555876771740028	0.00373402936600807	0.00334988933046663	0.00337410284416784	0.00189646242796115	0.0041756992813835
72145	40-44	2	0.00488957402514694	0.00743263801333126	0.0058767259559276	0.00487993797750833	0.00627998964173525	0.00348429184562599	0.0027213511656303	0.00404762740961153	0.00688935581055018
72145	45-49	2	0.00721507299862567	0.00801053640706339	0.00572196750533571	0.00939837301800551	0.00627132480570858	0.00680148698319849	0.0071497124395989	0.00497023883674256	0.0065295179153178
72145	50-54	2	0.00898099993483352	0.00805968672654449	0.011473470415092	0.0098649387772372	0.00733101130932477	0.00920704629381752	0.00624303619906329	0.00590454370331657	0.00555998433920861
72145	55-59	2	0.0118002477134001	0.0133669306976278	0.012702576165254	0.0131126877370574	0.0103406073576275	0.0100115220764948	0.00770729895261081	0.00763057259279425	0.00999370365507266
72145	60-64	2	0.0181237613916297	0.0213706385660334	0.0196069325771367	0.018021642262303	0.0177972017183454	0.0132065340055755	0.0114009174600699	0.0118450492273838	0.0109749969801693
72145	65-69	2	0.0229144655113349	0.0222379592423134	0.0280242486288347	0.0243756367371827	0.0229710619476625	0.0213610962108446	0.0185959503629135	0.0169554618481609	0.0158622234480545
72145	70-74	2	0.0393902929917954	0.043901180370835	0.0437418242266698	0.0423913085972027	0.0333966525772343	0.028339995647449	0.0272007876104337	0.0251254240748137	0.0235240208700543
72145	75-79	2	0.0489503534596389	0.0486499977708687	0.0575207924240919	0.0578871602037704	0.0627420299680961	0.043082724524358	0.0415057204720845	0.038333796479953	0.0320377231634218
72145	80-84	2	0.0783617371485723	0.0784881967384303	0.08603206885327	0.10808993733033	0.0997406674314528	0.0826432183267508	0.0689716062735851	0.064770679121345	0.0544514065445559
72145	85+	2	0.175589025063329	0.145251633842544	0.149007973917837	0.151725421683398	0.15518578609659	0.152288193253168	0.122601773804483	0.122918407882175	0.106009168218586
72147	0-4	2	0.00626608275602212	0.00526560028984638	0.00452897293530803	0.00273439363077367	0.00291648590117246	0.00320268196488964	0.00222835548846485	0.00356981127950669	0.00508016709234243
72147	5-9	2	0.000621810216225703	0.00108872083250986	0.00108261834042457	0.0010285876543437	0.00059043571334492	0.00066320530953324	0.000744340364332157	0.000810495545991517	0.000968446762817254
72147	10-14	2	0.00183159983756913	0.000995075518752181	0.00100901180639896	0.000988736642095493	0.000979991865406821	0.00107888875597835	0.000731102765131774	0.000826898929160187	0.000889032596785821
72147	15-19	2	0.00180556609142336	0.00144792837388386	0.00104713453225964	0.0015479553516717	0.00315342846028155	0.00158873255464645	0.00284673964994783	0.00143994024049177	0.00575655947124526
72147	20-24	2	0.0012941950980453	0.00165105172251835	0.00112413600145702	0.00182997419830332	0.00361442210495913	0.00284862994430526	0.00995088515282655	0.0053108139069695	0.00679444991244856
72147	25-29	2	0.00302737712415168	0.00326669520377632	0.00375124227882586	0.0053358744057219	0.000784951853817545	0.00598254812428754	0.00507616045270142	0.00418921760911012	0.00774029943663998
72147	30-34	2	0.00249186176475848	0.00610264642765311	0.0102142560366589	0.0100382665472427	0.00209108444453978	0.00366207664305543	0.00591239217166251	0.00542728724168646	0.00430474152542856
72147	35-39	2	0.00350333610559942	0.0064912995965293	0.00540285870080417	0.0102789521193367	0.00686914327805545	0.00588722657245785	0.00439817540023764	0.00349913466999654	0.00687393486804638
72147	40-44	2	0.00927455634145065	0.00325611996655191	0.00452700754255337	0.00861280653632485	0.00937224793949431	0.0076396211118819	0.00830315543731978	0.0074944758872916	0.00823576512306822
72147	45-49	2	0.0174101280747456	0.00740644167116732	0.0066785026879902	0.00618480203363978	0.00787265377540679	0.00589735718387826	0.00616374008535388	0.0101324709359101	0.00823911143660832
72147	50-54	2	0.00964031334407205	0.00731506106154289	0.0114129439542779	0.00865112156513012	0.0107445727146455	0.00945123791431118	0.00679708506357889	0.00804507194680491	0.00769468031128547
72147	55-59	2	0.0142840338837923	0.0195546379941977	0.0162899500851617	0.0161737711032667	0.0125971175859248	0.0126748663414266	0.00883147605219615	0.0109224223159828	0.0138012183349411
72147	60-64	2	0.0219457684590629	0.0181480486801696	0.0241784623206894	0.0214369721980681	0.0184255259444566	0.0243164460948792	0.0110590358306647	0.0140162662174672	0.0131715004616461
72147	65-69	2	0.0281498519882574	0.0278226333007502	0.0210262047182408	0.045510487689691	0.0301244118023911	0.0114254395855557	0.0248966571713904	0.0255471096828894	0.0241884022551526
72147	70-74	2	0.0491621681326527	0.046140913070343	0.0325768676480037	0.0481904264901946	0.0228307636244865	0.0264995888016598	0.0235822993182153	0.0259008503791972	0.0199265268753585
72147	75-79	2	0.0582712516767337	0.0792992784302109	0.0476949332882796	0.0537667693475951	0.0643493232077215	0.0440947033798946	0.0345066937666929	0.0179699102056663	0.0329554544934723
72147	80-84	2	0.0920591917149986	0.102360368384216	0.0802289382376849	0.099430292451213	0.075650516137348	0.0939968977018893	0.0544968102812814	0.053022183330645	0.0564740849685114
72147	85+	2	0.204460660538498	0.198146114315079	0.171249787415952	0.137124240055131	0.156903465597283	0.185703827949838	0.117360366172643	0.119347485023444	0.0804917412546845
72149	0-4	2	0.00568899305815726	0.00317563002003468	0.00322993493609527	0.00342326598193432	0.00222181581804815	0.00286951941985963	0.00118282839678231	0.00256171825504237	0.000939408204825024
72149	5-9	2	0.00102079770671047	0.000328968072450275	0.000205054825156326	0.000324212037875791	0.000333785072955672	0.00024435784069276	0.000313197169799202	0.000386676821032033	0.000481126220885322
72149	10-14	2	0.000338352279757324	0.000461311955647765	0.000854826393553033	0.000200646422747547	0.000450853841459331	0.000360541065778438	0.000423174361171728	0.000578795502687777	0.00101384071936658
72149	15-19	2	0.000919171293165674	0.00151854335507911	0.000610442512074023	0.000827941719626781	0.00134419045037204	0.00125282255347158	0.000650149238020092	0.000446428729739498	0.00112908146922601
72149	20-24	2	0.00092185725200515	0.00136456646076041	0.00143269210722907	0.000532709236819169	0.00196905316143106	0.00119695019442141	0.00111970316734616	0.00155428963546873	0.00155824106416324
72149	25-29	2	0.000859819176400369	0.00147577734029435	0.00131403730385921	0.00154831012443346	0.00114369820024043	0.00204590836017183	0.00222702043474321	0.00195334961024475	0.00207212916221405
72149	30-34	2	0.00182049605942864	0.0023839938621309	0.00336605618212988	0.00179687063663559	0.00201532257122431	0.00171934424343985	0.00214028690258704	0.00292639321004336	0.00276998034649327
72149	35-39	2	0.00257986272362329	0.00378474418724469	0.0024816034593926	0.00337575943114739	0.00260786097585032	0.00401445765864232	0.00242525370920284	0.00188851567021975	0.00365484985000571
72149	40-44	2	0.0021527068389656	0.00611900209064437	0.00479724131534036	0.00402543062026116	0.00416262431956632	0.00332946756107674	0.00243165817953447	0.00231108392088376	0.00519018776731902
72149	45-49	2	0.0074648790246601	0.00763306197325361	0.00660233566021676	0.0022025946064018	0.00416971908583762	0.00611280649636048	0.00321006781296698	0.00203343690377192	0.00485341610906936
72149	50-54	2	0.0140494287648402	0.0109331436900558	0.00527699824259775	0.00694110641517853	0.00762328635150443	0.00586151283516693	0.006509664163989	0.00636847420037623	0.00391006264754459
72149	55-59	2	0.016713832275975	0.0143282974205672	0.0100018798737412	0.00864440627241468	0.0080290826696852	0.00934554697328704	0.00619993580087682	0.00896650043413603	0.00796982695101978
72149	60-64	2	0.0127456347659971	0.0227174902487257	0.0157086096620701	0.020168329095528	0.0125892453969211	0.0143074688122801	0.0134324096567243	0.0122159284357647	0.0153697357153477
72149	65-69	2	0.0287078431326021	0.024889985817266	0.0239048550418704	0.0228354279317434	0.0199519443016282	0.0199340814929008	0.0216547696158477	0.0168401099052859	0.018074838580812
72149	70-74	2	0.0410102170531796	0.0454919737546719	0.0519221399120923	0.0417177020198859	0.0300233514809671	0.027153444833821	0.0342020916311335	0.0230082892985006	0.0268703015135569
72149	75-79	2	0.0534303342100105	0.0549350793608773	0.0637710094815076	0.0435270662926371	0.0423939027487148	0.0435780658890078	0.0378752220634492	0.0435253124014576	0.0410829768479484
72149	80-84	2	0.0898096498321384	0.129854648812902	0.0921285859540768	0.11773609802077	0.0920230628271356	0.0810070970572824	0.0583891827413686	0.0576759828844475	0.0595481040520929
72149	85+	2	0.241242196951665	0.219943938872467	0.138753419976246	0.140976785909639	0.157467584132883	0.151753565140498	0.131974978676058	0.128900902250609	0.117561313246884
72151	0-4	2	0.00493568497666864	0.00284147576155612	0.00375519387439106	0.00344977316880773	0.00231443616586355	0.0020141689069605	0.00265282209195345	0.00185650770462036	0.00283301037658444
72151	5-9	2	0.000252683922147047	0.000455692688173656	0.000262982299981878	0.000276158697341037	0.00028575028922691	0.000194280193939552	0.000363691460896586	0.000284045564033163	0.000723353135139913
72151	10-14	2	0.000329891756073191	0.000574196901214599	0.000582533148607976	0.000452886132908613	0.000380783910878552	0.000291189776842739	0.000207512643363699	0.000273173860034525	0.000356394606770858
72151	15-19	2	0.000861544180116635	0.00135520924197738	0.000947183914562005	0.00194449599475773	0.00093514604678888	0.00164328907484856	0.00143789149158352	0.000535211806016912	0.00113617017061931
72151	20-24	2	0.00219790422586327	0.00203458044909803	0.00153042215801999	0.00218154260153771	0.00154939232718889	0.00234273229334648	0.00329024678523562	0.00270595307737466	0.00194979198299316
72151	25-29	2	0.00155618239035851	0.00205144983445535	0.00249424472177038	0.0018008967868027	0.00253566051310168	0.00356232731430584	0.00349733908092396	0.00302973319070945	0.00412560662339874
72151	30-34	2	0.00263280140196254	0.00204549009995235	0.0035127842659706	0.00292134505518584	0.00245231178498365	0.00273110480078915	0.00235594731697586	0.00408454381435178	0.00409915967669884
72151	35-39	2	0.00240077579302089	0.00421719516591725	0.0036029925496952	0.00449305538687194	0.00228198835294645	0.00355440602229652	0.00226221249821725	0.00322153638677	0.00424396799570884
72151	40-44	2	0.00602425530611601	0.00470978626404783	0.00533735741795561	0.00582522170083747	0.00355472358800226	0.00317306622847782	0.00309782415239154	0.00367613096611295	0.0053369779908334
72151	45-49	2	0.00335726879997869	0.0048827364760487	0.00464935248565084	0.00603181758273646	0.00541523132429239	0.00399163677966987	0.00407871778599723	0.00475790825856042	0.00487830253756428
72151	50-54	2	0.0123253339123991	0.011704337455617	0.00780017194343228	0.0112444683634394	0.00778504236017713	0.00676150281520867	0.00587088880641951	0.00463796024657401	0.00567947552908751
72151	55-59	2	0.0181888119276017	0.0142638090629416	0.00738811172736904	0.0148693205768133	0.0125425347972755	0.00787085169921897	0.00656140370267516	0.00774839228892702	0.0100700233156719
72151	60-64	2	0.0227284872103123	0.0233028055813336	0.0204534238324589	0.0190996347780021	0.015439816368268	0.0116649591479204	0.0096386551207273	0.00876079668074269	0.0113108404337956
72151	65-69	2	0.0277045702640425	0.0267718484966589	0.0252807911209937	0.0216848496911671	0.0182221204281308	0.0241843966036533	0.0127029515545873	0.0146693773006739	0.0133979402967481
72151	70-74	2	0.0509196665783641	0.0422155232394185	0.0424341454463541	0.0438325001780712	0.0339072879649348	0.0260234767306043	0.0314892257477841	0.0177238879684286	0.0229298606215424
72151	75-79	2	0.0333841851282143	0.0563884483136285	0.0544681012518726	0.0602557127903255	0.0472061645189821	0.0505323969228979	0.03847523320171	0.0381350222496986	0.0370954657552886
72151	80-84	2	0.110552310824729	0.0756623909997088	0.0929547561760069	0.0908367258703021	0.0672936732900645	0.077346537800154	0.0774622612778812	0.0518723326163125	0.0549458930888099
72151	85+	2	0.174503323881361	0.154267197162531	0.143855870768289	0.159095872323567	0.1452599884347	0.125345349947365	0.15346082663001	0.137521785455154	0.139486950409292
72153	0-4	2	0.00507010659219953	0.00553177500463013	0.0044045598314701	0.00401837231821877	0.00389246331345778	0.00344709569409626	0.00310277548515185	0.00203219365709106	0.00386756047626214
72153	5-9	2	0.000140719031860886	0.000216560995308855	0.000391625023689022	0.000149953517628028	0.000348031724098227	0.000179704261277332	0.000209198537066929	0.000842289385938035	0.000378465084395243
72153	10-14	2	0.000379561902111723	0.000619332678637419	0.000208730611806591	0.000379973010279196	0.000576134267413391	0.000249932354154659	0.000307325813957667	0.000387200696033219	0.000300488395753036
72153	15-19	2	0.000870869563000129	0.000771689400211543	0.000949853763444868	0.00121107402918213	0.000412673768949721	0.00166227376171891	0.000904805308102107	0.000349181367873729	0.000428260862338461
72153	20-24	2	0.00120057026529886	0.00130314852775589	0.0012345451021584	0.00112855268214916	0.00258600152595941	0.00235626508657745	0.00249584020581482	0.00124314474533637	0.00196760643865616
72153	25-29	2	0.00146827792009262	0.00228146666415024	0.00220116937849334	0.00223217393728507	0.00252862183154307	0.00284202806321527	0.00234766046451857	0.0023380236257289	0.00286934739414038
72153	30-34	2	0.00142727932219013	0.00396099826583474	0.00490730035962823	0.00261817770356581	0.00168125908004242	0.00209864733282571	0.00202530682272309	0.00174018230587553	0.0027444361304195
72153	35-39	2	0.00266832668133325	0.00355036405541166	0.00239538294303765	0.00216023156199072	0.00364704431197382	0.00261302084497835	0.00256000937566549	0.00311669994391052	0.00212200251132689
72153	40-44	2	0.00456579566101341	0.00629308502385849	0.00506294425451158	0.00488607083534156	0.00298343051829619	0.00442266151048034	0.00195088092886047	0.00282001271241385	0.00411032146139742
72153	45-49	2	0.00417822454924084	0.00473422695987495	0.00543857158914963	0.00651170203056623	0.00537326428776292	0.00507547051569598	0.00409696504841405	0.00372147605652533	0.0051950357320865
72153	50-54	2	0.00978199722137863	0.00772844477746452	0.00558184751765823	0.00950173247872365	0.00800540546665558	0.008282015696496	0.00637883000646007	0.00700395953469332	0.00749682439939935
72153	55-59	2	0.0128121131322128	0.00945940291396837	0.0103095548725308	0.0124118045114104	0.00910972082138047	0.0116139993044167	0.010090614051824	0.0120952545152838	0.00973366669490928
72153	60-64	2	0.0243813614754352	0.0241597125017885	0.0173989568833871	0.0181839893237707	0.0157403334604038	0.013907238006292	0.0136350607803854	0.0142158143437756	0.0123510374127257
72153	65-69	2	0.0234854176938626	0.0313186082138272	0.0253072308466447	0.0214605672271515	0.0258792233820492	0.0200647988368091	0.018187311629526	0.0157216460043726	0.0163247245477333
72153	70-74	2	0.0452169421764447	0.050399631387279	0.0421743947858672	0.0374651624674601	0.0366871145276523	0.0364172751686836	0.0274032261316622	0.0257912026935138	0.0219858011727141
72153	75-79	2	0.0597639271033575	0.0574846213073046	0.0541705696090496	0.0552059067696938	0.0498798691723453	0.0429932535528619	0.046176281384203	0.0336538740631549	0.043870913351186
72153	80-84	2	0.115134704313952	0.122742490905937	0.109985303014972	0.105960079199489	0.0897318775905068	0.0922884166040899	0.0698941053244716	0.0609984255945357	0.0619844468833372
72153	85+	2	0.185143101353753	0.162051643611575	0.151053962730689	0.141430012038608	0.157292569825534	0.152139418774215	0.154425884443589	0.151901778543276	0.138565914264217
630	0-4	0	0.0045834662355053	0.00368190984914262	0.00353395485150662	0.00298869036375203	0.0023426566445746	0.00229749380196171	0.00210336539780137	0.00172298523760554	0.00211896535517356
630	5-9	0	0.000378561808178284	0.000333108926815878	0.000350486053459934	0.000317550925835444	0.000258473873783191	0.000250444828148868	0.000274708777292035	0.000290491687093002	0.000375980842882429
630	10-14	0	0.000474039408215983	0.000454253240892707	0.000415534338923448	0.000430107665996649	0.000337483618991561	0.00030900552793064	0.000280481492355156	0.000284899905371865	0.000317039271910405
630	15-19	0	0.00119514355714235	0.00112253488734559	0.00164859630337504	0.00175553702194795	0.00129684664343844	0.00119330891484495	0.00112592959118925	0.000782101768172766	0.000858112646253347
630	20-24	0	0.00193007631059307	0.00214266061216025	0.00274782447523663	0.00286148780601772	0.00255209200040255	0.00254157489060877	0.00258613702228771	0.00211091262057818	0.00187680105805423
630	25-29	0	0.00238088052465045	0.00296769407821064	0.00369251781135521	0.00304801199308127	0.00266296289345519	0.00289468634287585	0.00291717305364229	0.00259718200640743	0.00265724472664631
630	30-34	0	0.00257578689149983	0.00386247515772183	0.0051470008435865	0.00414191928039488	0.0026307794574416	0.00278771962439754	0.00274157143392015	0.00280572078877621	0.00300896014740621
630	35-39	0	0.00332392696655031	0.0047258093387759	0.00609484392899439	0.00493299637132547	0.00347334488941223	0.00297069182412715	0.00265716379262606	0.002838605399728	0.00347473584602077
630	40-44	0	0.0042059893483064	0.00526190290191285	0.00651769779735703	0.0059605401641779	0.00423868458267682	0.0038248518034317	0.00318292143771902	0.00332521819748147	0.00423136140042731
630	45-49	0	0.00603051326343807	0.00628447273739545	0.00733404461665846	0.00721682416840589	0.00579472543070859	0.00525418717166983	0.00449923277646896	0.00410622653701908	0.00475644449863244
630	50-54	0	0.00887547341386917	0.00886323874886472	0.00885282312219972	0.00899924211888932	0.00770246486929438	0.00751484033782977	0.0062967032285929	0.00614017380931794	0.00634238823595765
630	55-59	0	0.012573647933187	0.0127923381768162	0.0120991753571013	0.0120215760790267	0.0107218710878008	0.0101907850971002	0.00931293684327599	0.00866529496281343	0.00883346957101718
630	60-64	0	0.0194771682487456	0.019523152227724	0.0182458638574427	0.0175585442454089	0.0153519536018089	0.0143362454182967	0.0127050442501364	0.0117439803175492	0.0120621751452474
630	65-69	0	0.0270498277577161	0.0267306860222525	0.025692222658192	0.0239601374686869	0.0218981032159192	0.0200822330320203	0.0179364833238232	0.0166401627787116	0.0163875733976347
630	70-74	0	0.0419829416430968	0.0419645157999107	0.0399115377845439	0.0387047416102098	0.0325809467187501	0.0289447949471514	0.0260950139790524	0.0228909892014311	0.0237204491123673
630	75-79	0	0.0552694928421955	0.0587174598323188	0.0548225009936044	0.0557527126177328	0.0508221519094816	0.0443821517611867	0.0408471630086807	0.0356264132563077	0.0366115681022902
630	80-84	0	0.0929418686877727	0.0881113019723578	0.0897111034620597	0.0920303247199268	0.0783217678316387	0.0728406133148207	0.0668604843240316	0.0572577537531919	0.0565658563109774
630	85+	0	0.167176597016202	0.160198542356403	0.151236021108096	0.153967797405636	0.149887090415821	0.14650115202376	0.139303458414372	0.126324259815404	0.118805462600033
