reg_code	age	include_code	1980	1985	1990	1995	2000	2005	2010	2015	2020
72001	0-4	2	0.00439105858099345	0.00302722671284292	0.00311678217746514	0.00357923573521039	0.00280587270598015	0.0021416480617944	0.00231269507206821	0.00220469700545374	0.00231671398260594
72001	5-9	2	0.000203767141656417	0.000230343999226386	0.000227983242610971	0.000212734186365039	0.000190303303993703	0.000171405699428405	0.000165210052218597	0.000143588453364119	0.000149428118913232
72001	10-14	2	0.000270992432344286	0.000292788924563683	0.000290388953793243	0.000270594535461306	0.000219527814050499	0.000208139137645247	0.000190926932006257	0.000175036220927607	0.000182067537136636
72001	15-19	2	0.0010124022280372	0.000853239985469981	0.000887516196140343	0.000983203713373921	0.000821360462878127	0.000717310750522611	0.000614432550408608	0.000631116644476827	0.000599683785326308
72001	20-24	2	0.00139174857596739	0.00160695908454469	0.0015963542333216	0.00163356512216279	0.00136492269617157	0.00148538093752459	0.0010653918889244	0.00110108745579529	0.00115274509471867
72001	25-29	2	0.00181924196090764	0.0023013496923242	0.00228052843082782	0.00247513862937373	0.00172293362329652	0.0016730622727581	0.00158453318293177	0.00150404733760685	0.00150026710650174
72001	30-34	2	0.00223901938089734	0.00253721626549004	0.00269497648664309	0.00306920392356858	0.00208559209322557	0.00192173814071915	0.00184644287910138	0.00217813230172142	0.00162171862103605
72001	35-39	2	0.00281047965338437	0.00368312477307083	0.00381422699804285	0.00294055974714998	0.00262182366188826	0.00247054219443487	0.00233990103757142	0.00184117409634245	0.00201579169436721
72001	40-44	2	0.00360068501947857	0.00426544674392611	0.00447811574429784	0.0039458982109106	0.00302896436657557	0.00364041601445954	0.00246657551336423	0.0027109808288115	0.00263855531341136
72001	45-49	2	0.00555448239550169	0.00556952883891155	0.00546330465792701	0.00471921396560046	0.00385826509732569	0.00413111593918395	0.00374411988545025	0.00327641301891492	0.0040669001954592
72001	50-54	2	0.00727093535770657	0.00837188860049164	0.00768237272913404	0.00665900631703835	0.00544988008356116	0.00582439626136594	0.00493135495068459	0.00450638598339847	0.00520407048511459
72001	55-59	2	0.0108279688949933	0.0124209799127833	0.0106939445595081	0.0105573885596955	0.0104039142134816	0.00753214732979996	0.00751764481293497	0.00713484144291594	0.00767552389962917
72001	60-64	2	0.017075604393178	0.0239149114379328	0.0229499131861498	0.0209294274484798	0.0150257607375234	0.0118351027740436	0.0109630230428334	0.0132210045628927	0.00826030559649329
72001	65-69	2	0.0263780724708562	0.030723072080138	0.0292681080103065	0.0281595234341702	0.0209166505638852	0.0191645860525514	0.0171524968042404	0.0133408871624053	0.0107360348198016
72001	70-74	2	0.0418278210609415	0.0387805020126528	0.0359974904810233	0.0355417572232765	0.0338802998535088	0.0334430650704143	0.0269974120782626	0.0203227388520545	0.0231004040491688
72001	75-79	2	0.058655739898404	0.0611189651990125	0.0657876039187682	0.0528783900001509	0.0633557693066117	0.0427374862091679	0.0419125737002317	0.0298082824217208	0.0353618244362889
72001	80-84	2	0.0870734316024791	0.0874246486146922	0.0986682885612553	0.107305135758849	0.0885622228903843	0.0674899043021769	0.0751749694333152	0.0613187601376467	0.0465221468695013
72001	85+	2	0.189015308669512	0.166218761948014	0.15480088466774	0.153661144261432	0.175148057725187	0.154854125446651	0.122724402936135	0.130061137287301	0.108653489603345
72003	0-4	2	0.0036653134013347	0.00291742577670781	0.00281973869364167	0.0026424784842459	0.00223722596541951	0.00231357942557038	0.0023880830651801	0.00154512221037494	0.00214244585826077
72003	5-9	2	0.000244283245117232	0.000227213759673049	0.000258458667204546	0.000230597841043372	0.000179642192802214	0.0001887631593021	0.000150436134841126	0.000137990077748719	0.00014462361735476
72003	10-14	2	0.000330296982914984	0.000257275200514694	0.000279283211510404	0.000274909064799203	0.000205675000404008	0.000205445331394563	0.000190326193083632	0.000167390075642177	0.000174731934768321
72003	15-19	2	0.000803306408784683	0.000931393949164289	0.00092636693628487	0.00083173352623199	0.000792528490594251	0.000707152271631911	0.000592234158991279	0.000566812238738998	0.000549822274004452
72003	20-24	2	0.00131991596323044	0.00197338142565438	0.00168902385215912	0.00150247046633917	0.00131514430742225	0.00125776398757405	0.00111936093107197	0.00121088845528871	0.00114849875672379
72003	25-29	2	0.00202949835983704	0.0016907398962823	0.00211080581941721	0.00232697074880569	0.0016538719229191	0.00138491064056787	0.00172085640323258	0.00140142721826276	0.00135379719818091
72003	30-34	2	0.00234478267229528	0.00236431966560865	0.00219241144820438	0.00239514012908632	0.00206086221462351	0.00156678158175132	0.00150475613206735	0.00152921425904183	0.00170320131543059
72003	35-39	2	0.0025165033466729	0.00302334376873347	0.00347605817162991	0.00317182928782439	0.00297238917219416	0.00197040350091867	0.00217061668278832	0.00189720970920119	0.00228897172729858
72003	40-44	2	0.00330560600556296	0.00360597268627384	0.00464025255954329	0.0046710860916276	0.00321371147383542	0.00294606260846487	0.00283581243442374	0.00233142146221645	0.00291986193786351
72003	45-49	2	0.00510298064486661	0.00526389516111244	0.00463693169557487	0.00501653102659828	0.00389940550996214	0.00331069199396645	0.00338135235309551	0.003959819644684	0.00315927903835995
72003	50-54	2	0.00853944817964974	0.00742781157582153	0.00980162526308311	0.00777935720443284	0.00637883678911423	0.00646416830444308	0.00567239204027069	0.00444974168083644	0.00555067444538728
72003	55-59	2	0.00957913343408636	0.0110994333634433	0.0105316088093213	0.0116116446596151	0.00821476813232386	0.00813997379439578	0.00795707531148653	0.00716833807266113	0.0061082572244111
72003	60-64	2	0.0178210090189278	0.0163679902339361	0.0171431039908844	0.0165443336252321	0.0142969415857024	0.01026613280036	0.0129315354328901	0.00878636044761841	0.0127660064210486
72003	65-69	2	0.0257370827182887	0.0222312137841847	0.0243979539019095	0.0252570077210348	0.0215219824840439	0.0216580512223761	0.0176744758697499	0.0145325354237772	0.0192687783491092
72003	70-74	2	0.0445720547119535	0.0366980567282226	0.0328124630024948	0.038760860380317	0.0351690816534658	0.0276776485910767	0.0250952739748047	0.023929762614905	0.0213600835147374
72003	75-79	2	0.0502767868016537	0.0580196881339324	0.0512321567114052	0.0593125900578779	0.0511708190289052	0.0404904284325457	0.0440842414740375	0.0314802310108038	0.0404192677086901
72003	80-84	2	0.0841455164854588	0.0959283740625554	0.0912211168703087	0.0821720736301899	0.0682962235174625	0.0699445914438784	0.0706314967497883	0.0577189759161796	0.0609337014316051
72003	85+	2	0.173822918964345	0.173748336450221	0.181171909447446	0.150908945738915	0.174870915922793	0.177342349314706	0.141536554975431	0.124074294794421	0.116847924230837
72005	0-4	2	0.00494347685487904	0.00362443190488684	0.00389003627868857	0.00276663364079758	0.00224139677964741	0.00234727514454855	0.00216242062745452	0.00166064766337545	0.00198568094036233
72005	5-9	2	0.000248325094832868	0.00022288070400092	0.000221213868655638	0.000227396754254026	0.000214827563714724	0.000178799613318804	0.000174111480965403	0.000154072839369515	0.000170537837798022
72005	10-14	2	0.000344510711907387	0.000311429595750307	0.000352663935311792	0.00029637375649704	0.000225069480356706	0.000224570851836588	0.000199276477815059	0.000194461519291663	0.000194591367133078
72005	15-19	2	0.000849466305287777	0.000880814551909646	0.00116909594849479	0.00119404664025511	0.000935082623795987	0.000850147607334928	0.000634918094878239	0.00061305853209582	0.000703046195103236
72005	20-24	2	0.00196565501900749	0.00175550605108575	0.00187246413795735	0.00209686974470933	0.00147235723102726	0.00137161755215447	0.00152970692588086	0.00132970037400038	0.00125592648216603
72005	25-29	2	0.00252277579612108	0.00319397825231615	0.0024969679043164	0.00252104996957696	0.00160406726900469	0.00222525917653265	0.00151452794137811	0.00145003202563923	0.00176917072217649
72005	30-34	2	0.0026638237781465	0.00294617518993022	0.00305054765639002	0.00367105194116124	0.00197249350790179	0.00188258486837216	0.00184204172675776	0.00211574723089446	0.0031154564228408
72005	35-39	2	0.0031915022902945	0.00467109173997486	0.00460884629153597	0.00425483189368447	0.00330157326463752	0.0032581494489765	0.00271835737981454	0.00276904543136506	0.00288841702649635
72005	40-44	2	0.00479199484509444	0.00584832362424259	0.00469225701862595	0.00576443811698367	0.00342441515274131	0.00449144814457946	0.00317123742363142	0.00283042205957366	0.0043364649941329
72005	45-49	2	0.00626712764199691	0.00637534079218903	0.00656678790404643	0.00688997069913192	0.0053833653512947	0.00558915138566064	0.00467568570141182	0.00408183375504765	0.00495333515723259
72005	50-54	2	0.00803443802982467	0.0082217081694804	0.00830268337062209	0.0085288084780561	0.00743149444916751	0.0074941290464072	0.00699694543049772	0.00649924439523809	0.00767825793507134
72005	55-59	2	0.0125332083163398	0.0137454988504049	0.0129992641633277	0.0126843956701523	0.0117840751525788	0.00971840152205899	0.009425215155124	0.012007640416719	0.00890525358926643
72005	60-64	2	0.0177842648443037	0.0185955517527958	0.0213420062072852	0.0177062347740789	0.0165533308579284	0.0158166944668471	0.0146247285728325	0.013356149284778	0.0124291224399761
72005	65-69	2	0.0275407542130851	0.0270481401210152	0.0265767899001521	0.0278901669535656	0.0240443690564935	0.0202363946376289	0.0210329971289013	0.0207096870297622	0.0170084773931624
72005	70-74	2	0.0444100742526639	0.0404850979661208	0.042609177918163	0.0371670468027201	0.0353441813026775	0.0322623007783852	0.0273346249558446	0.0279314867197107	0.0244349231348725
72005	75-79	2	0.0557120966371116	0.059608661854717	0.0548531111144664	0.0626879487671019	0.0550552067665395	0.0514941046903056	0.0460811497525633	0.0359810328351022	0.0364354454568869
72005	80-84	2	0.0856906256952518	0.0908651356277483	0.090835312215032	0.0990941152364356	0.0945862434145902	0.0764085918758694	0.071865279447194	0.05831946813344	0.0630671740441833
72005	85+	2	0.194568140589062	0.160878731850174	0.150574685310552	0.162062887161423	0.169126473115751	0.178219950524909	0.141196381801144	0.118452853426566	0.124708818323245
72007	0-4	2	0.00405228972920691	0.00340186504790885	0.00302571497788285	0.00304080581452681	0.00258676652370662	0.00266290604678355	0.00228592778713595	0.00210263999529922	0.0022545818947619
72007	5-9	2	0.000215172977856	0.000242581456928236	0.000239601956409459	0.000213143163729908	0.000190738348795221	0.00018075077275845	0.000165992824272011	0.000152783273398496	0.000151863486197854
72007	10-14	2	0.000301086770656698	0.000278340705550119	0.000274574513248984	0.000297397711165336	0.000242746255202796	0.000229676106540738	0.000191501024212531	0.00017623534309977	0.000184530919206817
72007	15-19	2	0.000859676470030766	0.000925479506453471	0.000884670108811472	0.00105316543194173	0.000828931210162563	0.000704180367059989	0.000749325684062116	0.000564551352241333	0.000625058343508946
72007	20-24	2	0.00159807187129513	0.00163397983491815	0.00197445023664242	0.0018775130157722	0.00202183647075037	0.00154222022941349	0.00158957338891236	0.00173182983950229	0.00148948456247412
72007	25-29	2	0.00198242903205385	0.00252102598027244	0.00221698504139631	0.00235566862286341	0.0021260244394241	0.00208496446230888	0.00264345230331366	0.00163170002059547	0.00137961542813515
72007	30-34	2	0.00259678476557025	0.00257951940139412	0.00334170911113807	0.00360404807452822	0.00185678685665185	0.00262282176134224	0.00227814005826912	0.00212271005579573	0.00200524652467056
72007	35-39	2	0.00315815190791294	0.00293447886797239	0.00395249745018495	0.00377456144189706	0.00271878329133894	0.0027350302482088	0.00258116666421422	0.00268821215569326	0.00254994479542048
72007	40-44	2	0.00386542894564588	0.00396833267667359	0.00389784998402576	0.00396058369140252	0.00367855133564974	0.00365286007705421	0.00307006638049595	0.00364296266823921	0.00248102370395179
72007	45-49	2	0.00558968206185333	0.00588039970197306	0.00611103604575317	0.00502037860312341	0.00512824920679006	0.00535006327998059	0.00450984647490165	0.00359324586663928	0.00393651240050424
72007	50-54	2	0.00919912524144335	0.0100964075409487	0.00727159138546517	0.00952615201320253	0.00569792958039198	0.00736764225677068	0.00679952514387938	0.00510756434501393	0.00570152639793064
72007	55-59	2	0.0126748977656552	0.0125463156598507	0.0131674791546689	0.00972088021835708	0.0104665997508551	0.00931996635774416	0.00764902798825467	0.00886843745710912	0.00967287708966149
72007	60-64	2	0.0140855273325786	0.0171705485522525	0.0145529800161889	0.0157169538630891	0.0139924608284218	0.0128436592263499	0.0118615522773325	0.010385415081213	0.0131415420431792
72007	65-69	2	0.0303291788241643	0.0244870027556952	0.026874617913616	0.0205971742943436	0.0237440202682972	0.0219427222986212	0.0133282248015427	0.0182393270437338	0.0143178217323159
72007	70-74	2	0.0427138633411311	0.0414547736667734	0.0488505701178898	0.0379113766008282	0.0262273505342854	0.0231420492093581	0.0232352862244338	0.0230845007766247	0.0221756674159543
72007	75-79	2	0.0607647230379102	0.0559700846016363	0.0506925762012529	0.0572121245057057	0.0510961298835289	0.0438053732157863	0.0336985539341196	0.029967477027144	0.0368574452819467
72007	80-84	2	0.0843216234342252	0.0802542466424659	0.0816245757936145	0.0965617612208896	0.08133799515156	0.0759392637277626	0.059735497488165	0.0621400931933482	0.0550274630676091
72007	85+	2	0.197534724004568	0.191227285294448	0.139767629409023	0.145158357809571	0.140740544773034	0.15609255703739	0.136680133499617	0.12290879287443	0.11981436701203
72009	0-4	2	0.00394756641210252	0.00444061312855447	0.00329191119745477	0.00332142086263969	0.00282567155212564	0.00287879305852307	0.00298323106849411	0.00223238322018907	0.00206132923953389
72009	5-9	2	0.000253499354964606	0.000213423873457861	0.000232636270136796	0.000251742934457588	0.000185716510649575	0.000176358179802296	0.000161958540911617	0.000148083511362463	0.000161969970201535
72009	10-14	2	0.000276761547620529	0.000284776218085037	0.000281887882680444	0.000261797528357922	0.000298242123259696	0.000213248394184888	0.000217219029567656	0.000179875212283472	0.000187106781316557
72009	15-19	2	0.000877846962653492	0.00097569236032881	0.0010098798516274	0.000916879663572479	0.000777067121950208	0.000816609064050112	0.000915570196978227	0.000636948685718347	0.000634403266129364
72009	20-24	2	0.00164073591925898	0.00165438500243962	0.00176094588896896	0.0019444958569387	0.00147132875238685	0.0014001190458143	0.0016046572187517	0.00170497749130244	0.00113983049354374
72009	25-29	2	0.00203942744623781	0.00213567647828727	0.00238278706673273	0.00200606267521528	0.00179994541082106	0.00206218134234566	0.00191547334970567	0.00178752968198231	0.00160374501319023
72009	30-34	2	0.00229679584043812	0.00266623155469436	0.00301910916041132	0.00259913828166644	0.0024426080039248	0.00219551741753551	0.00250023589701069	0.00208993800711459	0.00178390814088239
72009	35-39	2	0.00324064074113066	0.00353640414720136	0.00480246657669622	0.00305791603690312	0.00275496532725687	0.0027053442073736	0.00237535645621772	0.00213193556550803	0.00276408021679652
72009	40-44	2	0.00336782113145973	0.00396515480814991	0.00407735837807202	0.00497087231159045	0.00335571716877347	0.00400035824545632	0.00284314738182971	0.00313663600781199	0.00306254110895397
72009	45-49	2	0.00599895696532301	0.00460414579298577	0.00530351909449242	0.00592782425925346	0.00415397667324296	0.00440411036109197	0.00512553854830815	0.00342403303412011	0.00395852595789586
72009	50-54	2	0.0106015302802568	0.0103922833444524	0.00874199941523687	0.00812191343100191	0.00579913877359016	0.00611058773859773	0.00619723675258988	0.00720123224321166	0.00525125825342557
72009	55-59	2	0.0134740284342286	0.0115541196866243	0.00916114738308482	0.0107424301325228	0.0128868728742966	0.00971667366486246	0.00756415961838513	0.00778487231161473	0.00897253172909778
72009	60-64	2	0.0191608238684259	0.0206332441129886	0.0155110934134776	0.0178813397702034	0.012588683810642	0.0144055254689229	0.0127572818856229	0.0108064620642575	0.00869979215238934
72009	65-69	2	0.0292708320540334	0.0236078404646409	0.0241208204052416	0.0264352695110172	0.0212542969715029	0.0211896210140186	0.0180496086004577	0.0156360053319609	0.0169863457706512
72009	70-74	2	0.0407651496466287	0.0425112345811211	0.0364148753946312	0.0452600949041273	0.0377184422594995	0.0281009006400948	0.0255670888891751	0.0209237382008689	0.0196322420380328
72009	75-79	2	0.0511897823112519	0.0608504957389184	0.0544342914938709	0.0494364611977871	0.0460152132859389	0.0437562518486225	0.0491060677529633	0.034403918158953	0.0280059607751985
72009	80-84	2	0.0902336866944989	0.0896460157023828	0.0834827354378152	0.0819084217721835	0.0861412162380972	0.0813705260001913	0.0697776656779522	0.0670590728058735	0.0520136498560314
72009	85+	2	0.169565561949475	0.178975198198728	0.15130304946269	0.200633180715322	0.159201034064998	0.154452763187378	0.157538839132793	0.113869234368969	0.0928546665195846
72011	0-4	2	0.00442629777629412	0.00379317777779839	0.0039823068484032	0.00302846383039749	0.00268356606616872	0.00226373505788964	0.00271052950348599	0.00202682749381027	0.0024977827250593
72011	5-9	2	0.000226588893592124	0.000221413837940985	0.000279110248976521	0.000247759082245712	0.000201068189339432	0.000181394813378621	0.000166663587199995	0.000153097908599717	0.000168463937677943
72011	10-14	2	0.000272695822250751	0.000307215583289074	0.000304668706607178	0.000271609622054804	0.000243210990592495	0.000218998718443492	0.000212189579453491	0.000186103193620656	0.000194716862160129
72011	15-19	2	0.000844820830511081	0.000863953178808876	0.00108917545715296	0.000877008574460497	0.00070611861578432	0.000763751771655791	0.000743343967915414	0.000646849008099793	0.00065675611576102
72011	20-24	2	0.00183350562650564	0.00178181682008954	0.00167823413984317	0.00167285293932816	0.00181277402722603	0.00173389209168632	0.00146950769375917	0.00114369581172551	0.00115463893851383
72011	25-29	2	0.00206505842043787	0.00234668145010987	0.00294777626331705	0.0018188902887882	0.00200477297294772	0.001919192446702	0.0015044142251671	0.00149457566407239	0.00141935123905779
72011	30-34	2	0.00212589300328565	0.00336769694077038	0.00344698275418089	0.00282976322360139	0.00237105417298224	0.00188661714764053	0.00167220681461622	0.00188771354052102	0.00193165766679915
72011	35-39	2	0.00304113856026748	0.0029434934566445	0.00373273856774414	0.00475677883816957	0.00248017018684772	0.00265073990876817	0.00193756690499835	0.0029330363463934	0.00221299233364054
72011	40-44	2	0.0043678188506445	0.00457183256551777	0.00484166959286045	0.00500173731739989	0.00337775353734428	0.00316137787701864	0.00303675334935297	0.00273858036075655	0.00365882408080913
72011	45-49	2	0.00570727306652975	0.00610185669981247	0.00752558196019392	0.00521056313819897	0.00532295818566908	0.00549662684202909	0.00386032825461876	0.00328313768342883	0.00340394564401154
72011	50-54	2	0.00708951247535433	0.00623236247778888	0.00782396342558847	0.00873047735500148	0.00728021747480961	0.00496873463509369	0.0076201487233262	0.00678418178143566	0.00669611229237535
72011	55-59	2	0.0112098418379825	0.0142371339454393	0.0129160100649933	0.0110699368052948	0.0107332899028042	0.00989402333889492	0.00864191632459621	0.00821442325021056	0.00844207312690812
72011	60-64	2	0.0187255164170347	0.0184443346749634	0.0202150044140914	0.0160767685994161	0.0146872234393377	0.0133002482227863	0.0120933736014234	0.0141886990844342	0.0108595839804885
72011	65-69	2	0.0269297140667215	0.0281574392256057	0.0255583736090488	0.0274579337690024	0.0208720725187801	0.0171248469158287	0.018296573923829	0.0163957503460883	0.0164505529487668
72011	70-74	2	0.041681615764782	0.0377441140631113	0.0378061314179	0.0427057608283914	0.0333079574256301	0.0248354260997136	0.0285329080410469	0.0222667383144979	0.0241277326595972
72011	75-79	2	0.0619289459041281	0.0575435319959346	0.0597789955335	0.0642442503166332	0.0508032926747649	0.0432003822903464	0.0376232238070168	0.0354050448573365	0.0393266061320768
72011	80-84	2	0.0957393632604973	0.105235894989858	0.101123163393144	0.100006246255876	0.0851825364121948	0.0807953934586426	0.0838299756192248	0.0691236159910983	0.0559733661148368
72011	85+	2	0.150325195036033	0.180282800492585	0.179134749947331	0.159441432609487	0.146020125247155	0.158735019438999	0.134007443058455	0.132617419425374	0.133685019785092
72013	0-4	2	0.00374139258782064	0.0054041140184329	0.00376943491243211	0.00308980110181993	0.00251653941123843	0.00253315067824332	0.00216756245944224	0.00194804149284426	0.00213160265702334
72013	5-9	2	0.000249225141353939	0.000227743513189542	0.000279322185507542	0.000203049725925742	0.000191879802769354	0.000193510216020726	0.000191605519037544	0.000163763955345629	0.000156318539596215
72013	10-14	2	0.000319468904655548	0.000384684717131061	0.000284546266554082	0.0003046020870949	0.000246498347728509	0.000227651576747576	0.000204701770523436	0.000176639947607162	0.000186073001583654
72013	15-19	2	0.00101364913822482	0.000957797419281062	0.000849373122174584	0.0012567122191791	0.000759558934780613	0.000824337518251534	0.000779665019523838	0.000598483684782814	0.000625523848557276
72013	20-24	2	0.0018592343996252	0.00199547385451241	0.00177083227365264	0.00205000025957131	0.00123651038701025	0.00153624745081478	0.00177454423345645	0.00144973089213852	0.00135304851968008
72013	25-29	2	0.0018360409887896	0.0022976409930998	0.00217853425399409	0.00279198662339295	0.00168128278254226	0.00230719912107245	0.00172716425305205	0.00184976720670711	0.00235172158294179
72013	30-34	2	0.00297506183630558	0.00243568557751831	0.00403264511880114	0.00351012649701861	0.00223981376335187	0.00212044207666878	0.00226457413861735	0.00291826513959968	0.00219458738390169
72013	35-39	2	0.00402188346339265	0.00391203360338318	0.00418633868646238	0.00403957901995702	0.00294483004819996	0.00294742257860425	0.00212240192339122	0.00239058546862519	0.00220994648786547
72013	40-44	2	0.00416013782896712	0.00499752329810796	0.00488057608250387	0.00492161354200461	0.00319270311442467	0.00347592655013009	0.0035956510825407	0.00283032028331811	0.00306722192613939
72013	45-49	2	0.00599366599637341	0.0053136105336762	0.00752673315492232	0.00681282271194813	0.00512482352285633	0.00489647296434015	0.00378314184287941	0.00377832957654518	0.00423673869776183
72013	50-54	2	0.0098283479217469	0.00808392937152957	0.00868596230707848	0.00982928822737541	0.00787477808261344	0.00789529727411057	0.0058920053645746	0.00563815853759984	0.0058922476536293
72013	55-59	2	0.0129291418230726	0.0145624448039248	0.0114413323750516	0.0118728468881849	0.0116958266991169	0.0114762950556509	0.0100322528337747	0.00828783711643931	0.00820216107952887
72013	60-64	2	0.0179942202627779	0.0197258638173671	0.0196309800493767	0.020246955064502	0.0179897837247535	0.015776164720503	0.0135279390458018	0.011684673687894	0.013383723624059
72013	65-69	2	0.0286654878054908	0.0286900123932148	0.0287965571292647	0.0268362464914361	0.0258975976558359	0.0223989652068317	0.0194409581899933	0.0190866351413808	0.0178161812061573
72013	70-74	2	0.0454012285334901	0.043075180359728	0.044899607355583	0.0434200391310294	0.0360265463480112	0.0339415099627055	0.0302451099896413	0.0240085051827896	0.0272771673512932
72013	75-79	2	0.0564058431461404	0.0637771418294178	0.0585917167288687	0.0653385830255356	0.0576031428563	0.0519455267612067	0.0450731092422083	0.0361172359678524	0.0419544616416644
72013	80-84	2	0.0982589669562051	0.0864380226147111	0.088430709442775	0.0944449109410649	0.0857938271187693	0.0772740554838885	0.0733429089528094	0.0645380810798554	0.0573447396812908
72013	85+	2	0.173996137583153	0.173960054957209	0.165305913442361	0.153114439846372	0.152008990974304	0.141842201963313	0.154288474784021	0.131987079577829	0.127796862514804
72015	0-4	2	0.0048362981935	0.00417373927583238	0.00416086521750266	0.00374985207081741	0.00270070395100224	0.00245772151000449	0.00253434980416582	0.0026988919700381	0.00258148185921285
72015	5-9	2	0.000244780194592039	0.000289958023376576	0.000248135240991921	0.000268846623691352	0.000207567305887524	0.000196441827807934	0.000189615049012899	0.000165549381230562	0.000172943689957156
72015	10-14	2	0.000311252596789026	0.000350002362686529	0.000346570985468931	0.000295550784012189	0.000265191420563665	0.000239265401420422	0.000230863014891862	0.000212048274813994	0.000210861087312617
72015	15-19	2	0.000989001989543793	0.00108616260753767	0.001115895870919	0.00129238222933111	0.000890538000922341	0.00093132836610282	0.0007738953593719	0.000663208720346649	0.000697904170701068
72015	20-24	2	0.00191538412354361	0.00171862067959457	0.00205598308892181	0.0021637903465181	0.00181660430993446	0.00183740416677709	0.00171873511099391	0.0015859872113002	0.00122814876600741
72015	25-29	2	0.00212392934035436	0.00251923283850383	0.00249071565828039	0.00325841072982914	0.00223221149787391	0.00211040349641119	0.00195871736344227	0.00234302666269285	0.00189786397614923
72015	30-34	2	0.00265640606102726	0.00260505782138732	0.00299093163816779	0.00327559348414897	0.00290204179447388	0.00287747320494399	0.0023445456007719	0.0021222851121768	0.00190641492331032
72015	35-39	2	0.00364050739416403	0.00366327855993092	0.00475649445136668	0.00367653879344574	0.00327678507060194	0.00311533157365843	0.00272444722321944	0.00280672252622024	0.00268046612007488
72015	40-44	2	0.0039944948511709	0.00483118686468024	0.00492970674072543	0.00459145336395515	0.0043850725710137	0.00379011829134419	0.00360011349884993	0.0037612004206488	0.0040503944366191
72015	45-49	2	0.00676811139866103	0.0066254874231909	0.0063073405130832	0.00665283275725179	0.00547460139725434	0.00521793336563978	0.0048534383521921	0.00362903830685795	0.00592026751665837
72015	50-54	2	0.0113436995082602	0.00931018260721008	0.00929029631025576	0.00876214442568581	0.00720471491726415	0.00822216650545036	0.00639290897031553	0.0052881563533451	0.0050502267749016
72015	55-59	2	0.0123225614008631	0.0125792921480039	0.0138919627733175	0.0124133783669004	0.0100211222856717	0.0120928061321313	0.0101465284080227	0.00819211900137173	0.00985054486369103
72015	60-64	2	0.0232839348030673	0.0203520644125416	0.0193467115374758	0.0191504001551817	0.0182235076568851	0.0155220937023017	0.013161360575661	0.0106691746212818	0.0139792412189464
72015	65-69	2	0.0306128984436696	0.0355589352292988	0.0318743073542809	0.0279136928302992	0.0235217393627164	0.0229016961672542	0.0203506319878006	0.0184699087035089	0.0161766731973739
72015	70-74	2	0.0480250741087658	0.0505963051295994	0.0381122754638362	0.0434499913949748	0.0375077614958387	0.0294756960702484	0.0353332627516186	0.0213534618219082	0.0252965687446215
72015	75-79	2	0.060227282564921	0.0626189139828972	0.0678595565264557	0.0621061982410862	0.0555130554119595	0.0459500244924525	0.0513348144993956	0.0471494580636613	0.0411682891293863
72015	80-84	2	0.103025809660215	0.117914251299234	0.103171513402139	0.119818905024068	0.0989245229635709	0.0901631955823287	0.0759414378407729	0.0645910466874768	0.0538773606228533
72015	85+	2	0.190889335083848	0.142672548173727	0.151359434430387	0.18729191547799	0.158955957266162	0.16184329702897	0.17898654445079	0.143477922371881	0.128386499762998
72017	0-4	2	0.00427913986551434	0.00333029087466747	0.00285814994049522	0.00315360785941802	0.00237371853116565	0.0022769383427809	0.0025925584449972	0.00199684919709407	0.00216922655864601
72017	5-9	2	0.000234441381925651	0.000239936683368408	0.000237092250637952	0.000231496652628197	0.000196072877803814	0.000185197616640786	0.000178844285996102	0.000155815525006782	0.000162489706428752
72017	10-14	2	0.0003114350720907	0.000304992555870811	0.000302440402441509	0.000342156017827938	0.00023889616013055	0.000236323753417717	0.000216483842294971	0.000199172760020508	0.000197754605618698
72017	15-19	2	0.000980948425021418	0.000991219347463149	0.000981242929613009	0.00119281532196347	0.000925082421516104	0.000954647324653455	0.000713636474736573	0.000690436729397581	0.000697897671645603
72017	20-24	2	0.00206077178508445	0.00195419683210761	0.00178064756559517	0.00237362658749359	0.00143832854821584	0.00181628605601008	0.00155358355148822	0.00126501531164867	0.00145981778567492
72017	25-29	2	0.00236697010626811	0.00246364243660451	0.00239548913893823	0.00229381433406485	0.00181299688012243	0.00209386243617939	0.00207034278048968	0.00167154203440237	0.00218771650684311
72017	30-34	2	0.00254896105795052	0.00299479899934112	0.0028246896687037	0.00404494850179136	0.00225119879175265	0.00220757602839527	0.00231039500075411	0.00171671070987388	0.00243793721909243
72017	35-39	2	0.00387425065949205	0.00412219799174828	0.00542207202286662	0.00484380640057415	0.00346201268809249	0.00227822643114892	0.0021745260981066	0.00201984802448684	0.00245575177946649
72017	40-44	2	0.00437481782235479	0.00531498048940178	0.00542781998203641	0.0044467316190222	0.00391682126615539	0.00357467485400132	0.00294635288486939	0.00280646754567961	0.00303115389661222
72017	45-49	2	0.00630090029029165	0.00554557004390899	0.00591152855324274	0.00791722271108953	0.00530147521806276	0.00407607014530724	0.00511264985931654	0.00398245867912547	0.00340265062657205
72017	50-54	2	0.0101879432551453	0.00732253121142372	0.00828985199202299	0.0104604573098342	0.00810527628784964	0.0083481423229936	0.00557098354192216	0.00486176939782832	0.00560824192999517
72017	55-59	2	0.0140812977666404	0.0116866918392241	0.0119540775437651	0.0124161066558162	0.0110111450481267	0.010863069433788	0.00977666982148515	0.00792486005464363	0.00663949757785405
72017	60-64	2	0.0210213741254791	0.0186928437855909	0.0192315169866511	0.0255579688512824	0.0180880126672859	0.0150012759426286	0.0124402190062695	0.0137215030052271	0.0119038486334701
72017	65-69	2	0.033091979830201	0.0216650140706277	0.0256871278389716	0.0209060469437098	0.0217643548726578	0.022773453152922	0.018163214646862	0.0173298965069984	0.0200022614335079
72017	70-74	2	0.0324679287308553	0.0398179711055117	0.0425149561615235	0.0415973364972693	0.0348985724624414	0.0336097917565263	0.0267584232422037	0.0287841670988817	0.0271939117407609
72017	75-79	2	0.0674204432779505	0.0563018347719348	0.0617221666935572	0.059908795899314	0.0541906359769003	0.0411667033772789	0.0435333750204271	0.0369536205430486	0.0486134859270655
72017	80-84	2	0.0901571667954812	0.0863111414991223	0.0849363229122319	0.0846169139453168	0.0752608790982273	0.0746707018258395	0.0828916193729873	0.0575330412370698	0.0728333225915229
72017	85+	2	0.185339139729474	0.164665517868022	0.188225022114373	0.165182332998593	0.188730957994504	0.136915783297538	0.150137858009856	0.156906900988761	0.147272723776908
72019	0-4	2	0.00393064007950482	0.00352178621029601	0.00325030142878837	0.00318384920129702	0.00298746031710243	0.00267646084396687	0.00219520493187275	0.00187119735807644	0.00245663076945214
72019	5-9	2	0.000233247444005944	0.000248293215017368	0.00022176705000139	0.00022736162234497	0.000184773895820457	0.000184510298018068	0.000170092565009131	0.000163857959246739	0.000162394780506065
72019	10-14	2	0.000320982042572346	0.000272170173110659	0.000323772933938043	0.000260675114680942	0.000268372878515894	0.00021096935613345	0.000195578953641622	0.000189174858202011	0.00018746131077197
72019	15-19	2	0.000977640544745053	0.000910038974880219	0.00114226700791419	0.000900359494813385	0.000783088898380886	0.000718316806195115	0.000793486812624326	0.000646221185800068	0.000624855376167639
72019	20-24	2	0.00173550696341475	0.00167545435015815	0.00176267577079117	0.00185285296000161	0.00166123369214524	0.00178157254509122	0.00137358573417769	0.00124641261819884	0.00122862789138656
72019	25-29	2	0.00208722476236881	0.0020076025003798	0.00247479091146962	0.00216395989307155	0.00179473126638884	0.00207591476691505	0.00187950996537612	0.00141053360509472	0.00164414332134034
72019	30-34	2	0.00232013305537836	0.00316096144086598	0.00337841857262372	0.0025402085791754	0.00236944798929734	0.00231206485248755	0.00214340668674094	0.00207325933029846	0.00252212600958337
72019	35-39	2	0.00307780248053914	0.0033398079299296	0.00404892531382676	0.00375386295546918	0.00330441861702025	0.00264784628558587	0.0024507325568214	0.00191881781759622	0.00249718907897814
72019	40-44	2	0.00378496107904188	0.00333132966102652	0.00470127842305458	0.00488942109519736	0.00426646167523398	0.00304395836715831	0.00289823879716733	0.00277995503825542	0.00271051128950159
72019	45-49	2	0.00559223116284793	0.0062780022579685	0.00739207154092664	0.00573909899158176	0.00462727795724909	0.00544248223279607	0.00496604936896713	0.0039628069849967	0.00365859057542578
72019	50-54	2	0.0113016305426698	0.00977940064925645	0.00872031418755332	0.00669640230583819	0.00707454040559392	0.00613969104394049	0.00671807351747812	0.0055362612541751	0.00586569503516905
72019	55-59	2	0.0109762192380877	0.0136247805550214	0.0149056777600153	0.0119916094139684	0.00978773669255485	0.00768545552163095	0.00894744172049511	0.00818878139285567	0.00902320822942108
72019	60-64	2	0.0180398250660239	0.0198564792617056	0.0176758970598752	0.0166873614226843	0.0131170204573648	0.0145749838979923	0.0125950317728946	0.0105262548896074	0.01159678491197
72019	65-69	2	0.0264266754166045	0.0252893859307471	0.0247557068221439	0.0302386165881737	0.0174236033352929	0.0219051141534853	0.0189306867364672	0.0164943780705306	0.0160367148268274
72019	70-74	2	0.0370542039622253	0.038420139134274	0.039886764345141	0.0425132627918898	0.0363292385472772	0.0296585326414325	0.0286048438150565	0.0234386496196626	0.0223113500924178
72019	75-79	2	0.0567327613865193	0.0576485610117943	0.0510825106820158	0.0693690089685604	0.0512561866564253	0.0428950096095999	0.047255061533495	0.0338496166611637	0.0354679683832773
72019	80-84	2	0.123799790112734	0.0986360528611291	0.105099042141626	0.11934178394136	0.0828890207061898	0.0740268830088559	0.0678630626061813	0.0635652454476755	0.0589302319762238
72019	85+	2	0.168266517051735	0.17042470331062	0.170449595860634	0.210832980474924	0.15877135806108	0.175543706426555	0.165628190498548	0.125488577952255	0.101225844438797
72021	0-4	2	0.00397468674557412	0.00293022372679134	0.00336534837357404	0.00310140171568537	0.00228084523746481	0.00210573045715884	0.00190429597678126	0.00180950842698652	0.00231253355164715
72021	5-9	2	0.000219369284132908	0.00024836794240257	0.00021813699363851	0.000248308551309249	0.000196073889101708	0.000181468340717925	0.000162236155946724	0.00014272086137114	0.0001519954856461
72021	10-14	2	0.00036799641290397	0.000235291577113127	0.000341601154278967	0.000290744408955704	0.000294034570591772	0.000206160588716273	0.000158095384157681	0.000173310253510972	0.000168812896391657
72021	15-19	2	0.000974564438628055	0.00110689852895615	0.00158350032136034	0.00132533520612703	0.000888644499419652	0.000822239794116304	0.000912625191741918	0.000691241061105576	0.000551116331221398
72021	20-24	2	0.00149727305420447	0.00210236955044839	0.00245458551840854	0.00291414045090086	0.00213367830466347	0.00230961607919136	0.00200879311825305	0.00196822750362034	0.00127317136356591
72021	25-29	2	0.00201441067561859	0.00270221572214353	0.00352546313123902	0.00271579043582666	0.00222600374465975	0.00250296461735658	0.00228466921479663	0.00211337950249844	0.00222009792206085
72021	30-34	2	0.00202561204999187	0.00317435448595101	0.00585660187513636	0.00402193375348346	0.00222256926918336	0.00266599170865708	0.00216494898097563	0.00224009249407537	0.00261873719412868
72021	35-39	2	0.00288315461336544	0.00414152557108652	0.00679108718010316	0.00542136856821331	0.00344593346024273	0.00309834314580137	0.00264584850610198	0.00276453237426553	0.00315980693688381
72021	40-44	2	0.00338371921799142	0.00458503246060339	0.00727406386629685	0.00580640517657523	0.00407732036258093	0.0037932012314414	0.00321110977697452	0.00332255367654278	0.00411369985544433
72021	45-49	2	0.00475169567405664	0.00569834799115759	0.00744635076920868	0.00700434863782047	0.00641715134707158	0.00593032779543901	0.00475341702839339	0.00401889953437823	0.00519657209479638
72021	50-54	2	0.00811024198481428	0.00846594303592577	0.00761812396072592	0.00897576446377954	0.00837248286881779	0.00759423919955431	0.00591715603504844	0.00641023031466274	0.00654438499391615
72021	55-59	2	0.0109694204583296	0.0107031022223339	0.0111631092070968	0.0110292279317899	0.0108496616927062	0.010034797411131	0.00967175255082633	0.00959269289367758	0.00943341006300623
72021	60-64	2	0.0185837230167	0.0186428244270393	0.016336321352876	0.0166773263015691	0.0146827442007756	0.0146024670144512	0.0142455245467939	0.0119227936767271	0.013520372566564
72021	65-69	2	0.0259634617701927	0.0257210344330608	0.0252704875139385	0.0212026267649308	0.0211655204408368	0.0187901753849416	0.0170053391410303	0.0165948299006807	0.0166705153584005
72021	70-74	2	0.0421695172041564	0.0391684140058281	0.0392490597688241	0.0366500045296691	0.0316184313830949	0.0277612902424074	0.0260030510399636	0.0222427494125858	0.0262503762033639
72021	75-79	2	0.060527384942094	0.0578955502493717	0.0522385664537705	0.0538311496053392	0.0506189370630331	0.0456251380008962	0.0386664042842347	0.0359692234280578	0.0379771230050727
72021	80-84	2	0.0992701316848556	0.0922987407020254	0.102204887732265	0.0933782691802527	0.0755704693268538	0.0663478281447093	0.0676908327939189	0.0555675048699249	0.0610737596275647
72021	85+	2	0.17525488869167	0.165998371935291	0.152516158857074	0.160601460026002	0.161895825197072	0.151361089995132	0.1315376920147	0.1240418784521	0.120102516241472
72023	0-4	2	0.00396967161166296	0.00348794911316079	0.00288964133418686	0.00325930633819874	0.00301641065469511	0.00235973480542156	0.00286846823453906	0.00162177964939465	0.00193473838546356
72023	5-9	2	0.000204282733812203	0.000199599831272215	0.000216684293503746	0.000210281988007361	0.00017878833642989	0.000161468517165699	0.000171833354305868	0.00014355192026223	0.000143365641041628
72023	10-14	2	0.000245170283583318	0.000275549500591803	0.000260012918596514	0.000279170371725986	0.000206314011220702	0.00020337030215889	0.000196702686861292	0.0001650428846193	0.000181249803838426
72023	15-19	2	0.00092990474528448	0.000896967325431906	0.000915657038524363	0.0010077498793841	0.000769304451308639	0.000672158677951501	0.000574949000025673	0.000591058019389558	0.000624956655204127
72023	20-24	2	0.00156994446706926	0.00165270053026144	0.00154250939336826	0.00158493251487411	0.00121797773675316	0.0012783034443089	0.0012472881220102	0.00126213399324698	0.00121908620645206
72023	25-29	2	0.0021896168494745	0.00205789190192761	0.00202210124350631	0.00180477536861213	0.00150838290710556	0.00159137607653239	0.00166701877822565	0.00178718425065164	0.00199776579784511
72023	30-34	2	0.00240734615488353	0.00253471496918614	0.00323502290650394	0.0028159012011082	0.00207035746751808	0.0018769738545222	0.0019788112098373	0.00148879727928154	0.00183445867073414
72023	35-39	2	0.00314705334275649	0.00393826575814895	0.00269596761249939	0.00327972782320222	0.00265289465132556	0.0021550021295418	0.00211501368418336	0.00230907475265212	0.00275696682380173
72023	40-44	2	0.00328036748625574	0.00487713147124187	0.00477390192057918	0.00417592304451489	0.00315284145202206	0.0027286155108823	0.0026047736319092	0.00236485580419435	0.00223816453618059
72023	45-49	2	0.00514324856274126	0.00561847400642345	0.00638484816594434	0.00808796710443738	0.00411796052348507	0.00350583316869257	0.00347770054993193	0.00287067036729132	0.0032670554717043
72023	50-54	2	0.00762024134210308	0.00760451444667351	0.00728678184803157	0.0074366385245433	0.00696057838608233	0.00651162890328302	0.00587021418807588	0.00550455187573972	0.00425492628542922
72023	55-59	2	0.0105164059791433	0.0114260722210556	0.0117946183749339	0.00921108730618692	0.0111298755959629	0.00979738023268178	0.00868538943382187	0.00755594272221468	0.00723019537372885
72023	60-64	2	0.0177181766318274	0.0177387652920467	0.0171055740335973	0.0145313982336731	0.0145283547156639	0.0145012719091413	0.0111631010071223	0.010166596238831	0.0114720270105498
72023	65-69	2	0.0240551203856902	0.0234651150922778	0.0231342878443424	0.0188679361307555	0.0192730319714763	0.0207951189319425	0.0188202470601939	0.0159526700796803	0.0146573445267522
72023	70-74	2	0.0375167232200792	0.0384828519362887	0.0358939384920031	0.0382781017674476	0.0316255509292812	0.0278952583931949	0.0286657404438878	0.024279890978404	0.0210513618802771
72023	75-79	2	0.0536954844687574	0.0531064125014069	0.0510423235682062	0.0568787826004121	0.0489643568155126	0.0409086677126914	0.0464893560215735	0.0295334135119992	0.0320523591204707
72023	80-84	2	0.0955903186995698	0.0629658048378966	0.0907602842948561	0.09913981588418	0.0747426364439373	0.077192792418573	0.0682811039580159	0.0518075554813324	0.0548173300984066
72023	85+	2	0.132935166227427	0.145254585488978	0.143895813878997	0.167393219931718	0.168455359151917	0.136737020572404	0.151209777610334	0.141072374055916	0.125187690272914
72025	0-4	2	0.00346045985805456	0.00307957799019981	0.00368232572041974	0.00365541355443563	0.00255957903918886	0.00251658476516228	0.0024283902819366	0.00200798397767876	0.0020607335058076
72025	5-9	2	0.000267494702234833	0.000211631987776179	0.000220284660892979	0.000235571546741003	0.000176643168988331	0.000170358480810181	0.000155030149770929	0.0001471275129051	0.000173241514714453
72025	10-14	2	0.000286918893984661	0.000324777230872945	0.000348943730953755	0.000253526659347635	0.000224452812327446	0.000233069454139543	0.000195893646802314	0.000180336537558993	0.000192241556829529
72025	15-19	2	0.00115139214720837	0.000927373265397654	0.00128373838180563	0.00110506714804834	0.00102641923242603	0.000740344279743834	0.000953470478625933	0.000802439603071332	0.000750052470183004
72025	20-24	2	0.00236406046433279	0.00182265908831186	0.00308960262410488	0.0025906813289855	0.00191707631009268	0.00177055999495757	0.00275646687943817	0.00230448332435225	0.00172042836245815
72025	25-29	2	0.0024413210131212	0.00283720885161778	0.00370276473614504	0.00367858813960888	0.0027872492110539	0.00214204443484961	0.0028081829653218	0.00221803553054508	0.00255320214666073
72025	30-34	2	0.00257656330223972	0.00352441078042483	0.00538100630580541	0.00445667295614785	0.00255250506706672	0.00286134600489468	0.00315711340402748	0.00238246271077461	0.0018352368607983
72025	35-39	2	0.0025471788983072	0.00491692600683195	0.00605548957580176	0.00564920927428151	0.00371785360267652	0.00273977767517577	0.00301888396651921	0.00274864791787612	0.0024254979989332
72025	40-44	2	0.00362308563572567	0.00466654132785086	0.00635729062282798	0.00592944461776463	0.00416773173457768	0.00410246303453788	0.00334403082186573	0.00292388324482595	0.00364079447472176
72025	45-49	2	0.00648465224227057	0.00608779796854718	0.00800633538439118	0.00813570744197439	0.00548855755566528	0.00461303760527076	0.00491580672811317	0.00352552005347196	0.00443918239274605
72025	50-54	2	0.00875644669538654	0.00881892490645686	0.00852687144579738	0.00829499145127944	0.00752104489098494	0.00702100872927963	0.00694448969597681	0.00605045664823192	0.00670735714422138
72025	55-59	2	0.0110785275912579	0.0120278196221511	0.0122669177408376	0.0117153133454627	0.0113707262828751	0.0106038183258356	0.0100345245803195	0.00871395934532285	0.0101725337248621
72025	60-64	2	0.0194273840535255	0.0173951839820578	0.0201771314942444	0.0167339807257851	0.0166965311895859	0.0140503516107114	0.0140741201746643	0.0104519889428982	0.0115949577527701
72025	65-69	2	0.0261585009720233	0.0268089195211594	0.0250040544328024	0.023646732235828	0.0221937753053746	0.0207665332060682	0.020509281973475	0.0152210234680927	0.0177018073000912
72025	70-74	2	0.040075571811593	0.0432768684925843	0.0440260542622227	0.0398200369028167	0.0339019493537022	0.0296861473577413	0.0267804958037013	0.0240235629407697	0.0256911177540225
72025	75-79	2	0.056052896421364	0.0715194371286829	0.0556042198199109	0.0592454868916422	0.0506160798349751	0.046594956341725	0.0396981000919301	0.0353937400851061	0.0382615100178033
72025	80-84	2	0.0916530360409893	0.0992782730177267	0.0967001740058895	0.0945398157856332	0.0796037743727009	0.0688532593089932	0.0720687659042326	0.0578883963994781	0.0653762575015502
72025	85+	2	0.15383352155348	0.158308368567425	0.157754444777134	0.169001505285788	0.15600279675384	0.146371265428659	0.151205745594399	0.127038674339981	0.129501829733251
72027	0-4	2	0.00294907345518302	0.00321218961579139	0.0034728595713124	0.00297058829096125	0.00208796147626237	0.00215753067536641	0.00185633664648033	0.00206049117368258	0.00198540145783266
72027	5-9	2	0.000220795910057335	0.000205018480202052	0.000212318893647022	0.000216648734417513	0.000184577432047759	0.000167237617808933	0.000162047843471293	0.000141767423770876	0.000147836515050726
72027	10-14	2	0.000320305183117625	0.000270082313311745	0.000266716097851929	0.000249320629646249	0.000223589010285492	0.000222487545687832	0.000195523494254836	0.000189423328866748	0.000179011288433657
72027	15-19	2	0.000896522324891955	0.00101238259222716	0.000918879340771522	0.00104507923884335	0.000820499926169583	0.00078315759050428	0.000642966631757755	0.000583503262142467	0.000588831659347138
72027	20-24	2	0.00160422555548882	0.00171892898873333	0.00176475051417251	0.00139044737417862	0.00138983061302394	0.00133690830068865	0.00126204970622385	0.000933331379454598	0.0011471140211029
72027	25-29	2	0.00184763262961593	0.00204710529021052	0.001767450213246	0.00171557929962733	0.00151404497097843	0.00152915181864657	0.00130397160426894	0.0017009586274132	0.00157657148139863
72027	30-34	2	0.00228261142963695	0.00269269403979815	0.00251395307835908	0.00214838791928383	0.00166529072629088	0.00186296998861354	0.00168264644685798	0.00182107930361906	0.00186776703627617
72027	35-39	2	0.0028156372848304	0.00247840196141889	0.00367982906918915	0.00344488233857694	0.00258052288908839	0.00280001160434434	0.00197352843636551	0.00200590921262838	0.00202530749147789
72027	40-44	2	0.00424633759907402	0.00461010241047115	0.00373946645166382	0.00437588244566788	0.00354087452470796	0.0033613373935963	0.00222577079156681	0.00265387732050529	0.00332734481941222
72027	45-49	2	0.00550578463458311	0.00452436879475583	0.00695724104910687	0.00556721244528114	0.00506313287982035	0.00461270524788855	0.00384297934805443	0.00329953840630176	0.00368393385295064
72027	50-54	2	0.00709890851911818	0.00950982270526548	0.00655652805358335	0.00975240191582861	0.0068594985608095	0.00620201803274699	0.00522128036889567	0.00516408607686443	0.00488987014527965
72027	55-59	2	0.0130796190844979	0.01210578264896	0.0121899125649029	0.0115474617962188	0.00982805808206412	0.00751688610191023	0.00907486350575842	0.00839764794617646	0.0073793668789138
72027	60-64	2	0.0208135271459272	0.0174649396511754	0.0171828906494254	0.0178036221119212	0.0135842442386498	0.0124038474598535	0.0132428148907887	0.0102013624404569	0.00942537604041715
72027	65-69	2	0.0271529988286625	0.02955623894198	0.0274410677364871	0.0269496007981036	0.0194412537291603	0.0213120424573676	0.0190374117243893	0.0178872790999935	0.0192445785114532
72027	70-74	2	0.0416059348538335	0.0422626645821132	0.0367742642249535	0.0413122315392856	0.033083491050234	0.0287416922075665	0.0290395275250637	0.0230927254257209	0.0233177567557918
72027	75-79	2	0.0595207746603888	0.0463051697151712	0.0591616780833053	0.0509963302686475	0.0505917582087032	0.0466322906035538	0.0492846319337686	0.0342559076681307	0.0376482006706741
72027	80-84	2	0.0914994179582995	0.0777878510472421	0.0947242809886883	0.0965256960281592	0.0815074889982469	0.0795194484068517	0.0710594509352573	0.0670492396501459	0.0623464288692524
72027	85+	2	0.222286519031965	0.181017481856511	0.183258463172028	0.160135970976132	0.159443525227399	0.151067040018119	0.141768594872758	0.145172795957885	0.148270074366735
72029	0-4	2	0.00356058633070956	0.00378412745607556	0.00400217610183905	0.00339263480155195	0.00227307715944188	0.00318646818458952	0.00285024258192713	0.00223609705619512	0.0022718762134795
72029	5-9	2	0.000236754406954305	0.000268613648682373	0.000242039170748048	0.000233784621135974	0.000218893097329305	0.000190241598031151	0.000185273455064951	0.000163725176201932	0.000190024891127168
72029	10-14	2	0.000271779318313062	0.000278144965438483	0.000360486499255743	0.000337105400889487	0.000240693410316723	0.000238303627629831	0.00023211125296651	0.000206662901522686	0.000217308171304448
72029	15-19	2	0.000982276298295423	0.000956096945814897	0.00163820510473962	0.00174301739387614	0.00144496168400914	0.00130652922474556	0.00107969008029488	0.000715401572071582	0.000735672746192161
72029	20-24	2	0.00177374250509874	0.00237203961864835	0.00280497346939053	0.00283114588897582	0.00430807720350429	0.00417809693121577	0.0033727006579253	0.00152189657096781	0.00212084205200474
72029	25-29	2	0.00190683200277275	0.0030504841591905	0.00448460870169131	0.00420117140189576	0.00325220414958575	0.00370872603303248	0.00344319040986808	0.00275863445031938	0.00184163873728754
72029	30-34	2	0.003077314899948	0.00431210769620542	0.00513919463708675	0.00346063431874624	0.00304661257241569	0.0027880377574582	0.00252455126073575	0.00276603845749698	0.00288423644637605
72029	35-39	2	0.00291078570911358	0.00495262763908048	0.00529525262948065	0.00495368910974054	0.0046857744269716	0.00273509622160757	0.00283906170487016	0.00321633140520579	0.00288986494926512
72029	40-44	2	0.00406851929357316	0.00369110567329379	0.00518139472698167	0.00622415633234467	0.00483632003130939	0.00363508096783239	0.00329986712956543	0.00373049155744271	0.00441130779497273
72029	45-49	2	0.0054125217848751	0.00612543481554865	0.00727437042355658	0.00849819511720692	0.00636940015183419	0.00587055763845667	0.00413903047709675	0.00495011513484664	0.00416142549379079
72029	50-54	2	0.00835997606260333	0.00869359796136752	0.00841134807412878	0.00924613629570509	0.00856509699831466	0.0081345532769621	0.00506155584630682	0.00675776403898916	0.00713538133575643
72029	55-59	2	0.0119425580503002	0.0129546750056805	0.0127905736452909	0.0139230795705427	0.0112890982218268	0.0114898814532019	0.00968804587136403	0.00722848590148053	0.0099572981808757
72029	60-64	2	0.0195795854486821	0.0146972006703915	0.0201924315043533	0.0172654238006415	0.0151004634316133	0.0151456174402766	0.0129159947295493	0.0137463428304507	0.0120677661075497
72029	65-69	2	0.0254546143158276	0.0236921329338476	0.0298399273174323	0.0298591418093116	0.0266017845252937	0.0201367533495338	0.0215071985153382	0.018656575774379	0.0158879426460312
72029	70-74	2	0.0394084672698958	0.0365718038091142	0.0385626068032761	0.0388752662545538	0.0340568767716723	0.0335178064453241	0.0269602089292218	0.02268803533444	0.0226546455924842
72029	75-79	2	0.0606669706591261	0.0530727018224616	0.0545294106079441	0.0769857168512471	0.0490044065964125	0.042254069335627	0.0479208478151949	0.0365105123038004	0.0478980024428903
72029	80-84	2	0.0828191381216784	0.0863138040777946	0.105000120514122	0.0961240442550906	0.0716876029373619	0.075720788950844	0.0688798450866947	0.0598600870304627	0.0687677337162623
72029	85+	2	0.16535057980856	0.185139295279795	0.182388422996536	0.164507903158235	0.147151135739487	0.136361700773894	0.152875570662793	0.13391304758012	0.136622860434266
72031	0-4	2	0.00377038815546976	0.00335624337293363	0.00347945370219178	0.00251204885254017	0.00202261000559436	0.00195764517916349	0.00225359049426454	0.00176364769447646	0.00178209164156246
72031	5-9	2	0.000234770947618336	0.000206108780938494	0.000208329764215083	0.000213238892677734	0.000175508315877264	0.000171941167816183	0.000158594666497805	0.000144523796709299	0.000140663560693378
72031	10-14	2	0.000292825090033182	0.000274565251213776	0.00031784642879423	0.00036851471310088	0.000248495265975703	0.000207172859307857	0.000161253285600252	0.000162142014152839	0.000187784225629638
72031	15-19	2	0.00137556562195657	0.00115000971122608	0.0018089745751849	0.00159107924313189	0.00109307445112743	0.00101665244536953	0.000890458756355368	0.000515859798629373	0.000626299787629281
72031	20-24	2	0.00176101994219847	0.00188388044263709	0.00269122583715096	0.0035927918866207	0.00288949283474181	0.00236174856600208	0.00252359736434149	0.0019368293973218	0.00158044005085404
72031	25-29	2	0.00252182343610354	0.00326968011752608	0.00393191774193972	0.00309554674116858	0.00288087832517466	0.00267051100198451	0.00276067331539603	0.00268254736202214	0.00185942976884566
72031	30-34	2	0.00235016529723729	0.00370777378099606	0.00492516824885786	0.0041361351572224	0.00269526562657215	0.0026895919189613	0.0031095477085293	0.00198810875042507	0.00222542563979079
72031	35-39	2	0.00285314486639088	0.00402417141280498	0.00584519593573637	0.00464102835561271	0.00293160490584006	0.00274316493882398	0.00316320967977149	0.0023171534989064	0.0025922544103937
72031	40-44	2	0.00350564214500475	0.00429458821395957	0.00630844161945887	0.00667472151451632	0.00451766677270216	0.00402298499513697	0.00324361647141177	0.0031090154206843	0.00394788559089926
72031	45-49	2	0.00491205728098513	0.00542716064643974	0.0066689353062559	0.00732728651921547	0.00596942029287559	0.00522920956728834	0.00412141842269073	0.00385870663581629	0.00442226321139775
72031	50-54	2	0.00701819723294896	0.00668119775743343	0.00704493996336815	0.00884883721696685	0.00737299444342901	0.00691632815758877	0.00584015140144275	0.00611443958653072	0.00599528167997514
72031	55-59	2	0.00959035868518146	0.012812634084121	0.012237630846321	0.0114649689053767	0.00986815403682317	0.0107035656599403	0.0100738973653385	0.00876555899050292	0.00867576327744066
72031	60-64	2	0.0169931989126617	0.0169539506010598	0.0163622607018436	0.0166544452119005	0.0145701960716705	0.0143804710687936	0.0126628754313937	0.0117278037006545	0.012796002949629
72031	65-69	2	0.0220256931625471	0.023186436420043	0.0238922353804418	0.0210715485402055	0.0193122611423309	0.0194595193542176	0.0171802441477456	0.0159198088731911	0.015625382962884
72031	70-74	2	0.0384479795142647	0.0398479043958125	0.0399340815167382	0.0347496737287781	0.0296892777638145	0.0273996633547287	0.0246938836113697	0.0227655739839808	0.0218675975693267
72031	75-79	2	0.0558244300447663	0.0530926329850263	0.0529123952816506	0.0563339799658313	0.0448469092858567	0.0435692066805347	0.0391049661567625	0.0340435700377308	0.0324621147152434
72031	80-84	2	0.0905356378148304	0.103734650669986	0.0894644620769963	0.0864811506123642	0.0759178223287064	0.0690326233279462	0.0628871691285734	0.0521190233621838	0.0515419259293902
72031	85+	2	0.157535705997796	0.164115028720608	0.141021566356993	0.136226022140434	0.132762817712309	0.148334423731588	0.135727522629889	0.114709257916356	0.109473288419563
72033	0-4	2	0.00536489649101349	0.0038854394793764	0.00380997039601446	0.00386997994353367	0.00296593520966456	0.00299431932418031	0.00343245894100633	0.00292649392654919	0.0028815730139344
72033	5-9	2	0.000303629576892286	0.000291557084881832	0.000288180825554445	0.000299660710474349	0.000235340368914739	0.00022467578959854	0.000218166544854255	0.000191039613423518	0.00019990367231119
72033	10-14	2	0.000378888332837495	0.000367034353896447	0.00033186610973767	0.00032699243955499	0.000324849373292442	0.000327156733291253	0.000263458577969278	0.000232465700668416	0.000255286798080283
72033	15-19	2	0.00151111503814933	0.00205226265540765	0.00286212353383348	0.00170175324868639	0.00156045920264656	0.00148840373327431	0.001158930126573	0.000797440455585432	0.000934349490363306
72033	20-24	2	0.00261281506105265	0.00332639807193961	0.00414288223159136	0.00458149220416599	0.00358046118901083	0.00249843995606217	0.00265684791916818	0.00190156848469943	0.00208977514551294
72033	25-29	2	0.00394698104774842	0.0044274189264574	0.00644279915083474	0.00444926487107193	0.00356124144743756	0.00419724116785142	0.00254892780966426	0.00249781901989622	0.00262661560438909
72033	30-34	2	0.00474868184185541	0.00578358826651751	0.00743130506118363	0.0069901470056333	0.00432713105998996	0.00300579858283445	0.00248728780769017	0.00323759520434555	0.0025468621172938
72033	35-39	2	0.00389478966083564	0.0052907808260507	0.0087461667411449	0.00707002580911988	0.00435085866384606	0.00437149110007692	0.00311985382332938	0.00392465112111775	0.00344898061260599
72033	40-44	2	0.00565037676064536	0.00528388573961803	0.00878719040169282	0.00789375822868102	0.00472847742128173	0.00579727218083488	0.00458084191325965	0.00497987997106366	0.00420924453418458
72033	45-49	2	0.00851831707762258	0.00880747442443019	0.00887502816983587	0.00919642423785528	0.00778191270639899	0.00656122208972263	0.00564309015346213	0.00499648469002156	0.00817067998971308
72033	50-54	2	0.0158783473933059	0.0124089131563692	0.0126518122430339	0.0118120237758232	0.00979303024851474	0.00822872381704019	0.00899930346362208	0.00700276346975596	0.00766750713157854
72033	55-59	2	0.0192715934672495	0.0169499967843883	0.0139205789781618	0.0155849712480335	0.0138813571675056	0.0118274321885448	0.0123641913780218	0.00950861373719449	0.0124176460574672
72033	60-64	2	0.0238248321905515	0.0290252936346247	0.0278195463259012	0.0234462119468471	0.0186299532360542	0.0161247952913345	0.0146046820797678	0.0137624008939035	0.0162635114899928
72033	65-69	2	0.0386568793760714	0.0344841316965498	0.0271050869876832	0.0274883744409542	0.0243276884866267	0.023406558438101	0.0203516943849728	0.0177689137435176	0.0209367903061425
72033	70-74	2	0.0565134892599167	0.049078150108318	0.0483592211606351	0.055402200779651	0.0298768545415619	0.039573833969136	0.0318230974622788	0.0267350033588164	0.0324012373698793
72033	75-79	2	0.0678977602689442	0.0617346205293451	0.070219165168294	0.0578348891278866	0.0561163879842043	0.0596061951657912	0.0500211116612484	0.0443358640339551	0.0433023409513071
72033	80-84	2	0.148352344742917	0.110287453666411	0.100179051885326	0.103227564090777	0.0998104193654675	0.0790935974023506	0.0599238894450458	0.0633570498903298	0.0548396318455263
72033	85+	2	0.191781428126148	0.175686042685764	0.1746118564648	0.173249251668973	0.139290031592203	0.159627954060592	0.143207737719344	0.12212621458567	0.098663157715608
72035	0-4	2	0.00473943413940993	0.0035752132348296	0.0036938095887458	0.00296942473010158	0.00263243999296397	0.00294422496473086	0.00191940939368555	0.00220061626348053	0.00213929351402011
72035	5-9	2	0.000219442361997957	0.000245961119865973	0.00023271922814607	0.000250742443356621	0.000205808845564751	0.000178587361039315	0.000165571296220327	0.000153319923633142	0.000160233608678525
72035	10-14	2	0.000271934285559129	0.00033222870011888	0.000303115261549664	0.000300068555908678	0.000259315225375124	0.000246938194768396	0.000208125805308323	0.000193294416869324	0.000193539442450926
72035	15-19	2	0.000963889908368996	0.0013270398491917	0.00142231482238295	0.0015888428391652	0.000897235720519467	0.000773261278481063	0.00118464674215692	0.000656558381685711	0.000703342225637468
72035	20-24	2	0.0016051425429669	0.00171369628734682	0.00246311553632558	0.00260200873759797	0.0022092839785349	0.0024546084452848	0.00295610341771161	0.00152029752005829	0.00144262067029579
72035	25-29	2	0.00189010335771635	0.00301588264571874	0.00321557774619574	0.00215128008622931	0.00162625466213883	0.00245405204269927	0.00319039095723453	0.00185411606840779	0.00187931308022558
72035	30-34	2	0.00235223126356253	0.0031079094620024	0.00515071923136844	0.00353770650892601	0.00218452647254133	0.00268842482450255	0.00300840206632198	0.00252921164241723	0.00301083596741041
72035	35-39	2	0.00319210121861698	0.00415642577250253	0.00455862195820248	0.00516068537253083	0.00411777431462462	0.00342685082921121	0.00271393424176525	0.0024722168630113	0.00292137598350989
72035	40-44	2	0.00422430484761444	0.0047367638495377	0.00552359249997279	0.00561754363721589	0.00453988975775334	0.00456808199408498	0.00277484606999554	0.00346156227077679	0.00298144127905796
72035	45-49	2	0.00585648360606371	0.00650740480199116	0.00653291450991628	0.0063629286973087	0.00591799367551005	0.00593686529359768	0.00393210173394091	0.0040652947191279	0.00429089424225154
72035	50-54	2	0.00891792634647017	0.00879839427527467	0.00989679841185774	0.009101516628948	0.00810396996372425	0.00752178134312891	0.00652849252781715	0.00534807001652762	0.00575331507831679
72035	55-59	2	0.0134998013509736	0.0123966504283975	0.0105725234529287	0.0129597860128452	0.00918639912758245	0.00894486453049638	0.00917527555503035	0.00750544223116763	0.00749974891491512
72035	60-64	2	0.0212261563222195	0.0199034818716253	0.0173805956190973	0.0174566579341779	0.0150412414112596	0.0117950206690045	0.0117368692700829	0.0109858447006306	0.0111228595271702
72035	65-69	2	0.0311052826622652	0.0264216552236088	0.0271222641687805	0.0251546951014324	0.0218997257157902	0.0177878754613147	0.0179161476995253	0.0131549040389124	0.0147716303799707
72035	70-74	2	0.0399176926499468	0.0490881605450299	0.0424497980718107	0.0417761602328157	0.0305745253721747	0.023565646913399	0.0255047310107199	0.0185015565560487	0.0205947153077347
72035	75-79	2	0.0577676691093026	0.075868418298591	0.0606792443438803	0.064374804145925	0.0528455475548136	0.0428695760724427	0.0411010502748289	0.0356783880051519	0.0276693966194983
72035	80-84	2	0.0931875713476647	0.101396340502895	0.0957823894228258	0.0830668212286485	0.0721324038954857	0.0743772521834468	0.0665230265195025	0.057480568277801	0.0488829568590443
72035	85+	2	0.169164529956076	0.166662824970202	0.166474870145246	0.144774204726791	0.157158284504024	0.147933717928602	0.149681286371908	0.136670046200148	0.126806825675979
72037	0-4	2	0.00343817257483428	0.00341733217725305	0.00399751445453018	0.00329113897948814	0.00265564957508212	0.00281949955364227	0.00279197730709807	0.0019908296032732	0.00274204591608295
72037	5-9	2	0.00022637881655497	0.000269657473264953	0.000253544525061223	0.000234960952414826	0.000199597226812595	0.000189694664951951	0.000174366984466978	0.000158967195205282	0.000165916972796353
72037	10-14	2	0.000276622118859563	0.00028291971421981	0.000293278237453242	0.000300486589030289	0.000268696908926507	0.000230958449837166	0.000212384477785621	0.000194324346136603	0.000202580018473612
72037	15-19	2	0.00101855557251011	0.000839544326668044	0.00104415658213988	0.00104100533361958	0.000830979468394679	0.000791363592303827	0.000884538259813195	0.000679445415421628	0.000649642120289865
72037	20-24	2	0.00158357229761474	0.00196386128912358	0.0015820450031604	0.00192385357538548	0.00158451530929548	0.00155966639859552	0.00156923395244978	0.00134252401715702	0.00147581636425635
72037	25-29	2	0.00225433499883717	0.00267826604643049	0.00251177627969014	0.00203291286451744	0.00181052342465406	0.00179855795746414	0.0021463235144311	0.00167765567036554	0.00209031412396304
72037	30-34	2	0.00262288684886342	0.00274779763931413	0.00268780531966216	0.00295737362538479	0.00220169280537292	0.00203767927995723	0.00247407985759487	0.00219918116130603	0.00260767212618585
72037	35-39	2	0.00333321735731171	0.00335721507132018	0.00391589724077817	0.00289401951261976	0.00252527130977061	0.00245324917768451	0.00302489772135497	0.00244938934932666	0.00286443192189807
72037	40-44	2	0.0042233491359154	0.00468060368897952	0.00598115620319901	0.00411176189393008	0.00373889550176047	0.00331482245103034	0.003011377551284	0.00262496038639221	0.00384766077581245
72037	45-49	2	0.0058973302668218	0.00719272141771918	0.00684255140789797	0.00543614623058086	0.00438404651271629	0.00520372410500436	0.0037481304614865	0.00353102041939982	0.00414890859061231
72037	50-54	2	0.0072344567606792	0.00931923144858776	0.00924351546074366	0.00943355458559941	0.00806987058549669	0.00611396437139689	0.00630388755267065	0.00648597841146358	0.00717588406858538
72037	55-59	2	0.0146436003080107	0.0105831756965291	0.0151379242741267	0.0124104808718195	0.0103075480971012	0.0103849810769569	0.0103088355746359	0.00867507549887632	0.00984692655325911
72037	60-64	2	0.0200078134977153	0.0207901163074446	0.0164113107258387	0.0152845464093229	0.0146172841224102	0.0140928909584888	0.0143685559928102	0.014535123083979	0.0134190693485764
72037	65-69	2	0.0277934327662897	0.0232444000699694	0.0216864795237132	0.0231235752303286	0.0254060416164158	0.0221274490486291	0.0169438202081791	0.0163634314747054	0.0176294277460816
72037	70-74	2	0.0359017861372241	0.0517045271053252	0.051685771277189	0.0428051387472816	0.0323096261933865	0.0293712062986319	0.0289713453182337	0.0246998643998356	0.0282822272914874
72037	75-79	2	0.052234703894296	0.0643982295509849	0.0526832041249214	0.0586900674605514	0.0517716550303828	0.0439822491201311	0.0383858428881949	0.0381271243177312	0.0382827810508085
72037	80-84	2	0.125996047088868	0.110177911211894	0.0908595457041663	0.122985501932541	0.0971568341346221	0.0851566292014257	0.0616063781864063	0.0518040545582219	0.0598492526010885
72037	85+	2	0.194904452723012	0.198632139858435	0.185062474003791	0.181492223473638	0.144141568904171	0.144326593981787	0.157870131687899	0.124723879173779	0.124785183269025
72039	0-4	2	0.00449057373388695	0.00408355936601073	0.00319290214650313	0.00375777298548055	0.00267622526388466	0.00281424458605113	0.00253863776242824	0.00200778797327498	0.00198560954273458
72039	5-9	2	0.000217760766560762	0.000222032696839539	0.000253534248467817	0.000224742764955562	0.000191407067439259	0.000172976398838167	0.000158700807410944	0.000144821372965755	0.00015065890355406
72039	10-14	2	0.000288861169961298	0.000295572711046722	0.000278328655815694	0.000259435984258975	0.000221275545175453	0.000220772904395364	0.000202953684337654	0.000176784717158042	0.000203351152720866
72039	15-19	2	0.000880443129268631	0.000842020453277581	0.000837387396084123	0.00088326011846474	0.000871667126648783	0.000765096223609478	0.000596180513244794	0.000609913988861927	0.000642568252899317
72039	20-24	2	0.00165493310356952	0.00156238474983162	0.00187839143964556	0.00163036870499755	0.00172853680106313	0.00155426591747347	0.00152536782516045	0.00102954028014075	0.00134358685886771
72039	25-29	2	0.00213186976209552	0.00202661358102487	0.00216220429530004	0.00203844313285306	0.00221351126154708	0.00215473140110813	0.00188172181153936	0.00139264305383187	0.00151967346705576
72039	30-34	2	0.00200601273919933	0.00257101757743174	0.00308350290560697	0.00266620257276371	0.00213668229983224	0.0020768009187334	0.0023772078433296	0.00162057706897487	0.00209808370622639
72039	35-39	2	0.00326562721039366	0.00316194924028339	0.00334831049871987	0.00377353613124714	0.00257793623787235	0.00267496492472409	0.00275848431306461	0.00230588416177422	0.00223383465662954
72039	40-44	2	0.00355082108708879	0.0038054312294793	0.00408938423678549	0.00447329457765638	0.00408481464901468	0.00330889941346911	0.00318999394620495	0.0026140554338201	0.00288755529155512
72039	45-49	2	0.00484259890003235	0.0050729681495697	0.00632568117464711	0.00612649814445896	0.0062935014369814	0.00400859625200855	0.00401232613019922	0.00421641912452461	0.0042204139757572
72039	50-54	2	0.00738183622669674	0.00730153924252964	0.00817276718968849	0.00879579779366936	0.00659967345007892	0.00618078302787054	0.00462437020649273	0.00647225259500728	0.00481219027024751
72039	55-59	2	0.00966184408310532	0.0115188385255869	0.0129335725143756	0.0136069340116487	0.0102028609654576	0.00951618800213706	0.00768003271388283	0.00709080219258347	0.00673488347659696
72039	60-64	2	0.0140792373079065	0.0204826502591489	0.0151386090698854	0.0182497468718376	0.0128745110539398	0.0148396047698938	0.00869431458646564	0.0118358443115736	0.0110385420021978
72039	65-69	2	0.0272010717233194	0.02330474752961	0.0225256949815229	0.0259689790677966	0.0224619705191117	0.0202557477031737	0.0157248221818325	0.0139945506073728	0.0156450826600843
72039	70-74	2	0.0362652828255221	0.0386527129730524	0.0419584309871248	0.0362929034654872	0.0322876729892225	0.0273067182550152	0.0252168127107344	0.0209651301245753	0.0202539819229407
72039	75-79	2	0.0530064886874975	0.0509075929262842	0.0525797235083561	0.059494292398684	0.0530910937670464	0.0516963462010521	0.0439993941449675	0.0292139120562583	0.0398343153805967
72039	80-84	2	0.104665190879323	0.0753163415348313	0.0920593110525555	0.0781697456968296	0.0804180752129455	0.0752505200942065	0.0733499767146458	0.0646967935560668	0.0605077372007442
72039	85+	2	0.163191619392198	0.140393226730603	0.16280232278155	0.170985670493898	0.170350534223139	0.129513236821449	0.151684893272599	0.126158206836699	0.10739007740187
72041	0-4	2	0.00403605621247382	0.00342207230720385	0.00281578479138641	0.00294301920045238	0.0026323482769414	0.00242539413644678	0.00221629755300137	0.0016796400922883	0.0017869067660175
72041	5-9	2	0.00020723089238469	0.000200789789051474	0.000217299109073279	0.000233723799310072	0.000165471142696063	0.000165539102169849	0.000145278042726274	0.000140547703146106	0.000147128161060526
72041	10-14	2	0.000271311478131816	0.000330621778671129	0.00027197000734873	0.000266192417948851	0.000208259299595672	0.000218415295397787	0.000183914350566807	0.000161917002955632	0.000168957094771586
72041	15-19	2	0.000767959801751355	0.000751788321939551	0.000858531303177221	0.000955887581995312	0.000732443487477423	0.000708884978556826	0.00057097019153408	0.00070390668653546	0.00052928230564893
72041	20-24	2	0.00156450903498246	0.00138767812751673	0.00200458083591914	0.00141181650494579	0.00135742032177975	0.0016497273015951	0.00160149399274562	0.00101802516454002	0.00134372848273426
72041	25-29	2	0.00171485994270307	0.00195478054929144	0.00211735470706241	0.00177243329239921	0.0017985721299618	0.00216860391336317	0.00179892665919791	0.00195053644139974	0.00168340727981303
72041	30-34	2	0.00225633667670145	0.00234579934919145	0.00298979145863268	0.00280747083897516	0.00224111483309822	0.00184719369658192	0.00240561845296752	0.00229457024547603	0.00193888691468748
72041	35-39	2	0.00254945755992894	0.00266355491469435	0.00304901117709451	0.00352107742759535	0.00224731221014549	0.00253515099481491	0.00224454141020603	0.00221217230471327	0.00261135317141281
72041	40-44	2	0.00552154213369732	0.00375903586820758	0.00455301290934112	0.0038714345552524	0.00297400027014645	0.00323254075220043	0.00271855606344268	0.00260152104559864	0.00477543447674745
72041	45-49	2	0.00620795888750559	0.00577135098821147	0.00456677782310792	0.00423251508930647	0.00427053005242459	0.00398715518889919	0.00396880118742587	0.00334699508621661	0.00425407411436617
72041	50-54	2	0.00911967920073383	0.00768184016945531	0.00631770117605919	0.00711392210731717	0.0049832556775144	0.0061263735626483	0.00509458859207268	0.00635671828386428	0.00492225150133926
72041	55-59	2	0.00924422253359833	0.0136408390147977	0.0114621554300797	0.00931898472545131	0.00993180135360128	0.00896339459476249	0.00656766366429387	0.00691119467928608	0.00663387568049
72041	60-64	2	0.0169508349333895	0.0162444635125692	0.018252850621736	0.0158891635846538	0.0147660425584744	0.0117818128881949	0.0108238148313526	0.011047652773088	0.012527021040276
72041	65-69	2	0.0212243607706643	0.0277430630079749	0.0235081454623387	0.0219777927338083	0.0190667957395941	0.0149093745063153	0.0150839679523862	0.0136427271346924	0.0155651095502858
72041	70-74	2	0.0330667014293603	0.0325451564217559	0.0307884677083613	0.0375226427771813	0.0273419850229937	0.0233339601482389	0.0275663162116683	0.0204023637192557	0.0206850532956958
72041	75-79	2	0.0563005679847742	0.0620222691217582	0.043172802523084	0.0499673598801771	0.0427603442538154	0.0447005584625925	0.036664787838093	0.030899692594109	0.0308441119625437
72041	80-84	2	0.0715507445527033	0.0760082761430001	0.0831360287321696	0.0772386151926925	0.0838992419869738	0.074521215987945	0.0624740014083355	0.0581268222144047	0.0472593844970109
72041	85+	2	0.137784999025267	0.163162906268296	0.172080537617312	0.151642852008465	0.140157689383473	0.147986444696294	0.121956322198904	0.126940500713339	0.119565866288225
72043	0-4	2	0.00415424999407322	0.00341144261414542	0.00419833895469133	0.00397349317782886	0.00289348072882975	0.00229556638361389	0.00220787457114287	0.00185859845384055	0.00188978213663733
72043	5-9	2	0.000248643013420484	0.000221616062366272	0.000240795293533673	0.00028322644246084	0.000220967227538289	0.000181996963596783	0.000176631448036114	0.000147478789627244	0.000154731984504224
72043	10-14	2	0.000311388748044532	0.000349371499202602	0.000275180991560817	0.000281453054314152	0.000219365647333838	0.000217982215152874	0.000212578619489731	0.000179529688094646	0.000187329653256675
72043	15-19	2	0.00095713990117845	0.00094303321957397	0.000778629010497683	0.000802071326581118	0.00103538262463007	0.000906323241459062	0.000708950721533418	0.000602135798792098	0.00064263026239425
72043	20-24	2	0.00163656601141855	0.00177043164829373	0.00229797024843644	0.00147287440791666	0.00151848573246583	0.00123154418946719	0.00142822156762867	0.00122906229917123	0.0018481276386195
72043	25-29	2	0.0019503737921189	0.00185247140632336	0.00230403126422857	0.00229737133829028	0.00199834407629119	0.00178696297299179	0.00188226612901929	0.00187465477785522	0.00153403746022175
72043	30-34	2	0.00240792689088476	0.0030089804565353	0.00261888857550924	0.00320768214436047	0.00178951514700063	0.00187876125884698	0.00202073049924844	0.00227349699962397	0.00190317074151288
72043	35-39	2	0.00295021230090868	0.00449781935760129	0.00463365320502524	0.00393310380912037	0.0032364360117771	0.00238378302805449	0.00214286951122953	0.0024431793676316	0.00217847594953931
72043	40-44	2	0.00379590074654354	0.00352584147059333	0.00488886543140293	0.00590086442942667	0.0034918795593249	0.00315075569500695	0.00290711501616464	0.00234067290302472	0.00270700848751319
72043	45-49	2	0.00549522847868019	0.00659169311796533	0.00638936810672432	0.0063328285567768	0.00552595803231197	0.00347372732603427	0.00384123742522527	0.00335603933239393	0.00359814575328322
72043	50-54	2	0.0083273680330384	0.00969391142525582	0.00769376389967044	0.00833567709781216	0.00569013147459631	0.00624482813528112	0.00571678713069556	0.00626276060081252	0.00568818818759682
72043	55-59	2	0.0155967132955467	0.0120397084180055	0.0122101403768899	0.0116080566383291	0.0100984985023985	0.00729994405665776	0.00971475024260171	0.0083463375035262	0.0086316983192898
72043	60-64	2	0.0210212831416115	0.0175275617702342	0.0179711516419778	0.0166679532739758	0.0148168525091765	0.0123280215118694	0.0130110157300892	0.0126384210622371	0.0115050102653779
72043	65-69	2	0.0279137395554268	0.0268683084618921	0.0312201554422993	0.0265707693759233	0.0253663478173236	0.01807996747737	0.0171837502506881	0.017638891601874	0.0131187050119202
72043	70-74	2	0.0378854149865295	0.0461471442285735	0.0354527626862093	0.0362282127427528	0.0349416723032615	0.0289790598772055	0.0278736171692064	0.0260663387354358	0.0249112738641293
72043	75-79	2	0.053665699001409	0.057999098695848	0.0519344305101282	0.0542390908732995	0.0589303083462112	0.0526584301385998	0.0468615912277872	0.0427906102056181	0.0391292315829894
72043	80-84	2	0.0806136585566143	0.0809700896627596	0.0980042839073254	0.102845591849607	0.0884406715725315	0.0750867002465941	0.0757355823993168	0.0684238677982584	0.0534191048988599
72043	85+	2	0.184322709671287	0.153974385327361	0.155637355224598	0.148783700698098	0.167538992222655	0.164873606848049	0.14300380641448	0.113143995789254	0.110467413952131
72045	0-4	2	0.00348998136381023	0.00375770565543887	0.00280480346799704	0.00337261044574566	0.00283446504483003	0.00266100490267947	0.0022662884859957	0.00194775741594705	0.0023616807068609
72045	5-9	2	0.000224869979745736	0.000229206505918215	0.000237752027091989	0.000233631323477497	0.000189458805767507	0.000179442053924728	0.000164415423164483	0.000150289181448309	0.000164865450879139
72045	10-14	2	0.000270242129090266	0.00031969112862944	0.000287749920376607	0.000282351262043642	0.00022964081373659	0.00021807555756041	0.000210652483324776	0.000183629406557574	0.000201000812265595
72045	15-19	2	0.00100157064026005	0.000814532667572959	0.000885750433867815	0.000935936056871255	0.000779404391671088	0.000744947229855185	0.000635892588388363	0.000571629414230456	0.000626852015478336
72045	20-24	2	0.00194343946129722	0.00184054821104509	0.00227066640420827	0.00230989691378299	0.0018756957537954	0.00131868976038968	0.00138634357538048	0.00145525399180374	0.00130781688022529
72045	25-29	2	0.00219251573699609	0.00232477186501618	0.00231213381204097	0.00238207050267683	0.00182016537152308	0.00196581631003674	0.00153187053771505	0.00200636454549748	0.00145651159817526
72045	30-34	2	0.00241564150038535	0.00283818818639896	0.00287850916036385	0.003306165487649	0.00259269643568619	0.0023044215140389	0.0020341308541216	0.00177102350549973	0.00184077476835147
72045	35-39	2	0.0028483406358489	0.00378565537018654	0.00397766633942526	0.00444402905399584	0.00265627824138736	0.00338213964723773	0.00243227343535405	0.00247157473724915	0.00261531785656087
72045	40-44	2	0.00418542105963989	0.00426410633619741	0.00418168036113843	0.00442606575168441	0.00345841728794974	0.00320402564080305	0.00316456462451969	0.00290088733284927	0.00335796511737867
72045	45-49	2	0.00584073630790491	0.00539082525999076	0.0059118657667802	0.00525417160328965	0.00551091890010855	0.00500649961627751	0.00461128075560775	0.00428460017057174	0.00409815745932323
72045	50-54	2	0.00833586787812243	0.00724025550865288	0.0094205942605108	0.00870802130141138	0.00705269046700068	0.00659586960562066	0.00566058987491196	0.00608016394258065	0.00794533015704487
72045	55-59	2	0.0139601473297288	0.0097380283140063	0.0115471165337907	0.0139473162470033	0.0113520471301201	0.00881935287027857	0.00912644219464715	0.00742491095674114	0.00943232243456524
72045	60-64	2	0.01391041713773	0.0178724961267317	0.0190905627029264	0.0152156272819618	0.0150035224526934	0.0151897968232462	0.0141004712482925	0.0130799184676945	0.0110900618020644
72045	65-69	2	0.025556175970816	0.0262585989270512	0.0229833520893541	0.0250678544792732	0.0246215706914112	0.0260907179969429	0.0170619373149138	0.0164109725453905	0.0149987240919821
72045	70-74	2	0.0351689968956462	0.0379148350189536	0.0426477625705329	0.0478143098755504	0.0302697170720625	0.0278305339304778	0.0293369917643136	0.0222856778717499	0.0260666740614801
72045	75-79	2	0.0635515497931967	0.0557233224391664	0.0504655931599549	0.0561108003661131	0.0513434671006786	0.0390990141648544	0.0369962245448088	0.0461863856696923	0.046735563939044
72045	80-84	2	0.0846994788803207	0.101740547383122	0.0949232882770751	0.0699655616406336	0.0801618654263606	0.0844258029215098	0.0636435132800965	0.0684361203751109	0.0634405054188537
72045	85+	2	0.179348128308039	0.135851400262689	0.163313464757004	0.159161030613486	0.167772236563427	0.165140628076378	0.153096011985711	0.138141830224561	0.12691833106192
72047	0-4	2	0.0045464807470875	0.00312845060338945	0.00333946309990379	0.00354554663155005	0.00276357367219152	0.00258204706316242	0.0023156086409324	0.00166009945804664	0.00265087065375827
72047	5-9	2	0.000257600378724888	0.000216432460938962	0.000234967656214258	0.000252791361840933	0.00018777140067739	0.000170409533207069	0.000173177740360084	0.00015159746898553	0.000150678263431273
72047	10-14	2	0.000244053135061323	0.000260922844410016	0.000324430369851087	0.000275163717424356	0.000214509037841063	0.000214475868709118	0.000219224793818307	0.000192998670116958	0.000191567736295956
72047	15-19	2	0.000977439920510659	0.00081718036015205	0.000915304523254723	0.00125525603344695	0.000969112660835705	0.00101329708133007	0.000597006968199185	0.000619194540863352	0.000683630712306014
72047	20-24	2	0.00165411976345877	0.00134595493158665	0.00221099142788418	0.00196878047325467	0.00196812533223169	0.00217600961852756	0.00156898852833413	0.00149318018691897	0.00144974386242221
72047	25-29	2	0.00189596524621322	0.00215453054035872	0.00302984729182829	0.00202599554988945	0.00216305441209535	0.00179490770415014	0.00179223134309323	0.00148292416850229	0.00137989239023974
72047	30-34	2	0.00251031155249156	0.00277806408109563	0.00283579887619688	0.00358411048757251	0.001905416363585	0.00238534330626029	0.00224438408853658	0.0017811131545739	0.00219694085296369
72047	35-39	2	0.00270890314083362	0.00315495815924913	0.00382480294184677	0.00312293885705127	0.00271225280220838	0.00261325051217179	0.00232192188253546	0.00237948739415914	0.00333119368405816
72047	40-44	2	0.00360253012948737	0.00462420932684795	0.00424290981871479	0.00455659649221065	0.00303186821450215	0.00346784530169912	0.0030947488188851	0.00215364128296979	0.00294381932049222
72047	45-49	2	0.00477202577772043	0.00449578503757754	0.00603284087071841	0.00704102210426672	0.00543036033751855	0.00515682962588893	0.00402511587813938	0.0036411915015485	0.0031980278539085
72047	50-54	2	0.00768529776128958	0.00808041500275632	0.0090795381653535	0.0071103592749614	0.00560134228744341	0.00579086880219515	0.00507557337624927	0.00682890823214052	0.00495820295896238
72047	55-59	2	0.0118891258777523	0.0108829221701258	0.0137688788293205	0.00981808084237742	0.00795401143154	0.00842466430330956	0.0092953039696388	0.00822392499202568	0.010359123230443
72047	60-64	2	0.0197555789931358	0.0164073213453762	0.0187209294446451	0.0196595146453964	0.014002628746604	0.0136655965949496	0.0134442203397984	0.0131812617414696	0.014300783750008
72047	65-69	2	0.0231372617557174	0.0244676633154241	0.0253119576379904	0.0205313149778117	0.0194179854827516	0.0165892280375268	0.0138870944923318	0.016271889520507	0.0156476693072925
72047	70-74	2	0.0366055985008289	0.0357225633309231	0.033101032194978	0.0336840626589702	0.0312244606442912	0.0272095035861159	0.0251329439750384	0.023368872589905	0.0248557407271598
72047	75-79	2	0.046202104047743	0.0571484576342768	0.0544674697177294	0.0560546926011816	0.0482137425447478	0.0447795637523605	0.0423414248878635	0.0369600135038128	0.037096860147644
72047	80-84	2	0.110343862842987	0.0704810008177701	0.0962283038577795	0.0967116286460063	0.0725315560513449	0.0743972230438441	0.0716525677121567	0.0559095012600242	0.0607865093009773
72047	85+	2	0.167965702377829	0.17149719635892	0.177513053759958	0.180657803041168	0.177244009941432	0.167512553189865	0.141182723503886	0.134172056619512	0.102536254732559
72049	0-4	2	0.00387272470169556	0.00330217475935833	0.00296146986702284	0.00245212571654414	0.00180609057444797	0.00205045831280694	0.00241380376819787	0.00242623461508418	0.00246904201061274
72049	5-9	2	0.000207134225215035	0.000212288098686793	0.000220692667639725	0.000215070252576928	0.000181104778158937	0.000170648388266922	0.000155397673387791	0.000141117222313315	0.000154304472705205
72049	10-14	2	0.00025420342621178	0.000260569647686995	0.000270928693632178	0.000264135514777601	0.000222416185418646	0.00020945886721504	0.000190777842273942	0.000173246918986969	0.000179926598652504
72049	15-19	2	0.000885667038459464	0.000863609515396117	0.000944858735923514	0.00096763431015015	0.000735931961272086	0.000693352902057058	0.000631919231172421	0.00057507075529569	0.000597695314100589
72049	20-24	2	0.0016434431072794	0.0015996612707619	0.00166165933119414	0.00170613379181698	0.00136880568874437	0.00135914013200872	0.00123560670500815	0.00124330587029482	0.00123209601217869
72049	25-29	2	0.00194432004661072	0.00199351450536173	0.00218045102804674	0.00202475886910562	0.00170886887623176	0.00177698555817569	0.00154695076521236	0.00140741103196908	0.00145934924244039
72049	30-34	2	0.00232117655649743	0.00250362201850325	0.00246977674362598	0.00252196491747303	0.00203039843224816	0.00202569768865004	0.00214408026021719	0.00176491781791998	0.00173875793655384
72049	35-39	2	0.0028952342821574	0.00309300911569163	0.0030408541064867	0.00327294881841261	0.00251171506273999	0.00249252659322149	0.00227978607782587	0.00219327106676248	0.00239612097695644
72049	40-44	2	0.00361842903306864	0.00366913873358887	0.00397030184282553	0.00366842370930258	0.00310370341877963	0.0030875972206748	0.00282583018125939	0.00255305012344066	0.00310812513919976
72049	45-49	2	0.00483677454025983	0.0056537097637518	0.00577558009819478	0.00506397739718076	0.00470981495726657	0.00402626741344791	0.0038878039844632	0.00377522613188702	0.00351514948693818
72049	50-54	2	0.0072042533680598	0.00694034725044397	0.00710488213979944	0.00786158121698381	0.00701800547268279	0.00697109774634057	0.00600682597577849	0.0047200991392538	0.00495787069938288
72049	55-59	2	0.0107921257814043	0.0103290920413532	0.0109889020453683	0.0119989020665615	0.00803491187126382	0.00752490648989989	0.00738768368732686	0.00774853862821052	0.00794133733436947
72049	60-64	2	0.0160749513294039	0.0143761078995989	0.0158396694605674	0.0174061633941783	0.0136035688148018	0.0148905248482276	0.0117482644020468	0.013625640476789	0.0125724885716026
72049	65-69	2	0.0252507837358107	0.0219121549527732	0.0232781704753299	0.0258882429408323	0.0194866912790919	0.0188766929359532	0.0174259637547905	0.0160815296900074	0.0142108742060303
72049	70-74	2	0.0326305625791113	0.0385147596411837	0.0398217348874863	0.0372214506011823	0.0278195603506608	0.0248188188291848	0.0285132296235998	0.0233930539456246	0.0217130818090194
72049	75-79	2	0.0524297994493583	0.0587359927384839	0.0542580395602167	0.0468772989631224	0.0391588871281156	0.0410076012056855	0.0406910980290062	0.0402414137502523	0.0438824580987247
72049	80-84	2	0.0846795255196766	0.0964278730328524	0.112002314982706	0.101464093635997	0.0965160346761074	0.0832208766746736	0.0623147463090773	0.0612403465269456	0.0672791372129922
72049	85+	2	0.199378055044603	0.184168789700787	0.166721829110123	0.153612024460067	0.14571103975016	0.141861583344989	0.144351848686403	0.131399355236927	0.112405488651459
72051	0-4	2	0.00383252817601334	0.00304328855140112	0.00278949370676483	0.00284321948400513	0.00273546565793063	0.0026850648755902	0.0023178155766578	0.00189616223833524	0.00211419746846611
72051	5-9	2	0.000227188716495221	0.000221265543766807	0.000240872468345348	0.000215089118446862	0.000201719425506693	0.000172282736452819	0.000166266331916902	0.00015329826654112	0.000160411871531161
72051	10-14	2	0.000315899555698478	0.00025373661612754	0.000288615085262683	0.000271815835491894	0.000232321034544399	0.000208430456273848	0.000199634284146	0.000175786125165986	0.000203150805987609
72051	15-19	2	0.00113635510801683	0.000987694409620177	0.00101026093978256	0.00136703431703733	0.000809655918157205	0.000876292081908128	0.000691817343980744	0.000612317312404231	0.000702055384636418
72051	20-24	2	0.00149003144416342	0.00177771467400435	0.00223600926289784	0.00234879724305695	0.0022900300058477	0.00161858616001782	0.00165623901186992	0.00128591192050452	0.00128999820446431
72051	25-29	2	0.00199785917692204	0.00239639090668306	0.00354811719263103	0.00246754996763795	0.00215636209791891	0.00235588052781096	0.00261993586180211	0.0017001285987877	0.00214688733515279
72051	30-34	2	0.00218587597825681	0.00242942977113934	0.00374913857551318	0.00301522743973547	0.00185789764439923	0.00220935601868499	0.00223947576133944	0.00162496665154953	0.00217333581823088
72051	35-39	2	0.00354234509053454	0.00385280745396318	0.00431334693401632	0.00427445448539905	0.00266561992664357	0.00249070013800512	0.00247220562571072	0.00275402811972369	0.00240484024495632
72051	40-44	2	0.00369029641980746	0.00417112411179801	0.00532051093303891	0.00463911331184015	0.00386561952635998	0.00331130059589283	0.00270416882173708	0.00278586536331529	0.00345668221340301
72051	45-49	2	0.00530534703223421	0.00523554925482279	0.00678574799115333	0.00761211328725699	0.00585011510831299	0.00498724399968176	0.00372997322716665	0.00302810825056304	0.00314783400057521
72051	50-54	2	0.00818202521301524	0.00873444059694032	0.00694563517912251	0.0079321315664218	0.00696752257771634	0.00655296034978249	0.00501319985070977	0.00501559912872111	0.005379658874204
72051	55-59	2	0.0122946885932533	0.0117692075869898	0.0159922110950997	0.0113995872543442	0.0127944611374411	0.00945807558716244	0.00824938635083907	0.00771264064922057	0.00815862121272002
72051	60-64	2	0.0179253240587224	0.0198623024166558	0.0181943886528445	0.0152093933639118	0.0125118267090635	0.0127878243215798	0.0101269101430703	0.0116073323371658	0.0111795246201084
72051	65-69	2	0.0251104052124424	0.0280455932748272	0.0229531175278457	0.0275216422363213	0.0245749292769598	0.0212512106543783	0.0180409040121299	0.015522965962906	0.01548366393256
72051	70-74	2	0.0304443543642769	0.0456415129214054	0.0362648366588502	0.0383779719175998	0.0309242551818467	0.0279469184613213	0.0220244942442317	0.022660793843299	0.0228156381234329
72051	75-79	2	0.0519456476064057	0.062963405624465	0.0553511443571178	0.05348698521371	0.0548949898849483	0.0407635261163351	0.0375387541353763	0.0358420203460088	0.0363178281703756
72051	80-84	2	0.0880888801371146	0.109904357352024	0.0937488158946361	0.0938375264303406	0.0929500054185655	0.0860716894598684	0.0617821735369144	0.0573933162330609	0.060449263306806
72051	85+	2	0.13666756352115	0.174771780839089	0.146057491460835	0.154710206468881	0.129022204671614	0.147238423046511	0.149759517971046	0.13044689765273	0.130107492216402
72053	0-4	2	0.00462896230219132	0.0035466390217731	0.00467838127469714	0.00327942882765842	0.00302385300282667	0.00300185113275615	0.002999126715976	0.00227661064080973	0.00247545102018265
72053	5-9	2	0.000246568799452271	0.000267118733706201	0.000318728607943872	0.000244174554106119	0.000208734182707008	0.000210018709231119	0.000194944857931208	0.000170973177304686	0.0001788803638417
72053	10-14	2	0.00030865196828032	0.000331233417445733	0.000360388007449949	0.00032386794617462	0.000278849302790783	0.000278180569928832	0.000223729873104674	0.000207186212529892	0.000216509740870012
72053	15-19	2	0.000907859667974989	0.00112024822888436	0.00111507529939997	0.0015038653985362	0.000884533238899569	0.000901974174091321	0.000955417356707449	0.000788827592646317	0.000806111721277293
72053	20-24	2	0.00160749769773334	0.00202552550544126	0.00243895149902271	0.002344024180818	0.00215220688332395	0.0022276260913838	0.00287885866029733	0.00203359151715835	0.0016368193474424
72053	25-29	2	0.0021180698632677	0.00216390738927039	0.00263874947561723	0.00279867955609092	0.0026057907825075	0.00269795491401292	0.0029528623263791	0.00242592787856679	0.00220059637597742
72053	30-34	2	0.00246928112903857	0.00345143194767913	0.00405258338276725	0.00352793444154389	0.0029967660344732	0.00328775161440087	0.00243138815463384	0.0026750322127833	0.00291201406665072
72053	35-39	2	0.00388343878069424	0.00441587177441696	0.00614619691605389	0.005088392575167	0.00386145975837	0.0031229250548563	0.00329720177418486	0.00274430312289976	0.00284082240020874
72053	40-44	2	0.00529222716359471	0.0052854006301068	0.00656433939237691	0.00670223822138078	0.00446285322259542	0.00488292149910063	0.0034303557850679	0.00443519137034718	0.00463975836925985
72053	45-49	2	0.00712647280715356	0.0057238567687753	0.0075123203602124	0.00807772751179598	0.0072608102096325	0.00515216680022726	0.00616494794993621	0.00463588890071019	0.00525686107978557
72053	50-54	2	0.00877656259253381	0.010433885566982	0.0103013247126951	0.00793150840625348	0.00791291366293224	0.00760406455858206	0.00733529152720758	0.00537550941273465	0.00807863600146465
72053	55-59	2	0.0144265726436627	0.0145924898385735	0.0135399265072897	0.0149865225019611	0.0110579438741995	0.0131513277220208	0.0120631208256601	0.0102893811585641	0.0103215269086591
72053	60-64	2	0.018116777339645	0.017996647286132	0.0190341733337879	0.019568673870605	0.0184040024164747	0.0191046493523563	0.0156128842664915	0.0148866663419969	0.0145386532391142
72053	65-69	2	0.0270700598396854	0.0229407544253981	0.0295789812475533	0.0236144855532062	0.0227102398992545	0.0278813442148219	0.0193973820466789	0.019288802045833	0.0209181698791994
72053	70-74	2	0.0447846910016877	0.0420354398124706	0.0468442399008721	0.0373290519266161	0.0403650986044387	0.0307946646430814	0.0258610831153519	0.0251127093055151	0.0260722555886263
72053	75-79	2	0.0502789399024256	0.0558579226313351	0.0661598316566387	0.0611586864880797	0.0535221943547131	0.0456380096405884	0.0436013807517773	0.0379432499369721	0.0415978087055501
72053	80-84	2	0.122095508282213	0.100559839013863	0.100783643377309	0.100324284468697	0.0785887228942472	0.089466123565653	0.0693727019943526	0.0522323319505293	0.0693931426977907
72053	85+	2	0.18452461370964	0.218465543339375	0.157656583627703	0.177159760037133	0.152968535384812	0.146768496955666	0.154553390084123	0.134769772506316	0.116943983921908
72054	0-4	2	0.00420755319288166	0.00405447725338385	0.00380299520511271	0.00394005787437642	0.00294523672729509	0.00302619362071585	0.00251768444370133	0.00221550019014282	0.00233554146960615
72054	5-9	2	0.000227067240286933	0.000232875800096541	0.000241442009724641	0.000246491428357494	0.000197705690133493	0.000186809223211068	0.000170676280148436	0.000155762138644351	0.000161891142014196
72054	10-14	2	0.000277058004741196	0.000298322560018057	0.000309149219443257	0.000285923420229923	0.000241351276389972	0.000227539504381058	0.000207705711895945	0.000190232696392996	0.0001978579228503
72054	15-19	2	0.000920407281912399	0.000935875796243167	0.000962551611895965	0.00117543535225267	0.000915564967705771	0.000715573597357434	0.000688161042326692	0.000634507525094063	0.000634658517118956
72054	20-24	2	0.00165207244129157	0.00159695448855589	0.00193309482491256	0.0017536295940251	0.00162720270084395	0.00131888274284394	0.00133316068075993	0.00124981669805683	0.00148112650178469
72054	25-29	2	0.00235213500688772	0.00217981861529444	0.00240373873912753	0.00225837786636174	0.00201822244486679	0.00185129986722855	0.00218128062549821	0.00177467117625531	0.00161139718044188
72054	30-34	2	0.00248755375739482	0.00253427337426439	0.00318254955615214	0.00289171233566475	0.00209600461709809	0.00208095748443874	0.00202833942258799	0.00194073046738263	0.00190514265557739
72054	35-39	2	0.00364900416857925	0.00334535956336128	0.00379988018682845	0.00405599709972656	0.00252512579095668	0.00248134386737834	0.00250071869830672	0.00240383249134179	0.00268585785422202
72054	40-44	2	0.00429812428168707	0.00405157381624894	0.00487939045865922	0.0045822431153399	0.0039277586995118	0.00305379479854469	0.00252149043866933	0.00298838645080669	0.00348037971666994
72054	45-49	2	0.00656054902857809	0.0070672957144876	0.00549692316639866	0.00630606233632777	0.00476234865333466	0.00443562818830379	0.00376530984926491	0.00339907701033685	0.00423379860902015
72054	50-54	2	0.00873714492963384	0.011699777501356	0.00861539372103529	0.00793801281196784	0.00655108142247547	0.00635539710735258	0.0065048621886883	0.00658788861793891	0.00622288639723409
72054	55-59	2	0.0120090099834825	0.0145195711150992	0.0126732644331323	0.0129850447544508	0.00766691180908597	0.00782010727861436	0.00871696633045584	0.00855763244025937	0.00801523035676065
72054	60-64	2	0.018988342460859	0.0169821417414719	0.0175611649682041	0.0183073539426777	0.0177339751768495	0.0149910601458409	0.0138668315147245	0.010405271904966	0.0106713133147543
72054	65-69	2	0.0259146548722381	0.0243495310619552	0.0291942928299297	0.026733365115364	0.0244248137763199	0.0229380318906078	0.01653743885851	0.0164334592341934	0.0165447802771504
72054	70-74	2	0.0402339935003743	0.0499743799219349	0.0491027788706204	0.0424142295151985	0.0344072492436733	0.0339525618539304	0.0225651669102567	0.0212631055564207	0.0244629443240202
72054	75-79	2	0.0578412873159224	0.0524686672489555	0.063729155368857	0.0479075188293034	0.0568040703725327	0.0457612253349305	0.0373753909342038	0.0400532013130692	0.0394885648333877
72054	80-84	2	0.105056458140692	0.103763608594393	0.11615618844429	0.0911340911642951	0.0768543327471798	0.0848034184158692	0.0659771530213788	0.0740018199034823	0.057257916870818
72054	85+	2	0.238857733713659	0.19468495084531	0.184941039331519	0.199489991627675	0.174432728138161	0.182974952387818	0.161461128038105	0.155824262242255	0.150768606928631
72055	0-4	2	0.00441373484024473	0.00464072095608095	0.00435668799306491	0.00407669124654076	0.00329080151150253	0.00384989858430984	0.00274556349097088	0.00253835976781632	0.00312255981482864
72055	5-9	2	0.000288464631473071	0.000256582679814739	0.000266950349231378	0.000287819531853197	0.000245452119873938	0.000211368690772739	0.000194624251619473	0.000178805863358435	0.000186748598661103
72055	10-14	2	0.000332604624143769	0.000307729686692356	0.000350955304436028	0.00036339983825403	0.000270010502818867	0.000269945463858453	0.000261716218837056	0.000218054969706454	0.00022776238924385
72055	15-19	2	0.00101816995770252	0.000975313424524468	0.00117238527225213	0.00111273201729597	0.000986465363981053	0.000840385290832438	0.000793698374895058	0.000784919197425473	0.000832072489221077
72055	20-24	2	0.00246927661068201	0.00208988711279812	0.00222615815104658	0.00209572509299722	0.00159312841060976	0.00203560430551412	0.00168698104314165	0.00131130616567173	0.00127010426174826
72055	25-29	2	0.00257508410577582	0.00320963861541411	0.00305054041436313	0.00351166419336663	0.00244307704637	0.00237507767504939	0.0021200803980728	0.0016558158162462	0.0024725942443089
72055	30-34	2	0.00258486246431319	0.00325893823202266	0.00374130077542653	0.00333841422279237	0.00264203262067243	0.00227884001179476	0.00217153720763986	0.00213321910989288	0.00218102269068229
72055	35-39	2	0.00444000971681232	0.00376860247695961	0.00584087771111073	0.00465714138376301	0.00427816711223566	0.00289793112256682	0.00252107325559339	0.00346611350841643	0.00294821563167223
72055	40-44	2	0.00446948406924957	0.00618946118575919	0.00590878417105718	0.00608834807781626	0.00363707125302563	0.00411418618479109	0.0030575396852792	0.00357940647233775	0.00418186682678553
72055	45-49	2	0.00587781969671017	0.00733716090739602	0.00677786530575002	0.00716489002264	0.00583844757117199	0.0056327449729214	0.00482425940542531	0.00524195105363794	0.00511483682679025
72055	50-54	2	0.00836431018559358	0.00928624899826055	0.0105582384463486	0.00925140950334327	0.00699874601043777	0.00877626840205834	0.00757404388489373	0.00749802664303566	0.0080955699114923
72055	55-59	2	0.0164126340105704	0.013639498312902	0.0135003707623254	0.0136533371273227	0.0146272211902337	0.0125482586433776	0.0114643974765047	0.0104484383540803	0.00961856694149513
72055	60-64	2	0.021191082194431	0.0181037724581044	0.0226902507484886	0.0221215749732095	0.0177667922485612	0.0162084857315456	0.0133165312456101	0.0131988310552689	0.0144527705064043
72055	65-69	2	0.0285277556016264	0.0266975067714617	0.0304753464438365	0.0252770032816676	0.0195675006906732	0.0221837566359447	0.019462480931158	0.0203451000168313	0.0225778885057626
72055	70-74	2	0.0457137509491926	0.0422706901114912	0.0455477452464741	0.0404421434206842	0.0412638767484623	0.036651177531936	0.030505820404428	0.0305260525170092	0.0289478021095143
72055	75-79	2	0.0701276704392964	0.0770308162592426	0.0625061619804305	0.0689083701998649	0.0496060698256926	0.0486015866852848	0.0508783685913105	0.0531598033177417	0.0388878402239587
72055	80-84	2	0.0885225037812438	0.097356965421552	0.0934618480347924	0.115050342571284	0.100365945997984	0.102751460439534	0.0674679932692435	0.0634166687785855	0.0856962037894882
72055	85+	2	0.191525089615131	0.199735947500294	0.195095516804049	0.181882251343563	0.174393231964322	0.149610155101716	0.166785226916036	0.188320384263346	0.157314869068638
72057	0-4	2	0.00445946766546191	0.00469474059253411	0.00470404087644159	0.00323359473890525	0.00277822780005097	0.00326903086598559	0.00219107424866816	0.00222526088273032	0.00255651977713855
72057	5-9	2	0.000240613287141761	0.000226311474860725	0.000270665177284	0.000266589285935513	0.000219396421275405	0.000190134813529131	0.000185112274372302	0.000171914638993256	0.000181033491154089
72057	10-14	2	0.00042100205894603	0.000336231206726471	0.000335606472788576	0.00031759216873349	0.000274582952285378	0.00023766635512568	0.000210569682069882	0.00020726104794259	0.000208118894962748
72057	15-19	2	0.000858683092917731	0.00107017009077071	0.00122272676469873	0.00116352792155141	0.00102849119724827	0.000917988873480706	0.000963713120581179	0.000784279593053132	0.000824995651700642
72057	20-24	2	0.00191913864658485	0.00171307779993092	0.00219727113874795	0.00227581460501555	0.002338489055215	0.00174001016431577	0.0018202243433759	0.00125550010955224	0.00180948993596223
72057	25-29	2	0.00224750555481978	0.00216838846868836	0.00257032012097351	0.00272508599855949	0.00207869072298249	0.00190399793336997	0.00228953234002342	0.00206084679052703	0.00255574483034223
72057	30-34	2	0.00242942233343964	0.00354179500055337	0.00342121488873579	0.00331513162781399	0.00227890538079754	0.0024043192968577	0.00208028124787616	0.0022871186133153	0.00254617309543907
72057	35-39	2	0.00321835507967284	0.00439990841142449	0.00556579284746108	0.00451479394543963	0.00329957236892066	0.00278237817572327	0.00233905872645666	0.00287447120953826	0.00402192182544984
72057	40-44	2	0.00473612798407924	0.00483923731900784	0.00518614831935503	0.00657999712699118	0.00495799495391023	0.0042947952150968	0.00281144217379399	0.00343155759407207	0.00325838111226436
72057	45-49	2	0.00601222590886309	0.00581825701420632	0.00830279428768931	0.00706901670183568	0.00586023027894281	0.00478191939786286	0.00428995307514706	0.00324928183008222	0.00464309768711795
72057	50-54	2	0.010300258425305	0.0115317019166137	0.00829807851748392	0.00988633762157294	0.00798854352120994	0.00818314434355317	0.00637018885576221	0.00706493705797165	0.00658615728497536
72057	55-59	2	0.0139060646423747	0.013693473695999	0.0151521882533908	0.0133665597144463	0.0133561004056131	0.00941065327210574	0.0107834279986605	0.00878866530494718	0.00989919675052874
72057	60-64	2	0.0222900357706887	0.0226487079355676	0.0193890426784002	0.01929735474003	0.0178952813634069	0.0168324942178187	0.0145015678659648	0.0127865398892204	0.0131978066897317
72057	65-69	2	0.0326879826247052	0.0317382171546743	0.0314765771703959	0.0257037988481197	0.0250474023204863	0.0232336268657784	0.0199203854900284	0.0184303958051915	0.019258719436345
72057	70-74	2	0.0504022457665259	0.048469041038117	0.0451413685113208	0.0429070203550004	0.0408576530399946	0.0362685337021146	0.0283722293815361	0.0268365759789798	0.0277082368931247
72057	75-79	2	0.0564642672242311	0.0573966925901518	0.0571021510440915	0.0551470970500602	0.0517497687779443	0.0419859192798792	0.0435438470195386	0.0394197528429389	0.0402418804987215
72057	80-84	2	0.0934738200072115	0.113008545504787	0.0810151667784849	0.112586637460773	0.103483456213359	0.0856720021806026	0.0712711983700662	0.0628488317827093	0.072664161474764
72057	85+	2	0.172313258361985	0.150938886424182	0.197569809511141	0.179647672313247	0.171295630933079	0.162593224917811	0.151336593293194	0.147289724729713	0.147707715665208
72059	0-4	2	0.00467221953937011	0.00429518184765897	0.00351213111587592	0.00357049744113922	0.00283808054692802	0.00261364379480636	0.00278574250300533	0.00252734602244391	0.00272020533505551
72059	5-9	2	0.000237146398894829	0.000231643873911394	0.000240702961541523	0.000236394962843285	0.000201709299676569	0.000201191967585925	0.000175698311452641	0.000161251537299006	0.000168583118332032
72059	10-14	2	0.000286816320475582	0.00030752673765465	0.000304190955062059	0.00031383932736047	0.000256442773211477	0.00026932730222528	0.000213576939138308	0.000196483147205801	0.000205397495581392
72059	15-19	2	0.00106100545563507	0.0010036286631943	0.000913510412428102	0.00096557190671415	0.000887003414491697	0.00102539199317107	0.000783866159939391	0.000664444490417374	0.000704172729523183
72059	20-24	2	0.00166691500647784	0.00198106430436324	0.0021671935075456	0.00167680134101753	0.00170497049153919	0.0018322209005606	0.00133356223083435	0.00152742188261815	0.001387939155275
72059	25-29	2	0.0025497223820159	0.00189125875817372	0.00217199223041738	0.00200222064806576	0.00203959730960661	0.00219462956879526	0.00150433581361957	0.00204250744202395	0.00174290779370095
72059	30-34	2	0.00243095396926302	0.00295085778642625	0.00314578891751554	0.0032353800424172	0.00252544598329465	0.00242508822154673	0.00188911324537201	0.00237511944913759	0.00255540211802537
72059	35-39	2	0.00298315020226693	0.00315706572743487	0.00423228090807903	0.00315781921993356	0.00282338408608387	0.00301508800835429	0.00215013492279576	0.00284106734848573	0.002952001522114
72059	40-44	2	0.00340138442118294	0.00387783120893123	0.00496479522934287	0.00489501291276474	0.0039684181591568	0.00328430443889572	0.00326449784046166	0.00248869812750987	0.00381409767339148
72059	45-49	2	0.00551370072215877	0.00585467889408942	0.00532715807784826	0.00641371071114347	0.00471430606722867	0.00517594387848629	0.00515796867994572	0.00452297730798922	0.00435821835552475
72059	50-54	2	0.00674103903577844	0.00923222563742613	0.00807221945305132	0.00860343369631737	0.00880459016751644	0.00712258212447012	0.0052361017394644	0.00538267722222047	0.0062658977000263
72059	55-59	2	0.0124230184899688	0.0115090520332186	0.0112930758049912	0.0114459523886672	0.0106571878981332	0.0108253641510063	0.00941971962085602	0.00884158591965313	0.00926555527080741
72059	60-64	2	0.0170382263647372	0.0232374513279218	0.0214474466616035	0.0182282111586678	0.0176562929308031	0.0161541686496107	0.0146707654262616	0.0151755209923924	0.0136112741877093
72059	65-69	2	0.0242910279389023	0.031790311442206	0.0241013532081672	0.0225482818188264	0.0215305296819777	0.0233053140696099	0.0241345114860514	0.018092586679986	0.0152285911941462
72059	70-74	2	0.0395306392883583	0.038937545398786	0.0412417044534663	0.0427274774611305	0.0351446724754565	0.0324562215004083	0.024920087197389	0.0256602920937985	0.0317744872721067
72059	75-79	2	0.0614451666995308	0.074249179405645	0.0575149676901859	0.0600979952734461	0.0467922710608862	0.0466903190304871	0.0353891089219629	0.0494769294444543	0.0476248537988907
72059	80-84	2	0.102059783223853	0.101367802832615	0.0939293238069805	0.108265276609966	0.0928006967455725	0.0904206464329427	0.0816670586802057	0.0611036990563071	0.0725678985662484
72059	85+	2	0.162783078631312	0.181492723434127	0.154680853870957	0.158435629822205	0.15690702909804	0.200793715622511	0.175804024897973	0.152638268787558	0.150169111124626
72061	0-4	2	0.00338011910193305	0.00296002497848398	0.00297681279987563	0.00328050029623416	0.00261305580054485	0.00222444106880722	0.00209630834007082	0.00164531561684811	0.00199667582001655
72061	5-9	2	0.000226334000717446	0.000212540963673123	0.000229893041688328	0.000190417803732155	0.000180906161342338	0.000182724181566221	0.000149389881766511	0.000139002493949153	0.000146194747264784
72061	10-14	2	0.000242251027442585	0.000280485973416085	0.000258098732752977	0.000287843447757475	0.000232794663598354	0.000206078971181566	0.000168958931686236	0.000158225423449681	0.000182555635697308
72061	15-19	2	0.000900195347684204	0.00117675041868881	0.00127231439191159	0.00171396156679799	0.0012526895393104	0.00121523661545744	0.00083945676000232	0.000644936715912487	0.000692462557391685
72061	20-24	2	0.00161491715695165	0.00177171417778234	0.00273864617623221	0.00265958070782671	0.00258847361680837	0.00239318800430116	0.00235367111866433	0.00156364086926459	0.00141014254864432
72061	25-29	2	0.00245951141035903	0.00290862618395443	0.00345826251430717	0.00325794362834486	0.00274195036081669	0.00249008081347835	0.00230929025369802	0.00155803715938227	0.0019780987855841
72061	30-34	2	0.00220487032587753	0.0028043289057253	0.00435411743020918	0.00334229730432036	0.00227817682329914	0.00265143720098646	0.00253784888569781	0.00187551068126361	0.00231408399537345
72061	35-39	2	0.00243958615384359	0.00332666964100018	0.00517865015323647	0.00416401207149972	0.00272345172191558	0.00223703762912644	0.00221578023422172	0.00200898395174065	0.00313992451790658
72061	40-44	2	0.00335680403979715	0.00446569232542303	0.00507775232355879	0.0053904323267733	0.00391822241141252	0.00308731947728527	0.00292144793772349	0.00244636216231945	0.00283933216934777
72061	45-49	2	0.00401648073277252	0.00469446935904783	0.00656882963605421	0.006210971405925	0.00412216060006146	0.00425222130077331	0.00345362119790307	0.00369152671109717	0.00477809001037661
72061	50-54	2	0.00808924877190153	0.00706780572738822	0.00734650136988191	0.00791848070780895	0.00670079618511348	0.00574375384635303	0.00566058860083788	0.0051269689647513	0.00499199526509632
72061	55-59	2	0.01041977871772	0.00984526980865417	0.0103150352772737	0.00977770754705277	0.00897937962335679	0.0096669569359551	0.00720933751312173	0.00746875671138789	0.00778707167682068
72061	60-64	2	0.0194504853057424	0.0170365322709985	0.0138539581021442	0.015433179009241	0.0126899697533653	0.0123880663484247	0.00907880469405634	0.0093383895243747	0.0102873907063407
72061	65-69	2	0.0235367521945701	0.0232496218760282	0.0228403853065478	0.021018497036263	0.0196299257608567	0.0164191731777053	0.0155986679706345	0.0154540124735215	0.0142426291125746
72061	70-74	2	0.034725700031937	0.030699486810711	0.0312208835293079	0.034349948450174	0.0285205457232199	0.0255945065280245	0.0241870620338155	0.0199224202092853	0.0238550182189502
72061	75-79	2	0.0526995465897272	0.0499423513107621	0.0492481415828836	0.0492749743304707	0.0438776569420996	0.0425208221383009	0.0324164395215424	0.0325372855659916	0.0356842384891459
72061	80-84	2	0.0909194115222095	0.0842002558599327	0.0801359008772264	0.0779382640026077	0.0688657360425361	0.0696690745952376	0.0638521876813244	0.0511298946164963	0.0576761711407073
72061	85+	2	0.152025096249317	0.161146671057542	0.152152250537876	0.135631072658917	0.143495651590953	0.144250615634246	0.149635851013665	0.141516910491732	0.131422606890786
72063	0-4	2	0.0036347499802579	0.00380991641813183	0.00322564200587753	0.00281691560922284	0.00251697436751848	0.00258244455190093	0.00221870383509739	0.00169622008893593	0.00189116725882965
72063	5-9	2	0.000228199381824771	0.00022235790209103	0.000218976468285438	0.000244923062251359	0.000179817906296676	0.000205908241208522	0.000155941672116565	0.00015133057218776	0.000151194020398372
72063	10-14	2	0.00025017604716275	0.000280499482867587	0.000289772605566139	0.000324744165931264	0.000239721541368878	0.000204732007224938	0.000197459386626748	0.000192665134871267	0.000182969296119059
72063	15-19	2	0.000925156879676371	0.00079463167399365	0.00128189201602976	0.00114782503729783	0.000961870822802589	0.000800475628612212	0.000800717561310209	0.000652746128289293	0.000667726254696107
72063	20-24	2	0.00132736453036825	0.00191944017384489	0.0020712603918499	0.00203657905705748	0.00224913514390917	0.00194096021414527	0.00221238929182901	0.00139495820907671	0.00139107902436853
72063	25-29	2	0.00245435778265162	0.00256885819897133	0.0028399969171639	0.00212988477386861	0.00219319410117339	0.0028235760463359	0.00251346494917688	0.00196440488639281	0.00175512542104928
72063	30-34	2	0.00213199016113992	0.00273530612663958	0.00315969392382768	0.00320829720774216	0.00238105454563187	0.00243439356496669	0.0023297658644439	0.00195994832783486	0.00213997326749918
72063	35-39	2	0.00367050021325247	0.0035428079057464	0.00469719759304102	0.00420627629587361	0.00293854393205315	0.00318431678131002	0.00187001883152471	0.00237797572516291	0.00276740942048395
72063	40-44	2	0.00436390752704957	0.00394731110894974	0.00511509443861986	0.00332871014623619	0.00328581068137562	0.00281570948569544	0.00332026522007519	0.00280968457142602	0.00266297351345935
72063	45-49	2	0.0055061903719769	0.00560566060912136	0.00572501119549351	0.00487223052502653	0.00523313499532727	0.00481389931963887	0.00350635025979651	0.00356678128540382	0.00407233418274932
72063	50-54	2	0.00724571345616431	0.00829429888002801	0.00915021444794208	0.00765802264631617	0.00691882889802069	0.0051342547630382	0.00584066695367427	0.00444573590332087	0.00609960238579089
72063	55-59	2	0.0122395718777073	0.00997390644002613	0.0112777041294221	0.0119692363002571	0.00847617708682434	0.0092246265723683	0.00709672689610039	0.00825748361780955	0.0073119495118623
72063	60-64	2	0.018793347070687	0.0188203527456849	0.0206170459329909	0.0191652797973202	0.0129372432019415	0.013549746288495	0.0120266684177436	0.0106169278454172	0.0113524834122226
72063	65-69	2	0.0234524158506225	0.0317021608645147	0.0266368370279236	0.022606067507688	0.0234350644473537	0.0171979067741769	0.0171961989968012	0.0167637031405429	0.0135343761049355
72063	70-74	2	0.0361153910549409	0.03873335168491	0.0438497302026771	0.0354315886814654	0.0323857596586799	0.0286143080186716	0.0262238483482777	0.0253877100339245	0.0244270266911543
72063	75-79	2	0.0606175361780688	0.0508267972281284	0.0603539765447052	0.0614153133877741	0.0511500087176727	0.0460000791782869	0.0434698102348146	0.0355333569486406	0.0376524116647534
72063	80-84	2	0.102085477025912	0.0843059195592159	0.0929776840480432	0.0755219394692608	0.0809383765485779	0.0619343189240448	0.0709508388570082	0.0589839513454214	0.0577542761322109
72063	85+	2	0.165886358404162	0.18330420039196	0.152523866437099	0.153366977562918	0.134625930655576	0.145865110954433	0.143952388185558	0.132085962391275	0.120515828359548
72065	0-4	2	0.00336454764606102	0.00345741064814486	0.00367822269251915	0.00286211042626359	0.00220101579099471	0.00220850895948319	0.00213702560946363	0.00162514973028351	0.00190767021153592
72065	5-9	2	0.000208611947660415	0.000203735211285238	0.000232187241142751	0.000236853388047511	0.000183292626868852	0.000165742886848645	0.00015237440709704	0.000146998594348493	0.000146705665333328
72065	10-14	2	0.000273512511796141	0.000255560295311348	0.000252592446359408	0.000283258279280238	0.000210109467680927	0.000240994480730258	0.00019289513026403	0.000178630210915757	0.000177296242146987
72065	15-19	2	0.000919646902520576	0.000907074010578597	0.000900235693153817	0.000815516650987812	0.000803821413230866	0.000672425063809591	0.000680375367544976	0.000546353952867797	0.000554749915829126
72065	20-24	2	0.00152935097548501	0.00150580594216938	0.0017209167140668	0.00145348773089671	0.00131316160456592	0.00136722876747059	0.00119768479248029	0.00102632389115043	0.00144077937213321
72065	25-29	2	0.00189532754092264	0.00228478992070289	0.002003390856558	0.00224213381631227	0.00159614426297128	0.00142367278807922	0.00137959117215966	0.00146495989527652	0.00179701512358469
72065	30-34	2	0.00280487081910904	0.00240521985580376	0.00284184019255934	0.0029243035859675	0.00231680125824439	0.00182352819921851	0.00157282425282881	0.00160683617883266	0.00175280392728235
72065	35-39	2	0.00279648719419387	0.00375194787425483	0.00354869614904045	0.00321945257191367	0.00284522815072229	0.00239170241990238	0.00224026596762473	0.00200071805799881	0.00228686156050694
72065	40-44	2	0.0049215616543069	0.00495609558934582	0.00379944533752097	0.00391440847416121	0.00318747337701711	0.0030057269496692	0.00275038278744253	0.00312859512172281	0.00301574317509683
72065	45-49	2	0.00621331679334506	0.00507146476608758	0.00545928287173794	0.00603971668443958	0.0055719292709487	0.00414183054121932	0.00464742398916174	0.00284836145656017	0.0031457644420569
72065	50-54	2	0.00791044865743373	0.00675804222630943	0.00934186224861622	0.00903384301692885	0.00649787776607691	0.0077983655599207	0.00560389886019436	0.00600389568814241	0.00475516857160321
72065	55-59	2	0.013898371931296	0.011834580295955	0.0114435887303364	0.0115226763634165	0.0104592782589237	0.0101691128329217	0.00883754476907366	0.0067349408612203	0.00784490262436082
72065	60-64	2	0.0165772113703397	0.0186798688762159	0.0171674831533452	0.01641119507361	0.0134112215194432	0.014504088650131	0.010682774498662	0.0101111051733373	0.0121902892589981
72065	65-69	2	0.023473259631717	0.0329003970044098	0.0268409502479295	0.0248970614753453	0.0211818644394479	0.0212928929862047	0.0154975271922362	0.0164143612097248	0.0163774837030106
72065	70-74	2	0.0394385132651478	0.0401098074847452	0.0377549566780541	0.0363719527106767	0.0354335233763396	0.0296686692220459	0.0238467768716649	0.0224110514696886	0.0259068200315266
72065	75-79	2	0.0504739730538181	0.0502177190836207	0.0593339794684308	0.0629765056416555	0.0532702721164176	0.051334944656218	0.0423021229452285	0.0334562186525652	0.0338472562984906
72065	80-84	2	0.0933609520591897	0.075653965101232	0.0804846037220075	0.0861532498667592	0.0914565259166294	0.0726906021882855	0.0700712266536139	0.0528920427927878	0.0583235424839563
72065	85+	2	0.192688143552943	0.173818221907171	0.163674009007047	0.165429432050031	0.165015740403339	0.16712427653608	0.162444793364891	0.132477498928106	0.127323006023402
72067	0-4	2	0.00362175500125056	0.0029921656783479	0.00330001701939702	0.00312177230526939	0.00250151501014224	0.0028588819193951	0.00302784536830446	0.00230940943473338	0.00213278791675246
72067	5-9	2	0.000205183433452624	0.00020080920057722	0.000208886665522887	0.000214314020988368	0.000190822259306773	0.000162609909893313	0.000156702659681868	0.000135817430673565	0.000141255745861473
72067	10-14	2	0.000288816500828664	0.000282764040742785	0.000266548092382844	0.000248175173287278	0.000221298874420235	0.00019821155090995	0.000181150930723781	0.000165714848514759	0.00017249864204201
72067	15-19	2	0.000801559904417524	0.000852373681131189	0.000770003501068649	0.000796024636188625	0.000656810253637924	0.00062274565535617	0.000570892697615864	0.000523157286485247	0.000549606704184061
72067	20-24	2	0.00143841107727203	0.00150931696163194	0.00160562200485645	0.0017000498067268	0.00129603304255753	0.00119570452758832	0.00122760415204254	0.00103649083963199	0.00101599828172619
72067	25-29	2	0.00183831998485192	0.00164460442373383	0.00199092162528483	0.00175806228884788	0.00188010632865147	0.00159419629760407	0.00132181233018237	0.0014868166687539	0.00139269124334333
72067	30-34	2	0.0021205825830592	0.00300619492579014	0.0024197243060157	0.00231007183139013	0.00192095602308605	0.00208173475416407	0.00197085104468484	0.00159783870585156	0.00182578386422794
72067	35-39	2	0.00253398365351964	0.00302154202860637	0.00286595080603071	0.00278777714937623	0.00241737997752582	0.00227859429058857	0.00231660728813132	0.00196427760737639	0.0019237764610467
72067	40-44	2	0.00333228151050475	0.00377569680392109	0.00362010279417964	0.00333677936519795	0.00339821633632543	0.00329664214474562	0.00261072605351556	0.00284914995078833	0.00280715495252629
72067	45-49	2	0.00456054179277322	0.00488409580310428	0.00512179884706849	0.00470767670629999	0.00389080765961918	0.00370119541475225	0.00422827605438154	0.00401628046654332	0.00376575194668815
72067	50-54	2	0.00686840292386685	0.00758629030989255	0.00712256910744275	0.00714179740341679	0.00739369798172711	0.00720193138135979	0.00672104589117474	0.00457308518466971	0.00546893466794747
72067	55-59	2	0.0126776807997285	0.00927413856017483	0.0105217617740744	0.0088947450034236	0.00939542868121511	0.00825150175396162	0.00892897802812541	0.00743487677175115	0.00655142679210236
72067	60-64	2	0.0163734122423139	0.0146972707449979	0.0148407202641759	0.0139983009219598	0.0121651374494053	0.0109237982746608	0.0117569161676544	0.010817878115258	0.0121648802938326
72067	65-69	2	0.0214778978830749	0.0276752763375079	0.0229260543338779	0.0199164163623821	0.021960378867579	0.016172920368278	0.0161858528781394	0.0134941007872075	0.0199905373962161
72067	70-74	2	0.0366136782102561	0.039734883277758	0.0377778824793066	0.0342262018817716	0.0311198056148424	0.0279910909226982	0.0241905646212753	0.0220725728638018	0.0224731572171656
72067	75-79	2	0.0451885991524339	0.056550307367454	0.0506722823388061	0.0578630068401948	0.0454690059964077	0.0400467843379204	0.0435611544180777	0.0398662664869203	0.0329315147581008
72067	80-84	2	0.090796533948986	0.0812541338360188	0.087347519631443	0.0929719356324868	0.0756429811794422	0.0748727914551877	0.0583586091467908	0.0585504298819935	0.0542472039618354
72067	85+	2	0.161601720939928	0.113710632719109	0.140717630871177	0.11673111362658	0.12561012658488	0.124649713115794	0.114211880590586	0.10562550866845	0.122183071853092
72069	0-4	2	0.00375296676882989	0.00407111384998026	0.00350183277196777	0.00291771293808757	0.00296774608499007	0.00260361300947372	0.0023132271858873	0.00204142637869488	0.00266268266775172
72069	5-9	2	0.000228909753398356	0.00025595924176309	0.000222164151502079	0.000228345499361275	0.00019728155570377	0.000198221730217392	0.000167571122252999	0.000171222370640753	0.000188507719453461
72069	10-14	2	0.000370302318323212	0.000287475264734316	0.000283995469655422	0.000282197479970083	0.000246312556464737	0.000247541093445637	0.000200375163289063	0.000196153181131571	0.000205520996716754
72069	15-19	2	0.00112091637317372	0.00105960428234554	0.00116461433801309	0.00109889533440927	0.000784421342759279	0.000851310855031796	0.000888499909850204	0.000727420159286474	0.000756675574013217
72069	20-24	2	0.00204946643953374	0.00195477899115856	0.00195908388331611	0.00198269949867036	0.00189626510441088	0.00231610043910136	0.0021363981518736	0.00162257794205237	0.00148902156169327
72069	25-29	2	0.0026353366023859	0.0024125912129098	0.00323906307414124	0.00263910490396947	0.00222427844553116	0.00257925658279172	0.00296841216009089	0.00255391357672209	0.00155173249150268
72069	30-34	2	0.00308956806550758	0.00358529928025468	0.00408373105862218	0.00362478073808787	0.00256170340391316	0.00274187558930044	0.00221978856996233	0.00249385316382111	0.00300013716977376
72069	35-39	2	0.00367431335887173	0.00401915365635217	0.00392342874380823	0.00342407734731758	0.00317704830862671	0.00340230390973047	0.00307428342542562	0.00230761970067607	0.00358240432467926
72069	40-44	2	0.00325142284334292	0.00400886691352643	0.00675367086040854	0.00583510218312689	0.00380319007551762	0.0045101332643972	0.00292049384833941	0.00318130281127735	0.00416073809223126
72069	45-49	2	0.00612081857190395	0.00580577800360166	0.00744025844673477	0.00614321171412078	0.00547119850634831	0.00541537771624152	0.00339107040527708	0.00460424028241114	0.00416359702009546
72069	50-54	2	0.00859280953490502	0.00953018323985556	0.00973466210412646	0.00865605891167389	0.00818563231422448	0.00747697613866281	0.00739648680914016	0.00622127606362563	0.00567865689858878
72069	55-59	2	0.0137606446639394	0.0123012786619151	0.0119038008534001	0.0127442517544606	0.0109127677334949	0.0111471116230634	0.0103018918500124	0.00934462049957519	0.00931637377915078
72069	60-64	2	0.018581189340772	0.0197672842104576	0.0193748690858934	0.0177166321851374	0.0162927787452922	0.0136531532454764	0.0126431016850303	0.012212506242385	0.010120122518375
72069	65-69	2	0.0268548225054438	0.0315334510401401	0.0267692790333786	0.0230964802398334	0.0217123247480674	0.0204251931741304	0.0171089819010625	0.018403571219787	0.0159018619125614
72069	70-74	2	0.0441427342439784	0.0416860868030277	0.0460694078219814	0.0408243605743164	0.0329638176074141	0.0293772499412651	0.0250211855964447	0.0239285142499436	0.0219521353722694
72069	75-79	2	0.0617605732679821	0.0625502927189428	0.0645550841168656	0.055406901954172	0.0547278027440858	0.0444445268915719	0.038271459013982	0.0370698375714219	0.0302259541691247
72069	80-84	2	0.100672005024964	0.079996142164121	0.0897808152605931	0.0884401514510289	0.0719682649720458	0.0731183134458294	0.0722324428428401	0.0541896693294467	0.0585718206382473
72069	85+	2	0.191261683851152	0.130127633479269	0.145604511261955	0.174360219691779	0.157629098346066	0.171228046405827	0.145009271093403	0.136228068199669	0.0976207104605825
72071	0-4	2	0.00400110056849805	0.00329841976472976	0.00348681816787902	0.00317026063456194	0.00231997360775468	0.00205441606085168	0.0024203754949292	0.00190020196896402	0.00188881809898748
72071	5-9	2	0.00023565550590853	0.000232041763980942	0.00026494697582658	0.000225063392366668	0.000202046211434808	0.000174475169876577	0.000161073121002548	0.00014847152670222	0.000155508414887825
72071	10-14	2	0.000244437474729877	0.000286922618100911	0.00032676076676173	0.000270148253314496	0.000255720513893915	0.000254021005457975	0.000193685201620122	0.00018772095056686	0.000186722477949714
72071	15-19	2	0.000947440963874152	0.000909496973415972	0.000944632909380994	0.00107955554318211	0.000809723632473899	0.000744432284816827	0.000647064340972757	0.000590953585017508	0.000595262955714783
72071	20-24	2	0.00199685708541853	0.00176727064003087	0.00177118892560963	0.00174371782359242	0.00174263088855793	0.00135199173535316	0.00141383016509615	0.00131320804700197	0.00102165305068587
72071	25-29	2	0.00197048374045728	0.00222332758016518	0.00195619210423911	0.0022002864247697	0.00193075173029034	0.00173073329132634	0.00200075035138064	0.00143101657991234	0.00154659745413462
72071	30-34	2	0.00246484344636842	0.00325444178753993	0.00271303679516974	0.00266575442583652	0.00238392741678181	0.00247741603969678	0.00201281292566156	0.00230356568686064	0.00182088762030537
72071	35-39	2	0.0029332558359847	0.00431011561846575	0.00308593395888457	0.00277429959920658	0.00294285176161944	0.00176086895484683	0.00238016740987049	0.00253877157130325	0.00293633685705322
72071	40-44	2	0.00451231931087402	0.00475469323929422	0.00413611080086622	0.00455868525031393	0.00353555757884658	0.00322537130475725	0.00289994554843613	0.0026531606821619	0.00317625589524958
72071	45-49	2	0.00623349807518072	0.00523363021550373	0.0068626011390609	0.00521050171407515	0.00545287063653635	0.00427479225557277	0.00336520589673156	0.00331910847046857	0.00382241828857715
72071	50-54	2	0.00866347167588487	0.00833955425571408	0.00764064416891288	0.00894035561279142	0.00754607850665196	0.00743084186507743	0.0061672111916888	0.00642438576603503	0.00677769715482339
72071	55-59	2	0.0133324821312723	0.0106557740296861	0.0135607420531431	0.0131673875742524	0.0098152757296908	0.00981042366519348	0.0103195903772077	0.00790634544918337	0.0070783744789894
72071	60-64	2	0.0166653643889121	0.0201717995211449	0.0205688664268853	0.0190094415376406	0.0153050037560323	0.0158331568249042	0.013815869692839	0.0109495436212712	0.00991229046038191
72071	65-69	2	0.0206854310791433	0.0250310854273958	0.0283092941302642	0.0246075175890622	0.0247169653816832	0.0187745830895698	0.017816043557515	0.0200795426288689	0.016948982506001
72071	70-74	2	0.0390306554394026	0.0421424831229003	0.0416960480683488	0.0378616023235675	0.0339325669984658	0.0328381773073069	0.0270550590224542	0.025458602560059	0.0236327973563689
72071	75-79	2	0.0389176722459019	0.0595948284650297	0.0579241523385018	0.0635622917385741	0.0576407383618112	0.0511783897056493	0.0447049733747502	0.0326972577753102	0.0398506285912448
72071	80-84	2	0.0889235866810435	0.089815719568704	0.0812268739170593	0.0976280849964711	0.0918531204518086	0.0795055368070028	0.0707002368803166	0.0602829414732615	0.0605215827908723
72071	85+	2	0.184867725885329	0.17469969468416	0.180776959646827	0.171026931777863	0.141004449543551	0.152966903070506	0.134151172735955	0.126865585327031	0.129729215848442
72073	0-4	2	0.00375468421722772	0.00412417292366997	0.00391958984221516	0.00432343091597661	0.00272720383087659	0.00284127633543446	0.00243398329881054	0.00208328822831067	0.00198908829624281
72073	5-9	2	0.000222611426504064	0.000217044040888638	0.000236887146404121	0.000220139908413289	0.00018681426775302	0.000177042806855293	0.000179600473891143	0.000147970033652464	0.000153990197230747
72073	10-14	2	0.000268834693064619	0.000275009580596509	0.000271774083101446	0.000307411088917387	0.000225992254602052	0.000214282548809996	0.000197079376609743	0.000180706227728076	0.000187938989676916
72073	15-19	2	0.000883639995508517	0.000907759139770296	0.000858204281802278	0.000869241314585754	0.000784386844268614	0.000682982849704288	0.000695925587022982	0.000595761807115662	0.000626575724937333
72073	20-24	2	0.0016926734300686	0.0015918439814126	0.00162493141390021	0.00175167618705002	0.00128301571053926	0.0014669990070081	0.00120964462743632	0.00119501580956396	0.00110472459373004
72073	25-29	2	0.00192088161292145	0.00195585009706286	0.0025348822552231	0.00185985630233308	0.00175072238032757	0.00159410381132278	0.00179930894315103	0.00149914181078904	0.00170578940542664
72073	30-34	2	0.00265880498751289	0.00215201996601069	0.00254788491681531	0.00281183130765863	0.00229691443450631	0.0020983028453445	0.00188675718695542	0.00168695806157025	0.00209705004171571
72073	35-39	2	0.00356024628865985	0.00273887575649168	0.00318406190958146	0.00333635943847181	0.00265143619218326	0.00290272867472355	0.00222012888772348	0.00198300612275989	0.00231253484340778
72073	40-44	2	0.00409453978729361	0.00363389049305982	0.00382166517469715	0.0042657660197212	0.00292990217880124	0.00364757658961617	0.00293920348354042	0.00303300977018126	0.00313937713605228
72073	45-49	2	0.00465044478716413	0.00615570718524313	0.00554277343597776	0.00467073298246291	0.00389701809528543	0.00447711861114185	0.00403757436103198	0.00329961085804259	0.00425322514380568
72073	50-54	2	0.0079829163011251	0.00887496017985878	0.00845958774801196	0.00945345752181459	0.00589274345513001	0.00759283943155529	0.00586332996315037	0.00563695917039548	0.00528515205345998
72073	55-59	2	0.0144543578758593	0.0116550506669273	0.0131238001240718	0.0120447832756119	0.00935466394296871	0.00873093843521706	0.00781108884227179	0.00882026505159827	0.00890182143985814
72073	60-64	2	0.0154773357279945	0.0198703459595401	0.0198874908059053	0.0187722567402793	0.0155088279230419	0.0147883534375966	0.0115231526094688	0.0110874346417839	0.0114571291164504
72073	65-69	2	0.0289295986143768	0.0245374882576172	0.026775256454363	0.0196617021001136	0.0242796314651801	0.0154286132588756	0.0179006945839529	0.0139634658504343	0.0155422390905664
72073	70-74	2	0.0423766426594266	0.0433107583808632	0.0435570638953695	0.0402722719541693	0.0447830909761555	0.0279721508628254	0.025748684574742	0.0250382213781211	0.0208067580377395
72073	75-79	2	0.0558485517462931	0.0740346949038873	0.0647104445528266	0.0486565396775647	0.0500013735412546	0.0480459576619722	0.0376544150333237	0.0345284712121075	0.028772117787691
72073	80-84	2	0.102020448363282	0.0949002649925822	0.111814711075588	0.107218287528284	0.0990620833960699	0.0720006674186869	0.0736565485422835	0.0631758281482846	0.0520513712246678
72073	85+	2	0.190013017573543	0.216794337353336	0.182618167454726	0.176334897937664	0.139315145997031	0.136548781445778	0.140063171019136	0.120375572420649	0.134906936680162
72075	0-4	2	0.00527825733827037	0.003547146403687	0.00418224689393332	0.00312722219016502	0.00241114322915906	0.00270534911657894	0.00220839230251931	0.00227708011083761	0.00248147200608527
72075	5-9	2	0.00024591834667581	0.000211974795284789	0.000289010972621575	0.000215187549805574	0.000212792625819447	0.000185869770556284	0.000164364417600747	0.000159072194639749	0.000158735749181039
72075	10-14	2	0.000375433738060469	0.000324861723433805	0.000296558033536027	0.000347826766981054	0.000265529395657673	0.000231579301898316	0.000206599533919282	0.000201781681215928	0.000211180391605353
72075	15-19	2	0.000866890964618919	0.00103107067928219	0.000911874233813375	0.00104940830733418	0.00106240381836346	0.00112212855214944	0.000974840600530319	0.000591568558426687	0.000578421704927729
72075	20-24	2	0.00147192246314238	0.00196415630018798	0.00144017093990636	0.00253815086520964	0.00230834961786578	0.00230678186891852	0.00201523641038528	0.00118534336802253	0.00140097857172525
72075	25-29	2	0.00226701409572622	0.00256172953857977	0.00237645547771405	0.00305896125753886	0.00268809663557056	0.00261642455996501	0.00213945480661925	0.00155044062870166	0.0023277550873927
72075	30-34	2	0.00233335278292858	0.00264246597771351	0.00361913984412966	0.00259565330507109	0.0021960132922292	0.00265074716829002	0.00274258373973153	0.00218149209769564	0.00252945763143609
72075	35-39	2	0.00307129939831586	0.00491417222318282	0.00524105934514731	0.00340814976837144	0.00292767239586088	0.00260607244120908	0.0022010501913428	0.00238797015084701	0.00278222034762204
72075	40-44	2	0.00370996071968159	0.00451959219293882	0.00444957308922106	0.00509944320460444	0.00381287653625893	0.0038134659175108	0.00293261152464334	0.00320249545141078	0.00283662086841888
72075	45-49	2	0.00560605700508822	0.00443884589444289	0.0058558995201757	0.00650038668864885	0.00579058293394477	0.00410140393259442	0.00449825579789146	0.00400082100994307	0.00400223016523988
72075	50-54	2	0.00758537587153103	0.00868174502379798	0.00954250017769095	0.00870080019828847	0.00667092712208497	0.00793623578052015	0.00524308553923224	0.00532796197073755	0.00525782272668272
72075	55-59	2	0.0134315277058649	0.012149524511546	0.0119109232653133	0.0101436369859559	0.00990166447038025	0.00903466384992282	0.00848775398610609	0.00863860317766611	0.00816974240760325
72075	60-64	2	0.0194609217796961	0.018471269303148	0.0160729419913573	0.0183512185907377	0.0166807724372687	0.0147632455275632	0.0141615145451782	0.0122704468319997	0.012242922700554
72075	65-69	2	0.0252545170019941	0.0270851395079869	0.0270309186886308	0.0303475345731365	0.0249065655633206	0.0176127645902242	0.0169327658797187	0.0163181846326869	0.0163231105017651
72075	70-74	2	0.0491127266800612	0.0521269569392617	0.0423549576397255	0.0374172352745028	0.0365709453294134	0.0335565935936756	0.0281672073002395	0.0195649880274706	0.0264270842127323
72075	75-79	2	0.0554009405312075	0.0685523055833096	0.0595867605648902	0.0702925307848506	0.0634784731638464	0.0495521924160433	0.0428085362511533	0.0402973493244273	0.0404112489142068
72075	80-84	2	0.105209936448602	0.0884407123511768	0.105369180324138	0.10970152463259	0.0873925751558825	0.0680105810064699	0.0710531912205181	0.0687958942239947	0.0643942946565406
72075	85+	2	0.180524092536216	0.160895534529615	0.170968374405539	0.145064509841571	0.170822722383281	0.132626342990099	0.135182628305852	0.117334873907262	0.115652962961269
72077	0-4	2	0.00385531776170887	0.00412640312469511	0.00326721225898177	0.0034351588190587	0.002693400061583	0.00269602600008338	0.00241788820141212	0.00205326650082373	0.00223178974386942
72077	5-9	2	0.000275383588364693	0.000255849699026303	0.000264581354901296	0.000270106939054028	0.000209259927145692	0.00019833816981453	0.000182501346781186	0.000160062907505414	0.000185107350605644
72077	10-14	2	0.000316111420277279	0.000336076853958256	0.000302142091840218	0.000310113499523665	0.000252789034436828	0.000238499124993202	0.000241581379703908	0.000203211386669853	0.000202488823696251
72077	15-19	2	0.000993084736273459	0.000950058188931499	0.00120351706947727	0.00106098886758491	0.0010890554586755	0.000887001582917184	0.00100052097473727	0.000722625125793978	0.000592051490485304
72077	20-24	2	0.00178518438157745	0.00213333710341227	0.00223657232406085	0.00259723300421291	0.00217808073089272	0.00264832961635178	0.00216853086676039	0.00147085093855463	0.00126944665779896
72077	25-29	2	0.00267915876403968	0.0023933021590784	0.00386829430484795	0.00224600711460895	0.00256331473881558	0.00261120839479247	0.00301031760735787	0.00225822473884945	0.00199989343067548
72077	30-34	2	0.0031729130197834	0.00345901481859385	0.00414406204514543	0.00366347482687666	0.00247779130666977	0.0029932966672988	0.00233622543828622	0.00203223928935608	0.00188004420136682
72077	35-39	2	0.00311268786191628	0.0048113859293864	0.00495600576821254	0.00453895948902881	0.00310093303609269	0.00288016000256518	0.00245919141613412	0.00277311503620314	0.00316796751474111
72077	40-44	2	0.00568529412321645	0.0048996947236634	0.00722567112646077	0.00506079535877247	0.00409133384008798	0.00376995522519239	0.00326433619835486	0.00278962359337366	0.00379366183844748
72077	45-49	2	0.00620145389758639	0.00712409398008264	0.00548290576630145	0.00631351432116154	0.0053853987840018	0.00529679239570393	0.00434020225502297	0.00473226671841479	0.00480389245251614
72077	50-54	2	0.0082891389763593	0.00821719660762855	0.00965498549622404	0.00984059364911375	0.00761613018833457	0.00904175220196835	0.00871915869745424	0.00509030608028741	0.00662779390083035
72077	55-59	2	0.0144001221821118	0.0172020039884879	0.0146339836936038	0.0135557467135485	0.0097148998427996	0.0105535614835897	0.00852465419018613	0.00909055158779635	0.00865683117950162
72077	60-64	2	0.0196579776671592	0.0176619502573874	0.0164098201188426	0.0149108136967527	0.0169272816130902	0.0145306048975992	0.0137115345645173	0.00860381927997751	0.0154895751124862
72077	65-69	2	0.0269390645639735	0.0300294885609417	0.0261601394972889	0.0289540050004522	0.0239159481884009	0.0228331880339357	0.0185005358909777	0.0168839022187051	0.0191904078499973
72077	70-74	2	0.0435752485961056	0.0420773780649871	0.0447633117155224	0.039073183446896	0.0269314123055175	0.0317508488312586	0.0280288143905074	0.0242983274122648	0.0263083010799717
72077	75-79	2	0.0570793483109496	0.0577260339653836	0.0559469849848069	0.0565510756314221	0.0508818312822045	0.0519279527775357	0.0467403910745268	0.0394993051163708	0.0393550231734704
72077	80-84	2	0.0956763800255247	0.10252291392996	0.102070388953848	0.102923981661659	0.0964496798310357	0.081293384066869	0.0764169882059574	0.0593789976409416	0.0589274622791849
72077	85+	2	0.188932109575167	0.191238175131305	0.198099484858301	0.180972637583431	0.167246170471857	0.150173466704286	0.143017667137584	0.132405673196628	0.122407144777351
72079	0-4	2	0.00325344618130327	0.00333289083448175	0.00369538159519594	0.00315130501420157	0.00342193786719774	0.00261374622621399	0.00276634107199216	0.00171396771224464	0.00198201957091482
72079	5-9	2	0.000230719828665815	0.000214907501777882	0.000246084662430977	0.000239334451061601	0.000184573779964427	0.000175582767256426	0.000161334736346699	0.000147424379360596	0.000153804457898077
72079	10-14	2	0.000266528289484882	0.000329864729947094	0.000269442233116317	0.000291006452682528	0.000236452265251472	0.000223778073816704	0.000195594196411694	0.000179951114691141	0.000187187914264085
72079	15-19	2	0.000818665023579004	0.000823286129944815	0.00103929099346492	0.000948750357464672	0.000729587618695777	0.000630911843192687	0.000587629420356095	0.0005756845583744	0.000638664672586936
72079	20-24	2	0.00154774093874556	0.00168138734319931	0.00163955086744329	0.00158254318236851	0.00137192235830123	0.00138412876840165	0.0012439701119265	0.00113415710817943	0.00140247845933341
72079	25-29	2	0.00201479088904193	0.00183876644101199	0.00232867253294718	0.00226282395597504	0.00153783745967825	0.00143572133957293	0.00150153587967554	0.00141581382855198	0.00128960149998644
72079	30-34	2	0.00226286594521653	0.00262334105673367	0.00271258122990802	0.00252957265743879	0.00201972796562788	0.00197078378356564	0.00167579343241851	0.00180755305507142	0.00163737444140886
72079	35-39	2	0.00368927162249103	0.00293371211835312	0.00330588958910999	0.00282391322826467	0.00340099876716833	0.00228998203565683	0.0024927915811971	0.0020533866492761	0.00288962226476995
72079	40-44	2	0.00363050276238292	0.00398226206880362	0.00540271131017031	0.00377191918014693	0.00343298882052914	0.00309009007443712	0.00304026414881436	0.00263559847441148	0.00342687120601799
72079	45-49	2	0.00534861817537744	0.00571465955569051	0.00549379819324501	0.00625446237595528	0.00430821741400764	0.00401770510659297	0.0042141045792459	0.00433048494728062	0.00368083715774152
72079	50-54	2	0.00677672379711172	0.00737999157612292	0.00903367268749771	0.00912414294016838	0.00611483293369155	0.00662054360310525	0.00662036151758735	0.00506341703315798	0.00531133461511652
72079	55-59	2	0.0109356694092355	0.0136569660206081	0.0112849799315465	0.0142695267851451	0.00955137744454148	0.0102053974725926	0.0110369974369408	0.00781139305914592	0.00772008292625722
72079	60-64	2	0.0202206328179765	0.0208086305644654	0.018233908018021	0.0151828795102608	0.0146265843640235	0.0147711314273967	0.014045159854343	0.0137743713250016	0.0122572514559218
72079	65-69	2	0.0238652723687422	0.0239428920543203	0.0203978614424434	0.0191196008641936	0.0207370487876098	0.0207809156569263	0.0208189828945623	0.0171900808705869	0.0164068268306268
72079	70-74	2	0.0431056912859652	0.0400030938661208	0.0402092408700223	0.0405050236083206	0.0347342943030716	0.0241628505858339	0.0261677032657176	0.0259081550046339	0.0253228753633276
72079	75-79	2	0.0614464425939052	0.0499243597660053	0.0480783921294054	0.0540428713989137	0.0511035091611491	0.0515875282277719	0.040306010136971	0.038251880094624	0.039056067120796
72079	80-84	2	0.106449406535989	0.0883745249992217	0.101365129407653	0.0959338701664978	0.0848397374896148	0.07631323283138	0.0634430893086349	0.0534926672024766	0.0608678176832782
72079	85+	2	0.177545452022396	0.153648040099154	0.169287031289756	0.187760920010937	0.16704553656289	0.164019115926382	0.147039328395843	0.127265162468203	0.104822532773772
72081	0-4	2	0.00368506768383549	0.00279056530480995	0.00396056719924951	0.00293501948666561	0.00251864857590754	0.0020941836292265	0.00225063781266845	0.0021389057461262	0.00221500221146989
72081	5-9	2	0.00021586226047556	0.000200520458817239	0.000228951365051569	0.000223125990516418	0.000173139519899743	0.000165030280905571	0.000160198302459538	0.000139513435357943	0.000145516238843637
72081	10-14	2	0.000234145401613756	0.000288671394588908	0.000260481661154356	0.000280002947421001	0.000252897646377399	0.000219975602419972	0.000193610862630816	0.000169590243513998	0.000176485476053251
72081	15-19	2	0.000879818179643952	0.000981679096052038	0.000900931271360375	0.000973385587068396	0.00079729543624763	0.000656433184057364	0.000598961712856219	0.000564689688492678	0.000568372604669263
72081	20-24	2	0.00179241756955796	0.00190958252476721	0.00155664783672522	0.00134187423554834	0.00135664355742824	0.00139076346676517	0.0014161575611841	0.00101069755616991	0.00101142950711653
72081	25-29	2	0.00198815937878017	0.00224852470207095	0.00196388119385569	0.00196344338562165	0.00151350971087723	0.00145308419799684	0.00146191917559152	0.00128795781543891	0.00159815127247359
72081	30-34	2	0.00241722187771212	0.00263288127155506	0.00246314713014516	0.00236535051178651	0.00198185541410143	0.00174264742383767	0.00165654759382622	0.00139380691410802	0.00205571216897607
72081	35-39	2	0.00367682137167989	0.00292376097227696	0.00397912560116077	0.00288151711780166	0.00250771023562142	0.00245117771132048	0.00182148906176469	0.00218420057769904	0.00186973069635536
72081	40-44	2	0.00352235488187914	0.00435015201675336	0.00483478889587281	0.00356788795142924	0.00326683347735505	0.00238475335415245	0.00273248420970175	0.00314552119622752	0.00302534259951944
72081	45-49	2	0.00631649608281196	0.00485124897649788	0.00569234414327526	0.00568445836547991	0.00375052314155006	0.00413309520233812	0.00358875361396042	0.00334146704172344	0.00320406696037771
72081	50-54	2	0.00794366629752236	0.00729437570850414	0.0083835154722562	0.00720890921312213	0.00610163764284082	0.00564648285147648	0.00512502152783958	0.00657964713430051	0.00753292238321914
72081	55-59	2	0.0114613657903622	0.0121959653122778	0.0106226537083765	0.0121252493458916	0.00927389550023125	0.00850792183668724	0.0061044303507387	0.00677149073064706	0.00802798816682893
72081	60-64	2	0.0158857503789286	0.0193002134720153	0.0190327901616974	0.018038224803487	0.0123851176732219	0.0121345243316532	0.0115271907595867	0.00961784227099873	0.00846717756505711
72081	65-69	2	0.0292872845021821	0.0278942244765185	0.0271065261703178	0.0239018349024267	0.0195523826512543	0.0228894306027081	0.0183955827757313	0.0182174888755457	0.0139855122846478
72081	70-74	2	0.0431989712247646	0.0418168275417738	0.0432195942917138	0.0344393439668715	0.0356417255069574	0.0294270110528128	0.0248066504484529	0.0273202501029985	0.0233787102271603
72081	75-79	2	0.0624038408943042	0.0614373481531385	0.0581935779060234	0.0476830403546422	0.0524136756365425	0.0484394503336684	0.0333521850454407	0.0382864286678041	0.0379891695313289
72081	80-84	2	0.0968697448979273	0.0822222393300399	0.0730836882791547	0.0713430821084467	0.0803184057306582	0.0791915925621797	0.0655258367329013	0.0563235154443907	0.0527747197390275
72081	85+	2	0.19270770941958	0.159698485345335	0.146303402766952	0.159634208212317	0.151629054585769	0.150592074592682	0.121688300846291	0.110781632128069	0.106742319451555
72083	0-4	2	0.00417584948797068	0.00344156850510253	0.00367463790184729	0.00297178491664134	0.00256065327837084	0.00240740365414052	0.00246631333686182	0.00199312893452073	0.00185730659986561
72083	5-9	2	0.000205086380610135	0.000200042565140613	0.000207712448467231	0.000202527159888398	0.000171344625869316	0.000161877469160789	0.000147688357394352	0.000134439357973761	0.000154922675500067
72083	10-14	2	0.000237631503080373	0.000243385739124389	0.000265529925569005	0.000246564737963106	0.000219955749779493	0.000197839053648851	0.000180735254285237	0.000164791625738783	0.000170951320705106
72083	15-19	2	0.000819163263271969	0.000767070266913811	0.000833988624172899	0.000811144018584729	0.000694271958610058	0.000692538253560301	0.000579915265495973	0.000534353755793765	0.000556003844807458
72083	20-24	2	0.00147939765089262	0.001521670129053	0.00156268730608045	0.00149626440118739	0.0011661038821294	0.0011731230037165	0.00103904052709577	0.00106952208690092	0.00141770959949524
72083	25-29	2	0.00169864024670357	0.00188449414729654	0.00201356938732105	0.00186284207554805	0.00146634757790177	0.00146425458357018	0.0014340037940452	0.00132707944071795	0.00132871155671583
72083	30-34	2	0.00215157426985134	0.00236413468281134	0.00231876175534325	0.00269206043060409	0.00181032666256003	0.00181512650000728	0.00160929425392264	0.00167578662658998	0.00165940388686429
72083	35-39	2	0.00319352570472998	0.00310995725797932	0.00357878686508503	0.0031304534829103	0.00259528865970483	0.00240238580015759	0.0019633720639565	0.00218580930766092	0.00191168907436615
72083	40-44	2	0.00328142575169067	0.00370599150870542	0.00417109296200896	0.003375686812592	0.00305348407221574	0.00273636020999817	0.00257728213577705	0.00248692216225477	0.00261597812669758
72083	45-49	2	0.00428164505507207	0.00456515032730348	0.00474717832574119	0.0053290134300929	0.00397072092868693	0.00405953482284956	0.00326711959976981	0.00335791069859042	0.00329337527385513
72083	50-54	2	0.00678298753849183	0.00870615847790223	0.00628551872128256	0.00789362273398597	0.00616632599005315	0.00529984075613437	0.0048777971637387	0.00613691415856414	0.00482336669324555
72083	55-59	2	0.0092601072767073	0.00874089992419407	0.010855537116503	0.0105023762855503	0.00921772310917736	0.0078521994533052	0.00677538757020876	0.00724148538619675	0.00895973663733914
72083	60-64	2	0.0171276199092251	0.0170449954590955	0.0167331934754704	0.0150031412352057	0.0130521220988757	0.013948936186189	0.00891306502530419	0.00999007213164367	0.00915422773609583
72083	65-69	2	0.0197614159041444	0.0217251466535607	0.0224889936479667	0.0243258557417764	0.0177574239813633	0.0204858455749655	0.0167637425632188	0.0143315743670328	0.0158897365802145
72083	70-74	2	0.037123178802256	0.0393233705573981	0.0338909614157299	0.0308038827684958	0.0345593010308499	0.0299157610222383	0.0271723969442534	0.020522880154764	0.0195161216495408
72083	75-79	2	0.0564538041899694	0.0566114274313301	0.0588966889546813	0.0503589801664987	0.048900997627832	0.0373356270751635	0.038653049823538	0.0324144513601067	0.0398304480332262
72083	80-84	2	0.0923152805532141	0.0907460859852999	0.0778779277803205	0.0848075752381961	0.0661276395767058	0.0683865172774899	0.0773182041891983	0.056385031807263	0.0481409735243044
72083	85+	2	0.122319659813027	0.146800690689109	0.133611537553276	0.20190037649358	0.185383709883938	0.17249935452803	0.127612334544414	0.13958748362415	0.134145745379869
72085	0-4	2	0.00412245587778038	0.0039269967623056	0.0029876622275822	0.00282858891163182	0.00233485056877808	0.00238370332154661	0.00240540787938809	0.00170743246381768	0.0021031519245509
72085	5-9	2	0.000203873166623183	0.000218714617797581	0.000274404196481075	0.000210038669305713	0.00019657877945209	0.000168141627826304	0.000154502446070055	0.000142272299000432	0.000149191482884134
72085	10-14	2	0.000272195680587219	0.000263396620257808	0.000298950619931451	0.000253432190051976	0.000226677960226336	0.000203759430130689	0.000206264902059716	0.000172508444154729	0.000180516208162811
72085	15-19	2	0.000965771133895972	0.000750082332943424	0.00085809191385344	0.00100809676490197	0.000643911435997807	0.000725614366546085	0.000835802239112029	0.000584746285863151	0.000589118777207573
72085	20-24	2	0.00154220411548792	0.00185197001513379	0.0024442961110123	0.0020588012058136	0.00196696813422017	0.00127846434981417	0.00230050918874971	0.00155088392160364	0.00131307278917486
72085	25-29	2	0.00231353873912798	0.0023685629850721	0.00270612516573117	0.00188825819897005	0.00212786643410838	0.0016422711772058	0.00168230502084876	0.00169585935037805	0.00247221628730501
72085	30-34	2	0.00256310141356249	0.00288465070208241	0.00349350871456502	0.00249653397409497	0.00204173088674158	0.00208004034040646	0.00255863478027995	0.00193919483461171	0.00192716979027336
72085	35-39	2	0.00293848407934123	0.00300731633727063	0.0039056312562864	0.00364917029788268	0.00277253779031299	0.00298524987288589	0.00241300790275337	0.00198948977091347	0.00271895783777637
72085	40-44	2	0.0044790654141717	0.00357041669906237	0.00409162554209197	0.00442416875273857	0.00303460045782817	0.00316313813793225	0.00258618776561685	0.00233025119574826	0.00340949603405986
72085	45-49	2	0.00600888105254428	0.0048623162956535	0.0060630028643435	0.00470111475769081	0.00499671723850367	0.00401076354406729	0.00346362096248365	0.00370961873457398	0.00383162453070987
72085	50-54	2	0.00828382088059219	0.00706952572796704	0.00581356823134706	0.00681166306039354	0.00672225204678007	0.00550463743675495	0.00514470604306524	0.00482250277479671	0.00587984772773518
72085	55-59	2	0.0109023187646065	0.0111551964995435	0.0138074890796701	0.0105988908899725	0.0114342968490812	0.00771811756337068	0.00739796251838029	0.00958618932052468	0.00889161931864593
72085	60-64	2	0.0133205923317875	0.02121548154356	0.0171560109066298	0.019366947736339	0.0157697386868874	0.0115765696677288	0.0120446338731557	0.0117258224293025	0.0118500678051488
72085	65-69	2	0.023052639044553	0.0256052609706669	0.0253796709332669	0.0228190844831533	0.0181684844715288	0.0190272144583739	0.0210172544808405	0.0165366524702147	0.0162595445912484
72085	70-74	2	0.0356524039103249	0.0368543154085608	0.0438284069437024	0.0384934372642166	0.0303686445318878	0.0297262318819378	0.0286144764310026	0.0229950782356496	0.0224882548751682
72085	75-79	2	0.0447769658428919	0.057489717846176	0.0498923402863161	0.0547365364976917	0.056619241423421	0.0491212471485206	0.0365298626846098	0.0337971026298403	0.03469707090264
72085	80-84	2	0.0998440242227597	0.085350726082392	0.0900094997911677	0.080740680006216	0.0686840947363369	0.0660093258131503	0.070203187060407	0.0593980471105467	0.0554169760340545
72085	85+	2	0.160269514893888	0.192815082450731	0.139998884847188	0.134820150183376	0.136876074455116	0.153692307546532	0.14549611796635	0.138514580593486	0.112903551457526
72087	0-4	2	0.00561416881634272	0.00403426958997692	0.00468399397377505	0.00393832209253016	0.00308870110726007	0.00285018348227915	0.00256184382578641	0.0017802225586024	0.00224240918450691
72087	5-9	2	0.000258159557356312	0.000285472013718953	0.000321870862843883	0.000250424948835884	0.000215414926260272	0.000206701437978911	0.000181864387220672	0.000166822129480632	0.000175469240457742
72087	10-14	2	0.00031113758646947	0.000343710998537279	0.000307563743918355	0.000375924675066893	0.000296852728836539	0.000273212634886523	0.000243179181779119	0.000203505127706897	0.000234833141714888
72087	15-19	2	0.001057802827145	0.0010658811475387	0.0014871247330491	0.00183392810884373	0.00269013697614332	0.00181142136735221	0.00143399229641489	0.000769605908978038	0.00107235248821534
72087	20-24	2	0.00206203014136696	0.00213222264218475	0.0022918955163634	0.00346461429531903	0.00343301930933934	0.00484215169741144	0.00304937005370672	0.00205577904442345	0.00205642223780117
72087	25-29	2	0.00242102575112951	0.00308716354583727	0.00376022188693712	0.0038266343732715	0.00372450920468306	0.00387255552769903	0.00302780138222818	0.00246212641224331	0.00261542172742928
72087	30-34	2	0.00293594406561963	0.00377209944124105	0.00442423342450161	0.00565025988532309	0.00431202104426631	0.00399084280464362	0.00294219317966798	0.00255266072668807	0.00257794340840006
72087	35-39	2	0.00388164689057749	0.00344448352643688	0.00479869338875487	0.00658430818736523	0.00463291753387783	0.00302000596671437	0.00461076307603264	0.00249905967120706	0.00301378800951183
72087	40-44	2	0.00474547878972485	0.00530926947030289	0.0056201468924571	0.0054558302144921	0.00484644047351322	0.00477943018401872	0.00485654950175079	0.00314640275451955	0.00373035928834683
72087	45-49	2	0.00793199281407632	0.005328700595847	0.00862013034394941	0.00759062797185834	0.00638018254278246	0.00693743248802096	0.00560310258106947	0.00460980409123611	0.00442919748372969
72087	50-54	2	0.00788629183424687	0.00917513829841303	0.0105774298211392	0.00848106485338411	0.00774056673938541	0.00777284472526309	0.00755473587117491	0.0061933609683409	0.00671537951279927
72087	55-59	2	0.0121136058086111	0.015455140793358	0.0132622185474668	0.0126686943255145	0.0113096888635112	0.0110827273318138	0.00874910795503697	0.00734174455979645	0.00991277267831818
72087	60-64	2	0.0153485484503538	0.0192958083288394	0.0179584395668251	0.0175527504904193	0.0149669348210945	0.0135587773335249	0.0121031390163552	0.011516601608062	0.0128030036288904
72087	65-69	2	0.0300244306811439	0.0226924228758788	0.0295786445302538	0.0253866871082021	0.0261187593927049	0.0179635896577027	0.0169512177402333	0.015507381371576	0.0185271728647318
72087	70-74	2	0.0394475954929611	0.0422149679048072	0.0433387189667481	0.0425217804059427	0.0284501886600566	0.0349389847149413	0.0264855054940806	0.026027963258651	0.0235393759047945
72087	75-79	2	0.0557991213822399	0.062370148769232	0.0526899967958976	0.0541747387283722	0.04877052443574	0.0435615664962153	0.0391404463719369	0.0376793087441883	0.0442439384933224
72087	80-84	2	0.078003326118834	0.0765594290288343	0.087234357942072	0.0961689810477167	0.0954198635988434	0.0932718721647232	0.0658995417672286	0.0594763602157045	0.0595084787728505
72087	85+	2	0.185466214866527	0.163021307242114	0.153370195259472	0.160002253223587	0.132282007357392	0.144588496441554	0.134391392417656	0.117247779538016	0.101809806081622
72089	0-4	2	0.00430054444407083	0.00406244294133666	0.00383850616016452	0.00379080164899508	0.00252039618789867	0.00298148130097041	0.00268827932724929	0.00198207342123907	0.00255088451252717
72089	5-9	2	0.000247206959449486	0.000280228644101241	0.000276944378413531	0.000257136756264796	0.000218442863790036	0.000197252317184983	0.000180811849260852	0.000165102087511222	0.000172332831896377
72089	10-14	2	0.000314660191516894	0.000337766675890231	0.000303430606481837	0.000345122287639482	0.000266467045029927	0.000251343229446903	0.000219366455084062	0.000201244246974616	0.000209924583053448
72089	15-19	2	0.000979405091365153	0.000979346056748678	0.00128611628125454	0.000998561116297449	0.0008330412340178	0.000822003824077591	0.000798905849345926	0.000716260645922815	0.000720514064725454
72089	20-24	2	0.00186737785790399	0.00213130025275984	0.00205712765597914	0.00186817442453957	0.00238575019002817	0.00197956469495711	0.00151190695836466	0.00147641996641582	0.0012516536677829
72089	25-29	2	0.00239104695520325	0.00213932041429263	0.00260679175783263	0.00289038195158499	0.00249512489356313	0.00253823517716959	0.00244646458619643	0.00151687070153031	0.00169827071342302
72089	30-34	2	0.0030352718339397	0.00325874652002284	0.0033858671736134	0.00324699131298743	0.00215267628636996	0.00217755775698388	0.00303324749337398	0.00219001470424856	0.00190595193716239
72089	35-39	2	0.00309195988206815	0.00457371691932445	0.00540672461557124	0.00450794788854344	0.00300401444598939	0.00404954818555407	0.00329981909605498	0.00261286961325504	0.00290084191690645
72089	40-44	2	0.00353454087373267	0.00476368063188515	0.00718942869274972	0.00498588549769143	0.0057713771641476	0.00360295730189201	0.0032876942110596	0.00314185960885622	0.0044071716252121
72089	45-49	2	0.00627946774707341	0.00625971733196778	0.0050607413936445	0.00854766220110387	0.00707553479235533	0.004420432483411	0.00576980300590321	0.00374746317538239	0.00446744527169478
72089	50-54	2	0.0110848259161102	0.00831481428697191	0.0111151165770959	0.0124117562977861	0.00887800156151095	0.00902504138171175	0.00711732560604236	0.00555544492127348	0.00585661821473397
72089	55-59	2	0.011085870342656	0.0125570721337196	0.0135963159991289	0.0112089647468691	0.0124558384379183	0.0109152936055401	0.0108585434449183	0.00774458811029378	0.00987660508192213
72089	60-64	2	0.0149081754186079	0.0158224109574351	0.0228489556549749	0.0194311051992847	0.0160079541418807	0.0149807997191692	0.0141746764256986	0.0119455405807386	0.0143979094519025
72089	65-69	2	0.0240348251479178	0.0235732593970306	0.0263740550050234	0.0312432537884885	0.0222870531976664	0.02071934240975	0.0181446222687587	0.0147150877686976	0.0182016093438428
72089	70-74	2	0.0406061264940522	0.0478658329738155	0.0412277700379204	0.0474580799556571	0.0362434661230707	0.0283315182680651	0.0261948843242711	0.0235670637933934	0.025824888977246
72089	75-79	2	0.0694495304623516	0.0614963431337034	0.0566061089045986	0.0601874857462828	0.065424259272292	0.0518280977660394	0.0469754532864921	0.0369347284436108	0.0379178265332059
72089	80-84	2	0.0994043617820686	0.0914282575186693	0.0892466432540249	0.0894407904752436	0.0700960391819477	0.0698810823912393	0.0630990378465373	0.076329947494862	0.0615960260662436
72089	85+	2	0.205271156620721	0.158744802500714	0.165250382608187	0.186190217938343	0.17557689247353	0.173057529839525	0.145445187909239	0.100957735350196	0.105961155375992
72091	0-4	2	0.00489032695481126	0.00343605064673439	0.00370835653405838	0.00333821241110859	0.00281098979664682	0.00275638709765132	0.00224930480010669	0.00234742649524433	0.0021440269651219
72091	5-9	2	0.000240560356889873	0.000247110346649802	0.000256116308162629	0.000238053769467585	0.000223586932521023	0.000213352697060396	0.000179860889148576	0.000158338784560371	0.000166056727599996
72091	10-14	2	0.000318739518880254	0.000310453043756124	0.000320593977537185	0.000286101690272168	0.000245033979344229	0.000267627625061076	0.000215811969163474	0.000191189942442107	0.000210808116765728
72091	15-19	2	0.000973845569570414	0.000990295564615704	0.00116533477831968	0.00138684076034245	0.000820887103502388	0.000918189445464542	0.000868826087251248	0.00062889672085075	0.000732560002975961
72091	20-24	2	0.00192890786572926	0.00199382710711062	0.00221248052635255	0.00301454950745733	0.00161827026927436	0.00163377005268668	0.00202336819413709	0.00181478102540543	0.00176640886762095
72091	25-29	2	0.00232106254699009	0.00296238883842593	0.00329247409461417	0.00254104652796461	0.00223839583894123	0.00220184827263234	0.00253843190892359	0.00210060449853734	0.00235686410139884
72091	30-34	2	0.00311910109179526	0.00367634903003948	0.00437950327229376	0.00400731990835325	0.00248898745653262	0.00258105301777137	0.00249434158379403	0.00264317968792308	0.00258983419077206
72091	35-39	2	0.00364054687754017	0.00452881946794513	0.00512953764505491	0.00414114950280933	0.00298746427196065	0.00288240986940666	0.00229108661458978	0.00300754951004298	0.00234569254415697
72091	40-44	2	0.00421745692686449	0.00670348327707666	0.00574067863860026	0.00500245752547386	0.00383217276418272	0.00343961247571833	0.00255065911120593	0.00258298216280978	0.00379113873914865
72091	45-49	2	0.00618027627979005	0.00797625908689589	0.00669919975832899	0.00722232385323365	0.00497711568882242	0.00535943810908285	0.0042176736474465	0.00379683217978948	0.00431417165243361
72091	50-54	2	0.0108500156331592	0.00836613953198056	0.00901370997707165	0.00874547788611324	0.00863862467830363	0.00720587611094178	0.00582084601583087	0.00432094185237375	0.0051588840484965
72091	55-59	2	0.0131032749790066	0.0136155130678376	0.0131688123339655	0.0118654637256508	0.0111984042354581	0.0116952559460632	0.00940663600463984	0.00872611730828321	0.00738047478538232
72091	60-64	2	0.0254094833723025	0.0195868511237751	0.0201760316239829	0.018435005304542	0.0166612827421695	0.013873930688315	0.0141783497046935	0.0120983987148168	0.0130951266539447
72091	65-69	2	0.0277756799451104	0.0252752709449305	0.0254824830083246	0.0198525302726557	0.02376525966159	0.0187636117035053	0.0195112256288518	0.0166034153696487	0.0181351125564199
72091	70-74	2	0.043681878249095	0.048302986304216	0.0458466022126872	0.0442804352489468	0.038135026844816	0.0302823809419286	0.0282088826407471	0.0242635695287253	0.0271607892311821
72091	75-79	2	0.0580161334356068	0.0546673951979261	0.0627442918132331	0.0504436713353903	0.0537850358786061	0.0444021181509642	0.0434893072727706	0.0437253695896387	0.0425908903903838
72091	80-84	2	0.0884379135862421	0.109924587969934	0.0846653133950294	0.104032002820995	0.0720333795234366	0.0760631222712295	0.0693471361114856	0.0588600072279478	0.057898981441468
72091	85+	2	0.206050907218715	0.203174958588645	0.161496951935829	0.193245048428584	0.167312913076628	0.156957886069694	0.147053308896186	0.112800708845408	0.115750791539014
72093	0-4	2	0.00403413416517464	0.00325141577034031	0.00365995153520281	0.00352235415671013	0.00294409073760365	0.00301952622930517	0.00218961712449967	0.00139675761558225	0.00226605651470669
72093	5-9	2	0.000221442414052573	0.00021560855421347	0.000236276398906238	0.000231007754568736	0.000185433129071281	0.00017473577885451	0.000159174090878046	0.00014478375252656	0.000150684437313386
72093	10-14	2	0.000257119855975229	0.000277321640393626	0.000288781781141175	0.00028220481557809	0.000238664554496098	0.000213802242686463	0.000195248439208605	0.000177779139135031	0.000184727991799129
72093	15-19	2	0.000859555762727667	0.00084346592603521	0.000920923581253972	0.000939499180417506	0.000763149447906697	0.00068975067639544	0.000666499916281954	0.000581003577941266	0.000638312528324107
72093	20-24	2	0.00170970634771845	0.0016763545632137	0.00158348062722143	0.00169242337766039	0.00137828904833247	0.00131547433496564	0.00116038894768171	0.00118180929370059	0.00111646582519778
72093	25-29	2	0.00202190219862648	0.00198256825268013	0.00206587864270067	0.00203091079169252	0.00200220970566373	0.00163053448935783	0.00158530263818523	0.0014121205050087	0.00154708594872895
72093	30-34	2	0.00262032125952694	0.00223918023506313	0.00243996702391484	0.00251093661600063	0.00196523484120068	0.00186122458583766	0.00171066475892877	0.0015878204765314	0.00193523538673173
72093	35-39	2	0.00358191460506209	0.00300972395385197	0.00295785392678138	0.00346115261849205	0.00299134874598279	0.00260196193605484	0.00219079664510167	0.00194526304152553	0.00225838706151631
72093	40-44	2	0.00478346371957035	0.00398718651552568	0.00500876052911756	0.00398408609652398	0.00314926698476541	0.00297528758123614	0.00305344954293546	0.0031526936491784	0.00275744163750056
72093	45-49	2	0.00551401887078707	0.00472453644471235	0.00571227288059114	0.00560612473154765	0.00440665609483349	0.00384861950520748	0.00371484983614392	0.00364798914453592	0.00446305256960034
72093	50-54	2	0.00734270786516783	0.00807164864877894	0.00905368911584292	0.00764122915755751	0.00623363998793655	0.00611616701910795	0.00716670476551284	0.00508671435021194	0.0060787109133829
72093	55-59	2	0.0124332122134301	0.012627633520561	0.0118780244435022	0.013246968935055	0.0106320025252334	0.00926735429597659	0.0082641079264542	0.00725102623816811	0.010477548664077
72093	60-64	2	0.0178769470380092	0.0197007007970366	0.0185768596222533	0.0185331566618735	0.0148577993559899	0.0137333958991297	0.0102368646121482	0.0102419357794233	0.0105677694640023
72093	65-69	2	0.0274226997487894	0.0259371158083387	0.0236279587935433	0.0223733070659837	0.0186018905090628	0.0184534492305463	0.0134505238992228	0.0146780469098855	0.0150820317228269
72093	70-74	2	0.0419253410894972	0.033226231841531	0.04249212621238	0.0431350406128325	0.0332833766287106	0.0375830305168388	0.0285407711870169	0.0231398951985995	0.0238489384312225
72093	75-79	2	0.0601119259222306	0.0481044720518829	0.0556855900193886	0.0570533508985274	0.045564548341396	0.0450220875123978	0.0427773044450256	0.0422335356868377	0.0365472386359691
72093	80-84	2	0.101751902185739	0.0993480839138873	0.103696943388483	0.10205381354151	0.0664584441151832	0.0663525217695458	0.0551280266190063	0.0592934366357091	0.0483679115796758
72093	85+	2	0.180659896067968	0.158931782392844	0.151736798579334	0.154946555441647	0.145851117236377	0.121590389928649	0.139416506279576	0.129462315190468	0.136403973571585
72095	0-4	2	0.00452406874801477	0.00400675997664936	0.00384292010690843	0.00389272025392722	0.00317940952242692	0.00247879932978441	0.00277207874004984	0.00206984887583347	0.00225811024072103
72095	5-9	2	0.000229606285250572	0.000235803694954954	0.000233413260178116	0.000228066639880828	0.00019321829094765	0.000182847021747897	0.000167461054130923	0.00015242523905294	0.000158970834481736
72095	10-14	2	0.000292466505524788	0.000315144913662308	0.000282944214689455	0.000277375522924032	0.000247887130469812	0.00022329487034222	0.000204762217301594	0.000186545933792147	0.00019445477978214
72095	15-19	2	0.000953650268960793	0.000858081232500026	0.000896445499797829	0.000889461572178549	0.000770267536854284	0.000766150990926112	0.000781407533503046	0.000600189550333384	0.000626281548044745
72095	20-24	2	0.00198434578387114	0.0016222618918941	0.00181650073966488	0.00185410647033849	0.00160768334572911	0.00136129048364746	0.00138626944136697	0.00118067964184724	0.00124786094865584
72095	25-29	2	0.00244804889071205	0.00215532228432173	0.00248482832573638	0.00216130426758595	0.00182244366120411	0.00176458732266788	0.00159485552334806	0.0015628897932391	0.00205980657747339
72095	30-34	2	0.00244978875625266	0.00280546784879939	0.00364571147583112	0.00270913776970874	0.00216707296506784	0.0022456684824267	0.00186466505492419	0.00175459391452486	0.0024313087755064
72095	35-39	2	0.00288568491189882	0.00342146514530831	0.00448742454728884	0.0040847263162043	0.002723325276929	0.00252320769157957	0.00246278300887485	0.00229116483029278	0.00328044661185258
72095	40-44	2	0.0041456330393446	0.00420035711930771	0.00437988171872418	0.00463161067040798	0.00323410773156761	0.00375419248233388	0.00378372616311234	0.00284565621079461	0.00284234127822195
72095	45-49	2	0.00542173231437228	0.00584686611701145	0.0070371235189915	0.00586259505082522	0.00473732920706978	0.00443525455803925	0.00431901023230193	0.00356696619497787	0.00374462485415208
72095	50-54	2	0.00736921212466469	0.00768008604743084	0.00759696466285493	0.00824561816423417	0.00761131702102676	0.00672644405369363	0.00702112390640119	0.00530628126431647	0.00491696300700464
72095	55-59	2	0.011364691601047	0.00932714418006201	0.0101846086742008	0.00995563057756992	0.0090742443426615	0.0112295025154132	0.00842137021665739	0.00645620071483583	0.00780851735045093
72095	60-64	2	0.0201600890134895	0.0202052300437333	0.0166181351232239	0.0171503520545933	0.0130995148355036	0.0126375923274073	0.0139992452751813	0.00971883723865482	0.0101467608908734
72095	65-69	2	0.025709271543433	0.0316786461311137	0.0231906381630979	0.0252563473445955	0.0226995785432349	0.0202556401110364	0.0183318467845689	0.0159896262131984	0.025641504943613
72095	70-74	2	0.04080620527363	0.0337946458504415	0.0359046988908702	0.03981575543908	0.0360898685761131	0.035189132820629	0.0311925700541802	0.0239386385821486	0.0297293562315885
72095	75-79	2	0.0503217874416732	0.0519412791297169	0.0475062517108013	0.0562862005689082	0.0451701087758318	0.0507486624578212	0.0423446482910144	0.0409607504826553	0.039984441517888
72095	80-84	2	0.11079637567149	0.095971474548419	0.0988213700518173	0.108719039597614	0.09085835644106	0.0795528749338808	0.078619899885364	0.0626229373772136	0.0623800947186613
72095	85+	2	0.174842127664006	0.179286305655681	0.173766266005364	0.130901273702493	0.162475729853325	0.138368574908082	0.13855627653632	0.171868409502378	0.128727161573682
72097	0-4	2	0.00499357774588224	0.0038790075488527	0.003515374822097	0.00337918220725354	0.00254677689306326	0.00274629347442554	0.00189470046907936	0.00183206307593404	0.00250935846173221
72097	5-9	2	0.000275212147735786	0.000264163260606907	0.000244918783704347	0.000243435106078425	0.000195673814989059	0.000189668663461058	0.00018641751861572	0.000150118820280014	0.000158240333942551
72097	10-14	2	0.000274034585166179	0.000303176151412651	0.000293191327205488	0.000333620358130058	0.000263525146150707	0.000214912690188965	0.000193211593639727	0.00021765118855729	0.000198351047569174
72097	15-19	2	0.00103200887865244	0.0010162274261969	0.000942861917624653	0.00107095637129661	0.000686451395302418	0.000903029757487664	0.000910924807324217	0.000698266969883774	0.00071353311027469
72097	20-24	2	0.00150651345323749	0.00130811808942249	0.00153502478708824	0.00147603201000654	0.00112797549420005	0.00126107386762776	0.00133335648626902	0.00113263996688395	0.00125594192135734
72097	25-29	2	0.00226195918208282	0.00229200089971895	0.0027163461451673	0.0026833777401	0.00195422815586523	0.00182032061305412	0.00158375488718603	0.00157355732290359	0.00206962680424667
72097	30-34	2	0.00237385324667089	0.00301184965598187	0.00421906099251289	0.00418348674998251	0.00291561538493162	0.00268744883875489	0.00248887972026126	0.00248883468688528	0.00275695349408506
72097	35-39	2	0.00371179978952825	0.00452038015758447	0.00516454294797878	0.00441527797404501	0.00319930207926753	0.00381355329263435	0.00331726418323116	0.00352196478783932	0.00282882057143177
72097	40-44	2	0.00427156365112637	0.00468519759650702	0.00634253431439712	0.00480907730475009	0.00492920155120535	0.00354828699998671	0.00382995049477709	0.00373318016267614	0.00447118607793388
72097	45-49	2	0.00685897382999194	0.00539942980096444	0.00786486906448886	0.00696386664227696	0.00606741930452672	0.00613254023864384	0.00479847316083832	0.00510742678805283	0.005750092217782
72097	50-54	2	0.0103606343910231	0.00887787492409539	0.00723755694181071	0.00871348155272163	0.00842934618708729	0.00862493588804234	0.00758522244514427	0.00718912134056327	0.00702957981744493
72097	55-59	2	0.012042984145507	0.0127479872481576	0.0109649018018576	0.0110567546810207	0.0107987401305134	0.0107104051224647	0.0111593285708632	0.00918707824664515	0.0104126961270124
72097	60-64	2	0.0189434775096907	0.020066549124431	0.0195810787889616	0.0187559592774213	0.0152109951107852	0.0150544314680696	0.0140762163277327	0.0120930360068618	0.0142157086925396
72097	65-69	2	0.0293086505729764	0.0290636114777239	0.0253133768620722	0.0279332284890718	0.0212660448245155	0.01974593209568	0.0188970424365803	0.0178838332572067	0.017093665681057
72097	70-74	2	0.0442702261405999	0.0449031354869395	0.0458911488487421	0.0375599972656905	0.0318151109822628	0.0329805308543601	0.0314912506456366	0.0233471635289764	0.0251032390124053
72097	75-79	2	0.0611861346040142	0.068275890686369	0.0566740159293888	0.0589538658122431	0.0541252511615863	0.0428347885621232	0.0437829685613881	0.0362627152580983	0.0344569335331183
72097	80-84	2	0.0956467692443134	0.0917287936955337	0.101757120968121	0.0962017190924156	0.0743130941534137	0.079428148298376	0.0754985227130764	0.0526841939419181	0.0572705868826215
72097	85+	2	0.176685889370636	0.170045942092191	0.154637096664914	0.162621602441822	0.158623107705819	0.15631032733376	0.140797457449588	0.114411489461729	0.110775599372059
72099	0-4	2	0.00397369678802645	0.00245377774295945	0.00335420644850035	0.0030388236481967	0.00269043664642473	0.00227192283377474	0.00210646420709037	0.00206273432274626	0.00178243781750414
72099	5-9	2	0.000196016922012436	0.000220489361236595	0.000228549241365306	0.000202989922134932	0.000173162585112787	0.000172363641926095	0.000151233754149042	0.000132482915769907	0.00013851798443434
72099	10-14	2	0.000257254725853256	0.000262224169932052	0.000236547349477895	0.000267373335914066	0.000240693334153139	0.000188572123028376	0.00017380015655438	0.000160439693789413	0.000176356553201301
72099	15-19	2	0.000856480592610364	0.000756444368506256	0.000844127670205905	0.000853710795846235	0.00059314110166072	0.000620112989971158	0.000580791170359799	0.000543319806947276	0.000573236083486355
72099	20-24	2	0.00170792795908288	0.00143485990107668	0.0014811080227621	0.00148958514850541	0.00105919000264853	0.000972596227568531	0.00120799402935725	0.000957806302314906	0.00106349265392455
72099	25-29	2	0.00199250816756719	0.00199521142565122	0.00196912727970307	0.00183082153670414	0.00116209265969724	0.0014289998496055	0.00151210262732653	0.00123387440438208	0.0015797292965032
72099	30-34	2	0.00219713899682363	0.00216662753608884	0.00234777384376262	0.00190159943585459	0.00168067811454055	0.00168160800498509	0.00155317534497347	0.00175254566765401	0.00213025455439517
72099	35-39	2	0.0031444375686384	0.00279878012759792	0.00284095000693922	0.00249724971189835	0.00255055969292284	0.00218843574031874	0.00211925925095373	0.00174587492491398	0.00254666553995424
72099	40-44	2	0.00328550760307528	0.00347687580743377	0.00406301636815202	0.00390182748608436	0.00288951725895204	0.00278208822092723	0.0024142716835895	0.00234394746077349	0.0025628919800284
72099	45-49	2	0.00563399904907778	0.00436053653203543	0.0045967438943141	0.00515748036417196	0.00393406609699617	0.00384320599411476	0.00424675548232225	0.00282652726828034	0.00325107915027354
72099	50-54	2	0.0084624413330108	0.00682495779796324	0.00867826453340924	0.00840747445192609	0.00532517954795896	0.00489021509219924	0.00648887913757416	0.00515605558488715	0.00560247315168143
72099	55-59	2	0.00929154904057372	0.0112789623120039	0.00991248493140141	0.0105850257540772	0.00978438626818554	0.00794595575843734	0.00638464993618028	0.0067793788451257	0.00674686312302812
72099	60-64	2	0.0174457781881135	0.0165064877814427	0.0170880051030517	0.014089312253776	0.0154463318150772	0.0125735098155788	0.0102749447923956	0.0102541759579912	0.00947605912876964
72099	65-69	2	0.0275801331792195	0.0248170672730606	0.0231778136205489	0.0247890319930714	0.0215240410390806	0.0159713633310319	0.0173737471079433	0.0170296836561453	0.0120081184266993
72099	70-74	2	0.0395231425014878	0.0408572067089513	0.0322128652209436	0.0351085387080903	0.024504204350261	0.0280799431184362	0.0247174220396979	0.0201867224435195	0.0214029487125156
72099	75-79	2	0.0550926476127967	0.0538774088966532	0.0511306276608222	0.0521443440280762	0.0484263221616466	0.0390888576683064	0.03616733018696	0.0377546795417311	0.0350296143003859
72099	80-84	2	0.106111848711377	0.0905691723796334	0.0825817000652331	0.0921970943217	0.0809831965174457	0.0729621958079384	0.0631623983303497	0.0667177907259532	0.0529962044083243
72099	85+	2	0.157947503559299	0.148397865329323	0.139200179068874	0.158975593363491	0.161209525162765	0.150571921947701	0.11827976202843	0.128402376047801	0.105898104387135
72101	0-4	2	0.0048714333052775	0.00318800609030916	0.00290229897923294	0.00285488891434223	0.00283295765686549	0.00217658911692168	0.00236008281824908	0.00211151089997191	0.00225636489229259
72101	5-9	2	0.000215815066271109	0.000209382450752471	0.000216326320872108	0.000221427949520761	0.000179825830042852	0.000162308962158402	0.000173501209264006	0.000137661961763666	0.000159430607354813
72101	10-14	2	0.000259762813550802	0.000253594582691968	0.000261998149339238	0.000254140150667538	0.000226986300113227	0.000195555562696895	0.000189545571659246	0.000166102833100249	0.000174322530957305
72101	15-19	2	0.000871869797561958	0.000861081186076122	0.000816459205232161	0.000926468614669206	0.000944702430628007	0.000620450396430356	0.000810708217140933	0.000602356627703664	0.000555728667451545
72101	20-24	2	0.00128187272040267	0.0014457988249283	0.00169620035343436	0.00159234806667628	0.00158071813014072	0.0012953026281955	0.00112067760070331	0.00109650550753125	0.00110793665436558
72101	25-29	2	0.00171709295766265	0.00207620674878215	0.00199533632855967	0.00213960143619204	0.00216118933367311	0.00166675709022259	0.00204757712134226	0.00155653181722203	0.00141725572256149
72101	30-34	2	0.00204677254493145	0.0029392607918431	0.00253550525611874	0.00238745871388272	0.0021276759634294	0.00211731608936694	0.00187031056528698	0.00158397581930282	0.0024462931155052
72101	35-39	2	0.00277795265245163	0.00309222238552878	0.00365625358483436	0.00404348705259863	0.00280726333083106	0.00225255190207499	0.00225117457861195	0.00219506008208051	0.00304346625919978
72101	40-44	2	0.00467381567507155	0.0032839626983184	0.00367498082553156	0.00373690772791106	0.00314051622694194	0.00300266436786314	0.00238982817283539	0.00212858933217039	0.00257323142915292
72101	45-49	2	0.00522792301831461	0.00720238377486994	0.00537607368142731	0.00544157808874107	0.00497972319537921	0.00385854772590912	0.00384017927846163	0.00331600507714798	0.00319515564849562
72101	50-54	2	0.00683209188620601	0.00717767391042508	0.0064331841650029	0.00728051327996905	0.00669719496603185	0.00673442034816053	0.00461181183474941	0.00492746469733242	0.00517935636816314
72101	55-59	2	0.0114797375257727	0.0106812970295454	0.0123197941053816	0.0116921604250834	0.0115931212652541	0.00745056673647808	0.00671846017367094	0.00596648046486712	0.00740202727703721
72101	60-64	2	0.0178627083776203	0.0151816059196272	0.0161856826844425	0.0173507847600445	0.0121751259548631	0.0146156965718005	0.0103598361572213	0.0115177032941991	0.00971566395127179
72101	65-69	2	0.0229443045479917	0.0204870825619423	0.0232788049956794	0.0197983554891539	0.016490516680351	0.0195821736556661	0.0219824211821047	0.0143730843953574	0.0145210295440024
72101	70-74	2	0.0417002652632638	0.0362954541192818	0.0276963659503659	0.0390278922446417	0.032114819646878	0.0318638636093465	0.024602411212812	0.0224527482689551	0.0174399742004814
72101	75-79	2	0.0553402969805311	0.0584958631412227	0.0487685993013538	0.0548752132714841	0.0490301279170196	0.041551492738295	0.0395581273759976	0.0385694418353843	0.0336844697413506
72101	80-84	2	0.0732995608124094	0.0875885857768	0.0951537241125573	0.0987826877505928	0.0776094677505771	0.0731778025483919	0.0639962240085616	0.0691805783110461	0.0662593366088759
72101	85+	2	0.174445148843536	0.177848966548438	0.165088621119869	0.170820978919724	0.162583204688767	0.15061324461351	0.124045724727449	0.119877456559259	0.113696032117143
72103	0-4	2	0.003688456702333	0.00403545286505422	0.00397333633256551	0.00351715437870662	0.00340013227283134	0.00271583043075727	0.00227704388425565	0.00173191568561973	0.00230545438504849
72103	5-9	2	0.000315627913612174	0.000254742569361463	0.000252398775371679	0.000272475588881387	0.00022041386971421	0.000218404591160714	0.000180876527722395	0.000166220920336956	0.0001744748245025
72103	10-14	2	0.000380505959109561	0.00030642437535034	0.000333558658335157	0.000344344845190896	0.000266996941750283	0.000239990162988782	0.000231155023635382	0.000212633865088304	0.000211528510030688
72103	15-19	2	0.00111619308552257	0.00104468406465209	0.00141442091259199	0.00167938265300908	0.00100833642270981	0.00108360542214428	0.00106055005738473	0.000740971458456629	0.000852548754123275
72103	20-24	2	0.00182926588196345	0.00219416232754465	0.0022795207444331	0.00204250802619543	0.00143793750129305	0.00182964419647139	0.00148479415271796	0.00173314721371073	0.0017295837164789
72103	25-29	2	0.00209397313440376	0.00229225244235733	0.00248502193373971	0.00228136387993666	0.00229908609557926	0.00250941627184544	0.00228231588752081	0.00168589768285595	0.00181616274612957
72103	30-34	2	0.00286016359705044	0.00361437351755636	0.00389729290037613	0.00477261072365441	0.00261098430905487	0.00259734774463771	0.00218975709422215	0.00250116222790062	0.00230414581839342
72103	35-39	2	0.00368775123001303	0.00383418199641065	0.00309993566264343	0.00373124607225945	0.003517131558239	0.00345094480583833	0.00312794327864169	0.00252917128501962	0.00319164192994495
72103	40-44	2	0.00493689505654121	0.00519349554987815	0.0061116243188734	0.00550876129010953	0.00431328361733585	0.00348956385456664	0.00302287603065023	0.00294538078056359	0.00300596332967544
72103	45-49	2	0.00743388100701163	0.0062841974403505	0.00683189317349764	0.00703529665188612	0.00594423124722376	0.00480610688413324	0.00404676769864944	0.00408547608634698	0.00438519348137731
72103	50-54	2	0.00829000301772478	0.0105009154805638	0.0129083979417714	0.0102896634367185	0.00851269842854302	0.00808460959405694	0.00774008579723108	0.00586546474837477	0.00536035530539671
72103	55-59	2	0.0135400648440289	0.0150615795118261	0.0133496866186879	0.0141906191029442	0.0136734046395083	0.0139906408251722	0.0093697336118553	0.0110956621535735	0.00755769300389622
72103	60-64	2	0.0236882947114621	0.0190759625980163	0.0177577112310437	0.0171924656449087	0.0164446248032389	0.0127109841776363	0.014412490360266	0.0143194097237468	0.0142111660738247
72103	65-69	2	0.0245908615969951	0.0267476130032885	0.0239164151218135	0.0276681877709897	0.0194577263132158	0.0235969889916515	0.017659601385504	0.0195891264229644	0.0167130323105014
72103	70-74	2	0.0403548115322705	0.0440209697439122	0.036119667181881	0.0433077189332144	0.0378526003060285	0.0304484364836432	0.0289418271583551	0.0252269745762282	0.0248893780028751
72103	75-79	2	0.0467132851362907	0.060761189063459	0.06775030873085	0.060194175271568	0.0597194715177678	0.0435061963981995	0.0507000097710219	0.0456363891712672	0.0411423903251744
72103	80-84	2	0.0877800517888989	0.0755637264063304	0.0965176240820539	0.0798542168194616	0.0787606923351847	0.0733539832611027	0.069277480285887	0.062644287786291	0.0623328181249843
72103	85+	2	0.163105189686492	0.156519371538	0.17020560565758	0.177020358535447	0.165907207251608	0.186810526876936	0.180141032058619	0.128120420599982	0.131439362537517
72105	0-4	2	0.00463439278495611	0.00332626008172138	0.00300991323067157	0.00349389152531068	0.00256822411017399	0.00264850073403609	0.00245610043295306	0.00171608842536468	0.0021045378805544
72105	5-9	2	0.000224699539513603	0.000207854301998194	0.000226075371716521	0.00023242582225095	0.000180124837632029	0.000163009480289864	0.00014975377743069	0.000151592166575013	0.00014291716369394
72105	10-14	2	0.000245399251938748	0.000275180051794929	0.000271992235163846	0.00024237474959975	0.000217590903349014	0.000217683059735212	0.000181531932128411	0.000175080985346804	0.000173420386502639
72105	15-19	2	0.000891382298228894	0.000787787488129255	0.000958356117071686	0.00103633034298725	0.000741590064566695	0.000679383685419093	0.000562489074077777	0.000555417010019093	0.000581953420512159
72105	20-24	2	0.00162715385710917	0.00165462549378205	0.00187744508103289	0.00196908359952301	0.00173304322658135	0.00167421629937104	0.00100544841703772	0.00114454009503348	0.00102232049543179
72105	25-29	2	0.00174892754458055	0.0023039232691278	0.00213562452289557	0.00205321328090559	0.00160503972499078	0.00192356501802531	0.00141994744157769	0.00161062677144804	0.00197097533682385
72105	30-34	2	0.00190974432683015	0.00207293575377365	0.00294063264889217	0.00252129613841191	0.00186165241880108	0.00192250201301109	0.00200997470818079	0.00210649622713017	0.00221007984472698
72105	35-39	2	0.00276174765874944	0.00307459888199969	0.0035579705177013	0.00308169010226562	0.00274760045858027	0.00214902348942284	0.00224469908429291	0.00238047553856072	0.0025684191544642
72105	40-44	2	0.00367333540289067	0.00334060072122396	0.00522111269771151	0.00400505581918989	0.00356236682102429	0.00356272474295402	0.00317499650099909	0.00283530012956995	0.00396341050857776
72105	45-49	2	0.0057981714556628	0.00443575084344217	0.00495708014813678	0.00531332316850939	0.00442001873228548	0.00447157494689486	0.00329915954224201	0.00325836095366418	0.00434688080267535
72105	50-54	2	0.00617007085685894	0.00629308000043162	0.00873166701088815	0.00716148030880937	0.0071156603991928	0.00675571137773144	0.00559528895479278	0.00544486290796972	0.00713158469502143
72105	55-59	2	0.00964604384011391	0.010429760568979	0.00974950472773755	0.0106567820519108	0.00903768118672056	0.00760466139606257	0.00696992289045828	0.00783185233587545	0.0081989972890274
72105	60-64	2	0.0141036889481376	0.0142194054183707	0.014734371598321	0.0170626810394394	0.0145540644344783	0.012825231348738	0.0107497184953694	0.010224592316587	0.00934348421183915
72105	65-69	2	0.0239293144068037	0.0236028836248205	0.0196278206997418	0.0250738059695182	0.0238032961719385	0.0176752880339962	0.015457808096934	0.0162890142242605	0.0175179067196672
72105	70-74	2	0.0311184339606753	0.0380409665803558	0.0356032771627991	0.0422945770724802	0.0285953708510295	0.0255098413768393	0.0245967224644044	0.0200714297996012	0.0230819278950253
72105	75-79	2	0.0448037606321395	0.0551286440497797	0.0587814765513104	0.0581970674264323	0.04809382112601	0.050368380460381	0.0426509581299188	0.0310816652873386	0.035236209318193
72105	80-84	2	0.0757883075387349	0.0864302069298745	0.0859006777335722	0.0956198891040519	0.0752576342324869	0.0576047151795943	0.0605989157215963	0.0507643014245594	0.0553833003853234
72105	85+	2	0.16194779986235	0.146158280099789	0.163432446299626	0.154326069097708	0.145632745044951	0.169831354095916	0.133398325170443	0.119701316029015	0.108636721992536
72107	0-4	2	0.00345760120082526	0.00336599003019775	0.00382689164927827	0.00314276229333302	0.00274408023922544	0.00262878984537252	0.00203612842307667	0.00221125905468663	0.00235134272924591
72107	5-9	2	0.000199361616042836	0.000224901786395644	0.000233653637630422	0.000227968627760894	0.000185046721388999	0.000167587509717639	0.000153749982475291	0.000140879827624172	0.000146644381623844
72107	10-14	2	0.000251984889594847	0.000259317627717214	0.000270118727488296	0.000303920711155701	0.000213480169228139	0.000212710455113582	0.000186294884887746	0.000171329920908759	0.000178418864660325
72107	15-19	2	0.000853654036848325	0.00077940522397106	0.0009964321565098	0.000826928131921048	0.000718954667178101	0.000774252060459246	0.000666956719242969	0.000525919103702291	0.000735227683059864
72107	20-24	2	0.0015457921313294	0.00150954559118472	0.00161786655031421	0.00153997728508241	0.00175747471391778	0.0014000752747341	0.00123071547443749	0.00111933404366887	0.00134599367117925
72107	25-29	2	0.00190397921930128	0.00166232545252923	0.0022533921154277	0.00191775362073791	0.00169809703149634	0.00188754970146854	0.00157601957519827	0.00160556724197833	0.00164179513773978
72107	30-34	2	0.00216245711820564	0.00224757415085013	0.00332950964677632	0.0023432852584533	0.0017455057131631	0.00199693816873555	0.00173492218866697	0.00147806006472924	0.00209650894119283
72107	35-39	2	0.00275633103024843	0.00365057356005873	0.00320939355297159	0.00361384420823195	0.00283869436460592	0.00237608490459329	0.0023909331317945	0.00229175773969696	0.00190528953890825
72107	40-44	2	0.00536938014565511	0.00476773261038927	0.00441174309814799	0.00505632332526519	0.00362742195854436	0.00372203125729304	0.0029942607120509	0.00280452911004544	0.00304698927724376
72107	45-49	2	0.00572232223132779	0.00523101902441776	0.00558246305864122	0.00527804743767423	0.00451308663131014	0.00411692245521738	0.00349088174066865	0.00358471510657289	0.00373033533726734
72107	50-54	2	0.0092157735595156	0.00815085119420951	0.00755880500855516	0.00647798933108297	0.007423645635503	0.00670553571960663	0.00614246958870863	0.00590020213399164	0.00589373904666228
72107	55-59	2	0.0111302670808177	0.011464920603677	0.0121526471194799	0.0120366821852585	0.00971514222953532	0.00754783671708093	0.00851446459894995	0.00780694774088481	0.00884636304708623
72107	60-64	2	0.0159869108924219	0.01351609754883	0.018112700952785	0.0158154459640004	0.0134501973001956	0.0103160758174224	0.0119651594412952	0.0120808316304265	0.0112338515186185
72107	65-69	2	0.0224776532619407	0.0225945037357098	0.029804408467808	0.0218778476864522	0.0221120001260268	0.0214855674796141	0.0162763019012156	0.0148518444110124	0.0140236083878961
72107	70-74	2	0.0340213872159355	0.0367905766671354	0.0398626906283722	0.0325332505212987	0.0343555376269078	0.0297932297205928	0.0234225676489605	0.0254250983831908	0.0281361798214736
72107	75-79	2	0.0424345375731239	0.0568553589369635	0.0598276600302592	0.0577824019570789	0.05681117872484	0.0467687042095376	0.0367260483182899	0.0355978643297385	0.031675929061233
72107	80-84	2	0.0842577346113833	0.0898834455222846	0.0884324069978617	0.0743815036597217	0.066302835733259	0.0670679189787648	0.0662041613599394	0.0615578519119205	0.0482794816597702
72107	85+	2	0.16465891917802	0.167258198472207	0.151771178839237	0.161972526372881	0.153870590215679	0.155384625749872	0.145912094158464	0.125599857257505	0.108783081652179
72109	0-4	2	0.00444424602807608	0.00381086599688791	0.00368985019447485	0.00307268784194433	0.00251654722689812	0.00271985022795951	0.00273414140546631	0.00203785883536665	0.0025436278846883
72109	5-9	2	0.000217974710875478	0.000234886525473916	0.000232572149594966	0.000239059855185077	0.000203634257515713	0.000183828530211869	0.000168743066570098	0.000154279425795764	0.000161041763184048
72109	10-14	2	0.000303819370664353	0.000296181241197604	0.000293654105180278	0.000303491396960233	0.000235487828447635	0.000246764232527369	0.000205500902547784	0.000188208444202029	0.000196339563868152
72109	15-19	2	0.000828279696040936	0.00084992312351786	0.000922941977883382	0.000996919086011266	0.000840137533451281	0.000836735907719898	0.000629623533739488	0.00062345027991199	0.000656146447933557
72109	20-24	2	0.00162157005067357	0.00162723837401546	0.0014797045059249	0.00184504622235455	0.00203553851856249	0.00139071281820618	0.00159861829640751	0.00137149327423937	0.00117138411857653
72109	25-29	2	0.00260556033261129	0.00206402678013662	0.00202293179425087	0.00258376283487964	0.00184187859293445	0.00199865699707211	0.00202165763442488	0.00155539716451881	0.00198782326523838
72109	30-34	2	0.00252675774289866	0.00271074883018379	0.00275218812192532	0.00333336355135525	0.00251192880095396	0.00210472803312236	0.002172407745693	0.00193534139438433	0.00218892414278867
72109	35-39	2	0.00404606076452156	0.00312995919228814	0.0047058203483393	0.00321339576497918	0.00297830970674034	0.00236742168891888	0.00256826857609981	0.00228191934803413	0.00263254516771235
72109	40-44	2	0.0039502930823492	0.00372038227639584	0.00429335792102235	0.00559889077272769	0.00324776785458862	0.00345492199634369	0.00372262657971268	0.00298752193996529	0.00257790840039491
72109	45-49	2	0.00608543231182553	0.00600736005798661	0.00558810515763878	0.00717669360266575	0.00458983202587113	0.00420238172264947	0.0052625165877056	0.00456460663554288	0.00509051993036361
72109	50-54	2	0.0111358464496621	0.0088970044425505	0.009936856518337	0.0101559112650915	0.00603811332144186	0.0081810545563606	0.00557341874384434	0.00813770317305269	0.00621033009752487
72109	55-59	2	0.0101493191932841	0.0121982000872639	0.0152811793558771	0.0117710282395197	0.00994987830147166	0.012327963953727	0.00810221997091697	0.00714476357748341	0.00811676181417895
72109	60-64	2	0.0185198565240838	0.021711065106864	0.0197772355236904	0.0199563884647269	0.0159079582080971	0.0139666176644247	0.0134472492635905	0.0115729215178049	0.00861165529608726
72109	65-69	2	0.021751473957335	0.028650899822718	0.0259532871237202	0.0240119095556567	0.0238739303219866	0.0214287035021432	0.0161937781890789	0.0182259966558461	0.014700978106217
72109	70-74	2	0.0374567008123269	0.0435696553158595	0.034795949505675	0.0343753087838128	0.0358141104763074	0.0367251885208101	0.0230588176398039	0.028404599381809	0.0236813177823254
72109	75-79	2	0.0520547652051902	0.0683825411350623	0.0522072475909726	0.0587654941435283	0.0591158426347177	0.0466616233264704	0.0446392188101075	0.0309443935243037	0.047248942247855
72109	80-84	2	0.0971856563322599	0.104592308986057	0.0916856481383128	0.0944621542120782	0.0763059232811454	0.0666885582190073	0.0740745239049721	0.0662875188960407	0.0621487308057049
72109	85+	2	0.174130519049886	0.196745186359184	0.18270547007814	0.158760711232398	0.171054052914901	0.153225861996525	0.157492516602165	0.132926462905273	0.121250155105551
72111	0-4	2	0.00476886807762924	0.00395708163391486	0.00413709990322879	0.00330882602465008	0.00326061047077681	0.00251871734842829	0.00251672458153203	0.00205187302706611	0.00251114613867756
72111	5-9	2	0.000226278397265935	0.000254855240975096	0.000239861951205316	0.00022275635424215	0.000190048656342578	0.00018081281893504	0.000184679639930413	0.000161409605447564	0.000160069126723377
72111	10-14	2	0.000275958314001181	0.000294707329579574	0.000350093428475317	0.00029567403159635	0.00025344433895365	0.000231191138996837	0.00023537782766849	0.000196200871345996	0.000194776796419783
72111	15-19	2	0.000938348896255233	0.000875062607369304	0.000931016381174053	0.00113714057985092	0.000931066782836544	0.000798504508407988	0.000765082706861499	0.000659546803730013	0.000602972692670705
72111	20-24	2	0.00156129132718595	0.00159747232369379	0.00168637198571984	0.00191511952300421	0.00154231599029572	0.00162010903869892	0.00137138814808561	0.00146212225441897	0.00108905946339912
72111	25-29	2	0.00192578569828331	0.0019424665794168	0.002504753685824	0.00219715329352317	0.00200427919849265	0.00216479217714537	0.0020680575238008	0.00171956590287658	0.00154722171047454
72111	30-34	2	0.00226440017107019	0.00236237189401146	0.00297026712556685	0.00298589558801843	0.00221151821172984	0.00244219345636317	0.00185614165058825	0.00195407194226379	0.00204017431116902
72111	35-39	2	0.00295760766420792	0.00362761457649371	0.00313145277267525	0.00360647726235838	0.00265887897650602	0.00234673592761453	0.00262792285820487	0.00201751064785331	0.00241491803905628
72111	40-44	2	0.00379222396551637	0.00406041987034863	0.00399151313655464	0.0039313280080561	0.00319670265430059	0.00369737521660789	0.00301391630386118	0.00308765706049252	0.00301351195621654
72111	45-49	2	0.00558907158650366	0.00558421037514753	0.00498523809479965	0.00554664313997541	0.00375917411104288	0.0045301276445639	0.00411081562612519	0.00357484532375486	0.00370242978203101
72111	50-54	2	0.00773848555582536	0.00751682233488297	0.00790823246490108	0.00712015050626662	0.00802648100921459	0.00592472289106039	0.00641544823536152	0.00542426509612967	0.00547216994075993
72111	55-59	2	0.0107113092410281	0.010138559929559	0.012134507363931	0.0109893127450122	0.0113860675205621	0.0089319499660734	0.00787996176059802	0.00768116779501707	0.00783381354072125
72111	60-64	2	0.0185812551625583	0.0163855288986024	0.0200308300925435	0.0163207024862364	0.0148554791528779	0.0149047369869027	0.0146697863023667	0.0125113974657206	0.0109351210055071
72111	65-69	2	0.0257687907654102	0.0295167229938236	0.0250307490377553	0.0232071169173628	0.0200069425536897	0.0202893751514885	0.0172835703284704	0.0169385376189744	0.0189948186919109
72111	70-74	2	0.0416354979940749	0.052088423269928	0.0404452168441217	0.0450062044668868	0.0409199895266377	0.0327572906605564	0.0279114766085016	0.0294338581027525	0.0251878514031309
72111	75-79	2	0.0607852181969983	0.0468320797956974	0.06860927247547	0.0555363544628684	0.0572878865612582	0.054804180598088	0.0385252025496456	0.0422501846148349	0.0371643866176062
72111	80-84	2	0.0925060875573169	0.0922953576720931	0.100235879515407	0.0987210401646793	0.0925918053208361	0.0770198859164202	0.0626467385778614	0.0670690730491228	0.0607144996920377
72111	85+	2	0.170813657224521	0.228502788539004	0.169083050319196	0.171843952436787	0.168061100224075	0.158453536432912	0.155669059337175	0.155586801714194	0.133747720693809
72113	0-4	2	0.00479730201868869	0.00477381646138163	0.00394279426101195	0.00337335947485705	0.00274367776092267	0.00262402802575906	0.00259080505827686	0.00207191979733425	0.00208179551249239
72113	5-9	2	0.000277243486218959	0.000282121059671277	0.000271548820639492	0.000257930043932015	0.000183034279551627	0.000189619805637209	0.000170063278517077	0.000163665863800575	0.000191671908055232
72113	10-14	2	0.000333387323547037	0.000351944268454562	0.00040035284322426	0.000392606761766564	0.000243617481127286	0.0002343272326587	0.00021242539958014	0.000245942761448405	0.000213170370555033
72113	15-19	2	0.000921243414646683	0.00115421167812662	0.00139598001209455	0.00194770928604949	0.00138172428978796	0.00165322545388007	0.000897371418359133	0.000923365713217789	0.000746517097117907
72113	20-24	2	0.00159240491323945	0.00227778063476322	0.00314992626018908	0.00385110153854509	0.00286335339493837	0.00346958779816019	0.00255720566759691	0.00193107465721358	0.00157133384381411
72113	25-29	2	0.00229215473294135	0.00356402055962102	0.00360519762327724	0.00357906907617775	0.0029845983669151	0.00314419690972182	0.00296550825615343	0.0022662186112273	0.00228022546527717
72113	30-34	2	0.00235063879976797	0.00412385300798314	0.00616822597607356	0.00443047987780813	0.00319609231686927	0.00323343963770734	0.00271973955657251	0.00264980121732607	0.00259498532983965
72113	35-39	2	0.00313272878621557	0.00466001596793422	0.00683599956662646	0.00533032529538797	0.00388246181131805	0.00336107785211882	0.00286431475852324	0.00295259821699097	0.00369295329939646
72113	40-44	2	0.003957195472814	0.00617521202737183	0.00764092822962287	0.00695527735377213	0.00475002237781419	0.00365517775074786	0.00339199957220151	0.00396449402351762	0.00426845306631074
72113	45-49	2	0.005003970824076	0.00591944245329832	0.00863467954696497	0.00769852534576395	0.0066951941341623	0.00592889170736428	0.00470241697270021	0.00542750520058357	0.00565918955403811
72113	50-54	2	0.0077151826175644	0.0100238286970036	0.00845339808426786	0.00787837201188063	0.00728309982375556	0.00829741379465528	0.00667959256370889	0.00672917335871646	0.00807323966944607
72113	55-59	2	0.0116406359569877	0.0117357117801097	0.0122158280426217	0.0122462975898618	0.00988432376671735	0.0104001061751662	0.0099848401047897	0.00971279547481394	0.00898064651703282
72113	60-64	2	0.020609972056781	0.0223042723419899	0.0184404121154585	0.0183794205069344	0.0163775150055488	0.0160791064841563	0.0135140670544731	0.0131160286430994	0.0136795621697348
72113	65-69	2	0.0286438121293159	0.028734622777518	0.0272575003005105	0.0255648230541388	0.0246058043964558	0.0227421927124995	0.0184483549265935	0.017447969013355	0.0183914506458285
72113	70-74	2	0.0468550334320175	0.0449070970121237	0.0422118983969802	0.0415598385964124	0.037646172867005	0.0312597484821512	0.0260837250530148	0.0246710226371883	0.0249980219557642
72113	75-79	2	0.0640444430273533	0.0649966686443543	0.0585209339027497	0.0609378519179504	0.0544755274588274	0.0478183574913756	0.0440295090982341	0.0387721482887165	0.0363455534830516
72113	80-84	2	0.104455085920971	0.0967453424788503	0.10337417910315	0.100146363388334	0.0796073233033213	0.0771880318475053	0.0720242674755188	0.06046701728231	0.058993160528862
72113	85+	2	0.177636104045158	0.165477532940328	0.155641917519695	0.156400157423741	0.151125615511942	0.155335921860991	0.149193393792864	0.136001575562747	0.131789171878446
72115	0-4	2	0.00375852562414391	0.004129182670775	0.00363478347096409	0.00281600905289735	0.00281984569606166	0.00226282284525167	0.00215643892455748	0.00208683092968494	0.00193481372137844
72115	5-9	2	0.000225438593559772	0.000231018087012573	0.000227877773177124	0.000222379171376908	0.000198616281377093	0.00018815752078562	0.000172945615904471	0.000150737828971399	0.000192860594192689
72115	10-14	2	0.000284714871493889	0.000305970968511436	0.000317234520213346	0.000296330041833789	0.000229457900949767	0.000228058794389549	0.000220686348537837	0.000183330010323399	0.000191302118431915
72115	15-19	2	0.00108408167114737	0.000917954031566188	0.00102993118151213	0.000844517185469076	0.000733196377011896	0.000640556106920307	0.000926382877913818	0.000589807749855413	0.000590353533748636
72115	20-24	2	0.00200164389703963	0.00179144774277614	0.00200408523531966	0.00170515921971206	0.00153681782861328	0.00124588035791946	0.00177418537146893	0.00115626970335991	0.00111735491672585
72115	25-29	2	0.00199830814210435	0.00222159884288322	0.00229628423792488	0.0020419850635441	0.00161199698469743	0.00161489060706183	0.00139706268455068	0.00181798749748572	0.00142553358060923
72115	30-34	2	0.00269058314060372	0.00273676884059741	0.002754045607908	0.00252037381454769	0.00252824307976979	0.00190931824603632	0.00181475767729507	0.00183058879156518	0.00158879353353049
72115	35-39	2	0.00294848500941579	0.0036025632909392	0.00369555525295825	0.00383201823059993	0.00245574696301434	0.00279837732084182	0.00231236550402555	0.00262054409134368	0.00319725124307972
72115	40-44	2	0.00385316197018496	0.00437113110470935	0.00425018592896718	0.004378035218893	0.00356193939126968	0.00252699874029611	0.00292699941175563	0.00272737093592353	0.00280701779917543
72115	45-49	2	0.00523405708275359	0.00454771987739607	0.00628933955303384	0.00549039293045396	0.0046857906215692	0.00463592444085805	0.0034520111302529	0.00329691731282604	0.00353865252400148
72115	50-54	2	0.0067824669478009	0.00728845744243508	0.00869623276422212	0.00805500611015128	0.0072949777613776	0.00628241438347018	0.00533540752324715	0.00543355241070373	0.00574793989448385
72115	55-59	2	0.0131752328452104	0.0124709062364841	0.010357706429059	0.0116083382377612	0.0106096246538117	0.0101740591473194	0.00728102627204891	0.00814809006096834	0.00863101159967756
72115	60-64	2	0.0180133696336817	0.0210606177062493	0.0186788578805579	0.0197601852415526	0.0150281772648593	0.0172766604441969	0.0144646612178028	0.0112334301426846	0.013260962102451
72115	65-69	2	0.0283186388161112	0.0296664745228171	0.0262652330128752	0.0260985448171911	0.0255928323885112	0.0208378963762203	0.0189152230799564	0.0159392855052734	0.0191864063678094
72115	70-74	2	0.0503017178396009	0.0393402664899269	0.0415143919323541	0.0386792263521802	0.0351832931464069	0.0313738074696144	0.0265054693133863	0.0239552448337225	0.0284150910076766
72115	75-79	2	0.0566515388419246	0.0756844781132297	0.0540190142800337	0.0687865112076999	0.0581483349381118	0.0519590031471331	0.050431572342119	0.0422360299843584	0.0386447350525881
72115	80-84	2	0.0963258617044987	0.0959813121036036	0.0941034138790011	0.0944094101569428	0.0891794793683707	0.0708785314436641	0.0664704340982699	0.0692206145200532	0.0551706111393135
72115	85+	2	0.194416011918506	0.187449349665171	0.177757953811353	0.209758839751757	0.166585377919105	0.149573416609264	0.171956444324683	0.139939981205368	0.124495142435848
72117	0-4	2	0.00451503640426318	0.00375513899481481	0.00327062636293921	0.00297725853446291	0.00273931682150951	0.00289223477866453	0.00221606269760115	0.00192737288593294	0.00205902108887722
72117	5-9	2	0.000203566523100884	0.000209151100436118	0.000217319452754064	0.00021204834255942	0.000179135383425565	0.000169175742766946	0.000154396499394976	0.000140821738773057	0.000146486515744882
72117	10-14	2	0.000247736358072093	0.000280687989389513	0.000277580514025652	0.000285922426847405	0.00021897587511672	0.000217250864266555	0.000198107022590027	0.00017212698647642	0.000178897837252692
72117	15-19	2	0.00100202470871586	0.000821280200318946	0.000933597510094227	0.000870495864900926	0.000749193221104279	0.000714290812971187	0.000689962257122766	0.00054610620572423	0.000599448284325272
72117	20-24	2	0.00158404014359391	0.00161184562172173	0.00171646626873857	0.00157653399514071	0.00147890365313185	0.00121045156632298	0.00107481538996765	0.00113024319882829	0.00110149382450008
72117	25-29	2	0.00220322315993472	0.00211616921616858	0.00189769321139315	0.00208766106857113	0.00167496840638949	0.0016841671301072	0.00132676382640446	0.00169845892500679	0.00157064335877081
72117	30-34	2	0.00236266031739752	0.00241508504693807	0.0026737877938757	0.00255303645183991	0.00202788210654563	0.00170402287143627	0.00180709884944214	0.0015735993895413	0.00171849572377713
72117	35-39	2	0.00276597691338715	0.00281000390414996	0.00308072664550289	0.0030303038451314	0.00270705874743947	0.00238680943226042	0.00203868150480009	0.00201338627375766	0.00241836914909471
72117	40-44	2	0.0040301890454515	0.00401522328187434	0.00468045636014899	0.00406491527581638	0.00313409653009379	0.00280964143788155	0.00259726250477776	0.0029548607490824	0.00334770855966427
72117	45-49	2	0.00650372408295615	0.00495361365411625	0.00506861511012387	0.00476944367543306	0.00453585830444162	0.00356067813312612	0.00351781410346897	0.00332810591846051	0.00309161147936114
72117	50-54	2	0.00728999268109564	0.00737315714136751	0.0079487918221539	0.00956809132992532	0.00696855816370647	0.00649691979517662	0.00583809327451636	0.00509608442913406	0.00612502690540389
72117	55-59	2	0.0105714034478505	0.0112662208989184	0.0104057517901419	0.0129573058488825	0.00882086033867196	0.00940362086544825	0.0078011746994702	0.00749194937670423	0.00808010365504211
72117	60-64	2	0.0185203323070285	0.0157023602548389	0.016356186845089	0.016631816810608	0.012505233700181	0.0114212315959163	0.011935090533612	0.0105929240743228	0.0101625131679244
72117	65-69	2	0.023791280274636	0.0242338733729987	0.0268791465192163	0.0259737248304611	0.0207187569019137	0.0167987950326119	0.0161076603073078	0.0126527712887868	0.0133259966726502
72117	70-74	2	0.0338751301440805	0.0416287577742456	0.0312653394241639	0.0496869645627792	0.0303430466008989	0.031712757826497	0.022564415134276	0.0254695397797087	0.0175174244408615
72117	75-79	2	0.0516230566913517	0.0635252405011075	0.0503813293645088	0.0542753153965552	0.0483496711562105	0.0455602296328426	0.0386522979760795	0.0296367853625227	0.0290347578176408
72117	80-84	2	0.0963269320689267	0.0807424556948605	0.0891295197748968	0.100982439878778	0.0880291235080461	0.0735972321991745	0.0694753591931889	0.0614624700987025	0.0553836355888377
72117	85+	2	0.192729694512825	0.210078203481107	0.16207738158376	0.171366511770159	0.170265793316203	0.168270410802015	0.136039731528192	0.120055173490196	0.108454613413687
72119	0-4	2	0.00455710646148428	0.0034750600482723	0.00357753156423952	0.00323885201101901	0.00220448027639332	0.00267477006510298	0.00223554356955138	0.00200064634075553	0.0023226361340413
72119	5-9	2	0.000256403440487937	0.000228012141554867	0.000235583107495917	0.000229226325704882	0.000187313184975945	0.000216199359585455	0.000183006012702198	0.000161791824467419	0.000170457809283014
72119	10-14	2	0.000351220869972918	0.000296079449136707	0.000278797374522495	0.000356563038187197	0.000257979584638034	0.000245236138911465	0.000198950923117623	0.000185420232866336	0.000195045134557975
72119	15-19	2	0.000873028370286505	0.000878256817117395	0.00111009783175981	0.00174800152911662	0.00107425296235406	0.00103274280191496	0.000854605057253062	0.000668085969141492	0.000749483970539501
72119	20-24	2	0.00181244816305837	0.00176918818806905	0.00228647028172208	0.00352053260912487	0.00193463805245121	0.00258650045793385	0.00198351494285195	0.00182996314284073	0.00185674307292385
72119	25-29	2	0.00193724025984242	0.00181456004768861	0.0034036167149283	0.00286933250573478	0.002295617837347	0.00264893149796965	0.00240766291997373	0.00202079899980903	0.00243827379054645
72119	30-34	2	0.0028418293305257	0.00294477253773524	0.00398796136407589	0.00369107169708642	0.00247166396294819	0.00214488151551089	0.00259414297417951	0.00260096458932357	0.00193323550575204
72119	35-39	2	0.0031229685454546	0.00374548793597548	0.00486498209405384	0.00430310232684782	0.00304097767681584	0.00260705355597675	0.00248249054724111	0.00220868365589917	0.0046652187838869
72119	40-44	2	0.00391339841250878	0.0047756922474655	0.00655497733499726	0.00463711710896798	0.00411907238496282	0.00378390102068452	0.0035933036749877	0.00263931394024426	0.00324868643212445
72119	45-49	2	0.00594847539805704	0.00614682512899218	0.00730793982880438	0.00752884784931016	0.00595432040164353	0.00532995994726307	0.00506394973576886	0.00452073460289666	0.00391199684465271
72119	50-54	2	0.00828788386608814	0.00857974094535089	0.00872854192174026	0.0119956617668807	0.00838597440599812	0.00608776615936688	0.00593318440449862	0.00664958795922115	0.00899514390113012
72119	55-59	2	0.0114567450664757	0.0109286923582972	0.0119098133584621	0.0124866954041204	0.0105163768094055	0.0101213843659414	0.00924585455877284	0.00690829636101579	0.00984441590279807
72119	60-64	2	0.0219518389702965	0.0189901529160717	0.0158316605014952	0.0173690824784456	0.0146251170934093	0.0161171144579143	0.012859279961473	0.0110749697625368	0.0130416048751375
72119	65-69	2	0.02735973509807	0.0276246415273081	0.0270436501781172	0.0251659134241536	0.0211527202889936	0.0207747423771945	0.0171422135862184	0.0173714021504685	0.0175515875911746
72119	70-74	2	0.0472621077745678	0.0464174423820963	0.0384283463253028	0.0375393747216735	0.0302663768091257	0.0291476266829872	0.0285813222135827	0.0252963064154317	0.0242018580829264
72119	75-79	2	0.0478028123890479	0.0544200684670101	0.0597217432132984	0.0581323433161679	0.0524062676783225	0.0413425636967155	0.040783859100675	0.03749494989978	0.0369204115928834
72119	80-84	2	0.10260059675565	0.0734585764442234	0.0976513997184101	0.105334990332686	0.0850282473690131	0.0690469909843494	0.0665965477351546	0.0540636225966906	0.0519119351979688
72119	85+	2	0.18209006900503	0.180878606476121	0.144223287603045	0.142978647649092	0.152741009576663	0.155786957707101	0.137543228985706	0.140170270991066	0.112871210069354
72121	0-4	2	0.00400096945698066	0.00370826323473085	0.00370816666663323	0.00306220793209624	0.0030481327582721	0.00273401406374017	0.00269096128164624	0.00215243529037124	0.00220456089775836
72121	5-9	2	0.000214997606026575	0.000231684247334105	0.000265395074647879	0.000258803027037614	0.000189928533143341	0.000189387400738661	0.000165225909679889	0.000151373822525146	0.000157881330150306
72121	10-14	2	0.000287435192647614	0.000266092228433165	0.000276233957328825	0.0002847199295809	0.000242765373862678	0.000218431063231969	0.000200596516558484	0.00018416029666029	0.00019211722626897
72121	15-19	2	0.00088073487798847	0.000919229510671425	0.00105920572650073	0.000918778671968933	0.000740184059193615	0.000808419413399746	0.000788313813251549	0.000621489953540943	0.000623144638939533
72121	20-24	2	0.00153029288451224	0.00178064180182576	0.00160266047390286	0.00160756888638507	0.00140406950769286	0.00138016969896325	0.00153084136660989	0.00107864394475355	0.00117949893816575
72121	25-29	2	0.0019260072949032	0.00195266999437132	0.00253610919566478	0.00199920142487154	0.00169436929519435	0.0016532011580292	0.00161763532951919	0.00153683224298928	0.00150952728328794
72121	30-34	2	0.00233260916017298	0.00286129051438546	0.0024400698255414	0.00257031983739293	0.00203943817512555	0.0019870640241063	0.00174744551486328	0.00159758500776367	0.00219947481382441
72121	35-39	2	0.00252575433043519	0.00338677668458761	0.00375322200414538	0.00351148433087988	0.00264588045243599	0.00232280375684673	0.0021829439148474	0.00220247836768105	0.00262144499148473
72121	40-44	2	0.00325272578571972	0.00491859937289699	0.00457238023773816	0.00426787352371372	0.00340631409387421	0.00258916819202835	0.00328951836282193	0.00269651741428813	0.00328732346286234
72121	45-49	2	0.00584353576846089	0.00543942524972732	0.0058241874125234	0.00642175544608339	0.00558167631129917	0.00460157350141396	0.00435115830601135	0.00409943964218227	0.00390433512195387
72121	50-54	2	0.00646847440850279	0.00778430878290892	0.00733436421585159	0.00830087674231459	0.00674330783363248	0.00666897100770295	0.0065849312783279	0.00603697336486065	0.00655280748240875
72121	55-59	2	0.0117672324505393	0.0102698797088725	0.0123447294754092	0.011948840410607	0.0103087084022683	0.0114799162664412	0.00880694624307877	0.0110973314855864	0.00842570915438468
72121	60-64	2	0.0222943999211208	0.0181707255014217	0.0169435658258827	0.0171272923778651	0.0149306440281607	0.0162880776332558	0.0142132371812187	0.0115783285230961	0.0144683018888172
72121	65-69	2	0.0263355808929219	0.0240149332381282	0.0279074896186586	0.0201305711138825	0.0220315434245157	0.0251094069518181	0.0184311299713311	0.0187823303425736	0.019191835253377
72121	70-74	2	0.0421503869267377	0.0440562986329543	0.0386846524423664	0.0473160095664365	0.0323761770926065	0.0348311134372102	0.0273031388590676	0.0235546657000151	0.0196180837644366
72121	75-79	2	0.0590033454136199	0.0545809248401076	0.0633425236338563	0.0605815720281093	0.0460442390972546	0.0438412344616261	0.0432835709245068	0.0402101922722086	0.038289031429681
72121	80-84	2	0.099096484242283	0.0883622289381046	0.0900818292714985	0.094905057006629	0.0847372246878563	0.072006809148525	0.0771873601113038	0.0668057394994877	0.063431161084622
72121	85+	2	0.17447168356776	0.17496149799101	0.159542655936641	0.170305011939827	0.158254586256505	0.147505903304236	0.14305409696803	0.139011003136606	0.130460374576917
72123	0-4	2	0.00468511705038776	0.00451880336306588	0.0047037011759468	0.00408435952865001	0.00266154820267417	0.00290269241293398	0.0025182708800965	0.00228271440271463	0.00232379305678683
72123	5-9	2	0.000247301392265756	0.000231307802840944	0.000264132953448681	0.000234233856176928	0.000199939824896769	0.000190663382000508	0.000175707597431108	0.00016163604623918	0.000169347043603738
72123	10-14	2	0.000310922378292094	0.000276108333641691	0.000286396049738232	0.000282121480622072	0.000306595473600063	0.000229674588392647	0.000222756621728636	0.00019592711639901	0.00021600126407678
72123	15-19	2	0.000883967190602284	0.0010538161050649	0.0011735307402798	0.00103998322361839	0.000814377304577923	0.000972832409456942	0.000817888505689043	0.000587023708632832	0.000781468440794089
72123	20-24	2	0.00196876878347598	0.00212149769195226	0.0020778257991555	0.00188290485571451	0.0016664410064141	0.00184321201974364	0.00166323920610797	0.00156356123303148	0.00125864506735755
72123	25-29	2	0.00248927417921713	0.00276526840829854	0.00269748387090906	0.00258722677105466	0.00216178901076747	0.00221365792374485	0.00262117326772759	0.00220805289417848	0.00167749829787222
72123	30-34	2	0.00266193591187097	0.00393929298571907	0.0036445108670635	0.00297521844651974	0.00266657901667629	0.00241047586926813	0.00198546378086629	0.00221387657512868	0.00248693747809775
72123	35-39	2	0.00371508723521704	0.00532212551809918	0.00482754387321972	0.00426563924701581	0.0041706390016713	0.00330102535654394	0.00256159177267364	0.00275691801925316	0.00274823587666205
72123	40-44	2	0.00445199366167266	0.00536953403532801	0.00628628251200002	0.00666334334681079	0.00425899840611576	0.00346664855968052	0.00357667600768336	0.00288358523122556	0.00335829235514623
72123	45-49	2	0.0062027567978502	0.00683115886059583	0.00687181300360946	0.00771450795927795	0.00531183606780377	0.00554903267918817	0.00443567150768793	0.00384544438076966	0.00443393287981116
72123	50-54	2	0.00838556090294288	0.0098377152270393	0.00890992303398457	0.00813299794783564	0.00842911201641568	0.00877192909408312	0.00509204317191938	0.0056777760137146	0.00723235269595986
72123	55-59	2	0.0161901468461396	0.0142889040054675	0.0138041163493219	0.0156145046218285	0.0117824821215889	0.0114173458440445	0.0106273681022469	0.0080179707554611	0.00902766998221854
72123	60-64	2	0.0211781471150474	0.0243536358598804	0.0240925862174034	0.0207217971928348	0.0167499476132723	0.0145887815167068	0.0118946000146672	0.0119888168017933	0.0104402113383273
72123	65-69	2	0.026570257250259	0.0339305938036315	0.026634237520865	0.0284109086795156	0.0242276163610512	0.0225609395917024	0.0207775510367367	0.017188383178782	0.013923461817288
72123	70-74	2	0.0505535617963037	0.0522603291441107	0.0395271322994862	0.0459871909406649	0.0321655330483874	0.0343244917172102	0.0266922518167243	0.023359881245251	0.0232152520413649
72123	75-79	2	0.06295808431163	0.0601482922961728	0.0526731974246191	0.0656790466220538	0.05366738569639	0.0439214054199383	0.0456596145492178	0.0393765791544539	0.0364026963362729
72123	80-84	2	0.123943650863121	0.0972983805063941	0.0996674604430585	0.0973950532613242	0.0785692485888709	0.0825052653135205	0.0690929589031401	0.0530837957175859	0.0630846697979102
72123	85+	2	0.194419238725222	0.175531908871128	0.155381412038301	0.161341988306112	0.155550391106608	0.138469093281762	0.153375990402034	0.113785078302822	0.112903486334877
72125	0-4	2	0.00401005322296711	0.00355525743753524	0.00319701153824694	0.00316469386470661	0.00287112968327281	0.0032281112135309	0.00249454854802655	0.00181547057859591	0.00204688999820173
72125	5-9	2	0.000258372137903018	0.000229768104511862	0.000227730098133171	0.000233528289931072	0.000189983195932813	0.000180579132250158	0.000158196489404097	0.000144993802409776	0.000159183282158373
72125	10-14	2	0.000255169028582947	0.000274179128900054	0.000313338208786735	0.000280707954542394	0.000240951339764344	0.000218296813620336	0.000191529700472508	0.000185322620828313	0.000193220357179519
72125	15-19	2	0.000813409747041003	0.000966458127624574	0.000933236237363814	0.00079646515368728	0.000678790981618559	0.000678516702327816	0.000585216605839947	0.000551237418628695	0.000611262284028397
72125	20-24	2	0.00143380426574579	0.00130471322440024	0.00173915479597791	0.0015620245166647	0.00125793598838543	0.00128110807970194	0.00107807791063786	0.00100828463999522	0.00105916515244043
72125	25-29	2	0.00182705768866724	0.00221541551645147	0.00197022428604422	0.00192472506308449	0.00185593695983667	0.00135892564069813	0.00137800937897541	0.00121090001007949	0.0014215911078877
72125	30-34	2	0.00251822932678841	0.00211936908637557	0.00260410980500346	0.00242681908137569	0.00173429734616526	0.00201883058312766	0.00202852832352403	0.00170133406187623	0.00190690450036952
72125	35-39	2	0.00330487744129521	0.00355412170400486	0.00366841849615388	0.00397451342366489	0.00291223921645404	0.00244401417836146	0.00198776550988675	0.00197819517028673	0.00204728671836634
72125	40-44	2	0.00328982061736744	0.00378562977527323	0.00539911962655676	0.00454601123689397	0.00306072048567722	0.0027646730287242	0.00268493873927329	0.00275500502198604	0.00294262116600328
72125	45-49	2	0.00490758028102254	0.00575299442891029	0.00549768722454213	0.00552410586398969	0.00508873046652794	0.00406551221018242	0.00395243942447896	0.00383552285453631	0.0039162384074672
72125	50-54	2	0.00816444569513311	0.00745378385799719	0.00785989980945096	0.00739290470735606	0.00648455616251425	0.00893212728440143	0.00607281367253894	0.00578693292614899	0.00760048188524559
72125	55-59	2	0.0114432975544478	0.0087661821613064	0.0110327916744008	0.0106807396535673	0.00875338859519888	0.00905946379461675	0.00893833218471422	0.00841042810741435	0.00681437542934142
72125	60-64	2	0.0172182941124334	0.0173993904971524	0.014544721474482	0.0165892714393092	0.0183431769746188	0.0145251457507463	0.0107152586171224	0.0117935379504754	0.0124962078595368
72125	65-69	2	0.0294355487553832	0.0245869440267921	0.0217881027652868	0.0221380142801291	0.0188914382895677	0.0209065402755171	0.0182824208161543	0.0185830839188141	0.0175441707922189
72125	70-74	2	0.0452710953232795	0.0359296371943349	0.0396152161743602	0.0344559038211066	0.037704987095001	0.0299874070436714	0.0261823392529892	0.0207003658933551	0.022809336647236
72125	75-79	2	0.0621890688785592	0.0644397324721419	0.0587828660500118	0.0429308402778702	0.0467757330254	0.0337164373065521	0.0467664986299124	0.038930483386862	0.0432654421489
72125	80-84	2	0.0770473521851608	0.0847843940605476	0.104833914148908	0.0902256144469463	0.0737353769621935	0.0900107115343666	0.0728104129771667	0.0640799173945155	0.0554987390112818
72125	85+	2	0.17450646932208	0.135362979629378	0.160328274692467	0.153677910794067	0.149655325609782	0.15107266898424	0.138717328443872	0.132639318255635	0.136141544296976
72127	0-4	2	0.00556061178096101	0.00408658691494867	0.00390781114665851	0.00324670353770225	0.00250793406011857	0.00263433755789959	0.00268601666789041	0.00213493249020137	0.00249612071658447
72127	5-9	2	0.000263072176919814	0.000252525938347417	0.000282729532555649	0.000246122240696663	0.000161192495336738	0.000161993048348683	0.000167916477223494	0.000182220617249081	0.000150224497777371
72127	10-14	2	0.000368475730251131	0.000388418955469214	0.00042423542321085	0.000354672049902589	0.000240208543736586	0.00021513624644774	0.000241555862448347	0.000182366102348911	0.000213398614711324
72127	15-19	2	0.00180370402181182	0.00150294078743608	0.00397189090637423	0.00312388101463714	0.00219437062008115	0.0012417681014295	0.00116508632676512	0.000975092954176107	0.00118465753450001
72127	20-24	2	0.00290989398836934	0.00341436412046678	0.005098848286255	0.00443767543451603	0.00416165986539551	0.00344119799217548	0.00345619775246364	0.00300364163726936	0.00246083323694319
72127	25-29	2	0.00333228376066038	0.00438198983422871	0.00626171342698124	0.00461087199892157	0.00414602599660526	0.00416637305462342	0.00356721147813813	0.00288944557330633	0.00297691009771505
72127	30-34	2	0.00423310523040404	0.00686367868622895	0.00872449734135157	0.00666175749281966	0.00377709752345686	0.00391699586663305	0.00316328104723871	0.0033944557464531	0.002962848053992
72127	35-39	2	0.00472312159114696	0.00766924545732185	0.01082666509729	0.00721984390237687	0.00478371688346644	0.00392447466085394	0.00295858332241139	0.00343446848413673	0.00363462103066606
72127	40-44	2	0.00559562090920311	0.00770811414931886	0.0105367240876079	0.0086133342396549	0.0055105382950961	0.0050573341357752	0.00397992900069893	0.00409228885900244	0.00511710957237038
72127	45-49	2	0.00712915783926686	0.00941010574823892	0.0107222992778468	0.0102509392221608	0.00709635886868588	0.00626189499186055	0.00528124309145126	0.00484614361922533	0.0056057432841593
72127	50-54	2	0.0096519039731488	0.0100449550293908	0.0122184601726503	0.0112417605154502	0.00968453682575494	0.00896448219727046	0.00727505056341504	0.0067840346210256	0.00646702669601518
72127	55-59	2	0.0140443880334934	0.0154634770286519	0.0135233366007392	0.0136776095867669	0.0120842937357931	0.0115253095387502	0.0110508248769112	0.0101261314488414	0.00961540599246546
72127	60-64	2	0.0214561488069431	0.021656339517546	0.0203852958782823	0.0189465329286155	0.0158108244122379	0.0154015595062433	0.013857851220019	0.013826992881776	0.0131915886480566
72127	65-69	2	0.0288036963850766	0.0281889126123504	0.0263292636253167	0.0252104472426127	0.0215042989776	0.0201898413025584	0.0188245977558457	0.0168357863015264	0.0177185389188125
72127	70-74	2	0.0441128297959013	0.0434824238130054	0.0405811972872765	0.040128350493222	0.0319946383408402	0.0277549646196712	0.0250847896375148	0.0231621314756548	0.0253260171846185
72127	75-79	2	0.0586926190551218	0.0584533090229712	0.0555829939617256	0.0554872597793069	0.0480753552943869	0.0427972581969782	0.0389670494706273	0.0362015323751876	0.0401278303166978
72127	80-84	2	0.0991814489839452	0.091043082700285	0.08897812321508	0.088303274395163	0.073519980014771	0.071448926446402	0.065351428192304	0.0590077996004308	0.0567378196832447
72127	85+	2	0.165860277491455	0.167912862550648	0.154753374890697	0.156431343645343	0.140606610003517	0.13284434604747	0.131877535341013	0.12267727698481	0.122785581992639
72129	0-4	2	0.0035067363490637	0.00307346733073235	0.00294699042188009	0.00297676793996477	0.00263894654843592	0.00267373578989814	0.00234503160263884	0.00208412667196926	0.00201160105298665
72129	5-9	2	0.000237176020945654	0.000243000222547276	0.000229383277017224	0.000224287499206982	0.000183000965015659	0.000182822631814921	0.00016832874686866	0.000147597713788301	0.000154601393522453
72129	10-14	2	0.000255806296941994	0.000288886406984175	0.000261812770590727	0.000294254654288876	0.000230355990382988	0.000229740671295131	0.00021305667308245	0.00018752126245056	0.000186521060305139
72129	15-19	2	0.00121922811458207	0.0010131904833277	0.00105085582009829	0.000842599804560931	0.000835252411169141	0.000810488119705499	0.000770046802282327	0.000745762423541978	0.00063554243739492
72129	20-24	2	0.00157872263039029	0.00163454484750727	0.00176146861437366	0.00217464861623019	0.0017250853375758	0.00159947434951595	0.00143922368769006	0.00178702342226188	0.00128400143484115
72129	25-29	2	0.00226307801618821	0.00247214380437992	0.00272652750818396	0.00225077270213076	0.00216452871270258	0.00190849133641207	0.00242304717277662	0.00204146983460404	0.00164607715869084
72129	30-34	2	0.00238755437197584	0.00359584107957493	0.0034975095195505	0.00258885002955799	0.00234933770834	0.0022580467656031	0.00251572991992351	0.00206099853585575	0.00230990727090585
72129	35-39	2	0.00352889109623745	0.00432808884266184	0.00428066263982196	0.00400367967994583	0.00287420514788481	0.00220029556810677	0.00208950656270435	0.0026620141243467	0.00309972786739056
72129	40-44	2	0.00464999183319402	0.00598350560408788	0.00541487614129079	0.00469122124315303	0.00384259674244118	0.00331101656061556	0.00270573863977558	0.00284782416727775	0.00357305607878116
72129	45-49	2	0.00569705654953434	0.00651657603475527	0.00765276515658971	0.00615939779933628	0.00585066921457466	0.00557672938244839	0.00446476275918149	0.00414527966435654	0.00468131498368871
72129	50-54	2	0.0086589880075206	0.00853946187510076	0.00912833536887188	0.00831828789872731	0.00850807590940394	0.00806183210691104	0.00507721681290795	0.00648474428486486	0.00594379420821557
72129	55-59	2	0.0137228051094276	0.0152876034620584	0.0135263187930255	0.0142652719844412	0.0111086227349216	0.0113735958155609	0.00868923131798267	0.00787740792696037	0.00831377949930576
72129	60-64	2	0.0170459301477669	0.0174258398191586	0.0196149682413818	0.0208639257240796	0.0185753059302682	0.0157402461817914	0.0137360561152434	0.0109363348183383	0.0115870768653317
72129	65-69	2	0.0290690404122962	0.0261350327227659	0.031165614521559	0.0263006682356061	0.0231266269652748	0.0190537148291573	0.017830947235755	0.0195114884198459	0.0163797802835291
72129	70-74	2	0.0343058208408636	0.0438485007421763	0.0388275011142489	0.0407608199652566	0.0328730206319866	0.0282358500625137	0.0244319671840544	0.0225791057598772	0.0278638923503576
72129	75-79	2	0.054707607697356	0.0573422468309749	0.0631511320182038	0.0458035669861062	0.0528492774803348	0.0480242214208329	0.0450458025371198	0.0369865457495371	0.036404938148657
72129	80-84	2	0.0713344092022978	0.0840310298480937	0.0813020961301245	0.0810700045854812	0.0702066436850661	0.0668152950185112	0.0598836935406699	0.0461696807998995	0.0462722603050383
72129	85+	2	0.142674190605286	0.167604912169544	0.152867085507547	0.157652145031759	0.147828813623862	0.144668536483037	0.121424252189585	0.136454693327834	0.115808148814306
72131	0-4	2	0.00322725909505782	0.0035116868673704	0.00336114649134757	0.00298758284531536	0.00266956435447727	0.00231702486799909	0.00240463912304379	0.00178932468852045	0.0020263026528299
72131	5-9	2	0.000217165956563913	0.000234026692595061	0.000254738574248095	0.000216759680083835	0.000194826852748227	0.000176756405124756	0.000155169557303795	0.000142751424522386	0.000157188710046191
72131	10-14	2	0.000259037932366633	0.000277146851554858	0.000262477785003961	0.000296763828478549	0.000212383673834281	0.000255541700375087	0.000215878075324598	0.000181081773927943	0.000180009743180024
72131	15-19	2	0.000877169715571153	0.00086034297882123	0.000951284896163244	0.0010466655405983	0.000730222215473393	0.00065582896097903	0.000641887638707635	0.000601629344491675	0.000557743139064021
72131	20-24	2	0.00152692893393623	0.00171898991190597	0.00145666845752206	0.00151240442116085	0.00155995385641496	0.00120359674080668	0.0011961142330266	0.00115476191628806	0.00132603095805
72131	25-29	2	0.00179991372828405	0.00253771365508653	0.00216673110321511	0.00205617157608131	0.00178361905463305	0.00172672111041768	0.00136975312458133	0.00132743085497046	0.00136946018550921
72131	30-34	2	0.00197011960062191	0.00251788662004166	0.00241035785769597	0.00224352608826525	0.00236293899231743	0.00171488001731583	0.00210662878342057	0.00170155030754382	0.00176701481766794
72131	35-39	2	0.00297594968224455	0.0040488010012637	0.00322182068648762	0.00327772830965377	0.00240020575823589	0.00204894543533953	0.00195296378862291	0.00233845274063738	0.00279428348537467
72131	40-44	2	0.00330472388904258	0.00487475107848237	0.00469137198279014	0.00445193001558884	0.00351632265814883	0.00327924907694601	0.00334906487214998	0.00252628656128021	0.00303118010339705
72131	45-49	2	0.00558537276378834	0.00475172381039568	0.00579698019001222	0.00529470430632864	0.00413177350524589	0.00469258044925461	0.00435038052712552	0.00383587691903308	0.00425637545306091
72131	50-54	2	0.00656894560920974	0.00814128879254369	0.00816024070287519	0.00749820009040817	0.00573117121284321	0.00627732592578425	0.00584646735645595	0.00546180867991748	0.00502038385546365
72131	55-59	2	0.011449335592793	0.0110305242753149	0.0110496950058045	0.0110267641544138	0.0101947906020398	0.0104109200776278	0.00815306935455977	0.00824986639791443	0.00662148031235707
72131	60-64	2	0.0168676577467	0.0160664089096763	0.0160846362054016	0.0150372833765979	0.0135195136097175	0.0137002878592606	0.0121037955468353	0.00981953541124164	0.0126587294541922
72131	65-69	2	0.0251154382190623	0.0228394510242294	0.0248101017403115	0.0223029702885932	0.0181233055172271	0.0206763332118757	0.0187418599454738	0.0146634834598456	0.0145602437751861
72131	70-74	2	0.0416473746106006	0.0412303236109281	0.035539893545531	0.0365855212992653	0.0336772250718733	0.0264181822445601	0.0276063653608913	0.0209538781501357	0.0215510878313001
72131	75-79	2	0.0601032219172139	0.0596484894273799	0.0619426834826147	0.0492098746825932	0.0540041986250866	0.0463592413685618	0.0445708878523976	0.0389635109807038	0.0411043202459488
72131	80-84	2	0.0855679162079824	0.10123484190336	0.0888635019936903	0.112412615889756	0.084909937766424	0.0678906795728883	0.0700199555388617	0.0573936466158873	0.0649965318837707
72131	85+	2	0.196503166814566	0.167272933197602	0.170918369750292	0.156355030661123	0.156941526276358	0.16206356790058	0.133358450195507	0.140668647706561	0.130501840814773
72133	0-4	2	0.00474355240992788	0.0043009713682214	0.00466617381761219	0.00437365289697414	0.00329246782799437	0.00279024009644466	0.00264986716411392	0.00247716341685443	0.00253546286702242
72133	5-9	2	0.000255473575621086	0.000263420658966231	0.000302487619663579	0.00025535055429134	0.000251698142923379	0.000215700724432288	0.000188597672443187	0.000182552900552064	0.000181568156011951
72133	10-14	2	0.000373570015146261	0.000333878561077205	0.000316651075813465	0.000325753266875071	0.000277522471636453	0.000287072378800013	0.000263810008319566	0.000210787301093273	0.00022073757817759
72133	15-19	2	0.00104685043983823	0.00110893800789224	0.00114959336884998	0.00123787006483986	0.00123765677382133	0.00091722993234205	0.000919311917068931	0.000661403603525482	0.000849978980358412
72133	20-24	2	0.00210631206007228	0.00249761962457504	0.00222468189034746	0.00247701581463682	0.00260258842067313	0.00217661054401679	0.00218255382397783	0.00155532932687656	0.00141183523075114
72133	25-29	2	0.00239977194234788	0.00283934794790785	0.00373012924025608	0.0032811683321849	0.00257154942384301	0.00252876941321082	0.00268947610275832	0.00220123911910634	0.00258745390567406
72133	30-34	2	0.00258447583072629	0.00352032121963226	0.00461946251207138	0.00280317679036134	0.00298689387490462	0.00287510708840938	0.00248484021979484	0.00220107772018678	0.00279083070003569
72133	35-39	2	0.00321850225693907	0.00351484213141319	0.00674766251828217	0.00435296651044917	0.00371208233976313	0.00243582228456254	0.00267550543952181	0.00207770761896692	0.00288190908168969
72133	40-44	2	0.00451500861768438	0.00472457882997219	0.00495576227595308	0.00752333146039298	0.00455576369801208	0.00370364695114051	0.00323006277074118	0.0031463799253779	0.00381332328347554
72133	45-49	2	0.00595484729613802	0.00759210767618229	0.00839101130692789	0.00639593522629602	0.00608963823981739	0.00555992666490173	0.00562532729452646	0.00456229152214906	0.00481326190830657
72133	50-54	2	0.00877902329807713	0.00979513057692636	0.00938008781029289	0.0101243343356523	0.00926464930832558	0.0085389786828507	0.00602779323546327	0.00563522634526778	0.0050221081955893
72133	55-59	2	0.0115062587411964	0.0138214798084071	0.0132482512721288	0.0116036719821158	0.0122261421533279	0.0117657155519029	0.0112075299748736	0.00928597414131134	0.0097718150431065
72133	60-64	2	0.0204171633968172	0.0207997851615177	0.0229245074503721	0.016610909606823	0.0205451023270403	0.0175679128227144	0.0120598452662847	0.0140091217834513	0.014455224651118
72133	65-69	2	0.0374052291960073	0.0298160899731514	0.030440416670578	0.0269818227355818	0.0262758737539245	0.019594765277262	0.0161029655740227	0.0241365237072868	0.022493314935447
72133	70-74	2	0.0496537506168814	0.0391225199064323	0.0490596487455051	0.042693823131503	0.0386278544079906	0.036112877719481	0.0314532657101198	0.0288930079078847	0.0250178031357163
72133	75-79	2	0.0800326746619773	0.0636475267244984	0.0687528525560468	0.0638652604894925	0.0643234048343729	0.0521969657816012	0.0391164180204933	0.0483128994619657	0.0458931300284752
72133	80-84	2	0.108190299458435	0.110408933633183	0.0910386157891648	0.139711867531262	0.0992857050454767	0.106330475027754	0.0711057821289416	0.06624945440472	0.0754425279276778
72133	85+	2	0.159855179269376	0.215530673436331	0.185601434464103	0.168219859998497	0.168852062061916	0.159774404480791	0.205031658722468	0.137182605598013	0.144089645110803
72135	0-4	2	0.00383881210949837	0.00281456941983993	0.00273299224759269	0.00231626847401787	0.00210688998184566	0.00205654214602496	0.001863994213149	0.00184214845459529	0.00173131454698
72135	5-9	2	0.000199279700529093	0.000192156699772604	0.000215333618946247	0.000180591379699354	0.000176302473909758	0.000159924100502499	0.00013569386747882	0.000126401561956704	0.000133191511581426
72135	10-14	2	0.000264312923049067	0.000252930273107714	0.000224822024561965	0.000237413885740206	0.000211235482933551	0.000190217340494522	0.000176268960028217	0.000151263178211054	0.000159376282209121
72135	15-19	2	0.000776398403322281	0.000837526673401295	0.0010568400997283	0.00100981292365927	0.000691770173047642	0.000868584668560838	0.000668912510902419	0.000520261850879756	0.00060677080884164
72135	20-24	2	0.00165476658363628	0.00156687132949978	0.0022409606123366	0.00191175964135607	0.0014219380555096	0.00179759079231612	0.00180202346547869	0.0011757115867341	0.00110378225663746
72135	25-29	2	0.00151827875876093	0.00138343160437066	0.00239289591534147	0.0019798245084861	0.00197790672537789	0.00190828514926965	0.00196617296080202	0.00186103034410486	0.00141983813664162
72135	30-34	2	0.0016958808654941	0.00234075372137445	0.00282675751064184	0.00279108666278062	0.00189550444214248	0.00192421856103786	0.00227196663506205	0.00173098440151417	0.0020810575934257
72135	35-39	2	0.00281313602466311	0.00298224959450101	0.00386977474680796	0.00331261760584052	0.00183192634252407	0.00198745556273804	0.00189905878894304	0.00186856242653693	0.00233332441204598
72135	40-44	2	0.00370374480885861	0.00416639031230167	0.0035318046479775	0.00372257127078593	0.00318597092817858	0.00293175772711182	0.00229157530667008	0.0027286540042492	0.0030239997962752
72135	45-49	2	0.00385488157993993	0.00469778695186846	0.00401444484574317	0.00569947624953404	0.00457415484066885	0.00303687044345454	0.00357555925501507	0.00281152052586316	0.00371293478151214
72135	50-54	2	0.00661116423105584	0.00765683336302367	0.0082122471275832	0.00801994494118873	0.0070596266824507	0.0054246226583933	0.00485424385854187	0.00495795572497133	0.00435692854734934
72135	55-59	2	0.0105334554918908	0.0140735668847843	0.00981969810851552	0.010996259929246	0.00858381183442976	0.00731438105432218	0.00706502089686266	0.00761844614516246	0.00682926480713338
72135	60-64	2	0.0179827878746006	0.0185029665185304	0.0163605381280425	0.0149655344056241	0.0133752861438162	0.0128892380932219	0.00896056907115568	0.00961572198127056	0.00986055469448573
72135	65-69	2	0.0226533225855596	0.0224249611160995	0.0230605247972004	0.0231824853826945	0.0219974281899095	0.0161582645687678	0.0150730240298314	0.0124837468638264	0.0159411258102858
72135	70-74	2	0.0385364946876546	0.0434446843091282	0.0333910870738765	0.0392921347893309	0.0280319466936105	0.023191701898411	0.0209593447759676	0.0212081533884129	0.0236915983015896
72135	75-79	2	0.0460277363510948	0.0578174117906616	0.0485401340065111	0.049682476874018	0.0494514213295282	0.044674001815323	0.0429871060154043	0.0306346118290703	0.0328396854087075
72135	80-84	2	0.0741411717856783	0.0756239980327776	0.0914225848066885	0.0903063559080167	0.088376511924035	0.065945285730087	0.0642784975504967	0.0582643640603799	0.0508093251911184
72135	85+	2	0.188759188576935	0.151749267251674	0.145910240745868	0.161689787670912	0.151527541654566	0.150381031249538	0.139918789009083	0.124341426392539	0.116191581282101
72137	0-4	2	0.00380673236735722	0.0030765711663853	0.00331648908808378	0.00263551753923193	0.00247506335672726	0.00260528632109406	0.00196961549755519	0.00194691547610689	0.00208265084949439
72137	5-9	2	0.000204552353589696	0.000237401664399479	0.000256757099289269	0.000224275158563825	0.000188411006071604	0.000182069326103934	0.000172178113374752	0.000147013744373573	0.000155689660959169
72137	10-14	2	0.000318687299300427	0.000333892213929139	0.000308416181239637	0.000334607384548667	0.000243389020438793	0.000224611928535655	0.000184821858310537	0.000184206304979156	0.000195074333493146
72137	15-19	2	0.00106540413611276	0.000887578432962247	0.00128870887945767	0.00172747904228072	0.000989099075568038	0.000987200866122749	0.000941257455484665	0.000607798936720736	0.000651500577129138
72137	20-24	2	0.00205902017165755	0.00229877160785905	0.00316047672051962	0.00329566845917536	0.00278457572210559	0.00228789717486815	0.00209464762885645	0.00184435471701391	0.00197968616749864
72137	25-29	2	0.00222005037611796	0.00324775593622029	0.0040425939095511	0.00301881688616471	0.00321320126631593	0.00250354092790189	0.00269631164454942	0.00229632336906583	0.00232228451108236
72137	30-34	2	0.00239441904379626	0.00329191292775108	0.00503880612889021	0.00359421275931209	0.00321608413281372	0.00260840943251604	0.00282594796265062	0.00236547787761677	0.00276783711918701
72137	35-39	2	0.00317231172903953	0.00399627371435491	0.0053615256880569	0.0051330541500907	0.00352868569486774	0.00282786256377604	0.00249115118064365	0.00233237003540059	0.00278597354117968
72137	40-44	2	0.00312589213524778	0.00447076143578324	0.00545900167618685	0.0059366447679774	0.00411003530676274	0.0036234960331509	0.00295635686784058	0.00310051266173228	0.00421580760225256
72137	45-49	2	0.00558070393341953	0.00587121709277792	0.00656626061148641	0.00579273343371589	0.00563399039515208	0.00519760597129487	0.00437884701363755	0.00421824421848586	0.00484049525894879
72137	50-54	2	0.00732365306191297	0.00941070564068434	0.00849706693554593	0.0086508268455043	0.00659354644153732	0.00824418250939029	0.00668358525921581	0.00628440427867735	0.00623890712294264
72137	55-59	2	0.0103632516145957	0.0111566316192022	0.0106969636632486	0.0126039448067101	0.00994529548031891	0.00974804168762072	0.00949050565652205	0.00911859473059125	0.00921445498224618
72137	60-64	2	0.019481541357194	0.0176505826363614	0.0149676275712656	0.0164311985469001	0.0151877430780699	0.014715379091383	0.0131875267055395	0.0123411271204149	0.0131681122617254
72137	65-69	2	0.0250590059863391	0.0250314633009741	0.0269200575685559	0.0232875692191797	0.0213252990163088	0.0193272050362487	0.0200322365381367	0.0196455599263682	0.0165809682948904
72137	70-74	2	0.0387677404515664	0.040907168712973	0.0427138187668557	0.0345161343462187	0.0274912335988544	0.028879379098466	0.0295856822820105	0.0229039931562494	0.0269128709295433
72137	75-79	2	0.0530502987249331	0.0649697092380366	0.056119176338129	0.0553071897350886	0.0484450442096979	0.0481637861788731	0.0404200339362926	0.0349591925758698	0.0371260289584805
72137	80-84	2	0.0885433751604048	0.0824077371564802	0.0914953399654394	0.0796831717645736	0.0832568345104143	0.0771780173571829	0.0643685447043884	0.0629986838010567	0.0613901248869222
72137	85+	2	0.168265153317499	0.166222438582111	0.158040674077469	0.1602234165549	0.148587439210818	0.142095383980288	0.134244095651217	0.117353006233388	0.118520629318583
72139	0-4	2	0.00290399438303559	0.00275912187715403	0.00269612565731949	0.00263036737658773	0.0020478654299414	0.00183207288449864	0.00177608047106561	0.00144637773190363	0.00191108018531634
72139	5-9	2	0.000204179985306951	0.000198719023349312	0.000223689116074083	0.000227269025257062	0.000171413656095308	0.000156899667005019	0.000139296221517623	0.000129370813575458	0.000150760810696834
72139	10-14	2	0.000256965800813477	0.000248133118337445	0.000265796018019525	0.000259725906927057	0.000196493874355094	0.00019585088794481	0.00018261689131793	0.000163417234689266	0.000179844478008843
72139	15-19	2	0.0010658773443496	0.0010159800394358	0.00113257525518357	0.00130782211067787	0.00107552406600615	0.00085460513297924	0.000774347154854351	0.000505424424753707	0.00049854987358185
72139	20-24	2	0.00174989445763488	0.00167200914621117	0.00226516875199508	0.0022633420279836	0.00198538892630529	0.00214787738479709	0.0013586096893066	0.0013819663340001	0.00143861198530587
72139	25-29	2	0.00190836493971177	0.00269004628242283	0.00306635102504121	0.00281514405633457	0.00211096361336158	0.00287814641622182	0.00184094894626396	0.00192582879002056	0.00193554855130946
72139	30-34	2	0.00227050663447037	0.00280570111950877	0.00312285556044073	0.00259995701198889	0.00170169814709671	0.00216056078907266	0.00200989999260762	0.00223249244925598	0.00226134429292266
72139	35-39	2	0.0027292850776529	0.00392069163854898	0.00482973073372395	0.00321165591503531	0.00295543393491194	0.00246545233158794	0.00297273937273843	0.00247318180990335	0.00218007027609504
72139	40-44	2	0.00385806933906386	0.00398592767685203	0.0051158334348955	0.00433704206778773	0.0040054256301193	0.0024423244852189	0.00237630456912884	0.00255411751008408	0.00230173493371969
72139	45-49	2	0.00428929115165508	0.00467087572938308	0.00544522340272595	0.00536462464430715	0.00504724806558023	0.00470377919166723	0.00313783050791053	0.00344794940916224	0.00427540601779746
72139	50-54	2	0.00851219763244593	0.00915352615466928	0.0074624118800514	0.00792624047029178	0.00719711295960914	0.00564482996282654	0.00476202904351418	0.00437898727957563	0.00536492524216536
72139	55-59	2	0.00989213063308258	0.00949258498452819	0.00964344066484491	0.0092031240028785	0.00877019477298391	0.00853683853839671	0.00793004942246575	0.00610283684874009	0.00864867597798741
72139	60-64	2	0.0140382793783285	0.0173593882831056	0.0161796494511148	0.0155470920678628	0.0133498894833656	0.0120910796857687	0.0127593200552026	0.0098169992975003	0.00957822390919174
72139	65-69	2	0.0280788581279401	0.02527759395298	0.0235071187980316	0.0253780017490568	0.0173417124877629	0.0189913265213546	0.0153843502280773	0.0140272307770328	0.0163355190831624
72139	70-74	2	0.0404988345925801	0.0341987722038233	0.0334517495337549	0.0352634997088833	0.028255403730941	0.0276892098905873	0.0242830377033811	0.0219898134876484	0.0225147567368266
72139	75-79	2	0.0415186104012268	0.0502509149837651	0.0489914329767564	0.0467385839325261	0.0522834957017777	0.0445414122375777	0.0393526337021693	0.029510995171363	0.0315152230222554
72139	80-84	2	0.0780834664331597	0.0830100970606855	0.0748179610592717	0.101894620884461	0.0731340928211189	0.066237588321663	0.0607108126649712	0.0558514682029212	0.0539578784302505
72139	85+	2	0.152722433731739	0.161791955107899	0.131291137507304	0.146642428144798	0.141784706673672	0.125584680735483	0.127643263691254	0.1306620889658	0.121867804605078
72141	0-4	2	0.00390098265645352	0.00310236545012671	0.00270817675806262	0.00255556596929039	0.00217420275274184	0.00207311169781472	0.00224766132807819	0.00208673685494822	0.00182706192112776
72141	5-9	2	0.000203991288680757	0.000199957246924989	0.000208062427376487	0.000204002385472679	0.00018352144887065	0.000184011846888672	0.000154122804607998	0.000141353464292776	0.000147547312097159
72141	10-14	2	0.00025399011669054	0.000250476463508007	0.000261192560079226	0.00024465315523395	0.00023150283901758	0.000201399062398415	0.000195467580280686	0.000171794768350066	0.000179305073595713
72141	15-19	2	0.000872260651123756	0.000926943631608399	0.000711417082529472	0.000856077899907772	0.000736611793574105	0.000741304944392354	0.00059733884564252	0.000621776825427459	0.000549745673575625
72141	20-24	2	0.00169550064837455	0.00177273500529255	0.00193476143311057	0.00156357429340068	0.00142841944762653	0.0012447838224607	0.00112634649740504	0.00114812033693718	0.00098708447012868
72141	25-29	2	0.00253059790178378	0.00217330522830662	0.00228724410360332	0.00184407850665576	0.00165324802101866	0.00203789879293031	0.00148437799667457	0.00149456369975365	0.00157533134797539
72141	30-34	2	0.00217377474535412	0.00231125815987569	0.00228594606356006	0.00243240420664456	0.00182719425347345	0.00254022059013934	0.00173654390510907	0.00168762444651741	0.00185055424073552
72141	35-39	2	0.00316451951661546	0.00312433828467078	0.0035982881831471	0.00342888649528863	0.00232906710291971	0.0028044770799212	0.002417096556012	0.00195406612248239	0.00240612613305426
72141	40-44	2	0.00345361742028229	0.00322355132654176	0.00407158202073245	0.00401466098947833	0.00272178104310612	0.00294089513769398	0.00266952483736351	0.00289146761992969	0.00391279241346457
72141	45-49	2	0.00476802784799131	0.0072241729809017	0.00551489134366522	0.00460022197186461	0.00415665387451896	0.00486053360720841	0.00414428605414697	0.00359373858037325	0.00319784526632685
72141	50-54	2	0.00780401522766753	0.00719147428591974	0.00733887145853784	0.00595367201149724	0.00603928125914974	0.00575235451651485	0.00559831730914908	0.00516693203077955	0.00513964184052308
72141	55-59	2	0.0110927456185611	0.0124845781260162	0.011259765768289	0.0137322391081333	0.0103912377790226	0.00985489948832753	0.00904199170560533	0.00743502541484767	0.0082243734943573
72141	60-64	2	0.0148893918150382	0.0160095500546838	0.0158193431353019	0.0200525834665393	0.0140136753023534	0.013604277879206	0.0110087837458815	0.0114615944766389	0.012333722925448
72141	65-69	2	0.023993148860304	0.0197426654176369	0.0269788884098178	0.0249033653545488	0.0244901827843666	0.0187220244667737	0.0201052678853849	0.0162986183487084	0.0137232425093775
72141	70-74	2	0.0334791690431417	0.0386633315414	0.0371549080089667	0.0345112881818009	0.0329281774109707	0.035267670495923	0.0287695305813824	0.022020717226388	0.0226840316228433
72141	75-79	2	0.0567360063230051	0.063762634208306	0.0498882599040945	0.0578180438394086	0.0479515571010217	0.0423916100581592	0.048648781738477	0.0330125116013062	0.0311165134061816
72141	80-84	2	0.0924800069117348	0.0905659114589068	0.0881673256380967	0.101029143024005	0.0861766690507397	0.0857957021133321	0.0765631459132571	0.0577250143959773	0.054661228220875
72141	85+	2	0.185207762906452	0.12861868595706	0.168217167409924	0.158943703096128	0.166213741225704	0.15190023525388	0.132651439400631	0.131395674773715	0.122298783894657
72143	0-4	2	0.00336110997113241	0.0031315320227396	0.00349407554436461	0.00299878407807896	0.00293008437596222	0.0021857969693345	0.00219259763815661	0.00201833649814453	0.00201146314254412
72143	5-9	2	0.000236638236969585	0.000278301477639134	0.000227803409494693	0.000233314217269657	0.000189843728212442	0.000180181037100962	0.000157886096588274	0.000145472123668348	0.000152604789155157
72143	10-14	2	0.000283081642117834	0.0002750570240913	0.000297804266824429	0.000278977660815777	0.000217863518957715	0.000227684880335517	0.000200447077058599	0.000185221338805249	0.000184786763735559
72143	15-19	2	0.000874693692972954	0.000922126242969139	0.000983808465835385	0.00151859161785357	0.000827627065202934	0.000823207441662324	0.000627925743328616	0.000591046743404866	0.000682958237676704
72143	20-24	2	0.00167102816802097	0.00211223177073788	0.00199716890633153	0.00247141371314472	0.00164490055418178	0.00205933168036482	0.00163846230040355	0.00118416239378586	0.00131905918997722
72143	25-29	2	0.00234960058815164	0.0023735546443528	0.00237075881126418	0.00246864382238399	0.00193418581801423	0.00208492619728259	0.00150582126906614	0.00158591790774323	0.00133615225983718
72143	30-34	2	0.00203974723026983	0.00376705339292399	0.00424735663827176	0.00301512344522753	0.00238913263017992	0.00243527098451198	0.00250057002901513	0.00180406715523421	0.00253334302902952
72143	35-39	2	0.00305990889906419	0.00432340677917254	0.00489640441609666	0.00352287588487773	0.0035335381230056	0.00315474282884473	0.00228350565262484	0.00218390765724687	0.00252598695314651
72143	40-44	2	0.00398815194466068	0.00405541706424518	0.00460037678135207	0.00505381752929954	0.00363309681276646	0.00377656360390522	0.00306216161628532	0.00300030670697457	0.00343799986731438
72143	45-49	2	0.00632746735010562	0.00471464212591919	0.00613966606427865	0.00583310466150347	0.0048131804937825	0.00645723669577314	0.00450998939091011	0.00314378721453104	0.00514403090335483
72143	50-54	2	0.00946590544465021	0.00765830131600501	0.0104632357320292	0.00695644340626445	0.00734510245308258	0.00627328529683306	0.00491670883846722	0.00491318277508577	0.006144210178614
72143	55-59	2	0.0117622960468862	0.0130013736426368	0.0131019703503743	0.00958209429360165	0.00960091693342627	0.0105991390998725	0.00949093290400614	0.00609668980613346	0.00735604186824193
72143	60-64	2	0.0186593335047498	0.016801785552765	0.0169883399581712	0.01399512711366	0.0148673648267374	0.0137837370681373	0.0113937993603866	0.00963959362242901	0.0103699624263419
72143	65-69	2	0.0241661472551231	0.0245736286494289	0.0234631271461538	0.0262038742500715	0.0245213409165843	0.0237035836663489	0.01657969900516	0.0157504042073633	0.012368034512608
72143	70-74	2	0.0347989923015671	0.0335776762336294	0.040298188726562	0.0363937907802043	0.0366961903327204	0.0276149411002924	0.0258403087240942	0.0228918870626434	0.0228536165307199
72143	75-79	2	0.0425948629146706	0.0556578571005058	0.061731267044423	0.0576562221308713	0.044838134128947	0.0392746809107937	0.0405682091290464	0.0376182375429696	0.0320409115707916
72143	80-84	2	0.0922774015789242	0.0852149060272755	0.0895626608083465	0.104535685051025	0.0720676860526495	0.078591617388234	0.0659171570835656	0.053792060068491	0.0471230083836963
72143	85+	2	0.20691552428037	0.157591277612791	0.15851686263399	0.17634289824235	0.144093237103943	0.143306840956838	0.143047485480043	0.132742073550437	0.104288205802575
72145	0-4	2	0.00337471014053061	0.0032710206087853	0.00402772885229343	0.00300800245487799	0.00247282968685733	0.00261855229483144	0.00203366894151362	0.00215404330515497	0.00200145999568607
72145	5-9	2	0.000227473792261897	0.000243197759190685	0.000229856867727854	0.000245368062001137	0.000211979126227537	0.000177267760455131	0.000173016073606454	0.000153370058543395	0.000160950246674304
72145	10-14	2	0.000294364767467729	0.000311883881245885	0.000308859532971871	0.000305037683271709	0.000242913942193743	0.000232396062821227	0.000216678755704509	0.00018356019727784	0.000193319089605392
72145	15-19	2	0.000999497474338931	0.000968956016196679	0.00108469068446255	0.00118635439217244	0.000904907636108337	0.000735229979310264	0.000700965821727799	0.000630340430787539	0.000618299094076372
72145	20-24	2	0.00195062566786615	0.001999338817416	0.00219477407430099	0.00264760134276472	0.0022315975018583	0.00200635425554072	0.00183454799893886	0.00140329518984127	0.00156307302987166
72145	25-29	2	0.00287380072733247	0.00228576027595207	0.00336961991056675	0.00274525970364141	0.00263890900867393	0.00292441896329427	0.00225178278906965	0.00166456379256448	0.00279653399514359
72145	30-34	2	0.00251076943186727	0.00292197772843316	0.00504542377723303	0.00362565541381596	0.00310529966737981	0.00321329929154075	0.00240090621994453	0.00243941662107752	0.00310017893637682
72145	35-39	2	0.00385292103895857	0.00421484104761619	0.00499290160386297	0.00490803651127531	0.00344032699735932	0.00311374232946204	0.00299911206555411	0.00208700384637697	0.0033222205901381
72145	40-44	2	0.00460660349393932	0.00642224928785929	0.00543113397546554	0.00471071699450764	0.00548350473385832	0.00346783221800737	0.00288209694552262	0.00355840036497779	0.00546278627079741
72145	45-49	2	0.00665414441255189	0.00735339637404373	0.00580579103937881	0.00857000835229269	0.00590305844661148	0.00621273976347557	0.00632610144514878	0.00459412274558107	0.00573079360860845
72145	50-54	2	0.00873239162670737	0.00815525161294068	0.0108565833249653	0.0095758060220489	0.00729302432704111	0.00866021571719871	0.00621533414631405	0.00581256445284795	0.00561824795500682
72145	55-59	2	0.0118377762318675	0.0131057838286635	0.0127119034129275	0.0129913290489867	0.0103635437975014	0.00998136880088846	0.00796295815721849	0.0077290602756212	0.00970238727261195
72145	60-64	2	0.0181234015070569	0.0208748588147059	0.0195661728042131	0.0181502864831486	0.0175037771477182	0.0134835095023598	0.011754201582657	0.0119190090326329	0.0112478146123189
72145	65-69	2	0.0236032067472099	0.0230772704917837	0.0280766999366772	0.024829395570642	0.0230181673132138	0.0214332893512256	0.0187559972407844	0.0170978940084234	0.0162101668360662
72145	70-74	2	0.0398702942280707	0.0438432549593131	0.0439183276306662	0.0425779242302507	0.0338331320279636	0.0290763908508414	0.0276615770908344	0.0254746679381225	0.0241262681416936
72145	75-79	2	0.0516478975928451	0.0510158670302539	0.0588266941718448	0.058960921943798	0.0622271038509777	0.0443161083466193	0.0422751664122258	0.0388878253986363	0.033150231878886
72145	80-84	2	0.0839736192353318	0.0832316893461242	0.0896911089933629	0.108920110550899	0.0995792140652694	0.0835835781155929	0.0704196259240039	0.0657313912049384	0.0561559136853813
72145	85+	2	0.182200572121782	0.153689539542823	0.15617188350539	0.157485247770507	0.158467752751397	0.15506405579089	0.126097569331199	0.124959844231246	0.10869849439484
72147	0-4	2	0.00519297627073616	0.00486783575531778	0.00479512087977279	0.00375837934869677	0.00343736035775096	0.0034441834061225	0.00301295062174784	0.00270935833466755	0.00270919162465355
72147	5-9	2	0.000260652641193697	0.000281434299680047	0.000292266244539643	0.000284787198524187	0.000228795804624747	0.00021619121650762	0.000197417080898335	0.000179732090489124	0.000186985229876943
72147	10-14	2	0.00036886349650514	0.000342557671110645	0.000355864469819141	0.000347101259774364	0.000293804326491085	0.000277758484794752	0.000241642947151169	0.000220295232253909	0.000228893910932182
72147	15-19	2	0.0011315917364774	0.00111249600749498	0.00110454901843612	0.00113467474530697	0.0011221143091682	0.000920998478925777	0.000934716344724635	0.000748079848457336	0.000998562819648555
72147	20-24	2	0.00187268638632853	0.00196277062932233	0.00193580761318108	0.00201833090006084	0.00199000728119256	0.00179211853884255	0.0027081319245024	0.00171537589201716	0.00187995670381479
72147	25-29	2	0.00256046234676462	0.00266994610828913	0.00285348752787176	0.00307822886765837	0.00196314165683161	0.002649524017752	0.00226934974438864	0.00193659262801173	0.00225820572636684
72147	30-34	2	0.00290054596461869	0.00361894687936069	0.00470412469268686	0.00459614080093697	0.00252401697114061	0.0026383324484664	0.00277712406863461	0.00246524556602061	0.002361217330935
72147	35-39	2	0.00368710372330107	0.00437714488648981	0.00428816847885579	0.00535456780337362	0.00397068279668267	0.0036038816626066	0.00306637737775508	0.00266158081477907	0.00326417218860725
72147	40-44	2	0.00567751746255687	0.00443234765483531	0.00485666479064895	0.00589068329223455	0.00549519288549462	0.00481829093102258	0.00459321265820221	0.00401408572073731	0.00413033211408692
72147	45-49	2	0.00924529785610403	0.0067078271738638	0.00670278806800413	0.00643736029298114	0.00620710053996658	0.0053919796020089	0.0051339450453459	0.00590119996770592	0.005392698907662
72147	50-54	2	0.00928976283463118	0.00868996249260278	0.0103981523409098	0.00916853451525273	0.00908797690731056	0.00828391959664337	0.00683003034920794	0.00685779217830196	0.00685844430270743
72147	55-59	2	0.0137170160956078	0.0161044319516849	0.0151055643829768	0.0149466746816863	0.0121083544551526	0.0117998900377399	0.00946092209839872	0.00989505071507314	0.0114874065002394
72147	60-64	2	0.0209527609410708	0.0195720265465831	0.0229774147351218	0.0212804834234855	0.0181197806250847	0.0211963025766183	0.0130120177769162	0.013907219804942	0.0136961716589165
72147	65-69	2	0.0288708919464964	0.0290077771248701	0.0257748352872703	0.0397177306428406	0.0283444003744698	0.0173791948137166	0.0238974563136381	0.0234117847099521	0.023019887633552
72147	70-74	2	0.0484569035108308	0.0471195849906014	0.0400234322632212	0.048590098472436	0.0304982645608882	0.0310391441467671	0.0279595780781645	0.0280613431631166	0.0247748699937363
72147	75-79	2	0.064064278261223	0.0780057901686599	0.0580686599442776	0.0608120834809113	0.0643572678908408	0.0499965430928859	0.0417168428767625	0.0300709057036216	0.0385495169830567
72147	80-84	2	0.105507297466431	0.112312464650995	0.0995516079239802	0.10916846695296	0.0870187267444282	0.0969448225912249	0.0681571347349859	0.063042181196285	0.0649101179536004
72147	85+	2	0.219308890737835	0.218058221931165	0.200077585640769	0.167993284336691	0.173897413895061	0.193550418201995	0.138911106109786	0.132780833939867	0.100405241265408
72149	0-4	2	0.0044214700047004	0.00316784377934475	0.00340363270162076	0.00330427506415114	0.00249742535512411	0.00263531034958739	0.00218594780602341	0.00232295718678531	0.00205761907278027
72149	5-9	2	0.000273694160925252	0.000220319817073886	0.00021723515947006	0.000222383998606586	0.000190237098004793	0.000172947244938311	0.000159684580543381	0.000146451147147042	0.000152700484778026
72149	10-14	2	0.000260838861762398	0.000279259902622055	0.000331781923498558	0.00025581413408284	0.000241020970151454	0.000219260937679247	0.000202557014202933	0.000187431729849383	0.000205738681633307
72149	15-19	2	0.000873630684923247	0.00104298354346337	0.000840170958248071	0.00087526195987169	0.000897858858316023	0.000832072237632534	0.000644046029167458	0.000564334248518843	0.000663129762625835
72149	20-24	2	0.00143649630619237	0.00158356641404136	0.00164038880694914	0.00130860569621361	0.00161109346943823	0.00129712415000877	0.00119136636323723	0.00120133429345613	0.00122634131714956
72149	25-29	2	0.00172377042366626	0.00190788702720035	0.00188984567995907	0.00191629574984106	0.00158028889857583	0.0017945665402993	0.00170693334278163	0.00150889797620262	0.00157345006848978
72149	30-34	2	0.00226900132036753	0.00247374656842659	0.00289720689159837	0.00227531746978933	0.00210286481622389	0.0019307201143146	0.00191790541657662	0.00194965428708466	0.00195581178786687
72149	35-39	2	0.00292460500361049	0.00338597842455022	0.00295860979028804	0.00326890634282974	0.00265590812047187	0.00309754177321043	0.00233755017145267	0.00203588296577078	0.00253776020012463
72149	40-44	2	0.00332247559683295	0.00477606419490242	0.00438675249464835	0.00399978871020661	0.00371174990682564	0.00322738492292059	0.00270471190208799	0.00251153281022311	0.00352676779396525
72149	45-49	2	0.00601999946870889	0.00627527501515927	0.00602095097048987	0.00389468631660842	0.00435527774575281	0.0051907022665396	0.00358289620542629	0.00292959860096609	0.0041314859720044
72149	50-54	2	0.0102430462306092	0.00914485985553536	0.00674564757634294	0.00734828732517438	0.00715369722276448	0.00601044419347967	0.00612218114886984	0.00577323893900748	0.00461303390633572
72149	55-59	2	0.0138975188478305	0.0128284620077849	0.0108079260562809	0.00985544844124406	0.0086802554527657	0.00923361039024425	0.00697854467708195	0.00839922020935865	0.00788119912838106
72149	60-64	2	0.0144847242039495	0.0204279546859084	0.0165596403685721	0.0191193220813545	0.0133522303629663	0.0141210422609451	0.0131490135438942	0.0119529471546642	0.0143413116933591
72149	65-69	2	0.0272542169973328	0.0249643603441587	0.0246312562426309	0.0236707325731516	0.0204323454378955	0.0199975979566377	0.0207782588600508	0.0167845771035057	0.0178874236739641
72149	70-74	2	0.0403188432308197	0.0438423548542098	0.0491587362908631	0.0413675226315131	0.0312486199144623	0.0285661049380601	0.032916243064506	0.0238597442794015	0.0269875346304656
72149	75-79	2	0.0556125997056017	0.0568122908725939	0.063926037122458	0.0480914193026746	0.0450304548183104	0.0451607373171991	0.0397394497262543	0.0429777040148952	0.0413587332148993
72149	80-84	2	0.0939975773442233	0.123452329813366	0.0966400220928417	0.115434009234637	0.091564851376843	0.0819615379603362	0.0633147995658052	0.0602938228195662	0.0619607509346582
72149	85+	2	0.236198528528993	0.220305378080225	0.157585738009712	0.15430849653788	0.162260801585893	0.155812645511967	0.136526441958598	0.131331741020642	0.121448407036549
72151	0-4	2	0.00434347309774093	0.00318189559828917	0.00380459594729277	0.00342822785783974	0.00262741708136595	0.00247037339135866	0.0025336912685931	0.00187173428992392	0.00228716010134641
72151	5-9	2	0.00021350468101894	0.000240009161000908	0.000226919170497111	0.000223070730032296	0.000191191001033128	0.00017329702444488	0.000168087576234863	0.000147428484782571	0.000163064835138379
72151	10-14	2	0.000266967675785345	0.000309147711042539	0.000320142053222351	0.000291509590884894	0.000241105159950883	0.000218989959095453	0.000193500104615905	0.000179449658358122	0.000188305035196286
72151	15-19	2	0.000870891532952485	0.00104922537225525	0.000937155410256744	0.00126804821456221	0.00081073587766697	0.000959740137126638	0.000822953406095848	0.000584254246404138	0.00068710752858419
72151	20-24	2	0.00186577804394059	0.00183442747237412	0.00166644743272156	0.00192472183817044	0.00148807495426577	0.00172485945480924	0.0019447844898492	0.00154167334094287	0.00135079542724337
72151	25-29	2	0.00188184280377421	0.00209877260093204	0.00234148929301387	0.00200240258788438	0.00212291081990322	0.00247434385026111	0.00220578126890174	0.00184325048109056	0.00217745725748379
72151	30-34	2	0.00255429155548356	0.00233895308629368	0.00307498289236087	0.00275245166792318	0.00230182673385811	0.00233812887233675	0.00204634286321175	0.00236009684649838	0.00238963266775016
72151	35-39	2	0.00282410822849549	0.00370800306445578	0.0034735130195083	0.00393180815398809	0.00252014470121979	0.0030404163535418	0.0023089874554296	0.00253649425308648	0.00285072240385674
72151	40-44	2	0.00491514414675355	0.00436662300838525	0.00482906364062361	0.00511166815291554	0.00348985770248896	0.00319189167737104	0.00300531570104389	0.00308311889353657	0.00384719366287912
72151	45-49	2	0.00440723730752802	0.00512209988063433	0.00504668623573028	0.00582951624071106	0.00510610189875484	0.00413422125170622	0.00402152048872393	0.00418714573056474	0.00428067177504046
72151	50-54	2	0.0102788977901235	0.0101999272365327	0.00793309827870363	0.0102819758443908	0.00743419211595439	0.00660917926119674	0.0058254633689125	0.00485667251286738	0.00557012423049395
72151	55-59	2	0.0156772497848915	0.0132622497877183	0.00902710661705741	0.0139671054689804	0.0118026700716088	0.00823949887111533	0.00710372722349624	0.00770240620225303	0.00945628996300966
72151	60-64	2	0.0210512293921653	0.0216041493363886	0.0198041322877297	0.0187424936291014	0.0152950718172831	0.0121751630295185	0.0103227300400493	0.00943278723158887	0.0114553408170629
72151	65-69	2	0.0270997370608995	0.0264989115542495	0.0255565263598187	0.0226447532512249	0.0190689385313967	0.0234725520088585	0.0138652377022743	0.0150692620547138	0.0141646490535899
72151	70-74	2	0.0487572641762035	0.0419150517524859	0.042401969329367	0.0433545757608934	0.0340665474724289	0.0272689770411339	0.0311939600509051	0.0192446207501728	0.0235811740636543
72151	75-79	2	0.0396718470960262	0.0574965160871887	0.0561725223219953	0.0608331618381309	0.0484274377457724	0.05055996721886	0.0397733048162545	0.0386653944440376	0.0378087075785658
72151	80-84	2	0.109523880383565	0.0806688586324473	0.0954259563223003	0.0933879425603708	0.071427069728762	0.0788151389027576	0.077636839854098	0.0549690129955171	0.0571294110225518
72151	85+	2	0.180751089256674	0.162778921436521	0.153208598995125	0.165190060249444	0.149570869164069	0.13035069334436	0.154458093817414	0.13876800797511	0.140745268569305
72153	0-4	2	0.00466008106836877	0.00484126116448938	0.00413016045061787	0.00390666409936561	0.00361014627054832	0.00329970651021723	0.00286477588973346	0.00218606974588913	0.00291882920138166
72153	5-9	2	0.000210992539617811	0.000225621095630567	0.000256162365850664	0.000219812341799585	0.000208744563950396	0.000181847095407717	0.000168072780503045	0.000180676858741649	0.000163121524283298
72153	10-14	2	0.000288556181738334	0.000335025969824922	0.000277424392167758	0.000298014513441179	0.000283628859601408	0.000227375063272017	0.000212469099610667	0.000197477099611224	0.000197246463040809
72153	15-19	2	0.000906996558221454	0.000889115183665389	0.000973417741501024	0.00105276939882674	0.000693613354880536	0.00103217484224878	0.000742058738879953	0.000579388561380359	0.000617493869785802
72153	20-24	2	0.00153243611255254	0.00159480761112082	0.00159587261910238	0.00151437856719188	0.00202119761640996	0.00181627107504307	0.00172700156786456	0.00120473802340544	0.00142766591876704
72153	25-29	2	0.00188918072955913	0.00226898085804596	0.00227750870791083	0.00225991224963421	0.00219730587866619	0.00225481438230276	0.00189756401447626	0.00173625756899106	0.00191380563098517
72153	30-34	2	0.00210550988986983	0.00336180177631056	0.00398246084374526	0.00268056746144762	0.00203042907414518	0.00214517353218699	0.0019972669319619	0.00178060966581735	0.00212395340058506
72153	35-39	2	0.00299957728498447	0.00347899514138916	0.00290968065271581	0.00274008903526705	0.00330709070131738	0.00267176341078201	0.00251494857779197	0.00259118182290934	0.00226256721120123
72153	40-44	2	0.00434303346707734	0.00543669532761641	0.00480487613743099	0.00466250046890632	0.00325552193877967	0.00398192167803108	0.00254953737544644	0.00281381777988547	0.003447104649732
72153	45-49	2	0.00484283913040303	0.00515054042566988	0.00562420176571818	0.00627875475366602	0.00520355303648467	0.00490071467995261	0.00413120267581636	0.00375644703022898	0.00461138433423815
72153	50-54	2	0.00908699395021255	0.00796042016517455	0.00668014786484043	0.0092056434428859	0.00774818254513346	0.00782787331325404	0.0062817639802946	0.00649396686534815	0.00686000397879663
72153	55-59	2	0.0125002532463672	0.0103058188703576	0.0109525161862724	0.0123796248784643	0.00941679670968912	0.0112082101759309	0.00979953580843587	0.0111330517356732	0.00935888286905652
72153	60-64	2	0.0228571850787818	0.0227931903824135	0.0178203853133829	0.0182816877945766	0.0157370008743502	0.0140806663221909	0.0136001442385061	0.0138390382751069	0.0124139466270432
72153	65-69	2	0.0240283407367752	0.0305630394279087	0.0258098031838888	0.0225015977845936	0.0254240117359565	0.020340453214011	0.0184297558173634	0.0160706330295477	0.0166686240649677
72153	70-74	2	0.0446636867735319	0.0493354453317458	0.0425391870257224	0.0383817979103643	0.0366979096547452	0.0361532848435532	0.0279776274591395	0.0261290114284986	0.0228797130659556
72153	75-79	2	0.0606120139122079	0.0587239156742848	0.0560200048378315	0.0567166183711995	0.0508310457462248	0.0444162526137018	0.0465122113076595	0.0350409153216337	0.0440667964473854
72153	80-84	2	0.114259398573877	0.121433895493641	0.110986651175456	0.106982344306588	0.090606047244731	0.0921879867878435	0.0715053877439218	0.0627439827598542	0.0635505926841562
72153	85+	2	0.191052880308012	0.170849875604548	0.160191219935867	0.14905228030439	0.160747605190474	0.155334583675731	0.156021679962963	0.152376312093621	0.140268814617418
630	0-4	0	0.0042678196198471	0.00365941819875118	0.00360047613123669	0.00318045852527281	0.00258163475204173	0.00252193379587537	0.00235274169838253	0.00198261998707668	0.00219806246148479
630	5-9	0	0.000239677843738615	0.000236329715573037	0.000245582338738737	0.000234061077275885	0.00018997271523036	0.000180322934301136	0.000166852730535915	0.000154117150552271	0.00015903695875373
630	10-14	0	0.000308112385252478	0.000307430432584628	0.000318181299066014	0.000306956016775055	0.000244635488301192	0.000224400189392127	0.000202718903949884	0.000185412974937084	0.000193371504786653
630	15-19	0	0.00107719319297378	0.00105109177821956	0.00145208933080835	0.00142716303389179	0.00106296141624221	0.000939341033529248	0.000841666769437359	0.000676028504052207	0.000705938454873317
630	20-24	0	0.00188714282355056	0.00205556413090685	0.00254359792958676	0.00258402664939849	0.00220076311396613	0.00210743610729251	0.00201664007775503	0.00165447572385011	0.00151490339273061
630	25-29	0	0.00234867117721621	0.00279809984588768	0.00336365991814477	0.00286280257849092	0.00244076902116611	0.00248148329600553	0.00232975641431585	0.00200915585545221	0.00206335427876381
630	30-34	0	0.00266325839381457	0.00357745657138055	0.00460844089736644	0.00377705718587337	0.00255303829685693	0.00258024773523469	0.00240910116852495	0.00228334837094211	0.00236992589578863
630	35-39	0	0.00332925508678956	0.00438672003392156	0.00552980969584858	0.00455482791774572	0.00329687203576959	0.00289297303211531	0.00258247615901401	0.0025609118186493	0.00288805805740566
630	40-44	0	0.00414727907632532	0.00500224887497782	0.00606558202188431	0.00557012605043508	0.00406774288709402	0.00369720648743287	0.00314672246836674	0.00309947004358483	0.00368439513987356
630	45-49	0	0.00579036951531243	0.00615340293140635	0.00708321432464782	0.00693999122180926	0.00556716273265828	0.00508080288552053	0.00437613273828146	0.00398702131217321	0.00447663747655106
630	50-54	0	0.00857531639520474	0.00866015802904066	0.00879893980584466	0.00886772031455947	0.0075696517703568	0.00730388698374485	0.00620609153123296	0.00593544927685004	0.006132893129105
630	55-59	0	0.0122662037656209	0.0126137066891202	0.0121305522889844	0.0120101019838165	0.0106024207920363	0.0100917103228426	0.00923379397887104	0.00852494233548478	0.00868352277296982
630	60-64	0	0.0191447655449515	0.0192576279890041	0.0183193443335242	0.0176536816355689	0.0153583251369332	0.0143690391457199	0.0128167374939976	0.0117800906093559	0.0121486126187751
630	65-69	0	0.026840433093388	0.0266974924821909	0.0259645890257707	0.0243259686788382	0.0219504800363226	0.0202256532988315	0.0181380034766284	0.0167573500697151	0.0166335169057088
630	70-74	0	0.0419493367264668	0.0419658913596477	0.0404573734024845	0.0390921608254751	0.0329520117688773	0.0294870741308954	0.0266295247401449	0.023446428956662	0.0243061822442416
630	75-79	0	0.0567960786063836	0.0596223507303771	0.0563506469131207	0.0569379564457157	0.0512867468358834	0.0453117818033122	0.0415456007625231	0.0363775178241447	0.0373160061500385
630	80-84	0	0.0957254032866651	0.091424251370527	0.0928096878531772	0.0940770705237493	0.0799013235595502	0.0744058984073232	0.0683921193229671	0.0588042335913402	0.058262965431898
630	85+	0	0.173826602438972	0.167320833947479	0.158952808575123	0.159941084221888	0.153331090326686	0.149097361742661	0.141143283931997	0.127927726477076	0.120927109034324
