reg_code	age	include_code	1980	1985	1990	1995	2000	2005	2010	2015	2020
72001	0-4	2	0.00439238544541314	0.00302921681251002	0.00311804230939051	0.00358110644892936	0.00280735811942547	0.00214052568410027	0.00231060763345751	0.00220485719052825	0.00231301871172597
72001	5-9	2	0.000203707157308312	0.000230462283213424	0.000227994060870788	0.000212732989560172	0.000190312586435774	0.000171217971261386	0.000164946113557174	0.000143502650923977	0.000149067567424703
72001	10-14	2	0.000271040333433294	0.00029305869154556	0.00029052459537837	0.000270707119092434	0.000219608892671149	0.000207992723945669	0.00019068702626774	0.000175000872745762	0.000181702843356579
72001	15-19	2	0.00101258641289598	0.000853771080928371	0.000887749361370308	0.000983564846442709	0.000821658811134937	0.00071683158764379	0.000613653991352039	0.000631001753180658	0.000598501201954549
72001	20-24	2	0.00139179600361087	0.00160808140047704	0.00159687910909908	0.00163416045025247	0.00136541441471102	0.00148478470010354	0.00106419130997049	0.00110096844065259	0.00115080757498601
72001	25-29	2	0.00181943246990018	0.00230318910639138	0.00228154815450701	0.00247645243312291	0.00172363014673829	0.00167229355670628	0.00158310220792784	0.00150406569417061	0.00149788598327566
72001	30-34	2	0.00223936058226234	0.00253916964179044	0.00269620819659315	0.00307090766009449	0.00208648257051263	0.00192083126693607	0.0018448176380921	0.00217858614379581	0.00161903177649775
72001	35-39	2	0.00281100616424316	0.00368617679004409	0.00381621051293253	0.00294169284878381	0.0026229697042391	0.0024695888427874	0.00233801595392755	0.00184098508403028	0.00201267256957467
72001	40-44	2	0.00360158674898746	0.00426887961587211	0.00448034651623084	0.00394764280330723	0.00303017373747451	0.00363978459104025	0.00246445005830373	0.00271122308125977	0.00263501610405994
72001	45-49	2	0.00555645007473684	0.00557386118941142	0.00546578574806521	0.00472100978143552	0.00385969175442513	0.00413009966144565	0.00374181796002775	0.00327653138913358	0.00406262522827767
72001	50-54	2	0.00727320783646212	0.0083783345293724	0.0076858011605165	0.00666147251762039	0.00545184847430443	0.00582328716505608	0.0049285820174588	0.00450657753853112	0.0051992655272268
72001	55-59	2	0.01083150399565	0.0124297759011841	0.0106983939544299	0.0105616281898616	0.0104084137980128	0.00753067826807977	0.00751463573924173	0.00713562626589685	0.00767027879650383
72001	60-64	2	0.0170809785553444	0.023931003460233	0.0229609795322399	0.020938499953778	0.0150318517482217	0.011833693416608	0.0109594229210497	0.0132231378654145	0.00825396198725709
72001	65-69	2	0.0263852675525329	0.030739471997474	0.0292795427591949	0.0281702957060031	0.020924543572151	0.0191636792565943	0.0171485500209286	0.0133417044840133	0.0107287841413113
72001	70-74	2	0.0418380818538084	0.0387978886418861	0.0360083732028347	0.0355528104093423	0.0338921838391645	0.0334431499669774	0.0269918758538418	0.0203238674578433	0.0230920304135719
72001	75-79	2	0.0586695937800011	0.0611420909432994	0.0658045874901072	0.052893258248655	0.0633771695966953	0.0427354369944538	0.0419049762335008	0.0298098151454129	0.035349775254842
72001	80-84	2	0.0870924612928425	0.0874594717781264	0.0986935713394427	0.10733301567489	0.0885873673592615	0.067485513911632	0.0751636683481252	0.0613244937671925	0.0465004678868333
72001	85+	2	0.189050983509471	0.166274677554715	0.154830502338597	0.15368637140011	0.17518121222538	0.154853037105021	0.122706020330466	0.130071403147703	0.108628793032926
72003	0-4	2	0.00366772538986762	0.00291757190798068	0.00281850011889539	0.00264205548789673	0.00223661002194892	0.00231210362423893	0.00238715107795205	0.0015435872924976	0.00214342698486437
72003	5-9	2	0.000244523948209092	0.000227155970190975	0.000258219249634879	0.000230474516848537	0.000179500653871904	0.000188520575880005	0.000150257529787296	0.00013776593059229	0.000144619743971102
72003	10-14	2	0.000330751692418212	0.000257283164878433	0.000279093822770098	0.000274856788994844	0.000205577560646511	0.000205236390755016	0.000190183910992415	0.000167184521681904	0.000174792746855022
72003	15-19	2	0.000803985166659389	0.000931422012958922	0.000925798231470687	0.000831489101340217	0.000792273499584238	0.000706532534581792	0.000591776682228623	0.000566167790589931	0.000549924554508782
72003	20-24	2	0.00132098228126735	0.0019737641754504	0.00168826487800579	0.00150220292913145	0.00131479921220614	0.00125689359191439	0.00111874481212279	0.00120999289502005	0.00114891367455276
72003	25-29	2	0.00203131101610772	0.00169069839803119	0.00210996399696527	0.00232694934694239	0.0016534872328051	0.00138384532568828	0.00172027342749524	0.00140032883926594	0.00135425968270284
72003	30-34	2	0.00234682448817705	0.00236453820053873	0.00219140972673968	0.00239495385166005	0.00206051964568135	0.00156559381493708	0.00150391860434491	0.00152793194461891	0.00170386717629027
72003	35-39	2	0.00251859146566486	0.00302372131387498	0.00347525695081292	0.00317177862319371	0.0029722664376061	0.00196910545659169	0.00216982186841541	0.00189587859193085	0.00228994500484853
72003	40-44	2	0.00330850249915426	0.00360645089072321	0.00463952298167085	0.0046714344541342	0.00321345355092576	0.00294487269538398	0.00283506961288306	0.00232995731655385	0.00292104306005853
72003	45-49	2	0.0051075965729517	0.00526489702736483	0.00463557704925883	0.00501656584303644	0.00389902572848928	0.00330923164389023	0.00338048361764053	0.00395849557570828	0.00316022606419933
72003	50-54	2	0.00854693857587131	0.00742931125475231	0.00980109526367392	0.00777978452944709	0.00637877329257955	0.00646296622755987	0.00567175173793822	0.00444815917583007	0.00555236370301252
72003	55-59	2	0.00958663494164532	0.0111018300141012	0.010530072110388	0.0116125407222329	0.00821456280725541	0.00813849749629743	0.00795642230122749	0.00716683886291053	0.00610942631979301
72003	60-64	2	0.0178323861518369	0.0163711713716454	0.0171417998574682	0.0165455121569028	0.0142974162756905	0.0102639246646909	0.0129310744956094	0.0087844355775056	0.0127682556146295
72003	65-69	2	0.0257516280055082	0.0222349840486159	0.0243965187793701	0.0252590879443889	0.0215229871892934	0.021656639693297	0.0176738706934982	0.014530573219659	0.0192715982218247
72003	70-74	2	0.0445940268993023	0.0367037089272625	0.0328096533454494	0.0387639386273089	0.0351711126490214	0.0276748040364684	0.0250941541516328	0.0239273809107599	0.0213625536103954
72003	75-79	2	0.0503031533521519	0.0580286404195777	0.0512286099148433	0.0593170548413978	0.0511733683006851	0.0404857934653435	0.044083534390697	0.0314762139078312	0.0404239571550802
72003	80-84	2	0.0841895869702723	0.0959425775799975	0.0912168077662769	0.0821752165724268	0.0682966341246669	0.0699377615915683	0.0706298568298106	0.0577126266624362	0.060940064654616
72003	85+	2	0.173897597689642	0.17376903499898	0.181165876235306	0.150912637283979	0.174877653267863	0.17733741273626	0.141534749523273	0.124066321095881	0.11685680598765
72005	0-4	2	0.00494334478082645	0.00362385973153779	0.0038885188544409	0.00276573416940447	0.00223910469263063	0.00234606074967278	0.00216145541110585	0.00166091298039197	0.00198586605975445
72005	5-9	2	0.000248142293578726	0.000222668695580993	0.000220859158431255	0.000227167275074582	0.000214402400201564	0.000178556802460838	0.000173914880133472	0.000154039805645178	0.000170495785139087
72005	10-14	2	0.00034442303006049	0.000311292120083095	0.000352342826636012	0.000296204143067019	0.000224670411928908	0.000224360003956843	0.000199114487566947	0.000194499662274784	0.000194603250124451
72005	15-19	2	0.000849075348631668	0.00088038278527522	0.00116832518843012	0.00119368849545068	0.000934024721791695	0.000849585088615384	0.000634435303346646	0.000613088105930545	0.000703082677329595
72005	20-24	2	0.00196531485518576	0.00175499217117841	0.00187136860180049	0.00209644252114454	0.00147094411212529	0.00137083302847709	0.0015291883956392	0.00133000934898211	0.00125606116470591
72005	25-29	2	0.00252245080241252	0.00319379932264488	0.00249577367055378	0.00252056503324673	0.00160242802834588	0.00222456797761694	0.00151380373471089	0.0014502749508741	0.00176951074884032
72005	30-34	2	0.00266337722972583	0.00294571708435698	0.0030492857385263	0.00367075819702421	0.0019706627987187	0.00188159669232117	0.00184129956679119	0.00211634727452376	0.00311656633630248
72005	35-39	2	0.00319099336179189	0.00467095681391936	0.00460769690944454	0.0042544747139889	0.0032996978729388	0.00325737196665077	0.00271773473282583	0.00276978251705981	0.00288910909897297
72005	40-44	2	0.00479177275727686	0.00584827380637675	0.0046908505546992	0.00576424810189648	0.00342228515763266	0.00449079112271042	0.003170559599917	0.00283097785277916	0.00433759255822287
72005	45-49	2	0.00626691479174789	0.00637498277646316	0.00656525642401018	0.00688964992909205	0.0053811521509056	0.00558838947074021	0.004675104013029	0.00408264731230201	0.00495431453147069
72005	50-54	2	0.00803406058948557	0.00822116844385541	0.00830075377148738	0.00852832123001486	0.00742915596926821	0.00749328223340084	0.00699647011069555	0.00650050123782945	0.00767964014199071
72005	55-59	2	0.0125331818431558	0.0137454429031861	0.0129972401352915	0.0126839912239649	0.0117816092276957	0.00971743210213112	0.00942468685724899	0.0120096845423845	0.00890641369430817
72005	60-64	2	0.0177842388203158	0.0185953318918247	0.0213400110508089	0.0177057198032614	0.0165503285943268	0.0158158899371613	0.0146243534295156	0.0133576848511782	0.0124302717929563
72005	65-69	2	0.0275411649062083	0.027048085881251	0.0265741034712149	0.0278899583906262	0.0240408185253078	0.0202351970733172	0.0210326615541386	0.0207116178258816	0.0170096898309779
72005	70-74	2	0.0444110187300144	0.0404849497192415	0.0426060359831574	0.0371662413244098	0.0353394369008528	0.03226091353615	0.027333753893793	0.0279334352052491	0.0244361628519968
72005	75-79	2	0.0557119877903692	0.0596083407281149	0.0548481836202478	0.0626874945746895	0.0550484960999493	0.0514922862489055	0.0460803174241666	0.035983176411293	0.0364369471499012
72005	80-84	2	0.0856893105428478	0.0908635021494163	0.0908266769610926	0.0990929229983767	0.09457648759314	0.0764048759024218	0.071863455741079	0.0583230375614601	0.0630697157649724
72005	85+	2	0.194569576982232	0.160875195307533	0.150561532277884	0.162059517071687	0.169112370498752	0.178216638509694	0.141193948862291	0.118458090003722	0.124712266304216
72007	0-4	2	0.00405340863249698	0.00340304770296976	0.00302249066757827	0.0030402761450145	0.00258644669977044	0.00266396073200864	0.00228540752769766	0.00210273332742601	0.00225458087581129
72007	5-9	2	0.000215121202402001	0.00024259962851883	0.000239118309443247	0.000212971463923595	0.000190612195012346	0.000180751802201732	0.000165856223885666	0.000152710821580416	0.00015176779706856
72007	10-14	2	0.000301169941725064	0.000278445328659565	0.000274111549770119	0.000297315438556579	0.000242690075070611	0.000229773892346207	0.000191406514386447	0.000176209896007736	0.0001844871360209
72007	15-19	2	0.000859702234115368	0.000925708008161683	0.000883316223226384	0.00105291309006902	0.000828728872626465	0.000704341028087529	0.00074906372039491	0.000564412225251112	0.000624885172504332
72007	20-24	2	0.00159828256212806	0.0016344551171276	0.0019723568545057	0.00187724160438092	0.00202200628980051	0.00154287822312957	0.00158942576789498	0.00173237643079486	0.00148961724735716
72007	25-29	2	0.00198273470874856	0.00252208588425297	0.00221461118288914	0.00235540504838294	0.00212600746087793	0.00208594810520398	0.00264383215631268	0.0016318961210256	0.001379413771025
72007	30-34	2	0.00259737731392338	0.00258041330663055	0.00333904511355794	0.00360428686650938	0.00185636676377266	0.00262411706677002	0.00227798401485201	0.0021231482962976	0.00200535707519403
72007	35-39	2	0.00315892749101317	0.00293540385772412	0.00394949769787685	0.00377451436301118	0.0027186183894857	0.00273615360676437	0.00258089796374993	0.0026887999603052	0.00255020059264214
72007	40-44	2	0.0038664353506652	0.00396979598692751	0.003894439413655	0.00396028106211847	0.00367863925554898	0.00365442822109597	0.00306977217384783	0.0036439933191616	0.00248089359806496
72007	45-49	2	0.00559145722934722	0.00588287592928263	0.0061069913957905	0.00501999574073767	0.00512857233808179	0.00535225892665324	0.00450982603066078	0.00359367001664716	0.00393686029814562
72007	50-54	2	0.00920261099305202	0.0101010521881281	0.00726641446190275	0.00952682541292323	0.00569775760891778	0.00737026363362065	0.0067998002674842	0.00510819225730362	0.0057021612569932
72007	55-59	2	0.0126793336326825	0.0125513477016322	0.0131616401204595	0.00972052146580123	0.0104674700187224	0.00932268230918354	0.00764877390620334	0.00886993405658533	0.00967436715706074
72007	60-64	2	0.014088799941948	0.0171765258976499	0.0145448287739844	0.0157171713100312	0.0139932933220693	0.0128469037537953	0.0118615619620263	0.0103864186156503	0.0131429457110094
72007	65-69	2	0.0303374511638013	0.0244947000518725	0.0268654273226347	0.0205971001849276	0.0237464237553679	0.0219486157337796	0.0133273701634902	0.0182415456237025	0.0143184266873321
72007	70-74	2	0.0427248337527204	0.0414672577950152	0.048839379175537	0.0379131260410618	0.026227898043184	0.0231465419237019	0.02323487220019	0.0230862743552833	0.0221764833902466
72007	75-79	2	0.0607785983317271	0.0559829889784798	0.0506753882069549	0.0572147566524432	0.0511004329158102	0.0438146670798116	0.0336977364952192	0.0299690435529812	0.0368591665627465
72007	80-84	2	0.0843408400067661	0.0802837299424001	0.0815945946354424	0.0965658047151655	0.0813431798529102	0.0759553848841854	0.0597348845836451	0.0621451937506678	0.0550292365001635
72007	85+	2	0.197573503658835	0.191265013789868	0.139726186548015	0.145157290102609	0.14074401899577	0.156114688535466	0.136682843773931	0.122916647497955	0.11981817514815
72009	0-4	2	0.00394889410222168	0.00444004186341952	0.00328918595291333	0.00331964475462714	0.00282514671214345	0.00287963725302079	0.00298608568683917	0.00223269516341584	0.00205823819437824
72009	5-9	2	0.000253506791516814	0.000213178944632905	0.000232201399349387	0.000251431862198514	0.000185566562070548	0.000176315931814263	0.00016204794735523	0.000148026781575188	0.000161606402239766
72009	10-14	2	0.000276838588322692	0.000284587503312566	0.000281469546640006	0.000261529660323035	0.000298206994460333	0.000213277104893352	0.000217443134935751	0.000179876018219588	0.000186751754717462
72009	15-19	2	0.000877956463739437	0.000975118845136185	0.00100864972393815	0.000916075145062603	0.000776754689194712	0.000816751167297507	0.000916507424226006	0.000636942724649866	0.00063325808281692
72009	20-24	2	0.00164110382582085	0.00165353373340955	0.00175907686335237	0.00194338997745325	0.00147097752206119	0.0014003935164958	0.00160618246400507	0.00170566587798344	0.00113803406214897
72009	25-29	2	0.0020399331420545	0.00213474081972949	0.00238065875926547	0.00200467890140877	0.00179954543151449	0.00206287044065029	0.00191728512072511	0.00178805486182808	0.0016015206319798
72009	30-34	2	0.00229730838109184	0.00266524752290459	0.00301674437063194	0.00259768645159497	0.00244238443084497	0.00219612485555509	0.00250270748580255	0.00209055179279719	0.00178140934371214
72009	35-39	2	0.00324171543321156	0.00353541765290947	0.00480005465329698	0.0030562883729678	0.00275462114673056	0.00270609347012967	0.00237734622063711	0.00213226710117069	0.00276126605376713
72009	40-44	2	0.00336864426316783	0.0039639170264744	0.00407421610429166	0.00496951482948153	0.00335539384194237	0.00400177662806004	0.00284533932171888	0.00313757464382823	0.00305940930800065
72009	45-49	2	0.00600147902882045	0.00460241013110619	0.00529967613031745	0.00592600764916427	0.0041535175962557	0.00440523734621269	0.00512928130896281	0.00342460549436469	0.00395484708287374
72009	50-54	2	0.0106067995311922	0.01039197034868	0.00873749733167162	0.00811976121030334	0.00579867857632604	0.00611202858087151	0.00620093948634617	0.00720335545394933	0.00524715510022515
72009	55-59	2	0.0134795933861118	0.0115526465669052	0.00915487119114644	0.0107395154432915	0.0128883968708846	0.00971915941379001	0.00756805708726995	0.00778624395185346	0.00896859087950028
72009	60-64	2	0.0191677652399309	0.0206329720571807	0.0155037249271292	0.0178785488185788	0.0125885132471677	0.0144087611045523	0.0127631336363096	0.0108080637636481	0.00869479165128363
72009	65-69	2	0.0292795803434956	0.0236059627359443	0.0241123770789403	0.0264322006455373	0.0212554162128687	0.0211943610855737	0.018056730584809	0.0156381115225503	0.0169815233915492
72009	70-74	2	0.040776011963517	0.0425105356798806	0.036403526843497	0.0452570972456229	0.0377215370967546	0.028105986291857	0.0255764331266223	0.0209256745186294	0.0196253787061839
72009	75-79	2	0.0512012328585891	0.0608488900287745	0.0544202655248869	0.0494292812536169	0.0460164836451384	0.0437635200172698	0.0491225152222063	0.0344074766683055	0.0279966250400625
72009	80-84	2	0.090255656298269	0.0896406496170891	0.0834597473971042	0.0818969883400055	0.0861453430364452	0.0813846062443892	0.0697995940557817	0.0670670223892177	0.0519986614310551
72009	85+	2	0.169595040736402	0.178968275334573	0.151267185058426	0.200623329718476	0.159205465800813	0.154469413071209	0.157572396818625	0.113876711309969	0.0928373790650431
72011	0-4	2	0.00442644376813292	0.00379416942154228	0.00398403467505816	0.0030271279639077	0.00268189859959336	0.00226078938600387	0.00271019722108277	0.0020258293204399	0.00249734440601597
72011	5-9	2	0.00022643554542871	0.000221360116218532	0.000279168773928711	0.000247500185665152	0.000200793361530907	0.000181012031869587	0.00016651510262887	0.000152924472553467	0.000168314196345464
72011	10-14	2	0.000272611181574743	0.000307296347594088	0.000304807613753588	0.000271398407088664	0.000242972150806706	0.000218624199346263	0.000212094244197539	0.000185965948201144	0.000194609453452497
72011	15-19	2	0.000844485391355114	0.000863962588127608	0.00108957562650391	0.000876346850681067	0.000705366521810485	0.000762600190023541	0.000743036343973683	0.000646399512701286	0.000656382981600797
72011	20-24	2	0.00183326913790695	0.00178215930030992	0.0016787405938776	0.00167195743332304	0.0018118365079807	0.0017321210507748	0.00146919853385617	0.00114305244175622	0.00115412243588813
72011	25-29	2	0.00206468688788167	0.00234725047639923	0.0029492244419034	0.0018177675677725	0.00200358880809758	0.0019171361266074	0.00150387715631919	0.00149384877574209	0.00141875170676266
72011	30-34	2	0.00212531523864494	0.00336887765475254	0.00344861861811805	0.00282881174248596	0.00236978504190615	0.00188434657756117	0.00167158464505929	0.00188696490196652	0.0019311461241032
72011	35-39	2	0.00304076304589374	0.00294399355664068	0.00373430138357987	0.00475631852278883	0.00247863886821555	0.00264820527938047	0.0019368388422826	0.00293260467731889	0.0022123441851129
72011	40-44	2	0.00436787564797246	0.0045732187842486	0.00484372302978854	0.00500095163055161	0.00337615935791018	0.00315862105745321	0.00303633928383296	0.0027377300747744	0.00365875174096923
72011	45-49	2	0.00570741891519588	0.00610374601988605	0.00752900593426048	0.00520912677754642	0.00532138552937262	0.00549362537032672	0.00385984674894213	0.00328208422675502	0.00340318904481567
72011	50-54	2	0.00708934733114283	0.0062334154213657	0.00782663041237632	0.00872946355695897	0.00727849995473709	0.0049648233994834	0.00762059667739453	0.00678389301568952	0.0066961722792565
72011	55-59	2	0.0112104697894239	0.0142417207571229	0.0129206000470122	0.0110684132286565	0.0107314793094719	0.00989000567475016	0.00864183269072274	0.00821375230565246	0.00844191353243184
72011	60-64	2	0.0187274427472239	0.0184492445310777	0.0202215549917776	0.0160750180678142	0.014684843990003	0.0132954317168142	0.0120932282675003	0.0141886051209424	0.0108590705900992
72011	65-69	2	0.0269323673741274	0.0281642177163028	0.0255654264386642	0.027457020621057	0.0208691950258844	0.0171184280695204	0.0182967831060879	0.0163949318836591	0.0164503163940942
72011	70-74	2	0.0416856100933851	0.0377519176639989	0.0378156716167076	0.0427046753925176	0.0333043339136712	0.0248272428039605	0.0285333126259146	0.0222652647223101	0.0241272875366968
72011	75-79	2	0.0619340532911944	0.0575533703733425	0.0597914564619665	0.0642428528395574	0.050798266033788	0.04318834024666	0.0376228123677174	0.0354033739290808	0.0393265150858689
72011	80-84	2	0.0957468540952806	0.105256759405786	0.101145234140415	0.100002577038184	0.0851744744422392	0.0807758363416254	0.083833735983809	0.0691224186862848	0.0559718563191306
72011	85+	2	0.150326872149813	0.180308022697699	0.179163104742887	0.159432200989748	0.146007294968545	0.158709770893156	0.134008364530761	0.132615542798589	0.133685520644063
72013	0-4	2	0.003741251774349	0.00540526172885833	0.00376901523983731	0.0030899870563452	0.00251551230676228	0.00253287975099213	0.00216725121515083	0.00194716447235803	0.00213109282707184
72013	5-9	2	0.000249096057456512	0.000227755367105567	0.000279142794699789	0.000202973305910532	0.000191630154390928	0.000193382074490498	0.000191510799274318	0.000163595487223448	0.000156177046090438
72013	10-14	2	0.000319422446579306	0.000384907593650543	0.000284411472269784	0.000304644299251595	0.000246283865309702	0.000227573892518238	0.000204647332464396	0.000176503696506277	0.000185972351890833
72013	15-19	2	0.00101348854601314	0.00095799011759758	0.000849014414211464	0.00125689015972629	0.000759012680653111	0.000824151758393149	0.000779551451610582	0.00059810558886552	0.000625226047798636
72013	20-24	2	0.00185908310326988	0.00199595437053762	0.00177048441168623	0.00205022296768272	0.00123582555831876	0.00153608182160062	0.00177462105548255	0.00144939725639743	0.00135280431644403
72013	25-29	2	0.00183571789791615	0.00229815195276618	0.002178149981806	0.00279234558771384	0.00168054295996846	0.00230718136947716	0.00172707498955261	0.00184941008319053	0.00235175047100981
72013	30-34	2	0.00297500461016944	0.00243616229678661	0.00403261842691002	0.00351059852572003	0.00223909205787588	0.00212023404626103	0.0022645881283418	0.00291815114765522	0.00219439610939282
72013	35-39	2	0.00402195883943223	0.00391294571721104	0.0041861626886774	0.00404005761531407	0.0029441074315473	0.00294733004089445	0.00212220987652699	0.00239012711186166	0.00220957866543446
72013	40-44	2	0.00416006070406907	0.00499858694253721	0.00488038413159163	0.00492218711875762	0.00319183743720488	0.00347583247830872	0.0035957832807648	0.00282986362294374	0.00306676459179731
72013	45-49	2	0.00599375267257399	0.00531453184831703	0.0075267507466187	0.00681356357929551	0.00512406417731037	0.00489647168170919	0.00378308841896043	0.00377789482393741	0.00423660657551079
72013	50-54	2	0.00982879140832132	0.00808524212704581	0.00868576845289476	0.009830165784548	0.00787411297954369	0.00789551978254848	0.00589210951784083	0.00563780568445461	0.00589215030882707
72013	55-59	2	0.0129295713712795	0.0145645555743339	0.0114410596671435	0.0118737015563341	0.0116952119351832	0.0114766262216713	0.010032672280458	0.00828753241024784	0.00820209181799093
72013	60-64	2	0.0179946629118566	0.0197280767765394	0.0196310324287241	0.0202482644070494	0.0179891782203007	0.0157764831673962	0.0135283198059905	0.0116843291250881	0.0133838309053603
72013	65-69	2	0.0286663577294516	0.0286926300282806	0.0287967452110806	0.02683769709087	0.0258969655599023	0.0223994016325916	0.0194414232098707	0.0190865023595055	0.0178162479905176
72013	70-74	2	0.0454025844745014	0.0430785704130985	0.0448999186775502	0.0434221056789345	0.0360255042780801	0.0339420466158526	0.0302457551298411	0.0240080610591184	0.0272772534978281
72013	75-79	2	0.0564068429352896	0.063781892227614	0.0585916244170959	0.0653413275577702	0.0576019654321636	0.0519463490753514	0.0450740067129704	0.0361166227787563	0.0419546104670487
72013	80-84	2	0.0982610583258229	0.0864441808168986	0.0884299805804733	0.0944484433129929	0.0857914241941609	0.0772747934311841	0.073344186303005	0.0645373179481096	0.0573443814408339
72013	85+	2	0.173997778477054	0.173968352134475	0.165304741432055	0.15311771360129	0.152005418395786	0.141842812456934	0.154290537845278	0.131986390355269	0.127796957718412
72015	0-4	2	0.00483479724003999	0.00417252737798448	0.00415590259929365	0.00374725436768291	0.00269805823598866	0.00245462285787746	0.00253205816749157	0.00269736192610154	0.00257894670618868
72015	5-9	2	0.000244440369356644	0.000289664124595671	0.000247478072051521	0.000268418719991532	0.000207191477289711	0.000196032772067672	0.000189306762608179	0.000165323247499182	0.000172645483145812
72015	10-14	2	0.000310956521921389	0.00034977726575245	0.000345853075061584	0.000295161075193235	0.000264831054321662	0.000238862474053137	0.000230579373825961	0.000211855937598697	0.000210582994577611
72015	15-19	2	0.000988062123052594	0.00108541215499142	0.00111381594210386	0.00129121211786787	0.000889418290106408	0.000930033320096814	0.000772971902330438	0.000662545358156482	0.000696973845831533
72015	20-24	2	0.00191394469830194	0.00171740202152503	0.00205255499077888	0.00216196120066163	0.00181487156162431	0.00183534914648062	0.00171737261739277	0.00158511949115041	0.0012266907022533
72015	25-29	2	0.0021222063273471	0.00251797217461082	0.00248667369496732	0.00325642104098589	0.00223014886269891	0.00210801766333659	0.00195705651389456	0.00234222003165842	0.00189615262455024
72015	30-34	2	0.00265450297320504	0.00260350403055175	0.00298632315344575	0.00327319518667352	0.00289975412952514	0.00287475985307105	0.00234269413962117	0.00212104375539625	0.001904379837643
72015	35-39	2	0.00363839046264507	0.00366172355869845	0.00475121184335937	0.00367377181195315	0.00327414153177006	0.00311223130047949	0.00272233879767846	0.00280543478708963	0.00267819337128941
72015	40-44	2	0.00399189698056294	0.00482962168003313	0.00492373506510391	0.00458838243603955	0.00438220379380978	0.00378660812576191	0.00359780329057401	0.00375998620646515	0.00404814388350332
72015	45-49	2	0.00676543539390377	0.00662374187950968	0.00630013580872355	0.00664951544418309	0.00547128771818704	0.00521385643322286	0.00485077612830102	0.00362710953389775	0.0059179978927264
72015	50-54	2	0.011341197722925	0.00930806783803251	0.00928114065862563	0.00875807115585154	0.00720068614082685	0.00821754919330241	0.00638967593715202	0.00528593971594267	0.00504670217487531
72015	55-59	2	0.0123183901052199	0.0125765767034733	0.0138800695322802	0.0124083088051828	0.0100163713377616	0.0120879033106025	0.0101433187298872	0.0081899011421974	0.0098471722827098
72015	60-64	2	0.0232808633729175	0.0203494839676308	0.0193305658376534	0.0191443500186284	0.0182183967529377	0.015515693668683	0.0131571992928126	0.010666236465684	0.0139752006026293
72015	65-69	2	0.0306088315479812	0.0355585896296776	0.0318569955860242	0.0279060426560044	0.0235144782366431	0.0228939846408807	0.020346351717121	0.0184676283325312	0.0161715858084181
72015	70-74	2	0.0480201076821662	0.0505948409630795	0.0380869270688946	0.0434390872233907	0.037497175086276	0.0294632858400118	0.0353282334291304	0.0213492170431902	0.0252907495256581
72015	75-79	2	0.0602167365556532	0.0626137173907	0.0678312679706309	0.0620931653963653	0.0554999782688203	0.0459323735177887	0.0513265206255572	0.0471460217817263	0.0411612805059686
72015	80-84	2	0.103007323190599	0.117908979541287	0.103123179283486	0.119799265280429	0.098902118939307	0.0901341354554823	0.0759249711513031	0.064582534226832	0.0538621022636114
72015	85+	2	0.190862488736212	0.142648249816926	0.151291620399884	0.187265672936294	0.158927897069244	0.161807136972336	0.178967677527856	0.143467474872059	0.128367767160436
72017	0-4	2	0.00428278205244893	0.00332888085444459	0.00285661491509659	0.00315575089601642	0.00237248034087112	0.00227510999324248	0.0025918250761975	0.00199517026600127	0.00216888840548308
72017	5-9	2	0.000234618478498039	0.000239668506955202	0.000236820398006163	0.000231617379411085	0.000195855969513556	0.000184921138615202	0.000178685211607042	0.000155590665748371	0.000162383683775463
72017	10-14	2	0.000311808510747573	0.000304784514417548	0.00030222606809797	0.000342528110697108	0.000238724409144414	0.000236076702064307	0.000216374695297787	0.000198976067387772	0.000197703226313999
72017	15-19	2	0.00098185204484236	0.000990551229781594	0.000980559905877148	0.001193859455077	0.000924571390139523	0.00095389260220603	0.000713253484062794	0.000689800447273738	0.00069772073162304
72017	20-24	2	0.00206288810744865	0.00195331857814249	0.0017796842001542	0.00237577294845222	0.00143752616999827	0.00181522218280497	0.00155322812555467	0.00126405402189584	0.00145980697220605
72017	25-29	2	0.00236925272375507	0.00246265483473226	0.00239446537737331	0.00229551555159014	0.00181212088788176	0.0020926325155699	0.00207005340631242	0.00167045645381552	0.00218809342946806
72017	30-34	2	0.00255126694375629	0.00299373060431055	0.00282352929515071	0.00404849556040403	0.0022502756567664	0.00220614140410422	0.00231002581899192	0.00171541035274432	0.00243826765404815
72017	35-39	2	0.003877907871131	0.00412127867492057	0.00542179429554248	0.0048479638553719	0.0034613180832003	0.002276477851738	0.00217378184855829	0.00201841351734517	0.00245574389377605
72017	40-44	2	0.00437897258173902	0.00531415151225387	0.00542702868761391	0.00445009183840895	0.00391594721750874	0.00357296776806259	0.00294570388631811	0.00280499450574877	0.00303123811499143
72017	45-49	2	0.00630669313601084	0.00554403291851189	0.00591016727732327	0.00792298571525411	0.00530059231923598	0.00407383872874971	0.00511259828922393	0.00398087229154822	0.00340244291113087
72017	50-54	2	0.0101973705887595	0.00732039943839234	0.00828823616717318	0.0104668310213972	0.00810466851383602	0.00834644677669715	0.00557026304239874	0.00485967241680857	0.00560856786091803
72017	55-59	2	0.0140929396909018	0.0116848019153517	0.0119523791342816	0.0124229011377381	0.011010435355289	0.010861014383791	0.00977675741943407	0.00792282921268364	0.00663941259199397
72017	60-64	2	0.0210352788571066	0.0186912723556736	0.01923008748349	0.0255714865574277	0.0180878776339455	0.0149987373145865	0.0124398458872136	0.0137198552073059	0.0119046964079975
72017	65-69	2	0.0331105255482848	0.021661782539676	0.0256851608377964	0.020915495336148	0.0217632474937973	0.0227708128633294	0.0181630563411125	0.0173276585349154	0.020004304435721
72017	70-74	2	0.0324851655547357	0.0398156652376183	0.0425133148040128	0.0416136151433889	0.0348975153996653	0.0336057550668194	0.026757970889674	0.0287819219485557	0.0271956199144069
72017	75-79	2	0.0674521269563472	0.0562977182562841	0.0617192988807017	0.0599324037374734	0.0541895381073654	0.041159008987783	0.0435335334571619	0.036948729256644	0.0486169825112964
72017	80-84	2	0.0902028574994306	0.0863024360715021	0.0849278391177212	0.0846449067903833	0.0752559316999421	0.0746601359050357	0.0828940764963073	0.0575245094862457	0.0728379998660489
72017	85+	2	0.185406878926978	0.164653028160637	0.188217426425089	0.165221130201601	0.188730968068712	0.136900617682936	0.150139777545725	0.156900664777025	0.147279965894149
72019	0-4	2	0.00393080114140616	0.00352181123957197	0.00324921889796585	0.00318395033033008	0.00298705292283272	0.00267483680137564	0.00219447852668288	0.00186902474102282	0.00245302326341717
72019	5-9	2	0.000233148752110012	0.000248193022116432	0.000221523582218915	0.000227271317333305	0.000184621447320592	0.000184253145828407	0.000169953698946739	0.000163574804739069	0.000161998936002925
72019	10-14	2	0.000321007193688963	0.000272130695433879	0.00032360502912864	0.000260651740081562	0.000268305623146022	0.00021074475745796	0.000195483053675188	0.000188912038517184	0.000187069510957496
72019	15-19	2	0.00097756441201309	0.000909871107726522	0.00114176473685158	0.000900263007477158	0.000782777391875242	0.000717632207564554	0.000793249518819988	0.000645393303369924	0.000623624073754632
72019	20-24	2	0.00173549521787265	0.00167533670063887	0.00176190353818282	0.00185299351543929	0.00166099328582964	0.00178075115392944	0.00137328704283392	0.00124519760612355	0.0012267004035828
72019	25-29	2	0.00208720937961739	0.00200745881072612	0.00247405207096062	0.0021640808615381	0.00179430199217772	0.0020748920676477	0.00187929237220096	0.00140908433092865	0.00164186719359657
72019	30-34	2	0.00232003947020785	0.00316137567453389	0.00337783202152579	0.0025403585224619	0.00236915021978557	0.00231083653356257	0.00214313140697035	0.00207165644381764	0.00251950662686155
72019	35-39	2	0.00307792386790497	0.00333999674983016	0.00404824528902837	0.00375449662425759	0.00330436065940474	0.00264639144085279	0.00245033645969143	0.00191694642508236	0.00249430386049089
72019	40-44	2	0.00378522715603394	0.00333113235070313	0.00470045545503374	0.00489043228661559	0.00426659467386417	0.00304240963678579	0.00289781664844257	0.00277790140164799	0.00270738791821762
72019	45-49	2	0.00559315066663703	0.00627914875207345	0.0073916947669307	0.00574004605627003	0.0046270204651518	0.00544124296948252	0.00496619951644415	0.00396064490903678	0.00365494845793698
72019	50-54	2	0.011305605006168	0.00978178005162996	0.00871926678774332	0.00669700911501072	0.00707460810223424	0.00613783218210101	0.00671824962516675	0.00553388547661358	0.00586157357696864
72019	55-59	2	0.0109781391148346	0.013627887238152	0.0149056358000555	0.0119939436676211	0.00978790444313668	0.00768300954919104	0.00894759387461226	0.00818630032098466	0.00901892591713369
72019	60-64	2	0.0180433497845538	0.0198606034955006	0.0176745227513117	0.0166901489707623	0.0131169442354594	0.0145728278538926	0.0125951939303594	0.0105230431485882	0.0115919853227926
72019	65-69	2	0.0264313121919787	0.0252932608638978	0.0247541269770794	0.0302451787936508	0.0174232205153286	0.0219025351279769	0.0189313189964738	0.0164906795727945	0.016030845018761
72019	70-74	2	0.0370599464947879	0.038425133294611	0.0398854339833996	0.0425204536581825	0.0363319150063339	0.0296542079234506	0.0286057531654679	0.0234333311116864	0.0223031500447804
72019	75-79	2	0.0567414573438317	0.057655271713597	0.0510785792600435	0.0693801943129754	0.0512589913182845	0.042888228757311	0.0472572855010774	0.0338410387400608	0.0354572904449777
72019	80-84	2	0.123827483439208	0.0986493259569138	0.105097227164523	0.119359157888052	0.0828923302027236	0.0740170777938572	0.067864236011674	0.0635537000872748	0.0589114557696211
72019	85+	2	0.168284388149993	0.170438825662132	0.17044074410365	0.210855326244436	0.158776072779325	0.175535353895968	0.165635290135491	0.125471260440128	0.101202145525112
72021	0-4	2	0.0039740002689083	0.0029292379411651	0.00336546232723354	0.00310170630496294	0.00228075853340377	0.00210557527686728	0.00190384623498986	0.00180977085097774	0.00231354746463905
72021	5-9	2	0.000219090695240248	0.000248038960187403	0.000218074079090428	0.000248320006305372	0.000196002092458482	0.000181387273463175	0.000162100363385155	0.000142695238653336	0.000152048292015543
72021	10-14	2	0.000367767475342114	0.000234998223875574	0.000341644706996064	0.000290819116761209	0.00029405344348352	0.000206120513999672	0.000157984358822785	0.000173335996309368	0.000168910694800339
72021	15-19	2	0.000974143197671946	0.00110640603727869	0.00158365701356786	0.00132554936534818	0.000888618181752996	0.000822190405592711	0.000912497269363088	0.000691337757911938	0.00055130360814693
72021	20-24	2	0.00149671680127687	0.002101829969296	0.00245474158002228	0.00291449875024571	0.00213379194085929	0.00230977836613366	0.00200876534920022	0.00196862820864775	0.00127358533797517
72021	25-29	2	0.00201378933925958	0.00270163576264559	0.0035257090131914	0.00271607806250676	0.00222607412553813	0.00250308700570119	0.00228461330745057	0.00211374372607109	0.00222078752579132
72021	30-34	2	0.00202489762462115	0.00317371558134897	0.00585705049454955	0.00402236908641902	0.0022225795863019	0.00266609061793089	0.00216479839889042	0.00224044727510265	0.00261949555783001
72021	35-39	2	0.0028824076337218	0.00414082132946599	0.00679158053374646	0.0054218887774142	0.00344606620876535	0.00309843639632922	0.00264569138356982	0.00276490495774482	0.00316063354938432
72021	40-44	2	0.00338290324018108	0.00458423458910302	0.00727455076893788	0.00580693417917541	0.004077469972902	0.00379331869386861	0.00321096210863653	0.00332297522341153	0.00411459255126704
72021	45-49	2	0.00475084998126005	0.00569744956610647	0.00744675245847699	0.00700492206205501	0.00641744834554986	0.00593056718530471	0.0047533518514975	0.00401928985220951	0.00519752500449973
72021	50-54	2	0.00810941732735146	0.00846499395873266	0.00761837165071281	0.00897634371409649	0.00837278647601436	0.00759447665791413	0.00591704355199392	0.00641072089796417	0.00654528431230977
72021	55-59	2	0.0109684352294823	0.0107019629969113	0.0111634560758982	0.011029828218953	0.0108499674670183	0.0100350422277405	0.00967174900862077	0.00959327549162304	0.0094343453245613
72021	60-64	2	0.01858265017626	0.0186416684385228	0.0163367402144608	0.016678041680648	0.0146830637095566	0.0146027685754555	0.0142455508795468	0.0119233499692093	0.0135213553652596
72021	65-69	2	0.0259621271403	0.0257195831373598	0.025271126721871	0.021203387752881	0.0211659222531792	0.0187904657299697	0.0170052483319537	0.0165954868192875	0.0166715193289169
72021	70-74	2	0.042167589747124	0.0391662125455848	0.0392500089606782	0.0366511667725094	0.0316189118043381	0.0277615990964711	0.0260029471305742	0.0222433738044808	0.0262516267859281
72021	75-79	2	0.0605244805293072	0.0578924702049889	0.0522396207772887	0.0538327520463011	0.0506197128388971	0.0456256955873494	0.0386662636181287	0.0359701195360037	0.037978564170781
72021	80-84	2	0.0992645211251739	0.0922925019949149	0.1022075577695	0.093381290254495	0.0755714233517579	0.066348331933375	0.067690716985492	0.0555686257413932	0.0610757124328041
72021	85+	2	0.175247493586753	0.16599013957618	0.152518280700454	0.160605028102076	0.161897620106232	0.151362359427128	0.131537566710103	0.124043408609136	0.12010451010478
72023	0-4	2	0.00397125510956317	0.00348772767677202	0.00288786463888809	0.00325866424756688	0.00301628188888185	0.00235834359147144	0.00287024048829197	0.00162144928831415	0.00193433108661325
72023	5-9	2	0.000204293891314803	0.000199443398810748	0.000216367405143241	0.000210083494215701	0.000178654894782526	0.000161236017540519	0.000171895789451513	0.000143448371686858	0.000143246026099009
72023	10-14	2	0.000245268585406565	0.000275475258074011	0.000259730443159221	0.000279037761031469	0.000206225630939084	0.000203166001645214	0.000196832332485018	0.000164977327342532	0.000181177821504446
72023	15-19	2	0.00093023948075527	0.000896702183630712	0.000914864957505289	0.00100738323577039	0.000769061223961974	0.000671547904662308	0.000575167690942627	0.000590857275804426	0.000624719870576374
72023	20-24	2	0.00157051280961494	0.00165241035612343	0.00154134862347287	0.00158438198323969	0.00121761211248235	0.00127743781031333	0.00124795915517348	0.00126202727644935	0.00121886076501657
72023	25-29	2	0.00219054901066801	0.00205759002078715	0.00202079081541999	0.001804120129434	0.00150799124657199	0.00159040769403601	0.00166801806524102	0.00178724854728319	0.00199784979468387
72023	30-34	2	0.00240821111573641	0.00253446342650076	0.00323382836617834	0.00281548722645338	0.00207008951099709	0.00187592958027487	0.00197990819675578	0.00148846886138666	0.00183423060080022
72023	35-39	2	0.00314828152177066	0.00393846103259672	0.00269431798630773	0.00327922062256802	0.00265268083676145	0.0021538720511846	0.00211592280115093	0.00230903788820969	0.00275706186939281
72023	40-44	2	0.00328140690322268	0.00487742751110953	0.00477263739540433	0.00417548533721849	0.00315261273197241	0.00272744230109165	0.00260581051481966	0.00236463585389728	0.00223772066162024
72023	45-49	2	0.00514520121717606	0.00561857770179484	0.00638346600507092	0.00808837790333013	0.00411773816651988	0.00350443439723071	0.00347897351025099	0.00287037089097006	0.00326677186840128
72023	50-54	2	0.00762299321735996	0.0076046528546485	0.00728489913282714	0.0074362038536258	0.00696078623919579	0.00651048120058976	0.00587238282392074	0.00550477696407239	0.00425457821596784
72023	55-59	2	0.01051962894034	0.0114265993067667	0.0117927191374065	0.00921033824353964	0.0111305080522974	0.00979636158002348	0.00868799754715497	0.0075562403445449	0.00723019539362916
72023	60-64	2	0.0177231447330928	0.0177398074621826	0.0171033989657599	0.0145308418121912	0.0145297223318022	0.0145002956310141	0.0111654855672875	0.0101667981696818	0.0114722813455922
72023	65-69	2	0.0240604194893178	0.0234660199932618	0.0231317887119245	0.0188670435713556	0.0192735035451485	0.0207940393405289	0.0188234326853683	0.0159531812450034	0.0146574287236174
72023	70-74	2	0.0375242990511722	0.0384845851525711	0.0358906609720944	0.0382782886642877	0.0316264928629975	0.0278934956150148	0.0286697638199315	0.0242804720944616	0.0210513079458253
72023	75-79	2	0.0537058117334098	0.0531080029342015	0.051037722355376	0.0568789625653096	0.0489658116839103	0.0409060150168878	0.0464953823142594	0.0295334534161467	0.0320523390060361
72023	80-84	2	0.0956116082684703	0.062963801546545	0.0907531451908795	0.0991406110146931	0.0747442148100972	0.0771894005491557	0.0682898584838349	0.0518078903928022	0.0548174090711696
72023	85+	2	0.132951930786437	0.145255156545781	0.143884517588347	0.167392425416037	0.168459267086576	0.136732056291122	0.151222683958015	0.141075653362345	0.125188823539069
72025	0-4	2	0.00345936705648198	0.00307847694996673	0.00368294836930742	0.00365552731816316	0.00255870006785174	0.00251502350640236	0.00242876061645898	0.00200693813660223	0.00206055609513496
72025	5-9	2	0.000267147051684002	0.00021131065041562	0.000220299672835947	0.000235486154455016	0.000176397241089256	0.000170009820892087	0.000155003665762142	0.00014691189767466	0.000173162764191919
72025	10-14	2	0.000286604382359131	0.000324485703746449	0.000349119517672748	0.000253485231260278	0.000224232823404393	0.00023272133072789	0.000195931189415578	0.000180146167124505	0.000192206255932109
72025	15-19	2	0.00115078417032925	0.000926773762889771	0.00128406985461547	0.00110505878843061	0.00102598520069707	0.000739578917915068	0.000953704691511758	0.000802015128791356	0.000749996144541104
72025	20-24	2	0.00236330145633481	0.00182189991428229	0.00309031723267493	0.00259089453248235	0.00191660247251524	0.001769633427605	0.00275718520412317	0.00230420773912758	0.00172057040181108
72025	25-29	2	0.00244037122468629	0.00283647397582325	0.00370354200566681	0.00367894253357112	0.0027868084745587	0.00214103446861738	0.00280888099741634	0.00221756702086637	0.00255353230732995
72025	30-34	2	0.00257552752732525	0.00352365511535875	0.00538204798572391	0.00445708206313387	0.00255191149666631	0.00286030673227986	0.00315778974511521	0.0023818991822684	0.00183520252419553
72025	35-39	2	0.00254590666936512	0.004916189094766	0.0060565679887318	0.00564969666725472	0.00371734822616187	0.00273862349104501	0.00301937991764783	0.00274807422726203	0.00242554317408442
72025	40-44	2	0.00362177568665632	0.00466559406888191	0.00635831808762628	0.00592986022013481	0.00416717000365835	0.00410139022712958	0.00334448803175914	0.00292323503858422	0.00364105231173767
72025	45-49	2	0.00648336359226902	0.00608669677138773	0.00800751227253364	0.00813624846874512	0.00548795413456432	0.00461178970507278	0.0049164064766645	0.00352483836523268	0.00443939509668663
72025	50-54	2	0.0087549112561885	0.0088177082235469	0.00852791801516254	0.00829529106963107	0.00752040987930423	0.0070197150655031	0.00694518179984197	0.00604991507202058	0.006707666005539
72025	55-59	2	0.0110766152750106	0.0120263767129016	0.01226826919075	0.0117157312957633	0.0113701131548615	0.0106024966892444	0.0100353690137891	0.00871343046754427	0.0101729548494843
72025	60-64	2	0.0194254908152043	0.017393456139188	0.0201790307225212	0.01673448022444	0.0166958367755384	0.0140487791767192	0.0140750259431753	0.0104512413308926	0.0115952059869587
72025	65-69	2	0.026156101200135	0.0268070922334844	0.0250060592243518	0.0236473717516071	0.0221928959458583	0.0207646544200545	0.020510390664592	0.0152202462992924	0.0177021996433457
72025	70-74	2	0.0400724819580468	0.0432745607659349	0.0440292397209161	0.0398211768921526	0.0339007493539117	0.029683707222923	0.0267817077476851	0.0240226817801293	0.025691516139935
72025	75-79	2	0.0560480756541142	0.0715165555832957	0.0556079396286702	0.059246992099788	0.0506144352943112	0.0465915286976447	0.0396996719215642	0.0353924823871915	0.0382619875350237
72025	80-84	2	0.0916431558420688	0.0992722352764554	0.0967062979149708	0.0945420028497713	0.0796009208257127	0.0688474072667711	0.0720717153780313	0.0578865110285455	0.0653770531973943
72025	85+	2	0.153822530860475	0.158300052954173	0.157760835549798	0.169003812592864	0.155999123252597	0.146364205120877	0.151209811876462	0.127036553421983	0.129502808547022
72027	0-4	2	0.002950213832512	0.00321166562994786	0.0034725743964802	0.00296906517969683	0.00208647270646616	0.00215645157534585	0.00185521371089929	0.00206057589574625	0.0019847441203608
72027	5-9	2	0.000220850395866298	0.000204851634883377	0.000212160401066026	0.00021636123984738	0.000184327844082597	0.000167040713125002	0.000161868511928687	0.000141693569857211	0.000147702479727684
72027	10-14	2	0.000320553265679895	0.00026998876143284	0.000266627260430141	0.000249070101464329	0.000223371764894644	0.000222334637003187	0.000195382295576188	0.000189417979759285	0.000178918912416336
72027	15-19	2	0.00089692385088974	0.00101213074209472	0.000918593813247482	0.00104438030212954	0.000819850955639038	0.000782691257504357	0.000642514761209323	0.000583402164802404	0.000588508863764324
72027	20-24	2	0.00160501390214917	0.00171858553120904	0.00176448174204339	0.00138936083752903	0.00138892107420679	0.00133624148338439	0.00126145330966425	0.00093316870999258	0.0011467370383456
72027	25-29	2	0.00184845657522322	0.0020466933395986	0.0017669346890218	0.00171432806451764	0.00151293264909422	0.00152835071381703	0.00130315875929317	0.00170124902950896	0.00157624299910312
72027	30-34	2	0.00228364754235108	0.00269242617166353	0.00251363778981627	0.0021470363114238	0.00166403139523276	0.00186211262198873	0.00168182786569603	0.00182126959413238	0.00186741150017978
72027	35-39	2	0.00281697014539329	0.00247768720332759	0.00367984804960266	0.00344362562885966	0.00257925959862192	0.00279929932771693	0.00197261265169924	0.00200598027642443	0.00202477977810336
72027	40-44	2	0.00424880522657625	0.00461020110549345	0.00373918223959113	0.00437461641369652	0.0035396505112831	0.00336059353851662	0.00222473513646364	0.00265414457519712	0.00332731576696585
72027	45-49	2	0.00550896532256229	0.00452377753296544	0.00695792950075652	0.00556570016589102	0.00506186811127397	0.00461194696938602	0.00384216862376635	0.00329978114658663	0.00368362678232451
72027	50-54	2	0.00710247797118888	0.00951076108974725	0.00655614201392324	0.00975132152926165	0.00685808843702965	0.00620113956927842	0.00522034117069829	0.00516470829142414	0.00488949500701044
72027	55-59	2	0.0130863383233319	0.0121066274577034	0.0121908446456122	0.011545633044257	0.00982652889506974	0.00751562289349443	0.00907437201251114	0.00839888862001677	0.00737919011159272
72027	60-64	2	0.0208224443116002	0.0174659847315365	0.0171839331268106	0.0178016306474733	0.0135821140693498	0.0124027959533778	0.0132423556897322	0.0102022895975426	0.00942489476031654
72027	65-69	2	0.027162333511938	0.0295589884402724	0.0274433878562558	0.0269475794821538	0.0194386901424091	0.0213115813478483	0.0190370209546429	0.0178891258708836	0.0192452787465926
72027	70-74	2	0.0416205901489068	0.0422656248654282	0.0367759829841153	0.0413097533383221	0.0330807659175946	0.0287403525082125	0.0290389877488356	0.0230942608342232	0.0233177009409109
72027	75-79	2	0.0595411077645502	0.0463051916655475	0.0591646739188277	0.0509912907523115	0.0505882512860531	0.0466309427342573	0.0492847557575061	0.0342581800428732	0.0376484716669258
72027	80-84	2	0.0915317683067272	0.077788028594313	0.0947289134282362	0.0965197497929334	0.0815019656825258	0.079517656012317	0.0710576266018601	0.067055199598838	0.0623468342536461
72027	85+	2	0.222346368889023	0.181024534302176	0.183265809132556	0.160123100378353	0.159435417022119	0.151064540960609	0.141767053604827	0.145183211879058	0.148273527465371
72029	0-4	2	0.00355459845611826	0.00378108945509618	0.00400234087692951	0.00339458819365754	0.0022738955177151	0.00318612989677334	0.00284981208328122	0.00223635156794512	0.0022710834334386
72029	5-9	2	0.000235838746216326	0.000268073925694204	0.000241911973121428	0.00023390932221951	0.000218954236422443	0.000190080857575363	0.000185129718604661	0.000163676114899487	0.000189886950751538
72029	10-14	2	0.000270822429467036	0.000277645956921079	0.000360500379548293	0.000337448852138131	0.000240821330345729	0.000238199742218085	0.000232027008704307	0.000206687251178903	0.000217220101330226
72029	15-19	2	0.000979612265590705	0.00095474067063518	0.00163847166717047	0.00174452845488185	0.0014459604509702	0.00130650922668883	0.00107960698560243	0.000715447388271154	0.00073538061029608
72029	20-24	2	0.00176948306419704	0.00237003118552205	0.00280542440683092	0.00283319526716887	0.00431075771365758	0.00417911832591876	0.00337347126170766	0.00152224533562594	0.0021209946299514
72029	25-29	2	0.00190194122208818	0.00304817055321086	0.00448568414361464	0.00420403732383893	0.00325409326781896	0.00370930086203062	0.00344386008079215	0.00275986674184702	0.0018413742200305
72029	30-34	2	0.00307137412598007	0.00430959009330651	0.0051404074455671	0.0034628095318564	0.00304811436541285	0.00278790376067214	0.00252442519198762	0.00276711611684939	0.00288438973175891
72029	35-39	2	0.00290448587791414	0.00494974867201094	0.00529621906804939	0.00495659710711657	0.0046879742332794	0.002734698277557	0.00283885146475638	0.00321732420508277	0.00288971124727998
72029	40-44	2	0.00406095460381225	0.00368766351505599	0.00518196539055457	0.00622770873686181	0.0048384482018179	0.00363482037120916	0.00329962975207069	0.00373140788081935	0.00441163238970776
72029	45-49	2	0.0054031229083119	0.00612164977321285	0.00727525341004232	0.00850237995501733	0.00637192048099277	0.00587067744842588	0.00413874007856289	0.00495115918846852	0.00416118610536291
72029	50-54	2	0.00834802270157026	0.00868883386920642	0.00841194741083001	0.00924992114256572	0.00856786181892882	0.00813475909228565	0.00506103819254101	0.00675895404784055	0.00713557457052767
72029	55-59	2	0.0119271577868425	0.0129487527659794	0.0127918024860343	0.0139282396258937	0.0112921987991254	0.0114902213831848	0.00968820302806551	0.00722931832901022	0.00995756931585736
72029	60-64	2	0.019561001800237	0.0146895756733452	0.0201944469967324	0.0172712314618214	0.0151042995691906	0.0151458013689811	0.0129160102433662	0.0137481454230963	0.0120676997377604
72029	65-69	2	0.0254317687178131	0.0236828465767866	0.029843052418791	0.029868579394533	0.026608105356708	0.0201368440163429	0.0215078090538992	0.0186586557702292	0.0158877281730736
72029	70-74	2	0.0393735029387174	0.0365589209652711	0.038565349990001	0.0388864455170853	0.0340642588863613	0.0335184015930328	0.0269602101810615	0.0226896381072613	0.0226541634270271
72029	75-79	2	0.0606176701842029	0.0530542845632298	0.0545325915183063	0.0770057564183795	0.049015004263748	0.0422535934880027	0.0479219855106583	0.0365132879121829	0.0478989172551964
72029	80-84	2	0.0827308587342968	0.0862817029660304	0.105008435812389	0.0961509314895274	0.0717026212921206	0.0757209492572802	0.0688800717821066	0.0598644021302273	0.0687681238716136
72029	85+	2	0.165243179133958	0.185099082679322	0.182396613616835	0.164538099649318	0.147171363326745	0.136360820566348	0.152878068042395	0.133922036877066	0.136623684200423
72031	0-4	2	0.00376915128784843	0.00335553207398515	0.00348053412170991	0.0025122766099367	0.00202237594703929	0.00195770709374027	0.00225432496297036	0.00176344666265237	0.00178089414517223
72031	5-9	2	0.000234363057399157	0.000205851892349818	0.00020846291840955	0.000213233272170178	0.000175404458175318	0.000171901126064203	0.000158640970043828	0.000144432959329104	0.000140454732181783
72031	10-14	2	0.000292434423099341	0.000274347288231204	0.000318143586740231	0.000368678832097302	0.000248458852254002	0.000207186992963433	0.000161324981393351	0.000162085300958217	0.000187602340462865
72031	15-19	2	0.00137487419829631	0.00114963997031427	0.00180973818694918	0.00159144378268301	0.00109307349212954	0.00101680634850251	0.000890826885490065	0.000515694020901798	0.000625846924854682
72031	20-24	2	0.00176001657329232	0.00188340335048595	0.00269209972719927	0.0035933991551409	0.00288972834017991	0.00236214421815994	0.00252442700958149	0.00193701038771952	0.00158003344437167
72031	25-29	2	0.00252075833195957	0.00326930584202837	0.00393301765199668	0.0030960006985502	0.00288103335637652	0.00267088912077691	0.00276159971865031	0.00268286431553024	0.00185897021203275
72031	30-34	2	0.0023490460889547	0.00370736056930518	0.00492645551721918	0.00413672200393268	0.00269531202799414	0.00268990898698758	0.00311040670266238	0.00198812428192238	0.00222493140077835
72031	35-39	2	0.00285192693128976	0.00402367070248956	0.00584657593178157	0.00464161213891852	0.00293160239863048	0.00274339935172073	0.00316398602181151	0.00231715202875757	0.00259170413684609
72031	40-44	2	0.0035043013397109	0.00429402033755343	0.00630977650872603	0.00667552354235407	0.00451783902050827	0.0040233720213552	0.00324430062639267	0.00310910175501023	0.00394752599318289
72031	45-49	2	0.00491054532732782	0.00542652650413356	0.00667021430180223	0.00732802234050105	0.00596963057455141	0.00522963992387304	0.00412212407310566	0.00385877367050177	0.00442180010434617
72031	50-54	2	0.00701642365690768	0.00668038563098716	0.00704616233742154	0.00884950501023331	0.00737315089210714	0.00691680856457247	0.00584099513627943	0.00611462229328394	0.00599483496512517
72031	55-59	2	0.00958809983673214	0.0128119509426372	0.0122393716638545	0.0114657009781891	0.00986831117633851	0.0107041702222054	0.0100750918776919	0.00876581185829697	0.00867535109053895
72031	60-64	2	0.0169904936407629	0.0169530290150821	0.01636425634097	0.0166553310242215	0.0145704255465328	0.0143810838163425	0.0126639647970369	0.0117280401049159	0.0127955712735786
72031	65-69	2	0.0220221953696458	0.02318523558012	0.0238949052139288	0.0210725673541838	0.0193124951111878	0.0194602394285298	0.0171814190131083	0.0159200339415164	0.0156247804809342
72031	70-74	2	0.0384429867732264	0.0398463883080696	0.0399381459396872	0.0347511943702648	0.0296896016545737	0.0274004540905496	0.0246952569224506	0.022765770408609	0.0218668801800302
72031	75-79	2	0.0558168895785734	0.0530900429913929	0.0529178892202853	0.056336465614419	0.044847405493198	0.0435704724002224	0.0391069559323938	0.0340438180419673	0.0324612591404831
72031	80-84	2	0.0905205978287477	0.103730759823295	0.0894745935905804	0.0864851350075117	0.075918693013897	0.0690344653869923	0.0628901814522734	0.0521192359812836	0.0515405976650832
72031	85+	2	0.157515156368702	0.164108348409006	0.141033069141194	0.136229938994366	0.132763539528595	0.148337480231496	0.135732145975065	0.114709879280169	0.109471977435488
72033	0-4	2	0.00536836456204653	0.00388525778494461	0.00381171266872719	0.00387082843162026	0.00296434266277026	0.00299288321522533	0.00342842445279354	0.00292439096858091	0.00287922915134332
72033	5-9	2	0.000303913745456582	0.000291409781400413	0.000288309840117847	0.000299666556446514	0.000235055676063306	0.000224413808995439	0.000217653784101367	0.000190729221221083	0.000199598602884566
72033	10-14	2	0.000379372383574002	0.00036699234482668	0.000332111379906354	0.000327078607342448	0.000324627747154932	0.000326967698602243	0.000262945250932378	0.000232180170208385	0.000255013617904411
72033	15-19	2	0.0015126076926098	0.00205266322504474	0.00286461237907795	0.0017024942607707	0.00156000692629824	0.00148801899965552	0.00115729201730743	0.000796533454699897	0.000933467522675684
72033	20-24	2	0.00261515503657476	0.00332693912657131	0.00414584913792819	0.00458391291678267	0.00358032131398335	0.00249793039839356	0.00265456949654493	0.00190033150799354	0.00208866350682559
72033	25-29	2	0.00395059113894072	0.00442824117359152	0.00644695191813243	0.00445143088881807	0.00356067493833396	0.00419725265672353	0.00254613855424069	0.00249646631797375	0.00262534930781645
72033	30-34	2	0.00475290862760497	0.00578472535942113	0.00743537649724395	0.00699340168639247	0.00432661236787141	0.00300485548488643	0.00248415960629698	0.0032361744550023	0.00254528291674764
72033	35-39	2	0.00389798605895474	0.00529136919623256	0.00875058143391722	0.00707282648780824	0.00434994844762292	0.00437079442351501	0.00311615223289909	0.00392308914719601	0.00344731261184309
72033	40-44	2	0.00565527898348635	0.00528415034834068	0.00879188863749892	0.00789662335481408	0.00472735668371757	0.00579680757631786	0.00457685595583974	0.00497820747772274	0.00420744395914885
72033	45-49	2	0.00852539103340322	0.00880877309504468	0.00887957484936793	0.00919937676375753	0.00778124318106041	0.00656041206730397	0.0056387374579438	0.00499417803296635	0.00816966778478373
72033	50-54	2	0.0158901362801929	0.0124107650318755	0.012657779979791	0.0118153880924771	0.00979200926775725	0.00822757332102392	0.00899481467154791	0.00700032109682845	0.00766525200928189
72033	55-59	2	0.0192842014318345	0.0169523193423523	0.0139266709981442	0.0155891629371635	0.0138802965527548	0.0118263157365423	0.0123592685562079	0.0095059525480344	0.0124157919301815
72033	60-64	2	0.0238385337675933	0.0290298788676706	0.0278308405364438	0.0234519761899057	0.0186282847495631	0.0161231815610638	0.0145980058346319	0.0137594994666557	0.0162612298922989
72033	65-69	2	0.038675638788205	0.034487820539961	0.0271140805679708	0.0274938675001821	0.0243252585198485	0.0234047059805074	0.020343576157526	0.0177649673157424	0.0209340452068075
72033	70-74	2	0.0565402310464928	0.0490825549910088	0.0483739075719307	0.0554134676592492	0.0298717133718003	0.0395721943736893	0.0318109622299134	0.0267297480255195	0.0323976532034082
72033	75-79	2	0.0679293705592512	0.0617378679388695	0.070237975748543	0.0578435011824724	0.0561121036450175	0.059603851931299	0.0500052098866618	0.0443285480856879	0.0432966749075199
72033	80-84	2	0.148451263585663	0.110295195296379	0.100207411970189	0.103244967106672	0.0998041442066971	0.0790855741463582	0.0598948831479295	0.0633442060821317	0.0548274429356961
72033	85+	2	0.191851612512856	0.175689722092223	0.174649511606423	0.173269089848318	0.139272625999534	0.159618574664087	0.143170367976949	0.122108613764734	0.0986479158664885
72035	0-4	2	0.00473948925120279	0.00357604570335202	0.00369435019337743	0.00296951094133174	0.00263034030871938	0.00294350001879705	0.00191850069877656	0.00219746999014185	0.00213473835699574
72035	5-9	2	0.000219283042037666	0.000245968024494869	0.000232660495211623	0.000250667319725619	0.000205440630352587	0.000178384412863003	0.000165410841519361	0.000152956563632269	0.000159735686809118
72035	10-14	2	0.000271842043366306	0.000332380778947028	0.000303164689789556	0.000300079062096679	0.000258962733028865	0.000246787313180968	0.000208012609026761	0.000192926940096541	0.000193019278823784
72035	15-19	2	0.00096363447518968	0.00132753316554312	0.00142269611557081	0.00158923460011371	0.00089625986560173	0.000772791803922922	0.00118457944474781	0.000655463785644717	0.000701726906827537
72035	20-24	2	0.00160479388106052	0.00171405272716925	0.00246368515493011	0.0026025252820175	0.00220806665737671	0.00245446677793619	0.00295655972373164	0.0015186369057652	0.00144015303165294
72035	25-29	2	0.00188965817725196	0.00301691417458308	0.00321638315133334	0.00215133874445221	0.00162462310130329	0.00245366173079548	0.00319075134654833	0.00185214071843436	0.00187633499486402
72035	30-34	2	0.00235180796715875	0.00310885011684287	0.00515229946180836	0.00353832307260422	0.00218275362014168	0.00268791168483466	0.00300842658682315	0.00252691207467632	0.00300726364067884
72035	35-39	2	0.0031917837699011	0.00415776220427729	0.00455967444408316	0.00516171668144636	0.00411623518006538	0.0034263889666344	0.00271353953169588	0.00246976706118905	0.00291740401916482
72035	40-44	2	0.00422415646320934	0.0047381990086599	0.00552484438874879	0.00561856173006325	0.00453805420843221	0.00456777418667822	0.00277425342786133	0.00345906002534446	0.00297744642982967
72035	45-49	2	0.00585651623341398	0.00650931392791712	0.00653416360067924	0.00636378311379842	0.00591597660636793	0.00593655895723959	0.00393158841983694	0.00406249278386387	0.00428648912173842
72035	50-54	2	0.00891839225562968	0.00880088696447351	0.00989872661824172	0.00910260987376928	0.00810181656877856	0.00752131722585279	0.00652829335814307	0.0053451365653209	0.00574859330183928
72035	55-59	2	0.0135007710332886	0.0123998044071702	0.0105739977521304	0.012961362280467	0.00918348482934139	0.00894406069562998	0.00917511995706935	0.00750234130082565	0.0074950694154767
72035	60-64	2	0.0212278225039446	0.0199079591978068	0.0173830796727408	0.0174583698667411	0.0150379387848207	0.0117939458359821	0.011736471354763	0.0109821504894736	0.0111177145226765
72035	65-69	2	0.031107462848176	0.0264262478518329	0.0271256763526583	0.0251570138886429	0.0218956659932143	0.0177867022546464	0.0179159385324915	0.0131508187112209	0.0147656849072474
72035	70-74	2	0.0399193432655191	0.0490956019466125	0.0424543833663191	0.0417797338164533	0.030568821353442	0.0235635984501325	0.0255042016922809	0.0184958757565531	0.0205876628332688
72035	75-79	2	0.0577697240761771	0.0758796150085982	0.0606853120578775	0.0643798929988818	0.0528384664785706	0.0428676184508863	0.0411006576271237	0.0356715628219471	0.0276600644921115
72035	80-84	2	0.0931902347508044	0.101409608814562	0.0957904499315663	0.0830709086970117	0.0721208744437354	0.0743748032822126	0.0665221343429234	0.057467966231383	0.0488684846009513
72035	85+	2	0.169166710422898	0.166676357512079	0.166483323236659	0.144778069555128	0.157144321804348	0.147931018509931	0.14968192385915	0.136656262924433	0.126788711658862
72037	0-4	2	0.00343782851333817	0.0034160908047908	0.00399521280607979	0.00328881696892918	0.00265416653313901	0.00281718976615157	0.0027938372607684	0.00199066856382719	0.00274646296119877
72037	5-9	2	0.000226214017620864	0.000269429443096422	0.000253181997834393	0.000234614177172263	0.000199363158562308	0.000189392624651028	0.000174402290399143	0.000158861626281883	0.000166087707400381
72037	10-14	2	0.00027652822353202	0.000282741881700545	0.000292956603727479	0.000300177487718775	0.000268517491476648	0.00023068285444423	0.000212510024921382	0.000194273158042775	0.000202867830448901
72037	15-19	2	0.00101827885379134	0.00083891597889431	0.00104314021012837	0.00104000683224584	0.000830336993160685	0.000790448541494766	0.000885153999517867	0.000679257700617519	0.000650450748629848
72037	20-24	2	0.00158313854149277	0.00196324647804857	0.00158064624172826	0.00192253768158905	0.00158367627329124	0.00155829048804537	0.00157039629922148	0.00134242714365537	0.00147803378557312
72037	25-29	2	0.00225402220257885	0.00267769520872549	0.00251028381459391	0.00203133644454062	0.00180951472160809	0.00179693909596505	0.00214815206610787	0.00167759628750094	0.00209369710730398
72037	30-34	2	0.00262253517368928	0.00274692301800869	0.00268594973027492	0.0029557144865197	0.00220058058800791	0.00203580736908068	0.00247609971129598	0.00219937030621367	0.00261203205360429
72037	35-39	2	0.00333293285796431	0.003356216712739	0.00391396418973431	0.00289197559360207	0.0025239913414945	0.00245115663616789	0.00302728180013078	0.00244941863865207	0.00286888617470863
72037	40-44	2	0.00422321219498033	0.00467982902336867	0.00597939203974453	0.00410935085138046	0.0037376196436523	0.00331240486413625	0.00301328470944109	0.00262475966778291	0.00385345777002163
72037	45-49	2	0.00589753748117173	0.00719244928744102	0.00683994029684081	0.00543312483668653	0.00438224212113963	0.0052010922133733	0.00375028793927762	0.00353091412698614	0.00415428077397594
72037	50-54	2	0.00723418148625003	0.00931866168251635	0.00924039370852079	0.00943082182629943	0.00806876672756475	0.00611037924316172	0.00630812170291585	0.00648715456639069	0.00718472633752646
72037	55-59	2	0.0146467115101356	0.0105812560413845	0.0151347083067063	0.0124067693066964	0.0103058865196657	0.0103813294243486	0.0103157633431851	0.00867648247375807	0.00985773608819034
72037	60-64	2	0.0200112738298608	0.0207906040412877	0.0164052013181624	0.0152792499436622	0.0146152876395756	0.0140886969751808	0.014376194019454	0.0145382963777929	0.0134323831682813
72037	65-69	2	0.0277975944043595	0.0232424157179488	0.0216786712738641	0.02311718633734	0.0254053068617257	0.0221228956468255	0.0169501185186368	0.0163649084668998	0.0176438412495633
72037	70-74	2	0.0359044227138833	0.051708231086754	0.0516807226783277	0.0427980913830343	0.0323062767644682	0.0293638850698872	0.0289815822986495	0.0247014794519257	0.0282988839416028
72037	75-79	2	0.0522375127959616	0.0643986870080197	0.0526688905264896	0.0586785013615717	0.0517679446871109	0.0439709627065649	0.0383986989785443	0.0381297411937717	0.0383009413228238
72037	80-84	2	0.126019043854043	0.110179613833513	0.0908371673983307	0.122973503594057	0.0971542908306886	0.0851408717938473	0.0616265255895311	0.0518046094782087	0.0598771669911962
72037	85+	2	0.194922316311637	0.198630647160611	0.185030873829306	0.1814658270153	0.144127865995078	0.144299442888435	0.157921469476331	0.124731835354864	0.124830083214749
72039	0-4	2	0.00448951568379004	0.00408255172419201	0.0031908186301428	0.00375898707871542	0.00267788173460937	0.00281486611798432	0.00253784442863456	0.00200649919526579	0.00198441397408578
72039	5-9	2	0.000217518243207207	0.000221790662905094	0.000253198206436261	0.000224693651584691	0.000191457446466154	0.000172911875254899	0.000158549461176173	0.000144643707362586	0.000150475934754312
72039	10-14	2	0.000288681435859498	0.000295395392604275	0.000278035078057173	0.000259462264733197	0.000221404859690908	0.000220787503612098	0.000202851864358434	0.00017663870077377	0.000203209624680055
72039	15-19	2	0.00087982324625419	0.000841373338268074	0.000836440722178097	0.000883295680823275	0.000872190316502661	0.000765114852611481	0.000595779480828664	0.00060941828942269	0.000642056640206481
72039	20-24	2	0.00165405739282713	0.00156146478799993	0.00187704805926389	0.00163059994234968	0.00172973407477561	0.00155459470871189	0.0015250784579441	0.00102877581287042	0.00134292488999199
72039	25-29	2	0.00213088100519777	0.00202560234975682	0.00216061552435999	0.00203879643905958	0.00221518584445945	0.00215541976773736	0.0018814075547955	0.00139178757476344	0.00151883032564656
72039	30-34	2	0.0020046649233998	0.00256995645589616	0.00308189776192603	0.00266686864702226	0.00213795799614143	0.00207715452087047	0.00237699324209415	0.00161960856618587	0.00209731055323519
72039	35-39	2	0.00326440709657714	0.00316072849445439	0.00334631500406419	0.00377479849908263	0.00257940052669477	0.00267555666536601	0.00275816888274721	0.00230493915926659	0.00223277692071965
72039	40-44	2	0.00354923464428965	0.00380405230052549	0.00408715293455589	0.0044747151660568	0.00408752783703571	0.00330966181951626	0.00318959200614383	0.00261274571208378	0.00288651607603627
72039	45-49	2	0.00484080841874844	0.00507135610322522	0.00632331545300591	0.00612854234060621	0.00629772306224459	0.00400931463017354	0.0040118355942665	0.00421555825549516	0.00421943666349191
72039	50-54	2	0.00737998871473253	0.00729968962428065	0.00816960065614944	0.00879871125962859	0.00660327226839436	0.00618214231316243	0.00462339731791507	0.00647166003224202	0.00481065848194056
72039	55-59	2	0.00965934277158705	0.0115173242963225	0.0129303188246793	0.0136116683496874	0.0102083118641906	0.00951856189547366	0.00767950387366024	0.00708948420927073	0.00673325774819125
72039	60-64	2	0.0140762510864874	0.0204825451416732	0.0151333288825582	0.0182552377583064	0.0128806042165254	0.014843118687324	0.00869273790230808	0.0118348305548746	0.0110372047333161
72039	65-69	2	0.0272005037831265	0.0233026526956532	0.0225196315300352	0.025976013546396	0.0224721091835331	0.0202602551848955	0.0157242234255506	0.0139926170358257	0.0156436076730885
72039	70-74	2	0.036262781923797	0.0386510415430765	0.0419527305001012	0.0363007386173837	0.032300262364554	0.0273113631764614	0.0252163787493849	0.020962408104735	0.0202511938873763
72039	75-79	2	0.0530021518245913	0.050903075759035	0.0525694470675385	0.0595073805200402	0.0531117640338073	0.0517071667775435	0.0440005678803636	0.0292094905036307	0.0398326000862658
72039	80-84	2	0.104663472215042	0.0753062578541303	0.0920448202324198	0.0781820939283117	0.0804449536926315	0.0752633663430315	0.0733518981569988	0.0646934020276936	0.0605036624999958
72039	85+	2	0.163179942414902	0.140377290093745	0.162778695699404	0.171006642736008	0.170390442682712	0.129527142654265	0.151689584640413	0.12615374074058	0.107383190790687
72041	0-4	2	0.0040364598515517	0.00342258882197304	0.00281429010972781	0.0029419800939882	0.00263090045434088	0.00242540796228573	0.00221622582893303	0.00168060262050652	0.00178789259810263
72041	5-9	2	0.00020713757184521	0.000200724539128582	0.000217012906803249	0.000233496397045844	0.000165216795075662	0.000165457926073075	0.00014518677463836	0.000140589375363282	0.000147166634301172
72041	10-14	2	0.000271309548912477	0.000330732537059833	0.000271725076432731	0.000266014325902749	0.00020802974533987	0.000218408997456066	0.000183877384553147	0.000162016227770076	0.000169054220403061
72041	15-19	2	0.000767800981388123	0.000751715999710716	0.00085781398299075	0.000955393643907068	0.000731776856574496	0.000708805920762628	0.000570796435753771	0.000704388511563	0.00052948602232002
72041	20-24	2	0.00156447877004267	0.0013876891395702	0.00200371931561434	0.00141105591020215	0.00135650872825063	0.00164995580820684	0.0016017024470198	0.00101856610596746	0.00134461102168167
72041	25-29	2	0.00171470893343804	0.00195499753067548	0.00211625564123522	0.00177155650828758	0.00179751117245744	0.00216899784134455	0.00179908425663235	0.00195203103186511	0.00168452256538693
72041	30-34	2	0.00225634428442093	0.002346093330524	0.00298877119578839	0.00280680805516789	0.00224000605879869	0.00184719444504956	0.00240600573243055	0.00229632902614371	0.00194012602586349
72041	35-39	2	0.00254936835599451	0.00266380786016139	0.00304768409190556	0.00352041580791786	0.00224597830962917	0.0025353536259156	0.00224457464739681	0.00221346202974824	0.00261298776427997
72041	40-44	2	0.00552322093883286	0.00375973748434686	0.00455183077716277	0.00387060875872654	0.00297265275071406	0.00323287176819576	0.00271862972672217	0.0026029430068129	0.00477833764086789
72041	45-49	2	0.00620947648952845	0.0057728388170791	0.00456492971555537	0.00423129248979494	0.0042690773469652	0.00398747142275426	0.00396911310112593	0.00334853505453146	0.00425619865982574
72041	50-54	2	0.0091219792866626	0.00768374853063679	0.00631533419999609	0.00711287011172928	0.00498134409526013	0.00612701675975228	0.00509483514826814	0.00635933752305136	0.00492407459655122
72041	55-59	2	0.00924529664208176	0.0136450028672833	0.0114599199206827	0.00931749631677019	0.009930216339758	0.0089643334176058	0.0065678434926511	0.00691337128765299	0.00663588196636085
72041	60-64	2	0.0169540321765999	0.0162481315782894	0.0182506247970445	0.015887940393214	0.0147640303520769	0.0117827448783334	0.0108244215906261	0.0110505571535936	0.0125299379864445
72041	65-69	2	0.0212270774287815	0.0277488311195993	0.0235051880962378	0.021976280127707	0.0190639145373501	0.0149102927927673	0.0150847376371767	0.0136456875242044	0.015568093553117
72041	70-74	2	0.0330706567279273	0.0325501252062294	0.0307834179710685	0.0375214338438443	0.0273374408164906	0.0233355293620175	0.0275684676825086	0.0204060664286942	0.0206880921517275
72041	75-79	2	0.0563090858589119	0.0620332162446661	0.043165133087841	0.0499645332013139	0.0427546050974152	0.044705032354536	0.036667038501995	0.0309055236448992	0.0308479097884354
72041	80-84	2	0.0715569151096468	0.0760174392854897	0.0831270064803112	0.0772332734476487	0.0838926530575394	0.0745279701116806	0.0624778301688931	0.0581382964027847	0.0472657239901107
72041	85+	2	0.137793435937002	0.163179392049936	0.172069338148949	0.151636364118309	0.140146755738301	0.14799602413164	0.121961499988916	0.126957310988974	0.119577715724189
72043	0-4	2	0.00415544401068328	0.00341235464325732	0.00419757465358578	0.00397436698314002	0.00289364101599726	0.00229274022195513	0.00220719333149837	0.00185974942793519	0.00188786237336698
72043	5-9	2	0.000248642257454328	0.000221608879145422	0.000240547194930464	0.000283233308958565	0.000220904154793629	0.000181591593693434	0.00017648930767929	0.000147495251870161	0.00015447615761394
72043	10-14	2	0.000311504999223582	0.000349570091351918	0.00027498254618364	0.00028150119457666	0.000219336308715884	0.000217583182027135	0.000212486548280415	0.000179617933012217	0.000187094624391883
72043	15-19	2	0.000957304832577596	0.000943253148383672	0.00077800549173993	0.000802032993096144	0.00103549613657189	0.000905124853034475	0.000708646376362007	0.000602355641928444	0.000641884312346713
72043	20-24	2	0.00163689099306925	0.00177098193472701	0.00229742451210117	0.00147294442806411	0.00151852436223757	0.0012298165419672	0.00142792325440726	0.00122967727589359	0.00184724039779252
72043	25-29	2	0.00195074796590338	0.0018528750008124	0.00230320782034184	0.0022978322727631	0.00199850713275327	0.00178493488219388	0.00188200429473933	0.00187584856519955	0.00153275091073747
72043	30-34	2	0.0024084521727157	0.00301011145489396	0.00261794791727834	0.00320858162055667	0.00178934882795473	0.00187646967492612	0.00202035311172813	0.00227492743858312	0.00190174890932861
72043	35-39	2	0.00295092140909282	0.00449983682959697	0.00463320358083382	0.00393416792312271	0.00323692506092028	0.00238127278663802	0.00214231937454139	0.00244445484499651	0.00217687133010361
72043	40-44	2	0.00379695621529047	0.00352681006731937	0.00488815366698664	0.0059026629467681	0.00349222620781091	0.0031480359012778	0.00290668546110241	0.00234157873867243	0.00270529194536924
72043	45-49	2	0.00549699259042437	0.00659438616543881	0.00638851774216473	0.00633444727445836	0.00552691858433307	0.00347044712648878	0.00384080391016353	0.00335735183101451	0.00359630751631836
72043	50-54	2	0.00833012865539946	0.00969761001157103	0.00769245205032158	0.00833738488839748	0.00569046529435476	0.00624136286211786	0.00571649507155162	0.00626520533515214	0.0056863493143455
72043	55-59	2	0.0156023944019502	0.0120436439553634	0.0122090825017499	0.0116104338128229	0.0100998255121569	0.00729559405417877	0.00971498108006622	0.00834886766856831	0.00862992426702884
72043	60-64	2	0.021027181674434	0.0175324816535529	0.0179700227714479	0.016670952761519	0.0148186620615538	0.0123233210589231	0.0130111103398781	0.0126415163804117	0.0115030011610131
72043	65-69	2	0.0279199361390087	0.0268752085326125	0.0312202214606262	0.0265753211308026	0.0253697241611193	0.0180737296737582	0.0171837076598951	0.0176425388941401	0.0131159308676612
72043	70-74	2	0.0378927306181336	0.0461572626315091	0.0354504799736301	0.0362332915878761	0.0349454981233478	0.0289711652134145	0.0278738892042219	0.0260708409842151	0.0249086461922915
72043	75-79	2	0.05367504873387	0.0580091377119341	0.0519314166290979	0.0542461145860297	0.058937371836814	0.0526473875633669	0.0468627612889121	0.0427981355928659	0.0391258301918664
72043	80-84	2	0.0806272749005252	0.0809833223019697	0.0980012583369615	0.102859105774332	0.0884496932529055	0.0750676718157999	0.0757372938856571	0.0684348977299289	0.0534121388798227
72043	85+	2	0.184347810199376	0.153992505207616	0.155629747273987	0.148792785186186	0.167548689972465	0.164851425189781	0.143005579037323	0.11315753204784	0.110459225367836
72045	0-4	2	0.00348610211662376	0.00375477965035982	0.00280142493751832	0.00337155280426883	0.00283388624044039	0.00265927044062747	0.00226330496211784	0.00194709352524491	0.00236087018767005
72045	5-9	2	0.000224357030324924	0.000228773038777561	0.000237265545672988	0.00023339744638913	0.000189289687191263	0.000179177909530162	0.000164060658830062	0.000150142277381019	0.000164701288897632
72045	10-14	2	0.000269734206186467	0.000319265404816966	0.000287273606953244	0.000282175520937905	0.00022952412236948	0.000217840552689992	0.000210295290008795	0.000183523045595415	0.000200880609883244
72045	15-19	2	0.00100001423802439	0.00081328364156033	0.00088431523961568	0.00093535773009592	0.00077901004585919	0.000744196524141616	0.000634796722497654	0.000571233005060688	0.000626405871646701
72045	20-24	2	0.0019409458675117	0.00183857047954113	0.00226840806423288	0.00230941982967936	0.00187546502814183	0.00131756544280078	0.00138459486222032	0.00145495114538917	0.0013072651149487
72045	25-29	2	0.00218959018052907	0.0023225153436068	0.00230953884278396	0.00238126724212928	0.001819589526434	0.00196458347337255	0.00152977583846826	0.00200619457469584	0.00145579551079978
72045	30-34	2	0.00241227171839354	0.00283559840080503	0.00287556020496118	0.00330557347249092	0.00259235895691481	0.00230301599103441	0.00203178112674931	0.00177043220169329	0.00184004351658751
72045	35-39	2	0.00284435002902939	0.00378267712431159	0.0039743402085969	0.00444363897753702	0.00265563422521731	0.00338076786903314	0.00242944576708205	0.00247113246314689	0.00261473316253096
72045	40-44	2	0.00418060728823761	0.00426060559295788	0.00417778227441319	0.00442518708137848	0.0034578688350463	0.00320223487301378	0.00316138940271562	0.00290034004430305	0.00335746159202916
72045	45-49	2	0.00583466896068563	0.00538638617734537	0.00590705413539382	0.00525289819269712	0.00551087067453092	0.00500479425252539	0.00460795299487145	0.00428432436400461	0.00409743498042422
72045	50-54	2	0.00832786631064169	0.00723453057641278	0.00941490532075394	0.0087072069710371	0.00705243416076215	0.00659369577530391	0.00565654426435708	0.00607999536246808	0.00794573450891717
72045	55-59	2	0.0139512836916599	0.0097308161064094	0.0115393924064874	0.0139471567508986	0.0113525540798598	0.00881662077510397	0.00912171022173127	0.00742436050934784	0.00943217653890391
72045	60-64	2	0.0138981412642997	0.0178639893860099	0.0190812557688739	0.0152136808570263	0.0150036890221648	0.0151872482465299	0.0140949146570194	0.0130801493801789	0.0110891707210732
72045	65-69	2	0.0255422660520567	0.0262488364174705	0.0229712037499692	0.0250667533408357	0.0246232734694862	0.0260887195181366	0.0170547341039889	0.0164107246670244	0.0149975160735437
72045	70-74	2	0.0351490742378609	0.0379009535731554	0.0426324181294256	0.0478158743042481	0.0302695427488121	0.0278249284116233	0.0293277164276372	0.0222846225879465	0.0260659118076148
72045	75-79	2	0.0635247956125564	0.0557041684346958	0.0504427419654416	0.0561083238287465	0.0513452090639677	0.0390898001986413	0.0369812691333408	0.0461880738548215	0.0467360450583088
72045	80-84	2	0.0846487033769679	0.101712920928665	0.094891166477724	0.0699545764222466	0.0801629059876476	0.0844148279375861	0.0636165928640104	0.0684367683867635	0.0634383857936307
72045	85+	2	0.179288444233174	0.135802603259709	0.163265418706846	0.159152139127274	0.167776132247478	0.165127926020806	0.153063924247479	0.13814420556954	0.126916004004602
72047	0-4	2	0.00454571783379426	0.00312590541984151	0.00333963256681576	0.00354395536730741	0.00276139253495659	0.0025819093390065	0.00231476030413006	0.00166044467325487	0.00265118560235585
72047	5-9	2	0.000257353926369377	0.000216007403108112	0.000234875961130171	0.000252468532412947	0.000187431140101624	0.000170306202885567	0.000173014673993624	0.000151590494850499	0.000150584801661559
72047	10-14	2	0.000243844125567322	0.000260510185637941	0.000324462506373882	0.000274883698302692	0.000214191466501231	0.000214435319249377	0.000219113074083093	0.000193072525408302	0.000191533133897875
72047	15-19	2	0.000976880668247335	0.000816007580182626	0.000915196113363919	0.00125453722212948	0.000968178065941093	0.00101336764667319	0.000596587373693048	0.000619335689791164	0.00068351724787048
72047	20-24	2	0.00165328347825468	0.00134420971657832	0.00221132691514377	0.00196772125217555	0.00196685895478214	0.00217648682410902	0.00156865451770357	0.00149389957091858	0.00144983752352738
72047	25-29	2	0.00189496454644554	0.00215256524916009	0.003030447845662	0.00202465507475311	0.00216147165094176	0.00179488812931194	0.00179178003414351	0.00148343134041997	0.00137972468329625
72047	30-34	2	0.0025092544992905	0.00277582109836101	0.00283606508311282	0.00358301711172888	0.00190356044537844	0.00238552675567637	0.00224396788943113	0.00178177095194802	0.0021971900240379
72047	35-39	2	0.00270757063469482	0.00315237604752174	0.00382534305619013	0.00312143915798338	0.00271034772772578	0.00261330295734306	0.00232126367330409	0.00238040803685276	0.00333197805738767
72047	40-44	2	0.00360108354206158	0.0046212466405073	0.00424340572203745	0.00455513939011842	0.00302971031340491	0.00346811606301688	0.0030942006890685	0.00215413366228607	0.00294401198668487
72047	45-49	2	0.00477034281690643	0.00449207765901848	0.00603372254367178	0.0070396789210715	0.00542820756732689	0.00515745494519234	0.0040245569657607	0.00364238225948649	0.00319793183512616
72047	50-54	2	0.00768365285819974	0.008075992222365	0.00908109632641022	0.00710804197356484	0.00559830226843987	0.00579115201434739	0.00507481002451944	0.00683119744608296	0.00495840218945642
72047	55-59	2	0.0118876816567869	0.0108772424260413	0.0137714365058399	0.00981533623788736	0.00795061683743669	0.0084251913383186	0.00929512239475448	0.00822596494295328	0.0103605376555497
72047	60-64	2	0.0197547604627164	0.0164006138368745	0.018723815429517	0.0196572813858887	0.0139985237281622	0.0136668012430518	0.0134440618867694	0.0131841289400517	0.014302179495851
72047	65-69	2	0.0231351395061345	0.0244596568647122	0.0253155146314681	0.0205269014059077	0.0194128402238757	0.0165900896506251	0.0138859062870475	0.0162748150237955	0.0156484843101883
72047	70-74	2	0.0366029388595763	0.0357115136202766	0.0331041262691138	0.0336788846518398	0.0312179272902017	0.0272111639272941	0.0251321418799588	0.0233719854631377	0.0248568691388219
72047	75-79	2	0.0461959060247774	0.0571349521385423	0.0544725555694911	0.0560482860259834	0.0482041694388814	0.0447829118944401	0.0423410268798816	0.0369651901598937	0.0370983717079359
72047	80-84	2	0.110341770106775	0.0704523634327286	0.0962381103969656	0.0967019820080923	0.0725155520096483	0.0744024341390591	0.0716520876411394	0.0559173247442053	0.0607888268361689
72047	85+	2	0.167954276759062	0.171458330515576	0.17752675396575	0.180643987619286	0.177226500867432	0.167523311039273	0.141182450156078	0.134186238741085	0.102537875398857
72049	0-4	2	0.00386698129483354	0.00329607812996921	0.0029558424583963	0.00244819571805699	0.00180267087352727	0.00204716358436694	0.00241190186944964	0.00242419276954233	0.00246709375278873
72049	5-9	2	0.000206683519054832	0.000211757932209085	0.00022013015300328	0.000214577584357753	0.000180645793495812	0.000170265950874888	0.000155162543228034	0.000140911400144319	0.000154096598749089
72049	10-14	2	0.000253754484532083	0.000260025625177221	0.000270348987098377	0.000263638407575252	0.000221943476520164	0.000209075296726729	0.000190567411898782	0.000173065320566942	0.000179746906552419
72049	15-19	2	0.000884089810065686	0.000861742994183525	0.000942826001648786	0.000965859850767102	0.000734315229259606	0.000692031473036587	0.000631170856302749	0.000574421020313956	0.000597049491277513
72049	20-24	2	0.00164077836305093	0.00159646840672801	0.00165825977642286	0.0017031750101591	0.00136602099958431	0.00135684807773986	0.00123440714868224	0.00124231411522568	0.00123110202086147
72049	25-29	2	0.00194114096554243	0.00198962988120276	0.00217622253010221	0.00202121829520441	0.00170547160073122	0.00177417823003212	0.00154551630015175	0.00140618254001683	0.00145814545789197
72049	30-34	2	0.00231746540926985	0.00249898581078174	0.00246493576636302	0.00251780511305558	0.00202644527321592	0.00202244691749865	0.0021425413107009	0.00176353974245109	0.00173738025532959
72049	35-39	2	0.00289074189085591	0.0030874434592411	0.00303506314545608	0.00326790585083003	0.00250695698287485	0.00248865506203429	0.00227784750644768	0.00219165780278597	0.00239461506939273
72049	40-44	2	0.00361301743028304	0.00366252288859588	0.00396320107304955	0.00366255689908906	0.00309801233252782	0.00308298001273763	0.00282358395635335	0.00255114893910948	0.00310651184795701
72049	45-49	2	0.00482981314539929	0.00564484901812877	0.0057662795941754	0.00505647299260507	0.00470230535917253	0.00402048926924668	0.00388508973437331	0.00377303519959733	0.00351285886483309
72049	50-54	2	0.00719484563643546	0.0069288032282456	0.00709277108982297	0.00785137895643652	0.0070077324761693	0.00696313641217413	0.00600359089514071	0.00471704822690073	0.00495492256370618
72049	55-59	2	0.010779382370787	0.010313281692188	0.0109722513194472	0.0119853590668086	0.00802202945462891	0.00751480120947696	0.00738295146795567	0.00774513792341783	0.00793812366340069
72049	60-64	2	0.0160569406280533	0.014354321882349	0.0158167737650836	0.0173860263125901	0.0135847838949499	0.0148765155131304	0.0117425367165418	0.0136227662212949	0.0125688708851121
72049	65-69	2	0.0252274171844568	0.0218825787975401	0.0232469906861766	0.0258627424545165	0.0194607839729252	0.018857125881991	0.0174187333262257	0.0160759260281525	0.0142042444988333
72049	70-74	2	0.0325933599142009	0.0384679873097021	0.0397736607130419	0.0371840455529319	0.0277823910320785	0.0247903614441392	0.0285036654610324	0.0233841385634108	0.0217039429456299
72049	75-79	2	0.0523740812055192	0.0586660867329551	0.0541887646474127	0.0468248328777814	0.0391059209597539	0.0409634818923328	0.040674765566278	0.0402302651281125	0.043874633134836
72049	80-84	2	0.0845900650369181	0.0963092775619556	0.111876324802912	0.101366133194304	0.0964173045632868	0.0831475773846087	0.0622847192157358	0.0612182826515798	0.0672614299485763
72049	85+	2	0.199201618822656	0.183970277175667	0.166529087595244	0.153455757043644	0.145549907622415	0.141734511760109	0.144309865406958	0.131368464560536	0.112364976681197
72051	0-4	2	0.00383067433035253	0.00304287215660128	0.00278855666124991	0.00284344373019489	0.00273567935900586	0.00268533445253838	0.00231621872779129	0.00189530581056084	0.00211285003301727
72051	5-9	2	0.000226833379754973	0.000221107544325236	0.00024066977319932	0.000215025277005671	0.000201658039545562	0.000172197524722547	0.000166026109686215	0.000153148522710995	0.000160214089008643
72051	10-14	2	0.000315575725556042	0.000253634500329803	0.000288476034905208	0.000271846257068214	0.000232323125471561	0.000208404646917092	0.000199422765934141	0.000175671991966211	0.000202991032261925
72051	15-19	2	0.00113542480215216	0.000987438308084103	0.00100984509854792	0.00136747836744226	0.000809640351091613	0.000876320706067511	0.000691162113602667	0.000611956310346859	0.000701554714835248
72051	20-24	2	0.00148855094703272	0.00177742884632969	0.00223570199717619	0.00234952738103531	0.00229077806818727	0.00161878230949492	0.00165538892433493	0.00128550041303568	0.00128931415549491
72051	25-29	2	0.00199615059148037	0.00239621657797426	0.00354823142573036	0.00246811944252238	0.00215677062673678	0.00235641464667409	0.00261921228471296	0.00169971421123686	0.00214634794666361
72051	30-34	2	0.00218402477394814	0.00242903757874305	0.00374907059429195	0.00301596184408798	0.00185788109453318	0.00220955516314786	0.00223841371135551	0.00162432117051735	0.00217255505930785
72051	35-39	2	0.00354040667402478	0.00385288335631436	0.00431319043544387	0.00427568824675016	0.00266588936388346	0.00249081614364829	0.00247105738244315	0.00275377332519809	0.00240391037167964
72051	40-44	2	0.00368790109611103	0.00417101710514581	0.005320441373205	0.00464024969413445	0.00386637279565713	0.00331164641701964	0.0027028512816732	0.0027853828135712	0.00345598107082537
72051	45-49	2	0.00530243965911833	0.00523537014525439	0.00678565972284024	0.00761418756259868	0.00585140775463049	0.00498801324526822	0.00372848715436551	0.00302733777569677	0.00314661762876853
72051	50-54	2	0.0081785524377602	0.0087350082678486	0.00694470387341703	0.00793354051818154	0.00696859766878321	0.00655381844620411	0.00501138537395615	0.00501503622941593	0.00537866048490153
72051	55-59	2	0.0122907568770282	0.011769903704849	0.0159932539580772	0.0114016622957654	0.0127968296849657	0.00945923244063416	0.00824763419654481	0.00771225825089464	0.00815770059289068
72051	60-64	2	0.0179205949561894	0.0198642932515164	0.0181944023734817	0.0152117832868855	0.0125132405044286	0.012788984858555	0.0101246795230256	0.01160705177689	0.0111783084398247
72051	65-69	2	0.0251047263571587	0.0280483042265901	0.0229524964169287	0.0275268837485584	0.0245789752608109	0.0212537491686432	0.0180389321346145	0.0155225564348646	0.0154822569466409
72051	70-74	2	0.0304341987394562	0.0456461105498516	0.0362643442280213	0.038384218923943	0.0309282689806127	0.0279494757610608	0.0220207444933144	0.022660114942576	0.0228139570501952
72051	75-79	2	0.0519315462130382	0.0629686091407467	0.055350674266817	0.0534945116447669	0.0549026411462495	0.0407671095955291	0.0375337111185962	0.0358413194830491	0.0363159284243536
72051	80-84	2	0.0880645881914439	0.109914790110978	0.0937483398587004	0.0938522242950312	0.0929637816445476	0.0860822631732397	0.0617735549289796	0.0573916574002731	0.0604460007533889
72051	85+	2	0.136629719318283	0.174777884622418	0.146050620024563	0.154723924418775	0.129031051180186	0.147248422353349	0.14975210890496	0.130446991274262	0.130104134760552
72053	0-4	2	0.00462637010900191	0.00354440427710099	0.00467746310909361	0.00327764241556441	0.00302307287374357	0.00300273141256533	0.00300081606044911	0.00227749047316748	0.00247583110925172
72053	5-9	2	0.000246087192499291	0.000266713117178486	0.000318467728501685	0.000243821454149448	0.000208519538048113	0.000210005611594073	0.000195002933404536	0.000170968939123916	0.000178815242027274
72053	10-14	2	0.000308182790980253	0.000330869773368431	0.000360198357746291	0.000323552700333789	0.000278694535537555	0.000278288397814532	0.000223864767799665	0.000207258770278771	0.000216513298130521
72053	15-19	2	0.000906563893283787	0.00111925306963306	0.00111449365010524	0.00150308369064506	0.000884025769029445	0.000902182842152015	0.000956012443244197	0.000789104886875162	0.00080615060150567
72053	20-24	2	0.00160547665603172	0.00202411358335643	0.00243838477177413	0.00234293065175821	0.00215182517523762	0.0022286056243337	0.00288106309400237	0.00203479015711848	0.00163716186882277
72053	25-29	2	0.00211563653923849	0.00216213721440623	0.00263795773167636	0.00279748855585197	0.00260537842374454	0.00269909313073924	0.0029551888790998	0.00242734458385905	0.00220120641073328
72053	30-34	2	0.00246667584931618	0.00344964352140257	0.00405208249089858	0.00352665044409863	0.00299628767147073	0.00328912677673541	0.00243284249203555	0.00267657293129584	0.00291302403098918
72053	35-39	2	0.00388053713980252	0.0044138875466522	0.00614616057524818	0.00508716327876071	0.00386103591032586	0.00312383167817114	0.00329906456190003	0.00274550126177912	0.00284144241764392
72053	40-44	2	0.00528919436712192	0.00528340204723133	0.00656405372183258	0.0067010831632583	0.00446232684987552	0.004884646374359	0.00343194893140213	0.00443730429638625	0.0046413467686204
72053	45-49	2	0.00712288901735437	0.00572128578937039	0.00751171665229714	0.00807626664552273	0.0072607958583999	0.00515367034923449	0.00616789462937195	0.00463748621035136	0.0052581068163546
72053	50-54	2	0.00877210018400656	0.0104314448313151	0.0103006855872018	0.00792931747261434	0.00791233236426233	0.00760611307794337	0.0073384657654631	0.00537693148492286	0.00808028709905975
72053	55-59	2	0.0144218719828679	0.0145896964736072	0.0135390777438891	0.0149849108052314	0.0110574038114032	0.0131545418043722	0.0120677014201536	0.0102924675735281	0.0103232479050303
72053	60-64	2	0.0181106325360777	0.0179927283806771	0.019033112621342	0.0195664397198907	0.0184038946251107	0.0191081397629242	0.0156172809254611	0.0148903808831486	0.0145407510781116
72053	65-69	2	0.0270630708889167	0.0229360479956069	0.0295783428967531	0.0236112843463747	0.022709649743802	0.0278855628270488	0.0194013428307755	0.0192924317703811	0.0209208066288479
72053	70-74	2	0.0447757131694712	0.0420299586149918	0.0468436255814887	0.0373250596203587	0.0403651686668305	0.0307983282771017	0.0258654352399123	0.0251157499195075	0.0260741501250762
72053	75-79	2	0.0502636671424621	0.0558491261056522	0.0661584185662027	0.0611537878639492	0.0535213658190267	0.0456431126207792	0.0436082286896151	0.0379475082779672	0.0416002645307492
72053	80-84	2	0.122074397962943	0.100545226455337	0.10077973480805	0.100315935910815	0.0785858960200897	0.0894766824597283	0.06938390736956	0.0522370111174217	0.0693968563639841
72053	85+	2	0.184492976120216	0.218448638469606	0.157646585694413	0.177145974819688	0.152964564173697	0.146779733527717	0.154570243764433	0.134780354850894	0.116947106119494
72054	0-4	2	0.0042064694449854	0.00405590599526897	0.00380321389317289	0.00393877944814409	0.00294219604114025	0.00302408560050905	0.00251269093513469	0.00221393994364791	0.00233329449898457
72054	5-9	2	0.00022683817075616	0.000232845236830841	0.000241331496448335	0.000246239167011807	0.000197338502457879	0.0001865308657943	0.000170206989928345	0.000155566080122524	0.000161614405500736
72054	10-14	2	0.000276888634461038	0.000298416363925484	0.000309145833059693	0.000285726948586782	0.000240999752044824	0.000227291431782245	0.000207220302769315	0.000190069896027532	0.000197599959393866
72054	15-19	2	0.000919796394774838	0.000936017804390829	0.000962396452211108	0.00117485815093999	0.000914377586668183	0.000714735307784644	0.000686581148697177	0.000633939747443009	0.000633783401254749
72054	20-24	2	0.00165117199357369	0.00159725530173868	0.00193318060609953	0.00175266359561585	0.00162539535460458	0.00131758356587172	0.00133050848712905	0.00124898624754809	0.0014797700738478
72054	25-29	2	0.00235126761430422	0.002180487416035	0.00240391539767129	0.00225729426585162	0.00201605235862981	0.00184980421489663	0.00217773652972273	0.00177380972724368	0.00160973510071674
72054	30-34	2	0.00248642548880608	0.00253503122965063	0.00318314349231402	0.00289061333450195	0.0020935104781311	0.00207922894947582	0.00202459276628085	0.00193966084543643	0.00190323287554364
72054	35-39	2	0.00364809649571625	0.00334661896988749	0.00380055414821587	0.00405508297379438	0.00252222102815633	0.00247934841530936	0.00249639689289157	0.00240264592663851	0.00268366646249633
72054	40-44	2	0.00429704424258585	0.0040531546122886	0.00488053574380471	0.00458107600159239	0.00392455813349925	0.00305155967415669	0.00251678582409813	0.00298715104766979	0.00347805712245646
72054	45-49	2	0.00655998305591549	0.00707145598753228	0.00549762901873253	0.00630491165403528	0.00475840507054485	0.00443300764072528	0.00375928732532104	0.0033973421752386	0.00423098775305514
72054	50-54	2	0.00873628712676751	0.0117080991969819	0.00861740421577349	0.00793625866069178	0.0065462533947577	0.00635229215448618	0.00649683259321355	0.00658677032422733	0.00621959930003933
72054	55-59	2	0.0120079591328346	0.0145285518667916	0.0126766252652618	0.0129839371160511	0.0076607111038821	0.00781615710659547	0.00870779161203831	0.00855597384739271	0.00801112656376969
72054	60-64	2	0.0189882395447242	0.0169900094702335	0.0175651599941798	0.0183058014490953	0.0177273038218104	0.014987324838697	0.0138553935289185	0.0104026886405366	0.0106658090079683
72054	65-69	2	0.0259142268823371	0.0243601878055406	0.0292028030262503	0.026731963153498	0.0244160009177042	0.0229338181131073	0.0165235411901531	0.0164309344579693	0.0165392472145526
72054	70-74	2	0.0402338012878832	0.050002103220196	0.049118506777971	0.0424129945290936	0.0343942305376757	0.033946331349251	0.0225445655304915	0.0212588318126793	0.0244555601419049
72054	75-79	2	0.0578394818149166	0.0524872270090505	0.0637431418210823	0.047899730588452	0.0567870409020115	0.0457498074170844	0.0373447954738074	0.0400492152002471	0.0394795863272038
72054	80-84	2	0.105058325084463	0.10380863475316	0.116187064064103	0.091124502003848	0.0768197565439101	0.0847887981522738	0.0659280599618574	0.0739975428155689	0.0572410305876725
72054	85+	2	0.238877114714355	0.194746048054161	0.184967258495774	0.199483960179243	0.174387176541319	0.182956495341578	0.161389291603791	0.155820626956016	0.150749639547287
72055	0-4	2	0.00441124512703915	0.00463923011862679	0.00435459331179364	0.00407670816398309	0.00328992709448147	0.00384906951170692	0.00274424401609636	0.0025402497613305	0.00312430471840457
72055	5-9	2	0.000288025586095497	0.000256268742449994	0.000266584943975181	0.000287675723870562	0.000245236719777559	0.000211123827833952	0.000194405496668014	0.00017886683903508	0.00018674573577257
72055	10-14	2	0.000332206073811878	0.000307469246159999	0.000350645480737673	0.000363368631352922	0.000269846808537527	0.000269752949742389	0.000261554978915429	0.000218214337956405	0.000227848758679122
72055	15-19	2	0.001016938256547	0.000974482932419921	0.00117144030907397	0.00111249351265888	0.000985965500742694	0.00083973300365293	0.000793116354116393	0.00078545345576015	0.000832385129519916
72055	20-24	2	0.0024674199389617	0.00208873708675853	0.00222480233720262	0.00209556424758414	0.00159239726062257	0.00203491289714936	0.00168626785042998	0.00131217853392135	0.00127047420012111
72055	25-29	2	0.0025728921424668	0.00320858435663141	0.00304899913415684	0.00351220727206828	0.00244245466733004	0.00237422137551943	0.00211926197087738	0.00165700068808773	0.00247437422672263
72055	30-34	2	0.00258240683754109	0.00325755014916656	0.00373965405534446	0.00333848102936797	0.00264121570980969	0.00227764533296146	0.00217050088699219	0.00213491377328965	0.00218208188433012
72055	35-39	2	0.0044374649221321	0.00376703857309413	0.00583969408024423	0.00465769452921707	0.00427787095381254	0.00289659033500656	0.00251982840809757	0.00346930847943586	0.00294988672836293
72055	40-44	2	0.00446616927650866	0.00618844940052498	0.00590708030507426	0.00608931574477518	0.00363597378867898	0.00411306135887041	0.00305617783726947	0.00358225749670726	0.00418452955046324
72055	45-49	2	0.00587377605891878	0.00733566597019235	0.00677556976460323	0.00716560606215895	0.00583777863077822	0.00563156063164604	0.00482306416039261	0.00524601340634701	0.00511760912776694
72055	50-54	2	0.00835923700683058	0.00928400655708161	0.0105558290689852	0.00925204605824623	0.00699762957583046	0.00877541835357377	0.00757309463861245	0.00750340350802588	0.00809981091599431
72055	55-59	2	0.0164082686044377	0.0136372750603997	0.0134971695072175	0.0136546439156743	0.0146277183427133	0.0125475519652029	0.0114638406992355	0.0104550171104846	0.0096226817462435
72055	60-64	2	0.0211850819711805	0.0181004525724612	0.0226871636750476	0.0221242780739803	0.0177664875691012	0.0162072654112679	0.0133151070729394	0.0132048675742211	0.0144582442213798
72055	65-69	2	0.0285210057846365	0.0266942956488089	0.0304716304077396	0.0252785184985653	0.0195656512224791	0.0221821251285827	0.0194611174512517	0.0203516280598568	0.0225840846841682
72055	70-74	2	0.0457048904982262	0.042267012607976	0.0455428776494742	0.0404448416085819	0.0412643743565983	0.0366495354200424	0.0305040234273457	0.030534678647014	0.0289533440041672
72055	75-79	2	0.0701137601171181	0.0770285536972828	0.0624983270084235	0.0689138428233017	0.0496037715424362	0.0485978245367823	0.0508767463824877	0.0531746484529286	0.0388937843844556
72055	80-84	2	0.0884893061911176	0.0973452450362723	0.0934458532047247	0.115059764202708	0.100366345148842	0.10274980625391	0.0674609892316313	0.0634344332020605	0.0857118342576378
72055	85+	2	0.191480375769476	0.199718892415546	0.195072229871387	0.181888113513153	0.174390671054122	0.149600869357418	0.166782051065599	0.188368586102097	0.157337583763988
72057	0-4	2	0.00445947067310397	0.00469504101115422	0.00470330440890317	0.0032322335048966	0.00277768467450319	0.00326864774768206	0.00218898745782518	0.00222469657790894	0.00255963613448688
72057	5-9	2	0.000240455271777107	0.000226164526094993	0.000270387347215577	0.000266288424920772	0.000219242241556654	0.000189969133660393	0.000184806606264635	0.000171776807552611	0.00018121720515694
72057	10-14	2	0.000421021269177851	0.000336200723588072	0.000335392856088976	0.00031734513971947	0.000274499448901236	0.000237556902271965	0.000210291812810605	0.000207173395281623	0.000208393615566656
72057	15-19	2	0.000858350856906476	0.00107000595583394	0.00122218178349925	0.00116287902678952	0.00102828223040712	0.000917711546053171	0.000962935095175801	0.000784042676038982	0.000825988372879457
72057	20-24	2	0.00191890020814316	0.00171282523010884	0.00219658176117268	0.00227507613985531	0.00233854862421189	0.00173974912059204	0.0018191748302093	0.00125514428812106	0.00181153743791139
72057	25-29	2	0.00224719333127439	0.00216814903006279	0.00256950287415233	0.00272425291463635	0.00207841119919851	0.00190362972320502	0.00228837219766815	0.00206075460900753	0.00255865784615599
72057	30-34	2	0.0024289853884528	0.00354204643475273	0.00342044417234764	0.00331422859376111	0.00227852785321666	0.00240399470972525	0.00207887432278677	0.00228694672706247	0.00254904359860115
72057	35-39	2	0.00321799105842002	0.00440027626588432	0.00556543281029133	0.0045139488749779	0.00329939692421089	0.0027819730476349	0.0023374834951134	0.0028743656094056	0.00402617579330256
72057	40-44	2	0.00473616977437473	0.00483950127916407	0.00518530202285793	0.00657943168368403	0.00495823418936145	0.00429475144980391	0.00280970540653249	0.00343146417976144	0.00326129779392752
72057	45-49	2	0.00601226033223331	0.00581842392539368	0.00830228062094643	0.00706798927006914	0.00586033453233626	0.00478161540373545	0.00428809939339758	0.00324869911543987	0.00464659109460397
72057	50-54	2	0.0103012574636577	0.0115334222505003	0.0082966020789674	0.00988524993083638	0.0079886915637583	0.0081833197679148	0.00636824202921323	0.00706520293152118	0.00659012140839778
72057	55-59	2	0.0139071690385052	0.0136948341300543	0.0151514217386453	0.0133651676212787	0.0133569170105	0.00941043211657795	0.0107816171632267	0.00878875000391569	0.00990402253946025
72057	60-64	2	0.0222919899114053	0.0226512723355435	0.0193875826281412	0.0192956343661253	0.0178961231948652	0.0168329480336682	0.014499348637451	0.0127867062173994	0.0132029020427518
72057	65-69	2	0.0326903688441426	0.0317409680599577	0.0314758233894705	0.0257015453162882	0.0250485205348648	0.0232342233559595	0.0199177609141788	0.018430725811381	0.0192645933327025
72057	70-74	2	0.0504057058533162	0.0484728513985291	0.04513990987635	0.0429045460112565	0.0408597553744621	0.0362695336933674	0.0283682820608701	0.0268368015261912	0.027714903891559
72057	75-79	2	0.0564658016541975	0.0573989669519104	0.0570991503223532	0.0551430198249607	0.0517508575926246	0.0419852731196128	0.0435384020366308	0.039419975950936	0.0402501461895413
72057	80-84	2	0.0934766343222955	0.113015187123473	0.0810080488255183	0.112582456467143	0.103487912073346	0.0856735359527678	0.0712609544397897	0.0628487777840248	0.0726794051816023
72057	85+	2	0.17231590122717	0.150940149452179	0.197564350279995	0.179639404736563	0.171298427206645	0.162594890822692	0.151324836986858	0.147292551105807	0.147730274945197
72059	0-4	2	0.00467039577516461	0.00429570927156656	0.00350844261650259	0.00356727326404917	0.00283733244158479	0.0026162672233699	0.00278706447244614	0.00252955615138464	0.00272416723373418
72059	5-9	2	0.00023678353833582	0.000231516806269151	0.000240176519183937	0.000235929269767387	0.000201533268012175	0.000201371348658872	0.000175691592458451	0.000161297335724674	0.000168746911829585
72059	10-14	2	0.000286487080370285	0.000307502101416151	0.000303662930536076	0.00031337969164589	0.00025633072486838	0.000269692614307942	0.000213650501266318	0.00019661515103893	0.000205676073545389
72059	15-19	2	0.00106001027648376	0.0010034740746563	0.000911978490129522	0.000964230858505026	0.00088663917963155	0.00102663214620773	0.000784126990512439	0.000664814357648825	0.000705026935622875
72059	20-24	2	0.00166538641822907	0.0019810882223187	0.00216473861960178	0.00167477312054479	0.00170458007016712	0.00183432377903177	0.00133402087653228	0.00152867747296873	0.00138971752774396
72059	25-29	2	0.00254801589677569	0.00189092248797729	0.00216906152116098	0.00199977977206052	0.00203911838436069	0.00219705885965377	0.0015047656300633	0.00204432371358457	0.00174521327054029
72059	30-34	2	0.00242892880920005	0.0029510243523327	0.00314250294951403	0.00323261182881327	0.00252498745105263	0.00242772365993472	0.0018897552795319	0.00237718312500443	0.00255915893735646
72059	35-39	2	0.00298075417780595	0.00315699682269986	0.00422863489841931	0.00315464142845828	0.00282275209604245	0.0030182175408222	0.0021507588245191	0.00284336337324115	0.0029559980208702
72059	40-44	2	0.00339853532037675	0.00387785835041021	0.00496075421108127	0.00489175764815283	0.0039680899651785	0.00328746516110998	0.00326593970721537	0.00249013059371475	0.00381892170269194
72059	45-49	2	0.00551046637471936	0.00585530383622221	0.00532219336884499	0.00640989893364171	0.00471372440763268	0.00518086402786642	0.00516058711652094	0.0045262073467734	0.00436300926088355
72059	50-54	2	0.00673653307399878	0.00923391775766405	0.00806598056513788	0.0085989101653279	0.00880502311220393	0.00712803078883664	0.0052377596023405	0.00538580133289412	0.00627203964093126
72059	55-59	2	0.0124187510807548	0.0115105530213274	0.0112850844223824	0.0114400560377946	0.0106572050332759	0.0108326924325663	0.00942296981855867	0.00884607552746253	0.00927324613834287
72059	60-64	2	0.0170332644508329	0.0232423836310999	0.0214384317236968	0.0182212079031805	0.01765721893064	0.0161633023974587	0.0146750522534066	0.0151818361825577	0.013619678432378
72059	65-69	2	0.0242853123259391	0.0317958516618674	0.024089642497098	0.0225389258513479	0.021530768607193	0.0233172838958379	0.0241409132139908	0.0180988416920199	0.0152367830749197
72059	70-74	2	0.039523371764021	0.0389416516251794	0.0412279972473217	0.0427160348059413	0.0351457920444703	0.0324720077898208	0.0249252536356508	0.0256671977882039	0.0317864450892792
72059	75-79	2	0.0614354373677531	0.0742587251074836	0.0574961938913493	0.0600830120461768	0.0467920657971687	0.046712083387442	0.035396022083909	0.0494911735623917	0.0476411398578421
72059	80-84	2	0.102040579690445	0.101379228290448	0.093897656031806	0.108244762493574	0.092803758156287	0.0904603646981127	0.0816862381056814	0.0611192860981021	0.0725933328024311
72059	85+	2	0.16275163580819	0.181506110885992	0.154631504756979	0.158402574559605	0.156907702703137	0.200850912618126	0.175837260590988	0.152672960212571	0.150206964220722
72061	0-4	2	0.00337892981120429	0.00295878813176742	0.00297716125922766	0.00328095243268701	0.0026134311035358	0.0022249523392974	0.00209573957748206	0.00164397966898252	0.00199704690771963
72061	5-9	2	0.000226018364307934	0.000212232597577593	0.000229874689171106	0.000190368049067696	0.000180877687447207	0.000182735426642054	0.000149248231608175	0.000138787357316142	0.000146159482383811
72061	10-14	2	0.00024197052668335	0.000280210559438416	0.000258141347763287	0.000287917412615097	0.000232847262181122	0.00020614555123484	0.000168850154476597	0.00015803219877602	0.000182584026840143
72061	15-19	2	0.00089954671709132	0.00117616833898102	0.00127261115526291	0.00171449799299994	0.00125308965884246	0.00121575892072443	0.000839274318005051	0.000644408952269974	0.000692571644744651
72061	20-24	2	0.0016140056967509	0.00177087699248285	0.00273931447427178	0.00266021360654229	0.00258919558307167	0.00239403936921923	0.0023538267852623	0.00156307614868254	0.00141047422773303
72061	25-29	2	0.00245859268835849	0.00290790222740112	0.0034590001573284	0.00325862598374242	0.00274260534394556	0.00249082399320694	0.00230927595534622	0.00155731656551343	0.00197861776307236
72061	30-34	2	0.00220374935978643	0.00280342641793927	0.00435499181911909	0.0033428737826322	0.00227852499755594	0.00265213951117873	0.00253778630107963	0.00187476670044417	0.00231462135944829
72061	35-39	2	0.00243825483377242	0.00332565626406837	0.00517958642070443	0.00416465903060544	0.00272381499756143	0.00223741961259306	0.00221545776585782	0.00200814288945878	0.0031406604758101
72061	40-44	2	0.00335543154941713	0.00446470271041323	0.00507853332892723	0.00539123830194614	0.00391881781815622	0.0030878829419408	0.00292119801942025	0.0024454873058099	0.00283977627942551
72061	45-49	2	0.00401486701825001	0.0046931008537246	0.00656979288796706	0.00621178482039194	0.00412261977937814	0.00425292463090273	0.00345329165747914	0.00369071082209191	0.00477891107221958
72061	50-54	2	0.0080878397649311	0.0070663196177684	0.00734733022701551	0.00791932795649937	0.00670155770009386	0.00574453640730927	0.00566042529018365	0.00512613607173983	0.00499254145748817
72061	55-59	2	0.0104179922257143	0.00984356754362408	0.0103160844046917	0.00977860183950848	0.00898026536611693	0.00966814976962182	0.00720909149138017	0.00746794200355176	0.00778783249221024
72061	60-64	2	0.0194488305031766	0.0170348922223919	0.0138550656263902	0.0154344639646046	0.0126910951794142	0.0123893497111341	0.00907836800776585	0.00933736454003388	0.0102880935135073
72061	65-69	2	0.0235341725976497	0.023247490514752	0.0228422046951368	0.0210199492389622	0.0196314310350484	0.0164206574855001	0.0155984811791596	0.0154530270497425	0.0142434125509082
72061	70-74	2	0.0347217046095723	0.0306960686543385	0.0312229045988833	0.0343519800090196	0.0285223178211965	0.0255964247219068	0.0241868585920773	0.01992092967943	0.0238561471199457
72061	75-79	2	0.0526940112865303	0.0499377621541435	0.0492513096023846	0.0492776223253288	0.0438801296335027	0.0425237072957834	0.0324158789238271	0.03253543692455	0.0356856491741111
72061	80-84	2	0.0909093724150058	0.0841919184291412	0.0801413597081848	0.0779425074228834	0.0688693605186424	0.0696731751189218	0.0638520172221707	0.0511271613674252	0.0576781976241067
72061	85+	2	0.152008690403051	0.16113523156114	0.152159332864789	0.135635679387804	0.143501109986092	0.14425657192999	0.14963660158296	0.14151495072572	0.13142531931355
72063	0-4	2	0.00363446397818829	0.00381006580745036	0.00322610144774038	0.00281577690274668	0.00251547448809481	0.00258111398060763	0.00221759364942044	0.00169535834561819	0.00188918823227886
72063	5-9	2	0.000228039844451244	0.000222231383579291	0.000218912167285563	0.000244689413696345	0.000179551804106471	0.000205661918715974	0.000155739228067279	0.000151165831244883	0.00015093304684211
72063	10-14	2	0.000250067002626518	0.000280455783267156	0.000289819373430272	0.000324585811873398	0.000239483954144007	0.000204518847244458	0.000197289122292211	0.00019254029194864	0.000182726355817423
72063	15-19	2	0.000924839161286396	0.000794353384875211	0.00128224827724446	0.00114736085629597	0.000961194902131923	0.000799855391595178	0.000800242686802569	0.00065234993220627	0.000666971361182344
72063	20-24	2	0.00132681143300561	0.00191942911167849	0.00207174793086012	0.00203599105472392	0.00224842196388349	0.00194026892415464	0.00221211133406506	0.00139453531702453	0.00139006733039195
72063	25-29	2	0.0024541843942981	0.00256901426114837	0.00284079645032377	0.00212908688114462	0.00219218990853106	0.00282300442247465	0.00251305207050905	0.00196403977127506	0.00175394200150192
72063	30-34	2	0.00213137301387639	0.00273532432112951	0.00316049636029866	0.0032077322033368	0.00237992767956373	0.0024334756404845	0.00232909602828656	0.00195936682238655	0.00213863329199873
72063	35-39	2	0.00367042840352632	0.00354300099056875	0.0046986949633562	0.00420579662300699	0.00293734600727401	0.0031834552472539	0.00186901405049998	0.00237739491399574	0.00276597329220044
72063	40-44	2	0.0043638443280518	0.00394738780907565	0.00511647802900396	0.00332755714514765	0.00328441857817768	0.00281446150883162	0.00331838244675318	0.00280908222474819	0.00266134863935593
72063	45-49	2	0.00550606922850166	0.00560606462675224	0.00572622321396512	0.00487106355420985	0.00523177686821456	0.00481277528396327	0.00350525918864	0.00356609008417196	0.0040707602544083
72063	50-54	2	0.00724545101463453	0.00829521489996055	0.00915241894254338	0.00765700448023186	0.00691719747325178	0.00513252066870564	0.00583968583359872	0.00444485155199756	0.00609804471236216
72063	55-59	2	0.0122404079898619	0.00997441809438278	0.0112799622054732	0.0119684265261936	0.00847399823690713	0.00922312282241358	0.00709528026666789	0.0082570223979389	0.00731002891058522
72063	60-64	2	0.0187948756307809	0.0188228637224342	0.0206216476856773	0.0191647961158265	0.0129346240158604	0.0135480744913302	0.0120254785762958	0.0106161159498305	0.0113503646566875
72063	65-69	2	0.0234534637236937	0.0317068711631702	0.0266418308507805	0.0226045192067757	0.0234328645983161	0.0171954360592453	0.0171948709803835	0.0167631810663575	0.0135314420077388
72063	70-74	2	0.036116902920736	0.0387370469805831	0.0438572649480584	0.0354296311403341	0.0323819363607501	0.0286113542008837	0.0262220299839756	0.0253870141386252	0.0244239540918833
72063	75-79	2	0.0606217184333193	0.0508301277657555	0.060363214258759	0.0614142778813073	0.0511449851151079	0.0459958779861986	0.0434676852972029	0.0355319794424638	0.0376484831026706
72063	80-84	2	0.102092198679401	0.084310878933297	0.0929899736773032	0.075515128655368	0.0809298997201266	0.0619251035602206	0.0709467159163483	0.0589815627834206	0.0577477429732452
72063	85+	2	0.165889364565214	0.183315329739898	0.152536914055634	0.15335902273089	0.134612291386148	0.145856982458772	0.143948194480865	0.132084470331462	0.120507579017077
72065	0-4	2	0.00336523416917639	0.00345735497790463	0.0036768889012353	0.00286210690526065	0.00220100745252833	0.00220808894004691	0.00213539933148002	0.00162402505221058	0.00190597555364905
72065	5-9	2	0.00020857717918938	0.000203607434349659	0.000231904595924502	0.000236779118323198	0.000183231366117526	0.000165625362724466	0.000152134626617574	0.000146795594699681	0.000146464053017035
72065	10-14	2	0.000273586931195104	0.000255504655084551	0.000252351721543701	0.000283267158178732	0.000210104090086407	0.000240961574410234	0.000192677600902142	0.000178453440139059	0.000177074999279372
72065	15-19	2	0.000919799099338527	0.000906903775542896	0.000899529225858896	0.000815385372005621	0.000803847757692894	0.000672195908771324	0.000679719938951059	0.000545793433138835	0.000554053437754913
72065	20-24	2	0.00152961853601574	0.00150557025666393	0.00171996280571184	0.00145338292317019	0.00131320280998209	0.00136705665659841	0.00119673569880298	0.00102551280983047	0.00143985051637534
72065	25-29	2	0.00189568529908848	0.00228481970483217	0.00200225005764754	0.00224234054503369	0.00159620468820172	0.00142333900427584	0.00137843586766708	0.00146405883256839	0.00179594440523398
72065	30-34	2	0.00280577274590573	0.00240509492285784	0.00284073987695416	0.00292472927289961	0.00231718585524492	0.00182325872817743	0.00157157500120612	0.00160576605336003	0.00175149090664131
72065	35-39	2	0.00279707620749194	0.00375233555415187	0.00354754633505486	0.0032197655099397	0.00284570191515666	0.00239152142304847	0.00223896515331961	0.00199961287403634	0.00228540924808431
72065	40-44	2	0.00492349459566645	0.00495681899076575	0.00379805146822051	0.00391482766444684	0.00318790538194628	0.00300562579395667	0.00274902439847541	0.0031276556299959	0.00301432969876643
72065	45-49	2	0.0062155818243776	0.00507167181931767	0.00545785571957193	0.00604068243233377	0.00557318088793021	0.00414184946375549	0.00464622390370804	0.00284699301012852	0.00314401372899143
72065	50-54	2	0.00791289392569914	0.0067582745576215	0.00934067676218311	0.00903530700203276	0.00649891058722236	0.00779920932939639	0.00560233976853634	0.00600295614698302	0.00475342077704354
72065	55-59	2	0.01390310919352	0.0118360757198343	0.0114417674253368	0.0115241961527599	0.0104609799784597	0.010169923865257	0.00883602629885336	0.00673354303759687	0.00784327889660616
72065	60-64	2	0.0165813871693021	0.0186821541678554	0.0171656019845405	0.0164131061088338	0.0134130198427873	0.0145050443165898	0.0106806746919088	0.0101095825293389	0.0121886386495126
72065	65-69	2	0.0234787628719107	0.0329050976810284	0.0268392360669194	0.024900080553657	0.0211847794619977	0.0212943135027227	0.0154953629388655	0.0164130405969406	0.0163754932907804
72065	70-74	2	0.0394467428137475	0.0401136024628289	0.0377522808418607	0.0363754557039723	0.0354379780700033	0.0296700971255161	0.0238439281565204	0.0224092371640272	0.0259045895910617
72065	75-79	2	0.0504833137070813	0.0502209695900174	0.0593304302132275	0.0629836490472549	0.0532773772314183	0.051338481391236	0.0422985803613022	0.0334536674301235	0.0338441945170217
72065	80-84	2	0.0933789998550475	0.075657095743145	0.0804761942460374	0.0861602713015188	0.0914670322144642	0.0726936985325038	0.0700652500096602	0.0528867794680474	0.0583188772354714
72065	85+	2	0.192719058895903	0.173827986876955	0.163663002829353	0.165438938894426	0.165029607807741	0.167132697817943	0.162438737513472	0.132473238667514	0.127317335914311
72067	0-4	2	0.00362237985534521	0.00299214998663803	0.00329629782989749	0.00311765632346213	0.00250069792683498	0.00285832059113163	0.00303127494319894	0.00231097678582608	0.00213313726948204
72067	5-9	2	0.000205083846160363	0.000200697343237445	0.000208453324732106	0.000213836489336717	0.000190664813011763	0.00016244281312063	0.000156806594686604	0.000135829710909834	0.000141176131946925
72067	10-14	2	0.000288834464903103	0.000282762487610649	0.000266118284413181	0.000247707441235966	0.000221190720802349	0.000198086594048022	0.000181330080842219	0.000165795307891943	0.000172470548976636
72067	15-19	2	0.000801396816649177	0.000852220159212881	0.000768696087480003	0.000794557063049091	0.000656379270436477	0.000622289159501596	0.00057134931971187	0.000523326829548352	0.000549451063557626
72067	20-24	2	0.00143826048761438	0.00150917307867615	0.00160347844687962	0.00169764725264638	0.00129548741208901	0.00119507569272236	0.00122885653938241	0.00103701444191462	0.00101585373636937
72067	25-29	2	0.0018382327896579	0.00164429162366236	0.00198833768889295	0.00175530412984015	0.00187966301973006	0.00159353623595638	0.00132302005772073	0.00148781213860783	0.00139267391836358
72067	30-34	2	0.00212047222990077	0.00300682233058034	0.00241677221288698	0.00230686832376886	0.00192028667854267	0.00208113264794369	0.00197296031098486	0.00159878024142801	0.00182597961728296
72067	35-39	2	0.00253385531436373	0.00302173194351745	0.00286256760006451	0.0027840297052272	0.00241667113532343	0.00227777612991322	0.0023189353603986	0.00196541912723229	0.0019237424874464
72067	40-44	2	0.00333241036902153	0.00377607954113116	0.00361628476203039	0.00333245753222262	0.00339775293142447	0.00329607383738982	0.00261315656651898	0.00285116652100312	0.00280763310003655
72067	45-49	2	0.00456093643990026	0.00488459826589788	0.0051172908543099	0.00470254383487257	0.0038899674713979	0.0037001963899021	0.00423246791570824	0.0040189940625126	0.00376644969342448
72067	50-54	2	0.00686947189056832	0.00758757436940886	0.00711741244875678	0.00713598277029334	0.00739391803992237	0.00720196472408805	0.00672736581329831	0.00457556378302836	0.00547000612532332
72067	55-59	2	0.0126813905514081	0.00927512702906922	0.0105153068519108	0.00888726562851328	0.00939535577739644	0.00825075211598833	0.00893644119669844	0.00743902528636933	0.00655215560078457
72067	60-64	2	0.0163772479255364	0.0146995210712555	0.0148324574076255	0.0139898375661724	0.0121645753372287	0.0109226913544276	0.0117643676245493	0.0108229591528491	0.0121673072900781
72067	65-69	2	0.0214817987134062	0.0276818819631542	0.0229158276381221	0.0199056075123305	0.0219614798873469	0.0161718740809275	0.016193869771912	0.0134988010432882	0.0199944876198285
72067	70-74	2	0.0366217829097885	0.0397431464800285	0.0377642122421816	0.0342110382918992	0.0311206422172231	0.0279907453262162	0.0242007196052214	0.0220787238902024	0.0224752873736044
72067	75-79	2	0.0451946593390837	0.056559133719755	0.0506543182623325	0.0578439024786226	0.0454697945266881	0.0400457556671322	0.0435775162050103	0.039876329693923	0.0329337380563645
72067	80-84	2	0.0908157603238757	0.0812642138250935	0.0873185844719002	0.0929410853167755	0.0756441696329743	0.0748732086917315	0.0583801957700858	0.0585633590832233	0.0542502568193662
72067	85+	2	0.161620439290845	0.113711515958101	0.140676278781493	0.116686013185432	0.125607731856469	0.124646838144074	0.114240877270588	0.105640459497533	0.122188667483059
72069	0-4	2	0.00375469235266845	0.00407005766768624	0.00350116367236919	0.00291613880119656	0.00296761848375816	0.00260369963677741	0.00231167920820083	0.00204146050098783	0.00266139917040482
72069	5-9	2	0.000229038589105262	0.000255663256135189	0.000221941339319127	0.000228017066467919	0.000197148652055891	0.000198141104231332	0.000167316854135954	0.000171162094752016	0.00018829202347408
72069	10-14	2	0.000370710381191805	0.000287226130370696	0.00028383234308298	0.000281905870769226	0.00024624306685949	0.000247536384152257	0.000200147471343436	0.000196145134906386	0.000205341187477302
72069	15-19	2	0.00112168480024713	0.00105897924078799	0.00116426409402116	0.00109818267852944	0.000784183060354962	0.000851269435917159	0.000887893742528354	0.000727414225033427	0.00075613950884391
72069	20-24	2	0.00205080207919881	0.00195394125569794	0.00195861752659326	0.00198177917269769	0.00189623971100283	0.00231658330104839	0.00213578143775569	0.00162289884852945	0.00148836623164849
72069	25-29	2	0.00263695636389227	0.00241162100998237	0.00323884283514378	0.00263805429430104	0.00222421977718169	0.00257970912456554	0.00296781927366939	0.00255474027509201	0.00155085454973421
72069	30-34	2	0.00309138011513336	0.00358449382721315	0.00408360957927309	0.00362378332303636	0.00256162976656149	0.00274224062533033	0.00221875713016921	0.00249445180166072	0.00299966012490084
72069	35-39	2	0.00367641980962379	0.00401818830128604	0.00392298833950937	0.00342275304879111	0.00317701877129034	0.00340275341123406	0.00307330493656902	0.00230780909836317	0.00358188055623315
72069	40-44	2	0.00325315280902528	0.00400758127828255	0.00675380441124323	0.00583413883431709	0.00380318169677551	0.00451081058596067	0.00291926197387887	0.00318174550167774	0.00416019665136286
72069	45-49	2	0.00612429774321693	0.00580439614695521	0.00744012127837454	0.00614187226117093	0.0054713831851182	0.00541600172520456	0.00338961830869184	0.00460490548035396	0.00416271448996706
72069	50-54	2	0.0085974212753566	0.00952885982585648	0.00973442996675614	0.00865463612152847	0.00818603234329816	0.00747771807933024	0.0073954621107635	0.00622203843729684	0.00567771012365313
72069	55-59	2	0.01376682861389	0.0122995308678346	0.0119032162227583	0.0127426009676728	0.0109132034376826	0.0111480989780454	0.0103008607577773	0.00934572150873906	0.00931563543547012
72069	60-64	2	0.0185883877361699	0.0197656381493917	0.0193746486250061	0.0177145376009657	0.0162934848311654	0.0136539483884703	0.0126417616068287	0.0122134300748396	0.0101188167804768
72069	65-69	2	0.0268628543016182	0.0315322473938193	0.026769024189461	0.023093738825984	0.0217130697285764	0.0204264653250733	0.0171073509095909	0.0184047465856892	0.0159007766818701
72069	70-74	2	0.0441540472920154	0.0416836933083067	0.0460697727021812	0.0408212652548112	0.0329648565628852	0.0293786922184602	0.0250188686972579	0.0239295577250578	0.0219507010264352
72069	75-79	2	0.0617764855817694	0.0625469321633906	0.0645550453078892	0.0554021987943892	0.0547298814919678	0.0444468064006693	0.0382680528980756	0.0370714417421503	0.030223872208939
72069	80-84	2	0.100699587083026	0.0799882272274235	0.0897788521044956	0.0884327199959129	0.0719690898643944	0.0731217604208724	0.0722273843060336	0.0541915618991222	0.0585692027323072
72069	85+	2	0.191296785802972	0.130113939688068	0.145599384861948	0.174351044176051	0.157631797875666	0.171235109223628	0.145003288835869	0.136233169530907	0.0976164044435037
72071	0-4	2	0.00400091766317015	0.00329806239825735	0.0034854883098454	0.00316951664050111	0.0023207687206677	0.00205392244865987	0.00241937819731681	0.00190004403804571	0.00188791588790413
72071	5-9	2	0.000235489461293803	0.000231888440505998	0.000264658472111472	0.000224845646423114	0.000202073745166335	0.000174342976901992	0.000160880083279689	0.000148383280845112	0.000155358277779971
72071	10-14	2	0.000244314060348098	0.000286843716410284	0.000326534692654099	0.000269984166123376	0.000255856589897058	0.000253973176140153	0.000193526785204883	0.00018768975582917	0.00018661376716912
72071	15-19	2	0.000947133254350752	0.000909213009081742	0.000943955251149143	0.00107915215168643	0.000809988217993045	0.000744188570532337	0.000646579938292117	0.000590796904166945	0.000594893650572774
72071	20-24	2	0.0019966178597324	0.00176698909373333	0.00177024255847942	0.00174313560903305	0.00174337978446947	0.00135171104934705	0.00141324814679108	0.00131322437489122	0.00102113048520409
72071	25-29	2	0.00196997507894446	0.00222305494833816	0.0019550533853928	0.00219967045638743	0.00193147461213022	0.00173047236484716	0.00200018708201939	0.00143092387327635	0.00154613783650578
72071	30-34	2	0.00246437809530177	0.00325449982918135	0.00271191065271101	0.00266510772538981	0.00238484527056887	0.0024773848977395	0.00201210487587677	0.00230394389655841	0.00182037262991781
72071	35-39	2	0.00293271111443971	0.00431038863827876	0.00308463222804924	0.00277342951402534	0.00294391690815933	0.00176025980096779	0.00237938505800602	0.00253900371074443	0.00293618496173365
72071	40-44	2	0.00451220175537885	0.00475484439814934	0.00413486224416965	0.00455821426839665	0.00353676323792899	0.00322521422814447	0.0028991419334556	0.00265321979959909	0.00317596460116993
72071	45-49	2	0.0062335742896926	0.00523344445528608	0.00686160267711678	0.00520974532370617	0.00545472616197187	0.00427467878264846	0.00336418377219027	0.00331914012486227	0.00382201067082891
72071	50-54	2	0.00866366813121341	0.00833985437547246	0.00763893030817613	0.00894004446908533	0.0075482260206709	0.00743125623672101	0.00616652066598049	0.00642513185179458	0.00677775467810566
72071	55-59	2	0.0133332518261998	0.010655898361618	0.0135595178557373	0.0131672608102148	0.00981763948390652	0.00981081687249233	0.010319250546517	0.00790695921723091	0.00707791573348428
72071	60-64	2	0.0166656393898403	0.0201733028113574	0.0205677183933925	0.0190093581167117	0.0153083253665851	0.015833966167285	0.0138153487427738	0.01095016360567	0.00991176604734746
72071	65-69	2	0.0206851773048016	0.0250321885713061	0.0283079436765534	0.0246071206550979	0.0247218094801831	0.0187750623267529	0.0178153104358073	0.0200810703242377	0.0169489031533548
72071	70-74	2	0.0390319875431369	0.0421448127446371	0.0416940606475587	0.0378611789156749	0.0339380710624854	0.0328394802089516	0.0270540340191428	0.0254597173862976	0.0236324439597576
72071	75-79	2	0.038915284618406	0.0595973170220712	0.0579208256442435	0.0635625806906718	0.0576498402587609	0.0511807088945684	0.0447039166086961	0.0326981824201043	0.0398506202486992
72071	80-84	2	0.0889248992720547	0.0898181476251582	0.081219330157314	0.0976274827998483	0.0918664528995781	0.0795079949035194	0.0706980484960198	0.060285489090064	0.060521028883821
72071	85+	2	0.184871236155436	0.174703239743581	0.180769192568189	0.171024640478025	0.141018455223055	0.152970374179435	0.134148385010035	0.126869607583638	0.129729303415471
72073	0-4	2	0.00375602692179705	0.00412565245250404	0.00391985195555796	0.00432226624192947	0.00272376136870667	0.00283759017316056	0.00243051814948614	0.0020808718754767	0.00198609657960043
72073	5-9	2	0.000222636692381599	0.000217036305152529	0.000236790066389622	0.000219882517828296	0.000186412228787717	0.000176645478175003	0.000179226258840489	0.000147693271958065	0.000153643844507268
72073	10-14	2	0.000268963131413857	0.000275114702104491	0.000271748631078629	0.000307220660452151	0.00022559703883422	0.000213888833320616	0.000196725045564117	0.000180441331626697	0.000187592904716061
72073	15-19	2	0.000883940260934872	0.000907995076654302	0.000858022630214835	0.000868551391850576	0.000783124266730666	0.000681753014273533	0.000694770795325258	0.000594885407972031	0.000625428549421122
72073	20-24	2	0.001693449063848	0.00159233697055315	0.00162482584023251	0.00175073961942956	0.00128109122457355	0.00146497190971976	0.00120783133540699	0.00119362419585174	0.00110289325753413
72073	25-29	2	0.00192166367274355	0.00195648004257163	0.00253526386217121	0.00185862604403887	0.00174832657735183	0.00159172989719679	0.00179703411432358	0.00149745262374506	0.00170348691395024
72073	30-34	2	0.0026602267994138	0.0021525960043567	0.00254796460161935	0.00281072583962418	0.00229415748161419	0.00209554787171986	0.00188425374850465	0.00168502279091274	0.00209439083650807
72073	35-39	2	0.00356243393041112	0.00273973340792825	0.00318426635640134	0.00333507167034325	0.00264823673898077	0.00289940952369118	0.00221716715425456	0.00198080627251247	0.00230947239239817
72073	40-44	2	0.0040970153672898	0.00363533748333301	0.00382195250940776	0.00426448406051202	0.00292637946879906	0.00364396475938485	0.00293581904366226	0.00303055464210796	0.00313594435654066
72073	45-49	2	0.00465276647692066	0.00615920130182988	0.00554366105616018	0.00466882719850151	0.00389278998639893	0.00447280588751565	0.00403354502196069	0.00329661680886883	0.00424920148116466
72073	50-54	2	0.00798793993776903	0.00888022667068304	0.00846154604650581	0.00945245635469224	0.00588738721126328	0.00758780986246738	0.00585857836288077	0.00563348399420506	0.00528015047231995
72073	55-59	2	0.0144641410366693	0.0116610770852025	0.0131274270348879	0.0120430699604052	0.00934795751378779	0.00872460044852828	0.0078055733245338	0.00881676450444839	0.00889643354954354
72073	60-64	2	0.0154855389510029	0.0198807631717846	0.0198880466246993	0.0187707141246649	0.0155000365477255	0.0147805256412939	0.0115161969410892	0.0110829509404711	0.0114507180347739
72073	65-69	2	0.0289429336929568	0.0245475355509091	0.026781391409621	0.0196573286882286	0.0242694545050838	0.0154172085648339	0.0178922810333566	0.0139576050402099	0.0155349774668414
72073	70-74	2	0.0423943415915618	0.0433273424267804	0.0435663868074002	0.0402699861391672	0.0447705462960236	0.0279559865854459	0.0257352224744194	0.0250308834714946	0.020796829195109
72073	75-79	2	0.0558699586102009	0.0740600629016368	0.064722008082432	0.0486498506593175	0.049980830935452	0.0480245908283182	0.0376347222455102	0.0345164338144845	0.0287574139116094
72073	80-84	2	0.102063436329931	0.0949301094730437	0.111834203673304	0.107215228208006	0.0990330761864321	0.0719665671507258	0.0736268897493829	0.0631576323163845	0.052027563575826
72073	85+	2	0.190080173328275	0.21685366075906	0.182638450399119	0.176325006478592	0.139270704178963	0.136504381853175	0.140026190713138	0.120351499992879	0.134878315696586
72075	0-4	2	0.00527968131822207	0.00354713584056818	0.00418221531945301	0.00312702847133443	0.00241178963921778	0.00270493174447375	0.00220755507822537	0.00227454879154854	0.00247950156461571
72075	5-9	2	0.000245952510909964	0.000211847274668848	0.000288882932443576	0.000215052932026037	0.000212835142053409	0.000185728505032163	0.00016419505142409	0.000158716638940834	0.000158455366460142
72075	10-14	2	0.000375676859210207	0.000324855761175271	0.000296479804728762	0.00034783019592928	0.000265678326712606	0.000231495995520503	0.000206473978450091	0.000201422305638594	0.000210914506899974
72075	15-19	2	0.000867066740045604	0.00103096993142253	0.000911594807194748	0.00104928780727821	0.00106291041706789	0.00112207305705192	0.000974605917047329	0.000590558869206968	0.00057763521146308
72075	20-24	2	0.00147224826326449	0.0019641659531987	0.00143973818450294	0.00253841455036356	0.00230945730800247	0.00230696319110964	0.00201511889152521	0.00118383058972567	0.0013998672645798
72075	25-29	2	0.00226780349561003	0.00256184981719442	0.00237625554700311	0.00305926161203051	0.00268933259238563	0.00261655184515984	0.00213915395600141	0.00154856747567397	0.00232661788353803
72075	30-34	2	0.00233398456132385	0.00264242749914326	0.00361930960561488	0.00259554180823034	0.00219675421702498	0.00265069360707477	0.00274239264732191	0.00217937137266051	0.00252815104774787
72075	35-39	2	0.00307227735447458	0.00491499845951812	0.00524163489861899	0.00340816513798734	0.00292868337575093	0.00260576179396155	0.00220039609540068	0.00238581154178947	0.00278074472373769
72075	40-44	2	0.00371117567185604	0.00451992915950417	0.00444952954418826	0.00509990257742553	0.00381421585594806	0.00381343507446061	0.00293203037456487	0.00320028655603383	0.00283500774376905
72075	45-49	2	0.00560814483739745	0.00443864112614615	0.00585591543636629	0.00650093008266939	0.00579259438169916	0.00410108276049903	0.00449786349497348	0.00399837426691775	0.00400053826969358
72075	50-54	2	0.00758801550845512	0.00868267326056999	0.00954309403785242	0.0087014061226157	0.00667275612412292	0.00793659842467826	0.00524240983806118	0.00532520164653674	0.00525592472698036
72075	55-59	2	0.0134360826196319	0.012150789334913	0.0119113491479889	0.010143924793898	0.00990414014401094	0.00903465838647195	0.00848731002621731	0.00863573549915821	0.00816784021532014
72075	60-64	2	0.0194661668308754	0.0184731575011057	0.0160732514140334	0.0183525897963738	0.0166846845103361	0.0147636349829849	0.0141614139846604	0.0122671423662597	0.0122409410378651
72075	65-69	2	0.0252599653017797	0.0270877209616054	0.027032439215597	0.03035028041905	0.0249119418808213	0.017612745316957	0.0169322336924416	0.0163143387576914	0.0163207502761319
72075	70-74	2	0.0491230276152345	0.0521322066754933	0.042357031735225	0.0374192364947559	0.0365778516608699	0.0335577024937375	0.0281668200922859	0.0195598781489343	0.0264244866510418
72075	75-79	2	0.0554118500719845	0.0685576023541897	0.059588811201144	0.0702975731782804	0.0634903339989626	0.0495537348692776	0.042808035305107	0.040290611917182	0.0404080218855689
72075	80-84	2	0.105234925771408	0.0884458409306192	0.105373698115377	0.109708345888706	0.0874072849150011	0.0680106818372778	0.0710522922217385	0.0687848477530786	0.0643885695627986
72075	85+	2	0.180551719953511	0.160901294076172	0.170970861777158	0.145066142950718	0.170840570932633	0.13262665334659	0.135181432742503	0.117320274197757	0.115645535078079
72077	0-4	2	0.00385507666345703	0.00412623525235708	0.0032660208124728	0.0034324452687947	0.00269138291822554	0.0026967945524776	0.00241838617676364	0.00205165111466046	0.00223034698473103
72077	5-9	2	0.000275228993644325	0.000255676710444223	0.000264326643967698	0.000269629567072071	0.000208920587667321	0.000198336580769317	0.000182474974042807	0.000159819346825317	0.000184882102256243
72077	10-14	2	0.000316030411340287	0.000336001508318261	0.000301944646123778	0.000309664849578271	0.000252475064832856	0.000238580971577428	0.000241656760000026	0.000202993005320616	0.00020229798406179
72077	15-19	2	0.000992757600529167	0.000949688886567686	0.00120300843816856	0.00105972493804789	0.00108816036409661	0.000887272814412907	0.00100087542491516	0.000721962378896389	0.000591440768488544
72077	20-24	2	0.00178478786513629	0.00213311608239806	0.00223596077513599	0.0025955665354491	0.00217695103055904	0.00264980324550998	0.00216951228485538	0.00146995148703156	0.00126862345896428
72077	25-29	2	0.00267901785424279	0.0023929428365457	0.00386814357870623	0.0022440473771814	0.00256206167828357	0.00261234607088078	0.00301185064781378	0.00225731563400271	0.00199909100316836
72077	30-34	2	0.00317279473772268	0.00345899798586538	0.0041437392518284	0.00366137911748571	0.00247621716891178	0.00299448804201895	0.00233687957504841	0.00203100506565418	0.001878960613026
72077	35-39	2	0.00311216144120008	0.00481172457749587	0.00495564484983431	0.00453662324589428	0.00309919305990792	0.00288101016438647	0.00245966680765631	0.00277200089364161	0.00316714662682778
72077	40-44	2	0.00568583151223729	0.00489968681421958	0.00722580334510399	0.00505812688657235	0.00408947496340263	0.00377118124046096	0.00326512312086139	0.0027882610867336	0.00379283704401576
72077	45-49	2	0.00620152893843089	0.00712450184370981	0.00548168344051041	0.00631048108167647	0.00538334203131086	0.00529850819587846	0.0043412293687667	0.00473103169042325	0.00480299605839377
72077	50-54	2	0.00828919441279703	0.0082170883277256	0.00965426646049078	0.00983731242286202	0.00761382380450096	0.00904450383676266	0.00872160994771448	0.00508851731523027	0.00662682987716248
72077	55-59	2	0.014401525413169	0.0172042289011721	0.0146335511336274	0.0135515599084608	0.00971198004840099	0.0105561431715866	0.00852626346016348	0.00908895335286842	0.00865560745783729
72077	60-64	2	0.0196593990764794	0.0176624311586248	0.016408135380585	0.0149049306503075	0.0169242152693809	0.0145335573646702	0.0137138448795986	0.00860120171343617	0.0154888013586976
72077	65-69	2	0.0269406457672905	0.0300316009006452	0.0261589048922626	0.0289477658961683	0.0239120671673123	0.0228377369099638	0.0185032545689826	0.0168817226443951	0.0191892079956717
72077	70-74	2	0.043578156445319	0.042079376254109	0.0447627136397884	0.0390645041574814	0.0269246056420058	0.0317562929577357	0.0280323658174383	0.0242953135564079	0.0263064658214456
72077	75-79	2	0.0570812761897665	0.0577274775071881	0.0559441846606094	0.056538631806692	0.0508736569462169	0.0519376313677314	0.0467470443390854	0.0394953613035701	0.0393524826061833
72077	80-84	2	0.0956798686676369	0.10252672490258	0.102067293447858	0.102904685418082	0.0964388043977427	0.0813063632187801	0.076427622804738	0.059371453429964	0.0589227144470509
72077	85+	2	0.188937648925461	0.191242350906477	0.198095568345214	0.180945921383229	0.167229417445314	0.150190599407781	0.143031054923841	0.132397220284043	0.122401806064281
72079	0-4	2	0.00325343381241524	0.00333151163514293	0.0036937125789203	0.00315000466542605	0.0034218706057589	0.00261280720741925	0.00276719467668455	0.00171464188746504	0.00198162310071327
72079	5-9	2	0.000230606886338177	0.000214648265783272	0.00024577381908894	0.000239065646691134	0.000184407203394156	0.000175399147065831	0.000161296933055179	0.000147407063199922	0.000153692346954109
72079	10-14	2	0.000266483142990779	0.000329681266340396	0.000269174848564362	0.000290790202640614	0.000236343091545239	0.000223643357279469	0.000195623035345436	0.00018000059496151	0.00018712545475628
72079	15-19	2	0.000818422912118198	0.000822601081723437	0.00103849889879868	0.000948062956536658	0.000729183260610618	0.000630423545203006	0.000587605581808465	0.000575762651019998	0.000638434573787988
72079	20-24	2	0.00154751466657265	0.00168042966047246	0.00163832240248184	0.00158152554039572	0.00137141228732672	0.0013835294087269	0.00124420774026378	0.00113449291968114	0.00140240443504218
72079	25-29	2	0.00201463692851886	0.00183755677830644	0.00232732093535241	0.00226177768392634	0.00153717932380925	0.00143490943398019	0.00150182948969363	0.00141627790424302	0.0012892074007807
72079	30-34	2	0.00226265076761455	0.00262222152722251	0.00271109580871923	0.00252834829915933	0.0020190976153341	0.00196999264451064	0.00167605980604898	0.00180827712976492	0.00163702277614222
72079	35-39	2	0.00368970580649953	0.00293237101745836	0.00330426127927965	0.00282241644054132	0.00340086286036125	0.00228905935587349	0.00249354346955924	0.00205409351756745	0.00288995380041163
72079	40-44	2	0.00363050578349576	0.0039810059895528	0.00540155020985081	0.00377048196052498	0.00343250733265481	0.00308926058676191	0.00304117754728672	0.00263655968362099	0.00342724383615263
72079	45-49	2	0.00534910150421078	0.00571335856362648	0.00549187422174168	0.00625336007506372	0.00430762279021527	0.00401675309029707	0.00421541049942638	0.00433237759257879	0.00368077450179568
72079	50-54	2	0.00677706700633175	0.00737819403578442	0.0090318907713378	0.0091231622719855	0.00611430822031654	0.00661997233284571	0.00662249248814728	0.00506511072918875	0.00531144506090837
72079	55-59	2	0.0109370228731019	0.0136561483746501	0.0112824127916188	0.0142688481419011	0.00955120913991577	0.0102051698737175	0.0110401809148607	0.00781389730824892	0.00772045234529011
72079	60-64	2	0.0202244273750563	0.0208080484203438	0.0182312138024443	0.0151806664620323	0.0146267082655537	0.0147709502584723	0.0140480578112335	0.0137780418063316	0.0122581017991081
72079	65-69	2	0.0238680908332354	0.0239409265809012	0.0203936396742596	0.0191164270172954	0.0207373439293756	0.0207807674213422	0.0208225896651299	0.0171934853572658	0.0164075976629758
72079	70-74	2	0.0431123634577469	0.0400012692863985	0.0402056210768038	0.0405032175434319	0.034735443930467	0.0241610393472255	0.026171412180072	0.0259121525274273	0.0253237724640988
72079	75-79	2	0.0614541954108833	0.0499196546681019	0.0480712201286504	0.0540392299400116	0.0511048534844595	0.0515880366913263	0.0403116422695352	0.0382572480018612	0.0390572998033823
72079	80-84	2	0.106465185340336	0.088367384606549	0.101357221512276	0.0959291258077702	0.084841706164035	0.0763122543739965	0.0634508027149198	0.053499965101006	0.0608692386327728
72079	85+	2	0.177562107100799	0.153634381789514	0.169271710487916	0.187754259565386	0.16704905552304	0.164019969180931	0.147054087623247	0.127277256564015	0.104823096061643
72081	0-4	2	0.00368718833227226	0.0027901173223399	0.00396097583903552	0.00293250862332177	0.00251849678838359	0.00209315023110078	0.00224902234006767	0.00213885806765524	0.00221438583886526
72081	5-9	2	0.000215990117341277	0.000200388055565781	0.000228857518941277	0.000222726510725302	0.000173023709943021	0.000164844807689786	0.000159977474886843	0.000139421109246513	0.000145375143873313
72081	10-14	2	0.000234338537104105	0.000288640987536845	0.00026045280638913	0.000279624197525633	0.000252874166595877	0.00021983691867375	0.000193419971918117	0.000169544307558972	0.000176383910463611
72081	15-19	2	0.000880443392071309	0.000981547061388514	0.000900819815316357	0.000972298651184416	0.000797141676941514	0.000655962907735456	0.000598349708726214	0.000564509006844121	0.000568009084385827
72081	20-24	2	0.00179388578703529	0.00190959808203325	0.00155654410752961	0.00134025560394625	0.00135645392965759	0.00139018511228448	0.00141536591389395	0.00101048492368051	0.00101091861236959
72081	25-29	2	0.00198970187189071	0.00224850712154123	0.00196382123661746	0.00196150948171926	0.00151320342513154	0.00145230603540486	0.00146087699767803	0.00128775770370717	0.00159776485897917
72081	30-34	2	0.00241906733744969	0.00263287666631996	0.00246320614964924	0.00236322025609635	0.00198165628314631	0.00174179096484537	0.00165538204560713	0.00139350513959839	0.00205541283531981
72081	35-39	2	0.00367992650467431	0.00292361334985824	0.00397985607612316	0.00287921247263483	0.00250757679107276	0.00245038048173411	0.00182011160044306	0.00218423540903555	0.00186902559088442
72081	40-44	2	0.00352501943448139	0.00435054675095339	0.00483569559460427	0.00356529449372906	0.00326686098944477	0.00238366494134189	0.00273113695162072	0.0031459710486905	0.00302504048496124
72081	45-49	2	0.0063215019828079	0.00485130762528356	0.00569316398094785	0.00568161878528564	0.00375033243659922	0.00413226221363282	0.00358725624221967	0.00334153601103138	0.00320336818127779
72081	50-54	2	0.00794940454123361	0.00729487030826958	0.00838487354895493	0.00720559038869888	0.00610188308250751	0.00564555194890497	0.00512341460420214	0.00658073679598692	0.00753352202564746
72081	55-59	2	0.0114685355166216	0.0121975952471863	0.0106239689138396	0.0121215155523273	0.00927458122391384	0.00850710960587061	0.00610233345516182	0.00677183654648256	0.0080279024707761
72081	60-64	2	0.0158940278049573	0.0193029658023618	0.019035934920151	0.0180336930247304	0.0123857415809467	0.0121335868612685	0.0115254638158434	0.00961823672793568	0.00846632560668791
72081	65-69	2	0.0292998539724695	0.027897698668265	0.0271103096414161	0.0238964295126113	0.0195538297706501	0.0228896400705983	0.0183940214892543	0.0182191390212166	0.0139850392200415
72081	70-74	2	0.0432151363573731	0.0418210786339197	0.0432248055938052	0.0344318907533891	0.0356450269101513	0.0294262190266592	0.0248037880219415	0.0273222993415979	0.0233784740483848
72081	75-79	2	0.062427907069578	0.0614432570043206	0.0581994649497056	0.0476724718852532	0.0524177523015136	0.0484391528479328	0.0333478375188271	0.038288901410841	0.0379892875188435
72081	80-84	2	0.0969097835186942	0.0822266790385867	0.0730873144083252	0.0713264234705607	0.080323343987372	0.0791908060895632	0.0655203221177263	0.0563257233461294	0.0527734292279961
72081	85+	2	0.192762406645289	0.159705265226942	0.146309660935038	0.159613796024253	0.151635210526406	0.15059088467918	0.121681277262859	0.110784614742833	0.106741435341266
72083	0-4	2	0.00417421763131634	0.00344193886847032	0.00367190224251738	0.00296946815120217	0.0025606162052793	0.00240665552624015	0.00246427238085135	0.00199395087382958	0.00185614797499291
72083	5-9	2	0.000204822832201978	0.000199958404582543	0.000207381974254482	0.000202233391810132	0.000171246084671704	0.00016173297088444	0.000147460360086049	0.000134409201559859	0.000154752642429089
72083	10-14	2	0.000237406756975834	0.000243378342204902	0.000265229274485478	0.000246305514412792	0.000219929130892392	0.000197741757860868	0.000180529511565651	0.000164821288574206	0.000170812108114629
72083	15-19	2	0.000818401770337827	0.000766940973113254	0.00083297756614524	0.000810266973235322	0.000694095107995559	0.000692195282778479	0.000579207671703743	0.000534385932614315	0.000555500630395732
72083	20-24	2	0.0014782130108782	0.00152171738482346	0.00156108890233054	0.00149491501111084	0.00116585173092689	0.00117260683941578	0.0010379220574284	0.0010698116041488	0.00141715627462407
72083	25-29	2	0.00169717747602167	0.00188460200867473	0.00201168079821997	0.00186122957908798	0.00146609190773463	0.00146366401243792	0.00143267066328054	0.0013274750503682	0.00132781901055657
72083	30-34	2	0.00214997556213267	0.00236443011414194	0.0023166367451061	0.00269039659187865	0.00181012395373144	0.00181452197917034	0.00160775844835751	0.0016764344236813	0.00165842690744119
72083	35-39	2	0.00319186837767376	0.00311062528225949	0.00357644816832745	0.0031284651905255	0.0025954428067196	0.00240184399581346	0.00196157206239986	0.00218679191030369	0.00191051347280334
72083	40-44	2	0.00327926077256511	0.00370678291920259	0.0041684420541973	0.00337333781909257	0.00305364176473547	0.00273566584818104	0.00257527292606759	0.00248790781833768	0.00261482082638576
72083	45-49	2	0.00427896244523487	0.00456593790525107	0.00474371595398524	0.00532645201684141	0.0039709705836647	0.00405908179382233	0.00326465875786628	0.00335934546127574	0.00329193549794904
72083	50-54	2	0.00677988460018213	0.00870985209064164	0.00628094954343605	0.00789075286213496	0.00616728306197255	0.00529914112857078	0.00487494148426479	0.00614050186268936	0.00482171886503445
72083	55-59	2	0.00925607810030194	0.00874258765230172	0.0108504245358431	0.0104985988622931	0.00921955783423625	0.00785171542274547	0.00677176965903689	0.00724458220060001	0.0089591080435908
72083	60-64	2	0.0171245170202063	0.0170513339446461	0.0167267941882476	0.0149981066585479	0.0130545117333046	0.0139498962391352	0.00890823945243893	0.00999380018949581	0.00915175664043438
72083	65-69	2	0.0197557020808554	0.0217316549140784	0.0224803576546154	0.0243207371486778	0.0177603611845846	0.0204878455538398	0.0167592595246543	0.0143364433371754	0.0158880247385963
72083	70-74	2	0.0371184314615258	0.0393360823577455	0.0338790617459828	0.0307939677218345	0.0345681295881628	0.0299177216180353	0.0271669465397475	0.0205278989425636	0.0195125690939036
72083	75-79	2	0.05644630412269	0.0566283658033394	0.0588829832145519	0.050346390268376	0.0489121565712679	0.0373348601665208	0.0386443280409795	0.0324229548831536	0.0398287447576942
72083	80-84	2	0.0923021563615314	0.0907702113604698	0.0778506975974446	0.0847893443338826	0.0661359239058519	0.0683881386375059	0.0773076896958742	0.0564006318172018	0.048132566820042
72083	85+	2	0.122276320167906	0.146823454278726	0.133568075400449	0.201883913884807	0.185418282275323	0.172516071497339	0.127590281510959	0.139621751605047	0.134142841376887
72085	0-4	2	0.00412452840466446	0.00392704285324608	0.0029877388530858	0.00282607143595763	0.00233448297539812	0.00238244446767306	0.0024069596060501	0.0017079409022945	0.00210374911923844
72085	5-9	2	0.000203902293890886	0.00021856617675696	0.000274358140061391	0.000209646839842595	0.000196466938467022	0.000167914618049077	0.000154549971189088	0.000142251128174262	0.000149159563898453
72085	10-14	2	0.000272360553998833	0.000263314431022153	0.000298973972919461	0.000253057456291531	0.000226620862792374	0.000203562394514896	0.000206424207129489	0.00017254788744185	0.000180545972258416
72085	15-19	2	0.000966253302108422	0.000749722670022275	0.000857983060628415	0.00100700327960444	0.000643634782533079	0.000725015122531327	0.00083642304022833	0.000584832272107573	0.000589151023647454
72085	20-24	2	0.00154288905175939	0.00185179873343196	0.00244493166444007	0.00205729467228625	0.00196714514231263	0.00127760823298974	0.00230253194855647	0.00155163967046402	0.00131345482660614
72085	25-29	2	0.00231484405006713	0.00236845396982696	0.00270667745148792	0.001886439623901	0.00212791530232466	0.00164133704358338	0.00168340937878748	0.00169657115475837	0.00247354199182416
72085	30-34	2	0.00256439365921216	0.00288461505363807	0.00349435966563086	0.00249448955061053	0.00204152399042322	0.00207907687184539	0.00256036583208538	0.00193996055230059	0.0019277713429482
72085	35-39	2	0.00293990120450248	0.00300701514025198	0.00390641306466434	0.00364697346323106	0.00277249606343377	0.00298435360922869	0.00241433473637081	0.00199000092456193	0.00272000344237041
72085	40-44	2	0.00448174469804999	0.00357009410928422	0.00409216361685169	0.00442184427564052	0.0030344282325398	0.00316200904147695	0.0025874716281844	0.00233080187664595	0.00341068028568388
72085	45-49	2	0.00601243532007743	0.00486207776585741	0.00606412279249373	0.00469819496659784	0.00499706299212716	0.00400939244659134	0.00346529103115183	0.00371073773908687	0.00383260473042076
72085	50-54	2	0.00828870381856748	0.00706949061487028	0.0058137557210653	0.00680837566143382	0.00672263250817039	0.00550313906951711	0.00514696047025121	0.0048237501481954	0.00588133664721554
72085	55-59	2	0.0109078133323135	0.0111558971150088	0.0138104138759835	0.0105948849528698	0.0114355371571569	0.00771645033306733	0.00740064407026569	0.00958884161006837	0.00889371678976499
72085	60-64	2	0.0133261720735524	0.0212186139117059	0.0171589958411637	0.01936252119856	0.01577124777948	0.0115747560915561	0.0120482612450005	0.011728197154132	0.0118522355203574
72085	65-69	2	0.0230623337290608	0.0256077921080345	0.0253838983816503	0.0228128765970185	0.0181693622796367	0.0190254300021092	0.0210226354163211	0.0165393614588898	0.0162618194376604
72085	70-74	2	0.0356653209681376	0.0368568742954102	0.0438353644833485	0.0384851644233728	0.0303707394724785	0.0297238284696847	0.0286213810925115	0.0229982205227123	0.0224905281929775
72085	75-79	2	0.0447917911243947	0.0574938686190116	0.0498977345431279	0.0547245684483516	0.0566248231918033	0.0491185474866669	0.0365389502730931	0.0338014385470276	0.0347002201950123
72085	80-84	2	0.0998853354852815	0.0853546240416352	0.0900193033014204	0.0807217245159288	0.0686866992729127	0.0660021554831755	0.07022029637883	0.0594061824198301	0.055421664658335
72085	85+	2	0.160312456825786	0.192826027311091	0.140005951414535	0.134797047355552	0.136879590689718	0.153686730313567	0.145520542693721	0.138529458041967	0.112910448799997
72087	0-4	2	0.00561219092216156	0.00403098713490813	0.00468428482380862	0.00393891616903956	0.00308949146415558	0.00285181341009011	0.0025624973214232	0.00177826570676138	0.0022414294415359
72087	5-9	2	0.000257735600851949	0.000284886620906503	0.000321767198103128	0.00025034344271941	0.000215399801071154	0.000206788025350595	0.000181839161697855	0.00016651526181883	0.000175293107895143
72087	10-14	2	0.000310744196927706	0.000343135117244108	0.000307497059143028	0.000376014310161334	0.000296975269879248	0.000273446890772779	0.000243261924641769	0.000203211716015851	0.00023471640276875
72087	15-19	2	0.00105665437242445	0.00106426368233265	0.00148720426066037	0.00183457125978796	0.00269205693179523	0.00181318220368022	0.00143490950922707	0.000768662385310459	0.00107213540048007
72087	20-24	2	0.00206036680336578	0.00212978198690285	0.00229192377862155	0.00346587993695704	0.0034349504833945	0.00484626183785691	0.00305130124255407	0.00205450903482596	0.00205631667262721
72087	25-29	2	0.0024190467272354	0.00308446315362586	0.00376083903491752	0.00382784645020918	0.00372652134522919	0.00387581235278106	0.00302955738009606	0.00246063646795518	0.00261540075449267
72087	30-34	2	0.00293369105348088	0.00376919775627425	0.00442491318878346	0.00565227966156035	0.00431424549886409	0.00399403547042965	0.00294360151194363	0.0025508246801182	0.00257758304154681
72087	35-39	2	0.00387892682441967	0.00344080283303884	0.00479925397938616	0.00658640439995914	0.00463490544542913	0.00302187453413038	0.00461326021940117	0.00249692223266948	0.00301333038118292
72087	40-44	2	0.00474230382779356	0.00530496378964122	0.00562078581080015	0.00545699600553826	0.00484818731992237	0.00478248944109605	0.00485886566925306	0.0031440140382114	0.00372995152127483
72087	45-49	2	0.00792852341629286	0.00532301755116936	0.00862169347960887	0.00759240734778059	0.00638239875978804	0.00694138925883625	0.00560518518092304	0.00460727307707087	0.00442854968576244
72087	50-54	2	0.00788115387547096	0.00916813791766402	0.010578890518652	0.00848243426261704	0.00774279925771878	0.00777649746145524	0.00755699702410101	0.00619051902954005	0.00671496938560978
72087	55-59	2	0.0121073734157854	0.0154462138308863	0.0132637209171479	0.0126711354859243	0.0113129177795964	0.0110874203897317	0.00875104810569551	0.00733849649242791	0.00991261567031334
72087	60-64	2	0.0153400005714666	0.0192842142617568	0.017959935394544	0.0175556521046656	0.0149707995790678	0.0135640374067741	0.0121055673704212	0.0115129129184691	0.0128024852276134
72087	65-69	2	0.030016082684265	0.0226769434119108	0.0295825114727968	0.0253912010733175	0.0261262736862408	0.0179703192252395	0.0169543955938914	0.0155026239662047	0.0185267573102423
72087	70-74	2	0.0394339908295581	0.0421952503817111	0.04334332710692	0.042529456050253	0.0284565369007799	0.0349515957460528	0.0264904480666118	0.0260217031818004	0.0235378335671852
72087	75-79	2	0.0557791885892394	0.0623405959905807	0.0526924322511118	0.0541815124155057	0.048780816464533	0.0435767207099168	0.0391474907116742	0.0376698130622417	0.0442435069175065
72087	80-84	2	0.0779662774953861	0.0765094096206525	0.0872379488534378	0.0961826545571259	0.0954428779851307	0.0933055161321277	0.065913263150933	0.0594588352689897	0.0595048194196792
72087	85+	2	0.185417941451448	0.162951954939257	0.153371623411167	0.160014133152069	0.132299199324664	0.144621084523774	0.134408595042051	0.117224406248415	0.101803627929551
72089	0-4	2	0.00429672832024767	0.00406271420318727	0.00383792173360313	0.00379264282453508	0.00252045049168871	0.00298136531801741	0.00268754874776568	0.00197937198679949	0.00254957981655705
72089	5-9	2	0.000246682102439138	0.000280119467001773	0.000276748082476278	0.000257158155428353	0.000218359012840845	0.000197131217339486	0.000180657025084905	0.000164770884407456	0.000172126541434422
72089	10-14	2	0.00031413456468565	0.000337758567983389	0.000303296504524781	0.000345315615237953	0.000266467155651841	0.00025129928585751	0.000219264282782505	0.000200921939079159	0.000209757309296368
72089	15-19	2	0.000977802364046062	0.000979129280619133	0.0012858321435659	0.000998851625808406	0.000832929906951561	0.000821800949319738	0.000798583713361666	0.000715201691062174	0.00071994665241802
72089	20-24	2	0.00186478624524385	0.00213138068172849	0.0020566749040711	0.00186886455512251	0.00238651035691428	0.00197978063316032	0.00151154316460125	0.00147475116507622	0.00125080581452382
72089	25-29	2	0.00238804628463911	0.00213908250745599	0.00260633564064186	0.00289186516181666	0.00249566357192372	0.00253861693570557	0.00244652191008205	0.00151483499733816	0.00169733281165355
72089	30-34	2	0.0030318016754512	0.00325908117011964	0.00338557989003899	0.00324856784395119	0.00215265210904243	0.00217735916072175	0.00303345811868261	0.00218767963985184	0.00190485075631139
72089	35-39	2	0.00308802273976353	0.00457461180905143	0.00540726495393636	0.00451029878792265	0.00300432353306678	0.00405042819753606	0.00329979917052773	0.00261027432272212	0.00289989770051367
72089	40-44	2	0.00352989026995453	0.00476423198839835	0.00719052812566707	0.00498834096751282	0.0057735148123739	0.00360280715053055	0.0032872720234924	0.00313906768424539	0.00440673553841498
72089	45-49	2	0.00627364276768461	0.00626049287079329	0.00505974943623504	0.00855216101247099	0.00707779288711984	0.00442045448596975	0.00577024841477425	0.00374420139815681	0.00446633003249742
72089	50-54	2	0.0110781550859036	0.00831572404138323	0.011116034537985	0.0124173880718671	0.00888015564765904	0.00902680071394112	0.00711749074018848	0.0055515368475059	0.0058552490567666
72089	55-59	2	0.0110766164934837	0.0125589996301057	0.0135967778693202	0.0112126837128871	0.012458468406425	0.0109166976249676	0.0108592623170714	0.00774011648456661	0.00987574018880799
72089	60-64	2	0.0148960287190297	0.015823811012179	0.0228509606141261	0.0194376630859031	0.0160106331165378	0.0149821825880619	0.014175045997218	0.0119402131999444	0.0143970305005719
72089	65-69	2	0.0240210643616385	0.0235756132204764	0.0263746298691868	0.0312530395740875	0.0222904761589169	0.0207211123263015	0.0181446169318832	0.0147092536613386	0.0182001184124144
72089	70-74	2	0.0405866891371044	0.0478743465079416	0.0412290217930195	0.0474719930097943	0.0362490548125885	0.0283329779733257	0.0261945094843762	0.0235601684332207	0.0258228887929171
72089	75-79	2	0.0694233731025777	0.0615042023411775	0.0566061610208824	0.0602035541557752	0.0654358109511857	0.0518332216346103	0.0469768573471247	0.0369242750878569	0.0379151487479247
72089	80-84	2	0.0993550927237954	0.0914375891510575	0.0892450116497286	0.0894621838041458	0.0701019911335788	0.069884210109598	0.0630973310072615	0.0763156916770645	0.0615910099117487
72089	85+	2	0.205205822519882	0.158752188848997	0.165246700794707	0.18622462591474	0.17559649607727	0.173071368730982	0.145447625114232	0.100927637891783	0.105953115582648
72091	0-4	2	0.00489182584450698	0.00343656817721902	0.00370851550767511	0.00333809305986516	0.00280978232503936	0.00275505250692838	0.00224813761589391	0.0023451630898293	0.00214273085682976
72091	5-9	2	0.000240569664455392	0.000247072309438604	0.000256006504456039	0.000237927054712053	0.000223334987717379	0.000213093582808342	0.000179656081355142	0.000158032618230553	0.000165859249884483
72091	10-14	2	0.000318889563569609	0.000310524435281824	0.000320580308295306	0.000286049260540701	0.000244821500796587	0.000267414380248467	0.000215647188982197	0.000190896339028702	0.000210651376871234
72091	15-19	2	0.00097408504113782	0.000990383449287609	0.00116530475797564	0.00138694174214062	0.000820261885568793	0.000917569126521727	0.000868378446433604	0.000628014372330339	0.000732067142883885
72091	20-24	2	0.00192953622693536	0.00199424227169086	0.00221263643917421	0.0030151291789314	0.00161746945272625	0.00163290667701843	0.00202299787994616	0.00181356036354351	0.00176597452351977
72091	25-29	2	0.00232180142619555	0.00296326771854405	0.003293025365863	0.00254110719953763	0.00223756686639465	0.00220095363727052	0.00253804395565426	0.00209906603364534	0.00235647222529772
72091	30-34	2	0.00312024402887171	0.00367744647506141	0.00438038158064142	0.0040079444535416	0.00248801612395074	0.00258006052066829	0.0024937178776541	0.00264155486120834	0.00258930643752281
72091	35-39	2	0.00364179408773482	0.00453013754352466	0.00513046029876018	0.00414152350758664	0.00298641562454777	0.00288125743405537	0.00229012414970762	0.00300579966838269	0.00234476336237243
72091	40-44	2	0.00421888822702499	0.00670573579609047	0.00574157568582888	0.00500290890485685	0.00383115859693125	0.00343838207805876	0.00254953665346493	0.00258090978826132	0.00379059756694705
72091	45-49	2	0.00618241579915412	0.00797853467576822	0.00669995611135079	0.00722312302951752	0.00497599733979213	0.00535835103748492	0.00421675063703181	0.00379457336480426	0.00431338326446105
72091	50-54	2	0.0108539141680052	0.00836791259089979	0.00901462283727628	0.0087461260456538	0.00863781865938285	0.00720466351287024	0.00581988353120787	0.00431836055407599	0.00515782004519285
72091	55-59	2	0.0131071101790744	0.0136184671561458	0.0131702033701079	0.0118662446568249	0.0111974038333049	0.011694343881752	0.00940594290682171	0.00872378069896158	0.0073793869833759
72091	60-64	2	0.0254161590235681	0.0195905970290365	0.0201781176320692	0.0184362998310746	0.0166601815184385	0.0138723455945581	0.0141776942201585	0.0120957088243799	0.0130944491490799
72091	65-69	2	0.027781531535257	0.0252788948170092	0.025484300097764	0.0198529519796484	0.0237640486060005	0.018761567114033	0.0195104578003558	0.0166004091523929	0.01813439228952
72091	70-74	2	0.0436908218808077	0.0483104501968053	0.0458505822490486	0.0442835400698727	0.0381336268305293	0.0302799516504569	0.0282076617478657	0.0242598065862489	0.0271598975056729
72091	75-79	2	0.0580260842464206	0.0546734985591161	0.06274833554471	0.0504453743228137	0.0537826696423169	0.0443985620760476	0.0434877858459785	0.0437205948915538	0.0425899107250514
72091	80-84	2	0.0884546768803499	0.109939265010206	0.0846689528708728	0.104037785547047	0.072027253972697	0.0760577947467741	0.069344264752116	0.0588520969619805	0.0578962695560581
72091	85+	2	0.206078114492869	0.203194957059842	0.161502120133414	0.193252205166376	0.167307357868225	0.156951677072893	0.147050727645467	0.112789962389639	0.115748054672899
72093	0-4	2	0.0040365785393868	0.00324846228217836	0.00365806469911404	0.00352092796163084	0.00294247365457391	0.00301534698411841	0.00218741570969469	0.00139560164573579	0.00226456250666213
72093	5-9	2	0.000221479152891186	0.000215256850865446	0.000235984491401607	0.000230772718538313	0.000185215499171925	0.000174353568948958	0.000158901726789799	0.000144559048829905	0.00015049458214864
72093	10-14	2	0.000257248783701289	0.000276997385249001	0.00028854060637003	0.000282030603873986	0.00023849501535692	0.00021342182070399	0.000194993805299754	0.000177575726102144	0.000184570595895795
72093	15-19	2	0.000859897744667183	0.000842363973434614	0.000920066919362057	0.000938869474963462	0.000762530720645515	0.000688481034830228	0.000665617280809188	0.000580290293405767	0.000637750018315299
72093	20-24	2	0.00171069706824953	0.00167458812843327	0.00158213339124815	0.00169149337493808	0.0013773495161777	0.00131334301842033	0.0011589599730186	0.00118067042433528	0.0011155777606071
72093	25-29	2	0.00202302746239188	0.00198045040058863	0.00206430549136212	0.00202977712875323	0.00200124331440404	0.0016279653517312	0.00158359239181525	0.00141073941040971	0.00154609831433671
72093	30-34	2	0.00262202880134041	0.00223673925456888	0.00243817228976154	0.00250971710938255	0.00196393175566037	0.00185824859564632	0.00170868527661494	0.00158622607265248	0.00193416695178332
72093	35-39	2	0.00358469190922657	0.0030068697905012	0.00295576800271153	0.00346001686494584	0.00299017500391534	0.00259836218829733	0.00218847276272456	0.00194338970234456	0.00225709119144107
72093	40-44	2	0.00478762168418889	0.00398396365986558	0.00500713096607142	0.00398270271121873	0.00314768386434103	0.00297118419863793	0.0030508273174627	0.00315080286996558	0.00275597656173786
72093	45-49	2	0.00551825145323242	0.0047202688291531	0.00570973830036093	0.00560472907456079	0.00440490649538504	0.00384351683347835	0.00371159730233681	0.00364550722178286	0.0044618529843197
72093	50-54	2	0.00734833984019043	0.00806636884055843	0.00905111755632747	0.0076394511712624	0.00623153617513503	0.00610958446941464	0.00716330743213199	0.00508349342768399	0.00607716714123601
72093	55-59	2	0.0124438561212727	0.0126216198541914	0.011874382268672	0.0132465975129497	0.0106305608542592	0.00925892775785937	0.00825913796904915	0.00724711476229486	0.0104771673226328
72093	60-64	2	0.0178902521586071	0.0196934277187615	0.018572808561334	0.0185323890004005	0.0148556611390695	0.0137226182385116	0.0102300278131896	0.0102369547326365	0.0105646586564481
72093	65-69	2	0.027442316203218	0.0259274556011439	0.0236217444489434	0.0223702229555365	0.0185979172457367	0.0184383814997388	0.0134413400739617	0.0146719526563185	0.0150783278849637
72093	70-74	2	0.0419548116777049	0.0332104649059842	0.0424868221138124	0.0431360649801057	0.0332800779006834	0.0375620213614953	0.0285289085834676	0.0231310892796511	0.0238440859050068
72093	75-79	2	0.0601486649248036	0.0480826281071386	0.0556749962756765	0.0570503111825903	0.0455578228871255	0.0449912743939779	0.042761156313487	0.0422225807154588	0.0365404245316793
72093	80-84	2	0.101818502517124	0.0993136675366354	0.103681940185572	0.102052273459673	0.0664424490761269	0.0662983839351775	0.0550953990171158	0.0592724469006588	0.0483504390681991
72093	85+	2	0.180760361119548	0.158865726771543	0.151696033998448	0.154928274818315	0.14583576746506	0.121518923689847	0.139376107194915	0.129433254620839	0.136394139860438
72095	0-4	2	0.00452521730539002	0.0040039120424017	0.00383907263438383	0.00389179898083282	0.00317817060465714	0.00247738210644841	0.00277328051658314	0.0020683021207016	0.00226019405561508
72095	5-9	2	0.000229513310560966	0.000235416082484073	0.000232947336097244	0.000227819564729439	0.000192964359292143	0.000182620703812847	0.000167438215688807	0.000152214476053153	0.000159029563082174
72095	10-14	2	0.000292475047107772	0.00031478766476666	0.000282492900584707	0.000277183823136533	0.000247674267026395	0.000223107746824777	0.000204815828563001	0.000186363528747955	0.000194604301748743
72095	15-19	2	0.000953584812457166	0.000856957788007529	0.000895035468299235	0.00088879721017758	0.000769534872027933	0.000765518460379559	0.000781648965020283	0.000599552740192013	0.000626672874534919
72095	20-24	2	0.0019846567095384	0.0016204413441649	0.00181418648904186	0.00185324912197402	0.00160665099787676	0.00136033148363721	0.00138678765672539	0.00117971539424103	0.00124886758889358
72095	25-29	2	0.00244847921026603	0.00215318077018193	0.00248209967714363	0.00216025703991616	0.0018211658211052	0.00176348704929357	0.00159538809914016	0.00156176211989665	0.0020620752364014
72095	30-34	2	0.00244989476343239	0.00280301162261327	0.00364258452254759	0.00270801707747311	0.00216561149302099	0.00224450800844113	0.00186528616284805	0.00175328129185268	0.00243398751511862
72095	35-39	2	0.00288577095673515	0.00341858136291733	0.00448384897457657	0.00408396973642168	0.00272173863819483	0.00252181768659379	0.00246375472384087	0.00228972787561604	0.00328418992192143
72095	40-44	2	0.0041464533425466	0.00419711970596092	0.00437568586482682	0.0046306018374731	0.00323223356202858	0.00375296454790515	0.00378592922155189	0.00284413882199895	0.00284476190497342
72095	45-49	2	0.00542287993282635	0.00584296321651076	0.00703227772572775	0.00586136067874644	0.00473538570380545	0.00443365834606565	0.00432094552059993	0.00356502748740635	0.00374759923926105
72095	50-54	2	0.00737080122225994	0.00767476767202014	0.00759026040218755	0.00824427727828083	0.00760948849872144	0.006724779877662	0.00702464215431314	0.00530426132936518	0.00492049913646292
72095	55-59	2	0.0113677376256229	0.0093202356945002	0.010175978493259	0.00995324490932018	0.00907139038650426	0.0112284958922396	0.00842465045937905	0.00645338170122445	0.00781354172552278
72095	60-64	2	0.0201667859933865	0.0201983879592165	0.0166072171349008	0.0171487535068829	0.0130960220817107	0.0126350388411133	0.0140045895199619	0.00971566589938186	0.0101520493107794
72095	65-69	2	0.0257154123206504	0.0316719776735095	0.0231770044035593	0.0252548787354255	0.0226967080623339	0.0202533571282034	0.0183377068385336	0.0159865550075631	0.0256542631855476
72095	70-74	2	0.0408158729213833	0.0337822170072184	0.035887936414363	0.0398142251060126	0.0360861626973094	0.0351874598926293	0.0312019512891955	0.0239344834830654	0.0297425075803437
72095	75-79	2	0.050329433861072	0.0519269753166959	0.0474857550574422	0.0562831216990942	0.0451617537494412	0.0507453064413377	0.042356651519763	0.0409563391361333	0.0399987516942243
72095	80-84	2	0.110828022968504	0.0959439210086477	0.0987856644849734	0.108718766708127	0.0908505315576279	0.0795451922014422	0.078646999616974	0.0626135546914597	0.0624016760188357
72095	85+	2	0.174869538218683	0.179246485857314	0.173718091299983	0.130885636766489	0.162465417132475	0.13835746143344	0.138585009916712	0.171865172597354	0.128764135933892
72097	0-4	2	0.00499336044794105	0.00387844303645523	0.00351414214827586	0.00337816318195478	0.00254532056015571	0.00274613470654276	0.0018950681301139	0.00183198082448911	0.00251068968064893
72097	5-9	2	0.000275016149913602	0.000263934279796772	0.000244584205265909	0.000243143717466685	0.000195356766846982	0.000189546201432969	0.000186434991897013	0.000150037876957792	0.000158259501337229
72097	10-14	2	0.000273875849612181	0.000303001227274678	0.0002928989848522	0.000333385258302813	0.000263230681620117	0.00021483626754479	0.00019326678191852	0.000217655476170379	0.000198453251854449
72097	15-19	2	0.00103170594163595	0.00101586905937801	0.00094227097757254	0.00107047178123188	0.000685788373231589	0.000902917251658912	0.000911232778487732	0.000698213930800777	0.000713822927611999
72097	20-24	2	0.00150610054700135	0.00130761664500199	0.00153435456111581	0.0014754604280626	0.00112726310813061	0.00126089101524282	0.00133360447103338	0.0011325757020885	0.00125636490496024
72097	25-29	2	0.00226149652822977	0.00229146598003886	0.00271553012295043	0.00268272740506461	0.0019532323080562	0.00182016456386429	0.00158412038670248	0.0015735913034596	0.00207059350842417
72097	30-34	2	0.00237327677838672	0.00301134315583646	0.00421835734714206	0.00418299358272243	0.0029146089921826	0.00268749584841188	0.0024896819463602	0.00248924503914001	0.00275833424689396
72097	35-39	2	0.00371137446110383	0.00452003791421643	0.00516381394196552	0.00441463002810548	0.00319815328899866	0.00381381432169564	0.00331835726658995	0.00352269562780988	0.00283006953829983
72097	40-44	2	0.00427106462909505	0.00468469132278934	0.00634180673473523	0.00480833015531518	0.00492824280874583	0.00354826702855009	0.00383107034954709	0.00373373895714961	0.00447299482556729
72097	45-49	2	0.00685870806506709	0.00539873798683214	0.00786402441223939	0.00696319167357404	0.00606635852095257	0.0061329120892767	0.00479959268248626	0.00510812980959522	0.00575201710301818
72097	50-54	2	0.0103605126517158	0.00887733439092849	0.00723612075929881	0.00871267617565083	0.00842828107994863	0.00862537299298468	0.0075865886270616	0.00718989634961137	0.00703133366572247
72097	55-59	2	0.0120425790668022	0.0127474915786735	0.0109634386110574	0.0110557465268714	0.010797522532639	0.0107107423784814	0.0111608922490027	0.00918776223750337	0.010414675080421
72097	60-64	2	0.0189432287122022	0.0200661683496531	0.0195797014255476	0.0187550530288026	0.015209494598747	0.015054794669004	0.0140776556374319	0.012093613087629	0.0142175126555904
72097	65-69	2	0.0293086399739245	0.0290633053401046	0.0253117215372335	0.0279323552139929	0.0212643743827916	0.0197462695276008	0.0188985987219698	0.0178845625001029	0.0170952978545088
72097	70-74	2	0.0442701908048084	0.0449027740541456	0.0458894764674908	0.0375585200684646	0.0318128255444001	0.0329811888212344	0.0314934235844267	0.0233477176924072	0.0251049761757345
72097	75-79	2	0.0611856943255971	0.068275473170991	0.0566712150993913	0.0589520861464276	0.0541226724910654	0.0428351983760245	0.0437856314592958	0.0362635811795876	0.0344588774791371
72097	80-84	2	0.0956454523311867	0.0917265803204436	0.10175285553811	0.0961988156749957	0.0743082142965435	0.079429331519213	0.0755028881734003	0.0526849552151749	0.0572733540772556
72097	85+	2	0.176683526987779	0.170042447433226	0.154629498252989	0.162617113257253	0.158617541882306	0.156311972393278	0.140802715488551	0.114412971920125	0.110778691598922
72099	0-4	2	0.00397773789029504	0.0024531329544305	0.00335288455520185	0.00303751651761332	0.00269037406968426	0.00227078987056968	0.00210672603562136	0.00206365331454986	0.00178224702574705
72099	5-9	2	0.000196291851905957	0.000220357660895375	0.00022828147756256	0.000202732866500755	0.000173065180984244	0.000172162097622013	0.000151186735593157	0.000132468539366474	0.000138439086867949
72099	10-14	2	0.000257714721430365	0.000262158589918708	0.00023631944927379	0.000267161807827916	0.000240682010126485	0.000188402346694856	0.000173801179986028	0.000160482677957505	0.000176333785742396
72099	15-19	2	0.000857665625072136	0.000756143004150809	0.00084345750000691	0.000853076324786276	0.000592915943135854	0.000619582688755339	0.000580756086866516	0.000543417990033849	0.000573114969204718
72099	20-24	2	0.001710314847326	0.00143451156321888	0.00148014525411785	0.00148870803459401	0.00105892120243342	0.000971813740904081	0.00120816079108981	0.000958028876573464	0.00106340963327072
72099	25-29	2	0.00199521326544135	0.00199496697173537	0.00196808793131374	0.0018298145029739	0.00116171178792675	0.00142816881596929	0.00151234726058702	0.00123422545377764	0.00157987036206715
72099	30-34	2	0.00219998539531006	0.00216626487714592	0.00234661601697913	0.0019004081672437	0.00168043859050512	0.00168068939174526	0.00155328228534465	0.00175326123504551	0.00213066506730588
72099	35-39	2	0.00314858093163667	0.00279848182769225	0.00283967172066448	0.00249599885263502	0.00255059957694605	0.00218746836779102	0.00211957099782842	0.00174632809925026	0.00254710839387036
72099	40-44	2	0.00328979977529297	0.00347662721969006	0.00406178923508174	0.00390071248779147	0.00288949962557881	0.00278109215583089	0.00241455921705482	0.00234468298962635	0.00256305744200695
72099	45-49	2	0.00564143239890883	0.00436019019889061	0.00459508371163172	0.00515622025069178	0.00393416631484602	0.00384217335017583	0.00424771363978658	0.00282722460388966	0.00325124716480792
72099	50-54	2	0.00847262070603707	0.00682500203163021	0.00867698315627772	0.00840640450345781	0.0053253131814145	0.00488887790272478	0.00649027712392398	0.00515756000887087	0.00560319119864083
72099	55-59	2	0.00930188850173145	0.0112800035835283	0.00991017073547839	0.0105833818252911	0.00978548960212856	0.00794478984045732	0.00638539277050407	0.00678092682446692	0.00674734695567144
72099	60-64	2	0.0174612029753888	0.0165087437939152	0.0170859557312613	0.0140869922116956	0.0154482306074713	0.0125723893615921	0.0102762093231788	0.010256219715376	0.00947656698828051
72099	65-69	2	0.0275990107248897	0.0248194128718328	0.0231752404529136	0.0247873390551959	0.0215265731827102	0.0159695249620927	0.0173760247815866	0.0170326007969686	0.0120084750010062
72099	70-74	2	0.039551063872536	0.0408611767686921	0.0322089248730737	0.0351058518018726	0.0245054637533135	0.0280782661738516	0.0247203685787905	0.0201896262571726	0.0214039480577184
72099	75-79	2	0.0551320779772448	0.0538810177044021	0.0511259772907583	0.0521407697227361	0.0484306514950897	0.0390857979877712	0.0361711887802896	0.0377601548096312	0.0350313666833592
72099	80-84	2	0.106186319688892	0.0905758738036543	0.0825728112914171	0.0921919938943355	0.0809900574724951	0.0729587925581291	0.0631699932911554	0.066727239073899	0.0529983003863691
72099	85+	2	0.158024662597202	0.148401349255242	0.13918614191513	0.158967231669942	0.161218949766411	0.150568551190038	0.118288342860452	0.128415463810051	0.105900990131368
72101	0-4	2	0.00487267717541371	0.00318774992582743	0.00290080586368827	0.00285471038888704	0.00283423741468131	0.00217542299915284	0.00236083910842487	0.00211040033760524	0.00225649732000202
72101	5-9	2	0.000215747993701319	0.000209238138256474	0.000216047255728483	0.00022131878045985	0.000179859914905688	0.000162112225767586	0.000173497785986329	0.000137501007509253	0.000159355684374209
72101	10-14	2	0.000259775575640684	0.000253513898699872	0.00026175878836757	0.000254093400467868	0.000227120003151355	0.00019539324189061	0.000189590613078728	0.000165973632510072	0.000174287656391558
72101	15-19	2	0.000871853040130408	0.000860805420474588	0.000815712820716747	0.000926338515333009	0.000945271281240987	0.000619930740762618	0.000810991443655329	0.000601944288977486	0.000555561356999101
72101	20-24	2	0.00128174084313409	0.00144540894688421	0.00169518056695013	0.00159221118872173	0.00158159268099372	0.00129462166777317	0.00112089041881514	0.00109593403006786	0.00110783562870032
72101	25-29	2	0.00171706925642657	0.00207595856399733	0.00199415231053661	0.00213959368850372	0.00216248048164966	0.00166600594480439	0.0020485154710771	0.00155597369737702	0.00141720198558896
72101	30-34	2	0.00204678912323191	0.00293932602107568	0.00253424415369395	0.00238738735295403	0.00212875356260546	0.00211652534898854	0.00187088840645797	0.00158321694392678	0.00244692056020241
72101	35-39	2	0.00277824482932001	0.00309202741036428	0.0036550520750994	0.00404413734898248	0.00280869118182253	0.00225156152722225	0.00225184175933993	0.0021943551321015	0.00304427239715647
72101	40-44	2	0.00467539124044792	0.00328349575744146	0.00367329533630471	0.00373704024545719	0.00314196752751475	0.00300170543703604	0.0023903435373552	0.00212759212354446	0.00257333661555335
72101	45-49	2	0.00522922503148036	0.0072037395144007	0.00537425781068141	0.00544211343030439	0.00498217805171851	0.003857450521417	0.00384131561298144	0.00331512118526546	0.00319521152064324
72101	50-54	2	0.00683354895476728	0.00717784346509488	0.00643054690885645	0.00728118028924548	0.00670031243902407	0.00673365580261682	0.00461278054571563	0.004926653038657	0.00517988333566193
72101	55-59	2	0.0114832008491589	0.0106820358508415	0.0123177850327562	0.011693903861377	0.0115982389075829	0.00744913726836946	0.00671982111046754	0.00596535042825384	0.00740273903400116
72101	60-64	2	0.0178678265434335	0.0151825640543456	0.0161826666178984	0.0173532253580616	0.0121796928955527	0.0146150002938621	0.0103619652048092	0.0115171776169976	0.00971620537181858
72101	65-69	2	0.0229493926747212	0.0204879983452789	0.0232754121375466	0.0197998778069938	0.016496193351006	0.0195810870477794	0.0219875439510758	0.0143720165722479	0.0145219389054029
72101	70-74	2	0.0417103711723528	0.0362986257607658	0.0276895039021337	0.0390330777229302	0.0321259558737799	0.0318628829666261	0.024607170335556	0.022451429789699	0.0174401270699745
72101	75-79	2	0.0553522873003672	0.0585011757725922	0.0487616811641591	0.0548809454594502	0.0490455334467633	0.0415486563520116	0.0395656780401573	0.0385685926251533	0.0336862353520131
72101	80-84	2	0.0733109947900642	0.0875944027755802	0.0951454693500679	0.0987937999372059	0.077632409051807	0.0731740550671775	0.0640074535235289	0.069180075810354	0.0662641635635994
72101	85+	2	0.174473773147634	0.177860382654053	0.165072811080082	0.170832291500102	0.162616815266197	0.150609634198894	0.124060668406273	0.119875172615543	0.11370030877521
72103	0-4	2	0.003686228237754	0.00403312080616162	0.00397068329496137	0.00351645217443733	0.00339924418444026	0.00271496718116984	0.00227472106851635	0.00173019673107004	0.00230314449448958
72103	5-9	2	0.000315241533849914	0.000254354351316964	0.00025198403236303	0.000272291503618909	0.000220197084962313	0.000218225495898134	0.000180548889604433	0.000165956429992117	0.000174189834051795
72103	10-14	2	0.000380180419191222	0.000306074473216206	0.000333175833078834	0.000344256474160709	0.000266835912094486	0.000239858031452723	0.00023084072355516	0.000212392194342087	0.000211267828204464
72103	15-19	2	0.00111516329253924	0.00104361352481563	0.00141331174318138	0.00167944310885803	0.0010078604184432	0.00108332501474185	0.00105956955715991	0.000740186961143643	0.000851705143032064
72103	20-24	2	0.00182768555774695	0.00219263178424105	0.00227788404984789	0.00204212992871878	0.00143715801022154	0.00182926301721828	0.00148330937975023	0.00173208931657838	0.00172840962069781
72103	25-29	2	0.00209212896744645	0.0022903758887575	0.00248303753648703	0.00228082025261921	0.00229844028579346	0.00250916662421837	0.00228062792390168	0.00168450879051101	0.00181468562217606
72103	30-34	2	0.0028581869305172	0.00361255557956225	0.00389534741600468	0.00477328853461397	0.0026102115633947	0.00259688218838669	0.00218789840497105	0.00249973832901077	0.0023025039173846
72103	35-39	2	0.00368550532857087	0.00383196576211957	0.0030973539730869	0.0037308436682079	0.00351644396401332	0.00345060390382195	0.00312592302150374	0.00252756412388044	0.00318993906485518
72103	40-44	2	0.00493443761857936	0.00519118616541669	0.0061094027722227	0.00550892475337856	0.00431259381788006	0.00348886225955194	0.00302044967442701	0.00294349872444277	0.00300395068460605
72103	45-49	2	0.00743126111390832	0.00628128618395946	0.006828983137624	0.00703547002159832	0.00594363462932224	0.00480544033375185	0.00404383838412536	0.00408345345336038	0.00438303447250794
72103	50-54	2	0.00828606864527122	0.0104978170506693	0.0129058408619762	0.0102901972320081	0.00851219844533072	0.0080845251987523	0.0077372159785349	0.00586305295655178	0.00535771777231577
72103	55-59	2	0.0135361563153273	0.0150579577569456	0.0133452333033047	0.0141913602378486	0.013673518966567	0.0139915276458838	0.00936626604579371	0.0110937831429858	0.00755455792291147
72103	60-64	2	0.0236849310224195	0.0190709092578019	0.017751840298108	0.0171924168971019	0.0164438945447398	0.0127100125639972	0.0144087182750947	0.0143168889545024	0.0142081073117736
72103	65-69	2	0.0245853848497603	0.0267421727158266	0.0239095090338088	0.0276692960776173	0.0194558876838784	0.0235973560679801	0.0176550417669467	0.0195864334071598	0.0167092302413919
72103	70-74	2	0.0403478473261465	0.044014570698883	0.0361107148049687	0.0433094935061623	0.0378521406108163	0.0304476688276588	0.028935569592396	0.0252229885127828	0.0248851089149022
72103	75-79	2	0.0467007835722657	0.0607523101330754	0.067741650402905	0.0601954344062277	0.0597194723120017	0.0435044957365003	0.0506918369515486	0.0456316416027535	0.0411375023851866
72103	80-84	2	0.0877612430238787	0.0755447886125417	0.096502068113255	0.0798518968357752	0.0787566614979287	0.0733515656783023	0.0692613342658531	0.0626337138661747	0.0623239067704964
72103	85+	2	0.163079176825776	0.156494006689235	0.170181912663143	0.17702052806642	0.165903871719753	0.186813830157915	0.180124298012564	0.128106609029538	0.13142738691754
72105	0-4	2	0.00463095539076152	0.00332356852103594	0.00300896490060451	0.00349436164550196	0.00256826240539828	0.00265001661063545	0.00245540405408619	0.00171597530410792	0.00210549148138362
72105	5-9	2	0.000224177423275178	0.000207440886410172	0.000225867338992103	0.000232357146035742	0.000180031223029975	0.000163030420501302	0.000149599896344504	0.000151531777927663	0.000142905739978642
72105	10-14	2	0.000244897668433807	0.000274770659729652	0.00027184172206194	0.000242352993602252	0.000217558540466195	0.000217813721681473	0.000181416005880773	0.000175068724784901	0.000173472939427741
72105	15-19	2	0.00088988265424203	0.000786597883832629	0.00095789265239355	0.00103640413279671	0.000741461082812741	0.000679646810760511	0.000562089197224506	0.000555313081046354	0.000582075138854063
72105	20-24	2	0.00162488627113604	0.00165285138570558	0.0018769323841821	0.00196940714609239	0.00173324084870706	0.00167523632554043	0.00100489435616028	0.00114458106958074	0.00102250965957037
72105	25-29	2	0.00174624725869934	0.00230190207197858	0.00213497465230498	0.00205335664270872	0.00160491363322406	0.00192468499726758	0.00141936979610974	0.00161087885227452	0.00197212551584164
72105	30-34	2	0.00190670664557442	0.00207058802062263	0.00294012885227806	0.00252155107636861	0.00186151354260665	0.0019234292080604	0.00200952692852688	0.00210699963351426	0.00221125216358436
72105	35-39	2	0.00275804937240882	0.0030719241583613	0.00355742731758587	0.00308201222100561	0.00274779059964419	0.00214995158370607	0.00224409076334875	0.00238090971700252	0.00256966664893196
72105	40-44	2	0.00366883902773878	0.00333738817774752	0.005220970104229	0.00400565030766721	0.00356277152353916	0.00356459019977562	0.00317460864702203	0.00283582075028179	0.00396556915032689
72105	45-49	2	0.0057924667173848	0.00443175620803677	0.00495612247294161	0.00531414829924494	0.00442042027004625	0.00447362853840157	0.00329837651769116	0.00325868772099266	0.00434887689501958
72105	50-54	2	0.00616305799515002	0.00628798211032816	0.00873133212116943	0.00716248900134505	0.00711669534409348	0.00675850724862938	0.00559485743250884	0.0054458026400074	0.00713459477470421
72105	55-59	2	0.00963715522805876	0.0104236473910734	0.00974822957147741	0.0106585159215459	0.00903868284939099	0.0076072091578892	0.0069692097928508	0.00783301252735382	0.00820142897055829
72105	60-64	2	0.0140928170917847	0.0142117028417266	0.0147330855571556	0.017065743318572	0.0145561199501492	0.0128293725308695	0.01074908665177	0.0102256661580822	0.00934532641030828
72105	65-69	2	0.0239170043696759	0.0235942728843014	0.0196259194707331	0.0250785156810512	0.0238073949215642	0.0176809711610281	0.0154571654582326	0.0162909633453478	0.0175211841219654
72105	70-74	2	0.0311009642630645	0.0380304224043792	0.0356024891277098	0.0423015156758452	0.0285983102904152	0.0255167137304985	0.0245961202611308	0.0200727853459703	0.0230853857860198
72105	75-79	2	0.0447757666220975	0.0551134862801814	0.0587816485195594	0.0582057163797646	0.0480998786248198	0.0503830500247244	0.0426513191478152	0.0310838149893442	0.0352407900425673
72105	80-84	2	0.0757365799805595	0.0864019000061659	0.0858981092569112	0.0956316662785183	0.0752642455927466	0.0576171511251521	0.0605972473677157	0.0507676983705641	0.0553901794318979
72105	85+	2	0.161890584484825	0.146116373336338	0.163428494697975	0.154336212988409	0.145641729945808	0.169860599576374	0.133398533588713	0.119709404994043	0.10864570871457
72107	0-4	2	0.0034574123744121	0.00336338577601255	0.00382815336113796	0.00314191201683169	0.00274342007342954	0.0026292928788409	0.00203524484629102	0.00221216866543654	0.00235135228513842
72107	5-9	2	0.000199208759008469	0.000224493801229718	0.000233622034293589	0.000227759540044747	0.000184878978942076	0.000167536118030324	0.000153600803927468	0.000140865866532593	0.00014654025907239
72107	10-14	2	0.000251898761061962	0.000258932899713726	0.00027016764807882	0.000303787981829683	0.000213356359573792	0.000212736281003426	0.000186186766219878	0.000171379305044129	0.00017836254021841
72107	15-19	2	0.000853361638198523	0.000778269335711674	0.000996604989349883	0.000826401104234128	0.00071854590065791	0.000774341573255383	0.00066661299276258	0.000525975669090671	0.000735120105883234
72107	20-24	2	0.00154543064975902	0.00150776058944973	0.00161812414737577	0.00153924681275479	0.00175718050890217	0.00140034858374935	0.0012302696656989	0.00111970889976571	0.00134594985254319
72107	25-29	2	0.00190355930435238	0.00166019774053427	0.00225396932915796	0.00191693169640626	0.00169749643412346	0.00188806395584617	0.00157552434765746	0.00160634488884855	0.00164175946282041
72107	30-34	2	0.00216194213258332	0.00224514066569569	0.00333077710384214	0.00234242629915092	0.00174471534190714	0.00199734539386721	0.00173431165313176	0.00147848957277976	0.00209663326929467
72107	35-39	2	0.00275583456372826	0.0036477885387836	0.00321022260713043	0.00361328648559682	0.00283820656973893	0.00237652769773607	0.00239042064043178	0.0022928361155105	0.00190494899761619
72107	40-44	2	0.00537042257765432	0.00476454620181161	0.00441324580869434	0.00505609979494966	0.00362702525404649	0.00372326320277331	0.00299380155253902	0.0028058132839414	0.00304720704489514
72107	45-49	2	0.00572272838843023	0.00522684041604555	0.00558426143843006	0.00527719493025794	0.00451255463260418	0.00411786523430768	0.00349018334387724	0.00358619516322185	0.00373046277202756
72107	50-54	2	0.00921727771853054	0.0081457512693354	0.00756117206818103	0.00647660366608857	0.00742362057345259	0.00670740083453639	0.00614231466806158	0.00590259995141991	0.00589437666233598
72107	55-59	2	0.0111312842293876	0.0114586570940423	0.0121569290305232	0.0120363288258031	0.00971495187455107	0.00754923990558747	0.00851434919640736	0.00780943696837191	0.00884739011213971
72107	60-64	2	0.0159881174193888	0.0135079220398681	0.0181184920634153	0.0158144988348317	0.0134498081168437	0.0103177110835964	0.0119649736653546	0.012084315408299	0.011234550703351
72107	65-69	2	0.0224793343661983	0.0225851971373002	0.0298138177795197	0.0218766167254002	0.0221128379157192	0.0214911986650812	0.0162759698109921	0.0148554959042568	0.0140240149949958
72107	70-74	2	0.0340236357930907	0.0367792696366651	0.0398722175588492	0.032531416726999	0.0343568856433638	0.0297997250250149	0.0234216475654478	0.0254311193487497	0.0281383784037121
72107	75-79	2	0.0424344092657927	0.056840120075187	0.0598403504815875	0.0577824159627779	0.0568145454174872	0.0467786649620961	0.0367252573786124	0.0356058668470287	0.0316765638438159
72107	80-84	2	0.084263218532135	0.0898572719632814	0.0884482277213031	0.0743763458017763	0.0663003252134079	0.0670786061689608	0.066204223185432	0.0615704882870121	0.048279431084244
72107	85+	2	0.16466745926717	0.167215404926816	0.15179172486829	0.1619683670862	0.153871875677626	0.155403691582487	0.145915246579352	0.125620112484107	0.108785469948198
72109	0-4	2	0.00444620858223935	0.00380951542985679	0.00368734454504479	0.00307221433687246	0.00251712836942674	0.00271879743462711	0.00273440715003629	0.00203724398040928	0.00254289995325166
72109	5-9	2	0.000217970661785624	0.000234617811679857	0.000232192316272108	0.000238900182339128	0.000203599998159426	0.00018362600629973	0.000168655164121441	0.000154145750330272	0.000160885597595614
72109	10-14	2	0.000303968963713283	0.000295970309862116	0.000293305075361097	0.000303418592055319	0.000235524736527908	0.000246616871924108	0.000205474347933383	0.000188120373850195	0.000196227844540286
72109	15-19	2	0.000828428636754496	0.000849217935032298	0.000921878517278952	0.000996631270759081	0.000840248580427036	0.000836248222463772	0.000629447700544495	0.000623122640790279	0.000655741684304157
72109	20-24	2	0.00162210519574176	0.00162619692845533	0.00147805152667952	0.00184475122423757	0.00203640589262334	0.00138996958575937	0.00159884809147704	0.00137122410686994	0.00117079873014032
72109	25-29	2	0.00260693948825582	0.00206283178549813	0.00202099313453593	0.00258367159933228	0.00184227198235459	0.0019979419145729	0.00202203822784945	0.0015549999190334	0.00198753715076438
72109	30-34	2	0.00252777376732606	0.0027095106005173	0.00275003169698407	0.00333350307119155	0.00251275702822461	0.00210378429749269	0.00217266599638077	0.00193497975945035	0.002188503963914
72109	35-39	2	0.0040484473571212	0.00312847314289093	0.00470382859384724	0.003213036708631	0.00297920401849837	0.00236628285033534	0.00256853547230458	0.00228148094494069	0.00263206549457141
72109	40-44	2	0.00395215192232291	0.00371869096674804	0.004290695395367	0.00559964067504545	0.00324854133694247	0.00345399555753314	0.0037235025430386	0.00298724374140774	0.00257702533600153
72109	45-49	2	0.0060888733906454	0.00600579343014983	0.00558477492102959	0.00717758667535221	0.00459108038665962	0.00420121967936367	0.00526384059429482	0.00456478805058757	0.00509064880568896
72109	50-54	2	0.0111429721234763	0.00889541551633894	0.00993351778576348	0.0101571801457716	0.00603950517590309	0.0081807730561409	0.00557400013623331	0.00813899134745576	0.00621007263258991
72109	55-59	2	0.0101538479672505	0.0121962611748308	0.0152775397774485	0.0117717263826274	0.00995267697057948	0.0123280892102298	0.00810321367236922	0.00714440873053791	0.00811633088082995
72109	60-64	2	0.0185279767942301	0.0217104360441867	0.019771938251364	0.0199586623974474	0.0159124116815522	0.0139656658410675	0.013449134366975	0.0115730473881412	0.00861015073623947
72109	65-69	2	0.0217584437357493	0.0286496780889577	0.0259464642734865	0.0240133541136761	0.0238803353523169	0.0214280553401893	0.0161953128618831	0.0182267690309054	0.0147000731491076
72109	70-74	2	0.0374673476301768	0.0435682080192652	0.0347867146014443	0.0343765397051999	0.0358232558219822	0.0367254306001948	0.0230604415622255	0.0284058470749289	0.023680546424137
72109	75-79	2	0.052068757752905	0.0683812953736545	0.0521955432481954	0.0587691216551561	0.0591298918743622	0.0466596267235778	0.0446447984983974	0.0309431954987287	0.0472501635481404
72109	80-84	2	0.0972170692986494	0.104588133866097	0.0916694715062681	0.0944660872103365	0.0763181013754922	0.0666827011609915	0.0740845466743866	0.0662893393098164	0.0621475626613211
72109	85+	2	0.174169773742108	0.19673803166217	0.182682603628631	0.158762337837365	0.171073795353939	0.153222726014547	0.157507513662827	0.132930205221528	0.121248705719247
72111	0-4	2	0.00476822143353283	0.00395563681799012	0.00413677606658302	0.00330752035118179	0.00326175193060439	0.00251852246726719	0.00251697084853352	0.00205306853682729	0.0025109472844459
72111	5-9	2	0.000226010325013619	0.000254541626085681	0.000239666930265011	0.000222486251546677	0.000190015076231727	0.000180679312135255	0.000184624498503664	0.000161460043577964	0.000159952324179998
72111	10-14	2	0.000275736313007439	0.000294439313508332	0.000350008751617252	0.000295457853962669	0.000253518356400148	0.000231121589906484	0.000235409597357898	0.000196336982615926	0.000194711593745989
72111	15-19	2	0.000937660604960139	0.00087422473158417	0.000930575459926054	0.00113653630149407	0.00093131018577833	0.000798269230081159	0.000765099882275436	0.000659921209641376	0.000602693198314323
72111	20-24	2	0.00156023305661559	0.0015961862812112	0.00168577062700958	0.00191422341353954	0.00154270353444085	0.00161997060375253	0.0013715224090636	0.00146325132237084	0.00108869765820419
72111	25-29	2	0.00192453377876998	0.00194095269938464	0.00250432477572637	0.00219607254244656	0.00200487274986248	0.00216478206540213	0.00206861678619634	0.00172084527768954	0.00154695428039876
72111	30-34	2	0.00226297290655933	0.00236072706541232	0.00296983561760886	0.00298485795328483	0.00221209992885278	0.00244213112511301	0.00185627417326689	0.0019554881153082	0.00204006435267503
72111	35-39	2	0.00295602305181953	0.00362595197686952	0.00313071934186882	0.00360530921012575	0.00265955019590265	0.00234629177280436	0.00262842803045324	0.00201868613011006	0.00241477120361493
72111	40-44	2	0.00379046356768359	0.00405841750526828	0.00399084636034473	0.00392992613380724	0.00319748386960829	0.00369745558156845	0.0030144031990055	0.00308986363725667	0.00301346864946252
72111	45-49	2	0.00558722592767298	0.00558185270874836	0.00498434690636682	0.00554512670562604	0.00375988196034638	0.00453010700321838	0.00411154741425401	0.00357692058116593	0.00370227443253908
72111	50-54	2	0.00773613626027339	0.00751367854363068	0.00790768636482459	0.00711818736140878	0.0080291304372015	0.00592460992993953	0.00641678017340306	0.00542717856293474	0.00547226093428483
72111	55-59	2	0.0107085423603824	0.0101346817153904	0.0121344881209237	0.0109872353647723	0.0113896368702838	0.00893220521135305	0.00788114750275374	0.00768461529906372	0.00783410167503893
72111	60-64	2	0.018579282832715	0.016381152570858	0.0200320424097718	0.0163181871928176	0.0148596783646574	0.0149058884776181	0.0146726701396684	0.0125161877648211	0.0109353702478305
72111	65-69	2	0.0257665507827974	0.0295137775630289	0.0250311808752216	0.0232042804380755	0.0200118781626786	0.0202907843745308	0.0172860546710184	0.0169443206688182	0.0189961738060394
72111	70-74	2	0.0416329442381827	0.0520862999381057	0.0404465940154007	0.0450048159740258	0.0409310332051107	0.0327598759673662	0.0279155888151035	0.0294427192985782	0.0251888141528416
72111	75-79	2	0.0607812339804722	0.0468222633780298	0.0686128205428803	0.055531479385148	0.05730269712938	0.0548096856998765	0.0385299604689646	0.0422627011473097	0.0371655189585675
72111	80-84	2	0.0924959608986527	0.0922815573455834	0.100238367734449	0.0987147395608973	0.0926134813112545	0.0770244930424456	0.0626545864206395	0.0670868803837109	0.0607161110730641
72111	85+	2	0.170795843496221	0.228490560706103	0.169081572251082	0.171832625168681	0.168086808175127	0.158461975345063	0.155688941238646	0.155626989921576	0.133752950500999
72113	0-4	2	0.00479552997549655	0.00477407400996999	0.00394354726759543	0.00337332767116674	0.00274309072762362	0.00262367764290731	0.00259022282288983	0.00207195781309614	0.00208032122067088
72113	5-9	2	0.00027661137079718	0.000282079384360285	0.000271649259233375	0.000257843865910297	0.000182824398917861	0.000189469235897446	0.00016988216676136	0.000163606671825716	0.000191400410148462
72113	10-14	2	0.000332746642313235	0.000351976393773602	0.000400598840963369	0.000392633056456358	0.000243444119781337	0.000234223304207353	0.000212283750779663	0.000245984385618572	0.000212933013329319
72113	15-19	2	0.000920162554523974	0.0011542327964573	0.00139635691129335	0.00194787053733577	0.00138151470863527	0.00165325715567146	0.000897111163282766	0.000923468859779969	0.000745941962087952
72113	20-24	2	0.00159093281462752	0.0022779007741989	0.00315059792543425	0.0038513837401906	0.00286321987601777	0.0034697524872439	0.00255714772128968	0.00193135218999697	0.00157072338268129
72113	25-29	2	0.00229044922817357	0.00356430930897471	0.00360595948594194	0.00357926528194509	0.00298436648768441	0.00314422473091729	0.00296541783560734	0.00226651799897916	0.00227962453078229
72113	30-34	2	0.00234878902905404	0.00412415917583012	0.00616932289854845	0.00443074349075981	0.00319578315535671	0.00323339890629058	0.0027195030697225	0.0026501458910976	0.00259431717995086
72113	35-39	2	0.00313052638525826	0.00466031956690831	0.00683711002085941	0.00533061622828568	0.00388213939353549	0.00336094862140273	0.00286398888244258	0.00295288568578664	0.00369236184359491
72113	40-44	2	0.00395466701445819	0.00617564126809608	0.00764208430761695	0.00695565030590195	0.00474971630147349	0.00365499298139118	0.00339165733772117	0.00396489968266182	0.00426785000952332
72113	45-49	2	0.00500104543643759	0.00591970032343478	0.0086359030118793	0.00769882627884628	0.00669493264175754	0.00592886139625857	0.004702112960843	0.00542797961678123	0.00565860497013955
72113	50-54	2	0.00771182160942536	0.0100243749804202	0.00845449932224878	0.00787848337605943	0.00728268367690503	0.00829741289448135	0.00667932104302654	0.00672960059959287	0.00807268380848933
72113	55-59	2	0.011637011483218	0.011736154551088	0.0122171778952448	0.0122465689448338	0.00988384647166178	0.0104000471771467	0.00998463687426508	0.00971327508267198	0.00897992543774356
72113	60-64	2	0.0206059756323965	0.0223051865182226	0.0184421002214935	0.0183798108377554	0.0163770798531729	0.0160791171263829	0.0135138190102058	0.0131164782408354	0.0136789056088263
72113	65-69	2	0.0286398061257537	0.0287355014357398	0.0272594997635201	0.0255652870239304	0.0246053918399499	0.0227422343962714	0.0184480527241972	0.0174484208325565	0.0183907439708392
72113	70-74	2	0.0468493106972464	0.0449083239307982	0.0422144799645439	0.0415605434641797	0.0376456508826043	0.0312596602061469	0.026083233994977	0.024671486133366	0.0249971353595599
72113	75-79	2	0.0640359466256577	0.0649981371118517	0.0585239105924618	0.0609387067158754	0.054474757679903	0.0478182720739205	0.0440290343218724	0.0387729137273823	0.0363443970799368
72113	80-84	2	0.104437979775492	0.0967475698748505	0.103379617982743	0.100147716091249	0.0796057072989081	0.077187798248644	0.0720234402152276	0.0604680012968046	0.058991230198004
72113	85+	2	0.177615283855941	0.165479909792294	0.155648070782701	0.156400893116466	0.151123670560717	0.155335805959363	0.149192653394734	0.136003338312648	0.131787226400908
72115	0-4	2	0.00375817144017031	0.0041312819194839	0.00363250140251388	0.00281450815215158	0.00281960251956971	0.00226099214272377	0.0021560400852327	0.00208659577742006	0.0019346312633444
72115	5-9	2	0.000225276943360102	0.000231058196277583	0.000227509468711028	0.000222117595486426	0.000198487028938821	0.000187884255411226	0.000172836316897685	0.000150636799874441	0.000192794372901288
72115	10-14	2	0.000284631189962317	0.000306161943397946	0.000316896817908417	0.00029612634270556	0.000229383256878232	0.000227816578427821	0.00022064410942755	0.000183278964431619	0.000191266480783008
72115	15-19	2	0.00108387133051588	0.000918303981837631	0.00102889955620468	0.000843834104026479	0.00073290837506911	0.000639795964124089	0.000926363985057794	0.000589591856960384	0.000590160554533263
72115	20-24	2	0.00200147611139442	0.00179233703589446	0.00200258783863053	0.00170424610083947	0.0015366055336801	0.00124472849152889	0.00177437079255118	0.00115607810776844	0.00111717414229573
72115	25-29	2	0.00199782876067305	0.00222270347695932	0.00229452631588991	0.00204091711546226	0.00161159239062037	0.00161356988138166	0.00139670560277904	0.00181811623800161	0.00142538323843391
72115	30-34	2	0.00269029331683152	0.0027381794904231	0.00275207249498908	0.00251922968842923	0.00252821751332154	0.00190785534017451	0.00181449825507086	0.00183049504643359	0.00158857163461081
72115	35-39	2	0.00294797190975899	0.0036045393296812	0.00369340235529708	0.00383106438784185	0.00245535508946631	0.00279683293053865	0.00231216457981454	0.0026207713930524	0.0031981034255726
72115	40-44	2	0.00385280080308585	0.00437342614246284	0.00424782320284816	0.00437691328508504	0.00356160884434018	0.00252508766770523	0.00292690656900844	0.00272735725012196	0.00280714935457105
72115	45-49	2	0.00523380269156061	0.00454964106445547	0.00628671212686799	0.00548901650065662	0.00468582596503293	0.00463409290379267	0.00345173676686893	0.00329678209248715	0.0035387687607574
72115	50-54	2	0.00678198277372128	0.00729193223051047	0.00869303457673024	0.0080536649055498	0.0072954879642006	0.00628019977123104	0.00533543166309784	0.00543392620966816	0.00574861947375959
72115	55-59	2	0.013176815502413	0.0124774627920916	0.0103530097320052	0.0116068500407705	0.0106105189013779	0.0101720571879286	0.00728107770387236	0.0081488600321047	0.00863212595736754
72115	60-64	2	0.0180149412710166	0.0210700736314956	0.0186743744082623	0.0197593453113726	0.0150293095994147	0.0172749921387086	0.0144660726091155	0.0112342278425376	0.013262545870123
72115	65-69	2	0.0283220677408228	0.0296783497429854	0.0262597440107118	0.0260970753822595	0.0255958655487288	0.0208350406193568	0.0189166067126496	0.0159402678385118	0.019188472324029
72115	70-74	2	0.0503089232309697	0.039353786299139	0.041507533046284	0.0386770153627221	0.0351863882135057	0.0313698880628355	0.0265067940918211	0.023956420795266	0.0284172900269053
72115	75-79	2	0.0566558036167578	0.0757124822852307	0.0540063671508185	0.0687858213107266	0.0581543020908673	0.0519537062908287	0.0504361400858169	0.042238976620792	0.0386470378867708
72115	80-84	2	0.096333232647396	0.0960133610890455	0.0940852498871367	0.0944041928495732	0.0891862132810382	0.0708675031334672	0.0664741617728742	0.0692256466955243	0.0551724547181882
72115	85+	2	0.194429102163534	0.187497342616023	0.177729179387843	0.209755138759312	0.166595513274467	0.149559937310644	0.171967790535347	0.13994894170119	0.124500855446445
72117	0-4	2	0.00451823497370906	0.00375682988226595	0.00326801181705782	0.00297728832983784	0.00273818018604626	0.00289309199920289	0.00221428364215	0.0019266712633761	0.00205651580199391
72117	5-9	2	0.000203599888248662	0.000209137699817966	0.000216981981803674	0.000211945240432107	0.000178931274672271	0.000169117413812261	0.000154178303630935	0.000140686271512168	0.00014620176934368
72117	10-14	2	0.000247871816387905	0.000280808023261453	0.000277275945460537	0.000285927378506353	0.000218813593335842	0.000217274001443611	0.000197918288849263	0.000172030617443	0.000178622997444043
72117	15-19	2	0.00100263274307591	0.00082143572793267	0.000932599348660117	0.000870364506935389	0.00074864163458467	0.00071429716488856	0.000689321044241688	0.000545743586657664	0.000598525744762437
72117	20-24	2	0.00158493916562277	0.00161241972291547	0.00171493010143965	0.00157646490051813	0.00147816916202102	0.00121050645360955	0.00107379085042719	0.00112980100424307	0.00110003506232011
72117	25-29	2	0.00220471033686571	0.00211705141228648	0.00189587540367217	0.00208774702473469	0.00167403845686261	0.00168446747071781	0.00132554787188176	0.00169818167145879	0.00156886919435433
72117	30-34	2	0.00236407399388498	0.00241605733725235	0.00267177231913079	0.00255325299206974	0.00202686927823406	0.00170410613687432	0.0018058184395422	0.00157298783631881	0.00171643154384343
72117	35-39	2	0.00276756431942892	0.00281105126592602	0.00307835574143875	0.00303053259717926	0.00270604309214803	0.00238724053537517	0.00203718669210006	0.00201277697986055	0.00241602677531024
72117	40-44	2	0.00403302609733201	0.00401720479594156	0.00467814528444264	0.00406560748102474	0.00313288833083503	0.00281012154255961	0.00259563581385511	0.002954580668654	0.0033452424634761
72117	45-49	2	0.00650902626080938	0.00495585482834817	0.00506549461522352	0.00476990794885622	0.00453471615800357	0.00356121491957921	0.0035159788095341	0.00332747639433119	0.00308855076480224
72117	50-54	2	0.00729511829660477	0.00737673104312645	0.00794531868945691	0.00957082252132218	0.00696759086793038	0.00649895645585815	0.0058362163089793	0.00509567326892555	0.00612175028871577
72117	55-59	2	0.0105783316162682	0.0112718498447313	0.0104012347670784	0.0129606069686271	0.00881941116738717	0.00940642473018184	0.00779889671268146	0.00749175048654601	0.00807644324244291
72117	60-64	2	0.0185326227422895	0.015709682176409	0.0163507352685738	0.0166350190866525	0.0125034167256181	0.0114234254923155	0.0119327029836458	0.0105926607047337	0.0101577098071358
72117	65-69	2	0.0238048092283261	0.0242445898881256	0.0268739000937886	0.0259789955789124	0.0207177625127357	0.0168019411591194	0.0161048291747957	0.012651755186442	0.0133204660689608
72117	70-74	2	0.0338932336739947	0.04164646532667	0.031254835335232	0.0496993085107868	0.0303411119418277	0.0317193608437097	0.0225603770999794	0.0254700440797728	0.0175100906586257
72117	75-79	2	0.051647294108429	0.0635479275982057	0.0503688546141356	0.0542839423345888	0.048347877888101	0.0455696212489583	0.0386471928798454	0.0296353017040844	0.0290258044744512
72117	80-84	2	0.0963767076221928	0.0807678535539162	0.0891107635822183	0.101000064382253	0.0880284696286463	0.0736134401743753	0.0694674550904808	0.0614630243166485	0.0553716602053482
72117	85+	2	0.192810390177368	0.210146805313713	0.162042673280947	0.171385821316972	0.170264928630451	0.16829865490686	0.136028578917254	0.120056390062164	0.108436519633202
72119	0-4	2	0.00455702377688363	0.00347279912192756	0.00357690582411797	0.00324033455318963	0.00220352677839958	0.00267404665050967	0.00223531732411578	0.00199942109050207	0.00232430127180956
72119	5-9	2	0.000256219668935393	0.000227590566844836	0.000235368445628736	0.000229322821125139	0.000187109170797199	0.000216022917404607	0.000182908983754445	0.000161580483256357	0.000170536568768997
72119	10-14	2	0.000351137453585319	0.000295673956266044	0.000278639209174906	0.000356903551600196	0.000257829723269181	0.00024510905151547	0.00019889601484909	0.000185238941804069	0.00019519397571827
72119	15-19	2	0.000872601531545751	0.000877190387000768	0.00110973144085871	0.00174927944255629	0.00107391190066316	0.0010324689128567	0.000854543431491035	0.000667551778838592	0.000749999552462648
72119	20-24	2	0.0018119743545425	0.0017676243592766	0.00228615725855273	0.00352268217413787	0.00193425123096276	0.00258654579713852	0.00198379146121266	0.0018294810173686	0.00185817801369486
72119	25-29	2	0.00193658184291917	0.00181271942186051	0.0034035254809209	0.00287088336509873	0.00229516463760916	0.00264877543417262	0.00240800405587097	0.00202013295275364	0.00244016981887917
72119	30-34	2	0.00284139965810803	0.00294282245531042	0.00398787413603263	0.00369299877766575	0.00247109721009683	0.00214432259476831	0.00259439249878933	0.00260030863418181	0.00193448250019877
72119	35-39	2	0.00312236490535277	0.00374336989440409	0.00486492225670557	0.00430517465506401	0.00304038577499969	0.0026064681592522	0.00248245071758136	0.00220768411959308	0.00466862128317699
72119	40-44	2	0.00391279866895999	0.00477352302808059	0.00655516152927413	0.0046391689166238	0.00411860079478432	0.00378352466432144	0.00359354805131985	0.00263827981341935	0.00325053225866122
72119	45-49	2	0.0059481316092402	0.00614428654088041	0.00730786303251292	0.00753192663917951	0.005953979733612	0.00532967471192205	0.00506438497927017	0.00451995486351396	0.00391378744531081
72119	50-54	2	0.00828754326547483	0.0085764075424813	0.00872815494124361	0.0119993638988694	0.00838570372690519	0.00608714562049582	0.00593343228258581	0.00664887123339001	0.00899844397760364
72119	55-59	2	0.0114564098437332	0.0109243994746057	0.0119093531140588	0.012490372084243	0.0105158918684617	0.0101210998247742	0.00924645860839842	0.00690701067446914	0.0098472545528404
72119	60-64	2	0.0219531005691916	0.018985433835765	0.0158308444569952	0.0173736170265835	0.0146244669476389	0.0161170851856625	0.012859865556515	0.0110737378326612	0.0130446206816409
72119	65-69	2	0.0273605035144443	0.0276189721934959	0.0270436535861317	0.0251720037459195	0.0211520581319852	0.0207744960617739	0.017142763469524	0.0173703637005696	0.0175551016917913
72119	70-74	2	0.0472645302790836	0.0464105272280078	0.0384278900346424	0.037548030146352	0.0302650993813757	0.0291469605841475	0.0285824324055483	0.0252949863717538	0.0242053367840897
72119	75-79	2	0.0478009125189335	0.0544082153143397	0.0597214369570895	0.0581447156565485	0.0524054846254035	0.0413412054939684	0.0407851882815204	0.0374930158422661	0.0369246651334356
72119	80-84	2	0.102603067065749	0.0734354425419719	0.0976505437703702	0.10535840741155	0.0850265160618977	0.0690446621379541	0.0665988420770456	0.0540593163201369	0.0519177327076362
72119	85+	2	0.182090704801359	0.180850637888523	0.144216797778713	0.14299748304936	0.152737948565882	0.155786045951835	0.137547357461405	0.140166860869091	0.112880018718773
72121	0-4	2	0.00400065048600895	0.00370584702634466	0.00370665347528806	0.00306132528642312	0.00304758745476063	0.00273448269679023	0.00269124829491875	0.00215268328072153	0.00220439621469588
72121	5-9	2	0.000214804362212521	0.000231304500548003	0.000265104611407625	0.000258608529921647	0.000189754249289339	0.000189337784971165	0.000165140006318861	0.000151305905117489	0.000157765462322388
72121	10-14	2	0.000287316674255384	0.000265744436547225	0.00027599039988035	0.000284582064399528	0.000242649361489935	0.000218444347809561	0.000200569528673825	0.000184149539599359	0.000192052040344405
72121	15-19	2	0.000880282774154149	0.00091816358083195	0.00105849309006676	0.000918313181161068	0.000739759230388375	0.000808485181548152	0.00078828871638164	0.000621418328340457	0.000622884373452321
72121	20-24	2	0.00152964013209256	0.00177901334067107	0.00160153392164862	0.0016069198077715	0.00140352732893446	0.0013803285105146	0.00153102301356767	0.00107859023758095	0.00117920868933411
72121	25-29	2	0.00192528526710435	0.00195070503000888	0.00253499404345296	0.00199847694753874	0.00169373589203825	0.0016533776390598	0.00161764786485011	0.00153699228558407	0.00150924782503986
72121	30-34	2	0.0023318680342848	0.00285920596652805	0.00243862075882019	0.00256962963934458	0.00203875862916234	0.00198732374539042	0.0017473530182792	0.00159759133090126	0.00219951912314297
72121	35-39	2	0.00252475290964897	0.00338444555348137	0.00375193513655724	0.00351092138223158	0.00264519745278503	0.00232305605280291	0.00218291125870995	0.00220273770869498	0.00262148672550726
72121	40-44	2	0.00325170793350769	0.00491627369595967	0.00457104249812122	0.00426733112137648	0.00340572047540516	0.00258933509429831	0.00329000767566698	0.0026968811123095	0.00328750327606074
72121	45-49	2	0.00584321562666108	0.00543629469064522	0.00582256449535767	0.00642158662732101	0.00558161157957621	0.00460273048625799	0.00435185056134437	0.00410033002357477	0.00390433740958998
72121	50-54	2	0.00646724443257254	0.00778045820908332	0.00733220354953411	0.00830053639556195	0.00674288736091087	0.00667056628312313	0.00658614420976784	0.00603837066735149	0.00655349021370801
72121	55-59	2	0.0117672750686841	0.0102648868341139	0.0123427714192513	0.011948673212096	0.0103086531909586	0.0114828212795955	0.00880826648012732	0.0111003556834064	0.00842629566289805
72121	60-64	2	0.022296725612825	0.0181651906602116	0.0169408052699814	0.0171271463226817	0.014930675247725	0.0162913128494281	0.0142152332664021	0.0115800460450301	0.0144698332660444
72121	65-69	2	0.0263366416907601	0.0240090612841904	0.0279056985260945	0.0201293446405509	0.0220319840394707	0.0251142823499677	0.0184331273399766	0.0187849745419296	0.0191932345542343
72121	70-74	2	0.0421524451186638	0.044049877931306	0.0386812739929064	0.0473186727320216	0.032376514731656	0.0348366788673866	0.027305552804782	0.023556810121022	0.0196177163897892
72121	75-79	2	0.0590052292881685	0.0545704615084013	0.0633394910809722	0.0605826039274896	0.0460440592121346	0.0438471980555738	0.0432875410433626	0.0402141489019669	0.038290201333935
72121	80-84	2	0.0991002201095789	0.0883434710110576	0.0900738144316484	0.0949055032349423	0.0847386401871488	0.0720167286828395	0.0771957797454203	0.0668120696057319	0.0634328180498714
72121	85+	2	0.174472967450563	0.174935043618522	0.159529229372074	0.170303943765658	0.158255606962252	0.14751767110982	0.143062812305907	0.139022368795486	0.130463665888658
72123	0-4	2	0.00468608348220768	0.00452108488223014	0.004703795733502	0.00408387129360616	0.00265974397917387	0.00290240051717467	0.00251617254639617	0.00227888734678107	0.00231951885951238
72123	5-9	2	0.000247250155160683	0.000231392444578602	0.000263983253210065	0.00023402365411935	0.00019963906584652	0.000190533441037366	0.000175417869372415	0.000161213633781663	0.000168903500095044
72123	10-14	2	0.000310979926712902	0.000276300181769522	0.000286305077756036	0.000281971590378435	0.000306333794524394	0.000229603330202748	0.000222489475465705	0.000195495389489255	0.000215537648471629
72123	15-19	2	0.000883927438658963	0.00105444697964498	0.00117335619345429	0.00103955615612804	0.000813556798812143	0.00097272103141109	0.00081708505623034	0.000585745310995197	0.000779977416729034
72123	20-24	2	0.00196913588196499	0.00212292747633957	0.00207766692713518	0.00188236626300736	0.00166528850895402	0.00184322297254843	0.00166208195280219	0.00156132629312457	0.00125641410569531
72123	25-29	2	0.00248981014010812	0.00276720406941442	0.00269741945344858	0.00258675979295326	0.00216047071587131	0.00221366282966107	0.00261995438410832	0.00220525740331748	0.00167476545508481
72123	30-34	2	0.00266235412192722	0.00394215452526656	0.00364475501295706	0.00297467680544645	0.00266513329108085	0.00241037529653662	0.00198386661539314	0.0022107490247522	0.00248365332552495
72123	35-39	2	0.00371601310438395	0.00532589315363632	0.00482807787716687	0.00426538910599946	0.00416937107472207	0.00330117139078784	0.00255982117595518	0.00275360471927006	0.0027446076922637
72123	40-44	2	0.00445308838840912	0.00537299305317358	0.00628717583329464	0.00666382549047619	0.00425736280609482	0.00346656073692852	0.00357488571382743	0.00287991792347695	0.003354395827321
72123	45-49	2	0.00620453994939594	0.00683542712002828	0.00687231798399374	0.00771472368282692	0.00530994210624961	0.00554949334985412	0.00443357832579896	0.00384134287003549	0.00442960274928229
72123	50-54	2	0.00838789766678351	0.0098436001772721	0.00891037669539016	0.00813244672096554	0.00842734325921385	0.0087729932331996	0.00508937477755884	0.00567301167863235	0.00722764404192597
72123	55-59	2	0.0161951458093173	0.0142966798190309	0.0138054347751674	0.0156153036436166	0.0117803845258053	0.0114183764629699	0.0106252205541214	0.00801276170692053	0.0090225035395167
72123	60-64	2	0.0211835942148153	0.0243651411520791	0.0240956884194948	0.0207223801726804	0.0167473501136593	0.0145895272424305	0.0118915844421454	0.0119828015563988	0.0104339461200433
72123	65-69	2	0.0265749221120506	0.0339424743044809	0.0266359369088261	0.0284115805915666	0.0242244723033786	0.022562564639817	0.0207747590109507	0.0171819940342216	0.0139164594921249
72123	70-74	2	0.0505629837822635	0.0522763908776445	0.0395291289715525	0.045988702348335	0.0321601537758109	0.0343266908477878	0.0266874024127642	0.0233515300076848	0.0232075220129603
72123	75-79	2	0.0629676832977336	0.0601636499896669	0.0526742372139025	0.0656802961580897	0.0536611638654794	0.0439230104673211	0.045653443110932	0.0393647163728765	0.0363925592988271
72123	80-84	2	0.123969035499803	0.0973283614603272	0.0996719745374051	0.0973948867606001	0.0785578178839261	0.0825098638513903	0.0690805099684762	0.0530629064941165	0.0630685202534012
72123	85+	2	0.194442616194762	0.175569103064681	0.155381755686292	0.161338563823499	0.155537320196328	0.138471570719821	0.153364256020606	0.113756047149589	0.11288258077592
72125	0-4	2	0.00401092373001699	0.00355278086567512	0.00319532457024446	0.00316287445270952	0.00287070601611197	0.00322859522666496	0.00249488663197014	0.00181511701658441	0.00204825367493888
72125	5-9	2	0.000258357895922131	0.000229357028737962	0.000227424534495445	0.000233201467431233	0.000189830067783225	0.000180488366926714	0.00015813337864268	0.000144894351279816	0.000159225374246725
72125	10-14	2	0.000255191573442996	0.000273793714522627	0.000313083787053783	0.000280420417290215	0.000240859769271915	0.000218268447998308	0.000191525718704069	0.000185277949376832	0.00019334446570011
72125	15-19	2	0.00081338856199732	0.00096537876916737	0.000932482620953284	0.000795622940783482	0.000678420664909091	0.000678352695782345	0.000585117480533822	0.000551016442966633	0.000611541706220144
72125	20-24	2	0.00143385570671867	0.00130314597005231	0.00173813256838857	0.00156085521327276	0.00125747597329281	0.00128098728915552	0.00107802722350585	0.00100802243210188	0.00105965590025283
72125	25-29	2	0.00182719981362593	0.00221352035725833	0.00196894609281764	0.00192333046685429	0.00185556336760148	0.00135866014337381	0.00137801144709384	0.0012105803137413	0.00142236263629522
72125	30-34	2	0.00251868590266049	0.00211717253548292	0.00260274461092227	0.00242529798370775	0.00173366215507367	0.0020188253806742	0.002028882965719	0.00170117348783672	0.00190813289894594
72125	35-39	2	0.00330558745481438	0.00355188536649643	0.00366713413835413	0.00397317074786775	0.00291195063791513	0.00244403003933324	0.00198782708887138	0.00197798148487298	0.00204838727595943
72125	40-44	2	0.00329024251255805	0.00378304086610404	0.00539807714484427	0.00454446742799015	0.00306021378151352	0.00276461995399607	0.0026852419193031	0.00275504623069549	0.00294432417589026
72125	45-49	2	0.00490856195320156	0.00575009584369584	0.00549604393235123	0.00552230401173064	0.00508867975007832	0.00406573831049081	0.00395309175165884	0.00383573941733594	0.00391827262617731
72125	50-54	2	0.0081666516795069	0.00744999152421984	0.00785800806081029	0.00739083783845741	0.00648436318744587	0.00893378549258802	0.00607394409018957	0.00578746063109371	0.00760407243014956
72125	55-59	2	0.0114460229669276	0.00876128397789202	0.0110306019567388	0.0106784812782056	0.00875316700478633	0.00906031203100658	0.00893984500293472	0.0084112215286071	0.00681665397909371
72125	60-64	2	0.0172220003556619	0.0173943784798823	0.0145416183806626	0.0165866468957937	0.0183443412145566	0.0145265272814205	0.0107163258419489	0.011794370326237	0.0124997450864825
72125	65-69	2	0.0294405935842217	0.0245816863277635	0.0217850537417411	0.0221348598508893	0.018891497568817	0.0209083052788896	0.0182842940520526	0.0185844092594232	0.0175481588094832
72125	70-74	2	0.0452777641599777	0.0359229423202106	0.0396124333989597	0.034451552262682	0.0377068237786207	0.0299895783105604	0.0261845612209001	0.0207007097412874	0.0228129278990055
72125	75-79	2	0.0621975312296853	0.0644321776548022	0.0587792806669266	0.0429243744110446	0.0467764475053843	0.0337173002623226	0.0467706786784225	0.0389320834308342	0.0432708017132852
72125	80-84	2	0.0770568856561443	0.0847686682010847	0.10482908685331	0.0902181830676034	0.0737358273013064	0.0900179782607522	0.0728170173486192	0.0640823848351544	0.0555051334796247
72125	85+	2	0.174524731486932	0.135337490208405	0.160318161509931	0.153667527135201	0.149656521882779	0.151078324815922	0.138724672980382	0.132643600876077	0.136152795857426
72127	0-4	2	0.00556025493569759	0.00408676330979535	0.00390908215087233	0.00324716389686184	0.00250730284191472	0.00263367833115142	0.00268511758745717	0.00213419426263943	0.00249497972102171
72127	5-9	2	0.00026285012144116	0.000252499647427382	0.000283096263369317	0.000246202793621938	0.000160955196159321	0.000161754529109468	0.000167629314128692	0.000182003107881962	0.000149952776703521
72127	10-14	2	0.00036830002490999	0.000388479054259239	0.000424755904992125	0.000354853842764154	0.000239984732587504	0.000214914018051426	0.000241285148883097	0.000182178721081624	0.000213142106336212
72127	15-19	2	0.00180352506290418	0.00150303564737588	0.00397286371727344	0.00312436125443669	0.00219418507728051	0.00124147525771643	0.00116468719049982	0.00097480925662316	0.00118425865488541
72127	20-24	2	0.00290969711891132	0.00341454118319553	0.00509976441288292	0.00443812026993618	0.0041615181201173	0.00344101505299239	0.00345592095880453	0.00300351622512854	0.00246050667504153
72127	25-29	2	0.00333204799206328	0.00438219571044791	0.00626268251125152	0.00461132072791371	0.00414581711941164	0.00416618076432491	0.00356686535811404	0.00288924678129032	0.00297658106175605
72127	30-34	2	0.00423285901154733	0.00686399117365847	0.00872561104966398	0.00666229034430354	0.00377681982746327	0.00391672391074787	0.0031628489843168	0.00339423901115982	0.00296245852744885
72127	35-39	2	0.00472281093028102	0.00766958204964739	0.010827900574973	0.00722037945710732	0.0047834469085829	0.00392414797116291	0.00295806306141199	0.00343421199494005	0.00363421529794058
72127	40-44	2	0.0055952790519338	0.00770843400063452	0.0105380184064366	0.00861392293516931	0.0055102477151366	0.00505703499413402	0.00397944225947006	0.00409202126476788	0.00511676730938636
72127	45-49	2	0.00712878710294174	0.00941045503161314	0.0107236981415469	0.0102515650392581	0.00709605027189002	0.00626157579167891	0.00528077815736591	0.00484585902550366	0.00560533879823195
72127	50-54	2	0.00965153657445264	0.0100452408739314	0.0122199524707878	0.0112423589405868	0.00968421110147565	0.00896416254399152	0.007274584475447	0.00678377043489467	0.00646657632046903
72127	55-59	2	0.0140440392519272	0.0154638339877441	0.0135248939451005	0.0136782761792323	0.0120838993434515	0.0115249531751431	0.0110503598969616	0.0101258926155133	0.00961499546840315
72127	60-64	2	0.0214557821356529	0.0216567131771664	0.0203869481119532	0.0189472625154613	0.0158103093827561	0.0154011237920577	0.0138572987238011	0.0138267224886123	0.0131911523307469
72127	65-69	2	0.0288032611256092	0.0281892862102788	0.0263309834021483	0.0252112446986288	0.0215036980994132	0.0201892723004389	0.0188239418759563	0.0168354374466494	0.017718050812303
72127	70-74	2	0.0441122130399783	0.0434829526281829	0.0405834551975385	0.0401293199039336	0.0319939299813776	0.0277542227260287	0.0250838600738873	0.0231616564426982	0.0253254309758037
72127	75-79	2	0.0586916549506744	0.0584539153946838	0.0555858202965039	0.0554883910834974	0.0480744915591417	0.0427963179441281	0.0389658481610547	0.0362008856130336	0.0401270735949339
72127	80-84	2	0.099179623231716	0.0910440611238221	0.0889829374384288	0.0883051223047545	0.0735185565789112	0.0714476606913641	0.0653497682504238	0.0590068064310762	0.0567365354138201
72127	85+	2	0.165857516072524	0.167914091947355	0.154759668788521	0.156433653017664	0.140604737384409	0.132842801715346	0.131875867369701	0.122676354012265	0.122784365953381
72129	0-4	2	0.00350609085782451	0.00307294867030479	0.0029459550622236	0.00297578190839845	0.0026394142237881	0.00267332697095718	0.00234364585669136	0.00208406327546282	0.00201077199262242
72129	5-9	2	0.00023698803932979	0.000242847231309279	0.000229156589630307	0.000224065375856473	0.000182964262114573	0.000182688857899521	0.000168097497637657	0.000147499566365083	0.000154443600785111
72129	10-14	2	0.000255667069955377	0.000288803870203129	0.000261635152791193	0.000294098594776581	0.000230402292565937	0.000229668174945131	0.000212857691905093	0.000187478330267033	0.000186403162627194
72129	15-19	2	0.00121899580939007	0.00101294280115706	0.00105039617669659	0.000842081925359908	0.000835391703972461	0.000810267424344731	0.00076945776000202	0.000745685954619657	0.000635155018285996
72129	20-24	2	0.00157816144327148	0.00163417426357815	0.00176083271511372	0.00217423729113423	0.00172558304908185	0.00159931814390713	0.00143841785655261	0.0017873583641069	0.00128354858264229
72129	25-29	2	0.00226258914742347	0.00247198741932486	0.00272607016632954	0.00225014211070003	0.00216517099206815	0.00190830390508162	0.00242239087862797	0.00204177864290287	0.00164560667798449
72129	30-34	2	0.00238688105189375	0.00359605786515923	0.00349714726726123	0.00258814733497876	0.00234992516810312	0.00225785995659912	0.0025148945949012	0.00206110396949059	0.00230961009976579
72129	35-39	2	0.00352844110038581	0.00432835504607538	0.00428029880099814	0.00400327375861647	0.0028748802286626	0.00219983786783483	0.00208825088902541	0.00266225455869654	0.00309958752934063
72129	40-44	2	0.00464971591364578	0.00598423087264217	0.00541461497803489	0.00469075566235243	0.00384360626181738	0.00331085904663879	0.00270448143368628	0.00284790761774416	0.00357286296582811
72129	45-49	2	0.00569658450945515	0.00651694925520586	0.00765271643903693	0.00615890239287484	0.00585228621781277	0.00557707501671568	0.00446368929576468	0.00414562215701968	0.00468114343587837
72129	50-54	2	0.00865886614152988	0.00853982055372441	0.00912787432043762	0.00831770740814557	0.00851020877778112	0.00806240880746594	0.00507575431630786	0.00648542782055613	0.0059434745394986
72129	55-59	2	0.01372340988189	0.0152894540552719	0.0135261068390804	0.0142653603286005	0.0111109733760802	0.0113743575784085	0.00868798845955068	0.00787788450062335	0.00831352688016858
72129	60-64	2	0.0170458754088168	0.0174266442920762	0.0196148277829629	0.0208641754445182	0.0185792190663452	0.0157411167659084	0.0137348273852448	0.0109368247088962	0.0115867579511597
72129	65-69	2	0.0290703189896205	0.0261365396348387	0.0311662981527723	0.0263004658484389	0.0231308443441092	0.0190542494733984	0.0178292511391626	0.0195129302851798	0.0163794758991788
72129	70-74	2	0.0343053586750067	0.0438512861468554	0.0388268313332093	0.040760691158512	0.0328783318415921	0.0282364587025621	0.0244292308697493	0.0225798072911494	0.0278638886082001
72129	75-79	2	0.0547076781360295	0.0573443502044464	0.0631510407558385	0.0458008870762983	0.0528569797505544	0.0480262008749531	0.0450429013399238	0.0369881157397729	0.036404295106489
72129	80-84	2	0.0713297670456459	0.0840323068857232	0.08129795713969	0.0810666825027048	0.0702143190916676	0.066815890392639	0.0598769446673453	0.0461695350571759	0.0462693976481691
72129	85+	2	0.142669068345473	0.167607251976671	0.152861537300173	0.157647969890671	0.147840781896122	0.144670923852726	0.121417324954716	0.136459445121694	0.115806815775513
72131	0-4	2	0.00322756582649859	0.00351273735993918	0.00335921182282896	0.00298572492564304	0.00266894759265074	0.00231608848189015	0.00240483668295007	0.00178848955749672	0.00202636256485086
72131	5-9	2	0.000217092218829515	0.00023404371839083	0.000254376289288277	0.00021642740858139	0.000194669850091434	0.000176582825285459	0.000155102008051837	0.000142607781950076	0.000157121999100492
72131	10-14	2	0.000259037910788648	0.000277255090756299	0.000262159034772606	0.000296466018243237	0.000212267782354684	0.000255437891220475	0.000215897059638545	0.000180979496419218	0.000179991034390896
72131	15-19	2	0.000877128530685716	0.000860513951144862	0.000950398206058794	0.00104584945727832	0.000729866763248645	0.00065539956163957	0.000641826150016452	0.000601290663428347	0.000557612741143476
72131	20-24	2	0.00152693826714562	0.00171954911270825	0.00145529156688773	0.0015111811022646	0.0015596287035547	0.00120301687967805	0.00119613971074916	0.00115423369076135	0.00132616822274389
72131	25-29	2	0.00179989785540662	0.00253876352485955	0.00216520627679722	0.00205478671897936	0.00178318428862457	0.00172618329650276	0.00136972887502574	0.00132687862859301	0.00136943526782456
72131	30-34	2	0.00197002604812946	0.00251867144894879	0.00240867078637987	0.00224192020649991	0.00236259218655907	0.00171413424272161	0.00210698604453677	0.00170101778023123	0.00176712987811713
72131	35-39	2	0.00297624894820003	0.00405044329148847	0.00322002980839036	0.00327616910641383	0.0023996461433789	0.0020481330312113	0.00195297157379599	0.00233804622871634	0.00279493597309763
72131	40-44	2	0.00330493593043169	0.00487657429588656	0.00468971043099156	0.0044504290621157	0.00351601192153887	0.00327871786303538	0.00334973357730663	0.00252574799390917	0.00303166623537292
72131	45-49	2	0.00558643507522819	0.00475307435623181	0.00579491738153593	0.00529285318533105	0.00413127663885255	0.00469217354109117	0.00435115246689167	0.00383550758396598	0.00425711363506735
72131	50-54	2	0.00656974103188909	0.00814389493475328	0.00815787967394893	0.00749623499715237	0.00573067467679503	0.00627685347052787	0.00584730735093881	0.00546151618558155	0.00502090106542335
72131	55-59	2	0.0114512897365695	0.0110336736693078	0.0110467161544438	0.0110244648104988	0.0101948608863146	0.0104108707331039	0.00815406387956337	0.00824978953433608	0.00662195205946274
72131	60-64	2	0.0168700871911547	0.0160699545649665	0.0160815058424207	0.0150345759142365	0.0135193984432645	0.0137000413127272	0.0121049530790545	0.00981905549546287	0.012659965554123
72131	65-69	2	0.0251185140635587	0.0228435774400402	0.0248068920122723	0.0222999102571081	0.0181230585187392	0.0206763113766396	0.0187434456725537	0.0146631562203394	0.0145610781137099
72131	70-74	2	0.0416527521383353	0.0412374366755556	0.0355353625194878	0.0365820551738372	0.0336778455158212	0.0264174412489544	0.0276084545313598	0.0209533356762788	0.0215519543764542
72131	75-79	2	0.060110537356638	0.0596575943535939	0.0619377965946894	0.0492045493136329	0.0540055033164343	0.0463590895976822	0.0445743844186607	0.0389635951688867	0.0411062538438834
72131	80-84	2	0.0855776090701001	0.101251683208107	0.0888528293598231	0.112406816147093	0.0849113864280735	0.067889297705632	0.0700248586425198	0.0573929148036543	0.0649995072706309
72131	85+	2	0.196519692746157	0.167292836272404	0.170903402543201	0.156343297002828	0.156942831639117	0.162064312967822	0.133364474817465	0.140669932123056	0.130505936920629
72133	0-4	2	0.00474074003429998	0.00429965403878584	0.00466834194188913	0.00437153502420278	0.00329368480359762	0.00278961017456903	0.00264729405369794	0.00247433626569779	0.00253327985181979
72133	5-9	2	0.000254989469616947	0.000263107698185189	0.000302547157392903	0.000254960510908857	0.000251749590773735	0.000215541667514919	0.000188257285315333	0.000182192313226161	0.000181291503576357
72133	10-14	2	0.000373088219661717	0.000333625032407581	0.000316779065759114	0.000325398593175425	0.00027765283924522	0.000286998788685274	0.000263483603517533	0.000210443195050699	0.000220489606732082
72133	15-19	2	0.001045447841185	0.00110815221025956	0.00114998247394379	0.00123681564275411	0.00123836128620339	0.000916919110197917	0.000918295143324051	0.000660340332957064	0.000849178053551128
72133	20-24	2	0.00210410639647324	0.00249666448995479	0.00222566346125168	0.00247554563104673	0.00260429191269814	0.0021766117030231	0.00218109087926037	0.00155358805764876	0.00141064696142363
72133	25-29	2	0.00239713906971256	0.00283813433479689	0.0037323584794699	0.00327959938810246	0.0025728863112076	0.00252869603754695	0.0026876809332744	0.0021990590285371	0.00258631752809972
72133	30-34	2	0.00258149531470715	0.00351904679849585	0.0046222957520868	0.00280103922742494	0.00298841586509641	0.00287498188934594	0.00248285827567612	0.00219864857329668	0.0027894322409873
72133	35-39	2	0.00321489969351467	0.00351301905678316	0.0067521085448892	0.00435077821921326	0.00371394293669625	0.0024351009369606	0.00267330146327223	0.00207513075893436	0.00288015308390681
72133	40-44	2	0.0045108176089152	0.00472280561447486	0.00495793929551496	0.00752179428312636	0.00455807260498798	0.00370327146334069	0.00322758153216429	0.00314355590278318	0.00381158091728761
72133	45-49	2	0.00594969615656418	0.00759061374573254	0.00839530619274772	0.00639293104515124	0.00609260850264646	0.00555993605572743	0.00562264473726014	0.00455915186787114	0.00481133218252351
72133	50-54	2	0.0087723219120609	0.00979290693967566	0.00938419395710021	0.0101212897343395	0.00926876537932484	0.00853950631468614	0.00602413576972924	0.00563117695329165	0.00501943898385254
72133	55-59	2	0.0114979676319662	0.013818963842272	0.0132536867836324	0.011599247799078	0.0122308149948716	0.0117663927266837	0.0112039110697561	0.00928154902866729	0.00976942889918184
72133	60-64	2	0.0204086969313252	0.0207970266158588	0.0229343825584565	0.0166050443693961	0.0205527015128126	0.017568971834583	0.0120548591363642	0.0140038988461938	0.0144525770437843
72133	65-69	2	0.0373975571332331	0.0298132245475176	0.0304514920256188	0.0269755847062405	0.0262844337153621	0.0195946521477211	0.0160969631448051	0.0241315678276396	0.0224905933029723
72133	70-74	2	0.0496425230403162	0.0391172819279556	0.0490746193296743	0.0426852624425911	0.0386405327768913	0.0361146608508458	0.0314462938644134	0.028885869294016	0.0250130546735068
72133	75-79	2	0.0800166606135497	0.0636419562888946	0.0687694873892345	0.0638539050457198	0.0643435789902064	0.0521990008938579	0.0391038889278922	0.0483031665162129	0.0458883137359048
72133	80-84	2	0.108156132894982	0.11040008285292	0.0910593765643078	0.139700732783551	0.0993151981285302	0.106340059968224	0.0710846968901465	0.0662303600715255	0.0754345121094214
72133	85+	2	0.159793931194308	0.215517585647192	0.185634639788292	0.168190258457036	0.168884524957541	0.159777452026826	0.205009587857392	0.137150537073522	0.144077642535507
72135	0-4	2	0.0038397287115171	0.00281407850472892	0.00273276771991381	0.00231546823607024	0.00210708982596468	0.00205605420639239	0.00186365784741876	0.00184239793743116	0.0017310272793958
72135	5-9	2	0.00019925739346882	0.000192002183005064	0.00021522888344476	0.000180400912481113	0.000176274513367986	0.000159785219683162	0.000135589294475015	0.000126347755820323	0.000133095543231375
72135	10-14	2	0.000264400846755656	0.000252841117193428	0.000224757623657896	0.00023727012684732	0.000211271843957649	0.000190118045219866	0.000176212098126616	0.000151253042023215	0.000159320454375151
72135	15-19	2	0.00077648164887827	0.000837232493659268	0.00105681970202129	0.00100949327283861	0.000691814697679654	0.000868407036802319	0.000668777282579229	0.000520215524659945	0.000606631080390285
72135	20-24	2	0.00165522642772385	0.0015665412234207	0.00224124167286196	0.00191142572822878	0.00142219831821599	0.00179752083004865	0.00180220946178196	0.00117587056122918	0.00110365700100206
72135	25-29	2	0.00151841787774566	0.00138286602387937	0.00239302349900688	0.00197934284978206	0.00197836610120552	0.00190809038325633	0.00196629592959912	0.00186152896673887	0.00141974165947118
72135	30-34	2	0.00169599191222759	0.00234043611971067	0.00282692364427625	0.00279075568964387	0.0018957588526269	0.0019239049279599	0.00227208356413153	0.00173127280126266	0.00208119502740257
72135	35-39	2	0.00281386108858196	0.00298196229863043	0.00387017203798373	0.00331225827950771	0.00183198939961538	0.00198701356333646	0.00189884175368341	0.00186872822250676	0.00233339360088214
72135	40-44	2	0.00370488364325285	0.00416635865481182	0.00353182919250786	0.00372208958638113	0.00318651171931306	0.00293147503262875	0.002291366626512	0.002729078918162	0.0030241838363624
72135	45-49	2	0.00385568411062705	0.00469746462912444	0.00401426174183566	0.00569918101221275	0.0045749691353168	0.00303634420493033	0.00357553791719668	0.00281170865215044	0.00371307520023915
72135	50-54	2	0.00661318653817547	0.00765699460798562	0.00821311791404671	0.00801966952081565	0.00706092724231515	0.00542433431277896	0.00485423095416153	0.0049585052783697	0.0043568954468131
72135	55-59	2	0.0105370049123844	0.0140751384348706	0.00982034855269443	0.0109959384658429	0.00858513685398972	0.00731402512894066	0.00706511886529284	0.00761925024382549	0.0068294237362987
72135	60-64	2	0.0179886852577451	0.018504551252725	0.0163621812001397	0.0149649849858057	0.013377372827514	0.0128892733584097	0.0089604776404763	0.00961653220101625	0.00986076926621387
72135	65-69	2	0.0226598037331507	0.0224259368684827	0.0230626768412739	0.0231822936067371	0.0220009067209031	0.0161580132817861	0.0150734028211206	0.0124845950851799	0.0159417073226307
72135	70-74	2	0.0385473961838187	0.0434487521966126	0.0333938122947083	0.0392925934512015	0.0280357010330586	0.0231911306259708	0.0209595538640525	0.0212096125618342	0.0236922712886406
72135	75-79	2	0.0460397708374821	0.057821508676439	0.0485438396416908	0.0496813972217459	0.0494590714157297	0.0446747720700162	0.0429891213323315	0.030636572852398	0.0328403331648813
72135	80-84	2	0.0741610357870588	0.0756246005148646	0.091431588118482	0.0903060305985471	0.0883905089799825	0.0659451484376721	0.0642809669840652	0.0582686829703157	0.0508099866246783
72135	85+	2	0.188795995261353	0.151751434519132	0.145916724345244	0.161687711140294	0.151543633985863	0.15038368590733	0.139924152928152	0.124349063805146	0.116193792079989
72137	0-4	2	0.00380489373302236	0.00307603483922924	0.00331662534875694	0.00263417937395199	0.00247472369964763	0.00260557324848798	0.00196955998436004	0.00194704808719389	0.00208500546665225
72137	5-9	2	0.000204098612556686	0.00023720954414134	0.000256681057765572	0.000223948916769257	0.000188277069401291	0.000182020636852367	0.000172126390930045	0.00014695750920678	0.000155855012044626
72137	10-14	2	0.000318203882233613	0.000333780342409026	0.000308417151330795	0.000334318010440427	0.000243315153410538	0.000224631420389653	0.000184809118492947	0.000184209734212051	0.000195352812582427
72137	15-19	2	0.0010643319511933	0.000887220870078732	0.00128879384148084	0.00172699357520651	0.000988976097304848	0.000987365772655574	0.000941418576258604	0.000607767002476926	0.000652210970509073
72137	20-24	2	0.00205748188314136	0.00229854007089034	0.00316096118981431	0.00329516979314786	0.00278482138273232	0.00228842620501737	0.00209514072792367	0.00184485783115038	0.00198159917232193
72137	25-29	2	0.00221832396707656	0.00324763992889584	0.00404318650348162	0.0030180513884571	0.00321344979825841	0.00250401461692789	0.00269696063447135	0.00229692631587482	0.0023244350754746
72137	30-34	2	0.00239266021790181	0.00329167018444741	0.00503952580986397	0.0035934006819709	0.00321620725194594	0.00260882607766607	0.00282648883860291	0.00236598704210605	0.00277021095615
72137	35-39	2	0.00317027629604475	0.00399601236866781	0.00536218122466426	0.0051323398132164	0.00352873023138121	0.00282820967462291	0.00249139844041292	0.00233265310067447	0.00278820039042732
72137	40-44	2	0.00312344294005335	0.00447043039369044	0.00545949143321074	0.00593587921515073	0.0041100715204112	0.00362395628076659	0.00295663391875849	0.00310096546812474	0.0042185185726419
72137	45-49	2	0.00557791748610194	0.0058708597362787	0.00656675751546954	0.00579154647442758	0.00563412082039556	0.00519827123832109	0.00437933181766213	0.00421881551231592	0.00484316688228122
72137	50-54	2	0.00732022504273082	0.00941055073336615	0.00849760064837042	0.00864966376021542	0.00659350744945384	0.00824515597250943	0.00668427521438138	0.00628513895969905	0.0062415488990907
72137	55-59	2	0.0103590319579754	0.0111561545534863	0.0106975007210406	0.0126025984147668	0.00994541149069478	0.00974892687620679	0.00949137192542274	0.00911946846593069	0.00921729338840144
72137	60-64	2	0.0194767578991452	0.0176502919347204	0.0149682372447529	0.0164294280689041	0.0151880301249011	0.0147164751976534	0.0131884434281098	0.0123420490859148	0.0131711797749586
72137	65-69	2	0.0250527411223223	0.0250311841581226	0.0269216462526199	0.0232853403798944	0.0213257025038741	0.0193284949589299	0.0200334202030677	0.019646846969436	0.0165842757681548
72137	70-74	2	0.0387581906497955	0.0409071124029725	0.0427163459684238	0.0345129741440477	0.027491256747011	0.0288810140475141	0.0295872584893454	0.0229049365060148	0.0269170113760236
72137	75-79	2	0.0530345011288392	0.0649700596210702	0.0561219501276694	0.0553029858570858	0.0484458108307076	0.0481667168791527	0.0404218917353116	0.0349605694783179	0.0371305154646922
72137	80-84	2	0.0885141708659719	0.0824047427767332	0.0914999149684308	0.0796745149726684	0.0832583620459074	0.0771824262611205	0.0643714093248392	0.0630012963154383	0.061397685502678
72137	85+	2	0.168229458010826	0.166219206454192	0.158045460098397	0.160211386517305	0.148588829810932	0.142101125585171	0.134248492149346	0.1173562653599	0.118529449053337
72139	0-4	2	0.00290292718300423	0.00275877303389683	0.00269631919899538	0.00262990950641484	0.00204777792832889	0.00183151047551392	0.00177573055122797	0.00144642558333567	0.00191101855863445
72139	5-9	2	0.00020391935317115	0.00019857711319105	0.000223647954877026	0.00022711546251766	0.000171334227299769	0.000156766014541875	0.000139188931000742	0.000129311671337382	0.000150682306672101
72139	10-14	2	0.00025674076322527	0.000248050696021953	0.000265830063714891	0.000259623753993132	0.000196460457694552	0.000195761927598695	0.000182559398832997	0.000163410403403264	0.000179815524347244
72139	15-19	2	0.00106532174309387	0.0010158288132538	0.00113278075634046	0.00130774820615368	0.0010756749325111	0.000854444562533332	0.00077426029714726	0.000505342635763997	0.000498366527346805
72139	20-24	2	0.00174910314543796	0.0016718023237663	0.00226569239317319	0.00226329746224733	0.00198570012872411	0.00214800852236713	0.00135854099132157	0.00138223353733548	0.00143873806316831
72139	25-29	2	0.0019074606956857	0.00269011604834638	0.00306706757154963	0.00281512697673131	0.00211119254467261	0.00287840801786596	0.00184097824023672	0.00192632536914414	0.00193581595161567
72139	30-34	2	0.00226955917436038	0.00280565104305399	0.00312345858171022	0.00259970443019218	0.00170159588144797	0.00216038082571544	0.00200986803447167	0.00223304209644626	0.00226165240556723
72139	35-39	2	0.00272817412643353	0.00392084411322148	0.00483075015774894	0.00321142812209072	0.0029556965587	0.00246521626474906	0.00297293873786837	0.00247362997950731	0.00218013027481062
72139	40-44	2	0.00385691515034074	0.00398588010331802	0.00511676538327073	0.00433694959009495	0.00400588559350251	0.00244192077767781	0.00237608920613707	0.00255441565612564	0.00230166746547568
72139	45-49	2	0.00428767845582933	0.00467067479354275	0.00544599475936664	0.0053644730490347	0.00504776290705055	0.00470378119453636	0.00313763236479341	0.00344834901960162	0.00427583599809811
72139	50-54	2	0.0085108901089894	0.00915417041278773	0.00746343638677673	0.00792621948449778	0.00719780055982646	0.00564466825141814	0.00476195521738705	0.00437932814442852	0.00536526783611413
72139	55-59	2	0.00989014632538357	0.00949256156203596	0.00964456552806379	0.00920278721740042	0.00877078919209839	0.00853683464695087	0.00793028630648105	0.00610325578140187	0.00864928880379654
72139	60-64	2	0.0140357612355667	0.0173603150328598	0.0161816681422432	0.0155471219898429	0.0133508447066301	0.012091075401804	0.0127598178023377	0.00981770292420717	0.00957849656783565
72139	65-69	2	0.0280773485084917	0.025279054634963	0.0235099484376255	0.025378654097369	0.0173427602286836	0.018991646730297	0.015384652894886	0.0140281186154227	0.01633625032064
72139	70-74	2	0.0404962201276776	0.034199980722945	0.0334551497333575	0.0352639213569493	0.0282571279047791	0.0276895085255571	0.0242835836983366	0.0219910079791969	0.0225154014512877
72139	75-79	2	0.0415111033722243	0.0502524853313246	0.0489962961308826	0.0467383435632822	0.0522873230251012	0.0445422298764273	0.0393537138097727	0.0295122389294874	0.0315158298596025
72139	80-84	2	0.0780709886156864	0.0830126643414111	0.0748247385109253	0.10189729865397	0.0731384521961816	0.0662379184740338	0.0607121331107959	0.0558544314575598	0.0539589578185966
72139	85+	2	0.152707403698738	0.161795636018891	0.131298542733128	0.146641571906755	0.141790520932178	0.125584936045655	0.127645761560781	0.130667862392911	0.121870302357864
72141	0-4	2	0.00390154937180873	0.00310189966468377	0.0027062628860985	0.00255388649989459	0.00217416565893929	0.00207451959135815	0.0022473754688586	0.00208655479965545	0.00182591605097339
72141	5-9	2	0.000203912096153947	0.000199788612037816	0.000207731882567808	0.000203709211328237	0.000183443146475052	0.000184109735110592	0.000154020600588258	0.000141247331507346	0.000147373841168945
72141	10-14	2	0.000253989705668978	0.00025036752489127	0.000260889896377626	0.000244393474330875	0.000231499216395049	0.00020155724733796	0.000195422870022003	0.00017173289368228	0.000179165402719443
72141	15-19	2	0.000872227884908268	0.000926649076142972	0.000710555146273299	0.000855326782840763	0.000736524682818409	0.000741805537724476	0.000597127496821397	0.000621582330223636	0.000549262561387215
72141	20-24	2	0.00169565901789935	0.00177242222660121	0.00193352761173657	0.0015624555243054	0.0014284584920739	0.0012455886435914	0.00112612883638774	0.00114791792654214	0.000986373810952494
72141	25-29	2	0.00253116953566638	0.00217295438427571	0.00228576340737474	0.0018427395192052	0.00165324507641422	0.00203953570095395	0.00148420183671505	0.00149440318761172	0.00157464514655255
72141	30-34	2	0.00217384328373686	0.00231076742666556	0.00228426470374234	0.00243101369689372	0.00182712546201436	0.00254230225113859	0.00173635264838531	0.00168740417981936	0.00184977882286041
72141	35-39	2	0.00316499960997064	0.00312395753984164	0.00359658460233161	0.00342749373463496	0.00232908961389269	0.00280653222391972	0.00241712210948676	0.00195377397979625	0.00240535541882385
72141	40-44	2	0.00345399379981522	0.0032228915661774	0.00406970246325785	0.00401282073845016	0.00272179110752894	0.00294269764551536	0.00266943244781485	0.00289154490996811	0.00391255324084034
72141	45-49	2	0.00476871137337805	0.00722486318771269	0.00551271960208262	0.00459832573701238	0.00415704423163483	0.00486348529101358	0.00414458989425792	0.00359375374772076	0.00319668894675569
72141	50-54	2	0.00780562121686669	0.00719121236468476	0.00733616165158492	0.0059514313470659	0.00603991032772228	0.0057550695805503	0.00559865248401642	0.00516709884319004	0.00513869714741678
72141	55-59	2	0.0110948638392828	0.0124853202609876	0.0112568167327532	0.0137308725589634	0.0103927666843699	0.00985879249335888	0.00904285044842302	0.00743535680762353	0.00822376321921654
72141	60-64	2	0.0148914408569934	0.0160098729562024	0.0158158398002614	0.0200509385092537	0.01401553239104	0.0136088158525542	0.0110092622707364	0.0114621972790083	0.0123332257402201
72141	65-69	2	0.0239961802766097	0.0197424395408258	0.0269758364742223	0.0249009697368995	0.0244936170461651	0.0187278284254021	0.0201068491600232	0.016299393028085	0.0137220866705401
72141	70-74	2	0.0334825326246895	0.0386647262915782	0.0371505604704359	0.0345077565421091	0.0329318992580653	0.035278113417306	0.0287715444207194	0.022021194926338	0.0226829459033822
72141	75-79	2	0.0567425224883263	0.0637653943408689	0.0498819240359533	0.0578144008411848	0.0479560209169396	0.0424028701915593	0.0486528490579353	0.0330132562986785	0.03111470507623
72141	80-84	2	0.0924908534319997	0.0905679806354107	0.0881578376012416	0.101023845012814	0.0861846855580332	0.0858157707107739	0.0765685220732502	0.0577267824248218	0.0546584458218711
72141	85+	2	0.185223093820464	0.128615575604809	0.168204349134261	0.158933928182524	0.166223841736087	0.151923768494331	0.132656454044236	0.131400204718526	0.122296591910942
72143	0-4	2	0.00336014404786721	0.00313074393670056	0.00349356651637684	0.00299778903174786	0.00292898391721176	0.00218529513605541	0.00219087364888723	0.00201550017323729	0.00200897079286795
72143	5-9	2	0.000236418047522473	0.000278131635636719	0.000227626515569532	0.000233098452191755	0.000189614496442724	0.00018005713671306	0.000157625301843011	0.000145120147770809	0.000152298739868769
72143	10-14	2	0.00028291965753056	0.000274928934601849	0.000297707113185992	0.000278819515328863	0.000217670183929411	0.000227623536477724	0.000200205227101944	0.0001848589892851	0.000184490622033163
72143	15-19	2	0.000874165532004593	0.000921720596135319	0.000983478628979217	0.00151841728464687	0.000827058907664809	0.000823024773484204	0.00062719009749585	0.000589965291193604	0.00068202382232392
72143	20-24	2	0.00167033237988236	0.00211194757327845	0.0019969027031985	0.00247116196590699	0.00164419920519877	0.00205953040316678	0.00163749500556058	0.00118242438986561	0.00131766362195176
72143	25-29	2	0.00234892102414909	0.00237313423985071	0.00237043147548921	0.00246809435427167	0.00193330985065682	0.00208490343118637	0.0015045217381403	0.00158386333925064	0.0013344955274827
72143	30-34	2	0.00203870257065412	0.00376709477025329	0.00424773885431628	0.00301459837176397	0.00238824802584451	0.00243525269648684	0.00249938243912607	0.00180170186609816	0.00253163544209619
72143	35-39	2	0.00305891630758241	0.00432337131770918	0.00489678332030453	0.00352225549098749	0.00353284043037983	0.00315485480197187	0.00228200031663447	0.00218138697419721	0.00252393469636537
72143	40-44	2	0.00398720633124421	0.00405488082370655	0.00460024515502933	0.00505349602085502	0.00363212619397945	0.00377671060386662	0.00306060132474802	0.00299758855499356	0.0034359405486802
72143	45-49	2	0.00632685262622216	0.00471377513283973	0.00613961887506914	0.00583245873196058	0.00481204419799201	0.00645808910485056	0.00450838555624954	0.00314064960546689	0.00514189350794594
72143	50-54	2	0.00946553858594192	0.00765776961837574	0.0104639638419634	0.00695544242932502	0.00734412130077963	0.00627338421676907	0.00491464894077876	0.00490967238077576	0.0061417298001217
72143	55-59	2	0.011761435100351	0.013001692502775	0.0131025516668572	0.00958089055597816	0.00959966336394334	0.0105999024701072	0.0094891170281928	0.00609276255545935	0.00735309157506267
72143	60-64	2	0.0186589018364957	0.0168016346088732	0.0169885911515868	0.0139937456649392	0.0148660866478315	0.0137843181860249	0.0113912739430774	0.0096350753410833	0.0103667898876699
72143	65-69	2	0.0241651893891532	0.0245738317477586	0.023463429752079	0.0262036976522032	0.0245204928868139	0.0237052991152049	0.0165769935604651	0.0157454666805242	0.0123640860921692
72143	70-74	2	0.0347971032934363	0.0335769828068258	0.0402996519904261	0.0363928029122779	0.0366948542229624	0.0276156911985777	0.0258366472313058	0.0228857446589728	0.0228490946670562
72143	75-79	2	0.0425895708762228	0.0556581063142254	0.0617334186726905	0.0576554541637813	0.0448341347084805	0.0392753517885888	0.04056297113163	0.0376097997127712	0.0320350816112217
72143	80-84	2	0.0922738594406584	0.0852135443831976	0.0895635798534418	0.104535986235524	0.0720606231172479	0.0785955280123171	0.0659077257226309	0.0537767746191535	0.0471129566567373
72143	85+	2	0.206916158830482	0.157587544776134	0.158515820547634	0.176340144369699	0.144085402018015	0.14331056188582	0.143036365205382	0.13271989861247	0.104274842415316
72145	0-4	2	0.00337348687992296	0.00327025833046097	0.00402755018655493	0.00300820850157722	0.00247302619074987	0.00261893215999068	0.00203280872761424	0.00215241274323099	0.00200122015031822
72145	5-9	2	0.000227178734152105	0.000242977507553334	0.000229690078155049	0.000245316148782544	0.000211941675310842	0.000177215643874584	0.000172842432895999	0.000153124744742521	0.000160853590396674
72145	10-14	2	0.000294113517608168	0.000311731759837104	0.000308776366454692	0.000305081850378044	0.000242940893065081	0.000232428143868284	0.000216551046419066	0.00018333782609009	0.000193274683606181
72145	15-19	2	0.000998836815618006	0.000968512187356408	0.00108446862172075	0.0011865257203827	0.000905004160109375	0.000735238524202426	0.000700579298116369	0.000629687208658514	0.000618116157769938
72145	20-24	2	0.00194974423391044	0.0019988590264634	0.00219465747375338	0.00264823502459111	0.00223219903435798	0.00200691552614174	0.00183430427068625	0.00140243512759502	0.00156317211588614
72145	25-29	2	0.00287294755408714	0.00228516311608973	0.00336978869241887	0.00274574605708869	0.00263956636879373	0.00292533548597238	0.00225151116145332	0.00166352940557416	0.00279723616311019
72145	30-34	2	0.00250958585375277	0.00292142203736117	0.00504600132587067	0.0036263750845941	0.00310602332011654	0.00321419974239381	0.00240052679679497	0.00243842765697822	0.00310085816423161
72145	35-39	2	0.00385182090420278	0.00421446369236212	0.00499321293073193	0.00490901397054066	0.00344096929798191	0.0031143484534172	0.00299875725475506	0.00208574236961304	0.00332274589354972
72145	40-44	2	0.00460536326360938	0.00642228291449586	0.00543133627273714	0.0047114350352931	0.00548474684168926	0.00346839177730307	0.00288149577661152	0.00355737837588143	0.00546395123192518
72145	45-49	2	0.00665285886176422	0.00735320374270637	0.00580568856347516	0.00857152778077837	0.00590409602727706	0.00621397301129379	0.00632620346944127	0.00459304933617369	0.0057315957281687
72145	50-54	2	0.00873079040624033	0.00815454729893742	0.0108572310115045	0.00957714066201043	0.00729405208029247	0.00866169273747895	0.00621492280147879	0.00581130392007	0.00561850594590298
72145	55-59	2	0.0118358082537907	0.0131054258975	0.0127122555622885	0.0129928737691195	0.0103647692478668	0.00998260511444703	0.00796239971387139	0.00772771344081073	0.00970311339273243
72145	60-64	2	0.0181213543517874	0.0208748680598461	0.0195668713165415	0.0181521516830986	0.0175059080987154	0.0134849068340333	0.0117536339918986	0.0119175948856653	0.0112481977259039
72145	65-69	2	0.0236005063416161	0.023076321757952	0.0280777167823516	0.0248317348488694	0.0230205887535279	0.0214353582189049	0.0187556998053928	0.017096318523375	0.0162107033716887
72145	70-74	2	0.0398671722809855	0.0438432699693238	0.0439198620226697	0.0425816058579104	0.0338361721858325	0.029078691395004	0.0276610981188132	0.0254727916225444	0.0241268668088648
72145	75-79	2	0.0516421447606855	0.0510139553386151	0.0588278313144914	0.0589653945572533	0.0622328986769303	0.0443196958732725	0.042274532785003	0.0388852520036643	0.033150672757435
72145	80-84	2	0.0839632445769114	0.0832280900253002	0.0896919942671443	0.108928997390435	0.0995881508437918	0.0835903433330309	0.0704185631554707	0.0657272037136615	0.0561566584884951
72145	85+	2	0.182188509725355	0.153684013847037	0.156171543905334	0.157491385340671	0.15847598399307	0.155072806138836	0.126095453431871	0.124954265809955	0.10869951046315
72147	0-4	2	0.00519201897963305	0.00486859329338984	0.00479395662363918	0.00375872470442804	0.00343698667743424	0.00344314499527749	0.00301253323578799	0.0027102211869585	0.00271060144950836
72147	5-9	2	0.00026039679106404	0.000281339154646379	0.000292017165602431	0.000284711147168444	0.000228639890482226	0.000215988829124427	0.000197282607095436	0.000179681319129783	0.000186968647491975
72147	10-14	2	0.000368710221713648	0.000342574961854426	0.00035570088897192	0.000347143547899838	0.000293737187639143	0.000277625396653102	0.000241575322798339	0.00022032178777083	0.000228965487192439
72147	15-19	2	0.00113097342209528	0.00111243400206888	0.00110390993783331	0.00113469506365486	0.00112194841089474	0.000920504570108917	0.000934545414758982	0.000748122801152972	0.000999078640072705
72147	20-24	2	0.0018717076836726	0.00196281332042879	0.00193488489441721	0.00201853396106691	0.00198988356621559	0.00179152139478371	0.00270915296680859	0.00171606877465559	0.00188115416844812
72147	25-29	2	0.00255945775719929	0.00267030758976505	0.00285270634067691	0.00307918918650741	0.00196262821910327	0.00264918800567909	0.00226942690569931	0.0019372418949152	0.00225964880175121
72147	30-34	2	0.00289934269609686	0.0036199370144205	0.00470433988371069	0.00459846114983113	0.00252362190073621	0.0026375971189213	0.00277735359872803	0.0024662621446916	0.00236242431805325
72147	35-39	2	0.00368582749670981	0.00437835447233498	0.00428733756319374	0.00535711400356902	0.00397107916497671	0.00360336515114516	0.00306639157272475	0.00266241615901845	0.00326621752229817
72147	40-44	2	0.00567700179100837	0.00443296802546482	0.00485557913007648	0.00589299647824545	0.00549636134556916	0.00481814546029996	0.00459415166915016	0.00401609963180987	0.00413310621380998
72147	45-49	2	0.00924627327729409	0.0067096283585155	0.00670177761096224	0.00643908261826825	0.00620779003968208	0.00539123930930671	0.00513436748893823	0.00590442241274149	0.00539602692155184
72147	50-54	2	0.00928856851896121	0.00869184264190488	0.0103977794339979	0.00917097764985959	0.00908930393412463	0.00828365585625581	0.00683046372949046	0.00686050085963142	0.006861983851995
72147	55-59	2	0.0137162433536305	0.0161105059447623	0.0151056904519625	0.0149517080685477	0.0121097954841014	0.0117998706139053	0.00946154254970856	0.00989872806253683	0.0114931859900345
72147	60-64	2	0.0209525832993271	0.0195772970951637	0.0229783335901334	0.0212863378434	0.0181220217076005	0.0211983067556064	0.0130125605095199	0.0139113965965219	0.0137013819685114
72147	65-69	2	0.0288705819638069	0.0290151158265736	0.0257731169620879	0.0397318309679085	0.0283493785500823	0.0173764311039103	0.0239009239315319	0.0234196764654471	0.0230281640744103
72147	70-74	2	0.0484583981703117	0.0471316939062877	0.0400213022957937	0.0486034026949804	0.0304987802830535	0.031037404896224	0.0279607609849112	0.0280676008888973	0.0247811631865154
72147	75-79	2	0.0640628303977085	0.07802476456825	0.0580652644510368	0.0608229411604018	0.0643654538562841	0.0499952425960394	0.0417184341985523	0.0300743226406237	0.0385581275557427
72147	80-84	2	0.105504061900719	0.112338396225796	0.0995465068724585	0.109190872186695	0.087024310485825	0.0969477852586014	0.0681591378375318	0.0630531786270628	0.0649234194491006
72147	85+	2	0.219309312539679	0.218096683742457	0.200072547071913	0.168010318176857	0.173907125412583	0.193557020043044	0.138916919230011	0.132801051409341	0.100416476501401
72149	0-4	2	0.0044243602931964	0.00316961702507951	0.00340150693778203	0.00330095213380931	0.00249608185548292	0.00263470669932415	0.00218443954243032	0.00232311594534198	0.00205709983551653
72149	5-9	2	0.000273889635598458	0.00022041065127998	0.000216869123318254	0.000221880612912738	0.000189996903678325	0.000172786582264149	0.000159480783359957	0.00014637120105678	0.000152587083396519
72149	10-14	2	0.00026105429429986	0.000279486291064798	0.000331439189559428	0.00025532045531081	0.000240821324727733	0.000219152700388415	0.000202389348134499	0.000187413512192203	0.000205691016195025
72149	15-19	2	0.000874183737306922	0.00104370233044915	0.000839161580213564	0.00087383627318236	0.000897281951393218	0.000831774134802175	0.000643506592002934	0.000564184868050072	0.000662914330360011
72149	20-24	2	0.00143740051688976	0.00158456559390536	0.00163881651830794	0.00130649681351816	0.00161030317972853	0.00129664073392957	0.00119058508332969	0.00120133222157951	0.0012261190596968
72149	25-29	2	0.00172485847968978	0.0019090579160008	0.00188801107097051	0.00191369478618782	0.00157919906134295	0.00179411528378775	0.00170607835199727	0.00150895164311037	0.001573259174855
72149	30-34	2	0.00227059796542299	0.00247539019831463	0.00289524040860564	0.00227228673104507	0.00210168059518488	0.0019301027963884	0.00191690207149366	0.00194990274888245	0.0019556948631895
72149	35-39	2	0.00292681021301909	0.00338838217705811	0.00295627549631105	0.00326548969554485	0.00265464498110008	0.00309731233822043	0.0023364262673032	0.00203590347120308	0.00253778725790615
72149	40-44	2	0.0033249058012324	0.00477984861846377	0.00438419383527395	0.00399585653886078	0.00371055307960703	0.00322688795806958	0.00270347695512863	0.00251164099247565	0.00352720544419285
72149	45-49	2	0.00602522477943773	0.00628013510222092	0.00601794139873142	0.00388998316535517	0.00435372327126278	0.00519067118167593	0.00358150286846627	0.00292952525748392	0.00413171090675256
72149	50-54	2	0.0102523757056304	0.00915198953241816	0.00674130514727323	0.00734223731444373	0.00715221170783936	0.00600996196131369	0.00612106296734401	0.00577423392969166	0.00461275306838494
72149	55-59	2	0.0139081932730914	0.0128375057943359	0.0108028335292267	0.00984758010072193	0.00867806545258131	0.00923346142796554	0.00697680914401237	0.00840058676600755	0.00788160311217655
72149	60-64	2	0.0144935647648324	0.0204406824052638	0.0165534168625359	0.0191098157494682	0.0133495792175644	0.0141212043320146	0.0131478396125014	0.0119545072836841	0.014342817238614
72149	65-69	2	0.0272691457430785	0.0249771924176445	0.0246244299220017	0.0236586782965886	0.0204296213047946	0.019997974648925	0.0207773951802901	0.0167865789506689	0.0178885700127199
72149	70-74	2	0.0403407976322277	0.0438630367953494	0.0491523219106871	0.0413520617576415	0.0312448258928405	0.028566062294045	0.0329152566008181	0.0238621509808825	0.0269890036818292
72149	75-79	2	0.0556396578989384	0.0568349818942577	0.0639163088627386	0.0480706180891157	0.0450252485758154	0.0451613259832662	0.0397357212805129	0.0429833173654036	0.0413609275161198
72149	80-84	2	0.0940453104028873	0.123506257556904	0.0966197049796403	0.115404094708883	0.0915601172695585	0.0819644568203666	0.0633075346173969	0.0602993223700759	0.0619630147301351
72149	85+	2	0.236281817050559	0.220382827907689	0.157549522808169	0.154260684178972	0.162252493931959	0.155815774121988	0.136520007746745	0.131341695136166	0.121451455894418
72151	0-4	2	0.00434504424971491	0.00318120643946204	0.00380225721935663	0.00342817185380099	0.00262634707090303	0.00246878709651239	0.00253385962767587	0.00187086082484896	0.00228819738258844
72151	5-9	2	0.000213524262568168	0.00023983006570226	0.000226510749887622	0.00022294147799281	0.000190976127663069	0.0001730406701002	0.000168006691617611	0.000147255789286027	0.000163059786898077
72151	10-14	2	0.000267092515933911	0.000309050371053719	0.000319754398650251	0.000291469822099946	0.000240936550616313	0.000218762129046836	0.00019346909111816	0.000179310076174746	0.000188360968127973
72151	15-19	2	0.000871150143849746	0.00104892282020892	0.000936094984505879	0.00126808853243737	0.000810229254916414	0.00095911068383016	0.000822965708635354	0.000583794647584564	0.0006873013301446
72151	20-24	2	0.00186659726990647	0.00183403917199088	0.0016648972077039	0.0019246935494035	0.00148742483130455	0.00172401121006593	0.00194529203569312	0.00154125168198916	0.00135134243326209
72151	25-29	2	0.00188248632368214	0.00209825604741222	0.0023397025023219	0.00200219030855188	0.00212227393633599	0.00247350435906809	0.00220628675397431	0.00184273361767143	0.00217876685678334
72151	30-34	2	0.00255535366444552	0.00233832458739916	0.00307304295079332	0.00275245102050892	0.0023010387262059	0.00233700066468154	0.00204648936306523	0.00235963233204082	0.00239097939505168
72151	35-39	2	0.00282516491113184	0.00370772858669217	0.00347132574660194	0.00393213438308776	0.00251918977050287	0.00303925383618719	0.00230905525819568	0.0025358638556654	0.00285221504249691
72151	40-44	2	0.0049177078438823	0.00436630650779309	0.00482676771474998	0.00511224260109855	0.00348900649802451	0.00319051283229685	0.00300556380762018	0.00308246257338546	0.00384913467157594
72151	45-49	2	0.00440891934008502	0.00512151343909606	0.00504376279141919	0.00582988738538328	0.00510536516094344	0.00413272371870282	0.00402188425029001	0.00418652654839433	0.00428234797258539
72151	50-54	2	0.0102841418835785	0.0102005734935824	0.00792956895728499	0.0102832534844051	0.00743348720201336	0.00660768574009252	0.00582602049436144	0.00485574666073342	0.0055717590982106
72151	55-59	2	0.015684230606149	0.0132628386102018	0.00902214140764044	0.0139687997763764	0.0118022704704268	0.00823765003840092	0.00710411474096952	0.0077017020436726	0.00945873218663473
72151	60-64	2	0.0210587552657722	0.0216057367970753	0.0197993038876877	0.0187443265428478	0.0152942249670558	0.0121730777958925	0.0103232266398415	0.0094316240705406	0.0114574137243598
72151	65-69	2	0.0271068035199707	0.026499758479138	0.0255508560543718	0.0226462052301207	0.0190673240839708	0.0234709174013825	0.0138657562374372	0.0150683715495111	0.0141666301377299
72151	70-74	2	0.0487695376109993	0.0419165578506406	0.0423949236792917	0.0433585538035296	0.0340653821377978	0.0272653119197112	0.0311968967503875	0.0192427907074757	0.0235837693270327
72151	75-79	2	0.0396800158666326	0.0574974352400496	0.0561630199422423	0.0608373325480706	0.0484253403882243	0.0505559402917612	0.0397762590453606	0.0386642822565057	0.0378125963773215
72151	80-84	2	0.109549017404977	0.0806675788918134	0.0954122170149043	0.0933928638904801	0.0714222739577694	0.0788082023968772	0.077644602454082	0.0549654530485072	0.057134995214126
72151	85+	2	0.180782117587203	0.16277802118245	0.153185358290634	0.165194459194713	0.149566737143237	0.130341500879629	0.154466689265597	0.13876681215694	0.140757260548024
72153	0-4	2	0.00465926755363488	0.00484164081755266	0.00412649014020825	0.00390249421257105	0.00361000773723042	0.00330070152189473	0.00286366422297196	0.00218669255346227	0.00291832617069995
72153	5-9	2	0.000210721694419746	0.000225478745067988	0.000255516429979577	0.000219169698555951	0.000208598184575299	0.000181822802664508	0.000167853348299309	0.000180667775883425	0.000162970247318185
72153	10-14	2	0.000288332756739589	0.000335001651538783	0.000276801209164227	0.000297318194409333	0.000283568214101717	0.00022743392766878	0.00021228485306652	0.000197518455819036	0.000197140393719156
72153	15-19	2	0.000906351470174736	0.000888856084052357	0.000971735026881112	0.00105093115870956	0.000693266027354913	0.00103255274575118	0.000741501355661084	0.000579382985261974	0.000617110831381956
72153	20-24	2	0.00153145973706554	0.00159449226250439	0.00159334701600695	0.00151178647784642	0.00202114945754278	0.00181691588363931	0.00172637438630809	0.0012049705299644	0.00142732042722529
72153	25-29	2	0.00188805635690695	0.00226880488615299	0.00227448675288649	0.00225671288705091	0.00219712031995782	0.00225562879748097	0.0018967423330721	0.00173682169829639	0.00191351731150491
72153	30-34	2	0.00210421793940781	0.00336198975542183	0.00397919776835965	0.00267702171684011	0.00202995945199488	0.00214571697841569	0.00199628112349187	0.00178101395966011	0.00212356264892657
72153	35-39	2	0.00299822337853301	0.00347894317374195	0.00290608965779423	0.00273631729831672	0.00330698922226897	0.00267242815012149	0.00251392275707934	0.0025920083941087	0.00226196911406411
72153	40-44	2	0.00434167302587038	0.00543726839887521	0.00480085948505742	0.00465835139659523	0.00325513934473685	0.00398314628681039	0.00254826311035745	0.00281450436780109	0.00344688950821313
72153	45-49	2	0.00484099050793308	0.00515042916176555	0.00561936727490581	0.00627402048678005	0.00520351052983441	0.00490195521112465	0.00413006759821763	0.00375732776755611	0.00461123785820261
72153	50-54	2	0.00908548804115599	0.0079607369368065	0.00667379298856876	0.00920005439493822	0.00774835955364496	0.00782972740431087	0.00628074352819057	0.00649556490046545	0.00686007581066763
72153	55-59	2	0.012498704351253	0.0103059914240333	0.0109453002818443	0.0123727940659025	0.00941672003937665	0.0112103828265214	0.00979870464423462	0.0111353990878179	0.00935896760089289
72153	60-64	2	0.0228565237022234	0.0227958030952058	0.0178110912516585	0.018272741668624	0.015737483569775	0.0140829167910425	0.0135991536619217	0.0138411783151943	0.0124138561058521
72153	65-69	2	0.0240263342653814	0.0305655442205797	0.0257999353808559	0.0224913160546126	0.0254252291387185	0.0203434240463174	0.0184285183734502	0.0160724496606104	0.0166684476944101
72153	70-74	2	0.0446621249078875	0.0493391587589377	0.0425270033395418	0.0383680102288085	0.0366993713028823	0.0361585844052806	0.027975873826248	0.0261315147471446	0.022879191065352
72153	75-79	2	0.0606088756171935	0.0587264404018431	0.0560044092550369	0.0566996240133755	0.0508322341999855	0.0444214525926655	0.0465103191843966	0.0350441193346621	0.0440671586570375
72153	80-84	2	0.114255059810828	0.121443055747211	0.110959900051477	0.106955742523596	0.0906086658044302	0.0921993052953127	0.0715016705179029	0.0627498141832768	0.0635501524295032
72153	85+	2	0.191044076757238	0.170854499954201	0.160150330964504	0.149016710112539	0.160749623698488	0.155347004910102	0.156018149542954	0.152387263790087	0.140269584474117
630	0-4	0	0.00426749609960771	0.00365898510761215	0.003600130407747	0.00318001400288689	0.00258112417670172	0.00252144363134362	0.00235223246791777	0.00198208220435709	0.00219754425348632
630	5-9	0	0.000239456380905594	0.000236152206228509	0.00024547156384324	0.000233918195349583	0.000189811510654642	0.00018017014863997	0.000166709020169367	0.00015398089933918	0.00015889806584006
630	10-14	0	0.00030796050294937	0.000307327147479373	0.000318149386980512	0.000306889626941021	0.00024452827763359	0.000224297527542278	0.000202617739229438	0.000185320266553769	0.000193276658233264
630	15-19	0	0.00107684375139043	0.00105079264314973	0.00145196522054551	0.00142703193295518	0.00106274219408143	0.000939137483930146	0.000841461498645216	0.000675767302961645	0.000705673162328117
630	20-24	0	0.00188671320231824	0.00205522820063547	0.00254346573668	0.00258391458263494	0.00220062539840537	0.0021073541360597	0.00201659111112473	0.00165430983040645	0.00151472372107111
630	25-29	0	0.00234820842162588	0.00279779530679466	0.00336359936895949	0.00286262402920338	0.00244055030739415	0.00248136658825619	0.00232966396596493	0.00200901899775554	0.00206327135040592
630	30-34	0	0.00266274009164696	0.0035771903691466	0.00460848467478781	0.00377696520366827	0.00255273135845552	0.00258002588135141	0.00240891818654455	0.00228316984364231	0.0023698295144772
630	35-39	0	0.00332873179342013	0.00438649260622798	0.00552986088414409	0.00455475793076862	0.00329662449262204	0.00289267732247164	0.00258219131594457	0.00256067866381431	0.00288798866427574
630	40-44	0	0.00414678008173859	0.00500201064141846	0.00606557157791674	0.00557008307370517	0.00406753790984377	0.00369698623418428	0.00314642754312509	0.00309924479803418	0.00368439673303742
630	45-49	0	0.00578999181858584	0.0061531085438401	0.00708310561444309	0.00693994241472981	0.00556703640311986	0.00508066517447158	0.00437594631061735	0.00398680634484386	0.0044765562921309
630	50-54	0	0.00857514347514522	0.00865999811951672	0.00879874831995159	0.0088676365750994	0.00756955343033574	0.00730385925182073	0.00620596111270946	0.0059353981701049	0.00613288935079667
630	55-59	0	0.0122662432204805	0.0126137258734104	0.0121304070486213	0.0120100479314319	0.0106024571779936	0.0100917307298043	0.00923376968713985	0.00852496886515819	0.00868357992268236
630	60-64	0	0.0191451586475792	0.0192579684932025	0.0183193245681808	0.0176537316237662	0.0153584406442222	0.0143690836442078	0.012816716452846	0.0117801169345755	0.0121486520972325
630	65-69	0	0.0268411082133101	0.0266979474801552	0.0259646260537017	0.0243260498589812	0.021950792028394	0.0202258324831089	0.0181380800566459	0.016757470960685	0.0166335783084902
630	70-74	0	0.0419504691241789	0.0419667582936761	0.0404574536302234	0.0390925555246125	0.0329523950128331	0.0294871825670857	0.026629554901192	0.0234463551914456	0.024306115535139
630	75-79	0	0.0567966968478362	0.0596230690994209	0.056350261734201	0.0569381489066174	0.0512875452217251	0.0453120267452196	0.0415458808939186	0.0363775846987478	0.0373160596701765
630	80-84	0	0.0957271518725933	0.0914244063566475	0.0928087599041889	0.0940774084158466	0.0799019861948368	0.0744063267212302	0.0683924010499468	0.0588041741438255	0.0582626603753047
630	85+	0	0.173828050885297	0.167320211284473	0.15894963151423	0.159939633868216	0.153331821855289	0.149098323213654	0.141144451735606	0.127928799091553	0.120927202914701
