region,period,sex,e0_observado,e0_estimado,e0_lower,e0_upper,est_eval
Adjuntas,1980-1984,1,72.54189508802463,72.32383748523972,71.18504245222037,73.49250454768321,Estimación adecuada
Adjuntas,1980-1984,2,78.96516925394144,78.85385885677506,77.41785762609251,80.3240729812938,Estimación adecuada
Adjuntas,1985-1989,1,70.84999061728885,71.6196909830364,70.4548266825082,72.85347663029461,Estimación adecuada
Adjuntas,1985-1989,2,78.97855761762072,78.99792856117975,77.67832124188436,80.27199838537072,Estimación adecuada
Adjuntas,1990-1994,1,71.49310954038985,71.5068868855046,70.30644490684664,72.5198418388591,Estimación adecuada
Adjuntas,1990-1994,2,77.88047658335911,78.60403185180112,77.4278185757156,79.80585409043799,Estimación adecuada
Adjuntas,1995-1999,1,71.91080703113897,72.07898516617685,70.86215366180338,73.2892024880334,Estimación adecuada
Adjuntas,1995-1999,2,78.53770419818306,78.90260285099097,77.66510789068292,80.16261265077686,Estimación adecuada
Adjuntas,2000-2004,1,74.0807006063416,73.85274502247009,72.69212959188292,74.88065249769116,Estimación adecuada
Adjuntas,2000-2004,2,79.50851081175084,79.9443858904592,78.70203403017928,81.35718721273696,Estimación adecuada
Adjuntas,2005-2009,1,77.13413877724005,76.07146614612387,74.85788871370326,77.32536969880528,Estimación adecuada
Adjuntas,2005-2009,2,82.23262377887984,82.14392900890289,80.75528336147238,83.80774538107596,Estimación adecuada
Adjuntas,2010-2014,1,78.0170892039493,76.94422538617589,75.75643071666443,78.20940718467533,Estimación adecuada
Adjuntas,2010-2014,2,84.37542750420445,83.55152442809353,82.19876061509586,85.32334721757978,Estimación adecuada
Adjuntas,2015-2019,1,80.07122326396828,79.46128304272332,78.23090166595969,81.10199910556057,Estimación adecuada
Adjuntas,2015-2019,2,84.75780508868199,84.90648673024258,83.21877094886024,86.9182048731219,Estimación adecuada
Adjuntas,2020-2024,1,80.09050176489524,79.1780727329099,77.84683696008497,80.47163263306209,Estimación adecuada
Adjuntas,2020-2024,2,87.03883394524668,86.23029008008487,84.5704087829559,88.2250212589949,Estimación adecuada
Aguada,1980-1984,1,73.2175687853255,73.02660856933609,71.89404743841277,74.13328325306627,Estimación adecuada
Aguada,1980-1984,2,76.66307974738103,77.63766051349955,76.33772582657423,78.95281647763917,Estimación adecuada
Aguada,1985-1989,1,73.21396709192831,72.8930428781113,71.87660775816211,73.92699994610045,Estimación adecuada
Aguada,1985-1989,2,77.70261010174512,78.01673267409112,76.87078851414368,79.14115611822851,Estimación adecuada
Aguada,1990-1994,1,73.47166304966473,72.96004926305889,71.96620652369128,73.95499198929363,Estimación adecuada
Aguada,1990-1994,2,79.56472305278581,79.4025540156098,78.22528467659762,80.5984871741964,Estimación adecuada
Aguada,1995-1999,1,72.96139718811193,72.66533711456034,71.70879033569378,73.60811192850846,Estimación adecuada
Aguada,1995-1999,2,78.42598214583917,78.46751196708308,77.41157544812054,79.47958117386764,Estimación adecuada
Aguada,2000-2004,1,75.7731265619719,75.09243641179086,74.2239637466517,76.17806164489599,Estimación adecuada
Aguada,2000-2004,2,80.35987918975404,80.381659009246,79.3305638705796,81.41390659350628,Estimación adecuada
Aguada,2005-2009,1,77.6139364553716,76.69738461798869,75.71861575360448,77.66588601079113,Estimación adecuada
Aguada,2005-2009,2,81.487501570255,81.36048940760091,80.35424892055345,82.45381173946483,Estimación adecuada
Aguada,2010-2014,1,77.3081065450094,76.95283266082058,75.98270346184636,77.93043083807837,Estimación adecuada
Aguada,2010-2014,2,83.93649978812951,83.45550685488502,82.29975622872257,84.58284726562157,Estimación adecuada
Aguada,2015-2019,1,80.17632385200217,79.17320931057043,78.14016385468372,80.18854799071461,Estimación adecuada
Aguada,2015-2019,2,84.88514363026218,84.7412998053338,83.6425606315814,86.0823451920939,Estimación adecuada
Aguada,2020-2024,1,78.78968559483442,78.13513198213396,77.1256445361849,79.14213513184859,Estimación adecuada
Aguada,2020-2024,2,83.87729580688905,84.05345495693933,83.04490164333419,85.30745955753474,Estimación adecuada
Aguadilla,1980-1984,1,71.00678071372081,71.09183874174533,70.26534397391504,71.96595636273219,Estimación adecuada
Aguadilla,1980-1984,2,77.48535658677463,77.29184342559657,76.35848425001377,78.2032657512318,Estimación adecuada
Aguadilla,1985-1989,1,70.58561267446154,70.68291633033398,69.86626646688865,71.53533802227827,Estimación adecuada
Aguadilla,1985-1989,2,77.65780206154783,77.46425999105392,76.67386488543931,78.33215555864088,Estimación adecuada
Aguadilla,1990-1994,1,70.88482346377512,70.7990310478298,69.97606146567405,71.54868421219642,Estimación adecuada
Aguadilla,1990-1994,2,77.99785568547416,77.83239567885796,77.0882234218007,78.5946055611355,Estimación adecuada
Aguadilla,1995-1999,1,70.78010378855268,70.7254443878247,70.05518303035146,71.51270036594858,Estimación adecuada
Aguadilla,1995-1999,2,78.16686736979354,78.04364885301877,77.2380304867012,78.75614637798611,Estimación adecuada
Aguadilla,2000-2004,1,73.78276571753028,73.29892376170659,72.57985197434152,74.05491542612526,Estimación adecuada
Aguadilla,2000-2004,2,80.45198774138778,79.94979461829965,79.12298018765618,80.78655273995051,Estimación adecuada
Aguadilla,2005-2009,1,74.34368140644376,74.09957394687649,73.37467961187876,74.83211715878798,Estimación adecuada
Aguadilla,2005-2009,2,81.18616231865005,80.78820058461426,80.03608061828733,81.62054543786604,Estimación adecuada
Aguadilla,2010-2014,1,76.10575530196566,75.59537125540785,74.80700267182694,76.37283287321534,Estimación adecuada
Aguadilla,2010-2014,2,81.66758711742574,81.60002348459253,80.76873718301461,82.4721129840804,Estimación adecuada
Aguadilla,2015-2019,1,77.5014617746831,76.87977400586914,76.00297649206783,77.75354178457397,Estimación adecuada
Aguadilla,2015-2019,2,82.99395073109925,83.39938920705883,82.41453250880797,84.42168764296439,Estimación adecuada
Aguadilla,2020-2024,1,76.52156602867669,76.5115192207112,75.7097092275693,77.35001090881282,Estimación adecuada
Aguadilla,2020-2024,2,83.20736033493193,83.30406337232449,82.58144611198973,84.17381738143298,Estimación adecuada
Aguas Buenas,1980-1984,1,70.9060601893331,71.49074417742077,70.30127411500146,72.79427138122745,Estimación adecuada
Aguas Buenas,1980-1984,2,79.20230439846388,78.79403115410071,77.32460205481789,80.2083824720944,Estimación adecuada
Aguas Buenas,1985-1989,1,71.73217429810381,71.99017443142625,70.93330528290467,73.23317067443833,Estimación adecuada
Aguas Buenas,1985-1989,2,78.66666240443578,78.79678962278462,77.64775515114667,80.25958827554629,Estimación adecuada
Aguas Buenas,1990-1994,1,71.9040754109389,71.76698660699931,70.64224593736762,72.90838180372135,Estimación adecuada
Aguas Buenas,1990-1994,2,82.01930667891538,80.7826973883075,79.40084162022141,82.43237365788544,Estimación adecuada
Aguas Buenas,1995-1999,1,72.03242058667273,72.18332043621189,71.16716508143898,73.27954229284074,Estimación adecuada
Aguas Buenas,1995-1999,2,79.29741471606215,79.16559794074499,78.13368861935479,80.30371848264448,Estimación adecuada
Aguas Buenas,2000-2004,1,74.50847723417229,74.43852625929387,73.39046746409265,75.5078918654595,Estimación adecuada
Aguas Buenas,2000-2004,2,81.53307661620572,81.42041453733006,80.17693083691243,82.65561544709206,Estimación adecuada
Aguas Buenas,2005-2009,1,74.76751879253902,75.17829836426154,74.1009604462867,76.34497235128052,Estimación adecuada
Aguas Buenas,2005-2009,2,83.74825554704383,83.45277434554336,82.05637429121668,85.120486765259,Estimación adecuada
Aguas Buenas,2010-2014,1,77.07874986678003,77.57106325535034,76.2853752773219,78.73081855324443,Estimación adecuada
Aguas Buenas,2010-2014,2,83.69043751017024,83.85226197044868,82.58981465226816,85.32828061601809,Estimación adecuada
Aguas Buenas,2015-2019,1,77.12363910638715,78.00783627189338,76.80365056028418,79.1931947822141,Estimación adecuada
Aguas Buenas,2015-2019,2,86.87058779798109,86.04557833729187,84.69761742513673,87.62286380619909,Estimación adecuada
Aguas Buenas,2020-2024,1,77.71291412855061,78.14536614015856,76.94709854355636,79.36346441871996,Estimación adecuada
Aguas Buenas,2020-2024,2,86.01372227536957,85.49597489114177,84.14241623797346,86.88844418760637,Estimación adecuada
Aibonito,1980-1984,1,71.20727896829324,71.67180047094931,70.4590267846688,73.0136383561746,Estimación adecuada
Aibonito,1980-1984,2,78.10148160174786,78.26533233251608,77.05264246536177,79.52766478183095,Estimación adecuada
Aibonito,1985-1989,1,70.93804632594708,71.24940680820302,70.03696390329878,72.4286879324913,Estimación adecuada
Aibonito,1985-1989,2,79.48839408130232,79.13369674902847,77.91135041712988,80.51764890956281,Estimación adecuada
Aibonito,1990-1994,1,72.7988506012683,72.39488631344219,71.24202718059448,73.57369602993717,Estimación adecuada
Aibonito,1990-1994,2,79.2040372973333,78.911108950639,77.78351823624627,80.1422840535499,Estimación adecuada
Aibonito,1995-1999,1,72.77760443633895,72.31317577089959,71.08077454944659,73.50603826160369,Estimación adecuada
Aibonito,1995-1999,2,79.65397963842348,79.53627006735677,78.43516000194622,80.77718039973682,Estimación adecuada
Aibonito,2000-2004,1,74.39460579414155,74.1007129301794,73.09537643304219,75.14089987067037,Estimación adecuada
Aibonito,2000-2004,2,80.67825254541816,80.64450681234283,79.50875362996754,81.8535394641982,Estimación adecuada
Aibonito,2005-2009,1,74.88960349978896,74.98986188759157,73.87875776015886,76.07826858988528,Estimación adecuada
Aibonito,2005-2009,2,81.30587533973025,81.21738793489536,80.05353568894499,82.44950317324458,Estimación adecuada
Aibonito,2010-2014,1,74.15371449624436,75.58635618452891,74.43349072074989,76.80057387510573,> e0 observado
Aibonito,2010-2014,2,82.83346667872438,82.906111310420755,81.68372075467613,84.30373100653492,Estimación adecuada
Aibonito,2015-2019,1,77.00855644451337,77.79964902745658,76.77374084571684,78.96210351673432,Estimación adecuada
Aibonito,2015-2019,2,83.92589167839914,84.39119126573229,83.19066683262042,85.72255022670302,Estimación adecuada
Aibonito,2020-2024,1,79.62044145372404,79.11919163292725,77.98773819312379,80.4972270005662,Estimación adecuada
Aibonito,2020-2024,2,85.54801976071055,85.70914961684215,84.36707524135323,87.14800636468689,Estimación adecuada
Anasco,1980-1984,1,72.01460523472085,71.62993415231442,70.51561710313392,72.8756754508482,Estimación adecuada
Anasco,1980-1984,2,76.47877169471658,76.76781442630929,75.54948134947946,77.96587423347495,Estimación adecuada
Anasco,1985-1989,1,71.42888891874672,71.41178950096796,70.12220546719342,72.48640423926139,Estimación adecuada
Anasco,1985-1989,2,76.49626365968555,77.09988205055382,75.88388674060042,78.3975255296629,Estimación adecuada
Anasco,1990-1994,1,70.05228247802772,70.71218927333985,69.64822284434877,71.8308642476544,Estimación adecuada
Anasco,1990-1994,2,77.19464732684078,77.55603483406335,76.48397056416036,78.61373423206732,Estimación adecuada
Anasco,1995-1999,1,71.8503650088804,71.31764276065894,70.26816530503424,72.36471168590937,Estimación adecuada
Anasco,1995-1999,2,77.85360337047756,77.92365592476781,76.9046459411019,78.92638070788887,Estimación adecuada
Anasco,2000-2004,1,74.35938543935956,73.92639478135393,72.92419620875154,74.9178575211705,Estimación adecuada
Anasco,2000-2004,2,80.6361937434096,80.28902436883037,79.1560798927887,81.64281219878501,Estimación adecuada
Anasco,2005-2009,1,76.96481061689505,75.87043373742534,74.81591018028536,76.9961567857808,Estimación adecuada
Anasco,2005-2009,2,82.18483587125668,81.67667621184991,80.4837011070579,83.01705869797209,Estimación adecuada
Anasco,2010-2014,1,76.38264162433823,75.98988373054394,74.94252044108644,76.94140354955468,Estimación adecuada
Anasco,2010-2014,2,83.0792504741019,82.79162235259585,81.52325724691113,84.07630872524379,Estimación adecuada
Anasco,2015-2019,1,78.19758272547156,77.68206070770944,76.64148821035664,78.80466362511774,Estimación adecuada
Anasco,2015-2019,2,85.54315717152748,84.86037271545865,83.51052867265089,86.28595007708194,Estimación adecuada
Anasco,2020-2024,1,77.16064670152906,77.42136551101837,76.3330613812627,78.42424171424845,Estimación adecuada
Anasco,2020-2024,2,83.21756305986028,84.27199168618472,83.03970561010439,85.52815418343079,Estimación adecuada
Arecibo,1980-1984,1,70.94822313738123,70.97201186417365,70.26685915534989,71.68391575062341,Estimación adecuada
Arecibo,1980-1984,2,77.54900544750468,77.26504475062708,76.57391996605612,78.02999564073355,Estimación adecuada
Arecibo,1985-1989,1,70.27186805457086,70.40168359346654,69.75168711228619,70.99278529366167,Estimación adecuada
Arecibo,1985-1989,2,77.07511338664264,77.13984130171275,76.45372814180061,77.80714582587012,Estimación adecuada
Arecibo,1990-1994,1,70.7566402122555,70.68150763126854,69.98058686530621,71.28767478999447,Estimación adecuada
Arecibo,1990-1994,2,77.82525476262934,77.83169791788958,77.16270416848317,78.54035563398685,Estimación adecuada
Arecibo,1995-1999,1,70.42422951948053,70.48690568762183,69.85975180410526,71.08475255214478,Estimación adecuada
Arecibo,1995-1999,2,77.67805190763367,77.70608052813574,77.13480917370855,78.28916983500437,Estimación adecuada
Arecibo,2000-2004,1,73.58677734329173,73.2724597846871,72.60235922619216,73.8455174782489,Estimación adecuada
Arecibo,2000-2004,2,80.17723082421405,79.84579228103166,79.30419107054979,80.49594619449404,Estimación adecuada
Arecibo,2005-2009,1,73.79746978285581,73.75627147759639,73.12340691487941,74.40420007561914,Estimación adecuada
Arecibo,2005-2009,2,80.99120726198103,80.6709150156464,80.14056591239543,81.26892077941363,Estimación adecuada
Arecibo,2010-2014,1,75.7499952369095,75.6061877611177,74.90083830917479,76.25073781301975,Estimación adecuada
Arecibo,2010-2014,2,81.99729917976788,81.67320487581013,81.01784839558442,82.31259508320161,Estimación adecuada
Arecibo,2015-2019,1,77.47760291858165,77.32823114844211,76.64918811775891,78.09172891618185,Estimación adecuada
Arecibo,2015-2019,2,84.62096334942434,84.26887108794452,83.5361671138175,85.07958500408652,Estimación adecuada
Arecibo,2020-2024,1,77.03404417797987,76.82520830666724,76.13081134277235,77.59297874652154,Estimación adecuada
Arecibo,2020-2024,2,83.99392652816302,83.68089036512137,83.03445023010858,84.46030346695296,Estimación adecuada
Arroyo,1980-1984,1,69.26197243419952,69.93085578001241,68.60341509285641,71.21063940458757,Estimación adecuada
Arroyo,1980-1984,2,77.70227943996014,77.55123761425918,76.04129834827322,79.10178385683673,Estimación adecuada
Arroyo,1985-1989,1,69.06544938666637,69.48132812289629,68.3145486370254,70.69956982374114,Estimación adecuada
Arroyo,1985-1989,2,76.53547803214356,76.61653266919981,75.59192770606555,78.06556040786461,Estimación adecuada
Arroyo,1990-1994,1,69.467701272295,69.78687517088706,68.45741651730467,70.89730002812615,Estimación adecuada
Arroyo,1990-1994,2,79.1638940521351,78.41605034452226,77.23437620660309,79.86357895114172,Estimación adecuada
Arroyo,1995-1999,1,69.35840651861476,69.95522693529503,68.71054523088932,71.03568746974003,Estimación adecuada
Arroyo,1995-1999,2,77.98473955428868,77.58185765718432,76.50319182069384,78.77580541441614,Estimación adecuada
Arroyo,2000-2004,1,72.46263355278661,72.57750476520202,71.32283718457431,73.65025952056583,Estimación adecuada
Arroyo,2000-2004,2,79.49462438506767,79.59385419558453,78.33301540591549,80.91363492855783,Estimación adecuada
Arroyo,2005-2009,1,73.52924324703847,73.68180970116666,72.52757377561875,74.72916452381747,Estimación adecuada
Arroyo,2005-2009,2,81.55925566302211,81.09687775780952,79.64326909717084,82.40295956972466,Estimación adecuada
Arroyo,2010-2014,1,73.74855783813933,74.3467140919048,73.10316503243169,75.54614934504696,Estimación adecuada
Arroyo,2010-2014,2,82.70095569618667,82.15254718839347,80.70992542921311,83.57751392439644,Estimación adecuada
Arroyo,2015-2019,1,74.8566557237882,76.27353264166732,75.01212963721738,77.46435481292323,> e0 observado
Arroyo,2015-2019,2,83.0866067343545,83.48137403920184,81.98725325769092,85.09643923676532,Estimación adecuada
Arroyo,2020-2024,1,77.15040742709186,76.86111355208791,75.4866061759765,78.26453767906158,Estimación adecuada
Arroyo,2020-2024,2,82.07042233229612,83.0987460506561,81.87098509712428,84.50309486467194,Estimación adecuada
Barceloneta,1980-1984,1,69.54208697130086,70.53550657221996,69.42096459553821,71.83728888614093,Estimación adecuada
Barceloneta,1980-1984,2,77.15945709054438,77.32260018357235,76.09288889556424,78.85111157734941,Estimación adecuada
Barceloneta,1985-1989,1,72.20256138308129,71.96658490536817,70.64512981437265,73.16843807590209,Estimación adecuada
Barceloneta,1985-1989,2,78.86869640220178,78.57206597889453,77.36119909404886,80.00567080527293,Estimación adecuada
Barceloneta,1990-1994,1,71.82801102859922,71.21326038063135,70.1457619830123,72.3302382742356,Estimación adecuada
Barceloneta,1990-1994,2,79.79778456534827,79.60049216155244,78.2548132338759,81.08643286697449,Estimación adecuada
Barceloneta,1995-1999,1,69.62763398284126,70.53811856655037,69.29325409730743,71.74309701973164,Estimación adecuada
Barceloneta,1995-1999,2,78.30155980616671,78.57369383716458,77.36429467477224,79.82333110822675,Estimación adecuada
Barceloneta,2000-2004,1,74.25217285421826,73.63048667774248,72.51857530527158,74.75223699346266,Estimación adecuada
Barceloneta,2000-2004,2,80.98566728548113,80.31208967065848,79.0930788903728,81.58868604716608,Estimación adecuada
Barceloneta,2005-2009,1,75.14771749617947,74.72616680182944,73.43819534644186,75.89136790535167,Estimación adecuada
Barceloneta,2005-2009,2,83.11601404161499,82.42593032632578,81.07146805939036,84.03044553586253,Estimación adecuada
Barceloneta,2010-2014,1,75.38250616989667,75.49826286262099,74.47247163082764,76.5421895880258,Estimación adecuada
Barceloneta,2010-2014,2,83.08358460781069,82.66926561095416,81.46737676718661,83.91268446560584,Estimación adecuada
Barceloneta,2015-2019,1,79.11645760546239,77.92551612210121,76.79737072815252,79.27881027732303,Estimación adecuada
Barceloneta,2015-2019,2,85.56404930901091,84.96277429644394,83.62992331167047,86.48691084658233,Estimación adecuada
Barceloneta,2020-2024,1,75.82195956003592,75.98504656315626,74.98422049638009,76.98668651375539,Estimación adecuada
Barceloneta,2020-2024,2,84.21378427386206,84.49568860565375,83.03559745819598,85.83501270986214,Estimación adecuada
Barranquitas,1980-1984,1,71.33876197975141,71.68773266867412,70.52177259002536,72.8271871307305,Estimación adecuada
Barranquitas,1980-1984,2,77.30531169649653,77.72697252481116,76.40559904852353,78.85143069972526,Estimación adecuada
Barranquitas,1985-1989,1,71.51414892357278,71.579577819278,70.4794732086616,72.73943302016133,Estimación adecuada
Barranquitas,1985-1989,2,77.76964050663393,78.14810575832104,76.9057732670087,79.31540624248765,Estimación adecuada
Barranquitas,1990-1994,1,70.61622752203239,71.14153578284186,70.15210197925094,72.25478054327951,Estimación adecuada
Barranquitas,1990-1994,2,80.19038720696513,79.62618962623725,78.41354776020549,81.02497562466458,Estimación adecuada
Barranquitas,1995-1999,1,71.30535167741402,71.0488495383193,70.06443528433583,72.01824158948952,Estimación adecuada
Barranquitas,1995-1999,2,77.36809189145215,78.08372112080676,77.0083812582422,79.32024929067191,Estimación adecuada
Barranquitas,2000-2004,1,73.94139576064687,73.96726626939362,72.85990085365904,74.9690829720671,Estimación adecuada
Barranquitas,2000-2004,2,80.92303201880848,81.00654933265295,79.78671735381508,82.78696777239114,Estimación adecuada
Barranquitas,2005-2009,1,75.7544247310515,75.31746558830233,74.1661151272964,76.62407072231667,Estimación adecuada
Barranquitas,2005-2009,2,83.34321773527964,83.02512801682511,81.64847817297684,84.73982022788314,Estimación adecuada
Barranquitas,2010-2014,1,75.82434696179858,75.78038409416243,74.73890359685747,76.91955511474569,Estimación adecuada
Barranquitas,2010-2014,2,83.19916348644448,83.10433046661583,81.79198950268145,84.48447181158016,Estimación adecuada
Barranquitas,2015-2019,1,78.70088384920705,78.17779625538256,77.11921685007897,79.42182047751592,Estimación adecuada
Barranquitas,2015-2019,2,86.1569793140704,85.82551883259148,84.24339333151158,87.53761519258465,Estimación adecuada
Barranquitas,2020-2024,1,77.70140580259377,77.8440799065558,76.77808109310479,78.89178588306942,Estimación adecuada
Barranquitas,2020-2024,2,85.89659093832063,85.71990611632836,84.36155503406401,87.3044228335724,Estimación adecuada
Bayamon,1980-1984,1,72.04514701418194,72.02406331906244,71.52046008914652,72.52261325389037,Estimación adecuada
Bayamon,1980-1984,2,78.18054324807127,78.06445095126949,77.52152605041802,78.59846950224534,Estimación adecuada
Bayamon,1985-1989,1,71.5983747916107,71.62949710432005,71.13808625366656,72.10239730111812,Estimación adecuada
Bayamon,1985-1989,2,79.53402783138928,79.28320857084476,78.79846807190994,79.82290413748278,Estimación adecuada
Bayamon,1990-1994,1,69.4013098024391,69.64526855491306,69.15748612061529,70.09717192296878,Estimación adecuada
Bayamon,1990-1994,2,79.99809814237119,79.8906356343513,79.36104361758024,80.36763298601547,Estimación adecuada
Bayamon,1995-1999,1,70.77177966925491,70.91872226419947,70.47342719004438,71.37535167804371,Estimación adecuada
Bayamon,1995-1999,2,79.73301230251936,79.66645234165054,79.21272367877418,80.17512504661532,Estimación adecuada
Bayamon,2000-2004,1,73.5738231086305,73.59491822402987,73.18808832866927,74.0399580133409,Estimación adecuada
Bayamon,2000-2004,2,81.70891995330638,81.59722627852798,81.13061950799673,82.11500802560941,Estimación adecuada
Bayamon,2005-2009,1,74.78989094750837,74.82836688088426,74.34036276874991,75.36839421783304,Estimación adecuada
Bayamon,2005-2009,2,82.81400991090649,82.69985491598952,82.12381391870784,83.22995222855853,Estimación adecuada
Bayamon,2010-2014,1,76.39050901350164,76.38018557016082,75.94076077243778,76.90609815796398,Estimación adecuada
Bayamon,2010-2014,2,84.21195413174073,84.03069126800781,83.493712430098185,84.57105839287308,Estimación adecuada
Bayamon,2015-2019,1,77.4241342974101,77.55588995025964,76.99760506926586,78.10661099272993,Estimación adecuada
Bayamon,2015-2019,2,85.53635487807954,85.22347325522674,84.62242486041652,85.8685614131575,Estimación adecuada
Bayamon,2020-2024,1,76.28240347769595,76.35032850775342,75.8075023467733,76.87632888327337,Estimación adecuada
Bayamon,2020-2024,2,85.66531677680673,85.54103656437417,84.89897493894841,86.13402799165951,Estimación adecuada
Cabo Rojo,1980-1984,1,72.39724763936692,72.66065206712946,71.78311905800712,73.59569993436243,Estimación adecuada
Cabo Rojo,1980-1984,2,77.54158683750231,77.55360395682362,76.66458587442277,78.47610132153736,Estimación adecuada
Cabo Rojo,1985-1989,1,73.0487252974488,72.95488498368975,71.96805929683984,73.93933963972945,Estimación adecuada
Cabo Rojo,1985-1989,2,79.23917112625598,78.92688525991113,77.9889725825023,79.8913944665785,Estimación adecuada
Cabo Rojo,1990-1994,1,72.97925410251543,72.77773549204491,71.96249551395275,73.55673550839907,Estimación adecuada
Cabo Rojo,1990-1994,2,80.55409901002385,80.02221632077811,79.12233538017932,81.01652129136968,Estimación adecuada
Cabo Rojo,1995-1999,1,72.48815364764029,72.49068974526276,71.60127522497407,73.22923834127104,Estimación adecuada
Cabo Rojo,1995-1999,2,79.89647697006733,79.81480970277542,78.94132671586135,80.56251512913555,Estimación adecuada
Cabo Rojo,2000-2004,1,75.02839226790125,74.86630254679218,74.00843200729668,75.70299832344939,Estimación adecuada
Cabo Rojo,2000-2004,2,82.11872847252751,81.81949240600375,80.85916113886326,82.79413723363115,Estimación adecuada
Cabo Rojo,2005-2009,1,76.84328880547318,76.22229398088217,75.355520556954,77.05911223411924,Estimación adecuada
Cabo Rojo,2005-2009,2,82.7883495500848,82.34376555391624,81.47895482864317,83.34077277481211,Estimación adecuada
Cabo Rojo,2010-2014,1,75.75368420461353,76.1215011041615,75.29887588535378,76.98527836269622,Estimación adecuada
Cabo Rojo,2010-2014,2,83.42815115673008,83.66239558952641,82.76394926805463,84.84042472357552,Estimación adecuada
Cabo Rojo,2015-2019,1,79.78583423632398,79.4655723640297,78.57556309418452,80.4166888510093,Estimación adecuada
Cabo Rojo,2015-2019,2,84.21493107845924,84.3936938280304,83.53225882803962,85.27596706757623,Estimación adecuada
Cabo Rojo,2020-2024,1,79.36891590464816,79.29622584418867,78.33322899937394,80.23982649344369,Estimación adecuada
Cabo Rojo,2020-2024,2,84.78014352257735,84.64764904204458,83.7510793348697,85.6553046226779,Estimación adecuada
Caguas,1980-1984,1,71.72229204508375,71.76169403304073,71.15067937138366,72.40568146246693,Estimación adecuada
Caguas,1980-1984,2,78.48100883851102,78.26802240409484,77.55542999969241,79.03585082949921,Estimación adecuada
Caguas,1985-1989,1,70.39381171255258,70.44239895259457,69.82198272633354,71.0635125905365,Estimación adecuada
Caguas,1985-1989,2,79.24402800001288,79.03424380744454,78.30463319648467,79.66960490495097,Estimación adecuada
Caguas,1990-1994,1,68.8176451180551,69.16290154218022,68.60009513224276,69.77588731377016,Estimación adecuada
Caguas,1990-1994,2,78.64358444378482,78.59437552334606,77.98771326865939,79.19811888879622,Estimación adecuada
Caguas,1995-1999,1,69.69055735609852,69.96072135889446,69.36626848529617,70.55011394266565,Estimación adecuada
Caguas,1995-1999,2,79.65612948337659,79.53049428341203,78.92185655813437,80.1557502138089,Estimación adecuada
Caguas,2000-2004,1,73.107794927577,73.22261025505657,72.61255657061129,73.7648736985814,Estimación adecuada
Caguas,2000-2004,2,81.16770684291535,80.93712806692201,80.31806060449404,81.53571445151535,Estimación adecuada
Caguas,2005-2009,1,74.70961206827913,74.69445328477875,74.06695701853072,75.28803242467394,Estimación adecuada
Caguas,2005-2009,2,83.1696138038651,82.98739452970437,82.26325565551068,83.69785343035869,Estimación adecuada
Caguas,2010-2014,1,74.58554015299133,74.8654463127773,74.29198718093303,75.4728710077428,Estimación adecuada
Caguas,2010-2014,2,83.90600489563008,83.71494948172581,82.98238382025235,84.41104421124885,Estimación adecuada
Caguas,2015-2019,1,77.12465328076702,77.28559240444307,76.67603467469331,77.99001729233683,Estimación adecuada
Caguas,2015-2019,2,84.81913360231934,84.65265087778064,84.04032943654131,85.38595897409091,Estimación adecuada
Caguas,2020-2024,1,76.29588342135226,76.35644642961427,75.75089157048473,76.94353765636953,Estimación adecuada
Caguas,2020-2024,2,84.58890329073994,84.5281764542328,83.87129101600183,85.21361749494415,Estimación adecuada
Camuy,1980-1984,1,72.00953497661486,72.19324052063638,71.15662702634222,73.2806465422366,Estimación adecuada
Camuy,1980-1984,2,79.0481930632779,78.90315791182707,77.64759468665575,80.3425448758235,Estimación adecuada
Camuy,1985-1989,1,73.05563270338816,72.67419476216043,71.60645381498873,73.86097290158551,Estimación adecuada
Camuy,1985-1989,2,79.50251205629577,79.24908677038727,78.06231182665121,80.67298669047159,Estimación adecuada
Camuy,1990-1994,1,72.48592866320423,72.10653050737031,71.12924503821299,73.07534241282792,Estimación adecuada
Camuy,1990-1994,2,78.42074942707245,78.60835733130695,77.67124552346014,79.71673973696551,Estimación adecuada
Camuy,1995-1999,1,72.6730064081168,72.22033623378198,71.29703758325475,73.22674641019994,Estimación adecuada
Camuy,1995-1999,2,81.15887534595899,80.53990297803409,79.40868874864353,81.77521201883162,Estimación adecuada
Camuy,2000-2004,1,75.51776152008142,74.83881981151436,73.84614319065875,75.71726920786492,Estimación adecuada
Camuy,2000-2004,2,81.38049051623702,80.80703333082494,79.66761372658452,81.96815735498166,Estimación adecuada
Camuy,2005-2009,1,76.01134322923592,75.5120335948342,74.59971196435387,76.6121915195229,Estimación adecuada
Camuy,2005-2009,2,83.37764861657536,82.76862103191505,81.45686778392377,84.11615934725413,Estimación adecuada
Camuy,2010-2014,1,77.47114401608678,76.43748255468941,75.47051443460212,77.4028628698531,< e0 observado
Camuy,2010-2014,2,83.52117698878536,83.21320598851096,82.21503202824269,84.58901681934222,Estimación adecuada
Camuy,2015-2019,1,78.31044325410552,78.13187274061505,77.1541701454082,79.13829712134665,Estimación adecuada
Camuy,2015-2019,2,85.3683244262729,84.97890250894812,83.91505897826968,86.41804967426222,Estimación adecuada
Camuy,2020-2024,1,78.26146309261183,77.8822445577755,76.86703465700086,78.77902401078313,Estimación adecuada
Camuy,2020-2024,2,85.47114665413858,85.3976780153682,84.29603712922625,86.7699459178194,Estimación adecuada
Canovanas,1980-1984,1,73.2999178869587,71.94620507205153,70.83716308793902,73.02371570840063,< e0 observado
Canovanas,1980-1984,2,80.06188590433086,78.72066917120407,77.3642349506139,79.9868445263692,< e0 observado
Canovanas,1985-1989,1,71.61537365310774,71.38981576480379,70.3805757645937,72.50707780696303,Estimación adecuada
Canovanas,1985-1989,2,78.2476656338885,77.78693867057594,76.5792515722182,78.99725997742632,Estimación adecuada
Canovanas,1990-1994,1,68.47857316458972,69.30611671155515,68.24139532655968,70.38471576443604,Estimación adecuada
Canovanas,1990-1994,2,78.32395417011651,78.177086836021,77.06661405615645,79.34212448685992,Estimación adecuada
Canovanas,1995-1999,1,67.92417601162161,68.79544332213374,67.79876193198402,69.73343731686236,Estimación adecuada
Canovanas,1995-1999,2,77.19866982997894,77.27830116025774,76.35704207755266,78.14557279887585,Estimación adecuada
Canovanas,2000-2004,1,71.16133588099902,71.86355354731894,70.87229995426256,72.90760723240538,Estimación adecuada
Canovanas,2000-2004,2,79.89031657445086,79.810357106347,78.75457851495318,80.94041941029782,Estimación adecuada
Canovanas,2005-2009,1,72.03527888088188,72.88384353123121,71.88668518122626,73.99686294536798,Estimación adecuada
Canovanas,2005-2009,2,82.20274877957495,81.74087535646359,80.6303129792505,83.10068827617333,Estimación adecuada
Canovanas,2010-2014,1,73.73163177655941,74.48579061213898,73.60573955154834,75.47385170661771,Estimación adecuada
Canovanas,2010-2014,2,82.38500533806449,81.911931619096407,80.98683328672222,83.07036731568951,Estimación adecuada
Canovanas,2015-2019,1,76.47578865798283,76.80474526961005,75.86059067262772,77.84270663221162,Estimación adecuada
Canovanas,2015-2019,2,83.4705410867674,83.2825628868726,82.27324403547502,84.33833704320118,Estimación adecuada
Canovanas,2020-2024,1,75.27011547141527,75.52801277432603,74.5446390794185,76.38565776267785,Estimación adecuada
Canovanas,2020-2024,2,84.62181844092844,84.12724340853931,83.05550489648331,85.32202355206067,Estimación adecuada
Carolina,1980-1984,1,72.6794571065647,72.67547673910448,72.04384603013457,73.1846807181443,Estimación adecuada
Carolina,1980-1984,2,80.00245669766524,79.70557375082963,78.99842081297948,80.36196265826189,Estimación adecuada
Carolina,1985-1989,1,71.45905207579524,71.56234709038702,71.01011248424246,72.06883906778725,Estimación adecuada
Carolina,1985-1989,2,79.99533355118935,79.79334439248846,79.17399035712094,80.42392557144115,Estimación adecuada
Carolina,1990-1994,1,69.88961527032848,70.16088181089746,69.68732663728113,70.73771205151334,Estimación adecuada
Carolina,1990-1994,2,79.19273965392165,79.24706610704462,78.71197876277019,79.82261755550536,Estimación adecuada
Carolina,1995-1999,1,70.60394767924991,70.85243110142399,70.34899452691067,71.34524285012657,Estimación adecuada
Carolina,1995-1999,2,80.17066355341139,80.03025655531715,79.49457074399369,80.63948669639285,Estimación adecuada
Carolina,2000-2004,1,73.93076115352547,74.03955149704821,73.44960318477868,74.55387655424337,Estimación adecuada
Carolina,2000-2004,2,81.94990115891812,81.73091343965424,81.13842683115831,82.3064764766254,Estimación adecuada
Carolina,2005-2009,1,74.82294831043073,74.91974493643002,74.32630237153165,75.4585899333367,Estimación adecuada
Carolina,2005-2009,2,82.93347404417227,82.84428630442156,82.275654404514,83.39140816326352,Estimación adecuada
Carolina,2010-2014,1,75.7216623224996,75.97848858994288,75.40673066122702,76.5937054659377,Estimación adecuada
Carolina,2010-2014,2,84.32702876051525,84.1756175906957,83.51481552516302,84.76813303519194,Estimación adecuada
Carolina,2015-2019,1,78.16150181754098,78.17333739099539,77.57046051629129,78.81417092995966,Estimación adecuada
Carolina,2015-2019,2,86.31301087441426,86.10073566272843,85.44325719467344,86.81078402115583,Estimación adecuada
Carolina,2020-2024,1,78.61601699181084,78.49472117752751,77.84743145115229,79.15622940895659,Estimación adecuada
Carolina,2020-2024,2,85.92480146843513,85.50762024124072,84.90784899856443,86.22439468297128,Estimación adecuada
Catano,1980-1984,1,64.71158204088911,66.12892260557678,65.12254571928399,67.1020561356991,> e0 observado
Catano,1980-1984,2,75.60330232750007,75.3125780910777,74.13188015359756,76.48494875724893,Estimación adecuada
Catano,1985-1989,1,65.74843366392102,66.93437396633304,65.76909672294103,68.02499407680298,> e0 observado
Catano,1985-1989,2,78.65957711284251,77.44865292366534,76.26509416892407,78.74229581912238,Estimación adecuada
Catano,1990-1994,1,63.551421617424765,65.24881911344414,64.14888644663978,66.44711446231034,> e0 observado
Catano,1990-1994,2,77.73013012436986,77.20561381109823,76.1648196611396,78.51707229297708,Estimación adecuada
Catano,1995-1999,1,64.95894376240564,66.37345008879294,65.13707061426175,67.384127439222965,> e0 observado
Catano,1995-1999,2,77.8017354936669,77.42985494501785,76.240287339332,78.64978188760641,Estimación adecuada
Catano,2000-2004,1,69.54736006919788,70.39877417333474,69.38346062579573,71.53855351277173,Estimación adecuada
Catano,2000-2004,2,80.2420833723342,79.29199087900002,78.2563130324065,80.49873470509901,Estimación adecuada
Catano,2005-2009,1,70.0088463290445,70.9727941777393,69.95142742572284,71.98686801306154,Estimación adecuada
Catano,2005-2009,2,82.4846061988492,81.62087940004825,80.18680256553489,83.27692856716945,Estimación adecuada
Catano,2010-2014,1,73.04054164065786,73.29939324924067,72.1518916501305,74.55438804516126,Estimación adecuada
Catano,2010-2014,2,85.05347927327067,83.04850363578839,81.68097260152982,84.61024054198691,< e0 observado
Catano,2015-2019,1,73.65254048968006,74.5858082755142,73.3362225957179,75.81766160545183,Estimación adecuada
Catano,2015-2019,2,86.94579083490224,85.37809377066998,83.35077271375087,87.42705788227269,Estimación adecuada
Catano,2020-2024,1,73.01737041087927,74.08742857875609,72.79526252675157,75.42573234110324,Estimación adecuada
Catano,2020-2024,2,86.0684794743231,84.87253875168918,83.35823464167956,86.56704555086384,Estimación adecuada
Cayey,1980-1984,1,71.32064492875627,71.15024057974065,70.26773578936893,71.96362512503839,Estimación adecuada
Cayey,1980-1984,2,76.88437352747384,77.10961256078892,76.14761497882428,78.11520080932831,Estimación adecuada
Cayey,1985-1989,1,69.35200072016079,69.91837428508082,69.11310423094233,70.81312571986311,Estimación adecuada
Cayey,1985-1989,2,78.24162311103663,78.12223184529121,77.11836273405251,79.16329713827221,Estimación adecuada
Cayey,1990-1994,1,69.27521430891126,69.88808842236516,68.94308904249576,70.67913105539483,Estimación adecuada
Cayey,1990-1994,2,78.16553833033852,78.23494699593903,77.39267990909732,79.12252633835897,Estimación adecuada
Cayey,1995-1999,1,70.01299547508536,70.57352760210428,69.73568142056348,71.3648772603716,Estimación adecuada
Cayey,1995-1999,2,78.87259018768239,78.9139793681113,77.94831855055772,79.89455660175263,Estimación adecuada
Cayey,2000-2004,1,73.68749999421473,73.66896366230702,72.77301794549231,74.62053362923515,Estimación adecuada
Cayey,2000-2004,2,81.22226473989993,80.57176971387798,79.63551533727887,81.5184435291516,Estimación adecuada
Cayey,2005-2009,1,73.99614368964569,74.57655311270813,73.62240898120154,75.59321108283643,Estimación adecuada
Cayey,2005-2009,2,82.1533699228688,81.78640590606082,80.83349348052715,82.72738537686783,Estimación adecuada
Cayey,2010-2014,1,75.00610378038506,75.62527770759618,74.6255971285407,76.47497944854862,Estimación adecuada
Cayey,2010-2014,2,83.73637939950336,83.34128577155707,82.41453883921928,84.30954060790603,Estimación adecuada
Cayey,2015-2019,1,78.54670044615935,78.42597020860102,77.42911391321911,79.39176743787687,Estimación adecuada
Cayey,2015-2019,2,85.74693279734878,85.14513652174466,84.09302444796813,86.4537533133419,Estimación adecuada
Cayey,2020-2024,1,79.40962956727441,79.29316657240163,78.15923426619713,80.41919375599156,Estimación adecuada
Cayey,2020-2024,2,87.6006348574498,86.95894180723178,85.62169264146647,88.4445119510594,Estimación adecuada
Ceiba,1980-1984,1,72.14585176157938,71.55318179226443,70.31432215871779,72.76273551227453,Estimación adecuada
Ceiba,1980-1984,2,78.61104372786001,77.89166282290022,76.27364787211768,79.97029703115979,Estimación adecuada
Ceiba,1985-1989,1,70.6198183166503,70.62339216889758,69.31322458229376,71.82571536479213,Estimación adecuada
Ceiba,1985-1989,2,79.13415807152825,78.32662065999212,77.0469275866239,79.99272760787198,Estimación adecuada
Ceiba,1990-1994,1,71.00935671117365,70.83475377964712,69.53395353835403,72.14718055914632,Estimación adecuada
Ceiba,1990-1994,2,79.17042900270538,78.68068411961886,77.24630151791712,80.09202661826178,Estimación adecuada
Ceiba,1995-1999,1,72.51721647517238,71.54857460193844,70.43653375548024,72.69725494858008,Estimación adecuada
Ceiba,1995-1999,2,78.14728081414309,78.50772527587026,77.09505754522189,80.04833542095561,Estimación adecuada
Ceiba,2000-2004,1,74.86667065353893,73.68900775015462,72.42417408497201,74.93689293880293,Estimación adecuada
Ceiba,2000-2004,2,80.68427804057518,80.77600078667356,79.27505567932408,82.60912728282841,Estimación adecuada
Ceiba,2005-2009,1,76.12252834869311,74.78283142232208,73.5228911381623,76.17957888459705,Estimación adecuada
Ceiba,2005-2009,2,82.7966883833198,82.23602840193962,80.69677382735935,83.9510860023116,Estimación adecuada
Ceiba,2010-2014,1,75.46412666889606,76.2119824419685,74.84643058370847,77.8360065207377,Estimación adecuada
Ceiba,2010-2014,2,81.41353267344712,82.3843339687182,81.06417231522434,84.08427106383556,Estimación adecuada
Ceiba,2015-2019,1,78.54557923356414,77.99395354187953,76.5037960475666,79.77804033879883,Estimación adecuada
Ceiba,2015-2019,2,86.20789836529356,85.47119673942639,83.68606370884537,87.93270645731965,Estimación adecuada
Ceiba,2020-2024,1,72.26101326760208,76.12216299526256,74.75193152343749,77.55104577421665,> e0 observado
Ceiba,2020-2024,2,81.87366447467527,83.97731128032538,82.3380247408578,85.88931653430765,> e0 observado
Ciales,1980-1984,1,73.3601690081269,72.74333481531316,71.48313553583128,73.98877411387062,Estimación adecuada
Ciales,1980-1984,2,79.08450788252533,78.8414421594149,77.36477341232253,80.50103712373578,Estimación adecuada
Ciales,1985-1989,1,73.80385799895002,72.97617042249806,71.60481188034026,74.42751532924413,Estimación adecuada
Ciales,1985-1989,2,79.25761748100682,79.20643561231745,77.58100947713348,80.92119890616635,Estimación adecuada
Ciales,1990-1994,1,72.25274862856378,72.100383276922,70.98608130515532,73.33906118850736,Estimación adecuada
Ciales,1990-1994,2,79.82543814746265,79.39043999316378,78.05605311071258,80.79267139746418,Estimación adecuada
Ciales,1995-1999,1,71.42663286324974,71.73111821078211,70.46909464848702,73.06649291887764,Estimación adecuada
Ciales,1995-1999,2,79.238381112831,79.61043240052601,78.36013362923232,81.26705178085292,Estimación adecuada
Ciales,2000-2004,1,72.8877247015535,73.7530466243637,72.5180512361699,74.8932391779285,Estimación adecuada
Ciales,2000-2004,2,80.83769687356553,81.16968629361175,79.92197110145409,82.61045805608563,Estimación adecuada
Ciales,2005-2009,1,74.52536084511352,74.92605765717127,73.7260760441767,76.14941769765144,Estimación adecuada
Ciales,2005-2009,2,82.13836581268944,82.2450577585333,80.85227689303616,83.89384618114758,Estimación adecuada
Ciales,2010-2014,1,75.83944224399347,76.4193151298204,75.42067721037238,77.71133783671311,Estimación adecuada
Ciales,2010-2014,2,83.18525319463721,83.52865910053316,82.08192167887006,85.34348924159733,Estimación adecuada
Ciales,2015-2019,1,80.35963140996523,79.05314283136578,77.75977038800794,80.52775955432054,Estimación adecuada
Ciales,2015-2019,2,85.16754149388572,85.81288407475361,84.22755482255884,88.0362976905466,Estimación adecuada
Ciales,2020-2024,1,78.0952139934909,78.11926296830006,76.91498447010312,79.35061027714524,Estimación adecuada
Ciales,2020-2024,2,83.7838176468441,84.35432419966446,83.03065992397154,85.9788988333828,Estimación adecuada
Cidra,1980-1984,1,72.92625993210298,73.19347555366707,72.02469411683575,74.41237889545161,Estimación adecuada
Cidra,1980-1984,2,80.25294604658151,79.89036152849332,78.51540715216515,81.4664565092031,Estimación adecuada
Cidra,1985-1989,1,72.65671880748917,72.75472584061421,71.58503587436786,73.79817982928574,Estimación adecuada
Cidra,1985-1989,2,79.2640060129605,79.32268489293713,78.16162557565518,80.52103819361729,Estimación adecuada
Cidra,1990-1994,1,74.59270123853278,73.91840511374107,72.86541732441543,74.86565182388176,Estimación adecuada
Cidra,1990-1994,2,79.58259869878654,79.35682002125256,78.32147246349163,80.42066474166518,Estimación adecuada
Cidra,1995-1999,1,74.21713653214772,73.79120977490719,72.81055831950127,74.7083908998491,Estimación adecuada
Cidra,1995-1999,2,80.46720179098129,80.72303183196863,79.52680242698986,81.89020357391749,Estimación adecuada
Cidra,2000-2004,1,76.1648075054388,75.76309198728572,74.73084929056058,76.76113218255517,Estimación adecuada
Cidra,2000-2004,2,83.06880741955162,82.59663435371729,81.41666536584714,83.78924365483503,Estimación adecuada
Cidra,2005-2009,1,76.2488157847596,76.23328401475317,75.25653245986211,77.15867740963412,Estimación adecuada
Cidra,2005-2009,2,83.29450873472624,83.17356582089513,82.08122696100733,84.5252175661972,Estimación adecuada
Cidra,2010-2014,1,77.33131059096634,77.56322276408201,76.64536247335536,78.73040624505822,Estimación adecuada
Cidra,2010-2014,2,83.46470181390174,83.38657722943873,82.24182802536838,84.4686584773118,Estimación adecuada
Cidra,2015-2019,1,78.97458456608396,79.19088834959778,78.1974250923267,80.41035481883699,Estimación adecuada
Cidra,2015-2019,2,84.69043178604441,85.04063866403845,83.83991716961253,86.30410307065151,Estimación adecuada
Cidra,2020-2024,1,79.7427353948676,79.59277555629444,78.52116663650827,80.73794927616262,Estimación adecuada
Cidra,2020-2024,2,85.33702768748,85.12907427680918,84.11274136814943,86.2331201896449,Estimación adecuada
Coamo,1980-1984,1,71.83261143264684,71.859241243379,70.76350646299913,73.0881023012223,Estimación adecuada
Coamo,1980-1984,2,77.96592585526496,78.2716777391218,77.09371144679295,79.64777249865242,Estimación adecuada
Coamo,1985-1989,1,71.23431252697634,71.37523940929194,70.37678258300937,72.43872360147962,Estimación adecuada
Coamo,1985-1989,2,77.61875344002883,78.02986194394326,76.85268562280817,78.95381383234985,Estimación adecuada
Coamo,1990-1994,1,71.15206342123702,71.2501857893032,70.22254423671453,72.22613602224042,Estimación adecuada
Coamo,1990-1994,2,79.52007940092251,79.3305369645557,78.07221692482345,80.49953194929715,Estimación adecuada
Coamo,1995-1999,1,71.1960753395491,71.34724478638066,70.43508368837263,72.31084576139418,Estimación adecuada
Coamo,1995-1999,2,78.423903843953,78.6325917842396,77.5212626047932,79.74128594343662,Estimación adecuada
Coamo,2000-2004,1,73.24248106281058,73.31759899989879,72.46470092519701,74.20708590574807,Estimación adecuada
Coamo,2000-2004,2,81.2524184753369,80.97274850495957,79.9237312757912,82.10056802989399,Estimación adecuada
Coamo,2005-2009,1,76.67061680312946,75.791736148387,74.91696069347094,76.79983462491901,Estimación adecuada
Coamo,2005-2009,2,82.50443120167047,82.10711194464739,80.92985656365715,83.23537603049974,Estimación adecuada
Coamo,2010-2014,1,76.08519397019607,76.02100351179695,75.11594443040227,77.05612605789814,Estimación adecuada
Coamo,2010-2014,2,82.76456200780567,82.3791673207334,81.28338227297638,83.66561285364928,Estimación adecuada
Coamo,2015-2019,1,76.3555860235564,76.67586274886555,75.80441102937175,77.58706444937621,Estimación adecuada
Coamo,2015-2019,2,84.32302802936533,84.49028476234861,83.2067156736111,85.81169592718763,Estimación adecuada
Coamo,2020-2024,1,78.73457128285159,78.04367254788772,77.0501890048026,79.02603853953903,Estimación adecuada
Coamo,2020-2024,2,85.32320664794793,85.09545419316419,83.99662815261154,86.37692030771527,Estimación adecuada
Comerio,1980-1984,1,72.39160599187598,72.19641795879224,70.91935914472597,73.466051553549,Estimación adecuada
Comerio,1980-1984,2,80.50714392154065,79.32254605748014,77.91936091124838,81.04734099048517,Estimación adecuada
Comerio,1985-1989,1,72.46599051488649,72.08104830437372,70.79428605236428,73.28244744184042,Estimación adecuada
Comerio,1985-1989,2,79.35372018267553,79.10656059443275,77.67526274139847,80.91811824405062,Estimación adecuada
Comerio,1990-1994,1,72.63261964951914,71.9744395850434,70.72408815529673,73.17915467725611,Estimación adecuada
Comerio,1990-1994,2,78.0865724889923,78.51781722045004,77.24689369395652,79.95296829523474,Estimación adecuada
Comerio,1995-1999,1,71.13227286201818,71.45626356504812,70.07041770303117,72.71283423035607,Estimación adecuada
Comerio,1995-1999,2,78.32248610899435,78.5962897316904,77.3350563479286,79.99287272177868,Estimación adecuada
Comerio,2000-2004,1,73.74046365047266,73.79544539891128,72.47433417649039,75.10285731351496,Estimación adecuada
Comerio,2000-2004,2,80.19913305806267,80.42239487426338,79.1569743359353,82.01616009375925,Estimación adecuada
Comerio,2005-2009,1,75.30350166697882,74.99100890141915,73.80318677179834,76.2446195994506,Estimación adecuada
Comerio,2005-2009,2,81.75843965388886,81.74581576781007,80.49443327774246,83.2003479239007,Estimación adecuada
Comerio,2010-2014,1,77.88992392393747,76.95296459887018,75.63748941436508,78.3440821713523,Estimación adecuada
Comerio,2010-2014,2,83.20589003283447,83.024776843966407,81.59815133200411,84.70664236925083,Estimación adecuada
Comerio,2015-2019,1,76.11616223403381,76.81068345705805,75.69097111166431,78.11643494758582,Estimación adecuada
Comerio,2015-2019,2,84.47935763504815,84.56649746189817,83.18385572942286,86.24724205675216,Estimación adecuada
Comerio,2020-2024,1,75.23982921549162,76.19765769576192,75.00323549121822,77.2426639375285,Estimación adecuada
Comerio,2020-2024,2,83.75928924043123,83.73094574255819,82.46988927210157,85.058546118171,Estimación adecuada
Corozal,1980-1984,1,72.8434269620364,72.57878363320563,71.5106725857477,73.88561633774727,Estimación adecuada
Corozal,1980-1984,2,78.49552695365927,78.44441522334097,77.2102945891707,79.69590309476246,Estimación adecuada
Corozal,1985-1989,1,74.16679537755694,73.1744233677091,72.04711429256503,74.41279429012742,Estimación adecuada
Corozal,1985-1989,2,78.31409571064404,78.38877178883823,77.24279622461374,79.6072164491526,Estimación adecuada
Corozal,1990-1994,1,71.27571092432538,71.63255763739866,70.5579428767011,72.71858849467412,Estimación adecuada
Corozal,1990-1994,2,78.71157989908842,78.85122076571861,77.81951021988633,80.07929289596828,Estimación adecuada
Corozal,1995-1999,1,71.90053240132126,72.16361664375026,71.1570984871514,73.23030206722802,Estimación adecuada
Corozal,1995-1999,2,81.05061971042039,80.26749459327726,79.08945254795591,81.43110736932758,Estimación adecuada
Corozal,2000-2004,1,75.40121472632262,75.0580377580126,74.0625681528697,76.28854052631401,Estimación adecuada
Corozal,2000-2004,2,82.32727029969571,82.1106233015849,80.85505008636278,83.74887358001283,Estimación adecuada
Corozal,2005-2009,1,75.29676896497347,75.4719462705603,74.50346998816065,76.5134004154495,Estimación adecuada
Corozal,2005-2009,2,81.7668888989548,81.62966521531663,80.58582025410061,82.76881915428928,Estimación adecuada
Corozal,2010-2014,1,76.61800376671373,76.65195938215089,75.77327944469926,77.6364993325096,Estimación adecuada
Corozal,2010-2014,2,83.99620064198638,83.85584894950688,82.61621351903605,85.16910037903517,Estimación adecuada
Corozal,2015-2019,1,78.84838673591865,78.29473892365111,77.21482499630524,79.52757521583084,Estimación adecuada
Corozal,2015-2019,2,84.36621340480359,84.65491944661596,83.40196196693086,86.06704889091269,Estimación adecuada
Corozal,2020-2024,1,76.44862204173214,77.25566095457268,76.3301491993245,78.35398654942885,Estimación adecuada
Corozal,2020-2024,2,85.0591201159125,85.31497594766338,84.1231139918475,86.67406733586625,Estimación adecuada
Culebra,1980-1984,1,94.69722323815856,73.59274232938724,71.61089846570945,75.58815836318772,< e0 observado
Culebra,1980-1984,2,77.11141651027592,80.43822535549029,77.43120831428757,85.63640400453784,> e0 observado
Culebra,1985-1989,1,76.63588305134152,72.93707601078773,70.86935061720536,74.97091306887705,< e0 observado
Culebra,1985-1989,2,84.99417166658453,80.5588908803081,78.34632211547071,83.4572351172997,< e0 observado
Culebra,1990-1994,1,75.23127689590049,72.39430037819825,70.65843699676802,74.53848575739444,< e0 observado
Culebra,1990-1994,2,82.2361338517014,80.74098470721212,78.47608123396958,83.640848346016,Estimación adecuada
Culebra,1995-1999,1,72.53390965878926,72.74335309656973,70.94946711574067,74.84936623055364,Estimación adecuada
Culebra,1995-1999,2,82.74787501668122,81.51957090516925,78.18135339221661,88.92424690681915,Estimación adecuada
Culebra,2000-2004,1,83.74648606676807,75.57479684804804,73.47870773720925,77.82714066007969,< e0 observado
Culebra,2000-2004,2,81.63132549875367,82.98943748072836,80.35464621424842,85.93179047807621,Estimación adecuada
Culebra,2005-2009,1,79.35518350612848,76.19159910035118,74.26088704713675,78.34928046237816,< e0 observado
Culebra,2005-2009,2,87.82645600917449,84.11433690697095,81.55336037533519,87.94968839404422,Estimación adecuada
Culebra,2010-2014,1,73.27486001063872,77.06963093634963,75.08086323493262,79.52069327845928,> e0 observado
Culebra,2010-2014,2,84.63331186955911,84.8489417637328,82.24061174614818,88.39291552897953,Estimación adecuada
Culebra,2015-2019,1,73.7782353124013,78.2590897780982,76.10013283488576,80.66484991555336,> e0 observado
Culebra,2015-2019,2,82.80860574041759,86.17077765852048,83.47834077683521,89.6017001294689,> e0 observado
Culebra,2020-2024,1,71.17558414919206,77.59257570858816,75.59580135969026,79.9928047700713,> e0 observado
Culebra,2020-2024,2,81.75048505604273,85.12238833080437,82.88333169556287,88.24349716670852,> e0 observado
Dorado,1980-1984,1,73.06768394242143,72.80495604563268,71.65314603072184,74.07088748626097,Estimación adecuada
Dorado,1980-1984,2,79.57134292897321,79.071948810838,77.81423892475495,80.53143599396974,Estimación adecuada
Dorado,1985-1989,1,70.98138714935332,71.16512362174939,70.09855303753447,72.16743946190476,Estimación adecuada
Dorado,1985-1989,2,79.66708794032925,79.14333993598387,77.91437835569997,80.50655876636709,Estimación adecuada
Dorado,1990-1994,1,70.60163270459446,71.15612709790653,69.97785775714482,72.21051224790659,Estimación adecuada
Dorado,1990-1994,2,79.66123740902555,79.35362886702427,78.0831925327165,80.4312245447177,Estimación adecuada
Dorado,1995-1999,1,71.14661901491276,71.50714701072243,70.55094387508402,72.63754430311978,Estimación adecuada
Dorado,1995-1999,2,79.34231212268777,79.59707986632307,78.43113900924645,80.76835761378757,Estimación adecuada
Dorado,2000-2004,1,72.80125816712727,73.23122117765178,72.33301176400099,74.14984004053096,Estimación adecuada
Dorado,2000-2004,2,80.51547250678337,80.2855010711148,79.20025227277219,81.34202042584329,Estimación adecuada
Dorado,2005-2009,1,74.74216888739862,74.9569958172081,73.9250642284878,76.00200061279236,Estimación adecuada
Dorado,2005-2009,2,81.55921742419945,81.55149245708199,80.45520606931055,82.63294612849081,Estimación adecuada
Dorado,2010-2014,1,77.3972526095473,77.36642912744301,76.3033929158134,78.44943901148238,Estimación adecuada
Dorado,2010-2014,2,83.78650120499329,83.51086343572393,82.33101644619403,84.81021393854715,Estimación adecuada
Dorado,2015-2019,1,79.05317477178703,78.55712966271975,77.63938126425161,79.63387711075475,Estimación adecuada
Dorado,2015-2019,2,85.0361331038058,85.12371964342778,83.730514979437,86.82429628757714,Estimación adecuada
Dorado,2020-2024,1,77.54648054972814,77.83316865203665,76.91917048206767,78.81729369584335,Estimación adecuada
Dorado,2020-2024,2,87.81728727976584,86.67046201810697,85.32872302849118,88.3189576973522,Estimación adecuada
Fajardo,1980-1984,1,70.97992961345321,70.47626737701538,69.45776177879493,71.45725187630993,Estimación adecuada
Fajardo,1980-1984,2,77.4034006461853,76.90133512098315,75.78060234695775,77.99940758771433,Estimación adecuada
Fajardo,1985-1989,1,71.1887876704971,70.78733242876021,69.8264450147627,71.86380213448595,Estimación adecuada
Fajardo,1985-1989,2,77.37337374894558,77.22322275261857,76.14913366162713,78.39120464737084,Estimación adecuada
Fajardo,1990-1994,1,68.18099629812696,68.69701808877784,67.66113772403878,69.65869948579058,Estimación adecuada
Fajardo,1990-1994,2,78.11474876521702,77.86835883191544,76.99575128169928,78.91376505992764,Estimación adecuada
Fajardo,1995-1999,1,69.86154006659808,70.04369453386684,69.10806326621,70.93801080540419,Estimación adecuada
Fajardo,1995-1999,2,78.82934233659792,78.5614300742699,77.61745736551197,79.6289034340461,Estimación adecuada
Fajardo,2000-2004,1,71.85134936418909,72.02741752072959,71.1023412187802,73.01795933687319,Estimación adecuada
Fajardo,2000-2004,2,80.31491904964011,79.82780871973455,78.75360993490193,80.89829178668562,Estimación adecuada
Fajardo,2005-2009,1,72.01498955956528,72.55658923033101,71.51799453528292,73.48278404036799,Estimación adecuada
Fajardo,2005-2009,2,80.42579698255476,80.31608520065994,79.28114813826608,81.3883500879754,Estimación adecuada
Fajardo,2010-2014,1,73.1648079564502,74.21449721558135,73.10441637587093,75.17944584047059,Estimación adecuada
Fajardo,2010-2014,2,81.74247222384632,81.26097838381511,80.43516048531143,82.29542540810291,Estimación adecuada
Fajardo,2015-2019,1,76.15087862256587,76.59955963780533,75.50007535116367,77.73551889888358,Estimación adecuada
Fajardo,2015-2019,2,83.7123556023456,83.68653224472467,82.58110229746033,85.03279186301968,Estimación adecuada
Fajardo,2020-2024,1,74.31868957649468,74.91909337567013,73.85991291781829,75.90012410596327,Estimación adecuada
Fajardo,2020-2024,2,83.33111283123691,83.42209219260576,82.3820805834284,84.61097266076493,Estimación adecuada
Florida,1980-1984,1,71.06938753374574,71.36669074438718,69.75281288829814,73.05491514772899,Estimación adecuada
Florida,1980-1984,2,79.21775098528943,78.44041996708248,76.57050072075958,80.71134125030792,Estimación adecuada
Florida,1985-1989,1,70.64603223425698,70.86753705151705,69.66349753400938,72.36129102013274,Estimación adecuada
Florida,1985-1989,2,74.85144353276169,77.09646359606538,75.67572118759529,78.73973505773859,> e0 observado
Florida,1990-1994,1,70.01533527514864,70.44911950834748,69.06507038082596,71.78687539084109,Estimación adecuada
Florida,1990-1994,2,75.40391537650423,77.14011100825456,75.69474968846905,78.6751445597973,> e0 observado
Florida,1995-1999,1,71.65894113726901,71.56039860418173,70.19195368693299,73.09837398988454,Estimación adecuada
Florida,1995-1999,2,77.29790147374477,77.95647310861716,76.51131365227536,79.48248348761568,Estimación adecuada
Florida,2000-2004,1,75.01444427678842,73.94981805454614,72.55446937812859,75.35174398897107,Estimación adecuada
Florida,2000-2004,2,81.08965307946796,80.57529393853929,79.2724335732323,82.12566237459806,Estimación adecuada
Florida,2005-2009,1,76.54783220170152,74.84847592370471,73.44696774724889,76.30407271354026,< e0 observado
Florida,2005-2009,2,80.52310433234075,80.88528632370353,79.4818913695359,82.39626819371912,Estimación adecuada
Florida,2010-2014,1,79.58931937931183,77.38899792764965,75.84782556387604,79.14456783308869,< e0 observado
Florida,2010-2014,2,84.35262381150902,83.1101670336102,81.68748309958711,84.93269960104817,Estimación adecuada
Florida,2015-2019,1,77.39963673465637,77.13452216151329,75.76986485983285,78.38617295448037,Estimación adecuada
Florida,2015-2019,2,83.04749257512822,83.7997710267598,82.21647982170234,85.42447214126406,Estimación adecuada
Florida,2020-2024,1,76.48138637441758,77.17338677691635,75.92668747194263,78.74636688686192,Estimación adecuada
Florida,2020-2024,2,86.57028869211995,86.13922225645084,84.25973573435053,88.75200770034417,Estimación adecuada
Guanica,1980-1984,1,70.29160656173029,69.96577386783974,68.74930088305902,71.2285358456575,Estimación adecuada
Guanica,1980-1984,2,77.02589204137094,76.6213009870838,75.42750056714559,78.0100716802899,Estimación adecuada
Guanica,1985-1989,1,69.64590752945972,69.51946608442978,68.43237036125772,70.71638656268739,Estimación adecuada
Guanica,1985-1989,2,76.96194389846337,76.6748771969531,75.42798259858696,77.97891292528493,Estimación adecuada
Guanica,1990-1994,1,69.00330089577055,69.1047334942357,67.93708379569642,70.29408359124932,Estimación adecuada
Guanica,1990-1994,2,77.43314529873244,77.05604892779998,75.99305585479053,78.34458865181071,Estimación adecuada
Guanica,1995-1999,1,68.75925697690468,69.35730450237665,68.08757965440742,70.47886336472706,Estimación adecuada
Guanica,1995-1999,2,76.88365176255945,77.09109363568078,75.96782081951585,78.20088555791023,Estimación adecuada
Guanica,2000-2004,1,72.36855900985053,72.07866901647364,70.94754254614932,73.22343580359055,Estimación adecuada
Guanica,2000-2004,2,78.3128127578213,78.50525384698554,77.38058228723919,79.8482848227319,Estimación adecuada
Guanica,2005-2009,1,71.69965700518571,72.22508820934007,71.08940791729236,73.4038978233844,Estimación adecuada
Guanica,2005-2009,2,80.3960001801447,79.86007917105238,78.58707312657572,81.04007914585168,Estimación adecuada
Guanica,2010-2014,1,75.43056531334524,74.678974409200407,73.54145409330854,75.85282343049474,Estimación adecuada
Guanica,2010-2014,2,80.57778836738088,80.9698193106397,79.88044234572625,82.32881585070277,Estimación adecuada
Guanica,2015-2019,1,74.6061778340804,74.6918249735898,73.5278509986289,75.94544001786852,Estimación adecuada
Guanica,2015-2019,2,81.3148683326643,81.6082678003813,80.36661724328147,83.0545579752025,Estimación adecuada
Guanica,2020-2024,1,73.35967274163447,74.49156244631885,73.46475759073877,75.59424385978625,> e0 observado
Guanica,2020-2024,2,82.11869011623037,81.96169909467667,80.85848553777365,83.28830140942249,Estimación adecuada
Guayama,1980-1984,1,70.24592277647761,70.21343819603084,69.1604532977623,71.16421195406562,Estimación adecuada
Guayama,1980-1984,2,76.94736099895414,76.79691552949696,75.746336019844,77.95411935100122,Estimación adecuada
Guayama,1985-1989,1,69.18407376779939,69.45237903187231,68.40930800290604,70.31735882795446,Estimación adecuada
Guayama,1985-1989,2,77.01984994163914,76.83697836973428,75.86624120678488,77.82554503732948,Estimación adecuada
Guayama,1990-1994,1,69.12774545799293,69.54165210410133,68.5262950054518,70.56683749055995,Estimación adecuada
Guayama,1990-1994,2,78.26536534527779,77.81158818346108,76.80259890267804,78.70613938182649,Estimación adecuada
Guayama,1995-1999,1,69.89298463348949,70.15982774155177,69.25396755143066,70.96675354168039,Estimación adecuada
Guayama,1995-1999,2,79.36097539479375,78.69376144295427,77.76518109404475,79.68363588217451,Estimación adecuada
Guayama,2000-2004,1,71.73959231092829,71.89202039317632,70.94025119496614,72.71459154136787,Estimación adecuada
Guayama,2000-2004,2,80.42361640554877,80.07854292199433,79.04579690080439,81.15366294823471,Estimación adecuada
Guayama,2005-2009,1,74.004627225837,73.72284095186043,72.8356645643414,74.7689457268603,Estimación adecuada
Guayama,2005-2009,2,80.66196990050479,80.43201908640523,79.62709990310623,81.44692364427476,Estimación adecuada
Guayama,2010-2014,1,76.0922078825251,75.54903748620889,74.70186419269376,76.45042520440128,Estimación adecuada
Guayama,2010-2014,2,82.22460967328485,81.83735595138086,80.93131523451696,82.90598295569367,Estimación adecuada
Guayama,2015-2019,1,76.61959145312574,76.5432465967314,75.49445569345961,77.5268269467323,Estimación adecuada
Guayama,2015-2019,2,83.4142713899816,83.38994350365518,82.33730659228632,84.50073909545688,Estimación adecuada
Guayama,2020-2024,1,73.93879414262592,75.20628878681336,74.22148515215908,76.14105390078348,> e0 observado
Guayama,2020-2024,2,82.33975114826434,82.52904509698416,81.57156116848543,83.53575860880855,Estimación adecuada
Guayanilla,1980-1984,1,72.58983279684577,71.71518144339898,70.44640210621141,72.91400314548075,Estimación adecuada
Guayanilla,1980-1984,2,77.53353824728316,77.40480049940933,76.20462588067731,78.88579308032234,Estimación adecuada
Guayanilla,1985-1989,1,70.73661721916349,70.44860866616828,69.39992614857827,71.49773367966279,Estimación adecuada
Guayanilla,1985-1989,2,76.86235560972376,76.83529841986135,75.66410640907498,77.94764223910329,Estimación adecuada
Guayanilla,1990-1994,1,72.37752924339648,71.36115875670643,70.22865673572207,72.60963500351423,Estimación adecuada
Guayanilla,1990-1994,2,78.55250974931681,77.92969811592067,76.7872203217635,79.09474149846709,Estimación adecuada
Guayanilla,1995-1999,1,72.22131902455737,71.36131258683622,70.31459003452966,72.39228986587344,Estimación adecuada
Guayanilla,1995-1999,2,79.14608996325278,78.7359347624197,77.52341470633309,80.05823366578514,Estimación adecuada
Guayanilla,2000-2004,1,74.05744082522244,73.44331024465639,72.35788666893458,74.51181850912336,Estimación adecuada
Guayanilla,2000-2004,2,80.06971551607721,79.76540676151258,78.59336336988338,81.07174847982407,Estimación adecuada
Guayanilla,2005-2009,1,73.36781184296053,73.68643916301215,72.67567740629326,74.81542920363012,Estimación adecuada
Guayanilla,2005-2009,2,79.74433091795808,79.6572166867216,78.55122774979323,80.70032743596352,Estimación adecuada
Guayanilla,2010-2014,1,77.2541883457964,76.10456478148377,74.85860490488562,77.39927476547567,Estimación adecuada
Guayanilla,2010-2014,2,79.95617529124827,80.87344511612818,79.59198493179957,82.0447653973178,Estimación adecuada
Guayanilla,2015-2019,1,74.50306944491258,76.02353954473853,74.87370379170349,77.44427462358144,> e0 observado
Guayanilla,2015-2019,2,85.47648018860491,84.34168974228513,82.81479080532725,85.92985282858021,Estimación adecuada
Guayanilla,2020-2024,1,73.73722385919334,75.17733250919142,74.08917604122821,76.26626520818633,> e0 observado
Guayanilla,2020-2024,2,84.46851671921503,84.57623213736733,82.9937006118814,86.52186328873756,Estimación adecuada
Guaynabo,1980-1984,1,73.33304020193007,73.23124618054692,72.4817843636858,73.99150677868059,Estimación adecuada
Guaynabo,1980-1984,2,79.57395565229348,79.34094156857913,78.52562000040794,80.30469306118601,Estimación adecuada
Guaynabo,1985-1989,1,73.30720790413426,73.32230836614542,72.62700050396077,74.07271570937758,Estimación adecuada
Guaynabo,1985-1989,2,80.7449894765543,80.47417110543486,79.70029653092388,81.40831282561084,Estimación adecuada
Guaynabo,1990-1994,1,71.64759712414893,72.00202537275916,71.25179866471058,72.77026321978624,Estimación adecuada
Guaynabo,1990-1994,2,80.46155681333546,80.38515911786467,79.62489699057242,81.25731129286677,Estimación adecuada
Guaynabo,1995-1999,1,71.70557982807048,72.18150446410263,71.43799777855874,72.93825997065042,Estimación adecuada
Guaynabo,1995-1999,2,81.61582636139954,81.43402480344534,80.59614557841539,82.2830329214126,Estimación adecuada
Guaynabo,2000-2004,1,74.5460879922691,74.883934102449615,74.26933748246299,75.57683024431303,Estimación adecuada
Guaynabo,2000-2004,2,82.43363591097874,82.37487162905269,81.5898255842136,83.21535622619479,Estimación adecuada
Guaynabo,2005-2009,1,75.40004142189414,75.73719763318184,75.05722705856712,76.48179269139467,Estimación adecuada
Guaynabo,2005-2009,2,83.59622113263238,83.50162492710882,82.7623261132172,84.38137286094026,Estimación adecuada
Guaynabo,2010-2014,1,77.3578270076508,77.5069459096783,76.79207199040725,78.31630983286834,Estimación adecuada
Guaynabo,2010-2014,2,84.62289097742051,84.43529452327054,83.61021912028082,85.25584603714779,Estimación adecuada
Guaynabo,2015-2019,1,79.63090232574721,79.50154440276066,78.70346848870284,80.31717347188464,Estimación adecuada
Guaynabo,2015-2019,2,86.62280196774702,86.30366228722346,85.46693120835138,87.28535372381378,Estimación adecuada
Guaynabo,2020-2024,1,77.36899877443203,77.73217359361401,76.97984258310743,78.3610154589748,Estimación adecuada
Guaynabo,2020-2024,2,86.85241919025239,86.76077574019872,85.89267404507473,87.60434204842754,Estimación adecuada
Gurabo,1980-1984,1,72.10043466021936,72.03959585030451,70.97421425229693,73.07263557949719,Estimación adecuada
Gurabo,1980-1984,2,77.21298943234297,77.72421567187072,76.4465981087078,79.06389943491797,Estimación adecuada
Gurabo,1985-1989,1,72.09864341259255,72.10749011627344,71.02340416369373,73.21363010093512,Estimación adecuada
Gurabo,1985-1989,2,77.83980186096333,78.05025362174803,77.06634638453636,79.30550120455484,Estimación adecuada
Gurabo,1990-1994,1,70.06358422124045,70.75551674469227,69.76365270351556,71.6825866622121,Estimación adecuada
Gurabo,1990-1994,2,78.93586566639773,79.03256966458969,77.8570698951898,80.23769403619372,Estimación adecuada
Gurabo,1995-1999,1,72.62979875914179,72.4832890654842,71.39667940786109,73.49068574418541,Estimación adecuada
Gurabo,1995-1999,2,78.37596544908041,78.71106647775622,77.55523286701201,79.81019158539429,Estimación adecuada
Gurabo,2000-2004,1,73.72455425616529,74.00968898656538,73.03667487707582,75.08048887166944,Estimación adecuada
Gurabo,2000-2004,2,82.16347596555325,81.6435404874758,80.53711199790331,82.79323876688973,Estimación adecuada
Gurabo,2005-2009,1,75.38673648949066,75.51748809324063,74.45780579217308,76.64272874151432,Estimación adecuada
Gurabo,2005-2009,2,82.71710063140857,82.30298256364964,81.29473943685335,83.47363223099268,Estimación adecuada
Gurabo,2010-2014,1,75.74184183502217,76.21096312848768,75.32992522262444,77.1981890051855,Estimación adecuada
Gurabo,2010-2014,2,83.66012445857517,83.38665526729724,82.27288526977254,84.4539529192981,Estimación adecuada
Gurabo,2015-2019,1,77.82655629619259,77.9554654155605,77.05444496030063,78.92561325744883,Estimación adecuada
Gurabo,2015-2019,2,86.3751275135532,85.9277331732949,84.69141960822986,87.58763037259223,Estimación adecuada
Gurabo,2020-2024,1,78.1508349062683,77.87503711823598,76.87812280557415,78.87420276582485,Estimación adecuada
Gurabo,2020-2024,2,85.11563140762924,84.75697130698109,83.68423572716532,85.96906182916683,Estimación adecuada
Hatillo,1980-1984,1,71.99152036613721,72.38786720624672,71.26650683841686,73.41236255562077,Estimación adecuada
Hatillo,1980-1984,2,78.9802986931572,78.90101288089599,77.73754519137682,80.13555883496409,Estimación adecuada
Hatillo,1985-1989,1,72.73472078364017,72.46880387986171,71.34089163572601,73.58700937965938,Estimación adecuada
Hatillo,1985-1989,2,79.39464399636921,79.25490607599525,78.03160204875891,80.66778086821151,Estimación adecuada
Hatillo,1990-1994,1,72.2998423174012,72.1070775406587,71.1702306222453,73.06201928957636,Estimación adecuada
Hatillo,1990-1994,2,78.56900864145167,78.34044217372016,77.4286796611816,79.364264667691,Estimación adecuada
Hatillo,1995-1999,1,72.51848608651568,72.29680431642296,71.35442806666066,73.33283624473594,Estimación adecuada
Hatillo,1995-1999,2,78.33281615395789,78.4487492601089,77.53874545222408,79.32090790678717,Estimación adecuada
Hatillo,2000-2004,1,74.45467151298737,74.0534983781686,73.2631046745405,74.91786446208724,Estimación adecuada
Hatillo,2000-2004,2,80.50637914886045,80.33752355219035,79.36905652114811,81.17309959055825,Estimación adecuada
Hatillo,2005-2009,1,75.71645524793598,75.20643568695098,74.3906869895894,76.25835710965632,Estimación adecuada
Hatillo,2005-2009,2,81.90357972932111,81.74758072797826,80.68279529263879,82.8353631309675,Estimación adecuada
Hatillo,2010-2014,1,77.71502056183984,77.12446109843897,76.17850665012335,78.03198113177802,Estimación adecuada
Hatillo,2010-2014,2,83.87031312176076,83.43410955986454,82.33752559617702,84.6492042308694,Estimación adecuada
Hatillo,2015-2019,1,79.67724729389147,79.09597686885635,78.08788197167706,80.14712374354482,Estimación adecuada
Hatillo,2015-2019,2,84.83403759511111,84.38024681960255,83.39348254726256,85.4781475169755,Estimación adecuada
Hatillo,2020-2024,1,78.47632497278812,78.26942328344657,77.30506870672934,79.3412855478364,Estimación adecuada
Hatillo,2020-2024,2,86.14610937096411,85.12209867172481,84.16485024092344,86.22418678657306,Estimación adecuada
Hormigueros,1980-1984,1,74.05856561737721,73.70923945826667,72.24389630300008,75.29631725755965,Estimación adecuada
Hormigueros,1980-1984,2,79.84974137268954,80.14512654911877,78.30227439101017,82.44740018422118,Estimación adecuada
Hormigueros,1985-1989,1,73.08737524946572,72.94938875928753,71.80920922313072,74.18108005358906,Estimación adecuada
Hormigueros,1985-1989,2,77.720059693455,79.09416228809022,77.58326616944501,80.68226832595866,Estimación adecuada
Hormigueros,1990-1994,1,74.61350802067456,73.43547955216786,72.17824723790025,74.64311559554307,Estimación adecuada
Hormigueros,1990-1994,2,81.39461486989457,80.69345643900758,79.24148220232271,82.3669086102935,Estimación adecuada
Hormigueros,1995-1999,1,74.87703445651637,73.70229394223614,72.48494066163559,74.82720678717706,< e0 observado
Hormigueros,1995-1999,2,80.45280069334801,80.32754206819878,79.07104567706632,81.79550470709009,Estimación adecuada
Hormigueros,2000-2004,1,75.50618073944777,75.18544559052845,74.01745294815402,76.49354906783985,Estimación adecuada
Hormigueros,2000-2004,2,82.3521641939344,82.01733806206772,80.7411763693451,83.48499123909866,Estimación adecuada
Hormigueros,2005-2009,1,76.10054922666298,76.21403649094398,75.04492346853169,77.51832714767984,Estimación adecuada
Hormigueros,2005-2009,2,84.62944320284578,83.6769273267553,82.3592796487502,85.42533743464001,Estimación adecuada
Hormigueros,2010-2014,1,76.11918178416535,77.04972308020555,75.8304272451245,78.48614187197856,Estimación adecuada
Hormigueros,2010-2014,2,82.71051389712174,83.46008657012126,82.16835491163417,84.82143772963346,Estimación adecuada
Hormigueros,2015-2019,1,77.91392313609006,78.38724306085423,77.28532720021545,79.59531638839587,Estimación adecuada
Hormigueros,2015-2019,2,85.81866120513573,86.2807761965212,84.75629375659213,87.85378868500145,Estimación adecuada
Hormigueros,2020-2024,1,78.36911216509105,78.94822519120916,77.64189420399941,80.2367583260841,Estimación adecuada
Hormigueros,2020-2024,2,86.17552522276296,86.10392816361326,84.68106343182387,87.86472502055908,Estimación adecuada
Humacao,1980-1984,1,70.58258576927221,70.82350929445778,69.96846562770233,71.68592381706326,Estimación adecuada
Humacao,1980-1984,2,75.89477228552336,76.2085987888289,75.3182644824328,77.06910975628581,Estimación adecuada
Humacao,1985-1989,1,70.67071512913827,70.79321504035752,69.88401496580244,71.63770700576634,Estimación adecuada
Humacao,1985-1989,2,78.26869595391119,77.98048300480491,77.0626599804335,78.91053219308903,Estimación adecuada
Humacao,1990-1994,1,69.59966588678492,69.91569795229135,69.06543142298216,70.67567821296214,Estimación adecuada
Humacao,1990-1994,2,78.98527536141168,78.74335349540169,77.73718295700985,79.75496065362164,Estimación adecuada
Humacao,1995-1999,1,71.67034271113566,71.48347388561291,70.58202699605899,72.29236614251168,Estimación adecuada
Humacao,1995-1999,2,78.50994029948488,78.38416860191415,77.54870337459917,79.15366314274337,Estimación adecuada
Humacao,2000-2004,1,73.45461991775991,73.34068891242244,72.45535892470623,74.2101198773008,Estimación adecuada
Humacao,2000-2004,2,79.72370844675466,79.9100034695058,79.1465221390099,80.86663530153137,Estimación adecuada
Humacao,2005-2009,1,73.61846549183731,74.0255809109625,73.08504775515243,74.87477443324235,Estimación adecuada
Humacao,2005-2009,2,81.80291929231979,81.57751769241739,80.64480911836472,82.44077998840734,Estimación adecuada
Humacao,2010-2014,1,75.80326051258055,75.85838757739384,74.92995921969293,76.73638996105154,Estimación adecuada
Humacao,2010-2014,2,83.58584598942798,83.0656187885547,82.08440160081946,84.00897432806599,Estimación adecuada
Humacao,2015-2019,1,76.7386829389743,77.22568800444205,76.23816966883942,78.08552494104629,Estimación adecuada
Humacao,2015-2019,2,84.86787206578826,84.42978209639696,83.44883167086344,85.48655745188782,Estimación adecuada
Humacao,2020-2024,1,76.7404128820364,77.47516919169354,76.51150298292167,78.36466786574348,Estimación adecuada
Humacao,2020-2024,2,84.233200245355,84.23279731676172,83.29237352851166,85.20490626306477,Estimación adecuada
Isabela,1980-1984,1,73.09738020117423,72.834934791141265,71.71787403560182,73.82731920322094,Estimación adecuada
Isabela,1980-1984,2,77.82732250278018,77.83677188747473,76.75168647930911,78.82858635111137,Estimación adecuada
Isabela,1985-1989,1,71.58083949829111,71.59144464718821,70.6395521224755,72.57830835698745,Estimación adecuada
Isabela,1985-1989,2,78.50099967900502,78.28684035552527,77.23619153646845,79.30925590377706,Estimación adecuada
Isabela,1990-1994,1,72.0475169163787,71.59843799970426,70.62267192392838,72.5401047014119,Estimación adecuada
Isabela,1990-1994,2,78.52411999469241,78.35644527712097,77.52227027999831,79.32430046269872,Estimación adecuada
Isabela,1995-1999,1,71.86251133480623,71.58113396520582,70.74753737469132,72.42660091077089,Estimación adecuada
Isabela,1995-1999,2,79.50480811685766,79.33745831483756,78.38024527948676,80.37144220910375,Estimación adecuada
Isabela,2000-2004,1,73.31643311223908,73.30742786848268,72.49608231981682,74.11424212509701,Estimación adecuada
Isabela,2000-2004,2,79.66880055796743,79.7617680259226,78.8736972482684,80.71476390668411,Estimación adecuada
Isabela,2005-2009,1,75.53006169201437,74.84803743595265,74.00951156964425,75.65580259903786,Estimación adecuada
Isabela,2005-2009,2,80.46868606139569,80.57422498836102,79.67118516812312,81.55043226626213,Estimación adecuada
Isabela,2010-2014,1,76.3459756319445,76.06953676045723,75.19303215567388,76.95292733984644,Estimación adecuada
Isabela,2010-2014,2,82.99199255121863,82.57392215291244,81.64573792913433,83.55430572306511,Estimación adecuada
Isabela,2015-2019,1,78.28631956544136,77.89338135066646,76.95765616706032,78.94108612033293,Estimación adecuada
Isabela,2015-2019,2,84.46499781522432,84.20041414450347,83.17734205492314,85.45866424658762,Estimación adecuada
Isabela,2020-2024,1,78.44494383134611,77.56511602493933,76.67507115256754,78.32786501358346,< e0 observado
Isabela,2020-2024,2,84.54430409037892,84.8816702606583,83.831718945108,86.09221327666198,Estimación adecuada
Jayuya,1980-1984,1,71.54820346169252,71.75971081185895,70.53961405124006,73.03916348822213,Estimación adecuada
Jayuya,1980-1984,2,75.83217282493807,77.33204745444635,75.95397800814436,79.05917216006598,> e0 observado
Jayuya,1985-1989,1,71.8852739133792,71.49829544430233,70.39204548131812,72.61022124690894,Estimación adecuada
Jayuya,1985-1989,2,75.89535009908417,77.18654663932543,75.89224418011375,78.59895432413464,Estimación adecuada
Jayuya,1990-1994,1,71.61501384784762,71.08314187470117,70.01676786078183,72.20172846115327,Estimación adecuada
Jayuya,1990-1994,2,76.60405912768891,78.19739563612569,76.73767766548535,79.9840982945778,> e0 observado
Jayuya,1995-1999,1,72.762612067533,72.17245245924065,71.01565779073069,73.32497740042703,Estimación adecuada
Jayuya,1995-1999,2,78.02341987371616,78.646555095748,77.27345173241817,79.9297129952146,Estimación adecuada
Jayuya,2000-2004,1,74.804694975474,73.9059089762427,72.59818590173779,74.98998307902579,Estimación adecuada
Jayuya,2000-2004,2,82.26030453801704,81.65735914109241,80.27466642465242,83.19819528062034,Estimación adecuada
Jayuya,2005-2009,1,76.29392429833622,75.53191168810415,74.10526842837245,77.03464402642965,Estimación adecuada
Jayuya,2005-2009,2,83.26574991380474,82.38657130122971,80.87691450835806,83.85483311558222,Estimación adecuada
Jayuya,2010-2014,1,77.86670993006521,77.02793365390859,75.72841107137168,78.4435313796939,Estimación adecuada
Jayuya,2010-2014,2,83.01935062086235,83.19091232119834,81.68845752837875,85.085090703235693,Estimación adecuada
Jayuya,2015-2019,1,79.09662441043547,78.13290847833247,76.81230304943549,79.63958228182314,Estimación adecuada
Jayuya,2015-2019,2,86.09536520292538,85.91535370443032,84.05991534964474,88.18234497613213,Estimación adecuada
Jayuya,2020-2024,1,80.33778345942194,79.35735704811623,77.84182490964287,81.08566083177111,Estimación adecuada
Jayuya,2020-2024,2,86.05790395955583,85.46792948639441,83.95379707391365,87.74105147225812,Estimación adecuada
Juana Diaz,1980-1984,1,71.10192241498234,70.94816987871143,70.00468332577672,71.87350543516692,Estimación adecuada
Juana Diaz,1980-1984,2,76.03760260059695,76.48932314503286,75.48351190394649,77.65261094576799,Estimación adecuada
Juana Diaz,1985-1989,1,70.59066146569734,70.67664812711786,69.84037671998887,71.53525307920563,Estimación adecuada
Juana Diaz,1985-1989,2,77.72376003285237,77.76889234996233,76.83979147498546,78.76092580234503,Estimación adecuada
Juana Diaz,1990-1994,1,70.59462619152536,70.65617653373823,69.79352423286848,71.53277698605243,Estimación adecuada
Juana Diaz,1990-1994,2,77.80758248720088,77.93319765874477,76.95455705945835,78.86988611856634,Estimación adecuada
Juana Diaz,1995-1999,1,70.63826210363753,70.67627805667529,69.81193473817636,71.44601270116632,Estimación adecuada
Juana Diaz,1995-1999,2,78.23721855538598,78.25962301259423,77.36486817252954,79.312050017263,Estimación adecuada
Juana Diaz,2000-2004,1,72.42010194033637,72.67013921265968,71.81840973091809,73.56685404096248,Estimación adecuada
Juana Diaz,2000-2004,2,80.07095731748443,79.93467265341837,78.99982996131351,80.97894125410104,Estimación adecuada
Juana Diaz,2005-2009,1,74.09224072675535,74.34774511377475,73.41231537837115,75.31705007267948,Estimación adecuada
Juana Diaz,2005-2009,2,81.70478408921697,81.37008830912778,80.4171152349746,82.42388623110912,Estimación adecuada
Juana Diaz,2010-2014,1,75.9826744595313,75.96766012881122,75.04356177532688,76.88130769829338,Estimación adecuada
Juana Diaz,2010-2014,2,82.91141974537287,82.68386752934902,81.68558446362151,83.75773754649923,Estimación adecuada
Juana Diaz,2015-2019,1,77.4756453319244,77.34484820295401,76.48137559820361,78.24669045479746,Estimación adecuada
Juana Diaz,2015-2019,2,86.60689455981232,85.8132400270332,84.5511549895398,87.26441483420211,Estimación adecuada
Juana Diaz,2020-2024,1,76.12481522857756,76.67193653809474,75.69804884417064,77.57715860268497,Estimación adecuada
Juana Diaz,2020-2024,2,86.09723573194701,85.35667234165476,84.21323805014079,86.60639445981194,Estimación adecuada
Juncos,1980-1984,1,70.4832974097173,70.70342425992592,69.57212740514117,71.75536606325218,Estimación adecuada
Juncos,1980-1984,2,77.17475536145652,77.08674979634509,76.02083681701755,78.28711389413104,Estimación adecuada
Juncos,1985-1989,1,69.32349287604664,69.90055781849497,68.85258858813991,70.92578834762448,Estimación adecuada
Juncos,1985-1989,2,77.84087141019062,77.49641094849612,76.39197913629766,78.53806688391687,Estimación adecuada
Juncos,1990-1994,1,69.26314387145591,69.80147198707465,68.65277929092872,70.77008430572319,Estimación adecuada
Juncos,1990-1994,2,78.64376251745605,78.28678320386132,77.25454034798358,79.39371528383535,Estimación adecuada
Juncos,1995-1999,1,70.43259716290989,70.59727202942958,69.63668488674483,71.64624477414472,Estimación adecuada
Juncos,1995-1999,2,78.88321244236762,78.63002425786658,77.65266098257308,79.72497868557437,Estimación adecuada
Juncos,2000-2004,1,73.50676785386435,73.35285821768991,72.3143395185553,74.40920518018004,Estimación adecuada
Juncos,2000-2004,2,80.82760129992721,80.34505024015299,79.20012814389418,81.45583344558091,Estimación adecuada
Juncos,2005-2009,1,72.5823719234395,73.14742560115664,72.08119003563235,74.1227606242288,Estimación adecuada
Juncos,2005-2009,2,80.29148928265256,80.35438046483041,79.32272985176792,81.38873629240294,Estimación adecuada
Juncos,2010-2014,1,74.05814861532626,74.71392538018347,73.66371589493289,75.68171991426115,Estimación adecuada
Juncos,2010-2014,2,82.42841718245143,82.41227764801582,81.22569414663329,83.73140191674254,Estimación adecuada
Juncos,2015-2019,1,76.99651467647962,76.99233478048295,75.90694500761822,78.05471530323906,Estimación adecuada
Juncos,2015-2019,2,83.23323259682593,83.45305708074545,82.38281583587347,84.7196192049602,Estimación adecuada
Juncos,2020-2024,1,76.96779959385644,76.61491367914742,75.61826978549274,77.59680401094357,Estimación adecuada
Juncos,2020-2024,2,85.00221618874696,84.51654183646711,83.28572474719842,85.87140363452822,Estimación adecuada
Lajas,1980-1984,1,72.46316902920564,71.9829085597466,70.85987838394563,73.13184675364262,Estimación adecuada
Lajas,1980-1984,2,77.35030656462364,77.78241226853243,76.68646869617905,78.98014475527896,Estimación adecuada
Lajas,1985-1989,1,73.36206024807198,72.50322783403186,71.34480263381977,73.73937206629063,Estimación adecuada
Lajas,1985-1989,2,77.65847465397064,77.76218757699434,76.67609912975954,78.86018361460529,Estimación adecuada
Lajas,1990-1994,1,72.37357825429245,72.10502885161888,71.06743734903638,73.20863013132862,Estimación adecuada
Lajas,1990-1994,2,79.66328406009775,79.2700984882588,78.1837731913308,80.4385444039341,Estimación adecuada
Lajas,1995-1999,1,72.56496891931091,72.14975915586453,71.10746767792452,73.22309459093843,Estimación adecuada
Lajas,1995-1999,2,79.70456393493818,79.61097414688072,78.44848287239088,80.74787058578832,Estimación adecuada
Lajas,2000-2004,1,74.14208023792457,73.95284084691014,72.87671194501954,74.96122526198039,Estimación adecuada
Lajas,2000-2004,2,81.18752068509266,80.89464291226611,79.84615859953377,82.1595802182877,Estimación adecuada
Lajas,2005-2009,1,76.68683187769454,75.49738182193519,74.57309623214746,76.5372433786032,< e0 observado
Lajas,2005-2009,2,81.73140373208773,81.59023711771894,80.38017956455137,83.02827007089954,Estimación adecuada
Lajas,2010-2014,1,76.92095663234578,76.43930917476999,75.38398993936184,77.66367052868637,Estimación adecuada
Lajas,2010-2014,2,83.39940774512145,83.33133328462165,82.13293365398988,84.67887343337676,Estimación adecuada
Lajas,2015-2019,1,79.16417400599892,78.25629634078834,77.1383795617754,79.64240550460889,Estimación adecuada
Lajas,2015-2019,2,84.33383648976294,84.66870550832607,83.35571988444815,86.0973918919716,Estimación adecuada
Lajas,2020-2024,1,78.13171144418278,77.55709512612565,76.60020721455896,78.61403348641245,Estimación adecuada
Lajas,2020-2024,2,85.69664696158718,85.45464303248019,84.08017934156231,86.97468642498582,Estimación adecuada
Lares,1980-1984,1,70.93967460008611,71.66406928545125,70.60277684127168,72.62850577433706,Estimación adecuada
Lares,1980-1984,2,80.07304720190547,79.77259782150735,78.31855478543943,81.24471363928569,Estimación adecuada
Lares,1985-1989,1,72.07284835603735,72.22372003659274,71.18580365185336,73.2562106707556,Estimación adecuada
Lares,1985-1989,2,80.12906339800288,79.52057561984142,78.37099083832743,80.83206823103811,Estimación adecuada
Lares,1990-1994,1,71.99408741634562,71.95663368674028,70.87941169395977,73.04764616797367,Estimación adecuada
Lares,1990-1994,2,78.72924701770712,78.70988661798481,77.64287651566724,79.8222093145936,Estimación adecuada
Lares,1995-1999,1,74.58529726703922,73.85158109268593,72.89934100747683,74.99128991465038,Estimación adecuada
Lares,1995-1999,2,81.29595428708723,80.69013984803733,79.56863206471589,81.88513115834506,Estimación adecuada
Lares,2000-2004,1,75.1110712856121,74.81719852649127,73.8993044904599,75.78527515182476,Estimación adecuada
Lares,2000-2004,2,81.70641489338435,81.70839119727503,80.49758899924771,82.94478697338484,Estimación adecuada
Lares,2005-2009,1,76.5462882162104,75.69217387952068,74.73819770374092,76.6066944763087,Estimación adecuada
Lares,2005-2009,2,82.28400989612267,82.11283768655107,80.97027402341027,83.21143003041465,Estimación adecuada
Lares,2010-2014,1,79.39080265192932,78.25998083946395,77.2308967700049,79.41861070303896,Estimación adecuada
Lares,2010-2014,2,82.72140750112155,82.42893277004421,81.40409631998077,83.4877411304231,Estimación adecuada
Lares,2015-2019,1,78.13032401868809,77.8704689945447,76.977097811628,78.90788208332813,Estimación adecuada
Lares,2015-2019,2,84.424471152182,84.43415304130656,83.2827366122674,85.76518352460494,Estimación adecuada
Lares,2020-2024,1,77.84495769277572,78.08163314920063,77.11049399770954,79.10345614603136,Estimación adecuada
Lares,2020-2024,2,84.10188803972103,84.55872569015207,83.53403751396351,85.7258047153728,Estimación adecuada
Las Marias,1980-1984,1,73.81563474744125,73.4424931612879,71.88477809996317,74.79202474079781,Estimación adecuada
Las Marias,1980-1984,2,83.88520673112671,81.22932475555393,79.1683570901216,83.75011876439311,< e0 observado
Las Marias,1985-1989,1,73.62469730038673,73.11497750020969,71.79615315886906,74.73760230941824,Estimación adecuada
Las Marias,1985-1989,2,78.14820547870697,79.80688441155804,78.10433148021764,81.58659971357935,Estimación adecuada
Las Marias,1990-1994,1,74.00881730690156,73.32505290201743,71.70966342688823,74.7586433333212,Estimación adecuada
Las Marias,1990-1994,2,80.22328205184606,80.62545128388746,78.68255933116575,82.85524933534322,Estimación adecuada
Las Marias,1995-1999,1,75.13206537448636,73.74436335146807,72.30974465752074,75.27769072144628,Estimación adecuada
Las Marias,1995-1999,2,81.22000339132549,81.02641661988659,79.40979158773712,82.77678726604626,Estimación adecuada
Las Marias,2000-2004,1,77.0746887546824,75.7223402618767,74.15079552907432,77.31612113530717,Estimación adecuada
Las Marias,2000-2004,2,81.22993587246654,82.64442473156677,80.63685413303551,84.77870639907565,Estimación adecuada
Las Marias,2005-2009,1,78.94241289794024,76.996192554745,75.30482104907003,78.6778248725359,< e0 observado
Las Marias,2005-2009,2,82.45741722564794,83.46298966379425,81.40894812195313,85.56330435319929,Estimación adecuada
Las Marias,2010-2014,1,78.9874533300309,77.4273195615709,76.15253576143876,78.78465142568766,< e0 observado
Las Marias,2010-2014,2,85.68826589307866,84.8605951273849,83.03697735247962,87.2089354212952,Estimación adecuada
Las Marias,2015-2019,1,78.44180353450636,79.25623252083216,77.81558228994965,80.9387925019877,Estimación adecuada
Las Marias,2015-2019,2,86.2119644760504,86.01024492527289,84.07276649958976,88.713377063992,Estimación adecuada
Las Marias,2020-2024,1,78.65869602395698,78.97153628118976,77.41806470376929,80.67712481070801,Estimación adecuada
Las Marias,2020-2024,2,88.4892406052294,87.33583218401382,85.15953952931069,89.87829735865523,Estimación adecuada
Las Piedras,1980-1984,1,72.4628953772312,72.70106456926446,71.5662815732691,73.86610493788673,Estimación adecuada
Las Piedras,1980-1984,2,77.65886672068534,78.04717290224843,76.73935289800417,79.53219714657962,Estimación adecuada
Las Piedras,1985-1989,1,72.6175420547073,72.34731568652337,71.26678536374644,73.52864499609245,Estimación adecuada
Las Piedras,1985-1989,2,79.00116087428613,79.02202343740424,77.68968180555407,80.4300489123576,Estimación adecuada
Las Piedras,1990-1994,1,71.55978947014577,71.80927002107802,70.79254542042648,72.92991613902643,Estimación adecuada
Las Piedras,1990-1994,2,78.8936505301308,78.78558931079255,77.76875045008734,79.9733796931551,Estimación adecuada
Las Piedras,1995-1999,1,73.7555375015721,72.98289352777334,71.90892367324919,74.0084747766166,Estimación adecuada
Las Piedras,1995-1999,2,79.79933667371475,79.7778107004002,78.55256966927229,80.93092120667492,Estimación adecuada
Las Piedras,2000-2004,1,74.83778165388009,74.5164701144225,73.53030078786753,75.63035800416337,Estimación adecuada
Las Piedras,2000-2004,2,80.54014043533199,80.45917461411005,79.29461973083279,81.55508938847629,Estimación adecuada
Las Piedras,2005-2009,1,76.55584156350447,75.90613314420386,74.88130643313411,77.04393219444451,Estimación adecuada
Las Piedras,2005-2009,2,82.30870059101942,82.36813389971027,81.2108919979598,83.6983667542005,Estimación adecuada
Las Piedras,2010-2014,1,75.93351372986655,76.53746329708281,75.50505354140364,77.61731125919411,Estimación adecuada
Las Piedras,2010-2014,2,82.5650052808105,82.58016748868393,81.46260315878281,83.87388064128704,Estimación adecuada
Las Piedras,2015-2019,1,78.58935894309695,78.38442946270584,77.24177785812972,79.5026691519557,Estimación adecuada
Las Piedras,2015-2019,2,85.3607640329745,85.09430208197077,83.76243214931213,86.41108597134422,Estimación adecuada
Las Piedras,2020-2024,1,77.65607135099413,77.9247146745461,76.97981418361137,79.12324952204776,Estimación adecuada
Las Piedras,2020-2024,2,85.02534012586074,84.81540090865938,83.66995840990006,85.94812002258823,Estimación adecuada
Loiza,1980-1984,1,71.29708119790713,70.917630230025,69.62448411314313,72.33918175807506,Estimación adecuada
Loiza,1980-1984,2,77.96280313581073,77.48985122623915,76.0565157934823,79.07220262685578,Estimación adecuada
Loiza,1985-1989,1,71.11235934077855,70.73358141367183,69.62946165602244,72.01099652622014,Estimación adecuada
Loiza,1985-1989,2,79.76441464134875,78.72179419947199,77.23771784676069,80.29534995425492,Estimación adecuada
Loiza,1990-1994,1,68.65505357436209,69.31840820957929,68.09126128871726,70.50602328446192,Estimación adecuada
Loiza,1990-1994,2,77.83527198679872,77.87039291334298,76.64444379318618,79.24446919541175,Estimación adecuada
Loiza,1995-1999,1,67.54575668322258,68.96366590729073,67.76916614056569,70.22236509944184,> e0 observado
Loiza,1995-1999,2,80.44991909621369,79.61129803051534,78.16268064446089,81.14386024398635,Estimación adecuada
Loiza,2000-2004,1,69.21795433977262,71.11255161483687,69.92933869349514,72.27616649539945,> e0 observado
Loiza,2000-2004,2,83.71722475677984,82.12231137535105,80.52405939084215,83.92265786443915,Estimación adecuada
Loiza,2005-2009,1,69.49244819404063,71.75648683989516,70.66065257353952,72.83205357534544,> e0 observado
Loiza,2005-2009,2,81.62588342717608,81.26308022065801,80.01637141164309,82.70887742539568,Estimación adecuada
Loiza,2010-2014,1,72.71620374599513,74.40494636930094,73.26843141540252,75.66625346951244,> e0 observado
Loiza,2010-2014,2,83.22740715687155,82.74930186231454,81.47630752347756,84.29410222791124,Estimación adecuada
Loiza,2015-2019,1,76.42256809809959,76.76546704118508,75.55132877820427,78.12248654858318,Estimación adecuada
Loiza,2015-2019,2,84.58243093379357,84.50153966355492,82.99762935014323,86.16206717410472,Estimación adecuada
Loiza,2020-2024,1,74.30071613355503,75.63860759293331,74.44350280861121,76.90047751725982,> e0 observado
Loiza,2020-2024,2,85.89228425330265,85.11442971403169,83.66180376334431,86.96138681404113,Estimación adecuada
Luquillo,1980-1984,1,71.32237106066451,70.9675683752943,69.74745816260938,72.21535924377281,Estimación adecuada
Luquillo,1980-1984,2,96.21054523115929,80.06534704139264,78.04772299063009,82.40214734618877,< e0 observado
Luquillo,1985-1989,1,70.58391307233262,70.7244394168962,69.5256242100337,71.92308601536922,Estimación adecuada
Luquillo,1985-1989,2,75.85277823303889,76.66121486835459,75.47601244922724,77.98639097821936,Estimación adecuada
Luquillo,1990-1994,1,69.78687362564872,70.02166551401666,68.77926086882749,71.41609241542739,Estimación adecuada
Luquillo,1990-1994,2,78.65540822491414,78.27632173393714,77.0464752915212,79.75855533557004,Estimación adecuada
Luquillo,1995-1999,1,68.84529148191722,69.59936867048225,68.30129408749104,70.71502401933927,Estimación adecuada
Luquillo,1995-1999,2,77.57073371934368,77.88131157079806,76.4345806505529,79.41203264133152,Estimación adecuada
Luquillo,2000-2004,1,71.56692809461028,72.07386789179155,70.87774383108709,73.27032522073617,Estimación adecuada
Luquillo,2000-2004,2,80.93857359304148,80.53832869299441,79.23771994712587,82.04717102076279,Estimación adecuada
Luquillo,2005-2009,1,73.66197666420697,73.96000790873171,72.6599590778173,75.13450801347972,Estimación adecuada
Luquillo,2005-2009,2,80.16453384109049,80.40736671977379,79.13102706148439,81.56055062444938,Estimación adecuada
Luquillo,2010-2014,1,74.125398030716255,75.08032619247908,73.81366002777119,76.21463562252849,Estimación adecuada
Luquillo,2010-2014,2,83.56937802942338,82.96366491972242,81.62375986144903,84.44762002816282,Estimación adecuada
Luquillo,2015-2019,1,78.24158315716944,77.1702064070156,76.08131642123453,78.42618939564213,Estimación adecuada
Luquillo,2015-2019,2,86.16375324393145,85.31421477213789,83.48788862243492,87.43460233406677,Estimación adecuada
Luquillo,2020-2024,1,76.82778593702754,76.60349163309596,75.36460788751552,77.79509648653713,Estimación adecuada
Luquillo,2020-2024,2,84.96686508096819,84.59961110321997,83.16737463066102,86.37824285686958,Estimación adecuada
Manati,1980-1984,1,69.99769254598455,70.31262001526528,69.25956281664142,71.29390172846706,Estimación adecuada
Manati,1980-1984,2,76.91897319341015,76.96459653802407,75.88549906914491,78.02551749662125,Estimación adecuada
Manati,1985-1989,1,69.40848405753856,69.91345509710237,68.83139692908878,70.85758116523274,Estimación adecuada
Manati,1985-1989,2,78.1365208528677,77.95358667896159,76.80775780089432,79.23066041989735,Estimación adecuada
Manati,1990-1994,1,69.23507276864738,69.80216467175255,68.94617640721629,70.78288355730336,Estimación adecuada
Manati,1990-1994,2,78.13694859634435,77.96656286903696,77.05321748506046,78.98114128546283,Estimación adecuada
Manati,1995-1999,1,70.56621278613628,70.79712786421604,69.95030995004481,71.62911717693109,Estimación adecuada
Manati,1995-1999,2,78.18010801536123,78.28125089947355,77.40133248714938,79.20501970245436,Estimación adecuada
Manati,2000-2004,1,73.5059956746808,73.27451143410352,72.28157289541343,74.17480772736347,Estimación adecuada
Manati,2000-2004,2,79.921946292628,79.77494185171955,78.94804990055654,80.74017212528784,Estimación adecuada
Manati,2005-2009,1,74.42317304268016,74.41519007681292,73.38738626936063,75.34036164062638,Estimación adecuada
Manati,2005-2009,2,81.69558612867581,81.25245547558856,80.28720150636539,82.18512433349782,Estimación adecuada
Manati,2010-2014,1,75.79949582054559,75.75206959769154,74.83005157245006,76.69203306766457,Estimación adecuada
Manati,2010-2014,2,82.46392723255103,82.11322702812616,81.16085055155477,83.0098611060069,Estimación adecuada
Manati,2015-2019,1,76.50082129222024,76.80697202419609,75.86304631423596,77.78419250928297,Estimación adecuada
Manati,2015-2019,2,84.47543845885097,84.12266676256186,83.13186678219066,85.18535185939284,Estimación adecuada
Manati,2020-2024,1,76.6410779362147,76.56218754621992,75.66745754020305,77.52064086694764,Estimación adecuada
Manati,2020-2024,2,84.79279277649533,84.63800751321455,83.40845852028141,85.77175014065699,Estimación adecuada
Maricao,1980-1984,1,68.60202825310121,71.54454076002357,69.86942280149933,73.06932318222047,> e0 observado
Maricao,1980-1984,2,78.09479107390814,78.80722012857117,77.14659338770127,80.91427275801166,Estimación adecuada
Maricao,1985-1989,1,74.96773339223955,72.99997385419074,71.43562878601921,74.51380633397872,< e0 observado
Maricao,1985-1989,2,78.61629942834107,79.51657972267311,77.56152019224805,81.84775650902117,Estimación adecuada
Maricao,1990-1994,1,71.6682444194189,71.82484644660252,70.3026671144003,73.42338244343767,Estimación adecuada
Maricao,1990-1994,2,78.7855059436943,79.72029898286854,77.840075384315,81.86773066587864,Estimación adecuada
Maricao,1995-1999,1,71.33878340346546,71.96500367631555,70.36541831269275,73.53439712990868,Estimación adecuada
Maricao,1995-1999,2,78.99834861586001,80.3987107196061,78.59240411283503,82.3965635836423,Estimación adecuada
Maricao,2000-2004,1,77.71513177879464,75.38814850238117,73.58195253467855,77.29092754925165,< e0 observado
Maricao,2000-2004,2,80.22542908124815,81.67621925891294,79.73897116177551,83.88752819601666,Estimación adecuada
Maricao,2005-2009,1,77.40367339569201,75.66263616592875,74.1449985412073,77.30350148224795,< e0 observado
Maricao,2005-2009,2,82.65920888615886,82.97301597015013,81.07360800978812,85.4993924083092,Estimación adecuada
Maricao,2010-2014,1,78.78632855189304,77.21124896931721,75.52364006524238,79.04018911634331,Estimación adecuada
Maricao,2010-2014,2,86.34203171038145,85.41338176820683,83.1206038755466,88.64464408337705,Estimación adecuada
Maricao,2015-2019,1,75.94252949549474,77.91731135311959,76.2830364450289,79.8953663908227,> e0 observado
Maricao,2015-2019,2,88.98166952275554,87.05759473524168,84.57359012249782,89.9503068745245,Estimación adecuada
Maricao,2020-2024,1,78.97029384636113,78.35856188294866,76.48379428283704,80.39235297247913,Estimación adecuada
Maricao,2020-2024,2,84.52027651105944,84.16228006393129,82.4403974287832,86.52928357519234,Estimación adecuada
Maunabo,1980-1984,1,71.14680086853208,71.63656356222177,70.31934102023382,72.98277523548239,Estimación adecuada
Maunabo,1980-1984,2,78.1067644645637,78.48513929295028,76.87981546049127,80.36282878196594,Estimación adecuada
Maunabo,1985-1989,1,73.14754634531097,72.28502760654052,71.04828563568921,73.47887488072166,Estimación adecuada
Maunabo,1985-1989,2,80.26716511735238,79.37559113479001,77.78841724165096,81.13380580513038,Estimación adecuada
Maunabo,1990-1994,1,72.41659695481869,72.05857767095073,70.73391328006804,73.5528941747231,Estimación adecuada
Maunabo,1990-1994,2,80.63599878230829,80.05519060716406,78.41746662322674,81.79248438681293,Estimación adecuada
Maunabo,1995-1999,1,71.29560582062038,71.431132644259307,70.23753946066067,72.6985481107115,Estimación adecuada
Maunabo,1995-1999,2,79.21035551708708,79.71337413111189,78.14454736585549,81.38496905885742,Estimación adecuada
Maunabo,2000-2004,1,73.80432839475543,73.88076486218793,72.41537694477208,75.16917085719513,Estimación adecuada
Maunabo,2000-2004,2,81.50289326156216,81.31753651076859,79.61008044461097,83.23556467169549,Estimación adecuada
Maunabo,2005-2009,1,74.64232752557565,74.30793379449176,72.90935947729761,75.53954767300031,Estimación adecuada
Maunabo,2005-2009,2,82.94220641756984,82.90920644711875,81.221538869773525,85.20476359492346,Estimación adecuada
Maunabo,2010-2014,1,74.8339607817344,75.5383325285369,74.17924508799624,76.8241988124324,Estimación adecuada
Maunabo,2010-2014,2,84.96652627183896,84.79357821424489,82.802279377904,87.43747098040498,Estimación adecuada
Maunabo,2015-2019,1,78.86941488241771,77.73488779615766,76.34397486200754,79.13476000651585,Estimación adecuada
Maunabo,2015-2019,2,85.85027789954904,85.47070925838581,83.61273817093652,87.6051074819786,Estimación adecuada
Maunabo,2020-2024,1,73.9175174535675,76.27325830024952,74.98789891929161,77.67503996904833,> e0 observado
Maunabo,2020-2024,2,82.49945155414667,83.16405283520781,81.83675252008804,84.72726581764857,Estimación adecuada
Mayaguez,1980-1984,1,70.16347210674796,70.33307849576772,69.69643397070783,71.01235882044443,Estimación adecuada
Mayaguez,1980-1984,2,77.60512196844877,77.32065154185523,76.69919652783472,77.93968936215236,Estimación adecuada
Mayaguez,1985-1989,1,70.43422694514761,70.54785214116953,69.89871300313366,71.17343876585747,Estimación adecuada
Mayaguez,1985-1989,2,77.94340408933364,77.88170416931996,77.26314093605717,78.50255666012693,Estimación adecuada
Mayaguez,1990-1994,1,70.24642591292358,70.31459981264332,69.6899372882149,70.90921470225086,Estimación adecuada
Mayaguez,1990-1994,2,78.67215935241931,78.40863179386756,77.82234949736774,79.02045552107826,Estimación adecuada
Mayaguez,1995-1999,1,70.79228679899191,70.90841223644534,70.29133089357532,71.54988478226444,Estimación adecuada
Mayaguez,1995-1999,2,79.57023177554109,79.38124783306074,78.71047317006135,80.08080750025208,Estimación adecuada
Mayaguez,2000-2004,1,73.63502357565517,73.51903640454408,72.85235419414649,74.16405934420445,Estimación adecuada
Mayaguez,2000-2004,2,81.32752458798765,81.06516208963399,80.40851323888107,81.79263083894188,Estimación adecuada
Mayaguez,2005-2009,1,73.96494214443702,73.99089581815414,73.2867882000657,74.64094142155602,Estimación adecuada
Mayaguez,2005-2009,2,81.49974889865346,81.34942794102118,80.64192482985224,82.06632127982903,Estimación adecuada
Mayaguez,2010-2014,1,74.96249416874119,74.95684918703145,74.33018571204383,75.60991725519969,Estimación adecuada
Mayaguez,2010-2014,2,82.81805760395481,82.7004742544674,81.92637805374719,83.52022831015469,Estimación adecuada
Mayaguez,2015-2019,1,77.18178911462695,77.30701724436572,76.53562239613112,78.13580877902427,Estimación adecuada
Mayaguez,2015-2019,2,85.03789447163464,84.9564356213879,84.03352428558735,85.83133567392964,Estimación adecuada
Mayaguez,2020-2024,1,76.09571809909919,76.52994912957506,75.77306175827047,77.3176749738873,Estimación adecuada
Mayaguez,2020-2024,2,84.85251261520094,84.85601466358065,84.10487732460626,85.77417558340073,Estimación adecuada
Moca,1980-1984,1,71.47861356859958,72.25692118808934,71.17128648723295,73.33163908099931,Estimación adecuada
Moca,1980-1984,2,77.57729967024724,78.16322834407055,76.99105230350868,79.53989623741626,Estimación adecuada
Moca,1985-1989,1,74.13223338906987,73.46333943835937,72.48040306738382,74.45031393508211,Estimación adecuada
Moca,1985-1989,2,78.76717836323876,78.86575513673253,77.82772300947282,80.16960272774622,Estimación adecuada
Moca,1990-1994,1,74.38613122856178,73.66517541614976,72.7129479523645,74.75964024530849,Estimación adecuada
Moca,1990-1994,2,79.33086248782432,79.27010454644578,78.1247645359075,80.39203291047545,Estimación adecuada
Moca,1995-1999,1,73.93016893221346,73.44814242806993,72.50399752481133,74.40499623498317,Estimación adecuada
Moca,1995-1999,2,79.92298518560595,79.61588157486517,78.63565728102714,80.76417875698874,Estimación adecuada
Moca,2000-2004,1,76.88913106198095,75.8853376951418,74.95238054238646,76.98758926334276,Estimación adecuada
Moca,2000-2004,2,81.20152141336699,81.40523762912034,80.27679366609672,82.66003713804855,Estimación adecuada
Moca,2005-2009,1,78.23027972920578,77.23563290983215,76.35646215058966,78.23488681659512,Estimación adecuada
Moca,2005-2009,2,81.64729368972594,81.91474903132385,80.87977987225148,83.11845767180299,Estimación adecuada
Moca,2010-2014,1,78.39894219071823,77.97639453353733,76.9260848686746,79.02335896093989,Estimación adecuada
Moca,2010-2014,2,82.3431083414248,82.58422502353372,81.51874015355011,83.72390348009651,Estimación adecuada
Moca,2015-2019,1,78.86942315370179,78.62451466781073,77.6829420767694,79.56497581162378,Estimación adecuada
Moca,2015-2019,2,85.12050775808935,85.19152282756343,84.06225839229555,86.71519261851212,Estimación adecuada
Moca,2020-2024,1,79.5196148813842,79.15084156947637,78.28291142485486,80.23232461288183,Estimación adecuada
Moca,2020-2024,2,84.83463123511952,84.99797598659893,84.00569329759985,86.10043335779699,Estimación adecuada
Morovis,1980-1984,1,72.75449760171898,72.73011176830556,71.28770707525734,74.0173118859104,Estimación adecuada
Morovis,1980-1984,2,79.58978615306602,79.5025074469483,78.15964097430117,80.87291476486902,Estimación adecuada
Morovis,1985-1989,1,73.00155031190296,72.8331703537527,71.74800098405112,73.94495300049672,Estimación adecuada
Morovis,1985-1989,2,79.18909920848033,79.11559562135966,77.84353945526415,80.53291423553316,Estimación adecuada
Morovis,1990-1994,1,74.7129408866261,73.58492745487777,72.4433734843467,74.82559303939405,Estimación adecuada
Morovis,1990-1994,2,79.13950712220092,79.31746712157141,78.12134619760104,80.59259518134928,Estimación adecuada
Morovis,1995-1999,1,72.82153464768288,72.76028945565574,71.61742578296818,73.73966374164493,Estimación adecuada
Morovis,1995-1999,2,80.70735984476201,80.72102833526698,79.26837378875237,82.24784708948783,Estimación adecuada
Morovis,2000-2004,1,74.10293235770516,74.55902630238123,73.45692554439499,75.63983872610773,Estimación adecuada
Morovis,2000-2004,2,82.09073872809745,81.96622908327817,80.60849913140757,83.66128925902245,Estimación adecuada
Morovis,2005-2009,1,76.91529332323657,76.23435538679935,75.16540811698297,77.33701412330947,Estimación adecuada
Morovis,2005-2009,2,83.05104709140619,82.77525562545918,81.42425541336331,84.17920921575626,Estimación adecuada
Morovis,2010-2014,1,77.08123150152963,77.35445000990788,76.15895913634722,78.44892706423218,Estimación adecuada
Morovis,2010-2014,2,83.34182688922566,83.27152111822866,82.04597279922774,84.55773291526202,Estimación adecuada
Morovis,2015-2019,1,78.96515859481998,78.49398579530435,77.48471660683532,79.5303119988505,Estimación adecuada
Morovis,2015-2019,2,87.15880943526801,86.25425752518042,84.69703687398238,88.03051691261817,Estimación adecuada
Morovis,2020-2024,1,78.2458123408178,78.53239342197304,77.35175263227396,79.72616671816867,Estimación adecuada
Morovis,2020-2024,2,84.91369846953171,85.60916434323258,84.22636546901413,87.28359909732285,Estimación adecuada
Naguabo,1980-1984,1,71.84412346105836,71.61787563750462,70.2312827967117,72.87020814590502,Estimación adecuada
Naguabo,1980-1984,2,76.70981740677908,76.74240896258613,75.57733535849383,78.11636664176497,Estimación adecuada
Naguabo,1985-1989,1,70.3877807756849,70.56714393450655,69.32726551022205,71.61600885139242,Estimación adecuada
Naguabo,1985-1989,2,77.29975247108982,77.19930963187923,76.03461953935681,78.30250533922316,Estimación adecuada
Naguabo,1990-1994,1,69.935755323165,70.05132772094233,68.91455710206446,71.1647664694342,Estimación adecuada
Naguabo,1990-1994,2,77.27690861530172,77.79079473903684,76.62723845858937,79.0190361574852,Estimación adecuada
Naguabo,1995-1999,1,69.72322516574484,70.25320064309696,69.12291438517303,71.31139077102631,Estimación adecuada
Naguabo,1995-1999,2,76.82881627212045,77.31199098269511,76.24495395281494,78.29975311860044,Estimación adecuada
Naguabo,2000-2004,1,72.06654411146116,72.2314373785004,71.0485669587848,73.36156441726088,Estimación adecuada
Naguabo,2000-2004,2,79.7628328934226,79.98526109019883,78.81315832444115,81.37170802182266,Estimación adecuada
Naguabo,2005-2009,1,73.77862572143668,73.8278665038846,72.59383869312846,75.12129047162799,Estimación adecuada
Naguabo,2005-2009,2,80.62404690696854,80.84385576120468,79.55075699805744,82.1804129497344,Estimación adecuada
Naguabo,2010-2014,1,75.11164062971052,75.01726842722096,73.92182895560582,76.18151498155538,Estimación adecuada
Naguabo,2010-2014,2,82.93958682980916,82.4137591339479,81.16155787652148,84.08980514973369,Estimación adecuada
Naguabo,2015-2019,1,76.26882750450046,76.09449134268547,75.03977941242727,77.31900858576763,Estimación adecuada
Naguabo,2015-2019,2,84.83022686610576,84.29422842293414,82.92132078668908,85.92530068118896,Estimación adecuada
Naguabo,2020-2024,1,77.23171232523964,76.82134077741452,75.59020072011381,77.88344124502572,Estimación adecuada
Naguabo,2020-2024,2,83.84568426869097,83.74891935663507,82.49689991886103,85.21594061047244,Estimación adecuada
Naranjito,1980-1984,1,74.98820136337291,74.20959037130393,72.64396903217809,75.65185057602508,Estimación adecuada
Naranjito,1980-1984,2,82.09597951709326,80.48796132695159,79.19454487795214,82.04137864339899,< e0 observado
Naranjito,1985-1989,1,74.14321504502335,73.39154714681445,72.28591534761375,74.52693459825502,Estimación adecuada
Naranjito,1985-1989,2,81.17666750110004,80.50563173140588,79.05166630009282,81.9554433169495,Estimación adecuada
Naranjito,1990-1994,1,72.65469281143538,72.73033943974613,71.53182473826784,73.80708922804388,Estimación adecuada
Naranjito,1990-1994,2,80.53672985190586,80.59163873675756,79.18880524864389,82.20146064523765,Estimación adecuada
Naranjito,1995-1999,1,71.78384170584214,72.05807332421739,71.01756902367228,73.16674590250345,Estimación adecuada
Naranjito,1995-1999,2,81.60503745588989,81.06707509691248,79.71692707664855,82.5886033900261,Estimación adecuada
Naranjito,2000-2004,1,75.02066724722975,74.888773250654907,73.79509036298505,76.02241713616425,Estimación adecuada
Naranjito,2000-2004,2,82.02786957174214,81.93403961592125,80.7536587973372,83.12424402728175,Estimación adecuada
Naranjito,2005-2009,1,75.97305227428454,76.12602332292394,74.94355624071022,77.32743074344468,Estimación adecuada
Naranjito,2005-2009,2,81.50399850212823,81.97808687531665,80.75108967928165,83.22994958646748,Estimación adecuada
Naranjito,2010-2014,1,78.20596950921357,77.62361709530879,76.36122177600521,78.77498518011558,Estimación adecuada
Naranjito,2010-2014,2,82.65441935713193,83.60653302910569,82.16683206989114,85.17095335540535,Estimación adecuada
Naranjito,2015-2019,1,79.79942567224485,79.55558255187773,78.37815027507725,80.98209677948472,Estimación adecuada
Naranjito,2015-2019,2,86.72388771081324,86.7807354628055,85.16538859833392,88.65223241931918,Estimación adecuada
Naranjito,2020-2024,1,76.58250173203984,77.51261616539551,76.32196578698947,78.58751705098672,Estimación adecuada
Naranjito,2020-2024,2,85.5864530860636,85.18886618791409,83.92349804913148,86.64669702388736,Estimación adecuada
Orocovis,1980-1984,1,73.68697408485414,73.45280610978915,72.23299781662521,74.91105860518275,Estimación adecuada
Orocovis,1980-1984,2,79.52890987399995,79.33298070937059,77.94758290598465,80.97717987311248,Estimación adecuada
Orocovis,1985-1989,1,72.86313442913975,72.66249932335275,71.5321701257022,73.78266881950952,Estimación adecuada
Orocovis,1985-1989,2,83.00284611084997,81.08638508950224,79.61958442368993,83.04294590517571,Estimación adecuada
Orocovis,1990-1994,1,70.6546043654978,71.4389635672466,70.34906097418391,72.71526510735887,Estimación adecuada
Orocovis,1990-1994,2,80.6362204849656,80.25894359028075,78.94107094528462,81.93378018608078,Estimación adecuada
Orocovis,1995-1999,1,73.67698769121861,73.15360650091077,72.0762510687671,74.4026163530485,Estimación adecuada
Orocovis,1995-1999,2,79.89715435282756,80.01587771719286,78.60178992322042,81.35727656595722,Estimación adecuada
Orocovis,2000-2004,1,74.30531059061678,74.29592012175725,73.22185069328282,75.44851691962805,Estimación adecuada
Orocovis,2000-2004,2,82.7682053865501,82.39427745240303,80.89365320924327,83.97588007308732,Estimación adecuada
Orocovis,2005-2009,1,75.65599075985115,75.57763876341123,74.46131774331407,76.80231512172787,Estimación adecuada
Orocovis,2005-2009,2,81.23465089468093,81.59051494880975,80.16710515749513,82.89108594376715,Estimación adecuada
Orocovis,2010-2014,1,78.72609688729915,77.68880386246516,76.58437738089347,79.0236215859369,Estimación adecuada
Orocovis,2010-2014,2,83.46032948812693,83.30810375178169,82.03403271603142,84.92526023254827,Estimación adecuada
Orocovis,2015-2019,1,78.31348130255999,78.13177610707075,76.98344719353213,79.3675314843369,Estimación adecuada
Orocovis,2015-2019,2,84.96910673692187,85.23952932553982,83.70069018090665,87.01226900841623,Estimación adecuada
Orocovis,2020-2024,1,77.80883766643083,78.53407671139422,77.04592739313392,79.99174024491944,Estimación adecuada
Orocovis,2020-2024,2,84.81893104480201,84.80720819628553,83.51066186706538,86.40118848259463,Estimación adecuada
Patillas,1980-1984,1,71.2919207839744,71.6891657176935,70.56249608573985,72.96247728515938,Estimación adecuada
Patillas,1980-1984,2,77.55331848134108,77.70656055768117,76.44953709491534,79.24146025662944,Estimación adecuada
Patillas,1985-1989,1,71.37552114824256,70.96235229480037,69.77912959519477,72.02271348502748,Estimación adecuada
Patillas,1985-1989,2,79.24042850774778,78.6775065941414,77.43503697735217,80.12134051612156,Estimación adecuada
Patillas,1990-1994,1,72.50760666915836,71.63614967859257,70.33594214224668,72.91154534127736,Estimación adecuada
Patillas,1990-1994,2,78.396020908419,78.3744154165336,76.97211455032075,79.86697721211834,Estimación adecuada
Patillas,1995-1999,1,71.16809015939647,71.32871529773269,70.0638438069885,72.52519770878371,Estimación adecuada
Patillas,1995-1999,2,78.52476688729733,78.34408446024767,77.2586311374214,79.56367116419014,Estimación adecuada
Patillas,2000-2004,1,73.84030571885792,73.6077600377464,72.48609062456731,74.67006720063709,Estimación adecuada
Patillas,2000-2004,2,80.28524555250978,80.74254653535164,79.27884734710975,82.15617323951614,Estimación adecuada
Patillas,2005-2009,1,74.71797456893655,74.409688070231,73.20411025849944,75.66832158804698,Estimación adecuada
Patillas,2005-2009,2,82.37229150118687,81.58694234039007,80.34600288245005,82.9818270014424,Estimación adecuada
Patillas,2010-2014,1,75.64302541877272,75.97610195885031,74.75700313806485,77.31771900639365,Estimación adecuada
Patillas,2010-2014,2,82.97344642216791,83.12143962928201,81.75032036222018,84.74811464377632,Estimación adecuada
Patillas,2015-2019,1,77.44243369136635,77.30804001366215,76.03556442094008,78.55035900694094,Estimación adecuada
Patillas,2015-2019,2,85.62464985032581,85.60686926957942,84.07086312325544,87.32984568731413,Estimación adecuada
Patillas,2020-2024,1,75.4428131511174,76.49315096841103,75.48567969983165,77.550273875584,> e0 observado
Patillas,2020-2024,2,83.73266646624228,85.43517920667574,83.92244815935287,87.24989745196747,> e0 observado
Penuelas,1980-1984,1,72.35786944424055,71.61295383746801,70.39997345939152,72.87958007191413,Estimación adecuada
Penuelas,1980-1984,2,77.42169553222374,77.63454376127042,76.38735110721836,79.10079048126612,Estimación adecuada
Penuelas,1985-1989,1,72.76539154925341,71.83305675765111,70.71377275892803,73.16588352587397,Estimación adecuada
Penuelas,1985-1989,2,78.26925344407194,78.09374753203896,76.74851558466885,79.45367459828893,Estimación adecuada
Penuelas,1990-1994,1,71.6518283419231,71.10772539642296,69.99678353608047,72.17139697265321,Estimación adecuada
Penuelas,1990-1994,2,78.09730287289996,78.170531018176,76.98259202106303,79.55254057988832,Estimación adecuada
Penuelas,1995-1999,1,72.51086800891099,71.87698957490917,70.83746335182136,72.95028705715495,Estimación adecuada
Penuelas,1995-1999,2,77.85186468595465,78.5576699293836,77.2124548217968,79.82737446238434,Estimación adecuada
Penuelas,2000-2004,1,73.06979986248778,73.00882316274743,71.988897612938,74.0614193002771,Estimación adecuada
Penuelas,2000-2004,2,80.74681115313095,80.81160510188687,79.40444126421517,82.31711211609976,Estimación adecuada
Penuelas,2005-2009,1,74.32588415517951,74.30241788245667,73.17602400199168,75.48956869850038,Estimación adecuada
Penuelas,2005-2009,2,83.85447484865448,82.8644109494867,81.11699289776215,84.87821868807669,Estimación adecuada
Penuelas,2010-2014,1,77.2161868060379,76.77422221127838,75.52240135844391,78.31470744591942,Estimación adecuada
Penuelas,2010-2014,2,82.37054992803498,82.42954243906581,81.1219070810596,83.77246522886267,Estimación adecuada
Penuelas,2015-2019,1,76.94988280019332,76.82508755997827,75.75604261513733,78.03755138046115,Estimación adecuada
Penuelas,2015-2019,2,83.52991574696982,83.52745598024526,82.16594697821117,85.19149455738294,Estimación adecuada
Penuelas,2020-2024,1,78.19759662594926,77.49759877066606,76.35156387457502,78.792197862491,Estimación adecuada
Penuelas,2020-2024,2,83.13779961346445,83.4019216169084,82.24239187361312,84.80063288079259,Estimación adecuada
Ponce,1980-1984,1,70.95163851465587,70.81344909276879,70.31108590034313,71.30538232727284,Estimación adecuada
Ponce,1980-1984,2,77.90393491985162,77.56026049034676,77.04387472817544,78.07548341746096,Estimación adecuada
Ponce,1985-1989,1,68.92037207804252,69.0986403307721,68.60132030266212,69.59291567247337,Estimación adecuada
Ponce,1985-1989,2,77.3120135977883,77.25137660137382,76.723979883223,77.81551870765065,Estimación adecuada
Ponce,1990-1994,1,68.07009878068561,68.34484890830254,67.76923509959516,68.83513750127617,Estimación adecuada
Ponce,1990-1994,2,77.70322992022791,77.75062712423302,77.20601962642947,78.25282258083385,Estimación adecuada
Ponce,1995-1999,1,68.8945019576824,69.13135320112954,68.62502509921454,69.60815729855355,Estimación adecuada
Ponce,1995-1999,2,78.64616620265484,78.54035253434657,77.98357380817183,79.07557480934528,Estimación adecuada
Ponce,2000-2004,1,71.88287158339286,71.9925995417317,71.4804153818683,72.44963919192037,Estimación adecuada
Ponce,2000-2004,2,80.17053819569585,79.96010953619094,79.45158619902085,80.52302780058548,Estimación adecuada
Ponce,2005-2009,1,72.59239776230434,72.77748030866093,72.29019134509988,73.30982550355392,Estimación adecuada
Ponce,2005-2009,2,81.60505937401689,81.4054631172186,80.8439653252409,81.99774979958748,Estimación adecuada
Ponce,2010-2014,1,74.90584213235752,74.91718194878294,74.3447842588964,75.4760574601512,Estimación adecuada
Ponce,2010-2014,2,81.84526785237593,81.81620008005089,81.2248795046735,82.35945721758779,Estimación adecuada
Ponce,2015-2019,1,75.94818443525777,76.14963575539002,75.54586191137514,76.77779244659783,Estimación adecuada
Ponce,2015-2019,2,84.573600741168,84.4690660605095,83.82341624493407,85.17350064402912,Estimación adecuada
Ponce,2020-2024,1,76.11579149445392,76.1646025811526,75.54467338976848,76.7519583943932,Estimación adecuada
Ponce,2020-2024,2,84.14984563358192,83.87550427407712,83.30465300768093,84.52446763718314,Estimación adecuada
Quebradillas,1980-1984,1,71.5804748432608,71.51164378671416,70.35200093787293,72.74003422286563,Estimación adecuada
Quebradillas,1980-1984,2,79.23938165137665,78.60825828286183,77.10852496033084,80.20069127358309,Estimación adecuada
Quebradillas,1985-1989,1,70.63546474047975,70.94444357808612,69.80009824679682,72.15610962853604,Estimación adecuada
Quebradillas,1985-1989,2,77.80764334555457,77.55673273588879,76.4676524717426,78.85551601193356,Estimación adecuada
Quebradillas,1990-1994,1,72.04068810225141,71.56704611411467,70.53167865627894,72.73552092687405,Estimación adecuada
Quebradillas,1990-1994,2,79.32174470623532,78.6457421591731,77.49460047868179,79.88740981401992,Estimación adecuada
Quebradillas,1995-1999,1,72.62949799850028,71.70851127118398,70.73698312052343,72.86084265570183,Estimación adecuada
Quebradillas,1995-1999,2,78.8521877504248,78.8212845286456,77.58281212453085,79.99984639961053,Estimación adecuada
Quebradillas,2000-2004,1,73.75120320482118,73.33096287692398,72.343678498733,74.41550407520265,Estimación adecuada
Quebradillas,2000-2004,2,79.64696913052158,79.86275072066994,78.7512895780679,80.8235298159118,Estimación adecuada
Quebradillas,2005-2009,1,76.4702021217705,75.20925313201157,74.15480678337501,76.25030159294894,< e0 observado
Quebradillas,2005-2009,2,82.57479226170334,82.28757025009489,80.96134524911798,83.89870977237406,Estimación adecuada
Quebradillas,2010-2014,1,76.84416482352528,76.39134586023127,75.27770483975829,77.52521611790415,Estimación adecuada
Quebradillas,2010-2014,2,83.16432092953069,82.9977636705278,81.52768705039867,84.43695384769774,Estimación adecuada
Quebradillas,2015-2019,1,77.52581972834565,77.25369980781309,76.14884849558632,78.23795075118495,Estimación adecuada
Quebradillas,2015-2019,2,83.89036641680575,83.59529064080033,82.4036325680234,84.78694530697702,Estimación adecuada
Quebradillas,2020-2024,1,78.45741764289136,77.49993188062196,76.41681775832016,78.59449582294332,Estimación adecuada
Quebradillas,2020-2024,2,84.02514632890372,83.97708834463734,82.68534174874867,85.57489603572077,Estimación adecuada
Rincon,1980-1984,1,71.31036542846637,72.57864344587004,71.22795647893645,74.03176619340684,Estimación adecuada
Rincon,1980-1984,2,78.23121876259758,78.55558596073996,77.22392051346472,80.13886345566831,Estimación adecuada
Rincon,1985-1989,1,72.68195818723761,72.37692943380222,71.18515257527886,73.68507250449562,Estimación adecuada
Rincon,1985-1989,2,78.13112109379762,78.85717876719664,77.43962439419403,80.31900534295758,Estimación adecuada
Rincon,1990-1994,1,74.46482669947628,73.14543534388474,71.88890771603567,74.43336316067595,< e0 observado
Rincon,1990-1994,2,79.71875830965256,79.45855594066231,78.16905575300133,80.90922144401158,Estimación adecuada
Rincon,1995-1999,1,71.81900034746621,71.79226675713002,70.58005299408664,72.8925330894667,Estimación adecuada
Rincon,1995-1999,2,80.4078903895804,80.29676294084953,78.94839448697414,81.82002094984773,Estimación adecuada
Rincon,2000-2004,1,75.07948363707656,74.77870202549113,73.63840073827829,75.96243984077616,Estimación adecuada
Rincon,2000-2004,2,82.97798833076854,82.34270142373883,80.86298934175475,83.77406240499735,Estimación adecuada
Rincon,2005-2009,1,76.37954961336744,75.73596010012919,74.55275176081236,77.00521721048226,Estimación adecuada
Rincon,2005-2009,2,80.35621164685101,81.30342626517856,80.05872785337058,82.6259475434924,Estimación adecuada
Rincon,2010-2014,1,79.61051534555456,77.87108884073325,76.47625760441443,79.08172508103245,< e0 observado
Rincon,2010-2014,2,83.80210551828287,83.96485557318752,82.48148438960638,85.74345288125755,Estimación adecuada
Rincon,2015-2019,1,79.17285737161941,78.94520926432733,77.65932682415333,80.26751263921616,Estimación adecuada
Rincon,2015-2019,2,86.30943741112463,86.22439325651044,84.55795644407432,88.41325457713788,Estimación adecuada
Rincon,2020-2024,1,79.87445814115418,79.57905837052878,78.25494026700385,81.04505246058453,Estimación adecuada
Rincon,2020-2024,2,86.12132225159803,85.74515643907463,84.27655222037733,87.55202386009827,Estimación adecuada
Rio Grande,1980-1984,1,71.31055270884488,71.26082557961854,70.28217726108835,72.34306163783594,Estimación adecuada
Rio Grande,1980-1984,2,77.8338345029928,77.56878821469272,76.41731813822315,78.96748806261763,Estimación adecuada
Rio Grande,1985-1989,1,72.55792010168767,71.86827873614097,70.99833039056541,72.83937873242012,Estimación adecuada
Rio Grande,1985-1989,2,78.55898208748316,78.34806504501688,77.3085093198585,79.66827392434072,Estimación adecuada
Rio Grande,1990-1994,1,69.8066408540921,70.21259300745731,69.29626658432079,71.10563545526082,Estimación adecuada
Rio Grande,1990-1994,2,79.04176505901863,78.94140465549488,77.91230808680824,80.18084483003973,Estimación adecuada
Rio Grande,1995-1999,1,69.24216716509197,69.9822332866695,69.0591610679653,70.85254260354591,Estimación adecuada
Rio Grande,1995-1999,2,78.57122528721384,78.55610747964812,77.58734145108008,79.56259309123423,Estimación adecuada
Rio Grande,2000-2004,1,73.5987446256221,73.55225122034972,72.72338413160145,74.39852736279164,Estimación adecuada
Rio Grande,2000-2004,2,80.92764017417292,80.84821211950472,79.90646691822107,82.01039484334969,Estimación adecuada
Rio Grande,2005-2009,1,74.74267006153134,74.82219033911451,73.88550261525721,75.83602438243125,Estimación adecuada
Rio Grande,2005-2009,2,82.25371975622028,81.81808699183019,80.87601368231206,82.90750822841704,Estimación adecuada
Rio Grande,2010-2014,1,75.62464241200296,75.77709866067799,74.80923508850677,76.63635181040863,Estimación adecuada
Rio Grande,2010-2014,2,81.93516108938404,81.95912128122202,81.1129044600981,82.895114686741465,Estimación adecuada
Rio Grande,2015-2019,1,77.32038501383934,77.4218293198928,76.43248874367184,78.43020694218562,Estimación adecuada
Rio Grande,2015-2019,2,84.73128165771396,84.42919958709865,83.38185556872465,85.4622055990994,Estimación adecuada
Rio Grande,2020-2024,1,76.09079051682853,76.6225183449067,75.57746989554607,77.56242898443739,Estimación adecuada
Rio Grande,2020-2024,2,84.92626206233898,85.19259308405631,84.10557386108579,86.56730976704777,Estimación adecuada
Sabana Grande,1980-1984,1,72.94260252849719,71.99300060146948,70.81657204708418,73.06518921249234,Estimación adecuada
Sabana Grande,1980-1984,2,76.79030160326006,77.2443316931857,76.25659217026595,78.4403806844467,Estimación adecuada
Sabana Grande,1985-1989,1,72.60670516660508,72.06627631006195,70.97321536552768,73.13508811482788,Estimación adecuada
Sabana Grande,1985-1989,2,79.46020484114078,78.82831172565255,77.51158280898399,80.03809248353352,Estimación adecuada
Sabana Grande,1990-1994,1,71.96878186562466,71.52719811399238,70.47932455593971,72.63586151704251,Estimación adecuada
Sabana Grande,1990-1994,2,77.52973712888554,77.67641248211504,76.64796145040395,78.80672957306204,Estimación adecuada
Sabana Grande,1995-1999,1,72.42496764545729,71.77191183423363,70.77505709717954,72.84194649413851,Estimación adecuada
Sabana Grande,1995-1999,2,77.8549110688198,77.89187429208033,76.88817315419804,78.87456652285141,Estimación adecuada
Sabana Grande,2000-2004,1,75.19081545433245,74.32907469383947,73.18004847976783,75.44542193865132,Estimación adecuada
Sabana Grande,2000-2004,2,80.10304388750191,80.5511079984957,79.28292858437577,81.76614910014288,Estimación adecuada
Sabana Grande,2005-2009,1,75.77699216646894,74.92004842764929,73.8713010022801,76.0499028495451,Estimación adecuada
Sabana Grande,2005-2009,2,80.72892003066303,81.19464146549745,79.99112060421952,82.78636865930548,Estimación adecuada
Sabana Grande,2010-2014,1,75.70526772953107,75.8430893491792,74.94523917166663,77.02534934148458,Estimación adecuada
Sabana Grande,2010-2014,2,83.3057418970242,82.94309013078467,81.76135198480108,84.24576736065163,Estimación adecuada
Sabana Grande,2015-2019,1,77.43470484017462,77.00513068820325,75.97378167829162,78.1666930546996,Estimación adecuada
Sabana Grande,2015-2019,2,83.12156944238525,83.10800799949281,82.08333178617832,84.44249140515774,Estimación adecuada
Sabana Grande,2020-2024,1,77.44105015726227,77.43343607875096,76.18486838639772,78.66135162226558,Estimación adecuada
Sabana Grande,2020-2024,2,83.44790990052292,84.50071685771186,83.2894285748196,86.05050978463018,Estimación adecuada
Salinas,1980-1984,1,69.34771587119822,69.79800378778867,68.71712372665458,70.79872825797759,Estimación adecuada
Salinas,1980-1984,2,77.00356882697933,77.00428261150958,75.90689169616945,78.07922256747099,Estimación adecuada
Salinas,1985-1989,1,67.8768913469486,68.97540588013953,67.92356418437399,70.10184131095188,> e0 observado
Salinas,1985-1989,2,76.51927305162637,76.8059351749674,75.81337185488118,77.90719921366184,Estimación adecuada
Salinas,1990-1994,1,69.60135801885075,70.09209211493385,68.98576171423844,71.21713936971662,Estimación adecuada
Salinas,1990-1994,2,77.16626361655916,77.62773572874676,76.53579605093088,78.78328525537513,Estimación adecuada
Salinas,1995-1999,1,69.29023548543516,69.61072442695318,68.52432291899544,70.60996396079747,Estimación adecuada
Salinas,1995-1999,2,79.22383445714814,78.85618076872419,77.64524125542786,80.10380190989066,Estimación adecuada
Salinas,2000-2004,1,73.10253328655585,73.0431708164706,71.98833784390979,74.13921358314838,Estimación adecuada
Salinas,2000-2004,2,80.52455994892824,80.17932566939598,79.12982349667736,81.22631749643813,Estimación adecuada
Salinas,2005-2009,1,73.52822440107285,73.6378390940024,72.6538992479687,74.7087357583082,Estimación adecuada
Salinas,2005-2009,2,80.63090066219925,80.86120855618665,79.70042320248014,82.16884857696365,Estimación adecuada
Salinas,2010-2014,1,75.47743944137984,75.45122394530324,74.44571935277517,76.62920401457751,Estimación adecuada
Salinas,2010-2014,2,83.23167940762168,83.29787985675372,81.86216627817078,84.76384290374915,Estimación adecuada
Salinas,2015-2019,1,77.96635541138743,77.65262849582436,76.45584027346774,78.76031475330075,Estimación adecuada
Salinas,2015-2019,2,85.02610562554052,84.76142248123543,83.27074036484197,86.27144033944978,Estimación adecuada
Salinas,2020-2024,1,77.2752335181164,77.14720086755624,75.9606102823681,78.1709244008157,Estimación adecuada
Salinas,2020-2024,2,85.43601257393142,85.04845975977237,83.7100816483339,86.51418003769928,Estimación adecuada
San German,1980-1984,1,72.17155637189039,72.036729891245,71.07098932196953,72.97668419157286,Estimación adecuada
San German,1980-1984,2,77.0812843420632,77.46227834365271,76.42330738484813,78.61693236241479,Estimación adecuada
San German,1985-1989,1,73.24578912339052,72.6954828683979,71.82461257409503,73.60944328288782,Estimación adecuada
San German,1985-1989,2,78.281715742411,78.12187028922285,77.24128417907795,79.12617351324161,Estimación adecuada
San German,1990-1994,1,72.47312065094486,72.04381318471553,71.13699665817288,72.92329169828726,Estimación adecuada
San German,1990-1994,2,78.88901019804139,79.0377244484117,78.08605127996218,80.13822944568932,Estimación adecuada
San German,1995-1999,1,74.17482678706043,73.44727157113488,72.58560230838239,74.5342911593637,Estimación adecuada
San German,1995-1999,2,78.52895052757144,78.94072569067134,77.9523704512195,80.19184214140176,Estimación adecuada
San German,2000-2004,1,75.40040785434385,74.76964925019111,73.79532971405831,75.72113715444215,Estimación adecuada
San German,2000-2004,2,81.07042973561371,81.06964436044188,80.044400009658645,82.19954249329632,Estimación adecuada
San German,2005-2009,1,75.89227383722931,75.43467383426783,74.57281440541377,76.32034038940904,Estimación adecuada
San German,2005-2009,2,81.35724022521588,81.77753648166146,80.62288392061731,82.75856160681064,Estimación adecuada
San German,2010-2014,1,77.09595528241658,76.3547131942083,75.45894672315072,77.26812739050791,Estimación adecuada
San German,2010-2014,2,81.95497572147197,82.47582921315083,81.43275869245028,83.7685186869954,Estimación adecuada
San German,2015-2019,1,79.14792857398798,78.0710718671419,77.0905062798415,79.0159348100955,< e0 observado
San German,2015-2019,2,84.0002365484052,84.23807054853076,83.22756385775006,85.49263450021095,Estimación adecuada
San German,2020-2024,1,78.13234571523579,77.59413894061811,76.69806791928798,78.52327573816439,Estimación adecuada
San German,2020-2024,2,83.15333884969452,83.82401350641965,82.82603792880444,84.97459513484642,Estimación adecuada
San Juan,1980-1984,1,68.53296805880613,68.64231135476184,68.30273945375347,69.04152300359846,Estimación adecuada
San Juan,1980-1984,2,78.41781325030587,78.293737558170207,77.89704558883027,78.64322277945278,Estimación adecuada
San Juan,1985-1989,1,67.17212517316179,67.33756116615794,66.98300965627132,67.68862136995453,Estimación adecuada
San Juan,1985-1989,2,78.70934229140379,78.64468260355497,78.30549864051835,78.98577894010009,Estimación adecuada
San Juan,1990-1994,1,64.70940097035052,64.96633699104001,64.64554812244106,65.3045487276437,Estimación adecuada
San Juan,1990-1994,2,78.53794951508831,78.58436571569595,78.24190647065791,78.93157264566196,Estimación adecuada
San Juan,1995-1999,1,67.09892384379134,67.2872086337293,66.90952876841655,67.66515602194278,Estimación adecuada
San Juan,1995-1999,2,79.54091321860172,79.55006469747735,79.23706284264262,79.91634173569003,Estimación adecuada
San Juan,2000-2004,1,71.1882392973574,71.28112325357026,70.9058969244389,71.636229845045,Estimación adecuada
San Juan,2000-2004,2,81.92921875527303,81.80134348630054,81.44453821792814,82.16911494671291,Estimación adecuada
San Juan,2005-2009,1,72.69964876784017,72.75486943085411,72.37247915843896,73.13800242413345,Estimación adecuada
San Juan,2005-2009,2,82.46547999538443,82.40835990043063,82.0173244561916,82.78106651963257,Estimación adecuada
San Juan,2010-2014,1,74.44529350870087,74.52872370589438,74.13917953878857,74.90188394323748,Estimación adecuada
San Juan,2010-2014,2,84.20463369793843,84.04960154451356,83.5984960266918,84.50254703523828,Estimación adecuada
San Juan,2015-2019,1,75.79825935426356,75.88603433042556,75.44413684731202,76.29454148063985,Estimación adecuada
San Juan,2015-2019,2,85.20819741649419,85.10648566312484,84.67150801632184,85.6253157113992,Estimación adecuada
San Juan,2020-2024,1,75.09617765928651,75.2256960811646,74.80531354104674,75.60558156581706,Estimación adecuada
San Juan,2020-2024,2,85.57777113429813,85.36360814738302,84.89558242300402,85.90148294148804,Estimación adecuada
San Lorenzo,1980-1984,1,72.4269330696064,72.35535995386583,71.34817466110803,73.58882534092756,Estimación adecuada
San Lorenzo,1980-1984,2,78.47103642037956,78.4570092221772,77.22097389182437,79.62880383436794,Estimación adecuada
San Lorenzo,1985-1989,1,70.33185072656097,71.009666021269,69.91035249117654,72.03313681951926,Estimación adecuada
San Lorenzo,1985-1989,2,79.4038927542163,78.77766244002063,77.76533611456857,79.92029024232274,Estimación adecuada
San Lorenzo,1990-1994,1,70.49063585980458,70.71454459052174,69.66564133147448,71.68577648992664,Estimación adecuada
San Lorenzo,1990-1994,2,79.42906403274269,79.13489323028622,78.16594348911872,80.27815440044571,Estimación adecuada
San Lorenzo,1995-1999,1,72.39291160482962,72.09179884621409,71.10440896398089,73.13758073854089,Estimación adecuada
San Lorenzo,1995-1999,2,78.56261721700943,78.60363310564702,77.52921708398156,79.60628319671582,Estimación adecuada
San Lorenzo,2000-2004,1,73.59466919977362,73.7006811497029,72.75804889044358,74.69244777016334,Estimación adecuada
San Lorenzo,2000-2004,2,81.14875504017051,81.01043827509073,79.96649650622209,82.20321721890811,Estimación adecuada
San Lorenzo,2005-2009,1,75.07421835227707,74.95309677640333,73.93235789556584,75.87718950539428,Estimación adecuada
San Lorenzo,2005-2009,2,82.06471302858854,81.72261612748821,80.73185210141168,82.84675180754469,Estimación adecuada
San Lorenzo,2010-2014,1,76.50254306599682,76.64405865374582,75.50547034032468,77.60491716096337,Estimación adecuada
San Lorenzo,2010-2014,2,83.9183271335132,83.35041058368556,82.3007121335047,84.62988343542648,Estimación adecuada
San Lorenzo,2015-2019,1,77.43176974248165,78.07163973131881,76.88787601388802,79.36939006905351,Estimación adecuada
San Lorenzo,2015-2019,2,85.92248006512409,85.42738133811972,84.18378416785166,87.13427285507925,Estimación adecuada
San Lorenzo,2020-2024,1,77.62523479934367,77.8128560169972,76.69822279137465,78.96607285773075,Estimación adecuada
San Lorenzo,2020-2024,2,84.55625634680975,84.31503007071045,83.28575204252772,85.49877297625378,Estimación adecuada
San Sebastian,1980-1984,1,73.33683627750408,72.75954300384561,71.7615627088087,73.69761193496014,Estimación adecuada
San Sebastian,1980-1984,2,77.39216900594447,77.73829592416894,76.63825205362194,78.88694718971479,Estimación adecuada
San Sebastian,1985-1989,1,71.54106439345284,71.77391385968266,70.95191310761874,72.75040939873399,Estimación adecuada
San Sebastian,1985-1989,2,78.32567842249966,78.35549813393793,77.42614239821813,79.43121798003156,Estimación adecuada
San Sebastian,1990-1994,1,72.72006609308197,72.30746866231942,71.35406370785572,73.08622474651364,Estimación adecuada
San Sebastian,1990-1994,2,78.61121244043503,78.70664350642866,77.73351009385215,79.71030268020577,Estimación adecuada
San Sebastian,1995-1999,1,73.29080325081594,72.83465934215349,71.88816824859421,73.62979792647022,Estimación adecuada
San Sebastian,1995-1999,2,79.73176179097116,79.42866707901655,78.41326192042536,80.34966799390433,Estimación adecuada
San Sebastian,2000-2004,1,74.89792147656362,74.48274484528417,73.7027995796571,75.28254995977677,Estimación adecuada
San Sebastian,2000-2004,2,80.32263567678552,80.26058730355177,79.43491111977292,81.22902165126317,Estimación adecuada
San Sebastian,2005-2009,1,76.73740203137386,75.98992882014747,75.12080950191368,76.9497129349243,Estimación adecuada
San Sebastian,2005-2009,2,81.1692904566309,81.0351053808269,80.22682621642291,81.8995665191106,Estimación adecuada
San Sebastian,2010-2014,1,76.69546237928682,76.41091401879366,75.54541225604848,77.25151051556367,Estimación adecuada
San Sebastian,2010-2014,2,83.16134686711862,82.95371720577995,82.00739789583594,84.04753194391273,Estimación adecuada
San Sebastian,2015-2019,1,79.1178099470019,78.45908655815533,77.57082318092273,79.38756988784307,Estimación adecuada
San Sebastian,2015-2019,2,84.22340952689646,84.00448454314318,83.02847267438844,84.83068288103618,Estimación adecuada
San Sebastian,2020-2024,1,78.24142492610734,77.83908979315622,76.91490350843964,78.68695329446568,Estimación adecuada
San Sebastian,2020-2024,2,84.23065748606743,84.3434084054932,83.36890599905854,85.29237265392271,Estimación adecuada
Santa Isabel,1980-1984,1,69.7275677276356,69.37771901956393,68.21322466298878,70.43759034469784,Estimación adecuada
Santa Isabel,1980-1984,2,77.7763438904047,77.24495347933572,75.82962864891856,78.60451235594603,Estimación adecuada
Santa Isabel,1985-1989,1,69.23817247335977,69.60755010656668,68.55324843815023,70.77349614775878,Estimación adecuada
Santa Isabel,1985-1989,2,76.67908928126376,76.67022220731855,75.63101216260137,78.0259672274173,Estimación adecuada
Santa Isabel,1990-1994,1,66.65679986192234,68.17308956953218,66.92534798086938,69.39318064750762,> e0 observado
Santa Isabel,1990-1994,2,76.1627447017844,76.94110162266233,75.63407004705448,78.33493838554617,Estimación adecuada
Santa Isabel,1995-1999,1,68.83610956762453,69.31788330239921,68.05661693216612,70.38302403225967,Estimación adecuada
Santa Isabel,1995-1999,2,77.73152078827611,77.56781417479205,76.42159246133343,78.77698021013197,Estimación adecuada
Santa Isabel,2000-2004,1,69.45419232564782,70.84854540156616,69.5814970260151,71.93994330407253,> e0 observado
Santa Isabel,2000-2004,2,79.11209035669054,79.22840071209382,77.99039545388293,80.43056285614841,Estimación adecuada
Santa Isabel,2005-2009,1,72.31479005793592,72.60630712299988,71.56088278373947,73.7486858526199,Estimación adecuada
Santa Isabel,2005-2009,2,81.59418713189359,81.34671634781111,79.98721183703645,83.12231623507006,Estimación adecuada
Santa Isabel,2010-2014,1,74.62174299181575,75.070144000927,73.82201744482109,76.37047715908776,Estimación adecuada
Santa Isabel,2010-2014,2,81.81631250475374,81.40700280402183,80.11536241012378,82.59779564294288,Estimación adecuada
Santa Isabel,2015-2019,1,75.10553816345772,75.2911834500911,74.12291178292075,76.59069450598106,Estimación adecuada
Santa Isabel,2015-2019,2,85.04929628842375,83.86727419124031,82.52366648302629,85.49350871452054,Estimación adecuada
Santa Isabel,2020-2024,1,74.53124138847393,75.09396284508914,73.93368844639252,76.2797808261781,Estimación adecuada
Santa Isabel,2020-2024,2,83.31177822878875,83.04493560890018,81.85878280689556,84.46940775349503,Estimación adecuada
Toa Alta,1980-1984,1,74.8830856005072,74.25340745504927,73.03530826466209,75.5677975083116,Estimación adecuada
Toa Alta,1980-1984,2,77.90618677933547,78.79534890729421,77.64022547601317,80.14146318141687,Estimación adecuada
Toa Alta,1985-1989,1,72.95726224514657,72.8625380455984,71.7492165805972,74.0504693121913,Estimación adecuada
Toa Alta,1985-1989,2,81.13925929884047,80.79721226684748,79.36926352728112,82.47131090927694,Estimación adecuada
Toa Alta,1990-1994,1,73.42887184415189,73.30931656485657,72.43273125048543,74.4759010623475,Estimación adecuada
Toa Alta,1990-1994,2,79.53507742661205,79.8433918658773,78.72512691318418,81.17242201005523,Estimación adecuada
Toa Alta,1995-1999,1,73.12825061550112,73.06132299899461,72.1397166337495,73.94060706277862,Estimación adecuada
Toa Alta,1995-1999,2,80.88771225273739,80.72333763513106,79.69618756741751,81.80218531525634,Estimación adecuada
Toa Alta,2000-2004,1,75.20122641401855,75.14073876458875,74.2768991650355,76.03611236530696,Estimación adecuada
Toa Alta,2000-2004,2,81.33505965208538,81.60930903323627,80.61658161566085,82.61616291574646,Estimación adecuada
Toa Alta,2005-2009,1,77.25808536131703,77.08795197117442,76.22773880594241,78.09613724535728,Estimación adecuada
Toa Alta,2005-2009,2,83.45975745150935,83.4448372430385,82.2956239823439,84.48443364763621,Estimación adecuada
Toa Alta,2010-2014,1,77.617438844306065,77.710562627944,76.87618205575825,78.48474515186035,Estimación adecuada
Toa Alta,2010-2014,2,84.59193836320182,84.32254931696008,83.26445407114298,85.44433729552752,Estimación adecuada
Toa Alta,2015-2019,1,79.44012262836311,79.40763772971732,78.5389594935821,80.358019654326,Estimación adecuada
Toa Alta,2015-2019,2,84.21287299648571,84.38277281623144,83.49840713189782,85.39353412772223,Estimación adecuada
Toa Alta,2020-2024,1,79.32715713141147,79.2064846647195,78.35164750516621,80.16678970908197,Estimación adecuada
Toa Alta,2020-2024,2,85.92609855770323,85.44206786552087,84.42584373096616,86.47149954533131,Estimación adecuada
Toa Baja,1980-1984,1,72.82833976912103,72.48412080169828,71.62738186346176,73.29461749985961,Estimación adecuada
Toa Baja,1980-1984,2,79.03893803233984,78.70712424018195,77.70888549155718,79.71839161188444,Estimación adecuada
Toa Baja,1985-1989,1,71.09171108702432,71.21241701501785,70.45457991205618,71.928779841069,Estimación adecuada
Toa Baja,1985-1989,2,79.17713173148333,78.90954486773839,78.03150220843654,79.879203015054685,Estimación adecuada
Toa Baja,1990-1994,1,69.55070432606276,70.00920283734517,69.24862743557094,70.69783234606307,Estimación adecuada
Toa Baja,1990-1994,2,78.53439715581091,78.3603676630755,77.63134917326175,79.05321344813964,Estimación adecuada
Toa Baja,1995-1999,1,71.02389397781576,71.21091473114191,70.4703351009359,71.93205665706125,Estimación adecuada
Toa Baja,1995-1999,2,80.35817914633549,79.92769121833172,79.16233412387092,80.64087500221873,Estimación adecuada
Toa Baja,2000-2004,1,73.3130761935651,73.4921142495237,72.7877120408159,74.1754169181398,Estimación adecuada
Toa Baja,2000-2004,2,81.24641875534006,81.00448517387048,80.207359700563,81.80435803413683,Estimación adecuada
Toa Baja,2005-2009,1,73.9336800218148,74.10377222319096,73.3390501167332,74.88793231537716,Estimación adecuada
Toa Baja,2005-2009,2,81.2918522418654,81.2171642231078,80.47936974284212,81.97446713338391,Estimación adecuada
Toa Baja,2010-2014,1,75.63234922554784,75.72289378776445,74.99846885227257,76.49616419945721,Estimación adecuada
Toa Baja,2010-2014,2,83.19276198853512,82.97480895737289,82.04047882448322,83.81060705448843,Estimación adecuada
Toa Baja,2015-2019,1,77.0796431176242,77.16932057566002,76.37082413832445,77.88433212781818,Estimación adecuada
Toa Baja,2015-2019,2,85.28768156374481,85.09690295417207,84.21049617898777,86.03868026611488,Estimación adecuada
Toa Baja,2020-2024,1,76.06866784040614,76.31169696332408,75.5475001724664,77.04528256709006,Estimación adecuada
Toa Baja,2020-2024,2,84.82502560819063,84.7100866500442,83.8936287251662,85.65893907509337,Estimación adecuada
Trujillo Alto,1980-1984,1,73.8807661516517,73.80554554456526,72.74911835245578,74.9656949314031,Estimación adecuada
Trujillo Alto,1980-1984,2,80.45848591811597,80.15022774102225,79.03011833613695,81.35301702141183,Estimación adecuada
Trujillo Alto,1985-1989,1,72.91759611684925,73.02506362994265,72.11786790632078,73.92958034938943,Estimación adecuada
Trujillo Alto,1985-1989,2,81.01563083839561,80.60584905225835,79.55412520106917,81.8665615789995,Estimación adecuada
Trujillo Alto,1990-1994,1,72.6023641348921,72.84468136149017,71.91340400148721,73.86020836327987,Estimación adecuada
Trujillo Alto,1990-1994,2,79.85175886432305,79.879546463382,78.97838893430998,80.94973369763369,Estimación adecuada
Trujillo Alto,1995-1999,1,72.41162116159781,72.75883409801583,71.95513389395802,73.49045050581358,Estimación adecuada
Trujillo Alto,1995-1999,2,81.19162622930031,80.8677630543517,79.9742322575915,81.83812089572132,Estimación adecuada
Trujillo Alto,2000-2004,1,74.68446388601943,74.91082273615577,74.18959369743087,75.75159448264313,Estimación adecuada
Trujillo Alto,2000-2004,2,83.41194987282269,83.26717068407658,82.22337759677596,84.48206838092975,Estimación adecuada
Trujillo Alto,2005-2009,1,75.81610434260868,75.99849847527102,75.23947580187777,76.77599344768132,Estimación adecuada
Trujillo Alto,2005-2009,2,83.84316698522537,83.55077466865669,82.60627330406196,84.53722463328296,Estimación adecuada
Trujillo Alto,2010-2014,1,77.88979650864401,77.90251793972243,77.00673550244201,78.7622994315561,Estimación adecuada
Trujillo Alto,2010-2014,2,85.28937280458358,85.01432156968355,84.05181363014262,86.04216129975987,Estimación adecuada
Trujillo Alto,2015-2019,1,79.53728233113502,79.44347407042608,78.60799472147572,80.49012094665427,Estimación adecuada
Trujillo Alto,2015-2019,2,86.3543330403018,86.19428153363,85.21184625754177,87.3464174510768,Estimación adecuada
Trujillo Alto,2020-2024,1,78.39208683519212,78.60254866068209,77.80333399175106,79.57197278777522,Estimación adecuada
Trujillo Alto,2020-2024,2,86.16954614436371,85.8304311136566,84.98176590324312,86.74822146053731,Estimación adecuada
Utuado,1980-1984,1,72.77455758364391,72.8143475253419,71.76607640818571,73.71654651403529,Estimación adecuada
Utuado,1980-1984,2,78.22725510627389,78.2065411818522,77.22466887826646,79.37888547824326,Estimación adecuada
Utuado,1985-1989,1,72.49241351300115,72.4048920187077,71.47965598700637,73.31917558547893,Estimación adecuada
Utuado,1985-1989,2,78.55971933281445,78.50251621273719,77.54164687673286,79.50921827684593,Estimación adecuada
Utuado,1990-1994,1,73.58027996114916,72.92611110832374,72.04963250408991,73.91229024447745,Estimación adecuada
Utuado,1990-1994,2,79.15999314000904,78.81361846212215,77.92244958755404,79.8698256562264,Estimación adecuada
Utuado,1995-1999,1,73.56681994998524,72.69156723379265,71.83444819734834,73.67682534632985,Estimación adecuada
Utuado,1995-1999,2,79.75811291705193,79.40791274420181,78.31437191770912,80.46335662102192,Estimación adecuada
Utuado,2000-2004,1,75.66609210920785,74.86502662679686,73.8833038387582,75.7039187738649,Estimación adecuada
Utuado,2000-2004,2,80.85296661933371,81.02940889470102,79.97407554000601,82.2180292051427,Estimación adecuada
Utuado,2005-2009,1,74.96306439444312,74.9934190351706,73.96969745882735,75.980289196337,Estimación adecuada
Utuado,2005-2009,2,81.95177865789455,82.22987879742942,81.11171761786159,83.41118620529664,Estimación adecuada
Utuado,2010-2014,1,76.45438665507136,75.9763266587853,75.03671389151891,76.81347569296022,Estimación adecuada
Utuado,2010-2014,2,83.96232047500072,83.58604218144805,82.34195195654402,84.74553722469628,Estimación adecuada
Utuado,2015-2019,1,79.0189703608258,78.82575232234822,77.87623169644095,80.07943693952885,Estimación adecuada
Utuado,2015-2019,2,85.5118737413184,85.17999832263877,84.05275984651286,86.53433638012785,Estimación adecuada
Utuado,2020-2024,1,80.22889535833663,79.10385459529037,77.87026901064326,80.24765218957816,Estimación adecuada
Utuado,2020-2024,2,86.24989014279643,85.50384907122651,84.2252813619746,86.89209799302442,Estimación adecuada
Vega Alta,1980-1984,1,73.54933326191107,73.01629751345394,71.71081205592581,74.15437691273776,Estimación adecuada
Vega Alta,1980-1984,2,78.25469326095431,78.54190452574969,77.2823262675478,80.129972528004,Estimación adecuada
Vega Alta,1985-1989,1,72.05535344696615,72.33691784719119,71.24421561898126,73.4134319498924,Estimación adecuada
Vega Alta,1985-1989,2,78.15985935324002,78.32272849455276,77.32397320788276,79.53913480986711,Estimación adecuada
Vega Alta,1990-1994,1,70.24052329679134,70.82398009945501,69.80920291383029,71.8390178972069,Estimación adecuada
Vega Alta,1990-1994,2,79.51462054686016,79.49115040384682,78.33376720546069,80.58993561566248,Estimación adecuada
Vega Alta,1995-1999,1,71.54816531304111,71.88937011490785,70.94825825353979,72.81584981755384,Estimación adecuada
Vega Alta,1995-1999,2,79.34051049480365,79.44174472754314,78.30000230111148,80.4416968196467,Estimación adecuada
Vega Alta,2000-2004,1,74.10875011525926,74.16264349322952,73.1982842480741,75.20592225722143,Estimación adecuada
Vega Alta,2000-2004,2,81.98636550598057,81.70304018673107,80.49127446494603,83.03108728147308,Estimación adecuada
Vega Alta,2005-2009,1,74.49742104581102,74.82293292593482,73.79910046017665,75.79517516112713,Estimación adecuada
Vega Alta,2005-2009,2,82.79578771576239,82.4590846174793,81.29949907685081,83.71202236680031,Estimación adecuada
Vega Alta,2010-2014,1,76.95585105473053,76.74638851615843,75.74295346568991,77.71689714216998,Estimación adecuada
Vega Alta,2010-2014,2,84.70771205138385,84.13894070049662,82.9926460632316,85.53583327898048,Estimación adecuada
Vega Alta,2015-2019,1,79.09002086085074,78.5982006685779,77.64988126573391,79.7934619593972,Estimación adecuada
Vega Alta,2015-2019,2,84.78023321458953,84.73803610895577,83.61453242970792,86.02271020316041,Estimación adecuada
Vega Alta,2020-2024,1,79.13203080104806,78.86133865128355,77.66795159048588,80.00394727100951,Estimación adecuada
Vega Alta,2020-2024,2,86.55489338482076,85.86298976119929,84.60083063384695,87.33711898806213,Estimación adecuada
Vega Baja,1980-1984,1,72.17472574689376,71.96634215776542,71.0130735634259,72.9325570730827,Estimación adecuada
Vega Baja,1980-1984,2,77.4559969407079,77.22739581947351,76.33207483238883,78.19979314366768,Estimación adecuada
Vega Baja,1985-1989,1,71.32919645334727,71.36835409060726,70.34793560644096,72.35525376569579,Estimación adecuada
Vega Baja,1985-1989,2,78.37255208308184,78.34075920442598,77.52344063355137,79.25922508710474,Estimación adecuada
Vega Baja,1990-1994,1,69.34239102427848,69.66952670151605,68.848986272406,70.51047181587236,Estimación adecuada
Vega Baja,1990-1994,2,79.817128530258,79.43002041838622,78.48458481420327,80.43786788715542,Estimación adecuada
Vega Baja,1995-1999,1,69.80129928554581,70.12496206126406,69.3068225571478,70.80975500373339,Estimación adecuada
Vega Baja,1995-1999,2,78.73855584436625,78.48476386697372,77.6674725127384,79.26760089231003,Estimación adecuada
Vega Baja,2000-2004,1,71.71281396652603,72.05044420798676,71.27920652544674,72.86807763373281,Estimación adecuada
Vega Baja,2000-2004,2,80.83940501884719,80.34279943148523,79.41867361378772,81.24621198153956,Estimación adecuada
Vega Baja,2005-2009,1,73.49107576558887,73.71525094389365,72.89783509535468,74.55716115674234,Estimación adecuada
Vega Baja,2005-2009,2,81.56225378359265,81.29109822559317,80.41941654769215,82.2240472469472,Estimación adecuada
Vega Baja,2010-2014,1,75.67293352681041,75.69213681602342,74.88218460176998,76.428612482533,Estimación adecuada
Vega Baja,2010-2014,2,82.83225536608914,82.45421207831936,81.58252152309086,83.4730079373134,Estimación adecuada
Vega Baja,2015-2019,1,77.17186219895375,76.99550494071632,76.08870660461378,77.81955328738252,Estimación adecuada
Vega Baja,2015-2019,2,85.55300741129905,85.12788511330508,84.0703646380713,86.31919562734531,Estimación adecuada
Vega Baja,2020-2024,1,76.1343018706242,76.60495472481135,75.68760871709647,77.54166778473737,Estimación adecuada
Vega Baja,2020-2024,2,85.01178406884422,84.38833274444097,83.56070591145973,85.4254400597508,Estimación adecuada
Vieques,1980-1984,1,68.44199950691872,69.40765835962333,67.93923521385896,70.75920038204117,Estimación adecuada
Vieques,1980-1984,2,79.82881030409467,77.32234675216768,75.85284984535281,79.0375523520113,< e0 observado
Vieques,1985-1989,1,68.91887213110078,69.14490328539424,67.80968249641259,70.5779329067918,Estimación adecuada
Vieques,1985-1989,2,76.64055553721266,77.06625660205938,75.47227186557905,78.76096273700122,Estimación adecuada
Vieques,1990-1994,1,70.56388701195755,69.79702797384263,68.21155438363036,71.37856171648099,Estimación adecuada
Vieques,1990-1994,2,75.61141239304688,76.76710886121064,75.03653110240361,78.29137457195893,Estimación adecuada
Vieques,1995-1999,1,67.1661520645474,68.75608780397035,67.34014954449391,70.27102360727308,> e0 observado
Vieques,1995-1999,2,77.66760098100364,77.9984738821465,76.55249830604428,79.77997686591559,Estimación adecuada
Vieques,2000-2004,1,71.06219249587082,71.57227567401043,70.22081593474539,72.80876430208409,Estimación adecuada
Vieques,2000-2004,2,79.94564055883934,79.8439962958191,78.36430791569222,81.3729308208273,Estimación adecuada
Vieques,2005-2009,1,71.86562241202773,72.80230656935997,71.39447408734071,74.37624490954084,Estimación adecuada
Vieques,2005-2009,2,82.1662176624026,81.33511932747706,79.64389793242614,83.46316349135381,Estimación adecuada
Vieques,2010-2014,1,72.38693885614644,74.5001330895821,72.9812886100419,76.12064562554437,> e0 observado
Vieques,2010-2014,2,82.20083674525317,82.1882479067087,80.54736297471639,84.40134700862663,Estimación adecuada
Vieques,2015-2019,1,75.48771486205818,76.16984048919358,74.54413057735644,77.96704466349672,Estimación adecuada
Vieques,2015-2019,2,85.60400958844578,84.10382539175323,82.09807978711785,86.33760927594581,Estimación adecuada
Vieques,2020-2024,1,70.30670126441383,75.0766562547422,73.50965921280641,76.99315365999574,> e0 observado
Vieques,2020-2024,2,82.77316856062777,82.70445755207948,80.92493214704439,84.55596730332728,Estimación adecuada
Villalba,1980-1984,1,71.31481633801816,71.65649916764855,70.48586304125197,72.86071551385861,Estimación adecuada
Villalba,1980-1984,2,77.35744616187003,78.1662387163005,76.68609909920139,79.73154696090643,Estimación adecuada
Villalba,1985-1989,1,70.6812298941124,71.21528924563083,70.06699761944748,72.39633470476977,Estimación adecuada
Villalba,1985-1989,2,78.13907330956457,78.44879748384288,77.00549838807893,79.97772494259645,Estimación adecuada
Villalba,1990-1994,1,72.3498469286644,71.62731183615752,70.52680950299994,72.67693330815163,Estimación adecuada
Villalba,1990-1994,2,79.32972359168376,79.04159557098185,77.6619133651941,80.43770359135736,Estimación adecuada
Villalba,1995-1999,1,74.12665072351581,72.79214257164003,71.73445620289226,73.83639770884837,< e0 observado
Villalba,1995-1999,2,79.94095261032773,79.67314805810561,78.41510127865715,81.02331684444913,Estimación adecuada
Villalba,2000-2004,1,75.24588138203707,74.74187825684774,73.56768097949019,75.77855502225381,Estimación adecuada
Villalba,2000-2004,2,81.24189158745828,80.93117720368025,79.61925525577576,82.40785909557889,Estimación adecuada
Villalba,2005-2009,1,75.22194783512565,75.1332264598019,74.01246505433826,76.36560580583927,Estimación adecuada
Villalba,2005-2009,2,82.367985821704,82.19602119328226,80.91048332850917,83.65113938613109,Estimación adecuada
Villalba,2010-2014,1,77.8383761040004,76.80912587633964,75.75059559046727,78.08545156216945,Estimación adecuada
Villalba,2010-2014,2,82.38109633625453,82.70298673841339,81.40455304227189,84.17152611029105,Estimación adecuada
Villalba,2015-2019,1,77.83504649286682,77.62815785894801,76.484751787172,78.85868881420211,Estimación adecuada
Villalba,2015-2019,2,84.05820533092681,84.23492220657542,82.85121868727171,85.5783822879302,Estimación adecuada
Villalba,2020-2024,1,77.24232552482839,77.14622388996597,76.07799489464944,78.47772510556885,Estimación adecuada
Villalba,2020-2024,2,85.36972299365041,85.42687581287748,83.71834978188478,87.23156449825109,Estimación adecuada
Yabucoa,1980-1984,1,71.13885114874819,71.2956336937819,70.24727967641402,72.37593044326493,Estimación adecuada
Yabucoa,1980-1984,2,77.69784172893796,77.7362385775825,76.56565769260686,78.96271878375481,Estimación adecuada
Yabucoa,1985-1989,1,71.6497165141789,71.70662281906512,70.80411420663074,72.69357503954032,Estimación adecuada
Yabucoa,1985-1989,2,78.71247157491743,78.48887936588994,77.35620367831385,79.59884390444967,Estimación adecuada
Yabucoa,1990-1994,1,72.18368470754862,71.8036060359403,70.79945813792946,72.72503531486485,Estimación adecuada
Yabucoa,1990-1994,2,78.65582186258791,78.61522893189348,77.52641417000908,79.69610189001122,Estimación adecuada
Yabucoa,1995-1999,1,70.61759581589234,71.02369968164302,70.02838712915364,71.9350607751905,Estimación adecuada
Yabucoa,1995-1999,2,79.25053941807832,79.13561063594412,78.15739303389844,80.06767487175,Estimación adecuada
Yabucoa,2000-2004,1,74.67500524731325,74.40873771034057,73.4357836877436,75.47133239402513,Estimación adecuada
Yabucoa,2000-2004,2,81.74191284227646,81.50551996611904,80.3465309514929,82.99374966425356,Estimación adecuada
Yabucoa,2005-2009,1,74.52109913218256,74.7477106490852,73.79142973161201,75.72200367773982,Estimación adecuada
Yabucoa,2005-2009,2,83.07308125246723,82.79277035622333,81.64395586441773,84.02785011493678,Estimación adecuada
Yabucoa,2010-2014,1,75.57434879024864,76.1114720924532,75.23821129998723,77.11729698130284,Estimación adecuada
Yabucoa,2010-2014,2,82.0382545268585,82.45508706753823,81.42921120043081,83.55263744092616,Estimación adecuada
Yabucoa,2015-2019,1,77.58753133123862,78.1057880740581,77.10190379694671,79.24801262774741,Estimación adecuada
Yabucoa,2015-2019,2,86.1265699532434,85.63581030553279,84.22325238567939,87.08601423739165,Estimación adecuada
Yabucoa,2020-2024,1,75.78194920338815,77.14596832126006,76.13949319252514,78.18970888310423,> e0 observado
Yabucoa,2020-2024,2,85.25611674355481,84.80496284145775,83.7715299157512,86.14803841302523,Estimación adecuada
Yauco,1980-1984,1,71.51456720078431,71.11837450417292,70.18135342517755,72.0771531667925,Estimación adecuada
Yauco,1980-1984,2,77.4589640282646,77.45478935647225,76.35895353592373,78.63650115662159,Estimación adecuada
Yauco,1985-1989,1,69.95040254168732,70.16423467927076,69.32172354655472,71.02733444839235,Estimación adecuada
Yauco,1985-1989,2,77.60208552265917,77.46525470770403,76.47238447760122,78.42147981047555,Estimación adecuada
Yauco,1990-1994,1,71.7335324052013,71.27818883023942,70.3158587732186,72.13708167523147,Estimación adecuada
Yauco,1990-1994,2,78.49054698828598,78.23360128418918,77.33479214899916,79.18493242554138,Estimación adecuada
Yauco,1995-1999,1,72.03051290197796,71.63026910473839,70.62866311055714,72.40392254395383,Estimación adecuada
Yauco,1995-1999,2,79.29391771380651,78.75344287092153,77.90468312128814,79.72762735428464,Estimación adecuada
Yauco,2000-2004,1,72.97803149863371,73.03634093222428,72.13150080401178,73.83138273949126,Estimación adecuada
Yauco,2000-2004,2,79.24854846213276,79.34971039596866,78.41005095836127,80.2380181772554,Estimación adecuada
Yauco,2005-2009,1,73.24138587908658,73.57736453837808,72.73909708058304,74.4124965377416,Estimación adecuada
Yauco,2005-2009,2,80.5594161821005,80.6082949320735,79.67826241005942,81.63328257768393,Estimación adecuada
Yauco,2010-2014,1,75.57887719653512,75.54765073282721,74.67109814478259,76.43156625879747,Estimación adecuada
Yauco,2010-2014,2,81.76032266455593,81.86052582650531,80.92321525871041,82.92813641118099,Estimación adecuada
Yauco,2015-2019,1,77.43223226793361,77.23769327126357,76.23150223089095,78.34282120821786,Estimación adecuada
Yauco,2015-2019,2,82.51620418595085,83.21827857000386,82.19933348578255,84.28247478683198,Estimación adecuada
Yauco,2020-2024,1,75.94482006846164,76.32686206128638,75.4815038253499,77.29791240663015,Estimación adecuada
Yauco,2020-2024,2,83.86986937855978,83.32409735235106,82.44722206379403,84.2707905302032,Estimación adecuada
