region,period,sex,e0_observado,e0_estimado,e0_lower,e0_upper,est_eval
Adjuntas,1980-1984,1,72.54189508802463,72.1399196586494,70.83746436289297,73.31526610401522,Estimación adecuada
Adjuntas,1980-1984,2,78.96516925394144,78.82121746821517,77.66259601664271,80.32764439841264,Estimación adecuada
Adjuntas,1985-1989,1,70.84999061728885,71.629872360587,70.41868432813234,72.7791801350386,Estimación adecuada
Adjuntas,1985-1989,2,78.97855761762072,79.1709228713711,77.71349703949409,80.40603478549852,Estimación adecuada
Adjuntas,1990-1994,1,71.49310954038985,71.5130516345843,70.59456613471097,72.56395934888278,Estimación adecuada
Adjuntas,1990-1994,2,77.88047658335911,78.59529582569414,77.38272129739073,79.89560549367695,Estimación adecuada
Adjuntas,1995-1999,1,71.91080703113897,72.25720244157239,71.04046264551297,73.33624959670259,Estimación adecuada
Adjuntas,1995-1999,2,78.53770419818306,78.93730403842042,77.64909582149019,80.08463906034892,Estimación adecuada
Adjuntas,2000-2004,1,74.0807006063416,73.98299492199357,72.61786543992491,75.23235054784037,Estimación adecuada
Adjuntas,2000-2004,2,79.50851081175084,80.09062206880314,79.03018433819898,81.14100664904794,Estimación adecuada
Adjuntas,2005-2009,1,77.13413877724005,76.15785622739844,74.49910834989706,77.33411350795487,Estimación adecuada
Adjuntas,2005-2009,2,82.23262377887984,82.28657217625582,81.01449843421761,83.6847445819485,Estimación adecuada
Adjuntas,2010-2014,1,78.0170892039493,77.03871291609761,75.89841023747502,78.2366622250009,Estimación adecuada
Adjuntas,2010-2014,2,84.37542750420445,83.69291337571352,82.09901320821277,85.62636805217535,Estimación adecuada
Adjuntas,2015-2019,1,80.07122326396828,79.46407858026771,78.3356328967618,80.8344493714612,Estimación adecuada
Adjuntas,2015-2019,2,84.75780508868199,85.08821790465711,83.43258510539806,86.99738888842695,Estimación adecuada
Adjuntas,2020-2024,1,80.09050176489524,79.07391369089004,77.95361382194565,80.30454930936077,Estimación adecuada
Adjuntas,2020-2024,2,87.03883394524668,86.35091927848094,84.73854447373894,87.99462006306513,Estimación adecuada
Aguada,1980-1984,1,73.2175687853255,73.05791290758276,71.71251909866467,73.95946089389608,Estimación adecuada
Aguada,1980-1984,2,76.66307974738103,77.58323945167487,76.49555379742108,78.8959106065452,Estimación adecuada
Aguada,1985-1989,1,73.21396709192831,72.9204744380655,72.01862567445767,73.77071822490753,Estimación adecuada
Aguada,1985-1989,2,77.70261010174512,78.01633081698952,77.01354518630518,79.01301526358094,Estimación adecuada
Aguada,1990-1994,1,73.47166304966473,72.99523305073049,72.17971501453208,74.14001924264727,Estimación adecuada
Aguada,1990-1994,2,79.56472305278581,79.45921467495121,78.05557115478749,80.55356613318037,Estimación adecuada
Aguada,1995-1999,1,72.96139718811193,72.71549151755843,71.84440403121977,73.51972520777855,Estimación adecuada
Aguada,1995-1999,2,78.42598214583917,78.57806665757094,77.47472465797043,79.46700253249192,Estimación adecuada
Aguada,2000-2004,1,75.7731265619719,75.16858553752334,74.25449001829402,76.18303819174818,Estimación adecuada
Aguada,2000-2004,2,80.35987918975404,80.31965245422217,79.4893488437902,81.6153252818099,Estimación adecuada
Aguada,2005-2009,1,77.6139364553716,76.63847455159691,75.8343411785138,77.78005543837823,Estimación adecuada
Aguada,2005-2009,2,81.487501570255,81.38244339470415,80.37581093119971,82.40331857077547,Estimación adecuada
Aguada,2010-2014,1,77.3081065450094,76.99938921034133,76.04844593304031,77.93148812851744,Estimación adecuada
Aguada,2010-2014,2,83.93649978812951,83.45554805727089,82.22819368184594,84.91625059149676,Estimación adecuada
Aguada,2015-2019,1,80.17632385200217,79.12967794805141,78.15973179570356,80.21805702961717,Estimación adecuada
Aguada,2015-2019,2,84.88514363026218,84.81476218645838,83.78665962976979,86.13579011934905,Estimación adecuada
Aguada,2020-2024,1,78.78968559483442,78.21571885519896,77.34145315012854,79.06197565864765,Estimación adecuada
Aguada,2020-2024,2,83.87729580688905,84.07528826632416,83.28460290486802,85.36353747387318,Estimación adecuada
Aguadilla,1980-1984,1,71.00678071372081,71.07122766601874,70.37165255154261,72.04301624116476,Estimación adecuada
Aguadilla,1980-1984,2,77.48535658677463,77.29385726522304,76.57861332518715,78.26900848746065,Estimación adecuada
Aguadilla,1985-1989,1,70.58561267446154,70.66947946349666,69.82270541151982,71.3638958469154,Estimación adecuada
Aguadilla,1985-1989,2,77.65780206154783,77.61380707592834,76.70007510978658,78.38788174378506,Estimación adecuada
Aguadilla,1990-1994,1,70.88482346377512,70.8636806122791,70.07743086142362,71.6481755146257,Estimación adecuada
Aguadilla,1990-1994,2,77.99785568547416,77.87728854390811,77.12228506551415,78.65715582235802,Estimación adecuada
Aguadilla,1995-1999,1,70.78010378855268,70.75078531271839,70.07993841662588,71.5479484207539,Estimación adecuada
Aguadilla,1995-1999,2,78.16686736979354,78.00810266021224,77.33808995236154,78.81358948560177,Estimación adecuada
Aguadilla,2000-2004,1,73.78276571753028,73.34205724372947,72.64996825966844,74.08730995728018,Estimación adecuada
Aguadilla,2000-2004,2,80.45198774138778,79.91783671130824,79.26424341788328,80.62701853726551,Estimación adecuada
Aguadilla,2005-2009,1,74.34368140644376,74.03346255554597,73.27124790267814,74.84460856352561,Estimación adecuada
Aguadilla,2005-2009,2,81.18616231865005,80.84731038170749,80.03648769193026,81.57088310512646,Estimación adecuada
Aguadilla,2010-2014,1,76.10575530196566,75.60686707793705,74.9569458675708,76.22172098213707,Estimación adecuada
Aguadilla,2010-2014,2,81.66758711742574,81.51865057693051,80.92923416210945,82.2265451689587,Estimación adecuada
Aguadilla,2015-2019,1,77.5014617746831,76.91515322213654,76.27708510770957,78.075489188219,Estimación adecuada
Aguadilla,2015-2019,2,82.99395073109925,83.50504071611223,82.70669659486381,84.62055288789628,Estimación adecuada
Aguadilla,2020-2024,1,76.52156602867669,76.48543065767242,75.71781219419876,77.50375527927335,Estimación adecuada
Aguadilla,2020-2024,2,83.20736033493193,83.24164437757969,82.50686860443277,84.08190135013405,Estimación adecuada
Aguas Buenas,1980-1984,1,70.9060601893331,71.70535398034946,70.2225821582264,72.67735026547862,Estimación adecuada
Aguas Buenas,1980-1984,2,79.20230439846388,78.72267323020358,77.51965581418814,80.45947914181662,Estimación adecuada
Aguas Buenas,1985-1989,1,71.73217429810381,72.0804626305557,71.10042814362524,73.24253925127758,Estimación adecuada
Aguas Buenas,1985-1989,2,78.66666240443578,78.90760536705076,77.63837714795406,80.24890307029025,Estimación adecuada
Aguas Buenas,1990-1994,1,71.9040754109389,71.85032324693148,70.5910923689242,72.83266479995184,Estimación adecuada
Aguas Buenas,1990-1994,2,82.01930667891538,80.79289041573136,79.31139378534577,82.80537032887113,Estimación adecuada
Aguas Buenas,1995-1999,1,72.03242058667273,72.21048107777392,71.10595034713285,73.04898442907873,Estimación adecuada
Aguas Buenas,1995-1999,2,79.29741471606215,79.1441530174892,78.09027594547143,80.33110810129955,Estimación adecuada
Aguas Buenas,2000-2004,1,74.50847723417229,74.49678822544047,73.57444433806029,75.46086453056729,Estimación adecuada
Aguas Buenas,2000-2004,2,81.53307661620572,81.38800989567665,80.38233807702784,82.92273072412787,Estimación adecuada
Aguas Buenas,2005-2009,1,74.76751879253902,75.27906985792083,74.07800029793938,76.6120836346864,Estimación adecuada
Aguas Buenas,2005-2009,2,83.74825554704383,83.55081740450376,82.12559640280554,85.20497590149593,Estimación adecuada
Aguas Buenas,2010-2014,1,77.07874986678003,77.28782314153341,76.25491840900165,78.80622756409574,Estimación adecuada
Aguas Buenas,2010-2014,2,83.69043751017024,83.90291808738331,82.78647090662884,85.0760758737808,Estimación adecuada
Aguas Buenas,2015-2019,1,77.12363910638715,77.98183179288174,76.59402689890376,79.23352593984444,Estimación adecuada
Aguas Buenas,2015-2019,2,86.87058779798109,85.96920108772133,84.6328682503749,87.18383659312849,Estimación adecuada
Aguas Buenas,2020-2024,1,77.71291412855061,78.12862222921466,76.99077127941196,79.51336659804872,Estimación adecuada
Aguas Buenas,2020-2024,2,86.01372227536957,85.49259232626056,84.2286706064503,86.6292419464722,Estimación adecuada
Aibonito,1980-1984,1,71.20727896829324,71.64563479135558,70.56484005014781,73.07458240030977,Estimación adecuada
Aibonito,1980-1984,2,78.10148160174786,78.28910138036466,77.12047652626208,79.77166087302808,Estimación adecuada
Aibonito,1985-1989,1,70.93804632594708,71.33186681105863,70.28476291796329,72.46635190966177,Estimación adecuada
Aibonito,1985-1989,2,79.48839408130232,79.14117416034748,78.06385087791631,80.38873479619056,Estimación adecuada
Aibonito,1990-1994,1,72.7988506012683,72.43422988865414,71.30079974929295,73.57960347187654,Estimación adecuada
Aibonito,1990-1994,2,79.2040372973333,79.07242774699023,77.85615960706554,80.25349452270365,Estimación adecuada
Aibonito,1995-1999,1,72.77760443633895,72.25929314340803,71.01895500289105,73.23853480568903,Estimación adecuada
Aibonito,1995-1999,2,79.65397963842348,79.51617885898074,78.57166958014642,80.83585750069949,Estimación adecuada
Aibonito,2000-2004,1,74.39460579414155,74.08445032384589,73.0227433205897,75.21717856278246,Estimación adecuada
Aibonito,2000-2004,2,80.67825254541816,80.6080449426802,79.47616919532233,81.68124198877211,Estimación adecuada
Aibonito,2005-2009,1,74.88960349978896,74.9391714035082,73.85020125946511,75.97667360272085,Estimación adecuada
Aibonito,2005-2009,2,81.30587533973025,81.23564199557188,80.253864589513,82.31926067777172,Estimación adecuada
Aibonito,2010-2014,1,74.15371449624436,75.58120657161393,74.65325355360707,76.34410146584563,> e0 observado
Aibonito,2010-2014,2,82.83346667872438,82.92153072949964,81.73717137422099,84.34587171404186,Estimación adecuada
Aibonito,2015-2019,1,77.00855644451337,77.70732896864823,76.543357989699075,78.90140152998309,Estimación adecuada
Aibonito,2015-2019,2,83.92589167839914,84.35566401615803,83.21168294627317,85.86294014281737,Estimación adecuada
Aibonito,2020-2024,1,79.62044145372404,79.16348843277441,78.0192383027998,80.61250649581973,Estimación adecuada
Aibonito,2020-2024,2,85.54801976071055,85.47060103112312,84.34303489303517,86.92883539173746,Estimación adecuada
Anasco,1980-1984,1,72.01460523472085,71.72487943244028,70.71497711613968,72.76108198205898,Estimación adecuada
Anasco,1980-1984,2,76.47877169471658,76.63418207046675,75.57304749472794,77.71368608610248,Estimación adecuada
Anasco,1985-1989,1,71.42888891874672,71.3382132023996,69.96506293078627,72.22119615238772,Estimación adecuada
Anasco,1985-1989,2,76.49626365968555,77.14579166990431,76.07919820384805,78.23382656601237,Estimación adecuada
Anasco,1990-1994,1,70.05228247802772,70.6372920986831,69.41403433892589,71.5706475359222,Estimación adecuada
Anasco,1990-1994,2,77.19464732684078,77.39820188663256,76.56083266381476,78.62962134956598,Estimación adecuada
Anasco,1995-1999,1,71.8503650088804,71.29865158001107,70.32737886689722,72.13748102083784,Estimación adecuada
Anasco,1995-1999,2,77.85360337047756,77.89411202449736,77.07150041265835,78.89987724435744,Estimación adecuada
Anasco,2000-2004,1,74.35938543935956,73.79399699295237,72.99546960970926,75.00219880590741,Estimación adecuada
Anasco,2000-2004,2,80.6361937434096,80.45478371345173,79.13318691487386,81.77169538532948,Estimación adecuada
Anasco,2005-2009,1,76.96481061689505,75.82280580105515,74.99271316456881,76.99068370593915,Estimación adecuada
Anasco,2005-2009,2,82.18483587125668,81.64160631016293,80.35300641533482,82.90043661676148,Estimación adecuada
Anasco,2010-2014,1,76.38264162433823,76.11072911887271,74.96010426642866,77.04974434224825,Estimación adecuada
Anasco,2010-2014,2,83.0792504741019,82.82188260742683,81.47614613702233,84.2923888918768,Estimación adecuada
Anasco,2015-2019,1,78.19758272547156,77.63049127853441,76.6589881752747,78.88453345918175,Estimación adecuada
Anasco,2015-2019,2,85.54315717152748,84.76359100394515,83.58597841010803,86.22693029403752,Estimación adecuada
Anasco,2020-2024,1,77.16064670152906,77.41038603894897,76.1997798624879,78.40593302340801,Estimación adecuada
Anasco,2020-2024,2,83.21756305986028,84.30603096266135,83.3989097219958,85.29548356563188,> e0 observado
Arecibo,1980-1984,1,70.94822313738123,70.9542382437206,70.35373547233831,71.61087360227573,Estimación adecuada
Arecibo,1980-1984,2,77.54900544750468,77.21756307908716,76.60859886722432,78.06275877915508,Estimación adecuada
Arecibo,1985-1989,1,70.27186805457086,70.42795589841947,69.82597171635209,71.02418056910334,Estimación adecuada
Arecibo,1985-1989,2,77.07511338664264,77.08043222500497,76.51264842846439,77.82121815880379,Estimación adecuada
Arecibo,1990-1994,1,70.7566402122555,70.66159995171435,70.0734039306937,71.28543192752217,Estimación adecuada
Arecibo,1990-1994,2,77.82525476262934,77.79272796012867,77.26788511046561,78.4118045453316,Estimación adecuada
Arecibo,1995-1999,1,70.42422951948053,70.44350182524244,69.81621297309604,71.13052006392925,Estimación adecuada
Arecibo,1995-1999,2,77.67805190763367,77.6917905489954,77.19262710698874,78.32482567790902,Estimación adecuada
Arecibo,2000-2004,1,73.58677734329173,73.29353206941477,72.71588580182757,73.82574886775559,Estimación adecuada
Arecibo,2000-2004,2,80.17723082421405,79.93559968691979,79.1057174067038,80.52559263062693,Estimación adecuada
Arecibo,2005-2009,1,73.79746978285581,73.81270192392168,73.30607346264483,74.37914465128452,Estimación adecuada
Arecibo,2005-2009,2,80.99120726198103,80.68263850331502,79.92512189076173,81.25881641897021,Estimación adecuada
Arecibo,2010-2014,1,75.7499952369095,75.61868949452096,75.13296829304826,76.22275933962828,Estimación adecuada
Arecibo,2010-2014,2,81.99729917976788,81.7258365871404,81.1368871568774,82.38038471696626,Estimación adecuada
Arecibo,2015-2019,1,77.47760291858165,77.35819797108374,76.58044942494635,77.95481309085352,Estimación adecuada
Arecibo,2015-2019,2,84.62096334942434,84.36250418528746,83.26815998839457,85.06137500778894,Estimación adecuada
Arecibo,2020-2024,1,77.03404417797987,76.82527197026164,75.98004248312634,77.34905026251886,Estimación adecuada
Arecibo,2020-2024,2,83.99392652816302,83.7549399084445,83.04402939335358,84.4151500110712,Estimación adecuada
Arroyo,1980-1984,1,69.26197243419952,69.84513204897573,68.81220889594223,71.2610030942504,Estimación adecuada
Arroyo,1980-1984,2,77.70227943996014,77.4266671866205,76.05178321865185,78.96050677872913,Estimación adecuada
Arroyo,1985-1989,1,69.06544938666637,69.50689235595414,68.40964460016797,70.80543739438376,Estimación adecuada
Arroyo,1985-1989,2,76.53547803214356,76.60854269528012,75.71754624516942,77.86570844670882,Estimación adecuada
Arroyo,1990-1994,1,69.467701272295,69.7954948970522,68.84384791491784,70.84039850034327,Estimación adecuada
Arroyo,1990-1994,2,79.1638940521351,78.48091210181383,77.30366897344803,79.89705834402393,Estimación adecuada
Arroyo,1995-1999,1,69.35840651861476,70.0269499942878,68.711890772673,71.27796547625519,Estimación adecuada
Arroyo,1995-1999,2,77.98473955428868,77.66847668727661,76.87430320776366,78.74939149098495,Estimación adecuada
Arroyo,2000-2004,1,72.46263355278661,72.51618485497826,71.50886480327398,73.98366905069813,Estimación adecuada
Arroyo,2000-2004,2,79.49462438506767,79.44869955959538,78.3035513739651,80.91513495558523,Estimación adecuada
Arroyo,2005-2009,1,73.52924324703847,73.7143461401757,72.59246169524516,74.88790546988238,Estimación adecuada
Arroyo,2005-2009,2,81.55925566302211,81.18832999674308,79.78667894767526,82.7793395074691,Estimación adecuada
Arroyo,2010-2014,1,73.74855783813933,74.17657481594567,73.39454368744674,75.30260172766134,Estimación adecuada
Arroyo,2010-2014,2,82.70095569618667,82.2111018519348,80.83122077553233,83.71515460918566,Estimación adecuada
Arroyo,2015-2019,1,74.8566557237882,76.1912426628744,75.0715358166632,77.41228008923414,> e0 observado
Arroyo,2015-2019,2,83.0866067343545,83.5093519524364,82.00112165329307,84.88403828729705,Estimación adecuada
Arroyo,2020-2024,1,77.15040742709186,76.77765269308696,75.39777719277987,78.07909322546485,Estimación adecuada
Arroyo,2020-2024,2,82.07042233229612,83.13660041406627,82.08677245634632,84.34715894644025,> e0 observado
Barceloneta,1980-1984,1,69.54208697130086,70.57119076307936,69.29225252551551,71.7861690787357,Estimación adecuada
Barceloneta,1980-1984,2,77.15945709054438,77.47894703284845,76.40534641673386,78.88360146952087,Estimación adecuada
Barceloneta,1985-1989,1,72.20256138308129,71.80039621915796,70.80443915360186,72.95614598909395,Estimación adecuada
Barceloneta,1985-1989,2,78.86869640220178,78.50941921125617,77.35249769231396,79.9438502199398,Estimación adecuada
Barceloneta,1990-1994,1,71.82801102859922,71.24221492383117,70.22889118702288,72.0370056870479,Estimación adecuada
Barceloneta,1990-1994,2,79.79778456534827,79.64936856208067,78.20783204706794,81.53276021989149,Estimación adecuada
Barceloneta,1995-1999,1,69.62763398284126,70.58489954455234,69.33414882474499,71.76248883249045,Estimación adecuada
Barceloneta,1995-1999,2,78.30155980616671,78.59333842774248,77.16459716130845,79.89575534276933,Estimación adecuada
Barceloneta,2000-2004,1,74.25217285421826,73.63347312358246,72.5067589100763,74.64902842005306,Estimación adecuada
Barceloneta,2000-2004,2,80.98566728548113,80.31353053152051,79.18751065379092,81.3819839312095,Estimación adecuada
Barceloneta,2005-2009,1,75.14771749617947,74.66737662034745,73.32132846255931,75.70056853962245,Estimación adecuada
Barceloneta,2005-2009,2,83.11601404161499,82.54102649212933,81.4990308502677,84.43412898677227,Estimación adecuada
Barceloneta,2010-2014,1,75.38250616989667,75.58535436184343,74.55396685647466,76.42017166793748,Estimación adecuada
Barceloneta,2010-2014,2,83.08358460781069,82.70078574218022,81.51595791869913,84.16236307602267,Estimación adecuada
Barceloneta,2015-2019,1,79.11645760546239,77.83856822588027,76.48406365717491,78.96003301430314,< e0 observado
Barceloneta,2015-2019,2,85.56404930901091,85.16554099032788,83.66757772284961,86.61669092625792,Estimación adecuada
Barceloneta,2020-2024,1,75.82195956003592,75.87930971151681,75.15475575464339,77.1580182144263,Estimación adecuada
Barceloneta,2020-2024,2,84.21378427386206,84.36908672911687,83.19780310809792,85.58917209068329,Estimación adecuada
Barranquitas,1980-1984,1,71.33876197975141,71.56996044408578,70.45066400663531,72.94544058510712,Estimación adecuada
Barranquitas,1980-1984,2,77.30531169649653,77.6491688791233,76.46899837497755,78.88783931769467,Estimación adecuada
Barranquitas,1985-1989,1,71.51414892357278,71.47142554222128,69.99758568532091,72.67865403478984,Estimación adecuada
Barranquitas,1985-1989,2,77.76964050663393,78.09165622889489,76.81780325729196,79.29800118555167,Estimación adecuada
Barranquitas,1990-1994,1,70.61622752203239,71.19786344331999,69.95639549302255,72.13755522971374,Estimación adecuada
Barranquitas,1990-1994,2,80.19038720696513,79.64378713966738,78.25562364878598,80.79315529364868,Estimación adecuada
Barranquitas,1995-1999,1,71.30535167741402,71.01540119280864,70.1979798652554,71.8461726891783,Estimación adecuada
Barranquitas,1995-1999,2,77.36809189145215,77.9525010494959,76.90924651461309,79.04505322257896,Estimación adecuada
Barranquitas,2000-2004,1,73.94139576064687,73.81938370533246,72.78938758198957,74.97841292901367,Estimación adecuada
Barranquitas,2000-2004,2,80.92303201880848,80.8442728149187,79.84219254074875,82.99363789713496,Estimación adecuada
Barranquitas,2005-2009,1,75.7544247310515,75.3184588151335,74.06511419560607,76.75988373128779,Estimación adecuada
Barranquitas,2005-2009,2,83.34321773527964,83.01163434095878,81.54177176184584,84.35645397126922,Estimación adecuada
Barranquitas,2010-2014,1,75.82434696179858,75.7184728468284,74.89909620245356,76.56424140979152,Estimación adecuada
Barranquitas,2010-2014,2,83.19916348644448,83.06285740699306,81.89314901069343,84.09428136191872,Estimación adecuada
Barranquitas,2015-2019,1,78.70088384920705,78.31477658924678,76.93622907247575,79.33738030940287,Estimación adecuada
Barranquitas,2015-2019,2,86.1569793140704,85.90540816418942,84.48347388211332,86.91760659417359,Estimación adecuada
Barranquitas,2020-2024,1,77.70140580259377,77.85284538208795,76.8080925099846,78.84254385175183,Estimación adecuada
Barranquitas,2020-2024,2,85.89659093832063,85.88717827679206,84.5257841627926,87.25165557468404,Estimación adecuada
Bayamon,1980-1984,1,72.04514701418194,72.03835299171763,71.60822105532576,72.44576318276725,Estimación adecuada
Bayamon,1980-1984,2,78.18054324807127,78.03408457749192,77.58945803106894,78.53711291900785,Estimación adecuada
Bayamon,1985-1989,1,71.5983747916107,71.62287381383979,71.20867011687594,72.06538804114018,Estimación adecuada
Bayamon,1985-1989,2,79.53402783138928,79.33947601056428,78.80576911760406,79.82979593699643,Estimación adecuada
Bayamon,1990-1994,1,69.4013098024391,69.6288262634354,69.13224836363608,70.00963551600366,Estimación adecuada
Bayamon,1990-1994,2,79.99809814237119,79.84114456745127,79.37630680140882,80.52930211926466,Estimación adecuada
Bayamon,1995-1999,1,70.77177966925491,70.93830898380884,70.43851267304422,71.3656468994749,Estimación adecuada
Bayamon,1995-1999,2,79.73301230251936,79.66606186441219,79.22101605074639,80.14645412538749,Estimación adecuada
Bayamon,2000-2004,1,73.5738231086305,73.61929850707486,73.1013533907831,74.08073958417535,Estimación adecuada
Bayamon,2000-2004,2,81.70891995330638,81.62625667205859,81.10398662061988,82.0611806537724,Estimación adecuada
Bayamon,2005-2009,1,74.78989094750837,74.78935358794743,74.33263679552635,75.26585042316096,Estimación adecuada
Bayamon,2005-2009,2,82.81400991090649,82.66829122524636,82.16463707883331,83.24161176196571,Estimación adecuada
Bayamon,2010-2014,1,76.39050901350164,76.36777015821161,75.89350292209465,76.8561854029373,Estimación adecuada
Bayamon,2010-2014,2,84.21195413174073,84.01039610934512,83.539303230943,84.61101860237832,Estimación adecuada
Bayamon,2015-2019,1,77.4241342974101,77.57539460719872,76.96389639051122,78.03117081801327,Estimación adecuada
Bayamon,2015-2019,2,85.53635487807954,85.21791699029042,84.63561051116372,85.70993304254563,Estimación adecuada
Bayamon,2020-2024,1,76.28240347769595,76.3178323788326,75.76887179551905,76.86065243029284,Estimación adecuada
Bayamon,2020-2024,2,85.66531677680673,85.52099082157899,84.88508274205319,86.11638307383811,Estimación adecuada
Cabo Rojo,1980-1984,1,72.39724763936692,72.56691688203604,71.6776133019042,73.53872217313659,Estimación adecuada
Cabo Rojo,1980-1984,2,77.54158683750231,77.56384178524476,76.84409419027563,78.67315753891614,Estimación adecuada
Cabo Rojo,1985-1989,1,73.0487252974488,72.87736433206325,72.00396370700568,74.04261166159772,Estimación adecuada
Cabo Rojo,1985-1989,2,79.23917112625598,78.96359313534361,78.07104717367889,79.9804371220245,Estimación adecuada
Cabo Rojo,1990-1994,1,72.97925410251543,72.77248825101822,71.98033367947517,73.67718167115133,Estimación adecuada
Cabo Rojo,1990-1994,2,80.55409901002385,80.08301943628047,79.09309142671349,80.96982198625835,Estimación adecuada
Cabo Rojo,1995-1999,1,72.48815364764029,72.43188299162603,71.70409222098793,73.21643478765958,Estimación adecuada
Cabo Rojo,1995-1999,2,79.89647697006733,79.76333293207045,78.83104305803182,80.63485852378923,Estimación adecuada
Cabo Rojo,2000-2004,1,75.02839226790125,74.96038477559443,74.15361326126461,75.72722992978072,Estimación adecuada
Cabo Rojo,2000-2004,2,82.11872847252751,81.79802130075056,80.84947255054936,82.83760031817027,Estimación adecuada
Cabo Rojo,2005-2009,1,76.84328880547318,76.26252112787866,75.49265025000722,77.06833080447589,Estimación adecuada
Cabo Rojo,2005-2009,2,82.7883495500848,82.4584390237215,81.72947293058806,83.23018933870551,Estimación adecuada
Cabo Rojo,2010-2014,1,75.75368420461353,76.11422228655417,75.378402348367,76.7969830962061,Estimación adecuada
Cabo Rojo,2010-2014,2,83.42815115673008,83.62305148140965,82.59452660089033,84.66191566351122,Estimación adecuada
Cabo Rojo,2015-2019,1,79.78583423632398,79.45466545501696,78.53769251167947,80.4885902286924,Estimación adecuada
Cabo Rojo,2015-2019,2,84.21493107845924,84.38705810787711,83.5757873604602,85.30023458875826,Estimación adecuada
Cabo Rojo,2020-2024,1,79.36891590464816,79.37052401899126,78.20337695140836,80.23321790073989,Estimación adecuada
Cabo Rojo,2020-2024,2,84.78014352257735,84.67600648746986,83.66653955659524,85.77583170266564,Estimación adecuada
Caguas,1980-1984,1,71.72229204508375,71.785815827323745,71.13351746418869,72.38582036106783,Estimación adecuada
Caguas,1980-1984,2,78.48100883851102,78.27355386499025,77.55220637298581,78.96934876770274,Estimación adecuada
Caguas,1985-1989,1,70.39381171255258,70.45966868483596,69.86182491868063,70.9668962799996,Estimación adecuada
Caguas,1985-1989,2,79.24402800001288,79.01115644295547,78.31537658673041,79.74659351126363,Estimación adecuada
Caguas,1990-1994,1,68.8176451180551,69.14695558061734,68.59013567272396,69.75619304183968,Estimación adecuada
Caguas,1990-1994,2,78.64358444378482,78.57783983186339,78.10898362557208,79.15573363652308,Estimación adecuada
Caguas,1995-1999,1,69.69055735609852,69.90958163785618,69.34275261840008,70.39886246547465,Estimación adecuada
Caguas,1995-1999,2,79.65612948337659,79.52800010359161,78.8916010366174,79.97048050741296,Estimación adecuada
Caguas,2000-2004,1,73.107794927577,73.23149733115707,72.71450413407757,73.89525496615832,Estimación adecuada
Caguas,2000-2004,2,81.16770684291535,80.99012336573071,80.39102936688455,81.5352204642063,Estimación adecuada
Caguas,2005-2009,1,74.70961206827913,74.7347075172035,74.16690599767722,75.34090202902638,Estimación adecuada
Caguas,2005-2009,2,83.1696138038651,82.98786951918234,82.23503337790532,83.63051794600264,Estimación adecuada
Caguas,2010-2014,1,74.58554015299133,74.87687638952144,74.24579244998506,75.49649386562197,Estimación adecuada
Caguas,2010-2014,2,83.90600489563008,83.66721217940862,83.06979879887564,84.49999679583459,Estimación adecuada
Caguas,2015-2019,1,77.12465328076702,77.25360122650359,76.68406846464157,77.79962588150724,Estimación adecuada
Caguas,2015-2019,2,84.81913360231934,84.6877350636122,84.01395993109615,85.37662662949944,Estimación adecuada
Caguas,2020-2024,1,76.29588342135226,76.36927143748215,75.8268058868067,76.97757529335223,Estimación adecuada
Caguas,2020-2024,2,84.58890329073994,84.46669343823658,83.89513149968488,85.17127448523416,Estimación adecuada
Camuy,1980-1984,1,72.00953497661486,72.35671513622313,71.26405729089697,73.16157339963056,Estimación adecuada
Camuy,1980-1984,2,79.0481930632779,78.97987852649345,77.68372588371213,80.16357342669559,Estimación adecuada
Camuy,1985-1989,1,73.05563270338816,72.72127149239064,71.8020609863828,73.96955967087439,Estimación adecuada
Camuy,1985-1989,2,79.50251205629577,79.254499650947,78.15326509912575,80.7147195874957,Estimación adecuada
Camuy,1990-1994,1,72.48592866320423,72.02518162392956,71.15392491370542,73.07746019274582,Estimación adecuada
Camuy,1990-1994,2,78.42074942707245,78.49201541820305,77.6507806482017,79.71625622675344,Estimación adecuada
Camuy,1995-1999,1,72.6730064081168,72.37772021573426,71.3789445315243,73.20721278647733,Estimación adecuada
Camuy,1995-1999,2,81.15887534595899,80.59696570127491,79.51962950500229,81.48799022263074,Estimación adecuada
Camuy,2000-2004,1,75.51776152008142,74.87762993634145,73.99273365747041,75.93636173444048,Estimación adecuada
Camuy,2000-2004,2,81.38049051623702,81.01890799764735,79.69059063122518,81.94977869970816,Estimación adecuada
Camuy,2005-2009,1,76.01134322923592,75.52335346485575,74.72751266753642,76.56348418299396,Estimación adecuada
Camuy,2005-2009,2,83.37764861657536,82.70717329726693,81.6186297581799,84.27090355449037,Estimación adecuada
Camuy,2010-2014,1,77.47114401608678,76.36345847253902,75.58483550194754,77.51493975519233,Estimación adecuada
Camuy,2010-2014,2,83.52117698878536,83.27399611757025,82.25583785158514,84.44595766751976,Estimación adecuada
Camuy,2015-2019,1,78.31044325410552,78.02323544972123,77.03060618845664,78.88478355849033,Estimación adecuada
Camuy,2015-2019,2,85.3683244262729,85.05063333838709,83.93313073733603,86.63818375459454,Estimación adecuada
Camuy,2020-2024,1,78.26146309261183,77.76148251828161,76.79827307393009,78.62786190787861,Estimación adecuada
Camuy,2020-2024,2,85.47114665413858,85.43244377493718,84.25232610981108,86.62066392372654,Estimación adecuada
Canovanas,1980-1984,1,73.2999178869587,71.97459472075414,70.90078670471735,73.09080562295483,< e0 observado
Canovanas,1980-1984,2,80.06188590433086,78.68612586366893,77.33213285629502,80.32330983206194,Estimación adecuada
Canovanas,1985-1989,1,71.61537365310774,71.34885758238421,70.42512752785134,72.48662693250061,Estimación adecuada
Canovanas,1985-1989,2,78.2476656338885,77.78020420206425,76.7227488594584,79.1398897596735,Estimación adecuada
Canovanas,1990-1994,1,68.47857316458972,69.28337704530861,68.59730475635152,69.88262056473057,> e0 observado
Canovanas,1990-1994,2,78.32395417011651,78.18504667061677,77.40168648009211,79.44445749085214,Estimación adecuada
Canovanas,1995-1999,1,67.92417601162161,68.80314046159768,67.95297020031828,69.64847514468033,> e0 observado
Canovanas,1995-1999,2,77.19866982997894,77.30949339540018,76.34234233372813,78.23372257606215,Estimación adecuada
Canovanas,2000-2004,1,71.16133588099902,71.8660542604505,70.96109536179151,72.8604324316123,Estimación adecuada
Canovanas,2000-2004,2,79.89031657445086,79.9063030244525,78.81145773201953,80.92290031472734,Estimación adecuada
Canovanas,2005-2009,1,72.03527888088188,72.79599184746817,71.84369073623165,73.71624905125,Estimación adecuada
Canovanas,2005-2009,2,82.20274877957495,81.71425810048848,80.56240230570091,83.48587328625395,Estimación adecuada
Canovanas,2010-2014,1,73.73163177655941,74.45542816771292,73.60830435209593,75.52343574124743,Estimación adecuada
Canovanas,2010-2014,2,82.38500533806449,81.93171340624363,81.02986535498374,82.96443086302457,Estimación adecuada
Canovanas,2015-2019,1,76.47578865798283,76.80917739744541,75.85512637932592,77.73638319383141,Estimación adecuada
Canovanas,2015-2019,2,83.4705410867674,83.30075827695813,82.11155420855397,84.16123378909339,Estimación adecuada
Canovanas,2020-2024,1,75.27011547141527,75.41046649218684,74.59538741990855,76.24141605967417,Estimación adecuada
Canovanas,2020-2024,2,84.62181844092844,83.93499547545849,83.02693507768063,85.17757110738694,Estimación adecuada
Carolina,1980-1984,1,72.6794571065647,72.7400518750047,71.99766650958932,73.21606637934468,Estimación adecuada
Carolina,1980-1984,2,80.00245669766524,79.63211209392952,78.9048882982276,80.32023635498838,Estimación adecuada
Carolina,1985-1989,1,71.45905207579524,71.61667873210894,71.0017920526518,72.08959319375452,Estimación adecuada
Carolina,1985-1989,2,79.99533355118935,79.78252791653485,79.20221326481767,80.66652365365334,Estimación adecuada
Carolina,1990-1994,1,69.88961527032848,70.17878853756537,69.53708325370712,70.63139165642231,Estimación adecuada
Carolina,1990-1994,2,79.19273965392165,79.1713805024529,78.57234727605899,79.84687171120375,Estimación adecuada
Carolina,1995-1999,1,70.60394767924991,70.81520334079337,70.3390433299158,71.38491845335687,Estimación adecuada
Carolina,1995-1999,2,80.17066355341139,80.01584875884231,79.63576862728613,80.77810692765487,Estimación adecuada
Carolina,2000-2004,1,73.93076115352547,74.1235997046025,73.6588113220658,74.55070126106659,Estimación adecuada
Carolina,2000-2004,2,81.94990115891812,81.75326613249757,81.12944639799522,82.27848103271612,Estimación adecuada
Carolina,2005-2009,1,74.82294831043073,74.83973801647653,74.45847643669674,75.38595495219357,Estimación adecuada
Carolina,2005-2009,2,82.93347404417227,82.78552652529682,82.24956520874598,83.25649971281679,Estimación adecuada
Carolina,2010-2014,1,75.7216623224996,75.95617122603907,75.43337832766079,76.50273494463883,Estimación adecuada
Carolina,2010-2014,2,84.32702876051525,84.19523843728929,83.59446605334152,84.89787932677946,Estimación adecuada
Carolina,2015-2019,1,78.16150181754098,78.19161601973124,77.44523541356594,78.98492386041791,Estimación adecuada
Carolina,2015-2019,2,86.31301087441426,86.14447747829115,85.57024011584583,86.86998731297328,Estimación adecuada
Carolina,2020-2024,1,78.61601699181084,78.49294298889922,77.90593547356227,79.20817790561857,Estimación adecuada
Carolina,2020-2024,2,85.92480146843513,85.55792763175128,84.96803427146253,86.223785682352,Estimación adecuada
Catano,1980-1984,1,64.71158204088911,66.09493775015925,65.13539608537918,67.07002528030404,> e0 observado
Catano,1980-1984,2,75.60330232750007,75.22006871121062,74.07257171782913,76.63991236477234,Estimación adecuada
Catano,1985-1989,1,65.74843366392102,66.83092305391494,65.89570173007867,67.75683706018307,> e0 observado
Catano,1985-1989,2,78.65957711284251,77.40794883309255,76.20508144784293,78.70300587561967,Estimación adecuada
Catano,1990-1994,1,63.551421617424765,65.09473178985385,63.92007979097427,66.17546233974169,> e0 observado
Catano,1990-1994,2,77.73013012436986,77.27409263133362,76.2999778155122,78.51667245039421,Estimación adecuada
Catano,1995-1999,1,64.95894376240564,66.39894054688544,65.03398766307359,67.41054354530851,> e0 observado
Catano,1995-1999,2,77.8017354936669,77.56787461767806,76.48929686991319,78.61558549575652,Estimación adecuada
Catano,2000-2004,1,69.54736006919788,70.56772682556564,69.36432946340659,71.45607747470527,Estimación adecuada
Catano,2000-2004,2,80.2420833723342,79.26227705463198,78.3687730226909,80.49751397386383,Estimación adecuada
Catano,2005-2009,1,70.0088463290445,71.02638707476285,69.86108085179914,72.08027414881475,Estimación adecuada
Catano,2005-2009,2,82.4846061988492,81.56414468462845,80.29830244457273,83.03786134412647,Estimación adecuada
Catano,2010-2014,1,73.04054164065786,73.40924069628913,72.30708065535246,74.68523379764295,Estimación adecuada
Catano,2010-2014,2,85.05347927327067,83.10992594630306,81.72007747754941,84.46773167636255,< e0 observado
Catano,2015-2019,1,73.65254048968006,74.44015433652285,73.39483562779142,75.84725944470969,Estimación adecuada
Catano,2015-2019,2,86.94579083490224,85.43212695731575,83.45165851976415,87.60744818681721,Estimación adecuada
Catano,2020-2024,1,73.01737041087927,74.090684034623,72.83806861945479,75.48297116823124,Estimación adecuada
Catano,2020-2024,2,86.0684794743231,84.84496834626921,83.01899518137577,86.39490225734775,Estimación adecuada
Cayey,1980-1984,1,71.32064492875627,71.18116999924086,70.12673186634615,72.05980488519721,Estimación adecuada
Cayey,1980-1984,2,76.88437352747384,77.14640558668981,76.21945505935506,78.20760641344437,Estimación adecuada
Cayey,1985-1989,1,69.35200072016079,69.99665094333888,69.3041174447219,70.86817011562633,Estimación adecuada
Cayey,1985-1989,2,78.24162311103663,78.09132130914489,77.12619340597107,79.08297225831075,Estimación adecuada
Cayey,1990-1994,1,69.27521430891126,70.04262495922359,68.97665310001523,70.99616373430027,Estimación adecuada
Cayey,1990-1994,2,78.16553833033852,78.34256525212442,77.24695301049374,79.42517618086177,Estimación adecuada
Cayey,1995-1999,1,70.01299547508536,70.51267942981943,69.7244564064402,71.35006856382074,Estimación adecuada
Cayey,1995-1999,2,78.87259018768239,78.83718875446334,78.07000053990667,79.78854532953753,Estimación adecuada
Cayey,2000-2004,1,73.68749999421473,73.65470495684656,72.71731630967318,74.65317174204277,Estimación adecuada
Cayey,2000-2004,2,81.22226473989993,80.70228949631576,79.74226175660105,81.51215632213423,Estimación adecuada
Cayey,2005-2009,1,73.99614368964569,74.54827192304617,73.53664074664418,75.65320846333012,Estimación adecuada
Cayey,2005-2009,2,82.1533699228688,81.82934524205118,81.08477440275762,82.73288008516934,Estimación adecuada
Cayey,2010-2014,1,75.00610378038506,75.56266874931947,74.64762051337144,76.41746854798149,Estimación adecuada
Cayey,2010-2014,2,83.73637939950336,83.40157207847476,82.34788534253583,84.35858644782348,Estimación adecuada
Cayey,2015-2019,1,78.54670044615935,78.45574854316415,77.53575155651228,79.43256716144728,Estimación adecuada
Cayey,2015-2019,2,85.74693279734878,85.21484420680537,83.95011734264382,86.34163952860938,Estimación adecuada
Cayey,2020-2024,1,79.40962956727441,79.30876930626343,78.17112335939314,80.47279364212676,Estimación adecuada
Cayey,2020-2024,2,87.6006348574498,87.032078366407,85.79236522793938,88.34321704451686,Estimación adecuada
Ceiba,1980-1984,1,72.14585176157938,71.5178068711713,70.05282895598515,72.93223355477275,Estimación adecuada
Ceiba,1980-1984,2,78.61104372786001,77.98989643857254,76.54966961455116,79.55890997488095,Estimación adecuada
Ceiba,1985-1989,1,70.6198183166503,70.60767206445584,69.4991425980601,72.18499737776075,Estimación adecuada
Ceiba,1985-1989,2,79.13415807152825,78.35875443172347,76.93543799145115,79.51982468026935,Estimación adecuada
Ceiba,1990-1994,1,71.00935671117365,70.63739423746757,69.77036935417726,71.92140544464107,Estimación adecuada
Ceiba,1990-1994,2,79.17042900270538,78.91556033158409,77.43229334068911,80.48685163372849,Estimación adecuada
Ceiba,1995-1999,1,72.51721647517238,71.57144054653355,70.58697651328349,72.78281913257317,Estimación adecuada
Ceiba,1995-1999,2,78.14728081414309,78.5066136617361,77.1573743961812,79.94109972843313,Estimación adecuada
Ceiba,2000-2004,1,74.86667065353893,73.79195883236693,72.60737492595464,74.8293370410126,< e0 observado
Ceiba,2000-2004,2,80.68427804057518,80.76621503841156,79.13723735795271,82.43301576775458,Estimación adecuada
Ceiba,2005-2009,1,76.12252834869311,74.82081524524824,73.55908104282513,75.97912138859127,< e0 observado
Ceiba,2005-2009,2,82.7966883833198,82.06446795679472,80.56017397992271,83.96642977529223,Estimación adecuada
Ceiba,2010-2014,1,75.46412666889606,76.25672753201977,74.95987223859856,77.73375664218887,Estimación adecuada
Ceiba,2010-2014,2,81.41353267344712,82.32998247165611,80.97202053011122,83.98519107852098,Estimación adecuada
Ceiba,2015-2019,1,78.54557923356414,77.70102202958454,76.33661118029654,79.50449301861306,Estimación adecuada
Ceiba,2015-2019,2,86.20789836529356,85.67731427133342,83.57947028202642,87.74852843913834,Estimación adecuada
Ceiba,2020-2024,1,72.26101326760208,76.05229168512497,74.6764597532699,77.2329220413595,> e0 observado
Ceiba,2020-2024,2,81.87366447467527,83.85486791280991,82.24915445801649,85.85607435728198,> e0 observado
Ciales,1980-1984,1,73.3601690081269,72.51535191054228,71.61001747328484,73.77717783902372,Estimación adecuada
Ciales,1980-1984,2,79.08450788252533,78.89263997007572,77.43338813780473,81.1588501045705,Estimación adecuada
Ciales,1985-1989,1,73.80385799895002,72.99233161539473,71.53349760546405,74.200210201207355,Estimación adecuada
Ciales,1985-1989,2,79.25761748100682,79.31443362417639,77.89654204307621,80.79199452448431,Estimación adecuada
Ciales,1990-1994,1,72.25274862856378,72.05257750771912,70.99690338395482,73.54030093616046,Estimación adecuada
Ciales,1990-1994,2,79.82543814746265,79.53536024535481,78.12000259201565,81.16636988298151,Estimación adecuada
Ciales,1995-1999,1,71.42663286324974,71.75590640751611,70.77294166344947,72.86783843064254,Estimación adecuada
Ciales,1995-1999,2,79.238381112831,79.79528356455768,78.31354721794756,81.06670361032957,Estimación adecuada
Ciales,2000-2004,1,72.8877247015535,73.72266008936762,72.69592332634997,75.01150062619442,Estimación adecuada
Ciales,2000-2004,2,80.83769687356553,81.20809705379318,79.85236985584038,82.56552105837835,Estimación adecuada
Ciales,2005-2009,1,74.52536084511352,74.91418207698439,73.97119242922196,76.43360838887537,Estimación adecuada
Ciales,2005-2009,2,82.13836581268944,82.42069644413493,80.70051602218439,84.07094048365808,Estimación adecuada
Ciales,2010-2014,1,75.83944224399347,76.51573536074997,75.41189252025802,77.60176010327285,Estimación adecuada
Ciales,2010-2014,2,83.18525319463721,83.50888873951888,82.25310540492215,84.87388748547178,Estimación adecuada
Ciales,2015-2019,1,80.35963140996523,79.01901953741844,77.75858394127599,80.35404732900201,< e0 observado
Ciales,2015-2019,2,85.16754149388572,85.96106738361496,84.347341596674,87.37926050626348,Estimación adecuada
Ciales,2020-2024,1,78.0952139934909,78.18509002693989,76.99096212292989,79.18067929679299,Estimación adecuada
Ciales,2020-2024,2,83.7838176468441,84.34984361388105,82.8717396843672,85.68397429560335,Estimación adecuada
Cidra,1980-1984,1,72.92625993210298,73.03156967966274,72.11569947521625,74.21202562026949,Estimación adecuada
Cidra,1980-1984,2,80.25294604658151,79.7708748248287,78.67015712306683,81.47378604729963,Estimación adecuada
Cidra,1985-1989,1,72.65671880748917,72.80893213107001,71.71458752684353,73.83077133548474,Estimación adecuada
Cidra,1985-1989,2,79.2640060129605,79.39165219793614,78.3486308975393,80.62606763933834,Estimación adecuada
Cidra,1990-1994,1,74.59270123853278,73.88989654927497,72.9379144696315,74.88586743967036,Estimación adecuada
Cidra,1990-1994,2,79.58259869878654,79.37535248794207,78.43044371243977,80.44115818774665,Estimación adecuada
Cidra,1995-1999,1,74.21713653214772,73.78814338364643,72.7512124625896,74.82389476553956,Estimación adecuada
Cidra,1995-1999,2,80.46720179098129,80.64890045912558,79.42225978672752,81.93795837049211,Estimación adecuada
Cidra,2000-2004,1,76.1648075054388,75.83955729191237,74.84415362672644,76.70420260613068,Estimación adecuada
Cidra,2000-2004,2,83.06880741955162,82.69187337290752,81.42276151880543,83.69646241147356,Estimación adecuada
Cidra,2005-2009,1,76.2488157847596,76.30040010329265,75.49099365359855,77.39986779539147,Estimación adecuada
Cidra,2005-2009,2,83.29450873472624,83.26430347182227,82.005348130047,84.1794710686537,Estimación adecuada
Cidra,2010-2014,1,77.33131059096634,77.58962889755992,76.54617642339338,78.67982539967754,Estimación adecuada
Cidra,2010-2014,2,83.46470181390174,83.2898722552883,82.12732273721579,84.51616560174469,Estimación adecuada
Cidra,2015-2019,1,78.97458456608396,79.296988053148,78.2460488339849,80.45933447351774,Estimación adecuada
Cidra,2015-2019,2,84.69043178604441,85.0338114409018,84.03163542470752,86.57734591231134,Estimación adecuada
Cidra,2020-2024,1,79.7427353948676,79.60574163499157,78.4497288372506,80.88071834776385,Estimación adecuada
Cidra,2020-2024,2,85.33702768748,85.21651484996856,84.27187056085842,86.26240117392919,Estimación adecuada
Coamo,1980-1984,1,71.83261143264684,71.91994138104002,70.76445590559013,73.11797192640401,Estimación adecuada
Coamo,1980-1984,2,77.96592585526496,78.39049154544848,77.00340812473533,79.35542656312151,Estimación adecuada
Coamo,1985-1989,1,71.23431252697634,71.4071852605995,70.42550755235268,72.49287525049564,Estimación adecuada
Coamo,1985-1989,2,77.61875344002883,78.192143669459,76.93337556130211,79.15115830437277,Estimación adecuada
Coamo,1990-1994,1,71.15206342123702,71.2643572518561,70.27175385027118,72.31620120907635,Estimación adecuada
Coamo,1990-1994,2,79.52007940092251,79.26143900065406,78.08455733578703,80.32610540030475,Estimación adecuada
Coamo,1995-1999,1,71.1960753395491,71.37401059661028,70.35058066883292,72.0844779831505,Estimación adecuada
Coamo,1995-1999,2,78.423903843953,78.74574525793955,77.42021931749463,79.69003698431442,Estimación adecuada
Coamo,2000-2004,1,73.24248106281058,73.32334391169476,72.51646640347758,74.30754876018999,Estimación adecuada
Coamo,2000-2004,2,81.2524184753369,80.92942990830849,79.69386922929024,82.07534482148256,Estimación adecuada
Coamo,2005-2009,1,76.67061680312946,75.79206865903012,74.8022588387787,76.54034666238344,< e0 observado
Coamo,2005-2009,2,82.50443120167047,82.08256179787665,80.90446522824882,83.20660447251399,Estimación adecuada
Coamo,2010-2014,1,76.08519397019607,76.09432049053117,75.34652621121253,76.96881422542307,Estimación adecuada
Coamo,2010-2014,2,82.76456200780567,82.50023229805868,81.49664872554021,83.57460123122786,Estimación adecuada
Coamo,2015-2019,1,76.3555860235564,76.73265409917136,75.85086086203577,77.74237103835964,Estimación adecuada
Coamo,2015-2019,2,84.32302802936533,84.47696531624257,83.50156853385687,85.88784456908202,Estimación adecuada
Coamo,2020-2024,1,78.73457128285159,78.1114729371918,77.14547228063904,79.115510126918565,Estimación adecuada
Coamo,2020-2024,2,85.32320664794793,85.13437145464037,84.0416914758289,86.46178502538538,Estimación adecuada
Comerio,1980-1984,1,72.39160599187598,72.18540023228718,71.12721943878631,73.52985795213802,Estimación adecuada
Comerio,1980-1984,2,80.50714392154065,79.42516406237789,78.0433986957325,81.0956656890488,Estimación adecuada
Comerio,1985-1989,1,72.46599051488649,71.99262183812246,70.75393472263761,73.26038664927526,Estimación adecuada
Comerio,1985-1989,2,79.35372018267553,79.11329572676338,78.04422897045782,80.38148021234136,Estimación adecuada
Comerio,1990-1994,1,72.63261964951914,71.88671654635141,70.74261930256034,72.89951493715037,Estimación adecuada
Comerio,1990-1994,2,78.0865724889923,78.59832057104154,77.69361667112848,80.06265156729943,Estimación adecuada
Comerio,1995-1999,1,71.13227286201818,71.42196725793724,70.16827636439368,72.59440940023896,Estimación adecuada
Comerio,1995-1999,2,78.32248610899435,78.60927998326807,77.50899767032308,80.22782617422459,Estimación adecuada
Comerio,2000-2004,1,73.74046365047266,73.87097041481887,72.47430444214743,75.21613346280455,Estimación adecuada
Comerio,2000-2004,2,80.19913305806267,80.47088911234837,79.09343787727602,81.73391779819445,Estimación adecuada
Comerio,2005-2009,1,75.30350166697882,74.93968846667127,73.79214393051845,76.34368322592819,Estimación adecuada
Comerio,2005-2009,2,81.75843965388886,81.54291066493812,80.46364772481044,83.08666358622055,Estimación adecuada
Comerio,2010-2014,1,77.88992392393747,77.0725643489161,75.83910748352683,78.3456833904024,Estimación adecuada
Comerio,2010-2014,2,83.20589003283447,82.98443040849429,81.80644044476348,84.35276615794487,Estimación adecuada
Comerio,2015-2019,1,76.11616223403381,76.82313933946986,75.8345509526225,77.9694925797067,Estimación adecuada
Comerio,2015-2019,2,84.47935763504815,84.47731382787231,82.75112849370936,86.12300749020943,Estimación adecuada
Comerio,2020-2024,1,75.23982921549162,76.2098034873585,74.93652654534543,77.26192490455901,Estimación adecuada
Comerio,2020-2024,2,83.75928924043123,83.67878526198393,82.75408550564694,84.9165549365327,Estimación adecuada
Corozal,1980-1984,1,72.8434269620364,72.60913301933061,71.67987729801327,73.69296191329639,Estimación adecuada
Corozal,1980-1984,2,78.49552695365927,78.26823536189377,77.26895695783705,79.60248211278149,Estimación adecuada
Corozal,1985-1989,1,74.16679537755694,73.27695328286624,72.30663776593838,74.15122512292012,< e0 observado
Corozal,1985-1989,2,78.31409571064404,78.32366238990829,77.30699513760457,79.36278773795435,Estimación adecuada
Corozal,1990-1994,1,71.27571092432538,71.595506409293307,70.80059562842268,72.54979121858733,Estimación adecuada
Corozal,1990-1994,2,78.71157989908842,78.9349855840284,77.78412795083844,80.06524468826825,Estimación adecuada
Corozal,1995-1999,1,71.90053240132126,72.20131521562308,71.03877169849,73.11183188045976,Estimación adecuada
Corozal,1995-1999,2,81.05061971042039,80.36974476822486,79.34919623904995,81.46003642971479,Estimación adecuada
Corozal,2000-2004,1,75.40121472632262,74.99704504192918,73.80763153389881,75.96286838787861,Estimación adecuada
Corozal,2000-2004,2,82.32727029969571,82.20820754952433,80.77685242802752,83.39416980549892,Estimación adecuada
Corozal,2005-2009,1,75.29676896497347,75.55217258153601,74.48798923993024,76.39875940409057,Estimación adecuada
Corozal,2005-2009,2,81.7668888989548,81.58548303167643,80.79303225170385,82.68437397445102,Estimación adecuada
Corozal,2010-2014,1,76.61800376671373,76.75354466724058,75.69576116846254,77.67440639101233,Estimación adecuada
Corozal,2010-2014,2,83.99620064198638,83.8545283178797,82.59864177390612,85.0866133128264,Estimación adecuada
Corozal,2015-2019,1,78.84838673591865,78.37495394920695,77.4554067165075,79.4110283049147,Estimación adecuada
Corozal,2015-2019,2,84.36621340480359,84.74269062630395,83.52216795867795,86.07099112343133,Estimación adecuada
Corozal,2020-2024,1,76.44862204173214,77.26694357149223,76.21274336245426,78.19968216481807,Estimación adecuada
Corozal,2020-2024,2,85.0591201159125,85.35409256300656,84.20224359243831,86.83831398670077,Estimación adecuada
Culebra,1980-1984,1,94.69722323815856,73.37627719585251,71.64314434487527,75.35340540092315,< e0 observado
Culebra,1980-1984,2,77.11141651027592,80.44263114814774,77.07250204982375,85.99390661727239,Estimación adecuada
Culebra,1985-1989,1,76.63588305134152,72.96526253082081,71.29872886598639,74.64242912784954,< e0 observado
Culebra,1985-1989,2,84.99417166658453,80.53619865418054,78.48678026070186,82.8437999667168,< e0 observado
Culebra,1990-1994,1,75.23127689590049,72.39752746583311,70.30334658379192,74.11849892072141,< e0 observado
Culebra,1990-1994,2,82.2361338517014,80.53347623660568,78.37090229494473,83.52752867777707,Estimación adecuada
Culebra,1995-1999,1,72.53390965878926,72.72806016878286,70.5209476970488,74.33427665528733,Estimación adecuada
Culebra,1995-1999,2,82.74787501668122,81.39520282010858,77.65905744618965,88.9049096231461,Estimación adecuada
Culebra,2000-2004,1,83.74648606676807,75.43351681551852,73.6304947339559,77.13985557649596,< e0 observado
Culebra,2000-2004,2,81.63132549875367,82.76841873751104,80.5901249313639,85.41927578003896,Estimación adecuada
Culebra,2005-2009,1,79.35518350612848,75.96418847831957,74.23396065001845,78.28038200567109,< e0 observado
Culebra,2005-2009,2,87.82645600917449,84.40046963229929,81.74729033125567,87.93301544885948,Estimación adecuada
Culebra,2010-2014,1,73.27486001063872,77.16200252882803,74.57545659385494,79.0833512780138,> e0 observado
Culebra,2010-2014,2,84.63331186955911,84.73503936373393,82.92730186680372,89.06010778659024,Estimación adecuada
Culebra,2015-2019,1,73.7782353124013,78.34311062046773,76.38258877362387,80.61497267500198,> e0 observado
Culebra,2015-2019,2,82.80860574041759,85.78652045884552,83.40749253871442,88.97033890046458,> e0 observado
Culebra,2020-2024,1,71.17558414919206,77.72360048424403,75.80240447227689,79.64896486270393,> e0 observado
Culebra,2020-2024,2,81.75048505604273,85.08608055952126,83.15448438759695,88.22128617302455,> e0 observado
Dorado,1980-1984,1,73.06768394242143,72.85987832574608,71.8217310024009,74.02752819712454,Estimación adecuada
Dorado,1980-1984,2,79.57134292897321,79.11070906093332,77.9172089725756,80.46372324989792,Estimación adecuada
Dorado,1985-1989,1,70.98138714935332,71.2187462053106,69.98093905794897,72.0291929783643,Estimación adecuada
Dorado,1985-1989,2,79.66708794032925,79.19461098016782,77.90605326460847,80.40679395090504,Estimación adecuada
Dorado,1990-1994,1,70.60163270459446,71.13153251220223,69.76633283870012,72.3072085657252,Estimación adecuada
Dorado,1990-1994,2,79.66123740902555,79.27104870212293,78.40444453177537,80.8480741667029,Estimación adecuada
Dorado,1995-1999,1,71.14661901491276,71.58150004369367,70.79744061431339,72.52577005316527,Estimación adecuada
Dorado,1995-1999,2,79.34231212268777,79.509609005589,78.5362249105805,80.64514967100615,Estimación adecuada
Dorado,2000-2004,1,72.80125816712727,73.18094819372477,72.3153293626248,74.42930783659952,Estimación adecuada
Dorado,2000-2004,2,80.51547250678337,80.22501901308749,79.26254176141249,81.45076652810721,Estimación adecuada
Dorado,2005-2009,1,74.74216888739862,74.84318319225653,73.75150571290206,76.090762996981,Estimación adecuada
Dorado,2005-2009,2,81.55921742419945,81.47257645765691,80.50725898344322,82.782733762654,Estimación adecuada
Dorado,2010-2014,1,77.3972526095473,77.31316671012979,76.42494048106256,78.5596423804684,Estimación adecuada
Dorado,2010-2014,2,83.78650120499329,83.5362937880661,82.23606881627072,84.91841415321775,Estimación adecuada
Dorado,2015-2019,1,79.05317477178703,78.53763308032406,77.54945013218114,79.6385870331737,Estimación adecuada
Dorado,2015-2019,2,85.0361331038058,85.09180207910649,83.7452460739868,86.67779022003421,Estimación adecuada
Dorado,2020-2024,1,77.54648054972814,77.81063644250223,76.92815436660138,78.99817496686985,Estimación adecuada
Dorado,2020-2024,2,87.81728727976584,86.67645556830944,85.36764800957351,88.41023422526271,Estimación adecuada
Fajardo,1980-1984,1,70.97992961345321,70.47081916730926,69.39635271247583,71.35098327737866,Estimación adecuada
Fajardo,1980-1984,2,77.4034006461853,76.80122692542832,75.91972541142205,78.0106634074729,Estimación adecuada
Fajardo,1985-1989,1,71.1887876704971,70.83715090748422,70.21425129132145,71.74878127099055,Estimación adecuada
Fajardo,1985-1989,2,77.37337374894558,77.17448120973515,76.09406739940411,78.39766781123919,Estimación adecuada
Fajardo,1990-1994,1,68.18099629812696,68.77481575210231,68.00193021625861,69.77292637038889,Estimación adecuada
Fajardo,1990-1994,2,78.11474876521702,77.86547699950788,77.06168856052845,78.7450984537734,Estimación adecuada
Fajardo,1995-1999,1,69.86154006659808,69.91711285015666,69.29070676139682,70.97413378315692,Estimación adecuada
Fajardo,1995-1999,2,78.82934233659792,78.57538520845819,77.38704177672741,79.42147550129332,Estimación adecuada
Fajardo,2000-2004,1,71.85134936418909,72.02166700556998,71.21474780476362,73.00390204351686,Estimación adecuada
Fajardo,2000-2004,2,80.31491904964011,79.7798780891019,78.95457151695953,80.62375358255055,Estimación adecuada
Fajardo,2005-2009,1,72.01498955956528,72.54607926705214,71.27884314334852,73.35713336205094,Estimación adecuada
Fajardo,2005-2009,2,80.42579698255476,80.24570843633059,79.1091807926081,81.25054191813808,Estimación adecuada
Fajardo,2010-2014,1,73.1648079564502,74.12349541136606,73.1813060451689,75.11125611467114,> e0 observado
Fajardo,2010-2014,2,81.74247222384632,81.32808182870254,80.47090720101835,82.24994391142889,Estimación adecuada
Fajardo,2015-2019,1,76.15087862256587,76.62987092987532,75.67320097633093,77.79590666702974,Estimación adecuada
Fajardo,2015-2019,2,83.7123556023456,83.45804258314737,82.26768576882145,84.69607421080492,Estimación adecuada
Fajardo,2020-2024,1,74.31868957649468,74.92565367605809,73.61535007033523,75.85404287510886,Estimación adecuada
Fajardo,2020-2024,2,83.33111283123691,83.44741051163021,82.42633665776978,84.44530603577812,Estimación adecuada
Florida,1980-1984,1,71.06938753374574,71.48034389374249,69.95075654089142,73.0013537723714,Estimación adecuada
Florida,1980-1984,2,79.21775098528943,78.34605028870786,76.79443959830925,80.11256771251033,Estimación adecuada
Florida,1985-1989,1,70.64603223425698,70.7523828632746,69.550589140575,72.53780010652784,Estimación adecuada
Florida,1985-1989,2,74.85144353276169,77.14137967281788,75.640699400218125,78.80592170285196,> e0 observado
Florida,1990-1994,1,70.01533527514864,70.3464829025522,69.3074629755717,71.48251678151868,Estimación adecuada
Florida,1990-1994,2,75.40391537650423,77.1427549322143,75.79125859419486,78.56727658902905,> e0 observado
Florida,1995-1999,1,71.65894113726901,71.51439485561662,69.91589940617072,72.74503203019617,Estimación adecuada
Florida,1995-1999,2,77.29790147374477,77.9394945832324,76.7050150990473,79.11871232335469,Estimación adecuada
Florida,2000-2004,1,75.01444427678842,73.74129514306324,72.59305428834034,75.19479272916351,Estimación adecuada
Florida,2000-2004,2,81.08965307946796,80.79827680154477,79.45373729006181,82.22255786258326,Estimación adecuada
Florida,2005-2009,1,76.54783220170152,74.65482748670675,73.50838803336028,76.02187134157911,< e0 observado
Florida,2005-2009,2,80.52310433234075,80.90284550984197,79.45041206850077,82.24331046702139,Estimación adecuada
Florida,2010-2014,1,79.58931937931183,77.37249138449826,76.00540599843052,79.10461056014711,< e0 observado
Florida,2010-2014,2,84.35262381150902,83.0359727013587,82.0188290522616,84.95135662049799,Estimación adecuada
Florida,2015-2019,1,77.39963673465637,77.27677161667017,76.36406985052125,78.42555548078158,Estimación adecuada
Florida,2015-2019,2,83.04749257512822,83.95726249692605,82.37353019139881,85.79491156128135,Estimación adecuada
Florida,2020-2024,1,76.48138637441758,77.21592095883483,76.09350342316876,78.70965701144112,Estimación adecuada
Florida,2020-2024,2,86.57028869211995,86.32795109796292,84.48314274161747,88.5415162925359,Estimación adecuada
Guanica,1980-1984,1,70.29160656173029,69.81932493258314,68.68103164879403,71.0198522942433,Estimación adecuada
Guanica,1980-1984,2,77.02589204137094,76.61602913645365,75.29001736751009,77.87797006219427,Estimación adecuada
Guanica,1985-1989,1,69.64590752945972,69.38359498708952,68.34149358054589,70.89904116621067,Estimación adecuada
Guanica,1985-1989,2,76.96194389846337,76.66913972268843,75.28670630223979,77.92708317157937,Estimación adecuada
Guanica,1990-1994,1,69.00330089577055,69.15724374825714,67.79337398060864,70.25162383035263,Estimación adecuada
Guanica,1990-1994,2,77.43314529873244,77.13713014226289,76.06255587327733,78.28052171565923,Estimación adecuada
Guanica,1995-1999,1,68.75925697690468,69.42396767871938,68.1856243272509,70.64509893739083,Estimación adecuada
Guanica,1995-1999,2,76.88365176255945,77.06519257138984,75.86693999956623,78.1180949607331,Estimación adecuada
Guanica,2000-2004,1,72.36855900985053,72.06698685693243,71.00626820890363,73.2409537535541,Estimación adecuada
Guanica,2000-2004,2,78.3128127578213,78.55404969589827,77.5257593535789,79.7158172084549,Estimación adecuada
Guanica,2005-2009,1,71.69965700518571,72.23017815497838,71.38289610646066,73.21454457911584,Estimación adecuada
Guanica,2005-2009,2,80.3960001801447,79.82613142448946,78.61519882568197,80.6674143322483,Estimación adecuada
Guanica,2010-2014,1,75.43056531334524,74.61916551612089,73.3838183927517,75.74031235271028,Estimación adecuada
Guanica,2010-2014,2,80.57778836738088,81.1644683058588,79.95525061089513,82.69288092652675,Estimación adecuada
Guanica,2015-2019,1,74.6061778340804,74.66625034512836,73.53619904208243,75.48432506776211,Estimación adecuada
Guanica,2015-2019,2,81.3148683326643,81.58195262118343,80.3502249770124,82.56699180362568,Estimación adecuada
Guanica,2020-2024,1,73.35967274163447,74.55044366981163,73.07559424364683,75.69527979694027,Estimación adecuada
Guanica,2020-2024,2,82.11869011623037,82.00260250510416,80.67637273087408,83.17981679666735,Estimación adecuada
Guayama,1980-1984,1,70.24592277647761,70.24875283224728,69.35473557842528,71.21887934564155,Estimación adecuada
Guayama,1980-1984,2,76.94736099895414,76.71967016365599,75.88511141830244,78.06868461509603,Estimación adecuada
Guayama,1985-1989,1,69.18407376779939,69.51700686665302,68.51463791618906,70.43339058014797,Estimación adecuada
Guayama,1985-1989,2,77.01984994163914,76.81448634425041,75.81330066833327,77.66108343102863,Estimación adecuada
Guayama,1990-1994,1,69.12774545799293,69.54602919490247,68.30142632784333,70.52030096581495,Estimación adecuada
Guayama,1990-1994,2,78.26536534527779,77.78989166055828,76.7550608795627,78.71453578082286,Estimación adecuada
Guayama,1995-1999,1,69.89298463348949,70.16520300793243,69.20482928780024,71.03509138463522,Estimación adecuada
Guayama,1995-1999,2,79.36097539479375,78.61604416040765,77.79526501864572,79.71914266511112,Estimación adecuada
Guayama,2000-2004,1,71.73959231092829,71.81776875393012,70.94210285849307,72.60843652107201,Estimación adecuada
Guayama,2000-2004,2,80.42361640554877,79.93352002281813,79.00148420157282,80.93540091418953,Estimación adecuada
Guayama,2005-2009,1,74.004627225837,73.78820086048837,72.6544046417547,74.8151360843914,Estimación adecuada
Guayama,2005-2009,2,80.66196990050479,80.48114154066695,79.44121821230561,81.41757744869147,Estimación adecuada
Guayama,2010-2014,1,76.0922078825251,75.49959379795735,74.62778070716553,76.498916875997935,Estimación adecuada
Guayama,2010-2014,2,82.22460967328485,81.91350263026175,80.39828913318209,82.87231130055417,Estimación adecuada
Guayama,2015-2019,1,76.61959145312574,76.49816968842711,75.42331658416936,77.45412128667073,Estimación adecuada
Guayama,2015-2019,2,83.4142713899816,83.44054227177,82.30548064444902,84.76564550714582,Estimación adecuada
Guayama,2020-2024,1,73.93879414262592,75.2406067769989,74.43006924376203,76.13613016183723,> e0 observado
Guayama,2020-2024,2,82.33975114826434,82.57233133586084,81.57838520441831,83.61001479273142,Estimación adecuada
Guayanilla,1980-1984,1,72.58983279684577,71.64356123485129,70.6448644606204,72.83118214761201,Estimación adecuada
Guayanilla,1980-1984,2,77.53353824728316,77.35118680270118,76.08070048835341,78.45739197387346,Estimación adecuada
Guayanilla,1985-1989,1,70.73661721916349,70.41326437037279,69.30354060475739,71.42025212370098,Estimación adecuada
Guayanilla,1985-1989,2,76.86235560972376,76.78124080130965,75.67389064451385,78.0870204764262,Estimación adecuada
Guayanilla,1990-1994,1,72.37752924339648,71.28331487041943,70.12808119334335,72.36552843451906,< e0 observado
Guayanilla,1990-1994,2,78.55250974931681,78.03072281113991,76.59212861827734,78.80688053782414,Estimación adecuada
Guayanilla,1995-1999,1,72.22131902455737,71.2677851565584,70.103561450726545,72.2277681075488,Estimación adecuada
Guayanilla,1995-1999,2,79.14608996325278,78.69701011208878,77.191729026672,79.68155215793155,Estimación adecuada
Guayanilla,2000-2004,1,74.05744082522244,73.46550450509676,72.20775374144013,74.56496537490054,Estimación adecuada
Guayanilla,2000-2004,2,80.06971551607721,79.72174711253761,78.49909906943958,80.56616605447982,Estimación adecuada
Guayanilla,2005-2009,1,73.36781184296053,73.73113864988085,72.61036076292731,74.796286515959,Estimación adecuada
Guayanilla,2005-2009,2,79.74433091795808,79.62446950917128,78.79004644074499,80.76168304908802,Estimación adecuada
Guayanilla,2010-2014,1,77.2541883457964,76.23612742209075,74.73039419706849,77.15036766133578,< e0 observado
Guayanilla,2010-2014,2,79.95617529124827,80.80251016775432,79.61502378738226,81.89439076268104,Estimación adecuada
Guayanilla,2015-2019,1,74.50306944491258,76.00158754302612,75.06952900589539,77.08226505822277,> e0 observado
Guayanilla,2015-2019,2,85.47648018860491,84.0910171543411,82.68980089582199,85.78989236573184,Estimación adecuada
Guayanilla,2020-2024,1,73.73722385919334,75.13156311286237,73.97376451120914,76.10864363935644,> e0 observado
Guayanilla,2020-2024,2,84.46851671921503,84.53308513008672,83.20988753599224,86.1009615020756,Estimación adecuada
Guaynabo,1980-1984,1,73.33304020193007,73.298074226852,72.568435139011,73.98612835223489,Estimación adecuada
Guaynabo,1980-1984,2,79.57395565229348,79.37569948217018,78.59543916143843,80.31623918939385,Estimación adecuada
Guaynabo,1985-1989,1,73.30720790413426,73.31458323523472,72.59630970138733,74.05408628567545,Estimación adecuada
Guaynabo,1985-1989,2,80.7449894765543,80.4185275882318,79.62678052986652,81.19002404269492,Estimación adecuada
Guaynabo,1990-1994,1,71.64759712414893,72.0423800880707,71.30203049068595,72.74018733469374,Estimación adecuada
Guaynabo,1990-1994,2,80.46155681333546,80.41852292448652,79.68872639268085,81.18915158173046,Estimación adecuada
Guaynabo,1995-1999,1,71.70557982807048,72.20194037509492,71.36531038634337,72.8961178042428,Estimación adecuada
Guaynabo,1995-1999,2,81.61582636139954,81.43117426790506,80.77543710748711,82.25949228786878,Estimación adecuada
Guaynabo,2000-2004,1,74.5460879922691,74.90060793640379,74.27937392608595,75.63497649302442,Estimación adecuada
Guaynabo,2000-2004,2,82.43363591097874,82.37340999854989,81.64681708868083,83.24224678929741,Estimación adecuada
Guaynabo,2005-2009,1,75.40004142189414,75.74475218014453,74.9809637255025,76.45421112899831,Estimación adecuada
Guaynabo,2005-2009,2,83.59622113263238,83.58280367178014,82.80090006583471,84.434456299783875,Estimación adecuada
Guaynabo,2010-2014,1,77.3578270076508,77.51915482020839,76.89873105737756,78.26370937408596,Estimación adecuada
Guaynabo,2010-2014,2,84.62289097742051,84.44934329159845,83.65534995176571,85.17772418960607,Estimación adecuada
Guaynabo,2015-2019,1,79.63090232574721,79.5230313730507,78.68310885893166,80.2470362888324,Estimación adecuada
Guaynabo,2015-2019,2,86.62280196774702,86.42775474078735,85.44032242464246,87.26792635615617,Estimación adecuada
Guaynabo,2020-2024,1,77.36899877443203,77.7284273678157,77.00720106516233,78.33744952036466,Estimación adecuada
Guaynabo,2020-2024,2,86.85241919025239,86.73747804565568,85.90328603174402,87.38124475780668,Estimación adecuada
Gurabo,1980-1984,1,72.10043466021936,72.08660896421982,71.06157678874897,72.92605890188945,Estimación adecuada
Gurabo,1980-1984,2,77.21298943234297,77.73151150642116,76.75377420556717,79.07323234900028,Estimación adecuada
Gurabo,1985-1989,1,72.09864341259255,72.12714785600579,71.1033218373165,73.12875077275405,Estimación adecuada
Gurabo,1985-1989,2,77.83980186096333,78.11612519235126,77.05555786471761,79.1715490635111,Estimación adecuada
Gurabo,1990-1994,1,70.06358422124045,70.72672091229417,69.6034841031417,71.88975324142072,Estimación adecuada
Gurabo,1990-1994,2,78.93586566639773,79.08773503888975,77.84811279671337,80.08264081343725,Estimación adecuada
Gurabo,1995-1999,1,72.62979875914179,72.52550416171403,71.42675952605262,73.51942222828077,Estimación adecuada
Gurabo,1995-1999,2,78.37596544908041,78.75947138777978,77.70435936461226,79.82019404911786,Estimación adecuada
Gurabo,2000-2004,1,73.72455425616529,73.94701350296893,73.21799817909489,75.10235586341449,Estimación adecuada
Gurabo,2000-2004,2,82.16347596555325,81.67067383000897,80.52705756190909,83.14931414175611,Estimación adecuada
Gurabo,2005-2009,1,75.38673648949066,75.6551262554301,74.56032560252308,76.56088859996333,Estimación adecuada
Gurabo,2005-2009,2,82.71710063140857,82.30672803718944,81.30414003211087,83.69597452115521,Estimación adecuada
Gurabo,2010-2014,1,75.74184183502217,76.31204218288329,75.13513571946703,77.28048473796949,Estimación adecuada
Gurabo,2010-2014,2,83.66012445857517,83.32420340136929,82.17435811245174,84.63569280006607,Estimación adecuada
Gurabo,2015-2019,1,77.82655629619259,77.96959745218595,76.90637139280311,79.04833437880153,Estimación adecuada
Gurabo,2015-2019,2,86.3751275135532,85.95609603231183,84.73321258196177,87.28394027529049,Estimación adecuada
Gurabo,2020-2024,1,78.1508349062683,77.87945481472642,77.00231975648575,78.86104164457099,Estimación adecuada
Gurabo,2020-2024,2,85.11563140762924,84.88333383135341,83.79826523069065,86.20133722521814,Estimación adecuada
Hatillo,1980-1984,1,71.99152036613721,72.46086141139949,71.54371206449116,73.54979993597357,Estimación adecuada
Hatillo,1980-1984,2,78.9802986931572,78.87198004806086,78.11542501944939,79.98427544924479,Estimación adecuada
Hatillo,1985-1989,1,72.73472078364017,72.49039703990293,71.31078647757275,73.6370355989996,Estimación adecuada
Hatillo,1985-1989,2,79.39464399636921,79.43555694214838,78.06098459417157,80.42949178417743,Estimación adecuada
Hatillo,1990-1994,1,72.2998423174012,72.12694742349825,71.26194904598219,73.19576518837565,Estimación adecuada
Hatillo,1990-1994,2,78.56900864145167,78.37921875147417,77.36026665296384,79.7166961411219,Estimación adecuada
Hatillo,1995-1999,1,72.51848608651568,72.30148352078979,71.46467070078461,72.98938885482036,Estimación adecuada
Hatillo,1995-1999,2,78.33281615395789,78.33937433507515,77.55471487895501,79.0353244510492,Estimación adecuada
Hatillo,2000-2004,1,74.45467151298737,74.14388137951704,73.43840290449882,74.8215047195539,Estimación adecuada
Hatillo,2000-2004,2,80.50637914886045,80.30601227669382,79.4313912810245,81.1115827508122,Estimación adecuada
Hatillo,2005-2009,1,75.71645524793598,75.21252216467936,74.6365307747671,76.00141555482386,Estimación adecuada
Hatillo,2005-2009,2,81.90357972932111,81.78698163393716,80.83197435845727,82.92472680023516,Estimación adecuada
Hatillo,2010-2014,1,77.71502056183984,77.12005728183244,76.22860682495023,77.992517203385745,Estimación adecuada
Hatillo,2010-2014,2,83.87031312176076,83.49257126421102,82.5337136003485,84.77348903979234,Estimación adecuada
Hatillo,2015-2019,1,79.67724729389147,79.11322574792766,77.91187716789526,80.65873366283762,Estimación adecuada
Hatillo,2015-2019,2,84.83403759511111,84.51852281530168,83.33538045553927,85.55598956259354,Estimación adecuada
Hatillo,2020-2024,1,78.47632497278812,78.21953951908583,77.35978204748668,79.44188522113629,Estimación adecuada
Hatillo,2020-2024,2,86.14610937096411,85.10961038663756,84.03958228138399,86.20961537650388,Estimación adecuada
Hormigueros,1980-1984,1,74.05856561737721,73.69866987830832,72.44526126917552,75.40125186266,Estimación adecuada
Hormigueros,1980-1984,2,79.84974137268954,80.20929276777288,78.46945338796891,82.11727654614862,Estimación adecuada
Hormigueros,1985-1989,1,73.08737524946572,72.9740774664014,71.3411469132873,74.15714950572863,Estimación adecuada
Hormigueros,1985-1989,2,77.720059693455,79.07810812120523,77.67542316619382,80.63626391615426,Estimación adecuada
Hormigueros,1990-1994,1,74.61350802067456,73.46436458181762,72.40244858793687,74.4732209237166,< e0 observado
Hormigueros,1990-1994,2,81.39461486989457,80.64376774606552,79.24029864036149,82.12157923452398,Estimación adecuada
Hormigueros,1995-1999,1,74.87703445651637,73.72886657452483,72.5080607786998,74.6007670371655,< e0 observado
Hormigueros,1995-1999,2,80.45280069334801,80.314105828377,79.33538828919907,81.62962822117082,Estimación adecuada
Hormigueros,2000-2004,1,75.50618073944777,75.26469467670356,74.06445571473452,76.43352803117412,Estimación adecuada
Hormigueros,2000-2004,2,82.3521641939344,82.19545919377715,80.56392365022417,83.51569504576567,Estimación adecuada
Hormigueros,2005-2009,1,76.10054922666298,76.25472703048683,75.18526416800404,77.7542947422123,Estimación adecuada
Hormigueros,2005-2009,2,84.62944320284578,83.80569818415718,82.23554212943819,85.00941758125984,Estimación adecuada
Hormigueros,2010-2014,1,76.11918178416535,77.0951904701331,75.93325458097746,78.42157003380991,Estimación adecuada
Hormigueros,2010-2014,2,82.71051389712174,83.40940514652414,82.39696556280973,84.87352181581872,Estimación adecuada
Hormigueros,2015-2019,1,77.91392313609006,78.39512916832331,77.22759401529473,79.67985721385764,Estimación adecuada
Hormigueros,2015-2019,2,85.81866120513573,86.22847042060633,84.67037183564126,88.10783197567679,Estimación adecuada
Hormigueros,2020-2024,1,78.36911216509105,78.89083489498128,77.48789749062382,79.99868854681014,Estimación adecuada
Hormigueros,2020-2024,2,86.17552522276296,86.26074347124921,84.80173319193861,87.5965455761972,Estimación adecuada
Humacao,1980-1984,1,70.58258576927221,70.71469954672912,70.02036725254666,71.59820075005132,Estimación adecuada
Humacao,1980-1984,2,75.89477228552336,76.12609014873334,75.34989839840408,77.1821139276491,Estimación adecuada
Humacao,1985-1989,1,70.67071512913827,70.87266576981975,69.92128378981411,71.7282892883305,Estimación adecuada
Humacao,1985-1989,2,78.26869595391119,77.98029117052644,77.01791202583917,78.93169406800664,Estimación adecuada
Humacao,1990-1994,1,69.59966588678492,69.92686500610043,69.26972413992996,70.6980213155056,Estimación adecuada
Humacao,1990-1994,2,78.98527536141168,78.76137017025276,77.64864660732472,79.54107052400623,Estimación adecuada
Humacao,1995-1999,1,71.67034271113566,71.48914321059969,70.66397835634561,72.30362079428592,Estimación adecuada
Humacao,1995-1999,2,78.50994029948488,78.37203478494102,77.50245517950535,79.27771541536261,Estimación adecuada
Humacao,2000-2004,1,73.45461991775991,73.3939469380539,72.70642942387073,74.1525601159421,Estimación adecuada
Humacao,2000-2004,2,79.72370844675466,79.9277012050118,79.21032558365812,81.0287327725699,Estimación adecuada
Humacao,2005-2009,1,73.61846549183731,74.01306539014283,73.0597364811712,74.91111696198556,Estimación adecuada
Humacao,2005-2009,2,81.80291929231979,81.57444643740374,80.7654081853886,82.50371892480469,Estimación adecuada
Humacao,2010-2014,1,75.80326051258055,75.91937472164601,75.14385924363123,76.63796868590646,Estimación adecuada
Humacao,2010-2014,2,83.58584598942798,83.13686743961627,82.18545992937305,83.93604962405277,Estimación adecuada
Humacao,2015-2019,1,76.7386829389743,77.22913407061137,76.2307018013517,78.14035316535396,Estimación adecuada
Humacao,2015-2019,2,84.86787206578826,84.37712528466561,83.33491157807191,85.53462574934254,Estimación adecuada
Humacao,2020-2024,1,76.7404128820364,77.52039058907852,76.6012866611384,78.33437146032568,Estimación adecuada
Humacao,2020-2024,2,84.233200245355,84.19052812246915,83.40762739103815,85.08531617911737,Estimación adecuada
Isabela,1980-1984,1,73.09738020117423,72.82802012267123,71.93804213899219,74.02188484630811,Estimación adecuada
Isabela,1980-1984,2,77.82732250278018,77.69319245231122,76.84508003207627,78.52867599377556,Estimación adecuada
Isabela,1985-1989,1,71.58083949829111,71.48752574564173,70.54426350362394,72.53596336703302,Estimación adecuada
Isabela,1985-1989,2,78.50099967900502,78.21117906350212,77.34088177685433,79.55425580175086,Estimación adecuada
Isabela,1990-1994,1,72.0475169163787,71.57766335129035,70.49789573861631,72.56375539566872,Estimación adecuada
Isabela,1990-1994,2,78.52411999469241,78.37146058525076,77.49409322039662,79.38677025835955,Estimación adecuada
Isabela,1995-1999,1,71.86251133480623,71.55405314211568,70.53305453268118,72.62287056026827,Estimación adecuada
Isabela,1995-1999,2,79.50480811685766,79.35048965535253,78.27743226611815,80.19085264612835,Estimación adecuada
Isabela,2000-2004,1,73.31643311223908,73.32940552027088,72.4037330929255,74.10997651537005,Estimación adecuada
Isabela,2000-2004,2,79.66880055796743,79.59442466983685,78.69483689565068,80.53080724951707,Estimación adecuada
Isabela,2005-2009,1,75.53006169201437,74.79903534903879,74.19683967096188,75.61952996174111,Estimación adecuada
Isabela,2005-2009,2,80.46868606139569,80.62541105486322,79.58339263124469,81.66561832530411,Estimación adecuada
Isabela,2010-2014,1,76.3459756319445,76.06554418279757,75.20290411139098,76.78505970135816,Estimación adecuada
Isabela,2010-2014,2,82.99199255121863,82.55498393177561,81.41572931753689,83.50645145820587,Estimación adecuada
Isabela,2015-2019,1,78.28631956544136,77.89834223532833,76.88255516180513,78.92927683248683,Estimación adecuada
Isabela,2015-2019,2,84.46499781522432,84.05220387797986,83.06266018070737,85.40746231976469,Estimación adecuada
Isabela,2020-2024,1,78.44494383134611,77.51804887329868,76.67100156233138,78.35927478358744,< e0 observado
Isabela,2020-2024,2,84.54430409037892,84.8393492906167,84.03502901444057,85.89820986058263,Estimación adecuada
Jayuya,1980-1984,1,71.54820346169252,71.70103817081178,70.84317276952841,72.89320161596251,Estimación adecuada
Jayuya,1980-1984,2,75.83217282493807,77.36289388397351,76.13408794561101,79.42525909348515,> e0 observado
Jayuya,1985-1989,1,71.8852739133792,71.32496833332854,70.26920038452141,72.61782797871686,Estimación adecuada
Jayuya,1985-1989,2,75.89535009908417,77.26158237248848,76.228599162944,78.67019752065472,> e0 observado
Jayuya,1990-1994,1,71.61501384784762,71.07886485493333,70.17033368811485,72.54274721346715,Estimación adecuada
Jayuya,1990-1994,2,76.60405912768891,78.29614865078295,77.00476752074826,79.32159684292328,> e0 observado
Jayuya,1995-1999,1,72.762612067533,72.0990391150341,71.0366844264615,73.29165193747662,Estimación adecuada
Jayuya,1995-1999,2,78.02341987371616,78.5921308425496,77.43317176152183,79.96760298758298,Estimación adecuada
Jayuya,2000-2004,1,74.804694975474,73.81662797249001,72.52089861973485,74.77736369245532,< e0 observado
Jayuya,2000-2004,2,82.26030453801704,81.76291021779345,80.350781690138,83.49465881715099,Estimación adecuada
Jayuya,2005-2009,1,76.29392429833622,75.5111315339866,74.60169933825895,76.92319887055093,Estimación adecuada
Jayuya,2005-2009,2,83.26574991380474,82.2533290409713,80.81526787908155,83.68457015747951,Estimación adecuada
Jayuya,2010-2014,1,77.86670993006521,76.92835730200275,75.67732379621378,77.9733512645686,Estimación adecuada
Jayuya,2010-2014,2,83.01935062086235,83.07315498416503,81.56122450388088,84.8047760220719,Estimación adecuada
Jayuya,2015-2019,1,79.09662441043547,78.09927463940555,76.92188201772089,79.52267688083307,Estimación adecuada
Jayuya,2015-2019,2,86.09536520292538,85.98590911531471,83.84834288138092,87.80162307471707,Estimación adecuada
Jayuya,2020-2024,1,80.33778345942194,79.20513897983474,77.5951657972297,80.68807547931311,Estimación adecuada
Jayuya,2020-2024,2,86.05790395955583,85.72354703563286,83.94858171735035,87.62147667953703,Estimación adecuada
Juana Diaz,1980-1984,1,71.10192241498234,70.97581473753465,70.2494927249489,71.88887053137785,Estimación adecuada
Juana Diaz,1980-1984,2,76.03760260059695,76.40538455893895,75.56951003493114,77.42914751277272,Estimación adecuada
Juana Diaz,1985-1989,1,70.59066146569734,70.66707358063047,69.89822019101557,71.4586064147689,Estimación adecuada
Juana Diaz,1985-1989,2,77.72376003285237,77.73102465635222,76.88453152488992,78.70207329775309,Estimación adecuada
Juana Diaz,1990-1994,1,70.59462619152536,70.57433517281709,69.74034825743743,71.35301853966266,Estimación adecuada
Juana Diaz,1990-1994,2,77.80758248720088,77.82967139028327,77.1683713799494,78.85964996689805,Estimación adecuada
Juana Diaz,1995-1999,1,70.63826210363753,70.72468446507335,69.82493295719586,71.43027372585192,Estimación adecuada
Juana Diaz,1995-1999,2,78.23721855538598,78.29840374895282,77.40375047101861,79.14371530853487,Estimación adecuada
Juana Diaz,2000-2004,1,72.42010194033637,72.6189092843253,71.78689434510392,73.41455365577316,Estimación adecuada
Juana Diaz,2000-2004,2,80.07095731748443,80.00531524090539,79.13196837104991,80.74325739907397,Estimación adecuada
Juana Diaz,2005-2009,1,74.09224072675535,74.30944566656356,73.4885105532786,74.97267841115212,Estimación adecuada
Juana Diaz,2005-2009,2,81.70478408921697,81.41024590183665,80.62660683195375,82.42454419988867,Estimación adecuada
Juana Diaz,2010-2014,1,75.9826744595313,75.97045695580309,75.00467285978763,76.80540513808674,Estimación adecuada
Juana Diaz,2010-2014,2,82.91141974537287,82.6785563334395,81.75884783036174,83.73352940733396,Estimación adecuada
Juana Diaz,2015-2019,1,77.4756453319244,77.35268554522669,76.46287277023596,78.10618385607782,Estimación adecuada
Juana Diaz,2015-2019,2,86.60689455981232,86.0376800375816,84.72536290054708,87.20497899192696,Estimación adecuada
Juana Diaz,2020-2024,1,76.12481522857756,76.65672626726663,75.71967089631576,77.53792522443771,Estimación adecuada
Juana Diaz,2020-2024,2,86.09723573194701,85.31259873401677,84.19060880897175,86.908952201642,Estimación adecuada
Juncos,1980-1984,1,70.4832974097173,70.698477399442,69.58155278950467,72.12219224403883,Estimación adecuada
Juncos,1980-1984,2,77.17475536145652,76.9782733149258,75.88498351477207,77.92662122121868,Estimación adecuada
Juncos,1985-1989,1,69.32349287604664,70.04418320474257,68.77680152055662,70.82485074354987,Estimación adecuada
Juncos,1985-1989,2,77.84087141019062,77.43018555658476,76.34780285696638,78.40789562820282,Estimación adecuada
Juncos,1990-1994,1,69.26314387145591,69.73267695901839,68.62969879470467,70.61806773194886,Estimación adecuada
Juncos,1990-1994,2,78.64376251745605,78.47596238718837,77.42313810067694,79.53354938626264,Estimación adecuada
Juncos,1995-1999,1,70.43259716290989,70.60039191245502,69.93368864444676,71.39637877912939,Estimación adecuada
Juncos,1995-1999,2,78.88321244236762,78.73820469435982,77.89295207672589,79.7431374669271,Estimación adecuada
Juncos,2000-2004,1,73.50676785386435,73.51860149602204,72.46274242292279,74.59409772064524,Estimación adecuada
Juncos,2000-2004,2,80.82760129992721,80.327690772686,79.2643967055541,81.24866892018204,Estimación adecuada
Juncos,2005-2009,1,72.5823719234395,73.11846596806937,72.26317697674529,74.05522444431497,Estimación adecuada
Juncos,2005-2009,2,80.29148928265256,80.2406259398787,79.23512160578777,81.58070677405924,Estimación adecuada
Juncos,2010-2014,1,74.05814861532626,74.73573341831894,73.66266238569386,75.70544444153832,Estimación adecuada
Juncos,2010-2014,2,82.42841718245143,82.37223573006548,80.99076642945965,84.07868275961728,Estimación adecuada
Juncos,2015-2019,1,76.99651467647962,76.95424181684461,76.0494899962099,78.02038006947626,Estimación adecuada
Juncos,2015-2019,2,83.23323259682593,83.49605797610329,82.62819879443826,84.72697756720936,Estimación adecuada
Juncos,2020-2024,1,76.96779959385644,76.54600521594173,75.49771302313418,77.58774496046914,Estimación adecuada
Juncos,2020-2024,2,85.00221618874696,84.46370999865337,82.96788476695848,85.70148761598696,Estimación adecuada
Lajas,1980-1984,1,72.46316902920564,71.94870287494328,71.02764258371215,72.96242692740299,Estimación adecuada
Lajas,1980-1984,2,77.35030656462364,77.76297162492413,76.48873637355153,78.9655388204699,Estimación adecuada
Lajas,1985-1989,1,73.36206024807198,72.57487923442312,71.57229779352583,73.45152541996912,Estimación adecuada
Lajas,1985-1989,2,77.65847465397064,77.75724326272953,76.78221426923903,78.74254243549566,Estimación adecuada
Lajas,1990-1994,1,72.37357825429245,71.88680785264802,71.02639584349859,72.92518483902325,Estimación adecuada
Lajas,1990-1994,2,79.66328406009775,79.189273186077,78.21838255445697,80.49504490700883,Estimación adecuada
Lajas,1995-1999,1,72.56496891931091,72.11244287158748,71.24928908059495,73.24648588200094,Estimación adecuada
Lajas,1995-1999,2,79.70456393493818,79.72208652830037,78.62923656282786,80.85121609353624,Estimación adecuada
Lajas,2000-2004,1,74.14208023792457,73.92600734713952,73.08611452426302,74.97914574182582,Estimación adecuada
Lajas,2000-2004,2,81.18752068509266,81.06044283691536,79.87690026982364,82.02955280422239,Estimación adecuada
Lajas,2005-2009,1,76.68683187769454,75.44611704808511,74.39820820702623,76.47506142679305,< e0 observado
Lajas,2005-2009,2,81.73140373208773,81.54382468968544,80.52476156549388,82.61246195474894,Estimación adecuada
Lajas,2010-2014,1,76.92095663234578,76.34817372128033,75.38867217613287,77.66081109783983,Estimación adecuada
Lajas,2010-2014,2,83.39940774512145,83.24636928095558,82.07372877600386,84.43713430573467,Estimación adecuada
Lajas,2015-2019,1,79.16417400599892,78.36228226204668,77.12401842400726,79.6452441487035,Estimación adecuada
Lajas,2015-2019,2,84.33383648976294,84.71089712664809,83.23770316647051,86.10082280871973,Estimación adecuada
Lajas,2020-2024,1,78.13171144418278,77.496097084703493,76.58085328819396,78.44984425301826,Estimación adecuada
Lajas,2020-2024,2,85.69664696158718,85.48427765745734,84.2695681036013,87.01038778957081,Estimación adecuada
Lares,1980-1984,1,70.93967460008611,71.65641814447633,70.84731316574128,72.64256308883681,Estimación adecuada
Lares,1980-1984,2,80.07304720190547,79.83354818137607,78.11830194221562,81.35227651430768,Estimación adecuada
Lares,1985-1989,1,72.07284835603735,72.14390963989739,71.32300442044436,73.14510026016328,Estimación adecuada
Lares,1985-1989,2,80.12906339800288,79.5954821152428,78.45024817162307,80.69582558232013,Estimación adecuada
Lares,1990-1994,1,71.99408741634562,71.91533541734957,70.87085649676396,72.80225775452163,Estimación adecuada
Lares,1990-1994,2,78.72924701770712,78.77166387134882,77.70704543639238,79.79341580978254,Estimación adecuada
Lares,1995-1999,1,74.58529726703922,73.83441963351693,72.75123069735508,74.87680301736486,Estimación adecuada
Lares,1995-1999,2,81.29595428708723,80.74640796752706,79.50999721086966,81.92257917318983,Estimación adecuada
Lares,2000-2004,1,75.1110712856121,74.78508642648069,73.95535193172611,75.57822819085536,Estimación adecuada
Lares,2000-2004,2,81.70641489338435,81.59687242071507,80.3231627968471,82.80738007334233,Estimación adecuada
Lares,2005-2009,1,76.5462882162104,75.7367792681026,74.7848235556771,76.454583796803675,< e0 observado
Lares,2005-2009,2,82.28400989612267,81.99130357330293,81.13453425256483,83.08889557774906,Estimación adecuada
Lares,2010-2014,1,79.39080265192932,78.31124858771926,77.4205670954909,79.29362110763327,< e0 observado
Lares,2010-2014,2,82.72140750112155,82.33480189210351,81.34853843503313,83.6035393166492,Estimación adecuada
Lares,2015-2019,1,78.13032401868809,77.87496758921796,76.8103667836758,78.74586834047578,Estimación adecuada
Lares,2015-2019,2,84.424471152182,84.48592367006975,83.42404056371605,85.49114363138588,Estimación adecuada
Lares,2020-2024,1,77.84495769277572,78.15119721768471,77.30042657373897,79.11350858046603,Estimación adecuada
Lares,2020-2024,2,84.10188803972103,84.50385445798742,83.39351510152585,85.80958750993656,Estimación adecuada
Las Marias,1980-1984,1,73.81563474744125,73.39876515892935,72.1206118899243,74.92224847899294,Estimación adecuada
Las Marias,1980-1984,2,83.88520673112671,81.14462825096186,79.42493586040507,83.63095019406171,< e0 observado
Las Marias,1985-1989,1,73.62469730038673,73.06024133618578,71.71100926091508,74.66480162021506,Estimación adecuada
Las Marias,1985-1989,2,78.14820547870697,79.74575140146675,77.97043673442248,81.35935794715297,Estimación adecuada
Las Marias,1990-1994,1,74.00881730690156,73.10769729077481,71.48385996815577,75.01120503736381,Estimación adecuada
Las Marias,1990-1994,2,80.22328205184606,80.71392367688793,79.1055398840795,82.86913789371559,Estimación adecuada
Las Marias,1995-1999,1,75.13206537448636,73.71992019574355,72.35280006491575,75.34969852763747,Estimación adecuada
Las Marias,1995-1999,2,81.22000339132549,80.8824886008558,79.28316200273436,82.60641486510096,Estimación adecuada
Las Marias,2000-2004,1,77.0746887546824,75.79089685000963,74.32002445123578,77.15423430849702,Estimación adecuada
Las Marias,2000-2004,2,81.22993587246654,82.42148848526175,80.31733133798737,84.40745020271822,Estimación adecuada
Las Marias,2005-2009,1,78.94241289794024,77.18546671751889,75.53394943106485,78.61568213054304,< e0 observado
Las Marias,2005-2009,2,82.45741722564794,83.562553336403,81.85756373410855,85.47744684373276,Estimación adecuada
Las Marias,2010-2014,1,78.9874533300309,77.53963238994945,76.49880281173014,78.6946650420561,< e0 observado
Las Marias,2010-2014,2,85.68826589307866,84.98220862443165,83.09464751749269,87.19815014028373,Estimación adecuada
Las Marias,2015-2019,1,78.44180353450636,79.58183846379387,78.12077393960583,80.95031937874182,Estimación adecuada
Las Marias,2015-2019,2,86.2119644760504,86.11441240604046,83.94500874127414,88.74938619464996,Estimación adecuada
Las Marias,2020-2024,1,78.65869602395698,78.89408073588643,77.75772085802382,80.57588674522856,Estimación adecuada
Las Marias,2020-2024,2,88.4892406052294,87.54313223804571,85.59846238704634,89.90020815526395,Estimación adecuada
Las Piedras,1980-1984,1,72.4628953772312,72.65947796663569,71.41854183730933,73.92722646707017,Estimación adecuada
Las Piedras,1980-1984,2,77.65886672068534,78.03930350188224,76.74148369719806,79.31482954449442,Estimación adecuada
Las Piedras,1985-1989,1,72.6175420547073,72.32237075078693,71.49758135924998,73.63208814222318,Estimación adecuada
Las Piedras,1985-1989,2,79.00116087428613,79.00242977998458,77.82271248983581,80.47858510318142,Estimación adecuada
Las Piedras,1990-1994,1,71.55978947014577,71.74992153989874,70.86209022026455,72.92786711096318,Estimación adecuada
Las Piedras,1990-1994,2,78.8936505301308,78.84246278392223,77.7626775267055,80.10621273040363,Estimación adecuada
Las Piedras,1995-1999,1,73.7555375015721,72.93210746139837,72.05326433213759,74.0999605702115,Estimación adecuada
Las Piedras,1995-1999,2,79.79933667371475,79.60500846576264,78.61890663894428,80.61818613427573,Estimación adecuada
Las Piedras,2000-2004,1,74.83778165388009,74.3920997099435,73.64761991189347,75.70986801755362,Estimación adecuada
Las Piedras,2000-2004,2,80.54014043533199,80.2632474290777,79.47918562041981,81.24194699503104,Estimación adecuada
Las Piedras,2005-2009,1,76.55584156350447,75.94517903898954,74.948612759826,76.80155209904672,Estimación adecuada
Las Piedras,2005-2009,2,82.30870059101942,82.32989192118904,81.04306015908806,83.53961190929884,Estimación adecuada
Las Piedras,2010-2014,1,75.93351372986655,76.41675854821014,75.46835040256055,77.5888854026663,Estimación adecuada
Las Piedras,2010-2014,2,82.5650052808105,82.63442791435786,81.6370837461998,83.73191692766477,Estimación adecuada
Las Piedras,2015-2019,1,78.58935894309695,78.39602041497044,77.36516675806452,79.29446246555676,Estimación adecuada
Las Piedras,2015-2019,2,85.3607640329745,85.00123405350627,83.8387466919026,86.65854654489542,Estimación adecuada
Las Piedras,2020-2024,1,77.65607135099413,77.89493225184081,76.80218871546091,79.04375058676735,Estimación adecuada
Las Piedras,2020-2024,2,85.02534012586074,84.82679032074972,83.80363074280976,85.73646819041434,Estimación adecuada
Loiza,1980-1984,1,71.29708119790713,70.89771980054394,69.67926363210951,72.11454780235859,Estimación adecuada
Loiza,1980-1984,2,77.96280313581073,77.4805906515874,75.76758669894086,78.76871142837305,Estimación adecuada
Loiza,1985-1989,1,71.11235934077855,70.79902973459788,69.49065463137057,72.06998423659815,Estimación adecuada
Loiza,1985-1989,2,79.76441464134875,78.77353449951262,77.46155878318874,79.85617125328511,Estimación adecuada
Loiza,1990-1994,1,68.65505357436209,69.3149755339082,67.95781942409548,70.49340577471497,Estimación adecuada
Loiza,1990-1994,2,77.83527198679872,77.9091346762716,76.53521267678263,79.28979624782504,Estimación adecuada
Loiza,1995-1999,1,67.54575668322258,68.991541766218,67.9580226822516,70.05674498627369,> e0 observado
Loiza,1995-1999,2,80.44991909621369,79.55172561978978,78.20863277125393,80.72448481896036,Estimación adecuada
Loiza,2000-2004,1,69.21795433977262,71.1357871677948,70.14803982656807,72.18155303286068,> e0 observado
Loiza,2000-2004,2,83.71722475677984,82.08180965023477,80.65352803704477,83.74706691090628,Estimación adecuada
Loiza,2005-2009,1,69.49244819404063,71.60800501887063,70.41261647662122,73.08381450148437,> e0 observado
Loiza,2005-2009,2,81.62588342717608,81.16464497868185,80.13731132908106,82.56852739375921,Estimación adecuada
Loiza,2010-2014,1,72.71620374599513,74.57736477031924,73.38089258048882,75.836292890996,> e0 observado
Loiza,2010-2014,2,83.22740715687155,82.99832292030314,81.6640619502768,84.32313808960834,Estimación adecuada
Loiza,2015-2019,1,76.42256809809959,76.79801605532364,75.6490810634653,78.10507666365008,Estimación adecuada
Loiza,2015-2019,2,84.58243093379357,84.54399551102793,83.24222656501459,86.43596624339958,Estimación adecuada
Loiza,2020-2024,1,74.30071613355503,75.6836802998069,74.12180591269728,76.81173830020802,Estimación adecuada
Loiza,2020-2024,2,85.89228425330265,85.04860030463732,83.5260723947209,86.96755656408905,Estimación adecuada
Luquillo,1980-1984,1,71.32237106066451,70.95545544929105,69.88692200109615,72.27389417559269,Estimación adecuada
Luquillo,1980-1984,2,96.21054523115929,80.22774173206177,77.85640333823495,82.80782954095238,< e0 observado
Luquillo,1985-1989,1,70.58391307233262,70.6967606722047,69.07485392223447,72.00147704202206,Estimación adecuada
Luquillo,1985-1989,2,75.85277823303889,76.65341863448957,75.27468918440121,77.93817618583495,Estimación adecuada
Luquillo,1990-1994,1,69.78687362564872,70.05959637357554,68.91475598415221,71.5498919245415,Estimación adecuada
Luquillo,1990-1994,2,78.65540822491414,78.2663425723492,77.00608308292185,79.36156266154202,Estimación adecuada
Luquillo,1995-1999,1,68.84529148191722,69.51014788476624,68.51562525393223,70.82886042464655,Estimación adecuada
Luquillo,1995-1999,2,77.57073371934368,77.78444531370579,76.38177994186496,79.37661018720102,Estimación adecuada
Luquillo,2000-2004,1,71.56692809461028,72.07324677335654,71.25440871148818,73.06951216212738,Estimación adecuada
Luquillo,2000-2004,2,80.93857359304148,80.5197212773037,79.27216979614329,81.8846230373323,Estimación adecuada
Luquillo,2005-2009,1,73.66197666420697,73.93396186275436,72.6150048201958,75.11962709683989,Estimación adecuada
Luquillo,2005-2009,2,80.16453384109049,80.13012611923176,78.89867480594836,81.44108533720944,Estimación adecuada
Luquillo,2010-2014,1,74.125398030716255,75.104562515656,73.67509783064814,76.0130539691815,Estimación adecuada
Luquillo,2010-2014,2,83.56937802942338,82.93980915155794,81.83183914123192,84.37125278136264,Estimación adecuada
Luquillo,2015-2019,1,78.24158315716944,77.16260582520206,76.06093551316141,78.26380618810805,Estimación adecuada
Luquillo,2015-2019,2,86.16375324393145,85.38623218218592,83.78496731411857,86.73809166968249,Estimación adecuada
Luquillo,2020-2024,1,76.82778593702754,76.51435200386804,75.41544329173536,77.71944703499459,Estimación adecuada
Luquillo,2020-2024,2,84.96686508096819,84.79405233878086,82.81643984999437,86.20187833594947,Estimación adecuada
Manati,1980-1984,1,69.99769254598455,70.18818746767258,69.238517502994,71.17806041228211,Estimación adecuada
Manati,1980-1984,2,76.91897319341015,77.00831310241765,75.84516651447487,77.98423945466817,Estimación adecuada
Manati,1985-1989,1,69.40848405753856,69.93737174740667,68.88059804448557,70.87519035964719,Estimación adecuada
Manati,1985-1989,2,78.1365208528677,77.98216647242288,76.71699146910584,79.04947434750817,Estimación adecuada
Manati,1990-1994,1,69.23507276864738,69.81862749881756,68.72077463337004,70.79901586403186,Estimación adecuada
Manati,1990-1994,2,78.13694859634435,77.95610545644519,76.81043147858827,79.00606274826109,Estimación adecuada
Manati,1995-1999,1,70.56621278613628,70.82977047966406,69.92442197087041,71.60744551121223,Estimación adecuada
Manati,1995-1999,2,78.18010801536123,78.29403719962667,77.41510559753837,79.40104505253251,Estimación adecuada
Manati,2000-2004,1,73.5059956746808,73.17730145930634,72.37939256437782,74.24198593673839,Estimación adecuada
Manati,2000-2004,2,79.921946292628,79.823553137083735,78.93800247511146,80.82436309509856,Estimación adecuada
Manati,2005-2009,1,74.42317304268016,74.41117766732737,73.74367301302871,75.24759534481069,Estimación adecuada
Manati,2005-2009,2,81.69558612867581,81.29991327763628,80.40277235799289,82.31815246907712,Estimación adecuada
Manati,2010-2014,1,75.79949582054559,75.71727975444064,74.95092697249093,76.79651903471196,Estimación adecuada
Manati,2010-2014,2,82.46392723255103,82.04734725967637,81.1698535612167,83.09947542939548,Estimación adecuada
Manati,2015-2019,1,76.50082129222024,76.7138211757993,76.05496184729293,77.77220137319236,Estimación adecuada
Manati,2015-2019,2,84.47543845885097,84.06704841104,83.26016753001616,85.15786176117581,Estimación adecuada
Manati,2020-2024,1,76.6410779362147,76.5574417076771,75.81546782587266,77.44880602329131,Estimación adecuada
Manati,2020-2024,2,84.79279277649533,84.47611940932993,83.70513314631032,85.54235358660544,Estimación adecuada
Maricao,1980-1984,1,68.60202825310121,71.65557153288705,70.10471085123336,73.0260708071035,> e0 observado
Maricao,1980-1984,2,78.09479107390814,78.8615751865671,76.94270558943705,81.09112659739085,Estimación adecuada
Maricao,1985-1989,1,74.96773339223955,72.90968550400288,71.65650612143891,74.46722312466423,< e0 observado
Maricao,1985-1989,2,78.61629942834107,79.39853164873455,77.37667111929346,81.68421255335446,Estimación adecuada
Maricao,1990-1994,1,71.6682444194189,71.75250127157958,70.15838110529106,73.07014616472944,Estimación adecuada
Maricao,1990-1994,2,78.7855059436943,79.85991161336506,78.31085248364916,82.00903765419638,Estimación adecuada
Maricao,1995-1999,1,71.33878340346546,71.9243793479543,70.45432541438635,73.31296045477525,Estimación adecuada
Maricao,1995-1999,2,78.99834861586001,80.18992812386705,78.45431004933363,82.653451937474955,Estimación adecuada
Maricao,2000-2004,1,77.71513177879464,75.47243600142438,73.27850309206772,77.21795497837911,< e0 observado
Maricao,2000-2004,2,80.22542908124815,81.62892253061656,79.71174148213214,84.25366826224348,Estimación adecuada
Maricao,2005-2009,1,77.40367339569201,75.69290117750589,73.77187420826746,77.22110283407002,< e0 observado
Maricao,2005-2009,2,82.65920888615886,82.95425243193058,81.27819604991153,86.03048582954327,Estimación adecuada
Maricao,2010-2014,1,78.78632855189304,76.89548094196232,75.66205655713964,79.14730662869772,Estimación adecuada
Maricao,2010-2014,2,86.34203171038145,85.33194439685535,83.1435769295114,88.14523705112292,Estimación adecuada
Maricao,2015-2019,1,75.94252949549474,77.94070366040535,76.04512530581643,79.476763295085,> e0 observado
Maricao,2015-2019,2,88.98166952275554,86.88376611464574,84.62078054233794,90.65528321921533,Estimación adecuada
Maricao,2020-2024,1,78.97029384636113,78.06449658402263,76.1634668592783,80.16614386271647,Estimación adecuada
Maricao,2020-2024,2,84.52027651105944,84.25827675421891,82.70956596562006,86.32470859393351,Estimación adecuada
Maunabo,1980-1984,1,71.14680086853208,71.6475163548439,70.46704179227379,73.04050603937972,Estimación adecuada
Maunabo,1980-1984,2,78.1067644645637,78.47318997948024,77.17027811602753,79.906006333622,Estimación adecuada
Maunabo,1985-1989,1,73.14754634531097,72.26330686737026,70.972084952628,73.54525519836184,Estimación adecuada
Maunabo,1985-1989,2,80.26716511735238,79.46281348371198,77.58979515353982,80.83084315053395,Estimación adecuada
Maunabo,1990-1994,1,72.41659695481869,72.10713332536129,70.87705393181747,73.40389622811686,Estimación adecuada
Maunabo,1990-1994,2,80.63599878230829,80.04428183567025,78.70227334695122,81.78931966429613,Estimación adecuada
Maunabo,1995-1999,1,71.29560582062038,71.52834440055204,69.96767032753675,72.8327506017758,Estimación adecuada
Maunabo,1995-1999,2,79.21035551708708,79.72047222174405,78.09914073621981,80.99327946106617,Estimación adecuada
Maunabo,2000-2004,1,73.80432839475543,73.93384801871488,72.73920676012169,74.87928558959894,Estimación adecuada
Maunabo,2000-2004,2,81.50289326156216,81.2164358480525,79.81779859651121,82.58934907538901,Estimación adecuada
Maunabo,2005-2009,1,74.64232752557565,74.31329061340678,72.977580687012,75.7413810777506,Estimación adecuada
Maunabo,2005-2009,2,82.94220641756984,82.9684250963121,81.23464841674496,84.93525410997064,Estimación adecuada
Maunabo,2010-2014,1,74.8339607817344,75.61944481255745,74.08472029029002,76.87976533923008,Estimación adecuada
Maunabo,2010-2014,2,84.96652627183896,84.85948957556299,82.59759750395924,87.16038296596079,Estimación adecuada
Maunabo,2015-2019,1,78.86941488241771,77.75788554799068,76.48881271978665,79.14211016001573,Estimación adecuada
Maunabo,2015-2019,2,85.85027789954904,85.48846857141726,83.25316667890527,87.6028150958958,Estimación adecuada
Maunabo,2020-2024,1,73.9175174535675,76.48880755125666,75.13023446075576,77.55381732680172,> e0 observado
Maunabo,2020-2024,2,82.49945155414667,83.17453404836407,81.77063709685594,84.96104988329196,Estimación adecuada
Mayaguez,1980-1984,1,70.16347210674796,70.32892880704401,69.68609770117186,70.9645072655803,Estimación adecuada
Mayaguez,1980-1984,2,77.60512196844877,77.36062591375344,76.80849715147812,78.14752562918092,Estimación adecuada
Mayaguez,1985-1989,1,70.43422694514761,70.53702387185231,69.98446194577014,71.22339610309831,Estimación adecuada
Mayaguez,1985-1989,2,77.94340408933364,77.78237934497014,77.17997827220287,78.40797326345239,Estimación adecuada
Mayaguez,1990-1994,1,70.24642591292358,70.30817252400988,69.58035964741362,70.90282259211557,Estimación adecuada
Mayaguez,1990-1994,2,78.67215935241931,78.3700629300443,77.7734529341414,79.00855908772812,Estimación adecuada
Mayaguez,1995-1999,1,70.79228679899191,70.90807735701902,70.22283631280408,71.49672109530502,Estimación adecuada
Mayaguez,1995-1999,2,79.57023177554109,79.4025978269618,78.75275797017163,79.8935698679748,Estimación adecuada
Mayaguez,2000-2004,1,73.63502357565517,73.57963164773989,72.64805045322169,74.15991624476452,Estimación adecuada
Mayaguez,2000-2004,2,81.32752458798765,81.04635282834269,80.34612399966854,81.75910541680801,Estimación adecuada
Mayaguez,2005-2009,1,73.96494214443702,74.00167312464946,73.23316090748676,74.65101386145838,Estimación adecuada
Mayaguez,2005-2009,2,81.49974889865346,81.35318022515598,80.57198295089594,82.01402857312893,Estimación adecuada
Mayaguez,2010-2014,1,74.96249416874119,74.94141661161981,74.29558219891388,75.49963177192222,Estimación adecuada
Mayaguez,2010-2014,2,82.81805760395481,82.7624568645956,81.98849510765234,83.44066607598583,Estimación adecuada
Mayaguez,2015-2019,1,77.18178911462695,77.33831280483241,76.43929625933036,77.98348743352142,Estimación adecuada
Mayaguez,2015-2019,2,85.03789447163464,84.91940541778737,84.06276318648696,85.6186362041643,Estimación adecuada
Mayaguez,2020-2024,1,76.09571809909919,76.38738389479309,75.6178818842291,77.36219912266728,Estimación adecuada
Mayaguez,2020-2024,2,84.85251261520094,84.90542741021957,84.25457560539029,85.78280896941918,Estimación adecuada
Moca,1980-1984,1,71.47861356859958,72.12020077499193,71.0386040750043,73.33545739704911,Estimación adecuada
Moca,1980-1984,2,77.57729967024724,78.12371837635209,76.84804422101533,79.2285147971098,Estimación adecuada
Moca,1985-1989,1,74.13223338906987,73.48396795653247,72.49175788414539,74.35005267816263,Estimación adecuada
Moca,1985-1989,2,78.76717836323876,78.93462646202416,77.51716599794543,80.32888446239018,Estimación adecuada
Moca,1990-1994,1,74.38613122856178,73.60685251896874,72.70882723208246,74.72773266770201,Estimación adecuada
Moca,1990-1994,2,79.33086248782432,79.29156523404023,78.29853222005498,80.36386991556657,Estimación adecuada
Moca,1995-1999,1,73.93016893221346,73.38707767530299,72.48215023558018,74.37181188147471,Estimación adecuada
Moca,1995-1999,2,79.92298518560595,79.51172019234545,78.55547725077523,80.47931520588074,Estimación adecuada
Moca,2000-2004,1,76.88913106198095,75.90103172406751,75.26757449378448,76.81964765144846,< e0 observado
Moca,2000-2004,2,81.20152141336699,81.50528291378285,80.37148010463284,82.57461108849199,Estimación adecuada
Moca,2005-2009,1,78.23027972920578,77.22944037929216,76.25461531389733,78.42579290864266,Estimación adecuada
Moca,2005-2009,2,81.64729368972594,81.94306827504937,80.87419789380712,82.98706654534314,Estimación adecuada
Moca,2010-2014,1,78.39894219071823,77.91151562962305,77.00442542695214,78.84505009121006,Estimación adecuada
Moca,2010-2014,2,82.3431083414248,82.5668456296799,81.56587981883247,83.71618496008149,Estimación adecuada
Moca,2015-2019,1,78.86942315370179,78.67569776073358,77.68678950087923,79.6141027445507,Estimación adecuada
Moca,2015-2019,2,85.12050775808935,85.14896349673106,84.04631784277811,86.32638106931441,Estimación adecuada
Moca,2020-2024,1,79.5196148813842,79.21317480982283,78.08911343458394,80.12542255331732,Estimación adecuada
Moca,2020-2024,2,84.83463123511952,85.04730120627148,84.13968055707574,86.16168613958487,Estimación adecuada
Morovis,1980-1984,1,72.75449760171898,72.55544691479918,71.57472966421548,73.76891627110922,Estimación adecuada
Morovis,1980-1984,2,79.58978615306602,79.4152918209173,78.13964137520534,81.19788425687722,Estimación adecuada
Morovis,1985-1989,1,73.00155031190296,72.92955602952414,71.48875921013831,74.32553308854466,Estimación adecuada
Morovis,1985-1989,2,79.18909920848033,79.00763145474923,77.85676735680849,80.4404089654409,Estimación adecuada
Morovis,1990-1994,1,74.7129408866261,73.58136046220908,72.53210725340915,74.67215462214546,< e0 observado
Morovis,1990-1994,2,79.13950712220092,79.331932675052,78.0050733661514,80.61129071877667,Estimación adecuada
Morovis,1995-1999,1,72.82153464768288,72.68673582841949,71.45189191623535,73.7150349399644,Estimación adecuada
Morovis,1995-1999,2,80.70735984476201,80.67653744080123,79.26361870470294,81.93825671016748,Estimación adecuada
Morovis,2000-2004,1,74.10293235770516,74.61076744085628,73.42648100581545,75.43730364763937,Estimación adecuada
Morovis,2000-2004,2,82.09073872809745,82.23935377455945,80.56667938888233,83.70905337918008,Estimación adecuada
Morovis,2005-2009,1,76.91529332323657,76.25306782885922,75.34896345254766,77.40808003185066,Estimación adecuada
Morovis,2005-2009,2,83.05104709140619,82.67049196531204,81.04358184569008,84.00866967006986,Estimación adecuada
Morovis,2010-2014,1,77.08123150152963,77.47558990223177,76.32223934184806,78.31114988865201,Estimación adecuada
Morovis,2010-2014,2,83.34182688922566,83.14382847993338,82.05763433809486,84.62496360108416,Estimación adecuada
Morovis,2015-2019,1,78.96515859481998,78.34948463000802,77.39530423321386,79.51330044991172,Estimación adecuada
Morovis,2015-2019,2,87.15880943526801,86.3836824530878,84.86652579385463,88.06342682152018,Estimación adecuada
Morovis,2020-2024,1,78.2458123408178,78.56507580678466,77.5660433610954,79.72562128445642,Estimación adecuada
Morovis,2020-2024,2,84.91369846953171,85.59743219957795,84.11775762328836,86.67172040163243,Estimación adecuada
Naguabo,1980-1984,1,71.84412346105836,71.62156223017595,70.4264917214606,72.6431211462166,Estimación adecuada
Naguabo,1980-1984,2,76.70981740677908,76.68846524108858,75.50312301831048,78.05927675239306,Estimación adecuada
Naguabo,1985-1989,1,70.3877807756849,70.59807602925778,69.36355106457306,71.82817212064847,Estimación adecuada
Naguabo,1985-1989,2,77.29975247108982,77.2581712298352,76.26542326217395,78.21811521059497,Estimación adecuada
Naguabo,1990-1994,1,69.935755323165,70.0346536106792,69.01923964059154,71.21336950352006,Estimación adecuada
Naguabo,1990-1994,2,77.27690861530172,77.738284678081,76.4081529482073,78.76508137383985,Estimación adecuada
Naguabo,1995-1999,1,69.72322516574484,70.35360089826216,69.06726984675598,71.32634354041224,Estimación adecuada
Naguabo,1995-1999,2,76.82881627212045,77.22597121710047,75.8875321357142,78.32850108723294,Estimación adecuada
Naguabo,2000-2004,1,72.06654411146116,72.28798850015242,71.12460910030356,73.39969455555128,Estimación adecuada
Naguabo,2000-2004,2,79.7628328934226,80.02952488194784,78.82297856455835,81.22192263064568,Estimación adecuada
Naguabo,2005-2009,1,73.77862572143668,73.88403966149852,72.77659801335862,75.13289088752677,Estimación adecuada
Naguabo,2005-2009,2,80.62404690696854,80.98008252795776,79.60062890205826,82.16063291750505,Estimación adecuada
Naguabo,2010-2014,1,75.11164062971052,74.92317729592648,73.95680578641108,75.97225770916083,Estimación adecuada
Naguabo,2010-2014,2,82.93958682980916,82.35120171728433,81.11639185049623,83.75116291893839,Estimación adecuada
Naguabo,2015-2019,1,76.26882750450046,76.33361305112807,75.08145838940487,77.10932167364092,Estimación adecuada
Naguabo,2015-2019,2,84.83022686610576,84.32964171258413,82.98426441061343,85.68168826421652,Estimación adecuada
Naguabo,2020-2024,1,77.23171232523964,76.90368971982264,75.7369056221675,77.79648334453084,Estimación adecuada
Naguabo,2020-2024,2,83.84568426869097,83.74116558323513,82.42795703466788,85.23030797890519,Estimación adecuada
Naranjito,1980-1984,1,74.98820136337291,74.13175979763372,72.91249428082656,75.47502298760551,Estimación adecuada
Naranjito,1980-1984,2,82.09597951709326,80.52985945455762,79.29681513832097,82.00492075911828,< e0 observado
Naranjito,1985-1989,1,74.14321504502335,73.39114760303552,72.37262750424802,74.44010152790274,Estimación adecuada
Naranjito,1985-1989,2,81.17666750110004,80.59095574445533,79.33908998900036,82.04975156629135,Estimación adecuada
Naranjito,1990-1994,1,72.65469281143538,72.8071452567639,71.43282980282541,73.89985786511403,Estimación adecuada
Naranjito,1990-1994,2,80.53672985190586,80.7208900603112,79.53936712623886,82.04129035469424,Estimación adecuada
Naranjito,1995-1999,1,71.78384170584214,72.0253007143642,71.09817159528174,73.283462106327,Estimación adecuada
Naranjito,1995-1999,2,81.60503745588989,81.12307402745792,79.42155626101089,82.53255810977694,Estimación adecuada
Naranjito,2000-2004,1,75.02066724722975,75.08746179947885,73.84134134054531,76.29530447091999,Estimación adecuada
Naranjito,2000-2004,2,82.02786957174214,81.88450803860738,80.44151705058641,83.12942112936831,Estimación adecuada
Naranjito,2005-2009,1,75.97305227428454,76.21594643091666,74.89667379380816,77.48919614946162,Estimación adecuada
Naranjito,2005-2009,2,81.50399850212823,82.03708216106611,80.90551011752795,83.18999131502494,Estimación adecuada
Naranjito,2010-2014,1,78.20596950921357,77.68195845633181,76.75140730137879,78.77100916227022,Estimación adecuada
Naranjito,2010-2014,2,82.65441935713193,83.60253296937182,82.19416350154165,85.0119018702131,Estimación adecuada
Naranjito,2015-2019,1,79.79942567224485,79.35008350878613,78.06599477174586,80.71147394978398,Estimación adecuada
Naranjito,2015-2019,2,86.72388771081324,86.81351098631725,85.17304442924086,88.62524799276275,Estimación adecuada
Naranjito,2020-2024,1,76.58250173203984,77.51709196265719,76.56805956207245,78.94329588995879,Estimación adecuada
Naranjito,2020-2024,2,85.5864530860636,85.32911687387207,84.05207113134085,86.82131369517798,Estimación adecuada
Orocovis,1980-1984,1,73.68697408485414,73.43433009386982,72.21092306422634,75.2043445208703,Estimación adecuada
Orocovis,1980-1984,2,79.52890987399995,79.31799459977162,77.89623329431825,80.49545845331428,Estimación adecuada
Orocovis,1985-1989,1,72.86313442913975,72.69929797224935,71.57081507745573,73.66866567351039,Estimación adecuada
Orocovis,1985-1989,2,83.00284611084997,81.28378123384124,79.72657217528936,82.75298926993143,< e0 observado
Orocovis,1990-1994,1,70.6546043654978,71.48451755927528,70.3976171605403,72.746941942879,Estimación adecuada
Orocovis,1990-1994,2,80.6362204849656,80.38736190025247,79.0908759606546,81.92086005784289,Estimación adecuada
Orocovis,1995-1999,1,73.67698769121861,73.15073949357411,71.95832664316629,74.29454421704682,Estimación adecuada
Orocovis,1995-1999,2,79.89715435282756,79.99603111289048,78.74238016074848,81.20431510512297,Estimación adecuada
Orocovis,2000-2004,1,74.30531059061678,74.31294744188463,73.3756358632356,75.50164263525019,Estimación adecuada
Orocovis,2000-2004,2,82.7682053865501,82.3732564224315,80.80990203663217,83.85771627537181,Estimación adecuada
Orocovis,2005-2009,1,75.65599075985115,75.56581219123535,74.39459711132663,76.80983491690054,Estimación adecuada
Orocovis,2005-2009,2,81.23465089468093,81.65239400241552,80.17826562421052,82.85927526173529,Estimación adecuada
Orocovis,2010-2014,1,78.72609688729915,77.71913618949984,76.70728916197854,78.89274949192496,Estimación adecuada
Orocovis,2010-2014,2,83.46032948812693,83.40270573977718,82.11863770289487,85.02504154522634,Estimación adecuada
Orocovis,2015-2019,1,78.31348130255999,78.23231635767908,77.07750886771348,79.3955351053176,Estimación adecuada
Orocovis,2015-2019,2,84.96910673692187,85.41505217264383,83.9476613051724,86.60337877319466,Estimación adecuada
Orocovis,2020-2024,1,77.80883766643083,78.67097328565397,77.14462023615295,79.5995861314976,Estimación adecuada
Orocovis,2020-2024,2,84.81893104480201,84.73875672768585,83.41815998813047,86.95885685213652,Estimación adecuada
Patillas,1980-1984,1,71.2919207839744,71.67860432735344,70.4969559845888,72.78197551652673,Estimación adecuada
Patillas,1980-1984,2,77.55331848134108,77.5395561723163,76.16914462957817,79.270661278012,Estimación adecuada
Patillas,1985-1989,1,71.37552114824256,71.1552077071168,70.14750273047814,72.02070171653762,Estimación adecuada
Patillas,1985-1989,2,79.24042850774778,78.60222653144487,77.43083230647096,79.78778861473324,Estimación adecuada
Patillas,1990-1994,1,72.50760666915836,71.71889672334603,70.39910581750951,72.91064346630603,Estimación adecuada
Patillas,1990-1994,2,78.396020908419,78.49717227475125,77.17951987958114,79.99587681518139,Estimación adecuada
Patillas,1995-1999,1,71.16809015939647,71.34290672501118,70.26147973810254,72.58973810144501,Estimación adecuada
Patillas,1995-1999,2,78.52476688729733,78.30583083731952,77.08978423925029,79.34130385966398,Estimación adecuada
Patillas,2000-2004,1,73.84030571885792,73.66334100621962,72.50176282268112,74.69016007754891,Estimación adecuada
Patillas,2000-2004,2,80.28524555250978,80.77729266977488,79.47854074320739,82.16834113382919,Estimación adecuada
Patillas,2005-2009,1,74.71797456893655,74.54674956328304,73.44002514258273,75.6610143477046,Estimación adecuada
Patillas,2005-2009,2,82.37229150118687,81.67925632145173,80.5830803703471,83.21400222978897,Estimación adecuada
Patillas,2010-2014,1,75.64302541877272,76.19573216177162,75.10972371462165,77.09604326474418,Estimación adecuada
Patillas,2010-2014,2,82.97344642216791,83.32203163101144,81.77630931460922,84.83450855283142,Estimación adecuada
Patillas,2015-2019,1,77.44243369136635,77.30895767131494,76.2283874974053,78.821952466431,Estimación adecuada
Patillas,2015-2019,2,85.62464985032581,85.56438758202802,84.13119239962188,87.70107265867378,Estimación adecuada
Patillas,2020-2024,1,75.4428131511174,76.55455641877435,75.2596217873573,77.49030387252279,Estimación adecuada
Patillas,2020-2024,2,83.73266646624228,85.65363151560652,84.26321265641411,87.6104411923461,> e0 observado
Penuelas,1980-1984,1,72.35786944424055,71.51912011930091,70.20201266422376,72.47833978096278,Estimación adecuada
Penuelas,1980-1984,2,77.42169553222374,77.55020391664776,76.52798417138612,78.98363286912873,Estimación adecuada
Penuelas,1985-1989,1,72.76539154925341,71.88108868458767,70.57221177118541,72.94521328956073,Estimación adecuada
Penuelas,1985-1989,2,78.26925344407194,78.1040832395844,76.67704331509398,79.56490956086694,Estimación adecuada
Penuelas,1990-1994,1,71.6518283419231,71.25104030188132,70.05169410936762,72.08863586437543,Estimación adecuada
Penuelas,1990-1994,2,78.09730287289996,78.04674597372104,77.09124132491594,79.70928195267007,Estimación adecuada
Penuelas,1995-1999,1,72.51086800891099,71.97817613525169,70.84221171900461,73.15838659289686,Estimación adecuada
Penuelas,1995-1999,2,77.85186468595465,78.52678189196672,77.19510759667395,79.6687520013139,Estimación adecuada
Penuelas,2000-2004,1,73.06979986248778,73.06143153821331,72.14961014421004,73.93801122922511,Estimación adecuada
Penuelas,2000-2004,2,80.74681115313095,80.89223824601865,79.55833418375643,82.86802650387305,Estimación adecuada
Penuelas,2005-2009,1,74.32588415517951,74.37161156089292,73.19140999119833,75.53397513833141,Estimación adecuada
Penuelas,2005-2009,2,83.85447484865448,82.88839203582108,81.20713038684897,85.12687979264132,Estimación adecuada
Penuelas,2010-2014,1,77.2161868060379,76.92110992330262,75.48014913587619,78.14871993213532,Estimación adecuada
Penuelas,2010-2014,2,82.37054992803498,82.4134690214587,80.92831796841742,83.47227100686388,Estimación adecuada
Penuelas,2015-2019,1,76.94988280019332,76.83273457686079,75.85524928545718,77.72738682479678,Estimación adecuada
Penuelas,2015-2019,2,83.52991574696982,83.61941987293207,82.27083074925027,85.19162778563239,Estimación adecuada
Penuelas,2020-2024,1,78.19759662594926,77.4969772009405,76.51342696204206,78.60644600982852,Estimación adecuada
Penuelas,2020-2024,2,83.13779961346445,83.27301981848152,82.05948883479732,84.39809939073564,Estimación adecuada
Ponce,1980-1984,1,70.95163851465587,70.79601509537608,70.21355270406468,71.25298237542543,Estimación adecuada
Ponce,1980-1984,2,77.90393491985162,77.6265634159883,77.13991149833717,78.06325554372525,Estimación adecuada
Ponce,1985-1989,1,68.92037207804252,69.09123560750966,68.58668929762455,69.56833081411887,Estimación adecuada
Ponce,1985-1989,2,77.3120135977883,77.20454696404593,76.76600997784271,77.74989641669106,Estimación adecuada
Ponce,1990-1994,1,68.07009878068561,68.32779053432722,67.82588337368779,68.73672972369405,Estimación adecuada
Ponce,1990-1994,2,77.70322992022791,77.74941943716493,77.27651866240149,78.25171094794501,Estimación adecuada
Ponce,1995-1999,1,68.8945019576824,69.08913715751102,68.62711200136889,69.53216386312303,Estimación adecuada
Ponce,1995-1999,2,78.64616620265484,78.49531137350849,78.13267659299535,79.07216098526229,Estimación adecuada
Ponce,2000-2004,1,71.88287158339286,72.02293285269289,71.43097874960266,72.41176649149526,Estimación adecuada
Ponce,2000-2004,2,80.17053819569585,80.00097459829024,79.39713202260162,80.50118428119035,Estimación adecuada
Ponce,2005-2009,1,72.59239776230434,72.77811014342777,72.31833995154923,73.21956533303421,Estimación adecuada
Ponce,2005-2009,2,81.60505937401689,81.44682844620894,80.8973355933635,81.9072413935246,Estimación adecuada
Ponce,2010-2014,1,74.90584213235752,74.98242906250513,74.48526369785571,75.5072416971368,Estimación adecuada
Ponce,2010-2014,2,81.84526785237593,81.80620464884603,81.30821184657549,82.3929996606553,Estimación adecuada
Ponce,2015-2019,1,75.94818443525777,76.16962702119798,75.5680839246937,76.62795576743036,Estimación adecuada
Ponce,2015-2019,2,84.573600741168,84.44489120058724,83.68601158198891,85.06224504547835,Estimación adecuada
Ponce,2020-2024,1,76.11579149445392,76.06802566855143,75.53098690152301,76.62502815846781,Estimación adecuada
Ponce,2020-2024,2,84.14984563358192,83.84813234895576,83.22155919074332,84.57888407593555,Estimación adecuada
Quebradillas,1980-1984,1,71.5804748432608,71.45534126706589,70.21537404361763,72.45013467639345,Estimación adecuada
Quebradillas,1980-1984,2,79.23938165137665,78.46273517789902,77.0516939497406,79.81390285778231,Estimación adecuada
Quebradillas,1985-1989,1,70.63546474047975,71.03992591900132,69.92823635396209,71.9270171740031,Estimación adecuada
Quebradillas,1985-1989,2,77.80764334555457,77.55104556451522,76.65687992587465,78.53041821554203,Estimación adecuada
Quebradillas,1990-1994,1,72.04068810225141,71.65919208976499,70.60733454549688,72.90969385614324,Estimación adecuada
Quebradillas,1990-1994,2,79.32174470623532,78.59193910322367,77.53729902248841,79.74097880049476,Estimación adecuada
Quebradillas,1995-1999,1,72.62949799850028,71.78339183286963,70.64910431917285,72.87057949932958,Estimación adecuada
Quebradillas,1995-1999,2,78.8521877504248,78.6652368662152,77.58266489013796,79.68551478457704,Estimación adecuada
Quebradillas,2000-2004,1,73.75120320482118,73.33270128571581,72.1637004162186,74.34233596449533,Estimación adecuada
Quebradillas,2000-2004,2,79.64696913052158,79.80729671116592,78.73846503051521,80.79041802272391,Estimación adecuada
Quebradillas,2005-2009,1,76.4702021217705,75.15139004165623,74.04505222485528,76.201849077385,< e0 observado
Quebradillas,2005-2009,2,82.57479226170334,82.3451880722526,81.12171534959657,83.89005120565378,Estimación adecuada
Quebradillas,2010-2014,1,76.84416482352528,76.45751300808155,75.17555289177614,77.33234476660272,Estimación adecuada
Quebradillas,2010-2014,2,83.16432092953069,82.80669305617621,81.32329784973447,84.48655749824232,Estimación adecuada
Quebradillas,2015-2019,1,77.52581972834565,77.2673830545403,76.23364356155355,78.0624014754496,Estimación adecuada
Quebradillas,2015-2019,2,83.89036641680575,83.57074201081386,82.28714942465163,84.38199621580058,Estimación adecuada
Quebradillas,2020-2024,1,78.45741764289136,77.4987892712789,76.3792227524973,78.80952731913584,Estimación adecuada
Quebradillas,2020-2024,2,84.02514632890372,84.09439284426006,83.04238168069335,85.41127091745551,Estimación adecuada
Rincon,1980-1984,1,71.31036542846637,72.54731726199438,71.17893779733407,73.87954582311883,Estimación adecuada
Rincon,1980-1984,2,78.23121876259758,78.51663111075982,77.2033276769451,80.05505810074143,Estimación adecuada
Rincon,1985-1989,1,72.68195818723761,72.44561821931715,71.23942946414499,73.72208908390891,Estimación adecuada
Rincon,1985-1989,2,78.13112109379762,78.82250464488965,77.3199891540131,80.31659030526087,Estimación adecuada
Rincon,1990-1994,1,74.46482669947628,73.22385943747716,72.04113565964757,74.35370195597139,< e0 observado
Rincon,1990-1994,2,79.71875830965256,79.35507813353263,78.03910181598164,80.91779973846971,Estimación adecuada
Rincon,1995-1999,1,71.81900034746621,71.80705625156814,70.69504230785695,72.8153554141943,Estimación adecuada
Rincon,1995-1999,2,80.4078903895804,80.2215966177402,79.01848368954705,81.94387960412507,Estimación adecuada
Rincon,2000-2004,1,75.07948363707656,74.87028836658376,73.52768931912426,75.86121841032121,Estimación adecuada
Rincon,2000-2004,2,82.97798833076854,82.20966581696896,81.02158212379962,83.91597591546535,Estimación adecuada
Rincon,2005-2009,1,76.37954961336744,75.7882375257239,74.57885228897963,76.9071258832092,Estimación adecuada
Rincon,2005-2009,2,80.35621164685101,81.26815568652111,79.96300092434774,82.41324105929866,Estimación adecuada
Rincon,2010-2014,1,79.61051534555456,77.71505106469641,76.52545938041229,79.04196490605685,< e0 observado
Rincon,2010-2014,2,83.80210551828287,83.9962103649947,82.59441340448485,85.90782571613406,Estimación adecuada
Rincon,2015-2019,1,79.17285737161941,79.02315251842268,77.8108540593962,79.9170853340855,Estimación adecuada
Rincon,2015-2019,2,86.30943741112463,86.06832878295188,84.3490389187333,88.20139620056105,Estimación adecuada
Rincon,2020-2024,1,79.87445814115418,79.7691984509508,78.45431827941147,81.27114148870868,Estimación adecuada
Rincon,2020-2024,2,86.12132225159803,85.79483579243265,84.27584194311409,87.35714248539279,Estimación adecuada
Rio Grande,1980-1984,1,71.31055270884488,71.24231615022916,70.26519219797686,72.33905866855946,Estimación adecuada
Rio Grande,1980-1984,2,77.8338345029928,77.50926128490062,76.46814610459958,78.83991699351365,Estimación adecuada
Rio Grande,1985-1989,1,72.55792010168767,71.93878279284317,70.96944874401913,73.08930914698446,Estimación adecuada
Rio Grande,1985-1989,2,78.55898208748316,78.30753306652167,77.0711056409105,79.47570117980483,Estimación adecuada
Rio Grande,1990-1994,1,69.8066408540921,70.23704878635635,69.26137871795021,71.14904957568034,Estimación adecuada
Rio Grande,1990-1994,2,79.04176505901863,78.84131917728351,77.79093977351917,80.15113762336279,Estimación adecuada
Rio Grande,1995-1999,1,69.24216716509197,69.89894846965484,68.97992990698185,70.59595424729582,Estimación adecuada
Rio Grande,1995-1999,2,78.57122528721384,78.49566078073258,77.61044864303076,79.5387452939484,Estimación adecuada
Rio Grande,2000-2004,1,73.5987446256221,73.40288093701596,72.64658560719427,74.33604933576208,Estimación adecuada
Rio Grande,2000-2004,2,80.92764017417292,80.75746736594729,79.99200657612676,82.03422498857455,Estimación adecuada
Rio Grande,2005-2009,1,74.74267006153134,74.9231326040297,74.11803986672626,76.12835868894808,Estimación adecuada
Rio Grande,2005-2009,2,82.25371975622028,81.84115901726013,80.88054322994893,82.80332903723894,Estimación adecuada
Rio Grande,2010-2014,1,75.62464241200296,75.7033896986994,74.88468530981024,76.55201663114744,Estimación adecuada
Rio Grande,2010-2014,2,81.93516108938404,81.9748980534493,81.01431339146924,83.0206527796748,Estimación adecuada
Rio Grande,2015-2019,1,77.32038501383934,77.4666418360099,76.47517257584252,78.38911636120366,Estimación adecuada
Rio Grande,2015-2019,2,84.73128165771396,84.43380109678624,83.4435328002198,85.5774280603254,Estimación adecuada
Rio Grande,2020-2024,1,76.09079051682853,76.64427149069256,75.6601604697636,77.67476860465752,Estimación adecuada
Rio Grande,2020-2024,2,84.92626206233898,85.28827047957625,83.99918844517126,86.5024279091821,Estimación adecuada
Sabana Grande,1980-1984,1,72.94260252849719,71.92366544513315,70.71219699653274,72.8816083365416,< e0 observado
Sabana Grande,1980-1984,2,76.79030160326006,77.13698367507443,76.01299763002815,78.42414514900153,Estimación adecuada
Sabana Grande,1985-1989,1,72.60670516660508,72.02848047164245,70.9241932472282,72.83223462390586,Estimación adecuada
Sabana Grande,1985-1989,2,79.46020484114078,78.78446935323807,77.72198520643153,79.97063769685131,Estimación adecuada
Sabana Grande,1990-1994,1,71.96878186562466,71.62652845137646,70.66801251660728,72.51356429076367,Estimación adecuada
Sabana Grande,1990-1994,2,77.52973712888554,77.70879506603049,76.7774258076733,78.61568502089844,Estimación adecuada
Sabana Grande,1995-1999,1,72.42496764545729,71.73857768043817,70.88582076081705,72.9141313329136,Estimación adecuada
Sabana Grande,1995-1999,2,77.8549110688198,77.88675368763643,77.05127994762574,78.68389030987859,Estimación adecuada
Sabana Grande,2000-2004,1,75.19081545433245,74.27226657260135,73.22148635276943,75.29748823186705,Estimación adecuada
Sabana Grande,2000-2004,2,80.10304388750191,80.47248174862483,79.22130600688035,81.95507705353994,Estimación adecuada
Sabana Grande,2005-2009,1,75.77699216646894,74.89261556814816,73.84413259543965,76.09715495879232,Estimación adecuada
Sabana Grande,2005-2009,2,80.72892003066303,81.18322708785001,79.95104709660777,82.818140908992,Estimación adecuada
Sabana Grande,2010-2014,1,75.70526772953107,75.72308594378633,74.70986811756697,76.99735336709966,Estimación adecuada
Sabana Grande,2010-2014,2,83.3057418970242,82.98148915100585,81.83964430110949,84.6456027551411,Estimación adecuada
Sabana Grande,2015-2019,1,77.43470484017462,76.8751097094679,75.86038642510943,78.03506899803776,Estimación adecuada
Sabana Grande,2015-2019,2,83.12156944238525,83.00813389158441,82.05415424159125,84.56181219940395,Estimación adecuada
Sabana Grande,2020-2024,1,77.44105015726227,77.42258675309449,76.38295637476728,78.51893130184175,Estimación adecuada
Sabana Grande,2020-2024,2,83.44790990052292,84.37428922200985,83.31965059414513,86.08388333846457,Estimación adecuada
Salinas,1980-1984,1,69.34771587119822,69.82776445476799,68.78078208581455,70.8537607898893,Estimación adecuada
Salinas,1980-1984,2,77.00356882697933,76.9891104634338,75.88148786003148,78.29058802757845,Estimación adecuada
Salinas,1985-1989,1,67.8768913469486,68.96607356185096,67.95024256650828,69.9414557409259,> e0 observado
Salinas,1985-1989,2,76.51927305162637,76.69456696324497,75.73580709911386,77.84908185066473,Estimación adecuada
Salinas,1990-1994,1,69.60135801885075,70.0415773631987,69.25717737700637,71.01579832586678,Estimación adecuada
Salinas,1990-1994,2,77.16626361655916,77.63312518422457,76.64624617747657,78.50548242583335,Estimación adecuada
Salinas,1995-1999,1,69.29023548543516,69.53599545896,68.71970992926205,70.48732708829297,Estimación adecuada
Salinas,1995-1999,2,79.22383445714814,78.92035917769545,77.81236048885305,80.36192767368782,Estimación adecuada
Salinas,2000-2004,1,73.10253328655585,73.03836862104731,72.07580647188163,74.10989025843642,Estimación adecuada
Salinas,2000-2004,2,80.52455994892824,80.14744233117077,78.83220675843637,81.7313504040734,Estimación adecuada
Salinas,2005-2009,1,73.52822440107285,73.7349395504315,72.68454113307014,74.73777836678735,Estimación adecuada
Salinas,2005-2009,2,80.63090066219925,80.80551224068418,79.75427632987815,82.07666368520297,Estimación adecuada
Salinas,2010-2014,1,75.47743944137984,75.47492430505042,74.37215525341925,76.40830263323195,Estimación adecuada
Salinas,2010-2014,2,83.23167940762168,83.13847174384044,82.07363904074896,85.05573182301487,Estimación adecuada
Salinas,2015-2019,1,77.96635541138743,77.65095797029812,76.57255754088305,78.79144484938232,Estimación adecuada
Salinas,2015-2019,2,85.02610562554052,84.78100784746448,83.56205398925422,86.16250027000896,Estimación adecuada
Salinas,2020-2024,1,77.2752335181164,77.11720273450457,75.86410988265503,77.9523380159842,Estimación adecuada
Salinas,2020-2024,2,85.43601257393142,84.91524424890476,83.54100694335409,86.68354063453125,Estimación adecuada
San German,1980-1984,1,72.17155637189039,72.12350429583577,71.20150901275767,73.25872245685835,Estimación adecuada
San German,1980-1984,2,77.0812843420632,77.44429616830735,76.36515143991261,78.61310989113363,Estimación adecuada
San German,1985-1989,1,73.24578912339052,72.5683709633659,71.77069480412918,73.48472705304118,Estimación adecuada
San German,1985-1989,2,78.281715742411,78.13811596439646,77.22401535264311,79.27769708616795,Estimación adecuada
San German,1990-1994,1,72.47312065094486,72.07845709752303,71.1982447076176,72.77165429911597,Estimación adecuada
San German,1990-1994,2,78.88901019804139,79.10587738551538,77.81192481440104,80.16314731322555,Estimación adecuada
San German,1995-1999,1,74.17482678706043,73.41071584180392,72.39870828603156,74.30008269084618,Estimación adecuada
San German,1995-1999,2,78.52895052757144,78.94174038046765,77.94136360336486,79.81833380819299,Estimación adecuada
San German,2000-2004,1,75.40040785434385,74.82254653647246,73.79707182619433,75.75765281455475,Estimación adecuada
San German,2000-2004,2,81.07042973561371,80.99574163738801,79.97461008396886,82.23713437178353,Estimación adecuada
San German,2005-2009,1,75.89227383722931,75.46339569552958,74.71624602422547,76.58774844724634,Estimación adecuada
San German,2005-2009,2,81.35724022521588,81.78132819085238,80.80345312441003,82.70930398182985,Estimación adecuada
San German,2010-2014,1,77.09595528241658,76.3419518454896,75.49376105308195,77.0521295446855,< e0 observado
San German,2010-2014,2,81.95497572147197,82.55510153589526,81.6191434096045,83.60493960329678,Estimación adecuada
San German,2015-2019,1,79.14792857398798,78.01016979268265,77.23701531233706,79.01516541892627,< e0 observado
San German,2015-2019,2,84.0002365484052,84.27032825322874,83.23946385083929,85.45713656330766,Estimación adecuada
San German,2020-2024,1,78.13234571523579,77.61594572931111,76.64028493590841,78.41719114417307,Estimación adecuada
San German,2020-2024,2,83.15333884969452,83.82230034772027,82.86500695992746,84.96158883296982,Estimación adecuada
San Juan,1980-1984,1,68.53296805880613,68.6511471618996,68.22167804051034,69.00532355318674,Estimación adecuada
San Juan,1980-1984,2,78.41781325030587,78.30480112908404,77.94723787062117,78.68610090134631,Estimación adecuada
San Juan,1985-1989,1,67.17212517316179,67.30570077332166,67.01851659968375,67.59819883611186,Estimación adecuada
San Juan,1985-1989,2,78.70934229140379,78.63619742879808,78.36422268028409,78.96650850750801,Estimación adecuada
San Juan,1990-1994,1,64.70940097035052,64.94732691737208,64.6411228363466,65.33138118636428,Estimación adecuada
San Juan,1990-1994,2,78.53794951508831,78.60649300951323,78.26041450237418,78.92088926164678,Estimación adecuada
San Juan,1995-1999,1,67.09892384379134,67.24744756884394,66.9715066376177,67.62454315288042,Estimación adecuada
San Juan,1995-1999,2,79.54091321860172,79.56214962949946,79.11868169445574,79.97533394925631,Estimación adecuada
San Juan,2000-2004,1,71.1882392973574,71.28003204520829,70.8832826696929,71.5749124375939,Estimación adecuada
San Juan,2000-2004,2,81.92921875527303,81.75404919522973,81.44907766426627,82.13632503963109,Estimación adecuada
San Juan,2005-2009,1,72.69964876784017,72.70606811441134,72.39009562783247,73.03487673102686,Estimación adecuada
San Juan,2005-2009,2,82.46547999538443,82.43521303680622,82.00475627013606,82.77155223736811,Estimación adecuada
San Juan,2010-2014,1,74.44529350870087,74.5571855149359,74.22254297959381,74.90247551522256,Estimación adecuada
San Juan,2010-2014,2,84.20463369793843,84.04165368982474,83.55927883879554,84.51841889939789,Estimación adecuada
San Juan,2015-2019,1,75.79825935426356,75.87726350821981,75.41935540570111,76.2667624156457,Estimación adecuada
San Juan,2015-2019,2,85.20819741649419,85.07518999575032,84.69647236517673,85.66291562060023,Estimación adecuada
San Juan,2020-2024,1,75.09617765928651,75.2308990656653,74.76455848668701,75.66091565029402,Estimación adecuada
San Juan,2020-2024,2,85.57777113429813,85.38612803618513,84.9577631353123,85.85023519020366,Estimación adecuada
San Lorenzo,1980-1984,1,72.4269330696064,72.38627087339083,71.4398264149525,73.41161143382743,Estimación adecuada
San Lorenzo,1980-1984,2,78.47103642037956,78.40935061979381,77.15988290477748,79.51579648793205,Estimación adecuada
San Lorenzo,1985-1989,1,70.33185072656097,70.90088164771603,70.13970642410837,71.89410487299261,Estimación adecuada
San Lorenzo,1985-1989,2,79.4038927542163,78.77846491796038,77.7211301818657,79.95697787841769,Estimación adecuada
San Lorenzo,1990-1994,1,70.49063585980458,70.67942154922271,69.75957928857429,71.77691583227326,Estimación adecuada
San Lorenzo,1990-1994,2,79.42906403274269,79.0635204192418,78.16536296702682,80.18698596250294,Estimación adecuada
San Lorenzo,1995-1999,1,72.39291160482962,72.2153075352856,71.22154774875659,73.13414980322648,Estimación adecuada
San Lorenzo,1995-1999,2,78.56261721700943,78.49741703180258,77.73922374132675,79.64161012427876,Estimación adecuada
San Lorenzo,2000-2004,1,73.59466919977362,73.69248635506719,72.65857058154148,74.56047306711369,Estimación adecuada
San Lorenzo,2000-2004,2,81.14875504017051,80.96792751842466,79.76678730513595,82.09188241700718,Estimación adecuada
San Lorenzo,2005-2009,1,75.07421835227707,74.95927805750783,74.067553793,75.81317747327876,Estimación adecuada
San Lorenzo,2005-2009,2,82.06471302858854,81.77955868423535,80.72369766534972,82.70900010738046,Estimación adecuada
San Lorenzo,2010-2014,1,76.50254306599682,76.58437179076562,75.6235843805774,77.61354974522682,Estimación adecuada
San Lorenzo,2010-2014,2,83.9183271335132,83.29360428984964,82.39519141201873,84.39900118120335,Estimación adecuada
San Lorenzo,2015-2019,1,77.43176974248165,78.01069743357036,76.99629242158397,79.15647387303531,Estimación adecuada
San Lorenzo,2015-2019,2,85.92248006512409,85.48805763378535,84.15108601066179,87.12176372006145,Estimación adecuada
San Lorenzo,2020-2024,1,77.62523479934367,77.7874016909495,76.7412027594643,79.24424112516229,Estimación adecuada
San Lorenzo,2020-2024,2,84.55625634680975,84.26608722273863,83.20805934115623,85.47891959381352,Estimación adecuada
San Sebastian,1980-1984,1,73.33683627750408,72.79196293905557,72.02173925674154,73.71270809299062,Estimación adecuada
San Sebastian,1980-1984,2,77.39216900594447,77.70832839800605,76.90131933231469,78.61094444155222,Estimación adecuada
San Sebastian,1985-1989,1,71.54106439345284,71.77884487530756,70.93826816599423,72.58372001242711,Estimación adecuada
San Sebastian,1985-1989,2,78.32567842249966,78.36263921858688,77.50312911874812,79.56048171388531,Estimación adecuada
San Sebastian,1990-1994,1,72.72006609308197,72.21726939480871,71.43305877054789,72.9386857161315,Estimación adecuada
San Sebastian,1990-1994,2,78.61121244043503,78.71149818109805,77.57926206408271,79.4989791806113,Estimación adecuada
San Sebastian,1995-1999,1,73.29080325081594,72.82179577669834,72.16032108420934,73.570500161429493,Estimación adecuada
San Sebastian,1995-1999,2,79.73176179097116,79.39086399193943,78.565954096121,80.27812146558256,Estimación adecuada
San Sebastian,2000-2004,1,74.89792147656362,74.56971155475433,73.76066996641472,75.31522073543239,Estimación adecuada
San Sebastian,2000-2004,2,80.32263567678552,80.319807270072,79.59707183338367,81.29694906081265,Estimación adecuada
San Sebastian,2005-2009,1,76.73740203137386,76.0960317376569,75.09115818570716,76.75024072972741,Estimación adecuada
San Sebastian,2005-2009,2,81.1692904566309,81.01237406940137,80.21939624691558,82.0337302449654,Estimación adecuada
San Sebastian,2010-2014,1,76.69546237928682,76.3791347119099,75.75361306694718,77.20479324466604,Estimación adecuada
San Sebastian,2010-2014,2,83.16134686711862,82.97704407764273,81.8745090564438,83.98014168055762,Estimación adecuada
San Sebastian,2015-2019,1,79.1178099470019,78.4277744273825,77.57112370088572,79.27472349376885,Estimación adecuada
San Sebastian,2015-2019,2,84.22340952689646,83.99742387480353,82.89400747015046,85.02300758809922,Estimación adecuada
San Sebastian,2020-2024,1,78.24142492610734,77.85204883082383,76.98513612140935,78.77244362061752,Estimación adecuada
San Sebastian,2020-2024,2,84.23065748606743,84.24721327057367,83.28014996271737,85.12780226273702,Estimación adecuada
Santa Isabel,1980-1984,1,69.7275677276356,69.44345021105977,68.26381309222276,70.37897268767907,Estimación adecuada
Santa Isabel,1980-1984,2,77.7763438904047,77.13537447322595,75.80734811434844,78.57872716637726,Estimación adecuada
Santa Isabel,1985-1989,1,69.23817247335977,69.59996734548719,68.05496813925777,70.70942590618967,Estimación adecuada
Santa Isabel,1985-1989,2,76.67908928126376,76.62113965683184,75.62791613802759,77.77686871728436,Estimación adecuada
Santa Isabel,1990-1994,1,66.65679986192234,68.13969791324155,67.14800100734908,69.63003225859839,> e0 observado
Santa Isabel,1990-1994,2,76.1627447017844,76.93535166942098,75.73506158046223,78.1192998720324,Estimación adecuada
Santa Isabel,1995-1999,1,68.83610956762453,69.32134348294036,68.26864691170115,70.31709031336169,Estimación adecuada
Santa Isabel,1995-1999,2,77.73152078827611,77.47499130185918,76.4921124485307,78.82158956781436,Estimación adecuada
Santa Isabel,2000-2004,1,69.45419232564782,70.77631592350957,69.60762864821108,71.80430208219505,> e0 observado
Santa Isabel,2000-2004,2,79.11209035669054,79.12396983066373,78.00799205262577,80.83572735939605,Estimación adecuada
Santa Isabel,2005-2009,1,72.31479005793592,72.57767626478356,71.7117560526091,73.51681111028654,Estimación adecuada
Santa Isabel,2005-2009,2,81.59418713189359,81.41617761832086,80.08400375398429,82.86495638828296,Estimación adecuada
Santa Isabel,2010-2014,1,74.62174299181575,75.15174061475543,73.74150271254383,76.20423573112777,Estimación adecuada
Santa Isabel,2010-2014,2,81.81631250475374,81.34265363537801,80.04338031634725,82.59714007577753,Estimación adecuada
Santa Isabel,2015-2019,1,75.10553816345772,75.23250072241899,74.17112041811976,76.35485543684065,Estimación adecuada
Santa Isabel,2015-2019,2,85.04929628842375,83.73765208571513,82.18642937938216,85.1153512527258,Estimación adecuada
Santa Isabel,2020-2024,1,74.53124138847393,75.00629025278944,74.0983387272407,76.17369364965299,Estimación adecuada
Santa Isabel,2020-2024,2,83.31177822878875,82.99188543720167,81.66517605076294,84.61100816104222,Estimación adecuada
Toa Alta,1980-1984,1,74.8830856005072,74.13458665796824,73.18789075947015,75.46574668631382,Estimación adecuada
Toa Alta,1980-1984,2,77.90618677933547,78.8731485673213,77.56544497010785,80.05910104576535,Estimación adecuada
Toa Alta,1985-1989,1,72.95726224514657,72.94831274826458,71.5193067326165,73.99903068480643,Estimación adecuada
Toa Alta,1985-1989,2,81.13925929884047,80.91946987185514,79.44485253390403,82.4769177406474,Estimación adecuada
Toa Alta,1990-1994,1,73.42887184415189,73.23383731373175,72.09709474645666,74.44117018568498,Estimación adecuada
Toa Alta,1990-1994,2,79.53507742661205,79.78610219558496,78.64750642205146,80.95355146952828,Estimación adecuada
Toa Alta,1995-1999,1,73.12825061550112,73.15248104876406,72.26331705732811,73.95203216939782,Estimación adecuada
Toa Alta,1995-1999,2,80.88771225273739,80.73299054253522,79.5465926253004,81.91991319368061,Estimación adecuada
Toa Alta,2000-2004,1,75.20122641401855,75.19113075525554,74.41821950153873,75.91233371316528,Estimación adecuada
Toa Alta,2000-2004,2,81.33505965208538,81.49461361790132,80.43186178310769,82.50148154416588,Estimación adecuada
Toa Alta,2005-2009,1,77.25808536131703,77.08944143122889,76.22404026464265,78.06437123015255,Estimación adecuada
Toa Alta,2005-2009,2,83.45975745150935,83.33938845383915,82.41113876079984,84.38045294013585,Estimación adecuada
Toa Alta,2010-2014,1,77.617438844306065,77.79695687417856,76.92210638201482,78.58295293514291,Estimación adecuada
Toa Alta,2010-2014,2,84.59193836320182,84.35519351399286,83.16020648678665,85.55677608599017,Estimación adecuada
Toa Alta,2015-2019,1,79.44012262836311,79.44140754503547,78.62351327961562,80.5267435067218,Estimación adecuada
Toa Alta,2015-2019,2,84.21287299648571,84.3865323537238,83.53069142159896,85.33120555031209,Estimación adecuada
Toa Alta,2020-2024,1,79.32715713141147,79.27566446113914,78.27190086306784,80.06749464195828,Estimación adecuada
Toa Alta,2020-2024,2,85.92609855770323,85.40684086276089,84.22543664853296,86.51350450308044,Estimación adecuada
Toa Baja,1980-1984,1,72.82833976912103,72.526622898021,71.70759702910345,73.64782625712068,Estimación adecuada
Toa Baja,1980-1984,2,79.03893803233984,78.63513056037806,77.81144499509088,79.69524101477452,Estimación adecuada
Toa Baja,1985-1989,1,71.09171108702432,71.27228490005885,70.42566866807789,72.07154938669345,Estimación adecuada
Toa Baja,1985-1989,2,79.17713173148333,78.87918824968655,77.91786093850325,79.7756460212938,Estimación adecuada
Toa Baja,1990-1994,1,69.55070432606276,70.02186909626946,69.39905420925459,70.6562546684781,Estimación adecuada
Toa Baja,1990-1994,2,78.53439715581091,78.32369777620463,77.69157706469247,79.17406185170289,Estimación adecuada
Toa Baja,1995-1999,1,71.02389397781576,71.20253855556285,70.59744490345238,71.70512080757072,Estimación adecuada
Toa Baja,1995-1999,2,80.35817914633549,79.92464428155634,79.01496383404893,80.53111049186273,Estimación adecuada
Toa Baja,2000-2004,1,73.3130761935651,73.49953060212371,72.66689002361056,74.15545197278222,Estimación adecuada
Toa Baja,2000-2004,2,81.24641875534006,80.99725642943082,80.27177600795657,81.90120028256722,Estimación adecuada
Toa Baja,2005-2009,1,73.9336800218148,74.15094271690751,73.58804055360113,74.84356426793798,Estimación adecuada
Toa Baja,2005-2009,2,81.2918522418654,81.2122968178316,80.52906611661044,82.05343852632905,Estimación adecuada
Toa Baja,2010-2014,1,75.63234922554784,75.82233305792181,75.05358049623794,76.53082491707454,Estimación adecuada
Toa Baja,2010-2014,2,83.19276198853512,82.95506779987574,82.17216312684565,83.81475935040694,Estimación adecuada
Toa Baja,2015-2019,1,77.0796431176242,77.19824562547751,76.38606153527908,77.8807694264722,Estimación adecuada
Toa Baja,2015-2019,2,85.28768156374481,85.17447847085181,84.08827212023668,85.9020781761127,Estimación adecuada
Toa Baja,2020-2024,1,76.06866784040614,76.32524608518528,75.73771993925457,77.12029122579116,Estimación adecuada
Toa Baja,2020-2024,2,84.82502560819063,84.73013488135625,83.75013443529491,85.5188867783428,Estimación adecuada
Trujillo Alto,1980-1984,1,73.8807661516517,73.77033996172807,72.77288407113676,74.97788147850248,Estimación adecuada
Trujillo Alto,1980-1984,2,80.45848591811597,80.1771985161578,79.06674190723496,81.46095052633379,Estimación adecuada
Trujillo Alto,1985-1989,1,72.91759611684925,73.02688206602295,72.2820257034705,73.8783520679277,Estimación adecuada
Trujillo Alto,1985-1989,2,81.01563083839561,80.61332289493197,79.48855004813427,81.49164812694097,Estimación adecuada
Trujillo Alto,1990-1994,1,72.6023641348921,72.78953222726011,71.74342182370626,73.55389316089509,Estimación adecuada
Trujillo Alto,1990-1994,2,79.85175886432305,79.9273717844053,78.90640148488282,80.91359658698411,Estimación adecuada
Trujillo Alto,1995-1999,1,72.41162116159781,72.75027262239647,72.00749719295774,73.49336814090339,Estimación adecuada
Trujillo Alto,1995-1999,2,81.19162622930031,80.78981008060171,79.94501809496282,81.88949341070708,Estimación adecuada
Trujillo Alto,2000-2004,1,74.68446388601943,74.88746592355699,74.14264141907121,75.73324404014537,Estimación adecuada
Trujillo Alto,2000-2004,2,83.41194987282269,83.35146033536238,82.16698161318854,84.52186363693963,Estimación adecuada
Trujillo Alto,2005-2009,1,75.81610434260868,75.88802125457906,75.3221122084646,76.69402979461523,Estimación adecuada
Trujillo Alto,2005-2009,2,83.84316698522537,83.46466974510739,82.6488101313307,84.75211916290536,Estimación adecuada
Trujillo Alto,2010-2014,1,77.88979650864401,78.0031309784892,77.0772509304224,78.66803570662725,Estimación adecuada
Trujillo Alto,2010-2014,2,85.28937280458358,85.0473065860547,84.25109959680105,86.31146858205398,Estimación adecuada
Trujillo Alto,2015-2019,1,79.53728233113502,79.42684793669503,78.44757253039313,80.32379783070806,Estimación adecuada
Trujillo Alto,2015-2019,2,86.3543330403018,86.35162957241708,85.34464980559449,87.25683221082643,Estimación adecuada
Trujillo Alto,2020-2024,1,78.39208683519212,78.55770198444148,77.74015600029588,79.44511524723706,Estimación adecuada
Trujillo Alto,2020-2024,2,86.16954614436371,85.7766396503024,85.18334909748137,86.56200572287185,Estimación adecuada
Utuado,1980-1984,1,72.77455758364391,72.86117837119042,71.90230057039562,73.75326069471586,Estimación adecuada
Utuado,1980-1984,2,78.22725510627389,78.34222695910358,77.21013717367933,79.50436925074234,Estimación adecuada
Utuado,1985-1989,1,72.49241351300115,72.47552415096189,71.22953527339796,73.40795574138465,Estimación adecuada
Utuado,1985-1989,2,78.55971933281445,78.44422105861634,77.33503331650527,79.45996527317702,Estimación adecuada
Utuado,1990-1994,1,73.58027996114916,72.95009541764611,72.22547266952769,73.9771744046694,Estimación adecuada
Utuado,1990-1994,2,79.15999314000904,78.94744353808707,78.0460247803353,79.77099288099643,Estimación adecuada
Utuado,1995-1999,1,73.56681994998524,72.72248026042936,72.09927603668277,73.60203869099428,Estimación adecuada
Utuado,1995-1999,2,79.75811291705193,79.42637248603523,78.5256965474145,80.724652793748,Estimación adecuada
Utuado,2000-2004,1,75.66609210920785,74.9712182054059,73.98047533663834,75.79567141503644,Estimación adecuada
Utuado,2000-2004,2,80.85296661933371,81.02345729470966,79.96094262235962,81.94115431264697,Estimación adecuada
Utuado,2005-2009,1,74.96306439444312,75.00051145177451,74.09137181253338,76.28691271481364,Estimación adecuada
Utuado,2005-2009,2,81.95177865789455,82.25915109163591,80.90090509820325,83.1571213787541,Estimación adecuada
Utuado,2010-2014,1,76.45438665507136,75.92050256552452,75.18361510963786,76.85049805944297,Estimación adecuada
Utuado,2010-2014,2,83.96232047500072,83.39497144580011,82.2576141969616,84.7671877853091,Estimación adecuada
Utuado,2015-2019,1,79.0189703608258,78.99408936101693,77.89625361368215,80.084666653245,Estimación adecuada
Utuado,2015-2019,2,85.5118737413184,85.08862065085103,83.8723345841671,86.70741141539901,Estimación adecuada
Utuado,2020-2024,1,80.22889535833663,79.18247121261803,78.344132653792,80.13474624846583,< e0 observado
Utuado,2020-2024,2,86.24989014279643,85.40122653862596,84.4704873350358,87.36288395224042,Estimación adecuada
Vega Alta,1980-1984,1,73.54933326191107,72.99500584795321,71.96060379682595,73.95036469059764,Estimación adecuada
Vega Alta,1980-1984,2,78.25469326095431,78.59617683176315,77.49857993773384,80.17063748859505,Estimación adecuada
Vega Alta,1985-1989,1,72.05535344696615,72.28281329789809,71.22919986638291,73.25406149094263,Estimación adecuada
Vega Alta,1985-1989,2,78.15985935324002,78.37767499572178,77.2048764259192,79.35214727428738,Estimación adecuada
Vega Alta,1990-1994,1,70.24052329679134,70.82989196738889,69.96626613063944,71.94365936252197,Estimación adecuada
Vega Alta,1990-1994,2,79.51462054686016,79.5011013860364,78.08915235872627,80.60684412657322,Estimación adecuada
Vega Alta,1995-1999,1,71.54816531304111,71.83332489657917,70.86291383642538,73.01161340401256,Estimación adecuada
Vega Alta,1995-1999,2,79.34051049480365,79.48784266434197,78.43363605483766,80.94294824301974,Estimación adecuada
Vega Alta,2000-2004,1,74.10875011525926,74.14912110426746,72.98930343834611,75.29436308799593,Estimación adecuada
Vega Alta,2000-2004,2,81.98636550598057,81.7674330013113,80.85732805186598,83.13461034715024,Estimación adecuada
Vega Alta,2005-2009,1,74.49742104581102,74.77682104482062,73.91023686879416,75.76849826604752,Estimación adecuada
Vega Alta,2005-2009,2,82.79578771576239,82.51277811054922,81.13314719758131,83.56261721482582,Estimación adecuada
Vega Alta,2010-2014,1,76.95585105473053,76.7473313151385,75.77055306217574,77.64408238683446,Estimación adecuada
Vega Alta,2010-2014,2,84.70771205138385,84.2020420091803,83.0089556500707,85.30648244994254,Estimación adecuada
Vega Alta,2015-2019,1,79.09002086085074,78.58288709230976,77.58780775290782,79.75614456963338,Estimación adecuada
Vega Alta,2015-2019,2,84.78023321458953,84.79814081651926,83.54114413101149,85.73357380213906,Estimación adecuada
Vega Alta,2020-2024,1,79.13203080104806,78.83977354662048,77.65187101993638,80.12326339534545,Estimación adecuada
Vega Alta,2020-2024,2,86.55489338482076,85.94061977229356,84.64667239913086,87.59830712735724,Estimación adecuada
Vega Baja,1980-1984,1,72.17472574689376,71.85538103435245,71.12684999042898,72.80840275555096,Estimación adecuada
Vega Baja,1980-1984,2,77.4559969407079,77.08553382378258,76.2560231330585,78.18632972604578,Estimación adecuada
Vega Baja,1985-1989,1,71.32919645334727,71.33540500837022,70.51072654734322,72.30104484693365,Estimación adecuada
Vega Baja,1985-1989,2,78.37255208308184,78.28511999448622,77.3585072780211,79.21623777718744,Estimación adecuada
Vega Baja,1990-1994,1,69.34239102427848,69.72393203698272,68.8327579300066,70.56928151854447,Estimación adecuada
Vega Baja,1990-1994,2,79.817128530258,79.51106897118825,78.543233335691,80.60748596978362,Estimación adecuada
Vega Baja,1995-1999,1,69.80129928554581,70.16351545785912,69.26895601446512,70.83887640829671,Estimación adecuada
Vega Baja,1995-1999,2,78.73855584436625,78.42673693288305,77.7228280186686,79.32171975036509,Estimación adecuada
Vega Baja,2000-2004,1,71.71281396652603,72.01642942125835,71.24155331990478,72.84131826030136,Estimación adecuada
Vega Baja,2000-2004,2,80.83940501884719,80.33417224307148,79.4671029457163,81.31051513757171,Estimación adecuada
Vega Baja,2005-2009,1,73.49107576558887,73.74193754071217,72.8646748506608,74.42333181102163,Estimación adecuada
Vega Baja,2005-2009,2,81.56225378359265,81.4077377637131,80.46410258800626,82.38119602618934,Estimación adecuada
Vega Baja,2010-2014,1,75.67293352681041,75.5897109971562,74.8172600331587,76.38377406081564,Estimación adecuada
Vega Baja,2010-2014,2,82.83225536608914,82.40115401830619,81.56668160706579,83.22713763796362,Estimación adecuada
Vega Baja,2015-2019,1,77.17186219895375,76.94096527869134,76.20421061569628,77.68419408431049,Estimación adecuada
Vega Baja,2015-2019,2,85.55300741129905,85.18922268833562,84.30761847299931,86.25847839021273,Estimación adecuada
Vega Baja,2020-2024,1,76.1343018706242,76.59139246642414,75.74587401192454,77.47549839494998,Estimación adecuada
Vega Baja,2020-2024,2,85.01178406884422,84.38337855121213,83.55736006014335,85.39581522960509,Estimación adecuada
Vieques,1980-1984,1,68.44199950691872,69.30694413661581,67.89827016149134,70.72997609297735,Estimación adecuada
Vieques,1980-1984,2,79.82881030409467,77.10348368772105,75.83191378435116,78.9637877336726,< e0 observado
Vieques,1985-1989,1,68.91887213110078,69.08329821928172,67.50513058046096,70.62987690285301,Estimación adecuada
Vieques,1985-1989,2,76.64055553721266,76.99562030241083,75.57627658659649,78.75487472815034,Estimación adecuada
Vieques,1990-1994,1,70.56388701195755,69.86443569938831,68.55719933277277,71.3716180421796,Estimación adecuada
Vieques,1990-1994,2,75.61141239304688,76.73052673314206,75.16676357883267,78.46432953038013,Estimación adecuada
Vieques,1995-1999,1,67.1661520645474,68.78878473563896,67.48477002660167,70.06340135190624,> e0 observado
Vieques,1995-1999,2,77.66760098100364,77.95519563439332,76.73214711492177,79.52376904872133,Estimación adecuada
Vieques,2000-2004,1,71.06219249587082,71.58005733830494,70.36169705015296,72.97563015193643,Estimación adecuada
Vieques,2000-2004,2,79.94564055883934,79.88622126786987,78.41072408985721,81.63802018862359,Estimación adecuada
Vieques,2005-2009,1,71.86562241202773,72.73751911035919,71.57770534812164,74.07207575723137,Estimación adecuada
Vieques,2005-2009,2,82.1662176624026,81.31409266713656,79.7271744946918,83.59789689353667,Estimación adecuada
Vieques,2010-2014,1,72.38693885614644,74.43918713882141,73.06869188739067,76.10761321340138,> e0 observado
Vieques,2010-2014,2,82.20083674525317,82.33949366778161,80.76998238452529,84.22883131864714,Estimación adecuada
Vieques,2015-2019,1,75.48771486205818,76.18569442480565,74.75910642944768,78.20509114467153,Estimación adecuada
Vieques,2015-2019,2,85.60400958844578,84.3224294398423,82.36090259367194,86.49705977630875,Estimación adecuada
Vieques,2020-2024,1,70.30670126441383,75.25104767068129,73.24403182860723,76.58700227198415,> e0 observado
Vieques,2020-2024,2,82.77316856062777,82.7723170459449,81.38528075659384,84.49335105321273,Estimación adecuada
Villalba,1980-1984,1,71.31481633801816,71.67476668773628,70.2856773057529,73.09777017035049,Estimación adecuada
Villalba,1980-1984,2,77.35744616187003,77.97562251546697,76.80599572347269,79.47918719771991,Estimación adecuada
Villalba,1985-1989,1,70.6812298941124,71.12706806742813,70.00009759415289,72.18654313371272,Estimación adecuada
Villalba,1985-1989,2,78.13907330956457,78.31802074024995,77.10461923305967,79.59104311919927,Estimación adecuada
Villalba,1990-1994,1,72.3498469286644,71.70614294570325,70.80213946294424,72.6690816706983,Estimación adecuada
Villalba,1990-1994,2,79.32972359168376,79.04977695970894,77.82604856796755,80.25463099075482,Estimación adecuada
Villalba,1995-1999,1,74.12665072351581,72.69260700714767,71.80778190523557,73.78597676036904,< e0 observado
Villalba,1995-1999,2,79.94095261032773,79.71653447813226,78.44341442058348,80.99435129433758,Estimación adecuada
Villalba,2000-2004,1,75.24588138203707,74.73968367600327,73.76289075868445,75.86725249832614,Estimación adecuada
Villalba,2000-2004,2,81.24189158745828,80.85017003905247,80.06922141461524,82.15819050259392,Estimación adecuada
Villalba,2005-2009,1,75.22194783512565,75.03858375180803,74.06469384416724,76.14504839825241,Estimación adecuada
Villalba,2005-2009,2,82.367985821704,82.37996460846385,81.04194486097626,83.69548094897377,Estimación adecuada
Villalba,2010-2014,1,77.8383761040004,76.87103261834598,76.12111709727007,77.78402515966701,< e0 observado
Villalba,2010-2014,2,82.38109633625453,82.67224522399451,81.34437922271414,84.19395990989352,Estimación adecuada
Villalba,2015-2019,1,77.83504649286682,77.57049961461061,76.55263478589796,78.6400349113436,Estimación adecuada
Villalba,2015-2019,2,84.05820533092681,84.03644684926174,82.77087483987407,85.29440597011398,Estimación adecuada
Villalba,2020-2024,1,77.24232552482839,77.09472552928858,76.07308913592642,78.39332488955463,Estimación adecuada
Villalba,2020-2024,2,85.36972299365041,85.24401848720396,83.94183241689129,86.726724501013,Estimación adecuada
Yabucoa,1980-1984,1,71.13885114874819,71.3187667023351,69.93225461441563,72.2362937604679,Estimación adecuada
Yabucoa,1980-1984,2,77.69784172893796,77.57108706870955,76.74649003250282,79.03924250719376,Estimación adecuada
Yabucoa,1985-1989,1,71.6497165141789,71.81426164396359,70.84978074050028,72.6027322422266,Estimación adecuada
Yabucoa,1985-1989,2,78.71247157491743,78.45314824960337,77.3830135319933,79.59057355551464,Estimación adecuada
Yabucoa,1990-1994,1,72.18368470754862,71.80175858193066,71.02492726747653,72.60964984938286,Estimación adecuada
Yabucoa,1990-1994,2,78.65582186258791,78.52956686264031,77.58195666661766,79.58429503744743,Estimación adecuada
Yabucoa,1995-1999,1,70.61759581589234,70.95130155582669,70.13256801835928,71.9617858825578,Estimación adecuada
Yabucoa,1995-1999,2,79.25053941807832,79.02367908434866,78.15568477659353,80.1153720987185,Estimación adecuada
Yabucoa,2000-2004,1,74.67500524731325,74.43021839441454,73.46162157366005,75.35227115119389,Estimación adecuada
Yabucoa,2000-2004,2,81.74191284227646,81.48501791978049,80.49298002405081,82.7626708919225,Estimación adecuada
Yabucoa,2005-2009,1,74.52109913218256,74.8203166375244,73.8470375433563,75.52799646869028,Estimación adecuada
Yabucoa,2005-2009,2,83.07308125246723,82.68339604060742,81.51248432579334,84.16322087580478,Estimación adecuada
Yabucoa,2010-2014,1,75.57434879024864,76.04357068061947,74.9820372038857,76.9467565244804,Estimación adecuada
Yabucoa,2010-2014,2,82.0382545268585,82.45997152722896,81.38101796234875,83.5656917232953,Estimación adecuada
Yabucoa,2015-2019,1,77.58753133123862,78.1202224465608,77.18773493714406,79.29074985348967,Estimación adecuada
Yabucoa,2015-2019,2,86.1265699532434,85.62089568656509,84.34813604986417,87.80102418519299,Estimación adecuada
Yabucoa,2020-2024,1,75.78194920338815,77.12140139446726,76.18376224584935,77.86190396833365,> e0 observado
Yabucoa,2020-2024,2,85.25611674355481,84.96340010488066,83.75043205419647,85.81528529939945,Estimación adecuada
Yauco,1980-1984,1,71.51456720078431,71.06748242295328,70.12132754889112,71.94612895893874,Estimación adecuada
Yauco,1980-1984,2,77.4589640282646,77.39823031209198,76.46505263473395,78.700870330132,Estimación adecuada
Yauco,1985-1989,1,69.95040254168732,70.11643258449212,69.2381373693718,71.17118457859719,Estimación adecuada
Yauco,1985-1989,2,77.60208552265917,77.43501693319948,76.59392764367325,78.37645661591885,Estimación adecuada
Yauco,1990-1994,1,71.7335324052013,71.30183168790896,70.49176680646016,72.03285090736782,Estimación adecuada
Yauco,1990-1994,2,78.49054698828598,78.20844161316712,77.45042801519193,79.15165159390381,Estimación adecuada
Yauco,1995-1999,1,72.03051290197796,71.66621472432294,70.8322603503508,72.37634962122024,Estimación adecuada
Yauco,1995-1999,2,79.29391771380651,78.76470876354938,77.9091949645794,79.48021156313686,Estimación adecuada
Yauco,2000-2004,1,72.97803149863371,72.98676287315891,72.00056773189577,73.64254645461304,Estimación adecuada
Yauco,2000-2004,2,79.24854846213276,79.3901847197113,78.5185895474522,80.14401927754488,Estimación adecuada
Yauco,2005-2009,1,73.24138587908658,73.6094242673494,72.6532424957363,74.46941896276346,Estimación adecuada
Yauco,2005-2009,2,80.5594161821005,80.69550125198063,79.86860563889324,81.42528674347021,Estimación adecuada
Yauco,2010-2014,1,75.57887719653512,75.62686550563824,74.82930317307103,76.43345243637549,Estimación adecuada
Yauco,2010-2014,2,81.76032266455593,81.85236053807384,81.00864735342375,82.84899558913483,Estimación adecuada
Yauco,2015-2019,1,77.43223226793361,77.17935336007523,76.27482323549908,78.21630319908255,Estimación adecuada
Yauco,2015-2019,2,82.51620418595085,83.17238125700874,82.52248809930535,84.5366560893987,> e0 observado
Yauco,2020-2024,1,75.94482006846164,76.39879661386418,75.48105473692888,77.438806706338,Estimación adecuada
Yauco,2020-2024,2,83.86986937855978,83.34919731417222,82.45226264919239,84.05613541229712,Estimación adecuada
