region,period,sex,e0_observado,e0_estimado,e0_lower,e0_upper,est_eval
Adjuntas,1980-1984,1,72.54189508802463,72.25343697700879,71.35610699551938,73.31256188296979,Estimación adecuada
Adjuntas,1980-1984,2,78.96516925394144,78.77378672784846,77.59574754437969,80.21304818399139,Estimación adecuada
Adjuntas,1985-1989,1,70.84999061728885,71.689216945136,70.37085275695955,72.7197989824275,Estimación adecuada
Adjuntas,1985-1989,2,78.97855761762072,78.96160432264058,78.02288559377068,80.3324669174643,Estimación adecuada
Adjuntas,1990-1994,1,71.49310954038985,71.50910087354555,70.51572563101718,72.55068288411535,Estimación adecuada
Adjuntas,1990-1994,2,77.88047658335911,78.61450554509287,77.33175061217638,80.03934777101946,Estimación adecuada
Adjuntas,1995-1999,1,71.91080703113897,72.03243257653045,70.82941819037038,73.38951734870153,Estimación adecuada
Adjuntas,1995-1999,2,78.53770419818306,78.86832145548085,77.76285859863498,80.12013167989475,Estimación adecuada
Adjuntas,2000-2004,1,74.0807006063416,73.89114225414426,72.71062260412164,74.8357908985223,Estimación adecuada
Adjuntas,2000-2004,2,79.50851081175084,79.98706942128322,78.7927608648919,81.03837815077168,Estimación adecuada
Adjuntas,2005-2009,1,77.13413877724005,75.93570300386118,74.76664440031826,77.4275774899137,Estimación adecuada
Adjuntas,2005-2009,2,82.23262377887984,82.26293806810547,80.72397822037932,83.52835608781139,Estimación adecuada
Adjuntas,2010-2014,1,78.0170892039493,76.93383300824871,76.02116023692557,77.9460154358758,< e0 observado
Adjuntas,2010-2014,2,84.37542750420445,83.7542241867705,82.2811904027738,85.27896184834405,Estimación adecuada
Adjuntas,2015-2019,1,80.07122326396828,79.60503901134983,78.4260132681467,80.91682862220944,Estimación adecuada
Adjuntas,2015-2019,2,84.75780508868199,85.17048982118587,83.58718657488149,86.63987189945037,Estimación adecuada
Adjuntas,2020-2024,1,80.09050176489524,79.1898158916093,78.04783479619245,80.3925935466137,Estimación adecuada
Adjuntas,2020-2024,2,87.03883394524668,86.17165922962954,84.47551155650179,87.98849644836903,Estimación adecuada
Aguada,1980-1984,1,73.2175687853255,73.0954016604444,71.77629592093247,74.11786676494411,Estimación adecuada
Aguada,1980-1984,2,76.66307974738103,77.63068904655489,76.7686291705273,78.99917661691306,> e0 observado
Aguada,1985-1989,1,73.21396709192831,73.0333644814098,72.19065840481963,73.94937880683358,Estimación adecuada
Aguada,1985-1989,2,77.70261010174512,77.96887829574587,76.87264049785952,78.90743364830982,Estimación adecuada
Aguada,1990-1994,1,73.47166304966473,73.00365919509319,71.87705060562564,74.04351161865924,Estimación adecuada
Aguada,1990-1994,2,79.56472305278581,79.38708086637763,78.37377682182205,80.53063623440167,Estimación adecuada
Aguada,1995-1999,1,72.96139718811193,72.61330442682684,71.76214051182782,73.76982435008634,Estimación adecuada
Aguada,1995-1999,2,78.42598214583917,78.41328674108544,77.53018626076307,79.49032981399753,Estimación adecuada
Aguada,2000-2004,1,75.7731265619719,75.14048859112748,74.14020546805318,76.10573545504838,Estimación adecuada
Aguada,2000-2004,2,80.35987918975404,80.38817138471816,79.3141947690871,81.3021602157513,Estimación adecuada
Aguada,2005-2009,1,77.6139364553716,76.60029970934227,75.6985567907953,77.53882834134072,< e0 observado
Aguada,2005-2009,2,81.487501570255,81.42860387433763,80.4165577764318,82.47623971103839,Estimación adecuada
Aguada,2010-2014,1,77.3081065450094,76.90348416790835,76.14469678265039,77.84734915541861,Estimación adecuada
Aguada,2010-2014,2,83.93649978812951,83.48855363527835,82.57800808856678,84.69698677888037,Estimación adecuada
Aguada,2015-2019,1,80.17632385200217,79.24424953776727,78.18598880909786,80.3769898213876,Estimación adecuada
Aguada,2015-2019,2,84.88514363026218,84.77740107957331,83.99789017369201,86.08878970198207,Estimación adecuada
Aguada,2020-2024,1,78.78968559483442,78.20398417935262,77.14449191385899,79.02451830867442,Estimación adecuada
Aguada,2020-2024,2,83.87729580688905,83.97288785753386,83.02460461728947,85.15703280703092,Estimación adecuada
Aguadilla,1980-1984,1,71.00678071372081,71.08116323496496,70.33559413591368,71.84232793732622,Estimación adecuada
Aguadilla,1980-1984,2,77.48535658677463,77.22754751258101,76.3898792051685,77.97499231293278,Estimación adecuada
Aguadilla,1985-1989,1,70.58561267446154,70.67218999106964,69.86716203060496,71.5155192980387,Estimación adecuada
Aguadilla,1985-1989,2,77.65780206154783,77.5496243223243,76.86547784729281,78.3995139371342,Estimación adecuada
Aguadilla,1990-1994,1,70.88482346377512,70.82846244822713,70.05357315143512,71.56003846159854,Estimación adecuada
Aguadilla,1990-1994,2,77.99785568547416,77.83375585433333,77.12145708710474,78.6983903548255,Estimación adecuada
Aguadilla,1995-1999,1,70.78010378855268,70.70524171431795,70.13686813066141,71.40271801985438,Estimación adecuada
Aguadilla,1995-1999,2,78.16686736979354,77.94141156621467,77.35336813905838,78.7916449677735,Estimación adecuada
Aguadilla,2000-2004,1,73.78276571753028,73.35471764038083,72.69802475160654,74.1347929684612,Estimación adecuada
Aguadilla,2000-2004,2,80.45198774138778,80.01665478128946,79.27553333249482,80.84378887645238,Estimación adecuada
Aguadilla,2005-2009,1,74.34368140644376,74.05095025918331,73.17107125287336,74.90931600336012,Estimación adecuada
Aguadilla,2005-2009,2,81.18616231865005,80.79806227756872,79.9990957672967,81.64055340397996,Estimación adecuada
Aguadilla,2010-2014,1,76.10575530196566,75.61574744702642,74.77212073834212,76.29949515912341,Estimación adecuada
Aguadilla,2010-2014,2,81.66758711742574,81.55481328571038,80.75561129356063,82.627627779768,Estimación adecuada
Aguadilla,2015-2019,1,77.5014617746831,76.94694161449118,76.07194487870069,77.85634118750616,Estimación adecuada
Aguadilla,2015-2019,2,82.99395073109925,83.3983347384578,82.61931801801566,84.35674805820076,Estimación adecuada
Aguadilla,2020-2024,1,76.52156602867669,76.51173200063877,75.7567293052538,77.23131669408843,Estimación adecuada
Aguadilla,2020-2024,2,83.20736033493193,83.38306509776433,82.47088670444796,84.2389992556489,Estimación adecuada
Aguas Buenas,1980-1984,1,70.9060601893331,71.53129905921196,70.59517406831901,72.74269318256385,Estimación adecuada
Aguas Buenas,1980-1984,2,79.20230439846388,78.80620104213926,77.68240725764646,80.05225004095496,Estimación adecuada
Aguas Buenas,1985-1989,1,71.73217429810381,72.0094739020208,70.8105653880778,73.09974166423295,Estimación adecuada
Aguas Buenas,1985-1989,2,78.66666240443578,78.63277259320367,77.68180021057408,80.2130079181771,Estimación adecuada
Aguas Buenas,1990-1994,1,71.9040754109389,71.98788328681462,70.90968246876102,72.94850222644035,Estimación adecuada
Aguas Buenas,1990-1994,2,82.01930667891538,80.73263155084697,79.49736776950175,82.67862341722137,Estimación adecuada
Aguas Buenas,1995-1999,1,72.03242058667273,72.04629812669987,71.23415121131376,73.04056104189678,Estimación adecuada
Aguas Buenas,1995-1999,2,79.29741471606215,79.13778032682464,77.94854264388178,80.22836519306598,Estimación adecuada
Aguas Buenas,2000-2004,1,74.50847723417229,74.43764797794896,73.46417248062806,75.61442492993044,Estimación adecuada
Aguas Buenas,2000-2004,2,81.53307661620572,81.40809335626116,80.25325915161602,82.4102894994165,Estimación adecuada
Aguas Buenas,2005-2009,1,74.76751879253902,75.2654196256257,74.27582581579955,76.34657971379232,Estimación adecuada
Aguas Buenas,2005-2009,2,83.74825554704383,83.65027674791247,82.16950326935293,85.27443878545927,Estimación adecuada
Aguas Buenas,2010-2014,1,77.07874986678003,77.4122378385641,76.36136465784841,78.8325849480011,Estimación adecuada
Aguas Buenas,2010-2014,2,83.69043751017024,83.75453155118713,82.82402667742159,85.23836295142286,Estimación adecuada
Aguas Buenas,2015-2019,1,77.12363910638715,78.17285657875861,76.96043155926505,79.13170503143832,Estimación adecuada
Aguas Buenas,2015-2019,2,86.87058779798109,85.99666176799612,84.66386707895853,87.73848769522682,Estimación adecuada
Aguas Buenas,2020-2024,1,77.71291412855061,78.06349379895163,76.63803342211898,79.20813461849932,Estimación adecuada
Aguas Buenas,2020-2024,2,86.01372227536957,85.38782391481635,84.12397506741516,86.4594073208544,Estimación adecuada
Aibonito,1980-1984,1,71.20727896829324,71.717118300463,70.48892275455887,72.89250784515261,Estimación adecuada
Aibonito,1980-1984,2,78.10148160174786,78.25913091457406,76.9986069598569,79.24569884798962,Estimación adecuada
Aibonito,1985-1989,1,70.93804632594708,71.35383494036135,70.14067666865284,72.4669190780872,Estimación adecuada
Aibonito,1985-1989,2,79.48839408130232,79.24372080708255,77.97186455260811,80.57795693446609,Estimación adecuada
Aibonito,1990-1994,1,72.7988506012683,72.44557092763026,71.28646176161246,73.65557133702396,Estimación adecuada
Aibonito,1990-1994,2,79.2040372973333,78.93938836266076,77.71969771259,80.02147139888373,Estimación adecuada
Aibonito,1995-1999,1,72.77760443633895,72.13698303038802,71.14019196951584,73.28021890146434,Estimación adecuada
Aibonito,1995-1999,2,79.65397963842348,79.49157440248769,78.5725521424144,80.45522555402361,Estimación adecuada
Aibonito,2000-2004,1,74.39460579414155,74.05434098656386,72.91195878211965,75.04769673773285,Estimación adecuada
Aibonito,2000-2004,2,80.67825254541816,80.68111660646139,79.52325092228503,81.89059721091087,Estimación adecuada
Aibonito,2005-2009,1,74.88960349978896,74.88487526482493,73.74294336719268,76.01981272928973,Estimación adecuada
Aibonito,2005-2009,2,81.30587533973025,81.20962507215137,80.2638791437235,82.26804966192921,Estimación adecuada
Aibonito,2010-2014,1,74.15371449624436,75.62928538780096,74.2544061917282,76.48994491714637,> e0 observado
Aibonito,2010-2014,2,82.83346667872438,82.83504135720173,81.72771466312074,84.1148658257482,Estimación adecuada
Aibonito,2015-2019,1,77.00855644451337,77.74145319079584,76.57662009202934,79.08728116375815,Estimación adecuada
Aibonito,2015-2019,2,83.92589167839914,84.413113477829,83.42547729961213,85.6438725089526,Estimación adecuada
Aibonito,2020-2024,1,79.62044145372404,79.17442673295213,78.06294813099132,80.3028192009919,Estimación adecuada
Aibonito,2020-2024,2,85.54801976071055,85.6178711765032,84.38697269225652,87.01952980942598,Estimación adecuada
Anasco,1980-1984,1,72.01460523472085,71.76106216652519,70.62132007601866,72.61508884752166,Estimación adecuada
Anasco,1980-1984,2,76.47877169471658,76.67233695475915,75.56850992869008,78.20991740624186,Estimación adecuada
Anasco,1985-1989,1,71.42888891874672,71.2887605661823,70.67124597181103,72.34206146008091,Estimación adecuada
Anasco,1985-1989,2,76.49626365968555,77.12455765573624,75.97981594146646,78.48267217388931,Estimación adecuada
Anasco,1990-1994,1,70.05228247802772,70.61273564362754,69.57203518252979,71.61943293539701,Estimación adecuada
Anasco,1990-1994,2,77.19464732684078,77.58541890523017,76.43403477437684,78.75625682512825,Estimación adecuada
Anasco,1995-1999,1,71.8503650088804,71.33810929668022,70.50829568361854,72.36438104070956,Estimación adecuada
Anasco,1995-1999,2,77.85360337047756,77.87409233247973,77.06450971549123,78.78656828800118,Estimación adecuada
Anasco,2000-2004,1,74.35938543935956,73.92028980455595,72.94155209506997,74.76160782259822,Estimación adecuada
Anasco,2000-2004,2,80.6361937434096,80.36905058818274,79.1520658719862,81.417646295413,Estimación adecuada
Anasco,2005-2009,1,76.96481061689505,75.72479407817123,74.59694885266164,76.85643126706192,< e0 observado
Anasco,2005-2009,2,82.18483587125668,81.66381314606618,80.4873794370736,83.29643254015411,Estimación adecuada
Anasco,2010-2014,1,76.38264162433823,75.90340517054581,74.73063086762758,76.99441892773001,Estimación adecuada
Anasco,2010-2014,2,83.0792504741019,82.82162634511671,81.80768612840424,84.22091240289556,Estimación adecuada
Anasco,2015-2019,1,78.19758272547156,77.69523993635741,76.72319794798773,78.70682726029361,Estimación adecuada
Anasco,2015-2019,2,85.54315717152748,84.90231702774703,83.8158118007936,86.00831066458677,Estimación adecuada
Anasco,2020-2024,1,77.16064670152906,77.50954898055801,76.44094968393347,78.49375409432668,Estimación adecuada
Anasco,2020-2024,2,83.21756305986028,84.23554169519312,82.8612290893773,85.47029952378081,Estimación adecuada
Arecibo,1980-1984,1,70.94822313738123,70.92071722957174,70.4286759052656,71.44660355568774,Estimación adecuada
Arecibo,1980-1984,2,77.54900544750468,77.3092698949004,76.60710591929308,78.09016245011951,Estimación adecuada
Arecibo,1985-1989,1,70.27186805457086,70.41644777531658,69.73978835691801,71.01576217722028,Estimación adecuada
Arecibo,1985-1989,2,77.07511338664264,77.17428738310153,76.44485437662553,77.62211892362996,Estimación adecuada
Arecibo,1990-1994,1,70.7566402122555,70.6963768229176,70.09440598316411,71.41006138586746,Estimación adecuada
Arecibo,1990-1994,2,77.82525476262934,77.81406181149981,77.13627456058421,78.57419005193844,Estimación adecuada
Arecibo,1995-1999,1,70.42422951948053,70.52200437727353,69.89074290285093,71.03767182343614,Estimación adecuada
Arecibo,1995-1999,2,77.67805190763367,77.72922971390675,77.11761468192361,78.18572619862935,Estimación adecuada
Arecibo,2000-2004,1,73.58677734329173,73.24825696245875,72.70450321203523,73.77618656335385,Estimación adecuada
Arecibo,2000-2004,2,80.17723082421405,79.87329347991685,79.29838079001547,80.41713423463244,Estimación adecuada
Arecibo,2005-2009,1,73.79746978285581,73.73847391165754,73.07831624820423,74.23856586753632,Estimación adecuada
Arecibo,2005-2009,2,80.99120726198103,80.64457394075905,80.03646458142339,81.31157171866994,Estimación adecuada
Arecibo,2010-2014,1,75.7499952369095,75.63281778516267,75.10694656077551,76.25627507988992,Estimación adecuada
Arecibo,2010-2014,2,81.99729917976788,81.70916099871337,81.12057264700425,82.32782496841352,Estimación adecuada
Arecibo,2015-2019,1,77.47760291858165,77.37461993611936,76.63654146907234,77.96075049043196,Estimación adecuada
Arecibo,2015-2019,2,84.62096334942434,84.30519132030982,83.64468437956697,84.93164302029334,Estimación adecuada
Arecibo,2020-2024,1,77.03404417797987,76.80840173984492,76.1032008503436,77.37989726784579,Estimación adecuada
Arecibo,2020-2024,2,83.99392652816302,83.62890025355226,83.01469047559746,84.37082423505046,Estimación adecuada
Arroyo,1980-1984,1,69.26197243419952,69.7429226664372,68.59075332506532,71.06408780293543,Estimación adecuada
Arroyo,1980-1984,2,77.70227943996014,77.64844053703773,76.37376985967333,78.9053686401262,Estimación adecuada
Arroyo,1985-1989,1,69.06544938666637,69.67711849939344,68.74362712472751,70.8689216688771,Estimación adecuada
Arroyo,1985-1989,2,76.53547803214356,76.68149434693547,75.5915462553628,77.81557380098454,Estimación adecuada
Arroyo,1990-1994,1,69.467701272295,69.75524616790119,68.68807821720144,70.97102779211616,Estimación adecuada
Arroyo,1990-1994,2,79.1638940521351,78.26157603232141,77.2839034781224,79.70655484545517,Estimación adecuada
Arroyo,1995-1999,1,69.35840651861476,69.8271653465004,68.92076974870093,71.01100844639917,Estimación adecuada
Arroyo,1995-1999,2,77.98473955428868,77.63797088957995,76.49482502830763,78.65084177603009,Estimación adecuada
Arroyo,2000-2004,1,72.46263355278661,72.51132542031459,71.31133235355392,74.0481891827558,Estimación adecuada
Arroyo,2000-2004,2,79.49462438506767,79.65983009507187,78.38654450645922,80.81958014535863,Estimación adecuada
Arroyo,2005-2009,1,73.52924324703847,73.67581128987361,72.43463340012008,74.70080415736103,Estimación adecuada
Arroyo,2005-2009,2,81.55925566302211,80.93367892045376,79.79752746098688,82.29431005296905,Estimación adecuada
Arroyo,2010-2014,1,73.74855783813933,74.37192003877917,73.44283190092895,75.50449475694381,Estimación adecuada
Arroyo,2010-2014,2,82.70095569618667,82.21596186571612,81.12434807013474,83.7488333603901,Estimación adecuada
Arroyo,2015-2019,1,74.8566557237882,76.2672924092326,74.99062582067339,77.59620491246432,> e0 observado
Arroyo,2015-2019,2,83.0866067343545,83.59525262585771,81.9145018003682,84.86472163495836,Estimación adecuada
Arroyo,2020-2024,1,77.15040742709186,76.79111878990759,75.2642842097398,78.39496059300204,Estimación adecuada
Arroyo,2020-2024,2,82.07042233229612,83.2650491881297,81.68637746979812,84.51662591772245,Estimación adecuada
Barceloneta,1980-1984,1,69.54208697130086,70.73854913600354,69.42085382664382,72.00422626167467,Estimación adecuada
Barceloneta,1980-1984,2,77.15945709054438,77.37537960441703,76.09048904270861,79.03620435635004,Estimación adecuada
Barceloneta,1985-1989,1,72.20256138308129,71.96827627285266,70.96324762709277,73.30787300540548,Estimación adecuada
Barceloneta,1985-1989,2,78.86869640220178,78.64289125340025,77.56982963847481,80.59521064613719,Estimación adecuada
Barceloneta,1990-1994,1,71.82801102859922,71.17309336480426,69.8293323922546,72.52216644551521,Estimación adecuada
Barceloneta,1990-1994,2,79.79778456534827,79.42917188161391,78.2950523218683,81.18036098214306,Estimación adecuada
Barceloneta,1995-1999,1,69.62763398284126,70.51069476537258,69.368444085471,71.72594556097559,Estimación adecuada
Barceloneta,1995-1999,2,78.30155980616671,78.45656264711013,77.24899351019735,79.70066108967788,Estimación adecuada
Barceloneta,2000-2004,1,74.25217285421826,73.62180830651806,72.61725361374124,74.84049243752428,Estimación adecuada
Barceloneta,2000-2004,2,80.98566728548113,80.2036740667015,79.19979932370187,81.6750787535095,Estimación adecuada
Barceloneta,2005-2009,1,75.14771749617947,74.88660419842319,73.76141773786264,75.8609750802204,Estimación adecuada
Barceloneta,2005-2009,2,83.11601404161499,82.36240224807474,80.9357193880813,83.84803970537922,Estimación adecuada
Barceloneta,2010-2014,1,75.38250616989667,75.59940945324716,74.56463173789803,76.5625487402151,Estimación adecuada
Barceloneta,2010-2014,2,83.08358460781069,82.57958155430252,81.70857969523463,83.99600334712032,Estimación adecuada
Barceloneta,2015-2019,1,79.11645760546239,77.95191852664783,76.83416603749404,78.92223191211528,< e0 observado
Barceloneta,2015-2019,2,85.56404930901091,85.02699216067396,83.71635395700221,86.43250236018538,Estimación adecuada
Barceloneta,2020-2024,1,75.82195956003592,75.86286588448787,75.1354418907468,77.0120255253575,Estimación adecuada
Barceloneta,2020-2024,2,84.21378427386206,84.42053619593437,83.35099165238817,85.78310936279823,Estimación adecuada
Barranquitas,1980-1984,1,71.33876197975141,71.58683361867884,70.59619680049093,72.79225305314341,Estimación adecuada
Barranquitas,1980-1984,2,77.30531169649653,77.79534755538013,76.53011470731974,78.91242120298637,Estimación adecuada
Barranquitas,1985-1989,1,71.51414892357278,71.65332237539425,70.55000673122501,72.4709980032782,Estimación adecuada
Barranquitas,1985-1989,2,77.76964050663393,78.11320214219086,76.87050624717993,79.42063566782458,Estimación adecuada
Barranquitas,1990-1994,1,70.61622752203239,71.1565676950078,70.19213439265911,72.44331490517722,Estimación adecuada
Barranquitas,1990-1994,2,80.19038720696513,79.69247341665573,78.59442432639052,80.6982958198044,Estimación adecuada
Barranquitas,1995-1999,1,71.30535167741402,71.13488397028422,70.13256195258937,72.040197404719,Estimación adecuada
Barranquitas,1995-1999,2,77.36809189145215,78.08179132268104,77.06769281176754,79.18330663884208,Estimación adecuada
Barranquitas,2000-2004,1,73.94139576064687,73.928224367839,72.90205109631479,74.84956860113846,Estimación adecuada
Barranquitas,2000-2004,2,80.92303201880848,81.0479127661226,79.880073716574,82.27738701286083,Estimación adecuada
Barranquitas,2005-2009,1,75.7544247310515,75.36938058132134,74.19599619453908,76.64514094043767,Estimación adecuada
Barranquitas,2005-2009,2,83.34321773527964,83.00739053295038,81.64720428845283,84.57537100765681,Estimación adecuada
Barranquitas,2010-2014,1,75.82434696179858,75.8688278590887,74.74651872995676,76.99075627118575,Estimación adecuada
Barranquitas,2010-2014,2,83.19916348644448,83.04087936451936,82.0726217216579,84.58491345477225,Estimación adecuada
Barranquitas,2015-2019,1,78.70088384920705,78.14572716671691,77.13996545705606,79.21279827266795,Estimación adecuada
Barranquitas,2015-2019,2,86.1569793140704,85.68970280758012,84.18030856113155,87.27312374343086,Estimación adecuada
Barranquitas,2020-2024,1,77.70140580259377,77.78320354574238,76.55525592139287,79.00613090190747,Estimación adecuada
Barranquitas,2020-2024,2,85.89659093832063,85.68797804928596,84.406956250746,87.20043068243831,Estimación adecuada
Bayamon,1980-1984,1,72.04514701418194,72.05119307821604,71.58689732323168,72.56951388372408,Estimación adecuada
Bayamon,1980-1984,2,78.18054324807127,78.01637333840999,77.56158501307324,78.4759057244551,Estimación adecuada
Bayamon,1985-1989,1,71.5983747916107,71.64530123791774,71.1910608434575,72.0607569860882,Estimación adecuada
Bayamon,1985-1989,2,79.53402783138928,79.31978935608636,78.8680090352937,79.66517330051495,Estimación adecuada
Bayamon,1990-1994,1,69.4013098024391,69.67718704901692,69.24477356527248,70.1253658458021,Estimación adecuada
Bayamon,1990-1994,2,79.99809814237119,79.86460747645225,79.29714203996562,80.28607360884655,Estimación adecuada
Bayamon,1995-1999,1,70.77177966925491,70.9566902442401,70.46436050003447,71.35095215941487,Estimación adecuada
Bayamon,1995-1999,2,79.73301230251936,79.70940279592435,79.27485700248094,80.33268478452314,Estimación adecuada
Bayamon,2000-2004,1,73.5738231086305,73.60106744444687,73.1732708179451,74.08121197725012,Estimación adecuada
Bayamon,2000-2004,2,81.70891995330638,81.65550096969478,81.14013252576737,82.10961461704812,Estimación adecuada
Bayamon,2005-2009,1,74.78989094750837,74.78900072597634,74.39855401226993,75.28740964968311,Estimación adecuada
Bayamon,2005-2009,2,82.81400991090649,82.71991878494228,82.05049025430694,83.16337014534665,Estimación adecuada
Bayamon,2010-2014,1,76.39050901350164,76.38721547361217,75.89350962130807,76.89966604572975,Estimación adecuada
Bayamon,2010-2014,2,84.21195413174073,84.05352553259667,83.43538959621401,84.49602094891328,Estimación adecuada
Bayamon,2015-2019,1,77.4241342974101,77.51355121283515,76.90106841535034,78.03110367340365,Estimación adecuada
Bayamon,2015-2019,2,85.53635487807954,85.2409183640273,84.74097689623112,85.85670071761805,Estimación adecuada
Bayamon,2020-2024,1,76.28240347769595,76.27072592272393,75.8397287226691,76.872332156715,Estimación adecuada
Bayamon,2020-2024,2,85.66531677680673,85.58808171492538,84.91823398737733,86.1864323321627,Estimación adecuada
Cabo Rojo,1980-1984,1,72.39724763936692,72.60716804166117,71.62646160739328,73.53916250119092,Estimación adecuada
Cabo Rojo,1980-1984,2,77.54158683750231,77.53599049489486,76.74001830846663,78.51125299353546,Estimación adecuada
Cabo Rojo,1985-1989,1,73.0487252974488,73.01663519397499,72.02057120592983,74.10061421946219,Estimación adecuada
Cabo Rojo,1985-1989,2,79.23917112625598,78.86323335405814,78.1327480904448,79.869376336247,Estimación adecuada
Cabo Rojo,1990-1994,1,72.97925410251543,72.67674708842235,71.96456690487827,73.72881808945789,Estimación adecuada
Cabo Rojo,1990-1994,2,80.55409901002385,80.11384738384633,79.21601952953162,80.94022514781102,Estimación adecuada
Cabo Rojo,1995-1999,1,72.48815364764029,72.47425578835161,71.59822452123268,73.17436565577032,Estimación adecuada
Cabo Rojo,1995-1999,2,79.89647697006733,79.77519491946589,79.01343674383773,80.68589698007396,Estimación adecuada
Cabo Rojo,2000-2004,1,75.02839226790125,74.89874789971438,74.14664476786054,75.51499852743606,Estimación adecuada
Cabo Rojo,2000-2004,2,82.11872847252751,81.62433711447886,80.79054708877042,82.69239227491931,Estimación adecuada
Cabo Rojo,2005-2009,1,76.84328880547318,76.2039748661264,75.23970410171512,76.9310637832097,Estimación adecuada
Cabo Rojo,2005-2009,2,82.7883495500848,82.29071570729235,81.47858546144025,83.118671177285,Estimación adecuada
Cabo Rojo,2010-2014,1,75.75368420461353,76.10471104871363,75.41600726472711,76.97741942630621,Estimación adecuada
Cabo Rojo,2010-2014,2,83.42815115673008,83.67050793780928,82.8473727902531,84.58650018513998,Estimación adecuada
Cabo Rojo,2015-2019,1,79.78583423632398,79.42665046415027,78.61604193384443,80.34856448479232,Estimación adecuada
Cabo Rojo,2015-2019,2,84.21493107845924,84.49024312736667,83.75309797357207,85.39743874795082,Estimación adecuada
Cabo Rojo,2020-2024,1,79.36891590464816,79.35244320539891,78.43562344952764,80.22219169012817,Estimación adecuada
Cabo Rojo,2020-2024,2,84.78014352257735,84.64723881942109,83.90150851264922,85.57525763413778,Estimación adecuada
Caguas,1980-1984,1,71.72229204508375,71.74828164007474,71.2033189828889,72.2598409698877,Estimación adecuada
Caguas,1980-1984,2,78.48100883851102,78.3364622858314,77.64929716896282,79.07273878667002,Estimación adecuada
Caguas,1985-1989,1,70.39381171255258,70.42082077373297,69.92979097122472,71.03943567184916,Estimación adecuada
Caguas,1985-1989,2,79.24402800001288,79.08371788881273,78.3824021494228,79.73383542689066,Estimación adecuada
Caguas,1990-1994,1,68.8176451180551,69.11673088020328,68.52296733541186,69.69202961199275,Estimación adecuada
Caguas,1990-1994,2,78.64358444378482,78.51642700124034,78.09963697895265,79.12469175251584,Estimación adecuada
Caguas,1995-1999,1,69.69055735609852,69.91922305565112,69.44175148477292,70.44626514691845,Estimación adecuada
Caguas,1995-1999,2,79.65612948337659,79.51849513590878,78.91086984565251,80.1998048992933,Estimación adecuada
Caguas,2000-2004,1,73.107794927577,73.23051329904843,72.68791061373084,73.83276224708275,Estimación adecuada
Caguas,2000-2004,2,81.16770684291535,80.95312213248786,80.34068625474012,81.61338828320552,Estimación adecuada
Caguas,2005-2009,1,74.70961206827913,74.7044466197299,74.10416187168572,75.18686305740366,Estimación adecuada
Caguas,2005-2009,2,83.1696138038651,82.96325597656505,82.34924292591309,83.66276979733001,Estimación adecuada
Caguas,2010-2014,1,74.58554015299133,74.86626761989797,74.28365656864611,75.44191287228757,Estimación adecuada
Caguas,2010-2014,2,83.90600489563008,83.67858865898867,82.96021299535398,84.18481428994342,Estimación adecuada
Caguas,2015-2019,1,77.12465328076702,77.31182699684882,76.77474531136906,77.93336554972464,Estimación adecuada
Caguas,2015-2019,2,84.81913360231934,84.74587194007987,84.02205104695273,85.26134574172323,Estimación adecuada
Caguas,2020-2024,1,76.29588342135226,76.38752208947807,75.81199657231619,76.9952321331798,Estimación adecuada
Caguas,2020-2024,2,84.58890329073994,84.50054055110179,83.89321816734179,85.19779715689612,Estimación adecuada
Camuy,1980-1984,1,72.00953497661486,72.1092840718475,71.29432136104506,73.3424281264821,Estimación adecuada
Camuy,1980-1984,2,79.0481930632779,78.83672001898552,77.73770601667877,80.3496000972075,Estimación adecuada
Camuy,1985-1989,1,73.05563270338816,72.64189273580533,71.66241275105492,74.00880330427165,Estimación adecuada
Camuy,1985-1989,2,79.50251205629577,79.36103464346135,78.23810987458903,80.66708818270956,Estimación adecuada
Camuy,1990-1994,1,72.48592866320423,72.02421550637379,70.97343560877366,73.14392699173456,Estimación adecuada
Camuy,1990-1994,2,78.42074942707245,78.52727469334523,77.56607859145171,79.6481841822338,Estimación adecuada
Camuy,1995-1999,1,72.6730064081168,72.25369562833491,71.37576336752252,73.05890211543061,Estimación adecuada
Camuy,1995-1999,2,81.15887534595899,80.5270630384764,79.36933524464905,81.83355086915961,Estimación adecuada
Camuy,2000-2004,1,75.51776152008142,74.86828154718143,73.95412374690594,75.48665710180866,< e0 observado
Camuy,2000-2004,2,81.38049051623702,80.83406174932578,79.60762793162155,82.14944618160573,Estimación adecuada
Camuy,2005-2009,1,76.01134322923592,75.51989871994085,74.5501850975167,76.24173213684892,Estimación adecuada
Camuy,2005-2009,2,83.37764861657536,82.80661711709698,81.7517253516412,84.40097468686109,Estimación adecuada
Camuy,2010-2014,1,77.47114401608678,76.49797705000309,75.62311856089188,77.43583769969166,< e0 observado
Camuy,2010-2014,2,83.52117698878536,83.33291949516915,81.90007143419973,84.67937539575163,Estimación adecuada
Camuy,2015-2019,1,78.31044325410552,78.09654764438665,77.19246545227695,79.08619312261305,Estimación adecuada
Camuy,2015-2019,2,85.3683244262729,85.05675613853651,84.06743330606295,86.29913310054107,Estimación adecuada
Camuy,2020-2024,1,78.26146309261183,77.80503659356322,76.87360628697003,78.9215552042127,Estimación adecuada
Camuy,2020-2024,2,85.47114665413858,85.41966107955915,84.2508985217396,86.72034048578436,Estimación adecuada
Canovanas,1980-1984,1,73.2999178869587,72.07952571455763,71.0560182039824,73.14755850763476,< e0 observado
Canovanas,1980-1984,2,80.06188590433086,78.67614366903456,77.5966584518425,80.19586027699545,Estimación adecuada
Canovanas,1985-1989,1,71.61537365310774,71.41554869762666,70.31350034920337,72.26121822932745,Estimación adecuada
Canovanas,1985-1989,2,78.2476656338885,77.77955249118213,76.84396512950312,79.01250090953263,Estimación adecuada
Canovanas,1990-1994,1,68.47857316458972,69.41740188646675,68.48436189959482,70.2505078235545,> e0 observado
Canovanas,1990-1994,2,78.32395417011651,78.17339267754829,77.04393229062023,79.49425198605425,Estimación adecuada
Canovanas,1995-1999,1,67.92417601162161,68.91628235879853,67.90502538886426,69.69169129748133,Estimación adecuada
Canovanas,1995-1999,2,77.19866982997894,77.30542358022916,76.36318617932494,78.15847045344455,Estimación adecuada
Canovanas,2000-2004,1,71.16133588099902,71.89418574892858,70.96535092621734,73.0335686387704,Estimación adecuada
Canovanas,2000-2004,2,79.89031657445086,79.83219251091185,78.85247166183149,80.98800891173276,Estimación adecuada
Canovanas,2005-2009,1,72.03527888088188,72.91216920220931,72.0250608843574,73.77245143366724,Estimación adecuada
Canovanas,2005-2009,2,82.20274877957495,81.74591127766797,80.86059181884565,82.72825832744684,Estimación adecuada
Canovanas,2010-2014,1,73.73163177655941,74.46124445100185,73.56534225638482,75.24264213835644,Estimación adecuada
Canovanas,2010-2014,2,82.38500533806449,81.90158271992995,81.1133671163771,83.0618060296363,Estimación adecuada
Canovanas,2015-2019,1,76.47578865798283,76.91250363333668,76.10135693638519,77.88573240889107,Estimación adecuada
Canovanas,2015-2019,2,83.4705410867674,83.21585918676641,82.36941867953507,84.08006453254788,Estimación adecuada
Canovanas,2020-2024,1,75.27011547141527,75.39602155990153,74.59651676517841,76.29031861208179,Estimación adecuada
Canovanas,2020-2024,2,84.62181844092844,84.12293989974089,83.02430166151557,85.1805759265342,Estimación adecuada
Carolina,1980-1984,1,72.6794571065647,72.71463532071357,72.04703411053742,73.3600489177592,Estimación adecuada
Carolina,1980-1984,2,80.00245669766524,79.58410408690884,79.00626891585367,80.29238154091871,Estimación adecuada
Carolina,1985-1989,1,71.45905207579524,71.58060216628195,71.16235626141253,72.10269744936721,Estimación adecuada
Carolina,1985-1989,2,79.99533355118935,79.7500057013288,79.20818381985825,80.49989852441965,Estimación adecuada
Carolina,1990-1994,1,69.88961527032848,70.10306074116994,69.59439883722443,70.57284156296896,Estimación adecuada
Carolina,1990-1994,2,79.19273965392165,79.27152053178634,78.64978189741691,79.83639574040647,Estimación adecuada
Carolina,1995-1999,1,70.60394767924991,70.84691765642216,70.44679801587539,71.34030746458612,Estimación adecuada
Carolina,1995-1999,2,80.17066355341139,80.12005749982987,79.50476242624143,80.6145986827651,Estimación adecuada
Carolina,2000-2004,1,73.93076115352547,74.03205969758343,73.47724197979328,74.55078364158618,Estimación adecuada
Carolina,2000-2004,2,81.94990115891812,81.72127652154808,81.24860407447716,82.2990568886007,Estimación adecuada
Carolina,2005-2009,1,74.82294831043073,74.8685653929532,74.38040417830543,75.46224811094123,Estimación adecuada
Carolina,2005-2009,2,82.93347404417227,82.83610775655582,82.296471794009,83.42836910685133,Estimación adecuada
Carolina,2010-2014,1,75.7216623224996,75.99215818090508,75.45024262514116,76.45300520410684,Estimación adecuada
Carolina,2010-2014,2,84.32702876051525,84.16898802537182,83.47555814016832,84.89139106416943,Estimación adecuada
Carolina,2015-2019,1,78.16150181754098,78.089020531875,77.4626974809934,78.79601505538312,Estimación adecuada
Carolina,2015-2019,2,86.31301087441426,86.18689051616238,85.38953261764576,87.0192367092794,Estimación adecuada
Carolina,2020-2024,1,78.61601699181084,78.50663786032142,77.86416299450403,79.13784488670096,Estimación adecuada
Carolina,2020-2024,2,85.92480146843513,85.53589397343634,84.95491548143261,86.15854777309258,Estimación adecuada
Catano,1980-1984,1,64.71158204088911,66.11640104332807,65.17232272708586,67.28059582171109,> e0 observado
Catano,1980-1984,2,75.60330232750007,75.4381886991647,74.20504120017081,76.690287526333,Estimación adecuada
Catano,1985-1989,1,65.74843366392102,66.9269418336992,65.86915639694618,67.90845978373304,> e0 observado
Catano,1985-1989,2,78.65957711284251,77.51788606943063,75.99150026213258,78.59287028812906,< e0 observado
Catano,1990-1994,1,63.551421617424765,65.225025513498,64.17936824691128,66.36914843192656,> e0 observado
Catano,1990-1994,2,77.73013012436986,77.16161848197116,76.22668734983819,78.45109801512959,Estimación adecuada
Catano,1995-1999,1,64.95894376240564,66.36575830972107,65.4905130168933,67.34690225838887,> e0 observado
Catano,1995-1999,2,77.8017354936669,77.50365678322817,76.40026332889809,78.73360284370733,Estimación adecuada
Catano,2000-2004,1,69.54736006919788,70.44542083966417,69.27499407947397,71.43663897599968,Estimación adecuada
Catano,2000-2004,2,80.2420833723342,79.36113927741161,78.24514774247632,80.5267508871159,Estimación adecuada
Catano,2005-2009,1,70.0088463290445,70.97031528983925,69.90071064135068,71.92078200165443,Estimación adecuada
Catano,2005-2009,2,82.4846061988492,81.65058041051574,80.18929653662055,83.00665003483518,Estimación adecuada
Catano,2010-2014,1,73.04054164065786,73.43626990965063,72.1948747049843,74.40762047371123,Estimación adecuada
Catano,2010-2014,2,85.05347927327067,83.08760682355532,81.67844549948667,84.5608679523331,< e0 observado
Catano,2015-2019,1,73.65254048968006,74.56168775370502,73.4734264982302,75.75498067547468,Estimación adecuada
Catano,2015-2019,2,86.94579083490224,85.30026664263735,83.67365873544887,87.34609645153893,Estimación adecuada
Catano,2020-2024,1,73.01737041087927,74.2377399081604,72.91978237469431,75.43821475881143,Estimación adecuada
Catano,2020-2024,2,86.0684794743231,84.92792647522691,83.29323381148262,86.23080454950781,Estimación adecuada
Cayey,1980-1984,1,71.32064492875627,71.14724543946679,70.30804479551816,72.06582913051915,Estimación adecuada
Cayey,1980-1984,2,76.88437352747384,77.13318639751787,76.22618050536607,78.18556042818653,Estimación adecuada
Cayey,1985-1989,1,69.35200072016079,69.91500317964075,69.14518996794386,70.82380396574166,Estimación adecuada
Cayey,1985-1989,2,78.24162311103663,78.12688535759123,77.3113165857504,79.31166000620772,Estimación adecuada
Cayey,1990-1994,1,69.27521430891126,69.95383987533336,68.9892849367462,70.73692647488058,Estimación adecuada
Cayey,1990-1994,2,78.16553833033852,78.35837617963526,77.47514879308505,79.20900324439314,Estimación adecuada
Cayey,1995-1999,1,70.01299547508536,70.54836165048047,69.75487029628238,71.500194492643,Estimación adecuada
Cayey,1995-1999,2,78.87259018768239,78.86477627754377,77.8891563161504,79.92215535673466,Estimación adecuada
Cayey,2000-2004,1,73.68749999421473,73.84253603994982,72.83875881375332,74.59064504353131,Estimación adecuada
Cayey,2000-2004,2,81.22226473989993,80.6263795228185,79.76582229914406,81.60270857474032,Estimación adecuada
Cayey,2005-2009,1,73.99614368964569,74.54733935292283,73.36647184982283,75.36634141562655,Estimación adecuada
Cayey,2005-2009,2,82.1533699228688,81.80547352596602,81.0116082073859,82.74852021184333,Estimación adecuada
Cayey,2010-2014,1,75.00610378038506,75.55854216135455,74.75616032340258,76.6140780873182,Estimación adecuada
Cayey,2010-2014,2,83.73637939950336,83.48527808100144,82.3427288150416,84.38297075178971,Estimación adecuada
Cayey,2015-2019,1,78.54670044615935,78.44429588446113,77.5860235041854,79.30546769119027,Estimación adecuada
Cayey,2015-2019,2,85.74693279734878,85.11480150989489,84.07537045476036,86.04883340304238,Estimación adecuada
Cayey,2020-2024,1,79.40962956727441,79.28687464219585,78.26769549179704,80.74452946574212,Estimación adecuada
Cayey,2020-2024,2,87.6006348574498,86.96699348941983,85.62540147763475,88.52806781656244,Estimación adecuada
Ceiba,1980-1984,1,72.14585176157938,71.59259908086027,70.49095005315793,72.8459537436569,Estimación adecuada
Ceiba,1980-1984,2,78.61104372786001,77.88033712739158,76.2885026622487,79.68778624442758,Estimación adecuada
Ceiba,1985-1989,1,70.6198183166503,70.60508299099345,69.43454664724334,71.67369607274063,Estimación adecuada
Ceiba,1985-1989,2,79.13415807152825,78.29652233425854,76.94884157605668,80.02079631489678,Estimación adecuada
Ceiba,1990-1994,1,71.00935671117365,70.74141294675493,69.58836997910922,72.49725731138284,Estimación adecuada
Ceiba,1990-1994,2,79.17042900270538,78.64175107299482,77.17072623182797,80.00651157760319,Estimación adecuada
Ceiba,1995-1999,1,72.51721647517238,71.56486631349577,70.43637740436364,72.5685427735063,Estimación adecuada
Ceiba,1995-1999,2,78.14728081414309,78.51233538566721,77.07386655051806,80.04481000541008,Estimación adecuada
Ceiba,2000-2004,1,74.86667065353893,73.52847420828118,72.49149184287063,74.67807431089537,< e0 observado
Ceiba,2000-2004,2,80.68427804057518,80.86983060452151,79.41732619594885,82.60496526830828,Estimación adecuada
Ceiba,2005-2009,1,76.12252834869311,74.77639379244447,73.60623126825331,76.2512044227214,Estimación adecuada
Ceiba,2005-2009,2,82.7966883833198,82.20343047948927,80.79899206072429,83.7402865327272,Estimación adecuada
Ceiba,2010-2014,1,75.46412666889606,76.25471148319815,74.95415937118118,77.72845165436851,Estimación adecuada
Ceiba,2010-2014,2,81.41353267344712,82.31886389956061,80.78770416703824,84.11129846741585,Estimación adecuada
Ceiba,2015-2019,1,78.54557923356414,77.90521868071423,76.35236602936814,79.43964056394574,Estimación adecuada
Ceiba,2015-2019,2,86.20789836529356,85.26445627447374,83.64243371690762,87.76864947207096,Estimación adecuada
Ceiba,2020-2024,1,72.26101326760208,76.26401198167872,74.9968437807712,77.58469013313979,> e0 observado
Ceiba,2020-2024,2,81.87366447467527,84.07097784297265,82.53848973093844,85.71857345875415,> e0 observado
Ciales,1980-1984,1,73.3601690081269,72.8208085682073,71.52862043004956,74.00358908311878,Estimación adecuada
Ciales,1980-1984,2,79.08450788252533,78.7603864338635,77.48063360606187,80.49298555386618,Estimación adecuada
Ciales,1985-1989,1,73.80385799895002,73.02669579580223,71.9324035749481,74.46652238797739,Estimación adecuada
Ciales,1985-1989,2,79.25761748100682,79.21636051547233,77.39316557629729,80.92433958804114,Estimación adecuada
Ciales,1990-1994,1,72.25274862856378,72.14031769492142,70.92649824395552,73.18980873690825,Estimación adecuada
Ciales,1990-1994,2,79.82543814746265,79.45283937469593,78.20756247895358,81.00179926887581,Estimación adecuada
Ciales,1995-1999,1,71.42663286324974,71.67012478403726,70.6975021827403,72.66395557365297,Estimación adecuada
Ciales,1995-1999,2,79.238381112831,79.63434736034304,78.407283269158,80.93085964112893,Estimación adecuada
Ciales,2000-2004,1,72.8877247015535,73.71410010967706,72.61358156522894,74.51157139520726,Estimación adecuada
Ciales,2000-2004,2,80.83769687356553,81.19324988162475,80.04653144820283,82.89025584621535,Estimación adecuada
Ciales,2005-2009,1,74.52536084511352,74.8542109203259,73.64875488328653,76.24536788921253,Estimación adecuada
Ciales,2005-2009,2,82.13836581268944,82.3857771918658,81.02359198530812,83.70967667270016,Estimación adecuada
Ciales,2010-2014,1,75.83944224399347,76.52187153993262,75.49151245904547,77.53285485421307,Estimación adecuada
Ciales,2010-2014,2,83.18525319463721,83.40096337103374,82.11846191624218,85.11452991010037,Estimación adecuada
Ciales,2015-2019,1,80.35963140996523,78.98336153601963,77.95671113026636,80.53085723487837,Estimación adecuada
Ciales,2015-2019,2,85.16754149388572,85.67671116413212,83.81716067822254,87.78155732967903,Estimación adecuada
Ciales,2020-2024,1,78.0952139934909,77.98497542079924,76.67282338637958,79.18985611394541,Estimación adecuada
Ciales,2020-2024,2,83.7838176468441,84.3864339300075,83.39469857300479,85.70443921705966,Estimación adecuada
Cidra,1980-1984,1,72.92625993210298,73.18770647753414,71.80712077730058,74.29739276015798,Estimación adecuada
Cidra,1980-1984,2,80.25294604658151,79.76994777977814,78.92365753964876,81.4143133265664,Estimación adecuada
Cidra,1985-1989,1,72.65671880748917,72.71804552348453,71.63763678182863,73.84110934054235,Estimación adecuada
Cidra,1985-1989,2,79.2640060129605,79.29533384900964,78.02894724630465,80.60629318085199,Estimación adecuada
Cidra,1990-1994,1,74.59270123853278,73.84233313689192,72.76754988939079,75.04601582085516,Estimación adecuada
Cidra,1990-1994,2,79.58259869878654,79.49425134881241,78.35713874737715,80.68015750402544,Estimación adecuada
Cidra,1995-1999,1,74.21713653214772,73.79477966307871,72.8460095621254,74.59459619374073,Estimación adecuada
Cidra,1995-1999,2,80.46720179098129,80.65128103272723,79.49517736458563,81.80659419861098,Estimación adecuada
Cidra,2000-2004,1,76.1648075054388,75.82071205967,74.73846657164304,76.71012765089543,Estimación adecuada
Cidra,2000-2004,2,83.06880741955162,82.74728686695286,81.40660728380902,84.00803690513933,Estimación adecuada
Cidra,2005-2009,1,76.2488157847596,76.3869897625247,75.5188068490211,77.28260317325848,Estimación adecuada
Cidra,2005-2009,2,83.29450873472624,83.13832146926914,82.12164410267829,84.37190923907362,Estimación adecuada
Cidra,2010-2014,1,77.33131059096634,77.56531784388599,76.7442502395085,78.54943755803959,Estimación adecuada
Cidra,2010-2014,2,83.46470181390174,83.25433003109401,82.31111486320872,84.33708025650733,Estimación adecuada
Cidra,2015-2019,1,78.97458456608396,79.2209513922466,78.16914122127086,80.0532377986725,Estimación adecuada
Cidra,2015-2019,2,84.69043178604441,85.03259168369337,83.95154616543334,86.39025672853438,Estimación adecuada
Cidra,2020-2024,1,79.7427353948676,79.68149869309991,78.48394581632161,80.8785397222855,Estimación adecuada
Cidra,2020-2024,2,85.33702768748,85.0903931691164,83.99413919441855,86.11884848075815,Estimación adecuada
Coamo,1980-1984,1,71.83261143264684,71.89080163508052,70.8448162779725,72.77953390345624,Estimación adecuada
Coamo,1980-1984,2,77.96592585526496,78.11902408614205,77.11376320203007,79.2685280389195,Estimación adecuada
Coamo,1985-1989,1,71.23431252697634,71.2914283342501,70.52483189840206,72.25721215017833,Estimación adecuada
Coamo,1985-1989,2,77.61875344002883,78.05695053650169,77.02186498330222,79.03694095965582,Estimación adecuada
Coamo,1990-1994,1,71.15206342123702,71.23929482878914,70.12409687911065,72.25491870091119,Estimación adecuada
Coamo,1990-1994,2,79.52007940092251,79.20222302085753,78.31878177622008,80.29719372723628,Estimación adecuada
Coamo,1995-1999,1,71.1960753395491,71.37580909823416,70.45924109637441,72.31300984897808,Estimación adecuada
Coamo,1995-1999,2,78.423903843953,78.65709140928935,77.79869998371996,79.62974291403846,Estimación adecuada
Coamo,2000-2004,1,73.24248106281058,73.38549751722559,72.3320337830043,74.24429151364609,Estimación adecuada
Coamo,2000-2004,2,81.2524184753369,80.91594861612843,79.93882077422529,81.83540074717838,Estimación adecuada
Coamo,2005-2009,1,76.67061680312946,75.66268659806452,74.8418148951958,76.63689894232041,< e0 observado
Coamo,2005-2009,2,82.50443120167047,82.09568496819429,81.14022914285933,83.32655846978949,Estimación adecuada
Coamo,2010-2014,1,76.08519397019607,76.04030246641564,75.48850716083041,76.76394507915703,Estimación adecuada
Coamo,2010-2014,2,82.76456200780567,82.30161714579242,81.45881925545164,83.40227230369797,Estimación adecuada
Coamo,2015-2019,1,76.3555860235564,76.6756308993259,75.69696107935529,77.6146570323655,Estimación adecuada
Coamo,2015-2019,2,84.32302802936533,84.52449857249326,83.5520103558984,85.76747504623523,Estimación adecuada
Coamo,2020-2024,1,78.73457128285159,78.0790110283927,77.12895863426297,79.15650299113733,Estimación adecuada
Coamo,2020-2024,2,85.32320664794793,85.10226797586479,84.06820095473134,86.31670537710055,Estimación adecuada
Comerio,1980-1984,1,72.39160599187598,72.16999687165355,70.6881338470267,73.27580034005015,Estimación adecuada
Comerio,1980-1984,2,80.50714392154065,79.13473748123008,77.69027570316143,80.86946973115414,Estimación adecuada
Comerio,1985-1989,1,72.46599051488649,72.14173057592626,70.9079399008022,73.53322730623523,Estimación adecuada
Comerio,1985-1989,2,79.35372018267553,79.21027705152684,77.93007023578667,80.64896635138362,Estimación adecuada
Comerio,1990-1994,1,72.63261964951914,71.836596856268,70.79381544456851,73.10418729927275,Estimación adecuada
Comerio,1990-1994,2,78.0865724889923,78.52703627597103,77.18836046298051,80.0311253546272,Estimación adecuada
Comerio,1995-1999,1,71.13227286201818,71.40148290414336,70.4723232707997,72.66179100452119,Estimación adecuada
Comerio,1995-1999,2,78.32248610899435,78.50202490655971,77.48112165896566,79.80469532802815,Estimación adecuada
Comerio,2000-2004,1,73.74046365047266,73.70126314791126,72.56251937635365,74.92793033510011,Estimación adecuada
Comerio,2000-2004,2,80.19913305806267,80.31206287826082,79.33631143781216,81.42237047350207,Estimación adecuada
Comerio,2005-2009,1,75.30350166697882,75.00462476370546,73.86892203773431,76.15506332983628,Estimación adecuada
Comerio,2005-2009,2,81.75843965388886,81.76084567732497,80.57967182379895,83.25290591216415,Estimación adecuada
Comerio,2010-2014,1,77.88992392393747,76.96678802629847,75.67390101356675,78.57703479657631,Estimación adecuada
Comerio,2010-2014,2,83.20589003283447,83.0219802364085,81.7008088020531,84.29141729927254,Estimación adecuada
Comerio,2015-2019,1,76.11616223403381,76.69065938771914,75.70412420636771,78.1579561157578,Estimación adecuada
Comerio,2015-2019,2,84.47935763504815,84.55782050476246,83.17630377723054,86.47502024228115,Estimación adecuada
Comerio,2020-2024,1,75.23982921549162,76.26773560308399,75.30778997325923,77.45943497434041,> e0 observado
Comerio,2020-2024,2,83.75928924043123,83.74395761000046,82.45919520985485,84.82749924357952,Estimación adecuada
Corozal,1980-1984,1,72.8434269620364,72.585815933311,71.40474597488071,73.65405813468547,Estimación adecuada
Corozal,1980-1984,2,78.49552695365927,78.35088638162621,77.33834121907016,79.57935116312733,Estimación adecuada
Corozal,1985-1989,1,74.16679537755694,73.2777761774793,72.0643760647594,73.896120159426,< e0 observado
Corozal,1985-1989,2,78.31409571064404,78.30200703678223,77.3141863487528,79.31377528567346,Estimación adecuada
Corozal,1990-1994,1,71.27571092432538,71.55419906482399,70.62122331846328,72.58769606809551,Estimación adecuada
Corozal,1990-1994,2,78.71157989908842,78.91582666493453,77.63730292778598,79.82237324351898,Estimación adecuada
Corozal,1995-1999,1,71.90053240132126,72.18809160049341,71.26461619085492,73.04900401664523,Estimación adecuada
Corozal,1995-1999,2,81.05061971042039,80.26214370863597,79.35886605225915,81.56154061645144,Estimación adecuada
Corozal,2000-2004,1,75.40121472632262,75.09376298323457,73.99112803636828,76.15730025416104,Estimación adecuada
Corozal,2000-2004,2,82.32727029969571,82.16490956571457,80.65242269770225,83.54492816571363,Estimación adecuada
Corozal,2005-2009,1,75.29676896497347,75.53692753758241,74.56194230825326,76.56976977064252,Estimación adecuada
Corozal,2005-2009,2,81.7668888989548,81.6255611727631,80.53321604133478,82.83954142667741,Estimación adecuada
Corozal,2010-2014,1,76.61800376671373,76.80994263044127,75.65320164606706,77.60224479319088,Estimación adecuada
Corozal,2010-2014,2,83.99620064198638,83.7996883459378,82.74773135515815,85.25962292451501,Estimación adecuada
Corozal,2015-2019,1,78.84838673591865,78.29999904636003,77.0717711471799,79.48089644231572,Estimación adecuada
Corozal,2015-2019,2,84.36621340480359,84.71326117929807,83.4132374996268,86.0367280912833,Estimación adecuada
Corozal,2020-2024,1,76.44862204173214,77.2856952421428,76.22562383127928,78.50956844995852,Estimación adecuada
Corozal,2020-2024,2,85.0591201159125,85.31442978039112,84.27953056687801,86.51252937980786,Estimación adecuada
Culebra,1980-1984,1,94.69722323815856,73.36757743804968,71.77993300933514,76.64548724386326,< e0 observado
Culebra,1980-1984,2,77.11141651027592,80.40798323895208,77.42966660111593,84.13849646058077,> e0 observado
Culebra,1985-1989,1,76.63588305134152,72.75893920305234,71.08984873102602,75.38824263562606,< e0 observado
Culebra,1985-1989,2,84.99417166658453,80.5226363001889,78.17468527335639,83.68428600254731,< e0 observado
Culebra,1990-1994,1,75.23127689590049,72.38244007446718,70.35089167772594,74.40325043958288,< e0 observado
Culebra,1990-1994,2,82.2361338517014,80.4532052183437,78.68221181357124,83.15592070866937,Estimación adecuada
Culebra,1995-1999,1,72.53390965878926,72.54980182866595,70.94439213418138,74.421595943852,Estimación adecuada
Culebra,1995-1999,2,82.74787501668122,81.64389560824401,77.56832054225265,92.226131874836355,Estimación adecuada
Culebra,2000-2004,1,83.74648606676807,75.30511131013833,73.42385070053152,77.38998948004041,< e0 observado
Culebra,2000-2004,2,81.63132549875367,82.70756416248342,80.37674979579833,85.0825333876522,Estimación adecuada
Culebra,2005-2009,1,79.35518350612848,76.16741972427465,74.20076674439983,78.30125276469401,< e0 observado
Culebra,2005-2009,2,87.82645600917449,84.31299027904058,81.6479917172268,87.33780956063222,< e0 observado
Culebra,2010-2014,1,73.27486001063872,77.0531873086485,74.94675363724545,79.62062227997659,> e0 observado
Culebra,2010-2014,2,84.63331186955911,84.92187065022256,82.23805388770401,88.20300804288944,Estimación adecuada
Culebra,2015-2019,1,73.7782353124013,78.31822836996358,76.10566538277125,81.12304259633129,> e0 observado
Culebra,2015-2019,2,82.80860574041759,86.43794621174814,83.5679325671575,89.48442235726137,> e0 observado
Culebra,2020-2024,1,71.17558414919206,77.37684259950967,75.76453163135554,79.718170497018,> e0 observado
Culebra,2020-2024,2,81.75048505604273,85.33683500849259,83.03890294119026,88.14354917955379,> e0 observado
Dorado,1980-1984,1,73.06768394242143,72.99808156861268,71.90235886005199,73.92209642383241,Estimación adecuada
Dorado,1980-1984,2,79.57134292897321,79.25694711690394,77.86090355608007,80.52632577515986,Estimación adecuada
Dorado,1985-1989,1,70.98138714935332,71.03483011859234,70.00556955175213,71.92912298029957,Estimación adecuada
Dorado,1985-1989,2,79.66708794032925,79.07029613617388,77.81168201445112,80.58308963329296,Estimación adecuada
Dorado,1990-1994,1,70.60163270459446,71.01581399224773,70.19359542034644,72.04322391063337,Estimación adecuada
Dorado,1990-1994,2,79.66123740902555,79.32529337291348,78.2179156142223,80.56046178065046,Estimación adecuada
Dorado,1995-1999,1,71.14661901491276,71.52895402766279,70.50182985822744,72.56301538055178,Estimación adecuada
Dorado,1995-1999,2,79.34231212268777,79.55792913701121,78.55857017687978,81.03932997373032,Estimación adecuada
Dorado,2000-2004,1,72.80125816712727,73.26241167865689,72.25949982408397,74.39120204312252,Estimación adecuada
Dorado,2000-2004,2,80.51547250678337,80.28039767295715,79.51872476707592,81.06548526993909,Estimación adecuada
Dorado,2005-2009,1,74.74216888739862,75.096172179204,74.09919637571556,76.0809807308287,Estimación adecuada
Dorado,2005-2009,2,81.55921742419945,81.47755648473748,80.7934335350161,82.55911367492317,Estimación adecuada
Dorado,2010-2014,1,77.3972526095473,77.40529419512816,76.23693522666815,78.36213396308015,Estimación adecuada
Dorado,2010-2014,2,83.78650120499329,83.47560539570318,82.34749635572373,84.70432767291115,Estimación adecuada
Dorado,2015-2019,1,79.05317477178703,78.48825682840229,77.21133876417562,79.90004518941046,Estimación adecuada
Dorado,2015-2019,2,85.0361331038058,84.9423583358707,83.77979378053004,86.61214499886717,Estimación adecuada
Dorado,2020-2024,1,77.54648054972814,77.74613203937159,76.75965183958859,78.71773265086229,Estimación adecuada
Dorado,2020-2024,2,87.81728727976584,86.41205893757488,85.02304092697733,87.90226799667283,Estimación adecuada
Fajardo,1980-1984,1,70.97992961345321,70.46285219539463,69.50180569242508,71.42373980146473,Estimación adecuada
Fajardo,1980-1984,2,77.4034006461853,76.95753775337619,76.03760918694286,77.98572135052585,Estimación adecuada
Fajardo,1985-1989,1,71.1887876704971,70.79978138072771,69.93529293870974,71.82641967987956,Estimación adecuada
Fajardo,1985-1989,2,77.37337374894558,77.15917537664363,76.22523568750836,78.07730179818734,Estimación adecuada
Fajardo,1990-1994,1,68.18099629812696,68.69700509008769,67.84189982115146,69.71682026172581,Estimación adecuada
Fajardo,1990-1994,2,78.11474876521702,77.80113590082257,77.02278510360821,78.87018234134322,Estimación adecuada
Fajardo,1995-1999,1,69.86154006659808,70.10420123173013,69.1821611318552,70.93314935986751,Estimación adecuada
Fajardo,1995-1999,2,78.82934233659792,78.56244703391789,77.6907111713827,79.44314398445601,Estimación adecuada
Fajardo,2000-2004,1,71.85134936418909,72.0628272528263,71.1606976505675,72.93753479993086,Estimación adecuada
Fajardo,2000-2004,2,80.31491904964011,79.8316530302291,78.97175475163641,80.53905792052898,Estimación adecuada
Fajardo,2005-2009,1,72.01498955956528,72.48751112185798,71.34461704277736,73.46836034980366,Estimación adecuada
Fajardo,2005-2009,2,80.42579698255476,80.4341349358613,79.28823376405992,81.56588575652685,Estimación adecuada
Fajardo,2010-2014,1,73.1648079564502,74.24222560353977,73.0397968818077,75.05807302715826,Estimación adecuada
Fajardo,2010-2014,2,81.74247222384632,81.23017130239268,80.11768594480299,82.33424312659662,Estimación adecuada
Fajardo,2015-2019,1,76.15087862256587,76.60614913921783,75.66030384325636,77.43810917428976,Estimación adecuada
Fajardo,2015-2019,2,83.7123556023456,83.71918194177604,82.62783965059475,84.78963238566473,Estimación adecuada
Fajardo,2020-2024,1,74.31868957649468,74.83451058900103,73.81255301164487,75.7294918535051,Estimación adecuada
Fajardo,2020-2024,2,83.33111283123691,83.45061957689572,82.34671436554842,84.36418262988093,Estimación adecuada
Florida,1980-1984,1,71.06938753374574,71.25706975272954,69.86979916191774,73.03392584004607,Estimación adecuada
Florida,1980-1984,2,79.21775098528943,78.49096681519178,76.95912743246846,80.76782248333288,Estimación adecuada
Florida,1985-1989,1,70.64603223425698,70.75643878495556,69.43734761151126,72.46222946301387,Estimación adecuada
Florida,1985-1989,2,74.85144353276169,77.285178419798,75.62308998147097,78.57106277110846,> e0 observado
Florida,1990-1994,1,70.01533527514864,70.30274536530183,69.00983822665432,71.36567943504015,Estimación adecuada
Florida,1990-1994,2,75.40391537650423,77.0289301732261,75.59249065057861,78.4426123870949,> e0 observado
Florida,1995-1999,1,71.65894113726901,71.57724343978379,70.19813718230108,73.24026980204357,Estimación adecuada
Florida,1995-1999,2,77.29790147374477,78.02636311671841,76.71453305156157,79.13946581204954,Estimación adecuada
Florida,2000-2004,1,75.01444427678842,74.0302578847232,72.58208852585066,75.24973163015446,Estimación adecuada
Florida,2000-2004,2,81.08965307946796,80.56367274489406,79.16251102418883,82.34552316107325,Estimación adecuada
Florida,2005-2009,1,76.54783220170152,74.7496947377433,73.45905523847227,76.1383204693949,< e0 observado
Florida,2005-2009,2,80.52310433234075,80.81073126306138,79.47961206871129,82.62191310047155,Estimación adecuada
Florida,2010-2014,1,79.58931937931183,77.48665011890779,75.87894244876065,79.39285622281795,< e0 observado
Florida,2010-2014,2,84.35262381150902,83.01572644056756,81.63526501472234,84.65484091614552,Estimación adecuada
Florida,2015-2019,1,77.39963673465637,77.15672048136145,75.90251098379949,78.59509072949321,Estimación adecuada
Florida,2015-2019,2,83.04749257512822,83.9578700077378,82.41149752522035,85.80882545017616,Estimación adecuada
Florida,2020-2024,1,76.48138637441758,77.31255685205933,76.03001989295169,78.58849543214619,Estimación adecuada
Florida,2020-2024,2,86.57028869211995,86.04004208060022,84.2496062934097,88.71271415073633,Estimación adecuada
Guanica,1980-1984,1,70.29160656173029,69.9176192724679,68.88408555763695,71.16108924850391,Estimación adecuada
Guanica,1980-1984,2,77.02589204137094,76.76914078143373,75.45880630464666,78.10751992486229,Estimación adecuada
Guanica,1985-1989,1,69.64590752945972,69.49869777337612,68.66167852395104,70.81562111558213,Estimación adecuada
Guanica,1985-1989,2,76.96194389846337,76.79011046127269,75.66446263389781,78.15591440089429,Estimación adecuada
Guanica,1990-1994,1,69.00330089577055,69.21315106610797,67.96329314515978,70.23989591077834,Estimación adecuada
Guanica,1990-1994,2,77.43314529873244,77.20865896258167,75.86748098711644,78.39304850588326,Estimación adecuada
Guanica,1995-1999,1,68.75925697690468,69.42777372821459,68.39629991669523,70.33943828633397,Estimación adecuada
Guanica,1995-1999,2,76.88365176255945,77.05782711588563,75.98464790474405,78.30171266162314,Estimación adecuada
Guanica,2000-2004,1,72.36855900985053,72.116674112813,70.47074666344821,72.99431224394951,Estimación adecuada
Guanica,2000-2004,2,78.3128127578213,78.54701048296474,77.50993255254673,79.86911014181322,Estimación adecuada
Guanica,2005-2009,1,71.69965700518571,72.14621254942097,71.19487302161079,73.1659483623507,Estimación adecuada
Guanica,2005-2009,2,80.3960001801447,79.86899716916528,78.65329308487377,80.77338581922675,Estimación adecuada
Guanica,2010-2014,1,75.43056531334524,74.65948985569347,73.3519140317541,76.14138819660889,Estimación adecuada
Guanica,2010-2014,2,80.57778836738088,81.01386289157577,80.01341121758264,82.96323913657919,Estimación adecuada
Guanica,2015-2019,1,74.6061778340804,74.76139452573918,73.56889747395337,75.82879717012872,Estimación adecuada
Guanica,2015-2019,2,81.3148683326643,81.62845905631724,80.37969046492694,82.742806467917,Estimación adecuada
Guanica,2020-2024,1,73.35967274163447,74.57609059999568,73.36180671572656,75.61211582102943,> e0 observado
Guanica,2020-2024,2,82.11869011623037,81.84684695829375,80.95447910368586,82.98269673451527,Estimación adecuada
Guayama,1980-1984,1,70.24592277647761,70.18609731685382,69.279829598102907,71.10990912580742,Estimación adecuada
Guayama,1980-1984,2,76.94736099895414,76.73602077229282,75.76932267504134,77.70492286875631,Estimación adecuada
Guayama,1985-1989,1,69.18407376779939,69.3692355713915,68.55093771127503,70.30206708696085,Estimación adecuada
Guayama,1985-1989,2,77.01984994163914,76.83173567983954,75.73138773231858,77.55847671627393,Estimación adecuada
Guayama,1990-1994,1,69.12774545799293,69.47833276995837,68.58398665407594,70.37824316517424,Estimación adecuada
Guayama,1990-1994,2,78.26536534527779,77.80758311467298,76.59941227263627,78.61841368073087,Estimación adecuada
Guayama,1995-1999,1,69.89298463348949,70.17152301307365,69.26938625134268,70.91123963708912,Estimación adecuada
Guayama,1995-1999,2,79.36097539479375,78.65840615260407,77.75752270238236,79.57508243685615,Estimación adecuada
Guayama,2000-2004,1,71.73959231092829,71.88274831335976,71.06650678677889,72.77134781751094,Estimación adecuada
Guayama,2000-2004,2,80.42361640554877,80.04927822612666,79.04453629469482,80.94515795689327,Estimación adecuada
Guayama,2005-2009,1,74.004627225837,73.78638680338136,72.6311022015156,74.55649048148886,Estimación adecuada
Guayama,2005-2009,2,80.66196990050479,80.43734304316988,79.34440727852979,81.32500060260706,Estimación adecuada
Guayama,2010-2014,1,76.0922078825251,75.45996274079127,74.35276077719013,76.93520491636797,Estimación adecuada
Guayama,2010-2014,2,82.22460967328485,82.05150699545736,81.0351448606763,83.07464262659244,Estimación adecuada
Guayama,2015-2019,1,76.61959145312574,76.57359195663636,75.46471111926189,77.60546779776867,Estimación adecuada
Guayama,2015-2019,2,83.4142713899816,83.38643989303691,82.30257030665624,84.53345892141978,Estimación adecuada
Guayama,2020-2024,1,73.93879414262592,75.16631984164545,74.31345152702772,75.96523675487289,> e0 observado
Guayama,2020-2024,2,82.33975114826434,82.4443426805579,81.33950073014171,83.50398714045895,Estimación adecuada
Guayanilla,1980-1984,1,72.58983279684577,71.63434059386731,70.5140160776624,72.82134132857645,Estimación adecuada
Guayanilla,1980-1984,2,77.53353824728316,77.4276875843128,75.99643523469922,78.94080477268948,Estimación adecuada
Guayanilla,1985-1989,1,70.73661721916349,70.34655382355086,69.39966352021577,71.30683093341293,Estimación adecuada
Guayanilla,1985-1989,2,76.86235560972376,76.76639541876816,75.77404810149008,77.97041171831555,Estimación adecuada
Guayanilla,1990-1994,1,72.37752924339648,71.28328932748721,70.1318404990648,72.25213863306635,< e0 observado
Guayanilla,1990-1994,2,78.55250974931681,77.9077703097613,76.51577099970436,79.08399666751714,Estimación adecuada
Guayanilla,1995-1999,1,72.22131902455737,71.44076944176527,70.29626514753562,72.49484608215383,Estimación adecuada
Guayanilla,1995-1999,2,79.14608996325278,78.66952403174413,77.54970133021561,79.77436583331013,Estimación adecuada
Guayanilla,2000-2004,1,74.05744082522244,73.42623349769961,72.36039368046758,74.65918653782461,Estimación adecuada
Guayanilla,2000-2004,2,80.06971551607721,79.64641466721503,78.7077421192679,81.13629921063472,Estimación adecuada
Guayanilla,2005-2009,1,73.36781184296053,73.77160911251711,72.49382528667992,74.77648512372444,Estimación adecuada
Guayanilla,2005-2009,2,79.74433091795808,79.756030225116,78.59633964001283,80.77992225660607,Estimación adecuada
Guayanilla,2010-2014,1,77.2541883457964,75.98669214765474,74.94512560677546,77.44981474409317,Estimación adecuada
Guayanilla,2010-2014,2,79.95617529124827,80.8386909990605,79.72039122173325,82.3569683778289,Estimación adecuada
Guayanilla,2015-2019,1,74.50306944491258,76.02156733128945,75.0072361298879,77.13994769622423,> e0 observado
Guayanilla,2015-2019,2,85.47648018860491,84.0670678827811,82.85648655099729,85.98832231465624,Estimación adecuada
Guayanilla,2020-2024,1,73.73722385919334,75.03743906639667,74.1008699022097,76.1346673868077,> e0 observado
Guayanilla,2020-2024,2,84.46851671921503,84.6843095951144,83.1065973788611,86.35956247600384,Estimación adecuada
Guaynabo,1980-1984,1,73.33304020193007,73.2522078596804,72.46499094268091,73.95139556233076,Estimación adecuada
Guaynabo,1980-1984,2,79.57395565229348,79.33240840838957,78.64369991954531,79.91825556273761,Estimación adecuada
Guaynabo,1985-1989,1,73.30720790413426,73.30211646508937,72.59711504616945,74.02750368670732,Estimación adecuada
Guaynabo,1985-1989,2,80.7449894765543,80.50438533144555,79.79686653503236,81.46485011000041,Estimación adecuada
Guaynabo,1990-1994,1,71.64759712414893,72.0288669649372,71.22979540073769,72.67629082130685,Estimación adecuada
Guaynabo,1990-1994,2,80.46155681333546,80.41571940993484,79.53991296252057,81.21887229298655,Estimación adecuada
Guaynabo,1995-1999,1,71.70557982807048,72.1646036828837,71.64695514813945,72.92606504444514,Estimación adecuada
Guaynabo,1995-1999,2,81.61582636139954,81.44526109357872,80.73260786028426,82.25098658928485,Estimación adecuada
Guaynabo,2000-2004,1,74.5460879922691,74.97669514418511,74.32608222668725,75.65574194060777,Estimación adecuada
Guaynabo,2000-2004,2,82.43363591097874,82.37381722709725,81.67838490803021,83.07103171446684,Estimación adecuada
Guaynabo,2005-2009,1,75.40004142189414,75.7724615274285,75.1139666060966,76.50438673421414,Estimación adecuada
Guaynabo,2005-2009,2,83.59622113263238,83.50241908952813,82.81787346054969,84.27282243119785,Estimación adecuada
Guaynabo,2010-2014,1,77.3578270076508,77.56833149377181,76.89706476614946,78.39790719956146,Estimación adecuada
Guaynabo,2010-2014,2,84.62289097742051,84.42753379919482,83.68638619605981,85.07240461691961,Estimación adecuada
Guaynabo,2015-2019,1,79.63090232574721,79.44182829492007,78.74027182351143,80.40683889086573,Estimación adecuada
Guaynabo,2015-2019,2,86.62280196774702,86.32857853075724,85.52341801353278,87.33485302519276,Estimación adecuada
Guaynabo,2020-2024,1,77.36899877443203,77.76768260900612,77.240140772096,78.51989209189406,Estimación adecuada
Guaynabo,2020-2024,2,86.85241919025239,86.65176607888188,85.9319609668217,87.56342110988966,Estimación adecuada
Gurabo,1980-1984,1,72.10043466021936,72.05846599523204,70.95052767982988,72.88040722846375,Estimación adecuada
Gurabo,1980-1984,2,77.21298943234297,77.63515068935735,76.35623913998415,79.00214820686494,Estimación adecuada
Gurabo,1985-1989,1,72.09864341259255,72.19617826040539,71.12508068026341,73.26965570864574,Estimación adecuada
Gurabo,1985-1989,2,77.83980186096333,77.99934306049079,76.87626807240741,79.25149582392848,Estimación adecuada
Gurabo,1990-1994,1,70.06358422124045,70.69585060063511,69.82701127618232,71.7130584096063,Estimación adecuada
Gurabo,1990-1994,2,78.93586566639773,79.030676156879,77.61366312868292,80.17528463497463,Estimación adecuada
Gurabo,1995-1999,1,72.62979875914179,72.49709450869854,71.43360368638511,73.39607432757731,Estimación adecuada
Gurabo,1995-1999,2,78.37596544908041,78.80135566644259,77.4640868128858,79.85493768653552,Estimación adecuada
Gurabo,2000-2004,1,73.72455425616529,74.01578923742333,73.01442936756166,75.04168562726244,Estimación adecuada
Gurabo,2000-2004,2,82.16347596555325,81.65432963511242,80.49496755095564,82.97203266325108,Estimación adecuada
Gurabo,2005-2009,1,75.38673648949066,75.58244325590611,74.27140557190921,76.55341275026771,Estimación adecuada
Gurabo,2005-2009,2,82.71710063140857,82.23688633898715,81.25643573367972,83.47191080732787,Estimación adecuada
Gurabo,2010-2014,1,75.74184183502217,76.1662757768098,75.32559969032822,77.04692342489491,Estimación adecuada
Gurabo,2010-2014,2,83.66012445857517,83.40242924271169,82.38858794534258,84.4508319373783,Estimación adecuada
Gurabo,2015-2019,1,77.82655629619259,77.9155482155988,76.82733408153986,78.87661562225253,Estimación adecuada
Gurabo,2015-2019,2,86.3751275135532,85.81208261686174,84.58252868520732,87.54448053994201,Estimación adecuada
Gurabo,2020-2024,1,78.1508349062683,77.8610744451797,77.04828007602462,78.73389946702187,Estimación adecuada
Gurabo,2020-2024,2,85.11563140762924,84.98252641821819,83.5388315646147,86.02245063396572,Estimación adecuada
Hatillo,1980-1984,1,71.99152036613721,72.41082206376385,71.23037210858938,73.48594711447936,Estimación adecuada
Hatillo,1980-1984,2,78.9802986931572,78.89294641049241,77.8017227438588,80.27744864239067,Estimación adecuada
Hatillo,1985-1989,1,72.73472078364017,72.5523078990364,71.59857423001682,73.56939754601694,Estimación adecuada
Hatillo,1985-1989,2,79.39464399636921,79.35112425155899,78.27454338050424,80.47101716244312,Estimación adecuada
Hatillo,1990-1994,1,72.2998423174012,72.05320787070038,71.19967980126842,73.13509541954696,Estimación adecuada
Hatillo,1990-1994,2,78.56900864145167,78.3274477881584,77.42869186548204,79.2863602340452,Estimación adecuada
Hatillo,1995-1999,1,72.51848608651568,72.31808926367923,71.44364760349077,72.95416273631122,Estimación adecuada
Hatillo,1995-1999,2,78.33281615395789,78.42835402484354,77.63251074557304,79.34614255740917,Estimación adecuada
Hatillo,2000-2004,1,74.45467151298737,74.07518948577396,73.23779379513675,74.97587398623494,Estimación adecuada
Hatillo,2000-2004,2,80.50637914886045,80.34168924112382,79.51195088265942,81.29170491319903,Estimación adecuada
Hatillo,2005-2009,1,75.71645524793598,75.2308434976807,74.33245033845022,76.11368549354599,Estimación adecuada
Hatillo,2005-2009,2,81.90357972932111,81.71251016769257,80.72557422629518,82.8896278242044,Estimación adecuada
Hatillo,2010-2014,1,77.71502056183984,77.08461573997502,76.38612974816954,77.94492067128735,Estimación adecuada
Hatillo,2010-2014,2,83.87031312176076,83.53133514910341,82.579935697725,84.69021782229198,Estimación adecuada
Hatillo,2015-2019,1,79.67724729389147,79.05749256992492,78.04894011000697,80.00495152549504,Estimación adecuada
Hatillo,2015-2019,2,84.83403759511111,84.43798482980192,83.52114578485904,85.38002306652706,Estimación adecuada
Hatillo,2020-2024,1,78.47632497278812,78.31254943517254,77.14818389048959,79.3039221367359,Estimación adecuada
Hatillo,2020-2024,2,86.14610937096411,85.17092032015574,84.23195800939149,86.33765967174853,Estimación adecuada
Hormigueros,1980-1984,1,74.05856561737721,73.63657100733616,72.37234333163987,74.98208609076906,Estimación adecuada
Hormigueros,1980-1984,2,79.84974137268954,80.42949345734738,78.51129352280819,82.03319535973503,Estimación adecuada
Hormigueros,1985-1989,1,73.08737524946572,72.90187851960546,71.64209877330055,74.08692050442886,Estimación adecuada
Hormigueros,1985-1989,2,77.720059693455,79.06608356591595,77.81248854474006,80.63450403129966,> e0 observado
Hormigueros,1990-1994,1,74.61350802067456,73.4434533785703,72.17211212332657,74.41479458368498,< e0 observado
Hormigueros,1990-1994,2,81.39461486989457,80.58050112954234,79.20447469394819,82.07510342055545,Estimación adecuada
Hormigueros,1995-1999,1,74.87703445651637,73.70780422163004,72.50358608916915,74.62693757358332,< e0 observado
Hormigueros,1995-1999,2,80.45280069334801,80.34333281508223,79.17008025423969,81.84440600309709,Estimación adecuada
Hormigueros,2000-2004,1,75.50618073944777,75.30223555559824,74.2226973945389,76.54059277417893,Estimación adecuada
Hormigueros,2000-2004,2,82.3521641939344,82.08565018299879,81.00974709445802,83.85969552439923,Estimación adecuada
Hormigueros,2005-2009,1,76.10054922666298,76.15183465471141,75.01582338398819,77.37969500689996,Estimación adecuada
Hormigueros,2005-2009,2,84.62944320284578,83.78505466429229,82.3669822328774,85.31578858471126,Estimación adecuada
Hormigueros,2010-2014,1,76.11918178416535,77.06329567315078,75.9584898753622,78.10652752767243,Estimación adecuada
Hormigueros,2010-2014,2,82.71051389712174,83.43325473247086,82.3622612576172,84.52220980574955,Estimación adecuada
Hormigueros,2015-2019,1,77.91392313609006,78.266106084359,77.30994418196644,79.93479116253485,Estimación adecuada
Hormigueros,2015-2019,2,85.81866120513573,86.32515637757069,84.53839524174677,87.74854082637354,Estimación adecuada
Hormigueros,2020-2024,1,78.36911216509105,78.88432666942293,77.62889723248517,80.12883688006613,Estimación adecuada
Hormigueros,2020-2024,2,86.17552522276296,86.12487369978254,84.78672654812075,87.90348001797835,Estimación adecuada
Humacao,1980-1984,1,70.58258576927221,70.75728194135596,69.8041800307997,71.6356370245647,Estimación adecuada
Humacao,1980-1984,2,75.89477228552336,76.23049889844135,75.40497916069509,77.08673002194877,Estimación adecuada
Humacao,1985-1989,1,70.67071512913827,70.72225045257011,69.86452628118798,71.68387389946767,Estimación adecuada
Humacao,1985-1989,2,78.26869595391119,78.08461075702712,76.95403455196356,79.03213387004749,Estimación adecuada
Humacao,1990-1994,1,69.59966588678492,69.95401334310382,69.0454255712252,70.80089647051615,Estimación adecuada
Humacao,1990-1994,2,78.98527536141168,78.74973227603314,77.69522424096859,79.75832249781861,Estimación adecuada
Humacao,1995-1999,1,71.67034271113566,71.38954008881394,70.58507931164073,72.24220410374392,Estimación adecuada
Humacao,1995-1999,2,78.50994029948488,78.25033562287793,77.59908604693206,79.06708218000212,Estimación adecuada
Humacao,2000-2004,1,73.45461991775991,73.37319065234789,72.45722669301921,74.21364028620226,Estimación adecuada
Humacao,2000-2004,2,79.72370844675466,80.05820779979578,79.18758524259937,80.78848155241587,Estimación adecuada
Humacao,2005-2009,1,73.61846549183731,73.95858034576088,73.20749448661664,74.80608673952784,Estimación adecuada
Humacao,2005-2009,2,81.80291929231979,81.57419222015108,80.6827495684301,82.39185019994684,Estimación adecuada
Humacao,2010-2014,1,75.80326051258055,75.96208681140943,74.96663622091344,76.78352125169988,Estimación adecuada
Humacao,2010-2014,2,83.58584598942798,83.14219807602234,82.23779437154707,84.12861629059705,Estimación adecuada
Humacao,2015-2019,1,76.7386829389743,77.13534278461302,76.25001636268306,78.2555475009246,Estimación adecuada
Humacao,2015-2019,2,84.86787206578826,84.47457944663378,83.53080082027978,85.32057032832412,Estimación adecuada
Humacao,2020-2024,1,76.7404128820364,77.44804196099764,76.54833913072801,78.29849468018183,Estimación adecuada
Humacao,2020-2024,2,84.233200245355,84.22352762607623,83.33733934107494,85.11727146102108,Estimación adecuada
Isabela,1980-1984,1,73.09738020117423,72.82418487388506,71.70357126063705,73.7754344504111,Estimación adecuada
Isabela,1980-1984,2,77.82732250278018,77.86316545591467,76.94893658252883,78.72618681916427,Estimación adecuada
Isabela,1985-1989,1,71.58083949829111,71.64175231072934,70.5487261974426,72.56346491016495,Estimación adecuada
Isabela,1985-1989,2,78.50099967900502,78.3740264858123,77.24494077593849,79.46142948484274,Estimación adecuada
Isabela,1990-1994,1,72.0475169163787,71.61721623415326,70.63443322682141,72.57081724626053,Estimación adecuada
Isabela,1990-1994,2,78.52411999469241,78.35694793425287,77.5913429828831,79.31855188727539,Estimación adecuada
Isabela,1995-1999,1,71.86251133480623,71.63022213846119,70.80300871270414,72.40715670475967,Estimación adecuada
Isabela,1995-1999,2,79.50480811685766,79.29340895216303,78.41036777940073,80.38320084697816,Estimación adecuada
Isabela,2000-2004,1,73.31643311223908,73.2200087162505,72.5557050615223,73.94703113815677,Estimación adecuada
Isabela,2000-2004,2,79.66880055796743,79.756179864127,78.95106070007415,80.56617166467615,Estimación adecuada
Isabela,2005-2009,1,75.53006169201437,74.84093805013748,74.0999683898022,75.68922440930024,Estimación adecuada
Isabela,2005-2009,2,80.46868606139569,80.49789909764544,79.58018667903593,81.27767652376588,Estimación adecuada
Isabela,2010-2014,1,76.3459756319445,76.10728490050994,75.42516019229421,77.1739809551296,Estimación adecuada
Isabela,2010-2014,2,82.99199255121863,82.64978700034037,81.75665003473199,83.57492280594195,Estimación adecuada
Isabela,2015-2019,1,78.28631956544136,77.85501038607501,77.11236439635957,78.71680451455069,Estimación adecuada
Isabela,2015-2019,2,84.46499781522432,84.12723528883032,83.24324492503143,85.5479661241897,Estimación adecuada
Isabela,2020-2024,1,78.44494383134611,77.5385799376925,76.719181266138,78.32205314343808,< e0 observado
Isabela,2020-2024,2,84.54430409037892,84.90622751294464,83.65542073955294,85.8538871815598,Estimación adecuada
Jayuya,1980-1984,1,71.54820346169252,71.82074241711175,70.69783920639583,72.80236835849128,Estimación adecuada
Jayuya,1980-1984,2,75.83217282493807,77.2434112886169,76.02380217579316,78.97012217683334,> e0 observado
Jayuya,1985-1989,1,71.8852739133792,71.4383337252685,70.3344377486448,72.60201168774866,Estimación adecuada
Jayuya,1985-1989,2,75.89535009908417,77.08804657166874,75.60464346378319,78.68585932688217,Estimación adecuada
Jayuya,1990-1994,1,71.61501384784762,70.98917636850067,69.95475097164694,72.01569155639066,Estimación adecuada
Jayuya,1990-1994,2,76.60405912768891,78.17024605375715,76.5255470784475,79.83285933924012,Estimación adecuada
Jayuya,1995-1999,1,72.762612067533,72.19086824510003,71.07169568402091,73.11790138583888,Estimación adecuada
Jayuya,1995-1999,2,78.02341987371616,78.51928822285218,77.4338901398657,79.72700380610362,Estimación adecuada
Jayuya,2000-2004,1,74.804694975474,73.6975984690568,72.5884699397331,74.93282555487052,Estimación adecuada
Jayuya,2000-2004,2,82.26030453801704,81.77428140102367,80.1558889168304,83.32301879899711,Estimación adecuada
Jayuya,2005-2009,1,76.29392429833622,75.46633696843548,74.40969200185609,76.72916700935679,Estimación adecuada
Jayuya,2005-2009,2,83.26574991380474,82.400357886614,80.91432412463476,84.01681821177036,Estimación adecuada
Jayuya,2010-2014,1,77.86670993006521,77.22746239982229,75.92716011949634,78.31511249988016,Estimación adecuada
Jayuya,2010-2014,2,83.01935062086235,83.29364435541947,81.58856546578654,84.58736422369293,Estimación adecuada
Jayuya,2015-2019,1,79.09662441043547,78.11799395193955,76.79941566083798,79.41400432713866,Estimación adecuada
Jayuya,2015-2019,2,86.09536520292538,85.67855717240609,84.57381362888492,87.65761052127033,Estimación adecuada
Jayuya,2020-2024,1,80.33778345942194,79.17620887411734,77.94284279397415,80.76965981650443,Estimación adecuada
Jayuya,2020-2024,2,86.05790395955583,85.52772631603023,84.22829284892748,87.32067540165612,Estimación adecuada
Juana Diaz,1980-1984,1,71.10192241498234,71.00911344873607,69.94939183094033,71.87950761781079,Estimación adecuada
Juana Diaz,1980-1984,2,76.03760260059695,76.41328551763465,75.42695977143089,77.46481036375812,Estimación adecuada
Juana Diaz,1985-1989,1,70.59066146569734,70.63325239946383,69.79239561786943,71.65003483169026,Estimación adecuada
Juana Diaz,1985-1989,2,77.72376003285237,77.7113402833161,76.92868687903005,78.8001669227366,Estimación adecuada
Juana Diaz,1990-1994,1,70.59462619152536,70.58839276995566,69.85897865363424,71.39643601953051,Estimación adecuada
Juana Diaz,1990-1994,2,77.80758248720088,77.90530737162179,77.10872944048978,78.73778343635874,Estimación adecuada
Juana Diaz,1995-1999,1,70.63826210363753,70.67112544115349,69.86705150111185,71.38962320521978,Estimación adecuada
Juana Diaz,1995-1999,2,78.23721855538598,78.25261584869894,77.44742586235857,79.25639471302979,Estimación adecuada
Juana Diaz,2000-2004,1,72.42010194033637,72.65527377571321,72.00261322912104,73.35892634202949,Estimación adecuada
Juana Diaz,2000-2004,2,80.07095731748443,79.89130400060594,79.08562111749484,80.99747555020525,Estimación adecuada
Juana Diaz,2005-2009,1,74.09224072675535,74.47704022940181,73.52335241150837,75.42295143970983,Estimación adecuada
Juana Diaz,2005-2009,2,81.70478408921697,81.36412319594959,80.40758187762592,82.31641492920352,Estimación adecuada
Juana Diaz,2010-2014,1,75.9826744595313,75.99577976808649,75.13140506843796,76.92707638139093,Estimación adecuada
Juana Diaz,2010-2014,2,82.91141974537287,82.48260959295902,81.72948380713908,83.76376841101337,Estimación adecuada
Juana Diaz,2015-2019,1,77.4756453319244,77.38855732166957,76.38167755647476,78.37146593092436,Estimación adecuada
Juana Diaz,2015-2019,2,86.60689455981232,85.95552193243068,84.40677618572587,87.16442438078255,Estimación adecuada
Juana Diaz,2020-2024,1,76.12481522857756,76.5490878868936,75.50105802961363,77.40134649628942,Estimación adecuada
Juana Diaz,2020-2024,2,86.09723573194701,85.44661917885948,84.20995910985343,86.64682312606851,Estimación adecuada
Juncos,1980-1984,1,70.4832974097173,70.69925364245594,69.55427025853477,71.8196666413983,Estimación adecuada
Juncos,1980-1984,2,77.17475536145652,77.0711915149871,76.02577870405027,78.40714774113616,Estimación adecuada
Juncos,1985-1989,1,69.32349287604664,69.95022216053036,69.16277367340909,70.84008231093782,Estimación adecuada
Juncos,1985-1989,2,77.84087141019062,77.524335208454,76.4834961514087,78.70304985617136,Estimación adecuada
Juncos,1990-1994,1,69.26314387145591,69.82148789777932,68.7467095053596,70.9359947114071,Estimación adecuada
Juncos,1990-1994,2,78.64376251745605,78.37386362138884,77.31334650443222,79.33479692334215,Estimación adecuada
Juncos,1995-1999,1,70.43259716290989,70.58922148788949,69.77833867933211,71.66205140693057,Estimación adecuada
Juncos,1995-1999,2,78.88321244236762,78.61899206740452,77.6040184484207,79.64896139101103,Estimación adecuada
Juncos,2000-2004,1,73.50676785386435,73.29129844490004,72.45273110774097,74.21119813771494,Estimación adecuada
Juncos,2000-2004,2,80.82760129992721,80.15645021876142,79.32644950609975,81.40616905293092,Estimación adecuada
Juncos,2005-2009,1,72.5823719234395,73.22767889268405,72.25286188272244,74.2315134425262,Estimación adecuada
Juncos,2005-2009,2,80.29148928265256,80.31248462281064,79.35538946303214,81.63668302658698,Estimación adecuada
Juncos,2010-2014,1,74.05814861532626,74.62089173012347,73.68676229257615,75.68040625968646,Estimación adecuada
Juncos,2010-2014,2,82.42841718245143,82.4252962854075,81.17214249326582,83.73724263647537,Estimación adecuada
Juncos,2015-2019,1,76.99651467647962,77.01934659908184,75.9932060550813,77.98531818615075,Estimación adecuada
Juncos,2015-2019,2,83.23323259682593,83.50246976347859,82.44414880828039,84.45953921544461,Estimación adecuada
Juncos,2020-2024,1,76.96779959385644,76.62819852429496,75.62533088928592,77.41894480941497,Estimación adecuada
Juncos,2020-2024,2,85.00221618874696,84.54867500261605,83.17680806784803,86.03365443688378,Estimación adecuada
Lajas,1980-1984,1,72.46316902920564,71.96578550578214,71.03705460320911,73.2391557618614,Estimación adecuada
Lajas,1980-1984,2,77.35030656462364,77.71449090556494,76.51941097810335,79.0527626219986,Estimación adecuada
Lajas,1985-1989,1,73.36206024807198,72.5594132038735,71.43273896459543,73.9488428317436,Estimación adecuada
Lajas,1985-1989,2,77.65847465397064,77.77021418241219,76.70283790034806,79.15365397394737,Estimación adecuada
Lajas,1990-1994,1,72.37357825429245,72.06492349880381,70.93143432100264,73.18523511416518,Estimación adecuada
Lajas,1990-1994,2,79.66328406009775,79.33446242316131,78.40462287107346,80.52283689305337,Estimación adecuada
Lajas,1995-1999,1,72.56496891931091,72.23097611268821,71.39934634567481,73.30481968523742,Estimación adecuada
Lajas,1995-1999,2,79.70456393493818,79.7639795761302,78.69442473831083,80.97226580782915,Estimación adecuada
Lajas,2000-2004,1,74.14208023792457,73.98013690444944,73.06846051781766,74.85887873485196,Estimación adecuada
Lajas,2000-2004,2,81.18752068509266,80.82888482429944,79.84443492822757,81.96359205232167,Estimación adecuada
Lajas,2005-2009,1,76.68683187769454,75.41039805516783,74.53866095666588,76.41460186660316,< e0 observado
Lajas,2005-2009,2,81.73140373208773,81.64141001531934,80.5567852785502,82.83081920458325,Estimación adecuada
Lajas,2010-2014,1,76.92095663234578,76.53431450603149,75.63058878200772,77.69056245270224,Estimación adecuada
Lajas,2010-2014,2,83.39940774512145,83.30821272670744,82.09069398343138,84.30372987322531,Estimación adecuada
Lajas,2015-2019,1,79.16417400599892,78.19675402871036,77.05190289670298,79.5466639111315,Estimación adecuada
Lajas,2015-2019,2,84.33383648976294,84.65852415301279,83.1905862308181,86.09050865067033,Estimación adecuada
Lajas,2020-2024,1,78.13171144418278,77.42878538049351,76.5969622900606,78.38841929940493,Estimación adecuada
Lajas,2020-2024,2,85.69664696158718,85.51726150266575,84.60059021284187,86.88269834862095,Estimación adecuada
Lares,1980-1984,1,70.93967460008611,71.67246572506374,70.8995945094782,72.83541763083264,Estimación adecuada
Lares,1980-1984,2,80.07304720190547,79.61467800079133,78.48659073682852,81.38934173953696,Estimación adecuada
Lares,1985-1989,1,72.07284835603735,72.17708021157665,71.21467369429558,73.1679074084805,Estimación adecuada
Lares,1985-1989,2,80.12906339800288,79.42360650519836,78.28242469284099,80.70707577654812,Estimación adecuada
Lares,1990-1994,1,71.99408741634562,72.08263141260002,71.20975030114764,72.91094308662113,Estimación adecuada
Lares,1990-1994,2,78.72924701770712,78.77135924984199,77.68737202193658,79.59824049458292,Estimación adecuada
Lares,1995-1999,1,74.58529726703922,73.92479218979648,72.79386617632645,74.91024281311228,Estimación adecuada
Lares,1995-1999,2,81.29595428708723,80.82073575021775,79.6815443809707,82.10893006220299,Estimación adecuada
Lares,2000-2004,1,75.1110712856121,74.71257529326311,73.87689659399997,75.69230458203671,Estimación adecuada
Lares,2000-2004,2,81.70641489338435,81.59635575793254,80.4116682732541,82.81693311331355,Estimación adecuada
Lares,2005-2009,1,76.5462882162104,75.70124309550522,74.72890644056596,76.56659129467761,Estimación adecuada
Lares,2005-2009,2,82.28400989612267,82.12291116773117,81.12728315660658,83.27679051042769,Estimación adecuada
Lares,2010-2014,1,79.39080265192932,78.2639484831067,77.36063400345708,79.44102424059308,Estimación adecuada
Lares,2010-2014,2,82.72140750112155,82.48159520639956,81.51018133734351,83.2247703393195,Estimación adecuada
Lares,2015-2019,1,78.13032401868809,77.82112143897896,76.95132727500793,78.7621321782319,Estimación adecuada
Lares,2015-2019,2,84.424471152182,84.43246777556348,83.23716202767886,85.6220830429902,Estimación adecuada
Lares,2020-2024,1,77.84495769277572,78.11419522137298,77.0280214703518,79.32942988243674,Estimación adecuada
Lares,2020-2024,2,84.10188803972103,84.46774219231222,83.52273196130491,85.81222529623992,Estimación adecuada
Las Marias,1980-1984,1,73.81563474744125,73.28987386635816,72.19642152837913,74.64664767808864,Estimación adecuada
Las Marias,1980-1984,2,83.88520673112671,81.19120647089053,79.35623550839577,83.66148737560565,< e0 observado
Las Marias,1985-1989,1,73.62469730038673,73.10822500226365,71.54248734251833,74.67483763975972,Estimación adecuada
Las Marias,1985-1989,2,78.14820547870697,79.89207897013922,77.94066245716206,81.59061226373979,Estimación adecuada
Las Marias,1990-1994,1,74.00881730690156,73.38601298736589,71.8120205390214,74.7893125165441,Estimación adecuada
Las Marias,1990-1994,2,80.22328205184606,80.7145286260239,78.88985545657127,82.15359019244404,Estimación adecuada
Las Marias,1995-1999,1,75.13206537448636,73.83917303087775,72.37903552848633,75.2571971718902,Estimación adecuada
Las Marias,1995-1999,2,81.22000339132549,80.99863352968745,79.47251763556704,82.6026742892219,Estimación adecuada
Las Marias,2000-2004,1,77.0746887546824,75.69540395435871,74.58169141743788,77.6147710266789,Estimación adecuada
Las Marias,2000-2004,2,81.22993587246654,82.56001144069056,80.77744804585916,84.84833925818994,Estimación adecuada
Las Marias,2005-2009,1,78.94241289794024,76.9510171202787,75.44200589783972,78.52293949770757,< e0 observado
Las Marias,2005-2009,2,82.45741722564794,83.51800895609054,81.56435547656994,85.92106583635959,Estimación adecuada
Las Marias,2010-2014,1,78.9874533300309,77.51193778479387,76.07906046816467,78.59375995887356,< e0 observado
Las Marias,2010-2014,2,85.68826589307866,84.85380811848088,83.06870582050257,87.04635911444021,Estimación adecuada
Las Marias,2015-2019,1,78.44180353450636,79.14134238316562,77.74575129535012,80.76706393379692,Estimación adecuada
Las Marias,2015-2019,2,86.2119644760504,86.01236886562994,84.00419396074004,88.44247201337974,Estimación adecuada
Las Marias,2020-2024,1,78.65869602395698,78.94237337981791,77.76198098461424,80.64667687161881,Estimación adecuada
Las Marias,2020-2024,2,88.4892406052294,87.30103809278083,85.35102571981304,90.49980780878,Estimación adecuada
Las Piedras,1980-1984,1,72.4628953772312,72.71355949646016,71.79738380327403,73.87788889943627,Estimación adecuada
Las Piedras,1980-1984,2,77.65886672068534,77.92034601429808,76.8271083683686,79.23148634701533,Estimación adecuada
Las Piedras,1985-1989,1,72.6175420547073,72.30042619743358,71.31252650301528,73.61385166296151,Estimación adecuada
Las Piedras,1985-1989,2,79.00116087428613,79.01348540585333,77.69188837489361,80.35096840397225,Estimación adecuada
Las Piedras,1990-1994,1,71.55978947014577,71.72121821729806,70.71634501390317,72.7319230049246,Estimación adecuada
Las Piedras,1990-1994,2,78.8936505301308,78.85240683301106,77.74448074844852,79.9396943440768,Estimación adecuada
Las Piedras,1995-1999,1,73.7555375015721,72.92815935039451,71.90812982831599,73.61626705084711,< e0 observado
Las Piedras,1995-1999,2,79.79933667371475,79.73196401919185,78.51476624995323,80.71744890552304,Estimación adecuada
Las Piedras,2000-2004,1,74.83778165388009,74.43872384415579,73.59657806214139,75.69296463991303,Estimación adecuada
Las Piedras,2000-2004,2,80.54014043533199,80.4364267332845,79.55505162001248,81.61289430050384,Estimación adecuada
Las Piedras,2005-2009,1,76.55584156350447,75.85904413718151,75.08197378645693,76.95980348226956,Estimación adecuada
Las Piedras,2005-2009,2,82.30870059101942,82.42683964257303,81.3296337815674,83.59046391708242,Estimación adecuada
Las Piedras,2010-2014,1,75.93351372986655,76.45323042658347,75.44374033623788,77.44355787515235,Estimación adecuada
Las Piedras,2010-2014,2,82.5650052808105,82.4906703637003,81.6336171055153,83.74635729156944,Estimación adecuada
Las Piedras,2015-2019,1,78.58935894309695,78.358311483591,77.34420354241755,79.43065101504718,Estimación adecuada
Las Piedras,2015-2019,2,85.3607640329745,85.05741451797155,83.94937983624698,86.27998949608744,Estimación adecuada
Las Piedras,2020-2024,1,77.65607135099413,77.89136702577942,76.74608308716734,78.98989031448005,Estimación adecuada
Las Piedras,2020-2024,2,85.02534012586074,84.74166956463897,83.5256159996762,85.97874067320183,Estimación adecuada
Loiza,1980-1984,1,71.29708119790713,70.75971682727847,69.44778073579543,72.41467119834962,Estimación adecuada
Loiza,1980-1984,2,77.96280313581073,77.45743125481789,75.95838921540087,78.7612557352235,Estimación adecuada
Loiza,1985-1989,1,71.11235934077855,70.7094701395438,69.46423697201197,71.99756558519323,Estimación adecuada
Loiza,1985-1989,2,79.76441464134875,78.67081871615342,77.3067202872438,80.19115881642179,Estimación adecuada
Loiza,1990-1994,1,68.65505357436209,69.12068459592851,68.04460374144615,70.33594066168546,Estimación adecuada
Loiza,1990-1994,2,77.83527198679872,77.85369139250521,76.42909959056963,79.0054583990362,Estimación adecuada
Loiza,1995-1999,1,67.54575668322258,68.9353741180623,67.9941550544481,70.25056476926275,> e0 observado
Loiza,1995-1999,2,80.44991909621369,79.57210866197634,78.19573511748497,81.09142307645581,Estimación adecuada
Loiza,2000-2004,1,69.21795433977262,71.0252980246049,69.82528198556736,71.98651867198208,> e0 observado
Loiza,2000-2004,2,83.71722475677984,82.08295900675463,80.68904852739001,83.76588943376065,Estimación adecuada
Loiza,2005-2009,1,69.49244819404063,71.77339885910374,70.61492538606694,72.85165767995176,> e0 observado
Loiza,2005-2009,2,81.62588342717608,81.2817166885055,80.23975486950846,82.61603920397374,Estimación adecuada
Loiza,2010-2014,1,72.71620374599513,74.25268436577176,72.95052780888318,75.53163474326759,> e0 observado
Loiza,2010-2014,2,83.22740715687155,82.8885634658763,81.44985941887981,84.24073596780849,Estimación adecuada
Loiza,2015-2019,1,76.42256809809959,76.72533026172628,75.8201261703409,78.10778276210219,Estimación adecuada
Loiza,2015-2019,2,84.58243093379357,84.49958871448038,82.98063095639324,86.23609344709095,Estimación adecuada
Loiza,2020-2024,1,74.30071613355503,75.81152033487749,74.6453484424224,76.86851995191097,> e0 observado
Loiza,2020-2024,2,85.89228425330265,85.1605319115431,83.7182034691162,86.74876468432592,Estimación adecuada
Luquillo,1980-1984,1,71.32237106066451,70.99670513646714,69.79517278759629,72.09347730114405,Estimación adecuada
Luquillo,1980-1984,2,96.21054523115929,80.09038893907339,78.05810870936861,83.005726594157,< e0 observado
Luquillo,1985-1989,1,70.58391307233262,70.82323662669467,69.70758810719815,71.67779436964118,Estimación adecuada
Luquillo,1985-1989,2,75.85277823303889,76.7002303869561,75.20174131248281,78.03700585931064,Estimación adecuada
Luquillo,1990-1994,1,69.78687362564872,69.90828015507776,68.81622899045311,71.12310528409807,Estimación adecuada
Luquillo,1990-1994,2,78.65540822491414,78.1827229865535,76.56178549301299,79.50884328216472,Estimación adecuada
Luquillo,1995-1999,1,68.84529148191722,69.58252504114304,68.1577351276866,71.07378846515655,Estimación adecuada
Luquillo,1995-1999,2,77.57073371934368,77.90758934030927,76.69953078489463,79.1068977358988,Estimación adecuada
Luquillo,2000-2004,1,71.56692809461028,71.85749128342255,70.76858960088542,73.14525212612202,Estimación adecuada
Luquillo,2000-2004,2,80.93857359304148,80.5858852918405,79.31672137388767,82.028807908674,Estimación adecuada
Luquillo,2005-2009,1,73.66197666420697,73.96432457912235,72.75046536918663,75.25756953101558,Estimación adecuada
Luquillo,2005-2009,2,80.16453384109049,80.31839333777103,79.3447417573012,81.60143838509936,Estimación adecuada
Luquillo,2010-2014,1,74.125398030716255,75.0617480125976,73.59792414716476,76.53933099328626,Estimación adecuada
Luquillo,2010-2014,2,83.56937802942338,82.88220485624493,81.49657202657346,84.62103888619143,Estimación adecuada
Luquillo,2015-2019,1,78.24158315716944,77.23246203842024,76.03555907558327,78.22679827160559,< e0 observado
Luquillo,2015-2019,2,86.16375324393145,85.2342850982893,83.78760158643152,86.95761512575805,Estimación adecuada
Luquillo,2020-2024,1,76.82778593702754,76.60037521986959,75.50422428534415,77.80568355308586,Estimación adecuada
Luquillo,2020-2024,2,84.96686508096819,84.60414793435535,83.63219036222685,86.72710481405355,Estimación adecuada
Manati,1980-1984,1,69.99769254598455,70.31948731129991,69.38089344180685,71.32239406513003,Estimación adecuada
Manati,1980-1984,2,76.91897319341015,76.86933732905166,76.04388176862085,77.95721868820283,Estimación adecuada
Manati,1985-1989,1,69.40848405753856,69.91214129316376,69.26496483534366,70.93238902218073,Estimación adecuada
Manati,1985-1989,2,78.1365208528677,77.9625960953101,76.69452792753859,79.11603161291134,Estimación adecuada
Manati,1990-1994,1,69.23507276864738,69.78208182569385,68.70295814066512,70.5444869737508,Estimación adecuada
Manati,1990-1994,2,78.13694859634435,77.96156009049814,77.13842719297045,79.186949054162,Estimación adecuada
Manati,1995-1999,1,70.56621278613628,70.77306595597537,69.73895374981744,71.75611923774767,Estimación adecuada
Manati,1995-1999,2,78.18010801536123,78.20164689859467,77.34857425708495,79.17532576657301,Estimación adecuada
Manati,2000-2004,1,73.5059956746808,73.26568354625945,72.2879645720434,74.04979511568547,Estimación adecuada
Manati,2000-2004,2,79.921946292628,79.7511893210224,78.78107370366361,80.72667483292257,Estimación adecuada
Manati,2005-2009,1,74.42317304268016,74.50622346626861,73.55320257268788,75.44909284709539,Estimación adecuada
Manati,2005-2009,2,81.69558612867581,81.27507231605031,80.36019206260593,82.34685860670072,Estimación adecuada
Manati,2010-2014,1,75.79949582054559,75.7503598448394,74.86554155232379,76.43759206033988,Estimación adecuada
Manati,2010-2014,2,82.46392723255103,82.22965529865336,81.2930658556021,83.31690274140206,Estimación adecuada
Manati,2015-2019,1,76.50082129222024,76.89431041746559,75.85876832685597,77.87356644716314,Estimación adecuada
Manati,2015-2019,2,84.47543845885097,84.14356258713985,83.23813597356859,85.07812784400602,Estimación adecuada
Manati,2020-2024,1,76.6410779362147,76.67735907138068,75.77823275819692,77.63595220040344,Estimación adecuada
Manati,2020-2024,2,84.79279277649533,84.47802296552754,83.64122743831288,85.46706326029924,Estimación adecuada
Maricao,1980-1984,1,68.60202825310121,71.61315032022505,70.22208577708525,73.12198023017886,> e0 observado
Maricao,1980-1984,2,78.09479107390814,78.86867584282263,77.23705033050126,80.93806334562612,Estimación adecuada
Maricao,1985-1989,1,74.96773339223955,72.94149706684547,71.33113448037378,74.68210820003877,< e0 observado
Maricao,1985-1989,2,78.61629942834107,79.54179615206905,77.64330685525564,81.9341776206189,Estimación adecuada
Maricao,1990-1994,1,71.6682444194189,71.7585643830767,70.09232187604101,73.21184575215578,Estimación adecuada
Maricao,1990-1994,2,78.7855059436943,79.86152458774163,77.97208503967305,82.12257738975211,Estimación adecuada
Maricao,1995-1999,1,71.33878340346546,71.99923197045275,70.53327995086183,73.3735473204908,Estimación adecuada
Maricao,1995-1999,2,78.99834861586001,80.33612018442227,78.30782817601909,82.20586701660591,Estimación adecuada
Maricao,2000-2004,1,77.71513177879464,75.19001021773303,74.07845067027627,77.13915916411128,< e0 observado
Maricao,2000-2004,2,80.22542908124815,81.70232872080982,79.4211461892083,84.3708302398079,Estimación adecuada
Maricao,2005-2009,1,77.40367339569201,75.69302376222659,73.81569837117794,77.36236421375108,< e0 observado
Maricao,2005-2009,2,82.65920888615886,83.35526542803856,81.24466773873692,85.36751089528428,Estimación adecuada
Maricao,2010-2014,1,78.78632855189304,77.18531553403041,75.88331874475398,79.1185208219183,Estimación adecuada
Maricao,2010-2014,2,86.34203171038145,85.319577946853,83.14399291048161,87.97807159679924,Estimación adecuada
Maricao,2015-2019,1,75.94252949549474,77.79431531891876,76.54312050401055,79.82553800815145,> e0 observado
Maricao,2015-2019,2,88.98166952275554,87.059914079436,84.30354538178858,90.35487091223689,Estimación adecuada
Maricao,2020-2024,1,78.97029384636113,78.40668549956916,76.78777598115038,80.48496102643375,Estimación adecuada
Maricao,2020-2024,2,84.52027651105944,84.03982643000015,82.6758563335702,86.48071485638076,Estimación adecuada
Maunabo,1980-1984,1,71.14680086853208,71.73164079996417,70.59383072971976,73.33685348179293,Estimación adecuada
Maunabo,1980-1984,2,78.1067644645637,78.56102659510617,76.7034765711673,80.42112442157512,Estimación adecuada
Maunabo,1985-1989,1,73.14754634531097,72.28366926998311,71.08179650590733,73.50561130203792,Estimación adecuada
Maunabo,1985-1989,2,80.26716511735238,79.4131602202928,78.00431125344858,81.46188779984111,Estimación adecuada
Maunabo,1990-1994,1,72.41659695481869,72.13120834844273,71.01433366477546,73.46941589544065,Estimación adecuada
Maunabo,1990-1994,2,80.63599878230829,79.89845288920937,78.77540804200828,81.22604480718836,Estimación adecuada
Maunabo,1995-1999,1,71.29560582062038,71.53498939269444,70.42745349579025,72.85407226984894,Estimación adecuada
Maunabo,1995-1999,2,79.21035551708708,79.85571988764019,78.3375494385196,81.32329847269233,Estimación adecuada
Maunabo,2000-2004,1,73.80432839475543,73.99141484872868,72.7517454112589,75.03089006319317,Estimación adecuada
Maunabo,2000-2004,2,81.50289326156216,81.42401778707051,79.8058924855846,83.11447601250279,Estimación adecuada
Maunabo,2005-2009,1,74.64232752557565,74.39822931063239,73.37975717835275,75.64453724546624,Estimación adecuada
Maunabo,2005-2009,2,82.94220641756984,83.10286645961409,81.23810775988537,84.85515961344558,Estimación adecuada
Maunabo,2010-2014,1,74.8339607817344,75.62284866137577,74.35661016352455,77.172177108693,Estimación adecuada
Maunabo,2010-2014,2,84.96652627183896,84.69696170625308,82.80714016943332,87.57092529686811,Estimación adecuada
Maunabo,2015-2019,1,78.86941488241771,77.83068406247465,76.66676679087368,78.93309268107731,Estimación adecuada
Maunabo,2015-2019,2,85.85027789954904,85.40448559116116,83.44255430413803,87.8616801694473,Estimación adecuada
Maunabo,2020-2024,1,73.9175174535675,76.30834909926355,75.05048003912222,77.77688858708912,> e0 observado
Maunabo,2020-2024,2,82.49945155414667,83.11182777887788,82.0427965181234,84.43927263734676,Estimación adecuada
Mayaguez,1980-1984,1,70.16347210674796,70.32656191233065,69.75257459122219,71.01778123731222,Estimación adecuada
Mayaguez,1980-1984,2,77.60512196844877,77.23591737786188,76.76429081365933,77.86307151141196,Estimación adecuada
Mayaguez,1985-1989,1,70.43422694514761,70.47825242251434,69.95718052323932,71.21269528735706,Estimación adecuada
Mayaguez,1985-1989,2,77.94340408933364,77.83357660927604,77.23576657059672,78.53171475339315,Estimación adecuada
Mayaguez,1990-1994,1,70.24642591292358,70.29800498895938,69.73352949539454,70.83590602295402,Estimación adecuada
Mayaguez,1990-1994,2,78.67215935241931,78.3695575121772,77.80269323444966,79.0019256567057,Estimación adecuada
Mayaguez,1995-1999,1,70.79228679899191,70.92456970335692,70.25063186221358,71.44134693243758,Estimación adecuada
Mayaguez,1995-1999,2,79.57023177554109,79.36984822196624,78.73997287404862,79.91324893072493,Estimación adecuada
Mayaguez,2000-2004,1,73.63502357565517,73.51542680453159,73.02769304920517,74.1842375722673,Estimación adecuada
Mayaguez,2000-2004,2,81.32752458798765,81.0688599154098,80.36185387763351,81.91718978302816,Estimación adecuada
Mayaguez,2005-2009,1,73.96494214443702,74.01949765404134,73.49066075832019,74.6976155211416,Estimación adecuada
Mayaguez,2005-2009,2,81.49974889865346,81.32665857504392,80.74251423481982,82.00678018409204,Estimación adecuada
Mayaguez,2010-2014,1,74.96249416874119,74.89937715181384,74.33643385655756,75.48409311672177,Estimación adecuada
Mayaguez,2010-2014,2,82.81805760395481,82.639593795746,81.9705796250233,83.3143192729576,Estimación adecuada
Mayaguez,2015-2019,1,77.18178911462695,77.35431166275082,76.62610401832,78.16813080541442,Estimación adecuada
Mayaguez,2015-2019,2,85.03789447163464,84.92838120290412,83.874319279374,85.71885490564178,Estimación adecuada
Mayaguez,2020-2024,1,76.09571809909919,76.48092534167795,75.63547209032505,77.23212941316919,Estimación adecuada
Mayaguez,2020-2024,2,84.85251261520094,84.85712145137131,83.66162894917142,85.752850956786,Estimación adecuada
Moca,1980-1984,1,71.47861356859958,72.24507565902141,71.15970806230865,73.40618676432783,Estimación adecuada
Moca,1980-1984,2,77.57729967024724,78.12653449114282,76.78560137118626,79.42286106981409,Estimación adecuada
Moca,1985-1989,1,74.13223338906987,73.3158486329542,72.5227842930627,74.40049285673949,Estimación adecuada
Moca,1985-1989,2,78.76717836323876,78.81889655124998,77.85524299226816,80.08856059944577,Estimación adecuada
Moca,1990-1994,1,74.38613122856178,73.65749063187789,72.60853427646865,74.82413345698771,Estimación adecuada
Moca,1990-1994,2,79.33086248782432,79.24826723220701,78.08074232633166,80.60178630062788,Estimación adecuada
Moca,1995-1999,1,73.93016893221346,73.41940380758861,72.45618119458419,74.25683759984743,Estimación adecuada
Moca,1995-1999,2,79.92298518560595,79.70903760933331,78.75775886361855,80.73802440036303,Estimación adecuada
Moca,2000-2004,1,76.88913106198095,75.96706172483141,75.20547273758383,77.13884638534006,Estimación adecuada
Moca,2000-2004,2,81.20152141336699,81.41062195624528,80.25362423740006,82.94734298749722,Estimación adecuada
Moca,2005-2009,1,78.23027972920578,77.2753446681808,76.37668463098632,78.33041934478555,Estimación adecuada
Moca,2005-2009,2,81.64729368972594,81.99140729421322,80.85720696304887,82.91602039476274,Estimación adecuada
Moca,2010-2014,1,78.39894219071823,77.88118233127418,77.02994713839149,78.80593006476093,Estimación adecuada
Moca,2010-2014,2,82.3431083414248,82.57095020194004,81.61029626026436,83.50429329642598,Estimación adecuada
Moca,2015-2019,1,78.86942315370179,78.62150553698594,77.65448549128817,79.66698965624909,Estimación adecuada
Moca,2015-2019,2,85.12050775808935,85.11106607732444,84.1287727306983,86.64555991201614,Estimación adecuada
Moca,2020-2024,1,79.5196148813842,79.2158234495648,78.30170374599228,80.16694414915472,Estimación adecuada
Moca,2020-2024,2,84.83463123511952,85.15722021699295,83.97870499113219,86.00747229766228,Estimación adecuada
Morovis,1980-1984,1,72.75449760171898,72.64150149747698,71.4415989919384,73.85318016460334,Estimación adecuada
Morovis,1980-1984,2,79.58978615306602,79.52975506360464,77.93614969468514,80.92271127366413,Estimación adecuada
Morovis,1985-1989,1,73.00155031190296,72.8532546034025,71.68727780932315,73.81567918121391,Estimación adecuada
Morovis,1985-1989,2,79.18909920848033,79.03652669248297,78.02110590282457,80.43653204882033,Estimación adecuada
Morovis,1990-1994,1,74.7129408866261,73.57188036827935,72.3910537016109,74.56961034440948,< e0 observado
Morovis,1990-1994,2,79.13950712220092,79.30183418456346,78.2481862083929,80.31684711754019,Estimación adecuada
Morovis,1995-1999,1,72.82153464768288,72.66629017453074,71.38069104175304,73.89033149769432,Estimación adecuada
Morovis,1995-1999,2,80.70735984476201,80.7465783849895,79.27178854035662,82.21723149504358,Estimación adecuada
Morovis,2000-2004,1,74.10293235770516,74.54465023557245,73.64784803689327,75.72893459388874,Estimación adecuada
Morovis,2000-2004,2,82.09073872809745,81.89782489635553,80.59253821538114,83.51168423124238,Estimación adecuada
Morovis,2005-2009,1,76.91529332323657,76.25748661146109,75.31021058377075,77.31820251354702,Estimación adecuada
Morovis,2005-2009,2,83.05104709140619,82.6713578839328,81.29289263714189,84.00522709989448,Estimación adecuada
Morovis,2010-2014,1,77.08123150152963,77.32316784629575,76.27503426978805,78.63185179147054,Estimación adecuada
Morovis,2010-2014,2,83.34182688922566,83.3942627184517,82.23457961378585,84.51906555140431,Estimación adecuada
Morovis,2015-2019,1,78.96515859481998,78.43524525066641,77.19013169794188,79.50330870385821,Estimación adecuada
Morovis,2015-2019,2,87.15880943526801,86.1968266130969,84.55358303884535,87.9561137058184,Estimación adecuada
Morovis,2020-2024,1,78.2458123408178,78.6849225099788,77.70204917364349,79.47485491735375,Estimación adecuada
Morovis,2020-2024,2,84.91369846953171,85.590213314068,84.39777717051973,87.145965721913,Estimación adecuada
Naguabo,1980-1984,1,71.84412346105836,71.63409656753043,70.4051725807095,72.88665988066029,Estimación adecuada
Naguabo,1980-1984,2,76.70981740677908,76.62999433341412,75.3671731392334,78.11112805694736,Estimación adecuada
Naguabo,1985-1989,1,70.3877807756849,70.49860501366689,69.48754537336939,71.68662067444626,Estimación adecuada
Naguabo,1985-1989,2,77.29975247108982,77.21521585586383,76.35332994077439,78.51619141143456,Estimación adecuada
Naguabo,1990-1994,1,69.935755323165,70.10260587123548,69.25561813988341,71.0114462803653,Estimación adecuada
Naguabo,1990-1994,2,77.27690861530172,77.90777460141352,76.52672859052184,79.34309981217365,Estimación adecuada
Naguabo,1995-1999,1,69.72322516574484,70.3414775725679,69.21720071323519,71.36959268902778,Estimación adecuada
Naguabo,1995-1999,2,76.82881627212045,77.24021094838446,76.1609054229632,78.15987399899817,Estimación adecuada
Naguabo,2000-2004,1,72.06654411146116,72.2811309001006,71.15987641537173,73.38403204418668,Estimación adecuada
Naguabo,2000-2004,2,79.7628328934226,80.14694834075196,79.04768743782586,81.53076651101374,Estimación adecuada
Naguabo,2005-2009,1,73.77862572143668,73.87829900222664,72.71280764145047,74.84888722311841,Estimación adecuada
Naguabo,2005-2009,2,80.62404690696854,80.86719553110123,79.69735815355747,82.21468540124334,Estimación adecuada
Naguabo,2010-2014,1,75.11164062971052,74.90481003288686,73.94707925894016,75.83116380231837,Estimación adecuada
Naguabo,2010-2014,2,82.93958682980916,82.41532166681185,81.09139441811978,83.66004836145828,Estimación adecuada
Naguabo,2015-2019,1,76.26882750450046,76.13396466114315,74.99125717329083,77.08814460989015,Estimación adecuada
Naguabo,2015-2019,2,84.83022686610576,84.49440300092957,83.27582397651912,86.12060846360191,Estimación adecuada
Naguabo,2020-2024,1,77.23171232523964,76.80295341245193,75.84281063422445,77.76400349811162,Estimación adecuada
Naguabo,2020-2024,2,83.84568426869097,83.81134563624344,82.53738674347471,85.5316807512654,Estimación adecuada
Naranjito,1980-1984,1,74.98820136337291,74.23680961430534,73.28296666254657,75.66065852543372,Estimación adecuada
Naranjito,1980-1984,2,82.09597951709326,80.52062161861525,78.90951207410836,82.28550396926963,Estimación adecuada
Naranjito,1985-1989,1,74.14321504502335,73.48651108622215,72.49140674348583,74.59776832327307,Estimación adecuada
Naranjito,1985-1989,2,81.17666750110004,80.45939004357736,79.0727074621538,81.76232481495205,Estimación adecuada
Naranjito,1990-1994,1,72.65469281143538,72.67302013055271,71.65871250860413,73.75079604928742,Estimación adecuada
Naranjito,1990-1994,2,80.53672985190586,80.68547808469174,79.33903882516071,82.00042836203741,Estimación adecuada
Naranjito,1995-1999,1,71.78384170584214,72.09288811970109,70.91558373199231,73.18956201270879,Estimación adecuada
Naranjito,1995-1999,2,81.60503745588989,80.99104742337158,79.99060094456723,82.52488797410265,Estimación adecuada
Naranjito,2000-2004,1,75.02066724722975,74.89595188097329,73.83780947262625,76.25646863156393,Estimación adecuada
Naranjito,2000-2004,2,82.02786957174214,81.91177293963133,80.62986279446261,83.00838855352595,Estimación adecuada
Naranjito,2005-2009,1,75.97305227428454,76.09729113810575,74.77291064305882,77.29048825358754,Estimación adecuada
Naranjito,2005-2009,2,81.50399850212823,82.05909993730734,80.75461297467234,83.28238783284505,Estimación adecuada
Naranjito,2010-2014,1,78.20596950921357,77.66921064686716,76.62887249217624,79.09989043946577,Estimación adecuada
Naranjito,2010-2014,2,82.65441935713193,83.61310379590363,82.40098201762305,84.77313410709762,Estimación adecuada
Naranjito,2015-2019,1,79.79942567224485,79.52857834146579,78.4476483090733,80.77158592506926,Estimación adecuada
Naranjito,2015-2019,2,86.72388771081324,86.65095193679784,85.7167062769522,88.33249797203553,Estimación adecuada
Naranjito,2020-2024,1,76.58250173203984,77.51284873548325,76.68690226039254,78.60823239340553,> e0 observado
Naranjito,2020-2024,2,85.5864530860636,85.1823601515083,83.8539580312746,86.44205481415568,Estimación adecuada
Orocovis,1980-1984,1,73.68697408485414,73.41282103760389,71.9857147855716,74.75816811311509,Estimación adecuada
Orocovis,1980-1984,2,79.52890987399995,79.4950912213499,77.86558320828084,81.07042920754739,Estimación adecuada
Orocovis,1985-1989,1,72.86313442913975,72.6781400413324,71.75269821499944,73.79779080519987,Estimación adecuada
Orocovis,1985-1989,2,83.00284611084997,81.36427623981753,79.57766779794326,82.91014556911836,< e0 observado
Orocovis,1990-1994,1,70.6546043654978,71.32010739243027,70.18772211655521,72.46378926020546,Estimación adecuada
Orocovis,1990-1994,2,80.6362204849656,80.04862609540953,78.89080605073346,82.19753504736713,Estimación adecuada
Orocovis,1995-1999,1,73.67698769121861,73.34191975053753,72.24175974604279,74.45975427826943,Estimación adecuada
Orocovis,1995-1999,2,79.89715435282756,80.00637443465351,78.7253954272051,81.54580823845724,Estimación adecuada
Orocovis,2000-2004,1,74.30531059061678,74.39675601849405,73.21865698901132,75.49063289869287,Estimación adecuada
Orocovis,2000-2004,2,82.7682053865501,82.53948516599176,81.05069538964977,84.28872274204002,Estimación adecuada
Orocovis,2005-2009,1,75.65599075985115,75.72151640068905,74.6655932141748,76.79855807853254,Estimación adecuada
Orocovis,2005-2009,2,81.23465089468093,81.69839174020515,80.38583612430878,83.25736373421326,Estimación adecuada
Orocovis,2010-2014,1,78.72609688729915,77.76474561514084,76.31370820900963,79.56275901327759,Estimación adecuada
Orocovis,2010-2014,2,83.46032948812693,83.18257070395987,81.61190260522326,84.57464404226567,Estimación adecuada
Orocovis,2015-2019,1,78.31348130255999,78.09979202021806,76.80269784547909,79.20747441599696,Estimación adecuada
Orocovis,2015-2019,2,84.96910673692187,85.07211750589664,83.6013046781846,86.87314098386935,Estimación adecuada
Orocovis,2020-2024,1,77.80883766643083,78.46896500897235,77.13552450865225,79.97705545585357,Estimación adecuada
Orocovis,2020-2024,2,84.81893104480201,84.89461756788626,83.32810013372594,86.10767527654897,Estimación adecuada
Patillas,1980-1984,1,71.2919207839744,71.78606635219299,70.73855057102719,72.78778187810322,Estimación adecuada
Patillas,1980-1984,2,77.55331848134108,77.62671488104942,76.29127295193494,79.53318903267645,Estimación adecuada
Patillas,1985-1989,1,71.37552114824256,70.89610904907892,69.97427046139933,72.16273809732554,Estimación adecuada
Patillas,1985-1989,2,79.24042850774778,78.67709066829997,77.54182354650516,79.93996180884938,Estimación adecuada
Patillas,1990-1994,1,72.50760666915836,71.5358765233367,70.23167367165317,72.78737215997123,Estimación adecuada
Patillas,1990-1994,2,78.396020908419,78.42141276730807,76.89333309525416,79.92436564187773,Estimación adecuada
Patillas,1995-1999,1,71.16809015939647,71.40164493332414,70.25492944445139,72.59003618424018,Estimación adecuada
Patillas,1995-1999,2,78.52476688729733,78.35801238145791,76.83862540791739,79.51597566103237,Estimación adecuada
Patillas,2000-2004,1,73.84030571885792,73.54797891093605,72.47600780022134,74.71923911641069,Estimación adecuada
Patillas,2000-2004,2,80.28524555250978,80.67806598813819,79.4026123344575,81.93132922595615,Estimación adecuada
Patillas,2005-2009,1,74.71797456893655,74.40336722194695,73.03045358811735,75.54479149093152,Estimación adecuada
Patillas,2005-2009,2,82.37229150118687,81.65782770903559,80.32768276229119,83.01955026978997,Estimación adecuada
Patillas,2010-2014,1,75.64302541877272,76.004861487759,74.84999930729145,77.0607629330523,Estimación adecuada
Patillas,2010-2014,2,82.97344642216791,83.29696418817565,82.10197024535566,84.94279883539406,Estimación adecuada
Patillas,2015-2019,1,77.44243369136635,77.35100591247988,76.02725018107267,78.56810951383417,Estimación adecuada
Patillas,2015-2019,2,85.62464985032581,85.54925906676908,83.89310334678727,87.70701788617413,Estimación adecuada
Patillas,2020-2024,1,75.4428131511174,76.38396933539515,75.59807930265491,77.54756223960045,> e0 observado
Patillas,2020-2024,2,83.73266646624228,85.33038320824836,83.78343371843734,87.21934546441443,> e0 observado
Penuelas,1980-1984,1,72.35786944424055,71.66180458740345,70.45109308678937,72.92430906214962,Estimación adecuada
Penuelas,1980-1984,2,77.42169553222374,77.5577927355331,76.38580769941433,78.82251891206518,Estimación adecuada
Penuelas,1985-1989,1,72.76539154925341,71.94953043919794,70.71041630633148,73.04454455730055,Estimación adecuada
Penuelas,1985-1989,2,78.26925344407194,78.05818794234708,77.0755909761251,79.41144350440894,Estimación adecuada
Penuelas,1990-1994,1,71.6518283419231,71.06755315949935,70.17738323102424,72.19933461230946,Estimación adecuada
Penuelas,1990-1994,2,78.09730287289996,78.14675079024593,77.08510984033195,79.32589752379708,Estimación adecuada
Penuelas,1995-1999,1,72.51086800891099,71.83217869731189,70.81389500961932,72.81082522902122,Estimación adecuada
Penuelas,1995-1999,2,77.85186468595465,78.49484755009746,77.17606845557776,80.2586646706024,Estimación adecuada
Penuelas,2000-2004,1,73.06979986248778,72.95272467604346,71.93790532356113,73.80673291168432,Estimación adecuada
Penuelas,2000-2004,2,80.74681115313095,80.61945967956595,79.30704139153539,82.30910061463396,Estimación adecuada
Penuelas,2005-2009,1,74.32588415517951,74.32230299195368,73.2981363175022,75.462103401561,Estimación adecuada
Penuelas,2005-2009,2,83.85447484865448,82.82197807620679,81.04530662687202,85.06840417608029,Estimación adecuada
Penuelas,2010-2014,1,77.2161868060379,76.79123902365713,75.59719909592837,78.34855898711533,Estimación adecuada
Penuelas,2010-2014,2,82.37054992803498,82.23570569431146,81.18471441956024,83.68034157251678,Estimación adecuada
Penuelas,2015-2019,1,76.94988280019332,76.9615936467839,75.76474288659338,77.98627590441205,Estimación adecuada
Penuelas,2015-2019,2,83.52991574696982,83.61266778508,82.38989543224884,85.40749861117234,Estimación adecuada
Penuelas,2020-2024,1,78.19759662594926,77.45437565626952,76.38472485276445,78.76362623692606,Estimación adecuada
Penuelas,2020-2024,2,83.13779961346445,83.35928551988991,82.02198273275201,84.7853110760254,Estimación adecuada
Ponce,1980-1984,1,70.95163851465587,70.86035272447953,70.3667491678726,71.21716610050996,Estimación adecuada
Ponce,1980-1984,2,77.90393491985162,77.54841353197068,77.08307343898127,77.99436728809275,Estimación adecuada
Ponce,1985-1989,1,68.92037207804252,69.10432811546497,68.65842557497058,69.5222620330637,Estimación adecuada
Ponce,1985-1989,2,77.3120135977883,77.21826243439898,76.69496177218016,77.76825472032388,Estimación adecuada
Ponce,1990-1994,1,68.07009878068561,68.29288743749271,67.71923871648966,68.78938411787341,Estimación adecuada
Ponce,1990-1994,2,77.70322992022791,77.81902037892992,77.18587151882431,78.20440926395287,Estimación adecuada
Ponce,1995-1999,1,68.8945019576824,69.1230466794564,68.62345318764724,69.52550063872914,Estimación adecuada
Ponce,1995-1999,2,78.64616620265484,78.44202425898582,78.05777011537472,78.99893296952135,Estimación adecuada
Ponce,2000-2004,1,71.88287158339286,71.98493325559622,71.53015473079785,72.49517245902365,Estimación adecuada
Ponce,2000-2004,2,80.17053819569585,79.91598395081238,79.4604554495767,80.41104366881973,Estimación adecuada
Ponce,2005-2009,1,72.59239776230434,72.79372784463155,72.18933907925776,73.31107540361737,Estimación adecuada
Ponce,2005-2009,2,81.60505937401689,81.45314022061316,80.90787200208797,82.05156014419586,Estimación adecuada
Ponce,2010-2014,1,74.90584213235752,74.98436613195986,74.33795944614761,75.47753761424943,Estimación adecuada
Ponce,2010-2014,2,81.84526785237593,81.84937549624819,81.39117264828494,82.4957748401713,Estimación adecuada
Ponce,2015-2019,1,75.94818443525777,76.16705944323563,75.59256428475771,76.64749547038531,Estimación adecuada
Ponce,2015-2019,2,84.573600741168,84.47817797223048,83.80392373339825,85.19016862190882,Estimación adecuada
Ponce,2020-2024,1,76.11579149445392,76.116667618474,75.56217795943923,76.81063640936327,Estimación adecuada
Ponce,2020-2024,2,84.14984563358192,83.8649596230615,83.26717136355074,84.45635466679991,Estimación adecuada
Quebradillas,1980-1984,1,71.5804748432608,71.46839362469677,70.00685380441296,72.56998033433233,Estimación adecuada
Quebradillas,1980-1984,2,79.23938165137665,78.68119579465207,77.24905913489494,79.95472625442787,Estimación adecuada
Quebradillas,1985-1989,1,70.63546474047975,70.85122927215883,69.94711223689615,71.9526663691429,Estimación adecuada
Quebradillas,1985-1989,2,77.80764334555457,77.51462394831051,76.42256960071953,78.64333802842263,Estimación adecuada
Quebradillas,1990-1994,1,72.04068810225141,71.50313771958506,70.54988435446693,72.52316441008247,Estimación adecuada
Quebradillas,1990-1994,2,79.32174470623532,78.55480304338784,77.652518063078,80.17519277562891,Estimación adecuada
Quebradillas,1995-1999,1,72.62949799850028,71.66362330079363,70.58208065191444,72.7821060954974,Estimación adecuada
Quebradillas,1995-1999,2,78.8521877504248,78.59422502972537,77.83795721589863,79.73497095900747,Estimación adecuada
Quebradillas,2000-2004,1,73.75120320482118,73.34555337911021,72.18208616806507,74.4431075380651,Estimación adecuada
Quebradillas,2000-2004,2,79.64696913052158,79.8354089440138,78.93797945056889,80.74273604202878,Estimación adecuada
Quebradillas,2005-2009,1,76.4702021217705,75.15330117811723,74.10706091274477,76.35775963865646,< e0 observado
Quebradillas,2005-2009,2,82.57479226170334,82.2733576327471,80.81071501961299,84.15090546705551,Estimación adecuada
Quebradillas,2010-2014,1,76.84416482352528,76.42525745501074,75.13673536695671,77.69573843176738,Estimación adecuada
Quebradillas,2010-2014,2,83.16432092953069,83.05732087917569,81.692305244745,84.5823834604238,Estimación adecuada
Quebradillas,2015-2019,1,77.52581972834565,77.30074357731247,76.3143762219942,78.18598935183138,Estimación adecuada
Quebradillas,2015-2019,2,83.89036641680575,83.51812044198265,82.63241036957365,85.02612199800554,Estimación adecuada
Quebradillas,2020-2024,1,78.45741764289136,77.33405644889676,76.3076933078249,78.74864803610551,Estimación adecuada
Quebradillas,2020-2024,2,84.02514632890372,83.90849001957203,82.83115864155897,85.11426163360076,Estimación adecuada
Rincon,1980-1984,1,71.31036542846637,72.67927787691278,71.18191963875765,74.16158185517114,Estimación adecuada
Rincon,1980-1984,2,78.23121876259758,78.6630602037884,77.18148877550202,79.98263371803348,Estimación adecuada
Rincon,1985-1989,1,72.68195818723761,72.43808146999238,71.54304606150613,73.88412537614748,Estimación adecuada
Rincon,1985-1989,2,78.13112109379762,78.74445099826018,77.66785278555773,80.44192418459247,Estimación adecuada
Rincon,1990-1994,1,74.46482669947628,73.17750510576612,71.8980487934073,74.91084651398629,Estimación adecuada
Rincon,1990-1994,2,79.71875830965256,79.37045801587279,78.28099516934685,81.05497945998577,Estimación adecuada
Rincon,1995-1999,1,71.81900034746621,71.8036968979105,70.68071155041844,72.81188819144181,Estimación adecuada
Rincon,1995-1999,2,80.4078903895804,80.31020273496677,79.00870424229015,81.71379273906615,Estimación adecuada
Rincon,2000-2004,1,75.07948363707656,74.80316874195526,73.4245059117047,75.87390909390331,Estimación adecuada
Rincon,2000-2004,2,82.97798833076854,82.14949124067948,80.7371151808565,83.88529036037849,Estimación adecuada
Rincon,2005-2009,1,76.37954961336744,75.85520015441404,74.73332895613127,76.88973207022792,Estimación adecuada
Rincon,2005-2009,2,80.35621164685101,81.31726358225191,79.9647388297416,82.70040150768824,Estimación adecuada
Rincon,2010-2014,1,79.61051534555456,77.88171067547887,76.66498952123497,78.9040740328807,< e0 observado
Rincon,2010-2014,2,83.80210551828287,83.97164458529907,82.46432666572605,85.9297018185193,Estimación adecuada
Rincon,2015-2019,1,79.17285737161941,78.82872892196275,77.62388182136132,80.45232305058674,Estimación adecuada
Rincon,2015-2019,2,86.30943741112463,86.34273825497797,84.40812827290395,88.236579153153,Estimación adecuada
Rincon,2020-2024,1,79.87445814115418,79.64689916197025,78.22327136271595,80.7118497247366,Estimación adecuada
Rincon,2020-2024,2,86.12132225159803,85.7553481593365,84.42915192725835,87.03921598760901,Estimación adecuada
Rio Grande,1980-1984,1,71.31055270884488,71.09801371194227,70.31271348061622,72.15588636528487,Estimación adecuada
Rio Grande,1980-1984,2,77.8338345029928,77.52877243707805,76.53970964770463,78.59756170390853,Estimación adecuada
Rio Grande,1985-1989,1,72.55792010168767,71.8767735322372,71.08001148990783,72.87988778773627,Estimación adecuada
Rio Grande,1985-1989,2,78.55898208748316,78.37206246406498,77.38497859836072,79.52050620255086,Estimación adecuada
Rio Grande,1990-1994,1,69.8066408540921,70.23757271602824,69.32388392708972,70.89993935156335,Estimación adecuada
Rio Grande,1990-1994,2,79.04176505901863,78.87829379870546,77.87531879087416,80.0451931195011,Estimación adecuada
Rio Grande,1995-1999,1,69.24216716509197,69.96962235813974,69.05321816544986,70.83751091559122,Estimación adecuada
Rio Grande,1995-1999,2,78.57122528721384,78.6371842369297,77.7434918550785,79.50644043851389,Estimación adecuada
Rio Grande,2000-2004,1,73.5987446256221,73.56098801512569,72.7681211301388,74.36690755990767,Estimación adecuada
Rio Grande,2000-2004,2,80.92764017417292,80.71593542487972,79.82842507952654,81.94292976378233,Estimación adecuada
Rio Grande,2005-2009,1,74.74267006153134,74.86527081120099,74.08655543884848,75.91271960175473,Estimación adecuada
Rio Grande,2005-2009,2,82.25371975622028,81.84249913874065,80.78797549484062,82.67858727598234,Estimación adecuada
Rio Grande,2010-2014,1,75.62464241200296,75.73010199328714,74.78764565614104,76.77224492549503,Estimación adecuada
Rio Grande,2010-2014,2,81.93516108938404,82.01386794272904,81.16808835911237,83.14730621711598,Estimación adecuada
Rio Grande,2015-2019,1,77.32038501383934,77.40523488133006,76.43328070422557,78.58798611604425,Estimación adecuada
Rio Grande,2015-2019,2,84.73128165771396,84.39340646532649,83.24502548230883,85.5912877741626,Estimación adecuada
Rio Grande,2020-2024,1,76.09079051682853,76.58770643291297,75.65709227805414,77.47754028226207,Estimación adecuada
Rio Grande,2020-2024,2,84.92626206233898,85.26082773572544,84.24228274934893,86.32863730087456,Estimación adecuada
Sabana Grande,1980-1984,1,72.94260252849719,72.10135373375755,70.94172683802388,73.15278174008631,Estimación adecuada
Sabana Grande,1980-1984,2,76.79030160326006,77.28607473232285,75.93233372813029,78.53640026444725,Estimación adecuada
Sabana Grande,1985-1989,1,72.60670516660508,72.06964840439747,70.87307916853155,73.21545296556302,Estimación adecuada
Sabana Grande,1985-1989,2,79.46020484114078,78.763830501652,77.68978443591197,80.19935976495478,Estimación adecuada
Sabana Grande,1990-1994,1,71.96878186562466,71.55891813260607,70.5516367702234,72.23676544538318,Estimación adecuada
Sabana Grande,1990-1994,2,77.52973712888554,77.60200329936214,76.73403460427922,78.47040631012257,Estimación adecuada
Sabana Grande,1995-1999,1,72.42496764545729,71.9239978398851,70.8371666116503,72.98419788359132,Estimación adecuada
Sabana Grande,1995-1999,2,77.8549110688198,77.83160356567501,76.88082313549594,78.83020599820773,Estimación adecuada
Sabana Grande,2000-2004,1,75.19081545433245,74.2412221917206,73.2161675407581,75.29486645652122,Estimación adecuada
Sabana Grande,2000-2004,2,80.10304388750191,80.53551796701856,79.35220451058537,81.89424025239128,Estimación adecuada
Sabana Grande,2005-2009,1,75.77699216646894,74.93924865414553,73.74751096390106,75.92251065302025,Estimación adecuada
Sabana Grande,2005-2009,2,80.72892003066303,81.24168720043312,79.99821112843938,82.82421535033109,Estimación adecuada
Sabana Grande,2010-2014,1,75.70526772953107,75.91623615170406,74.80230109658373,77.0014358846264,Estimación adecuada
Sabana Grande,2010-2014,2,83.3057418970242,83.082042142109,82.24074492054928,84.30669450829183,Estimación adecuada
Sabana Grande,2015-2019,1,77.43470484017462,76.92385676650335,76.08916594966286,78.06976230965623,Estimación adecuada
Sabana Grande,2015-2019,2,83.12156944238525,83.07593174278747,81.96081488479106,84.28013127202216,Estimación adecuada
Sabana Grande,2020-2024,1,77.44105015726227,77.58466961787796,76.2607733777022,78.40676772451138,Estimación adecuada
Sabana Grande,2020-2024,2,83.44790990052292,84.58918360669026,83.20982330019044,85.78409200826937,Estimación adecuada
Salinas,1980-1984,1,69.34771587119822,69.7510942221445,68.82352548127935,70.87281746717869,Estimación adecuada
Salinas,1980-1984,2,77.00356882697933,76.91011887823657,75.9101869108465,78.19354796925779,Estimación adecuada
Salinas,1985-1989,1,67.8768913469486,68.96084395293636,68.03285428116911,70.1507241272613,> e0 observado
Salinas,1985-1989,2,76.51927305162637,76.79716584610755,75.67957250712018,77.8274749419563,Estimación adecuada
Salinas,1990-1994,1,69.60135801885075,69.96081119584548,68.96455137196185,70.96361043535487,Estimación adecuada
Salinas,1990-1994,2,77.16626361655916,77.6912772661307,76.7213095276513,78.9244451596179,Estimación adecuada
Salinas,1995-1999,1,69.29023548543516,69.70839963639241,68.76224213734432,70.83012080208871,Estimación adecuada
Salinas,1995-1999,2,79.22383445714814,78.8198955007856,77.63905915786484,80.11596311977074,Estimación adecuada
Salinas,2000-2004,1,73.10253328655585,73.05164794702611,71.7902222986107,73.98996647671147,Estimación adecuada
Salinas,2000-2004,2,80.52455994892824,80.28978316405109,79.04140502138921,81.54011350867592,Estimación adecuada
Salinas,2005-2009,1,73.52822440107285,73.70353730083644,72.76852899356437,74.8424943721343,Estimación adecuada
Salinas,2005-2009,2,80.63090066219925,80.82557173348914,79.61633301626082,81.97938775955893,Estimación adecuada
Salinas,2010-2014,1,75.47743944137984,75.54420116250496,74.38108085755431,76.59693551341162,Estimación adecuada
Salinas,2010-2014,2,83.23167940762168,83.2047267955578,81.6888460520486,84.76845409835039,Estimación adecuada
Salinas,2015-2019,1,77.96635541138743,77.76882097581111,76.8122526011268,78.76634358271232,Estimación adecuada
Salinas,2015-2019,2,85.02610562554052,84.71356257782595,83.70854859269906,86.10748700107555,Estimación adecuada
Salinas,2020-2024,1,77.2752335181164,77.04112215441377,75.99646332514766,78.20957993179248,Estimación adecuada
Salinas,2020-2024,2,85.43601257393142,84.9980055718072,83.81185756024917,86.26169788760777,Estimación adecuada
San German,1980-1984,1,72.17155637189039,71.98580758920592,71.1029316301112,73.27953083546456,Estimación adecuada
San German,1980-1984,2,77.0812843420632,77.41814305578842,76.34197391982173,78.45142675291687,Estimación adecuada
San German,1985-1989,1,73.24578912339052,72.69902033148429,71.75350140424084,73.4725093063798,Estimación adecuada
San German,1985-1989,2,78.281715742411,78.09320635156237,77.13357765154545,79.30127404282032,Estimación adecuada
San German,1990-1994,1,72.47312065094486,72.06457802995286,71.1739814555425,72.90516541777549,Estimación adecuada
San German,1990-1994,2,78.88901019804139,79.21858875340845,78.12975444445047,80.13746736829196,Estimación adecuada
San German,1995-1999,1,74.17482678706043,73.51552000897561,72.50067766031367,74.4201984020373,Estimación adecuada
San German,1995-1999,2,78.52895052757144,78.97582617429666,78.15701005834627,80.02981065895898,Estimación adecuada
San German,2000-2004,1,75.40040785434385,74.84613078990373,73.74823655890127,75.7165664173596,Estimación adecuada
San German,2000-2004,2,81.07042973561371,81.08552603051058,80.26187169794929,82.16707129763157,Estimación adecuada
San German,2005-2009,1,75.89227383722931,75.35118242915186,74.34906550492315,76.57696249350107,Estimación adecuada
San German,2005-2009,2,81.35724022521588,81.64289505992852,80.65023080801232,82.48390943693664,Estimación adecuada
San German,2010-2014,1,77.09595528241658,76.41936470011589,75.48292850408106,77.21803372759727,Estimación adecuada
San German,2010-2014,2,81.95497572147197,82.51318341528334,81.37977841648687,83.47647407982743,Estimación adecuada
San German,2015-2019,1,79.14792857398798,78.15267991618643,77.12209640006881,78.91029508603917,< e0 observado
San German,2015-2019,2,84.0002365484052,84.1516945620123,83.33639459754033,85.10726177972145,Estimación adecuada
San German,2020-2024,1,78.13234571523579,77.62468835063166,76.70776068310248,78.42113793540102,Estimación adecuada
San German,2020-2024,2,83.15333884969452,83.87815343209108,82.68629747206907,84.89023941309833,Estimación adecuada
San Juan,1980-1984,1,68.53296805880613,68.64807182146464,68.32170114484447,69.00847772723085,Estimación adecuada
San Juan,1980-1984,2,78.41781325030587,78.28736866790928,77.99714336933687,78.61664813419844,Estimación adecuada
San Juan,1985-1989,1,67.17212517316179,67.35205616652388,67.04289679138608,67.66878950988482,Estimación adecuada
San Juan,1985-1989,2,78.70934229140379,78.6741055536184,78.31589648202731,78.94409292601638,Estimación adecuada
San Juan,1990-1994,1,64.70940097035052,64.95613740068663,64.64609961152121,65.26184273779975,Estimación adecuada
San Juan,1990-1994,2,78.53794951508831,78.5562576859831,78.2320729516428,78.91692314479516,Estimación adecuada
San Juan,1995-1999,1,67.09892384379134,67.25162673810979,66.89770284380448,67.64502032886003,Estimación adecuada
San Juan,1995-1999,2,79.54091321860172,79.55427628010872,79.19231157124518,79.8568588462864,Estimación adecuada
San Juan,2000-2004,1,71.1882392973574,71.30308888898668,70.97475560616395,71.60414540307735,Estimación adecuada
San Juan,2000-2004,2,81.92921875527303,81.79473079296565,81.39292719453832,82.16852699137712,Estimación adecuada
San Juan,2005-2009,1,72.69964876784017,72.70136818147844,72.397950889758,73.08485626565854,Estimación adecuada
San Juan,2005-2009,2,82.46547999538443,82.43010706374511,82.06066663643749,82.7981467544784,Estimación adecuada
San Juan,2010-2014,1,74.44529350870087,74.48874754891571,74.11362001441037,74.87686753240382,Estimación adecuada
San Juan,2010-2014,2,84.20463369793843,84.08712538861539,83.70108401758057,84.47741945961135,Estimación adecuada
San Juan,2015-2019,1,75.79825935426356,75.82957561170149,75.45345772267578,76.24208380941951,Estimación adecuada
San Juan,2015-2019,2,85.20819741649419,85.14552532425154,84.70391866170131,85.67325734919925,Estimación adecuada
San Juan,2020-2024,1,75.09617765928651,75.19861236568883,74.75121586882528,75.61983737530379,Estimación adecuada
San Juan,2020-2024,2,85.57777113429813,85.36436819881499,84.8849918250397,85.85587387379448,Estimación adecuada
San Lorenzo,1980-1984,1,72.4269330696064,72.41384485861266,71.11964233559394,73.47715078047871,Estimación adecuada
San Lorenzo,1980-1984,2,78.47103642037956,78.31729660094672,77.35607426487996,79.5015482886451,Estimación adecuada
San Lorenzo,1985-1989,1,70.33185072656097,71.07733069590077,69.93946093814981,71.89042778722983,Estimación adecuada
San Lorenzo,1985-1989,2,79.4038927542163,78.88797042377436,77.7629860191117,79.82420041833834,Estimación adecuada
San Lorenzo,1990-1994,1,70.49063585980458,70.77220340073167,69.89134521213819,71.74716521698483,Estimación adecuada
San Lorenzo,1990-1994,2,79.42906403274269,79.10773849315369,78.21033850969397,80.22500768393394,Estimación adecuada
San Lorenzo,1995-1999,1,72.39291160482962,72.13892181071094,71.05302314094308,73.27417062327078,Estimación adecuada
San Lorenzo,1995-1999,2,78.56261721700943,78.58095678340828,77.63298339634193,79.48547864964404,Estimación adecuada
San Lorenzo,2000-2004,1,73.59466919977362,73.57907282691414,72.7763833577952,74.6926658732933,Estimación adecuada
San Lorenzo,2000-2004,2,81.14875504017051,80.91898779442806,80.021478048597,81.91584621396727,Estimación adecuada
San Lorenzo,2005-2009,1,75.07421835227707,75.01148969528539,74.08747956369575,76.07158913821416,Estimación adecuada
San Lorenzo,2005-2009,2,82.06471302858854,81.68874361939302,80.72655620832765,83.02513808606224,Estimación adecuada
San Lorenzo,2010-2014,1,76.50254306599682,76.59597525518262,75.48865445349232,77.57492967910741,Estimación adecuada
San Lorenzo,2010-2014,2,83.9183271335132,83.28209110618823,82.09305461546552,84.39409109572144,Estimación adecuada
San Lorenzo,2015-2019,1,77.43176974248165,77.89267386067482,76.88806129337496,79.0833775731003,Estimación adecuada
San Lorenzo,2015-2019,2,85.92248006512409,85.49232248295804,83.85260089356348,86.80619575694543,Estimación adecuada
San Lorenzo,2020-2024,1,77.62523479934367,77.72567998036638,76.78362984895674,78.86042283797433,Estimación adecuada
San Lorenzo,2020-2024,2,84.55625634680975,84.42391223620602,83.2680260560229,85.4192957593284,Estimación adecuada
San Sebastian,1980-1984,1,73.33683627750408,72.86115037813803,71.98994378321905,73.57485528961391,Estimación adecuada
San Sebastian,1980-1984,2,77.39216900594447,77.80054194555217,76.93764913577058,78.73889593256881,Estimación adecuada
San Sebastian,1985-1989,1,71.54106439345284,71.76310261340744,70.83468467000591,72.4971955361653,Estimación adecuada
San Sebastian,1985-1989,2,78.32567842249966,78.37509802787451,77.45091265408499,79.39263916422185,Estimación adecuada
San Sebastian,1990-1994,1,72.72006609308197,72.23943903391961,71.43335473320657,73.09481051648598,Estimación adecuada
San Sebastian,1990-1994,2,78.61121244043503,78.74958178817342,78.00414759200333,79.54145982313021,Estimación adecuada
San Sebastian,1995-1999,1,73.29080325081594,72.83856541013678,72.0264183148554,73.66192019416685,Estimación adecuada
San Sebastian,1995-1999,2,79.73176179097116,79.4022659350587,78.47795836247002,80.39094075842341,Estimación adecuada
San Sebastian,2000-2004,1,74.89792147656362,74.52203720937995,73.84651818733498,75.32928401665725,Estimación adecuada
San Sebastian,2000-2004,2,80.32263567678552,80.28148347277462,79.44907662813989,81.12215671728134,Estimación adecuada
San Sebastian,2005-2009,1,76.73740203137386,75.92146209672258,75.00821645910253,77.20193171789515,Estimación adecuada
San Sebastian,2005-2009,2,81.1692904566309,81.07653035473692,80.2676527524778,81.7286929648192,Estimación adecuada
San Sebastian,2010-2014,1,76.69546237928682,76.33734365327963,75.55758146120186,77.19778881310621,Estimación adecuada
San Sebastian,2010-2014,2,83.16134686711862,83.00738346494448,81.82511090234675,83.86959552409593,Estimación adecuada
San Sebastian,2015-2019,1,79.1178099470019,78.44219524922529,77.53886716042135,79.29452651377792,Estimación adecuada
San Sebastian,2015-2019,2,84.22340952689646,83.94019348196636,83.06656934768904,84.77386338530297,Estimación adecuada
San Sebastian,2020-2024,1,78.24142492610734,77.8031719054344,76.82480582184544,78.73450686668454,Estimación adecuada
San Sebastian,2020-2024,2,84.23065748606743,84.33326015388155,83.29517068269018,85.36708406485477,Estimación adecuada
Santa Isabel,1980-1984,1,69.7275677276356,69.4362026478352,68.26376227709818,70.45099282592071,Estimación adecuada
Santa Isabel,1980-1984,2,77.7763438904047,77.14190661239596,76.05310440541164,78.71035712718856,Estimación adecuada
Santa Isabel,1985-1989,1,69.23817247335977,69.58570042740426,68.47765024477079,70.72952510933342,Estimación adecuada
Santa Isabel,1985-1989,2,76.67908928126376,76.62678849137976,75.39537267951334,78.03751874890571,Estimación adecuada
Santa Isabel,1990-1994,1,66.65679986192234,68.15047228100948,67.0490680730414,69.46402247208121,> e0 observado
Santa Isabel,1990-1994,2,76.1627447017844,76.87531983497425,75.81406600781797,78.07674278897727,Estimación adecuada
Santa Isabel,1995-1999,1,68.83610956762453,69.3327247592342,68.10358796006219,70.37086023716029,Estimación adecuada
Santa Isabel,1995-1999,2,77.73152078827611,77.39295304423128,76.39824772603171,78.65123564061872,Estimación adecuada
Santa Isabel,2000-2004,1,69.45419232564782,70.85457211001297,69.70349854317217,71.84627892012318,> e0 observado
Santa Isabel,2000-2004,2,79.11209035669054,79.29736146824919,77.90840941335858,80.34724443219899,Estimación adecuada
Santa Isabel,2005-2009,1,72.31479005793592,72.49168834345015,71.36561051241213,73.47667647759471,Estimación adecuada
Santa Isabel,2005-2009,2,81.59418713189359,81.39241790042678,80.02315972327891,83.18483034855188,Estimación adecuada
Santa Isabel,2010-2014,1,74.62174299181575,75.06527066657205,73.93614666010448,76.14493302361652,Estimación adecuada
Santa Isabel,2010-2014,2,81.81631250475374,81.44459531685635,80.35359696715688,82.49749371475673,Estimación adecuada
Santa Isabel,2015-2019,1,75.10553816345772,75.20013540704167,74.14111888102033,76.5151498635195,Estimación adecuada
Santa Isabel,2015-2019,2,85.04929628842375,83.95405200295745,82.32282752916207,85.5527064974588,Estimación adecuada
Santa Isabel,2020-2024,1,74.53124138847393,74.95966882297259,73.90081184204419,76.10614559785432,Estimación adecuada
Santa Isabel,2020-2024,2,83.31177822878875,83.02842140207792,81.91028303597821,84.28467715208053,Estimación adecuada
Toa Alta,1980-1984,1,74.8830856005072,74.15825442764412,73.15113566435494,75.48258663479407,Estimación adecuada
Toa Alta,1980-1984,2,77.90618677933547,78.86436751838467,77.90967451987814,80.2196185122997,> e0 observado
Toa Alta,1985-1989,1,72.95726224514657,72.75052189724813,71.90939137171006,73.7261564980233,Estimación adecuada
Toa Alta,1985-1989,2,81.13925929884047,80.70354562530042,79.63997420858308,82.6998523653239,Estimación adecuada
Toa Alta,1990-1994,1,73.42887184415189,73.43545156299251,72.50318781745685,74.39839786216271,Estimación adecuada
Toa Alta,1990-1994,2,79.53507742661205,79.91464007741963,78.52228271716928,80.87325724710442,Estimación adecuada
Toa Alta,1995-1999,1,73.12825061550112,73.08564598941773,72.31994301647339,73.8685684330757,Estimación adecuada
Toa Alta,1995-1999,2,80.88771225273739,80.60332968714687,79.85891469970166,81.82626545499578,Estimación adecuada
Toa Alta,2000-2004,1,75.20122641401855,75.15823459970275,74.42409286453244,76.07903628834119,Estimación adecuada
Toa Alta,2000-2004,2,81.33505965208538,81.58063713448053,80.68126983173204,82.64140464597666,Estimación adecuada
Toa Alta,2005-2009,1,77.25808536131703,77.14848753280245,76.44624588474859,77.96258864612193,Estimación adecuada
Toa Alta,2005-2009,2,83.45975745150935,83.35357785521403,82.34239549030877,84.4015794929364,Estimación adecuada
Toa Alta,2010-2014,1,77.617438844306065,77.69027899647219,77.08348336687706,78.56648437634537,Estimación adecuada
Toa Alta,2010-2014,2,84.59193836320182,84.32803038939096,83.1912818270763,85.48069104066008,Estimación adecuada
Toa Alta,2015-2019,1,79.44012262836311,79.38704166268965,78.50363796190251,80.15180301657922,Estimación adecuada
Toa Alta,2015-2019,2,84.21287299648571,84.38549853701763,83.56778748673702,85.45471575475338,Estimación adecuada
Toa Alta,2020-2024,1,79.32715713141147,79.11205017288034,78.40842863561926,79.8346839099511,Estimación adecuada
Toa Alta,2020-2024,2,85.92609855770323,85.42705351099134,84.4505221868968,86.48635336096257,Estimación adecuada
Toa Baja,1980-1984,1,72.82833976912103,72.52102679119956,71.80638070413497,73.30402059787556,Estimación adecuada
Toa Baja,1980-1984,2,79.03893803233984,78.5709355508625,77.70115235615911,79.78364465991967,Estimación adecuada
Toa Baja,1985-1989,1,71.09171108702432,71.19915283553149,70.51255714016406,71.8743329417695,Estimación adecuada
Toa Baja,1985-1989,2,79.17713173148333,78.96456516425343,78.14557122712704,80.01894571779003,Estimación adecuada
Toa Baja,1990-1994,1,69.55070432606276,70.10288376263944,69.26136677945459,70.80909313318175,Estimación adecuada
Toa Baja,1990-1994,2,78.53439715581091,78.37286200799484,77.62609125625687,79.1549225119063,Estimación adecuada
Toa Baja,1995-1999,1,71.02389397781576,71.26276937252726,70.3126546109907,72.07716021781712,Estimación adecuada
Toa Baja,1995-1999,2,80.35817914633549,79.93327462979657,79.20870191325228,80.69615337349376,Estimación adecuada
Toa Baja,2000-2004,1,73.3130761935651,73.49111271684723,72.74970520888795,74.23883591589097,Estimación adecuada
Toa Baja,2000-2004,2,81.24641875534006,81.08740755220649,80.2112488445763,81.76783752193637,Estimación adecuada
Toa Baja,2005-2009,1,73.9336800218148,74.12276866566245,73.62988700140366,74.75610035414383,Estimación adecuada
Toa Baja,2005-2009,2,81.2918522418654,81.20033669715684,80.54632771548441,81.87224552807218,Estimación adecuada
Toa Baja,2010-2014,1,75.63234922554784,75.67714000339753,74.95780293415528,76.44549131819616,Estimación adecuada
Toa Baja,2010-2014,2,83.19276198853512,82.99836628209277,82.19743959068632,83.77810241636999,Estimación adecuada
Toa Baja,2015-2019,1,77.0796431176242,77.21362229382623,76.39095582770199,77.78496595045853,Estimación adecuada
Toa Baja,2015-2019,2,85.28768156374481,85.0903818581171,84.23544266899286,85.91914244950584,Estimación adecuada
Toa Baja,2020-2024,1,76.06866784040614,76.228238063703,75.60364371870307,76.98605412086442,Estimación adecuada
Toa Baja,2020-2024,2,84.82502560819063,84.70106602408148,83.87075836977627,85.56052894929354,Estimación adecuada
Trujillo Alto,1980-1984,1,73.8807661516517,73.74460076348407,72.93886084902807,74.80375809306105,Estimación adecuada
Trujillo Alto,1980-1984,2,80.45848591811597,80.05931711648735,79.10467678253693,81.13453167303655,Estimación adecuada
Trujillo Alto,1985-1989,1,72.91759611684925,72.96457724558005,72.1913744065348,74.02337629106708,Estimación adecuada
Trujillo Alto,1985-1989,2,81.01563083839561,80.47433786265273,79.49996348335856,81.58137974407893,Estimación adecuada
Trujillo Alto,1990-1994,1,72.6023641348921,72.77630783189646,71.80455529275355,73.88181642594535,Estimación adecuada
Trujillo Alto,1990-1994,2,79.85175886432305,79.82916898943446,78.8206979569367,80.7788967274214,Estimación adecuada
Trujillo Alto,1995-1999,1,72.41162116159781,72.71990376724068,71.96117936238181,73.53440950582655,Estimación adecuada
Trujillo Alto,1995-1999,2,81.19162622930031,80.83688096776231,79.90653997703865,81.84968604428227,Estimación adecuada
Trujillo Alto,2000-2004,1,74.68446388601943,74.9380183600493,74.16349726765705,75.75039727303418,Estimación adecuada
Trujillo Alto,2000-2004,2,83.41194987282269,83.22436711274547,82.23168612683767,84.37314809397112,Estimación adecuada
Trujillo Alto,2005-2009,1,75.81610434260868,76.03363418015596,75.25552917335943,76.68393390665068,Estimación adecuada
Trujillo Alto,2005-2009,2,83.84316698522537,83.49454635011006,82.71629943969984,84.506704054642,Estimación adecuada
Trujillo Alto,2010-2014,1,77.88979650864401,78.00817472437632,77.13245524917363,79.03647994782963,Estimación adecuada
Trujillo Alto,2010-2014,2,85.28937280458358,85.14009361938662,83.98753633138537,85.89532501892954,Estimación adecuada
Trujillo Alto,2015-2019,1,79.53728233113502,79.45908382249662,78.79113978301169,80.21269865606978,Estimación adecuada
Trujillo Alto,2015-2019,2,86.3543330403018,86.23315684730906,85.12610167577554,87.17095685871638,Estimación adecuada
Trujillo Alto,2020-2024,1,78.39208683519212,78.49282741611631,77.6915617041552,79.40412528153895,Estimación adecuada
Trujillo Alto,2020-2024,2,86.16954614436371,85.79561031838588,85.05024964857765,86.6633539937678,Estimación adecuada
Utuado,1980-1984,1,72.77455758364391,72.73743176182543,71.92157009467343,73.63291654949937,Estimación adecuada
Utuado,1980-1984,2,78.22725510627389,78.28921293078957,77.35331545357342,79.59049114766455,Estimación adecuada
Utuado,1985-1989,1,72.49241351300115,72.28075862550278,71.45498310855226,73.33636669037196,Estimación adecuada
Utuado,1985-1989,2,78.55971933281445,78.60714494183955,77.71025766150527,79.41548464622025,Estimación adecuada
Utuado,1990-1994,1,73.58027996114916,72.88432528960962,72.07057126620558,73.69239171734743,Estimación adecuada
Utuado,1990-1994,2,79.15999314000904,78.90627685941206,77.99827653920423,79.98650723502652,Estimación adecuada
Utuado,1995-1999,1,73.56681994998524,72.79230218388429,71.90989218531769,73.73540280076685,Estimación adecuada
Utuado,1995-1999,2,79.75811291705193,79.46001536404378,78.55842186531953,80.43269384472993,Estimación adecuada
Utuado,2000-2004,1,75.66609210920785,74.81797956730307,73.98708494588409,75.61040525466129,< e0 observado
Utuado,2000-2004,2,80.85296661933371,81.0770835588675,79.84980636547714,82.04992357560371,Estimación adecuada
Utuado,2005-2009,1,74.96306439444312,74.88951602325159,73.77761099971582,75.76244829593102,Estimación adecuada
Utuado,2005-2009,2,81.95177865789455,82.07700361066634,81.10873496154284,83.43033525420313,Estimación adecuada
Utuado,2010-2014,1,76.45438665507136,75.82491678099552,75.07567009811889,76.84717210685051,Estimación adecuada
Utuado,2010-2014,2,83.96232047500072,83.42319827861729,82.35780681381078,84.72700378688918,Estimación adecuada
Utuado,2015-2019,1,79.0189703608258,78.8759854783192,77.81022615522198,80.085642400903,Estimación adecuada
Utuado,2015-2019,2,85.5118737413184,84.97454712332566,84.11137813898577,86.28095267250119,Estimación adecuada
Utuado,2020-2024,1,80.22889535833663,79.1515007806494,78.07512399996747,80.30849561862061,Estimación adecuada
Utuado,2020-2024,2,86.24989014279643,85.50627302584232,84.0996359553796,86.7186551366222,Estimación adecuada
Vega Alta,1980-1984,1,73.54933326191107,72.98922195614568,72.00632570845771,74.37257367908364,Estimación adecuada
Vega Alta,1980-1984,2,78.25469326095431,78.61642899730504,77.18420802226275,80.3007562862332,Estimación adecuada
Vega Alta,1985-1989,1,72.05535344696615,72.35233995013465,71.0721521575785,73.41593424872606,Estimación adecuada
Vega Alta,1985-1989,2,78.15985935324002,78.45167790175219,77.37352537413727,79.31063193067195,Estimación adecuada
Vega Alta,1990-1994,1,70.24052329679134,70.77113019901917,69.92873209135121,71.85415397956554,Estimación adecuada
Vega Alta,1990-1994,2,79.51462054686016,79.45459441459619,77.90430166640925,80.6690131707457,Estimación adecuada
Vega Alta,1995-1999,1,71.54816531304111,71.76523968314874,70.98825851927705,72.71041904027439,Estimación adecuada
Vega Alta,1995-1999,2,79.34051049480365,79.42628744231592,78.47552197294135,80.62275783069974,Estimación adecuada
Vega Alta,2000-2004,1,74.10875011525926,74.13830584409688,73.0752406793909,75.18005088305449,Estimación adecuada
Vega Alta,2000-2004,2,81.98636550598057,81.79252002887299,80.83351132197787,83.12681225702872,Estimación adecuada
Vega Alta,2005-2009,1,74.49742104581102,74.75599425145649,73.89485081710968,75.70434956397034,Estimación adecuada
Vega Alta,2005-2009,2,82.79578771576239,82.46040654604329,81.17018430095447,83.78728359676195,Estimación adecuada
Vega Alta,2010-2014,1,76.95585105473053,76.78533785119146,75.82408329190984,77.63223390909329,Estimación adecuada
Vega Alta,2010-2014,2,84.70771205138385,84.15277939661107,83.04172324764946,85.54896826681251,Estimación adecuada
Vega Alta,2015-2019,1,79.09002086085074,78.58495207396035,77.63804639299315,79.61610182015758,Estimación adecuada
Vega Alta,2015-2019,2,84.78023321458953,84.73329901753587,83.76162441421295,85.89642793271571,Estimación adecuada
Vega Alta,2020-2024,1,79.13203080104806,78.68998758803554,77.6381782873543,80.1282367980461,Estimación adecuada
Vega Alta,2020-2024,2,86.55489338482076,85.84305609938494,84.3715595760919,86.8861614450083,Estimación adecuada
Vega Baja,1980-1984,1,72.17472574689376,71.95973380394213,70.96387183398085,72.95845832323928,Estimación adecuada
Vega Baja,1980-1984,2,77.4559969407079,77.26242715386542,76.33061708575441,78.01719901037109,Estimación adecuada
Vega Baja,1985-1989,1,71.32919645334727,71.3384818509372,70.41571808042721,72.13248525793583,Estimación adecuada
Vega Baja,1985-1989,2,78.37255208308184,78.3417496192449,77.28685832411895,79.14205862370054,Estimación adecuada
Vega Baja,1990-1994,1,69.34239102427848,69.67876864957917,68.84301926315806,70.54205561252309,Estimación adecuada
Vega Baja,1990-1994,2,79.817128530258,79.4644186749856,78.1613602528177,80.6284319280795,Estimación adecuada
Vega Baja,1995-1999,1,69.80129928554581,70.09104011884094,69.45488000129231,71.06603089686075,Estimación adecuada
Vega Baja,1995-1999,2,78.73855584436625,78.48873271056635,77.69664435829858,79.35268617899033,Estimación adecuada
Vega Baja,2000-2004,1,71.71281396652603,72.09035481045973,71.33131988918785,72.89228012312165,Estimación adecuada
Vega Baja,2000-2004,2,80.83940501884719,80.36434358615956,79.34663198612932,81.25923598827646,Estimación adecuada
Vega Baja,2005-2009,1,73.49107576558887,73.82161921767107,73.11096974240914,74.45063252523663,Estimación adecuada
Vega Baja,2005-2009,2,81.56225378359265,81.31516223547655,80.21578277809209,82.08319661263877,Estimación adecuada
Vega Baja,2010-2014,1,75.67293352681041,75.56013155779684,74.85000358026922,76.49865336103532,Estimación adecuada
Vega Baja,2010-2014,2,82.83225536608914,82.48528607039647,81.70319832734593,83.44950765424302,Estimación adecuada
Vega Baja,2015-2019,1,77.17186219895375,76.9888173308542,76.05475785736064,77.86616424990068,Estimación adecuada
Vega Baja,2015-2019,2,85.55300741129905,84.99944705625,83.95636472939239,86.3704164253432,Estimación adecuada
Vega Baja,2020-2024,1,76.1343018706242,76.67592844003715,75.95405999932757,77.55243217093826,Estimación adecuada
Vega Baja,2020-2024,2,85.01178406884422,84.40710769805226,83.3394137201332,85.33080625862905,Estimación adecuada
Vieques,1980-1984,1,68.44199950691872,69.30973892552072,67.81580900000509,70.71677591350729,Estimación adecuada
Vieques,1980-1984,2,79.82881030409467,77.2274693441378,76.07280362013174,78.9218733457306,< e0 observado
Vieques,1985-1989,1,68.91887213110078,69.23412315802143,67.88036651936343,70.3488215606553,Estimación adecuada
Vieques,1985-1989,2,76.64055553721266,77.09174253299686,75.72037144950694,78.74092533611092,Estimación adecuada
Vieques,1990-1994,1,70.56388701195755,69.58767436797069,68.47471411872297,71.28037346733564,Estimación adecuada
Vieques,1990-1994,2,75.61141239304688,76.6717251306029,75.31552975178857,77.88902681976187,Estimación adecuada
Vieques,1995-1999,1,67.1661520645474,68.73025320695959,67.73482107815389,70.38719628574023,> e0 observado
Vieques,1995-1999,2,77.66760098100364,78.00863054462405,76.79828640433115,79.46826053722154,Estimación adecuada
Vieques,2000-2004,1,71.06219249587082,71.58484596104933,70.2522784299318,72.78528496348514,Estimación adecuada
Vieques,2000-2004,2,79.94564055883934,79.6430282148111,78.51243059572681,81.52593137979416,Estimación adecuada
Vieques,2005-2009,1,71.86562241202773,72.79969885533794,71.35879531503403,74.26834524265564,Estimación adecuada
Vieques,2005-2009,2,82.1662176624026,81.04052412346118,79.73343670462003,83.39373157417667,Estimación adecuada
Vieques,2010-2014,1,72.38693885614644,74.58942610609304,73.26494076927571,76.05168868606464,> e0 observado
Vieques,2010-2014,2,82.20083674525317,81.9675933745425,80.54692276226923,83.95430232836839,Estimación adecuada
Vieques,2015-2019,1,75.48771486205818,76.09269643587011,74.60125281412485,78.33489066041247,Estimación adecuada
Vieques,2015-2019,2,85.60400958844578,83.95583248130947,81.97060732242683,85.50401992255757,< e0 observado
Vieques,2020-2024,1,70.30670126441383,75.16405329313507,73.92726779304046,77.02600411808052,> e0 observado
Vieques,2020-2024,2,82.77316856062777,82.6781230268659,81.09937923826749,85.03394006490018,Estimación adecuada
Villalba,1980-1984,1,71.31481633801816,71.72566253901255,70.14603019194783,73.11396745656755,Estimación adecuada
Villalba,1980-1984,2,77.35744616187003,78.22064319183193,76.70842072851124,79.87072043091759,Estimación adecuada
Villalba,1985-1989,1,70.6812298941124,71.17151150420965,70.32542754810461,72.31918086827241,Estimación adecuada
Villalba,1985-1989,2,78.13907330956457,78.5783115795763,77.10763522419455,80.1684203758114,Estimación adecuada
Villalba,1990-1994,1,72.3498469286644,71.58461104700761,70.52894465799963,72.58154475812688,Estimación adecuada
Villalba,1990-1994,2,79.32972359168376,78.92846200824751,77.53707506648752,80.01139017409776,Estimación adecuada
Villalba,1995-1999,1,74.12665072351581,72.84591162715911,71.6179763767876,73.88521642952412,< e0 observado
Villalba,1995-1999,2,79.94095261032773,79.48578169795638,78.53090494686151,80.87958338125821,Estimación adecuada
Villalba,2000-2004,1,75.24588138203707,74.8279770639285,73.81117635233824,75.81544944528426,Estimación adecuada
Villalba,2000-2004,2,81.24189158745828,80.8358970063542,79.8679917761475,81.92993497158653,Estimación adecuada
Villalba,2005-2009,1,75.22194783512565,75.05515253690135,73.81652596206041,76.38194304530256,Estimación adecuada
Villalba,2005-2009,2,82.367985821704,82.12008862123355,80.88563234973122,83.52321668934314,Estimación adecuada
Villalba,2010-2014,1,77.8383761040004,76.78139265738912,75.73865937689362,77.94131853350655,Estimación adecuada
Villalba,2010-2014,2,82.38109633625453,82.73775391177541,81.46812206155667,83.87194614095452,Estimación adecuada
Villalba,2015-2019,1,77.83504649286682,77.62246657483462,76.72877911366824,78.6793041862042,Estimación adecuada
Villalba,2015-2019,2,84.05820533092681,84.23279584186105,83.07095251638084,85.95273118615175,Estimación adecuada
Villalba,2020-2024,1,77.24232552482839,77.17527906273165,76.10401838263593,78.25475190539652,Estimación adecuada
Villalba,2020-2024,2,85.36972299365041,85.28482883997572,83.81438474961024,87.27543203579745,Estimación adecuada
Yabucoa,1980-1984,1,71.13885114874819,71.2941083893457,70.35620178116784,72.26498208218703,Estimación adecuada
Yabucoa,1980-1984,2,77.69784172893796,77.69650775503882,76.75183313285038,78.94621040446049,Estimación adecuada
Yabucoa,1985-1989,1,71.6497165141789,71.77595182134579,70.66871791525561,72.63953382243902,Estimación adecuada
Yabucoa,1985-1989,2,78.71247157491743,78.53277171443597,77.21729969668903,79.38402075302318,Estimación adecuada
Yabucoa,1990-1994,1,72.18368470754862,71.8440371299471,70.96901068639303,72.75404813179111,Estimación adecuada
Yabucoa,1990-1994,2,78.65582186258791,78.48927345346812,77.5367873980573,79.47092153433758,Estimación adecuada
Yabucoa,1995-1999,1,70.61759581589234,70.98704127631717,70.03729330662838,71.7026231220256,Estimación adecuada
Yabucoa,1995-1999,2,79.25053941807832,79.12637144796057,78.34375667133173,79.99182565879238,Estimación adecuada
Yabucoa,2000-2004,1,74.67500524731325,74.30980933894773,73.30313732411085,75.60591791358195,Estimación adecuada
Yabucoa,2000-2004,2,81.74191284227646,81.53542444291264,80.53141696183467,82.78792148408836,Estimación adecuada
Yabucoa,2005-2009,1,74.52109913218256,74.73746068756266,73.80401916129532,75.8325608014656,Estimación adecuada
Yabucoa,2005-2009,2,83.07308125246723,82.80073128246184,81.50591914520527,84.2179282888938,Estimación adecuada
Yabucoa,2010-2014,1,75.57434879024864,76.12341959962777,75.17723199779316,76.88963130306615,Estimación adecuada
Yabucoa,2010-2014,2,82.0382545268585,82.51119824300199,81.53083190459809,83.63900051511382,Estimación adecuada
Yabucoa,2015-2019,1,77.58753133123862,78.1263125583313,77.21241058807115,79.33262681846705,Estimación adecuada
Yabucoa,2015-2019,2,86.1265699532434,85.64654116542894,84.40984917659583,86.71141118855773,Estimación adecuada
Yabucoa,2020-2024,1,75.78194920338815,77.11480525612282,76.30123300830454,78.12671441218725,> e0 observado
Yabucoa,2020-2024,2,85.25611674355481,84.84853463178402,83.76957662490109,86.06376592002493,Estimación adecuada
Yauco,1980-1984,1,71.51456720078431,71.07743814200123,70.33575608323758,72.34655393740083,Estimación adecuada
Yauco,1980-1984,2,77.4589640282646,77.45278604174325,76.33593711603638,78.5950400572556,Estimación adecuada
Yauco,1985-1989,1,69.95040254168732,70.10667176510947,69.0602427379085,70.87941624709964,Estimación adecuada
Yauco,1985-1989,2,77.60208552265917,77.56101023770273,76.50688796735326,78.57023760893718,Estimación adecuada
Yauco,1990-1994,1,71.7335324052013,71.38246763534555,70.58411942415518,72.15200320282585,Estimación adecuada
Yauco,1990-1994,2,78.49054698828598,78.12991382063902,77.33019185619551,79.2031322153119,Estimación adecuada
Yauco,1995-1999,1,72.03051290197796,71.62550228695164,70.70039322137052,72.42617593953862,Estimación adecuada
Yauco,1995-1999,2,79.29391771380651,78.79879560217437,78.03700569342844,79.59342290038975,Estimación adecuada
Yauco,2000-2004,1,72.97803149863371,73.03157524956293,72.03900394055815,74.01910076722726,Estimación adecuada
Yauco,2000-2004,2,79.24854846213276,79.33265686420629,78.4436153042515,80.16062000348074,Estimación adecuada
Yauco,2005-2009,1,73.24138587908658,73.61273512840738,72.68721522737994,74.41963735063783,Estimación adecuada
Yauco,2005-2009,2,80.5594161821005,80.62532546173189,79.81949093045174,81.66259469516841,Estimación adecuada
Yauco,2010-2014,1,75.57887719653512,75.55698649837028,74.56983780140533,76.56495235627,Estimación adecuada
Yauco,2010-2014,2,81.76032266455593,81.74424242267432,81.11216274458846,82.6219710577776,Estimación adecuada
Yauco,2015-2019,1,77.43223226793361,77.17822118822144,76.34466226957127,78.31925005483359,Estimación adecuada
Yauco,2015-2019,2,82.51620418595085,83.28823229569139,82.16261347210416,84.08780097463725,Estimación adecuada
Yauco,2020-2024,1,75.94482006846164,76.37819964459668,75.30358126615673,77.26128346390622,Estimación adecuada
Yauco,2020-2024,2,83.86986937855978,83.33319411275087,82.4285401678614,84.21646708674649,Estimación adecuada
