region,period,sex,e0_observado,e0_estimado,e0_lower,e0_upper,est_eval
Adjuntas,1980-1984,1,72.54189508802463,72.17157998318106,71.19212813034302,73.51340672155374,Estimación adecuada
Adjuntas,1980-1984,2,78.96516925394144,78.80866954738289,77.53979415693607,80.17525480521712,Estimación adecuada
Adjuntas,1985-1989,1,70.84999061728885,71.65829329036163,70.28500872056944,72.70038682177993,Estimación adecuada
Adjuntas,1985-1989,2,78.97855761762072,78.94045694002394,77.85127492685447,80.02406518802721,Estimación adecuada
Adjuntas,1990-1994,1,71.49310954038985,71.52794957890555,70.36890986427905,72.56945950493775,Estimación adecuada
Adjuntas,1990-1994,2,77.88047658335911,78.52318362454832,77.4794879800676,79.93804620675925,Estimación adecuada
Adjuntas,1995-1999,1,71.91080703113897,72.0630954483135,70.94791021759127,73.1788069639951,Estimación adecuada
Adjuntas,1995-1999,2,78.53770419818306,79.05849275880975,77.79558367526468,80.05257493478308,Estimación adecuada
Adjuntas,2000-2004,1,74.0807006063416,73.89269889536189,72.97445441678477,74.7449143270253,Estimación adecuada
Adjuntas,2000-2004,2,79.50851081175084,80.19105367143806,78.74687073443462,81.15887756346754,Estimación adecuada
Adjuntas,2005-2009,1,77.13413877724005,76.04346873724239,74.56155328461492,77.42971297188463,Estimación adecuada
Adjuntas,2005-2009,2,82.23262377887984,82.16123117707934,80.63946712600614,84.00393138209807,Estimación adecuada
Adjuntas,2010-2014,1,78.0170892039493,76.984267703607685,75.96290646981748,78.061242834382,Estimación adecuada
Adjuntas,2010-2014,2,84.37542750420445,83.58367615063108,82.2506009090695,85.31862156949708,Estimación adecuada
Adjuntas,2015-2019,1,80.07122326396828,79.4951065012895,78.29278814996587,81.11806265432591,Estimación adecuada
Adjuntas,2015-2019,2,84.75780508868199,84.83959395808048,83.13639419097917,86.99009087829187,Estimación adecuada
Adjuntas,2020-2024,1,80.09050176489524,78.98350913148175,78.015576409510075,80.18739808469431,Estimación adecuada
Adjuntas,2020-2024,2,87.03883394524668,86.38738553642003,84.77370620342752,87.98608361607606,Estimación adecuada
Aguada,1980-1984,1,73.2175687853255,72.95226600338009,71.71804190046268,74.16889259467533,Estimación adecuada
Aguada,1980-1984,2,76.66307974738103,77.69989724583436,76.55977561955865,79.00750312838612,Estimación adecuada
Aguada,1985-1989,1,73.21396709192831,72.95924116589458,71.83974608217656,73.98377810785553,Estimación adecuada
Aguada,1985-1989,2,77.70261010174512,78.04039214098451,77.03252411283844,79.09063209638482,Estimación adecuada
Aguada,1990-1994,1,73.47166304966473,73.043329895536,72.15139402449594,73.96255805327756,Estimación adecuada
Aguada,1990-1994,2,79.56472305278581,79.5344860023547,78.24422218184154,80.78001909963925,Estimación adecuada
Aguada,1995-1999,1,72.96139718811193,72.57977717878907,71.69398393808801,73.50950004687277,Estimación adecuada
Aguada,1995-1999,2,78.42598214583917,78.47603769012741,77.44614879108637,79.66922275119097,Estimación adecuada
Aguada,2000-2004,1,75.7731265619719,75.18501529861567,74.450052807098,76.12503085104603,Estimación adecuada
Aguada,2000-2004,2,80.35987918975404,80.32415992404972,79.45461864864176,81.23744819551202,Estimación adecuada
Aguada,2005-2009,1,77.6139364553716,76.69718036993345,75.71213770473321,77.77293523810178,Estimación adecuada
Aguada,2005-2009,2,81.487501570255,81.40126332678444,80.41180315496081,82.30495490193519,Estimación adecuada
Aguada,2010-2014,1,77.3081065450094,77.01535241431367,76.05945020597377,78.00056776234578,Estimación adecuada
Aguada,2010-2014,2,83.93649978812951,83.42624431778847,82.44431768206886,84.72463580467036,Estimación adecuada
Aguada,2015-2019,1,80.17632385200217,79.28209920695934,78.2128728130161,80.19310887015706,Estimación adecuada
Aguada,2015-2019,2,84.88514363026218,84.8311022979909,83.49592388424085,85.74926450753759,Estimación adecuada
Aguada,2020-2024,1,78.78968559483442,78.21249309654063,77.3572800718041,79.06259083520881,Estimación adecuada
Aguada,2020-2024,2,83.87729580688905,84.05636313636464,83.10201129859001,84.93586427942421,Estimación adecuada
Aguadilla,1980-1984,1,71.00678071372081,71.17240536634034,70.41525085852754,72.14420150810409,Estimación adecuada
Aguadilla,1980-1984,2,77.48535658677463,77.2985377774693,76.44132751512682,78.13324705656697,Estimación adecuada
Aguadilla,1985-1989,1,70.58561267446154,70.71694149979692,69.92629716863246,71.46033469563923,Estimación adecuada
Aguadilla,1985-1989,2,77.65780206154783,77.50060447237584,76.7071676393596,78.28658987073132,Estimación adecuada
Aguadilla,1990-1994,1,70.88482346377512,70.79138745950448,70.10228327171554,71.66526245590623,Estimación adecuada
Aguadilla,1990-1994,2,77.99785568547416,77.83148394162964,77.05324993874564,78.64614367437127,Estimación adecuada
Aguadilla,1995-1999,1,70.78010378855268,70.7104447528337,69.98746573179311,71.4420366179253,Estimación adecuada
Aguadilla,1995-1999,2,78.16686736979354,77.9658240929424,77.2720645569414,78.60536008151848,Estimación adecuada
Aguadilla,2000-2004,1,73.78276571753028,73.37843298401143,72.78398375320366,74.086457091877,Estimación adecuada
Aguadilla,2000-2004,2,80.45198774138778,80.01446069125234,79.1629613347329,80.54243386280427,Estimación adecuada
Aguadilla,2005-2009,1,74.34368140644376,74.1881531263423,73.48733127737245,74.71685941560251,Estimación adecuada
Aguadilla,2005-2009,2,81.18616231865005,80.76244640584237,80.06150071120011,81.61659967654768,Estimación adecuada
Aguadilla,2010-2014,1,76.10575530196566,75.61707798330372,74.83132617197444,76.31706098218382,Estimación adecuada
Aguadilla,2010-2014,2,81.66758711742574,81.63245985056895,81.01739504512787,82.34595067369287,Estimación adecuada
Aguadilla,2015-2019,1,77.5014617746831,76.95979163889442,76.11559706214003,77.80250288948605,Estimación adecuada
Aguadilla,2015-2019,2,82.99395073109925,83.3535396567616,82.38870729784364,84.14986751518958,Estimación adecuada
Aguadilla,2020-2024,1,76.52156602867669,76.48890169717723,75.67493879742159,77.2864657646117,Estimación adecuada
Aguadilla,2020-2024,2,83.20736033493193,83.21107160740897,82.60972654872526,84.20984201453501,Estimación adecuada
Aguas Buenas,1980-1984,1,70.9060601893331,71.55940762301931,70.44631070415832,72.62510262824571,Estimación adecuada
Aguas Buenas,1980-1984,2,79.20230439846388,78.84086687795184,77.23268335735577,80.0506971832313,Estimación adecuada
Aguas Buenas,1985-1989,1,71.73217429810381,71.95726777395791,71.14015665103211,72.96708002979555,Estimación adecuada
Aguas Buenas,1985-1989,2,78.66666240443578,78.85016114976858,77.47030624097334,80.11498598374453,Estimación adecuada
Aguas Buenas,1990-1994,1,71.9040754109389,71.92073039001022,70.96295576666198,72.9580711700979,Estimación adecuada
Aguas Buenas,1990-1994,2,82.01930667891538,80.71326156880258,79.38237608699839,82.53723148673171,Estimación adecuada
Aguas Buenas,1995-1999,1,72.03242058667273,72.25592840345116,71.04152265342995,73.4362429141311,Estimación adecuada
Aguas Buenas,1995-1999,2,79.29741471606215,79.18939154730742,78.19814093164514,80.34711406564143,Estimación adecuada
Aguas Buenas,2000-2004,1,74.50847723417229,74.44249540229035,73.62258255586877,75.38988364136844,Estimación adecuada
Aguas Buenas,2000-2004,2,81.53307661620572,81.31749953442713,80.31110819067304,82.78744390572342,Estimación adecuada
Aguas Buenas,2005-2009,1,74.76751879253902,75.2280326269397,74.16837902803283,76.14469154889034,Estimación adecuada
Aguas Buenas,2005-2009,2,83.74825554704383,83.34603385767525,81.92583979176123,85.05042280516264,Estimación adecuada
Aguas Buenas,2010-2014,1,77.07874986678003,77.61945567908495,76.3895975899353,79.05334682453254,Estimación adecuada
Aguas Buenas,2010-2014,2,83.69043751017024,84.0563527752347,82.8627339926051,85.27397237545539,Estimación adecuada
Aguas Buenas,2015-2019,1,77.12363910638715,77.89252742611559,76.73379344160665,79.16189305700135,Estimación adecuada
Aguas Buenas,2015-2019,2,86.87058779798109,85.78552049685842,84.40921846419778,87.30375973958556,Estimación adecuada
Aguas Buenas,2020-2024,1,77.71291412855061,78.11011199054289,76.90080010797664,79.25549119534651,Estimación adecuada
Aguas Buenas,2020-2024,2,86.01372227536957,85.44287400054655,84.10576876964777,86.87519680644145,Estimación adecuada
Aibonito,1980-1984,1,71.20727896829324,71.72245095203758,70.42088965336771,72.79946892618605,Estimación adecuada
Aibonito,1980-1984,2,78.10148160174786,78.16856759541065,76.88310002543889,79.07558097279268,Estimación adecuada
Aibonito,1985-1989,1,70.93804632594708,71.26213998171124,70.21050541045916,72.27515367485091,Estimación adecuada
Aibonito,1985-1989,2,79.48839408130232,79.19371223682339,77.90140400611993,80.71192182422473,Estimación adecuada
Aibonito,1990-1994,1,72.7988506012683,72.46159874073231,71.32368601510585,73.32598477543374,Estimación adecuada
Aibonito,1990-1994,2,79.2040372973333,79.00813981766268,77.78685834439983,80.29054606462171,Estimación adecuada
Aibonito,1995-1999,1,72.77760443633895,72.33926089247488,71.03880877318079,73.45545942792997,Estimación adecuada
Aibonito,1995-1999,2,79.65397963842348,79.62087730057226,78.67048406721861,80.88824095389684,Estimación adecuada
Aibonito,2000-2004,1,74.39460579414155,74.06220814875275,72.96367009156738,75.40738187173508,Estimación adecuada
Aibonito,2000-2004,2,80.67825254541816,80.63192653938265,79.49809679045651,81.7116331287753,Estimación adecuada
Aibonito,2005-2009,1,74.88960349978896,74.979997151363,73.95735976509249,75.9478174745682,Estimación adecuada
Aibonito,2005-2009,2,81.30587533973025,81.07530827936004,80.05841660830396,82.52249997713136,Estimación adecuada
Aibonito,2010-2014,1,74.15371449624436,75.60590093236205,74.46879956518426,76.67107580475388,> e0 observado
Aibonito,2010-2014,2,82.83346667872438,82.83074537660451,81.435673950973,84.05111991344793,Estimación adecuada
Aibonito,2015-2019,1,77.00855644451337,77.68093342103452,76.61219818052177,78.92038196710897,Estimación adecuada
Aibonito,2015-2019,2,83.92589167839914,84.38676517454036,83.35252799677554,85.61806844994801,Estimación adecuada
Aibonito,2020-2024,1,79.62044145372404,79.2732327474609,77.81975666225117,80.44796211319002,Estimación adecuada
Aibonito,2020-2024,2,85.54801976071055,85.66974764045136,84.1558600087483,87.04396666629852,Estimación adecuada
Anasco,1980-1984,1,72.01460523472085,71.61385295537498,70.52380478919098,72.84795074601662,Estimación adecuada
Anasco,1980-1984,2,76.47877169471658,76.7114123587546,75.77406923027411,77.6525688961275,Estimación adecuada
Anasco,1985-1989,1,71.42888891874672,71.28104452922204,70.0924818159128,72.22712007528317,Estimación adecuada
Anasco,1985-1989,2,76.49626365968555,77.08855527544371,75.89546090195213,78.34199165296587,Estimación adecuada
Anasco,1990-1994,1,70.05228247802772,70.73099788588095,69.53513366078529,71.49059202448271,Estimación adecuada
Anasco,1990-1994,2,77.19464732684078,77.46856568069569,76.32992540679967,78.43030925540319,Estimación adecuada
Anasco,1995-1999,1,71.8503650088804,71.29662878944318,70.27330309109863,72.17323492725362,Estimación adecuada
Anasco,1995-1999,2,77.85360337047756,77.89852164629949,77.02460774374256,79.09165217829177,Estimación adecuada
Anasco,2000-2004,1,74.35938543935956,73.90939666803389,73.01935670157488,74.67011523734763,Estimación adecuada
Anasco,2000-2004,2,80.6361937434096,80.33295333605375,79.21382287025051,81.75440783650438,Estimación adecuada
Anasco,2005-2009,1,76.96481061689505,75.88474810305468,74.76486413583234,76.77667815277024,< e0 observado
Anasco,2005-2009,2,82.18483587125668,81.58355970449043,80.60779400219153,82.87404679586467,Estimación adecuada
Anasco,2010-2014,1,76.38264162433823,75.98857460230505,75.15848595738417,77.18502432586124,Estimación adecuada
Anasco,2010-2014,2,83.0792504741019,82.82528671661436,81.63794822307835,84.01182587991033,Estimación adecuada
Anasco,2015-2019,1,78.19758272547156,77.67424667772242,76.8091767745135,78.59168051324198,Estimación adecuada
Anasco,2015-2019,2,85.54315717152748,84.98293998726405,83.3318584658698,86.53286289996032,Estimación adecuada
Anasco,2020-2024,1,77.16064670152906,77.3700841228025,76.48711941450418,78.37719131618292,Estimación adecuada
Anasco,2020-2024,2,83.21756305986028,84.34878197961629,82.9065272792559,85.58012697246937,Estimación adecuada
Arecibo,1980-1984,1,70.94822313738123,70.9727413717944,70.44527647047603,71.58163574220751,Estimación adecuada
Arecibo,1980-1984,2,77.54900544750468,77.29471339880544,76.73809437259028,78.07481666031137,Estimación adecuada
Arecibo,1985-1989,1,70.27186805457086,70.43144514071373,69.88064514175176,71.20868355404585,Estimación adecuada
Arecibo,1985-1989,2,77.07511338664264,77.11418529496848,76.53305870815174,77.7681281623272,Estimación adecuada
Arecibo,1990-1994,1,70.7566402122555,70.70970218502228,70.20833390806018,71.31147245958063,Estimación adecuada
Arecibo,1990-1994,2,77.82525476262934,77.79710773541333,77.14423759492888,78.49466557842374,Estimación adecuada
Arecibo,1995-1999,1,70.42422951948053,70.43971968629074,69.88036301501026,71.11448769066192,Estimación adecuada
Arecibo,1995-1999,2,77.67805190763367,77.65318680430865,77.0708602135777,78.18418071227015,Estimación adecuada
Arecibo,2000-2004,1,73.58677734329173,73.32201302595688,72.77271405455465,73.91323379153796,Estimación adecuada
Arecibo,2000-2004,2,80.17723082421405,79.83728237545537,79.27350455176457,80.5375696711283,Estimación adecuada
Arecibo,2005-2009,1,73.79746978285581,73.74694582513655,73.161213925286,74.34351104442283,Estimación adecuada
Arecibo,2005-2009,2,80.99120726198103,80.64412991311524,80.11397504370768,81.20687215099983,Estimación adecuada
Arecibo,2010-2014,1,75.7499952369095,75.66380299669316,74.89938585800184,76.2021483683281,Estimación adecuada
Arecibo,2010-2014,2,81.99729917976788,81.70543789301595,81.07921361935382,82.33684078939112,Estimación adecuada
Arecibo,2015-2019,1,77.47760291858165,77.42436855886203,76.65378349665428,77.97534206673988,Estimación adecuada
Arecibo,2015-2019,2,84.62096334942434,84.25600310745867,83.57184603746444,85.07694163962533,Estimación adecuada
Arecibo,2020-2024,1,77.03404417797987,76.81707082032314,76.02519117123944,77.53295414481423,Estimación adecuada
Arecibo,2020-2024,2,83.99392652816302,83.66673290226541,83.06355206636545,84.24193799404634,Estimación adecuada
Arroyo,1980-1984,1,69.26197243419952,69.74528532201876,68.59582948406785,71.03769386244628,Estimación adecuada
Arroyo,1980-1984,2,77.70227943996014,77.5787659651348,76.04731784051927,79.19680881620096,Estimación adecuada
Arroyo,1985-1989,1,69.06544938666637,69.61681498974329,68.71234031842357,70.62092708903903,Estimación adecuada
Arroyo,1985-1989,2,76.53547803214356,76.65150020358027,75.24199025504177,77.89897383787854,Estimación adecuada
Arroyo,1990-1994,1,69.467701272295,69.8311990950076,68.41221828517558,70.7310467774032,Estimación adecuada
Arroyo,1990-1994,2,79.1638940521351,78.47560100340488,77.33795044272607,79.70491945324696,Estimación adecuada
Arroyo,1995-1999,1,69.35840651861476,70.07680209140977,68.85170245586671,71.16907813675063,Estimación adecuada
Arroyo,1995-1999,2,77.98473955428868,77.5959845687306,76.63029410728157,78.62094915855931,Estimación adecuada
Arroyo,2000-2004,1,72.46263355278661,72.56221084345204,71.45920163615047,73.47327426352471,Estimación adecuada
Arroyo,2000-2004,2,79.49462438506767,79.61460051074118,78.54914935612325,80.75421975069105,Estimación adecuada
Arroyo,2005-2009,1,73.52924324703847,73.67035646245543,72.50577526744988,74.65483004569943,Estimación adecuada
Arroyo,2005-2009,2,81.55925566302211,81.05070433215907,79.99338343746678,82.39972711476128,Estimación adecuada
Arroyo,2010-2014,1,73.74855783813933,74.2913810506582,73.30809477793335,75.54468187089864,Estimación adecuada
Arroyo,2010-2014,2,82.70095569618667,82.29352311903352,80.88208225069106,83.50183227354053,Estimación adecuada
Arroyo,2015-2019,1,74.8566557237882,76.37001784914037,75.08620970189274,77.45938296364321,> e0 observado
Arroyo,2015-2019,2,83.0866067343545,83.45574295591388,82.16907716705092,84.91714820025496,Estimación adecuada
Arroyo,2020-2024,1,77.15040742709186,76.86153121096622,75.68190136055338,78.05942427871025,Estimación adecuada
Arroyo,2020-2024,2,82.07042233229612,83.07925475509971,81.76837232453681,84.3906013034047,Estimación adecuada
Barceloneta,1980-1984,1,69.54208697130086,70.70928304303098,69.69096018059437,71.9367719158655,> e0 observado
Barceloneta,1980-1984,2,77.15945709054438,77.33698210987365,75.9671107805873,78.68999477065742,Estimación adecuada
Barceloneta,1985-1989,1,72.20256138308129,71.77239073523393,70.91064565559502,72.72425833100974,Estimación adecuada
Barceloneta,1985-1989,2,78.86869640220178,78.67969326102937,77.47068440134598,79.93920423129482,Estimación adecuada
Barceloneta,1990-1994,1,71.82801102859922,71.16893218590263,69.86373506121498,72.29258372634416,Estimación adecuada
Barceloneta,1990-1994,2,79.79778456534827,79.71600087055695,78.52484992749962,81.3845989216422,Estimación adecuada
Barceloneta,1995-1999,1,69.62763398284126,70.42820473882202,69.09635448830517,71.59790091921414,Estimación adecuada
Barceloneta,1995-1999,2,78.30155980616671,78.52207426251488,77.50504876023487,79.69967415425415,Estimación adecuada
Barceloneta,2000-2004,1,74.25217285421826,73.70794679081871,72.60297701424273,74.91474248607801,Estimación adecuada
Barceloneta,2000-2004,2,80.98566728548113,80.33473730221637,79.39105059209402,81.35844241536262,Estimación adecuada
Barceloneta,2005-2009,1,75.14771749617947,74.77553319964024,73.63643537892028,75.71337061550852,Estimación adecuada
Barceloneta,2005-2009,2,83.11601404161499,82.49033435876801,81.03572903906657,84.14009035002594,Estimación adecuada
Barceloneta,2010-2014,1,75.38250616989667,75.6922455777019,74.32474104513128,76.63640468901009,Estimación adecuada
Barceloneta,2010-2014,2,83.08358460781069,82.72988246713098,81.69862810426092,84.2524744886112,Estimación adecuada
Barceloneta,2015-2019,1,79.11645760546239,77.88867161672805,76.70842967739097,79.30774288628349,Estimación adecuada
Barceloneta,2015-2019,2,85.56404930901091,84.96640340516977,83.72333068465261,86.69427751094697,Estimación adecuada
Barceloneta,2020-2024,1,75.82195956003592,75.97863036593037,75.16150142794552,76.86008181285185,Estimación adecuada
Barceloneta,2020-2024,2,84.21378427386206,84.35968081970223,83.03929195162975,86.00612460791865,Estimación adecuada
Barranquitas,1980-1984,1,71.33876197975141,71.72448422434707,70.56039319719699,72.60952019695173,Estimación adecuada
Barranquitas,1980-1984,2,77.30531169649653,77.85982953042989,76.73501049028285,79.23195244623884,Estimación adecuada
Barranquitas,1985-1989,1,71.51414892357278,71.7689643695432,70.48495207217343,72.75499209450686,Estimación adecuada
Barranquitas,1985-1989,2,77.76964050663393,78.03972866877221,76.83426764411942,79.19377066541051,Estimación adecuada
Barranquitas,1990-1994,1,70.61622752203239,71.016946083573,69.95654415880396,72.09570128148096,Estimación adecuada
Barranquitas,1990-1994,2,80.19038720696513,79.5487242657325,78.2738690939884,80.80953712085682,Estimación adecuada
Barranquitas,1995-1999,1,71.30535167741402,71.08530656048936,70.00931004319678,71.89784582551835,Estimación adecuada
Barranquitas,1995-1999,2,77.36809189145215,78.12311074484597,77.29154845197999,79.34703546763848,Estimación adecuada
Barranquitas,2000-2004,1,73.94139576064687,73.95965241077923,73.0801561769942,75.15946190085832,Estimación adecuada
Barranquitas,2000-2004,2,80.92303201880848,81.05147078198448,79.8439522332525,82.20561550686887,Estimación adecuada
Barranquitas,2005-2009,1,75.7544247310515,75.2590910412622,74.33086550578517,76.45292663274971,Estimación adecuada
Barranquitas,2005-2009,2,83.34321773527964,83.0060030837863,81.53573380959212,84.90308486778517,Estimación adecuada
Barranquitas,2010-2014,1,75.82434696179858,75.76050777806302,74.86597205328312,76.90904841554854,Estimación adecuada
Barranquitas,2010-2014,2,83.19916348644448,83.15753822996197,81.83354912935769,84.44721306829086,Estimación adecuada
Barranquitas,2015-2019,1,78.70088384920705,78.24543450919143,77.31157757486704,79.4734561758705,Estimación adecuada
Barranquitas,2015-2019,2,86.1569793140704,85.86148915329778,83.91176437939386,87.42892576261522,Estimación adecuada
Barranquitas,2020-2024,1,77.70140580259377,77.85008793718106,76.44862141585179,79.16730669561129,Estimación adecuada
Barranquitas,2020-2024,2,85.89659093832063,85.74983741879676,84.61601792002848,86.95176031079072,Estimación adecuada
Bayamon,1980-1984,1,72.04514701418194,72.02320435869929,71.64355378392148,72.50760042710351,Estimación adecuada
Bayamon,1980-1984,2,78.18054324807127,78.0721162375988,77.52110814022171,78.46433396744301,Estimación adecuada
Bayamon,1985-1989,1,71.5983747916107,71.59220670663967,71.1472177181968,72.13103639726333,Estimación adecuada
Bayamon,1985-1989,2,79.53402783138928,79.24577341777726,78.76023917927725,79.77292720008705,Estimación adecuada
Bayamon,1990-1994,1,69.4013098024391,69.70814055178903,69.1762810389886,70.16200164940491,Estimación adecuada
Bayamon,1990-1994,2,79.99809814237119,79.87178706679636,79.36687378533,80.36531097267408,Estimación adecuada
Bayamon,1995-1999,1,70.77177966925491,70.91356764984381,70.47909194662995,71.28435771198187,Estimación adecuada
Bayamon,1995-1999,2,79.73301230251936,79.76231094170993,79.07805758707698,80.11208740679957,Estimación adecuada
Bayamon,2000-2004,1,73.5738231086305,73.64457989617432,73.28492724948295,73.98296630909702,Estimación adecuada
Bayamon,2000-2004,2,81.70891995330638,81.67486618326771,81.12932681123738,82.22795956159996,Estimación adecuada
Bayamon,2005-2009,1,74.78989094750837,74.77863681421081,74.3808851628797,75.29823881133296,Estimación adecuada
Bayamon,2005-2009,2,82.81400991090649,82.70170050747797,82.14714196237298,83.22877868605175,Estimación adecuada
Bayamon,2010-2014,1,76.39050901350164,76.32403824452126,75.89521716925648,76.87334567685987,Estimación adecuada
Bayamon,2010-2014,2,84.21195413174073,84.0252750844404,83.54259092767268,84.61982227918229,Estimación adecuada
Bayamon,2015-2019,1,77.4241342974101,77.59127417465702,76.9533371740406,78.05484314257578,Estimación adecuada
Bayamon,2015-2019,2,85.53635487807954,85.29424318633889,84.64028196973794,86.0711105554065,Estimación adecuada
Bayamon,2020-2024,1,76.28240347769595,76.3193065378837,75.70147351686808,76.90513273434908,Estimación adecuada
Bayamon,2020-2024,2,85.66531677680673,85.52130406464734,85.01248438501787,86.2272926777427,Estimación adecuada
Cabo Rojo,1980-1984,1,72.39724763936692,72.59808022377894,71.80631626016444,73.625629803975,Estimación adecuada
Cabo Rojo,1980-1984,2,77.54158683750231,77.62323628942826,76.71499917421636,78.39176760008064,Estimación adecuada
Cabo Rojo,1985-1989,1,73.0487252974488,72.9903271096721,71.95674519370075,73.96284098507323,Estimación adecuada
Cabo Rojo,1985-1989,2,79.23917112625598,78.97373944381037,78.1336184116741,79.99123773739143,Estimación adecuada
Cabo Rojo,1990-1994,1,72.97925410251543,72.76529318800738,71.91295392637453,73.61455454426306,Estimación adecuada
Cabo Rojo,1990-1994,2,80.55409901002385,80.02341456287095,79.24470107309249,81.24740868871275,Estimación adecuada
Cabo Rojo,1995-1999,1,72.48815364764029,72.41108588320824,71.70476805865857,73.43193427431723,Estimación adecuada
Cabo Rojo,1995-1999,2,79.89647697006733,79.7074833677762,78.74344064918277,80.48328307082119,Estimación adecuada
Cabo Rojo,2000-2004,1,75.02839226790125,74.92206387228727,74.20229313833464,75.67822663578683,Estimación adecuada
Cabo Rojo,2000-2004,2,82.11872847252751,81.77683946346414,80.7789244827008,82.79500605497986,Estimación adecuada
Cabo Rojo,2005-2009,1,76.84328880547318,76.1931137755735,75.4653634890312,76.90006433137613,Estimación adecuada
Cabo Rojo,2005-2009,2,82.7883495500848,82.27816092066769,81.40724257131868,83.21427920749721,Estimación adecuada
Cabo Rojo,2010-2014,1,75.75368420461353,76.07494592805944,75.44879980068168,76.86371710818966,Estimación adecuada
Cabo Rojo,2010-2014,2,83.42815115673008,83.71032390005911,82.65326464745655,84.6638520588246,Estimación adecuada
Cabo Rojo,2015-2019,1,79.78583423632398,79.45394683218566,78.48897267301155,80.52610005712025,Estimación adecuada
Cabo Rojo,2015-2019,2,84.21493107845924,84.45386174000737,83.48494291720766,85.15759208471927,Estimación adecuada
Cabo Rojo,2020-2024,1,79.36891590464816,79.35897804225917,78.49057703175521,80.09902366116769,Estimación adecuada
Cabo Rojo,2020-2024,2,84.78014352257735,84.7009356718591,83.85163334980638,85.71318348852802,Estimación adecuada
Caguas,1980-1984,1,71.72229204508375,71.63604519870773,71.15980785695966,72.3397667690111,Estimación adecuada
Caguas,1980-1984,2,78.48100883851102,78.38945354963926,77.77917642561744,79.02860080604142,Estimación adecuada
Caguas,1985-1989,1,70.39381171255258,70.48291837818846,69.98904898652287,70.98372606537183,Estimación adecuada
Caguas,1985-1989,2,79.24402800001288,79.00135716517961,78.33566758091212,79.69127145664699,Estimación adecuada
Caguas,1990-1994,1,68.8176451180551,69.21716510156463,68.50799130682779,69.79202325523038,Estimación adecuada
Caguas,1990-1994,2,78.64358444378482,78.57376093975802,77.81751405053801,79.08933743427781,Estimación adecuada
Caguas,1995-1999,1,69.69055735609852,69.94143696542989,69.42027721011345,70.50978033391075,Estimación adecuada
Caguas,1995-1999,2,79.65612948337659,79.49493128069702,79.00423543065035,79.97331089771177,Estimación adecuada
Caguas,2000-2004,1,73.107794927577,73.17177165459958,72.52634655346642,73.70030320895229,Estimación adecuada
Caguas,2000-2004,2,81.16770684291535,81.05683869103908,80.42930490978912,81.59131129375746,Estimación adecuada
Caguas,2005-2009,1,74.70961206827913,74.69255780815783,74.14591532899294,75.21304277109326,Estimación adecuada
Caguas,2005-2009,2,83.1696138038651,83.02462196500215,82.30111048671671,83.55157244202883,Estimación adecuada
Caguas,2010-2014,1,74.58554015299133,74.88613642714938,74.2513341289183,75.42580967885766,Estimación adecuada
Caguas,2010-2014,2,83.90600489563008,83.66221879602557,83.00108810049981,84.3702671871535,Estimación adecuada
Caguas,2015-2019,1,77.12465328076702,77.27754525253036,76.59495042405644,77.95739676683934,Estimación adecuada
Caguas,2015-2019,2,84.81913360231934,84.68082800589704,84.08304554738766,85.43938827703624,Estimación adecuada
Caguas,2020-2024,1,76.29588342135226,76.42171776974521,75.7427531028984,76.93047501419093,Estimación adecuada
Caguas,2020-2024,2,84.58890329073994,84.53265100312676,83.83903513836809,85.238654799838,Estimación adecuada
Camuy,1980-1984,1,72.00953497661486,72.18654039382305,71.23578108592488,73.3310652274946,Estimación adecuada
Camuy,1980-1984,2,79.0481930632779,79.05378371994823,77.766971186225,80.35006485667995,Estimación adecuada
Camuy,1985-1989,1,73.05563270338816,72.74813786112571,71.53112742232076,73.8208723411438,Estimación adecuada
Camuy,1985-1989,2,79.50251205629577,79.16742410804903,78.0564438578302,80.55055241567449,Estimación adecuada
Camuy,1990-1994,1,72.48592866320423,72.06280090176415,70.9757964383135,72.80473896470744,Estimación adecuada
Camuy,1990-1994,2,78.42074942707245,78.53118609593136,77.43642126561572,79.51568476428399,Estimación adecuada
Camuy,1995-1999,1,72.6730064081168,72.3462147052634,71.18696284188061,73.18568331196926,Estimación adecuada
Camuy,1995-1999,2,81.15887534595899,80.44868415644616,79.307717404968,81.58056261219096,Estimación adecuada
Camuy,2000-2004,1,75.51776152008142,74.7372090303626,73.97434192647484,75.49366213028685,< e0 observado
Camuy,2000-2004,2,81.38049051623702,80.86724007735697,79.7532062869221,81.98890843699371,Estimación adecuada
Camuy,2005-2009,1,76.01134322923592,75.57027259994445,74.57108282150372,76.29725365343364,Estimación adecuada
Camuy,2005-2009,2,83.37764861657536,82.79113558634018,81.66366651016429,84.01847303428468,Estimación adecuada
Camuy,2010-2014,1,77.47114401608678,76.4205009486901,75.60331909870749,77.44991861491367,< e0 observado
Camuy,2010-2014,2,83.52117698878536,83.28549808301153,82.01446944050741,84.54078136112378,Estimación adecuada
Camuy,2015-2019,1,78.31044325410552,78.08057756291433,77.08950633949658,79.09458768715803,Estimación adecuada
Camuy,2015-2019,2,85.3683244262729,84.99236853720024,83.89107061199384,86.52168702367426,Estimación adecuada
Camuy,2020-2024,1,78.26146309261183,77.77499419105105,76.91853555188479,78.62221046768474,Estimación adecuada
Camuy,2020-2024,2,85.47114665413858,85.46420699256234,84.2207132022707,86.91479704849392,Estimación adecuada
Canovanas,1980-1984,1,73.2999178869587,72.04814671067008,70.99878371591348,72.94134540873266,< e0 observado
Canovanas,1980-1984,2,80.06188590433086,78.53154459272636,77.67207429257132,80.13858180903347,Estimación adecuada
Canovanas,1985-1989,1,71.61537365310774,71.41199381841881,70.33195797534167,72.4652260739581,Estimación adecuada
Canovanas,1985-1989,2,78.2476656338885,77.91587057103789,76.73878142300092,79.16141713340326,Estimación adecuada
Canovanas,1990-1994,1,68.47857316458972,69.28517980926453,68.33059840605894,70.32852471057706,Estimación adecuada
Canovanas,1990-1994,2,78.32395417011651,78.10327065220767,76.97795130506574,79.1694276692517,Estimación adecuada
Canovanas,1995-1999,1,67.92417601162161,68.8211063967384,67.65197509462828,69.70875199580703,Estimación adecuada
Canovanas,1995-1999,2,77.19866982997894,77.31801222484998,76.33644231877095,78.28122868113363,Estimación adecuada
Canovanas,2000-2004,1,71.16133588099902,71.88530524148632,70.55629487477589,72.70731480508206,Estimación adecuada
Canovanas,2000-2004,2,79.89031657445086,79.83627292625097,78.94657506631398,80.95724839349944,Estimación adecuada
Canovanas,2005-2009,1,72.03527888088188,72.96380437484959,71.69958646904621,73.87506085804205,Estimación adecuada
Canovanas,2005-2009,2,82.20274877957495,81.73937066706833,80.73803470852778,82.85508352399688,Estimación adecuada
Canovanas,2010-2014,1,73.73163177655941,74.49200617824556,73.67722373840198,75.613830546841,Estimación adecuada
Canovanas,2010-2014,2,82.38500533806449,81.90539160633216,81.06650748523924,83.2416618785399,Estimación adecuada
Canovanas,2015-2019,1,76.47578865798283,76.96207694257278,75.9788221741714,77.75476941094689,Estimación adecuada
Canovanas,2015-2019,2,83.4705410867674,83.1957168289099,82.30602085592443,84.50616966858915,Estimación adecuada
Canovanas,2020-2024,1,75.27011547141527,75.48677756328772,74.53365197810734,76.23838328111943,Estimación adecuada
Canovanas,2020-2024,2,84.62181844092844,84.1872165657251,83.00206362039782,85.36362183876767,Estimación adecuada
Carolina,1980-1984,1,72.6794571065647,72.6600323898038,71.98683967124954,73.11174961844543,Estimación adecuada
Carolina,1980-1984,2,80.00245669766524,79.65297108809689,78.9908470944047,80.49747308503274,Estimación adecuada
Carolina,1985-1989,1,71.45905207579524,71.6010376010662,71.06368424875402,72.12037022366422,Estimación adecuada
Carolina,1985-1989,2,79.99533355118935,79.80732216831889,79.08299305369572,80.46549074038921,Estimación adecuada
Carolina,1990-1994,1,69.88961527032848,70.13191401689055,69.72290825604685,70.66197254280354,Estimación adecuada
Carolina,1990-1994,2,79.19273965392165,79.26116857586359,78.76518035800787,79.77164234749074,Estimación adecuada
Carolina,1995-1999,1,70.60394767924991,70.80032897287391,70.21472305218572,71.39607817065286,Estimación adecuada
Carolina,1995-1999,2,80.17066355341139,79.98443947401663,79.5082239155889,80.51401014914356,Estimación adecuada
Carolina,2000-2004,1,73.93076115352547,74.05284297004471,73.48217860332343,74.63705146320265,Estimación adecuada
Carolina,2000-2004,2,81.94990115891812,81.72707706747865,81.18887911547806,82.32896236817649,Estimación adecuada
Carolina,2005-2009,1,74.82294831043073,74.91864566225647,74.34875242120202,75.30299924107484,Estimación adecuada
Carolina,2005-2009,2,82.93347404417227,82.82059320255472,82.27032504094798,83.37150972765022,Estimación adecuada
Carolina,2010-2014,1,75.7216623224996,76.00566805995317,75.47190991544886,76.5786081072293,Estimación adecuada
Carolina,2010-2014,2,84.32702876051525,84.16501767825535,83.69090323823127,85.04495826857169,Estimación adecuada
Carolina,2015-2019,1,78.16150181754098,78.08696929671567,77.59675925966067,78.69824154356294,Estimación adecuada
Carolina,2015-2019,2,86.31301087441426,86.13398716332046,85.32993866625918,86.81528008010744,Estimación adecuada
Carolina,2020-2024,1,78.61601699181084,78.50604290863473,77.93310557922126,79.15295349218901,Estimación adecuada
Carolina,2020-2024,2,85.92480146843513,85.55280007995614,85.03824611598256,86.0677914093421,Estimación adecuada
Catano,1980-1984,1,64.71158204088911,66.13941209400738,64.8909188118009,66.96343336080065,> e0 observado
Catano,1980-1984,2,75.60330232750007,75.33535780078876,74.24254978934437,76.51164428000342,Estimación adecuada
Catano,1985-1989,1,65.74843366392102,66.86517665043397,65.62719243917364,67.78887058655158,Estimación adecuada
Catano,1985-1989,2,78.65957711284251,77.39835514871892,76.20324925940847,78.99484181768501,Estimación adecuada
Catano,1990-1994,1,63.551421617424765,65.2540098331483,64.36072461424862,66.18858676513268,> e0 observado
Catano,1990-1994,2,77.73013012436986,77.3181450258669,76.23921120187504,78.37130447478435,Estimación adecuada
Catano,1995-1999,1,64.95894376240564,66.4189733168035,65.38118397604941,67.29134126722441,> e0 observado
Catano,1995-1999,2,77.8017354936669,77.41430511416615,76.2586630618588,78.65261981974281,Estimación adecuada
Catano,2000-2004,1,69.54736006919788,70.47282763739346,69.31784765207314,71.54103303817796,Estimación adecuada
Catano,2000-2004,2,80.2420833723342,79.1998097452906,78.07228972957296,80.19537160600377,< e0 observado
Catano,2005-2009,1,70.0088463290445,70.89350321847692,69.82930088452488,71.98031581041126,Estimación adecuada
Catano,2005-2009,2,82.4846061988492,81.59925230592255,80.40856811505495,83.25020555654666,Estimación adecuada
Catano,2010-2014,1,73.04054164065786,73.39297490980724,72.49441689350544,74.51841259219404,Estimación adecuada
Catano,2010-2014,2,85.05347927327067,82.90523303388052,81.57640404736412,84.85291379325305,< e0 observado
Catano,2015-2019,1,73.65254048968006,74.54562366606237,73.53339427089156,75.79915891514312,Estimación adecuada
Catano,2015-2019,2,86.94579083490224,85.21342107801027,83.35215424305207,87.69969673560777,Estimación adecuada
Catano,2020-2024,1,73.01737041087927,74.14256965521483,73.13004785165505,75.46427305123343,> e0 observado
Catano,2020-2024,2,86.0684794743231,84.79553932404687,83.6118887444284,86.41606904086842,Estimación adecuada
Cayey,1980-1984,1,71.32064492875627,71.23036754899366,70.37564808112666,72.05269437371217,Estimación adecuada
Cayey,1980-1984,2,76.88437352747384,77.13616322485805,76.3017536506305,78.22815876910258,Estimación adecuada
Cayey,1985-1989,1,69.35200072016079,69.91311649231835,68.96276088369169,70.64700361026006,Estimación adecuada
Cayey,1985-1989,2,78.24162311103663,78.1810330956354,77.22575735561819,79.04784475845389,Estimación adecuada
Cayey,1990-1994,1,69.27521430891126,69.82332421744474,68.90983504944303,70.69396543054322,Estimación adecuada
Cayey,1990-1994,2,78.16553833033852,78.34374880059977,77.41220737124642,79.24203461726057,Estimación adecuada
Cayey,1995-1999,1,70.01299547508536,70.61680156060032,69.5750968520438,71.36243953449484,Estimación adecuada
Cayey,1995-1999,2,78.87259018768239,78.83019577344777,77.97410868655884,79.85755904954334,Estimación adecuada
Cayey,2000-2004,1,73.68749999421473,73.53940373638183,72.70056940392112,74.61730485547167,Estimación adecuada
Cayey,2000-2004,2,81.22226473989993,80.56226631597593,79.7406997207615,81.58041666626235,Estimación adecuada
Cayey,2005-2009,1,73.99614368964569,74.52303102642608,73.72073609364753,75.39446040990691,Estimación adecuada
Cayey,2005-2009,2,82.1533699228688,81.81712319764489,80.94275978070708,82.55749803342621,Estimación adecuada
Cayey,2010-2014,1,75.00610378038506,75.57319764614698,74.64982873238901,76.50472432871794,Estimación adecuada
Cayey,2010-2014,2,83.73637939950336,83.28113136366335,82.40098456001138,84.23201865202702,Estimación adecuada
Cayey,2015-2019,1,78.54670044615935,78.44252521448222,77.57580048513663,79.29158039666459,Estimación adecuada
Cayey,2015-2019,2,85.74693279734878,85.06268680037343,84.08498069194732,86.47439368822697,Estimación adecuada
Cayey,2020-2024,1,79.40962956727441,79.32472562721753,78.34302583473345,80.67682506279495,Estimación adecuada
Cayey,2020-2024,2,87.6006348574498,86.96496195216764,85.61928558812863,88.17195016656434,Estimación adecuada
Ceiba,1980-1984,1,72.14585176157938,71.5588490727392,70.09840416187687,72.86648356369699,Estimación adecuada
Ceiba,1980-1984,2,78.61104372786001,77.83767448995818,76.21144220035143,79.6208716287002,Estimación adecuada
Ceiba,1985-1989,1,70.6198183166503,70.70191095146562,69.53552516023893,71.78840182545261,Estimación adecuada
Ceiba,1985-1989,2,79.13415807152825,78.38609934414441,76.98941750897836,79.85329832494709,Estimación adecuada
Ceiba,1990-1994,1,71.00935671117365,70.86110642805647,69.8384628802402,72.01627985135829,Estimación adecuada
Ceiba,1990-1994,2,79.17042900270538,78.68784472124874,77.28281606151285,79.83169742782306,Estimación adecuada
Ceiba,1995-1999,1,72.51721647517238,71.4612433073948,70.4111950528609,72.52254704294413,Estimación adecuada
Ceiba,1995-1999,2,78.14728081414309,78.44078210831427,77.0839513130698,80.14710697172838,Estimación adecuada
Ceiba,2000-2004,1,74.86667065353893,73.80465839071317,72.71725864512212,74.87767744299731,Estimación adecuada
Ceiba,2000-2004,2,80.68427804057518,80.80362448522396,79.45810674205612,82.39963052120194,Estimación adecuada
Ceiba,2005-2009,1,76.12252834869311,74.83217700874138,73.38426204337654,76.64100917695117,Estimación adecuada
Ceiba,2005-2009,2,82.7966883833198,82.16451871642741,80.72439645522235,84.22946053132964,Estimación adecuada
Ceiba,2010-2014,1,75.46412666889606,76.25026722769286,75.11796220068163,77.60604440489658,Estimación adecuada
Ceiba,2010-2014,2,81.41353267344712,82.17523586103589,80.81348794518749,83.69807314836922,Estimación adecuada
Ceiba,2015-2019,1,78.54557923356414,77.84387814675415,76.63560175452281,79.32546726647944,Estimación adecuada
Ceiba,2015-2019,2,86.20789836529356,85.50842698339324,83.70915470278561,87.90234211792689,Estimación adecuada
Ceiba,2020-2024,1,72.26101326760208,76.19914528770241,74.7760567039486,77.43679044205616,> e0 observado
Ceiba,2020-2024,2,81.87366447467527,84.00114651024197,82.22514579510127,85.67115150386712,> e0 observado
Ciales,1980-1984,1,73.3601690081269,72.8311552617002,71.83333238451283,74.27640223875193,Estimación adecuada
Ciales,1980-1984,2,79.08450788252533,78.70802469572399,77.42218337959662,80.79357800762287,Estimación adecuada
Ciales,1985-1989,1,73.80385799895002,72.98880503478543,71.42083818649559,74.07546675611067,Estimación adecuada
Ciales,1985-1989,2,79.25761748100682,79.25784447016912,77.95354045910585,80.60500517425999,Estimación adecuada
Ciales,1990-1994,1,72.25274862856378,71.98245734155446,71.07206955063855,73.15542016347058,Estimación adecuada
Ciales,1990-1994,2,79.82543814746265,79.37603450032441,78.11883741235526,80.9609143764213,Estimación adecuada
Ciales,1995-1999,1,71.42663286324974,71.63436366478206,70.6715862968235,72.99520950183869,Estimación adecuada
Ciales,1995-1999,2,79.238381112831,79.6859775025454,78.54940070179788,81.2660425221604,Estimación adecuada
Ciales,2000-2004,1,72.8877247015535,73.63750311234698,72.51614859923998,74.77185303034744,Estimación adecuada
Ciales,2000-2004,2,80.83769687356553,81.10968424152712,80.03242403952535,82.88351739811401,Estimación adecuada
Ciales,2005-2009,1,74.52536084511352,74.98327245943995,73.73159660277125,75.98956787507724,Estimación adecuada
Ciales,2005-2009,2,82.13836581268944,82.30877690674097,80.89529121399505,83.97620891564713,Estimación adecuada
Ciales,2010-2014,1,75.83944224399347,76.46886510907217,75.32879850722682,77.8045009447355,Estimación adecuada
Ciales,2010-2014,2,83.18525319463721,83.41725296838038,82.18827584437321,85.14365422541144,Estimación adecuada
Ciales,2015-2019,1,80.35963140996523,79.17556640293984,77.69252723675699,80.63835939694124,Estimación adecuada
Ciales,2015-2019,2,85.16754149388572,85.9612482978491,83.99489461189577,87.92791015313162,Estimación adecuada
Ciales,2020-2024,1,78.0952139934909,78.0765106135408,76.87686021307783,79.12340658254107,Estimación adecuada
Ciales,2020-2024,2,83.7838176468441,84.39116664602227,83.0102444107707,85.71619111565266,Estimación adecuada
Cidra,1980-1984,1,72.92625993210298,73.15981292713514,72.1655941969409,74.45522550814783,Estimación adecuada
Cidra,1980-1984,2,80.25294604658151,80.00970137411832,78.58177145563019,81.43525701313334,Estimación adecuada
Cidra,1985-1989,1,72.65671880748917,72.72064155518915,71.79818371775605,73.64944587943819,Estimación adecuada
Cidra,1985-1989,2,79.2640060129605,79.2486688690964,77.97965417418348,80.63245748286724,Estimación adecuada
Cidra,1990-1994,1,74.59270123853278,73.976014134428425,72.76878915303865,75.07941118498897,Estimación adecuada
Cidra,1990-1994,2,79.58259869878654,79.5586627393088,78.62166280206053,80.47556324598355,Estimación adecuada
Cidra,1995-1999,1,74.21713653214772,73.84867615608661,72.7687393603039,74.64136476139689,Estimación adecuada
Cidra,1995-1999,2,80.46720179098129,80.6071517506765,79.56099337663184,82.2111016993741,Estimación adecuada
Cidra,2000-2004,1,76.1648075054388,75.67816632092068,74.70884795195684,76.69255064971387,Estimación adecuada
Cidra,2000-2004,2,83.06880741955162,82.63974476095362,81.53979037581642,83.58867978912605,Estimación adecuada
Cidra,2005-2009,1,76.2488157847596,76.23018370551716,75.34329737598213,77.07544542738592,Estimación adecuada
Cidra,2005-2009,2,83.29450873472624,83.1710269967992,82.15573673990804,84.42136575828755,Estimación adecuada
Cidra,2010-2014,1,77.33131059096634,77.61963225405835,76.48578171515553,78.6709706743343,Estimación adecuada
Cidra,2010-2014,2,83.46470181390174,83.30048192507726,82.33510515599048,84.59664540234238,Estimación adecuada
Cidra,2015-2019,1,78.97458456608396,79.22029957613458,78.16935495182375,80.25310408627527,Estimación adecuada
Cidra,2015-2019,2,84.69043178604441,85.16666832649364,84.20181887873066,86.39789944184409,Estimación adecuada
Cidra,2020-2024,1,79.7427353948676,79.49625534837159,78.6659981330674,80.78901512852394,Estimación adecuada
Cidra,2020-2024,2,85.33702768748,85.21364472577989,84.13234835095669,86.34533875993608,Estimación adecuada
Coamo,1980-1984,1,71.83261143264684,71.97249231433773,70.76819573480664,73.06104106988545,Estimación adecuada
Coamo,1980-1984,2,77.96592585526496,78.32167062104192,77.43175712024089,79.61134565961322,Estimación adecuada
Coamo,1985-1989,1,71.23431252697634,71.31234533271808,70.3955038948976,72.38358008841433,Estimación adecuada
Coamo,1985-1989,2,77.61875344002883,78.07081208460251,77.06337826916564,79.35492621290419,Estimación adecuada
Coamo,1990-1994,1,71.15206342123702,71.43906802349346,70.15102745351228,72.28731147072898,Estimación adecuada
Coamo,1990-1994,2,79.52007940092251,79.23974154330932,78.27829091373228,80.22914752517701,Estimación adecuada
Coamo,1995-1999,1,71.1960753395491,71.39067088298101,70.45400842482616,72.13110165716061,Estimación adecuada
Coamo,1995-1999,2,78.423903843953,78.56893000032099,77.50348466828635,80.08287269821074,Estimación adecuada
Coamo,2000-2004,1,73.24248106281058,73.31320889172075,72.25316304082483,74.25262361636084,Estimación adecuada
Coamo,2000-2004,2,81.2524184753369,80.8741270986273,79.83685815655805,81.84987922282319,Estimación adecuada
Coamo,2005-2009,1,76.67061680312946,75.72120484236999,74.67868207384299,76.65650571716174,< e0 observado
Coamo,2005-2009,2,82.50443120167047,82.03475860305812,80.68483089355439,83.34454239131969,Estimación adecuada
Coamo,2010-2014,1,76.08519397019607,75.98564490863947,74.87547966415246,76.71980852435856,Estimación adecuada
Coamo,2010-2014,2,82.76456200780567,82.50003858378615,81.45251758992461,83.48773002481349,Estimación adecuada
Coamo,2015-2019,1,76.3555860235564,76.69332021377588,75.73020777405486,77.49238986625144,Estimación adecuada
Coamo,2015-2019,2,84.32302802936533,84.53103897071148,83.36991996162718,85.67309810851947,Estimación adecuada
Coamo,2020-2024,1,78.73457128285159,77.92754489234966,77.10713751975477,79.1540795880197,Estimación adecuada
Coamo,2020-2024,2,85.32320664794793,85.17149290220081,83.97037030317341,86.6241625201474,Estimación adecuada
Comerio,1980-1984,1,72.39160599187598,72.31872256097242,71.13036110669253,73.55974430333066,Estimación adecuada
Comerio,1980-1984,2,80.50714392154065,79.42755835598294,77.96898428153025,80.6282714997819,Estimación adecuada
Comerio,1985-1989,1,72.46599051488649,71.92865616359077,70.98380236241964,73.2985093612294,Estimación adecuada
Comerio,1985-1989,2,79.35372018267553,78.98238872076163,77.95483805466823,80.78234066749147,Estimación adecuada
Comerio,1990-1994,1,72.63261964951914,71.95235701804579,70.86159639073787,73.15418127297875,Estimación adecuada
Comerio,1990-1994,2,78.0865724889923,78.52711867188387,77.57962044804465,80.1779983716018,Estimación adecuada
Comerio,1995-1999,1,71.13227286201818,71.4185149568157,70.3263649569991,72.75303181283337,Estimación adecuada
Comerio,1995-1999,2,78.32248610899435,78.58692904038281,77.40730081154757,79.76334809104264,Estimación adecuada
Comerio,2000-2004,1,73.74046365047266,73.80379829007614,72.6270689829002,75.00090590149588,Estimación adecuada
Comerio,2000-2004,2,80.19913305806267,80.40780212315235,79.21413500274299,81.87957041775553,Estimación adecuada
Comerio,2005-2009,1,75.30350166697882,75.14699359504286,73.89856846250179,76.64842616539244,Estimación adecuada
Comerio,2005-2009,2,81.75843965388886,81.66086275829788,80.47927726692973,82.8811894626464,Estimación adecuada
Comerio,2010-2014,1,77.88992392393747,77.08250190997784,75.98710364486021,78.34415021024543,Estimación adecuada
Comerio,2010-2014,2,83.20589003283447,82.96452106203392,81.85437789567985,84.31325787326006,Estimación adecuada
Comerio,2015-2019,1,76.11616223403381,76.7444782728917,75.71919770711634,78.07301730353714,Estimación adecuada
Comerio,2015-2019,2,84.47935763504815,84.68770145429697,83.00714099088131,86.17139218766985,Estimación adecuada
Comerio,2020-2024,1,75.23982921549162,76.21040127663869,75.28680102830401,77.10291740784808,> e0 observado
Comerio,2020-2024,2,83.75928924043123,83.73891017019548,82.44364749445398,84.92250595791901,Estimación adecuada
Corozal,1980-1984,1,72.8434269620364,72.59631402092069,71.57591587531603,73.70157869053932,Estimación adecuada
Corozal,1980-1984,2,78.49552695365927,78.25262110907323,77.32186969252487,79.75313339545013,Estimación adecuada
Corozal,1985-1989,1,74.16679537755694,73.183497533474835,72.21961575987777,74.59689159714439,Estimación adecuada
Corozal,1985-1989,2,78.31409571064404,78.3810938663369,77.6139566888968,79.33272176642359,Estimación adecuada
Corozal,1990-1994,1,71.27571092432538,71.54215559409168,70.5122749868656,72.38018987662642,Estimación adecuada
Corozal,1990-1994,2,78.71157989908842,78.88643238929177,77.69271696972143,80.03679802591773,Estimación adecuada
Corozal,1995-1999,1,71.90053240132126,72.0893952812092,71.23345893068989,73.24462589687056,Estimación adecuada
Corozal,1995-1999,2,81.05061971042039,80.31910375402197,79.17718151730122,81.20840043423694,Estimación adecuada
Corozal,2000-2004,1,75.40121472632262,74.9980432131722,73.80276407757009,75.94268650634248,Estimación adecuada
Corozal,2000-2004,2,82.32727029969571,82.1492984137648,81.01548698328563,83.38217956528905,Estimación adecuada
Corozal,2005-2009,1,75.29676896497347,75.5506555052074,74.50919269912586,76.55141343657209,Estimación adecuada
Corozal,2005-2009,2,81.7668888989548,81.6673732961654,80.64126900664061,82.90186755545844,Estimación adecuada
Corozal,2010-2014,1,76.61800376671373,76.75341276297266,75.52666939775636,77.63667004434018,Estimación adecuada
Corozal,2010-2014,2,83.99620064198638,83.82484809941963,82.5805578550063,85.1660991546643,Estimación adecuada
Corozal,2015-2019,1,78.84838673591865,78.228049365321,77.19653600283422,79.46518643653832,Estimación adecuada
Corozal,2015-2019,2,84.36621340480359,84.50093415750695,83.24707007165627,85.9670553014526,Estimación adecuada
Corozal,2020-2024,1,76.44862204173214,77.3170210556623,76.16794368584365,78.28002637723841,Estimación adecuada
Corozal,2020-2024,2,85.0591201159125,85.32837832011995,84.0469303243276,86.58782047896692,Estimación adecuada
Culebra,1980-1984,1,94.69722323815856,73.49372236423795,71.38285529031015,75.41941106023665,< e0 observado
Culebra,1980-1984,2,77.11141651027592,80.44503836018963,78.07122662128839,85.50268097370721,> e0 observado
Culebra,1985-1989,1,76.63588305134152,72.87634471495113,70.68809281564972,74.47376504194486,< e0 observado
Culebra,1985-1989,2,84.99417166658453,80.54511801728802,78.86170564017922,82.95238619180442,< e0 observado
Culebra,1990-1994,1,75.23127689590049,72.35502413067107,70.77477976484391,74.06808085831162,< e0 observado
Culebra,1990-1994,2,82.2361338517014,80.58733848290143,78.3427975112857,82.763054491952,Estimación adecuada
Culebra,1995-1999,1,72.53390965878926,72.50538447732592,70.69205873802274,74.75417597658256,Estimación adecuada
Culebra,1995-1999,2,82.74787501668122,81.20038336933894,78.11977698268427,88.21676032441226,Estimación adecuada
Culebra,2000-2004,1,83.74648606676807,75.52632451451353,74.03278480642155,77.81327340871184,< e0 observado
Culebra,2000-2004,2,81.63132549875367,82.7947151978524,80.35364322676514,86.34582426580927,Estimación adecuada
Culebra,2005-2009,1,79.35518350612848,76.12883978860418,74.4152211594217,78.2024553535984,< e0 observado
Culebra,2005-2009,2,87.82645600917449,83.85120028133643,81.96465779502716,87.16369877187113,< e0 observado
Culebra,2010-2014,1,73.27486001063872,77.01362506655833,75.17509213898082,79.26485451125922,> e0 observado
Culebra,2010-2014,2,84.63331186955911,84.74733643260387,82.48308632934972,88.81525960627579,Estimación adecuada
Culebra,2015-2019,1,73.7782353124013,78.2365328944827,76.25657707582656,80.42689747884108,> e0 observado
Culebra,2015-2019,2,82.80860574041759,86.14321971251547,83.66227367546881,90.27257450101719,> e0 observado
Culebra,2020-2024,1,71.17558414919206,77.54361931101592,75.39383300492179,80.48005599019083,> e0 observado
Culebra,2020-2024,2,81.75048505604273,85.20848563901139,83.09804574878711,89.51883141371016,> e0 observado
Dorado,1980-1984,1,73.06768394242143,72.69692572382564,71.4792313432202,74.14577481675089,Estimación adecuada
Dorado,1980-1984,2,79.57134292897321,79.15101865028097,77.94897303317686,80.43537038602015,Estimación adecuada
Dorado,1985-1989,1,70.98138714935332,71.13381276988437,69.8365889982339,72.0138823904258,Estimación adecuada
Dorado,1985-1989,2,79.66708794032925,79.2051342310156,77.9811841998458,80.45679111208119,Estimación adecuada
Dorado,1990-1994,1,70.60163270459446,71.13476455123032,70.14976084971053,72.07149600174444,Estimación adecuada
Dorado,1990-1994,2,79.66123740902555,79.4087038493133,78.35698224442538,80.6077616115244,Estimación adecuada
Dorado,1995-1999,1,71.14661901491276,71.57483585119161,70.58112648052371,72.55343318891107,Estimación adecuada
Dorado,1995-1999,2,79.34231212268777,79.59485246250672,78.54206280472319,80.79002228531999,Estimación adecuada
Dorado,2000-2004,1,72.80125816712727,73.11600200029031,72.24226484642128,74.18890793918195,Estimación adecuada
Dorado,2000-2004,2,80.51547250678337,80.1847951672756,79.36266417474349,81.31286851553708,Estimación adecuada
Dorado,2005-2009,1,74.74216888739862,74.91022369144042,74.15037047398833,76.06979020779943,Estimación adecuada
Dorado,2005-2009,2,81.55921742419945,81.4870652610501,80.49201737966364,82.43600467356212,Estimación adecuada
Dorado,2010-2014,1,77.3972526095473,77.41998412808094,76.36174593243737,78.34502294922949,Estimación adecuada
Dorado,2010-2014,2,83.78650120499329,83.48916470335435,82.28397351459552,84.75492775532499,Estimación adecuada
Dorado,2015-2019,1,79.05317477178703,78.55016364561382,77.53429372929024,79.59102753039622,Estimación adecuada
Dorado,2015-2019,2,85.0361331038058,84.98175785734725,83.84908747394078,86.20621064154022,Estimación adecuada
Dorado,2020-2024,1,77.54648054972814,77.79526312828364,76.77121832013887,78.75736333836937,Estimación adecuada
Dorado,2020-2024,2,87.81728727976584,86.56460953718094,85.4399857872858,87.91921895979334,Estimación adecuada
Fajardo,1980-1984,1,70.97992961345321,70.42441738011473,69.49745706431142,71.5776259793409,Estimación adecuada
Fajardo,1980-1984,2,77.4034006461853,76.88591851844623,75.84723615349256,77.93845989792698,Estimación adecuada
Fajardo,1985-1989,1,71.1887876704971,70.80905727438096,69.91963056101642,71.60251450800338,Estimación adecuada
Fajardo,1985-1989,2,77.37337374894558,77.20591351194821,76.325193244621,78.13065383236912,Estimación adecuada
Fajardo,1990-1994,1,68.18099629812696,68.78630384308059,67.97559692384291,69.43101009829078,Estimación adecuada
Fajardo,1990-1994,2,78.11474876521702,77.85877734987113,76.84602713347297,78.68512482947867,Estimación adecuada
Fajardo,1995-1999,1,69.86154006659808,69.96824272656812,69.24135903518928,70.75314693982656,Estimación adecuada
Fajardo,1995-1999,2,78.82934233659792,78.60998308730666,77.70276219048247,79.41412464602269,Estimación adecuada
Fajardo,2000-2004,1,71.85134936418909,71.98991627355431,71.20167164187171,72.8264600250669,Estimación adecuada
Fajardo,2000-2004,2,80.31491904964011,79.80297876939179,79.03352695833138,80.7427455866982,Estimación adecuada
Fajardo,2005-2009,1,72.01498955956528,72.5618099121234,71.7346670961791,73.53505515332242,Estimación adecuada
Fajardo,2005-2009,2,80.42579698255476,80.37294652370906,79.42091778777792,81.36918714784939,Estimación adecuada
Fajardo,2010-2014,1,73.1648079564502,74.19721383571132,72.94767026673291,75.05759952992648,Estimación adecuada
Fajardo,2010-2014,2,81.74247222384632,81.3620052357301,80.62562853904174,82.33407637790415,Estimación adecuada
Fajardo,2015-2019,1,76.15087862256587,76.71883756718617,75.66957390819434,77.91632119851349,Estimación adecuada
Fajardo,2015-2019,2,83.7123556023456,83.82976944839012,82.76279354161224,84.93342232936193,Estimación adecuada
Fajardo,2020-2024,1,74.31868957649468,75.00326261853988,74.06265001012878,75.90944555304372,Estimación adecuada
Fajardo,2020-2024,2,83.33111283123691,83.46063065460086,82.47788338813345,84.49282520027315,Estimación adecuada
Florida,1980-1984,1,71.06938753374574,71.31576048061162,69.71213341621646,72.78276832913451,Estimación adecuada
Florida,1980-1984,2,79.21775098528943,78.48030203378582,76.69625942856311,80.39545893918921,Estimación adecuada
Florida,1985-1989,1,70.64603223425698,70.93503723545213,69.47821218499917,72.11556492480184,Estimación adecuada
Florida,1985-1989,2,74.85144353276169,77.00243063258429,75.5810998145889,78.63972882215293,> e0 observado
Florida,1990-1994,1,70.01533527514864,70.43193149245826,69.07714310362009,71.75086454366271,Estimación adecuada
Florida,1990-1994,2,75.40391537650423,77.11183998723953,75.80498463287492,78.23674837490063,> e0 observado
Florida,1995-1999,1,71.65894113726901,71.6337088838844,70.12170866534768,73.13370798203798,Estimación adecuada
Florida,1995-1999,2,77.29790147374477,78.04048003025906,76.59944161035882,79.33189098742139,Estimación adecuada
Florida,2000-2004,1,75.01444427678842,74.03483790560871,72.74676986802325,75.5826917510768,Estimación adecuada
Florida,2000-2004,2,81.08965307946796,80.64706556448519,79.15489622634504,82.71426093819953,Estimación adecuada
Florida,2005-2009,1,76.54783220170152,74.83581430550944,73.59820120005415,76.14831728331383,< e0 observado
Florida,2005-2009,2,80.52310433234075,80.83547125953021,79.645424942775,82.51212058422325,Estimación adecuada
Florida,2010-2014,1,79.58931937931183,77.3432246998611,75.92285334138836,78.84565335948717,< e0 observado
Florida,2010-2014,2,84.35262381150902,83.14423561587765,81.67936807541346,85.2225232448655,Estimación adecuada
Florida,2015-2019,1,77.39963673465637,77.09055781338571,75.67553964117178,78.39343205026786,Estimación adecuada
Florida,2015-2019,2,83.04749257512822,83.70487366050442,82.30542070609907,85.43913031036723,Estimación adecuada
Florida,2020-2024,1,76.48138637441758,77.206536674114,75.91305441502894,78.60402428839564,Estimación adecuada
Florida,2020-2024,2,86.57028869211995,85.96221116599767,83.78891129279425,88.44619668070959,Estimación adecuada
Guanica,1980-1984,1,70.29160656173029,70.03841485704609,68.83925829125761,71.26596826001185,Estimación adecuada
Guanica,1980-1984,2,77.02589204137094,76.69146632221248,75.44314904320711,77.9416504266164,Estimación adecuada
Guanica,1985-1989,1,69.64590752945972,69.47433711749918,68.38274188460409,70.82217838800548,Estimación adecuada
Guanica,1985-1989,2,76.96194389846337,76.59189870315329,75.43219570976783,77.85928605872198,Estimación adecuada
Guanica,1990-1994,1,69.00330089577055,69.18056280584997,68.10825427508118,70.23049413866326,Estimación adecuada
Guanica,1990-1994,2,77.43314529873244,77.15329984481505,75.99539380192272,78.24802400300797,Estimación adecuada
Guanica,1995-1999,1,68.75925697690468,69.25228233025635,68.28583341235105,70.45551871268702,Estimación adecuada
Guanica,1995-1999,2,76.88365176255945,77.1162831095968,76.11526115696097,78.11002000000761,Estimación adecuada
Guanica,2000-2004,1,72.36855900985053,72.05064276121624,70.99636151279253,73.10347642365849,Estimación adecuada
Guanica,2000-2004,2,78.3128127578213,78.6594008851695,77.52495278152735,79.57972777476155,Estimación adecuada
Guanica,2005-2009,1,71.69965700518571,72.16801569277052,71.00020858126447,73.18737355303278,Estimación adecuada
Guanica,2005-2009,2,80.3960001801447,79.88140512269612,78.72797892787084,80.95883057175507,Estimación adecuada
Guanica,2010-2014,1,75.43056531334524,74.53159755897397,73.70721135033719,75.66187532523,Estimación adecuada
Guanica,2010-2014,2,80.57778836738088,81.06348449021435,79.94410585908955,82.44300909048894,Estimación adecuada
Guanica,2015-2019,1,74.6061778340804,74.8274823350153,73.54283132624809,75.8621157874897,Estimación adecuada
Guanica,2015-2019,2,81.3148683326643,81.70847322348553,80.43717507930211,82.97299015140351,Estimación adecuada
Guanica,2020-2024,1,73.35967274163447,74.64584026772437,73.42155152306712,75.6792394811258,> e0 observado
Guanica,2020-2024,2,82.11869011623037,81.89183745621787,80.75360409373206,83.14682908052822,Estimación adecuada
Guayama,1980-1984,1,70.24592277647761,70.35585534473697,69.26784194672325,71.24652773634362,Estimación adecuada
Guayama,1980-1984,2,76.94736099895414,76.74922818021554,75.80835648101481,77.60603318236898,Estimación adecuada
Guayama,1985-1989,1,69.18407376779939,69.31588716484617,68.43975576124339,70.3429861203157,Estimación adecuada
Guayama,1985-1989,2,77.01984994163914,76.77387814140761,75.932604326378,77.86639581077927,Estimación adecuada
Guayama,1990-1994,1,69.12774545799293,69.60579445545623,68.67123921345411,70.44223077068267,Estimación adecuada
Guayama,1990-1994,2,78.26536534527779,77.83992493384983,76.9175949344193,78.82865697579383,Estimación adecuada
Guayama,1995-1999,1,69.89298463348949,70.17424934353599,69.5230625561399,70.94637380810666,Estimación adecuada
Guayama,1995-1999,2,79.36097539479375,78.6568949880373,77.70296404700275,79.65726521650659,Estimación adecuada
Guayama,2000-2004,1,71.73959231092829,71.85459924334076,70.96157934998558,72.84738800266621,Estimación adecuada
Guayama,2000-2004,2,80.42361640554877,80.08909897081355,78.9478489574357,81.08879652632933,Estimación adecuada
Guayama,2005-2009,1,74.004627225837,73.74020893073774,72.61284464469418,74.83247179131402,Estimación adecuada
Guayama,2005-2009,2,80.66196990050479,80.51922179118304,79.61934383850215,81.31289073452452,Estimación adecuada
Guayama,2010-2014,1,76.0922078825251,75.68800874909891,74.47278014032176,76.67754893853925,Estimación adecuada
Guayama,2010-2014,2,82.22460967328485,81.89373907717061,80.84231494345727,82.89367939457156,Estimación adecuada
Guayama,2015-2019,1,76.61959145312574,76.51669760516685,75.78435748109143,77.52502224055972,Estimación adecuada
Guayama,2015-2019,2,83.4142713899816,83.3737201967678,82.36816308428249,84.62376764004264,Estimación adecuada
Guayama,2020-2024,1,73.93879414262592,75.21983375988171,74.40895037364186,76.17491372831017,> e0 observado
Guayama,2020-2024,2,82.33975114826434,82.5090948517771,81.60290580721025,83.51865943530271,Estimación adecuada
Guayanilla,1980-1984,1,72.58983279684577,71.53442750485911,70.54358695056423,73.01033029490671,Estimación adecuada
Guayanilla,1980-1984,2,77.53353824728316,77.43615739298815,76.36509950053198,78.67876806397959,Estimación adecuada
Guayanilla,1985-1989,1,70.73661721916349,70.52112821688195,69.26606513338942,71.4025087161528,Estimación adecuada
Guayanilla,1985-1989,2,76.86235560972376,76.70449871849918,75.79417550880385,77.7977907088893,Estimación adecuada
Guayanilla,1990-1994,1,72.37752924339648,71.37016798290055,70.29500978869041,72.34790544384921,< e0 observado
Guayanilla,1990-1994,2,78.55250974931681,77.98618872237262,76.7092430416981,79.046732652646,Estimación adecuada
Guayanilla,1995-1999,1,72.22131902455737,71.20825132303722,70.19261378300308,72.48125743365554,Estimación adecuada
Guayanilla,1995-1999,2,79.14608996325278,78.60578062918866,77.32432566103881,79.93247957275,Estimación adecuada
Guayanilla,2000-2004,1,74.05744082522244,73.46192508615543,72.27346730919555,74.43130378148525,Estimación adecuada
Guayanilla,2000-2004,2,80.06971551607721,79.76450969075145,78.64712454091034,81.07091159240183,Estimación adecuada
Guayanilla,2005-2009,1,73.36781184296053,73.78140810289062,72.55749615545801,75.07049481622374,Estimación adecuada
Guayanilla,2005-2009,2,79.74433091795808,79.780707047527045,78.80613384115034,80.66955556774471,Estimación adecuada
Guayanilla,2010-2014,1,77.2541883457964,76.14856494231492,74.94709482933987,77.18560632795301,< e0 observado
Guayanilla,2010-2014,2,79.95617529124827,80.84246722162652,79.61193165972752,82.26476582803988,Estimación adecuada
Guayanilla,2015-2019,1,74.50306944491258,76.01859106268645,74.99479651885613,76.99922836802564,> e0 observado
Guayanilla,2015-2019,2,85.47648018860491,84.43544912002875,83.19243045291176,86.16598936605507,Estimación adecuada
Guayanilla,2020-2024,1,73.73722385919334,75.11596052831038,74.00739732561915,76.42933711952338,> e0 observado
Guayanilla,2020-2024,2,84.46851671921503,84.34416041465525,83.12356742563821,86.20030082511047,Estimación adecuada
Guaynabo,1980-1984,1,73.33304020193007,73.33290745313265,72.44865251023995,73.8525567273511,Estimación adecuada
Guaynabo,1980-1984,2,79.57395565229348,79.34155542519727,78.5953649720046,80.3549159520858,Estimación adecuada
Guaynabo,1985-1989,1,73.30720790413426,73.4147702551916,72.67338237056332,74.14651809730253,Estimación adecuada
Guaynabo,1985-1989,2,80.7449894765543,80.36611512513377,79.72374524940251,81.38076315808658,Estimación adecuada
Guaynabo,1990-1994,1,71.64759712414893,72.06208210372873,71.29966314675124,72.69871147569125,Estimación adecuada
Guaynabo,1990-1994,2,80.46155681333546,80.35153127395702,79.50991424538293,81.14060274264392,Estimación adecuada
Guaynabo,1995-1999,1,71.70557982807048,72.19372486717612,71.70968026851929,72.89417068462922,> e0 observado
Guaynabo,1995-1999,2,81.61582636139954,81.41420851417045,80.78835247839002,82.19132112635097,Estimación adecuada
Guaynabo,2000-2004,1,74.5460879922691,74.93951479571842,74.22553961340884,75.51538747726107,Estimación adecuada
Guaynabo,2000-2004,2,82.43363591097874,82.32536525892175,81.64915477603084,83.11558114831058,Estimación adecuada
Guaynabo,2005-2009,1,75.40004142189414,75.74221528422436,75.1168718164368,76.25791644915653,Estimación adecuada
Guaynabo,2005-2009,2,83.59622113263238,83.47041224014595,82.91258144716221,84.28598974767786,Estimación adecuada
Guaynabo,2010-2014,1,77.3578270076508,77.558002788269,76.8896284995968,78.19747276483449,Estimación adecuada
Guaynabo,2010-2014,2,84.62289097742051,84.47278156280782,83.63149685979752,85.2110547483857,Estimación adecuada
Guaynabo,2015-2019,1,79.63090232574721,79.48604160657405,78.78598286340375,80.22497843623195,Estimación adecuada
Guaynabo,2015-2019,2,86.62280196774702,86.33135681822309,85.47651350390407,87.15961968271475,Estimación adecuada
Guaynabo,2020-2024,1,77.36899877443203,77.77655908253476,77.1619146458676,78.36164273160234,Estimación adecuada
Guaynabo,2020-2024,2,86.85241919025239,86.69156934197616,85.85711249169356,87.87414830767077,Estimación adecuada
Gurabo,1980-1984,1,72.10043466021936,72.09172829156756,70.84930520610497,73.1439739966385,Estimación adecuada
Gurabo,1980-1984,2,77.21298943234297,77.6805124443006,76.8286064112939,78.91827058335619,Estimación adecuada
Gurabo,1985-1989,1,72.09864341259255,72.2658996185092,71.08719531586974,73.25393353204947,Estimación adecuada
Gurabo,1985-1989,2,77.83980186096333,78.26770934771173,76.89610075323927,79.20651181714547,Estimación adecuada
Gurabo,1990-1994,1,70.06358422124045,70.78161680407726,69.78565755521882,71.83225561175328,Estimación adecuada
Gurabo,1990-1994,2,78.93586566639773,79.0174972544549,77.74633035178303,79.95741906840311,Estimación adecuada
Gurabo,1995-1999,1,72.62979875914179,72.67344634339,71.78575344302145,73.64522025737875,Estimación adecuada
Gurabo,1995-1999,2,78.37596544908041,78.81207595612055,77.77422418185934,80.05592602018947,Estimación adecuada
Gurabo,2000-2004,1,73.72455425616529,73.94850007096295,73.11123972764177,75.08855926882536,Estimación adecuada
Gurabo,2000-2004,2,82.16347596555325,81.66965239704423,80.70441628335124,82.75820971810461,Estimación adecuada
Gurabo,2005-2009,1,75.38673648949066,75.61804443927339,74.4643805361992,76.60211878167246,Estimación adecuada
Gurabo,2005-2009,2,82.71710063140857,82.29958594238673,81.3078554005798,83.67563635309128,Estimación adecuada
Gurabo,2010-2014,1,75.74184183502217,76.18563132941435,75.41639863507595,77.0819387120811,Estimación adecuada
Gurabo,2010-2014,2,83.66012445857517,83.43730990081438,82.34276180781146,84.49871325630917,Estimación adecuada
Gurabo,2015-2019,1,77.82655629619259,77.9616603019427,76.84063832764895,78.98991903484827,Estimación adecuada
Gurabo,2015-2019,2,86.3751275135532,86.00370025087312,84.63902758556907,87.46311581347247,Estimación adecuada
Gurabo,2020-2024,1,78.1508349062683,77.8472594593941,76.86415055331024,78.61969026103102,Estimación adecuada
Gurabo,2020-2024,2,85.11563140762924,84.63425417763904,83.54131940626976,85.69845613478105,Estimación adecuada
Hatillo,1980-1984,1,71.99152036613721,72.40754622163507,71.44462185771141,73.34395913193659,Estimación adecuada
Hatillo,1980-1984,2,78.9802986931572,78.98973288479559,77.62543076197119,80.12349318760252,Estimación adecuada
Hatillo,1985-1989,1,72.73472078364017,72.53703812512109,71.76022454932195,73.63916514536793,Estimación adecuada
Hatillo,1985-1989,2,79.39464399636921,79.41397246498272,78.37948859180324,80.73183792384964,Estimación adecuada
Hatillo,1990-1994,1,72.2998423174012,72.19533345210047,71.20134039790813,73.00109378952874,Estimación adecuada
Hatillo,1990-1994,2,78.56900864145167,78.37407760834363,77.67254187449483,79.13872417806206,Estimación adecuada
Hatillo,1995-1999,1,72.51848608651568,72.27105351304513,71.4772048069218,73.11569462787821,Estimación adecuada
Hatillo,1995-1999,2,78.33281615395789,78.38659225597424,77.65948500490742,79.21390450671751,Estimación adecuada
Hatillo,2000-2004,1,74.45467151298737,74.1603314528888,73.06139830094091,75.12138161641103,Estimación adecuada
Hatillo,2000-2004,2,80.50637914886045,80.38684532155315,79.46905738283647,81.33397712601928,Estimación adecuada
Hatillo,2005-2009,1,75.71645524793598,75.30000025372328,74.3345715712762,76.18310591284319,Estimación adecuada
Hatillo,2005-2009,2,81.90357972932111,81.83182354230043,80.81897118223196,82.67985498173405,Estimación adecuada
Hatillo,2010-2014,1,77.71502056183984,77.11049264147535,76.00825436360155,77.94132546916768,Estimación adecuada
Hatillo,2010-2014,2,83.87031312176076,83.50405267792661,82.39255832806373,84.63722508106608,Estimación adecuada
Hatillo,2015-2019,1,79.67724729389147,79.1264061684675,78.16853603509091,80.15436046469367,Estimación adecuada
Hatillo,2015-2019,2,84.83403759511111,84.44521346120612,83.14377696367745,85.3280103424495,Estimación adecuada
Hatillo,2020-2024,1,78.47632497278812,78.2852337846495,77.11671104678297,79.32970460648824,Estimación adecuada
Hatillo,2020-2024,2,86.14610937096411,85.24829161219134,84.25386323179251,86.04469924465224,< e0 observado
Hormigueros,1980-1984,1,74.05856561737721,73.705270993148,72.34225029555552,75.18448823678779,Estimación adecuada
Hormigueros,1980-1984,2,79.84974137268954,80.28320916420134,78.46751895410387,82.30647181997801,Estimación adecuada
Hormigueros,1985-1989,1,73.08737524946572,73.03156852405668,71.84963693201948,74.32831250757255,Estimación adecuada
Hormigueros,1985-1989,2,77.720059693455,79.06979849347056,77.69155321058653,80.64140207906865,Estimación adecuada
Hormigueros,1990-1994,1,74.61350802067456,73.27826144722647,72.35175222586048,74.58339865986488,< e0 observado
Hormigueros,1990-1994,2,81.39461486989457,80.60974959469254,79.04233438798502,82.17425872110809,Estimación adecuada
Hormigueros,1995-1999,1,74.87703445651637,73.67224831704547,72.72480649829969,74.80609073039716,< e0 observado
Hormigueros,1995-1999,2,80.45280069334801,80.25618054197238,79.18005600588485,81.71832628233258,Estimación adecuada
Hormigueros,2000-2004,1,75.50618073944777,75.2205665231308,74.2098903870498,76.3858984584671,Estimación adecuada
Hormigueros,2000-2004,2,82.3521641939344,81.94762091057879,80.59659533648556,83.46018648866124,Estimación adecuada
Hormigueros,2005-2009,1,76.10054922666298,76.24339402497709,75.3726442720457,77.3498912009945,Estimación adecuada
Hormigueros,2005-2009,2,84.62944320284578,83.82746959833449,82.464145046336,85.83670990175114,Estimación adecuada
Hormigueros,2010-2014,1,76.11918178416535,77.00160177751701,75.66497423339356,78.26488389552269,Estimación adecuada
Hormigueros,2010-2014,2,82.71051389712174,83.37358952304558,82.08536129124407,84.46612979471752,Estimación adecuada
Hormigueros,2015-2019,1,77.91392313609006,78.38798182024945,77.3298970972624,79.44854954608574,Estimación adecuada
Hormigueros,2015-2019,2,85.81866120513573,86.37970658581537,84.58255508888456,87.87867648494064,Estimación adecuada
Hormigueros,2020-2024,1,78.36911216509105,78.86667373991126,77.7139879466027,80.57808846285727,Estimación adecuada
Hormigueros,2020-2024,2,86.17552522276296,86.06372226876218,84.95466519806217,87.49447739847187,Estimación adecuada
Humacao,1980-1984,1,70.58258576927221,70.88987685783962,69.92797802964918,71.58189554275864,Estimación adecuada
Humacao,1980-1984,2,75.89477228552336,76.0986088698522,75.28916305824805,77.16834700823533,Estimación adecuada
Humacao,1985-1989,1,70.67071512913827,70.80579005167485,69.82693624019574,71.68878089904396,Estimación adecuada
Humacao,1985-1989,2,78.26869595391119,77.9368826019624,76.91676246155646,78.82363524049714,Estimación adecuada
Humacao,1990-1994,1,69.59966588678492,69.77853105031389,68.89737077283974,70.55414003772962,Estimación adecuada
Humacao,1990-1994,2,78.98527536141168,78.73351216319979,77.8185802512519,79.73151660779695,Estimación adecuada
Humacao,1995-1999,1,71.67034271113566,71.52759800502187,70.61078916829901,72.18734321251694,Estimación adecuada
Humacao,1995-1999,2,78.50994029948488,78.41700029780901,77.56041874557992,79.03400726834289,Estimación adecuada
Humacao,2000-2004,1,73.45461991775991,73.41258107364288,72.74053612959077,74.18372049084986,Estimación adecuada
Humacao,2000-2004,2,79.72370844675466,79.91605283465483,79.00227765652033,80.72422630079262,Estimación adecuada
Humacao,2005-2009,1,73.61846549183731,73.96462438958451,73.19755013946043,74.68481146627244,Estimación adecuada
Humacao,2005-2009,2,81.80291929231979,81.61979583038416,80.69757706836344,82.60015238865535,Estimación adecuada
Humacao,2010-2014,1,75.80326051258055,75.7908735928909,74.9258550618822,77.0829128011222,Estimación adecuada
Humacao,2010-2014,2,83.58584598942798,83.21283234680752,82.28875672194357,84.1208887903359,Estimación adecuada
Humacao,2015-2019,1,76.7386829389743,77.15410839138508,76.26442163953851,78.09134082568292,Estimación adecuada
Humacao,2015-2019,2,84.86787206578826,84.36870417591487,83.36146544201054,85.38347586769493,Estimación adecuada
Humacao,2020-2024,1,76.7404128820364,77.55401253291377,76.9070978081283,78.38522905640639,> e0 observado
Humacao,2020-2024,2,84.233200245355,84.11671501173817,83.256358836797,85.03948423766063,Estimación adecuada
Isabela,1980-1984,1,73.09738020117423,72.75651016087082,71.94894122392532,73.79702951572264,Estimación adecuada
Isabela,1980-1984,2,77.82732250278018,77.6814350518867,76.71435001455407,78.8059638138499,Estimación adecuada
Isabela,1985-1989,1,71.58083949829111,71.50884519534495,70.67150935477102,72.35969533851873,Estimación adecuada
Isabela,1985-1989,2,78.50099967900502,78.23962777255238,77.30528336241116,79.36821480151781,Estimación adecuada
Isabela,1990-1994,1,72.0475169163787,71.70939738394696,70.58370387483798,72.57451801734533,Estimación adecuada
Isabela,1990-1994,2,78.52411999469241,78.5238666641559,77.59205950903493,79.30220545806347,Estimación adecuada
Isabela,1995-1999,1,71.86251133480623,71.65912912971424,70.76513533563062,72.4215358482713,Estimación adecuada
Isabela,1995-1999,2,79.50480811685766,79.24595055264355,78.33290258214029,80.43366329423836,Estimación adecuada
Isabela,2000-2004,1,73.31643311223908,73.18213087376256,72.36652688398154,74.06624633443533,Estimación adecuada
Isabela,2000-2004,2,79.66880055796743,79.71386098367648,78.83766588175324,80.4989486900549,Estimación adecuada
Isabela,2005-2009,1,75.53006169201437,74.87765028408845,73.98934009050636,75.7015927650933,Estimación adecuada
Isabela,2005-2009,2,80.46868606139569,80.49033647486092,79.66364871144478,81.29251365428718,Estimación adecuada
Isabela,2010-2014,1,76.3459756319445,76.04433659439422,75.32650511845709,77.01466886098451,Estimación adecuada
Isabela,2010-2014,2,82.99199255121863,82.57342063067193,81.48790831887963,83.70206235957836,Estimación adecuada
Isabela,2015-2019,1,78.28631956544136,77.90391014917243,77.06675498628354,78.8417121524125,Estimación adecuada
Isabela,2015-2019,2,84.46499781522432,84.00415003950974,83.15228640507141,85.09247901611255,Estimación adecuada
Isabela,2020-2024,1,78.44494383134611,77.53450292504088,76.8619494547833,78.25357747594106,< e0 observado
Isabela,2020-2024,2,84.54430409037892,84.77748582130116,83.7135243454288,85.90788846065422,Estimación adecuada
Jayuya,1980-1984,1,71.54820346169252,71.81341949891356,70.83335658733854,72.954530588057,Estimación adecuada
Jayuya,1980-1984,2,75.83217282493807,77.28794103983387,75.62830625078988,78.85616855920861,Estimación adecuada
Jayuya,1985-1989,1,71.8852739133792,71.4164551390458,70.20914272117393,72.77215954910665,Estimación adecuada
Jayuya,1985-1989,2,75.89535009908417,77.1034383613017,75.55737656073785,78.56038353467727,Estimación adecuada
Jayuya,1990-1994,1,71.61501384784762,71.08638777398642,70.09835672585369,72.27977346512904,Estimación adecuada
Jayuya,1990-1994,2,76.60405912768891,78.1299599622637,76.58713065640059,79.91286481716571,Estimación adecuada
Jayuya,1995-1999,1,72.762612067533,72.10986474748643,71.17037846897327,73.39568228539129,Estimación adecuada
Jayuya,1995-1999,2,78.02341987371616,78.53341738211137,77.37214412231921,79.76865434951465,Estimación adecuada
Jayuya,2000-2004,1,74.804694975474,73.76889695185312,72.52892391377873,74.9021131913286,Estimación adecuada
Jayuya,2000-2004,2,82.26030453801704,81.57178291218955,80.19018445020113,83.62277903306267,Estimación adecuada
Jayuya,2005-2009,1,76.29392429833622,75.4595385244221,74.2434009773761,76.88581445391974,Estimación adecuada
Jayuya,2005-2009,2,83.26574991380474,82.30469387962133,81.07030080674494,83.64969640324443,Estimación adecuada
Jayuya,2010-2014,1,77.86670993006521,77.02610952269816,75.52424076902524,78.0768351057725,Estimación adecuada
Jayuya,2010-2014,2,83.01935062086235,83.29754229280306,81.79510344640926,84.69033402247281,Estimación adecuada
Jayuya,2015-2019,1,79.09662441043547,78.11745973146354,77.08506807164501,79.57311512877956,Estimación adecuada
Jayuya,2015-2019,2,86.09536520292538,85.97706749259083,84.02547198319297,88.03059279360517,Estimación adecuada
Jayuya,2020-2024,1,80.33778345942194,79.2934960312974,77.618476662432,80.82552041599783,Estimación adecuada
Jayuya,2020-2024,2,86.05790395955583,85.363470693171,83.92439348135831,87.46118773808945,Estimación adecuada
Juana Diaz,1980-1984,1,71.10192241498234,71.07488401216796,70.32932578211509,72.21616982808739,Estimación adecuada
Juana Diaz,1980-1984,2,76.03760260059695,76.6139517097964,75.78202763026982,77.53575621583568,Estimación adecuada
Juana Diaz,1985-1989,1,70.59066146569734,70.6983758224504,69.98846834384912,71.45142051600388,Estimación adecuada
Juana Diaz,1985-1989,2,77.72376003285237,77.78158870991771,76.78722043162905,78.69418288826955,Estimación adecuada
Juana Diaz,1990-1994,1,70.59462619152536,70.67414317918231,69.75948054870456,71.46284988901206,Estimación adecuada
Juana Diaz,1990-1994,2,77.80758248720088,77.89284761413269,77.08979650696344,78.90676572820517,Estimación adecuada
Juana Diaz,1995-1999,1,70.63826210363753,70.64448544844734,69.84313831490556,71.30254714509155,Estimación adecuada
Juana Diaz,1995-1999,2,78.23721855538598,78.17960806676973,77.35623789907233,78.92217187904222,Estimación adecuada
Juana Diaz,2000-2004,1,72.42010194033637,72.596794833383,71.78185428150063,73.45071238351818,Estimación adecuada
Juana Diaz,2000-2004,2,80.07095731748443,79.94020258853485,79.16915589953037,81.039830387981,Estimación adecuada
Juana Diaz,2005-2009,1,74.09224072675535,74.34564454712634,73.36276012816525,75.31492763865015,Estimación adecuada
Juana Diaz,2005-2009,2,81.70478408921697,81.46115303825337,80.57356432088116,82.75908074654055,Estimación adecuada
Juana Diaz,2010-2014,1,75.9826744595313,76.06733120658436,75.43894174567714,76.99415986872407,Estimación adecuada
Juana Diaz,2010-2014,2,82.91141974537287,82.69351019564698,81.72360868469906,83.90850832992257,Estimación adecuada
Juana Diaz,2015-2019,1,77.4756453319244,77.25966147070493,76.39806637030077,78.32989358601236,Estimación adecuada
Juana Diaz,2015-2019,2,86.60689455981232,85.7754340829429,84.35063774342984,87.28071802497604,Estimación adecuada
Juana Diaz,2020-2024,1,76.12481522857756,76.53066647386001,75.77169267610184,77.5391034609327,Estimación adecuada
Juana Diaz,2020-2024,2,86.09723573194701,85.47620637946831,84.08257146435122,86.70889212362499,Estimación adecuada
Juncos,1980-1984,1,70.4832974097173,70.79225087329813,69.57698497999971,71.76259448641372,Estimación adecuada
Juncos,1980-1984,2,77.17475536145652,77.07013658001202,75.7744460492894,77.86807375760856,Estimación adecuada
Juncos,1985-1989,1,69.32349287604664,70.01899612810521,69.00139940844988,70.77852827879126,Estimación adecuada
Juncos,1985-1989,2,77.84087141019062,77.46856176368965,76.52251956086134,78.48099894870847,Estimación adecuada
Juncos,1990-1994,1,69.26314387145591,69.7320176269582,68.49717175649212,70.57108446080716,Estimación adecuada
Juncos,1990-1994,2,78.64376251745605,78.34984031274465,77.5116109405196,79.64856884789384,Estimación adecuada
Juncos,1995-1999,1,70.43259716290989,70.52960070030969,69.73896630205326,71.45834691154263,Estimación adecuada
Juncos,1995-1999,2,78.88321244236762,78.69074558538952,77.6443718807932,79.67336717046052,Estimación adecuada
Juncos,2000-2004,1,73.50676785386435,73.25991374951181,72.19814803470311,74.23293951052233,Estimación adecuada
Juncos,2000-2004,2,80.82760129992721,80.19821079993594,79.16398367701025,81.49069033600938,Estimación adecuada
Juncos,2005-2009,1,72.5823719234395,73.20663928914132,72.42026518680458,74.31755610694208,Estimación adecuada
Juncos,2005-2009,2,80.29148928265256,80.35225944772733,79.48946472290494,81.4339090559325,Estimación adecuada
Juncos,2010-2014,1,74.05814861532626,74.69077124085594,73.88782254351764,75.55172731432103,Estimación adecuada
Juncos,2010-2014,2,82.42841718245143,82.49576816570678,81.34475776663416,83.72706075206986,Estimación adecuada
Juncos,2015-2019,1,76.99651467647962,77.01281626819949,76.14177512018452,77.92331344123389,Estimación adecuada
Juncos,2015-2019,2,83.23323259682593,83.49444894134123,82.50598810255869,84.79697318151742,Estimación adecuada
Juncos,2020-2024,1,76.96779959385644,76.57787220454196,75.54614299518323,77.70258977541714,Estimación adecuada
Juncos,2020-2024,2,85.00221618874696,84.40832978127034,83.41974821658755,85.48852850877549,Estimación adecuada
Lajas,1980-1984,1,72.46316902920564,71.954660099037,70.96016081250204,73.060494906905,Estimación adecuada
Lajas,1980-1984,2,77.35030656462364,77.81812356777066,76.55384999293577,78.94519331740705,Estimación adecuada
Lajas,1985-1989,1,73.36206024807198,72.51027894731489,71.29031854823313,73.59462777929686,Estimación adecuada
Lajas,1985-1989,2,77.65847465397064,77.67606371222315,76.78212325160038,78.76334219614168,Estimación adecuada
Lajas,1990-1994,1,72.37357825429245,72.10416230974326,70.92554259675406,73.04180502509426,Estimación adecuada
Lajas,1990-1994,2,79.66328406009775,79.25019045665817,78.13207547754149,80.38709352272993,Estimación adecuada
Lajas,1995-1999,1,72.56496891931091,72.14905241542681,71.21336868736162,73.14480265582236,Estimación adecuada
Lajas,1995-1999,2,79.70456393493818,79.77417719298222,78.61100466462608,81.02857935695155,Estimación adecuada
Lajas,2000-2004,1,74.14208023792457,73.99366409580144,72.9535230073046,75.01559370408529,Estimación adecuada
Lajas,2000-2004,2,81.18752068509266,80.84547413373025,79.8481115045791,82.0650915746775,Estimación adecuada
Lajas,2005-2009,1,76.68683187769454,75.51050140969777,74.44377600232605,76.65334660647491,< e0 observado
Lajas,2005-2009,2,81.73140373208773,81.64939910031194,80.38777398770446,82.47684411503488,Estimación adecuada
Lajas,2010-2014,1,76.92095663234578,76.48123322527996,75.23989077815133,77.38408085320239,Estimación adecuada
Lajas,2010-2014,2,83.39940774512145,83.22981030337013,82.0288608678614,84.69339585088656,Estimación adecuada
Lajas,2015-2019,1,79.16417400599892,78.22390291810999,77.18973277921845,79.23056524164465,Estimación adecuada
Lajas,2015-2019,2,84.33383648976294,84.5602326319488,83.19230619705034,86.25537096143623,Estimación adecuada
Lajas,2020-2024,1,78.13171144418278,77.56401023154959,76.63004880394152,78.76041132026322,Estimación adecuada
Lajas,2020-2024,2,85.69664696158718,85.4606330534541,84.10173097630164,86.87398883296092,Estimación adecuada
Lares,1980-1984,1,70.93967460008611,71.65639153019838,70.80585559605932,72.53832846047102,Estimación adecuada
Lares,1980-1984,2,80.07304720190547,79.83337168404361,78.47273482848334,81.77956968811134,Estimación adecuada
Lares,1985-1989,1,72.07284835603735,72.19587625981154,71.29621259085224,73.24496119100186,Estimación adecuada
Lares,1985-1989,2,80.12906339800288,79.62261297220921,78.49486426203069,80.56860378601274,Estimación adecuada
Lares,1990-1994,1,71.99408741634562,71.98038850469831,70.94131143421815,72.96881126740881,Estimación adecuada
Lares,1990-1994,2,78.72924701770712,78.69103911068862,77.61191904566883,79.52147409093776,Estimación adecuada
Lares,1995-1999,1,74.58529726703922,73.92783184542841,73.05967384771628,75.0707897112132,Estimación adecuada
Lares,1995-1999,2,81.29595428708723,80.69002045467758,79.54448286533145,81.93697777256119,Estimación adecuada
Lares,2000-2004,1,75.1110712856121,74.7594044861907,73.82249590434597,75.60358140045685,Estimación adecuada
Lares,2000-2004,2,81.70641489338435,81.79827823341283,80.56832821525668,82.76320444777942,Estimación adecuada
Lares,2005-2009,1,76.5462882162104,75.73647932705833,74.73094320281709,76.59716842194504,Estimación adecuada
Lares,2005-2009,2,82.28400989612267,82.18020866233859,81.11203808714956,83.37623671016705,Estimación adecuada
Lares,2010-2014,1,79.39080265192932,78.29044508215651,77.25771930491112,79.47840575003046,Estimación adecuada
Lares,2010-2014,2,82.72140750112155,82.45937940040352,81.39105779764375,83.40026449975343,Estimación adecuada
Lares,2015-2019,1,78.13032401868809,77.91376042584393,76.95704950166464,79.14145026610724,Estimación adecuada
Lares,2015-2019,2,84.424471152182,84.37588042860014,83.30679604503251,85.37776906455994,Estimación adecuada
Lares,2020-2024,1,77.84495769277572,78.15044713494348,77.06629277635321,79.32622168855366,Estimación adecuada
Lares,2020-2024,2,84.10188803972103,84.64678042609253,83.50583492825606,85.71374658124091,Estimación adecuada
Las Marias,1980-1984,1,73.81563474744125,73.32431235269749,72.09905239089957,74.93122538296753,Estimación adecuada
Las Marias,1980-1984,2,83.88520673112671,81.32259641636227,79.34837419492519,83.84602183164063,< e0 observado
Las Marias,1985-1989,1,73.62469730038673,73.24316442318124,72.02512176202282,74.67812787156507,Estimación adecuada
Las Marias,1985-1989,2,78.14820547870697,79.9602587331974,78.21726924792625,81.81957120979885,> e0 observado
Las Marias,1990-1994,1,74.00881730690156,73.30806345897835,71.99227644263782,74.76359853817823,Estimación adecuada
Las Marias,1990-1994,2,80.22328205184606,80.54052028150195,78.41289252699872,82.60784451182315,Estimación adecuada
Las Marias,1995-1999,1,75.13206537448636,73.92726605654425,72.55939721754436,75.10299215460668,< e0 observado
Las Marias,1995-1999,2,81.22000339132549,81.0803172987521,79.0850778890929,82.92050835027871,Estimación adecuada
Las Marias,2000-2004,1,77.0746887546824,75.79193597122674,74.25926588205525,77.09694008918274,Estimación adecuada
Las Marias,2000-2004,2,81.22993587246654,82.61476191362155,80.32257703231465,84.23455604658753,Estimación adecuada
Las Marias,2005-2009,1,78.94241289794024,77.09855439273187,75.3503357655581,78.7463987866962,< e0 observado
Las Marias,2005-2009,2,82.45741722564794,83.64361978016592,81.83695755585765,85.81966093572072,Estimación adecuada
Las Marias,2010-2014,1,78.9874533300309,77.65543616025226,76.13857339542753,78.74940153040023,< e0 observado
Las Marias,2010-2014,2,85.68826589307866,85.02724217801354,83.17727528117831,87.43504309457279,Estimación adecuada
Las Marias,2015-2019,1,78.44180353450636,79.22064238902612,77.73169581184547,80.94791280011607,Estimación adecuada
Las Marias,2015-2019,2,86.2119644760504,86.05213932688207,84.20738238434289,88.45098880391714,Estimación adecuada
Las Marias,2020-2024,1,78.65869602395698,78.77770482229562,77.56323901377097,80.54662436841319,Estimación adecuada
Las Marias,2020-2024,2,88.4892406052294,87.56976668159498,85.43416923504893,90.09987962223909,Estimación adecuada
Las Piedras,1980-1984,1,72.4628953772312,72.50839096104423,71.35301880419314,73.88052697081216,Estimación adecuada
Las Piedras,1980-1984,2,77.65886672068534,78.15687810117683,77.09345695081089,79.1985537249507,Estimación adecuada
Las Piedras,1985-1989,1,72.6175420547073,72.32748267211092,71.22447173704262,73.55555861269076,Estimación adecuada
Las Piedras,1985-1989,2,79.00116087428613,78.99756704728334,77.8155297428795,80.30460579082457,Estimación adecuada
Las Piedras,1990-1994,1,71.55978947014577,71.73093859728897,70.62705359571713,72.79341051695226,Estimación adecuada
Las Piedras,1990-1994,2,78.8936505301308,78.73746312353278,77.62252433014646,79.91575661399386,Estimación adecuada
Las Piedras,1995-1999,1,73.7555375015721,73.01884441249214,71.8941418390022,73.95041291158482,Estimación adecuada
Las Piedras,1995-1999,2,79.79933667371475,79.81413705568407,78.81075758197053,80.8484161679429,Estimación adecuada
Las Piedras,2000-2004,1,74.83778165388009,74.54141209028487,73.67891364703435,75.79769863510866,Estimación adecuada
Las Piedras,2000-2004,2,80.54014043533199,80.41416113689542,79.67053354250791,81.38989663877499,Estimación adecuada
Las Piedras,2005-2009,1,76.55584156350447,75.78356805053892,74.74411136653796,76.93904320634624,Estimación adecuada
Las Piedras,2005-2009,2,82.30870059101942,82.35992925018724,81.04088315765136,83.55843716055134,Estimación adecuada
Las Piedras,2010-2014,1,75.93351372986655,76.44835150708761,75.59719171113976,77.60956533574688,Estimación adecuada
Las Piedras,2010-2014,2,82.5650052808105,82.50090854705499,81.48606125500672,83.68185159173251,Estimación adecuada
Las Piedras,2015-2019,1,78.58935894309695,78.49095249980249,77.22805696305723,79.32471275543622,Estimación adecuada
Las Piedras,2015-2019,2,85.3607640329745,85.13497552639683,83.89688170068348,86.335350866125,Estimación adecuada
Las Piedras,2020-2024,1,77.65607135099413,77.87420488009181,76.79356467922292,78.89256611723735,Estimación adecuada
Las Piedras,2020-2024,2,85.02534012586074,84.95595694145618,84.01116161115691,86.28895080128015,Estimación adecuada
Loiza,1980-1984,1,71.29708119790713,70.7391380903039,69.51545639845591,72.4038459628002,Estimación adecuada
Loiza,1980-1984,2,77.96280313581073,77.50434596031806,75.9664183329698,79.15858798423713,Estimación adecuada
Loiza,1985-1989,1,71.11235934077855,70.59853016097095,69.2845717764636,72.17843083887766,Estimación adecuada
Loiza,1985-1989,2,79.76441464134875,78.81353837423943,77.40852348456355,79.96186174238059,Estimación adecuada
Loiza,1990-1994,1,68.65505357436209,69.3046502967045,67.92122890917103,70.41053842046529,Estimación adecuada
Loiza,1990-1994,2,77.83527198679872,77.74806632465192,76.41336038270995,78.81388210878725,Estimación adecuada
Loiza,1995-1999,1,67.54575668322258,68.95908537715567,67.81927487877925,70.14653616029094,> e0 observado
Loiza,1995-1999,2,80.44991909621369,79.44051507981206,78.0927710572083,81.0194052400431,Estimación adecuada
Loiza,2000-2004,1,69.21795433977262,71.0233551800425,69.68064239914331,72.39237732522324,> e0 observado
Loiza,2000-2004,2,83.71722475677984,82.10838991041913,80.75795658048933,83.98115703920395,Estimación adecuada
Loiza,2005-2009,1,69.49244819404063,71.88127936391305,70.62815137867244,72.91164590610663,> e0 observado
Loiza,2005-2009,2,81.62588342717608,81.25648773581625,80.21415581637717,82.52141209963054,Estimación adecuada
Loiza,2010-2014,1,72.71620374599513,74.5177222909206,73.18698348923023,75.57926595132119,> e0 observado
Loiza,2010-2014,2,83.22740715687155,82.94117179402747,81.5576967820333,84.21397129171825,Estimación adecuada
Loiza,2015-2019,1,76.42256809809959,76.69957830793597,75.52780406031232,78.11905728579086,Estimación adecuada
Loiza,2015-2019,2,84.58243093379357,84.48612785107379,83.24966237787172,86.05085820604171,Estimación adecuada
Loiza,2020-2024,1,74.30071613355503,75.60536269287586,74.42913990597798,76.86034117127909,> e0 observado
Loiza,2020-2024,2,85.89228425330265,85.34840088159984,83.57490754618152,87.03107011759707,Estimación adecuada
Luquillo,1980-1984,1,71.32237106066451,70.994191862255,69.84623464065761,72.35010019734223,Estimación adecuada
Luquillo,1980-1984,2,96.21054523115929,80.15175395523138,78.2160558218458,82.35880723888101,< e0 observado
Luquillo,1985-1989,1,70.58391307233262,70.63581204872105,69.52190696138337,71.92751801877307,Estimación adecuada
Luquillo,1985-1989,2,75.85277823303889,76.70280994217887,75.31901506639426,78.03293300763504,Estimación adecuada
Luquillo,1990-1994,1,69.78687362564872,70.05008873650033,68.99486488662711,71.20491192955923,Estimación adecuada
Luquillo,1990-1994,2,78.65540822491414,78.3114846372366,77.04865036893776,79.93757805604547,Estimación adecuada
Luquillo,1995-1999,1,68.84529148191722,69.74574663046289,68.4358215203961,70.69301658198097,Estimación adecuada
Luquillo,1995-1999,2,77.57073371934368,77.84270714839236,76.63690474116468,78.8777255750671,Estimación adecuada
Luquillo,2000-2004,1,71.56692809461028,71.97229549680486,70.78201781619939,73.30739893479542,Estimación adecuada
Luquillo,2000-2004,2,80.93857359304148,80.5631790802637,79.07381780498477,82.06680361376549,Estimación adecuada
Luquillo,2005-2009,1,73.66197666420697,73.90128585013194,72.45345984137361,75.10810130866643,Estimación adecuada
Luquillo,2005-2009,2,80.16453384109049,80.40305899531914,79.08144371740235,81.63928897116575,Estimación adecuada
Luquillo,2010-2014,1,74.125398030716255,75.13016986661403,73.89383115490355,76.27907434135975,Estimación adecuada
Luquillo,2010-2014,2,83.56937802942338,82.96576506645403,81.81677273897668,84.57508461655763,Estimación adecuada
Luquillo,2015-2019,1,78.24158315716944,77.16460402576311,76.00879663454839,78.4564231753475,Estimación adecuada
Luquillo,2015-2019,2,86.16375324393145,85.327290893546,83.73764490351559,87.0314888544309,Estimación adecuada
Luquillo,2020-2024,1,76.82778593702754,76.7412421706571,75.53785254270534,78.0753247509488,Estimación adecuada
Luquillo,2020-2024,2,84.96686508096819,84.66970451140769,83.22223105469746,86.09917349563628,Estimación adecuada
Manati,1980-1984,1,69.99769254598455,70.32126230594487,69.3875211371091,71.31153886646902,Estimación adecuada
Manati,1980-1984,2,76.91897319341015,76.92411594168986,76.2637943757248,77.91294355652583,Estimación adecuada
Manati,1985-1989,1,69.40848405753856,69.98861313689395,69.06695440138657,70.76169093657329,Estimación adecuada
Manati,1985-1989,2,78.1365208528677,77.86550083502362,76.67944623752035,78.99774312189646,Estimación adecuada
Manati,1990-1994,1,69.23507276864738,69.80377944732865,68.98099272626449,70.61025484834167,Estimación adecuada
Manati,1990-1994,2,78.13694859634435,78.06874316038537,77.14829126404004,78.94411477036589,Estimación adecuada
Manati,1995-1999,1,70.56621278613628,70.87020980270663,70.02942806708066,71.7631079532971,Estimación adecuada
Manati,1995-1999,2,78.18010801536123,78.27631493388267,77.606581732101,79.27453801983958,Estimación adecuada
Manati,2000-2004,1,73.5059956746808,73.23223891412258,72.32254354746145,73.96670684780361,Estimación adecuada
Manati,2000-2004,2,79.921946292628,79.86128265790151,78.9752537526986,80.85519290576161,Estimación adecuada
Manati,2005-2009,1,74.42317304268016,74.46992373142413,73.80006693896993,75.1378417733146,Estimación adecuada
Manati,2005-2009,2,81.69558612867581,81.2550852191987,80.23572860518517,82.4123229041331,Estimación adecuada
Manati,2010-2014,1,75.79949582054559,75.79349683458304,74.9031985867961,76.77378267638045,Estimación adecuada
Manati,2010-2014,2,82.46392723255103,82.07046527756656,81.02995492171806,83.1425013730236,Estimación adecuada
Manati,2015-2019,1,76.50082129222024,76.76918199732762,76.05623124977797,77.8491329358132,Estimación adecuada
Manati,2015-2019,2,84.47543845885097,84.14942529639995,83.03460692437123,85.28556819181975,Estimación adecuada
Manati,2020-2024,1,76.6410779362147,76.55126901128976,75.92033681098006,77.50698349764141,Estimación adecuada
Manati,2020-2024,2,84.79279277649533,84.60892474909033,83.65111440029443,85.53652371635441,Estimación adecuada
Maricao,1980-1984,1,68.60202825310121,71.43330206416385,69.9844368313087,73.48837075799463,> e0 observado
Maricao,1980-1984,2,78.09479107390814,78.9641576911182,76.8633285785505,81.06527663951073,Estimación adecuada
Maricao,1985-1989,1,74.96773339223955,72.95778936298939,71.55287175826474,74.3556889170396,< e0 observado
Maricao,1985-1989,2,78.61629942834107,79.59561142330405,78.01894091619562,81.63424657207823,Estimación adecuada
Maricao,1990-1994,1,71.6682444194189,71.49736969221598,70.08899262978906,73.13542670624693,Estimación adecuada
Maricao,1990-1994,2,78.7855059436943,79.53229727366191,77.73906563502962,81.63363033204617,Estimación adecuada
Maricao,1995-1999,1,71.33878340346546,71.86921107481342,70.40574588791215,73.03890719871453,Estimación adecuada
Maricao,1995-1999,2,78.99834861586001,80.2464703847856,78.43390684597463,81.83257277690507,Estimación adecuada
Maricao,2000-2004,1,77.71513177879464,75.241678543446,73.73369306605711,77.02785504960013,< e0 observado
Maricao,2000-2004,2,80.22542908124815,81.54341040960546,79.76864135753858,85.11766087735396,Estimación adecuada
Maricao,2005-2009,1,77.40367339569201,75.6695797295429,74.09812904690381,77.12965736632077,< e0 observado
Maricao,2005-2009,2,82.65920888615886,82.78353751554754,81.30298152245783,85.0521097698081,Estimación adecuada
Maricao,2010-2014,1,78.78632855189304,77.03965643033646,75.41976506857,78.87222476792343,Estimación adecuada
Maricao,2010-2014,2,86.34203171038145,85.51336256617078,83.40507929514787,88.42452279928699,Estimación adecuada
Maricao,2015-2019,1,75.94252949549474,77.6558722322889,76.02130562038548,79.93488657573582,> e0 observado
Maricao,2015-2019,2,88.98166952275554,87.0564817742837,84.8979351417001,90.39287619050202,Estimación adecuada
Maricao,2020-2024,1,78.97029384636113,78.37882022112623,76.33733894780204,80.39046672987581,Estimación adecuada
Maricao,2020-2024,2,84.52027651105944,84.3425975680694,82.73971878675448,86.70768372707616,Estimación adecuada
Maunabo,1980-1984,1,71.14680086853208,71.69012383973482,70.69892025156753,73.1834948658159,Estimación adecuada
Maunabo,1980-1984,2,78.1067644645637,78.44721220575002,77.16112877872406,80.19863603744474,Estimación adecuada
Maunabo,1985-1989,1,73.14754634531097,72.13056005333277,70.65897758658235,73.68018047421229,Estimación adecuada
Maunabo,1985-1989,2,80.26716511735238,79.4960309254675,78.0925073108945,81.36253810807656,Estimación adecuada
Maunabo,1990-1994,1,72.41659695481869,72.1765694244879,70.9745651960375,73.44258637873706,Estimación adecuada
Maunabo,1990-1994,2,80.63599878230829,80.024317915393,78.41181748155171,81.62170718521529,Estimación adecuada
Maunabo,1995-1999,1,71.29560582062038,71.34968985153841,70.13601910164464,72.68719300582526,Estimación adecuada
Maunabo,1995-1999,2,79.21035551708708,79.8992938272985,78.33731094077659,81.60875605016295,Estimación adecuada
Maunabo,2000-2004,1,73.80432839475543,73.80654743833446,72.44048612717167,75.19724623730696,Estimación adecuada
Maunabo,2000-2004,2,81.50289326156216,81.25844091103392,79.86563714266234,83.15595602895905,Estimación adecuada
Maunabo,2005-2009,1,74.64232752557565,74.34912043028639,72.85099359089135,75.44925893943355,Estimación adecuada
Maunabo,2005-2009,2,82.94220641756984,83.0956240105825,81.20868741879653,85.12964604452829,Estimación adecuada
Maunabo,2010-2014,1,74.8339607817344,75.60937546373253,74.5502813476052,76.86792710418531,Estimación adecuada
Maunabo,2010-2014,2,84.96652627183896,84.91614659171393,83.042352918172,87.68109552379832,Estimación adecuada
Maunabo,2015-2019,1,78.86941488241771,77.75393827045889,76.58637759033687,78.97939530798953,Estimación adecuada
Maunabo,2015-2019,2,85.85027789954904,85.38208242622304,84.06316348530203,88.35511607470676,Estimación adecuada
Maunabo,2020-2024,1,73.9175174535675,76.32560938423285,75.0863331585764,77.33378973072152,> e0 observado
Maunabo,2020-2024,2,82.49945155414667,83.02976544715104,81.85339949668449,84.54508675171672,Estimación adecuada
Mayaguez,1980-1984,1,70.16347210674796,70.35931290716623,69.68317820736708,71.08304772946168,Estimación adecuada
Mayaguez,1980-1984,2,77.60512196844877,77.34012683948359,76.81027911224623,78.00342603210478,Estimación adecuada
Mayaguez,1985-1989,1,70.43422694514761,70.60333758773093,69.9999974205773,71.1958229059504,Estimación adecuada
Mayaguez,1985-1989,2,77.94340408933364,77.78479495940451,77.27379419579151,78.28352743793737,Estimación adecuada
Mayaguez,1990-1994,1,70.24642591292358,70.30791972169871,69.72982948321737,70.98856804301295,Estimación adecuada
Mayaguez,1990-1994,2,78.67215935241931,78.43998314356635,77.87916511296274,79.1356213006154,Estimación adecuada
Mayaguez,1995-1999,1,70.79228679899191,70.9072777650258,70.2853417362423,71.63480917368216,Estimación adecuada
Mayaguez,1995-1999,2,79.57023177554109,79.37512080874978,78.72448398822776,79.96251594024608,Estimación adecuada
Mayaguez,2000-2004,1,73.63502357565517,73.58105915140851,72.9856268700539,74.26497093529277,Estimación adecuada
Mayaguez,2000-2004,2,81.32752458798765,80.97855927146679,80.42875987710761,81.7128297957421,Estimación adecuada
Mayaguez,2005-2009,1,73.96494214443702,74.04697875106366,73.47412984336603,74.69287617248025,Estimación adecuada
Mayaguez,2005-2009,2,81.49974889865346,81.32107565095541,80.65066788493628,82.00218553221258,Estimación adecuada
Mayaguez,2010-2014,1,74.96249416874119,74.92729721238454,74.2782668429531,75.66608625007464,Estimación adecuada
Mayaguez,2010-2014,2,82.81805760395481,82.76858772546075,82.08463442436724,83.51598785039752,Estimación adecuada
Mayaguez,2015-2019,1,77.18178911462695,77.28057758312286,76.59831218067683,78.15560478202545,Estimación adecuada
Mayaguez,2015-2019,2,85.03789447163464,84.9081856854498,84.12503248470335,85.67850893370223,Estimación adecuada
Mayaguez,2020-2024,1,76.09571809909919,76.60018597311145,75.75149405292258,77.265119759969,Estimación adecuada
Mayaguez,2020-2024,2,84.85251261520094,84.75904001250242,83.86864331932156,85.56761205301248,Estimación adecuada
Moca,1980-1984,1,71.47861356859958,72.26790825160073,71.38459010238543,73.2193531991741,Estimación adecuada
Moca,1980-1984,2,77.57729967024724,78.20280584482705,76.83289394200713,79.29702213331166,Estimación adecuada
Moca,1985-1989,1,74.13223338906987,73.33472663371282,72.37706584157036,74.24144852002023,Estimación adecuada
Moca,1985-1989,2,78.76717836323876,78.82990383466736,77.62123616691535,79.80284444620925,Estimación adecuada
Moca,1990-1994,1,74.38613122856178,73.60093804061225,72.69163480154026,74.76754876245388,Estimación adecuada
Moca,1990-1994,2,79.33086248782432,79.237993192267,78.10173792971523,80.24549699347513,Estimación adecuada
Moca,1995-1999,1,73.93016893221346,73.34130743827868,72.21868337466444,74.3017575009884,Estimación adecuada
Moca,1995-1999,2,79.92298518560595,79.4984358516882,78.72367748030084,80.4976509824765,Estimación adecuada
Moca,2000-2004,1,76.88913106198095,75.88086291044024,74.90812262269074,76.88136097455435,< e0 observado
Moca,2000-2004,2,81.20152141336699,81.3972101909179,80.6237333601521,82.52704208606912,Estimación adecuada
Moca,2005-2009,1,78.23027972920578,77.18533136532032,76.39965280657253,78.1587994784019,< e0 observado
Moca,2005-2009,2,81.64729368972594,81.89922713162221,81.03700826221026,82.86857370134813,Estimación adecuada
Moca,2010-2014,1,78.39894219071823,77.7761844685892,76.93276347852361,78.82189458231471,Estimación adecuada
Moca,2010-2014,2,82.3431083414248,82.49109652105273,81.44092146018218,83.6728422609342,Estimación adecuada
Moca,2015-2019,1,78.86942315370179,78.52927168201919,77.7256878558858,79.67905753418123,Estimación adecuada
Moca,2015-2019,2,85.12050775808935,85.07518590824344,83.88300180828298,86.42555168962909,Estimación adecuada
Moca,2020-2024,1,79.5196148813842,79.17819436935045,78.27609539075115,80.24569984626837,Estimación adecuada
Moca,2020-2024,2,84.83463123511952,85.03998622112478,84.09826669899843,86.21286700216285,Estimación adecuada
Morovis,1980-1984,1,72.75449760171898,72.91035615388641,71.55228561907131,74.25489197705237,Estimación adecuada
Morovis,1980-1984,2,79.58978615306602,79.40312644104738,78.03247788932035,80.77994198615644,Estimación adecuada
Morovis,1985-1989,1,73.00155031190296,72.99096098108285,71.5678141353963,73.95614317853489,Estimación adecuada
Morovis,1985-1989,2,79.18909920848033,79.04487865216191,77.76571566220633,80.55523423932229,Estimación adecuada
Morovis,1990-1994,1,74.7129408866261,73.60893735649304,72.40707087531838,74.72823913021406,Estimación adecuada
Morovis,1990-1994,2,79.13950712220092,79.45864614179011,78.27820898200085,80.9506670529313,Estimación adecuada
Morovis,1995-1999,1,72.82153464768288,72.76160652068697,71.96357018738976,73.63265124432161,Estimación adecuada
Morovis,1995-1999,2,80.70735984476201,80.6424367761316,79.33987770255389,82.21375327871853,Estimación adecuada
Morovis,2000-2004,1,74.10293235770516,74.51205023004617,73.39691586973171,75.53196766291828,Estimación adecuada
Morovis,2000-2004,2,82.09073872809745,81.9058212846719,80.58261103798571,83.45468398944661,Estimación adecuada
Morovis,2005-2009,1,76.91529332323657,76.23401622352249,74.92855995654018,77.511333392007,Estimación adecuada
Morovis,2005-2009,2,83.05104709140619,82.8393549646899,81.17228063151447,84.35968238464429,Estimación adecuada
Morovis,2010-2014,1,77.08123150152963,77.42170823795098,76.19960013368026,78.51195647019752,Estimación adecuada
Morovis,2010-2014,2,83.34182688922566,83.13390226395094,81.96558810275621,84.78772373414229,Estimación adecuada
Morovis,2015-2019,1,78.96515859481998,78.54342732043179,77.64407149278222,79.40582759889608,Estimación adecuada
Morovis,2015-2019,2,87.15880943526801,86.26285957189718,84.91058696092844,88.04968145733878,Estimación adecuada
Morovis,2020-2024,1,78.2458123408178,78.47189129371935,77.48920879478888,79.62523466553836,Estimación adecuada
Morovis,2020-2024,2,84.91369846953171,85.51008437234843,84.14215129671081,86.89868033311203,Estimación adecuada
Naguabo,1980-1984,1,71.84412346105836,71.69106095540343,70.29326652998898,72.86457777208196,Estimación adecuada
Naguabo,1980-1984,2,76.70981740677908,76.83037700391986,75.41200573341315,77.97232847991776,Estimación adecuada
Naguabo,1985-1989,1,70.3877807756849,70.57628180926383,69.33872072326864,71.6269342888547,Estimación adecuada
Naguabo,1985-1989,2,77.29975247108982,77.22529212868828,76.26722292714047,78.32787195919798,Estimación adecuada
Naguabo,1990-1994,1,69.935755323165,70.06936581934605,69.02367692054077,71.28202382122777,Estimación adecuada
Naguabo,1990-1994,2,77.27690861530172,77.78749165500905,76.68944224406107,78.80319077213142,Estimación adecuada
Naguabo,1995-1999,1,69.72322516574484,70.20004303746043,69.06565436176676,71.23258972576731,Estimación adecuada
Naguabo,1995-1999,2,76.82881627212045,77.19958659926206,76.02340659015466,78.38624552555413,Estimación adecuada
Naguabo,2000-2004,1,72.06654411146116,72.28361046759467,71.17920068997321,73.40371841373678,Estimación adecuada
Naguabo,2000-2004,2,79.7628328934226,79.92674468702714,78.77399378114504,81.48228515108252,Estimación adecuada
Naguabo,2005-2009,1,73.77862572143668,73.8371384875005,72.75769593648295,75.1513850532218,Estimación adecuada
Naguabo,2005-2009,2,80.62404690696854,80.80996615257686,79.40748756263395,82.21439075203511,Estimación adecuada
Naguabo,2010-2014,1,75.11164062971052,75.0048252069233,74.0458016440402,76.01289564228757,Estimación adecuada
Naguabo,2010-2014,2,82.93958682980916,82.41113496400969,81.26497408118034,83.58508752521107,Estimación adecuada
Naguabo,2015-2019,1,76.26882750450046,76.04930838606555,74.80038336309391,77.21120943672724,Estimación adecuada
Naguabo,2015-2019,2,84.83022686610576,84.28114681206772,83.03165043838837,85.72021252922666,Estimación adecuada
Naguabo,2020-2024,1,77.23171232523964,76.81848549860644,75.70498547208241,77.96337131910553,Estimación adecuada
Naguabo,2020-2024,2,83.84568426869097,83.72653957476007,82.35087629043562,85.06731280767752,Estimación adecuada
Naranjito,1980-1984,1,74.98820136337291,74.28434555206735,72.96426362415322,75.56012646310964,Estimación adecuada
Naranjito,1980-1984,2,82.09597951709326,80.63077810789947,79.2559799985713,82.11493381463967,Estimación adecuada
Naranjito,1985-1989,1,74.14321504502335,73.4116565813191,72.27674421574298,74.3514147179091,Estimación adecuada
Naranjito,1985-1989,2,81.17666750110004,80.7082837495856,79.19167509933827,82.1874764791422,Estimación adecuada
Naranjito,1990-1994,1,72.65469281143538,72.74837226534413,71.65673765704409,73.80846913426366,Estimación adecuada
Naranjito,1990-1994,2,80.53672985190586,80.57818902838376,79.61599852405612,82.19931396730668,Estimación adecuada
Naranjito,1995-1999,1,71.78384170584214,72.0983552236091,70.8420186942785,73.21749452879372,Estimación adecuada
Naranjito,1995-1999,2,81.60503745588989,81.05092117948264,79.78773737827115,82.5098801323588,Estimación adecuada
Naranjito,2000-2004,1,75.02066724722975,75.00911855732753,73.89040017240778,76.18194993780244,Estimación adecuada
Naranjito,2000-2004,2,82.02786957174214,81.91030256482571,80.78423752253443,83.29756493905322,Estimación adecuada
Naranjito,2005-2009,1,75.97305227428454,76.0622075655535,75.12721798470332,77.288545926041,Estimación adecuada
Naranjito,2005-2009,2,81.50399850212823,81.91618803359465,80.44608540063369,83.16285445529178,Estimación adecuada
Naranjito,2010-2014,1,78.20596950921357,77.74137293879534,76.65129498446345,78.70430141421414,Estimación adecuada
Naranjito,2010-2014,2,82.65441935713193,83.54760738665544,82.23754300218236,84.9222108884313,Estimación adecuada
Naranjito,2015-2019,1,79.79942567224485,79.59839500381122,78.73790445749664,80.99217000053707,Estimación adecuada
Naranjito,2015-2019,2,86.72388771081324,86.63929804048655,85.27174655263805,88.58464128093556,Estimación adecuada
Naranjito,2020-2024,1,76.58250173203984,77.55399662628732,76.31976405325075,78.76000658929078,Estimación adecuada
Naranjito,2020-2024,2,85.5864530860636,85.16597122862979,84.12367826251875,86.86442577202816,Estimación adecuada
Orocovis,1980-1984,1,73.68697408485414,73.49129653955679,72.18000030357334,74.8545298605901,Estimación adecuada
Orocovis,1980-1984,2,79.52890987399995,79.50608704077342,77.82130910762314,81.05365642724584,Estimación adecuada
Orocovis,1985-1989,1,72.86313442913975,72.722042093676,71.81265942723486,73.68229432023091,Estimación adecuada
Orocovis,1985-1989,2,83.00284611084997,81.13369974058867,79.55900622509012,82.73761196752564,< e0 observado
Orocovis,1990-1994,1,70.6546043654978,71.45701690471886,70.50084329887684,72.40098696365726,Estimación adecuada
Orocovis,1990-1994,2,80.6362204849656,80.29937070014174,78.88837471726714,81.95183912842876,Estimación adecuada
Orocovis,1995-1999,1,73.67698769121861,73.14760095319605,71.87092123192436,74.18749730718288,Estimación adecuada
Orocovis,1995-1999,2,79.89715435282756,80.20330170855823,78.94260308261357,81.4642916886927,Estimación adecuada
Orocovis,2000-2004,1,74.30531059061678,74.39399659637158,73.34482570471164,75.35998879449325,Estimación adecuada
Orocovis,2000-2004,2,82.7682053865501,82.32934003170968,80.83010010925665,83.63455863133993,Estimación adecuada
Orocovis,2005-2009,1,75.65599075985115,75.65484834448827,74.66552698616523,76.80937126813897,Estimación adecuada
Orocovis,2005-2009,2,81.23465089468093,81.51582224987973,80.04610004859407,82.97759618621649,Estimación adecuada
Orocovis,2010-2014,1,78.72609688729915,77.87088948333333,76.53795195331011,79.07216198662692,Estimación adecuada
Orocovis,2010-2014,2,83.46032948812693,83.35625162582966,82.00979744232403,84.57088380343964,Estimación adecuada
Orocovis,2015-2019,1,78.31348130255999,78.070110220383,76.89896594830694,79.38384605730975,Estimación adecuada
Orocovis,2015-2019,2,84.96910673692187,85.30055283620419,83.5688102820969,86.7350070408564,Estimación adecuada
Orocovis,2020-2024,1,77.80883766643083,78.62364897161234,77.36823378211005,79.90265986153504,Estimación adecuada
Orocovis,2020-2024,2,84.81893104480201,84.67558442469566,83.45615242241138,86.47062900308124,Estimación adecuada
Patillas,1980-1984,1,71.2919207839744,71.8963373326392,70.75145592269504,72.88155373405652,Estimación adecuada
Patillas,1980-1984,2,77.55331848134108,77.71687270496963,76.62554670454324,78.92506056926905,Estimación adecuada
Patillas,1985-1989,1,71.37552114824256,71.00132313503141,69.8943999562724,71.9004108297715,Estimación adecuada
Patillas,1985-1989,2,79.24042850774778,78.72623449682838,77.59846746701129,79.68173923326606,Estimación adecuada
Patillas,1990-1994,1,72.50760666915836,71.71133118274611,70.33438318291618,72.84048782145379,Estimación adecuada
Patillas,1990-1994,2,78.396020908419,78.29999299688345,77.15536672842231,79.82070040370874,Estimación adecuada
Patillas,1995-1999,1,71.16809015939647,71.41929182274721,70.09320187885814,72.50996340672097,Estimación adecuada
Patillas,1995-1999,2,78.52476688729733,78.3122742219862,77.22498929630754,79.80580561524297,Estimación adecuada
Patillas,2000-2004,1,73.84030571885792,73.45303264654646,72.49994272157876,74.6896675575968,Estimación adecuada
Patillas,2000-2004,2,80.28524555250978,80.63174015216859,79.37454246208009,81.9999871414278,Estimación adecuada
Patillas,2005-2009,1,74.71797456893655,74.38136703644696,72.94314002435614,75.81462171222086,Estimación adecuada
Patillas,2005-2009,2,82.37229150118687,81.52971986794336,80.49833740670789,82.96907694778707,Estimación adecuada
Patillas,2010-2014,1,75.64302541877272,76.03642527985102,74.99525313031126,77.35248625361254,Estimación adecuada
Patillas,2010-2014,2,82.97344642216791,82.99573043927457,81.81180402879316,84.80199724383745,Estimación adecuada
Patillas,2015-2019,1,77.44243369136635,77.31324588199216,75.77320993416663,78.66567565176464,Estimación adecuada
Patillas,2015-2019,2,85.62464985032581,85.51707494741079,84.0134729119778,87.04083854809096,Estimación adecuada
Patillas,2020-2024,1,75.4428131511174,76.5109518156903,75.25484504779774,77.43036526585436,Estimación adecuada
Patillas,2020-2024,2,83.73266646624228,85.20895636679387,83.70370008133042,87.25690504816151,Estimación adecuada
Penuelas,1980-1984,1,72.35786944424055,71.60157153407825,70.24917256396893,72.53423017507468,Estimación adecuada
Penuelas,1980-1984,2,77.42169553222374,77.54314229443443,76.34710582652589,78.87459415195889,Estimación adecuada
Penuelas,1985-1989,1,72.76539154925341,71.85275154822314,70.7376132747126,72.87363428654729,Estimación adecuada
Penuelas,1985-1989,2,78.26925344407194,78.26434447121564,77.09087288488482,79.50086516851758,Estimación adecuada
Penuelas,1990-1994,1,71.6518283419231,71.33534396599191,70.23325219377394,72.71128958799699,Estimación adecuada
Penuelas,1990-1994,2,78.09730287289996,78.13279196432535,77.23458781173866,79.44095253568491,Estimación adecuada
Penuelas,1995-1999,1,72.51086800891099,71.84155889896788,70.5810332680473,72.78763149267567,Estimación adecuada
Penuelas,1995-1999,2,77.85186468595465,78.33625277842046,77.17825332226988,79.9243347525142,Estimación adecuada
Penuelas,2000-2004,1,73.06979986248778,73.00770845350837,72.06607353227751,74.1576632564684,Estimación adecuada
Penuelas,2000-2004,2,80.74681115313095,80.88048393511211,79.51471707307046,82.07822497720156,Estimación adecuada
Penuelas,2005-2009,1,74.32588415517951,74.3132908626383,73.36030959902462,75.57988261663195,Estimación adecuada
Penuelas,2005-2009,2,83.85447484865448,82.93661567377495,81.21285226539939,84.7607154029852,Estimación adecuada
Penuelas,2010-2014,1,77.2161868060379,76.91792774106261,75.58134018686468,78.00344920065089,Estimación adecuada
Penuelas,2010-2014,2,82.37054992803498,82.39141850246804,81.34532753981279,83.85859172448235,Estimación adecuada
Penuelas,2015-2019,1,76.94988280019332,76.87115961474252,75.62126938465708,77.91748987885632,Estimación adecuada
Penuelas,2015-2019,2,83.52991574696982,83.44063801122054,82.33566926842299,84.82498617769558,Estimación adecuada
Penuelas,2020-2024,1,78.19759662594926,77.53713087976246,76.48915539649693,78.57298338405064,Estimación adecuada
Penuelas,2020-2024,2,83.13779961346445,83.4549533132796,82.07825544077465,85.39095603871687,Estimación adecuada
Ponce,1980-1984,1,70.95163851465587,70.79340480030753,70.2510882894242,71.2523619813814,Estimación adecuada
Ponce,1980-1984,2,77.90393491985162,77.59591958897813,77.1415575149622,78.0048901153867,Estimación adecuada
Ponce,1985-1989,1,68.92037207804252,69.10906510309415,68.63648983120297,69.61408906731207,Estimación adecuada
Ponce,1985-1989,2,77.3120135977883,77.24057497518126,76.74268236960148,77.72036445866766,Estimación adecuada
Ponce,1990-1994,1,68.07009878068561,68.410942288881,67.81765896779535,68.77771781609482,Estimación adecuada
Ponce,1990-1994,2,77.70322992022791,77.7771699080456,77.14075946935426,78.23391725245543,Estimación adecuada
Ponce,1995-1999,1,68.8945019576824,69.09793698691809,68.54065239280422,69.59544481595844,Estimación adecuada
Ponce,1995-1999,2,78.64616620265484,78.56734419142605,78.111769393005,79.01126396802007,Estimación adecuada
Ponce,2000-2004,1,71.88287158339286,71.96876408456775,71.48404071447564,72.51411949285328,Estimación adecuada
Ponce,2000-2004,2,80.17053819569585,79.9534414234085,79.4817578451497,80.3988078269563,Estimación adecuada
Ponce,2005-2009,1,72.59239776230434,72.80137000296438,72.22291659194632,73.41236743681294,Estimación adecuada
Ponce,2005-2009,2,81.60505937401689,81.46871021026327,80.97462704370342,81.98787486299736,Estimación adecuada
Ponce,2010-2014,1,74.90584213235752,74.8844000148665,74.38515286659538,75.44639483655398,Estimación adecuada
Ponce,2010-2014,2,81.84526785237593,81.83281044971059,81.30600569567595,82.3982931862379,Estimación adecuada
Ponce,2015-2019,1,75.94818443525777,76.18781946199142,75.71781423766208,76.67147273531248,Estimación adecuada
Ponce,2015-2019,2,84.573600741168,84.38033234853357,83.85260034603581,85.05748102893206,Estimación adecuada
Ponce,2020-2024,1,76.11579149445392,76.12873660367109,75.6288098982854,76.80991047524887,Estimación adecuada
Ponce,2020-2024,2,84.14984563358192,83.91082604805135,83.44014348129997,84.42257097688478,Estimación adecuada
Quebradillas,1980-1984,1,71.5804748432608,71.43163321322677,70.33397791257985,72.77151808798405,Estimación adecuada
Quebradillas,1980-1984,2,79.23938165137665,78.59800095966627,77.30629115677557,80.13180663081084,Estimación adecuada
Quebradillas,1985-1989,1,70.63546474047975,70.97684654535335,69.67231732097262,72.0574081234248,Estimación adecuada
Quebradillas,1985-1989,2,77.80764334555457,77.65279905114453,76.56891015779331,78.76612940314126,Estimación adecuada
Quebradillas,1990-1994,1,72.04068810225141,71.68345042412483,70.53558399087595,72.47679959458173,Estimación adecuada
Quebradillas,1990-1994,2,79.32174470623532,78.47091621498825,77.48135332531307,79.69091678171978,Estimación adecuada
Quebradillas,1995-1999,1,72.62949799850028,71.64280028976899,70.7148141390018,72.50942147830901,< e0 observado
Quebradillas,1995-1999,2,78.8521877504248,78.69380946751565,77.53471849556007,79.82227788131357,Estimación adecuada
Quebradillas,2000-2004,1,73.75120320482118,73.31083350993698,72.06183143909115,74.21743732255379,Estimación adecuada
Quebradillas,2000-2004,2,79.64696913052158,79.8412759001626,78.75007035021363,80.65508704307591,Estimación adecuada
Quebradillas,2005-2009,1,76.4702021217705,75.08106496770678,74.12669875504173,76.2180989904352,< e0 observado
Quebradillas,2005-2009,2,82.57479226170334,82.33289176519625,81.28656583705248,83.7949382967006,Estimación adecuada
Quebradillas,2010-2014,1,76.84416482352528,76.38143945814294,75.16774291466913,77.3507315152693,Estimación adecuada
Quebradillas,2010-2014,2,83.16432092953069,82.8921705410513,81.76295856949409,84.21752327401637,Estimación adecuada
Quebradillas,2015-2019,1,77.52581972834565,77.16540439432407,76.29819274456324,78.14249908120163,Estimación adecuada
Quebradillas,2015-2019,2,83.89036641680575,83.62729357067647,82.47315246953518,84.8466375979157,Estimación adecuada
Quebradillas,2020-2024,1,78.45741764289136,77.56172835968732,76.66791954385923,78.50965038196381,Estimación adecuada
Quebradillas,2020-2024,2,84.02514632890372,84.03533267311708,82.84263231096693,85.19839683598963,Estimación adecuada
Rincon,1980-1984,1,71.31036542846637,72.43774161284085,71.0225289796956,74.0144157818172,Estimación adecuada
Rincon,1980-1984,2,78.23121876259758,78.57414694673108,76.85223027794366,79.99100319298783,Estimación adecuada
Rincon,1985-1989,1,72.68195818723761,72.33864100128956,71.02596366985665,74.068629892247,Estimación adecuada
Rincon,1985-1989,2,78.13112109379762,78.90898220422156,77.42955507016043,79.96546842914967,Estimación adecuada
Rincon,1990-1994,1,74.46482669947628,73.1044453052524,71.99199072882246,74.46096741385671,< e0 observado
Rincon,1990-1994,2,79.71875830965256,79.33939133938784,78.16088112063326,80.42925782810437,Estimación adecuada
Rincon,1995-1999,1,71.81900034746621,71.82977548611315,70.8426383983118,73.0188985654905,Estimación adecuada
Rincon,1995-1999,2,80.4078903895804,80.49434973274967,78.95577686063575,81.80691901273332,Estimación adecuada
Rincon,2000-2004,1,75.07948363707656,74.88726193039004,73.68057130456171,75.8465901570026,Estimación adecuada
Rincon,2000-2004,2,82.97798833076854,82.4052482212835,81.10396909855739,83.79054365632632,Estimación adecuada
Rincon,2005-2009,1,76.37954961336744,75.67599234054573,74.73604017852838,77.36643798766409,Estimación adecuada
Rincon,2005-2009,2,80.35621164685101,81.28736564790512,80.26195482666111,82.93764426515018,Estimación adecuada
Rincon,2010-2014,1,79.61051534555456,77.93654223378246,76.86374278961537,79.30123705923506,< e0 observado
Rincon,2010-2014,2,83.80210551828287,84.05547127659959,82.76554946467618,85.37188494471842,Estimación adecuada
Rincon,2015-2019,1,79.17285737161941,78.9342689882846,77.62009680603263,80.22012737406746,Estimación adecuada
Rincon,2015-2019,2,86.30943741112463,86.3239670913203,84.79275141490791,88.14247716065401,Estimación adecuada
Rincon,2020-2024,1,79.87445814115418,79.66510167494974,78.30685295138238,80.89242810910197,Estimación adecuada
Rincon,2020-2024,2,86.12132225159803,85.56095437225675,84.53531124774355,87.29848574692154,Estimación adecuada
Rio Grande,1980-1984,1,71.31055270884488,71.25047535498199,70.30531765368241,72.25087624463572,Estimación adecuada
Rio Grande,1980-1984,2,77.8338345029928,77.48321308849393,76.46028100645515,78.94866311073753,Estimación adecuada
Rio Grande,1985-1989,1,72.55792010168767,71.88453840280722,71.10225295462158,73.15279335439055,Estimación adecuada
Rio Grande,1985-1989,2,78.55898208748316,78.37652620625903,77.39100471113603,79.48491573014891,Estimación adecuada
Rio Grande,1990-1994,1,69.8066408540921,70.17453660046795,69.31922452683649,70.99709971037986,Estimación adecuada
Rio Grande,1990-1994,2,79.04176505901863,78.95149426182587,77.86760929758675,80.0589827729126,Estimación adecuada
Rio Grande,1995-1999,1,69.24216716509197,69.9318780824124,69.15004949916293,70.77905677983566,Estimación adecuada
Rio Grande,1995-1999,2,78.57122528721384,78.58939942301839,77.76580277827186,79.53474634656747,Estimación adecuada
Rio Grande,2000-2004,1,73.5987446256221,73.51279859801845,72.5059331426175,74.318494139323093,Estimación adecuada
Rio Grande,2000-2004,2,80.92764017417292,80.94676260273222,79.80055764423622,81.87404470360231,Estimación adecuada
Rio Grande,2005-2009,1,74.74267006153134,74.77003417971765,74.07160013685694,75.8128351216109,Estimación adecuada
Rio Grande,2005-2009,2,82.25371975622028,81.81846002398274,80.88656416198494,82.82296619099199,Estimación adecuada
Rio Grande,2010-2014,1,75.62464241200296,75.71633770193102,74.89706939586281,76.6587397518924,Estimación adecuada
Rio Grande,2010-2014,2,81.93516108938404,81.93846365170182,80.82462004431031,82.92288429185055,Estimación adecuada
Rio Grande,2015-2019,1,77.32038501383934,77.33902981845819,76.44399905995363,78.42869529046746,Estimación adecuada
Rio Grande,2015-2019,2,84.73128165771396,84.2979940836808,83.3525425737052,85.32990361640208,Estimación adecuada
Rio Grande,2020-2024,1,76.09079051682853,76.61383849347388,75.59592042783618,77.6923016093875,Estimación adecuada
Rio Grande,2020-2024,2,84.92626206233898,85.16557681682644,84.09049312254285,86.25992790138218,Estimación adecuada
Sabana Grande,1980-1984,1,72.94260252849719,72.01356390758866,70.79538009411088,73.35227743371209,Estimación adecuada
Sabana Grande,1980-1984,2,76.79030160326006,77.2620750742652,76.06955174380573,78.51761960398488,Estimación adecuada
Sabana Grande,1985-1989,1,72.60670516660508,72.05446917617743,70.96363696421423,73.20488380189315,Estimación adecuada
Sabana Grande,1985-1989,2,79.46020484114078,78.77547034617885,77.39370966574293,79.98798794034906,Estimación adecuada
Sabana Grande,1990-1994,1,71.96878186562466,71.54414991335,70.36950692762012,72.71949010484782,Estimación adecuada
Sabana Grande,1990-1994,2,77.52973712888554,77.7049494923541,76.74192305030175,78.6197682620125,Estimación adecuada
Sabana Grande,1995-1999,1,72.42496764545729,71.74601945237362,70.61046730774314,72.53245589459236,Estimación adecuada
Sabana Grande,1995-1999,2,77.8549110688198,77.78002558760535,76.78168406176778,78.8497635197371,Estimación adecuada
Sabana Grande,2000-2004,1,75.19081545433245,74.25850809660325,73.43122359260903,75.35639265438188,Estimación adecuada
Sabana Grande,2000-2004,2,80.10304388750191,80.41045855430914,79.10764503494133,81.68693229605304,Estimación adecuada
Sabana Grande,2005-2009,1,75.77699216646894,74.95910701560366,73.83203156143927,76.04366267154228,Estimación adecuada
Sabana Grande,2005-2009,2,80.72892003066303,81.1834477292771,79.84733129262756,82.29997127806038,Estimación adecuada
Sabana Grande,2010-2014,1,75.70526772953107,75.82817795770002,74.7530848664218,76.81705221408563,Estimación adecuada
Sabana Grande,2010-2014,2,83.3057418970242,82.80393427362151,81.75511071575448,84.13526609217811,Estimación adecuada
Sabana Grande,2015-2019,1,77.43470484017462,76.96864309238572,75.95438537276789,78.27896346747855,Estimación adecuada
Sabana Grande,2015-2019,2,83.12156944238525,83.05837988206383,82.18631219995592,84.26661175179741,Estimación adecuada
Sabana Grande,2020-2024,1,77.44105015726227,77.42834896180102,76.50612106909094,78.77904862826674,Estimación adecuada
Sabana Grande,2020-2024,2,83.44790990052292,84.51286563523867,83.28294981600487,85.68607085196774,Estimación adecuada
Salinas,1980-1984,1,69.34771587119822,69.7579405989548,68.86446389381408,70.86310919927291,Estimación adecuada
Salinas,1980-1984,2,77.00356882697933,77.01121014105047,75.78726737050803,78.18374924263821,Estimación adecuada
Salinas,1985-1989,1,67.8768913469486,68.98297285052428,67.91009138787791,69.7760573305942,> e0 observado
Salinas,1985-1989,2,76.51927305162637,76.68902628484611,75.53992915694693,77.57337450868735,Estimación adecuada
Salinas,1990-1994,1,69.60135801885075,69.94875850161867,68.86509500954924,71.19166695819898,Estimación adecuada
Salinas,1990-1994,2,77.16626361655916,77.64709305093416,76.48509676786125,78.85743374788969,Estimación adecuada
Salinas,1995-1999,1,69.29023548543516,69.63954515252065,68.47285479453915,70.59098400653632,Estimación adecuada
Salinas,1995-1999,2,79.22383445714814,78.97336059840609,77.979173561414,80.00040419010307,Estimación adecuada
Salinas,2000-2004,1,73.10253328655585,72.96303810626632,72.30038275165685,73.90892993187671,Estimación adecuada
Salinas,2000-2004,2,80.52455994892824,80.17481166739714,78.98923498250952,81.3770138140117,Estimación adecuada
Salinas,2005-2009,1,73.52822440107285,73.64192240119647,72.44023928875666,74.4916639110632,Estimación adecuada
Salinas,2005-2009,2,80.63090066219925,80.85245701113807,79.64168374849783,81.63085297531597,Estimación adecuada
Salinas,2010-2014,1,75.47743944137984,75.41544734931601,74.52087812149091,76.37840636760271,Estimación adecuada
Salinas,2010-2014,2,83.23167940762168,83.34970758755941,82.23670428738183,85.1856503184415,Estimación adecuada
Salinas,2015-2019,1,77.96635541138743,77.65971493920185,76.46417329871468,78.5912615611544,Estimación adecuada
Salinas,2015-2019,2,85.02610562554052,84.64246443079531,83.52762851680126,86.1236128918946,Estimación adecuada
Salinas,2020-2024,1,77.2752335181164,77.00822107552318,75.95823773826515,77.9611092410539,Estimación adecuada
Salinas,2020-2024,2,85.43601257393142,85.03689601037215,83.82255667003736,86.50415234602136,Estimación adecuada
San German,1980-1984,1,72.17155637189039,72.06275521787879,71.02844194278967,73.12083187796223,Estimación adecuada
San German,1980-1984,2,77.0812843420632,77.50006419245287,76.30053713623039,78.47286328330559,Estimación adecuada
San German,1985-1989,1,73.24578912339052,72.78537004790635,71.78271538061955,73.67114331985309,Estimación adecuada
San German,1985-1989,2,78.281715742411,78.13427298364849,77.02400337180347,79.05224739601886,Estimación adecuada
San German,1990-1994,1,72.47312065094486,72.03160338719674,71.03430891117262,73.00602340855527,Estimación adecuada
San German,1990-1994,2,78.88901019804139,79.14138959076143,78.22456724877925,80.06411438663673,Estimación adecuada
San German,1995-1999,1,74.17482678706043,73.41079456070437,72.54720234319518,74.36177223292235,Estimación adecuada
San German,1995-1999,2,78.52895052757144,78.93011414126613,77.74087294633622,80.08325105382067,Estimación adecuada
San German,2000-2004,1,75.40040785434385,74.84831254445093,73.92981639741944,75.76780045963422,Estimación adecuada
San German,2000-2004,2,81.07042973561371,81.10546525744905,79.83166547656418,81.97150998393965,Estimación adecuada
San German,2005-2009,1,75.89227383722931,75.46512393402472,74.57630948327335,76.2738640684471,Estimación adecuada
San German,2005-2009,2,81.35724022521588,81.69492480267971,80.76667522388996,82.82874837360885,Estimación adecuada
San German,2010-2014,1,77.09595528241658,76.3894537083489,75.7279513225719,77.2152206872947,Estimación adecuada
San German,2010-2014,2,81.95497572147197,82.50027481743192,81.66272488534577,83.57516887894222,Estimación adecuada
San German,2015-2019,1,79.14792857398798,78.09105668005608,77.06035757662474,79.18727787034442,Estimación adecuada
San German,2015-2019,2,84.0002365484052,84.22016944269173,83.37165458699748,85.68751184727344,Estimación adecuada
San German,2020-2024,1,78.13234571523579,77.73461229562099,76.76073911860541,78.76874541720453,Estimación adecuada
San German,2020-2024,2,83.15333884969452,83.84119299785198,82.77510510788811,84.78955701207765,Estimación adecuada
San Juan,1980-1984,1,68.53296805880613,68.64038833763172,68.35451756949215,68.96613012561372,Estimación adecuada
San Juan,1980-1984,2,78.41781325030587,78.31251087091164,77.88163011010765,78.53749687323128,Estimación adecuada
San Juan,1985-1989,1,67.17212517316179,67.33399746290465,66.94867129934434,67.74283676919035,Estimación adecuada
San Juan,1985-1989,2,78.70934229140379,78.59837376489631,78.30082095649576,78.98480797777182,Estimación adecuada
San Juan,1990-1994,1,64.70940097035052,64.94330920866165,64.62025931529129,65.24982461270609,Estimación adecuada
San Juan,1990-1994,2,78.53794951508831,78.59315292335353,78.19664792674962,78.95160050721996,Estimación adecuada
San Juan,1995-1999,1,67.09892384379134,67.28710249766273,66.93214425618943,67.63342508847755,Estimación adecuada
San Juan,1995-1999,2,79.54091321860172,79.5547118426677,79.22998803836762,79.8534945407098,Estimación adecuada
San Juan,2000-2004,1,71.1882392973574,71.25707421417133,70.8996622189062,71.52864814183704,Estimación adecuada
San Juan,2000-2004,2,81.92921875527303,81.75453380794615,81.46560799436207,82.13472022303617,Estimación adecuada
San Juan,2005-2009,1,72.69964876784017,72.7784799447775,72.31282690795518,73.11541568650384,Estimación adecuada
San Juan,2005-2009,2,82.46547999538443,82.3690101278643,82.02265914203078,82.7936466640122,Estimación adecuada
San Juan,2010-2014,1,74.44529350870087,74.49076973450539,74.10159577785842,74.94756261827797,Estimación adecuada
San Juan,2010-2014,2,84.20463369793843,84.04861516589928,83.54566195995488,84.49118437156972,Estimación adecuada
San Juan,2015-2019,1,75.79825935426356,75.94299953018592,75.43732585383302,76.2809940668642,Estimación adecuada
San Juan,2015-2019,2,85.20819741649419,85.08744794150283,84.64236373635846,85.7061410980781,Estimación adecuada
San Juan,2020-2024,1,75.09617765928651,75.21930210062456,74.84884790650298,75.6683427825578,Estimación adecuada
San Juan,2020-2024,2,85.57777113429813,85.34280505827881,84.91051707684497,85.80207965867561,Estimación adecuada
San Lorenzo,1980-1984,1,72.4269330696064,72.31448811530163,71.25912051300638,73.41995035298356,Estimación adecuada
San Lorenzo,1980-1984,2,78.47103642037956,78.36774097691875,77.50486495482878,79.36223598120982,Estimación adecuada
San Lorenzo,1985-1989,1,70.33185072656097,71.01790252085237,70.0757716850238,72.02962218956776,Estimación adecuada
San Lorenzo,1985-1989,2,79.4038927542163,78.98102273060755,77.83892331106182,79.89525043237447,Estimación adecuada
San Lorenzo,1990-1994,1,70.49063585980458,70.72935524101129,69.95043249934605,71.71492654503147,Estimación adecuada
San Lorenzo,1990-1994,2,79.42906403274269,79.08386509967963,78.10448282429664,80.02555673403849,Estimación adecuada
San Lorenzo,1995-1999,1,72.39291160482962,72.21151161342613,71.2874897557167,73.045708134407,Estimación adecuada
San Lorenzo,1995-1999,2,78.56261721700943,78.57036750115606,77.81529199673204,79.28109777549543,Estimación adecuada
San Lorenzo,2000-2004,1,73.59466919977362,73.66430369224535,72.75501906624828,74.79741148428477,Estimación adecuada
San Lorenzo,2000-2004,2,81.14875504017051,81.17444112559319,79.95635772525544,82.081687373063,Estimación adecuada
San Lorenzo,2005-2009,1,75.07421835227707,74.96308655394267,73.96539931767376,75.7486770177944,Estimación adecuada
San Lorenzo,2005-2009,2,82.06471302858854,81.86587967155384,80.64221645911542,82.93143183915751,Estimación adecuada
San Lorenzo,2010-2014,1,76.50254306599682,76.51371128327615,75.56962755767506,77.60995439247793,Estimación adecuada
San Lorenzo,2010-2014,2,83.9183271335132,83.32030251051845,82.27093833167265,84.50005962935327,Estimación adecuada
San Lorenzo,2015-2019,1,77.43176974248165,77.9358847643774,76.84094356251725,79.26573276131856,Estimación adecuada
San Lorenzo,2015-2019,2,85.92248006512409,85.43798817016452,84.52110503581237,87.3194936108554,Estimación adecuada
San Lorenzo,2020-2024,1,77.62523479934367,77.7388412673018,76.68963168675377,78.95230806445446,Estimación adecuada
San Lorenzo,2020-2024,2,84.55625634680975,84.26901409655372,83.20557799815919,85.38405504365883,Estimación adecuada
San Sebastian,1980-1984,1,73.33683627750408,72.78656694262273,71.81401382838187,73.95534716979638,Estimación adecuada
San Sebastian,1980-1984,2,77.39216900594447,77.73950206274031,76.88268252702261,78.8835270255876,Estimación adecuada
San Sebastian,1985-1989,1,71.54106439345284,71.80943800987433,71.08658085371073,72.64967626330977,Estimación adecuada
San Sebastian,1985-1989,2,78.32567842249966,78.36078425791356,77.4474569708977,79.4087218746143,Estimación adecuada
San Sebastian,1990-1994,1,72.72006609308197,72.23211320694938,71.53974136159226,72.94545543077334,Estimación adecuada
San Sebastian,1990-1994,2,78.61121244043503,78.71794876863807,77.74246741854273,79.54998233997776,Estimación adecuada
San Sebastian,1995-1999,1,73.29080325081594,72.82088802485194,72.11026656686033,73.61664348828597,Estimación adecuada
San Sebastian,1995-1999,2,79.73176179097116,79.35505038132189,78.46442443595072,80.40312257097844,Estimación adecuada
San Sebastian,2000-2004,1,74.89792147656362,74.52519323475607,73.7597778663689,75.45049624770363,Estimación adecuada
San Sebastian,2000-2004,2,80.32263567678552,80.2509441722955,79.26994334525716,81.24787877430124,Estimación adecuada
San Sebastian,2005-2009,1,76.73740203137386,76.02479785120786,75.02213662034336,76.96536663055517,Estimación adecuada
San Sebastian,2005-2009,2,81.1692904566309,81.0352203831699,80.27193787669808,81.88051473576814,Estimación adecuada
San Sebastian,2010-2014,1,76.69546237928682,76.38474153874841,75.60680567263864,77.1642367976579,Estimación adecuada
San Sebastian,2010-2014,2,83.16134686711862,82.90983502524448,81.94855698401682,83.89220428996471,Estimación adecuada
San Sebastian,2015-2019,1,79.1178099470019,78.45075499218134,77.4654890794083,79.36636864144245,Estimación adecuada
San Sebastian,2015-2019,2,84.22340952689646,84.00094664936688,83.12236102663154,84.92787690159427,Estimación adecuada
San Sebastian,2020-2024,1,78.24142492610734,77.81530031306356,76.97466235470455,78.4510137136642,Estimación adecuada
San Sebastian,2020-2024,2,84.23065748606743,84.30175055295055,83.25189593263474,85.34705358478811,Estimación adecuada
Santa Isabel,1980-1984,1,69.7275677276356,69.39310859536931,68.07856385689769,70.37275643081574,Estimación adecuada
Santa Isabel,1980-1984,2,77.7763438904047,77.22123798937884,75.80706224177527,78.42858544264317,Estimación adecuada
Santa Isabel,1985-1989,1,69.23817247335977,69.7555420432396,68.51247677279375,70.76632539185718,Estimación adecuada
Santa Isabel,1985-1989,2,76.67908928126376,76.70911105530855,75.54163860431613,77.92171602681094,Estimación adecuada
Santa Isabel,1990-1994,1,66.65679986192234,68.15471760011422,66.82615643925399,69.4091855525764,> e0 observado
Santa Isabel,1990-1994,2,76.1627447017844,76.7831823415085,75.78225492584369,78.1444635737159,Estimación adecuada
Santa Isabel,1995-1999,1,68.83610956762453,69.43262097797061,68.45537035220117,70.34468941457928,Estimación adecuada
Santa Isabel,1995-1999,2,77.73152078827611,77.52552880775971,76.39508441423558,78.71651129032172,Estimación adecuada
Santa Isabel,2000-2004,1,69.45419232564782,70.86344075306323,69.65950420546673,72.02310337122137,> e0 observado
Santa Isabel,2000-2004,2,79.11209035669054,79.33658557325717,77.96931825769205,80.60777093076663,Estimación adecuada
Santa Isabel,2005-2009,1,72.31479005793592,72.44833236241533,71.35781882926261,73.58247736821997,Estimación adecuada
Santa Isabel,2005-2009,2,81.59418713189359,81.22771775957756,80.0676278110189,82.86135322799717,Estimación adecuada
Santa Isabel,2010-2014,1,74.62174299181575,75.00957250868927,73.65086296394301,76.29587260713086,Estimación adecuada
Santa Isabel,2010-2014,2,81.81631250475374,81.38550333863724,80.28218435480662,82.80584172096965,Estimación adecuada
Santa Isabel,2015-2019,1,75.10553816345772,75.25261884994225,74.13792595085069,76.3531918286854,Estimación adecuada
Santa Isabel,2015-2019,2,85.04929628842375,83.69977894247876,82.07676010347107,85.2989774655131,Estimación adecuada
Santa Isabel,2020-2024,1,74.53124138847393,75.03087616024135,73.93941148957902,75.9280974423281,Estimación adecuada
Santa Isabel,2020-2024,2,83.31177822878875,82.97261252808173,81.50991623403954,84.31880172912749,Estimación adecuada
Toa Alta,1980-1984,1,74.8830856005072,74.13727735746377,72.9582352879481,75.92634297303404,Estimación adecuada
Toa Alta,1980-1984,2,77.90618677933547,78.79519567563591,77.79113262364231,79.99911493388919,Estimación adecuada
Toa Alta,1985-1989,1,72.95726224514657,72.88153813114421,71.90712280340907,74.02104192582595,Estimación adecuada
Toa Alta,1985-1989,2,81.13925929884047,80.81272031460414,79.64173679169363,82.35325230500897,Estimación adecuada
Toa Alta,1990-1994,1,73.42887184415189,73.30185095856199,72.00288833600541,74.41290896591092,Estimación adecuada
Toa Alta,1990-1994,2,79.53507742661205,79.91948482334053,78.85456283004376,80.84103966978205,Estimación adecuada
Toa Alta,1995-1999,1,73.12825061550112,73.0418627042164,72.17954826318496,74.05484607865586,Estimación adecuada
Toa Alta,1995-1999,2,80.88771225273739,80.62377154589413,79.45616233379783,81.73867707059983,Estimación adecuada
Toa Alta,2000-2004,1,75.20122641401855,75.23578860221927,74.50178437438173,75.92580853621192,Estimación adecuada
Toa Alta,2000-2004,2,81.33505965208538,81.4728371799452,80.62766776754978,82.63750843103512,Estimación adecuada
Toa Alta,2005-2009,1,77.25808536131703,77.11961398171007,76.39403700580529,78.00360420018924,Estimación adecuada
Toa Alta,2005-2009,2,83.45975745150935,83.43787234494893,82.4115618546659,84.61879935855576,Estimación adecuada
Toa Alta,2010-2014,1,77.617438844306065,77.7211872293079,76.94408839245793,78.80490387430729,Estimación adecuada
Toa Alta,2010-2014,2,84.59193836320182,84.1997196261528,82.98092072589665,85.24981585640315,Estimación adecuada
Toa Alta,2015-2019,1,79.44012262836311,79.5172167616777,78.6116060267543,80.11478958226358,Estimación adecuada
Toa Alta,2015-2019,2,84.21287299648571,84.37051863185465,83.52529672218378,85.41716447103595,Estimación adecuada
Toa Alta,2020-2024,1,79.32715713141147,79.19300368832793,78.19860745686525,80.03534761275225,Estimación adecuada
Toa Alta,2020-2024,2,85.92609855770323,85.37154164983195,84.56248250867753,86.38447319300167,Estimación adecuada
Toa Baja,1980-1984,1,72.82833976912103,72.56818919510084,71.67009161485683,73.47423258564726,Estimación adecuada
Toa Baja,1980-1984,2,79.03893803233984,78.55761515646543,77.28057207640926,79.47458636351674,Estimación adecuada
Toa Baja,1985-1989,1,71.09171108702432,71.17181184176184,70.49526309321737,71.70597857838692,Estimación adecuada
Toa Baja,1985-1989,2,79.17713173148333,78.97121506032524,78.1794795682576,79.78297585806573,Estimación adecuada
Toa Baja,1990-1994,1,69.55070432606276,69.9553368490187,69.38265736913534,70.66096176058083,Estimación adecuada
Toa Baja,1990-1994,2,78.53439715581091,78.33577002879866,77.78054104205975,79.18124898313688,Estimación adecuada
Toa Baja,1995-1999,1,71.02389397781576,71.19520168475327,70.42566539323198,71.9319978171935,Estimación adecuada
Toa Baja,1995-1999,2,80.35817914633549,79.91266090350913,79.07453970954649,80.53160993650677,Estimación adecuada
Toa Baja,2000-2004,1,73.3130761935651,73.49735250969516,72.81982467809635,74.40407382122049,Estimación adecuada
Toa Baja,2000-2004,2,81.24641875534006,80.95936542594906,80.39231979194602,81.8012758069882,Estimación adecuada
Toa Baja,2005-2009,1,73.9336800218148,74.13814741962489,73.31070232809745,74.89236201830855,Estimación adecuada
Toa Baja,2005-2009,2,81.2918522418654,81.26981986188738,80.5631066593743,81.96475471155463,Estimación adecuada
Toa Baja,2010-2014,1,75.63234922554784,75.75950024779868,75.03746318726385,76.38780432502253,Estimación adecuada
Toa Baja,2010-2014,2,83.19276198853512,82.94874722142399,82.24301592223765,83.88471074584446,Estimación adecuada
Toa Baja,2015-2019,1,77.0796431176242,77.1653867501521,76.58276514936668,78.02139437986469,Estimación adecuada
Toa Baja,2015-2019,2,85.28768156374481,85.07099112783698,84.40525648387339,86.04876258274106,Estimación adecuada
Toa Baja,2020-2024,1,76.06866784040614,76.2953674049765,75.53543745908829,77.06545247815704,Estimación adecuada
Toa Baja,2020-2024,2,84.82502560819063,84.75094204971876,83.82242478708896,85.6252162065635,Estimación adecuada
Trujillo Alto,1980-1984,1,73.8807661516517,73.78080189632922,72.7087483838792,74.73338359980295,Estimación adecuada
Trujillo Alto,1980-1984,2,80.45848591811597,80.20766083455216,78.62486872191415,81.27841917839666,Estimación adecuada
Trujillo Alto,1985-1989,1,72.91759611684925,73.03550755523267,72.00507013495027,73.80846078870265,Estimación adecuada
Trujillo Alto,1985-1989,2,81.01563083839561,80.5659245777631,79.64391555437254,81.5773659644695,Estimación adecuada
Trujillo Alto,1990-1994,1,72.6023641348921,72.97471255111112,71.88728297897315,73.75660887945313,Estimación adecuada
Trujillo Alto,1990-1994,2,79.85175886432305,79.85855689330296,79.15797187233147,80.94025944714048,Estimación adecuada
Trujillo Alto,1995-1999,1,72.41162116159781,72.71095532820247,72.05003282348596,73.29682868092185,Estimación adecuada
Trujillo Alto,1995-1999,2,81.19162622930031,80.854057873692,79.90716610715,81.5975704360971,Estimación adecuada
Trujillo Alto,2000-2004,1,74.68446388601943,74.81364396180132,74.07897920055385,75.80264433978907,Estimación adecuada
Trujillo Alto,2000-2004,2,83.41194987282269,83.25988155347929,82.35434438942653,84.46693929981959,Estimación adecuada
Trujillo Alto,2005-2009,1,75.81610434260868,75.96445076317625,74.98044449206556,76.77296120641446,Estimación adecuada
Trujillo Alto,2005-2009,2,83.84316698522537,83.44314070097442,82.60955613702646,84.40453390139703,Estimación adecuada
Trujillo Alto,2010-2014,1,77.88979650864401,77.92628656458271,76.9643430000778,78.91065573609794,Estimación adecuada
Trujillo Alto,2010-2014,2,85.28937280458358,85.06517954805295,84.05108655481503,85.97134239680715,Estimación adecuada
Trujillo Alto,2015-2019,1,79.53728233113502,79.43919728729065,78.66473916733503,80.46819792968535,Estimación adecuada
Trujillo Alto,2015-2019,2,86.3543330403018,86.1941605748371,85.26477670970007,87.2158262019868,Estimación adecuada
Trujillo Alto,2020-2024,1,78.39208683519212,78.62977671995756,77.76782823558369,79.36478425957446,Estimación adecuada
Trujillo Alto,2020-2024,2,86.16954614436371,85.67185010814258,85.16201498998319,86.6919715139523,Estimación adecuada
Utuado,1980-1984,1,72.77455758364391,72.765150397312,71.9291835851945,73.90317051361342,Estimación adecuada
Utuado,1980-1984,2,78.22725510627389,78.340958541891,77.23677896542027,79.53719986092841,Estimación adecuada
Utuado,1985-1989,1,72.49241351300115,72.3774751483484,71.53680561614759,73.15493753057717,Estimación adecuada
Utuado,1985-1989,2,78.55971933281445,78.5741673896407,77.43584962282519,79.68676158802876,Estimación adecuada
Utuado,1990-1994,1,73.58027996114916,72.94855843064356,72.0527935175198,74.07662623015337,Estimación adecuada
Utuado,1990-1994,2,79.15999314000904,78.88773720346316,78.0597000905071,79.71720230969132,Estimación adecuada
Utuado,1995-1999,1,73.56681994998524,72.75685465242091,71.83723162948212,73.6525966370767,Estimación adecuada
Utuado,1995-1999,2,79.75811291705193,79.44056215863083,78.57064363912767,80.48174740618211,Estimación adecuada
Utuado,2000-2004,1,75.66609210920785,74.9110589751655,74.09504841748087,75.7655083299762,Estimación adecuada
Utuado,2000-2004,2,80.85296661933371,81.02193912218688,79.93611448727785,82.0033780788105,Estimación adecuada
Utuado,2005-2009,1,74.96306439444312,74.95976830450061,74.1017849566677,75.85215608497248,Estimación adecuada
Utuado,2005-2009,2,81.95177865789455,82.04865902028538,81.11253287963459,83.15491345777824,Estimación adecuada
Utuado,2010-2014,1,76.45438665507136,75.95060648479034,75.10618168586748,76.80257575870431,Estimación adecuada
Utuado,2010-2014,2,83.96232047500072,83.43003812365767,82.27476830135927,84.71961152886914,Estimación adecuada
Utuado,2015-2019,1,79.0189703608258,78.76319729041082,77.92375754680178,80.09856240316324,Estimación adecuada
Utuado,2015-2019,2,85.5118737413184,85.18768881165406,84.32557941643041,86.44118799942268,Estimación adecuada
Utuado,2020-2024,1,80.22889535833663,79.07913120327919,78.11468502143141,80.07273752315969,< e0 observado
Utuado,2020-2024,2,86.24989014279643,85.37737661090196,84.1296947283949,86.53219376490401,Estimación adecuada
Vega Alta,1980-1984,1,73.54933326191107,73.10956901630507,72.09097385574427,74.19965524762362,Estimación adecuada
Vega Alta,1980-1984,2,78.25469326095431,78.59373780942336,77.54535625629887,79.61841056502264,Estimación adecuada
Vega Alta,1985-1989,1,72.05535344696615,72.3287021790133,71.41483735780051,73.34289351556609,Estimación adecuada
Vega Alta,1985-1989,2,78.15985935324002,78.37062034807452,77.24797184173003,79.34222080734443,Estimación adecuada
Vega Alta,1990-1994,1,70.24052329679134,70.7869706068947,69.92772738368826,71.79433658339403,Estimación adecuada
Vega Alta,1990-1994,2,79.51462054686016,79.44325140653015,78.36560956558756,80.4231001167604,Estimación adecuada
Vega Alta,1995-1999,1,71.54816531304111,71.88458327668127,71.08463437549543,72.69989499782578,Estimación adecuada
Vega Alta,1995-1999,2,79.34051049480365,79.57751351825016,78.43408551845704,80.6456915934443,Estimación adecuada
Vega Alta,2000-2004,1,74.10875011525926,74.11440373130083,72.95584203300481,75.33182945462363,Estimación adecuada
Vega Alta,2000-2004,2,81.98636550598057,81.71416323061234,80.53737909746522,82.83979977203629,Estimación adecuada
Vega Alta,2005-2009,1,74.49742104581102,74.79069899164935,73.96130182346896,75.73720924712569,Estimación adecuada
Vega Alta,2005-2009,2,82.79578771576239,82.33719679691616,81.1816165939249,83.45982371066657,Estimación adecuada
Vega Alta,2010-2014,1,76.95585105473053,76.77221785565344,75.77283159858817,77.6527406743318,Estimación adecuada
Vega Alta,2010-2014,2,84.70771205138385,84.12300404631722,82.88605568443407,85.49311131615791,Estimación adecuada
Vega Alta,2015-2019,1,79.09002086085074,78.61325478646877,77.5359803411526,79.61991478734467,Estimación adecuada
Vega Alta,2015-2019,2,84.78023321458953,84.74304628812402,83.57979368216444,86.05662165454135,Estimación adecuada
Vega Alta,2020-2024,1,79.13203080104806,78.88352994149221,77.740913757371,79.96748936831237,Estimación adecuada
Vega Alta,2020-2024,2,86.55489338482076,85.90387073630743,84.32814655935681,87.31589483551747,Estimación adecuada
Vega Baja,1980-1984,1,72.17472574689376,71.92414609570507,71.00279692136141,72.59888975096123,Estimación adecuada
Vega Baja,1980-1984,2,77.4559969407079,77.23064142828886,76.28765619195624,78.18293580594766,Estimación adecuada
Vega Baja,1985-1989,1,71.32919645334727,71.26605519143438,70.49158590355162,72.09744930631155,Estimación adecuada
Vega Baja,1985-1989,2,78.37255208308184,78.25848527650865,77.31515308951542,79.17096256556864,Estimación adecuada
Vega Baja,1990-1994,1,69.34239102427848,69.66528432753411,68.640981587931,70.4921118658329,Estimación adecuada
Vega Baja,1990-1994,2,79.817128530258,79.50140655761439,78.49983189298422,80.30461865714817,Estimación adecuada
Vega Baja,1995-1999,1,69.80129928554581,70.10444285294533,69.18151407958399,70.80607083060889,Estimación adecuada
Vega Baja,1995-1999,2,78.73855584436625,78.47690754160935,77.74961284980151,79.20844954391029,Estimación adecuada
Vega Baja,2000-2004,1,71.71281396652603,72.07784615653392,71.25018502757695,72.9416259037788,Estimación adecuada
Vega Baja,2000-2004,2,80.83940501884719,80.33616021258412,79.47803436346464,81.38062596659859,Estimación adecuada
Vega Baja,2005-2009,1,73.49107576558887,73.83268610596792,72.8689332908476,74.65627379683023,Estimación adecuada
Vega Baja,2005-2009,2,81.56225378359265,81.27864762305761,80.32428896308323,81.99873995281483,Estimación adecuada
Vega Baja,2010-2014,1,75.67293352681041,75.63759226957077,74.99166990520474,76.43334526535989,Estimación adecuada
Vega Baja,2010-2014,2,82.83225536608914,82.4749857469748,81.73699521095605,83.2918742848523,Estimación adecuada
Vega Baja,2015-2019,1,77.17186219895375,77.06387951965482,76.27703186699836,77.79190325296253,Estimación adecuada
Vega Baja,2015-2019,2,85.55300741129905,85.13594511763648,84.07743965604584,86.27184338046456,Estimación adecuada
Vega Baja,2020-2024,1,76.1343018706242,76.53813504525135,75.62808249196803,77.46045966614085,Estimación adecuada
Vega Baja,2020-2024,2,85.01178406884422,84.3059538988411,83.42588681199928,85.31942976648493,Estimación adecuada
Vieques,1980-1984,1,68.44199950691872,69.37001870865515,67.89557182680835,70.85106945185338,Estimación adecuada
Vieques,1980-1984,2,79.82881030409467,77.29188503953078,75.76702907083275,79.48191134309648,< e0 observado
Vieques,1985-1989,1,68.91887213110078,69.26891363736823,67.9732650105913,70.7216379877535,Estimación adecuada
Vieques,1985-1989,2,76.64055553721266,77.060972094705,75.73057888324314,78.38195035618085,Estimación adecuada
Vieques,1990-1994,1,70.56388701195755,69.75860247501677,68.33743138892811,71.0355282967171,Estimación adecuada
Vieques,1990-1994,2,75.61141239304688,76.7336561944177,75.30957544128717,77.884345128924,Estimación adecuada
Vieques,1995-1999,1,67.1661520645474,68.83413499233555,67.74425860467446,70.01196025425881,> e0 observado
Vieques,1995-1999,2,77.66760098100364,78.15397355866236,76.55244540707054,79.79733259288562,Estimación adecuada
Vieques,2000-2004,1,71.06219249587082,71.59497056915657,70.1675617803197,72.79133579075422,Estimación adecuada
Vieques,2000-2004,2,79.94564055883934,79.76959595846805,78.36891239733586,81.874526930726,Estimación adecuada
Vieques,2005-2009,1,71.86562241202773,72.85513270146683,71.45611545352949,74.07350267752072,Estimación adecuada
Vieques,2005-2009,2,82.1662176624026,81.31615584570366,79.80414939974676,83.32911136604038,Estimación adecuada
Vieques,2010-2014,1,72.38693885614644,74.55598644203047,73.07086861211943,75.99221808584855,> e0 observado
Vieques,2010-2014,2,82.20083674525317,82.24789429530523,80.53590156056163,84.11117896473301,Estimación adecuada
Vieques,2015-2019,1,75.48771486205818,76.23541884533185,74.39658476979736,78.29793514782216,Estimación adecuada
Vieques,2015-2019,2,85.60400958844578,84.13685597741167,82.20956000533859,85.92398003611736,Estimación adecuada
Vieques,2020-2024,1,70.30670126441383,75.27244723777639,73.74057552878281,76.81938479046586,> e0 observado
Vieques,2020-2024,2,82.77316856062777,82.5084203663778,81.14646055128986,84.85517899970478,Estimación adecuada
Villalba,1980-1984,1,71.31481633801816,71.71829577988811,70.57906536935735,73.0479359587664,Estimación adecuada
Villalba,1980-1984,2,77.35744616187003,78.08294203381801,76.83047952357482,79.41929685677003,Estimación adecuada
Villalba,1985-1989,1,70.6812298941124,71.16067134697455,70.20576860875295,72.37785346263817,Estimación adecuada
Villalba,1985-1989,2,78.13907330956457,78.44448289082123,77.29858390143667,79.86050229571845,Estimación adecuada
Villalba,1990-1994,1,72.3498469286644,71.49378171806185,70.41613131593155,72.7076606389868,Estimación adecuada
Villalba,1990-1994,2,79.32972359168376,78.96567403766389,77.59159720526998,80.19278140533315,Estimación adecuada
Villalba,1995-1999,1,74.12665072351581,72.83704018011707,71.79407873673478,73.73361876411572,< e0 observado
Villalba,1995-1999,2,79.94095261032773,79.67956639714544,78.41330133860211,81.08232063994805,Estimación adecuada
Villalba,2000-2004,1,75.24588138203707,74.8560712892277,73.65028286623492,76.06503545527187,Estimación adecuada
Villalba,2000-2004,2,81.24189158745828,80.92788422821104,79.67881047191982,82.4464602632547,Estimación adecuada
Villalba,2005-2009,1,75.22194783512565,75.21902138838281,74.15654689567312,76.10468188963388,Estimación adecuada
Villalba,2005-2009,2,82.367985821704,82.22465774930825,80.9881392888297,83.38855274645628,Estimación adecuada
Villalba,2010-2014,1,77.8383761040004,76.7997798057709,75.833934547951,77.90775886372148,Estimación adecuada
Villalba,2010-2014,2,82.38109633625453,82.71663873453775,81.42742161260117,83.99236712868097,Estimación adecuada
Villalba,2015-2019,1,77.83504649286682,77.53213825681868,76.37939166270928,78.85328755061911,Estimación adecuada
Villalba,2015-2019,2,84.05820533092681,84.10103925800364,82.80878633626307,85.73198724708246,Estimación adecuada
Villalba,2020-2024,1,77.24232552482839,77.23170861939596,76.13137535125176,78.22228650812698,Estimación adecuada
Villalba,2020-2024,2,85.36972299365041,85.38479005070565,84.11416137468186,87.16214493574634,Estimación adecuada
Yabucoa,1980-1984,1,71.13885114874819,71.29093389568959,70.27070358786698,72.43053526736438,Estimación adecuada
Yabucoa,1980-1984,2,77.69784172893796,77.81380674868603,76.46604754440598,78.81234821140524,Estimación adecuada
Yabucoa,1985-1989,1,71.6497165141789,71.76115271619463,70.72784937110177,72.7362639429611,Estimación adecuada
Yabucoa,1985-1989,2,78.71247157491743,78.41389126703609,77.48039672330731,79.61302113617435,Estimación adecuada
Yabucoa,1990-1994,1,72.18368470754862,71.92422825100965,70.9575038451926,72.8424139122674,Estimación adecuada
Yabucoa,1990-1994,2,78.65582186258791,78.56602743593355,77.2844557375287,79.53312267325703,Estimación adecuada
Yabucoa,1995-1999,1,70.61759581589234,71.06086756261118,70.14440103427745,71.85470849663044,Estimación adecuada
Yabucoa,1995-1999,2,79.25053941807832,79.02969143711161,78.32162829372717,79.95138770008214,Estimación adecuada
Yabucoa,2000-2004,1,74.67500524731325,74.45998539516017,73.42458979420809,75.51120589441348,Estimación adecuada
Yabucoa,2000-2004,2,81.74191284227646,81.53986305775553,80.53808370497956,82.856319736896907,Estimación adecuada
Yabucoa,2005-2009,1,74.52109913218256,74.72354548838172,73.8268118222471,75.70213213123596,Estimación adecuada
Yabucoa,2005-2009,2,83.07308125246723,82.7483109969091,81.46290445890942,83.97753209146376,Estimación adecuada
Yabucoa,2010-2014,1,75.57434879024864,76.04046656862587,74.98406110489661,76.94778257114226,Estimación adecuada
Yabucoa,2010-2014,2,82.0382545268585,82.47262881483562,81.52090330270183,83.47952422770713,Estimación adecuada
Yabucoa,2015-2019,1,77.58753133123862,78.08140443084834,77.10198666683414,78.9469113665822,Estimación adecuada
Yabucoa,2015-2019,2,86.1265699532434,85.72236364807398,84.44961892447043,87.43631581745748,Estimación adecuada
Yabucoa,2020-2024,1,75.78194920338815,77.1768463640008,76.04159375415071,78.26499002118655,> e0 observado
Yabucoa,2020-2024,2,85.25611674355481,84.81813078727103,83.74924848333913,86.21712226071526,Estimación adecuada
Yauco,1980-1984,1,71.51456720078431,71.14228624792548,70.40002909524623,71.85406892436879,Estimación adecuada
Yauco,1980-1984,2,77.4589640282646,77.45574228124491,76.61131821679362,78.45707897386349,Estimación adecuada
Yauco,1985-1989,1,69.95040254168732,70.07163571069714,69.34193796756288,70.96678086083725,Estimación adecuada
Yauco,1985-1989,2,77.60208552265917,77.42780717579538,76.41656128481867,78.24958277864616,Estimación adecuada
Yauco,1990-1994,1,71.7335324052013,71.26958812125342,70.13717034741525,72.06468514094487,Estimación adecuada
Yauco,1990-1994,2,78.49054698828598,78.19178739732214,77.33290256228354,79.17326771581727,Estimación adecuada
Yauco,1995-1999,1,72.03051290197796,71.62868002588647,70.6068607044829,72.64279526711415,Estimación adecuada
Yauco,1995-1999,2,79.29391771380651,78.7226224392316,77.77284458205925,79.60052417036411,Estimación adecuada
Yauco,2000-2004,1,72.97803149863371,73.07433046978824,72.15122481632987,73.92411496687268,Estimación adecuada
Yauco,2000-2004,2,79.24854846213276,79.35239678095141,78.34189458687783,80.34839833430456,Estimación adecuada
Yauco,2005-2009,1,73.24138587908658,73.57156770961367,72.76239625570904,74.29351247355461,Estimación adecuada
Yauco,2005-2009,2,80.5594161821005,80.66948148107234,79.59195952879648,81.54699446104608,Estimación adecuada
Yauco,2010-2014,1,75.57887719653512,75.43602328980225,74.56845906322106,76.19588372912102,Estimación adecuada
Yauco,2010-2014,2,81.76032266455593,81.87356907655813,80.66361759710688,82.89825892216697,Estimación adecuada
Yauco,2015-2019,1,77.43223226793361,77.27010166730571,76.26341436582618,78.5393050098281,Estimación adecuada
Yauco,2015-2019,2,82.51620418595085,83.31098961406607,81.95111163430025,84.43440727080407,Estimación adecuada
Yauco,2020-2024,1,75.94482006846164,76.42102875732633,75.3288423362431,77.18489807853763,Estimación adecuada
Yauco,2020-2024,2,83.86986937855978,83.26905105038593,82.4879497881745,84.52779389633137,Estimación adecuada
