region,period,sex,e0_observado,e0_estimado,e0_lower,e0_upper,est_eval
Adjuntas,1980-1984,1,72.54189508802463,72.07464789874493,70.98973855818568,73.66625012905686,Estimación adecuada
Adjuntas,1980-1984,2,78.96516925394144,78.81776693312523,77.31503035129224,80.32573947763188,Estimación adecuada
Adjuntas,1985-1989,1,70.84999061728885,71.53725178201125,70.4725827279662,72.93406301379827,Estimación adecuada
Adjuntas,1985-1989,2,78.97855761762072,78.91087255492862,77.90109539116241,80.12058897688775,Estimación adecuada
Adjuntas,1990-1994,1,71.49310954038985,71.57978622272294,70.53156995511583,73.04456828110543,Estimación adecuada
Adjuntas,1990-1994,2,77.88047658335911,78.43246459085907,77.38204716934177,79.65689346686085,Estimación adecuada
Adjuntas,1995-1999,1,71.91080703113897,72.10656089000312,70.88063356476881,73.49646397222483,Estimación adecuada
Adjuntas,1995-1999,2,78.53770419818306,78.85282965529383,77.67260469237716,80.28197055902908,Estimación adecuada
Adjuntas,2000-2004,1,74.0807006063416,73.89528497673366,72.9477929795807,75.17998593434386,Estimación adecuada
Adjuntas,2000-2004,2,79.50851081175084,79.84885869797252,78.95913484918466,81.0944804858723,Estimación adecuada
Adjuntas,2005-2009,1,77.13413877724005,76.04836184815055,74.95967275098312,77.38600491085178,Estimación adecuada
Adjuntas,2005-2009,2,82.23262377887984,82.2410851948027,80.87244753646026,83.51566713057818,Estimación adecuada
Adjuntas,2010-2014,1,78.0170892039493,77.0252696096565,75.76123147818764,77.93590757206826,< e0 observado
Adjuntas,2010-2014,2,84.37542750420445,83.63942331550977,82.13034500632082,85.08747911752678,Estimación adecuada
Adjuntas,2015-2019,1,80.07122326396828,79.48143380333687,78.30501025098611,80.74803848834564,Estimación adecuada
Adjuntas,2015-2019,2,84.75780508868199,84.81721025736194,83.31267436606399,86.41795016411814,Estimación adecuada
Adjuntas,2020-2024,1,80.09050176489524,79.14248234508324,77.86937935903455,80.22624862888749,Estimación adecuada
Adjuntas,2020-2024,2,87.03883394524668,86.18841687660614,84.56080214920465,88.40408822964162,Estimación adecuada
Aguada,1980-1984,1,73.2175687853255,73.06529051539762,71.85964001031918,74.12576450772431,Estimación adecuada
Aguada,1980-1984,2,76.66307974738103,77.71503330408794,76.56507951088184,78.78395479062709,Estimación adecuada
Aguada,1985-1989,1,73.21396709192831,72.96203066973399,71.94876005372782,73.89868242420488,Estimación adecuada
Aguada,1985-1989,2,77.70261010174512,77.95838143523133,77.00268619041228,79.11374502691189,Estimación adecuada
Aguada,1990-1994,1,73.47166304966473,72.91046513429659,71.90466409966407,73.79563198817206,Estimación adecuada
Aguada,1990-1994,2,79.56472305278581,79.42873642124655,78.17390961687443,80.41503527924587,Estimación adecuada
Aguada,1995-1999,1,72.96139718811193,72.79956281500479,72.00913873868751,73.72769717143248,Estimación adecuada
Aguada,1995-1999,2,78.42598214583917,78.37483287373702,77.65197465761074,79.32538289105534,Estimación adecuada
Aguada,2000-2004,1,75.7731265619719,75.08384964724812,74.27433635330809,76.07530677588554,Estimación adecuada
Aguada,2000-2004,2,80.35987918975404,80.54877234533507,79.35532682415257,81.39052835568998,Estimación adecuada
Aguada,2005-2009,1,77.6139364553716,76.6009425871346,75.7689961106287,77.69662928745461,Estimación adecuada
Aguada,2005-2009,2,81.487501570255,81.27976405974911,80.2164294955036,82.3145287162904,Estimación adecuada
Aguada,2010-2014,1,77.3081065450094,76.90063869894718,76.2390993964072,77.79005343377901,Estimación adecuada
Aguada,2010-2014,2,83.93649978812951,83.511559467615,82.17352915079557,84.6030208836038,Estimación adecuada
Aguada,2015-2019,1,80.17632385200217,79.14487440746584,78.10529957169487,80.05485640959694,< e0 observado
Aguada,2015-2019,2,84.88514363026218,84.67415840526934,83.50599491222252,85.85403126202739,Estimación adecuada
Aguada,2020-2024,1,78.78968559483442,78.21112060004765,77.10286774881286,79.00790254625988,Estimación adecuada
Aguada,2020-2024,2,83.87729580688905,83.9291007612552,83.01320571393035,85.31128875546017,Estimación adecuada
Aguadilla,1980-1984,1,71.00678071372081,71.14936161275963,70.29257913857748,72.02835296520182,Estimación adecuada
Aguadilla,1980-1984,2,77.48535658677463,77.20858581625804,76.48383680694518,78.25246540421115,Estimación adecuada
Aguadilla,1985-1989,1,70.58561267446154,70.68405743410915,69.97200286578925,71.5167204185376,Estimación adecuada
Aguadilla,1985-1989,2,77.65780206154783,77.48088175278275,76.80780012154312,78.3186844873197,Estimación adecuada
Aguadilla,1990-1994,1,70.88482346377512,70.74340681088864,69.99020106235622,71.37848836000985,Estimación adecuada
Aguadilla,1990-1994,2,77.99785568547416,77.75059596657526,77.02666489957073,78.60059606058189,Estimación adecuada
Aguadilla,1995-1999,1,70.78010378855268,70.83831941520808,70.10226374493189,71.64374704036848,Estimación adecuada
Aguadilla,1995-1999,2,78.16686736979354,77.99808446406513,77.3598068870425,78.87576206125257,Estimación adecuada
Aguadilla,2000-2004,1,73.78276571753028,73.3626345888137,72.71190919263597,74.05234585737423,Estimación adecuada
Aguadilla,2000-2004,2,80.45198774138778,79.97717906263512,79.23652047470084,80.60010636837879,Estimación adecuada
Aguadilla,2005-2009,1,74.34368140644376,74.12019052902025,73.23636187021151,74.90141599489581,Estimación adecuada
Aguadilla,2005-2009,2,81.18616231865005,80.74338844371334,79.97768541201333,81.4834022859136,Estimación adecuada
Aguadilla,2010-2014,1,76.10575530196566,75.61368042343301,74.98862866263164,76.4646123561512,Estimación adecuada
Aguadilla,2010-2014,2,81.66758711742574,81.54322357623234,80.82741730606506,82.34681168892271,Estimación adecuada
Aguadilla,2015-2019,1,77.5014617746831,77.03384386778352,75.9246720994872,77.7261962857398,Estimación adecuada
Aguadilla,2015-2019,2,82.99395073109925,83.4577028145072,82.56174683735148,84.2915251830754,Estimación adecuada
Aguadilla,2020-2024,1,76.52156602867669,76.51807461942491,75.85444541976763,77.3186707483867,Estimación adecuada
Aguadilla,2020-2024,2,83.20736033493193,83.23134130864034,82.5057356903036,84.12191366783422,Estimación adecuada
Aguas Buenas,1980-1984,1,70.9060601893331,71.59614626147494,70.56420189733322,72.63776478528678,Estimación adecuada
Aguas Buenas,1980-1984,2,79.20230439846388,78.96256831204064,77.53167348687421,80.57914080566778,Estimación adecuada
Aguas Buenas,1985-1989,1,71.73217429810381,72.04352718907859,70.828002175312065,73.19340297682032,Estimación adecuada
Aguas Buenas,1985-1989,2,78.66666240443578,78.73516642885613,77.72041837356103,80.09021905009661,Estimación adecuada
Aguas Buenas,1990-1994,1,71.9040754109389,71.8407690342139,70.84621087068888,72.97838860549047,Estimación adecuada
Aguas Buenas,1990-1994,2,82.01930667891538,80.75511639300636,79.40950917308928,82.46258394384198,Estimación adecuada
Aguas Buenas,1995-1999,1,72.03242058667273,72.11455904976192,71.37025441290953,73.11468603223676,Estimación adecuada
Aguas Buenas,1995-1999,2,79.29741471606215,79.19446187272099,78.02735773977403,80.43007100702812,Estimación adecuada
Aguas Buenas,2000-2004,1,74.50847723417229,74.30801797304412,73.45888041386468,75.54891525237394,Estimación adecuada
Aguas Buenas,2000-2004,2,81.53307661620572,81.355599918854,80.18961562765554,82.73275162389743,Estimación adecuada
Aguas Buenas,2005-2009,1,74.76751879253902,75.16890912798439,73.97514161188496,76.3498708003246,Estimación adecuada
Aguas Buenas,2005-2009,2,83.74825554704383,83.59716816892114,82.20119602394868,85.3694222891512,Estimación adecuada
Aguas Buenas,2010-2014,1,77.07874986678003,77.49801402007012,75.99728023874471,78.69100293517698,Estimación adecuada
Aguas Buenas,2010-2014,2,83.69043751017024,83.90542547624258,82.92254123219233,85.15394754802148,Estimación adecuada
Aguas Buenas,2015-2019,1,77.12363910638715,78.08972297573344,77.15856320585837,79.01465790454968,> e0 observado
Aguas Buenas,2015-2019,2,86.87058779798109,86.0389028555271,84.71822539143521,87.4941542073567,Estimación adecuada
Aguas Buenas,2020-2024,1,77.71291412855061,78.08221552803386,77.15373352545367,79.13191006889939,Estimación adecuada
Aguas Buenas,2020-2024,2,86.01372227536957,85.37229709251626,84.27315192137262,86.72401333278984,Estimación adecuada
Aibonito,1980-1984,1,71.20727896829324,71.64867479937338,70.57359971790585,72.86708388796718,Estimación adecuada
Aibonito,1980-1984,2,78.10148160174786,78.36631290719185,76.71659288438846,79.46098397195787,Estimación adecuada
Aibonito,1985-1989,1,70.93804632594708,71.3735474252912,70.1952364301961,72.26571062070553,Estimación adecuada
Aibonito,1985-1989,2,79.48839408130232,79.11987752393475,77.85908852621388,80.73892420779148,Estimación adecuada
Aibonito,1990-1994,1,72.7988506012683,72.36773940099411,71.22462029143628,73.3853585968282,Estimación adecuada
Aibonito,1990-1994,2,79.2040372973333,79.06288244785256,78.0974499682288,80.40575011425531,Estimación adecuada
Aibonito,1995-1999,1,72.77760443633895,72.29230031218297,71.32694981466727,73.69648865174219,Estimación adecuada
Aibonito,1995-1999,2,79.65397963842348,79.49989226346509,78.52881862184168,80.66858646632933,Estimación adecuada
Aibonito,2000-2004,1,74.39460579414155,74.0522214894171,73.068553846525,74.96473500477546,Estimación adecuada
Aibonito,2000-2004,2,80.67825254541816,80.78729150504898,79.764888042602,81.94124858749473,Estimación adecuada
Aibonito,2005-2009,1,74.88960349978896,75.00108544179511,73.95293969305251,75.91775089361363,Estimación adecuada
Aibonito,2005-2009,2,81.30587533973025,81.25229659878727,80.2209327189243,82.26925685902529,Estimación adecuada
Aibonito,2010-2014,1,74.15371449624436,75.65645934354552,74.45726861056151,76.66797729454152,> e0 observado
Aibonito,2010-2014,2,82.83346667872438,82.83141474269793,81.72180896049329,83.97770859279315,Estimación adecuada
Aibonito,2015-2019,1,77.00855644451337,77.85422255723952,76.7694456794972,78.52418693219882,Estimación adecuada
Aibonito,2015-2019,2,83.92589167839914,84.37421874305105,83.02563222089341,85.50519854515942,Estimación adecuada
Aibonito,2020-2024,1,79.62044145372404,79.31960162061955,77.93090213798976,80.32186341237886,Estimación adecuada
Aibonito,2020-2024,2,85.54801976071055,85.56533010867469,84.4546157263773,86.91801710880387,Estimación adecuada
Anasco,1980-1984,1,72.01460523472085,71.7066675915024,70.4351220961079,72.88252919863325,Estimación adecuada
Anasco,1980-1984,2,76.47877169471658,76.64697768676925,75.64723081256585,77.8946989536093,Estimación adecuada
Anasco,1985-1989,1,71.42888891874672,71.37711040321264,70.20050066703806,72.4547919827001,Estimación adecuada
Anasco,1985-1989,2,76.49626365968555,77.09321680340653,75.91674046451791,78.04605129132102,Estimación adecuada
Anasco,1990-1994,1,70.05228247802772,70.58190646827708,69.55015134758663,71.96135170899782,Estimación adecuada
Anasco,1990-1994,2,77.19464732684078,77.49614382736746,76.38913300541537,78.86949041985709,Estimación adecuada
Anasco,1995-1999,1,71.8503650088804,71.33198087948934,70.53351190802628,72.44116224365607,Estimación adecuada
Anasco,1995-1999,2,77.85360337047756,77.90860849465514,76.98534668328001,78.81078556553993,Estimación adecuada
Anasco,2000-2004,1,74.35938543935956,73.851516150477,72.87423675402704,74.99150183861289,Estimación adecuada
Anasco,2000-2004,2,80.6361937434096,80.21596875400255,78.93456352498951,81.43010268397515,Estimación adecuada
Anasco,2005-2009,1,76.96481061689505,75.81616453277788,74.57635407641635,76.85322850282986,< e0 observado
Anasco,2005-2009,2,82.18483587125668,81.55658900146773,80.67714283167635,82.69161424888068,Estimación adecuada
Anasco,2010-2014,1,76.38264162433823,75.8617389710522,74.95982155166541,76.99517979704086,Estimación adecuada
Anasco,2010-2014,2,83.0792504741019,82.7071311442821,81.75462519851366,84.31991195751975,Estimación adecuada
Anasco,2015-2019,1,78.19758272547156,77.6751318188967,76.65134832225871,79.0490450125123,Estimación adecuada
Anasco,2015-2019,2,85.54315717152748,84.84137072978814,83.8036278572642,86.08378712220765,Estimación adecuada
Anasco,2020-2024,1,77.16064670152906,77.3806437955668,76.42183287178159,78.56526088144227,Estimación adecuada
Anasco,2020-2024,2,83.21756305986028,84.22137663882798,83.13588354819812,85.26475618865791,Estimación adecuada
Arecibo,1980-1984,1,70.94822313738123,70.96672828027236,70.45156431769567,71.58524171048435,Estimación adecuada
Arecibo,1980-1984,2,77.54900544750468,77.27828626334036,76.59283983752292,77.97383471984716,Estimación adecuada
Arecibo,1985-1989,1,70.27186805457086,70.37540716105184,69.8085806570538,70.99471538161615,Estimación adecuada
Arecibo,1985-1989,2,77.07511338664264,77.16023117441068,76.50487326825788,77.80063128207894,Estimación adecuada
Arecibo,1990-1994,1,70.7566402122555,70.68309410883892,69.97319962253917,71.29344423653455,Estimación adecuada
Arecibo,1990-1994,2,77.82525476262934,77.85218883156568,77.27483371320884,78.50664341072329,Estimación adecuada
Arecibo,1995-1999,1,70.42422951948053,70.50340821826524,69.84794006836715,71.04208828534816,Estimación adecuada
Arecibo,1995-1999,2,77.67805190763367,77.66440274313712,77.13707025151304,78.23423195446779,Estimación adecuada
Arecibo,2000-2004,1,73.58677734329173,73.3272447555286,72.78487472018335,73.83454916528665,Estimación adecuada
Arecibo,2000-2004,2,80.17723082421405,79.89203635301423,79.29934346169266,80.63838444829132,Estimación adecuada
Arecibo,2005-2009,1,73.79746978285581,73.78195448420718,73.21751863860989,74.3530122389365,Estimación adecuada
Arecibo,2005-2009,2,80.99120726198103,80.6704737165935,80.17826121317347,81.36413708214653,Estimación adecuada
Arecibo,2010-2014,1,75.7499952369095,75.57737104314361,75.00075051924458,76.13346105755514,Estimación adecuada
Arecibo,2010-2014,2,81.99729917976788,81.71551898067295,81.00938806897108,82.30932205693907,Estimación adecuada
Arecibo,2015-2019,1,77.47760291858165,77.28992056893446,76.70369307965694,77.90598634810257,Estimación adecuada
Arecibo,2015-2019,2,84.62096334942434,84.21685180467546,83.51504183016041,85.00876533573917,Estimación adecuada
Arecibo,2020-2024,1,77.03404417797987,76.83835523161352,75.99563990859627,77.41742591207908,Estimación adecuada
Arecibo,2020-2024,2,83.99392652816302,83.81146330624479,83.10304669001854,84.37106750455959,Estimación adecuada
Arroyo,1980-1984,1,69.26197243419952,69.84520568736163,68.75268857890654,71.18370173500658,Estimación adecuada
Arroyo,1980-1984,2,77.70227943996014,77.45895502676001,76.20579864532598,78.57673867330254,Estimación adecuada
Arroyo,1985-1989,1,69.06544938666637,69.57501429243683,68.53556397062502,70.79952122071555,Estimación adecuada
Arroyo,1985-1989,2,76.53547803214356,76.44936909117503,75.4072484930103,77.72632789677994,Estimación adecuada
Arroyo,1990-1994,1,69.467701272295,69.81079431781757,68.57395476010734,71.05872237538574,Estimación adecuada
Arroyo,1990-1994,2,79.1638940521351,78.25689752506517,77.34173697120636,80.00441312591163,Estimación adecuada
Arroyo,1995-1999,1,69.35840651861476,69.92058701353768,68.81773301184387,71.19320669417917,Estimación adecuada
Arroyo,1995-1999,2,77.98473955428868,77.60695744895148,76.38862663009274,78.68546164556722,Estimación adecuada
Arroyo,2000-2004,1,72.46263355278661,72.55157816910912,71.51615882129693,73.51061656648247,Estimación adecuada
Arroyo,2000-2004,2,79.49462438506767,79.52201618348002,78.37384381378934,80.95233764526071,Estimación adecuada
Arroyo,2005-2009,1,73.52924324703847,73.54663668069836,72.31223936804854,74.6891091955982,Estimación adecuada
Arroyo,2005-2009,2,81.55925566302211,80.9840181701071,79.76278280089264,82.30695876315161,Estimación adecuada
Arroyo,2010-2014,1,73.74855783813933,74.25463942313138,73.24701500673399,75.39162880573011,Estimación adecuada
Arroyo,2010-2014,2,82.70095569618667,82.44434843043882,80.57226487944271,83.80499875210307,Estimación adecuada
Arroyo,2015-2019,1,74.8566557237882,76.21046157401085,75.05063659555316,77.49312502737541,> e0 observado
Arroyo,2015-2019,2,83.0866067343545,83.62366736703041,82.08821328758319,84.94923759571246,Estimación adecuada
Arroyo,2020-2024,1,77.15040742709186,76.94473075277466,75.61265803603001,78.3637955029487,Estimación adecuada
Arroyo,2020-2024,2,82.07042233229612,83.02913155212326,81.67246997798767,84.73856941472673,Estimación adecuada
Barceloneta,1980-1984,1,69.54208697130086,70.67498674382466,69.39418221386494,71.76466154866054,Estimación adecuada
Barceloneta,1980-1984,2,77.15945709054438,77.30975414969814,75.90018249508799,78.69058380488244,Estimación adecuada
Barceloneta,1985-1989,1,72.20256138308129,72.04952922515241,70.81817595184148,72.96948157382678,Estimación adecuada
Barceloneta,1985-1989,2,78.86869640220178,78.60655086177638,77.4281321435553,80.15421412516366,Estimación adecuada
Barceloneta,1990-1994,1,71.82801102859922,71.16738389415563,70.20706481179188,72.3217231556894,Estimación adecuada
Barceloneta,1990-1994,2,79.79778456534827,79.58481689684785,78.0837923763394,80.86046106232914,Estimación adecuada
Barceloneta,1995-1999,1,69.62763398284126,70.5208718870137,69.41997404077804,71.43487259267047,Estimación adecuada
Barceloneta,1995-1999,2,78.30155980616671,78.613893873843807,77.39933434699469,79.66630026000328,Estimación adecuada
Barceloneta,2000-2004,1,74.25217285421826,73.64307340915144,72.37922174204039,74.73837239153266,Estimación adecuada
Barceloneta,2000-2004,2,80.98566728548113,80.30814356527083,79.29614968485411,81.50359330467705,Estimación adecuada
Barceloneta,2005-2009,1,75.14771749617947,74.81264936515686,73.60467143052153,75.94677363689968,Estimación adecuada
Barceloneta,2005-2009,2,83.11601404161499,82.48937693259043,80.68032670341913,84.08346379668309,Estimación adecuada
Barceloneta,2010-2014,1,75.38250616989667,75.5479774709008,74.52431124732075,76.61641419746718,Estimación adecuada
Barceloneta,2010-2014,2,83.08358460781069,82.54118100058673,81.44585752919834,84.03622561044142,Estimación adecuada
Barceloneta,2015-2019,1,79.11645760546239,77.8119647140459,76.55128843252392,79.01441724253237,< e0 observado
Barceloneta,2015-2019,2,85.56404930901091,84.86406321276559,83.76835504186991,86.85337690191302,Estimación adecuada
Barceloneta,2020-2024,1,75.82195956003592,76.01702009239341,75.15887256842086,76.83042583625564,Estimación adecuada
Barceloneta,2020-2024,2,84.21378427386206,84.53258758562112,83.03203441892305,85.69323578194053,Estimación adecuada
Barranquitas,1980-1984,1,71.33876197975141,71.5841478081802,70.48612603970868,72.82212274959751,Estimación adecuada
Barranquitas,1980-1984,2,77.30531169649653,77.67017635055237,76.41812953210183,78.83877263346062,Estimación adecuada
Barranquitas,1985-1989,1,71.51414892357278,71.5888380084956,70.61060072784872,72.61186391942518,Estimación adecuada
Barranquitas,1985-1989,2,77.76964050663393,78.1518884937357,77.0074363313908,79.37847974140735,Estimación adecuada
Barranquitas,1990-1994,1,70.61622752203239,71.04973022282755,70.15291147685664,72.39805995513439,Estimación adecuada
Barranquitas,1990-1994,2,80.19038720696513,79.66427408664732,78.37005157253546,81.48241987190889,Estimación adecuada
Barranquitas,1995-1999,1,71.30535167741402,70.8663723305678,70.05938479569532,71.90823382771624,Estimación adecuada
Barranquitas,1995-1999,2,77.36809189145215,78.15482870184717,77.22703492995984,78.89191811366162,Estimación adecuada
Barranquitas,2000-2004,1,73.94139576064687,73.93196832104074,72.77395371742625,75.02516866235277,Estimación adecuada
Barranquitas,2000-2004,2,80.92303201880848,81.03920682728256,79.76896602443021,82.61017695106992,Estimación adecuada
Barranquitas,2005-2009,1,75.7544247310515,75.32076676984059,74.2075219581176,76.4631411981369,Estimación adecuada
Barranquitas,2005-2009,2,83.34321773527964,82.90795008337005,81.54974162683871,84.43806003525441,Estimación adecuada
Barranquitas,2010-2014,1,75.82434696179858,75.64937838044298,74.4115945263678,76.78672157430705,Estimación adecuada
Barranquitas,2010-2014,2,83.19916348644448,83.14660196598399,81.85587288290968,84.46517066144433,Estimación adecuada
Barranquitas,2015-2019,1,78.70088384920705,78.18319158866372,77.16838828714087,78.91027934497038,Estimación adecuada
Barranquitas,2015-2019,2,86.1569793140704,85.7660892248534,84.0758098180722,87.27584504826218,Estimación adecuada
Barranquitas,2020-2024,1,77.70140580259377,77.85404609055394,76.80264038741689,79.11468537335926,Estimación adecuada
Barranquitas,2020-2024,2,85.89659093832063,85.47896150805197,84.37614776400696,87.02945879781673,Estimación adecuada
Bayamon,1980-1984,1,72.04514701418194,71.97529801426143,71.53496523302093,72.38050871526583,Estimación adecuada
Bayamon,1980-1984,2,78.18054324807127,78.02041522348546,77.60661047240256,78.47175533967312,Estimación adecuada
Bayamon,1985-1989,1,71.5983747916107,71.60960478471137,71.06442925409667,72.03584777300634,Estimación adecuada
Bayamon,1985-1989,2,79.53402783138928,79.31480227615486,78.83885840101527,79.8564358914731,Estimación adecuada
Bayamon,1990-1994,1,69.4013098024391,69.58174269033694,69.05939780279854,70.04724827145202,Estimación adecuada
Bayamon,1990-1994,2,79.99809814237119,79.8916206978011,79.41193516912459,80.49304708016749,Estimación adecuada
Bayamon,1995-1999,1,70.77177966925491,70.95358985419526,70.45049109262807,71.4817132639684,Estimación adecuada
Bayamon,1995-1999,2,79.73301230251936,79.70594774021865,79.24316444991024,80.10934750596454,Estimación adecuada
Bayamon,2000-2004,1,73.5738231086305,73.56705804075091,73.19831264185814,74.01694112879917,Estimación adecuada
Bayamon,2000-2004,2,81.70891995330638,81.60092905666923,81.13150437614502,82.20160921958325,Estimación adecuada
Bayamon,2005-2009,1,74.78989094750837,74.83913645812035,74.3598161887128,75.23238527523615,Estimación adecuada
Bayamon,2005-2009,2,82.81400991090649,82.70792591199466,82.17339434672508,83.27025205844191,Estimación adecuada
Bayamon,2010-2014,1,76.39050901350164,76.33715180052612,75.90560787528494,76.885444571787815,Estimación adecuada
Bayamon,2010-2014,2,84.21195413174073,84.03521332454895,83.52336262726988,84.66628305707123,Estimación adecuada
Bayamon,2015-2019,1,77.4241342974101,77.59154922219847,77.01584590992952,78.09974693261708,Estimación adecuada
Bayamon,2015-2019,2,85.53635487807954,85.23402558374522,84.64423053682859,85.77705927301673,Estimación adecuada
Bayamon,2020-2024,1,76.28240347769595,76.39673338806594,75.817361766921593,76.83555481386057,Estimación adecuada
Bayamon,2020-2024,2,85.66531677680673,85.57054233096794,84.97226552295258,86.16727335029387,Estimación adecuada
Cabo Rojo,1980-1984,1,72.39724763936692,72.59362643656374,71.86471949116525,73.84233056583548,Estimación adecuada
Cabo Rojo,1980-1984,2,77.54158683750231,77.58643947086685,76.81091338475082,78.37097158214371,Estimación adecuada
Cabo Rojo,1985-1989,1,73.0487252974488,73.02509953348053,72.05927878000296,73.91535135995926,Estimación adecuada
Cabo Rojo,1985-1989,2,79.23917112625598,78.87874485450564,77.80939366028923,79.97186830075466,Estimación adecuada
Cabo Rojo,1990-1994,1,72.97925410251543,72.79559200341413,71.84720652199277,73.5589209527939,Estimación adecuada
Cabo Rojo,1990-1994,2,80.55409901002385,80.09076408612908,79.1680079634946,81.19386073429331,Estimación adecuada
Cabo Rojo,1995-1999,1,72.48815364764029,72.55859986838021,71.72909015771216,73.24807057028931,Estimación adecuada
Cabo Rojo,1995-1999,2,79.89647697006733,79.70825991812035,78.90214853541826,80.38701939346558,Estimación adecuada
Cabo Rojo,2000-2004,1,75.02839226790125,74.82536938232299,74.10883087038411,75.81292291737695,Estimación adecuada
Cabo Rojo,2000-2004,2,82.11872847252751,81.69555202663027,80.79587871774132,82.93310492986853,Estimación adecuada
Cabo Rojo,2005-2009,1,76.84328880547318,76.28504266106694,75.38112654266621,76.93734728409343,Estimación adecuada
Cabo Rojo,2005-2009,2,82.7883495500848,82.28535528542352,81.57102345706073,83.0155187546938,Estimación adecuada
Cabo Rojo,2010-2014,1,75.75368420461353,76.13997201222371,75.52085361506852,76.79998494689492,Estimación adecuada
Cabo Rojo,2010-2014,2,83.42815115673008,83.8019374550349,82.70216339897216,84.55840440416753,Estimación adecuada
Cabo Rojo,2015-2019,1,79.78583423632398,79.4419242356194,78.61093584870645,80.54890462552152,Estimación adecuada
Cabo Rojo,2015-2019,2,84.21493107845924,84.42667914473242,83.559021763558,85.24524817763012,Estimación adecuada
Cabo Rojo,2020-2024,1,79.36891590464816,79.33787360324241,78.30926974813318,80.36480893561969,Estimación adecuada
Cabo Rojo,2020-2024,2,84.78014352257735,84.54704414340651,83.80634265550987,85.52533100455159,Estimación adecuada
Caguas,1980-1984,1,71.72229204508375,71.71497985664695,71.08098878290093,72.52833262288024,Estimación adecuada
Caguas,1980-1984,2,78.48100883851102,78.34309800914323,77.64472707345782,78.99002797285536,Estimación adecuada
Caguas,1985-1989,1,70.39381171255258,70.53575179010957,69.98872723468202,71.07122031083688,Estimación adecuada
Caguas,1985-1989,2,79.24402800001288,78.93965499204776,78.44389878198244,79.61710235413705,Estimación adecuada
Caguas,1990-1994,1,68.8176451180551,69.15041578992195,68.4860997425969,69.66663281238397,Estimación adecuada
Caguas,1990-1994,2,78.64358444378482,78.5068883142797,77.89243857491337,79.16379842297337,Estimación adecuada
Caguas,1995-1999,1,69.69055735609852,69.94470588134261,69.47370516990196,70.6252814380613,Estimación adecuada
Caguas,1995-1999,2,79.65612948337659,79.50413298512113,78.95121459907813,80.0681969706634,Estimación adecuada
Caguas,2000-2004,1,73.107794927577,73.20063295806929,72.74537299626581,73.80583783056159,Estimación adecuada
Caguas,2000-2004,2,81.16770684291535,80.9275047522332,80.35222632343402,81.60571213972344,Estimación adecuada
Caguas,2005-2009,1,74.70961206827913,74.7515119583181,74.12626674964068,75.20728801299279,Estimación adecuada
Caguas,2005-2009,2,83.1696138038651,82.83733111532234,82.24769622725785,83.59579525117255,Estimación adecuada
Caguas,2010-2014,1,74.58554015299133,74.8881028067382,74.33126802977898,75.55597579181322,Estimación adecuada
Caguas,2010-2014,2,83.90600489563008,83.63358166951194,83.0970637933122,84.39744139935442,Estimación adecuada
Caguas,2015-2019,1,77.12465328076702,77.30684766015942,76.71558280990894,77.81456680501097,Estimación adecuada
Caguas,2015-2019,2,84.81913360231934,84.6974436645175,84.01144272580112,85.27671841834729,Estimación adecuada
Caguas,2020-2024,1,76.29588342135226,76.34209703612478,75.87151167366878,76.83525178194355,Estimación adecuada
Caguas,2020-2024,2,84.58890329073994,84.47608478344551,83.83642033025475,85.19180680514644,Estimación adecuada
Camuy,1980-1984,1,72.00953497661486,72.2819441136777,71.26655545569616,73.17541967764004,Estimación adecuada
Camuy,1980-1984,2,79.0481930632779,78.90237171582291,77.71082222495261,79.96288349488215,Estimación adecuada
Camuy,1985-1989,1,73.05563270338816,72.6978014412023,71.5841549048632,73.91257369559032,Estimación adecuada
Camuy,1985-1989,2,79.50251205629577,79.3394389293889,78.16590624914352,80.64346009359397,Estimación adecuada
Camuy,1990-1994,1,72.48592866320423,71.96026442483898,70.81596217785543,72.95412961250189,Estimación adecuada
Camuy,1990-1994,2,78.42074942707245,78.54641216620023,77.43888807941134,79.54746057755605,Estimación adecuada
Camuy,1995-1999,1,72.6730064081168,72.18164537681741,71.25754862199491,73.14431161532752,Estimación adecuada
Camuy,1995-1999,2,81.15887534595899,80.65479370537255,79.26977960367807,81.59753990418821,Estimación adecuada
Camuy,2000-2004,1,75.51776152008142,74.69807303946695,73.49393349603173,75.59734246161955,Estimación adecuada
Camuy,2000-2004,2,81.38049051623702,80.9005469851239,79.86693910839352,81.76841801684341,Estimación adecuada
Camuy,2005-2009,1,76.01134322923592,75.46128202069332,74.6035847933762,76.75301651905372,Estimación adecuada
Camuy,2005-2009,2,83.37764861657536,82.72151003599535,81.42002478011574,83.94608474601813,Estimación adecuada
Camuy,2010-2014,1,77.47114401608678,76.46680267756307,75.53785393814462,77.23435320746839,< e0 observado
Camuy,2010-2014,2,83.52117698878536,83.26706002036676,81.92088086153632,84.40296228559627,Estimación adecuada
Camuy,2015-2019,1,78.31044325410552,78.07281079483771,76.96330075073318,79.01400404177542,Estimación adecuada
Camuy,2015-2019,2,85.3683244262729,84.9012902340648,83.6599791703644,86.5288320251839,Estimación adecuada
Camuy,2020-2024,1,78.26146309261183,77.74292113174442,76.96496362070468,78.67244125501661,Estimación adecuada
Camuy,2020-2024,2,85.47114665413858,85.37815099713518,84.39119962187482,86.58924479393002,Estimación adecuada
Canovanas,1980-1984,1,73.2999178869587,72.11320864632964,71.06379002179209,73.0415650179484,< e0 observado
Canovanas,1980-1984,2,80.06188590433086,78.66051056488234,77.37875107713083,80.02748168127718,< e0 observado
Canovanas,1985-1989,1,71.61537365310774,71.44212869976488,70.46128483926853,72.46663727913477,Estimación adecuada
Canovanas,1985-1989,2,78.2476656338885,77.78147103990452,76.8544703508386,79.04829071939358,Estimación adecuada
Canovanas,1990-1994,1,68.47857316458972,69.28487844605492,68.35533383666657,70.225172702673,Estimación adecuada
Canovanas,1990-1994,2,78.32395417011651,78.2751082532049,77.06999920720222,79.303245264064,Estimación adecuada
Canovanas,1995-1999,1,67.92417601162161,68.74315604441696,67.9366075441011,69.68497600773483,> e0 observado
Canovanas,1995-1999,2,77.19866982997894,77.21620907696737,76.34156905557406,78.3429700962735,Estimación adecuada
Canovanas,2000-2004,1,71.16133588099902,71.83834699562226,71.00096039518678,72.6312998684104,Estimación adecuada
Canovanas,2000-2004,2,79.89031657445086,79.75261511627049,78.98013021744732,80.86091227271433,Estimación adecuada
Canovanas,2005-2009,1,72.03527888088188,72.80171019681313,71.83154363748878,73.76192497734806,Estimación adecuada
Canovanas,2005-2009,2,82.20274877957495,81.7268492539963,80.62302482161354,82.94742083572558,Estimación adecuada
Canovanas,2010-2014,1,73.73163177655941,74.50069076536724,73.35523065490771,75.340499551878,Estimación adecuada
Canovanas,2010-2014,2,82.38500533806449,81.90347667243054,80.97300955709832,82.85673584680694,Estimación adecuada
Canovanas,2015-2019,1,76.47578865798283,76.78977448388665,75.99818082219255,77.71954075801848,Estimación adecuada
Canovanas,2015-2019,2,83.4705410867674,83.31850761585201,82.17650102447237,84.22690155786245,Estimación adecuada
Canovanas,2020-2024,1,75.27011547141527,75.5621019922774,74.81862824215928,76.46750042617151,Estimación adecuada
Canovanas,2020-2024,2,84.62181844092844,83.97018109385473,83.06488391660653,85.27835665207634,Estimación adecuada
Carolina,1980-1984,1,72.6794571065647,72.66403435991106,72.0497366342434,73.37871255094396,Estimación adecuada
Carolina,1980-1984,2,80.00245669766524,79.71779298869922,79.04513450537112,80.47694033014147,Estimación adecuada
Carolina,1985-1989,1,71.45905207579524,71.5701234522304,71.10026260590206,72.096517064505,Estimación adecuada
Carolina,1985-1989,2,79.99533355118935,79.83124739048125,79.18823317740221,80.32334656574164,Estimación adecuada
Carolina,1990-1994,1,69.88961527032848,70.14567073936072,69.69453813715333,70.73077081265029,Estimación adecuada
Carolina,1990-1994,2,79.19273965392165,79.22352645086102,78.65626820758592,79.88543732388032,Estimación adecuada
Carolina,1995-1999,1,70.60394767924991,70.84545551836449,70.3281161378656,71.33697794096379,Estimación adecuada
Carolina,1995-1999,2,80.17066355341139,80.008178221822,79.46696477851842,80.58244219480417,Estimación adecuada
Carolina,2000-2004,1,73.93076115352547,74.03233021201183,73.62368582974987,74.47863910769149,Estimación adecuada
Carolina,2000-2004,2,81.94990115891812,81.74949363617708,81.24303216817118,82.36387829091032,Estimación adecuada
Carolina,2005-2009,1,74.82294831043073,74.96454102790807,74.36660127434644,75.46671477549508,Estimación adecuada
Carolina,2005-2009,2,82.93347404417227,82.81708064466025,82.2925403275284,83.36609934247002,Estimación adecuada
Carolina,2010-2014,1,75.7216623224996,75.98475365475852,75.51213988829673,76.57347560369058,Estimación adecuada
Carolina,2010-2014,2,84.32702876051525,84.15059427233592,83.66694538686437,84.77317879057614,Estimación adecuada
Carolina,2015-2019,1,78.16150181754098,78.11175243600186,77.46429096823282,78.80180435462808,Estimación adecuada
Carolina,2015-2019,2,86.31301087441426,86.1313796827036,85.6162449656276,86.79983027167756,Estimación adecuada
Carolina,2020-2024,1,78.61601699181084,78.52057010271892,77.84004590154542,79.07266829977962,Estimación adecuada
Carolina,2020-2024,2,85.92480146843513,85.5727045851699,84.9623765138544,86.12337275832905,Estimación adecuada
Catano,1980-1984,1,64.71158204088911,66.12565299852349,64.99111419808577,66.99190620048712,> e0 observado
Catano,1980-1984,2,75.60330232750007,75.37647851826489,74.41348686022906,76.55580729423772,Estimación adecuada
Catano,1985-1989,1,65.74843366392102,66.91542006006114,65.88773182892328,67.7271549491891,> e0 observado
Catano,1985-1989,2,78.65957711284251,77.26826793823587,76.17474933151894,78.79100243813446,Estimación adecuada
Catano,1990-1994,1,63.551421617424765,65.37699279833204,64.35751717919821,66.37197115229276,> e0 observado
Catano,1990-1994,2,77.73013012436986,77.25435271289155,76.04219792155493,78.30816039747717,Estimación adecuada
Catano,1995-1999,1,64.95894376240564,66.47306360290742,65.4497473953624,67.34076304305552,> e0 observado
Catano,1995-1999,2,77.8017354936669,77.60670109835496,76.56023159180847,78.6080353762845,Estimación adecuada
Catano,2000-2004,1,69.54736006919788,70.4672714865201,69.30541890025201,71.51253606477351,Estimación adecuada
Catano,2000-2004,2,80.2420833723342,79.24819244119445,77.98293318594698,80.17994998590925,< e0 observado
Catano,2005-2009,1,70.0088463290445,70.97926772076976,69.43592197441046,71.86077564067581,Estimación adecuada
Catano,2005-2009,2,82.4846061988492,81.59555927629648,80.3499635194274,83.2342001159183,Estimación adecuada
Catano,2010-2014,1,73.04054164065786,73.44022845457951,72.22349241444451,74.56890766664665,Estimación adecuada
Catano,2010-2014,2,85.05347927327067,83.17100160280111,81.65958677669647,84.76175601825703,< e0 observado
Catano,2015-2019,1,73.65254048968006,74.43870773471575,73.30807211741885,75.68332207011038,Estimación adecuada
Catano,2015-2019,2,86.94579083490224,85.41136425188824,83.92735526811438,86.89919643684328,< e0 observado
Catano,2020-2024,1,73.01737041087927,74.02645849139691,73.0533416637553,75.21448262734847,> e0 observado
Catano,2020-2024,2,86.0684794743231,84.93186779062226,83.27250918376345,86.45077758989623,Estimación adecuada
Cayey,1980-1984,1,71.32064492875627,71.15747662129003,70.22470357582527,72.19150444741476,Estimación adecuada
Cayey,1980-1984,2,76.88437352747384,77.08631094106859,76.09368087384962,77.87494397875281,Estimación adecuada
Cayey,1985-1989,1,69.35200072016079,69.97184791724473,69.15232501802146,70.74980300523147,Estimación adecuada
Cayey,1985-1989,2,78.24162311103663,78.1477594421601,77.04925950091263,79.26907316101963,Estimación adecuada
Cayey,1990-1994,1,69.27521430891126,69.8984487748061,69.01508912360698,70.69026861566178,Estimación adecuada
Cayey,1990-1994,2,78.16553833033852,78.22242832354377,77.42313962519114,79.38236327799058,Estimación adecuada
Cayey,1995-1999,1,70.01299547508536,70.64452091917408,69.9566936487146,71.4483635695288,Estimación adecuada
Cayey,1995-1999,2,78.87259018768239,78.79966652974238,77.87143445802258,79.82212179132131,Estimación adecuada
Cayey,2000-2004,1,73.68749999421473,73.60671913189422,72.88707119731625,74.4208710369756,Estimación adecuada
Cayey,2000-2004,2,81.22226473989993,80.53895668201625,79.55978821219801,81.5668088325487,Estimación adecuada
Cayey,2005-2009,1,73.99614368964569,74.51360200290446,73.63510527693794,75.55705672352076,Estimación adecuada
Cayey,2005-2009,2,82.1533699228688,81.83077563166216,80.8997129249064,82.65604670382697,Estimación adecuada
Cayey,2010-2014,1,75.00610378038506,75.64681442024755,74.91194938643434,76.51872936585826,Estimación adecuada
Cayey,2010-2014,2,83.73637939950336,83.40374834936009,82.33424655211803,84.35629736090812,Estimación adecuada
Cayey,2015-2019,1,78.54670044615935,78.44504048449816,77.46391610535099,79.34760848169105,Estimación adecuada
Cayey,2015-2019,2,85.74693279734878,85.00900253485679,84.0677039904228,86.07357110386103,Estimación adecuada
Cayey,2020-2024,1,79.40962956727441,79.23438069050297,78.20143139583288,80.4814192770065,Estimación adecuada
Cayey,2020-2024,2,87.6006348574498,86.79295661440976,85.44822155028987,88.50313325488293,Estimación adecuada
Ceiba,1980-1984,1,72.14585176157938,71.53364797039876,70.32395290822708,72.61361507265451,Estimación adecuada
Ceiba,1980-1984,2,78.61104372786001,77.7827915664478,76.06830776539084,79.51121617561687,Estimación adecuada
Ceiba,1985-1989,1,70.6198183166503,70.60888779711595,69.63928234503388,71.85512869794644,Estimación adecuada
Ceiba,1985-1989,2,79.13415807152825,78.45415108428361,77.23973094227658,79.98988155112276,Estimación adecuada
Ceiba,1990-1994,1,71.00935671117365,70.79321695887023,69.5837129796413,72.02852106236588,Estimación adecuada
Ceiba,1990-1994,2,79.17042900270538,78.70296011799658,77.16075438448051,80.0848704391264,Estimación adecuada
Ceiba,1995-1999,1,72.51721647517238,71.52964930890167,70.48984505753427,72.96862876983629,Estimación adecuada
Ceiba,1995-1999,2,78.14728081414309,78.51512574846492,76.90850687420333,79.88711456266998,Estimación adecuada
Ceiba,2000-2004,1,74.86667065353893,73.68361550962007,72.62482836662306,74.92424254117991,Estimación adecuada
Ceiba,2000-2004,2,80.68427804057518,80.74003815893192,79.60005696921274,82.33175534865067,Estimación adecuada
Ceiba,2005-2009,1,76.12252834869311,74.81961368343924,73.54258648220087,76.23030622691078,Estimación adecuada
Ceiba,2005-2009,2,82.7966883833198,82.15575658184201,80.68097907403214,83.7094395132304,Estimación adecuada
Ceiba,2010-2014,1,75.46412666889606,76.22933769259149,75.05642084529352,77.5369548853508,Estimación adecuada
Ceiba,2010-2014,2,81.41353267344712,82.38795651561122,80.7866045468098,84.01833023477664,Estimación adecuada
Ceiba,2015-2019,1,78.54557923356414,78.05193884428623,76.19903163239266,79.4921475713409,Estimación adecuada
Ceiba,2015-2019,2,86.20789836529356,85.86321180865714,83.8010406086776,88.32137942638288,Estimación adecuada
Ceiba,2020-2024,1,72.26101326760208,76.14230612708536,74.94530604809916,77.35069472842332,> e0 observado
Ceiba,2020-2024,2,81.87366447467527,83.92762580363981,82.48201128527805,85.68457078802669,> e0 observado
Ciales,1980-1984,1,73.3601690081269,72.62710580044126,71.76969481095361,73.82289042143549,Estimación adecuada
Ciales,1980-1984,2,79.08450788252533,78.91419472142667,77.50378070326076,80.66701455819009,Estimación adecuada
Ciales,1985-1989,1,73.80385799895002,73.00816566663164,71.62316159065938,74.27152307878345,Estimación adecuada
Ciales,1985-1989,2,79.25761748100682,79.08852518088861,77.49286338833923,80.98344383896054,Estimación adecuada
Ciales,1990-1994,1,72.25274862856378,72.03838889192414,70.91494289086252,73.23079668844679,Estimación adecuada
Ciales,1990-1994,2,79.82543814746265,79.41329070453023,78.20601883013819,80.97850813713634,Estimación adecuada
Ciales,1995-1999,1,71.42663286324974,71.72539460573586,70.54847907704587,73.01566356192335,Estimación adecuada
Ciales,1995-1999,2,79.238381112831,79.74799346245672,78.15592989065956,81.1552752775319,Estimación adecuada
Ciales,2000-2004,1,72.8877247015535,73.84755124191126,72.62291337830884,74.64465765561783,Estimación adecuada
Ciales,2000-2004,2,80.83769687356553,81.22682705807165,80.06699719378145,82.79056318003248,Estimación adecuada
Ciales,2005-2009,1,74.52536084511352,75.00101269060909,74.05877582204654,76.0692310813449,Estimación adecuada
Ciales,2005-2009,2,82.13836581268944,82.3420422758041,81.10877533692764,83.83604892476178,Estimación adecuada
Ciales,2010-2014,1,75.83944224399347,76.41044903608967,75.39405361142454,77.85555120153084,Estimación adecuada
Ciales,2010-2014,2,83.18525319463721,83.49936979095807,82.09699502245695,84.90572278842282,Estimación adecuada
Ciales,2015-2019,1,80.35963140996523,79.08564074162703,77.92127786302203,80.61563320117187,Estimación adecuada
Ciales,2015-2019,2,85.16754149388572,85.66348730722171,83.75582933285207,87.89162329617756,Estimación adecuada
Ciales,2020-2024,1,78.0952139934909,78.16480004311819,77.0497607083912,79.34068661049747,Estimación adecuada
Ciales,2020-2024,2,83.7838176468441,84.3727963891441,83.1189537236734,85.5684603623206,Estimación adecuada
Cidra,1980-1984,1,72.92625993210298,73.32820516041919,72.01029232180335,74.36082356928239,Estimación adecuada
Cidra,1980-1984,2,80.25294604658151,79.91129396400544,78.70076689826288,81.12212691189785,Estimación adecuada
Cidra,1985-1989,1,72.65671880748917,72.73961626225733,71.74058179498434,73.77287177925464,Estimación adecuada
Cidra,1985-1989,2,79.2640060129605,79.33478614300503,78.26617006381605,80.78662466704947,Estimación adecuada
Cidra,1990-1994,1,74.59270123853278,73.95041407239012,72.878847147876,75.28280440655871,Estimación adecuada
Cidra,1990-1994,2,79.58259869878654,79.4291144278109,78.31322264919916,80.29505893089834,Estimación adecuada
Cidra,1995-1999,1,74.21713653214772,73.8462030985286,72.91930749199912,74.66335235101475,Estimación adecuada
Cidra,1995-1999,2,80.46720179098129,80.69593228635662,79.83839011907703,81.97254736189097,Estimación adecuada
Cidra,2000-2004,1,76.1648075054388,75.77025162673499,74.80235580765758,76.88031300639238,Estimación adecuada
Cidra,2000-2004,2,83.06880741955162,82.59165575424909,81.44200852402591,84.13147039517354,Estimación adecuada
Cidra,2005-2009,1,76.2488157847596,76.21621660395849,75.24076062583933,76.94983377478272,Estimación adecuada
Cidra,2005-2009,2,83.29450873472624,83.05932986630886,82.04734228333353,84.4304464338911,Estimación adecuada
Cidra,2010-2014,1,77.33131059096634,77.68176199077786,76.84963829643725,78.56021588226028,Estimación adecuada
Cidra,2010-2014,2,83.46470181390174,83.39444729671064,82.09740410071169,84.45388890998154,Estimación adecuada
Cidra,2015-2019,1,78.97458456608396,79.21574793425624,78.22704886321,80.30241607930515,Estimación adecuada
Cidra,2015-2019,2,84.69043178604441,85.1317944043592,83.92230047060104,86.27978867122394,Estimación adecuada
Cidra,2020-2024,1,79.7427353948676,79.5912320464408,78.62787455694135,80.71610160292586,Estimación adecuada
Cidra,2020-2024,2,85.33702768748,85.05579584573913,84.30141671189463,86.36860428717605,Estimación adecuada
Coamo,1980-1984,1,71.83261143264684,71.94498035407901,70.72802693660174,73.19678061297805,Estimación adecuada
Coamo,1980-1984,2,77.96592585526496,78.29525138216076,76.97135987568174,79.4414651395373,Estimación adecuada
Coamo,1985-1989,1,71.23431252697634,71.4054594874442,70.53258921998066,72.25468502304905,Estimación adecuada
Coamo,1985-1989,2,77.61875344002883,78.06167927423601,77.0082279107109,79.24007946917484,Estimación adecuada
Coamo,1990-1994,1,71.15206342123702,71.3150488212247,70.25930847494907,72.23630513515931,Estimación adecuada
Coamo,1990-1994,2,79.52007940092251,79.14738144109948,78.26813598414489,80.49994592135269,Estimación adecuada
Coamo,1995-1999,1,71.1960753395491,71.40340858804896,70.43547171719985,72.35863101743315,Estimación adecuada
Coamo,1995-1999,2,78.423903843953,78.59356316479372,77.67896834121305,79.38402874834955,Estimación adecuada
Coamo,2000-2004,1,73.24248106281058,73.41761233570037,72.64273087599037,74.2814089846126,Estimación adecuada
Coamo,2000-2004,2,81.2524184753369,80.952504062417,80.06251045497164,82.0803629250058,Estimación adecuada
Coamo,2005-2009,1,76.67061680312946,75.76175745465095,74.96675246515278,76.49444417638522,< e0 observado
Coamo,2005-2009,2,82.50443120167047,82.15833467381883,81.2575491174993,83.33940538025038,Estimación adecuada
Coamo,2010-2014,1,76.08519397019607,75.95014840830012,74.8516200415105,76.60816606070046,Estimación adecuada
Coamo,2010-2014,2,82.76456200780567,82.43036228346838,81.5625592110083,83.42534326645688,Estimación adecuada
Coamo,2015-2019,1,76.3555860235564,76.79910488281604,76.04792821526053,77.55404216089232,Estimación adecuada
Coamo,2015-2019,2,84.32302802936533,84.70938576056855,83.33026791938747,86.10870134698663,Estimación adecuada
Coamo,2020-2024,1,78.73457128285159,78.07382960635525,77.081617368221,78.92772674318506,Estimación adecuada
Coamo,2020-2024,2,85.32320664794793,85.21129355595525,83.95423063779535,86.35702141962562,Estimación adecuada
Comerio,1980-1984,1,72.39160599187598,72.16534871966314,71.11938830849843,73.4371257277522,Estimación adecuada
Comerio,1980-1984,2,80.50714392154065,79.34707058408604,77.78997495755398,80.73480061007484,Estimación adecuada
Comerio,1985-1989,1,72.46599051488649,72.00323955665831,70.8324991556402,73.48938247810129,Estimación adecuada
Comerio,1985-1989,2,79.35372018267553,78.99841201003744,77.55249480820348,80.54137701321096,Estimación adecuada
Comerio,1990-1994,1,72.63261964951914,72.05075157237499,71.00642559452702,73.27048804569978,Estimación adecuada
Comerio,1990-1994,2,78.0865724889923,78.5308783461673,77.20713378710772,79.6505721008745,Estimación adecuada
Comerio,1995-1999,1,71.13227286201818,71.31310109425863,69.89209594497783,72.35297930460514,Estimación adecuada
Comerio,1995-1999,2,78.32248610899435,78.61333541204085,77.45053644576248,80.20797715365333,Estimación adecuada
Comerio,2000-2004,1,73.74046365047266,73.89644997761067,72.76342701465205,75.03594907889003,Estimación adecuada
Comerio,2000-2004,2,80.19913305806267,80.53926323635869,79.2319479917397,81.65269673815712,Estimación adecuada
Comerio,2005-2009,1,75.30350166697882,74.98523246291991,73.62133168979591,76.36299687609203,Estimación adecuada
Comerio,2005-2009,2,81.75843965388886,81.76398358568981,80.32565838865135,83.2831001353388,Estimación adecuada
Comerio,2010-2014,1,77.88992392393747,76.96240267645791,75.85615595115101,78.4633375666983,Estimación adecuada
Comerio,2010-2014,2,83.20589003283447,82.96554916558986,81.34641104827612,84.66664395224959,Estimación adecuada
Comerio,2015-2019,1,76.11616223403381,76.80803444707817,75.72134761074815,78.12856832945262,Estimación adecuada
Comerio,2015-2019,2,84.47935763504815,84.40901154526917,82.9428656176296,86.0899086121745,Estimación adecuada
Comerio,2020-2024,1,75.23982921549162,76.10025765972645,75.15906656713298,77.44738153083755,Estimación adecuada
Comerio,2020-2024,2,83.75928924043123,83.74649107043604,82.7685428634733,84.82183585928959,Estimación adecuada
Corozal,1980-1984,1,72.8434269620364,72.66443640210846,71.61395114608503,73.91747465685637,Estimación adecuada
Corozal,1980-1984,2,78.49552695365927,78.41418762649312,77.3456196939783,79.8146296628968,Estimación adecuada
Corozal,1985-1989,1,74.16679537755694,73.17499952507374,71.83319354571812,74.23880519058005,Estimación adecuada
Corozal,1985-1989,2,78.31409571064404,78.23412470880116,77.15930944685886,79.30371081044933,Estimación adecuada
Corozal,1990-1994,1,71.27571092432538,71.58849223720125,70.56080774644721,72.45977543482877,Estimación adecuada
Corozal,1990-1994,2,78.71157989908842,78.86457082695138,77.6418918994514,79.89205454950029,Estimación adecuada
Corozal,1995-1999,1,71.90053240132126,72.22486797288994,71.23635540608008,73.3083054667236,Estimación adecuada
Corozal,1995-1999,2,81.05061971042039,80.35092117000707,79.2666124820078,81.58085749752217,Estimación adecuada
Corozal,2000-2004,1,75.40121472632262,75.00907146662826,74.00242912881944,75.95958184356536,Estimación adecuada
Corozal,2000-2004,2,82.32727029969571,82.17520881009838,81.18903539641983,83.51391185246739,Estimación adecuada
Corozal,2005-2009,1,75.29676896497347,75.46304002765665,74.51998069830546,76.42266964701462,Estimación adecuada
Corozal,2005-2009,2,81.7668888989548,81.62465639803602,80.59955985300779,82.683792518553,Estimación adecuada
Corozal,2010-2014,1,76.61800376671373,76.73411568876614,75.71007251511605,77.60113308452577,Estimación adecuada
Corozal,2010-2014,2,83.99620064198638,83.71076621189644,82.61608354729509,85.3150441959639,Estimación adecuada
Corozal,2015-2019,1,78.84838673591865,78.36512911659162,77.25929882405609,79.53515821788935,Estimación adecuada
Corozal,2015-2019,2,84.36621340480359,84.6698279745152,83.32872215710634,85.9314722391721,Estimación adecuada
Corozal,2020-2024,1,76.44862204173214,77.28510681832839,76.44371713354958,78.07521575261381,Estimación adecuada
Corozal,2020-2024,2,85.0591201159125,85.44619726828012,84.01816135807759,86.76551974380897,Estimación adecuada
Culebra,1980-1984,1,94.69722323815856,73.37897183396751,71.76157343899823,75.59284438372308,< e0 observado
Culebra,1980-1984,2,77.11141651027592,80.39991847024712,77.24395661581447,85.36711960140768,> e0 observado
Culebra,1985-1989,1,76.63588305134152,72.79191357697383,71.21917103832044,74.40983604118522,< e0 observado
Culebra,1985-1989,2,84.99417166658453,80.38376173968771,78.3673152271966,82.7095880765336,< e0 observado
Culebra,1990-1994,1,75.23127689590049,72.35710999038281,70.74671245114536,73.99173576881108,< e0 observado
Culebra,1990-1994,2,82.2361338517014,80.3067171979861,78.68844685029381,83.60081907668129,Estimación adecuada
Culebra,1995-1999,1,72.53390965878926,72.5685456642426,71.05156032598575,74.74462296792757,Estimación adecuada
Culebra,1995-1999,2,82.74787501668122,81.1217163775662,77.47569856730615,87.00062016411772,Estimación adecuada
Culebra,2000-2004,1,83.74648606676807,75.55945381278173,73.4006992881719,77.43382473592874,< e0 observado
Culebra,2000-2004,2,81.63132549875367,83.15241930612011,80.3857104758099,85.45763660123802,Estimación adecuada
Culebra,2005-2009,1,79.35518350612848,76.18422768901112,74.32218252374483,78.03310152994877,< e0 observado
Culebra,2005-2009,2,87.82645600917449,83.96357252033746,82.04699306851296,86.83125189812452,< e0 observado
Culebra,2010-2014,1,73.27486001063872,76.9427389263355,75.17566229485547,79.49305276798,> e0 observado
Culebra,2010-2014,2,84.63331186955911,84.84337922774745,82.33325510282015,88.47848007311636,Estimación adecuada
Culebra,2015-2019,1,73.7782353124013,77.94989673911482,75.7665345596608,80.92983905641577,> e0 observado
Culebra,2015-2019,2,82.80860574041759,86.10227428721436,83.59235295167683,89.01844541245359,> e0 observado
Culebra,2020-2024,1,71.17558414919206,77.44010967991102,75.41700766114148,79.88234511319928,> e0 observado
Culebra,2020-2024,2,81.75048505604273,85.2796295443486,83.14048500295627,87.96631322553992,> e0 observado
Dorado,1980-1984,1,73.06768394242143,72.74418216756808,71.60004338239419,74.08092501236813,Estimación adecuada
Dorado,1980-1984,2,79.57134292897321,79.21558338361342,78.05494005990045,80.52190134801441,Estimación adecuada
Dorado,1985-1989,1,70.98138714935332,71.09235439315395,70.01246671653553,72.07807170151804,Estimación adecuada
Dorado,1985-1989,2,79.66708794032925,79.19320055945829,77.96992257069292,80.45352077389823,Estimación adecuada
Dorado,1990-1994,1,70.60163270459446,71.21812769879305,70.07885179857584,72.32791196753968,Estimación adecuada
Dorado,1990-1994,2,79.66123740902555,79.42341772971025,78.27446183822858,80.35495535616556,Estimación adecuada
Dorado,1995-1999,1,71.14661901491276,71.44428369524724,70.64935820412856,72.60631758451746,Estimación adecuada
Dorado,1995-1999,2,79.34231212268777,79.45071611538297,78.34183607187147,80.6346096673019,Estimación adecuada
Dorado,2000-2004,1,72.80125816712727,73.12214211438445,72.33278203616698,74.23665396156522,Estimación adecuada
Dorado,2000-2004,2,80.51547250678337,80.19779565130037,79.45491749887995,81.47464379398468,Estimación adecuada
Dorado,2005-2009,1,74.74216888739862,75.06393462875553,74.24059121841965,76.13017698491082,Estimación adecuada
Dorado,2005-2009,2,81.55921742419945,81.52491798020088,80.57412156710973,82.63799889869637,Estimación adecuada
Dorado,2010-2014,1,77.3972526095473,77.4285658312887,76.28116326177067,78.25574377937355,Estimación adecuada
Dorado,2010-2014,2,83.78650120499329,83.51855001465188,82.30753546677926,84.96587037517922,Estimación adecuada
Dorado,2015-2019,1,79.05317477178703,78.62273207957222,77.55969489735847,79.7405674015834,Estimación adecuada
Dorado,2015-2019,2,85.0361331038058,85.12503368690231,83.81794739896836,86.7205626344207,Estimación adecuada
Dorado,2020-2024,1,77.54648054972814,77.73082431768232,76.84015133403062,78.75022481697579,Estimación adecuada
Dorado,2020-2024,2,87.81728727976584,86.68104643586776,85.1029878542551,88.03263788966511,Estimación adecuada
Fajardo,1980-1984,1,70.97992961345321,70.52559312827736,69.49438870431973,71.5332373104593,Estimación adecuada
Fajardo,1980-1984,2,77.4034006461853,76.94025916416857,75.76397188633112,77.61912850667896,Estimación adecuada
Fajardo,1985-1989,1,71.1887876704971,70.83136993010416,69.93070353715895,71.63553210111677,Estimación adecuada
Fajardo,1985-1989,2,77.37337374894558,77.28339773110213,76.34811953347486,78.26195091550224,Estimación adecuada
Fajardo,1990-1994,1,68.18099629812696,68.63510916623122,67.81162643611407,69.59793090930305,Estimación adecuada
Fajardo,1990-1994,2,78.11474876521702,77.73025413319439,76.96921605078805,78.75326920900329,Estimación adecuada
Fajardo,1995-1999,1,69.86154006659808,70.05384218607011,69.3142431499123,70.8980742656236,Estimación adecuada
Fajardo,1995-1999,2,78.82934233659792,78.4120852790821,77.64233918043995,79.56493267967736,Estimación adecuada
Fajardo,2000-2004,1,71.85134936418909,71.91979542841472,71.1059606991422,72.8962714827,Estimación adecuada
Fajardo,2000-2004,2,80.31491904964011,79.67392888760298,78.733720373015,80.63946246921728,Estimación adecuada
Fajardo,2005-2009,1,72.01498955956528,72.56861946258857,71.6045508025826,73.62826080602629,Estimación adecuada
Fajardo,2005-2009,2,80.42579698255476,80.35783375260516,79.4327815340979,81.278528421832,Estimación adecuada
Fajardo,2010-2014,1,73.1648079564502,74.1421882854545,73.21478870576802,75.2722688583606,> e0 observado
Fajardo,2010-2014,2,81.74247222384632,81.34053975229149,80.20668673202698,82.40168905901436,Estimación adecuada
Fajardo,2015-2019,1,76.15087862256587,76.77471322403211,76.05652377875674,77.67206758000407,Estimación adecuada
Fajardo,2015-2019,2,83.7123556023456,83.76686595051214,82.4487654012327,84.794323590649185,Estimación adecuada
Fajardo,2020-2024,1,74.31868957649468,74.8513064869866,73.79853309124061,76.00535829292409,Estimación adecuada
Fajardo,2020-2024,2,83.33111283123691,83.40852030986301,82.26882448761648,84.32287672447629,Estimación adecuada
Florida,1980-1984,1,71.06938753374574,71.40674381050053,70.08310305121147,73.064842494575,Estimación adecuada
Florida,1980-1984,2,79.21775098528943,78.4104764973757,76.83747360139395,80.52827206189411,Estimación adecuada
Florida,1985-1989,1,70.64603223425698,70.69745395558296,69.64010117363846,72.54662077619136,Estimación adecuada
Florida,1985-1989,2,74.85144353276169,77.20696271927562,75.61483068638086,78.44150265189936,> e0 observado
Florida,1990-1994,1,70.01533527514864,70.44210448025014,69.11906085733321,71.69579654405445,Estimación adecuada
Florida,1990-1994,2,75.40391537650423,76.97075362226326,75.38582309881329,78.35192639000749,Estimación adecuada
Florida,1995-1999,1,71.65894113726901,71.34806053981414,70.08897707613127,72.82986481449643,Estimación adecuada
Florida,1995-1999,2,77.29790147374477,78.10071617189546,76.74499309925571,79.42862868709197,Estimación adecuada
Florida,2000-2004,1,75.01444427678842,74.06538517565588,72.8938298303139,75.39718169613208,Estimación adecuada
Florida,2000-2004,2,81.08965307946796,80.59902080095509,78.838405348262,81.70811468625557,Estimación adecuada
Florida,2005-2009,1,76.54783220170152,74.84325899081472,73.48217117576635,76.25353497356427,< e0 observado
Florida,2005-2009,2,80.52310433234075,81.03090472437958,79.35656511530738,82.43968353639332,Estimación adecuada
Florida,2010-2014,1,79.58931937931183,77.33206935518004,75.83890472117938,79.02849995121431,< e0 observado
Florida,2010-2014,2,84.35262381150902,83.12431648320089,81.49648590102838,84.53619082130268,Estimación adecuada
Florida,2015-2019,1,77.39963673465637,77.20320467563027,76.15736776742892,78.65312361481442,Estimación adecuada
Florida,2015-2019,2,83.04749257512822,83.87688651318872,82.40613211024086,85.72134342775468,Estimación adecuada
Florida,2020-2024,1,76.48138637441758,77.22178969210978,75.97179293825475,78.50733019809104,Estimación adecuada
Florida,2020-2024,2,86.57028869211995,86.20518141277003,84.03203871422608,88.32793435265346,Estimación adecuada
Guanica,1980-1984,1,70.29160656173029,69.94416703568885,68.8123100063533,71.03854166568892,Estimación adecuada
Guanica,1980-1984,2,77.02589204137094,76.52584983241027,75.38233852667466,77.63461347208217,Estimación adecuada
Guanica,1985-1989,1,69.64590752945972,69.56970970695845,68.34600687787159,70.69664488803691,Estimación adecuada
Guanica,1985-1989,2,76.96194389846337,76.76297061842945,75.66728046635197,77.98128194949811,Estimación adecuada
Guanica,1990-1994,1,69.00330089577055,69.09742068219882,68.06364052313563,70.20421746902008,Estimación adecuada
Guanica,1990-1994,2,77.43314529873244,77.13415660069802,76.08349667667747,78.69577943228454,Estimación adecuada
Guanica,1995-1999,1,68.75925697690468,69.39647034837103,68.41378479028229,70.72477683460444,Estimación adecuada
Guanica,1995-1999,2,76.88365176255945,76.99951298384443,75.72425471530859,78.18878518621369,Estimación adecuada
Guanica,2000-2004,1,72.36855900985053,72.05522204992258,70.98504689812495,73.24835319270835,Estimación adecuada
Guanica,2000-2004,2,78.3128127578213,78.50136457786292,77.5738119003928,80.05156998684785,Estimación adecuada
Guanica,2005-2009,1,71.69965700518571,72.40658118206048,71.10818516922959,73.514395095315,Estimación adecuada
Guanica,2005-2009,2,80.3960001801447,79.76479443440113,78.79651323562732,80.93412348165562,Estimación adecuada
Guanica,2010-2014,1,75.43056531334524,74.78636701122441,73.65059700254076,75.89128045385141,Estimación adecuada
Guanica,2010-2014,2,80.57778836738088,80.95381963340184,79.80688213443185,82.21814587771084,Estimación adecuada
Guanica,2015-2019,1,74.6061778340804,74.74230233613378,73.49639002537823,75.7329886782382,Estimación adecuada
Guanica,2015-2019,2,81.3148683326643,81.61921774159572,80.25139531632853,82.77639097803869,Estimación adecuada
Guanica,2020-2024,1,73.35967274163447,74.5137499054273,73.26610746326195,75.74340317815658,Estimación adecuada
Guanica,2020-2024,2,82.11869011623037,82.0752134925668,80.78435120709247,83.26294742245926,Estimación adecuada
Guayama,1980-1984,1,70.24592277647761,70.21074477063534,69.30793480105896,71.01774397145603,Estimación adecuada
Guayama,1980-1984,2,76.94736099895414,76.76705640163416,75.43044052680392,77.76759232484535,Estimación adecuada
Guayama,1985-1989,1,69.18407376779939,69.4550421000969,68.23646298473307,70.27834010169734,Estimación adecuada
Guayama,1985-1989,2,77.01984994163914,76.86137715390396,75.70560440437367,77.74431106510741,Estimación adecuada
Guayama,1990-1994,1,69.12774545799293,69.5565468882367,68.83412187077359,70.40632291161312,Estimación adecuada
Guayama,1990-1994,2,78.26536534527779,77.80029513908968,76.80647856454948,78.79500203508351,Estimación adecuada
Guayama,1995-1999,1,69.89298463348949,70.07426510786989,69.26515626006062,70.91586441950423,Estimación adecuada
Guayama,1995-1999,2,79.36097539479375,78.70038958871754,77.78245544756706,79.50407475320672,Estimación adecuada
Guayama,2000-2004,1,71.73959231092829,71.88806055928262,71.17574077273424,72.74080848750341,Estimación adecuada
Guayama,2000-2004,2,80.42361640554877,80.07568800302982,79.0255037084613,81.06998009817431,Estimación adecuada
Guayama,2005-2009,1,74.004627225837,73.79494142009543,72.93921539046679,74.8710962249526,Estimación adecuada
Guayama,2005-2009,2,80.66196990050479,80.51743922272681,79.54771540208817,81.58384012122855,Estimación adecuada
Guayama,2010-2014,1,76.0922078825251,75.53910635822888,74.61522821164567,76.55423271170747,Estimación adecuada
Guayama,2010-2014,2,82.22460967328485,82.01362174594688,80.94937098717548,82.79946868444281,Estimación adecuada
Guayama,2015-2019,1,76.61959145312574,76.60175762378478,75.55486464076651,77.5215179556736,Estimación adecuada
Guayama,2015-2019,2,83.4142713899816,83.42781233603881,82.45310854930946,84.55479691614589,Estimación adecuada
Guayama,2020-2024,1,73.93879414262592,75.1927985497211,74.26256339360992,76.09470689083868,> e0 observado
Guayama,2020-2024,2,82.33975114826434,82.56229081567528,81.76121995902908,83.52210313736664,Estimación adecuada
Guayanilla,1980-1984,1,72.58983279684577,71.63590158295911,70.52473387412036,72.78638534812617,Estimación adecuada
Guayanilla,1980-1984,2,77.53353824728316,77.39917833791071,76.34756375389873,78.48505517627302,Estimación adecuada
Guayanilla,1985-1989,1,70.73661721916349,70.44959317101187,69.46070099554956,71.29753373201109,Estimación adecuada
Guayanilla,1985-1989,2,76.86235560972376,76.78861603971312,75.92910680909253,77.733186144661,Estimación adecuada
Guayanilla,1990-1994,1,72.37752924339648,71.46413387076467,70.25025016389992,72.46050892507702,Estimación adecuada
Guayanilla,1990-1994,2,78.55250974931681,77.9516408293313,76.83365742672174,78.89586156668824,Estimación adecuada
Guayanilla,1995-1999,1,72.22131902455737,71.38438494085003,70.04434469262296,72.26561508521053,Estimación adecuada
Guayanilla,1995-1999,2,79.14608996325278,78.83194249052073,77.35584383787256,79.83438635189859,Estimación adecuada
Guayanilla,2000-2004,1,74.05744082522244,73.46407744303141,72.3643821877387,74.41194171200348,Estimación adecuada
Guayanilla,2000-2004,2,80.06971551607721,79.71142704957953,78.77887708193653,80.8788693595248,Estimación adecuada
Guayanilla,2005-2009,1,73.36781184296053,73.74330505665998,72.60735958905914,74.81979156310284,Estimación adecuada
Guayanilla,2005-2009,2,79.74433091795808,79.68847115051818,78.55941390391467,80.86571384053745,Estimación adecuada
Guayanilla,2010-2014,1,77.2541883457964,76.13379161674516,74.81581901852434,77.36531141869315,Estimación adecuada
Guayanilla,2010-2014,2,79.95617529124827,80.97965551034336,79.8844652749848,82.08412075555368,Estimación adecuada
Guayanilla,2015-2019,1,74.50306944491258,76.03688052259395,74.97009051713977,77.31795168746487,> e0 observado
Guayanilla,2015-2019,2,85.47648018860491,84.31758257768155,82.91355021584954,85.79523296749983,Estimación adecuada
Guayanilla,2020-2024,1,73.73722385919334,75.24734124733594,74.24247232417768,76.25211071467383,> e0 observado
Guayanilla,2020-2024,2,84.46851671921503,84.52245600866681,82.87785612000027,86.34355531532496,Estimación adecuada
Guaynabo,1980-1984,1,73.33304020193007,73.26555961332089,72.519246880807,73.96082119725841,Estimación adecuada
Guaynabo,1980-1984,2,79.57395565229348,79.32643362501341,78.54969540275599,80.07645050496917,Estimación adecuada
Guaynabo,1985-1989,1,73.30720790413426,73.29977928905328,72.57025918777217,74.0506421064953,Estimación adecuada
Guaynabo,1985-1989,2,80.7449894765543,80.48658998451256,79.87632563275147,81.43676727263572,Estimación adecuada
Guaynabo,1990-1994,1,71.64759712414893,71.99982922815667,71.21129710194424,72.73064680125103,Estimación adecuada
Guaynabo,1990-1994,2,80.46155681333546,80.38643203595231,79.76144703766983,81.14071915607772,Estimación adecuada
Guaynabo,1995-1999,1,71.70557982807048,72.14622851583644,71.48178320472731,72.86386469186968,Estimación adecuada
Guaynabo,1995-1999,2,81.61582636139954,81.40358857340662,80.44834491828252,82.27705168506236,Estimación adecuada
Guaynabo,2000-2004,1,74.5460879922691,74.91991715157734,73.96373445846913,75.53244046854522,Estimación adecuada
Guaynabo,2000-2004,2,82.43363591097874,82.41531619436338,81.56404040431724,83.28979464227119,Estimación adecuada
Guaynabo,2005-2009,1,75.40004142189414,75.8280375926337,75.10436773965534,76.46764396729964,Estimación adecuada
Guaynabo,2005-2009,2,83.59622113263238,83.5584860947242,82.74857143375462,84.2466214201082,Estimación adecuada
Guaynabo,2010-2014,1,77.3578270076508,77.55933346499631,76.90635698746128,78.36878038985736,Estimación adecuada
Guaynabo,2010-2014,2,84.62289097742051,84.45095993841628,83.73794621223226,85.12379384802549,Estimación adecuada
Guaynabo,2015-2019,1,79.63090232574721,79.43211547050981,78.67029228106651,80.30730727774184,Estimación adecuada
Guaynabo,2015-2019,2,86.62280196774702,86.37276778730345,85.37810899199783,87.33543769939985,Estimación adecuada
Guaynabo,2020-2024,1,77.36899877443203,77.77248049865807,77.194555205157,78.33920007876144,Estimación adecuada
Guaynabo,2020-2024,2,86.85241919025239,86.77636792510691,85.9355002012748,87.69930486840059,Estimación adecuada
Gurabo,1980-1984,1,72.10043466021936,72.04869221036388,70.85385841402666,72.92832222167559,Estimación adecuada
Gurabo,1980-1984,2,77.21298943234297,77.83259259657109,76.64555334109312,78.76477712197305,Estimación adecuada
Gurabo,1985-1989,1,72.09864341259255,71.99111806278293,71.01982250560008,73.11346434791957,Estimación adecuada
Gurabo,1985-1989,2,77.83980186096333,78.11869664467079,76.98529810718556,79.08629206765082,Estimación adecuada
Gurabo,1990-1994,1,70.06358422124045,70.83284024572148,69.9641446636229,71.88085694691927,Estimación adecuada
Gurabo,1990-1994,2,78.93586566639773,78.97992586003492,77.76588391789305,80.13545785854717,Estimación adecuada
Gurabo,1995-1999,1,72.62979875914179,72.47286810630172,71.45531593233125,73.24843324891998,Estimación adecuada
Gurabo,1995-1999,2,78.37596544908041,78.79049576350667,77.54699259094826,79.84851409830236,Estimación adecuada
Gurabo,2000-2004,1,73.72455425616529,73.98758497203332,72.99831246838542,74.99976165830395,Estimación adecuada
Gurabo,2000-2004,2,82.16347596555325,81.58274028249369,80.48522599891203,82.61047638240993,Estimación adecuada
Gurabo,2005-2009,1,75.38673648949066,75.59811638635759,74.75586860515263,76.4489009374133,Estimación adecuada
Gurabo,2005-2009,2,82.71710063140857,82.41457721493079,81.22893244020267,83.14845010569141,Estimación adecuada
Gurabo,2010-2014,1,75.74184183502217,76.2337828404869,75.34848309234937,77.36294307836681,Estimación adecuada
Gurabo,2010-2014,2,83.66012445857517,83.25596655553045,82.27238001968206,84.65096139969084,Estimación adecuada
Gurabo,2015-2019,1,77.82655629619259,77.94906786632379,76.80141690747537,78.98121017289381,Estimación adecuada
Gurabo,2015-2019,2,86.3751275135532,85.91329927891692,84.62342755330236,87.11627398734345,Estimación adecuada
Gurabo,2020-2024,1,78.1508349062683,77.9228057179174,76.75154051517984,78.63101335687423,Estimación adecuada
Gurabo,2020-2024,2,85.11563140762924,84.74479868558942,83.71639324400172,85.78580437773547,Estimación adecuada
Hatillo,1980-1984,1,71.99152036613721,72.39977760562306,71.29688581293887,73.53560587443974,Estimación adecuada
Hatillo,1980-1984,2,78.9802986931572,78.86454601747303,77.74900506122361,80.46845694730852,Estimación adecuada
Hatillo,1985-1989,1,72.73472078364017,72.5363134285993,71.62239536797205,73.5563408018489,Estimación adecuada
Hatillo,1985-1989,2,79.39464399636921,79.15514187884874,78.178385682756,80.59643450624972,Estimación adecuada
Hatillo,1990-1994,1,72.2998423174012,72.14090866171821,71.05776456490801,72.87216022923458,Estimación adecuada
Hatillo,1990-1994,2,78.56900864145167,78.32414313288562,77.57664424537919,79.22544638180509,Estimación adecuada
Hatillo,1995-1999,1,72.51848608651568,72.16986323374101,71.42514574302527,73.02515438996335,Estimación adecuada
Hatillo,1995-1999,2,78.33281615395789,78.29755810489479,77.52640896593431,79.2242924107952,Estimación adecuada
Hatillo,2000-2004,1,74.45467151298737,74.10751130884339,73.24498719692313,74.92874118337818,Estimación adecuada
Hatillo,2000-2004,2,80.50637914886045,80.2642466518669,79.49909852413303,81.19441863486117,Estimación adecuada
Hatillo,2005-2009,1,75.71645524793598,75.21766016215739,74.312309501086375,75.99899393626998,Estimación adecuada
Hatillo,2005-2009,2,81.90357972932111,81.7665099494028,80.62682601104514,82.76862000797132,Estimación adecuada
Hatillo,2010-2014,1,77.71502056183984,77.15049747579457,76.28078937038518,78.19037613490016,Estimación adecuada
Hatillo,2010-2014,2,83.87031312176076,83.40367483797772,82.32716531577944,84.51691235153002,Estimación adecuada
Hatillo,2015-2019,1,79.67724729389147,79.1242155152965,78.08378247925555,80.13533884366504,Estimación adecuada
Hatillo,2015-2019,2,84.83403759511111,84.44645846648523,83.38149279444042,85.47299590850956,Estimación adecuada
Hatillo,2020-2024,1,78.47632497278812,78.32688993247899,77.34283581806898,79.45686166826812,Estimación adecuada
Hatillo,2020-2024,2,86.14610937096411,85.01142132150156,84.29300849767516,86.18362511920049,Estimación adecuada
Hormigueros,1980-1984,1,74.05856561737721,73.71251274840854,72.26272667227167,75.56667679893101,Estimación adecuada
Hormigueros,1980-1984,2,79.84974137268954,80.1517507092145,78.73898689871942,82.71157079290722,Estimación adecuada
Hormigueros,1985-1989,1,73.08737524946572,72.97046393196992,71.68119026895471,74.30549079344746,Estimación adecuada
Hormigueros,1985-1989,2,77.720059693455,79.09712593640697,77.66587343404734,80.74828314890738,Estimación adecuada
Hormigueros,1990-1994,1,74.61350802067456,73.4373467236235,72.38914792470712,74.43305398641385,< e0 observado
Hormigueros,1990-1994,2,81.39461486989457,80.55916494702922,78.94595632961077,82.32502232090484,Estimación adecuada
Hormigueros,1995-1999,1,74.87703445651637,73.71133420627295,72.65930875054042,74.70583895006894,< e0 observado
Hormigueros,1995-1999,2,80.45280069334801,80.38659845393421,79.30462520849557,81.7363492224461,Estimación adecuada
Hormigueros,2000-2004,1,75.50618073944777,75.22959383725168,74.17113825488616,76.31817674757666,Estimación adecuada
Hormigueros,2000-2004,2,82.3521641939344,82.02440016600579,80.94250263100727,83.57400530993559,Estimación adecuada
Hormigueros,2005-2009,1,76.10054922666298,76.17630199810469,75.16833970571062,77.10795566381492,Estimación adecuada
Hormigueros,2005-2009,2,84.62944320284578,83.6866078875629,82.27397786458434,85.06135127643743,Estimación adecuada
Hormigueros,2010-2014,1,76.11918178416535,76.91757572639625,75.81897958704238,78.16182514784454,Estimación adecuada
Hormigueros,2010-2014,2,82.71051389712174,83.4797123759998,82.20171714344316,84.68841996977531,Estimación adecuada
Hormigueros,2015-2019,1,77.91392313609006,78.48026831588945,77.31706363867639,79.74461559544304,Estimación adecuada
Hormigueros,2015-2019,2,85.81866120513573,86.27184785384375,84.8710392056004,87.96246185704027,Estimación adecuada
Hormigueros,2020-2024,1,78.36911216509105,78.98325878503951,77.67287783759625,80.49568520183337,Estimación adecuada
Hormigueros,2020-2024,2,86.17552522276296,85.9268565756989,84.85239294740765,87.28407858455483,Estimación adecuada
Humacao,1980-1984,1,70.58258576927221,70.88293156812642,69.855493185608,71.43140817317968,Estimación adecuada
Humacao,1980-1984,2,75.89477228552336,76.20377011819592,75.54485719691128,77.23125054924449,Estimación adecuada
Humacao,1985-1989,1,70.67071512913827,70.82079681425272,69.9251867070466,71.57465229387671,Estimación adecuada
Humacao,1985-1989,2,78.26869595391119,77.96327202221609,77.03348952735635,79.04655402582611,Estimación adecuada
Humacao,1990-1994,1,69.59966588678492,69.87981237363243,69.23124833417796,70.6808031488664,Estimación adecuada
Humacao,1990-1994,2,78.98527536141168,78.7706641970516,77.7452105654444,79.51317347323803,Estimación adecuada
Humacao,1995-1999,1,71.67034271113566,71.42610368699626,70.70441245507631,72.28110488596802,Estimación adecuada
Humacao,1995-1999,2,78.50994029948488,78.37105410234655,77.54855257775748,78.99493208314485,Estimación adecuada
Humacao,2000-2004,1,73.45461991775991,73.27284910467864,72.60777074188327,74.26455298231788,Estimación adecuada
Humacao,2000-2004,2,79.72370844675466,79.91517863478012,79.21484006858697,80.80095506203624,Estimación adecuada
Humacao,2005-2009,1,73.61846549183731,74.08828979061033,73.23256268212974,74.84520774972552,Estimación adecuada
Humacao,2005-2009,2,81.80291929231979,81.49992004304646,80.70871932073089,82.34992060735723,Estimación adecuada
Humacao,2010-2014,1,75.80326051258055,75.8818628629275,75.02780778436082,76.69949200170356,Estimación adecuada
Humacao,2010-2014,2,83.58584598942798,83.07334435302843,82.07591324498283,83.94398934183724,Estimación adecuada
Humacao,2015-2019,1,76.7386829389743,77.18119284465979,76.16521401637844,78.20191424842466,Estimación adecuada
Humacao,2015-2019,2,84.86787206578826,84.43979851508468,83.3468565638862,85.49414435351942,Estimación adecuada
Humacao,2020-2024,1,76.7404128820364,77.47813118420784,76.47853399079514,78.30519397749138,Estimación adecuada
Humacao,2020-2024,2,84.233200245355,84.17806532899397,83.38765430814667,84.95862006020293,Estimación adecuada
Isabela,1980-1984,1,73.09738020117423,72.80002161006327,71.7251788649171,73.8067016660946,Estimación adecuada
Isabela,1980-1984,2,77.82732250278018,77.90817338542969,76.8836870614918,78.88419341884412,Estimación adecuada
Isabela,1985-1989,1,71.58083949829111,71.62506321284802,70.57319689533429,72.46920108499987,Estimación adecuada
Isabela,1985-1989,2,78.50099967900502,78.20484913141787,77.4889490484135,79.23738892015332,Estimación adecuada
Isabela,1990-1994,1,72.0475169163787,71.73477806441116,70.53856194630615,72.51253799449309,Estimación adecuada
Isabela,1990-1994,2,78.52411999469241,78.37128265105784,77.38015267687447,79.22278224241234,Estimación adecuada
Isabela,1995-1999,1,71.86251133480623,71.60952270175221,70.89922906724658,72.41645029107029,Estimación adecuada
Isabela,1995-1999,2,79.50480811685766,79.50593892886792,78.47715601702116,80.3990265061868,Estimación adecuada
Isabela,2000-2004,1,73.31643311223908,73.21703967586504,72.48934435032119,73.99920017119481,Estimación adecuada
Isabela,2000-2004,2,79.66880055796743,79.58784166859014,78.87838338965582,80.49703078179786,Estimación adecuada
Isabela,2005-2009,1,75.53006169201437,74.85221762656238,74.23206757857338,75.69897033762413,Estimación adecuada
Isabela,2005-2009,2,80.46868606139569,80.61821152552804,79.63524120884077,81.62236104441237,Estimación adecuada
Isabela,2010-2014,1,76.3459756319445,76.011639166963,75.26077280539326,76.98819387101307,Estimación adecuada
Isabela,2010-2014,2,82.99199255121863,82.57152102065831,81.63231020923575,83.47262716207408,Estimación adecuada
Isabela,2015-2019,1,78.28631956544136,77.89775487840402,76.92931348879142,79.25726751968459,Estimación adecuada
Isabela,2015-2019,2,84.46499781522432,84.15084789712188,83.24257696627728,85.28074200224694,Estimación adecuada
Isabela,2020-2024,1,78.44494383134611,77.53897821088752,76.6658736660747,78.32543499560198,< e0 observado
Isabela,2020-2024,2,84.54430409037892,84.83451459823942,84.02663989845068,85.935266587163,Estimación adecuada
Jayuya,1980-1984,1,71.54820346169252,71.68258514081757,70.52340749464017,72.88478665030132,Estimación adecuada
Jayuya,1980-1984,2,75.83217282493807,77.04439549088117,75.80751611195538,78.96246648230866,Estimación adecuada
Jayuya,1985-1989,1,71.8852739133792,71.31874987295372,70.00149805605322,72.72985301264592,Estimación adecuada
Jayuya,1985-1989,2,75.89535009908417,77.14736245296727,75.9728433778591,78.43443572503044,> e0 observado
Jayuya,1990-1994,1,71.61501384784762,71.09926543516352,70.08438706415978,72.24723004342236,Estimación adecuada
Jayuya,1990-1994,2,76.60405912768891,78.16732408379218,76.93380615668569,79.63653923587898,> e0 observado
Jayuya,1995-1999,1,72.762612067533,72.16681378068259,70.71288488515219,73.30088263846841,Estimación adecuada
Jayuya,1995-1999,2,78.02341987371616,78.49426923949503,77.26294966354051,80.41865153931326,Estimación adecuada
Jayuya,2000-2004,1,74.804694975474,73.74448517928265,72.64176568297714,74.85188530530027,Estimación adecuada
Jayuya,2000-2004,2,82.26030453801704,81.5960506993031,80.3189646367782,83.24589006624126,Estimación adecuada
Jayuya,2005-2009,1,76.29392429833622,75.56594977730973,74.39062352855896,77.04530327561892,Estimación adecuada
Jayuya,2005-2009,2,83.26574991380474,82.34520721662375,80.77588877072493,84.05821197814905,Estimación adecuada
Jayuya,2010-2014,1,77.86670993006521,76.939666943583,75.87086193873976,78.25970279187719,Estimación adecuada
Jayuya,2010-2014,2,83.01935062086235,82.9809333118223,81.51493221721593,84.7333783015147,Estimación adecuada
Jayuya,2015-2019,1,79.09662441043547,78.09052138357347,76.8235825682201,79.78593233301973,Estimación adecuada
Jayuya,2015-2019,2,86.09536520292538,85.76174481189342,84.09275600543593,87.65468265899341,Estimación adecuada
Jayuya,2020-2024,1,80.33778345942194,79.20399282851554,77.87615135134956,80.94113467436797,Estimación adecuada
Jayuya,2020-2024,2,86.05790395955583,85.46783091017042,83.72902384951985,86.99322842593335,Estimación adecuada
Juana Diaz,1980-1984,1,71.10192241498234,70.92457383941758,70.09676819670608,71.95616107795223,Estimación adecuada
Juana Diaz,1980-1984,2,76.03760260059695,76.44560343406457,75.72051855693672,77.65822468293945,Estimación adecuada
Juana Diaz,1985-1989,1,70.59066146569734,70.63053351293286,69.8978914670189,71.48892043681444,Estimación adecuada
Juana Diaz,1985-1989,2,77.72376003285237,77.74182708223816,76.8506734361144,78.76740726479863,Estimación adecuada
Juana Diaz,1990-1994,1,70.59462619152536,70.64954625848392,69.66281609601447,71.4001287909696,Estimación adecuada
Juana Diaz,1990-1994,2,77.80758248720088,77.97976456231089,77.16552365712423,78.92956885186771,Estimación adecuada
Juana Diaz,1995-1999,1,70.63826210363753,70.65608664338359,69.82987756818939,71.50234785060508,Estimación adecuada
Juana Diaz,1995-1999,2,78.23721855538598,78.20893950575129,77.4035120408715,79.14306386067636,Estimación adecuada
Juana Diaz,2000-2004,1,72.42010194033637,72.66687039621486,71.94335098598837,73.45261157315576,Estimación adecuada
Juana Diaz,2000-2004,2,80.07095731748443,80.03969059405449,79.21474374242175,80.78555598127453,Estimación adecuada
Juana Diaz,2005-2009,1,74.09224072675535,74.33633714932694,73.33058310240688,75.44583014661912,Estimación adecuada
Juana Diaz,2005-2009,2,81.70478408921697,81.4764685553784,80.48847021581551,82.35726333177381,Estimación adecuada
Juana Diaz,2010-2014,1,75.9826744595313,75.91062088217367,75.02554284959277,76.74666245320677,Estimación adecuada
Juana Diaz,2010-2014,2,82.91141974537287,82.68101920518538,81.80960872069778,83.88587132599537,Estimación adecuada
Juana Diaz,2015-2019,1,77.4756453319244,77.43341090419679,76.78199885706088,78.26093178369567,Estimación adecuada
Juana Diaz,2015-2019,2,86.60689455981232,85.90880089032191,84.41499800420904,87.20410006781478,Estimación adecuada
Juana Diaz,2020-2024,1,76.12481522857756,76.69380270019731,75.69601693863635,77.61703689892639,Estimación adecuada
Juana Diaz,2020-2024,2,86.09723573194701,85.26829054400346,84.350953043285,86.64082034091854,Estimación adecuada
Juncos,1980-1984,1,70.4832974097173,70.64061299695419,69.45755188265778,71.74796606679365,Estimación adecuada
Juncos,1980-1984,2,77.17475536145652,77.06611972346641,76.15568585790986,77.98900475247729,Estimación adecuada
Juncos,1985-1989,1,69.32349287604664,69.93982912620305,68.87378410074285,70.86079442792385,Estimación adecuada
Juncos,1985-1989,2,77.84087141019062,77.43475367694286,76.17005873727,78.30064038605053,Estimación adecuada
Juncos,1990-1994,1,69.26314387145591,69.68833952596937,68.589686540479,70.70657991571359,Estimación adecuada
Juncos,1990-1994,2,78.64376251745605,78.36874655516611,77.34323250608705,79.4101898011214,Estimación adecuada
Juncos,1995-1999,1,70.43259716290989,70.57580345910682,69.92467575541698,71.40530297198757,Estimación adecuada
Juncos,1995-1999,2,78.88321244236762,78.6870468855625,77.76762358350688,79.72492184608035,Estimación adecuada
Juncos,2000-2004,1,73.50676785386435,73.39995203370802,72.49786669855776,74.2178886686051,Estimación adecuada
Juncos,2000-2004,2,80.82760129992721,80.26782984953047,79.04581121526991,81.28828854340273,Estimación adecuada
Juncos,2005-2009,1,72.5823719234395,73.09847633682284,72.25844500168128,74.0763176141318,Estimación adecuada
Juncos,2005-2009,2,80.29148928265256,80.30102486701693,79.3241290858306,81.29820096586938,Estimación adecuada
Juncos,2010-2014,1,74.05814861532626,74.69817655641104,73.94306990920663,75.4804413454288,Estimación adecuada
Juncos,2010-2014,2,82.42841718245143,82.39603497679295,81.36929227608178,83.43060662291003,Estimación adecuada
Juncos,2015-2019,1,76.99651467647962,77.04405454374916,75.98253960435416,78.17331914330526,Estimación adecuada
Juncos,2015-2019,2,83.23323259682593,83.38597107248293,82.29822119027901,84.56365604942502,Estimación adecuada
Juncos,2020-2024,1,76.96779959385644,76.69420401790457,75.62487133136509,77.68037523450451,Estimación adecuada
Juncos,2020-2024,2,85.00221618874696,84.54726351340231,83.30845610891157,85.71587226279621,Estimación adecuada
Lajas,1980-1984,1,72.46316902920564,72.04166753679407,70.74746048595998,73.16306868984185,Estimación adecuada
Lajas,1980-1984,2,77.35030656462364,77.86185608945536,76.66506332500148,79.17324919189063,Estimación adecuada
Lajas,1985-1989,1,73.36206024807198,72.58543493478118,71.59996699601969,74.0531966754408,Estimación adecuada
Lajas,1985-1989,2,77.65847465397064,77.73355395239068,76.77445727886301,78.96618454043985,Estimación adecuada
Lajas,1990-1994,1,72.37357825429245,72.18145791744632,71.03510816407953,73.19224137702955,Estimación adecuada
Lajas,1990-1994,2,79.66328406009775,79.30315473890026,78.42830516205868,80.62431144463,Estimación adecuada
Lajas,1995-1999,1,72.56496891931091,72.10846489504004,71.39442114951923,73.15498900311188,Estimación adecuada
Lajas,1995-1999,2,79.70456393493818,79.52828183918044,78.35170295886948,80.52360472408557,Estimación adecuada
Lajas,2000-2004,1,74.14208023792457,74.03692841602388,73.1183913967888,74.96391873202117,Estimación adecuada
Lajas,2000-2004,2,81.18752068509266,80.88084836740116,79.70459922657712,82.00717492849098,Estimación adecuada
Lajas,2005-2009,1,76.68683187769454,75.56402611459123,74.55235297627314,76.32337313870312,< e0 observado
Lajas,2005-2009,2,81.73140373208773,81.57974069370132,80.70244523437665,82.66844511839952,Estimación adecuada
Lajas,2010-2014,1,76.92095663234578,76.53082345806295,75.48253266681698,77.66838819044347,Estimación adecuada
Lajas,2010-2014,2,83.39940774512145,83.19608834984489,82.24489368531242,84.6872503052804,Estimación adecuada
Lajas,2015-2019,1,79.16417400599892,78.31440951407066,77.07073972971105,79.66419843981167,Estimación adecuada
Lajas,2015-2019,2,84.33383648976294,84.47277001338071,83.28703526076856,85.82564733273051,Estimación adecuada
Lajas,2020-2024,1,78.13171144418278,77.579864738360655,76.5730021541767,78.5376146223503,Estimación adecuada
Lajas,2020-2024,2,85.69664696158718,85.48268989415374,84.16397481568282,86.99546524901017,Estimación adecuada
Lares,1980-1984,1,70.93967460008611,71.67457314132868,70.69965146699613,72.5327532652188,Estimación adecuada
Lares,1980-1984,2,80.07304720190547,79.68028144274633,78.46127081801228,80.95815889836479,Estimación adecuada
Lares,1985-1989,1,72.07284835603735,72.3226970979836,71.17210702905167,73.25431647622798,Estimación adecuada
Lares,1985-1989,2,80.12906339800288,79.50685993091433,77.88754934404564,80.74739303128314,Estimación adecuada
Lares,1990-1994,1,71.99408741634562,71.9584045150613,71.07674022455285,73.00051988777491,Estimación adecuada
Lares,1990-1994,2,78.72924701770712,78.67200147600448,77.70168219535759,79.76154158715931,Estimación adecuada
Lares,1995-1999,1,74.58529726703922,73.90346354237752,72.70105156090622,74.89518810755274,Estimación adecuada
Lares,1995-1999,2,81.29595428708723,80.71929556599346,79.81204592664932,81.75318496602736,Estimación adecuada
Lares,2000-2004,1,75.1110712856121,74.7810889320601,73.86527792596253,75.90124867317036,Estimación adecuada
Lares,2000-2004,2,81.70641489338435,81.58178979635866,80.28668475464963,82.69556864387684,Estimación adecuada
Lares,2005-2009,1,76.5462882162104,75.71182984968303,74.75284116123413,76.54549552068303,< e0 observado
Lares,2005-2009,2,82.28400989612267,82.11406450271458,80.97286908523463,83.05974841652787,Estimación adecuada
Lares,2010-2014,1,79.39080265192932,78.4042456390254,77.38498145423259,79.33059410345666,< e0 observado
Lares,2010-2014,2,82.72140750112155,82.47935611399798,81.62114512478193,83.60234423471579,Estimación adecuada
Lares,2015-2019,1,78.13032401868809,77.85049119505055,76.87070731456053,79.01529725206956,Estimación adecuada
Lares,2015-2019,2,84.424471152182,84.40814816798499,83.242198793482,85.76574321490085,Estimación adecuada
Lares,2020-2024,1,77.84495769277572,78.07421405953025,77.28127074490078,79.1725418295209,Estimación adecuada
Lares,2020-2024,2,84.10188803972103,84.7258906161416,83.56680427040888,85.58773706523425,Estimación adecuada
Las Marias,1980-1984,1,73.81563474744125,73.35862222838814,71.92284373380677,74.65546393035714,Estimación adecuada
Las Marias,1980-1984,2,83.88520673112671,81.18424604712521,79.45962739292595,83.57717729927685,< e0 observado
Las Marias,1985-1989,1,73.62469730038673,73.3224533055175,71.70280091317989,74.64010823359183,Estimación adecuada
Las Marias,1985-1989,2,78.14820547870697,79.86227319878617,78.06699996507999,82.0976317970154,Estimación adecuada
Las Marias,1990-1994,1,74.00881730690156,73.20946981534286,71.96237748147215,74.70650485854978,Estimación adecuada
Las Marias,1990-1994,2,80.22328205184606,80.75191894048123,78.65987861918995,83.10375839087999,Estimación adecuada
Las Marias,1995-1999,1,75.13206537448636,73.75787303975818,72.31871798522212,75.08709144920718,< e0 observado
Las Marias,1995-1999,2,81.22000339132549,81.14097975880341,79.54616479182161,82.76581978980771,Estimación adecuada
Las Marias,2000-2004,1,77.0746887546824,75.83374501197127,74.41445035366044,77.2176153220876,Estimación adecuada
Las Marias,2000-2004,2,81.22993587246654,82.66396103840432,81.07927823827026,84.86388342670442,Estimación adecuada
Las Marias,2005-2009,1,78.94241289794024,77.02401093068576,75.42061902885708,78.76837554285635,< e0 observado
Las Marias,2005-2009,2,82.45741722564794,83.54891574425426,81.61691684605475,85.38936701753643,Estimación adecuada
Las Marias,2010-2014,1,78.9874533300309,77.5608899261893,76.23587043697924,78.91230988023312,< e0 observado
Las Marias,2010-2014,2,85.68826589307866,84.95235909646351,82.83500063302358,86.85939229506207,Estimación adecuada
Las Marias,2015-2019,1,78.44180353450636,79.46750501551384,77.75781503064121,81.02990996320298,Estimación adecuada
Las Marias,2015-2019,2,86.2119644760504,86.12360287626242,84.532244097174285,88.60880455583869,Estimación adecuada
Las Marias,2020-2024,1,78.65869602395698,78.92614702631673,77.62059137771996,80.76813856287615,Estimación adecuada
Las Marias,2020-2024,2,88.4892406052294,87.44709135484138,85.3597499426788,89.94177758197475,Estimación adecuada
Las Piedras,1980-1984,1,72.4628953772312,72.71442184817093,71.53819275663133,73.81560632817289,Estimación adecuada
Las Piedras,1980-1984,2,77.65886672068534,77.9608607599317,76.74468470347452,79.14687576408002,Estimación adecuada
Las Piedras,1985-1989,1,72.6175420547073,72.13985837834932,71.42287395168722,73.3191799176596,Estimación adecuada
Las Piedras,1985-1989,2,79.00116087428613,79.03256341760189,77.88818971033925,80.2916728429166,Estimación adecuada
Las Piedras,1990-1994,1,71.55978947014577,71.80170517350041,70.56450618155375,72.77872336522941,Estimación adecuada
Las Piedras,1990-1994,2,78.8936505301308,78.812362043945,77.79231341240762,79.85725968142768,Estimación adecuada
Las Piedras,1995-1999,1,73.7555375015721,72.96222643373619,71.94462399587783,73.87559754329573,Estimación adecuada
Las Piedras,1995-1999,2,79.79933667371475,79.64296557605934,78.47416763107512,80.78917983290756,Estimación adecuada
Las Piedras,2000-2004,1,74.83778165388009,74.5401031606933,73.59731081997957,75.64767086295971,Estimación adecuada
Las Piedras,2000-2004,2,80.54014043533199,80.38462137818323,79.39145178306642,81.24091962364537,Estimación adecuada
Las Piedras,2005-2009,1,76.55584156350447,75.97678474990504,74.90072207494437,77.40851337618528,Estimación adecuada
Las Piedras,2005-2009,2,82.30870059101942,82.35040060468098,81.16438575900082,83.85187311840457,Estimación adecuada
Las Piedras,2010-2014,1,75.93351372986655,76.35549396222947,75.58103067012651,77.31611788621072,Estimación adecuada
Las Piedras,2010-2014,2,82.5650052808105,82.51834953183001,81.55602928845333,83.69935293074633,Estimación adecuada
Las Piedras,2015-2019,1,78.58935894309695,78.34769332447362,77.57566292803378,79.64034104241134,Estimación adecuada
Las Piedras,2015-2019,2,85.3607640329745,85.13324845273576,83.91368191476016,86.25218433231919,Estimación adecuada
Las Piedras,2020-2024,1,77.65607135099413,78.01998494241346,76.69198238050834,79.0535097192263,Estimación adecuada
Las Piedras,2020-2024,2,85.02534012586074,84.904737446828,83.9108316467896,85.98123555104966,Estimación adecuada
Loiza,1980-1984,1,71.29708119790713,70.8341834790457,69.54760976392615,72.02018303022722,Estimación adecuada
Loiza,1980-1984,2,77.96280313581073,77.5069262101292,76.14132800525479,78.96914262450612,Estimación adecuada
Loiza,1985-1989,1,71.11235934077855,70.78478000756621,69.4244784995695,71.85637036388874,Estimación adecuada
Loiza,1985-1989,2,79.76441464134875,78.74392554719972,77.15814000917638,80.66403828079555,Estimación adecuada
Loiza,1990-1994,1,68.65505357436209,69.228086035605,67.90231630575096,70.40361795101921,Estimación adecuada
Loiza,1990-1994,2,77.83527198679872,77.87681274381194,76.43567503345625,79.05709650375931,Estimación adecuada
Loiza,1995-1999,1,67.54575668322258,68.93532984924619,67.87462874926868,70.06921313567678,> e0 observado
Loiza,1995-1999,2,80.44991909621369,79.49968356763891,78.31397189883606,80.84302854713363,Estimación adecuada
Loiza,2000-2004,1,69.21795433977262,71.17147142860318,69.94932859973613,72.07583068808366,> e0 observado
Loiza,2000-2004,2,83.71722475677984,82.01612566379002,80.63886765874445,83.66847568463122,< e0 observado
Loiza,2005-2009,1,69.49244819404063,71.77690088143237,70.59707283175067,72.78394251014865,> e0 observado
Loiza,2005-2009,2,81.62588342717608,81.25209792787953,80.244670578461,82.69650130817203,Estimación adecuada
Loiza,2010-2014,1,72.71620374599513,74.40406489098783,73.31502588474973,75.9792055809274,> e0 observado
Loiza,2010-2014,2,83.22740715687155,82.77527822080532,81.28878409261685,84.46353830080541,Estimación adecuada
Loiza,2015-2019,1,76.42256809809959,76.65412450500264,75.63255472189348,77.93162999052032,Estimación adecuada
Loiza,2015-2019,2,84.58243093379357,84.38244795254708,82.56393747405143,86.08046814078804,Estimación adecuada
Loiza,2020-2024,1,74.30071613355503,75.7059645408755,74.52748962247334,76.9493134312869,> e0 observado
Loiza,2020-2024,2,85.89228425330265,85.13424909713143,83.45696905038338,86.71481105100924,Estimación adecuada
Luquillo,1980-1984,1,71.32237106066451,70.9189233075623,69.48383835573472,72.26574579257473,Estimación adecuada
Luquillo,1980-1984,2,96.21054523115929,80.0564124312028,77.99392386897236,82.72763709662172,< e0 observado
Luquillo,1985-1989,1,70.58391307233262,70.75095999102041,69.63878995877175,72.0672716909099,Estimación adecuada
Luquillo,1985-1989,2,75.85277823303889,76.74096598819986,75.55918972125434,77.98066676027352,Estimación adecuada
Luquillo,1990-1994,1,69.78687362564872,69.90960110197716,68.69529057320992,71.44621323509222,Estimación adecuada
Luquillo,1990-1994,2,78.65540822491414,78.3518344838584,76.89084602116925,79.62181831482664,Estimación adecuada
Luquillo,1995-1999,1,68.84529148191722,69.51728584007844,68.0311205491902,70.69133214509772,Estimación adecuada
Luquillo,1995-1999,2,77.57073371934368,77.84318147611165,76.38137971075952,79.20545065407427,Estimación adecuada
Luquillo,2000-2004,1,71.56692809461028,72.04798481243559,70.9983872088745,73.20640856499028,Estimación adecuada
Luquillo,2000-2004,2,80.93857359304148,80.67607936217766,79.39149420218408,81.87455321894097,Estimación adecuada
Luquillo,2005-2009,1,73.66197666420697,73.73079099771454,72.39701965016198,75.01431706323686,Estimación adecuada
Luquillo,2005-2009,2,80.16453384109049,80.3196350869194,79.4086585298638,81.5754592239146,Estimación adecuada
Luquillo,2010-2014,1,74.125398030716255,75.19091894438066,73.72315903916783,76.17666482918162,Estimación adecuada
Luquillo,2010-2014,2,83.56937802942338,83.01377699269798,81.58855937024796,84.75261467444956,Estimación adecuada
Luquillo,2015-2019,1,78.24158315716944,77.28150686215454,76.08300278178808,78.50249048606943,Estimación adecuada
Luquillo,2015-2019,2,86.16375324393145,85.24017163427197,83.9436600150043,87.48321831615146,Estimación adecuada
Luquillo,2020-2024,1,76.82778593702754,76.53634296529015,75.50133061210505,77.65202562380048,Estimación adecuada
Luquillo,2020-2024,2,84.96686508096819,84.56831414449306,82.78243244038033,86.0798728775814,Estimación adecuada
Manati,1980-1984,1,69.99769254598455,70.3467697454953,69.35239366503714,71.12441089102882,Estimación adecuada
Manati,1980-1984,2,76.91897319341015,76.88202629666387,75.87622446880721,77.73763749136634,Estimación adecuada
Manati,1985-1989,1,69.40848405753856,69.9906637885577,69.1410107922025,70.85817327347394,Estimación adecuada
Manati,1985-1989,2,78.1365208528677,77.91535599986437,76.86432692633323,79.09678586496787,Estimación adecuada
Manati,1990-1994,1,69.23507276864738,69.84658077290678,68.98830292626332,70.58522417985932,Estimación adecuada
Manati,1990-1994,2,78.13694859634435,77.87376114192132,76.95050575001116,79.00994440889158,Estimación adecuada
Manati,1995-1999,1,70.56621278613628,70.72108982072768,69.75303333675308,71.54145124689553,Estimación adecuada
Manati,1995-1999,2,78.18010801536123,78.19412414226443,77.22277756524528,79.23114881226262,Estimación adecuada
Manati,2000-2004,1,73.5059956746808,73.23168778765285,72.50748291584415,74.1106014616127,Estimación adecuada
Manati,2000-2004,2,79.921946292628,79.84460415922658,78.9597123870171,80.7159360771299,Estimación adecuada
Manati,2005-2009,1,74.42317304268016,74.55121750475678,73.61444762745569,75.34738432501626,Estimación adecuada
Manati,2005-2009,2,81.69558612867581,81.27205489946684,80.38071080654595,82.18145207089248,Estimación adecuada
Manati,2010-2014,1,75.79949582054559,75.80155453238885,74.68430674816473,76.51162590942533,Estimación adecuada
Manati,2010-2014,2,82.46392723255103,82.03271382996635,81.30478357206239,83.1082264011356,Estimación adecuada
Manati,2015-2019,1,76.50082129222024,76.86994558402668,75.73139111095256,77.74154267410401,Estimación adecuada
Manati,2015-2019,2,84.47543845885097,84.05530416565855,83.0796634846198,85.20815639645852,Estimación adecuada
Manati,2020-2024,1,76.6410779362147,76.52248593347849,75.77680123863617,77.46889340980456,Estimación adecuada
Manati,2020-2024,2,84.79279277649533,84.62726091268723,83.61983564043615,85.52464170064047,Estimación adecuada
Maricao,1980-1984,1,68.60202825310121,71.699926757665,70.0778292725598,73.1644426919499,> e0 observado
Maricao,1980-1984,2,78.09479107390814,78.72815128191189,77.30766442179308,80.72806485552232,Estimación adecuada
Maricao,1985-1989,1,74.96773339223955,72.80027056829705,71.41149207134467,74.76562749902078,< e0 observado
Maricao,1985-1989,2,78.61629942834107,79.28116429330186,77.40151130773886,81.40813096399381,Estimación adecuada
Maricao,1990-1994,1,71.6682444194189,71.63133601070179,69.79793691714013,73.15743743263565,Estimación adecuada
Maricao,1990-1994,2,78.7855059436943,79.80798279379536,78.32207878179972,81.74841680335147,Estimación adecuada
Maricao,1995-1999,1,71.33878340346546,71.92191678272181,70.46742470317145,73.06817511345879,Estimación adecuada
Maricao,1995-1999,2,78.99834861586001,80.3079885868847,78.19190641581395,82.15273341541902,Estimación adecuada
Maricao,2000-2004,1,77.71513177879464,75.30783287389409,73.88143998470687,76.96769947674885,< e0 observado
Maricao,2000-2004,2,80.22542908124815,81.68608819162837,79.51902973885862,84.31423832288027,Estimación adecuada
Maricao,2005-2009,1,77.40367339569201,75.64607231940846,73.58252024875571,77.40949520336603,Estimación adecuada
Maricao,2005-2009,2,82.65920888615886,82.97342903574265,81.19997517433012,85.28870905180125,Estimación adecuada
Maricao,2010-2014,1,78.78632855189304,77.12257464284482,75.36774091582359,79.32282437567389,Estimación adecuada
Maricao,2010-2014,2,86.34203171038145,85.36940199495304,83.088213901101,88.48555150759725,Estimación adecuada
Maricao,2015-2019,1,75.94252949549474,77.93069642237634,76.06694666016773,79.7158229027,> e0 observado
Maricao,2015-2019,2,88.98166952275554,86.85426535088351,84.70662986403784,91.10149785799751,Estimación adecuada
Maricao,2020-2024,1,78.97029384636113,78.42847133701457,76.36426902157925,80.88302493071862,Estimación adecuada
Maricao,2020-2024,2,84.52027651105944,84.2401789653195,82.67668636204301,86.37853722381412,Estimación adecuada
Maunabo,1980-1984,1,71.14680086853208,71.52794705424337,70.1528792700893,73.01001166698322,Estimación adecuada
Maunabo,1980-1984,2,78.1067644645637,78.38395951737405,76.89784307031218,79.98548677361788,Estimación adecuada
Maunabo,1985-1989,1,73.14754634531097,72.32790094419113,70.85839353853186,73.46626486865532,Estimación adecuada
Maunabo,1985-1989,2,80.26716511735238,79.33739946285735,78.05689809020853,81.21131028279409,Estimación adecuada
Maunabo,1990-1994,1,72.41659695481869,72.05132724454435,70.63894794819501,73.3006084942771,Estimación adecuada
Maunabo,1990-1994,2,80.63599878230829,79.97521094439989,78.51246397876695,81.51817704205199,Estimación adecuada
Maunabo,1995-1999,1,71.29560582062038,71.52380985412611,70.18990174474717,72.64377014465462,Estimación adecuada
Maunabo,1995-1999,2,79.21035551708708,79.84197949902244,78.37251168804907,81.24997778409664,Estimación adecuada
Maunabo,2000-2004,1,73.80432839475543,73.76927841711728,72.43689812961034,74.93038963652981,Estimación adecuada
Maunabo,2000-2004,2,81.50289326156216,81.24834877169806,79.86489153132851,83.25053068606283,Estimación adecuada
Maunabo,2005-2009,1,74.64232752557565,74.32248442164791,73.0519675095556,75.47780955073048,Estimación adecuada
Maunabo,2005-2009,2,82.94220641756984,83.01413953883485,81.34044531690934,84.93903400374029,Estimación adecuada
Maunabo,2010-2014,1,74.8339607817344,75.43646962076659,74.56154133242148,76.96410674886155,Estimación adecuada
Maunabo,2010-2014,2,84.96652627183896,85.0051716501928,82.93453236785015,87.3972470977098,Estimación adecuada
Maunabo,2015-2019,1,78.86941488241771,77.6440559493079,76.47027777916773,79.19062878560858,Estimación adecuada
Maunabo,2015-2019,2,85.85027789954904,85.11911542838385,83.7243809171926,87.111459011523,Estimación adecuada
Maunabo,2020-2024,1,73.9175174535675,76.39591814690105,74.76118104451419,77.4094703720798,> e0 observado
Maunabo,2020-2024,2,82.49945155414667,83.11705763489064,81.9709868295821,85.00615318530964,Estimación adecuada
Mayaguez,1980-1984,1,70.16347210674796,70.381781876268093,69.7749756346766,71.24822188563624,Estimación adecuada
Mayaguez,1980-1984,2,77.60512196844877,77.29400891979904,76.5966958717716,77.84693778712887,Estimación adecuada
Mayaguez,1985-1989,1,70.43422694514761,70.57112726067444,69.98311146254524,71.1949097364325,Estimación adecuada
Mayaguez,1985-1989,2,77.94340408933364,77.76629330587161,77.26760395585086,78.306799678049,Estimación adecuada
Mayaguez,1990-1994,1,70.24642591292358,70.33589267511518,69.75862488465417,70.97269461835921,Estimación adecuada
Mayaguez,1990-1994,2,78.67215935241931,78.46102842507183,77.80205121281585,78.95074288012944,Estimación adecuada
Mayaguez,1995-1999,1,70.79228679899191,70.95754119161664,70.306994071339,71.6644965373294,Estimación adecuada
Mayaguez,1995-1999,2,79.57023177554109,79.34503195545912,78.86039362061564,79.86530910898365,Estimación adecuada
Mayaguez,2000-2004,1,73.63502357565517,73.50311281984085,72.88486349564269,74.14488212975829,Estimación adecuada
Mayaguez,2000-2004,2,81.32752458798765,81.04065883185041,80.5015507605019,81.77788915438359,Estimación adecuada
Mayaguez,2005-2009,1,73.96494214443702,74.06816025363324,73.28092095182083,74.68745637229759,Estimación adecuada
Mayaguez,2005-2009,2,81.49974889865346,81.36485454740435,80.80109279860983,82.09603440260189,Estimación adecuada
Mayaguez,2010-2014,1,74.96249416874119,74.86530109417221,74.27990077901114,75.48438104278479,Estimación adecuada
Mayaguez,2010-2014,2,82.81805760395481,82.70702357502057,82.03637265451032,83.48815500535207,Estimación adecuada
Mayaguez,2015-2019,1,77.18178911462695,77.41052930204654,76.53251955822313,78.16428315709963,Estimación adecuada
Mayaguez,2015-2019,2,85.03789447163464,84.88847571102056,84.07051398929741,85.84725867424336,Estimación adecuada
Mayaguez,2020-2024,1,76.09571809909919,76.44617688632145,75.80508367703254,77.30162433332156,Estimación adecuada
Mayaguez,2020-2024,2,84.85251261520094,84.82711619864705,83.95089101556138,85.71047448669256,Estimación adecuada
Moca,1980-1984,1,71.47861356859958,72.24791763332746,71.36571930985659,73.29416201808681,Estimación adecuada
Moca,1980-1984,2,77.57729967024724,78.04962662784396,76.7803382555015,79.04115178020857,Estimación adecuada
Moca,1985-1989,1,74.13223338906987,73.47612649962107,72.46357149341691,74.48833647866451,Estimación adecuada
Moca,1985-1989,2,78.76717836323876,78.79632433619878,77.67304765949649,80.2172595936596,Estimación adecuada
Moca,1990-1994,1,74.38613122856178,73.63923911686516,72.63664541055498,74.86288287044573,Estimación adecuada
Moca,1990-1994,2,79.33086248782432,79.24614928737188,78.12862572134532,80.3749269013608,Estimación adecuada
Moca,1995-1999,1,73.93016893221346,73.43984822490174,72.39626459845309,74.17958863748666,Estimación adecuada
Moca,1995-1999,2,79.92298518560595,79.58538103398362,78.64259301199422,80.38122071283398,Estimación adecuada
Moca,2000-2004,1,76.88913106198095,75.95928406158875,75.20151714328694,76.84680929939756,< e0 observado
Moca,2000-2004,2,81.20152141336699,81.41005193592811,80.34975912260035,82.65925338907716,Estimación adecuada
Moca,2005-2009,1,78.23027972920578,77.16939799709971,76.43938136999688,78.26827626150964,Estimación adecuada
Moca,2005-2009,2,81.64729368972594,81.91066935737474,80.85682325620222,83.22535583705076,Estimación adecuada
Moca,2010-2014,1,78.39894219071823,77.96933419624187,77.17835658165937,79.12062291423733,Estimación adecuada
Moca,2010-2014,2,82.3431083414248,82.56990645126047,81.54350184387397,83.52355911670924,Estimación adecuada
Moca,2015-2019,1,78.86942315370179,78.64054119462543,77.71871989856773,79.54647577987973,Estimación adecuada
Moca,2015-2019,2,85.12050775808935,85.11121217664518,84.050762249777,86.42342280895619,Estimación adecuada
Moca,2020-2024,1,79.5196148813842,79.12814616249412,78.14301347563182,80.23561074105555,Estimación adecuada
Moca,2020-2024,2,84.83463123511952,85.0705110217851,84.16586848501548,86.01049447729851,Estimación adecuada
Morovis,1980-1984,1,72.75449760171898,72.89400192458766,71.60434628454885,74.39471532485015,Estimación adecuada
Morovis,1980-1984,2,79.58978615306602,79.46067035372269,78.17999874614125,81.26300041589387,Estimación adecuada
Morovis,1985-1989,1,73.00155031190296,72.92934910534075,71.7657357649689,74.12768528778705,Estimación adecuada
Morovis,1985-1989,2,79.18909920848033,79.24088624163733,77.8422163207025,80.56073087105727,Estimación adecuada
Morovis,1990-1994,1,74.7129408866261,73.58183157400121,72.66876388589168,74.70412541666533,< e0 observado
Morovis,1990-1994,2,79.13950712220092,79.3300471668631,78.21068395445114,80.58341201116012,Estimación adecuada
Morovis,1995-1999,1,72.82153464768288,72.6915375225366,71.51473039685155,73.82124749205786,Estimación adecuada
Morovis,1995-1999,2,80.70735984476201,80.57923955229258,79.22368327130428,81.92978740325194,Estimación adecuada
Morovis,2000-2004,1,74.10293235770516,74.54943120360602,73.64815773391908,75.6912935975327,Estimación adecuada
Morovis,2000-2004,2,82.09073872809745,82.06412881424812,80.49653121554118,83.55804078637917,Estimación adecuada
Morovis,2005-2009,1,76.91529332323657,76.34890190094396,75.35079912910926,77.16042375266983,Estimación adecuada
Morovis,2005-2009,2,83.05104709140619,82.8345844899124,81.41045025307182,84.45988091365172,Estimación adecuada
Morovis,2010-2014,1,77.08123150152963,77.32667225331829,76.29733602514997,78.45255792575622,Estimación adecuada
Morovis,2010-2014,2,83.34182688922566,83.2715886805413,82.1959986970446,84.46187364567294,Estimación adecuada
Morovis,2015-2019,1,78.96515859481998,78.46850250551103,77.45661847528658,79.29853911343581,Estimación adecuada
Morovis,2015-2019,2,87.15880943526801,86.31253656619829,84.69437210626415,87.89367687654214,Estimación adecuada
Morovis,2020-2024,1,78.2458123408178,78.48304273794332,77.51902002374726,79.56263603835646,Estimación adecuada
Morovis,2020-2024,2,84.91369846953171,85.65857578633464,84.11465719278813,87.1451425820328,Estimación adecuada
Naguabo,1980-1984,1,71.84412346105836,71.62100372092434,70.38015090955352,72.90831192374019,Estimación adecuada
Naguabo,1980-1984,2,76.70981740677908,76.6724146870702,75.64273457827443,77.9664108034249,Estimación adecuada
Naguabo,1985-1989,1,70.3877807756849,70.57538264463341,69.18518139865205,71.54444842583675,Estimación adecuada
Naguabo,1985-1989,2,77.29975247108982,77.27230238496557,76.08988468837885,78.48872586384748,Estimación adecuada
Naguabo,1990-1994,1,69.935755323165,70.00831074647681,69.07002443408201,71.05674040096969,Estimación adecuada
Naguabo,1990-1994,2,77.27690861530172,77.77067513376423,76.82216007322207,78.89050861265244,Estimación adecuada
Naguabo,1995-1999,1,69.72322516574484,70.2081698830207,69.17133205175158,71.14480961553178,Estimación adecuada
Naguabo,1995-1999,2,76.82881627212045,77.37015344642927,76.22238537698195,78.37375691583773,Estimación adecuada
Naguabo,2000-2004,1,72.06654411146116,72.35388891985615,71.39444529206148,73.17008760375856,Estimación adecuada
Naguabo,2000-2004,2,79.7628328934226,80.15526563190308,78.60061002973833,81.24806407450149,Estimación adecuada
Naguabo,2005-2009,1,73.77862572143668,73.68214633863604,72.7910888100149,74.99052317672816,Estimación adecuada
Naguabo,2005-2009,2,80.62404690696854,81.03550485091968,79.56583651790592,82.00382349413223,Estimación adecuada
Naguabo,2010-2014,1,75.11164062971052,74.89766284956892,73.80804409822687,75.9379557955447,Estimación adecuada
Naguabo,2010-2014,2,82.93958682980916,82.53947252761574,81.19167425093005,83.8166426614584,Estimación adecuada
Naguabo,2015-2019,1,76.26882750450046,76.15020405251099,75.05498340661424,77.33940475410617,Estimación adecuada
Naguabo,2015-2019,2,84.83022686610576,84.22241077121596,83.0625346536064,85.91359997945105,Estimación adecuada
Naguabo,2020-2024,1,77.23171232523964,76.80844129846868,75.96085425452249,77.92328712967404,Estimación adecuada
Naguabo,2020-2024,2,83.84568426869097,83.82071221403,82.39254261249303,84.85934706939373,Estimación adecuada
Naranjito,1980-1984,1,74.98820136337291,74.16963235919826,72.73351960870694,75.58521075945987,Estimación adecuada
Naranjito,1980-1984,2,82.09597951709326,80.56564238236895,79.28989504649542,82.14006463840676,Estimación adecuada
Naranjito,1985-1989,1,74.14321504502335,73.41415283523062,72.34911452657676,74.68708064365444,Estimación adecuada
Naranjito,1985-1989,2,81.17666750110004,80.7036112148165,79.10074093155865,82.14184639513117,Estimación adecuada
Naranjito,1990-1994,1,72.65469281143538,72.70210468252785,71.51766943321257,74.03801276396945,Estimación adecuada
Naranjito,1990-1994,2,80.53672985190586,80.58226555391396,79.30893888584873,82.11918917679323,Estimación adecuada
Naranjito,1995-1999,1,71.78384170584214,72.12132084367627,71.3113862668879,73.15930308205739,Estimación adecuada
Naranjito,1995-1999,2,81.60503745588989,81.08245885654527,79.6387628238304,82.52070778364707,Estimación adecuada
Naranjito,2000-2004,1,75.02066724722975,74.94559120410278,73.82276322885508,76.30264967025187,Estimación adecuada
Naranjito,2000-2004,2,82.02786957174214,82.08825365610232,80.59704162664181,83.18524467609562,Estimación adecuada
Naranjito,2005-2009,1,75.97305227428454,76.08900061072785,75.135840862683,77.41733329215948,Estimación adecuada
Naranjito,2005-2009,2,81.50399850212823,82.028221098144,80.87440887247234,83.12581070897865,Estimación adecuada
Naranjito,2010-2014,1,78.20596950921357,77.63354593970999,76.52071960080977,78.74267687391847,Estimación adecuada
Naranjito,2010-2014,2,82.65441935713193,83.55847246895324,82.515329094916,84.94069980840453,Estimación adecuada
Naranjito,2015-2019,1,79.79942567224485,79.56382650241932,78.38292627404688,80.97599216129596,Estimación adecuada
Naranjito,2015-2019,2,86.72388771081324,86.66371523403735,85.16759349795271,88.59660736532034,Estimación adecuada
Naranjito,2020-2024,1,76.58250173203984,77.55988141987463,76.64340504991523,78.4844922638348,> e0 observado
Naranjito,2020-2024,2,85.5864530860636,85.12786174422166,83.91893196167132,86.39571470256413,Estimación adecuada
Orocovis,1980-1984,1,73.68697408485414,73.46300321951487,72.05899047138199,74.5263556691389,Estimación adecuada
Orocovis,1980-1984,2,79.52890987399995,79.32973698824341,77.77103431663916,80.91284471926585,Estimación adecuada
Orocovis,1985-1989,1,72.86313442913975,72.65733303358545,71.42138537243201,73.80132895723932,Estimación adecuada
Orocovis,1985-1989,2,83.00284611084997,81.21330716949637,79.32706003622346,83.13088474927747,Estimación adecuada
Orocovis,1990-1994,1,70.6546043654978,71.48085199165737,70.37024393179553,72.5724245220211,Estimación adecuada
Orocovis,1990-1994,2,80.6362204849656,80.21007334820243,79.02769511621119,82.2261912711801,Estimación adecuada
Orocovis,1995-1999,1,73.67698769121861,73.26468824862043,72.1758807252333,74.29496063872489,Estimación adecuada
Orocovis,1995-1999,2,79.89715435282756,80.11683822389335,78.8073266029479,81.36687839104408,Estimación adecuada
Orocovis,2000-2004,1,74.30531059061678,74.32005236256032,73.315094278649525,75.48312737550106,Estimación adecuada
Orocovis,2000-2004,2,82.7682053865501,82.45225058281693,81.03437676921675,84.3916054556909,Estimación adecuada
Orocovis,2005-2009,1,75.65599075985115,75.63748499207608,74.61548456115173,76.68685362832768,Estimación adecuada
Orocovis,2005-2009,2,81.23465089468093,81.63795086512522,80.36541549972743,82.88834669497751,Estimación adecuada
Orocovis,2010-2014,1,78.72609688729915,77.76164044240528,76.37449868313152,78.80488344648913,Estimación adecuada
Orocovis,2010-2014,2,83.46032948812693,83.32914950554857,82.07955643512611,85.07414330037949,Estimación adecuada
Orocovis,2015-2019,1,78.31348130255999,78.08745472519627,76.94181037207602,79.32176388890379,Estimación adecuada
Orocovis,2015-2019,2,84.96910673692187,85.32118580822907,84.13960862657342,87.09557680578192,Estimación adecuada
Orocovis,2020-2024,1,77.80883766643083,78.55901397433065,77.51342688028899,80.00884782143491,Estimación adecuada
Orocovis,2020-2024,2,84.81893104480201,84.76397657728259,83.67627240799504,86.29006134779232,Estimación adecuada
Patillas,1980-1984,1,71.2919207839744,71.71026058900138,70.24178547498836,72.7964405624486,Estimación adecuada
Patillas,1980-1984,2,77.55331848134108,77.67632773137062,76.33753973687647,79.1034333818248,Estimación adecuada
Patillas,1985-1989,1,71.37552114824256,71.05521861125534,69.88181913358017,71.982273972491015,Estimación adecuada
Patillas,1985-1989,2,79.24042850774778,78.60099968503036,77.33061565394493,79.60935473224384,Estimación adecuada
Patillas,1990-1994,1,72.50760666915836,71.51277840847655,70.48732330867888,72.82677074932607,Estimación adecuada
Patillas,1990-1994,2,78.396020908419,78.38574450977153,77.08636570859132,79.4490329186576,Estimación adecuada
Patillas,1995-1999,1,71.16809015939647,71.3149931778996,70.20798393082109,72.5555518410134,Estimación adecuada
Patillas,1995-1999,2,78.52476688729733,78.38169237780446,77.0925600060952,79.69250122399208,Estimación adecuada
Patillas,2000-2004,1,73.84030571885792,73.5933013637177,72.56781614249971,74.58643793867839,Estimación adecuada
Patillas,2000-2004,2,80.28524555250978,80.6310418441115,79.36106947312373,81.95157340361536,Estimación adecuada
Patillas,2005-2009,1,74.71797456893655,74.38965327485938,73.31962386489084,75.57477813926008,Estimación adecuada
Patillas,2005-2009,2,82.37229150118687,81.5426688786539,80.47855038538805,82.80576670131433,Estimación adecuada
Patillas,2010-2014,1,75.64302541877272,75.97243065409025,74.9975456152138,77.22271545276939,Estimación adecuada
Patillas,2010-2014,2,82.97344642216791,83.26348094579197,81.75065672523928,84.88486939626313,Estimación adecuada
Patillas,2015-2019,1,77.44243369136635,77.41346162029456,75.91376718584726,78.75853576858752,Estimación adecuada
Patillas,2015-2019,2,85.62464985032581,85.51033280303248,84.06425684937186,87.71914747050634,Estimación adecuada
Patillas,2020-2024,1,75.4428131511174,76.40687909997243,75.18752635509794,77.5230895839867,Estimación adecuada
Patillas,2020-2024,2,83.73266646624228,85.38187033157666,83.91599068032679,87.11657854431388,> e0 observado
Penuelas,1980-1984,1,72.35786944424055,71.5579677299561,70.37639234772718,72.66785262966977,Estimación adecuada
Penuelas,1980-1984,2,77.42169553222374,77.51698600593576,76.06909686400651,79.01559081461443,Estimación adecuada
Penuelas,1985-1989,1,72.76539154925341,71.87109582637076,70.79045740278853,72.85502874006441,Estimación adecuada
Penuelas,1985-1989,2,78.26925344407194,77.93377830148074,76.81621306566001,79.4146832983433,Estimación adecuada
Penuelas,1990-1994,1,71.6518283419231,71.12129605102095,70.22323230749925,72.472657725441465,Estimación adecuada
Penuelas,1990-1994,2,78.09730287289996,78.14629636907783,77.13308031682291,80.0983878671176,Estimación adecuada
Penuelas,1995-1999,1,72.51086800891099,72.03774581930253,70.66213776768444,72.8531445073389,Estimación adecuada
Penuelas,1995-1999,2,77.85186468595465,78.56112589918774,77.32933261204089,79.91304751794928,Estimación adecuada
Penuelas,2000-2004,1,73.06979986248778,72.99815504432166,71.81259020314485,74.01620747280101,Estimación adecuada
Penuelas,2000-2004,2,80.74681115313095,80.76874774276206,79.22433322844887,82.18129651014357,Estimación adecuada
Penuelas,2005-2009,1,74.32588415517951,74.39222246338306,73.38733522771668,75.36002899108689,Estimación adecuada
Penuelas,2005-2009,2,83.85447484865448,82.92043602905935,81.42710035092026,84.66809312427927,Estimación adecuada
Penuelas,2010-2014,1,77.2161868060379,76.71876498030186,75.70824515139958,77.86217039367551,Estimación adecuada
Penuelas,2010-2014,2,82.37054992803498,82.4085040312717,81.12232881652223,83.68549426482589,Estimación adecuada
Penuelas,2015-2019,1,76.94988280019332,76.82927199977152,75.89479839927,78.05945766313644,Estimación adecuada
Penuelas,2015-2019,2,83.52991574696982,83.53639222130298,82.13310345225565,85.1596842093651,Estimación adecuada
Penuelas,2020-2024,1,78.19759662594926,77.59895041195905,76.46795592196668,78.72865962318284,Estimación adecuada
Penuelas,2020-2024,2,83.13779961346445,83.30483490656428,82.30260237157219,84.56615145676597,Estimación adecuada
Ponce,1980-1984,1,70.95163851465587,70.79779472474806,70.37949297583963,71.2243099365516,Estimación adecuada
Ponce,1980-1984,2,77.90393491985162,77.58996970313032,77.0425254987742,78.03546101257388,Estimación adecuada
Ponce,1985-1989,1,68.92037207804252,69.12548747731944,68.72582326859771,69.7066211868914,Estimación adecuada
Ponce,1985-1989,2,77.3120135977883,77.28859744738224,76.85072035390294,77.74133024135574,Estimación adecuada
Ponce,1990-1994,1,68.07009878068561,68.30115208748866,67.82340699821256,68.8520657034414,Estimación adecuada
Ponce,1990-1994,2,77.70322992022791,77.73530854143101,77.3264454201948,78.22670203742979,Estimación adecuada
Ponce,1995-1999,1,68.8945019576824,69.14092650330907,68.61708378417157,69.6777836496941,Estimación adecuada
Ponce,1995-1999,2,78.64616620265484,78.49594894976934,78.09813505471865,79.0395729384185,Estimación adecuada
Ponce,2000-2004,1,71.88287158339286,72.03231119710173,71.57064349676696,72.46625693750116,Estimación adecuada
Ponce,2000-2004,2,80.17053819569585,79.99400610289575,79.33728903267892,80.45861834835881,Estimación adecuada
Ponce,2005-2009,1,72.59239776230434,72.7963892324417,72.29563259900681,73.35171859743991,Estimación adecuada
Ponce,2005-2009,2,81.60505937401689,81.40051518934669,80.79473972242907,82.0991402059405,Estimación adecuada
Ponce,2010-2014,1,74.90584213235752,74.92478123662829,74.45638477844038,75.56108302140638,Estimación adecuada
Ponce,2010-2014,2,81.84526785237593,81.7990907849557,81.25608666966897,82.46853091579712,Estimación adecuada
Ponce,2015-2019,1,75.94818443525777,76.19294467329303,75.55565797254081,76.6963066927051,Estimación adecuada
Ponce,2015-2019,2,84.573600741168,84.47531104429487,83.83605578764039,85.01980141907592,Estimación adecuada
Ponce,2020-2024,1,76.11579149445392,76.13830513157296,75.52584269121252,76.6888203398251,Estimación adecuada
Ponce,2020-2024,2,84.14984563358192,83.92886857883225,83.40775538550095,84.49298852528253,Estimación adecuada
Quebradillas,1980-1984,1,71.5804748432608,71.47425136771207,70.64081781283781,72.38792728163185,Estimación adecuada
Quebradillas,1980-1984,2,79.23938165137665,78.46771661039338,77.00320765334999,79.88344896401824,Estimación adecuada
Quebradillas,1985-1989,1,70.63546474047975,70.8862565957848,69.94141444999535,71.9983698226941,Estimación adecuada
Quebradillas,1985-1989,2,77.80764334555457,77.57505596149497,76.59415029935616,78.53228201837747,Estimación adecuada
Quebradillas,1990-1994,1,72.04068810225141,71.62051253533978,70.585341715661,72.75992632729951,Estimación adecuada
Quebradillas,1990-1994,2,79.32174470623532,78.63640803087651,77.63051828130041,79.82566853373592,Estimación adecuada
Quebradillas,1995-1999,1,72.62949799850028,71.77747328916288,70.58561851942078,73.15506937686514,Estimación adecuada
Quebradillas,1995-1999,2,78.8521877504248,78.75165141909011,77.6521330536043,80.06399182920975,Estimación adecuada
Quebradillas,2000-2004,1,73.75120320482118,73.49025479016314,72.38865005418157,74.4005473257302,Estimación adecuada
Quebradillas,2000-2004,2,79.64696913052158,79.90683994796494,79.00705156743862,80.96505762963523,Estimación adecuada
Quebradillas,2005-2009,1,76.4702021217705,75.21700377746036,74.23708943220261,76.21670174262297,< e0 observado
Quebradillas,2005-2009,2,82.57479226170334,82.28821304124114,80.94773886069241,83.99633914114779,Estimación adecuada
Quebradillas,2010-2014,1,76.84416482352528,76.43817532746806,75.13116289935016,77.79949398227417,Estimación adecuada
Quebradillas,2010-2014,2,83.16432092953069,83.03642667243349,81.6233015512212,84.48879685794094,Estimación adecuada
Quebradillas,2015-2019,1,77.52581972834565,77.23176488867777,76.05751923865516,78.0878631437244,Estimación adecuada
Quebradillas,2015-2019,2,83.89036641680575,83.57463515650028,82.39699374525603,84.8581213909363,Estimación adecuada
Quebradillas,2020-2024,1,78.45741764289136,77.56422376481544,76.63306796756744,78.45713492015626,< e0 observado
Quebradillas,2020-2024,2,84.02514632890372,83.99772443765539,82.799954535609,85.29325891416788,Estimación adecuada
Rincon,1980-1984,1,71.31036542846637,72.41266300968414,71.25171736838703,74.1152650468998,Estimación adecuada
Rincon,1980-1984,2,78.23121876259758,78.48116695465751,77.06924140332677,79.99867182560357,Estimación adecuada
Rincon,1985-1989,1,72.68195818723761,72.41614342260762,71.07182983546647,73.72208731474117,Estimación adecuada
Rincon,1985-1989,2,78.13112109379762,78.72604180706571,77.39367580901127,80.21071051279492,Estimación adecuada
Rincon,1990-1994,1,74.46482669947628,73.20024457505666,71.75998596950882,74.74464758337086,Estimación adecuada
Rincon,1990-1994,2,79.71875830965256,79.37016499432909,78.36039563404097,80.9815833143543,Estimación adecuada
Rincon,1995-1999,1,71.81900034746621,71.79169917027096,70.667715824462,72.76739177233061,Estimación adecuada
Rincon,1995-1999,2,80.4078903895804,80.35213279659811,79.05334211692431,81.99784421715191,Estimación adecuada
Rincon,2000-2004,1,75.07948363707656,74.65786512426983,73.87481781266388,75.86719967982185,Estimación adecuada
Rincon,2000-2004,2,82.97798833076854,82.25337636613361,80.84702755195428,83.60925563691225,Estimación adecuada
Rincon,2005-2009,1,76.37954961336744,75.66581919388736,74.66124309050494,76.87124596846364,Estimación adecuada
Rincon,2005-2009,2,80.35621164685101,81.31280851635047,80.17861670139104,82.53158698970965,Estimación adecuada
Rincon,2010-2014,1,79.61051534555456,77.63435529430294,76.66298900716082,79.01580079495325,< e0 observado
Rincon,2010-2014,2,83.80210551828287,84.16620477701343,82.27298457045251,85.65511003739253,Estimación adecuada
Rincon,2015-2019,1,79.17285737161941,78.88370817289115,77.49583076549482,80.2290887245098,Estimación adecuada
Rincon,2015-2019,2,86.30943741112463,86.18064086815816,84.56974311631777,88.28705862588984,Estimación adecuada
Rincon,2020-2024,1,79.87445814115418,79.5823808802596,78.32004621228518,81.11231798828389,Estimación adecuada
Rincon,2020-2024,2,86.12132225159803,85.70544665625911,84.44502849585984,87.13529141322095,Estimación adecuada
Rio Grande,1980-1984,1,71.31055270884488,71.38038695045663,70.256298588644,72.50874035252895,Estimación adecuada
Rio Grande,1980-1984,2,77.8338345029928,77.55209048958801,76.6084624856301,78.74182219408863,Estimación adecuada
Rio Grande,1985-1989,1,72.55792010168767,71.92948059678437,71.03240160412486,73.14201442632105,Estimación adecuada
Rio Grande,1985-1989,2,78.55898208748316,78.50413467860086,77.35242960801278,79.496550565084,Estimación adecuada
Rio Grande,1990-1994,1,69.8066408540921,70.21800247596121,69.218784056548,71.01001156737038,Estimación adecuada
Rio Grande,1990-1994,2,79.04176505901863,78.99305306542577,78.1351144137091,80.07414751610759,Estimación adecuada
Rio Grande,1995-1999,1,69.24216716509197,69.99893263190916,69.02751777632285,70.62054150420428,Estimación adecuada
Rio Grande,1995-1999,2,78.57122528721384,78.62379727736584,77.636497222815,79.31361564495927,Estimación adecuada
Rio Grande,2000-2004,1,73.5987446256221,73.6728019520749,72.70442211248647,74.36485594419727,Estimación adecuada
Rio Grande,2000-2004,2,80.92764017417292,80.79124917044302,79.63765013428505,82.12486790730814,Estimación adecuada
Rio Grande,2005-2009,1,74.74267006153134,74.83812908820977,74.091362887337,75.84105988323367,Estimación adecuada
Rio Grande,2005-2009,2,82.25371975622028,81.82825636669982,81.02938560278139,82.81767972502112,Estimación adecuada
Rio Grande,2010-2014,1,75.62464241200296,75.80876900342749,74.95079965738512,76.61885153154168,Estimación adecuada
Rio Grande,2010-2014,2,81.93516108938404,81.98993922293872,81.221682292908,82.9135684447183,Estimación adecuada
Rio Grande,2015-2019,1,77.32038501383934,77.42222000090396,76.62471710844167,78.36885944833463,Estimación adecuada
Rio Grande,2015-2019,2,84.73128165771396,84.44243096705594,83.43914235365803,85.37807796818007,Estimación adecuada
Rio Grande,2020-2024,1,76.09079051682853,76.58337352452023,75.5603937012213,77.65201155890799,Estimación adecuada
Rio Grande,2020-2024,2,84.92626206233898,85.23024211764313,84.04540671104832,86.3770172036434,Estimación adecuada
Sabana Grande,1980-1984,1,72.94260252849719,71.78621449917114,70.73902188215686,73.15138751038782,Estimación adecuada
Sabana Grande,1980-1984,2,76.79030160326006,77.22430724373976,75.89578023313615,78.61365124358352,Estimación adecuada
Sabana Grande,1985-1989,1,72.60670516660508,71.92589840083608,70.99284471016355,72.97818495066346,Estimación adecuada
Sabana Grande,1985-1989,2,79.46020484114078,78.95749226156022,77.61377598736334,80.21745033725327,Estimación adecuada
Sabana Grande,1990-1994,1,71.96878186562466,71.59059375298429,70.46691239721264,72.90844658362963,Estimación adecuada
Sabana Grande,1990-1994,2,77.52973712888554,77.6987974281137,76.77942789516469,78.55558980890723,Estimación adecuada
Sabana Grande,1995-1999,1,72.42496764545729,71.78277595647293,70.75545192529138,72.80903078749051,Estimación adecuada
Sabana Grande,1995-1999,2,77.8549110688198,77.86962582356877,76.6472997910043,78.61523020980087,Estimación adecuada
Sabana Grande,2000-2004,1,75.19081545433245,74.29741379070697,73.34969615859511,75.51845594286034,Estimación adecuada
Sabana Grande,2000-2004,2,80.10304388750191,80.56153866892305,79.45153198009294,81.8298964035618,Estimación adecuada
Sabana Grande,2005-2009,1,75.77699216646894,74.85024283987245,73.7938763888456,76.02291188439347,Estimación adecuada
Sabana Grande,2005-2009,2,80.72892003066303,81.1479117420186,79.75419257900371,82.51380709701684,Estimación adecuada
Sabana Grande,2010-2014,1,75.70526772953107,75.8719799254603,74.88875260910436,76.97843372773568,Estimación adecuada
Sabana Grande,2010-2014,2,83.3057418970242,82.95176663905872,81.86742624432247,84.2355542340981,Estimación adecuada
Sabana Grande,2015-2019,1,77.43470484017462,76.9408384386569,75.66246772566254,77.9386902612211,Estimación adecuada
Sabana Grande,2015-2019,2,83.12156944238525,83.17814069658604,81.90369315285191,84.2371038384179,Estimación adecuada
Sabana Grande,2020-2024,1,77.44105015726227,77.4469558253421,76.55021501764665,78.41952230320291,Estimación adecuada
Sabana Grande,2020-2024,2,83.44790990052292,84.47303896883844,83.24810612479112,86.29354982156127,Estimación adecuada
Salinas,1980-1984,1,69.34771587119822,69.71818687681808,68.79288074170574,70.79594103772615,Estimación adecuada
Salinas,1980-1984,2,77.00356882697933,76.97362595272219,76.1260958770447,78.12536447814526,Estimación adecuada
Salinas,1985-1989,1,67.8768913469486,69.03094697641112,67.87307284401643,70.06922361949316,Estimación adecuada
Salinas,1985-1989,2,76.51927305162637,76.81739757956991,75.89986133250657,78.05987197259006,Estimación adecuada
Salinas,1990-1994,1,69.60135801885075,70.06798744486815,69.03454828059381,70.89256089272436,Estimación adecuada
Salinas,1990-1994,2,77.16626361655916,77.72280118930672,76.61929738130588,78.70327793220626,Estimación adecuada
Salinas,1995-1999,1,69.29023548543516,69.7229206475768,68.77277460695605,70.52903691819955,Estimación adecuada
Salinas,1995-1999,2,79.22383445714814,78.81637245794155,77.66437158812042,80.36594249021674,Estimación adecuada
Salinas,2000-2004,1,73.10253328655585,73.18724013533657,72.03722026667701,74.14413564429553,Estimación adecuada
Salinas,2000-2004,2,80.52455994892824,80.16361916835692,79.32510675437348,81.1409258857542,Estimación adecuada
Salinas,2005-2009,1,73.52822440107285,73.58558133635287,72.56465821087531,74.6485715697812,Estimación adecuada
Salinas,2005-2009,2,80.63090066219925,80.89300017643795,79.7896689493829,81.87004118102843,Estimación adecuada
Salinas,2010-2014,1,75.47743944137984,75.48460265714067,74.36193830203061,76.55227567784122,Estimación adecuada
Salinas,2010-2014,2,83.23167940762168,83.09657798943294,81.95826285806945,85.25561136949537,Estimación adecuada
Salinas,2015-2019,1,77.96635541138743,77.76607968382243,76.63744655606149,78.76792615629533,Estimación adecuada
Salinas,2015-2019,2,85.02610562554052,84.760523299971,83.38297501469584,86.27891652335103,Estimación adecuada
Salinas,2020-2024,1,77.2752335181164,77.25707915803433,76.39289286571304,78.27076491962697,Estimación adecuada
Salinas,2020-2024,2,85.43601257393142,85.07366828926908,83.74435017040537,86.55404539911368,Estimación adecuada
San German,1980-1984,1,72.17155637189039,71.89951859154561,71.18073106884626,72.95407194908778,Estimación adecuada
San German,1980-1984,2,77.0812843420632,77.43449520967269,76.57205771250258,78.86561567228293,Estimación adecuada
San German,1985-1989,1,73.24578912339052,72.59485578490379,71.8663829898704,73.70239597809015,Estimación adecuada
San German,1985-1989,2,78.281715742411,78.13776492006465,77.11352483991345,79.20223446540561,Estimación adecuada
San German,1990-1994,1,72.47312065094486,72.06033774223135,71.07780465121053,72.84862173369295,Estimación adecuada
San German,1990-1994,2,78.88901019804139,79.10292082386387,78.00374027925142,80.0277326373209,Estimación adecuada
San German,1995-1999,1,74.17482678706043,73.4019523632028,72.47936517233626,74.333688574616545,Estimación adecuada
San German,1995-1999,2,78.52895052757144,78.79909291295272,78.10915378079984,80.13012284993147,Estimación adecuada
San German,2000-2004,1,75.40040785434385,74.7038081416804,73.84798532577037,75.60074584269796,Estimación adecuada
San German,2000-2004,2,81.07042973561371,81.05657889177766,79.99300099049574,82.14501697297004,Estimación adecuada
San German,2005-2009,1,75.89227383722931,75.41360627504048,74.50915499035747,76.50134922987583,Estimación adecuada
San German,2005-2009,2,81.35724022521588,81.77386700628037,80.97265540921427,82.92517814638958,Estimación adecuada
San German,2010-2014,1,77.09595528241658,76.38553170176701,75.38660610529868,77.44851560515468,Estimación adecuada
San German,2010-2014,2,81.95497572147197,82.54018961152424,81.61160908878904,83.55884781053851,Estimación adecuada
San German,2015-2019,1,79.14792857398798,78.12452749898007,77.07597539006744,78.97110892520857,< e0 observado
San German,2015-2019,2,84.0002365484052,84.28547708089249,83.139768474606,85.46186452058373,Estimación adecuada
San German,2020-2024,1,78.13234571523579,77.6847627683604,76.65942878766441,78.52425150239746,Estimación adecuada
San German,2020-2024,2,83.15333884969452,83.84957034999485,82.94296675704052,84.86240159737775,Estimación adecuada
San Juan,1980-1984,1,68.53296805880613,68.6697191966449,68.33824750353787,68.98906204610523,Estimación adecuada
San Juan,1980-1984,2,78.41781325030587,78.30611699036464,77.83843171129347,78.62600733214589,Estimación adecuada
San Juan,1985-1989,1,67.17212517316179,67.33828314857965,66.96650074730667,67.70802177657238,Estimación adecuada
San Juan,1985-1989,2,78.70934229140379,78.66105503370109,78.35193373042216,78.98732262763566,Estimación adecuada
San Juan,1990-1994,1,64.70940097035052,64.97065285128141,64.61087164223774,65.20613578917883,Estimación adecuada
San Juan,1990-1994,2,78.53794951508831,78.5994860394948,78.23019245737825,78.92823377061502,Estimación adecuada
San Juan,1995-1999,1,67.09892384379134,67.26867334901327,66.90681049348419,67.60298982536088,Estimación adecuada
San Juan,1995-1999,2,79.54091321860172,79.55084080084083,79.18781613698567,79.92222722269537,Estimación adecuada
San Juan,2000-2004,1,71.1882392973574,71.23723813910784,70.88868240915724,71.57874623902079,Estimación adecuada
San Juan,2000-2004,2,81.92921875527303,81.73028651601038,81.38184825098757,82.06331406840204,Estimación adecuada
San Juan,2005-2009,1,72.69964876784017,72.70452538097507,72.33372252662022,73.05596176186239,Estimación adecuada
San Juan,2005-2009,2,82.46547999538443,82.44716812337069,82.0777350876152,82.83331306785519,Estimación adecuada
San Juan,2010-2014,1,74.44529350870087,74.53717331149775,74.07554103658828,74.84287902282088,Estimación adecuada
San Juan,2010-2014,2,84.20463369793843,84.0448531111192,83.61579508671848,84.56965282883256,Estimación adecuada
San Juan,2015-2019,1,75.79825935426356,75.88128409850032,75.3397039653971,76.21854648362165,Estimación adecuada
San Juan,2015-2019,2,85.20819741649419,85.04989053225722,84.58033788319972,85.57113171085008,Estimación adecuada
San Juan,2020-2024,1,75.09617765928651,75.187326869261,74.8028501076237,75.60117371601481,Estimación adecuada
San Juan,2020-2024,2,85.57777113429813,85.37164541270963,84.85827359620019,85.75639379168823,Estimación adecuada
San Lorenzo,1980-1984,1,72.4269330696064,72.44266968922066,71.56970285038773,73.43807860686556,Estimación adecuada
San Lorenzo,1980-1984,2,78.47103642037956,78.42255502832612,77.281437913152,79.49533102694228,Estimación adecuada
San Lorenzo,1985-1989,1,70.33185072656097,70.98818808335389,69.81009617265147,72.0078389019071,Estimación adecuada
San Lorenzo,1985-1989,2,79.4038927542163,78.76037878951837,77.50368033858712,79.82156529869141,Estimación adecuada
San Lorenzo,1990-1994,1,70.49063585980458,70.69223041288802,69.95723551073229,71.53292197181331,Estimación adecuada
San Lorenzo,1990-1994,2,79.42906403274269,79.06670497027582,78.1757200958927,80.07036513115384,Estimación adecuada
San Lorenzo,1995-1999,1,72.39291160482962,72.12398665979708,71.35886380719731,73.16675100795558,Estimación adecuada
San Lorenzo,1995-1999,2,78.56261721700943,78.66073722236325,77.8211407433639,79.4055356990147,Estimación adecuada
San Lorenzo,2000-2004,1,73.59466919977362,73.67965826597867,72.89171296056904,74.70399993636408,Estimación adecuada
San Lorenzo,2000-2004,2,81.14875504017051,81.06804275790404,79.99254967816418,82.37745917677029,Estimación adecuada
San Lorenzo,2005-2009,1,75.07421835227707,74.95081620552568,74.06866820459666,75.8614738424981,Estimación adecuada
San Lorenzo,2005-2009,2,82.06471302858854,81.67718007397113,80.66050547628893,82.7431526040881,Estimación adecuada
San Lorenzo,2010-2014,1,76.50254306599682,76.58447938890663,75.75293067218387,77.54544788197217,Estimación adecuada
San Lorenzo,2010-2014,2,83.9183271335132,83.41375365457026,82.3953057919235,84.36446765375288,Estimación adecuada
San Lorenzo,2015-2019,1,77.43176974248165,78.06369160611769,76.98616728047134,79.03801251958117,Estimación adecuada
San Lorenzo,2015-2019,2,85.92248006512409,85.51621203570552,84.0020517933626,86.94244229921574,Estimación adecuada
San Lorenzo,2020-2024,1,77.62523479934367,77.78012826537936,76.89609017012805,78.81863129090905,Estimación adecuada
San Lorenzo,2020-2024,2,84.55625634680975,84.31424381982625,83.25633631195278,85.3474369999042,Estimación adecuada
San Sebastian,1980-1984,1,73.33683627750408,72.82028693191737,71.82439883981414,73.5829591375789,Estimación adecuada
San Sebastian,1980-1984,2,77.39216900594447,77.63825828206302,76.9188999566554,78.6471874393105,Estimación adecuada
San Sebastian,1985-1989,1,71.54106439345284,71.72453328113474,70.93232054328021,72.563879391282,Estimación adecuada
San Sebastian,1985-1989,2,78.32567842249966,78.3375543649368,77.43427742358998,79.40726364603103,Estimación adecuada
San Sebastian,1990-1994,1,72.72006609308197,72.24093353172837,71.25320534086484,73.02300044486537,Estimación adecuada
San Sebastian,1990-1994,2,78.61121244043503,78.75692304015656,77.8355323954508,79.55450117989876,Estimación adecuada
San Sebastian,1995-1999,1,73.29080325081594,72.96334274412857,72.11026376613597,73.72685230123636,Estimación adecuada
San Sebastian,1995-1999,2,79.73176179097116,79.42957571769628,78.62311416297777,80.36536294095644,Estimación adecuada
San Sebastian,2000-2004,1,74.89792147656362,74.44396850262255,73.58620738994387,75.35507987636669,Estimación adecuada
San Sebastian,2000-2004,2,80.32263567678552,80.21199775137697,79.47978695132998,81.25879598844149,Estimación adecuada
San Sebastian,2005-2009,1,76.73740203137386,75.97887033283274,75.03872902667246,76.98869020717416,Estimación adecuada
San Sebastian,2005-2009,2,81.1692904566309,81.1616523890374,80.39930553100513,82.04541288041244,Estimación adecuada
San Sebastian,2010-2014,1,76.69546237928682,76.40048074670786,75.55922209215733,77.20572460432858,Estimación adecuada
San Sebastian,2010-2014,2,83.16134686711862,82.89733605449017,82.05224022426114,84.04183936862745,Estimación adecuada
San Sebastian,2015-2019,1,79.1178099470019,78.43837531990198,77.57154893394198,79.3795306341508,Estimación adecuada
San Sebastian,2015-2019,2,84.22340952689646,84.03460546098788,82.95946227361188,84.83949329873343,Estimación adecuada
San Sebastian,2020-2024,1,78.24142492610734,77.802420021794,77.03820052666327,78.78768196695842,Estimación adecuada
San Sebastian,2020-2024,2,84.23065748606743,84.28076800769162,83.37848328260024,85.19394750753884,Estimación adecuada
Santa Isabel,1980-1984,1,69.7275677276356,69.41419728088776,68.49908891330547,70.3641099076293,Estimación adecuada
Santa Isabel,1980-1984,2,77.7763438904047,77.17668209925948,75.9879257179791,78.89222336034217,Estimación adecuada
Santa Isabel,1985-1989,1,69.23817247335977,69.69917592648406,68.56305894242993,70.8066666500732,Estimación adecuada
Santa Isabel,1985-1989,2,76.67908928126376,76.63527428893458,75.62831780820264,78.02196296004945,Estimación adecuada
Santa Isabel,1990-1994,1,66.65679986192234,68.31050350514597,67.26964344379383,69.51492312155386,> e0 observado
Santa Isabel,1990-1994,2,76.1627447017844,76.80713478259514,75.60869471111833,78.07993777847054,Estimación adecuada
Santa Isabel,1995-1999,1,68.83610956762453,69.29138865498331,68.1559958251683,70.29537748427126,Estimación adecuada
Santa Isabel,1995-1999,2,77.73152078827611,77.51724892505942,76.31307448248286,78.51144168989963,Estimación adecuada
Santa Isabel,2000-2004,1,69.45419232564782,70.81984979624045,69.44478431162491,72.02446676625124,Estimación adecuada
Santa Isabel,2000-2004,2,79.11209035669054,79.19522106225983,78.04563746140848,80.44416459026388,Estimación adecuada
Santa Isabel,2005-2009,1,72.31479005793592,72.5068997649472,71.40878529398839,73.59774633640751,Estimación adecuada
Santa Isabel,2005-2009,2,81.59418713189359,81.16550852953583,79.81726282297159,82.71284413943948,Estimación adecuada
Santa Isabel,2010-2014,1,74.62174299181575,75.1970178456449,73.96252428359068,76.3189935314773,Estimación adecuada
Santa Isabel,2010-2014,2,81.81631250475374,81.32434707959342,80.28098349171974,82.5769454549071,Estimación adecuada
Santa Isabel,2015-2019,1,75.10553816345772,75.26041943603155,74.25123760332517,76.33718124824696,Estimación adecuada
Santa Isabel,2015-2019,2,85.04929628842375,83.78193330931813,82.39060169876151,85.13741112233144,Estimación adecuada
Santa Isabel,2020-2024,1,74.53124138847393,74.99190427615676,73.92912933928106,76.16114580791123,Estimación adecuada
Santa Isabel,2020-2024,2,83.31177822878875,83.00830719428262,81.53908506412031,84.36323089399673,Estimación adecuada
Toa Alta,1980-1984,1,74.8830856005072,74.21294317958552,72.98774727519874,75.52337648427715,Estimación adecuada
Toa Alta,1980-1984,2,77.90618677933547,78.87874682822805,77.52308691827717,80.23802764162231,Estimación adecuada
Toa Alta,1985-1989,1,72.95726224514657,72.89708139378774,71.58428085650851,73.92095292379497,Estimación adecuada
Toa Alta,1985-1989,2,81.13925929884047,80.69279753363347,79.627890478576,82.22894603561059,Estimación adecuada
Toa Alta,1990-1994,1,73.42887184415189,73.30007065599796,72.46283801020809,74.43120568968524,Estimación adecuada
Toa Alta,1990-1994,2,79.53507742661205,79.8524343355196,78.80183353415394,81.0962033978488,Estimación adecuada
Toa Alta,1995-1999,1,73.12825061550112,73.07280460481809,72.35077367449645,73.94230460100042,Estimación adecuada
Toa Alta,1995-1999,2,80.88771225273739,80.74970580560938,79.75154345687606,81.7322710000177,Estimación adecuada
Toa Alta,2000-2004,1,75.20122641401855,75.15124749422333,74.36985074562158,75.85125788543965,Estimación adecuada
Toa Alta,2000-2004,2,81.33505965208538,81.53442719103344,80.61714448942543,82.60836476081506,Estimación adecuada
Toa Alta,2005-2009,1,77.25808536131703,77.08768649000226,76.33195462782064,78.04005186527827,Estimación adecuada
Toa Alta,2005-2009,2,83.45975745150935,83.28284327308657,82.27617423605466,84.41928941945504,Estimación adecuada
Toa Alta,2010-2014,1,77.617438844306065,77.72485699577899,76.9580621784803,78.46932202163416,Estimación adecuada
Toa Alta,2010-2014,2,84.59193836320182,84.38576667339692,83.5026532039679,85.45487613719727,Estimación adecuada
Toa Alta,2015-2019,1,79.44012262836311,79.44925971476351,78.4637369142431,80.30686813829507,Estimación adecuada
Toa Alta,2015-2019,2,84.21287299648571,84.37913641304392,83.53712505781061,85.65942001120246,Estimación adecuada
Toa Alta,2020-2024,1,79.32715713141147,79.19386747848546,78.4753185097025,80.16164276676344,Estimación adecuada
Toa Alta,2020-2024,2,85.92609855770323,85.43704609354407,84.53254982294223,86.47133182234677,Estimación adecuada
Toa Baja,1980-1984,1,72.82833976912103,72.54892445978811,71.68841144023037,73.47725214435302,Estimación adecuada
Toa Baja,1980-1984,2,79.03893803233984,78.76873090779773,77.90835427352647,79.69912559748508,Estimación adecuada
Toa Baja,1985-1989,1,71.09171108702432,71.14706935101825,70.51831472391103,71.92082861729943,Estimación adecuada
Toa Baja,1985-1989,2,79.17713173148333,78.93819396317805,78.06669122771254,79.88305784657389,Estimación adecuada
Toa Baja,1990-1994,1,69.55070432606276,69.949810835645,69.18258195438783,70.48346927411794,Estimación adecuada
Toa Baja,1990-1994,2,78.53439715581091,78.35461580947371,77.76594290031156,79.22578467692708,Estimación adecuada
Toa Baja,1995-1999,1,71.02389397781576,71.2511830328753,70.49202505317469,71.92688255542947,Estimación adecuada
Toa Baja,1995-1999,2,80.35817914633549,79.93321873930503,78.99091282367827,80.62856578705616,Estimación adecuada
Toa Baja,2000-2004,1,73.3130761935651,73.52205824857985,72.90960057329676,74.29766705042692,Estimación adecuada
Toa Baja,2000-2004,2,81.24641875534006,81.00667145380473,80.20014937845616,81.53441203724755,Estimación adecuada
Toa Baja,2005-2009,1,73.9336800218148,74.19680786912534,73.34931178105904,75.03182777496022,Estimación adecuada
Toa Baja,2005-2009,2,81.2918522418654,81.21278920331754,80.42969667128976,82.10546441959903,Estimación adecuada
Toa Baja,2010-2014,1,75.63234922554784,75.72491750030905,75.01383137298328,76.27849407278745,Estimación adecuada
Toa Baja,2010-2014,2,83.19276198853512,82.97936289246216,82.25175470556388,83.92413057820919,Estimación adecuada
Toa Baja,2015-2019,1,77.0796431176242,77.13345258183168,76.38951944621348,77.74064473081901,Estimación adecuada
Toa Baja,2015-2019,2,85.28768156374481,85.22433681981681,84.39900986723191,86.06600072306532,Estimación adecuada
Toa Baja,2020-2024,1,76.06866784040614,76.38922038192968,75.56985619382918,77.10258423572355,Estimación adecuada
Toa Baja,2020-2024,2,84.82502560819063,84.7545673630607,83.83185023733662,85.64271350773811,Estimación adecuada
Trujillo Alto,1980-1984,1,73.8807661516517,73.76477868519223,72.77518951230442,74.79565782271061,Estimación adecuada
Trujillo Alto,1980-1984,2,80.45848591811597,80.15400091925656,79.3411658482914,81.34276015992353,Estimación adecuada
Trujillo Alto,1985-1989,1,72.91759611684925,73.03167417165076,72.27148318513065,73.83724433008675,Estimación adecuada
Trujillo Alto,1985-1989,2,81.01563083839561,80.70109550772841,79.52666496527014,82.03674071566552,Estimación adecuada
Trujillo Alto,1990-1994,1,72.6023641348921,72.79215333072501,71.88121198223465,73.72775156000392,Estimación adecuada
Trujillo Alto,1990-1994,2,79.85175886432305,79.9486335518616,79.02122062497307,80.86549779752168,Estimación adecuada
Trujillo Alto,1995-1999,1,72.41162116159781,72.71155355456662,71.89639855598463,73.42905570940766,Estimación adecuada
Trujillo Alto,1995-1999,2,81.19162622930031,80.848196989783645,79.97816209471159,81.60266045125024,Estimación adecuada
Trujillo Alto,2000-2004,1,74.68446388601943,74.92791975671065,74.19933772847926,75.88635655652149,Estimación adecuada
Trujillo Alto,2000-2004,2,83.41194987282269,83.22556156407884,82.3175360707385,84.3852569480987,Estimación adecuada
Trujillo Alto,2005-2009,1,75.81610434260868,76.01039697182077,75.23374518365135,76.75934807154349,Estimación adecuada
Trujillo Alto,2005-2009,2,83.84316698522537,83.52673070263938,82.57896361345233,84.5255876776081,Estimación adecuada
Trujillo Alto,2010-2014,1,77.88979650864401,77.90331198852775,77.12781208481715,78.71985803124845,Estimación adecuada
Trujillo Alto,2010-2014,2,85.28937280458358,85.05212816275275,83.9236406585571,85.95485780686562,Estimación adecuada
Trujillo Alto,2015-2019,1,79.53728233113502,79.46482192939322,78.47361857140302,80.61724187043944,Estimación adecuada
Trujillo Alto,2015-2019,2,86.3543330403018,86.16514751728488,85.19782340858094,87.32910472939054,Estimación adecuada
Trujillo Alto,2020-2024,1,78.39208683519212,78.57844108016978,77.75771046088134,79.41864166005553,Estimación adecuada
Trujillo Alto,2020-2024,2,86.16954614436371,85.77077923755292,84.960711580959,86.57243559198685,Estimación adecuada
Utuado,1980-1984,1,72.77455758364391,72.76066859373788,71.83609915336753,73.6949998538982,Estimación adecuada
Utuado,1980-1984,2,78.22725510627389,78.30571184894563,77.26726350382984,79.34225682613999,Estimación adecuada
Utuado,1985-1989,1,72.49241351300115,72.4623064758861,71.51638385176736,73.27557000274825,Estimación adecuada
Utuado,1985-1989,2,78.55971933281445,78.44230627109548,77.62131462677453,79.60240544280876,Estimación adecuada
Utuado,1990-1994,1,73.58027996114916,72.90718866476577,72.15444081638114,73.92033259840935,Estimación adecuada
Utuado,1990-1994,2,79.15999314000904,78.85427490785351,77.91797094181283,79.82469990587668,Estimación adecuada
Utuado,1995-1999,1,73.56681994998524,72.6168764548301,71.93939029888435,73.55611096301382,< e0 observado
Utuado,1995-1999,2,79.75811291705193,79.40768572643718,78.29538231729798,80.22590458244653,Estimación adecuada
Utuado,2000-2004,1,75.66609210920785,74.8975031162513,73.92219013805922,75.85115604837249,Estimación adecuada
Utuado,2000-2004,2,80.85296661933371,81.03967478779253,80.11017192956675,82.1796493212195,Estimación adecuada
Utuado,2005-2009,1,74.96306439444312,74.98999365601804,74.15121952407071,75.9084561136439,Estimación adecuada
Utuado,2005-2009,2,81.95177865789455,82.26824821338104,81.07549118019006,83.551029499136,Estimación adecuada
Utuado,2010-2014,1,76.45438665507136,75.94956268458256,75.2281384391259,76.74883593454706,Estimación adecuada
Utuado,2010-2014,2,83.96232047500072,83.54886493055008,82.53976134811302,85.00262268085245,Estimación adecuada
Utuado,2015-2019,1,79.0189703608258,78.93824436555019,77.6563661201017,79.89646725824853,Estimación adecuada
Utuado,2015-2019,2,85.5118737413184,85.12739065009896,84.04598537200684,86.32507149048612,Estimación adecuada
Utuado,2020-2024,1,80.22889535833663,79.14580504449393,77.86226331909958,80.37139757891215,Estimación adecuada
Utuado,2020-2024,2,86.24989014279643,85.31189865788654,83.95717928572046,86.51383650021742,Estimación adecuada
Vega Alta,1980-1984,1,73.54933326191107,72.94914767969658,71.68649976608955,74.19808428124864,Estimación adecuada
Vega Alta,1980-1984,2,78.25469326095431,78.50265395791183,77.15577989613166,79.937262682653,Estimación adecuada
Vega Alta,1985-1989,1,72.05535344696615,72.20427183222633,71.26747068413863,73.47964742145363,Estimación adecuada
Vega Alta,1985-1989,2,78.15985935324002,78.19521401798289,77.27140144337935,79.37659178205055,Estimación adecuada
Vega Alta,1990-1994,1,70.24052329679134,70.8051060196799,69.82402802613126,71.73506796853061,Estimación adecuada
Vega Alta,1990-1994,2,79.51462054686016,79.39682556584023,78.32462558488963,80.58896976574033,Estimación adecuada
Vega Alta,1995-1999,1,71.54816531304111,71.83667807384151,70.99900253816077,72.77403154489724,Estimación adecuada
Vega Alta,1995-1999,2,79.34051049480365,79.42758087239912,78.50691935739177,80.57253042059295,Estimación adecuada
Vega Alta,2000-2004,1,74.10875011525926,74.06435384766647,72.98380740389044,75.02134234426163,Estimación adecuada
Vega Alta,2000-2004,2,81.98636550598057,81.85752919306594,80.51219536098696,83.12719332007944,Estimación adecuada
Vega Alta,2005-2009,1,74.49742104581102,74.83169716476866,73.55223569054576,75.9355510186312,Estimación adecuada
Vega Alta,2005-2009,2,82.79578771576239,82.3775084243954,81.41718772929877,83.63426286686715,Estimación adecuada
Vega Alta,2010-2014,1,76.95585105473053,76.66968977209581,75.718321493850965,77.65677349956226,Estimación adecuada
Vega Alta,2010-2014,2,84.70771205138385,84.22451156254493,82.97315392966556,85.34196759870181,Estimación adecuada
Vega Alta,2015-2019,1,79.09002086085074,78.61592436624127,77.70001564527563,79.60364071251892,Estimación adecuada
Vega Alta,2015-2019,2,84.78023321458953,84.8539913819631,83.8325080202022,86.0508497442345,Estimación adecuada
Vega Alta,2020-2024,1,79.13203080104806,78.75443291513594,77.4938871193593,80.09356759443929,Estimación adecuada
Vega Alta,2020-2024,2,86.55489338482076,86.0619036925408,84.59332681396346,87.97942036909816,Estimación adecuada
Vega Baja,1980-1984,1,72.17472574689376,72.00327546784493,71.13819440739866,72.85411440177586,Estimación adecuada
Vega Baja,1980-1984,2,77.4559969407079,77.32236081621197,76.190741306359,78.1342078509309,Estimación adecuada
Vega Baja,1985-1989,1,71.32919645334727,71.3668170226936,70.45692055198009,72.24574002618621,Estimación adecuada
Vega Baja,1985-1989,2,78.37255208308184,78.30162227193662,77.4828399348084,79.40665727274816,Estimación adecuada
Vega Baja,1990-1994,1,69.34239102427848,69.74215346333733,68.90402455894761,70.3622742304261,Estimación adecuada
Vega Baja,1990-1994,2,79.817128530258,79.4294944348967,78.61759968297832,80.43560723326414,Estimación adecuada
Vega Baja,1995-1999,1,69.80129928554581,70.12066640134691,69.24421987316947,71.01138848334159,Estimación adecuada
Vega Baja,1995-1999,2,78.73855584436625,78.45322722581403,77.76974609252238,79.26660207657093,Estimación adecuada
Vega Baja,2000-2004,1,71.71281396652603,72.09937251848037,71.23185201334316,72.90832877075394,Estimación adecuada
Vega Baja,2000-2004,2,80.83940501884719,80.25543397529813,79.38653767677818,81.15278664838668,Estimación adecuada
Vega Baja,2005-2009,1,73.49107576558887,73.65533141505577,73.01695830173307,74.51259126522874,Estimación adecuada
Vega Baja,2005-2009,2,81.56225378359265,81.26305120088887,80.40858857702219,82.12194129936726,Estimación adecuada
Vega Baja,2010-2014,1,75.67293352681041,75.57822179828656,74.87548789965746,76.41474106653396,Estimación adecuada
Vega Baja,2010-2014,2,82.83225536608914,82.45949387906015,81.62889320745421,83.38176484679614,Estimación adecuada
Vega Baja,2015-2019,1,77.17186219895375,76.96640574029885,76.09676034553769,77.76939425785041,Estimación adecuada
Vega Baja,2015-2019,2,85.55300741129905,85.161580620494,84.12240948631838,86.14486570952587,Estimación adecuada
Vega Baja,2020-2024,1,76.1343018706242,76.57114374370103,75.9366964103074,77.41434280961991,Estimación adecuada
Vega Baja,2020-2024,2,85.01178406884422,84.33276638355804,83.45111780656552,85.3616431836003,Estimación adecuada
Vieques,1980-1984,1,68.44199950691872,69.42650645068639,67.97337973736433,71.1158356593491,Estimación adecuada
Vieques,1980-1984,2,79.82881030409467,77.46179903246248,75.95796381722988,78.76929052944777,< e0 observado
Vieques,1985-1989,1,68.91887213110078,69.07504407144464,67.77950263037218,70.4544014218825,Estimación adecuada
Vieques,1985-1989,2,76.64055553721266,76.83190112583944,75.38579811628904,78.61114373432036,Estimación adecuada
Vieques,1990-1994,1,70.56388701195755,69.83188869697037,67.99061840705195,71.49240734729268,Estimación adecuada
Vieques,1990-1994,2,75.61141239304688,76.78946053178355,75.245266135916,78.43860297573929,Estimación adecuada
Vieques,1995-1999,1,67.1661520645474,68.85434657057206,67.35346807068109,70.23405783910653,> e0 observado
Vieques,1995-1999,2,77.66760098100364,77.96074807184162,76.53549644306091,79.5907831982525,Estimación adecuada
Vieques,2000-2004,1,71.06219249587082,71.61914619829986,70.2111760606859,72.6896993563779,Estimación adecuada
Vieques,2000-2004,2,79.94564055883934,79.82914251961117,78.3610386486705,81.45132108496166,Estimación adecuada
Vieques,2005-2009,1,71.86562241202773,72.80918388331426,71.64030922758243,74.09087469751618,Estimación adecuada
Vieques,2005-2009,2,82.1662176624026,81.13597610289688,79.68608223454217,83.19296409860392,Estimación adecuada
Vieques,2010-2014,1,72.38693885614644,74.47318962018734,72.8219254599272,75.94703497639713,> e0 observado
Vieques,2010-2014,2,82.20083674525317,82.14824564436228,80.35893997527934,84.43050398182217,Estimación adecuada
Vieques,2015-2019,1,75.48771486205818,76.227448108663,74.35350258351701,78.02966426398888,Estimación adecuada
Vieques,2015-2019,2,85.60400958844578,83.97255251319447,82.50278685425288,86.69237355010704,Estimación adecuada
Vieques,2020-2024,1,70.30670126441383,75.38483427961602,73.56380282450368,76.70873054944437,> e0 observado
Vieques,2020-2024,2,82.77316856062777,82.78020106336285,81.38073453327026,84.78911918532378,Estimación adecuada
Villalba,1980-1984,1,71.31481633801816,71.73560032146895,70.1313474869084,72.77662249024272,Estimación adecuada
Villalba,1980-1984,2,77.35744616187003,78.15647910172518,76.93478517799366,79.87349401213739,Estimación adecuada
Villalba,1985-1989,1,70.6812298941124,71.21015166974155,70.05742213987538,72.13332046292504,Estimación adecuada
Villalba,1985-1989,2,78.13907330956457,78.43512894156757,77.23904549218797,79.95219933982581,Estimación adecuada
Villalba,1990-1994,1,72.3498469286644,71.78743895069337,70.57943338164372,72.72999147101612,Estimación adecuada
Villalba,1990-1994,2,79.32972359168376,79.09457222076279,77.75265775561155,80.56600070245264,Estimación adecuada
Villalba,1995-1999,1,74.12665072351581,72.80143036729805,71.82261043218371,73.89604651581682,< e0 observado
Villalba,1995-1999,2,79.94095261032773,79.62607011592885,78.31305562675237,80.84573676375057,Estimación adecuada
Villalba,2000-2004,1,75.24588138203707,74.87775351004365,73.6187600133451,75.98749543337729,Estimación adecuada
Villalba,2000-2004,2,81.24189158745828,80.84378476180585,79.51631216106844,82.29837145076695,Estimación adecuada
Villalba,2005-2009,1,75.22194783512565,75.16550584396592,74.19583169502793,76.30613439268011,Estimación adecuada
Villalba,2005-2009,2,82.367985821704,82.32674110274601,80.92418734709437,83.859236925164,Estimación adecuada
Villalba,2010-2014,1,77.8383761040004,76.81494609757095,75.6932905110868,78.16805401006347,Estimación adecuada
Villalba,2010-2014,2,82.38109633625453,82.65557823131391,81.54953807694301,84.42148809691895,Estimación adecuada
Villalba,2015-2019,1,77.83504649286682,77.61270290840197,76.22241774318593,78.64586770536498,Estimación adecuada
Villalba,2015-2019,2,84.05820533092681,84.32273441515706,83.06346314116558,86.3657292438563,Estimación adecuada
Villalba,2020-2024,1,77.24232552482839,77.18387955936217,76.17135161340786,78.31222730961281,Estimación adecuada
Villalba,2020-2024,2,85.36972299365041,85.36937988813075,84.192771526091,86.94051016717953,Estimación adecuada
Yabucoa,1980-1984,1,71.13885114874819,71.30725909061354,70.2360239912959,72.39526398727895,Estimación adecuada
Yabucoa,1980-1984,2,77.69784172893796,77.83632290008178,76.55445205856418,78.73718770754647,Estimación adecuada
Yabucoa,1985-1989,1,71.6497165141789,71.81662049129687,70.79356644354064,72.65224855960615,Estimación adecuada
Yabucoa,1985-1989,2,78.71247157491743,78.49795027858742,77.41074769318217,79.54409657896807,Estimación adecuada
Yabucoa,1990-1994,1,72.18368470754862,71.87150484741127,70.90591062415533,72.81816452776411,Estimación adecuada
Yabucoa,1990-1994,2,78.65582186258791,78.50956152772628,77.59853062196532,79.72920381078052,Estimación adecuada
Yabucoa,1995-1999,1,70.61759581589234,70.97146889355847,70.12712017414938,71.89464947413543,Estimación adecuada
Yabucoa,1995-1999,2,79.25053941807832,79.08577471773322,78.17897212837221,79.89304736921986,Estimación adecuada
Yabucoa,2000-2004,1,74.67500524731325,74.44387595119201,73.45410262728595,75.40454211080359,Estimación adecuada
Yabucoa,2000-2004,2,81.74191284227646,81.48477273687341,80.45134893998167,82.50931823793763,Estimación adecuada
Yabucoa,2005-2009,1,74.52109913218256,74.68620820809625,73.76804137723529,76.04675174143304,Estimación adecuada
Yabucoa,2005-2009,2,83.07308125246723,82.74512613283164,81.53672539225934,83.9678110996681,Estimación adecuada
Yabucoa,2010-2014,1,75.57434879024864,76.09902166407079,75.25582499219209,77.00510257782591,Estimación adecuada
Yabucoa,2010-2014,2,82.0382545268585,82.29209720814931,81.36218213029329,83.48882704120722,Estimación adecuada
Yabucoa,2015-2019,1,77.58753133123862,78.13057025862467,76.97281737554647,79.39117737868355,Estimación adecuada
Yabucoa,2015-2019,2,86.1265699532434,85.89359151232043,84.50574681566222,87.00597551446651,Estimación adecuada
Yabucoa,2020-2024,1,75.78194920338815,77.17216042001962,76.39988177240457,78.20145003711033,> e0 observado
Yabucoa,2020-2024,2,85.25611674355481,84.93527645465866,83.6456758541362,86.4825945994492,Estimación adecuada
Yauco,1980-1984,1,71.51456720078431,71.10288713504619,70.08000480918774,72.04601644641943,Estimación adecuada
Yauco,1980-1984,2,77.4589640282646,77.55859760125611,76.62830102493521,78.56909465550827,Estimación adecuada
Yauco,1985-1989,1,69.95040254168732,69.99985519584999,69.24989536829436,70.93947668319822,Estimación adecuada
Yauco,1985-1989,2,77.60208552265917,77.33023545760474,76.46251760713413,78.51237837679082,Estimación adecuada
Yauco,1990-1994,1,71.7335324052013,71.29267469855907,70.53360610847909,72.30407436755289,Estimación adecuada
Yauco,1990-1994,2,78.49054698828598,78.2268299965345,77.25457042637558,79.09825523870259,Estimación adecuada
Yauco,1995-1999,1,72.03051290197796,71.62382265930557,70.64349184403284,72.47487990081626,Estimación adecuada
Yauco,1995-1999,2,79.29391771380651,78.76820127759032,77.86644399421252,79.77145798623476,Estimación adecuada
Yauco,2000-2004,1,72.97803149863371,73.09875753386933,72.06148129184854,73.99989094566058,Estimación adecuada
Yauco,2000-2004,2,79.24854846213276,79.29132408837202,78.47346912702517,80.26265187811127,Estimación adecuada
Yauco,2005-2009,1,73.24138587908658,73.61218263121538,72.8543264966174,74.44125466562852,Estimación adecuada
Yauco,2005-2009,2,80.5594161821005,80.72759892555652,79.9001307876902,81.88946445194532,Estimación adecuada
Yauco,2010-2014,1,75.57887719653512,75.54969780846021,74.59167331307572,76.52552272444618,Estimación adecuada
Yauco,2010-2014,2,81.76032266455593,81.90980563761903,80.89187363165959,82.8499347013307,Estimación adecuada
Yauco,2015-2019,1,77.43223226793361,77.26517474225294,76.18470555083863,78.15446590887774,Estimación adecuada
Yauco,2015-2019,2,82.51620418595085,83.22961717977874,82.39764145170733,84.67805344257974,Estimación adecuada
Yauco,2020-2024,1,75.94482006846164,76.31835373839932,75.54764585319757,77.07691502972853,Estimación adecuada
Yauco,2020-2024,2,83.86986937855978,83.2582953428977,82.17716288269608,84.16784099449679,Estimación adecuada
