reg_code	age	include_code	1980	1985	1990	1995	2000	2005	2010	2015	2020
72001	0-4	2	0.00292411459668847	0.00260303837431998	0.00244963471018777	0.00254905849004588	0.00233266540101645	0.00212294584044315	0.0020027414735721	0.00138860634706574	0.00146144298315396
72001	5-9	2	0.000174375480235368	0.000168664863379358	0.000164379809188139	0.000161109998955298	0.000142904661373356	0.000130450526541591	0.000119008659438717	0.00010707722668779	0.000100005742611388
72001	10-14	2	0.000176693602330512	0.000170907058170353	0.000166565026715409	0.000163251755163901	0.000144804393798482	0.00013218470006904	0.000120590733262906	0.000108500679131672	0.000101335211192508
72001	15-19	2	0.000355569074824734	0.000343924576111282	0.000335186978429257	0.000328519495589632	0.000291396950053858	0.000266001612146094	0.000242670444611337	0.000218341130252885	0.000203921502856301
72001	20-24	2	0.000567103644202321	0.000548531539089982	0.000534595775123873	0.000523961658998883	0.000464754166572931	0.000424250664880633	0.000387039320536918	0.000348236106868262	0.000325237837199906
72001	25-29	2	0.000794152619794227	0.000768144767226423	0.000748629633519395	0.000733738058650151	0.000650825916792957	0.000594106030707622	0.000541996607147387	0.000487657958235897	0.000455451832615953
72001	30-34	2	0.0010980498307111	0.00106208964674915	0.00103510673287109	0.00101451655844598	0.000899876558076083	0.000821451744035829	0.000749401518913313	0.000674269315672158	0.000629738770363839
72001	35-39	2	0.00150104752443904	0.00145188930468101	0.0014150032372525	0.00138685611680103	0.00123014177929966	0.00112293414172495	0.00102444060601374	0.000921733955103793	0.000860860076931223
72001	40-44	2	0.00193248157040325	0.00186919387646016	0.00182170582923102	0.00178546856457561	0.0015837109870683	0.00144568933346777	0.00131888676277806	0.00118666010352829	0.00110828955065123
72001	45-49	2	0.00278809244600256	0.00269678401348008	0.00262827049172307	0.00257598889345787	0.00228490249701921	0.00208577117728385	0.00190282623821251	0.00171205612246804	0.00159898671088966
72001	50-54	2	0.00412963968238185	0.00399439670335552	0.003892916339297	0.00381547770966277	0.00338432911625409	0.00308938166682828	0.00281840875776161	0.0025358457012577	0.00236837058852369
72001	55-59	2	0.00618281283542428	0.00598033026134662	0.00582839629821847	0.00571245691078914	0.00506694885778484	0.00462535886580828	0.0042196638449083	0.00379661593966048	0.00354587522463641
72001	60-64	2	0.00968133168974209	0.00936427538416887	0.00912637074985319	0.00894482817725699	0.00793406265786773	0.0072425992086416	0.00660734241045269	0.00594491460281427	0.00555229261739952
72001	65-69	2	0.0146954288775549	0.0142141649642046	0.0138530468579097	0.0135774816914384	0.0120432267374192	0.0109936452309361	0.010029377699756	0.00902386849025875	0.00842790175272094
72001	70-74	2	0.0241299933515494	0.0233397514425747	0.0227467916731655	0.0222943122414179	0.0197750561056266	0.0180516370079814	0.0164683043421631	0.0148172480667612	0.0138386664796284
72001	75-79	2	0.0389875039251732	0.0377106824916073	0.0367526189447793	0.0360215356790418	0.0319511051797407	0.0291665320985917	0.0266082985500057	0.0239406416062579	0.0223595126881013
72001	80-84	2	0.0692653945693275	0.0669969825972305	0.0652948774409931	0.0639960271611846	0.0567644770126696	0.0518173889353972	0.0472724255562985	0.0425330544645226	0.0397240144602876
72001	85+	2	0.160026332081607	0.154785564699432	0.150853129414825	0.147852323516364	0.131145013482652	0.119715574694824	0.109215173192437	0.0982656505725828	0.0917758182884784
72003	0-4	2	0.00341448549841479	0.00306969025794883	0.00276247372144971	0.00262474076339091	0.00229141532906833	0.0021817428610284	0.00192902033785451	0.00159696756216051	0.00165334794729624
72003	5-9	2	0.000192961389235664	0.000181694208039807	0.000171683447339009	0.000170989919421122	0.000152347408039835	0.000142443920888481	0.000125352057256362	0.000110402695197568	0.000112634283661498
72003	10-14	2	0.000195526539334317	0.000184109588639793	0.000173965764228828	0.000173263028790867	0.000154372679849867	0.000144337522574607	0.000127018468801299	0.000111870370727122	0.000114131616186771
72003	15-19	2	0.000393467715747337	0.000370492709400888	0.000350079679757903	0.000348665574937182	0.000310651605963507	0.000290457370063174	0.000255605196998173	0.000225121970829987	0.000229672475918633
72003	20-24	2	0.000627549062529284	0.00059090550321585	0.000558348223896329	0.000556092894618355	0.000495463683831993	0.000463255607334222	0.000407669119452873	0.000359050866749007	0.000366308594440804
72003	25-29	2	0.000878798507970071	0.000827483839582562	0.000781891658683514	0.000778733543535804	0.000693830511344768	0.000648727311300846	0.000570885877188747	0.000502802522996091	0.000512966010385361
72003	30-34	2	0.00121508721840571	0.00114413588731225	0.00108109685163268	0.00107673018798009	0.000959337483904654	0.000896974830077567	0.000789345676043111	0.000695209105440586	0.000709261911017047
72003	35-39	2	0.00166103945598393	0.00156404771134423	0.0014778722543511	0.00147190286997191	0.00131142555283391	0.00122617523019992	0.00107904473561443	0.000950358768701305	0.00096956935222193
72003	40-44	2	0.00213845894421896	0.00201358921072942	0.00190264478551102	0.00189495962297164	0.00168835742063407	0.00157860404019428	0.00138918518734939	0.00122351221623345	0.00124824425377971
72003	45-49	2	0.00308526711318988	0.00290511097514142	0.00274504544329216	0.00273395758200673	0.0024358815117362	0.00227753427810788	0.00200424921162653	0.00176522438968207	0.00180090687433964
72003	50-54	2	0.00456980704524582	0.00430296520415348	0.00406588040161828	0.00404945681365193	0.0036079552208644	0.00337341586776482	0.00296863360017875	0.00261459678255911	0.00266744897821698
72003	55-59	2	0.00684182303043227	0.00644231249241098	0.00608735415176198	0.00606276601599042	0.0054017577915328	0.00505060958450162	0.00444457747069694	0.00391452053592468	0.00399364928735098
72003	60-64	2	0.0107132402109082	0.0100876689113113	0.00953185908321035	0.0094933579496511	0.00845832162686248	0.00790847657519937	0.00695952266728875	0.00612953447358644	0.00625343766994052
72003	65-69	2	0.016261779599815	0.0153122162760024	0.0144685449549225	0.0144101040564334	0.0128390080002011	0.0120043916546508	0.0105639584067193	0.00930410729437274	0.00949218056771546
72003	70-74	2	0.0267019557749257	0.0251427622780649	0.0237574471056122	0.0236614880750423	0.0210817376731082	0.0197112909987361	0.0173460910546509	0.0152774029975717	0.0155862205386419
72003	75-79	2	0.0431430962806843	0.0406238588919926	0.0383855648622308	0.0382305219342518	0.0340623479260792	0.0318480809333357	0.0280265614398255	0.0246841265561729	0.0251830861614262
72003	80-84	2	0.0766482473699506	0.0721725537886821	0.0681959836237883	0.0679205249114109	0.0605153249967099	0.0565814509653948	0.0497921256079649	0.0438539380759428	0.0447403890512706
72003	85+	2	0.177083237533614	0.166742907758005	0.157555696689361	0.156919284558713	0.139810784552221	0.130722207085502	0.115036575439218	0.101317367891981	0.10336536535238
72005	0-4	2	0.00318282068139018	0.00301158928305212	0.00280471383626537	0.00268976913324484	0.00230013812278693	0.00225172258529881	0.0019963450913613	0.00157980746807202	0.00174092068252906
72005	5-9	2	0.000195659249379575	0.000189046554891802	0.000180803883756032	0.000178905968978051	0.000154628310737976	0.000146353049917708	0.000136217789593234	0.000123249917741517	0.000121459354145692
72005	10-14	2	0.000198260342361853	0.000191559721335255	0.000183207474909214	0.000181284344757454	0.000156683947420838	0.000148298654826378	0.000138028653094425	0.000124888376574857	0.000123074008707652
72005	15-19	2	0.000398968743645491	0.000385484789532991	0.000368677130888928	0.000364807121823144	0.000315302494574144	0.000298428421060071	0.000277761622164776	0.000251318863626206	0.000247667711837824
72005	20-24	2	0.00063632245154781	0.000614816582687415	0.000588009665029194	0.000581837290359301	0.000502881362388336	0.000475968696311199	0.000443006847528091	0.000400832846168935	0.000395009534382404
72005	25-29	2	0.000891084220286722	0.000860968006395082	0.000823428490566556	0.000814785017038735	0.000704217807779053	0.000666530149486285	0.000620371615539002	0.000561312622149724	0.000553157806220002
72005	30-34	2	0.00123207384315574	0.00119043319191636	0.00113852850538526	0.00112657749260792	0.000973699654451963	0.000921590197575372	0.000857768138085979	0.000776109282666883	0.000764833884326672
72005	35-39	2	0.00168426008923576	0.00162733656649645	0.00155638198584878	0.00154004466407257	0.00133105865241142	0.00125982457714021	0.00117257912119673	0.00106095042283196	0.0010455369306271
72005	40-44	2	0.00216835326344518	0.00209506821956905	0.00200371956748998	0.00198268662380438	0.00171363339803809	0.00162192503713422	0.0015096034965987	0.00136589036835649	0.00134604655635562
72005	45-49	2	0.00312839693417927	0.00302266487347236	0.0028908712295324	0.00286052568522376	0.00247234818008866	0.00234003562534298	0.00217798328549183	0.00197064109180717	0.00194201144809773
72005	50-54	2	0.00463368835096555	0.00447708149175253	0.00428187220837073	0.00423692441492838	0.00366196733272258	0.00346599018255602	0.00322596326870206	0.00291885403924145	0.00287644880751739
72005	55-59	2	0.00693746525034129	0.00670299686093862	0.00641073362404895	0.0063434389851431	0.00548262349186498	0.00518920995433595	0.00482984625561267	0.00437004861012025	0.00430656001025038
72005	60-64	2	0.0108629993846582	0.0104958579486612	0.0100382192805034	0.00993284732741354	0.0085849435189653	0.00812550128709653	0.007562792778301	0.00684282076775545	0.00674340740539184
72005	65-69	2	0.0164890989281048	0.0159318111734543	0.0152371555936568	0.0150772100530642	0.0130312077026668	0.012333814902242	0.0114796686864902	0.0103868124056474	0.0102359113634683
72005	70-74	2	0.027075214171414	0.026160139212488	0.0250195074621565	0.0247568748966662	0.0213973261549298	0.0202522040060729	0.0188496914101838	0.0170552092621253	0.0168074276598062
72005	75-79	2	0.0437461756703159	0.0422676606109122	0.0404247106377914	0.0400003710355372	0.0345722550510965	0.0327220507618142	0.0304559729983477	0.0275565803562723	0.0271562236162035
72005	80-84	2	0.0777196813645004	0.0750929397291165	0.0718187413317974	0.0710648528099011	0.0614212302899227	0.0581341423145557	0.0541082222144026	0.0489571443862514	0.0482458725893592
72005	85+	2	0.179558585716825	0.17348995618422	0.165925456547906	0.164183701046464	0.141903696842501	0.134309424083308	0.125008184660977	0.113107473446207	0.111464191489786
72007	0-4	2	0.00277517951528575	0.00269968663392476	0.00245296235064984	0.00238063993807989	0.00201858242064447	0.00175838777659554	0.00162683429361252	0.00132899380250332	0.00154101795056342
72007	5-9	2	0.000165788553182474	0.000162035295675468	0.000149950779351517	0.000151276670289602	0.000134190427389677	0.000124147596611815	0.000110738205021753	9.78464498905141e-05	0.000101814522441716
72007	10-14	2	0.000167992531357463	0.000164189353148869	0.000151944207777181	0.000153287725297956	0.000135974337734185	0.000125797995582883	0.000112210352433275	9.91472084803482e-05	0.000103168014229367
72007	15-19	2	0.000338059487564448	0.000330406282417511	0.000305764529381824	0.0003084683066356	0.000273627724817781	0.000253149340746649	0.000225806126856253	0.000199518550273961	0.000207609970361265
72007	20-24	2	0.000539177258735372	0.000526970983645868	0.000487669180783388	0.000491981554108329	0.000436413621503415	0.000403752318096246	0.000360142044567871	0.000318215539862934	0.000331120768396856
72007	25-29	2	0.000755045411638546	0.000737952072822324	0.000682915029079374	0.000688954110360036	0.000611138708522454	0.000565400836717153	0.000504330521743883	0.000445618077452138	0.000463690201642583
72007	30-34	2	0.00104397758150282	0.00102034329052575	0.000944245111771479	0.000952595262537031	0.000845002337865815	0.000781762010573328	0.000697321775490562	0.000616142030178651	0.000641129906099356
72007	35-39	2	0.00142713022263993	0.00139482168196355	0.00129079414320112	0.00130220890974259	0.00115512801925485	0.00106867781868959	0.000953246914828855	0.000842273154771936	0.00087643213360547
72007	40-44	2	0.00183731881533754	0.00179572384719139	0.00166179626777939	0.00167649196597051	0.00148713671957664	0.00137583871072958	0.00122723049542848	0.00108436049354323	0.00112833751144023
72007	45-49	2	0.00265079636774832	0.00259078517544003	0.00239756037616206	0.00241876255381673	0.0021455696263947	0.00198499397414701	0.00177058887694372	0.00156446304665377	0.00162791118931875
72007	50-54	2	0.0039262810056287	0.00383739462329157	0.00355119521120381	0.00358259879962051	0.0031779534992557	0.0029401136287039	0.00262254285812662	0.00231723524243949	0.00241121311878334
72007	55-59	2	0.00587834899379352	0.00574527077124016	0.00531677880627294	0.00536379597223241	0.00475796804949587	0.00440187842658532	0.00392641768113555	0.00346931713771408	0.00361001872116084
72007	60-64	2	0.00920458820245677	0.00899620818923266	0.00832525582161969	0.00839887822780383	0.00745024575303249	0.00689266295070639	0.00614816380211679	0.00543241461115731	0.0056527314994154
72007	65-69	2	0.013971774828567	0.0136554721392825	0.0126370243928414	0.012748777739037	0.0113088351453077	0.0104624728160131	0.00933238487566368	0.00824593841054298	0.00858036030105946
72007	70-74	2	0.0229417487739206	0.0224223749906724	0.0207500759301141	0.0209335759640066	0.0185691808588062	0.0171794484361157	0.015323836891969	0.0135398815465755	0.0140890038060809
72007	75-79	2	0.0370676253467798	0.0362284541522419	0.0335264715157343	0.0338229577203398	0.0300027390637632	0.0277573113966386	0.024759149781945	0.0218767645380087	0.022763991049051
72007	80-84	2	0.0658545244309224	0.0643636391814061	0.059563280972649	0.0600900176476442	0.0533029994906745	0.0493137630616308	0.043987219845479	0.0388663579715172	0.0404426077400655
72007	85+	2	0.152146094818338	0.14870168342599	0.137611237711421	0.13882815273967	0.123147859257394	0.11393138348127	0.101625269685186	0.0897943691376854	0.0934360274129573
72009	0-4	2	0.0028819521294517	0.00248752109968656	0.00236225989087071	0.00231766655376273	0.00213574756404425	0.00207338127720171	0.00192751391441688	0.0015156643567174	0.00140421681646946
72009	5-9	2	0.000174451355190714	0.000161616346881464	0.000160325163235039	0.000157827688247151	0.000143809530922873	0.000133785899627134	0.000120275794917914	0.000105106166887585	0.000102341569382907
72009	10-14	2	0.000176770488774188	0.000163764880256184	0.000162456509755652	0.000159925834992026	0.000145721298592926	0.000135564407748849	0.000121874715780829	0.000106503427650926	0.000103702085020786
72009	15-19	2	0.000355723790310535	0.000329551736460789	0.000326919049575076	0.00032182647480723	0.000293242118131896	0.000272802873453826	0.000245254315075867	0.000214321904564384	0.000208684573802201
72009	20-24	2	0.000567350412976108	0.00052560784178035	0.000521408981623544	0.000513286753187297	0.000467697074131403	0.000435098191064233	0.000391160399983442	0.000341825721524508	0.000332834603168743
72009	25-29	2	0.000794498165992564	0.000736043026344267	0.000730163183523221	0.000718789185459529	0.000654947068591741	0.000609296623930848	0.000547767665775984	0.000478681015259543	0.000466090112555205
72009	30-34	2	0.00109852760244155	0.00101770330776546	0.00100957355921025	0.000993847073445233	0.000905574729347811	0.000842455367460465	0.000757381015886258	0.000661857145901665	0.00064444803164441
72009	35-39	2	0.00150170079040019	0.00139121255432464	0.00138009907164579	0.0013586006195464	0.0012379312872772	0.00115164648671961	0.00103534878150908	0.000904766351430845	0.000880967951781673
72009	40-44	2	0.00193332254378392	0.00179107711979719	0.00177676934373584	0.0017490917389967	0.00159373936772494	0.00148265427650378	0.00133293017591609	0.00116481560523707	0.00113417689904075
72009	45-49	2	0.00278930577685015	0.00258408063111073	0.00256343820124378	0.00252350613599174	0.00229937105846091	0.00213910249329633	0.00192308743361125	0.00168053992439656	0.00163633590942547
72009	50-54	2	0.00413143693925998	0.00382746353556555	0.00379688856884964	0.0037377417842566	0.00340575963945658	0.00316837458531824	0.0028484189803765	0.00248916463299821	0.00242369117100261
72009	55-59	2	0.00618550397067588	0.00573040120317837	0.0056846255212449	0.005596072505977	0.00509903467431149	0.00474362596518406	0.00426459495870343	0.00372672603891384	0.00362870006916882
72009	60-64	2	0.00968554431104095	0.00897292336566463	0.00890124631355961	0.00876258661695931	0.00798430307886375	0.00742778674776454	0.00667769688553762	0.0058354771434281	0.0056819829088778
72009	65-69	2	0.0147018237909978	0.0136201264122249	0.0135113275080119	0.0133008550084374	0.0121194877972022	0.011274744351555	0.010136170598277	0.00885775266634007	0.00862476132573348
72009	70-74	2	0.0241404928619962	0.0223643359169382	0.0221856859645933	0.0218400881708107	0.0199002757993769	0.018513202381683	0.0166436577249766	0.0145444835600783	0.0141619098774074
72009	75-79	2	0.0390044705424808	0.0361346776134468	0.0358460260195684	0.035287634203192	0.0321534269180512	0.0299122968880543	0.0268916220161153	0.0234999290014762	0.0228817868010441
72009	80-84	2	0.0692955322576281	0.0641970390458867	0.0636842146319982	0.06269217241621	0.0571239214129134	0.0531423152051224	0.0477757756655611	0.041750080768137	0.0406518883567407
72009	85+	2	0.160095953432982	0.148316744552791	0.147131952743317	0.144839984995965	0.131975459062626	0.122776608728137	0.110378089169082	0.0964567151595805	0.0939195216335367
72011	0-4	2	0.00334331226453611	0.00317890828516194	0.00295889050750848	0.00272572698000765	0.00234376163732518	0.0023126818890748	0.00222428616877932	0.00136230604992049	0.00160096039286777
72011	5-9	2	0.000196246627140892	0.00018900795680415	0.00018091588356046	0.000174219884402901	0.000151795137019955	0.000142338620949321	0.00013222794278648	0.000113041916872103	0.000112211192478638
72011	10-14	2	0.000198855485284126	0.000191520570442182	0.00018332092746697	0.000176535946969664	0.000153813089832486	0.000144230839373999	0.000133985748219567	0.000114544685958765	0.000113702914372048
72011	15-19	2	0.000400166743629108	0.000385406323661328	0.000368905724679626	0.000355251841762751	0.000309525422599826	0.000290242621012152	0.000269625931543471	0.000230503627203978	0.000228809718718405
72011	20-24	2	0.000638233322920619	0.000614691533405919	0.000588374324499836	0.000566597396407567	0.000493667401456928	0.000462913028948652	0.000430031114977917	0.00036763416662205	0.000364932511352994
72011	25-29	2	0.000893760367634871	0.000860793139690628	0.000823939358482233	0.000793443637669347	0.000691314912140894	0.000648247479697678	0.000602200919043207	0.000514822275582901	0.00051103893705939
72011	30-34	2	0.00123577427257754	0.00119019156114481	0.00113923497000658	0.00109706938422072	0.000955859167683491	0.000896311272925297	0.000832644053527129	0.00071182842229195	0.000706597338884044
72011	35-39	2	0.00168931877942074	0.00162700640802061	0.00155734790616973	0.00149970681760678	0.00130667054578513	0.00122526796254562	0.00113823416190173	0.00097307753901122	0.00096592674706285
72011	40-44	2	0.0021748661771879	0.0020946433646303	0.00200496329567073	0.00193075491076328	0.00168223566610414	0.00157743602594757	0.00146538695174298	0.00125276074771006	0.0012435545926751
72011	45-49	2	0.00313779388137485	0.00302205214756247	0.00289266575086492	0.00278560100650655	0.00242704901641862	0.00227584907172303	0.00211418981836476	0.00180742279972522	0.00179414070838384
72011	50-54	2	0.00464760785310485	0.0044761748870425	0.00428453105740387	0.00412594882777679	0.00359487206353043	0.00337091939354413	0.00313147457245379	0.00267709994803397	0.00265742695329656
72011	55-59	2	0.00695830446512192	0.00670163914825057	0.00641471420820931	0.00617728809616178	0.00538216944928609	0.00504687168754521	0.00468837972738175	0.00400809915502388	0.00397864477522828
72011	60-64	2	0.0108956330442268	0.0104937347472753	0.0100444547771695	0.00967268240896013	0.00842764922966159	0.00790262249139921	0.00734127864486812	0.00627606423117277	0.00622994307841386
72011	65-69	2	0.01653863504554	0.0159285880383736	0.0152466203091483	0.0146823028763024	0.0127924495522326	0.0119955046752532	0.0111434299783571	0.00952652492652556	0.00945651726299592
72011	70-74	2	0.0271565516931619	0.0261548465530142	0.025035049565911	0.0241084372747761	0.0210052856222565	0.0196966966779495	0.0182975853913033	0.0156426119542278	0.015527657676019
72011	75-79	2	0.0438776038210714	0.0422591166515872	0.0404498272079235	0.0389526726365914	0.0339388247332827	0.0318245050381398	0.0295639214497086	0.0252742065174991	0.0250884637315358
72011	80-84	2	0.0779531764553936	0.075077761594422	0.0718633650619802	0.0692035079969473	0.0602958773872922	0.0565395633986688	0.0525234060087058	0.0449022794359019	0.0445722859025286
72011	85+	2	0.180098043291695	0.173454900323241	0.166028565157566	0.159883378620529	0.139303757912381	0.130625407836986	0.121346727781206	0.103739364814192	0.10297696569642
72013	0-4	2	0.00304674791606099	0.00315526883616154	0.00291972733916837	0.00270787861705017	0.00234922004305391	0.00222977875506137	0.00212127001380564	0.00157055035519952	0.00164002371056161
72013	5-9	2	0.000191744550112972	0.000191141033399296	0.000178271444039919	0.000177982020398385	0.000160085783405384	0.000148499367129537	0.000136345586483679	0.000115280762965951	0.000117254693328441
72013	10-14	2	0.000194293594959664	0.00019368200945147	0.000180641351168091	0.000180348105052409	0.000162213951394244	0.000150473490062674	0.000138158136027898	0.000116813293629941	0.000118813455017038
72013	15-19	2	0.000390986239001367	0.000389755598976754	0.000363513186518458	0.000362923104664484	0.000326430912032225	0.000302804997914575	0.000278022196400247	0.000235068900246248	0.000239093962555765
72013	20-24	2	0.000623591029005491	0.000621628176447358	0.000579773538620216	0.00057883236541596	0.000520630295604589	0.000482948997917699	0.000443422448341004	0.000374915434827072	0.000381335073626758
72013	25-29	2	0.000873255529943745	0.000870506857492014	0.00081189498680413	0.000810577009040673	0.000729072844561856	0.000676305163062364	0.000620953652448225	0.000525018712217947	0.000534008551352795
72013	30-34	2	0.00120742265566577	0.00120362246877088	0.00112258165565357	0.00112075928925189	0.00100806604955808	0.000935105835823871	0.000858572918964948	0.000725926788817996	0.000738356778843093
72013	35-39	2	0.0016505614777398	0.00164536631878413	0.00153458227731638	0.0015320910883594	0.00137803805847218	0.00127830063575064	0.00117367921006223	0.000992350211892027	0.00100934234940934
72013	40-44	2	0.00212496861723781	0.00211827989209608	0.0019756540260892	0.00197244709999439	0.00177411587697877	0.00164571150657935	0.00151101969777076	0.00127757283199498	0.00129944883808042
72013	45-49	2	0.00306580352915502	0.00305615344122233	0.0028503792695607	0.00284575218740573	0.00255960932224352	0.00237435368522826	0.00218002660454742	0.00184322053672499	0.00187478227324976
72013	50-54	2	0.00454097662831753	0.00452668365105349	0.004221896559836	0.00421504230331139	0.00379121617416888	0.00351682140950842	0.00322898993487723	0.00273012259106045	0.00277687098590581
72013	55-59	2	0.0067986581674297	0.00677726004152551	0.00632093917585272	0.00631067726802256	0.00567613215518218	0.005265313191043	0.00483437804535216	0.00408748358110399	0.00415747416807415
72013	60-64	2	0.0106456494475273	0.0106121433811318	0.00989761526885874	0.00988154711551921	0.00888794793731077	0.00824466702692507	0.00756988833368201	0.0064003678279203	0.00650996205857669
72013	65-69	2	0.0161591805654945	0.0161083199356033	0.0150237280880034	0.0149993400928936	0.0134911426739322	0.0125146981612795	0.011490438722311	0.00971520608425736	0.0098815619934515
72013	70-74	2	0.0265334846960122	0.0264499688301139	0.0246690598262921	0.0246290132632811	0.0221525426566326	0.0205492142136388	0.0188673751583372	0.015952426842415	0.0162255830234834
72013	75-79	2	0.0428708930254875	0.0427359515452074	0.0398584845290489	0.0397937780370503	0.0357924755790892	0.0332019368654007	0.0304845430822668	0.0257747811904456	0.0262161184850141
72013	80-84	2	0.076164641101705	0.0759249005139586	0.0708127759948345	0.0706978140170596	0.0635890751104675	0.0589867057757681	0.0541589788333433	0.0457915929653989	0.0465756759439064
72013	85+	2	0.175965912691004	0.1754120539812	0.163601333427542	0.163335732791911	0.146912165846042	0.136279140215357	0.12512544383004	0.105793981451502	0.107605466439769
72015	0-4	2	0.00273797311564461	0.00291166580275084	0.00275376169590431	0.00262270423905031	0.00226663219120594	0.00212486747212022	0.00187287115145887	0.00132783793346874	0.00172326468407219
72015	5-9	2	0.00018762269084527	0.000184225900586378	0.000169880132410379	0.000169565663547676	0.000150987330370377	0.000140282674094835	0.000128702151615912	0.000116534936919138	0.000114446899918592
72015	10-14	2	0.000190116964822915	0.000186674975611501	0.000172138516763346	0.00017181987172732	0.000152994550700308	0.000142147579692638	0.000130413110068589	0.000118084131125846	0.000115968334863954
72015	15-19	2	0.000382581516351042	0.000375655181664663	0.000346402456765644	0.00034576135811186	0.000307878271113232	0.00028605036225879	0.000262436478760356	0.000237626403107132	0.000233368642500936
72015	20-24	2	0.000610186326538631	0.000599139386703886	0.000552483410598195	0.000551460923273931	0.000491040442157302	0.000456226786036717	0.00041856454765954	0.000378994564431791	0.00037220374399851
72015	25-29	2	0.000854484056462062	0.000839014283227995	0.000773678682026791	0.000772246952242875	0.000687636206883511	0.000638884251367705	0.000586143461592275	0.000530731081420609	0.000521221381164433
72015	30-34	2	0.00118146806119942	0.00116007863933275	0.0010697409705133	0.00106776149417535	0.000950772914710465	0.000883365117596481	0.000810441894286407	0.000733825155451192	0.000720676390321738
72015	35-39	2	0.00161508143673314	0.00158584163245573	0.00146234846380498	0.00145964246862894	0.00129971759846088	0.0012075704154475	0.00110788353866003	0.00100314751945949	0.000985173077945796
72015	40-44	2	0.00207929131879132	0.00204164699111251	0.00188265887938816	0.00187917521767326	0.0016732844280653	0.00155465205571541	0.0014263130508877	0.00129147367968434	0.00126833287649878
72015	45-49	2	0.00299990266751599	0.00294559152452161	0.0027162105488761	0.00271118423525988	0.00241413460736231	0.00224297736005656	0.00205781587484846	0.0018632762390803	0.00182988976796749
72015	50-54	2	0.00444336704703607	0.00436292333151062	0.0040231702848049	0.00401572481352987	0.00357574372375344	0.00332223082614161	0.00304797498732176	0.00275982865491426	0.00271037764262498
72015	55-59	2	0.00665251888883557	0.00653208097121245	0.00602340977476037	0.00601226312204349	0.00535353122036634	0.00497397612885231	0.0045633657401582	0.00413195898443062	0.00405792165261499
72015	60-64	2	0.0104168191060808	0.0102282324322844	0.00943173170793474	0.00941427819775222	0.00838280591403813	0.00778847929395151	0.0071455258665941	0.00647000957785493	0.00635407854338298
72015	65-69	2	0.0158118337316077	0.0155255751018997	0.014316556271597	0.0142900652063252	0.0127243796568958	0.0118222435827259	0.0108462930308761	0.00982091671554713	0.00964494332397623
72015	70-74	2	0.0259631401885022	0.0254930977377059	0.0235078792266959	0.0234643813699585	0.0208935155232648	0.019412202264375	0.0178096860421201	0.016126005525935	0.0158370552710992
72015	75-79	2	0.0419493653636422	0.0411899035711756	0.037982328685526	0.0379120454903254	0.0337582282215546	0.0313648355412213	0.0287756065588272	0.0260552401297075	0.025588363711278
72015	80-84	2	0.0745274590861048	0.0731781881992729	0.0674795915305067	0.0673547216541968	0.0599750264242104	0.0557229113220279	0.051122879766112	0.0462898584169471	0.0454604104751916
72015	85+	2	0.172183443446831	0.169066198001669	0.155900522262573	0.155612015346599	0.138562444736331	0.128738623823234	0.11811100206406	0.106945131230949	0.105028811749042
72017	0-4	2	0.0031195428310228	0.00298654671389791	0.00280012951748399	0.00266428257115555	0.00216915695331793	0.00186756771887511	0.00182952690947187	0.00179712082443704	0.00150917530384488
72017	5-9	2	0.000185593265798919	0.000176015504601659	0.000168792896851791	0.00016999559138595	0.000146180032029403	0.000132703941536113	0.000123788037075483	0.000110123679681857	0.000107358629144473
72017	10-14	2	0.000188060520661268	0.000178355424066407	0.000171036801994813	0.000172255495091974	0.000148123350318514	0.000134468109864904	0.000125433663942314	0.000111587642659188	0.000108785844657467
72017	15-19	2	0.000378443437195312	0.000358913278758756	0.000344185638657118	0.000346638238040533	0.000298075746781173	0.000270596500192064	0.000252416096738931	0.000224553122320836	0.000218914869497457
72017	20-24	2	0.000603586359731622	0.000572437170568852	0.000548947693841074	0.000552859424494411	0.000475406088773854	0.0004315789867931	0.000402582768735532	0.000358143626227802	0.000349151030304402
72017	25-29	2	0.0008452417683526	0.000801621366084875	0.000768727483659314	0.000774205459061809	0.00066574236497195	0.000604368239292787	0.000563763102611428	0.000501532060774068	0.00048893906947256
72017	30-34	2	0.00116868920999657	0.00110837663799639	0.00106289530488514	0.00107046963510368	0.000920500958640653	0.000835640775786846	0.000779497249002847	0.000693452547497076	0.00067604057249258
72017	35-39	2	0.00159761265432231	0.00151516421115566	0.00145299050628136	0.00146334485189729	0.00125833563743817	0.0011423307113337	0.00106558182567884	0.000947957576077192	0.000924155315949333
72017	40-44	2	0.0020568017468159	0.00195065528419286	0.00187061134262093	0.00188394192992289	0.00162000844311699	0.00147066096773785	0.00137185295520625	0.0012204209244756	0.00118977723980957
72017	45-49	2	0.00296745607004014	0.0028143128953283	0.0026988290681675	0.00271806158561458	0.00233727056426848	0.0021217990235284	0.00197924345542039	0.00176076469714897	0.00171655332009619
72017	50-54	2	0.00439530827317448	0.00416847734540784	0.00399742571350492	0.00402591161974152	0.00346189506340403	0.00314274513605245	0.00293159609773265	0.00260799158055952	0.00254250711613971
72017	55-59	2	0.00658056670128053	0.00624096049525877	0.00598486588923607	0.00602751500801709	0.00518307942702459	0.00470525379871961	0.00438912588657794	0.0039046319454043	0.0038065894306048
72017	60-64	2	0.0103041533006645	0.00977238204392712	0.00937137768766044	0.00943816057616326	0.00811590469599393	0.00736770125590894	0.00687269296498483	0.00611405050441892	0.00596053129786976
72017	65-69	2	0.0156408182259861	0.0148336346148243	0.0142249448545477	0.0143263167829805	0.0123192466022759	0.0111835391323402	0.0104321562941397	0.00928060125085214	0.00904757256069738
72017	70-74	2	0.025682327951608	0.0243569243988041	0.0233574505724393	0.0235239039089101	0.0202282815624084	0.0183634424971217	0.0171296686162845	0.0152388027828616	0.014856166906727
72017	75-79	2	0.04149565743514	0.0393541608570442	0.0377392806368905	0.0380082229674198	0.0326833947046695	0.0296703254718945	0.0276768842377201	0.0246217620740034	0.0240035172419556
72017	80-84	2	0.0737213985812713	0.0699168016832132	0.0670477923560728	0.0675255888154817	0.0580654701140288	0.0527124358100536	0.049170882303293	0.0437431386059324	0.042644764785511
72017	85+	2	0.170321206632015	0.161531337306842	0.15490296804991	0.156006831466201	0.134150773487154	0.121783450596521	0.113601262210636	0.101061357489732	0.0985237397700804
72019	0-4	2	0.00312548388699481	0.00281845433167002	0.00247273947256284	0.00241630969071157	0.00210586394741146	0.00199394489937537	0.00188311757955958	0.00136879314201003	0.00146648325660603
72019	5-9	2	0.000175052469252283	0.000171309057403079	0.000159820660318813	0.000161941909456806	0.000141676919687547	0.00012700241304079	0.000119748722312879	0.000102158183761539	9.93382733382886e-05
72019	10-14	2	0.000177379582989508	0.000173586407753716	0.00016194530841498	0.000164094742216628	0.00014356034940001	0.000128690767317804	0.000121340638442933	0.000103516266610804	0.000100658874406727
72019	15-19	2	0.000356949565003596	0.000349316524176911	0.000325890362868978	0.000330215953344737	0.000288893482820003	0.000258970491029028	0.000244179552862201	0.000208310607695408	0.000202560497130449
72019	20-24	2	0.000569305520786349	0.000557131340300031	0.000519768319141883	0.000526667422120935	0.000460761353059665	0.000413036561384388	0.000389446262018836	0.000332238139024607	0.000323067157971444
72019	25-29	2	0.000797236223112582	0.000780187751460887	0.000727865710508464	0.000737527230759205	0.000645234611257348	0.000578402231743396	0.000545367300932248	0.000465254894459272	0.000452412094912715
72019	30-34	2	0.00110231363590956	0.00107874139475494	0.0010063971382599	0.00101975584036665	0.000892145660149058	0.000799738569957921	0.000754062225766482	0.000643293298596524	0.000625535894585089
72019	35-39	2	0.00150687660289856	0.00147465295396676	0.00137575705555611	0.00139401849403431	0.00121957364006429	0.00109325202087757	0.00103081201431569	0.00087938929969996	0.000855114783712607
72019	40-44	2	0.00193998604767928	0.0018985003665029	0.00177117940241135	0.00179468970129446	0.00157010539408912	0.00140747586214213	0.00132708944349485	0.00113214460114475	0.00110089293025042
72019	45-49	2	0.00279891988972899	0.00273906660257725	0.00255537365101072	0.00258929318831939	0.00226527324217232	0.00203063860971265	0.00191466075431371	0.00163340375320734	0.00158831538844446
72019	50-54	2	0.00414567754546705	0.0040570250219558	0.00378494391158484	0.00383518409470077	0.00335525523027879	0.003007721250214	0.00283593814209437	0.00241934809157338	0.00235256479009771
72019	55-59	2	0.00620682517710213	0.00607409669110325	0.00566674250548938	0.00574196197097216	0.00502342101440616	0.00450309931777306	0.00424590917763	0.00362219848510956	0.00352221121828338
72019	60-64	2	0.00971893146964019	0.00951109955406404	0.00887324581007434	0.00899102851750873	0.00786590462465717	0.00705115958207105	0.00664843906204003	0.00567180382632524	0.00551523877003421
72019	65-69	2	0.0147525042117866	0.0144370334000945	0.0134688262531782	0.0136476106605222	0.0119397693977399	0.010703057233034	0.0100917600382649	0.00860931139124355	0.00837165872170115
72019	70-74	2	0.0242237114591754	0.0237057028558995	0.0221158993334349	0.0224094656616626	0.0196051793417301	0.0175744894698625	0.0165707369492005	0.014136543023511	0.0137463154227657
72019	75-79	2	0.0391389289510282	0.0383019637735902	0.0357332715039026	0.0362075948246905	0.0316766315838958	0.0283955915191133	0.0267738021193099	0.022840807913175	0.0222103010356772
72019	80-84	2	0.069534414414863	0.0680474520464494	0.0634838965605105	0.0643265742214398	0.0562768420556492	0.0504477322486538	0.047566454303561	0.0405790812556867	0.0394589205614809
72019	85+	2	0.160647860983393	0.157212511441038	0.146669168870717	0.14861603068725	0.130018439115335	0.116551218665174	0.109894492551915	0.0937513161469303	0.0911633583320247
72021	0-4	2	0.00267062770570235	0.00255725371031012	0.00235951617862132	0.00237391640721208	0.00201801046559241	0.00182075092099473	0.0018813070924666	0.0014356409154805	0.00157057171020156
72021	5-9	2	0.000174952580224373	0.000163742234097187	0.000150830593674364	0.000156155600313805	0.000137143580268449	0.000127735567249384	0.000120103873411863	0.000106273001603515	0.000105702931773627
72021	10-14	2	0.000177278400443079	0.00016591901076301	0.000152835732023052	0.000158231526993752	0.000138966763628876	0.000129433673181729	0.000121700511690963	0.000107685776607835	0.000107108124463524
72021	15-19	2	0.000356745772012981	0.000333886751529185	0.000307558624780504	0.000318416871799677	0.000279649464819918	0.000260465553495966	0.000244903744117929	0.000216701217046085	0.000215538787320511
72021	20-24	2	0.000568980251036799	0.000532521854311937	0.000490530574576852	0.000507848567967062	0.000446017709990209	0.000415421006314059	0.000390601203640588	0.00034562051195359	0.000343766518288553
72021	25-29	2	0.000796780486000421	0.00074572513739731	0.000686921960840273	0.000711173644178594	0.000624587893794664	0.000581741239725631	0.000546984501284432	0.000483995073033266	0.000481398802455688
72021	30-34	2	0.00110168330352867	0.00103109071397125	0.000949785359496976	0.0009833173863641	0.000863598002141243	0.000804355337207371	0.000756298191497086	0.000669204747855461	0.000665614948821843
72021	35-39	2	0.00150601459997306	0.00140951350988835	0.00129836784088597	0.00134420628365971	0.00118054839375487	0.00109956316340212	0.00103386858136272	0.000914810685995913	0.000909903467867139
72021	40-44	2	0.00193887592670789	0.00181463821432167	0.00167154681328629	0.00173056026846539	0.00151986345100741	0.00141560115971571	0.00133102461372357	0.00117774697594078	0.0011714292042254
72021	45-49	2	0.00279731785442336	0.00261807338074914	0.00241162777632291	0.00249676964786281	0.00219278614648698	0.00204236118254526	0.00192033815304165	0.00169919677637269	0.00169008190385192
72021	50-54	2	0.00414330462849383	0.00387781259118596	0.00357203105798104	0.00369814043474212	0.00324788917592988	0.00302508419963198	0.00284434699302996	0.00251679883370614	0.00250329848025144
72021	55-59	2	0.0062032733600222	0.00580578309804875	0.00534797278509877	0.00553678140804326	0.00486267355201863	0.00452909432320786	0.0042584983972947	0.00376809952307406	0.00374788681048659
72021	60-64	2	0.00971337145160253	0.00909096205973035	0.00837410074864567	0.00866974515259354	0.00761419696146853	0.00709186308344458	0.00666815127977571	0.00590026204113149	0.00586861149009026
72021	65-69	2	0.0147440650362402	0.0137993014811382	0.0127111672916087	0.0131599296945562	0.011557697532006	0.0107648397911596	0.0101216804483354	0.00895609067324142	0.00890804746929817
72021	70-74	2	0.0242098554585069	0.0226585463560232	0.0208718210113692	0.021608689707994	0.0189778121774749	0.0176759328962779	0.0166198619290346	0.0147059557405503	0.0146270686439737
72021	75-79	2	0.0391165405031175	0.0366100440683041	0.0337231816264702	0.0349137626356963	0.0306629788261591	0.0285594949170346	0.0268531689317532	0.0237608169341644	0.0236333554784246
72021	80-84	2	0.0694946358238858	0.0650415784844966	0.0599127649646698	0.0620279587796824	0.0544759918052686	0.0507389244150737	0.0477074570675586	0.0422135681815866	0.041987116493286
72021	85+	2	0.160555972614846	0.150267932670598	0.138418646801442	0.143305444248523	0.125857869363622	0.117223993875948	0.110220275433763	0.0975275263592139	0.0970043201256568
72023	0-4	2	0.00281196175523083	0.0027233917912414	0.00258191696053158	0.00242894391492954	0.00206674322364717	0.00193659742665985	0.00183511192909462	0.00123944338758665	0.00154795155945049
72023	5-9	2	0.000177807588325259	0.000165692810614617	0.000158006659795226	0.000157883008341558	0.000138599209553111	0.000129061497311601	0.000118480460635916	0.000106192504971008	0.000106706677509994
72023	10-14	2	0.000180171339546436	0.000167895510076273	0.000160107184235017	0.000159981901965547	0.000140441745120849	0.000130777225797353	0.000120055523698083	0.000107604209339468	0.000108125208801348
72023	15-19	2	0.00036256760573691	0.000337864154385752	0.000322191293888459	0.000321939267814729	0.000282617635166593	0.000263169249611866	0.000241593423364594	0.000216537073205863	0.000217585534061531
72023	20-24	2	0.000578265698336866	0.000538865507324332	0.000513868491074897	0.000513466534915572	0.000450751704866314	0.000419733216796382	0.000385321539355631	0.000345358735734129	0.000347030932813716
72023	25-29	2	0.000809783507814776	0.000754608712994263	0.000719603720435895	0.000719040866927982	0.000631217167292307	0.000587779916180952	0.000539591101080929	0.000483628570444939	0.00048597024543574
72023	30-34	2	0.00111966214268068	0.00104337360255775	0.000994973293589863	0.000994195117645318	0.00087276401285429	0.000812704686795909	0.000746075435770415	0.000668697981757962	0.000671935774831715
72023	35-39	2	0.00153059179628628	0.00142630397250407	0.00136014004735444	0.00135907643657345	0.00119307854067465	0.00111097667745262	0.00101989366646624	0.000914117782886326	0.000918544056496007
72023	40-44	2	0.00197051748153765	0.0018362544757975	0.00175107343899277	0.0017497042638212	0.0015359949305353	0.00143029513758869	0.00131303290137877	0.0011768546992409	0.00118255318532219
72023	45-49	2	0.00284296887132004	0.00264926024620194	0.00252636488085688	0.00252438939526237	0.00221605971403595	0.00206356120738652	0.00189438075268011	0.00169790935832771	0.00170613080625784
72023	50-54	2	0.00421092129505082	0.00392400591346782	0.00374197650854288	0.00373904971368541	0.00328236092677076	0.00305648496002484	0.00280589996310945	0.0025148922286943	0.00252706955961501
72023	55-59	2	0.00630450591445667	0.0058749422613506	0.00560241175345902	0.00559803007165901	0.00491428375327447	0.00457610631543658	0.00420093590345851	0.00376524536314331	0.00378347675769846
72023	60-64	2	0.00987188413147149	0.00919925328801864	0.00877251272028137	0.00876565231617703	0.00769501132503142	0.00716547589759617	0.00657801587503536	0.00589579240810015	0.00592434047051443
72023	65-69	2	0.0149846704983534	0.0139636742237107	0.0133159191337837	0.0133055066766737	0.0116803660429175	0.0108765775591837	0.00998486157489055	0.00894930360901706	0.00899263791081961
72023	70-74	2	0.0246049316305061	0.022928446154926	0.0218648263742428	0.0218477283004386	0.0191792363314375	0.017859410335426	0.016395207732072	0.0146948118371714	0.0147659644291477
72023	75-79	2	0.0397548724621672	0.0370461263832628	0.0353276051911081	0.0352999782723928	0.0309884217840002	0.0288559451086751	0.0264901923265167	0.0237428154875399	0.0238577739864263
72023	80-84	2	0.0706287093609054	0.065816329972497	0.0627631927724554	0.0627141093718564	0.0550541727072174	0.0512655976045056	0.0470625945567878	0.0421815931919409	0.0423858270965316
72023	85+	2	0.163176050640042	0.152057858856055	0.145004090734767	0.144890686433101	0.127193661588357	0.118440774701707	0.108730411961778	0.097453661851315	0.0979255061223498
72025	0-4	2	0.00263735255599131	0.0025562238210066	0.00251691537724875	0.00238684488605002	0.00202835569128188	0.00173639171975068	0.00178370098935173	0.00150757089341179	0.00160344786395184
72025	5-9	2	0.000170377041644645	0.000164287135595238	0.000162850162377357	0.000157997949442748	0.000138102892834065	0.00012243526170597	0.000120184888073441	0.000106179410403642	0.000108631123063107
72025	10-14	2	0.000172642040672583	0.000166471157992295	0.000165015068148873	0.000160098370642012	0.000139938832958906	0.000124062922671943	0.000121782607638362	0.00010759093755228	0.000110075236355833
72025	15-19	2	0.000347415818489978	0.000334997870852765	0.000332067762101568	0.000322173627853102	0.000281605608629005	0.000249657686391768	0.000245068947011405	0.000216510370339334	0.00022150965200178
72025	20-24	2	0.000554099755009732	0.000534294028247922	0.000529620696891734	0.000513840312048693	0.000449137618734037	0.000398183359307508	0.00039086471320257	0.000345316125506894	0.000353289567694213
72025	25-29	2	0.000775942254874286	0.000748206900121648	0.000741662552334162	0.000719564283911795	0.000628956879977696	0.000557602187093509	0.000547353546174261	0.000483568857380287	0.000494734571899251
72025	30-34	2	0.00107287074617453	0.00103452208052685	0.00102547349619374	0.000994918834725895	0.00086963881819131	0.00077097891301783	0.000756808400874706	0.000668615432831705	0.000684053938639202
72025	35-39	2	0.00146662747890695	0.00141420415344061	0.00140183449928658	0.00136006571945101	0.00118880633639505	0.00105393710034848	0.00103456595039274	0.000914005048888776	0.000935109801432006
72025	40-44	2	0.00188816816773896	0.00182067692673628	0.00180475190870484	0.00175097791266576	0.00153049480088891	0.0013568610732963	0.00133192238664503	0.00117670965891322	0.00120388035996068
72025	45-49	2	0.00272415922185597	0.00262678605560706	0.00260381015354127	0.00252622732939112	0.00220812461384382	0.00195761394011946	0.00192163353800978	0.00169770015065491	0.00173690073842175
72025	50-54	2	0.00403494420932033	0.00389071792499058	0.00385668636984972	0.00374177224355822	0.00327060792754145	0.00289955899625879	0.0028462658662726	0.0025145822039315	0.00257264511203706
72025	55-59	2	0.00604103731282383	0.00582510476791806	0.00577415366014745	0.00560210662754615	0.00489668792337493	0.00434116050222484	0.00426137132444462	0.00376478098170166	0.00385171135921338
72025	60-64	2	0.0094593335708445	0.00912121652331589	0.00904143504133042	0.00877203570053782	0.0076674591314295	0.00679758748492509	0.00667264950403214	0.00589506594210358	0.00603118511944932
72025	65-69	2	0.0143584549621318	0.0138452229318874	0.0137241221498332	0.0133151975477288	0.0116385451255033	0.0103181550581653	0.0101285082015467	0.00894820253139078	0.0091548201814166
72025	70-74	2	0.0235766799390765	0.0227339478417039	0.0225350986013864	0.021863641132657	0.0191105662008223	0.0169424763202218	0.0166310755810933	0.0146930029930158	0.0150322695033076
72025	75-79	2	0.0380934997285714	0.0367318700924297	0.0364105827396461	0.0353256905258932	0.0308774710511452	0.0273744297114613	0.0268712901137926	0.0237398940608119	0.0242880508273466
72025	80-84	2	0.0676770980060664	0.0652580120039111	0.0646872082941988	0.0627597858542142	0.0548570558708994	0.0486335318682167	0.0477396572306563	0.0421763993504527	0.0431502583017491
72025	85+	2	0.156356828520067	0.150767957988362	0.14944921311049	0.144996198475334	0.126738236024165	0.112359798976496	0.110294638733099	0.0974416607774905	0.0996915871070804
72027	0-4	2	0.00313015536574874	0.00295049666249472	0.00274214533400934	0.00231808894182927	0.00204749274654582	0.0020409129504331	0.00198511354897999	0.00171107744639102	0.00154770514371543
72027	5-9	2	0.000182066224350713	0.000174276469080777	0.00017129540171892	0.000159646896507484	0.000145446389103447	0.000135432864648545	0.000124423754616346	0.000111203904256767	0.000109433744856305
72027	10-14	2	0.000184486586904845	0.000176593262212712	0.000173572555478292	0.000161769259061389	0.000147379947763163	0.000137233283532713	0.000126077817476562	0.000112682217451637	0.000110888530133581
72027	15-19	2	0.000371251290160841	0.000355367154769722	0.000349288575305093	0.000325535920621524	0.00029657974372854	0.000276161108009395	0.000253712388101674	0.000226755820525906	0.00022314627285036
72027	20-24	2	0.000592115476051969	0.000566781413927668	0.000557086569034128	0.000519202811054421	0.000473020134569766	0.000440454189561357	0.000404650296829642	0.000361656796672526	0.000355899835717104
72027	25-29	2	0.000829178251434728	0.000793701184306023	0.000780124936624591	0.000727073725406412	0.000662401192479634	0.00061679686688443	0.000566658454823251	0.000506451825626673	0.000498389916225314
72027	30-34	2	0.00114647857263979	0.00109742560150676	0.00107865424926028	0.0010053016958522	0.000915881134901763	0.00085282551799178	0.000783500600908012	0.000700255010297415	0.000689108026728313
72027	35-39	2	0.00156725033692508	0.0015001939077038	0.0014745331807919	0.00137425910560507	0.00125202019720008	0.00116582247443466	0.00107105444374018	0.000957256621774113	0.000942018750670081
72027	40-44	2	0.00201771259060228	0.00193138222421553	0.00189834596998601	0.00176925082564843	0.00161187776460499	0.0015009047319414	0.00137889842686976	0.00123239273169135	0.00121277501152842
72027	45-49	2	0.00291105962352012	0.00278650636629194	0.00273884323661104	0.00255259022058771	0.00232553988602253	0.00216543326215228	0.00198940816984688	0.00177803685703022	0.00174973340988567
72027	50-54	2	0.00431177573270227	0.004127291505186	0.00405669406611004	0.00378082030011626	0.00344452014102716	0.00320737509763094	0.00294665180942506	0.00263357473745894	0.00259165251271066
72027	55-59	2	0.00645550314376783	0.0061792974292172	0.00607360105201411	0.00566056869302436	0.005157066008881	0.00480201647726757	0.00441166696791291	0.00394293425164883	0.00388016878698466
72027	60-64	2	0.0101083226052517	0.00967582710498009	0.00951032352592878	0.00886357878309881	0.00807517186902901	0.00751921722135116	0.00690798911263583	0.00617402607812499	0.00607574489858127
72027	65-69	2	0.015343564676475	0.0146870727452262	0.0144358529013158	0.0134541509614742	0.0122574177901919	0.0114135275556408	0.0104857331647242	0.00937163971958925	0.00922245732462082
72027	70-74	2	0.0251942393380854	0.0241162716733972	0.0237037650714802	0.0220918033479234	0.0201267599781357	0.0187410876323756	0.0172176445962076	0.0153882902816822	0.0151433309605605
72027	75-79	2	0.0407070353877631	0.0389653301963167	0.0382988303414164	0.0356943364883663	0.0325193620786698	0.0302804961705941	0.0278190289206021	0.0248632934703975	0.0244674964095141
72027	80-84	2	0.0723203231924644	0.0692259994187658	0.0680418866279178	0.0634147240834489	0.0577740441863555	0.053796462659924	0.0494234134369359	0.0441722401012573	0.0434690676056979
72027	85+	2	0.167084282868043	0.15993537173829	0.157199676011691	0.146509359330805	0.133477493160228	0.124287929092737	0.114184699780676	0.102052743400657	0.100428179952628
72029	0-4	2	0.00284540569576156	0.00294531529616228	0.00275659995678298	0.00267056179150319	0.00221636685819239	0.00203132339704265	0.00205266598374428	0.00157652175587447	0.00168288906914323
72029	5-9	2	0.000178357234307924	0.000179372694747573	0.000170324462846019	0.000176041624744923	0.000150300900751877	0.000133692177316087	0.000128193167814275	0.000114675271504406	0.000111963825609296
72029	10-14	2	0.000180728348123854	0.000181757253903776	0.000172588741199618	0.000178381897784525	0.000152298996828282	0.000135469484885082	0.000129897348665967	0.000116199740505017	0.000113452250547884
72029	15-19	2	0.000363688070908883	0.000365758910782004	0.000347308590181883	0.000358966727535903	0.000306478636471739	0.00027261158293535	0.000261398636597495	0.000233834312563683	0.000228305364127063
72029	20-24	2	0.00058005257357386	0.000583355482011976	0.000553928595057472	0.000572522494946973	0.00048880811594127	0.000434792918290618	0.000416909255352306	0.000372946453382081	0.000364128175121667
72029	25-29	2	0.000812285655668716	0.000816910975567693	0.000775702483222413	0.000801740937537309	0.000684510125703776	0.000608868940893981	0.000583825495613004	0.000522261461576544	0.000509912621457259
72029	30-34	2	0.00112312148736237	0.00112951719069428	0.00107253947914129	0.00110854221361716	0.00094645062751035	0.000841863739142977	0.000807236979036208	0.000722114546127346	0.000705040114162152
72029	35-39	2	0.00153532052792941	0.00154406359054597	0.00146617407878996	0.00151539030175608	0.00129380888035843	0.00115083731552777	0.00110350224907134	0.000987138845586098	0.00096379805414193
72029	40-44	2	0.00197660527438746	0.00198786086495124	0.00188758403370499	0.00195094648210285	0.00166567753870942	0.00148161247555414	0.00142067246574811	0.00127086363212968	0.00124081412332125
72029	45-49	2	0.00285175174411079	0.00286799110150486	0.00272331624706174	0.0028147327678263	0.00240315993101417	0.00213759926308697	0.00204967790810871	0.00183354110340467	0.00179018689673261
72029	50-54	2	0.00422393054856153	0.00424798465733663	0.00403369585990562	0.00416909834629409	0.00355948857147388	0.0031661481316952	0.0030359217222122	0.00271578587063691	0.00265157105792469
72029	55-59	2	0.0063239837118143	0.00635999750342035	0.00603916887111622	0.00624189173018574	0.00532919483671952	0.004740292623042	0.00454532058939498	0.00406601960801386	0.00396987785196861
72029	60-64	2	0.0099023842624103	0.009958776833736	0.00945640890497832	0.00977384279989617	0.00834469990018235	0.00742256720622119	0.00711727048031157	0.00636675944326323	0.00621621613342263
72029	65-69	2	0.0150309689824465	0.015116568613087	0.0143540177352827	0.0148358562231966	0.0126665399221324	0.0112668221401796	0.01080340509158	0.00966419290609771	0.00943568136230386
72029	70-74	2	0.0246809556655339	0.0248215076983365	0.0235693925073307	0.0243605747473604	0.0207985431530263	0.0185001977053533	0.017739264908531	0.015868665874213	0.0154934470408089
72029	75-79	2	0.0398777094526581	0.0401048021228378	0.038081722742132	0.0393600562582949	0.033604782470168	0.029891284532804	0.0286618264658014	0.0256394493380565	0.0250331897701603
72029	80-84	2	0.0708469515680748	0.0712503964387845	0.0676561810605647	0.0699272748778947	0.0597024238494838	0.0531050003334925	0.0509207403646247	0.0455511685320719	0.0444740863066904
72029	85+	2	0.163680242223614	0.164612366171869	0.156308523227013	0.16155550275925	0.13793266093167	0.122690387137494	0.117644010565019	0.105238512509408	0.102750081825933
72031	0-4	2	0.00239955319949985	0.00243050228685657	0.00252169050498774	0.00227641186085935	0.00199544042279322	0.00181406673981651	0.00186647330913351	0.00141741057831491	0.00152001135551169
72031	5-9	2	0.000157776260333592	0.000153719933058634	0.000158509735843543	0.000149416522704052	0.000134779513334426	0.000123062295693731	0.000118228458170053	0.000101142575224622	0.000101497506222194
72031	10-14	2	0.000159873779380829	0.000155763478530608	0.000160616924511881	0.000151402866942715	0.000136571268672963	0.000124698274048085	0.000119800159835838	0.000102487148867146	0.000102846794303151
72031	15-19	2	0.000321721582067404	0.000313450250006259	0.000323217152746846	0.000304675203906062	0.000274828890109922	0.00025093626743807	0.000241079576629669	0.00020623975916936	0.000206963504628889
72031	20-24	2	0.000513119487130312	0.000499927306534629	0.000515504675889195	0.0004859316935454	0.000438329270753521	0.000400222610024767	0.000384501987430002	0.000328935337135723	0.000330089643483566
72031	25-29	2	0.000718554716813338	0.000700080896986257	0.000721895007091977	0.000680482006676949	0.000613821241836636	0.00056045790093284	0.000538443436495227	0.000460629752915762	0.000462246178726951
72031	30-34	2	0.000993522612893676	0.000967979723074363	0.000998141612223354	0.000940881083670004	0.000848711343709298	0.000774927489642007	0.000744488670463811	0.000636898273352613	0.000639133230858057
72031	35-39	2	0.00135815745000753	0.00132323971928965	0.00136447135156276	0.0012861954500795	0.00116019830788621	0.00105933494453824	0.00101772473837155	0.000870647273356242	0.000873702661169145
72031	40-44	2	0.00174852170292159	0.00170356731398555	0.00175664974434727	0.00165587578994415	0.00149366431769748	0.00136381046980664	0.00131024068522424	0.001120889959848	0.00112482345343379
72031	45-49	2	0.00252268401464986	0.00245782561228056	0.00253441028421353	0.00238901812491323	0.00215498715830348	0.00196764023854879	0.00189035228398814	0.00161716611248978	0.00162284121744352
72031	50-54	2	0.00373652517888064	0.00364045901608403	0.00375389355854529	0.00353854171806199	0.00319190205436948	0.00291440975804533	0.00279993315178757	0.00239529774711193	0.0024037035806518
72031	55-59	2	0.00559425107320481	0.00545042276638709	0.00562025479599763	0.00529783396550629	0.00477885087178525	0.00436339446498507	0.00419200285497523	0.0035861909559592	0.00359877577650823
72031	60-64	2	0.00875973576011013	0.00853452260188653	0.0088004536500562	0.00829559221039222	0.00748294489347969	0.0068324022196242	0.00656402852344056	0.00561542111199466	0.00563512711858981
72031	65-69	2	0.0132965279365603	0.0129546736296522	0.0133583344855859	0.0125919982025567	0.0113584689574414	0.0103710010854204	0.00996363029712188	0.00852372521251134	0.00855363791268289
72031	70-74	2	0.0218329907323924	0.0212716624791909	0.0219344754006332	0.0206761448188228	0.0186506805747845	0.0170292507395112	0.0163603456249137	0.0139960081465504	0.0140451241517528
72031	75-79	2	0.0352761717568231	0.034369215943054	0.0354401412188016	0.0334070217141365	0.0301344227491044	0.0275146346968709	0.0264338653990968	0.022613739090171	0.0226930909367814
72031	80-84	2	0.062671825043218	0.061060520873272	0.0629631293729451	0.0593510776556381	0.0535369577933445	0.0488826250468066	0.0469625271012223	0.0401756701107143	0.0403166434667972
72031	85+	2	0.144792978115829	0.141070339057436	0.145466007882912	0.137120942967261	0.123688377144016	0.11293529929592	0.108499226845789	0.0928193152694411	0.0931449927811324
72033	0-4	2	0.00336173226239313	0.00280952682715572	0.00259543624040093	0.00255777534383209	0.00222928904369373	0.00188718025039101	0.00184661806642716	0.001578436175959	0.00159226512787148
72033	5-9	2	0.000193688149755391	0.000179407737942563	0.00017424034141115	0.000169544576979013	0.00015018884556503	0.000135623590535952	0.000123172237221288	0.000110056577244755	0.000109414979289354
72033	10-14	2	0.000196263011961021	0.000181792797751717	0.000176556699617194	0.000171798510852998	0.000152185452288208	0.00013742657563387	0.000124809697210199	0.000111519667090132	0.000110869540243606
72033	15-19	2	0.00039494984976931	0.000365830500977654	0.00035529370365758	0.00034571848844822	0.000306250148031097	0.000276549984459667	0.000251160363100333	0.000224416259680519	0.00022310799665826
72033	20-24	2	0.000629912872298995	0.000583469593944519	0.000566664243506306	0.000551392542090924	0.000488443709932229	0.000441074336083696	0.000400579929122364	0.000357925322458483	0.000355838743238322
72033	25-29	2	0.000882108615163749	0.000817070662783429	0.00079353705152966	0.000772151235755933	0.000683999907372921	0.000617665273135542	0.000560958321593423	0.000501226286789322	0.00049830430217875
72033	30-34	2	0.00121966401799692	0.00112973780545852	0.00109719864502006	0.00106762914193131	0.000945745131383305	0.000854026282152124	0.000775619208052405	0.000693029725627861	0.000688989588226273
72033	35-39	2	0.00166729611864295	0.00154436549797153	0.00149988386836134	0.00145946158885806	0.00129284454227645	0.0011674638620373	0.00106028051018907	0.000947379631689272	0.00094185683137859
72033	40-44	2	0.00214651403802403	0.00198825002824255	0.00193098326512153	0.00187894257320211	0.00166443597891187	0.00150301793474694	0.00136502788291333	0.00121967692656191	0.00121256664543109
72033	45-49	2	0.00309688905679252	0.00286855298820962	0.002785931153052	0.00271084899062714	0.00240136874864911	0.00216848199827395	0.00196939630241593	0.00175969122940883	0.00174943297208406
72033	50-54	2	0.00458702030193525	0.0042488159192322	0.00412643877265651	0.00401522849100746	0.00355683539569914	0.00321189025682957	0.00291701006461033	0.0026064010602679	0.00259120721677623
72033	55-59	2	0.00686759481380099	0.00636124193782605	0.00617802179177727	0.00601152054220728	0.00532522252879148	0.0048087767457974	0.00436728794600757	0.00390225020135245	0.00387950192670731
72033	60-64	2	0.0107535946741915	0.00996072421615041	0.00967383020196083	0.00941311524246451	0.00833847902686245	0.00752980303715438	0.00683849873223195	0.00611032105606776	0.0060747003508626
72033	65-69	2	0.0163230334223081	0.0151195236953035	0.0146840436285234	0.0142883015536906	0.0126570966055297	0.0114295969615973	0.0103802540819991	0.009274941566226	0.00922087200418116
72033	70-74	2	0.0268025326439089	0.024826357231172	0.0241112942236963	0.023461483337714	0.020783034308319	0.0187674719031879	0.0170444458076455	0.0152295123733214	0.0151407278393227
72033	75-79	2	0.0433055992309417	0.0401126345798099	0.0389572859853112	0.0379073666729049	0.0335797221577544	0.0303231243303618	0.0275391836512005	0.0246067486109355	0.0244632914380562
72033	80-84	2	0.0769369414564347	0.0712643008425247	0.0692116980655509	0.0673464022916933	0.0596578832793612	0.0538721922731389	0.0489262354884027	0.0437164575581564	0.0434615947851934
72033	85+	2	0.17775019932653	0.164644523768309	0.159902329566391	0.155592855674807	0.137829792363991	0.124462890413078	0.113036052309498	0.100999715551543	0.100410882334082
72035	0-4	2	0.00309205906505707	0.00279738192337546	0.00259520690409704	0.00250025712079957	0.00216693343565867	0.00210389865354857	0.00195794585881503	0.00133216018746003	0.0014522445373861
72035	5-9	2	0.000184334625212697	0.00017456652864535	0.000167897833116592	0.000164969885663494	0.000143176896980236	0.000134976229661052	0.000123310005500727	0.000105916821097102	0.00010089430289204
72035	10-14	2	0.000186785119120558	0.0001768871722429	0.00017012982659084	0.000167162971365044	0.000145080275905862	0.000136770574213873	0.000124949263447862	0.000107324866978369	0.000102235592172835
72035	15-19	2	0.000375876814471708	0.000355958600316466	0.000342360458365634	0.00033639010883236	0.000291951958100904	0.00027522997733005	0.000251441348053909	0.000215974855948208	0.000205733391972915
72035	20-24	2	0.000599492833961552	0.000567724716828384	0.000546036719381962	0.000536514486989534	0.000465639187667516	0.00043896909096966	0.000401028143820479	0.000344461983255087	0.000328127628205822
72035	25-29	2	0.000839509563805159	0.000795022428856912	0.000764651271949334	0.000751316690014939	0.00065206527918319	0.000614717312546156	0.000561586173155084	0.000482372743701281	0.000459498619238413
72035	30-34	2	0.00116076361876691	0.00109925260009258	0.00105725932122589	0.00103882194051413	0.000901590063549035	0.000849950292722004	0.000776487409035929	0.000666961594454739	0.000635334134837868
72035	35-39	2	0.00158677828240759	0.00150269166904471	0.00144528615844692	0.00142008187520579	0.00123248408657952	0.00116189208011398	0.00106146742240091	0.000911744056040125	0.000868509048141031
72035	40-44	2	0.00204285320118398	0.00193459782569497	0.00186069259831924	0.00182824411982976	0.0015867264906046	0.00149584462580932	0.00136655586868187	0.00117379884144072	0.0011181369567666
72035	45-49	2	0.0029473315668502	0.0027911458403085	0.00268451877160983	0.00263770337902778	0.00228925297113194	0.00215813292630186	0.00197160102776148	0.00169350037822467	0.00161319409004316
72035	50-54	2	0.00436550017509597	0.00413416281415162	0.00397622963539023	0.00390688719082758	0.003390772616708	0.00319656171223099	0.00292027603753288	0.00250836136771615	0.00238941407983336
72035	55-59	2	0.00653593861763145	0.00618958516464013	0.00595313120365122	0.00584931365600295	0.0050765961802497	0.00478582691894829	0.00437217763491443	0.0037554669696735	0.00357738116340666
72035	60-64	2	0.0102342721156332	0.00969193555751839	0.00932168548313929	0.00915912416035147	0.0079491682123336	0.0074938668277187	0.00684615490343647	0.00588048112584746	0.00560162581290031
72035	65-69	2	0.0155347451878795	0.014711524818933	0.0141495171965981	0.0139027633436452	0.0120661546377254	0.0113750477316712	0.0103918745839789	0.00892606397838696	0.00850278544545712
72035	70-74	2	0.0255081551639159	0.0241564205068832	0.0232335992258699	0.0228284269206622	0.0198127036389572	0.0186779026906438	0.0170635268049357	0.0146566516330037	0.013961624899776
72035	75-79	2	0.0412142389860819	0.039030197201578	0.0375391673608328	0.0368845204832373	0.0320119323767921	0.0301784037529409	0.0275700137160803	0.0236811607607684	0.0225581786272679
72035	80-84	2	0.0732214168492447	0.0693412366840706	0.0666922629945046	0.0655292098533709	0.0568725441347465	0.0536150860279306	0.0489810099934564	0.0420720568167145	0.0400769653702761
72035	85+	2	0.169166080973461	0.160201575963239	0.154081559300895	0.151394509471794	0.13139470709536	0.123868881367271	0.113162604472876	0.0972006092431787	0.0925912673735834
72037	0-4	2	0.00286700345967252	0.00279350605756569	0.00270680221649637	0.00256944995311854	0.00225517186038178	0.00201951686775382	0.00221137865841893	0.00163778029478322	0.00179764173407454
72037	5-9	2	0.000188598812686243	0.000178366158574501	0.00017207289022196	0.000168516423099302	0.000151616359010077	0.000138272831784258	0.00013071200590228	0.000114040571676729	0.000114429734626376
72037	10-14	2	0.000191106091106363	0.000180737399066723	0.000174360457359749	0.000170756723132809	0.000153631965885834	0.000140111046360882	0.000132449684370897	0.00011555662480132	0.000115950953908259
72037	15-19	2	0.000384572060908367	0.000363706494745173	0.000350873903016841	0.000343621942092175	0.000309161041913422	0.000281952096054218	0.000266534882714208	0.000232540108350818	0.000233333689572718
72037	20-24	2	0.000613360709423227	0.000580081653592649	0.000559614683787962	0.000548048392240131	0.000493086127977034	0.000449690141432896	0.000425101038921522	0.000370882148829793	0.000372147860648533
72037	25-29	2	0.000858929355692453	0.000812326318380915	0.000783665057918379	0.000767468039092782	0.00069050085234286	0.000629730498712394	0.000595296948171696	0.000519370615221943	0.00052114308388884
72037	30-34	2	0.00118761463199455	0.00112317811557077	0.00108354912986719	0.00106115393536177	0.000954733862108745	0.000870708540427465	0.000823098337097875	0.000718117447442216	0.000720568206030545
72037	35-39	2	0.00162348421455978	0.0015353982237896	0.00148122471327562	0.00145061011011905	0.00130513251490466	0.00119026881979852	0.00112518520994737	0.000981674963378622	0.000985025347550585
72037	40-44	2	0.00209010956156382	0.00197670509616763	0.00190696081729813	0.00186754711688997	0.00168025603161045	0.00153237768332208	0.00144858769750516	0.00126382944163178	0.00126814278301765
72037	45-49	2	0.00301551122959678	0.00285189649717008	0.00275127255463268	0.00269440792742132	0.00242419314015661	0.00221084112362267	0.00208995288754266	0.00182339252500838	0.00182961564155819
72037	50-54	2	0.00446648606048264	0.0042241449465395	0.00407510338305614	0.00399087629800271	0.0035906422037265	0.00327463160644451	0.00309557561941821	0.00270075396163106	0.00270997164187573
72037	55-59	2	0.00668713280187351	0.006324304965787	0.00610116327186648	0.00597506031470872	0.00537583680302905	0.00490271143963862	0.00463463268140801	0.00404351377109854	0.00405731386584077
72037	60-64	2	0.0104710187185352	0.0099028863265752	0.00955348125449465	0.0093560239560383	0.00841773267742406	0.00767688904469278	0.0072571183072994	0.00633151767452563	0.00635312675161382
72037	65-69	2	0.0158941059031846	0.0150317297779543	0.0145013636809626	0.0142016418311707	0.0127773967127138	0.0116528602914751	0.0110156812592601	0.00961069794925552	0.00964349908427965
72037	70-74	2	0.026098228549164	0.0246821974846481	0.0238113314961141	0.0233191870126307	0.0209805676650019	0.0191340717270142	0.0180878209230392	0.0157808238889976	0.015834682012217
72037	75-79	2	0.0421676403915687	0.0398797155863652	0.0384726307919841	0.0376774568428278	0.0338988856727861	0.0309154553150126	0.0292249996814455	0.0254975202986099	0.0255845313584093
72037	80-84	2	0.074915244833044	0.0708505025402095	0.0683506637420221	0.0669379484725823	0.0602249151845123	0.0549245356458788	0.0519212714398714	0.0452990165079254	0.0454535974652911
72037	85+	2	0.173079418970259	0.163688516836965	0.15791305102429	0.154649192931887	0.13913983006093	0.126894158034578	0.11995559374769	0.104655975490075	0.105013116478789
72039	0-4	2	0.00293645652087679	0.00271047086400989	0.00249761601234479	0.0024773165987105	0.00219747502352643	0.00199122093008346	0.00184946054948966	0.00155803414471832	0.00136547510234821
72039	5-9	2	0.000170427017171836	0.00016571281593243	0.000157110557007757	0.000155287663933857	0.000138299762449882	0.00012659603980933	0.000116921393341494	0.000103257543205182	0.000102886615737081
72039	10-14	2	0.00017269265597462	0.000167915776200881	0.000159199166517702	0.000157352039514683	0.00014013829223321	0.000128278984456766	0.000118475725674287	0.000104630226879481	0.00010425436562306
72039	15-19	2	0.000347517752440477	0.000337905109625917	0.000320364162765272	0.000316647149347649	0.000282007088770782	0.000258141913346553	0.00023841433084017	0.000210552381721508	0.000209796039630862
72039	20-24	2	0.000554262388015097	0.00053893093035155	0.000510954433424064	0.000505026133935086	0.000449778036113272	0.000411715036776716	0.000380251150522292	0.000335813631073637	0.000334607332093767
72039	25-29	2	0.000776170197341187	0.000754700422977242	0.000715523011163408	0.000707221331603544	0.00062985382336184	0.000576551571921913	0.000532490714327188	0.000470261900449769	0.000468572634364979
72039	30-34	2	0.00107318603614813	0.00104350051374833	0.000989331059254121	0.000977852610410274	0.00087087903770223	0.000797179690366274	0.000736258019881318	0.000650216294554674	0.000647880589517283
72039	35-39	2	0.00146705864733738	0.00142647803721503	0.0013524274371406	0.00133673608719024	0.00119050182870897	0.00108975398643851	0.00100647341577252	0.00088885322030573	0.00088566039951918
72039	40-44	2	0.00188872351305844	0.00183647892846433	0.00174114438339591	0.00172094295172777	0.00153267767358049	0.00140297254543689	0.00129575542821168	0.00114432876524002	0.00114021816823184
72039	45-49	2	0.0027249604004635	0.00264958453077216	0.00251204021982208	0.00248289448789745	0.00221127410149915	0.00202414135540672	0.00186945349070441	0.00165098242873026	0.00164505205027375
72039	50-54	2	0.00403613039435171	0.00392448624192825	0.00372075936407626	0.00367758910857515	0.003275272990944	0.00299809733613404	0.00276897800660956	0.00244538515388433	0.00243660131063817
72039	55-59	2	0.00604281296303367	0.00587566194123714	0.0055706463522772	0.00550601306058713	0.004903672651167	0.00448869050444206	0.00414565756923662	0.0036611802644267	0.00364802923096121
72039	60-64	2	0.00946211296657919	0.00920038032294664	0.00872277316681761	0.00862156798163648	0.0076783964318984	0.00702859695121573	0.00649145973950499	0.00573284296598378	0.00571224957020654
72039	65-69	2	0.0143626746117517	0.0139653872235595	0.0132404210770135	0.0130868010682896	0.011655147751693	0.0106688084937057	0.00985347836785699	0.00870196285507977	0.00867070377630439
72039	70-74	2	0.0235836090355568	0.0229312569603454	0.0217408559650566	0.0214886106131431	0.0191378270552775	0.0175182524583145	0.0161794761116389	0.0142886764553231	0.0142373485757459
72039	75-79	2	0.0381046999015439	0.0370506729933307	0.0351273070775086	0.0347197469349747	0.0309215206273398	0.0283047307329283	0.0261416337267903	0.0230866177831887	0.0230036787722605
72039	80-84	2	0.0676969923919576	0.0658243975999431	0.0624073326551934	0.0616832549337351	0.054935305853767	0.0502863036451728	0.0464433388369341	0.0410157828313305	0.0408684359558977
72039	85+	2	0.156402788622972	0.152076499544807	0.144181935249863	0.142509055981387	0.126919023851587	0.116178254504083	0.107299709259292	0.094760245309511	0.0944198210574654
72041	0-4	2	0.00249817818597981	0.00235496457569924	0.00221284409426075	0.00217622912045723	0.00193116135399374	0.001827284172374	0.00178663278597147	0.00140740036995489	0.00145631446592885
72041	5-9	2	0.000161318885837426	0.000159413963734694	0.000152443015882934	0.00014691969183097	0.00012946377473516	0.000122140747573201	0.000112961300782991	0.000100679107626729	0.000101754636784464
72041	10-14	2	0.000163463470859216	0.000161533201022178	0.000154469581632832	0.000148872849031121	0.000131184865828529	0.000123764469738007	0.000114462988199389	0.000102017513276085	0.000103107332267183
72041	15-19	2	0.000328945236983877	0.000325061071203017	0.00031084657448256	0.000299583893736643	0.000263989490313502	0.000249057123068099	0.000230339306152961	0.000205294713029213	0.00020748785290934
72041	20-24	2	0.000524640718514308	0.000518445796456267	0.000495774744840497	0.000477811614916964	0.000421041386828312	0.000397225575344877	0.000367372178775454	0.000327428119125182	0.000330926012819255
72041	25-29	2	0.000734688895792485	0.000726013662136202	0.000694265848161627	0.000669110933660447	0.000589611871085028	0.000556260974161218	0.000514455411519824	0.000458519122468658	0.000463417449651123
72041	30-34	2	0.00101583112056252	0.00100383632209241	0.00095993958293637	0.00092515857215809	0.000815237708625234	0.000769124555736498	0.000711321196884811	0.000633979972701443	0.000640752770577355
72041	35-39	2	0.00138865357846075	0.00137225646573996	0.00131224881176844	0.00126470243553619	0.00111443919299197	0.00105140216132267	0.000972384364159638	0.000866657930491849	0.000875916587521683
72041	40-44	2	0.0017877831271317	0.00176667288634688	0.00168941759536559	0.00162820536432656	0.00143475308230646	0.0013535977080677	0.00125186851716092	0.00111575403652542	0.00112767379611342
72041	45-49	2	0.00257932853327327	0.00254887198071655	0.00243741152071089	0.00234909700317954	0.00206999295325928	0.00195290563922307	0.00180613561393644	0.00160975636149548	0.00162695367512196
72041	50-54	2	0.00382042504641545	0.0037753142690903	0.00361022202300322	0.00347941241662445	0.00306601172504193	0.00289258564693634	0.00267519378173944	0.00238432251961445	0.00240979497227401
72041	55-59	2	0.00571986318692119	0.0056523249476393	0.00540515254097467	0.00520930727509224	0.00459037100249514	0.00433072043081877	0.00400524591662259	0.00356975888785722	0.00360789543307443
72041	60-64	2	0.00895642409786934	0.0088506698312882	0.00846363615753884	0.00815697297802685	0.00718781471002386	0.00678124079212271	0.0062715970569149	0.00558969137009333	0.00564940678374981
72041	65-69	2	0.0135950821007199	0.0134345563473432	0.0128470733006161	0.012381586307213	0.0109104875171181	0.0102933437346601	0.00951974588858177	0.00848467120471753	0.00857531355730957
72041	70-74	2	0.0223232180827811	0.0220596306998846	0.0210949781078869	0.0203306452751795	0.0179150917390595	0.0169017382815104	0.0156314863434921	0.0139318823162718	0.0140807175556481
72041	75-79	2	0.036068249595954	0.0356423610937728	0.0340837429685742	0.0328487876937472	0.0289459108986655	0.0273086103151843	0.0252562313190721	0.0225101360595325	0.0227506056839079
72041	80-84	2	0.0640790358515616	0.0633223908346003	0.0605533370408414	0.0583593072550299	0.0514254365762266	0.0485166000648215	0.0448703368377894	0.0399916102843408	0.0404188320028109
72041	85+	2	0.148044094106975	0.146296028987315	0.139898588111019	0.134829621023516	0.118810047094141	0.112089651199754	0.103665551724314	0.0923940708639377	0.0933810963226814
72043	0-4	2	0.00245903261857589	0.00250317867893222	0.00238292787591748	0.00246215996234057	0.00224373288120098	0.0021584989939221	0.00184761087261937	0.00125220332937509	0.00145971770217477
72043	5-9	2	0.000173427156522656	0.000172114466439491	0.000159626635779021	0.000160961120532829	0.000142090340964975	0.000130264330619503	0.000120554953787039	0.000107824250347516	0.000102087291426775
72043	10-14	2	0.000175732719477359	0.000174402545956038	0.000161748715939138	0.000163100931723834	0.000143979276315292	0.000131996045502687	0.000122157596794831	0.000109257649387862	0.000103444435593199
72043	15-19	2	0.00035363533854669	0.00035095874274775	0.000325494630084382	0.000328215905896622	0.000289736452936379	0.000265621945165362	0.000245823552886641	0.000219864406758754	0.000208166073649701
72043	20-24	2	0.000564019487760313	0.000559750572178898	0.000519137186555042	0.000523477431762542	0.000462105767791802	0.000423645121835407	0.000392068301327323	0.000350665610655422	0.000332007628625563
72043	25-29	2	0.000789833612825001	0.000783855526978428	0.000726981785000826	0.000733059863602298	0.00064711709575477	0.000593257998367548	0.000549039012276962	0.000491060131935455	0.000464932037401421
72043	30-34	2	0.00109207794284177	0.00108381241775804	0.00100517473147501	0.00101357881941806	0.000894748454384365	0.000820279152408393	0.000759138806952684	0.00067897338524811	0.00064284679183079
72043	35-39	2	0.00149288402158883	0.00148158488539303	0.00137408582112209	0.00138557429397631	0.00122313161055618	0.00112133118500149	0.00103775168584481	0.000928164478601109	0.000878778997887393
72043	40-44	2	0.00192197143395625	0.00190742445635759	0.00176902757658951	0.0017838181734053	0.00157468588278521	0.00144362571220232	0.00133602375744459	0.00119493890742317	0.00113135874448538
72043	45-49	2	0.002772929103034	0.002751941733195	0.00255226894744745	0.00257360809908455	0.00227188172706437	0.00208279405855516	0.00192755093776892	0.00172400050597927	0.00163226997325345
72043	50-54	2	0.00410718005137405	0.00407609455456681	0.00378034459875814	0.00381195114687703	0.00336504297914795	0.00308497192554408	0.0028550303285822	0.00255353745847791	0.00241766883904054
72043	55-59	2	0.00614918722509172	0.00610264723315985	0.00565985638894786	0.00570717754558898	0.0050380746951652	0.00461875751363876	0.00427449338966466	0.00382310412245662	0.00361968406687392
72043	60-64	2	0.00962867840663141	0.00955580446907228	0.00886246229073619	0.00893656039470539	0.00788884895461837	0.00723226143611254	0.00669319667259623	0.00598639063809186	0.00566786560722104
72043	65-69	2	0.0146155054272336	0.0145048899698426	0.0134524567975068	0.0135649323825033	0.0119745965915699	0.0109779537429915	0.0101596973101884	0.00908682592317272	0.00860333192817396
72043	70-74	2	0.0239987570332264	0.0238171224579318	0.0220890190436542	0.0222737053002512	0.0196623640476479	0.0180258701504826	0.0166822894056255	0.0149206236493303	0.0141267228417701
72043	75-79	2	0.0387754625298634	0.0384819852135679	0.0356898384328304	0.0359882427385778	0.0317690272494813	0.0291249010465716	0.0269540404942024	0.0241076711304903	0.0228249357965724
72043	80-84	2	0.0688886728711445	0.0683672724500972	0.063406727028554	0.0639368672125567	0.0564409888607309	0.0517434246282371	0.0478866692616157	0.0428297918372629	0.0405508827283255
72043	85+	2	0.159155967351508	0.157951390965069	0.146490860746559	0.147715640825053	0.130397644555281	0.119544690072707	0.110634277793598	0.0989512117312135	0.0936861541007489
72045	0-4	2	0.00283247293099759	0.00257077133078104	0.00235447014728141	0.00243357562314395	0.0022297562777164	0.00214986306801156	0.00177930605310703	0.00121033807681627	0.00137493619165994
72045	5-9	2	0.000170705674823307	0.000169063701559133	0.000161521552002112	0.000161600327269758	0.000141945777802918	0.000130844363633696	0.000117882075215129	0.000104693720684968	0.000104019522586624
72045	10-14	2	0.000172975042602977	0.000171311220592474	0.000163668807275682	0.000163748617810261	0.000143832779900675	0.000132583782597565	0.000119449191029186	0.000106085507089523	0.000105402341967637
72045	15-19	2	0.000348085846914875	0.000344737901318619	0.000329358660626916	0.000329519379603596	0.000289441690050627	0.000266804718745193	0.000240373215361948	0.000213480872874985	0.000212106124096467
72045	20-24	2	0.000555168372008276	0.000549828673612216	0.000525299957367648	0.000525556380184359	0.000461635652214239	0.000425531542728275	0.000383375374125573	0.000340484320695898	0.000338291704715453
72045	25-29	2	0.000777438798910235	0.00076996119927238	0.000735611961896616	0.000735971195338549	0.000646458795424619	0.000595899727827199	0.000536865731540118	0.000476802557603181	0.000473732081199604
72045	30-34	2	0.00107494008512757	0.00106460122232676	0.00101710756079884	0.00101760431108026	0.000893838300454031	0.00082393189446372	0.000742307192540778	0.000659259869591296	0.000655014404597651
72045	35-39	2	0.00146945635775913	0.00145532295814428	0.00139039826934517	0.00139107719303038	0.00122188739159059	0.0011263245897127	0.00101474266567728	0.000901215854865803	0.000895412382344242
72045	40-44	2	0.00189181037544218	0.00187361452933475	0.00179002891504307	0.00179090302681984	0.00157308423845639	0.00145005441297298	0.001306401450214	0.00116024467479814	0.00115277303010536
72045	45-49	2	0.00272941395689468	0.0027031621270023	0.00258256862147145	0.00258382967277926	0.00226957076723769	0.00209206887087727	0.00188481297767705	0.00167394517306292	0.00166316561064749
72045	50-54	2	0.00404272692794062	0.00400384403860404	0.00382522419151245	0.00382709148823648	0.00336162038996924	0.00309870985204416	0.00279172815654331	0.00247939687625658	0.00246343071009579
72045	55-59	2	0.00605268895503151	0.00599447476023403	0.0057270490528169	0.00572984535951116	0.00503295039938708	0.00463932548897702	0.0041797185725577	0.00371210208128298	0.00368819752045198
72045	60-64	2	0.00947757736873862	0.00938642331212564	0.00896767618125129	0.00897205534076828	0.00788082574669802	0.00726446833221499	0.00654479407172418	0.00581257884353009	0.00577514732452031
72045	65-69	2	0.0143861472833451	0.0142477832435938	0.0136121616693564	0.0136188101101172	0.0119624176453916	0.0110268405792208	0.00993443473456349	0.00882299450098124	0.00876617675988658
72045	70-74	2	0.0236221525853483	0.0233949550804891	0.0223512586112808	0.0223621749489762	0.0196423678620454	0.0181061449310407	0.0163124074881501	0.0144874110924985	0.0143941157940655
72045	75-79	2	0.0381669672690541	0.0377998743144772	0.0361135439643808	0.0361311830552496	0.031736716486452	0.0292546007616789	0.0263564113731886	0.0234077153148142	0.0232569678217506
72045	80-84	2	0.0678076319894609	0.0671554439276553	0.0641594953510577	0.0641908276556483	0.0563835948771523	0.0519738552016425	0.0468249233093445	0.0415862554609994	0.0413184371382029
72045	85+	2	0.156658413497111	0.155151670906366	0.148230021269304	0.148302386219925	0.130265055592425	0.120077075192051	0.108181301317393	0.0960782295407572	0.09545947560721
72047	0-4	2	0.00292250380893822	0.00255450292906233	0.00232566191921725	0.00221396583586847	0.00198427221972495	0.00199216936555842	0.00193252844820126	0.00145282194765322	0.00144877789022812
72047	5-9	2	0.000172828480234938	0.00016797563046882	0.000162517845630079	0.00015291921881655	0.000133935335068309	0.000129844450152781	0.000119037781089697	0.000107910781639963	0.00010129870003311
72047	10-14	2	0.000175126047361316	0.000170208682686252	0.000164678339008664	0.000154952135982506	0.000135715874301561	0.000131570576416607	0.000120620245902474	0.000109345315935019	0.000102645351025232
72047	15-19	2	0.000352414596342263	0.000342519250954068	0.000331390303586486	0.000311817524749892	0.000273107406218139	0.00026476579273116	0.000242729873265759	0.000220040875410286	0.000206558059878834
72047	20-24	2	0.000562072542603477	0.000546290185889824	0.000528540375668345	0.000497323241012128	0.00043558368496683	0.000422279660975992	0.000387134132234677	0.000350947083534206	0.000329442986847523
72047	25-29	2	0.000787107273632193	0.000765006060563846	0.000740149836377116	0.000696434408832656	0.000609976438749537	0.000591345926034834	0.000542129424893393	0.000491454358269417	0.000461340631602916
72047	30-34	2	0.00108830849243669	0.00105774992058179	0.00102338199266953	0.00096293777992034	0.000843395050704066	0.000817635458644454	0.000749585189310103	0.000679518539189844	0.000637881098563478
72047	35-39	2	0.00148773123612828	0.00144595711767548	0.00139897555504427	0.00131634719037659	0.00115293073073476	0.00111771738299289	0.00102469186350675	0.000928909824980669	0.000871990911839776
72047	40-44	2	0.0019153380198113	0.00186155675175591	0.00180107152235197	0.00169469384250365	0.00148430777581409	0.00143897325532511	0.00131921031305135	0.00119589853393317	0.00112261966827355
72047	45-49	2	0.00276335883828249	0.00268576597613685	0.00259850066937599	0.00244502342375004	0.00214148809206651	0.00207608156857163	0.00190329310308564	0.00172538513623732	0.00161966176114679
72047	50-54	2	0.0040930051395251	0.00397807731954254	0.00384882234460909	0.00362149551429911	0.00317190790532456	0.00307502996741947	0.0028191005403666	0.00255558832712244	0.00239899414336163
72047	55-59	2	0.00612796522043623	0.00595589791184906	0.00576238028785973	0.00542203117563826	0.00474891655108752	0.00460387251211031	0.00422070009594204	0.00382617468040912	0.00359172443883522
72047	60-64	2	0.00959544857204026	0.00932601763095397	0.00902299923414196	0.00849006534573878	0.00743607221042483	0.00720895456584176	0.00660896487746385	0.00599119896671753	0.00562408538897443
72047	65-69	2	0.01456506684505	0.0141560945689137	0.0136961393455632	0.0128871917939346	0.0112873208301016	0.0109425768539761	0.0100318415756386	0.00909412493012325	0.00853687780691745
72047	70-74	2	0.0239159394624726	0.0232444007849544	0.0224891492466575	0.0211608512912892	0.018533852579594	0.0179677808519719	0.0164723492600571	0.0149326094467404	0.0140176048365307
72047	75-79	2	0.0386416538699808	0.037556624482203	0.0363363422776444	0.034190175551351	0.0299456619908039	0.029031047530452	0.0266148366110607	0.0241270368493623	0.0226486318143772
72047	80-84	2	0.0686509528311134	0.0667232833026028	0.0645553198111499	0.0607424243677637	0.0532015964567542	0.0515766829114769	0.0472840386283283	0.0428642044659545	0.0402376645791962
72047	85+	2	0.158606778443951	0.15415324102978	0.149144520861821	0.140335433582007	0.122913582250053	0.119159475404614	0.109242012841554	0.0990307197052831	0.0929625242011263
72049	0-4	2	0.00265003133983289	0.00259934849822515	0.00239694800531915	0.00204046853541114	0.00181252084573244	0.00208309438812928	0.00223262776844764	0.00134556001139218	0.00160193655708214
72049	5-9	2	0.000167886680944772	0.00016142875248654	0.00015507781953047	0.000150794175977249	0.000134695764817092	0.000124834623907081	0.000115539925562769	0.000101448196090837	0.000101349001661552
72049	10-14	2	0.000170118504422359	0.00016357471294633	0.000157139350415189	0.000152798781947727	0.000136486353667392	0.000126494114813253	0.000117075851781619	0.000102796796161637	0.000102696277389926
72049	15-19	2	0.0003423375309307	0.000329169157536936	0.000316218965515778	0.000307484185432974	0.000274657933564845	0.000254550048047507	0.000235597224209893	0.000206862796256827	0.000206660537358411
72049	20-24	2	0.000546000151318716	0.000524997592838752	0.000504343037879201	0.000490411730198175	0.000438056536726192	0.000405986181021013	0.000375757981146144	0.000329928933915317	0.000329606338411493
72049	25-29	2	0.00076459978621902	0.000735188399194107	0.000706264451316595	0.000686755574840984	0.000613439215545033	0.00056852892039352	0.000526198503239406	0.000462021066089653	0.000461569295041463
72049	30-34	2	0.00105718799149582	0.00101652182778347	0.000976529594745507	0.000949555240178419	0.00084818305126693	0.000786087011708683	0.000727557960414037	0.000638821961419255	0.00063819731098464
72049	35-39	2	0.00144518875948866	0.00138959736272264	0.00133492730477617	0.00129805289080876	0.00115947585932533	0.00107458993337328	0.000994580077080504	0.000873276808070808	0.000872423053257824
72049	40-44	2	0.0018605676211753	0.001788997711228	0.00171861415364453	0.0016711412197241	0.00149273407471556	0.00138344996857414	0.00128044363373882	0.00112427520793235	0.00112317597836074
72049	45-49	2	0.00268433838000393	0.00258108074094463	0.00247953454893558	0.0024110425796763	0.00215364512666494	0.00199597510470828	0.00184736237281074	0.00162205012294856	0.00162046425069534
72049	50-54	2	0.00397596269765716	0.00382302082764189	0.00367261329252747	0.00357116427719022	0.00318991474414556	0.00295637862115277	0.00273625768986801	0.00240253175643599	0.00240018291788109
72049	55-59	2	0.00595272987881655	0.00572374876256064	0.00549856200170258	0.00534667494092988	0.0047758749925715	0.00442622895374566	0.0040966684243637	0.00359702061654515	0.00359350377179564
72049	60-64	2	0.00932105712449118	0.00896250797861025	0.0086099004618495	0.00837206912447166	0.0074782849606849	0.00693079180579846	0.00641475000056277	0.00563237855621306	0.00562687147533962
72049	65-69	2	0.0141485640486614	0.0136043172908042	0.0130690898934291	0.0127080832714074	0.0113513959403444	0.0105203489762685	0.00973703972511332	0.00854946636292498	0.00854110680935555
72049	70-74	2	0.0232320413222574	0.0223383819316221	0.0214595333966576	0.0208667575398333	0.0186390675981941	0.0172744833006734	0.0159882851726661	0.0140382779627693	0.0140245506941156
72049	75-79	2	0.0375366654488691	0.0360927503237059	0.0346727683114352	0.0337150035432917	0.0301156634144026	0.0279108686637699	0.0258327233973802	0.0226820433210617	0.0226598571124768
72049	80-84	2	0.06668781862077	0.0641225471285325	0.0615997964653953	0.0598982245904516	0.0535036168568069	0.0495865653999237	0.0458945271924501	0.0402970160446662	0.0402576005917937
72049	85+	2	0.154071264737753	0.148144651863784	0.142316252760936	0.138385033754274	0.123611343323328	0.114561634206025	0.106031774647106	0.093099651055282	0.0930085814563525
72051	0-4	2	0.00286177480482076	0.0028638374775344	0.0026611176471583	0.00248421531937444	0.00211155896459269	0.00185946523618301	0.00164256218786825	0.00167092488296359	0.00146458777049515
72051	5-9	2	0.000169860593437769	0.000167185044651048	0.000157778820149402	0.000156425022493281	0.000141588116020459	0.000131185295700191	0.00011770871530247	0.000107573741760605	0.000102661828070102
72051	10-14	2	0.000172118728750736	0.00016940756978808	0.000159876307422755	0.000158504529141895	0.000143470370954593	0.000132929252256972	0.000119273524092592	0.000109003791989619	0.000104026597527518
72051	15-19	2	0.000346362688897938	0.000340907095703083	0.00032172675016886	0.000318966294509548	0.000288712413410262	0.000267499977895388	0.000240019779445687	0.000219353608788205	0.00020933763967118
72051	20-24	2	0.000552420137442014	0.000543718913594189	0.000513127669460539	0.000508724953295164	0.000460472499892381	0.000426640479837868	0.000382811733693458	0.000349850952101115	0.0003338762047191
72051	25-29	2	0.00077359010402566	0.000761405205743832	0.000718566227345568	0.000712400951977812	0.000644829947704955	0.000597452616040971	0.000536076414836001	0.000489919337571292	0.000467548757009236
72051	30-34	2	0.00106961833420933	0.00105277083280936	0.000993538673523352	0.000985014229976732	0.000891586012418089	0.000826078824205418	0.000741215666908563	0.000677395999260964	0.000646464843708617
72051	35-39	2	0.00146218122526676	0.00143915032952731	0.00135817895442423	0.00134652590346285	0.00121880841221207	0.00112925935272593	0.00101325030091154	0.000926008054314784	0.00088372488597777
72051	40-44	2	0.00188244432958093	0.00185279336800462	0.00174854876567612	0.00173354644496402	0.00156912018722969	0.00145383269527422	0.00130448014015842	0.00119216264319597	0.00113772619294335
72051	45-49	2	0.00271590130289711	0.00267312260346133	0.00252272308902466	0.00250107808325893	0.00226385163479334	0.00209752030898262	0.00188204141855798	0.00171999513884476	0.00164145668269336
72051	50-54	2	0.00402271280544133	0.00395935088489197	0.00373658303453077	0.0037045222556251	0.00335314946635028	0.00310678449865492	0.00278762333609012	0.00254760532158638	0.00243127623872284
72051	55-59	2	0.00602272447789192	0.00592786088570583	0.00559433757146381	0.00554633725072174	0.0050202679413107	0.00465141459710036	0.00417357276098795	0.00381422271718492	0.00364005704197503
72051	60-64	2	0.00943065917679306	0.00928211756279259	0.00875987152025314	0.00868471098634184	0.00786096789009253	0.00728339832342679	0.00653517062091459	0.00597248422022915	0.00569976741495553
72051	65-69	2	0.0143149307958662	0.0140894570560205	0.0132967329532674	0.0131826472230993	0.0119322765228927	0.0110555763189746	0.00991982796665881	0.00906571686654416	0.00865175635985522
72051	70-74	2	0.0235052143219984	0.0231349823529769	0.0218333228284984	0.0216459933018003	0.0195928766685925	0.0181533297260853	0.0162884248265886	0.0148859636924368	0.0142062356783501
72051	75-79	2	0.0379780354337333	0.0373798375955189	0.0352767073594346	0.0349740325263733	0.0316567554577182	0.0293308421492752	0.0263176635866833	0.0240516725554894	0.0229534081784641
72051	80-84	2	0.0674719702938052	0.0664092046852443	0.0626727696692283	0.062135030893074	0.0562415368131373	0.0521093074588754	0.0467560866081153	0.0427303108935177	0.0407791346174492
72051	85+	2	0.155882946744312	0.153427630141094	0.14479520793089	0.14355283460424	0.129936879792298	0.120390029061019	0.108022274128146	0.0987213970007463	0.0942135127917962
72053	0-4	2	0.00286291068286162	0.00306839928770486	0.00291497255180985	0.00270260939330552	0.00236621173284621	0.00222803181292659	0.00217883666617107	0.0016288039245885	0.00176274595197373
72053	5-9	2	0.000194362663586182	0.00018939242991413	0.000176231943295137	0.000172854390810898	0.000156153467499196	0.000144884933825821	0.000135020705487849	0.000119206233248908	0.000115007265597665
72053	10-14	2	0.00019694652388012	0.000191910186734073	0.000178574765396068	0.000175152335709038	0.000158229372820132	0.000146811020487045	0.000136815647428002	0.000120790940377137	0.000116536159615366
72053	15-19	2	0.000396325028357566	0.000386190170249572	0.000359354469526022	0.00035246739240045	0.000318412581948322	0.000295434836206144	0.000275320674734228	0.000243073392076462	0.000234511224152679
72053	20-24	2	0.000632105999559338	0.000615941657972968	0.000573140708254055	0.0005621563365191	0.000507841715795063	0.000471194185592998	0.000439113758720939	0.000387681961291023	0.000374025954299645
72053	25-29	2	0.000885179601558147	0.000862543586545837	0.000802606445999481	0.000787224272936183	0.000711164019744649	0.000659844058648324	0.000614919902636498	0.000542896555868435	0.000523773045139145
72053	30-34	2	0.00122390983702035	0.0011926119840483	0.00110973868896621	0.00108847021847219	0.000983304153316224	0.00091234564240242	0.000850230334008745	0.000750646042180662	0.000724204480358682
72053	35-39	2	0.00167309981795428	0.0016303150915306	0.00151702599078914	0.001487951738244	0.00134418839625399	0.00124718717186721	0.0011622748104497	0.00102614187209304	0.000989996006490918
72053	40-44	2	0.00215398498852534	0.00209890252650691	0.00195305150976845	0.00191562093374681	0.00173053697183875	0.00160565536261993	0.00149633739658272	0.00132107688341908	0.00127454189071198
72053	45-49	2	0.00310766719702036	0.00302819691068851	0.00281776959778331	0.00276376630144925	0.00249673597121852	0.00231656270256355	0.00215884386142513	0.00190598629322136	0.00183884769946711
72053	50-54	2	0.00460298425361205	0.0044852753905568	0.00417359593374193	0.00409360697784415	0.00369808982206365	0.0034312229270705	0.00319761464868637	0.00282308945313315	0.00272364559087249
72053	55-59	2	0.00689149534786697	0.00671526473618122	0.0062486245025414	0.00612886659424794	0.00553670528429083	0.00513715715953014	0.00478740372303586	0.00422667195293055	0.0040777863489741
72053	60-64	2	0.0107910187057049	0.0105150686178096	0.00978438181408922	0.00959685974088068	0.00866962700558251	0.00804399436385704	0.00749633415908659	0.00661831566233179	0.00638518332452619
72053	65-69	2	0.0163798384104394	0.0159609701201328	0.0148518508344448	0.0145672094912467	0.0131597500473565	0.0122100938233325	0.0113787894369771	0.0100460320739294	0.00969215841188757
72053	70-74	2	0.0268958075994142	0.0262080191738056	0.0243868353988526	0.0239194513017186	0.0216083934177521	0.0200490520205218	0.0186840456981879	0.0164956443219169	0.0159145810781273
72053	75-79	2	0.0434563018309427	0.0423450208662432	0.039402482744762	0.038647317657116	0.0349132780839673	0.032393809106865	0.0301883316026896	0.0266524738825446	0.0257136230346711
72053	80-84	2	0.0772046937557174	0.075230380053155	0.0700026477528208	0.0686610130668943	0.0620270932633279	0.0575509857496027	0.0536327290637092	0.0473509022743266	0.0456829426874197
72053	85+	2	0.178368787294521	0.173807486150725	0.161729665921815	0.158630024449782	0.143303446029542	0.132962130313226	0.123909624182299	0.109396514256825	0.105542939943363
72054	0-4	2	0.00303242959985048	0.00304640520983434	0.00278668900263366	0.00247524287541762	0.0021296763128772	0.00212713386985601	0.0020279143696089	0.00193690805879203	0.00158100782037448
72054	5-9	2	0.000184177825366687	0.000184887667755867	0.000175914239362507	0.000168173088852665	0.000148227093022808	0.000140256292932646	0.000125121038274407	0.000111850112754298	0.000108443993105649
72054	10-14	2	0.000186626300178301	0.000187345526194316	0.000178252813372684	0.000170408791938013	0.000150197630305917	0.000142120839924954	0.000126784394618303	0.000113337033678138	0.000109885648444116
72054	15-19	2	0.000375557093283498	0.000377004782754914	0.000358706973309842	0.000342921877388751	0.000302249917654783	0.000285996672902766	0.000255134202473972	0.00022807350505592	0.000221128025661895
72054	20-24	2	0.000598982731912576	0.000601291781233596	0.000572108146965707	0.000546932062670304	0.000482063553567819	0.000456141103663414	0.000406917896758454	0.000363758333798889	0.000352680809989268
72054	25-29	2	0.000838794968250494	0.000842028562079403	0.000801160733233384	0.000765904946760293	0.000675065305435252	0.00063876437050543	0.00056983390965383	0.000509394737652981	0.000493882073505666
72054	30-34	2	0.00115977525486597	0.001164246464583	0.00110773973447244	0.00105899254703878	0.000933391427606293	0.000883199344786662	0.000787891139087801	0.000704324019065848	0.000682875070778302
72054	35-39	2	0.00158542703979381	0.00159153920033768	0.00151429354202692	0.00144765531792345	0.00127595695790456	0.00120734393695557	0.00107705633631583	0.000962819009505171	0.00093349815338637
72054	40-44	2	0.00204111360677447	0.00204898229191678	0.00194953436411457	0.0018637428240832	0.00164269449896614	0.00155436046749911	0.0013866254149191	0.00123955382436357	0.00120180537070028
72054	45-49	2	0.00294482143136924	0.00295617438765725	0.00281269538358391	0.0026889189066107	0.002370000738847	0.00224255667148648	0.00200055625047807	0.00178836854634542	0.00173390683911351
72054	50-54	2	0.00436178296486673	0.00437859930650386	0.00416608195440893	0.00398274685891873	0.00351037451824942	0.00332160823020616	0.00296316409332372	0.00264887779155102	0.00256821073184942
72054	55-59	2	0.00653037307353018	0.00655555089232327	0.00623737451621331	0.00596288906306245	0.00525566153171625	0.00497304383654944	0.00443638852125849	0.00396584562157222	0.0038450721928238
72054	60-64	2	0.0102255575296952	0.0102649822771202	0.00976676753197468	0.00933696637593618	0.00822955768951844	0.00778702037936411	0.00694669940587534	0.00620990156046099	0.00602078910937312
72054	65-69	2	0.0155215174042575	0.0155813608852985	0.0148251141265677	0.0141727135447155	0.0124917624693926	0.0118200295677927	0.010544492800085	0.00942609597421921	0.00913903892421066
72054	70-74	2	0.0254864392492558	0.0255846991749037	0.0243429353176294	0.0232716893824755	0.0205115568693491	0.0194085677651974	0.0173141276358929	0.015477708219539	0.0150063578155132
72054	75-79	2	0.0411791530875496	0.0413379115499421	0.0393315577233343	0.0376007155772168	0.0331410931106909	0.031358965054617	0.0279749214064074	0.0250077683788238	0.0242461863640811
72054	80-84	2	0.0731590917009115	0.0734411380492171	0.0698766356330073	0.0668016074719093	0.058878617040165	0.0557124773215665	0.0497003745330811	0.0444289185321047	0.0430758884367716
72054	85+	2	0.169022074178525	0.169673721001168	0.161438525383917	0.154334165273684	0.136029401136236	0.128714552625576	0.114824566834919	0.102645736432496	0.0995197814076453
72055	0-4	2	0.00337241773357132	0.00336418575205358	0.0031604805217927	0.00300769506775359	0.00263424145821396	0.00244786775811443	0.00228494935692549	0.00195560064690969	0.00196269960923174
72055	5-9	2	0.000202903489829541	0.00020307644272413	0.00019409590322698	0.000191090367962983	0.000170344130317868	0.000155738165692077	0.000144831629769781	0.000132374450644136	0.000128678829324169
72055	10-14	2	0.00020560094222592	0.000205776125890339	0.000196676195456753	0.000193630727013967	0.000172608681614328	0.000157808545308463	0.000146757013351755	0.000134134207493615	0.000130389465031642
72055	15-19	2	0.000413740417136114	0.000414093276819886	0.000395780984215249	0.00038965244848593	0.000347348782012363	0.000317565631449827	0.000295326119657205	0.000269924822393201	0.00026238900408559
72055	20-24	2	0.00065988196789574	0.000660444873843063	0.000631238151680257	0.000621463577721	0.000553992631116581	0.000506490969113112	0.000471020804190487	0.000430507901688463	0.00041848882437281
72055	25-29	2	0.000924075944804307	0.000924864336373998	0.00088396423570396	0.000870276348413884	0.000775792374324526	0.000709272499201646	0.000659601441647883	0.000602868651001264	0.000586037448971116
72055	30-34	2	0.00127769043572853	0.00127878083743911	0.00122222955552873	0.00120330378248407	0.00107266377763671	0.000980688747326784	0.00091201000607396	0.00083356763597299	0.000810295601234921
72055	35-39	2	0.00174661810934988	0.00174810860608325	0.00167080208969986	0.00164493033700935	0.00146634387192253	0.00134061293634132	0.00124672833620574	0.00113949664087191	0.00110768356724516
72055	40-44	2	0.00224863436274153	0.00225055282279134	0.00215102648423333	0.00211771873159267	0.00188780261516415	0.00172593371396465	0.00160506475064938	0.0014670124518189	0.00142605541574258
72055	45-49	2	0.00324422197222522	0.00324699029138393	0.00310339815420118	0.00305534284954218	0.00272363069917539	0.00249009387598115	0.00231571000584807	0.00211653500710073	0.00205744410017966
72055	50-54	2	0.004805245528298	0.0048093466320479	0.00459666170322668	0.00452548262505059	0.00403416035372119	0.00368825257493974	0.00342996015985274	0.00313494816128615	0.00304742443591996
72055	55-59	2	0.00719431511646735	0.00720045596320827	0.00688202885458292	0.0067754615724368	0.00603986258596912	0.00552197554791152	0.00513526571176122	0.00469357985083695	0.00456254087335366
72055	60-64	2	0.0112651869226911	0.0112748035667108	0.0107761963197558	0.0106093288102348	0.00945749467310215	0.00864656120494138	0.00804103193225462	0.00734942073298083	0.00714423363000458
72055	65-69	2	0.0170995841954734	0.0171141808205451	0.0163573382609372	0.0161040491352377	0.0143556643333299	0.0131247375803911	0.0122055934996251	0.011155785461046	0.0108443297476614
72055	70-74	2	0.0280776322158073	0.0281015970657283	0.026858855227342	0.0264429530546969	0.0235720943987809	0.0215509057014204	0.0200416657112726	0.0183178685058653	0.0178064539493012
72055	75-79	2	0.0453658190003271	0.0454045346111052	0.0433965991986733	0.0427246140554502	0.0380860881887969	0.0348203994194116	0.0323818800399389	0.0295966952220408	0.0287703784224101
72055	80-84	2	0.0805971440273269	0.0806659176100583	0.0770986040696455	0.0759047465751192	0.0676639164865324	0.0618620781045327	0.0575298008891307	0.0525816284938515	0.0511135911862836
72055	85+	2	0.186206503393101	0.186365444468812	0.178123762909154	0.175365538259709	0.156326445513295	0.142922230327221	0.132913195263083	0.121481270933202	0.118089608890043
72057	0-4	2	0.00307969428494278	0.00281815663791979	0.00257607764326314	0.00263409096356653	0.00234471627298738	0.00217284792460384	0.00198486124635131	0.00166154293947667	0.00184898422113334
72057	5-9	2	0.000193752345607978	0.000187897585968866	0.000174944947894876	0.000170719121171653	0.00015073852260047	0.000146373043337765	0.000130827912565766	0.000117093371114922	0.000122009672842497
72057	10-14	2	0.000196328095576171	0.000190395493763307	0.00017727067742518	0.000172988677712156	0.000152742447623347	0.000148318905737197	0.000132567132356688	0.000118649993966026	0.000123631632879413
72057	15-19	2	0.000395080535636493	0.000383142093625467	0.000356730212418092	0.00034811331061501	0.000307370839143021	0.000298469296113985	0.000266771107070166	0.000238765026523472	0.000248789942866384
72057	20-24	2	0.000630121196630958	0.000611080293380741	0.000568955332314818	0.000555212038303546	0.000490231054247308	0.000476033979631012	0.000425477882892628	0.000380810498741206	0.000396799473479884
72057	25-29	2	0.000882400261044012	0.000855735919174987	0.000796745426374553	0.000777499816179373	0.00068650268512273	0.00066662160376022	0.000595824622886622	0.000533273995802451	0.000555664459203512
72057	30-34	2	0.00122006702798531	0.00118319909785716	0.00110163466193544	0.00107502437868429	0.000949205538471282	0.000921716783690707	0.000823827769486573	0.00073734111743256	0.000768299855307075
72057	35-39	2	0.00166784682276455	0.00161744765925988	0.00150594768697886	0.00146957092334638	0.00129757491792594	0.00125999770024251	0.00112618218672039	0.00100795383930844	0.00105027503958229
72057	40-44	2	0.00214722246200359	0.00208233717934949	0.00193878941601841	0.00189195710098555	0.00167052563598095	0.00162214795257831	0.00144987100393587	0.00129766131855488	0.00135214653287772
72057	45-49	2	0.00309791056284502	0.00300429726013158	0.00279719303435414	0.00272962535093356	0.00241015437961488	0.00234035743776274	0.00209180413014441	0.00187220338297077	0.00195081223622516
72057	50-54	2	0.00458853329888485	0.00444987639536167	0.00414311920376669	0.00404303922160955	0.00356984818247609	0.00346646719986789	0.00309831719945298	0.00277305110641833	0.00288948446384613
72057	55-59	2	0.00686985892250688	0.00666226503628497	0.00620299466248482	0.00605315758310114	0.00534470450967986	0.00518992418724431	0.00463873707837126	0.00415175517779224	0.00432607683301451
72057	60-64	2	0.0107571395525278	0.0104320802716855	0.00971293383947913	0.00947831228139994	0.00836898442832835	0.00812662103786246	0.00726354608168535	0.00650100710212297	0.00677396788037842
72057	65-69	2	0.0163284120884912	0.0158349992699249	0.0147433972882455	0.0143872636161247	0.0127034002164274	0.0123355149008305	0.0110254385984308	0.00986796920224609	0.0102822993637475
72057	70-74	2	0.0268113608405256	0.0260011728739798	0.0242087543486749	0.0236239798275222	0.0208590649611417	0.0202549952562695	0.0181038429728225	0.0162032668279594	0.0168835990551051
72057	75-79	2	0.0433198634320215	0.0420108138384819	0.0391147504344604	0.0381699139168224	0.033702565374327	0.0327265568233661	0.0292508808363181	0.0261800699110069	0.0272792951452981
72057	80-84	2	0.0769622936139135	0.0746366146909194	0.0694914500177777	0.0678128511312017	0.0598761378211901	0.0581421535142969	0.0519672566806498	0.0465116360702912	0.0484645261575256
72057	85+	2	0.177808739104371	0.172435684909605	0.160548626725439	0.156670471487364	0.138333994238597	0.134327904372086	0.120061808499105	0.107457511881998	0.11196933908062
72059	0-4	2	0.0030245719985101	0.00305374395985396	0.00290672537818655	0.00281037651570009	0.00258140015879547	0.0024410188900021	0.00213106899225994	0.00187641708416892	0.0015946691348084
72059	5-9	2	0.000189959012346844	0.000187989106828373	0.000176367563657806	0.000169524604051703	0.00015591137422812	0.000149600543837018	0.000135360533006593	0.000117057362009998	0.000117134550324653
72059	10-14	2	0.000192484353060639	0.000190488220329122	0.000178712189061873	0.000171778281918149	0.000157984044185214	0.00015158929472573	0.000137159992601826	0.000118613505322861	0.000118691717038323
72059	15-19	2	0.000387345385690108	0.000383328694839363	0.000359631046709799	0.000345677493730759	0.000317918904059679	0.00030505058357168	0.000276013671980626	0.000238691591545665	0.00023884901311768
72059	20-24	2	0.0006177841487975	0.000611377890722136	0.000573581893017829	0.000551326996596452	0.000507054378858277	0.000486530617292675	0.000440219074597638	0.000380693356527737	0.000380944443001235
72059	25-29	2	0.000865123826088554	0.000856152717746657	0.000803224375866911	0.000772059369670744	0.000710061652821964	0.000681320874970829	0.000616467797280336	0.0005331099761701	0.000533461583555618
72059	30-34	2	0.00119617927283397	0.00118377538531078	0.00111059291687419	0.00106750197176888	0.000981779885555625	0.00094204107969811	0.000852370556800013	0.000737114316918834	0.000737600518390569
72059	35-39	2	0.00163519173393789	0.00161823534413675	0.0015181936754826	0.00145928765018698	0.00134210462634604	0.0012877814077098	0.00116520064954977	0.00100764378961461	0.00100830856122439
72059	40-44	2	0.00210518156957129	0.00208335120945901	0.00195455509460048	0.00187871810604352	0.00172785418143337	0.00165791728397367	0.00150010428103644	0.0012972621700633	0.00129811793017585
72059	45-49	2	0.00303725579180321	0.00300576030038765	0.00281993906474302	0.0027105246662997	0.00249286542780712	0.00239196382969758	0.00216427841297636	0.00187162751462782	0.00187286227997218
72059	50-54	2	0.00449869281180431	0.00445204319426374	0.00417680971167594	0.0040147473747363	0.0036923571522019	0.00354290495794624	0.00320566395417082	0.00277219791936071	0.00277402699347547
72059	55-59	2	0.00673535181053142	0.00666550948600945	0.00625343567309019	0.00601079954179653	0.00552812253474587	0.00530436514419916	0.00479945465358036	0.00415047779038369	0.00415321608354864
72059	60-64	2	0.0105465219969595	0.0104371600472447	0.00979191620737259	0.0094119859099927	0.00865618897354405	0.00830581773298148	0.00751520457137061	0.00649900707121847	0.0065032945471203
72059	65-69	2	0.0160087109206862	0.0158427102358307	0.0148632864479822	0.0142865854415906	0.0131393514439932	0.0126075197669167	0.0114074339349197	0.00986493222328356	0.0098714402525336
72059	70-74	2	0.0262864138340724	0.0260138361031782	0.0244056141953545	0.0234586677479223	0.0215749015951712	0.0207016295669008	0.0187310824615426	0.0161982796603398	0.0162089647217313
72059	75-79	2	0.0424716915847453	0.0420312716161824	0.0394328196547584	0.0379028134305365	0.0348591629876372	0.033448197266938	0.0302643311118044	0.0261720135884359	0.0261892688408244
72059	80-84	2	0.0754554222703462	0.0746729674870179	0.0700565424107195	0.0673383213308864	0.061930952950136	0.0594242233310778	0.0537677520746665	0.046497320281036	0.0465279786143713
72059	85+	2	0.174327374569636	0.17251967372734	0.161854173459144	0.155574137030285	0.143081302534047	0.137289917355168	0.124221569637613	0.107424439435967	0.107495263197989
72061	0-4	2	0.00242268154009005	0.00233131951257308	0.00226731343179269	0.00206998904619334	0.00178986703073949	0.00166866326959343	0.00164513165338654	0.00144811768440249	0.00141510807725028
72061	5-9	2	0.000157202938439995	0.000149937096737049	0.00014763360375042	0.000140306780475562	0.00012540237980145	0.000119631822487581	0.000111788768131478	9.79197233067116e-05	0.000100016010196221
72061	10-14	2	0.000159292787982965	0.000151930355333451	0.00014959623139575	0.000142172031170675	0.00012706948228182	0.00012122219429165	0.000113274866070957	9.92214474651994e-05	0.000101345597353368
72061	15-19	2	0.000320552448180636	0.000305736688241352	0.000301039694271374	0.000286099536839995	0.00025570796971195	0.000243941212191315	0.00022794842846388	0.000199668055827197	0.000203942605556399
72061	20-24	2	0.000511254864037208	0.000487624816836233	0.000480133481958486	0.000456305102467168	0.000407833038655773	0.000389066107747672	0.00036355891918299	0.000318454041163254	0.000325271599060532
72061	25-29	2	0.000715943647393575	0.000682852767130535	0.000672362196268751	0.000638993815870268	0.000571115275192414	0.000544834683330443	0.000509115421303828	0.000445952081680976	0.000455499159232298
72061	30-34	2	0.000989912629331877	0.000944158888180852	0.000929653948934788	0.000883516439121462	0.000789662985124866	0.000753325757783314	0.00070393773605614	0.000616603861855701	0.000629804314259704
72061	35-39	2	0.0013532225930189	0.00129067640922461	0.00127084786772189	0.00120777711193252	0.00107947830640487	0.00102980506138305	0.000962291178592564	0.000842904610173568	0.000860949913949977
72061	40-44	2	0.00174216837288897	0.0016616448812681	0.00163611712327832	0.00155491829796099	0.00138974350626096	0.00132579296896785	0.00123887424298854	0.00108517349800519	0.00110840534227943
72061	45-49	2	0.00251351749498652	0.00239734219104262	0.00236051202271278	0.00224336189887502	0.00200505540397096	0.00191279046350851	0.00178738814642225	0.00156563614850202	0.00159915413091396
72061	50-54	2	0.00372294763124181	0.00355087224647584	0.00349632038193397	0.00332280058230869	0.00296982803420524	0.0028331678713116	0.00264742550934226	0.00231897301022938	0.00236861898320094
72061	55-59	2	0.005573922306264	0.00531629417525635	0.00523462047251675	0.00497483044814206	0.00444636643779897	0.00424176136822954	0.00396367151569479	0.00347191875269788	0.00354624759501901
72061	60-64	2	0.00872790454499764	0.00832449767808297	0.00819660906968226	0.00778981782027939	0.00696232529283211	0.00664194465276181	0.00620649833691678	0.0054364887633855	0.00555287589547047
72061	65-69	2	0.0132482091555205	0.0126358720221287	0.0124417480716875	0.0118242736786122	0.0105682113478505	0.0100819021051193	0.00942093112114801	0.00825212271077298	0.00842878755399636
72061	70-74	2	0.0217536500144301	0.0207481876192429	0.0204294335265168	0.0194155344756878	0.0173530710518585	0.0165545479502501	0.0154692301527074	0.0135500365464127	0.0138401215837787
72061	75-79	2	0.0351479780481228	0.0335234226377479	0.0330084013431145	0.0313702141757871	0.0280378339243695	0.0267476392164407	0.0249940616649049	0.0218931709683489	0.0223618645948932
72061	80-84	2	0.0624440750227548	0.0595578734842208	0.0586428819640562	0.0557324745031787	0.0498121468184221	0.0475199708575282	0.0444045555562999	0.038895496989772	0.0397281836183377
72061	85+	2	0.144266781899796	0.137598714857479	0.135484778523497	0.128760737446077	0.115082795565498	0.10978710248019	0.102589435360544	0.089861655232607	0.0917854258213259
72063	0-4	2	0.00278352294982744	0.00260832597623157	0.00245433451661404	0.00239544531244936	0.00205041730324853	0.0018492860383088	0.00172206592853567	0.00143872397929654	0.0015464708347775
72063	5-9	2	0.000173080232052158	0.000166942306506408	0.000159706077812167	0.000156293499757434	0.000135630076898581	0.000125810134666969	0.000114842847488531	0.000102645757921327	0.000103068529268366
72063	10-14	2	0.000175381144644626	0.000169161613018748	0.000161829191067895	0.000158371264272597	0.000137433144857863	0.000127482644114696	0.000116369558653256	0.000104010312180617	0.000104438698952968
72063	15-19	2	0.000352928054716327	0.000340412200568291	0.000325656768911012	0.00031869819071935	0.000276563282745597	0.000256539394289232	0.000234175946501476	0.000209304876192306	0.000210166972429903
72063	20-24	2	0.000562891388554096	0.000542929514821576	0.000519395727731588	0.000508297352742471	0.000441095528993451	0.000409159146642498	0.000373491244179792	0.000333823946618679	0.000335198905901829
72063	25-29	2	0.000788253852425256	0.000760299808335543	0.000727343853837293	0.000711802109519405	0.000617694950401065	0.000572972268390357	0.000523024305325601	0.000467475584794945	0.000469401032659374
72063	30-34	2	0.00108989371123655	0.00105124260881571	0.00100567541433922	0.000984186262123808	0.000854067153724228	0.000792230507363706	0.000723168894212148	0.00064636371508499	0.000649025997194003
72063	35-39	2	0.00148989821509646	0.00143706138870974	0.0013747702287548	0.00134539414648948	0.00116751958789337	0.0010829882623613	0.000988580175991659	0.000883586489144377	0.000887226144441439
72063	40-44	2	0.0019181277219921	0.00185010405332848	0.00176990891727209	0.00173208957784539	0.00150308984855273	0.0013942622145018	0.00127271932939896	0.00113754812069695	0.00114223378555481
72063	45-49	2	0.00276738389485044	0.00266924272801801	0.00255354082542051	0.00249897655185363	0.0021685862695039	0.0020115747917185	0.00183621825070156	0.00164119989171852	0.00164796008859216
72063	50-54	2	0.00409896752163996	0.00395360397121297	0.00378222933855447	0.00370140961676962	0.00321204515577373	0.00297948449311074	0.00271975133604068	0.00243089569928708	0.00244090892530434
72063	55-59	2	0.00613689154628033	0.0059192564960622	0.00566267824801405	0.00554167714848528	0.00480900941275732	0.00446082377143424	0.00407195657181771	0.0036394874867713	0.00365447878153086
72063	60-64	2	0.009609427943647	0.00926864510757663	0.00886688329609292	0.00867741454763542	0.00753016987400644	0.00698496318593062	0.00637605619494287	0.00569887636674953	0.00572234994831091
72063	65-69	2	0.0145862846134531	0.0140690054982443	0.0134591663801859	0.0131715705722004	0.0114301521677637	0.010602575978143	0.00967830540255138	0.00865040374729092	0.00868603480104702
72063	70-74	2	0.0239507828921883	0.0231014043177772	0.0221000428986171	0.0216278083840849	0.018768387154474	0.0174095011839219	0.0158918431792009	0.0142040181222282	0.0142625234127968
72063	75-79	2	0.0386979491509704	0.0373255813585599	0.0357076519072429	0.0349446479735375	0.0303246023378857	0.0281290161249512	0.025676894470071	0.0229498297453858	0.0230443524301001
72063	80-84	2	0.0687509688013014	0.0663128095566808	0.0634383859089373	0.0620828281043481	0.0538748303825786	0.0499741379920616	0.0456176923843373	0.0407727731518826	0.0409406999371305
72063	85+	2	0.158837825517609	0.153204875517667	0.14656399333713	0.14343219239787	0.124468961403573	0.115457043094754	0.105392181683902	0.0941988133934901	0.0945867784621974
72065	0-4	2	0.00267997509538505	0.00269183406743809	0.00263925219813745	0.00266295320981144	0.00233185851075111	0.00211712575800384	0.001846516147986	0.00151423290780118	0.00141022264878249
72065	5-9	2	0.000175916086371912	0.000172140826986313	0.000165581256339938	0.000165615449317206	0.000145959210849813	0.000135197601480274	0.000120344014406833	0.000108415513082573	0.000106258145165345
72065	10-14	2	0.000178254720714165	0.000174429249572755	0.00016778247006038	0.000167817113243243	0.000147899564235213	0.00013699488581223	0.000121943854912514	0.000109856767747877	0.000107670725512406
72065	15-19	2	0.000358710438051086	0.000351012372797263	0.000337636742681844	0.000337706559766218	0.000297625472794364	0.000275681418789967	0.000245393359645726	0.000221069994431539	0.0002166708918466
72065	20-24	2	0.000572113789210145	0.000559835942572777	0.000538502826052521	0.000538614209916164	0.00047468807644938	0.000439689148951537	0.000391382089016221	0.000352588374651366	0.000345572122286594
72065	25-29	2	0.000801168452606213	0.000783974937793661	0.000754100761654052	0.000754256851005852	0.000664736895458708	0.000615725507464816	0.00054807799136984	0.000493752632420493	0.000483927297036829
72065	30-34	2	0.00110775025723487	0.0010839775077236	0.00104267142304932	0.00104288724738144	0.000919110796282194	0.000851344333317541	0.000757810011153254	0.000682696203725621	0.000669110987148888
72065	35-39	2	0.00151430798453858	0.00148181024902557	0.00142534417659442	0.00142563918783377	0.00125643514854775	0.00116379762023266	0.00103593504611294	0.000933253588444409	0.000914682505471456
72065	40-44	2	0.0019495533692696	0.00190771460549773	0.00183501881523409	0.00183539884663355	0.0016175617861482	0.00149829798652493	0.00133368488968522	0.0012014906209083	0.00117758177444897
72065	45-49	2	0.00281272266250535	0.00275235983937145	0.00264747767773128	0.00264802584809745	0.00233374070743811	0.00216167244790252	0.00192417623932108	0.00173345283626743	0.00169895827172736
72065	50-54	2	0.00416612130825027	0.00407671426961538	0.00392136559649949	0.00392217678665032	0.00345666693359818	0.00320180478625461	0.00285003206029454	0.00256753793467181	0.00251644567800628
72065	55-59	2	0.00623743246698399	0.0061035746031453	0.00587098998455392	0.00587220480062449	0.00517525169952036	0.00479367672768965	0.00426700977605667	0.0038440653162048	0.00376757049400741
72065	60-64	2	0.00976685763314461	0.0095572566909869	0.00919306549423638	0.0091949689696805	0.00810364822615347	0.00750615850303494	0.0066814783946327	0.00601921301348041	0.00589943380806703
72065	65-69	2	0.0148252495334555	0.0145070933007485	0.0139542830245713	0.0139571737200903	0.0123006427543497	0.0113937049718946	0.010141908701087	0.00913664654330063	0.0089548322657326
72065	70-74	2	0.024343162417046	0.023820745337692	0.0229130253213068	0.0229177704899351	0.0201977359230332	0.0187085395046722	0.0166530823001741	0.0150024297485824	0.0147038892017419
72065	75-79	2	0.039331922357313	0.0384878352234555	0.0370212054470172	0.0370288724414101	0.0326340388636089	0.0302279068162515	0.0269068491099407	0.0242398451751159	0.0237574751315993
72065	80-84	2	0.0698772993285134	0.0683776841294126	0.0657720594449758	0.0657856794828334	0.0579777917193135	0.0537030389991323	0.047802836186989	0.0430646231916729	0.0422076439494765
72065	85+	2	0.16144004077138	0.157975443725685	0.151955571035343	0.151987019472994	0.133948181236873	0.124072069958551	0.110440608325399	0.0994937621954622	0.0975138483870506
72067	0-4	2	0.00217382749500613	0.0023996193828557	0.0024211667181327	0.00230471757432166	0.00199120482244997	0.00175663953108139	0.00172933547705867	0.00127172847476089	0.00144175433684006
72067	5-9	2	0.000160475490933609	0.000155581064078333	0.000146820075825161	0.000141588633917759	0.000126626974066147	0.000119239751988623	0.000114164357430986	9.80679152025682e-05	9.68707039192628e-05
72067	10-14	2	0.000162608832689595	0.000157649313919518	0.000148771864288308	0.000143470903240257	0.000128310334932338	0.000120824896837434	0.000115682012469541	9.93715990757626e-05	9.81584740751404e-05
72067	15-19	2	0.000327225564787851	0.000317245342660655	0.000299380700069941	0.000288713226418937	0.000258204937316563	0.00024314168636922	0.00023279254901079	0.000199970211723376	0.000197528972046123
72067	20-24	2	0.000521897950760645	0.000505980262318793	0.000477487488462491	0.00046047365894609	0.000411815434925257	0.000387790891299557	0.000371284959436183	0.000318935957102835	0.000315042355698433
72067	25-29	2	0.000730848041143205	0.000708557415675019	0.000668657033414875	0.000644831424764315	0.000576692154002591	0.00054304897868496	0.000519934821339027	0.000446627008625056	0.000441174510489493
72067	30-34	2	0.00101052039542227	0.000979699907501012	0.000924530848628442	0.000891587906067728	0.000797373949910994	0.000750856645665088	0.000718897428350844	0.00061753705941999	0.000609998069582874
72067	35-39	2	0.00138139366492487	0.00133926150617343	0.00126384451374438	0.00121881100808079	0.00109001936970088	0.00102642973550073	0.000982741243953043	0.00084418026011285	0.000833874464370387
72067	40-44	2	0.00177843630382598	0.00172419411966309	0.00162710047083844	0.00156912335783743	0.00140331420792478	0.00132144749320525	0.0012652021354418	0.00108681567768477	0.0010735477381317
72067	45-49	2	0.0025658432082372	0.00248758510138085	0.00234750270879721	0.00226385580169036	0.00202463426020024	0.00190652093264191	0.0018253728699719	0.00156800532927654	0.00154886298325899
72067	50-54	2	0.00380045099727709	0.00368453751509494	0.00347705105541695	0.00335315491432515	0.00299882710660205	0.00282388136375625	0.00270368748083801	0.00232248216111773	0.00229412908062329
72067	55-59	2	0.00568995828451516	0.00551641552302447	0.00520577114881566	0.00502027635730311	0.00448978304096158	0.00422785746670242	0.00404790573861206	0.00347717278243592	0.00343472294864907
72067	60-64	2	0.00890959755781493	0.00863785664931658	0.0081514354014242	0.00786097896601106	0.00703030842236854	0.00662017184106193	0.00633839478108173	0.00544471510163286	0.00537824531309925
72067	65-69	2	0.0135240020695818	0.0131115225531809	0.0123731775801848	0.0119322910493062	0.010671404958208	0.0100488533076816	0.00962113754208357	0.00826460805412561	0.0081637128298862
72067	70-74	2	0.0222065034912444	0.0215292068826543	0.0203168384689068	0.0195929000604481	0.0175225162090039	0.0165002813613525	0.0157979699989615	0.013570535988443	0.0134048644081621
72067	75-79	2	0.0358796644833632	0.0347853345401128	0.0328264750399872	0.031656785963443	0.0283116103722134	0.026659960657509	0.0255252168461238	0.0219262908947271	0.0216586044715902
72067	80-84	2	0.0637439805881208	0.0617997843503784	0.0583196641977591	0.0562415895361303	0.0502985337463852	0.0473642036453204	0.0453482162547832	0.0389543432640033	0.038478769592706
72067	85+	2	0.147269996202302	0.142778274319753	0.134738026076436	0.129936956360458	0.116206504118016	0.109427214741758	0.104769606333617	0.0899976300883666	0.0888988805841842
72069	0-4	2	0.00316000172374096	0.00274002863653204	0.00258092053069279	0.0025171239706273	0.00216471441571932	0.00200896383211827	0.00188495852433373	0.00164012376703551	0.00165912208813885
72069	5-9	2	0.000197894466193748	0.00017682900370072	0.000170804492526073	0.000169108404383524	0.000147007531631157	0.000136677832846323	0.000124149038551683	0.000112024348432838	0.000108471353049937
72069	10-14	2	0.000200525243281769	0.000179179753927429	0.000173075143635715	0.000171356523396481	0.000148961848328021	0.000138494816138334	0.00012579946785301	0.000113513580580852	0.000109913361464912
72069	15-19	2	0.000403526987013897	0.000360572000646368	0.000348287400650466	0.000344828948509732	0.000299763004875933	0.000278699691691118	0.000253152188606413	0.000228428772251514	0.000221183838010756
72069	20-24	2	0.000643592717578882	0.000575082715282298	0.000555489734663771	0.000549973737358524	0.000478097156520893	0.000444502984072829	0.000403756774862483	0.00036432498513681	0.000352769878074985
72069	25-29	2	0.000901265433589744	0.000805326146450556	0.000777888849179494	0.000770164488929598	0.000669510925339689	0.000622466676471421	0.000565407174248162	0.000510188263864199	0.000494006813648617
72069	30-34	2	0.00124615166263378	0.00111349902588555	0.00107556236294533	0.00106488222569483	0.000925711676799614	0.000860665083777327	0.00078177051845644	0.000705421233207901	0.000683047623265085
72069	35-39	2	0.00170350519924699	0.00152216654316764	0.00147030643802677	0.00145570651062105	0.00126545855323996	0.00117653914764393	0.00106868933469906	0.00096431895261219	0.000933734021259544
72069	40-44	2	0.00219313027742958	0.00195967021380396	0.00189290421406544	0.00187410795657793	0.00162917851387502	0.00151470169998246	0.00137585354736692	0.00124148481943367	0.00120210905361676
72069	45-49	2	0.00316414448364364	0.00282731919910517	0.00273099221523419	0.00270387331329089	0.00235050044541989	0.00218533872294932	0.00198501518626995	0.00179115462895664	0.0017343450225423
72069	50-54	2	0.00468663816613844	0.00418774209028826	0.00404506496481502	0.00400489637997885	0.0034814907250448	0.00323685810794861	0.0029401446163823	0.0026530041800831	0.00256885960547795
72069	55-59	2	0.00701673978367244	0.0062698025962043	0.00605618994661563	0.00599605128217698	0.00521241758615942	0.00484615753487489	0.00440192411393542	0.00397202343567431	0.00384604370737784
72069	60-64	2	0.0109871336224668	0.00981754484015318	0.0094830607741778	0.00938889334977368	0.0081618439632219	0.00758833538156278	0.0068927331170973	0.00621957489614774	0.00602231005831597
72069	65-69	2	0.016677524274664	0.0149021879882336	0.0143944700359288	0.0142515326572167	0.0123889780990989	0.0115184433536433	0.0104625761579794	0.00944077836874548	0.00914134691577488
72069	70-74	2	0.0273846095007971	0.0244694926823283	0.0236358153956998	0.0234011113778853	0.020342784129166	0.0189133599678488	0.0171796210294856	0.0155018174704818	0.0150101470820299
72069	75-79	2	0.0442460803503152	0.0395360405279417	0.0381890429813398	0.0378098233989854	0.0328683983644661	0.0305588401873166	0.0277575910536293	0.0250467226036557	0.0242523078682902
72069	80-84	2	0.0786078121851793	0.0702399264884998	0.0678468396150765	0.0671731140473645	0.058394152262357	0.054290977509838	0.0493142666298895	0.0444981186990728	0.0430867661136963
72069	85+	2	0.181610485866751	0.162277863458289	0.156749028308759	0.155192487906387	0.13491013602473	0.125430416037474	0.113932535857283	0.102805627081466	0.0995449092975597
72071	0-4	2	0.00293299471096948	0.00281555368344347	0.0027598224519203	0.00267839283410687	0.00249526376205302	0.00232110983042953	0.00196576478913711	0.00146363948865512	0.00166142863208465
72071	5-9	2	0.000188390548425006	0.00017941137976418	0.00017515897675315	0.000169572570914006	0.000156629328406782	0.000142824675868907	0.000128528118956169	0.000114238655545548	0.000112248309287958
72071	10-14	2	0.00019089499730482	0.000181796456373933	0.000177487509159903	0.000171826858007624	0.000158711520373758	0.00014472335089687	0.000130236750829191	0.00011575732174289	0.000113740517914004
72071	15-19	2	0.000384147196798928	0.00036583769538086	0.000357166670318667	0.000345775410436233	0.000319382940208746	0.000291233778741123	0.000262081592284999	0.000232943954964143	0.000228885428263174
72071	20-24	2	0.000612683350298958	0.000583481062431046	0.000569651472907169	0.000551483270695049	0.000509389481601387	0.000464493884786518	0.000417998478738621	0.000371526360167952	0.000365053305184648
72071	25-29	2	0.000857980774751598	0.000817086735219602	0.00079772026851578	0.000772278138071887	0.00071333157191718	0.000650461215495217	0.000585350724526648	0.000520272762218057	0.000511208095589485
72071	30-34	2	0.00118630296631472	0.00112976001295119	0.001102982669768	0.00106780457363548	0.000986301165034226	0.000899372258069454	0.000809345809437828	0.000719364725867212	0.000706831270889487
72071	35-39	2	0.00162169054290272	0.00154439539337083	0.00150779038197355	0.00145970135425044	0.00134828527421131	0.00122945238544314	0.00110638512614801	0.000983379813306411	0.000966246572951338
72071	40-44	2	0.00208780002498299	0.00198828814895731	0.00194116194208397	0.00187925101410036	0.00173581152371431	0.00158282329001503	0.00142438386050326	0.00126602423325629	0.00124396639651165
72071	45-49	2	0.00301217839851383	0.00286860725926855	0.00280061579313182	0.00271129343696981	0.00250434587867183	0.00228362153861116	0.00205503242124156	0.0018265587714362	0.00179473487677321
72071	50-54	2	0.00446154919116132	0.0042488961359006	0.00414818900752683	0.00401588655824434	0.00370936217861342	0.00338243184440399	0.00304385220049202	0.00270544370254408	0.00265830703770968
72071	55-59	2	0.00667974128570675	0.00636136193407493	0.00621058564586395	0.00601250501029943	0.00555358204862065	0.00506410813055105	0.00455719349489772	0.00405053498806469	0.00397996265836991
72071	60-64	2	0.0104594442698098	0.00996091074779834	0.00972481886174054	0.0094146561640541	0.00869605455310544	0.00792961175239854	0.00713586083827882	0.00634251204198003	0.00623200641145721
72071	65-69	2	0.0158765372518533	0.0151198057730169	0.0147614390794965	0.0142906397719783	0.0131998647800168	0.0120364711939471	0.0108316231019806	0.00962738722049341	0.00945964919965338
72071	70-74	2	0.026069382413298	0.0248268226949187	0.0242383805782494	0.02346532312027	0.0216742633798497	0.0197639645361232	0.017785596660908	0.0158082287730043	0.0155328014050825
72071	75-79	2	0.0421210250555819	0.0401133839410987	0.0391626207564602	0.0379135697648082	0.0350197061267674	0.0319331863634501	0.0287366827142508	0.025541796356393	0.0250967726423345
72071	80-84	2	0.074832425130072	0.0712656351236968	0.0695765005594282	0.0673574286864481	0.0622161713527494	0.0567326412042216	0.0510537239827453	0.0453776728833547	0.0445870415380902
72071	85+	2	0.172888037095942	0.164647568084753	0.160745103773451	0.155618295965336	0.143740273939367	0.131071468278565	0.117951251138428	0.10483767895209	0.103011050727835
72073	0-4	2	0.00317423427403972	0.00284170469062108	0.00254150032933576	0.00245218887125097	0.00211702725655147	0.00203369495478351	0.00177335456543867	0.00152255309645093	0.00154914976981044
72073	5-9	2	0.000189878629545566	0.000185194940443182	0.00017550211822772	0.000169015689284289	0.000145089312330775	0.000134600082335933	0.000122352997638604	0.000109224759563611	0.000106846350226633
72073	10-14	2	0.000192402850365426	0.000187656881936591	0.000177835214400105	0.000171262575349517	0.000147018134445948	0.000136389453260004	0.00012397956477682	0.000110676786874929	0.000108266765767097
72073	15-19	2	0.000387181900756876	0.000377631462035917	0.000357866710542127	0.000344640119810946	0.000295851610779502	0.000274462956670357	0.000249489857261802	0.000222720113186459	0.000217870259532847
72073	20-24	2	0.000617523803001297	0.00060229154897994	0.000570768219463416	0.000549672768527129	0.000471858894523171	0.000437745799668499	0.000397915694392985	0.000355220176477618	0.000347485022102207
72073	25-29	2	0.000864759403088365	0.00084342859385267	0.000799284335815308	0.000769743013164383	0.000660775038390721	0.000613004123582482	0.00055722746727305	0.000497438139457239	0.00048660604278986
72073	30-34	2	0.00119567593713267	0.00116618255009036	0.00110514554187628	0.00106429953161628	0.000913632804151502	0.000847581513225315	0.000770460700134903	0.000687792010619889	0.000672814772581587
72073	35-39	2	0.00163450387709818	0.00159418588811963	0.00151074726128063	0.00145491002089447	0.00124894653736241	0.00115865373217544	0.00105322869343756	0.000940219537294282	0.000919745541040052
72073	40-44	2	0.00210429659061579	0.0020523899502504	0.00194496900011362	0.00187308285152279	0.00160792072759354	0.00149167559345406	0.00135594918987672	0.00121045886028234	0.00118410005826176
72073	45-49	2	0.00303597913531766	0.00296109087088457	0.00280610877760708	0.00270239444337197	0.00231983080258357	0.0021521177659512	0.00195629789423731	0.00174639162471422	0.00170836246580169
72073	50-54	2	0.0044968031600567	0.00438588139377675	0.00415632603440951	0.00400270645078834	0.00343606418345986	0.00318765263505901	0.00289760988842281	0.00258670261924258	0.00253037509752616
72073	55-59	2	0.00673252288801451	0.00656645325467807	0.00622276791469899	0.00599277232336977	0.00514440575876077	0.00477248836331744	0.00433824208500575	0.00387275806991655	0.00378842508407542
72073	60-64	2	0.0105420932620465	0.0102820544361023	0.00974389649773046	0.00938375900607031	0.00805534789315237	0.00747298098147904	0.00679301736190551	0.0060641409289895	0.00593208846547609
72073	65-69	2	0.0160019904238069	0.015607273815546	0.014790396966763	0.0142437403521785	0.0122273268113441	0.0113433446514307	0.0103112160652872	0.00920484370966056	0.00900439886671549
72073	70-74	2	0.0262753793672894	0.0256272485596741	0.0242859297599545	0.023388316156924	0.0200773520161345	0.0186258480783583	0.0169310866613774	0.0151144112345458	0.014785278797585
72073	75-79	2	0.0424538691735167	0.0414066608642928	0.0392394516087311	0.0377891509625214	0.0324395345008226	0.0300943022966432	0.0273560306353298	0.0244207792479202	0.023888982893961
72073	80-84	2	0.0754237615728692	0.0735632791159188	0.0697129996671551	0.0671363845060251	0.0576322273200228	0.0534656737058739	0.0486008513752166	0.0433860732274233	0.0424412819063603
72073	85+	2	0.174254227086925	0.169955929216263	0.161060495752374	0.155107627569296	0.133149826551768	0.123523678600524	0.112284293435122	0.100236410156671	0.0980536282311214
72075	0-4	2	0.0029001871544489	0.00278159733047496	0.00270582572555014	0.00255251025145522	0.00222638431105967	0.00200251408934296	0.00195738862480007	0.00151054447003104	0.00147959046496757
72075	5-9	2	0.000189399059024431	0.000178412861033773	0.000174428317410074	0.000171551569713017	0.000153291020328074	0.000137354817520515	0.00012644465953777	0.000104960171619452	0.000104119458184296
72075	10-14	2	0.000191916930670493	0.000180784666166851	0.000176747135282788	0.000173832164598495	0.000155328853430046	0.000139180799391033	0.000128125597628313	0.00010635551863564	0.000105503628775222
72075	15-19	2	0.000386203892302108	0.000363801781737713	0.000355676938056852	0.000349810983472592	0.000312575876046633	0.000280080190473539	0.000257833249768151	0.000214024110189605	0.00021230984416271
72075	20-24	2	0.000615963829730616	0.000580234101098094	0.000567275601144293	0.000557919809919768	0.000498532811347153	0.000446704858132404	0.000411222776245056	0.00034135067083687	0.000338616561492634
72075	25-29	2	0.000862574994985727	0.000812540020323974	0.000794393376625832	0.000781291919926499	0.000698128423886446	0.000625550116892382	0.000575862357488931	0.000478015717697092	0.000474186954338504
72075	30-34	2	0.00119265530210865	0.00112347349277489	0.00109838278464662	0.0010802677784057	0.000965280252625195	0.000864928417895382	0.000796226544313208	0.000660937093000264	0.000655643196794214
72075	35-39	2	0.00163037478515224	0.00153580202067991	0.00150150258207723	0.00147673897431746	0.0013195495246395	0.00118236729748263	0.00108845103981014	0.000903508408174731	0.000896271766277212
72075	40-44	2	0.00209898029990296	0.00197722473001781	0.00193306680215381	0.00190118570997534	0.0016988165467504	0.00152220490995664	0.00140129520656565	0.00116319599130532	0.00115387927473325
72075	45-49	2	0.00302830950096429	0.00285264629047774	0.00278893735500872	0.00274294061863121	0.00245097174875111	0.00219616439691832	0.00202172137915119	0.0016782031247083	0.0016647614859434
72075	50-54	2	0.00448544294729672	0.00422525569344557	0.00413089150268861	0.00406276155035246	0.00363030596650134	0.00325289297896568	0.00299451303712172	0.00248570359668384	0.0024657944458807
72075	55-59	2	0.00671551462131999	0.00632596787982972	0.00618468837220742	0.00608268620006215	0.00543522144391137	0.00487016561614169	0.00448332425186108	0.00372154437649037	0.00369173650138092
72075	60-64	2	0.0105154609080634	0.00990549118277228	0.00968426978609094	0.00952455026375722	0.00851072051909827	0.00762592802571556	0.00702019368361266	0.00582736387475816	0.00578068892121441
72075	65-69	2	0.0159615646053755	0.0150356828334107	0.0146998888519174	0.0144574504195926	0.0129185448105427	0.0115755065066536	0.0106560507831832	0.00884543660307026	0.00877458831924275
72075	70-74	2	0.0262090007552257	0.0246886920437531	0.0241373140198405	0.0237392284386477	0.0212123350415473	0.0190070568763005	0.0174973062798981	0.0145242613548261	0.0144079268681918
72075	75-79	2	0.0423466108371453	0.0398902008237111	0.0389993225872752	0.0383561251040732	0.0342733552734287	0.0307102298872517	0.0282708838662425	0.0234672551828623	0.0232792831883793
72075	80-84	2	0.0752331987619179	0.0708691306690263	0.0692863867636286	0.0681436681693795	0.0608901964363643	0.0545599346967508	0.0502261876698477	0.0416920319135684	0.0413580832055215
72075	85+	2	0.173813953214279	0.163731507675382	0.160074849942067	0.157434793381931	0.140676839227477	0.126051784030605	0.116039364722136	0.0963226213758843	0.0955510673686561
72077	0-4	2	0.0028123494049366	0.00269176802100366	0.00254427491475703	0.00234985578919666	0.00212966694841081	0.00201065009649271	0.00175068990535834	0.00158587586905682	0.00166673154041377
72077	5-9	2	0.000186459069854331	0.000178401824568565	0.000169814050323525	0.000158913948768417	0.00014661375702801	0.000141666235006076	0.000128353947539033	0.000113973923576694	0.000112580121798629
72077	10-14	2	0.000188937878046469	0.000180773502242808	0.000172071564664626	0.000161026606610065	0.000148562861777453	0.000143549534450984	0.000130060278049525	0.000115489074233835	0.000114076744464788
72077	15-19	2	0.000380208828674519	0.000363779214989169	0.000346267823837039	0.000324041278720935	0.000298960100232604	0.000288871691804295	0.000261726520214443	0.000232404208378459	0.000229562083225786
72077	20-24	2	0.000606401981661805	0.000580197967060928	0.000552268621243272	0.000516818912665601	0.000476816573332657	0.000460726587666045	0.000417432210880822	0.000370665520752521	0.000366132545840976
72077	25-29	2	0.00084918454507181	0.000812489255954881	0.000773377905326523	0.00072373521917845	0.000667717438376604	0.000645185564997673	0.000584557726579972	0.000519067306327841	0.000512719430768395
72077	30-34	2	0.00117414071868256	0.00112340321816081	0.00106932513841066	0.00100068561006711	0.000923231785011541	0.000892077809961888	0.00080824935459389	0.000717697954389999	0.00070892098186066
72077	35-39	2	0.00160506489087702	0.00153570574770566	0.00146178012750797	0.00136794879920677	0.00126206859258495	0.00121948092916023	0.00110488635525201	0.000981101410742937	0.00096910330724766
72077	40-44	2	0.00206639587395475	0.0019771009491722	0.00188192733047236	0.00176112677027291	0.00162481436912729	0.00156998608104909	0.00142245454920834	0.00126309105272545	0.00124764431362187
72077	45-49	2	0.00298129813480872	0.00285246767544929	0.00271515538279949	0.00254086933476084	0.0023442043368014	0.00226510085664133	0.00205224926673783	0.00182232722589154	0.00180004132520409
72077	50-54	2	0.00441581052085008	0.00422499100283046	0.00402160771925169	0.00376345935108316	0.0034721652242215	0.00335499984335676	0.00303973008003164	0.00269917638766743	0.00266616719220069
72077	55-59	2	0.00661126262260257	0.00632557198954813	0.00602107098237482	0.0056345764669956	0.00519845591822148	0.00502303778674861	0.0045510222510886	0.00404115203569905	0.00399173118261908
72077	60-64	2	0.0103522188927326	0.00990487096951173	0.00942806947143857	0.00882287892732403	0.00813998217502513	0.00786530284144626	0.0071261986083759	0.00632782040815594	0.00625043484633271
72077	65-69	2	0.015713775831809	0.0150347406785538	0.0143109978679086	0.0133923716055456	0.0123557938900952	0.0119388557315682	0.0108169558491263	0.00960508599024606	0.00948762132052116
72077	70-74	2	0.0258021297528485	0.0246871456466112	0.023498753644639	0.0219903635516542	0.0202882964546248	0.0196036818008496	0.0177615153619506	0.0157716113235835	0.0155787326531621
72077	75-79	2	0.0416892227927802	0.0398877080664392	0.037967587217019	0.0355304364465922	0.0327803603966508	0.0316742139478666	0.0286977775987956	0.0254826355669011	0.0251709871070502
72077	80-84	2	0.074065292021841	0.0708647004861463	0.0674533984741733	0.0631235442069936	0.0582377411095736	0.0562725501834326	0.050984603014657	0.0452725701724519	0.0447188946781098
72077	85+	2	0.171115700759415	0.163721289025865	0.155840034036945	0.145836590244748	0.134548749120843	0.130008499234026	0.117791555464936	0.104594849871119	0.103315678072862
72079	0-4	2	0.0027924613232977	0.00262994548688095	0.00246560555544494	0.00234319282362191	0.0020944521594624	0.0020487132212454	0.00192143589115861	0.00149144570543672	0.00156929361899544
72079	5-9	2	0.000181288680514557	0.000175185563960908	0.000168422721765058	0.000162231304582215	0.000144935200902912	0.00013743591793994	0.000125142499439273	0.000112193270708483	0.000107391330232529
72079	10-14	2	0.00018369874349729	0.000177514472225032	0.000170661720695906	0.000164388021553654	0.000146861970372921	0.000139262970913487	0.000126806128909975	0.000113684745425924	0.000108818981604781
72079	15-19	2	0.000369665848362527	0.000357220945702367	0.000343430805373326	0.000330805828758027	0.000295537346888439	0.000280245584461242	0.000255178014283956	0.000228773279080956	0.000218981560667204
72079	20-24	2	0.000589586683561791	0.000569738064798822	0.00054774387009315	0.000527607951349551	0.000471357591319059	0.000446968618793058	0.000406987850610245	0.000364874497449279	0.000349257423154743
72079	25-29	2	0.000825637027366554	0.000797841627328197	0.000767041699929858	0.000738844037990712	0.000660073004670804	0.000625919500911853	0.000569931882012923	0.000510957789601221	0.000489088085770937
72079	30-34	2	0.00114158210800473	0.00110315033880732	0.00106056427776532	0.00102157621278858	0.000912662059890133	0.000865439189701979	0.000788026720130477	0.000706485267928157	0.000676246610709863
72079	35-39	2	0.00156055684810361	0.00150801983938506	0.00144980401206736	0.00139650675900247	0.00124761974725319	0.00118306560041173	0.00107724176527973	0.000965773590447578	0.000924437018857261
72079	40-44	2	0.00200909485235875	0.00194145715568715	0.0018665086483495	0.00179789252554433	0.00160621214421702	0.00152310373193962	0.00138686397806162	0.00124335753264146	0.00119013980200696
72079	45-49	2	0.00289862662469318	0.00280104219368381	0.00269290985643693	0.00259391335308989	0.00231736594341906	0.00219746116358169	0.00200090067355456	0.00179385648076729	0.00171707644964504
72079	50-54	2	0.00429335984409271	0.00414882090210054	0.00398865808293037	0.0038420264977424	0.00343241263176396	0.00325481331973379	0.00296367378015245	0.00265700612347787	0.00254328166079993
72079	55-59	2	0.00642793096322093	0.00621153076585473	0.0059717386075395	0.00575220487651209	0.00513893836355759	0.00487303998273643	0.0044371515970289	0.00397801511369482	0.00380774883760943
72079	60-64	2	0.0100651491284718	0.00972630025351307	0.00935082298835438	0.00900706699190171	0.008046786413165	0.00763042878053985	0.0069478939629986	0.00622895700805086	0.00596234643920661
72079	65-69	2	0.0152780295394576	0.0147636850523697	0.0141937432463353	0.0136719526917384	0.0122143299922217	0.0115823356948457	0.010546304191509	0.00945501929738291	0.00905032683753974
72079	70-74	2	0.0250866268853897	0.0242420678493501	0.0233062188702052	0.0224494356426853	0.0200560094961002	0.0190182704512977	0.0173171002583132	0.0155251983293787	0.0148606904504364
72079	75-79	2	0.0405331625111119	0.0391685810826148	0.0376565008500703	0.0362721691602796	0.0324050455432245	0.0307283471877938	0.0279797205999533	0.0250844971634587	0.0240108245120246
72079	80-84	2	0.0720114268883168	0.0695870973940072	0.0669007242911671	0.0644413129646318	0.0575709579787277	0.0545921221192774	0.0497089024162098	0.0445652317662707	0.0426577424122168
72079	85+	2	0.166370614773472	0.160769611725188	0.154563185959931	0.148881108816364	0.133008280979002	0.126126159049229	0.114844273345759	0.102960678681671	0.0985537233483063
72081	0-4	2	0.00275420807206666	0.00253399409015696	0.00244980291535057	0.00232896271946034	0.00216442660368922	0.0019141659674585	0.00181800363399709	0.00146211817059878	0.00151020990739205
72081	5-9	2	0.000172724146503344	0.000165125312720049	0.00016256839452086	0.000152351709262369	0.000141816673688386	0.000128652287399788	0.000120899972517693	0.000105287632706328	0.000102160828079765
72081	10-14	2	0.000175020323698458	0.000167320467254106	0.000164729538878802	0.000154377067776897	0.000143701947514503	0.000130362563482642	0.000122507181818094	0.000106687299279398	0.000103518937339418
72081	15-19	2	0.000352201817059651	0.000336706999430151	0.000331493295663334	0.000310660272337436	0.000289178431237822	0.000262334811489776	0.000246527099352401	0.000214691938801248	0.00020831603097143
72081	20-24	2	0.000561733155381519	0.000537020036806359	0.00052870462098318	0.000495477480184717	0.000461215787201821	0.000418402388126498	0.000393190421290088	0.000342415916665271	0.00033224681325166
72081	25-29	2	0.000786631988310977	0.000752024416336122	0.000740379843976154	0.000693849609063482	0.000645870858692295	0.000585916288935138	0.000550610440789233	0.000479507531842622	0.000465267009639303
72081	30-34	2	0.00108765121237085	0.0010398004161638	0.00102369994377746	0.000959363830757976	0.000893025347339928	0.000810128032371954	0.000761311693755343	0.000662999951486468	0.000643309988561452
72081	35-39	2	0.00148683256813978	0.00142141971631661	0.00139941013967831	0.00131146154897415	0.00122077614796648	0.00110745447779033	0.00104072207868514	0.000906328639881681	0.000879412218478771
72081	40-44	2	0.00191418073443537	0.00182996642712431	0.00180163077616337	0.00168840375858928	0.0015716534695796	0.00142576049909504	0.00133984790980546	0.00116682686692995	0.0011321740177359
72081	45-49	2	0.00276168900641996	0.00264018855530578	0.00259930723342494	0.00243594814322272	0.0022675064959393	0.0020570188138258	0.00193306811662783	0.00168344177051388	0.00163344623623406
72081	50-54	2	0.00409053167664468	0.00391056895787253	0.00385001663558845	0.00360805312091515	0.0033585626111608	0.00304679440254496	0.00286320229380205	0.00249346286238212	0.00241941113224668
72081	55-59	2	0.00612426098541419	0.00585482481721497	0.00576416754013799	0.00540190448573717	0.00502837171511537	0.00456159823712721	0.00428672791666345	0.0037331612169252	0.00362229207746128
72081	60-64	2	0.00958964872524284	0.00916775350648256	0.0090257988922439	0.00845855097268216	0.00787365692722315	0.00714275958201336	0.00671235450204462	0.00584555437046732	0.00567194978318438
72081	65-69	2	0.0145562612159635	0.0139158605789242	0.0137003862365225	0.0128393532333757	0.0119515349920769	0.0108420965628178	0.0101887763494251	0.00887304771145751	0.00860953105551516
72081	70-74	2	0.0239014800209884	0.0228499349198734	0.0224961231403803	0.0210823009618008	0.0196244977295034	0.0178027927406409	0.016730037832942	0.0145695991397141	0.0141369025809643
72081	75-79	2	0.0386182868025374	0.0369192701350638	0.0363476054753783	0.0340632551386504	0.0317078442233652	0.0287644674676547	0.0270311882805188	0.0235405082111491	0.0228413806452309
72081	80-84	2	0.0686094414380292	0.0655909586927184	0.0645753318606773	0.0605169394395591	0.0563322994574593	0.0511030800932467	0.0480237331414306	0.0418221726499277	0.0405801016271062
72081	85+	2	0.158510839060207	0.151537155601988	0.149190717388352	0.139814442205954	0.130146523735146	0.118065268991433	0.110950935159242	0.0966232656810782	0.0937536571669806
72083	0-4	2	0.00254144615053017	0.00232112753389459	0.00212019670501827	0.00215914418456441	0.00202617893004273	0.00188167695591943	0.00169617850718741	0.00114401880043871	0.00139216253899151
72083	5-9	2	0.000161600186672241	0.000159895309029231	0.000150233437676199	0.000144528141215828	0.000131564853282052	0.000121819210057631	0.000111760567149141	9.87046444580907e-05	9.50920661916622e-05
72083	10-14	2	0.00016374848722168	0.000162020914674742	0.000152230609938744	0.000146449488571975	0.00013331384532584	0.000123438640499555	0.000113246283606699	0.000100016796272015	9.63562035363927e-05
72083	15-19	2	0.000329518892996848	0.000326042628870925	0.000306340973124103	0.000294707229804404	0.000268273874503962	0.000248401477274121	0.000227890866818835	0.000201268548824898	0.00019390206442684
72083	20-24	2	0.00052555562283981	0.000520011280352812	0.000488588598774629	0.000470033637876201	0.000427874635653433	0.000396179846760334	0.000363467083426135	0.000321006670588394	0.000309257679134865
72083	25-29	2	0.000735970105652284	0.000728205957063487	0.00068420262468359	0.00065821892567655	0.000599181004087693	0.000554796607364194	0.000508986862921864	0.000449526740482952	0.000433073778035585
72083	30-34	2	0.00101760264257588	0.00100686758676104	0.000946025468476887	0.000910098523694799	0.000828468753297239	0.000767099859220102	0.000703760019916027	0.000621546476174382	0.000598797407866499
72083	35-39	2	0.00139107536443534	0.00137640022291117	0.00129322797234179	0.00124411521729026	0.00113252638176152	0.00104863445376598	0.000962048164073048	0.00084966117139988	0.000818562963821714
72083	40-44	2	0.00179090093250679	0.00177200760689182	0.00166492966524358	0.0016017008121276	0.00145803888579794	0.00135003443412408	0.0012385614569765	0.00109387202744057	0.00105383540155081
72083	45-49	2	0.00258382684333647	0.00255656871857104	0.00240208143979567	0.00231085741100767	0.00210358874469456	0.00194776492501448	0.00178693684072824	0.00157818599800542	0.00152042302073679
72083	50-54	2	0.00382708738895647	0.00378671386841544	0.00355789145587356	0.0034227724042964	0.0031157723356677	0.0028849708234012	0.00264675696333129	0.00233756125092306	0.00225200455568157
72083	55-59	2	0.00572983816490547	0.00566939229857047	0.00532680428260523	0.00512450708999446	0.00466487184201437	0.00431931969244368	0.00396267060508679	0.00349974890995661	0.00337165481994488
72083	60-64	2	0.00897204310494637	0.00887739432441593	0.00834095437667909	0.00802418836178501	0.0073044710776172	0.00676338842312111	0.00620493019190128	0.00548006614458329	0.00527949035015631
72083	65-69	2	0.0136187899941587	0.0134751213915559	0.0126608523394495	0.0121800298578886	0.0110875612578589	0.01026624496205	0.00941855096089693	0.00831826883685716	0.00801381174538006
72083	70-74	2	0.0223621465808972	0.0221262381876528	0.0207892012899728	0.0199996875719903	0.0182058469760066	0.0168572404569235	0.0154653225350782	0.0136586477773043	0.0131587266707147
72083	75-79	2	0.036131145036197	0.0357499771624191	0.03358968774041	0.0323140486779118	0.0294156919530844	0.02723671343321	0.0249877537266666	0.0220686613672799	0.0212609168032035
72083	80-84	2	0.0641907773347803	0.063513590780022	0.0596756068651566	0.0574092942088986	0.0522600538090163	0.0483888675055575	0.0443933590264474	0.0392072853717062	0.0377722475405316
72083	85+	2	0.14830223910454	0.146737729554831	0.137870693750895	0.132634732704725	0.12073826606443	0.111794528832747	0.102563557589432	0.0905819938768949	0.0872665622559205
72085	0-4	2	0.00297654799289869	0.00283160262216507	0.0027360305706246	0.0025004347290588	0.00219389904785495	0.00191675452652599	0.00182781882259871	0.00141724665507584	0.00162069440387915
72085	5-9	2	0.00017991713975204	0.000168143683895825	0.000163752896457125	0.000156840539811943	0.000143296445447656	0.000129090944818254	0.000124419147823593	0.000107865034163837	0.000106467171604495
72085	10-14	2	0.000182308945217403	0.000170378969465044	0.000165929796543725	0.000158925580787868	0.000145201411532611	0.000130807074607429	0.000126073148146412	0.000109298970400672	0.000107882525372956
72085	15-19	2	0.000366869245863859	0.000342861766117444	0.000333908567396	0.000319813482236106	0.000292195820746478	0.000263229245960211	0.000253703099846056	0.000219947545424567	0.000217097145063158
72085	20-24	2	0.000585126426109787	0.000546836240294887	0.000532556619388009	0.000510075995179032	0.000466028138723065	0.000419828822367869	0.000404635510861173	0.000350798136547578	0.000346251961095242
72085	25-29	2	0.000819391105128097	0.000765770627855517	0.000745773991261584	0.000714292886440388	0.000652609866830955	0.000587913710043342	0.000566637738940981	0.000491245680462397	0.000484879355675888
72085	30-34	2	0.00113294624999118	0.00105880671014014	0.0010311580567182	0.00098763004021366	0.000902343028138102	0.000812889599672	0.000783471966433224	0.000679229867263612	0.000670427335855721
72085	35-39	2	0.00154875174554238	0.00144740152386985	0.00140960534980349	0.00135010184019699	0.00123351355337465	0.00111122961830979	0.00107101552196065	0.000928515066812664	0.000916482064242051
72085	40-44	2	0.00199389718215002	0.00186341620521574	0.00181475647103757	0.00173815023692505	0.00158805193307286	0.00143062075434992	0.00137884850071086	0.00119539026773638	0.00117989852779446
72085	45-49	2	0.00287670050415502	0.00268844845761884	0.00261824438408346	0.00250772005521387	0.00229116539938713	0.00206403100644914	0.00198933655456889	0.00172465168283904	0.00170230095339428
72085	50-54	2	0.00426088414581264	0.00398205084325858	0.00387806641284661	0.00371436009940989	0.00339360578134397	0.00305718079369725	0.00294654571107466	0.00255450228298758	0.00252139704938969
72085	55-59	2	0.00637930961465195	0.00596184638816777	0.00580616356448666	0.00556106597387034	0.00508083805533394	0.00457714845546545	0.00441150783349563	0.00382454835117023	0.00377498384230264
72085	60-64	2	0.00998901635626487	0.00933533316055502	0.00909155836595202	0.00870777365440742	0.00795581149323874	0.00716710934538847	0.00690774096742683	0.00598865220043283	0.00591104182167111
72085	65-69	2	0.0151624691616871	0.0141702340244965	0.0138002055195492	0.0132176543393669	0.0120762408470096	0.0108790593027847	0.0104853580165401	0.00909025929966318	0.00897245243242016
72085	70-74	2	0.0248968798851183	0.0232676193919467	0.0226600286097933	0.0217034758621921	0.0198292676530769	0.0178634878756374	0.0172170294427048	0.0149262627006932	0.0147328220950416
72085	75-79	2	0.0402265796771758	0.0375941350594182	0.0366124334099377	0.0350669048417672	0.0320386962466286	0.0288625337366651	0.0278180342768164	0.0241167821747273	0.0238042256242661
72085	80-84	2	0.0714667580761508	0.0667899383902819	0.0650458342738727	0.0623000324455945	0.0569200976508723	0.0512773138781095	0.0494216553991988	0.0428459906805007	0.0422907066113683
72085	85+	2	0.16511223132246	0.154307222469554	0.150277758838409	0.143934022486399	0.131504567802434	0.118467827509032	0.114180634305136	0.0989886536817951	0.097705752620823
72087	0-4	2	0.00262007914713026	0.00241785058636557	0.0023532775643318	0.00212709247951876	0.00178923251293066	0.00168623381929497	0.00153206121540693	0.00128900904683797	0.00130786069004521
72087	5-9	2	0.000162807073727408	0.000154944337798972	0.000155486084568323	0.000145985074957381	0.000127219844003918	0.000122683193323124	0.000111889421740174	9.87782889747699e-05	9.62449984911909e-05
72087	10-14	2	0.000164971444060936	0.000157004179734937	0.000157553099128412	0.000147925810925906	0.000128911113398587	0.000124314128402328	0.00011337686892668	0.000100091432207691	9.7524469907664e-05
72087	15-19	2	0.000331980028689925	0.000315947073298847	0.000317051963597252	0.000297678229460837	0.000259413924934729	0.000250163320414619	0.000228153680988186	0.00020141877500719	0.000196253092716727
72087	20-24	2	0.000529481012160971	0.00050390962658113	0.000505671941067	0.000474772235881004	0.000413743694287916	0.000398989894908978	0.000363886263501329	0.000321246289997834	0.000313007421001503
72087	25-29	2	0.000741467091821423	0.000705657559512036	0.000708125570795818	0.000664854696927801	0.000579392438460535	0.00055873174326843	0.000509573886882369	0.000449862264863149	0.000438324787851043
72087	30-34	2	0.00102520324117439	0.000975690454816972	0.000979103085709006	0.000919273625001657	0.000801107608582003	0.000772540874839428	0.000704571698269662	0.000622010435419935	0.000606057837312743
72087	35-39	2	0.00140146564288679	0.00133378080617015	0.00133844589506506	0.00125665777885817	0.00109512323874083	0.00105607247641495	0.000963157812127421	0.000850295463965477	0.000828488152305717
72087	40-44	2	0.00180427805582767	0.00171713880215894	0.00172314475195148	0.00161784873896413	0.00140988543748448	0.00135961054141363	0.00123999026638552	0.00109468881413551	0.00106661346272549
72087	45-49	2	0.00260312684612508	0.00247740645528154	0.00248607171577339	0.00233415508137647	0.00203411517330298	0.00196158086521128	0.00178899820707423	0.00157936445972463	0.00153885866588667
72087	50-54	2	0.00385567463133128	0.0036694615507539	0.00368229639182137	0.00345728115788412	0.00301287072813873	0.00290543512297706	0.00264981043826396	0.00233930692808543	0.0022793111515054
72087	55-59	2	0.00577263864898336	0.00549384438034522	0.00551306104296276	0.00517617283911443	0.00451080938433786	0.00434995856335383	0.0039672422828521	0.00350236239581903	0.00341253759382625
72087	60-64	2	0.00903906322430226	0.00860251405137955	0.00863260496376842	0.00810509030746181	0.0070632341112686	0.00681136540063178	0.00621208968057049	0.00548415914350979	0.0053435068422042
72087	65-69	2	0.0137205228300703	0.0130578787077796	0.0131035546660182	0.0123028331061675	0.0107213849173228	0.0103390707557723	0.00942942008510647	0.00832448305987147	0.00811098448755583
72087	70-74	2	0.0225291918163013	0.0214411237023002	0.0215161229372708	0.020201332657102	0.0176045845182608	0.0169768228346791	0.0154831709439312	0.013668853574267	0.0133182863295111
72087	75-79	2	0.0364010462537436	0.034643022243266	0.034764199828883	0.0326398541395499	0.028444216126033	0.0274299276658389	0.0250165934722451	0.0220851516223779	0.0215187244998899
72087	80-84	2	0.0646702869221291	0.061546964533154	0.0617622427766554	0.0579881197702458	0.0505341258151067	0.048732129861215	0.0444445946239518	0.0392365826700037	0.0382302656833911
72087	85+	2	0.149410038875264	0.142194137274097	0.142691510374263	0.133972010640816	0.116750789562443	0.112587574857571	0.102681918167601	0.0906496708398315	0.0883247373059644
72089	0-4	2	0.00283908153377558	0.00289532299400228	0.00270503218002712	0.00272017784994602	0.0023909757228477	0.00229014375316828	0.00202037679096384	0.00146626956435068	0.00180767320363531
72089	5-9	2	0.000183193254899455	0.00018984348506732	0.000176927263064708	0.000173441169959058	0.000149848455602546	0.000141480416389991	0.000126862692734854	0.000113758039078352	0.000113075456224062
72089	10-14	2	0.00018562866471266	0.000192367226469128	0.000179279314754453	0.000175746894049024	0.000151840545436915	0.000143361237484979	0.000128549200688952	0.000115270324749844	0.000114578665725908
72089	15-19	2	0.000373549249501246	0.000387110185698153	0.000360772485922927	0.000353664017723516	0.000305555948123252	0.000288492702656748	0.000258685567529199	0.000231963922890098	0.000230572079902259
72089	20-24	2	0.000595780354077638	0.0006174092294261	0.000575402531303174	0.000564065050997543	0.00048733645784517	0.00046012210152352	0.000412582082380809	0.000369963288246792	0.000367743395026413
72089	25-29	2	0.000834310295844082	0.000864598833587212	0.000805773924671182	0.000789897329081739	0.000682449181143353	0.000644339124446034	0.000577765770509933	0.000518083886391389	0.00051497520837579
72089	30-34	2	0.0011535742724281	0.00119545376097971	0.00111411827880673	0.00109216625894229	0.000943600957513316	0.000890907409506367	0.000798858294452579	0.000716338256804239	0.000712039978073266
72089	35-39	2	0.00157695002697695	0.00163419999532276	0.00152301299352395	0.00149300420533605	0.0012899134160183	0.00121788084110595	0.0010920484842136	0.000979242567300916	0.000973366955851149
72089	40-44	2	0.00203019974155481	0.00210390446721868	0.00196075962729707	0.00192212567879839	0.00166066209378075	0.00156792579608119	0.00140592654471281	0.00126069774167745	0.00125313328151015
72089	45-49	2	0.00292907564811785	0.0030354139743875	0.00282889095392641	0.00277315141185139	0.00239592381309113	0.00226212825248974	0.00202840318313758	0.00181887419462959	0.00180796048957136
72089	50-54	2	0.00433845974726027	0.00449596573101779	0.00419006920180958	0.00410750854195428	0.00354877003769979	0.00335059624601721	0.00300440945696951	0.00269406140105557	0.00267789654748138
72089	55-59	2	0.00649545430500238	0.00673127005996176	0.00627328806543531	0.00614968026891377	0.00531314690344602	0.00501644455486088	0.00449814059552735	0.00403349358861398	0.00400929166495577
72089	60-64	2	0.0101708795005386	0.0105401319526941	0.00982300286603853	0.00962945217582665	0.00831957000818795	0.00785497822514921	0.00704339306381255	0.00631582792892929	0.00627793123555777
72089	65-69	2	0.0154385213118206	0.0159990143894541	0.0149104745533461	0.0146166829270927	0.0126283943837376	0.0119231842664592	0.0106912650345113	0.00958688225023577	0.0095293590258095
72089	70-74	2	0.0253501568088381	0.0262704871642383	0.0244830959721398	0.0240006880638702	0.0207359052970536	0.0195779460922805	0.0175551271518241	0.0157417200877116	0.015647263885901
72089	75-79	2	0.040958957406668	0.0424459585068643	0.0395580180882142	0.0387785767294766	0.0335035774131929	0.0316326351572079	0.028364310832229	0.0254343378768778	0.0252817163335867
72089	80-84	2	0.072767893192157	0.0754097008287911	0.0702789690304306	0.0688942047198141	0.0595226115798042	0.0561986823686065	0.0503921697029748	0.0451867631512352	0.0449156112754965
72089	85+	2	0.168118292946139	0.174221789172517	0.162368073886035	0.15916878948746	0.137517256903968	0.129837853207956	0.116422843182729	0.104396632011722	0.103770177864998
72091	0-4	2	0.00304695654959154	0.00281954141399806	0.00270428453600128	0.00265804099666111	0.00234096562096833	0.00216673150372727	0.00209578399535627	0.00156719820441037	0.0016438654143501
72091	5-9	2	0.000188887067756048	0.000180290316632718	0.000175363427631846	0.000170825913757315	0.00015035174485032	0.000139593258093793	0.000129973531171725	0.000108075130261096	0.000111579515192966
72091	10-14	2	0.000191398129813615	0.000182687086584698	0.000177694688085698	0.000173096867240945	0.000152350510569896	0.00014144898972681	0.000131701372894381	0.000109511880759683	0.00011306283792315
72091	15-19	2	0.000385159773140168	0.000367630072047953	0.000357583676193679	0.000348331203088677	0.00030658226579626	0.000284644582590315	0.000265028986648684	0.000220375842019761	0.00022752171695028
72091	20-24	2	0.000614298274152052	0.000586339728826401	0.000570316535751126	0.000555559549181939	0.000488973352435833	0.000453984616548781	0.000422699358732396	0.000351481144283062	0.000362878283198068
72091	25-29	2	0.00086024234093627	0.000821089999644099	0.000798651679265202	0.000777986525321028	0.000684741498208342	0.000635744381867451	0.000591933727502328	0.000492202082451565	0.000508162276279441
72091	30-34	2	0.0011894300052175	0.00113529524967403	0.00110427055604316	0.00107569750631566	0.000946770542203293	0.000879023788299213	0.000818448037742637	0.000680552179707107	0.000702619957084359
72091	35-39	2	0.00162596546978106	0.0015519622877578	0.0015095510241109	0.00147049116793616	0.00129424634748272	0.0012016358190509	0.00111882811953723	0.000930322565966728	0.000960489695823736
72091	40-44	2	0.00209330360003045	0.00199802991179228	0.00194342858895541	0.00189314198752054	0.0016662404779197	0.00154701159443392	0.00144040332512532	0.00119771709621553	0.00123655489958759
72091	45-49	2	0.0030201190289286	0.00288266249280682	0.00280388620662976	0.00273133486920264	0.00240397197715445	0.00223195404912308	0.00207814465623503	0.00172800848157569	0.00178404196864346
72091	50-54	2	0.00447331056744452	0.00426971433697936	0.00415303309041785	0.00404557151178175	0.00356069119264363	0.00330590328957457	0.00307808520141271	0.00255947365140005	0.00264246913129744
72091	55-59	2	0.00669735061480573	0.00639253075207942	0.006217838216545	0.00605694890473902	0.00533099466983034	0.00494953088600294	0.00460844628855318	0.00383199122098913	0.00395625033825823
72091	60-64	2	0.0104870182971937	0.0100097169986571	0.00973617577602766	0.00948424857005629	0.00834751685119462	0.00775020193377352	0.00721611543103898	0.00600030602156149	0.00619487660321507
72091	65-69	2	0.0159183922924581	0.0151938905931374	0.0147786793948454	0.0143962763888255	0.0126708150486689	0.0117641422858677	0.0109534424469209	0.00910794812571787	0.00940328894031337
72091	70-74	2	0.0261381070814224	0.0249484670620976	0.0242666854733995	0.0236387761709744	0.0208055578973879	0.0193167966172773	0.0179856228476905	0.0149553048646111	0.015440256904513
72091	75-79	2	0.042232070315515	0.0403099302479063	0.0392083568720463	0.0381938302377913	0.0336161216623086	0.0312106897471535	0.0290598753310071	0.0241637038415215	0.0249472466169425
72091	80-84	2	0.0750297031423121	0.0716148146203842	0.0696577479796352	0.0678553294784772	0.0597225462454987	0.055449040385643	0.0516279036802913	0.0429293501110432	0.0443213898361623
72091	85+	2	0.173343852922929	0.165454336795712	0.160932857021328	0.156768646073514	0.137979184487975	0.128105949094483	0.119277818467028	0.0991812318133199	0.10239731975639
72093	0-4	2	0.00308909318513155	0.00261760168570532	0.00235294232808479	0.00247709080140297	0.00234427189655629	0.00212201987953045	0.00185190518467243	0.00113772432657664	0.00155269961582184
72093	5-9	2	0.000173212333896801	0.000166112065556859	0.000159795912655538	0.000154525163534181	0.000139667077883075	0.000126512982422867	0.000117605149375507	0.000102768326860501	0.000101740977162302
72093	10-14	2	0.00017551499347266	0.000168320329644079	0.000161920206263677	0.000156579405636073	0.000141523777904806	0.000128194823866777	0.000119168566746324	0.000104134508826188	0.000103093501985066
72093	15-19	2	0.000353197272872753	0.000338719099066953	0.000325839825444471	0.000315092177427154	0.000284795106855287	0.000257972462704365	0.000239808516342933	0.000209554734558141	0.000207459866059987
72093	20-24	2	0.000563320773537578	0.00054022916795307	0.000519687718865516	0.000502546027170934	0.000454224676926537	0.000411444743083103	0.000382474756400718	0.00033422243622676	0.000330881279616607
72093	25-29	2	0.000788855163061185	0.000756518318057501	0.000727752769977321	0.000703748192333598	0.000636080712936235	0.000576173007931909	0.000535604530612894	0.000468033607844147	0.000463354742603525
72093	30-34	2	0.00109072532497222	0.00104601415623833	0.0010062409158021	0.000973050466332159	0.000879488853198508	0.00079665629979916	0.000740563446916006	0.000647135320222196	0.000640665992980737
72093	35-39	2	0.00149103482797295	0.00142991386368416	0.00137554317027167	0.00133017122302803	0.00120227137835899	0.00108903832174147	0.00101235880643559	0.00088464132789265	0.000875797787355955
72093	40-44	2	0.00191959116927373	0.00184090234746957	0.00177090417925711	0.00171249129552843	0.00154783017253688	0.00140205128169312	0.001303332515677	0.00113890628066272	0.00112752082096164
72093	45-49	2	0.00276949473440475	0.0026559662524	0.002554976090081	0.00247070044486689	0.00223313514324745	0.0020228120625274	0.0018803852527351	0.0016431590689359	0.00162673274975868
72093	50-54	2	0.00410209405931109	0.00393393925733503	0.0037843552751164	0.00365952790008588	0.00330765318149036	0.00299612877062841	0.00278517023578712	0.00243379762947395	0.00240946760862874
72093	55-59	2	0.00614157133555334	0.00588981377754893	0.00566586009402541	0.00547897146303703	0.00495215088993694	0.0044857422430188	0.0041698994342081	0.00364383138706783	0.00360740471455555
72093	60-64	2	0.00961675424430378	0.00922254106979903	0.00887186436176818	0.00857922555382969	0.00775430628701287	0.00702398090645316	0.0065294189512425	0.0057056773322945	0.00564863856016202
72093	65-69	2	0.0145974060737086	0.0139990240116319	0.0134667274319216	0.0130225281243961	0.0117703718961835	0.0106618011914167	0.00991109666128051	0.0086607269281663	0.00857414661956748
72093	70-74	2	0.0239690415561583	0.0229864910077159	0.0221124550871237	0.0213830773114894	0.0193270285689116	0.017506748382334	0.0162740870544982	0.0142209679112715	0.0140788016950668
72093	75-79	2	0.0387274528500755	0.037139914630923	0.0357277087087238	0.0345492318779339	0.0312272174197281	0.028286142202172	0.0262944978505801	0.0229772174021139	0.0227475086299358
72093	80-84	2	0.0688033809527058	0.0659829468323571	0.0634740095418288	0.0613803176488412	0.0554784081582727	0.0502532817243375	0.0467149212729365	0.0408214244622684	0.0404133246403938
72093	85+	2	0.158958945458069	0.152442822514527	0.146646336350984	0.141809185118805	0.12817378938994	0.11610198072166	0.107927174396808	0.0943112265569598	0.0933683660929857
72095	0-4	2	0.00279960140874531	0.00277858467161494	0.00263496261456519	0.00245031515146116	0.00201617644831898	0.00180341906494133	0.00187252145562183	0.00159771606852241	0.00163404198691757
72095	5-9	2	0.000172673122432251	0.000163797694779059	0.000156040033679575	0.000156353250498797	0.000137314002781018	0.000126779327019449	0.000119423100357078	0.000105334596943649	0.000106295214613518
72095	10-14	2	0.000174968607939913	0.000165975192485975	0.000158114405138428	0.000158431782925679	0.000139139430847501	0.000128464706640106	0.000121010675142891	0.000106734880090091	0.000107708260435005
72095	15-19	2	0.000352097802625119	0.000333999802805945	0.000318181105271238	0.000318819930766185	0.000279996929732008	0.000258515605850278	0.00024351558517515	0.000214787716964808	0.000216746562995436
72095	20-24	2	0.000561567244201532	0.000532702250082622	0.000507472623370832	0.000508491547565361	0.000446571951826037	0.000412311035047308	0.000388387283703987	0.000342568684509999	0.000345692909209729
72095	25-29	2	0.000786399655836953	0.000745977928812448	0.000710647167597031	0.000712074148504724	0.000625364060857838	0.00057738616698529	0.000543884311075529	0.000479721481657087	0.000484096553823403
72095	30-34	2	0.001087330007751	0.00103144013613398	0.000982589371355663	0.000984562481644303	0.000864671149885262	0.000798333644582918	0.00075201164870888	0.000663295818337908	0.000669345119438976
72095	35-39	2	0.00148639365744769	0.00140999116891932	0.00134321136712185	0.00134590866878682	0.00118201561184607	0.00109133143897442	0.00102800882124584	0.00090673311332131	0.000915002747107544
72095	40-44	2	0.00191361551384485	0.00181525287151248	0.00172927895357505	0.00173275160808269	0.00152175206804065	0.00140500317989179	0.00132348041290828	0.0011673475261023	0.00117799399573803
72095	45-49	2	0.00276087396273176	0.00261896091863356	0.00249492160065823	0.00249993160876448	0.00219551124814767	0.00202707136148591	0.00190945411544693	0.00168419304989842	0.00169955341553906
72095	50-54	2	0.00408932401001419	0.00387912688261254	0.00369540319430987	0.00370282325429681	0.00325192480637096	0.00300243674653136	0.00282822564296232	0.00249457555674107	0.0025173269694701
72095	55-59	2	0.00612245317809675	0.0058077506700904	0.00553268362012598	0.00554379328943512	0.00486871619210917	0.00449518710257421	0.00423436174686135	0.00373482750238867	0.00376889028599501
72095	60-64	2	0.00958681662857525	0.00909404112739197	0.00866332889018954	0.00868072556811573	0.00762365931626073	0.00703876869122979	0.00663035587133294	0.0058481623033492	0.00590149931589785
72095	65-69	2	0.0145519633700254	0.0138039720148534	0.0131501883259428	0.0131765963008777	0.01157206099971	0.0106842479284829	0.0100643099073038	0.00887700665813629	0.00895796735452704
72095	70-74	2	0.0238944199335329	0.0226662106070616	0.0215926924232432	0.0216360547036183	0.0190013979779863	0.0175436040021806	0.016525662697303	0.0145760980666372	0.0147090355926442
72095	75-79	2	0.0386068832792262	0.0366224267386153	0.0348879113303872	0.0349579720473018	0.0307010851245763	0.0283456907252361	0.0267009760552115	0.0235510126671021	0.0237657941024068
72095	80-84	2	0.0685891856075934	0.0650635838117784	0.0619820290474073	0.0621064915515472	0.0545436825497889	0.050359076302278	0.0474370755530151	0.0418408356605744	0.0422224210434378
72095	85+	2	0.15846402550479	0.150318726191734	0.143199304629802	0.14348684655348	0.126014219343955	0.116346362471259	0.109595547940765	0.0966663734935121	0.0975479596123477
72097	0-4	2	0.00293731526198381	0.00283681400417271	0.00275965264433034	0.00254462051946147	0.00220017443781393	0.00204693075196458	0.00196669610086361	0.00156864147525894	0.00160722609422167
72097	5-9	2	0.000185842145845805	0.000174744252993226	0.000169864099216276	0.000162948479786593	0.000145713162711344	0.000139516916194131	0.000127611325447169	0.000107272642556237	0.000109804668858918
72097	10-14	2	0.000188312707544418	0.000177067267477229	0.000172122228824368	0.000165114702892351	0.000147650258422207	0.000141371624302938	0.000129307763004631	0.000108698712761458	0.000111264392486491
72097	15-19	2	0.000378950591098792	0.000356320817741806	0.000346369703871021	0.000332268078069359	0.000297123572148172	0.000284488804838768	0.000260212122250535	0.000218739520548676	0.000223902606750674
72097	20-24	2	0.000604394940491439	0.000568302199980492	0.000552430939219334	0.000529939932738549	0.000473887310525706	0.00045373599044604	0.000415016679747748	0.000348871324309264	0.000357106056441206
72097	25-29	2	0.000846374467938511	0.00079583135483599	0.000773605815843291	0.000742110187273539	0.000663616004461706	0.000635396707531257	0.000581175473014448	0.000488547587168324	0.00050007918927999
72097	30-34	2	0.00117025535244189	0.0011003709757826	0.00106964046016066	0.00102609238813594	0.000917560981948626	0.000878543119500552	0.000803573027317206	0.000675499339026466	0.000691443761328092
72097	35-39	2	0.00159975326878928	0.00150422010667412	0.00146221101028091	0.0014026802251257	0.00125431652047069	0.00120097879156689	0.00109849382741704	0.000923415462743142	0.00094521174122461
72097	40-44	2	0.00205955730803613	0.00193656537796899	0.00188248180100828	0.00180584054661601	0.00161483389013571	0.00154616572380125	0.00141422447105143	0.00118882475537407	0.00121688579517743
72097	45-49	2	0.00297143105468842	0.00279398414083773	0.00271595482138281	0.00260538006964125	0.00232980467103498	0.00223073354714194	0.00204037496250696	0.00171517910890586	0.00175566433872884
72097	50-54	2	0.00440119573798429	0.00413836662850513	0.00402279151700296	0.00385901054211972	0.00345083642046587	0.00330409543234426	0.00302214186507594	0.00254047129685195	0.00260043705352502
72097	55-59	2	0.00658938054095824	0.00619587837914565	0.00602284206796615	0.00577763279520788	0.00516652190469193	0.00494682378705032	0.00452468870128528	0.00380354127557944	0.00389332072890908
72097	60-64	2	0.010317954050591	0.0097017902718087	0.00943084228309003	0.00904688241292585	0.00808997739546102	0.00774596254099639	0.00708496323992007	0.00595575764858346	0.00609633857610945
72097	65-69	2	0.0156617651289844	0.0147264816029545	0.0143152063766028	0.0137323889872751	0.0122798898736895	0.0117577058936882	0.0107543636342231	0.00904032616480505	0.00925371579193524
72097	70-74	2	0.0257167246681764	0.0241809810191273	0.0235056632026876	0.0225486723641465	0.0201636587710055	0.0193062288606391	0.0176587345680089	0.0148442694981077	0.0151946565341854
72097	75-79	2	0.0415512240866529	0.0390698760225603	0.0379787448090958	0.0364325082108764	0.0325789760014877	0.0311936047074219	0.0285317047545428	0.0239842981634167	0.02455042013109
72097	80-84	2	0.0738201180763395	0.0694117325203948	0.0674732176941847	0.0647261649602677	0.0578799576653973	0.0554186956647784	0.050689551697111	0.0426106068821059	0.0436163821699718
72097	85+	2	0.170549282123104	0.160364445855147	0.155885825933917	0.149539196824892	0.133722159941421	0.128035811463853	0.117109893071047	0.0984448148717616	0.100768480475599
72099	0-4	2	0.00301933058787315	0.00272669176503075	0.00251450325628453	0.00249481132679612	0.00229000029799653	0.00199085048600367	0.00193934376096199	0.00155417107779694	0.00155048014716531
72099	5-9	2	0.00018019205743706	0.000174166674492684	0.000165477486178672	0.000158650979249433	0.000145429081467156	0.000131589576404247	0.000123076692004852	0.000107105385441548	0.000106495060416535
72099	10-14	2	0.000182587502154981	0.000176482008021747	0.000167677314666186	0.000160760086022365	0.000147362392310642	0.000133338910160802	0.00012471284409192	0.000108529223487969	0.000107910784756676
72099	15-19	2	0.000367429742418489	0.0003551433906182	0.000337425184116788	0.000323505164218001	0.000296544498759564	0.000268324238740111	0.000250965626891449	0.000218398490624173	0.000217153995265327
72099	20-24	2	0.000586020451308179	0.000566424623825178	0.000538165393436962	0.000515963974169605	0.000472963964078732	0.000427954958871483	0.000400269448541304	0.000348327510829315	0.000346342617063635
72099	25-29	2	0.000820643132339027	0.000793201657606787	0.000753628322428413	0.000722538216691667	0.000662322593025917	0.000599293341794142	0.0005605236378843	0.00048778590446771	0.000485006315636012
72099	30-34	2	0.00113467747453749	0.0010967350403371	0.00104201815184068	0.000999030711428927	0.000915772619627772	0.000828623998960826	0.000775018261672228	0.000674446164710972	0.000670602946594201
72099	35-39	2	0.00155111839223489	0.00149925035249128	0.001424451411147	0.00136568681928234	0.00125187204648464	0.00113273878997006	0.00105945915193931	0.000921975696443846	0.000916722099388396
72099	40-44	2	0.00199694395694906	0.00193016754375442	0.00183386953424442	0.00175821461983014	0.00161168698855975	0.00145831203458056	0.00136397046584254	0.00118697126672249	0.00118020756777128
72099	45-49	2	0.00288109628547924	0.00278475447611825	0.00264581998782659	0.00253666821731207	0.00232526507754385	0.00210398265839969	0.00196787089363582	0.00171250509274606	0.00170274677351982
72099	50-54	2	0.00426739476665656	0.00412469663004592	0.00391891057936007	0.00375723727995491	0.00344411331739737	0.00311635618993139	0.00291475140550847	0.00253651069377489	0.00252205726993311
72099	55-59	2	0.00638905748658343	0.00617541328428178	0.00586731487330223	0.00562526101864742	0.0051564571942271	0.00466574505730353	0.00436390649088694	0.00379761200708336	0.00377597211475445
72099	60-64	2	0.0100042791838264	0.00966974538412127	0.00918731105271229	0.0088082924642112	0.00807421888265362	0.00730583762158811	0.00683320401717245	0.00594647374549767	0.0059125888157829
72099	65-69	2	0.0151856363685871	0.0146778426588621	0.0139455496088757	0.0133702334855852	0.0122559732900259	0.0110896368870407	0.0103722173941557	0.00902623627236983	0.00897480135270113
72099	70-74	2	0.0249349223035735	0.0241011182022426	0.0228986858330306	0.0219540118241	0.0201243890037534	0.0182092573334519	0.0170312506286019	0.0148211365703705	0.0147366792323247
72099	75-79	2	0.0402880508754346	0.038940845736024	0.0369980404459886	0.0354717042748591	0.0325155341505132	0.029421206404866	0.0275178700559111	0.0239469262919568	0.0238104593570911
72099	80-84	2	0.071575959935587	0.0691825051161759	0.0657309025864599	0.063019200056998	0.0577672491386461	0.0522698520283726	0.0488883799401674	0.0425442260205439	0.0423017759811136
72099	85+	2	0.165364518702333	0.159834865797058	0.151860506001048	0.14559554232491	0.133461771624291	0.120760924189119	0.112948581280312	0.0982914712632849	0.0977313367240766
72101	0-4	2	0.00278571942732715	0.0026162520081348	0.00253828960660673	0.00249190418755322	0.00227366128108975	0.00213733793942896	0.00184444193377957	0.00124833175487879	0.00155336515635743
72101	5-9	2	0.000170780691599667	0.000165581311326872	0.000161384101420747	0.000154663246426314	0.000138627209319252	0.000128080109164914	0.000120254088164265	0.000104764481317094	0.000101478877168506
72101	10-14	2	0.000173051033265182	0.000167782529817198	0.000163529514402879	0.000156719333124496	0.000140470095898155	0.000129782774653985	0.000121852712208182	0.000106157197041335	0.000102827920529837
72101	15-19	2	0.000348238922156846	0.000337636922823102	0.000329078465257044	0.00031537385601753	0.00028267477553221	0.000261168102104957	0.000245210099276205	0.000213625196664438	0.000206925467100519
72101	20-24	2	0.000555412634253404	0.000538503207598686	0.000524853148747467	0.000502995320602345	0.00045084294589964	0.000416541600075846	0.000391089920230528	0.000340714551863757	0.000330028961078819
72101	25-29	2	0.000777780922645007	0.000754101392565647	0.000734986334044792	0.000704377386796501	0.000631345055296039	0.000583310519672798	0.000547669013861173	0.000477125021951652	0.000462161217958024
72101	30-34	2	0.00107541322209833	0.00104267230766308	0.00101624254307465	0.000973920344621976	0.000872940900821197	0.000806525098360914	0.000757244648177493	0.000659705754793478	0.000639015707714422
72101	35-39	2	0.00147010318385618	0.00142534585671691	0.00138921593677172	0.00133136063589784	0.0011933204268646	0.00110252928427391	0.00103516243338097	0.000901825411189817	0.000873541929031471
72101	40-44	2	0.0018926432126271	0.00183502140279337	0.00178850688938843	0.00171402262476181	0.00153630653720537	0.00141941982821019	0.00133269038878219	0.00116102948339203	0.00112461655678534
72101	45-49	2	0.00273061591397242	0.00264748191070798	0.00258037297482436	0.00247291035292898	0.00221650987713755	0.00204787097561404	0.00192274173297574	0.0016750775773189	0.00162254278556071
72101	50-54	2	0.00404450702112502	0.00392137186674704	0.00382197203126902	0.00366280088069822	0.00328302815150129	0.00303324519489972	0.00284790734204117	0.00248107421602071	0.00240326124087524
72101	55-59	2	0.00605535512503674	0.00587100002285417	0.00572218089908112	0.00548387302203318	0.00491528398301922	0.00454131357520444	0.00426382934339185	0.00371461369964411	0.00359811325491954
72101	60-64	2	0.00948175167490963	0.00919307979759797	0.0089600524388301	0.00858689972435847	0.00769657786620139	0.00711099653806882	0.00667649885564347	0.00581651165534957	0.00563408925516241
72101	65-69	2	0.014392486254142	0.0139543075830685	0.0136005927685647	0.0130341796499262	0.0116827473924353	0.0107938854825335	0.0101343527191638	0.00882896564024571	0.0085520638060133
72101	70-74	2	0.0236325607487774	0.0229130647190694	0.0223322604678916	0.021402205605064	0.0191831454115975	0.0177236293740409	0.0166406747338971	0.0144972165381093	0.014042541887954
72101	75-79	2	0.0381837911206829	0.0370212765568139	0.0360828537271995	0.034580138865415	0.0309947430156205	0.0286365652849625	0.0268868033846356	0.0234235591879742	0.0226889215108149
72101	80-84	2	0.0678375089201317	0.0657721770207726	0.0641049652140809	0.0614352285207629	0.0550653925364543	0.0508758407725818	0.047767216475773	0.0416144000867587	0.0403092406175363
72101	85+	2	0.156727459870471	0.151955879944357	0.148104067474119	0.141936063780038	0.127219600916411	0.117540317411738	0.110358327421993	0.0961432691725503	0.093127904406209
72103	0-4	2	0.00287490963863193	0.00290870686206758	0.00278824603182784	0.00260111376575799	0.00224244793305809	0.0021774738783916	0.00175521784091805	0.00139471869321942	0.00179984871496484
72103	5-9	2	0.000194168817424113	0.000187859416928038	0.000179060799512834	0.00017682878491792	0.000156150105762224	0.000147870660184757	0.000130806836676232	0.00011742973957669	0.000118339423039016
72103	10-14	2	0.000196750148688382	0.000190356833661415	0.000181441240633401	0.000179179564543757	0.0001582259786438	0.000149836447074686	0.000132545801819847	0.000118990849840337	0.000119912613724904
72103	15-19	2	0.000395929773652523	0.000383064232259385	0.000365122888606302	0.000360571656047511	0.000318405711214448	0.000301523124959013	0.000266728112830297	0.000239450924373489	0.000241305885398954
72103	20-24	2	0.000631475590805182	0.000610956086011463	0.000582341005154796	0.000575082115044397	0.000507830795479611	0.000480904589041287	0.000425409256900628	0.000381904421159529	0.000384862968365425
72103	25-29	2	0.000884296792606775	0.000855561868312368	0.000815490229896987	0.00080532521360546	0.000711148775795562	0.00067344218707149	0.000595728464543374	0.000534805841146148	0.000538948891973984
72103	30-34	2	0.00122268924734337	0.0011829584389588	0.00112755263884849	0.00111349788639536	0.000983283066185456	0.000931147398032284	0.000823694731344179	0.00073945911800589	0.000745187661426328
72103	35-39	2	0.00167143131050102	0.00161711854637965	0.0015413778838197	0.0015221647987472	0.00134415944812236	0.00127288952031641	0.00112600027510502	0.00101084914954165	0.00101868030032995
72103	40-44	2	0.00215183728438734	0.0020819134841086	0.00198440311953318	0.00195966781077542	0.00173049981175589	0.00163874537621641	0.0014496369628698	0.00130138884179998	0.00131147078822021
72103	45-49	2	0.00310456873508277	0.00300368600154215	0.00286300238968422	0.00282731517611198	0.0024966823098072	0.00236430344412979	0.00209146655303444	0.0018775813843916	0.00189212709335572
72103	50-54	2	0.00459839492903775	0.00444897086891701	0.00424059411354719	0.00418773456395944	0.00369801090782958	0.00350193544907855	0.00309781723000941	0.0027810169405651	0.00280256181606893
72103	55-59	2	0.00688462412117582	0.00666090990120799	0.00634893264754817	0.00626979265861312	0.00553658704556966	0.00524302630032954	0.00463798846392393	0.00416368160554264	0.00419593812723782
72103	60-64	2	0.0107802584730207	0.0104299571652755	0.00994144934941528	0.00981752875296318	0.00866944234809128	0.00820976992227508	0.00726237313145537	0.00651968168937413	0.00657019065597291
72103	65-69	2	0.0163635055831133	0.0158317783025305	0.01509026627283	0.014902167174848	0.0131594708605581	0.0124617281490809	0.0110236579389923	0.00989631548160951	0.00997298300869585
72103	70-74	2	0.0268689854939546	0.0259958814343927	0.0247783120794668	0.0244694526991794	0.0216079347481954	0.0204622373704861	0.0181009179917653	0.0162498095678036	0.0163756974258784
72103	75-79	2	0.0434129758947694	0.042002272224928	0.0400350084573795	0.039535974455087	0.0349125407079884	0.033061409328415	0.0292461606817077	0.0262552739168787	0.0264586661083772
72103	80-84	2	0.0771277106801482	0.0746214429754158	0.0711263865412544	0.0702397916205756	0.0620257742175493	0.0587370450685071	0.0519588618775016	0.0466452406380307	0.0470065893396103
72103	85+	2	0.17819091884376	0.172400639151137	0.164325890134531	0.162277539399611	0.143300398343877	0.135702322498966	0.120042434111986	0.107766197661948	0.10860103028844
72105	0-4	2	0.00276967302434485	0.00248744428235428	0.00225011136174234	0.00225008518807847	0.00205423114817839	0.00200280660427664	0.00185357346478796	0.00137927931556847	0.00138258537893143
72105	5-9	2	0.000155866106903594	0.00015521758740262	0.000148926924427718	0.00014800130562574	0.000132915580482852	0.000124857849646441	0.000113324189068619	9.71627502631445e-05	9.65282497461293e-05
72105	10-14	2	0.00015793819090929	0.000157281034776431	0.000150906747557869	0.000149968822099788	0.000134682532969637	0.000126517668389752	0.000114830689276389	9.84544147653599e-05	9.78114781719715e-05
72105	15-19	2	0.000317826362689535	0.00031650420435185	0.000303676906096631	0.000301789530955007	0.000271028231015389	0.000254597696464324	0.000231079333651469	0.000198124465350812	0.000196830669186225
72105	20-24	2	0.000506906802705038	0.000504798104351481	0.000484339559218172	0.00048132941350029	0.000432267656157046	0.000406062369876727	0.000368552447388051	0.000315992089186037	0.000313928582412156
72105	25-29	2	0.000709854868986849	0.000706901915331491	0.000678252456302937	0.000674037295518073	0.000605332940694669	0.000568635865717024	0.000516108293840618	0.000442504466824341	0.000439614802576071
72105	30-34	2	0.00098149376977059	0.000977411001845264	0.000937798256745806	0.000931970086708525	0.00083697480256487	0.000786235011555093	0.000713606627862592	0.000611836973771428	0.000607841507673916
72105	35-39	2	0.00134171390353609	0.00133613269602116	0.0012819813897918	0.00127401411155525	0.00114415440549262	0.00107479270374818	0.000975508809888109	0.00083638818569079	0.000830926468629109
72105	40-44	2	0.00172735202495092	0.00172016646612084	0.00165045071978764	0.00164019345550152	0.00147300910651505	0.00138371115210071	0.00125589102651526	0.00107678419714106	0.0010697525189253
72105	45-49	2	0.00249214112265696	0.00248177442885711	0.00238119175629427	0.00236639297880164	0.00212518719081246	0.0019963521339674	0.00181193906502849	0.0015535323771858	0.00154338758581445
72105	50-54	2	0.00369128546682464	0.0036759312719527	0.00352695092278492	0.00350503081612623	0.00314776391006775	0.00295693730259042	0.0026837897826197	0.00230104508085415	0.00228601917039887
72105	55-59	2	0.00552651769079022	0.00550353014380916	0.00528048000746889	0.00524766205911785	0.00471276839994882	0.00442706623654787	0.00401811537871267	0.00344507739956725	0.00342258048623178
72105	60-64	2	0.00865367497098752	0.00861768038273681	0.008268418681763	0.00821703167901283	0.00737947120047397	0.00693210415202989	0.00629174892087243	0.00539445959924619	0.00535923250875833
72105	65-69	2	0.0131355344189828	0.0130808981336325	0.0125507494256683	0.0124727491459017	0.0112014044796276	0.010522340309716	0.00955033435605164	0.00818832544202565	0.00813485369830969
72105	70-74	2	0.021568637754638	0.0214789213279683	0.020608412114722	0.0204803352697462	0.0183927796768085	0.0172777530005212	0.0156817129125211	0.013445281204018	0.0133574795262293
72105	75-79	2	0.0348490494955473	0.0347040886741385	0.033297580792895	0.0330906428197445	0.0297177221036738	0.0279161453114312	0.0253373819931532	0.0217239176003252	0.0215820474107237
72105	80-84	2	0.061912993741745	0.061655448846468	0.059156635703847	0.0587889845391437	0.0527966347900609	0.0495959433571135	0.0450145011793668	0.038594809018836	0.0383427609040745
72105	85+	2	0.143039814102983	0.142444830136799	0.13667173327018	0.135822317238253	0.121977974693547	0.114583294437495	0.103998622744795	0.0891669767256699	0.0885846590697472
72107	0-4	2	0.00262538846663985	0.00246062607418067	0.00244164027363389	0.00239752122151108	0.00207857567863319	0.00210709012892185	0.00194099304016455	0.00146675627461062	0.00140389441768962
72107	5-9	2	0.000167882139871423	0.000157247105740377	0.000155917382867385	0.000152716088864215	0.000132138521829828	0.000130737961920856	0.00011534835586285	0.000103375436287888	9.9760173285387e-05
72107	10-14	2	0.000170113944327567	0.00015933754414265	0.000157990121369703	0.000154746275237226	0.000133895155773963	0.000132475934786706	0.000116881766561104	0.000104749679201395	0.000101086365341208
72107	15-19	2	0.000342328483612215	0.00032064242346072	0.000317931166321821	0.000311403432426977	0.000269443566483975	0.000266587873364697	0.000235206731096185	0.000210792812184511	0.000203420860425937
72107	20-24	2	0.000545986071631116	0.000511398315481086	0.00050707412806476	0.000496662897420065	0.000429740205151937	0.000425185853323728	0.000375135349462968	0.000336197172120616	0.0003244394369739
72107	25-29	2	0.000764580331604873	0.000716144581555656	0.000710089221185998	0.000695509736797512	0.000601793435093327	0.000595415779384294	0.000525326756651721	0.000470799059881227	0.000454333841230628
72107	30-34	2	0.00105716121446166	0.000990190471654448	0.000981818037463569	0.000961659389604575	0.000832080737482046	0.000823262868131139	0.000726352687088727	0.00065095909678747	0.000628193056197475
72107	35-39	2	0.00144515253107204	0.00135360237153493	0.00134215716037529	0.00131459987712579	0.00113746403230572	0.00112541017534154	0.000992932690189265	0.000889868729067202	0.000858747290685839
72107	40-44	2	0.00186052106862095	0.00174265700882468	0.00172792217259095	0.00169244429444302	0.00146439557538345	0.00144887716494277	0.00127832277412755	0.00114563609026454	0.00110556960982396
72107	45-49	2	0.00268427127436398	0.00251422250007492	0.00249296394183041	0.00244177800245375	0.00211275984636981	0.00209037075913132	0.00184430255716577	0.00165286871113492	0.00159506265139833
72107	50-54	2	0.00397586327628659	0.00372399215016294	0.0036925045549907	0.00361668877989296	0.00312935658243464	0.00309619483239519	0.00273172552709184	0.00244817924003963	0.00236255866773484
72107	55-59	2	0.00595258167675552	0.00557548525080898	0.0055283431896023	0.00541483394472992	0.004685209180508	0.00463556007591668	0.00408988369076786	0.00366536364508388	0.00353717384231168
72107	60-64	2	0.00932082537225666	0.00873035062334761	0.00865653405573694	0.0084787964655984	0.00733631677097947	0.00725857278793576	0.00640412693763425	0.00573939393658152	0.0055386678290969
72107	65-69	2	0.014148211196733	0.0132519210137113	0.0131398740821904	0.0128700841332574	0.0111358987257789	0.0110178917119379	0.00972091424571214	0.00871190630036501	0.00840722115959845
72107	70-74	2	0.0232314608352664	0.0217597428338571	0.0215757596682173	0.0211327633196823	0.0182852195097332	0.0180914513770262	0.0159618067860348	0.0143050045018332	0.0138047089199627
72107	75-79	2	0.0375357203225971	0.0351578194886474	0.0348605512819148	0.0341447895749593	0.0295439341559785	0.0292308599457748	0.0257899345757524	0.0231129979016715	0.022304648871476
72107	80-84	2	0.0666861447145577	0.0624615515695752	0.0619334180643562	0.0606617878947989	0.0524878845969815	0.0519316720462617	0.045818512769436	0.0410626502995992	0.0396265404188211
72107	85+	2	0.154067394516375	0.14430719299371	0.143087032121162	0.140149117274	0.12126465070223	0.119979609069357	0.105856147425815	0.0948685234394172	0.0915506133199746
72109	0-4	2	0.00303719705095014	0.0027173209230412	0.00254626216011718	0.00237711672945482	0.002071026645322	0.00187835959642681	0.00179202604127588	0.00149545277342136	0.00152157961653176
72109	5-9	2	0.000185619673178259	0.00017026357255657	0.00016508559713176	0.000162408783822131	0.000147412785364866	0.000133225425765713	0.000122347929111194	0.000106760001036409	0.000104905753715543
72109	10-14	2	0.00018808725423733	0.00017252704136533	0.000167280223656377	0.000164567834128555	0.000149372461594429	0.000134996505853275	0.000123974406296703	0.000108179253632338	0.000106300360706045
72109	15-19	2	0.000378497351251517	0.000347184389694223	0.000336626023584581	0.000331167780994803	0.000300589512746513	0.000271659897023495	0.000249479561656393	0.000217694189018326	0.000213913172517236
72109	20-24	2	0.000603672578768265	0.000553730612830081	0.000536890851904465	0.000528185396904361	0.000479415576097659	0.000433275159308256	0.000397899310137828	0.000347204207532129	0.00034117377810585
72109	25-29	2	0.000845362756253627	0.000775425376629759	0.000751843534001258	0.00073965274366324	0.000671357238923376	0.000606743631974548	0.000557204594837021	0.000486212861035194	0.000477768008768843
72109	30-34	2	0.00116885662881961	0.00107215614242546	0.00103955032738044	0.00102269455453661	0.00092826464834373	0.000838925371746998	0.000770429164152702	0.000672271172774823	0.0006605947046833
72109	35-39	2	0.00159784168802922	0.0014656504488212	0.00142107776119307	0.00139803552987308	0.00126894867943068	0.00114682076752859	0.00105318568742267	0.000919002443325919	0.000903040645028104
72109	40-44	2	0.00205709642451331	0.00188691004042761	0.00182952607611637	0.00179986096487312	0.001633671704038	0.00147644137648109	0.00135589367109715	0.00118314330710896	0.00116259368994093
72109	45-49	2	0.00296788125224023	0.00272234400112639	0.00263955307405656	0.00259675349850326	0.00235698349159895	0.00213013871199608	0.00195621799261981	0.00170698211359531	0.00167733418156433
72109	50-54	2	0.00439593783636933	0.00403225514461237	0.00390962747324388	0.00384623348427733	0.00349109336778817	0.00315509743013333	0.00289749103317185	0.00252833000800309	0.00248441649680385
72109	55-59	2	0.00658150961417782	0.00603701161470608	0.00585341636242772	0.00575850423068172	0.00522679461847367	0.00472374767549943	0.00433806458701367	0.00378536388189817	0.00371961700437785
72109	60-64	2	0.0103056288196027	0.00945302849081131	0.00916554705313425	0.0090169299741611	0.00818435562007819	0.00739666011783237	0.00679273902176421	0.00592729473432573	0.0058243450905985
72109	65-69	2	0.0156430574737741	0.0143488833459096	0.0139125120799711	0.0136869256929702	0.0124231497531754	0.0112274958652693	0.0103107934065032	0.00899712306359594	0.00884085382499055
72109	70-74	2	0.0256860063812022	0.0235609610446366	0.0228444348724078	0.0224740196685793	0.0203988913778254	0.0184356204781099	0.0169303901201464	0.0147733304888447	0.0145167356483847
72109	75-79	2	0.0415015992426621	0.0380680982040406	0.036910385170104	0.0363118953347336	0.0329590554192134	0.0297869484235846	0.0273549057686228	0.0238696851191529	0.0234550894603101
72109	80-84	2	0.0737319529106896	0.0676319716361434	0.0655751669062773	0.0645118828146176	0.0585552052896049	0.0529196205468408	0.0485988520884596	0.0424069924801653	0.0416704199283495
72109	85+	2	0.170345566239997	0.156252588535072	0.151500681734598	0.149044117535927	0.135282194735354	0.12226209686021	0.11227965448641	0.0979743987432585	0.0962726635012514
72111	0-4	2	0.00299082765695996	0.002837219902757	0.00279153353756083	0.00256704910490458	0.00233646064765397	0.00213245300419472	0.00205006440176154	0.00167713876488538	0.00170625503361115
72111	5-9	2	0.000187994704185208	0.000180810537140548	0.000180589178208355	0.000169237979988197	0.000155898181124089	0.000142079159048585	0.000133940073287474	0.00011839489945221	0.000116250258758301
72111	10-14	2	0.00019049394312016	0.000183214263176765	0.00018298992713054	0.000171487859966045	0.000157970684202728	0.000143967957766797	0.000135720656401585	0.000119968821568142	0.000117795673248278
72111	15-19	2	0.000383339998050714	0.00036869077384592	0.000368239615111674	0.000345093133441716	0.000317892084214369	0.000289713577002425	0.000273117237025304	0.000241419057361187	0.000237045877804418
72111	20-24	2	0.00061139593838805	0.000588031515025106	0.00058731205052464	0.000550395095432604	0.000507011703564895	0.000462069266708115	0.000435599503289676	0.000385043535215615	0.000378068619259542
72111	25-29	2	0.000856178002935718	0.000823459100503081	0.0008224517155944	0.00077075440828267	0.000710001959002634	0.000647065946842241	0.000609998755970088	0.000539201846853295	0.000529434391968083
72111	30-34	2	0.00118381028678172	0.00113857089021357	0.00113717820726627	0.0010656977356628	0.00098169744783079	0.000894677781978874	0.000843426083275262	0.000745537516211989	0.000732032281091115
72111	35-39	2	0.00161828319069752	0.00155644011178759	0.00155453630301977	0.00145682120694938	0.00134199187610295	0.00122303495204339	0.00115297343670333	0.00101915845061911	0.00100069672659605
72111	40-44	2	0.00208341330653075	0.00200379485150869	0.00200134384409336	0.00187554311477109	0.00172770931548401	0.00157456134408988	0.00148436278327099	0.00131208657605506	0.00128831839965165
72111	45-49	2	0.00300584956160012	0.00289097981868855	0.00288744375704768	0.00270594389805711	0.00249265637062603	0.00227170144250926	0.00214156717218456	0.00189301538357153	0.00185872393066325
72111	50-54	2	0.00445217552715839	0.00428203418885402	0.00427679667723417	0.00400796337116515	0.00369204832564272	0.00336477625462672	0.00317202507862912	0.00280387735333626	0.00275308590270297
72111	55-59	2	0.00666570630747742	0.00641097478080036	0.00640313408962505	0.0060006424222208	0.00552766006119689	0.00503767436872309	0.00474909125800766	0.00419790759948145	0.00412186329499606
72111	60-64	2	0.0104374690347691	0.0100385992789901	0.0100263227679522	0.00939608272767357	0.00865546595244703	0.00788822198522175	0.0074363445832088	0.0065732754869678	0.00645420131150126
72111	65-69	2	0.015843181262463	0.0152377301990984	0.0152190959317774	0.0142624470559928	0.0131382551638585	0.0119736455276258	0.011287732032321	0.00997766727665601	0.00979692227845891
72111	70-74	2	0.0260146130892118	0.0250204541478447	0.0249898553363827	0.0234190330867967	0.0215731032579238	0.0196608065383799	0.018534532743942	0.0163833918678335	0.0160866075956132
72111	75-79	2	0.0420325329857731	0.0404262403825587	0.0403767999325637	0.0378387763063268	0.0348562570856968	0.0317665093504398	0.0299467597901897	0.0264711045430609	0.0259915726770049
72111	80-84	2	0.0746752220455338	0.0718214686248242	0.0717336234471947	0.0672245507699005	0.0619257890660883	0.0564365324336621	0.0532035611430744	0.0470286934370282	0.0461767569197402
72111	85+	2	0.172524844335105	0.165931741595818	0.165728796839824	0.155311306704073	0.143069389018923	0.130387347380248	0.122918101336026	0.108652103902494	0.106683837126499
72113	0-4	2	0.0028667197907909	0.00288125665903537	0.00273749435799218	0.00254151924097098	0.00229481594487445	0.00210789630540283	0.00208280778897927	0.00164033197816844	0.00168224946390133
72113	5-9	2	0.000181167553460177	0.000182473235722637	0.000175343126267631	0.000167151993889293	0.000153104953433073	0.000138425270842341	0.000132135240939506	0.000115056109636964	0.000112334426270762
72113	10-14	2	0.000183576027657623	0.000184899024363	0.000177674117313541	0.000169374109441978	0.000155140315847141	0.000140265481547775	0.000133891822036828	0.000116585646331454	0.000113827780887863
72113	15-19	2	0.000369418785259003	0.000372081200083104	0.000357542167274952	0.000340839601595654	0.000312196280034244	0.000282262901763797	0.000269436891314218	0.000234610844062352	0.000229061056733847
72113	20-24	2	0.000589192623145777	0.00059343896345819	0.000570250348078276	0.000543611045050827	0.000497927244830579	0.000450186006447405	0.000429729568446352	0.000374184891570396	0.000365333426612993
72113	25-29	2	0.000825085319393209	0.000831031639233909	0.000798559065016716	0.000761254350181167	0.000697280368420946	0.000630425050906145	0.000601778619882834	0.000523995719388437	0.000511600404799748
72113	30-34	2	0.00114081944718402	0.00114904126990229	0.00110414247205283	0.00105256243376314	0.000964107698893778	0.000871668955089615	0.000832060341576884	0.000724512397190369	0.00070737375348024
72113	35-39	2	0.00155951425441615	0.00157075334201783	0.00150937589502664	0.00143886515761028	0.00131794644564159	0.00119158167698325	0.00113743631011796	0.000990416896073967	0.000966988234552182
72113	40-44	2	0.00200775259357035	0.00202222180146996	0.0019432029866203	0.001852425855328	0.00169675246314117	0.00153406767806034	0.0014643599219271	0.00127508394038084	0.00124492129721669
72113	45-49	2	0.00289668981289623	0.00291756554418912	0.00280356079368563	0.00267259142685233	0.00244799310051952	0.00221327906268256	0.00211270798940114	0.00183962987231861	0.0017961126582032
72113	50-54	2	0.00429049062199695	0.00432141131880785	0.00415255060495154	0.00395856213450472	0.00362589381429266	0.00327824227181419	0.00312927925432227	0.00272480407215056	0.00266034794665974
72113	55-59	2	0.00642363560531263	0.0064699299657944	0.00621711547679389	0.00592668014652205	0.00542861490173187	0.00490811722075004	0.00468509272673569	0.00407952056319754	0.00398301811922778
72113	60-64	2	0.0100584222969524	0.0101309125586188	0.00973504421602911	0.00928026725359939	0.0085003745975552	0.00768535420878093	0.00733613158946495	0.00638789869570591	0.00623679045583095
72113	65-69	2	0.015267818597887	0.0153778530484859	0.0147769597881102	0.0140866485945422	0.0129028393200744	0.011665709472068	0.0111356173164636	0.00969627989001694	0.00946691036784789
72113	70-74	2	0.0250698622875893	0.0252505357040105	0.0242638629966148	0.0231303671348032	0.0211865442801877	0.0191551683662972	0.0182847555154815	0.0159213518509071	0.0155447234007191
72113	75-79	2	0.040506071078081	0.0407979864704194	0.0392037907898314	0.0373723707710923	0.0342316841684421	0.0309495380371632	0.0295431875310696	0.0257245711823384	0.0251160375093912
72113	80-84	2	0.0719632881071337	0.0724819020158959	0.0696496401210439	0.0663959228250524	0.0608161587694569	0.0549850809932024	0.0524865601003767	0.0457023874018652	0.0446212625424553
72113	85+	2	0.166259368659811	0.167457553903952	0.160914079068224	0.153396893247026	0.140505771853472	0.127034016072186	0.121261578116876	0.105587870250157	0.103090098159088
72115	0-4	2	0.00321788946641372	0.00314421340999272	0.00279710711262278	0.0027929786799221	0.00239173333530878	0.00204682628917301	0.00213133595342642	0.00181087777521719	0.00160812725097384
72115	5-9	2	0.000186800056547291	0.000190339810915318	0.000173903596669938	0.000172722127825877	0.000151851724420832	0.000139610917899331	0.000129959301068306	0.000116896726909023	0.000115478519130411
72115	10-14	2	0.000189283364679095	0.000192870123112317	0.000176215443459299	0.000175018273122436	0.000153870422013002	0.000141466889935807	0.000131686955845344	0.000118450719596371	0.000117013661605527
72115	15-19	2	0.00038090390085871	0.000388122185092426	0.000354606779649247	0.000352197725717811	0.000309640812824878	0.000284680512931887	0.000264999914757828	0.000238364076798808	0.000235472196034624
72115	20-24	2	0.000607510531908489	0.000619023245248568	0.000565568594939365	0.000561726385112722	0.000493851499972454	0.000454041892218403	0.000422652964830466	0.000380171030343751	0.00037555869302518
72115	25-29	2	0.000850736898917602	0.000866859002202881	0.000792002724246086	0.000786622373195989	0.00069157270707784	0.000635824561337572	0.000591868734232645	0.000532378515710188	0.000525919515375626
72115	30-34	2	0.00117628690520375	0.00119857884226054	0.00109507713548176	0.00108763790626899	0.000956215703207137	0.000879134514251786	0.000818358059423385	0.00073610301461996	0.000727172350881802
72115	35-39	2	0.00160799862329007	0.00163847206475801	0.00149698341472204	0.00148681381393688	0.0013071579519976	0.00120178712513622	0.00111870506835959	0.00100626133300441	0.000994053138859885
72115	40-44	2	0.0020701725818498	0.00210940449459315	0.00192724860837208	0.00191415623862955	0.00168286326338882	0.00154720633446885	0.00144024484908037	0.00129548244248764	0.00127976519506961
72115	45-49	2	0.00298674663760964	0.00304334908230488	0.00278054262277602	0.00276165338024532	0.00242795458663932	0.00223223496945533	0.00207791589549076	0.00186905987856235	0.00184638385555773
72115	50-54	2	0.0044238800901463	0.00450771901698803	0.00411845708753614	0.00409047799623242	0.0035962132075092	0.00330631936318535	0.00307774646663142	0.00276839496798255	0.00273480811941047
72115	55-59	2	0.0066233441139888	0.00674886717430162	0.00616607204804803	0.00612418268721971	0.0053841780465483	0.0049501540716903	0.00460793958579567	0.00414478452972507	0.00409449848850106
72115	60-64	2	0.010371134598187	0.01056768467122	0.00965511746139065	0.00958952624489949	0.00843079359314885	0.00775117694886525	0.0072153209788686	0.00649009230561002	0.0064113517502921
72115	65-69	2	0.0157424910788839	0.0160408366406308	0.0146556383842646	0.0145560782337198	0.0127972221048027	0.0117656231726601	0.010952236952224	0.00985140071546119	0.00973187997618648
72115	70-74	2	0.0258492769558045	0.0263391595835327	0.0240646530563404	0.0239011740054971	0.0210131210039096	0.0193192296018112	0.0179836453492425	0.0161760605238119	0.0159798048709247
72115	75-79	2	0.0417654028272688	0.0425569182169545	0.0388819312455513	0.0386177913231693	0.0339514838991091	0.031214619963448	0.0290566813033406	0.0261361180210569	0.0258190140382574
72115	80-84	2	0.0742006231114056	0.0756068225248931	0.0690778208667126	0.0686085468170646	0.0603183602333166	0.0554560320117277	0.0516222331276946	0.0464335451378182	0.0458701788318279
72115	85+	2	0.171428378716659	0.174677221331225	0.159593032895471	0.158508832446028	0.139355706859063	0.12812207751011	0.119264701424792	0.107277113825739	0.105975544651934
72117	0-4	2	0.002650214910431	0.0026911434230812	0.00252735466565589	0.00229180818127816	0.00198431096426365	0.00199602325510283	0.00192995756556294	0.00153749153240133	0.00144583008386423
72117	5-9	2	0.000169145461664276	0.00016651035261164	0.000157330863721276	0.000150881709718479	0.000132413725166751	0.000129419419413793	0.000116194358710405	0.000100461167743968	9.76857399211049e-05
72117	10-14	2	0.000171394052460369	0.000168723881818296	0.000159422373353274	0.000152887518063627	0.000134174021477949	0.000131139873408786	0.000117739011999081	0.000101796673999624	9.89843606929057e-05
72117	15-19	2	0.00034490456776438	0.000339531434544456	0.000320813423403804	0.000307662866391312	0.000270004730464144	0.000263899202796923	0.000236931855315024	0.000204850243188364	0.00019919082931462
72117	20-24	2	0.000550094587357551	0.000541524852165718	0.000511670999241404	0.000490696825598574	0.000430635121002555	0.000420897524597149	0.000377886740734568	0.000326719153871035	0.000317692812677174
72117	25-29	2	0.000770333719083748	0.00075833294475927	0.000716526556214592	0.000687155028572297	0.000603046651703627	0.000589410491570506	0.000529179694417826	0.000457526301423843	0.000444886067004549
72117	30-34	2	0.00106511606457457	0.00104852313495984	0.000990718665086266	0.000950107440886347	0.000833813416626	0.000814959339078899	0.000731679914035378	0.000632607106273695	0.000615129825319074
72117	35-39	2	0.0014560267566116	0.00143334387004034	0.00135432418517044	0.00129880797775817	0.00113983255125108	0.00111405908286882	0.00100021501145072	0.00086478111459292	0.000840889539445007
72117	40-44	2	0.00187452066146834	0.00184531799051212	0.00174358615789236	0.00167211333766156	0.00146744481765415	0.00143426346736197	0.00128769820841971	0.0011133376770861	0.00108257901875165
72117	45-49	2	0.00270446939054429	0.00266233722694859	0.00251556306601755	0.00241244513055823	0.00211715896045837	0.00206928663065363	0.00185782899857182	0.00160626994663481	0.00156189281910012
72117	50-54	2	0.00400577975438508	0.00394337526407808	0.00372597723143135	0.00357324110936171	0.00313587198443549	0.00306496534281976	0.0027517604067436	0.00237915841700286	0.0023134283930915
72117	55-59	2	0.0059973720471567	0.00590394196677862	0.00557845822279722	0.00534978477765758	0.00469496352881799	0.00458880325345892	0.00411987927647699	0.00356202707210778	0.00346361710548519
72117	60-64	2	0.00939096012151516	0.00924466315945318	0.00873500589175942	0.00837693876264873	0.00735158989386699	0.00718535776855705	0.00645109419435125	0.00557758388298348	0.00542348907677011
72117	65-69	2	0.0142546694038212	0.0140326027914658	0.0132589875265903	0.012715473917592	0.0111590827802202	0.010906757241947	0.00979220564205702	0.00846629146584577	0.00823238889112211
72117	70-74	2	0.0234062633126086	0.0230416265713972	0.0217713440677794	0.020878890762736	0.0183232863181767	0.0179089664927849	0.0160788660722254	0.013901701808531	0.0135176317269389
72117	75-79	2	0.0378181554313474	0.0372289971597841	0.0351765633180076	0.0337345998635984	0.0296054397591577	0.0289360161992705	0.0259790728555522	0.0224613687559446	0.021840807614382
72117	80-84	2	0.0671879218231949	0.0661412136250349	0.0624948477804344	0.0599330494307804	0.0525971614788469	0.051407854606549	0.0461545391050179	0.0399049693040799	0.0388024789711515
72117	85+	2	0.155226688129089	0.15280847511065	0.14438414358817	0.138465503363024	0.121517132367392	0.118769429556126	0.106632500920269	0.092193906524398	0.0896467731157118
72119	0-4	2	0.00277258733030789	0.00277595369231076	0.00260250877745004	0.0025084401825166	0.00208463676103234	0.00183148979490497	0.00190121314486701	0.00158035094771007	0.00162054421703935
72119	5-9	2	0.000179793903869238	0.000173769108297363	0.000163097278051356	0.000163661821331932	0.000141989020414922	0.000130679392204795	0.000122787359607075	0.000107390981634509	0.000108199650312259
72119	10-14	2	0.000182184078767262	0.000176079170688956	0.000165265483061997	0.000165837537453691	0.000143876624176651	0.000132416638859637	0.000124419672264076	0.000108818618520962	0.000109638033217662
72119	15-19	2	0.000366617923810409	0.000354332694946436	0.000332571630409992	0.000333722913321114	0.000289529808803644	0.000266468267842534	0.000250375638987499	0.000218980865327662	0.000220629849609346
72119	20-24	2	0.00058472568671847	0.000565131639672488	0.000530424344554456	0.000532260563950956	0.00046177608160132	0.000424994883713136	0.000399328471559321	0.00034925637012551	0.000351886368509874
72119	25-29	2	0.000818829858826598	0.000791391034995325	0.000742788035900154	0.000745359463615196	0.000646655358488368	0.000595148148367858	0.000559205968304048	0.000489086660228047	0.000492769621061231
72119	30-34	2	0.00113217009071143	0.00109423143302531	0.00102702951463947	0.00103058501178465	0.000894109895065989	0.000822892511940916	0.000773196316646022	0.00067624467215886	0.000681337005137115
72119	35-39	2	0.00154769037432355	0.00149582738645256	0.00140396128074189	0.00140882185445962	0.00122225857617061	0.00112490353464294	0.00105696831521944	0.000924434180962481	0.000931395641201763
72119	40-44	2	0.00199253075743455	0.00192576066556737	0.00180749001097805	0.00181374784077675	0.00157356206147434	0.00144822481900906	0.00136076365049661	0.00119013633717192	0.00119909865305596
72119	45-49	2	0.00287472885500138	0.00277839619655572	0.00260776045952294	0.00261678859614251	0.00227025975254414	0.00208942919624194	0.00196324433667852	0.00171707141390215	0.00173000187745443
72119	50-54	2	0.0042579641291976	0.00411527925536648	0.00386253788078013	0.00387590921761775	0.0033626408080436	0.00309480016086623	0.00290789887622868	0.00254327444616558	0.00256242678410805
72119	55-59	2	0.00637493799564046	0.00616131399662971	0.00578291487356684	0.00580293434845075	0.00503447765085232	0.00463347117753557	0.00435364685326121	0.00380773873891652	0.00383641276451371
72119	60-64	2	0.00998217097337047	0.00964766851775092	0.00905515399859454	0.00908650250448255	0.00788321785276264	0.00725530128571798	0.00681713814047415	0.00596233079672316	0.00600723025832663
72119	65-69	2	0.0151520776958545	0.0146443316807811	0.0137449461410134	0.0137925319269708	0.0119660492281495	0.011012926216514	0.0103478296498186	0.00905030390891228	0.00911845815498478
72119	70-74	2	0.0248798179546157	0.0240460918636519	0.0225692926884462	0.022647428299253	0.0196483317357412	0.0180832981675697	0.0169912055723505	0.0148606551056902	0.0149725621463514
72119	75-79	2	0.0401990196143061	0.0388519427420572	0.0364658357872673	0.0365920817359336	0.0317463578487387	0.029217691988927	0.0274531694899797	0.0240107788150485	0.0241915821779781
72119	80-84	2	0.071417781996132	0.069024551175169	0.0647853772830682	0.0650096615954351	0.0564007241441368	0.0519082842328745	0.0487734292387991	0.0426576598161811	0.0429788755533555
72119	85+	2	0.164999084308509	0.159469953096079	0.14967603603072	0.150194189683512	0.130304645987054	0.119925591507645	0.112683016786775	0.0985535538361423	0.0992956653043514
72121	0-4	2	0.00274407229973893	0.00275240667253094	0.00279987263725079	0.00279186997915765	0.00241122470037866	0.00234579411533937	0.00207294452875557	0.00151487698808012	0.00163941192995379
72121	5-9	2	0.000189710666763613	0.000178535663104604	0.000175713545537975	0.000175740935544386	0.000151363878617747	0.000144187632037248	0.000127781167651536	0.000114783811558412	0.000110596718582584
72121	10-14	2	0.000192232691087105	0.000180909116055401	0.000178049458988015	0.000178077221715083	0.000153376108852473	0.000146104432371762	0.000129479883108463	0.000116309733086828	0.000112066986182455
72121	15-19	2	0.000386839149293927	0.000364052011447089	0.000358297548790903	0.000358353513433505	0.000308646093897157	0.000294013050185958	0.000260558462480774	0.000234055611788175	0.000225517643398995
72121	20-24	2	0.000616976787935689	0.000580632977716035	0.000571455115663744	0.000571544392731353	0.000492264979836114	0.000468926627184177	0.000415569196615972	0.000373299353013987	0.000359681925373192
72121	25-29	2	0.000863993249025386	0.000813098420846873	0.000800246130230546	0.000800371256524998	0.000689351002467097	0.000656668756030535	0.000581948856875816	0.000522755648967399	0.000503686167741584
72121	30-34	2	0.00119461600138426	0.00112424529307062	0.00110647502231665	0.00110664816362692	0.000953143839591398	0.000907955219971109	0.000804642100829874	0.000722797720943904	0.000696430893689655
72121	35-39	2	0.00163305490458711	0.00153685680690245	0.00151256456946339	0.00151280127097205	0.00130295876723285	0.00124118555102812	0.00109995511665675	0.000988072825626573	0.000952029108496519
72121	40-44	2	0.00210243053778585	0.00197858246606246	0.00194730800793244	0.00194761279338958	0.0016774569090031	0.00159792876378807	0.00141610567096448	0.00127206604676751	0.00122566245852682
72121	45-49	2	0.00303328708962613	0.00285460471876005	0.00280948342814626	0.0028099230574289	0.00242015459771708	0.00230541511670222	0.00204308916038952	0.00183527578775363	0.00176832681165973
72121	50-54	2	0.00449281478207541	0.00422815591634334	0.00416132340190822	0.00416197375145156	0.00358466004537135	0.00341471162314586	0.00302616182186451	0.00271835502455073	0.00261919214894602
72121	55-59	2	0.00672655148296685	0.00633031016673909	0.00623025049200865	0.00623122445054503	0.00536688061519439	0.00511243683814697	0.00453070784311254	0.00406986539722095	0.00392140064281654
72121	60-64	2	0.010532741556734	0.00991228850561978	0.00975561102361294	0.00975713687012299	0.00840370799562131	0.00800528655680802	0.00709438790367106	0.00637278021259254	0.00614030678533806
72121	65-69	2	0.0159877957828861	0.0150460009579548	0.0148081790343894	0.0148104973206875	0.0127561087094238	0.0121513396124475	0.0107686701450758	0.00967333080382392	0.00932045643124736
72121	70-74	2	0.0262520674981502	0.0247056302154597	0.0243151232383611	0.0243189297482773	0.0209456104847059	0.0199525757038454	0.0176822254679217	0.015883667489342	0.015304244661082
72121	75-79	2	0.0424161999829	0.0399175747338654	0.0392866199092425	0.039292767970021	0.0338424037233724	0.0322379366613125	0.0285696675654607	0.025663687119314	0.0247274888410639
72121	80-84	2	0.0753568346385781	0.0709177621597951	0.0697968006081719	0.069807719410612	0.0601245708600079	0.0572740589025628	0.0507570029724327	0.0455942255314942	0.0439309708827473
72121	85+	2	0.174099615298754	0.163843890897599	0.161254096788937	0.1612793062865	0.138907977558111	0.132322333358042	0.117265728578275	0.10533798595871	0.101495301939008
72123	0-4	2	0.00300270166585143	0.00279192646679167	0.00255395684983596	0.00241443654035177	0.00210679416737742	0.0021372065109605	0.00196659413162251	0.00165838614003583	0.00154869961578789
72123	5-9	2	0.000188847103492052	0.00018380856596045	0.000175842476805076	0.000171173225637026	0.000149343918120711	0.000144038910351744	0.000124422221555676	0.000109323712171285	0.000108470673225195
72123	10-14	2	0.000191357640961296	0.000186252099617919	0.000178180114799797	0.000173448818429967	0.000151329311106834	0.00014595373851234	0.000126076294761418	0.000110777063516227	0.00010991268500946
72123	15-19	2	0.00038507834764738	0.00037480427937777	0.000358560570612617	0.00034903948068858	0.000304527222779946	0.000293709846466395	0.000253709203919006	0.000222921831931975	0.000221182417007299
72123	20-24	2	0.000614168627340541	0.000597782270923635	0.000571874767531054	0.000556689309023145	0.00048569578263056	0.000468443144609166	0.000404645207714613	0.00035554184164855	0.000352767610596627
72123	25-29	2	0.00086006081652638	0.000837113859481925	0.000800833846525958	0.00077956868804224	0.000680151738721189	0.000655991711782741	0.000566651229160352	0.000497888575447213	0.000494003604275733
72123	30-34	2	0.00118917902915525	0.00115745104806545	0.00110728778255056	0.00107788508813042	0.00094042435162997	0.000907019210105756	0.000783490549618737	0.00068841471891333	0.00068304312682186
72123	35-39	2	0.00162562258055762	0.00158224981098566	0.001513675779587	0.00147348179647825	0.0012855711191192	0.00123990610465068	0.00107104069785258	0.000941070735452652	0.000933727840826423
72123	40-44	2	0.00209286217219255	0.00203702276010118	0.00194873887346055	0.00189699224789858	0.00165507184997499	0.00159628171286259	0.00137888066560301	0.00121155452944513	0.00120210101256319
72123	45-49	2	0.00301948218824424	0.00293891996988991	0.00281154796450829	0.00273688994102575	0.00238785839017992	0.00230303887664906	0.00198938262675471	0.00174797254649301	0.00173433348546528
72123	50-54	2	0.00447236760957235	0.00435304150171438	0.00416438147141958	0.00405379950349108	0.00353682419011638	0.00341119228086103	0.00294661342376295	0.00258904393948441	0.00256884232949288
72123	55-59	2	0.00669593823875712	0.00651728621896509	0.0062348286598222	0.00606926796942312	0.00529526169381893	0.00510716756894593	0.00441160924342897	0.00387626331077833	0.00384601769171407
72123	60-64	2	0.0104848062246039	0.0102050651249563	0.00976278059480412	0.00950353860176347	0.00829156458116749	0.00799703682544268	0.0069078985036518	0.0060696292146796	0.0060222690340655
72123	65-69	2	0.0159150349107924	0.0154904117045878	0.0148190621215791	0.0144255559024296	0.0125858837834123	0.0121388171422844	0.0104855958218468	0.0092131742860353	0.00914128529468915
72123	70-74	2	0.026132593637258	0.0254353561559798	0.0243329945043475	0.023686855401306	0.0206661020120502	0.0199320156036391	0.0172174167089261	0.0151280884434918	0.0150100454623499
72123	75-79	2	0.0422231643650131	0.0410966137356199	0.0393154945202415	0.0382715080939601	0.0333907938658512	0.0322047149861643	0.0278186614150547	0.024442876082893	0.0242521435752135
72123	80-84	2	0.0750138903827029	0.0730124467400082	0.0698480953900978	0.0679933387266484	0.0593222354130034	0.0572150386477214	0.0494227653592925	0.043425328372514	0.0430864713692899
72123	85+	2	0.173307289947926	0.16868332497104	0.161372619672174	0.157087494792386	0.137054327044803	0.132185984208238	0.114183191883855	0.100327109817731	0.0995442344437919
72125	0-4	2	0.00254062037673259	0.00246593059795974	0.00239048541170522	0.00230198998334559	0.00213604961244117	0.00211964549190251	0.00203041401498109	0.00162910326339482	0.00163875626710276
72125	5-9	2	0.000186859917017621	0.000178250763546561	0.000170724360625678	0.000163491985962626	0.000148584762408211	0.000138854307895116	0.000129379796469506	0.000115100338690574	0.000117440813307955
72125	10-14	2	0.000189344051911639	0.000180620432512444	0.000172993968534374	0.000165665475687108	0.000150560050853616	0.000140700224318103	0.000131099753302029	0.000116630461813475	0.000119002038939105
72125	15-19	2	0.000381026033364713	0.000363471030937258	0.000348123927396205	0.000333376362937998	0.000302979117277484	0.000283137726775998	0.000263818261699	0.000234701045289073	0.000239473554339999
72125	20-24	2	0.000607705232267426	0.000579706334976873	0.000555228896810589	0.000531707646167061	0.00048322656255399	0.000451581254480014	0.000420768309964106	0.000374328765926173	0.000381940553940129
72125	25-29	2	0.000851009902030323	0.00081180102145052	0.00077752358325658	0.000744585170436661	0.000676693985491753	0.000632378919826305	0.000589229642886492	0.000524197246554492	0.000534856552787084
72125	30-34	2	0.00117666453672764	0.00112245172111802	0.00107505741171057	0.00102951440044636	0.00093564349272143	0.000874370476107712	0.00081470922459575	0.000724791101684502	0.000739529418383724
72125	35-39	2	0.00160851473953886	0.00153440484653789	0.00146961605694223	0.00140735801769597	0.00127903540100031	0.00119527455526107	0.00111371702378411	0.000990797834244711	0.001010945486664
72125	40-44	2	0.00207083702424415	0.00197542576650741	0.00189201510562339	0.00181186282542682	0.00164665757718795	0.00153882197585216	0.00143382312646737	0.00127557434252525	0.00130151285070769
72125	45-49	2	0.00298770507219097	0.00285005023930722	0.00272970914041163	0.00261406883503826	0.00237571855923208	0.00222013841272186	0.00206865103180658	0.00184033729325676	0.00187776029272497
72125	50-54	2	0.00442530019011253	0.00422141010073679	0.00404316392878967	0.00387187983640173	0.00351884259199286	0.00328840215742311	0.0030640235503352	0.00272585206579573	0.00278128197472608
72125	55-59	2	0.00662546922340168	0.00632020960859225	0.00605334343840893	0.00579690050755154	0.00526833944735098	0.00492332821554079	0.00458739330465708	0.0040810897569787	0.0041640783289354
72125	60-64	2	0.0103744621751995	0.00989647338303625	0.00947860261273629	0.00907705261583784	0.00824940794173227	0.0077091716524472	0.00718314862919798	0.0063903557323521	0.00652030288996188
72125	65-69	2	0.015747540549927	0.0150219939147035	0.0143877025565337	0.0137781856496065	0.0125218928379635	0.0117018612919658	0.0109034010303209	0.0097000089609636	0.00989725787384775
72125	70-74	2	0.0258575668650585	0.0246662104750856	0.0236246989919968	0.0226238698821006	0.0205610292338495	0.0192145313040354	0.0179034550758505	0.015927472490936	0.0162513558659521
72125	75-79	2	0.0417787942778654	0.0398538839518087	0.0381710821299547	0.0365540110309011	0.0332210225348257	0.0310454528294367	0.0289271104841082	0.0257344628693271	0.0262577611495706
72125	80-84	2	0.0742244079162699	0.0708045954682531	0.0678149144989197	0.0649420119066326	0.0590206076393049	0.0551554837898774	0.0513920367343606	0.0457199592259784	0.046649655481008
72125	85+	2	0.17148331692285	0.163582436693436	0.156675276685732	0.15003789087812	0.136357451972728	0.127427694051152	0.118732854744985	0.105628479667148	0.107776385221422
72127	0-4	2	0.00270237534348578	0.00254597477580431	0.00245445826071926	0.0022943571688677	0.00196352540852977	0.00186637053670959	0.00179278457872228	0.00144860939757067	0.00162218774825193
72127	5-9	2	0.000169277697491522	0.00016173424656857	0.000158488015410504	0.000150784250462772	0.000130757717621714	0.000124275462926573	0.000116356916234822	0.000107236313084776	0.000107604551968218
72127	10-14	2	0.000171528068626076	0.000163884331758136	0.000160594943919359	0.00015278877706465	0.000132496012798039	0.000125927573003889	0.000117903750845201	0.000108661896471051	0.000109035025351023
72127	15-19	2	0.000345174056543114	0.000329792244060589	0.000323172867079275	0.000307464122258521	0.000266628029738928	0.00025341004770632	0.00023726332788141	0.000218665503914237	0.000219416378077818
72127	20-24	2	0.000550524004549419	0.000525991277015275	0.000515433908761134	0.000490379752528905	0.000425249554995439	0.000404168025279413	0.000378415348019076	0.000348753363656848	0.00034995093258302
72127	25-29	2	0.000770935027482422	0.000736580104719899	0.000721795910752229	0.000686710997287599	0.000595504920104494	0.000565982976562854	0.000529919851575151	0.00048838220776538	0.000490059227134105
72127	30-34	2	0.00106594775901575	0.0010184462174471	0.000998004534483009	0.000949493688877075	0.000823385933232877	0.000782566922064445	0.000732703463380625	0.000675270710508874	0.000677589448425335
72127	35-39	2	0.00145716353281293	0.00139222814116993	0.00136428397790858	0.00129796897515352	0.00112557814489747	0.00106977816680177	0.00100161429605034	0.00092310298144383	0.000926272791541518
72127	40-44	2	0.0018759839776639	0.00179238472965842	0.00175640873325561	0.00167103322019446	0.00144909344231132	0.0013772552716049	0.00128949973344705	0.00118842263055827	0.00119250345507439
72127	45-49	2	0.0027065796891653	0.00258596705794598	0.00253406264597563	0.00241088666879798	0.00209068242727252	0.00198703767112545	0.00186042812628639	0.00171459904656592	0.00172048674883312
72127	50-54	2	0.00400890450647088	0.00383025711292251	0.0037533779418868	0.00357093316348465	0.00309665620583515	0.00294314057920985	0.00275561008002726	0.00253961231648108	0.00254833316208386
72127	55-59	2	0.00600205005155745	0.00573458263804484	0.00561948109206765	0.00534632931041572	0.00463625095438784	0.00440640990442476	0.00412564305611927	0.00380225549674779	0.00381531201867592
72127	60-64	2	0.00939828465622207	0.00897947068093008	0.00879923931662533	0.00837152660687388	0.00725965446738704	0.00689975844142572	0.00646012002902261	0.00595374470063516	0.00597418900393615
72127	65-69	2	0.0142657877242834	0.0136300634159398	0.0133564874408735	0.0127072564224184	0.0110195308390113	0.0104732412595231	0.00980590737919807	0.00903727201936766	0.00906830420163353
72127	70-74	2	0.0234245176732389	0.0223806526077827	0.0219314368206842	0.0208653923914325	0.0180941362187259	0.0171971268276306	0.0161013625692862	0.0148392570326473	0.0148902101691471
72127	75-79	2	0.037847644825284	0.0361610400710812	0.0354352270505567	0.0337127869398968	0.0292351906960929	0.0277858693886357	0.0260154146759063	0.0239762000992011	0.0240585237052967
72127	80-84	2	0.0672403110933128	0.064243873922318	0.0629543877782968	0.0598942926450029	0.0519393672714232	0.049364483761133	0.0462190869132194	0.0425962152347185	0.0427424775100537
72127	85+	2	0.155347715048526	0.148424954026107	0.145445809739246	0.138375950847212	0.119997397193991	0.114048536077212	0.106781583372953	0.0984115206586297	0.0987494354358109
72129	0-4	2	0.00278171527983282	0.00241941760158922	0.00222724711935357	0.00227431685013575	0.00202222744536493	0.00186098120780697	0.00170796734472501	0.00144381144269297	0.00148565617639528
72129	5-9	2	0.000171224235979829	0.00016318597478545	0.000157945136652323	0.00015783775588809	0.000140073356563021	0.000132066986265159	0.000117139692535742	0.000101933929820788	0.000104209939563499
72129	10-14	2	0.000173500471998359	0.000165355364559848	0.000160044855278806	0.000159936046297543	0.000141935478934853	0.0001338226546936	0.000118696933615693	0.000103289029105238	0.000105595286664729
72129	15-19	2	0.000349143313282351	0.000332752473619015	0.000322065915437115	0.000321847020837573	0.00028562359809683	0.000269297804917357	0.000238859440287544	0.000207853345548028	0.000212494428132245
72129	20-24	2	0.000556855056483661	0.000530712818174104	0.000513668593162336	0.00051331954536944	0.000455546111387138	0.000429507894486956	0.000380961068845712	0.000331508858174224	0.000338911044726622
72129	25-29	2	0.00077980075531069	0.000743191899194206	0.000719323753039587	0.000718835068757318	0.000637931148083311	0.000601468054731869	0.000533484795002612	0.000464233583828666	0.000474599371836067
72129	30-34	2	0.00107820597168007	0.00102758799345803	0.000994586255428823	0.000993910591962049	0.000882047308187846	0.000831631051053075	0.000737632460690742	0.000641881074874153	0.000656213611808811
72129	35-39	2	0.00147392086438595	0.0014047251623846	0.0013596112427273	0.00135868757387135	0.00120576903227647	0.00113684954502947	0.00100835225109351	0.000877458778404721	0.000897051735537992
72129	40-44	2	0.00189755803152932	0.00180847370270837	0.00175039296297191	0.00174920380589576	0.00155233299717423	0.001463604394649	0.0012981742574808	0.0011296592464633	0.0011548835626669
72129	45-49	2	0.00273770650983363	0.0026091798246852	0.00252538360904354	0.00252366782536315	0.00223963180636888	0.00211161831197604	0.00187294322822019	0.00162981785934003	0.00166621054309146
72129	50-54	2	0.00405500929162007	0.00386463961620399	0.00374052307487727	0.00373798145786051	0.00331727569746956	0.00312766584710123	0.00277414689778261	0.0024140367062544	0.00246794070301101
72129	55-59	2	0.00607107805487327	0.00578606073020312	0.00560023632915403	0.00559643151731222	0.00496655829972873	0.00468267774897058	0.00415339633867502	0.0036142461093043	0.00369494993326942
72129	60-64	2	0.00950637176311372	0.00906007839648368	0.00876910633644513	0.00876314921179465	0.00777686583438464	0.00733235199164529	0.00650357768044685	0.00565935149436786	0.00578572063266518
72129	65-69	2	0.0144298561293654	0.0137524211905746	0.0133107511913943	0.0133017098429227	0.0118046163180701	0.0111298828213803	0.00987187279197084	0.0085904089495385	0.00878222651844768
72129	70-74	2	0.0236939220707944	0.0225815662925521	0.0218563395291747	0.0218414929369429	0.0193832557329107	0.0182753395449166	0.016209679313422	0.0141055050206052	0.0144204699230172
72129	75-79	2	0.0382829311150621	0.0364856622218869	0.0353138919891726	0.0352899050797864	0.0313180646889009	0.0295279774907659	0.0261904331701024	0.0227906593523211	0.0232995517366592
72129	80-84	2	0.0680136460269889	0.0648206008676356	0.0627388222246311	0.0626962027704538	0.0556398078287928	0.0524595248228374	0.046530038101467	0.0404899873248437	0.0413940877421251
72129	85+	2	0.157134373205031	0.149757393774134	0.144947787513058	0.144849304292011	0.128546665307358	0.121199146623972	0.107500016895353	0.09354547474559	0.095634245308593
72131	0-4	2	0.00299475526746848	0.00273444847565924	0.00252484825543494	0.00260652952093739	0.00245579692240893	0.00226725610853846	0.00201901134663354	0.00166856947968872	0.0015517511535339
72131	5-9	2	0.00018971538824329	0.000182502397149051	0.000170244901329422	0.000166308816482269	0.000152188988953683	0.000139300914005158	0.000128649697308083	0.000113761836507267	0.000112049483673036
72131	10-14	2	0.000192237441634009	0.000184928544896727	0.000172508112292995	0.00016851971612855	0.00015421215741009	0.000141152750089785	0.000130359939841968	0.000115274158040815	0.000113539043501119
72131	15-19	2	0.000386848777165936	0.000372140742598302	0.000347146332858632	0.00033912025118278	0.000310328582049178	0.000284048439682401	0.000262329525886935	0.000231971689338	0.000228480015242908
72131	20-24	2	0.000616992259074892	0.000593534049826101	0.000553669832329134	0.000540868840809815	0.000494948510224033	0.000453033858749132	0.000418393971401064	0.00036997569305429	0.000364406733656263
72131	25-29	2	0.000864014912964746	0.000831164693332335	0.000775340100120348	0.000757414109942047	0.00069310896036721	0.000634412983916028	0.000585904582266438	0.000518101307665537	0.000510302680340307
72131	30-34	2	0.00119464620496666	0.00114922522316092	0.0010720381847039	0.00104725250330386	0.000958339935924846	0.000877182816519655	0.000810111648427773	0.00071636228995022	0.000705579402228773
72131	35-39	2	0.00163309609824547	0.00157100474636063	0.00146548873013913	0.00143160622268657	0.00131006174133815	0.00119911907684153	0.00110743205215889	0.000979275518662814	0.000964535262843849
72131	40-44	2	0.00210248371924701	0.00202254562770862	0.00188670179658934	0.00184308075001892	0.00168660175914497	0.00154377160053755	0.00142573182870536	0.00126074026585416	0.00124176326930182
72131	45-49	2	0.00303336340459562	0.00291803270167605	0.00272204329817361	0.00265910849055507	0.00243334802659813	0.00222727932908654	0.00205697715144903	0.00181893547297834	0.00179155629867755
72131	50-54	2	0.00449292786737593	0.00432210367036566	0.00403180941611201	0.00393859156692205	0.00360420203393141	0.00329897917289965	0.0030467324939544	0.0026941520983693	0.00265359919265172
72131	55-59	2	0.00672672074525137	0.00647096656265355	0.00603634405797292	0.00589678063753343	0.00539613844844127	0.00493916410141486	0.00456150542677275	0.00403362906040725	0.0039729137364709
72131	60-64	2	0.0105330066720251	0.0101325345859639	0.00945198285043607	0.00923344889309376	0.0084495213521101	0.00773396817602378	0.0071426123974461	0.00631603958315475	0.00622096859377072
72131	65-69	2	0.0159881988407349	0.0153803168089968	0.0143472981338231	0.0140155831478496	0.012825649115797	0.0117395019549576	0.0108418714679174	0.00958720414501775	0.00944289430982462
72131	70-74	2	0.0262527295477818	0.0252545812274911	0.0235583557956371	0.0230136758983038	0.021059796597222	0.0192763369861591	0.0178024236462127	0.015742247043564	0.0155052885871449
72131	75-79	2	0.0424172740125274	0.0408045314691196	0.0380638899530663	0.03718383589761	0.0340268994028251	0.0311453158605133	0.028763874736588	0.0254351911320902	0.0250523221406319
72131	80-84	2	0.0753587407806284	0.0724935306807678	0.0676244905304311	0.0660609781391723	0.0604523437293729	0.0553329042460313	0.0511020299296465	0.0451882788126902	0.0445080725840247
72131	85+	2	0.174104030347714	0.167484464584994	0.156235346293685	0.152623092477531	0.139665265471842	0.127837631996962	0.118062872006985	0.104400122169962	0.102828618957863
72133	0-4	2	0.00292111464892109	0.00283497650256045	0.00274094720725597	0.00254545491219858	0.00225113535024101	0.00217067571045256	0.0019622877348571	0.00160976018128541	0.00168695582573139
72133	5-9	2	0.000190255678924788	0.00018604568756867	0.000183091508646657	0.000175040182979336	0.000157341261093581	0.00014944608031723	0.000132926332590083	0.00011627552721017	0.000115289682348551
72133	10-14	2	0.000192785006401947	0.000188519005199024	0.000185525528310781	0.000177367207834433	0.000159432977769307	0.000151432809343577	0.000134693463263768	0.00011782129852477	0.000116822347281591
72133	15-19	2	0.000387950381548437	0.00037936583000437	0.00037334208043088	0.00035692452531427	0.000320834684166327	0.000304735646932805	0.000271050034191304	0.00023709733484604	0.000235087104520831
72133	20-24	2	0.000618749186064052	0.000605057533152307	0.000595450161699549	0.000569265304482132	0.000511704931353516	0.000486028447095321	0.000432302506614216	0.000378150683363688	0.000374944505755423
72133	25-29	2	0.000866475138354706	0.000847301761278845	0.000833847978136357	0.00079717952933759	0.000716574018226816	0.000680617526467347	0.000605381630551898	0.000529549234524864	0.000525059379923759
72133	30-34	2	0.00119804771786279	0.00117153742018267	0.00115293545718066	0.00110223505847681	0.000990784398831163	0.00094106850955755	0.000837041881279844	0.000732191005340878	0.000725983024544559
72133	35-39	2	0.00163774600029357	0.00160150588841311	0.00157607671505973	0.00150676842155582	0.00135441396811284	0.00128645187812525	0.00114424603432264	0.00100091346329086	0.000992427303662135
72133	40-44	2	0.00210846989356664	0.00206181323574808	0.00202907511704554	0.00193984611693406	0.00174370171120948	0.0016562058186231	0.00147312692949021	0.00128859735214966	0.001277671971268
72133	45-49	2	0.00304200023313529	0.00297468636791688	0.00292745332489919	0.00279871738684838	0.00251572948767144	0.00238949467773885	0.00212535683986373	0.001859126370303	0.00184336366679166
72133	50-54	2	0.00450572081655493	0.00440601788974639	0.00433605747450985	0.00414537655116177	0.00372622330398566	0.00353924833595009	0.00314801493881024	0.00275368207847506	0.00273033484585625
72133	55-59	2	0.00674587380894826	0.00659660126125613	0.00649185864538619	0.0062063753817994	0.00557882657613949	0.0052988908453658	0.00471314384919947	0.00412275644150351	0.00408780127578058
72133	60-64	2	0.0105629983487769	0.0103292611298726	0.0101652508687835	0.00971822801379726	0.00873558372116539	0.00829724576405189	0.00738005541909816	0.00645560003869597	0.0064008653783092
72133	65-69	2	0.0160337215564367	0.0156789282039163	0.0154299753954607	0.0147514345313367	0.0132598659017557	0.0125945079724461	0.0112022886707917	0.00979904432954933	0.00971596203430324
72133	70-74	2	0.0263274813015995	0.0257449043886726	0.0253361209735127	0.0242219536162096	0.0217727878250725	0.0206802644865283	0.0183942326234162	0.0160900905301631	0.0159536686693264
72133	75-79	2	0.0425380421135129	0.0415967525112582	0.0409362679797908	0.0391360754385384	0.035178892171946	0.0334136770636443	0.0297200725312231	0.0259972095048387	0.0257767791458284
72133	80-84	2	0.0755733148119018	0.073901010831475	0.0727275834588462	0.0695293439354114	0.0624989877743042	0.0593628974585777	0.0528008278010116	0.0461867658827444	0.0457951515188444
72133	85+	2	0.174599738107134	0.17073617535263	0.168025171814615	0.160636158936823	0.144393681211335	0.137148251452562	0.121987654106776	0.106706966883083	0.105802193156812
72135	0-4	2	0.00265605642518442	0.00240555732431576	0.00229558420993895	0.00215737050129092	0.00197150884432086	0.00179421356582145	0.00164725991736839	0.00122737972736614	0.00141504582389874
72135	5-9	2	0.000162694298295642	0.00015264550513071	0.000149202396508773	0.000140899029196649	0.00012866093293959	0.000118081498334078	0.000108233939820921	0.000100089197796254	0.000100555510996519
72135	10-14	2	0.000164857180615259	0.000154674793876702	0.000151185898843986	0.000142772180248073	0.000130371358861542	0.000119651265003924	0.00010967279119857	0.000101419760443439	0.000101892262776418
72135	15-19	2	0.000331750172260758	0.000311259520605338	0.000304238756544982	0.000287307217109325	0.000262352565544373	0.00024077993868913	0.000220699732194365	0.000204091860485709	0.000205042719137241
72135	20-24	2	0.000529114379782868	0.000496433276575838	0.00048523575783426	0.000458231223405301	0.000418430653953611	0.000384024140135783	0.000351997831170117	0.00032550968357068	0.000327026201332234
72135	25-29	2	0.000740953484408571	0.000695187730615363	0.000679507166169371	0.000641690969324553	0.000585955790508949	0.00053777403305493	0.000492925655649834	0.000455832613319615	0.000457956264383229
72135	30-34	2	0.0010244931123501	0.000961214077624708	0.000939533063954723	0.000887245553773261	0.000810182394300942	0.000743563025014967	0.000681552492887708	0.000630265435399103	0.000633201737462666
72135	35-39	2	0.00140049498870269	0.00131399136900154	0.00128435300200536	0.00121287492535508	0.0011075286590975	0.00101645924166517	0.000931690099205492	0.000861580077295635	0.000865594289644103
72135	40-44	2	0.00180302844023728	0.00169166132344065	0.00165350420714419	0.00156148172681842	0.0014258565334339	0.00130861142599884	0.00119947783462704	0.00110921673845301	0.00111438464337042
72135	45-49	2	0.00260132434285742	0.0024406490216095	0.0023855977708292	0.00225283166514567	0.00205715791042909	0.00188800181433525	0.00173054886345251	0.00160032472158784	0.00160778073069382
72135	50-54	2	0.00385300523287888	0.00361501774944398	0.00353347735990347	0.00333682737130491	0.00304700141285764	0.00279645241551025	0.00256323719660136	0.00237035284755959	0.0023813966181507
72135	55-59	2	0.00576864281251386	0.00541233295702777	0.00529025275017539	0.0049958322588337	0.00456190983656662	0.00418679251759729	0.0038376274888504	0.00354884417130603	0.00356537818823656
72135	60-64	2	0.00903280679432718	0.00847488021799528	0.00828372187205022	0.00782270496615495	0.00714325010624696	0.00655587284819053	0.00600913350432108	0.00555694364859207	0.00558283223839423
72135	65-69	2	0.0137110273616871	0.0128641421835916	0.0125739808174476	0.011874197647818	0.0108428435071235	0.00995125523058123	0.00912134988468867	0.00843496424296777	0.00847426093170536
72135	70-74	2	0.0225136018537222	0.0211230077988972	0.0206465595365994	0.0194975105592954	0.0178040204934196	0.0163400271502355	0.0149773174136052	0.0138502645452122	0.0139147899246236
72135	75-79	2	0.0363758604412018	0.0341290355693454	0.033359224086488	0.0315026728784065	0.0287664545794055	0.026401041699198	0.0241992740527434	0.0223782632296098	0.0224825133133103
72135	80-84	2	0.0646255392910865	0.0606338152468597	0.0592661587571005	0.0559677964003442	0.051106613481196	0.0469042080961293	0.0429925432974191	0.0397573246584446	0.0399425344240245
72135	85+	2	0.149306702665048	0.140084495833423	0.136924754735689	0.12930442081155	0.118073462556571	0.108364490680609	0.0993272158876013	0.0918527914612288	0.0922806851553958
72137	0-4	2	0.00275342251670281	0.00264435085797391	0.00254287447043311	0.00244991864085766	0.00221327917351736	0.0020040790510187	0.00187396099078028	0.00147796065962007	0.00165028120846846
72137	5-9	2	0.000172090327021905	0.000167614036927276	0.000161270677040432	0.000152519938716847	0.000139923813319232	0.000134909119684128	0.000122062014017523	0.000106148016052568	0.000110006424247271
72137	10-14	2	0.000174378126352006	0.000169842297379269	0.000163414597588683	0.000154547552061266	0.000141783953160763	0.000136702577946144	0.00012368468503129	0.000107559131931479	0.000111468819494605
72137	15-19	2	0.000350909424200147	0.000341781828893032	0.000328847050533747	0.000311003334592875	0.000285318624365305	0.0002750931908856	0.000248896607357837	0.000216446346295843	0.000224314054116015
72137	20-24	2	0.00055967175448488	0.000545113933809859	0.000524483950751127	0.000496024571547483	0.000455059560023973	0.000438750934325351	0.000396969507319412	0.00034521401522669	0.000357762363222534
72137	25-29	2	0.000783744949066856	0.000763358602422085	0.000734469126794869	0.000694615673059054	0.000637249789091834	0.000614411666430381	0.000555902478378644	0.000483425830305201	0.000500998148814907
72137	30-34	2	0.00108365910263924	0.00105547172154625	0.00101552720776918	0.000960422991899949	0.000881105147744435	0.000849527750946229	0.000768628709229394	0.000668417640788687	0.000692714369795275
72137	35-39	2	0.00148137546666762	0.00144284270501939	0.0013882377996138	0.0013129093359853	0.00120448091196239	0.00116131448232721	0.00105072458130116	0.000913734635356493	0.000946948745396706
72137	40-44	2	0.0019071555030445	0.00185754699138073	0.00178724722735635	0.00169026772559212	0.00155067463268026	0.00149510117287611	0.0013527253952038	0.00117636159023047	0.00121912206630746
72137	45-49	2	0.0027515535747196	0.00267998094510986	0.00257855556888296	0.00243863755994063	0.00223723908827575	0.00215706013517666	0.00195164711002756	0.00169719798136665	0.00175889086604661
72137	50-54	2	0.00407552040849203	0.00396950925038075	0.00381928040484966	0.0036120368789655	0.00331373154635781	0.00319497320620213	0.00289072092729339	0.00251383839495234	0.00260521636344694
72137	55-59	2	0.00610178752035951	0.00594306991388518	0.0057181505487115	0.00540786988539347	0.00496125213165541	0.00478344890618361	0.00432792878174245	0.00376366716085398	0.00390047645054145
72137	60-64	2	0.00955445949615493	0.00930593251997122	0.0089537435836307	0.00846789166502543	0.007768557617944	0.00749014359813112	0.00677686802439409	0.00589332189486044	0.00610754325275545
72137	65-69	2	0.0145028497577301	0.0141256072862904	0.0135910151632386	0.0128535341829791	0.0117920054682669	0.011369397905411	0.0102867041260199	0.00894555540677063	0.00927072579518753
72137	70-74	2	0.0238137798176004	0.0231943421640837	0.0223165372328531	0.0211055888798327	0.0193625511966547	0.0186686256252213	0.0168908363420792	0.0146886570393192	0.0152225867176005
72137	75-79	2	0.0384765915725711	0.0374757458128343	0.0360574505780552	0.034100886809291	0.0312846127499439	0.0301634206081384	0.0272909961669431	0.0237328760010116	0.0245955537460966
72137	80-84	2	0.0683577133690011	0.066579599471584	0.0640598437942159	0.0605837990874752	0.0555803891711625	0.0535884714274974	0.0484853115343304	0.042163933253029	0.0436965728264879
72137	85+	2	0.15792928712239	0.153821275795207	0.14799979691477	0.139968949441685	0.128409395461742	0.123807394846285	0.112017372850522	0.0974128756030524	0.100953770619671
72139	0-4	2	0.00234437958134647	0.00228445058743989	0.0022153299425282	0.0020435827376289	0.00177099862823329	0.00169986098978038	0.00162270224967945	0.0012079073680436	0.00133530235172743
72139	5-9	2	0.000152020947265342	0.000147458047639842	0.000143797774977639	0.000134816049985372	0.000118379779863387	0.000114214654832987	0.000107642947673076	9.74956252823243e-05	9.55891141579535e-05
72139	10-14	2	0.000154041955588657	0.000149418359317176	0.000145709409693353	0.000136608317325078	0.000119953538311261	0.000115733017559046	0.000109073935422116	9.87917083217248e-05	9.68598502715522e-05
72139	15-19	2	0.000309985964131596	0.000300681748165557	0.000293218108450701	0.000274903366881865	0.000241388141484641	0.000232895071232944	0.000219494709258159	0.000198803321901573	0.000194915730078652
72139	20-24	2	0.000494402129098134	0.000479562634748019	0.000467658729670746	0.000438448088212413	0.000384994012464974	0.000371448389257107	0.000350075932451526	0.00031707488637583	0.0003108744673349
72139	25-29	2	0.0006923434692606	0.000671562797260756	0.000654893075429711	0.000613987482913848	0.000539132259738154	0.000520163417574738	0.000490234315624568	0.000444020812789704	0.000435337911462274
72139	30-34	2	0.000957281412053622	0.000928548665134344	0.00090549998608387	0.000848940930511318	0.000745440986853507	0.000719213509443722	0.000677831403152487	0.000613933630209255	0.000601928049659638
72139	35-39	2	0.00130861546060617	0.00126933705374717	0.00123782906129525	0.0011605119510393	0.00101902627089393	0.000983173222433118	0.000926603480956772	0.00083925436892349	0.00082284271450856
72139	40-44	2	0.00168474068425048	0.00163417239083169	0.00159360817758222	0.00149406834250208	0.00131191643563602	0.00126575827693506	0.00119292931748871	0.00108047422050504	0.00105934535140689
72139	45-49	2	0.00243066380564883	0.00235770635126851	0.00229918209101541	0.00215557017807319	0.00189276993605993	0.00182617525262825	0.00172110095488955	0.00155885633530562	0.00152837264684523
72139	50-54	2	0.0036002278696006	0.00349216588533365	0.0034054812254856	0.00319276647369889	0.00280351435857696	0.00270487639134942	0.00254924334305519	0.00230893108592817	0.00226377968010727
72139	55-59	2	0.0053901887473981	0.0052284007153658	0.00509861852204339	0.00478014635647846	0.00419736491657004	0.00404968564611809	0.00381667519559615	0.00345688466258836	0.00338928435412608
72139	60-64	2	0.00844020591337774	0.00818687055477115	0.00798365180850163	0.00748497347907736	0.00657242796191948	0.0063411839483795	0.0059763243445265	0.00541294787173904	0.00530709623021774
72139	65-69	2	0.0128115076033012	0.0124269664530289	0.0121184985840413	0.0113615484919521	0.00997638277666561	0.00962537473481912	0.00907154763126033	0.00821638941890099	0.0080557155053817
72139	70-74	2	0.0210365845120447	0.020405163616628	0.0198986558515511	0.0186557374015356	0.0163812857155267	0.0158049283252764	0.014895541450497	0.0134913625788452	0.0132275335039405
72139	75-79	2	0.0339893977859865	0.0329691891247979	0.032150809507977	0.0301425922505285	0.0264676982044971	0.0255364640226392	0.0240671415430471	0.0217983727603865	0.0213720912802576
72139	80-84	2	0.0603857311436889	0.0585732195689274	0.0571192783963744	0.0535514676051276	0.0470226305991133	0.0453681917470806	0.0427577936911115	0.0387270844224395	0.037969751994094
72139	85+	2	0.139511342104426	0.135323853203704	0.131964755253691	0.123721885617087	0.108638082404415	0.104815782638456	0.0987848785724024	0.0894725992525116	0.0877228971336634
72141	0-4	2	0.00292677487454718	0.00276447484704128	0.00257798384777917	0.0024681288685675	0.00218191459869068	0.00202983411139616	0.0019418209111313	0.00135243651798741	0.00154582591586117
72141	5-9	2	0.000178688494300116	0.000173368621312837	0.000166329536366503	0.000164598209628347	0.000148041022298886	0.000136541572378148	0.000121271865400473	0.000106943986969016	0.000107588592537765
72141	10-14	2	0.000181063961463245	0.000175673355169054	0.000168540691545428	0.000166786351432305	0.000150009042954593	0.000138356721114423	0.000122884037946371	0.000108365686466132	0.000109018853062569
72141	15-19	2	0.000364363703156499	0.000353515975081037	0.000339162556560886	0.0003356322549865	0.000301870512725923	0.000278421911232198	0.000247285330730295	0.000218069363093839	0.000219383814148495
72141	20-24	2	0.000581130379008357	0.000563829071754231	0.000540936464744314	0.000535305917926601	0.000481458666278851	0.000444060080283257	0.000394399653728038	0.000347802591590886	0.000349899049772857
72141	25-29	2	0.000813795174694715	0.000789566909637292	0.000757508849317102	0.000749624109219396	0.000674218317696175	0.000621846511403227	0.000552303767580726	0.000487050797422465	0.000489986626663992
72141	30-34	2	0.00112520889790253	0.00109170926499497	0.00104738357852826	0.00103648164718565	0.000932220516747459	0.000859807679688815	0.000763652870794181	0.000673429746078754	0.000677489042172003
72141	35-39	2	0.00153817435892653	0.00149237975551522	0.00143178579932717	0.00141688262486324	0.00127435637479539	0.00117536722529453	0.00104392236403027	0.000920586178611119	0.000926135431219307
72141	40-44	2	0.00198027925229635	0.00192132198612498	0.00184331183698293	0.00182412513360723	0.0016406336853695	0.00151319278218042	0.00134396788989791	0.00118518229146677	0.00119232647554625
72141	45-49	2	0.00285705262221993	0.00277199206245312	0.00265944261629331	0.00263176075031425	0.00236702787839646	0.00218316198125436	0.00193901199845388	0.00170992389662189	0.00172023131874845
72141	50-54	2	0.00423178111757637	0.00410579235904728	0.00393908724609508	0.00389808516220618	0.00350597073148381	0.00323363397964676	0.00287200603797784	0.00253268725685135	0.00254795458382917
72141	55-59	2	0.00633573688285769	0.00614710943291511	0.00589752227667161	0.00583613533905208	0.0052490685772889	0.00484133078463506	0.00429990842036277	0.00379188731813045	0.00381474478387123
72141	60-64	2	0.00992078629776712	0.00962542454972412	0.00923460985159348	0.00913848827240602	0.00821923316510726	0.00758077721622507	0.00673299233518528	0.00593750913546495	0.00597330064919459
72141	65-69	2	0.0150589003165633	0.0146105672196884	0.0140173445565748	0.0138714406026137	0.0124760907599643	0.0115069706907078	0.0102201038371215	0.00901262843348568	0.00906695581733403
72141	70-74	2	0.0247268160301124	0.0239906472102584	0.0230165701424224	0.0227769945904837	0.0204858212994035	0.0188945203836261	0.016781477597948	0.0147987904987152	0.0148879962211319
72141	75-79	2	0.0399518057357496	0.0387623514912097	0.0371885062254654	0.0368014186836527	0.0330995069422949	0.0305283991605865	0.0271142988751315	0.023910819261523	0.0240549440422543
72141	80-84	2	0.070978581102015	0.0688653892544318	0.0660692824609625	0.0653815707726704	0.0588047310174464	0.0542368874349117	0.0481713846606285	0.0424800703091688	0.0427361263007829
72141	85+	2	0.163984371404336	0.159102209483946	0.152642271892877	0.151053428936319	0.135858722470448	0.125305453632705	0.111292083958634	0.0981432366877611	0.0987348123104743
72143	0-4	2	0.00268062687159639	0.00255460708606677	0.00237490010957045	0.00226851161136281	0.00195342657432595	0.00178703944414436	0.00175873177093575	0.00138885102289702	0.00150732089181496
72143	5-9	2	0.000175671518939929	0.000169632241861344	0.000160437652449152	0.000156805879084286	0.000138477785298014	0.000129159649924421	0.00011952594581362	0.00010409277903088	0.000102684809534544
72143	10-14	2	0.000178006909120118	0.000171887333313781	0.000162570517331915	0.000158890475577804	0.000140318720740431	0.000130876699001309	0.00012111491736775	0.000105476582582429	0.000104049895494586
72143	15-19	2	0.000358211988930139	0.000345897273515625	0.000327148475652363	0.000319742924270194	0.00028237006458317	0.000263369431095184	0.000243725325753676	0.000212255508673912	0.000209384507420869
72143	20-24	2	0.000571318876610548	0.000551677796616033	0.000521774864647544	0.000509963597255807	0.000450356890395327	0.000420052502619545	0.000388721763806126	0.000338529970391067	0.00033395093540698
72143	25-29	2	0.000800055491509335	0.000772550644964486	0.000730675516113796	0.000714135484413823	0.000630664309577166	0.0005882270010174	0.000544352629187316	0.000474065730896512	0.00046765338912629
72143	30-34	2	0.0011062115526825	0.00106818154422932	0.00101028202710287	0.00098741257151325	0.000871999602607733	0.00081332293800218	0.00075265909206972	0.000655475703801588	0.000646609559108383
72143	35-39	2	0.00151220493191045	0.00146021735427783	0.00138106774694328	0.00134980471237303	0.00119203364057235	0.00111182202307732	0.00102889386959811	0.000896042823685252	0.000883922814257855
72143	40-44	2	0.0019468460541336	0.00187991574226199	0.00177801659473079	0.00173776787274817	0.00153464984380526	0.00143138353036151	0.00132462015184926	0.00115358483224846	0.00113798113586852
72143	45-49	2	0.00280881720427481	0.00271225312117838	0.00256523757415236	0.00250716851060628	0.00221411933273638	0.00206513145803871	0.00191109816678898	0.00166433665680155	0.00164182442275964
72143	50-54	2	0.00416033714941086	0.00401730956506336	0.00379955401450803	0.00371354312321889	0.0032794872931101	0.00305881093667234	0.00283066121045895	0.00246516518255737	0.0024318208821793
72143	55-59	2	0.00622877330154493	0.00601463578575895	0.00568861664084164	0.00555984284888928	0.00490998215982905	0.00457958971535222	0.00423800868417781	0.00369079481157143	0.00364087213782417
72143	60-64	2	0.0097532987944804	0.00941799296678659	0.00890749742078747	0.00870585764233686	0.0076882762735535	0.0071709310273651	0.0066360673796006	0.00577921502600503	0.00570104310669556
72143	65-69	2	0.0148046704326596	0.0142957048571602	0.0135208169936561	0.0132147463166661	0.0116701452043239	0.0108848598574998	0.010072979964163	0.00877235124658165	0.00865369326702961
72143	70-74	2	0.0243093715134406	0.0234736427765188	0.0222012702299832	0.0216987006896338	0.0191624552068084	0.0178730108940204	0.016539899297392	0.0144042549965429	0.0142094174186429
72143	75-79	2	0.0392773300023595	0.037927014870766	0.0358712049223927	0.0350591891036186	0.0309613082733483	0.0288779209635328	0.0267239764996445	0.0232733558457665	0.0229585445667415
72143	80-84	2	0.0697803125504397	0.067381335278526	0.063728967744872	0.0622863264822546	0.0550060065351743	0.0513046500657376	0.0474779478129925	0.0413475570240496	0.0407882612357033
72143	85+	2	0.161215975216957	0.155673558152321	0.147235364347861	0.143902367668914	0.127082382692595	0.118530996545498	0.10969002274601	0.095526771898068	0.0942345998567454
72145	0-4	2	0.00316872555123274	0.00289427884621525	0.00272266468275948	0.00278192196973456	0.00241069224497332	0.00200579573920328	0.00192916942144157	0.00173593673513527	0.0015282217823766
72145	5-9	2	0.00018705693423425	0.000175684148401428	0.000167537653333073	0.000170244339157268	0.000151861826399079	0.000139675426821165	0.000126942378808382	0.000108871363582438	0.000109632485673565
72145	10-14	2	0.000189543654873549	0.000178019687154002	0.000169764893086418	0.000172507549129135	0.000153880654637323	0.000141532252814764	0.000128629930183684	0.000110318686809804	0.000111089927087924
72145	15-19	2	0.000381427947552639	0.000358237588507434	0.000341626034214816	0.000347145329821318	0.000309661527775567	0.000284812176059985	0.000258848152083736	0.000221999488247847	0.000223551527318528
72145	20-24	2	0.000608346456883243	0.000571359511316904	0.000544865352347825	0.000553668241090986	0.000493884600405646	0.000454251954917981	0.000412841428822744	0.00035407079493277	0.000356546173697822
72145	25-29	2	0.000851907610300243	0.000800112113928002	0.000763010563643618	0.000775337993311247	0.000691619077342637	0.000636118757646707	0.000578128960372825	0.000495828541744161	0.000499294989780145
72145	30-34	2	0.00117790576859925	0.00110628976871136	0.00105499061085608	0.0010720354283519	0.000956279951090598	0.000879541441729042	0.000799360582829861	0.000685566413787532	0.000690359401928408
72145	35-39	2	0.00161021181072476	0.00151231150756605	0.0014421847009544	0.00146548512054826	0.00130724589290888	0.00120234350687161	0.00109273534947532	0.000937177152823089	0.000943729366171157
72145	40-44	2	0.00207302217170101	0.00194698250750675	0.00185669954497654	0.00188669723131701	0.0016829765521036	0.00154792272782036	0.00140681088255514	0.00120654193362522	0.00121497731381167
72145	45-49	2	0.00299085792014606	0.00280901363522577	0.00267875755460952	0.00272203694906244	0.0024281182707407	0.00223326868253101	0.00202967898041026	0.0017407405613313	0.00175291089902428
72145	50-54	2	0.00442997034881671	0.00416062816301068	0.0039676962252116	0.00403179956897815	0.00359645590828716	0.00330785065703207	0.00300629938812288	0.00257833216379469	0.00259635869155681
72145	55-59	2	0.00663246305234478	0.00622920926333011	0.00594035542802275	0.0060363298743985	0.00538454107845443	0.00495244683973443	0.00450097038842693	0.00386022597090558	0.00388721473473492
72145	60-64	2	0.0103854140122535	0.00975398088520322	0.00930168094221077	0.00945196337823953	0.00843136310928683	0.00775476796747765	0.00704782481794549	0.00604451794395007	0.00608677768750044
72145	65-69	2	0.0157641677242881	0.0148057061393996	0.0141191538690956	0.0143472704662792	0.0127980867955903	0.0117710738385875	0.0106979922512311	0.00917505834273333	0.00923920502659395
72145	70-74	2	0.0258848703075697	0.0243110660526926	0.0231837409637932	0.0235583098061234	0.0210145404507312	0.0193281790818488	0.0175661728322633	0.0150655012004597	0.0151708306796604
72145	75-79	2	0.0418229107492088	0.0392800674791878	0.0374586156080769	0.0380638175237701	0.0339537787034485	0.0312290794739278	0.0283821562576575	0.0243417500605706	0.0245119268234017
72145	80-84	2	0.0743027920771888	0.0697851602991319	0.0665491544375981	0.0676243505975554	0.0603224322083754	0.0554817181336662	0.050423869850008	0.043245667504903	0.0435479984901172
72145	85+	2	0.171664446785463	0.161227214606227	0.153750957189094	0.156235022910304	0.13936513737842	0.128181445567782	0.116496095587556	0.0999120451707341	0.100610535259336
72147	0-4	2	0.00338005873776322	0.00328981511978554	0.00308692836431629	0.00273716038186074	0.00243634602498617	0.00248134008545005	0.00215465656690689	0.00136783515994944	0.00161001549320828
72147	5-9	2	0.000188995418726979	0.000187335047496163	0.000181619172050123	0.000172254835869666	0.000152147844602081	0.00013952356518606	0.000130099566150147	0.000116450619958496	0.000114097966045088
72147	10-14	2	0.000191507931333024	0.000189825449001822	0.000184033579779402	0.00017454479750998	0.000154170499792747	0.000141378392860419	0.000131829107093718	0.00011799870166036	0.000115614774361837
72147	15-19	2	0.000385380614329338	0.000381995119047567	0.000370339908101079	0.000351244924296525	0.000310244694612181	0.000284502415164875	0.000265285970625816	0.000237454457221036	0.000232657112804188
72147	20-24	2	0.000614650576371512	0.000609250999420534	0.000590661840461258	0.000560206742639605	0.000494814661866737	0.000453757854207987	0.000423109221483094	0.000378720278303857	0.00037106887389187
72147	25-29	2	0.000860735651717857	0.000853174260128128	0.000827142642239648	0.000784494305943117	0.000692921488600659	0.000635426830263221	0.000592507659583951	0.000530346910323763	0.000519632098127116
72147	30-34	2	0.00119011202428917	0.00117965732711913	0.00114366425766391	0.00108469554225062	0.000958080685450092	0.000878584620054996	0.000819241576583236	0.000733293993062218	0.000718478901626069
72147	35-39	2	0.00162689777305523	0.00161260600664149	0.00156340289563796	0.0014827916544609	0.00130970750368116	0.00120103545187948	0.00111991286733245	0.00100242146413312	0.000982169120513213
72147	40-44	2	0.00209450356916127	0.00207610376779902	0.00201275848020953	0.00190897771689564	0.0016861453494145	0.0015462384601628	0.00144179963024954	0.00129053873765712	0.00126446535517298
72147	45-49	2	0.00302184979235909	0.00299530361461253	0.00290391194268297	0.00275418157526646	0.00243268949976833	0.00223083831316067	0.00208015886520916	0.00186192705473453	0.00182430966660613
72147	50-54	2	0.00447587364271854	0.00443655475282332	0.00430118782393187	0.00407941067823493	0.00360322610874514	0.0033042501129535	0.00308106824515541	0.00275782977600211	0.00270211208681778
72147	55-59	2	0.00670118630186181	0.00664231945049913	0.00643965121143466	0.00610761106036303	0.00539467627285814	0.0049470551711191	0.00461291174278126	0.00412896554166052	0.00404554590191
72147	60-64	2	0.0104930250287135	0.0104008487518571	0.0100835018353278	0.00956357839549705	0.00844723285230856	0.0077463253842657	0.00722310777845946	0.00646532259663686	0.0063346999691025
72147	65-69	2	0.0159275074028415	0.0157875919056499	0.0153058873685616	0.0145166895214608	0.0128221734654831	0.0117582569630114	0.010964055405669	0.00981380239861606	0.00961552823338069
72147	70-74	2	0.0261530777094948	0.0259233326726158	0.02513236887451	0.0238365001876225	0.0210540932754049	0.0193071354230016	0.0180030515606214	0.0161143243853826	0.0157887571158377
72147	75-79	2	0.0422562547957737	0.0418850443498261	0.0406070597854236	0.0385132877064276	0.0340176770303788	0.0311950721001466	0.0290880299620486	0.0260363626309111	0.0255103260219471
72147	80-84	2	0.0750726801262166	0.0744131773941112	0.0721426992639285	0.068422893989621	0.0604359674809501	0.0554213112598286	0.0516779315124834	0.0462563215086702	0.0453217646039847
72147	85+	2	0.173443144409273	0.171919510572177	0.166673944435213	0.158079911826279	0.139627420962327	0.128041870070747	0.119393397726773	0.106867669686209	0.104708515459252
72149	0-4	2	0.00285506487614088	0.0026912516147341	0.00254766552542668	0.00250068760618687	0.00229059710116468	0.00221680048244859	0.00199245037156816	0.00156758402546839	0.00152369324978715
72149	5-9	2	0.000178709746309898	0.000172915913081602	0.000164914498612937	0.000159227682361906	0.0001425850681258	0.000132172233467718	0.000119974053249509	0.000108219022226435	0.000102766315928058
72149	10-14	2	0.000181085492426041	0.000175214629095837	0.000167106847937352	0.000161344448572252	0.00014448057047131	0.000133929296235457	0.000121568965580506	0.000109657657115602	0.000104132482525565
72149	15-19	2	0.000364407184797724	0.000352593004757816	0.000336277256770612	0.000324681189499316	0.000290745235056351	0.000269512357695495	0.000244638969051652	0.000220669359139731	0.00020955063800582
72149	20-24	2	0.000581199827421288	0.000562357067861356	0.000536334661797261	0.000517839789858669	0.000463714687750733	0.000429850036968449	0.000390178962887902	0.00035194944871178	0.000334215891285667
72149	25-29	2	0.00081389265635613	0.000787505755157623	0.000751064786543283	0.000725165194743275	0.00064937029660033	0.000601947296969526	0.000546393325312207	0.000492858034758957	0.000468024451288022
72149	30-34	2	0.00112534383159701	0.00108885951349532	0.00103847368335739	0.00100266306618781	0.000897863912753403	0.000832293645027522	0.000755480753185701	0.000681459356770612	0.000647122604895176
72149	35-39	2	0.00153835917537236	0.00148848446776721	0.00141960615133899	0.00137065232466692	0.00122739052632591	0.00113775524628426	0.00103275105849688	0.000931562917245185	0.000884624146075417
72149	40-44	2	0.00198051734238827	0.00191630728865589	0.00182763167560472	0.00176460735799334	0.00158016891504201	0.00146477035976772	0.00132958577916312	0.0011993140539101	0.00113888393889147
72149	45-49	2	0.00285739666371898	0.00276475755592598	0.00263682043852381	0.00254589166261528	0.00227979244122052	0.00211330057098892	0.00191826241556742	0.00173031277514139	0.00164312699591728
72149	50-54	2	0.00423229144725941	0.00409507751352223	0.00390558046421307	0.00377089862272397	0.0033767603074423	0.00313015745553164	0.00284127244049061	0.00256288696297441	0.00243374996107046
72149	55-59	2	0.00633650158960582	0.0061310678929256	0.00584735709122686	0.0056457146716725	0.00505561786024392	0.00468640845125627	0.00425389534784391	0.00383710208533661	0.0036437602756623
72149	60-64	2	0.0099219840642898	0.00960030716725079	0.00915606022645137	0.00884031953764243	0.00791631941502703	0.00733819286940143	0.00666094340372134	0.00600830906390756	0.0057055652322101
72149	65-69	2	0.0150607203939901	0.0145724422648188	0.0138981137574543	0.0134188470279145	0.0120162947230535	0.0111387495709903	0.0101107404415707	0.00912009710200977	0.00866055716696358
72149	70-74	2	0.0247298050710948	0.0239280458436063	0.0228207926825858	0.0220338340633967	0.0197308342581387	0.018289899437704	0.0166019031901779	0.0149752558647622	0.0142206879014544
72149	75-79	2	0.0399566372664724	0.0386612091805262	0.0368721876759792	0.0356006759053445	0.0318796557125251	0.0295515000539757	0.0268241582016174	0.0241959420922325	0.0229767578387731
72149	80-84	2	0.0709871593786941	0.068685687041873	0.0655072979445865	0.0632483220266206	0.0566375375623978	0.0525013235076203	0.0476559216949556	0.042986618499279	0.0408206143273523
72149	85+	2	0.164004184921388	0.15868705089874	0.151343910717412	0.146124897601509	0.130851765883737	0.121295719092784	0.110101192679747	0.0993135430914132	0.0943093360488021
72151	0-4	2	0.00280629560240231	0.00263276564996373	0.00246360594516957	0.00233595381013367	0.00206494694631051	0.00181299108453704	0.00174398946941808	0.00128919109998902	0.00153746740784043
72151	5-9	2	0.000173662907741045	0.000164613328160983	0.000156511355583754	0.000151833028474046	0.0001365777030536	0.00012154339104486	0.000115945864314521	0.000102536888149813	0.000102278537905921
72151	10-14	2	0.000175971550025981	0.000166801652477811	0.000158591978006184	0.000153851488203615	0.000138393350298193	0.000123159183940343	0.000117487226161398	0.000103899990095424	0.000103638202230268
72151	15-19	2	0.000354116211293877	0.00033566309519632	0.000319142297150658	0.000309602700089154	0.000278495595881098	0.000247838964484307	0.000236425123781655	0.000209082887423985	0.000208556099446268
72151	20-24	2	0.00056478655097063	0.00053535517914369	0.000509005736200836	0.000493790764322304	0.000444177456945614	0.00039528260639136	0.000377078547139716	0.000333469920688274	0.000332629733945702
72151	25-29	2	0.000790907870475916	0.000749693001537219	0.000712794093657749	0.00069148760787951	0.000622010911033359	0.000553540072841845	0.000528047900217372	0.000466979860608464	0.000465803274976749
72151	30-34	2	0.00109356372059941	0.00103657708785443	0.000985558061359618	0.000956098231925997	0.000860035028883953	0.000765362373912074	0.00073011514794446	0.000645678403398189	0.000644051577636821
72151	35-39	2	0.00149491523193475	0.00141701341963495	0.00134726951824648	0.00130699738794685	0.001175677826024	0.00104625914013974	0.000998075893512847	0.000882649786735517	0.000880426049691016
72151	40-44	2	0.00192458674963444	0.0018242939667892	0.00173450398161484	0.00168265665831494	0.00151359292581579	0.00134697628586466	0.00128494431292448	0.00113634221619111	0.00113347927684509
72151	45-49	2	0.00277670270092142	0.00263200494773478	0.0025024599654768	0.00242765672342221	0.00218373945939291	0.00194335254736334	0.0018538557831467	0.00163945995806719	0.00163532943736159
72151	50-54	2	0.00411276974538115	0.00389844784269716	0.0037065693809849	0.00359577253173637	0.00323448954804039	0.00287843527063991	0.00274587524305081	0.00242831839140209	0.00242220062609743
72151	55-59	2	0.00615755557666612	0.0058366779344229	0.00554940185481408	0.00538351930805669	0.00484261270750942	0.00430953454289018	0.00411106844212361	0.00363562848969878	0.00362646887973414
72151	60-64	2	0.00964178284505835	0.0091393377513321	0.00868950789342408	0.00842976181815985	0.00758278613866981	0.00674806633233578	0.00643729833760641	0.00569283259696768	0.00567848971138509
72151	65-69	2	0.0146353964290655	0.0138727278153691	0.0131899256481472	0.0127956551479166	0.0115100197076717	0.0102429874927074	0.00977126637435378	0.00864122980678229	0.00861945844928694
72151	70-74	2	0.0240314230440278	0.0227791117596475	0.021657943924669	0.0210105487832298	0.0188995271755051	0.0168190524748113	0.016044484614142	0.0141889540996409	0.0141532028941814
72151	75-79	2	0.0388282400115777	0.0368048412481092	0.0349933366608123	0.0339473207400495	0.0305364863801653	0.0271750099264867	0.0259235224449684	0.0229254906785013	0.0228677205945388
72151	80-84	2	0.0689824467237328	0.0653876655381547	0.062169334437413	0.0603109725549707	0.0542512620081774	0.0482792434286275	0.0460558473571449	0.0407295323945332	0.0406268995155606
72151	85+	2	0.159372609169323	0.15106747549845	0.143632047608358	0.139338590627304	0.125338626048014	0.111541247344946	0.106404450467996	0.0940988976179267	0.0938617839681774
72153	0-4	2	0.00323227074652128	0.00315351328560399	0.00289531095643116	0.00284117581962263	0.00259936802554397	0.00234676423447769	0.00211042016148377	0.0015572783859106	0.00170475322746456
72153	5-9	2	0.000192929797312737	0.000189112166750836	0.000173786785703771	0.000169330438790984	0.000156475906214377	0.000146485713795871	0.000131477931253473	0.000121207937557314	0.000120352865533543
72153	10-14	2	0.000195494580264728	0.000191626168863243	0.000176097078769773	0.000171581506755672	0.000158556060090365	0.000148433054342053	0.000133225776267242	0.000122819238012098	0.000121952794977704
72153	15-19	2	0.000393403148792872	0.000385618697233222	0.000354368521798873	0.000345281588894632	0.00031907001587648	0.000298698992137867	0.000268096534924216	0.00024715508198225	0.000245411501000945
72153	20-24	2	0.000627445861959565	0.000615030255945505	0.000565188539711157	0.000550695564142961	0.000508890304186361	0.000476400279059	0.000427591805472456	0.000394191992126259	0.000391411095048439
72153	25-29	2	0.000878653821506643	0.00086126729963822	0.000791470491532847	0.000771175112791695	0.000712632604650314	0.000667134599320426	0.000598784929403173	0.000552013033782947	0.000548118738340603
72153	30-34	2	0.00121488682091824	0.0011908471523261	0.00109434109096128	0.00106627926000218	0.000985334562244204	0.000922425984292545	0.00082792085108771	0.000763251102800734	0.00075786657035194
72153	35-39	2	0.00166076520999487	0.00162790252347664	0.00149597711337801	0.00145761608362793	0.0013469637840999	0.00126096711640426	0.00113177744087932	0.00104337310674631	0.00103601255616534
72153	40-44	2	0.00213810539341871	0.00209579698239195	0.00192595305798632	0.00187656624028232	0.00173411007289286	0.0016233959366985	0.00145707439595023	0.00134326090140768	0.0013337846462018
72153	45-49	2	0.0030847570368212	0.00302371661935311	0.00277867337674477	0.00270742012305533	0.00250189119279465	0.00234215798631987	0.00210219677427054	0.00193799240350099	0.00192432059745507
72153	50-54	2	0.00456905035534089	0.00447863950306729	0.00411568801889683	0.00401014905260829	0.00370572590046252	0.00346913388336188	0.00311371040325046	0.00287049568729176	0.00285024555270283
72153	55-59	2	0.00684068983035927	0.00670532941885629	0.00616192597441592	0.00600391556690761	0.0055481384836851	0.00519391697657528	0.00466178366749163	0.0042976473794876	0.00426732893089736
72153	60-64	2	0.0107114648115291	0.010499511680897	0.00964862551958181	0.00940120570200619	0.00868752995991142	0.00813287227471238	0.00729963288346081	0.00672945217885602	0.00668197760177922
72153	65-69	2	0.0162590826527122	0.0159373552606773	0.0146457838459144	0.0142702238979673	0.0131869264414339	0.0123450046838858	0.0110802155271136	0.0102147285403103	0.0101426667257756
72153	70-74	2	0.0266975239963691	0.0261692430717385	0.0240484722026174	0.0234317989757873	0.0216530169002147	0.0202705755640802	0.0181937870238766	0.0167726481418073	0.0166543197005381
72153	75-79	2	0.0431359296926942	0.0422823690197687	0.038855778763097	0.0378594019172047	0.0349853761539524	0.0327517318112777	0.0293962042588191	0.0271000359298773	0.0269088419662904
72153	80-84	2	0.0766355146248996	0.0751190663399884	0.0690313648679745	0.0672611928533668	0.0621551806017765	0.0581868753067419	0.052225437901215	0.048146044873303	0.0478063766458976
72153	85+	2	0.177053790218365	0.173550311992939	0.159485671858832	0.155395963386424	0.143599362395695	0.134431234020533	0.120658299761142	0.111233562525749	0.110448802318674
630	0-4	0	0.00282393435942038	0.00269774326500987	0.00256074570448575	0.00244438630446541	0.00214117331453236	0.00198320582254303	0.00188653067584674	0.00149223592327687	0.00157149481089506
630	5-9	0	0.000177340714414763	0.000170825907552821	0.000164347522929616	0.000159900174956884	0.00014214357324322	0.000132124850136211	0.0001222666419209	0.000108048524670316	0.000107411031216085
630	10-14	0	0.000179804486241562	0.000173229376860402	0.000166656597550205	0.000162151755777137	0.000144183212129749	0.000134010595026357	0.00012391120637065	0.000109488521010853	0.000108830158920142
630	15-19	0	0.000361276052340581	0.000348336615966508	0.000335373379112829	0.000326152563513591	0.000289895214396167	0.000269538916952896	0.000249411564380662	0.00022026593450135	0.00021903600109003
630	20-24	0	0.000575257040511668	0.000554056840840135	0.000533834885972	0.000519252763552146	0.000461571846180786	0.000429538832004458	0.000397585458001963	0.000351144022109998	0.000349282814897276
630	25-29	0	0.000804039641153646	0.000773892056546829	0.000745718915392393	0.000726321122096339	0.000645843427611991	0.000600613801237685	0.000556133978864729	0.000491210569147302	0.0004887885338079
630	30-34	0	0.00111267331650775	0.00107091157663083	0.0010313165391671	0.00100368938253176	0.000892523263759959	0.000830585371814143	0.000768817028784072	0.000679606372498631	0.000675780552410512
630	35-39	0	0.0015205867533753	0.00146347640342034	0.00140944884386402	0.001370621748235	0.00121879525507987	0.00113512101735484	0.00105150023116044	0.000928930130223436	0.000923993677529624
630	40-44	0	0.00195792621845558	0.00188708719245007	0.00181767039000103	0.00176659256056094	0.00156987308558724	0.00146105431353303	0.00135364064617299	0.00119698253010437	0.00119010724754241
630	45-49	0	0.00282311448116869	0.00272056215393718	0.00262196728492296	0.00254909763170858	0.00226449032400385	0.00210627955701473	0.00195106246552294	0.00172626187083367	0.00171807194871419
630	50-54	0	0.00418000948988152	0.00402906409946116	0.00388465142707913	0.0037819734323376	0.00336083325567073	0.00312399321017296	0.002890070231567	0.00255477298002068	0.00254407282096611
630	55-59	0	0.00626701803411581	0.00603002443448654	0.00581200932408007	0.00566101605089773	0.00503195097725566	0.00467835987240572	0.00433073926198679	0.00382517534491566	0.00380557074883517
630	60-64	0	0.0098334159018464	0.00944650326178271	0.00909756531615635	0.00886129912530999	0.0078826195294906	0.00733936671030178	0.00679273769223834	0.00599480701269095	0.0059609746955068
630	65-69	0	0.0149383087383617	0.014358490026018	0.0138229775346034	0.0134435124543565	0.0119505116810342	0.011134468059258	0.0103253316167313	0.00911515730958796	0.00905825808033625
630	70-74	0	0.0245248432506394	0.0235959282321506	0.022713016415837	0.022061444216948	0.0195908370981995	0.0182645941879766	0.0169466825414586	0.0149686270680471	0.0148859782052071
630	75-79	0	0.0396316157852176	0.0381372689907985	0.0367183180748174	0.0356379133998491	0.0316242548305705	0.029472328410186	0.0273572254032894	0.0241686073024784	0.0240621556371138
630	80-84	0	0.0703453223835815	0.0676667566639093	0.0651786423493254	0.0633298071754887	0.0561812639687743	0.0522633166644999	0.0484857135355047	0.0428875593610872	0.0427013842364917
630	85+	0	0.162611837909892	0.156394587830499	0.150587692157822	0.146079324110182	0.129567142826379	0.120599902664648	0.111883466769014	0.0989911654255887	0.0985408225537134
