reg_code	age	include_code	1980	1985	1990	1995	2000	2005	2010	2015	2020
72001	0-4	2	0.00349935343571362	0.00272286238741371	0.00269678804459139	0.00283506989189952	0.00229563547168701	0.00194426556212619	0.00199439139352677	0.00178530009307105	0.00185706089971684
72001	5-9	2	0.000168158791262599	0.000180619429166501	0.00018043413574482	0.000172182678503612	0.000151193445341362	0.00013739184765439	0.000127958713165206	0.000114936807261346	0.000116323370200842
72001	10-14	2	0.000250339801058202	0.000263584429132962	0.000263541998433184	0.000251402092870147	0.000211661030652067	0.000196775721817991	0.00017949572417978	0.000165020506973653	0.000167034761482018
72001	15-19	2	0.00113098952537512	0.00106219009328005	0.00108617319755658	0.00112223812969104	0.000958316952435297	0.000860170598028885	0.000763500760556789	0.000740378513583616	0.000721276469373313
72001	20-24	2	0.00194753765904823	0.00211668243944859	0.00211783275722407	0.00211211169474888	0.00180654063128545	0.00180080223199555	0.00146958626748656	0.00143548425200066	0.00146219822178406
72001	25-29	2	0.00243941451615185	0.00276550801847097	0.00276189386700137	0.00284214813761208	0.0022273169990521	0.00209602378316552	0.0019510145787427	0.00183069182522115	0.00182275534680068
72001	30-34	2	0.00284107498037852	0.00305990709490905	0.00316004786387067	0.00332742061145993	0.00256776710332125	0.00236546939133745	0.00220996317821818	0.00229737541731065	0.00199565381913999
72001	35-39	2	0.00339425070518868	0.00393693438528755	0.00401908184997622	0.00346744821459453	0.00306125103880777	0.00285401331740156	0.00265353682639832	0.00227281262710426	0.00236544471673507
72001	40-44	2	0.00418103643503514	0.00460684729338698	0.00473439813465054	0.00436663500370372	0.00356444453057115	0.00376232674196558	0.0029539303819477	0.00298174088247187	0.00292842198148223
72001	45-49	2	0.00578370819959809	0.00586848117479578	0.00581637903257208	0.00529778484773975	0.00446102838635033	0.00444156360071677	0.00403513844995026	0.00362993346095157	0.0040513645832144
72001	50-54	2	0.00773068286563762	0.00846900965222066	0.00808229163509059	0.00734779537128539	0.00617773125209218	0.00616644119872938	0.00538756984933108	0.00494972362332108	0.00535012385996338
72001	55-59	2	0.011117817877386	0.0122119515975761	0.0111909477497706	0.0109681789304749	0.0102869946598542	0.00815533157184325	0.00783968725241721	0.00736185271665605	0.00767711595553781
72001	60-64	2	0.0167160277671078	0.0210914148739018	0.020571730959464	0.0192348816382283	0.014696253947213	0.0122039141866612	0.0112238399183426	0.0124463854818515	0.00906310853371856
72001	65-69	2	0.0250025208372589	0.0280977858767911	0.0271500762774272	0.0262122091438143	0.0204029467942041	0.0187067480122844	0.0168489865440087	0.0137992388145724	0.0118780235462037
72001	70-74	2	0.0388106220533278	0.0370167109812297	0.0351468179905149	0.0345227736907268	0.0319466724771799	0.0309672585458487	0.0258736127242325	0.0206483796627404	0.0226560347127114
72001	75-79	2	0.0546572078194649	0.0573286745130384	0.0609704147487046	0.0509203414585237	0.0560956673142957	0.0409181582597268	0.0393781031239417	0.030112673972677	0.0341833341777481
72001	80-84	2	0.0819303187309604	0.0833002915555757	0.0917701412525904	0.0975309504464042	0.0808386263707287	0.0643152018004249	0.0681367429613851	0.0575954541614382	0.0467829684707071
72001	85+	2	0.172773846282659	0.157917914644261	0.150211800392884	0.148997297731035	0.161860632395095	0.143060502880138	0.116309413040802	0.12093873194949	0.104828167797725
72003	0-4	2	0.00318514101053224	0.00267732870823158	0.00260534417572868	0.00246968452640201	0.00209702143852077	0.00204562875297595	0.00200501328398638	0.0013785308559116	0.00178839650040859
72003	5-9	2	0.000175924780355092	0.000170994967613624	0.000183262832843407	0.000171965422192571	0.000141327982704254	0.000137725610417533	0.000119896059723885	0.00010844251967628	0.000113080596272392
72003	10-14	2	0.000264450796435965	0.000236644227645917	0.00024828669356151	0.000243639137420332	0.000196748710050171	0.000187737760436885	0.000174739413768898	0.000155241627152983	0.000161700898956345
72003	15-19	2	0.000965892616252712	0.00104475516016107	0.00105196558771202	0.000986249041888633	0.000895484480038395	0.0008135539631186	0.00072418901530187	0.000672712057313974	0.000679069390544394
72003	20-24	2	0.00178685837628057	0.00220250903309192	0.00204035535649502	0.00189399627942193	0.00165131345364764	0.00156123556170055	0.00143059474256552	0.00141966639964385	0.00141410508436838
72003	25-29	2	0.00242708250668047	0.00220750406240762	0.0024922510193249	0.00260534061900223	0.00203679103909282	0.00179341676980908	0.00195100704362838	0.00167619637538907	0.00168190172068164
72003	30-34	2	0.00274665636984224	0.0027516002026136	0.00265216977487723	0.00275748453322741	0.002387272815993	0.00199866569282423	0.00190602235892219	0.00184331466276262	0.00198219533847802
72003	35-39	2	0.00304234503994804	0.00334379583615374	0.00364392941402063	0.00341290631603419	0.003101340003187	0.00238523769649493	0.00244807936335772	0.00217488597334746	0.00245398308470652
72003	40-44	2	0.00380920170073963	0.00397965024257135	0.00465100346116807	0.00463830740311835	0.00346499184228651	0.00319034739298526	0.00304775828077758	0.00261771166057457	0.00301819461497909
72003	45-49	2	0.00532668688157488	0.00542745530202569	0.00504625741673616	0.00523351620859728	0.00422535258944638	0.00370699824472364	0.00366391444174804	0.0038898059192355	0.00345028826279816
72003	50-54	2	0.00822818552705427	0.00757697538941325	0.00918305126859849	0.00779036238884988	0.00648626139502113	0.00638288503445746	0.00570791621391578	0.0046824830077548	0.00550159354452087
72003	55-59	2	0.0100139560492749	0.0110045897144509	0.0106960429463109	0.0113812274696934	0.00851835700709525	0.00825184003445609	0.00797210913457776	0.00717293047383234	0.00646726637957027
72003	60-64	2	0.0169006862315443	0.0159756963397407	0.0166371882942962	0.0161586634091865	0.0139582086109459	0.0106945267578892	0.0125452168731603	0.00907322537411941	0.0122933670598934
72003	65-69	2	0.0242002362448309	0.021820195035755	0.0235372749033068	0.0241495630771249	0.0206487993246782	0.0205147964314958	0.0172102111099723	0.0143907705843996	0.0184350599566297
72003	70-74	2	0.0403847668529937	0.0349400298682602	0.0322662150454116	0.0366239400902916	0.0329198552504812	0.0268257513030666	0.0245328454132343	0.0231967980704858	0.021259541508396
72003	75-79	2	0.0480446297129474	0.0541389268073002	0.0494585964693422	0.0555420600041367	0.0478353806085932	0.0390196448531822	0.0415990867953198	0.030948844135614	0.0388149510834412
72003	80-84	2	0.078717603249817	0.0883407560357538	0.0859064858986613	0.0789007668366584	0.0659242777230778	0.0661317674568183	0.0661860883378007	0.0551011504256213	0.0587541917641197
72003	85+	2	0.159815102794249	0.161768035734242	0.169980109985625	0.145805356099444	0.162795719176791	0.163706284070813	0.132732991993925	0.117477026452538	0.113205342792957
72005	0-4	2	0.00426437405575237	0.00328114642948337	0.00341609346058705	0.002655792118624	0.00217344258933899	0.00218548845572817	0.00197326517849806	0.00156167761008569	0.00184894778436922
72005	5-9	2	0.000194985599700748	0.000186720941861331	0.00018691838180789	0.000187904329455605	0.000167565498124208	0.000149601963479151	0.000139370369829735	0.00012626809994818	0.00013382327858796
72005	10-14	2	0.000295830033522847	0.000283731119526964	0.000302494326105907	0.000276267822097896	0.000223122245460718	0.000216587494931404	0.000193810583753862	0.000183641895353318	0.000186396552202044
72005	15-19	2	0.00105348297751277	0.00107845128312651	0.00126242756354544	0.00127120179937419	0.00103894712161022	0.00096778337838874	0.000798925847881678	0.000759877381263074	0.00082433034613063
72005	20-24	2	0.00230083144718792	0.00216363000140707	0.00224333233278036	0.00237829992140179	0.00182708339363992	0.0017394054337155	0.00177678455319639	0.00160173190030211	0.00157699660265444
72005	25-29	2	0.00286168489090561	0.00332573216558989	0.00285229825164205	0.0028460677044496	0.00206918590361536	0.00245577415554921	0.00191743719337131	0.00182543583197115	0.00204841835174896
72005	30-34	2	0.00306450941154563	0.00326994200723864	0.00334747967603917	0.00376161674330795	0.00242435024142621	0.00232615501364237	0.0022147879615549	0.00233914807290342	0.00297135351533574
72005	35-39	2	0.00360185347095807	0.00463997410482125	0.0046081874032442	0.00433833945584263	0.00347818356955945	0.00339257808586181	0.00292084248211818	0.00287698310989718	0.00298832126821067
72005	40-44	2	0.00496314004099521	0.0057254708197049	0.00490215114196867	0.0056649083821337	0.00376675616652603	0.00445199402796871	0.00341213830148528	0.00310078555546484	0.00413455291732076
72005	45-49	2	0.00637588045974061	0.00647109583930933	0.00662232631874628	0.00684168639567646	0.00546894355041664	0.00554122657224663	0.00473576094045439	0.00421491014327273	0.00485867300139292
72005	50-54	2	0.00833422528732797	0.0084875365617877	0.00854442322791446	0.00867031349547357	0.007523494030192	0.00748330243129915	0.00692723464083496	0.00642535532845421	0.0073447987715164
72005	55-59	2	0.0125557761536364	0.0135326856105836	0.0129811013690717	0.0126958462680536	0.0116122752169851	0.00983146086940526	0.00939771606157587	0.0113053638867388	0.0088901439954461
72005	60-64	2	0.0177578400705088	0.0184589785885575	0.0207645300420529	0.0177251491213576	0.0163280799930288	0.0156041653843846	0.0143702660437109	0.0131348178274763	0.0124166607573679
72005	65-69	2	0.0270030371090582	0.0266508183067356	0.0263045667208136	0.0274048702521997	0.0235827772817544	0.0201793386751737	0.0206274160683746	0.020163210894115	0.0170085181526471
72005	70-74	2	0.0428873772920761	0.0397437658291569	0.0416964620741817	0.0369311310749525	0.0346510743145052	0.0318064899180853	0.0271458366926663	0.0274801889745376	0.0244458673457837
72005	75-79	2	0.0547944924622008	0.0584226584717085	0.0544170030567941	0.0612385192313467	0.053512699202004	0.050173204539511	0.0449862036957226	0.0357924533364023	0.0363167877625086
72005	80-84	2	0.0843055925143178	0.0890481708008989	0.089335985585224	0.0966582390893722	0.0912797616962662	0.0747861837603632	0.0700575439005784	0.0577081571687798	0.062282248574007
72005	85+	2	0.187335498274191	0.159049008004707	0.150209843031631	0.160533997638352	0.164896380611824	0.172442613348323	0.137712449798766	0.116662661401339	0.123134198920285
72007	0-4	2	0.00338803778322146	0.00300598341824963	0.00279629266912308	0.00278504137019568	0.00237869591869718	0.00235412570649976	0.00202972006749995	0.00187065118461652	0.00192306282870626
72007	5-9	2	0.000180534863215188	0.00019090388371692	0.000190262256854643	0.000178518533228439	0.000156769257878962	0.00014872932995937	0.000134838943538029	0.000124829544436798	0.000124725202356424
72007	10-14	2	0.000274673401986665	0.000265971100452951	0.000264940781056807	0.000271325656308829	0.000228846264916351	0.000217035932764605	0.000188767764597546	0.000174912128064289	0.000178819540704275
72007	15-19	2	0.0010847698343002	0.00112801048896176	0.00110703573037658	0.00119072801484905	0.000988833171167434	0.000894113681620894	0.000871396169771072	0.000739849736525508	0.000778025809378135
72007	20-24	2	0.00213727053616473	0.00216670257576004	0.00238068999737566	0.00228998550469143	0.00222938244922395	0.00190354105944431	0.00184036039187808	0.00185907189920411	0.00173288085322488
72007	25-29	2	0.00261029403577705	0.0029363734143311	0.00274513045710647	0.00280987313506216	0.00250060822606755	0.0024159015522466	0.00261292521807271	0.00198654895274573	0.0018427606753318
72007	30-34	2	0.0031327262550121	0.00312100712054647	0.00358650783874693	0.00370911980946774	0.00245611031838582	0.00285725683245113	0.00253001007688959	0.00237435554528484	0.00231942198126582
72007	35-39	2	0.00371189939423505	0.00356260330273392	0.0041745291909491	0.00402251932317142	0.00315754528550775	0.00310812089140143	0.00287468788976606	0.00284774932549288	0.0027880496386918
72007	40-44	2	0.00446119849963242	0.0045046431081216	0.00444495900621277	0.00443040226308569	0.00400770439110517	0.00391368608129717	0.00340852725246503	0.00362721821704146	0.00296785410430174
72007	45-49	2	0.00600193370541691	0.00617107948306119	0.00630941187793148	0.00555123618023118	0.00531331374951866	0.005349490274227	0.00462610448162589	0.00395629675163576	0.00416972799292822
72007	50-54	2	0.0091364091399005	0.00970625671778205	0.00793115919847287	0.00933167132756855	0.0063826965245227	0.00736437009845688	0.00673608130342924	0.00549420228069114	0.00588834020409025
72007	55-59	2	0.012614624978304	0.0125574476829762	0.0129852871077607	0.010552119521469	0.0105425198109751	0.00957651113259071	0.00811361070544825	0.00876196686025078	0.00930993092992132
72007	60-64	2	0.0152854530298093	0.0173100562535195	0.0155256509654331	0.0161707111668238	0.0142782666970928	0.013225038176955	0.0121195255680174	0.010812348616046	0.0128264592798935
72007	65-69	2	0.028434023248855	0.0243999081094615	0.0261147624952825	0.0214800547365209	0.022900938870638	0.0213192712125802	0.0144291607338716	0.0178043677418028	0.0148356785125991
72007	70-74	2	0.0402736312364775	0.0395013637704368	0.0450481643920741	0.0369704826597383	0.0271741360364522	0.0244303416119983	0.0237705541186474	0.0232119442774912	0.0225018217260987
72007	75-79	2	0.0575571467002458	0.0544457824741254	0.0505934320833002	0.0551274220486395	0.0488175175995571	0.043016576640112	0.034332025917138	0.0308855723161736	0.0363488362882693
72007	80-84	2	0.0819962039427459	0.0796134050707372	0.0806990754604755	0.0916960639263471	0.0775800206279592	0.0727373500817266	0.058976126425976	0.0601221075738707	0.0546176387676233
72007	85+	2	0.182359501077333	0.17981717671851	0.140600448741094	0.144456238499695	0.137624360543978	0.148906332900265	0.130498606067662	0.118443222671067	0.116746912039928
72009	0-4	2	0.00327829375063368	0.0035135422680586	0.00288614009189542	0.00296609833375564	0.00254501992897817	0.00244134561114312	0.00239000970217698	0.0019704135485693	0.00169914495143193
72009	5-9	2	0.000191540213625518	0.000178854893434509	0.000184695169524473	0.000190297290799027	0.000153126175802851	0.000144997220266598	0.000134154848279476	0.000121202874497149	0.000124313062697319
72009	10-14	2	0.000261112765868047	0.000266413407192407	0.000263659789426315	0.000254013505807014	0.000247976896300758	0.000207141012653785	0.000200567103479388	0.0001736735166627	0.000174395334780338
72009	15-19	2	0.00108346441966639	0.00114826862118201	0.00116198660440574	0.00110499947818757	0.000949753918857324	0.000945717224392381	0.000962806176067984	0.000770184198280934	0.000760234721218045
72009	20-24	2	0.0021449776642686	0.00216442352091428	0.00222081789256813	0.0023274964890168	0.00188953919276676	0.00179484117501541	0.00185766917848832	0.00181985029748836	0.001488367120809
72009	25-29	2	0.00262296338991643	0.00268513827736689	0.00282050663754342	0.00258010599627473	0.00228758627062582	0.00238351692318012	0.00222593866626244	0.0020456448921178	0.00192471973893801
72009	30-34	2	0.00292770187134676	0.00316017922423854	0.00335131051384053	0.00308292413373387	0.00279755030883977	0.0025907116573067	0.00267758080062782	0.00232504625328526	0.0021324381308249
72009	35-39	2	0.00372415480131883	0.00390696272519887	0.00462366388993771	0.0035613738744699	0.00316039461811507	0.00306509924656594	0.00278383611509074	0.00250333689911501	0.00282539684715154
72009	40-44	2	0.00412032493828314	0.00448953219393208	0.00452107623918712	0.00503885880120926	0.00378433718803097	0.00408287961290979	0.00329100893429766	0.0033055411445686	0.00322924474346836
72009	45-49	2	0.00618097085147189	0.00537095649441883	0.00575293998837537	0.00610498600300779	0.00467568792929561	0.00471460203035545	0.00502068533941169	0.00380795385636537	0.00409012236553392
72009	50-54	2	0.00984568350717827	0.00980861834135989	0.00878687696012247	0.00835957804754468	0.0064362725941535	0.00648428820058443	0.00636700147007013	0.00675015716993115	0.00548635644381997
72009	55-59	2	0.0129879572958269	0.0118659800023197	0.0102708823850857	0.0112344034129535	0.0120793630410246	0.00978705118725797	0.0080968966061606	0.00794299850775392	0.00869488826670148
72009	60-64	2	0.0184151511864916	0.0194862985712424	0.0160565715636109	0.0176059805548034	0.0132526711371624	0.0142536081925644	0.0128090448854518	0.0110303884896571	0.00943022038810277
72009	65-69	2	0.0274983932980672	0.0236818594161048	0.0239602358022848	0.0255447998402945	0.0209425242847983	0.020601640825029	0.0179868341224522	0.0157181789463565	0.0166725788895214
72009	70-74	2	0.038718062365487	0.0401631028519098	0.0357317925522274	0.0421257669484868	0.0353146967620903	0.0279580421976431	0.0255963053375767	0.0214022928960713	0.0202328506792027
72009	75-79	2	0.0504596311322549	0.0578108359905254	0.0530177155658214	0.049194583690412	0.0449553912168279	0.0427009843692995	0.0462012388138828	0.0340964377361293	0.028846415935059
72009	80-84	2	0.085699399804525	0.0861571268092728	0.0815823925402276	0.0802989040459429	0.0809434134573666	0.0763610535238039	0.0668394405799233	0.0635554255309865	0.0516484644035467
72009	85+	2	0.161929677728606	0.170413220753187	0.148830904917299	0.189520062387993	0.151754067395728	0.147110484789252	0.148499644262984	0.110793599563878	0.0927910438347623
72011	0-4	2	0.0035703497582446	0.00316525923655708	0.00324623936286206	0.00269864150704891	0.00236332179786822	0.00209884786527637	0.00213976139130538	0.00173403290228143	0.00190129259588419
72011	5-9	2	0.000177827918829788	0.00017855507944917	0.00020183970616305	0.000186328361234343	0.000156180603336237	0.000142352878097839	0.000131494859072241	0.000121215663704046	0.000126776283534777
72011	10-14	2	0.000253210023085805	0.000270889234090831	0.00027519182438315	0.000254605445497661	0.000223056583451057	0.000203255666300719	0.000192228193414097	0.000173767137209219	0.0001779465413736
72011	15-19	2	0.00104291878611016	0.00106791206358592	0.00121490370174453	0.00106946931951472	0.000896426957691552	0.000890440608969795	0.000846531258028135	0.00076426404796954	0.000774576191916592
72011	20-24	2	0.00222336417405441	0.00221598039194149	0.00218300903383289	0.0021259440263628	0.00206403871515022	0.00194472935338859	0.00173017545720501	0.00148116143009531	0.00149807271327834
72011	25-29	2	0.00258204085295468	0.00277746304648725	0.00317935516910089	0.00242513344660565	0.00237691518049357	0.00223625751603519	0.00192608169026204	0.00185425479219722	0.00181739751965208
72011	30-34	2	0.00275125538574062	0.00352792777398843	0.00362584227077658	0.00318211623243417	0.00271082908019869	0.00232539469493078	0.00212128004029739	0.0021841698851309	0.00221655917021685
72011	35-39	2	0.00351910878996353	0.00349549644610455	0.0040208432701013	0.00454354869258229	0.00294725591236332	0.0029451443462924	0.00242722842588684	0.00291163850601118	0.0025334137978166
72011	40-44	2	0.00461462431742451	0.00477853793712615	0.00500680793329869	0.00500801158541829	0.00375216596477597	0.0034862412970482	0.00330667510316298	0.00303121160485314	0.00356557237796595
72011	45-49	2	0.00589217873145757	0.00618478187501385	0.00713853573686455	0.00559965087026734	0.00534104478143212	0.00527943933353558	0.00414115111769862	0.00366822449238303	0.00376425797685259
72011	50-54	2	0.00764408564903649	0.0071524724456527	0.00823621236387898	0.00867720434615608	0.00731668569266281	0.00560399554161475	0.00715187511292891	0.00644204904877729	0.00639785563491942
72011	55-59	2	0.0113972404418843	0.0134364069668982	0.0127566595808921	0.0113221610886966	0.0105730032320854	0.00974149728600409	0.00867172580713724	0.00817369355287227	0.00835091633950022
72011	60-64	2	0.0179214158240868	0.0178947450926394	0.0193484707827738	0.0162238781728671	0.0145738034892124	0.0132593212528131	0.0121272775908364	0.0133959487263359	0.0110127732949728
72011	65-69	2	0.025569753228266	0.0266596395684524	0.0251027269099014	0.0262265556080018	0.0205489171798679	0.0173817035576584	0.0179401383309477	0.0161916021555643	0.0162684805182144
72011	70-74	2	0.038917224908011	0.0364641097278543	0.0369127362922766	0.040186297607502	0.0320521483762681	0.0251320962769061	0.0276130254937284	0.0223072178942809	0.0238215739997219
72011	75-79	2	0.057632675144367	0.0550652501146498	0.0573575109360237	0.0602364196639589	0.0482840348209714	0.0418044170099856	0.037012765055688	0.034768809483215	0.0381111175692292
72011	80-84	2	0.0881525033058008	0.0965844988513468	0.0950414086126752	0.093559289031201	0.079667353029937	0.0750306186548476	0.0765451658131023	0.065209057446134	0.0549938336158124
72011	85+	2	0.145923836823655	0.170084590540011	0.171407359304629	0.154947284398391	0.140372445269606	0.148890353906467	0.12768158910122	0.125688131600887	0.128295036427417
72013	0-4	2	0.00346867925907276	0.00472965819878256	0.00347966355204725	0.00295895454128653	0.00239399403382629	0.0023317817149772	0.00209326073204682	0.00186168547351672	0.00188236890569327
72013	5-9	2	0.000197372801370666	0.000190666944225745	0.000210968680808708	0.000180103815498532	0.000159906755442568	0.000156444513403546	0.000146928681079767	0.000129745425781201	0.000128316984193006
72013	10-14	2	0.000287576095109576	0.000319294295369012	0.000274516317206175	0.000282539298108128	0.000233179052582451	0.000219170892982954	0.000197520232170949	0.000175670416325837	0.000181734127219603
72013	15-19	2	0.00114068993693637	0.00111228890212876	0.00104326499372302	0.00130962756874803	0.000919041110947094	0.000942620520877542	0.000877971951724187	0.000738828212282363	0.000766790108950903
72013	20-24	2	0.00217922556888931	0.00227527937476874	0.00210488809063765	0.0023029694397053	0.00160417056601976	0.00180704062227915	0.00191002848822075	0.00164119276307069	0.00159444437307219
72013	25-29	2	0.00231833580726408	0.00265168736716426	0.0025541990066777	0.00299750292934425	0.00205702412651287	0.00248513534653701	0.0020253542997434	0.00204315702491983	0.00238951764857891
72013	30-34	2	0.00323463222728505	0.00285705891039769	0.00403856103247101	0.00363098668514235	0.00254072795658305	0.00243249971529995	0.00246667049966441	0.00283295123500753	0.00237762101356677
72013	35-39	2	0.00415210240312903	0.00408949629115183	0.00429528685901082	0.00416715473442445	0.00317619244210328	0.00314441425072613	0.00246751153746964	0.00259679385643319	0.00250669283236543
72013	40-44	2	0.00446248045065486	0.0051057047736816	0.00501502492800957	0.00503297365189485	0.00352815612197368	0.00369174467021151	0.00368942022382878	0.00304918521619266	0.00324657180553853
72013	45-49	2	0.00614960180245996	0.00562965543476635	0.00739582929914965	0.00680554734978696	0.00524885475114334	0.00501470406047944	0.00403834691140052	0.00395091943207792	0.00432372735456583
72013	50-54	2	0.0097022372125816	0.00832178123994631	0.00880768031401754	0.0097521312942172	0.00787165484255963	0.00782771752540358	0.00606080927189701	0.00574409659552819	0.00597400730504605
72013	55-59	2	0.0128921018077846	0.0143182582724555	0.0116797072847798	0.0120139638564761	0.0115834205196617	0.0113266036688663	0.0099357704718392	0.00833366207683465	0.00828465098802881
72013	60-64	2	0.0179627664782978	0.0195259889913937	0.0194628523755531	0.0200087175438014	0.0176694165198619	0.015637406184066	0.0134802909483037	0.0117246929301191	0.0132439417181123
72013	65-69	2	0.0282025347886885	0.0283084757546512	0.0284374381015948	0.0266462899790349	0.0254119013782803	0.0221628697127227	0.0193118243002783	0.0188268130046029	0.0177159201490524
72013	70-74	2	0.0443619752590349	0.0424253169512918	0.0441694394353551	0.0427928602995431	0.0354963484096837	0.0335125332984854	0.0298989094635263	0.0239919120007844	0.0270427592960333
72013	75-79	2	0.0557892662156945	0.0626929918698081	0.0580282536649033	0.0642950006008306	0.0564536558578587	0.0510905153927292	0.0444545079641057	0.0359647919517723	0.04150564552234
72013	80-84	2	0.0960593036041878	0.0858347757883308	0.0877614991865306	0.0933026131704017	0.0842761543408335	0.076199245146497	0.0721485884420137	0.0636473084091144	0.0571306161443281
72013	85+	2	0.171798067616795	0.172206812807119	0.164260246615616	0.152756540633697	0.150352190627537	0.140551432713123	0.151858298801658	0.130192201128717	0.126583057464612
72015	0-4	2	0.00386364402045415	0.00344288673024713	0.00339079547459729	0.00317244255359681	0.00246346438877491	0.00227835929341291	0.00226326173519191	0.00221724752481902	0.00215484820136488
72015	5-9	2	0.000201320533946679	0.000218147337518436	0.000204795748217616	0.000210557867649952	0.000172263395905098	0.0001622395238699	0.000152482521132368	0.000135434461066072	0.000138507632153007
72015	10-14	2	0.000293634945874227	0.000311027224103849	0.000311462555589338	0.000288173076702532	0.000251988628363722	0.000232511217770928	0.000218623589858005	0.000198598923177789	0.000198933994936739
72015	15-19	2	0.00122678297592482	0.00128685254591843	0.00131016345523791	0.00139776267448132	0.001083867839601	0.00107158122701052	0.000945518207999974	0.000836534914046563	0.000860621348954739
72015	20-24	2	0.0024863980718316	0.0023710470278758	0.00259161837998988	0.00263852809363893	0.00224699937689037	0.00219413852919433	0.00204172236169119	0.00187021710029414	0.00167591916389547
72015	25-29	2	0.00286299539239092	0.00312102853228161	0.00311904817970358	0.00354705368651737	0.00272774370831684	0.00257135426517827	0.00239262321501036	0.00247827432343118	0.00225602182801842
72015	30-34	2	0.00335428295075718	0.0033374468059308	0.00358956317970205	0.00373558305033739	0.00326620525351691	0.00315499123248976	0.0027438007082666	0.00249441589627391	0.00239234589528364
72015	35-39	2	0.00420004363209791	0.00421684135509132	0.00486489612380878	0.00421937735765399	0.00370346587055169	0.0035021240669194	0.00315122789032464	0.00304940623240148	0.0030010940231708
72015	40-44	2	0.00478978117966357	0.00527747996516157	0.00535143569974378	0.00512454111233321	0.00466587157027093	0.00419713793444104	0.00393789641689052	0.00383761346076128	0.00400132827973586
72015	45-49	2	0.00697658670049126	0.00691221511519522	0.00674237109110017	0.00690409635149141	0.00579114880268029	0.00549053353730898	0.00509364546484534	0.00417200740362902	0.00544109536230975
72015	50-54	2	0.0106932911755236	0.00961451786711915	0.00962518160377983	0.00922795404565993	0.00773168039756066	0.00815791301649434	0.006812155649135	0.00587239861196806	0.00574610026294647
72015	55-59	2	0.0129061983796941	0.0131036467694654	0.0139448427239816	0.012928271930498	0.0106709924993058	0.0117682963446683	0.0101961277459815	0.00860008122339444	0.00965372426281211
72015	60-64	2	0.0217259357488272	0.0199795385648466	0.0194482914290915	0.019224717236775	0.0176907161168249	0.0155455939317114	0.0135527651597572	0.0114422193587983	0.0136596856281777
72015	65-69	2	0.0291964441855404	0.0326286900453302	0.0302806955982422	0.0275068314275694	0.0233080239216701	0.022478034624995	0.0201948504428714	0.0182872771624293	0.0167077401267974
72015	70-74	2	0.0449183981228496	0.0468627126394787	0.0383745933993998	0.0418361740546732	0.0360118324592685	0.0299187691469088	0.0335384298691332	0.0224695535793554	0.0254532266443061
72015	75-79	2	0.058490687434786	0.0605358279433831	0.0646764479722415	0.0602287851761304	0.0531298571701771	0.0455024388640484	0.0484269015843487	0.0443569785989471	0.0402767478717187
72015	80-84	2	0.0967890643184136	0.108680374977678	0.098661470897208	0.110002778362481	0.0908600542933885	0.0834419181125102	0.0722708198319687	0.0626134564438945	0.054864339548385
72015	85+	2	0.181341351166565	0.146480035383603	0.153187152488232	0.181654399735074	0.153948405564418	0.153883457833174	0.163819962083834	0.134179289416008	0.123964994208488
72017	0-4	2	0.00360979722325169	0.00300036834750512	0.00274120243271554	0.00291764760498698	0.00229618211565532	0.00212926723859179	0.00229436685782026	0.00187030287548876	0.00198906246906178
72017	5-9	2	0.000192912176107065	0.000192333386590492	0.000194278228507318	0.000192743617397191	0.000163303795156745	0.000152787868950403	0.000143424184487804	0.000127780401087049	0.000132836388107508
72017	10-14	2	0.000287027212136333	0.000280669143448622	0.000283868607603655	0.000300498371864608	0.000233919000428345	0.000223398582019116	0.00020508053798274	0.000187153905687565	0.000190518795692756
72017	15-19	2	0.0011955097017266	0.00118621820400969	0.00119694002037069	0.00131723076082437	0.0010737618963227	0.00104865639058806	0.000877656818070457	0.000821466521755113	0.00084374306453862
72017	20-24	2	0.00251109015362908	0.0024107422949232	0.00233038999957197	0.00269822790519052	0.00195163257364243	0.0021076527793595	0.00187339866903681	0.00162546334896239	0.00176875642170129
72017	25-29	2	0.00293976594236054	0.0029622791135815	0.00295156947818557	0.0028843479443687	0.0023774195150523	0.00246722847152514	0.00236749682386505	0.00203776538196608	0.00236476463278327
72017	30-34	2	0.00320675993042325	0.00343994874522224	0.00337675734286929	0.00408931396846827	0.00278024775840599	0.0026572609799731	0.00261656418014247	0.00217385750047087	0.00262538791977551
72017	35-39	2	0.00422844689846841	0.00432655187997446	0.00512121803438848	0.00480199333992962	0.00370732743277044	0.00288079642893036	0.00270197871718204	0.00249794336015134	0.00281375435175993
72017	40-44	2	0.00488994129616145	0.00537367059789827	0.00550011155480421	0.00492952031474308	0.00427773958380744	0.00393152326913525	0.00341685986972043	0.00319164355981728	0.00338258419872308
72017	45-49	2	0.00656577499905694	0.00603457614479893	0.00631654830323968	0.00755138473602372	0.00555564377113875	0.004649981753838	0.00509386459877349	0.0042396346828543	0.0039591854178763
72017	50-54	2	0.00991552647320856	0.00810928326281834	0.00876951586290134	0.010163935395894	0.00812330370597113	0.00805861138583575	0.00610576762375137	0.00542495860967993	0.00597202240870731
72017	55-59	2	0.0137377681694443	0.0121338018560163	0.0124028299433705	0.0127051036526772	0.0111009816298278	0.0107389671286348	0.00973249193271228	0.00821628822731654	0.00746231667372818
72017	60-64	2	0.0201485275590193	0.0184667035204823	0.01899634259005	0.0233500119133622	0.0173407249416652	0.0149023826017707	0.0127532524178901	0.0132690453788079	0.0121414852890299
72017	65-69	2	0.0307388375181105	0.0226474465254247	0.025629756044714	0.0222773097414402	0.02175185512148	0.02208077420922	0.0182649679168646	0.017201767611104	0.0193395237430813
72017	70-74	2	0.0337167485228934	0.0386853351906258	0.0409872180375885	0.0403698609133986	0.0339084997130199	0.0324208745915654	0.0267634338795845	0.0277747372792563	0.0267449442639891
72017	75-79	2	0.0632633289584314	0.0549448324603176	0.0593553404099411	0.0580421122235324	0.0516164392492347	0.0413284784761502	0.0422490297985935	0.0364372277858941	0.0462144720603711
72017	80-84	2	0.0875764437292903	0.0844741909675933	0.084166254796894	0.0840507184309511	0.0738727854644157	0.0722096994311643	0.0772499641105881	0.0567037065857524	0.0692815559783954
72017	85+	2	0.176794744536296	0.160629828135576	0.180740889308997	0.162542582638879	0.177241513780706	0.133508392095345	0.142389493263514	0.145489914765296	0.140194834937526
72019	0-4	2	0.0035285203972304	0.00320431629679884	0.0030276472844553	0.00296251156543593	0.00265820959922746	0.0024251700503304	0.00210652097697182	0.00179106400715845	0.00200506212295752
72019	5-9	2	0.000186365129576306	0.000192748089926247	0.000186643125624105	0.000186001331536132	0.000155065632064167	0.0001492881374411	0.000137865426646182	0.000127149338767773	0.000127882268169603
72019	10-14	2	0.000281849096013785	0.000263056508724802	0.000289399242356794	0.000258868700670348	0.000240026778996583	0.000207929791400545	0.000192668043384405	0.00017816077896853	0.000179235485881641
72019	15-19	2	0.00114925678047734	0.00111809120381491	0.00126818882776253	0.0011128616389002	0.00096085937559493	0.000892970536834701	0.000901230642222803	0.000775094813746974	0.000772448323376223
72019	20-24	2	0.00221593763502132	0.00218127832852592	0.0022659136187476	0.00229620655166557	0.00201388580626419	0.00202360679552239	0.00171192947299236	0.00155607380831674	0.00156592560252478
72019	25-29	2	0.00266776610365071	0.00260643509688049	0.00293815073526488	0.0027250353718267	0.00230760346943714	0.00239517486894109	0.00219684975733589	0.00181401287859005	0.00197399110450061
72019	30-34	2	0.00296823064732162	0.00347142477550178	0.00364251925775663	0.00308710281734274	0.00277590514746274	0.00266477173100187	0.00247202193959197	0.00231117672962348	0.00258019012125017
72019	35-39	2	0.00366179177362409	0.00381209173579677	0.0042787749227563	0.00404452838072627	0.00352048146446063	0.0030454486475007	0.00282991770497469	0.00236546116217331	0.00272882271529302
72019	40-44	2	0.00442366452938126	0.00413155565034184	0.0050093910658141	0.0050612662386031	0.0043770363294759	0.00351676535480877	0.00332476971373981	0.00309802046844275	0.00307100713851315
72019	45-49	2	0.0060057208115396	0.00641126804219785	0.00715759710831792	0.00607438729871512	0.00501137483183048	0.00538783316331256	0.00494337409221626	0.00412888348377968	0.00397369027108435
72019	50-54	2	0.010283462415624	0.00948459246574431	0.00896609985560806	0.00755060934818855	0.0073206747380006	0.0065273188285374	0.00672807123606046	0.00570856812194603	0.00596275078226373
72019	55-59	2	0.0115583980226832	0.0132079335610418	0.0141899559510779	0.0122107958025957	0.0101113222983955	0.00843304388919282	0.00906542862124829	0.0082357792328283	0.00886341403634548
72019	60-64	2	0.0178101856031427	0.0190238683670877	0.0178277267175322	0.0169974640710509	0.013729135149225	0.0144359211254704	0.0127239388312029	0.0108363050134341	0.0116671528507058
72019	65-69	2	0.0256420905585255	0.0249251508498126	0.0248128966471727	0.0283929776269853	0.0184678942120237	0.0211714613679705	0.018679625819406	0.0163847149752549	0.0161081887165443
72019	70-74	2	0.0362427747303701	0.0373642550862046	0.0387939786425816	0.0404207544062726	0.034438502517263	0.029195205211173	0.0278860534909891	0.0233729099270457	0.0225867729786208
72019	75-79	2	0.0544443092851946	0.0555180978088818	0.0512213168247657	0.0643852216632086	0.0488590609123492	0.0421299369212858	0.044764182893385	0.0336960394789821	0.0351418258430374
72019	80-84	2	0.107607906001535	0.0921619821066898	0.0983062609690853	0.10924650105147	0.0786091271810819	0.0708955987498416	0.0650862363115126	0.060756546990615	0.0575607253096738
72019	85+	2	0.16062906174174	0.163315444726624	0.165115917159476	0.196999005885974	0.150827964624545	0.163407809577485	0.15413367174552	0.119406652718333	0.100541504953337
72021	0-4	2	0.00375290866402408	0.00287939125047984	0.00328559341923305	0.00302397607542385	0.00228663012278375	0.00212929928729865	0.00192175932758584	0.00176570609326368	0.00214081639220185
72021	5-9	2	0.000188684971918789	0.000205135731738147	0.000198030849462562	0.000207314911617631	0.000168194318912885	0.000155745833756635	0.000139501377810602	0.000126020564201724	0.000131592599634465
72021	10-14	2	0.00031764431080236	0.000249496618507214	0.000317841119210871	0.000283440184648614	0.000264297551858659	0.000211828766544071	0.000177149426456433	0.000178626246503946	0.000179245517351921
72021	15-19	2	0.00107039999872792	0.00118179807793167	0.00157443040382131	0.00135886149621309	0.00098521898730117	0.000920207157705121	0.000956659732033936	0.000790838764615343	0.000712643385578559
72021	20-24	2	0.00175208182845159	0.00225115637722749	0.00257500954453312	0.00294770008025797	0.00222304104010529	0.00234474520079964	0.00206132287020418	0.00200070043206754	0.00149543496527614
72021	25-29	2	0.00227552391832952	0.00284301288208045	0.00358243109320372	0.00286704733084672	0.00238819894884168	0.00258680045156348	0.00236966258789662	0.00220467039624	0.00230619518189175
72021	30-34	2	0.00234364688634096	0.00330228014069148	0.00569992718917964	0.00404487788891143	0.00244152447761432	0.00277958860780293	0.00232628542502124	0.00236447108068437	0.00267655183128007
72021	35-39	2	0.00314262035348934	0.00421508379144215	0.00660519524696217	0.00535246700544924	0.0035338917569015	0.00321324555356968	0.0027940223507629	0.00285070817203958	0.0031892607180654
72021	40-44	2	0.00367686090899748	0.00470998509275573	0.00714075361328498	0.00579456579414596	0.00417632731218084	0.0038962602607973	0.0033567551009848	0.00340994869692204	0.00408087779927549
72021	45-49	2	0.00499919976607682	0.00583814483628899	0.00744546965001058	0.00701197726402865	0.00637062696560443	0.00589393064150636	0.00479560634286708	0.00412679074673965	0.0051475878002062
72021	50-54	2	0.00822214962431175	0.00856336702261045	0.00785573822560935	0.00904032601446352	0.00836191956705288	0.00760657331206515	0.00603084425205846	0.00642063245709515	0.0065621154261127
72021	55-59	2	0.0111302674479644	0.0109056314162973	0.011387809899324	0.0112145104473404	0.0108945406112258	0.0100870358563978	0.0096719083408449	0.00954404200027241	0.00941947459601115
72021	60-64	2	0.0185162805133046	0.018623091744044	0.0165442210642103	0.0168042919621626	0.0147686747814854	0.0146246370014024	0.0141966235356597	0.0119695510930074	0.0134846951280791
72021	65-69	2	0.0258499489747166	0.0256925851296339	0.0253727968606723	0.0214500391790324	0.0212104778796969	0.0188932030807599	0.0170998084286787	0.0166388378055002	0.0167342313208489
72021	70-74	2	0.0416440916587983	0.0389978911982449	0.039252266573538	0.0366835234129127	0.0316235710653379	0.0278504784630549	0.026044447136251	0.0223770956934793	0.0262273240333749
72021	75-79	2	0.0597753917537582	0.0575630460672086	0.0524440943345013	0.0538250616962561	0.0504014517287689	0.045495749030446	0.038661182083061	0.035965159019681	0.0379385287669251
72021	80-84	2	0.0974367205701192	0.0914964087458926	0.101415906733875	0.0929087290059312	0.0753547871387162	0.066339487284535	0.067405071441266	0.0555736595355163	0.0609531348398956
72021	85+	2	0.173398682798598	0.165158498976547	0.152891634985587	0.160347744617214	0.160840575500439	0.150494653354176	0.131003992571507	0.123584741184118	0.119849424326664
72023	0-4	2	0.00330158148277865	0.00301254829314327	0.00264487715971064	0.00285983387219635	0.00257399309924438	0.00218439849191758	0.00228973672542184	0.00144971984034583	0.00165146432495797
72023	5-9	2	0.000166800601702127	0.000166094162481772	0.000173579904833488	0.000170002157756296	0.000145899712389681	0.000133187445181295	0.000132277903457677	0.000114555625489036	0.000115127681325712
72023	10-14	2	0.000236985739519534	0.000251286125029554	0.000246597437252403	0.000252608404260755	0.000203686215096933	0.000193453327734612	0.00018429664320289	0.000160082856295701	0.000167838591648019
72023	15-19	2	0.00106720985929487	0.00105258855240985	0.00106953862046381	0.00111494400083409	0.000909694052366265	0.00081801057340352	0.000736908307601205	0.000706745993196906	0.000731398374729253
72023	20-24	2	0.0020032785575124	0.00205734356841324	0.00199043670185263	0.00199945509346579	0.00163763797047105	0.00162216806493289	0.00155959716934552	0.00149052039214255	0.001474273493537
72023	25-29	2	0.00258615506082467	0.00251196652144246	0.00249112271011349	0.00231141912414947	0.00197810632331737	0.00197061145077716	0.00198049044961448	0.00195308465287759	0.00207970183031589
72023	30-34	2	0.0028301319722624	0.00293386007924887	0.00338102480092222	0.00308579544916789	0.00244154022883585	0.00224390528558966	0.00225936895122896	0.00187097310350764	0.00208925895594116
72023	35-39	2	0.00348663540932644	0.00399201286310624	0.00321732219744361	0.0035636823874904	0.00296827634748182	0.0025458416959146	0.00246058241217242	0.0024843332530965	0.00276147156651736
72023	40-44	2	0.00382412058259375	0.00486275234280626	0.00481638248271081	0.00440064447985057	0.00351314733068282	0.00310956487898162	0.00295286230864032	0.00268541227386358	0.00263854591678159
72023	45-49	2	0.00543357461776294	0.00574865889388756	0.00628947975168183	0.00744091382965076	0.00447106978165158	0.00392595834902603	0.00380616495428049	0.00325034395590019	0.00353991672104434
72023	50-54	2	0.00780597343944199	0.00780722156772752	0.00759244963998435	0.00764769546413234	0.00701024461418152	0.0065332360290494	0.00596882161198084	0.00551468454139467	0.0046384668687245
72023	55-59	2	0.0107516267745789	0.011428019205025	0.0117405389764978	0.0097434890308121	0.0108449750184213	0.00963512856022232	0.00865956262779456	0.00758486338878665	0.00735502268276514
72023	60-64	2	0.0172054531833996	0.0173004504691163	0.0169011196719277	0.0148225089971261	0.0143779224140231	0.0141734699781436	0.0113279951724767	0.0102859089278758	0.0113400615555983
72023	65-69	2	0.0235425427708591	0.023163168423755	0.0229743665015326	0.0194471624778524	0.0192289867548225	0.020256424813249	0.0184606503125864	0.0157515331626904	0.0147046410508402
72023	70-74	2	0.0362151274595887	0.0371837321429887	0.0352327557118777	0.0372373170975136	0.0309576227076996	0.0275094411246787	0.0280060655199124	0.0238782980147307	0.0211165827437495
72023	75-79	2	0.0518667461384317	0.0517324611350723	0.0502487335369038	0.0552340137676172	0.0475463411641004	0.0402286115725242	0.0449157144598626	0.0296671423466748	0.0319228981242712
72023	80-84	2	0.0894355812654315	0.064593536378982	0.0875605407492856	0.0948121730281609	0.0726009509080685	0.0741757705311721	0.0662437220021404	0.0512486700418193	0.0541056993582203
72023	85+	2	0.132205018137336	0.143146347594082	0.14243798233175	0.163363577647583	0.162572619330645	0.133378466567514	0.146271689686033	0.136298100084536	0.122558328242603
72025	0-4	2	0.00326559332363992	0.00299946188337823	0.0035373866111987	0.00347241231793506	0.00250335883168113	0.00239946331723054	0.00234314398485005	0.0018697906864895	0.00200415498423622
72025	5-9	2	0.000211460017442388	0.000190391539279274	0.000200605383539703	0.000203126491745781	0.000161263358428125	0.000151448954874771	0.000141393125508261	0.000128646979647326	0.000140507950205256
72025	10-14	2	0.000278526608089707	0.000301997274469548	0.000323410870429879	0.000268818544351431	0.000232511646852283	0.000226912831900962	0.000204033362951474	0.000183743524069007	0.00019234658381959
72025	15-19	2	0.00123687185161182	0.00108955051431188	0.00136900194259802	0.00122906662679164	0.00111073675534664	0.000887383063809744	0.00101584110373221	0.000876943590232695	0.00085984375249573
72025	20-24	2	0.00253247776551196	0.00212789348646282	0.0031532902599472	0.002734425702972	0.00211386711039443	0.00196376214101874	0.00267575437458583	0.00225886888953744	0.00186375183559332
72025	25-29	2	0.00273145417694596	0.00304380202107135	0.0037760343385323	0.00372805283843724	0.00290426979947841	0.00235507073881755	0.00283745695647449	0.00232086174157609	0.00258188958803594
72025	30-34	2	0.00290957094035466	0.00366850904187388	0.00523908908638552	0.00443962384029744	0.00279285947928335	0.00297765632240716	0.00317598702716253	0.00251535341645388	0.00214354183053811
72025	35-39	2	0.00301562314302746	0.00490929563422089	0.0059163511451383	0.00554138583428596	0.00381157928315606	0.00297425194946536	0.00316672511584452	0.00287735368853386	0.002674352370802
72025	40-44	2	0.00402120925135794	0.00486391034816823	0.00632743183453441	0.00592744221572182	0.0043114932469621	0.00418899317320702	0.0035473039028617	0.00313688112636927	0.00372064216032438
72025	45-49	2	0.00657041793277661	0.00627105357421574	0.00795578512632684	0.00802752551682921	0.00560017812718769	0.00479066961665786	0.0050036798229018	0.00376816943030349	0.0045373386379841
72025	50-54	2	0.00888963175867421	0.00897308129866246	0.00878448359024935	0.00851343972655321	0.00765012049421012	0.00712956476509768	0.00701841373652079	0.00613200488774322	0.00672290368078665
72025	55-59	2	0.0113994386054375	0.0122400503327272	0.0125275757586167	0.0119592256302765	0.0114157506062279	0.0106289614168087	0.0100727713408316	0.00876449765184852	0.0100945186496306
72025	60-64	2	0.0193153818073731	0.0175903654705409	0.0201952408989782	0.016989127732489	0.0166786952068813	0.0141498414101353	0.0141128636663051	0.0106845474700724	0.0117382504537865
72025	65-69	2	0.0260817568327817	0.0267606344859114	0.025260704142072	0.0239056220486935	0.0222351397112405	0.0207746085478802	0.0204723237209589	0.015413388575378	0.0177352877271744
72025	70-74	2	0.0397465967786042	0.0428163656825975	0.0437547529611284	0.0397486128912669	0.0338163100688745	0.0297149697123647	0.0269196731009813	0.0241141442597455	0.0257209107424344
72025	75-79	2	0.0557163144240847	0.0701521927407697	0.0557886451038018	0.059009693502574	0.0503640990440383	0.0463638588615951	0.0398019018349518	0.0354614740161227	0.0382278982504349
72025	80-84	2	0.0904412481306503	0.0979588806833277	0.0962189764615142	0.0939975566528497	0.0791400157169765	0.0687305499105888	0.0715832474888123	0.0578190679281647	0.0650415169090193
72025	85+	2	0.153606275027271	0.158148670551002	0.158189867008967	0.168535293771268	0.154918337144547	0.145296630765554	0.149866276742997	0.126132274900705	0.128862695462727
72027	0-4	2	0.00280788727398967	0.00294409131832548	0.00307008877693222	0.00270157069919484	0.00202436917230413	0.00198481093083381	0.00177427203153168	0.00180891696928972	0.00176474964405546
72027	5-9	2	0.000177465226610289	0.000171077655730625	0.000175543951974902	0.000174963143669605	0.000149250386473293	0.000138077981972146	0.000129244356609477	0.000116516373279501	0.000119593286680428
72027	10-14	2	0.000274685924029739	0.000253452843131928	0.000254568302878324	0.000243947028235283	0.00021304755304903	0.00020556596851014	0.000184490014073235	0.000173962998303385	0.000171145363525595
72027	15-19	2	0.001080414794421	0.00114045957281132	0.00109682233820785	0.00115494835793038	0.000950014899629099	0.000901426891965158	0.00078429434953295	0.000721727747902286	0.000732151295684882
72027	20-24	2	0.00209542212721803	0.00215426874094866	0.00219136452202992	0.00191349313941277	0.00177536459435406	0.00170290308288616	0.00158795850255554	0.00132480073495033	0.00147493899436994
72027	25-29	2	0.00245426878480777	0.00256600421960011	0.0023928577242459	0.00231544695233627	0.00202589214017471	0.00198600662273477	0.00177798852100721	0.00195210703071673	0.0018895665550446
72027	30-34	2	0.0028497770536356	0.00309248703784802	0.00299700583940809	0.00271866205600471	0.00222663503186625	0.00229939683315866	0.00210363469953809	0.00212336371240608	0.00216528579765679
72027	35-39	2	0.00339609319232383	0.00315570038839666	0.00391871074780858	0.00373028455255836	0.00297026730812675	0.00303073808490807	0.00241794772776251	0.00236366216511233	0.00240369809831881
72027	40-44	2	0.00457157636344108	0.00475960544339865	0.00422982880364268	0.00459283659442842	0.00380759487998867	0.00360406179468025	0.00276656641724746	0.00294506882026847	0.00337021540560417
72027	45-49	2	0.00581378574853324	0.00516334230232707	0.00672375197880848	0.00578050946501473	0.00514223276701362	0.00474463996621881	0.0040978180354468	0.00363279877846163	0.00390005625467423
72027	50-54	2	0.00767443885651196	0.00914011304849784	0.00729157757344149	0.00936395229115795	0.00698879844936816	0.00641125153281065	0.00556143731864165	0.00536793084037571	0.00521045103452028
72027	55-59	2	0.0126464933842194	0.0119974043810495	0.0121335855163979	0.0116091250548931	0.00989307127214614	0.00807857387138974	0.00894957483829565	0.00827785965360166	0.00758842087121469
72027	60-64	2	0.019469796250414	0.0171656093204303	0.0170729492435485	0.0174270885186841	0.0137158596429427	0.0126133623766952	0.0129616527648375	0.0104538630846764	0.0099059123539708
72027	65-69	2	0.0259688795517753	0.0276914054953535	0.0262932480816873	0.025833631542233	0.0194183549771786	0.0205990461698219	0.0185356086385193	0.0173628797920015	0.018503612668818
72027	70-74	2	0.0391266240021476	0.0398751639770618	0.0359715884316389	0.0393385692590224	0.0318463954266811	0.0281921784854947	0.0280155259333049	0.022925365985363	0.0231783483226565
72027	75-79	2	0.0560033686506287	0.0464864652420354	0.0567719672971908	0.050106612363447	0.0482370658366372	0.0446064130569692	0.0461869013890601	0.0337934606393856	0.0368290494597815
72027	80-84	2	0.0859523487034605	0.0764582181564115	0.0899077474247837	0.0917405796349848	0.077515517391329	0.0749113114566683	0.0669461057985164	0.0634696388497887	0.0603548521692934
72027	85+	2	0.200586815701183	0.170055697511112	0.173791386679369	0.155365778363108	0.151654970724284	0.144237321001968	0.135124331505095	0.13673682806338	0.140842247267766
72029	0-4	2	0.00320549531422734	0.00345675212370032	0.00367853258871378	0.00317640545726951	0.00231549343155767	0.00285759591239032	0.00260723334930015	0.00212620063422927	0.00218475587152637
72029	5-9	2	0.000195708141829715	0.000211113261401735	0.00020953727999634	0.000204433083056566	0.000182455948226226	0.000164549394408609	0.000153610424935871	0.000137614805630629	0.00014843884313203
72029	10-14	2	0.000271873236034033	0.000279987657207921	0.000327891061147113	0.000314857862844665	0.000248542508346552	0.000237973230566512	0.000222524649739935	0.000200218872031442	0.000207080694605478
72029	15-19	2	0.00118251316526477	0.00118427126891816	0.00162806850397741	0.00167389435154729	0.00140750171837185	0.0012897100698177	0.00111130690369703	0.000866119348053342	0.00089058714322283
72029	20-24	2	0.00228330818326003	0.00269168852064717	0.00304345545629466	0.00303704649720785	0.00379255069514914	0.00361779245084521	0.00301379475569596	0.00180893774539664	0.00219303692226575
72029	25-29	2	0.00259217910381137	0.00335641782200184	0.00437731475456375	0.00416704982005566	0.00335195745131947	0.00354510997795862	0.00324547238852661	0.00273215149674044	0.00220785136124335
72029	30-34	2	0.00348511510972078	0.00430924169193798	0.00495754857291861	0.00382556470821929	0.00334650176178819	0.00309466031336901	0.00282032125174404	0.0028613984488976	0.00295426402288186
72029	35-39	2	0.00357908516495349	0.00494267421289206	0.00529337567910724	0.00503290669577597	0.00461274287145622	0.00320735545686577	0.00316054694400223	0.00329503356505137	0.00313079450943907
72029	40-44	2	0.00463517329883849	0.00442103367102176	0.00553398470795291	0.00620445815299935	0.00498326682146652	0.00403553988081243	0.00366961324533742	0.00384076527591333	0.00430934109572069
72029	45-49	2	0.00598086911444421	0.00648948352167608	0.0074260863626918	0.008253174653484	0.00643072003267049	0.00594397983626494	0.00454909642374426	0.00497463372508883	0.00447058164871894
72029	50-54	2	0.0087913548358827	0.0090901521778625	0.0090477779632191	0.0095692012635241	0.00868817401706119	0.00820957720846987	0.00575244389314408	0.00680066734775508	0.00711753550425667
72029	55-59	2	0.0123925057168213	0.0132055387709865	0.013319661515448	0.0140719542428102	0.0115674048835512	0.0115269759915307	0.00988835873972125	0.00780082039351662	0.00991859003154399
72029	60-64	2	0.0193108860931032	0.0159152605769225	0.0203154004078462	0.0179381755581692	0.0156230367857163	0.015373518971013	0.0132875983777893	0.013674348107167	0.0123872735028399
72029	65-69	2	0.0255109493279282	0.0244086311016036	0.0295551043473904	0.0294869908291103	0.0261039026439039	0.0205642830698185	0.0213043155543954	0.0186160990196784	0.0164085816247912
72029	70-74	2	0.0387557648332308	0.0369898895723377	0.0391029665286275	0.0391820894969517	0.0341894770149494	0.0333180579313407	0.0273435117570692	0.0233037772269716	0.023349817171269
72029	75-79	2	0.0586644208192354	0.0535212414737691	0.0554620860348011	0.0735255052325269	0.0491745357131405	0.0430559307333353	0.0469366224707923	0.0367690538870541	0.0468027061774041
72029	80-84	2	0.082736325853852	0.0860984872769046	0.102233150623694	0.094921210067393	0.0728933419722486	0.0750240875685882	0.0682181975795385	0.059766080983142	0.0676819546901864
72029	85+	2	0.162520780529058	0.180008636608303	0.18022931822378	0.164724182316747	0.14647332018541	0.135871027939657	0.148540699772066	0.130648004223607	0.134215301041995
72031	0-4	2	0.00355713458107443	0.00322432018508707	0.00336525284669784	0.00255914189429764	0.0020770842132124	0.00199715267544693	0.00217774200666308	0.00170695724016415	0.00177426634459344
72031	5-9	2	0.000193632693826429	0.000184182023251032	0.000190444334740208	0.000189666411658944	0.000157330891608306	0.000150767589322098	0.000138680821601513	0.000124523509068725	0.000123519191922106
72031	10-14	2	0.00027500593970634	0.000270672081862307	0.000300954260465194	0.000321611393338239	0.000239196175880078	0.000211844421566426	0.000180362147900315	0.000170544834373728	0.000183707189333433
72031	15-19	2	0.00137202536825735	0.00122027980320652	0.00173546051936867	0.00155636722576331	0.00113391093886309	0.00106036894485486	0.000949403394726929	0.000671562877267075	0.000755071879276192
72031	20-24	2	0.0020035215512214	0.00210859956649135	0.0027850816377603	0.0035176766365658	0.00284207748339328	0.00238892399901315	0.00247110592580196	0.00196589062499748	0.00171786043411501
72031	25-29	2	0.00271311376101758	0.00333885622192913	0.00392601847829274	0.0032055390849549	0.00293446470315331	0.00273394977879284	0.00276053883299318	0.0026253785608999	0.00202578196777007
72031	30-34	2	0.00262521869216042	0.00376731288531684	0.00483380395026706	0.00414250770049781	0.00284469689074197	0.00281109231328037	0.00309851824400012	0.00218685674972335	0.00236398856927346
72031	35-39	2	0.0031243055181325	0.00412449540712769	0.00571848571583449	0.00466110986831995	0.00311857919315987	0.0029367546035725	0.00322851094598837	0.00249862688918977	0.00273170700502959
72031	40-44	2	0.0037902784824851	0.0044711675637908	0.0062508934743838	0.00654471461209474	0.00455656094919176	0.00409754335935838	0.00340353152867993	0.00322888754991729	0.00390598589201927
72031	45-49	2	0.00515569464678955	0.00561249047605942	0.00673748159984361	0.00729349755442034	0.00596282946194069	0.00527763790291164	0.00427675597364823	0.00398302944663168	0.00446108223263413
72031	50-54	2	0.00728097107329616	0.00700383837903576	0.00735226018600742	0.00892688745710701	0.00745705177307848	0.00700725371208451	0.00599872884514916	0.00614008920029273	0.0060472543531813
72031	55-59	2	0.00994704518344775	0.0128361849992448	0.0123747286683135	0.0116219580893634	0.00998918659840622	0.0106960458735542	0.0100463828208827	0.0087628435492535	0.00869214779393545
72031	60-64	2	0.0170471121280926	0.0170687895349202	0.0165860343692519	0.0167961178467958	0.0146583362089019	0.0144140406496008	0.0127439042353198	0.0117715925815154	0.0127602971046731
72031	65-69	2	0.0222345870855472	0.0233481356931187	0.0240816566580188	0.0213801720469849	0.0194713842707606	0.019522166723418	0.0172866079368107	0.0159806360774785	0.0157244159604452
72031	70-74	2	0.0380734604627927	0.0395554304098049	0.0398330478425318	0.0348928296342602	0.0297845675738343	0.0275154463524079	0.024829911096824	0.0228471758672238	0.0220118610677806
72031	75-79	2	0.0552077386608426	0.0530024887128455	0.0530611969402929	0.0561636470980953	0.0448507112582055	0.04350082364891	0.0391023892156544	0.0340809791652876	0.0325832974825314
72031	80-84	2	0.0889034205613883	0.101632737100828	0.0891686859127197	0.0862511665772185	0.0755413929942491	0.0688529152253734	0.0627776454260892	0.052215344477454	0.0516714651208528
72031	85+	2	0.156143735643957	0.163040366258572	0.141979180417896	0.137029325815017	0.132559933562147	0.147258363936777	0.134875111397221	0.114230691576082	0.109263650549642
72033	0-4	2	0.00486940227508459	0.00384348194152841	0.00383442019747694	0.00383600981105598	0.00304789074530887	0.00295570727056541	0.00311263986329665	0.00255220840361468	0.00263378483167544
72033	5-9	2	0.000259126542101208	0.000254524477959857	0.00025961310980509	0.00025759577413922	0.000209298932559088	0.000198261343196798	0.000183691296854366	0.000164846026073017	0.000170518506186965
72033	10-14	2	0.000373717934479175	0.000368150936892037	0.000360406366086918	0.000349517751223789	0.000316236799153447	0.000306967632128797	0.00026208386769032	0.000236168657783587	0.000249582580301999
72033	15-19	2	0.00170612307213895	0.00201665575570637	0.00250553366895167	0.00181986779539672	0.00160293298240412	0.00152126076183986	0.00127280743956915	0.00102486058740844	0.00112093815336769
72033	20-24	2	0.00319493158622728	0.00365572934238199	0.00424819303327363	0.00445275120389503	0.00356911878767123	0.00283664881564065	0.00280074173441172	0.00227376451015266	0.00241847344421217
72033	25-29	2	0.00436445175094309	0.00465776462562686	0.00606704731211488	0.00469427474658885	0.00385184274115067	0.00412741314931909	0.00298448418344054	0.0028470278874988	0.002968731940206
72033	30-34	2	0.00507468475358862	0.00573784147655671	0.0069588506381372	0.0065170943246641	0.00448716942289504	0.00358204501270068	0.00309402106740552	0.00342333667846972	0.00306449166261613
72033	35-39	2	0.00479814805578868	0.00566513582069153	0.00815452283992617	0.00686858221826563	0.0047452117675498	0.00465997135920253	0.0037116109372073	0.00403627953306226	0.00381394133469648
72033	40-44	2	0.00637613255157687	0.00606761990608594	0.00854819680908136	0.00782035632004365	0.00530976679297489	0.00589042668284937	0.00491122694282742	0.00497048379977374	0.00457697862633296
72033	45-49	2	0.00887274408866503	0.00903696373942572	0.00920192443950697	0.00929198487577528	0.00784169165006621	0.00687615951155911	0.00603272170440406	0.00544835827584849	0.00740606543057002
72033	50-54	2	0.0149449919159698	0.0126160298441972	0.0129453028065781	0.0121671888421151	0.0101390048028136	0.00885880361912557	0.00907603622857927	0.00749796928305713	0.00803318614151345
72033	55-59	2	0.0189226394621892	0.0172789454924825	0.0152815085566353	0.0162599558244449	0.0142275189553506	0.0124701280572211	0.0124784720804027	0.0101457896352945	0.0123015096313023
72033	60-64	2	0.0242381141817592	0.0280360109194404	0.0274825780829132	0.0239088257280211	0.0192948813469352	0.0170777825004025	0.015418970590517	0.0143986393801771	0.0164008346557529
72033	65-69	2	0.0377267682135846	0.0345649614812987	0.0291832243991893	0.0291529464248049	0.0255009668692705	0.024382218808484	0.0213163477396224	0.0188690619550272	0.0213950327490369
72033	70-74	2	0.0549839551417968	0.0493397873665749	0.0492413907685915	0.0543266886763247	0.0327972891282254	0.0396000871321983	0.0326717536966231	0.0279601980342766	0.0325902858335796
72033	75-79	2	0.0689426755527132	0.0640044509307749	0.0712340716754351	0.0606554481991293	0.0570254839317078	0.0590408694558691	0.0502617157824899	0.0448472896264954	0.0441503123624083
72033	80-84	2	0.138192248060854	0.11069981894496	0.10382235226995	0.105143254826613	0.0984830166421553	0.081231248579929	0.0642389617746428	0.065303369762281	0.0586891709058249
72033	85+	2	0.194904495185668	0.181643600958952	0.181981772912851	0.179119530220061	0.145644298369004	0.160179681371079	0.14364954345564	0.12400270498488	0.103903794529702
72035	0-4	2	0.00408897255387144	0.00331384315390622	0.0033722306815057	0.00283381647473608	0.0024467556170475	0.00250466882932652	0.00194206269428072	0.00205602484920484	0.00189023080610386
72035	5-9	2	0.000185619410721991	0.000200466658681812	0.000197278757087957	0.000200309368313506	0.00016714558491817	0.000151560680693903	0.000140094304350303	0.00012608922448557	0.0001291580034857
72035	10-14	2	0.000266833864070716	0.000300058444295455	0.000290066566616563	0.00028347925336453	0.000242448495420991	0.000229342799118966	0.000203312240819702	0.000183494678629526	0.000184562860830363
72035	15-19	2	0.00114395815820181	0.00138627245486568	0.00145215324619996	0.00152465861814284	0.00104115908604913	0.000939932678900532	0.00112705417782963	0.000790541385173236	0.000823395650799045
72035	20-24	2	0.00208780828468336	0.00218959253612864	0.00271194993284012	0.00277672219565424	0.00236737099637696	0.00246423509593035	0.00268403221574023	0.00173378415940454	0.00169883495281129
72035	25-29	2	0.00248903897481684	0.00327642701334371	0.00342733037939394	0.00268405269846738	0.0021738476527795	0.00265177336193686	0.00301160276614375	0.0020986129789832	0.00212628925941442
72035	30-34	2	0.00292715168297452	0.00347506460039687	0.00486187173319231	0.00373807086199997	0.00265450685511089	0.00291828343674491	0.00302534455953652	0.00260190733366273	0.00288125410806707
72035	35-39	2	0.00368908640687602	0.00437343016673923	0.00466341277435162	0.00502503074233224	0.00408261532134831	0.00355088103777473	0.00300390986664577	0.00271949187043555	0.00300424690006176
72035	40-44	2	0.00466319724928185	0.00504978188657868	0.00560688559880125	0.00561330848967176	0.00461135865318206	0.00453844839262004	0.00324101044071035	0.00353483865595687	0.00325814533871163
72035	45-49	2	0.00616973630072653	0.00668398827900667	0.00672701566647594	0.00653618816322279	0.00591495727177727	0.0058252129720581	0.00431161242350719	0.00422960687451401	0.00439623687573193
72035	50-54	2	0.00904439409181673	0.00907924913638243	0.00989717341197231	0.00921786822359822	0.00810993547687587	0.00755524969927146	0.00667132301608861	0.00560637509396175	0.00592235760194988
72035	55-59	2	0.0133238012399991	0.012687668657084	0.0113776963401022	0.0130272614322971	0.00967161601149335	0.00932126475851425	0.00931818814269869	0.00777735856564198	0.00779585288272453
72035	60-64	2	0.0204353979349413	0.0196475734105736	0.0177845689612272	0.0176811700137375	0.0151856719922596	0.0123833791563771	0.0121081914355117	0.0112182695686028	0.0113381694211036
72035	65-69	2	0.0298075618620916	0.0263220849834492	0.0269793387832339	0.0252207126315743	0.0218503880544261	0.0182783706885232	0.0180718003210435	0.013758282408769	0.0151217582399539
72035	70-74	2	0.039099837522174	0.0470989025929103	0.041708811103435	0.0409365518911474	0.0306929567087511	0.0245742062594619	0.0257703481832715	0.0193998510519251	0.0211184549893192
72035	75-79	2	0.0564788971625489	0.0721302777658717	0.0596671341767762	0.0625569099048233	0.0514833434003336	0.0427499899938722	0.0407600621396183	0.0354965855712325	0.028611538303455
72035	80-84	2	0.0905268910609539	0.0983399413438092	0.0940805074139687	0.0829071907809016	0.0717357724130264	0.0729893517219782	0.0655720352440013	0.0568323538712534	0.0495435309312984
72035	85+	2	0.165919161171598	0.165012983515273	0.165304305114111	0.145465743043507	0.153879368228583	0.144940607640093	0.145658899770806	0.132661149022621	0.124369543685357
72037	0-4	2	0.0029753217028621	0.00310673162964294	0.00343233030695774	0.00295453520301869	0.00241577051616206	0.00238513542173189	0.00233761899917488	0.00166879251086445	0.00216383984021521
72037	5-9	2	0.000181806049412128	0.000199179581109513	0.00019481032421467	0.000184716453235758	0.000158270648129609	0.000149081861633546	0.000137845441885508	0.000125291456265627	0.00013088118160675
72037	10-14	2	0.000260863316283724	0.000267447766122202	0.000272972050390269	0.000270404814142863	0.000236995565755511	0.000213839574034106	0.000197858335950067	0.00018015454885149	0.000188144157251316
72037	15-19	2	0.00117308200604034	0.00108925581591605	0.00120993114874656	0.00118724542645711	0.000991971975295009	0.00093731223128987	0.000947264785934742	0.000799535772650371	0.000805138940242743
72037	20-24	2	0.0021079449661639	0.00236911467788471	0.00213845779130471	0.00232514073508907	0.00198060811382637	0.00191822480854952	0.00185904903724207	0.00164780556034084	0.00176365017914173
72037	25-29	2	0.00276371859707525	0.00303993822604015	0.00294522465251743	0.00260618204093928	0.00231170476765354	0.00225392748512906	0.0023726873235767	0.00201638493641314	0.0022822058516392
72037	30-34	2	0.0031347456723764	0.00324733914911736	0.00321958467365366	0.00332119040063245	0.002678350249647	0.00252299680962963	0.00267396045869742	0.00241036860653176	0.00266938804328187
72037	35-39	2	0.00378561687044421	0.00384429628024746	0.00417592780250427	0.0034902084642235	0.00304968293990294	0.0029405376600939	0.00315402898777692	0.00271683313527367	0.00299603697438138
72037	40-44	2	0.0046524044612268	0.00495963854530015	0.00570294762252071	0.00457430775375732	0.00407113873220849	0.0037210250358545	0.00342812896462452	0.0030613064442226	0.00376892989914819
72037	45-49	2	0.00614754442123776	0.00691813336588141	0.00675762778028821	0.00587238359544543	0.00490932757319902	0.00520019449978959	0.00424577741045706	0.00393411964997906	0.00436016470648955
72037	50-54	2	0.00796748484898408	0.00921297636644731	0.00920557247301854	0.0091872527600655	0.00788008114031011	0.00657111429077385	0.00646243703734881	0.00627570911044604	0.0067715790675986
72037	55-59	2	0.0135346701425462	0.0114235949544439	0.0141084035074911	0.0123360602543322	0.0104074330925651	0.0101778813981939	0.00981986990524725	0.00852972107499648	0.00936046347365497
72037	60-64	2	0.0187399482279907	0.0194130628937883	0.0169250400646328	0.0159388291326519	0.0146691279564768	0.0139989951447527	0.0137836192261752	0.0133114344791787	0.0129191785836678
72037	65-69	2	0.0260844970608394	0.0236015197550588	0.0226732477981983	0.0232655120532878	0.0236162852610369	0.0210781155692538	0.0171885024052087	0.0162609831482511	0.0173273019435116
72037	70-74	2	0.0351367311711828	0.0456095467733891	0.0459600815936911	0.0396773696468241	0.0312421434698285	0.0287533272097256	0.0279148030940647	0.0242497661974257	0.0270555359657932
72037	75-79	2	0.050910077478636	0.0593115043922381	0.051916563878792	0.0552402886916825	0.0483540036976573	0.0424523831680639	0.0378451386491811	0.0367188061610165	0.0373610521590312
72037	80-84	2	0.106093627941705	0.0984910769122819	0.0865276722853223	0.106505109507325	0.0857812475765844	0.0769413309450866	0.0601149734660427	0.0517655053517273	0.0582919909722801
72037	85+	2	0.175333892288139	0.180558583124873	0.172859783204724	0.169898036177412	0.137260182495749	0.135121274398591	0.141747366900171	0.11651122237353	0.119084339283572
72039	0-4	2	0.00374654785084994	0.00337484782132931	0.00284326567163982	0.00302024693306257	0.00230796755920476	0.00234965091804766	0.00221547111888231	0.00180836321637459	0.00170346154205725
72039	5-9	2	0.000173398258971625	0.000175798927721843	0.000189657704263342	0.000179016625944889	0.000154377548928352	0.000141106951669539	0.000128404068133427	0.000116724933435359	0.000120022091042763
72039	10-14	2	0.000258052070914773	0.000261944144475199	0.000259504170250978	0.000250428114447078	0.000216248839090726	0.000206488232538759	0.000188147548922711	0.000167684303477543	0.000180045861118088
72039	15-19	2	0.00106319752257447	0.00104853030083189	0.00106358781610464	0.00108343042571973	0.00100227156109207	0.000905756994955271	0.000769179425183936	0.000737960206760641	0.000764446451072585
72039	20-24	2	0.00211940289299886	0.00207192934509914	0.00229604813906529	0.00213473822038305	0.00205119030433391	0.00187685758808467	0.00177150872838985	0.00141133617690513	0.00161033884760311
72039	25-29	2	0.00263370983255878	0.00257110188320599	0.0026921044813967	0.00261808339386049	0.00254987701781846	0.00241591760121798	0.0021553470333954	0.00178767012831873	0.00188170793196553
72039	30-34	2	0.00270578481523717	0.00304417277106726	0.00338134299161962	0.00312999070036227	0.0026325482998256	0.00250118798221623	0.00254254949645003	0.00202074472264497	0.00230494735266796
72039	35-39	2	0.00366948083462396	0.00361395859713531	0.00376433984582508	0.00398773486431792	0.00307609278847931	0.0030253301338726	0.00292833471160711	0.00255680206435234	0.00254696685721073
72039	40-44	2	0.00416562152108727	0.00431153801612051	0.00452287388394612	0.00471877828417711	0.0042245986931428	0.00364369581765681	0.00342188936583513	0.00296057380893853	0.00313616691586633
72039	45-49	2	0.00540648384931338	0.00554655799717716	0.00632658918158251	0.00618882362528511	0.00594185249386254	0.00444755727474266	0.00425685305398423	0.00418609953926628	0.00422668279285173
72039	50-54	2	0.0078199952780016	0.00779728536851236	0.00839622749851312	0.00873092591404914	0.00696578556895078	0.00648109825355246	0.00527670413775602	0.00615122049733629	0.00523849881254288
72039	55-59	2	0.0104679482277825	0.0115871835119577	0.0125799160727408	0.0129720081742198	0.0102839783278761	0.0095551003309583	0.00805028897508941	0.00738581093024306	0.00722661512799882
72039	60-64	2	0.0149111572007884	0.0188560426634051	0.0157769163013151	0.017692872581711	0.0134823918024143	0.0143709206787051	0.00987042950657485	0.0115759420079939	0.0111120134889573
72039	65-69	2	0.0254419899251059	0.0230091599679994	0.0227573067168864	0.0249785492131845	0.0216573445856127	0.0196862236369249	0.0160496458578169	0.0143641104851961	0.0156066815240478
72039	70-74	2	0.0348757406842886	0.0365822279359341	0.039254431129814	0.0353368629917192	0.0312380908347484	0.0271224967059734	0.0249033334336507	0.0212454058944547	0.0208144032924436
72039	75-79	2	0.0506144014237536	0.0495051349503676	0.051187106804418	0.055918506218521	0.0494626717906716	0.0476013892793115	0.0412861788985956	0.0298518739635671	0.0379748644736893
72039	80-84	2	0.0927616202513607	0.0743521049073917	0.0869882770113805	0.0769455653249598	0.0757271510163244	0.0705604532267948	0.0675230134692107	0.0601731041580715	0.0578463338871833
72039	85+	2	0.154210192488058	0.138418345974873	0.156621000407229	0.163333292413538	0.158657113841399	0.12472548723354	0.139154027963454	0.117944378738683	0.104339425657002
72041	0-4	2	0.00343089272395503	0.00300055028652647	0.00261296855911073	0.00266180534459677	0.00235020996470117	0.00218814544733583	0.00196931849099557	0.00156199677926031	0.00165484782995035
72041	5-9	2	0.000166329923839191	0.000165746022272834	0.000171926943791697	0.000174868050177243	0.000138372220796522	0.000134242001804269	0.000120244493595126	0.000113416420536047	0.00011674578966202
72041	10-14	2	0.000245787463482257	0.000271935258167923	0.000248764972381063	0.000242531647508564	0.000200811390973013	0.000199143850016963	0.00017518633618089	0.000158696702145623	0.000163251672554758
72041	15-19	2	0.000962400836952029	0.000960755383571246	0.00102436021037898	0.00106493445691661	0.000871714748426379	0.000836802701321724	0.000722422269741855	0.000768935847658788	0.000681854153297289
72041	20-24	2	0.0019792973564487	0.00186961671906578	0.00225735195039617	0.00184612709203772	0.00169518065947194	0.00184043358285719	0.0017424930412245	0.00134492947003713	0.00155802258131796
72041	25-29	2	0.00226713098935435	0.0024247032730305	0.00252134843635815	0.00226500733822436	0.00214704400594709	0.00232293602333499	0.00202050389666869	0.00204265460929025	0.00190948032927025
72041	30-34	2	0.00273535514497397	0.00279301172498074	0.00319238591443389	0.00303923403809656	0.00252493821920793	0.00222756814321728	0.00247768061022978	0.00233726108410271	0.00215566855942668
72041	35-39	2	0.00312058831602681	0.0031834471819521	0.00341022978820854	0.00366627713508595	0.00267029750926779	0.00280432516946952	0.00252498437110188	0.00242628768318967	0.00268445736150975
72041	40-44	2	0.00516837236359108	0.00414816492383471	0.00463789214345288	0.00413774347751922	0.00334195555019461	0.00344398844467628	0.00300710480435422	0.00285378353502544	0.00418573473157233
72041	45-49	2	0.00605030499517724	0.00583683316113661	0.00504862537034521	0.00473879610161523	0.00451860804464861	0.00424447960615456	0.00409707972550315	0.00358933559945742	0.00419516816925231
72041	50-54	2	0.00868355922744212	0.00786667463940412	0.00695154251499009	0.00736807410422205	0.00555909097989906	0.00625059956170665	0.0053541921273935	0.00610376183962991	0.00514667311386056
72041	55-59	2	0.00993230923383871	0.0128039193081732	0.0114184119773607	0.00981753188227928	0.00983173434901902	0.00899015435027024	0.0070136718880115	0.00710814284105967	0.00694949807453175
72041	60-64	2	0.0164644049039936	0.0161055410264221	0.017527261168786	0.015753060069328	0.014397611507369	0.0119929584384045	0.0109921429679269	0.0109727592955004	0.0121873403676165
72041	65-69	2	0.0212738342368212	0.0261015994514828	0.0230554992673036	0.0217771306294153	0.018899066116305	0.0155147592754648	0.0152562009248047	0.013861693949495	0.015463014515223
72041	70-74	2	0.0324427170521904	0.0322439885248101	0.0309564421537017	0.0358598638655268	0.0271405278976414	0.023778723938791	0.0266045801259827	0.0205556550136849	0.0208351886436736
72041	75-79	2	0.0527373443495741	0.0576699379656029	0.043656318475884	0.0485782043845842	0.0416654527341182	0.0427610953515792	0.0358620550380593	0.030830343469446	0.0308742219145353
72041	80-84	2	0.0707176166691423	0.0745116406442417	0.0802494721915508	0.0752494715530022	0.0785403944070972	0.0705404100046702	0.0600610475782081	0.0560560647252334	0.0474179493633162
72041	85+	2	0.135112171839976	0.156301614237009	0.164652103803277	0.147461821372242	0.135003064230126	0.140750578190126	0.117595255136023	0.121491287615414	0.116078329768226
72043	0-4	2	0.00346361434354396	0.00306565785091411	0.00355060996527624	0.00338714597305412	0.00260632017774098	0.00217397572020824	0.00205897114246691	0.0015692714533103	0.00169986729813348
72043	5-9	2	0.000190687282457587	0.000181814537236651	0.000190766618826532	0.000202996039613889	0.000167817186413539	0.000144626601479997	0.000137939834173978	0.00012197088839782	0.000123342195497526
72043	10-14	2	0.000276017948416254	0.000292332226054335	0.000264828422746218	0.000264436993587297	0.000218943157426513	0.000205470928450352	0.000196547894444965	0.000174740260358738	0.000176473099437009
72043	15-19	2	0.00112266023201085	0.00111909109423136	0.00102990775892778	0.00103521686114441	0.00109761797709667	0.000972730930847747	0.000838927474465184	0.000750309448786573	0.000769644070467099
72043	20-24	2	0.00211803132036524	0.00221059021046928	0.00255674651745783	0.00200588270934987	0.00190739031906226	0.00163592480190753	0.00171546408597534	0.00154655132446041	0.00188909704160107
72043	25-29	2	0.00253494292460809	0.00246601508108881	0.00277284875943757	0.00273855759215156	0.00239493127827254	0.00215132976819619	0.00216247912354402	0.0020918756140197	0.00188430541795095
72043	30-34	2	0.00295192408456363	0.00333334091557332	0.003107772671886	0.00344987579898671	0.00237634809741934	0.00231793550809712	0.00234679274890794	0.00242547332671176	0.00220302954187404
72043	35-39	2	0.00351852677929791	0.00446053966450957	0.00457890750612688	0.00410509858103228	0.00345983321781109	0.00278075757536572	0.00256337316221887	0.00267390888383223	0.0025097832178561
72043	40-44	2	0.00434140768386324	0.00415215660031545	0.0050438620908939	0.00565946680527714	0.00386317133533473	0.00348355079367592	0.0032540788363664	0.00280962990162722	0.0030322472823045
72043	45-49	2	0.0058618667875308	0.00655041578851077	0.00646909137216778	0.00638022047325997	0.00556254154862938	0.00402231482656507	0.00416452399507624	0.00374404631065315	0.00388007248478644
72043	50-54	2	0.00851942549926639	0.00942079769281985	0.00815083882787143	0.00850520295802085	0.00631438138278491	0.00645842814185901	0.00597406622356936	0.00619797763729535	0.00578389429914474
72043	55-59	2	0.0144341490238927	0.0121384318879691	0.0123236052024578	0.0118147732990852	0.010274699929149	0.00794700721821169	0.00954078114842211	0.00835890696594082	0.00852937389500606
72043	60-64	2	0.0198641340383815	0.017449341528573	0.0178674239484001	0.0168149425391103	0.0148615909435793	0.0125916590228197	0.0129324790707975	0.0124303974739069	0.0115176843584198
72043	65-69	2	0.0268087950460558	0.0260445862382766	0.0294690426363504	0.0259008994011582	0.024288983557963	0.0181769746867766	0.0172368821783294	0.0173395722749845	0.0136907625769128
72043	70-74	2	0.0369291601870867	0.0433826167957138	0.0353321254345126	0.0357824003896337	0.0338181324081925	0.0284945261828117	0.0273125248869249	0.0255688659707845	0.0245900268984819
72043	75-79	2	0.0525000764161945	0.0561605374382393	0.0515695438831862	0.0531511125334888	0.0554229595578537	0.0495961321090736	0.04484093704812	0.0410879658223772	0.0381816872096776
72043	80-84	2	0.0793734944131319	0.0799477262053694	0.0939730415749793	0.0974402196364651	0.0837133108599919	0.0717052927055779	0.0716177478290731	0.0655102421230884	0.0530500972401258
72043	85+	2	0.175359825076845	0.151617535591059	0.153772225266643	0.147619240354228	0.161257011088184	0.156543836765512	0.13713255007956	0.110562703779268	0.108607791362125
72045	0-4	2	0.0032179264531873	0.00325432832772025	0.00269353093015111	0.00292822090083096	0.0024488294816471	0.00228756748213755	0.00202164416442324	0.00169453287460961	0.00193573877723973
72045	5-9	2	0.000180357913633413	0.000182873726451807	0.000188191752005622	0.000185674882502124	0.000156270428101465	0.000146904959429204	0.000133326316231393	0.000123653828415518	0.000129729673996623
72045	10-14	2	0.000256833169069074	0.000278099254778007	0.000268665809910878	0.000265014136010089	0.000223445056003256	0.000210388971465402	0.00019544993909921	0.00017763848394175	0.0001862660530342
72045	15-19	2	0.00115236929022497	0.00105356683668821	0.00110873233497098	0.00113081804141745	0.000965334679051259	0.000913679486748816	0.000806431438935047	0.00074551791192247	0.000783925795016645
72045	20-24	2	0.00233376989515153	0.00228246381124447	0.00256053294949776	0.00257149010063201	0.00216164567273404	0.00176592458869009	0.00171859082609337	0.00170999153729228	0.00164530182525104
72045	25-29	2	0.00271421082216928	0.00279634284239981	0.00281843812202423	0.00286207535600276	0.00234858941420752	0.00235009798936769	0.00198719241622719	0.00219324303735167	0.00190422479258532
72045	30-34	2	0.00300260411558845	0.00325648647020502	0.00331077231170084	0.00354834528476581	0.00293068913427789	0.00267618805525719	0.00239058068004785	0.00217842799069581	0.0022375861335992
72045	35-39	2	0.00348853788590955	0.00403622378543367	0.00418180602631535	0.00443011410906191	0.00315552714444341	0.00347382394737886	0.00279927434510822	0.00273074289888474	0.00283376860376766
72045	40-44	2	0.00460496007877499	0.00465360068315901	0.00464039192386458	0.00476114605972314	0.0039133924454743	0.00364771086812023	0.00346595043399246	0.00322655901891443	0.00349495942998618
72045	45-49	2	0.00607536436881178	0.00583414342057564	0.00618316688271952	0.005759416427178	0.005562493132899	0.00511457427047084	0.0046718256590975	0.00436474108005991	0.0042939729788045
72045	50-54	2	0.00851973774478587	0.00790341855092969	0.00925875899724692	0.00879443301275627	0.00732122659398212	0.00684768786758983	0.0059971896349839	0.00610331766632422	0.00722044948103959
72045	55-59	2	0.0131887016502091	0.0107192665129948	0.0119108465443057	0.0133468528214416	0.0111197672673799	0.00925577651003174	0.00910060823910109	0.00779902834409128	0.00915281842507368
72045	60-64	2	0.0150673352726584	0.0175630007719977	0.0184866001588917	0.0159285053891813	0.0150025777401595	0.0148131434849996	0.0136287776041259	0.0126913859078352	0.0113823170193044
72045	65-69	2	0.0247457340688033	0.0252885076249163	0.0233381936650093	0.0246444071052605	0.0232928732270758	0.0239467344587533	0.0171719036463903	0.0163939129325925	0.0154479721950495
72045	70-74	2	0.0346264486397648	0.0365637362689737	0.04002906427138	0.0434317538502216	0.0301087735602968	0.0278402629577881	0.0281427220032348	0.0226351989699281	0.0255402310831167
72045	75-79	2	0.0583571642887601	0.0534547980424694	0.0502349841389007	0.0539997101147278	0.048615306627795	0.0393723434122113	0.0367282912558211	0.0429143071748168	0.043885970921693
72045	80-84	2	0.0811613412289445	0.0936489325740708	0.0897706433517693	0.0719937397321494	0.0756681442855801	0.0771764755769677	0.0612331071296788	0.0642272986880622	0.0610070066313561
72045	85+	2	0.168322869634729	0.13668628346952	0.1582642806105	0.154998167452901	0.157133469546552	0.153378434892606	0.140917872231559	0.12800774839439	0.121341844462031
72047	0-4	2	0.00376728865060435	0.00285621023870232	0.00302047545617691	0.00310945234138357	0.00250110153127841	0.00236553237089238	0.00210330007263414	0.00162611333321872	0.00210079846585583
72047	5-9	2	0.000190018520385618	0.0001748316798516	0.000187858470961444	0.000191027595968348	0.000152255989552608	0.000141815030742149	0.000135088436771084	0.000121492282567672	0.000122947236975009
72047	10-14	2	0.000242771933478231	0.000248737314646335	0.000284188375060244	0.00025956423243339	0.000211697483384472	0.000205972167549547	0.000196903965642263	0.000177574345482039	0.00017965327038591
72047	15-19	2	0.00111767210185349	0.00102150875469653	0.00111294285973551	0.00128589065119154	0.00103946054405716	0.00103840863350548	0.000767235582158703	0.000749817560262009	0.000797496155249084
72047	20-24	2	0.00209753228419106	0.00188079904148359	0.00249104411546077	0.00230874253051706	0.0021467080389829	0.00222435389822268	0.00178552896011394	0.00168031596045037	0.0016785932969812
72047	25-29	2	0.00244772656421106	0.0025898544474081	0.00321331726646587	0.00255008288828071	0.00245971980989736	0.00217792747422223	0.00208899852395696	0.0018293234288799	0.00179109786283747
72047	30-34	2	0.00298377174285541	0.00312062568280379	0.00323107906591161	0.00366107008109453	0.00241226911549134	0.00265750127744569	0.0024640951516282	0.0021148563428309	0.00238052019192191
72047	35-39	2	0.00330575639264275	0.00354943008824098	0.00405406997083153	0.00355047139682588	0.00306876460724836	0.00295715787726447	0.00266708715236224	0.00260325754525364	0.00318199190612636
72047	40-44	2	0.00417186075994096	0.00475783416393616	0.00462170982940378	0.0047585968201518	0.00350353788957609	0.00371630581706383	0.00335307919688042	0.00266751458899833	0.00318570393282787
72047	45-49	2	0.00534737320142773	0.00511380614597359	0.0062151929575859	0.00681759558467764	0.00541828307573806	0.00515012554516209	0.00425016066663167	0.00388668989890194	0.00364959176296244
72047	50-54	2	0.008025274238438	0.00822512398328091	0.00906064056985647	0.00763151071491517	0.00618703612226634	0.00619140279121982	0.0054967183606693	0.00652193681108363	0.00533424278579545
72047	55-59	2	0.0118770012126666	0.0111785513396372	0.0133684553644622	0.010482804526499	0.00860898970083546	0.00879940969790726	0.00917850497090567	0.00820790636028724	0.0098085513913749
72047	60-64	2	0.0187278097259327	0.0164070683686734	0.0183601083315298	0.0189484360835569	0.0141017998889702	0.0136681670790876	0.0131863411504543	0.0127543678144126	0.01372184554258
72047	65-69	2	0.0230439681674495	0.0239168063554791	0.0249616757696469	0.0212716748603431	0.0195085935060059	0.0171212230438205	0.014608743332992	0.0161505099086938	0.0157481174874831
72047	70-74	2	0.0355533235001447	0.0348568672293062	0.0334958119376418	0.0336837822545268	0.0305854494794456	0.0271962643989014	0.025032137464307	0.0232417683720714	0.0245911120857637
72047	75-79	2	0.046497403500786	0.0545886602732116	0.053403220229028	0.0542987114135828	0.0464669190720351	0.0434805695898064	0.0408603195915527	0.03612747532682	0.0365115388891704
72047	80-84	2	0.098791548319882	0.0710712360708477	0.0918199422354465	0.0918519004975243	0.0704203483526908	0.0713342631145356	0.0680460265828073	0.0548105342751925	0.0593455848987089
72047	85+	2	0.159805193375201	0.162728302651541	0.17043251742192	0.173271429465156	0.166820381394176	0.158036016646318	0.134615838873192	0.128072787911549	0.10166573677497
72049	0-4	2	0.00324595266074863	0.00279492054783618	0.00246827754074733	0.00198916884201797	0.00150566436845093	0.00171047220051447	0.00192462075652965	0.0020590971792628	0.00205286570571773
72049	5-9	2	0.000165650816849952	0.000168784964482065	0.000173849873333423	0.000170006996259948	0.000144455374659115	0.000136173196547945	0.000124612461930832	0.000114195106129523	0.000119360666915144
72049	10-14	2	0.000238696226112144	0.000243219304902781	0.000250525035534151	0.000245020520245069	0.000208202091497573	0.000196234345044496	0.000179598442439565	0.000164590193290097	0.000168323707556768
72049	15-19	2	0.00106307642004941	0.00106057066546805	0.00111627330136872	0.00111467143666551	0.000907105498020274	0.000855206684438066	0.000783063691524324	0.000718462962346152	0.000735098225065237
72049	20-24	2	0.00214352385575995	0.00213613288880846	0.00219915909366671	0.00219920916209435	0.00183118884101667	0.00176593406547751	0.00161474710470527	0.00154613461170861	0.00155085793165222
72049	25-29	2	0.00255795142032322	0.00260681926489981	0.00274423393732919	0.00262900908660056	0.0022368368029243	0.00219914129663044	0.00197556177220256	0.00181230632892001	0.00185212136299493
72049	30-34	2	0.00292465129026799	0.00304623119523498	0.00306719808231986	0.00305884838766482	0.0025507198760095	0.00246624776006893	0.00240721577457029	0.00211539250301683	0.00211513252793348
72049	35-39	2	0.00347355613691646	0.0036006850196564	0.00361892289639737	0.00369422554930975	0.00301658553490785	0.00290877428111771	0.00266788439131543	0.00250733694549552	0.00262113418212495
72049	40-44	2	0.00421431194791318	0.00427115207341854	0.00447389653936505	0.00427332788837843	0.00363945034210851	0.00351389257803641	0.00322365938705431	0.00294641980108577	0.00322961542321705
72049	45-49	2	0.005400207076418	0.00582215018709086	0.00595075440659225	0.00555210090539145	0.00492847230382522	0.00445117782535871	0.00418092487315382	0.0039463680630684	0.00384868473710412
72049	50-54	2	0.00768378204645128	0.00761744217118602	0.00778972192763875	0.00805537831951019	0.00702430468605054	0.00678003308797295	0.00605225496564044	0.00519820776278731	0.00534847450610676
72049	55-59	2	0.0110064198480148	0.0108780583629533	0.0113197630151493	0.0116562028961825	0.00891635264507575	0.00838029844598349	0.00793949292919079	0.00776296821123284	0.00789801807243047
72049	60-64	2	0.0158264773739721	0.0151689044558717	0.0160430755081816	0.0165961798391604	0.0136027550183717	0.0137651381628354	0.0117664436242861	0.012094554662413	0.0117023439790624
72049	65-69	2	0.0231624480246638	0.0218658280534208	0.0227691132206314	0.02369972752177	0.0190754529152327	0.0182216549720575	0.016785316602134	0.0154956636376597	0.0146841550769998
72049	70-74	2	0.0317402986680076	0.0345577547567699	0.0356105139320652	0.0341783693519144	0.0273894464898544	0.0251548691960677	0.0257742277938871	0.0224525753093049	0.0217669880478767
72049	75-79	2	0.0479382136111893	0.0510317510216807	0.0498996150973436	0.0460700134163429	0.0389480618704446	0.0385936604586243	0.0367855895796154	0.0351016231969033	0.0371347595911088
72049	80-84	2	0.0759293534942376	0.0812076926558225	0.0883576003472207	0.0836326035409038	0.0753886293370588	0.0680772725904819	0.056750047582546	0.054001538881102	0.0569569469753095
72049	85+	2	0.156102619494324	0.153892853707259	0.14878340935669	0.141353584406204	0.127339633480759	0.121819314361766	0.117647431330321	0.108528976765911	0.100501260643232
72051	0-4	2	0.00322434298220661	0.00280707279746826	0.00269311628166487	0.0027438657238329	0.0025195746816015	0.00232933965787744	0.00212245053259815	0.00175324295207429	0.0018909967220072
72051	5-9	2	0.000180891806168068	0.00018288476729194	0.000192221323402661	0.000179888702204699	0.000161226728519074	0.000144260008119148	0.000133287948211623	0.000122431764602023	0.00012696966612971
72051	10-14	2	0.000274581616090772	0.000254471512784313	0.000272811256045168	0.000261505996835084	0.000225064054067591	0.00020581064919223	0.000189732550793678	0.000170965362895781	0.000185261958747557
72051	15-19	2	0.00121780017181562	0.00115797629978812	0.00118249723220477	0.00136081829695077	0.000976508504044787	0.000977750954143517	0.000825604996890742	0.000746147596831072	0.000809490027949196
72051	20-24	2	0.00202417479239144	0.00224184707383741	0.00254261290451634	0.00257639933513946	0.0023868680876615	0.0019254100528124	0.00185160229054777	0.00156692627544965	0.00158862542416145
72051	25-29	2	0.00255633774010606	0.00284443590837696	0.00356819652688643	0.00287048218766597	0.002510009281732	0.00254786817478897	0.00257286818973621	0.00197854464547916	0.00225445034968098
72051	30-34	2	0.00278873815923326	0.00299377014342968	0.00384127059591065	0.00334733009495712	0.00243055216277785	0.00256959141744021	0.00246740885584706	0.00202800645594347	0.00238229528784453
72051	35-39	2	0.00383926126491081	0.00408823923307503	0.00440611321997498	0.00433499452315986	0.00310508248432006	0.00288563213891578	0.00274487730142228	0.0028259461381975	0.00266585402136023
72051	40-44	2	0.00423503292826746	0.0045775591833993	0.00535002840909197	0.00486241989684836	0.0041204177678764	0.00364154455277355	0.00309139635830603	0.00304517008350595	0.00350515548210733
72051	45-49	2	0.0057080585591524	0.00571944989943436	0.00676038941557957	0.00724987125657276	0.00578220556741538	0.00507659489603317	0.00406624540715205	0.00348078071316922	0.00360751161530392
72051	50-54	2	0.00837869136359586	0.00884276217150356	0.00768074811870109	0.00824060848689848	0.00721198803147661	0.00676333897117081	0.00548069737182798	0.00530865663646326	0.00560603150547542
72051	55-59	2	0.0121921493829235	0.0120213573108383	0.0150150465804921	0.0116894951745023	0.0122535319351858	0.00960350961858204	0.00844817205321938	0.00785519621214742	0.0082402567851635
72051	60-64	2	0.0175445052037957	0.0191320786019639	0.0181016358925907	0.0157920215263739	0.0131809566140959	0.0130663145250817	0.0106998564106298	0.0115732773081939	0.0113388430044069
72051	65-69	2	0.0244930035042672	0.026893504212371	0.0234064789852198	0.0266021344950406	0.0236159643820857	0.0207837435835289	0.0178622657132332	0.0155798722818583	0.0156555235794685
72051	70-74	2	0.031349302952152	0.042625485932406	0.0360571674045854	0.0374324234559118	0.0306668142864708	0.0278991520612575	0.022621643511488	0.0226826235680473	0.0229318225782628
72051	75-79	2	0.0506358736780703	0.059301808014994	0.0542236876294806	0.0525552902351825	0.0521118177335953	0.0405376323611545	0.0371096757673411	0.0352457134437298	0.0359200657007419
72051	80-84	2	0.0834089210737859	0.100339252066142	0.089777002585475	0.0895458631252492	0.0864149039767241	0.0802201408436308	0.0602901465182607	0.0560337012464332	0.0591498604569518
72051	85+	2	0.136727031140826	0.167377049343804	0.14595425975185	0.152227491680774	0.127785394402303	0.14147485204018	0.142123502227781	0.124775072713396	0.126052391155239
72053	0-4	2	0.00390163667709415	0.00337969176651463	0.00417787699463854	0.00312072306294017	0.00274039226874039	0.00268483528409812	0.00261759154296521	0.00205355948844318	0.00217646038146328
72053	5-9	2	0.000203354474437932	0.000211997117936839	0.000236255849694677	0.000204959078468365	0.000176686904057824	0.000172317719482047	0.000158266293398763	0.000140806449641495	0.000145918665482829
72053	10-14	2	0.000293970376755172	0.000305490050666759	0.0003263946953315	0.000304067539531613	0.00026305553139669	0.000255878203122571	0.000220782988811758	0.000201367740416697	0.000208690094263795
72053	15-19	2	0.00116375271862697	0.00129495841642597	0.00132291630658102	0.00152109447417148	0.00108962338150795	0.00107279982739992	0.00105593090020809	0.000916747466441185	0.000942840538681634
72053	20-24	2	0.00222739280919987	0.00248858564615734	0.00280287091827277	0.00270461054672804	0.00243711070252752	0.00243968418030741	0.00271970267364465	0.00213556388277463	0.00194033934564938
72053	25-29	2	0.00280002141318082	0.00281758417556404	0.00317155065948972	0.00320998140492671	0.00292161818983109	0.00293875416645901	0.00298139528486066	0.00255716629353046	0.00246463602847724
72053	30-34	2	0.00315249744904153	0.0037989987906402	0.00425083153495512	0.00384050428892511	0.00330591648230153	0.00343339001152531	0.00280774259073164	0.0028290889197026	0.00299723758127639
72053	35-39	2	0.00428071023866907	0.00463627156120289	0.00581534885465773	0.00507431995231685	0.00405449577619966	0.00351165965059485	0.00350330543673027	0.00304373444119896	0.0031491590766597
72053	40-44	2	0.00549482284773625	0.00550520742681893	0.0064518427844815	0.00645412359306032	0.00472941627680737	0.00491051115005588	0.00382541738446815	0.00429648002878582	0.00445934156429656
72053	45-49	2	0.00717706023953772	0.00625549128466369	0.0075813590881954	0.00786792248683282	0.00698342517616995	0.00550198608524195	0.00598057501165543	0.00479022890247836	0.00524548160949694
72053	50-54	2	0.00917195615617407	0.0103389939733178	0.0103942118689924	0.00855289228106698	0.00819487619876337	0.00787343462756193	0.00746746685458004	0.00588646478976472	0.00780920551621714
72053	55-59	2	0.0142597178356192	0.0144337152023245	0.0138301615764125	0.0147985676486039	0.0113566721679938	0.0127835477475053	0.0116775825339374	0.0101045973131709	0.010220656951801
72053	60-64	2	0.0184378375212129	0.018380560554849	0.0193749069772782	0.019613238768372	0.0181505148768835	0.0185464413946025	0.0154654476720301	0.0145321082716752	0.0143843353746621
72053	65-69	2	0.0269710579733952	0.0237782102436339	0.0293551149418767	0.0242874738297391	0.0228942507470558	0.0269569770459179	0.0196242163639447	0.0191410588797337	0.0205374617717866
72053	70-74	2	0.0434263491384526	0.0414160098076706	0.0458327288585063	0.0376564157871736	0.0393405183240865	0.031092816749542	0.026514257521318	0.0253910761081944	0.0263416315892551
72053	75-79	2	0.0513424750345093	0.0558405703605255	0.0649186571043996	0.0604086832168232	0.0527883203547888	0.0458179357203759	0.0434574181120577	0.0380274324844067	0.0413270019024472
72053	80-84	2	0.114018351298942	0.0976453255512124	0.099024273866475	0.0982573000416562	0.0781763558291882	0.0867078957370309	0.0688574607239393	0.0533938962157273	0.0683678287746987
72053	85+	2	0.180009552231807	0.209406154238367	0.159192595942315	0.17501958389926	0.151215605707158	0.145109503053143	0.150728237823767	0.13193588731728	0.116624470618339
72054	0-4	2	0.0034673103905722	0.00342113517542686	0.0032984589610552	0.0032472923739526	0.00254517492977233	0.00249961683912836	0.00229470684872306	0.00198432996399509	0.00187632897298778
72054	5-9	2	0.000182607034458918	0.000185614155060751	0.000191303591514019	0.000189801421887525	0.00015799932942564	0.000148186256847577	0.000134496802913868	0.000124419780681722	0.000127682824099827
72054	10-14	2	0.000262208233858378	0.000272183241228294	0.000280440199256328	0.000266554225624535	0.000226862610025313	0.000212634448073628	0.000192995824856441	0.000178827751790282	0.000183590264313395
72054	15-19	2	0.00113543393925199	0.00114896927948926	0.00117870185030209	0.00126735547094889	0.00104084999004506	0.000898247151135529	0.00083523917472538	0.000777136351151294	0.000785615296691673
72054	20-24	2	0.00223561891454035	0.00221094484715329	0.00243478497490641	0.00228272034863064	0.00203110128371287	0.00178413200051033	0.00170028694808178	0.00159717155456681	0.00173924639700184
72054	25-29	2	0.00290063493635122	0.00281409300986215	0.00297304537594744	0.00283072981906519	0.00247709075955126	0.00229796459034998	0.00235590086163701	0.00206845092264155	0.00199950425424646
72054	30-34	2	0.00313693119903988	0.00317824444707191	0.00357440169497122	0.00335562153628122	0.00266238609167719	0.00256012586622712	0.00240261833361945	0.00227908689619415	0.00227941938851406
72054	35-39	2	0.00402644154944559	0.00387950157555421	0.00416854032974302	0.00423466762826825	0.00311333704012954	0.00297766713436078	0.00283854361654081	0.00269705969364556	0.00286900354442846
72054	40-44	2	0.00475822022741281	0.00463990312134423	0.00513287687717516	0.00489445244162843	0.00419586545684016	0.00358073576151992	0.00310832783750093	0.00325810694036114	0.00354223946242705
72054	45-49	2	0.0065194550493594	0.00680390653047425	0.00606222842171183	0.00640112300072158	0.00513975048268373	0.00479736921770697	0.00420521670982005	0.00387115198868766	0.00435018440332989
72054	50-54	2	0.00882644360175777	0.0103069261613878	0.00890553879157317	0.00838437762027226	0.00704190113995051	0.0067159657035376	0.00648960053459115	0.0063385695288988	0.00619078056971125
72054	55-59	2	0.0121703414550692	0.0135046004043704	0.0127195398206653	0.0127324277898122	0.00886065865572061	0.0086686828149423	0.00881815209461845	0.00847600847698021	0.00822946019528533
72054	60-64	2	0.0181520829692414	0.0171810767149411	0.017692141840644	0.0179031004319297	0.0165427410994381	0.014545223311319	0.0133331336399361	0.0109076967489279	0.0111706002972437
72054	65-69	2	0.0249447500354852	0.0241841774394337	0.0272298936347013	0.0255690505406572	0.0228265475575896	0.0214469858954585	0.0167906159958122	0.0163173106802346	0.0164903875254536
72054	70-74	2	0.0374660641520206	0.0428420923134211	0.0432113541688006	0.0392799915201129	0.0325058091364583	0.0315461989021281	0.0233911154603133	0.0219099905303986	0.0241970288331304
72054	75-79	2	0.0539643629410128	0.0512862951486528	0.0587395099814335	0.0484480972364153	0.0513260128170136	0.0433343529103765	0.0367545349127708	0.0377950712025698	0.0378430078291642
72054	80-84	2	0.0915209131789179	0.0919202963222374	0.100609984367803	0.0853131767081736	0.0724383525736262	0.0760722990442902	0.0620864084088234	0.0665245427108675	0.0558610336453415
72054	85+	2	0.1965657225337	0.174718859978326	0.171398938048554	0.180351366808237	0.15621490886262	0.159668166617167	0.142362969337779	0.138149425219079	0.136840952487276
72055	0-4	2	0.00385108552647666	0.00399107013562785	0.0038361746047156	0.00351665897591145	0.00282060809622099	0.00295281610093185	0.00239976946317253	0.00223869621323542	0.002560040794367
72055	5-9	2	0.000218088599194945	0.000208668521781525	0.000215799658576964	0.00022049005848771	0.000187754990430208	0.000170623899901862	0.000154440624350181	0.000144337852161033	0.000148352793260441
72055	10-14	2	0.000304581917147606	0.00029664260409544	0.000319678733256189	0.0003208559615684	0.000257212889325729	0.000249651270011974	0.000231233697754248	0.000207256970058165	0.000213120453495189
72055	15-19	2	0.00125312832492053	0.00123430152947352	0.00136504562958755	0.00131845602585644	0.00114966875145459	0.00104084985482499	0.000958492942508438	0.000928776649018184	0.000963492066290636
72055	20-24	2	0.0028303468453322	0.00261782154127879	0.00272548069956832	0.0026061795814657	0.00211192496349991	0.0023379348020916	0.00202790294401952	0.00176528728312778	0.00176299389860589
72055	25-29	2	0.003155151319385	0.00355452376130306	0.0035098131784855	0.00373120612082717	0.00287155883646123	0.00276508267846995	0.00249274709145328	0.00217456711126147	0.00264084874448174
72055	30-34	2	0.00331076605847704	0.00375698752559449	0.00409094651100401	0.00381271160141268	0.0031405756115972	0.00285045306591017	0.00264491248934376	0.00257826007068034	0.00263592146343601
72055	35-39	2	0.0046675407664116	0.00429681884948939	0.00556090325267825	0.00484255305034756	0.00430368445514379	0.00343645287138429	0.00304408140703484	0.00347832827237261	0.00324860051830851
72055	40-44	2	0.00508110795889625	0.00609930134297486	0.00600734847673139	0.0060625311827319	0.00426276269275209	0.0044419523916018	0.00363169948942858	0.00384110873708111	0.00419427412701375
72055	45-49	2	0.00649108737692276	0.00737159106399146	0.00711209204507838	0.00728541285399296	0.00605419175045469	0.00581189796763264	0.00508627653690627	0.00519518782861891	0.00516566112670346
72055	50-54	2	0.00906746193298325	0.00965783340085016	0.0105398007349374	0.00960432301498022	0.00762419757487435	0.00860510213128974	0.00752481317037816	0.00731384996043933	0.00770425889727638
72055	55-59	2	0.01546998334404	0.0138182061630578	0.0138609511781151	0.0138470495991788	0.0138222290741324	0.0122143821339155	0.0110525278389181	0.0101858063109548	0.00974863716305895
72055	60-64	2	0.0205907432361455	0.0186753399188695	0.0219175097743156	0.0214481488298456	0.0175273797539191	0.0161829607931039	0.0136403127237469	0.0133575641306538	0.0142548475316204
72055	65-69	2	0.0280125387017096	0.0268452494635852	0.0297651290507864	0.0258715424633064	0.0206454521974756	0.0221841564997637	0.0195627347896179	0.0199614554810698	0.021609935951147
72055	70-74	2	0.043702549118656	0.0414506778063474	0.0442241829325743	0.0402055796418575	0.0391921527938327	0.0354448920552613	0.0300369944215303	0.029731702844294	0.0286328331661154
72055	75-79	2	0.0656645415012529	0.0716280980829927	0.0613837062834255	0.0660122199576944	0.0492895488950627	0.0479170962366218	0.0483106790156638	0.0498403152539578	0.0390442605126086
72055	80-84	2	0.0877264905011496	0.0944692213177358	0.0925487281854915	0.108288458554579	0.0935889748915517	0.0942043614912298	0.0664629470309767	0.0626832494379114	0.0803060034868757
72055	85+	2	0.182067084335376	0.189335797715419	0.188157120766506	0.177887166399174	0.167092025178	0.14593663238158	0.15646659427242	0.170806851478254	0.148854710722131
72057	0-4	2	0.00393113460267002	0.00403750748996687	0.00402386969146236	0.0030900528591757	0.00269915691343697	0.00287102184285455	0.00217964737157127	0.00202714439726337	0.00229398182758237
72057	5-9	2	0.000201656589878421	0.000198375323186134	0.000218306645859475	0.000213118167706759	0.000180618757092604	0.000161025944300092	0.000150235175097391	0.000139372556344714	0.000146311168250178
72057	10-14	2	0.000341293009240907	0.000309883010147546	0.0003138505970052	0.000300944080443399	0.000261141418231551	0.000232832261099065	0.00020862759528089	0.000198851889485608	0.000204639460628357
72057	15-19	2	0.00111633889200898	0.00126149153310722	0.00137069992366457	0.00132025736309047	0.00116456924512289	0.00105379817943534	0.00102987586301381	0.000899988949393477	0.00094878314399249
72057	20-24	2	0.0023838087793696	0.0022601246490518	0.00260737771930122	0.0026235700800462	0.00252959780351302	0.00207139639592673	0.00204248540510339	0.00163994719308508	0.00202586580843264
72057	25-29	2	0.00281828623845333	0.00278010160952605	0.00307092755650148	0.00312768633442974	0.00253856213996181	0.0023346924539183	0.00250899406235954	0.00230884673629943	0.00265554147182771
72057	30-34	2	0.00307587753280843	0.00384120157412527	0.00379036338920797	0.00366914661860551	0.00279626045533388	0.00278012522282491	0.00248006299636649	0.00256249670449196	0.00277962932039603
72057	35-39	2	0.0038223937598292	0.00462051942245556	0.00544117806992216	0.00468075145851383	0.00365920386270612	0.00319375854591903	0.00279173267293967	0.0030676525156466	0.00381511276677099
72057	40-44	2	0.00513786457337689	0.00522064119239788	0.00548675835826397	0.00638985414288978	0.00503427852650838	0.00444415914317882	0.00331364557223583	0.00363573717565025	0.00361287537460287
72057	45-49	2	0.00646027509907491	0.00635498875955215	0.00809571663243764	0.00716808310495484	0.00603874462525252	0.00512506469153106	0.00462693137092531	0.00381800644742562	0.00483604546292244
72057	50-54	2	0.0102006686551416	0.0111205480893932	0.00893734699041753	0.00996423963667874	0.00822346272241462	0.00816412349349769	0.00664197019826145	0.00699406008808598	0.00675423989761732
72057	55-59	2	0.0138875697489282	0.013823395541142	0.0149877598743417	0.013546414215378	0.0131033431282452	0.00984925071080035	0.0106319326449318	0.00895467001759878	0.00990087329725569
72057	60-64	2	0.0215543003873379	0.0219283879478574	0.0196153886735602	0.0193927874511436	0.0177333666528691	0.0166031275856049	0.0144384489375709	0.0128755685046073	0.0133354005711695
72057	65-69	2	0.0314794031020503	0.0308288266726373	0.0307700790227604	0.0260020253426403	0.0247553752057221	0.0229165839902209	0.0198513832950977	0.0183823506141389	0.0192249243934375
72057	70-74	2	0.0481142545953465	0.046721236123245	0.0442220082758004	0.0421723531135565	0.0395110257585793	0.03531277920057	0.0283395593846892	0.026738955396252	0.0276773994254505
72057	75-79	2	0.0562145617484732	0.0572254562464136	0.0572225925973009	0.055366536131867	0.0512503839690899	0.0424885168408056	0.0430104091814248	0.0391267934963648	0.0401399832847204
72057	80-84	2	0.0917482466164041	0.108590801715271	0.0825400845261879	0.108409022543622	0.0986100733782236	0.082597400443752	0.0696326333798382	0.0621201800414741	0.0710975965929061
72057	85+	2	0.169823453053082	0.152462861314744	0.193664205929758	0.177357133287295	0.167246151218157	0.15790712341382	0.146445837280847	0.141839319083313	0.14399675074056
72059	0-4	2	0.00377678436899834	0.0035180353591794	0.00305229153597192	0.00310380109356392	0.00256843679109532	0.00236839392398904	0.00230401766452182	0.00201431536432803	0.00221933669740353
72059	5-9	2	0.000188722165553413	0.00019087690011901	0.000193294948273197	0.000189601449950583	0.000164056892080785	0.000160239099435563	0.000141084934948004	0.000131529118583857	0.000135558139734825
72059	10-14	2	0.00026924701042863	0.000283792638407496	0.000281252943077178	0.000282078790701376	0.000239505671821798	0.000239357629780109	0.000202165330274927	0.000188766432110831	0.000194626449083449
72059	15-19	2	0.00120748179370709	0.00119959845398899	0.00114341274045991	0.00116131134092984	0.00104385832001036	0.0010969087697989	0.000910851792784668	0.000820894447482244	0.000853786159637899
72059	20-24	2	0.0022005895207656	0.00243948712230219	0.00254075552011909	0.00221199773390485	0.00209241983713944	0.00213651019744789	0.00173591774588157	0.00180530686222655	0.00174567174799482
72059	25-29	2	0.00297651430055152	0.00262553090429498	0.00279382043898045	0.00265135418449831	0.00251054607846732	0.00255735375754052	0.00202242550652071	0.00228066399649979	0.00214375823521698
72059	30-34	2	0.00304975968424768	0.00342427086821607	0.00352956925123653	0.00355291287397143	0.00294397112424827	0.00283243972498932	0.00236994394358818	0.00258363623700456	0.00270829335765854
72059	35-39	2	0.0036177188894259	0.00377775457883153	0.00439824510624631	0.00373027353596727	0.00331615621393731	0.00336882574471105	0.00269463976364321	0.00301500518420395	0.00310843955282428
72059	40-44	2	0.0042060736785612	0.00454909394436127	0.00517540172291077	0.00508941161279865	0.00427672485099879	0.00380974030879838	0.00360060835171151	0.00306233537187491	0.00384417291953951
72059	45-49	2	0.00597939975439807	0.00626330814277214	0.00590651193614209	0.00651606186654782	0.0051673403626686	0.00536437954700681	0.00508588840618838	0.0046101286360051	0.00456065686397566
72059	50-54	2	0.00771980922901311	0.00931311934405119	0.00856174872183284	0.00881058698176363	0.00853014919803553	0.00734721586085476	0.00586308180526458	0.00583173798359798	0.00641360442092929
72059	55-59	2	0.0124756559316692	0.0120938377896207	0.0119008694658422	0.0118795404952341	0.0108186791775109	0.0107877757669483	0.00945004226269189	0.00889155707242205	0.00922921291599574
72059	60-64	2	0.0172137135481151	0.0215293534382636	0.0203168707348074	0.0180834014200546	0.0169990248419825	0.0158052018491629	0.0142580607120123	0.0143737171733321	0.0133675776562507
72059	65-69	2	0.0242540426910312	0.0297699337705069	0.0243596102000536	0.0231226019198851	0.0215018065679499	0.0225577724082001	0.022575768074041	0.0178717080418776	0.0158990978306738
72059	70-74	2	0.0381807557723916	0.0382020415929048	0.0398182634907976	0.0406079704800069	0.0338784776081691	0.0317146800153778	0.0253078522198875	0.0254885885566772	0.0303854894461561
72059	75-79	2	0.0582551321776229	0.0687090051218845	0.0560271030664229	0.0576810443629534	0.0461230086916196	0.0456088337751289	0.0360505498402655	0.0461378720347216	0.0453197975531237
72059	80-84	2	0.0942060165705113	0.0955064900081267	0.0903439410270198	0.101343259315629	0.0869001811904761	0.0839821736793626	0.075482174972115	0.0597725421687417	0.0691202266620388
72059	85+	2	0.157757518959946	0.173740014513085	0.153127755988158	0.155882576213255	0.15111147202334	0.185454505264997	0.160509406235511	0.141852212330009	0.142390037663215
72061	0-4	2	0.00309530721247641	0.00281240355902362	0.0028617326867139	0.00305753668999696	0.00245871224235592	0.00212338863148518	0.00199516996645267	0.00160662029053082	0.00184536346155428
72061	5-9	2	0.000180760836262875	0.000177394490476943	0.000189074788545723	0.000170993121068342	0.000153123490908709	0.000148256454442754	0.000127288881657116	0.000116498019079251	0.000122502830440088
72061	10-14	2	0.000241124606328789	0.000261829801241119	0.000257879824550614	0.00026909533440249	0.000223507609409471	0.000203842144818547	0.000175695363078103	0.000161636136278536	0.00017726966978608
72061	15-19	2	0.00103628465785356	0.00122482619291874	0.00130946923525724	0.00158061890593283	0.00121253837988896	0.00115932069802573	0.00089416925475234	0.00074683792603607	0.000795845429669182
72061	20-24	2	0.00195217005288984	0.00207276867367546	0.00279897492941166	0.00272601445456073	0.00255513419889772	0.00237005099375734	0.00226458993646666	0.00168093362356622	0.00161752338768188
72061	25-29	2	0.00270189009029331	0.00303378271853183	0.00348252113873931	0.00331532173113674	0.00280629052423707	0.0025750820773591	0.00237149097289606	0.00179945025332718	0.00211735106014505
72061	30-34	2	0.00260622143254739	0.00304702669790844	0.00425863059731457	0.00346522580977324	0.00254546823363029	0.00277185514694978	0.00260754851207501	0.00208291390972676	0.00241928903016008
72061	35-39	2	0.00291914764385074	0.00356727158502786	0.00503340036202515	0.00421922100480362	0.00297658776243937	0.00257516452447713	0.00248668785403404	0.00227161665907757	0.00310661999172862
72061	40-44	2	0.00377576725783729	0.00460882196927211	0.0051329033886917	0.00536034160944242	0.00403983977391873	0.00334843390426293	0.00313969955544443	0.00271681560853654	0.00304635025288349
72061	45-49	2	0.00453890754145274	0.00506207060682575	0.00658239816224779	0.00626743361416522	0.00442256508300629	0.00445300019607202	0.00373248735651236	0.00382573555379806	0.00470143251320552
72061	50-54	2	0.00817397483117282	0.00739183263593425	0.00767272229985988	0.00809046802971684	0.00686503544194009	0.00599602700909825	0.00580296843400853	0.00526788242396884	0.00522687388227572
72061	55-59	2	0.0106706556430937	0.0102278006605085	0.0106881003475185	0.0101859677137747	0.00922649819060497	0.00970102979028723	0.00747272032824029	0.00756476503912869	0.00790075343125983
72061	60-64	2	0.0189746505697117	0.0170051946350688	0.0143821686220032	0.0156826338923254	0.0129888465485541	0.0125802895823297	0.00954127393056205	0.009598497317366	0.01049016494695
72061	65-69	2	0.0233972885013241	0.0232364357705815	0.0230173648219972	0.0213394456623803	0.0197123599889603	0.0167358302312778	0.0157760007600221	0.0154613198600664	0.0144643051851022
72061	70-74	2	0.0343941096086057	0.0310601429528964	0.031648303789564	0.0343534111820026	0.0286037631236751	0.0257890883076527	0.0242410025489596	0.0201717459386279	0.0238300323883858
72061	75-79	2	0.0517948060584209	0.0496790460753836	0.0493662510055958	0.0492817840158417	0.0437108266849936	0.0422407035095501	0.0327061788306906	0.0324986947973035	0.0355442997983952
72061	80-84	2	0.0877223650349819	0.0827745443040941	0.0799041870525411	0.0778082769625696	0.0685341012987326	0.0689681477863425	0.0631311962754446	0.0510289137115445	0.0573076731417901
72061	85+	2	0.149447257464052	0.158481659919594	0.151428746236832	0.136045208564826	0.141920454607509	0.14238981275657	0.147188154201964	0.139076095880949	0.130089227394798
72063	0-4	2	0.0031421912025513	0.00326519474278101	0.00297222050427782	0.00263258904605124	0.00231667948493618	0.00230709510869695	0.00199939484440305	0.00154099003504408	0.00171734643467807
72063	5-9	2	0.000181327830613881	0.000181184344255212	0.000184159787341356	0.000187551686882915	0.000151589002586726	0.000154862801922758	0.000130694397673648	0.000122251555531636	0.00012265696111555
72063	10-14	2	0.000247626685191199	0.000263310583691742	0.000273267004869198	0.000278689964712758	0.000225652938767733	0.000202411539142213	0.000190289538144174	0.000178600616074133	0.000175403188968392
72063	15-19	2	0.00110483913532925	0.00103706788914789	0.00133398318456586	0.00122577712560116	0.00104980938994099	0.000925590179957797	0.000888633237010191	0.000770248286323718	0.000784118323647984
72063	20-24	2	0.00190378030993256	0.00230588848129618	0.00243937787409446	0.00235118726523144	0.00233969375130894	0.0020924801821336	0.00217344093134232	0.00162253337271253	0.00162742358689985
72063	25-29	2	0.00283628776643281	0.00292279834039086	0.00313411584415275	0.00260602564335207	0.00249636902936473	0.00280179511011535	0.00252997570691639	0.00212285847757503	0.00200435524255885
72063	30-34	2	0.00277563316349742	0.00317059094138366	0.0034777596625339	0.0034162107334595	0.00272092367515057	0.00267410725013787	0.00252352030706127	0.00222305436618148	0.00233674892112312
72063	35-39	2	0.00393143440982486	0.00387719601604645	0.00464450019669488	0.00424217225907564	0.00323453034759042	0.00329875111765729	0.00234334609735897	0.00260208776198771	0.002853697975938
72063	40-44	2	0.00466377980009874	0.00442420693739804	0.00522047662967893	0.00394205667789204	0.00369141281021701	0.00326635264364574	0.00349289353711122	0.00305740788863542	0.00298963601525207
72063	45-49	2	0.00583774139773957	0.00592316336041048	0.00607144269482286	0.00536793712652479	0.00533544097604677	0.00492808439193444	0.00391088527934659	0.00382760763743895	0.00417639499852581
72063	50-54	2	0.00782743416982648	0.0085055970904366	0.00917809165137305	0.00798188611230931	0.00713115434667628	0.00572561665900295	0.00604821014389775	0.00489477046040863	0.00607540613211112
72063	55-59	2	0.0121690597019594	0.0107555552927348	0.0117425451367577	0.0119961455500095	0.00904875707727134	0.00938808530956037	0.00763888897503404	0.0082573576283505	0.00756882614457169
72063	60-64	2	0.0181586675095371	0.0182994610302616	0.0198334522117496	0.0185620903729158	0.0134077222454557	0.013597048478529	0.0121735513488872	0.01084067378953	0.0114167410300046
72063	65-69	2	0.0233692999344888	0.0294515592456211	0.0261049176508634	0.0227622794054433	0.0226809697006687	0.0175880323831246	0.0172461390668126	0.016589117376304	0.0140459689741079
72063	70-74	2	0.035349819244797	0.03751210493783	0.0418424396423119	0.034952085046341	0.0316363567493081	0.0283388461547114	0.0260172037856071	0.0249412551269988	0.024202674805148
72063	75-79	2	0.0569630917599361	0.0503169262568101	0.0581357904554752	0.0583495305637697	0.0489971479144438	0.0444706277849583	0.0420162555730506	0.0350577843441788	0.0369567880091193
72063	80-84	2	0.094299920669486	0.082172329938745	0.0898004103148266	0.0753216559404918	0.0773403165813807	0.0616932837086894	0.0677028015297466	0.0574935910817871	0.0568094051919936
72063	85+	2	0.159478853726396	0.174362830829537	0.151185417859457	0.15054802742374	0.13208517122985	0.140698733758822	0.137883532421941	0.12625578811952	0.117622377575512
72065	0-4	2	0.00307523470625206	0.00309462175041879	0.00318822586183028	0.00268604961876095	0.00216491982986681	0.00211536892943562	0.00196655115231748	0.00139202228638103	0.00162539085289605
72065	5-9	2	0.000172470199767893	0.000170872212513958	0.000182527498317367	0.000182031045180677	0.000150138422919326	0.000138340840554678	0.000125448098933179	0.000117067503855757	0.00011909861477126
72065	10-14	2	0.000254973541700964	0.000247597733083337	0.000248187182715426	0.000258240890773684	0.00020905091462106	0.000214263509964336	0.000182770385866204	0.000167628680992684	0.000170253658287126
72065	15-19	2	0.00108507215689537	0.00107958966399286	0.0010831194938439	0.00102162741299781	0.000946479526848452	0.000840245256202058	0.00080097693885827	0.000691316906575659	0.000710937138109722
72065	20-24	2	0.00202665923348797	0.00200284288254436	0.00214655906500342	0.0019466487323622	0.00173243709435904	0.00171898202750065	0.0015328888022756	0.00136646410116677	0.00164246593653396
72065	25-29	2	0.00246109537144312	0.00270179554479645	0.00253026089549039	0.00265091149473536	0.0020892647591923	0.00191495053049951	0.0018051805140144	0.00178371047733033	0.00200890973494963
72065	30-34	2	0.00316005584446319	0.00291246167460036	0.00319290115478419	0.00320268946966139	0.00264900502918242	0.00226911084856442	0.00201045033552714	0.00196762097426171	0.00208466167644682
72065	35-39	2	0.00334963785457386	0.00393633057294054	0.00382464866313377	0.0035722259357074	0.00314173577070661	0.00277376842869073	0.00256350682511681	0.00232493295070439	0.00254569949004987
72065	40-44	2	0.00495102231719794	0.00497491685177431	0.00425512109824408	0.00428608385521847	0.00359204500643649	0.0033723085598419	0.0030758731722898	0.00320193359382766	0.0031798399124393
72065	45-49	2	0.00620904155791167	0.00548495270959856	0.00574728383818192	0.00608220099590096	0.00550088729489688	0.00443936918461137	0.0046009201939841	0.00329663045381798	0.00354962455687951
72065	50-54	2	0.00813599126949902	0.00738253353442802	0.0091237875720776	0.00887018102570862	0.00676653587832966	0.0075277698119832	0.00579073669572928	0.00589402323902532	0.00509580510345879
72065	55-59	2	0.0131810370810529	0.0118348128716118	0.0116124911931871	0.0115820767919319	0.0103941440758211	0.0100111258264517	0.00877066151093015	0.00703648805025998	0.00791070956823045
72065	60-64	2	0.0165573181416234	0.0180803639484511	0.0170648152682464	0.0164129002457034	0.0136264187528418	0.0142503353597663	0.0109982110545692	0.0103118495605712	0.0119963659435051
72065	65-69	2	0.0232615755443133	0.0303308054759107	0.0259289763519198	0.0243645049042461	0.0208358318702536	0.0207078784667782	0.0157008018551545	0.0161395660327236	0.0162216030986476
72065	70-74	2	0.0377379818613467	0.0384247621987275	0.0367937283532649	0.0355926889081696	0.0340008241797212	0.0290771761960466	0.0238473127717428	0.0222972815928378	0.0253541943657437
72065	75-79	2	0.0495905328686924	0.0494827250815026	0.0568078035660562	0.0595602808353631	0.0505514500174484	0.0486933918158304	0.0408107814852259	0.0330920870400822	0.0336294537738247
72065	80-84	2	0.0880864836030777	0.0750817371113581	0.0791447407818916	0.0834124764525684	0.0859644025575057	0.070112262411033	0.0668458714893107	0.0520636390954019	0.057229731390442
72065	85+	2	0.179716699770478	0.166241401507964	0.159024908718992	0.160489955548059	0.157243912818883	0.157857843235709	0.152944766041595	0.126719109803521	0.123798176038682
72067	0-4	2	0.00284855259991094	0.00259999494393689	0.00275404783706417	0.0026293233950987	0.00219034005181638	0.00221017871255357	0.00233364852744343	0.00188135224529164	0.00166450258933107
72067	5-9	2	0.00016128816060462	0.000160730852290811	0.00016439094063181	0.00016320688714607	0.000144866024022529	0.000129899892616393	0.000122387809031494	0.000109133558538993	0.000112362847341441
72067	10-14	2	0.000246358876635174	0.000245540609324356	0.000240632855257202	0.000229076527203663	0.000203500380198454	0.000186454181332741	0.000171796294739995	0.000156809960915874	0.000161531497261467
72067	15-19	2	0.000981535873047728	0.00101442661108662	0.000974441407301904	0.000973201005439254	0.000837373064365324	0.000787214785829228	0.000726727000928932	0.000664759401465946	0.000688722408207917
72067	20-24	2	0.00192959702783383	0.0019786304566444	0.00204310228528902	0.00206308244867345	0.00170868947820547	0.00159131910344854	0.00155072054597898	0.00136932795935822	0.00137206811097137
72067	25-29	2	0.00237996922835686	0.00227392039932042	0.00249157605179761	0.00230754325340669	0.00223793200067466	0.00200094619278552	0.00177194368143685	0.00178238283923861	0.00175010534857269
72067	30-34	2	0.0026776283567389	0.00318358237349186	0.0028794664480558	0.0027648900094631	0.00238119987066625	0.00238827771770638	0.00224169072317723	0.0019456926135364	0.00209318691022742
72067	35-39	2	0.00311804400419847	0.0034120410469408	0.0033408610816928	0.00324245681273772	0.00284709553032671	0.00266904940244587	0.00259160781662114	0.0022914362644429	0.00230286363096264
72067	40-44	2	0.00386898211512941	0.00413946950052647	0.00407282610054198	0.00385427314329983	0.00366468616961959	0.00348484919107552	0.00298868370274914	0.00298417956618021	0.00299938252650231
72067	45-49	2	0.00503468592974552	0.00523889934653645	0.00539484857595697	0.00508485188013854	0.00435463245771375	0.00410435468866016	0.00423978912800917	0.00394979532392171	0.00386068695102728
72067	50-54	2	0.00724849005152102	0.00768034146320576	0.00743264802640836	0.00734447949632724	0.00712514007184714	0.00680258920739291	0.00632753270116909	0.00491015672078134	0.00546132787529017
72067	55-59	2	0.0118168609438647	0.00989098573342269	0.0106759277927877	0.00954245807844985	0.00938443006858496	0.00844525029264009	0.00857831524519765	0.00741176594872426	0.00695628006625732
72067	60-64	2	0.0157814014016823	0.0148603994322633	0.0149962212311938	0.014266552896529	0.0124846036912825	0.0113581257193446	0.0116000258909542	0.0106271806549702	0.0115539151301701
72067	65-69	2	0.0211353389548841	0.0250892397006528	0.0222434156762036	0.0200572830886061	0.0207063938942382	0.0163772491546389	0.0160011414956347	0.0137254467815917	0.0181900476964669
72067	70-74	2	0.0339101851818568	0.0361603932007547	0.0352091690916755	0.0326380710150048	0.0295190633044498	0.0269248516632371	0.0237122703802557	0.0216298214582953	0.022043898675674
72067	75-79	2	0.0442338363554214	0.0521605833511651	0.0484654862492233	0.0530920641581362	0.0429813380398291	0.0385604497834036	0.0406210954029312	0.0372254945733841	0.0322611443531246
72067	80-84	2	0.0809432670480248	0.0763086193544415	0.0811784685069396	0.0846693722632492	0.070225990230363	0.0686406895859125	0.0561479342316969	0.0554229987493926	0.0526241210882337
72067	85+	2	0.149668465295724	0.116296722003806	0.136753500196306	0.117578242311231	0.121369847904437	0.119260135539221	0.109721655008176	0.101795286117822	0.117125393768976
72069	0-4	2	0.00340442561044606	0.00361552043519871	0.00323922642219676	0.00277963680535161	0.00264208393939929	0.00238557542147831	0.00218545826297865	0.00190597895435807	0.00222473937737481
72069	5-9	2	0.000190802507079268	0.000200787453643646	0.000191863905113562	0.000188969052881089	0.000163765931173341	0.000160136110423704	0.00013930553714422	0.000134856787346192	0.000139662890273789
72069	10-14	2	0.000310771039751521	0.00027538317432537	0.000279342722203799	0.00027111479035787	0.000236323371406368	0.000231385821671674	0.000197631208123185	0.00018800709179013	0.000190732760441678
72069	15-19	2	0.00124289819124025	0.00120158616213855	0.00128464914058908	0.00121908794217143	0.000962897936522521	0.000986440673545277	0.000959113254558306	0.00084063096576598	0.000855255663084235
72069	20-24	2	0.00239953964067009	0.0023207124403852	0.00234554907624827	0.00231359121016553	0.00214112589191811	0.00238672669194347	0.00217839268023765	0.00181391740242281	0.0017275444206491
72069	25-29	2	0.00298001366833424	0.00282735292901491	0.003422870368406	0.00295898618879675	0.00254341106015626	0.0027356369210947	0.00286244416459203	0.00253592460290254	0.00192972182429019
72069	30-34	2	0.00340953891597865	0.00373715227280136	0.00412319770517964	0.00374698120054991	0.00287709903142992	0.00295109462319327	0.0025011750488678	0.00261223930140657	0.00289380036223426
72069	35-39	2	0.00399534567025622	0.00421293479796251	0.00419128220512607	0.00378134262827062	0.00344252101586042	0.00354202417209171	0.00319464201284436	0.00263189843530245	0.00340451195669537
72069	40-44	2	0.00399620734172228	0.0044585318026474	0.00647015630056579	0.00572141295889126	0.00408426214143427	0.00451830780525939	0.00328604705387679	0.00338570334943408	0.00400511718055362
72069	45-49	2	0.00635693436447931	0.00610830183031265	0.00734822506417784	0.00629910281605756	0.00558128840564378	0.00547604550046435	0.00387789563200521	0.00462802500234644	0.00431115826655231
72069	50-54	2	0.00884784852268117	0.00949233401426033	0.00973951974626399	0.00879405770612123	0.00816306674312029	0.00754193126978557	0.00727772781572481	0.00627980378984781	0.00586518049021188
72069	55-59	2	0.0135603872832415	0.012481223823431	0.0122733275342376	0.0127641551481205	0.0109687051930955	0.0110669558419569	0.0101553350557472	0.00924723863388493	0.00920461652958976
72069	60-64	2	0.0184901423817796	0.0194108669616751	0.019274228137063	0.0177614476213903	0.0161738549747433	0.0138777938412617	0.0127687613089015	0.012257220702171	0.0105471845757556
72069	65-69	2	0.0264963144368096	0.0303414517371891	0.0266312520473097	0.0233760670369972	0.0216830671671432	0.020459487428407	0.0173053601539953	0.018232237076947	0.0160599352653805
72069	70-74	2	0.0426993067746933	0.0407227658917882	0.0447242396844801	0.0399991470915389	0.0326563269373924	0.0294340844007003	0.0252395289439687	0.0240316190421269	0.022254169013974
72069	75-79	2	0.0599274989501065	0.060763178523396	0.0629548424660647	0.0547736080875819	0.0532234761623922	0.044190381999135	0.0382588365238154	0.0368824265695022	0.0307605290371133
72069	80-84	2	0.0966234008039408	0.0800740638772502	0.088915265262101	0.0871707456506231	0.0715551413205714	0.0721319044356274	0.0703316126193608	0.0543231542250066	0.058166115831279
72069	85+	2	0.184934785386536	0.13255445222832	0.146525899467543	0.171563908250475	0.154439158708499	0.16625098365334	0.141346666662337	0.132979694359733	0.0978455316773887
72071	0-4	2	0.00337940779148814	0.00297934992963323	0.00306175293108739	0.00276475491495733	0.00213255630567014	0.00192879592482123	0.00209986494844018	0.00170318716994618	0.00174259298583842
72071	5-9	2	0.000181521879821326	0.000183147429493599	0.000195593200407792	0.00017951788514198	0.000158590799389762	0.000141688911906156	0.000130206871338917	0.000119460785678904	0.000122130024745173
72071	10-14	2	0.000240945688846501	0.000263569009169069	0.000281453348048539	0.000254792367363428	0.000230693674697821	0.000219601381555304	0.000185421552516316	0.00017407106805252	0.000174126570975088
72071	15-19	2	0.0010877939906822	0.00108165076032218	0.00110910521853505	0.00117665321518275	0.0009554662314787	0.00088041136951677	0.000789639955142376	0.000725823108935926	0.000731715160882977
72071	20-24	2	0.00229138294776734	0.00217355077564817	0.00218040506562385	0.00213525077694887	0.00201233600513423	0.00170626390789796	0.00168031218562266	0.00155823154659942	0.00138493456432058
72071	25-29	2	0.0024741577197954	0.00266461277638423	0.00249217465256654	0.00261730963358029	0.00230501273338015	0.0021033510639783	0.00220143517932074	0.00178781948669126	0.00185821587673482
72071	30-34	2	0.00290692463269846	0.00344252629051938	0.00310985562710337	0.0030457617375904	0.00270533327129616	0.00267226483820639	0.00229791279173471	0.00239491483248146	0.0021237935846115
72071	35-39	2	0.00339582630010492	0.00430377028216503	0.00353191343345553	0.00328541793503554	0.00321888892153401	0.00234389797609209	0.00266412277472406	0.00267154446932521	0.00291511732123622
72071	40-44	2	0.00467487613601155	0.00487354424518794	0.0044758232136515	0.00471701637023007	0.0038305975802769	0.00351123915846901	0.00318872842026039	0.00293277315325316	0.00327049520226216
72071	45-49	2	0.00619600590253606	0.00560749546959099	0.00670861477066801	0.00553982015223627	0.00545686407066565	0.00451669094943195	0.00377687655811556	0.00363036605640953	0.00397027979353885
72071	50-54	2	0.00858612831835172	0.00845720673388191	0.00799389240976267	0.00884863781938039	0.00753847992250724	0.00728445186687024	0.00621947084513604	0.00624530081600841	0.00650276208900967
72071	55-59	2	0.0128250189003476	0.0110675349616901	0.0131774866155038	0.0128545186577294	0.00996041959140679	0.00975246408080035	0.00993970411133173	0.00794291982702235	0.00733354968475178
72071	60-64	2	0.0165728247864499	0.0193293483991071	0.0197357559060889	0.0184928681899031	0.0151376404035894	0.0153420506770325	0.013497159039689	0.0110148231910957	0.0102039883898254
72071	65-69	2	0.0211101938462832	0.0246211074543932	0.0273091712190668	0.0242647854083315	0.0237956137334302	0.0187077337200673	0.0176610380052974	0.0192811404692345	0.0167155792638391
72071	70-74	2	0.0375056361135741	0.0403311466918182	0.0402018972893108	0.0370219986356767	0.0330394563890452	0.0317599801345497	0.0266205987289921	0.0250110428091037	0.023459826123225
72071	75-79	2	0.0406625943554222	0.0573319219450731	0.0562216039603207	0.060916205537582	0.0548735538757613	0.0488311494408794	0.0430715730613019	0.0326030348493134	0.0389421794449422
72071	80-84	2	0.0850357992477504	0.086719196802641	0.0801124804573145	0.0935649761745169	0.0872849260591064	0.0762373166576263	0.0679187144860428	0.0585594620156375	0.0592370991060772
72071	85+	2	0.176114598907383	0.168870134297381	0.174978035355137	0.166602756955582	0.138023772307245	0.147422478298385	0.130206123498898	0.122999603268532	0.126302530958376
72073	0-4	2	0.00332457863284047	0.00348875530834908	0.00336143187873908	0.00345064941697542	0.00246095778999241	0.00244938950464004	0.00218669330287561	0.00178320180605181	0.00161772684484319
72073	5-9	2	0.000174593446519697	0.000174262509915584	0.000182821139121966	0.00017368439089561	0.000148611657328136	0.00013942290084049	0.000133016254940452	0.000116479805105657	0.000119526276742592
72073	10-14	2	0.000249306067103694	0.000254106174289748	0.000255260386960059	0.000264414137737501	0.000212476273772607	0.000199481478023579	0.000182543858389001	0.000167377961073224	0.000171745845053524
72073	15-19	2	0.00106515272277109	0.00108811879984702	0.0010702444877973	0.00105649407844226	0.000932001573171978	0.000843459313643604	0.000810215075380288	0.000722846575976137	0.000746578060492104
72073	20-24	2	0.00214958301252447	0.0021063129039946	0.00214184926805871	0.0021750128408691	0.00174125343352603	0.00179297473757831	0.0015657443129096	0.00149310478665953	0.00145786106880609
72073	25-29	2	0.00251321747361883	0.00255434565420921	0.00291378507865025	0.0024673260675167	0.00222471740122319	0.00205385378691679	0.00208029277131719	0.00183194752631295	0.00196137824721938
72073	30-34	2	0.00309393281245197	0.00280894384244774	0.00306632872216756	0.00316874740075206	0.00266800476059064	0.00246518061384945	0.00223875033318772	0.002042094611044	0.00227908781360087
72073	35-39	2	0.00382618800449439	0.00338169791921841	0.00366166345793361	0.003687584785734	0.00306199731710851	0.00309618107384738	0.00259610289083979	0.00235633825301909	0.0025604559885857
72073	40-44	2	0.00447091486159738	0.00423433072094022	0.00436135218575649	0.00453528921590944	0.00348618493937218	0.00377294365894553	0.00323774385663762	0.00315376340921387	0.00323390818103369
72073	45-49	2	0.00530536026403584	0.0061550838283109	0.00586695843852808	0.00525786021007049	0.00446158699938584	0.00465078826463216	0.00422217543806839	0.00365651183089365	0.00419705290221749
72073	50-54	2	0.00814760395292202	0.00868185606261206	0.00852929730332446	0.00897356247482028	0.00642787998860661	0.00720743362885238	0.00596732177844573	0.00562065073733378	0.00546716774452367
72073	55-59	2	0.0131111557787769	0.011682482130087	0.0126035282010971	0.0118033665879957	0.00959099124854082	0.0089393591763691	0.00805810415802645	0.00839134472543299	0.00848207768236361
72073	60-64	2	0.0157545065312675	0.0183831000370237	0.0185633079064408	0.0176918916568699	0.0148563383831341	0.0140961566497243	0.0116289884045334	0.0109981297304099	0.0112965420094728
72073	65-69	2	0.0264282138712841	0.0237801907842825	0.0253177529368848	0.0205974475686939	0.0223335938641956	0.016308507856022	0.0173348084884464	0.0142802437776843	0.0154207466423913
72073	70-74	2	0.0386605985490485	0.0394408467875859	0.039846978321212	0.0373542556219983	0.0385076729315895	0.0271345337178297	0.0249252032486299	0.0239134607706152	0.0211107214174601
72073	75-79	2	0.0523292718974362	0.0649808259099185	0.0591438771283525	0.0477504812000545	0.0463619492375781	0.0440393429984528	0.0362291757353709	0.0333159491128412	0.0295186466713732
72073	80-84	2	0.090383355129708	0.0872197899462074	0.0996792829791435	0.0955012282514476	0.0862341360149029	0.0668771219924475	0.066011613235654	0.0581089727175159	0.051073103313198
72073	85+	2	0.169588148861705	0.191546932739722	0.169731268924623	0.16497459475764	0.132353467311929	0.128187124051063	0.128348825516619	0.112105973467401	0.124663021268667
72075	0-4	2	0.00447286727293055	0.00327073208133006	0.00367290326893376	0.00295301531587731	0.00237427000344095	0.00249493979600573	0.00209908531996746	0.00193476605904923	0.00202596493282182
72075	5-9	2	0.000194655521884169	0.000182940787874205	0.000213073632778867	0.000183821114021608	0.000170193148992239	0.000152668686611438	0.000136686736885418	0.000127621176003719	0.000129471516031333
72075	10-14	2	0.000309119944255463	0.000290277490397539	0.000280489447742697	0.000299098686989275	0.000245619183895406	0.00022040873760729	0.000198297217571823	0.00018606645708293	0.000192850294673393
72075	15-19	2	0.00107193779278025	0.00118066706279797	0.00111637493411966	0.00119364908444486	0.00113499674084996	0.00112565707714137	0.000997941429968819	0.000747213724052474	0.000753400145137552
72075	20-24	2	0.00199572561720067	0.00233519776332524	0.0019875631324861	0.00270060535508007	0.00242770144808854	0.00235375342793815	0.0020899412640573	0.00151296453202529	0.00167568217637984
72075	25-29	2	0.00274081148859183	0.00293521751707693	0.00281837679490601	0.00324475039745639	0.00286007061253678	0.0027310685298268	0.00234643208656999	0.00190343504129514	0.00239282847458403
72075	30-34	2	0.00289541260073622	0.00311152840039674	0.00377611140748668	0.00306042661335377	0.00264862596425293	0.00286219177419052	0.0028169370206718	0.00238672431495801	0.00262000289841138
72075	35-39	2	0.00359542584434194	0.00480254885117641	0.00505177080748139	0.00378698847568694	0.00329121834829563	0.0029820885181494	0.00261098788207372	0.00264268959710042	0.00292465957362398
72075	40-44	2	0.00430514283670302	0.00483127895385822	0.00479582386412791	0.00520174291106687	0.00411898115840681	0.00400177674726879	0.00328656497365856	0.00335124486552904	0.00315357020816355
72075	45-49	2	0.0059881652920554	0.0052039874196665	0.00617423673197356	0.00657277712069918	0.00583056896080012	0.00451565175849319	0.00463752744040675	0.00416231657610319	0.00420702908431009
72075	50-54	2	0.00812580095466493	0.00888194339416754	0.0095206361877846	0.00885210032927297	0.00706602364881538	0.0078194439756012	0.00566988380104187	0.00557248708936751	0.00557171879770173
72075	55-59	2	0.0132141467277911	0.0123637986147472	0.0122344348729121	0.0108191559745407	0.0102303510818457	0.00935234110485168	0.00871085900179173	0.0086194400223448	0.00832260409275726
72075	60-64	2	0.0190292229522986	0.0183525064763746	0.0166358837617135	0.0182610784248506	0.0164807826090182	0.0147118899967675	0.0139610004580572	0.0122078559486431	0.0122571622786511
72075	65-69	2	0.0250804295530319	0.0265648302144046	0.0266250921868928	0.0291962338910826	0.0242605747118508	0.0180779446047281	0.0171428082353236	0.0163460494560357	0.0164300618324166
72075	70-74	2	0.0462421415460923	0.0489614867765981	0.041209503005109	0.0370834473163356	0.0355871094046556	0.0327112810592186	0.0278211838424326	0.0202230855305746	0.0261553466260854
72075	75-79	2	0.0543680400852655	0.0654799495140802	0.058303854873143	0.066966059319749	0.0600730099743878	0.0480518117600228	0.0418978805869493	0.0393489360520806	0.0397701809242087
72075	80-84	2	0.0986005671727286	0.0865646038614709	0.100900128275431	0.104481268601657	0.084201687522801	0.0672970845253373	0.0687702415545185	0.0663170697494003	0.0631312227891849
72075	85+	2	0.17388684728215	0.158462357093231	0.167781434473622	0.145221182783159	0.165638671072514	0.130751528791711	0.131860486659033	0.115113468188908	0.114302855284156
72077	0-4	2	0.00340348469671974	0.0035901865170146	0.00313124423027894	0.00319117855283724	0.00258073372385636	0.00251981091211542	0.00224846256315241	0.00188322632656702	0.00198813378106654
72077	5-9	2	0.000210863442723727	0.000207071534527381	0.000212539151053574	0.000209791479378133	0.000171967754518407	0.000163822970229514	0.000149603690700413	0.000131921957226056	0.000143206082094819
72077	10-14	2	0.000293549331715301	0.000306295210522805	0.000295014897417957	0.000291918107757464	0.000244955016456614	0.000232954694607552	0.000222206374605323	0.000192473838227163	0.000195921203927283
72077	15-19	2	0.00121076018107904	0.00119723729552128	0.00135613860422675	0.0012490313818179	0.00117638152831837	0.00103950956711553	0.00105303750652822	0.000847883988594216	0.000789411928240942
72077	20-24	2	0.00233783937347164	0.0025761970390429	0.00265293312554486	0.00282604349530024	0.0024010806437898	0.00263853467487555	0.00226034867779582	0.00174632527317081	0.00165072906907871
72077	25-29	2	0.00313420399878187	0.00297719983218141	0.00391631909290509	0.00280548877014017	0.00283600129830865	0.00282017484425359	0.00295041465261352	0.00238647982933612	0.00227277171282976
72077	30-34	2	0.00358696267329208	0.0037955264320312	0.0042485144348445	0.00387898476020149	0.00291275470241785	0.00317941948206525	0.00265680208052665	0.00236780458854083	0.00231298132700539
72077	35-39	2	0.00378265667071594	0.0048697450486582	0.00499452362954981	0.00465575963520839	0.003493420434383	0.00327455347550078	0.0028764128873949	0.0029502892794057	0.00324021389293821
72077	40-44	2	0.00570436056111315	0.00526039290073614	0.00679916505204928	0.00530546119874441	0.00439907565731379	0.00410920283964924	0.00363474466418734	0.00316883233711548	0.00385772563859705
72077	45-49	2	0.00656166774894463	0.0071913676771104	0.00614465194162567	0.00658646168762904	0.00564037999060785	0.00549521658258847	0.00468546769438227	0.004739289785886	0.00484351441693975
72077	50-54	2	0.00884164235904451	0.00884675627786328	0.00984245529063067	0.00984183176615233	0.00786860097055452	0.00876528988302278	0.00830692828835594	0.00554728397470588	0.00666974056219237
72077	55-59	2	0.0141182352552126	0.0161522053675554	0.0144998415130711	0.0135748257646083	0.0102600399125471	0.0107247878913639	0.00897368205061647	0.00907820057478036	0.00884865064433576
72077	60-64	2	0.0194458234772358	0.0181748664587634	0.0173268220648933	0.0159633377559238	0.016789824611678	0.0147950074442091	0.0138348666916388	0.00958598822140919	0.0149444614753221
72077	65-69	2	0.0267120392900271	0.0292082577157325	0.0264421256403168	0.028308595275584	0.0235894309713572	0.0225603139791041	0.0187335326207338	0.016994008494799	0.0189648124553468
72077	70-74	2	0.0420516405912737	0.0412559020011452	0.0435847017668858	0.0388047113352396	0.0281989721106058	0.0316215221602793	0.0280792939164598	0.0244521677694384	0.0262562750915614
72077	75-79	2	0.0563222728756537	0.0572231102574672	0.0560652456745054	0.0560776209865575	0.0499449470207078	0.0503620371654193	0.0455105021135392	0.0388595763177097	0.0390289532148926
72077	80-84	2	0.0925747361291887	0.0987604602961405	0.0990449820548637	0.0990177127227062	0.0913968585468162	0.0788900443906612	0.0736741804783145	0.0587189542034173	0.0587750071556197
72077	85+	2	0.181908316804098	0.185478004333182	0.192300755282333	0.176911291872059	0.161674953865317	0.146599177900227	0.13887767416443	0.128150312789651	0.120657342833219
72079	0-4	2	0.0028436221162161	0.00291629087456987	0.00309501353037073	0.00267980172437762	0.00261836130703514	0.00227456593203543	0.00230226516841636	0.00147092320630341	0.00171994185737502
72079	5-9	2	0.000178363620553931	0.000172913671978926	0.000186414198243674	0.000181914721499756	0.000149787965409204	0.000140244716194448	0.000129656859116261	0.000118013328824024	0.000121011940456815
72079	10-14	2	0.000249499952711659	0.000274446274547452	0.000254749078951627	0.000260260623589091	0.000219336279982932	0.000205067044267603	0.000185601145314373	0.000169476386161902	0.000173643692722399
72079	15-19	2	0.00102895488593104	0.00103030511605705	0.00116582857050503	0.00110453835792461	0.000909023187317231	0.000816797836599496	0.000761946057063184	0.000718915494132156	0.000760064842783864
72079	20-24	2	0.00205462953295242	0.00213380245279578	0.00213187685630003	0.00206857346504769	0.00180010632803022	0.00174531528534104	0.00160178057419577	0.00146659611767669	0.00163312069766366
72079	25-29	2	0.00255552745145637	0.00244909709604212	0.00277773150288159	0.00269748915931939	0.00208568606738357	0.00195092980896071	0.00193288134369854	0.001795435196747	0.00173246376511349
72079	30-34	2	0.002821691652274	0.00305070403326808	0.00314512160596709	0.00299896484785256	0.00250822907418438	0.00239450231885758	0.00214441896905659	0.00212443928233904	0.00204027420782279
72079	35-39	2	0.0038853190396476	0.003436363512296	0.00370413171059552	0.00338432681356506	0.00349890114488188	0.00274785503633064	0.00277358460370908	0.00241562056954958	0.00288080932373014
72079	40-44	2	0.00416308207987589	0.00435694993394629	0.00526519295677622	0.00423720947295838	0.00378920003465532	0.00346190440485833	0.00332444411590675	0.00295632182997834	0.00341620868937171
72079	45-49	2	0.00566686877011009	0.00587288284716249	0.00579490792223782	0.00621102882019267	0.00470900353914886	0.00439139824380993	0.00437123744442919	0.00426296033389889	0.00391320171952971
72079	50-54	2	0.00743438653755679	0.00777480284315009	0.00889211274501349	0.00890065511142548	0.00653181980044864	0.00668335015100432	0.00650519164496466	0.0053280187144645	0.00550539593104291
72079	55-59	2	0.0111895637091842	0.0129216978528725	0.0115121556265447	0.013465642473599	0.00973758898742764	0.00995309774503806	0.0102941095224787	0.00785815299218329	0.00783627352790372
72079	60-64	2	0.018847907082161	0.0192374106988754	0.0177434964092375	0.0155222283330111	0.014502339212519	0.014340552493504	0.0135549761919668	0.0130061297450677	0.0119567360292776
72079	65-69	2	0.0234096850047416	0.0234815539510366	0.0211341409891262	0.020027191075157	0.020419066720488	0.0200993878100959	0.0199047771057169	0.0167324755245572	0.0161771795352743
72079	70-74	2	0.0397703099296377	0.0378314037411474	0.038402061513486	0.0385349014104161	0.0331182749969239	0.0246263015918161	0.0257446523107705	0.0251225215349426	0.0247382825360003
72079	75-79	2	0.05712419398777	0.0489714938144475	0.0479670238929481	0.0523273430449788	0.0486112584947804	0.048378918279833	0.0390938337376161	0.0369695047279013	0.0378904198632392
72079	80-84	2	0.0955006019026089	0.0836990031850352	0.0946256528852896	0.0906169191438117	0.0798681530568252	0.0722127057016174	0.0614481303881575	0.0525505777322303	0.0589517073479183
72079	85+	2	0.165042102665908	0.14856954371787	0.162468943244522	0.177602849794857	0.157302964072203	0.154040523096975	0.139210693402328	0.121930654458935	0.103193562797261
72081	0-4	2	0.00330566349188712	0.00272458605748926	0.00334234789116563	0.0026459447786299	0.00224045460764639	0.00192620025293076	0.00202545864045936	0.00180640075796289	0.00181894423151279
72081	5-9	2	0.000173773765652429	0.000167686158027114	0.000179187772016245	0.000172517760910304	0.000142939452827844	0.000134563090729199	0.00012459789038425	0.000113576452126586	0.000115969424919171
72081	10-14	2	0.000236050772165937	0.000258597231411171	0.000248665936702851	0.000250241769432546	0.000221823569446643	0.000200577004927982	0.000178117822624253	0.000162792223435195	0.000166135883692362
72081	15-19	2	0.00105567755741049	0.00111204185544755	0.00107350684333978	0.00108786086342011	0.000923889460319725	0.000815483360665522	0.00074051301265875	0.000701348206363763	0.00070703413952065
72081	20-24	2	0.00218650250190866	0.00224729551839063	0.00203455880946541	0.00184465714083697	0.00173924161502484	0.00171223844833923	0.001640893993476	0.00136605465343187	0.00137326263659463
72081	25-29	2	0.00252563068057209	0.00267007387330485	0.00250052803349638	0.00244218101696557	0.00201764096045785	0.00191669225381677	0.0018324401038303	0.00168353148890387	0.00187536517640246
72081	30-34	2	0.00291994569857573	0.00303639761630931	0.00294204767925778	0.00281452197897223	0.0024193564757318	0.00220293081930602	0.00204359062599006	0.00184336127518212	0.00223087182621861
72081	35-39	2	0.00388274342461651	0.00341453933289695	0.004063403836281	0.00330730833884937	0.00289548441519236	0.00278677261173293	0.00228552088712699	0.00244349390443077	0.00227648901000075
72081	40-44	2	0.0041037577103822	0.00457362606613675	0.004886262565215	0.00400568160387192	0.00360400286203842	0.00295878730657062	0.00303826233179387	0.00320224091665872	0.0031449663269969
72081	45-49	2	0.00623545108083122	0.00533575068341979	0.00587211310264825	0.00575719013764232	0.00426203485876011	0.00438772070870639	0.00386973451629139	0.00363707791281745	0.00356880610054848
72081	50-54	2	0.00812915010545766	0.007702557323756	0.0084197250106049	0.00749496657167287	0.00642196853868755	0.00597394992234257	0.00540371675596291	0.00622149198635485	0.00683235118023591
72081	55-59	2	0.0115284887554753	0.0119889508555431	0.0109862538084914	0.0118425754793668	0.00943246169512566	0.00870277381167441	0.00675638911319957	0.00706927626804315	0.00795239546529286
72081	60-64	2	0.0160134927678181	0.0183337872289033	0.0182515973775698	0.0173682926614563	0.0127607666070096	0.0123108873576548	0.01150773121273	0.00993409642079695	0.0090838800022057
72081	65-69	2	0.0274159618120019	0.0263769743919827	0.0259406790356724	0.0233206572835419	0.019374088407721	0.0215604764178696	0.0177764068779651	0.0174638797314489	0.0142042150677986
72081	70-74	2	0.0404641925258886	0.0394756376408562	0.0407963579838498	0.0336703832080443	0.0336780329213707	0.0284869409714288	0.0243186399915153	0.0261299816957459	0.0230299787931373
72081	75-79	2	0.0582021674996934	0.0577216476008863	0.0556363691730835	0.0470191703912295	0.049571345051206	0.0458953338846577	0.0331966335877577	0.0367599676698837	0.0367703325590761
72081	80-84	2	0.0898015944534747	0.0796992562151577	0.0729975595059221	0.0709273949309338	0.0762449596625609	0.0742123779829689	0.0623155056544568	0.0547570120037333	0.0519719004854929
72081	85+	2	0.179593398346998	0.154202168352207	0.144102142057239	0.15472467501053	0.145405793656632	0.143434380941625	0.117451529674603	0.107840516711473	0.104978359212444
72083	0-4	2	0.00326211532314986	0.00295856411146698	0.00302793817314273	0.00260740025193308	0.00220434666158539	0.00208524361328748	0.00206282690409106	0.00162353081420368	0.00156473230283042
72083	5-9	2	0.000160077297803343	0.00015994433582099	0.000163902789951111	0.000160730946375823	0.000137522724132359	0.000129337782811799	0.000117221795467544	0.000108275664732123	0.00011588808660356
72083	10-14	2	0.000224820493570123	0.000229400395514253	0.000240157351614121	0.000230586208609223	0.000201864452288635	0.000185929877965907	0.000168643108034449	0.000155888977528043	0.000159591271256649
72083	15-19	2	0.000988430438352699	0.000969879392960351	0.00101442109950815	0.000993253722943795	0.000855505920178381	0.000825161044979416	0.000721894081142125	0.000671236524618054	0.000688422539215525
72083	20-24	2	0.00195438305542794	0.00199896372918481	0.00203664779494565	0.00197517673503524	0.00163129414775449	0.00158411003985116	0.00142269594378431	0.0013921298768509	0.00158901809378913
72083	25-29	2	0.00230573402267724	0.00243367381998784	0.00252332245419273	0.00241275919971262	0.0020041372059393	0.0019370842690371	0.00181964484976083	0.00169588932258838	0.00171294619234997
72083	30-34	2	0.0027023755849576	0.00284254975820055	0.00283627268703669	0.00301717509453822	0.00232822426093989	0.0022554476465965	0.00202430885788872	0.00199175968913376	0.00199896964379452
72083	35-39	2	0.00348814408969024	0.00347593791238145	0.00373932904346552	0.00347669779191143	0.00294843760380427	0.0027534779012687	0.00238064271693559	0.00241023817420021	0.0022891374954765
72083	40-44	2	0.0038683654934306	0.00412316489232308	0.0043910167908191	0.0039261023450995	0.00347255468343842	0.00319564790489979	0.00294956365375322	0.0027986213464906	0.00288834161546001
72083	45-49	2	0.00490868238327033	0.0050921775406916	0.00521928362235053	0.00548311921531162	0.00440492361738453	0.00431001669469022	0.00368759466787347	0.00360923224588656	0.00360093066314105
72083	50-54	2	0.00721127362927255	0.00823516283155141	0.00703276876764671	0.00783540231461732	0.00641685913619429	0.00575754199692923	0.00525096847554945	0.00571691513922405	0.00509463401781253
72083	55-59	2	0.00989790826817695	0.00968602103865028	0.0108836305689699	0.0106130367183396	0.00924640962114424	0.00823552351963707	0.00726292895192186	0.00728511917789731	0.0082304695667839
72083	60-64	2	0.0160216353736104	0.0160997900241288	0.0160582781395038	0.0150157170736646	0.0130203313733121	0.0132008934054499	0.00978449584810041	0.0101065292414238	0.00967140333843245
72083	65-69	2	0.0200189002166722	0.0212683750816031	0.021832193193158	0.0227833482342146	0.0178025729463653	0.0189000662293353	0.0160983642264965	0.014246912014487	0.0152693154871666
72083	70-74	2	0.0338793149645476	0.0352855127168568	0.0323697126686274	0.0304038981352736	0.0308536517175639	0.0276403611403408	0.0251255768945042	0.0204681346824916	0.0198975136046352
72083	75-79	2	0.0499237343383664	0.0507613261759114	0.0525398072972587	0.0472608039404047	0.0438784274490883	0.036250225702637	0.0358399784380221	0.0312676034641998	0.0365953673465134
72083	80-84	2	0.0801709619316596	0.0806315444569748	0.0737881531565105	0.0776747919965437	0.0626585667866287	0.0625575050914394	0.0659583142783656	0.0522835309845124	0.047437183965617
72083	85+	2	0.121553104050268	0.138036855293171	0.130498161799503	0.176226858009215	0.157827019445933	0.146505861105772	0.114276325724086	0.121879776766587	0.120969593086798
72085	0-4	2	0.00335548517650732	0.00325196936588925	0.00276991585224511	0.00263558711005198	0.00220959045723753	0.00211530253045601	0.00205963315405283	0.00154149050687124	0.00182796851241249
72085	5-9	2	0.000168833973265754	0.000176034305807675	0.000197298765101636	0.000170209957202526	0.000153865273258013	0.000137216916749202	0.000128096359660302	0.000116779688508216	0.00012064173406913
72085	10-14	2	0.000251622966654581	0.000250647752613335	0.000268650269567805	0.00024251205307149	0.000214937922006816	0.000195971433632291	0.000190989023538725	0.000167058051734935	0.000172554394040081
72085	15-19	2	0.0011076417550256	0.000990142528065878	0.00106421654345449	0.00112106992440248	0.00084903449086893	0.000861960424936115	0.000897241057727188	0.000721823247832253	0.000734550248132245
72085	20-24	2	0.00202825460712549	0.00223561640381752	0.00260629254830664	0.00231357363763064	0.00213153587096688	0.00164963372021572	0.00219318616640073	0.00169660253385872	0.0015760634645699
72085	25-29	2	0.00271553271943435	0.00276591393752757	0.00298880636610449	0.00240133679824611	0.00241371350436041	0.00203290862957508	0.00201847052467363	0.0019424001765201	0.00239427798261865
72085	30-34	2	0.00299441853945162	0.00321008998078477	0.00360419484150997	0.00291954650236738	0.00247524141366052	0.00240534942243827	0.00263657902823941	0.0021829604836415	0.00219966298857021
72085	35-39	2	0.00343369568370598	0.0034880002705693	0.00406508706684587	0.00382440744520556	0.00309782803102034	0.00311794742571754	0.00269543653723158	0.00233616730590988	0.00280572511408225
72085	40-44	2	0.00465995256040977	0.00411873673481738	0.00446616379224473	0.004583465403552	0.00349252407056968	0.00345435341970045	0.00301146036650604	0.00273373933450485	0.00342882726570915
72085	45-49	2	0.00604313508195642	0.00538004012156239	0.00616646488395114	0.0051655456896884	0.00510786650089287	0.00433286222812984	0.00388743830221359	0.00389038684172621	0.00400059029333874
72085	50-54	2	0.00832311161764078	0.00762895754545833	0.0068099448020063	0.00727716872847797	0.00690344807783595	0.00589670078702973	0.00554759755091608	0.00514729562499817	0.0058888520845133
72085	55-59	2	0.0111647792024208	0.0113882087824781	0.0132538821613105	0.0108660361946681	0.0110554343727213	0.00817169365121746	0.00779727326556544	0.00911818950462732	0.0086815402299891
72085	60-64	2	0.0143449600198222	0.0196325728478817	0.0170749204062548	0.018416595365128	0.0153220411974324	0.0119365595228725	0.0121127933187746	0.011588598467426	0.0117437190238649
72085	65-69	2	0.0228058487143717	0.0247059886398267	0.0247702106308727	0.0226260487523403	0.0185003237808588	0.0187678669340041	0.0201828353340999	0.0162942554094105	0.0161503776329543
72085	70-74	2	0.034583290625326	0.0357078311921748	0.0411659777640488	0.0367618838736205	0.0297654876584578	0.0288321746064318	0.0277707779517045	0.0228370723063472	0.0225241554082412
72085	75-79	2	0.0452133808679404	0.0546587156732968	0.0494436800886463	0.0524661018102788	0.0526084376807244	0.0463769767982047	0.0362223799511138	0.0334213760545794	0.0343556582579014
72085	80-84	2	0.0901044528311248	0.0819173892580165	0.0863210373861866	0.0784451275102518	0.0672105774633066	0.0640507226243949	0.0668082225021776	0.0573846159172523	0.0546344216321891
72085	85+	2	0.152631180757777	0.18007763443896	0.139555693378855	0.134179739474399	0.133483137114093	0.146245264479155	0.138227496304697	0.131208292808905	0.110551286701441
72087	0-4	2	0.00470198076742824	0.00369147206492913	0.00412384758870001	0.00362723688078013	0.00297307960559294	0.0027917755751237	0.00246934258595149	0.00161758643047354	0.00209458194243985
72087	5-9	2	0.000215741604172719	0.00022736176448306	0.000246788696297102	0.000219715775198656	0.000190394513378096	0.000180500433994361	0.000159681178967673	0.00014320965652728	0.000149310001864966
72087	10-14	2	0.000306847420100488	0.000322902928094261	0.000315088808701593	0.000344868645746666	0.000287435683751892	0.0002676784368981	0.000238175812675399	0.000205399764959461	0.000223076045993418
72087	15-19	2	0.00130698689943196	0.00131688990164393	0.00159028810610132	0.00177872011839709	0.00210938038626861	0.00161351952152666	0.00134146153589203	0.000933299345731648	0.00111086411599695
72087	20-24	2	0.00261619047745363	0.0026683567150681	0.00282197429199827	0.00354822531377409	0.00334517848989821	0.00407775892187625	0.00289190058137615	0.00220428291663699	0.00224828905067355
72087	25-29	2	0.00310076596868113	0.00351679894626304	0.00400831966977154	0.00405024570327559	0.00378068601155873	0.00377480903965929	0.00311870836349752	0.00264216147981999	0.0027795091404799
72087	30-34	2	0.00360182257712018	0.00410739061825375	0.00459646485507886	0.00537519471014952	0.00429925161455795	0.00400531304630452	0.00321457036459579	0.00283217690805355	0.00289988681507197
72087	35-39	2	0.00447023810698143	0.00416045217283751	0.00509203401986945	0.0062422408238391	0.00473077414423286	0.0036238509028229	0.00439414266738455	0.00298020768309703	0.00334655078607023
72087	40-44	2	0.00538671361315973	0.00571283127331604	0.00598971159151273	0.00585355743340283	0.00517829132764291	0.00503046982687373	0.00485822679778537	0.00362999686556604	0.00404548205929673
72087	45-49	2	0.00788206622960837	0.0063136546677773	0.00849792196908499	0.00781244756600784	0.00665993271408002	0.00688423541561225	0.00576172303264619	0.00489634257162676	0.00487350959563662
72087	50-54	2	0.0090176661404754	0.00980372360905703	0.0108529294387209	0.0093740213978723	0.0084155998221883	0.00824497513949452	0.00779116488663816	0.0065931422710565	0.00704134178100482
72087	55-59	2	0.0131731209935407	0.0152994019995847	0.0141132878641619	0.0136139297112256	0.0120194598410899	0.011590273547235	0.00950875182560453	0.00816786694222784	0.0101004135587826
72087	60-64	2	0.0173163177289045	0.0198881336431654	0.0192355534863261	0.0188227802614474	0.016170881094748	0.014761928165424	0.013148622539947	0.0122183645010702	0.0132943935463146
72087	65-69	2	0.0295508551999047	0.0247246320893894	0.0298096707084529	0.026792889853925	0.0262025350497578	0.0197784870579341	0.0182362071687112	0.0165024769753006	0.0189177768287848
72087	70-74	2	0.0400696461461249	0.0420688114382158	0.0434586620808278	0.0428280296799335	0.0311567992689928	0.0351681520743866	0.0278342010753937	0.0265344990252151	0.0247614885375703
72087	75-79	2	0.0569318919925479	0.0616020830300069	0.0555555335516887	0.0562973218316467	0.0502661864401501	0.0455926896217187	0.0408016740837163	0.0383358515108568	0.0437564379897824
72087	80-84	2	0.082728784930343	0.0816103612921962	0.0901280418636439	0.0964652388358594	0.0926066305934849	0.0897333573027861	0.067391636178556	0.060339199431801	0.0607586987615321
72087	85+	2	0.180908203046111	0.165088186101876	0.159163175938989	0.163824157247609	0.137258610479737	0.145072877434683	0.133715983009168	0.116900973594741	0.104679823095761
72089	0-4	2	0.00352011429854298	0.00341069230763519	0.00330170331075764	0.00313173824570733	0.00232855717878683	0.00259741835943121	0.00239602393290649	0.00175990809036785	0.00209496680129636
72089	5-9	2	0.000195675238654144	0.000208092045438891	0.000211325110632552	0.000203459403365877	0.00017423934370002	0.000159165828994807	0.000146013004734392	0.000130673329788549	0.00013581099163952
72089	10-14	2	0.000285788063112314	0.000296869155312759	0.000288977437511697	0.000304099391064378	0.000249815578186928	0.000232740948366476	0.000209101300626893	0.000187589720260387	0.00019497101382446
72089	15-19	2	0.00119048608781756	0.00119510350026848	0.00138437522073785	0.00122364474476651	0.00104324776266183	0.000993238483094204	0.000938021734172584	0.000836171681065237	0.000856326145479499
72089	20-24	2	0.00239444398152856	0.00255292781343737	0.00254606089137118	0.00241716860016218	0.00254430481621521	0.00223344922760185	0.00188294954523906	0.00174889900419699	0.00165546184301598
72089	25-29	2	0.00294991498553385	0.00280649515427504	0.00313772096647303	0.00328554993089857	0.00284627485671843	0.00276654065768729	0.00261267100755695	0.00196174939168147	0.00210313989883543
72089	30-34	2	0.00349428744618161	0.00363681083268367	0.00376753099519542	0.00366441894286719	0.00278512081654982	0.00269978777215796	0.00305739887711558	0.00245176495192065	0.00234100047427855
72089	35-39	2	0.00376496082409772	0.00462700183627885	0.00516888234232028	0.00463893931559341	0.00349852881985284	0.00395299991490574	0.00340548714526634	0.00285288046447502	0.00306165799628429
72089	40-44	2	0.00438646279452212	0.00510990740378757	0.00657458869539411	0.00529509663473333	0.00539537915708425	0.00400986421796446	0.00367795083409555	0.00339256080945839	0.00412748291033166
72089	45-49	2	0.00652768189971055	0.00653397857796324	0.00589205826845088	0.00795104766717091	0.0066688433279745	0.00493782645946139	0.00551921596282247	0.00410782002016266	0.00459270865611838
72089	50-54	2	0.010346605516675	0.00879778282888158	0.0106275591754436	0.0114351397141041	0.00870497555713351	0.008535427644645	0.00712815494065626	0.0058615112039505	0.0061280660279647
72089	55-59	2	0.011867419512852	0.012790527393009	0.0136125137357618	0.0119834419368997	0.012186570021839	0.0108604777179826	0.0105089546185852	0.0081050309489075	0.00957322916586493
72089	60-64	2	0.0161753655055023	0.016767842440797	0.0215656340956257	0.019258889410379	0.0161003294202228	0.0149995292090787	0.0140659243481819	0.0120318815429658	0.0138409050934507
72089	65-69	2	0.0243828998393065	0.0241428439124382	0.0263375751429289	0.0297208942229579	0.0223311803842421	0.020715752164085	0.0183814639087712	0.0152933019786771	0.0179757505711322
72089	70-74	2	0.0390097517246722	0.0440905918824907	0.0401868227318327	0.0446374393263687	0.0351337153930624	0.0287498606903592	0.0265140185390521	0.0237240161607263	0.0256606793443543
72089	75-79	2	0.0633025669405552	0.0585879070788396	0.0559347004329858	0.0583851046860702	0.0600929675566502	0.0493165813558764	0.0450143871907321	0.0363890373245783	0.0375306145619998
72089	80-84	2	0.0923993109030753	0.087992271740147	0.0877472676311773	0.0877955612701315	0.0706714103732059	0.0689714145221577	0.0625659345811846	0.0709266629080278	0.0603497519174588
72089	85+	2	0.188217022718459	0.156337542342437	0.162844554531705	0.178781684520461	0.165277586191871	0.161033400859146	0.137959160888711	0.100596396499329	0.105476087735917
72091	0-4	2	0.00412133716907111	0.00320458463924042	0.00335971583062783	0.00312355012311541	0.00262390777755967	0.00248994469017554	0.00213031953709124	0.00202784939322563	0.0019740706828869
72091	5-9	2	0.000198330492939886	0.000202795254615683	0.000207367637622274	0.000196795616139645	0.000175332391234229	0.000165292060932316	0.000145365254624316	0.000130441989212578	0.000134752155025836
72091	10-14	2	0.000294052441108973	0.000293543580956772	0.000299708914623663	0.000279128870364044	0.000238787903653366	0.000239582393397623	0.000206708144871541	0.000186200190673448	0.000196736740853387
72091	15-19	2	0.0011851656152408	0.00120556035350999	0.00131566225164185	0.00141966195665863	0.00100852460188778	0.00103272655289682	0.000961816074712129	0.00078960580333629	0.000860596844496761
72091	20-24	2	0.00237970727753764	0.0024465325561837	0.00259828502776647	0.00306143917269784	0.00201717643414464	0.00198112016147805	0.00213768939270429	0.00193633607027346	0.00192909371119241
72091	25-29	2	0.00285478964496995	0.00329636589711968	0.00351877557684697	0.0029801164286983	0.00260660104540554	0.00251721434454746	0.00263122468604998	0.00228510718582246	0.00245198163814461
72091	30-34	2	0.0035141023106414	0.0038946225283042	0.00436195931031538	0.00406929411356464	0.00289028123028235	0.00287404879589372	0.00271782295813607	0.00270675201323048	0.00270415923469491
72091	35-39	2	0.00406074757889766	0.00466021354979372	0.0050694556497187	0.00435948534512483	0.003376950666865	0.00322875301658028	0.00274333246926278	0.00308260979484661	0.00272065870797909
72091	40-44	2	0.00475177149495754	0.00639189200486635	0.00578489704092224	0.00521482376258016	0.00416796342480913	0.00381894415732405	0.00312235710101615	0.00303251775972485	0.0038212006655687
72091	45-49	2	0.00648940382257621	0.00772852069479951	0.00688278815169984	0.00717027221092796	0.00529765524659137	0.00544767830813622	0.00452886988079649	0.00411565132774403	0.00448636091871701
72091	50-54	2	0.0104950891518624	0.00884142476402926	0.00930294797203041	0.00899593972606556	0.00854241302503922	0.00735732048247592	0.0061815401336921	0.00496502743312612	0.00559755867600753
72091	55-59	2	0.0132106025141012	0.0136484244010407	0.0133524602681988	0.012234728429976	0.0112602716103038	0.0114783387804371	0.00949902137181313	0.00878142477222386	0.00784126742432124
72091	60-64	2	0.0238018232150703	0.0194928102722363	0.0200033249493212	0.0185005593271145	0.0165284477708688	0.0141075187322084	0.0140790286709068	0.0121862664107544	0.0130304377077835
72091	65-69	2	0.0273760549960989	0.0255158822936337	0.0257235492703885	0.021002814341273	0.0234452189854099	0.0191258258912389	0.0193936966036478	0.0167143795189431	0.0180435587829759
72091	70-74	2	0.0423260912379667	0.0462714007155933	0.0444838386653752	0.043051323714508	0.0370154026757141	0.0301963837487799	0.0280402807245002	0.0243516906979417	0.0269086018801979
72091	75-79	2	0.0571535007720286	0.0546776861824908	0.061511364901686	0.0509532478620933	0.0524057416339709	0.0441237723260832	0.0427978997767379	0.0425110985892405	0.0418099785048311
72091	80-84	2	0.0872757478975785	0.105054371348175	0.0849055084570705	0.100551320432209	0.0718439434458897	0.0744818654801459	0.0679661832601875	0.0583699528777919	0.0577353026415581
72091	85+	2	0.197439155167423	0.195776862146085	0.160995920953429	0.188130382196695	0.162636022454715	0.152812587824188	0.143162452746684	0.111655359186134	0.114855277610508
72093	0-4	2	0.00328289605229683	0.00277501787947534	0.00290620112779825	0.00290855375508501	0.00250177623263698	0.00246901385916288	0.00176897717658729	0.00110123669816337	0.00187878315924498
72093	5-9	2	0.000173666489567131	0.000169916762846656	0.000179816993100477	0.000176085775974092	0.000146096558978288	0.000137084847553532	0.000124878970126386	0.000114722450358309	0.000118222745474313
72093	10-14	2	0.000244162076191276	0.000249618578365452	0.000258467351539356	0.000253096130110305	0.000214754062341602	0.000197225621007207	0.000179856434492566	0.000165314656836893	0.000170272605820979
72093	15-19	2	0.00106131104872885	0.00104287269763801	0.0011024940958125	0.00109985391201779	0.000918044258707226	0.000847006915548542	0.000792332789185644	0.000715394146111001	0.000755072823331545
72093	20-24	2	0.00219272848778418	0.00215394894026736	0.00213600983791811	0.00217553808857239	0.00181884896430155	0.00172040338499568	0.00154946059780421	0.00149795991897271	0.00148202300327501
72093	25-29	2	0.00261507901728599	0.00256898420141668	0.00266213406670516	0.00261641308359904	0.00238050570939158	0.00209457521813907	0.00196790359805734	0.00179732773351218	0.00189510949280645
72093	30-34	2	0.00310632603649394	0.00286815581971629	0.00303158079293789	0.00304042240566409	0.00249815356085276	0.00235211203385836	0.00215390400641136	0.00200101087988576	0.00221159501501479
72093	35-39	2	0.00385716132101012	0.00352577848821284	0.00355388660355624	0.00377998451862755	0.00324280869392522	0.00293745647509888	0.00258648618985734	0.00235566686435696	0.00255044255100445
72093	40-44	2	0.00483062529146782	0.00439297733122164	0.00496998922600221	0.00441500060679119	0.0036363471617062	0.00341881624958831	0.00329374486671833	0.00320605752011979	0.00306054522339815
72093	45-49	2	0.00579331545096604	0.00534382257731975	0.00592724757036388	0.00581168604269968	0.00476386732039154	0.00431867677685858	0.00404490275146771	0.00385203224142845	0.00428034163937048
72093	50-54	2	0.00785375451507632	0.00812663532217527	0.00872663048998493	0.00795217309280816	0.0066297286395694	0.00634914391912649	0.00655562078418582	0.00532889229373329	0.00586634502156841
72093	55-59	2	0.0119610835233877	0.0119446638576814	0.0117704930524103	0.0123223820446306	0.0101799586755332	0.00919049626579489	0.0082826290731715	0.00746749196124942	0.00906418186864116
72093	60-64	2	0.0170174795899343	0.0177057692676114	0.0174195795566565	0.0172673335340429	0.0142464673489903	0.0132653288294714	0.0108669297202963	0.0104784121018541	0.0107691875034245
72093	65-69	2	0.0249551934994627	0.0239270563780971	0.0230679008659643	0.0222100059300766	0.0186668090347646	0.0180214594659975	0.014572650375914	0.0147283428648646	0.0151061252135092
72093	70-74	2	0.0372139684164801	0.0323932784196414	0.0377726603582504	0.03754198443341	0.0301310389681826	0.0314778413487578	0.025895183229231	0.0223206240039878	0.0229629846798523
72093	75-79	2	0.0537084400911588	0.0467828739044188	0.051698999615735	0.0519474961170163	0.0424239804234356	0.0409731038776611	0.0382931634005292	0.0365399805859425	0.0342470894502908
72093	80-84	2	0.0872413586566413	0.0849733017805002	0.0884144370639547	0.08748129293657	0.0635880726393225	0.0616315376502111	0.0533940948012056	0.0538504484852967	0.0485031309438474
72093	85+	2	0.158353736260791	0.145651220028445	0.143930294092565	0.145569760630481	0.132350253386478	0.114762978325091	0.12064072695097	0.111340147992957	0.118448492165022
72095	0-4	2	0.00354758368175884	0.00337361870683655	0.00328602764486103	0.00307258589622331	0.00245270470383881	0.0021524357329577	0.00232535673837168	0.00178912317615164	0.00191485412647918
72095	5-9	2	0.000184986523628278	0.000186982021392783	0.000187900961916221	0.000183849066680082	0.000157861323571329	0.000148644797124439	0.000136788635802868	0.000123558476516716	0.000128806366406019
72095	10-14	2	0.000270408409281811	0.000279204251622141	0.000268876346856071	0.00026345959433524	0.000231556573396301	0.000213521699379621	0.000196663843508551	0.000177754434050145	0.00018529736766339
72095	15-19	2	0.00115165002054069	0.00109803610094376	0.00113121467729747	0.00111670230922479	0.000971234762996393	0.000936289309182439	0.000905289995092291	0.000761662251113964	0.000794681163858039
72095	20-24	2	0.00242711155614629	0.00220881951104474	0.00234472294748802	0.00234184043847596	0.00203801846032941	0.00183252554615602	0.00177418869134089	0.00156319618485917	0.00164325572655703
72095	25-29	2	0.00295167626013346	0.00277303512404567	0.00298617274839911	0.00276792012159329	0.00238330493671955	0.00227812378878103	0.0020948282385301	0.00196436718907768	0.00227428624964938
72095	30-34	2	0.00311915414178618	0.00331804797741109	0.00379674996212438	0.00325576018206594	0.00272879790055803	0.00268463336247245	0.00237216959652377	0.0021858733210501	0.0025914703175032
72095	35-39	2	0.00361764693372997	0.00391232276333266	0.00450541059740313	0.00424981282702834	0.00324307876040123	0.00303278186490479	0.00288264057711217	0.00264657582351694	0.00319927064121098
72095	40-44	2	0.00469012668149469	0.00470496886921953	0.00483622647466144	0.00492479611560639	0.0038495293965223	0.0040098213126852	0.00387035626367452	0.00319065342324243	0.00326874558921898
72095	45-49	2	0.0059684453576468	0.00617973167231648	0.0068602238580997	0.00616352204323957	0.00515885046868876	0.00483542447364113	0.00459550353621201	0.00397719419831625	0.0041535041175919
72095	50-54	2	0.00815856569669818	0.00830308854848861	0.00829568887391971	0.00855952705767442	0.00769069388835912	0.00698696004939719	0.00690502083671296	0.00564803733600212	0.00555619695712291
72095	55-59	2	0.0118677510246062	0.0106981316800128	0.0112548454244325	0.0109748238438469	0.0097745756136273	0.0107744953929985	0.00880462929536985	0.00726418043442378	0.00819742636476103
72095	60-64	2	0.0190031429749709	0.018992440179944	0.0170825939801507	0.0172354440126529	0.013855900872392	0.0132014482072737	0.0136525859369464	0.0104853762525717	0.0109170103712098
72095	65-69	2	0.0250804260465279	0.0286397747809656	0.02366970526795	0.0247424536527303	0.0219664405029908	0.0199786967412653	0.0182205006711355	0.0160592363456501	0.0227163584918332
72095	70-74	2	0.0385432342682722	0.0340872478447589	0.0356549327870925	0.0378251482058397	0.0337423773195107	0.0327416233546935	0.0294894577047122	0.0237439841759629	0.0280101141264654
72095	75-79	2	0.0501190048684852	0.051247301065119	0.0484137251796136	0.0540193212411152	0.0443600005202702	0.0469836729643671	0.0406606506665624	0.0385923689006962	0.0385494803390058
72095	80-84	2	0.0970697869008708	0.0890461626301065	0.091819577886889	0.0979476698726807	0.0821898514440181	0.0731531377006091	0.0709044439296542	0.059053105347944	0.0600381251068286
72095	85+	2	0.163947420500796	0.167999119986692	0.166024543776011	0.133415030268739	0.153207941320605	0.132528609583575	0.129643761034547	0.14850012037247	0.121401710690032
72097	0-4	2	0.00440923596872923	0.00351990961401003	0.00325874990230499	0.00311348090313905	0.0024016450564286	0.00249786350326967	0.00191869111908641	0.00173657497230765	0.00215607393250105
72097	5-9	2	0.000211832401353586	0.000207451548137608	0.000201513457150158	0.000198081934823514	0.000163731779675196	0.000157043334521152	0.000148570582347287	0.000127570263249823	0.000132761093144271
72097	10-14	2	0.000271287825087486	0.000285707590911879	0.000283502099928517	0.00029818188655327	0.000244368987841842	0.000216580224709338	0.000197289527356776	0.000197257261179256	0.00019250764676327
72097	15-19	2	0.00115826467070521	0.00114830950868234	0.00110659199667314	0.00118900935316868	0.000873887477188078	0.00100042085415136	0.000976208934557438	0.000817593825088994	0.000844021393958308
72097	20-24	2	0.00186340690650249	0.00169934618327061	0.00187801025344266	0.00182043089034772	0.00147375610352774	0.0015633800267238	0.00159219511786699	0.00143650812188891	0.00156295982295323
72097	25-29	2	0.00263763146921004	0.00265405730368897	0.00298260835166458	0.00294338358791037	0.00229399085856986	0.00216758514173137	0.00195717396123362	0.00190165558676042	0.00225982956885452
72097	30-34	2	0.00281544690523714	0.00329027863727465	0.00421362174343202	0.00416142699304668	0.0030814838596266	0.00288355786381343	0.00267608509375306	0.00259530485053071	0.00280045723436769
72097	35-39	2	0.00395826929898296	0.00456639075679789	0.00508233512403193	0.00448069276949717	0.00341769464927353	0.00381370099100821	0.0033791640110519	0.00340356896983367	0.00299557129352427
72097	40-44	2	0.00458304923720496	0.00488832417339839	0.00620862204728412	0.0049734589297529	0.00488323395302484	0.00380917282284349	0.00392819565208072	0.00374717766249125	0.00428788326656526
72097	45-49	2	0.006872049699896	0.00572454754490832	0.00771502944775507	0.00695168016714026	0.0060282955376824	0.00601497044742859	0.00489346003346571	0.00499062897121884	0.00549220085210931
72097	50-54	2	0.0102021996561777	0.0090013354729632	0.00767700613515663	0.00883778269152141	0.00837246591438391	0.00846506849954843	0.00749264367497616	0.00702619510126455	0.00694457307144643
72097	55-59	2	0.0122240233166025	0.0128187818977424	0.0113304325610046	0.0113461413145314	0.0108557913332912	0.0107074618710122	0.0109576140146343	0.00914242481899549	0.0101973893810019
72097	60-64	2	0.0188752244496668	0.0198641841395264	0.019488214371469	0.018711519691211	0.0152680311236086	0.0150417904082089	0.0140377976557381	0.0121456433719795	0.0140434856885651
72097	65-69	2	0.0289055031432926	0.0286944148083265	0.0253743423853967	0.0276848433480594	0.021297153801929	0.0198334594737333	0.0189017059451537	0.0178108601842376	0.0171618153913323
72097	70-74	2	0.0434896509636442	0.0441392963158487	0.0451603176604895	0.0374633162528558	0.0317458084825449	0.0326819240270837	0.0311333462829703	0.0234723895320729	0.0251428560196535
72097	75-79	2	0.0603046546760647	0.0669821459822195	0.0564276506847273	0.0584330752158684	0.0533379399001483	0.0428142304139308	0.0434143458564913	0.036206102269848	0.0346199762068585
72097	80-84	2	0.0940575328716783	0.0907696903682633	0.100251355113304	0.0950489025047264	0.0738880397043228	0.0783385185519346	0.0743540607311125	0.0528886847804653	0.0572562738279176
72097	85+	2	0.174315263236257	0.168573275643512	0.15455282143443	0.1619017095789	0.156862357492998	0.154360825691548	0.139251266574539	0.11376141467556	0.110549806105932
72099	0-4	2	0.00330284094448335	0.00238677055549811	0.00290138623112143	0.00271009605133438	0.00234872061599286	0.0020065398827571	0.00182953503239004	0.00166458683556472	0.00158435093494395
72099	5-9	2	0.000158312741688143	0.000164041575354152	0.000168050317379356	0.000158160535794233	0.000135274973563464	0.000129317551714335	0.000116768084667339	0.000105575676126776	0.000107730949963587
72099	10-14	2	0.000234192540304038	0.00023233702714651	0.000223508642768249	0.000234430850349312	0.000205437556569341	0.000176633416617902	0.000163126431615517	0.000151014487721754	0.000157575567344358
72099	15-19	2	0.000993464911438854	0.000922524993480041	0.000979955002050848	0.000978369049044457	0.000762505899693446	0.000750053204446412	0.000699782558983963	0.000653600828884531	0.000672213853672534
72099	20-24	2	0.00203434191901842	0.00183447459773405	0.00186865949682756	0.00185239828343643	0.00145389453372014	0.00135521136714601	0.00145673948298827	0.00126091294680614	0.00132696590731263
72099	25-29	2	0.00240317243681881	0.00236157073747244	0.00235135611438852	0.00224346530592728	0.001668652370717	0.00178587633591281	0.0017832835099299	0.00156632490174793	0.00176933273002081
72099	30-34	2	0.00264931979379803	0.00258740404416471	0.00270776337686538	0.0023972354451489	0.00210083158912881	0.00203451237578566	0.00188966897963417	0.00195504212216797	0.00216804130090982
72099	35-39	2	0.00341603103692646	0.00315186200164463	0.00318310517065394	0.00293268351391136	0.0027856978948232	0.00248226377098618	0.00236343944609609	0.00206940692616965	0.00253915084660853
72099	40-44	2	0.00378556627752867	0.00383134618368982	0.00420246111040833	0.00407263176037658	0.00320973479309666	0.0030466953958749	0.00272932939954074	0.00260665056761126	0.00274257418393946
72099	45-49	2	0.00561397036403119	0.00477524743620805	0.00492797447908895	0.00525177969606424	0.00419273395930895	0.00401382385125324	0.00415628461427841	0.00315825750491921	0.00343151229135937
72099	50-54	2	0.00814728592005827	0.0070660969450554	0.00828548403350988	0.00810394014767519	0.00568124791888186	0.00523745622366609	0.00617149696620042	0.00514007020281913	0.0054418650495987
72099	55-59	2	0.00979096621180977	0.0109220607989382	0.0101046686717664	0.0105046965035022	0.00951171073253266	0.00802696711381327	0.00674152679192942	0.00686156660044144	0.00684429088381492
72099	60-64	2	0.016578724501576	0.0158007303000828	0.0162968631863037	0.0141926248462356	0.0146000143514938	0.0122965296673237	0.0103692830906798	0.0101618132103618	0.00957949333467458
72099	65-69	2	0.0255312544257282	0.0233278868998003	0.0222897437313888	0.0234540798870142	0.020334353731492	0.0159358253402533	0.0167699287276659	0.0163241894143776	0.0123525431329825
72099	70-74	2	0.0365359632524307	0.0374643388475303	0.0313764179526391	0.0335200187706442	0.0245354422447024	0.0268631380357582	0.023921305879094	0.0200705225881604	0.0210948335890788
72099	75-79	2	0.0512235034659077	0.0504248429605181	0.0488327734257425	0.0496742603262463	0.045408862723294	0.0375954207993017	0.0349266705665567	0.0359302537832928	0.0339238454439457
72099	80-84	2	0.0934303913936706	0.0826964487941396	0.0778530029355515	0.0856774504205482	0.0750464836796659	0.0679643963361481	0.0594438994886341	0.0623902517213241	0.0514526980695637
72099	85+	2	0.149196255282494	0.141521098326721	0.135233713150539	0.152104405235986	0.151306702352411	0.141046320705032	0.113213682222264	0.121440144650761	0.103019906717173
72101	0-4	2	0.0037813736580803	0.00280300785315287	0.00262585417386856	0.00263334284228968	0.00249022091827504	0.00202709420865469	0.00200808868515214	0.00189476065845771	0.00184504368944969
72101	5-9	2	0.000169930754052133	0.000168223710232903	0.000170758113451355	0.000172760403157905	0.000145926895141748	0.000132798663453537	0.000130057361178709	0.000111573813526069	0.000119867118483996
72101	10-14	2	0.00024199683649367	0.000240089137350631	0.00024365637029666	0.000240682828714544	0.000212206911257194	0.000189268781375094	0.000177769499204218	0.0001594010371696	0.000164243978680119
72101	15-19	2	0.00103505947470165	0.00103235039397979	0.00100668253523674	0.00106875928254811	0.00100769330688533	0.000789145317494816	0.000857007633120374	0.000712721693604351	0.000694739116160888
72101	20-24	2	0.00182819847270701	0.00193570896629248	0.00208992214813531	0.00202437410463891	0.00188743702243754	0.00163871269986684	0.00146486052627202	0.00139700328206579	0.00141922674302398
72101	25-29	2	0.00231373620952515	0.00253017867552094	0.00247112414010484	0.0025596041904175	0.00241991816613244	0.00203084149984572	0.00217569388938393	0.00181646620036557	0.00175525139592013
72101	30-34	2	0.00266071430643426	0.0031843088277764	0.00293502658404211	0.00284298022003914	0.00251905041922762	0.00241664311175537	0.00217991446250285	0.00193204724601711	0.00242455106986095
72101	35-39	2	0.00330923421380668	0.00348199494680069	0.00380664118459346	0.00403847788204565	0.00309406493951155	0.00264874612810523	0.0025522099204594	0.00242169521993524	0.00290368282770909
72101	40-44	2	0.00470616302183978	0.00390695040286485	0.00412031375781581	0.00413949583426044	0.00353998184514156	0.00332854191484597	0.00283808635570438	0.00257987553680159	0.00287053413621785
72101	45-49	2	0.00552369903685281	0.00664063886098572	0.00559835215873472	0.0056294964314276	0.00505590024895874	0.00419353600633205	0.00403889535897823	0.0035833886474006	0.00354064573671608
72101	50-54	2	0.00737028722843818	0.00757527354628619	0.00710010406986107	0.00760640939298462	0.00685336287108892	0.00666541936626653	0.00508173858152431	0.00512258686326219	0.0053208861697381
72101	55-59	2	0.0113710728869728	0.0109132787319383	0.0119300594699098	0.0115530296818565	0.011015892395883	0.00795037893492571	0.00720075669683787	0.00646357874132719	0.00749480019965225
72101	60-64	2	0.0170314930371617	0.0153970846308622	0.0160384410303069	0.0168498439175947	0.0126914417215824	0.0140334965735269	0.0107189633677681	0.0112656627563773	0.00999208471672903
72101	65-69	2	0.022481333046509	0.0208937369355232	0.0227698801943058	0.0203960635064321	0.0172474406829931	0.0189575662352048	0.0204120646097955	0.0144268664356837	0.0145892791583362
72101	70-74	2	0.0381893686233252	0.0346942749190344	0.0288192199155045	0.0367750982657821	0.0307209304349461	0.0300491858393209	0.0241860238238311	0.0221001721626973	0.018335380357982
72101	75-79	2	0.0517489318409814	0.0545150999970882	0.0476959336794415	0.0521818435310345	0.0463153873445339	0.0400795686775268	0.0378851495132746	0.0366206587093868	0.0330749823628881
72101	80-84	2	0.071960540808188	0.0821492021674923	0.0880222587011238	0.0909585297704824	0.0730084989968926	0.0685589785869043	0.0607959482453976	0.0639454321249854	0.0624625852174834
72101	85+	2	0.160592822359602	0.164613948210451	0.156212483139164	0.161838816686634	0.151944375666895	0.140775888679762	0.118395627558241	0.114119331968066	0.109917136150738
72103	0-4	2	0.00326371211061422	0.00348259607997686	0.00348077890034608	0.00316064174255387	0.00286459552360854	0.00243787538941029	0.00203985952794424	0.00155473188924411	0.00202225752836845
72103	5-9	2	0.000216779971780114	0.000199016640832848	0.000200825390693455	0.000205812772997371	0.000172703413955524	0.000165643612327759	0.000144706242761955	0.000132865279939921	0.000135346962129455
72103	10-14	2	0.000309046922981703	0.000283376718789768	0.000298203810933061	0.000299683132782133	0.00024680139163235	0.000226839004040763	0.000211762115581606	0.000194626898360466	0.000193882839790071
72103	15-19	2	0.00125156000984948	0.00122352832497515	0.00143507350844248	0.00155400781412349	0.0011220623495886	0.00112208866405625	0.00105870879839523	0.000857452369986881	0.000913804787252461
72103	20-24	2	0.00233186957171519	0.00256789966856078	0.00264207979408211	0.00247423119259818	0.00194181794355775	0.00212324378809332	0.00183442125878886	0.0019025046268183	0.00189927487812569
72103	25-29	2	0.00272229097601092	0.00287032549602543	0.0030158627535911	0.00285573645746133	0.00268008075029416	0.00272119026780696	0.0024890950952485	0.00206415092295756	0.00213751889126876
72103	30-34	2	0.00333985622181765	0.00381041656240518	0.00401322632409172	0.00448213729690457	0.00300855185036799	0.00290440593030329	0.00254680205881908	0.00263585508212984	0.00252827960005071
72103	35-39	2	0.00406685142848426	0.00417801705234469	0.00376796559897997	0.00412954501158533	0.00374934444166809	0.00359876982604867	0.00327230827507923	0.00281358579861337	0.0031841730116291
72103	40-44	2	0.00514734853832335	0.00532943020308708	0.00592758680662606	0.0055318941035346	0.00452128570142846	0.00390491705203948	0.00346733068561547	0.00330161732506614	0.00333290479257619
72103	45-49	2	0.00713085285198296	0.00651501999366175	0.00690546755581101	0.0069882669994278	0.00595760068954847	0.00512008475598684	0.00447300168226787	0.00432881825933635	0.00450518516542929
72103	50-54	2	0.008689574236261	0.0100827447829789	0.011719407046102	0.0100190550278941	0.00840965311396904	0.00794191948187822	0.0074661233870128	0.00608910700538421	0.00575665834671868
72103	55-59	2	0.013270326154942	0.0143186239287972	0.0133571382227161	0.0138587001168248	0.0129559824906225	0.0129535565873654	0.00947966669477515	0.0103423474084753	0.00801790681937591
72103	60-64	2	0.021772449160043	0.018800205866779	0.0180619253602662	0.0175572347986679	0.0162858089460056	0.0133264107389972	0.0141720700495931	0.0137594683701743	0.0136522276959247
72103	65-69	2	0.0246154181152254	0.0262838966679283	0.0244371233995136	0.0270198589035472	0.0201438214768902	0.022808427488177	0.0179083177846932	0.0189872482336156	0.0168229486346164
72103	70-74	2	0.0390638615870565	0.0420020614035253	0.0363789416973329	0.0415742553997377	0.0361901078055037	0.0302221022641159	0.0284619370431805	0.0251261450913992	0.0248509595397843
72103	75-79	2	0.0478745366497298	0.0587307142932856	0.0645808707265795	0.0583494147711911	0.056060167048811	0.043223485715388	0.0478141186612456	0.0434482105654431	0.0400931178398386
72103	80-84	2	0.0854867850717354	0.0768353657457892	0.0935609217816049	0.0802023811824735	0.0768184484629747	0.0714952232471214	0.0669509323963202	0.0608763337415214	0.0609390662575306
72103	85+	2	0.159508517574097	0.155019033654446	0.167117319498811	0.172716593377981	0.159692930139095	0.175294047388186	0.167029093628205	0.123187213663379	0.126800418205505
72105	0-4	2	0.00372954047417718	0.00296191519606148	0.00277312123078954	0.00297744716905746	0.0022702806625444	0.00220948436108881	0.00208877833331906	0.00160778985692888	0.00180336463012607
72105	5-9	2	0.0001719545898242	0.000166926946190068	0.000177345640710099	0.000178582317837861	0.000146231990048064	0.000134853811508228	0.000121747566777945	0.00011736152060592	0.000117193759929469
72105	10-14	2	0.000234540252661825	0.000247938234606282	0.000252338289373188	0.000238472818853649	0.000208618600158358	0.000201144482258597	0.0001741892309352	0.000164525543674441	0.000167856474354441
72105	15-19	2	0.00103932852117201	0.000985786233668245	0.00110464213947805	0.0011402504188887	0.000898808629595576	0.000834683652832766	0.000722972003172212	0.000693742187379244	0.000725928562359413
72105	20-24	2	0.00202483681899069	0.0020490629938457	0.00222610934109895	0.00227241685843363	0.00198089079785461	0.00188943756033889	0.00139222267766955	0.00143821823965752	0.00139803165899181
72105	25-29	2	0.00230371985004021	0.00264672242392513	0.00258797655308075	0.00253837722732156	0.00209641579850915	0.00221875747275581	0.00181155357762122	0.00186164800338412	0.00210633063801889
72105	30-34	2	0.00253492830277641	0.00263343405353448	0.00321830004744731	0.00295178531398109	0.00235996607938808	0.00232846885955193	0.00226033906959899	0.00224209020302198	0.00234424433500014
72105	35-39	2	0.00326113011457354	0.00344442408607669	0.00379249121978827	0.00348000057164863	0.00306464354548857	0.00262979999955498	0.00255213270061999	0.00254280199384417	0.00270113962523461
72105	40-44	2	0.00410957823336825	0.00389948173753241	0.00510552218491616	0.00433577677696544	0.00380482073861856	0.00370641566584998	0.00331289611009369	0.00301928821475912	0.00371644315481531
72105	45-49	2	0.00581134549452927	0.00501422595521824	0.00539941157714433	0.00558869303063648	0.00471030132719481	0.00462128582905269	0.00370174137127991	0.00357508159821204	0.00429304198168829
72105	50-54	2	0.00691524232606511	0.00698995481767695	0.00861578435280541	0.00756457038866026	0.00712794598816961	0.00673738998673505	0.00572668076180586	0.0054869543029285	0.00663455899502603
72105	55-59	2	0.0102109190825595	0.0107124590792211	0.0104136607374406	0.0109463230493343	0.009310173858348	0.00811629346368334	0.00737017673004945	0.00779000856478114	0.00814667487273238
72105	60-64	2	0.0146090003646494	0.0147098909769445	0.0152429909249202	0.0167775859507646	0.0143323171669014	0.0128658203253931	0.0109810125030886	0.0103684835607963	0.00983488077491494
72105	65-69	2	0.0230937248515238	0.022938814978391	0.0204975747776861	0.024203870239297	0.0223639952145456	0.0177250857351363	0.0155824660891712	0.0159230106964702	0.0170732009385575
72105	70-74	2	0.031020375546452	0.0360370415618225	0.0347112500718029	0.0395894077822957	0.0282820722161703	0.0255709968037902	0.0241985433875875	0.0203611726145508	0.0229260834790923
72105	75-79	2	0.0446073965762473	0.0521789777361219	0.0556139681625675	0.0549540466939853	0.0456382127750035	0.0468225776775029	0.0403159488926211	0.030987885039097	0.034659393019557
72105	80-84	2	0.0732288422027432	0.0811891601167493	0.0822324939031682	0.0897927577472881	0.0718517835783634	0.0575551757277685	0.0582608334820017	0.0500394478362802	0.0543437074285879
72105	85+	2	0.152983677435793	0.141547157999066	0.156922293903488	0.15018439806417	0.139503147735667	0.158149293841935	0.12647227470736	0.114158319244899	0.106392618069132
72107	0-4	2	0.00297520964384508	0.00287134532420473	0.00312044974793007	0.00274036608749339	0.00241924342584212	0.00231259949185533	0.00190197326528835	0.00191202584991476	0.00189500501060854
72107	5-9	2	0.000166174303046641	0.000176508301054317	0.000184245675928433	0.000176727914034207	0.000149984373093834	0.000137684944998036	0.00012529907675969	0.000115803580017999	0.000118726683166702
72107	10-14	2	0.00024179967918993	0.000246625684032542	0.000257662286337459	0.000263380324502561	0.000209769656876374	0.000200932218181396	0.000179294115284336	0.000166042941654088	0.000170309267438379
72107	15-19	2	0.00103740783568243	0.00100232175802419	0.00115258510119142	0.00102649821551862	0.000900932409568032	0.000897198745761905	0.00079610320063648	0.000690781345187923	0.000810195281847055
72107	20-24	2	0.00202758077222594	0.00201600319410212	0.0021310881961131	0.00202996971831986	0.00203471074450377	0.00175880403958317	0.00157188984604497	0.00145494528512578	0.00160286442735764
72107	25-29	2	0.00247805814651014	0.00232423369833824	0.00274514328664164	0.00247104248622044	0.00219317071677106	0.00222860832422887	0.00195477540391469	0.00190466268678578	0.00193752281553818
72107	30-34	2	0.00277924955378821	0.00282872265793433	0.00352882436384495	0.0028630495338861	0.0023371632565411	0.00241541329867982	0.00215192258898885	0.00193559538995181	0.00229802840056893
72107	35-39	2	0.00335155735095911	0.00387240812325502	0.00368428506480467	0.00382287446934811	0.00316934344324506	0.00280210554232424	0.00268937739264526	0.00254772857640885	0.00235157395585418
72107	40-44	2	0.00512384308427716	0.0048352532536379	0.00472422492748595	0.00498090836843534	0.00390309254921423	0.00383547092869111	0.00326457373807391	0.00305737036218684	0.00321492195290271
72107	45-49	2	0.00586543073473665	0.00561826976036883	0.00592160802768906	0.00558843441172048	0.00483777389034845	0.00444892172900194	0.00389545465625348	0.00384028346745057	0.00395064052708596
72107	50-54	2	0.00880585762425819	0.00825899061663056	0.0080620266281393	0.0071857971985898	0.00738870995788007	0.00674576431979346	0.00615272047376551	0.00584044761082332	0.00586728304465229
72107	55-59	2	0.0112762756203091	0.0115309198615514	0.0121610267687482	0.0118452375740798	0.00987068416989315	0.00819007309761609	0.00852266726300712	0.00785530403594936	0.00858133873809127
72107	60-64	2	0.0160091022543067	0.0145272124108367	0.0177192914733573	0.0159212476876393	0.0137053631219536	0.0112457791381424	0.0119570188907884	0.0117889579527919	0.0112459325015152
72107	65-69	2	0.0223432266975985	0.0225181912850541	0.0276635286705744	0.0219817277376498	0.021244589081065	0.0203995384911263	0.0163243303683476	0.0149809630376956	0.0144247598822113
72107	70-74	2	0.0333037596259791	0.0353697166672142	0.0380528030853954	0.0323689088086613	0.0324055818991614	0.0286788687033575	0.0235080032882246	0.0245199389911638	0.0267659829903075
72107	75-79	2	0.0435458106476246	0.0536821925440875	0.0566629597329869	0.0543501342246943	0.0518950680140003	0.0439972052134944	0.035948382561438	0.0345288622405024	0.0317794007508292
72107	80-84	2	0.0795115076863111	0.0843498851741403	0.0848724559536062	0.073579272554931	0.0653546412420562	0.0646341627446727	0.0624246394636364	0.0583582323301419	0.048680008000394
72107	85+	2	0.154470861854567	0.157668466143194	0.148552831895216	0.155330938957267	0.145694132581305	0.145549556554285	0.135805472809463	0.118091451096746	0.105876999025229
72109	0-4	2	0.00361775692603212	0.0033431848702422	0.0032378205462227	0.00279068593336541	0.00228265544678217	0.0023632494339926	0.00231157343301187	0.00182203724808038	0.00209015019549665
72109	5-9	2	0.000182196896684663	0.000190527725337333	0.000189858904022187	0.000191195412438971	0.00016375296284023	0.000151020878578251	0.000138063956318715	0.000126640278466098	0.000129271873232322
72109	10-14	2	0.000276875348643791	0.000277061131326992	0.000276261084396959	0.000278896590518149	0.000229415175404543	0.000225868526226292	0.00019804810219874	0.000181873151861174	0.000185681989661645
72109	15-19	2	0.00107633882935376	0.00110218454952369	0.00114752511668792	0.00118602308797294	0.00101505326904272	0.000980313155639833	0.000823112780665922	0.000786261812245532	0.000807577074530806
72109	20-24	2	0.00219249306231795	0.0022136846099598	0.00211696487078294	0.00234202161094301	0.0022861267362009	0.00184885773146146	0.00188678270338985	0.00169168317479537	0.00158736251513547
72109	25-29	2	0.0030285881832531	0.00272335094209264	0.00269506303501321	0.00302789971632104	0.00239253626435493	0.00241426885112749	0.00232732816108578	0.00197957874237019	0.00222748000648668
72109	30-34	2	0.00314161607407406	0.00327725790864959	0.00330077270666415	0.00362483123146842	0.00292873849661071	0.00261222947202	0.00253850824743681	0.00231352441325564	0.00245622593971074
72109	35-39	2	0.00425711834214442	0.00376113959844427	0.00466186849251111	0.00378032806227446	0.00339580434082868	0.00294974174529468	0.00294311040345478	0.00267504920237137	0.0028740557083273
72109	40-44	2	0.0045721024626523	0.00445137616388887	0.00478098721294263	0.00552001853306801	0.00384279339083181	0.00385444090253041	0.00384763209032992	0.00331332714823774	0.00309821375829273
72109	45-49	2	0.00633308403423647	0.00634204352623042	0.00608872032400671	0.00698998212469077	0.00507834299357309	0.00470410683241881	0.00513220657772479	0.00456534871287265	0.0048494700820601
72109	50-54	2	0.0102240787325166	0.00907300154084748	0.00969175601223994	0.00981637934118261	0.00675966304465067	0.00791031635211827	0.00605040449596688	0.00737065439261581	0.00625318104661442
72109	55-59	2	0.0111647363506621	0.0124750143238663	0.0143663894791176	0.0121441012432776	0.0103324373823727	0.0116458390178782	0.00857722757182921	0.0076953739606216	0.00834283911305276
72109	60-64	2	0.0181899374875537	0.0203219305321222	0.0191471584646314	0.0192571708433972	0.0157446680832697	0.0141200792259159	0.0133738394970589	0.0117574764768339	0.009727073952979
72109	65-69	2	0.0225675408934204	0.0273586518881093	0.0255818827209992	0.0242077107411807	0.0230459230197249	0.0209711565457839	0.0167649692323064	0.0178247940837825	0.0152783290946876
72109	70-74	2	0.0367473333925358	0.0413543192418239	0.035100171479542	0.0347208963719851	0.0341986325431054	0.0343863445931081	0.0239447525708876	0.0273069605158956	0.0238117896102774
72109	75-79	2	0.0515262399962232	0.0639379376774941	0.0520018091789442	0.0566653362055573	0.0547186790863774	0.0450537744190324	0.0427026901180289	0.0318871806179553	0.044508275149228
72109	80-84	2	0.0908850886138916	0.0979277901367037	0.0888091504358224	0.0909190843496115	0.0742492535640132	0.0659458519874715	0.0693419071813908	0.0629616200682979	0.06035064158791
72109	85+	2	0.166002782094635	0.185408716638101	0.17558019485032	0.156435961226911	0.162737483451107	0.146136676120489	0.146766004280284	0.125317442762864	0.117384294253908
72111	0-4	2	0.00360485866381017	0.00327144078339092	0.00341199560578575	0.00288709706610477	0.00264547118210862	0.00211860844441168	0.00218545357107123	0.00187771014701934	0.0020270773060453
72111	5-9	2	0.000179054520262715	0.000190624312801216	0.000187658871358884	0.000178390278800487	0.000154903005739081	0.000145732968662348	0.000138951103630186	0.000125681712994489	0.000124693204580122
72111	10-14	2	0.000256337379050162	0.000266529765882363	0.00029125551769022	0.00026524118150047	0.000230822779690333	0.000213242377541405	0.000203278015641052	0.000180191435464087	0.000178919879941762
72111	15-19	2	0.00110589514968289	0.00107873141524895	0.00112078072973996	0.00121443245861379	0.00103445599148752	0.000929912061141837	0.000868245936572912	0.000782210091038891	0.000750158363274126
72111	20-24	2	0.00207728443703043	0.00211893123739267	0.0021910093947767	0.00228771137070965	0.00193093759413217	0.00191954395035573	0.00169043480160152	0.00169026295513278	0.00147158454056327
72111	25-29	2	0.00252652288430126	0.00255421428974916	0.00291490757647876	0.00267540634340745	0.00240759956133268	0.00242898859488526	0.00227252132511085	0.00200913848391811	0.0019111621437543
72111	30-34	2	0.00288031522540316	0.00294624511119881	0.00333313471766767	0.00329338854151475	0.00266481471338468	0.00272116979944622	0.00226978210608848	0.00225323767276697	0.00229483261033319
72111	35-39	2	0.00351498728012474	0.0039212992572849	0.00365134799654579	0.00387559855793834	0.00311440039308489	0.00283817425559798	0.00287791708414348	0.00244381880288989	0.00266446153074726
72111	40-44	2	0.00433690828845999	0.00450375352433058	0.00448141878846488	0.00436788969806097	0.00369422361983576	0.00388984296101555	0.00334258200800987	0.00328012428531818	0.00323207996878667
72111	45-49	2	0.0058775183184643	0.00590643009617238	0.00557865637063762	0.00582619414224043	0.00443934503315511	0.00478151013325622	0.00434525095888318	0.00390688754962927	0.00397658742348656
72111	50-54	2	0.00810818980847631	0.00802366807646103	0.00829562618962557	0.00766036185091846	0.00787051051445907	0.00634978197592739	0.00642289635850351	0.00564471671637827	0.00566423337116778
72111	55-59	2	0.0111882824065633	0.0108978147277283	0.0121995571276236	0.0113169376164803	0.0110878832741615	0.00923225792170273	0.00822926863657673	0.00788879852005493	0.00797526245691702
72111	60-64	2	0.0178261186983955	0.0165707976651149	0.0190008968438296	0.0164392236409507	0.0148036957709261	0.0145386238268173	0.0139802832711421	0.0122308905977604	0.011106934294405
72111	65-69	2	0.024785277331481	0.0273821230480368	0.0245878617719205	0.0231261394085901	0.0200770146503515	0.0198695429815458	0.0172425632963976	0.0166600579096377	0.0181762611980601
72111	70-74	2	0.0387106532760331	0.0461116381580054	0.0384768504564566	0.0414839281254858	0.0374232869534369	0.031147440822753	0.0270125228037021	0.0277840368307105	0.024604766149553
72111	75-79	2	0.0564539945968474	0.0471911702475018	0.0634278168206853	0.0532215465282849	0.052651585637269	0.0502028194882731	0.0376820847876206	0.0398470671432834	0.0361501701237667
72111	80-84	2	0.0858094392960647	0.0868384483251376	0.0933845315805119	0.0916219158127616	0.0845474679443188	0.0722036845389206	0.0604042758094035	0.0631361015513556	0.0583515812026794
72111	85+	2	0.159738863520206	0.203291995984782	0.161716442670718	0.163920863129898	0.157349003449361	0.147541385801351	0.142569397517559	0.140790591855833	0.125838364451448
72113	0-4	2	0.00453271516849997	0.00451015007824347	0.00379379515965707	0.00330388456933891	0.00267899796036661	0.00256535716877724	0.00250324939652004	0.0020362042781047	0.00202331512307183
72113	5-9	2	0.000223961929806233	0.000233393911525111	0.000231702125049075	0.000221058322560695	0.000169704980753331	0.000168258038190038	0.000148988249862754	0.000140805294235482	0.000151861120661574
72113	10-14	2	0.00030929239015644	0.000329544164286283	0.000361174081807271	0.000350777792952287	0.000249183289330827	0.000238820028277779	0.000213667164522498	0.000221464531997498	0.000207700835754427
72113	15-19	2	0.00105583640076958	0.00125674254306193	0.00145657270231368	0.00187374730620123	0.00137698161190868	0.00155433863931332	0.000979089069739299	0.000977851636798283	0.000875555832273921
72113	20-24	2	0.00188068392780849	0.00247420951308765	0.0032164994460197	0.00379759426188659	0.00287451778506444	0.0033507092671473	0.00253782634162201	0.00202816351526749	0.00178216786663292
72113	25-29	2	0.00255984416256814	0.00365595701104558	0.00371262351924954	0.00366790276879122	0.00307704947378724	0.00318338124681325	0.00296573278691497	0.00239288410141183	0.00241792414683072
72113	30-34	2	0.00267212655128296	0.00419457910545951	0.00598684243617038	0.00445849064907332	0.0033211639773905	0.0033254873254413	0.00283971021741935	0.00275505695419916	0.00272624343350396
72113	35-39	2	0.00342984106020774	0.00474704231739863	0.0066676731599182	0.00532429810286262	0.00397910884824552	0.00352176700550172	0.00304482458174544	0.00307795951288924	0.00365981483345575
72113	40-44	2	0.00425929670319295	0.00618467828275716	0.00750738798177136	0.00687335450631701	0.00482920774252879	0.00388426058783073	0.0035891582247358	0.0040048027265085	0.00425659993835402
72113	45-49	2	0.00534130193898712	0.00616589544766264	0.00856992460769397	0.00770786278643725	0.00668079525644073	0.00597560353078417	0.00483355358490316	0.00538677714509572	0.00558514082261152
72113	50-54	2	0.00800276470868318	0.0100968386014907	0.00873147894455342	0.00815144816529188	0.007465317057049	0.0083319804513363	0.00679327876448876	0.00678190302215389	0.0079555599696909
72113	55-59	2	0.0118583832237914	0.0120311583188079	0.012493827190464	0.0124634308441287	0.0101177654029125	0.0105298588167492	0.0100350605087211	0.00972720860746611	0.00908675693545004
72113	60-64	2	0.0204915783524166	0.0221808950065063	0.0186645424787425	0.0185454988248308	0.0164620716301237	0.0161204867183731	0.0136002607253113	0.0131661593532279	0.0136983015086714
72113	65-69	2	0.0285060046354482	0.028716205335667	0.0273932235245152	0.0257430963769847	0.024574571119263	0.0227573808664646	0.018560830679667	0.0175402834714868	0.0184379973117103
72113	70-74	2	0.0463405071167236	0.0446950229140561	0.0422298043234704	0.0415385218133202	0.0374884930885327	0.0313644513204351	0.0262650792359033	0.024808356890512	0.0251245549386052
72113	75-79	2	0.0634791332935583	0.0647014214310688	0.0586363940834517	0.0608520126571326	0.0542428477049826	0.0478060937090862	0.0439236841455603	0.0387979098457654	0.0364852830499243
72113	80-84	2	0.102999184694656	0.0964377789710167	0.102966878993481	0.0997539565839738	0.0794986637197862	0.0770203822518847	0.0716667527844529	0.0604941483278982	0.0591062115365608
72113	85+	2	0.176558845610761	0.165605568593691	0.156389246405045	0.156806298335131	0.150844809628271	0.15470592394151	0.1482372798312	0.135244190776364	0.131315443545453
72115	0-4	2	0.00331605344945844	0.00342890559014246	0.00311816080815173	0.00267238078127147	0.00249137218591076	0.00208610684233233	0.00199292701362054	0.00184556638987054	0.00173590638604874
72115	5-9	2	0.000182121906685801	0.000186194780684291	0.000185259765588279	0.000180969628617578	0.000159253356520034	0.000148277568763643	0.000136717786695971	0.000122523086063519	0.000137223707251168
72115	10-14	2	0.000265018189920143	0.000276722049465452	0.000281462620704078	0.000269599516445661	0.000222881902364121	0.000212059261533264	0.000200056046924351	0.000175663602692936	0.000180341338305355
72115	15-19	2	0.00120556453594364	0.00112668092548488	0.00119078141262907	0.00107096703923101	0.00093424323223154	0.000841330285316012	0.000959707854038742	0.000746411761238416	0.000753734818462895
72115	20-24	2	0.00239049054236338	0.00228274885798518	0.00240644712777079	0.00218914291906925	0.0019444268232104	0.00169618946790575	0.00193933994697483	0.00151707426350346	0.00150895925106688
72115	25-29	2	0.00261887335708402	0.00277396479025653	0.00281257769208834	0.00261538315219981	0.00218307415455301	0.00210255692877425	0.00190405618839228	0.00206873734877604	0.00185980237829041
72115	30-34	2	0.00317616445923441	0.00323341918433052	0.00324073905199531	0.00305375514073283	0.00286866743955162	0.00239460364663708	0.00225614800372578	0.00218942836562823	0.00206119357907084
72115	35-39	2	0.00355503658036247	0.00397393775360585	0.00402531409020615	0.00405932937824306	0.00301229207356435	0.00310305228045749	0.00271592226446806	0.00278256282343749	0.0031107056039838
72115	40-44	2	0.00442913903372022	0.004753829451292	0.00467217026167473	0.00470257603936496	0.00395202330111687	0.00317592172482073	0.00331295404201388	0.00307444194400689	0.00314187038545188
72115	45-49	2	0.00576368400967348	0.00536619598904383	0.00640923428900306	0.00585862115233821	0.00504835484023423	0.004844175892762	0.00397222766682512	0.00373600464953941	0.00391003354769918
72115	50-54	2	0.00763989123201098	0.00798539586485889	0.00883565756142137	0.00833619119253135	0.00744602721463598	0.00658406346256363	0.00578784169684539	0.00565619420612471	0.00588569404016117
72115	55-59	2	0.012824782795661	0.0124934585379171	0.0111603270048747	0.0118286580685989	0.0106340170247513	0.0100635873504909	0.00789079307489648	0.00821244991051191	0.00857433639225796
72115	60-64	2	0.0177155639226597	0.0198426035665787	0.0183083270648694	0.0189767768674097	0.0150020678493472	0.0162986185387425	0.0139780045573094	0.0113615709289635	0.0128571364892341
72115	65-69	2	0.0267304003718494	0.0278989555579175	0.0256197370487643	0.0253637527381848	0.0241524511072459	0.020319710268431	0.0185637867900721	0.0159676367339032	0.0184665538265025
72115	70-74	2	0.0450906485818913	0.037973296891661	0.039641042854514	0.0374081150056344	0.0336729102945416	0.0303393408286701	0.0262113476270254	0.0237748848027412	0.0274136759287566
72115	75-79	2	0.0540300281853287	0.0677029941614895	0.0528226503017558	0.0634659260269125	0.0539269710205118	0.0485024373854771	0.0470253254189456	0.0403123981625393	0.0376747522027494
72115	80-84	2	0.089493827881005	0.0902621907294644	0.0894470657266685	0.0896866928715158	0.0833676498670403	0.0682464097309751	0.0637288844558199	0.065095960769699	0.0546324446117707
72115	85+	2	0.179066047950762	0.175806357317037	0.169186587726238	0.193746040409132	0.156222756650404	0.141839762727689	0.159465184639532	0.130928975723691	0.11982199231373
72117	0-4	2	0.0034218681771373	0.00310375540477272	0.00286397526191805	0.00267290099453075	0.00233197274690644	0.00232123060359215	0.00198047702350622	0.00166384079541899	0.00168158238729432
72117	5-9	2	0.000167310652295053	0.000169460993271141	0.00017241027287226	0.000171203113941598	0.000145349756868263	0.0001359641360871	0.000123222465501734	0.00011325132908697	0.000115463782805512
72117	10-14	2	0.000239831092192739	0.000253490617033107	0.000252461420089334	0.00025657619914619	0.000208827845137822	0.000199573991035571	0.000180857348531193	0.000162828101760111	0.000165986960977217
72117	15-19	2	0.00112861747043754	0.00103374911167891	0.00109598263569312	0.00106536271880671	0.00091413340332755	0.000860233266414752	0.000800760336924304	0.000692196964864236	0.000723581613324994
72117	20-24	2	0.00209801811286457	0.00211594057671785	0.00217567443429624	0.00209268018886665	0.00186977987181811	0.00164917257399969	0.00148324443783845	0.00145349918086652	0.00143832995231733
72117	25-29	2	0.00269069715532565	0.00263850502289338	0.0025060461061453	0.00262445182707119	0.00218520955308307	0.0021119008370268	0.00180148600105087	0.00193286067827767	0.00186747842884385
72117	30-34	2	0.00293164782442326	0.00296569871464947	0.00311017708084892	0.00304490180042218	0.00251628907043366	0.00223617795991219	0.00218031520647279	0.00197088195343924	0.00205839499712826
72117	35-39	2	0.00338860095604825	0.00341618332209478	0.00356518441349013	0.00353733714342386	0.00308952946593138	0.00280239195526194	0.00246825579519397	0.00236235006180203	0.0025850606974939
72117	40-44	2	0.0044230071509976	0.00441511812860653	0.00477157240867663	0.00445132558846287	0.00361514598823496	0.0032988960063751	0.00301640881452046	0.00309359392286911	0.00330227502816371
72117	45-49	2	0.0062697680799668	0.00545758165457732	0.00551479756868955	0.00534775878885123	0.0048298432246441	0.00411344375254748	0.00389074962485796	0.0036469893982637	0.00352489100854323
72117	50-54	2	0.00776270941634527	0.00779789597972423	0.00811247259205626	0.00906307111104503	0.00704206741230562	0.00655671733690883	0.00590298910599641	0.00528668691937763	0.00587608629621392
72117	55-59	2	0.0109727303937975	0.011368712328054	0.0108673283953021	0.0124176488259889	0.00923538124520823	0.00931460540905901	0.00799539283340157	0.007560212145603	0.00793244730652737
72117	60-64	2	0.0174484901129987	0.0158634624977426	0.016254827327064	0.0164753306080018	0.0129809515133209	0.0119200430096761	0.0118076533288439	0.0106364204479611	0.0103758801825684
72117	65-69	2	0.0231062688773949	0.0234002535707363	0.0251040732969621	0.0247272956477799	0.0201495537245163	0.0170823201652026	0.0160551390862814	0.0133157310609732	0.0137854500695147
72117	70-74	2	0.0330675934532152	0.0379048717880696	0.0315250364133952	0.0436263722909159	0.0293439955801574	0.029818955243165	0.0226865145455048	0.0243015871270282	0.0185709609967752
72117	75-79	2	0.049409216038852	0.0573514825265452	0.048869325558869	0.0516352205278974	0.045368987541025	0.0427214207909072	0.0369697712437976	0.0298687146044401	0.0294382302768233
72117	80-84	2	0.0861984219960562	0.0772899930211188	0.0831082849555857	0.0914954692456994	0.0788978936470154	0.0677758958438765	0.0635921087284956	0.0576258280928258	0.0536335752606979
72117	85+	2	0.170671599662917	0.183026791237502	0.152221187581795	0.160567423022888	0.154615872116662	0.151394922656513	0.124803386773474	0.112040134051146	0.104481887036586
72119	0-4	2	0.00378795565935623	0.0031657350085392	0.0032772197864021	0.00304652886694201	0.00220549354987666	0.00245626051767231	0.00209361633924116	0.0017921645850463	0.00210268230615733
72119	5-9	2	0.000200445639303805	0.000188897229463317	0.000197462774141371	0.000194753623130017	0.00016078402923648	0.000165929334808844	0.000145917890036317	0.000131129764912034	0.000136816204708479
72119	10-14	2	0.000302073836113147	0.000277581195977802	0.000277812278910598	0.000311106513130345	0.00024261570271359	0.000229605659490714	0.000198420666149555	0.00018285983100999	0.000190859252716627
72119	15-19	2	0.00110180954687947	0.00109334137570534	0.00126096979247625	0.00163094302355395	0.00114306628080562	0.00108990315897082	0.000946057146330858	0.000804898602502848	0.000869577890618251
72119	20-24	2	0.00228209353710593	0.0022138511291308	0.00259266291041185	0.00340013401963909	0.00219060583036381	0.00255207729803888	0.00209594925790788	0.0019315144413626	0.00198168841385016
72119	25-29	2	0.00256489724012309	0.00243578786054146	0.00354394104045933	0.00317649869873855	0.00260240803840849	0.00277494245101029	0.00253346532513863	0.00221645698818901	0.00250218324038108
72119	30-34	2	0.00327266854124261	0.00331991562720127	0.00407055979401836	0.0038609535819662	0.00282549909394993	0.00255103106114571	0.00275416972212231	0.0026702108461821	0.00231403863339062
72119	35-39	2	0.00364903904358371	0.00403464583029361	0.00485879021205486	0.00446622894869891	0.00336254602848086	0.0029989760952881	0.0028200352053523	0.00256690885412844	0.00409860287907123
72119	40-44	2	0.00445935110667375	0.00498817115396193	0.00632148899334564	0.00495763136667681	0.0043238603170904	0.00400477081619248	0.00375637594905178	0.00302435672741774	0.00348415551011717
72119	45-49	2	0.00625199718307442	0.00633367581104362	0.00726034853907385	0.00741425258129114	0.00594865430981959	0.00540739825907286	0.00507427598189288	0.00456401861447795	0.00421159235606173
72119	50-54	2	0.00866273549828956	0.00879657003799319	0.0090083252000032	0.0115129457839419	0.00833284950718157	0.00650450632857344	0.00622227902866923	0.00658553287434703	0.00838436520758191
72119	55-59	2	0.0119401278905745	0.0114729754882333	0.0123119635594919	0.012709456243423	0.0106842494698375	0.0102390991090309	0.009353003340981	0.007379254391151	0.00970490525403276
72119	60-64	2	0.0209234044161352	0.0187450573430243	0.0165361933462524	0.0176720635856768	0.0148538647649603	0.0159116399927316	0.012990671448259	0.0113424853253855	0.0130094512586006
72119	65-69	2	0.0267923993918467	0.0269699438120385	0.0268591021958956	0.0253282647754084	0.0212597563938286	0.020732206825555	0.0173776471960054	0.0173231205475026	0.0175780309124238
72119	70-74	2	0.04456643982463	0.0441806843718586	0.0382898356155886	0.0375478456424236	0.0304664999067948	0.0292171088565575	0.0283473976314547	0.0252071289207974	0.0243761526505606
72119	75-79	2	0.0488174473995237	0.0537637639952995	0.0587011900632507	0.0574163337394897	0.0511344706150105	0.0415274026618345	0.040483337614199	0.0372146220222893	0.036892183264158
72119	80-84	2	0.0968421101148214	0.0749069568697613	0.095028995440892	0.101425032487168	0.0822222392023582	0.068509507593682	0.0655250121420115	0.0541834655487052	0.0524898751533088
72119	85+	2	0.175256730773355	0.174864098175944	0.145826932567737	0.144397337563757	0.149703410255315	0.151247221200737	0.134192765966035	0.136025898356286	0.112213994596318
72121	0-4	2	0.00324467162514362	0.00313209559399856	0.00315225756327932	0.00275320121918404	0.00256224519935303	0.00237284761715262	0.00222793716032334	0.00183562409521323	0.00179233831865018
72121	5-9	2	0.000174278422770306	0.000181366263944737	0.000194747427327514	0.000190053048393124	0.000152491982634722	0.000147534542432847	0.000132787824070595	0.000121633953011814	0.000124829532318896
72121	10-14	2	0.000260003684789559	0.000253126646565738	0.000260252057827197	0.000260215873060189	0.000223118317778913	0.000206514722898119	0.000190152737684836	0.000174427116417495	0.000179089132369368
72121	15-19	2	0.00107297127757014	0.00109974523005277	0.00118739886157671	0.00109619003219975	0.000918891353238786	0.000930679577245743	0.000882511526555665	0.000757766964923821	0.000765912980439562
72121	20-24	2	0.00206052124535798	0.00222135003492957	0.00212595001531934	0.00209976838836295	0.00182955002044516	0.00177330866005993	0.00179382449559335	0.00146044391122778	0.00153631109052309
72121	25-29	2	0.00252201195719926	0.00255267587780813	0.00292387898740447	0.00255513552550309	0.00219550229841188	0.002118586416653	0.00202846574653584	0.00190078882291047	0.0018978969277921
72121	30-34	2	0.00290008746487231	0.00323663726016385	0.00301162026878732	0.00304633499055725	0.00252909422079439	0.00243708752641473	0.0022075472473649	0.00204406940066486	0.00239419507038828
72121	35-39	2	0.00322698600877086	0.00375666135871409	0.00400309596895966	0.00382256595388327	0.00308052061884133	0.00280648788703259	0.0026213664346192	0.00253472157304793	0.00279195628707485
72121	40-44	2	0.00397504831098044	0.00497263820026744	0.00480505574953364	0.00457540148693505	0.0037911015165706	0.00320431096839338	0.00350386569079567	0.00303829102168271	0.00339580780395191
72121	45-49	2	0.00599375709738529	0.00577845331551419	0.00604887655783548	0.00635330442737887	0.00550114777230132	0.00480570928953324	0.00449963105336619	0.00418992561167997	0.00410496801777825
72121	50-54	2	0.00732223633091941	0.00811463977705491	0.00786826203329962	0.00840229131832454	0.00698265383469783	0.0067953883186189	0.00654000462721897	0.00599532216803842	0.0063448203727225
72121	55-59	2	0.0117736863499026	0.0108947766441362	0.0122853424739999	0.0119296355005328	0.0102888188501645	0.0108957375495128	0.0088565377369681	0.0100646707463596	0.00839210401868122
72121	60-64	2	0.0202347319914679	0.017635379755716	0.0169719675900067	0.016976841872571	0.0147519048235608	0.015527730506651	0.0137318720905466	0.01154857952625	0.0136076206671761
72121	65-69	2	0.0252556836471834	0.0237080823295941	0.0266524907069399	0.0209025335324705	0.0213872041004353	0.0234314475087315	0.0181271544234051	0.0180392247941416	0.0183973737531
72121	70-74	2	0.0394786402293647	0.0410797183399964	0.0373573738533512	0.043459821850745	0.031275225462975	0.0329273591875519	0.0267392936519941	0.0233835174975107	0.0203765192842795
72121	75-79	2	0.0555237586403286	0.0527854666560778	0.0599426014434497	0.0575663807798526	0.0447489575337364	0.0425656890061849	0.0415726983074004	0.0386431836025827	0.0373006705185943
72121	80-84	2	0.0906637912078392	0.0844125453025529	0.0865211867473206	0.0900027844261463	0.0795560565242714	0.0689050750714144	0.0718276603360493	0.0634434474599392	0.0612741991935369
72121	85+	2	0.164299736129123	0.166267311541684	0.155451048222122	0.164441572633756	0.151267383523288	0.141520162435634	0.136323735088155	0.130968903794155	0.125419057695567
72123	0-4	2	0.00400504404036703	0.00396511821619684	0.00403048823633222	0.003556067167605	0.00252897130438122	0.00264184323077019	0.00233007166619053	0.0020512521433556	0.00206944531042849
72123	5-9	2	0.000201593179198917	0.00019888384372217	0.000209824795396042	0.000197004991832337	0.000167762919653451	0.000158376537002879	0.000144337080088576	0.000131211439485759	0.000134988210717231
72123	10-14	2	0.000292212033969575	0.000281558706047067	0.00028465523531141	0.000280121141980738	0.000265972929113664	0.000225623496024704	0.000210487990493436	0.000187791870647548	0.000197619877545392
72123	15-19	2	0.00114282477599207	0.00126312315304281	0.00132679184847143	0.00124058474357598	0.00101934768978076	0.00107462654050792	0.000941010261471321	0.000769449925986761	0.000885887069488556
72123	20-24	2	0.00245929275169855	0.00258641485396792	0.00254394432740722	0.00239615089153763	0.00209343068603208	0.00214800697868014	0.00194623157387532	0.00180337166542569	0.00164420840836526
72123	25-29	2	0.00303049752942418	0.00324078467117417	0.00317975903893524	0.003079922831613	0.00261095882783897	0.00256817953090797	0.00269497147573092	0.00235144735224666	0.00207276512162605
72123	30-34	2	0.00328885158133889	0.00411501071751702	0.00391847156140347	0.00347682097502881	0.00305752396851437	0.00281872152625267	0.00244112864571818	0.00247716417573587	0.00264739453915417
72123	35-39	2	0.00418336465361344	0.0051954385273735	0.00487741007502221	0.00450067891922087	0.00416185180030534	0.00354110758658053	0.00295950471281519	0.00294406157837583	0.00296973596191549
72123	40-44	2	0.00497297748416011	0.00558549635714726	0.00613199233652082	0.0063320451764809	0.00451374858567385	0.00391057671313917	0.00381803256422792	0.00325675468637183	0.00356383718370626
72123	45-49	2	0.00658809781676325	0.00703544578532001	0.00702529523186479	0.00752501386235733	0.00559921249218878	0.00561529438139697	0.00472043057063581	0.00417437661639791	0.00456524931904561
72123	50-54	2	0.00895931644865362	0.00994698543609622	0.00928634174072533	0.0086642366160687	0.00842078657799104	0.00847910707136928	0.00578600033666322	0.00595128682315646	0.00698573863587247
72123	55-59	2	0.0153107758792401	0.0142013701469334	0.0138319532732913	0.0150345386663465	0.011737314425058	0.0112716390516222	0.0104034301378586	0.00829482728856746	0.00903723039487902
72123	60-64	2	0.0205048527160053	0.0229029874857097	0.0227318649372689	0.0202851457189503	0.0166183526366663	0.0147542420944558	0.0123816970453696	0.0121175307959804	0.0110375424206203
72123	65-69	2	0.0264784421304123	0.0322201410605827	0.0266596177598661	0.0278785889750728	0.0237549503061282	0.0221837227419163	0.0203876452291786	0.0171816018860545	0.0147262620610488
72123	70-74	2	0.0474636984261652	0.049218339326852	0.0392980168427349	0.0441066209504571	0.032194649079828	0.0334125804051431	0.0268524417999331	0.0236372685749554	0.0235699875971067
72123	75-79	2	0.060929101647001	0.0592713917444773	0.0532138240604306	0.0633811281579253	0.0519656504658189	0.0438100479336585	0.0442851408432202	0.0386116362843201	0.0363494149164046
72123	80-84	2	0.113008560301235	0.0947115434426914	0.0965897040934885	0.0946633068508655	0.0770646058314693	0.0789955983325052	0.0671590275514576	0.053520471060368	0.0619016931298464
72123	85+	2	0.186186815437839	0.172548856461037	0.155877066043148	0.160464701885284	0.151949751810349	0.136211500893205	0.14706784859606	0.111765419962773	0.111722692750537
72125	0-4	2	0.00332930001573585	0.00304967622202065	0.00286720474277642	0.00275648304961035	0.00243048344476487	0.00250924102146207	0.00209924124859735	0.00163146009864669	0.00170784489252383
72125	5-9	2	0.00018398990048639	0.00017327390878068	0.000175730632946353	0.00017367393232954	0.000147336976835955	0.000139435419570811	0.000124251509560512	0.000114197122186439	0.000120572496227432
72125	10-14	2	0.00023963574872853	0.000245807540818168	0.000265805365860485	0.000247171562913526	0.000214803820078194	0.00019912015518753	0.000177671277324003	0.000167251935633431	0.000172761053204709
72125	15-19	2	0.000992011857676787	0.00107419121701747	0.00107307562640944	0.000975071072265726	0.00084873914226298	0.00082488615660912	0.000732643934422003	0.000684984296847468	0.00072939955885138
72125	20-24	2	0.00188912723420227	0.00179088412661717	0.00210099166340873	0.00195327720330302	0.00165298036451995	0.00163047004370736	0.00143139935220396	0.00134271402037776	0.00139571910125137
72125	25-29	2	0.00234951883183236	0.00257442329897585	0.00245252299478763	0.00237815395817222	0.00220568975575536	0.00184200532140422	0.00178062186495437	0.00161554883320223	0.00176729367684829
72125	30-34	2	0.00290450258270485	0.00264152849774925	0.0029820823976882	0.00281573920840207	0.002235812866735	0.00235959249253591	0.00226475044301695	0.00200711549907851	0.00214983218691278
72125	35-39	2	0.00357124294169075	0.00370331590139395	0.00382094188409585	0.00394695297154819	0.00312142923613552	0.00277407207468394	0.00238711802582303	0.00229857712270681	0.00237533062249346
72125	40-44	2	0.00384272095202345	0.00411633192639493	0.00518639399519092	0.0045767780503971	0.00344743855627892	0.00318082790293042	0.00300609776585963	0.00295026963491119	0.0030936105035952
72125	45-49	2	0.00527637804709162	0.00576820786930604	0.0056675167842671	0.005601564349492	0.0050754294072423	0.00432707768007791	0.00409225729305802	0.00389439750247871	0.00398570506078933
72125	50-54	2	0.00812923875519469	0.00763650441062429	0.00798189041097849	0.00755102640698023	0.0066328127747761	0.00816314210447612	0.00602249204555501	0.00567806633078703	0.00689445744086819
72125	55-59	2	0.0113511448680884	0.00950402636485385	0.0111412724400699	0.0107520980585943	0.00898900346719548	0.00906707242888847	0.00872451665167172	0.00815435501201964	0.007110167238139
72125	60-64	2	0.0167570399549136	0.0168204388236355	0.0149372608488158	0.0162593506333492	0.0171443434297712	0.0140967233187414	0.0109092171420017	0.0114844794651578	0.0120837625056954
72125	65-69	2	0.0276001038889614	0.023774864353517	0.0218227566438309	0.0218967814522228	0.0188068545460501	0.0202090660059418	0.0177946629283748	0.0177554924740413	0.0169912506514623
72125	70-74	2	0.0422903960885357	0.034805191457979	0.0380035797307973	0.0335717409811748	0.0353460545427653	0.0290372865696141	0.0255611866712713	0.0207626426620127	0.0226028344129317
72125	75-79	2	0.0584962988750913	0.060580699099926	0.0563936711165968	0.0430566420289839	0.0451676613175048	0.0341990035164907	0.0443988386999135	0.037530012746085	0.0416300561629468
72125	80-84	2	0.0750748796883154	0.0813700974751022	0.0989116215974643	0.0863025671755719	0.0710571844197593	0.083713276717509	0.0687201016485056	0.0613041863524652	0.0544726760665721
72125	85+	2	0.165355388419071	0.13369843500062	0.156163827941647	0.150164830425308	0.144848807787771	0.145611607209453	0.133268660674287	0.126975957786103	0.131471688265669
72127	0-4	2	0.00542301377835147	0.00403722886305095	0.00390835493160524	0.00327164823144879	0.002573363955697	0.00264195954817455	0.00265489226703233	0.00216446976152148	0.00242903963955671
72127	5-9	2	0.000240688964751948	0.00023905338970119	0.000264158728110865	0.00023515412274762	0.000169857641764381	0.000164285805309276	0.000159966865491389	0.000159941785172567	0.000146649121167568
72127	10-14	2	0.000358420040206138	0.000377476559451902	0.000410806192361795	0.000355458660745959	0.000260855133319302	0.000237694366991866	0.000243562550341254	0.000202726870615165	0.000222454197272561
72127	15-19	2	0.00180462259161626	0.00155538720094068	0.0037886090500266	0.00298668232925252	0.00210174050109232	0.00127939757934038	0.00119639259470374	0.00103366200706994	0.0011993764387633
72127	20-24	2	0.00298228457101313	0.00346178636671653	0.00505840965211691	0.00441516135888761	0.00410166659462744	0.0034098757350303	0.00338890933928121	0.00295215264420729	0.00249096824263617
72127	25-29	2	0.00342891897391938	0.00441513001748232	0.00621258963147146	0.00463114028621336	0.00413836347512168	0.00413052374748809	0.00354965332396558	0.00292010602459175	0.0030059221841546
72127	30-34	2	0.00429980965319171	0.00678730666548106	0.00859381149434358	0.00659590738104613	0.00383253769270639	0.00393645346037949	0.00322609628316342	0.00340419172165522	0.00303478583222863
72127	35-39	2	0.00481120606518546	0.00759145030091576	0.0106527757684682	0.00716928888813558	0.004807350620843	0.00399216648782523	0.00309709400726868	0.00349203235194007	0.00368282742544011
72127	40-44	2	0.00569418320620235	0.00769089600754439	0.010425839109836	0.00855557887940819	0.00554600507673289	0.00509562880029661	0.00407613495107613	0.00415204464445772	0.00509043961078286
72127	45-49	2	0.00722521375503187	0.0093984632851439	0.0106864692604254	0.010205069289546	0.00712064880012455	0.0063032710917567	0.00535222874556587	0.00492507697716835	0.0056358034250671
72127	50-54	2	0.0097573376394251	0.0101612920771482	0.0122735594814624	0.0112946876638435	0.0097143494889274	0.00899267016402052	0.00734834518193956	0.00685590458890761	0.0065766121979392
72127	55-59	2	0.0141292032385346	0.0155302777682551	0.0137081959613168	0.01380925612731	0.0121674661807688	0.0115885382800848	0.0110900946503017	0.0101684523119949	0.00969331794422235
72127	60-64	2	0.0215030886283094	0.0217267722234229	0.0205363662242302	0.0190992163069515	0.0159512190686289	0.0154989376637768	0.0139541534930199	0.0138844517234116	0.0132823626989592
72127	65-69	2	0.0288746809987002	0.0283000240946944	0.0265299785623885	0.0254047737592649	0.0216751672015083	0.0203434421296767	0.0189459334890316	0.0169645112470816	0.017831498421098
72127	70-74	2	0.0441569103965296	0.0435783175860448	0.0407901917060005	0.0402807282564879	0.0321693724788556	0.0279775824014011	0.0253024571583016	0.0233505608291352	0.025461442109137
72127	75-79	2	0.0588524502491402	0.0586567423885002	0.0559008520730676	0.0557114951826537	0.0482451614758829	0.0430136092180022	0.0391768349256555	0.0363910740754314	0.0402296703372198
72127	80-84	2	0.0992757466532132	0.0914014814504296	0.0894708607809936	0.088641137507564	0.073803941056183	0.0716419790294696	0.0655372642465805	0.0592253261211067	0.057005394612011
72127	85+	2	0.166305331379887	0.168393419638893	0.155558795014745	0.156964833736451	0.140905920499646	0.133058467805264	0.131938429585469	0.122726553138083	0.122857647163354
72129	0-4	2	0.00323110810954469	0.00296405464147138	0.00287280563995292	0.00285728799543087	0.00253270630578718	0.00247367022270063	0.00210238388219763	0.00183356817527519	0.00181523058747721
72129	5-9	2	0.000189460345396017	0.000196139093865435	0.000192567002617104	0.000186113882543713	0.00015809711658598	0.000151405166281108	0.000137901521028274	0.00012533649568873	0.000128100920347063
72129	10-14	2	0.000256184013295582	0.000277119429390235	0.000267030059511508	0.000274989615842984	0.000229318946548684	0.000219686081160285	0.000200865527819047	0.000182944242750359	0.000182957907070166
72129	15-19	2	0.00128587633345332	0.00119429565039467	0.00122529571136821	0.00107415328502037	0.00100561408572926	0.000956675085799374	0.000889583919072771	0.000849698160742783	0.000792500134625816
72129	20-24	2	0.0020939431381534	0.00216585497370127	0.00225926760088932	0.00248154947182812	0.00207025371167363	0.00193099943505586	0.00175327382200109	0.00190865837543163	0.00162337000847788
72129	25-29	2	0.0027524517069003	0.00292409714493101	0.00309665689699579	0.00273245648247345	0.00253703532659037	0.00229684220065005	0.00251725796790386	0.00223312583329502	0.00200519224311117
72129	30-34	2	0.0029706465583986	0.00378215381783168	0.00373332724947753	0.0030787076082018	0.00276937850809488	0.0026332308068462	0.00268398344622468	0.00234987506743361	0.00250382502837893
72129	35-39	2	0.00390231886355432	0.00446040574992663	0.00444579621225877	0.00418954831620713	0.00326667341431611	0.00274451107061181	0.00257202669387057	0.00285672045537528	0.00312272245050412
72129	40-44	2	0.00491288785534214	0.00582685504929142	0.00548766105462221	0.00492229776157006	0.00414398198660508	0.00368321275419301	0.0031604942803936	0.00317987463709575	0.00363788682579527
72129	45-49	2	0.00605331047460702	0.00665262555345973	0.00743307838675118	0.00633016966872273	0.00586156736785715	0.00553964018647583	0.00462067383299354	0.00431395698803678	0.00466752426251936
72129	50-54	2	0.00881164412170736	0.00885989583032785	0.00928175987158302	0.0085763571202058	0.0083909257636215	0.00790644850796236	0.00557390524418215	0.00644779318780374	0.00608322788114035
72129	55-59	2	0.0133472956441889	0.0146107896351631	0.0134627685184285	0.013866497137425	0.0111327712264716	0.011135661065642	0.00886643494521209	0.00810790237484547	0.0084431638218411
72129	60-64	2	0.0171958006776901	0.0176751012176473	0.0193603580392238	0.0201414110427614	0.0178845994225432	0.0154713444122072	0.0136080987198275	0.0112281235654273	0.0117454895838589
72129	65-69	2	0.0278813490734799	0.0259246595247478	0.0299063929526808	0.0259037804077809	0.022780879442341	0.0192534737771894	0.0178843093142221	0.0190297390191898	0.0164909661691081
72129	70-74	2	0.0344542256868272	0.0422566555385168	0.0384357596978142	0.0396677996245137	0.0324962503873751	0.0283614190434538	0.0247512839719341	0.0229002956768479	0.0273468271282583
72129	75-79	2	0.0536213233072368	0.0563267458314813	0.0613241197159238	0.0467575844875583	0.0512591241551745	0.046688333792553	0.0435869357490142	0.0366513441274486	0.0362310278896525
72129	80-84	2	0.0729689064209918	0.0834168885411776	0.0815142601173386	0.0806783989559019	0.070049931111844	0.0663496796685796	0.0595546388616009	0.0477139261597233	0.0475639037385922
72129	85+	2	0.142790065439451	0.164817324403968	0.152689593680956	0.155998611912721	0.145106442710257	0.141368083690823	0.11965602808719	0.132227221635541	0.114309376656579
72131	0-4	2	0.00285192776666711	0.00305198682263084	0.00295926017141533	0.00271333501979366	0.00240713689018316	0.00216274077710376	0.00210245026281082	0.00164397595920953	0.00175643270455112
72131	5-9	2	0.000170587323559499	0.000179641586876375	0.000186492669684352	0.000170576373537722	0.000150322009737685	0.000138516135633609	0.000125012836788445	0.000113880448972855	0.00012040668571757
72131	10-14	2	0.0002414753371694	0.000253582899534736	0.000247167911224562	0.000257299007603362	0.000204708367178357	0.000214255715439948	0.000189963930574673	0.000166225571429957	0.000168230665507877
72131	15-19	2	0.00102598609071574	0.0010328973040424	0.00108584914853725	0.00112558085188375	0.000880659255082515	0.000810771279354434	0.000772024535009519	0.000712752400220849	0.000699508781598224
72131	20-24	2	0.0019600450007469	0.00211222189975744	0.00193598475418952	0.00193468562461398	0.00184544649216423	0.00157883740872737	0.00152216621654217	0.00143421248730456	0.00155280484189027
72131	25-29	2	0.00232943802914036	0.00282254437088961	0.00258355605438972	0.00247253255897422	0.00215837950393853	0.00206187139761137	0.00178647662885038	0.0016873560818859	0.00173538303745752
72131	30-34	2	0.0025409530755718	0.0029280811256882	0.00285610075201533	0.00271633882788436	0.00263346513184429	0.00216006539302202	0.00232367468736812	0.00200113399237432	0.00206663696544783
72131	35-39	2	0.00337146419556098	0.00407579969023099	0.00354997245357625	0.0035382926057619	0.00279837507608613	0.0025044133757127	0.00236315925520904	0.00250161892042498	0.00279444024823089
72131	40-44	2	0.00384597060703203	0.00487787856542704	0.00475539886159123	0.00454954068903519	0.00373035218014464	0.00349107540171172	0.00343207795419219	0.00280107850290519	0.00314564238641888
72131	45-49	2	0.00569213841273455	0.00521406715447852	0.00588436980256908	0.00548548408182338	0.0044601161455836	0.00472481764836866	0.00437666652736726	0.00390208456937398	0.00420296546023038
72131	50-54	2	0.00709548418643935	0.00820798401761307	0.00821290538840933	0.00766495018496132	0.00610993934385858	0.00636999326309837	0.00592084256300968	0.00547883209477462	0.00523455285349435
72131	55-59	2	0.0113645912886741	0.0111868458930717	0.0111884392159919	0.0110738595615206	0.0100817940632688	0.0100872455081437	0.00822419579318558	0.00808239648866899	0.00695544389913393
72131	60-64	2	0.0165396628748785	0.0160858903594731	0.0160940670244789	0.0151780092416749	0.013543773356582	0.0135021854831477	0.0120349741493353	0.0100110011060941	0.0122983122915273
72131	65-69	2	0.0243244864054445	0.0227082141957845	0.0242831643313566	0.0221571395569536	0.0182531470800066	0.0200937616953182	0.0183145901994885	0.0146673993043873	0.0146522152882537
72131	70-74	2	0.0393141228144854	0.0394191830129808	0.0348831073647902	0.0356511713463546	0.0325322851428018	0.0262227927547019	0.0269203754207525	0.0209875535715407	0.021578583380573
72131	75-79	2	0.0566801295760722	0.0571314589631612	0.0593388172007986	0.0484663868613319	0.0515366367272795	0.0446505170170454	0.0428133625999884	0.0376848382977956	0.0399607493855727
72131	80-84	2	0.0815308542044737	0.095186837690777	0.0856009664446161	0.105503625152179	0.0808560878806446	0.0660305036854635	0.0671868835269008	0.0558561056450468	0.0629412830253123
72131	85+	2	0.184820605608803	0.161303917728986	0.16516002133275	0.152815390006123	0.151432290715069	0.15529890474942	0.129193185311851	0.135060836373424	0.126969645549758
72133	0-4	2	0.00397389225933478	0.00365883954703287	0.00389788955299166	0.00379756906628209	0.0030577944434007	0.00261447168582518	0.00240205695082839	0.0021061365519502	0.00225737857444763
72133	5-9	2	0.000212112817358199	0.000217443362815204	0.000236211572148274	0.000213755151778224	0.000198617476775713	0.00017613322560248	0.000156795630907902	0.000147522280397754	0.000149133210242654
72133	10-14	2	0.00032917100779614	0.000316570004458091	0.000315914040637165	0.000312122354538864	0.000272088560375471	0.000262301336627356	0.000238745105880797	0.000206757343489901	0.000213811450033799
72133	15-19	2	0.00129333354074253	0.00134283195647181	0.00139341719906392	0.00141430894230667	0.00133266550575128	0.00110255210912328	0.00104717356131209	0.000864307898532046	0.000984248815775905
72133	20-24	2	0.0026549494181816	0.00292189407647204	0.00280751433825634	0.00289804727398281	0.00281287570225298	0.00246329524532895	0.00234871780608683	0.00191366968910907	0.00184968058420413
72133	25-29	2	0.00310542750249877	0.00341104622338412	0.00399723566641186	0.00364964867084519	0.00304461682353813	0.00289859311889122	0.00286252236958057	0.00249725934616372	0.00273090085751365
72133	30-34	2	0.00338731120292243	0.00399898095158334	0.0047071304373049	0.00354202989228266	0.00345415263729675	0.00324018351197058	0.00287332190678749	0.00262533752763123	0.0029841315965169
72133	35-39	2	0.00405303209321647	0.00427423945126238	0.00620364626320981	0.00474244611526935	0.00411809084511782	0.00316144774859873	0.00316390770798989	0.00270654936922796	0.00323727991919372
72133	40-44	2	0.00522367465013621	0.00537031023902874	0.00558819200585021	0.00699562209580336	0.00496803924937711	0.00425495090790693	0.00377159698806131	0.00359932974636846	0.00404225865960698
72133	45-49	2	0.0066799395109549	0.00768449422913186	0.00828338304045654	0.00693947861615537	0.00641453745380666	0.00585081401513271	0.00565124243198206	0.0048370523253755	0.00504242416232781
72133	50-54	2	0.0095208211929494	0.0101887782820713	0.0100674852126459	0.0103291209043499	0.00934749508726175	0.00858279243564437	0.00669869679751617	0.00623503347110474	0.0058749642614529
72133	55-59	2	0.0127148933930628	0.0142289201053006	0.0140451654151761	0.0126794848430991	0.0125258965945125	0.0118371316913878	0.0110775226523174	0.00952925043521084	0.00992760879424776
72133	60-64	2	0.0204016500692082	0.0208006247865282	0.0224652488798334	0.0179388303042399	0.0198683493880678	0.0173304745142896	0.012983964921538	0.0139968125098497	0.014412611559551
72133	65-69	2	0.0346173226353192	0.0294337809894955	0.0302239276644697	0.027435245439407	0.0259884762574189	0.0205639064412429	0.0173766362424982	0.0228382662457941	0.0217297423468523
72133	70-74	2	0.0471370036423255	0.0397477312070262	0.0473119659448358	0.0422129760937426	0.0379785607153816	0.0353154296770583	0.0311031908076322	0.0286233132325274	0.0257996152997124
72133	75-79	2	0.0739002274844764	0.0625070149877	0.0669673067977343	0.0625062408705893	0.0608484593188573	0.0509357829868819	0.0402006053356327	0.0463528824523196	0.0448428153464666
72133	80-84	2	0.102613153806113	0.105284747238515	0.0922971843833656	0.126968282974351	0.0940229670698	0.096596396344314	0.0699268028872015	0.0651475577337392	0.0729243103376569
72133	85+	2	0.161533643249349	0.20447253116243	0.183492497665044	0.168293132736289	0.164540667390504	0.15417908980827	0.185227805282899	0.131692773981028	0.13937858336323
72135	0-4	2	0.00327540759161822	0.00266082995923271	0.00261171552877788	0.00231251565712863	0.00203175696032957	0.00189197232161531	0.00176667907801483	0.00161187879124109	0.00157336979094859
72135	5-9	2	0.000160508792750652	0.000160072877484517	0.000170154121464931	0.000155907749453835	0.000142145210523502	0.000129982515630299	0.000115047243164512	0.000105999545053975	0.000109654446427155
72135	10-14	2	0.000238335368256552	0.000236717356287176	0.000226140581469382	0.000230054057711107	0.00020112959724721	0.000183472099671537	0.000169239081300692	0.000150505119468905	0.000155877712003317
72135	15-19	2	0.000950624621090741	0.000995717607420128	0.00112635951258668	0.00108947304187634	0.00083391606552563	0.000904273201450937	0.000757645882089738	0.000642948369668272	0.000703712463285822
72135	20-24	2	0.00199930312195092	0.00195457788642757	0.0023810022662293	0.00214692657088842	0.00170102637879701	0.00188723330440835	0.00183040724707904	0.00138419918094065	0.00135138043940176
72135	25-29	2	0.00206458252735425	0.00195994195913831	0.00264278673455871	0.00234320359375325	0.00221316435543285	0.0021014703582939	0.00207632165445907	0.00194281237138968	0.00168177605500124
72135	30-34	2	0.00229278733386541	0.00272318370767591	0.00304247487597022	0.00298858978392116	0.00222925727772012	0.00218455944188012	0.00235256002026408	0.00195195902180651	0.00218271502956478
72135	35-39	2	0.00320733308749281	0.00331784399907756	0.00390424870874562	0.00349031789253681	0.00228706875481849	0.00233112179099354	0.00220713422798096	0.00213143088401253	0.0024630183093432
72135	40-44	2	0.00402994285603974	0.00433674427090187	0.00391124571143987	0.00399402171997458	0.00342313570342585	0.00314848622137601	0.00261803637886797	0.00285152267430073	0.00307526947558357
72135	45-49	2	0.00454272356953987	0.0050788233095784	0.0045986315887061	0.00571885501708056	0.00468199020035066	0.00344928006935498	0.00374428901483506	0.00311587868310643	0.00378242100149883
72135	50-54	2	0.00704598837295788	0.00775376815995	0.00816388571146154	0.00799776068965751	0.00700307858161524	0.00563801055892519	0.00507469699530202	0.00504174501831297	0.00462078465579297
72135	55-59	2	0.0106078008809898	0.013079435533732	0.0102024823937298	0.0109927662205561	0.00878993854832118	0.00762601880560869	0.0072684754148958	0.00756552113559902	0.00696193157213498
72135	60-64	2	0.0169858659963622	0.0175336487390593	0.0161481240820655	0.0150574675394189	0.013342456328075	0.0127518739990365	0.00940935379763257	0.0097399676879804	0.00996685029725477
72135	65-69	2	0.0220230575501108	0.0220601684252455	0.0226555068231924	0.0227281378097355	0.0212160144043051	0.0162842303204	0.0151389948552724	0.0127697951603355	0.0157236654298692
72135	70-74	2	0.035836622074853	0.0398315090615328	0.0327714148846655	0.0374902393148002	0.0276721448150741	0.0233837307013904	0.0211846626780009	0.0210851115398013	0.0233277039750328
72135	75-79	2	0.0449621389321771	0.0537630318070594	0.047460054100933	0.0483169169257884	0.046944915283259	0.0427672640358734	0.0411799571745825	0.0304261194818239	0.0324805834905396
72135	80-84	2	0.0714555384466396	0.0732829567965015	0.0854474324396108	0.0849498249000753	0.0818858312570422	0.0635731471112277	0.0616137388598181	0.0562647393990017	0.050244785974906
72135	85+	2	0.172042909323303	0.145303770048088	0.141851379850454	0.155250143847118	0.144128054731718	0.142301321390563	0.133016598642786	0.11929574119317	0.113365705669265
72137	0-4	2	0.00352180366408323	0.00297054981833919	0.00315655002923378	0.00266833755038063	0.00243330566144362	0.00244248916511911	0.00203176677088204	0.00186401975289765	0.00195981397603425
72137	5-9	2	0.000179509203101307	0.000197511523508549	0.000210730556334809	0.000192785647372179	0.000163702322054532	0.000155442945397209	0.000143626023964643	0.000127198093681898	0.000132678534031526
72137	10-14	2	0.000287009338726443	0.000300740608314257	0.000296328096765438	0.000301920348238232	0.00023904991748091	0.000222493167288282	0.00019338836956502	0.000184121168908493	0.00019229341157413
72137	15-19	2	0.00117744057405442	0.00107667948088662	0.0013670589310419	0.00163390659419813	0.00108900051914699	0.00106179277463797	0.000996218556024302	0.000765173160641303	0.000811664790305127
72137	20-24	2	0.00232724983614271	0.00252342130502452	0.00318869130312144	0.00325516210174118	0.00276174456522177	0.00236132514494192	0.00216344436474825	0.00194220544799857	0.00205424012075364
72137	25-29	2	0.00259441836193083	0.00337271342521903	0.00401667326945936	0.0032060165906947	0.00322230094955021	0.00265476497693801	0.00272091660004813	0.00238147068082058	0.00243033684157061
72137	30-34	2	0.00279329209754314	0.00349884004200347	0.00488478545445753	0.00373451326463344	0.00331658490406067	0.00282171595302707	0.0028985017871206	0.00251927580099896	0.00281594522351542
72137	35-39	2	0.0035207050878276	0.00417532794068397	0.00527780558341328	0.00505451266007127	0.00367388247768316	0.00310304891285936	0.00278300505177648	0.00260831939364956	0.00296596602088536
72137	40-44	2	0.00370077899532775	0.00472716708914641	0.00554952874007167	0.00588164586284728	0.00428567824251119	0.00385468327144041	0.00328048039495456	0.00330873174144229	0.00413613471499147
72137	45-49	2	0.00584860543047851	0.00610763342527235	0.00671555942787759	0.00604157471809428	0.00572451862852423	0.00530375373490877	0.00456770316979713	0.00435312189708937	0.00485510785791231
72137	50-54	2	0.0077439376685122	0.00944611681254163	0.00877739791744408	0.0088176502913513	0.00690591892972939	0.00816780756578805	0.00676738291224087	0.006333337371804	0.00634398711929506
72137	55-59	2	0.0108532795139935	0.0115542990497869	0.0112466324804009	0.0127207167630595	0.0101892811620758	0.00991706364926902	0.00955002300653414	0.00910318952425012	0.00923186283424699
72137	60-64	2	0.0191629115725194	0.0177978546997111	0.0156342334414115	0.0167355765054745	0.0153151855225588	0.0147677581303604	0.013266223578654	0.0123797577208286	0.0131507737785373
72137	65-69	2	0.0249508542873705	0.0251092441363586	0.0269157513209502	0.0235979904765331	0.0214346105252559	0.0195074983169916	0.019918593038841	0.0193939679069798	0.0167335495375682
72137	70-74	2	0.0381343690657016	0.0402992324436533	0.0422211517223629	0.034831578092293	0.028041225422908	0.0290048576977592	0.0293581847811433	0.0231124358192471	0.0268180606485027
72137	75-79	2	0.052567480234439	0.0631611056316216	0.0560591374159886	0.055084120715881	0.0481596441631633	0.0476176333873239	0.0403033026281285	0.0350518324231951	0.0371267605274479
72137	80-84	2	0.0863555213943007	0.0823672178953794	0.090793624222465	0.0800978628568179	0.0818486496868552	0.0760635623581016	0.0640083984068858	0.0623399514057269	0.0610992345382463
72137	85+	2	0.164620354430204	0.164276874575061	0.158165571701026	0.159443533371199	0.146895645169568	0.140498590429509	0.132599039723434	0.116371032045502	0.117902913238986
72139	0-4	2	0.00276186381180857	0.0026570498610006	0.00260199705429933	0.00252475544309641	0.00202822039153449	0.00186013381934428	0.00173712775712626	0.00136860909666692	0.00170701492401634
72139	5-9	2	0.000168959148372007	0.000169777716691404	0.000181426171803662	0.000181329607572301	0.000146441587095686	0.000135038306953391	0.000120981604202889	0.000111286792465773	0.000121024950656859
72139	10-14	2	0.000244303961638353	0.000244451187090839	0.000255178407633546	0.000250317388720954	0.000202818333608767	0.000194729888784936	0.000178606549413607	0.000161771439252571	0.000171817115041102
72139	15-19	2	0.00114362606367585	0.0011276022609447	0.00120593341485054	0.00130229175202442	0.00109110796685667	0.000930863230421509	0.000845486019522913	0.000657950372709628	0.000668001190255891
72139	20-24	2	0.00208094372225059	0.00204638022929897	0.00245103031986358	0.00242790669073806	0.00211880256573465	0.00217501426771758	0.00159631380789311	0.00155967616470235	0.00161838448636247
72139	25-29	2	0.00233712421868936	0.00289372136071126	0.00316823139156437	0.00297471708999635	0.00235608684867452	0.00281085047344849	0.00205236350922384	0.00203825407307542	0.00206952706991868
72139	30-34	2	0.00267825667124474	0.003080415048666	0.00331687564101819	0.00292392317329476	0.00215403846045948	0.00241718373480367	0.00223868282331226	0.00231742614686498	0.00236446528292421
72139	35-39	2	0.00315899929233522	0.00401040825123102	0.00468530644452143	0.00348844973271198	0.00315090767049899	0.00274553859618194	0.00300336383830829	0.00259036988617464	0.00244370143005794
72139	40-44	2	0.00417802446605508	0.00428148846842693	0.00511302582947051	0.00451192933574909	0.00408895285907976	0.00288144632756732	0.00275670278774168	0.00280499177000138	0.0026729328774175
72139	45-49	2	0.00484139124304147	0.0051095788466753	0.005674839463527	0.00557654869518303	0.00512695742555977	0.00477767830540632	0.00351324738152395	0.00364924339825017	0.00427324469485216
72139	50-54	2	0.00844392579605186	0.00899027736769858	0.00776873185091163	0.00806646947712816	0.0072373734108948	0.00592414867176953	0.0051088575590268	0.00469954479878723	0.00548886589137117
72139	55-59	2	0.0103332374085948	0.0100825510066491	0.0101865347990186	0.00973994444115714	0.00904887390330331	0.00872058420192303	0.00806236717060762	0.00646737813198636	0.00855039707302266
72139	60-64	2	0.0145579094300917	0.0171754122729959	0.0163202972288559	0.0157382115832705	0.0135179229594221	0.0122920288239653	0.0126413746174811	0.0100206506981747	0.00986986970234153
72139	65-69	2	0.0266078844782427	0.0247463145885446	0.0234553187669328	0.0249558207447227	0.0177437113510668	0.0188841202147614	0.0155560195737937	0.0141924455981423	0.0162406295640376
72139	70-74	2	0.038390779599939	0.0339204592886294	0.0334618476549792	0.0349072608261717	0.0282726028049719	0.0274963992602977	0.0242247869383337	0.0219710324383912	0.0225195833195172
72139	75-79	2	0.0425501100384455	0.0496027319112406	0.0488276484441483	0.0468348915896784	0.0505526456611697	0.0435573567641304	0.0386819369916746	0.0297383164323899	0.0316034390656765
72139	80-84	2	0.0760832776338587	0.0808224896648648	0.0747973307333685	0.0975618014044642	0.0715738732674819	0.0651054969088395	0.0596145793044409	0.054921600449317	0.0535859279167877
72139	85+	2	0.148215534223966	0.1572313903233	0.132214483218482	0.145282868871826	0.138860097462482	0.123695755034495	0.124668138868607	0.126869428713583	0.119749960221296
72141	0-4	2	0.0033203746674795	0.00279957432207724	0.00254579526236986	0.00240860136664367	0.00202504466155124	0.00189825845242476	0.00203435937998507	0.00173923718227363	0.00162254526181052
72141	5-9	2	0.000166860766091984	0.000165571795979183	0.000169620556087473	0.000166422004350252	0.00014657554235448	0.000143019860438373	0.000124974403510356	0.000113966148429094	0.000116400003818149
72141	10-14	2	0.000240821521778219	0.000239618963947883	0.000245781258854895	0.000236299352356427	0.000213092717611724	0.000195420323324562	0.000182364020687771	0.00016332311092697	0.000166880726694229
72141	15-19	2	0.00103022241228442	0.00106395735977957	0.000941714343024521	0.00102197576931507	0.000887846690635383	0.000872091494250185	0.000751513379361077	0.000730434446497352	0.000695026351309514
72141	20-24	2	0.00208095183478079	0.00213045589879844	0.00224128070950891	0.00199403674372909	0.00178412214433811	0.00163661776953647	0.00148943245287761	0.00144495605367657	0.00135646568536495
72141	25-29	2	0.00280107758474031	0.00258600174272013	0.00266884384334791	0.00237076025265731	0.00210652656080934	0.00229600429942307	0.00187746011904764	0.00180566798419643	0.00186088220228178
72141	30-34	2	0.00270220858714901	0.00278723970520728	0.00278460727680263	0.00285979212521713	0.00232396828539032	0.00270609734177836	0.00213252825401638	0.00201791974324777	0.00211921278780357
72141	35-39	2	0.00351364107875461	0.00348733053168451	0.00379233508490786	0.00366085141420327	0.00279288613886769	0.00303064678501466	0.0026841452178646	0.00231112125092263	0.0025753786641403
72141	40-44	2	0.00398641386135135	0.00381716460178599	0.00435946372110196	0.00428859556609969	0.00325044944949425	0.00333629989472119	0.0030457377359223	0.0030564598978021	0.0036160070300709
72141	45-49	2	0.00522540905996863	0.0067408922150672	0.00569821935664235	0.00505915663448421	0.00451088612252972	0.00488130602762183	0.004263296981757	0.00377844715841738	0.00356303706077503
72141	50-54	2	0.0079359772616121	0.00754887314997638	0.00765931166876239	0.00663192500659331	0.00636372343772077	0.006076176410445	0.00577506226432617	0.00531132922863932	0.00530990071942017
72141	55-59	2	0.0111609655515636	0.0121101211886746	0.0113243252777152	0.0130309020627027	0.0102187073571844	0.0097197355418174	0.00887983199006502	0.00751763099888104	0.00807803711169754
72141	60-64	2	0.0151447348629099	0.0159635874272072	0.0158783520076932	0.018903258015466	0.0139196020468667	0.0134787656559268	0.0112136181800402	0.0112900661042023	0.0119592645307673
72141	65-69	2	0.023484619206449	0.0202387868491216	0.0258430848974506	0.0241489458629422	0.0231530206370209	0.0185593356757224	0.0193224534856152	0.0159854441150401	0.0139784970067776
72141	70-74	2	0.0330348347488888	0.0371905449500003	0.0360665327926361	0.033836533089863	0.0316277980554433	0.033192266319377	0.0276678410778431	0.0219027408152382	0.0224791393421006
72141	75-79	2	0.0542358894392319	0.0602859252278425	0.0491032113528264	0.0554754173075146	0.0461282165815412	0.0413042390124086	0.0455133265431244	0.0325509980694465	0.0310776927584669
72141	80-84	2	0.0873349062314475	0.0865237003006739	0.0849988108110798	0.0954028770072989	0.0811698998441924	0.0803586463180765	0.0716626993120868	0.0556305948036136	0.0535004471645341
72141	85+	2	0.175613286408333	0.12869443180781	0.163020964165248	0.154838244639942	0.158611246514393	0.145489380648879	0.127330914859864	0.125113452286151	0.118014581158818
72143	0-4	2	0.00307710208020111	0.00295050395164669	0.00319129484885277	0.00281883766669239	0.00258126566756317	0.00210639147056374	0.00196567000892963	0.00170883845293904	0.0017250644891143
72143	5-9	2	0.000181831312149943	0.00019777661798024	0.000184947780283501	0.000183105610162597	0.000153687568279504	0.00014592071207503	0.000128661950758133	0.000116885697920769	0.000120596129574162
72143	10-14	2	0.000257961966162576	0.000257292878257551	0.000272978291316337	0.000259610218732323	0.000214053801063976	0.00021225314305684	0.000187647304228101	0.000170829118328047	0.000172557962891231
72143	15-19	2	0.00105488429412846	0.00109186295845982	0.00115017235811459	0.00141733414683776	0.000966296743815428	0.000939981656799057	0.00077880759871835	0.000718886268952115	0.000778417278206167
72143	20-24	2	0.00209802818037232	0.00238404550966023	0.00235037260377728	0.00260572550504693	0.0019553411912665	0.0021620139859603	0.00181365757716752	0.00147451976887865	0.00156980039692997
72143	25-29	2	0.00273530326828675	0.00275637027783582	0.00279700808797781	0.00282203634417573	0.00232807598781733	0.00236537395258313	0.00190512114459821	0.00186284872794736	0.0017355774516741
72143	30-34	2	0.00266250802517661	0.00375029681684164	0.00411012788268184	0.00328974372088212	0.00271712006857273	0.00268725989151187	0.00259489377094723	0.00209210700798805	0.00252005053914233
72143	35-39	2	0.00351368610333049	0.00429833571143548	0.00472175767272208	0.00380149910086772	0.00359380417187661	0.00329285770663723	0.00261393824386085	0.00244627365218959	0.00267496843098333
72143	40-44	2	0.00437175075818147	0.0044284704457888	0.00483794306274398	0.00506152025417049	0.00390190128906759	0.00391829740970301	0.00330470886280683	0.0031332358515451	0.00342089987778511
72143	45-49	2	0.00625975706139153	0.00528552740408062	0.00628041708103958	0.00599797619154088	0.00503600927344312	0.00601244844588847	0.0045385450338974	0.00351505330182527	0.00478319278891565
72143	50-54	2	0.00909119720196406	0.00799555315751882	0.010003266306989	0.00747423890109705	0.00738591559300982	0.00652813846006731	0.00535408229965845	0.00517267439420292	0.00602985638644305
72143	55-59	2	0.0117489610563662	0.0126519355062945	0.0129064798017899	0.0102659648029749	0.00980767632800694	0.010393048731753	0.00927974915621563	0.00660722538923549	0.0075521479324305
72143	60-64	2	0.0179269370509774	0.0167703912573072	0.0171091550711523	0.0147134351214455	0.0147674643252744	0.0137778574398472	0.0115978733489602	0.00998446754891175	0.0105745633875981
72143	65-69	2	0.0237101779927387	0.0241372375429649	0.0235956280901212	0.0254412850126843	0.0234256894498712	0.0226809848927982	0.0166294411551637	0.0156187985866423	0.0130201792849884
72143	70-74	2	0.0341696456859543	0.0334686820121672	0.0389470657346508	0.0356599670253127	0.0348301281408557	0.0275505891970918	0.0255221058110124	0.0226945049609176	0.0227505452549583
72143	75-79	2	0.0437437665412375	0.0537389841067528	0.0591143712557342	0.0554247549128655	0.0439652615096376	0.0392582425962408	0.0393961516122245	0.0364773337590676	0.0320325713014535
72143	80-84	2	0.0863360562644884	0.0823048161465044	0.0866709746300506	0.0976559537235817	0.0700987224571084	0.0745750554408961	0.0633251963329179	0.0527952610151929	0.0475493372268643
72143	85+	2	0.18821353845587	0.152419634392579	0.155120470090871	0.169668906134996	0.139602191406563	0.138257888706384	0.135898433500712	0.125624708340985	0.102646433784363
72145	0-4	2	0.00318632575357779	0.00310541736837404	0.00366854848036244	0.00291655860034416	0.0024272251270795	0.00243640074433622	0.00198125837740413	0.00199350917998677	0.00190373688035595
72145	5-9	2	0.00018999817903207	0.000198492914701744	0.000198307345261777	0.000201904172970619	0.000174974076026905	0.00015406664372055	0.000142924763298127	0.00012890731316771	0.000134319694158821
72145	10-14	2	0.000278328726063777	0.000289655956618174	0.00029544667231431	0.00029008937128643	0.000242376980869586	0.000227264540421282	0.000206878752449268	0.000183097479073209	0.000191219157160314
72145	15-19	2	0.00116628458702562	0.0011572686390241	0.00125334189854759	0.00130491018744487	0.00106489224493261	0.000924131449989498	0.000857788846546102	0.000785078919031669	0.00079551494632106
72145	20-24	2	0.00232713724973867	0.0023707579389328	0.00253985442226647	0.00282444574133942	0.00241910328401876	0.00220740690845447	0.00200589950780757	0.00167600875965223	0.00180708457652989
72145	25-29	2	0.00314076780851487	0.00275589634362528	0.00354087413960561	0.00308238966869129	0.00287083333473073	0.00297836116543794	0.00244085040283734	0.0019995690430442	0.00272493749103613
72145	30-34	2	0.00301735673020786	0.00331046137830302	0.00483606855318368	0.00381066662202453	0.0032946043380027	0.00327991561746806	0.00263317959288924	0.00257919144498389	0.00302112378594488
72145	35-39	2	0.00410961106801639	0.00438009914176701	0.00498565007528619	0.0048931368833743	0.00367589670930942	0.00336324783364029	0.0031647228442314	0.00248411696292929	0.00332025048498583
72145	40-44	2	0.0048921613960458	0.00618672017005145	0.00555867105762357	0.0049952307761109	0.00535394900419754	0.00380991095188124	0.00327294475957365	0.0036357730920927	0.00495223200066505
72145	45-49	2	0.00670762981800808	0.00725044117302333	0.00619649284657945	0.00823092687196834	0.00598760387450382	0.00608964095694087	0.00599565331134156	0.00462751606170018	0.00547960696723324
72145	50-54	2	0.0089209554210126	0.00853977435473986	0.0106729033266263	0.00963202490031733	0.0075889961755011	0.00848750046557367	0.0064191165478122	0.00598176440327112	0.00589500668049917
72145	55-59	2	0.0121446830410799	0.0131514662100149	0.0129691782403701	0.0131088064651289	0.0106503648343485	0.0101672935311564	0.00834135731895863	0.00798574009087446	0.00962115868573608
72145	60-64	2	0.0181335168620354	0.0204144478061033	0.0195488169430623	0.0183011765394324	0.0173442144952235	0.0138021980603792	0.0120956398050625	0.0120259728564376	0.0115416781487762
72145	65-69	2	0.0238955693069897	0.0235516538481612	0.0278675070392132	0.025049358178867	0.022988726554163	0.0213764538667151	0.0187622271604731	0.0171202678388219	0.0164505485490298
72145	70-74	2	0.0391255291971019	0.0426622854261508	0.0431237049808269	0.0419030302843606	0.033701523679644	0.0292574873903569	0.0275896240254891	0.0254001550593418	0.0243312140072808
72145	75-79	2	0.0516702871724162	0.0513325665737169	0.0583661386161097	0.0583148898227054	0.060187033877042	0.044208930650758	0.0418267950369218	0.0385090538392932	0.0335603326292365
72145	80-84	2	0.0832207353548895	0.0830702594177382	0.089165728195411	0.105482733313465	0.0959325301351374	0.081415721457555	0.069054558062646	0.0644834960684966	0.0562945317219725
72145	85+	2	0.176628180263512	0.153399178687888	0.156439320946957	0.157247226837707	0.156143724380657	0.151899525651847	0.12458234169239	0.122946084309274	0.108497038590159
72147	0-4	2	0.00427664967616131	0.00417378914564081	0.00410646031495319	0.00348077950339609	0.00303291812033934	0.00299487188353613	0.00266817851920001	0.00226998979726192	0.00223041442141953
72147	5-9	2	0.000213632783396833	0.000221948103829393	0.000226048835799039	0.000223584966157879	0.000186586932182346	0.000175629542950827	0.000159310422317337	0.000145914336553457	0.000149948155573257
72147	10-14	2	0.000326979955419569	0.0003183414220497	0.000324274127548637	0.000320826950027738	0.000273856133650033	0.000257883995192076	0.000229161722678599	0.000210041178246556	0.000215763720601755
72147	15-19	2	0.00136424824574215	0.00136157076393566	0.00136049049038566	0.0013772631044188	0.00126146184914649	0.0011167606877451	0.00106274527162625	0.000921833960173747	0.00105617838990173
72147	20-24	2	0.00259260096361044	0.0026519211197404	0.00263910899890439	0.00269732747330426	0.00247298834393343	0.00227934587933986	0.00261211894867671	0.00202936075618277	0.00213678726049945
72147	25-29	2	0.00330392339025997	0.00337347876906669	0.00348139249719913	0.0036101369408851	0.00271844940567534	0.0030098670361248	0.0026588256334785	0.00237171030765396	0.00256980356575983
72147	30-34	2	0.00369603654251155	0.00410513827816402	0.00466196383332149	0.00460932821665708	0.00321461322956742	0.00317522833800763	0.00307900608165473	0.00279051702884527	0.00276705359679958
72147	35-39	2	0.00443130413874579	0.00481810676302992	0.00477743562183916	0.00532120960824052	0.00425944505025653	0.00393708263990575	0.0034616409909721	0.00311076880732815	0.0034468186259779
72147	40-44	2	0.00593401346472309	0.0052901441914864	0.00552679217631986	0.00607423234278922	0.00544193895281498	0.00493709359989276	0.00458124706603932	0.00411260783570292	0.00421093330185182
72147	45-49	2	0.00843996342664136	0.00721430220413795	0.00721626504065804	0.00706553224774981	0.00643856008979119	0.00581261537070786	0.00539255896199652	0.00555802543166511	0.0053560409676184
72147	50-54	2	0.00989606883246143	0.00958969185076544	0.0105389593180946	0.00983740282364286	0.00913995041721046	0.00844459851496239	0.00726979726840837	0.00700903126945924	0.00707510661888752
72147	55-59	2	0.0141219170538074	0.0154995807493168	0.0149797664886964	0.01489444029179	0.0123698930784467	0.0118667143318636	0.010014699896727	0.00991555562474554	0.0109039387319425
72147	60-64	2	0.0207326383999415	0.0200297765262502	0.022066541526333	0.0210715724348565	0.018001308715218	0.0195042693929273	0.0138180884503068	0.0139052395548638	0.0138775776860878
72147	65-69	2	0.0285917873626753	0.0287827183826672	0.0268207942777667	0.0354236813837172	0.0268467190466735	0.0194626559683127	0.0227809210967417	0.0218084444141995	0.0217784401057181
72147	70-74	2	0.0455555138593911	0.0447970370405109	0.0404456100711628	0.0458697049925897	0.0322643423749259	0.031779331667096	0.0286597454919161	0.0279065515776659	0.0258987018240372
72147	75-79	2	0.0619385144129848	0.0712650248936355	0.0583976486109646	0.0602446708429829	0.0597896613492293	0.0491705338802798	0.0421686512801476	0.0333286425501122	0.039099546812868
72147	80-84	2	0.099610286937524	0.104258720458298	0.0966770538716874	0.103217092665065	0.0841707992601352	0.0888975886479648	0.0676997757338372	0.0625465651389681	0.0642481181590398
72147	85+	2	0.203046669781386	0.201700433789289	0.190226038386934	0.168226933872956	0.165658951982452	0.175588534590433	0.133913958559222	0.12732011339809	0.103961290935074
72149	0-4	2	0.00355250225034884	0.00289671852386709	0.00300031589260704	0.00285443289500547	0.00227796437566547	0.00231426896735835	0.00209574025173867	0.00197772806350847	0.00189406247933519
72149	5-9	2	0.000198211431896201	0.000182289680756685	0.000179341535171426	0.000177113028348082	0.000153805096878272	0.000143082007048192	0.000130060999544025	0.000119960158390341	0.000124187421890618
72149	10-14	2	0.000254084806912978	0.000265346530159144	0.000283933105731544	0.000246978043724553	0.00022404889164693	0.00020861364618333	0.000189852513630264	0.000175823293271434	0.000186129776746443
72149	15-19	2	0.00108070312598445	0.00119057939164095	0.00106276732246058	0.00105971413473893	0.00100718121621798	0.000946168127436054	0.000796750322105573	0.000724443304130028	0.000794296971018492
72149	20-24	2	0.00202143943201527	0.00214084534443878	0.0021487020276597	0.00187116744712244	0.00194664245030088	0.00171505069733745	0.00157104761284697	0.00152838352836308	0.00157327065470601
72149	25-29	2	0.00243141461632572	0.00256487357834118	0.00251677625912658	0.00247233373071528	0.00211971592591505	0.00220886315940026	0.00206155697538792	0.00187846495919324	0.00194771082428618
72149	30-34	2	0.00292169845135939	0.00306541921192744	0.00328559904459741	0.00284168240519818	0.00257697364741756	0.00241881136057247	0.00229773494310902	0.00224034306388481	0.00228038604988053
72149	35-39	2	0.00355071130399335	0.00383859724371229	0.00353085653878327	0.00364548019971876	0.00308378401016938	0.00327644004396631	0.00270365843167352	0.00244565145184711	0.0027691472633529
72149	40-44	2	0.00412160341362468	0.00499676622449085	0.00471989567565333	0.00439115623516225	0.0039851329667114	0.00361156577353644	0.00314256091445857	0.00293736363843359	0.00355187288631254
72149	45-49	2	0.0061956890013438	0.00639868193285632	0.00619478088072187	0.00475836190208132	0.00477682160701645	0.00518193952058668	0.00401453616293604	0.00349600725378883	0.00426914638481848
72149	50-54	2	0.00959799968783913	0.00909373347198248	0.00758572426739188	0.00778540299225557	0.00727999726859898	0.00640628065497232	0.0062244630983238	0.00583606557321421	0.00518281818122358
72149	55-59	2	0.0132041580880567	0.0126931720689406	0.0113681256660876	0.0105532314830371	0.00926555404627861	0.00943171677227654	0.00759390789324621	0.00833715310636424	0.00807861211823936
72149	60-64	2	0.0154294097447436	0.0193291796841023	0.0167760306793811	0.0181918655493633	0.0137443219324689	0.0140094528205813	0.0129244037898445	0.011817078579501	0.0136108025780112
72149	65-69	2	0.0259951115517204	0.0246585120128199	0.0242970843104937	0.0233464256316169	0.0202797091747918	0.0196770131310735	0.0197327596123739	0.016523197041024	0.0174929680077575
72149	70-74	2	0.0381257322993727	0.0409440805353493	0.0446187437974574	0.0387439362754078	0.030479890758178	0.0281930976258386	0.0305331815780121	0.0235784496336635	0.0261919565572702
72149	75-79	2	0.0533519726129944	0.0547693084246351	0.0598975626379236	0.0477730768905029	0.0439887196867257	0.0434665179567936	0.0384810646663722	0.0402547770213575	0.0397008545786937
72149	80-84	2	0.0876838520428468	0.109005937572166	0.0903999938230544	0.103920533385454	0.0838551236728612	0.0756731759804797	0.0607639229804888	0.0578611305412892	0.0597403745088986
72149	85+	2	0.210292071830028	0.198948475047626	0.152891461830842	0.149867481252028	0.152878580499998	0.146382702178195	0.128917635435728	0.124042369693502	0.117359498772509
72151	0-4	2	0.00374403631030406	0.00303214585290079	0.00339234983690862	0.0031252674840145	0.00245363337262962	0.00232177143499912	0.00221130694591984	0.00163178154200876	0.00197123496895732
72151	5-9	2	0.000182039572411679	0.000191845378391721	0.000187193337107853	0.000186616562116964	0.000158037074819815	0.000146408878472269	0.000137164126710751	0.000122816301865078	0.000131134380110632
72151	10-14	2	0.000262978123847486	0.000281296630642197	0.000286164301504454	0.000275234029234377	0.000229553158769979	0.00021295090003314	0.00019168020808671	0.000176031384204717	0.000183896808224024
72151	15-19	2	0.00108979572746538	0.00119541392498211	0.00112998565994715	0.00132751258158287	0.000975771466308111	0.00103227465529796	0.000916672124685914	0.00074723936269481	0.000825172217411533
72151	20-24	2	0.00229588794681078	0.00226640685621379	0.00214975206513258	0.00232223650729872	0.00188343433515829	0.00199649178944418	0.00205013717953567	0.00174742700243244	0.00167616142226059
72151	25-29	2	0.00252160124656397	0.00265115111124538	0.00280126297882909	0.00257793111556662	0.0024773960876773	0.00263811066354288	0.00239101958132254	0.00209571007796762	0.00232650033180142
72151	30-34	2	0.00309732997379218	0.00294163590387421	0.00340936538732585	0.00320909245595152	0.00271046256578327	0.00267256057099376	0.00240392145823968	0.00249786034454451	0.00256532255826926
72151	35-39	2	0.00348381715373967	0.00401903193667972	0.00385857769963024	0.00416320511901333	0.00300868543493357	0.00327266235756339	0.0027137951758142	0.00275039088571872	0.00299350106706697
72151	40-44	2	0.00510065664294703	0.00473896241632323	0.00502600433886559	0.00522231551482177	0.0038702867142053	0.00359779230902114	0.0033637661416088	0.0032963894437317	0.00380401567097819
72151	45-49	2	0.00527837373133763	0.00567618300891785	0.00559276579050466	0.00612106752966254	0.00529456623429497	0.00453944093032809	0.0043288770992487	0.00429472301649117	0.00442819984870089
72151	50-54	2	0.00987641030845348	0.00985238082320967	0.00834238182784077	0.0100020116551265	0.00754787191210535	0.00683935154983662	0.00609971536113954	0.00527194815751778	0.00584786967592634
72151	55-59	2	0.0146912214988674	0.0130889100726571	0.0101741193072866	0.0136655294220208	0.0115399923586661	0.00875292796493342	0.00770882768258388	0.00792346960746838	0.00929160921451
72151	60-64	2	0.0201031307881713	0.0204905865034311	0.0192506070925365	0.0185524178287291	0.0152533370727756	0.0126545591065634	0.0109372074360136	0.010024205385337	0.0116667316494231
72151	65-69	2	0.0264914114831988	0.0260212664696808	0.0253135758441475	0.0231542100113191	0.0195033404506967	0.0226357586661665	0.0147148017772169	0.0153268518391764	0.0147402156586651
72151	70-74	2	0.0457057101171647	0.0404310395667226	0.0408583099193878	0.041687909359219	0.0331305994953381	0.0275019608991777	0.0301373795393152	0.0200724657889628	0.0237404630125648
72151	75-79	2	0.0423337825240743	0.0561187530284766	0.0551339171473236	0.0589845142915065	0.0472508961652434	0.0483795896480647	0.0392353426513794	0.0377967191879214	0.0374380771776743
72151	80-84	2	0.102555804955272	0.0802918617136025	0.0924678304259751	0.0908300793860929	0.0704760092539634	0.0755012279915223	0.0732211303029724	0.0544975563918917	0.0567716022013183
72151	85+	2	0.173956349352655	0.159759396268415	0.152002377028136	0.162750103717846	0.145971709563125	0.128474747492313	0.147977928565279	0.132267107945173	0.13587160376594
72153	0-4	2	0.00393685395155157	0.00401424780041269	0.00350308806099081	0.00336169937287827	0.00306354154840755	0.00282834988229849	0.00237813725106039	0.00189389404140352	0.00234149154505971
72153	5-9	2	0.000179635634090127	0.000188881515831408	0.000198032333090796	0.000182038696751253	0.000166340228323651	0.000151643377247177	0.000137695525311367	0.000135550386391152	0.000130983294899252
72153	10-14	2	0.000270217939768028	0.000295363373756413	0.000267678066694195	0.00027301802486068	0.00025005779290028	0.000219490839187479	0.000200466969110041	0.000185437043324037	0.00018734523530283
72153	15-19	2	0.00109946708018177	0.00110615873994458	0.00114725998049092	0.00118105942347199	0.000908637403645581	0.00108214561462013	0.000873647056112415	0.000750317999543314	0.000783494308011583
72153	20-24	2	0.00204990266773693	0.00212065248150566	0.00209629663658382	0.00200743000730891	0.00223230161533929	0.0020666188849408	0.00192794363642812	0.00155977813827146	0.00171451419608993
72153	25-29	2	0.00248312964768196	0.00277012196293545	0.00274863260066054	0.00270371418076157	0.00253926187259024	0.00252536740844524	0.00220883600930366	0.002048219583564	0.00217559156822293
72153	30-34	2	0.00275446802443904	0.00360869903204669	0.0039780411115467	0.00310313705317627	0.00254416105324823	0.00257073556813127	0.00237466802599451	0.00217900327868352	0.00240897497214214
72153	35-39	2	0.00353883348912603	0.00388026061090455	0.0034591528615049	0.00330477573946502	0.00352940958347281	0.00305953464879936	0.00284102539579192	0.00280305551934164	0.00264695497055072
72153	40-44	2	0.00470825727931499	0.00545573769860281	0.00499572298067345	0.00485161712173117	0.00372161489069956	0.00413680856872473	0.00307375229651951	0.0031473464288567	0.00356662566060804
72153	45-49	2	0.0054731112451874	0.0057116253777378	0.00596229972586853	0.0063528052764951	0.00538546954672535	0.00508971815521536	0.00440705364746031	0.00404981217728683	0.00462222951334363
72153	50-54	2	0.00907604274932324	0.00843492879363618	0.00745675624587155	0.00914409872454274	0.00780945492970221	0.00775365532263388	0.00642855616738646	0.00642013920897806	0.00670333315819517
72153	55-59	2	0.0125099990010249	0.0110751233709702	0.0114369823068258	0.0123909544172279	0.00981024654247938	0.0110364351200305	0.00969964011477249	0.0105100297826635	0.00921662182451042
72153	60-64	2	0.0214748326522901	0.0215956221990411	0.0178163482183719	0.0180676611914716	0.0156656466122468	0.0141956020881446	0.0135030474957286	0.0134741652292286	0.0124002587268586
72153	65-69	2	0.0240482889098156	0.0294084082057159	0.0255341886609032	0.0227897628879085	0.024613854188185	0.0203007462261136	0.018363970555436	0.0161811413005773	0.0167280302987041
72153	70-74	2	0.0426031386359581	0.0468825323029432	0.041212667410635	0.0376452403989165	0.0355138074238493	0.0348470476903192	0.0276375212822465	0.0258037828610766	0.0231245052952441
72153	75-79	2	0.0584599389767118	0.0575166444488744	0.0551540534264421	0.0555314754551564	0.0496408223150907	0.0439458821835096	0.0449640876997144	0.0349518088161226	0.0429172503029538
72153	80-84	2	0.104775230516855	0.11327560815217	0.105361253378157	0.102138017575774	0.0869153391179088	0.0876366547968261	0.0692371994856701	0.0612295894524615	0.0623274673089122
72153	85+	2	0.182286740709819	0.16701779392808	0.158000142880514	0.148150751265832	0.156673675199866	0.150837991643701	0.149854543212253	0.146107976406406	0.136069550273157
630	0-4	0	0.0038180640068994	0.0033653491015919	0.00332661432766043	0.00298160940583763	0.00243670447666591	0.00234428101160817	0.00218578855003537	0.00182829000956936	0.00197714185168926
630	5-9	0	0.00019618963041412	0.000196951516174465	0.000204024335583148	0.00019534147911318	0.000161655898237385	0.000152209567090792	0.000139535539332145	0.000128157796366153	0.000131095383706699
630	10-14	0	0.00028538814324701	0.000288156635949874	0.000299233160624256	0.000287349280905661	0.000236163547263853	0.000218449056040427	0.000198547789559128	0.000181441064038194	0.000187226635843061
630	15-19	0	0.00120982808499491	0.00119531794384347	0.00153655361605249	0.00147915855963559	0.00115150281616521	0.00102849860102841	0.000929936874697342	0.00079825144230698	0.000828377450951148
630	20-24	0	0.0022376513249969	0.00238405864891051	0.00280346579218669	0.00279857078780992	0.00239007485978113	0.002266521648743	0.00213739955188073	0.00183589854955476	0.00174296784065452
630	25-29	0	0.00273898524616807	0.00310931920444782	0.0035925595114087	0.00315244926383753	0.00270855795553178	0.0026792323547831	0.00249204250123078	0.00219935048056855	0.00225064456513046
630	30-34	0	0.00307224450946793	0.003826318261164	0.0046916250914167	0.00396175166271536	0.00285992198719982	0.00283028615048617	0.00261780692206724	0.00247012797026125	0.00252948668583344
630	35-39	0	0.00370210774280215	0.00456700752788035	0.0055500864871401	0.0046783142090507	0.00352899318116187	0.00316166096644547	0.00284708425098521	0.00276192009779625	0.00300539895296652
630	40-44	0	0.0045075750226402	0.0052107553874432	0.00612735519112429	0.00565781287924306	0.00428467079291498	0.00392523979348514	0.00341858384692184	0.00330292615416835	0.00374650749638473
630	45-49	0	0.0060322059681081	0.00638972238468831	0.0071868734438874	0.00700922650410282	0.0056886562596069	0.00521517651975149	0.00455009054360334	0.00416704749280688	0.00456279187110664
630	50-54	0	0.00872393216581236	0.00883777000057194	0.00900955563597827	0.00899713779970689	0.00771267529181115	0.00738246726460484	0.00636251362453704	0.00602505523420064	0.00619891119041492
630	55-59	0	0.0123445255183817	0.0127163364836476	0.0123399259379214	0.0121689970621517	0.0106967085072076	0.0101674030777641	0.00931797667861137	0.00858033162781693	0.00871895807437588
630	60-64	0	0.0189099843517299	0.0190558424533397	0.018324726055095	0.0176777797126928	0.015363752909901	0.0143885055480542	0.0128919541224135	0.0118316528540446	0.0121852553837797
630	65-69	0	0.0264012020719405	0.0263608600223636	0.0258263533479631	0.0243039370620091	0.0217735625086106	0.0201214088432604	0.0181157036630811	0.0166996699998845	0.0166535499760801
630	70-74	0	0.0407934260183268	0.0409045252837257	0.0398444257028993	0.0384514014514931	0.0324839408812869	0.0292485487670862	0.0264748356533457	0.0234442841547488	0.024295936772013
630	75-79	0	0.0557040377574888	0.0582472273618989	0.0556295179887094	0.0560142359174047	0.0500401738655488	0.0445779037055533	0.0408187507164188	0.0359675902648752	0.0369652654514824
630	80-84	0	0.0921967178911658	0.0892520163307498	0.0909166874893099	0.0916019074227096	0.0777886973908067	0.0725552028964835	0.0667854043696391	0.0578090812151079	0.0576863964366243
630	85+	0	0.16846076868573	0.163873388576732	0.157238261226472	0.157825385738602	0.149736791270399	0.145220932267539	0.137325491469294	0.124677197293778	0.119131443247753
