reg_code	age	include_code	1980	1985	1990	1995	2000	2005	2010	2015	2020
72001	0-4	2	0.00270669339796201	0.00239579937400874	0.00223034143000877	0.00180162897186197	0.00183312198314817	0.00151390587927865	0.00140587105030688	0.00109370810695531	0.00112022840716623
72001	5-9	2	0.000128464456885649	0.000125003119825649	0.00012223624608739	0.000113608676907188	9.86133161011198e-05	9.16076869399185e-05	8.36344433202806e-05	7.48878391950871e-05	7.58073083787729e-05
72001	10-14	2	0.000148518023417289	0.000144619341408704	0.000148727708199509	0.000152934703622855	0.000120195797969945	0.000117570867919551	0.000102168270594034	9.17319966445991e-05	9.27003390740526e-05
72001	15-19	2	0.000550860339771957	0.000492589167836423	0.000461488250784912	0.000473161939285161	0.000397425273997022	0.000355202697110983	0.000343400938059474	0.000310755445897618	0.000300572687968575
72001	20-24	2	0.000855800682991108	0.000836617151473638	0.000821035770361117	0.00100462826270213	0.000776601280362146	0.000733514002068482	0.000588846158613577	0.000562701360973117	0.000541918994018487
72001	25-29	2	0.00110898850385017	0.0011688686529578	0.00114729050401462	0.000999242635618676	0.000923258885955169	0.000853083534906808	0.000796907137146512	0.000667332065110118	0.000709231249164365
72001	30-34	2	0.00130880714920547	0.00132239661373287	0.00123658244296057	0.00131986116757555	0.00117581155888513	0.00105942113324101	0.000934929327588756	0.000781647627485642	0.000879705735904439
72001	35-39	2	0.001591071075348	0.00152833137520379	0.0015457946092831	0.00144897248639692	0.00123678375510907	0.0012310731828386	0.0011358045387789	0.000988032316235925	0.000963251048349829
72001	40-44	2	0.00206303976869686	0.0020372603262273	0.00194979604744291	0.00195204237807849	0.00171976945379541	0.00155056295387288	0.00129737202850816	0.00131126936999699	0.00131562948985461
72001	45-49	2	0.00268172681309457	0.00252736062998756	0.00313751217641897	0.00241202423791209	0.00246757511000934	0.0024702374284961	0.00169460642383971	0.00185764294820805	0.00198220483929516
72001	50-54	2	0.00406654007570958	0.00432373071529384	0.0038088434021841	0.0030973123917361	0.00252188111109401	0.00261208402645857	0.00253669303373682	0.00236377876790909	0.00291447523244463
72001	55-59	2	0.0069522258039628	0.00632298515846839	0.00722293937618641	0.00583392679389472	0.00432729187428162	0.00379074158221153	0.00316784794209601	0.00403400969753379	0.00363282992462421
72001	60-64	2	0.00993811631094051	0.010085907449586	0.00972539871045187	0.00993075106435827	0.0072632671623507	0.00722590147213589	0.00675913909819811	0.00584950848784042	0.00546153411683485
72001	65-69	2	0.0139357167463753	0.0120556342007173	0.0128871791232679	0.0163870818050703	0.0139121339002865	0.0102182355518072	0.0100234337623751	0.00867616281978921	0.00798344209726485
72001	70-74	2	0.0227636674291696	0.0258878015598342	0.0230613851781079	0.0238960088973884	0.0224601670920287	0.018760177593675	0.0153999920862204	0.0149713096754017	0.0151982935148223
72001	75-79	2	0.0378996149563609	0.0334050697929241	0.0431930323330854	0.0440091888473342	0.0376956964217707	0.029599704258323	0.0267470584242061	0.0252627954568953	0.0170873377958695
72001	80-84	2	0.0673068616038482	0.0727336670595636	0.068407539312267	0.0659172264270674	0.0663238737519029	0.0521132669865268	0.0482280916157974	0.0352841515258924	0.0358829522619152
72001	85+	2	0.141722055439745	0.131492825296865	0.12187551407396	0.131327293596477	0.113932159341709	0.11449773498017	0.110516586874677	0.101556583305969	0.0734716462973485
72003	0-4	2	0.00243783776825102	0.0018387999197223	0.00196802061775065	0.00189081977329658	0.00159815834278194	0.00177536116683237	0.0013374636019324	0.00114425814864738	0.00108918519356409
72003	5-9	2	0.000182844238626305	0.000125930464952556	0.000129043153948755	0.000114063072400226	9.44271238829709e-05	8.82447474150706e-05	8.10470446712355e-05	7.26866695024718e-05	7.41393467987487e-05
72003	10-14	2	0.000171608094971844	0.000151306201601058	0.000140935631956245	0.000131404478557001	0.00011460432892506	0.000112498945997727	9.85993737662729e-05	8.87153761706336e-05	9.05216219018222e-05
72003	15-19	2	0.000469342370625525	0.000485286521334299	0.000419086932665399	0.000442946561326386	0.000392329534001034	0.000338629863188399	0.000301359357193275	0.000290144281616142	0.000284921124966915
72003	20-24	2	0.000877373633686539	0.000883751039378131	0.000764505365727815	0.00080194370390944	0.000741955365460736	0.000558260973994969	0.000593710783481314	0.000503205722019239	0.000568615214048883
72003	25-29	2	0.000958427034386461	0.000874671853868851	0.000917519736355863	0.00101963359359332	0.000818491615743554	0.00068111446926991	0.00073518884406798	0.000653125900864072	0.00075875578147727
72003	30-34	2	0.00117133194470133	0.00109863945028626	0.0011276347112722	0.00101190872708409	0.00102298272138422	0.000848788345450079	0.000802421740495321	0.000732260789527407	0.000713805896174008
72003	35-39	2	0.00148699552470932	0.00142838480467613	0.0015338675021245	0.00144207469629152	0.00117833715748113	0.00113157476813868	0.0010379790054735	0.001079071220191	0.00117980577350673
72003	40-44	2	0.00191972901221136	0.00222620045430284	0.00196445337562151	0.0019068422385895	0.00162619771737321	0.00141847315561249	0.00122809359825279	0.00117718353140005	0.00137949518286936
72003	45-49	2	0.00299783729467607	0.00258874766023517	0.002375215778104	0.00190485592702456	0.00180566091653236	0.00183017101030342	0.00182550008699186	0.00160064854988398	0.00231820809789788
72003	50-54	2	0.00494639488063461	0.00408257501530115	0.00345955193508367	0.00403383782362899	0.0028664214184059	0.00278629682546381	0.0023515991288042	0.00203749114661848	0.00284121922398889
72003	55-59	2	0.00665404659063907	0.00603056573694547	0.0051563394194387	0.00581020304191809	0.00342102069299615	0.00412430786746053	0.00340125156280404	0.00295706096837365	0.00385980780828889
72003	60-64	2	0.0124699937526569	0.0100038590651112	0.01040709225991	0.00854495944634026	0.00762877486743068	0.00767230352712785	0.0065202360337622	0.00497238010651279	0.00527676295566724
72003	65-69	2	0.0181788627129213	0.0167627518809042	0.015809548681615	0.0135739439218033	0.0130041679823819	0.0122489090456333	0.00815980354409954	0.00960665608150835	0.00872197796117568
72003	70-74	2	0.0298645537076627	0.0316077744863212	0.027718598503581	0.0332150929240777	0.0288988077055958	0.0207183773571362	0.0155448557040367	0.014417187968153	0.0180015617905396
72003	75-79	2	0.0419924358690303	0.0455352830048052	0.0359118774924685	0.041338351673881	0.0317557945451818	0.0309314319720982	0.0302982894114312	0.023409098975506	0.0231669822308642
72003	80-84	2	0.0770274407194886	0.0688269221387229	0.065220536662997	0.0668873053753732	0.0648428346942272	0.0613628107688813	0.0447031987106377	0.0410203227316153	0.0401750069546971
72003	85+	2	0.162955902859839	0.142660075535318	0.149309365188356	0.151635653131942	0.150427968978068	0.149030488400573	0.135315830542444	0.10787730675986	0.103220581084183
72005	0-4	2	0.00284621375880363	0.00221588218904816	0.00196521933756466	0.00195119783501343	0.00147823402838419	0.00145008153836143	0.00122073107544216	0.00131390571175877	0.00138151196793799
72005	5-9	2	0.000171813968753672	0.000138924249098266	0.000129665035731578	0.000133065165727118	0.000105379732087075	0.000104139455028692	9.59234836190103e-05	8.66144906360048e-05	8.3936467883667e-05
72005	10-14	2	0.000186772603116785	0.000158431109918538	0.000148276096838401	0.00016036315328954	0.000127693897798429	0.000125902557903869	0.000116332603649079	0.000105441823752598	0.000118642938876031
72005	15-19	2	0.000556059331400258	0.000506621966866029	0.000479652176145684	0.000508997577984375	0.00040964243400202	0.00039415665787296	0.000374011434270186	0.000347386352584586	0.000311933535439997
72005	20-24	2	0.000812155920087507	0.000855062914470083	0.00102030594709745	0.000839641627124713	0.000658846857485153	0.000627451765206168	0.000812193565279177	0.000658820954234852	0.00067843446750918
72005	25-29	2	0.00135360734695934	0.00137969236751668	0.00126885137355431	0.0012174337797457	0.000889546941448088	0.000766653857897603	0.000778566289737835	0.000739274712114124	0.000715913876707817
72005	30-34	2	0.00119374366308564	0.0014674866534942	0.00140143417967765	0.00131268774093011	0.00111210559114184	0.00111336886820303	0.00106500796104558	0.00094132933924594	0.000964212286873173
72005	35-39	2	0.00149533815786271	0.00164895704704304	0.00195381634485035	0.00161024474763493	0.00124730518943881	0.00127340037244949	0.00134675149654374	0.00109084491830146	0.00115529479631804
72005	40-44	2	0.00212259233271917	0.0021375637715546	0.00220888870860952	0.00180459161507554	0.00148964461243683	0.0019580525616407	0.00157246232491052	0.00151640878476866	0.00153639949192792
72005	45-49	2	0.00225421918840937	0.00281715457808848	0.00294009206989653	0.003354875102009	0.00288999079958601	0.00234867252238143	0.00235661508489274	0.00172615531008575	0.00193541519993057
72005	50-54	2	0.00412742474502602	0.00413841128269798	0.00402797318180921	0.00414361943559259	0.00376861305309323	0.00358489544093571	0.00377460823005645	0.00358178203685282	0.00305068512522711
72005	55-59	2	0.00759262130487948	0.00707014843255461	0.00745967229063637	0.00712684125980178	0.00577542032395036	0.00535008746125747	0.00541660614703029	0.00514295303057676	0.00433003990139348
72005	60-64	2	0.0134474589613641	0.0112288487205471	0.00912134003655233	0.0105080613545241	0.00869876527302796	0.00795516295359513	0.00637375833809185	0.00792565328214313	0.00683079548034198
72005	65-69	2	0.0166399466929097	0.0166350744372164	0.0190775940520727	0.016129274084045	0.01524651709008	0.01210190543327	0.0106443615227332	0.00842959709196315	0.00888565636115291
72005	70-74	2	0.0322646606764134	0.0283416329174608	0.0218217710069835	0.0256356014410259	0.0223382930742542	0.0228019583430039	0.0158137596795406	0.0159779343039099	0.0157011415780891
72005	75-79	2	0.0391225773412123	0.0460100538579319	0.0420254843352792	0.0447122760599214	0.0351968193569772	0.0342427076244515	0.0307924034391825	0.026581404199279	0.0268647446262657
72005	80-84	2	0.0822982541185706	0.071759865959776	0.0786228661516019	0.0689539102666702	0.0645903920824835	0.0537037443458157	0.0571189913151513	0.0445416307096051	0.0459670438160233
72005	85+	2	0.160817734386282	0.155661154016303	0.142203902688905	0.148702110584561	0.123618701969759	0.130771768245	0.128461352634181	0.121986119125672	0.121828711498685
72007	0-4	2	0.00215899270806375	0.00204098933303191	0.00205771720368767	0.00190700999554915	0.00149950574477426	0.0014391132151668	0.00146781325640833	0.00101007503398235	0.00131339272062837
72007	5-9	2	0.000130011062107946	0.000126534301146436	0.000117149681320081	0.00012033129568511	0.000109869005907252	0.000102556044651643	9.38395516022661e-05	8.00798840109307e-05	7.73423823876441e-05
72007	10-14	2	0.000157801275155606	0.00015335496757481	0.000156965285832826	0.000139222221987708	0.000127407493998468	0.00011317957924891	0.000103496568797007	9.30133886374412e-05	9.45923024218889e-05
72007	15-19	2	0.000476361693406294	0.000556434781760898	0.000453664201509675	0.00046368551999613	0.000373893621103633	0.000352479545851035	0.0003951185843592	0.000295718587488455	0.000302852173273598
72007	20-24	2	0.000802467154054994	0.000813795723396157	0.000788526604175868	0.000865936324118783	0.000734994010937643	0.00076807266735734	0.00068807235927282	0.000582698017903692	0.000566218283612793
72007	25-29	2	0.00107138602206736	0.001106904670515	0.000985133388976426	0.0010076493867733	0.000793948528857968	0.000851349590106954	0.000774697903585295	0.000686527204479272	0.000703589862211375
72007	30-34	2	0.0011542531912708	0.00120271050663731	0.00107189134761714	0.00138363259348766	0.00114822578712391	0.00108595330247194	0.00085757461146487	0.000805304136896874	0.000823699674760391
72007	35-39	2	0.00160495428108617	0.0016366696408884	0.00144077477624033	0.00160716029890348	0.00144352955216122	0.00139074565921499	0.00115836152013201	0.00108076228091124	0.00103158402967103
72007	40-44	2	0.00254807416155125	0.00228778207133281	0.00193197566995739	0.00190527085371205	0.00175684438890684	0.00144528444674352	0.0016024896581091	0.0010882912014671	0.0012182194966581
72007	45-49	2	0.00269942177445634	0.00276731877637245	0.00283089073466666	0.00271747501970243	0.0021624033969009	0.00231074229294632	0.00198482499713915	0.00153526634866913	0.00170147987941216
72007	50-54	2	0.00479609623870425	0.0047003870100664	0.00351942780230533	0.00368747277728915	0.00278665568557038	0.00321634700419489	0.00251710984539255	0.00287877395217257	0.00317611079594087
72007	55-59	2	0.00581416470897114	0.0063417706362307	0.006134750726643	0.00549609991110806	0.00531507982620673	0.00471805208502527	0.00345402691667805	0.00354032001006146	0.00312194464611352
72007	60-64	2	0.00833446132199111	0.0100501533755139	0.00800307360147611	0.00908469114347669	0.00729456348085343	0.00713756755789643	0.00560479237950976	0.0059282606217667	0.00638768303978525
72007	65-69	2	0.0173962643325775	0.0159281160116817	0.0135972268089522	0.0144511045873607	0.0123428956422423	0.0103748606194574	0.00734796165875044	0.00671280103692672	0.00951213052410111
72007	70-74	2	0.0216298309126519	0.0255058211358494	0.0201564163410301	0.0199598913464187	0.0201928658227595	0.0153683390952296	0.0126926710935065	0.0131730715440625	0.0111283182217363
72007	75-79	2	0.0411735110135345	0.0414777304142625	0.0367300727853807	0.0438688816437029	0.0306293500255226	0.0222263279281599	0.0242281992175785	0.0211164089862412	0.0208956884826559
72007	80-84	2	0.0626780284735402	0.0574508856989384	0.0447596400392995	0.0648681261072655	0.0541073640186362	0.0492901935405519	0.0483772255552432	0.0361155176566136	0.04374408671741
72007	85+	2	0.154417236944441	0.128873515481114	0.144631634073758	0.119763133046468	0.121054410490796	0.121809013123015	0.0974821664289135	0.0873505189570537	0.105908382579097
72009	0-4	2	0.00238584835710058	0.00206976543678134	0.00218878336409264	0.00196204986522154	0.00177980053649388	0.00160582471740747	0.00134841345011957	0.00115868198268818	0.00108316333417413
72009	5-9	2	0.000146652908889178	0.000135177742622693	0.0001193154171773	0.000116533265010503	0.000106660754581774	9.47896512726823e-05	8.68870394772918e-05	7.75741099543683e-05	7.8470577822395e-05
72009	10-14	2	0.000195797516774383	0.000148834965079173	0.000152770547558781	0.000148982047736835	0.000129755210983309	0.000115491574998984	0.000106084951099357	9.48873049697965e-05	9.59149925929878e-05
72009	15-19	2	0.000551670656133906	0.000543483385771629	0.000488552014692268	0.000477120189847984	0.000483370713946903	0.000377197644382271	0.000367892684967572	0.000334436445100857	0.000307437675545519
72009	20-24	2	0.000853205809261914	0.000904504094152574	0.000814706261862606	0.000873462815960211	0.00067642515539109	0.000667214086015801	0.000646372082468462	0.000653237674349536	0.000666379843912239
72009	25-29	2	0.00123699707254659	0.000964747805903244	0.00106958188766041	0.000938967265662672	0.000837142798595857	0.000855008977868818	0.000838064089295789	0.000799786654257339	0.000711281815931244
72009	30-34	2	0.00133831468654054	0.00112033476708177	0.00127360472321485	0.00158665497664581	0.00118874086466637	0.00109558115626616	0.000977782517754925	0.000945984283776551	0.000995375879908785
72009	35-39	2	0.00158270138223798	0.00167316408906902	0.00178036620235329	0.00147348305098408	0.00149027226897945	0.00125457993337882	0.00140086504273319	0.00126889352011274	0.00109777570612013
72009	40-44	2	0.0020305377335379	0.00181145564607658	0.00183624688015614	0.00200153519266899	0.00184750187706729	0.00192889048972003	0.00182145579542242	0.0013472589650636	0.00129288283367304
72009	45-49	2	0.0028151799965059	0.00252416580937283	0.00237152804437793	0.0025676179619709	0.00232450538790887	0.00223867198639143	0.0017365328857894	0.00174878465879927	0.00202445925092759
72009	50-54	2	0.00486193033203293	0.00413363370103832	0.00421627642570143	0.00348031615516009	0.00265710955731185	0.00332925723326125	0.00291271728616298	0.0023838538057549	0.00275024974824643
72009	55-59	2	0.00587918687745818	0.00871394226379666	0.00590485649897129	0.00550822506143594	0.00550561294736481	0.00416629453874639	0.00506641235801828	0.00376614789279337	0.00354875474816431
72009	60-64	2	0.00883403254382796	0.0079131541551082	0.00916201130524908	0.00752455242069126	0.0078093504275589	0.00778007055153709	0.00628774690761254	0.00494518975151096	0.00549370234074636
72009	65-69	2	0.0137479479035383	0.0158956250417018	0.0125402072095491	0.0137959346337653	0.0116632150754605	0.0101977864417451	0.00851868349832401	0.00782449877800779	0.00633679915213976
72009	70-74	2	0.0300905282958332	0.0252663035607718	0.0249867774366856	0.022585452808562	0.0160108499636725	0.0201624339408304	0.0154669796313543	0.0107258570685098	0.0131878828852376
72009	75-79	2	0.0447741110654546	0.0400700493961883	0.039990115416734	0.0333860064905643	0.0356698328182511	0.0297584094411118	0.0273246099492661	0.0273820447553638	0.0213399752345129
72009	80-84	2	0.0554130945051626	0.0479304999917717	0.062335292214699	0.0679150655047138	0.0646212906263164	0.0626277904260412	0.0487687433869546	0.0402989332878366	0.0357073533680121
72009	85+	2	0.148056575557707	0.108586647231243	0.131184288824044	0.148445999366744	0.144063419581674	0.124580783429685	0.111981811088262	0.0995077004700872	0.101534561347664
72011	0-4	2	0.00305633739210172	0.00265859356582578	0.00212739845105495	0.00189253491766141	0.00176228892911606	0.00146793011548852	0.00148219346809007	0.000984582253777389	0.00141486376838752
72011	5-9	2	0.000137018239145382	0.000140406109713888	0.000130638232502425	0.000120676110804211	0.000104698660209693	0.000108041579758916	8.96181718366815e-05	8.01571082286211e-05	8.5846793912334e-05
72011	10-14	2	0.000165946360801643	0.000153880585786872	0.000150708128549895	0.000146858835585611	0.000127563108760156	0.000118636730324699	0.000109141065473147	9.81573324533967e-05	9.96215039467652e-05
72011	15-19	2	0.000501735370010034	0.000490139846013053	0.000526999139162161	0.00049307571028479	0.000396040052058539	0.000405717383715684	0.000357516376289578	0.000325791878761272	0.000319632393308593
72011	20-24	2	0.000944566106605674	0.000954079077615655	0.000824107979427164	0.000807058328384877	0.000716164848548783	0.000682834864161979	0.00066301639282179	0.000553712258545865	0.000624191904422572
72011	25-29	2	0.00107523136084413	0.00122834424928589	0.00151054587411485	0.00125378391384016	0.000873549881041768	0.000861143439926376	0.000940264576057286	0.000827169397405964	0.000800465264590524
72011	30-34	2	0.00138505138823964	0.00150911222231445	0.00146503780042923	0.00141075791467947	0.00108349876258314	0.000912543080874522	0.000859956110489409	0.000852697794297789	0.000951096021034308
72011	35-39	2	0.00167191313319952	0.00168109461702623	0.00162430814039228	0.00179535486146547	0.001380429468803	0.00131844766272471	0.00119889240865494	0.000994964416406291	0.00123935363120203
72011	40-44	2	0.00220965108393973	0.00214332897962345	0.00204288484377539	0.00196935420395997	0.00162011139349749	0.00155573496502079	0.00148255581023014	0.00136705551909502	0.0013628301654079
72011	45-49	2	0.00248212706674147	0.00264819311012658	0.00275355242152724	0.00306652731045568	0.00263970458263973	0.00238301217372764	0.00228573665762055	0.0020447767430878	0.0018156448905824
72011	50-54	2	0.00484105791793982	0.00401005358510563	0.00400475758101688	0.0043603883298253	0.00364778402306613	0.00344423958294147	0.00377000484318642	0.00260711078425698	0.0035262137067755
72011	55-59	2	0.00733393276006139	0.00668711174682128	0.00742400230442294	0.00573428858552882	0.0054682043012032	0.00353703677105783	0.00454874989187761	0.00379137989151681	0.00479416423226014
72011	60-64	2	0.0119944477418489	0.0142507170761597	0.00962190339198157	0.00899261273158823	0.00857643988017596	0.0088881155014116	0.00922020740902377	0.00625742459384395	0.00565817077640734
72011	65-69	2	0.0175257952958196	0.0199762563733779	0.0181176578291396	0.018527687549856	0.0148967367846862	0.0128028424188469	0.010200585471291	0.00940201065270235	0.00946117871260568
72011	70-74	2	0.0329559588810362	0.0233461572954956	0.0230544707409768	0.0234107814928836	0.0250810239535939	0.0215703772896746	0.0185297112924419	0.0144422219231168	0.0130399067013894
72011	75-79	2	0.0438658980290904	0.0557358721450881	0.0442870122060506	0.0419534813114745	0.0334558403131472	0.0324571977859582	0.0265914297790948	0.0207535850345172	0.0201870052213606
72011	80-84	2	0.0828482775802251	0.0727717794695144	0.0883074104896118	0.0840075563649234	0.0550154794772206	0.0511189035847892	0.0499482373277951	0.0432596324778049	0.046813533143094
72011	85+	2	0.175511234250507	0.133551741648579	0.141865956666369	0.128379873437143	0.115110288850465	0.129263301297528	0.118945617585878	0.10380162131905	0.0967263351463089
72013	0-4	2	0.0022036299971635	0.00294430392285778	0.00304802452865683	0.00239436013732034	0.00158129282226276	0.00156998348689711	0.00130965104541533	0.00102778703553343	0.00113989577262695
72013	5-9	2	0.00014719695312174	0.000152194244318554	0.000136417050397516	0.000121137732810836	0.000111157642351535	0.000100220266110505	9.30047294789246e-05	7.99973841363215e-05	8.17830417716415e-05
72013	10-14	2	0.000197459344090017	0.000202217046302993	0.000167711245449883	0.000166125590602163	0.000127764016935571	0.000138141350079237	0.000106318175662918	0.000101599329056107	9.85890904831564e-05
72013	15-19	2	0.000490971000681306	0.000516100565844172	0.000481675133693664	0.000454549818730219	0.000345889326128264	0.000354809698444703	0.000322715575416137	0.000290335866901049	0.000344590649097034
72013	20-24	2	0.00091171071140278	0.000772856788673937	0.000964322865707304	0.000886886201723258	0.000649447625729285	0.000720069186447527	0.000643946745925037	0.000551358283649027	0.000506097293968881
72013	25-29	2	0.000964539047411993	0.00112162674739873	0.000976157012443308	0.00103674004465817	0.000942210235017197	0.00070536405639317	0.000685622658093969	0.000717421277733197	0.000752587250029875
72013	30-34	2	0.00103709050918403	0.00132411662261558	0.00164864693367174	0.00150312077246812	0.000961596519620583	0.000917853302353205	0.000923004343971409	0.000969588256596711	0.000882974483569503
72013	35-39	2	0.00164254964455443	0.00180723872526017	0.00169405988854619	0.00182418896054204	0.00146184577720317	0.00126890998783339	0.00123375493935692	0.00114980489991073	0.00103361859478925
72013	40-44	2	0.00178062232164749	0.00192998634834717	0.00180836403548848	0.00174257053269939	0.00182917812708131	0.00126590168059142	0.00152763497552505	0.00152058902572479	0.00159097615086632
72013	45-49	2	0.00289379194722578	0.00263712146692054	0.00332483293830873	0.00266613726495411	0.00294018639848603	0.00207250681422695	0.00229162263091357	0.00189973954787434	0.00225735308824507
72013	50-54	2	0.00526752046378306	0.00432249753638566	0.00441456045776852	0.0039405287806103	0.00365755482161927	0.00367996956358949	0.00349180636655462	0.00258080495905034	0.00295411545400238
72013	55-59	2	0.00722682009487422	0.00722011552338955	0.00614441495697093	0.00655381373320471	0.00564899530276416	0.00480777722852294	0.00513741526838818	0.00423261352784071	0.00530015754416042
72013	60-64	2	0.0122895198224749	0.0105699891130494	0.00958457898187653	0.00882930305235131	0.00955740233012887	0.00841885781483145	0.00767727959560842	0.00597223704262437	0.00609240068347151
72013	65-69	2	0.0190102569731651	0.0169585111920671	0.0194396558264001	0.0152238376228725	0.0142088601963673	0.0149254396739134	0.0116271669846069	0.00814561430826237	0.0080161076323771
72013	70-74	2	0.0337241470212544	0.0288660662403667	0.0261772247543597	0.025236896753307	0.0214428609176849	0.0203862183159481	0.0177534341176333	0.0151153312319372	0.0156820180350761
72013	75-79	2	0.0411309256271625	0.0483698321188906	0.0400291932627555	0.0474451065706378	0.0373690399302216	0.0344666010191516	0.0307493294751678	0.0240601551268866	0.0220664266372825
72013	80-84	2	0.0754142267612647	0.073592596202051	0.0667530071873553	0.0760344791524616	0.0642145566832415	0.0622863023214715	0.0582081627217494	0.041760650649054	0.0484358365053547
72013	85+	2	0.144650398253288	0.159667044020657	0.136041351348127	0.144223182046752	0.146612584797003	0.133256327188155	0.123418567421952	0.115757104817804	0.113426752044057
72015	0-4	2	0.00280576824792819	0.00267593235094366	0.00257986603512386	0.00183041276148368	0.00197718088333152	0.00167693633813975	0.00163230946350434	0.00106556064678038	0.00137158568985308
72015	5-9	2	0.000147470614510391	0.000151239680061037	0.000140475639605595	0.000144454270300029	0.000113237016109294	0.000105392287372525	9.64217276371363e-05	8.63814165378822e-05	9.24617359338978e-05
72015	10-14	2	0.000171144513205902	0.000174854682916508	0.00017067342997581	0.00017586233733279	0.000138260996966166	0.000135426413438592	0.000117996334555646	0.000105921088083896	0.00010747482876525
72015	15-19	2	0.000575354644487838	0.000509350007710733	0.000521923519567241	0.000515693368476394	0.000455199501035215	0.000425671822011506	0.000374307268741991	0.000340350951971042	0.000384249242030494
72015	20-24	2	0.000988479566479457	0.000917438804223464	0.000974621204014629	0.00090926401073726	0.000875190660741005	0.000872421169913891	0.000672807666820869	0.000673883397052205	0.000726437146781149
72015	25-29	2	0.00120493391718942	0.00122143636839586	0.00124038411595735	0.00115865561623047	0.0010226617637967	0.000916970363561318	0.000871741976696223	0.000886430035327013	0.00089942860785587
72015	30-34	2	0.00144894084654183	0.00152922295666573	0.00137978491354011	0.00130726190321828	0.00126393011874853	0.00107871373181724	0.000995313480170776	0.000979365360797311	0.000922301777343648
72015	35-39	2	0.00188804806741209	0.00235791377087116	0.00179772483668653	0.00190441053340329	0.00155616953989095	0.00128344607929139	0.00124964855523209	0.00132987993663785	0.0015161769583007
72015	40-44	2	0.00233593048996862	0.00198690424019621	0.00256390022308274	0.0020891360973396	0.00193670514638488	0.00182384923114728	0.00163066420736164	0.00139399082248446	0.001633552975286
72015	45-49	2	0.00344093621591608	0.00296720357661699	0.00279424703394166	0.00364022872728664	0.00269908068157957	0.00219461070160728	0.00231990421619034	0.00206285066787906	0.00211669795947091
72015	50-54	2	0.00666237108583158	0.00544580068622225	0.003887778483756	0.00391898030349111	0.00357435629742039	0.00353816740084691	0.00282465052170008	0.00251970645661422	0.00296403414148791
72015	55-59	2	0.0061792630328627	0.00628788971467685	0.0060651376347601	0.00646353477126849	0.00486958487798221	0.0039654962490379	0.00459987203276823	0.00543295609000939	0.00514751064854879
72015	60-64	2	0.0110352398686339	0.0139958728070903	0.0116785356925033	0.01034735844416	0.00800925625288825	0.00793559762296396	0.00721321284553147	0.0064598023316171	0.00620326497157607
72015	65-69	2	0.0163763183469482	0.018322326041631	0.015280272526454	0.0136912771296468	0.0152189396264137	0.010270793103138	0.00954933704067902	0.00889239980805146	0.010008347149202
72015	70-74	2	0.0290499240449835	0.027070749712171	0.0229885949865477	0.0264804038154248	0.0228388923769922	0.0166066393137605	0.0176866863757616	0.0169053477295467	0.0137096429051639
72015	75-79	2	0.0385249740971548	0.0504508973876616	0.0388880984002759	0.0475179777653781	0.035700314203436	0.0359756104146474	0.0331535605006007	0.0252903965914905	0.0279218191220285
72015	80-84	2	0.0659943995304405	0.0791554239626593	0.0736432105587647	0.0821307885525771	0.0650760680183052	0.0598315000150205	0.0453070686798724	0.0427504609259759	0.0447423923654257
72015	85+	2	0.160781229449591	0.130233909610756	0.11662330760519	0.121303664413017	0.120428247553443	0.139463730615457	0.125147903963574	0.120890457573296	0.101229104226336
72017	0-4	2	0.00255958207134548	0.00237849735522539	0.0019879777232136	0.00251998924247533	0.00140824088848846	0.00124648929089401	0.00128403224089641	0.00126841079150043	0.00142307476434014
72017	5-9	2	0.000140996606706336	0.000143858368619523	0.00013368002436435	0.000130455484237695	0.000107053492194767	9.9563453073324e-05	9.11840276060108e-05	8.1681392111614e-05	8.30319575007999e-05
72017	10-14	2	0.000163063613095197	0.000174410849066862	0.00015447698255439	0.000151554917224534	0.000131143771107248	0.000128119573346845	0.000111356369667112	0.000104969097216441	0.000101542023877399
72017	15-19	2	0.000526174490623212	0.000486891442200312	0.000575679871797001	0.000473320648367752	0.000455008137900609	0.000400632604543401	0.000367794512556616	0.000317538958698062	0.000376054673570019
72017	20-24	2	0.000927377623476178	0.000971649575153346	0.00107153634420648	0.000882936744811774	0.00071143190536919	0.000964413383954147	0.000681637899861147	0.000564427660513022	0.000576520721882412
72017	25-29	2	0.00113078441296547	0.00109256947592307	0.00120285282257549	0.00121088099445586	0.000940793394843376	0.00088384915448026	0.000805626339955962	0.000804515606785261	0.000708184750174705
72017	30-34	2	0.00142419035857885	0.0014520191461943	0.00159597122397567	0.00125237078541396	0.00123587197594868	0.00109648152408296	0.0010275313098402	0.000899991184879	0.000911237088877625
72017	35-39	2	0.00166312326070291	0.00201445303636705	0.00181459716552842	0.00178197874009099	0.00144785380394335	0.00139225414787007	0.00121473382624848	0.000996622103730151	0.00118615158019302
72017	40-44	2	0.0023951753540743	0.00220907494171075	0.00212775084571864	0.00255744841881624	0.00173989831614764	0.00158127266890334	0.00146371625085844	0.00139056320617733	0.00137467961648908
72017	45-49	2	0.00378232614762981	0.00278542363701687	0.00359359239812117	0.00324843310756018	0.0026799868469887	0.00223935536494121	0.0022791885204131	0.00169194252375169	0.00155769356626637
72017	50-54	2	0.00488265235694492	0.00423783949590059	0.00474159098732987	0.00392186764684921	0.00348562481080925	0.00305271860178303	0.00314530945737716	0.00295529048833014	0.00316629143896972
72017	55-59	2	0.00833340904698939	0.00735986794456446	0.00710250094690626	0.00596437436682606	0.00494048550546687	0.00524915500667445	0.00569565138456617	0.00408689887784321	0.00419603107891079
72017	60-64	2	0.0139545996065997	0.0113652218076706	0.0107394129823311	0.0126876924076021	0.00840774027353078	0.00665746325501525	0.00582829056972681	0.00624916903333839	0.00713428947831872
72017	65-69	2	0.0168878610258044	0.0162484272361465	0.0148854405376242	0.0112689731058721	0.0109041076162952	0.0121972300824067	0.00885694920306387	0.00831145205224633	0.00797457970312501
72017	70-74	2	0.0282094674492514	0.0252595462765363	0.0185340076530391	0.0265875868011954	0.0246339503259613	0.0161235434716794	0.0148303797730475	0.0136105967748442	0.0132106466278863
72017	75-79	2	0.0415838220677247	0.0336272229078136	0.0339042913072551	0.0362739209707336	0.0325307592882392	0.0264737594025184	0.0260767865655513	0.0220763401980991	0.0247186866340034
72017	80-84	2	0.0714562964609744	0.0716320331485715	0.0598436674689413	0.0734144674332014	0.0632240125802513	0.0509282197801569	0.051394848472647	0.0411751449027894	0.0425658228528996
72017	85+	2	0.144242893328514	0.143759317537222	0.148638157211124	0.162681956265194	0.124844321893565	0.115959405139691	0.117089835022329	0.113969258350202	0.0897673906095655
72019	0-4	2	0.00270190088984558	0.00223388732664264	0.00267036416708575	0.0023226811565823	0.0017676364326002	0.00175388574701849	0.00138208475392525	0.00098783419109229	0.00137248753035172
72019	5-9	2	0.000140663219174191	0.00014309840525423	0.000146436935914163	0.0001170753682803	0.000101676304729333	9.49344683915136e-05	9.64216129325468e-05	9.07150940254066e-05	7.89947178241708e-05
72019	10-14	2	0.000153993060121847	0.000149889615638269	0.000146320689432868	0.000157363070385978	0.000130088624079162	0.000127612935617691	0.000106243905461363	9.51835583771441e-05	9.64514182467699e-05
72019	15-19	2	0.000571194112981045	0.000593419417012004	0.000466241100010497	0.000449503178795699	0.000411722382609916	0.000351695713638751	0.000326515312723966	0.000299576594978163	0.000320712957596032
72019	20-24	2	0.00108101353025886	0.000929193893671173	0.000869118540020344	0.000779557693165122	0.000713575834650917	0.000671136997582148	0.000621300294849009	0.000597768001417788	0.000617383436012498
72019	25-29	2	0.00130261544466209	0.00120785098698381	0.00108178440539437	0.00100598384468903	0.000979287822771567	0.00086885931458664	0.000837643380116224	0.000703095059024818	0.000777807532946082
72019	30-34	2	0.00125655380235384	0.00113175728809831	0.00122345185755125	0.00129106653300724	0.00125366495126921	0.00110252637084668	0.00091174745855933	0.000879929438188069	0.00100223057213253
72019	35-39	2	0.00171131226195211	0.00166226466803928	0.00155905353689528	0.00169513737423904	0.00111249096911027	0.00137624651766789	0.00114483576277906	0.00125148586675639	0.000954742475427665
72019	40-44	2	0.00209372950159536	0.00234515455828703	0.00194843808567879	0.00231864287435515	0.00170376978054193	0.00172029235018737	0.00148523143680333	0.00142619916343191	0.00130056259226611
72019	45-49	2	0.00261164760891094	0.00266757611202103	0.0024016425249802	0.00332679743324225	0.00309497114271531	0.00189913653781168	0.00174691189294254	0.00208413860861936	0.00158706991514092
72019	50-54	2	0.00402271375666237	0.00426131166058959	0.004184095894208	0.00394111241427152	0.00346279861524405	0.00322639816460515	0.00247474814587163	0.00253471566657842	0.00217017985866857
72019	55-59	2	0.00813510668058679	0.00776317425339855	0.00545288715999025	0.00639496584702417	0.0064819343915379	0.00507447159915689	0.00445016620322389	0.00342552449664583	0.00322033257121113
72019	60-64	2	0.00820577522069501	0.00991314182059493	0.0095588914599176	0.00834089635694859	0.00868431044883257	0.00823561708910622	0.0061505510321903	0.0053828901057073	0.00498902408458948
72019	65-69	2	0.0146442691583647	0.017770019631183	0.013146650522131	0.0135746894629869	0.010137924178312	0.00910501328271211	0.00939563002972225	0.00775701900510167	0.00717275940552397
72019	70-74	2	0.0280672651800015	0.0234453088137669	0.0199493332319541	0.0251105340557574	0.0231554622272554	0.0172436643668469	0.0163892718154822	0.0113097490446283	0.0111293722075556
72019	75-79	2	0.0426296894500044	0.0369145791173658	0.0336910072305761	0.0461607397663147	0.0307083069773819	0.0260274709274273	0.0285786802109412	0.0211245534651566	0.0225579338455393
72019	80-84	2	0.0706740554701352	0.0831977523307171	0.068400654417576	0.0681465925905904	0.049382229191623	0.0464207737311016	0.0458861945958247	0.0370217690576015	0.0355953722686781
72019	85+	2	0.146410649277727	0.143916713174929	0.143931032642692	0.135050292889781	0.132542999812966	0.106085202448767	0.123518000098686	0.0928170128397683	0.0934063259246147
72021	0-4	2	0.00299947868329018	0.00230719785962693	0.00262738551877227	0.00257645542734176	0.00165852117189915	0.00151112590147995	0.00161233067268437	0.000944914779215681	0.00114575702984832
72021	5-9	2	0.000159231005999024	0.000145943152127304	0.000134107719369506	0.000122100665186249	0.000104911145683767	0.000100783943004229	9.585008558395e-05	8.03896037984715e-05	8.71582890154879e-05
72021	10-14	2	0.000158134927427868	0.00018573969343375	0.000148013673148518	0.000159929048980513	0.000139807976088761	0.000118781907171626	0.000102884930118112	9.1537647330794e-05	0.000103123963095472
72021	15-19	2	0.000400895448937014	0.000366228969418413	0.000383232783176229	0.000434116473849832	0.000441826215026356	0.000323366837432675	0.000307589075931623	0.000258140671542919	0.000252439215194107
72021	20-24	2	0.000599396514534982	0.000633644056749272	0.000744374105330902	0.000733768022747887	0.00052446058767938	0.000677262133293451	0.000491578342903845	0.000480531126945569	0.000455492978602825
72021	25-29	2	0.000942505530739793	0.000988771030932017	0.000958727133469153	0.000969373309015352	0.0006654266848037	0.00069215252394951	0.000618548377492903	0.000524319008936211	0.000708207138932664
72021	30-34	2	0.000921198749390771	0.00100669250463283	0.00128906978355298	0.00118603670537563	0.000896713569701449	0.000854456909992316	0.000750676608728159	0.000871326452287564	0.00070154358592282
72021	35-39	2	0.00126201468003123	0.00111256326076088	0.00141357964134356	0.00170010951622434	0.00125916334498564	0.00128008264383015	0.000968543749226607	0.00107370630208748	0.00135409598662476
72021	40-44	2	0.00187077817319423	0.00145545554210711	0.00187134358747693	0.00202400666243912	0.00180285643752002	0.00164403352148432	0.00146715056031278	0.00139861242546774	0.00166613566655108
72021	45-49	2	0.00233265427446766	0.00195558712548852	0.00224360111784269	0.00272375935808862	0.00263469279484626	0.00267609681672853	0.00206607812453113	0.00177399767514992	0.00184864171689594
72021	50-54	2	0.00391346195292655	0.00358951940683393	0.00318550030147385	0.00367175133003958	0.00343207646465803	0.00306917458926219	0.00299538092435116	0.00287724150527456	0.00334936335084225
72021	55-59	2	0.00550191240243553	0.00541081307465409	0.00507057786241944	0.00474928872314158	0.00520385421157859	0.00461691940708693	0.00458763417093809	0.00433475019743681	0.00399589403231702
72021	60-64	2	0.00928478444875495	0.00875969095849017	0.00688890344336246	0.00748970205013445	0.00739411360645055	0.00672409458539697	0.00666701301852282	0.00600842412720522	0.00678328932155276
72021	65-69	2	0.0161160923988822	0.0140385150192574	0.0117075130675231	0.0124208495659943	0.0115981065132587	0.0102898116308251	0.00952960568859174	0.00925679470496758	0.0083826689963998
72021	70-74	2	0.0286820071146793	0.02279488906704	0.0217400299386303	0.0204065733477245	0.0173294179754472	0.0169708618344485	0.0137994524660776	0.0133837645859058	0.0132628479967203
72021	75-79	2	0.0411689227081298	0.0389100628906032	0.0342403299916982	0.0342908953254298	0.0299681403160211	0.0270533999470227	0.0236416415244662	0.0218530809792669	0.0203731708657443
72021	80-84	2	0.0769399455605379	0.0747795982892119	0.06278476332845	0.065791043047798	0.0559915910938454	0.0471545613056409	0.0466108142705698	0.039638437341457	0.0395504048408939
72021	85+	2	0.15440963986823	0.154823517249714	0.133444524480829	0.14691684425545	0.126036682607082	0.124340261031351	0.124621619315645	0.103287835189768	0.102074586905591
72023	0-4	2	0.00239489107231617	0.00178356917690735	0.00168255200760367	0.00199176129594642	0.00157628125232235	0.00138199277228417	0.0018175825793316	0.00096557498223221	0.00125035825675295
72023	5-9	2	0.000117552141408748	0.000114497456649338	0.000117421426691647	0.00011402563469599	9.4064132581785e-05	9.21006017133586e-05	8.06212961076458e-05	7.22434764557182e-05	7.36527578896042e-05
72023	10-14	2	0.000157127588433886	0.00016833486743623	0.000149194343081431	0.000153000363639288	0.000120493373406942	0.000106406370878339	0.000108176002415309	9.75659192674241e-05	8.96596575056662e-05
72023	15-19	2	0.000445432198572107	0.000490674523588787	0.000479497099419105	0.000471839952365685	0.000364671950529112	0.000337897859239888	0.000341024281503189	0.000283757562740018	0.000292545308438635
72023	20-24	2	0.000870162967004617	0.000833539397118324	0.000803770254032243	0.00071749667557902	0.000660713081072149	0.000607427010431855	0.000586542924884607	0.000493137074859339	0.000500851792194951
72023	25-29	2	0.00102887528394583	0.000932958802025255	0.00100895873786283	0.000911809624591697	0.000810577724247422	0.000782018910243377	0.000830239538473422	0.0007344051930509	0.000647718532326324
72023	30-34	2	0.00112288847870723	0.00120122618672762	0.00111747729825136	0.00116017518231536	0.00118281153996131	0.000846597559082094	0.000780196609419809	0.000820773090794038	0.000731228932792401
72023	35-39	2	0.00153180813353231	0.00143116113412024	0.00148206388032552	0.00162620780168939	0.00129467834010483	0.000998892475888481	0.00097084214641797	0.00105998903657508	0.00108447760199472
72023	40-44	2	0.00186389947316217	0.00171881828325064	0.00215325347890073	0.00181416351810139	0.00132070337827403	0.00145619407859329	0.00130538248327547	0.00104348693366897	0.00103376097230504
72023	45-49	2	0.00291871871067684	0.00259737996800964	0.00234577010803975	0.00251373430911569	0.00208619373789445	0.00202356951902397	0.00191132484497293	0.00170369818296685	0.00149969245117459
72023	50-54	2	0.00420127081472946	0.0041038146952841	0.00341729922519701	0.00303816337537729	0.0033677197818429	0.00341031137849236	0.00283153354076101	0.00232620748516726	0.00291666900813764
72023	55-59	2	0.00554486258500362	0.00562237554717484	0.00581952452901142	0.00487089744429702	0.00512008449626313	0.00444709707121819	0.00407903534929129	0.00366266242899888	0.00366643058775627
72023	60-64	2	0.0107324331918517	0.00938782928054388	0.00949517973998808	0.00676929355675874	0.00715861343798456	0.00750340121466298	0.0062547092998903	0.00478356617498816	0.00615057193592242
72023	65-69	2	0.0164773788524296	0.0142676404496428	0.012646685835021	0.0139200316482123	0.0125409889603744	0.0106686633616471	0.00933945597745038	0.00723143559999429	0.00881891589007037
72023	70-74	2	0.0313023713658547	0.0280182950086347	0.0203207512981971	0.0218119390531677	0.0176851356370533	0.0175686716004697	0.0166847974232969	0.0131073408932203	0.0139260854430668
72023	75-79	2	0.0435320142997411	0.0361292088699805	0.0327464943627298	0.0331276569957634	0.0296055932532767	0.0258751899399753	0.0266314662139548	0.0228279554201011	0.0250020986407728
72023	80-84	2	0.080736771185778	0.0751858157069702	0.0728591462167888	0.0712642916839678	0.0533832249567417	0.0602077507040461	0.0402881917754269	0.045711168021568	0.0411583669403212
72023	85+	2	0.135268534408045	0.123533692564672	0.133749487966903	0.154229095000347	0.130393631252503	0.111441183647959	0.112643965848846	0.105872289529235	0.10214208565246
72025	0-4	2	0.00319689456755724	0.00262154791500882	0.00259170317679239	0.00222898216102356	0.00172251256713864	0.00184422543780327	0.0015760283098343	0.00132651097628644	0.00134126286560851
72025	5-9	2	0.000175565969863739	0.000122860059730961	0.000121344962395094	0.000129782571273212	0.000104725516968339	9.88270872137727e-05	9.28330848010939e-05	7.71047473225167e-05	8.35681620986172e-05
72025	10-14	2	0.000196275873460097	0.000177336877961074	0.000161896045063049	0.000153692592718655	0.000130919414472867	0.000129223202042017	0.000132723767602139	9.68763323660157e-05	0.00010005499859317
72025	15-19	2	0.000480245318626802	0.000420973786075279	0.000422094545578615	0.000497818895448361	0.000320554146100538	0.000374845300158117	0.000361429560308884	0.00033546199510207	0.000299973576383854
72025	20-24	2	0.000789386770820376	0.000795436476981845	0.000724680276380065	0.000799575791980729	0.00067252927013896	0.000690956194688793	0.000525470332175614	0.000611581785353344	0.000639706313065704
72025	25-29	2	0.000865694809094232	0.00095543182568206	0.00121467581796283	0.00098373728427661	0.00095954092791427	0.000784059505687233	0.000680204286383559	0.000580624576021626	0.000586851008172272
72025	30-34	2	0.00109356088192748	0.00114511531561518	0.00185462482541351	0.00160903213125529	0.000889678260945798	0.000807250813316157	0.000960203582466702	0.000860447768320935	0.000925813524316106
72025	35-39	2	0.00122345582214944	0.001631102825561	0.00173868357792475	0.00179823414974589	0.00136750910508396	0.00120224247428291	0.00102376199269149	0.000964019447900122	0.00120184182364214
72025	40-44	2	0.00188666597987702	0.00158589324939099	0.00179129443738781	0.0017597755338518	0.00150878527800785	0.0015662646243692	0.00136478841974603	0.00134159320021969	0.00155464193258426
72025	45-49	2	0.00267848219935172	0.00218215538830222	0.00300942289058263	0.00257522302303708	0.00223581740769678	0.00220629050749318	0.00210463800128087	0.00158342030551834	0.00191349161688796
72025	50-54	2	0.00417675575809757	0.00347473634676953	0.00380526892100236	0.00353982508100068	0.00344396731116771	0.00264032697595135	0.00301262361284815	0.00255093188999023	0.00273659022695533
72025	55-59	2	0.00614308927371735	0.0062823504060637	0.00634163515868196	0.00514056001604247	0.0059295184170122	0.00405154850360311	0.00482640092911669	0.00311212958444559	0.00384649632566649
72025	60-64	2	0.00995541835224891	0.0103786133054156	0.00921747950454908	0.00923705218972091	0.0069394937787389	0.0068983795271225	0.00702244602871666	0.00466470768923793	0.00586381323397523
72025	65-69	2	0.01294271770143	0.0132290498469501	0.0117710406556277	0.0137990104628787	0.0114370216419328	0.0106822919255243	0.00925292449092384	0.00861848628862579	0.0101252661852003
72025	70-74	2	0.0278861545877295	0.0266611293843568	0.0239006432416433	0.0211330214128381	0.0205600644776906	0.0172586064484018	0.015066398869541	0.0134739473077944	0.0133599649235405
72025	75-79	2	0.0414778475833995	0.0415090605798879	0.0385058657818358	0.0358793281956959	0.0328284708092935	0.02430449136548	0.0225463218474035	0.0222710860264687	0.0233817040685797
72025	80-84	2	0.0651684363991587	0.0588176593824392	0.0708517956896952	0.0659173579186256	0.054185437866672	0.0491070031997941	0.0495793005526527	0.0410012921911357	0.041504135161327
72025	85+	2	0.140672734232826	0.140670876384434	0.131134656370763	0.139578718250712	0.121433766781937	0.108951990608649	0.119014068915058	0.111280401311569	0.105718864327378
72027	0-4	2	0.00234641139349973	0.00205955847249502	0.0019854221261201	0.00162076663573127	0.0011628939124751	0.00137484585518907	0.00117100538727454	0.00116160523221828	0.00106156983144316
72027	5-9	2	0.000121493138755212	0.000123903835394076	0.000114954038543886	0.000111435293032767	9.66929827912875e-05	9.51349097671207e-05	8.29742156471821e-05	7.4534825688038e-05	7.56983305112785e-05
72027	10-14	2	0.000147303453547742	0.000142593298739575	0.000146385777064342	0.000142794736747128	0.000124154188554801	0.000110024164236341	0.000106184075649403	9.0908646202791e-05	9.23576666492886e-05
72027	15-19	2	0.000464970475070499	0.00045382912786635	0.000486532037760263	0.000473286661625677	0.000380091754433254	0.000354966389216678	0.000327644763928829	0.000285290608124481	0.000291843381682277
72027	20-24	2	0.000820372950285503	0.000857402508961078	0.000826868429959143	0.000761067535993808	0.000761805963241402	0.000678969131557603	0.000573160044321651	0.00050050431763736	0.000535509968292726
72027	25-29	2	0.00107517533726326	0.00095086147832711	0.000996990960505713	0.000961775632093114	0.000822406956750991	0.00074965945244433	0.000818561803283727	0.000811929407353246	0.000685013451889457
72027	30-34	2	0.00133825634840431	0.0013527852512433	0.0011570601618163	0.00100802141560057	0.00089335123152977	0.000964047476327254	0.000917284692290729	0.000774372246202859	0.000959666738994357
72027	35-39	2	0.0015164030132801	0.00159218165910578	0.00186237837984169	0.00138961695684122	0.0012384243781686	0.00114680732730044	0.00120488368770156	0.00108201554676275	0.00119636056072774
72027	40-44	2	0.00187649550182013	0.00219431911277213	0.00191587804065077	0.00216251854125326	0.00167768090206156	0.00145805979421807	0.00124548776560978	0.00117702394246376	0.0013471655070825
72027	45-49	2	0.00329462681767593	0.00290181549716545	0.00251043239679845	0.00263001677053024	0.00231029057426565	0.00191777642372034	0.00172111597297015	0.00178618178152911	0.00150612847935813
72027	50-54	2	0.0054059589966733	0.00421423932104505	0.00401047050527988	0.00412285331139393	0.00323797165588859	0.00335352202352576	0.00294592736347762	0.00216778684067636	0.00234847365821677
72027	55-59	2	0.00529911682816499	0.00599348323019499	0.00643180091861022	0.00593948612848982	0.0044889141882516	0.00396566770392771	0.00382259345412882	0.00399726189208879	0.00291567107583585
72027	60-64	2	0.0100364705415436	0.00957126607976725	0.0104091542689145	0.0105994915937872	0.00857491468340621	0.00836372878995351	0.00641658040485337	0.00586869111432316	0.00531580890502039
72027	65-69	2	0.0150666191885537	0.0162273776059092	0.0164038543348623	0.0138357520451912	0.0128567793586616	0.0113670005812982	0.011350673562165	0.00932824397138856	0.0108372290260611
72027	70-74	2	0.0298736465636658	0.0263703667215127	0.0227369596805768	0.0201602934592324	0.0218240551329345	0.0174361375643569	0.0170168441623204	0.0119419645745235	0.0130081218835091
72027	75-79	2	0.0311921738419599	0.0363805822369371	0.0461468926864079	0.0315179067599325	0.0387032525567211	0.0260443855591252	0.0281345200687485	0.0234235682046516	0.0236696445911545
72027	80-84	2	0.0685535658527944	0.0573528559432627	0.0653316495315697	0.0613438434258017	0.0530555832269556	0.0546061404386947	0.045114162626861	0.0416782105969544	0.0357747484710112
72027	85+	2	0.180536407620658	0.15553642257294	0.142276351805252	0.132947422434684	0.126348292377652	0.135016088896711	0.118803544460485	0.121959369432177	0.119241121419233
72029	0-4	2	0.00296274687562326	0.00266424491465291	0.00282147567969683	0.00201645797594942	0.00181917918379029	0.00169132392778364	0.00149510491367306	0.00109776668414886	0.0013043546395987
72029	5-9	2	0.000145350683509008	0.00014944785102348	0.000139459903872695	0.000142306985719985	0.000123589274142617	0.000104540637002898	0.000106262202258868	8.66208497616995e-05	8.82901274304683e-05
72029	10-14	2	0.000193310724615046	0.00017144497098667	0.000203546794792152	0.00017218317501795	0.000142789097508384	0.00012661610972335	0.000116541179049768	0.00010542596465352	0.000107200340757314
72029	15-19	2	0.000551531239193958	0.000608333631445329	0.000506244095199871	0.000518831100992849	0.000500690477983634	0.000464964593160314	0.000415935851555838	0.000334886029213117	0.000344112606720382
72029	20-24	2	0.0009405575988921	0.000870418108845676	0.000844707035409045	0.000887401541586868	0.000914881150776496	0.000782154111339594	0.000617095406773901	0.000743176497108731	0.000722307009199653
72029	25-29	2	0.00102296606314469	0.00112503584442264	0.00124121817742937	0.00119791840124904	0.00108282226564783	0.000932898475382624	0.000800181957979529	0.000865741320441166	0.000855623659472862
72029	30-34	2	0.00155454739770031	0.00156795942396477	0.00172838140562987	0.00143913228702075	0.00115523332079658	0.00100770394940711	0.00111008792898053	0.000977867811137456	0.00110728902902879
72029	35-39	2	0.00162893496304889	0.00147116304001887	0.00155168972233015	0.0020055236546938	0.00147076076060352	0.00127005913682506	0.00118995226195919	0.00129244665642526	0.00111221837652298
72029	40-44	2	0.00207396087459112	0.00236621849303937	0.00234266015393255	0.00230165076581529	0.00179608978948673	0.00178379137977347	0.00154606474786981	0.0014600162266284	0.0015601440539765
72029	45-49	2	0.00317754645049084	0.00283686146103257	0.00295035596684064	0.00322365940859657	0.00296970841393406	0.00240304957562423	0.00238585343244128	0.00240627268803411	0.00217378296690329
72029	50-54	2	0.00400198625085244	0.00436943089184293	0.00450858778225038	0.00459347605786991	0.0034427613831965	0.00379575058402403	0.00299235504711131	0.00310173070305657	0.00320016418001956
72029	55-59	2	0.00681420069230377	0.00667423540341387	0.00576382424654486	0.00737598350236914	0.00715935460440123	0.00547759102666773	0.00400299953583431	0.00514851777916258	0.00370772750318299
72029	60-64	2	0.0099555442714559	0.0120462149571936	0.0094883841916328	0.0101260859837733	0.00959614936182074	0.00743999963744547	0.00677048710934031	0.00634146482022644	0.00700257512187644
72029	65-69	2	0.0120507843781415	0.0151501136578344	0.0173785254401656	0.0179368760774785	0.0137502031560012	0.0107232086323834	0.0115509947033183	0.0102456301676253	0.00999053614814027
72029	70-74	2	0.0261919400866343	0.028247398901506	0.0252706575996421	0.0277513168479091	0.0218845872288822	0.0195481728484668	0.018743066381889	0.0148023443055807	0.0159468758039903
72029	75-79	2	0.032847702294579	0.0446481392199456	0.0382594339178722	0.0409065638317332	0.0323917715363368	0.0289566556290897	0.0284297060450724	0.0232579583755361	0.0202878791659842
72029	80-84	2	0.070206172740539	0.0651926064045528	0.0666425205010018	0.0844645386519009	0.0653358596281213	0.0495441476210818	0.0554910498774424	0.0504733828978001	0.0481269938435373
72029	85+	2	0.159076659575652	0.155771099807939	0.127902263890628	0.147662418207598	0.113357267308092	0.107211903643078	0.12127243209774	0.101126826718684	0.102601477561909
72031	0-4	2	0.0027003138484077	0.00245983742931457	0.00250875584915824	0.0019853991507384	0.00164833040815598	0.00165676873287364	0.00148659412294407	0.00107211883007286	0.00102123980810834
72031	5-9	2	0.000138465662115499	0.000122596100567075	0.000144733971712282	0.000114897002729584	0.000102102408301879	0.000111545471670032	9.19622255875144e-05	8.02825167793781e-05	7.4850688750867e-05
72031	10-14	2	0.000155881506335911	0.000165769749785772	0.000141373886195883	0.000153449083085943	0.000132557485952489	0.000120514327196427	9.9113393446599e-05	0.000100807058697325	9.4060951791315e-05
72031	15-19	2	0.000399698348514585	0.000416238041067952	0.000517475938616472	0.000453384455007118	0.000371457600810022	0.000416272661207348	0.00029414229185609	0.000308017154543562	0.000270176970791199
72031	20-24	2	0.00068530615525335	0.000702401481820581	0.000760982505108583	0.000749641784123914	0.000625691099340101	0.000493773706985768	0.000595291723306792	0.000543489839716811	0.000446321529636127
72031	25-29	2	0.000705438789496818	0.00081695883562225	0.000990483557160873	0.000939315496489269	0.000692771483178209	0.000618398182051549	0.000697945230482937	0.000616135027600889	0.000626882186392899
72031	30-34	2	0.00098670976819595	0.00126711960027215	0.0015159865874804	0.00112663657529895	0.00076274788103079	0.000981033044763771	0.000813293880055378	0.000793036390331105	0.000704042958999829
72031	35-39	2	0.00107852904874705	0.00130467877989908	0.00162795559993881	0.00166730633981176	0.00110479516637338	0.00100572076558706	0.00126868085243445	0.000973861253483917	0.000829670142786671
72031	40-44	2	0.00170795509289977	0.00177015893001384	0.00193773814691377	0.00232227387399991	0.00172608949530193	0.00171122410085326	0.00118537665504327	0.00122189648687786	0.00126285469644453
72031	45-49	2	0.00240460924617818	0.00211008394907238	0.00247905668068664	0.00272670677078476	0.00262169775764376	0.00244828071388415	0.0017433390244296	0.00200759395883867	0.00142553521147056
72031	50-54	2	0.00420227843755657	0.00296987676799703	0.00375074800578762	0.00309087704254741	0.00324660916139582	0.0031077614765519	0.00380551369648672	0.00265777469648684	0.00272366832746495
72031	55-59	2	0.00575653009650703	0.0051469342767712	0.00514645100885809	0.00456197825018219	0.00495252450103061	0.00441452541766094	0.00428639294831759	0.00340858845143943	0.00444292613884221
72031	60-64	2	0.0094216370831532	0.008224460657326	0.00827120555776114	0.00778428782850807	0.00762307365821743	0.00702069818295223	0.00677366950907208	0.00590429099016771	0.00619089872654971
72031	65-69	2	0.0122245490062126	0.0138779738507995	0.014271356552247	0.0121506238195092	0.0119188778703423	0.0104419139202635	0.00858662809378498	0.00889400313150792	0.00804990471517721
72031	70-74	2	0.0236166782293304	0.0243015728582497	0.0233558520773049	0.0205975157461228	0.0184361633668931	0.0170070237503933	0.0145658650544324	0.0118384969073048	0.0135481658561088
72031	75-79	2	0.0370168845666244	0.0371642893918167	0.0391298102523712	0.0327563166847718	0.0280577790055435	0.0258539861831542	0.0254174571765556	0.0214088320081813	0.0224677628338376
72031	80-84	2	0.0593553018058162	0.0585847572230243	0.0589913286703483	0.0687137124758939	0.0576689749983345	0.049336819578195	0.0408835213568756	0.0359142560929535	0.0381522721490522
72031	85+	2	0.134501383036269	0.130408033877447	0.135830498156256	0.130476727896867	0.122112742825895	0.110307619139384	0.125298549033423	0.102045804018434	0.0970570038173642
72033	0-4	2	0.00370666459755579	0.00272881866501537	0.00277234373756275	0.00299357417686799	0.00195538666427016	0.00201651360319696	0.00156933050960831	0.00145977152598357	0.00150083935376934
72033	5-9	2	0.000161551368772497	0.000155064823518412	0.000159305379939508	0.000149128528434858	0.000130128872213186	0.000134585562559544	0.000111642274441728	0.000100456234186052	0.000107561320203391
72033	10-14	2	0.000225208442537941	0.00020720395516958	0.000184526164425	0.000190041340395553	0.000158076133582179	0.000148092288083395	0.000135908333287341	0.000135764343057992	0.000138285345359849
72033	15-19	2	0.000669128742779435	0.000655470360043628	0.00064659660241428	0.000581665564231153	0.000518275020779182	0.00047001142027069	0.000459972270510021	0.000465416419078444	0.000436994229786387
72033	20-24	2	0.00103677728296628	0.00112242519669514	0.00119321196246314	0.00110551094650515	0.000916137571383082	0.000803135787405119	0.000754948823729169	0.000707308319899965	0.000796959328497685
72033	25-29	2	0.00140259821431139	0.00143364308051986	0.00177755638284466	0.00149384404594453	0.00129088367525524	0.00135395744157788	0.000921908464153148	0.00102377613832895	0.00100898922932497
72033	30-34	2	0.00179159686664743	0.00169964998142431	0.0020507857958488	0.00230699579261262	0.001427344015755	0.0015996751352932	0.00122246317489706	0.00101101841613031	0.00103276412617343
72033	35-39	2	0.00197428396056728	0.00196132573282687	0.0024463069417446	0.00212075622238795	0.00187961503490363	0.00178607610262361	0.00148636829042449	0.00142683430587853	0.00153701342376821
72033	40-44	2	0.0026163566770201	0.00273322459391578	0.00278475826157755	0.00277948206450603	0.00208461284604523	0.00216130584685804	0.00196482561418641	0.00165094691331289	0.00165796217395533
72033	45-49	2	0.0036728174440195	0.00346301138619242	0.00390320986436392	0.00362152078658459	0.00344476350736818	0.00277779410863221	0.00249991035664014	0.0022964437411738	0.00220490669378277
72033	50-54	2	0.00626200348234553	0.0046183971894898	0.00489161887649592	0.00434809247315393	0.00406156376254607	0.00389853991431913	0.00405212966242942	0.00338319839319413	0.00328227320514379
72033	55-59	2	0.00876220599562525	0.00833193045041255	0.00641126051382853	0.00835197646690381	0.00584549924029377	0.00497898819356538	0.00461840420991221	0.00602414757259013	0.00557649185384524
72033	60-64	2	0.0155986874405292	0.0142697560778781	0.010288959625114	0.0112710911979062	0.0116044893435047	0.00833204832147153	0.00863456203165447	0.00905589364990657	0.008376081129737
72033	65-69	2	0.0203921075438494	0.0162381391592482	0.0166986162466608	0.0144958879311787	0.0147869960082274	0.0141484959009026	0.0105201739772914	0.00976624948508823	0.00985715567571073
72033	70-74	2	0.0351101060183477	0.032480871839351	0.0256717046354656	0.0258414681942851	0.0214260207767161	0.0199550963113337	0.0204871741593796	0.0149470059230845	0.0146324186656074
72033	75-79	2	0.0430179430265929	0.0370222597633146	0.0414007486491413	0.0355767109325806	0.0347398101179084	0.0258988082256054	0.0277364893778588	0.0215676709083516	0.0207672357042215
72033	80-84	2	0.085382949636706	0.061429166150382	0.0603893111089295	0.0682165699442969	0.065807679839086	0.0448859999978917	0.0365151750160321	0.0352491250693366	0.0391011565928883
72033	85+	2	0.150357651185624	0.14520273125155	0.143621790686435	0.132113679860009	0.116977459898461	0.115939975587855	0.105278765511595	0.0905705082517796	0.0987078113373012
72035	0-4	2	0.0035110179777295	0.00308340141885241	0.00284472167459509	0.00233508709232149	0.00139801237931666	0.00167317206997297	0.0015299269708109	0.00101625110482794	0.00135899628274196
72035	5-9	2	0.000142142125741605	0.000125636422979736	0.00012295901848265	0.000139218763707308	0.000109811935887853	0.000102908933670801	9.45924049817169e-05	8.05840981898281e-05	8.20660486900554e-05
72035	10-14	2	0.000162282496095806	0.000165949268681243	0.000155289705725459	0.000145323730094489	0.000133128928124596	0.000137530318364845	0.000109163320293517	9.82874407357832e-05	9.9887570164244e-05
72035	15-19	2	0.000533263099611498	0.000520688833556499	0.000474726240231344	0.000472723310849481	0.000389936242290248	0.000420084250010623	0.000330084484161641	0.00031649088759567	0.00032613097307003
72035	20-24	2	0.000914038056901247	0.000869498059903388	0.000820880447566087	0.000710479504795458	0.000666129562248156	0.00061622372379447	0.000626334278133299	0.000547036501923759	0.000585338148151537
72035	25-29	2	0.00102013448301088	0.00119514628272251	0.00116808785227173	0.00117785771280694	0.000798119848939643	0.000843194150448051	0.000948983587260036	0.000689596517391856	0.000685657394581563
72035	30-34	2	0.00118297434090069	0.00120651937547345	0.00171426015838529	0.0019569317456398	0.00112407336049285	0.00099854769296983	0.000912204373393365	0.00086590475441183	0.000944168668134737
72035	35-39	2	0.00188315982307693	0.00160413402080858	0.00172876815690095	0.00191678528980228	0.00160358166385924	0.00139587387649201	0.000963990059605119	0.0010347808799513	0.00102748538473316
72035	40-44	2	0.00248856250478394	0.00205443814475876	0.00234961350120666	0.00233378439264121	0.00162589269980933	0.00158187757631466	0.00155042838361092	0.00151914548446852	0.00139303696748652
72035	45-49	2	0.00367753119181029	0.00308101367138878	0.00278558768877488	0.00216694414550736	0.0022135854299446	0.00225966471811878	0.00214616895631575	0.00199635802031066	0.00192672557935112
72035	50-54	2	0.0045703999811598	0.00389402007511043	0.00459550397323683	0.00396778132925782	0.00388910059018469	0.00266494250968486	0.00308201355948866	0.00283202481956866	0.00243855647368477
72035	55-59	2	0.00740403773985225	0.0077447896148675	0.00619827221026413	0.00489165178335934	0.00527378354742787	0.0042825383547916	0.00389527095419243	0.00369064961380884	0.00388497651974932
72035	60-64	2	0.0103258388285174	0.0116783153176852	0.00866707820285785	0.0107794896568174	0.00734183681687221	0.00735504569676524	0.00561423959944861	0.0048397992600811	0.00642696638823181
72035	65-69	2	0.0181996699001475	0.0163686989075205	0.0157421442765995	0.0124056602735123	0.00985921650479783	0.0118715507188714	0.0087865657487425	0.0089573387400766	0.00631873316852125
72035	70-74	2	0.0307996190314241	0.0268867721948898	0.0251251302801928	0.0272194235264953	0.0216407216291672	0.0179053483609291	0.0150100004842479	0.0130024322581345	0.0100145604101197
72035	75-79	2	0.0412865578174992	0.0415235310994405	0.0358624874838121	0.0386585802950113	0.0360943306086522	0.0291015708042545	0.0248018189205516	0.0195737802999326	0.0188530678411024
72035	80-84	2	0.0668032123209438	0.060222266258708	0.0696238622471641	0.0617696413509527	0.057849542138262	0.0577011274947595	0.0477614529326118	0.0406493552143415	0.03537153350155
72035	85+	2	0.151873283491036	0.14305703828528	0.139169921684979	0.148517924747274	0.132313012870025	0.13305466977494	0.140856427509575	0.108121728283205	0.104000268705736
72037	0-4	2	0.0026342428783648	0.00203269434810438	0.00258403725550883	0.00192721215624467	0.00162925732747886	0.00138897393412009	0.00157702069267421	0.00124973304108601	0.00161574736360785
72037	5-9	2	0.000142128740270594	0.000131275439850438	0.000128149448255805	0.00012480780271615	0.00010834274432093	0.000101048797655279	9.27917467447543e-05	8.27646515456367e-05	8.8760928538631e-05
72037	10-14	2	0.000165481392573066	0.000160715030365506	0.00015688503451372	0.000169150837602729	0.000139674748839709	0.000123746152565814	0.000113551117509127	0.000101429822065516	0.000103249660102854
72037	15-19	2	0.000519092541063159	0.000504419425630559	0.000518302238261296	0.000534046059933292	0.000425676072407599	0.000397596672270672	0.000385725038998211	0.000330037820221725	0.000337285245531998
72037	20-24	2	0.00106720546638067	0.000863315585040261	0.000844046721742886	0.00099405007080603	0.000778016538934477	0.000712192044177469	0.000697850806226046	0.000604909326901797	0.000617242980546046
72037	25-29	2	0.00115098911001732	0.001105294328805	0.00111922772717482	0.00123817577794442	0.000983352081186793	0.00100088266039163	0.000866901612020062	0.000747558652823836	0.000927558802222209
72037	30-34	2	0.00139245796016555	0.00131626831749938	0.00164902360959795	0.0012831323741095	0.00125296676822679	0.00107344544314964	0.0012304104662852	0.000931859429761074	0.000948002605221523
72037	35-39	2	0.00174945291686706	0.00184184869237705	0.00170627384089016	0.00163172221925891	0.0013362551245289	0.00167200857430394	0.00140441780455471	0.00113750483121963	0.0012828482549282
72037	40-44	2	0.00237855269780673	0.00220507263709584	0.00239051045248067	0.00221090651204768	0.00215369038614164	0.001862767860332	0.00189990291315677	0.00175210656172397	0.00139991669420047
72037	45-49	2	0.00308073192798917	0.00306849104070271	0.00258214237046291	0.00327820113048825	0.00294120004357991	0.00221351665020354	0.00242304602187036	0.00206581354605069	0.00212359880026359
72037	50-54	2	0.00481048907323109	0.00459559225439118	0.00395669469881495	0.00452934843822535	0.00436244441715399	0.00334820393532884	0.00306552228499983	0.00306297435142501	0.00260266642394022
72037	55-59	2	0.00730085462233072	0.00681261840497279	0.00626107883666299	0.00547062177078472	0.00554351074703056	0.00663862574542833	0.00400142891428685	0.00455934353950716	0.00460285206837725
72037	60-64	2	0.0131673500589712	0.0108874227022624	0.0100049090934999	0.0103580617295932	0.00807704356784055	0.00666417176877833	0.00790031857139758	0.00640625165273759	0.00854143040951182
72037	65-69	2	0.0159647175777484	0.0146269135132523	0.0153625133054397	0.0187170514397982	0.0142115659311352	0.0131846148851854	0.00943867479585386	0.0093250536774392	0.00832399847255475
72037	70-74	2	0.0298044810130781	0.026601263532458	0.0224091853518266	0.0275361239916855	0.0227008342077055	0.02020446704788	0.0203909679273657	0.0140433514764984	0.0178936011884512
72037	75-79	2	0.0460735405723934	0.0380010219092961	0.0362692653407908	0.0371145734615404	0.0259573764334035	0.0262201908227159	0.0272648212908384	0.0211226023309849	0.0262831728595701
72037	80-84	2	0.0516223419779404	0.0719041893736237	0.0721851448396187	0.0651164249922881	0.0592838144220804	0.0433353847459371	0.0494392411843391	0.0351453661389828	0.0394243888588073
72037	85+	2	0.152231871432037	0.132561753317653	0.134574068835521	0.102027811974685	0.130936254520724	0.113950873213846	0.118740825075542	0.120336395769283	0.100011811156805
72039	0-4	2	0.00229314845609593	0.00229848114561725	0.00175559941821807	0.0019679175744648	0.00155910983194283	0.00148214582186685	0.00145900481682629	0.00121199261709583	0.00112334415546993
72039	5-9	2	0.00012376039366475	0.000120032597017625	0.000123165925464888	0.000114380104700723	9.93334358281602e-05	9.25287937603126e-05	8.45175381338618e-05	7.95305746367453e-05	7.66490707913461e-05
72039	10-14	2	0.000150683701269293	0.00014645538931194	0.000142906265691431	0.000139362831072877	0.00012737692420627	0.000118848965554079	0.000103416354784008	9.25214348967945e-05	9.38351045913074e-05
72039	15-19	2	0.000466475855769745	0.000528718995116812	0.000518886403569291	0.000458870216964651	0.000401862879154197	0.000394653481549852	0.000346807305572166	0.000299195958997933	0.000320130048427043
72039	20-24	2	0.000909442354268743	0.00088832739418524	0.000832241830691867	0.000931424853603793	0.000783137769348174	0.000672322812427399	0.000649761520409045	0.000541698438105093	0.000581163621361405
72039	25-29	2	0.00114287927602953	0.00104425566564375	0.00110870745177814	0.00100476938855932	0.000931214247162534	0.000908404854158654	0.000735431482456052	0.000768082993534792	0.000682794031260722
72039	30-34	2	0.00128507858365116	0.00127116458574734	0.00117934563619605	0.00143890235984849	0.00124087231583164	0.00103205683106914	0.00090736059654391	0.000951293058738888	0.000838499554705828
72039	35-39	2	0.00175388093160926	0.00158968479352651	0.00164727526630149	0.00163767172125898	0.0013422978814784	0.00141616027209097	0.00122327523125608	0.00104853627978487	0.00101742504857392
72039	40-44	2	0.00197486090029223	0.00213825956597706	0.00201509898600967	0.00194915185812368	0.00171343986364617	0.00172188857607287	0.00144357297634596	0.00141429413514201	0.00118198604654542
72039	45-49	2	0.00290233133593721	0.00288990075084854	0.00284848166348568	0.00266628009788297	0.00230913692123967	0.00205846644594536	0.00210005501146013	0.00175170372636824	0.00217753027023088
72039	50-54	2	0.00425653661154902	0.00476582155045004	0.00404524053324326	0.00363595623547923	0.00312095927835681	0.0030904808608372	0.00321522249814918	0.00272425479896387	0.0027111776801984
72039	55-59	2	0.00768011968539574	0.00666110439903692	0.00568504660611464	0.00686809503629354	0.00512535361671013	0.00449669118654392	0.00374879303093302	0.00318315680959008	0.00408346367319179
72039	60-64	2	0.0101004360540932	0.0105357691655668	0.00889035936507962	0.00816680241722034	0.00715600687137044	0.00727843477464395	0.00512034081938245	0.00470491934448005	0.0049419241354835
72039	65-69	2	0.0158014186335484	0.0127832252005232	0.0130337033599326	0.0178447341877464	0.0118688503234297	0.0121400316572365	0.00812678425003212	0.0087314691698252	0.00631353655548166
72039	70-74	2	0.0260750757870023	0.0263780212125444	0.024702444272368	0.0215001985883924	0.0214633844357456	0.0152485972333067	0.0159482068408376	0.0142610596790658	0.0118142344145257
72039	75-79	2	0.0338747368286067	0.0446882289590046	0.0388106958805557	0.037416395047156	0.0319743590278277	0.0328571914634276	0.0250834613168981	0.0208479240549462	0.0266957488237407
72039	80-84	2	0.0665942670962464	0.0457392896730756	0.0583993188115672	0.0526765858417459	0.0515209647330293	0.0468314954131949	0.0432440278559287	0.0322927428847434	0.040040168079256
72039	85+	2	0.128764094547325	0.130798409566669	0.120587550300525	0.124502590499089	0.120127353055938	0.0936886548472322	0.115078621701934	0.102371137702574	0.101834890530713
72041	0-4	2	0.00218793888197493	0.00223443403839234	0.00164653870072371	0.00190225565953333	0.00148084626401441	0.00161400786169088	0.00116518314332061	0.00115430427759992	0.00107093877518114
72041	5-9	2	0.000114099790224453	0.000116278027653157	0.000118970277589312	0.00011601313749615	9.59762628155108e-05	8.54748880681664e-05	8.25273727114488e-05	7.05182765638404e-05	7.17586361530011e-05
72041	10-14	2	0.000145581914878999	0.000134429014436627	0.000137499120847775	0.000140834087542322	0.00011664923588983	0.000103839606773259	0.000100288448447939	8.60240088526369e-05	8.74679752180455e-05
72041	15-19	2	0.000426576231245266	0.000454547102996489	0.000405917935707278	0.000467145716337109	0.000363327850040342	0.000343710053808543	0.000292503611492572	0.000281747459779788	0.000303060431884354
72041	20-24	2	0.000838446051397736	0.000877863588039895	0.000724144566884358	0.000756322081019456	0.000642276188791605	0.000697615351734697	0.000576044309576084	0.000490501170952835	0.000481768400269189
72041	25-29	2	0.00103731325551458	0.000829249547274775	0.000964436205387579	0.000907559204549343	0.000749748597969744	0.000735293635128916	0.000704091389658544	0.000627593428010769	0.000583938577306718
72041	30-34	2	0.00130261330153527	0.00121594455247135	0.00133582998422005	0.00143596346910389	0.000903746197355884	0.00092767011717039	0.000902879534527595	0.000729955753476594	0.000840581530205269
72041	35-39	2	0.00144361213051725	0.00138091986704418	0.0013733150591096	0.00154999322764816	0.0011304469482168	0.00106427485805681	0.000904778119594845	0.000953684534020969	0.000950949978448837
72041	40-44	2	0.0020582363932702	0.00165419335034093	0.00180274125884277	0.00178816367075848	0.00139004441647759	0.00137794987657245	0.00144543532322103	0.0012297636301696	0.00136185039930018
72041	45-49	2	0.00291864861970341	0.00227342275066375	0.00220070002797917	0.00252804091599472	0.0019249984107292	0.00197958411662187	0.00159451920935686	0.0021170209770226	0.00174181075603189
72041	50-54	2	0.00405728940649521	0.00419251773321133	0.00307392008130462	0.00332999202818009	0.00300929742462463	0.00292500485302727	0.00242956102230037	0.00220578711308273	0.00297420417980676
72041	55-59	2	0.00495636922475954	0.00527340103485812	0.00473532594527416	0.0060496592819336	0.00427078076745885	0.00344233733524941	0.00386889548535747	0.0034119733277555	0.00316797688405554
72041	60-64	2	0.009436615917187	0.00875316578823832	0.00799107078676586	0.00672857631702722	0.00750366522621115	0.00667328278931621	0.00458626736120493	0.00418706780269011	0.00526946087267528
72041	65-69	2	0.0145370956040192	0.0158169757414028	0.0156002578146424	0.0111202860003376	0.010135547000351	0.0102740812903322	0.00959773562301377	0.0084233553636034	0.00710195889265586
72041	70-74	2	0.0199308540565558	0.0209172254188356	0.0236352672491409	0.0189019937170742	0.0182180258887394	0.0149089186468213	0.0141071941895359	0.0127509019775398	0.0126201420462255
72041	75-79	2	0.0330660608679258	0.0455272191439071	0.0369179007862784	0.0314539995782532	0.0265706962245409	0.0247135147169293	0.0292301274306492	0.0213429837289028	0.0233335751525157
72041	80-84	2	0.0657121301016921	0.05541068541689	0.0746991938637018	0.0561216404570648	0.0537456780869184	0.0538039755808785	0.044828602742384	0.0394874231807689	0.0389355821101405
72041	85+	2	0.122896133208047	0.133823599746983	0.1155046434113	0.129466566066387	0.117608460064019	0.115120579571995	0.113565737846604	0.104866025006744	0.11114573171303
72043	0-4	2	0.00292474042297907	0.0023274693446221	0.00208680418400527	0.00263031479116684	0.00144955223991558	0.00142879920159039	0.00132811730491259	0.000972948798099767	0.00117879913408355
72043	5-9	2	0.000145051636010471	0.000128263553404024	0.000138300202991954	0.000128642055550354	0.000111930880791827	0.00010425457151444	8.66286806142417e-05	7.79469455469768e-05	7.91949291642564e-05
72043	10-14	2	0.000184730204057624	0.000155811976804493	0.000144915351526276	0.000148619301195459	0.000122988790942713	0.000120027535491441	0.000110840701904514	9.53381157369757e-05	0.000101641083040951
72043	15-19	2	0.000506076132871469	0.000454044973202211	0.00055135339943176	0.000477756676424524	0.000443636481032734	0.000362926176222773	0.000338678919170425	0.000311908553855757	0.000320034050886111
72043	20-24	2	0.000918152137603636	0.00093651171297164	0.000777413036318671	0.000752883032226309	0.000719153628330127	0.000772227422173448	0.000587347690146565	0.000571011758334723	0.000610713141080226
72043	25-29	2	0.00122309184187621	0.00121359031495379	0.00108614361974021	0.00105805618173987	0.000869385250730793	0.000777137765866053	0.000876704927554425	0.000799268245110851	0.000751689556334799
72043	30-34	2	0.00124634216644314	0.00133659516622575	0.00124629876794328	0.00126149045852792	0.000970171213530477	0.00101916387267822	0.000839063768353278	0.000882614228795587	0.00087810890741209
72043	35-39	2	0.00193902520973172	0.00189310271362178	0.00161624276278518	0.00170491841607091	0.00161035339057316	0.00127145157292416	0.00115797863747384	0.00108681244548001	0.00116322140487012
72043	40-44	2	0.0020031090151499	0.00212907860433534	0.00226186981724129	0.00188230497041898	0.00166443807834012	0.00162066269985357	0.00140042350672882	0.00150139166226108	0.00164873767614897
72043	45-49	2	0.00298948011458095	0.00270004732064458	0.00287090784666225	0.00310307614681511	0.00219360404231378	0.00233177652034327	0.00171187788114617	0.0019674247291844	0.00178006840175926
72043	50-54	2	0.00530115228971036	0.00526111603623011	0.00430692622097549	0.00420557195954042	0.0037627492859869	0.00301698789071867	0.00288485862859689	0.00290068513511249	0.00230890037238456
72043	55-59	2	0.00671504642890793	0.00835794416192368	0.00633964738753438	0.00615444454608884	0.0054100696607407	0.00436891867987064	0.00410507503109936	0.00415745251100294	0.00395283390082313
72043	60-64	2	0.00935689406401805	0.00947638220525314	0.00950176527626733	0.00990923438482409	0.00833170007160035	0.00722199375168692	0.00673045527635896	0.00623462537906014	0.00609567071918008
72043	65-69	2	0.0133635796530381	0.0163523692565442	0.0140530735831977	0.0152874429990635	0.0103783090332948	0.0113407823637924	0.0111870496548723	0.00739080522658334	0.00861135279098062
72043	70-74	2	0.0271322060747654	0.025128828514949	0.0215950979467249	0.0247415168735828	0.0209340451076424	0.0165541268619482	0.0161773546520444	0.0144171500608181	0.0119796910056604
72043	75-79	2	0.0391341910806127	0.039149931639443	0.0388327984008574	0.039477843935543	0.0333685804099187	0.0308521625427501	0.0338362356517421	0.0231097885037018	0.0233655447970844
72043	80-84	2	0.0562401780321879	0.0657508387295393	0.0596754341910147	0.0633481877449699	0.0566440367759213	0.0525691588567995	0.0475830349395764	0.0420173068487537	0.0395457508255986
72043	85+	2	0.131109508624049	0.136764827256601	0.123058195673322	0.128336465248962	0.131435730088905	0.118317351903661	0.103131511328639	0.10304677520763	0.085560508147767
72045	0-4	2	0.00287109125228135	0.00213008161672027	0.0023661963644113	0.00209999527453461	0.00166468336723122	0.00182968002304963	0.00128069850528841	0.00091504967922984	0.00111217518591221
72045	5-9	2	0.000134789522840451	0.000130876968962952	0.000134542950301365	0.000125338742993369	0.000103491101032402	9.62931190284423e-05	8.78273554505017e-05	7.86834678601556e-05	7.99125641692312e-05
72045	10-14	2	0.000172295479667652	0.000151827167711478	0.000148502167197226	0.000152717533660933	0.000132709588380756	0.000117470391066614	0.000119002203192278	0.000101551256703828	9.77877331252128e-05
72045	15-19	2	0.000545755584454683	0.000565168951919923	0.000484656500321322	0.000473034068047311	0.000396039441326481	0.000371051418881565	0.00035866595387554	0.000309767924441555	0.000315842016632502
72045	20-24	2	0.000955337570536363	0.00102002467618288	0.0010531856100458	0.000880061819838832	0.000707961546951401	0.00069272991961982	0.000635334450563897	0.000584048244256943	0.00056847577029716
72045	25-29	2	0.00104760030856519	0.00104247912017508	0.00106365311565346	0.00111497366230401	0.000994325612403337	0.00084348295948157	0.000755543334365779	0.000830223595990789	0.00073824954198799
72045	30-34	2	0.00129044754085891	0.00133287759880148	0.00135170459983341	0.001294105128991	0.00116444138680072	0.00100781939131858	0.00104843355291911	0.000851727513803034	0.000823586400180766
72045	35-39	2	0.00183672934737276	0.00153026227837553	0.00152298565963264	0.00158430864528954	0.00146865727206915	0.00136569706843234	0.00123596519289617	0.00106905488839248	0.00104863093916426
72045	40-44	2	0.0022621682282334	0.00248791640250297	0.00302898859092164	0.00191075637605274	0.00219819864245866	0.00180992079447103	0.00146234836556983	0.00135977301657259	0.0013510072642626
72045	45-49	2	0.00272789881521214	0.00278809028726805	0.002342568861787	0.00239601885326357	0.0024964434187973	0.00221008065369744	0.00171766265448459	0.00192099415518196	0.00233919231406553
72045	50-54	2	0.00436513174587445	0.00501099836174105	0.00435756305005391	0.00483238095739095	0.00342740729461776	0.00303183140847912	0.00292750988085096	0.00258125166028784	0.00351105462814383
72045	55-59	2	0.00627425861734041	0.00598386939505748	0.0060602788500748	0.00531261488053176	0.00493510129781686	0.00430036081412665	0.00461255693441001	0.00387310717582541	0.00373315007558063
72045	60-64	2	0.0100690582400064	0.0103220080578373	0.0098461267086477	0.0111588276352517	0.00886853144642002	0.00648799222153537	0.00564667949117836	0.00547894977703846	0.00540877071815744
72045	65-69	2	0.0127233223133985	0.017792006311454	0.0115089988004113	0.0156003023430954	0.0129182791467412	0.0118066263052572	0.0101149000581269	0.00708313563858414	0.00841543060348394
72045	70-74	2	0.0225778213390482	0.0215628311805035	0.0271091573512853	0.0268788619666721	0.0201898343640981	0.0166955983608497	0.014266834230084	0.0138690730480764	0.0119045656176471
72045	75-79	2	0.0366554054518714	0.0347497396724062	0.037603780022545	0.0458585482998467	0.034726048022089	0.0291489032379955	0.0291410382407691	0.0248002752157015	0.0236205220246349
72045	80-84	2	0.0560056383118097	0.0646552551081666	0.0673591942348571	0.0588148466610798	0.0617559769908479	0.0582107486133993	0.0465044690169415	0.0398567836923041	0.0525650968990744
72045	85+	2	0.141723334310971	0.14810231671803	0.113802257419148	0.141372779643059	0.114465572824639	0.123781236266434	0.101605155044049	0.0947449260584065	0.0825558966874689
72047	0-4	2	0.00255785827752802	0.00168319176234069	0.00192532817760226	0.00166989371774514	0.00189388845912493	0.0013406710831293	0.00120562133553899	0.00112063668951571	0.00124162636778272
72047	5-9	2	0.000142515570977905	0.00013093180354438	0.00013459182262979	0.000118945003957029	0.000103587148489891	9.2358606582317e-05	8.46922582137582e-05	7.60481537562892e-05	7.73094797378833e-05
72047	10-14	2	0.00014874000883763	0.000151276967059895	0.000148210624043774	0.000151596938757691	0.000119721236575358	0.000124000552799601	0.000108396374129118	9.28436616014801e-05	9.41636956194796e-05
72047	15-19	2	0.000477409693369717	0.000469409332420361	0.000441243984700965	0.000407366263214138	0.000375914591490087	0.000389317006384811	0.000330780526567996	0.000289209280692563	0.000325159824220659
72047	20-24	2	0.000861045323161425	0.000872324678691365	0.00085280296806362	0.000892529871887751	0.000645868095835651	0.00064531072615115	0.000623924307134903	0.000577024744579027	0.000616013435663269
72047	25-29	2	0.00114756806009736	0.00104485853614477	0.00132041308519343	0.00101136562060923	0.000903996615974519	0.000806035883298661	0.000735857553617155	0.000846532007094745	0.000723643057436437
72047	30-34	2	0.00124095873266049	0.0014164940186543	0.00127032508275999	0.00110475859349346	0.00111441534104652	0.000871294714673758	0.00110847378533809	0.00086573480724501	0.000807417548001879
72047	35-39	2	0.00190347050995372	0.00165609916514952	0.00162398679875165	0.00181067232026555	0.00148491272427084	0.00118006373459578	0.00129095416213854	0.00109520861911107	0.00109301683536711
72047	40-44	2	0.00182006870295288	0.00207023437114798	0.0018018266160577	0.00158742991731095	0.00145737359411776	0.00149596151349652	0.00172290465999903	0.00129061946239908	0.0015983070253559
72047	45-49	2	0.0030709006553879	0.00332662523901438	0.00305275951656436	0.0028654532688925	0.00200144725156281	0.0027079745867087	0.00185774546448572	0.00210385009667004	0.00174156683009133
72047	50-54	2	0.00374418186255103	0.00387500660018839	0.00377940474919581	0.00317520003798037	0.00325681984796277	0.0038462727157686	0.00281427104795421	0.00244755084208164	0.00279730532965969
72047	55-59	2	0.00580552262553561	0.00608594758898267	0.00572051979138814	0.00433748431427209	0.00536399820038498	0.00424065595865541	0.0035144094285557	0.00439407944366179	0.00388733567731684
72047	60-64	2	0.00827292833948921	0.00857343700955816	0.00806027609816281	0.00900874922707294	0.0074198246042491	0.00655254166273566	0.00580049972908887	0.00684794154509436	0.00461068406465534
72047	65-69	2	0.0148151176839135	0.0166143091397566	0.0166024962783214	0.0136378120626927	0.0118088713953607	0.0121550157644988	0.00963173685421948	0.00975667395383263	0.00910519077203327
72047	70-74	2	0.0238873486571434	0.0237958906377226	0.0216815887760366	0.0197797687851628	0.0160950705806714	0.0188544089310373	0.0140652653335055	0.0113579030954598	0.0117161857385232
72047	75-79	2	0.0417500338707924	0.0458188224981991	0.0397767198519344	0.0334086382221562	0.0294987572526463	0.0285326818551251	0.0262996434880259	0.0265288620613796	0.0195161399117183
72047	80-84	2	0.0712604083758209	0.0669003166703183	0.0671519447120175	0.0678026761559279	0.0494062344147293	0.0574961380567013	0.0437429775845521	0.0413726626070945	0.0393990980019211
72047	85+	2	0.162066971230372	0.137025459273572	0.144794205220972	0.136572601634241	0.105690047706947	0.111014977681963	0.127294786843842	0.102568330448728	0.0946300996211058
72049	0-4	2	0.00216841655992639	0.00197681357356653	0.00177789427059365	0.00151853987516505	0.00136523002356418	0.00157100645342527	0.00158399104856986	0.000980911908680759	0.00118654495205042
72049	5-9	2	0.00012822221408361	0.000118154083818449	0.000115329456229013	0.000112246958205826	9.6881641419478e-05	9.00301000751274e-05	8.21156295505532e-05	7.31997917152958e-05	7.41879451756727e-05
72049	10-14	2	0.000149614794395982	0.000145135421749439	0.000141650055586303	0.000137920750655575	0.000125403513558833	0.000110588478049996	0.000100852904059398	8.99534683548072e-05	9.11422657152916e-05
72049	15-19	2	0.000496667761832233	0.000482086803624955	0.00047066123501826	0.000458339798307305	0.000395812253020557	0.00036754238273782	0.000335376384936602	0.000299399570420091	0.000303793117527938
72049	20-24	2	0.000972198797498464	0.000899981784625366	0.000879922769757406	0.000900958527001047	0.00073915015217525	0.000724213767949848	0.000626660317034443	0.000558663384020695	0.000566836921098875
72049	25-29	2	0.00115766927782961	0.00112136912285654	0.00109381338646774	0.00106552117050544	0.000922400945826033	0.000859040937840555	0.000786035256965841	0.00069933179984196	0.000708236826050303
72049	30-34	2	0.00138651385480992	0.00134337717291251	0.00137966349707845	0.00127795874139792	0.00110467807828832	0.00102516315356113	0.00093567737841957	0.00093131762194945	0.000848122859026948
72049	35-39	2	0.00173185587073365	0.00166947973946556	0.00162308372923366	0.00166060359564836	0.00136570715832719	0.00127134902028801	0.00116270538968571	0.00103963172161179	0.00105815954308456
72049	40-44	2	0.00215193907684961	0.00218808888815647	0.00212434713395163	0.00195492158241119	0.00168966528801088	0.00165634344767096	0.00167097936310322	0.00134814736685731	0.00144146730479614
72049	45-49	2	0.00287995390505237	0.00277492093422916	0.00282864769778105	0.00260403079592068	0.00249205753004204	0.0022156063560174	0.0019313697215081	0.00171638277423385	0.00192325603370779
72049	50-54	2	0.00481671233202127	0.00401589058922354	0.00409372296612988	0.00393015504321509	0.003388824635698	0.00299835337969298	0.00288216651640653	0.00246552547259946	0.0024814688739641
72049	55-59	2	0.00590752429721059	0.00597983256294146	0.00609006763175004	0.00561490244470173	0.00506509601133883	0.00490262550078365	0.00407504111951651	0.00366105359497358	0.0035412603291095
72049	60-64	2	0.0093845854184605	0.00933400523022272	0.00814759769260835	0.00789598682681518	0.00754036911207925	0.00637515265975468	0.00688948560345281	0.00552062903498778	0.00535834188364642
72049	65-69	2	0.0132924878222316	0.0133249344698584	0.0122676044132177	0.0124405791276742	0.0108226676103875	0.0100644167161175	0.00908371338127204	0.00731750320116756	0.00862944712993452
72049	70-74	2	0.0219601855709328	0.0195828543574355	0.0217121326338203	0.0200959698135918	0.0150324529194876	0.01485821693806	0.016220589663288	0.0113361010798327	0.0132888368771853
72049	75-79	2	0.0332160330022747	0.0309289016389088	0.0352324591883277	0.030752882667878	0.0267096748077092	0.0227461176174071	0.0224781408314521	0.0207118409070702	0.0222189552752543
72049	80-84	2	0.0519285117005657	0.0571453046054487	0.0475939326011697	0.0451928652352041	0.0467617772828057	0.0412564946609002	0.0383471946445259	0.0376875129309325	0.0394193453663909
72049	85+	2	0.112815675641407	0.114268150627398	0.111945680718698	0.12897606561515	0.096155251494615	0.093105638409219	0.0842173115127382	0.0759302098094803	0.0851154013657194
72051	0-4	2	0.00242812849803258	0.00225357104142376	0.00232041622900344	0.00209124803835728	0.00138113277458796	0.00135950699762056	0.00104400641952756	0.00130662477313692	0.00106333461495217
72051	5-9	2	0.000152466387917001	0.000134458319485212	0.000118888674125706	0.000128199346051982	0.000100553545425635	9.34565712656352e-05	9.44274374822745e-05	8.09373525002233e-05	7.82260239345357e-05
72051	10-14	2	0.000159564778591539	0.000162344562787395	0.000150962781966842	0.00014806653274381	0.00013539369018933	0.000119752430167404	0.0001040144773668	0.000103486172772766	9.52932831073456e-05
72051	15-19	2	0.000455867071774022	0.0004857058437478	0.000474981152452206	0.000529990294908425	0.000391473667268498	0.00034978678561077	0.000388069219281839	0.000305992623733247	0.000327735612859523
72051	20-24	2	0.000839080461251882	0.000884043424022856	0.000889370603092263	0.000852053445809308	0.000754073037560002	0.000701670294787274	0.000594207519949304	0.000565482832063653	0.000568216035405171
72051	25-29	2	0.00117669719296175	0.00118049101083591	0.0012365113143858	0.000992589026581363	0.000919620116086882	0.000901817205323866	0.000834775243853724	0.000738528830376114	0.000736605267604146
72051	30-34	2	0.001279832796194	0.00133413627026273	0.0015593191456802	0.00170367090741867	0.00105644981866228	0.00101361206519751	0.000945975207432006	0.000811571277877845	0.000899100839106576
72051	35-39	2	0.00144458608249694	0.00170187664479663	0.00142044633101215	0.00159829125696285	0.00122280290346272	0.00129998716946368	0.000996386469435031	0.00109729856599075	0.00108933601291539
72051	40-44	2	0.00227061583471375	0.00168783446382578	0.00193891534196047	0.00196180742490547	0.00186030784566562	0.00150396069346631	0.00162822300464629	0.00126377341583216	0.00126262743093418
72051	45-49	2	0.00274847205393888	0.00254263673092066	0.00256788678961916	0.00336587422770467	0.00198908559961871	0.00211559077108368	0.0020547826320651	0.00159412622708045	0.00179465464557361
72051	50-54	2	0.00413021055769565	0.00364951039360411	0.0035740060966407	0.00415269522433604	0.00337488531443063	0.00389028452819206	0.0027336210244888	0.00299447505359891	0.0018943178748553
72051	55-59	2	0.00688889709787803	0.00615417747736548	0.00520528964087816	0.00502233108441495	0.00500105898323734	0.00537668163450696	0.00504535630522643	0.00422904142659855	0.00408740872483044
72051	60-64	2	0.00818089178221299	0.0115138990693266	0.00947394865120209	0.00892192035014198	0.00809499975487936	0.00640174552105582	0.00541182076822926	0.00587954583282359	0.00695538385251912
72051	65-69	2	0.0146602365358293	0.013394806677134	0.0117589697986761	0.0128741850427983	0.0121234175731418	0.0115497697592532	0.0103101898382132	0.00803043471843844	0.00901301385079304
72051	70-74	2	0.0226990775774748	0.0243396316390964	0.0207644170368093	0.0224451932897309	0.0223787379689763	0.018214701655487	0.014532858541153	0.0145345162350006	0.0123560171338586
72051	75-79	2	0.0340361173695627	0.0366236742541304	0.0423658460997137	0.0346581556226221	0.0363282025478513	0.0281079185130733	0.0248996478750898	0.0216425120944829	0.0197925927875434
72051	80-84	2	0.0667767338559895	0.0685903696236385	0.0617861013647972	0.0622715047748976	0.0651897154835788	0.0581441538886199	0.0454166117888178	0.0386560432833069	0.0360973790631325
72051	85+	2	0.144806944788409	0.153284982890183	0.121440038666215	0.123246590666932	0.120403184052494	0.117181502283526	0.11127150577776	0.117596490009385	0.103965979974421
72053	0-4	2	0.00232180970912232	0.00344468204607348	0.00259854425837918	0.00239232777402695	0.00160999257335829	0.00187479216152686	0.00133372625113193	0.00132762356423301	0.00156810680280406
72053	5-9	2	0.000166206220774782	0.000147627616238008	0.00014461648216412	0.000147265218265587	0.000122125154636819	0.000109222139797871	0.000117059313843935	9.49817037330771e-05	9.66630758817004e-05
72053	10-14	2	0.000173669385205456	0.000169698644686847	0.000166461402555512	0.000187682039289518	0.000141588497951729	0.000146533161820393	0.000122261365808266	0.00011595174764203	0.000111899459167148
72053	15-19	2	0.000509475279552829	0.000511076812095125	0.000569149111100985	0.000545043366783132	0.00051069089196068	0.000478598458439999	0.000371598931565135	0.000359632866445821	0.000370267426208014
72053	20-24	2	0.00103397158785111	0.00112914423914563	0.000905751677384129	0.00107857068163347	0.000871507813508071	0.000720251576879266	0.000699625666550057	0.000614769905819703	0.000609605448454736
72053	25-29	2	0.00120314462379693	0.00146284019557561	0.0015824414662419	0.00102944585576448	0.000967239330081841	0.00107258242131349	0.000905259827457031	0.00106528749415805	0.000907039125877304
72053	30-34	2	0.00170635283751657	0.00173825982019648	0.00151706333543236	0.00147457821579864	0.00120931081181794	0.00098987246969662	0.00112080724710897	0.000865312465527508	0.000864967485666724
72053	35-39	2	0.00204773951078824	0.0019386762172561	0.00207350561349314	0.00210440331660763	0.00182536531631798	0.00147496361668848	0.0013135855574603	0.00123108392181367	0.00132250159362039
72053	40-44	2	0.00235467794244271	0.00225472245168231	0.00258667512958661	0.00231764541273561	0.00193024325851664	0.00224137184084092	0.00165390221681735	0.0015852846555336	0.00175235449970105
72053	45-49	2	0.00393750332777685	0.00333893272968937	0.00363005938796175	0.00351657127129575	0.00284048808236223	0.00248978376754	0.00340344312845511	0.00278716355884577	0.00224576696789252
72053	50-54	2	0.00476619216043603	0.00398785386524471	0.00462291465915426	0.00426695574878325	0.00390322622500269	0.00434816030899855	0.00399490308214917	0.00304168700207785	0.00335673426848171
72053	55-59	2	0.0071212825077849	0.00662654133244414	0.00581358282666122	0.00577362532076907	0.00741244164813777	0.00586849300378611	0.00603104106179473	0.00542753387901701	0.00545221374443386
72053	60-64	2	0.0110410681989307	0.0119847022523239	0.010412232768754	0.0123149317324966	0.00951360940764618	0.00771843232746813	0.00815821330565892	0.00758363492726711	0.00624509051270643
72053	65-69	2	0.0145343501550599	0.0178555699268751	0.0151512054312208	0.0131694086806899	0.01366719838404	0.0154648646749915	0.0115722335996248	0.0109494062283969	0.0103207454950825
72053	70-74	2	0.0366041745405667	0.0289876543243318	0.0291681326466029	0.0236343624412812	0.022266513929493	0.0226564539256587	0.0171590674177288	0.013905499423125	0.0133315177904359
72053	75-79	2	0.0426469860278034	0.0359976245355014	0.0356594962742396	0.035462433496052	0.0341822268817029	0.031028614676259	0.033888483298335	0.026674023354304	0.0252768203956955
72053	80-84	2	0.0677361419524551	0.0779465528374767	0.0699870914503947	0.0744821238085605	0.0596445927306142	0.0545436309691211	0.0514437108664922	0.0409827396279352	0.0445162694642297
72053	85+	2	0.176462072054004	0.162954409266713	0.128774589829577	0.141747124758578	0.135630180284783	0.11656364855534	0.117705101310794	0.112943749203807	0.102540893201308
72054	0-4	2	0.00284279857015375	0.00241352196181446	0.0021692729116742	0.00188112566791318	0.00148829846946237	0.0013741682832273	0.00147254148035457	0.00150780912693453	0.00133531150149153
72054	5-9	2	0.000134366138047386	0.000144839979310771	0.000134068699305733	0.000123482363619061	0.000106601319508566	9.9317316551428e-05	9.04912816031222e-05	8.11182579106797e-05	8.21735335740127e-05
72054	10-14	2	0.000173219300636987	0.000159869810421911	0.000163968779526169	0.000159233364805655	0.000130670497388615	0.000121554143466604	0.000110744017761207	9.9310940675207e-05	0.000100729576889436
72054	15-19	2	0.000532188573415372	0.000597723637533358	0.000501663251495714	0.000537657322770028	0.000422310917137383	0.000432903496340977	0.000357554357200172	0.000395149178012008	0.000328538818693627
72054	20-24	2	0.000964824198548133	0.000934518144192133	0.00099517426255269	0.000870989778655464	0.000830027996400408	0.000744896497839689	0.000649106779071144	0.000586579759048836	0.000627214360714248
72054	25-29	2	0.00119178998559616	0.00116268091158016	0.00129494238974095	0.00123037900220348	0.00102223283134071	0.000964138828251771	0.000815505897383636	0.000733452614530675	0.000778947343914985
72054	30-34	2	0.00148186579525062	0.00149780812668361	0.00131419171037068	0.0013124673534156	0.00114232514879658	0.00112089972839781	0.000993424767603247	0.000969020147139573	0.000973645431951953
72054	35-39	2	0.00192098984084463	0.00183092727748069	0.00183173984550859	0.00160029853960524	0.00152215540412465	0.00130852923061204	0.00114686114903324	0.00110316264304938	0.00125599151181966
72054	40-44	2	0.00227276612909177	0.00214509022103651	0.00213832623659031	0.00213847223905407	0.00169970544081057	0.00203995975542584	0.0015179241842431	0.00151345122956873	0.0014751490571791
72054	45-49	2	0.00325610369232196	0.00294306142065528	0.00328202814625097	0.00293229966317761	0.00244528059495844	0.00221908242708166	0.00195404474414612	0.00177656614825679	0.00188375855180302
72054	50-54	2	0.00408930217068084	0.00446533601107643	0.00413821485196946	0.00450681527095064	0.00358801940087334	0.00337951806618518	0.00289239914256176	0.00270415319812266	0.00241181454475287
72054	55-59	2	0.0064336167973412	0.0079749856900229	0.00730701424066741	0.00551415002271493	0.00456051987238016	0.00618801145339616	0.00417432477652693	0.00370202098523744	0.00469995403250609
72054	60-64	2	0.0110004587703016	0.0108120638769696	0.00871274673555213	0.00926270455540975	0.0075745784668496	0.00854097374618414	0.00610306894612746	0.00540169017701809	0.0062327070726235
72054	65-69	2	0.0153122048605466	0.0173891984187626	0.0181085394345729	0.01407989446664	0.0124343342893238	0.00848278833641253	0.00827380789704342	0.0086521780311394	0.00750936903905304
72054	70-74	2	0.0269606946763259	0.0305392975211369	0.028933411901672	0.0294095959625527	0.0219217754449222	0.0191340052360839	0.0135232936291873	0.0131411638169414	0.0132610504074036
72054	75-79	2	0.0408639730303797	0.0420330304514062	0.0442556600707516	0.0461824808716887	0.0300594755960847	0.0369154483118283	0.0311110754289402	0.0267886064608772	0.0161934142683812
72054	80-84	2	0.0568173051660194	0.0845082046900424	0.083885982510352	0.0671920480469159	0.064557380953886	0.0566302201241186	0.0453287524657528	0.04437212035374	0.0406538833488389
72054	85+	2	0.143281598575417	0.162151437295826	0.13187384178317	0.119910763587358	0.126821169130501	0.120090348740189	0.13024000362613	0.0975038007318152	0.100627598503523
72055	0-4	2	0.00280678035108089	0.00252315536738401	0.00265311889393707	0.00280731567843039	0.00224824650987027	0.00176381313819493	0.00197260411760058	0.00146885282718509	0.00146371622655397
72055	5-9	2	0.000183761126253692	0.000162368865095605	0.000158892783583845	0.000147451119745626	0.00012797289400499	0.000113557316952054	0.000104050876226523	9.34842907777975e-05	9.49515615819738e-05
72055	10-14	2	0.000192568963275074	0.000196525462722949	0.000174054692234226	0.000179238013120014	0.000156027817365985	0.000138522420194159	0.000133899878195604	0.000114515401596763	0.000116301568703524
72055	15-19	2	0.000743280803946672	0.000656826340226798	0.000559393699555835	0.000574208259706188	0.000507905240127761	0.000457159494730417	0.000444380279133686	0.000388947261312443	0.000378999911660888
72055	20-24	2	0.00109937657414429	0.000978371849317773	0.00107972669742753	0.00112712579669988	0.000801420698113148	0.000770655598155648	0.000723708691760905	0.000667325515003989	0.000690610985281716
72055	25-29	2	0.00126354756386444	0.00129863019456885	0.00126898744763468	0.00117150662979528	0.00122703621941474	0.000981465043608126	0.000940132366328806	0.000877442971961683	0.000858133741595501
72055	30-34	2	0.0015824468903407	0.0017842343700427	0.00155806297953385	0.00177469763075867	0.00127982184538988	0.00120484978343509	0.00134815153674566	0.00103547703631928	0.00118268195358076
72055	35-39	2	0.00198194168518221	0.00216539264773104	0.00204374969613097	0.00208881560895901	0.00153607102797724	0.00165865915308149	0.00149777525160473	0.00117367869195066	0.00142442381977616
72055	40-44	2	0.00267421245211213	0.00246402708736252	0.00263268247590997	0.00235810720578832	0.00230982846627714	0.00213316094081756	0.00217982397727825	0.00174955145211146	0.00166328715416399
72055	45-49	2	0.00327542633154755	0.00314875211269971	0.00306981213714921	0.00292380119907926	0.00301409238180339	0.00266463768352567	0.00242927461779149	0.00247234765773902	0.00237820680139043
72055	50-54	2	0.00487921631784653	0.00539577865693311	0.00477067132105574	0.00550328901937065	0.00433470302919016	0.00338149238809927	0.00315688750259911	0.00314549682069699	0.00349889766460851
72055	55-59	2	0.00746059763152325	0.0070071641621212	0.00526173811902138	0.00726964866396713	0.00659982855505402	0.00557778699904113	0.0053495558611924	0.00618439120041497	0.00497153052739518
72055	60-64	2	0.0112812291194344	0.0134786851871328	0.0126169895159033	0.0114606094988363	0.0101322350006852	0.00752213306823202	0.00988857522240279	0.00656544743015153	0.00753242369114187
72055	65-69	2	0.0200615370984836	0.0222185886631291	0.0162417658750477	0.0182121291169786	0.0138861871008684	0.0136105304461743	0.0105511853317538	0.0101457377941002	0.00820316014491673
72055	70-74	2	0.0294338267053527	0.0304841437447648	0.031776915635309	0.0262098269981616	0.0274080219947004	0.0222597865240627	0.0186389875770841	0.0206312965720994	0.0186098066567635
72055	75-79	2	0.0482677822415499	0.0470558698795761	0.046099795460142	0.0381453106300413	0.0408555431500314	0.0395236280930227	0.0342545444837777	0.0304627551718535	0.0300064821934402
72055	80-84	2	0.0658685359142676	0.0639041229908898	0.0691031049388218	0.0852077083396906	0.0594943293808616	0.0544095573763052	0.0533225902101992	0.0483285882449284	0.0504378909145987
72055	85+	2	0.126859913748063	0.161791843092526	0.165868057154957	0.147260670997262	0.139921661067317	0.14122456092498	0.124841048489678	0.140541358868234	0.128240637990466
72057	0-4	2	0.00385387914881703	0.00316564844380879	0.00284341932621058	0.00179044280127396	0.00204448531108128	0.00168916231432219	0.00148842747587638	0.00138001827720823	0.00131070117420073
72057	5-9	2	0.000157302153644633	0.000132908692336505	0.000136774795494522	0.000140640557451789	0.000122924328489173	0.000114861686250636	9.55328051730409e-05	9.0827879675601e-05	8.83700264328489e-05
72057	10-14	2	0.000217504801489845	0.000185378277579843	0.000165479089927819	0.000169811491267801	0.000141568209939377	0.000132403966813654	0.000121960791532618	0.000105174393708111	0.000119351356593346
72057	15-19	2	0.000507354240637433	0.000563979180843317	0.000512793399231901	0.00048304554314992	0.000471999616698546	0.000448575451601205	0.000367198716102006	0.000356588332542865	0.000337041235759358
72057	20-24	2	0.000826050528475945	0.000846719301465824	0.000900386654865619	0.000848558364299976	0.000700406135299318	0.000728367514151287	0.000631320393803025	0.000729960692024367	0.000637819724243932
72057	25-29	2	0.00121635961453368	0.00110165820273153	0.00111551743148551	0.00108877358850231	0.00087490596686599	0.000857568159553778	0.000864435587910749	0.000700056053874501	0.000783746280383321
72057	30-34	2	0.00133877048013723	0.00128966637721539	0.00153721872845231	0.00132974110363749	0.00126000145620441	0.0010787622273443	0.00113630337081821	0.000913017406441777	0.00127569774602788
72057	35-39	2	0.00185709127632395	0.0018643322468194	0.00183315362546259	0.00160426803919342	0.00134918142294031	0.00152506385009189	0.00136726961470081	0.00122786908186842	0.00112021220366022
72057	40-44	2	0.00223578531175102	0.00219905067430288	0.00218065526427315	0.00217180738116626	0.0020042165294647	0.00234699066737534	0.00151285666341557	0.0015092448418363	0.00142046068345842
72057	45-49	2	0.00286825596074536	0.00326551690855228	0.00253958654372327	0.00317070710326986	0.00260778390644883	0.00241781874398386	0.00250205754961082	0.00174783076005864	0.00284219713353085
72057	50-54	2	0.00605513195646495	0.00446735176053247	0.00363163208940597	0.00447032994752747	0.00392225112276673	0.00366205817427427	0.00312280907787286	0.00312616063243754	0.00333751511732236
72057	55-59	2	0.00697068492206444	0.00640607292624192	0.00621426654981039	0.00667007080277003	0.00571626442077716	0.00464960761185154	0.00473138199130137	0.00408096237237869	0.00439194936413274
72057	60-64	2	0.0122561786258739	0.0115497875008615	0.00922696954003429	0.00928128712252104	0.00750467021772424	0.00867807008000943	0.00619527843992194	0.00556496310263111	0.00613900571853496
72057	65-69	2	0.0184997114821748	0.0195292996594686	0.015283975002923	0.0144689422345737	0.0153153374905834	0.0131364670409955	0.0112392228229647	0.0104998530221608	0.00903957178492406
72057	70-74	2	0.0271292114389337	0.0295225405412855	0.0280475600079989	0.0253594771047084	0.0173629266009447	0.0233822535826417	0.0164160685257496	0.0163206082514779	0.0154831041204499
72057	75-79	2	0.0425758683715967	0.04607797024888	0.0413814208362157	0.0343193608696993	0.0344262123845002	0.0261751006726832	0.0307208654174389	0.0251058029983623	0.0311696530114267
72057	80-84	2	0.0751181652337694	0.0724894693690143	0.0692800006072852	0.0762160822476686	0.0650489413273891	0.0712657978293155	0.0516720381432291	0.043886601459027	0.0456630542360734
72057	85+	2	0.154035615418857	0.146659660997886	0.140459315237006	0.145940885771447	0.120656337863826	0.124702589641918	0.120242929141614	0.112470374467861	0.126245787437745
72059	0-4	2	0.00283343499350636	0.00212882800449688	0.00218243154072379	0.00235524083578686	0.00177050765699197	0.00157344053736975	0.0016418236979139	0.00129874750141322	0.00119841494682361
72059	5-9	2	0.000150378549333621	0.000132874031898394	0.000136386527310678	0.000147292058696754	0.000110144714339797	0.000103002031217014	9.40648043347553e-05	8.43527580170531e-05	8.58092988716307e-05
72059	10-14	2	0.00019215718789803	0.000169888528511646	0.000165722110821416	0.00016170569887809	0.000148177822612488	0.000125531813215802	0.000120943223599651	0.00010310660187628	0.00012247579254094
72059	15-19	2	0.000549203176922245	0.000515815769473482	0.000529812616663905	0.000473794183253129	0.000439638981694187	0.000415804009591119	0.000402514921143721	0.000331703704424388	0.000338864795861056
72059	20-24	2	0.000965900701630649	0.00095229484717042	0.000931014628307731	0.000863985065648869	0.00076141234413952	0.000795292069815518	0.00065205947763253	0.000656412682751603	0.000641999780148343
72059	25-29	2	0.00114487662693065	0.00132897458164396	0.00109548735829576	0.0011551866955746	0.000899529172495582	0.00097046467909641	0.00087627053605065	0.000747051737119809	0.000764312296567695
72059	30-34	2	0.0014340838810464	0.00152355663896462	0.00148971041470916	0.00139550849546933	0.00130483217939841	0.00114579755740895	0.00111910830904104	0.000870260818034875	0.000942891767251223
72059	35-39	2	0.00191426530950808	0.00191693887103041	0.00171934676562659	0.00161496485219633	0.00156675424770378	0.00143989238079122	0.00134426323546615	0.00108906431800068	0.00117773264971383
72059	40-44	2	0.0024528193636856	0.00212122981576831	0.00225045342625273	0.00224622353863403	0.00187100275125183	0.00194405037381975	0.00173158366779664	0.00149349312088412	0.00165811792546103
72059	45-49	2	0.00282984744586139	0.00320195397560274	0.00243057010021446	0.0024039494630122	0.00246964582661565	0.00236988811635532	0.00248446348101679	0.00187614140555734	0.00201807144859221
72059	50-54	2	0.00412691214830935	0.00405620025836191	0.00414667513022384	0.00328585336148199	0.0037415971318075	0.00361142193186724	0.00368417350715567	0.00297451669962388	0.00309364287456969
72059	55-59	2	0.00739046657547548	0.0073980978693268	0.00521232608066205	0.00621951103667294	0.00529105160890153	0.00517057112355934	0.00538828072940081	0.0044320758364712	0.00395865493984644
72059	60-64	2	0.00948562337805467	0.0100320641025464	0.0106872392182516	0.0126998332929539	0.00940360353111266	0.00913981182598174	0.00718644184638771	0.00783484938055691	0.00938709303504443
72059	65-69	2	0.0165790528891174	0.0189051654077704	0.0158738041701301	0.0143608706460659	0.0104559631188519	0.0123046007152344	0.0122692054363384	0.0075459559195372	0.010524668409558
72059	70-74	2	0.0251203880826375	0.0365568166969127	0.0329237456459922	0.0305928312385501	0.0249548391244093	0.0210626656511571	0.0195310331121214	0.0171643156515337	0.0196604649909499
72059	75-79	2	0.0495166465230238	0.0454628997990119	0.0385798299047888	0.0349445711939144	0.0362471064148392	0.0377396270119806	0.0324023473765916	0.0235668250215061	0.0211796844286204
72059	80-84	2	0.0637645386261317	0.0723424594373695	0.0763579632411363	0.07042221370686	0.0657195295717049	0.0747316922968557	0.0584960258242505	0.0421965340097888	0.0424326287348839
72059	85+	2	0.146973286192319	0.141029552389654	0.131129028981346	0.117492271605388	0.140728559377008	0.133439814383958	0.104367603561686	0.116182419171953	0.102162401929346
72061	0-4	2	0.00265841173152202	0.00230353104090135	0.00224756752335864	0.00181056978886051	0.00181579457855988	0.00157007484429128	0.00141580246617794	0.00104675101762984	0.00116604638334499
72061	5-9	2	0.000132584622894661	0.000112410545184794	0.000127025104113157	0.000124202768325134	9.93135960051778e-05	9.36478116390148e-05	8.25044425559334e-05	7.4554208621493e-05	7.2417369846171e-05
72061	10-14	2	0.000143677251007197	0.000160546186465554	0.000144787501216283	0.000142510622004564	0.000131736991572327	0.000102625764970898	9.94653888344679e-05	9.01468060716795e-05	8.77825103417052e-05
72061	15-19	2	0.00038401154716644	0.000414068437874338	0.000446747046270957	0.000395538772819477	0.000403042481775376	0.000326821329325575	0.000296612189735642	0.000265654495088741	0.000300736486461171
72061	20-24	2	0.000747308823170643	0.000716963655038568	0.000806397122413308	0.000706010352677951	0.000668172742539472	0.000617936457715481	0.000521791440169927	0.000513966605271456	0.00047246208413339
72061	25-29	2	0.000966048949250211	0.000959581631051225	0.000866824665642792	0.000906175513931275	0.00071157085579618	0.000727067579478741	0.000712273063487003	0.000605992545113756	0.000795014675644667
72061	30-34	2	0.00122732710769071	0.00111567358130843	0.00151299407232075	0.00133742009113865	0.000932528009737483	0.000933663414877889	0.000735599862948432	0.000701651696217406	0.000658874978157741
72061	35-39	2	0.00130606277672695	0.00140027673281941	0.0014006131081858	0.00155552230140504	0.00103780534129552	0.00113246434395013	0.000988007696817591	0.00119841441730137	0.000891543448482861
72061	40-44	2	0.0014227548359801	0.00153663581641366	0.00200850999645001	0.00164520045164856	0.00173418221931334	0.00142279560397952	0.00117970038102153	0.0012366224569977	0.00124272606727538
72061	45-49	2	0.00227668647533882	0.00231184377140916	0.00249097105272197	0.00276819733050178	0.00249005976621964	0.00219411749058526	0.00178413770512195	0.00147147392943499	0.00142469969351656
72061	50-54	2	0.003098465365683	0.00370053890794269	0.00370792354385272	0.00321338253730723	0.00350978220736044	0.00309753850309551	0.00255758567683326	0.00221944931712778	0.00215048822229933
72061	55-59	2	0.0056000725030212	0.0043726229485962	0.00376727063670844	0.00488149554140138	0.00397692769508994	0.00458138172943949	0.00442827690782906	0.00306694353356611	0.0033780172771413
72061	60-64	2	0.00828949253098468	0.00695990143732315	0.00721551527413563	0.00788563217801293	0.00599596669052394	0.00565037391605807	0.00499677956292582	0.0040712550471589	0.00499586023340507
72061	65-69	2	0.013362852321599	0.0106376910223466	0.0129137690502486	0.00978428813190556	0.00912228325579181	0.0101791032856688	0.00808549908991492	0.00794734672831904	0.00764181261785349
72061	70-74	2	0.0234626500020516	0.0191672969081285	0.0217241185643314	0.0187356709755017	0.0163358157569031	0.0140493529144647	0.0135462891610843	0.0114066390118109	0.0122020018330202
72061	75-79	2	0.0364582615370984	0.0338156776989178	0.0344670346003603	0.0296342776144235	0.0280695256028469	0.0226456532848676	0.0235719837894041	0.0195215851822978	0.0196498960656099
72061	80-84	2	0.0695766833558337	0.0625451041846338	0.0526110911129985	0.0553123808524749	0.0484724554210574	0.0483173080530732	0.0411055673816237	0.0342790756008655	0.0326523166811331
72061	85+	2	0.136136168553029	0.151767959332828	0.136442862313095	0.13036252750098	0.117017225899326	0.119276416136873	0.120283854553708	0.107752431910077	0.111457359671856
72063	0-4	2	0.00285748063890734	0.00204192184674188	0.0019320703693817	0.00256334224743104	0.00159312501347736	0.00133872512618891	0.00126042263796029	0.00113528209026567	0.00128073262154888
72063	5-9	2	0.000131591946114691	0.000134225446354682	0.000118407066393967	0.000120601759449832	9.92239202454291e-05	9.22533833052415e-05	8.45876608116183e-05	8.02201022795498e-05	7.77064783399139e-05
72063	10-14	2	0.000159878121713944	0.00014766969372111	0.000167136021797344	0.000147010959642913	0.000127126937965581	0.000117769981860892	0.000107978812498319	9.28132523914661e-05	9.95619237939628e-05
72063	15-19	2	0.000529011667659592	0.000491846200268294	0.000478954479146323	0.000505277578336799	0.000368217186255882	0.000372550797479774	0.000342547105811698	0.000313691965334128	0.000294801768291717
72063	20-24	2	0.000872623631288633	0.000803220377553576	0.000844573731436299	0.000784227150524253	0.000687501908738165	0.000675784567773111	0.00061539271951444	0.000496459795265751	0.000524184964211423
72063	25-29	2	0.000974636982084895	0.00104287937130229	0.0010399855960432	0.00112362805888039	0.000785783973418938	0.000962136089490977	0.00076365446204318	0.000612642215558384	0.000643149678335282
72063	30-34	2	0.00131897557287941	0.00120982740238818	0.00154662371561092	0.0013117426981538	0.00110661746345295	0.000876929238607855	0.00088542946931454	0.00089291366640711	0.000757499504958046
72063	35-39	2	0.00176185696358999	0.00181990704420245	0.00168683356485835	0.00140673667859022	0.00117698074466035	0.0010178842688099	0.00123630910595909	0.00097687887280802	0.00115686526373506
72063	40-44	2	0.00214690867019019	0.00229756801653355	0.00210426156710385	0.00195487204579939	0.00201292137405808	0.00181388414706225	0.00135649143244719	0.00136160897290994	0.00130042508721971
72063	45-49	2	0.00249690615839532	0.00255748069465456	0.00293189771151694	0.00287446707577137	0.00191586823519728	0.00187410669173887	0.00177731091143658	0.00199956259204016	0.00159024033075327
72063	50-54	2	0.00440932597275545	0.00442995503841986	0.00379160013354847	0.00382318185323061	0.00338728661311906	0.0028060935859754	0.00271726142766411	0.00253503261227853	0.00236771292966694
72063	55-59	2	0.00565270414934896	0.0066880625616977	0.00509006936706688	0.00473628890485818	0.00446114696414223	0.00442955196150192	0.00377560136612468	0.00356936281298712	0.0038335129579527
72063	60-64	2	0.00919791120614547	0.0122689779779719	0.00926830057620686	0.0101256440350569	0.00747862698913501	0.00779878374432311	0.00522364077475828	0.00526088327848275	0.00528533399333727
72063	65-69	2	0.016701144899574	0.0172484131484885	0.013261850179298	0.0150288359171429	0.0121698708560429	0.0101840343527626	0.00862913295782663	0.00949424029382572	0.00847714303237857
72063	70-74	2	0.0311212095011185	0.0225297950531744	0.0268199892229208	0.0245831286052795	0.017494770257006	0.0165497812200497	0.0144040649779357	0.0134534228622835	0.0135796743297235
72063	75-79	2	0.0423669763793138	0.0460437951051663	0.0384400185131257	0.0446137218439619	0.0287206242426337	0.0284238915278029	0.0247869697157745	0.0178100132425991	0.0278260719465252
72063	80-84	2	0.0692958404884454	0.0740700179158569	0.0639926861573386	0.0600333742362317	0.0612321072950164	0.0584381574512782	0.051299653636943	0.0390246110474633	0.0340425406601638
72063	85+	2	0.132239379362559	0.108491641830326	0.131601561435079	0.10909881992582	0.12017870361011	0.103805955928372	0.108715894833601	0.101551609014441	0.101800752452364
72065	0-4	2	0.00215988480967664	0.00202359462643781	0.00191105081221119	0.0016730475313888	0.0012856974864154	0.00150236843108866	0.0012070021833392	0.00103024742643301	0.000945631794456407
72065	5-9	2	0.000126080024600094	0.00012269098260334	0.00012587880429115	0.000122698201554195	9.64293409763239e-05	9.45623331005869e-05	8.22682021444783e-05	7.38699084505434e-05	7.50851799587066e-05
72065	10-14	2	0.000177166264206379	0.000141735189030588	0.000138276296363566	0.000156032969226411	0.000129176419028186	0.000114665485605067	0.000100059713055629	9.48448616637905e-05	9.16690279278965e-05
72065	15-19	2	0.000452237022503735	0.000525937009090284	0.000472074782341915	0.000421853261333243	0.000407714442704943	0.0003494449915152	0.000323578216715639	0.000294487581286124	0.000288312424911913
72065	20-24	2	0.000798674344131306	0.000832975738387688	0.000805287724378429	0.000781370671887103	0.000717127190734602	0.000600917663836814	0.000606985223807641	0.000517301135774604	0.000547869965241994
72065	25-29	2	0.0010056600768038	0.00107633128441687	0.00095802923474574	0.0009664041427655	0.000793521372193917	0.000837097319125786	0.000766212055829979	0.000600350892918694	0.000669915815215809
72065	30-34	2	0.00135123623802017	0.00130604589913337	0.00116225485179084	0.00123112165509603	0.000983112735697322	0.000936963575600468	0.0008744925991408	0.000829325616070095	0.000714325960254731
72065	35-39	2	0.00167177894840062	0.00161326080188011	0.00153301396372477	0.0016342708175017	0.00130284873016937	0.00124192881200823	0.00106225458945337	0.000973785650803023	0.000926532165087451
72065	40-44	2	0.00172510475347389	0.00195913580918295	0.00196175012759817	0.00182198222422489	0.00165531459640136	0.00137930720237112	0.00143731498430926	0.0010720884452719	0.0012512168988181
72065	45-49	2	0.00293014148591411	0.0026506374798488	0.0020936625145934	0.00261382542724463	0.00228009773821221	0.00195854940843069	0.00182154904492923	0.00181073700203848	0.00134414875301445
72065	50-54	2	0.00488452241798979	0.00382161765751704	0.00347145205486181	0.00387767541584728	0.00429647316053157	0.00307357861609351	0.00272281842979244	0.00265621434849301	0.00222454581973195
72065	55-59	2	0.00695087155133173	0.00594469882472757	0.00550696507689924	0.00534049490618959	0.00601140886634003	0.00526304575113104	0.00376098778295903	0.00398319231996144	0.00395862067192162
72065	60-64	2	0.00964177317688663	0.0098403365316454	0.00864661139936295	0.0109781018499196	0.00796861968710947	0.00703063884808746	0.00566485807101815	0.00545877307474563	0.00514326600510934
72065	65-69	2	0.0112141786361594	0.0177579550690453	0.0154523341067905	0.0133331537504957	0.0120172165330061	0.0110110577010286	0.0108478168767501	0.0074669364471982	0.00794288948370923
72065	70-74	2	0.0251513932638201	0.0264186407402956	0.0268747790374	0.0338804644191327	0.0186183319415247	0.016926076413185	0.0161066301576186	0.0128369937365026	0.0114311254436795
72065	75-79	2	0.035392311452457	0.0313226663569885	0.044686512994638	0.0389495061872387	0.0343225518315445	0.0307640685704898	0.0245913462962161	0.0246164244973952	0.0220565771582811
72065	80-84	2	0.0710991016395903	0.0673235620608544	0.0772192263414506	0.0756452726531111	0.0719095189463637	0.0589357974167856	0.0479799878821569	0.0448989106550237	0.0438315232906578
72065	85+	2	0.148199297396632	0.146646526671833	0.123006495595572	0.126175923307719	0.120213599776964	0.128868877820062	0.111552835297038	0.107969682045465	0.112515840672636
72067	0-4	2	0.00219738724789432	0.00202578993624583	0.00185942644666791	0.00193098970722374	0.00142477834575078	0.00133287428682687	0.00139773424257766	0.00101781065915299	0.00109705261558456
72067	5-9	2	0.00011617521029186	0.000113104220335131	0.000110283145665681	0.000107373740480641	0.000103206109135151	8.65063692237574e-05	7.91951987757705e-05	7.07023694228738e-05	7.1677038425312e-05
72067	10-14	2	0.00014963896319973	0.00014524005292437	0.000148925118251353	0.000131258176478299	0.000113993735530369	0.000105881590249917	9.69240253609387e-05	8.66596226565069e-05	8.78181495052899e-05
72067	15-19	2	0.000496173382531187	0.000530731034565483	0.000427286080395563	0.00043858869680275	0.000366027561292782	0.000341693495198267	0.000329587468834649	0.000281507052742347	0.000286797763067474
72067	20-24	2	0.000849314407155466	0.000864687004957118	0.00080301404636677	0.000854593970387264	0.000653833967199602	0.000620609624789183	0.00057409450353446	0.000541288609165535	0.000521873164405393
72067	25-29	2	0.00119508655816018	0.00112301806824659	0.00099566221200679	0.000953322953240627	0.000837201533046515	0.000792426307194717	0.000749484940009919	0.000678898724146133	0.000682757610630742
72067	30-34	2	0.00120197295001495	0.00123048613146712	0.00115023661840268	0.00127543861754979	0.000988152851099246	0.000930403012528435	0.000866022663846966	0.000881465006399776	0.000776754868143387
72067	35-39	2	0.00164787923505928	0.00141686019889324	0.00151473286404553	0.00142871241994298	0.00137454365544046	0.00111679303371358	0.00103395560815946	0.000958236844970422	0.00103346575460973
72067	40-44	2	0.00167650298051027	0.00222570586655168	0.00170842744484368	0.00176317240609308	0.0015663355401802	0.00151785271410409	0.00135082641321193	0.00124428770224492	0.00141755428727856
72067	45-49	2	0.00278986600640403	0.0025994305827266	0.00249427031697941	0.00210943800101925	0.00174796147097807	0.00203537527249877	0.00195955688350133	0.00170144394616638	0.0017560125496989
72067	50-54	2	0.00394040646782674	0.00395286920772445	0.00316895649459241	0.00365583034763997	0.00353266461823852	0.00260254669454793	0.0030084766980476	0.00265387572117723	0.00227505231342103
72067	55-59	2	0.0058134083929214	0.00571380908873117	0.00612447586282097	0.00528757697216414	0.00489835412391484	0.00420931775384543	0.00473323899856193	0.00336614407023473	0.0031016060842689
72067	60-64	2	0.0115349199669744	0.00810601816816472	0.008713125387436	0.00770869420877072	0.00691570190390805	0.00833663174055852	0.00648546360190573	0.0064532853314678	0.00465812690017137
72067	65-69	2	0.0132506200532547	0.0130479824563964	0.0157564052523099	0.0108060935003824	0.0117562370210165	0.0101046954523441	0.00992819632529441	0.00838873216962972	0.00867089824312027
72067	70-74	2	0.0262168918388093	0.0251040017632103	0.0201982323282895	0.0226500023768103	0.0200897303353708	0.0153406800410529	0.0121588872989016	0.0136715575606531	0.0120453700504523
72067	75-79	2	0.0376820667434303	0.0444586995691093	0.0321167117697203	0.032703310615242	0.0266960579147902	0.0248190723105335	0.0282279591543026	0.0208901586105728	0.0217259206477752
72067	80-84	2	0.0439481505918394	0.0531065452598347	0.0559458655840121	0.0617977734920573	0.0537943267028602	0.0492958238934068	0.0488656652463939	0.0349606313357158	0.0329494719907237
72067	85+	2	0.1200751584077	0.106791962952273	0.109510737309293	0.095722530281026	0.0859556291593497	0.100105006245636	0.108606730767106	0.0868641078106361	0.0980632581362014
72069	0-4	2	0.00287087172314535	0.00297278074130737	0.00227504721288717	0.0022287382018406	0.00216603233774098	0.00163275708836556	0.00134647144360477	0.00117329816714308	0.00151879455200716
72069	5-9	2	0.000136705373103689	0.000139066655472003	0.000150012817869754	0.000139877767915026	0.000116804471059266	0.00010433479076245	9.60230292427151e-05	8.25482122499415e-05	8.39735379705256e-05
72069	10-14	2	0.000172855057588121	0.000174439860546945	0.000170963947676011	0.000153197216511084	0.000141342747199231	0.00012616766256544	0.000110670919327841	0.000110866899067537	0.000102132904923609
72069	15-19	2	0.000519501162796041	0.000455261956348532	0.000498319005010552	0.000494337297057501	0.000431992668743894	0.000412466976477926	0.000357253377557572	0.0003494588623514	0.000329593062720239
72069	20-24	2	0.00114878556048776	0.000861885167200362	0.000831600760956121	0.000728797666823408	0.000787691522719033	0.000814539195784913	0.000666086774834733	0.000631184580466742	0.000532569022482324
72069	25-29	2	0.00110228546871081	0.0012623207920847	0.00115969270916414	0.00105621102137865	0.000897270795558091	0.000772176384825053	0.000920693345463711	0.000692393454707411	0.000731618747064213
72069	30-34	2	0.00150971872459098	0.00128006099878753	0.00133021876349424	0.00144347057624073	0.00118528237871181	0.000963441933437048	0.000820549763353068	0.000866036604161437	0.00112323393682133
72069	35-39	2	0.0020409055979047	0.00183610645276244	0.00173667025985049	0.00175721088372044	0.00162262176017756	0.0016167408790583	0.00115038176161597	0.00109010543963044	0.00115101578553916
72069	40-44	2	0.00213990331164455	0.00201637214677731	0.00212123070354181	0.00187624610149756	0.00202097017454576	0.00178148632851799	0.00132481507773388	0.00141812145539055	0.00127237938117819
72069	45-49	2	0.00376326328834426	0.00268042545262367	0.00301380690940339	0.00380110362833793	0.00289110316253673	0.00244753677543883	0.00214394836038219	0.00173165987575858	0.00222879630938271
72069	50-54	2	0.00486043751121957	0.00394347761537306	0.00358042999238397	0.0045357538673521	0.00400852577561316	0.00298370872948324	0.00305428623525379	0.00312915335142349	0.00333913050464599
72069	55-59	2	0.00644146596704774	0.00569433241248029	0.0055080270730706	0.005956713325919	0.00531572783503728	0.00417940792913282	0.00423124655225986	0.004480913866778	0.00450454920894858
72069	60-64	2	0.0109904066885339	0.0114111494560946	0.0115852666570551	0.0104016062169814	0.00793712073048655	0.00717552964066465	0.0068274464480634	0.00617410156774896	0.00538082480910559
72069	65-69	2	0.0180490288873195	0.0157942734034567	0.015541101256176	0.0137604371970584	0.0132045054131484	0.0105469400777667	0.0101755388056191	0.00806438789585435	0.00805141594264477
72069	70-74	2	0.0298790937540834	0.0272447294036541	0.0270334407041785	0.0225085365057752	0.0217908417969698	0.0187188245453798	0.018599134404493	0.0135274282382271	0.015374328409851
72069	75-79	2	0.045930366766838	0.0391215384398579	0.0397591979956055	0.0406865693261932	0.0325743822786497	0.0279317361103803	0.0255098982476416	0.021966672032434	0.021089995898399
72069	80-84	2	0.101655318347821	0.0730467282865249	0.0615109991848607	0.0744918191795075	0.0610955848856125	0.0595888810002521	0.0470703911419548	0.0456856785888122	0.0414695388103876
72069	85+	2	0.181088648117695	0.136696731945227	0.14209879263452	0.137764462115268	0.105851813224057	0.128572004592471	0.116525644670822	0.113757029925438	0.101308519576324
72071	0-4	2	0.00230871103808265	0.00226694104493781	0.00221470746818529	0.00225292455276185	0.00171252598669624	0.0016695413660286	0.00129630501960696	0.000956125277526618	0.00126907400208968
72071	5-9	2	0.000125750715734832	0.000135473701736806	0.000126206335039356	0.000117118410124446	0.000118528349436412	9.5287083294265e-05	8.73107181763986e-05	7.85100952297424e-05	7.98951526278941e-05
72071	10-14	2	0.000192719984288963	0.000155618258958465	0.000176139470074456	0.000141685460643469	0.000123691162305299	0.000127322010455808	0.000117093349595209	9.56637761664735e-05	9.72134103585077e-05
72071	15-19	2	0.000565359810764366	0.000470980756223124	0.000504766241641041	0.000517278251512483	0.000388657082828871	0.000418100496083712	0.00032361012231855	0.000294662039455221	0.000316822100355425
72071	20-24	2	0.000883949593042347	0.00077244986943257	0.000788275696155257	0.000799446104117898	0.000740451285823189	0.00070913822398549	0.000607487361221268	0.000562321035548452	0.000594170027532953
72071	25-29	2	0.000952853430276767	0.00111435093555254	0.00108145717944841	0.0010463764424925	0.00090836155527434	0.000866170915340107	0.000842153825801878	0.000719193380874741	0.000729582688449262
72071	30-34	2	0.00137279796064694	0.00123243494579803	0.00119052774629338	0.00106899763181067	0.00119670288427908	0.0010704440199179	0.000897011778548379	0.000978383160988906	0.00129175768676008
72071	35-39	2	0.00157074515519912	0.00166861757277947	0.0016011488837542	0.00153007947905276	0.00160929315736867	0.00149648152706157	0.00116224939934866	0.00113535087737322	0.00134038865295812
72071	40-44	2	0.00242945093134096	0.00213170837999312	0.0020677591004045	0.00218894830085508	0.00162499645406846	0.00138740676884986	0.00145390474564372	0.00134845707379611	0.00146633892066422
72071	45-49	2	0.00322268587355639	0.00278777552301828	0.00267210715821483	0.00272569121331638	0.00235402096744035	0.00225659499557604	0.00228708618520695	0.0017805667259899	0.00186069428304387
72071	50-54	2	0.00449258583579563	0.00430074596241956	0.00382829459590101	0.00419759301215447	0.00357145398337668	0.00306756065256026	0.00214946586833813	0.00318119747401722	0.00254069628079412
72071	55-59	2	0.00684144114728676	0.00708145340042509	0.00591926146820239	0.00598904329939163	0.00592182449870958	0.00501775591697133	0.00436361036945195	0.00347956162373502	0.00392709565025391
72071	60-64	2	0.0107595855552399	0.011017076307874	0.00996189379067827	0.0124240192698937	0.00793242914103042	0.00859739566221279	0.00645036822083717	0.0065013073907454	0.00692157755286734
72071	65-69	2	0.0146369492383692	0.0168012533081108	0.0180367532155264	0.0155265067378677	0.0152040191825467	0.0134732951945441	0.0117768039912875	0.0107472931087146	0.00927545703726455
72071	70-74	2	0.0263580884361567	0.0259920865849187	0.0256282106985632	0.0263568681145643	0.0240121469149038	0.0195449775235381	0.01791936261332	0.0149802043180465	0.0146850562151615
72071	75-79	2	0.0391515472290495	0.0388583830383967	0.0419991637076648	0.0338506003470232	0.0407937919968482	0.0386993550360181	0.0275178391647671	0.0246482696913796	0.0207855233994312
72071	80-84	2	0.0841439755312051	0.0717788366723984	0.067801528088242	0.0634108226072042	0.0529706950245128	0.0577322100203405	0.0516167209363076	0.043720416535155	0.0424572968862006
72071	85+	2	0.160509135609582	0.14052754111619	0.146991256389395	0.140486201222529	0.144908364553963	0.114052673209805	0.119759169366861	0.10236768127607	0.104755169760884
72073	0-4	2	0.00365982236697284	0.00223009144751984	0.0022138698284354	0.00184419790421684	0.00154829427712702	0.00141528201827951	0.0012922100677911	0.00117238851993454	0.00119664736332101
72073	5-9	2	0.00013323520081864	0.000123009990062538	0.000132873060373232	0.000122933513587824	0.000106453234402191	9.43164020410691e-05	8.62106281197361e-05	7.71841406631283e-05	7.83213814887874e-05
72073	10-14	2	0.000162258845048716	0.000150130174488253	0.000146647445231736	0.000150040980988099	0.000130027504062534	0.000127690379049824	0.000105589036652411	9.45692908847713e-05	9.5954512844911e-05
72073	15-19	2	0.000481293836554436	0.000569784822918716	0.00053337651070801	0.000471634871207295	0.000392391131911717	0.000384870164238181	0.000355504768059606	0.000306649351561608	0.000311825085517086
72073	20-24	2	0.000914708327344831	0.000933039875570745	0.000869445516511573	0.000964183886403837	0.00070142923943113	0.000660884509792247	0.00067160897471222	0.00061483986361886	0.000570209795204163
72073	25-29	2	0.00117261087482368	0.00104058200277697	0.00116376260687113	0.00114090350988088	0.000959074635299373	0.000815553421429608	0.000832179110999795	0.000691983634999491	0.00074048710240523
72073	30-34	2	0.00140737032720273	0.00135307552171656	0.00131123312312006	0.00127203503754708	0.00112456127064327	0.000970342665899912	0.000890991227961309	0.000853014469347665	0.000830732603389754
72073	35-39	2	0.00195193642288558	0.00171876688238626	0.00158541890430538	0.00158614987608176	0.00134036618099536	0.00122416858468071	0.00125328569992865	0.00108274706863209	0.00100890213777543
72073	40-44	2	0.00246558308655008	0.00241919628789761	0.00211460250881258	0.00209950261334473	0.00175634486654845	0.00150942249106582	0.00142602169994358	0.0012056943566365	0.00138630561407011
72073	45-49	2	0.00280636335273639	0.00277120940870591	0.00273160886648556	0.00277351068965772	0.00223146202201118	0.00235453667736351	0.00199938710025241	0.00196843140325534	0.00177887538446826
72073	50-54	2	0.00461465075574604	0.00483901208914968	0.00604619195109768	0.00390567064422801	0.00302082752382608	0.00305506389929593	0.00253159196895356	0.00306017529174395	0.00310611416790508
72073	55-59	2	0.00580934304146664	0.00683684369545661	0.00619559613395179	0.00558769800798845	0.0042721688947677	0.00363418450285336	0.00407236089838049	0.00350586589338505	0.00377958623407671
72073	60-64	2	0.0115859129307552	0.011054304748812	0.0123131995892559	0.00935609480450717	0.00771602351501209	0.0080435636213174	0.00544545275251594	0.00556553243608509	0.00510078130935813
72073	65-69	2	0.0165243479043846	0.0163002651557088	0.0165885328779343	0.0146487811115116	0.0126368191643594	0.00887221785559057	0.00893579012605253	0.0080554244170366	0.00752730257422128
72073	70-74	2	0.0303872408234614	0.0253084511662908	0.0286491549866288	0.0219635871792136	0.020613436832006	0.0168399778276286	0.0158534380967696	0.0138492885123084	0.0132359037014102
72073	75-79	2	0.0445248641848013	0.0475022105223751	0.0381268114789309	0.0429821162710594	0.0276393216589829	0.0295153668266374	0.0314660061210061	0.0173939895739614	0.0246562991200153
72073	80-84	2	0.0651121158209335	0.0892663877466211	0.0657607228806343	0.0768986007837247	0.0561347347434612	0.0561812480432821	0.0398449507991188	0.0404560839268347	0.030723827995452
72073	85+	2	0.171489148856639	0.178103068434659	0.136603040656262	0.148343094236523	0.124860146538762	0.118703764215736	0.0980304452049654	0.0997896312792177	0.0976107883810928
72075	0-4	2	0.00381901534013375	0.00246219137324633	0.00225305483649223	0.00225985093397906	0.0016461052824351	0.00148220243088695	0.001366521791323	0.00111462503492499	0.00121105869808809
72075	5-9	2	0.000154196075947604	0.000130784826462897	0.000155445375410263	0.000131149079185553	0.000120356853508149	0.00010219149584075	9.41918414526963e-05	8.46341593103608e-05	8.63125927322875e-05
72075	10-14	2	0.000169205695768304	0.000181013489729041	0.000161649969318693	0.000150997635673814	0.000126068748522605	0.000123679504502954	0.000114054649339094	9.78863919414648e-05	9.98023837499792e-05
72075	15-19	2	0.000592930621149158	0.000501935098301049	0.000457591810094958	0.000487764158549271	0.000384797691392417	0.000465079613228092	0.000352887768571037	0.000298245132701806	0.000307485020836602
72075	20-24	2	0.000888479921576251	0.00084619901976422	0.000923988973823142	0.000796896115955227	0.000739160920220905	0.000667626785798026	0.000729511409711995	0.000557084915930301	0.000525191650411384
72075	25-29	2	0.00115444916131926	0.00122328011658784	0.00122054028840429	0.000962475667804728	0.000834310865416735	0.000789311880651435	0.000769544311253312	0.000745519152548057	0.000700125635447255
72075	30-34	2	0.00148216477282221	0.00148198320933953	0.00172364223939613	0.00141946036231405	0.00116897633582435	0.00100703974385092	0.00091205746561636	0.00100140622883374	0.000869370145706717
72075	35-39	2	0.00177545103534975	0.00148432363066328	0.00187451035690822	0.00174371894115578	0.00137849078143815	0.00128649525005118	0.00134115922672839	0.00102296867056466	0.00107814554031149
72075	40-44	2	0.00227022282851787	0.00213920335025069	0.00199758312741962	0.00217485131225545	0.00194275399210966	0.00140939269801015	0.00135519837086642	0.00115270954818515	0.00137996262648224
72075	45-49	2	0.00320812181330107	0.00271627331675558	0.00300175725598541	0.00295331342818363	0.00263911006597374	0.0022677383692985	0.00233525952809451	0.0016759895438198	0.00180929726135402
72075	50-54	2	0.00507746483387425	0.00507733244503832	0.00425259445150656	0.0039162149600675	0.00342363751937866	0.00299719549173559	0.00303418090956881	0.00269016749979581	0.00307517269844263
72075	55-59	2	0.0063613199057384	0.0078916079221215	0.00630524612187129	0.00675359180112478	0.00518684800214424	0.00571308471053651	0.00503081525734046	0.00406471880409429	0.00324222841238377
72075	60-64	2	0.0126255977716905	0.0115402206743933	0.00982374878665664	0.0103233230256925	0.0093251620362427	0.00788463690790647	0.00620550387413598	0.0052887601911843	0.0061563787571405
72075	65-69	2	0.0151732762375514	0.0161086002340728	0.0162701955901865	0.0154388264913674	0.0152239712032255	0.0124448755245297	0.0101161954077496	0.00868003994037821	0.0085121921878944
72075	70-74	2	0.0334920145838132	0.0307993669973451	0.0206542727199011	0.0275473284108692	0.0231820280940344	0.0201059566956162	0.0165232524003694	0.0128165419219301	0.0148079991136916
72075	75-79	2	0.0445283412209249	0.037986263033936	0.0426867348091184	0.0439038032330412	0.0365283249470465	0.029679092186318	0.0273979364121011	0.0211429527500326	0.022386184625095
72075	80-84	2	0.0750787877488348	0.0698888021088256	0.083588784965455	0.060793709087254	0.0602145653270178	0.0567000633121883	0.0483896646274696	0.0345446723145835	0.0362787457374046
72075	85+	2	0.140042910116614	0.135715390287682	0.142349105110716	0.154543557010766	0.144258425778668	0.120283678019009	0.124682876988526	0.0992561148401394	0.0898292057298413
72077	0-4	2	0.00269684163492921	0.00229716523157567	0.00228975024858244	0.00238926477473885	0.00161410635740562	0.00157698499240256	0.00149646823854635	0.00154799155385932	0.00138679256026284
72077	5-9	2	0.000145131118706819	0.000134254590529595	0.000151917830569802	0.000133406020357113	0.000110121543881103	0.000108186176151308	9.43036840516036e-05	8.90912481699431e-05	8.6276809589162e-05
72077	10-14	2	0.00016812493140417	0.000163027443712425	0.000167042442358881	0.000162563150938604	0.0001412505496438	0.000125361359492248	0.000114879536689392	0.000103060907170557	0.000105053236914808
72077	15-19	2	0.000706809183344595	0.000528534975773875	0.000492960980625424	0.000547575236046523	0.000484227992021298	0.000396053485542931	0.00041892806609013	0.000350484384235408	0.000325761533727976
72077	20-24	2	0.00101484562659948	0.00101580487616516	0.00101827248480345	0.000904049751790966	0.000800098103932761	0.000872178891674923	0.000811803098931269	0.00060268538247579	0.000701246854987163
72077	25-29	2	0.00121735172630239	0.0010928420232633	0.00122233471855001	0.00114756497752891	0.00086803343195762	0.000949736835720958	0.000856829585896544	0.00071328054717585	0.000715010086119702
72077	30-34	2	0.00130893630154646	0.00134589222874976	0.00170355638513874	0.00141074600846955	0.00104353371381803	0.000937936528445815	0.00104973411063213	0.000980504298099387	0.00104910963641928
72077	35-39	2	0.00192395566880412	0.00191087540927807	0.0015182091500465	0.00150489010104832	0.00151580611693657	0.00145041664761049	0.00121171862627654	0.00111378280948795	0.00121859156599309
72077	40-44	2	0.00233156287490047	0.00224251170038015	0.00203347713869725	0.00223490024172406	0.00192154635476201	0.00188428685697045	0.00148528486922843	0.00133031718024145	0.00137028580530325
72077	45-49	2	0.00330292611621387	0.00327477418378776	0.0027220190250947	0.0029031559164502	0.0024631139945472	0.00263875851987088	0.00221606164006928	0.00190033134280126	0.00178628375507182
72077	50-54	2	0.00457855391103557	0.00397384273700153	0.00461394266530717	0.00401115480387469	0.00342238305830253	0.00340000855232025	0.00328989619948098	0.00283847000493848	0.00285918689502708
72077	55-59	2	0.00693587517220791	0.00732535246873823	0.00542824056212229	0.0066553155643855	0.00550676416132653	0.00663105355502716	0.00523992146262623	0.0041639666285303	0.00382654192240858
72077	60-64	2	0.0111932654884103	0.0112253813679165	0.0101789296174988	0.00911323622011151	0.0094370875639342	0.00843163607177756	0.00845509680654087	0.00658252530788183	0.00761730201996633
72077	65-69	2	0.0175931904936903	0.0143692002214719	0.0164157039500196	0.0111979106607759	0.0122429602036179	0.0113323538272781	0.0106480659572546	0.00911268403103413	0.0110723823182094
72077	70-74	2	0.0225145593001179	0.0301457677785353	0.0258109459380264	0.025148104317717	0.0206075540891757	0.0237691645375782	0.0167266288453397	0.0157091221649351	0.0158922544616118
72077	75-79	2	0.0440706978439397	0.0413287555914381	0.0389934811925908	0.0355527969267546	0.0349461729740124	0.0317446936584333	0.0298988407200267	0.0230775041001934	0.0251718118329403
72077	80-84	2	0.0899025852481254	0.0787811664610136	0.067826743029509	0.0734602032620569	0.0623539276669448	0.0596859153309711	0.0473828174790762	0.0512030041726687	0.0385458638332248
72077	85+	2	0.150142110847421	0.136068124344286	0.13509858376756	0.097436646139449	0.119683351992973	0.120127941185731	0.116410074499415	0.108719684829334	0.108601766744302
72079	0-4	2	0.00264660886309503	0.00194098680795287	0.00201353734068369	0.00195066835119463	0.00147360433284317	0.0014605256152117	0.00142614680241141	0.00105334261002068	0.00109753318911399
72079	5-9	2	0.000139058594094339	0.000128545549460596	0.000132139983353484	0.000122444612367007	0.000111851457781455	9.91417891817177e-05	8.63202889366983e-05	7.72794171833905e-05	7.84173967909147e-05
72079	10-14	2	0.000153352846442343	0.000172910872354921	0.000145562599255639	0.000149444855341498	0.000123510581117502	0.000115038836272436	0.000105467118563955	9.45725647388862e-05	9.58938083376721e-05
72079	15-19	2	0.00052353905395592	0.000459784718618124	0.00044825368683973	0.000504324400696611	0.00040457147980781	0.000396856307464026	0.000350366271196684	0.000333519086341063	0.000308789594131508
72079	20-24	2	0.000942790391631028	0.000885841553133479	0.000943351799177248	0.000909179635933928	0.000767831011421708	0.000642807964963831	0.000746775709779587	0.000568260157143556	0.000550404848915487
72079	25-29	2	0.00100989276406546	0.00117635102040332	0.00105573132295867	0.000973045679791197	0.000938089783126446	0.000974499130910341	0.000741595039958885	0.000773413719626623	0.000748556626925738
72079	30-34	2	0.00157876194362356	0.00127723128946367	0.00115426176909223	0.00126587721763007	0.00118384528690097	0.00100081940774608	0.00094184419325741	0.000919539771438409	0.00101468179053544
72079	35-39	2	0.0018596863732576	0.00159321471712855	0.00138461344570868	0.00166968811807	0.00132838608419198	0.00125248527649068	0.00126790654308829	0.00113224343622005	0.00107595434066636
72079	40-44	2	0.00192624340363917	0.00201460771507005	0.00199839291828073	0.00202106863028729	0.00162412975373825	0.00159915709593447	0.00136294204364607	0.0016382312020851	0.00155156815905226
72079	45-49	2	0.00313241250363038	0.00270286682646201	0.00311089813883952	0.00235287397279966	0.00218520959593522	0.00203892064257415	0.00176915255351117	0.00202738299084427	0.00238070385815051
72079	50-54	2	0.00519787408052087	0.00432540295724066	0.00383432987470536	0.00424646930075383	0.00347519827415706	0.00351592281214573	0.00363282911851143	0.0030428172496638	0.00278660320144704
72079	55-59	2	0.00591888873227148	0.00754394488448791	0.00607003437663087	0.00600234466616849	0.00455755311844857	0.0059253511376147	0.00619272600887624	0.00338010590944115	0.00387514257257121
72079	60-64	2	0.00995187904226788	0.0102392618993215	0.0105928134288631	0.00993279311296972	0.0091341548634627	0.00823280276028671	0.00677961373673875	0.006468343339595	0.00588307513024277
72079	65-69	2	0.0150058182956845	0.0118187213024258	0.0130093640479977	0.0118259433168197	0.0116956089781576	0.0106461015860615	0.00994294430496018	0.00940991119014658	0.0098380164541814
72079	70-74	2	0.0234250855088624	0.0258913470637499	0.0240747071606251	0.0218719054229588	0.0223174913532802	0.0168075397288483	0.0139225339789107	0.0127075237365431	0.0132738373350852
72079	75-79	2	0.0434556832724961	0.0491108432966211	0.0339392617030809	0.0352947978514215	0.031542435913917	0.0310032019254801	0.0234092567621019	0.0254437713260752	0.0219287354559359
72079	80-84	2	0.0754543480840318	0.0760783659082477	0.0717943640346872	0.0652367859642541	0.0603106232978345	0.0574722518637619	0.0508010190974988	0.0398994322980898	0.0352009310881439
72079	85+	2	0.124741046363851	0.12046134120592	0.154214963310147	0.136635159310562	0.117162462497283	0.124170966496814	0.119678952560128	0.111832074440216	0.100149935734663
72081	0-4	2	0.00233459544861934	0.00187216470089374	0.00167707235147111	0.00211292427836991	0.00159051213388306	0.00125221122286682	0.00116443867204085	0.000983682831897995	0.00124102978093333
72081	5-9	2	0.000130945220888516	0.000120891814206602	0.000118186860601909	0.000114819364671814	9.51695850327825e-05	8.89037116391846e-05	8.57807092897738e-05	7.70111341316835e-05	7.81907106332392e-05
72081	10-14	2	0.000158732006913989	0.000139637335234517	0.000136461825457634	0.000153520417683077	0.0001276662761347	0.00010819156607291	9.93966630016746e-05	9.41135866388082e-05	9.08180059728748e-05
72081	15-19	2	0.000490274186252049	0.000440717060399167	0.000473202720611422	0.000458430949083545	0.000354901940233327	0.000351809185648004	0.000311539510113902	0.000297896693130772	0.000336021686491138
72081	20-24	2	0.000900403141375883	0.00087583430129644	0.000853759003282245	0.000697255205092445	0.000700595976466385	0.00064307037474568	0.000550877171173718	0.000530301256755638	0.00054132401370106
72081	25-29	2	0.0010770481537226	0.000947145420091177	0.00107785193389243	0.000924339166650463	0.00093042858989566	0.000775812547998208	0.00070438717925749	0.000750181111228	0.000666867854519792
72081	30-34	2	0.00145221801617091	0.00128570650548209	0.00128709206391521	0.00114324472943474	0.00116133742451174	0.000960229097443789	0.000901181010878005	0.00076462043850113	0.000752162595365618
72081	35-39	2	0.00157478308309939	0.0014498144562237	0.00144065493337435	0.00130982109299784	0.00121329920410518	0.00127449273976962	0.0011681831503174	0.00113702425091505	0.00120486957809151
72081	40-44	2	0.0021270453413769	0.00191830394465372	0.00215757070218807	0.00177566863296124	0.00147417435991552	0.00188200515742676	0.0014786601366612	0.00112531983599189	0.00105835300433424
72081	45-49	2	0.00248266463337815	0.00248632603819504	0.00265717702670353	0.00253594004729103	0.0023197237413227	0.00188353201169084	0.00196829066539201	0.00165977379306044	0.00162627469245053
72081	50-54	2	0.00345393313047249	0.00331508392965442	0.00367413911446656	0.00310794632619115	0.00258903503544791	0.00329967004527572	0.00216733405289101	0.00228679084279935	0.00291567393505499
72081	55-59	2	0.00582663475774373	0.00680741175697366	0.00693120984436165	0.00546844858103981	0.00489836620206057	0.00460795677537442	0.00495830333047863	0.00361301137522624	0.00418661615917373
72081	60-64	2	0.0108663881355668	0.0099948791965731	0.0103451142195506	0.0109070249592435	0.00870343477550087	0.00700592862074793	0.00633631534018703	0.00471535541121835	0.0053672581375101
72081	65-69	2	0.0131793288669197	0.01355769735563	0.0115679052160345	0.0113414837236774	0.0140035804261372	0.0116189088220689	0.0099653078938817	0.00778945662031661	0.00644063890080321
72081	70-74	2	0.0253264583993081	0.0250025192437494	0.0234816749548211	0.0235493901977581	0.0196192115857808	0.0149487795672343	0.0172499151244156	0.0143475863791509	0.0146001133094967
72081	75-79	2	0.0321687111813068	0.038894563196599	0.0442994480099849	0.0272311788064955	0.0296328142479279	0.0312248993541516	0.0271566098951064	0.0242388751651677	0.0216937492170112
72081	80-84	2	0.0619625275576993	0.0570668242594611	0.0715502787776833	0.0671190541512268	0.0555635147530281	0.0554705410914209	0.0588859428621599	0.0415545762856713	0.0429896541940592
72081	85+	2	0.163932863482437	0.14268909203457	0.12563806064039	0.123793937525546	0.134949703013189	0.105282509941652	0.105055334133059	0.101517187120727	0.0872898566049635
72083	0-4	2	0.00193565316976673	0.00189179942722614	0.00186362735046613	0.00184808764487193	0.00148168546552751	0.00130464028757799	0.00113250873208711	0.000803522411352522	0.00103286001620175
72083	5-9	2	0.000115250326877588	0.000112097657890179	0.000109202811026167	0.000106360509382587	9.22006742062464e-05	8.57426692183933e-05	7.81286374945133e-05	6.98895749434236e-05	7.07689061528064e-05
72083	10-14	2	0.0001413285183631	0.000137430306210684	0.000133810228463312	0.000130211610442441	0.000118856784636142	0.000110630807714085	0.000100956571023231	8.58127134077729e-05	8.67951651928982e-05
72083	15-19	2	0.000500085678006926	0.00044317917341471	0.000432451023821523	0.000441471225871252	0.000424861473084941	0.000341417891891022	0.000312926491060334	0.000282413310528736	0.000300847708231992
72083	20-24	2	0.000953896433729633	0.00089159776363835	0.000788020531524343	0.000759848050625125	0.000728784113138758	0.000624376915610738	0.000573764316547711	0.000519656354479798	0.000557195109586233
72083	25-29	2	0.00107568782298045	0.00114547695890175	0.000967401770067788	0.000989026020430965	0.000867313520708749	0.00077319019611071	0.000717421738837251	0.000650047656831822	0.000659602661912891
72083	30-34	2	0.00126498797174214	0.00129744620432574	0.00120874140100276	0.00123055373881487	0.000983876289050327	0.000970958041379649	0.000892267343460914	0.000811931557477898	0.000783320473677648
72083	35-39	2	0.00159947570606904	0.00145516138656489	0.00153228948766464	0.0014146720799981	0.00130546407870438	0.00118575273683458	0.00104569241062994	0.000993005418430032	0.00106330845563974
72083	40-44	2	0.00195735405245243	0.00186499445549773	0.00214123087111746	0.00181265452676986	0.00199180562522303	0.00157475297494798	0.00140557791437056	0.00121393744933558	0.00122907593757857
72083	45-49	2	0.00250834755087018	0.00265118279985195	0.00275876710784273	0.00247329292022143	0.00205803265958757	0.00221451859265192	0.00171272346559413	0.00158192437100731	0.00168039755397445
72083	50-54	2	0.00397052369632881	0.00382665183871322	0.00375334684372357	0.00317057063159374	0.00312833811211047	0.00287406176063304	0.00247311878476157	0.00304350239049923	0.00233715862399753
72083	55-59	2	0.00528375965516315	0.00640039651738441	0.00497295673210069	0.00526240701400444	0.00499367234852621	0.00418603152708681	0.00385777180624331	0.00342103077019563	0.00346865727673363
72083	60-64	2	0.00969950166042094	0.00946538954604203	0.00796145415763415	0.00944330512358718	0.00752796677144803	0.00543735103736635	0.00609782792280122	0.00552403430480144	0.0048749276070584
72083	65-69	2	0.0125807695959941	0.013914987735155	0.011710756593558	0.0103147459385989	0.0123119832867913	0.0123106408564011	0.00851086871483222	0.00883489618748972	0.00909667041909238
72083	70-74	2	0.0184434441491266	0.022450313013084	0.0243788566857353	0.0197601528183476	0.0184162912663613	0.0176065002648129	0.0142970376627019	0.0118327254333195	0.00983844920214702
72083	75-79	2	0.0336801794619023	0.0296664197730215	0.0327159670387723	0.0281779154789216	0.0269238844128554	0.0232649554151742	0.0255179814138096	0.0237986326554387	0.020331047987149
72083	80-84	2	0.0488739099606275	0.0730246013250332	0.0488860935851675	0.0665097731418528	0.0473065363198747	0.0432338083892219	0.0367621208253406	0.0330833308832512	0.029534413269739
72083	85+	2	0.146826562457487	0.131742708870086	0.117193515909046	0.0970545755954239	0.0977182276546941	0.106355909513619	0.111664661604808	0.0788338474163178	0.0772408838277531
72085	0-4	2	0.00244586824276839	0.00221308293611028	0.00251466260363838	0.00234265831846307	0.00156804789853939	0.00163852627368538	0.00143076293135104	0.00101144005377472	0.00131073373367076
72085	5-9	2	0.000122966548914203	0.000125297379714154	0.000122345922437628	0.000118691077997041	0.000103147845502788	9.59265271449826e-05	8.37869890489386e-05	7.51284362504199e-05	8.0487957979094e-05
72085	10-14	2	0.000157270367425926	0.000159470071730541	0.000140919838075505	0.000137028016434702	0.000125447346007282	0.00011674591426572	0.000102124494545507	9.17061854009234e-05	9.32811880453163e-05
72085	15-19	2	0.000547358747111808	0.000505476313727123	0.000490839260611925	0.000452497846838377	0.000417245056323311	0.000409552825811026	0.000347084609654864	0.000287724085003435	0.000293705037401615
72085	20-24	2	0.000822686958184879	0.000795011931620244	0.000833091002986634	0.000729058479886101	0.000640598888042945	0.000639553071826227	0.00065187491247488	0.000578059287421225	0.000538344801094796
72085	25-29	2	0.00100105606077934	0.00101027722232295	0.00101717697259021	0.000894922143741529	0.000783385267511815	0.000883403329751377	0.000786127875331042	0.000672749735933189	0.000688866482345441
72085	30-34	2	0.00125875810120151	0.00134878517528124	0.00124637504195821	0.00114731788379318	0.00104927843750041	0.00096761034223451	0.000832508467344852	0.000810761697713917	0.000828755648297024
72085	35-39	2	0.00181913047576071	0.00144167263543682	0.00169374864108218	0.00179229196109946	0.00138454404440498	0.00103937062137686	0.00103284417031777	0.00104355879267411	0.000992616644462576
72085	40-44	2	0.00199304623854231	0.00181027076415306	0.00181147029438284	0.00201815935418897	0.00150038067200691	0.00159938503339538	0.00122740831980316	0.00136949084598171	0.00115906737579602
72085	45-49	2	0.00295723699333314	0.00227869184745474	0.00254915664352835	0.00240163786645841	0.00223727908903798	0.00180739001905328	0.00169974185662224	0.00189121047710561	0.00162863161013468
72085	50-54	2	0.00536620927350499	0.00489341594231186	0.00368358973079442	0.00366691256350753	0.00396114167933978	0.00299535766288115	0.00233152225911515	0.00261935162602137	0.00274777275093884
72085	55-59	2	0.0066629969369207	0.00611774938749855	0.0054514271387271	0.00535673814829688	0.00453301115129826	0.00481381638781547	0.00363018625386095	0.00352717060718822	0.0034893303866044
72085	60-64	2	0.0112071495708025	0.00861844150613241	0.00997100243711451	0.00695146192949777	0.00718428940003025	0.00776679267101492	0.00622022773005764	0.00596144288990354	0.00604993983156634
72085	65-69	2	0.0165696803836769	0.0159921304842079	0.0150960797623248	0.0133571741091046	0.0102146599324015	0.0105581032897092	0.0112907237296731	0.00760900586002566	0.00738459115429831
72085	70-74	2	0.0221057247041342	0.0287016113219897	0.0239758693370103	0.02085012497265	0.019111392692527	0.0184028255468914	0.0174139727627617	0.0122894749016574	0.0108793584570502
72085	75-79	2	0.0402771186189865	0.0342894625776013	0.0336569747198466	0.0327129452983441	0.0378241479550644	0.0276434998579239	0.0276244772834442	0.0219560251925343	0.0236110416566337
72085	80-84	2	0.0817150150803178	0.062190196702046	0.0855734050469199	0.0688748941528853	0.0656900168082701	0.0520325354613641	0.0551563622775557	0.0431981281613492	0.0464660772996768
72085	85+	2	0.148294903734432	0.125050542543922	0.118045978551592	0.134082288496064	0.129758062667956	0.0978532591084222	0.132210276812451	0.116458576504679	0.110957450258643
72087	0-4	2	0.00342406947690775	0.00320070375499674	0.00278677775011514	0.0022074425069166	0.00155891319016961	0.0017293132095409	0.00129276328901367	0.00129804213278301	0.00125948407346092
72087	5-9	2	0.000172898962513922	0.00015082914849825	0.000162413717961696	0.000158564730179222	0.000119452742598646	0.000106669044722833	0.000103104941484673	9.23768438157728e-05	8.9529082497903e-05
72087	10-14	2	0.000190627573028497	0.000166338426123364	0.000162298305552152	0.000166011424333504	0.000152380381603328	0.000136544059227231	0.000132364097200678	0.000107239364114493	0.00010937576397473
72087	15-19	2	0.000614596557212315	0.00056882507058963	0.000578045400885947	0.000535181820060241	0.000473766273699793	0.000428300124799283	0.000384640213193894	0.00033881336008993	0.000347545116320105
72087	20-24	2	0.000894399841754611	0.0011455480263358	0.000983840423144397	0.000905080865481967	0.000829089285799799	0.000795134194548423	0.000776096870744822	0.000593653707102874	0.000620032462507881
72087	25-29	2	0.00128135526941178	0.00118013160513987	0.00126920929406766	0.00113211705914409	0.000986861993678685	0.000863404210123264	0.000821580836644964	0.000822396831426456	0.000788979352379887
72087	30-34	2	0.00154981617590851	0.00125474721506293	0.00149235269835931	0.00150217845964313	0.0011933195469782	0.00118866091730318	0.00107739810067544	0.000982862109345992	0.000960217616813612
72087	35-39	2	0.0020954373155016	0.00187984138103477	0.0017439004467003	0.00200026572455459	0.00165356755692436	0.00133601789627214	0.00143781803101648	0.00140487359049914	0.00160771253648202
72087	40-44	2	0.00224832997823028	0.00260685299957609	0.00253911400124854	0.00226535624020604	0.00215483371909207	0.0019935455618804	0.00172335623744579	0.00155466622402512	0.00200027433926851
72087	45-49	2	0.00309857990727883	0.00357859065260772	0.00301646753039597	0.00262864899137816	0.0028157456406583	0.00250643007306633	0.0027437365546801	0.0019964439424164	0.00221246460607351
72087	50-54	2	0.00499812871652527	0.00427724377037483	0.00439433937557011	0.00354043883456262	0.00322945481637441	0.00348408828511128	0.00331355525922103	0.00288882292487004	0.00316746812921307
72087	55-59	2	0.00732323567382749	0.00688596127816523	0.00676948706812688	0.00733099229938989	0.00539991849117034	0.00439067711571401	0.00524904849201585	0.00393058796701859	0.00363622863598286
72087	60-64	2	0.0112004791224501	0.00898527785700171	0.00983544471191146	0.0101854378618129	0.00859435413761323	0.00606879531911618	0.00546159529135183	0.00541203165825362	0.00666704253526031
72087	65-69	2	0.0128667263554818	0.0150294060913689	0.0155391361033156	0.015288568078369	0.0126681577789845	0.0110396267291364	0.0103848525022822	0.00796697518947389	0.0104758192435956
72087	70-74	2	0.0286499538496276	0.0211898137637675	0.0237875617930793	0.023127070639284	0.0181630539833588	0.0169694718105697	0.0146270343381327	0.013936932658977	0.0123097017854541
72087	75-79	2	0.0400989231593463	0.0309940379157869	0.044629584382743	0.0322827430722021	0.0307976334425504	0.0342147932540762	0.0219454799500732	0.0216082050653004	0.0209181173326105
72087	80-84	2	0.0661817775015486	0.0687203054418983	0.0633956606176885	0.0583787730040536	0.0417623218331143	0.0487831468951193	0.0529446503918921	0.0401643840386796	0.0400411838695213
72087	85+	2	0.10445700648604	0.106247487633526	0.126573227297811	0.104442441217653	0.0898307446924283	0.117549805844782	0.0955704054438303	0.0932506593581027	0.072274469305056
72089	0-4	2	0.0029371814781954	0.0031618524069605	0.00203960711521839	0.00252145876673514	0.0018431836049758	0.00180333212483083	0.0016491606064472	0.00120028458648191	0.00134856398668548
72089	5-9	2	0.00014092102388726	0.000144508983975462	0.000134129717005278	0.000130848881794577	0.000113304374636533	0.000105489577696436	9.64389010864489e-05	8.61708295478552e-05	9.72966825783539e-05
72089	10-14	2	0.000181160777288201	0.000185293950502534	0.000180877185131923	0.000159888076050332	0.000145671629794798	0.000135309472328418	0.000117680478584939	0.000110996595351173	0.000107326963950842
72089	15-19	2	0.000537174682991524	0.000518970053914726	0.00058158378270336	0.000545851651582471	0.000457478841097368	0.000427061324424362	0.000410769864710732	0.000337285566961204	0.000346196236911552
72089	20-24	2	0.000997598336972927	0.00115247426079342	0.000941050586528914	0.00100287322189466	0.000843124956712461	0.00076266218505098	0.000736619789713332	0.000610545074568222	0.00062291576293586
72089	25-29	2	0.00117557403066147	0.00134893936635494	0.00124598433121818	0.00114972934470072	0.0010613997257624	0.00101224612261964	0.000838461510777275	0.000757896559991353	0.000771809888423484
72089	30-34	2	0.00141030072644933	0.00130903752995736	0.00150934301608315	0.00130502058874317	0.00120525814035579	0.00112628608310297	0.00105233301769416	0.000904074194793695	0.00105221164774662
72089	35-39	2	0.00196815389507389	0.00187808216150949	0.00196521535208086	0.00192186279631558	0.00169720969157959	0.0015815319631823	0.00129183303617093	0.00120891580817611	0.00132643866264316
72089	40-44	2	0.00218456862180971	0.00287255364428603	0.00254504046769595	0.0025757284555074	0.00183794290133093	0.00195863521008045	0.00162667346340325	0.00160319467795601	0.00160519467640959
72089	45-49	2	0.00362390284739133	0.00257663125125607	0.00305822568679977	0.00373625790538959	0.00270795404418091	0.00247239099588542	0.00230542256821857	0.00212278584933657	0.00247098056054112
72089	50-54	2	0.00500994811684776	0.00503586208189826	0.00428953015102408	0.00484744086007341	0.00381673198753514	0.0034248801799425	0.00323904560461803	0.00326900870287535	0.00301075430604572
72089	55-59	2	0.0072124254323333	0.00718240845849766	0.00713917474992808	0.00670103856332096	0.00572978354394471	0.00625735231014089	0.00524853508583456	0.00518545535196794	0.00492040589766069
72089	60-64	2	0.0121908105866384	0.0113032254488087	0.0130108524832052	0.0105225203319007	0.0107333362648606	0.00821196737775013	0.00681514554691633	0.0071386400160763	0.00624517249308552
72089	65-69	2	0.0161282512319917	0.0145696333306929	0.0190089220494867	0.0193962910422787	0.0125415427568776	0.0111136361938994	0.0101977122493143	0.00923316573240191	0.00985461065659843
72089	70-74	2	0.0267275533165652	0.0346936072724389	0.0253998569933099	0.0315031312025606	0.0216929707407047	0.0215267551902018	0.0138474028606691	0.0120945977942625	0.017661489053208
72089	75-79	2	0.0300792358095349	0.0357748040145117	0.0405119235267041	0.0398167992063092	0.0320429155739877	0.0347125286536884	0.0270348015690826	0.0231491891928868	0.0216580130724228
72089	80-84	2	0.0423532485989871	0.0919651535610525	0.0606205618571501	0.0539775738474973	0.0575381926498112	0.0587164784715155	0.0476909113419512	0.0363912723634679	0.0353634369223848
72089	85+	2	0.146887454580811	0.184430135260246	0.143298534468096	0.129257050231847	0.10824834233832	0.106969469451352	0.115033440798162	0.115020633334942	0.108523313174803
72091	0-4	2	0.00281021266161456	0.00330597290161203	0.00238392926206396	0.00227360296411198	0.00194913918375539	0.00153951679529811	0.00164574442103899	0.0011287464367536	0.00133430868773498
72091	5-9	2	0.000155662101151273	0.000151494116710139	0.00013426249442812	0.000144197913959502	0.000108241874807527	0.000106546432489476	9.32867107280146e-05	8.37396661836435e-05	8.53526132539694e-05
72091	10-14	2	0.000197272072935625	0.000158363717452425	0.000178821352050605	0.000158324858804214	0.000137841615235983	0.000128923175458589	0.000113167720750593	0.000102069985682501	0.000104038600728894
72091	15-19	2	0.000561297748338121	0.000484768580140355	0.000474414811275565	0.000501344494053509	0.000464276443728708	0.000367697272849284	0.000358209859784924	0.00034523096861975	0.00034029542431641
72091	20-24	2	0.000925564152395668	0.000878099033296345	0.00085851904948384	0.000891648401811109	0.000855498279286574	0.000711839717745883	0.000694949643035605	0.000565104243360883	0.000608060821128421
72091	25-29	2	0.00129080411592106	0.00105035527080056	0.0012651133197823	0.00125651264200658	0.00101534148119746	0.00093391820016984	0.000719246517378439	0.000831562009053338	0.000740582627136214
72091	30-34	2	0.00141298913812825	0.00141652470182636	0.00152337076991278	0.00153121182025329	0.00122227226349238	0.00117712411778212	0.000920166220579143	0.00107478311476723	0.00094172258812772
72091	35-39	2	0.00181275869515579	0.00184362089645573	0.00171286742643218	0.00226376764599358	0.00139576512848898	0.00141347016468857	0.00130371568417176	0.00106346020253888	0.00129637168090154
72091	40-44	2	0.0020436314670981	0.00237840877638446	0.0021678526895539	0.00214958309147438	0.00177767196135627	0.00179756166750707	0.0018273571924039	0.00146925205854431	0.00130791298463205
72091	45-49	2	0.00305670039603435	0.00263668812008971	0.00370366188486116	0.00282553967331378	0.0024042912348998	0.00207495673749742	0.0020815732632706	0.00189464193791349	0.00230972525806871
72091	50-54	2	0.00489717667499606	0.00413607880685984	0.00388736883491076	0.00357166763059526	0.00388734125641093	0.00353689134282544	0.0039801280044589	0.0030562564407533	0.0030523239153534
72091	55-59	2	0.00876595481719231	0.00704963186618654	0.0067798445277837	0.00679338782181939	0.0052196483258502	0.00475728910705446	0.00509903013327065	0.00399885782310924	0.00420961768819707
72091	60-64	2	0.0123787939209882	0.0113103474259706	0.0103628193694406	0.00992002982878346	0.00855262143546412	0.00866658780998733	0.00728690654544394	0.00454173513003318	0.00653651732884425
72091	65-69	2	0.0146908184752202	0.0189135047728958	0.0155199216318882	0.0173727360506025	0.0124425498428485	0.0116053042267573	0.00953109295151515	0.00768637106910741	0.00966200543990701
72091	70-74	2	0.0285387204599198	0.0288647633904501	0.0247032585869667	0.0265746872434562	0.0233044787529817	0.0169692052396764	0.0141037021225614	0.0128314462069403	0.0121548780870964
72091	75-79	2	0.0456570297491483	0.0416754738631689	0.0441380276458832	0.0390835823149676	0.0373378355549354	0.0366803581579526	0.0315859953563789	0.0240581465858207	0.0255464586657853
72091	80-84	2	0.0759142056619901	0.0550310166145294	0.0661798341581649	0.0640721490332503	0.0601346382685814	0.053679826982348	0.053474032081669	0.0418271583510408	0.0393341616982068
72091	85+	2	0.146077007128005	0.147264853442263	0.15106861501771	0.138011087070745	0.124027646672658	0.127666266464424	0.127240629707632	0.100007527428191	0.108949367855871
72093	0-4	2	0.0025294770079192	0.00202365478326099	0.00182447292870439	0.00202223526567183	0.00164100031582025	0.00154415207276814	0.00141871376918531	0.00087291226076646	0.00116405685741671
72093	5-9	2	0.000124643609579748	0.00012061713333348	0.000117896918668092	0.000121036949023654	9.94209251903855e-05	9.22394581307472e-05	8.41745993978251e-05	7.5124306973356e-05	7.62277848702455e-05
72093	10-14	2	0.000152698653340697	0.000155697491205139	0.000144564014203767	0.000140804359621745	0.000121799128609521	0.000119080336749693	0.00010329759433689	9.22483116328721e-05	9.3569580948237e-05
72093	15-19	2	0.000518978038361331	0.00048168667906817	0.000471723413381561	0.000457796151076939	0.000397518926245172	0.000370822264885275	0.000339644748587399	0.000304967159946098	0.000310044593142918
72093	20-24	2	0.000948321912722032	0.000932931360646184	0.00101127991112281	0.000930785949871536	0.000730389803703118	0.000680959064434845	0.000627766553119568	0.000565644122884649	0.000575900867803037
72093	25-29	2	0.00129223924532786	0.00114548049070483	0.00118380213942834	0.00105410957800299	0.000918315041505521	0.000850983412201909	0.000862361558299565	0.000705664773671999	0.000718582089287188
72093	30-34	2	0.00141790160222817	0.00130311935095183	0.00127542227853158	0.00138100717777864	0.00109530794761336	0.00101904414046189	0.000932424677387121	0.000839128007978392	0.000855125942901907
72093	35-39	2	0.00166440553359585	0.00160500186144846	0.00156377570755555	0.00175383417262746	0.00139798014587028	0.00131582719961777	0.00133912632090256	0.00103986525570777	0.00105746941640377
72093	40-44	2	0.00207753977158332	0.00210039000723532	0.00203796998412558	0.0021602948653253	0.00188329455673527	0.00160675944805972	0.00164097464465127	0.00141768351181734	0.00129851695818626
72093	45-49	2	0.00287616965662008	0.00263952507446465	0.00255513347659202	0.00308819148284791	0.00256874690009917	0.00228913130374872	0.00213258576775227	0.0018778059932347	0.00202314753187368
72093	50-54	2	0.00436697027053194	0.00528982514566669	0.00463031004201653	0.00366310995986217	0.00377964556340024	0.00332537854484971	0.00280898501174547	0.0025717356052357	0.00294369372029458
72093	55-59	2	0.00647307906686309	0.00574107969553896	0.00583823630578991	0.00615642719089252	0.00525031078592939	0.0039851813504456	0.00381555778664661	0.00337180175111619	0.00416282099440977
72093	60-64	2	0.00926411158862408	0.00981870980680719	0.00995912941440588	0.00911399551913971	0.00845961710240763	0.00607530947235855	0.00642195183719412	0.00651015003929203	0.00469334453939808
72093	65-69	2	0.0140063162373132	0.0144569702663416	0.0152522713484294	0.0123242873814705	0.0123604572829695	0.00876270603594784	0.00891869568860542	0.00709112766522597	0.00786832605061194
72093	70-74	2	0.0238101064473696	0.0236163612304747	0.0206977116099823	0.0231451419449122	0.0227678628420359	0.0166752027686003	0.0140218966271162	0.0151324845981168	0.012857439968753
72093	75-79	2	0.042541853092635	0.0373846183502768	0.0376662272830334	0.0301285709070583	0.0339257736285399	0.0295432461773626	0.0224081578186551	0.0179195399810298	0.0186477581669189
72093	80-84	2	0.0572717675546993	0.0568505920236661	0.0579165815417731	0.057978748028418	0.042247033346129	0.0423093700802814	0.0345513199149713	0.033311236928337	0.0503689261703025
72093	85+	2	0.159108100398108	0.121291512643804	0.119058054113249	0.0951916509677203	0.110157546623855	0.100368835145049	0.112721415652834	0.0766875542742841	0.0694827913187877
72095	0-4	2	0.00243374712749943	0.00246478177877521	0.00195854134090255	0.00233022235481319	0.00157368367494658	0.00140139699456834	0.00154693854202501	0.00117068059700934	0.00122174483411045
72095	5-9	2	0.000137127964741266	0.000126568897302622	0.000130160759118713	0.000126920481714812	0.000104349703820695	9.71660116593331e-05	9.36692835891354e-05	7.92799039206003e-05	8.07048138748382e-05
72095	10-14	2	0.000167222415837902	0.000162586982924226	0.000151071447586679	0.000155024716847562	0.000127619054627446	0.000118948767432396	0.000108994640202387	9.71916244613702e-05	9.89580234374538e-05
72095	15-19	2	0.000608000360671222	0.000489127972533961	0.000528348252459073	0.000470295361277138	0.000431898797359872	0.000403589736305616	0.000353179987487334	0.000317758139886814	0.00032425997148913
72095	20-24	2	0.0009997561562489	0.000927594536548188	0.000951778814623995	0.000933203102882212	0.000778773554981321	0.000730627662506882	0.000780143435600244	0.000612061496635734	0.00059590787584664
72095	25-29	2	0.00119267257772197	0.00109852865702814	0.00122754027530662	0.00114474638710216	0.00105567166485087	0.00104305537463892	0.000927830197534366	0.00072339643916509	0.000817979758032259
72095	30-34	2	0.00159682591121118	0.00135402125756893	0.00131878874531515	0.00159844762449325	0.00113139579550933	0.00102723038697013	0.0009534822080951	0.000907469373399372	0.00101625993439674
72095	35-39	2	0.00174129339015609	0.00183002900789692	0.00194153691775084	0.00181516656869424	0.00152671797519371	0.00150078382482304	0.00146585710489306	0.00115525897059368	0.00123806650973467
72095	40-44	2	0.00211849047491279	0.00199893770441932	0.00280036001675801	0.00197075604704151	0.00189376486783412	0.00155569817808591	0.00181290814971551	0.00168658273610915	0.00136971275977871
72095	45-49	2	0.00329068657122486	0.00295808450994353	0.00319479629541076	0.00281855679894295	0.00236879362351398	0.0028585898509313	0.00223647297175161	0.00171085261370226	0.00213180608834141
72095	50-54	2	0.00444919948350234	0.00479764474924119	0.00368710610152636	0.00412904235052867	0.00321755197632199	0.00341361521982828	0.00285175146390518	0.00260078435423649	0.0025410610308374
72095	55-59	2	0.00641040593316035	0.00627699203522328	0.00646949642708439	0.00556950387844396	0.00546834669410736	0.00522310075081342	0.00361231698989489	0.00361870293555741	0.00425589226190728
72095	60-64	2	0.00900516572146704	0.0109791517227705	0.00994143200385607	0.0109169817812282	0.00763366769650752	0.00634833377239389	0.00760187691578129	0.005325261814768	0.00563193026887501
72095	65-69	2	0.0182155347100417	0.0136669550326274	0.0116811684252339	0.0126328076152609	0.0119857768508488	0.0102264338491932	0.00986877661293257	0.00980298060897359	0.0111018595392301
72095	70-74	2	0.0202793287997172	0.0229327500652847	0.0206294008317134	0.0250979801462963	0.0185043615415561	0.0183188608906599	0.0153384613815138	0.0131782925555326	0.0164561153746472
72095	75-79	2	0.042095510990653	0.0357345641082459	0.0335290311222977	0.0329021067910838	0.0316488736921057	0.024282038889129	0.0214693231695834	0.0195469774578667	0.0238786153930782
72095	80-84	2	0.0627141981348396	0.0595836204018607	0.0560565370506193	0.0576760986452426	0.0524631684046575	0.0428480835509126	0.0398622451899645	0.0395911320601361	0.0508370747422927
72095	85+	2	0.140148153869861	0.120204360380043	0.110293029781577	0.129182063346283	0.110882193998927	0.103659845224096	0.121101182327252	0.114039383444718	0.0900500119996666
72097	0-4	2	0.00356676148754007	0.00279028401228899	0.00251125993777854	0.00226232730581195	0.0017319748571497	0.00178607817309596	0.00167789514329222	0.00125664475445306	0.00124300432909688
72097	5-9	2	0.000140058995889473	0.000151114419547438	0.000123995727073054	0.000133776617570952	0.000117814426217715	0.000101165038201952	9.39304282423987e-05	8.91941748353389e-05	8.24162459777309e-05
72097	10-14	2	0.000173241811358472	0.000192830075717903	0.000146221211957743	0.000173968785224775	0.00012264387389554	0.000115922382521611	0.000113177021451028	9.77469552415335e-05	0.00010509563481057
72097	15-19	2	0.000483814462052371	0.00046165475063471	0.000460587638157708	0.00044912025802077	0.000374405195267453	0.000333204447844743	0.000310503352600169	0.00031040612652095	0.000298344414462541
72097	20-24	2	0.000629992294507653	0.000721896353841846	0.00076336788894505	0.000656125074501188	0.000567886994341394	0.000562225821687387	0.000467832552830144	0.000509355842423702	0.000589438344577027
72097	25-29	2	0.00100717864666712	0.00102928682349683	0.00106451810106663	0.000969733893478431	0.000889717486070102	0.000765000580957585	0.000725227092841254	0.000693534560455187	0.00113280411786802
72097	30-34	2	0.00111617186899057	0.00109752717693911	0.00108342708318956	0.00157329918062083	0.0013566461098621	0.00102023951543844	0.0010214441744398	0.000898017153723042	0.000939225709842313
72097	35-39	2	0.00132573826981095	0.00154167739250728	0.00167344302374834	0.00158148302705005	0.00123603524180298	0.00146395002831097	0.00135864267058353	0.00115116690662832	0.00126043214538293
72097	40-44	2	0.0017536565182613	0.00150623085580372	0.00198227659727734	0.00211288998238986	0.0017321922324406	0.00195948113113794	0.00161782415197072	0.00181440163285907	0.00143844822446478
72097	45-49	2	0.00295579405621071	0.0030965273737469	0.00250304763560213	0.00314324179398078	0.00235137661011482	0.00292816062321051	0.0024436873297005	0.00189799526136064	0.00179798963241484
72097	50-54	2	0.0043715370315308	0.0042155798697703	0.00425283534510947	0.0038790989199214	0.00336923270908578	0.00363451271848355	0.00402824531938748	0.00288464217078876	0.00292171693409039
72097	55-59	2	0.00542827178458114	0.00629820085328979	0.00645613000925754	0.00570427457085998	0.00561873918761334	0.00446481927945217	0.00580984982627664	0.00397567112795982	0.00539683227610465
72097	60-64	2	0.010771203047641	0.0104889561853133	0.0105542979142945	0.00880050669701987	0.00895059589000915	0.00833354666311587	0.00796440925833142	0.00687772194159125	0.00707687538308019
72097	65-69	2	0.0173148319671645	0.0169557137448975	0.0151073323102201	0.0139850892226402	0.0137867875177512	0.0103796641433229	0.0117066167891505	0.00857239359470911	0.007107958513293
72097	70-74	2	0.0263989057822275	0.0270240586442097	0.0259892492790219	0.0243787073002822	0.0201258924444285	0.0217623242676884	0.0162083827892592	0.0148222627474403	0.0145074215012903
72097	75-79	2	0.0462429997080364	0.0428408553343045	0.0384313446574448	0.0329224073235052	0.0347013363679993	0.0285612737505646	0.0267567897692775	0.021899574177047	0.0229164274049905
72097	80-84	2	0.0811819332351364	0.0764609019775795	0.0743198214170402	0.0640659320522886	0.0500508448791806	0.0551700658083318	0.0467236679856115	0.0401447480976552	0.0375910408427359
72097	85+	2	0.161586865126789	0.128685591953572	0.137994099014176	0.147869307661085	0.131947720759556	0.130880247240864	0.11726408404021	0.0967842150187657	0.107579939930678
72099	0-4	2	0.00268995505756562	0.00201455553204506	0.00144708284724087	0.00182974830496714	0.00156475328231709	0.00150010834216482	0.00125608040793808	0.00105552777816654	0.0010864129320943
72099	5-9	2	0.00011340666200348	0.000109784381676855	0.000107165242741181	0.000104437267263573	0.000100419814614335	8.89946610566047e-05	8.60830689331485e-05	6.98447312962164e-05	7.09464187207981e-05
72099	10-14	2	0.000137227428382325	0.000139626640080035	0.000143318623273223	0.000126839156007197	0.00012822639151327	0.000113669607161495	9.45455851562799e-05	8.52007053458764e-05	8.65473483092997e-05
72099	15-19	2	0.00050652719956706	0.000415411595517616	0.000406753137958382	0.000379067266515759	0.00033564013588367	0.000331230263383654	0.00030654237799873	0.000278957248017097	0.000315887959240512
72099	20-24	2	0.000833378251400025	0.000715422360492015	0.000693644673692421	0.000722442463500684	0.000589129308021546	0.000590554675362741	0.000532448455030338	0.000511456740858654	0.000473030615484387
72099	25-29	2	0.0010278723019363	0.00086849482110363	0.000870728036077768	0.000808975233512008	0.000876204712380424	0.000765143508700648	0.00064862651627069	0.000630890607956162	0.000609581272751448
72099	30-34	2	0.00114859478143761	0.00108879509279183	0.0012092942854489	0.0010000726450374	0.00100361613694033	0.000853498044976126	0.000836570586829226	0.000767079176796397	0.000786059950189911
72099	35-39	2	0.0013199010320203	0.00148889563915027	0.00130591227691905	0.0014772075200996	0.00118861649976313	0.00102266867725534	0.00120159251956538	0.00104220911520968	0.00113508373672812
72099	40-44	2	0.00175083893681179	0.00184834574016057	0.00171265942075176	0.00139935351468346	0.00136953500798426	0.00153850761471759	0.00135866238507	0.00113415997951582	0.00111116080009064
72099	45-49	2	0.00282398428465114	0.0030895188395787	0.0027015187314156	0.00299978652838413	0.0020730723423743	0.00170908602790086	0.00174562220046982	0.00154275453959333	0.00201690964937335
72099	50-54	2	0.00494894215653272	0.0039898682127195	0.00377637190684988	0.00308813350207664	0.00338859688072305	0.00282618725579529	0.00253931558417891	0.00245555599398168	0.00239162977889482
72099	55-59	2	0.00568269914386227	0.00535955877088558	0.00498342416626235	0.00443075138475957	0.00453031489141984	0.00385854330384006	0.00379370725434025	0.0046997054749984	0.00312685663163426
72099	60-64	2	0.00890343945154479	0.0104716807080766	0.00942667931142887	0.00924515294099286	0.0100156201524247	0.00692310699522571	0.00557699927145938	0.00527694902906138	0.00560834508937489
72099	65-69	2	0.0171382940640639	0.0124832348075012	0.0182092871208848	0.0139453666371392	0.0136225951300605	0.0112013991989849	0.01118236914376	0.00833169184408882	0.00612866980085608
72099	70-74	2	0.0271649693319946	0.027431527824472	0.0286437205785162	0.0237146858628935	0.0187747295919578	0.0159117896467552	0.0174676415451772	0.0115883966628724	0.0135078519119548
72099	75-79	2	0.0360803525256187	0.0384854954702001	0.0347485732269545	0.036260899648212	0.0346257348772845	0.0313225333657276	0.029510374472629	0.0212472147274374	0.0206928553849619
72099	80-84	2	0.0821328975538571	0.0734617209979459	0.0702079329394533	0.0758129697936988	0.0560837071494855	0.0626891225717063	0.0511123786671739	0.043586616538889	0.0461775405411903
72099	85+	2	0.14282217175035	0.164436198272942	0.129738624170079	0.124404175767938	0.128751796270855	0.106467522957334	0.109197201476581	0.101623642995356	0.10752996041672
72101	0-4	2	0.00235641003284873	0.00186817454008276	0.00208222934335238	0.00173112391035272	0.00163779262054065	0.00147545707573505	0.00113334583407071	0.000843093153800832	0.00139752036610521
72101	5-9	2	0.000123909504081076	0.000120182072445079	0.000123150950001788	0.000126190532149129	9.92814566870115e-05	8.78576442635505e-05	8.05825458617039e-05	7.21235736629975e-05	7.34957584837748e-05
72101	10-14	2	0.000157852059019681	0.000153603238380332	0.000142620915988741	0.000138825610314585	0.000120629164969069	0.000112129124564879	9.81780802782075e-05	8.82200387160798e-05	9.44572885811993e-05
72101	15-19	2	0.000497087470681504	0.000488004836957715	0.000456163822775297	0.000483838448075668	0.000406267685591743	0.000361573401754505	0.000334731147433612	0.000277189380336849	0.000285573755064297
72101	20-24	2	0.000876074053492315	0.00084783128815955	0.000724548351745234	0.000766307022548489	0.000643953056725834	0.000631881766220645	0.000637263978990533	0.000490700171996398	0.000525181989566937
72101	25-29	2	0.000999862806966091	0.0012046914121707	0.00102794791299339	0.00100938884511043	0.00082506514213024	0.000734905488150502	0.000724281122969709	0.000610669376128707	0.000651661820178641
72101	30-34	2	0.00129701329586932	0.00125410274743787	0.00133733151403865	0.00106407220223434	0.00106983936759888	0.0008236754308129	0.000767574333517342	0.000784341149004473	0.000765253443380314
72101	35-39	2	0.00159929197740842	0.00132787989844456	0.00158502648024012	0.00177063588873098	0.00145184626254797	0.00124066025584007	0.0011290290953448	0.000958292904052486	0.000996380697318234
72101	40-44	2	0.00196297652068946	0.00192076270125579	0.00186386530841733	0.00172227533669531	0.00160102142001591	0.00160004952739937	0.00131130730988825	0.0013511924639002	0.00137267173259102
72101	45-49	2	0.00271698055774536	0.00232466055689865	0.0034612576295583	0.00289588988878472	0.00215401352433431	0.00186286186183829	0.00196626892429361	0.00175936345269529	0.00243866412327126
72101	50-54	2	0.00383128490747467	0.00376421115137164	0.00340130079299252	0.0040608690328786	0.00286212716882899	0.00252648857117472	0.00257782455871568	0.0023040173266302	0.00254574673369456
72101	55-59	2	0.0056057435991891	0.00554117930797524	0.0051435476850797	0.00510033871177313	0.0039492123983292	0.00426004509052746	0.00497606117218635	0.00291609201997494	0.00385232753008847
72101	60-64	2	0.00802366028139384	0.00902284126075959	0.00882748195605867	0.0074474148745586	0.00846314752402522	0.00666383904002574	0.00634347379276474	0.00605074801056953	0.00461402376618084
72101	65-69	2	0.014518146417827	0.0138238380709766	0.0159027886453741	0.0146893252967067	0.0121748730935924	0.0112131534564028	0.00992031566577905	0.00679741985166047	0.0073236602338981
72101	70-74	2	0.0256963219878283	0.0279607588657623	0.0181609324225381	0.0206597350655214	0.0206374817077425	0.0173006120467756	0.0150678206097354	0.0123599527905403	0.0164545502529989
72101	75-79	2	0.0321087069676461	0.0415668384277888	0.0389358007433839	0.027944321874565	0.0335194693999457	0.0313901593852872	0.0258245521150417	0.0195462011054969	0.0146939323316503
72101	80-84	2	0.0634939767045834	0.0575442596516403	0.0715106974981069	0.0612081356284071	0.0451120536673631	0.0444144117690134	0.0521992772317356	0.039695856894854	0.0403230856546455
72101	85+	2	0.152846174529299	0.132453383752981	0.135740519973995	0.143191097093399	0.131000414223412	0.128392561033076	0.118532951664472	0.125138092536731	0.092271674425243
72103	0-4	2	0.00221086851438884	0.00210731674166675	0.0026869459793043	0.00203137137831841	0.00173834092797777	0.00182888502838505	0.00151199105023171	0.00113360202524521	0.00148332243052073
72103	5-9	2	0.000156982738922071	0.000145523155589264	0.000149755033912599	0.000132319058952803	0.000126874411365955	0.000112242567909939	9.72982228785525e-05	8.73553047001286e-05	9.37202006839058e-05
72103	10-14	2	0.000182678744164646	0.000177121140276405	0.000173092657181425	0.000169508986534285	0.000154801566676092	0.000136993528941644	0.000125254979265962	0.00010685855177704	0.000108714506155732
72103	15-19	2	0.000694183249780626	0.000559328245991454	0.000546662011408943	0.000564607870049404	0.000454347411091682	0.000443494797464131	0.000390303061489425	0.000356280112924573	0.000345216412224434
72103	20-24	2	0.00114770826468349	0.000989462852360983	0.00105153175138588	0.000935231958014359	0.000855513219302131	0.000776206963700265	0.000653810906471407	0.000628621740922996	0.000740524379447658
72103	25-29	2	0.00134590257684864	0.00135572188874948	0.00148011330591658	0.00132007881944257	0.00107065239976216	0.00107930957119216	0.000871622498229183	0.000745021377001678	0.000868312632947034
72103	30-34	2	0.00154762753418015	0.00138404184928838	0.00141026981127759	0.00156560918575878	0.00132613545300232	0.00121043640049271	0.000983690451726773	0.000893249710742732	0.000922839595828034
72103	35-39	2	0.00198889185860691	0.00212201460664027	0.00205334163570979	0.00233231129427663	0.00163762066595529	0.0016692719103822	0.00136424552246089	0.00114787129127438	0.00114535713991264
72103	40-44	2	0.00249496915250608	0.00224645767791232	0.00266686017184872	0.00252401879409034	0.00248895171116423	0.00207799164967144	0.0017202223241446	0.0015104823919969	0.0015651838859369
72103	45-49	2	0.00261579155634408	0.00348835587667659	0.00372707920927435	0.00355429097411334	0.00315856636534204	0.00260780139622493	0.0021208856881082	0.00192148312367344	0.0019698544468088
72103	50-54	2	0.00579681908820709	0.00573194117268473	0.00471059808186248	0.00541824433431436	0.00373479021382693	0.00341936275733879	0.00311308656766995	0.00338164409523147	0.00375081664211649
72103	55-59	2	0.00745060810621129	0.00744669936874996	0.00669678379619356	0.00676196990186557	0.0059989704029007	0.00535551382351216	0.00513346263322488	0.00483343634468071	0.00482948035149721
72103	60-64	2	0.0105296116663039	0.0117722173344717	0.00909708652060497	0.0101478598923005	0.00829939312414629	0.00732082687987657	0.00722772300900132	0.00604761363178756	0.0083210825639521
72103	65-69	2	0.0189803550396815	0.0163974030208986	0.0194403668626584	0.0181199695674891	0.014756707515501	0.0153370892282341	0.0112157252536285	0.00898203068401796	0.00993007123552485
72103	70-74	2	0.0332409934325535	0.0276359138432639	0.0211257329097325	0.0215114830369382	0.0195058117143398	0.0195451116707647	0.0175659738849814	0.0139989920651982	0.014363718842567
72103	75-79	2	0.0433555054117632	0.0417833068885965	0.0393512947750102	0.0462588540959718	0.0354439611127554	0.0270173418713172	0.0255706627067796	0.0231576893679581	0.021755670882546
72103	80-84	2	0.0696044822256701	0.0769592870612164	0.0679514816123525	0.0769854106468478	0.0545410640728775	0.0589487790316166	0.0513110045504304	0.0409609632142629	0.0519096425243508
72103	85+	2	0.145074822866006	0.142302335356778	0.132209718800466	0.120015172963938	0.134740549185975	0.143700373981791	0.114685774550755	0.128973253669258	0.110955974713038
72105	0-4	2	0.00246109084383405	0.00224762229832277	0.00191566579159625	0.00170013155180169	0.0015360583376978	0.00159240434560303	0.00141322546137692	0.00105096508018925	0.000980041858984434
72105	5-9	2	0.00012935488128201	0.000131647110233588	0.00012242340994367	0.000113807065269211	9.89222436933198e-05	8.79081760309872e-05	8.02889287658294e-05	7.9702247701689e-05	7.31172419744733e-05
72105	10-14	2	0.000141784495251935	0.000144876646729468	0.000149090282020216	0.000138572865215497	0.000114573617847352	0.000106999859610729	9.78938248963802e-05	8.79521027596446e-05	8.93054181348447e-05
72105	15-19	2	0.000450666095737743	0.0004427311372684	0.000497734249628376	0.000402272616216043	0.000405868463556182	0.000348342893894907	0.000321964043010824	0.000278467696254984	0.000284578537042918
72105	20-24	2	0.000779039110120454	0.000789202319727864	0.00087559621993186	0.000824320133981217	0.00064158286396358	0.000693218481870376	0.000612446394634064	0.000494123562654769	0.000548987105621137
72105	25-29	2	0.000922044854397055	0.000956489976894399	0.00119060343432585	0.00106394356808311	0.000803069216065563	0.00071262170462174	0.000756423128707817	0.000688230371255412	0.000767593838530487
72105	30-34	2	0.00117750013769831	0.00107264922954559	0.00117220240663953	0.00125108896430079	0.000959276031093393	0.00102761949129371	0.000837173463099225	0.000857318313004463	0.000722956059643855
72105	35-39	2	0.00156157241290032	0.00158244523914257	0.00174514676259944	0.00173900701812355	0.00136923082668741	0.00141501634742453	0.00108427105688791	0.00109057676665348	0.000993099554271204
72105	40-44	2	0.00181389161525851	0.00196034594547972	0.00170763547481302	0.0016755481245358	0.00183500400781498	0.00164389621125226	0.0013714785137656	0.00128854225027521	0.00126249763436597
72105	45-49	2	0.00276235098646599	0.00254222141649522	0.00237778993480619	0.00248032616486989	0.00215755124522808	0.0021232787055848	0.00226572814617876	0.00188971478190348	0.00162029729679656
72105	50-54	2	0.00362463371852605	0.00409819283702547	0.00365849654939189	0.0034998625566939	0.00310716462069783	0.00397040432224606	0.00339898943222127	0.0027698060727275	0.00266790335518142
72105	55-59	2	0.00543785849814878	0.00525985495505763	0.00650009051229323	0.00435980476631104	0.00429568804482312	0.00426458989485088	0.00434182490788002	0.00412333625278453	0.00401721169749276
72105	60-64	2	0.00778245560257676	0.00998886670200127	0.00889150936780177	0.0123068136041023	0.00669495587274485	0.00676661410288959	0.00445679796644371	0.00562875789543915	0.00440250228748132
72105	65-69	2	0.011355459861204	0.0118583394129616	0.0118893883288653	0.0133680902043698	0.0117509614089473	0.00953200976061852	0.0105766303095647	0.00717880536623436	0.00776973542664915
72105	70-74	2	0.0153651742304844	0.0221215440817609	0.0220908111710455	0.0194116437837656	0.0168693818191101	0.0154411864874964	0.0134695618658731	0.0109169048230705	0.0141823671948261
72105	75-79	2	0.0355676724023602	0.0316106087982443	0.0313453826856088	0.0290995926261599	0.0275132697357979	0.0309033211274078	0.0271222165222756	0.0196003303333284	0.0235473568979909
72105	80-84	2	0.0602404799115836	0.0571418798121948	0.0537788448154379	0.065728249262465	0.0592667904995612	0.0549484506867233	0.0399117054570431	0.0340110883382447	0.0333478374048693
72105	85+	2	0.135067571271889	0.138108056860804	0.11261924782127	0.130757633196905	0.134916610344948	0.113537438250892	0.111322408545326	0.0884288955680416	0.0875168110492544
72107	0-4	2	0.0026149138896451	0.00220802772866359	0.00213184665867414	0.00231228937715547	0.00177030768737826	0.00161615762328262	0.00136054899918007	0.00101380429936799	0.00113502572277642
72107	5-9	2	0.00013260930260722	0.000122385927657935	0.000132689111016475	0.000116647674097935	0.000101296118772282	9.47569876044222e-05	8.23611223974443e-05	7.37783591509455e-05	7.48084627272118e-05
72107	10-14	2	0.000145785200470899	0.000149061823077183	0.000153690187240035	0.000149106160340194	0.00011716198438372	0.000109541643235149	0.000100441799723099	9.03543348198148e-05	9.15511230361111e-05
72107	15-19	2	0.000463909160370286	0.0004986165154558	0.000470840131170081	0.000482194497291118	0.00038619336404275	0.000360569787698538	0.000316317841475098	0.0003030746578142	0.00029541440462374
72107	20-24	2	0.000875156294303177	0.000774812892233363	0.000793813532294438	0.000925159365633442	0.000653138188260033	0.000643294992934897	0.000563802982712454	0.000540884659505302	0.000528533222228022
72107	25-29	2	0.00109269742273472	0.00104139488008226	0.00110343318465991	0.00103623832194349	0.000919063452958178	0.000826549990855802	0.000774964306996401	0.000735772955988185	0.000650357297309242
72107	30-34	2	0.00136084325717295	0.0011261064344884	0.00117957629403675	0.00109446469205555	0.00106627422298568	0.000984853980566766	0.000909967925840766	0.000912283042638996	0.00083695409767262
72107	35-39	2	0.00176485285673986	0.00160056449133386	0.00152732998145941	0.00169460420808274	0.00122006143648635	0.00121348130017506	0.00119363670160248	0.00115164468103794	0.00101712890806448
72107	40-44	2	0.00190849012370463	0.0019634285433429	0.0018563048081905	0.00187034437342614	0.00175255457940275	0.00135419193963112	0.00133634889565508	0.00154315510810302	0.0014012073461298
72107	45-49	2	0.0027772693876648	0.00286863701869698	0.00242487741711818	0.00254500150239907	0.00244917739385641	0.00201779711636946	0.00230391047846669	0.00169098216293813	0.00174533563168042
72107	50-54	2	0.00433659434641308	0.00361155710997728	0.00412174990174041	0.00356796518782184	0.00302860947482825	0.00332982350704639	0.00265165426218242	0.00271514361178877	0.00247982110650883
72107	55-59	2	0.00717910053028342	0.00480429489023041	0.00597820280779449	0.00493218930281595	0.00432614976470618	0.0040523365090579	0.004538448010156	0.00425393843053357	0.00426100615627606
72107	60-64	2	0.0102880847886343	0.0097463177702271	0.00968352394531314	0.00889832580916571	0.00742783847479227	0.00667974464927574	0.0064098069746812	0.00528353719033953	0.0047168996861948
72107	65-69	2	0.0107472452537182	0.0112512650213879	0.0118399725838086	0.0137983545954305	0.00939852000097706	0.0107177686829677	0.00896315350103186	0.00666667882032129	0.00709548644090897
72107	70-74	2	0.0242927736985766	0.0211580546321057	0.020540461193939	0.024082644459444	0.0182704676562702	0.0209225938667023	0.0149822822086243	0.0102541569205632	0.0107460422074452
72107	75-79	2	0.0299187300370376	0.0293465991879349	0.0329246982759177	0.0287456855625962	0.029018275886257	0.0319843651194035	0.0272223556862852	0.0241051626507576	0.0295220174198211
72107	80-84	2	0.071209204410993	0.0528445067129459	0.0599223556636381	0.0665470325870454	0.0473816003954967	0.0527275264535592	0.0474212173974123	0.0384568313848654	0.0334875181813548
72107	85+	2	0.137907850391391	0.13691905464731	0.14320901972205	0.12531723596381	0.110515170671802	0.14049886015478	0.0971930253892135	0.108125887251789	0.090260639859012
72109	0-4	2	0.00243641246177856	0.00208452819957772	0.00262745748883648	0.00196794581085562	0.00163076009217539	0.00128851036009277	0.00125937022144397	0.00132704251836227	0.0014359141501744
72109	5-9	2	0.000145044327579976	0.000127293426666479	0.000124391380097063	0.000127850371696501	0.000111093964384044	0.000103448759245706	9.0022959185572e-05	8.04955932765975e-05	8.1751723404016e-05
72109	10-14	2	0.000194181757255033	0.00017113280075131	0.000151555973649825	0.000163826291973466	0.000135622335695131	0.000139992463301835	0.000110227379646667	9.86109024205065e-05	0.000100143535229674
72109	15-19	2	0.000511582837852963	0.000521481846484925	0.000489294904479473	0.000529382892058315	0.000425824258314353	0.000398573771304354	0.000369149731606718	0.000336217408720465	0.000360141450663151
72109	20-24	2	0.00087205113453301	0.00084341330332264	0.00086556140726533	0.000821762908905279	0.000911320216756964	0.000714942887638788	0.000726274169292201	0.000604788143725914	0.000652921044714581
72109	25-29	2	0.00131528509368919	0.00114795309339978	0.00121211869575753	0.00114019411948402	0.00101413282826202	0.000835428240834142	0.000900490322677904	0.000749334429729681	0.00076581376306559
72109	30-34	2	0.00152154692315008	0.00137399633076237	0.00144649090737562	0.00116752117446407	0.00109942114009529	0.00105046920924605	0.00107056792310661	0.00093497366468412	0.00109480392079257
72109	35-39	2	0.00179806781222882	0.00170681672363844	0.00157336022386117	0.00171601486167481	0.00147138110150762	0.0013584748389503	0.00128864910467185	0.00109015262482581	0.00121914913634634
72109	40-44	2	0.0021939148442641	0.00215893008420108	0.00212846227889192	0.0018629280166732	0.00206403660095581	0.0015623556308198	0.00177672545686339	0.00148394979452474	0.00146040408212067
72109	45-49	2	0.00301587648601171	0.00303714196204565	0.00235376129288074	0.00299018091476273	0.00252772147852515	0.00212127608605929	0.00206773555799013	0.00190991107142551	0.00210414663926476
72109	50-54	2	0.00411241119615969	0.00424068984922765	0.00408176980566493	0.0039336193185952	0.00344623526952981	0.00286444957414586	0.00303459051412672	0.00256738101390885	0.00284652350029616
72109	55-59	2	0.00632664449368605	0.00661733369467614	0.00599146783232997	0.00503739333193396	0.00538766553509664	0.00505391377824337	0.00456220809521943	0.003516221615511	0.00365920808598092
72109	60-64	2	0.0119388876389624	0.0099776129152982	0.0104831673558851	0.00930452140361074	0.00872927052766037	0.00733323130168685	0.00575572263888524	0.00541843309032697	0.00558467314157931
72109	65-69	2	0.016735365886046	0.0132156172376523	0.018063845175579	0.0164621383830757	0.0143691627702482	0.0100376340575051	0.0113274138814867	0.00885375741488038	0.00993988923051851
72109	70-74	2	0.0334295035092135	0.0259094488835577	0.0247721327221452	0.0286319986324714	0.018459743510474	0.015797482531091	0.0128998152114053	0.00964680688641843	0.0102055060859245
72109	75-79	2	0.0367522480621888	0.0361649040908529	0.0400224018476992	0.0380397830016119	0.030515602470096	0.0339746481652177	0.0277647393330219	0.0205950258790136	0.0215148729713659
72109	80-84	2	0.0752531005534219	0.0730242114286404	0.0671236472095225	0.0755088169758624	0.063402908848521	0.0572026444807264	0.045435121342708	0.0415427623384405	0.0380580076065411
72109	85+	2	0.193393868150801	0.128462800089569	0.109570183430279	0.120899335984601	0.136303494328111	0.123320940544799	0.112982519143046	0.109519602472752	0.0906983269779684
72111	0-4	2	0.00285995292239918	0.00221345363941966	0.00232431894445874	0.00230896335850495	0.00164348892413949	0.00155658090085169	0.00143097842407975	0.00109215278793434	0.00123985182919103
72111	5-9	2	0.000159003536706316	0.0001261781731579	0.000143154407266347	0.000119984445033116	0.000104481489435702	0.000102600341477177	8.94449075396158e-05	8.02953242103808e-05	8.14815924559163e-05
72111	10-14	2	0.000166701146139438	0.000169929322621726	0.000157863799707406	0.000153347401568161	0.000127160312384972	0.00011891990142418	0.000114916450006575	0.000108737258893954	9.9628810683022e-05
72111	15-19	2	0.000528938430109244	0.000493512604618653	0.000481547729256833	0.000464407604419675	0.000428954320063351	0.000387082932474358	0.000344656652810876	0.000328763433681266	0.000335756426721779
72111	20-24	2	0.00093509186955964	0.00087317507119252	0.000885610941722456	0.000812261769343428	0.000742746336765548	0.000675300953548159	0.000660304543707231	0.000649442630804987	0.000661316797462787
72111	25-29	2	0.00110862959209554	0.0012053253599784	0.00107331382026516	0.00117660518478809	0.00096282373068146	0.000869513335273282	0.000822312032191381	0.000760005484215882	0.000716631031766264
72111	30-34	2	0.00135546579817246	0.00123630823503189	0.00134647531554898	0.00135811910363246	0.00112763671062138	0.0011303311444182	0.000969954340787459	0.000902429588584474	0.000837720406168492
72111	35-39	2	0.00161478843778294	0.00151878165371272	0.00150269887409627	0.00179336743173426	0.00132421384085024	0.00118188324985289	0.00122081201988554	0.00107131524086044	0.00100801713915356
72111	40-44	2	0.00224649388967269	0.00201530678990648	0.00197090445147519	0.00221555508609611	0.00169289123279776	0.00155906922003266	0.00143727744149054	0.00130115325810437	0.00161689425368583
72111	45-49	2	0.00308526239095955	0.0029476311541779	0.00263586848654293	0.00321016038814378	0.0026322096640849	0.00201100042459253	0.00211892012208553	0.00179755212027377	0.0023775220829255
72111	50-54	2	0.00448729003584824	0.00415786127757068	0.00407590222868692	0.00439983103868546	0.00392235897677277	0.00341088931191396	0.00306509211882238	0.0028973361594777	0.00344744876991868
72111	55-59	2	0.00648786723565787	0.00683406874996867	0.00714618866405966	0.00620314084822407	0.00582923065592487	0.00455231668222342	0.00417381870294013	0.00383953295039314	0.00412532407204641
72111	60-64	2	0.00931807946041499	0.0100291757158433	0.0122155818651127	0.00885189087208619	0.0115546579876038	0.0101539613914298	0.00679945484686746	0.00665955133449411	0.00592198887636087
72111	65-69	2	0.0167982509742356	0.0198628899450532	0.0191949145392582	0.0175243452679013	0.0146373787323513	0.0131934828122885	0.011062963595094	0.0102648497026692	0.00953323031772624
72111	70-74	2	0.0310077791463932	0.0273390608699198	0.0275200322473253	0.0296902723939885	0.022483072378457	0.0204046667814267	0.0177052258414713	0.0156586220259524	0.0147437841713831
72111	75-79	2	0.0383683960917394	0.0393999684941978	0.0361385088701969	0.0378513309060698	0.0338688205165564	0.0276929876543671	0.0298030501932617	0.0255135546654895	0.0279594389778324
72111	80-84	2	0.0725590572984638	0.0691142566543316	0.0754633261589795	0.0560844696325949	0.0536198925571057	0.0441865290503248	0.0495348973385553	0.049448232622614	0.0427456282403474
72111	85+	2	0.12034454543803	0.113900161579124	0.156232833108789	0.102360792041971	0.137615649741497	0.131775940650482	0.149604234217103	0.115676892878919	0.105645082750754
72113	0-4	2	0.00355158901784288	0.0032915935648489	0.00288213891992899	0.00245722754298968	0.00170589619088027	0.00193986599106023	0.00216417571036567	0.00140974445864926	0.00136450185984723
72113	5-9	2	0.000147060964322483	0.000177658527524163	0.000147613604889081	0.000153342149386057	0.000123051392182155	0.000114075872906285	0.000103665899234324	9.13797232797826e-05	8.98383040406107e-05
72113	10-14	2	0.000210720335999131	0.000223821487501944	0.000195624660222619	0.000183655657032328	0.000132509659483513	0.000117456659075925	0.000122370481073529	9.93993343828384e-05	0.000102117036649879
72113	15-19	2	0.000433641583577372	0.000511676438261656	0.000498694610406269	0.000422284226157593	0.000430444264220842	0.000370631745645804	0.000347932159658587	0.000321987765699874	0.00031695983908358
72113	20-24	2	0.000759565085259144	0.00080835558714267	0.000841142287795887	0.000749744968298062	0.000663640706535061	0.000625547959909355	0.000616613856582813	0.000549728649085969	0.000704915769505226
72113	25-29	2	0.00076635819627323	0.00118289517734706	0.00128166909403705	0.00108765437805331	0.00106330776642086	0.00086258991641205	0.000723799176090651	0.000801497717243863	0.000736305242072496
72113	30-34	2	0.000792338049205195	0.00151860625123687	0.00166228658228282	0.00182017202838872	0.00110183238022949	0.000838956018371142	0.00096193741806031	0.000837153731936012	0.000754768876256556
72113	35-39	2	0.00148801627551575	0.00138981402304873	0.00219494785873007	0.00193394266717749	0.0014708541003763	0.00134333543370771	0.00140651826531012	0.00108442109621818	0.00112102040187975
72113	40-44	2	0.001765249718137	0.00178453903843753	0.00255620350538899	0.00216640062054644	0.00195951965095701	0.00182084163163572	0.00177448185435056	0.00171010805403143	0.00142320753753248
72113	45-49	2	0.00285873779235816	0.00271598534857859	0.00330670370128704	0.00303254569286826	0.00233262715153536	0.00263608386678931	0.00284565350723713	0.0023436200854862	0.0021780189570702
72113	50-54	2	0.00382845395457667	0.0044875186046952	0.00371035934168665	0.00403001242975068	0.00327199537854694	0.00363931716792641	0.00326780923663102	0.00364987602797999	0.00289880605438242
72113	55-59	2	0.00683963081408943	0.00594940494150125	0.00657025223140897	0.00575880827543355	0.00605901126940814	0.0050937694309504	0.00472226403698566	0.00440742375691001	0.00494696460683535
72113	60-64	2	0.0111900465472321	0.0116536990475833	0.0104585730525384	0.0101821565562822	0.00848177474776991	0.00758008562288926	0.00693518042405516	0.00654874466299895	0.00475876927822457
72113	65-69	2	0.0165364356024056	0.0165975226847681	0.0165461840730781	0.0147516447401413	0.0154040656620454	0.0100371503007043	0.0106287077941815	0.00989686949556731	0.0104744988161029
72113	70-74	2	0.0313609934038193	0.0318044120544565	0.0261242703788909	0.0231794171203301	0.0220536884486407	0.0182304844378928	0.0179290304266989	0.0135902460611568	0.0157518918077467
72113	75-79	2	0.0402673637045666	0.0430422609382541	0.0394361949340538	0.0405544490016952	0.0371848242655048	0.0323790764455855	0.0286006506822398	0.0214551851523742	0.0226871109831455
72113	80-84	2	0.074604626842878	0.0728271310075748	0.0686553566685387	0.0644363565400513	0.0571400833663883	0.0514454643330483	0.0511724659310835	0.0428398323523867	0.0401169416067424
72113	85+	2	0.141076253908637	0.138349940720504	0.136461596217303	0.137456972416052	0.135063872746769	0.131032343590067	0.124880900575722	0.114675753342859	0.109551826798528
72115	0-4	2	0.00245710233738321	0.00176541095604162	0.00189238952526378	0.00210312065257649	0.00171544752569606	0.00145944436627834	0.00150241892096403	0.00125445876350159	0.00110409660573366
72115	5-9	2	0.000135608105022682	0.000125526616114191	0.000122197605025305	0.000125281875349396	0.000103368134166982	0.000106429599751727	8.81951348019033e-05	7.89841468340365e-05	8.02295525928134e-05
72115	10-14	2	0.000164485207986151	0.000160186568144565	0.000163977283695823	0.000144773623746372	0.00012587994258084	0.000117247596125833	0.000113160485570371	0.000101612719254398	9.81259321870476e-05
72115	15-19	2	0.000500025948105056	0.000591010874899805	0.000577977216803845	0.000466423275186907	0.000409832621488231	0.000403366937733288	0.000356363829705776	0.000323655730416673	0.000314513592024119
72115	20-24	2	0.000853305878091032	0.000832242974773089	0.000807722781119768	0.000851090806517163	0.000747159594712699	0.000648287982143639	0.000628023266675094	0.000547678338821303	0.000613293243062348
72115	25-29	2	0.00109249072349665	0.00105143359943471	0.00110837046420348	0.000996039602276163	0.000880190820431538	0.000820241985923987	0.000743522800882683	0.000710972747627815	0.000788808158335967
72115	30-34	2	0.00148833948629492	0.00128090620282605	0.00118986208000942	0.00124526045196993	0.00135386008137191	0.000959997001754324	0.000927657378511072	0.000834554536724521	0.000811140759304961
72115	35-39	2	0.00184372731305221	0.00169893697617609	0.00149383313978582	0.00147059422117651	0.00135476771802055	0.00152911344852434	0.0012682152455626	0.0010210468336509	0.00142276046734998
72115	40-44	2	0.00224974332906389	0.00207809470138247	0.00196454040830613	0.00219500388528049	0.00161974772689681	0.00157790328910702	0.00155495389710242	0.00155504468999724	0.00138844897653829
72115	45-49	2	0.00254703802453509	0.00316187971865997	0.00220187278879859	0.00270458083165867	0.00236448807994685	0.00209618796447732	0.00230893955067509	0.00171481865719208	0.0021044173552278
72115	50-54	2	0.0042317432786855	0.00387265983196717	0.00367597250808356	0.00466907499774022	0.00366072095631587	0.00349010306843192	0.0028579167339727	0.00255899698129781	0.00250793303330597
72115	55-59	2	0.00707213462756911	0.00741481183735712	0.0068165070012825	0.00605626804269015	0.00529381102624537	0.00486132965610487	0.00476512388261242	0.0037535831802536	0.00529935801848693
72115	60-64	2	0.0110880663752351	0.0115534238788407	0.0104946997316091	0.00878321019002264	0.00721936054108245	0.00822374785855653	0.00764134788437734	0.00612776453720019	0.00585239852454221
72115	65-69	2	0.0160191584507085	0.0160004460452142	0.0165421429924578	0.0170063849672603	0.0117646170439587	0.0144629935451674	0.00905898765914162	0.00760743258927489	0.0083281503816866
72115	70-74	2	0.027889193781797	0.032263228472381	0.0240701059782402	0.0264219901667984	0.0220245353397813	0.0166874593145316	0.0164202107803399	0.0148373990575234	0.0160941023068644
72115	75-79	2	0.0383607938645657	0.0439321862423927	0.0457044284376925	0.0414817917110149	0.0396221755067845	0.0290697368550428	0.0299630312596574	0.024871688743057	0.0245631520641741
72115	80-84	2	0.0605172250234984	0.0755029038143465	0.0638560372595087	0.0573126998314821	0.0622695504040421	0.0498004524778498	0.045192599994874	0.0521748781641184	0.0398976047336811
72115	85+	2	0.153568334165515	0.209019750737538	0.137781556943339	0.157244473659358	0.119291343001357	0.114980243135412	0.123140428653818	0.122919359628017	0.115013460901212
72117	0-4	2	0.00244801541693918	0.00195732346203606	0.00177461524079517	0.00175940132735526	0.00135533023069413	0.00155717821358245	0.0016248991886941	0.00123150723683416	0.00107606579672222
72117	5-9	2	0.000121147952942875	0.000117830959266015	0.000114786825223596	0.000111872242557072	9.66455270398106e-05	9.00478666578449e-05	8.20483624412957e-05	7.33586255617307e-05	7.42954903715477e-05
72117	10-14	2	0.000163966355854745	0.000151453348800699	0.000140293454839072	0.000137025978000348	0.000118460650368847	0.000110245433988879	0.000105713874659785	8.98576682131707e-05	9.10407921173014e-05
72117	15-19	2	0.000469363457263965	0.000506767376547922	0.000449956828802384	0.000509027948169618	0.000382354737777566	0.00035674133890533	0.00032556071837851	0.000292571429248431	0.000296276374630499
72117	20-24	2	0.000854422998702607	0.000828914588560279	0.000926397491606104	0.000819827647260709	0.000716905390780361	0.000680513690610812	0.000594345735903927	0.000589626614059523	0.000540057044978905
72117	25-29	2	0.00105540688702381	0.00102620686265033	0.000999560982257327	0.00106915530363544	0.000851429286190847	0.00087536696982684	0.000740344507165522	0.000667435480877645	0.0006711490964391
72117	30-34	2	0.0014160537875402	0.00132413559197156	0.00128650263569617	0.00129598045276089	0.00103511524107781	0.00101746721660637	0.000895800113321506	0.000789490143978527	0.000841303525684671
72117	35-39	2	0.00152007383273839	0.00153462936433799	0.00155152014397998	0.00156905960754637	0.00150398164769098	0.00130253112990157	0.00119138097911809	0.000985645505193814	0.00101501377062808
72117	40-44	2	0.00209767385834055	0.00220482900838809	0.0017954188261588	0.00166217158170575	0.00179714690132204	0.00160971534521528	0.00142964959821713	0.00124516343050294	0.00125270126881415
72117	45-49	2	0.00291810454431606	0.00286327263540894	0.00241163505128928	0.00262247139179955	0.00248984498345502	0.00214808110299516	0.0018904937323016	0.0019307944629571	0.00194408723711342
72117	50-54	2	0.00382725596786174	0.003909244698166	0.00392958529360674	0.00361664593640108	0.00319416271046395	0.00307592063185956	0.00254471567470422	0.00286033124314853	0.00266453830697566
72117	55-59	2	0.00573612187630836	0.00735904918905315	0.00613205243733857	0.00562409695182781	0.00448909467231109	0.00484317301515377	0.00382115912940774	0.00376804639295767	0.00376999823637366
72117	60-64	2	0.00978093966960699	0.00935828977894547	0.0088460317890469	0.00925104599600663	0.00696734471990672	0.0063009436459358	0.00612999379830003	0.00533151048949125	0.0044549211473002
72117	65-69	2	0.0124227105402347	0.0153193275868714	0.0133924513314936	0.0128147260847915	0.0100680082435668	0.0115834999569667	0.00847944707338855	0.00927339007529815	0.00739658982100252
72117	70-74	2	0.02435124875525	0.0223861116663389	0.0229632950899911	0.0234562612273191	0.0174031378888307	0.0188708299168169	0.0155222202075723	0.00991540998543192	0.0124066012410602
72117	75-79	2	0.0442866723434997	0.0397866296756886	0.0388157966027961	0.0312247188036827	0.0263458720217571	0.0310050288697392	0.0241970073186546	0.0229543504801994	0.0214305400179034
72117	80-84	2	0.066734534950073	0.0687530000485683	0.0652673595471993	0.0609304155242028	0.0544899151642321	0.0595907051559215	0.0444460250846863	0.0329588277605117	0.0341193361846372
72117	85+	2	0.137487869688235	0.149695943814977	0.135913365878992	0.111880261017076	0.103638010894059	0.112562734523823	0.117734959524169	0.0874706966073735	0.0837481316911436
72119	0-4	2	0.00262529356375572	0.00273188299581454	0.00287020527484442	0.00196417417783386	0.00186558140051402	0.00137594373896655	0.00176184786166803	0.00111315436779507	0.00142047793868383
72119	5-9	2	0.000137497172737477	0.000146857998978335	0.000143619101282541	0.000140159516230697	0.000116036026878258	0.000108717763105509	9.0833764254751e-05	8.60232925034809e-05	8.36336170473831e-05
72119	10-14	2	0.000182583518184464	0.000168361562953233	0.000157098968898016	0.000161526570824298	0.000147716232504892	0.000125379770412416	0.000109898715053863	0.000104431166423105	0.000101668696640477
72119	15-19	2	0.000525184261474648	0.000518723958479965	0.000484016693922689	0.000519458851018218	0.000374625693643445	0.000398213086947199	0.000390180919076563	0.000330838506830744	0.000343670768163567
72119	20-24	2	0.000936619576479971	0.00103914735793014	0.00092189478675274	0.000868813376604732	0.000777637601027957	0.000671750739347112	0.000576752179806129	0.000541067420115898	0.000661595987552895
72119	25-29	2	0.0010326769095128	0.00130351296168997	0.00123932182891675	0.0010647437214051	0.000953915236784732	0.00085351829924073	0.000811339246491823	0.000757318547744557	0.000779366589915637
72119	30-34	2	0.00123610076363821	0.00128093065426839	0.00140104736466774	0.00140010147341256	0.00130793945216043	0.00108445664993324	0.00108084569803826	0.000843120843218325	0.000930515574514159
72119	35-39	2	0.00185363447585883	0.0016088313056224	0.0016699255123216	0.00165711380202903	0.00128275981958833	0.00157045250090888	0.00121015011864341	0.0010222581859481	0.00154148422705033
72119	40-44	2	0.00226718715540731	0.00191943067950745	0.00206853989951275	0.00222911839526148	0.00211815226546195	0.00160221490256337	0.00153585054195047	0.00136556537177374	0.00149334017581169
72119	45-49	2	0.00291589097836354	0.00252666074023416	0.00269321251905205	0.00333120210971583	0.00237014666733711	0.00252824702814925	0.00233289932124039	0.00222223413791674	0.00215769620760068
72119	50-54	2	0.00482154594658177	0.00377756375002252	0.00414265846772361	0.00395190051320767	0.00361518365978311	0.0029488635128868	0.0034573554876463	0.00208354074146021	0.00277315382862362
72119	55-59	2	0.00737927537039956	0.00603118544896252	0.00629995417734433	0.00613109667426487	0.00494256769207119	0.00395443279628856	0.00479000618378951	0.00396993564310663	0.0036637915182066
72119	60-64	2	0.00985668067382974	0.0108780004081518	0.00907014901667462	0.0107404648014642	0.00756531325761289	0.00861763181018765	0.00555190828839657	0.0046187658094564	0.00746300010107103
72119	65-69	2	0.0181372269509885	0.0134254056972894	0.0134288909697189	0.0143187009416517	0.0127484729651892	0.00972218072140738	0.00959116303254272	0.00935151473547407	0.00969014329994379
72119	70-74	2	0.0280227265361735	0.0284751407033778	0.0251328678690412	0.0266258800231636	0.020663883588678	0.0156980242586473	0.016268019352767	0.0164779922273041	0.0131893239655144
72119	75-79	2	0.0366306152354371	0.0434191239334856	0.0370183906454775	0.043907011953883	0.032481640388582	0.0307029469099614	0.0274033695768031	0.0228987369192525	0.0246339522006166
72119	80-84	2	0.0776307449062994	0.0595232022630906	0.0579808795077869	0.0587006005966211	0.0524755649947668	0.0605176154938173	0.055507219113427	0.038009344157389	0.0358035223716676
72119	85+	2	0.148108863579145	0.162360601999352	0.125214953396271	0.124918168309833	0.119623328223613	0.107517185506541	0.109276078226532	0.106869642328358	0.103640380035243
72121	0-4	2	0.00256723576497962	0.00188451145597638	0.00221788935431088	0.00210344735302845	0.00204675249250027	0.00222248096780495	0.00161564645732737	0.00110354849085177	0.00166052299557782
72121	5-9	2	0.000150068779318942	0.000125482207608749	0.00013579770932874	0.000125792206696446	0.000103728577516965	0.000101909227663633	8.85987890628347e-05	7.92990140519336e-05	8.05694665030565e-05
72121	10-14	2	0.000157547924006876	0.000168560289092345	0.000156889900733711	0.000161300271311827	0.000126716240846778	0.000118012024589337	0.000108141228182303	9.7115427287481e-05	9.84918879549882e-05
72121	15-19	2	0.000507426703890824	0.000491910601914778	0.000504321806409663	0.000471711041204112	0.000435287050864025	0.000371103730053439	0.00034067283371152	0.000309563330058564	0.000316683855358529
72121	20-24	2	0.000890286089294464	0.000942051993910262	0.000879167141801923	0.000781089565355026	0.000893413413629956	0.000689864420425385	0.000610338645689071	0.000636685332493861	0.000566623169365339
72121	25-29	2	0.00118994881571931	0.00115192348912359	0.00121440485502588	0.000990343969845497	0.000915676984594283	0.000871632417113123	0.000793807534339361	0.000758707753856049	0.000694265094228278
72121	30-34	2	0.00173897364032683	0.00120098224843503	0.00127942506925659	0.00135146276229295	0.00111327500484118	0.000968382337743227	0.000946150283804108	0.000851398560820589	0.00082663448944646
72121	35-39	2	0.00177931501366198	0.00157968203984126	0.00147499935507265	0.00155468689985003	0.00133046663885859	0.00136809038910769	0.00117347458941491	0.00104503414298672	0.00118613421124369
72121	40-44	2	0.00191978208938831	0.00185699155761289	0.00234813831573758	0.00204574098420727	0.00197994741653856	0.00153557011107069	0.00162650627201167	0.00118693765466714	0.00144071693577491
72121	45-49	2	0.00318093846826408	0.00278469292015456	0.00318708887402826	0.0026854314224478	0.00301446674958692	0.00288000554941143	0.00218902991451926	0.00194333363964552	0.00198612432982171
72121	50-54	2	0.00473032513430645	0.00521000782500034	0.00405868155809346	0.00455286862604934	0.00395602228335127	0.00352934355433363	0.00293863449781222	0.00265932981555614	0.00294784213333285
72121	55-59	2	0.00588812125232667	0.00701777725947087	0.0054147177908799	0.00749340015455696	0.00579535099530693	0.00538849804839219	0.00455219075231164	0.00453157012768706	0.00400603260325069
72121	60-64	2	0.0112387633387992	0.0096907353545832	0.0100039773663808	0.0114284497451649	0.00803726925990654	0.00916414397170819	0.00691773560016602	0.00506144321097454	0.00560298619948337
72121	65-69	2	0.0143594034691262	0.0145413284234067	0.0145647276351783	0.014169282132857	0.012092924886223	0.0138662307374156	0.0108652710694016	0.00888035089710819	0.00749183335007789
72121	70-74	2	0.0298384053769957	0.0232828260651458	0.0255853364214115	0.0231779017659951	0.0186134755874348	0.0175885726050318	0.0160749002928622	0.0160846136572424	0.0141144427879676
72121	75-79	2	0.0524240983971584	0.0369030694863771	0.0488453149870811	0.050085779643747	0.0326051574833789	0.0341653083483843	0.0280787744738815	0.0240795401424294	0.0207904219622836
72121	80-84	2	0.0612963113107203	0.0700482337302197	0.0795707366119221	0.0765372386772987	0.0583207192649642	0.051843765303033	0.0457971599066384	0.0520198294086409	0.0431693964218041
72121	85+	2	0.149368569909863	0.153619817753426	0.121935057349324	0.145824525278883	0.127768744355985	0.129211048015731	0.116452424351829	0.103445155277013	0.103896822787111
72123	0-4	2	0.00245489424944641	0.00300722300542553	0.00272185038397537	0.00178675997805558	0.00164790746962311	0.00201986858113261	0.0019658532911617	0.00129405242841091	0.00130370916433301
72123	5-9	2	0.000143628965374897	0.000133311685565035	0.000136730954295502	0.000133149999117376	0.000110078876533124	0.000103134451831446	9.45617497875118e-05	8.47753102442819e-05	9.08227794038454e-05
72123	10-14	2	0.000173947706721071	0.000169629666089376	0.000182987334147197	0.000154624964117466	0.000141373879655189	0.000125565134406697	0.000127362016296655	0.000108973950754055	0.000105429697260579
72123	15-19	2	0.000516874055774448	0.000600559285259229	0.000472923710717919	0.000577328052354892	0.000447937321040854	0.000383806622502981	0.000355449363540433	0.000377167690298219	0.00033637484841567
72123	20-24	2	0.00106896351336023	0.00108573649196313	0.000933593541439174	0.000935806760845987	0.000763337587958815	0.000706984581791343	0.00072104947538751	0.000632554654883983	0.000653926723892715
72123	25-29	2	0.00119652959907278	0.00125971473956737	0.00132146867611111	0.00132588171173155	0.000930627634934908	0.000877442235580019	0.000844855568060599	0.000832732197179346	0.000774135162992378
72123	30-34	2	0.0013818783093217	0.00123498186751451	0.00167736250756475	0.0013547666052143	0.00121406403857273	0.00115288329863221	0.000997686541347858	0.000926268303679671	0.000878491889101452
72123	35-39	2	0.00184885224523401	0.00150602324908903	0.00229775819747679	0.00200411653205064	0.00139000904585931	0.00171195677285582	0.00128826364666038	0.00116029053296655	0.00123390530171642
72123	40-44	2	0.00251409938729994	0.0020802380149588	0.00196466664559758	0.00202633574566287	0.00207229647078133	0.00204487975165498	0.00169008197026127	0.00125805355064162	0.00140273843059108
72123	45-49	2	0.00357274647492319	0.0028192024647285	0.00290912124820216	0.00268919337032746	0.00244539249607122	0.00289616417838783	0.00216769190015699	0.00204370310568516	0.00265320683038186
72123	50-54	2	0.00461767319280643	0.00529190880708715	0.00492488726559817	0.00392950319467347	0.00376414872312641	0.00330532866243672	0.00397123307618556	0.00280138799804561	0.00255991326211091
72123	55-59	2	0.00862906790285693	0.00778103706654933	0.0068373984771745	0.00743464510372419	0.0058291307572133	0.00527697799956839	0.00433126768778323	0.00333793285338975	0.00404718437092146
72123	60-64	2	0.0108829619704757	0.00941363552386238	0.00976877449916286	0.0116663791183123	0.00756257626264631	0.00762219767659881	0.00627063134355966	0.00501226351725707	0.00543420549457949
72123	65-69	2	0.0188160511825196	0.0195486450483232	0.0159366071669987	0.0157216902385074	0.0114864799827728	0.011520651126301	0.00972236608533443	0.00823859654731605	0.0081853585674332
72123	70-74	2	0.0277317503451039	0.0287036316478015	0.0244063386468235	0.0229363565792882	0.0219050083992832	0.0190946209533249	0.0182056280253063	0.0134122246287125	0.01416668466274
72123	75-79	2	0.0469339919947139	0.0438117429828228	0.0439655221761825	0.0429350314005614	0.0366896110252586	0.0333418583475081	0.0232392254503766	0.0213297683132722	0.0198503199534932
72123	80-84	2	0.0672987512499529	0.0773064703247246	0.065151201361519	0.0567149580133313	0.0540926216614149	0.0532225341998389	0.042054174526382	0.0414996969647348	0.03922837237468
72123	85+	2	0.154987459549357	0.141713653059846	0.142757587105249	0.162076369739046	0.138157048287777	0.151594658472388	0.108858455207433	0.107597642775318	0.106242589244986
72125	0-4	2	0.0030648308638096	0.00221096873112579	0.00227281119915274	0.00251293729568999	0.00182144530435683	0.00189422318946147	0.00180372853729047	0.00133696112613597	0.00116147126696329
72125	5-9	2	0.000122768236793414	0.000125506276481909	0.000135953558319144	0.000126155443340576	0.00010991949946709	0.000108176950299824	9.43283690552006e-05	7.62646730151537e-05	7.76072126952788e-05
72125	10-14	2	0.00014952775587866	0.000152451700899436	0.000164957520218935	0.000146196940031116	0.000127465830833617	0.00011313445550156	0.000109220557995029	9.32037254592098e-05	9.48251481435343e-05
72125	15-19	2	0.000452750612883858	0.000460902550965212	0.000475613598121184	0.000451472819280374	0.000385737518624358	0.000380377004929022	0.000353577553729988	0.000324170689026402	0.000332988507435326
72125	20-24	2	0.000821692887348665	0.000835218370057506	0.000704202173117291	0.000815853646101579	0.00073484355281637	0.000678937575363829	0.00058180185801873	0.000568269552874627	0.000532646376458015
72125	25-29	2	0.00108990810775188	0.00100969308104188	0.000910413816203426	0.000926237251449099	0.000799985660942894	0.000732288719321557	0.000730325412383527	0.000636645118327147	0.000779284009441072
72125	30-34	2	0.00128075106209389	0.00112852449911489	0.00120348386686614	0.00131760414575361	0.00102526181928282	0.000985144863762066	0.000922329769668792	0.000903004894340391	0.000872248608924124
72125	35-39	2	0.00159624478960568	0.00139105819871432	0.00151046195439706	0.00135982493509158	0.00131730348808056	0.00123003173914765	0.00122354632353936	0.00115114096755206	0.00109708716341811
72125	40-44	2	0.00186616730528458	0.00215655842195169	0.00199567292830616	0.00223529997140936	0.00158885668095414	0.00159498905713912	0.00137103837308164	0.00124204989342813	0.00186753897859775
72125	45-49	2	0.00272108277173238	0.00281748769120623	0.0026628697639379	0.00305626066903789	0.00242692555155208	0.00213893435165485	0.00218376958633299	0.00149144101852183	0.00226899898298378
72125	50-54	2	0.00549239814245675	0.00380429746419218	0.00364221487544329	0.00470684919113936	0.00350032896115579	0.00299643395166232	0.00347306713656921	0.00298547621131112	0.00239261675056376
72125	55-59	2	0.00609696357575923	0.00492041355032164	0.00654589002207163	0.00578165762024069	0.00594251156462478	0.00497493265421992	0.00481560081282995	0.00403799560402858	0.00385077904097464
72125	60-64	2	0.0126587678875762	0.00817936995542305	0.0102444298216673	0.00968480806002434	0.0104641088881397	0.00778666053528324	0.00710248562962751	0.00612158237413895	0.00548450097077847
72125	65-69	2	0.0151334106564703	0.0173079866558355	0.0138760764286737	0.01368513851618	0.0141716885547286	0.0139583787100553	0.0134677537908838	0.00822428594269191	0.0107507330914347
72125	70-74	2	0.0261119749560548	0.0292225314670628	0.023960328478856	0.0261993403466306	0.0182857427154714	0.0189349782946128	0.0173251240514755	0.0130899641318585	0.0180134796061844
72125	75-79	2	0.0464827985553759	0.045202577440947	0.0390165568070964	0.0380813113492123	0.0312052712589417	0.0299199474284459	0.0266715155796291	0.0222869674732528	0.0210635250947865
72125	80-84	2	0.069518714809691	0.061756728527835	0.0634705986369667	0.0563488056996245	0.059399767622049	0.0525541146972952	0.0491697502630795	0.0492392003723248	0.0451097677328824
72125	85+	2	0.146450664306393	0.152239897432427	0.145761201709558	0.116900972294464	0.119404291103916	0.119637361819226	0.111674366290139	0.11950655810732	0.121728870877751
72127	0-4	2	0.00413078685073146	0.00333643505140479	0.00330358734198446	0.00261781931639457	0.00204877978806129	0.00218594532306263	0.00154363127573922	0.00150034493601329	0.00162148519872023
72127	5-9	2	0.000178621625743127	0.000168519445258813	0.000180108951840736	0.000180183287957359	0.00012392611060009	0.000113358739015613	0.000106538825587557	0.000110543469790409	9.40202877394639e-05
72127	10-14	2	0.000196978625199974	0.000186164652316838	0.00021707737183926	0.00021609176531638	0.000148444396650672	0.000139997688288543	0.000136702459577291	0.000123504642048459	0.000113882017647323
72127	15-19	2	0.000582502727167907	0.000477144151087273	0.000522336033609205	0.000549396013789616	0.000414493661251923	0.000394971641345001	0.000305662943643577	0.000262335018827879	0.000296254030444594
72127	20-24	2	0.000611933249279531	0.000798395268492274	0.000970570459740056	0.000694354570877762	0.000576501706655938	0.000702129533197962	0.000552394056131801	0.000484070116965432	0.000463906956519528
72127	25-29	2	0.000772142375433634	0.0012015391792933	0.00172223799516002	0.00130790574077148	0.000782286777539848	0.000684589344617967	0.000710502858826762	0.00052839142085599	0.000590452532062917
72127	30-34	2	0.00115850085228039	0.00156016721350957	0.00217407946695913	0.00183828675204726	0.00123816910054998	0.00107905696975557	0.000882259685020777	0.000953300244033317	0.00069284498148483
72127	35-39	2	0.00156401133539188	0.00191379611500231	0.00233507124693828	0.00275380482702991	0.00180180735322932	0.00150968962545111	0.00119067357064143	0.00110757634929587	0.00114044341493948
72127	40-44	2	0.00205449620430859	0.00221357970533589	0.00262393220130088	0.00276143396323025	0.00203606427455119	0.00199643223207762	0.00155522050035027	0.00152171457834527	0.0014154195581028
72127	45-49	2	0.00275898961767227	0.00285920007734534	0.00331443447069206	0.00308298237646909	0.00288440044117815	0.0025268568213277	0.00258401861971016	0.0020406086261491	0.00196203126219584
72127	50-54	2	0.00413128421551815	0.00446456307077325	0.0041478780373749	0.00392019595945105	0.00391625919267625	0.00373437124292655	0.0036707048018123	0.00289420104288899	0.00286190014668684
72127	55-59	2	0.00641680627008131	0.00600441890597606	0.00558961838471031	0.00537682440031826	0.00539102599981017	0.00502998343974659	0.00469736305065802	0.00418970011911072	0.00470717732960801
72127	60-64	2	0.00927886032132539	0.0086809990930183	0.00855713238368928	0.00827290697279291	0.00795896946194112	0.00654856952807488	0.00674376929152392	0.00597339888661111	0.00667174395985742
72127	65-69	2	0.0138655931745069	0.0139759919439591	0.0126062429367511	0.0127439200455493	0.0107756880564633	0.00997184457988174	0.00898296657077728	0.00850390305065056	0.00910302400180955
72127	70-74	2	0.0242386476650565	0.0222020073906079	0.0218864388435228	0.0202747563981723	0.0167217952442712	0.0151504735059154	0.0147941134122049	0.0120499240934787	0.0127750525739721
72127	75-79	2	0.037311776786118	0.0353743077309248	0.0326428402453477	0.0307827803519469	0.0278576736749644	0.0260506315798273	0.0241701735593994	0.0224842715850527	0.0218908239865722
72127	80-84	2	0.0676028804950192	0.0646367938306998	0.0615304243487766	0.0577663312310786	0.0497359760073248	0.0475182233064765	0.040319802996471	0.0381718205439954	0.0377252780265511
72127	85+	2	0.144947659620068	0.132847242576901	0.12972592890923	0.127751741968036	0.11369899039347	0.113753324887372	0.111983440757864	0.106938696546947	0.106595208912544
72129	0-4	2	0.0027498622581455	0.00210101292221087	0.00212240260046554	0.00227339213127965	0.00153908028385168	0.00129432245089366	0.00122978091095928	0.00118282882713028	0.00122669534583418
72129	5-9	2	0.000131709729882569	0.000128060242184333	0.000119055416183543	0.000121942682957088	0.000106330587324998	9.9322783714091e-05	8.6600534292412e-05	7.78973379574649e-05	7.91244724977644e-05
72129	10-14	2	0.000174535522623776	0.000147644344722505	0.000151955515794261	0.000163484081666129	0.000123140059775553	0.000114849428038977	0.000105372043540981	9.50264274085852e-05	0.00010164490923312
72129	15-19	2	0.000479547845887751	0.000476456671183729	0.000489405730800475	0.000514504244075171	0.000418439335723722	0.000430701406937841	0.000321757533868282	0.000325031785569115	0.000303538190894072
72129	20-24	2	0.000862614636817035	0.000908651744152669	0.000789395033825718	0.000770099152147584	0.000743560131726233	0.000685316480804338	0.000661480151099772	0.00056248108964759	0.000527788181264279
72129	25-29	2	0.00122415317599674	0.0010473376908924	0.00101575825723574	0.000920125380317401	0.000790274102668545	0.000801777328720608	0.000806042963226281	0.000632137772411711	0.000695162795219289
72129	30-34	2	0.00138582781233595	0.00121779701292375	0.00120847397631359	0.00124775501322524	0.00125651539183509	0.00093454252279117	0.00094179054375157	0.000904034488434735	0.000779301145461907
72129	35-39	2	0.00170167326270305	0.00152431585993944	0.00148539820260139	0.00155507132954567	0.0014506036775726	0.00128307321904927	0.00104605005322675	0.00112419424706327	0.000967885867343793
72129	40-44	2	0.00229507713086565	0.00191946339627115	0.00197325043941855	0.00200116731923769	0.0017107822821624	0.00157834628042866	0.00148855220156383	0.00115081746342764	0.00115512186085781
72129	45-49	2	0.00297186092596349	0.00284204861505569	0.00221406726093796	0.0026346006590543	0.00262544435669702	0.00208599575160165	0.0016410780078707	0.00178589955558781	0.00217271486089701
72129	50-54	2	0.0040147707115341	0.00366826252950981	0.0043362020143098	0.00304547627914378	0.00424141671423995	0.0027491989156971	0.00287117591512578	0.0026818018222513	0.00253234251367641
72129	55-59	2	0.00699411278639354	0.00669215591596545	0.00575712278463229	0.00647421688927306	0.00455700810476869	0.00489766826525388	0.00408717806298552	0.00306119121220721	0.00417836514546895
72129	60-64	2	0.01036900327102	0.00916458263981372	0.00884249606772309	0.00867715585103753	0.00791066848975633	0.00786558072266334	0.00694033000648245	0.00519822094753556	0.00482388622699548
72129	65-69	2	0.0146700282131756	0.0117827282409499	0.0170478336486673	0.0153137647378996	0.012546630649071	0.0103977355439336	0.0076229283547894	0.00841555179056344	0.00840376727954963
72129	70-74	2	0.0227477783097828	0.0245059447671986	0.0214721217136313	0.0238950011946927	0.024871990105914	0.0180647247019055	0.0153638058950762	0.0121879944074482	0.0152632912474057
72129	75-79	2	0.0407470717292503	0.0438704693223095	0.0378050432844838	0.0384103108810561	0.0270819493845269	0.0324063991310169	0.0270713784271159	0.0212888899468777	0.0263264206858406
72129	80-84	2	0.0673359914604017	0.0621326182524913	0.067280043412007	0.0771650398549955	0.0556285132127406	0.0558361966363669	0.0502438454813625	0.0394098641505928	0.0352684146628461
72129	85+	2	0.127354967279893	0.132502082661701	0.121445889423175	0.121214211211324	0.120109423078125	0.130355660479768	0.111240274946674	0.0989028687515689	0.102108516209431
72131	0-4	2	0.00265483706256345	0.00214844014003629	0.00264005106878246	0.00177552169055087	0.00175402191730716	0.00135579107333352	0.00124125602514476	0.00109639762447113	0.00114448056838601
72131	5-9	2	0.000133347172918655	0.000150368955280736	0.000114835116005318	0.000117920457140647	0.000102852406969538	0.000101050897248392	8.82592266043154e-05	7.52282340406583e-05	7.66347616766456e-05
72131	10-14	2	0.000153594473729928	0.000156644049281442	0.000145609479131761	0.000142557892837143	0.000137485067487234	0.000116402752436769	0.000102016905545962	9.16409790864488e-05	9.81481659411941e-05
72131	15-19	2	0.000487205763014298	0.000520732420651032	0.000489126290267491	0.000457262185497792	0.000426474296165419	0.000353969544385562	0.000328459760941873	0.000299823099025314	0.000321348306212099
72131	20-24	2	0.000940433147871069	0.00082472233060353	0.000805002503796125	0.000776462137375263	0.000637380073911883	0.00070167584219033	0.000631412342722526	0.000502378486445887	0.000584051466460278
72131	25-29	2	0.000974812012220415	0.000982140902685886	0.00111122154765024	0.000863952860154242	0.000944600832708616	0.000767097872877303	0.000803745255726584	0.000687001451468058	0.000749632548156765
72131	30-34	2	0.00139298359831192	0.00143293545897248	0.00108670210150489	0.00137641640616175	0.00100866274694194	0.000998290282926581	0.000938090919361875	0.000885264466695103	0.000836269352331354
72131	35-39	2	0.00142328311750992	0.00138453494016689	0.00160710889485695	0.00153610582367791	0.00109464659630824	0.00127755265536018	0.00121689944581263	0.00111483514090579	0.00107202876397051
72131	40-44	2	0.00217614986429731	0.00181201030385476	0.00181873964684788	0.00197261905816393	0.00163300637780278	0.00198196916551822	0.00153675659607728	0.00131940392513918	0.00112861413451984
72131	45-49	2	0.00280422957779558	0.00287689868480698	0.00257914798880326	0.0026191974097338	0.00233362107330096	0.00191063243824102	0.00221569453365503	0.0018630058982602	0.00203984393803307
72131	50-54	2	0.00517121290700885	0.00416280335615263	0.00403905473314791	0.00425884642745933	0.0031155517683795	0.0032517559894004	0.00290556317357942	0.00292226478006585	0.00280893556443244
72131	55-59	2	0.00771579999230444	0.00545251088295621	0.00535575344054909	0.00526767863496859	0.00480608732450815	0.00522037535273256	0.0042694867793041	0.00371378568777008	0.00367995774374715
72131	60-64	2	0.0108831072025565	0.0101713794550238	0.00746136151978624	0.00940726878798573	0.00841934784235803	0.00632487887805577	0.0076031481991153	0.0051017801026324	0.00661830499947229
72131	65-69	2	0.0147234417317857	0.0146708250630278	0.0128575303143418	0.0135748850982726	0.0111357028734562	0.0123227854879745	0.00885417946280837	0.00768122467801163	0.00835071809424836
72131	70-74	2	0.0292445666518646	0.029234926734856	0.0250734747320108	0.0207651334893811	0.0226095480548555	0.0179163817169235	0.0146464799165148	0.0121636711335502	0.014816793642425
72131	75-79	2	0.0354900755529728	0.041685145092643	0.0381334698750263	0.0397257843143393	0.0374104544786081	0.0345443439643811	0.0268496799080964	0.0244953831805397	0.0247930828400451
72131	80-84	2	0.0833184390440325	0.0659074232697555	0.0700121863489185	0.0680520301359733	0.063499874030001	0.0575973202937277	0.0562593052339114	0.0487544992047667	0.0434409034805643
72131	85+	2	0.161105793809066	0.174824965116266	0.148818555480716	0.14507351381153	0.141062401575334	0.120574746884073	0.124766108664317	0.119104653870582	0.103666517266718
72133	0-4	2	0.0029443965931962	0.0031645539134819	0.00268155304113209	0.00266982574119332	0.00181790739964027	0.00210923935202537	0.00160068096331927	0.0012052929675578	0.00149480929008579
72133	5-9	2	0.00015460290213362	0.000151160498107733	0.000148372726213618	0.000136935112689715	0.000131783676261015	0.000116633279344051	0.000101371319016465	9.09591219674386e-05	9.26245449032094e-05
72133	10-14	2	0.000188669768716521	0.000183882095696048	0.000171735576166202	0.000167235124880693	0.000153219326293262	0.000142350555973793	0.000123787569055453	0.000111192180596855	0.000113259719633952
72133	15-19	2	0.000567754785127293	0.000579355466895512	0.000545820688453779	0.000536350627946915	0.000520450716090689	0.000420492698155602	0.000424946496047637	0.000369524630590339	0.000361806532629744
72133	20-24	2	0.00105153445172512	0.000994708052202943	0.00111094255816383	0.00102259529650878	0.000902041477150575	0.000787825799116548	0.000756275766911203	0.00072129578663172	0.000672574690892004
72133	25-29	2	0.0013516573096242	0.00138489488814232	0.00145967447919156	0.00137785858366892	0.00107737573230529	0.00102185113363907	0.000939596846736596	0.00078196068973642	0.000791184192035333
72133	30-34	2	0.00169647572541054	0.00160488650255002	0.00177089962949396	0.00169692411384515	0.0013787351892071	0.00127138857677074	0.00100411442795375	0.00101181796882236	0.00102372351213035
72133	35-39	2	0.00211992709689398	0.00189160541761633	0.00206607970344431	0.00183322731697441	0.00165729433770884	0.00169142371560644	0.00127728000460833	0.00111438532583995	0.00153856475192887
72133	40-44	2	0.00234538397803951	0.00239917255291552	0.00240257444027842	0.00233879354475171	0.00206080943705904	0.00195854001405977	0.00173786035285063	0.00165624146513476	0.00142320608056848
72133	45-49	2	0.00362792331315492	0.00366608718193459	0.0039697160883062	0.00325587105721102	0.00306734561171483	0.00240594975680024	0.00197973612638758	0.00186049660972132	0.00194477833562009
72133	50-54	2	0.0048423217190148	0.00541845368834154	0.00564000902882109	0.0044275146348295	0.00390048320784735	0.00372160129143246	0.0037137395904358	0.00295893530253176	0.00289431092694604
72133	55-59	2	0.00730748452116486	0.0052109949248504	0.00749043039112101	0.00554701586956807	0.00551214405626496	0.0061949929207043	0.00500338970168537	0.00425559075958332	0.00477382603633333
72133	60-64	2	0.0104670241045444	0.0118148302180906	0.0130869505321956	0.010091245280396	0.00874371781849974	0.0101080013854157	0.00627523709936482	0.00615730795875083	0.00603669727557372
72133	65-69	2	0.0173576419384203	0.016551409632354	0.014996615730689	0.014388916717126	0.0124055465791033	0.0117982443711634	0.00995440227997592	0.00949608656383602	0.00919363341749425
72133	70-74	2	0.0287894454413404	0.0277583589566252	0.0263383579630941	0.0331313141813556	0.0256799567083554	0.0199782011791472	0.0173041948004554	0.0123496744712995	0.0161565775761378
72133	75-79	2	0.0363620944066014	0.0431504900771316	0.0429272260684082	0.0348939897670277	0.0352037752364862	0.0264403994277831	0.0318879589749864	0.0257405539810376	0.0297237523470849
72133	80-84	2	0.0758145735416607	0.0879718308453629	0.0756365122917588	0.0771789711723263	0.066341578005753	0.0553242426335623	0.0556053646985473	0.0461149441610777	0.0401352380979098
72133	85+	2	0.137300479422605	0.121632911772962	0.136403028490815	0.139818441136398	0.136867378646596	0.17121757100301	0.134191197336863	0.122535508472715	0.104686876970172
72135	0-4	2	0.00237317960929279	0.00191735666997715	0.00231205822305971	0.00153246639930783	0.00144324719080139	0.00127730552045226	0.00102721614797353	0.00101925633270788	0.000992972289021956
72135	5-9	2	0.000127881082427802	0.000123320420602238	0.000108530566287763	0.000121078769798947	9.5614283459895e-05	8.5067276340744e-05	7.46373400880582e-05	6.74297443364343e-05	6.8954972030338e-05
72135	10-14	2	0.000180159465815779	0.000142612467992104	0.000131674058622647	0.000140001167525048	0.000121468583377328	0.000102403129481534	9.91567503015815e-05	8.60199767168767e-05	8.77250525354757e-05
72135	15-19	2	0.000418606462475578	0.000459937902726073	0.000422918573009892	0.000434447615824595	0.000393776167883085	0.000348831772233636	0.000296527929379203	0.000241839074167807	0.000250988558687091
72135	20-24	2	0.000825759032897839	0.000651737225546335	0.000701325586650712	0.000735776053824609	0.000738805863989365	0.000608163939488472	0.000623224137184068	0.000443257492188193	0.000473171953356071
72135	25-29	2	0.000827450299459402	0.000926901998217607	0.000846363180851363	0.000924090363364667	0.000772350986560582	0.000657966945089724	0.000643814086649585	0.000641780000166433	0.000529793278591767
72135	30-34	2	0.00113024718997807	0.00110811311337018	0.00112534580848205	0.000913145437745449	0.0009784484387332	0.000774407565512094	0.000744462305829384	0.00067090630071556	0.000803207367290125
72135	35-39	2	0.00152052246693529	0.00141177917650727	0.00173832040549521	0.00131464223345202	0.000934194009623697	0.0010784292096473	0.000888113176179728	0.000958917766854411	0.000814742554194717
72135	40-44	2	0.00218420088166524	0.00189796486580495	0.00209341723154387	0.00159580092288601	0.00128175257184763	0.00151600379112514	0.00132064234178465	0.00100479340350266	0.00120241808726847
72135	45-49	2	0.00227257414984968	0.00245599672699615	0.0021434568449953	0.00196453802077214	0.00210707878243656	0.00188636356693978	0.00184010448769739	0.00131346648258187	0.00136891436445142
72135	50-54	2	0.00390707219747262	0.00323327688010604	0.0031317955969676	0.0035063902402584	0.00286649401355959	0.00288095500126795	0.00230013845483018	0.00240836621406398	0.00191161955556059
72135	55-59	2	0.00634509476931182	0.0055107206652796	0.00573382826934813	0.00487101836832353	0.00450673398053021	0.00403010573131909	0.00384111554802965	0.00295060962019033	0.0028190696838872
72135	60-64	2	0.00757343886153531	0.00855532486510771	0.00765487185248885	0.00786280483065655	0.00642500747787064	0.00595411566567955	0.00619935642333696	0.00458845090391546	0.00577856949486666
72135	65-69	2	0.0150711740030392	0.0150277425000816	0.013371917768367	0.0102298452519398	0.0119542728518115	0.00979584869276769	0.00809641625869309	0.00820048526627862	0.00819175489809918
72135	70-74	2	0.0257244886532965	0.0202375610465925	0.0216016946488096	0.0192532714318419	0.0165083724656927	0.01483441759633	0.011671339265037	0.0137618394283897	0.0140739636638986
72135	75-79	2	0.0364820376458186	0.0323991569240615	0.0378522625558654	0.0366145128217841	0.0361698440920778	0.0270754475650593	0.0272866867494219	0.0254856762195184	0.0200359864404681
72135	80-84	2	0.0723622113207076	0.0545281387326758	0.0572261263397111	0.061781038262516	0.0524520586149854	0.0468276644188146	0.0459570213079877	0.042890644675004	0.0458264845952211
72135	85+	2	0.124534491029703	0.128775652314229	0.113191965092976	0.110637209842159	0.10541754553401	0.107484653102177	0.0986186794297902	0.0998314309606432	0.106326989592593
72137	0-4	2	0.00282309805289524	0.00242649422251308	0.00227820319401851	0.00203045672393887	0.00184609750543775	0.0020700033315726	0.00153676670511312	0.00107065829970483	0.00122473257454107
72137	5-9	2	0.000150166280954345	0.000153820239222104	0.000120665162926978	0.000118372784702223	0.000114735969044079	9.82276670744654e-05	8.68897721960499e-05	8.30373978114825e-05	8.11954606884612e-05
72137	10-14	2	0.000178809750402081	0.000166772598427505	0.000164003987502053	0.000154459738327684	0.000137159575706288	0.00012376960405294	0.000104591485312465	9.56951836617552e-05	0.000108639700474128
72137	15-19	2	0.000419743163496164	0.000458083160096908	0.000484414073289128	0.000384677013765753	0.000474750497087485	0.000340106261720349	0.00033824026372665	0.000304472636412996	0.000351702481517204
72137	20-24	2	0.000860720383421436	0.000814813690652276	0.000866538838311128	0.000745408227149024	0.000618513780021912	0.000700889560660101	0.000515704688182317	0.000604899557338196	0.000677713548555609
72137	25-29	2	0.000846681027046394	0.000908205120509161	0.00086668561839753	0.000923585880813194	0.000837310233665126	0.000769538050785881	0.000756549191983246	0.000740639975286256	0.000602178305482148
72137	30-34	2	0.00115977975561185	0.00127245974656576	0.00129063916613523	0.00115292575375127	0.000993081335806645	0.000888600623589176	0.00122054190369113	0.000907342337611393	0.000981009097855052
72137	35-39	2	0.00154551279638636	0.00156677839867749	0.00156863154923966	0.00168270457300492	0.00116599664940207	0.00124922694748258	0.00127970856413697	0.000991964058246255	0.00160131336563037
72137	40-44	2	0.00166818043273154	0.00196751466188762	0.00205220601623538	0.00172124114003579	0.00153278036532724	0.00154482756376453	0.00149699418830984	0.0014100536311103	0.00176045213659719
72137	45-49	2	0.0026749898362104	0.0030925277266572	0.00240094414495933	0.00229105289507503	0.00236296824712853	0.00206181500977944	0.00219913386000648	0.00206593692700955	0.00171748584755386
72137	50-54	2	0.00480913501845887	0.00355731980973513	0.00332343978092881	0.0033627750859545	0.00315072859422707	0.00333053682471166	0.00310401435253305	0.00280456133943307	0.00369336148008348
72137	55-59	2	0.00639183707832417	0.00667008374621098	0.00614219612762871	0.00410688140226837	0.00495130320555213	0.00460184388516923	0.00422054094693511	0.00444327540989439	0.00380881991538789
72137	60-64	2	0.010409428484414	0.0105347990167875	0.00784633204407887	0.00908290825337356	0.00848718737229808	0.00703801271530539	0.00673593337345653	0.00578155014515189	0.00794654416366907
72137	65-69	2	0.0154613663204525	0.0160311383097019	0.0126650892012722	0.0142069377774918	0.0115095520969829	0.0116748873949517	0.00946027346252651	0.00802629547168037	0.00971786776322045
72137	70-74	2	0.0247746955944523	0.0211662532900415	0.0270445578430137	0.0208965697941555	0.019397124042627	0.0187951853034368	0.0158478312696062	0.0117049228271437	0.0135258626419023
72137	75-79	2	0.0390685621777908	0.039127069481791	0.0448842464330078	0.0379998520983416	0.0362532285581659	0.0312206036940644	0.0275892232424437	0.0222918767268127	0.0245984006179999
72137	80-84	2	0.0650510846006006	0.0671778917183957	0.0692617763805399	0.0661827900320092	0.054575837924552	0.0574862248962062	0.0468536622976903	0.0405436181888391	0.0392410709153578
72137	85+	2	0.144247672492923	0.133657178587715	0.122407792882977	0.12720996526967	0.122496264951601	0.126957237241221	0.119421566965792	0.107157484965947	0.103377964066681
72139	0-4	2	0.00193941575087548	0.00171243770984185	0.00198563278444189	0.00149365637855734	0.00145962850396336	0.00122260304515553	0.00118758597020301	0.000976138357569346	0.000951413430871734
72139	5-9	2	0.000121065127013477	0.00011245511041184	0.000109911430146992	0.000101668492511793	0.000107652271891414	8.73544548779029e-05	8.0642198825062e-05	7.28145786626121e-05	7.0762320231016e-05
72139	10-14	2	0.000147285198333589	0.00014917301130493	0.000159600401603831	0.00012297575762037	0.00011283482686066	0.000116336911669648	0.000102539033072622	9.31316270265741e-05	8.58128590795897e-05
72139	15-19	2	0.000430011460689018	0.00043316201477307	0.000420859629788317	0.000376020725520393	0.000395601939013333	0.000305244938730071	0.000285967517348584	0.000276744654222506	0.000273355225096602
72139	20-24	2	0.000731756074971423	0.00078686576647447	0.000757211470490438	0.00072046953567516	0.000690754807425644	0.000526796675046067	0.000535449887943057	0.000460761727206761	0.000454016841579113
72139	25-29	2	0.000817119780518056	0.00101100931365094	0.00111704117064092	0.000837827683946358	0.000757801928123738	0.000747676255393255	0.000694576335250591	0.000539621969207339	0.000683598375801707
72139	30-34	2	0.00102871412123005	0.000915685229780242	0.00113474939280326	0.00113257619235371	0.000784189132159839	0.000734511764126709	0.000828343876981749	0.000671788215984774	0.000824653012346313
72139	35-39	2	0.0013317628133779	0.00142075965846996	0.0015841702850165	0.00130392169637253	0.00122783149818139	0.000985064986731067	0.00101148919435779	0.00109929132107947	0.000978486488596478
72139	40-44	2	0.00173011260765066	0.00185248675848519	0.00152365715193144	0.00191331119776822	0.00172382440043835	0.00161425482996832	0.00136632300054187	0.00122220184550498	0.00128438326550645
72139	45-49	2	0.00314817513946639	0.00206228005705668	0.00250939046671119	0.00257628411386154	0.0020258133771697	0.00212102279332688	0.00167229492073083	0.00160104959277542	0.00149304293000501
72139	50-54	2	0.00375339132116852	0.00415594630225765	0.00385324218180731	0.00329761086579544	0.00298671097525535	0.00354682095521878	0.00318399378047653	0.0023069825910874	0.00207896201131116
72139	55-59	2	0.00539789394045209	0.00467069392669449	0.0046598770273364	0.00421348744318282	0.00456674726626746	0.0033181795234656	0.00332312720423483	0.0036858344382968	0.00295225470168992
72139	60-64	2	0.00787181806973219	0.0100025408786741	0.00927097580965019	0.0066884336027351	0.00629649367983386	0.00590643271343457	0.0059507625481477	0.00488770389349892	0.00462259747649949
72139	65-69	2	0.012560203509946	0.0127133468969253	0.0115562812814317	0.014014862026146	0.0110414667519423	0.00854469410142966	0.00820829725514018	0.00816229009017256	0.00701805362305906
72139	70-74	2	0.0218507686589487	0.0218283735658482	0.0244677226903777	0.0236210670055238	0.0199685469415353	0.0157441373072112	0.0123975683122962	0.0138502355063413	0.0129826708922445
72139	75-79	2	0.0370741141937945	0.0341713369710272	0.0356502374484063	0.0294652171791292	0.0251910012245777	0.0269010131289572	0.0209741821630032	0.0196798892396681	0.0224066224092462
72139	80-84	2	0.0560511097099449	0.0582878193866051	0.0628831298957368	0.0575612468711125	0.0404370790686724	0.0442101129116555	0.0455828017794401	0.0334661518130467	0.0344337951688452
72139	85+	2	0.142687000271103	0.124532190173254	0.100619251363572	0.0995408058501615	0.0888166524726079	0.108589698064698	0.114674630790764	0.107908921498781	0.102696004566951
72141	0-4	2	0.00240584366625739	0.00215340174535222	0.00143312648814866	0.00189677944376476	0.00152482377225884	0.00147403798929751	0.00120353792858714	0.000907402169245497	0.00102402432448758
72141	5-9	2	0.000137557218641346	0.000127689332341729	0.000125023520083812	0.000110667388529963	0.000101517480898702	9.50836371861401e-05	8.27323078287699e-05	7.80037219118505e-05	7.53451523475859e-05
72141	10-14	2	0.000157910310552124	0.000169887980867388	0.000151196211100508	0.000134098973822244	0.000136069086469382	0.00011000356570508	0.000100858581866937	9.06885176733677e-05	9.20661456918182e-05
72141	15-19	2	0.000476359537144543	0.000431553352485252	0.000485834026339336	0.000419786914046709	0.000374212085296354	0.000370593793199648	0.000330580524413077	0.00030244213609414	0.000295089728115756
72141	20-24	2	0.000797251295724087	0.000889023046735863	0.000811274082979917	0.000865436750059567	0.000740838873628451	0.00067892938656263	0.000551016280753998	0.000537815540606801	0.000605338912375717
72141	25-29	2	0.0010247215178725	0.000921780823148155	0.00102059792961629	0.000930573983861647	0.000870135012708	0.000894278187762227	0.000817771203754209	0.000690563865767866	0.000681404211827247
72141	30-34	2	0.00118317887802483	0.001231724367353	0.00120750343585861	0.0011115760365587	0.001011659887085	0.000970421513423159	0.000948062395929921	0.000854737267289524	0.000873830403618971
72141	35-39	2	0.00150674044729178	0.00154242869334226	0.00148840263333182	0.00150567692054204	0.00142263331780852	0.00150412408046043	0.00128153991778224	0.00096936324873902	0.00104511924621308
72141	40-44	2	0.00203887975299306	0.00190078608199485	0.00205602903826155	0.00166713467707881	0.00155387134711358	0.00156466031014179	0.00126781689320245	0.00140962600997838	0.00133176701695977
72141	45-49	2	0.00251458339404381	0.00290075980498453	0.00272935283950602	0.00287290476851011	0.00241426077457754	0.00217378416847869	0.00206719984114475	0.00184095550525894	0.0016510024014063
72141	50-54	2	0.00425188606294005	0.0039932886111859	0.00385308462554031	0.00378471520666422	0.00383174584286503	0.00364351958290887	0.00251164238580267	0.0025561384370522	0.00243557949013959
72141	55-59	2	0.00711193080839715	0.00630648831376978	0.00502672577060244	0.00529748883723753	0.00507924472346489	0.0039144365666461	0.00489009514900828	0.0037904270792775	0.00395120073729704
72141	60-64	2	0.00887661933904075	0.00965089743998705	0.00941191481905059	0.00929017104696294	0.0086542080577269	0.00748826544485619	0.00662363818896284	0.00530173084694907	0.00593022750743748
72141	65-69	2	0.0136747184580663	0.0134151069497951	0.018302044722739	0.0152192752974937	0.0113216724317456	0.0124431332102907	0.00862356136689566	0.00688201805829635	0.0082229395864762
72141	70-74	2	0.0281184255177822	0.0255028276943675	0.023332469745905	0.0254996873232577	0.0195802295102656	0.0187025478902838	0.0176481097937791	0.0120357397316786	0.0143868803974369
72141	75-79	2	0.0414167413516863	0.0390632502629542	0.0411593966553351	0.0373611558101182	0.0310753292858009	0.0270652698447039	0.0269332854761187	0.0215234930830548	0.0240159093149905
72141	80-84	2	0.0693416235400068	0.0782225632864721	0.0716132860881709	0.0612729092070436	0.0614300976481375	0.0529592147668829	0.0418239181010212	0.0421690184500001	0.0341453881678826
72141	85+	2	0.149773514057361	0.140968921487468	0.125713108267074	0.156733492961682	0.143106602082499	0.130224507820091	0.109831238286738	0.104447198593175	0.1079818103564
72143	0-4	2	0.00302805969165405	0.00207615241205976	0.00189095652476383	0.00195881192450138	0.00164007320343862	0.00122750355085995	0.00119035213935749	0.00106262538904401	0.00104726500175798
72143	5-9	2	0.000159022225873971	0.000120844219080705	0.00011808298639399	0.00012087670690644	0.000105020664437154	9.80934783162878e-05	8.99125232514535e-05	7.67193501968695e-05	7.82228386702063e-05
72143	10-14	2	0.000174937949760379	0.000170101339418494	0.000158452480265133	0.000147193174613334	0.000121864268789708	0.000119567981500993	0.000109591417907333	9.36899436025893e-05	9.54606791688865e-05
72143	15-19	2	0.00051147757516022	0.000496326772255218	0.000551215669532254	0.000453405524076167	0.000420276640992749	0.000433331641543394	0.000335375801588509	0.000305627721247774	0.00031378896106116
72143	20-24	2	0.00083914407100773	0.000901915916009096	0.000875111277797442	0.000893173481614699	0.000679169783560323	0.000676335148405311	0.000629506943774431	0.000560456083168055	0.000624852375087717
72143	25-29	2	0.000988699293610022	0.000924013571645267	0.00115536738066374	0.00110373339168781	0.00107242236938329	0.000798236517818886	0.000732328397592357	0.000627277735815803	0.000699617696893046
72143	30-34	2	0.00127951269849139	0.0012911118616515	0.00132672768133265	0.00129207549415605	0.000935980216729586	0.000888517765487427	0.000892137260831438	0.00101753790111142	0.000783705123534182
72143	35-39	2	0.00177666595573251	0.00187941205069387	0.00197015483788096	0.00168489187801665	0.00122260843529813	0.0013491637363876	0.0012683462149869	0.0010685620041789	0.00127207282185969
72143	40-44	2	0.00232214143015048	0.00263217678921963	0.00217773674023193	0.00185780474786198	0.0018628180533015	0.00160483036679257	0.00159648952995259	0.00132390077123973	0.0016228494658253
72143	45-49	2	0.00324043576375848	0.00345256606788675	0.00291456745488687	0.00275982226116553	0.00251053871258975	0.00219853693597034	0.00187758474553103	0.001939835833298	0.00212346812980926
72143	50-54	2	0.00444570344945557	0.00481451025144411	0.00369639185929817	0.0043451015085243	0.00348990011960342	0.00315060445551716	0.00280577203399389	0.00228239180175304	0.00299074634928152
72143	55-59	2	0.00640418353800934	0.005192932045592	0.00562504543999421	0.00559620223911471	0.00484944124731706	0.00453878484134794	0.00441746778208399	0.0042810064384568	0.00351095176641357
72143	60-64	2	0.00962510955408278	0.00966431512934873	0.00886914700687589	0.00879419089820085	0.00806495806165764	0.0073855527183107	0.0071504689905305	0.00459527883475516	0.00571197321933258
72143	65-69	2	0.0142067437829679	0.0140437283551817	0.0120553493994213	0.0124752865135608	0.0135292855407677	0.0114375298600791	0.0101912033749213	0.00704554632901937	0.00862883446335873
72143	70-74	2	0.0253189400411401	0.0243265849477266	0.0202073239104027	0.0254013389073261	0.0166989302029152	0.0162845137598131	0.0144954498862138	0.0154004875801301	0.0129875351788582
72143	75-79	2	0.0393809474498921	0.0371144660455834	0.0363510777329417	0.0315643813464364	0.0338733019967212	0.0310824462360847	0.0231067905376174	0.0223271540360999	0.0176362065772125
72143	80-84	2	0.0572429756285167	0.0795981890772875	0.066938048984126	0.068390636025886	0.0467785445146861	0.0484997652596141	0.0460889202363206	0.0365734459070276	0.0399543636886936
72143	85+	2	0.157859821806934	0.134447055222183	0.139550077343645	0.125927845008172	0.12198063986794	0.118547379049538	0.123739088071796	0.104124960866054	0.0992754005238787
72145	0-4	2	0.00272031832081555	0.00266107300360313	0.0021573310280908	0.00177409391226251	0.0014674912678073	0.00134653498054108	0.00148426384019203	0.00116598667534371	0.00113420138422403
72145	5-9	2	0.000142076769122991	0.000174569403326894	0.000128551938776016	0.00013189826623502	0.000104691900070749	0.000108271707214528	9.05703809302069e-05	9.04010256025585e-05	8.3272554065683e-05
72145	10-14	2	0.000162551952038911	0.000173169762953046	0.000161658292544903	0.000158248283470554	0.000132503306943534	0.000130859723982133	0.000115013123036828	9.90468530610935e-05	0.000101290514102826
72145	15-19	2	0.000509126007429527	0.000538857744158537	0.000570921179422392	0.00051665005406234	0.000379822609602473	0.000361355163574689	0.00038627109595914	0.000342106075584938	0.000338157740352336
72145	20-24	2	0.000845628096602455	0.00103844589037445	0.00082259179926369	0.000887702019918994	0.000772910578802642	0.000702875049142273	0.000546690704309948	0.000531808477008759	0.000615695351878181
72145	25-29	2	0.0010183301172885	0.0012042072448175	0.00112252746421861	0.001140939121175	0.000947011621065802	0.000997293274692789	0.00076539537338803	0.000726641778259785	0.000713126472359973
72145	30-34	2	0.00129692352381303	0.00116595861991511	0.00179117098661941	0.00116105942456166	0.00103450124637919	0.00122777262916686	0.000986602664478632	0.000960944028633819	0.00113789312168377
72145	35-39	2	0.00186805174504922	0.0019374738983511	0.00213620148273145	0.00212733453743859	0.00172626365419116	0.00127302342260807	0.000978076429491195	0.00120019973742961	0.0009492755727374
72145	40-44	2	0.00214649705151453	0.00231988174252211	0.00219545666418334	0.00218805739293699	0.00171735841855488	0.00195107417454602	0.00184701397991588	0.00142716847193844	0.00135348986808042
72145	45-49	2	0.00306832403979117	0.00256094114678067	0.00287099230213901	0.0029009857233529	0.00190961063547935	0.00237574194061004	0.00243373849206732	0.00174662133991924	0.00181917084083658
72145	50-54	2	0.0047052512451238	0.00358207048464591	0.00359624526155072	0.00381837740110234	0.00348639256208431	0.00271554724112016	0.00358922362776044	0.00320200808491615	0.00234523682701307
72145	55-59	2	0.0068283461139221	0.00624914690767515	0.00595416313559403	0.0050258694361782	0.00519123631023614	0.00483882729573586	0.00493586846526782	0.00393257552463278	0.00447771821533771
72145	60-64	2	0.00964196218625318	0.00964043034614059	0.00996850964470295	0.0107385286039321	0.00790160386193209	0.00883965713254902	0.00736214473432663	0.00516558504755506	0.00656432008523306
72145	65-69	2	0.0174089109385421	0.0165265255183516	0.0153629169392496	0.0165006307845679	0.0153985993298034	0.0128231057738998	0.00968663405425892	0.00845236732368588	0.00908613981445377
72145	70-74	2	0.0306293339634505	0.0224062549326854	0.0233804714717447	0.0236592933877199	0.022977741154236	0.019415830876465	0.0165747110340507	0.0138521707774745	0.0144931878543289
72145	75-79	2	0.0445236783776247	0.0390927776893942	0.03396860516951	0.0416463726004946	0.0387927760289093	0.0307551735917597	0.0264265677069525	0.0204390480079038	0.0264120911695966
72145	80-84	2	0.073384310995014	0.0751399352771163	0.0582419353676494	0.0756465736638167	0.0505202554696482	0.059248230060968	0.0539082298651966	0.0384960880963148	0.0389832036206445
72145	85+	2	0.171482539462017	0.13937475246053	0.145608443686489	0.145131696417514	0.156327051788387	0.122457992025209	0.116212722563933	0.112872111157738	0.101977741809756
72147	0-4	2	0.0027320110572439	0.00296179880568864	0.00295654131550927	0.00210477994464142	0.00203908797583834	0.00192136309696092	0.00197826134097109	0.0010762452287904	0.00132204639054446
72147	5-9	2	0.000154276504089862	0.000149971164966042	0.000146283570428145	0.000142593813496804	0.000123326520467632	0.000114716509648967	0.000104625127456263	9.34032548893781e-05	9.48016755857327e-05
72147	10-14	2	0.000188356249296802	0.000192698251288282	0.00018809478282956	0.000183599263812742	0.000151020914802125	0.000140463347329854	0.000128384160018494	0.000114708900631618	0.00012241647306277
72147	15-19	2	0.000635120677536635	0.000682146768937124	0.000576077105735225	0.000592832113394608	0.000516243541216652	0.000480143397217421	0.000418585422356079	0.000396296232697875	0.000381860110018759
72147	20-24	2	0.00110780987424767	0.00117962427918441	0.00109842264923809	0.00102858601646799	0.000895793656773766	0.000875879907838719	0.000764744049881404	0.000767348497995495	0.000708668436203616
72147	25-29	2	0.00151660580704143	0.00153193045460381	0.00142409923973211	0.00146619528863378	0.00128481728187595	0.00108717339057992	0.00109900094757496	0.000857839062982511	0.000968386076111532
72147	30-34	2	0.00188226668218024	0.00181881764633034	0.00176825465713821	0.00188994709601298	0.0013772611712269	0.00129204332939637	0.00119231706917575	0.00101680368891659	0.00108209702732073
72147	35-39	2	0.00200398709634718	0.00223103987145309	0.00207490741846712	0.00253514921718746	0.00185742062916023	0.00159086875904215	0.00146454373647588	0.001263418680812	0.0014714850715238
72147	40-44	2	0.00256187978292848	0.00296046490821692	0.00273689423839345	0.00300216146968517	0.00211132521848166	0.00217528629016071	0.00184087489110417	0.00168009835417373	0.00178601195854674
72147	45-49	2	0.00335793696928524	0.0032011283539722	0.00335707718112125	0.00353453301799813	0.00310620826270751	0.00316952967357715	0.00256449092935409	0.00204913340549068	0.0022058685630411
72147	50-54	2	0.00502213791300157	0.00521135195985294	0.00649339931740368	0.00544453038469819	0.00439041943210893	0.00388590254794569	0.00352431376427362	0.00385477274707988	0.00321532211872496
72147	55-59	2	0.00694276027747208	0.00592646327361304	0.00655552471778143	0.00611087023229914	0.00674469406305188	0.00559278213494898	0.00531135304918827	0.00546893616416097	0.00433434149473982
72147	60-64	2	0.0118953934857343	0.0128590574602105	0.0128278288905849	0.0111707425994251	0.00945221807514078	0.00751437734041598	0.007512049942473	0.00729556563992831	0.00941504062182349
72147	65-69	2	0.0147526580545049	0.0159527925934122	0.0170416438030298	0.0152320827129226	0.0123031456476654	0.012588783196475	0.0105659113120732	0.0127842694148534	0.0101987705140556
72147	70-74	2	0.03040416666207	0.0282608901906334	0.0325499952441772	0.0269865569340098	0.0211785847884563	0.0200238252193532	0.0202666145240641	0.0150208343775275	0.0221131098790521
72147	75-79	2	0.0415136991757695	0.0384914611247332	0.0399761087394847	0.0344110359314859	0.0322200578989276	0.0279272484886711	0.0294703585452239	0.0253503546914499	0.0248872127031231
72147	80-84	2	0.0660440239329722	0.0801143131220243	0.0735183768865179	0.0667911780296035	0.0597637480276774	0.0496699855167594	0.0405033949440318	0.0371653134888562	0.0486808161334904
72147	85+	2	0.18304168688078	0.181378934593097	0.153769674616155	0.131822772120392	0.115727179475794	0.10747506795349	0.112018648431929	0.108045878736814	0.0725729580634806
72149	0-4	2	0.00243056292519271	0.00236700212598148	0.00255296255013224	0.0022122962536311	0.00160798579976722	0.0015873210485377	0.00146510821624582	0.00110915420463433	0.00128047912691534
72149	5-9	2	0.000130684452017898	0.000126913181678583	0.000117486373552267	0.000126488225049196	9.96835693116442e-05	9.32293333666972e-05	8.98629722585581e-05	7.66053070536956e-05	8.19184164478215e-05
72149	10-14	2	0.000193042853732161	0.000154345042295736	0.00015031657393108	0.000153779697214771	0.000127500743114486	0.000119116458246026	0.00010401233202308	9.36734426793395e-05	9.51616873990366e-05
72149	15-19	2	0.0005215000036166	0.000446422339624784	0.000477247665899758	0.000485057590822056	0.000409888812568272	0.000368750970396021	0.000325755701198536	0.000297201916369426	0.000304801356738888
72149	20-24	2	0.000844769784273427	0.000892397938773379	0.0007614658128788	0.000768508510017481	0.000678423507875792	0.000739158236484482	0.000691161717334235	0.000584461869757276	0.000599923277555687
72149	25-29	2	0.00116376221643618	0.00110799062138753	0.0010200320650914	0.00102734140146317	0.000840073800162643	0.000869417532915691	0.000718162120790011	0.000658369708787066	0.000736976792693185
72149	30-34	2	0.00124824166245146	0.00127957633953562	0.00117613262829777	0.00118837149263674	0.00102539191081589	0.00102627310827493	0.000967575991351949	0.000901640282195946	0.000875183837388361
72149	35-39	2	0.00192698239277166	0.00166073740029984	0.00156327105854625	0.0017179108227581	0.00121396938834521	0.00117297150455294	0.00130679882815225	0.00122732766114577	0.000968947787666594
72149	40-44	2	0.00207690042557132	0.00218404489839634	0.00218654491443557	0.00174764029463286	0.00159428223797384	0.00131165054274878	0.00146967002022372	0.00144351017557	0.00131455479978098
72149	45-49	2	0.00388362661048943	0.00289181641821581	0.00240424093846657	0.00248926249432187	0.0022280842121784	0.00236542418902458	0.00186833145697799	0.00191061277775859	0.00185393855320403
72149	50-54	2	0.0044265209110078	0.00420032792760036	0.00384313806933567	0.00340864064992209	0.00300748303967925	0.00282677381267162	0.00361799234820918	0.00270091822399254	0.00285298249136652
72149	55-59	2	0.00752127640298624	0.00573786322529802	0.0060660861163609	0.0062725366443242	0.00522675360476817	0.00423910036422888	0.00492175473896831	0.00341562944870399	0.00455355333985804
72149	60-64	2	0.0113875955247884	0.0102807313587527	0.0111547316229703	0.00961178490894256	0.00890060237964778	0.00639140111305137	0.0055223650060955	0.00506799333550993	0.00552177841791589
72149	65-69	2	0.0156861868787173	0.0156211879915752	0.0141602073648998	0.0129346869376213	0.011392607261161	0.00947544712930009	0.00795105071935542	0.00902094110427083	0.00631427838231839
72149	70-74	2	0.0221100922761107	0.0266500942549777	0.0192275190570372	0.0207634169772178	0.018990484358721	0.0195041778336579	0.0145754299868051	0.014564329256337	0.0122105940023509
72149	75-79	2	0.0399410119490381	0.0453013285640592	0.0422690675288771	0.0351931034426846	0.0379450964798043	0.0313136421583743	0.0322045087341359	0.0216313152037169	0.0255234434526737
72149	80-84	2	0.0723282993569391	0.0580094247175723	0.0695252698820091	0.0684486719698612	0.0573838272792373	0.045850379626221	0.0436065251527074	0.0465091361217763	0.0319481500152574
72149	85+	2	0.135833459860477	0.150731205891102	0.142308260758546	0.138369608787664	0.130766071770252	0.143395424612823	0.100762414268779	0.104280866387363	0.0910253448928837
72151	0-4	2	0.00246339821189594	0.00230824434564189	0.00234480930415025	0.00202792905400864	0.00167627769716376	0.00151832125534763	0.0015480678228038	0.00105726393582529	0.0011092104201804
72151	5-9	2	0.000130834636898552	0.000120946412592021	0.000118095103648028	0.000147855067307619	0.00010047121693446	9.87175705410552e-05	8.63891545663773e-05	7.75361427373606e-05	7.91662623809244e-05
72151	10-14	2	0.0001660762080872	0.000145732467438395	0.000149441213042446	0.000147173949428291	0.000128566712099265	0.000120067057866806	0.00011639543837075	9.47534702884762e-05	9.67157038799618e-05
72151	15-19	2	0.00048087334994523	0.000508438533099712	0.000457648824988218	0.000581723144107118	0.000402612897989332	0.000380075149833517	0.000338927356134936	0.000312025704986987	0.000322805324915196
72151	20-24	2	0.000866877961723105	0.000775564044085821	0.000782943476362905	0.000787397188578457	0.000787258848776697	0.000622676471373228	0.000641369813298239	0.000572179452777631	0.000593740282877851
72151	25-29	2	0.00104773402732146	0.00100104530401421	0.00104251171676014	0.000942274817946383	0.00095474958493312	0.000787652184491216	0.00079490150542193	0.000742773038683465	0.000836597873613507
72151	30-34	2	0.00134145448438744	0.00130587388378344	0.00121237566558626	0.00119541261305377	0.00100460078148469	0.00111551463921677	0.00111732492276415	0.000842569419599302	0.000865978455528119
72151	35-39	2	0.00213312547196473	0.00167826827052909	0.00173745293436694	0.00141866834709653	0.00157333072777823	0.00120472396279058	0.00115219589378121	0.000940560797825238	0.0011819595992195
72151	40-44	2	0.00194109034576325	0.00217510461481395	0.00164763731894446	0.0019526159524966	0.001387661942252	0.0016399214064658	0.00150267761134753	0.00142767197527778	0.00134865892486204
72151	45-49	2	0.00288734151749496	0.0034937039203107	0.00253399257507814	0.00244060681750556	0.00253586467896626	0.00227973429997914	0.00208145588614742	0.00187221370520926	0.00229029629022649
72151	50-54	2	0.00521416998289609	0.00368171602191451	0.00322248187055579	0.00379778159738667	0.00314507809117078	0.00305142610685291	0.00316238398086392	0.00236769076068961	0.00253791802438047
72151	55-59	2	0.00547812167978784	0.00567643991775465	0.00704277282782414	0.00581779402891652	0.00509027726360926	0.00432603135353328	0.00446222230796685	0.00349323334476452	0.00366456453355861
72151	60-64	2	0.0115776673139287	0.00843957200820476	0.00833307443982612	0.00789255264900719	0.00845266561777069	0.00581583535352505	0.00513075629787312	0.00571666234480426	0.00504955709479207
72151	65-69	2	0.0119650475857971	0.014904685436642	0.0170873873957161	0.0118216203349098	0.0111381573162755	0.00916681232419914	0.00870910410407268	0.00754546682563404	0.00763150860009065
72151	70-74	2	0.0286749473897563	0.0310906297284609	0.0307358443337609	0.0263472313463817	0.0208783434843365	0.0171753899697473	0.0149796536287076	0.0110497810313514	0.013431444776164
72151	75-79	2	0.0446697510713776	0.036619089758686	0.0358057771978216	0.0364283837935933	0.0307473056124062	0.0248650714518319	0.0275009423492944	0.0233672213293255	0.0218660560871466
72151	80-84	2	0.0746433967670632	0.0643341939287137	0.0643206436965404	0.0696270150257109	0.0509588576998908	0.0493642914088532	0.0525750248089923	0.0368414610907304	0.039723843092661
72151	85+	2	0.151600593269929	0.138001393114475	0.108723946967645	0.117083965399083	0.122474751478335	0.101690564099916	0.0994853063446162	0.110240432268452	0.103448517778712
72153	0-4	2	0.0027549948217893	0.00302494820169221	0.00243722041345527	0.00278744074360459	0.0026933871405184	0.00179296934831925	0.00190739248530835	0.00136673899898421	0.00119902766335693
72153	5-9	2	0.000165584302210818	0.000133088390868827	0.000129833918691898	0.00012078117154617	0.000105833055273346	9.92732488366392e-05	9.1119424734615e-05	8.63591622051378e-05	8.79065155886595e-05
72153	10-14	2	0.000172032846989562	0.00015216003706712	0.000155651087873826	0.000159849445555751	0.000134114244928795	0.000120173819356328	0.000110740591267524	0.000110929165152498	0.000101851650912558
72153	15-19	2	0.000505506038575166	0.000478925338105034	0.000491810997392069	0.000463603991001673	0.000454932571786279	0.000415143577192648	0.000371818215947684	0.000311758170818254	0.000354178213463449
72153	20-24	2	0.000892572210181038	0.000845804851069422	0.000890656971773091	0.000769031776220881	0.000718181307557932	0.000675801885958332	0.000639516259667176	0.000598883644887758	0.000562090121343588
72153	25-29	2	0.00122806413004517	0.00104930951580085	0.00101582407967189	0.00103853735178139	0.000914309234532984	0.000915585889619739	0.000825031261468735	0.00067631904913522	0.000724875092964816
72153	30-34	2	0.00158759091053454	0.00136752923381877	0.00136048537461043	0.00136941243867207	0.00102785394135459	0.00129925526696327	0.0010438569490821	0.00099376252479938	0.000819039513102497
72153	35-39	2	0.00163984625685575	0.0016401599980053	0.00144933123803139	0.0013363409565587	0.00138854806036785	0.00124778248238893	0.001221238893554	0.00103728845238286	0.00125426406894545
72153	40-44	2	0.00177383510256731	0.00211366413834224	0.00208698747013074	0.00160315785706076	0.00178789147230294	0.00174244447098171	0.00152967671239646	0.00134551783893746	0.0012980551684288
72153	45-49	2	0.00331229648245166	0.00299718878910742	0.00282284020595992	0.0024737560887717	0.00227675157635883	0.0026508693303209	0.00226997580626023	0.00203279445577862	0.00171295528646236
72153	50-54	2	0.00455007639192827	0.00456491372588489	0.00424642848529933	0.00431086588768068	0.00361049552512754	0.00324684200546538	0.00287739498364743	0.0031500806432381	0.00276394506780763
72153	55-59	2	0.00741012483670627	0.0064188523668273	0.00755092637965064	0.00628310380751839	0.0064445086727542	0.00531983560490404	0.00427716889348038	0.00469626759371641	0.00432466522630563
72153	60-64	2	0.0130888876049673	0.0121493538715153	0.00943097177582501	0.00963264499534099	0.00842534832233548	0.00808122823610635	0.00555215041630852	0.00730212845757314	0.00583879162985509
72153	65-69	2	0.0157828385484216	0.0206098038324196	0.0140163531453712	0.0130651626362562	0.013200131070566	0.0144166886578618	0.00991877564921574	0.00863481512804142	0.0104755276464512
72153	70-74	2	0.0316733491126806	0.0278572478888062	0.0271851465668853	0.0253152228186973	0.0223526997857383	0.0190429811750653	0.0180273856830649	0.0160011237557947	0.0166204364337487
72153	75-79	2	0.0391226907240999	0.04049893605257	0.038270742088447	0.03969538232243	0.038704994727259	0.0319583455145526	0.0255874128063893	0.0271550264928529	0.0224354336878244
72153	80-84	2	0.074516080685528	0.0771919790665314	0.0739275765468518	0.0661170157479951	0.0647337272129761	0.0632143585640176	0.0597828397983631	0.0468740196064848	0.0532889028248405
72153	85+	2	0.154121129287229	0.157109444675872	0.128102848947314	0.143064429525163	0.129673712122877	0.127273978342764	0.124750475593013	0.119896640930763	0.126310139401958
630	0-4	0	0.00295969457652276	0.00255954066747345	0.00246432310986627	0.00218198181119819	0.00171533388537335	0.00166081293772263	0.00148002618100523	0.00117413573434482	0.00126378017938348
630	5-9	0	0.000147924504740372	0.000140147616335999	0.000136484223869121	0.000132383500053234	0.000109588350148385	0.000101960817646884	9.24766099333556e-05	8.36904663711735e-05	8.24911197541303e-05
630	10-14	0	0.000175330447481393	0.000171238380488771	0.000163706901000667	0.000161139481528406	0.00013295861064405	0.000122811745358724	0.000112475039058328	0.000100151962400721	0.000100597422275259
630	15-19	0	0.000498530533111629	0.000482202678805104	0.000485468973655515	0.000477306122130424	0.000410685289917621	0.000380261971620444	0.000338402107478662	0.000305504092376807	0.000310248571338083
630	20-24	0	0.000802742349622547	0.000829498672283053	0.000854578473488127	0.000791689935176741	0.000683489697989508	0.000673057119303898	0.000603872960470794	0.000552004800151108	0.000561936762277104
630	25-29	0	0.000980971813583148	0.00108764471293728	0.00118518237650115	0.0010639495786706	0.000867600420997363	0.000798717400775718	0.00075648255654446	0.000677676253878745	0.000706539076026278
630	30-34	0	0.00121148613770118	0.00130904662415768	0.00150843181649292	0.0014019229733304	0.00107792557998066	0.000985636079045628	0.000925427023413383	0.000877640269351215	0.000845690853312476
630	35-39	0	0.00156779425336712	0.00161373354500395	0.00176533231809293	0.00181407436972297	0.00139614633037125	0.00130521352061075	0.00117846863965618	0.00108562244631851	0.00113820276002844
630	40-44	0	0.00199144878777852	0.0019799347817055	0.00213226912151979	0.00209198263396362	0.00177722947412455	0.0017031531096976	0.00148887357962361	0.00138540262045249	0.00141614325626077
630	45-49	0	0.00283669977980089	0.00268543903268107	0.00281726181016212	0.00283938330054276	0.00249436878188993	0.00232279400257718	0.00215449675826877	0.00188157456878684	0.00189835211031591
630	50-54	0	0.00437515464160518	0.00410363919657529	0.00391157302946618	0.00383660301717391	0.00350597535070588	0.00329473241263296	0.00315220366259857	0.00276868225410384	0.00280116633411071
630	55-59	0	0.00646127625389423	0.0061618425023285	0.00585063274683798	0.00555154178544084	0.00528529081743255	0.00469947756016287	0.00453612894107532	0.00396623185842401	0.00410614554263452
630	60-64	0	0.0102619244349533	0.00989590701981413	0.00915100484082896	0.00911185199473811	0.00807743903344189	0.00731686350517915	0.00659771648770942	0.0057502997851781	0.00606875635960622
630	65-69	0	0.0152026305829748	0.0151646031781388	0.0144111517100888	0.0137148684685322	0.0123473796925957	0.0111372818007631	0.00975919072996087	0.00861727863850623	0.00868889804684335
630	70-74	0	0.0270978550403572	0.0255992846975863	0.0238237373588972	0.0229222361126964	0.0197629344897133	0.0177583748869141	0.015629017186151	0.013353015522273	0.0138452546516464
630	75-79	0	0.0398721477364233	0.0394295974410453	0.0375291373590746	0.0359215994403331	0.0321897540139865	0.0287817440049139	0.0264325262553008	0.0225308067636009	0.0226198225158657
630	80-84	0	0.0704688103129925	0.0674769145493112	0.0657515717984075	0.0649827343087387	0.0555320047121992	0.0524371067856754	0.0469636402276385	0.0403780937737944	0.0398555630844359
630	85+	0	0.147043670092424	0.139790751366287	0.132778623670136	0.133339368016874	0.123447068479448	0.119717797091023	0.117280527234558	0.107148202047721	0.103908963111591
