region,period,sex,e0_observado,e0_estimado,e0_lower,e0_upper,est_eval
Adjuntas,1980-1984,1,72.54189508802463,72.29398728521598,71.0849481036915,73.54826735130436,Estimación adecuada
Adjuntas,1980-1984,2,78.96516925394144,78.82642502005734,77.47624754695171,80.3886043187376,Estimación adecuada
Adjuntas,1985-1989,1,70.84999061728885,71.58439179369927,70.36055402633397,72.80877203362581,Estimación adecuada
Adjuntas,1985-1989,2,78.97855761762072,78.97151217279973,77.67709375942844,80.38975557235098,Estimación adecuada
Adjuntas,1990-1994,1,71.49310954038985,71.51739921905656,70.28747100073014,72.69255179305912,Estimación adecuada
Adjuntas,1990-1994,2,77.88047658335911,78.5387202100369,77.25396156885006,79.78339430067001,Estimación adecuada
Adjuntas,1995-1999,1,71.91080703113897,72.07605099875218,70.85337803501045,73.30493185277804,Estimación adecuada
Adjuntas,1995-1999,2,78.53770419818306,78.86015435575933,77.6486920669835,80.03541910712228,Estimación adecuada
Adjuntas,2000-2004,1,74.0807006063416,73.89441243637232,72.74856004415251,74.94469704353234,Estimación adecuada
Adjuntas,2000-2004,2,79.50851081175084,79.95099432410214,78.76288147186912,81.16074334998804,Estimación adecuada
Adjuntas,2005-2009,1,77.13413877724005,76.04380344215136,74.8003637976613,77.29430011066502,Estimación adecuada
Adjuntas,2005-2009,2,82.23262377887984,82.19346477210306,80.87164557560622,83.6406632339758,Estimación adecuada
Adjuntas,2010-2014,1,78.0170892039493,76.96925341215356,75.87998855534323,78.27992574866717,Estimación adecuada
Adjuntas,2010-2014,2,84.37542750420445,83.55879014921024,82.10273792830156,85.20018587137245,Estimación adecuada
Adjuntas,2015-2019,1,80.07122326396828,79.54740070033294,78.34020064298012,81.00352576433056,Estimación adecuada
Adjuntas,2015-2019,2,84.75780508868199,84.88319034647228,83.4147617799027,86.67838663924495,Estimación adecuada
Adjuntas,2020-2024,1,80.09050176489524,79.14467641961741,77.9376404886002,80.49274191380239,Estimación adecuada
Adjuntas,2020-2024,2,87.03883394524668,86.23708511932462,84.46822147385309,88.12638833474146,Estimación adecuada
Aguada,1980-1984,1,73.2175687853255,72.98797106207513,71.94102186828025,74.11700668916485,Estimación adecuada
Aguada,1980-1984,2,76.66307974738103,77.63367987611477,76.51414312304517,78.85053938500661,Estimación adecuada
Aguada,1985-1989,1,73.21396709192831,72.92728904848016,71.99033917082532,73.94513332740794,Estimación adecuada
Aguada,1985-1989,2,77.70261010174512,78.01908189920259,76.91100108809358,79.15787014878504,Estimación adecuada
Aguada,1990-1994,1,73.47166304966473,73.02542011968693,72.03603068456117,73.98824097564847,Estimación adecuada
Aguada,1990-1994,2,79.56472305278581,79.37078462559808,78.31790838740507,80.64037418899693,Estimación adecuada
Aguada,1995-1999,1,72.96139718811193,72.62912466513531,71.71159573507333,73.52209731286786,Estimación adecuada
Aguada,1995-1999,2,78.42598214583917,78.474926165224,77.53713611663595,79.49188868074235,Estimación adecuada
Aguada,2000-2004,1,75.7731265619719,75.14451959018649,74.0772736168761,76.26229601023691,Estimación adecuada
Aguada,2000-2004,2,80.35987918975404,80.35900631105852,79.38749581195538,81.36921098680486,Estimación adecuada
Aguada,2005-2009,1,77.6139364553716,76.71839476261239,75.75466704187802,77.74133770082247,Estimación adecuada
Aguada,2005-2009,2,81.487501570255,81.41641330765569,80.46206191131428,82.50028171811466,Estimación adecuada
Aguada,2010-2014,1,77.3081065450094,76.96267793376268,76.00643643203473,77.9096571800073,Estimación adecuada
Aguada,2010-2014,2,83.93649978812951,83.47502945110321,82.37212955670701,84.64426987614709,Estimación adecuada
Aguada,2015-2019,1,80.17632385200217,79.17388751986559,78.2427051253365,80.16647732269685,< e0 observado
Aguada,2015-2019,2,84.88514363026218,84.7430396769845,83.62654783617417,86.01042003734125,Estimación adecuada
Aguada,2020-2024,1,78.78968559483442,78.1785008382634,77.20111596761227,79.1376794187998,Estimación adecuada
Aguada,2020-2024,2,83.87729580688905,83.98412369263323,82.9339724609827,85.1845278096632,Estimación adecuada
Aguadilla,1980-1984,1,71.00678071372081,71.0866249633016,70.24045426452614,71.97354155587398,Estimación adecuada
Aguadilla,1980-1984,2,77.48535658677463,77.32277396271714,76.43394147616446,78.20614789948101,Estimación adecuada
Aguadilla,1985-1989,1,70.58561267446154,70.727279362194,69.8915740288802,71.49907508548975,Estimación adecuada
Aguadilla,1985-1989,2,77.65780206154783,77.52973253203237,76.69592432514922,78.30978296251288,Estimación adecuada
Aguadilla,1990-1994,1,70.88482346377512,70.78647425507751,69.97486283581631,71.60103544532406,Estimación adecuada
Aguadilla,1990-1994,2,77.99785568547416,77.85038162638669,77.06711052627445,78.66025408924104,Estimación adecuada
Aguadilla,1995-1999,1,70.78010378855268,70.7747043500191,69.9338559608105,71.47672051924988,Estimación adecuada
Aguadilla,1995-1999,2,78.16686736979354,78.01922158743257,77.2803912845763,78.75005228667398,Estimación adecuada
Aguadilla,2000-2004,1,73.78276571753028,73.32232177647148,72.5552606633143,74.11163918990495,Estimación adecuada
Aguadilla,2000-2004,2,80.45198774138778,79.9463665742667,79.12218837294739,80.80678834855044,Estimación adecuada
Aguadilla,2005-2009,1,74.34368140644376,74.07249993361154,73.25121438863822,74.86131784122861,Estimación adecuada
Aguadilla,2005-2009,2,81.18616231865005,80.78718083235199,79.98584353173156,81.61822462211539,Estimación adecuada
Aguadilla,2010-2014,1,76.10575530196566,75.59429152877357,74.85389097124563,76.38635573665151,Estimación adecuada
Aguadilla,2010-2014,2,81.66758711742574,81.58010112221783,80.86958742601135,82.38752532876552,Estimación adecuada
Aguadilla,2015-2019,1,77.5014617746831,76.94792122676154,76.03652336084417,77.81367170142192,Estimación adecuada
Aguadilla,2015-2019,2,82.99395073109925,83.40820441606385,82.48397226779046,84.43084543410795,Estimación adecuada
Aguadilla,2020-2024,1,76.52156602867669,76.49295107127041,75.72317090043627,77.36965593589305,Estimación adecuada
Aguadilla,2020-2024,2,83.20736033493193,83.30914196717069,82.44344224458025,84.20339166679439,Estimación adecuada
Aguas Buenas,1980-1984,1,70.9060601893331,71.50413187561495,70.34414801276705,72.71046637308598,Estimación adecuada
Aguas Buenas,1980-1984,2,79.20230439846388,78.77495098319727,77.49539065027997,80.23702845763172,Estimación adecuada
Aguas Buenas,1985-1989,1,71.73217429810381,71.96199040155169,70.8287165538071,73.19685650755777,Estimación adecuada
Aguas Buenas,1985-1989,2,78.66666240443578,78.81149756156898,77.56932754709294,80.38332268227943,Estimación adecuada
Aguas Buenas,1990-1994,1,71.9040754109389,71.84062126508442,70.6878679603286,73.03383996520996,Estimación adecuada
Aguas Buenas,1990-1994,2,82.01930667891538,80.82981173779524,79.4329975309254,82.38454849098653,Estimación adecuada
Aguas Buenas,1995-1999,1,72.03242058667273,72.16649957272523,71.13234832668995,73.2978187052293,Estimación adecuada
Aguas Buenas,1995-1999,2,79.29741471606215,79.18584751641632,77.9766689441268,80.38194735677845,Estimación adecuada
Aguas Buenas,2000-2004,1,74.50847723417229,74.45544440246559,73.35890276364188,75.5957794231026,Estimación adecuada
Aguas Buenas,2000-2004,2,81.53307661620572,81.36117155114191,80.166799585106,82.69178653112589,Estimación adecuada
Aguas Buenas,2005-2009,1,74.76751879253902,75.16041505465823,74.0664028994088,76.2926963247079,Estimación adecuada
Aguas Buenas,2005-2009,2,83.74825554704383,83.54820143609496,82.06895747517417,85.03100245742915,Estimación adecuada
Aguas Buenas,2010-2014,1,77.07874986678003,77.53845583708322,76.39037766133093,78.80070937713211,Estimación adecuada
Aguas Buenas,2010-2014,2,83.69043751017024,83.90830808959194,82.577886449968,85.25434470416096,Estimación adecuada
Aguas Buenas,2015-2019,1,77.12363910638715,78.01503015140537,76.78378140535645,79.26805354078257,Estimación adecuada
Aguas Buenas,2015-2019,2,86.87058779798109,86.02307673142568,84.49809357851724,87.72914835706318,Estimación adecuada
Aguas Buenas,2020-2024,1,77.71291412855061,78.17109930022033,77.04387745170787,79.4996528501268,Estimación adecuada
Aguas Buenas,2020-2024,2,86.01372227536957,85.47901304399636,84.15264141112114,86.9413142572689,Estimación adecuada
Aibonito,1980-1984,1,71.20727896829324,71.65377103847568,70.46714809563831,72.88173930291859,Estimación adecuada
Aibonito,1980-1984,2,78.10148160174786,78.26282915891673,77.08135328251383,79.70345362711197,Estimación adecuada
Aibonito,1985-1989,1,70.93804632594708,71.34758798266816,70.1143872850528,72.41273011135752,Estimación adecuada
Aibonito,1985-1989,2,79.48839408130232,79.1959749615879,77.98797970381825,80.76505520657018,Estimación adecuada
Aibonito,1990-1994,1,72.7988506012683,72.36395280793349,71.14092882001347,73.58198910856183,Estimación adecuada
Aibonito,1990-1994,2,79.2040372973333,78.98571942069617,77.91651755856853,80.11119810533013,Estimación adecuada
Aibonito,1995-1999,1,72.77760443633895,72.30667580757509,71.14209450248552,73.49906769122356,Estimación adecuada
Aibonito,1995-1999,2,79.65397963842348,79.54145686628785,78.42353458751866,80.72663520392082,Estimación adecuada
Aibonito,2000-2004,1,74.39460579414155,74.09855577980795,73.12191572647235,75.1427239645471,Estimación adecuada
Aibonito,2000-2004,2,80.67825254541816,80.66489992887375,79.59038679986757,81.82074141668534,Estimación adecuada
Aibonito,2005-2009,1,74.88960349978896,74.97516226216942,73.86481791274957,76.14978328951715,Estimación adecuada
Aibonito,2005-2009,2,81.30587533973025,81.28286650660141,80.21737370112724,82.41270448104375,Estimación adecuada
Aibonito,2010-2014,1,74.15371449624436,75.50021871857447,74.41832547079117,76.59110065946304,> e0 observado
Aibonito,2010-2014,2,82.83346667872438,82.91890749738621,81.71135095223167,84.22221216386095,Estimación adecuada
Aibonito,2015-2019,1,77.00855644451337,77.75625190465034,76.55315794831934,79.00012779754363,Estimación adecuada
Aibonito,2015-2019,2,83.92589167839914,84.35879056768428,83.21561751604625,85.80205035491515,Estimación adecuada
Aibonito,2020-2024,1,79.62044145372404,79.22135334410977,77.8868814368462,80.43845182679084,Estimación adecuada
Aibonito,2020-2024,2,85.54801976071055,85.63234457255534,84.3145613045615,87.0199613361755,Estimación adecuada
Anasco,1980-1984,1,72.01460523472085,71.61705334593381,70.44523993646916,72.74715664734717,Estimación adecuada
Anasco,1980-1984,2,76.47877169471658,76.78760752014205,75.63781283215577,78.08109922853374,Estimación adecuada
Anasco,1985-1989,1,71.42888891874672,71.40906190287177,70.27339340555154,72.51798239766097,Estimación adecuada
Anasco,1985-1989,2,76.49626365968555,77.09626206003557,75.95171027032423,78.30543137579653,Estimación adecuada
Anasco,1990-1994,1,70.05228247802772,70.66835074147852,69.59365533703236,71.77017929613034,Estimación adecuada
Anasco,1990-1994,2,77.19464732684078,77.53950243734806,76.44110300910445,78.6104263843153,Estimación adecuada
Anasco,1995-1999,1,71.8503650088804,71.29498940562479,70.4103876892746,72.19336600495119,Estimación adecuada
Anasco,1995-1999,2,77.85360337047756,77.9271649300942,76.87924730559709,78.98248442805047,Estimación adecuada
Anasco,2000-2004,1,74.35938543935956,73.93303680936997,72.9237733697751,74.97363987718262,Estimación adecuada
Anasco,2000-2004,2,80.6361937434096,80.285724846041,79.12139240392183,81.60446572598568,Estimación adecuada
Anasco,2005-2009,1,76.96481061689505,75.7940146335248,74.83313227018992,76.99736538096599,Estimación adecuada
Anasco,2005-2009,2,82.18483587125668,81.6073233934197,80.43340822965303,82.93747271679527,Estimación adecuada
Anasco,2010-2014,1,76.38264162433823,75.99801139270919,74.96143594525877,77.12680606766263,Estimación adecuada
Anasco,2010-2014,2,83.0792504741019,82.83264913858702,81.50018480756694,84.18735045238259,Estimación adecuada
Anasco,2015-2019,1,78.19758272547156,77.69305350736843,76.5518517456621,78.74694136417104,Estimación adecuada
Anasco,2015-2019,2,85.54315717152748,84.8654480513303,83.6520193545268,86.25215069836719,Estimación adecuada
Anasco,2020-2024,1,77.16064670152906,77.43745423255423,76.33171573927493,78.5351215633455,Estimación adecuada
Anasco,2020-2024,2,83.21756305986028,84.23274437497025,83.03045084749347,85.43431298901457,Estimación adecuada
Arecibo,1980-1984,1,70.94822313738123,70.9795452577027,70.29607065201412,71.67745875534679,Estimación adecuada
Arecibo,1980-1984,2,77.54900544750468,77.29992123052679,76.63925933424458,78.04169338414896,Estimación adecuada
Arecibo,1985-1989,1,70.27186805457086,70.38834606054593,69.69321641761238,71.10743144787548,Estimación adecuada
Arecibo,1985-1989,2,77.07511338664264,77.10982615584606,76.45831468487714,77.78752909098816,Estimación adecuada
Arecibo,1990-1994,1,70.7566402122555,70.68289273948756,69.9723719195107,71.30479115530234,Estimación adecuada
Arecibo,1990-1994,2,77.82525476262934,77.82456064937216,77.14140076361323,78.55574019846942,Estimación adecuada
Arecibo,1995-1999,1,70.42422951948053,70.46502879401945,69.85489679823894,71.07182637692934,Estimación adecuada
Arecibo,1995-1999,2,77.67805190763367,77.69054139764657,77.08948556913013,78.19878625622817,Estimación adecuada
Arecibo,2000-2004,1,73.58677734329173,73.27255529897256,72.68562286546721,73.89935677329436,Estimación adecuada
Arecibo,2000-2004,2,80.17723082421405,79.84844286211896,79.20136147648142,80.488273406948,Estimación adecuada
Arecibo,2005-2009,1,73.79746978285581,73.78071882893573,73.17395887095412,74.44001084976625,Estimación adecuada
Arecibo,2005-2009,2,80.99120726198103,80.65691064133465,80.02082739741218,81.31164192489535,Estimación adecuada
Arecibo,2010-2014,1,75.7499952369095,75.60117535751735,74.94782920432334,76.26083532404701,Estimación adecuada
Arecibo,2010-2014,2,81.99729917976788,81.69301355887774,81.0164487633625,82.35466977562481,Estimación adecuada
Arecibo,2015-2019,1,77.47760291858165,77.352996896608,76.6941227812339,78.01303264284128,Estimación adecuada
Arecibo,2015-2019,2,84.62096334942434,84.28929035764111,83.53812189978663,85.07834420737377,Estimación adecuada
Arecibo,2020-2024,1,77.03404417797987,76.85532285834935,76.1416382027707,77.53378913310729,Estimación adecuada
Arecibo,2020-2024,2,83.99392652816302,83.68087190357828,83.01887036894934,84.40900463813095,Estimación adecuada
Arroyo,1980-1984,1,69.26197243419952,69.83055761757741,68.49980414464002,71.16395229152877,Estimación adecuada
Arroyo,1980-1984,2,77.70227943996014,77.42345071976477,76.0535583303065,78.90776741084964,Estimación adecuada
Arroyo,1985-1989,1,69.06544938666637,69.5615318955129,68.35303977369033,70.69684640493091,Estimación adecuada
Arroyo,1985-1989,2,76.53547803214356,76.69156833453553,75.43854365544583,77.96952380016158,Estimación adecuada
Arroyo,1990-1994,1,69.467701272295,69.80560001836444,68.56560221889119,71.05185346351288,Estimación adecuada
Arroyo,1990-1994,2,79.1638940521351,78.3835552418079,77.1232119698018,79.86012786880555,Estimación adecuada
Arroyo,1995-1999,1,69.35840651861476,69.954082123794,68.79168438364961,71.13900577473758,Estimación adecuada
Arroyo,1995-1999,2,77.98473955428868,77.5688222804753,76.56571912545468,78.6975412866756,Estimación adecuada
Arroyo,2000-2004,1,72.46263355278661,72.49160335749517,71.29496411420686,73.64596713547454,Estimación adecuada
Arroyo,2000-2004,2,79.49462438506767,79.45184945150149,78.26190487788375,80.89662702690224,Estimación adecuada
Arroyo,2005-2009,1,73.52924324703847,73.59891785448181,72.35547188994109,74.89325909214564,Estimación adecuada
Arroyo,2005-2009,2,81.55925566302211,81.06066128713863,79.77207274002669,82.36682325921767,Estimación adecuada
Arroyo,2010-2014,1,73.74855783813933,74.25360623546312,73.08346206338928,75.38786316953862,Estimación adecuada
Arroyo,2010-2014,2,82.70095569618667,82.14072874668247,80.74778944848791,83.67453150115765,Estimación adecuada
Arroyo,2015-2019,1,74.8566557237882,76.27178133282844,75.09137225959728,77.61591628510432,> e0 observado
Arroyo,2015-2019,2,83.0866067343545,83.514340030857,82.09080849901389,85.09729388250085,Estimación adecuada
Arroyo,2020-2024,1,77.15040742709186,76.78276386284645,75.36405117400703,78.12854757759533,Estimación adecuada
Arroyo,2020-2024,2,82.07042233229612,83.12567525989323,81.84649833744598,84.52585370438273,Estimación adecuada
Barceloneta,1980-1984,1,69.54208697130086,70.64337965124818,69.33632928704532,71.88274153776723,Estimación adecuada
Barceloneta,1980-1984,2,77.15945709054438,77.4091923523703,76.05261052527541,78.86657341651478,Estimación adecuada
Barceloneta,1985-1989,1,72.20256138308129,71.90690625912993,70.73616567651705,73.14004229630258,Estimación adecuada
Barceloneta,1985-1989,2,78.86869640220178,78.64343051242092,77.35812882306158,80.08061721698787,Estimación adecuada
Barceloneta,1990-1994,1,71.82801102859922,71.19064001161468,70.03261248952286,72.38663417000146,Estimación adecuada
Barceloneta,1990-1994,2,79.79778456534827,79.64908744542564,78.21869851403675,81.11941053465169,Estimación adecuada
Barceloneta,1995-1999,1,69.62763398284126,70.51723373767797,69.35237887322418,71.7777588253533,Estimación adecuada
Barceloneta,1995-1999,2,78.30155980616671,78.51741397435362,77.35747575048151,79.82143039130021,Estimación adecuada
Barceloneta,2000-2004,1,74.25217285421826,73.62618789761805,72.46390181027394,74.77349730294947,Estimación adecuada
Barceloneta,2000-2004,2,80.98566728548113,80.33898462625675,79.241593841081,81.6071199231121,Estimación adecuada
Barceloneta,2005-2009,1,75.14771749617947,74.70019053081923,73.53025233858054,75.96842448809697,Estimación adecuada
Barceloneta,2005-2009,2,83.11601404161499,82.39404230052874,81.06482830639996,83.96552509342995,Estimación adecuada
Barceloneta,2010-2014,1,75.38250616989667,75.56358105179517,74.48729683600392,76.63545159198455,Estimación adecuada
Barceloneta,2010-2014,2,83.08358460781069,82.69655918094914,81.51287642531301,84.04853313095923,Estimación adecuada
Barceloneta,2015-2019,1,79.11645760546239,77.9118589916115,76.7119389465973,79.2155715215961,Estimación adecuada
Barceloneta,2015-2019,2,85.56404930901091,84.99419356074787,83.59261425245852,86.61940536461702,Estimación adecuada
Barceloneta,2020-2024,1,75.82195956003592,75.9885578555021,75.03105023785531,77.04488323496433,Estimación adecuada
Barceloneta,2020-2024,2,84.21378427386206,84.47650818126905,83.19106988404621,86.05102140532286,Estimación adecuada
Barranquitas,1980-1984,1,71.33876197975141,71.57100719449562,70.47424723981743,72.69544108886618,Estimación adecuada
Barranquitas,1980-1984,2,77.30531169649653,77.70248911090974,76.3619386030581,79.11437532216011,Estimación adecuada
Barranquitas,1985-1989,1,71.51414892357278,71.5849079254538,70.38770984820755,72.75992398786188,Estimación adecuada
Barranquitas,1985-1989,2,77.76964050663393,78.09686698171723,76.8843684711195,79.45960754036363,Estimación adecuada
Barranquitas,1990-1994,1,70.61622752203239,71.094152011874,69.90798747039213,72.17837402447947,Estimación adecuada
Barranquitas,1990-1994,2,80.19038720696513,79.65081963112661,78.40034089682513,80.91383589353153,Estimación adecuada
Barranquitas,1995-1999,1,71.30535167741402,71.04368544714885,70.12990234553205,71.99920840299943,Estimación adecuada
Barranquitas,1995-1999,2,77.36809189145215,78.01661831220932,76.93998484410744,79.22843527754146,Estimación adecuada
Barranquitas,2000-2004,1,73.94139576064687,73.90663960718484,72.84866833606908,75.00853426682788,Estimación adecuada
Barranquitas,2000-2004,2,80.92303201880848,81.08764822997061,79.78412523143925,82.64620101321056,Estimación adecuada
Barranquitas,2005-2009,1,75.7544247310515,75.31369476634592,74.1648639794082,76.60477068852686,Estimación adecuada
Barranquitas,2005-2009,2,83.34321773527964,83.04978611790938,81.63856869896351,84.6490873870539,Estimación adecuada
Barranquitas,2010-2014,1,75.82434696179858,75.79009419966464,74.68282156912763,76.90016365964784,Estimación adecuada
Barranquitas,2010-2014,2,83.19916348644448,83.05242105337915,81.81510180837425,84.50213462758211,Estimación adecuada
Barranquitas,2015-2019,1,78.70088384920705,78.19947330152812,77.12393101534992,79.53371158020848,Estimación adecuada
Barranquitas,2015-2019,2,86.1569793140704,85.83028005770652,84.1933003876926,87.60337655072199,Estimación adecuada
Barranquitas,2020-2024,1,77.70140580259377,77.80443548507091,76.72412852722816,78.98371551172222,Estimación adecuada
Barranquitas,2020-2024,2,85.89659093832063,85.66992175510401,84.34623678672232,87.29491760329469,Estimación adecuada
Bayamon,1980-1984,1,72.04514701418194,71.99550472281044,71.50209546071315,72.52181200231301,Estimación adecuada
Bayamon,1980-1984,2,78.18054324807127,78.05168995685804,77.52807883235502,78.57631787056081,Estimación adecuada
Bayamon,1985-1989,1,71.5983747916107,71.62645613112758,71.10458379470192,72.11950293371895,Estimación adecuada
Bayamon,1985-1989,2,79.53402783138928,79.30076240222508,78.83133140065695,79.79580185863236,Estimación adecuada
Bayamon,1990-1994,1,69.4013098024391,69.63804519265828,69.13691169180834,70.06585955651151,Estimación adecuada
Bayamon,1990-1994,2,79.99809814237119,79.87914235033577,79.38147934513471,80.41436866212669,Estimación adecuada
Bayamon,1995-1999,1,70.77177966925491,70.92400773790185,70.46117148860867,71.35297019711983,Estimación adecuada
Bayamon,1995-1999,2,79.73301230251936,79.69464549067965,79.20065871292417,80.15180528763165,Estimación adecuada
Bayamon,2000-2004,1,73.5738231086305,73.61827728881741,73.14205210256375,74.0678873217115,Estimación adecuada
Bayamon,2000-2004,2,81.70891995330638,81.58894093770644,81.10565374148712,82.13249616242841,Estimación adecuada
Bayamon,2005-2009,1,74.78989094750837,74.80000036295893,74.30710644821197,75.2826384169861,Estimación adecuada
Bayamon,2005-2009,2,82.81400991090649,82.70983372404717,82.14609918964089,83.25466538974611,Estimación adecuada
Bayamon,2010-2014,1,76.39050901350164,76.38851429497245,75.87369557610677,76.88190501346426,Estimación adecuada
Bayamon,2010-2014,2,84.21195413174073,84.01822758528705,83.47028509753555,84.5870501409651,Estimación adecuada
Bayamon,2015-2019,1,77.4241342974101,77.52822921418547,76.96092957492448,78.0552269137841,Estimación adecuada
Bayamon,2015-2019,2,85.53635487807954,85.24010162061938,84.69390408519547,85.84031937910517,Estimación adecuada
Bayamon,2020-2024,1,76.28240347769595,76.3277583768392,75.82101189103936,76.86753311937576,Estimación adecuada
Bayamon,2020-2024,2,85.66531677680673,85.55210158751595,84.92203445894994,86.17680377508364,Estimación adecuada
Cabo Rojo,1980-1984,1,72.39724763936692,72.63037196324676,71.62349973577707,73.60034199979658,Estimación adecuada
Cabo Rojo,1980-1984,2,77.54158683750231,77.56667581825087,76.64018261236053,78.58784782978933,Estimación adecuada
Cabo Rojo,1985-1989,1,73.0487252974488,72.98775545990702,71.97023798175474,74.01762125385888,Estimación adecuada
Cabo Rojo,1985-1989,2,79.23917112625598,78.92944273285644,77.99485196313198,79.92461887124037,Estimación adecuada
Cabo Rojo,1990-1994,1,72.97925410251543,72.74584801623983,71.90413349026579,73.63348992649368,Estimación adecuada
Cabo Rojo,1990-1994,2,80.55409901002385,80.0222849088515,79.05663137609037,81.07691482446675,Estimación adecuada
Cabo Rojo,1995-1999,1,72.48815364764029,72.46543316145082,71.54321557560098,73.22067327057918,Estimación adecuada
Cabo Rojo,1995-1999,2,79.89647697006733,79.75900527406691,78.95546212937009,80.60723599584826,Estimación adecuada
Cabo Rojo,2000-2004,1,75.02839226790125,74.85847127618774,73.99812656159203,75.64676853965817,Estimación adecuada
Cabo Rojo,2000-2004,2,82.11872847252751,81.8495952271899,80.86953383258725,82.89818217861983,Estimación adecuada
Cabo Rojo,2005-2009,1,76.84328880547318,76.23120248551234,75.4135071902968,77.05270373906305,Estimación adecuada
Cabo Rojo,2005-2009,2,82.7883495500848,82.3486841175098,81.44000306577477,83.31019625339992,Estimación adecuada
Cabo Rojo,2010-2014,1,75.75368420461353,76.13700336147964,75.26601178769451,76.92185756551058,Estimación adecuada
Cabo Rojo,2010-2014,2,83.42815115673008,83.64509994447452,82.66981332624802,84.76656000009197,Estimación adecuada
Cabo Rojo,2015-2019,1,79.78583423632398,79.46076553116808,78.50733142689758,80.55679110512642,Estimación adecuada
Cabo Rojo,2015-2019,2,84.21493107845924,84.43863365860474,83.5646906000814,85.36335761891773,Estimación adecuada
Cabo Rojo,2020-2024,1,79.36891590464816,79.29438787889083,78.40604811222155,80.24589714646267,Estimación adecuada
Cabo Rojo,2020-2024,2,84.78014352257735,84.61404495421634,83.66037331892942,85.67213365456561,Estimación adecuada
Caguas,1980-1984,1,71.72229204508375,71.75914440861888,71.08742719748707,72.45817080794922,Estimación adecuada
Caguas,1980-1984,2,78.48100883851102,78.31594589435107,77.66166603056179,79.02508357588093,Estimación adecuada
Caguas,1985-1989,1,70.39381171255258,70.48065953933717,69.930907439327,71.06767995829672,Estimación adecuada
Caguas,1985-1989,2,79.24402800001288,79.00641812375673,78.30268779016346,79.66667813147684,Estimación adecuada
Caguas,1990-1994,1,68.8176451180551,69.16149849759412,68.53982712970101,69.74480471001347,Estimación adecuada
Caguas,1990-1994,2,78.64358444378482,78.56197577068568,77.98165144223951,79.1939571634987,Estimación adecuada
Caguas,1995-1999,1,69.69055735609852,69.97432119941985,69.38144497147864,70.54705221109516,Estimación adecuada
Caguas,1995-1999,2,79.65612948337659,79.52641553966814,78.93336908732807,80.12557233631505,Estimación adecuada
Caguas,2000-2004,1,73.107794927577,73.194799040953,72.61922857765705,73.73213001672016,Estimación adecuada
Caguas,2000-2004,2,81.16770684291535,80.91860985072344,80.35959333858987,81.61749636570718,Estimación adecuada
Caguas,2005-2009,1,74.70961206827913,74.70992541605284,74.10372946905487,75.29239119053241,Estimación adecuada
Caguas,2005-2009,2,83.1696138038651,82.98599505094879,82.33625662975294,83.7182111938348,Estimación adecuada
Caguas,2010-2014,1,74.58554015299133,74.88119559586025,74.27759946765066,75.47064562556584,Estimación adecuada
Caguas,2010-2014,2,83.90600489563008,83.71005510473975,82.9946950756544,84.4135729483052,Estimación adecuada
Caguas,2015-2019,1,77.12465328076702,77.28412531196307,76.6169784476902,77.91336557183512,Estimación adecuada
Caguas,2015-2019,2,84.81913360231934,84.69538822231712,84.02177476608317,85.42396078305265,Estimación adecuada
Caguas,2020-2024,1,76.29588342135226,76.34339495572833,75.73890962587772,76.9258879213989,Estimación adecuada
Caguas,2020-2024,2,84.58890329073994,84.49096379188344,83.79595340065855,85.12505410638553,Estimación adecuada
Camuy,1980-1984,1,72.00953497661486,72.21258695482473,71.04932187679742,73.30602681740486,Estimación adecuada
Camuy,1980-1984,2,79.0481930632779,78.87601633610933,77.64914355430766,80.33695358012405,Estimación adecuada
Camuy,1985-1989,1,73.05563270338816,72.7239933554656,71.70386829720815,73.80223834366817,Estimación adecuada
Camuy,1985-1989,2,79.50251205629577,79.31185448589167,77.99640981500741,80.66411869874386,Estimación adecuada
Camuy,1990-1994,1,72.48592866320423,72.07225831188393,71.12198314893743,73.0076177822744,Estimación adecuada
Camuy,1990-1994,2,78.42074942707245,78.58247090437501,77.52549248881616,79.75250062290725,Estimación adecuada
Camuy,1995-1999,1,72.6730064081168,72.25947181208362,71.28812711164778,73.16812791118079,Estimación adecuada
Camuy,1995-1999,2,81.15887534595899,80.5763399090797,79.4046779267361,81.82083790445257,Estimación adecuada
Camuy,2000-2004,1,75.51776152008142,74.82657043348782,73.85125685864047,75.78807428202641,Estimación adecuada
Camuy,2000-2004,2,81.38049051623702,80.83294102563956,79.80739868042446,81.87846201848322,Estimación adecuada
Camuy,2005-2009,1,76.01134322923592,75.53144772562055,74.58120349648625,76.44581040348892,Estimación adecuada
Camuy,2005-2009,2,83.37764861657536,82.81753990017802,81.55458087133972,84.26380132613372,Estimación adecuada
Camuy,2010-2014,1,77.47114401608678,76.4572520583661,75.49957478276085,77.42936133632725,< e0 observado
Camuy,2010-2014,2,83.52117698878536,83.20246405067476,82.1400612187557,84.54342568151975,Estimación adecuada
Camuy,2015-2019,1,78.31044325410552,78.08321723818469,77.09864358422375,79.14807095822755,Estimación adecuada
Camuy,2015-2019,2,85.3683244262729,85.08330959854692,83.8519664055332,86.524705902724,Estimación adecuada
Camuy,2020-2024,1,78.26146309261183,77.82337636700932,76.85590932636242,78.85030385932059,Estimación adecuada
Camuy,2020-2024,2,85.47114665413858,85.37476107898871,84.15125670408621,86.69682438632431,Estimación adecuada
Canovanas,1980-1984,1,73.2999178869587,71.96817152676361,70.92155784640968,73.18300017752387,< e0 observado
Canovanas,1980-1984,2,80.06188590433086,78.6947862880491,77.38540377369794,80.03595646075163,< e0 observado
Canovanas,1985-1989,1,71.61537365310774,71.35178920457001,70.2825346574371,72.51747088928879,Estimación adecuada
Canovanas,1985-1989,2,78.2476656338885,77.84062706370347,76.60411172125777,79.1689035237738,Estimación adecuada
Canovanas,1990-1994,1,68.47857316458972,69.26964775705662,68.25920721929748,70.3444044048136,Estimación adecuada
Canovanas,1990-1994,2,78.32395417011651,78.20315210007524,77.0588114631833,79.3747953219564,Estimación adecuada
Canovanas,1995-1999,1,67.92417601162161,68.79332583308368,67.8630790542064,69.76504160638453,Estimación adecuada
Canovanas,1995-1999,2,77.19866982997894,77.26597932611435,76.30371252954426,78.2691409300916,Estimación adecuada
Canovanas,2000-2004,1,71.16133588099902,71.92513012236984,70.90558697370899,72.93697685972818,Estimación adecuada
Canovanas,2000-2004,2,79.89031657445086,79.81567326332905,78.80776784493487,80.96222885491929,Estimación adecuada
Canovanas,2005-2009,1,72.03527888088188,72.86606009282434,71.76669375599056,73.97988112838014,Estimación adecuada
Canovanas,2005-2009,2,82.20274877957495,81.68741946091606,80.56167970135218,82.87897244420874,Estimación adecuada
Canovanas,2010-2014,1,73.73163177655941,74.50824578356188,73.53617230370935,75.516726098239,Estimación adecuada
Canovanas,2010-2014,2,82.38500533806449,81.9606777995801,80.89509620887345,83.00544018737249,Estimación adecuada
Canovanas,2015-2019,1,76.47578865798283,76.85389370293302,75.8822492771437,77.92672554840378,Estimación adecuada
Canovanas,2015-2019,2,83.4705410867674,83.2946963796366,82.26169985327873,84.40038809874359,Estimación adecuada
Canovanas,2020-2024,1,75.27011547141527,75.4685158857225,74.56536334030815,76.35229769363372,Estimación adecuada
Canovanas,2020-2024,2,84.62181844092844,84.13195918275431,82.99781481809777,85.26090376605455,Estimación adecuada
Carolina,1980-1984,1,72.6794571065647,72.67091105758435,72.05252947175477,73.26678720606833,Estimación adecuada
Carolina,1980-1984,2,80.00245669766524,79.71811665828575,79.041610927442,80.4474395744631,Estimación adecuada
Carolina,1985-1989,1,71.45905207579524,71.56371266030507,70.970096926873,72.08519368534141,Estimación adecuada
Carolina,1985-1989,2,79.99533355118935,79.78042037897416,79.1290509379095,80.43950715833516,Estimación adecuada
Carolina,1990-1994,1,69.88961527032848,70.1515438380716,69.6312603505825,70.71971306635596,Estimación adecuada
Carolina,1990-1994,2,79.19273965392165,79.23188772436417,78.67022054187979,79.82463374728982,Estimación adecuada
Carolina,1995-1999,1,70.60394767924991,70.84125671639293,70.3164812230979,71.36293742913672,Estimación adecuada
Carolina,1995-1999,2,80.17066355341139,80.02030770451634,79.47581746861424,80.61166466252479,Estimación adecuada
Carolina,2000-2004,1,73.93076115352547,74.03585609006842,73.52756839011863,74.62061186596681,Estimación adecuada
Carolina,2000-2004,2,81.94990115891812,81.75551053169812,81.20216101061816,82.33367937845371,Estimación adecuada
Carolina,2005-2009,1,74.82294831043073,74.9291243040327,74.38474023646444,75.46670005045614,Estimación adecuada
Carolina,2005-2009,2,82.93347404417227,82.8150201477889,82.22321965418838,83.42427314845125,Estimación adecuada
Carolina,2010-2014,1,75.7216623224996,75.95871249713288,75.42126802501846,76.56039462539515,Estimación adecuada
Carolina,2010-2014,2,84.32702876051525,84.16083048081892,83.57412704718605,84.77421516655538,Estimación adecuada
Carolina,2015-2019,1,78.16150181754098,78.14324912795729,77.51953844554704,78.79406493552374,Estimación adecuada
Carolina,2015-2019,2,86.31301087441426,86.08073769757532,85.41083777472859,86.82138808226605,Estimación adecuada
Carolina,2020-2024,1,78.61601699181084,78.49496147398209,77.85817499681018,79.16619982833916,Estimación adecuada
Carolina,2020-2024,2,85.92480146843513,85.54984839029422,84.90624593141905,86.17698529052926,Estimación adecuada
Catano,1980-1984,1,64.71158204088911,66.14673679661404,65.0640444734683,67.19629921114048,> e0 observado
Catano,1980-1984,2,75.60330232750007,75.33241061523415,74.14017998474014,76.51249118381766,Estimación adecuada
Catano,1985-1989,1,65.74843366392102,66.89051567286134,65.80451834983268,67.95970946611061,> e0 observado
Catano,1985-1989,2,78.65957711284251,77.4595702123279,76.24073143508592,78.76803246394755,Estimación adecuada
Catano,1990-1994,1,63.551421617424765,65.20872852848363,64.13843041443032,66.37145360969049,> e0 observado
Catano,1990-1994,2,77.73013012436986,77.31912863830394,76.13869156053985,78.46041048233974,Estimación adecuada
Catano,1995-1999,1,64.95894376240564,66.41587524222174,65.19950689829054,67.4999961481713,> e0 observado
Catano,1995-1999,2,77.8017354936669,77.52262027291427,76.34976714017974,78.69351285160357,Estimación adecuada
Catano,2000-2004,1,69.54736006919788,70.40602391539622,69.36506176203136,71.5027403010219,Estimación adecuada
Catano,2000-2004,2,80.2420833723342,79.32199643874094,78.21013816306909,80.50309500753903,Estimación adecuada
Catano,2005-2009,1,70.0088463290445,71.01188203357401,69.90789090270059,72.15216889609145,Estimación adecuada
Catano,2005-2009,2,82.4846061988492,81.67580906608148,80.28143730260847,83.40071351233952,Estimación adecuada
Catano,2010-2014,1,73.04054164065786,73.3598227692272,72.25363205518408,74.63222586198468,Estimación adecuada
Catano,2010-2014,2,85.05347927327067,83.0852947941587,81.67574350202771,84.85654187394809,< e0 observado
Catano,2015-2019,1,73.65254048968006,74.64798797700232,73.46603110211473,75.93788856909121,Estimación adecuada
Catano,2015-2019,2,86.94579083490224,85.34262760172057,83.62196117562506,87.3132554833152,Estimación adecuada
Catano,2020-2024,1,73.01737041087927,74.1158507664824,72.9202607594998,75.50291808327516,Estimación adecuada
Catano,2020-2024,2,86.0684794743231,84.88792743758067,83.32899143427929,86.6834787799008,Estimación adecuada
Cayey,1980-1984,1,71.32064492875627,71.16053404854443,70.24826686398933,72.1225353360199,Estimación adecuada
Cayey,1980-1984,2,76.88437352747384,77.09130877990636,76.04524215256689,78.19522275663513,Estimación adecuada
Cayey,1985-1989,1,69.35200072016079,69.89188814748266,69.05547579885584,70.79266810096328,Estimación adecuada
Cayey,1985-1989,2,78.24162311103663,78.10834327518012,77.06792030152477,79.14219066419096,Estimación adecuada
Cayey,1990-1994,1,69.27521430891126,69.87540048139891,68.9700860336336,70.80071133766914,Estimación adecuada
Cayey,1990-1994,2,78.16553833033852,78.21166342259565,77.33599096072295,79.24722400744605,Estimación adecuada
Cayey,1995-1999,1,70.01299547508536,70.55936175940504,69.73621466742576,71.4093831793082,Estimación adecuada
Cayey,1995-1999,2,78.87259018768239,78.82458183871994,77.95952719503943,79.80155808738401,Estimación adecuada
Cayey,2000-2004,1,73.68749999421473,73.65136133337023,72.74154512073487,74.62804287511749,Estimación adecuada
Cayey,2000-2004,2,81.22226473989993,80.58432018398864,79.62394775623329,81.45530309391411,Estimación adecuada
Cayey,2005-2009,1,73.99614368964569,74.57061610250227,73.59833664117531,75.52251903137781,Estimación adecuada
Cayey,2005-2009,2,82.1533699228688,81.8111210903873,80.85899980859935,82.79160909875007,Estimación adecuada
Cayey,2010-2014,1,75.00610378038506,75.58232026921664,74.63691316893814,76.52718831316018,Estimación adecuada
Cayey,2010-2014,2,83.73637939950336,83.31330900534934,82.37778594955961,84.39664335480369,Estimación adecuada
Cayey,2015-2019,1,78.54670044615935,78.43575927838111,77.49264455686246,79.47976030320332,Estimación adecuada
Cayey,2015-2019,2,85.74693279734878,85.14898708365273,83.97053224991716,86.46411946412516,Estimación adecuada
Cayey,2020-2024,1,79.40962956727441,79.26422534042375,78.17211811460989,80.43251595559765,Estimación adecuada
Cayey,2020-2024,2,87.6006348574498,86.96655531803242,85.8177755113623,88.37449330798643,Estimación adecuada
Ceiba,1980-1984,1,72.14585176157938,71.57862333166841,70.2873562907219,72.85068941159878,Estimación adecuada
Ceiba,1980-1984,2,78.61104372786001,77.98498486259578,76.27267771087428,79.89985235879313,Estimación adecuada
Ceiba,1985-1989,1,70.6198183166503,70.64641871942467,69.45646739413868,71.87130052329255,Estimación adecuada
Ceiba,1985-1989,2,79.13415807152825,78.40970868782968,76.96578525891786,79.8803763368897,Estimación adecuada
Ceiba,1990-1994,1,71.00935671117365,70.72990522880893,69.52920957602912,72.17930577068914,Estimación adecuada
Ceiba,1990-1994,2,79.17042900270538,78.69570950001065,77.23522627350589,80.31401208986372,Estimación adecuada
Ceiba,1995-1999,1,72.51721647517238,71.5277801774867,70.3105358731643,72.777517613010275,Estimación adecuada
Ceiba,1995-1999,2,78.14728081414309,78.47393595467292,77.01748374019802,79.93903009656624,Estimación adecuada
Ceiba,2000-2004,1,74.86667065353893,73.65719336142459,72.42990094644067,74.96519537086314,Estimación adecuada
Ceiba,2000-2004,2,80.68427804057518,80.80871110468263,79.36786136153295,82.43482989333259,Estimación adecuada
Ceiba,2005-2009,1,76.12252834869311,74.82199287397421,73.60050925612134,76.17371019988627,Estimación adecuada
Ceiba,2005-2009,2,82.7966883833198,82.22740566663046,80.51590347381024,84.10699270074197,Estimación adecuada
Ceiba,2010-2014,1,75.46412666889606,76.21473268015632,74.85312523952028,77.80515662061434,Estimación adecuada
Ceiba,2010-2014,2,81.41353267344712,82.31845535049482,80.84334861544924,84.05963604804434,Estimación adecuada
Ceiba,2015-2019,1,78.54557923356414,77.94385589736945,76.34494395961696,79.7372185869465,Estimación adecuada
Ceiba,2015-2019,2,86.20789836529356,85.49009024254602,83.50740111342499,87.81012355511041,Estimación adecuada
Ceiba,2020-2024,1,72.26101326760208,76.10723064464547,74.71426888250821,77.52788330305404,> e0 observado
Ceiba,2020-2024,2,81.87366447467527,83.98147077342551,82.30996948000542,85.9303297123204,> e0 observado
Ciales,1980-1984,1,73.3601690081269,72.72659295572379,71.5009097456833,73.92173540483911,Estimación adecuada
Ciales,1980-1984,2,79.08450788252533,78.8340397429753,77.44732073081036,80.46754419582786,Estimación adecuada
Ciales,1985-1989,1,73.80385799895002,72.99089891279269,71.62255883158232,74.36227073464514,Estimación adecuada
Ciales,1985-1989,2,79.25761748100682,79.19536878643822,77.67476877580755,81.0643247416682,Estimación adecuada
Ciales,1990-1994,1,72.25274862856378,72.07704123581618,70.90442809560533,73.26302738658217,Estimación adecuada
Ciales,1990-1994,2,79.82543814746265,79.47085365502599,78.12167244463133,80.98862133888281,Estimación adecuada
Ciales,1995-1999,1,71.42663286324974,71.77405320514413,70.51816673908266,73.04092275399927,Estimación adecuada
Ciales,1995-1999,2,79.238381112831,79.62381373530661,78.27907684475493,81.22868761732661,Estimación adecuada
Ciales,2000-2004,1,72.8877247015535,73.70621492568137,72.5582317169828,74.88978402131616,Estimación adecuada
Ciales,2000-2004,2,80.83769687356553,81.16443121562509,79.73361894389667,82.75535499066989,Estimación adecuada
Ciales,2005-2009,1,74.52536084511352,74.99448806097959,73.74573257968963,76.1859563571492,Estimación adecuada
Ciales,2005-2009,2,82.13836581268944,82.30460092573901,80.95584198715092,84.04987813424651,Estimación adecuada
Ciales,2010-2014,1,75.83944224399347,76.47051675911,75.31121318991643,77.52797919320413,Estimación adecuada
Ciales,2010-2014,2,83.18525319463721,83.48608388312675,82.1022898617422,85.23303799326916,Estimación adecuada
Ciales,2015-2019,1,80.35963140996523,79.08904097149718,77.76810875353623,80.48795857746912,Estimación adecuada
Ciales,2015-2019,2,85.16754149388572,85.804933943659,84.04733337325607,87.98439922021721,Estimación adecuada
Ciales,2020-2024,1,78.0952139934909,78.11198455581336,76.89359254342233,79.45790360225143,Estimación adecuada
Ciales,2020-2024,2,83.7838176468441,84.33288689593243,83.02094269934193,85.85175858721789,Estimación adecuada
Cidra,1980-1984,1,72.92625993210298,73.16628423368313,72.03689514115078,74.49747572332458,Estimación adecuada
Cidra,1980-1984,2,80.25294604658151,79.9217851714908,78.69133430327416,81.42626126175752,Estimación adecuada
Cidra,1985-1989,1,72.65671880748917,72.73089000586792,71.68175134281618,73.76338017858015,Estimación adecuada
Cidra,1985-1989,2,79.2640060129605,79.31414836529281,78.0768382579033,80.55979002340442,Estimación adecuada
Cidra,1990-1994,1,74.59270123853278,73.92185535908008,72.81514376818185,75.11108057743112,Estimación adecuada
Cidra,1990-1994,2,79.58259869878654,79.38069260540283,78.4106482678029,80.51530306188802,Estimación adecuada
Cidra,1995-1999,1,74.21713653214772,73.78827207819953,72.81800072536177,74.81798207109492,Estimación adecuada
Cidra,1995-1999,2,80.46720179098129,80.72320870913232,79.6080577776219,81.979938361412,Estimación adecuada
Cidra,2000-2004,1,76.1648075054388,75.78859114306988,74.7951192396736,76.83174398792559,Estimación adecuada
Cidra,2000-2004,2,83.06880741955162,82.60843778730018,81.34782641106126,84.01599473225482,Estimación adecuada
Cidra,2005-2009,1,76.2488157847596,76.29901468909904,75.35216503833,77.27406678999768,Estimación adecuada
Cidra,2005-2009,2,83.29450873472624,83.22421081212792,82.04538263373311,84.44482495418352,Estimación adecuada
Cidra,2010-2014,1,77.33131059096634,77.5458100698304,76.57463049506138,78.59769722133444,Estimación adecuada
Cidra,2010-2014,2,83.46470181390174,83.35789888247638,82.16493336071025,84.4948903654962,Estimación adecuada
Cidra,2015-2019,1,78.97458456608396,79.21699316999627,78.19160549728817,80.24992945445754,Estimación adecuada
Cidra,2015-2019,2,84.69043178604441,85.04478389562149,83.93519136349846,86.30622406650298,Estimación adecuada
Cidra,2020-2024,1,79.7427353948676,79.6173773220898,78.49678260092732,80.83273185205134,Estimación adecuada
Cidra,2020-2024,2,85.33702768748,85.1542857137413,84.07501691301779,86.2543439073921,Estimación adecuada
Coamo,1980-1984,1,71.83261143264684,71.9129727592374,70.88399044633417,73.12854691685929,Estimación adecuada
Coamo,1980-1984,2,77.96592585526496,78.28251203393302,77.10278477019989,79.49155056877687,Estimación adecuada
Coamo,1985-1989,1,71.23431252697634,71.40418756124242,70.40694170066023,72.44153559716423,Estimación adecuada
Coamo,1985-1989,2,77.61875344002883,78.01363227374287,76.92488358519805,79.13477574402691,Estimación adecuada
Coamo,1990-1994,1,71.15206342123702,71.25000923259532,70.2382130812951,72.33327343410396,Estimación adecuada
Coamo,1990-1994,2,79.52007940092251,79.26680058633116,78.18598161965615,80.44278343129989,Estimación adecuada
Coamo,1995-1999,1,71.1960753395491,71.39192930940891,70.48310058360845,72.38829452612825,Estimación adecuada
Coamo,1995-1999,2,78.423903843953,78.63064255667179,77.60552527123002,79.6679550768786,Estimación adecuada
Coamo,2000-2004,1,73.24248106281058,73.36954989717916,72.42066628388223,74.30434667980664,Estimación adecuada
Coamo,2000-2004,2,81.2524184753369,80.96965710522218,79.79735080758182,82.07214298066884,Estimación adecuada
Coamo,2005-2009,1,76.67061680312946,75.77536754563309,74.87188464212171,76.67333448367854,Estimación adecuada
Coamo,2005-2009,2,82.50443120167047,82.11677029212012,81.03054246826116,83.29083717629979,Estimación adecuada
Coamo,2010-2014,1,76.08519397019607,76.00432351647339,75.05462378964332,76.86539222893927,Estimación adecuada
Coamo,2010-2014,2,82.76456200780567,82.41185425330377,81.38281043673985,83.5638640398142,Estimación adecuada
Coamo,2015-2019,1,76.3555860235564,76.67548987830504,75.64587073417503,77.7515906315906,Estimación adecuada
Coamo,2015-2019,2,84.32302802936533,84.51541582126711,83.26573971364742,85.73750173081805,Estimación adecuada
Coamo,2020-2024,1,78.73457128285159,77.99322569395414,77.00339057045366,79.01585398812465,Estimación adecuada
Coamo,2020-2024,2,85.32320664794793,85.12720614854155,83.97040482492065,86.36839741391908,Estimación adecuada
Comerio,1980-1984,1,72.39160599187598,72.14877373837265,70.95110665289582,73.51639816333807,Estimación adecuada
Comerio,1980-1984,2,80.50714392154065,79.40013929554837,77.84263583082254,81.10143371094567,Estimación adecuada
Comerio,1985-1989,1,72.46599051488649,72.09033381085004,70.86107962379816,73.2344581189356,Estimación adecuada
Comerio,1985-1989,2,79.35372018267553,79.15511440292887,77.63599314341288,80.82366843368222,Estimación adecuada
Comerio,1990-1994,1,72.63261964951914,71.95551619199364,70.66899697474172,73.18151461943354,Estimación adecuada
Comerio,1990-1994,2,78.0865724889923,78.57077884912266,77.23257421394095,79.92491364007887,Estimación adecuada
Comerio,1995-1999,1,71.13227286201818,71.40952054887329,70.1014123837043,72.67380153564302,Estimación adecuada
Comerio,1995-1999,2,78.32248610899435,78.55332737956688,77.1789688134699,79.9340699319961,Estimación adecuada
Comerio,2000-2004,1,73.74046365047266,73.82893664569963,72.4751478128089,75.07956684202486,Estimación adecuada
Comerio,2000-2004,2,80.19913305806267,80.42223063798784,79.11042264511487,81.98817979857508,Estimación adecuada
Comerio,2005-2009,1,75.30350166697882,74.980147962262,73.6732134444777,76.36084112131242,Estimación adecuada
Comerio,2005-2009,2,81.75843965388886,81.65409430913303,80.41231721547838,83.13188327782433,Estimación adecuada
Comerio,2010-2014,1,77.88992392393747,76.90364371477156,75.67212281447486,78.28683770443952,Estimación adecuada
Comerio,2010-2014,2,83.20589003283447,82.95625228922447,81.52549213663364,84.61292243236146,Estimación adecuada
Comerio,2015-2019,1,76.11616223403381,76.79160112052077,75.62049238842582,78.04502897660613,Estimación adecuada
Comerio,2015-2019,2,84.47935763504815,84.52684921579232,83.11781342569034,86.15144098172696,Estimación adecuada
Comerio,2020-2024,1,75.23982921549162,76.1832300781611,75.02459435254913,77.31174604392722,Estimación adecuada
Comerio,2020-2024,2,83.75928924043123,83.71595148295879,82.55407625294913,84.95374257270053,Estimación adecuada
Corozal,1980-1984,1,72.8434269620364,72.56035589407387,71.28551283439116,73.66263464672284,Estimación adecuada
Corozal,1980-1984,2,78.49552695365927,78.41812156973832,77.2271937103321,79.67014552280787,Estimación adecuada
Corozal,1985-1989,1,74.16679537755694,73.23161204983954,72.00088576292336,74.40482619849153,Estimación adecuada
Corozal,1985-1989,2,78.31409571064404,78.32095053578428,77.20402241583686,79.5245922013714,Estimación adecuada
Corozal,1990-1994,1,71.27571092432538,71.60582331052399,70.54110785835437,72.63360991711212,Estimación adecuada
Corozal,1990-1994,2,78.71157989908842,78.8345132942982,77.79907419324589,80.09207473937052,Estimación adecuada
Corozal,1995-1999,1,71.90053240132126,72.17466449836206,71.16895555713826,73.12643610356145,Estimación adecuada
Corozal,1995-1999,2,81.05061971042039,80.23752039194119,79.20508744166176,81.47660654176113,Estimación adecuada
Corozal,2000-2004,1,75.40121472632262,75.03736252282735,74.10886123649415,76.149540555492507,Estimación adecuada
Corozal,2000-2004,2,82.32727029969571,82.1243575514572,80.79024861230599,83.57018841145359,Estimación adecuada
Corozal,2005-2009,1,75.29676896497347,75.50733752036192,74.56918115280659,76.60301229670958,Estimación adecuada
Corozal,2005-2009,2,81.7668888989548,81.63063075138078,80.64806288763081,82.8108687209652,Estimación adecuada
Corozal,2010-2014,1,76.61800376671373,76.6974738802105,75.70681500004291,77.70026892469275,Estimación adecuada
Corozal,2010-2014,2,83.99620064198638,83.75393796339426,82.5435132940778,85.18050491505264,Estimación adecuada
Corozal,2015-2019,1,78.84838673591865,78.34834369363999,77.23552959151063,79.47050772544172,Estimación adecuada
Corozal,2015-2019,2,84.36621340480359,84.56105598650508,83.30621662251166,86.04551314998939,Estimación adecuada
Corozal,2020-2024,1,76.44862204173214,77.28905423443379,76.27096915284912,78.37949833071322,Estimación adecuada
Corozal,2020-2024,2,85.0591201159125,85.31843248154698,84.02421940630964,86.72369533275464,Estimación adecuada
Culebra,1980-1984,1,94.69722323815856,73.46015430658557,71.51141524059955,75.7290128639871,< e0 observado
Culebra,1980-1984,2,77.11141651027592,80.2672965413629,77.32377172358979,84.98526099790912,> e0 observado
Culebra,1985-1989,1,76.63588305134152,72.74860356825792,70.84623855612432,74.77004938380982,< e0 observado
Culebra,1985-1989,2,84.99417166658453,80.39394696785334,78.23932820921308,83.32775584959376,< e0 observado
Culebra,1990-1994,1,75.23127689590049,72.33734275876026,70.46132836266702,74.41169678304549,< e0 observado
Culebra,1990-1994,2,82.2361338517014,80.46435559347825,78.32587006669782,83.73768326338116,Estimación adecuada
Culebra,1995-1999,1,72.53390965878926,72.57172187118547,70.75156175088621,74.70756272774491,Estimación adecuada
Culebra,1995-1999,2,82.74787501668122,81.27252594412533,77.98933071469219,88.62725763328747,Estimación adecuada
Culebra,2000-2004,1,83.74648606676807,75.39803644464538,73.48766179058414,77.46259500830587,< e0 observado
Culebra,2000-2004,2,81.63132549875367,82.86592160026629,80.47567642714101,85.70703893899585,Estimación adecuada
Culebra,2005-2009,1,79.35518350612848,76.03778005608073,74.20502461393254,78.68561317820884,< e0 observado
Culebra,2005-2009,2,87.82645600917449,84.01007471272155,81.24545708186625,87.9237477618234,Estimación adecuada
Culebra,2010-2014,1,73.27486001063872,76.99134204498806,74.8866666821711,79.34973004716873,> e0 observado
Culebra,2010-2014,2,84.63331186955911,84.78410537239824,82.19737606946268,88.39253502425858,Estimación adecuada
Culebra,2015-2019,1,73.7782353124013,78.0240323666523,75.96668894820259,80.84239970531937,> e0 observado
Culebra,2015-2019,2,82.80860574041759,85.94192782612646,83.25575957986193,89.33392802751553,> e0 observado
Culebra,2020-2024,1,71.17558414919206,77.46803006793306,75.52676503489093,79.84388560143412,> e0 observado
Culebra,2020-2024,2,81.75048505604273,85.1469981054552,82.8657841504497,88.10143592950173,> e0 observado
Dorado,1980-1984,1,73.06768394242143,72.78240104120295,71.56807805676114,74.02834589571252,Estimación adecuada
Dorado,1980-1984,2,79.57134292897321,79.17092125110835,77.8258113766959,80.79929612187432,Estimación adecuada
Dorado,1985-1989,1,70.98138714935332,71.13205665648408,70.14296460386986,72.17451496286746,Estimación adecuada
Dorado,1985-1989,2,79.66708794032925,79.21584681266168,77.91831166930922,80.53968818425336,Estimación adecuada
Dorado,1990-1994,1,70.60163270459446,71.11704651908369,70.03261766781748,72.166824761387,Estimación adecuada
Dorado,1990-1994,2,79.66123740902555,79.39733065953303,78.29257393746909,80.51110622710279,Estimación adecuada
Dorado,1995-1999,1,71.14661901491276,71.55536443277168,70.52852588653529,72.55707659229095,Estimación adecuada
Dorado,1995-1999,2,79.34231212268777,79.57412035756313,78.32999899250072,80.81673767090639,Estimación adecuada
Dorado,2000-2004,1,72.80125816712727,73.20048453407843,72.22347496268742,74.20690969047295,Estimación adecuada
Dorado,2000-2004,2,80.51547250678337,80.27436867990198,79.25562389500497,81.32449156971482,Estimación adecuada
Dorado,2005-2009,1,74.74216888739862,74.97869951992408,74.03395620540908,76.07383466786415,Estimación adecuada
Dorado,2005-2009,2,81.55921742419945,81.53487554158289,80.47322213286473,82.72250501414085,Estimación adecuada
Dorado,2010-2014,1,77.3972526095473,77.29173610650841,76.30979650526982,78.44021301937539,Estimación adecuada
Dorado,2010-2014,2,83.78650120499329,83.51476930935404,82.27837350022054,84.90772941238434,Estimación adecuada
Dorado,2015-2019,1,79.05317477178703,78.5815001980919,77.47027095939289,79.67714027160497,Estimación adecuada
Dorado,2015-2019,2,85.0361331038058,85.08778743216344,83.8047421053113,86.5969825239874,Estimación adecuada
Dorado,2020-2024,1,77.54648054972814,77.828433632739,76.85999874713326,78.89713441272376,Estimación adecuada
Dorado,2020-2024,2,87.81728727976584,86.65971562326433,85.3112870370813,88.4422561693903,Estimación adecuada
Fajardo,1980-1984,1,70.97992961345321,70.45187643411515,69.46093671441629,71.49752704567982,Estimación adecuada
Fajardo,1980-1984,2,77.4034006461853,76.89283516149524,75.81485845259526,77.99866599868143,Estimación adecuada
Fajardo,1985-1989,1,71.1887876704971,70.82703560308227,69.83848313062131,71.77464055953567,Estimación adecuada
Fajardo,1985-1989,2,77.37337374894558,77.29029213917403,76.3215311182735,78.4356017031712,Estimación adecuada
Fajardo,1990-1994,1,68.18099629812696,68.71967665022254,67.826903168757525,69.6524967813983,Estimación adecuada
Fajardo,1990-1994,2,78.11474876521702,77.87423586047665,76.91577665066303,78.95395347188605,Estimación adecuada
Fajardo,1995-1999,1,69.86154006659808,70.051848123823,69.07877711916241,70.97452023714438,Estimación adecuada
Fajardo,1995-1999,2,78.82934233659792,78.55126165780612,77.54504183477385,79.57654299299281,Estimación adecuada
Fajardo,2000-2004,1,71.85134936418909,72.05425210319657,71.1578355242245,73.02269274319924,Estimación adecuada
Fajardo,2000-2004,2,80.31491904964011,79.83107467594516,78.84001979896735,80.89305266667257,Estimación adecuada
Fajardo,2005-2009,1,72.01498955956528,72.57083541156811,71.58574878738665,73.50261875695463,Estimación adecuada
Fajardo,2005-2009,2,80.42579698255476,80.29251858002925,79.23719231398493,81.38136637359065,Estimación adecuada
Fajardo,2010-2014,1,73.1648079564502,74.20079480603107,73.09692378388145,75.31604184833321,Estimación adecuada
Fajardo,2010-2014,2,81.74247222384632,81.28765028637187,80.33523576935652,82.28516899012476,Estimación adecuada
Fajardo,2015-2019,1,76.15087862256587,76.61846443224852,75.55967250981804,77.80679153846293,Estimación adecuada
Fajardo,2015-2019,2,83.7123556023456,83.7269437259881,82.56654760114712,84.99613368745999,Estimación adecuada
Fajardo,2020-2024,1,74.31868957649468,74.90575061209506,73.93620252292529,75.870853629109,Estimación adecuada
Fajardo,2020-2024,2,83.33111283123691,83.42905959008942,82.33932467966304,84.62619148639187,Estimación adecuada
Florida,1980-1984,1,71.06938753374574,71.36626831072263,69.80962998272523,72.91405336857724,Estimación adecuada
Florida,1980-1984,2,79.21775098528943,78.39035333911167,76.55628496366744,80.63399756961391,Estimación adecuada
Florida,1985-1989,1,70.64603223425698,70.86411400660074,69.46030061904814,72.28266628419378,Estimación adecuada
Florida,1985-1989,2,74.85144353276169,77.09830632273798,75.62682364942536,78.6486550999437,> e0 observado
Florida,1990-1994,1,70.01533527514864,70.39649158831077,69.05282031081327,71.78292029766858,Estimación adecuada
Florida,1990-1994,2,75.40391537650423,77.09918100211962,75.6981052560666,78.69119687605559,> e0 observado
Florida,1995-1999,1,71.65894113726901,71.62040765674107,70.11511118609839,73.09644436222479,Estimación adecuada
Florida,1995-1999,2,77.29790147374477,77.9540691131082,76.56495774639086,79.48541423657402,Estimación adecuada
Florida,2000-2004,1,75.01444427678842,73.910007059888,72.51092936311493,75.2878530946283,Estimación adecuada
Florida,2000-2004,2,81.08965307946796,80.59258587007821,79.11250881401699,82.22406536320503,Estimación adecuada
Florida,2005-2009,1,76.54783220170152,74.78591443637536,73.45897012671993,76.10646890788753,< e0 observado
Florida,2005-2009,2,80.52310433234075,80.81565603447524,79.49352517904437,82.53581549232543,Estimación adecuada
Florida,2010-2014,1,79.58931937931183,77.44915100425561,75.89371916221316,79.23213405727677,< e0 observado
Florida,2010-2014,2,84.35262381150902,83.08923234174816,81.52527512523497,84.90253291032475,Estimación adecuada
Florida,2015-2019,1,77.39963673465637,77.14442823924915,75.8292879012451,78.44083143089253,Estimación adecuada
Florida,2015-2019,2,83.04749257512822,83.7991664679375,82.37459934349076,85.59850145567506,Estimación adecuada
Florida,2020-2024,1,76.48138637441758,77.18964892737421,75.68407539386801,78.60654205315805,Estimación adecuada
Florida,2020-2024,2,86.57028869211995,86.09266644383432,84.147909739707,88.16425263721064,Estimación adecuada
Guanica,1980-1984,1,70.29160656173029,69.94967770992857,68.76791246614755,71.15739609852079,Estimación adecuada
Guanica,1980-1984,2,77.02589204137094,76.6227340492872,75.35985116461804,78.03091418638392,Estimación adecuada
Guanica,1985-1989,1,69.64590752945972,69.5631024347324,68.3745022153858,70.73865804316227,Estimación adecuada
Guanica,1985-1989,2,76.96194389846337,76.73073881983005,75.37186333975289,78.21997754685073,Estimación adecuada
Guanica,1990-1994,1,69.00330089577055,69.11403769831702,67.9422622798654,70.38950140368812,Estimación adecuada
Guanica,1990-1994,2,77.43314529873244,77.10040856911169,76.0127634782453,78.34906857946255,Estimación adecuada
Guanica,1995-1999,1,68.75925697690468,69.34125246126035,68.14392740508713,70.41723968118107,Estimación adecuada
Guanica,1995-1999,2,76.88365176255945,77.07052560532426,75.92217538858264,78.24043601180252,Estimación adecuada
Guanica,2000-2004,1,72.36855900985053,72.09203084260135,70.91581616662886,73.3060458474853,Estimación adecuada
Guanica,2000-2004,2,78.3128127578213,78.59149343411073,77.4630141681792,79.80042586072439,Estimación adecuada
Guanica,2005-2009,1,71.69965700518571,72.22653199908392,71.04531991636134,73.2499736903643,Estimación adecuada
Guanica,2005-2009,2,80.3960001801447,79.78467484909623,78.62452499929151,80.98991766398561,Estimación adecuada
Guanica,2010-2014,1,75.43056531334524,74.61689093997924,73.51832731505067,75.88441018885217,Estimación adecuada
Guanica,2010-2014,2,80.57778836738088,81.08492612775137,79.82188688181473,82.44049265238279,Estimación adecuada
Guanica,2015-2019,1,74.6061778340804,74.65227173658997,73.49368078453014,75.90231065766311,Estimación adecuada
Guanica,2015-2019,2,81.3148683326643,81.53114141756245,80.37309875744927,82.95022841664796,Estimación adecuada
Guanica,2020-2024,1,73.35967274163447,74.53894028708442,73.3289708821443,75.79620307039221,Estimación adecuada
Guanica,2020-2024,2,82.11869011623037,81.96860819916263,80.80208229746985,83.33276657458762,Estimación adecuada
Guayama,1980-1984,1,70.24592277647761,70.20113723295172,69.26146168496494,71.13423096089201,Estimación adecuada
Guayama,1980-1984,2,76.94736099895414,76.78698948666243,75.78404140529422,77.82381395899525,Estimación adecuada
Guayama,1985-1989,1,69.18407376779939,69.42943617057716,68.5133700313362,70.29778952539377,Estimación adecuada
Guayama,1985-1989,2,77.01984994163914,76.85295613705316,75.85691042640981,77.90550798686347,Estimación adecuada
Guayama,1990-1994,1,69.12774545799293,69.537741139084,68.5324593642337,70.48089084696343,Estimación adecuada
Guayama,1990-1994,2,78.26536534527779,77.83122762954827,76.91249294358074,78.81871036963574,Estimación adecuada
Guayama,1995-1999,1,69.89298463348949,70.1346833376929,69.23596906123272,71.03009488690266,Estimación adecuada
Guayama,1995-1999,2,79.36097539479375,78.7022321043018,77.73138723375072,79.70495764658719,Estimación adecuada
Guayama,2000-2004,1,71.73959231092829,71.91160631006714,71.04501558843168,72.81996734804629,Estimación adecuada
Guayama,2000-2004,2,80.42361640554877,80.05695119320629,79.02952777800087,80.97219356319235,Estimación adecuada
Guayama,2005-2009,1,74.004627225837,73.77885082249827,72.81536668269571,74.72569395846797,Estimación adecuada
Guayama,2005-2009,2,80.66196990050479,80.49232225335571,79.52684684619904,81.54307363954081,Estimación adecuada
Guayama,2010-2014,1,76.0922078825251,75.59346154864717,74.69448103603678,76.55230608429872,Estimación adecuada
Guayama,2010-2014,2,82.22460967328485,81.87187798064812,80.90147697335752,82.92928028252665,Estimación adecuada
Guayama,2015-2019,1,76.61959145312574,76.55881238756008,75.54585606156402,77.54205087466639,Estimación adecuada
Guayama,2015-2019,2,83.4142713899816,83.39890826822493,82.27762509827994,84.54315935604707,Estimación adecuada
Guayama,2020-2024,1,73.93879414262592,75.17048132267067,74.23110226458587,76.10549239569059,> e0 observado
Guayama,2020-2024,2,82.33975114826434,82.49267038717002,81.48595805545668,83.47474983567061,Estimación adecuada
Guayanilla,1980-1984,1,72.58983279684577,71.67510637728427,70.56369060466831,72.74970830037512,Estimación adecuada
Guayanilla,1980-1984,2,77.53353824728316,77.44728761715669,76.25538071861293,78.66180784542927,Estimación adecuada
Guayanilla,1985-1989,1,70.73661721916349,70.44360907056034,69.3759004766459,71.47857268575048,Estimación adecuada
Guayanilla,1985-1989,2,76.86235560972376,76.79902349469657,75.69980791633849,77.90266986247539,Estimación adecuada
Guayanilla,1990-1994,1,72.37752924339648,71.40912610656437,70.27276686400948,72.6711773998539,Estimación adecuada
Guayanilla,1990-1994,2,78.55250974931681,77.94242091685777,76.79496816467886,79.05376781731016,Estimación adecuada
Guayanilla,1995-1999,1,72.22131902455737,71.32746828755366,70.12259407840942,72.37914401523527,Estimación adecuada
Guayanilla,1995-1999,2,79.14608996325278,78.71463798165453,77.35145260990262,80.03911414708054,Estimación adecuada
Guayanilla,2000-2004,1,74.05744082522244,73.47673322956598,72.34989456432312,74.56942882201884,Estimación adecuada
Guayanilla,2000-2004,2,80.06971551607721,79.76227554278877,78.61570265744037,80.94902268046096,Estimación adecuada
Guayanilla,2005-2009,1,73.36781184296053,73.74525952495281,72.6293479033504,74.91103229241826,Estimación adecuada
Guayanilla,2005-2009,2,79.74433091795808,79.72259390042144,78.68745788233012,80.7493636933885,Estimación adecuada
Guayanilla,2010-2014,1,77.2541883457964,76.12548612795378,74.90533620410227,77.50666820125532,Estimación adecuada
Guayanilla,2010-2014,2,79.95617529124827,80.86353216093666,79.74773448783593,82.14269175857238,Estimación adecuada
Guayanilla,2015-2019,1,74.50306944491258,75.98036321848909,74.72904785559861,77.22952894556676,> e0 observado
Guayanilla,2015-2019,2,85.47648018860491,84.37955211017868,82.84662331596678,85.96324800104458,Estimación adecuada
Guayanilla,2020-2024,1,73.73722385919334,75.17774162225635,74.0566393241786,76.29772413253376,> e0 observado
Guayanilla,2020-2024,2,84.46851671921503,84.52020618739422,82.99103922057074,86.22282493821915,Estimación adecuada
Guaynabo,1980-1984,1,73.33304020193007,73.25193973800786,72.49915391515317,73.98953510651693,Estimación adecuada
Guaynabo,1980-1984,2,79.57395565229348,79.33801370208451,78.51226623878648,80.2089626088505,Estimación adecuada
Guaynabo,1985-1989,1,73.30720790413426,73.35045605527421,72.5816284131191,74.08059970768254,Estimación adecuada
Guaynabo,1985-1989,2,80.7449894765543,80.46091686549808,79.67328065366452,81.34970325857425,Estimación adecuada
Guaynabo,1990-1994,1,71.64759712414893,72.0030312787488,71.29377233231176,72.75249339212809,Estimación adecuada
Guaynabo,1990-1994,2,80.46155681333546,80.37556686724791,79.6415966227387,81.15519779683206,Estimación adecuada
Guaynabo,1995-1999,1,71.70557982807048,72.17342036719259,71.44433613801758,72.8570253824282,Estimación adecuada
Guaynabo,1995-1999,2,81.61582636139954,81.37097914489362,80.62751186646194,82.16355668213845,Estimación adecuada
Guaynabo,2000-2004,1,74.5460879922691,74.8904435094188,74.22813129441033,75.64094413957167,Estimación adecuada
Guaynabo,2000-2004,2,82.43363591097874,82.39162606465128,81.57521032374402,83.18622311991405,Estimación adecuada
Guaynabo,2005-2009,1,75.40004142189414,75.74968857193933,75.06204842498357,76.42953737321568,Estimación adecuada
Guaynabo,2005-2009,2,83.59622113263238,83.51462500635843,82.78732267551435,84.36372270889026,Estimación adecuada
Guaynabo,2010-2014,1,77.3578270076508,77.51703935614401,76.81967487208804,78.3015138979025,Estimación adecuada
Guaynabo,2010-2014,2,84.62289097742051,84.4240278488077,83.58238505776187,85.22036304078765,Estimación adecuada
Guaynabo,2015-2019,1,79.63090232574721,79.45972037110471,78.73270757796816,80.32595582499768,Estimación adecuada
Guaynabo,2015-2019,2,86.62280196774702,86.29874060470135,85.46435710180737,87.25464608137518,Estimación adecuada
Guaynabo,2020-2024,1,77.36899877443203,77.75284675366314,76.98415463214718,78.50760092463214,Estimación adecuada
Guaynabo,2020-2024,2,86.85241919025239,86.75597738410556,85.7879917803053,87.73319590691618,Estimación adecuada
Gurabo,1980-1984,1,72.10043466021936,72.0146476784304,70.90926685059871,73.23524923673233,Estimación adecuada
Gurabo,1980-1984,2,77.21298943234297,77.71302538478966,76.43943917195146,79.07249642066714,Estimación adecuada
Gurabo,1985-1989,1,72.09864341259255,72.10293738802272,70.86990640038479,73.28688880639376,Estimación adecuada
Gurabo,1985-1989,2,77.83980186096333,78.09490146626946,76.96364219426755,79.29878049205502,Estimación adecuada
Gurabo,1990-1994,1,70.06358422124045,70.74589169592949,69.67054227696428,71.72939160420242,Estimación adecuada
Gurabo,1990-1994,2,78.93586566639773,78.95432890764616,77.80062078556277,80.12932443038108,Estimación adecuada
Gurabo,1995-1999,1,72.62979875914179,72.54955777831496,71.51565188380675,73.57030697151335,Estimación adecuada
Gurabo,1995-1999,2,78.37596544908041,78.71383335312578,77.62379310166139,79.89505300406033,Estimación adecuada
Gurabo,2000-2004,1,73.72455425616529,73.98945071011455,73.01237828586527,75.00063981836007,Estimación adecuada
Gurabo,2000-2004,2,82.16347596555325,81.57628263943738,80.4218502349811,82.69356216420574,Estimación adecuada
Gurabo,2005-2009,1,75.38673648949066,75.51909684890538,74.53965522598592,76.69201242046911,Estimación adecuada
Gurabo,2005-2009,2,82.71710063140857,82.29920144852409,81.16097210355841,83.4129024872795,Estimación adecuada
Gurabo,2010-2014,1,75.74184183502217,76.1910730708168,75.23858344802673,77.23536220806133,Estimación adecuada
Gurabo,2010-2014,2,83.66012445857517,83.3614111130496,82.29269750998864,84.61054540723634,Estimación adecuada
Gurabo,2015-2019,1,77.82655629619259,77.98037624473811,76.95754683932893,78.99610765943655,Estimación adecuada
Gurabo,2015-2019,2,86.3751275135532,85.8941335246534,84.54253547358584,87.49269780957982,Estimación adecuada
Gurabo,2020-2024,1,78.1508349062683,77.8532787309486,76.9234683220186,78.86947770865211,Estimación adecuada
Gurabo,2020-2024,2,85.11563140762924,84.76299906542971,83.66449124143637,86.08606895792933,Estimación adecuada
Hatillo,1980-1984,1,71.99152036613721,72.31047823108698,71.26133025726959,73.3932111415875,Estimación adecuada
Hatillo,1980-1984,2,78.9802986931572,78.92296230939414,77.73998312256734,80.07175785354954,Estimación adecuada
Hatillo,1985-1989,1,72.73472078364017,72.46742400759067,71.44933048853115,73.52136218065604,Estimación adecuada
Hatillo,1985-1989,2,79.39464399636921,79.30360720049771,78.08220302575153,80.6009326411239,Estimación adecuada
Hatillo,1990-1994,1,72.2998423174012,72.09984925384197,71.09894656074118,73.07413712780266,Estimación adecuada
Hatillo,1990-1994,2,78.56900864145167,78.332301859458,77.47374736143189,79.31212770759687,Estimación adecuada
Hatillo,1995-1999,1,72.51848608651568,72.26698644137836,71.32072688419687,73.21928779143869,Estimación adecuada
Hatillo,1995-1999,2,78.33281615395789,78.39073454538311,77.50899646140688,79.3539922383631,Estimación adecuada
Hatillo,2000-2004,1,74.45467151298737,74.06052617285197,73.21140856690621,74.95721750963936,Estimación adecuada
Hatillo,2000-2004,2,80.50637914886045,80.3410561242958,79.35259261669178,81.27720165091776,Estimación adecuada
Hatillo,2005-2009,1,75.71645524793598,75.24215850973276,74.32195741324547,76.16391806415321,Estimación adecuada
Hatillo,2005-2009,2,81.90357972932111,81.71797981370842,80.691258548613,82.77783158919101,Estimación adecuada
Hatillo,2010-2014,1,77.71502056183984,77.1122414006113,76.23169429462386,77.99198736664931,Estimación adecuada
Hatillo,2010-2014,2,83.87031312176076,83.45899544090514,82.33696280603601,84.60270276476182,Estimación adecuada
Hatillo,2015-2019,1,79.67724729389147,79.16832536477258,78.12406079142556,80.32632929633817,Estimación adecuada
Hatillo,2015-2019,2,84.83403759511111,84.41863855526216,83.2929567512075,85.50680328927119,Estimación adecuada
Hatillo,2020-2024,1,78.47632497278812,78.25144936487831,77.33547196404318,79.27387867401015,Estimación adecuada
Hatillo,2020-2024,2,86.14610937096411,85.1609713985575,84.10586651274372,86.2293417817273,Estimación adecuada
Hormigueros,1980-1984,1,74.05856561737721,73.67409061454042,72.31173714720893,75.13204708569884,Estimación adecuada
Hormigueros,1980-1984,2,79.84974137268954,80.16225353562321,78.30527157730899,82.38944455167693,Estimación adecuada
Hormigueros,1985-1989,1,73.08737524946572,72.96281670113721,71.80240881882396,74.40764229531239,Estimación adecuada
Hormigueros,1985-1989,2,77.720059693455,79.06549166351817,77.66854235429146,80.60748178694405,Estimación adecuada
Hormigueros,1990-1994,1,74.61350802067456,73.3801992344726,72.08406047972504,74.6514167523385,Estimación adecuada
Hormigueros,1990-1994,2,81.39461486989457,80.68916331166275,79.17604008566133,82.29776309601766,Estimación adecuada
Hormigueros,1995-1999,1,74.87703445651637,73.66952364036663,72.48906824065112,74.91000528788473,Estimación adecuada
Hormigueros,1995-1999,2,80.45280069334801,80.28303987807305,79.03208448403959,81.67727041463594,Estimación adecuada
Hormigueros,2000-2004,1,75.50618073944777,75.26456222439805,74.03257201732103,76.37726298533272,Estimación adecuada
Hormigueros,2000-2004,2,82.3521641939344,82.02092629207235,80.68405403159323,83.5901635720215,Estimación adecuada
Hormigueros,2005-2009,1,76.10054922666298,76.22390003830805,74.94361557803391,77.34463110132417,Estimación adecuada
Hormigueros,2005-2009,2,84.62944320284578,83.69654725731101,82.33107635078456,85.35126217705032,Estimación adecuada
Hormigueros,2010-2014,1,76.11918178416535,77.06838147870025,75.72269180580831,78.42374850637934,Estimación adecuada
Hormigueros,2010-2014,2,82.71051389712174,83.385862937386,82.143141191045,84.7902960520669,Estimación adecuada
Hormigueros,2015-2019,1,77.91392313609006,78.41627555290654,77.20709579327725,79.66954989946746,Estimación adecuada
Hormigueros,2015-2019,2,85.81866120513573,86.27258368097856,84.63522142332222,88.07176867434909,Estimación adecuada
Hormigueros,2020-2024,1,78.36911216509105,78.95945008922956,77.60239148166433,80.34819001396214,Estimación adecuada
Hormigueros,2020-2024,2,86.17552522276296,86.09360809772289,84.63627027407304,87.80174019292419,Estimación adecuada
Humacao,1980-1984,1,70.58258576927221,70.81138099262631,69.90419861698938,71.67230007751841,Estimación adecuada
Humacao,1980-1984,2,75.89477228552336,76.16857030327631,75.3825698111951,77.10592846045019,Estimación adecuada
Humacao,1985-1989,1,70.67071512913827,70.78358524673968,69.83148149502078,71.71266598589017,Estimación adecuada
Humacao,1985-1989,2,78.26869595391119,77.98477393757884,77.04189667530704,79.08732531034431,Estimación adecuada
Humacao,1990-1994,1,69.59966588678492,69.8763087501753,69.01683510531464,70.72411848800377,Estimación adecuada
Humacao,1990-1994,2,78.98527536141168,78.68963782010654,77.72879926840366,79.66301988297414,Estimación adecuada
Humacao,1995-1999,1,71.67034271113566,71.449246961214385,70.6512082481073,72.24472931369824,Estimación adecuada
Humacao,1995-1999,2,78.50994029948488,78.36369267261246,77.58001470853134,79.24456084767077,Estimación adecuada
Humacao,2000-2004,1,73.45461991775991,73.37898266796438,72.53864460493273,74.19517632477861,Estimación adecuada
Humacao,2000-2004,2,79.72370844675466,79.93070371737494,79.08376220634736,80.82071122215724,Estimación adecuada
Humacao,2005-2009,1,73.61846549183731,74.00926732757588,73.0824032694268,74.85019526465574,Estimación adecuada
Humacao,2005-2009,2,81.80291929231979,81.57837285779914,80.67762738657763,82.4664806973558,Estimación adecuada
Humacao,2010-2014,1,75.80326051258055,75.86716764878821,75.004913323404935,76.73592864653402,Estimación adecuada
Humacao,2010-2014,2,83.58584598942798,83.02000579134693,82.04230021489256,84.01151356667695,Estimación adecuada
Humacao,2015-2019,1,76.7386829389743,77.1987124220517,76.26492219741107,78.17978007369838,Estimación adecuada
Humacao,2015-2019,2,84.86787206578826,84.40328506586272,83.47145582269839,85.48711569498793,Estimación adecuada
Humacao,2020-2024,1,76.7404128820364,77.45610613457868,76.62006135435425,78.3887289771732,Estimación adecuada
Humacao,2020-2024,2,84.233200245355,84.21848041239255,83.29309854827143,85.20488035180725,Estimación adecuada
Isabela,1980-1984,1,73.09738020117423,72.8049348904315,71.75577022022166,73.92048081536954,Estimación adecuada
Isabela,1980-1984,2,77.82732250278018,77.82027341749519,76.89989013843694,78.80075807340516,Estimación adecuada
Isabela,1985-1989,1,71.58083949829111,71.60435968421676,70.62291043177177,72.50123909793598,Estimación adecuada
Isabela,1985-1989,2,78.50099967900502,78.30220574128971,77.32894911473781,79.31147807977084,Estimación adecuada
Isabela,1990-1994,1,72.0475169163787,71.67005761059863,70.75436891792621,72.58735520239742,Estimación adecuada
Isabela,1990-1994,2,78.52411999469241,78.38238743926789,77.46670978550438,79.31637768187318,Estimación adecuada
Isabela,1995-1999,1,71.86251133480623,71.63140077567436,70.73413678720205,72.43050196032536,Estimación adecuada
Isabela,1995-1999,2,79.50480811685766,79.27676565226831,78.30722983598345,80.38191635257013,Estimación adecuada
Isabela,2000-2004,1,73.31643311223908,73.2446465778425,72.37793526188526,74.03681598925218,Estimación adecuada
Isabela,2000-2004,2,79.66880055796743,79.73177652308894,78.8426226481291,80.72544134514274,Estimación adecuada
Isabela,2005-2009,1,75.53006169201437,74.84466665504706,73.99978957241653,75.73457027708076,Estimación adecuada
Isabela,2005-2009,2,80.46868606139569,80.54710186523184,79.68583426944667,81.47479962617304,Estimación adecuada
Isabela,2010-2014,1,76.3459756319445,76.08659234428359,75.23996047223459,76.96682995859543,Estimación adecuada
Isabela,2010-2014,2,82.99199255121863,82.54471343254485,81.54854127330387,83.57029923582408,Estimación adecuada
Isabela,2015-2019,1,78.28631956544136,77.89974012709457,76.91367769786523,78.92148637101732,Estimación adecuada
Isabela,2015-2019,2,84.46499781522432,84.1565702180649,83.08409171153203,85.19672649465555,Estimación adecuada
Isabela,2020-2024,1,78.44494383134611,77.53620320941985,76.74824004564711,78.38929516878086,< e0 observado
Isabela,2020-2024,2,84.54430409037892,84.87158497493613,83.79831412496596,85.93203830069302,Estimación adecuada
Jayuya,1980-1984,1,71.54820346169252,71.75427512163779,70.46861391014404,72.9787997540886,Estimación adecuada
Jayuya,1980-1984,2,75.83217282493807,77.3357129204351,75.87613434430499,78.97158883812187,> e0 observado
Jayuya,1985-1989,1,71.8852739133792,71.40305880335498,70.18916662906656,72.58716462694949,Estimación adecuada
Jayuya,1985-1989,2,75.89535009908417,77.1898628795806,75.87068460245953,78.55752513056964,Estimación adecuada
Jayuya,1990-1994,1,71.61501384784762,71.08097340636724,69.88448627234702,72.26442050860221,Estimación adecuada
Jayuya,1990-1994,2,76.60405912768891,78.20292533850636,76.77140999853125,79.75278034025486,> e0 observado
Jayuya,1995-1999,1,72.762612067533,72.16816637505966,70.89956196333517,73.4533387784601,Estimación adecuada
Jayuya,1995-1999,2,78.02341987371616,78.50141345922577,77.3389098795536,79.75170775449077,Estimación adecuada
Jayuya,2000-2004,1,74.804694975474,73.81132903180585,72.6494718226618,74.94467732916108,Estimación adecuada
Jayuya,2000-2004,2,82.26030453801704,81.64659994914126,80.15058131664934,83.23423102253489,Estimación adecuada
Jayuya,2005-2009,1,76.29392429833622,75.46861536649976,74.24310703786587,76.93185031162234,Estimación adecuada
Jayuya,2005-2009,2,83.26574991380474,82.33933843938685,80.80895271874431,84.11615076771987,Estimación adecuada
Jayuya,2010-2014,1,77.86670993006521,77.03103059950965,75.80071126820681,78.42096560729358,Estimación adecuada
Jayuya,2010-2014,2,83.01935062086235,83.13406877649503,81.63110516369639,85.00452493084457,Estimación adecuada
Jayuya,2015-2019,1,79.09662441043547,78.20626813962183,76.87896342325193,79.69602339975317,Estimación adecuada
Jayuya,2015-2019,2,86.09536520292538,85.71890548663396,83.81355649350503,87.91858945964609,Estimación adecuada
Jayuya,2020-2024,1,80.33778345942194,79.28133094540587,77.81797834899274,81.08863502743033,Estimación adecuada
Jayuya,2020-2024,2,86.05790395955583,85.54068744811838,83.76665004469221,87.57476516193718,Estimación adecuada
Juana Diaz,1980-1984,1,71.10192241498234,70.98660300831713,70.01831434048458,71.88731270369642,Estimación adecuada
Juana Diaz,1980-1984,2,76.03760260059695,76.49690708222717,75.51063207553773,77.60945303071387,Estimación adecuada
Juana Diaz,1985-1989,1,70.59066146569734,70.67202797099324,69.74199821076073,71.53421943361586,Estimación adecuada
Juana Diaz,1985-1989,2,77.72376003285237,77.7656013821424,76.7650332598481,78.82209858894964,Estimación adecuada
Juana Diaz,1990-1994,1,70.59462619152536,70.6054038690131,69.72756492783543,71.52282833759399,Estimación adecuada
Juana Diaz,1990-1994,2,77.80758248720088,77.9182107717836,77.08741894102197,78.83665934990273,Estimación adecuada
Juana Diaz,1995-1999,1,70.63826210363753,70.69397999386669,69.83438270327969,71.51341293475565,Estimación adecuada
Juana Diaz,1995-1999,2,78.23721855538598,78.21396788920379,77.31007959249692,79.2727004225369,Estimación adecuada
Juana Diaz,2000-2004,1,72.42010194033637,72.66077248145531,71.83213463083537,73.50684510349629,Estimación adecuada
Juana Diaz,2000-2004,2,80.07095731748443,79.95572206516098,79.0725626478876,80.9921390856663,Estimación adecuada
Juana Diaz,2005-2009,1,74.09224072675535,74.36292655824565,73.35035671260336,75.29521472535338,Estimación adecuada
Juana Diaz,2005-2009,2,81.70478408921697,81.45664780648383,80.43051941904788,82.44670645343756,Estimación adecuada
Juana Diaz,2010-2014,1,75.9826744595313,75.9500044611606,75.02619036416593,76.87696628562593,Estimación adecuada
Juana Diaz,2010-2014,2,82.91141974537287,82.64327414026741,81.58618507281481,83.69736033410105,Estimación adecuada
Juana Diaz,2015-2019,1,77.4756453319244,77.39022682828538,76.47377881672695,78.32126313775991,Estimación adecuada
Juana Diaz,2015-2019,2,86.60689455981232,85.84808841499002,84.55680580749956,87.23686407920401,Estimación adecuada
Juana Diaz,2020-2024,1,76.12481522857756,76.60445720605583,75.66843270782243,77.51016200622487,Estimación adecuada
Juana Diaz,2020-2024,2,86.09723573194701,85.305954982157715,84.20393498851153,86.583136825233,Estimación adecuada
Juncos,1980-1984,1,70.4832974097173,70.75775650521331,69.59090962231673,71.8613914065552,Estimación adecuada
Juncos,1980-1984,2,77.17475536145652,77.03757611296274,75.92242641678106,78.1977916244417,Estimación adecuada
Juncos,1985-1989,1,69.32349287604664,69.97064345326245,68.90865706301825,70.95913777673627,Estimación adecuada
Juncos,1985-1989,2,77.84087141019062,77.46315431549647,76.4702657232993,78.55921829341739,Estimación adecuada
Juncos,1990-1994,1,69.26314387145591,69.78905968070586,68.73207843752876,70.79808571490942,Estimación adecuada
Juncos,1990-1994,2,78.64376251745605,78.3836484683261,77.27437340219126,79.48246599073074,Estimación adecuada
Juncos,1995-1999,1,70.43259716290989,70.58767792619818,69.6158865261052,71.54738086421814,Estimación adecuada
Juncos,1995-1999,2,78.88321244236762,78.66461380317253,77.592144720355,79.66628364391575,Estimación adecuada
Juncos,2000-2004,1,73.50676785386435,73.39481580103057,72.3733057911905,74.30669169772078,Estimación adecuada
Juncos,2000-2004,2,80.82760129992721,80.28735908949194,79.29339972902365,81.47536045779896,Estimación adecuada
Juncos,2005-2009,1,72.5823719234395,73.13840321273801,72.15088367952865,74.14783319216002,Estimación adecuada
Juncos,2005-2009,2,80.29148928265256,80.31724435008701,79.2472158867017,81.422427950284,Estimación adecuada
Juncos,2010-2014,1,74.05814861532626,74.7344076402403,73.77729470839283,75.67362576117321,Estimación adecuada
Juncos,2010-2014,2,82.42841718245143,82.42439911753624,81.1282982225617,83.88297642969768,Estimación adecuada
Juncos,2015-2019,1,76.99651467647962,76.96560498387035,75.97333777745357,78.00892976087405,Estimación adecuada
Juncos,2015-2019,2,83.23323259682593,83.45674874975214,82.28221096744176,84.64517860714028,Estimación adecuada
Juncos,2020-2024,1,76.96779959385644,76.62247980468874,75.55852230957878,77.68206962637036,Estimación adecuada
Juncos,2020-2024,2,85.00221618874696,84.45829809700503,83.2318179280793,85.90414559954951,Estimación adecuada
Lajas,1980-1984,1,72.46316902920564,72.03053640388055,70.8500577646747,73.13851001231407,Estimación adecuada
Lajas,1980-1984,2,77.35030656462364,77.82229539596565,76.60514600933557,79.06297488065454,Estimación adecuada
Lajas,1985-1989,1,73.36206024807198,72.5797400650446,71.31066032124683,73.73522469966912,Estimación adecuada
Lajas,1985-1989,2,77.65847465397064,77.75757390612905,76.70614632280413,78.85548549087724,Estimación adecuada
Lajas,1990-1994,1,72.37357825429245,72.05682084824767,70.9663780326762,73.12755990799538,Estimación adecuada
Lajas,1990-1994,2,79.66328406009775,79.28463719848644,78.14578068784186,80.60755247604202,Estimación adecuada
Lajas,1995-1999,1,72.56496891931091,72.14962658634911,71.16893561977572,73.20730308477131,Estimación adecuada
Lajas,1995-1999,2,79.70456393493818,79.67603760333506,78.48801369863688,80.94339670878935,Estimación adecuada
Lajas,2000-2004,1,74.14208023792457,74.00281866778906,72.99574389556713,75.05240359542742,Estimación adecuada
Lajas,2000-2004,2,81.18752068509266,80.91020207645323,79.7943291078338,82.09814172295704,Estimación adecuada
Lajas,2005-2009,1,76.68683187769454,75.54157812811306,74.32585999989429,76.5274695397162,< e0 observado
Lajas,2005-2009,2,81.73140373208773,81.64654921018848,80.55210271792417,82.8884005863053,Estimación adecuada
Lajas,2010-2014,1,76.92095663234578,76.48925244036585,75.3446259705669,77.66477054492306,Estimación adecuada
Lajas,2010-2014,2,83.39940774512145,83.34334337544024,82.1056576779244,84.71915180749066,Estimación adecuada
Lajas,2015-2019,1,79.16417400599892,78.24199936810629,77.15088421650773,79.48717539175549,Estimación adecuada
Lajas,2015-2019,2,84.33383648976294,84.62178917073982,83.30462549606739,86.04186801341616,Estimación adecuada
Lajas,2020-2024,1,78.13171144418278,77.60947892170971,76.5192411127492,78.59847548977503,Estimación adecuada
Lajas,2020-2024,2,85.69664696158718,85.51074821720619,84.163536467803155,87.062218930388,Estimación adecuada
Lares,1980-1984,1,70.93967460008611,71.6870060646775,70.63759140615335,72.68820350822706,Estimación adecuada
Lares,1980-1984,2,80.07304720190547,79.67102308715886,78.4099886659611,81.23118787373669,Estimación adecuada
Lares,1985-1989,1,72.07284835603735,72.25753722982145,71.16090409407913,73.34412084429755,Estimación adecuada
Lares,1985-1989,2,80.12906339800288,79.54755033369304,78.37990081470866,80.82611076980835,Estimación adecuada
Lares,1990-1994,1,71.99408741634562,71.96459839245045,70.9010997673011,73.05043954951685,Estimación adecuada
Lares,1990-1994,2,78.72924701770712,78.71559188250596,77.75768359695039,79.73200641798941,Estimación adecuada
Lares,1995-1999,1,74.58529726703922,73.89823950727032,72.83922366498741,75.0441388531065,Estimación adecuada
Lares,1995-1999,2,81.29595428708723,80.70450542352961,79.45048411892597,81.97977407192842,Estimación adecuada
Lares,2000-2004,1,75.1110712856121,74.80653879496562,73.90110958098101,75.74401423885418,Estimación adecuada
Lares,2000-2004,2,81.70641489338435,81.67028967267868,80.42577695810058,82.93342056304745,Estimación adecuada
Lares,2005-2009,1,76.5462882162104,75.68919551934897,74.74962812232923,76.64927014899793,Estimación adecuada
Lares,2005-2009,2,82.28400989612267,82.0548061592042,80.87813635997088,83.26255064482946,Estimación adecuada
Lares,2010-2014,1,79.39080265192932,78.29000771596044,77.277296817893955,79.48482811853562,Estimación adecuada
Lares,2010-2014,2,82.72140750112155,82.421072686006,81.38089745912514,83.61609128595082,Estimación adecuada
Lares,2015-2019,1,78.13032401868809,77.82261441750813,76.82369701489823,78.9023569400319,Estimación adecuada
Lares,2015-2019,2,84.424471152182,84.48793735184293,83.29383050151638,85.807866169918,Estimación adecuada
Lares,2020-2024,1,77.84495769277572,78.09452044141486,77.02053949883368,79.09966469584049,Estimación adecuada
Lares,2020-2024,2,84.10188803972103,84.60599521039435,83.3852498667957,85.78786326655222,Estimación adecuada
Las Marias,1980-1984,1,73.81563474744125,73.54967448970018,72.05264504486951,75.05141927687758,Estimación adecuada
Las Marias,1980-1984,2,83.88520673112671,81.26680389512818,79.13979768846404,83.78310828145483,< e0 observado
Las Marias,1985-1989,1,73.62469730038673,73.17266368632019,71.80858504918265,74.6237886075614,Estimación adecuada
Las Marias,1985-1989,2,78.14820547870697,79.78875114244894,78.15979798998423,81.66146718914125,> e0 observado
Las Marias,1990-1994,1,74.00881730690156,73.22975063293487,71.77551499362828,74.82236869722695,Estimación adecuada
Las Marias,1990-1994,2,80.22328205184606,80.70949413344073,78.82091152671957,82.81007347777039,Estimación adecuada
Las Marias,1995-1999,1,75.13206537448636,73.77702543510915,72.3656255103045,75.42474570749559,Estimación adecuada
Las Marias,1995-1999,2,81.22000339132549,81.0005733376531,79.27821162097506,83.03758635124629,Estimación adecuada
Las Marias,2000-2004,1,77.0746887546824,75.6385279550913,74.22692448473376,77.16259784702565,Estimación adecuada
Las Marias,2000-2004,2,81.22993587246654,82.57632840566829,80.71213096957649,84.8755004522223,Estimación adecuada
Las Marias,2005-2009,1,78.94241289794024,77.01308374926936,75.3552606654252,78.66212952902117,< e0 observado
Las Marias,2005-2009,2,82.45741722564794,83.5064672373083,81.64410212737245,85.65818123255113,Estimación adecuada
Las Marias,2010-2014,1,78.9874533300309,77.44557932750556,76.22805130487244,78.78595176444924,< e0 observado
Las Marias,2010-2014,2,85.68826589307866,84.90189157752621,82.9053791136384,87.49547697680507,Estimación adecuada
Las Marias,2015-2019,1,78.44180353450636,79.2551389236076,77.58699839303388,81.02428017149751,Estimación adecuada
Las Marias,2015-2019,2,86.2119644760504,85.99537366198389,83.90744614824266,88.54225657128337,Estimación adecuada
Las Marias,2020-2024,1,78.65869602395698,79.04046374858522,77.46265000886386,80.67037149251406,Estimación adecuada
Las Marias,2020-2024,2,88.4892406052294,87.35442388287044,85.26540842440663,89.96761141356872,Estimación adecuada
Las Piedras,1980-1984,1,72.4628953772312,72.6837272113521,71.49161665148478,73.95970412540295,Estimación adecuada
Las Piedras,1980-1984,2,77.65886672068534,78.05044685175956,76.8460001666863,79.37983101782417,Estimación adecuada
Las Piedras,1985-1989,1,72.6175420547073,72.33564430338419,71.15442170105119,73.5131391433387,Estimación adecuada
Las Piedras,1985-1989,2,79.00116087428613,79.13460625406842,77.88437329448601,80.3521858483858,Estimación adecuada
Las Piedras,1990-1994,1,71.55978947014577,71.806313074369,70.70645563071588,72.84605123231925,Estimación adecuada
Las Piedras,1990-1994,2,78.8936505301308,78.81905973716007,77.72633765240808,79.98319442126612,Estimación adecuada
Las Piedras,1995-1999,1,73.7555375015721,72.9839212344906,71.90978005500678,74.14096432083495,Estimación adecuada
Las Piedras,1995-1999,2,79.79933667371475,79.77756150800744,78.6437410921303,80.92801211249153,Estimación adecuada
Las Piedras,2000-2004,1,74.83778165388009,74.59078402029061,73.62253374661493,75.64046617883419,Estimación adecuada
Las Piedras,2000-2004,2,80.54014043533199,80.42000997617997,79.42235187124066,81.47741824844127,Estimación adecuada
Las Piedras,2005-2009,1,76.55584156350447,75.92357587660555,74.93396026671105,76.8866797018042,Estimación adecuada
Las Piedras,2005-2009,2,82.30870059101942,82.3900902067962,81.1924853321942,83.82690627078033,Estimación adecuada
Las Piedras,2010-2014,1,75.93351372986655,76.50344806863217,75.45203400611841,77.57600354085548,Estimación adecuada
Las Piedras,2010-2014,2,82.5650052808105,82.57665961570275,81.46826445385732,83.8204551160728,Estimación adecuada
Las Piedras,2015-2019,1,78.58935894309695,78.3440388977183,77.34187436399941,79.48289012064328,Estimación adecuada
Las Piedras,2015-2019,2,85.3607640329745,85.09653915077337,83.92298476256913,86.57070172416266,Estimación adecuada
Las Piedras,2020-2024,1,77.65607135099413,77.94600556257305,76.84590430618567,78.99686910286503,Estimación adecuada
Las Piedras,2020-2024,2,85.02534012586074,84.78698249118902,83.68346418021889,85.98014757679748,Estimación adecuada
Loiza,1980-1984,1,71.29708119790713,70.88989151108292,69.48897588368588,72.28532078480376,Estimación adecuada
Loiza,1980-1984,2,77.96280313581073,77.51219836196054,76.05008516005957,79.23916640189096,Estimación adecuada
Loiza,1985-1989,1,71.11235934077855,70.75934272045235,69.47577950030254,72.04470570419629,Estimación adecuada
Loiza,1985-1989,2,79.76441464134875,78.70857263183044,77.39189232272722,80.32899217151973,Estimación adecuada
Loiza,1990-1994,1,68.65505357436209,69.220364889187593,67.93376260285717,70.42857724135308,Estimación adecuada
Loiza,1990-1994,2,77.83527198679872,77.79319898692054,76.5336821694028,79.18333904882189,Estimación adecuada
Loiza,1995-1999,1,67.54575668322258,68.97698220502653,67.8264954693243,70.24700565954315,> e0 observado
Loiza,1995-1999,2,80.44991909621369,79.55795251900358,78.05329616791798,81.16075044386263,Estimación adecuada
Loiza,2000-2004,1,69.21795433977262,71.08168050667248,69.94883863535554,72.2202478748002,> e0 observado
Loiza,2000-2004,2,83.71722475677984,82.14145032481863,80.61947330706214,83.98065098028067,Estimación adecuada
Loiza,2005-2009,1,69.49244819404063,71.731484242971,70.5442715222758,72.90687022146888,> e0 observado
Loiza,2005-2009,2,81.62588342717608,81.30870422494155,79.99556369757283,82.67338528027146,Estimación adecuada
Loiza,2010-2014,1,72.71620374599513,74.39954929104422,73.19928163773852,75.76091730614499,> e0 observado
Loiza,2010-2014,2,83.22740715687155,82.79121955763884,81.469723726931,84.23111111404783,Estimación adecuada
Loiza,2015-2019,1,76.42256809809959,76.80178829643125,75.56272497272383,78.16340045738637,Estimación adecuada
Loiza,2015-2019,2,84.58243093379357,84.57683872204984,83.18177298030831,86.11890871357909,Estimación adecuada
Loiza,2020-2024,1,74.30071613355503,75.7304868391072,74.54794430350337,77.01366958425616,> e0 observado
Loiza,2020-2024,2,85.89228425330265,85.1594183688832,83.5959040803989,86.85917974606545,Estimación adecuada
Luquillo,1980-1984,1,71.32237106066451,70.96805252467618,69.69579066590077,72.14837607250765,Estimación adecuada
Luquillo,1980-1984,2,96.21054523115929,80.15365262955989,78.12621900862317,82.8596400867044,< e0 observado
Luquillo,1985-1989,1,70.58391307233262,70.74676353991764,69.44236491003265,71.96627675824249,Estimación adecuada
Luquillo,1985-1989,2,75.85277823303889,76.66359448878077,75.40096749357804,77.89575982817382,Estimación adecuada
Luquillo,1990-1994,1,69.78687362564872,70.0250301632655,68.62590710702203,71.30379886747511,Estimación adecuada
Luquillo,1990-1994,2,78.65540822491414,78.21963182053243,76.87476592391675,79.81977872469787,Estimación adecuada
Luquillo,1995-1999,1,68.84529148191722,69.55806714680318,68.42623730538944,70.71154095806264,Estimación adecuada
Luquillo,1995-1999,2,77.57073371934368,77.88150667671458,76.40101761141607,79.3704869434577,Estimación adecuada
Luquillo,2000-2004,1,71.56692809461028,72.06088944862555,70.85368548368719,73.36503659865099,Estimación adecuada
Luquillo,2000-2004,2,80.93857359304148,80.57563989591284,79.18347974053012,82.11499359546872,Estimación adecuada
Luquillo,2005-2009,1,73.66197666420697,73.93529201191622,72.64051858982583,75.25713855024333,Estimación adecuada
Luquillo,2005-2009,2,80.16453384109049,80.3059542871566,79.00081260071971,81.67262843581915,Estimación adecuada
Luquillo,2010-2014,1,74.125398030716255,75.0433578710977,73.80681841869821,76.27547433570487,Estimación adecuada
Luquillo,2010-2014,2,83.56937802942338,82.97659250779955,81.44755283779095,84.67221080484285,Estimación adecuada
Luquillo,2015-2019,1,78.24158315716944,77.22954165032556,76.04686505772561,78.38584060572065,Estimación adecuada
Luquillo,2015-2019,2,86.16375324393145,85.33790372132191,83.6844146311389,87.11256024623039,Estimación adecuada
Luquillo,2020-2024,1,76.82778593702754,76.59516300743834,75.31056335706269,77.85218234039941,Estimación adecuada
Luquillo,2020-2024,2,84.96686508096819,84.59266079774184,83.05667031546024,86.25456204350881,Estimación adecuada
Manati,1980-1984,1,69.99769254598455,70.26017358125654,69.26705166649704,71.27562665981195,Estimación adecuada
Manati,1980-1984,2,76.91897319341015,76.96262515148425,75.90987524458944,78.09215082069896,Estimación adecuada
Manati,1985-1989,1,69.40848405753856,69.87207701643224,68.94471382019181,70.76121624678393,Estimación adecuada
Manati,1985-1989,2,78.1365208528677,77.90194347647635,76.7294429648422,79.0784104778596,Estimación adecuada
Manati,1990-1994,1,69.23507276864738,69.79710968294515,68.9393030490821,70.74110273846763,Estimación adecuada
Manati,1990-1994,2,78.13694859634435,77.96655210395987,76.91726560323063,78.98779969659152,Estimación adecuada
Manati,1995-1999,1,70.56621278613628,70.81831784435596,69.94632591291679,71.71597723247862,Estimación adecuada
Manati,1995-1999,2,78.18010801536123,78.26092049431037,77.3100571919517,79.27916868725302,Estimación adecuada
Manati,2000-2004,1,73.5059956746808,73.26614233538982,72.37028062002099,74.13809652975124,Estimación adecuada
Manati,2000-2004,2,79.921946292628,79.79170592751717,78.87214102264748,80.81567164063976,Estimación adecuada
Manati,2005-2009,1,74.42317304268016,74.48160365439978,73.56629795823467,75.34099881960813,Estimación adecuada
Manati,2005-2009,2,81.69558612867581,81.27510021164147,80.30069031721763,82.27800321051437,Estimación adecuada
Manati,2010-2014,1,75.79949582054559,75.74980446517189,74.78596297330778,76.6977232601685,Estimación adecuada
Manati,2010-2014,2,82.46392723255103,82.05401798140721,81.14696344159299,83.09082419723772,Estimación adecuada
Manati,2015-2019,1,76.50082129222024,76.83342976756789,75.90856630674955,77.76751807515481,Estimación adecuada
Manati,2015-2019,2,84.47543845885097,84.13039747572921,83.13444388277968,85.33876021824759,Estimación adecuada
Manati,2020-2024,1,76.6410779362147,76.5517395502891,75.63156553429504,77.51184017541175,Estimación adecuada
Manati,2020-2024,2,84.79279277649533,84.54304689992836,83.45644621786202,85.7288125864101,Estimación adecuada
Maricao,1980-1984,1,68.60202825310121,71.45110342139228,69.98731846674964,72.95739994613704,> e0 observado
Maricao,1980-1984,2,78.09479107390814,78.81041713916156,76.99663056068815,81.04693579217812,Estimación adecuada
Maricao,1985-1989,1,74.96773339223955,72.9616227342915,71.29647562242808,74.74043219666801,< e0 observado
Maricao,1985-1989,2,78.61629942834107,79.46095991148323,77.63568142079471,81.62783231443902,Estimación adecuada
Maricao,1990-1994,1,71.6682444194189,71.67260455263093,70.17173341784131,73.24076949644929,Estimación adecuada
Maricao,1990-1994,2,78.7855059436943,79.71098845223514,77.81751182387629,81.81200141196307,Estimación adecuada
Maricao,1995-1999,1,71.33878340346546,71.85431084102623,70.34088894933107,73.46475579117723,Estimación adecuada
Maricao,1995-1999,2,78.99834861586001,80.26550788332436,78.30106215130846,82.51788188871286,Estimación adecuada
Maricao,2000-2004,1,77.71513177879464,75.32283809572715,73.63786406824039,77.31971864462696,< e0 observado
Maricao,2000-2004,2,80.22542908124815,81.4884294449974,79.3826275401762,84.48889249314473,Estimación adecuada
Maricao,2005-2009,1,77.40367339569201,75.62863106985597,73.9686102992482,77.33078798582177,< e0 observado
Maricao,2005-2009,2,82.65920888615886,82.93374984444483,80.95512210998216,85.32773838776866,Estimación adecuada
Maricao,2010-2014,1,78.78632855189304,77.13858545336618,75.52753503437621,79.04433495849149,Estimación adecuada
Maricao,2010-2014,2,86.34203171038145,85.39905199218416,83.01160286462043,88.52294413938995,Estimación adecuada
Maricao,2015-2019,1,75.94252949549474,77.95886237931578,76.22044589763442,79.9584118183723,> e0 observado
Maricao,2015-2019,2,88.98166952275554,86.81569384762315,84.45981557744287,90.28050828343481,Estimación adecuada
Maricao,2020-2024,1,78.97029384636113,78.24813164706414,76.41864331499845,80.5684894864197,Estimación adecuada
Maricao,2020-2024,2,84.52027651105944,84.15651024573589,82.37465963939833,86.34200836510546,Estimación adecuada
Maunabo,1980-1984,1,71.14680086853208,71.67962163616876,70.26433046857036,73.14675437966157,Estimación adecuada
Maunabo,1980-1984,2,78.1067644645637,78.357207767340185,76.89597960556655,80.3002812482431,Estimación adecuada
Maunabo,1985-1989,1,73.14754634531097,72.24104780982685,70.94627954139277,73.64176384093116,Estimación adecuada
Maunabo,1985-1989,2,80.26716511735238,79.41044828441954,77.890263054731,81.17338285132628,Estimación adecuada
Maunabo,1990-1994,1,72.41659695481869,72.05993772676533,70.65204204546676,73.42968589254458,Estimación adecuada
Maunabo,1990-1994,2,80.63599878230829,80.09189262092727,78.47608171928003,81.87313872942673,Estimación adecuada
Maunabo,1995-1999,1,71.29560582062038,71.48976015772091,70.16618088968092,72.72729689234659,Estimación adecuada
Maunabo,1995-1999,2,79.21035551708708,79.73681661191972,78.39053213656156,81.53126352409303,Estimación adecuada
Maunabo,2000-2004,1,73.80432839475543,73.869626074653155,72.63686536035371,75.22888748206556,Estimación adecuada
Maunabo,2000-2004,2,81.50289326156216,81.28925588116233,79.79226484401335,83.12163818798345,Estimación adecuada
Maunabo,2005-2009,1,74.64232752557565,74.33692122694447,73.06338572341949,75.7360795712688,Estimación adecuada
Maunabo,2005-2009,2,82.94220641756984,83.00685982503222,81.1115156139312,85.17271543137915,Estimación adecuada
Maunabo,2010-2014,1,74.8339607817344,75.44146982726969,74.19733409366835,76.97540141833936,Estimación adecuada
Maunabo,2010-2014,2,84.96652627183896,84.80592016169746,83.01479873338063,87.36340823595903,Estimación adecuada
Maunabo,2015-2019,1,78.86941488241771,77.80905810132819,76.53629469393553,79.24196103041467,Estimación adecuada
Maunabo,2015-2019,2,85.85027789954904,85.45329436599178,83.51170241034052,87.7879879404279,Estimación adecuada
Maunabo,2020-2024,1,73.9175174535675,76.2108273355198,74.89156465447942,77.51914068816626,> e0 observado
Maunabo,2020-2024,2,82.49945155414667,83.178751680848,81.76388739932726,84.67734662695432,Estimación adecuada
Mayaguez,1980-1984,1,70.16347210674796,70.3263152835753,69.6189657687353,71.00908676847799,Estimación adecuada
Mayaguez,1980-1984,2,77.60512196844877,77.31159026815254,76.64599129598795,77.95168145603805,Estimación adecuada
Mayaguez,1985-1989,1,70.43422694514761,70.51064010705164,69.87319273025766,71.14087805981059,Estimación adecuada
Mayaguez,1985-1989,2,77.94340408933364,77.81574697417722,77.187276105189,78.4821169453103,Estimación adecuada
Mayaguez,1990-1994,1,70.24642591292358,70.31284354029555,69.63691080455447,70.92536966871388,Estimación adecuada
Mayaguez,1990-1994,2,78.67215935241931,78.42266312022356,77.7735607978118,79.0636929608007,Estimación adecuada
Mayaguez,1995-1999,1,70.79228679899191,70.86097459945205,70.19613862629588,71.53763239985108,Estimación adecuada
Mayaguez,1995-1999,2,79.57023177554109,79.36713103547548,78.69818612039028,80.05399893190823,Estimación adecuada
Mayaguez,2000-2004,1,73.63502357565517,73.52844537749013,72.82582158978208,74.16748957187376,Estimación adecuada
Mayaguez,2000-2004,2,81.32752458798765,81.05330008872056,80.35478516371182,81.80419687830882,Estimación adecuada
Mayaguez,2005-2009,1,73.96494214443702,74.01082843726795,73.30446906740187,74.7031558346174,Estimación adecuada
Mayaguez,2005-2009,2,81.49974889865346,81.34422212639028,80.66401370807625,82.05478276260627,Estimación adecuada
Mayaguez,2010-2014,1,74.96249416874119,74.94352409744837,74.287800804001,75.63724593260014,Estimación adecuada
Mayaguez,2010-2014,2,82.81805760395481,82.72124190370776,82.01358156369781,83.55546373955487,Estimación adecuada
Mayaguez,2015-2019,1,77.18178911462695,77.32420205179235,76.44976120316208,78.1120279737009,Estimación adecuada
Mayaguez,2015-2019,2,85.03789447163464,84.93396176838706,84.06316436954225,85.86380531058441,Estimación adecuada
Mayaguez,2020-2024,1,76.09571809909919,76.51084830598433,75.74141563764103,77.34000101784719,Estimación adecuada
Mayaguez,2020-2024,2,84.85251261520094,84.83148033678648,84.02936782299521,85.77344716652254,Estimación adecuada
Moca,1980-1984,1,71.47861356859958,72.26394561568844,71.243510755573,73.36817250278614,Estimación adecuada
Moca,1980-1984,2,77.57729967024724,78.16939566720467,77.00159010100384,79.46637638343859,Estimación adecuada
Moca,1985-1989,1,74.13223338906987,73.3928263767121,72.4179083587358,74.40905271694369,Estimación adecuada
Moca,1985-1989,2,78.76717836323876,78.88158649874971,77.73935915081906,80.05747108339231,Estimación adecuada
Moca,1990-1994,1,74.38613122856178,73.63096544275993,72.6100057272726,74.71489244853065,Estimación adecuada
Moca,1990-1994,2,79.33086248782432,79.21526540183122,78.16655563406582,80.51833878778118,Estimación adecuada
Moca,1995-1999,1,73.93016893221346,73.40840231767326,72.47077610117366,74.40341359635943,Estimación adecuada
Moca,1995-1999,2,79.92298518560595,79.62298980718049,78.63187783959012,80.68479241939916,Estimación adecuada
Moca,2000-2004,1,76.88913106198095,75.93522807783762,74.88745131871372,76.99028372300585,Estimación adecuada
Moca,2000-2004,2,81.20152141336699,81.40356428201395,80.23016598694377,82.7028026319958,Estimación adecuada
Moca,2005-2009,1,78.23027972920578,77.2324000180439,76.24014817608165,78.29891683321632,Estimación adecuada
Moca,2005-2009,2,81.64729368972594,81.95382010813165,80.80330352430315,83.11889212364055,Estimación adecuada
Moca,2010-2014,1,78.39894219071823,77.92131631312114,76.91057674364761,78.9564487304472,Estimación adecuada
Moca,2010-2014,2,82.3431083414248,82.55554600864633,81.48571152829788,83.72442685026071,Estimación adecuada
Moca,2015-2019,1,78.86942315370179,78.58513886593676,77.57851395224543,79.57030237890977,Estimación adecuada
Moca,2015-2019,2,85.12050775808935,85.10724771833547,83.99493726630743,86.54425044812777,Estimación adecuada
Moca,2020-2024,1,79.5196148813842,79.18925874932438,78.24835846313992,80.21682722369866,Estimación adecuada
Moca,2020-2024,2,84.83463123511952,84.96439734347814,83.93136496747177,86.15016434638365,Estimación adecuada
Morovis,1980-1984,1,72.75449760171898,72.69648532452396,71.45786806136726,74.119856640236,Estimación adecuada
Morovis,1980-1984,2,79.58978615306602,79.4409016419405,77.93917690127755,81.13419321340224,Estimación adecuada
Morovis,1985-1989,1,73.00155031190296,72.81401574098383,71.65738563552239,73.97021096761155,Estimación adecuada
Morovis,1985-1989,2,79.18909920848033,79.10035287118859,77.78058767619808,80.59107168755718,Estimación adecuada
Morovis,1990-1994,1,74.7129408866261,73.59102911801344,72.37608192140489,74.7244924575012,Estimación adecuada
Morovis,1990-1994,2,79.13950712220092,79.34456055964472,78.11897696902436,80.48740267319141,Estimación adecuada
Morovis,1995-1999,1,72.82153464768288,72.69143961130024,71.58915244163357,73.83046171093386,Estimación adecuada
Morovis,1995-1999,2,80.70735984476201,80.66941141335354,79.41301272809889,82.07054908223986,Estimación adecuada
Morovis,2000-2004,1,74.10293235770516,74.53935745678771,73.44510585572033,75.597994553169,Estimación adecuada
Morovis,2000-2004,2,82.09073872809745,81.9948353583363,80.66279702913533,83.63751555108693,Estimación adecuada
Morovis,2005-2009,1,76.91529332323657,76.18938379466637,75.11427519606583,77.40289490091426,Estimación adecuada
Morovis,2005-2009,2,83.05104709140619,82.7347168421877,81.36762620830885,84.29600597079788,Estimación adecuada
Morovis,2010-2014,1,77.08123150152963,77.28805779319865,76.2832114085956,78.46062630421028,Estimación adecuada
Morovis,2010-2014,2,83.34182688922566,83.170737646832265,81.94002740916758,84.7391444223568,Estimación adecuada
Morovis,2015-2019,1,78.96515859481998,78.43078474660447,77.4348710397929,79.4351012259741,Estimación adecuada
Morovis,2015-2019,2,87.15880943526801,86.23047931206169,84.86610685063718,87.93559230974353,Estimación adecuada
Morovis,2020-2024,1,78.2458123408178,78.5381425463866,77.51244618592699,79.74011903650204,Estimación adecuada
Morovis,2020-2024,2,84.91369846953171,85.59685693338093,84.28079483570755,87.30604177165927,Estimación adecuada
Naguabo,1980-1984,1,71.84412346105836,71.61105579179957,70.37752854842296,72.95608944933936,Estimación adecuada
Naguabo,1980-1984,2,76.70981740677908,76.69496250876855,75.51045523951163,78.09756804463609,Estimación adecuada
Naguabo,1985-1989,1,70.3877807756849,70.50027596121569,69.32669281124286,71.6761765823114,Estimación adecuada
Naguabo,1985-1989,2,77.29975247108982,77.18677444941709,76.01896640524672,78.40694438854234,Estimación adecuada
Naguabo,1990-1994,1,69.935755323165,70.02364246731746,68.87858636335842,71.11729759907028,Estimación adecuada
Naguabo,1990-1994,2,77.27690861530172,77.85755491241575,76.67455568781476,79.03325398328211,Estimación adecuada
Naguabo,1995-1999,1,69.72322516574484,70.2181069226593,69.06907718230887,71.33249960501715,Estimación adecuada
Naguabo,1995-1999,2,76.82881627212045,77.26569030483999,76.1944975030209,78.37941755742455,Estimación adecuada
Naguabo,2000-2004,1,72.06654411146116,72.25594728738248,71.1690850759233,73.34923135002254,Estimación adecuada
Naguabo,2000-2004,2,79.7628328934226,80.0141833907252,78.73226091532372,81.48622584741686,Estimación adecuada
Naguabo,2005-2009,1,73.77862572143668,73.76480231415061,72.73788298254425,75.01490570749006,Estimación adecuada
Naguabo,2005-2009,2,80.62404690696854,80.9183972703096,79.48211292234916,82.30014363394862,Estimación adecuada
Naguabo,2010-2014,1,75.11164062971052,75.00105886770861,73.90649170670373,76.0591040334698,Estimación adecuada
Naguabo,2010-2014,2,82.93958682980916,82.4308420089358,81.23534366792707,84.03746899215133,Estimación adecuada
Naguabo,2015-2019,1,76.26882750450046,76.09856332176315,74.98792920287651,77.21001800740626,Estimación adecuada
Naguabo,2015-2019,2,84.83022686610576,84.3125544574803,82.87758884516803,85.9228041839345,Estimación adecuada
Naguabo,2020-2024,1,77.23171232523964,76.77674376720756,75.71356643027129,77.86351923542588,Estimación adecuada
Naguabo,2020-2024,2,83.84568426869097,83.77226421078424,82.50215766972163,85.07624543119636,Estimación adecuada
Naranjito,1980-1984,1,74.98820136337291,74.22135382078443,72.85794449622708,75.62536185920739,Estimación adecuada
Naranjito,1980-1984,2,82.09597951709326,80.59904588876879,79.23495644179397,82.09500947032068,< e0 observado
Naranjito,1985-1989,1,74.14321504502335,73.4238013523369,72.32899582452494,74.53938676450142,Estimación adecuada
Naranjito,1985-1989,2,81.17666750110004,80.52730957780497,79.16532863958865,82.05676897302665,Estimación adecuada
Naranjito,1990-1994,1,72.65469281143538,72.72303134544335,71.67684931194302,73.77134919646002,Estimación adecuada
Naranjito,1990-1994,2,80.53672985190586,80.59256974809118,79.24478453421239,82.0320538718293,Estimación adecuada
Naranjito,1995-1999,1,71.78384170584214,72.08914239674145,71.02352928691721,73.10029963651748,Estimación adecuada
Naranjito,1995-1999,2,81.60503745588989,81.08065151318493,79.7110025108743,82.404835075545,Estimación adecuada
Naranjito,2000-2004,1,75.02066724722975,74.8837856637812,73.76476413433038,76.04371784310024,Estimación adecuada
Naranjito,2000-2004,2,82.02786957174214,81.9307145973614,80.69593338325255,83.26670304016072,Estimación adecuada
Naranjito,2005-2009,1,75.97305227428454,76.1056782061543,74.92368406797736,77.2606966813264,Estimación adecuada
Naranjito,2005-2009,2,81.50399850212823,82.00145463926782,80.84528800067778,83.27524602550956,Estimación adecuada
Naranjito,2010-2014,1,78.20596950921357,77.59367340864577,76.43855832176041,78.70078898519603,Estimación adecuada
Naranjito,2010-2014,2,82.65441935713193,83.52189661819801,82.19239657344808,84.99569242179447,Estimación adecuada
Naranjito,2015-2019,1,79.79942567224485,79.623137751072,78.36203276111668,81.00825982867568,Estimación adecuada
Naranjito,2015-2019,2,86.72388771081324,86.68557367577243,85.08867675368133,88.54255593624933,Estimación adecuada
Naranjito,2020-2024,1,76.58250173203984,77.53728224855807,76.31335084458831,78.67438724735024,Estimación adecuada
Naranjito,2020-2024,2,85.5864530860636,85.20890854415975,84.00406761301184,86.62648441492222,Estimación adecuada
Orocovis,1980-1984,1,73.68697408485414,73.44550332970582,72.0439695912733,74.90455303570866,Estimación adecuada
Orocovis,1980-1984,2,79.52890987399995,79.31041508867906,77.96413611087948,80.87285169246792,Estimación adecuada
Orocovis,1985-1989,1,72.86313442913975,72.68739007194225,71.47180068858836,73.85479126180788,Estimación adecuada
Orocovis,1985-1989,2,83.00284611084997,81.24938459272482,79.61264541198807,83.00407724565694,Estimación adecuada
Orocovis,1990-1994,1,70.6546043654978,71.44827650652662,70.27135864094946,72.6287407506134,Estimación adecuada
Orocovis,1990-1994,2,80.6362204849656,80.31513392507983,79.02063419731202,81.77319926660735,Estimación adecuada
Orocovis,1995-1999,1,73.67698769121861,73.23556865534096,72.00213808384646,74.38011092746483,Estimación adecuada
Orocovis,1995-1999,2,79.89715435282756,80.07828640815356,78.76054711927563,81.52082738909957,Estimación adecuada
Orocovis,2000-2004,1,74.30531059061678,74.29950478292088,73.15060007256841,75.47233655836678,Estimación adecuada
Orocovis,2000-2004,2,82.7682053865501,82.32919403738566,80.95401881702944,84.26757585226716,Estimación adecuada
Orocovis,2005-2009,1,75.65599075985115,75.58604122087318,74.39316452856909,76.76930407907624,Estimación adecuada
Orocovis,2005-2009,2,81.23465089468093,81.55945161575323,80.28799153647407,83.05204788575718,Estimación adecuada
Orocovis,2010-2014,1,78.72609688729915,77.68189253576404,76.56992987008661,78.97507206087234,Estimación adecuada
Orocovis,2010-2014,2,83.46032948812693,83.37968501085908,81.99248485870783,84.95598572795663,Estimación adecuada
Orocovis,2015-2019,1,78.31348130255999,78.13987939895829,76.92857249889317,79.3702587550703,Estimación adecuada
Orocovis,2015-2019,2,84.96910673692187,85.24396243527518,83.79325830273939,87.04219316386033,Estimación adecuada
Orocovis,2020-2024,1,77.80883766643083,78.55663462736672,77.21286053848071,79.99729095315416,Estimación adecuada
Orocovis,2020-2024,2,84.81893104480201,84.82685638311239,83.52620312799681,86.40515545241105,Estimación adecuada
Patillas,1980-1984,1,71.2919207839744,71.76995440034672,70.49129345961485,73.00720849637123,Estimación adecuada
Patillas,1980-1984,2,77.55331848134108,77.68521097563334,76.3945987163474,79.11701835327591,Estimación adecuada
Patillas,1985-1989,1,71.37552114824256,70.93922827173009,69.94688723165254,72.07366625259742,Estimación adecuada
Patillas,1985-1989,2,79.24042850774778,78.61248803073636,77.3444957775479,80.0437936767854,Estimación adecuada
Patillas,1990-1994,1,72.50760666915836,71.63364233647656,70.54912831906859,72.86820558524819,Estimación adecuada
Patillas,1990-1994,2,78.396020908419,78.37539985918964,77.0905392674554,79.83512765839266,Estimación adecuada
Patillas,1995-1999,1,71.16809015939647,71.31704192428421,70.16235976403493,72.4929458561026,Estimación adecuada
Patillas,1995-1999,2,78.52476688729733,78.3376106478866,77.17838874831934,79.5102525335967,Estimación adecuada
Patillas,2000-2004,1,73.84030571885792,73.61043838056597,72.5009478942527,74.80077895777244,Estimación adecuada
Patillas,2000-2004,2,80.28524555250978,80.6710006963123,79.44683151253247,82.05627686956278,Estimación adecuada
Patillas,2005-2009,1,74.71797456893655,74.45120333768439,73.21985729545858,75.77472387277415,Estimación adecuada
Patillas,2005-2009,2,82.37229150118687,81.60124144615185,80.31581753391396,83.03740316878222,Estimación adecuada
Patillas,2010-2014,1,75.64302541877272,76.04707911102783,74.82812822542903,77.28713435576014,Estimación adecuada
Patillas,2010-2014,2,82.97344642216791,83.14807939501011,81.75989013565291,84.8725299703539,Estimación adecuada
Patillas,2015-2019,1,77.44243369136635,77.32789326776901,76.03700852540081,78.71878385783414,Estimación adecuada
Patillas,2015-2019,2,85.62464985032581,85.53216406680417,83.95408447493027,87.38605335360721,Estimación adecuada
Patillas,2020-2024,1,75.4428131511174,76.45810316877677,75.32094201273911,77.62200389852052,Estimación adecuada
Patillas,2020-2024,2,83.73266646624228,85.50400182088717,84.00856182050303,87.35871034896088,> e0 observado
Penuelas,1980-1984,1,72.35786944424055,71.6424723204932,70.32829498427856,72.91165743306563,Estimación adecuada
Penuelas,1980-1984,2,77.42169553222374,77.60923361379344,76.27078762127293,79.0410750596443,Estimación adecuada
Penuelas,1985-1989,1,72.76539154925341,71.862741066274765,70.67894434538209,73.1001452001296,Estimación adecuada
Penuelas,1985-1989,2,78.26925344407194,78.09249022897738,76.79189769038508,79.4499337927118,Estimación adecuada
Penuelas,1990-1994,1,71.6518283419231,71.11197089078411,70.11822441125544,72.30591553069243,Estimación adecuada
Penuelas,1990-1994,2,78.09730287289996,78.1328919544068,76.95432357857285,79.49667994560585,Estimación adecuada
Penuelas,1995-1999,1,72.51086800891099,71.89536685997639,70.81678375741342,72.9513575806514,Estimación adecuada
Penuelas,1995-1999,2,77.85186468595465,78.40665643216715,77.17014265578204,79.80827230528566,Estimación adecuada
Penuelas,2000-2004,1,73.06979986248778,73.01868866739565,71.89111481199647,74.18226070953789,Estimación adecuada
Penuelas,2000-2004,2,80.74681115313095,80.67497899192392,79.20047641934754,82.41719701750557,Estimación adecuada
Penuelas,2005-2009,1,74.32588415517951,74.36894676078367,73.25445579491762,75.5393121757568,Estimación adecuada
Penuelas,2005-2009,2,83.85447484865448,82.88734823626227,81.2053008065106,85.02982169937268,Estimación adecuada
Penuelas,2010-2014,1,77.2161868060379,76.80594107388603,75.56853452230527,78.33641877903237,Estimación adecuada
Penuelas,2010-2014,2,82.37054992803498,82.3647299937245,81.07388839012339,83.97005357151583,Estimación adecuada
Penuelas,2015-2019,1,76.94988280019332,76.88049927752445,75.77138013703942,78.01068205203647,Estimación adecuada
Penuelas,2015-2019,2,83.52991574696982,83.51859930520433,82.12171819330551,84.98220696570283,Estimación adecuada
Penuelas,2020-2024,1,78.19759662594926,77.513946907171,76.33660914239381,78.74611662307417,Estimación adecuada
Penuelas,2020-2024,2,83.13779961346445,83.39235381688245,82.1024166996388,84.83709708106197,Estimación adecuada
Ponce,1980-1984,1,70.95163851465587,70.80756695506741,70.3296386960631,71.29139311004236,Estimación adecuada
Ponce,1980-1984,2,77.90393491985162,77.59056192682067,77.06991995838372,78.1324969605536,Estimación adecuada
Ponce,1985-1989,1,68.92037207804252,69.10339162581317,68.58735042348988,69.62605778922575,Estimación adecuada
Ponce,1985-1989,2,77.3120135977883,77.23335429255212,76.75277187805779,77.69454278657793,Estimación adecuada
Ponce,1990-1994,1,68.07009878068561,68.33252943746137,67.831900580221955,68.84398992984136,Estimación adecuada
Ponce,1990-1994,2,77.70322992022791,77.71736870751468,77.20054234707794,78.2881176569684,Estimación adecuada
Ponce,1995-1999,1,68.8945019576824,69.12669623482765,68.60891632156648,69.65330727377102,Estimación adecuada
Ponce,1995-1999,2,78.64616620265484,78.55229918627397,78.01408738017587,79.11559648092081,Estimación adecuada
Ponce,2000-2004,1,71.88287158339286,71.97490039236936,71.4247555149702,72.51679612274548,Estimación adecuada
Ponce,2000-2004,2,80.17053819569585,79.95086271335614,79.42637793265936,80.47689751765444,Estimación adecuada
Ponce,2005-2009,1,72.59239776230434,72.76890391677951,72.18192952999094,73.29204473430698,Estimación adecuada
Ponce,2005-2009,2,81.60505937401689,81.42485669329545,80.85640047580246,81.96054514795223,Estimación adecuada
Ponce,2010-2014,1,74.90584213235752,74.92408498319557,74.3588830884438,75.49102740547649,Estimación adecuada
Ponce,2010-2014,2,81.84526785237593,81.81997558450132,81.22487360245842,82.38514546582718,Estimación adecuada
Ponce,2015-2019,1,75.94818443525777,76.13613559895755,75.52013477582837,76.71186952573348,Estimación adecuada
Ponce,2015-2019,2,84.573600741168,84.43477736499247,83.72419654444691,85.15204851120171,Estimación adecuada
Ponce,2020-2024,1,76.11579149445392,76.19153424633278,75.55902725694986,76.75877649850227,Estimación adecuada
Ponce,2020-2024,2,84.14984563358192,83.83895403642344,83.23614209729443,84.47827678385083,Estimación adecuada
Quebradillas,1980-1984,1,71.5804748432608,71.50932896106198,70.35055014616194,72.67516517580012,Estimación adecuada
Quebradillas,1980-1984,2,79.23938165137665,78.57472666158611,77.25288112415406,80.23288283514529,Estimación adecuada
Quebradillas,1985-1989,1,70.63546474047975,70.91740477667253,69.79640437925354,72.04363007896562,Estimación adecuada
Quebradillas,1985-1989,2,77.80764334555457,77.60375309287389,76.50434017869338,78.80573940831279,Estimación adecuada
Quebradillas,1990-1994,1,72.04068810225141,71.59413189296286,70.47809270048177,72.87444994381879,Estimación adecuada
Quebradillas,1990-1994,2,79.32174470623532,78.67493911201717,77.40352175792742,79.97000376389093,Estimación adecuada
Quebradillas,1995-1999,1,72.62949799850028,71.72926735243452,70.64165282429,72.71304077677333,Estimación adecuada
Quebradillas,1995-1999,2,78.8521877504248,78.71581489045309,77.44441473323491,79.99805586528879,Estimación adecuada
Quebradillas,2000-2004,1,73.75120320482118,73.37725170639072,72.30702020781371,74.45378655476053,Estimación adecuada
Quebradillas,2000-2004,2,79.64696913052158,79.83801258656473,78.78505019295739,81.01639002672202,Estimación adecuada
Quebradillas,2005-2009,1,76.4702021217705,75.1773938232378,74.02167650210828,76.357241131014,< e0 observado
Quebradillas,2005-2009,2,82.57479226170334,82.29955263437634,80.914152639561,83.84385327009863,Estimación adecuada
Quebradillas,2010-2014,1,76.84416482352528,76.3664913876744,75.22192961180856,77.47937419947945,Estimación adecuada
Quebradillas,2010-2014,2,83.16432092953069,82.93563542791935,81.5854466637157,84.4129652867149,Estimación adecuada
Quebradillas,2015-2019,1,77.52581972834565,77.1990795394191,76.1757725050509,78.31527549864984,Estimación adecuada
Quebradillas,2015-2019,2,83.89036641680575,83.60422740914228,82.45889375262448,84.79927143731628,Estimación adecuada
Quebradillas,2020-2024,1,78.45741764289136,77.5170856340349,76.37460198592441,78.73669939560213,Estimación adecuada
Quebradillas,2020-2024,2,84.02514632890372,84.00043482875796,82.71967496179745,85.40405704510151,Estimación adecuada
Rincon,1980-1984,1,71.31036542846637,72.56880188346148,71.07957633658394,74.04104115711671,Estimación adecuada
Rincon,1980-1984,2,78.23121876259758,78.50372433093355,77.19124016020567,80.27353333140012,Estimación adecuada
Rincon,1985-1989,1,72.68195818723761,72.43124679130406,71.15464336645617,73.72799961085734,Estimación adecuada
Rincon,1985-1989,2,78.13112109379762,78.76423799659612,77.44179528700607,80.26575187513262,Estimación adecuada
Rincon,1990-1994,1,74.46482669947628,73.15339344681162,71.87595146119646,74.49573673602116,Estimación adecuada
Rincon,1990-1994,2,79.71875830965256,79.39712326379185,78.08421361994475,80.98596004128743,Estimación adecuada
Rincon,1995-1999,1,71.81900034746621,71.78898378745167,70.52038502311368,72.98375553336436,Estimación adecuada
Rincon,1995-1999,2,80.4078903895804,80.30183771294477,78.90106306351962,81.97343412984833,Estimación adecuada
Rincon,2000-2004,1,75.07948363707656,74.75119001072476,73.49227864257239,75.9490538399779,Estimación adecuada
Rincon,2000-2004,2,82.97798833076854,82.29448084404956,80.91726541388519,83.99829851444538,Estimación adecuada
Rincon,2005-2009,1,76.37954961336744,75.73021053069465,74.47514091042906,77.02375342450173,Estimación adecuada
Rincon,2005-2009,2,80.35621164685101,81.24004587688287,80.04179015399417,82.6956667252427,Estimación adecuada
Rincon,2010-2014,1,79.61051534555456,77.82914085139728,76.70276999561844,79.09732271975959,< e0 observado
Rincon,2010-2014,2,83.80210551828287,83.95277876360436,82.52260021778895,85.55079320254946,Estimación adecuada
Rincon,2015-2019,1,79.17285737161941,78.91364869303537,77.61862640870145,80.25090411055064,Estimación adecuada
Rincon,2015-2019,2,86.30943741112463,86.2211883500899,84.4397030371656,88.41974993707677,Estimación adecuada
Rincon,2020-2024,1,79.87445814115418,79.66057479551043,78.26417494476321,81.07684892095821,Estimación adecuada
Rincon,2020-2024,2,86.12132225159803,85.70217800933617,84.32355609960341,87.45909086408066,Estimación adecuada
Rio Grande,1980-1984,1,71.31055270884488,71.20252908946605,70.26404686400856,72.28583375630835,Estimación adecuada
Rio Grande,1980-1984,2,77.8338345029928,77.57108302338256,76.47358849500745,78.76809474656193,Estimación adecuada
Rio Grande,1985-1989,1,72.55792010168767,71.87461329345822,70.77814423792702,72.97313180307769,Estimación adecuada
Rio Grande,1985-1989,2,78.55898208748316,78.36492467927835,77.26991339389338,79.53557635005954,Estimación adecuada
Rio Grande,1990-1994,1,69.8066408540921,70.16675045575158,69.34743196745428,71.10322040571522,Estimación adecuada
Rio Grande,1990-1994,2,79.04176505901863,78.97812809712082,77.84391932316971,80.20571958275838,Estimación adecuada
Rio Grande,1995-1999,1,69.24216716509197,69.97479339903359,69.02026661205916,70.80023006699028,Estimación adecuada
Rio Grande,1995-1999,2,78.57122528721384,78.53545831009717,77.59140434319238,79.57663959873057,Estimación adecuada
Rio Grande,2000-2004,1,73.5987446256221,73.52652691634593,72.67232501084378,74.41008418846408,Estimación adecuada
Rio Grande,2000-2004,2,80.92764017417292,80.85363836337527,79.77724261700483,81.94871924138202,Estimación adecuada
Rio Grande,2005-2009,1,74.74267006153134,74.84994279314128,73.91771816039369,75.88508957796928,Estimación adecuada
Rio Grande,2005-2009,2,82.25371975622028,81.85441238231775,80.86534044699306,82.91900391413022,Estimación adecuada
Rio Grande,2010-2014,1,75.62464241200296,75.73037414980695,74.87739535111665,76.6360883337161,Estimación adecuada
Rio Grande,2010-2014,2,81.93516108938404,81.9955140946492,81.14550500881998,82.99750545516893,Estimación adecuada
Rio Grande,2015-2019,1,77.32038501383934,77.43379879352122,76.44814849529999,78.44133309812003,Estimación adecuada
Rio Grande,2015-2019,2,84.73128165771396,84.38373962177187,83.38924497187949,85.53156301786636,Estimación adecuada
Rio Grande,2020-2024,1,76.09079051682853,76.61682934699684,75.5360996586291,77.58017321428702,Estimación adecuada
Rio Grande,2020-2024,2,84.92626206233898,85.17324534049645,84.1021567192182,86.41913159763544,Estimación adecuada
Sabana Grande,1980-1984,1,72.94260252849719,71.96936692532563,70.88087544122375,73.07150567753789,Estimación adecuada
Sabana Grande,1980-1984,2,76.79030160326006,77.29562103659512,76.08174019266606,78.5745397872475,Estimación adecuada
Sabana Grande,1985-1989,1,72.60670516660508,72.03874357930064,70.94771890256564,73.23857547002632,Estimación adecuada
Sabana Grande,1985-1989,2,79.46020484114078,78.79342356463393,77.67993486688228,80.15030073943575,Estimación adecuada
Sabana Grande,1990-1994,1,71.96878186562466,71.51698378019483,70.41653290070262,72.63684772664023,Estimación adecuada
Sabana Grande,1990-1994,2,77.52973712888554,77.64404836271464,76.65177966102394,78.73185359477714,Estimación adecuada
Sabana Grande,1995-1999,1,72.42496764545729,71.76463596661567,70.8072300335599,72.76601299609341,Estimación adecuada
Sabana Grande,1995-1999,2,77.8549110688198,77.79148762979716,76.85090287478816,78.79611815990198,Estimación adecuada
Sabana Grande,2000-2004,1,75.19081545433245,74.39076623118103,73.28739726337844,75.4074679059902,Estimación adecuada
Sabana Grande,2000-2004,2,80.10304388750191,80.56507059526282,79.423277966287,81.80672318864937,Estimación adecuada
Sabana Grande,2005-2009,1,75.77699216646894,74.86235148572766,73.79240583681464,76.09419568024423,Estimación adecuada
Sabana Grande,2005-2009,2,80.72892003066303,81.1558543465456,79.90723033579599,82.55442058832354,Estimación adecuada
Sabana Grande,2010-2014,1,75.70526772953107,75.8574013303318,74.78787604508034,76.9343945737475,Estimación adecuada
Sabana Grande,2010-2014,2,83.3057418970242,82.95882339799564,81.7778871674259,84.33338255945769,Estimación adecuada
Sabana Grande,2015-2019,1,77.43470484017462,76.97372336877203,75.96439434472852,78.0764656279803,Estimación adecuada
Sabana Grande,2015-2019,2,83.12156944238525,83.12655842111732,82.04934631020714,84.38986025384966,Estimación adecuada
Sabana Grande,2020-2024,1,77.44105015726227,77.43189543575153,76.32120739415106,78.6970203185454,Estimación adecuada
Sabana Grande,2020-2024,2,83.44790990052292,84.55146279054094,83.308984589608,86.01708510308022,Estimación adecuada
Salinas,1980-1984,1,69.34771587119822,69.81371775956472,68.68753410313835,70.77560120264224,Estimación adecuada
Salinas,1980-1984,2,77.00356882697933,77.00902480254463,75.86386894013398,78.26070651306007,Estimación adecuada
Salinas,1985-1989,1,67.8768913469486,68.94581443063495,67.84557542168898,70.05005736213661,Estimación adecuada
Salinas,1985-1989,2,76.51927305162637,76.77439438473971,75.7206200566103,77.94121132618794,Estimación adecuada
Salinas,1990-1994,1,69.60135801885075,70.03131704313847,68.97958877004575,71.17118445492038,Estimación adecuada
Salinas,1990-1994,2,77.16626361655916,77.66714836603572,76.50174373485412,78.84841918677347,Estimación adecuada
Salinas,1995-1999,1,69.29023548543516,69.60487082179156,68.61080003739751,70.55980798255808,Estimación adecuada
Salinas,1995-1999,2,79.22383445714814,78.79810508215232,77.67648938391513,80.15283705764149,Estimación adecuada
Salinas,2000-2004,1,73.10253328655585,73.04740577497503,72.0268267123363,74.20556826209942,Estimación adecuada
Salinas,2000-2004,2,80.52455994892824,80.2278891756778,79.08450177234832,81.44272525247054,Estimación adecuada
Salinas,2005-2009,1,73.52822440107285,73.63444752371156,72.6157260109849,74.69276673561379,Estimación adecuada
Salinas,2005-2009,2,80.63090066219925,80.7976031325505,79.67088580675201,82.13029830972434,Estimación adecuada
Salinas,2010-2014,1,75.47743944137984,75.49045698587852,74.37718719629447,76.67499269299199,Estimación adecuada
Salinas,2010-2014,2,83.23167940762168,83.25221353807547,81.96740127209564,84.92664878040313,Estimación adecuada
Salinas,2015-2019,1,77.96635541138743,77.63588864157771,76.51164733741665,78.8538077520749,Estimación adecuada
Salinas,2015-2019,2,85.02610562554052,84.756102573888,83.491748929329475,86.1879928784327,Estimación adecuada
Salinas,2020-2024,1,77.2752335181164,77.10109096518781,76.08592279649575,78.08131833886375,Estimación adecuada
Salinas,2020-2024,2,85.43601257393142,85.03707149896158,83.69531151944655,86.35489726703527,Estimación adecuada
San German,1980-1984,1,72.17155637189039,72.03460463067005,71.02843350232506,73.09759292729538,Estimación adecuada
San German,1980-1984,2,77.0812843420632,77.4358555301819,76.33133250285586,78.53049605907394,Estimación adecuada
San German,1985-1989,1,73.24578912339052,72.6714734658265,71.71903265883364,73.60647321944349,Estimación adecuada
San German,1985-1989,2,78.281715742411,78.1319877351896,77.12747073650982,79.16077262902911,Estimación adecuada
San German,1990-1994,1,72.47312065094486,72.03608184197495,71.14967576471652,72.91418193791137,Estimación adecuada
San German,1990-1994,2,78.88901019804139,79.07776006511949,78.08268391388943,80.0920105491373,Estimación adecuada
San German,1995-1999,1,74.17482678706043,73.43496759059778,72.45396008743613,74.39592716098953,Estimación adecuada
San German,1995-1999,2,78.52895052757144,78.9724968296074,77.91635495912601,79.96042568404967,Estimación adecuada
San German,2000-2004,1,75.40040785434385,74.75901102362957,73.81567234398258,75.67081310063769,Estimación adecuada
San German,2000-2004,2,81.07042973561371,81.00021236737649,79.8928703866432,82.21549939863935,Estimación adecuada
San German,2005-2009,1,75.89227383722931,75.45365992149534,74.42353555624305,76.41551966926173,Estimación adecuada
San German,2005-2009,2,81.35724022521588,81.65727438102277,80.65026666833222,82.69203895039821,Estimación adecuada
San German,2010-2014,1,77.09595528241658,76.35613436477541,75.4469710919148,77.2185281246554,Estimación adecuada
San German,2010-2014,2,81.95497572147197,82.49652996949396,81.39129732542503,83.58771317504255,Estimación adecuada
San German,2015-2019,1,79.14792857398798,78.03918617234359,77.07604430722687,79.00239075711879,< e0 observado
San German,2015-2019,2,84.0002365484052,84.24612965171369,83.20522473186841,85.38937394233407,Estimación adecuada
San German,2020-2024,1,78.13234571523579,77.59496495649859,76.65010349526354,78.53599046446426,Estimación adecuada
San German,2020-2024,2,83.15333884969452,83.81315211382517,82.79076591865693,84.87728148923385,Estimación adecuada
San Juan,1980-1984,1,68.53296805880613,68.65453415132839,68.27447061308149,68.99707080653212,Estimación adecuada
San Juan,1980-1984,2,78.41781325030587,78.29552848032874,77.95606088753146,78.63672944674133,Estimación adecuada
San Juan,1985-1989,1,67.17212517316179,67.33963099610365,66.98516998214218,67.6806805574685,Estimación adecuada
San Juan,1985-1989,2,78.70934229140379,78.65088330781272,78.29253728458734,78.9773083184073,Estimación adecuada
San Juan,1990-1994,1,64.70940097035052,64.96893466888847,64.59159513333104,65.31617150652835,Estimación adecuada
San Juan,1990-1994,2,78.53794951508831,78.5930220585622,78.22457497610779,78.97381605727206,Estimación adecuada
San Juan,1995-1999,1,67.09892384379134,67.26843499462754,66.92702622269604,67.62783734260918,Estimación adecuada
San Juan,1995-1999,2,79.54091321860172,79.54864772100261,79.18510237701102,79.89313094835585,Estimación adecuada
San Juan,2000-2004,1,71.1882392973574,71.25928196972271,70.91460552554989,71.59152250845693,Estimación adecuada
San Juan,2000-2004,2,81.92921875527303,81.80761129430752,81.42534326093558,82.2172988252557,Estimación adecuada
San Juan,2005-2009,1,72.69964876784017,72.75089604424551,72.36672668655366,73.12535298226915,Estimación adecuada
San Juan,2005-2009,2,82.46547999538443,82.39856402870745,81.98902534019788,82.8190619377462,Estimación adecuada
San Juan,2010-2014,1,74.44529350870087,74.52481912613989,74.12168188216184,74.9348411671249,Estimación adecuada
San Juan,2010-2014,2,84.20463369793843,84.04485384144638,83.59849389711474,84.49986259738183,Estimación adecuada
San Juan,2015-2019,1,75.79825935426356,75.8764885942542,75.45630616742895,76.29181404157951,Estimación adecuada
San Juan,2015-2019,2,85.20819741649419,85.10433600739584,84.65999349409402,85.57942638673516,Estimación adecuada
San Juan,2020-2024,1,75.09617765928651,75.21909064509943,74.76590385937844,75.6250810634996,Estimación adecuada
San Juan,2020-2024,2,85.57777113429813,85.39603912002926,84.92399784160278,85.87348511169031,Estimación adecuada
San Lorenzo,1980-1984,1,72.4269330696064,72.39441799824084,71.26016366174863,73.5537825169302,Estimación adecuada
San Lorenzo,1980-1984,2,78.47103642037956,78.42273431135371,77.2566688935871,79.6062679835107,Estimación adecuada
San Lorenzo,1985-1989,1,70.33185072656097,70.92065866819983,70.01665089485215,71.8625262481885,Estimación adecuada
San Lorenzo,1985-1989,2,79.4038927542163,78.79718489391611,77.8366291331174,79.88955084678811,Estimación adecuada
San Lorenzo,1990-1994,1,70.49063585980458,70.68402561661497,69.68993463093071,71.65950076116157,Estimación adecuada
San Lorenzo,1990-1994,2,79.42906403274269,79.0948459836088,78.02810945344244,80.130646155924,Estimación adecuada
San Lorenzo,1995-1999,1,72.39291160482962,72.15264843834089,71.09194693874639,73.15898637929665,Estimación adecuada
San Lorenzo,1995-1999,2,78.56261721700943,78.54706626774427,77.67108734584956,79.52076763263848,Estimación adecuada
San Lorenzo,2000-2004,1,73.59466919977362,73.65533611670682,72.64290593598656,74.73435928998887,Estimación adecuada
San Lorenzo,2000-2004,2,81.14875504017051,80.95513685524618,79.93530569822569,82.15216301694815,Estimación adecuada
San Lorenzo,2005-2009,1,75.07421835227707,74.99696936469752,74.00141804438483,76.096832598025,Estimación adecuada
San Lorenzo,2005-2009,2,82.06471302858854,81.69336236085022,80.57966384323353,82.79567591223426,Estimación adecuada
San Lorenzo,2010-2014,1,76.50254306599682,76.61893481760112,75.58423328469283,77.69908001088214,Estimación adecuada
San Lorenzo,2010-2014,2,83.9183271335132,83.28087300947726,82.17893839368975,84.57046516621547,Estimación adecuada
San Lorenzo,2015-2019,1,77.43176974248165,78.00778125733557,76.84370012358247,79.24916566097161,Estimación adecuada
San Lorenzo,2015-2019,2,85.92248006512409,85.40610071651369,84.0768067623516,86.82364683186314,Estimación adecuada
San Lorenzo,2020-2024,1,77.62523479934367,77.76457846810527,76.73022796003929,78.96084867557646,Estimación adecuada
San Lorenzo,2020-2024,2,84.55625634680975,84.34524101699449,83.20657738832898,85.52990053445666,Estimación adecuada
San Sebastian,1980-1984,1,73.33683627750408,72.76486072179121,71.87336054940609,73.75688036797258,Estimación adecuada
San Sebastian,1980-1984,2,77.39216900594447,77.7052933525663,76.66535963566886,78.85799116473831,Estimación adecuada
San Sebastian,1985-1989,1,71.54106439345284,71.7497657509985,70.80360754145958,72.60643502428589,Estimación adecuada
San Sebastian,1985-1989,2,78.32567842249966,78.38987915083916,77.42246295618104,79.38361770396503,Estimación adecuada
San Sebastian,1990-1994,1,72.72006609308197,72.27778357009086,71.36721602112247,73.13713517978714,Estimación adecuada
San Sebastian,1990-1994,2,78.61121244043503,78.69679875893566,77.74308939808589,79.67780984066381,Estimación adecuada
San Sebastian,1995-1999,1,73.29080325081594,72.85296646274597,72.03243603116223,73.65521162064601,Estimación adecuada
San Sebastian,1995-1999,2,79.73176179097116,79.39268829826514,78.49961087391151,80.35233433239125,Estimación adecuada
San Sebastian,2000-2004,1,74.89792147656362,74.5012606058744,73.69128329892143,75.3493248033263,Estimación adecuada
San Sebastian,2000-2004,2,80.32263567678552,80.24461573921863,79.39160544331146,81.17273154242918,Estimación adecuada
San Sebastian,2005-2009,1,76.73740203137386,76.00105209438229,75.138025123338,76.89419264339465,Estimación adecuada
San Sebastian,2005-2009,2,81.1692904566309,81.06705996709346,80.1749783235804,82.01110016232118,Estimación adecuada
San Sebastian,2010-2014,1,76.69546237928682,76.37357309665862,75.54444331157625,77.31503849320288,Estimación adecuada
San Sebastian,2010-2014,2,83.16134686711862,82.96716831784533,81.95505672807812,84.05496813075024,Estimación adecuada
San Sebastian,2015-2019,1,79.1178099470019,78.45681651277235,77.53280632761219,79.3978533322275,Estimación adecuada
San Sebastian,2015-2019,2,84.22340952689646,83.98172684018772,83.02053862124532,85.0209498699108,Estimación adecuada
San Sebastian,2020-2024,1,78.24142492610734,77.80764525458929,76.962767908079,78.62024196314468,Estimación adecuada
San Sebastian,2020-2024,2,84.23065748606743,84.28022724764467,83.3123956846714,85.42470774470095,Estimación adecuada
Santa Isabel,1980-1984,1,69.7275677276356,69.359870563556,68.3242882371555,70.54909986461165,Estimación adecuada
Santa Isabel,1980-1984,2,77.7763438904047,77.25598038150935,75.94845416097618,78.65725514645354,Estimación adecuada
Santa Isabel,1985-1989,1,69.23817247335977,69.63991362404879,68.46355286269538,70.80584895437259,Estimación adecuada
Santa Isabel,1985-1989,2,76.67908928126376,76.67544734130189,75.40197438610659,77.99364326166898,Estimación adecuada
Santa Isabel,1990-1994,1,66.65679986192234,68.17469192375023,66.91425089666546,69.42159292222702,> e0 observado
Santa Isabel,1990-1994,2,76.1627447017844,76.89812350905325,75.62653575905698,78.2321875955334,Estimación adecuada
Santa Isabel,1995-1999,1,68.83610956762453,69.30848321591867,68.14833027048097,70.41540889319903,Estimación adecuada
Santa Isabel,1995-1999,2,77.73152078827611,77.50177426095736,76.33369282483264,78.80458599222796,Estimación adecuada
Santa Isabel,2000-2004,1,69.45419232564782,70.83799200893459,69.74658678605307,72.04287544957059,> e0 observado
Santa Isabel,2000-2004,2,79.11209035669054,79.17414155772053,77.98092081675144,80.33805109265407,Estimación adecuada
Santa Isabel,2005-2009,1,72.31479005793592,72.647450126418,71.55959292947873,73.74931301002536,Estimación adecuada
Santa Isabel,2005-2009,2,81.59418713189359,81.31946235739389,79.85486791758049,82.92272112842372,Estimación adecuada
Santa Isabel,2010-2014,1,74.62174299181575,75.05184560754208,73.81213870536695,76.35509772318602,Estimación adecuada
Santa Isabel,2010-2014,2,81.81631250475374,81.35515324802594,80.22688375064892,82.6817235573473,Estimación adecuada
Santa Isabel,2015-2019,1,75.10553816345772,75.33201632944018,74.1610803992106,76.57511175049481,Estimación adecuada
Santa Isabel,2015-2019,2,85.04929628842375,83.84627617247143,82.46423260700016,85.25728093330748,Estimación adecuada
Santa Isabel,2020-2024,1,74.53124138847393,75.05673937774534,73.99974721191207,76.19312771169531,Estimación adecuada
Santa Isabel,2020-2024,2,83.31177822878875,83.05495149609916,81.71133156518394,84.46847685907468,Estimación adecuada
Toa Alta,1980-1984,1,74.8830856005072,74.22509469274178,72.90372071471398,75.55285161182312,Estimación adecuada
Toa Alta,1980-1984,2,77.90618677933547,78.7556840499679,77.55745413890425,80.08193428577279,Estimación adecuada
Toa Alta,1985-1989,1,72.95726224514657,72.9204360976467,71.81274539967986,74.13755447298672,Estimación adecuada
Toa Alta,1985-1989,2,81.13925929884047,80.78928924788485,79.50958281766313,82.448985439136,Estimación adecuada
Toa Alta,1990-1994,1,73.42887184415189,73.29764223956046,72.2118325109489,74.32672298261251,Estimación adecuada
Toa Alta,1990-1994,2,79.53507742661205,79.84507725999617,78.6902924224244,81.23294498187018,Estimación adecuada
Toa Alta,1995-1999,1,73.12825061550112,73.07278180977356,72.17459509513901,73.9387854072721,Estimación adecuada
Toa Alta,1995-1999,2,80.88771225273739,80.74798367256739,79.74722076910963,81.78218570311282,Estimación adecuada
Toa Alta,2000-2004,1,75.20122641401855,75.14140547262241,74.27611085555877,75.98761498971984,Estimación adecuada
Toa Alta,2000-2004,2,81.33505965208538,81.62029297803147,80.66020704738864,82.6806119913747,Estimación adecuada
Toa Alta,2005-2009,1,77.25808536131703,77.11732345097353,76.24082711723628,78.1580832202305,Estimación adecuada
Toa Alta,2005-2009,2,83.45975745150935,83.42592894204066,82.38383903632116,84.74474897305214,Estimación adecuada
Toa Alta,2010-2014,1,77.617438844306065,77.697642238006,76.8426654396144,78.54373264846552,Estimación adecuada
Toa Alta,2010-2014,2,84.59193836320182,84.32028448373346,83.31800323389136,85.43791134004114,Estimación adecuada
Toa Alta,2015-2019,1,79.44012262836311,79.43196863624648,78.47102023504534,80.35140497729799,Estimación adecuada
Toa Alta,2015-2019,2,84.21287299648571,84.39801582861833,83.49188548839128,85.35492803232364,Estimación adecuada
Toa Alta,2020-2024,1,79.32715713141147,79.19329771597415,78.25977524227858,80.18628727218172,Estimación adecuada
Toa Alta,2020-2024,2,85.92609855770323,85.44542947798931,84.53970299304468,86.54079538464259,Estimación adecuada
Toa Baja,1980-1984,1,72.82833976912103,72.52089820228656,71.65550756604264,73.48714620582314,Estimación adecuada
Toa Baja,1980-1984,2,79.03893803233984,78.64506875976,77.73651835019784,79.73870098656145,Estimación adecuada
Toa Baja,1985-1989,1,71.09171108702432,71.187879783801,70.3842733109421,71.931282271098,Estimación adecuada
Toa Baja,1985-1989,2,79.17713173148333,78.95411963672348,78.0290435063714,79.82140332981042,Estimación adecuada
Toa Baja,1990-1994,1,69.55070432606276,70.00903187302927,69.25881700987728,70.72794281224752,Estimación adecuada
Toa Baja,1990-1994,2,78.53439715581091,78.36585083489621,77.62426160943534,79.08877631830728,Estimación adecuada
Toa Baja,1995-1999,1,71.02389397781576,71.25582286430469,70.4779641412553,71.9812158551912,Estimación adecuada
Toa Baja,1995-1999,2,80.35817914633549,79.84634867416004,79.11707378669408,80.64027885119151,Estimación adecuada
Toa Baja,2000-2004,1,73.3130761935651,73.5094402060628,72.82529798121381,74.22965789489827,Estimación adecuada
Toa Baja,2000-2004,2,81.24641875534006,81.01225474706159,80.19124940814837,81.79080706876054,Estimación adecuada
Toa Baja,2005-2009,1,73.9336800218148,74.12526433908526,73.377221580239,74.83780632116856,Estimación adecuada
Toa Baja,2005-2009,2,81.2918522418654,81.23064303806143,80.50534953760955,82.01356729957843,Estimación adecuada
Toa Baja,2010-2014,1,75.63234922554784,75.75439799325005,74.99876638380485,76.55995693010884,Estimación adecuada
Toa Baja,2010-2014,2,83.19276198853512,82.97240863794477,82.19339065393333,83.77879528739548,Estimación adecuada
Toa Baja,2015-2019,1,77.0796431176242,77.17571378538003,76.4105450990782,78.01210731311947,Estimación adecuada
Toa Baja,2015-2019,2,85.28768156374481,85.10835879622246,84.1660448114067,86.06134697850813,Estimación adecuada
Toa Baja,2020-2024,1,76.06866784040614,76.28416317263526,75.50610290626561,77.09819512249246,Estimación adecuada
Toa Baja,2020-2024,2,84.82502560819063,84.7468348692149,83.87530832468674,85.74922490896203,Estimación adecuada
Trujillo Alto,1980-1984,1,73.8807661516517,73.80242868123199,72.75491550165452,74.9268177752496,Estimación adecuada
Trujillo Alto,1980-1984,2,80.45848591811597,80.10181973152625,78.96454915211982,81.3339747660652,Estimación adecuada
Trujillo Alto,1985-1989,1,72.91759611684925,73.06068269756261,72.13261913131635,73.98013426447291,Estimación adecuada
Trujillo Alto,1985-1989,2,81.01563083839561,80.60079698192106,79.4902907951214,81.79646633022298,Estimación adecuada
Trujillo Alto,1990-1994,1,72.6023641348921,72.78307282076608,71.90668340074824,73.72577755020585,Estimación adecuada
Trujillo Alto,1990-1994,2,79.85175886432305,79.84176188535778,78.91484135122583,80.8771965337808,Estimación adecuada
Trujillo Alto,1995-1999,1,72.41162116159781,72.73603394443127,71.9283095842618,73.55209978009847,Estimación adecuada
Trujillo Alto,1995-1999,2,81.19162622930031,80.79874581847338,79.89169357863024,81.86279121881944,Estimación adecuada
Trujillo Alto,2000-2004,1,74.68446388601943,74.9011758678714,74.17966340737587,75.71716695961692,Estimación adecuada
Trujillo Alto,2000-2004,2,83.41194987282269,83.23201931491965,82.16316145395199,84.40860232880841,Estimación adecuada
Trujillo Alto,2005-2009,1,75.81610434260868,75.9727828519668,75.13370675959895,76.82060138000931,Estimación adecuada
Trujillo Alto,2005-2009,2,83.84316698522537,83.52931631181517,82.61543033402964,84.5347566327358,Estimación adecuada
Trujillo Alto,2010-2014,1,77.88979650864401,77.89326106966469,77.06704385378775,78.77140657184542,Estimación adecuada
Trujillo Alto,2010-2014,2,85.28937280458358,84.9972380331381,84.02047268135303,86.05655904320463,Estimación adecuada
Trujillo Alto,2015-2019,1,79.53728233113502,79.48592425135055,78.60001405859077,80.47517122887912,Estimación adecuada
Trujillo Alto,2015-2019,2,86.3543330403018,86.26935502883418,85.22958185960707,87.48691120819758,Estimación adecuada
Trujillo Alto,2020-2024,1,78.39208683519212,78.57821385348153,77.73816380854939,79.44133624156473,Estimación adecuada
Trujillo Alto,2020-2024,2,86.16954614436371,85.78243480240315,84.90871107608213,86.85553561434878,Estimación adecuada
Utuado,1980-1984,1,72.77455758364391,72.80226060972464,71.7469122108166,73.76918927817566,Estimación adecuada
Utuado,1980-1984,2,78.22725510627389,78.26726887907174,77.19594465023549,79.2681951128652,Estimación adecuada
Utuado,1985-1989,1,72.49241351300115,72.42174315439176,71.44547852093206,73.30177424300955,Estimación adecuada
Utuado,1985-1989,2,78.55971933281445,78.49968955828305,77.58748933604959,79.51590368718888,Estimación adecuada
Utuado,1990-1994,1,73.58027996114916,72.96069248840698,72.02025658996827,73.88680297344526,Estimación adecuada
Utuado,1990-1994,2,79.15999314000904,78.90489216890978,77.9399413846252,79.91442130995279,Estimación adecuada
Utuado,1995-1999,1,73.56681994998524,72.77004516160116,71.87588443101662,73.71999947167681,Estimación adecuada
Utuado,1995-1999,2,79.75811291705193,79.41434972871244,78.28603122301152,80.41572817301773,Estimación adecuada
Utuado,2000-2004,1,75.66609210920785,74.79863450123514,73.91134737790345,75.78209201338565,Estimación adecuada
Utuado,2000-2004,2,80.85296661933371,81.05735772024872,80.00921330596015,82.2445652097337,Estimación adecuada
Utuado,2005-2009,1,74.96306439444312,74.9713137114243,74.08509391222532,75.96051558411652,Estimación adecuada
Utuado,2005-2009,2,81.95177865789455,82.12320975778553,80.91422330247961,83.36352940350149,Estimación adecuada
Utuado,2010-2014,1,76.45438665507136,75.96424615231135,75.06571243860758,76.87122522295873,Estimación adecuada
Utuado,2010-2014,2,83.96232047500072,83.53511212196155,82.31001095909265,84.975995440980725,Estimación adecuada
Utuado,2015-2019,1,79.0189703608258,78.8992810364622,77.68951037060302,80.01469561873031,Estimación adecuada
Utuado,2015-2019,2,85.5118737413184,85.19106068483899,83.92055825570836,86.55324474407253,Estimación adecuada
Utuado,2020-2024,1,80.22889535833663,79.1724255278908,78.01626366941426,80.38265747940919,Estimación adecuada
Utuado,2020-2024,2,86.24989014279643,85.44136639597573,84.04974641524883,86.87643915704469,Estimación adecuada
Vega Alta,1980-1984,1,73.54933326191107,73.06812164145178,71.88197486756431,74.22270563281016,Estimación adecuada
Vega Alta,1980-1984,2,78.25469326095431,78.4892400401256,77.15420088476992,80.1580664852902,Estimación adecuada
Vega Alta,1985-1989,1,72.05535344696615,72.30852642933479,71.27242453202909,73.32530605975292,Estimación adecuada
Vega Alta,1985-1989,2,78.15985935324002,78.31134546105243,77.21499088063271,79.42935569555559,Estimación adecuada
Vega Alta,1990-1994,1,70.24052329679134,70.81300241606385,69.79993040563912,71.88581087258736,Estimación adecuada
Vega Alta,1990-1994,2,79.51462054686016,79.44668167633273,78.34365068319083,80.65920819358703,Estimación adecuada
Vega Alta,1995-1999,1,71.54816531304111,71.8566898742169,70.9818364146557,72.78504736487422,Estimación adecuada
Vega Alta,1995-1999,2,79.34051049480365,79.42231435169361,78.38136850392046,80.57041945689934,Estimación adecuada
Vega Alta,2000-2004,1,74.10875011525926,74.17565965476851,73.03990492842883,75.27417121824597,Estimación adecuada
Vega Alta,2000-2004,2,81.98636550598057,81.70380749802982,80.47967868689152,83.00862608064084,Estimación adecuada
Vega Alta,2005-2009,1,74.49742104581102,74.79794496334827,73.78950183168593,75.99769199919113,Estimación adecuada
Vega Alta,2005-2009,2,82.79578771576239,82.36342837857,81.29650502028939,83.55585990685407,Estimación adecuada
Vega Alta,2010-2014,1,76.95585105473053,76.75067181299185,75.77069867562462,77.8002463897671,Estimación adecuada
Vega Alta,2010-2014,2,84.70771205138385,84.18799827393096,82.97160719777548,85.6369259827823,Estimación adecuada
Vega Alta,2015-2019,1,79.09002086085074,78.65699169050492,77.64799124772449,79.76867015586949,Estimación adecuada
Vega Alta,2015-2019,2,84.78023321458953,84.7192204048726,83.66877244089436,86.04604755764659,Estimación adecuada
Vega Alta,2020-2024,1,79.13203080104806,78.84469498963072,77.7291526973508,80.03075348034068,Estimación adecuada
Vega Alta,2020-2024,2,86.55489338482076,85.90394258238646,84.62620324943637,87.32211506127267,Estimación adecuada
Vega Baja,1980-1984,1,72.17472574689376,71.96081838779244,71.01215335848664,72.91065435834732,Estimación adecuada
Vega Baja,1980-1984,2,77.4559969407079,77.22006065881828,76.27398159556185,78.1840069706035,Estimación adecuada
Vega Baja,1985-1989,1,71.32919645334727,71.341300201797,70.42502550980349,72.20720955356062,Estimación adecuada
Vega Baja,1985-1989,2,78.37255208308184,78.32056794870033,77.4156666401481,79.29487267850219,Estimación adecuada
Vega Baja,1990-1994,1,69.34239102427848,69.67345549981326,68.8485157092712,70.53285335428195,Estimación adecuada
Vega Baja,1990-1994,2,79.817128530258,79.49226701483167,78.42264110745145,80.5046547937048,Estimación adecuada
Vega Baja,1995-1999,1,69.80129928554581,70.1450207405116,69.36898307622408,70.90382439932488,Estimación adecuada
Vega Baja,1995-1999,2,78.73855584436625,78.48016639861291,77.73709123738276,79.33267604226077,Estimación adecuada
Vega Baja,2000-2004,1,71.71281396652603,72.0240665395911,71.29964162734132,72.7878944919788,Estimación adecuada
Vega Baja,2000-2004,2,80.83940501884719,80.35463088390611,79.4998666653281,81.2593500676443,Estimación adecuada
Vega Baja,2005-2009,1,73.49107576558887,73.74467170768617,72.95899163881617,74.57081818643069,Estimación adecuada
Vega Baja,2005-2009,2,81.56225378359265,81.31513757990885,80.49067731629435,82.2044990770944,Estimación adecuada
Vega Baja,2010-2014,1,75.67293352681041,75.64847305956883,74.88307541265664,76.5161102080318,Estimación adecuada
Vega Baja,2010-2014,2,82.83225536608914,82.47585217666142,81.68802000696915,83.38719116626818,Estimación adecuada
Vega Baja,2015-2019,1,77.17186219895375,76.98289025651347,76.10180361358952,77.8154113391936,Estimación adecuada
Vega Baja,2015-2019,2,85.55300741129905,85.11946879247836,84.16344453955844,86.32911541646723,Estimación adecuada
Vega Baja,2020-2024,1,76.1343018706242,76.62824608539856,75.67923400500588,77.5546184886291,Estimación adecuada
Vega Baja,2020-2024,2,85.01178406884422,84.39464673235501,83.45556225708854,85.37808278818714,Estimación adecuada
Vieques,1980-1984,1,68.44199950691872,69.36150887593381,67.80231213013985,70.76178160367178,Estimación adecuada
Vieques,1980-1984,2,79.82881030409467,77.33787119477925,75.77164761589133,79.19541744110066,< e0 observado
Vieques,1985-1989,1,68.91887213110078,69.20327970539725,67.76617598485919,70.57236016738591,Estimación adecuada
Vieques,1985-1989,2,76.64055553721266,77.09715862454959,75.56626433896662,78.82025179891777,Estimación adecuada
Vieques,1990-1994,1,70.56388701195755,69.79502258150896,68.41255711068355,71.24329848636806,Estimación adecuada
Vieques,1990-1994,2,75.61141239304688,76.71215095766875,75.32008367688495,78.2237197202361,Estimación adecuada
Vieques,1995-1999,1,67.1661520645474,68.78822268196703,67.36760896546485,70.10200287014595,> e0 observado
Vieques,1995-1999,2,77.66760098100364,78.05272739451857,76.660850200529,79.64021949721521,Estimación adecuada
Vieques,2000-2004,1,71.06219249587082,71.588498594139,70.22648806268224,72.99090569898476,Estimación adecuada
Vieques,2000-2004,2,79.94564055883934,79.86177544304293,78.32515973986496,81.52045064071763,Estimación adecuada
Vieques,2005-2009,1,71.86562241202773,72.76466544812354,71.28579418760992,74.21970850937618,Estimación adecuada
Vieques,2005-2009,2,82.1662176624026,81.32664643148217,79.5937687008139,83.18655771679609,Estimación adecuada
Vieques,2010-2014,1,72.38693885614644,74.55502843760001,73.1326305358026,76.05620122257803,> e0 observado
Vieques,2010-2014,2,82.20083674525317,82.21536967362846,80.44497756665298,84.31122406165231,Estimación adecuada
Vieques,2015-2019,1,75.48771486205818,76.19975810782468,74.50226651225576,78.23383376814229,Estimación adecuada
Vieques,2015-2019,2,85.60400958844578,84.07662994489709,82.17880177096106,86.43671338921233,Estimación adecuada
Vieques,2020-2024,1,70.30670126441383,75.11717415578393,73.72263696871642,76.84657883210308,> e0 observado
Vieques,2020-2024,2,82.77316856062777,82.65104900120159,81.02107674855922,84.48254006043699,Estimación adecuada
Villalba,1980-1984,1,71.31481633801816,71.67071923395832,70.5065720266272,72.82911267660889,Estimación adecuada
Villalba,1980-1984,2,77.35744616187003,78.20718309137033,76.80987120569712,79.72366416644152,Estimación adecuada
Villalba,1985-1989,1,70.6812298941124,71.16063870902815,70.05111513685756,72.2645954506136,Estimación adecuada
Villalba,1985-1989,2,78.13907330956457,78.37876595377726,77.08475060798852,79.82834225471933,Estimación adecuada
Villalba,1990-1994,1,72.3498469286644,71.6348587568396,70.59272013426332,72.70877672614267,Estimación adecuada
Villalba,1990-1994,2,79.32972359168376,78.97404021439016,77.73576822143674,80.32657756894083,Estimación adecuada
Villalba,1995-1999,1,74.12665072351581,72.84318820809968,71.75986664329939,73.92756793332076,< e0 observado
Villalba,1995-1999,2,79.94095261032773,79.68982252224181,78.41854651341353,81.09040605636406,Estimación adecuada
Villalba,2000-2004,1,75.24588138203707,74.74329991202494,73.66981192041497,75.82859203644212,Estimación adecuada
Villalba,2000-2004,2,81.24189158745828,80.8321555163931,79.59283013766624,82.29192372967448,Estimación adecuada
Villalba,2005-2009,1,75.22194783512565,75.1577395810686,73.84160786968803,76.36124301767366,Estimación adecuada
Villalba,2005-2009,2,82.367985821704,82.24607843088035,80.83625323932164,83.76261271902622,Estimación adecuada
Villalba,2010-2014,1,77.8383761040004,76.83014932067107,75.63103569584204,78.14694947244041,Estimación adecuada
Villalba,2010-2014,2,82.38109633625453,82.74294732982942,81.4259947408673,84.12709071838864,Estimación adecuada
Villalba,2015-2019,1,77.83504649286682,77.59161680678216,76.39441449901418,78.79082808633055,Estimación adecuada
Villalba,2015-2019,2,84.05820533092681,84.1877508795859,82.82381781927685,85.7596143701024,Estimación adecuada
Villalba,2020-2024,1,77.24232552482839,77.18163554141296,76.02394883032746,78.4476787851717,Estimación adecuada
Villalba,2020-2024,2,85.36972299365041,85.45750063504445,84.05847049745141,87.27430579707541,Estimación adecuada
Yabucoa,1980-1984,1,71.13885114874819,71.31565396185596,70.18933289898114,72.39985059589554,Estimación adecuada
Yabucoa,1980-1984,2,77.69784172893796,77.76219741914247,76.69884517324144,78.82155785914398,Estimación adecuada
Yabucoa,1985-1989,1,71.6497165141789,71.7621351769516,70.71701439660484,72.80714175275854,Estimación adecuada
Yabucoa,1985-1989,2,78.71247157491743,78.49122380467253,77.41219436923394,79.66572913141529,Estimación adecuada
Yabucoa,1990-1994,1,72.18368470754862,71.89839644115663,70.84218058452728,72.81489654691283,Estimación adecuada
Yabucoa,1990-1994,2,78.65582186258791,78.54291739569635,77.5351987162205,79.69147893707098,Estimación adecuada
Yabucoa,1995-1999,1,70.61759581589234,70.98218281851399,70.02693786044708,71.83079082278853,Estimación adecuada
Yabucoa,1995-1999,2,79.25053941807832,79.09776627547913,78.1269311944053,80.12532786754322,Estimación adecuada
Yabucoa,2000-2004,1,74.67500524731325,74.38508878522846,73.37236181113464,75.46592381984568,Estimación adecuada
Yabucoa,2000-2004,2,81.74191284227646,81.52338866172082,80.36696535251967,82.8200653991033,Estimación adecuada
Yabucoa,2005-2009,1,74.52109913218256,74.74666823379167,73.77488854770264,75.70151838791183,Estimación adecuada
Yabucoa,2005-2009,2,83.07308125246723,82.83718018800843,81.71650843752172,84.23434713745421,Estimación adecuada
Yabucoa,2010-2014,1,75.57434879024864,76.07547841452197,75.16974342881048,77.07159750449325,Estimación adecuada
Yabucoa,2010-2014,2,82.0382545268585,82.46174410213261,81.38262101434492,83.55674451106881,Estimación adecuada
Yabucoa,2015-2019,1,77.58753133123862,78.11947900812584,77.06794576525212,79.18834909378457,Estimación adecuada
Yabucoa,2015-2019,2,86.1265699532434,85.61502366080587,84.29930113676672,87.1778032775677,Estimación adecuada
Yabucoa,2020-2024,1,75.78194920338815,77.18810477906852,76.09123376900412,78.11146700590282,> e0 observado
Yabucoa,2020-2024,2,85.25611674355481,84.78622724076455,83.73417663988154,86.06561614680524,Estimación adecuada
Yauco,1980-1984,1,71.51456720078431,71.10914726332946,70.17158122741807,72.04665422257776,Estimación adecuada
Yauco,1980-1984,2,77.4589640282646,77.43781247408519,76.39490896023213,78.50017907735213,Estimación adecuada
Yauco,1985-1989,1,69.95040254168732,70.12606712625215,69.20594956237723,71.06907703304839,Estimación adecuada
Yauco,1985-1989,2,77.60208552265917,77.41897107570435,76.40729577308157,78.48319515654907,Estimación adecuada
Yauco,1990-1994,1,71.7335324052013,71.3131745893215,70.36888399953776,72.15700124164267,Estimación adecuada
Yauco,1990-1994,2,78.49054698828598,78.23035527392656,77.33558974595968,79.21456247686912,Estimación adecuada
Yauco,1995-1999,1,72.03051290197796,71.60960187424985,70.72165110679724,72.49162972772275,Estimación adecuada
Yauco,1995-1999,2,79.29391771380651,78.77869788318016,77.85495285026936,79.76879179943468,Estimación adecuada
Yauco,2000-2004,1,72.97803149863371,73.05688481703821,72.07963769313113,73.8723301407462,Estimación adecuada
Yauco,2000-2004,2,79.24854846213276,79.32478647867622,78.40700039574834,80.31170887299746,Estimación adecuada
Yauco,2005-2009,1,73.24138587908658,73.52906129183353,72.65543687490828,74.47294585288493,Estimación adecuada
Yauco,2005-2009,2,80.5594161821005,80.61452959744554,79.65613449573763,81.63341344365114,Estimación adecuada
Yauco,2010-2014,1,75.57887719653512,75.54207370721306,74.61179494195615,76.48302293587844,Estimación adecuada
Yauco,2010-2014,2,81.76032266455593,81.89181689315673,81.06070809295737,82.84521615981271,Estimación adecuada
Yauco,2015-2019,1,77.43223226793361,77.27385036753462,76.19093738120633,78.29774321963004,Estimación adecuada
Yauco,2015-2019,2,82.51620418595085,83.2047377989268,82.17333447078023,84.26627905927013,Estimación adecuada
Yauco,2020-2024,1,75.94482006846164,76.34448621872355,75.41715431075004,77.35561247504111,Estimación adecuada
Yauco,2020-2024,2,83.86986937855978,83.32111346872075,82.34691176802848,84.30578763458969,Estimación adecuada
