region,period,sex,e0_observado,e0_estimado,e0_lower,e0_upper,est_eval
Adjuntas,1980-1984,1,72.54189508802463,72.25250760511875,70.96899061121196,73.29943547877342,Estimación adecuada
Adjuntas,1980-1984,2,78.96516925394144,78.90456930945516,77.61765837808791,80.23035178301828,Estimación adecuada
Adjuntas,1985-1989,1,70.84999061728885,71.54831537172356,70.5833520521565,72.71499435097,Estimación adecuada
Adjuntas,1985-1989,2,78.97855761762072,78.9809893017714,77.76751025179948,80.13080925135124,Estimación adecuada
Adjuntas,1990-1994,1,71.49310954038985,71.47521636640076,70.36146403920195,72.4648796567489,Estimación adecuada
Adjuntas,1990-1994,2,77.88047658335911,78.5025300132676,77.3076747100132,79.42298447778568,Estimación adecuada
Adjuntas,1995-1999,1,71.91080703113897,72.06043978913502,71.14016464385148,73.44925151051177,Estimación adecuada
Adjuntas,1995-1999,2,78.53770419818306,78.75268116215267,77.91985024510603,79.92678596659448,Estimación adecuada
Adjuntas,2000-2004,1,74.0807006063416,73.81333383961902,72.67332772457578,74.94731523131381,Estimación adecuada
Adjuntas,2000-2004,2,79.50851081175084,79.99867676503484,78.77081797796698,81.25754038989228,Estimación adecuada
Adjuntas,2005-2009,1,77.13413877724005,75.87456065584877,74.789666804006,77.12935353982019,< e0 observado
Adjuntas,2005-2009,2,82.23262377887984,82.22981582879476,80.97942195899483,83.6670624636786,Estimación adecuada
Adjuntas,2010-2014,1,78.0170892039493,76.92990532473662,75.72778349737654,78.0677406665962,Estimación adecuada
Adjuntas,2010-2014,2,84.37542750420445,83.62863524304578,82.50832425946695,85.39986633510668,Estimación adecuada
Adjuntas,2015-2019,1,80.07122326396828,79.34234842103209,78.27404783626798,81.05022378052999,Estimación adecuada
Adjuntas,2015-2019,2,84.75780508868199,84.96317251190717,83.29921295594187,86.6674228309038,Estimación adecuada
Adjuntas,2020-2024,1,80.09050176489524,79.05909616803403,77.95273301043112,80.76420915298927,Estimación adecuada
Adjuntas,2020-2024,2,87.03883394524668,86.16052650359129,84.83234222574791,88.09763136645674,Estimación adecuada
Aguada,1980-1984,1,73.2175687853255,72.93546132491323,71.85260854632953,74.16183768340423,Estimación adecuada
Aguada,1980-1984,2,76.66307974738103,77.57345378584779,76.42459351214097,78.74412563225894,Estimación adecuada
Aguada,1985-1989,1,73.21396709192831,73.05241282500899,72.22841999595695,73.97409078156113,Estimación adecuada
Aguada,1985-1989,2,77.70261010174512,77.98158229801643,77.04548240021245,79.20359228168256,Estimación adecuada
Aguada,1990-1994,1,73.47166304966473,72.85662100651584,72.0742239753497,74.0101033043039,Estimación adecuada
Aguada,1990-1994,2,79.56472305278581,79.33770809338418,78.42035474634301,80.5620845015649,Estimación adecuada
Aguada,1995-1999,1,72.96139718811193,72.54761712348123,71.5128313881291,73.5731092258792,Estimación adecuada
Aguada,1995-1999,2,78.42598214583917,78.61238354686873,77.6581618633518,79.46588781350329,Estimación adecuada
Aguada,2000-2004,1,75.7731265619719,75.16816563371069,74.34501070318794,76.09773166553116,Estimación adecuada
Aguada,2000-2004,2,80.35987918975404,80.52767754233219,79.48835757638105,81.35445832608193,Estimación adecuada
Aguada,2005-2009,1,77.6139364553716,76.80935972682258,75.75834394569439,77.67571194822071,Estimación adecuada
Aguada,2005-2009,2,81.487501570255,81.39635090263175,80.38341384184783,82.38645872108066,Estimación adecuada
Aguada,2010-2014,1,77.3081065450094,76.98021645821925,75.99291982870812,77.9389324332518,Estimación adecuada
Aguada,2010-2014,2,83.93649978812951,83.42940034547098,82.34097036350096,84.40047785536974,Estimación adecuada
Aguada,2015-2019,1,80.17632385200217,79.18990813001341,78.20218281113202,80.18708240504347,Estimación adecuada
Aguada,2015-2019,2,84.88514363026218,84.65350502345112,83.59950367834232,85.72894985956992,Estimación adecuada
Aguada,2020-2024,1,78.78968559483442,78.10737024122383,77.15995202984277,79.04984339764303,Estimación adecuada
Aguada,2020-2024,2,83.87729580688905,84.02053353869681,82.86426951029583,85.0479348496331,Estimación adecuada
Aguadilla,1980-1984,1,71.00678071372081,71.11405176677397,70.15865797437593,71.95558481574244,Estimación adecuada
Aguadilla,1980-1984,2,77.48535658677463,77.13998482041771,76.38780267474147,78.00365732237054,Estimación adecuada
Aguadilla,1985-1989,1,70.58561267446154,70.73159922864505,69.93127503337513,71.57778588977969,Estimación adecuada
Aguadilla,1985-1989,2,77.65780206154783,77.54408000581466,76.86192822896334,78.4009072206895,Estimación adecuada
Aguadilla,1990-1994,1,70.88482346377512,70.7776491595732,70.05744458313964,71.57183363613008,Estimación adecuada
Aguadilla,1990-1994,2,77.99785568547416,77.80093272571665,77.09149487979323,78.51938803087421,Estimación adecuada
Aguadilla,1995-1999,1,70.78010378855268,70.67375092618889,70.02829938493568,71.44516087071582,Estimación adecuada
Aguadilla,1995-1999,2,78.16686736979354,77.9501643680683,77.28610821828616,78.70007870501547,Estimación adecuada
Aguadilla,2000-2004,1,73.78276571753028,73.26136186504473,72.6305483956128,74.09209244991365,Estimación adecuada
Aguadilla,2000-2004,2,80.45198774138778,79.99709764787931,79.29281147786739,80.66397995175836,Estimación adecuada
Aguadilla,2005-2009,1,74.34368140644376,74.06431889510174,73.3358968324402,74.84318792352279,Estimación adecuada
Aguadilla,2005-2009,2,81.18616231865005,80.72703378781425,79.86279687774253,81.38161181241415,Estimación adecuada
Aguadilla,2010-2014,1,76.10575530196566,75.64349287594712,74.82738951621181,76.34351195002876,Estimación adecuada
Aguadilla,2010-2014,2,81.66758711742574,81.56642070987212,80.91659081737625,82.48742894884157,Estimación adecuada
Aguadilla,2015-2019,1,77.5014617746831,76.89600800830556,76.11247700418798,77.67960754772477,Estimación adecuada
Aguadilla,2015-2019,2,82.99395073109925,83.4702633958075,82.56693015153348,84.531480930939,Estimación adecuada
Aguadilla,2020-2024,1,76.52156602867669,76.43622615327575,75.72657704434917,77.22687956432523,Estimación adecuada
Aguadilla,2020-2024,2,83.20736033493193,83.2556505869377,82.52588537475299,84.19419972087297,Estimación adecuada
Aguas Buenas,1980-1984,1,70.9060601893331,71.45296480899049,70.45895307158295,72.76708342178824,Estimación adecuada
Aguas Buenas,1980-1984,2,79.20230439846388,78.78421651683351,77.44080054980387,80.56004446611479,Estimación adecuada
Aguas Buenas,1985-1989,1,71.73217429810381,72.06088870104958,70.86316410646293,73.08575658873582,Estimación adecuada
Aguas Buenas,1985-1989,2,78.66666240443578,78.91424368173762,77.48579090705506,80.38849632211728,Estimación adecuada
Aguas Buenas,1990-1994,1,71.9040754109389,71.81163209050129,70.81289426083588,73.04018692651721,Estimación adecuada
Aguas Buenas,1990-1994,2,82.01930667891538,80.65074273725246,79.19927093774115,82.34542943107058,Estimación adecuada
Aguas Buenas,1995-1999,1,72.03242058667273,72.14183216249549,71.02996326083014,73.12446354652045,Estimación adecuada
Aguas Buenas,1995-1999,2,79.29741471606215,79.26860226862074,78.21685683501289,80.47783921958302,Estimación adecuada
Aguas Buenas,2000-2004,1,74.50847723417229,74.42693147084913,73.66497569316516,75.60788298560928,Estimación adecuada
Aguas Buenas,2000-2004,2,81.53307661620572,81.47615713569147,80.42734385921,82.67199563742282,Estimación adecuada
Aguas Buenas,2005-2009,1,74.76751879253902,75.13428357421887,74.13632810377663,76.36983156881423,Estimación adecuada
Aguas Buenas,2005-2009,2,83.74825554704383,83.475314527998,81.94954309989569,85.11638984155488,Estimación adecuada
Aguas Buenas,2010-2014,1,77.07874986678003,77.47100114793433,76.171735963673,78.78262848028712,Estimación adecuada
Aguas Buenas,2010-2014,2,83.69043751017024,83.81169551409326,82.88056794680332,85.39486463789592,Estimación adecuada
Aguas Buenas,2015-2019,1,77.12363910638715,78.07762765893139,77.02081267559521,79.27028094665263,Estimación adecuada
Aguas Buenas,2015-2019,2,86.87058779798109,86.0777831591833,84.64149424226582,87.63096394025334,Estimación adecuada
Aguas Buenas,2020-2024,1,77.71291412855061,78.12720335504042,76.50826091654156,79.5167594018013,Estimación adecuada
Aguas Buenas,2020-2024,2,86.01372227536957,85.53142886506697,84.2517812984355,87.31888888047285,Estimación adecuada
Aibonito,1980-1984,1,71.20727896829324,71.65166736048309,70.67902851776407,73.12484829880357,Estimación adecuada
Aibonito,1980-1984,2,78.10148160174786,78.35766643110273,76.93794987348022,79.62836194995637,Estimación adecuada
Aibonito,1985-1989,1,70.93804632594708,71.42772823735467,70.19196663653564,72.5597971998252,Estimación adecuada
Aibonito,1985-1989,2,79.48839408130232,79.21658883821041,77.82189738551125,80.76335665919927,Estimación adecuada
Aibonito,1990-1994,1,72.7988506012683,72.35358702012256,71.23912823628638,73.41100493485256,Estimación adecuada
Aibonito,1990-1994,2,79.2040372973333,79.06085077233979,77.96069889377107,80.19050269584554,Estimación adecuada
Aibonito,1995-1999,1,72.77760443633895,72.32115230090326,71.3500192223645,73.20454517527928,Estimación adecuada
Aibonito,1995-1999,2,79.65397963842348,79.48855913712049,78.47164968603082,80.96854549932613,Estimación adecuada
Aibonito,2000-2004,1,74.39460579414155,74.05623193641065,73.22279486381737,75.06140159303102,Estimación adecuada
Aibonito,2000-2004,2,80.67825254541816,80.60658639301377,79.65398669307923,81.73429915506887,Estimación adecuada
Aibonito,2005-2009,1,74.88960349978896,74.93650710297078,73.64223067034595,76.1459561047053,Estimación adecuada
Aibonito,2005-2009,2,81.30587533973025,81.19402036343536,80.14344269040717,82.3613639321826,Estimación adecuada
Aibonito,2010-2014,1,74.15371449624436,75.65071814890155,74.46082186288291,76.906447495745,> e0 observado
Aibonito,2010-2014,2,82.83346667872438,82.87371873936911,81.85416364472549,84.12304327311651,Estimación adecuada
Aibonito,2015-2019,1,77.00855644451337,77.80010317255991,76.78421259261887,78.7161731208798,Estimación adecuada
Aibonito,2015-2019,2,83.92589167839914,84.34375602085757,83.36954525077932,85.80367356924926,Estimación adecuada
Aibonito,2020-2024,1,79.62044145372404,79.06826833424947,77.90457818515424,80.66139131747283,Estimación adecuada
Aibonito,2020-2024,2,85.54801976071055,85.67092481624445,84.48201742587241,86.95964465448752,Estimación adecuada
Anasco,1980-1984,1,72.01460523472085,71.6976220897445,70.24311170002316,73.05225659411019,Estimación adecuada
Anasco,1980-1984,2,76.47877169471658,76.65259231966951,75.57395734826964,77.9241024714504,Estimación adecuada
Anasco,1985-1989,1,71.42888891874672,71.38557997055874,70.29140120116685,72.47370477223555,Estimación adecuada
Anasco,1985-1989,2,76.49626365968555,76.98375663603531,75.9276483226067,78.30272909339854,Estimación adecuada
Anasco,1990-1994,1,70.05228247802772,70.64397296978339,69.718224494481,71.60000043499448,Estimación adecuada
Anasco,1990-1994,2,77.19464732684078,77.44913896939306,76.32923248810408,78.81563825606065,Estimación adecuada
Anasco,1995-1999,1,71.8503650088804,71.38984574238285,70.35093686450732,72.42121156272847,Estimación adecuada
Anasco,1995-1999,2,77.85360337047756,77.99123344183755,76.98458392338688,78.98632706570692,Estimación adecuada
Anasco,2000-2004,1,74.35938543935956,73.9638111114818,72.71774176952536,74.8290095438934,Estimación adecuada
Anasco,2000-2004,2,80.6361937434096,80.28647689208336,79.09732081825237,81.40530261343412,Estimación adecuada
Anasco,2005-2009,1,76.96481061689505,75.87076964881075,74.67996283142922,77.02327210747296,Estimación adecuada
Anasco,2005-2009,2,82.18483587125668,81.71164296783351,80.36485481199847,82.66846255573374,Estimación adecuada
Anasco,2010-2014,1,76.38264162433823,76.0003786666058,74.76279746420447,76.73788230452234,Estimación adecuada
Anasco,2010-2014,2,83.0792504741019,82.78786273393317,81.42148609919371,84.05177211817136,Estimación adecuada
Anasco,2015-2019,1,78.19758272547156,77.59084997163978,76.77245002809536,78.592577485514,Estimación adecuada
Anasco,2015-2019,2,85.54315717152748,84.96353344618154,83.824306551981,86.37718119524615,Estimación adecuada
Anasco,2020-2024,1,77.16064670152906,77.41243498020796,76.30129147985838,78.5336528673198,Estimación adecuada
Anasco,2020-2024,2,83.21756305986028,84.30542606900306,83.12276256988513,85.40272125666016,Estimación adecuada
Arecibo,1980-1984,1,70.94822313738123,70.95321945562992,70.27778482881432,71.57095265833354,Estimación adecuada
Arecibo,1980-1984,2,77.54900544750468,77.24382104616983,76.63948916411216,77.97083164801742,Estimación adecuada
Arecibo,1985-1989,1,70.27186805457086,70.37242172513905,69.73863066763064,71.04888230270721,Estimación adecuada
Arecibo,1985-1989,2,77.07511338664264,77.1330338874497,76.55070106663388,77.64889755328315,Estimación adecuada
Arecibo,1990-1994,1,70.7566402122555,70.69952122172167,70.0025974344014,71.28354465000507,Estimación adecuada
Arecibo,1990-1994,2,77.82525476262934,77.80369779209309,77.14303641109493,78.4338585452715,Estimación adecuada
Arecibo,1995-1999,1,70.42422951948053,70.46180756384405,69.74850775383283,70.9519488245817,Estimación adecuada
Arecibo,1995-1999,2,77.67805190763367,77.68603850032876,77.12446848992846,78.21324376385837,Estimación adecuada
Arecibo,2000-2004,1,73.58677734329173,73.22220694734474,72.74683182944078,73.75607743199816,Estimación adecuada
Arecibo,2000-2004,2,80.17723082421405,79.83837429358724,79.31967222718819,80.40078531896852,Estimación adecuada
Arecibo,2005-2009,1,73.79746978285581,73.70900252874293,73.18936697131107,74.36648941581403,Estimación adecuada
Arecibo,2005-2009,2,80.99120726198103,80.70976371653855,80.01818110219354,81.28516675622056,Estimación adecuada
Arecibo,2010-2014,1,75.7499952369095,75.63624601137268,75.00664212926873,76.1744416360743,Estimación adecuada
Arecibo,2010-2014,2,81.99729917976788,81.6319632366174,80.98609069250094,82.29554480390681,Estimación adecuada
Arecibo,2015-2019,1,77.47760291858165,77.35650855447722,76.67214831167671,78.0558144234126,Estimación adecuada
Arecibo,2015-2019,2,84.62096334942434,84.22257273215155,83.46040944458372,85.01599891998971,Estimación adecuada
Arecibo,2020-2024,1,77.03404417797987,76.82512308983333,76.09009726296249,77.45615095305962,Estimación adecuada
Arecibo,2020-2024,2,83.99392652816302,83.68577878969599,83.00178490903463,84.40787629483465,Estimación adecuada
Arroyo,1980-1984,1,69.26197243419952,69.88297008684805,68.53231902227051,70.90959549100057,Estimación adecuada
Arroyo,1980-1984,2,77.70227943996014,77.4666180660927,76.0599254335585,79.10269624866139,Estimación adecuada
Arroyo,1985-1989,1,69.06544938666637,69.48999140006006,68.4819443105709,70.8560389228063,Estimación adecuada
Arroyo,1985-1989,2,76.53547803214356,76.60363409595922,75.43615417064524,78.01906639412195,Estimación adecuada
Arroyo,1990-1994,1,69.467701272295,69.80795330462038,68.72531974668352,71.08103368796284,Estimación adecuada
Arroyo,1990-1994,2,79.1638940521351,78.39398623360628,77.11652601673612,79.74102415803846,Estimación adecuada
Arroyo,1995-1999,1,69.35840651861476,70.08440087109665,69.09998577764065,71.1033487229648,Estimación adecuada
Arroyo,1995-1999,2,77.98473955428868,77.62847884596081,76.51337520539995,78.4671265277884,Estimación adecuada
Arroyo,2000-2004,1,72.46263355278661,72.45402673349446,71.39178685696751,73.65650514260861,Estimación adecuada
Arroyo,2000-2004,2,79.49462438506767,79.36191623450068,78.1520860937793,81.15524862169963,Estimación adecuada
Arroyo,2005-2009,1,73.52924324703847,73.64748786938989,72.58298514434992,74.759892535635,Estimación adecuada
Arroyo,2005-2009,2,81.55925566302211,81.12758808678467,80.08898191714631,82.5971293744631,Estimación adecuada
Arroyo,2010-2014,1,73.74855783813933,74.32873098984692,73.02378278063394,75.35012235515686,Estimación adecuada
Arroyo,2010-2014,2,82.70095569618667,82.30942992602826,80.84588577169245,83.62023852231295,Estimación adecuada
Arroyo,2015-2019,1,74.8566557237882,76.15524578948856,75.07703536932252,77.1754161396361,> e0 observado
Arroyo,2015-2019,2,83.0866067343545,83.44505378963456,82.18777187426461,84.9769267111881,Estimación adecuada
Arroyo,2020-2024,1,77.15040742709186,76.75222813559249,75.42951808537056,78.56674595502237,Estimación adecuada
Arroyo,2020-2024,2,82.07042233229612,83.03053163974218,81.76308471669546,84.3097071258346,Estimación adecuada
Barceloneta,1980-1984,1,69.54208697130086,70.69923791675865,69.60891512119434,71.850710286739,> e0 observado
Barceloneta,1980-1984,2,77.15945709054438,77.41947033436975,76.39333186855666,78.6522075371465,Estimación adecuada
Barceloneta,1985-1989,1,72.20256138308129,71.8872256872325,70.94287597754632,73.08590042191747,Estimación adecuada
Barceloneta,1985-1989,2,78.86869640220178,78.607974997177,77.21009196276688,79.72109875582385,Estimación adecuada
Barceloneta,1990-1994,1,71.82801102859922,71.31893638794006,70.2432721901799,72.1653292281693,Estimación adecuada
Barceloneta,1990-1994,2,79.79778456534827,79.69229288570315,78.58262460343576,81.51153483066764,Estimación adecuada
Barceloneta,1995-1999,1,69.62763398284126,70.6437679361282,69.60505024705998,71.64986209055425,Estimación adecuada
Barceloneta,1995-1999,2,78.30155980616671,78.53002923140198,77.36364458519466,79.85134129558374,Estimación adecuada
Barceloneta,2000-2004,1,74.25217285421826,73.63509154446514,72.51230072687292,74.99883176341228,Estimación adecuada
Barceloneta,2000-2004,2,80.98566728548113,80.20862104005444,79.14426969469527,81.51281568176512,Estimación adecuada
Barceloneta,2005-2009,1,75.14771749617947,74.74150332078327,73.58671847395772,75.83443556387476,Estimación adecuada
Barceloneta,2005-2009,2,83.11601404161499,82.4411935894345,81.30797073651601,84.0956391882332,Estimación adecuada
Barceloneta,2010-2014,1,75.38250616989667,75.54431117079272,74.60791977736807,76.53747732979132,Estimación adecuada
Barceloneta,2010-2014,2,83.08358460781069,82.6605539748679,81.47755781217893,83.79568599868271,Estimación adecuada
Barceloneta,2015-2019,1,79.11645760546239,77.89903200638881,76.728414792244,79.06171277743756,< e0 observado
Barceloneta,2015-2019,2,85.56404930901091,85.00740025295343,83.63305146969262,86.78162963112959,Estimación adecuada
Barceloneta,2020-2024,1,75.82195956003592,75.9771969062038,74.99691489761663,77.20189066890238,Estimación adecuada
Barceloneta,2020-2024,2,84.21378427386206,84.50221680508554,83.39473572039421,85.7333950757314,Estimación adecuada
Barranquitas,1980-1984,1,71.33876197975141,71.62314430418806,70.64250439348032,72.5366294345804,Estimación adecuada
Barranquitas,1980-1984,2,77.30531169649653,77.89821189614901,76.47373156249478,78.8919409250434,Estimación adecuada
Barranquitas,1985-1989,1,71.51414892357278,71.60012990517899,70.46782415140343,72.97380062105438,Estimación adecuada
Barranquitas,1985-1989,2,77.76964050663393,78.10892698187057,76.93423460354026,79.38690985213145,Estimación adecuada
Barranquitas,1990-1994,1,70.61622752203239,71.11248161401801,69.90088946002749,72.25928328963815,Estimación adecuada
Barranquitas,1990-1994,2,80.19038720696513,79.80930254911263,78.52364595541573,81.40524054438035,Estimación adecuada
Barranquitas,1995-1999,1,71.30535167741402,70.95909876649576,70.12948646889123,72.04261748498166,Estimación adecuada
Barranquitas,1995-1999,2,77.36809189145215,78.13922341241609,77.12824888678644,78.9757409553002,Estimación adecuada
Barranquitas,2000-2004,1,73.94139576064687,73.77448322812091,72.89388130426732,74.753710300465,Estimación adecuada
Barranquitas,2000-2004,2,80.92303201880848,81.0451457493102,79.95794121367894,82.631171270784,Estimación adecuada
Barranquitas,2005-2009,1,75.7544247310515,75.26384359709277,74.38363771273407,76.4491367757677,Estimación adecuada
Barranquitas,2005-2009,2,83.34321773527964,82.86663173410653,81.84710253339138,84.84186902520364,Estimación adecuada
Barranquitas,2010-2014,1,75.82434696179858,75.80985607587712,74.89231320273893,76.85567032998246,Estimación adecuada
Barranquitas,2010-2014,2,83.19916348644448,83.05940561167021,82.06644662415326,84.27983373763682,Estimación adecuada
Barranquitas,2015-2019,1,78.70088384920705,78.13866659763474,77.07467707460978,79.46697767466966,Estimación adecuada
Barranquitas,2015-2019,2,86.1569793140704,85.71898824872004,84.0902672631909,87.83942847309163,Estimación adecuada
Barranquitas,2020-2024,1,77.70140580259377,77.84984513515684,76.64030705305439,78.968213571176,Estimación adecuada
Barranquitas,2020-2024,2,85.89659093832063,85.7744624134214,84.51292616401085,87.35166687688252,Estimación adecuada
Bayamon,1980-1984,1,72.04514701418194,71.9830177264611,71.56391593728829,72.37477974758605,Estimación adecuada
Bayamon,1980-1984,2,78.18054324807127,78.02485209420968,77.4630410206214,78.46534900232676,Estimación adecuada
Bayamon,1985-1989,1,71.5983747916107,71.63499523901055,71.17633704592313,72.171700036281635,Estimación adecuada
Bayamon,1985-1989,2,79.53402783138928,79.30412505675781,78.79824600644342,79.7913470061895,Estimación adecuada
Bayamon,1990-1994,1,69.4013098024391,69.65954535996633,69.1784677174794,70.11800844586173,Estimación adecuada
Bayamon,1990-1994,2,79.99809814237119,79.83642755026672,79.35422775558195,80.3399060238572,Estimación adecuada
Bayamon,1995-1999,1,70.77177966925491,70.90801189034727,70.4846486840639,71.33547824750181,Estimación adecuada
Bayamon,1995-1999,2,79.73301230251936,79.66968907860922,79.24078956598436,80.12502361985743,Estimación adecuada
Bayamon,2000-2004,1,73.5738231086305,73.63106378684058,73.11693866974701,74.0051179588462,Estimación adecuada
Bayamon,2000-2004,2,81.70891995330638,81.60978595309078,81.10749740108442,82.00126657691942,Estimación adecuada
Bayamon,2005-2009,1,74.78989094750837,74.81760793288694,74.32304754029987,75.31733348156506,Estimación adecuada
Bayamon,2005-2009,2,82.81400991090649,82.74758533438384,82.12843297315689,83.2091078310862,Estimación adecuada
Bayamon,2010-2014,1,76.39050901350164,76.41214172182407,75.819201751077955,76.93874081065863,Estimación adecuada
Bayamon,2010-2014,2,84.21195413174073,84.05673331804972,83.44237453216864,84.59956458711525,Estimación adecuada
Bayamon,2015-2019,1,77.4241342974101,77.53654451269412,77.04493882349445,78.07736421709757,Estimación adecuada
Bayamon,2015-2019,2,85.53635487807954,85.18247521512602,84.58025809991005,85.76760248939648,Estimación adecuada
Bayamon,2020-2024,1,76.28240347769595,76.2913287780991,75.73379501058233,76.83326141801095,Estimación adecuada
Bayamon,2020-2024,2,85.66531677680673,85.56543915850364,84.81211039422121,86.10835730627502,Estimación adecuada
Cabo Rojo,1980-1984,1,72.39724763936692,72.5805140834492,71.73328084537617,73.53410928838423,Estimación adecuada
Cabo Rojo,1980-1984,2,77.54158683750231,77.53636807921987,76.77478043976653,78.50615628940157,Estimación adecuada
Cabo Rojo,1985-1989,1,73.0487252974488,73.08659610192737,72.17905407140229,74.00613672557483,Estimación adecuada
Cabo Rojo,1985-1989,2,79.23917112625598,78.92809012979274,77.91100290748939,79.93223943534832,Estimación adecuada
Cabo Rojo,1990-1994,1,72.97925410251543,72.80841205842066,71.83873743718749,73.55887131847473,Estimación adecuada
Cabo Rojo,1990-1994,2,80.55409901002385,80.07811933001506,79.17918298469812,81.23573286649457,Estimación adecuada
Cabo Rojo,1995-1999,1,72.48815364764029,72.43564612653442,71.88477111854812,73.19259547236928,Estimación adecuada
Cabo Rojo,1995-1999,2,79.89647697006733,79.7231628177729,78.95252327523696,80.48299468650978,Estimación adecuada
Cabo Rojo,2000-2004,1,75.02839226790125,74.84728545842074,74.03450544670746,75.73231091615239,Estimación adecuada
Cabo Rojo,2000-2004,2,82.11872847252751,81.80951288246699,81.02483858012047,83.02391742705443,Estimación adecuada
Cabo Rojo,2005-2009,1,76.84328880547318,76.31443947516021,75.38588646369465,77.03778421410175,Estimación adecuada
Cabo Rojo,2005-2009,2,82.7883495500848,82.33482209626737,81.51699365814778,83.14784888284451,Estimación adecuada
Cabo Rojo,2010-2014,1,75.75368420461353,76.0192529391575,75.38285465315533,76.81170824753224,Estimación adecuada
Cabo Rojo,2010-2014,2,83.42815115673008,83.77523273792656,82.93404052352028,84.96846663585852,Estimación adecuada
Cabo Rojo,2015-2019,1,79.78583423632398,79.54638816322793,78.64759357116264,80.53946301344173,Estimación adecuada
Cabo Rojo,2015-2019,2,84.21493107845924,84.41332420020495,83.58299076832947,85.50147504034842,Estimación adecuada
Cabo Rojo,2020-2024,1,79.36891590464816,79.25603449105259,78.54161508316967,80.03775743819389,Estimación adecuada
Cabo Rojo,2020-2024,2,84.78014352257735,84.68802000930324,83.71626952951054,85.64913248224508,Estimación adecuada
Caguas,1980-1984,1,71.72229204508375,71.77431505297186,71.20522728881599,72.33402483101997,Estimación adecuada
Caguas,1980-1984,2,78.48100883851102,78.24567025238163,77.72662618731206,79.0402700783493,Estimación adecuada
Caguas,1985-1989,1,70.39381171255258,70.48137715107947,69.87499109391311,71.06727488290072,Estimación adecuada
Caguas,1985-1989,2,79.24402800001288,79.07031126304878,78.40675838627321,79.63486376215748,Estimación adecuada
Caguas,1990-1994,1,68.8176451180551,69.17044777250348,68.5745740235977,69.76242121833505,Estimación adecuada
Caguas,1990-1994,2,78.64358444378482,78.58686825130494,78.07133758416742,79.19061085316821,Estimación adecuada
Caguas,1995-1999,1,69.69055735609852,69.96026956653401,69.4221670499313,70.49591206623394,Estimación adecuada
Caguas,1995-1999,2,79.65612948337659,79.5221824797569,78.9713807235411,80.19868373323652,Estimación adecuada
Caguas,2000-2004,1,73.107794927577,73.1289095859843,72.50437928013369,73.72579646024496,Estimación adecuada
Caguas,2000-2004,2,81.16770684291535,80.97954215155355,80.28834981673026,81.62058303798746,Estimación adecuada
Caguas,2005-2009,1,74.70961206827913,74.6879632387354,74.0648724957504,75.17965950707982,Estimación adecuada
Caguas,2005-2009,2,83.1696138038651,82.98086530959776,82.26526582329313,83.67929408484946,Estimación adecuada
Caguas,2010-2014,1,74.58554015299133,74.86840026540308,74.28956491302793,75.46435536484034,Estimación adecuada
Caguas,2010-2014,2,83.90600489563008,83.66138838421165,83.11045294471212,84.40721960494454,Estimación adecuada
Caguas,2015-2019,1,77.12465328076702,77.24593157131885,76.56560672745647,77.82133673022807,Estimación adecuada
Caguas,2015-2019,2,84.81913360231934,84.6994308496808,84.06436664232189,85.39274905104536,Estimación adecuada
Caguas,2020-2024,1,76.29588342135226,76.37026736262268,75.9461754594019,76.95010461748431,Estimación adecuada
Caguas,2020-2024,2,84.58890329073994,84.5531661084502,83.86520343673227,85.12705504670909,Estimación adecuada
Camuy,1980-1984,1,72.00953497661486,72.16568301790855,70.95828783630483,73.52622638209857,Estimación adecuada
Camuy,1980-1984,2,79.0481930632779,78.81744255072775,77.74870507398747,80.48180560467287,Estimación adecuada
Camuy,1985-1989,1,73.05563270338816,72.77688450055919,71.78279252665143,73.89163802733219,Estimación adecuada
Camuy,1985-1989,2,79.50251205629577,79.22910399410318,78.05319316094696,80.66479086959694,Estimación adecuada
Camuy,1990-1994,1,72.48592866320423,72.04066041500587,71.04988977684047,72.9505689386603,Estimación adecuada
Camuy,1990-1994,2,78.42074942707245,78.53434427859992,77.78968312677289,79.7466614118522,Estimación adecuada
Camuy,1995-1999,1,72.6730064081168,72.33137948207161,71.32295939128741,73.15342007837994,Estimación adecuada
Camuy,1995-1999,2,81.15887534595899,80.61624839470751,79.58562222879394,81.65092487151037,Estimación adecuada
Camuy,2000-2004,1,75.51776152008142,74.93383064882985,73.91373692642,75.7213029602517,Estimación adecuada
Camuy,2000-2004,2,81.38049051623702,80.8099485855443,79.90860233128292,82.01803697605939,Estimación adecuada
Camuy,2005-2009,1,76.01134322923592,75.49870942973534,74.60956031240741,76.7365929064095,Estimación adecuada
Camuy,2005-2009,2,83.37764861657536,82.6498326664703,81.6684380366064,84.05122820129617,Estimación adecuada
Camuy,2010-2014,1,77.47114401608678,76.53927489503873,75.57893585227121,77.5148004994447,Estimación adecuada
Camuy,2010-2014,2,83.52117698878536,83.26263293173989,82.14706264122654,84.16635941505518,Estimación adecuada
Camuy,2015-2019,1,78.31044325410552,78.02484637456162,76.97795594963397,78.93009867708415,Estimación adecuada
Camuy,2015-2019,2,85.3683244262729,85.09379730649677,83.72646773261516,86.05174870311484,Estimación adecuada
Camuy,2020-2024,1,78.26146309261183,77.89432439634373,76.98255835179324,78.75523197924662,Estimación adecuada
Camuy,2020-2024,2,85.47114665413858,85.35430285257826,84.28151981587051,86.79895543549412,Estimación adecuada
Canovanas,1980-1984,1,73.2999178869587,71.9767486191447,70.71430151812419,73.01260207727671,< e0 observado
Canovanas,1980-1984,2,80.06188590433086,78.62381087800432,77.65061698679594,80.0270329846505,< e0 observado
Canovanas,1985-1989,1,71.61537365310774,71.32352293698611,70.56560186573594,72.35012300351607,Estimación adecuada
Canovanas,1985-1989,2,78.2476656338885,77.79053467510462,76.81588854637424,79.04241331604223,Estimación adecuada
Canovanas,1990-1994,1,68.47857316458972,69.30730439906847,68.27589534166086,70.2393692387952,Estimación adecuada
Canovanas,1990-1994,2,78.32395417011651,78.00007961849855,77.03586881239818,79.19911140113723,Estimación adecuada
Canovanas,1995-1999,1,67.92417601162161,68.82338099900103,68.0472743372485,69.69781138172624,> e0 observado
Canovanas,1995-1999,2,77.19866982997894,77.34780208789866,76.41280643431466,78.10332673385304,Estimación adecuada
Canovanas,2000-2004,1,71.16133588099902,71.98517359457887,71.02337249944638,72.81362871535964,Estimación adecuada
Canovanas,2000-2004,2,79.89031657445086,79.79560925865003,78.9542652924498,81.00233825242773,Estimación adecuada
Canovanas,2005-2009,1,72.03527888088188,72.89603844723216,71.9193521669104,73.77838453537042,Estimación adecuada
Canovanas,2005-2009,2,82.20274877957495,81.68612167363003,80.75891728109981,83.07719034989447,Estimación adecuada
Canovanas,2010-2014,1,73.73163177655941,74.44707549291574,73.63471153305227,75.30574564317644,Estimación adecuada
Canovanas,2010-2014,2,82.38500533806449,81.9614542180677,80.91079875485275,83.09297686352161,Estimación adecuada
Canovanas,2015-2019,1,76.47578865798283,76.74905114739732,75.8098404824676,77.99362699308739,Estimación adecuada
Canovanas,2015-2019,2,83.4705410867674,83.29803577322664,82.3262735115718,84.17571619605673,Estimación adecuada
Canovanas,2020-2024,1,75.27011547141527,75.48460694368617,74.75636538243796,76.31030338456645,Estimación adecuada
Canovanas,2020-2024,2,84.62181844092844,84.03444078294426,82.93864040217386,85.2572053484225,Estimación adecuada
Carolina,1980-1984,1,72.6794571065647,72.65049767165424,72.03105701843833,73.12494232439543,Estimación adecuada
Carolina,1980-1984,2,80.00245669766524,79.62718637567136,78.97999648684296,80.25231128364948,Estimación adecuada
Carolina,1985-1989,1,71.45905207579524,71.59560297420398,71.12657171976565,72.18452691360072,Estimación adecuada
Carolina,1985-1989,2,79.99533355118935,79.80178223463938,79.18360530495727,80.5556063014607,Estimación adecuada
Carolina,1990-1994,1,69.88961527032848,70.1317206444318,69.62774232235392,70.635547423117,Estimación adecuada
Carolina,1990-1994,2,79.19273965392165,79.25153164646943,78.69145987676652,79.81225163921897,Estimación adecuada
Carolina,1995-1999,1,70.60394767924991,70.8257920113576,70.35786026471663,71.30551138414245,Estimación adecuada
Carolina,1995-1999,2,80.17066355341139,80.05748491136237,79.61039072931413,80.60454566586425,Estimación adecuada
Carolina,2000-2004,1,73.93076115352547,74.07973337821251,73.5483234448651,74.66585589095723,Estimación adecuada
Carolina,2000-2004,2,81.94990115891812,81.70141662792886,81.13703152044971,82.29265056838904,Estimación adecuada
Carolina,2005-2009,1,74.82294831043073,74.93430763782975,74.40424384899195,75.42659290441108,Estimación adecuada
Carolina,2005-2009,2,82.93347404417227,82.81833140557922,82.2190536757943,83.38364125345886,Estimación adecuada
Carolina,2010-2014,1,75.7216623224996,75.96578327645821,75.40635895199287,76.55455452966373,Estimación adecuada
Carolina,2010-2014,2,84.32702876051525,84.19164531939614,83.6805906665957,84.73424423269083,Estimación adecuada
Carolina,2015-2019,1,78.16150181754098,78.166343061037,77.603782232773,78.791453710728,Estimación adecuada
Carolina,2015-2019,2,86.31301087441426,86.15232049206594,85.49936654960408,86.80467918003606,Estimación adecuada
Carolina,2020-2024,1,78.61601699181084,78.47023005436739,77.775669927961,79.0652921293805,Estimación adecuada
Carolina,2020-2024,2,85.92480146843513,85.54982356782872,84.93715722768513,86.1370168550338,Estimación adecuada
Catano,1980-1984,1,64.71158204088911,66.19844888719904,65.06820468087287,67.1080538764403,> e0 observado
Catano,1980-1984,2,75.60330232750007,75.40257456882546,74.19936740600062,76.32122456378033,Estimación adecuada
Catano,1985-1989,1,65.74843366392102,66.81074855596913,65.84707711518294,67.87790289379765,> e0 observado
Catano,1985-1989,2,78.65957711284251,77.44630928375878,76.17493540000231,78.6357164064836,< e0 observado
Catano,1990-1994,1,63.551421617424765,65.20894468208367,64.15733936993506,66.61179926187083,> e0 observado
Catano,1990-1994,2,77.73013012436986,77.26034704549309,76.16985710974899,78.37976975332967,Estimación adecuada
Catano,1995-1999,1,64.95894376240564,66.40982128118549,65.40944310647959,67.40914073347759,> e0 observado
Catano,1995-1999,2,77.8017354936669,77.5306958943043,76.29737493187136,78.63715007735411,Estimación adecuada
Catano,2000-2004,1,69.54736006919788,70.43181182804685,69.40600379214646,71.34593528874493,Estimación adecuada
Catano,2000-2004,2,80.2420833723342,79.33167315124106,78.15494452588058,80.46987603537528,Estimación adecuada
Catano,2005-2009,1,70.0088463290445,70.99618655117624,69.82901093429905,71.88226098778532,Estimación adecuada
Catano,2005-2009,2,82.4846061988492,81.80092820086072,80.32422501518761,83.55524284340223,Estimación adecuada
Catano,2010-2014,1,73.04054164065786,73.41131350079635,72.27812827327372,74.645303328288,Estimación adecuada
Catano,2010-2014,2,85.05347927327067,83.27086508356675,81.81517344305954,84.70779706720818,< e0 observado
Catano,2015-2019,1,73.65254048968006,74.63699486692472,73.47358227190448,75.90358091278621,Estimación adecuada
Catano,2015-2019,2,86.94579083490224,85.16694752765878,83.62244792239633,87.80355738449825,Estimación adecuada
Catano,2020-2024,1,73.01737041087927,74.0723390883366,72.86193201934722,75.29687903727422,Estimación adecuada
Catano,2020-2024,2,86.0684794743231,85.03781982013074,83.37141993157614,86.54650360548105,Estimación adecuada
Cayey,1980-1984,1,71.32064492875627,71.12943337504062,70.01060961824994,72.08977140332284,Estimación adecuada
Cayey,1980-1984,2,76.88437352747384,77.06797303134968,76.06350743779703,78.41469663592468,Estimación adecuada
Cayey,1985-1989,1,69.35200072016079,69.92425727257286,69.05976470444952,70.59886679894157,Estimación adecuada
Cayey,1985-1989,2,78.24162311103663,78.22487308877673,77.17909537536977,79.31853658184869,Estimación adecuada
Cayey,1990-1994,1,69.27521430891126,69.88642475199812,68.95525942158505,70.56964132066292,Estimación adecuada
Cayey,1990-1994,2,78.16553833033852,78.26562036528472,77.61296630827067,79.50294250491419,Estimación adecuada
Cayey,1995-1999,1,70.01299547508536,70.58840495722393,69.52653586634935,71.4192624741033,Estimación adecuada
Cayey,1995-1999,2,78.87259018768239,78.82712088249555,77.99731944000378,79.72170492187013,Estimación adecuada
Cayey,2000-2004,1,73.68749999421473,73.75272986076222,72.89704970999753,74.57935751938322,Estimación adecuada
Cayey,2000-2004,2,81.22226473989993,80.58854904972428,79.62374920729319,81.50828669717538,Estimación adecuada
Cayey,2005-2009,1,73.99614368964569,74.48225205536998,73.54694016710272,75.80164135558535,Estimación adecuada
Cayey,2005-2009,2,82.1533699228688,81.85068192522446,80.7436639638363,82.6070278599951,Estimación adecuada
Cayey,2010-2014,1,75.00610378038506,75.5446253548584,74.63860341656144,76.46827101860032,Estimación adecuada
Cayey,2010-2014,2,83.73637939950336,83.35226130880955,82.19641132580233,84.2270759768742,Estimación adecuada
Cayey,2015-2019,1,78.54670044615935,78.43143064037977,77.44939131110166,79.23941945435999,Estimación adecuada
Cayey,2015-2019,2,85.74693279734878,85.11032019369995,84.14228213117651,86.35894088084373,Estimación adecuada
Cayey,2020-2024,1,79.40962956727441,79.35407334567367,78.40128809994893,80.60547099637795,Estimación adecuada
Cayey,2020-2024,2,87.6006348574498,86.9527303413263,85.6803732049334,88.255850281924765,Estimación adecuada
Ceiba,1980-1984,1,72.14585176157938,71.54682684755774,70.34484707657904,73.23016594886792,Estimación adecuada
Ceiba,1980-1984,2,78.61104372786001,77.89293532907,76.5082442627403,79.5519306364799,Estimación adecuada
Ceiba,1985-1989,1,70.6198183166503,70.67783449358517,69.59946688591769,71.9041385792784,Estimación adecuada
Ceiba,1985-1989,2,79.13415807152825,78.37041489015094,76.61530036148687,79.68655545476949,Estimación adecuada
Ceiba,1990-1994,1,71.00935671117365,70.79885357388292,69.28525492424718,72.17743193043177,Estimación adecuada
Ceiba,1990-1994,2,79.17042900270538,78.63004882552313,77.4934452343701,80.08395443494106,Estimación adecuada
Ceiba,1995-1999,1,72.51721647517238,71.44201764179084,70.32393405401511,72.5857303390882,Estimación adecuada
Ceiba,1995-1999,2,78.14728081414309,78.42287906180064,77.24973178798746,80.0120887839739,Estimación adecuada
Ceiba,2000-2004,1,74.86667065353893,73.82075599026044,72.6193021887292,74.90652526691028,Estimación adecuada
Ceiba,2000-2004,2,80.68427804057518,80.88298847456032,79.56465448197844,82.3173861236242,Estimación adecuada
Ceiba,2005-2009,1,76.12252834869311,74.8491756799557,73.59698847665852,76.19558291358169,Estimación adecuada
Ceiba,2005-2009,2,82.7966883833198,82.30365466565642,80.67600180158999,84.14983413893094,Estimación adecuada
Ceiba,2010-2014,1,75.46412666889606,76.16806106731661,74.9161806396888,77.52504852935249,Estimación adecuada
Ceiba,2010-2014,2,81.41353267344712,82.36485691355031,80.89946315087212,84.29421820941931,Estimación adecuada
Ceiba,2015-2019,1,78.54557923356414,77.90292749995547,76.45373046572391,79.6939244968122,Estimación adecuada
Ceiba,2015-2019,2,86.20789836529356,85.66524406649532,83.58182763174217,87.9963427368821,Estimación adecuada
Ceiba,2020-2024,1,72.26101326760208,76.12605511899267,74.94831722275879,77.57399852927198,> e0 observado
Ceiba,2020-2024,2,81.87366447467527,83.85892726089945,82.60329724909285,85.8221093270173,> e0 observado
Ciales,1980-1984,1,73.3601690081269,72.7905793119582,71.46561035852672,74.0342869391003,Estimación adecuada
Ciales,1980-1984,2,79.08450788252533,78.92093406642336,77.59491077692665,80.77576404600048,Estimación adecuada
Ciales,1985-1989,1,73.80385799895002,73.10061647992114,71.55690668734294,74.36273259966345,Estimación adecuada
Ciales,1985-1989,2,79.25761748100682,78.98190156488249,77.76583012678033,80.84250988398028,Estimación adecuada
Ciales,1990-1994,1,72.25274862856378,72.08352896444286,70.98121484069664,73.79622311150915,Estimación adecuada
Ciales,1990-1994,2,79.82543814746265,79.55192988100066,78.25863663638111,80.61745050891727,Estimación adecuada
Ciales,1995-1999,1,71.42663286324974,71.72223027085278,70.73562122231485,72.96565950552062,Estimación adecuada
Ciales,1995-1999,2,79.238381112831,79.79691389778844,78.37894912250775,81.30265440369178,Estimación adecuada
Ciales,2000-2004,1,72.8877247015535,73.86563345772461,72.46739212031699,74.80387159184653,Estimación adecuada
Ciales,2000-2004,2,80.83769687356553,81.36195974065825,80.13184984804086,82.90906192495568,Estimación adecuada
Ciales,2005-2009,1,74.52536084511352,74.91933938472852,73.70986565734447,76.36808457256276,Estimación adecuada
Ciales,2005-2009,2,82.13836581268944,82.18237795926541,80.94668878523609,83.59939403899672,Estimación adecuada
Ciales,2010-2014,1,75.83944224399347,76.48295062100505,75.30754376059065,77.58286431410579,Estimación adecuada
Ciales,2010-2014,2,83.18525319463721,83.54659084994482,81.9587314907014,85.05783675151397,Estimación adecuada
Ciales,2015-2019,1,80.35963140996523,79.20291080525813,78.05941907569516,80.29094949854513,< e0 observado
Ciales,2015-2019,2,85.16754149388572,85.8554025215312,83.86540958269882,87.43255772431412,Estimación adecuada
Ciales,2020-2024,1,78.0952139934909,78.13706218940362,77.04861966953206,79.49932439003445,Estimación adecuada
Ciales,2020-2024,2,83.7838176468441,84.31446774556252,83.01611031305694,85.69571043930964,Estimación adecuada
Cidra,1980-1984,1,72.92625993210298,73.28887886462707,72.20122074125075,74.35663202250754,Estimación adecuada
Cidra,1980-1984,2,80.25294604658151,80.0183246151588,78.47684150358683,81.39298579160553,Estimación adecuada
Cidra,1985-1989,1,72.65671880748917,72.6528570634205,71.60232217187969,73.66205550742777,Estimación adecuada
Cidra,1985-1989,2,79.2640060129605,79.27248697281196,78.08727016587817,80.49109116719157,Estimación adecuada
Cidra,1990-1994,1,74.59270123853278,73.8519223903081,72.83315180879332,75.01422129276858,Estimación adecuada
Cidra,1990-1994,2,79.58259869878654,79.44893899835776,78.54030326079848,80.51719459371989,Estimación adecuada
Cidra,1995-1999,1,74.21713653214772,73.79717441675157,72.87402382442104,74.71609136251651,Estimación adecuada
Cidra,1995-1999,2,80.46720179098129,80.68000847812615,79.30886955340506,81.79546262712941,Estimación adecuada
Cidra,2000-2004,1,76.1648075054388,75.76774939844687,74.81325098074095,76.56113423965579,Estimación adecuada
Cidra,2000-2004,2,83.06880741955162,82.70905321065166,81.60255939847723,83.79749353912877,Estimación adecuada
Cidra,2005-2009,1,76.2488157847596,76.30070531418423,75.30763383459174,77.19770255237046,Estimación adecuada
Cidra,2005-2009,2,83.29450873472624,83.04260334683852,82.0457963722791,84.4417747948873,Estimación adecuada
Cidra,2010-2014,1,77.33131059096634,77.58233372970264,76.67495245014268,78.56711245761664,Estimación adecuada
Cidra,2010-2014,2,83.46470181390174,83.27240545053715,82.19344018626757,84.4285133634154,Estimación adecuada
Cidra,2015-2019,1,78.97458456608396,79.17384375159051,78.21381230649709,80.3560939826375,Estimación adecuada
Cidra,2015-2019,2,84.69043178604441,85.01008777742462,83.96438427575674,86.17485283863337,Estimación adecuada
Cidra,2020-2024,1,79.7427353948676,79.59481943747261,78.52273102879215,80.73598111016551,Estimación adecuada
Cidra,2020-2024,2,85.33702768748,85.22783969833438,84.1101799306644,86.30580104274401,Estimación adecuada
Coamo,1980-1984,1,71.83261143264684,71.77915241132021,70.89580729839888,73.0226744409236,Estimación adecuada
Coamo,1980-1984,2,77.96592585526496,78.3302179970166,76.91743457615979,79.66735072773446,Estimación adecuada
Coamo,1985-1989,1,71.23431252697634,71.46082790081542,70.47425737696298,72.28421500016805,Estimación adecuada
Coamo,1985-1989,2,77.61875344002883,78.03251739279162,76.63913846064702,79.33142437893767,Estimación adecuada
Coamo,1990-1994,1,71.15206342123702,71.19694790233962,70.45451362901281,72.2072641513873,Estimación adecuada
Coamo,1990-1994,2,79.52007940092251,79.24320568406782,78.12991409694493,80.24958955213518,Estimación adecuada
Coamo,1995-1999,1,71.1960753395491,71.41401100621704,70.38147713921123,72.14685754610022,Estimación adecuada
Coamo,1995-1999,2,78.423903843953,78.69222921094999,77.77182693435506,79.89862625764087,Estimación adecuada
Coamo,2000-2004,1,73.24248106281058,73.37784177004981,72.52461134166634,74.38908673768037,Estimación adecuada
Coamo,2000-2004,2,81.2524184753369,81.0697861222504,79.85105657984315,81.92451939289113,Estimación adecuada
Coamo,2005-2009,1,76.67061680312946,75.6532114215298,74.88670522527342,76.58107472104257,< e0 observado
Coamo,2005-2009,2,82.50443120167047,82.06911785572785,81.1475835892958,83.27521930823656,Estimación adecuada
Coamo,2010-2014,1,76.08519397019607,75.94440189029072,75.2998818503076,76.60707115103001,Estimación adecuada
Coamo,2010-2014,2,82.76456200780567,82.35673013024059,81.42325940404692,83.25474103802419,Estimación adecuada
Coamo,2015-2019,1,76.3555860235564,76.65451151914213,75.57472897533533,77.752307031214,Estimación adecuada
Coamo,2015-2019,2,84.32302802936533,84.44830078118153,83.30363317477625,85.49955527409136,Estimación adecuada
Coamo,2020-2024,1,78.73457128285159,77.9349267019484,77.14216073287653,79.11233341067833,Estimación adecuada
Coamo,2020-2024,2,85.32320664794793,85.171890715982,84.15558256974302,86.40259678849276,Estimación adecuada
Comerio,1980-1984,1,72.39160599187598,72.27365132060882,70.88516371632636,73.5532665483294,Estimación adecuada
Comerio,1980-1984,2,80.50714392154065,79.40195693908322,78.1320337328509,80.79578736486903,Estimación adecuada
Comerio,1985-1989,1,72.46599051488649,72.16406583724925,71.02858069117802,73.44231069115324,Estimación adecuada
Comerio,1985-1989,2,79.35372018267553,79.20814476499237,77.89966597723546,80.54843198539035,Estimación adecuada
Comerio,1990-1994,1,72.63261964951914,72.06446943784177,70.76626453167613,73.17288338598325,Estimación adecuada
Comerio,1990-1994,2,78.0865724889923,78.54261758897908,77.19402140395778,79.76935454587867,Estimación adecuada
Comerio,1995-1999,1,71.13227286201818,71.4443817568127,70.26508882004738,72.55674884061523,Estimación adecuada
Comerio,1995-1999,2,78.32248610899435,78.53184675938935,77.54245975809445,80.12545273768768,Estimación adecuada
Comerio,2000-2004,1,73.74046365047266,73.8134878690738,72.47799974364301,75.17627502414938,Estimación adecuada
Comerio,2000-2004,2,80.19913305806267,80.4859447611603,79.11265595360979,81.65589550307045,Estimación adecuada
Comerio,2005-2009,1,75.30350166697882,74.94418035661903,73.74673996571599,76.3817136753849,Estimación adecuada
Comerio,2005-2009,2,81.75843965388886,81.74614414205004,80.53105188856836,83.45342223592712,Estimación adecuada
Comerio,2010-2014,1,77.88992392393747,76.76493129456519,75.38223585062195,78.5118711117878,Estimación adecuada
Comerio,2010-2014,2,83.20589003283447,82.90967161629608,81.43311453438133,84.55653017390884,Estimación adecuada
Comerio,2015-2019,1,76.11616223403381,76.75229260875469,75.71518848457544,77.99530105007776,Estimación adecuada
Comerio,2015-2019,2,84.47935763504815,84.55679772691366,83.32749792600367,85.97309331463315,Estimación adecuada
Comerio,2020-2024,1,75.23982921549162,76.2823374700183,75.31661918768091,77.56326308231411,> e0 observado
Comerio,2020-2024,2,83.75928924043123,83.80362336934967,82.3385967644295,84.81695702927047,Estimación adecuada
Corozal,1980-1984,1,72.8434269620364,72.50027740311636,71.25802714813766,73.82151980133901,Estimación adecuada
Corozal,1980-1984,2,78.49552695365927,78.35223592920774,77.33204810923124,79.83534551642987,Estimación adecuada
Corozal,1985-1989,1,74.16679537755694,73.21225989037481,72.20460565008241,74.27913262561738,Estimación adecuada
Corozal,1985-1989,2,78.31409571064404,78.43836271552914,77.41140539156635,79.41844854516202,Estimación adecuada
Corozal,1990-1994,1,71.27571092432538,71.44911392871552,70.54560590694783,72.5096525582414,Estimación adecuada
Corozal,1990-1994,2,78.71157989908842,78.78733666725806,77.76969032503632,79.74361065724347,Estimación adecuada
Corozal,1995-1999,1,71.90053240132126,72.21742454546563,71.21637615731075,73.17320646168886,Estimación adecuada
Corozal,1995-1999,2,81.05061971042039,80.26892440905051,79.42475204748258,81.24044700688748,Estimación adecuada
Corozal,2000-2004,1,75.40121472632262,74.96289643645379,73.96058024297362,76.0956174033685,Estimación adecuada
Corozal,2000-2004,2,82.32727029969571,81.97730925188017,80.92578609818236,83.37984945466638,Estimación adecuada
Corozal,2005-2009,1,75.29676896497347,75.489596199792,74.57906649749447,76.46175767154574,Estimación adecuada
Corozal,2005-2009,2,81.7668888989548,81.67285429133847,80.79242338400866,82.80001619934697,Estimación adecuada
Corozal,2010-2014,1,76.61800376671373,76.80586469891969,75.62411633240023,77.64923810250906,Estimación adecuada
Corozal,2010-2014,2,83.99620064198638,83.84447773521848,82.90670163216359,85.02427206448748,Estimación adecuada
Corozal,2015-2019,1,78.84838673591865,78.42619397403722,77.3408720624812,79.61847764827581,Estimación adecuada
Corozal,2015-2019,2,84.36621340480359,84.70991174418693,83.51261871839586,86.00679296369591,Estimación adecuada
Corozal,2020-2024,1,76.44862204173214,77.38995839735358,76.2835565900229,78.21725138108266,Estimación adecuada
Corozal,2020-2024,2,85.0591201159125,85.49874394073103,84.20479794614221,86.72933928233701,Estimación adecuada
Culebra,1980-1984,1,94.69722323815856,73.56848329627053,72.03088337194535,76.12437425651672,< e0 observado
Culebra,1980-1984,2,77.11141651027592,80.41285192242242,77.81288104292855,85.62799179825086,> e0 observado
Culebra,1985-1989,1,76.63588305134152,72.952456666317,71.22017892156401,74.46030308239533,< e0 observado
Culebra,1985-1989,2,84.99417166658453,80.70737894991953,78.16538520710463,83.26570718700671,< e0 observado
Culebra,1990-1994,1,75.23127689590049,72.54610597377128,71.02146440501164,75.06807377903257,< e0 observado
Culebra,1990-1994,2,82.2361338517014,80.55926247310958,78.29871160152797,84.00446906851064,Estimación adecuada
Culebra,1995-1999,1,72.53390965878926,72.84600381407394,70.55816837216004,74.8023942618328,Estimación adecuada
Culebra,1995-1999,2,82.74787501668122,81.23519982304506,77.57370224366073,87.15832612971077,Estimación adecuada
Culebra,2000-2004,1,83.74648606676807,75.61090800475705,73.48273365420607,77.60885585991707,< e0 observado
Culebra,2000-2004,2,81.63132549875367,82.9225812947137,80.53705376605483,86.11804070576389,Estimación adecuada
Culebra,2005-2009,1,79.35518350612848,76.24933607004706,74.59656674489175,78.66644516333734,< e0 observado
Culebra,2005-2009,2,87.82645600917449,84.19856121027193,81.96093371526715,87.72363504667535,< e0 observado
Culebra,2010-2014,1,73.27486001063872,77.1111245273679,75.0788065345007,79.38653858380425,> e0 observado
Culebra,2010-2014,2,84.63331186955911,85.10996594193173,82.05589475033437,88.38751863371051,Estimación adecuada
Culebra,2015-2019,1,73.7782353124013,78.2281709256086,75.99207316783162,81.42223521581916,> e0 observado
Culebra,2015-2019,2,82.80860574041759,85.84801090630569,83.5203420519748,89.33971299383641,> e0 observado
Culebra,2020-2024,1,71.17558414919206,77.53684021127029,75.76017482974954,79.52291935788567,> e0 observado
Culebra,2020-2024,2,81.75048505604273,85.25076118793456,82.84754421517218,88.08043728129756,> e0 observado
Dorado,1980-1984,1,73.06768394242143,72.96817543956632,71.74424292242922,74.33452309866965,Estimación adecuada
Dorado,1980-1984,2,79.57134292897321,78.99169192455494,77.9444200292965,80.66632403453733,Estimación adecuada
Dorado,1985-1989,1,70.98138714935332,71.14784355746812,70.03191874854528,72.04295288144768,Estimación adecuada
Dorado,1985-1989,2,79.66708794032925,79.2423073880106,78.10640734259113,80.5215709043164,Estimación adecuada
Dorado,1990-1994,1,70.60163270459446,71.10055037582956,69.94729187433452,72.25448887494777,Estimación adecuada
Dorado,1990-1994,2,79.66123740902555,79.32473116360913,78.27446162460741,80.95623130876733,Estimación adecuada
Dorado,1995-1999,1,71.14661901491276,71.55414621273394,70.66115528442884,72.58042248869974,Estimación adecuada
Dorado,1995-1999,2,79.34231212268777,79.57157401530486,78.43751962840227,80.94677866749555,Estimación adecuada
Dorado,2000-2004,1,72.80125816712727,73.24178297547425,72.31777445827228,74.36565813272918,Estimación adecuada
Dorado,2000-2004,2,80.51547250678337,80.21069965974453,79.32241720939561,81.21147908347028,Estimación adecuada
Dorado,2005-2009,1,74.74216888739862,74.98444238060779,74.14668906785273,76.05647924504115,Estimación adecuada
Dorado,2005-2009,2,81.55921742419945,81.6516366360394,80.50498254203343,82.69875732211943,Estimación adecuada
Dorado,2010-2014,1,77.3972526095473,77.40680952380856,76.45610900703713,78.34376097459486,Estimación adecuada
Dorado,2010-2014,2,83.78650120499329,83.43074281437694,82.24969456857787,84.7849395613782,Estimación adecuada
Dorado,2015-2019,1,79.05317477178703,78.63625480351695,77.46716271703824,79.64850471181867,Estimación adecuada
Dorado,2015-2019,2,85.0361331038058,85.20374536105204,83.56897203738447,86.68624346570218,Estimación adecuada
Dorado,2020-2024,1,77.54648054972814,77.81971382234354,76.88148594334551,78.79792029118487,Estimación adecuada
Dorado,2020-2024,2,87.81728727976584,86.57642355141266,85.29488129638024,87.84261278729193,Estimación adecuada
Fajardo,1980-1984,1,70.97992961345321,70.40024403852665,69.40695264718201,71.42359406166915,Estimación adecuada
Fajardo,1980-1984,2,77.4034006461853,76.91275090382487,75.69046299097587,77.78819459802361,Estimación adecuada
Fajardo,1985-1989,1,71.1887876704971,70.92139669651998,69.94393015094559,71.76590215772667,Estimación adecuada
Fajardo,1985-1989,2,77.37337374894558,77.2563802356413,76.05277599557479,78.49274499254412,Estimación adecuada
Fajardo,1990-1994,1,68.18099629812696,68.6889354650308,68.1092259311227,69.62774993747166,Estimación adecuada
Fajardo,1990-1994,2,78.11474876521702,77.81857708544086,76.62102253903183,78.76289063368348,Estimación adecuada
Fajardo,1995-1999,1,69.86154006659808,70.11340490649604,69.19856888771497,70.92829193019602,Estimación adecuada
Fajardo,1995-1999,2,78.82934233659792,78.54427808110844,77.47681461362009,79.4266358775205,Estimación adecuada
Fajardo,2000-2004,1,71.85134936418909,72.01442274466757,71.21865019137479,72.99172448543764,Estimación adecuada
Fajardo,2000-2004,2,80.31491904964011,79.8529800291985,78.92465823627208,80.64092692976445,Estimación adecuada
Fajardo,2005-2009,1,72.01498955956528,72.49849691433505,71.59067017305571,73.58001900747192,Estimación adecuada
Fajardo,2005-2009,2,80.42579698255476,80.30636010197436,79.53608897390382,81.5193310179497,Estimación adecuada
Fajardo,2010-2014,1,73.1648079564502,74.16254683849394,72.98484425313596,75.12657552166459,Estimación adecuada
Fajardo,2010-2014,2,81.74247222384632,81.2923084945423,80.33917807462203,82.28872081410128,Estimación adecuada
Fajardo,2015-2019,1,76.15087862256587,76.67817987008374,75.63635284404342,77.71952523548838,Estimación adecuada
Fajardo,2015-2019,2,83.7123556023456,83.69561326782033,82.70010508790054,84.87666711975996,Estimación adecuada
Fajardo,2020-2024,1,74.31868957649468,74.87122194897555,73.74718258187643,75.81853276821894,Estimación adecuada
Fajardo,2020-2024,2,83.33111283123691,83.36695924053623,82.37882846465541,84.5002997894202,Estimación adecuada
Florida,1980-1984,1,71.06938753374574,71.34465461978863,70.14757814331278,73.06232240023101,Estimación adecuada
Florida,1980-1984,2,79.21775098528943,78.39704990797188,76.69689063570746,80.71047047779805,Estimación adecuada
Florida,1985-1989,1,70.64603223425698,70.73031170667669,69.14668654538127,72.57964334995746,Estimación adecuada
Florida,1985-1989,2,74.85144353276169,77.08765918020164,75.85502418959743,78.74648792329174,> e0 observado
Florida,1990-1994,1,70.01533527514864,70.50276554487479,69.33427488024222,71.72363871436065,Estimación adecuada
Florida,1990-1994,2,75.40391537650423,77.19169702026645,75.82134093343072,78.49276303363035,> e0 observado
Florida,1995-1999,1,71.65894113726901,71.52147589647151,70.35728503506812,73.0623089698782,Estimación adecuada
Florida,1995-1999,2,77.29790147374477,78.00248321037708,76.76951856048206,79.7909014401392,Estimación adecuada
Florida,2000-2004,1,75.01444427678842,73.89613901511132,72.43986459729712,75.41671670482415,Estimación adecuada
Florida,2000-2004,2,81.08965307946796,80.85434411874508,79.41636856444813,82.0372566985795,Estimación adecuada
Florida,2005-2009,1,76.54783220170152,74.74456274728064,73.76835358267343,76.08014898581513,< e0 observado
Florida,2005-2009,2,80.52310433234075,80.88670726211859,79.3650576835457,82.59113668727655,Estimación adecuada
Florida,2010-2014,1,79.58931937931183,77.4098187468193,75.9764027858987,79.02170145029055,< e0 observado
Florida,2010-2014,2,84.35262381150902,83.01067736764494,81.42361318503006,84.7160072502902,Estimación adecuada
Florida,2015-2019,1,77.39963673465637,77.17842835652098,75.90131452179853,78.5970645781256,Estimación adecuada
Florida,2015-2019,2,83.04749257512822,83.73522566449536,82.31144608456137,85.272202070531307,Estimación adecuada
Florida,2020-2024,1,76.48138637441758,77.23040558454355,75.85673348430616,78.52836099678515,Estimación adecuada
Florida,2020-2024,2,86.57028869211995,85.86902883289933,83.92933402875275,88.03958450119126,Estimación adecuada
Guanica,1980-1984,1,70.29160656173029,70.08076378598528,68.72920255722939,71.07001648237218,Estimación adecuada
Guanica,1980-1984,2,77.02589204137094,76.79692769818197,75.39627289713647,78.01455177253649,Estimación adecuada
Guanica,1985-1989,1,69.64590752945972,69.63186074445915,68.65836620210499,70.63925858551168,Estimación adecuada
Guanica,1985-1989,2,76.96194389846337,76.78374874120772,75.53676742045572,77.97902673090881,Estimación adecuada
Guanica,1990-1994,1,69.00330089577055,69.11981906029227,67.9928320513779,70.28563549831864,Estimación adecuada
Guanica,1990-1994,2,77.43314529873244,77.06389888726918,75.90332142096709,78.05324198981342,Estimación adecuada
Guanica,1995-1999,1,68.75925697690468,69.3282984491953,68.17977134138295,70.28791196594098,Estimación adecuada
Guanica,1995-1999,2,76.88365176255945,77.01284536965154,76.12415069069075,78.25231872702798,Estimación adecuada
Guanica,2000-2004,1,72.36855900985053,72.14828528527667,71.07160272158922,73.32331470920654,Estimación adecuada
Guanica,2000-2004,2,78.3128127578213,78.57994922941627,77.68184316932981,79.98677734703772,Estimación adecuada
Guanica,2005-2009,1,71.69965700518571,72.20783844347974,70.89620052010045,73.40852531461726,Estimación adecuada
Guanica,2005-2009,2,80.3960001801447,79.96677824859904,78.78435575768324,81.14283393853623,Estimación adecuada
Guanica,2010-2014,1,75.43056531334524,74.77578442330287,73.45902871500097,75.90246246482184,Estimación adecuada
Guanica,2010-2014,2,80.57778836738088,81.1129401892531,79.94279338168451,82.56304899477706,Estimación adecuada
Guanica,2015-2019,1,74.6061778340804,74.6306848807318,73.58665498286105,75.75260671928521,Estimación adecuada
Guanica,2015-2019,2,81.3148683326643,81.76725268191603,80.5079698005212,82.70417611454505,Estimación adecuada
Guanica,2020-2024,1,73.35967274163447,74.57545186285716,73.24283822348039,75.76700348111848,Estimación adecuada
Guanica,2020-2024,2,82.11869011623037,81.99844291827074,80.60723497883276,83.34786667881497,Estimación adecuada
Guayama,1980-1984,1,70.24592277647761,70.21026619570681,69.3110985401825,71.23235697809127,Estimación adecuada
Guayama,1980-1984,2,76.94736099895414,76.80536716150205,75.92101292431887,77.95723426136664,Estimación adecuada
Guayama,1985-1989,1,69.18407376779939,69.44226491115313,68.49372972714568,70.39804672940622,Estimación adecuada
Guayama,1985-1989,2,77.01984994163914,76.87151204150439,75.85870130722674,77.83321455837557,Estimación adecuada
Guayama,1990-1994,1,69.12774545799293,69.5908007951199,68.48831843480343,70.44210024646584,Estimación adecuada
Guayama,1990-1994,2,78.26536534527779,77.7848206437971,76.74862949264406,78.72280826725273,Estimación adecuada
Guayama,1995-1999,1,69.89298463348949,70.05464686878459,69.23597867250322,71.00631597353824,Estimación adecuada
Guayama,1995-1999,2,79.36097539479375,78.72064227068506,77.72773089393004,79.5653205143517,Estimación adecuada
Guayama,2000-2004,1,71.73959231092829,71.95611859934016,71.2070186252542,72.74074857627829,Estimación adecuada
Guayama,2000-2004,2,80.42361640554877,80.07555985400649,79.02626302385218,81.08730623386288,Estimación adecuada
Guayama,2005-2009,1,74.004627225837,73.62638930521594,72.78356377746542,74.51336474448658,Estimación adecuada
Guayama,2005-2009,2,80.66196990050479,80.47437951054945,79.51773440205754,81.44869934414928,Estimación adecuada
Guayama,2010-2014,1,76.0922078825251,75.52447892841064,74.6740402758528,76.42948187880283,Estimación adecuada
Guayama,2010-2014,2,82.22460967328485,81.8939055866442,80.90904934457512,82.8848055923806,Estimación adecuada
Guayama,2015-2019,1,76.61959145312574,76.60728156622918,75.53376679059795,77.58330866084867,Estimación adecuada
Guayama,2015-2019,2,83.4142713899816,83.34580685482072,82.43998443439756,84.40148582680382,Estimación adecuada
Guayama,2020-2024,1,73.93879414262592,75.10212038246095,74.06084319622092,76.0781137066422,> e0 observado
Guayama,2020-2024,2,82.33975114826434,82.58898028743803,81.76607721415519,83.45263403952714,Estimación adecuada
Guayanilla,1980-1984,1,72.58983279684577,71.65079588936777,70.50577069827355,72.73936812615979,Estimación adecuada
Guayanilla,1980-1984,2,77.53353824728316,77.53855288825943,76.25858072045781,78.9712912279914,Estimación adecuada
Guayanilla,1985-1989,1,70.73661721916349,70.43656708356643,69.4786131283947,71.40351855028699,Estimación adecuada
Guayanilla,1985-1989,2,76.86235560972376,76.73407492210441,75.91305007356301,78.03795988043083,Estimación adecuada
Guayanilla,1990-1994,1,72.37752924339648,71.40963176671968,70.37428944301818,72.70884414770292,Estimación adecuada
Guayanilla,1990-1994,2,78.55250974931681,78.04627099837744,77.02241161250193,78.76409414627926,Estimación adecuada
Guayanilla,1995-1999,1,72.22131902455737,71.30869952113028,70.16396397257071,72.56409070061363,Estimación adecuada
Guayanilla,1995-1999,2,79.14608996325278,78.6614935072694,77.42688170851441,79.81524639247692,Estimación adecuada
Guayanilla,2000-2004,1,74.05744082522244,73.43501558533384,72.46353902706707,74.5990648188965,Estimación adecuada
Guayanilla,2000-2004,2,80.06971551607721,79.82280932452711,78.86545501372439,80.9234537585058,Estimación adecuada
Guayanilla,2005-2009,1,73.36781184296053,73.66255491596141,72.77611282469898,74.74022326330473,Estimación adecuada
Guayanilla,2005-2009,2,79.74433091795808,79.80999109679476,78.60674953030048,80.75960213379032,Estimación adecuada
Guayanilla,2010-2014,1,77.2541883457964,76.07197806064991,75.02810397875885,77.25484744071682,Estimación adecuada
Guayanilla,2010-2014,2,79.95617529124827,80.93874377647049,79.8143477878653,81.93100080982339,Estimación adecuada
Guayanilla,2015-2019,1,74.50306944491258,76.01768321963303,74.8243265818235,77.16747478384843,> e0 observado
Guayanilla,2015-2019,2,85.47648018860491,84.20853085158092,82.94415444722524,86.0823387736753,Estimación adecuada
Guayanilla,2020-2024,1,73.73722385919334,75.17442855550446,74.16463659786584,75.89551035612504,> e0 observado
Guayanilla,2020-2024,2,84.46851671921503,84.59583419497525,83.03094694355673,85.9425078192046,Estimación adecuada
Guaynabo,1980-1984,1,73.33304020193007,73.27300570521277,72.72471247823428,73.97888877784075,Estimación adecuada
Guaynabo,1980-1984,2,79.57395565229348,79.1895176766015,78.64537395127135,80.14015298843503,Estimación adecuada
Guaynabo,1985-1989,1,73.30720790413426,73.30085576830513,72.63218437418254,74.18849637088286,Estimación adecuada
Guaynabo,1985-1989,2,80.7449894765543,80.43429025259294,79.59356190108551,81.29919910291795,Estimación adecuada
Guaynabo,1990-1994,1,71.64759712414893,72.00029260445004,71.36212608760954,72.76576851366369,Estimación adecuada
Guaynabo,1990-1994,2,80.46155681333546,80.38727551801921,79.55482697930923,81.2500274652088,Estimación adecuada
Guaynabo,1995-1999,1,71.70557982807048,72.25872142729398,71.57371217775767,72.93275866855782,Estimación adecuada
Guaynabo,1995-1999,2,81.61582636139954,81.44184940526813,80.4812032100356,82.39343337998321,Estimación adecuada
Guaynabo,2000-2004,1,74.5460879922691,74.84483551717193,74.21045875260295,75.57287239888284,Estimación adecuada
Guaynabo,2000-2004,2,82.43363591097874,82.29119668376813,81.72848642466093,83.22292335039916,Estimación adecuada
Guaynabo,2005-2009,1,75.40004142189414,75.7462110220446,75.188484280935,76.34567333776283,Estimación adecuada
Guaynabo,2005-2009,2,83.59622113263238,83.6427019005223,82.89757824899444,84.35846066941517,Estimación adecuada
Guaynabo,2010-2014,1,77.3578270076508,77.63295110182838,76.84805968635322,78.27761856726707,Estimación adecuada
Guaynabo,2010-2014,2,84.62289097742051,84.3620482482491,83.71789809823646,85.17043651677162,Estimación adecuada
Guaynabo,2015-2019,1,79.63090232574721,79.35716438378631,78.6249028123825,80.11624823887928,Estimación adecuada
Guaynabo,2015-2019,2,86.62280196774702,86.2430044692452,85.46396039038481,87.16873437072951,Estimación adecuada
Guaynabo,2020-2024,1,77.36899877443203,77.7559349044551,77.0508746361947,78.5135753496475,Estimación adecuada
Guaynabo,2020-2024,2,86.85241919025239,86.79121294373894,85.8880927862727,87.57601950733414,Estimación adecuada
Gurabo,1980-1984,1,72.10043466021936,72.04745810949235,70.80592030059047,73.16952413341151,Estimación adecuada
Gurabo,1980-1984,2,77.21298943234297,77.6926632171207,76.45966372667813,78.95955201775362,Estimación adecuada
Gurabo,1985-1989,1,72.09864341259255,72.14442671024025,71.10716792530292,73.14253677578009,Estimación adecuada
Gurabo,1985-1989,2,77.83980186096333,78.03726933663424,77.2228936156536,79.30304622449243,Estimación adecuada
Gurabo,1990-1994,1,70.06358422124045,70.67116781663574,69.86562115690478,71.62858983666334,Estimación adecuada
Gurabo,1990-1994,2,78.93586566639773,78.9753652349443,77.91355688096276,80.12049794481706,Estimación adecuada
Gurabo,1995-1999,1,72.62979875914179,72.53587741303402,71.6814227502092,73.51612880011693,Estimación adecuada
Gurabo,1995-1999,2,78.37596544908041,78.71436991183353,77.64524181921652,79.95014992693322,Estimación adecuada
Gurabo,2000-2004,1,73.72455425616529,73.8992557972746,72.97693423975056,75.06076311355955,Estimación adecuada
Gurabo,2000-2004,2,82.16347596555325,81.61598005999991,80.3288450829761,82.8512144439528,Estimación adecuada
Gurabo,2005-2009,1,75.38673648949066,75.51716109338251,74.70598585829947,76.56986867676416,Estimación adecuada
Gurabo,2005-2009,2,82.71710063140857,82.31218411143416,81.09311086578228,83.71030156894187,Estimación adecuada
Gurabo,2010-2014,1,75.74184183502217,76.25732285746707,75.17972260004333,77.4668079290808,Estimación adecuada
Gurabo,2010-2014,2,83.66012445857517,83.39055990098181,82.24195830633826,84.8097354318576,Estimación adecuada
Gurabo,2015-2019,1,77.82655629619259,77.96428263733756,76.8100785099062,78.96596960523073,Estimación adecuada
Gurabo,2015-2019,2,86.3751275135532,85.86457347070669,84.54751194662785,87.4913309133642,Estimación adecuada
Gurabo,2020-2024,1,78.1508349062683,77.80539304723877,76.96079873584881,78.70096755214966,Estimación adecuada
Gurabo,2020-2024,2,85.11563140762924,84.70610027280497,83.80176864745204,85.85908453313087,Estimación adecuada
Hatillo,1980-1984,1,71.99152036613721,72.40826911490288,71.38620043835942,73.37011289191153,Estimación adecuada
Hatillo,1980-1984,2,78.9802986931572,78.9246088905907,77.8999000595056,80.03664786058002,Estimación adecuada
Hatillo,1985-1989,1,72.73472078364017,72.41595548820843,71.39957029497776,73.72962078567384,Estimación adecuada
Hatillo,1985-1989,2,79.39464399636921,79.34170704842873,78.02432007716656,80.50442489171748,Estimación adecuada
Hatillo,1990-1994,1,72.2998423174012,72.12071866430416,71.10227888647982,72.97537632038532,Estimación adecuada
Hatillo,1990-1994,2,78.56900864145167,78.34487979171045,77.44364573923053,79.15008817316391,Estimación adecuada
Hatillo,1995-1999,1,72.51848608651568,72.30835662466349,71.48279093793155,73.38057731122426,Estimación adecuada
Hatillo,1995-1999,2,78.33281615395789,78.35999085733407,77.60767196624155,79.37437130019535,Estimación adecuada
Hatillo,2000-2004,1,74.45467151298737,74.01341618467008,73.18506394039592,74.95814577328957,Estimación adecuada
Hatillo,2000-2004,2,80.50637914886045,80.45296024629687,79.55575801454671,81.31036175930058,Estimación adecuada
Hatillo,2005-2009,1,75.71645524793598,75.29978376614997,74.34722963734416,76.2813640660062,Estimación adecuada
Hatillo,2005-2009,2,81.90357972932111,81.85550311229636,81.09489953734132,82.97559315333035,Estimación adecuada
Hatillo,2010-2014,1,77.71502056183984,77.20423837133183,76.22350158761625,78.15314128106542,Estimación adecuada
Hatillo,2010-2014,2,83.87031312176076,83.53967124808887,82.35765291898029,84.74601232542426,Estimación adecuada
Hatillo,2015-2019,1,79.67724729389147,79.17358247904673,78.0144271969117,80.24719128829975,Estimación adecuada
Hatillo,2015-2019,2,84.83403759511111,84.40727368983599,83.55534272892493,85.3403645157745,Estimación adecuada
Hatillo,2020-2024,1,78.47632497278812,78.3111287730877,77.27349219686761,79.19427813130528,Estimación adecuada
Hatillo,2020-2024,2,86.14610937096411,85.17340308828187,84.1585389662105,86.16016993779058,Estimación adecuada
Hormigueros,1980-1984,1,74.05856561737721,73.5623113757905,72.34875289387975,75.00448956783686,Estimación adecuada
Hormigueros,1980-1984,2,79.84974137268954,80.23619298043783,78.51490290270286,82.25151077486089,Estimación adecuada
Hormigueros,1985-1989,1,73.08737524946572,73.03206292183611,71.80980866855191,74.2653393458194,Estimación adecuada
Hormigueros,1985-1989,2,77.720059693455,79.17867656418922,77.83349352291422,80.55438412229364,> e0 observado
Hormigueros,1990-1994,1,74.61350802067456,73.25344491837431,72.12021359264779,74.34042665957374,< e0 observado
Hormigueros,1990-1994,2,81.39461486989457,80.54368784459422,79.34849265984363,82.04592317798394,Estimación adecuada
Hormigueros,1995-1999,1,74.87703445651637,73.76082505471577,72.59189239727314,75.17236816095382,Estimación adecuada
Hormigueros,1995-1999,2,80.45280069334801,80.20167263503878,79.18895745164022,81.5908653659184,Estimación adecuada
Hormigueros,2000-2004,1,75.50618073944777,75.28863117153458,74.05633880998874,76.4296382220752,Estimación adecuada
Hormigueros,2000-2004,2,82.3521641939344,82.06575084961393,80.68386530472318,83.54607300938785,Estimación adecuada
Hormigueros,2005-2009,1,76.10054922666298,76.19323555146295,75.01345343850333,77.38396498097222,Estimación adecuada
Hormigueros,2005-2009,2,84.62944320284578,83.78800949063587,82.49763578210045,85.19620763576333,Estimación adecuada
Hormigueros,2010-2014,1,76.11918178416535,76.97805171248206,75.81962513492539,78.1260849232686,Estimación adecuada
Hormigueros,2010-2014,2,82.71051389712174,83.4064237121789,82.25354977836633,84.7699427981029,Estimación adecuada
Hormigueros,2015-2019,1,77.91392313609006,78.41980893587127,77.20126835646265,79.75666028521978,Estimación adecuada
Hormigueros,2015-2019,2,85.81866120513573,86.347543999711,84.53304629808358,88.54899518183686,Estimación adecuada
Hormigueros,2020-2024,1,78.36911216509105,78.83205872317868,77.70206753346156,79.93864357142766,Estimación adecuada
Hormigueros,2020-2024,2,86.17552522276296,86.19402046537822,84.64423277582014,87.7125630662963,Estimación adecuada
Humacao,1980-1984,1,70.58258576927221,70.7418823669089,70.03088305784723,71.64443198711831,Estimación adecuada
Humacao,1980-1984,2,75.89477228552336,76.20237865133642,75.50441726861692,77.12847643754388,Estimación adecuada
Humacao,1985-1989,1,70.67071512913827,70.88003579514398,69.97337310968155,71.76261441544818,Estimación adecuada
Humacao,1985-1989,2,78.26869595391119,77.97513483124902,76.95381617261148,78.8639031854645,Estimación adecuada
Humacao,1990-1994,1,69.59966588678492,69.9108449898065,69.0114276322816,70.79494425313604,Estimación adecuada
Humacao,1990-1994,2,78.98527536141168,78.51828303363712,77.77746026224872,79.48561129687738,Estimación adecuada
Humacao,1995-1999,1,71.67034271113566,71.451993403501,70.41771017363382,72.43803113384743,Estimación adecuada
Humacao,1995-1999,2,78.50994029948488,78.25774074741432,77.50434264909666,79.13168255738108,Estimación adecuada
Humacao,2000-2004,1,73.45461991775991,73.44991194190757,72.60330318649366,74.16093037033968,Estimación adecuada
Humacao,2000-2004,2,79.72370844675466,79.9837481404956,79.19491391713427,80.70971991848378,Estimación adecuada
Humacao,2005-2009,1,73.61846549183731,73.91141027871745,73.15679459410124,74.75799144273155,Estimación adecuada
Humacao,2005-2009,2,81.80291929231979,81.53181344879067,80.5243179005262,82.5956656130794,Estimación adecuada
Humacao,2010-2014,1,75.80326051258055,75.90934976913508,74.94438530944025,76.67860282015391,Estimación adecuada
Humacao,2010-2014,2,83.58584598942798,83.02020265511891,82.22762150200955,83.81997168506773,Estimación adecuada
Humacao,2015-2019,1,76.7386829389743,77.34358952425002,76.27861988780263,78.38783109564154,Estimación adecuada
Humacao,2015-2019,2,84.86787206578826,84.41548812538639,83.54970788970836,85.65573381446718,Estimación adecuada
Humacao,2020-2024,1,76.7404128820364,77.40167787423886,76.41999358878377,78.38086295352856,Estimación adecuada
Humacao,2020-2024,2,84.233200245355,84.31960240062472,83.39755448289529,85.27100656620254,Estimación adecuada
Isabela,1980-1984,1,73.09738020117423,72.76448818931385,71.89325565227435,73.71144085759175,Estimación adecuada
Isabela,1980-1984,2,77.82732250278018,77.76074900000205,76.8963476686956,79.05127556270949,Estimación adecuada
Isabela,1985-1989,1,71.58083949829111,71.57614463898321,70.77540495063587,72.36626135609683,Estimación adecuada
Isabela,1985-1989,2,78.50099967900502,78.22781456899736,77.18509429435724,79.25598732331694,Estimación adecuada
Isabela,1990-1994,1,72.0475169163787,71.6624048237527,70.92282764703454,72.48886692832116,Estimación adecuada
Isabela,1990-1994,2,78.52411999469241,78.36302364897416,77.42846873673486,79.43921534900582,Estimación adecuada
Isabela,1995-1999,1,71.86251133480623,71.67273270280236,70.71570911978202,72.47574897082922,Estimación adecuada
Isabela,1995-1999,2,79.50480811685766,79.22764072781726,78.28412539171566,80.51964773394153,Estimación adecuada
Isabela,2000-2004,1,73.31643311223908,73.27631657098193,72.48413998930755,73.8994550753688,Estimación adecuada
Isabela,2000-2004,2,79.66880055796743,79.80116083057567,78.95405670244409,80.71250080936687,Estimación adecuada
Isabela,2005-2009,1,75.53006169201437,74.89592497251365,73.99521012828365,75.69112425020981,Estimación adecuada
Isabela,2005-2009,2,80.46868606139569,80.61627948270299,79.7269244891019,81.64029839593918,Estimación adecuada
Isabela,2010-2014,1,76.3459756319445,76.05086895512375,75.2598832303091,76.93382697104063,Estimación adecuada
Isabela,2010-2014,2,82.99199255121863,82.60068004588473,81.52313100869074,83.64703244418268,Estimación adecuada
Isabela,2015-2019,1,78.28631956544136,77.80595679658816,76.88684593337842,78.93167588891767,Estimación adecuada
Isabela,2015-2019,2,84.46499781522432,84.01257185245983,83.38503812641869,85.16085769854956,Estimación adecuada
Isabela,2020-2024,1,78.44494383134611,77.55703787493226,76.61964830280851,78.58367094733623,Estimación adecuada
Isabela,2020-2024,2,84.54430409037892,84.9851288588095,83.88514194384351,85.90077262159326,Estimación adecuada
Jayuya,1980-1984,1,71.54820346169252,71.67052027891845,70.50014562166855,72.85298104625929,Estimación adecuada
Jayuya,1980-1984,2,75.83217282493807,77.36992833850076,76.02714894802577,78.81867884272668,> e0 observado
Jayuya,1985-1989,1,71.8852739133792,71.48244524244384,70.50732661938332,72.7278539641571,Estimación adecuada
Jayuya,1985-1989,2,75.89535009908417,77.25836672685162,75.95870635554934,78.66144561013886,> e0 observado
Jayuya,1990-1994,1,71.61501384784762,71.03810114168652,69.93732884430455,72.45639050975211,Estimación adecuada
Jayuya,1990-1994,2,76.60405912768891,78.05205440399149,76.88482067883868,79.29182417471188,> e0 observado
Jayuya,1995-1999,1,72.762612067533,72.15895127132859,71.14133804586655,73.36911921216237,Estimación adecuada
Jayuya,1995-1999,2,78.02341987371616,78.7225057704942,77.35839286844785,79.87589586846308,Estimación adecuada
Jayuya,2000-2004,1,74.804694975474,73.82109237422024,72.48773337557277,74.90382881408863,Estimación adecuada
Jayuya,2000-2004,2,82.26030453801704,81.84149443368672,80.25293538720737,83.72843487646335,Estimación adecuada
Jayuya,2005-2009,1,76.29392429833622,75.65504921067452,74.44024059815096,76.83854783382242,Estimación adecuada
Jayuya,2005-2009,2,83.26574991380474,82.38009269925308,80.82755902994501,83.78014758299432,Estimación adecuada
Jayuya,2010-2014,1,77.86670993006521,76.99025159899949,75.89701264163702,78.31352799037792,Estimación adecuada
Jayuya,2010-2014,2,83.01935062086235,83.03986314635766,81.54226137918661,84.75663142287715,Estimación adecuada
Jayuya,2015-2019,1,79.09662441043547,78.07264225771183,76.97441471182228,79.41407419300162,Estimación adecuada
Jayuya,2015-2019,2,86.09536520292538,85.80745123536684,83.88011094797729,87.90397879861274,Estimación adecuada
Jayuya,2020-2024,1,80.33778345942194,79.15105554465279,77.88312503330314,81.09710790835013,Estimación adecuada
Jayuya,2020-2024,2,86.05790395955583,85.48709300642854,83.9419287947238,87.07666643606188,Estimación adecuada
Juana Diaz,1980-1984,1,71.10192241498234,70.89080156708889,70.14130154961681,71.6217783740354,Estimación adecuada
Juana Diaz,1980-1984,2,76.03760260059695,76.42238245022602,75.56948367949255,77.35816064424144,Estimación adecuada
Juana Diaz,1985-1989,1,70.59066146569734,70.62300539125111,70.03206130739372,71.42040701190564,Estimación adecuada
Juana Diaz,1985-1989,2,77.72376003285237,77.81053456727926,76.84764376639694,78.93610588920387,Estimación adecuada
Juana Diaz,1990-1994,1,70.59462619152536,70.51212002841686,69.60679247517041,71.31949810107076,Estimación adecuada
Juana Diaz,1990-1994,2,77.80758248720088,77.89922403467975,77.12785346762368,78.62098775877863,Estimación adecuada
Juana Diaz,1995-1999,1,70.63826210363753,70.68110355509728,69.93555244655506,71.35458991442744,Estimación adecuada
Juana Diaz,1995-1999,2,78.23721855538598,78.10066165483735,77.33028621037943,78.9745819140908,Estimación adecuada
Juana Diaz,2000-2004,1,72.42010194033637,72.68292211789081,71.87328832611871,73.44182356806726,Estimación adecuada
Juana Diaz,2000-2004,2,80.07095731748443,80.00898953688325,79.14259104343779,81.19958746299983,Estimación adecuada
Juana Diaz,2005-2009,1,74.09224072675535,74.31435994301253,73.57734862793625,75.09073486829361,Estimación adecuada
Juana Diaz,2005-2009,2,81.70478408921697,81.4397925591486,80.52605527887094,82.48258728230391,Estimación adecuada
Juana Diaz,2010-2014,1,75.9826744595313,75.97418308067097,75.16378345238451,76.65654203366074,Estimación adecuada
Juana Diaz,2010-2014,2,82.91141974537287,82.66843884505558,81.77946531101739,83.8145540910958,Estimación adecuada
Juana Diaz,2015-2019,1,77.4756453319244,77.40389152451687,76.55198222270076,78.30834691019533,Estimación adecuada
Juana Diaz,2015-2019,2,86.60689455981232,85.88566626641425,84.57165587557486,87.32562998680973,Estimación adecuada
Juana Diaz,2020-2024,1,76.12481522857756,76.61477619210166,75.67068258769655,77.49240289214308,Estimación adecuada
Juana Diaz,2020-2024,2,86.09723573194701,85.34710898744963,84.29270381660123,86.60992312193622,Estimación adecuada
Juncos,1980-1984,1,70.4832974097173,70.67512438159332,69.59134434017223,71.59511730301006,Estimación adecuada
Juncos,1980-1984,2,77.17475536145652,77.00797283054806,76.05409063281229,78.3678758529137,Estimación adecuada
Juncos,1985-1989,1,69.32349287604664,70.00782836748674,68.9292901938887,70.90443970738117,Estimación adecuada
Juncos,1985-1989,2,77.84087141019062,77.60534035571452,76.51799893151977,78.49231195700202,Estimación adecuada
Juncos,1990-1994,1,69.26314387145591,69.70596982064484,68.68413256416474,70.5462897183603,Estimación adecuada
Juncos,1990-1994,2,78.64376251745605,78.37386542873298,77.3531866889924,79.21036469983727,Estimación adecuada
Juncos,1995-1999,1,70.43259716290989,70.53702083179975,69.79398412712368,71.46832476851019,Estimación adecuada
Juncos,1995-1999,2,78.88321244236762,78.78279915285756,77.84852833610393,79.54801695994315,Estimación adecuada
Juncos,2000-2004,1,73.50676785386435,73.3082651751154,72.375758584973,74.51178469660866,Estimación adecuada
Juncos,2000-2004,2,80.82760129992721,80.36033269681272,79.35581171300878,81.45586120372278,Estimación adecuada
Juncos,2005-2009,1,72.5823719234395,73.17062339611755,72.1733217104213,73.98180964565168,Estimación adecuada
Juncos,2005-2009,2,80.29148928265256,80.26783744048731,79.20948911564466,81.46025955613631,Estimación adecuada
Juncos,2010-2014,1,74.05814861532626,74.69996565529658,73.76094513643375,75.58106946582424,Estimación adecuada
Juncos,2010-2014,2,82.42841718245143,82.42570834732231,81.29408510048995,84.04010190633633,Estimación adecuada
Juncos,2015-2019,1,76.99651467647962,76.99479224639882,75.94213978195145,77.72413650634218,Estimación adecuada
Juncos,2015-2019,2,83.23323259682593,83.4379503335035,82.04311225258452,84.52824961086532,Estimación adecuada
Juncos,2020-2024,1,76.96779959385644,76.59893301886481,75.19402226906888,77.8221401501695,Estimación adecuada
Juncos,2020-2024,2,85.00221618874696,84.44217891337205,83.33110481605985,85.87419225530212,Estimación adecuada
Lajas,1980-1984,1,72.46316902920564,72.10506275556077,70.88921800374897,72.88398823300682,Estimación adecuada
Lajas,1980-1984,2,77.35030656462364,77.85086753731764,76.88894145093958,78.97936887548525,Estimación adecuada
Lajas,1985-1989,1,73.36206024807198,72.52809599091974,71.55252326583297,73.5367729440388,Estimación adecuada
Lajas,1985-1989,2,77.65847465397064,77.65998865506805,76.60688576548817,78.82553330429073,Estimación adecuada
Lajas,1990-1994,1,72.37357825429245,72.08644578567106,70.8376094504286,73.17928335415974,Estimación adecuada
Lajas,1990-1994,2,79.66328406009775,79.16107707311966,78.35970458189868,80.28957444446948,Estimación adecuada
Lajas,1995-1999,1,72.56496891931091,72.16501809072034,71.10840492590978,73.20157470468882,Estimación adecuada
Lajas,1995-1999,2,79.70456393493818,79.6945507771814,78.60008931545372,80.84039697477803,Estimación adecuada
Lajas,2000-2004,1,74.14208023792457,73.8358654911438,72.63848767986528,74.91641705664257,Estimación adecuada
Lajas,2000-2004,2,81.18752068509266,80.80566290657893,79.89323951126411,82.04196968048913,Estimación adecuada
Lajas,2005-2009,1,76.68683187769454,75.49761873057406,74.46599013441687,76.1924820667974,< e0 observado
Lajas,2005-2009,2,81.73140373208773,81.62183427049857,80.55893140772451,82.96947204818949,Estimación adecuada
Lajas,2010-2014,1,76.92095663234578,76.43161368212779,75.29820077390886,77.6635924060307,Estimación adecuada
Lajas,2010-2014,2,83.39940774512145,83.59873005576402,82.20699169323171,84.71834626752326,Estimación adecuada
Lajas,2015-2019,1,79.16417400599892,78.3347178906552,77.15592325823732,79.79849133422462,Estimación adecuada
Lajas,2015-2019,2,84.33383648976294,84.6035513048553,83.34663021715564,86.12595692378383,Estimación adecuada
Lajas,2020-2024,1,78.13171144418278,77.58162190358813,76.48676964326621,78.73625852824611,Estimación adecuada
Lajas,2020-2024,2,85.69664696158718,85.53003852523956,83.99187194763216,86.77386090970201,Estimación adecuada
Lares,1980-1984,1,70.93967460008611,71.58542682685216,70.42329315176656,72.538898545113085,Estimación adecuada
Lares,1980-1984,2,80.07304720190547,79.59656865304842,78.26577291131196,81.34203248818335,Estimación adecuada
Lares,1985-1989,1,72.07284835603735,72.2287755379974,71.31840123861673,73.2584262993491,Estimación adecuada
Lares,1985-1989,2,80.12906339800288,79.35419493691603,78.45642278721182,80.83426091097925,Estimación adecuada
Lares,1990-1994,1,71.99408741634562,71.96068974842797,70.91053706610745,72.93151277891232,Estimación adecuada
Lares,1990-1994,2,78.72924701770712,78.7423632719495,77.55663413786785,79.60790616329413,Estimación adecuada
Lares,1995-1999,1,74.58529726703922,73.83299972380624,72.63353053075633,75.03902539970473,Estimación adecuada
Lares,1995-1999,2,81.29595428708723,80.68058079045285,79.42792452352967,81.92708277202996,Estimación adecuada
Lares,2000-2004,1,75.1110712856121,74.7644153731853,73.85511532328462,75.57001301275376,Estimación adecuada
Lares,2000-2004,2,81.70641489338435,81.78156073488337,80.53415795508997,82.89014813212597,Estimación adecuada
Lares,2005-2009,1,76.5462882162104,75.79859546073932,74.97702455930956,76.59517699387456,Estimación adecuada
Lares,2005-2009,2,82.28400989612267,82.05154410276268,80.72153291326404,83.42614479116355,Estimación adecuada
Lares,2010-2014,1,79.39080265192932,78.25769067072136,77.33658418232565,79.44120189560998,Estimación adecuada
Lares,2010-2014,2,82.72140750112155,82.43148619154084,81.29246587841646,83.32992447895293,Estimación adecuada
Lares,2015-2019,1,78.13032401868809,77.76687980255274,77.06769398946533,78.63509768531442,Estimación adecuada
Lares,2015-2019,2,84.424471152182,84.30816078094352,83.34944370840005,85.52930370538377,Estimación adecuada
Lares,2020-2024,1,77.84495769277572,78.07921428180116,77.06044528258533,79.0455135147011,Estimación adecuada
Lares,2020-2024,2,84.10188803972103,84.61541602507626,83.63282388293655,85.6042517487952,Estimación adecuada
Las Marias,1980-1984,1,73.81563474744125,73.55472334585346,72.06932677995226,74.58607288333945,Estimación adecuada
Las Marias,1980-1984,2,83.88520673112671,81.33826427649623,79.48501353074775,84.12080429177954,Estimación adecuada
Las Marias,1985-1989,1,73.62469730038673,73.31714877988728,71.89903773329246,75.03690948457795,Estimación adecuada
Las Marias,1985-1989,2,78.14820547870697,79.71468091278189,78.0907663578064,81.45551553133703,Estimación adecuada
Las Marias,1990-1994,1,74.00881730690156,73.09465988240183,71.98231827492317,74.56778861853078,Estimación adecuada
Las Marias,1990-1994,2,80.22328205184606,80.52586435042394,78.92296476757966,83.16043406226126,Estimación adecuada
Las Marias,1995-1999,1,75.13206537448636,73.87782536375009,72.3962521227046,75.62678987686063,Estimación adecuada
Las Marias,1995-1999,2,81.22000339132549,81.161867115698,79.2127681489361,83.0130626536936,Estimación adecuada
Las Marias,2000-2004,1,77.0746887546824,75.78404651536486,74.47051582960958,76.89978178325826,< e0 observado
Las Marias,2000-2004,2,81.22993587246654,82.6087358038945,80.86686037195958,85.39591420596452,Estimación adecuada
Las Marias,2005-2009,1,78.94241289794024,77.13223741757548,75.6963111523812,78.94069242232413,< e0 observado
Las Marias,2005-2009,2,82.45741722564794,83.29235000645764,81.48501960204757,86.00658492727979,Estimación adecuada
Las Marias,2010-2014,1,78.9874533300309,77.54477376254468,75.86766767094608,78.71396777616808,< e0 observado
Las Marias,2010-2014,2,85.68826589307866,84.74796937978999,83.158244866757,87.46940456215967,Estimación adecuada
Las Marias,2015-2019,1,78.44180353450636,79.35942438011458,77.69513790760806,80.92819776349688,Estimación adecuada
Las Marias,2015-2019,2,86.2119644760504,86.2361875985531,84.35394836503235,88.67114724648061,Estimación adecuada
Las Marias,2020-2024,1,78.65869602395698,79.00139255688852,77.6735879139042,80.32515603393732,Estimación adecuada
Las Marias,2020-2024,2,88.4892406052294,87.32008828629878,85.37000799299699,89.30612257864951,Estimación adecuada
Las Piedras,1980-1984,1,72.4628953772312,72.53986918387209,71.34229422951886,73.56956252918428,Estimación adecuada
Las Piedras,1980-1984,2,77.65886672068534,78.01713415114381,76.95035096355045,78.99817000622954,Estimación adecuada
Las Piedras,1985-1989,1,72.6175420547073,72.32770630487039,71.40981515248095,73.21829932581798,Estimación adecuada
Las Piedras,1985-1989,2,79.00116087428613,79.07502893146096,77.72093154590337,80.48074868661799,Estimación adecuada
Las Piedras,1990-1994,1,71.55978947014577,71.91214755003136,70.84644428305171,73.01594653894357,Estimación adecuada
Las Piedras,1990-1994,2,78.8936505301308,78.691908629802,77.84207491852845,79.82917382854532,Estimación adecuada
Las Piedras,1995-1999,1,73.7555375015721,73.02572894375552,72.03947906860054,73.92621570071421,Estimación adecuada
Las Piedras,1995-1999,2,79.79933667371475,79.69229311320925,78.55021384772581,80.79964611198469,Estimación adecuada
Las Piedras,2000-2004,1,74.83778165388009,74.66633203951902,73.52934498560894,75.61530711967444,Estimación adecuada
Las Piedras,2000-2004,2,80.54014043533199,80.37855789357474,79.52745565340885,81.38063947181465,Estimación adecuada
Las Piedras,2005-2009,1,76.55584156350447,75.84642862857295,75.01116748367643,76.79214265104488,Estimación adecuada
Las Piedras,2005-2009,2,82.30870059101942,82.25936724559665,80.8426931041314,83.38863556449826,Estimación adecuada
Las Piedras,2010-2014,1,75.93351372986655,76.42282758209741,75.35043598950364,77.36185980761567,Estimación adecuada
Las Piedras,2010-2014,2,82.5650052808105,82.59917752353635,81.69055160677826,83.8159608602709,Estimación adecuada
Las Piedras,2015-2019,1,78.58935894309695,78.54708652004112,77.394268618001007,79.64676426561813,Estimación adecuada
Las Piedras,2015-2019,2,85.3607640329745,85.04100903163211,83.77622645120366,86.36232437859962,Estimación adecuada
Las Piedras,2020-2024,1,77.65607135099413,77.90463327962112,76.8315850757837,78.85047559141958,Estimación adecuada
Las Piedras,2020-2024,2,85.02534012586074,84.73794303632121,83.78594576829951,85.70885013515527,Estimación adecuada
Loiza,1980-1984,1,71.29708119790713,70.77225962443524,69.46001161026354,72.22570489498652,Estimación adecuada
Loiza,1980-1984,2,77.96280313581073,77.62300347231714,76.30980834269064,79.00255721809283,Estimación adecuada
Loiza,1985-1989,1,71.11235934077855,70.71680853187917,69.45524820913043,72.17698368515514,Estimación adecuada
Loiza,1985-1989,2,79.76441464134875,78.77110352334924,77.58141973927088,80.72928638175414,Estimación adecuada
Loiza,1990-1994,1,68.65505357436209,69.18958129221892,68.27509957560613,70.21148906011315,Estimación adecuada
Loiza,1990-1994,2,77.83527198679872,77.92147191044347,76.66139445045583,79.01420303803192,Estimación adecuada
Loiza,1995-1999,1,67.54575668322258,69.02857513255722,67.66049046563481,70.23255031972181,> e0 observado
Loiza,1995-1999,2,80.44991909621369,79.42320150335574,78.13915445866468,80.78797504444864,Estimación adecuada
Loiza,2000-2004,1,69.21795433977262,70.9850570254225,69.92130867718348,72.2863582124989,> e0 observado
Loiza,2000-2004,2,83.71722475677984,82.28892564575045,80.87023425262204,84.12723480129205,Estimación adecuada
Loiza,2005-2009,1,69.49244819404063,71.80637708893369,70.75865732954115,73.02541770480903,> e0 observado
Loiza,2005-2009,2,81.62588342717608,81.27417364752233,80.14188482022574,82.8176973730541,Estimación adecuada
Loiza,2010-2014,1,72.71620374599513,74.367604899862215,73.25750111168544,75.40035647718824,> e0 observado
Loiza,2010-2014,2,83.22740715687155,82.9310752530089,81.15845840409997,84.17753745519835,Estimación adecuada
Loiza,2015-2019,1,76.42256809809959,76.67191309507568,75.68526291032512,77.71203737770392,Estimación adecuada
Loiza,2015-2019,2,84.58243093379357,84.54564433320536,82.92971288304011,85.98250635069348,Estimación adecuada
Loiza,2020-2024,1,74.30071613355503,75.67340211242924,74.48974609704351,76.72299110301185,> e0 observado
Loiza,2020-2024,2,85.89228425330265,85.13093039418135,83.36638666132201,87.05402689266691,Estimación adecuada
Luquillo,1980-1984,1,71.32237106066451,70.8762410352011,69.61531638145956,72.45872073759344,Estimación adecuada
Luquillo,1980-1984,2,96.21054523115929,79.90986199096271,77.94267746223815,83.70790517045899,< e0 observado
Luquillo,1985-1989,1,70.58391307233262,70.64166587540723,69.59554109617244,71.78965108016598,Estimación adecuada
Luquillo,1985-1989,2,75.85277823303889,76.66950380998732,75.58135159487415,77.7926340502726,Estimación adecuada
Luquillo,1990-1994,1,69.78687362564872,70.0158881948059,68.7738055446633,71.17806017666624,Estimación adecuada
Luquillo,1990-1994,2,78.65540822491414,78.2513547610234,76.98732096335395,79.52531189626356,Estimación adecuada
Luquillo,1995-1999,1,68.84529148191722,69.67230307514423,68.28922178380174,70.62859108312479,Estimación adecuada
Luquillo,1995-1999,2,77.57073371934368,77.8985702772208,76.43817793539185,79.3035612591059,Estimación adecuada
Luquillo,2000-2004,1,71.56692809461028,72.12829162615009,71.02102745446118,73.06146775390216,Estimación adecuada
Luquillo,2000-2004,2,80.93857359304148,80.55672173072594,79.20081160647374,81.85679077780534,Estimación adecuada
Luquillo,2005-2009,1,73.66197666420697,74.06534366015231,72.84416316540661,75.04985194723398,Estimación adecuada
Luquillo,2005-2009,2,80.16453384109049,80.28303770979377,78.96061424803688,81.51633187550556,Estimación adecuada
Luquillo,2010-2014,1,74.125398030716255,74.95483905005584,74.03653312981936,75.91658400390932,Estimación adecuada
Luquillo,2010-2014,2,83.56937802942338,82.89857282643857,81.38652886577633,84.19081712835694,Estimación adecuada
Luquillo,2015-2019,1,78.24158315716944,77.1816179469885,76.25806574083549,78.2747461094524,Estimación adecuada
Luquillo,2015-2019,2,86.16375324393145,85.57510654782652,83.96332799347809,86.84772949075405,Estimación adecuada
Luquillo,2020-2024,1,76.82778593702754,76.56517541447148,75.41051467029976,77.6567415807512,Estimación adecuada
Luquillo,2020-2024,2,84.96686508096819,84.74025145261234,83.10504293636794,86.46633616982277,Estimación adecuada
Manati,1980-1984,1,69.99769254598455,70.2890522202538,69.25533631485362,71.25405829440535,Estimación adecuada
Manati,1980-1984,2,76.91897319341015,76.970503511522807,75.97586410004445,77.91190262006774,Estimación adecuada
Manati,1985-1989,1,69.40848405753856,69.87929423723676,69.10245496496614,70.69840546548312,Estimación adecuada
Manati,1985-1989,2,78.1365208528677,77.93711481716215,76.820073595932,79.05422034867838,Estimación adecuada
Manati,1990-1994,1,69.23507276864738,69.76945605887491,68.90090440799608,70.72168540044916,Estimación adecuada
Manati,1990-1994,2,78.13694859634435,78.04210936233841,77.0310381176647,78.84789384770906,Estimación adecuada
Manati,1995-1999,1,70.56621278613628,70.80472788986236,69.7139191758638,71.69422270470565,Estimación adecuada
Manati,1995-1999,2,78.18010801536123,78.20298177806141,77.37703346381018,79.10455546103057,Estimación adecuada
Manati,2000-2004,1,73.5059956746808,73.22670968885988,72.51718262659425,74.12138156898118,Estimación adecuada
Manati,2000-2004,2,79.921946292628,79.82863316344734,78.8908528122831,80.73484832688618,Estimación adecuada
Manati,2005-2009,1,74.42317304268016,74.45262302585346,73.64450248756302,75.63775971571732,Estimación adecuada
Manati,2005-2009,2,81.69558612867581,81.28441608336773,80.39962154195797,82.40169534072973,Estimación adecuada
Manati,2010-2014,1,75.79949582054559,75.79674251824878,74.85833770144686,76.60734436019796,Estimación adecuada
Manati,2010-2014,2,82.46392723255103,82.10610346298331,81.2242234495121,83.07642590562176,Estimación adecuada
Manati,2015-2019,1,76.50082129222024,76.79150595813411,76.00957813027378,77.84616841995432,Estimación adecuada
Manati,2015-2019,2,84.47543845885097,84.0894266691179,83.07543828169622,85.36603992146433,Estimación adecuada
Manati,2020-2024,1,76.6410779362147,76.7535032785886,75.68831575541623,77.55300674577003,Estimación adecuada
Manati,2020-2024,2,84.79279277649533,84.50317692765034,83.53838331354555,85.51151456297366,Estimación adecuada
Maricao,1980-1984,1,68.60202825310121,71.5537396656187,70.04823143938046,73.08617555729242,> e0 observado
Maricao,1980-1984,2,78.09479107390814,78.96427595002521,77.11940280912725,80.7047410464075,Estimación adecuada
Maricao,1985-1989,1,74.96773339223955,73.15028941961418,71.2876088800864,74.44661208862806,< e0 observado
Maricao,1985-1989,2,78.61629942834107,79.48267706941874,77.68138387685538,81.5828655057707,Estimación adecuada
Maricao,1990-1994,1,71.6682444194189,71.68035335221947,70.48519294723407,73.18768803588783,Estimación adecuada
Maricao,1990-1994,2,78.7855059436943,79.72304888277931,77.6805121847097,81.72010383462998,Estimación adecuada
Maricao,1995-1999,1,71.33878340346546,71.90572444359223,70.72278224285824,73.41654595223727,Estimación adecuada
Maricao,1995-1999,2,78.99834861586001,80.38989023529375,78.54762315136526,82.7703657613761,Estimación adecuada
Maricao,2000-2004,1,77.71513177879464,75.24558657566365,73.48863008816812,77.10053753991153,< e0 observado
Maricao,2000-2004,2,80.22542908124815,81.90302076241834,79.78567730299443,84.09543201015254,Estimación adecuada
Maricao,2005-2009,1,77.40367339569201,75.45551363848209,73.94197137811301,77.36720128933055,< e0 observado
Maricao,2005-2009,2,82.65920888615886,82.9956204187707,81.00445027282238,85.35419551853695,Estimación adecuada
Maricao,2010-2014,1,78.78632855189304,77.18360496091151,76.009351085503,78.92679011273984,Estimación adecuada
Maricao,2010-2014,2,86.34203171038145,85.21716807363117,83.42679383431857,88.65462184481603,Estimación adecuada
Maricao,2015-2019,1,75.94252949549474,78.1835619176621,76.34745795163656,79.53634578373143,> e0 observado
Maricao,2015-2019,2,88.98166952275554,87.00463631932325,84.57911707905072,89.78606861795465,Estimación adecuada
Maricao,2020-2024,1,78.97029384636113,78.10268177325739,76.46052820513826,80.39520302055024,Estimación adecuada
Maricao,2020-2024,2,84.52027651105944,84.27474168619602,82.92941781637596,86.41696560216829,Estimación adecuada
Maunabo,1980-1984,1,71.14680086853208,71.62986344541736,70.55878733359125,72.75695511822741,Estimación adecuada
Maunabo,1980-1984,2,78.1067644645637,78.48143091547283,76.65122283188725,80.10105378591246,Estimación adecuada
Maunabo,1985-1989,1,73.14754634531097,72.27296810620717,71.13767382851141,73.41317856909774,Estimación adecuada
Maunabo,1985-1989,2,80.26716511735238,79.29078003282453,77.65111188011801,80.91205126255284,Estimación adecuada
Maunabo,1990-1994,1,72.41659695481869,72.09178369674099,70.8112918940653,73.41573071787198,Estimación adecuada
Maunabo,1990-1994,2,80.63599878230829,79.8979145628823,78.5171261110874,81.4094731269161,Estimación adecuada
Maunabo,1995-1999,1,71.29560582062038,71.46049058586385,70.07312045537424,72.5845216402694,Estimación adecuada
Maunabo,1995-1999,2,79.21035551708708,79.65151075589384,78.1367076008635,81.06327523284446,Estimación adecuada
Maunabo,2000-2004,1,73.80432839475543,73.93263242924259,72.57455835343575,75.27542021958799,Estimación adecuada
Maunabo,2000-2004,2,81.50289326156216,81.23055154286317,79.74587826199132,82.73713076592517,Estimación adecuada
Maunabo,2005-2009,1,74.64232752557565,74.36440678412539,73.06791090796125,75.45340419682749,Estimación adecuada
Maunabo,2005-2009,2,82.94220641756984,82.86691297065124,81.19045394376461,85.07954757808918,Estimación adecuada
Maunabo,2010-2014,1,74.8339607817344,75.32808942384236,74.17189337565529,76.88361592633385,Estimación adecuada
Maunabo,2010-2014,2,84.96652627183896,84.78437536351237,82.64210405029127,87.22553039082695,Estimación adecuada
Maunabo,2015-2019,1,78.86941488241771,77.78525925209789,76.6346723862446,79.12762816267676,Estimación adecuada
Maunabo,2015-2019,2,85.85027789954904,85.42779488066645,83.38909438649969,87.64168512197821,Estimación adecuada
Maunabo,2020-2024,1,73.9175174535675,76.1206564661329,74.76728679285898,77.43257459379139,> e0 observado
Maunabo,2020-2024,2,82.49945155414667,82.92575022427381,81.88061886340992,84.47974871890956,Estimación adecuada
Mayaguez,1980-1984,1,70.16347210674796,70.35956768618408,69.67640878014089,70.98974862291524,Estimación adecuada
Mayaguez,1980-1984,2,77.60512196844877,77.30520448102011,76.71086874651678,78.01454818566349,Estimación adecuada
Mayaguez,1985-1989,1,70.43422694514761,70.53687661355431,69.88907761370785,71.18271348612518,Estimación adecuada
Mayaguez,1985-1989,2,77.94340408933364,77.90208020369198,77.27629540504421,78.52290184705478,Estimación adecuada
Mayaguez,1990-1994,1,70.24642591292358,70.32685202956353,69.71627668903002,70.98938092681622,Estimación adecuada
Mayaguez,1990-1994,2,78.67215935241931,78.4549508027513,77.79288678217534,79.03965091371805,Estimación adecuada
Mayaguez,1995-1999,1,70.79228679899191,70.82891172494786,70.10575661692823,71.41852744614604,Estimación adecuada
Mayaguez,1995-1999,2,79.57023177554109,79.43021056853817,78.74767166449098,80.13485419328931,Estimación adecuada
Mayaguez,2000-2004,1,73.63502357565517,73.51104469802561,72.77586879011311,74.16638329263156,Estimación adecuada
Mayaguez,2000-2004,2,81.32752458798765,81.04902803509128,80.39736366120496,81.90900602785354,Estimación adecuada
Mayaguez,2005-2009,1,73.96494214443702,73.95651871766118,73.4368191280351,74.63127925179444,Estimación adecuada
Mayaguez,2005-2009,2,81.49974889865346,81.36573112344966,80.68376149528628,82.05258188647448,Estimación adecuada
Mayaguez,2010-2014,1,74.96249416874119,74.90271576351292,74.2130224923127,75.50290077945033,Estimación adecuada
Mayaguez,2010-2014,2,82.81805760395481,82.77231184839218,82.07909765659441,83.54473101343086,Estimación adecuada
Mayaguez,2015-2019,1,77.18178911462695,77.33590361426684,76.59092475029831,78.18617376227036,Estimación adecuada
Mayaguez,2015-2019,2,85.03789447163464,84.97065257117616,84.16348183841048,85.76284227567692,Estimación adecuada
Mayaguez,2020-2024,1,76.09571809909919,76.50161696855338,75.50536492888997,77.11929661730568,Estimación adecuada
Mayaguez,2020-2024,2,84.85251261520094,84.88751455075621,84.16709219491983,85.6143763095665,Estimación adecuada
Moca,1980-1984,1,71.47861356859958,72.28203572733966,71.42069496734926,73.21926650959628,Estimación adecuada
Moca,1980-1984,2,77.57729967024724,78.2443207755473,76.91237220300475,79.2961485596045,Estimación adecuada
Moca,1985-1989,1,74.13223338906987,73.4808492312626,72.67075783674427,74.56119464539684,Estimación adecuada
Moca,1985-1989,2,78.76717836323876,78.94818620938274,77.83621594393514,80.50367937369636,Estimación adecuada
Moca,1990-1994,1,74.38613122856178,73.68082181401745,72.46970057275894,74.91023744257389,Estimación adecuada
Moca,1990-1994,2,79.33086248782432,79.18275981828376,78.1043016651804,80.52197602990077,Estimación adecuada
Moca,1995-1999,1,73.93016893221346,73.35093313101484,72.41031841996184,74.4474486613681,Estimación adecuada
Moca,1995-1999,2,79.92298518560595,79.52808056297839,78.50958816507259,80.45609779783783,Estimación adecuada
Moca,2000-2004,1,76.88913106198095,75.98620614080804,74.93890874349724,76.78096434291321,< e0 observado
Moca,2000-2004,2,81.20152141336699,81.40374080313467,80.38395185358294,82.72697498861373,Estimación adecuada
Moca,2005-2009,1,78.23027972920578,77.21742317699122,76.3516104477377,78.28975540974584,Estimación adecuada
Moca,2005-2009,2,81.64729368972594,81.87205778129473,80.92495237212009,82.93367495666931,Estimación adecuada
Moca,2010-2014,1,78.39894219071823,77.99523958943857,76.92807579756898,79.09995938578395,Estimación adecuada
Moca,2010-2014,2,82.3431083414248,82.66784593815223,81.62833601641805,83.64125411125235,Estimación adecuada
Moca,2015-2019,1,78.86942315370179,78.57699329749232,77.7122129594119,79.54692633493241,Estimación adecuada
Moca,2015-2019,2,85.12050775808935,85.16999757092292,83.99461620410145,86.600918594933745,Estimación adecuada
Moca,2020-2024,1,79.5196148813842,79.22071243538753,78.10486929676901,80.1690429958215,Estimación adecuada
Moca,2020-2024,2,84.83463123511952,84.96012571922395,84.014633762835345,85.90064063335288,Estimación adecuada
Morovis,1980-1984,1,72.75449760171898,72.5393776270009,71.52885751435005,73.6778803064882,Estimación adecuada
Morovis,1980-1984,2,79.58978615306602,79.50702503283938,78.36508550098995,80.72074802924732,Estimación adecuada
Morovis,1985-1989,1,73.00155031190296,72.84830412644769,71.82864656793326,73.97754573373,Estimación adecuada
Morovis,1985-1989,2,79.18909920848033,79.19605549771015,77.73937963471496,80.49956582916244,Estimación adecuada
Morovis,1990-1994,1,74.7129408866261,73.55410213986298,72.63851128097443,74.62068783938908,< e0 observado
Morovis,1990-1994,2,79.13950712220092,79.24462000740273,78.2132314197871,80.65988956317308,Estimación adecuada
Morovis,1995-1999,1,72.82153464768288,72.68170962351502,71.63969015696188,73.77757355891703,Estimación adecuada
Morovis,1995-1999,2,80.70735984476201,80.68946392923655,79.26360650332306,82.20748704028162,Estimación adecuada
Morovis,2000-2004,1,74.10293235770516,74.63891965667166,73.46103942182948,75.5546775210382,Estimación adecuada
Morovis,2000-2004,2,82.09073872809745,81.98350914860109,80.70243187989931,83.34045317868723,Estimación adecuada
Morovis,2005-2009,1,76.91529332323657,76.17142053526487,75.3491402309331,77.30552752523754,Estimación adecuada
Morovis,2005-2009,2,83.05104709140619,82.75091871633452,81.48950489051438,84.31595183940713,Estimación adecuada
Morovis,2010-2014,1,77.08123150152963,77.27783930354616,76.14038499732689,78.21829582021283,Estimación adecuada
Morovis,2010-2014,2,83.34182688922566,83.27500213937586,82.10386514627577,84.82717492655428,Estimación adecuada
Morovis,2015-2019,1,78.96515859481998,78.45687270998867,77.32484953578452,79.47071144154216,Estimación adecuada
Morovis,2015-2019,2,87.15880943526801,86.35829895154293,84.8844954416665,88.28946568534664,Estimación adecuada
Morovis,2020-2024,1,78.2458123408178,78.62880313733811,77.65803687491692,79.69217777088566,Estimación adecuada
Morovis,2020-2024,2,84.91369846953171,85.6727488794642,84.21835513588816,86.92946757569459,Estimación adecuada
Naguabo,1980-1984,1,71.84412346105836,71.6664413147789,70.4019530546347,72.94795560569139,Estimación adecuada
Naguabo,1980-1984,2,76.70981740677908,76.7029953217978,75.63876371990335,78.17833137252488,Estimación adecuada
Naguabo,1985-1989,1,70.3877807756849,70.60840985973525,69.60952358443778,71.81506130645457,Estimación adecuada
Naguabo,1985-1989,2,77.29975247108982,77.2513050774067,76.0826961767205,78.28785372120883,Estimación adecuada
Naguabo,1990-1994,1,69.935755323165,70.03151723594719,68.65817095188162,70.89390618479065,Estimación adecuada
Naguabo,1990-1994,2,77.27690861530172,77.7566545629974,76.31047345917071,78.81961252270817,Estimación adecuada
Naguabo,1995-1999,1,69.72322516574484,70.22664863519206,69.2007948007932,71.17706332213044,Estimación adecuada
Naguabo,1995-1999,2,76.82881627212045,77.078166000527915,76.3150519908329,78.39638274650623,Estimación adecuada
Naguabo,2000-2004,1,72.06654411146116,72.30507262030741,71.08991977797581,73.24923565282117,Estimación adecuada
Naguabo,2000-2004,2,79.7628328934226,79.93193681954449,78.86181496099275,81.40290311305898,Estimación adecuada
Naguabo,2005-2009,1,73.77862572143668,73.99488896779391,73.00928703247479,75.07487829197903,Estimación adecuada
Naguabo,2005-2009,2,80.62404690696854,80.89265753944031,79.85530662023123,82.01978269028778,Estimación adecuada
Naguabo,2010-2014,1,75.11164062971052,75.02080173186371,74.22252918624494,76.1488445171693,Estimación adecuada
Naguabo,2010-2014,2,82.93958682980916,82.49699237474617,81.13731168712549,83.72754730035166,Estimación adecuada
Naguabo,2015-2019,1,76.26882750450046,76.27961920860423,74.91520398035507,77.37706365208552,Estimación adecuada
Naguabo,2015-2019,2,84.83022686610576,84.35866312220534,82.8538800473257,86.21576002817203,Estimación adecuada
Naguabo,2020-2024,1,77.23171232523964,76.78954143568859,75.83531858553731,77.79152825851504,Estimación adecuada
Naguabo,2020-2024,2,83.84568426869097,83.73947449741611,82.44661895077063,84.7672152155578,Estimación adecuada
Naranjito,1980-1984,1,74.98820136337291,74.02729182862782,72.79207012521735,75.28064222175719,Estimación adecuada
Naranjito,1980-1984,2,82.09597951709326,80.66185226323708,79.38535066982912,82.15981157847895,Estimación adecuada
Naranjito,1985-1989,1,74.14321504502335,73.4010923000597,72.60057867712732,74.34822197453661,Estimación adecuada
Naranjito,1985-1989,2,81.17666750110004,80.65060118262525,79.236430402218,82.1964781414759,Estimación adecuada
Naranjito,1990-1994,1,72.65469281143538,72.66335462411624,71.81662096821047,73.72456854597235,Estimación adecuada
Naranjito,1990-1994,2,80.53672985190586,80.67272303526971,79.52129690398782,82.2696451517848,Estimación adecuada
Naranjito,1995-1999,1,71.78384170584214,72.08170319322788,71.17464916426968,72.92760303707982,Estimación adecuada
Naranjito,1995-1999,2,81.60503745588989,81.0640773472754,79.69162819492733,82.66439672273557,Estimación adecuada
Naranjito,2000-2004,1,75.02066724722975,74.92083640504868,73.82592355476444,75.8969357478253,Estimación adecuada
Naranjito,2000-2004,2,82.02786957174214,81.9301209511764,80.67342374967731,82.92127275370993,Estimación adecuada
Naranjito,2005-2009,1,75.97305227428454,76.10090701993441,74.88968865411915,77.39523084852104,Estimación adecuada
Naranjito,2005-2009,2,81.50399850212823,81.97050959246312,80.79845155614271,83.40388512047596,Estimación adecuada
Naranjito,2010-2014,1,78.20596950921357,77.55956610972865,76.61270477649249,78.53474348869372,Estimación adecuada
Naranjito,2010-2014,2,82.65441935713193,83.61104588213749,82.26606588692331,84.94285266822276,Estimación adecuada
Naranjito,2015-2019,1,79.79942567224485,79.6865777281159,78.28633590179516,81.00937515571793,Estimación adecuada
Naranjito,2015-2019,2,86.72388771081324,86.47292030278946,85.23604242478714,88.38789281535756,Estimación adecuada
Naranjito,2020-2024,1,76.58250173203984,77.45875962395664,76.45045284439973,78.57844671193979,Estimación adecuada
Naranjito,2020-2024,2,85.5864530860636,85.18757764874366,83.73749119767149,86.6118040892572,Estimación adecuada
Orocovis,1980-1984,1,73.68697408485414,73.51572497551075,72.42565544618117,74.98878491333048,Estimación adecuada
Orocovis,1980-1984,2,79.52890987399995,79.38383743155359,77.89094270197182,81.15842656739147,Estimación adecuada
Orocovis,1985-1989,1,72.86313442913975,72.6646917531836,71.12774744713576,73.72914333297015,Estimación adecuada
Orocovis,1985-1989,2,83.00284611084997,81.3212371426383,79.75595925284233,82.99323235340209,< e0 observado
Orocovis,1990-1994,1,70.6546043654978,71.5272748522091,70.22591696950073,72.485351003722,Estimación adecuada
Orocovis,1990-1994,2,80.6362204849656,80.31820080516655,79.0039844528612,81.97349882494342,Estimación adecuada
Orocovis,1995-1999,1,73.67698769121861,73.18904029858797,72.15765145182195,74.48471370461459,Estimación adecuada
Orocovis,1995-1999,2,79.89715435282756,80.13354462686232,78.74783044106734,81.36674437337925,Estimación adecuada
Orocovis,2000-2004,1,74.30531059061678,74.41786589034065,73.05997927208932,75.44782677613654,Estimación adecuada
Orocovis,2000-2004,2,82.7682053865501,82.41631250160295,80.93102680472768,84.23804375115918,Estimación adecuada
Orocovis,2005-2009,1,75.65599075985115,75.63652594625324,74.6703665351454,76.76304527378689,Estimación adecuada
Orocovis,2005-2009,2,81.23465089468093,81.66190465970959,80.22045402042762,83.03698835818075,Estimación adecuada
Orocovis,2010-2014,1,78.72609688729915,77.75651054290961,76.79958578902328,78.89255911331304,Estimación adecuada
Orocovis,2010-2014,2,83.46032948812693,83.31867872214332,82.02585216050588,85.10291495617827,Estimación adecuada
Orocovis,2015-2019,1,78.31348130255999,78.25122819738664,76.97132768181952,79.47194359659736,Estimación adecuada
Orocovis,2015-2019,2,84.96910673692187,85.30552726042009,84.01889549554838,87.0390852053508,Estimación adecuada
Orocovis,2020-2024,1,77.80883766643083,78.70914206232523,77.43691405840019,79.79430667544045,Estimación adecuada
Orocovis,2020-2024,2,84.81893104480201,84.71872183112595,83.40719010768117,85.99136317526589,Estimación adecuada
Patillas,1980-1984,1,71.2919207839744,71.8364728799188,70.46674885713293,73.05832567467276,Estimación adecuada
Patillas,1980-1984,2,77.55331848134108,77.67773826179673,76.55419150799128,78.74274019920071,Estimación adecuada
Patillas,1985-1989,1,71.37552114824256,70.8993133924837,69.86738326297757,71.91626620873153,Estimación adecuada
Patillas,1985-1989,2,79.24042850774778,78.69835137877959,77.64531130918414,80.30524621397475,Estimación adecuada
Patillas,1990-1994,1,72.50760666915836,71.6525895490469,70.17354793869067,72.81668796075479,Estimación adecuada
Patillas,1990-1994,2,78.396020908419,78.29124965475592,77.0818944014593,79.58304143821366,Estimación adecuada
Patillas,1995-1999,1,71.16809015939647,71.39778224345622,70.18027257228793,72.53754943843542,Estimación adecuada
Patillas,1995-1999,2,78.52476688729733,78.38520039055703,76.92892442440115,79.80603358961275,Estimación adecuada
Patillas,2000-2004,1,73.84030571885792,73.61447891776464,72.52140651215689,74.96166587534393,Estimación adecuada
Patillas,2000-2004,2,80.28524555250978,80.69520438882603,79.59045094011762,81.95555907329624,Estimación adecuada
Patillas,2005-2009,1,74.71797456893655,74.34650266905393,73.20396843731328,75.72966657027393,Estimación adecuada
Patillas,2005-2009,2,82.37229150118687,81.708620449369,80.51010122580885,82.8829088933829,Estimación adecuada
Patillas,2010-2014,1,75.64302541877272,76.13465439474676,74.91701887556911,77.25357117220366,Estimación adecuada
Patillas,2010-2014,2,82.97344642216791,83.14393188452931,81.64084106602827,84.51403183745624,Estimación adecuada
Patillas,2015-2019,1,77.44243369136635,77.27720297883968,76.3501985550476,78.75442461547203,Estimación adecuada
Patillas,2015-2019,2,85.62464985032581,85.31865011965868,83.99643354797026,87.30701010512246,Estimación adecuada
Patillas,2020-2024,1,75.4428131511174,76.57917375074555,75.46090619627505,77.57378102235191,> e0 observado
Patillas,2020-2024,2,83.73266646624228,85.46694327277149,84.35847128178754,87.62190270669407,> e0 observado
Penuelas,1980-1984,1,72.35786944424055,71.56201488802776,70.22187557278852,72.76236444627887,Estimación adecuada
Penuelas,1980-1984,2,77.42169553222374,77.60149827130599,76.62053596606361,78.89736262896322,Estimación adecuada
Penuelas,1985-1989,1,72.76539154925341,71.9661236193535,70.86128728194538,73.02646885742055,Estimación adecuada
Penuelas,1985-1989,2,78.26925344407194,78.12220395193177,76.83488161156947,79.4454330798852,Estimación adecuada
Penuelas,1990-1994,1,71.6518283419231,71.15104060466763,70.0433309535251,72.38259878433138,Estimación adecuada
Penuelas,1990-1994,2,78.09730287289996,78.14438039754907,76.79652142841158,79.26132352138062,Estimación adecuada
Penuelas,1995-1999,1,72.51086800891099,71.82320356745944,70.79812068048898,72.75697293449916,Estimación adecuada
Penuelas,1995-1999,2,77.85186468595465,78.4650442113832,77.28504367022953,79.64675194139605,Estimación adecuada
Penuelas,2000-2004,1,73.06979986248778,72.97104813358217,71.97452996025682,74.02433301403357,Estimación adecuada
Penuelas,2000-2004,2,80.74681115313095,80.60898916585623,79.38403021754681,82.05477551652645,Estimación adecuada
Penuelas,2005-2009,1,74.32588415517951,74.22393979925357,73.18081336370489,75.36426133222517,Estimación adecuada
Penuelas,2005-2009,2,83.85447484865448,82.81490424446699,81.25877304536306,84.56381587214321,Estimación adecuada
Penuelas,2010-2014,1,77.2161868060379,76.84528793596445,75.43885070781393,78.2410715128145,Estimación adecuada
Penuelas,2010-2014,2,82.37054992803498,82.54853739335171,81.09155253675087,83.8585507379081,Estimación adecuada
Penuelas,2015-2019,1,76.94988280019332,76.84446872581182,75.90481581693341,77.92771083860285,Estimación adecuada
Penuelas,2015-2019,2,83.52991574696982,83.51116967805072,82.12810567875385,85.23471455364493,Estimación adecuada
Penuelas,2020-2024,1,78.19759662594926,77.5660953444896,76.3822574245105,78.67801543017217,Estimación adecuada
Penuelas,2020-2024,2,83.13779961346445,83.36409945206398,82.03906417618218,84.5680331663647,Estimación adecuada
Ponce,1980-1984,1,70.95163851465587,70.87420607413068,70.39604606821455,71.37304937801392,Estimación adecuada
Ponce,1980-1984,2,77.90393491985162,77.57439211746681,76.97541794050937,78.02129790426532,Estimación adecuada
Ponce,1985-1989,1,68.92037207804252,69.10189696508422,68.64085234525965,69.50905305422381,Estimación adecuada
Ponce,1985-1989,2,77.3120135977883,77.28520923774049,76.79621084088697,77.8069375706104,Estimación adecuada
Ponce,1990-1994,1,68.07009878068561,68.3595267168013,67.866249224981,68.79834199453799,Estimación adecuada
Ponce,1990-1994,2,77.70322992022791,77.7202169754753,77.17561747175857,78.17950149602385,Estimación adecuada
Ponce,1995-1999,1,68.8945019576824,69.13233194340174,68.58382424536269,69.54579989021627,Estimación adecuada
Ponce,1995-1999,2,78.64616620265484,78.5063121823282,78.00728525449549,78.97078911504286,Estimación adecuada
Ponce,2000-2004,1,71.88287158339286,71.96914964088234,71.54098828329934,72.46995739717124,Estimación adecuada
Ponce,2000-2004,2,80.17053819569585,79.9558188302179,79.4645034837603,80.45927891015342,Estimación adecuada
Ponce,2005-2009,1,72.59239776230434,72.83226598029188,72.24954274578533,73.2959628750473,Estimación adecuada
Ponce,2005-2009,2,81.60505937401689,81.4353038652909,80.8857810759576,81.92553674897758,Estimación adecuada
Ponce,2010-2014,1,74.90584213235752,74.96454536840936,74.3997756570295,75.41036271664896,Estimación adecuada
Ponce,2010-2014,2,81.84526785237593,81.82049457729191,81.2878214800435,82.45806516210763,Estimación adecuada
Ponce,2015-2019,1,75.94818443525777,76.19251383784041,75.53196965102998,76.7391333570582,Estimación adecuada
Ponce,2015-2019,2,84.573600741168,84.48020959611321,83.77379125406358,85.15462003394094,Estimación adecuada
Ponce,2020-2024,1,76.11579149445392,76.2292465056029,75.54024290853422,76.75021512912883,Estimación adecuada
Ponce,2020-2024,2,84.14984563358192,83.77316353384045,83.29698992151913,84.39771616470178,Estimación adecuada
Quebradillas,1980-1984,1,71.5804748432608,71.47666457089369,70.15904230573915,72.62661108935848,Estimación adecuada
Quebradillas,1980-1984,2,79.23938165137665,78.65341514100794,77.18934792188725,80.10786256338184,Estimación adecuada
Quebradillas,1985-1989,1,70.63546474047975,70.99188247573554,69.71571553494414,72.01372175887259,Estimación adecuada
Quebradillas,1985-1989,2,77.80764334555457,77.65421887754071,76.51594376896352,79.06035985157034,Estimación adecuada
Quebradillas,1990-1994,1,72.04068810225141,71.7010203272425,70.49095797793376,72.91448690385855,Estimación adecuada
Quebradillas,1990-1994,2,79.32174470623532,78.55156468695182,77.5622673629266,79.83031028372343,Estimación adecuada
Quebradillas,1995-1999,1,72.62949799850028,71.76844964420289,70.74112286170485,72.7254221222801,Estimación adecuada
Quebradillas,1995-1999,2,78.8521877504248,78.70272254484561,77.68221485553217,79.86662815092626,Estimación adecuada
Quebradillas,2000-2004,1,73.75120320482118,73.44725396857541,72.44701972773808,74.29672511171034,Estimación adecuada
Quebradillas,2000-2004,2,79.64696913052158,79.74680415660495,78.7945272062275,80.87231001551089,Estimación adecuada
Quebradillas,2005-2009,1,76.4702021217705,75.19169348573142,73.91136650298361,76.18826464052165,< e0 observado
Quebradillas,2005-2009,2,82.57479226170334,82.15190530054753,81.00277334788746,83.32468229608769,Estimación adecuada
Quebradillas,2010-2014,1,76.84416482352528,76.39748345057785,75.44752799764501,77.38199248864467,Estimación adecuada
Quebradillas,2010-2014,2,83.16432092953069,82.89577333364778,81.5722177689943,84.5776445106047,Estimación adecuada
Quebradillas,2015-2019,1,77.52581972834565,77.37409783254937,76.24015451744387,78.5270885465407,Estimación adecuada
Quebradillas,2015-2019,2,83.89036641680575,83.5748901315362,82.60777663431014,84.85020978521513,Estimación adecuada
Quebradillas,2020-2024,1,78.45741764289136,77.47893562380614,76.32789963842751,78.54915310488039,Estimación adecuada
Quebradillas,2020-2024,2,84.02514632890372,84.01010915201468,82.90627950222807,85.47242971367729,Estimación adecuada
Rincon,1980-1984,1,71.31036542846637,72.60441330337511,70.9048870817625,74.04246820460806,Estimación adecuada
Rincon,1980-1984,2,78.23121876259758,78.52754354279571,77.33576338814305,79.77888966899667,Estimación adecuada
Rincon,1985-1989,1,72.68195818723761,72.4476240780447,71.38168804454784,73.82927032687789,Estimación adecuada
Rincon,1985-1989,2,78.13112109379762,78.85055809793815,77.55108562918025,80.25525038435505,Estimación adecuada
Rincon,1990-1994,1,74.46482669947628,73.1330202654043,71.71902513427338,74.2954914886231,< e0 observado
Rincon,1990-1994,2,79.71875830965256,79.22401430467016,78.11930220723579,80.62160062610751,Estimación adecuada
Rincon,1995-1999,1,71.81900034746621,71.81573938685568,70.74497771247727,72.76675255700607,Estimación adecuada
Rincon,1995-1999,2,80.4078903895804,80.2388257486774,79.0005659293941,81.67176939972691,Estimación adecuada
Rincon,2000-2004,1,75.07948363707656,74.78387649140433,73.5420862162967,75.91527887723956,Estimación adecuada
Rincon,2000-2004,2,82.97798833076854,82.25624356788606,80.83943596159934,83.71132060673867,Estimación adecuada
Rincon,2005-2009,1,76.37954961336744,75.84687736541346,74.29499290042996,77.13705472157224,Estimación adecuada
Rincon,2005-2009,2,80.35621164685101,81.2420741413616,80.11015652887605,82.39511160061949,Estimación adecuada
Rincon,2010-2014,1,79.61051534555456,77.87043091498131,76.51365670413452,78.82622277302542,< e0 observado
Rincon,2010-2014,2,83.80210551828287,84.01787597933134,82.35734748400732,85.72008466044738,Estimación adecuada
Rincon,2015-2019,1,79.17285737161941,78.84633394007656,77.53321544645522,80.28253965615059,Estimación adecuada
Rincon,2015-2019,2,86.30943741112463,86.18056422703464,84.64032561515855,87.94946132929024,Estimación adecuada
Rincon,2020-2024,1,79.87445814115418,79.59701149675104,78.54661756499397,81.06650347204008,Estimación adecuada
Rincon,2020-2024,2,86.12132225159803,85.56612213724554,84.31381451369256,87.42643327749784,Estimación adecuada
Rio Grande,1980-1984,1,71.31055270884488,71.309078618563,70.41823564132343,72.29244250372051,Estimación adecuada
Rio Grande,1980-1984,2,77.8338345029928,77.56509761350583,76.52281572615294,78.70882941638936,Estimación adecuada
Rio Grande,1985-1989,1,72.55792010168767,71.89803323284796,70.94197778230247,73.0540938000083,Estimación adecuada
Rio Grande,1985-1989,2,78.55898208748316,78.34044441046623,77.37712553487088,79.46822947518123,Estimación adecuada
Rio Grande,1990-1994,1,69.8066408540921,70.15253559503643,69.46643130637504,71.1758986908211,Estimación adecuada
Rio Grande,1990-1994,2,79.04176505901863,79.07365681836609,78.03928193653445,80.06443391961412,Estimación adecuada
Rio Grande,1995-1999,1,69.24216716509197,69.97086523341673,68.99809919226044,70.68313888649783,Estimación adecuada
Rio Grande,1995-1999,2,78.57122528721384,78.57061985500854,77.66283600230037,79.25826779577864,Estimación adecuada
Rio Grande,2000-2004,1,73.5987446256221,73.49791016914196,72.66213959690882,74.43454402932423,Estimación adecuada
Rio Grande,2000-2004,2,80.92764017417292,80.92244783763633,79.73065442998782,81.9520094555463,Estimación adecuada
Rio Grande,2005-2009,1,74.74267006153134,74.92378339786703,74.25280705606048,75.81172560892631,Estimación adecuada
Rio Grande,2005-2009,2,82.25371975622028,81.81145778850212,81.01647512653209,82.89582605597491,Estimación adecuada
Rio Grande,2010-2014,1,75.62464241200296,75.7345171774837,74.85645449221958,76.7510609740349,Estimación adecuada
Rio Grande,2010-2014,2,81.93516108938404,82.00588397018835,81.08096449951563,82.81529002087578,Estimación adecuada
Rio Grande,2015-2019,1,77.32038501383934,77.36229319585809,76.41609152200938,78.41997523654507,Estimación adecuada
Rio Grande,2015-2019,2,84.73128165771396,84.44279885827561,83.38436990815066,85.33273491395077,Estimación adecuada
Rio Grande,2020-2024,1,76.09079051682853,76.62238770542243,75.50405433341405,77.55942060261121,Estimación adecuada
Rio Grande,2020-2024,2,84.92626206233898,85.21737478072893,84.17358115161653,86.32696721691732,Estimación adecuada
Sabana Grande,1980-1984,1,72.94260252849719,71.91784627078793,70.89146287308323,72.9676924986705,Estimación adecuada
Sabana Grande,1980-1984,2,76.79030160326006,77.2877118234222,76.01588763641362,78.65593211071968,Estimación adecuada
Sabana Grande,1985-1989,1,72.60670516660508,72.0093909339038,70.8078071186347,73.06975483764623,Estimación adecuada
Sabana Grande,1985-1989,2,79.46020484114078,78.82341874203878,77.59641380077085,80.10923732994023,Estimación adecuada
Sabana Grande,1990-1994,1,71.96878186562466,71.43923747613213,70.56478718564757,72.4475066622507,Estimación adecuada
Sabana Grande,1990-1994,2,77.52973712888554,77.67271755723027,76.80034379679748,78.8711885379042,Estimación adecuada
Sabana Grande,1995-1999,1,72.42496764545729,71.81703757992395,70.56879157772408,72.77937189709539,Estimación adecuada
Sabana Grande,1995-1999,2,77.8549110688198,77.82648102725683,76.78828826704694,78.84652327707758,Estimación adecuada
Sabana Grande,2000-2004,1,75.19081545433245,74.20975807967045,73.15360322892431,75.41346805930246,Estimación adecuada
Sabana Grande,2000-2004,2,80.10304388750191,80.49426249518487,79.36207951599576,81.88740141389601,Estimación adecuada
Sabana Grande,2005-2009,1,75.77699216646894,74.88147616715844,73.73318975981456,75.83044947398577,Estimación adecuada
Sabana Grande,2005-2009,2,80.72892003066303,81.3191968172339,79.87653834715833,82.87030546819184,Estimación adecuada
Sabana Grande,2010-2014,1,75.70526772953107,75.94201849867986,74.99858517174991,76.90487324005333,Estimación adecuada
Sabana Grande,2010-2014,2,83.3057418970242,83.21456331084775,81.85571357967649,84.42540088341354,Estimación adecuada
Sabana Grande,2015-2019,1,77.43470484017462,76.99983501856403,75.8470769759576,77.97618620229188,Estimación adecuada
Sabana Grande,2015-2019,2,83.12156944238525,83.20081080602445,82.17929039244207,84.2506771738133,Estimación adecuada
Sabana Grande,2020-2024,1,77.44105015726227,77.45438483400756,76.3051672067491,78.76914020478823,Estimación adecuada
Sabana Grande,2020-2024,2,83.44790990052292,84.47464529809419,83.21564215803198,85.84535502887462,Estimación adecuada
Salinas,1980-1984,1,69.34771587119822,69.79363446914829,68.67526127837071,70.61113351947768,Estimación adecuada
Salinas,1980-1984,2,77.00356882697933,77.12130946388166,75.85424130858587,78.24207119747376,Estimación adecuada
Salinas,1985-1989,1,67.8768913469486,68.88913942905302,68.11396899284154,69.99663327797862,> e0 observado
Salinas,1985-1989,2,76.51927305162637,76.76655058798957,75.89570704412466,77.99478428352339,Estimación adecuada
Salinas,1990-1994,1,69.60135801885075,69.94330446512657,69.02603119567331,70.9942622309452,Estimación adecuada
Salinas,1990-1994,2,77.16626361655916,77.63824946212752,76.63585378220554,78.7832284852123,Estimación adecuada
Salinas,1995-1999,1,69.29023548543516,69.66671046728626,68.57663744547338,70.60681618782644,Estimación adecuada
Salinas,1995-1999,2,79.22383445714814,78.73214737998595,77.76042338029458,80.29596062603258,Estimación adecuada
Salinas,2000-2004,1,73.10253328655585,73.04381183684325,72.00801866427518,74.29209416675596,Estimación adecuada
Salinas,2000-2004,2,80.52455994892824,80.20315698198087,78.82431943518588,81.43845818748296,Estimación adecuada
Salinas,2005-2009,1,73.52822440107285,73.58102929966302,72.4858025860984,74.63959398762313,Estimación adecuada
Salinas,2005-2009,2,80.63090066219925,80.80277828786313,79.81602544585654,82.02481300666199,Estimación adecuada
Salinas,2010-2014,1,75.47743944137984,75.4789523784251,74.36936014564486,76.5378470855214,Estimación adecuada
Salinas,2010-2014,2,83.23167940762168,83.2228344825238,81.56749472003493,84.89335784722545,Estimación adecuada
Salinas,2015-2019,1,77.96635541138743,77.73872876418233,76.53902448327659,78.81873563531283,Estimación adecuada
Salinas,2015-2019,2,85.02610562554052,84.7249926725026,83.73125103033746,86.38176111622698,Estimación adecuada
Salinas,2020-2024,1,77.2752335181164,77.0130455624249,76.04833849889326,78.24031569387542,Estimación adecuada
Salinas,2020-2024,2,85.43601257393142,85.11074201631003,83.82072836551185,86.5213413344475,Estimación adecuada
San German,1980-1984,1,72.17155637189039,72.09992660561345,71.01511569431784,72.98316531777694,Estimación adecuada
San German,1980-1984,2,77.0812843420632,77.44345843800427,76.44493876655578,78.53895255728969,Estimación adecuada
San German,1985-1989,1,73.24578912339052,72.73054826369841,71.84670302956307,73.53214357233628,Estimación adecuada
San German,1985-1989,2,78.281715742411,78.10792717851794,77.1367677684396,79.1209185460988,Estimación adecuada
San German,1990-1994,1,72.47312065094486,72.07906994822801,71.05105063212002,73.22405399034805,Estimación adecuada
San German,1990-1994,2,78.88901019804139,79.10549492187019,78.12032109823456,80.0835697272255,Estimación adecuada
San German,1995-1999,1,74.17482678706043,73.4403509706915,72.43699478338901,74.28008444318726,Estimación adecuada
San German,1995-1999,2,78.52895052757144,78.93341666613205,78.12761181890818,79.9465416736202,Estimación adecuada
San German,2000-2004,1,75.40040785434385,74.81621367212665,74.01498481925745,75.80827307474266,Estimación adecuada
San German,2000-2004,2,81.07042973561371,81.05115614627806,80.05023484298172,82.20467138567315,Estimación adecuada
San German,2005-2009,1,75.89227383722931,75.38221014806237,74.35637235458815,76.4982733858229,Estimación adecuada
San German,2005-2009,2,81.35724022521588,81.62868261121497,80.61787836793557,82.56336784934635,Estimación adecuada
San German,2010-2014,1,77.09595528241658,76.42928065194025,75.58796167707756,77.27542497638362,Estimación adecuada
San German,2010-2014,2,81.95497572147197,82.51699836545028,81.2121519246341,83.68540186834966,Estimación adecuada
San German,2015-2019,1,79.14792857398798,78.1397273400398,77.1194266733417,78.85300019126956,< e0 observado
San German,2015-2019,2,84.0002365484052,84.31333514488978,83.372292657432,85.45254382305427,Estimación adecuada
San German,2020-2024,1,78.13234571523579,77.68279342347276,76.67348582796723,78.602871908607,Estimación adecuada
San German,2020-2024,2,83.15333884969452,83.77334877489959,82.82429912657065,84.69962572340442,Estimación adecuada
San Juan,1980-1984,1,68.53296805880613,68.62535676690639,68.30852891715409,68.96242289885171,Estimación adecuada
San Juan,1980-1984,2,78.41781325030587,78.28474056286754,77.8689233695321,78.68992332103525,Estimación adecuada
San Juan,1985-1989,1,67.17212517316179,67.31355623491876,67.02966469667876,67.6658760699379,Estimación adecuada
San Juan,1985-1989,2,78.70934229140379,78.62777645564101,78.27970352161933,78.95663627704327,Estimación adecuada
San Juan,1990-1994,1,64.70940097035052,64.92928882758383,64.6043425535578,65.32006395430787,Estimación adecuada
San Juan,1990-1994,2,78.53794951508831,78.57595671246074,78.26173533956475,79.01103124358073,Estimación adecuada
San Juan,1995-1999,1,67.09892384379134,67.23383811335754,66.94505154786594,67.61728061698312,Estimación adecuada
San Juan,1995-1999,2,79.54091321860172,79.52723093857642,79.17266163315531,79.88550142465552,Estimación adecuada
San Juan,2000-2004,1,71.1882392973574,71.23593729813528,70.85379303612117,71.5376811011578,Estimación adecuada
San Juan,2000-2004,2,81.92921875527303,81.77160621638265,81.42039158464775,82.15319468584624,Estimación adecuada
San Juan,2005-2009,1,72.69964876784017,72.75423997705494,72.425013122548,73.09357701481183,Estimación adecuada
San Juan,2005-2009,2,82.46547999538443,82.42403888095419,81.97165072634922,82.78100179962645,Estimación adecuada
San Juan,2010-2014,1,74.44529350870087,74.50722006554949,74.15930398989353,74.90471946895553,Estimación adecuada
San Juan,2010-2014,2,84.20463369793843,84.02601493174306,83.6122181185096,84.46393826537536,Estimación adecuada
San Juan,2015-2019,1,75.79825935426356,75.8684265752571,75.46415685466815,76.32685189073719,Estimación adecuada
San Juan,2015-2019,2,85.20819741649419,85.10915901928884,84.57353591113926,85.70806513911023,Estimación adecuada
San Juan,2020-2024,1,75.09617765928651,75.19505945792045,74.78923367075718,75.55670477428988,Estimación adecuada
San Juan,2020-2024,2,85.57777113429813,85.35245537385207,84.96950331435232,85.91289224935669,Estimación adecuada
San Lorenzo,1980-1984,1,72.4269330696064,72.41880411093845,71.44646941899424,73.6507208269436,Estimación adecuada
San Lorenzo,1980-1984,2,78.47103642037956,78.380240149489,77.29610748822031,79.55024861840822,Estimación adecuada
San Lorenzo,1985-1989,1,70.33185072656097,70.95570692766897,70.09580648019542,72.07654073079979,Estimación adecuada
San Lorenzo,1985-1989,2,79.4038927542163,78.70598224486231,77.63319699526554,79.76269173980148,Estimación adecuada
San Lorenzo,1990-1994,1,70.49063585980458,70.66453775991042,69.6732710066099,71.49858056246848,Estimación adecuada
San Lorenzo,1990-1994,2,79.42906403274269,79.09452237576878,77.96583459399102,80.24072953940447,Estimación adecuada
San Lorenzo,1995-1999,1,72.39291160482962,72.13583070670771,71.07684144627655,73.05955550855806,Estimación adecuada
San Lorenzo,1995-1999,2,78.56261721700943,78.53473924351977,77.62692810820343,79.55418107406939,Estimación adecuada
San Lorenzo,2000-2004,1,73.59466919977362,73.71875558361091,72.87208103691351,74.70644417837103,Estimación adecuada
San Lorenzo,2000-2004,2,81.14875504017051,81.05612774385688,79.98914346315956,82.27106812531407,Estimación adecuada
San Lorenzo,2005-2009,1,75.07421835227707,74.85898149017326,74.14578728252503,75.9009539814966,Estimación adecuada
San Lorenzo,2005-2009,2,82.06471302858854,81.69826712427643,80.66882758419354,82.72223279174591,Estimación adecuada
San Lorenzo,2010-2014,1,76.50254306599682,76.53539873774247,75.55147813039784,77.54767193220431,Estimación adecuada
San Lorenzo,2010-2014,2,83.9183271335132,83.35955862377926,82.28277847847073,84.30565336119258,Estimación adecuada
San Lorenzo,2015-2019,1,77.43176974248165,77.93620501309074,76.83959560489652,79.12444255470459,Estimación adecuada
San Lorenzo,2015-2019,2,85.92248006512409,85.49888881615138,84.18255785978727,86.95378479067357,Estimación adecuada
San Lorenzo,2020-2024,1,77.62523479934367,77.79771202874856,76.76206930467683,78.92697256311439,Estimación adecuada
San Lorenzo,2020-2024,2,84.55625634680975,84.3524662793915,83.22050618623709,85.6108738259413,Estimación adecuada
San Sebastian,1980-1984,1,73.33683627750408,72.82442064602188,71.85460031193257,73.70995873199662,Estimación adecuada
San Sebastian,1980-1984,2,77.39216900594447,77.83002760492204,76.68115388602288,79.18726069546783,Estimación adecuada
San Sebastian,1985-1989,1,71.54106439345284,71.84225597054306,70.68151095752721,72.71202315708018,Estimación adecuada
San Sebastian,1985-1989,2,78.32567842249966,78.46787754607803,77.04319659656639,79.6332148161504,Estimación adecuada
San Sebastian,1990-1994,1,72.72006609308197,72.27704938952675,71.55836909931823,73.20123513461306,Estimación adecuada
San Sebastian,1990-1994,2,78.61121244043503,78.64792700182488,77.80571402318914,79.60626929953757,Estimación adecuada
San Sebastian,1995-1999,1,73.29080325081594,72.84160149681904,71.9898757985074,73.44842178441738,Estimación adecuada
San Sebastian,1995-1999,2,79.73176179097116,79.4061812101256,78.52147746373541,80.42220440948012,Estimación adecuada
San Sebastian,2000-2004,1,74.89792147656362,74.5164752394064,73.73695748599059,75.44300447421429,Estimación adecuada
San Sebastian,2000-2004,2,80.32263567678552,80.23545927073067,79.39453753741581,80.97726762402635,Estimación adecuada
San Sebastian,2005-2009,1,76.73740203137386,76.02596959310299,75.16960077244326,77.08019158721282,Estimación adecuada
San Sebastian,2005-2009,2,81.1692904566309,81.05838031037399,80.4802793575052,82.05482236016528,Estimación adecuada
San Sebastian,2010-2014,1,76.69546237928682,76.33687122158837,75.6118166062541,77.25908733435861,Estimación adecuada
San Sebastian,2010-2014,2,83.16134686711862,82.9581012093808,81.8084227487494,83.95896777202634,Estimación adecuada
San Sebastian,2015-2019,1,79.1178099470019,78.4452621375997,77.34943455757401,79.3236547026836,Estimación adecuada
San Sebastian,2015-2019,2,84.22340952689646,83.99921322626807,83.20659959857838,84.7922180574513,Estimación adecuada
San Sebastian,2020-2024,1,78.24142492610734,77.9118653545019,77.10524364762225,78.66010592428454,Estimación adecuada
San Sebastian,2020-2024,2,84.23065748606743,84.36580027702198,83.60574984720313,85.41420115910617,Estimación adecuada
Santa Isabel,1980-1984,1,69.7275677276356,69.38025341921526,68.4534061224897,70.32728050745797,Estimación adecuada
Santa Isabel,1980-1984,2,77.7763438904047,77.33005442567273,75.77633789806647,78.54649148927939,Estimación adecuada
Santa Isabel,1985-1989,1,69.23817247335977,69.63215052836838,68.38743300495298,70.74013457674344,Estimación adecuada
Santa Isabel,1985-1989,2,76.67908928126376,76.62086325115061,75.36363383876716,78.03075261446529,Estimación adecuada
Santa Isabel,1990-1994,1,66.65679986192234,68.31952697468616,66.92146760372933,69.43668387861308,> e0 observado
Santa Isabel,1990-1994,2,76.1627447017844,76.82496469865751,75.66885539924478,78.36726636639519,Estimación adecuada
Santa Isabel,1995-1999,1,68.83610956762453,69.36872668696226,68.06187771367445,70.42777023064366,Estimación adecuada
Santa Isabel,1995-1999,2,77.73152078827611,77.52082091552055,76.60304373071229,78.51979902845291,Estimación adecuada
Santa Isabel,2000-2004,1,69.45419232564782,70.8349913865039,69.70472136382374,72.00084869731398,> e0 observado
Santa Isabel,2000-2004,2,79.11209035669054,79.16336174451371,78.27582037135414,80.44610079312986,Estimación adecuada
Santa Isabel,2005-2009,1,72.31479005793592,72.63234747385785,71.52316290839877,73.69707235373042,Estimación adecuada
Santa Isabel,2005-2009,2,81.59418713189359,81.51374954265879,79.89556266365841,82.86837954158693,Estimación adecuada
Santa Isabel,2010-2014,1,74.62174299181575,74.95634936439833,73.82810802187129,76.2459762053504,Estimación adecuada
Santa Isabel,2010-2014,2,81.81631250475374,81.37311953597776,80.14852686825557,82.84476102825064,Estimación adecuada
Santa Isabel,2015-2019,1,75.10553816345772,75.36771178221804,74.48562105936924,76.48150150415,Estimación adecuada
Santa Isabel,2015-2019,2,85.04929628842375,83.83665557685896,82.26400814279825,85.42485903772945,Estimación adecuada
Santa Isabel,2020-2024,1,74.53124138847393,75.17548164375944,73.86591632269807,76.07350229844377,Estimación adecuada
Santa Isabel,2020-2024,2,83.31177822878875,83.08307451851388,81.6606455048846,84.46753777556532,Estimación adecuada
Toa Alta,1980-1984,1,74.8830856005072,74.26887730422744,73.19561327609986,75.45492961795668,Estimación adecuada
Toa Alta,1980-1984,2,77.90618677933547,78.80589923768855,77.66243965615061,80.30001314623901,Estimación adecuada
Toa Alta,1985-1989,1,72.95726224514657,72.86474576919792,71.48867231531584,73.89600190188732,Estimación adecuada
Toa Alta,1985-1989,2,81.13925929884047,80.71250281168278,79.32669729549443,82.36553428318061,Estimación adecuada
Toa Alta,1990-1994,1,73.42887184415189,73.2895293759606,72.11882237619895,74.40265146156304,Estimación adecuada
Toa Alta,1990-1994,2,79.53507742661205,79.85230376297437,78.7732412582038,81.0684459298669,Estimación adecuada
Toa Alta,1995-1999,1,73.12825061550112,73.20495203147021,72.25937176824411,73.87339458217201,Estimación adecuada
Toa Alta,1995-1999,2,80.88771225273739,80.72089150192272,79.93538131535557,81.57905471792031,Estimación adecuada
Toa Alta,2000-2004,1,75.20122641401855,75.16980019929167,74.2930875318913,75.79073917320827,Estimación adecuada
Toa Alta,2000-2004,2,81.33505965208538,81.55590192664334,80.4929580756365,82.75452954577553,Estimación adecuada
Toa Alta,2005-2009,1,77.25808536131703,76.94912855845935,76.23867461683356,77.9757713604986,Estimación adecuada
Toa Alta,2005-2009,2,83.45975745150935,83.32666285825647,82.17876171308839,84.4642585799678,Estimación adecuada
Toa Alta,2010-2014,1,77.617438844306065,77.77985092180523,77.10840105677218,78.57647552482555,Estimación adecuada
Toa Alta,2010-2014,2,84.59193836320182,84.38289063405924,83.56795653376855,85.41478101099733,Estimación adecuada
Toa Alta,2015-2019,1,79.44012262836311,79.40948319004335,78.56942499920827,80.33304927150422,Estimación adecuada
Toa Alta,2015-2019,2,84.21287299648571,84.49744793499838,83.5382654347776,85.22236727298736,Estimación adecuada
Toa Alta,2020-2024,1,79.32715713141147,79.26855373865337,78.47614412229035,80.01510074310491,Estimación adecuada
Toa Alta,2020-2024,2,85.92609855770323,85.34971585524009,84.56233838885024,86.2081740247974,Estimación adecuada
Toa Baja,1980-1984,1,72.82833976912103,72.4163525069387,71.5082251978121,73.21007284007803,Estimación adecuada
Toa Baja,1980-1984,2,79.03893803233984,78.5352732720736,77.7197438728806,79.74307463480864,Estimación adecuada
Toa Baja,1985-1989,1,71.09171108702432,71.17813899727861,70.48333991927632,71.82837725135286,Estimación adecuada
Toa Baja,1985-1989,2,79.17713173148333,78.96491775618702,78.1960668472633,80.01734082895535,Estimación adecuada
Toa Baja,1990-1994,1,69.55070432606276,70.02718940719285,69.2956874814912,70.64996331176812,Estimación adecuada
Toa Baja,1990-1994,2,78.53439715581091,78.37382196661667,77.71312020514279,79.22483818279858,Estimación adecuada
Toa Baja,1995-1999,1,71.02389397781576,71.19013353809655,70.42051731004045,71.71311559691048,Estimación adecuada
Toa Baja,1995-1999,2,80.35817914633549,79.89052080833005,79.10242671470361,80.83316179491965,Estimación adecuada
Toa Baja,2000-2004,1,73.3130761935651,73.470184184512,72.87312334365808,74.20095530222846,Estimación adecuada
Toa Baja,2000-2004,2,81.24641875534006,81.02358148815725,80.16461787830481,81.70269921870526,Estimación adecuada
Toa Baja,2005-2009,1,73.9336800218148,74.12655690669968,73.4837106922671,74.84619255278363,Estimación adecuada
Toa Baja,2005-2009,2,81.2918522418654,81.17937340357275,80.33596307059499,81.9151584838188,Estimación adecuada
Toa Baja,2010-2014,1,75.63234922554784,75.77239925912073,75.04557835761585,76.50276556434198,Estimación adecuada
Toa Baja,2010-2014,2,83.19276198853512,82.96179028895223,82.25394995335647,83.8303047445351,Estimación adecuada
Toa Baja,2015-2019,1,77.0796431176242,77.16149081915637,76.36511999160587,78.04077984946568,Estimación adecuada
Toa Baja,2015-2019,2,85.28768156374481,85.07508086180107,84.1567330748394,85.93130022843755,Estimación adecuada
Toa Baja,2020-2024,1,76.06866784040614,76.25739926220606,75.63580285765934,77.0541814242338,Estimación adecuada
Toa Baja,2020-2024,2,84.82502560819063,84.70787982424756,84.03472440687764,85.69965223360362,Estimación adecuada
Trujillo Alto,1980-1984,1,73.8807661516517,73.64396656152405,72.68048708682207,74.61894902064223,Estimación adecuada
Trujillo Alto,1980-1984,2,80.45848591811597,80.19577759256549,78.7571399096715,81.34750897119842,Estimación adecuada
Trujillo Alto,1985-1989,1,72.91759611684925,73.06127420830205,72.21145206639437,73.74327933064453,Estimación adecuada
Trujillo Alto,1985-1989,2,81.01563083839561,80.56076063252797,79.4279265662444,81.70412704898966,Estimación adecuada
Trujillo Alto,1990-1994,1,72.6023641348921,72.78418838651697,71.86703424439443,73.80705704433416,Estimación adecuada
Trujillo Alto,1990-1994,2,79.85175886432305,79.90133592897229,79.02608723125653,80.74649050451741,Estimación adecuada
Trujillo Alto,1995-1999,1,72.41162116159781,72.77436424868654,71.94568492099974,73.44307371367202,Estimación adecuada
Trujillo Alto,1995-1999,2,81.19162622930031,80.75871656608905,79.92277297817701,81.69400823158702,Estimación adecuada
Trujillo Alto,2000-2004,1,74.68446388601943,74.92848086018144,74.08412043849721,75.70655529833948,Estimación adecuada
Trujillo Alto,2000-2004,2,83.41194987282269,83.16433195015392,82.19982446016482,84.44923020776011,Estimación adecuada
Trujillo Alto,2005-2009,1,75.81610434260868,75.96403239551694,75.20824147904212,76.72140199353589,Estimación adecuada
Trujillo Alto,2005-2009,2,83.84316698522537,83.37340360678928,82.62882429362317,84.4999000561136,Estimación adecuada
Trujillo Alto,2010-2014,1,77.88979650864401,78.01215477976983,77.05467137636538,78.75345088423796,Estimación adecuada
Trujillo Alto,2010-2014,2,85.28937280458358,85.03037968033775,84.09409855922081,86.01609920354694,Estimación adecuada
Trujillo Alto,2015-2019,1,79.53728233113502,79.49519942584972,78.61862966968357,80.47826775126103,Estimación adecuada
Trujillo Alto,2015-2019,2,86.3543330403018,86.18254053813021,85.27375103588133,87.20234127128498,Estimación adecuada
Trujillo Alto,2020-2024,1,78.39208683519212,78.6581734886314,77.67701201281139,79.45426523852771,Estimación adecuada
Trujillo Alto,2020-2024,2,86.16954614436371,85.81059848656804,84.96797135824903,86.6975654350044,Estimación adecuada
Utuado,1980-1984,1,72.77455758364391,72.72403052483943,71.89019651225374,73.68187690679241,Estimación adecuada
Utuado,1980-1984,2,78.22725510627389,78.21036248618314,77.24930412122114,79.24796641506765,Estimación adecuada
Utuado,1985-1989,1,72.49241351300115,72.28294250949008,71.53564173164705,73.16819573935734,Estimación adecuada
Utuado,1985-1989,2,78.55971933281445,78.49666691294637,77.48983359318834,79.52621153348039,Estimación adecuada
Utuado,1990-1994,1,73.58027996114916,72.90102441024965,71.88508426477254,73.78232413451347,Estimación adecuada
Utuado,1990-1994,2,79.15999314000904,78.86060008509357,77.8630055340718,79.8560106539025,Estimación adecuada
Utuado,1995-1999,1,73.56681994998524,72.67536324235662,71.91407885049054,73.62172400723051,Estimación adecuada
Utuado,1995-1999,2,79.75811291705193,79.51314973851875,78.57279126854259,80.67184223187874,Estimación adecuada
Utuado,2000-2004,1,75.66609210920785,74.99760602600828,74.04912575868391,75.81841376962424,Estimación adecuada
Utuado,2000-2004,2,80.85296661933371,81.10942844911358,80.01234186860218,82.1013496039206,Estimación adecuada
Utuado,2005-2009,1,74.96306439444312,75.02072526316911,74.11685668613282,75.87025027193577,Estimación adecuada
Utuado,2005-2009,2,81.95177865789455,82.23986954322791,81.32477744779221,83.39809968681176,Estimación adecuada
Utuado,2010-2014,1,76.45438665507136,75.97945229458927,75.067755487438,77.01013788361337,Estimación adecuada
Utuado,2010-2014,2,83.96232047500072,83.60161864140602,82.42662171241605,84.86351535346715,Estimación adecuada
Utuado,2015-2019,1,79.0189703608258,78.85053196474183,77.91221333524427,80.0879837854034,Estimación adecuada
Utuado,2015-2019,2,85.5118737413184,85.0911827939987,84.09106168522939,86.93969645298439,Estimación adecuada
Utuado,2020-2024,1,80.22889535833663,79.21931874245269,77.84070599513805,80.53116844572801,Estimación adecuada
Utuado,2020-2024,2,86.24989014279643,85.474344923626,84.4142573141483,86.74337831145948,Estimación adecuada
Vega Alta,1980-1984,1,73.54933326191107,73.04946033102988,71.94258155407529,74.21090143151537,Estimación adecuada
Vega Alta,1980-1984,2,78.25469326095431,78.50423333840025,77.1644591352347,79.93685579388654,Estimación adecuada
Vega Alta,1985-1989,1,72.05535344696615,72.22891424267463,71.5080131660489,73.3483332977465,Estimación adecuada
Vega Alta,1985-1989,2,78.15985935324002,78.24066082814278,77.43859793657245,79.2405014408977,Estimación adecuada
Vega Alta,1990-1994,1,70.24052329679134,70.85604754258517,69.73084732280589,71.77207204462105,Estimación adecuada
Vega Alta,1990-1994,2,79.51462054686016,79.4648141377325,78.46461825450879,80.66031996696918,Estimación adecuada
Vega Alta,1995-1999,1,71.54816531304111,71.91178152452669,71.05314382423798,72.97679582365382,Estimación adecuada
Vega Alta,1995-1999,2,79.34051049480365,79.45348274228621,78.53693518225734,80.52116671778572,Estimación adecuada
Vega Alta,2000-2004,1,74.10875011525926,74.08367812741004,72.88737387252999,74.96793966889112,Estimación adecuada
Vega Alta,2000-2004,2,81.98636550598057,81.79952278023549,80.45252444853719,83.2409080361779,Estimación adecuada
Vega Alta,2005-2009,1,74.49742104581102,74.6864422738658,73.76515460486502,75.88395673930023,Estimación adecuada
Vega Alta,2005-2009,2,82.79578771576239,82.39643274465546,81.43733827465097,83.56521260398225,Estimación adecuada
Vega Alta,2010-2014,1,76.95585105473053,76.72020675298714,75.74475667081236,77.68467518611922,Estimación adecuada
Vega Alta,2010-2014,2,84.70771205138385,84.11966343221577,83.11513258879921,85.40847052987064,Estimación adecuada
Vega Alta,2015-2019,1,79.09002086085074,78.43647508686934,77.49686471150324,79.41345502714478,Estimación adecuada
Vega Alta,2015-2019,2,84.78023321458953,84.65183661808467,83.60587151686158,86.137623586639,Estimación adecuada
Vega Alta,2020-2024,1,79.13203080104806,78.87636745192675,77.73689681260726,80.09146196441267,Estimación adecuada
Vega Alta,2020-2024,2,86.55489338482076,85.805578184018,84.57572979415899,87.125642635161,Estimación adecuada
Vega Baja,1980-1984,1,72.17472574689376,72.06327826584662,71.17578596073177,72.852825388124,Estimación adecuada
Vega Baja,1980-1984,2,77.4559969407079,77.20337181851933,76.17476800803261,77.99543499579993,Estimación adecuada
Vega Baja,1985-1989,1,71.32919645334727,71.33017903151631,70.31401118791584,72.11967585252079,Estimación adecuada
Vega Baja,1985-1989,2,78.37255208308184,78.29916410727756,77.34811813427999,79.0742027470375,Estimación adecuada
Vega Baja,1990-1994,1,69.34239102427848,69.75819061394536,68.777558009339,70.29752350911372,Estimación adecuada
Vega Baja,1990-1994,2,79.817128530258,79.48535518123884,78.44409207510625,80.56550901667818,Estimación adecuada
Vega Baja,1995-1999,1,69.80129928554581,70.05216975119129,69.40968680634276,70.8870701932373,Estimación adecuada
Vega Baja,1995-1999,2,78.73855584436625,78.45517758953594,77.63940041397473,79.12299550126265,Estimación adecuada
Vega Baja,2000-2004,1,71.71281396652603,71.96124625923773,71.1156405431495,72.85125305106574,Estimación adecuada
Vega Baja,2000-2004,2,80.83940501884719,80.24070468352983,79.48123454630783,81.39305821068561,Estimación adecuada
Vega Baja,2005-2009,1,73.49107576558887,73.84506009307334,73.01850843958752,74.63339445467656,Estimación adecuada
Vega Baja,2005-2009,2,81.56225378359265,81.31497249602216,80.45848922619845,82.23479858791367,Estimación adecuada
Vega Baja,2010-2014,1,75.67293352681041,75.60578991296005,74.79997890459043,76.4047270068746,Estimación adecuada
Vega Baja,2010-2014,2,82.83225536608914,82.46656227685963,81.73001773993144,83.536700243690035,Estimación adecuada
Vega Baja,2015-2019,1,77.17186219895375,76.93992225429673,76.09745286711296,77.58053372063557,Estimación adecuada
Vega Baja,2015-2019,2,85.55300741129905,85.14158633601554,84.19937152917002,86.21729827856728,Estimación adecuada
Vega Baja,2020-2024,1,76.1343018706242,76.58024120445295,75.57849481409394,77.37678088072192,Estimación adecuada
Vega Baja,2020-2024,2,85.01178406884422,84.41327175693637,83.61012738240075,85.27151011634521,Estimación adecuada
Vieques,1980-1984,1,68.44199950691872,69.41737221508987,67.90541144961699,70.61624095209818,Estimación adecuada
Vieques,1980-1984,2,79.82881030409467,77.39376303047506,75.8201659789271,79.24089981478676,< e0 observado
Vieques,1985-1989,1,68.91887213110078,69.40266732667786,67.8182801447763,70.26011946547807,Estimación adecuada
Vieques,1985-1989,2,76.64055553721266,77.13825721701066,75.51246166360508,78.39906785899441,Estimación adecuada
Vieques,1990-1994,1,70.56388701195755,69.8689970642765,68.22791985522123,71.19644349728156,Estimación adecuada
Vieques,1990-1994,2,75.61141239304688,76.51442148070345,75.21226171157807,77.72735764235814,Estimación adecuada
Vieques,1995-1999,1,67.1661520645474,68.84765188254457,67.61926061952249,69.99848272254974,> e0 observado
Vieques,1995-1999,2,77.66760098100364,78.11155786591371,76.58975420120959,79.2394202902162,Estimación adecuada
Vieques,2000-2004,1,71.06219249587082,71.60017765819799,70.30780034436285,73.14949281731164,Estimación adecuada
Vieques,2000-2004,2,79.94564055883934,80.07315439284196,78.47671852484834,81.41418368891021,Estimación adecuada
Vieques,2005-2009,1,71.86562241202773,72.87268201643965,71.297277835632,73.86165294851014,Estimación adecuada
Vieques,2005-2009,2,82.1662176624026,81.20957526654288,79.73716898555251,82.92537861270384,Estimación adecuada
Vieques,2010-2014,1,72.38693885614644,74.34482509962479,73.14352945231938,75.72703930862464,> e0 observado
Vieques,2010-2014,2,82.20083674525317,82.1437121891977,80.5851451088497,84.22103374726373,Estimación adecuada
Vieques,2015-2019,1,75.48771486205818,76.12664890328303,74.85380753592274,78.0104303245589,Estimación adecuada
Vieques,2015-2019,2,85.60400958844578,84.07278173796455,82.50362709927515,85.88660610777497,Estimación adecuada
Vieques,2020-2024,1,70.30670126441383,75.32458824656248,73.39018381707896,76.93109662249377,> e0 observado
Vieques,2020-2024,2,82.77316856062777,82.75374193358957,81.0970894384962,84.53171415265076,Estimación adecuada
Villalba,1980-1984,1,71.31481633801816,71.64427952007706,70.61544294044555,72.85366805478466,Estimación adecuada
Villalba,1980-1984,2,77.35744616187003,78.19717587278731,76.91241941543757,79.56363799794403,Estimación adecuada
Villalba,1985-1989,1,70.6812298941124,71.26466947536207,70.10382657510536,72.37067094857457,Estimación adecuada
Villalba,1985-1989,2,78.13907330956457,78.53746703843889,77.00479389115243,79.70519135287864,Estimación adecuada
Villalba,1990-1994,1,72.3498469286644,71.57155408672234,70.5282437177873,72.47495476852592,Estimación adecuada
Villalba,1990-1994,2,79.32972359168376,79.02930132961055,77.52821904678724,80.46377826662211,Estimación adecuada
Villalba,1995-1999,1,74.12665072351581,72.72153579978225,71.6470007908159,73.90009673821554,< e0 observado
Villalba,1995-1999,2,79.94095261032773,79.75465144812705,78.60970575448702,81.0678326542521,Estimación adecuada
Villalba,2000-2004,1,75.24588138203707,74.7119950082915,73.87767589712212,75.82490440721435,Estimación adecuada
Villalba,2000-2004,2,81.24189158745828,81.02811482827968,79.58037692180358,82.02901755726397,Estimación adecuada
Villalba,2005-2009,1,75.22194783512565,75.04314174470761,74.07761237577988,76.21650241795105,Estimación adecuada
Villalba,2005-2009,2,82.367985821704,82.26145149395282,81.0852238602685,84.07417364866788,Estimación adecuada
Villalba,2010-2014,1,77.8383761040004,76.85118873949654,75.68799898503596,78.43920265988118,Estimación adecuada
Villalba,2010-2014,2,82.38109633625453,82.66293886578354,81.41892066096028,83.91252826497067,Estimación adecuada
Villalba,2015-2019,1,77.83504649286682,77.72878788589983,76.48797801318659,78.98794845810934,Estimación adecuada
Villalba,2015-2019,2,84.05820533092681,84.11852292732141,82.86092637022969,85.63671129424986,Estimación adecuada
Villalba,2020-2024,1,77.24232552482839,77.25293170488897,76.02818499747492,78.52022915293335,Estimación adecuada
Villalba,2020-2024,2,85.36972299365041,85.47076936868802,84.2165238943707,87.10887111198117,Estimación adecuada
Yabucoa,1980-1984,1,71.13885114874819,71.33711518371011,70.4623671317845,72.1479087929151,Estimación adecuada
Yabucoa,1980-1984,2,77.69784172893796,77.81338196555843,76.65724133091177,78.90507203633899,Estimación adecuada
Yabucoa,1985-1989,1,71.6497165141789,71.86635791222258,70.93539382932933,72.73511350540554,Estimación adecuada
Yabucoa,1985-1989,2,78.71247157491743,78.49277520770923,77.39419425410017,79.66146537291564,Estimación adecuada
Yabucoa,1990-1994,1,72.18368470754862,71.91417530696718,70.97637965674885,72.89883330953336,Estimación adecuada
Yabucoa,1990-1994,2,78.65582186258791,78.49497840653794,77.53493340612502,79.5437235376697,Estimación adecuada
Yabucoa,1995-1999,1,70.61759581589234,71.02262634125981,70.30454184192003,71.86948800076385,Estimación adecuada
Yabucoa,1995-1999,2,79.25053941807832,79.09994359347252,78.30071100598649,80.11698361803568,Estimación adecuada
Yabucoa,2000-2004,1,74.67500524731325,74.44797336524292,73.61761355693886,75.37295713684868,Estimación adecuada
Yabucoa,2000-2004,2,81.74191284227646,81.48799666885495,80.05608674103547,82.26252016491752,Estimación adecuada
Yabucoa,2005-2009,1,74.52109913218256,74.85428370278237,73.87075490523813,75.67841716453832,Estimación adecuada
Yabucoa,2005-2009,2,83.07308125246723,82.66644395556786,81.50039344598528,84.0012379342872,Estimación adecuada
Yabucoa,2010-2014,1,75.57434879024864,76.0259001496998,75.35473411462695,76.8585012821693,Estimación adecuada
Yabucoa,2010-2014,2,82.0382545268585,82.35659232508934,81.24645846164915,83.52631673956853,Estimación adecuada
Yabucoa,2015-2019,1,77.58753133123862,78.02049433984156,77.12457372594821,79.04537372605688,Estimación adecuada
Yabucoa,2015-2019,2,86.1265699532434,85.61584032552196,84.40105905256466,87.14379561975156,Estimación adecuada
Yabucoa,2020-2024,1,75.78194920338815,77.23278790268346,76.27416811387016,78.1903194810388,> e0 observado
Yabucoa,2020-2024,2,85.25611674355481,84.78665036527235,83.77878212598218,85.8873629483775,Estimación adecuada
Yauco,1980-1984,1,71.51456720078431,71.12865069353958,70.17479818896908,71.86269271409981,Estimación adecuada
Yauco,1980-1984,2,77.4589640282646,77.45731673514972,76.48175552688753,78.39887934153819,Estimación adecuada
Yauco,1985-1989,1,69.95040254168732,70.19067026420824,69.39236707753216,70.95451837293311,Estimación adecuada
Yauco,1985-1989,2,77.60208552265917,77.37554553765864,76.43731181861575,78.33353733797416,Estimación adecuada
Yauco,1990-1994,1,71.7335324052013,71.34696206430661,70.42984740971528,72.16239883517193,Estimación adecuada
Yauco,1990-1994,2,78.49054698828598,78.19092651660218,77.36033746460627,78.97307151127004,Estimación adecuada
Yauco,1995-1999,1,72.03051290197796,71.52009788297036,70.62508123499273,72.37133358006056,Estimación adecuada
Yauco,1995-1999,2,79.29391771380651,78.80349186048134,77.96683684695901,79.59343438815209,Estimación adecuada
Yauco,2000-2004,1,72.97803149863371,73.06472646638684,72.10856542586221,73.84872690630215,Estimación adecuada
Yauco,2000-2004,2,79.24854846213276,79.34782402672829,78.47007237730037,80.32101652664942,Estimación adecuada
Yauco,2005-2009,1,73.24138587908658,73.69510849315648,72.93737013022152,74.41205557216233,Estimación adecuada
Yauco,2005-2009,2,80.5594161821005,80.6652182869586,79.9785999490868,81.6629500652462,Estimación adecuada
Yauco,2010-2014,1,75.57887719653512,75.51316342178916,74.67713697362703,76.50699020720535,Estimación adecuada
Yauco,2010-2014,2,81.76032266455593,81.89422565978273,81.1199797246556,82.74419925460558,Estimación adecuada
Yauco,2015-2019,1,77.43223226793361,77.16125314227729,76.4386166077049,78.17277908724951,Estimación adecuada
Yauco,2015-2019,2,82.51620418595085,83.26390938340822,82.3428375703343,84.23301336734185,Estimación adecuada
Yauco,2020-2024,1,75.94482006846164,76.33004342045747,75.55232601356448,77.13957340418304,Estimación adecuada
Yauco,2020-2024,2,83.86986937855978,83.393234694524,82.43140665719181,84.27941866200331,Estimación adecuada
