region,period,sex,e0_observado,e0_estimado,e0_lower,e0_upper,est_eval
Adjuntas,1980-1984,1,72.54189508802463,72.33035255739631,71.06760160099628,73.50456568614489,Estimación adecuada
Adjuntas,1980-1984,2,78.96516925394144,78.84261170896232,77.49334363519945,80.28732097448261,Estimación adecuada
Adjuntas,1985-1989,1,70.84999061728885,71.63424748994197,70.36034917190105,72.78119769751558,Estimación adecuada
Adjuntas,1985-1989,2,78.97855761762072,78.95766258855008,77.68967331512334,80.40571921457318,Estimación adecuada
Adjuntas,1990-1994,1,71.49310954038985,71.52404702609468,70.33438870378424,72.6639108116109,Estimación adecuada
Adjuntas,1990-1994,2,77.88047658335911,78.44408791254116,77.21604340406007,79.83106517904295,Estimación adecuada
Adjuntas,1995-1999,1,71.91080703113897,72.10256577886537,70.90826782386922,73.27165849793575,Estimación adecuada
Adjuntas,1995-1999,2,78.53770419818306,78.89557354619167,77.64913362592002,80.13248881195746,Estimación adecuada
Adjuntas,2000-2004,1,74.0807006063416,73.8826708054282,72.68495751034365,75.00103174262391,Estimación adecuada
Adjuntas,2000-2004,2,79.50851081175084,79.99154642390175,78.8301726486709,81.19374371315217,Estimación adecuada
Adjuntas,2005-2009,1,77.13413877724005,76.05515111819253,74.84328630914654,77.28866121537861,Estimación adecuada
Adjuntas,2005-2009,2,82.23262377887984,82.17946116665811,80.74318287236521,83.7604507431568,Estimación adecuada
Adjuntas,2010-2014,1,78.0170892039493,76.91221576514126,75.83558479381941,78.15571910737104,Estimación adecuada
Adjuntas,2010-2014,2,84.37542750420445,83.62654265610738,82.18282865762521,85.28533656064087,Estimación adecuada
Adjuntas,2015-2019,1,80.07122326396828,79.53251889440648,78.15800332711287,81.05940474949558,Estimación adecuada
Adjuntas,2015-2019,2,84.75780508868199,84.94415252008915,83.32673659536002,87.04870504389143,Estimación adecuada
Adjuntas,2020-2024,1,80.09050176489524,79.11532234085507,77.84081063613175,80.60810758352461,Estimación adecuada
Adjuntas,2020-2024,2,87.03883394524668,86.2758279667507,84.61437630585178,88.3000216012353,Estimación adecuada
Aguada,1980-1984,1,73.2175687853255,72.99011760839883,71.87677849809818,74.12146386004105,Estimación adecuada
Aguada,1980-1984,2,76.66307974738103,77.6435869207703,76.5004509954475,78.91188072328274,Estimación adecuada
Aguada,1985-1989,1,73.21396709192831,72.95104651247384,71.9131265709335,73.92219862373258,Estimación adecuada
Aguada,1985-1989,2,77.70261010174512,78.01081197370559,76.93616389742537,79.13779830244536,Estimación adecuada
Aguada,1990-1994,1,73.47166304966473,73.00331459773541,72.0249646896944,73.98684107311186,Estimación adecuada
Aguada,1990-1994,2,79.56472305278581,79.38943562487555,78.27706957914879,80.63651892956402,Estimación adecuada
Aguada,1995-1999,1,72.96139718811193,72.68431529482731,71.73742819193744,73.6024065625325,Estimación adecuada
Aguada,1995-1999,2,78.42598214583917,78.49651916539042,77.5076756933242,79.53648351620984,Estimación adecuada
Aguada,2000-2004,1,75.7731265619719,75.1686626304574,74.2903908433926,76.24731015661524,Estimación adecuada
Aguada,2000-2004,2,80.35987918975404,80.36146227921063,79.33935228915583,81.39447720309049,Estimación adecuada
Aguada,2005-2009,1,77.6139364553716,76.72307193385186,75.7709013470913,77.78802148633596,Estimación adecuada
Aguada,2005-2009,2,81.487501570255,81.4004190176809,80.38239682971708,82.4318678165233,Estimación adecuada
Aguada,2010-2014,1,77.3081065450094,76.95769227159755,75.8970701992246,77.86908431110517,Estimación adecuada
Aguada,2010-2014,2,83.93649978812951,83.49862457323059,82.34560405464586,84.67392473299479,Estimación adecuada
Aguada,2015-2019,1,80.17632385200217,79.20202125820879,78.23215931809669,80.16435732176728,< e0 observado
Aguada,2015-2019,2,84.88514363026218,84.73640601101715,83.60272480058315,86.05409685108114,Estimación adecuada
Aguada,2020-2024,1,78.78968559483442,78.16097164921857,77.28506212077318,79.13292830799385,Estimación adecuada
Aguada,2020-2024,2,83.87729580688905,84.06624303726741,83.0455984076157,85.17972509461505,Estimación adecuada
Aguadilla,1980-1984,1,71.00678071372081,71.06773690710625,70.23185480982754,71.93385661142953,Estimación adecuada
Aguadilla,1980-1984,2,77.48535658677463,77.30487746236165,76.42343996030957,78.19180761345012,Estimación adecuada
Aguadilla,1985-1989,1,70.58561267446154,70.71590487715058,69.82822899906722,71.48414460308842,Estimación adecuada
Aguadilla,1985-1989,2,77.65780206154783,77.52163208087337,76.71671890023865,78.37619151527025,Estimación adecuada
Aguadilla,1990-1994,1,70.88482346377512,70.80636211312013,69.9786629303825,71.58703152657199,Estimación adecuada
Aguadilla,1990-1994,2,77.99785568547416,77.81927140056865,77.03865396842409,78.5955433867193,Estimación adecuada
Aguadilla,1995-1999,1,70.78010378855268,70.76898662918401,69.98981125322295,71.4649949656369,Estimación adecuada
Aguadilla,1995-1999,2,78.16686736979354,78.02657433843845,77.31688342992182,78.74674139241363,Estimación adecuada
Aguadilla,2000-2004,1,73.78276571753028,73.30650429480202,72.60088235255765,74.02716350379266,Estimación adecuada
Aguadilla,2000-2004,2,80.45198774138778,79.93919531380932,79.11478882891886,80.77151247658847,Estimación adecuada
Aguadilla,2005-2009,1,74.34368140644376,74.10182185424406,73.3863294201223,74.87847059942557,Estimación adecuada
Aguadilla,2005-2009,2,81.18616231865005,80.7730006968833,79.8923361554355,81.67228616677787,Estimación adecuada
Aguadilla,2010-2014,1,76.10575530196566,75.6087838558739,74.76771372852517,76.35659129558923,Estimación adecuada
Aguadilla,2010-2014,2,81.66758711742574,81.60457110446339,80.80136007438944,82.39801085276648,Estimación adecuada
Aguadilla,2015-2019,1,77.5014617746831,76.96712613786713,76.08054000686849,77.83275992064611,Estimación adecuada
Aguadilla,2015-2019,2,82.99395073109925,83.43208058766126,82.52910232343024,84.3815187512615,Estimación adecuada
Aguadilla,2020-2024,1,76.52156602867669,76.5327744042456,75.71111895880568,77.32164294107703,Estimación adecuada
Aguadilla,2020-2024,2,83.20736033493193,83.32519413626085,82.5359499763623,84.15281851667041,Estimación adecuada
Aguas Buenas,1980-1984,1,70.9060601893331,71.53971877093778,70.36251452833534,72.75915427960734,Estimación adecuada
Aguas Buenas,1980-1984,2,79.20230439846388,78.81032765106832,77.50480569111588,80.26923219503682,Estimación adecuada
Aguas Buenas,1985-1989,1,71.73217429810381,72.01515434939716,70.87389007252685,73.14850351823874,Estimación adecuada
Aguas Buenas,1985-1989,2,78.66666240443578,78.82267324466406,77.54756266956197,80.29635705808693,Estimación adecuada
Aguas Buenas,1990-1994,1,71.9040754109389,71.80742617385181,70.71025970655955,72.9647890970471,Estimación adecuada
Aguas Buenas,1990-1994,2,82.01930667891538,80.7756177395859,79.39161676558294,82.58379248331067,Estimación adecuada
Aguas Buenas,1995-1999,1,72.03242058667273,72.19454378233561,71.12036989670948,73.25004828723692,Estimación adecuada
Aguas Buenas,1995-1999,2,79.29741471606215,79.15114161507725,78.10931184800894,80.39657705875095,Estimación adecuada
Aguas Buenas,2000-2004,1,74.50847723417229,74.50196383116602,73.44056945901487,75.57698617434943,Estimación adecuada
Aguas Buenas,2000-2004,2,81.53307661620572,81.36637655993405,80.13019737929048,82.69788543458591,Estimación adecuada
Aguas Buenas,2005-2009,1,74.76751879253902,75.1547127212913,74.08310428289087,76.3273898271612,Estimación adecuada
Aguas Buenas,2005-2009,2,83.74825554704383,83.42860428872572,82.03365210368548,84.98330059251495,Estimación adecuada
Aguas Buenas,2010-2014,1,77.07874986678003,77.50160172160018,76.26883894957336,78.86571950704023,Estimación adecuada
Aguas Buenas,2010-2014,2,83.69043751017024,83.84387967742069,82.556116949382,85.20530839122826,Estimación adecuada
Aguas Buenas,2015-2019,1,77.12363910638715,77.99672747186936,76.78354433447231,79.217265875352,Estimación adecuada
Aguas Buenas,2015-2019,2,86.87058779798109,85.96180501150772,84.48985938024308,87.67346751998824,Estimación adecuada
Aguas Buenas,2020-2024,1,77.71291412855061,78.19221139348141,77.04698517601732,79.37786578908023,Estimación adecuada
Aguas Buenas,2020-2024,2,86.01372227536957,85.42792507888709,84.05055487889412,86.93062459486502,Estimación adecuada
Aibonito,1980-1984,1,71.20727896829324,71.65343057204967,70.41699832701886,72.90007448676218,Estimación adecuada
Aibonito,1980-1984,2,78.10148160174786,78.2655978186167,77.02246790186992,79.69733280950803,Estimación adecuada
Aibonito,1985-1989,1,70.93804632594708,71.24511060605124,70.16446411192067,72.48656021136304,Estimación adecuada
Aibonito,1985-1989,2,79.48839408130232,79.15913846440024,77.9425218740352,80.60850412316256,Estimación adecuada
Aibonito,1990-1994,1,72.7988506012683,72.40147390529205,71.2616044252923,73.48798572020479,Estimación adecuada
Aibonito,1990-1994,2,79.2040372973333,78.96870466227827,77.95768421301143,80.16619841761863,Estimación adecuada
Aibonito,1995-1999,1,72.77760443633895,72.27373542450141,71.0915673425102,73.42702711242653,Estimación adecuada
Aibonito,1995-1999,2,79.65397963842348,79.53847495349422,78.44860523542388,80.82471400017958,Estimación adecuada
Aibonito,2000-2004,1,74.39460579414155,74.1083933846878,73.09221326226078,75.17153696775469,Estimación adecuada
Aibonito,2000-2004,2,80.67825254541816,80.65169713171753,79.60401469043374,81.79135410621343,Estimación adecuada
Aibonito,2005-2009,1,74.88960349978896,75.00041035824003,73.88864123461481,76.11555576964673,Estimación adecuada
Aibonito,2005-2009,2,81.30587533973025,81.25917944030769,80.2337609121007,82.47541953384618,Estimación adecuada
Aibonito,2010-2014,1,74.15371449624436,75.53558333031911,74.40388899083132,76.6650618914244,> e0 observado
Aibonito,2010-2014,2,82.83346667872438,82.91208435933792,81.75708460868915,84.16865689546778,Estimación adecuada
Aibonito,2015-2019,1,77.00855644451337,77.76464596191506,76.685454097932407,78.80427876551461,Estimación adecuada
Aibonito,2015-2019,2,83.92589167839914,84.36360682801433,83.22871893469916,85.6686569691192,Estimación adecuada
Aibonito,2020-2024,1,79.62044145372404,79.17895427939459,78.00135131043884,80.51673074239116,Estimación adecuada
Aibonito,2020-2024,2,85.54801976071055,85.54928296890375,84.16837092629274,87.0126158924218,Estimación adecuada
Anasco,1980-1984,1,72.01460523472085,71.64365336872956,70.40794651285029,72.79471346026088,Estimación adecuada
Anasco,1980-1984,2,76.47877169471658,76.78160043561975,75.59562835195655,78.12536390546649,Estimación adecuada
Anasco,1985-1989,1,71.42888891874672,71.38031915686442,70.23713945833524,72.5495631108925,Estimación adecuada
Anasco,1985-1989,2,76.49626365968555,77.09079496673411,75.90124193253689,78.29505284430398,Estimación adecuada
Anasco,1990-1994,1,70.05228247802772,70.68108619049167,69.62089864887406,71.81366134438107,Estimación adecuada
Anasco,1990-1994,2,77.19464732684078,77.55616769590051,76.53331009873158,78.59031209514771,Estimación adecuada
Anasco,1995-1999,1,71.8503650088804,71.31132718255576,70.33015532644882,72.33600819751786,Estimación adecuada
Anasco,1995-1999,2,77.85360337047756,77.95310203584019,76.91771435017343,79.00983680038955,Estimación adecuada
Anasco,2000-2004,1,74.35938543935956,73.93280840195172,72.93551896794315,74.99955912933933,Estimación adecuada
Anasco,2000-2004,2,80.6361937434096,80.29521231721952,79.0146364295576,81.6685731946612,Estimación adecuada
Anasco,2005-2009,1,76.96481061689505,75.84039999650196,74.80719778594938,76.91068807952922,< e0 observado
Anasco,2005-2009,2,82.18483587125668,81.6342161616785,80.47880845800248,83.06203912129452,Estimación adecuada
Anasco,2010-2014,1,76.38264162433823,76.01601439141024,74.9537609419238,77.098300414147,Estimación adecuada
Anasco,2010-2014,2,83.0792504741019,82.78538668564109,81.42383335865814,84.15138332389297,Estimación adecuada
Anasco,2015-2019,1,78.19758272547156,77.70691953631118,76.60624858668416,78.85812008811203,Estimación adecuada
Anasco,2015-2019,2,85.54315717152748,84.88405837651517,83.66511048528349,86.3078388280509,Estimación adecuada
Anasco,2020-2024,1,77.16064670152906,77.3861860417289,76.35950418188852,78.42697695113782,Estimación adecuada
Anasco,2020-2024,2,83.21756305986028,84.26150303349797,83.07957434079077,85.40420322762249,Estimación adecuada
Arecibo,1980-1984,1,70.94822313738123,70.99106370154558,70.33143873703276,71.65008149688568,Estimación adecuada
Arecibo,1980-1984,2,77.54900544750468,77.33974993297676,76.69577548048716,78.06322078275673,Estimación adecuada
Arecibo,1985-1989,1,70.27186805457086,70.41146409992132,69.7548497954926,71.15280531199386,Estimación adecuada
Arecibo,1985-1989,2,77.07511338664264,77.13779814408747,76.48496354962612,77.77305303891946,Estimación adecuada
Arecibo,1990-1994,1,70.7566402122555,70.68089461617754,70.06319114788354,71.38454741046527,Estimación adecuada
Arecibo,1990-1994,2,77.82525476262934,77.83068010730499,77.15150991784846,78.51706143533441,Estimación adecuada
Arecibo,1995-1999,1,70.42422951948053,70.4682001404347,69.87035997655445,71.06713030322175,Estimación adecuada
Arecibo,1995-1999,2,77.67805190763367,77.7138823443465,77.11887705843662,78.29009288109333,Estimación adecuada
Arecibo,2000-2004,1,73.58677734329173,73.28394607254921,72.6765463742215,73.89523180284542,Estimación adecuada
Arecibo,2000-2004,2,80.17723082421405,79.86866678824546,79.25570623204482,80.53129825023201,Estimación adecuada
Arecibo,2005-2009,1,73.79746978285581,73.77028875996626,73.12453706588434,74.43499748291717,Estimación adecuada
Arecibo,2005-2009,2,80.99120726198103,80.66655581440432,80.04252277732441,81.30309605784028,Estimación adecuada
Arecibo,2010-2014,1,75.7499952369095,75.59472195441236,74.96102424358659,76.28513305326165,Estimación adecuada
Arecibo,2010-2014,2,81.99729917976788,81.68566444428251,81.06620113694561,82.37471250823533,Estimación adecuada
Arecibo,2015-2019,1,77.47760291858165,77.33068022775848,76.6551579650246,78.04231501104131,Estimación adecuada
Arecibo,2015-2019,2,84.62096334942434,84.2819558941888,83.57708846001326,85.10620336819909,Estimación adecuada
Arecibo,2020-2024,1,77.03404417797987,76.86056099312245,76.09697296653268,77.5664441054899,Estimación adecuada
Arecibo,2020-2024,2,83.99392652816302,83.69359861753021,83.01044052130692,84.37165206922609,Estimación adecuada
Arroyo,1980-1984,1,69.26197243419952,69.91092316456555,68.62145384522299,71.11392128703253,Estimación adecuada
Arroyo,1980-1984,2,77.70227943996014,77.47326606713892,76.09201164604252,79.02440182744333,Estimación adecuada
Arroyo,1985-1989,1,69.06544938666637,69.60528936917945,68.42387978178368,70.78415318185985,Estimación adecuada
Arroyo,1985-1989,2,76.53547803214356,76.64412730653535,75.40110776973498,77.86286509024372,Estimación adecuada
Arroyo,1990-1994,1,69.467701272295,69.82330680869265,68.54809604874698,70.93635517536784,Estimación adecuada
Arroyo,1990-1994,2,79.1638940521351,78.40759799781418,77.15176673585728,79.84532071091266,Estimación adecuada
Arroyo,1995-1999,1,69.35840651861476,69.99805393050612,68.7668498621592,71.16024832640903,Estimación adecuada
Arroyo,1995-1999,2,77.98473955428868,77.54257995293017,76.42494636193238,78.62471379235686,Estimación adecuada
Arroyo,2000-2004,1,72.46263355278661,72.53019558566591,71.32483579212334,73.69051737131271,Estimación adecuada
Arroyo,2000-2004,2,79.49462438506767,79.5110168470458,78.23234254557467,80.84285840154891,Estimación adecuada
Arroyo,2005-2009,1,73.52924324703847,73.60878838019794,72.45560676330477,74.89291419795856,Estimación adecuada
Arroyo,2005-2009,2,81.55925566302211,81.08424039752035,79.75755800072052,82.42962937109827,Estimación adecuada
Arroyo,2010-2014,1,73.74855783813933,74.25902003942699,73.13560989615604,75.39541876076125,Estimación adecuada
Arroyo,2010-2014,2,82.70095569618667,82.15764561684851,80.81125537727551,83.70371929519034,Estimación adecuada
Arroyo,2015-2019,1,74.8566557237882,76.24698375981363,75.03234636587331,77.49193470653066,> e0 observado
Arroyo,2015-2019,2,83.0866067343545,83.42676612340397,82.17830244481077,85.04424407080928,Estimación adecuada
Arroyo,2020-2024,1,77.15040742709186,76.78382291762526,75.4748077562355,78.1625122275059,Estimación adecuada
Arroyo,2020-2024,2,82.07042233229612,83.09087063470912,81.75014227670066,84.56042288965895,Estimación adecuada
Barceloneta,1980-1984,1,69.54208697130086,70.61226979909375,69.30757395458029,71.86510543048449,Estimación adecuada
Barceloneta,1980-1984,2,77.15945709054438,77.435257058032,76.13942029952055,78.84347990779855,Estimación adecuada
Barceloneta,1985-1989,1,72.20256138308129,71.94633592197152,70.60409831462945,73.02842509256594,Estimación adecuada
Barceloneta,1985-1989,2,78.86869640220178,78.60359480753985,77.25011630311019,79.93709449882616,Estimación adecuada
Barceloneta,1990-1994,1,71.82801102859922,71.24454832744073,70.08931546757132,72.39005629420033,Estimación adecuada
Barceloneta,1990-1994,2,79.79778456534827,79.6525912286469,78.25602025982369,81.21038004496482,Estimación adecuada
Barceloneta,1995-1999,1,69.62763398284126,70.52838425966934,69.28461239484056,71.69169340114223,Estimación adecuada
Barceloneta,1995-1999,2,78.30155980616671,78.48928122225271,77.39507328128266,79.85341248446933,Estimación adecuada
Barceloneta,2000-2004,1,74.25217285421826,73.65838299414763,72.45538138115428,74.85568515961062,Estimación adecuada
Barceloneta,2000-2004,2,80.98566728548113,80.30559404383202,79.11817031267745,81.61872280040842,Estimación adecuada
Barceloneta,2005-2009,1,75.14771749617947,74.74497212694374,73.61701906171943,76.0204990257966,Estimación adecuada
Barceloneta,2005-2009,2,83.11601404161499,82.462181953146,81.10486170345237,83.99173333597054,Estimación adecuada
Barceloneta,2010-2014,1,75.38250616989667,75.54746300933243,74.44593889736352,76.66466382880326,Estimación adecuada
Barceloneta,2010-2014,2,83.08358460781069,82.67637536878959,81.5538765838626,83.99226343228169,Estimación adecuada
Barceloneta,2015-2019,1,79.11645760546239,77.88506112345485,76.73550410973495,79.19360754736557,Estimación adecuada
Barceloneta,2015-2019,2,85.56404930901091,85.02372711648222,83.58967285067286,86.80619941393215,Estimación adecuada
Barceloneta,2020-2024,1,75.82195956003592,76.0283734459037,75.01457222807818,77.04013732826088,Estimación adecuada
Barceloneta,2020-2024,2,84.21378427386206,84.42160189523274,83.13988596080387,85.91805801425888,Estimación adecuada
Barranquitas,1980-1984,1,71.33876197975141,71.5726213055761,70.4523415483585,72.74917046393023,Estimación adecuada
Barranquitas,1980-1984,2,77.30531169649653,77.65610517438535,76.32871873296537,79.05074280352694,Estimación adecuada
Barranquitas,1985-1989,1,71.51414892357278,71.64727343482667,70.53378806257466,72.81564356190495,Estimación adecuada
Barranquitas,1985-1989,2,77.76964050663393,78.09084779552578,76.91156395483844,79.34381072177209,Estimación adecuada
Barranquitas,1990-1994,1,70.61622752203239,71.10459821515232,70.05394933013919,72.2547989705048,Estimación adecuada
Barranquitas,1990-1994,2,80.19038720696513,79.6461198064997,78.31810749104163,81.04325813505483,Estimación adecuada
Barranquitas,1995-1999,1,71.30535167741402,71.08406298329643,70.11622990105425,71.99585390312373,Estimación adecuada
Barranquitas,1995-1999,2,77.36809189145215,78.0396539228822,76.95392707546813,79.20662262726898,Estimación adecuada
Barranquitas,2000-2004,1,73.94139576064687,73.92891839161047,72.82040846920857,75.00574835505184,Estimación adecuada
Barranquitas,2000-2004,2,80.92303201880848,81.10071254468816,79.7129975085057,82.72741667092147,Estimación adecuada
Barranquitas,2005-2009,1,75.7544247310515,75.33893615586388,74.14522600258375,76.57173198708587,Estimación adecuada
Barranquitas,2005-2009,2,83.34321773527964,83.05163458062663,81.54939659642204,84.61495562016546,Estimación adecuada
Barranquitas,2010-2014,1,75.82434696179858,75.73993774398429,74.67594242880637,76.89649011433129,Estimación adecuada
Barranquitas,2010-2014,2,83.19916348644448,83.12851832818954,81.91023976950014,84.6126860537333,Estimación adecuada
Barranquitas,2015-2019,1,78.70088384920705,78.23683728939761,77.0832013618648,79.56596305538685,Estimación adecuada
Barranquitas,2015-2019,2,86.1569793140704,85.81925652787166,84.24844513474383,87.73399653522978,Estimación adecuada
Barranquitas,2020-2024,1,77.70140580259377,77.79608146747,76.61167273424957,79.08060426627524,Estimación adecuada
Barranquitas,2020-2024,2,85.89659093832063,85.677624910632,84.3060901001917,87.20332347745283,Estimación adecuada
Bayamon,1980-1984,1,72.04514701418194,71.99111289479004,71.53910551282074,72.4848671538275,Estimación adecuada
Bayamon,1980-1984,2,78.18054324807127,78.0346673505918,77.54266879248864,78.58761514762641,Estimación adecuada
Bayamon,1985-1989,1,71.5983747916107,71.62290521917424,71.12239057284067,72.1172708613159,Estimación adecuada
Bayamon,1985-1989,2,79.53402783138928,79.27279840625332,78.79565274561322,79.80705883812035,Estimación adecuada
Bayamon,1990-1994,1,69.4013098024391,69.64380121962553,69.13000645738248,70.15535814351195,Estimación adecuada
Bayamon,1990-1994,2,79.99809814237119,79.89276978030504,79.38290230119236,80.42565724259171,Estimación adecuada
Bayamon,1995-1999,1,70.77177966925491,70.94496208022069,70.45875053568683,71.41835088986727,Estimación adecuada
Bayamon,1995-1999,2,79.73301230251936,79.68326325908862,79.24312965874729,80.16306937195218,Estimación adecuada
Bayamon,2000-2004,1,73.5738231086305,73.62041174467605,73.14889318337966,74.07192640457038,Estimación adecuada
Bayamon,2000-2004,2,81.70891995330638,81.60150817608186,81.10810754334466,82.10318709863951,Estimación adecuada
Bayamon,2005-2009,1,74.78989094750837,74.8105723734293,74.30726309675984,75.29277094940485,Estimación adecuada
Bayamon,2005-2009,2,82.81400991090649,82.69345333756847,82.17937234451277,83.25982749562925,Estimación adecuada
Bayamon,2010-2014,1,76.39050901350164,76.36718073950992,75.85950996616661,76.89795767271706,Estimación adecuada
Bayamon,2010-2014,2,84.21195413174073,84.00793706501001,83.51811969666358,84.59564323510024,Estimación adecuada
Bayamon,2015-2019,1,77.4241342974101,77.53157916810926,76.98445904095222,78.11433715591883,Estimación adecuada
Bayamon,2015-2019,2,85.53635487807954,85.21643581948558,84.66599211607337,85.84993265832914,Estimación adecuada
Bayamon,2020-2024,1,76.28240347769595,76.32024234051434,75.83390583694529,76.85282118802078,Estimación adecuada
Bayamon,2020-2024,2,85.66531677680673,85.54764512337094,84.95344093992597,86.16162078188063,Estimación adecuada
Cabo Rojo,1980-1984,1,72.39724763936692,72.64434443286135,71.65253034723251,73.62019068874466,Estimación adecuada
Cabo Rojo,1980-1984,2,77.54158683750231,77.56912660827786,76.6421793246124,78.52909997733151,Estimación adecuada
Cabo Rojo,1985-1989,1,73.0487252974488,72.97363034573132,72.03239083559671,74.03935163415706,Estimación adecuada
Cabo Rojo,1985-1989,2,79.23917112625598,78.9093475916357,77.93842727584877,79.86503142639943,Estimación adecuada
Cabo Rojo,1990-1994,1,72.97925410251543,72.80781297439921,71.86818516499577,73.60866160873346,Estimación adecuada
Cabo Rojo,1990-1994,2,80.55409901002385,80.05316902423633,79.15614188688865,81.04156981127751,Estimación adecuada
Cabo Rojo,1995-1999,1,72.48815364764029,72.48244777764515,71.61724010201303,73.23611185619939,Estimación adecuada
Cabo Rojo,1995-1999,2,79.89647697006733,79.75575238831166,78.94615901628205,80.66749899690473,Estimación adecuada
Cabo Rojo,2000-2004,1,75.02839226790125,74.85351455518679,73.96258488958065,75.7622997928839,Estimación adecuada
Cabo Rojo,2000-2004,2,82.11872847252751,81.7927940968595,80.79108571266524,82.77599063584482,Estimación adecuada
Cabo Rojo,2005-2009,1,76.84328880547318,76.22308370727195,75.41302184627783,77.01263584593691,Estimación adecuada
Cabo Rojo,2005-2009,2,82.7883495500848,82.35360628265909,81.48451882866482,83.30370408262145,Estimación adecuada
Cabo Rojo,2010-2014,1,75.75368420461353,76.11579905269974,75.35482820832195,76.89904528008624,Estimación adecuada
Cabo Rojo,2010-2014,2,83.42815115673008,83.63926722182109,82.67334155185925,84.76287493914666,Estimación adecuada
Cabo Rojo,2015-2019,1,79.78583423632398,79.48779299342743,78.50260684799066,80.48887598689656,Estimación adecuada
Cabo Rojo,2015-2019,2,84.21493107845924,84.43212922922507,83.57636782072406,85.38698406672341,Estimación adecuada
Cabo Rojo,2020-2024,1,79.36891590464816,79.3126430258125,78.41238692577834,80.13546924388865,Estimación adecuada
Cabo Rojo,2020-2024,2,84.78014352257735,84.61870013378193,83.73092879022553,85.52621349563762,Estimación adecuada
Caguas,1980-1984,1,71.72229204508375,71.74726123579077,71.11452002115786,72.4239498083061,Estimación adecuada
Caguas,1980-1984,2,78.48100883851102,78.30847219169394,77.60344409348853,78.97081251225455,Estimación adecuada
Caguas,1985-1989,1,70.39381171255258,70.4815960790038,69.9420812531955,71.0347200562712,Estimación adecuada
Caguas,1985-1989,2,79.24402800001288,79.01082035257849,78.2989400752118,79.71024118911119,Estimación adecuada
Caguas,1990-1994,1,68.8176451180551,69.16636141377666,68.53159460131435,69.7873922444055,Estimación adecuada
Caguas,1990-1994,2,78.64358444378482,78.58054231786289,77.96460591560614,79.1980907511599,Estimación adecuada
Caguas,1995-1999,1,69.69055735609852,69.95054662952685,69.37478042215554,70.56152970366081,Estimación adecuada
Caguas,1995-1999,2,79.65612948337659,79.52534340792354,78.89628084014134,80.15036612770706,Estimación adecuada
Caguas,2000-2004,1,73.107794927577,73.19609549009118,72.57511849846026,73.76419956387682,Estimación adecuada
Caguas,2000-2004,2,81.16770684291535,80.90684877208733,80.33340099776069,81.54526653287262,Estimación adecuada
Caguas,2005-2009,1,74.70961206827913,74.6889365810496,74.05190547469805,75.2860291393428,Estimación adecuada
Caguas,2005-2009,2,83.1696138038651,82.97209280323155,82.32286590506914,83.65782820576482,Estimación adecuada
Caguas,2010-2014,1,74.58554015299133,74.86612617660289,74.28888078420677,75.51591834282964,Estimación adecuada
Caguas,2010-2014,2,83.90600489563008,83.73093708454391,83.09456323053519,84.42302372882693,Estimación adecuada
Caguas,2015-2019,1,77.12465328076702,77.30750360972817,76.63481734738161,77.95811339867583,Estimación adecuada
Caguas,2015-2019,2,84.81913360231934,84.6881159445781,83.97586869701237,85.45652657502217,Estimación adecuada
Caguas,2020-2024,1,76.29588342135226,76.34671536088376,75.78515682818737,76.95848611752119,Estimación adecuada
Caguas,2020-2024,2,84.58890329073994,84.48870241277955,83.81278936022102,85.17978582130478,Estimación adecuada
Camuy,1980-1984,1,72.00953497661486,72.24135337065158,71.17630203113983,73.40633083041074,Estimación adecuada
Camuy,1980-1984,2,79.0481930632779,78.87881244132893,77.52371041541255,80.43613687946794,Estimación adecuada
Camuy,1985-1989,1,73.05563270338816,72.6875526269307,71.62428667793627,73.84306538141402,Estimación adecuada
Camuy,1985-1989,2,79.50251205629577,79.30730444447644,78.03312163970789,80.6498404118602,Estimación adecuada
Camuy,1990-1994,1,72.48592866320423,72.04521094026603,71.06759115282308,73.00790566553546,Estimación adecuada
Camuy,1990-1994,2,78.42074942707245,78.58167105232738,77.45498278915409,79.79650206701588,Estimación adecuada
Camuy,1995-1999,1,72.6730064081168,72.25036109405212,71.22072142606964,73.21154736683722,Estimación adecuada
Camuy,1995-1999,2,81.15887534595899,80.52734464446198,79.34865310160055,81.83561089366403,Estimación adecuada
Camuy,2000-2004,1,75.51776152008142,74.80627175349072,73.79491714902194,75.73521688670948,Estimación adecuada
Camuy,2000-2004,2,81.38049051623702,80.81875869978074,79.76324051541505,81.95582933449427,Estimación adecuada
Camuy,2005-2009,1,76.01134322923592,75.53634136131863,74.58957680939787,76.40579991080902,Estimación adecuada
Camuy,2005-2009,2,83.37764861657536,82.76557759803413,81.58264014039572,84.1235989001562,Estimación adecuada
Camuy,2010-2014,1,77.47114401608678,76.47677540547089,75.5399414133707,77.37444566210617,< e0 observado
Camuy,2010-2014,2,83.52117698878536,83.25258208346982,82.1578408878854,84.59557583657096,Estimación adecuada
Camuy,2015-2019,1,78.31044325410552,78.09189437658188,77.00447685539109,79.19399159613639,Estimación adecuada
Camuy,2015-2019,2,85.3683244262729,85.07306844312359,83.86716784786044,86.53043364155596,Estimación adecuada
Camuy,2020-2024,1,78.26146309261183,77.82672558147058,76.80466919115207,78.7858030071951,Estimación adecuada
Camuy,2020-2024,2,85.47114665413858,85.38487003564614,84.12570646694093,86.74185731844808,Estimación adecuada
Canovanas,1980-1984,1,73.2999178869587,71.95210940330945,70.9159473761569,73.04340261007037,< e0 observado
Canovanas,1980-1984,2,80.06188590433086,78.65588173559837,77.28201729053917,79.97013704141266,< e0 observado
Canovanas,1985-1989,1,71.61537365310774,71.34664875430279,70.27367903969778,72.37772156692307,Estimación adecuada
Canovanas,1985-1989,2,78.2476656338885,77.78426397196668,76.6628818133806,79.0499841009732,Estimación adecuada
Canovanas,1990-1994,1,68.47857316458972,69.27751683466684,68.22947546307859,70.35201271566565,Estimación adecuada
Canovanas,1990-1994,2,78.32395417011651,78.15839308912624,76.98791579080829,79.36182932281338,Estimación adecuada
Canovanas,1995-1999,1,67.92417601162161,68.80495720721251,67.85800802761362,69.75681037771156,Estimación adecuada
Canovanas,1995-1999,2,77.19866982997894,77.26202654478848,76.34730532487713,78.28470758800867,Estimación adecuada
Canovanas,2000-2004,1,71.16133588099902,71.91185984035951,70.8936603112937,72.89481721980046,Estimación adecuada
Canovanas,2000-2004,2,79.89031657445086,79.80830779178353,78.78892972245806,80.88449696546698,Estimación adecuada
Canovanas,2005-2009,1,72.03527888088188,72.86810512832767,71.841616684235035,73.97264319891241,Estimación adecuada
Canovanas,2005-2009,2,82.20274877957495,81.68829112096685,80.561291379455,82.99069393711235,Estimación adecuada
Canovanas,2010-2014,1,73.73163177655941,74.48291183027158,73.55886937643263,75.43460782423695,Estimación adecuada
Canovanas,2010-2014,2,82.38500533806449,81.9411424115501,80.93071345341805,83.03668606346045,Estimación adecuada
Canovanas,2015-2019,1,76.47578865798283,76.86126264872772,75.8817902449455,77.92743241535547,Estimación adecuada
Canovanas,2015-2019,2,83.4705410867674,83.28355721342737,82.21719210126783,84.44726080952228,Estimación adecuada
Canovanas,2020-2024,1,75.27011547141527,75.49536827751663,74.58925848053651,76.32222804909715,Estimación adecuada
Canovanas,2020-2024,2,84.62181844092844,84.127470159627,83.07714578175201,85.24879420858981,Estimación adecuada
Carolina,1980-1984,1,72.6794571065647,72.6572626403601,72.05930520768298,73.28824133421607,Estimación adecuada
Carolina,1980-1984,2,80.00245669766524,79.69567380418144,79.01916644379968,80.42764566210973,Estimación adecuada
Carolina,1985-1989,1,71.45905207579524,71.57173987997211,71.01841329871723,72.12224481105596,Estimación adecuada
Carolina,1985-1989,2,79.99533355118935,79.77626604631365,79.20037690714474,80.45186557558449,Estimación adecuada
Carolina,1990-1994,1,69.88961527032848,70.16299354556283,69.63290787077347,70.74296520289826,Estimación adecuada
Carolina,1990-1994,2,79.19273965392165,79.22944388502174,78.62436148172726,79.79197197677506,Estimación adecuada
Carolina,1995-1999,1,70.60394767924991,70.84049586567913,70.36880730569696,71.3881380678832,Estimación adecuada
Carolina,1995-1999,2,80.17066355341139,80.06014682672804,79.4974280734626,80.55071688301979,Estimación adecuada
Carolina,2000-2004,1,73.93076115352547,74.05498623375598,73.49319894090043,74.60267471948929,Estimación adecuada
Carolina,2000-2004,2,81.94990115891812,81.7318773829258,81.16686788608364,82.28980188497235,Estimación adecuada
Carolina,2005-2009,1,74.82294831043073,74.91363440490645,74.3318923220004,75.48712922499713,Estimación adecuada
Carolina,2005-2009,2,82.93347404417227,82.82471086311554,82.24272355479532,83.43498242182217,Estimación adecuada
Carolina,2010-2014,1,75.7216623224996,75.97588536199495,75.38832910257963,76.56704636413365,Estimación adecuada
Carolina,2010-2014,2,84.32702876051525,84.1529203516402,83.52856111223673,84.82249717997125,Estimación adecuada
Carolina,2015-2019,1,78.16150181754098,78.16966610864745,77.53717092420813,78.79973193904085,Estimación adecuada
Carolina,2015-2019,2,86.31301087441426,86.11218267576044,85.44959432169891,86.84171929998395,Estimación adecuada
Carolina,2020-2024,1,78.61601699181084,78.52214303259586,77.8652846326637,79.15898641835707,Estimación adecuada
Carolina,2020-2024,2,85.92480146843513,85.54761474606754,84.89648127503959,86.21231005704861,Estimación adecuada
Catano,1980-1984,1,64.71158204088911,66.15122287498909,65.08518257808075,67.21390945929213,> e0 observado
Catano,1980-1984,2,75.60330232750007,75.3422372329738,74.13732935184483,76.51126360419168,Estimación adecuada
Catano,1985-1989,1,65.74843366392102,66.88116820389041,65.80941933962045,68.02292033329675,> e0 observado
Catano,1985-1989,2,78.65957711284251,77.45083367614187,76.23265038703656,78.83956834012002,Estimación adecuada
Catano,1990-1994,1,63.551421617424765,65.21786844427861,64.10001205267525,66.33614487275715,> e0 observado
Catano,1990-1994,2,77.73013012436986,77.29862946603278,76.17392845568405,78.52523027838572,Estimación adecuada
Catano,1995-1999,1,64.95894376240564,66.40485134895403,65.29096933533978,67.52250512999622,> e0 observado
Catano,1995-1999,2,77.8017354936669,77.51030752476083,76.32664978702189,78.67649371938288,Estimación adecuada
Catano,2000-2004,1,69.54736006919788,70.44974629884592,69.30158779866241,71.50118115626454,Estimación adecuada
Catano,2000-2004,2,80.2420833723342,79.30451075938339,78.17916888233204,80.48223545254383,Estimación adecuada
Catano,2005-2009,1,70.0088463290445,70.97092894525602,69.79322631429906,72.0778065429997,Estimación adecuada
Catano,2005-2009,2,82.4846061988492,81.65670262738365,80.21597702552081,83.35783034178971,Estimación adecuada
Catano,2010-2014,1,73.04054164065786,73.3675004515054,72.140776120781,74.61610394286001,Estimación adecuada
Catano,2010-2014,2,85.05347927327067,83.04392188558172,81.60847744487768,84.65309837560322,< e0 observado
Catano,2015-2019,1,73.65254048968006,74.59200729947798,73.37056244864479,75.80462331631992,Estimación adecuada
Catano,2015-2019,2,86.94579083490224,85.28725910038574,83.64960268790234,87.27794521394078,Estimación adecuada
Catano,2020-2024,1,73.01737041087927,74.07471098723894,72.8278272093349,75.37754676299122,Estimación adecuada
Catano,2020-2024,2,86.0684794743231,84.77516582711502,83.24691792178582,86.57532389888202,Estimación adecuada
Cayey,1980-1984,1,71.32064492875627,71.18961843833253,70.24680502892201,72.17442358303767,Estimación adecuada
Cayey,1980-1984,2,76.88437352747384,77.09916580077052,76.09800542492556,78.11431639161596,Estimación adecuada
Cayey,1985-1989,1,69.35200072016079,69.93634795597447,69.09469138452386,70.723450376845,Estimación adecuada
Cayey,1985-1989,2,78.24162311103663,78.08447311407971,77.07878787361793,79.22895121114546,Estimación adecuada
Cayey,1990-1994,1,69.27521430891126,69.88075991378187,68.96630317215006,70.80169349694592,Estimación adecuada
Cayey,1990-1994,2,78.16553833033852,78.29517897270614,77.32208774834892,79.31117159750296,Estimación adecuada
Cayey,1995-1999,1,70.01299547508536,70.5575644704125,69.62201585143349,71.3682091940115,Estimación adecuada
Cayey,1995-1999,2,78.87259018768239,78.87580516975628,77.9208785756747,79.84734857824157,Estimación adecuada
Cayey,2000-2004,1,73.68749999421473,73.66620837137253,72.80734862763153,74.6719574031837,Estimación adecuada
Cayey,2000-2004,2,81.22226473989993,80.54794970364293,79.66737156964649,81.44420284568928,Estimación adecuada
Cayey,2005-2009,1,73.99614368964569,74.52189491562706,73.60681230659901,75.53535060859983,Estimación adecuada
Cayey,2005-2009,2,82.1533699228688,81.77762633109307,80.79128511842974,82.75997947398295,Estimación adecuada
Cayey,2010-2014,1,75.00610378038506,75.63202695265184,74.7468334398954,76.57246441365537,Estimación adecuada
Cayey,2010-2014,2,83.73637939950336,83.37565927924986,82.33161373396074,84.4637792353468,Estimación adecuada
Cayey,2015-2019,1,78.54670044615935,78.4165171559572,77.43501631397737,79.4197157252741,Estimación adecuada
Cayey,2015-2019,2,85.74693279734878,85.14671065737429,83.99950475591035,86.32874962327651,Estimación adecuada
Cayey,2020-2024,1,79.40962956727441,79.25878074644447,78.13740829163294,80.51213494139704,Estimación adecuada
Cayey,2020-2024,2,87.6006348574498,86.97758659896871,85.74225440641172,88.37006793051293,Estimación adecuada
Ceiba,1980-1984,1,72.14585176157938,71.57115995553906,70.2462386144376,72.8819574699158,Estimación adecuada
Ceiba,1980-1984,2,78.61104372786001,77.87630606757713,76.34218058923814,79.85956720369934,Estimación adecuada
Ceiba,1985-1989,1,70.6198183166503,70.58952192263379,69.44610276136221,71.86063665317606,Estimación adecuada
Ceiba,1985-1989,2,79.13415807152825,78.3793503207166,76.92242109798846,80.02855625064377,Estimación adecuada
Ceiba,1990-1994,1,71.00935671117365,70.80833240948732,69.55104932813965,72.1442253559169,Estimación adecuada
Ceiba,1990-1994,2,79.17042900270538,78.71213547088331,77.25514085029683,80.31601371805633,Estimación adecuada
Ceiba,1995-1999,1,72.51721647517238,71.50842041585551,70.3890038493701,72.71157925150666,Estimación adecuada
Ceiba,1995-1999,2,78.14728081414309,78.42576756556677,77.08579435998767,79.93046477779106,Estimación adecuada
Ceiba,2000-2004,1,74.86667065353893,73.70819867111639,72.49015025729007,74.94919053508112,Estimación adecuada
Ceiba,2000-2004,2,80.68427804057518,80.76726831525343,79.2811127471741,82.55837207801159,Estimación adecuada
Ceiba,2005-2009,1,76.12252834869311,74.80437609097372,73.58679446665093,76.19382246015715,Estimación adecuada
Ceiba,2005-2009,2,82.7966883833198,82.24674095185827,80.50544787003594,84.20621427321528,Estimación adecuada
Ceiba,2010-2014,1,75.46412666889606,76.23900011875662,74.71121066521651,77.81018725991456,Estimación adecuada
Ceiba,2010-2014,2,81.41353267344712,82.36287498623797,80.88762661445362,83.97385670013638,Estimación adecuada
Ceiba,2015-2019,1,78.54557923356414,77.97156212556132,76.43667348381808,79.6459440224965,Estimación adecuada
Ceiba,2015-2019,2,86.20789836529356,85.51304345696107,83.69494232584726,87.72108858993664,Estimación adecuada
Ceiba,2020-2024,1,72.26101326760208,76.166010474311,74.92380534313101,77.58354086767436,> e0 observado
Ceiba,2020-2024,2,81.87366447467527,83.98810107524534,82.35137322318103,85.7936044500505,> e0 observado
Ciales,1980-1984,1,73.3601690081269,72.75631601578569,71.45877071756266,74.0153074582513,Estimación adecuada
Ciales,1980-1984,2,79.08450788252533,78.83722714464376,77.38477791319143,80.50503398973856,Estimación adecuada
Ciales,1985-1989,1,73.80385799895002,73.0455397957291,71.60847933884435,74.40520372262885,Estimación adecuada
Ciales,1985-1989,2,79.25761748100682,79.13595671712476,77.70296093015604,80.92073204432721,Estimación adecuada
Ciales,1990-1994,1,72.25274862856378,72.08798680048433,70.88294575682256,73.30279497018327,Estimación adecuada
Ciales,1990-1994,2,79.82543814746265,79.4432699611599,78.13299749936378,80.96568527205882,Estimación adecuada
Ciales,1995-1999,1,71.42663286324974,71.74812953854715,70.5255395185014,72.96495071873225,Estimación adecuada
Ciales,1995-1999,2,79.238381112831,79.60294834800882,78.24429369351904,81.16964534554855,Estimación adecuada
Ciales,2000-2004,1,72.8877247015535,73.738838704724,72.57635181623233,74.94982980501406,Estimación adecuada
Ciales,2000-2004,2,80.83769687356553,81.17969869235267,79.85193795182198,82.73253040703035,Estimación adecuada
Ciales,2005-2009,1,74.52536084511352,74.9872189936244,73.92132855778404,76.1894568493794,Estimación adecuada
Ciales,2005-2009,2,82.13836581268944,82.27970587416567,80.90213858449056,83.97880642982325,Estimación adecuada
Ciales,2010-2014,1,75.83944224399347,76.46304857283968,75.3559816311255,77.60809067939218,Estimación adecuada
Ciales,2010-2014,2,83.18525319463721,83.49241364100699,82.0110247248282,85.21227162809146,Estimación adecuada
Ciales,2015-2019,1,80.35963140996523,79.07436647576102,77.80729307264826,80.59861519517395,Estimación adecuada
Ciales,2015-2019,2,85.16754149388572,85.79916198352075,84.11771496873978,87.96613433891974,Estimación adecuada
Ciales,2020-2024,1,78.0952139934909,78.1164280506822,76.94002964586487,79.41443989347718,Estimación adecuada
Ciales,2020-2024,2,83.7838176468441,84.32007296450874,82.96636524934902,86.04472553877704,Estimación adecuada
Cidra,1980-1984,1,72.92625993210298,73.23664299219755,71.94574433853549,74.56088587930572,Estimación adecuada
Cidra,1980-1984,2,80.25294604658151,79.94855257879884,78.70506233954906,81.41090321409379,Estimación adecuada
Cidra,1985-1989,1,72.65671880748917,72.73993274214678,71.67365448594245,73.89332007044722,Estimación adecuada
Cidra,1985-1989,2,79.2640060129605,79.32800159174215,78.14696799930368,80.67323168560928,Estimación adecuada
Cidra,1990-1994,1,74.59270123853278,73.93367414992066,72.83077471956962,75.06816873620203,Estimación adecuada
Cidra,1990-1994,2,79.58259869878654,79.38741659016492,78.3334766342186,80.50981533109656,Estimación adecuada
Cidra,1995-1999,1,74.21713653214772,73.77949731156832,72.83044669527371,74.80614576549458,Estimación adecuada
Cidra,1995-1999,2,80.46720179098129,80.75881412404033,79.64578286179365,82.00481420794408,Estimación adecuada
Cidra,2000-2004,1,76.1648075054388,75.75350831899848,74.75117853542677,76.85933988932321,Estimación adecuada
Cidra,2000-2004,2,83.06880741955162,82.63666279629848,81.49015093529057,83.87480078418044,Estimación adecuada
Cidra,2005-2009,1,76.2488157847596,76.25875741124162,75.27689760637705,77.33607511470225,Estimación adecuada
Cidra,2005-2009,2,83.29450873472624,83.20061520653738,82.02145227379738,84.54480281499933,Estimación adecuada
Cidra,2010-2014,1,77.33131059096634,77.58983269960825,76.51063558100417,78.61592516494062,Estimación adecuada
Cidra,2010-2014,2,83.46470181390174,83.3284791422234,82.30488699394952,84.52433150192796,Estimación adecuada
Cidra,2015-2019,1,78.97458456608396,79.1803095983145,78.04442733831272,80.29625222734623,Estimación adecuada
Cidra,2015-2019,2,84.69043178604441,85.11461918466105,83.92914843627146,86.36072098282825,Estimación adecuada
Cidra,2020-2024,1,79.7427353948676,79.62567490677789,78.47505751335495,80.80900217660994,Estimación adecuada
Cidra,2020-2024,2,85.33702768748,85.14911259791012,84.14522513333361,86.45861266177815,Estimación adecuada
Coamo,1980-1984,1,71.83261143264684,71.90137104583978,70.7995933915123,72.94338928728165,Estimación adecuada
Coamo,1980-1984,2,77.96592585526496,78.24902874716261,77.04306343347729,79.41386302908516,Estimación adecuada
Coamo,1985-1989,1,71.23431252697634,71.41522612498594,70.42051308592772,72.40213469754701,Estimación adecuada
Coamo,1985-1989,2,77.61875344002883,78.03419191520453,77.00227260804239,79.11689187936295,Estimación adecuada
Coamo,1990-1994,1,71.15206342123702,71.25164641739296,70.2767153750949,72.32109107040861,Estimación adecuada
Coamo,1990-1994,2,79.52007940092251,79.24556489205753,78.12069892101051,80.51275497276693,Estimación adecuada
Coamo,1995-1999,1,71.1960753395491,71.34261386145616,70.44924322058321,72.34942469070072,Estimación adecuada
Coamo,1995-1999,2,78.423903843953,78.60823222334679,77.55138035922856,79.69098348947279,Estimación adecuada
Coamo,2000-2004,1,73.24248106281058,73.3499455747075,72.4225152934409,74.23795096333392,Estimación adecuada
Coamo,2000-2004,2,81.2524184753369,80.9822614012467,79.99887092394586,82.08424991652294,Estimación adecuada
Coamo,2005-2009,1,76.67061680312946,75.776747325814,74.79991919501772,76.77717137775187,Estimación adecuada
Coamo,2005-2009,2,82.50443120167047,82.0753159277638,80.99359528788514,83.3013796766221,Estimación adecuada
Coamo,2010-2014,1,76.08519397019607,75.9861121500974,75.0848521729792,76.91812427122423,Estimación adecuada
Coamo,2010-2014,2,82.76456200780567,82.42919838199057,81.3512534362765,83.5191276420528,Estimación adecuada
Coamo,2015-2019,1,76.3555860235564,76.70474126920601,75.71514799762753,77.6878637849707,Estimación adecuada
Coamo,2015-2019,2,84.32302802936533,84.50619040372449,83.17602219256415,85.82536756385629,Estimación adecuada
Coamo,2020-2024,1,78.73457128285159,78.02030882940426,76.97984970282172,79.05594440849194,Estimación adecuada
Coamo,2020-2024,2,85.32320664794793,85.09588404540922,83.86791021669688,86.37517753233817,Estimación adecuada
Comerio,1980-1984,1,72.39160599187598,72.13352742009677,70.94525706506263,73.45415654522893,Estimación adecuada
Comerio,1980-1984,2,80.50714392154065,79.36408922102098,77.79729947023063,81.11870737137083,Estimación adecuada
Comerio,1985-1989,1,72.46599051488649,72.06476358845296,70.75588676617728,73.2500383369611,Estimación adecuada
Comerio,1985-1989,2,79.35372018267553,79.09595819112457,77.65794076173867,80.57156578226675,Estimación adecuada
Comerio,1990-1994,1,72.63261964951914,71.9516100362672,70.64331629185736,73.1697716323754,Estimación adecuada
Comerio,1990-1994,2,78.0865724889923,78.52116098805786,77.30236527245083,79.93776154961073,Estimación adecuada
Comerio,1995-1999,1,71.13227286201818,71.43647378213967,70.20146446406844,72.68894412218938,Estimación adecuada
Comerio,1995-1999,2,78.32248610899435,78.54117119515963,77.24059707055504,79.88767622181372,Estimación adecuada
Comerio,2000-2004,1,73.74046365047266,73.72231532019484,72.53019722350875,75.01931240914693,Estimación adecuada
Comerio,2000-2004,2,80.19913305806267,80.39088976952549,79.06899197585363,81.80349852762252,Estimación adecuada
Comerio,2005-2009,1,75.30350166697882,75.00122291480568,73.7590817414166,76.40614207500136,Estimación adecuada
Comerio,2005-2009,2,81.75843965388886,81.70149805129063,80.43127545240274,83.1156285450157,Estimación adecuada
Comerio,2010-2014,1,77.88992392393747,76.90501451287241,75.65573602677394,78.33656117649554,Estimación adecuada
Comerio,2010-2014,2,83.20589003283447,83.01300218855943,81.6389969703762,84.60128325827839,Estimación adecuada
Comerio,2015-2019,1,76.11616223403381,76.77673383531895,75.64730440534544,77.97714443210262,Estimación adecuada
Comerio,2015-2019,2,84.47935763504815,84.48008127619039,83.12679155423713,86.19994911465085,Estimación adecuada
Comerio,2020-2024,1,75.23982921549162,76.17667446573418,75.00974136273494,77.31665225406037,Estimación adecuada
Comerio,2020-2024,2,83.75928924043123,83.70782594629577,82.47467504381147,85.04334995688114,Estimación adecuada
Corozal,1980-1984,1,72.8434269620364,72.58761014473458,71.40945899469952,73.70722875307581,Estimación adecuada
Corozal,1980-1984,2,78.49552695365927,78.43250340825553,77.27786920378114,79.64883435260312,Estimación adecuada
Corozal,1985-1989,1,74.16679537755694,73.19530852716738,72.1399758594259,74.39761132076744,Estimación adecuada
Corozal,1985-1989,2,78.31409571064404,78.31533792050098,77.2355758102694,79.4057578129193,Estimación adecuada
Corozal,1990-1994,1,71.27571092432538,71.60092865978122,70.52792966969267,72.63615956992022,Estimación adecuada
Corozal,1990-1994,2,78.71157989908842,78.82951636202867,77.81316594046777,80.00640161808046,Estimación adecuada
Corozal,1995-1999,1,71.90053240132126,72.20364151091744,71.14556168969882,73.25333212880255,Estimación adecuada
Corozal,1995-1999,2,81.05061971042039,80.25536289412625,79.07373224682699,81.4915731225428,Estimación adecuada
Corozal,2000-2004,1,75.40121472632262,75.0423865523847,74.0114244552592,76.14972577588051,Estimación adecuada
Corozal,2000-2004,2,82.32727029969571,82.12164519023912,80.79996373773965,83.5432309573846,Estimación adecuada
Corozal,2005-2009,1,75.29676896497347,75.5040877265149,74.56393704745307,76.62351086187192,Estimación adecuada
Corozal,2005-2009,2,81.7668888989548,81.65758526668867,80.48836741489406,82.82251587369647,Estimación adecuada
Corozal,2010-2014,1,76.61800376671373,76.71872782970527,75.67834860429907,77.77125798995682,Estimación adecuada
Corozal,2010-2014,2,83.99620064198638,83.76360260626083,82.57095117028977,85.08780834236639,Estimación adecuada
Corozal,2015-2019,1,78.84838673591865,78.34999170344693,77.30249180540014,79.55212212344945,Estimación adecuada
Corozal,2015-2019,2,84.36621340480359,84.66480322500229,83.40989603077936,86.12505031281208,Estimación adecuada
Corozal,2020-2024,1,76.44862204173214,77.28107902926116,76.26716318458462,78.40249185347226,Estimación adecuada
Corozal,2020-2024,2,85.0591201159125,85.29521941456312,84.16660151747229,86.70784175786348,Estimación adecuada
Culebra,1980-1984,1,94.69722323815856,73.48651709366959,71.31237207164195,75.56745617597534,< e0 observado
Culebra,1980-1984,2,77.11141651027592,80.33673821519186,77.15915129889488,85.15993356743566,> e0 observado
Culebra,1985-1989,1,76.63588305134152,72.74137586622871,70.8252995402402,74.76926360078043,< e0 observado
Culebra,1985-1989,2,84.99417166658453,80.42769314816269,78.31131723193701,83.36549253194754,< e0 observado
Culebra,1990-1994,1,75.23127689590049,72.39100892661145,70.56623387304265,74.3005183080816,< e0 observado
Culebra,1990-1994,2,82.2361338517014,80.46509634630807,78.16086322809886,83.61173204293063,Estimación adecuada
Culebra,1995-1999,1,72.53390965878926,72.6998755448208,70.70024124189547,74.67457129961352,Estimación adecuada
Culebra,1995-1999,2,82.74787501668122,81.40756979965869,77.89011986495426,90.2176500896485,Estimación adecuada
Culebra,2000-2004,1,83.74648606676807,75.50357523725393,73.68022519406334,77.69153534159922,< e0 observado
Culebra,2000-2004,2,81.63132549875367,82.8118051697121,80.49245500816556,86.21214246532497,Estimación adecuada
Culebra,2005-2009,1,79.35518350612848,76.20996901848031,73.96152632528803,78.41007012735453,< e0 observado
Culebra,2005-2009,2,87.82645600917449,83.97243414872281,81.55217751962826,87.89761463864365,Estimación adecuada
Culebra,2010-2014,1,73.27486001063872,76.98807436916806,74.92212105683852,79.39171355753174,> e0 observado
Culebra,2010-2014,2,84.63331186955911,84.96619939547207,82.28240951422848,88.60458729558862,Estimación adecuada
Culebra,2015-2019,1,73.7782353124013,78.0923554092945,75.9211808354407,80.77080641541076,> e0 observado
Culebra,2015-2019,2,82.80860574041759,85.96968946526613,83.34657905354683,89.6495497061194,> e0 observado
Culebra,2020-2024,1,71.17558414919206,77.5332998492725,75.62945650716068,79.9017289179415,> e0 observado
Culebra,2020-2024,2,81.75048505604273,85.12184697841249,82.71296172499939,88.42212052795617,> e0 observado
Dorado,1980-1984,1,73.06768394242143,72.82546412987915,71.58081444708311,74.10879494754703,Estimación adecuada
Dorado,1980-1984,2,79.57134292897321,79.15272312033413,77.80183183465176,80.59413899968895,Estimación adecuada
Dorado,1985-1989,1,70.98138714935332,71.11581098670895,69.96313068840755,72.12605165011794,Estimación adecuada
Dorado,1985-1989,2,79.66708794032925,79.21379881151162,77.94565394817502,80.56458426604935,Estimación adecuada
Dorado,1990-1994,1,70.60163270459446,71.11285434400608,70.05001285137551,72.25318195741438,Estimación adecuada
Dorado,1990-1994,2,79.66123740902555,79.35551495833732,78.26875386258232,80.53573160747668,Estimación adecuada
Dorado,1995-1999,1,71.14661901491276,71.52751756614012,70.5219093457104,72.55983706925475,Estimación adecuada
Dorado,1995-1999,2,79.34231212268777,79.51930469363415,78.39821646359627,80.84260942144407,Estimación adecuada
Dorado,2000-2004,1,72.80125816712727,73.16131542591985,72.2557431405391,74.16557441803589,Estimación adecuada
Dorado,2000-2004,2,80.51547250678337,80.2368429970902,79.22850091150201,81.36575475507878,Estimación adecuada
Dorado,2005-2009,1,74.74216888739862,74.99626856406334,73.95916911756913,76.0551528363147,Estimación adecuada
Dorado,2005-2009,2,81.55921742419945,81.5635740620263,80.5329011119797,82.69252790126633,Estimación adecuada
Dorado,2010-2014,1,77.3972526095473,77.33661480329143,76.31422730891228,78.46588478967486,Estimación adecuada
Dorado,2010-2014,2,83.78650120499329,83.49856764395219,82.3266093752336,84.82582925481766,Estimación adecuada
Dorado,2015-2019,1,79.05317477178703,78.56196642205376,77.51919811193541,79.75738825056007,Estimación adecuada
Dorado,2015-2019,2,85.0361331038058,85.11566667341948,83.78470660103872,86.67262813942212,Estimación adecuada
Dorado,2020-2024,1,77.54648054972814,77.782191493727,76.85805660524326,78.83603828566078,Estimación adecuada
Dorado,2020-2024,2,87.81728727976584,86.63247505922789,85.2804296169239,88.3449079864806,Estimación adecuada
Fajardo,1980-1984,1,70.97992961345321,70.45088298669742,69.47675290149205,71.47125064224839,Estimación adecuada
Fajardo,1980-1984,2,77.4034006461853,76.88348197198252,75.74725420929192,78.0949963144671,Estimación adecuada
Fajardo,1985-1989,1,71.1887876704971,70.80981716010572,69.86454413143582,71.70855235253367,Estimación adecuada
Fajardo,1985-1989,2,77.37337374894558,77.2186910261866,76.16325444576846,78.38528573207394,Estimación adecuada
Fajardo,1990-1994,1,68.18099629812696,68.71947261478971,67.80027169193656,69.64634730678733,Estimación adecuada
Fajardo,1990-1994,2,78.11474876521702,77.84710492552178,76.86031134352588,78.86431437387012,Estimación adecuada
Fajardo,1995-1999,1,69.86154006659808,70.04065663447402,69.04685159343293,70.99813195485454,Estimación adecuada
Fajardo,1995-1999,2,78.82934233659792,78.54248291027172,77.47833623834828,79.53928307110614,Estimación adecuada
Fajardo,2000-2004,1,71.85134936418909,72.04207096496535,71.16458099022746,72.9586776887303,Estimación adecuada
Fajardo,2000-2004,2,80.31491904964011,79.75854121736646,78.77001147441173,80.72413110398927,Estimación adecuada
Fajardo,2005-2009,1,72.01498955956528,72.55790310954688,71.62155522827001,73.45414426412545,Estimación adecuada
Fajardo,2005-2009,2,80.42579698255476,80.3121723650487,79.32074689053486,81.3061980828607,Estimación adecuada
Fajardo,2010-2014,1,73.1648079564502,74.21301847081304,73.18836957505808,75.22552358042776,> e0 observado
Fajardo,2010-2014,2,81.74247222384632,81.26077937766168,80.30077451239082,82.28901321498273,Estimación adecuada
Fajardo,2015-2019,1,76.15087862256587,76.62906375704208,75.49978938784592,77.74388813715152,Estimación adecuada
Fajardo,2015-2019,2,83.7123556023456,83.69564660604985,82.45594282953986,85.10855545231121,Estimación adecuada
Fajardo,2020-2024,1,74.31868957649468,74.8728314833534,73.91791105256961,75.91539787558092,Estimación adecuada
Fajardo,2020-2024,2,83.33111283123691,83.41238172955727,82.3685319949461,84.59567792992445,Estimación adecuada
Florida,1980-1984,1,71.06938753374574,71.35849187623043,69.86684499058431,72.92713083612473,Estimación adecuada
Florida,1980-1984,2,79.21775098528943,78.44673741951445,76.66384049854913,80.53639030149367,Estimación adecuada
Florida,1985-1989,1,70.64603223425698,70.8789589980253,69.45530246744102,72.44436407680284,Estimación adecuada
Florida,1985-1989,2,74.85144353276169,77.0967891658044,75.59874085104674,78.61929885346018,> e0 observado
Florida,1990-1994,1,70.01533527514864,70.41929516323498,69.09778786213177,71.86561892553578,Estimación adecuada
Florida,1990-1994,2,75.40391537650423,77.11176054231538,75.74597267394192,78.61271236594176,> e0 observado
Florida,1995-1999,1,71.65894113726901,71.61066643332734,70.07365542884389,73.14132754950575,Estimación adecuada
Florida,1995-1999,2,77.29790147374477,77.95552536010253,76.56570735484921,79.55340753581393,Estimación adecuada
Florida,2000-2004,1,75.01444427678842,73.88424794669487,72.49109834774816,75.34661284587744,Estimación adecuada
Florida,2000-2004,2,81.08965307946796,80.62201389932855,79.1811890908107,82.23664339741865,Estimación adecuada
Florida,2005-2009,1,76.54783220170152,74.85216583452116,73.47693041087945,76.27589261399105,< e0 observado
Florida,2005-2009,2,80.52310433234075,80.82892376208332,79.27811170733568,82.37659842034891,Estimación adecuada
Florida,2010-2014,1,79.58931937931183,77.42190804889042,75.87142186810084,79.01514556899626,< e0 observado
Florida,2010-2014,2,84.35262381150902,83.13003696496524,81.63611291395385,84.87533488400008,Estimación adecuada
Florida,2015-2019,1,77.39963673465637,77.17172099298399,75.86115440426234,78.46281207158917,Estimación adecuada
Florida,2015-2019,2,83.04749257512822,83.83965613469594,82.29808620827397,85.48732826054966,Estimación adecuada
Florida,2020-2024,1,76.48138637441758,77.18345050182509,75.74177342146479,78.78081882296009,Estimación adecuada
Florida,2020-2024,2,86.57028869211995,86.14740352085336,84.18545624825133,88.52839779643452,Estimación adecuada
Guanica,1980-1984,1,70.29160656173029,69.94559580985593,68.73894852945583,71.17256953984864,Estimación adecuada
Guanica,1980-1984,2,77.02589204137094,76.63675338244357,75.31139985187657,78.0870595845018,Estimación adecuada
Guanica,1985-1989,1,69.64590752945972,69.52989104878918,68.43610008111793,70.6470551617104,Estimación adecuada
Guanica,1985-1989,2,76.96194389846337,76.72877674105118,75.44472283746796,78.02992839823092,Estimación adecuada
Guanica,1990-1994,1,69.00330089577055,69.14944019041187,67.97121679545111,70.27470414961493,Estimación adecuada
Guanica,1990-1994,2,77.43314529873244,77.11235235808053,75.84546908604118,78.35299415959179,Estimación adecuada
Guanica,1995-1999,1,68.75925697690468,69.31175986781182,68.21186519518771,70.50104500187736,Estimación adecuada
Guanica,1995-1999,2,76.88365176255945,76.99465211847635,75.910053088213445,78.12675914746208,Estimación adecuada
Guanica,2000-2004,1,72.36855900985053,72.0780829733969,70.94372084371558,73.26115800231067,Estimación adecuada
Guanica,2000-2004,2,78.3128127578213,78.55256976406687,77.42998880079392,79.81840288420483,Estimación adecuada
Guanica,2005-2009,1,71.69965700518571,72.2101756530127,71.07958106275146,73.26070381306128,Estimación adecuada
Guanica,2005-2009,2,80.3960001801447,79.80585107666025,78.73296177041284,81.02012567407637,Estimación adecuada
Guanica,2010-2014,1,75.43056531334524,74.6467296830497,73.49467435354481,75.83832302417221,Estimación adecuada
Guanica,2010-2014,2,80.57778836738088,81.06180468847548,79.85929602508907,82.58323424395402,Estimación adecuada
Guanica,2015-2019,1,74.6061778340804,74.72580617387634,73.56517497036599,75.90349568417658,Estimación adecuada
Guanica,2015-2019,2,81.3148683326643,81.56497310792338,80.36982737588191,83.0052934063595,Estimación adecuada
Guanica,2020-2024,1,73.35967274163447,74.53639163170585,73.28499458264302,75.63984523337268,Estimación adecuada
Guanica,2020-2024,2,82.11869011623037,81.97150964301781,80.87375501214392,83.3081363886966,Estimación adecuada
Guayama,1980-1984,1,70.24592277647761,70.21390241622241,69.32969311229944,71.18093270989392,Estimación adecuada
Guayama,1980-1984,2,76.94736099895414,76.75646357274377,75.75728312551577,77.83451513998907,Estimación adecuada
Guayama,1985-1989,1,69.18407376779939,69.40039386138847,68.44081933187351,70.3958087796325,Estimación adecuada
Guayama,1985-1989,2,77.01984994163914,76.82401450913682,75.9127831816466,77.7899454764152,Estimación adecuada
Guayama,1990-1994,1,69.12774545799293,69.55228156571604,68.58656930870133,70.61687222855285,Estimación adecuada
Guayama,1990-1994,2,78.26536534527779,77.82692935771664,76.92657956949797,78.79536542724084,Estimación adecuada
Guayama,1995-1999,1,69.89298463348949,70.16608670893459,69.19864331136927,71.02491756761094,Estimación adecuada
Guayama,1995-1999,2,79.36097539479375,78.67317206243236,77.79503973137717,79.65885609489183,Estimación adecuada
Guayama,2000-2004,1,71.73959231092829,71.93134339359511,71.05390152201382,72.78548752151868,Estimación adecuada
Guayama,2000-2004,2,80.42361640554877,80.05869987593638,79.07783996122879,81.02677903403273,Estimación adecuada
Guayama,2005-2009,1,74.004627225837,73.76077596752344,72.81796670759914,74.6767263552229,Estimación adecuada
Guayama,2005-2009,2,80.66196990050479,80.47107066636994,79.56104468537944,81.45029170179185,Estimación adecuada
Guayama,2010-2014,1,76.0922078825251,75.5630460147716,74.70086982926742,76.49670869585107,Estimación adecuada
Guayama,2010-2014,2,82.22460967328485,81.90636668364003,80.8646612292277,82.99753932190791,Estimación adecuada
Guayama,2015-2019,1,76.61959145312574,76.52702696085973,75.5015513576264,77.55408179459862,Estimación adecuada
Guayama,2015-2019,2,83.4142713899816,83.3428342088203,82.2688021929545,84.55844433370743,Estimación adecuada
Guayama,2020-2024,1,73.93879414262592,75.20871488681898,74.27902678286188,76.15124712741176,> e0 observado
Guayama,2020-2024,2,82.33975114826434,82.51284548059591,81.6080766567424,83.52348830630449,Estimación adecuada
Guayanilla,1980-1984,1,72.58983279684577,71.65302005233728,70.43671868608494,72.79884750262,Estimación adecuada
Guayanilla,1980-1984,2,77.53353824728316,77.45828647662961,76.19546596352662,78.76684314735856,Estimación adecuada
Guayanilla,1985-1989,1,70.73661721916349,70.44464472831746,69.35303746806039,71.53376580707545,Estimación adecuada
Guayanilla,1985-1989,2,76.86235560972376,76.82146848820067,75.68255556236238,78.10306181245295,Estimación adecuada
Guayanilla,1990-1994,1,72.37752924339648,71.4078145941213,70.2307149753146,72.4810732202092,Estimación adecuada
Guayanilla,1990-1994,2,78.55250974931681,77.96090401377145,76.79062711142144,79.18560637620725,Estimación adecuada
Guayanilla,1995-1999,1,72.22131902455737,71.33765583116192,70.23683723158426,72.34894291315264,Estimación adecuada
Guayanilla,1995-1999,2,79.14608996325278,78.68505071125834,77.41392976025993,79.94447494769311,Estimación adecuada
Guayanilla,2000-2004,1,74.05744082522244,73.42009244540981,72.37994721296042,74.57624076298549,Estimación adecuada
Guayanilla,2000-2004,2,80.06971551607721,79.77839661301968,78.69479479281341,81.04025717826373,Estimación adecuada
Guayanilla,2005-2009,1,73.36781184296053,73.76044364004053,72.58275353956017,74.87699450475776,Estimación adecuada
Guayanilla,2005-2009,2,79.74433091795808,79.73310458393357,78.71705504404862,80.77617095397774,Estimación adecuada
Guayanilla,2010-2014,1,77.2541883457964,76.11593995653978,74.88303223214791,77.32369971763393,Estimación adecuada
Guayanilla,2010-2014,2,79.95617529124827,80.82681222759058,79.68064644444028,82.07076519393446,Estimación adecuada
Guayanilla,2015-2019,1,74.50306944491258,75.95464895403032,74.71767777893132,77.22769274806332,> e0 observado
Guayanilla,2015-2019,2,85.47648018860491,84.35956083102721,82.94204180467767,86.04858080652504,Estimación adecuada
Guayanilla,2020-2024,1,73.73722385919334,75.17990125581701,74.04509287950013,76.31466387778474,> e0 observado
Guayanilla,2020-2024,2,84.46851671921503,84.45706059813114,82.8987961108827,86.31778861287054,Estimación adecuada
Guaynabo,1980-1984,1,73.33304020193007,73.24824621227441,72.50639370456166,73.99869352974912,Estimación adecuada
Guaynabo,1980-1984,2,79.57395565229348,79.37647531358418,78.53066442827961,80.25698782586088,Estimación adecuada
Guaynabo,1985-1989,1,73.30720790413426,73.34406861092344,72.57500528974029,74.13425641140483,Estimación adecuada
Guaynabo,1985-1989,2,80.7449894765543,80.46769839811937,79.62363953812329,81.2640063436389,Estimación adecuada
Guaynabo,1990-1994,1,71.64759712414893,71.99858747255182,71.28929724828566,72.72189107323283,Estimación adecuada
Guaynabo,1990-1994,2,80.46155681333546,80.40990455772034,79.65412962373473,81.2301144657505,Estimación adecuada
Guaynabo,1995-1999,1,71.70557982807048,72.16257509627228,71.51082241241792,72.83549226351421,Estimación adecuada
Guaynabo,1995-1999,2,81.61582636139954,81.39971350567569,80.66122049546644,82.27332265714136,Estimación adecuada
Guaynabo,2000-2004,1,74.5460879922691,74.90329937152775,74.2451776554867,75.58632527332229,Estimación adecuada
Guaynabo,2000-2004,2,82.43363591097874,82.39675108024056,81.59644112406818,83.2263237629132,Estimación adecuada
Guaynabo,2005-2009,1,75.40004142189414,75.75726301749563,75.05104626253369,76.40322725425668,Estimación adecuada
Guaynabo,2005-2009,2,83.59622113263238,83.50955971163776,82.79654151248677,84.39194907344154,Estimación adecuada
Guaynabo,2010-2014,1,77.3578270076508,77.50526482133867,76.80585621339463,78.23092552101454,Estimación adecuada
Guaynabo,2010-2014,2,84.62289097742051,84.42830348369698,83.67733962709583,85.23180031748832,Estimación adecuada
Guaynabo,2015-2019,1,79.63090232574721,79.49074667465118,78.74072466902854,80.25602544881647,Estimación adecuada
Guaynabo,2015-2019,2,86.62280196774702,86.31198374876189,85.41597522189102,87.23791475906314,Estimación adecuada
Guaynabo,2020-2024,1,77.36899877443203,77.75402963884207,77.03633047830385,78.48429879612968,Estimación adecuada
Guaynabo,2020-2024,2,86.85241919025239,86.7482664631998,85.85370067062743,87.6459762174027,Estimación adecuada
Gurabo,1980-1984,1,72.10043466021936,72.07401896735291,70.92230189919937,73.23852674946177,Estimación adecuada
Gurabo,1980-1984,2,77.21298943234297,77.67031990530106,76.46890506910108,78.94110460775443,Estimación adecuada
Gurabo,1985-1989,1,72.09864341259255,72.16798723505019,70.98337914942675,73.33969769618957,Estimación adecuada
Gurabo,1985-1989,2,77.83980186096333,78.09768512143089,76.89278098921105,79.36794527064295,Estimación adecuada
Gurabo,1990-1994,1,70.06358422124045,70.73192347913164,69.76718302949575,71.75453966978144,Estimación adecuada
Gurabo,1990-1994,2,78.93586566639773,78.9747650872869,77.84050032956026,80.17910936664933,Estimación adecuada
Gurabo,1995-1999,1,72.62979875914179,72.5083979964991,71.48134982117989,73.46514983910107,Estimación adecuada
Gurabo,1995-1999,2,78.37596544908041,78.71516154444473,77.61516515239165,79.84046770552881,Estimación adecuada
Gurabo,2000-2004,1,73.72455425616529,73.9903855640597,72.978255879545,74.96995498643945,Estimación adecuada
Gurabo,2000-2004,2,82.16347596555325,81.56070546387514,80.5308425304516,82.79603537502703,Estimación adecuada
Gurabo,2005-2009,1,75.38673648949066,75.56313454864122,74.50561222121776,76.57886065411033,Estimación adecuada
Gurabo,2005-2009,2,82.71710063140857,82.29130929084606,81.12645030426633,83.51156254388698,Estimación adecuada
Gurabo,2010-2014,1,75.74184183502217,76.209729595554,75.1834049055746,77.1915474312851,Estimación adecuada
Gurabo,2010-2014,2,83.66012445857517,83.38857853028888,82.33367845525164,84.57763512443161,Estimación adecuada
Gurabo,2015-2019,1,77.82655629619259,77.993134673167,76.94049412405458,78.96269123531864,Estimación adecuada
Gurabo,2015-2019,2,86.3751275135532,85.95017591593152,84.65594895941557,87.49978214302571,Estimación adecuada
Gurabo,2020-2024,1,78.1508349062683,77.87848040814525,76.83378453762265,78.81774209559391,Estimación adecuada
Gurabo,2020-2024,2,85.11563140762924,84.7690500770575,83.74054398053079,86.04928408524648,Estimación adecuada
Hatillo,1980-1984,1,71.99152036613721,72.36843648533662,71.28958115030431,73.44341019296972,Estimación adecuada
Hatillo,1980-1984,2,78.9802986931572,78.8905418956954,77.73230689765137,80.02381233964763,Estimación adecuada
Hatillo,1985-1989,1,72.73472078364017,72.53480838137975,71.3940715675472,73.62417652576418,Estimación adecuada
Hatillo,1985-1989,2,79.39464399636921,79.276921447268,78.12891497873686,80.60295303663202,Estimación adecuada
Hatillo,1990-1994,1,72.2998423174012,72.10028492603624,71.09669715617758,73.08709681367961,Estimación adecuada
Hatillo,1990-1994,2,78.56900864145167,78.35696555951944,77.46419147566431,79.30097508185146,Estimación adecuada
Hatillo,1995-1999,1,72.51848608651568,72.25550414011397,71.38590304719025,73.17268926039127,Estimación adecuada
Hatillo,1995-1999,2,78.33281615395789,78.42628688338407,77.51838584324766,79.3035882127353,Estimación adecuada
Hatillo,2000-2004,1,74.45467151298737,74.0771789473732,73.22935218878999,75.01102297486646,Estimación adecuada
Hatillo,2000-2004,2,80.50637914886045,80.33128247161375,79.38346813295031,81.32522848890919,Estimación adecuada
Hatillo,2005-2009,1,75.71645524793598,75.23223173443571,74.34377930612762,76.18586889144942,Estimación adecuada
Hatillo,2005-2009,2,81.90357972932111,81.694313394285,80.76793448610036,82.75561384308168,Estimación adecuada
Hatillo,2010-2014,1,77.71502056183984,77.09995005797592,76.14946632198622,78.03023487268413,Estimación adecuada
Hatillo,2010-2014,2,83.87031312176076,83.51534583243422,82.39775707116343,84.71323145846591,Estimación adecuada
Hatillo,2015-2019,1,79.67724729389147,79.12686016049328,78.07456483169243,80.23195863874044,Estimación adecuada
Hatillo,2015-2019,2,84.83403759511111,84.4430065350681,83.4486827498974,85.48362921365116,Estimación adecuada
Hatillo,2020-2024,1,78.47632497278812,78.26313273122028,77.31713279851583,79.27895765459056,Estimación adecuada
Hatillo,2020-2024,2,86.14610937096411,85.17859546326727,84.16796115566287,86.27027160954725,Estimación adecuada
Hormigueros,1980-1984,1,74.05856561737721,73.69513204034587,72.27087436588423,75.11312856870559,Estimación adecuada
Hormigueros,1980-1984,2,79.84974137268954,80.14568909876161,78.29481283773382,82.35963686629773,Estimación adecuada
Hormigueros,1985-1989,1,73.08737524946572,73.00450640561479,71.82084228808975,74.34086263464503,Estimación adecuada
Hormigueros,1985-1989,2,77.720059693455,79.09268030656986,77.82388376023634,80.56343400308697,> e0 observado
Hormigueros,1990-1994,1,74.61350802067456,73.38450417109307,72.2225500812423,74.61768858784177,Estimación adecuada
Hormigueros,1990-1994,2,81.39461486989457,80.64855549965822,79.13608857836039,82.45919728162161,Estimación adecuada
Hormigueros,1995-1999,1,74.87703445651637,73.71429518642866,72.49289950795448,74.84875909501669,< e0 observado
Hormigueros,1995-1999,2,80.45280069334801,80.3205615034637,79.03667624076175,81.60239739766376,Estimación adecuada
Hormigueros,2000-2004,1,75.50618073944777,75.22389586995028,74.07845251232062,76.51733881737829,Estimación adecuada
Hormigueros,2000-2004,2,82.3521641939344,82.04934370779426,80.7468567342886,83.5256580854375,Estimación adecuada
Hormigueros,2005-2009,1,76.10054922666298,76.2194473359877,74.99764093568395,77.50362951423566,Estimación adecuada
Hormigueros,2005-2009,2,84.62944320284578,83.7763773260071,82.27830669166859,85.40000565234865,Estimación adecuada
Hormigueros,2010-2014,1,76.11918178416535,77.07269990797647,75.85419510875387,78.303242927172093,Estimación adecuada
Hormigueros,2010-2014,2,82.71051389712174,83.40151042846442,82.08790366716211,84.7698146537035,Estimación adecuada
Hormigueros,2015-2019,1,77.91392313609006,78.43819930225271,77.2244783771996,79.70480215402124,Estimación adecuada
Hormigueros,2015-2019,2,85.81866120513573,86.23386721540186,84.63784902801163,88.21625926990896,Estimación adecuada
Hormigueros,2020-2024,1,78.36911216509105,78.99840906978935,77.56477114428621,80.39488337706241,Estimación adecuada
Hormigueros,2020-2024,2,86.17552522276296,86.06156045785372,84.64421268842604,87.6578663452582,Estimación adecuada
Humacao,1980-1984,1,70.58258576927221,70.79308414145433,69.88670621675618,71.67234728383502,Estimación adecuada
Humacao,1980-1984,2,75.89477228552336,76.16313415649861,75.32850806503819,77.0152884441174,Estimación adecuada
Humacao,1985-1989,1,70.67071512913827,70.74415739809999,69.8710073644822,71.64282409061867,Estimación adecuada
Humacao,1985-1989,2,78.26869595391119,78.02104854436132,77.0577095198354,79.0136086296626,Estimación adecuada
Humacao,1990-1994,1,69.59966588678492,69.86953452178031,69.0470260773488,70.7101093617606,Estimación adecuada
Humacao,1990-1994,2,78.98527536141168,78.71435764111618,77.75597655186547,79.7488025806247,Estimación adecuada
Humacao,1995-1999,1,71.67034271113566,71.4416387277129,70.63979344954127,72.21873641478432,Estimación adecuada
Humacao,1995-1999,2,78.50994029948488,78.36517707006121,77.54660392639316,79.22287527733387,Estimación adecuada
Humacao,2000-2004,1,73.45461991775991,73.37047283203131,72.45860020443352,74.29341713972867,Estimación adecuada
Humacao,2000-2004,2,79.72370844675466,79.91590339017225,78.98494434288064,80.78392525643532,Estimación adecuada
Humacao,2005-2009,1,73.61846549183731,74.02397151731103,73.09034755073989,74.950208409295,Estimación adecuada
Humacao,2005-2009,2,81.80291929231979,81.58535261983886,80.75613466650958,82.58719609684927,Estimación adecuada
Humacao,2010-2014,1,75.80326051258055,75.82056124870971,75.00971005653112,76.71580136340991,Estimación adecuada
Humacao,2010-2014,2,83.58584598942798,83.04486751310142,82.10260599631341,84.0800255472995,Estimación adecuada
Humacao,2015-2019,1,76.7386829389743,77.21619907208847,76.31470277389893,78.17494194369665,Estimación adecuada
Humacao,2015-2019,2,84.86787206578826,84.45661126646343,83.58149868778565,85.431260099049,Estimación adecuada
Humacao,2020-2024,1,76.7404128820364,77.48696728453692,76.5297593664007,78.48690644965754,Estimación adecuada
Humacao,2020-2024,2,84.233200245355,84.19141481239299,83.25732321026238,85.2471171479277,Estimación adecuada
Isabela,1980-1984,1,73.09738020117423,72.83713128593484,71.80642985831086,73.85573928720243,Estimación adecuada
Isabela,1980-1984,2,77.82732250278018,77.81385981472411,76.7915488338739,78.8537068086949,Estimación adecuada
Isabela,1985-1989,1,71.58083949829111,71.58184548456657,70.6792883795799,72.53451431833855,Estimación adecuada
Isabela,1985-1989,2,78.50099967900502,78.27526874066692,77.19388150576594,79.28258490710901,Estimación adecuada
Isabela,1990-1994,1,72.0475169163787,71.61100103400771,70.71635128671045,72.50408863305947,Estimación adecuada
Isabela,1990-1994,2,78.52411999469241,78.37508297196743,77.44026254142294,79.32614292386563,Estimación adecuada
Isabela,1995-1999,1,71.86251133480623,71.58414350900203,70.69717114820172,72.49704932774509,Estimación adecuada
Isabela,1995-1999,2,79.50480811685766,79.2715817571388,78.29714432961627,80.34571198096852,Estimación adecuada
Isabela,2000-2004,1,73.31643311223908,73.25996932987147,72.38287221418867,73.9929925181044,Estimación adecuada
Isabela,2000-2004,2,79.66880055796743,79.7232677117147,78.80012653120184,80.70558857343521,Estimación adecuada
Isabela,2005-2009,1,75.53006169201437,74.85841375820618,74.05331269176907,75.67011013913451,Estimación adecuada
Isabela,2005-2009,2,80.46868606139569,80.55142694700004,79.61514419235534,81.46140718612092,Estimación adecuada
Isabela,2010-2014,1,76.3459756319445,76.10247527252093,75.23853350546673,77.08097174752109,Estimación adecuada
Isabela,2010-2014,2,82.99199255121863,82.5514177335487,81.64179901304377,83.55592334153506,Estimación adecuada
Isabela,2015-2019,1,78.28631956544136,77.893955257599,76.95902478220553,78.85914416026885,Estimación adecuada
Isabela,2015-2019,2,84.46499781522432,84.1149943363408,83.10302106154528,85.28305210338289,Estimación adecuada
Isabela,2020-2024,1,78.44494383134611,77.53129363722118,76.73743524629222,78.42449780860815,< e0 observado
Isabela,2020-2024,2,84.54430409037892,84.85995987213478,83.81032489075328,86.0140768187655,Estimación adecuada
Jayuya,1980-1984,1,71.54820346169252,71.80434731210482,70.58672897126814,73.08489858721428,Estimación adecuada
Jayuya,1980-1984,2,75.83217282493807,77.32750620401168,75.83960334595783,79.09429714590554,> e0 observado
Jayuya,1985-1989,1,71.8852739133792,71.47046537010188,70.25412668852127,72.59280419026429,Estimación adecuada
Jayuya,1985-1989,2,75.89535009908417,77.16438815358164,75.88534317648599,78.52785104679559,Estimación adecuada
Jayuya,1990-1994,1,71.61501384784762,71.1865296197134,69.93121071273804,72.37515855205115,Estimación adecuada
Jayuya,1990-1994,2,76.60405912768891,78.14732125585948,76.74051402569911,79.85505516993021,> e0 observado
Jayuya,1995-1999,1,72.762612067533,72.15294943803923,70.91446890936584,73.49656405291141,Estimación adecuada
Jayuya,1995-1999,2,78.02341987371616,78.54547872543426,77.25392109219598,79.9396224301526,Estimación adecuada
Jayuya,2000-2004,1,74.804694975474,73.84263828831666,72.6515141578391,75.0123411779988,Estimación adecuada
Jayuya,2000-2004,2,82.26030453801704,81.68056408559687,80.08649705220334,83.43266066690028,Estimación adecuada
Jayuya,2005-2009,1,76.29392429833622,75.53687203776076,74.22533533216406,76.959492750095,Estimación adecuada
Jayuya,2005-2009,2,83.26574991380474,82.32716933525307,80.85260068525524,84.0102749679799,Estimación adecuada
Jayuya,2010-2014,1,77.86670993006521,77.0284494619969,75.69483740937949,78.47349618033827,Estimación adecuada
Jayuya,2010-2014,2,83.01935062086235,83.127197741494,81.63835196026976,84.99014166973419,Estimación adecuada
Jayuya,2015-2019,1,79.09662441043547,78.2013025580003,76.84159274786293,79.62639114230801,Estimación adecuada
Jayuya,2015-2019,2,86.09536520292538,85.79088204309176,83.87623656857684,87.94802799867628,Estimación adecuada
Jayuya,2020-2024,1,80.33778345942194,79.23990912341446,77.58630839694983,80.93678880228205,Estimación adecuada
Jayuya,2020-2024,2,86.05790395955583,85.52488031412,83.85515232621724,87.79220028199445,Estimación adecuada
Juana Diaz,1980-1984,1,71.10192241498234,70.97766595893081,70.0066621307969,71.98698685891615,Estimación adecuada
Juana Diaz,1980-1984,2,76.03760260059695,76.4612112510883,75.40877229066663,77.55669293894717,Estimación adecuada
Juana Diaz,1985-1989,1,70.59066146569734,70.63243917079825,69.73794035032992,71.56342641838158,Estimación adecuada
Juana Diaz,1985-1989,2,77.72376003285237,77.7481014099063,76.67285923716479,78.87747622052163,Estimación adecuada
Juana Diaz,1990-1994,1,70.59462619152536,70.60979640364249,69.67222842802757,71.44803966149732,Estimación adecuada
Juana Diaz,1990-1994,2,77.80758248720088,77.89710340083897,77.04754110526895,78.80207961128008,Estimación adecuada
Juana Diaz,1995-1999,1,70.63826210363753,70.68638555184637,69.82339373332212,71.47813295626376,Estimación adecuada
Juana Diaz,1995-1999,2,78.23721855538598,78.20230596204495,77.22264712216105,79.18625202850275,Estimación adecuada
Juana Diaz,2000-2004,1,72.42010194033637,72.64522173227422,71.78624822378109,73.49954649919151,Estimación adecuada
Juana Diaz,2000-2004,2,80.07095731748443,79.89911286592496,79.04424484837782,80.93309947406564,Estimación adecuada
Juana Diaz,2005-2009,1,74.09224072675535,74.33180848400211,73.38002683347851,75.32225414205108,Estimación adecuada
Juana Diaz,2005-2009,2,81.70478408921697,81.42420273456509,80.43456349117456,82.46170853933984,Estimación adecuada
Juana Diaz,2010-2014,1,75.9826744595313,75.98653148259787,75.04975906032682,76.96594048283228,Estimación adecuada
Juana Diaz,2010-2014,2,82.91141974537287,82.65532325341896,81.6002579082316,83.74486805246097,Estimación adecuada
Juana Diaz,2015-2019,1,77.4756453319244,77.36011051833752,76.48273806091757,78.25934343864861,Estimación adecuada
Juana Diaz,2015-2019,2,86.60689455981232,85.81921345183937,84.50415964159896,87.28673524425915,Estimación adecuada
Juana Diaz,2020-2024,1,76.12481522857756,76.59254559440373,75.67890161142132,77.59752689431143,Estimación adecuada
Juana Diaz,2020-2024,2,86.09723573194701,85.33578267716103,84.25689794040808,86.49838678414879,Estimación adecuada
Juncos,1980-1984,1,70.4832974097173,70.73154507396072,69.60618643844217,71.84839320074077,Estimación adecuada
Juncos,1980-1984,2,77.17475536145652,77.091526570938,76.00155210582369,78.22965891242298,Estimación adecuada
Juncos,1985-1989,1,69.32349287604664,69.89587013784963,68.85970969466008,70.99369226433457,Estimación adecuada
Juncos,1985-1989,2,77.84087141019062,77.42667093702822,76.42885620195153,78.53420985344972,Estimación adecuada
Juncos,1990-1994,1,69.26314387145591,69.80511614328597,68.7755248102003,70.76963696996668,Estimación adecuada
Juncos,1990-1994,2,78.64376251745605,78.33383179195373,77.23766559657291,79.47076251759162,Estimación adecuada
Juncos,1995-1999,1,70.43259716290989,70.56451341253795,69.59781260847464,71.53356159874029,Estimación adecuada
Juncos,1995-1999,2,78.88321244236762,78.64895148497921,77.60186857385176,79.75295672560294,Estimación adecuada
Juncos,2000-2004,1,73.50676785386435,73.37952097755954,72.42699694645272,74.40814689593826,Estimación adecuada
Juncos,2000-2004,2,80.82760129992721,80.33102230317891,79.26626444140253,81.34278483930586,Estimación adecuada
Juncos,2005-2009,1,72.5823719234395,73.11510781061679,72.14883004892889,74.10464969295548,Estimación adecuada
Juncos,2005-2009,2,80.29148928265256,80.34912058123345,79.23551583214663,81.48079297771436,Estimación adecuada
Juncos,2010-2014,1,74.05814861532626,74.70355806908758,73.71856679485977,75.67167396805878,Estimación adecuada
Juncos,2010-2014,2,82.42841718245143,82.46287276352909,81.28441519133199,83.81216602768747,Estimación adecuada
Juncos,2015-2019,1,76.99651467647962,76.96091059169164,75.97902531272555,78.10648930060921,Estimación adecuada
Juncos,2015-2019,2,83.23323259682593,83.42889830783412,82.31599631125646,84.6491629447027,Estimación adecuada
Juncos,2020-2024,1,76.96779959385644,76.64240714865727,75.6637068271338,77.68540494336581,Estimación adecuada
Juncos,2020-2024,2,85.00221618874696,84.47313402856997,83.28303291949908,85.80650394663952,Estimación adecuada
Lajas,1980-1984,1,72.46316902920564,72.00336798876512,70.97307937780141,73.08947427836482,Estimación adecuada
Lajas,1980-1984,2,77.35030656462364,77.76145445142078,76.67227150696505,79.12317036562034,Estimación adecuada
Lajas,1985-1989,1,73.36206024807198,72.56292196919534,71.44674616510098,73.65927051835003,Estimación adecuada
Lajas,1985-1989,2,77.65847465397064,77.77491483577276,76.7360452400572,78.93175454265337,Estimación adecuada
Lajas,1990-1994,1,72.37357825429245,72.09690023777372,70.9946937456332,73.22622121032309,Estimación adecuada
Lajas,1990-1994,2,79.66328406009775,79.25734656051068,78.10279160313048,80.42419421898636,Estimación adecuada
Lajas,1995-1999,1,72.56496891931091,72.1532896212789,71.09258582431227,73.14033292238574,Estimación adecuada
Lajas,1995-1999,2,79.70456393493818,79.60565178095379,78.4670456893122,80.91910596586699,Estimación adecuada
Lajas,2000-2004,1,74.14208023792457,73.95037780326467,72.98928646683403,74.96456213243152,Estimación adecuada
Lajas,2000-2004,2,81.18752068509266,80.91807468179857,79.90739402519887,82.1541890688693,Estimación adecuada
Lajas,2005-2009,1,76.68683187769454,75.53947141422367,74.46163835155971,76.441620288946,< e0 observado
Lajas,2005-2009,2,81.73140373208773,81.60590171057461,80.472370652019,82.79536875266145,Estimación adecuada
Lajas,2010-2014,1,76.92095663234578,76.4782310861878,75.32609744894813,77.71318898744832,Estimación adecuada
Lajas,2010-2014,2,83.39940774512145,83.28816815179604,82.11341636887994,84.69130192979247,Estimación adecuada
Lajas,2015-2019,1,79.16417400599892,78.27393164241826,77.10532399334434,79.58870553732027,Estimación adecuada
Lajas,2015-2019,2,84.33383648976294,84.6130050128913,83.39830019090876,86.10919140200448,Estimación adecuada
Lajas,2020-2024,1,78.13171144418278,77.5461414451633,76.52031387320291,78.5718318389807,Estimación adecuada
Lajas,2020-2024,2,85.69664696158718,85.45811668908841,84.11286194526006,87.11952027768288,Estimación adecuada
Lares,1980-1984,1,70.93967460008611,71.6797851626651,70.63039350388469,72.75361410291401,Estimación adecuada
Lares,1980-1984,2,80.07304720190547,79.72628428498348,78.29846976401338,81.17537428845503,Estimación adecuada
Lares,1985-1989,1,72.07284835603735,72.2174712517635,71.21773213139815,73.24016934334428,Estimación adecuada
Lares,1985-1989,2,80.12906339800288,79.57319136120267,78.3979909931649,80.95060588242345,Estimación adecuada
Lares,1990-1994,1,71.99408741634562,71.98832296038162,70.89814710882102,73.03650769550937,Estimación adecuada
Lares,1990-1994,2,78.72924701770712,78.725966210834045,77.75145504903156,79.80913505902154,Estimación adecuada
Lares,1995-1999,1,74.58529726703922,73.8592201478375,72.87312616530929,75.00303463722493,Estimación adecuada
Lares,1995-1999,2,81.29595428708723,80.68293297624811,79.48663104018848,81.9300545196838,Estimación adecuada
Lares,2000-2004,1,75.1110712856121,74.80497930802252,73.91274959788734,75.66530904497935,Estimación adecuada
Lares,2000-2004,2,81.70641489338435,81.6270864135723,80.35955099448024,82.90243968782293,Estimación adecuada
Lares,2005-2009,1,76.5462882162104,75.7093940729655,74.77429149883831,76.5896013726414,Estimación adecuada
Lares,2005-2009,2,82.28400989612267,82.08563655593866,80.992636582795285,83.1967297499861,Estimación adecuada
Lares,2010-2014,1,79.39080265192932,78.29623706010378,77.21879965700676,79.52903030008676,Estimación adecuada
Lares,2010-2014,2,82.72140750112155,82.42997675145608,81.3887191238281,83.56752009573323,Estimación adecuada
Lares,2015-2019,1,78.13032401868809,77.84766987617303,76.80095184916306,78.90371752539767,Estimación adecuada
Lares,2015-2019,2,84.424471152182,84.40006166616425,83.2358663831463,85.65965610024159,Estimación adecuada
Lares,2020-2024,1,77.84495769277572,78.06071327555495,77.03499521778032,79.18876211577624,Estimación adecuada
Lares,2020-2024,2,84.10188803972103,84.61923729915384,83.52575332632122,85.7904361232506,Estimación adecuada
Las Marias,1980-1984,1,73.81563474744125,73.44791986456784,72.09455823509651,74.99360924799024,Estimación adecuada
Las Marias,1980-1984,2,83.88520673112671,81.19082516772801,79.27166160009071,83.72119618255455,< e0 observado
Las Marias,1985-1989,1,73.62469730038673,73.20997246266082,71.85565244618755,74.62698325758375,Estimación adecuada
Las Marias,1985-1989,2,78.14820547870697,79.7673543325394,78.15391522059177,81.79599919857037,> e0 observado
Las Marias,1990-1994,1,74.00881730690156,73.39731497415893,71.88572846614298,74.82411517172281,Estimación adecuada
Las Marias,1990-1994,2,80.22328205184606,80.68574653733451,78.89054702885048,82.63544790139868,Estimación adecuada
Las Marias,1995-1999,1,75.13206537448636,73.81780623918121,72.31597237453587,75.36940274263317,Estimación adecuada
Las Marias,1995-1999,2,81.22000339132549,81.03213249969858,79.32802519496484,82.90580054824073,Estimación adecuada
Las Marias,2000-2004,1,77.0746887546824,75.71692199484663,74.27630521721365,77.31783732071551,Estimación adecuada
Las Marias,2000-2004,2,81.22993587246654,82.63011655969328,80.86090132130775,84.91854527272486,Estimación adecuada
Las Marias,2005-2009,1,78.94241289794024,76.96897130128276,75.41228043222208,78.60453867267091,< e0 observado
Las Marias,2005-2009,2,82.45741722564794,83.52717655488681,81.70209262240674,85.77002003314074,Estimación adecuada
Las Marias,2010-2014,1,78.9874533300309,77.42120116177657,76.20320920005112,78.88849044195544,< e0 observado
Las Marias,2010-2014,2,85.68826589307866,85.00925618124599,82.96322015625266,87.51746168138385,Estimación adecuada
Las Marias,2015-2019,1,78.44180353450636,79.29309825321755,77.78885347752716,81.03356428065533,Estimación adecuada
Las Marias,2015-2019,2,86.2119644760504,86.01254895425228,84.18761169853923,88.49578071637481,Estimación adecuada
Las Marias,2020-2024,1,78.65869602395698,79.0008716015867,77.387960382637,80.57101837917256,Estimación adecuada
Las Marias,2020-2024,2,88.4892406052294,87.45367404600289,85.13393450266496,90.2919379942665,Estimación adecuada
Las Piedras,1980-1984,1,72.4628953772312,72.65553577696696,71.56751445767766,73.92411280435377,Estimación adecuada
Las Piedras,1980-1984,2,77.65886672068534,78.08016513712458,76.90042130499167,79.47338571524699,Estimación adecuada
Las Piedras,1985-1989,1,72.6175420547073,72.32408059165948,71.16932509569841,73.50169324376266,Estimación adecuada
Las Piedras,1985-1989,2,79.00116087428613,79.03514993939325,77.79348123270465,80.40680384374451,Estimación adecuada
Las Piedras,1990-1994,1,71.55978947014577,71.76522957506218,70.73549293124219,72.95694554072657,Estimación adecuada
Las Piedras,1990-1994,2,78.8936505301308,78.80999219070105,77.70374562771211,79.98133239667622,Estimación adecuada
Las Piedras,1995-1999,1,73.7555375015721,72.96763429956975,71.92174565966027,74.05958916746897,Estimación adecuada
Las Piedras,1995-1999,2,79.79933667371475,79.71150732265421,78.53654171081979,80.89998495514031,Estimación adecuada
Las Piedras,2000-2004,1,74.83778165388009,74.53607579760745,73.50661800981061,75.58498544951422,Estimación adecuada
Las Piedras,2000-2004,2,80.54014043533199,80.44216224062606,79.43940599378206,81.562855401169,Estimación adecuada
Las Piedras,2005-2009,1,76.55584156350447,75.86076498782231,74.88545052086336,76.93122312957752,Estimación adecuada
Las Piedras,2005-2009,2,82.30870059101942,82.35147367679855,81.17831928623441,83.78281833275061,Estimación adecuada
Las Piedras,2010-2014,1,75.93351372986655,76.48067131003603,75.48180471027113,77.65575937310254,Estimación adecuada
Las Piedras,2010-2014,2,82.5650052808105,82.56217164606603,81.6010870709343,83.82942403571758,Estimación adecuada
Las Piedras,2015-2019,1,78.58935894309695,78.38105601996054,77.320054680312,79.56273416638042,Estimación adecuada
Las Piedras,2015-2019,2,85.3607640329745,85.14257344720929,83.92955748108771,86.54385376124841,Estimación adecuada
Las Piedras,2020-2024,1,77.65607135099413,77.9417406298451,76.87066878117544,79.01047730604486,Estimación adecuada
Las Piedras,2020-2024,2,85.02534012586074,84.82205734002517,83.77147183356476,85.96190900457142,Estimación adecuada
Loiza,1980-1984,1,71.29708119790713,70.86271907657074,69.46379836402734,72.25832077073937,Estimación adecuada
Loiza,1980-1984,2,77.96280313581073,77.4686806199333,76.05824610828553,79.01680261081879,Estimación adecuada
Loiza,1985-1989,1,71.11235934077855,70.68770838270899,69.47011369071316,72.00298015293922,Estimación adecuada
Loiza,1985-1989,2,79.76441464134875,78.74069295474285,77.30800690635321,80.2532014297215,Estimación adecuada
Loiza,1990-1994,1,68.65505357436209,69.24080705578507,67.99806440790755,70.40361821388022,Estimación adecuada
Loiza,1990-1994,2,77.83527198679872,77.8342016253717,76.56884530642543,79.11779979501503,Estimación adecuada
Loiza,1995-1999,1,67.54575668322258,69.0341962862785,67.826843961163,70.15382994834998,> e0 observado
Loiza,1995-1999,2,80.44991909621369,79.50375122035649,78.15272048638184,80.89414328041775,Estimación adecuada
Loiza,2000-2004,1,69.21795433977262,71.10234922718487,69.90605865230671,72.27889240837673,> e0 observado
Loiza,2000-2004,2,83.71722475677984,82.12094147074345,80.54629464984637,83.95873901176635,Estimación adecuada
Loiza,2005-2009,1,69.49244819404063,71.7589386986938,70.61993048754142,72.88340671932129,> e0 observado
Loiza,2005-2009,2,81.62588342717608,81.30286579226953,79.97352365136635,82.73592933936096,Estimación adecuada
Loiza,2010-2014,1,72.71620374599513,74.40765527068262,73.12496984738756,75.76322051075137,> e0 observado
Loiza,2010-2014,2,83.22740715687155,82.80390412399201,81.51229295295884,84.31036527356821,Estimación adecuada
Loiza,2015-2019,1,76.42256809809959,76.77089895094704,75.54835430228066,78.1047567332444,Estimación adecuada
Loiza,2015-2019,2,84.58243093379357,84.54426187306254,83.03583115133696,86.15522590662619,Estimación adecuada
Loiza,2020-2024,1,74.30071613355503,75.67451511250462,74.50633169328738,76.88168446394468,> e0 observado
Loiza,2020-2024,2,85.89228425330265,85.15150977388407,83.54068791458543,86.79229022896891,Estimación adecuada
Luquillo,1980-1984,1,71.32237106066451,70.86665171555859,69.68159687191678,72.135736714879,Estimación adecuada
Luquillo,1980-1984,2,96.21054523115929,80.19457575808693,78.08779792966126,82.92840244898292,< e0 observado
Luquillo,1985-1989,1,70.58391307233262,70.7536059040569,69.52578145701565,71.98978295212821,Estimación adecuada
Luquillo,1985-1989,2,75.85277823303889,76.66929008657169,75.46052900476123,77.96038287769528,Estimación adecuada
Luquillo,1990-1994,1,69.78687362564872,70.04275831792688,68.73623040346503,71.2419112793657,Estimación adecuada
Luquillo,1990-1994,2,78.65540822491414,78.26673681236775,76.88600737727315,79.85186313243977,Estimación adecuada
Luquillo,1995-1999,1,68.84529148191722,69.58436145912205,68.41998199187223,70.83201287275578,Estimación adecuada
Luquillo,1995-1999,2,77.57073371934368,77.83720230033062,76.49346841219409,79.28008205712369,Estimación adecuada
Luquillo,2000-2004,1,71.56692809461028,72.06387863726222,70.92889897285748,73.20647650130623,Estimación adecuada
Luquillo,2000-2004,2,80.93857359304148,80.56068446705854,79.11608382155177,82.0577698513892,Estimación adecuada
Luquillo,2005-2009,1,73.66197666420697,73.91327697450151,72.72680426079353,75.13079916869658,Estimación adecuada
Luquillo,2005-2009,2,80.16453384109049,80.29599624931544,79.13411262807554,81.58317669466906,Estimación adecuada
Luquillo,2010-2014,1,74.125398030716255,75.0733998205927,73.81058090542118,76.27786263732646,Estimación adecuada
Luquillo,2010-2014,2,83.56937802942338,82.99260009918328,81.50751734585637,84.57537089033022,Estimación adecuada
Luquillo,2015-2019,1,78.24158315716944,77.16744276895798,75.98903109858661,78.31858896100776,Estimación adecuada
Luquillo,2015-2019,2,86.16375324393145,85.34024613107314,83.66284218542589,87.3324097754645,Estimación adecuada
Luquillo,2020-2024,1,76.82778593702754,76.60125202898311,75.42437410914722,77.76577208159677,Estimación adecuada
Luquillo,2020-2024,2,84.96686508096819,84.6193554877411,83.11630348199009,86.38128634545394,Estimación adecuada
Manati,1980-1984,1,69.99769254598455,70.28680010316339,69.25163034982654,71.3188750815535,Estimación adecuada
Manati,1980-1984,2,76.91897319341015,76.978880032909,75.91542778435652,77.98200924862365,Estimación adecuada
Manati,1985-1989,1,69.40848405753856,69.89419763534818,68.99483321290413,70.90683233342696,Estimación adecuada
Manati,1985-1989,2,78.1365208528677,77.94214384110913,76.83293967174346,79.22193754699346,Estimación adecuada
Manati,1990-1994,1,69.23507276864738,69.82098580193491,68.85940458789005,70.8312061776437,Estimación adecuada
Manati,1990-1994,2,78.13694859634435,77.9453014547048,77.02311411519877,78.93478172534991,Estimación adecuada
Manati,1995-1999,1,70.56621278613628,70.80028645871079,69.85835528971916,71.70307587898112,Estimación adecuada
Manati,1995-1999,2,78.18010801536123,78.25261834281474,77.30446737982166,79.24326014189333,Estimación adecuada
Manati,2000-2004,1,73.5059956746808,73.28779072006482,72.34049959516908,74.17395071035612,Estimación adecuada
Manati,2000-2004,2,79.921946292628,79.75917862225427,78.93855728709146,80.6606951980584,Estimación adecuada
Manati,2005-2009,1,74.42317304268016,74.45748290396926,73.53120071827844,75.37126390804099,Estimación adecuada
Manati,2005-2009,2,81.69558612867581,81.216599392327,80.28319512462551,82.28870586423061,Estimación adecuada
Manati,2010-2014,1,75.79949582054559,75.70253710988351,74.74664590537756,76.67604914952105,Estimación adecuada
Manati,2010-2014,2,82.46392723255103,82.03077140997836,81.1433870766505,83.02138554874993,Estimación adecuada
Manati,2015-2019,1,76.50082129222024,76.8299638051841,75.83003784295362,77.78074477297814,Estimación adecuada
Manati,2015-2019,2,84.47543845885097,84.14171809156011,83.21535749007785,85.15059468085046,Estimación adecuada
Manati,2020-2024,1,76.6410779362147,76.55765063229481,75.68122035159753,77.50229897066986,Estimación adecuada
Manati,2020-2024,2,84.79279277649533,84.53383530416751,83.44554529633558,85.67979825871832,Estimación adecuada
Maricao,1980-1984,1,68.60202825310121,71.5178332305573,70.12617242405622,73.00979814848327,> e0 observado
Maricao,1980-1984,2,78.09479107390814,78.7909399075975,76.98492712023254,80.93632561686415,Estimación adecuada
Maricao,1985-1989,1,74.96773339223955,73.03473174100364,71.40269614261425,74.8123190502488,< e0 observado
Maricao,1985-1989,2,78.61629942834107,79.48245643845345,77.56049273994313,81.5886794927865,Estimación adecuada
Maricao,1990-1994,1,71.6682444194189,71.68657051289183,70.18512530661934,73.26368951354674,Estimación adecuada
Maricao,1990-1994,2,78.7855059436943,79.75506910338278,77.70857973053293,81.92200399647615,Estimación adecuada
Maricao,1995-1999,1,71.33878340346546,71.92078668540546,70.28613245114065,73.56555632037322,Estimación adecuada
Maricao,1995-1999,2,78.99834861586001,80.20084875402213,78.39048022214612,82.41153276424494,Estimación adecuada
Maricao,2000-2004,1,77.71513177879464,75.28728460540339,73.5320386096156,77.22379440835554,< e0 observado
Maricao,2000-2004,2,80.22542908124815,81.53196682194758,79.4900679108626,83.81328632874522,Estimación adecuada
Maricao,2005-2009,1,77.40367339569201,75.56424153038712,73.96160740566118,77.3793486612359,< e0 observado
Maricao,2005-2009,2,82.65920888615886,82.96943952966134,80.90743787934615,85.53385519078674,Estimación adecuada
Maricao,2010-2014,1,78.78632855189304,77.20740294076529,75.49764604404685,78.98126676519945,Estimación adecuada
Maricao,2010-2014,2,86.34203171038145,85.45445499088687,83.07459432809408,88.58162377598053,Estimación adecuada
Maricao,2015-2019,1,75.94252949549474,77.9967425382464,76.18801589534323,79.82030988632735,> e0 observado
Maricao,2015-2019,2,88.98166952275554,86.99428306469623,84.40803039436057,90.30019405843885,Estimación adecuada
Maricao,2020-2024,1,78.97029384636113,78.25442600474756,76.28338961520761,80.39847155837732,Estimación adecuada
Maricao,2020-2024,2,84.52027651105944,84.1824336697916,82.2940048127715,86.39687206686612,Estimación adecuada
Maunabo,1980-1984,1,71.14680086853208,71.62205200462509,70.3434496395096,73.04306662063102,Estimación adecuada
Maunabo,1980-1984,2,78.1067644645637,78.4660573674865,76.92740623361222,80.07008705267924,Estimación adecuada
Maunabo,1985-1989,1,73.14754634531097,72.23039368528224,70.88480149834581,73.5991739820691,Estimación adecuada
Maunabo,1985-1989,2,80.26716511735238,79.30932392108245,77.7377707146822,81.08392648633341,Estimación adecuada
Maunabo,1990-1994,1,72.41659695481869,72.07395374176494,70.81835931619659,73.4961861152984,Estimación adecuada
Maunabo,1990-1994,2,80.63599878230829,79.99982355861383,78.48288343015719,81.80847559625063,Estimación adecuada
Maunabo,1995-1999,1,71.29560582062038,71.4919995035182,70.1627024078526,72.73985849371184,Estimación adecuada
Maunabo,1995-1999,2,79.21035551708708,79.70051869946485,78.23798703554111,81.55873646364945,Estimación adecuada
Maunabo,2000-2004,1,73.80432839475543,73.87602360957352,72.43171443560453,75.21568576016081,Estimación adecuada
Maunabo,2000-2004,2,81.50289326156216,81.28626253604986,79.80305062374899,83.15305636090751,Estimación adecuada
Maunabo,2005-2009,1,74.64232752557565,74.3230262270806,73.03043898363589,75.66766844239352,Estimación adecuada
Maunabo,2005-2009,2,82.94220641756984,82.88476058045234,81.08859462449622,85.07172967377363,Estimación adecuada
Maunabo,2010-2014,1,74.8339607817344,75.51627333518113,74.12160638463327,76.91617325620544,Estimación adecuada
Maunabo,2010-2014,2,84.96652627183896,84.85058321753135,82.84281567627701,87.59427612565544,Estimación adecuada
Maunabo,2015-2019,1,78.86941488241771,77.69132586031716,76.46555770926068,79.02989089118304,Estimación adecuada
Maunabo,2015-2019,2,85.85027789954904,85.39680352519325,83.56842874488468,87.63236811559639,Estimación adecuada
Maunabo,2020-2024,1,73.9175174535675,76.18534418300743,74.93866202775666,77.56744498898017,> e0 observado
Maunabo,2020-2024,2,82.49945155414667,83.17969928507364,81.83121873726876,84.80979551843778,Estimación adecuada
Mayaguez,1980-1984,1,70.16347210674796,70.31262820236685,69.58832939748257,71.076344698404,Estimación adecuada
Mayaguez,1980-1984,2,77.60512196844877,77.31619071484323,76.6375889452044,77.99515369383457,Estimación adecuada
Mayaguez,1985-1989,1,70.43422694514761,70.50805743186541,69.87223675512422,71.17169814339417,Estimación adecuada
Mayaguez,1985-1989,2,77.94340408933364,77.84016333377001,77.20685948873506,78.42116710646822,Estimación adecuada
Mayaguez,1990-1994,1,70.24642591292358,70.3307786651412,69.68813681619793,70.97824532929721,Estimación adecuada
Mayaguez,1990-1994,2,78.67215935241931,78.42414692945385,77.7655811357742,79.04252935167267,Estimación adecuada
Mayaguez,1995-1999,1,70.79228679899191,70.89203171980037,70.2407951992561,71.51218235595293,Estimación adecuada
Mayaguez,1995-1999,2,79.57023177554109,79.39523935425032,78.71250921893088,80.0795154044201,Estimación adecuada
Mayaguez,2000-2004,1,73.63502357565517,73.5266589794526,72.9140553516039,74.15509080891437,Estimación adecuada
Mayaguez,2000-2004,2,81.32752458798765,81.04376579295297,80.37875650611832,81.81503914869862,Estimación adecuada
Mayaguez,2005-2009,1,73.96494214443702,74.02105761945663,73.33839193090806,74.69915297243752,Estimación adecuada
Mayaguez,2005-2009,2,81.49974889865346,81.32801341775081,80.61089873516065,82.03873002972996,Estimación adecuada
Mayaguez,2010-2014,1,74.96249416874119,74.96795031635193,74.31052742674743,75.61281545336807,Estimación adecuada
Mayaguez,2010-2014,2,82.81805760395481,82.7435352871243,81.96723153407609,83.53079737541267,Estimación adecuada
Mayaguez,2015-2019,1,77.18178911462695,77.31787339098662,76.49109840661005,78.11148980901272,Estimación adecuada
Mayaguez,2015-2019,2,85.03789447163464,84.92798284625341,84.11538483572762,85.78371316225422,Estimación adecuada
Mayaguez,2020-2024,1,76.09571809909919,76.52836700860655,75.73103707363438,77.31895684860639,Estimación adecuada
Mayaguez,2020-2024,2,84.85251261520094,84.85278784139769,83.99053824077764,85.74286841175747,Estimación adecuada
Moca,1980-1984,1,71.47861356859958,72.2621982835424,71.26389610356651,73.40105357376042,Estimación adecuada
Moca,1980-1984,2,77.57729967024724,78.170679165060207,77.05669667131761,79.48643515954706,Estimación adecuada
Moca,1985-1989,1,74.13223338906987,73.4445695985851,72.5385127312246,74.48930973381533,Estimación adecuada
Moca,1985-1989,2,78.76717836323876,78.85543297934757,77.77002822997473,80.03958858927047,Estimación adecuada
Moca,1990-1994,1,74.38613122856178,73.62952374463751,72.60403487637271,74.66170947437044,Estimación adecuada
Moca,1990-1994,2,79.33086248782432,79.23556356844048,78.14719266950577,80.43752321915282,Estimación adecuada
Moca,1995-1999,1,73.93016893221346,73.44121384128417,72.48689017370953,74.37275452849633,Estimación adecuada
Moca,1995-1999,2,79.92298518560595,79.58388056703427,78.58256370811714,80.69312609687523,Estimación adecuada
Moca,2000-2004,1,76.88913106198095,75.96177437428227,74.93840511130331,77.00954424627206,Estimación adecuada
Moca,2000-2004,2,81.20152141336699,81.3941936979882,80.25504253591788,82.76961886649352,Estimación adecuada
Moca,2005-2009,1,78.23027972920578,77.22879438701526,76.31392460052244,78.2893929796906,Estimación adecuada
Moca,2005-2009,2,81.64729368972594,81.85283532353179,80.77927452293058,83.00771737576738,Estimación adecuada
Moca,2010-2014,1,78.39894219071823,77.92571706532738,76.8950828715284,79.02217843357849,Estimación adecuada
Moca,2010-2014,2,82.3431083414248,82.57479521831911,81.61820938855874,83.66841174024601,Estimación adecuada
Moca,2015-2019,1,78.86942315370179,78.56271383144806,77.62028097444714,79.52099349485457,Estimación adecuada
Moca,2015-2019,2,85.12050775808935,85.15403415556895,83.93736776836923,86.51879035106448,Estimación adecuada
Moca,2020-2024,1,79.5196148813842,79.1773153299956,78.18072264899662,80.22892545923368,Estimación adecuada
Moca,2020-2024,2,84.83463123511952,84.9890285524719,83.99244924388333,86.07914865484759,Estimación adecuada
Morovis,1980-1984,1,72.75449760171898,72.69043860010714,71.37943660245519,74.00948813252529,Estimación adecuada
Morovis,1980-1984,2,79.58978615306602,79.47365017103397,78.12429063033225,81.10427651165618,Estimación adecuada
Morovis,1985-1989,1,73.00155031190296,72.81459958664891,71.71643133550522,74.01867817581915,Estimación adecuada
Morovis,1985-1989,2,79.18909920848033,79.098899095721407,77.88481896842664,80.42891311034606,Estimación adecuada
Morovis,1990-1994,1,74.7129408866261,73.58172912176637,72.3813588085156,74.76450941950584,Estimación adecuada
Morovis,1990-1994,2,79.13950712220092,79.36383612658145,78.10638386651803,80.66268008903604,Estimación adecuada
Morovis,1995-1999,1,72.82153464768288,72.7072079470004,71.66329930259137,73.76322258905603,Estimación adecuada
Morovis,1995-1999,2,80.70735984476201,80.64744606132949,79.26034473353928,82.12704116883127,Estimación adecuada
Morovis,2000-2004,1,74.10293235770516,74.56471728523417,73.43321803629317,75.7014435979595,Estimación adecuada
Morovis,2000-2004,2,82.09073872809745,81.9762887547796,80.69016089481698,83.65377200160403,Estimación adecuada
Morovis,2005-2009,1,76.91529332323657,76.18553475760146,75.10799113009416,77.30738741456676,Estimación adecuada
Morovis,2005-2009,2,83.05104709140619,82.72734669851462,81.41461634765608,84.23667038315591,Estimación adecuada
Morovis,2010-2014,1,77.08123150152963,77.28759102280245,76.18116023000961,78.40356855214482,Estimación adecuada
Morovis,2010-2014,2,83.34182688922566,83.21023729648977,82.0114979608347,84.56079958218325,Estimación adecuada
Morovis,2015-2019,1,78.96515859481998,78.40189026382812,77.37892006217871,79.51527146381312,Estimación adecuada
Morovis,2015-2019,2,87.15880943526801,86.224905924192,84.78283487026168,87.81436070566524,Estimación adecuada
Morovis,2020-2024,1,78.2458123408178,78.57022777278627,77.44199628871951,79.7171552915717,Estimación adecuada
Morovis,2020-2024,2,84.91369846953171,85.60648129200797,84.27028675628459,87.1320229289348,Estimación adecuada
Naguabo,1980-1984,1,71.84412346105836,71.60593406956508,70.36550422911405,72.78419693189181,Estimación adecuada
Naguabo,1980-1984,2,76.70981740677908,76.76939855647353,75.53363450300675,78.11904605057838,Estimación adecuada
Naguabo,1985-1989,1,70.3877807756849,70.53642685771598,69.35009284470361,71.6451470942667,Estimación adecuada
Naguabo,1985-1989,2,77.29975247108982,77.24553716988999,76.0533784029982,78.38329331104026,Estimación adecuada
Naguabo,1990-1994,1,69.935755323165,70.02789263919335,68.92464609558053,71.15387597315635,Estimación adecuada
Naguabo,1990-1994,2,77.27690861530172,77.78430462417742,76.65745157995477,79.00140924325933,Estimación adecuada
Naguabo,1995-1999,1,69.72322516574484,70.21906846118948,69.12942777126861,71.28655698825922,Estimación adecuada
Naguabo,1995-1999,2,76.82881627212045,77.27372249454348,76.25328113593389,78.34053041695566,Estimación adecuada
Naguabo,2000-2004,1,72.06654411146116,72.29316580443918,71.14256240450207,73.37801134462714,Estimación adecuada
Naguabo,2000-2004,2,79.7628328934226,80.03716844491355,78.75383945944243,81.39137207715275,Estimación adecuada
Naguabo,2005-2009,1,73.77862572143668,73.84239980076377,72.6829379340654,74.9178844896862,Estimación adecuada
Naguabo,2005-2009,2,80.62404690696854,80.83935893086266,79.57901478614163,82.15815395707989,Estimación adecuada
Naguabo,2010-2014,1,75.11164062971052,75.03077257169052,73.84386724995032,76.15165337511854,Estimación adecuada
Naguabo,2010-2014,2,82.93958682980916,82.40810380275431,81.17117773823622,83.90340007804664,Estimación adecuada
Naguabo,2015-2019,1,76.26882750450046,76.18188666210929,75.01864646211511,77.36958636509995,Estimación adecuada
Naguabo,2015-2019,2,84.83022686610576,84.28453741700407,82.88071956390233,85.90188466171331,Estimación adecuada
Naguabo,2020-2024,1,77.23171232523964,76.83142884084948,75.65006170438659,77.88479115332814,Estimación adecuada
Naguabo,2020-2024,2,83.84568426869097,83.74540195974811,82.51558390904131,85.21232745745263,Estimación adecuada
Naranjito,1980-1984,1,74.98820136337291,74.17593258174904,72.91877259726014,75.63457644973619,Estimación adecuada
Naranjito,1980-1984,2,82.09597951709326,80.56422770587403,79.19223791512154,82.10311347079036,Estimación adecuada
Naranjito,1985-1989,1,74.14321504502335,73.4066511586984,72.29570297646136,74.4365256014704,Estimación adecuada
Naranjito,1985-1989,2,81.17666750110004,80.49323040774189,79.0788155499944,82.10880890826317,Estimación adecuada
Naranjito,1990-1994,1,72.65469281143538,72.72631513522263,71.63444908037542,73.73819973486835,Estimación adecuada
Naranjito,1990-1994,2,80.53672985190586,80.55838618967564,79.27121936726455,82.199793361883,Estimación adecuada
Naranjito,1995-1999,1,71.78384170584214,72.12674889539306,71.13164379376927,73.04712790021796,Estimación adecuada
Naranjito,1995-1999,2,81.60503745588989,81.01980254136531,79.77159525431615,82.56227360016692,Estimación adecuada
Naranjito,2000-2004,1,75.02066724722975,74.94040853589641,73.87517587243298,76.09273258220175,Estimación adecuada
Naranjito,2000-2004,2,82.02786957174214,81.90251549072113,80.69670622638006,83.31557634942862,Estimación adecuada
Naranjito,2005-2009,1,75.97305227428454,76.12894696124678,75.03047626429925,77.32312110618597,Estimación adecuada
Naranjito,2005-2009,2,81.50399850212823,81.96146489419559,80.8166089511729,83.1307593420124,Estimación adecuada
Naranjito,2010-2014,1,78.20596950921357,77.58271695684607,76.54397176911024,78.69518645699223,Estimación adecuada
Naranjito,2010-2014,2,82.65441935713193,83.53600146783155,82.23859961057774,84.95938706031728,Estimación adecuada
Naranjito,2015-2019,1,79.79942567224485,79.62505482077624,78.41198333268157,80.96830637749761,Estimación adecuada
Naranjito,2015-2019,2,86.72388771081324,86.68590787063283,85.0564906668575,88.57422546771622,Estimación adecuada
Naranjito,2020-2024,1,76.58250173203984,77.4825473200892,76.42040412852025,78.64278042155908,Estimación adecuada
Naranjito,2020-2024,2,85.5864530860636,85.18280528690322,84.0267152308608,86.49952873376782,Estimación adecuada
Orocovis,1980-1984,1,73.68697408485414,73.39417576319848,72.14618752849277,74.84903467682119,Estimación adecuada
Orocovis,1980-1984,2,79.52890987399995,79.29270516756395,77.8771514858168,80.95027975182872,Estimación adecuada
Orocovis,1985-1989,1,72.86313442913975,72.64239274714033,71.52138432549151,73.9074278724231,Estimación adecuada
Orocovis,1985-1989,2,83.00284611084997,81.13337907566886,79.54740480636711,83.0416557079071,Estimación adecuada
Orocovis,1990-1994,1,70.6546043654978,71.4397392222545,70.24102334053116,72.59774909065443,Estimación adecuada
Orocovis,1990-1994,2,80.6362204849656,80.31267754636704,78.85499524346362,81.84105366289502,Estimación adecuada
Orocovis,1995-1999,1,73.67698769121861,73.20439946870404,72.05138427308933,74.37192502220641,Estimación adecuada
Orocovis,1995-1999,2,79.89715435282756,80.02094163459319,78.59847790051519,81.45831550607929,Estimación adecuada
Orocovis,2000-2004,1,74.30531059061678,74.34976035245799,73.13977812492303,75.52621224892317,Estimación adecuada
Orocovis,2000-2004,2,82.7682053865501,82.35513640747212,80.8500761981425,84.16043830128093,Estimación adecuada
Orocovis,2005-2009,1,75.65599075985115,75.62862524823075,74.47073352220032,76.75441118449358,Estimación adecuada
Orocovis,2005-2009,2,81.23465089468093,81.57778378828783,80.33670507746632,83.01864269784674,Estimación adecuada
Orocovis,2010-2014,1,78.72609688729915,77.71289229341221,76.43885953061033,78.97288994572617,Estimación adecuada
Orocovis,2010-2014,2,83.46032948812693,83.36808299439107,81.99207214890434,84.9709172163061,Estimación adecuada
Orocovis,2015-2019,1,78.31348130255999,78.15072671060864,76.91773761364269,79.4723394871991,Estimación adecuada
Orocovis,2015-2019,2,84.96910673692187,85.25589434272798,83.80683340019755,87.0093989150176,Estimación adecuada
Orocovis,2020-2024,1,77.80883766643083,78.54823924830448,77.11913647846693,80.04103266738302,Estimación adecuada
Orocovis,2020-2024,2,84.81893104480201,84.83972321232903,83.48700875966132,86.31143402658225,Estimación adecuada
Patillas,1980-1984,1,71.2919207839744,71.76904443370978,70.43185844836187,72.97003439449084,Estimación adecuada
Patillas,1980-1984,2,77.55331848134108,77.67483890330485,76.39874013072983,79.12426101406517,Estimación adecuada
Patillas,1985-1989,1,71.37552114824256,70.92487344789208,69.82377994503724,72.00204109596653,Estimación adecuada
Patillas,1985-1989,2,79.24042850774778,78.61399545414707,77.3255323907264,79.92412763811267,Estimación adecuada
Patillas,1990-1994,1,72.50760666915836,71.59803249027084,70.41110379605882,72.81109274214514,Estimación adecuada
Patillas,1990-1994,2,78.396020908419,78.3797319663197,77.13533630000659,79.75813248029361,Estimación adecuada
Patillas,1995-1999,1,71.16809015939647,71.31026926473427,70.08222811109135,72.60010031769843,Estimación adecuada
Patillas,1995-1999,2,78.52476688729733,78.3036345150957,77.18293445888386,79.53521123037804,Estimación adecuada
Patillas,2000-2004,1,73.84030571885792,73.63003987779442,72.51119611006555,74.74938324854102,Estimación adecuada
Patillas,2000-2004,2,80.28524555250978,80.6672712720461,79.28443454376337,82.1501986532649,Estimación adecuada
Patillas,2005-2009,1,74.71797456893655,74.45375576076691,73.27201470942263,75.7761378168724,Estimación adecuada
Patillas,2005-2009,2,82.37229150118687,81.64619169723741,80.31237227635852,83.02604724411088,Estimación adecuada
Patillas,2010-2014,1,75.64302541877272,76.01201933746725,74.74787966072722,77.28865465789237,Estimación adecuada
Patillas,2010-2014,2,82.97344642216791,83.10967269991201,81.70223101967565,84.70479484335051,Estimación adecuada
Patillas,2015-2019,1,77.44243369136635,77.28997883936997,76.0547953816502,78.58110716229405,Estimación adecuada
Patillas,2015-2019,2,85.62464985032581,85.5171900311676,84.03682081206615,87.49074474353304,Estimación adecuada
Patillas,2020-2024,1,75.4428131511174,76.47734426649156,75.35400334688322,77.51669246324128,Estimación adecuada
Patillas,2020-2024,2,83.73266646624228,85.44037404313707,84.04195171744874,87.5221033778633,> e0 observado
Penuelas,1980-1984,1,72.35786944424055,71.61213669485505,70.43432884519676,72.89069989165463,Estimación adecuada
Penuelas,1980-1984,2,77.42169553222374,77.55380652231815,76.33834907323882,78.9821113913333,Estimación adecuada
Penuelas,1985-1989,1,72.76539154925341,71.89009618680507,70.63368283050573,73.04614308432882,Estimación adecuada
Penuelas,1985-1989,2,78.26925344407194,78.09841871000708,76.76367896908162,79.47029248873487,Estimación adecuada
Penuelas,1990-1994,1,71.6518283419231,71.17441259411873,70.0315807428551,72.26151704905409,Estimación adecuada
Penuelas,1990-1994,2,78.09730287289996,78.17250478834444,76.92559805918653,79.49689768314,Estimación adecuada
Penuelas,1995-1999,1,72.51086800891099,71.8868332602585,70.77522794772392,73.03353266537279,Estimación adecuada
Penuelas,1995-1999,2,77.85186468595465,78.47998360130833,77.20731793618027,79.90861088400504,Estimación adecuada
Penuelas,2000-2004,1,73.06979986248778,73.02391371700045,72.00546107890699,74.03318962053709,Estimación adecuada
Penuelas,2000-2004,2,80.74681115313095,80.70718667167591,79.27534770436591,82.35736236082091,Estimación adecuada
Penuelas,2005-2009,1,74.32588415517951,74.32958824450591,73.1745389567503,75.39830737835392,Estimación adecuada
Penuelas,2005-2009,2,83.85447484865448,82.8524469478231,81.16272151698315,84.85663119822121,Estimación adecuada
Penuelas,2010-2014,1,77.2161868060379,76.8114321132343,75.4753123654611,78.12479673595612,Estimación adecuada
Penuelas,2010-2014,2,82.37054992803498,82.35520702719188,81.07182653357444,83.86082139515838,Estimación adecuada
Penuelas,2015-2019,1,76.94988280019332,76.84841554354605,75.76841784457068,78.02391659080348,Estimación adecuada
Penuelas,2015-2019,2,83.52991574696982,83.4856231644441,82.16472435006257,85.16300180790225,Estimación adecuada
Penuelas,2020-2024,1,78.19759662594926,77.5032067074026,76.35958667127724,78.79020094701033,Estimación adecuada
Penuelas,2020-2024,2,83.13779961346445,83.35945517283783,82.23722176206562,84.8424069084761,Estimación adecuada
Ponce,1980-1984,1,70.95163851465587,70.79709459957698,70.31756630178691,71.28298042528264,Estimación adecuada
Ponce,1980-1984,2,77.90393491985162,77.57525931819576,77.02280603249662,78.12478562130083,Estimación adecuada
Ponce,1985-1989,1,68.92037207804252,69.11121377555719,68.62332370001405,69.62985841301791,Estimación adecuada
Ponce,1985-1989,2,77.3120135977883,77.25296543339718,76.7551719847458,77.75024976264348,Estimación adecuada
Ponce,1990-1994,1,68.07009878068561,68.33756058138172,67.84183418528205,68.87344401705006,Estimación adecuada
Ponce,1990-1994,2,77.70322992022791,77.75401191636546,77.20896559728412,78.22649290593759,Estimación adecuada
Ponce,1995-1999,1,68.8945019576824,69.12199478210076,68.62060282963289,69.62824305230016,Estimación adecuada
Ponce,1995-1999,2,78.64616620265484,78.55562038044516,78.03653133502739,79.08270457724268,Estimación adecuada
Ponce,2000-2004,1,71.88287158339286,71.98173572530956,71.44191277704113,72.46245342711136,Estimación adecuada
Ponce,2000-2004,2,80.17053819569585,79.95090323516405,79.44637544060886,80.47599069609478,Estimación adecuada
Ponce,2005-2009,1,72.59239776230434,72.78038319683799,72.25537756539974,73.3091653614459,Estimación adecuada
Ponce,2005-2009,2,81.60505937401689,81.41391621458934,80.92352373175736,81.96307972416226,Estimación adecuada
Ponce,2010-2014,1,74.90584213235752,74.90428403419261,74.35488572452887,75.44659565931862,Estimación adecuada
Ponce,2010-2014,2,81.84526785237593,81.79821006167606,81.22046393443426,82.41148923997662,Estimación adecuada
Ponce,2015-2019,1,75.94818443525777,76.1383829762344,75.55147978007206,76.73779768024319,Estimación adecuada
Ponce,2015-2019,2,84.573600741168,84.47791497685887,83.74766718380975,85.19079852165021,Estimación adecuada
Ponce,2020-2024,1,76.11579149445392,76.14500979403634,75.46222360241806,76.77586738671323,Estimación adecuada
Ponce,2020-2024,2,84.14984563358192,83.84969797821397,83.21283875441213,84.5314486744871,Estimación adecuada
Quebradillas,1980-1984,1,71.5804748432608,71.50766839967147,70.36823665972767,72.66795488230326,Estimación adecuada
Quebradillas,1980-1984,2,79.23938165137665,78.54821578872391,77.03010147793321,80.28569927334496,Estimación adecuada
Quebradillas,1985-1989,1,70.63546474047975,70.93145075126355,69.75790874086586,72.12617002449274,Estimación adecuada
Quebradillas,1985-1989,2,77.80764334555457,77.56439215504787,76.42956899123388,78.82172099925516,Estimación adecuada
Quebradillas,1990-1994,1,72.04068810225141,71.6438152861036,70.4641790538034,72.80314745386364,Estimación adecuada
Quebradillas,1990-1994,2,79.32174470623532,78.62033539680527,77.39230437404007,79.90938641718381,Estimación adecuada
Quebradillas,1995-1999,1,72.62949799850028,71.72255775311213,70.71002341283337,72.76174785990122,Estimación adecuada
Quebradillas,1995-1999,2,78.8521877504248,78.72264151968125,77.53229566396043,80.01573404618992,Estimación adecuada
Quebradillas,2000-2004,1,73.75120320482118,73.36941667788896,72.31971737793977,74.41827198494215,Estimación adecuada
Quebradillas,2000-2004,2,79.64696913052158,79.81240808192214,78.64998149458484,80.92110931682427,Estimación adecuada
Quebradillas,2005-2009,1,76.4702021217705,75.16559281189694,74.07824363596517,76.42265137890338,< e0 observado
Quebradillas,2005-2009,2,82.57479226170334,82.33276118463354,80.95122467853618,83.93272852569675,Estimación adecuada
Quebradillas,2010-2014,1,76.84416482352528,76.37347568794775,75.33488517576129,77.48267284465244,Estimación adecuada
Quebradillas,2010-2014,2,83.16432092953069,82.97493019231663,81.65840868919314,84.36470808710949,Estimación adecuada
Quebradillas,2015-2019,1,77.52581972834565,77.1941390559644,76.11983333059976,78.25881895760698,Estimación adecuada
Quebradillas,2015-2019,2,83.89036641680575,83.59539207029333,82.35641066082245,84.87796480614416,Estimación adecuada
Quebradillas,2020-2024,1,78.45741764289136,77.55170515621575,76.51699352499543,78.74118147357596,Estimación adecuada
Quebradillas,2020-2024,2,84.02514632890372,83.97031555421913,82.78548739512526,85.39958369228388,Estimación adecuada
Rincon,1980-1984,1,71.31036542846637,72.49691708580704,71.06265896684849,74.04572962113156,Estimación adecuada
Rincon,1980-1984,2,78.23121876259758,78.56909490233178,77.14867156839951,80.14817638253565,Estimación adecuada
Rincon,1985-1989,1,72.68195818723761,72.5061164280012,71.3053081547364,73.79415927487923,Estimación adecuada
Rincon,1985-1989,2,78.13112109379762,78.8072275342164,77.49215974241463,80.26711927729036,Estimación adecuada
Rincon,1990-1994,1,74.46482669947628,73.12605438545265,71.7811493810927,74.49968962440036,Estimación adecuada
Rincon,1990-1994,2,79.71875830965256,79.36697572756319,78.08588856421629,80.8864797523986,Estimación adecuada
Rincon,1995-1999,1,71.81900034746621,71.7572241596492,70.65607520243468,72.93847693510556,Estimación adecuada
Rincon,1995-1999,2,80.4078903895804,80.2518656897144,78.90672078006507,81.91768522632955,Estimación adecuada
Rincon,2000-2004,1,75.07948363707656,74.7440040120066,73.58398147186627,76.02591565771297,Estimación adecuada
Rincon,2000-2004,2,82.97798833076854,82.238764347375,80.92346897203625,83.93180397880093,Estimación adecuada
Rincon,2005-2009,1,76.37954961336744,75.7282041348487,74.50225638858203,76.99187803477014,Estimación adecuada
Rincon,2005-2009,2,80.35621164685101,81.29961063548976,80.05802088274235,82.67768377661675,Estimación adecuada
Rincon,2010-2014,1,79.61051534555456,77.82863973945814,76.61646404909148,79.1636262765962,< e0 observado
Rincon,2010-2014,2,83.80210551828287,83.96706884090204,82.43491689666001,85.67888292813856,Estimación adecuada
Rincon,2015-2019,1,79.17285737161941,78.96584851595127,77.63385289238894,80.35450377268934,Estimación adecuada
Rincon,2015-2019,2,86.30943741112463,86.21086006632653,84.57607523900617,88.15475707000401,Estimación adecuada
Rincon,2020-2024,1,79.87445814115418,79.60698080510014,78.22128531689646,81.12113345003812,Estimación adecuada
Rincon,2020-2024,2,86.12132225159803,85.67746487348788,84.26974535849979,87.55308061507752,Estimación adecuada
Rio Grande,1980-1984,1,71.31055270884488,71.2658840263802,70.30438985470919,72.36230690638129,Estimación adecuada
Rio Grande,1980-1984,2,77.8338345029928,77.63799904500978,76.5082325530983,78.81787009541883,Estimación adecuada
Rio Grande,1985-1989,1,72.55792010168767,71.88791221891262,70.83991141772267,72.8941125703524,Estimación adecuada
Rio Grande,1985-1989,2,78.55898208748316,78.33441027133105,77.33783430007273,79.6343620325877,Estimación adecuada
Rio Grande,1990-1994,1,69.8066408540921,70.23218928961415,69.3199230320567,71.12598972672544,Estimación adecuada
Rio Grande,1990-1994,2,79.04176505901863,78.97725220044379,77.89466889335218,80.03730264826787,Estimación adecuada
Rio Grande,1995-1999,1,69.24216716509197,69.94084574954496,69.06915644483499,70.8606436335113,Estimación adecuada
Rio Grande,1995-1999,2,78.57122528721384,78.58111759269445,77.59643625198655,79.53084082315355,Estimación adecuada
Rio Grande,2000-2004,1,73.5987446256221,73.54213623665987,72.66285863010474,74.45114780338727,Estimación adecuada
Rio Grande,2000-2004,2,80.92764017417292,80.8056404989895,79.8196558983736,81.9334443074945,Estimación adecuada
Rio Grande,2005-2009,1,74.74267006153134,74.91206540234367,73.95031306084176,75.92851156635248,Estimación adecuada
Rio Grande,2005-2009,2,82.25371975622028,81.88108803162407,80.87394398875287,82.84700571794995,Estimación adecuada
Rio Grande,2010-2014,1,75.62464241200296,75.75557563876248,74.78284432413183,76.66560012955792,Estimación adecuada
Rio Grande,2010-2014,2,81.93516108938404,81.96098489703064,81.12718295779,82.91197791807859,Estimación adecuada
Rio Grande,2015-2019,1,77.32038501383934,77.4203253690549,76.45221654137549,78.41279030006773,Estimación adecuada
Rio Grande,2015-2019,2,84.73128165771396,84.36506085622511,83.32295892179182,85.35140327673035,Estimación adecuada
Rio Grande,2020-2024,1,76.09079051682853,76.57441683814642,75.70210970350179,77.60667484357874,Estimación adecuada
Rio Grande,2020-2024,2,84.92626206233898,85.21562991236542,84.07149897854752,86.52281618966806,Estimación adecuada
Sabana Grande,1980-1984,1,72.94260252849719,71.94169001292553,70.79986933421989,73.07488632060738,Estimación adecuada
Sabana Grande,1980-1984,2,76.79030160326006,77.23466340044183,76.0542411808904,78.45616157090824,Estimación adecuada
Sabana Grande,1985-1989,1,72.60670516660508,72.0242787632421,70.97785888629254,73.18279907432206,Estimación adecuada
Sabana Grande,1985-1989,2,79.46020484114078,78.81684946048776,77.65212652703796,80.04581989120102,Estimación adecuada
Sabana Grande,1990-1994,1,71.96878186562466,71.51595448214984,70.3965594045193,72.62115069068562,Estimación adecuada
Sabana Grande,1990-1994,2,77.52973712888554,77.67604660818895,76.68996237449714,78.69973118798515,Estimación adecuada
Sabana Grande,1995-1999,1,72.42496764545729,71.81090150525637,70.79991678550434,72.81641986292755,Estimación adecuada
Sabana Grande,1995-1999,2,77.8549110688198,77.7942225340793,76.79424712740504,78.79322769848329,Estimación adecuada
Sabana Grande,2000-2004,1,75.19081545433245,74.30973941042276,73.25394030093523,75.39684030895575,Estimación adecuada
Sabana Grande,2000-2004,2,80.10304388750191,80.50879788126733,79.35006395817038,81.76857709041961,Estimación adecuada
Sabana Grande,2005-2009,1,75.77699216646894,74.89524371934525,73.75265235375376,76.08897868176852,Estimación adecuada
Sabana Grande,2005-2009,2,80.72892003066303,81.16674120188344,79.92501776507024,82.58456461344107,Estimación adecuada
Sabana Grande,2010-2014,1,75.70526772953107,75.85179378514559,74.77001600532249,76.92972375656338,Estimación adecuada
Sabana Grande,2010-2014,2,83.3057418970242,82.96822345210572,81.74918006310683,84.29580683300995,Estimación adecuada
Sabana Grande,2015-2019,1,77.43470484017462,76.94856051726124,75.80787041282986,78.05480930960664,Estimación adecuada
Sabana Grande,2015-2019,2,83.12156944238525,83.11941035514894,82.07126887438498,84.32479042248451,Estimación adecuada
Sabana Grande,2020-2024,1,77.44105015726227,77.43418492124786,76.31445793808993,78.64443662209999,Estimación adecuada
Sabana Grande,2020-2024,2,83.44790990052292,84.52768634813204,83.26714360193431,85.78533544185817,Estimación adecuada
Salinas,1980-1984,1,69.34771587119822,69.78671487169862,68.86691304096117,70.86855940742613,Estimación adecuada
Salinas,1980-1984,2,77.00356882697933,77.0396709659084,75.90553454165742,78.30226246392492,Estimación adecuada
Salinas,1985-1989,1,67.8768913469486,68.97054680373708,67.96166923065319,70.04095794265805,> e0 observado
Salinas,1985-1989,2,76.51927305162637,76.79999932145151,75.70388221245716,77.89776518380431,Estimación adecuada
Salinas,1990-1994,1,69.60135801885075,70.03943557915323,68.93494011690738,71.1435970039785,Estimación adecuada
Salinas,1990-1994,2,77.16626361655916,77.65341924629536,76.52558596083666,78.82335180017382,Estimación adecuada
Salinas,1995-1999,1,69.29023548543516,69.59222787736866,68.61604723732977,70.61872824993131,Estimación adecuada
Salinas,1995-1999,2,79.22383445714814,78.804850754318025,77.61852386229377,80.00908820654918,Estimación adecuada
Salinas,2000-2004,1,73.10253328655585,73.02708271565365,72.03879610000543,74.15680954974377,Estimación adecuada
Salinas,2000-2004,2,80.52455994892824,80.20706839048509,79.16627312422536,81.35963552247621,Estimación adecuada
Salinas,2005-2009,1,73.52822440107285,73.60011815212775,72.62859580089535,74.65009120772888,Estimación adecuada
Salinas,2005-2009,2,80.63090066219925,80.82456260456016,79.58006273340503,82.03005252497968,Estimación adecuada
Salinas,2010-2014,1,75.47743944137984,75.49248696959859,74.4400763800029,76.58668875892451,Estimación adecuada
Salinas,2010-2014,2,83.23167940762168,83.22317240900907,81.85397133902565,84.78577662563553,Estimación adecuada
Salinas,2015-2019,1,77.96635541138743,77.62913415427545,76.48648025981872,78.87234148694952,Estimación adecuada
Salinas,2015-2019,2,85.02610562554052,84.74000233959123,83.45519684538377,86.20512520583975,Estimación adecuada
Salinas,2020-2024,1,77.2752335181164,77.0776164800202,76.02436812177129,78.19140901904257,Estimación adecuada
Salinas,2020-2024,2,85.43601257393142,84.98809014514015,83.68943665194249,86.53472547296971,Estimación adecuada
San German,1980-1984,1,72.17155637189039,72.03656589581283,71.04403519263984,72.9938218045784,Estimación adecuada
San German,1980-1984,2,77.0812843420632,77.43817967659467,76.43496174217155,78.55287487469127,Estimación adecuada
San German,1985-1989,1,73.24578912339052,72.65201730602301,71.75522903361161,73.59010772357664,Estimación adecuada
San German,1985-1989,2,78.281715742411,78.11607052884995,77.11154315167506,79.04641574738673,Estimación adecuada
San German,1990-1994,1,72.47312065094486,72.05433859595153,71.15071841654795,72.92768490744666,Estimación adecuada
San German,1990-1994,2,78.88901019804139,79.07253887086496,78.02738496730511,80.04195104547114,Estimación adecuada
San German,1995-1999,1,74.17482678706043,73.48323953169161,72.53562358299136,74.4161859848937,Estimación adecuada
San German,1995-1999,2,78.52895052757144,78.90111481589213,77.8920305591521,80.0129065110713,Estimación adecuada
San German,2000-2004,1,75.40040785434385,74.76222417075249,73.75878664278193,75.73708737152059,Estimación adecuada
San German,2000-2004,2,81.07042973561371,81.07561688727253,80.00036330945811,82.2573695340309,Estimación adecuada
San German,2005-2009,1,75.89227383722931,75.44216283994038,74.441414847525,76.39774702253432,Estimación adecuada
San German,2005-2009,2,81.35724022521588,81.66121058833443,80.65173315259493,82.84373697801891,Estimación adecuada
San German,2010-2014,1,77.09595528241658,76.37851362613573,75.4532845097057,77.24581287281644,Estimación adecuada
San German,2010-2014,2,81.95497572147197,82.4930933123864,81.42252589205435,83.72860127312404,Estimación adecuada
San German,2015-2019,1,79.14792857398798,78.0721943275627,77.17318327501363,79.02963373712738,< e0 observado
San German,2015-2019,2,84.0002365484052,84.3004095590971,83.21453368211019,85.43825338292261,Estimación adecuada
San German,2020-2024,1,78.13234571523579,77.58230966439811,76.60654168176427,78.54994875807985,Estimación adecuada
San German,2020-2024,2,83.15333884969452,83.78082175259647,82.81451927089402,84.84462178290946,Estimación adecuada
San Juan,1980-1984,1,68.53296805880613,68.65526950386734,68.31009574932241,68.99269672691125,Estimación adecuada
San Juan,1980-1984,2,78.41781325030587,78.28953438223027,77.92498394908374,78.61544501237874,Estimación adecuada
San Juan,1985-1989,1,67.17212517316179,67.3318632479409,66.99192178279144,67.6998741242388,Estimación adecuada
San Juan,1985-1989,2,78.70934229140379,78.64635280490964,78.29565341862532,78.97483658442405,Estimación adecuada
San Juan,1990-1994,1,64.70940097035052,64.95846404644607,64.59227950926682,65.32493338303168,Estimación adecuada
San Juan,1990-1994,2,78.53794951508831,78.59828729683639,78.259495520195,78.93737021522195,Estimación adecuada
San Juan,1995-1999,1,67.09892384379134,67.28928958921908,66.93233435556188,67.61828997124094,Estimación adecuada
San Juan,1995-1999,2,79.54091321860172,79.54954905399944,79.19925484890379,79.92385108833761,Estimación adecuada
San Juan,2000-2004,1,71.1882392973574,71.24722780671425,70.92454635616232,71.65649800851205,Estimación adecuada
San Juan,2000-2004,2,81.92921875527303,81.79806184943249,81.42414561722615,82.1728235316533,Estimación adecuada
San Juan,2005-2009,1,72.69964876784017,72.73734164762891,72.37119313644749,73.14044531362666,Estimación adecuada
San Juan,2005-2009,2,82.46547999538443,82.4119187444388,82.03090828281204,82.82246101794193,Estimación adecuada
San Juan,2010-2014,1,74.44529350870087,74.53972308761598,74.12972004129088,74.91504962770114,Estimación adecuada
San Juan,2010-2014,2,84.20463369793843,84.03978659117297,83.59805086483215,84.46341737704206,Estimación adecuada
San Juan,2015-2019,1,75.79825935426356,75.87223709723389,75.44219647471782,76.32390998884624,Estimación adecuada
San Juan,2015-2019,2,85.20819741649419,85.10793735187873,84.67918982387873,85.55191184500462,Estimación adecuada
San Juan,2020-2024,1,75.09617765928651,75.21393371032434,74.78927317463231,75.65728391832344,Estimación adecuada
San Juan,2020-2024,2,85.57777113429813,85.38943693064591,84.90643105641888,85.87036186489041,Estimación adecuada
San Lorenzo,1980-1984,1,72.4269330696064,72.37238195379281,71.20544383191624,73.52161129497362,Estimación adecuada
San Lorenzo,1980-1984,2,78.47103642037956,78.3946681331296,77.33680532129233,79.80312299848457,Estimación adecuada
San Lorenzo,1985-1989,1,70.33185072656097,70.96741777668304,69.88074672672582,71.930713725489,Estimación adecuada
San Lorenzo,1985-1989,2,79.4038927542163,78.78458810635377,77.73243478174467,79.91213728601514,Estimación adecuada
San Lorenzo,1990-1994,1,70.49063585980458,70.7079000496243,69.74553163036855,71.64390297959541,Estimación adecuada
San Lorenzo,1990-1994,2,79.42906403274269,79.08486195210205,77.96280349854146,80.27254103955698,Estimación adecuada
San Lorenzo,1995-1999,1,72.39291160482962,72.18041130094366,71.21147972137697,73.24419031249154,Estimación adecuada
San Lorenzo,1995-1999,2,78.56261721700943,78.56027836426628,77.63244719452774,79.5858450022559,Estimación adecuada
San Lorenzo,2000-2004,1,73.59466919977362,73.6806692982475,72.73562913665958,74.72111292989403,Estimación adecuada
San Lorenzo,2000-2004,2,81.14875504017051,81.01404760445767,79.87224221917259,82.16877730081154,Estimación adecuada
San Lorenzo,2005-2009,1,75.07421835227707,74.9763638021694,74.01777243069705,76.01236118532375,Estimación adecuada
San Lorenzo,2005-2009,2,82.06471302858854,81.73748228748124,80.70825900445666,82.8336920072743,Estimación adecuada
San Lorenzo,2010-2014,1,76.50254306599682,76.626960949882,75.49927549940615,77.7005960318405,Estimación adecuada
San Lorenzo,2010-2014,2,83.9183271335132,83.32228596479631,82.26120795347691,84.43794384485575,Estimación adecuada
San Lorenzo,2015-2019,1,77.43176974248165,77.99355601092464,76.86445178793404,79.32783743793935,Estimación adecuada
San Lorenzo,2015-2019,2,85.92248006512409,85.43653828071115,84.20443782596031,86.8750167069094,Estimación adecuada
San Lorenzo,2020-2024,1,77.62523479934367,77.77532421500928,76.70076270964398,78.84599314687526,Estimación adecuada
San Lorenzo,2020-2024,2,84.55625634680975,84.33210779679658,83.26905347770327,85.48586328057233,Estimación adecuada
San Sebastian,1980-1984,1,73.33683627750408,72.78560950606905,71.88954356729293,73.74927523030141,Estimación adecuada
San Sebastian,1980-1984,2,77.39216900594447,77.71589111626534,76.63778171442874,78.75262890413404,Estimación adecuada
San Sebastian,1985-1989,1,71.54106439345284,71.77546926526134,70.87574743181945,72.6624405171734,Estimación adecuada
San Sebastian,1985-1989,2,78.32567842249966,78.38547105354365,77.35556963204054,79.37773169655651,Estimación adecuada
San Sebastian,1990-1994,1,72.72006609308197,72.26109451702625,71.40361453671365,73.14338539187173,Estimación adecuada
San Sebastian,1990-1994,2,78.61121244043503,78.73672333479854,77.7953432841769,79.67530055021348,Estimación adecuada
San Sebastian,1995-1999,1,73.29080325081594,72.8507657778502,71.99224785350619,73.65685142194167,Estimación adecuada
San Sebastian,1995-1999,2,79.73176179097116,79.41041622643706,78.48113038702068,80.32752493577793,Estimación adecuada
San Sebastian,2000-2004,1,74.89792147656362,74.51025202586216,73.72469008899253,75.33896525304961,Estimación adecuada
San Sebastian,2000-2004,2,80.32263567678552,80.23045353655397,79.37396238203434,81.12483524073822,Estimación adecuada
San Sebastian,2005-2009,1,76.73740203137386,76.01434267169131,75.12862589121727,76.94774516237528,Estimación adecuada
San Sebastian,2005-2009,2,81.1692904566309,81.07204645494056,80.19574181723823,82.00496624180298,Estimación adecuada
San Sebastian,2010-2014,1,76.69546237928682,76.38086583136275,75.50500100058183,77.24081263692901,Estimación adecuada
San Sebastian,2010-2014,2,83.16134686711862,82.9438623640093,82.00235051008693,83.92360327860447,Estimación adecuada
San Sebastian,2015-2019,1,79.1178099470019,78.48106494805543,77.50048306505671,79.41887520782713,Estimación adecuada
San Sebastian,2015-2019,2,84.22340952689646,84.00825002430976,83.00609077256993,85.02240274585536,Estimación adecuada
San Sebastian,2020-2024,1,78.24142492610734,77.8107246510908,76.9603857335666,78.66498240173266,Estimación adecuada
San Sebastian,2020-2024,2,84.23065748606743,84.26681494213582,83.33463342047199,85.4081499411256,Estimación adecuada
Santa Isabel,1980-1984,1,69.7275677276356,69.37776380648712,68.31627211761769,70.4764203717478,Estimación adecuada
Santa Isabel,1980-1984,2,77.7763438904047,77.15542399351415,75.79978023796855,78.60047216674708,Estimación adecuada
Santa Isabel,1985-1989,1,69.23817247335977,69.58110028543854,68.48041883432096,70.77189581163262,Estimación adecuada
Santa Isabel,1985-1989,2,76.67908928126376,76.63328480527687,75.46733045902988,77.88658764003405,Estimación adecuada
Santa Isabel,1990-1994,1,66.65679986192234,68.1625380381883,66.96728228726992,69.41960412866142,> e0 observado
Santa Isabel,1990-1994,2,76.1627447017844,76.90794454059338,75.72383195255252,78.2743621624554,Estimación adecuada
Santa Isabel,1995-1999,1,68.83610956762453,69.3010651212847,68.18082291512312,70.27648477670496,Estimación adecuada
Santa Isabel,1995-1999,2,77.73152078827611,77.54264986526181,76.33767189358058,78.77773944543918,Estimación adecuada
Santa Isabel,2000-2004,1,69.45419232564782,70.87064684164656,69.71187118918898,72.0458205112057,> e0 observado
Santa Isabel,2000-2004,2,79.11209035669054,79.1895013217137,77.94256483662129,80.46571651504118,Estimación adecuada
Santa Isabel,2005-2009,1,72.31479005793592,72.6175709974122,71.53735459771805,73.73352345658716,Estimación adecuada
Santa Isabel,2005-2009,2,81.59418713189359,81.32679250609503,79.84940114606921,83.04078260487778,Estimación adecuada
Santa Isabel,2010-2014,1,74.62174299181575,75.00871454919698,73.76953054993537,76.33308656363074,Estimación adecuada
Santa Isabel,2010-2014,2,81.81631250475374,81.36374097768805,80.17392155861744,82.61022461994193,Estimación adecuada
Santa Isabel,2015-2019,1,75.10553816345772,75.33122361557665,74.18684223300457,76.53492506011636,Estimación adecuada
Santa Isabel,2015-2019,2,85.04929628842375,83.8231231388126,82.38905656651717,85.37494218781688,Estimación adecuada
Santa Isabel,2020-2024,1,74.53124138847393,75.08278058474883,74.03322602019594,76.09727366525482,Estimación adecuada
Santa Isabel,2020-2024,2,83.31177822878875,83.07614466547591,81.8052032181198,84.50953868799054,Estimación adecuada
Toa Alta,1980-1984,1,74.8830856005072,74.21920414566613,73.02107530054104,75.53793428005112,Estimación adecuada
Toa Alta,1980-1984,2,77.90618677933547,78.76921363493165,77.58877894218965,80.15446534664741,Estimación adecuada
Toa Alta,1985-1989,1,72.95726224514657,72.8772319201486,71.76636029178742,74.06263059116972,Estimación adecuada
Toa Alta,1985-1989,2,81.13925929884047,80.82841539788842,79.43913733062233,82.5198716240453,Estimación adecuada
Toa Alta,1990-1994,1,73.42887184415189,73.3314679877478,72.32274107391534,74.3279797301632,Estimación adecuada
Toa Alta,1990-1994,2,79.53507742661205,79.85153235940467,78.72115217330618,81.1846127902922,Estimación adecuada
Toa Alta,1995-1999,1,73.12825061550112,73.08927954250252,72.16098048017938,74.0199993636976,Estimación adecuada
Toa Alta,1995-1999,2,80.88771225273739,80.70157962251548,79.7285165166665,81.85383661862508,Estimación adecuada
Toa Alta,2000-2004,1,75.20122641401855,75.13244001809159,74.29586227724462,75.9773341348202,Estimación adecuada
Toa Alta,2000-2004,2,81.33505965208538,81.62788033572616,80.6115119327409,82.66860952533013,Estimación adecuada
Toa Alta,2005-2009,1,77.25808536131703,77.11528898623638,76.2498290639282,78.11328223652605,Estimación adecuada
Toa Alta,2005-2009,2,83.45975745150935,83.390780196413,82.35717777873428,84.72030756219525,Estimación adecuada
Toa Alta,2010-2014,1,77.617438844306065,77.71607465775924,76.88770802487842,78.57414617382348,Estimación adecuada
Toa Alta,2010-2014,2,84.59193836320182,84.31212621446687,83.30991401772145,85.44760342203844,Estimación adecuada
Toa Alta,2015-2019,1,79.44012262836311,79.44106633766296,78.46830300941438,80.41913220334624,Estimación adecuada
Toa Alta,2015-2019,2,84.21287299648571,84.39450758452668,83.42163980212689,85.36036504329165,Estimación adecuada
Toa Alta,2020-2024,1,79.32715713141147,79.17590733455799,78.371895026146575,80.14930081221284,Estimación adecuada
Toa Alta,2020-2024,2,85.92609855770323,85.44242306365719,84.42618981915263,86.42869403685101,Estimación adecuada
Toa Baja,1980-1984,1,72.82833976912103,72.48468656176104,71.65120214082737,73.39540910416086,Estimación adecuada
Toa Baja,1980-1984,2,79.03893803233984,78.62310930810492,77.672816906602975,79.73766106332313,Estimación adecuada
Toa Baja,1985-1989,1,71.09171108702432,71.19048833376354,70.45472453671583,71.95569770361202,Estimación adecuada
Toa Baja,1985-1989,2,79.17713173148333,78.93205256990113,78.05895286775227,79.90350919086455,Estimación adecuada
Toa Baja,1990-1994,1,69.55070432606276,70.00541253306685,69.23157610279809,70.69338761008855,Estimación adecuada
Toa Baja,1990-1994,2,78.53439715581091,78.34601868653296,77.63483269809771,79.05701940976736,Estimación adecuada
Toa Baja,1995-1999,1,71.02389397781576,71.22850168634612,70.52319651596417,72.00245865146623,Estimación adecuada
Toa Baja,1995-1999,2,80.35817914633549,79.87205098983995,79.14017316896505,80.68385227810737,Estimación adecuada
Toa Baja,2000-2004,1,73.3130761935651,73.49217133033503,72.73659006420343,74.2477232560403,Estimación adecuada
Toa Baja,2000-2004,2,81.24641875534006,81.01437419045621,80.18893130641794,81.796483809751,Estimación adecuada
Toa Baja,2005-2009,1,73.9336800218148,74.15089482631598,73.42885092519111,74.89535368264178,Estimación adecuada
Toa Baja,2005-2009,2,81.2918522418654,81.21995935952359,80.44088880906128,82.00126218567225,Estimación adecuada
Toa Baja,2010-2014,1,75.63234922554784,75.73576225737693,75.02471827980179,76.51820336323665,Estimación adecuada
Toa Baja,2010-2014,2,83.19276198853512,82.94801252414904,82.15798478698387,83.81581498892348,Estimación adecuada
Toa Baja,2015-2019,1,77.0796431176242,77.19946005967155,76.36047959698091,78.00511476533175,Estimación adecuada
Toa Baja,2015-2019,2,85.28768156374481,85.09513157143662,84.22534131061913,86.07977489834214,Estimación adecuada
Toa Baja,2020-2024,1,76.06866784040614,76.30499473472719,75.5404866572871,77.07339629943867,Estimación adecuada
Toa Baja,2020-2024,2,84.82502560819063,84.77938985062023,83.9274119828389,85.73443032683646,Estimación adecuada
Trujillo Alto,1980-1984,1,73.8807661516517,73.76719376311235,72.74681869444377,74.85811255861258,Estimación adecuada
Trujillo Alto,1980-1984,2,80.45848591811597,80.11390920278615,78.99486115577226,81.32709385860937,Estimación adecuada
Trujillo Alto,1985-1989,1,72.91759611684925,73.0263149508278,72.10466754369719,74.06105131268318,Estimación adecuada
Trujillo Alto,1985-1989,2,81.01563083839561,80.60621539776037,79.54338192736756,81.93397731695238,Estimación adecuada
Trujillo Alto,1990-1994,1,72.6023641348921,72.83114983552187,71.93300046089277,73.80902032019087,Estimación adecuada
Trujillo Alto,1990-1994,2,79.85175886432305,79.86838789906295,78.96979934851878,80.81524728895764,Estimación adecuada
Trujillo Alto,1995-1999,1,72.41162116159781,72.72613401923738,71.94985385040941,73.53410910115014,Estimación adecuada
Trujillo Alto,1995-1999,2,81.19162622930031,80.82897459166873,79.88916395240378,81.79124873719013,Estimación adecuada
Trujillo Alto,2000-2004,1,74.68446388601943,74.88335731483168,74.13034029479984,75.68189638308765,Estimación adecuada
Trujillo Alto,2000-2004,2,83.41194987282269,83.22847580327289,82.21277757369481,84.50535167512132,Estimación adecuada
Trujillo Alto,2005-2009,1,75.81610434260868,75.92692148561258,75.22775923600115,76.78093437048513,Estimación adecuada
Trujillo Alto,2005-2009,2,83.84316698522537,83.53176553916751,82.60814902438563,84.49946377315472,Estimación adecuada
Trujillo Alto,2010-2014,1,77.88979650864401,77.87227010918298,77.0871114997985,78.79444710246867,Estimación adecuada
Trujillo Alto,2010-2014,2,85.28937280458358,84.98342739562193,84.10935764706815,86.02945103643734,Estimación adecuada
Trujillo Alto,2015-2019,1,79.53728233113502,79.51434191178006,78.58262697568178,80.44534412848668,Estimación adecuada
Trujillo Alto,2015-2019,2,86.3543330403018,86.19495470030256,85.15113019103407,87.35134684708346,Estimación adecuada
Trujillo Alto,2020-2024,1,78.39208683519212,78.60729611433834,77.74136458477753,79.52452252198371,Estimación adecuada
Trujillo Alto,2020-2024,2,86.16954614436371,85.79538341739384,84.90997006827077,86.75201144803113,Estimación adecuada
Utuado,1980-1984,1,72.77455758364391,72.79059484300657,71.87132526503876,73.76934383855158,Estimación adecuada
Utuado,1980-1984,2,78.22725510627389,78.23783420211497,77.2584090224154,79.35475695970669,Estimación adecuada
Utuado,1985-1989,1,72.49241351300115,72.38576042952904,71.462435291951,73.31741011748254,Estimación adecuada
Utuado,1985-1989,2,78.55971933281445,78.51138907599167,77.47584971434362,79.46839741782645,Estimación adecuada
Utuado,1990-1994,1,73.58027996114916,72.91722858814408,71.95116665355056,73.87624077862398,Estimación adecuada
Utuado,1990-1994,2,79.15999314000904,78.89258982970972,77.84520712568748,79.7787820280668,Estimación adecuada
Utuado,1995-1999,1,73.56681994998524,72.71169266788496,71.84749633502628,73.63370657448539,Estimación adecuada
Utuado,1995-1999,2,79.75811291705193,79.44313908422467,78.34200663064043,80.46958102348555,Estimación adecuada
Utuado,2000-2004,1,75.66609210920785,74.81124786568776,73.96052219473091,75.67923624793268,Estimación adecuada
Utuado,2000-2004,2,80.85296661933371,81.0288065001593,80.05224071376817,82.24167086994743,Estimación adecuada
Utuado,2005-2009,1,74.96306439444312,74.99784935910907,74.05420751860778,75.89344800634395,Estimación adecuada
Utuado,2005-2009,2,81.95177865789455,82.1818178557402,80.93980239252093,83.46818341218525,Estimación adecuada
Utuado,2010-2014,1,76.45438665507136,75.99891868806918,75.15140666308443,76.86871840882529,Estimación adecuada
Utuado,2010-2014,2,83.96232047500072,83.55617618850269,82.31807289676507,84.89069083385151,Estimación adecuada
Utuado,2015-2019,1,79.0189703608258,78.91867402989493,77.86055278687977,80.19052042614526,Estimación adecuada
Utuado,2015-2019,2,85.5118737413184,85.15774209998851,83.93738516776935,86.4410622276375,Estimación adecuada
Utuado,2020-2024,1,80.22889535833663,79.15396587784227,78.04234835592494,80.27451862651526,Estimación adecuada
Utuado,2020-2024,2,86.24989014279643,85.43653268081846,84.18842913670834,86.89607521227703,Estimación adecuada
Vega Alta,1980-1984,1,73.54933326191107,73.02467307118316,71.89159901612565,74.19423983408801,Estimación adecuada
Vega Alta,1980-1984,2,78.25469326095431,78.57661837774,77.27943247821207,79.96983304616138,Estimación adecuada
Vega Alta,1985-1989,1,72.05535344696615,72.28639213493312,71.21054877365306,73.34048443243566,Estimación adecuada
Vega Alta,1985-1989,2,78.15985935324002,78.33786447610558,77.31748009342448,79.45437646507169,Estimación adecuada
Vega Alta,1990-1994,1,70.24052329679134,70.8273097943893,69.85461329931488,71.75289388233692,Estimación adecuada
Vega Alta,1990-1994,2,79.51462054686016,79.45894051830362,78.34731253480194,80.63994343122418,Estimación adecuada
Vega Alta,1995-1999,1,71.54816531304111,71.83868077691162,70.9062308983911,72.8333304483372,Estimación adecuada
Vega Alta,1995-1999,2,79.34051049480365,79.42931435384425,78.32662248980368,80.58680309079774,Estimación adecuada
Vega Alta,2000-2004,1,74.10875011525926,74.15022064244651,72.96245955601916,75.20126553575082,Estimación adecuada
Vega Alta,2000-2004,2,81.98636550598057,81.69890330298605,80.47260666751345,83.08985753914371,Estimación adecuada
Vega Alta,2005-2009,1,74.49742104581102,74.82497413970543,73.81836490859845,75.87646748788809,Estimación adecuada
Vega Alta,2005-2009,2,82.79578771576239,82.40286879969591,81.31647111675493,83.62662800471382,Estimación adecuada
Vega Alta,2010-2014,1,76.95585105473053,76.72765258987053,75.6908263617796,77.73987085500478,Estimación adecuada
Vega Alta,2010-2014,2,84.70771205138385,84.1687509792751,82.96952649972819,85.5998672476902,Estimación adecuada
Vega Alta,2015-2019,1,79.09002086085074,78.6545392689419,77.68866050609353,79.67070170391987,Estimación adecuada
Vega Alta,2015-2019,2,84.78023321458953,84.748973423234645,83.5953462076069,86.09170121265574,Estimación adecuada
Vega Alta,2020-2024,1,79.13203080104806,78.81358986081071,77.77448481497075,80.08137851099245,Estimación adecuada
Vega Alta,2020-2024,2,86.55489338482076,85.85369175998584,84.63535826255517,87.27833167776315,Estimación adecuada
Vega Baja,1980-1984,1,72.17472574689376,71.97352489400566,71.03024829037932,72.9327548248865,Estimación adecuada
Vega Baja,1980-1984,2,77.4559969407079,77.2437860485856,76.3209060231278,78.25237226660559,Estimación adecuada
Vega Baja,1985-1989,1,71.32919645334727,71.331777017158,70.40558930186732,72.29594049217049,Estimación adecuada
Vega Baja,1985-1989,2,78.37255208308184,78.32687888965941,77.36447933533167,79.31449852976888,Estimación adecuada
Vega Baja,1990-1994,1,69.34239102427848,69.66470284450118,68.78750094691753,70.4963290073012,Estimación adecuada
Vega Baja,1990-1994,2,79.817128530258,79.47155547561798,78.48914613568931,80.62348473514169,Estimación adecuada
Vega Baja,1995-1999,1,69.80129928554581,70.11666757126528,69.3377332091356,70.85685812889922,Estimación adecuada
Vega Baja,1995-1999,2,78.73855584436625,78.44828071426569,77.67875375297281,79.30695407160597,Estimación adecuada
Vega Baja,2000-2004,1,71.71281396652603,72.04656191286799,71.3059417845446,72.84268159927494,Estimación adecuada
Vega Baja,2000-2004,2,80.83940501884719,80.36061390416003,79.46524095225024,81.2101068372658,Estimación adecuada
Vega Baja,2005-2009,1,73.49107576558887,73.73451901616743,72.88649078454121,74.51837829837758,Estimación adecuada
Vega Baja,2005-2009,2,81.56225378359265,81.26794668200833,80.41012854916531,82.22459989021321,Estimación adecuada
Vega Baja,2010-2014,1,75.67293352681041,75.6698959376788,74.89266751399575,76.46775081559223,Estimación adecuada
Vega Baja,2010-2014,2,82.83225536608914,82.4905897010738,81.56743085664142,83.42150589359967,Estimación adecuada
Vega Baja,2015-2019,1,77.17186219895375,76.96005245717214,76.09682982287359,77.8001722051058,Estimación adecuada
Vega Baja,2015-2019,2,85.55300741129905,85.11448341729238,84.08981438560672,86.22578502189599,Estimación adecuada
Vega Baja,2020-2024,1,76.1343018706242,76.63996583693888,75.75479362020903,77.62015427826563,Estimación adecuada
Vega Baja,2020-2024,2,85.01178406884422,84.38587240756476,83.46350222804493,85.48615663265478,Estimación adecuada
Vieques,1980-1984,1,68.44199950691872,69.40131858877558,67.99736470969785,70.68417176696768,Estimación adecuada
Vieques,1980-1984,2,79.82881030409467,77.37544134864892,75.64594217767474,79.25513484513822,< e0 observado
Vieques,1985-1989,1,68.91887213110078,69.1805693816404,67.78831261133465,70.49315753917051,Estimación adecuada
Vieques,1985-1989,2,76.64055553721266,77.09509466522832,75.6151648062473,78.72637150932839,Estimación adecuada
Vieques,1990-1994,1,70.56388701195755,69.76346733116227,68.28415960395186,71.27240601636142,Estimación adecuada
Vieques,1990-1994,2,75.61141239304688,76.6958068376791,75.1867038666903,78.26406062412266,Estimación adecuada
Vieques,1995-1999,1,67.1661520645474,68.80556068768877,67.50025133895184,70.0417285136898,> e0 observado
Vieques,1995-1999,2,77.66760098100364,78.03135185521532,76.57033483660987,79.79313630929381,Estimación adecuada
Vieques,2000-2004,1,71.06219249587082,71.60595036884789,70.28402765018127,73.00649993320687,Estimación adecuada
Vieques,2000-2004,2,79.94564055883934,79.89754080733425,78.34242190497827,81.68843696987788,Estimación adecuada
Vieques,2005-2009,1,71.86562241202773,72.7882128717042,71.37490916753707,74.26129119375538,Estimación adecuada
Vieques,2005-2009,2,82.1662176624026,81.27557465112676,79.50907941742733,83.30229488846251,Estimación adecuada
Vieques,2010-2014,1,72.38693885614644,74.49604829189452,72.96203418516488,76.06533176665585,> e0 observado
Vieques,2010-2014,2,82.20083674525317,82.1687116971874,80.4864065364483,84.2372630045918,Estimación adecuada
Vieques,2015-2019,1,75.48771486205818,76.19771541363203,74.63678418243808,78.05682376922478,Estimación adecuada
Vieques,2015-2019,2,85.60400958844578,84.05019748794885,82.07326702736277,86.62058400340729,Estimación adecuada
Vieques,2020-2024,1,70.30670126441383,75.18286379821632,73.68903204553055,76.82128453912142,> e0 observado
Vieques,2020-2024,2,82.77316856062777,82.70856324944558,80.90122164814876,84.50881190260198,Estimación adecuada
Villalba,1980-1984,1,71.31481633801816,71.65573671875819,70.41241784796084,72.86566616536435,Estimación adecuada
Villalba,1980-1984,2,77.35744616187003,78.17695642643616,76.75977988163007,79.71110524204023,Estimación adecuada
Villalba,1985-1989,1,70.6812298941124,71.18672706113695,70.08737711135115,72.2574877559475,Estimación adecuada
Villalba,1985-1989,2,78.13907330956457,78.47928669259507,77.18295164371331,79.89642813840675,Estimación adecuada
Villalba,1990-1994,1,72.3498469286644,71.68899981965836,70.62273180930941,72.77648459390109,Estimación adecuada
Villalba,1990-1994,2,79.32972359168376,78.96337165669064,77.72566339932968,80.25094341865697,Estimación adecuada
Villalba,1995-1999,1,74.12665072351581,72.82716680631447,71.77134383152472,73.84677508972408,< e0 observado
Villalba,1995-1999,2,79.94095261032773,79.67769148711366,78.46323500481259,81.01251941793812,Estimación adecuada
Villalba,2000-2004,1,75.24588138203707,74.72881414152243,73.61640310271123,75.81334728433151,Estimación adecuada
Villalba,2000-2004,2,81.24189158745828,80.86818258693384,79.63895328241072,82.18337070548365,Estimación adecuada
Villalba,2005-2009,1,75.22194783512565,75.17219834621574,74.04054293368075,76.41900471771861,Estimación adecuada
Villalba,2005-2009,2,82.367985821704,82.2004757593945,80.90494244292356,83.77097486571479,Estimación adecuada
Villalba,2010-2014,1,77.8383761040004,76.8539266619176,75.67755013695529,78.24401190586484,Estimación adecuada
Villalba,2010-2014,2,82.38109633625453,82.71039310389418,81.45146388403121,84.00969118890517,Estimación adecuada
Villalba,2015-2019,1,77.83504649286682,77.62590661381799,76.49939058848653,78.80210903575089,Estimación adecuada
Villalba,2015-2019,2,84.05820533092681,84.15898782080592,82.83764332824755,85.57298767428213,Estimación adecuada
Villalba,2020-2024,1,77.24232552482839,77.17197425661877,76.03637454560958,78.42145190978026,Estimación adecuada
Villalba,2020-2024,2,85.36972299365041,85.35423379730668,83.9557486445902,87.15711921891742,Estimación adecuada
Yabucoa,1980-1984,1,71.13885114874819,71.32644482402935,70.28933956403003,72.45987908850681,Estimación adecuada
Yabucoa,1980-1984,2,77.69784172893796,77.75504482803406,76.73863627962156,78.99932255165287,Estimación adecuada
Yabucoa,1985-1989,1,71.6497165141789,71.72132583802767,70.7304745204778,72.76005929372724,Estimación adecuada
Yabucoa,1985-1989,2,78.71247157491743,78.51020040489952,77.48186009612087,79.64473553018799,Estimación adecuada
Yabucoa,1990-1994,1,72.18368470754862,71.84503470260094,70.88537436664052,72.74407734850371,Estimación adecuada
Yabucoa,1990-1994,2,78.65582186258791,78.56418685842007,77.4749885170085,79.72022346344929,Estimación adecuada
Yabucoa,1995-1999,1,70.61759581589234,70.9999345926359,70.0842726846757,71.87207918292988,Estimación adecuada
Yabucoa,1995-1999,2,79.25053941807832,79.10601779587722,78.11268027805185,80.10354865568435,Estimación adecuada
Yabucoa,2000-2004,1,74.67500524731325,74.3856081820048,73.35049108764228,75.47243733111515,Estimación adecuada
Yabucoa,2000-2004,2,81.74191284227646,81.53174698345605,80.3786362444018,82.86334830420273,Estimación adecuada
Yabucoa,2005-2009,1,74.52109913218256,74.76350492317007,73.78030295644558,75.72712713966285,Estimación adecuada
Yabucoa,2005-2009,2,83.07308125246723,82.8106508849256,81.61689012672682,84.12461487537365,Estimación adecuada
Yabucoa,2010-2014,1,75.57434879024864,76.11605664275527,75.16852726867296,77.10322228354818,Estimación adecuada
Yabucoa,2010-2014,2,82.0382545268585,82.46578543680612,81.45683689236358,83.55485091329678,Estimación adecuada
Yabucoa,2015-2019,1,77.58753133123862,78.12047176993985,77.09409014814915,79.27522101221808,Estimación adecuada
Yabucoa,2015-2019,2,86.1265699532434,85.66326756067305,84.22873645468239,87.141222113599,Estimación adecuada
Yabucoa,2020-2024,1,75.78194920338815,77.18701743021313,76.13460270981021,78.23507996539936,> e0 observado
Yabucoa,2020-2024,2,85.25611674355481,84.86765659502852,83.70142230514023,86.07006254910442,Estimación adecuada
Yauco,1980-1984,1,71.51456720078431,71.097915545619,70.19967922267202,71.99900998887368,Estimación adecuada
Yauco,1980-1984,2,77.4589640282646,77.47026222291879,76.42136792295287,78.50296159780875,Estimación adecuada
Yauco,1985-1989,1,69.95040254168732,70.08371889430484,69.2311654937177,71.0504833152325,Estimación adecuada
Yauco,1985-1989,2,77.60208552265917,77.41909582136043,76.42903009596463,78.45902457509895,Estimación adecuada
Yauco,1990-1994,1,71.7335324052013,71.27805194923408,70.40498943870311,72.17553030168561,Estimación adecuada
Yauco,1990-1994,2,78.49054698828598,78.18497314903183,77.29974742310146,79.15435379823646,Estimación adecuada
Yauco,1995-1999,1,72.03051290197796,71.60936283935865,70.71364161158942,72.45396227476218,Estimación adecuada
Yauco,1995-1999,2,79.29391771380651,78.77736171675022,77.96294606373863,79.85308118313053,Estimación adecuada
Yauco,2000-2004,1,72.97803149863371,73.02482970842263,72.11996755260992,73.89890203527231,Estimación adecuada
Yauco,2000-2004,2,79.24854846213276,79.33666132914558,78.44586743243286,80.28266880212963,Estimación adecuada
Yauco,2005-2009,1,73.24138587908658,73.56783727415568,72.68111410798542,74.44180876439825,Estimación adecuada
Yauco,2005-2009,2,80.5594161821005,80.63155314774092,79.75200977953952,81.60090103042619,Estimación adecuada
Yauco,2010-2014,1,75.57887719653512,75.53290111298088,74.61068316961305,76.47275652030942,Estimación adecuada
Yauco,2010-2014,2,81.76032266455593,81.84779107323541,80.98265425018329,82.91735820854143,Estimación adecuada
Yauco,2015-2019,1,77.43223226793361,77.25684511010188,76.17721029318758,78.31927150324816,Estimación adecuada
Yauco,2015-2019,2,82.51620418595085,83.19134584853961,82.12779675983617,84.27203627849279,Estimación adecuada
Yauco,2020-2024,1,75.94482006846164,76.33617734009961,75.3876052565223,77.21051345263228,Estimación adecuada
Yauco,2020-2024,2,83.86986937855978,83.3231910349057,82.42531675402584,84.38078161252795,Estimación adecuada
