reg_code	age	include_code	1980	1985	1990	1995	2000	2005	2010	2015	2020
72001	0-4	2	0.00270674871421501	0.00239499727025918	0.00223013460467346	0.00180096896868928	0.00183268644778633	0.0015144036313245	0.00140684498924506	0.00109385516479423	0.00112174579947504
72001	5-9	2	0.00012846751752971	0.00012494392478544	0.000122223816838354	0.000113590521073382	9.85943389355385e-05	9.16675719632003e-05	8.37250444273666e-05	7.4909055015899e-05	7.59364708869267e-05
72001	10-14	2	0.000148414307403576	0.000144447004806037	0.000148615214626271	0.000152830638245829	0.000120093305668917	0.000117577239494227	0.000102210362352767	9.16969369403054e-05	9.27955919292323e-05
72001	15-19	2	0.000550773878085605	0.000492234595042249	0.000461287414758296	0.000472988531076854	0.000397247920979673	0.000355309117223841	0.000343669696766975	0.000310766093759272	0.000300977799756577
72001	20-24	2	0.00085541882469237	0.000835880027262319	0.000820582505184956	0.00100435595537226	0.00077625299481566	0.000733751244451507	0.000589178788506119	0.000562649550188986	0.000542551688046194
72001	25-29	2	0.00110854329284248	0.00116802123967516	0.00114682255112069	0.000998693070235902	0.000922786568407033	0.000853278187222176	0.000797420663271259	0.000667224019306471	0.000710091137986306
72001	30-34	2	0.00130829053937416	0.00132138177442441	0.0012359544631268	0.00131933856951869	0.00117533672007352	0.00105972438917461	0.000935515744563366	0.000781517925890418	0.000880811165966072
72001	35-39	2	0.00159045947770064	0.00152710017442513	0.00154509069637235	0.00144825120997296	0.00123609040182693	0.00123135842732194	0.00113650220001143	0.000987922098806606	0.00096431357478437
72001	40-44	2	0.00206236731505786	0.00203583347873757	0.0019489813954576	0.00195130580911747	0.00171909443784973	0.00155093318474228	0.00129803569728171	0.00131123956403403	0.00131715933336164
72001	45-49	2	0.00268083402205624	0.00252546872374751	0.00313691570907192	0.00241097830627183	0.00246687292287297	0.00247121473597366	0.00169540171264413	0.00185774468787993	0.00198461903795463
72001	50-54	2	0.00406559418265678	0.00432160803740093	0.00380760402734783	0.00309576583181351	0.00252036230199746	0.00261240685870489	0.00253789316839962	0.00236367163099804	0.00291768799151596
72001	55-59	2	0.00695187260023913	0.00632019454758225	0.00722255683004271	0.0058327570406519	0.00432574333939359	0.00379119960926866	0.003168881261244	0.00403440954594652	0.00363594842906247
72001	60-64	2	0.00993745569394536	0.0100827002009451	0.0097242727564086	0.00993002725854136	0.00726161987684756	0.00722791047986055	0.00676248381477585	0.00584996204453028	0.00546546452770965
72001	65-69	2	0.0139346078026521	0.0120502035589365	0.0128849541589676	0.0163873305980746	0.0139119643160074	0.0102207362885896	0.0100278065939087	0.00867684093397327	0.00798816706879462
72001	70-74	2	0.0227627404146735	0.0258838191158209	0.0230600812573632	0.0238955386116882	0.0224603773637881	0.0187656689109224	0.0154061412757417	0.0149729817857705	0.0152064918336136
72001	75-79	2	0.0378997515884832	0.033397096471099	0.0431945854514223	0.0440116330418503	0.0376973903552456	0.0296081201238533	0.0267581220768769	0.0252661104389424	0.0170945793939236
72001	80-84	2	0.0673086977473885	0.0727269130353501	0.0684081564061583	0.0659176692277798	0.0663273710753828	0.0521264798132998	0.0482471065548525	0.0352863815694874	0.0358977938276108
72001	85+	2	0.141726418280002	0.131478421729	0.121871702449694	0.131327235166386	0.113931457702641	0.114515155145353	0.110540934335079	0.101566727594205	0.0734902138626211
72003	0-4	2	0.00243604415074304	0.00183801646022492	0.0019682663477373	0.00189062747018776	0.00159806802270351	0.00177614949851294	0.00133763393429247	0.0011447721651086	0.00108842869616472
72003	5-9	2	0.00018272766599232	0.000125910154083369	0.000129115932431728	0.000114068493224892	9.44335505778525e-05	8.8294162100165e-05	8.10761747182643e-05	7.27380664322642e-05	7.41042859593456e-05
72003	10-14	2	0.00017133476148058	0.000151184107458774	0.000140904647471016	0.000131316988169651	0.000114537366653	0.000112494635963135	9.85693730236105e-05	8.87188958211931e-05	9.04189384902742e-05
72003	15-19	2	0.00046873283896905	0.00048507957489886	0.000419090595860473	0.000442840416650958	0.000392271188988825	0.000338695219690166	0.000301350914940032	0.000290254456175854	0.000284700653695514
72003	20-24	2	0.000876266083541124	0.000883328795475772	0.000764439806395149	0.000801677935553569	0.00074181558319503	0.000558242839720498	0.000593686438786884	0.000503301071387547	0.000568209897863886
72003	25-29	2	0.000957063830133811	0.000874034945821518	0.0009174039376885	0.00101933598483714	0.000818224237189128	0.000681072948136222	0.000735149008611843	0.000653273908112084	0.000758286975490853
72003	30-34	2	0.00116974881461883	0.00109794141140318	0.00112754556058016	0.00101145413307359	0.00102273418080242	0.000848788589967955	0.000802314681410907	0.000732383526773419	0.00071317397433294
72003	35-39	2	0.00148510193841161	0.00142760937193129	0.00153390871114825	0.00144169777899735	0.00117801118524293	0.00113167841165999	0.00103791484200834	0.00107944514129302	0.00117924280321845
72003	40-44	2	0.00191739625509245	0.0022255443772567	0.00196456629094399	0.00190649063186497	0.00162595032751637	0.00141860873611888	0.00122797698592987	0.00117744146956767	0.00137882041624892
72003	45-49	2	0.00299501404394629	0.00258769886389434	0.00237518094719469	0.0019040381212454	0.001805134509698	0.00183030131121407	0.00182552725624296	0.00160099874220663	0.00231770657319601
72003	50-54	2	0.00494283067852911	0.00408141287383576	0.00345959999624893	0.004033566634231	0.00286594353027667	0.00278661234928538	0.00235149261555788	0.00203772473147701	0.00284042410775353
72003	55-59	2	0.0066492823881405	0.00602923557997949	0.00515654541634506	0.00580987118359826	0.00342004476153117	0.0041247787140365	0.00340114548610472	0.00295737315200753	0.00385886952486705
72003	60-64	2	0.0124650063264187	0.0100026848744569	0.0104090683440637	0.00854453307446776	0.00762874948203512	0.00767371430812074	0.00652081055476047	0.00497307068178187	0.00527556819052138
72003	65-69	2	0.0181725539994685	0.0167622644215337	0.0158125081925888	0.013573901138952	0.013004934331437	0.0122512951243801	0.00816001941778078	0.00960852276328243	0.00872088283108487
72003	70-74	2	0.0298556373571658	0.0316092828612323	0.0277240438864489	0.0332192359268377	0.0289028315503951	0.0207222480064486	0.0155461839705545	0.0144194336935739	0.0180010836808895
72003	75-79	2	0.041978208626351	0.0455362650694664	0.0359166791632378	0.0413411976624007	0.0317575448298453	0.0309363698108866	0.0303017674615771	0.0234125283734008	0.0231655437809513
72003	80-84	2	0.077003716272553	0.0688255883849561	0.0652301093307878	0.0668906868040953	0.0648484836815983	0.06137360170801	0.0447073864233866	0.0410263563911873	0.0401729443474234
72003	85+	2	0.162928308443944	0.142658981618915	0.149326797044089	0.151643071805136	0.150438941175198	0.149049616289865	0.135329452974565	0.107889493199601	0.1032200414844
72005	0-4	2	0.00284610744750123	0.00221562655970447	0.00196547743175481	0.00195103489020311	0.00147875063765765	0.00145002100506017	0.00122050047903945	0.00131330001078574	0.00138088530446017
72005	5-9	2	0.000171853802078873	0.000138938208562916	0.000129739575514924	0.000133092705416589	0.000105476783764672	0.00010417854767377	9.59474216190137e-05	8.65726369731015e-05	8.38999549868622e-05
72005	10-14	2	0.000186677159436195	0.000158336974602197	0.000148256571738888	0.000160294570015233	0.000127728368097911	0.000125867782594247	0.000116285583381133	0.000105322294695398	0.000118538062811445
72005	15-19	2	0.000555927219501656	0.000506504647003608	0.000479729733279743	0.000508946450923366	0.000409848851430678	0.000394163071030777	0.000373987965064867	0.000347147706927897	0.00031169816754995
72005	20-24	2	0.000811744281846059	0.000854756641001628	0.00102049497290381	0.000839425229341428	0.000659007088851768	0.000627317308809517	0.000812215775925885	0.000658382518031326	0.000678049450213293
72005	25-29	2	0.00135331623300174	0.00137953645878745	0.00126906365273457	0.00121729164749245	0.000889811229022027	0.000766480199919417	0.000778380301577903	0.000738699474685493	0.000715383012399381
72005	30-34	2	0.00119319896439723	0.00146721753462505	0.00140159124852824	0.00131244979189143	0.00111246839873838	0.0011133419261848	0.00106492315617619	0.000940717855530518	0.000963670656562867
72005	35-39	2	0.00149471242542738	0.00164856267985272	0.00195418540561043	0.00160999200151166	0.00124761093444787	0.00127331109290306	0.00134669820793598	0.00109015047032351	0.00115467309607029
72005	40-44	2	0.0021220013623363	0.0021371772742414	0.00220916311926418	0.00180420984305117	0.0014899485344521	0.00195822206329009	0.00157234060337901	0.00151569908284297	0.00153578222775332
72005	45-49	2	0.00225320513701559	0.00281667291899411	0.00294044697446097	0.00335491366695314	0.00289101498685349	0.00234872848803392	0.00235664949188577	0.00172521190334404	0.00193464405887668
72005	50-54	2	0.00412661615675143	0.00413789764404244	0.0040283457472683	0.0041434346455066	0.00376958336329706	0.00358509383764057	0.00377487029109102	0.00358118166480396	0.00304994736846501
72005	55-59	2	0.0075923059800046	0.00706997320126781	0.00746089602464116	0.00712702498479023	0.0057767470233872	0.00535040092584897	0.00541690129249938	0.00514229149111677	0.00432923482967392
72005	60-64	2	0.0134478137261513	0.0112289103267405	0.00912213286122958	0.0105082891760075	0.00870048811332089	0.00795553985237992	0.00637363507928633	0.00792501746320181	0.00683002547498893
72005	65-69	2	0.0166396439831558	0.0166352481781216	0.0190801782092093	0.0161297607076163	0.0152492948465967	0.0121025194987755	0.010644540804624	0.00842829918392162	0.0088846171621075
72005	70-74	2	0.0322657478244124	0.0283424312252567	0.0218234111537914	0.025636310298228	0.0223415367047885	0.0228034947571511	0.0158138659928163	0.0159768575379228	0.0157002537913161
72005	75-79	2	0.0391218274566207	0.0460114675947487	0.042029193200502	0.0447140437213784	0.0352015302409312	0.0342447274404246	0.0307935879175688	0.0265801002757581	0.0268639393531723
72005	80-84	2	0.082300385431014	0.0717612249450932	0.0786304638814006	0.0689558656730854	0.064598559545655	0.0537061050629701	0.0571214032224641	0.0445396766537725	0.0459658548539095
72005	85+	2	0.160819447363285	0.155663935608404	0.14221138975004	0.14870498465021	0.123627540006314	0.130776354683811	0.128464972164635	0.121985699632166	0.121828756538779
72007	0-4	2	0.00215824105290311	0.00204003292591602	0.0020592223188718	0.00190700353172573	0.00149928366254701	0.00143844946876905	0.00146803986260968	0.00100975751668648	0.00131338582931314
72007	5-9	2	0.000129983547075181	0.000126492242573582	0.000117296127277925	0.000120365462051251	0.000109896152973844	0.000102530146324308	9.38764179120226e-05	8.00856623446606e-05	7.73515785760625e-05
72007	10-14	2	0.000157665479278243	0.000153204441271831	0.000157076296994933	0.000139161139083546	0.000127346816090192	0.000113061337408211	0.000103454405521435	9.29517878178787e-05	9.45404624207201e-05
72007	15-19	2	0.000476096956473206	0.00055619137836079	0.000454040755767309	0.000463662364349406	0.000373803646514382	0.000352233064197179	0.000395179964215423	0.000295624793060855	0.000302791834693938
72007	20-24	2	0.000801886557725442	0.000813165342479301	0.000789017268490206	0.000865833162638262	0.000734819711605039	0.000767660179997312	0.000688061205707185	0.000582512154266573	0.000566064408502434
72007	25-29	2	0.00107071001229709	0.00110619244398567	0.000985716887653313	0.00100745148171535	0.00079362627803935	0.000850782464309955	0.000774588271404985	0.000686258310483733	0.00070339242331515
72007	30-34	2	0.0011534135629706	0.00120182919374342	0.00107243827301855	0.00138358923109435	0.0011480354456448	0.00108534637076483	0.000857395269568196	0.000804990204393509	0.000823466807409429
72007	35-39	2	0.00160405925108754	0.00163572103810107	0.00144161465734617	0.00160704550366186	0.00144335782738225	0.00139008959556844	0.00115826674031538	0.00108049056628532	0.00103134189104294
72007	40-44	2	0.00254739470776636	0.00228681184211524	0.00193319322618116	0.00190507080099892	0.00175662545815681	0.0014443695341794	0.00160255143416551	0.00108777561406958	0.00121788850131639
72007	45-49	2	0.00269806109599245	0.00276592085243818	0.00283279421387529	0.00271739467503959	0.00216201852698319	0.00230987593759708	0.001984783062241	0.00153470315407677	0.00170115640183383
72007	50-54	2	0.00479498896665618	0.00469903684861192	0.00352135883623247	0.00368727645473882	0.00278599789711196	0.00321524707011477	0.00251684864929474	0.0028786040595367	0.00317635259269281
72007	55-59	2	0.00581201338691778	0.00633966800333704	0.00613869543189718	0.00549598570101935	0.00531507335549612	0.00471674597494131	0.00345360755219026	0.00353974415179691	0.00312126847272378
72007	60-64	2	0.00833148876904142	0.0100478605249775	0.0080071581664031	0.00908515704958391	0.00729424650722066	0.00713595666849442	0.00560456404516074	0.00592794741698211	0.00638784684108826
72007	65-69	2	0.0173953205539773	0.015925782787256	0.0136044917523566	0.0144524436948146	0.0123434236083947	0.0103727265998005	0.00734727688266632	0.00671153790253144	0.00951243897339389
72007	70-74	2	0.0216257339106054	0.02550298363609	0.0201657101979392	0.0199605258803405	0.0201940851797032	0.0153650844956934	0.0126923228017187	0.0131725145473272	0.0111273770108961
72007	75-79	2	0.0411711891170868	0.0414746241648714	0.0367463180239339	0.0438751567781505	0.0306307827970902	0.0222215158195349	0.0242295179500018	0.0211159130037051	0.0208956440771636
72007	80-84	2	0.0626705676646789	0.0574416001343249	0.0447734342320752	0.0648740368525295	0.0541103473504963	0.0492861279993547	0.0483819464570713	0.0361148504809156	0.0437460766885376
72007	85+	2	0.154416235374978	0.128862590424637	0.144670257297125	0.119767788460405	0.121060191488676	0.121807851473179	0.0974882224433273	0.0873523804989904	0.105912985189451
72009	0-4	2	0.00238457216225779	0.00206965253353159	0.00218992552442033	0.00196239090137336	0.00177951848618396	0.00160488381335914	0.00134671232873448	0.00115797160521703	0.00108393342319956
72009	5-9	2	0.000146582777784694	0.000135210194691244	0.000119406791465509	0.000116575544583316	0.000106653503535394	9.47366930162455e-05	8.67865123413108e-05	7.75403205306606e-05	7.85541897452115e-05
72009	10-14	2	0.000195604012283574	0.000148753853750582	0.000152797054880953	0.00014894803221581	0.000129661204068987	0.000115351302145239	0.000105892733764952	9.47831965958954e-05	9.59527721051376e-05
72009	15-19	2	0.000551257391550111	0.000543462862732394	0.000488776955645236	0.000477165009336807	0.00048328632791545	0.000376897526517307	0.000367420257449692	0.000334236263508384	0.000307655131678548
72009	20-24	2	0.000852339846778256	0.000904287589560167	0.000814893966976117	0.00087345334501853	0.000676027244227182	0.00066661389267118	0.000645489863129166	0.000652850353052731	0.000666890851314051
72009	25-29	2	0.0012359948705623	0.000964346120304715	0.00106987078186267	0.000938794567012523	0.000836643037578241	0.000854280629083229	0.000836970766984921	0.000799299356470611	0.000711685338754277
72009	30-34	2	0.00133710642803729	0.00111986262521977	0.00127394770860925	0.00158696337520431	0.00118832040274723	0.0010947783956751	0.000976524207514067	0.000945418274240614	0.000996114781354551
72009	35-39	2	0.00158123051418126	0.00167285186491561	0.00178105619502547	0.00147338122645399	0.00148983207901372	0.00125360648183437	0.00139941350989905	0.00126832480906736	0.0010984568292001
72009	40-44	2	0.00202876642812041	0.00181087274943921	0.00183665001745488	0.00200158602007693	0.00184700605669804	0.00192800044066218	0.00181981801120878	0.0013464357301733	0.00129358585757768
72009	45-49	2	0.00281299590146771	0.00252352829099314	0.0023719865277216	0.00256761786659549	0.00232381203434352	0.00223745267437485	0.00173446258482304	0.00174775785670743	0.00202582082854453
72009	50-54	2	0.00485948066881388	0.00413323999455758	0.0042178047218648	0.00348021335510997	0.00265585720204254	0.00332782056499871	0.00291036282612067	0.00238262698685816	0.00275176354479032
72009	55-59	2	0.00587542737536978	0.00871564000012984	0.00590678960578434	0.00550848978422885	0.00550497061384633	0.00416424724350401	0.00506373332892881	0.003764873623761	0.0035500811838341
72009	60-64	2	0.00882946211115811	0.00791200428883587	0.00916477690384317	0.00752451166510521	0.00780833445781081	0.007778068189785	0.00628409784026591	0.00494336597313451	0.00549539262686219
72009	65-69	2	0.0137426620011472	0.0158966514701004	0.0125432311707495	0.0137975702623405	0.0116620652969819	0.0101947390165067	0.00851378684991175	0.00782242177490165	0.00633799520455811
72009	70-74	2	0.0300864767168416	0.0252679715783278	0.0249937900252907	0.0225880944011808	0.016008453805535	0.0201598695508875	0.0154609477010054	0.0107227572877435	0.0131908399408577
72009	75-79	2	0.0447671634659769	0.0400728031920077	0.0399998664918924	0.0333889685168565	0.0356705461890137	0.0297543670261931	0.0273169623944142	0.0273808144899134	0.0213440438396908
72009	80-84	2	0.0553943227677329	0.0479269419036261	0.0623477851880108	0.0679235175011374	0.0646236116912659	0.0626251811358544	0.0487579313944494	0.0402953431713134	0.0357138249581568
72009	85+	2	0.148042238578775	0.108585001361344	0.131200840643679	0.148457440624222	0.144068115352217	0.124577306186603	0.111971066237793	0.0995062093431772	0.10154639246978
72011	0-4	2	0.00305614207289825	0.00265761657468572	0.00212597822040398	0.00189239182360489	0.00176253056325662	0.00146853395980399	0.00148177671665105	0.000984457036387982	0.0014149237286972
72011	5-9	2	0.000136995488730872	0.000140345810836079	0.000130554912761963	0.000120699723489636	0.000104736652524241	0.000108153718934365	8.96152083220643e-05	8.01698581420416e-05	8.5858059607864e-05
72011	10-14	2	0.000165810936074303	0.000153694025186708	0.000150504326430084	0.000146791368776367	0.000127525337733815	0.000118664250406458	0.000109065060388177	9.81078618437204e-05	9.95610966208912e-05
72011	15-19	2	0.000501477034256594	0.000489741207935727	0.000526566632327247	0.00049304624939806	0.000396038850925589	0.000405963827881541	0.000357406358472164	0.000325756252403385	0.000319551284312175
72011	20-24	2	0.00094405740931655	0.000953349211644165	0.000823250261672132	0.000806833871706711	0.000716081367316738	0.000683092312959154	0.000662764897077407	0.000553544304394496	0.000624024868231172
72011	25-29	2	0.00107453480818367	0.00122745726934423	0.00150970542840345	0.00125373890153761	0.000873423818597812	0.000861462060773801	0.000940051081429815	0.000827098240460616	0.000800278300718034
72011	30-34	2	0.00138433784895247	0.00150814839468577	0.00146394119510423	0.00141064561903284	0.00108340986322822	0.000912768876016375	0.000859514474157743	0.000852487382866442	0.00095088463232306
72011	35-39	2	0.00167106412042533	0.00167988611565556	0.00162296095932268	0.00179529959316888	0.00138039017408926	0.00131897972206954	0.00119849817825142	0.000994689123982169	0.00123919153511278
72011	40-44	2	0.00220871285904902	0.00214194008126199	0.00204133523914176	0.00196908521133796	0.00161999244966308	0.0015562549251515	0.00148211187638485	0.00136686233644455	0.00136249672339654
72011	45-49	2	0.00248065814449879	0.00264635773735241	0.00275164996398317	0.00306656652650381	0.0026399940603878	0.00238401621481143	0.00228544455765628	0.00204475663635882	0.00181525503411699
72011	50-54	2	0.00483993577031338	0.00400771698929076	0.00400233653380692	0.00436047114858323	0.00364808811948271	0.0034455610718775	0.00377001819203579	0.00260688620963357	0.0035264727612321
72011	55-59	2	0.007332782259774	0.00668452953194792	0.00742160605863786	0.00573408583821094	0.00546873539563718	0.00353756532637694	0.00454828049155014	0.00379114052828006	0.0047943109873061
72011	60-64	2	0.011993608158869	0.0142494301883182	0.00961812408294877	0.00899265262281362	0.0085774508363725	0.00889100335728642	0.0092207822609176	0.00625750285405024	0.00565764964700785
72011	65-69	2	0.0175248033931453	0.0199743256351259	0.0181144126628635	0.0185303814687032	0.0148992820211265	0.0128066335191102	0.0102001183809066	0.0094022428582674	0.00946108382714924
72011	70-74	2	0.0329572702282302	0.0233404169281065	0.0230482416209646	0.0234123029295626	0.0250853825081563	0.0215762133427271	0.0185299561823924	0.0144424560853531	0.0130392939479135
72011	75-79	2	0.0438645733706887	0.0557348257981649	0.0442810053163134	0.0419579130507166	0.0334600863793867	0.0324657818725681	0.0265911886884318	0.0207534648453802	0.0201862697826962
72011	80-84	2	0.0828501564101429	0.0727616546576965	0.0883012861592729	0.0840193740503806	0.0550216374600866	0.0511308288103264	0.0499492809701374	0.0432618065330046	0.0468151065798172
72011	85+	2	0.175515702865432	0.133532853751665	0.141848621458334	0.128385430734666	0.115118893878248	0.129283913801999	0.118949911786469	0.103806596669255	0.096728378847687
72013	0-4	2	0.00220348184918012	0.00294390638372422	0.00304852864242182	0.00239420137327826	0.00158161681839943	0.00156995851419173	0.00130942882242938	0.00102786281476931	0.00113993649750404
72013	5-9	2	0.000147232511515392	0.000152163607864398	0.000136478464977239	0.000121122144010379	0.000111239746040726	0.000100243977434393	9.30212855882634e-05	8.00367497142398e-05	8.1812451444792e-05
72013	10-14	2	0.000197416040826559	0.000202086340206108	0.000167688298979488	0.0001660310880775	0.000127770199072216	0.00013811010076676	0.000106261334315574	0.000101588939806817	9.85589943969443e-05
72013	15-19	2	0.00049088798433574	0.000515856678943438	0.000481687555681463	0.000454386288824428	0.00034593494427564	0.000354754342149145	0.000322639317577426	0.000290355682375807	0.000344631816614661
72013	20-24	2	0.000911530393114201	0.000772357068989578	0.000964343910192309	0.000886625211221529	0.000649484676017817	0.000719986730695913	0.000643819312461661	0.000551364261344189	0.000505995469337776
72013	25-29	2	0.000964221449427382	0.00112109293776786	0.000976030394689469	0.00103639605217774	0.000942358516381432	0.000705135900172435	0.000685380545037393	0.000717453410105627	0.000752567055254608
72013	30-34	2	0.00103670221521015	0.00132352407244775	0.00164881368952703	0.0015028832172561	0.000961647479285383	0.000917655920724803	0.000922822132702244	0.000969739683348783	0.000882948881242563
72013	35-39	2	0.00164228984809437	0.0018066569890017	0.00169407245016155	0.0018239328884645	0.00146209855029296	0.001268785696764	0.00123362726982274	0.00114994155474039	0.00103356149499608
72013	40-44	2	0.00178021022674329	0.00192925864311993	0.00180824156996854	0.00174207046340965	0.00182947808929528	0.00126561520331568	0.00152750300231298	0.00152080628828693	0.00159112676193298
72013	45-49	2	0.00289353484687366	0.00263627359283677	0.00332508273813638	0.00266570940411512	0.0029407652766534	0.00207236124306366	0.00229160059736972	0.00189991882272731	0.00225759835029666
72013	50-54	2	0.00526765330215829	0.00432167784481566	0.00441476308130531	0.00394012885410787	0.00365801185264752	0.00368007471974998	0.00349187634647021	0.00258096848973937	0.00295429725668193
72013	55-59	2	0.00722688830181022	0.00721936743934336	0.00614462232452823	0.00655353202022974	0.00564963477158392	0.00480777433959083	0.00513753315952946	0.00423296969113832	0.00530064568823004
72013	60-64	2	0.0122899463914078	0.0105691227062533	0.00958493781762303	0.00882882970876249	0.0095583959852282	0.00841910134702284	0.00767742110370419	0.00597257840556691	0.00609258396052187
72013	65-69	2	0.0190109436315821	0.016957795030862	0.0194408428822934	0.0152236317729111	0.0142101393925081	0.014926118593974	0.011627388869162	0.00814588011189922	0.00801617296744188
72013	70-74	2	0.0337256939078011	0.0288653780462097	0.0261783609368359	0.0252368099777316	0.021444400890226	0.0203867683171851	0.0177536896474423	0.0151159254720556	0.015682453025636
72013	75-79	2	0.041131759612243	0.048369268444442	0.0400306949890194	0.0474457131485266	0.0373714202234889	0.0344676266020615	0.0307499837178709	0.0240610478165584	0.0220667664477634
72013	80-84	2	0.0754164001871699	0.0735908001058764	0.0667553498372337	0.076035117074128	0.0642182157656762	0.0622880281923131	0.0582096005921522	0.0417620581860903	0.0484370737304737
72013	85+	2	0.144652137924074	0.159665609223666	0.136044121340327	0.144223475468509	0.146617874876717	0.133258726014785	0.123420332279914	0.115759968450158	0.113428541394118
72015	0-4	2	0.00280497593504806	0.00267472922737084	0.0025806480664107	0.00182942673630635	0.00197672713120936	0.00167661740172734	0.00163177893375325	0.00106480874314319	0.00137098365443607
72015	5-9	2	0.000147401588518101	0.000151162140641399	0.000140555024572144	0.000144440582822233	0.000113214285659623	0.000105393500541521	9.63929755993424e-05	8.63349564677827e-05	9.24471294201342e-05
72015	10-14	2	0.00017094214532516	0.000174639747588563	0.000170656723984585	0.000175730424564538	0.0001381423256338	0.000135347901115828	0.000117883199161526	0.000105793981577535	0.000107378522490106
72015	15-19	2	0.00057493944937522	0.000508866668139672	0.000522006027935754	0.00051543572680814	0.000454991326127829	0.000425563277024386	0.000374081203862697	0.000340070162018337	0.000384098950526757
72015	20-24	2	0.000987612704660042	0.000916486063866043	0.000974690845375462	0.000908700370804791	0.000874777293794285	0.000872237487430295	0.000672328306671283	0.000673344494976651	0.000726112791995458
72015	25-29	2	0.00120386291316212	0.00122029631816811	0.00124049104854008	0.00115797957252875	0.00102210296347369	0.000916591174096456	0.000871165922488446	0.000885776644458152	0.000899017165670309
72015	30-34	2	0.00144773496516827	0.00152796270768846	0.00137981417211735	0.00130644036290501	0.00126331938487684	0.00107827228738373	0.000994646117458272	0.000978584695410849	0.000921718718767654
72015	35-39	2	0.00188663273788092	0.00235667514220003	0.00179789474709301	0.00190366735613925	0.00155547996130667	0.00128291309625369	0.00124888938836818	0.00132905307970485	0.00151582244321433
72015	40-44	2	0.00233419565426197	0.00198499838303629	0.00256447856549618	0.00208808685604078	0.00193589911156723	0.00182340472792355	0.00162981614395941	0.00139287995824002	0.00163293573640962
72015	45-49	2	0.00343889518258164	0.00296483903223915	0.00279437120257058	0.00363953189329168	0.00269819002842982	0.00219389841593783	0.0023189580555326	0.00206158932080643	0.00211591192239138
72015	50-54	2	0.00666080780122585	0.00544326237358948	0.00388790314312479	0.00391735260382666	0.00357309720808796	0.00353758499160881	0.00282316965322997	0.00251788983085379	0.00296302375272475
72015	55-59	2	0.00617533460814554	0.00628380791100622	0.00606575886821624	0.00646182859930037	0.00486779630253589	0.00396405800439577	0.00459833877675247	0.00543162195823833	0.00514684153464882
72015	60-64	2	0.0110308984801973	0.0139926739871975	0.0116818128286416	0.010345499699039	0.0080072848139026	0.00793496514194706	0.0072115690776661	0.00645743955666096	0.00620163478172219
72015	65-69	2	0.0163713308587843	0.018317811456258	0.0152829867805114	0.0136882055748059	0.0152182529939454	0.0102693063048851	0.00954691449966843	0.00888933091530644	0.0100068780429957
72015	70-74	2	0.0290440465240902	0.027063811556673	0.0229919191387374	0.0264785038201825	0.0228374583609141	0.0166047890886331	0.0176843176972303	0.0169026431097143	0.0137071541211314
72015	75-79	2	0.038514952236723	0.0504448169870404	0.038894362236703	0.0475182302753801	0.0356987298965023	0.0359777696049219	0.0331523467368238	0.025285732959954	0.0279208525210291
72015	80-84	2	0.0659771500320891	0.0791428811990577	0.0736571036601824	0.0821317389315387	0.0650752873610343	0.0598344781539257	0.0453006241645221	0.0427435607976977	0.0447399471270988
72015	85+	2	0.160767298873762	0.130211993602131	0.116630300840999	0.121295823707346	0.120425028471694	0.139470295492149	0.125147918050614	0.120887936309049	0.101228017092139
72017	0-4	2	0.00255790759263838	0.00237928139341818	0.00198844864881521	0.00251901693098768	0.00140840038464729	0.00124696449367255	0.00128417563658855	0.00126900401223197	0.00142348362625024
72017	5-9	2	0.000140888065548477	0.000143971472629872	0.000133780407639743	0.000130385331342523	0.000107118646387471	9.96546509415206e-05	9.12295655308289e-05	8.17541279318392e-05	8.30590574912803e-05
72017	10-14	2	0.000162821396834144	0.000174431524863045	0.000154479839406304	0.000151364369929648	0.000131137521995084	0.000128160891020311	0.000111338000170545	0.000104999397528445	0.000101507433444229
72017	15-19	2	0.00052561863730626	0.000487013457858748	0.000575970617596099	0.000472895352791064	0.000455177571052975	0.00040086874439312	0.00036786880919248	0.00031770619541211	0.000376125365160745
72017	20-24	2	0.000926315101174435	0.000971872837915904	0.00107194507721321	0.000882146933925065	0.000711475094698535	0.000965132264867337	0.00068170661324906	0.000564629580622807	0.000576435414099896
72017	25-29	2	0.00112948281778793	0.00109268641622407	0.00120316440254147	0.00120997086971152	0.000940904685129803	0.000884193420850672	0.000805650872151633	0.000804920222739002	0.000708064459379243
72017	30-34	2	0.00142272345833493	0.00145235603445336	0.00159656551325987	0.0012512463376672	0.00123615390668802	0.00109694613506906	0.00102764989410824	0.00090038198400972	0.000911180995308006
72017	35-39	2	0.00166136133716692	0.00201515445598581	0.00181513260508744	0.0017807591471672	0.00144812740583213	0.00139289409921604	0.00121483523567437	0.000996930448911085	0.00118617537072978
72017	40-44	2	0.00239313234251216	0.00220957930737449	0.00212824982924343	0.00255620278550513	0.00174017338599452	0.00158184831773006	0.00146380171238839	0.0013911413123215	0.00137461678897561
72017	45-49	2	0.00377996520048672	0.00278593138153687	0.00359509192068945	0.00324685421116237	0.00268073688575811	0.00224026078173559	0.00227965026539854	0.00169248533903129	0.00155739058504776
72017	50-54	2	0.00487934927437425	0.00423885945394492	0.00474321939952879	0.00391962849556846	0.00348628805525679	0.00305378522224646	0.00314585770383079	0.00295660820470226	0.00316673157416504
72017	55-59	2	0.00832992210344298	0.00736243043468346	0.00710494472839436	0.00596153060865099	0.00494130171091421	0.0052512803086617	0.00569730823598618	0.00408850879662286	0.00419632504714228
72017	60-64	2	0.0139508004243497	0.0113689852790614	0.0107428443977243	0.0126856754236418	0.00840970944337195	0.00665927794046222	0.00582858944113889	0.00625132387382147	0.00713530810937925
72017	65-69	2	0.0168816601035115	0.0162528547003517	0.0148891470657395	0.01126353101039	0.0109058108639235	0.0122013644704415	0.00885754343406131	0.00831345532869244	0.00797451572960593
72017	70-74	2	0.0282015371180534	0.0252656311270988	0.018536434093389	0.026583512962943	0.0246404204283298	0.0161275312227879	0.0148317361356817	0.013613356272409	0.0132109059995124
72017	75-79	2	0.0415709278767486	0.0336331032211552	0.0339103925752184	0.03626700267911	0.0325369505895401	0.026480183796567	0.0260801452566272	0.0220810366139243	0.024720314874755
72017	80-84	2	0.0714335884127703	0.0716505791708975	0.0598552577184267	0.0734071760889274	0.0632365040690108	0.0509405610525684	0.0514026632898656	0.0411842888275047	0.0425687542529967
72017	85+	2	0.144214605366058	0.14378379187066	0.148662983629066	0.162674543289356	0.124860637105695	0.115977686353662	0.117101476312913	0.113985524816762	0.0897713059920706
72019	0-4	2	0.0027004179515991	0.00223251195517161	0.00267009325858423	0.00232150795731545	0.00176677742670069	0.00175366828747249	0.00138116721560605	0.00098767972495996	0.00137332494355134
72019	5-9	2	0.000140562151032039	0.000143013776658055	0.000146427232130941	0.000116977511313373	0.000101617145729836	9.49261436525005e-05	9.63837186923978e-05	9.075374531259e-05	7.90541573582198e-05
72019	10-14	2	0.000153762556059518	0.000149674402180556	0.000146177846168325	0.000157152230329134	0.00012993760849454	0.000127535221483024	0.00010611764351741	9.51412416599079e-05	9.64594235749154e-05
72019	15-19	2	0.000570707481593651	0.000592985664438971	0.000465962581064299	0.000449027599762074	0.000411405858613962	0.000351541403025544	0.00032624109374487	0.000299539897791793	0.000320856696896285
72019	20-24	2	0.00108009740693884	0.000928310220605868	0.000868579255555312	0.000778663118965152	0.000712949399082148	0.000670828770461824	0.000620782833457775	0.000597699637868622	0.000617613855169107
72019	25-29	2	0.00130144547867704	0.00120680516719717	0.00108113536647668	0.00100488165830685	0.000978534474163124	0.000868497415900547	0.000837030951584559	0.000702963599989158	0.000778091143611567
72019	30-34	2	0.00125511000733556	0.00113044732801756	0.00122266923764764	0.00128985602888555	0.00125287250448216	0.00110217103031591	0.00091099540449123	0.000879826642640015	0.00100268624484817
72019	35-39	2	0.00170958462492757	0.00166073532548666	0.00155815574083513	0.00169378889174069	0.0011114129560274	0.00137585997974319	0.001143967703704	0.00125155990158727	0.00095491868065949
72019	40-44	2	0.00209162641502213	0.00234343347658026	0.00194738035556729	0.00231714173948162	0.0017026390582183	0.00171988130899143	0.00148427393153992	0.00142616854757661	0.00130091319775856
72019	45-49	2	0.00260891911130152	0.00266516230754387	0.00240016259172622	0.00332499159048445	0.0030940131567823	0.00189839478967638	0.00174570737895345	0.00208428847987611	0.00158736431006602
72019	50-54	2	0.00401914823506654	0.00425824602517458	0.00418259197752911	0.0039384881073597	0.00346110541135422	0.00322578438314034	0.00247323627636509	0.00253459280232834	0.00217049135240325
72019	55-59	2	0.00813141259431074	0.00775996864689284	0.00545056793914736	0.00639163857090202	0.00648044076559565	0.00507395407970661	0.00444863309788775	0.00342524674191143	0.00322077710144598
72019	60-64	2	0.00819951392730606	0.00990828379373553	0.0095566681808725	0.00833606883079033	0.00868186525062195	0.0082353488567698	0.00614833470123687	0.00538272789374905	0.00498973428370699
72019	65-69	2	0.0146369584727798	0.0177650137577382	0.013143310651871	0.0135691140486308	0.0101337439042162	0.00910319924661345	0.00939298325304051	0.00775678016487199	0.00717365301937959
72019	70-74	2	0.0280593582594808	0.0234372497742687	0.019944760813123	0.025104246964173	0.0231525134793077	0.0172425950582347	0.0163861374550929	0.0113090884948893	0.0111305872549723
72019	75-79	2	0.0426174299026396	0.0369034080628591	0.0336859275090709	0.046154594290085	0.0307025455139577	0.026025775504609	0.0285753717384461	0.0211251488786012	0.0225616889893462
72019	80-84	2	0.0706517017327472	0.0831866687812338	0.0683969455299998	0.068134757094461	0.0493729341672946	0.0464190339627676	0.045880748733689	0.0370231094697051	0.0356001335330147
72019	85+	2	0.14638388628785	0.143894654945039	0.143926893995669	0.135032353724099	0.13253701961369	0.106085597989173	0.123516414699715	0.0928217371282438	0.09341437886741
72021	0-4	2	0.00300001362434521	0.0023076974623974	0.00262729287287925	0.00257624036062992	0.00165836050265944	0.00151099449071854	0.00161245296241202	0.000944454411586996	0.00114498434660903
72021	5-9	2	0.000159379303938467	0.000146102083815729	0.000134108825812015	0.000122068134249953	0.000104911642030718	0.000100792458119528	9.58904914196356e-05	8.03703308550451e-05	8.71118961607712e-05
72021	10-14	2	0.000158172833107317	0.000185846454354578	0.000147925976301393	0.000159820958719257	0.000139748349988433	0.000118721198345959	0.000102851942773662	9.14529958797268e-05	0.00010300453236944
72021	15-19	2	0.000400966950992124	0.000366330283084634	0.000383085426470997	0.000433943058623523	0.00044177563963754	0.000323268924489293	0.000307565642979862	0.000257981422789153	0.00025218869585194
72021	20-24	2	0.000599392549042105	0.000633732070879973	0.000744162155510116	0.000733487934439735	0.000524238039217442	0.000677138917532628	0.000491471044384539	0.000480271818534602	0.000455099018960066
72021	25-29	2	0.000942595848379216	0.000988959701272072	0.000958514172999985	0.000969080782280164	0.000665172551655301	0.000691950312617806	0.000618428298495678	0.000523996500762362	0.000707814210989802
72021	30-34	2	0.000921211345434256	0.00100683019283482	0.00128888620800012	0.00118573629601118	0.000896479936246706	0.000854245467649332	0.00075055933443384	0.000871077526608224	0.000701071783477767
72021	35-39	2	0.00126209164902938	0.00111267422255299	0.0014133348858619	0.00169987225483959	0.00125898738212182	0.00127994852226006	0.00096843922018857	0.00107345528839167	0.00135375488475942
72021	40-44	2	0.00187097413405672	0.00145561192348125	0.0018711067378254	0.00202372848976679	0.00180273389869297	0.0016439145463458	0.00146714757616021	0.0013983609754435	0.00166578754328296
72021	45-49	2	0.00233284162630571	0.0019557788850263	0.00224328256580641	0.00272345424763079	0.00263461342946312	0.00267608870289681	0.00206611256085994	0.00177370747381149	0.00184815803036047
72021	50-54	2	0.00391384190274216	0.00358995115968084	0.00318514526535574	0.00367139089786233	0.0034319422011774	0.00306904501743866	0.00299543481956008	0.0028770412863952	0.00334900930786284
72021	55-59	2	0.00550237477037798	0.00541137320459724	0.00507024587178606	0.00474880317471418	0.00520374688497393	0.00461681118518146	0.00458773733507219	0.00433457883212861	0.0039954558514645
72021	60-64	2	0.00928557723602211	0.00876048821362704	0.00688844863573293	0.00748922437578362	0.00739396538674264	0.00672396369779629	0.00666711995235221	0.00600820062878775	0.00678294045224513
72021	65-69	2	0.0161173998962613	0.0140396698810463	0.01170711673183	0.0124203997184335	0.0115980034922816	0.0102897036182639	0.00952971565988193	0.00925658353774568	0.00838217280875246
72021	70-74	2	0.0286842526034115	0.0227966380122774	0.0217397605608858	0.020406065298525	0.0173292514623381	0.0169707996324239	0.0137995140214826	0.0133834619978247	0.0132622910234369
72021	75-79	2	0.0411718986369727	0.038912780529334	0.034240005048028	0.0342903310636665	0.0299680851296834	0.0270533625988771	0.023641835289273	0.0218527850204143	0.0203725234000924
72021	80-84	2	0.076945457679952	0.0747844828627488	0.06278451603302	0.0657904737454345	0.0559917341997883	0.0471545594834663	0.0466113285980082	0.0396381272748248	0.0395497300945558
72021	85+	2	0.154415828130484	0.154829616100313	0.133444417982834	0.146916516759259	0.126037145186724	0.12434086662669	0.124622741809161	0.103287873068375	0.102074238664958
72023	0-4	2	0.00239392078154763	0.00178305107821628	0.00168274690941344	0.00199186605236213	0.00157608072137185	0.0013822300078297	0.00181686738908477	0.000965443444022868	0.00125035360809475
72023	5-9	2	0.000117468907272784	0.000114491500063944	0.00011749613982489	0.000114051297419413	9.40608242728045e-05	9.21500984354991e-05	8.05571254774955e-05	7.2241962427685e-05	7.36577788477454e-05
72023	10-14	2	0.000156937225143258	0.000168260374106627	0.00014920025312353	0.000152955619557384	0.000120419179911169	0.000106386536976687	0.000108034697122926	9.75130332330726e-05	8.96060996403827e-05
72023	15-19	2	0.000445010988812436	0.000490569467002615	0.000479653733123247	0.000471833189111178	0.000364551862891056	0.000337939063332493	0.000340716618709006	0.000283669666439196	0.000292481360769747
72023	20-24	2	0.000869392982016682	0.000833232944138298	0.000803864165982411	0.000717281738793222	0.000660450814042195	0.000607425154937573	0.000585953737626363	0.000492915263696601	0.000500661901954516
72023	25-29	2	0.00102794366603957	0.000932508707293947	0.00100907390079691	0.000911566944317382	0.000810256219623715	0.000782038587141814	0.000829536058417782	0.000734225155595994	0.000647499830673329
72023	30-34	2	0.00112181845097862	0.00120078564077785	0.00111753515078276	0.00115996837544311	0.00118261948338812	0.000846547416295431	0.000779369589796289	0.000820526975980835	0.000730948465214771
72023	35-39	2	0.00153062518240395	0.00143064789427455	0.00148225055219609	0.001626139425569	0.00129435533112203	0.000998813012181865	0.000969948227622589	0.00105977444952225	0.00108432375318617
72023	40-44	2	0.00186245954187528	0.00171819848355408	0.00215375288377803	0.00181394480264286	0.00132015289384595	0.00145629000989223	0.00130440764463926	0.00104307466712632	0.00103336583857674
72023	45-49	2	0.00291712798719772	0.00259683262544295	0.00234597208950695	0.00251356134874452	0.00208574518998879	0.00202376760924911	0.00191021508955708	0.00170341701941549	0.00149933205286219
72023	50-54	2	0.00419929851721835	0.00410337078578686	0.00341763805157945	0.00303769754479587	0.00336742689301476	0.00341092330451484	0.00283020105465812	0.00232582969936397	0.00291670461782274
72023	55-59	2	0.00554228462114754	0.00562169887518449	0.00582049034792252	0.00487057061540486	0.0051198766442814	0.00444755472845347	0.00407750747581901	0.00366235877169269	0.00366623955892372
72023	60-64	2	0.0107301176874145	0.00938747549476475	0.00949679405764618	0.00676872452676382	0.00715821830831887	0.00750427387561251	0.0062531722476945	0.0047829873803324	0.00615062785413019
72023	65-69	2	0.0164748805963124	0.0142674551862403	0.0126481812716334	0.0139206403174339	0.0125411363136239	0.0106696834450388	0.00933777011452565	0.00723092958997828	0.00881895213622196
72023	70-74	2	0.0313002746957975	0.0280197324418789	0.02032303719872	0.0218127964852017	0.017684905940862	0.0175702290091116	0.0166829893363049	0.0131071260082228	0.0139261686090965
72023	75-79	2	0.0435280536989433	0.0361293898788596	0.0327500358019999	0.0331286922406726	0.0296057662099271	0.0258770574467957	0.0266291950275269	0.0228281205670583	0.025002694540497
72023	80-84	2	0.0807312067044021	0.075189631668132	0.0728689203035196	0.0712688036108979	0.0533840565440473	0.0602128535197441	0.0402842068883007	0.0457123459446803	0.0411590853473754
72023	85+	2	0.135257916205244	0.123533939093588	0.133759641138643	0.154235524835394	0.130396845281813	0.11144657299745	0.112641645336346	0.105874439672267	0.102143905039098
72025	0-4	2	0.00319733261331962	0.00262183942152053	0.00259085784738862	0.00222844427745621	0.00172248039213189	0.001844795401829	0.00157525797493441	0.00132656649949557	0.00134065387162678
72025	5-9	2	0.000175686478497069	0.000122898096917922	0.000121224947176339	0.000129725781189334	0.000104742991986928	9.88989126852603e-05	9.27581544461033e-05	7.71157474846882e-05	8.3529907906253e-05
72025	10-14	2	0.000196287023512034	0.000177325763372106	0.000161673587399924	0.000153536942584075	0.000130869163614558	0.000129249377242934	0.000132569319798441	9.68333455067821e-05	9.99449022172949e-05
72025	15-19	2	0.000480260700034095	0.000420939110834366	0.000421673583103595	0.000497566146571947	0.000320449618835527	0.00037495658534496	0.000361127694539537	0.00033545439454406	0.000299757430954301
72025	20-24	2	0.000789308373333226	0.000795357705826688	0.000724026905225612	0.000799138654225829	0.000672391381521909	0.000691080884549144	0.00052494921925695	0.000611526342251218	0.000639387087505868
72025	25-29	2	0.000865535997613689	0.000955322150515131	0.00121403137291702	0.000983240863425378	0.000959446756583148	0.00078413962930846	0.000679592977676276	0.000580434517162508	0.000586396288738992
72025	30-34	2	0.00109342949444548	0.00114500538705309	0.00185404325636262	0.00160865393482816	0.000889455297719608	0.000807262052735615	0.000959608060153198	0.000860346907627672	0.000925397283831915
72025	35-39	2	0.00122324960603326	0.0016310874552623	0.00173790719851351	0.00179778720038491	0.00136740251232078	0.00120238423895379	0.00102307920040117	0.000963868985858212	0.00120141866693746
72025	40-44	2	0.00188660390389273	0.00158570211919046	0.00179037242013363	0.00175915946374481	0.0015086019872427	0.00156645299083757	0.00136407997972385	0.00134150990175491	0.00155423084162301
72025	45-49	2	0.00267848439470814	0.00218195962517671	0.0030084783668487	0.00257457462838217	0.0022356916813672	0.00220655265242154	0.00210396504553741	0.00158325384677762	0.00191301844503282
72025	50-54	2	0.00417690402861026	0.00347463063503495	0.00380406128765526	0.00353908723598142	0.00344390537940347	0.00264048298261473	0.0030118991674586	0.0025508583679885	0.00273610072496973
72025	55-59	2	0.00614332034173547	0.00628256826287202	0.00634032588720621	0.00513967285804084	0.00592963410378744	0.00405178967048507	0.00482568097232933	0.00311192420646611	0.00384598731814844
72025	60-64	2	0.00995592157406273	0.0103791073842655	0.00921586735293169	0.00923624243080691	0.00693935637541156	0.00689881788088644	0.00702164893222651	0.00466449075938832	0.00586329669161765
72025	65-69	2	0.0129430235286817	0.0132293435087847	0.0117688937341226	0.0137980817257238	0.0114370435026287	0.0106829240696577	0.00925192315339438	0.00861849656258023	0.0101248582737323
72025	70-74	2	0.0278877696597524	0.0266623506581752	0.0238983742099648	0.0211317656682731	0.0205603735147147	0.0172594609293997	0.0150651993574722	0.0134739673332598	0.0133593434214451
72025	75-79	2	0.0414799488524587	0.0415107303679616	0.0385030484042068	0.0358779481199185	0.032828966561164	0.0243054416384212	0.0225447072871844	0.0222712263991125	0.0233811203572543
72025	80-84	2	0.065171267125553	0.0588190546637934	0.0708479813735665	0.0659155679702285	0.0541860892191508	0.049108929012638	0.0495775350841847	0.0410016807556915	0.0415033826801438
72025	85+	2	0.140676289595319	0.140673792743614	0.131129553814593	0.139576975985937	0.121434890557505	0.108954368050103	0.119012757865101	0.111281575646739	0.105718550230227
72027	0-4	2	0.00234471047088282	0.00205891594513763	0.00198484908844239	0.00162073249722183	0.00116264884258597	0.00137463713764186	0.001170633971445	0.00116092467342206	0.0010611951714466
72027	5-9	2	0.000121372785761807	0.000123886673171952	0.000114929862843906	0.00011146675569919	9.67181693407192e-05	9.51503795950309e-05	8.29815196284802e-05	7.4505564602168e-05	7.5693887507822e-05
72027	10-14	2	0.000147063235690927	0.000142471018376277	0.000146269542965753	0.000142751676886518	0.000124113956555536	0.000109962207414081	0.000106130325575074	9.0812829986507e-05	9.22907489420464e-05
72027	15-19	2	0.000464413762123701	0.000453606795245457	0.000486347883378671	0.000473317954131783	0.000380073730970082	0.000354894412286123	0.000327577647965993	0.000285090769926934	0.000291731779206921
72027	20-24	2	0.000819325568777575	0.000856962546361143	0.000826434830078371	0.000760935261686303	0.000761776677686318	0.000678807505356411	0.000572961240946034	0.000500096626341842	0.000535263907042556
72027	25-29	2	0.00107391746773934	0.000950255342718499	0.000996443151308174	0.000961622340753875	0.000822242540511276	0.000749378962182742	0.000818404774774213	0.000811536038027781	0.000684723255120791
72027	30-34	2	0.00133684236926476	0.00135223591410036	0.00115642192852634	0.0010077448259112	0.000893104081477762	0.000963797978189655	0.000917068889735988	0.000773794982204332	0.000959462354973307
72027	35-39	2	0.00151468559313717	0.00159151540359997	0.00186195772545553	0.00138943166550739	0.00123826592221875	0.00114649854881908	0.00120471689482734	0.00108145795679926	0.00119615057718095
72027	40-44	2	0.00187438581995533	0.00219368452191697	0.00191513176190953	0.00216268286923842	0.0016776242477175	0.00145774453314507	0.00124510730216535	0.00117628245758395	0.00134682613300108
72027	45-49	2	0.00329223898409151	0.00290101903329877	0.00250948871854986	0.00263003893124503	0.00231030029877006	0.00191739053424776	0.00172072040705606	0.00178544419156539	0.00150553947063661
72027	50-54	2	0.00540311517314435	0.00421322857256656	0.00400949335710759	0.00412317667061121	0.00323797844820303	0.00335347058918861	0.00294577954446211	0.00216670524211043	0.00234789722622046
72027	55-59	2	0.00529469964166874	0.00599219797939158	0.0064309495428078	0.00593994255167727	0.0044888360820894	0.00396514157440382	0.00382218894473282	0.00399635493174051	0.00291474942356893
72027	60-64	2	0.0100315598300399	0.00957002429329833	0.0104085360691238	0.0106011559669922	0.00857590815911318	0.00836424905858959	0.00641647068664272	0.0058676157306565	0.00531516391817358
72027	65-69	2	0.015060506224915	0.0162269540771163	0.0164036781035141	0.0138370692136778	0.012858224313729	0.0113673814150322	0.0113512852381417	0.00932726431764725	0.0108375521581468
72027	70-74	2	0.0298667269492436	0.0263702326504091	0.022735718909692	0.020161517920348	0.0218267233574863	0.0174365959177827	0.0170175441848199	0.0119400466515507	0.0130075133404318
72027	75-79	2	0.0311774904586599	0.0363788263948872	0.0461486329405073	0.0315196636337275	0.03870812295395	0.0260447379779544	0.0281361003220611	0.0234219885043307	0.0236696705866016
72027	80-84	2	0.0685339455994743	0.0573480367975416	0.0653307114189915	0.0613488612919975	0.053059507455437	0.0546094318961332	0.0451158584336334	0.0416762512538773	0.0357739102857948
72027	85+	2	0.180517390068458	0.155539984568899	0.142277090040845	0.132955747901947	0.126356638171508	0.135023391990079	0.118809068289272	0.12196159069571	0.119245308086096
72029	0-4	2	0.00296662324026863	0.00266581836217365	0.00282133596678547	0.00201485741010976	0.00181811295859466	0.00169118235731558	0.0014948534721368	0.00109710989012601	0.00130419783557144
72029	5-9	2	0.000145716825773899	0.00014963518302047	0.000139451890909365	0.000142187798891778	0.000123516097503391	0.00010455156550853	0.000106287521972532	8.65964039268415e-05	8.83060623218429e-05
72029	10-14	2	0.000193687224364744	0.000171535345283124	0.000203455723606841	0.000171931333916621	0.000142604715279115	0.000126547054800929	0.000116477049094521	0.000105327170406085	0.000107148292576986
72029	15-19	2	0.000552554204085158	0.000608836461245188	0.000506041767756772	0.00051827697337219	0.000500319481266102	0.000464947945918344	0.000415907078612895	0.000334698759133361	0.000344066114258782
72029	20-24	2	0.000942027400097544	0.000870808496628752	0.000844242281459978	0.000886416760915921	0.000914211503786014	0.000781990310685381	0.000616857569175255	0.000742891219795859	0.000722259376998558
72029	25-29	2	0.00102443363629345	0.0011255479433452	0.00124078790311188	0.00119678675901977	0.00108200278279483	0.000932664561568244	0.000799906368946487	0.000865347463506183	0.000855515244643557
72029	30-34	2	0.0015568709319216	0.00156885715820444	0.00172806638729964	0.0014378401822008	0.00115426072520401	0.00100737783057534	0.00110992002193341	0.000977381978174694	0.00110726192358495
72029	35-39	2	0.00163120484913494	0.00147169587101993	0.00155097480426519	0.00200418251470484	0.0014697208364107	0.00126972851442307	0.00118965547749421	0.00129199093372134	0.00111198065861211
72029	40-44	2	0.00207685577485657	0.00236744490419292	0.00234210444129798	0.002300014892622	0.001794858696612	0.00178356281678288	0.00154578123571448	0.00145944385225849	0.00156003343317849
72029	45-49	2	0.00318188562960327	0.00283807265877336	0.00294960356859171	0.00322173922415672	0.00296845904613373	0.00240280740115173	0.00238573768617138	0.00240585864617529	0.00217373922258513
72029	50-54	2	0.00400715287790628	0.00437149242661819	0.00450778816431534	0.00459124632542772	0.00344102810887986	0.00379567782781449	0.00299201468765565	0.00310112978094219	0.00320019604750501
72029	55-59	2	0.00682243863146772	0.00667720455898436	0.00576247284657645	0.00737335607558082	0.00715796775412779	0.00547752524523976	0.00400244359796837	0.00514806750543012	0.00370736028003393
72029	60-64	2	0.00996648872031108	0.0120517079182586	0.00948702840402412	0.0101222846568758	0.00959397440864625	0.00743969110748272	0.0067701773075269	0.00634049825757181	0.00700271847634006
72029	65-69	2	0.0120625186578029	0.015155874038021	0.0173782063245289	0.017932831270714	0.013747309802771	0.0107227775837287	0.0115511480016831	0.0102448251676075	0.00999065906144664
72029	70-74	2	0.0262164918125866	0.02825805907048	0.0252696132433383	0.0277456558526738	0.0218806126820461	0.0195484624371206	0.0187435049140493	0.0148010574954348	0.0159471218854165
72029	75-79	2	0.032876861693225	0.0446643157962125	0.0382577136578356	0.0408986050524656	0.0323862254022465	0.0289567358633629	0.0284302275382634	0.0232561533921583	0.0202873485581473
72029	80-84	2	0.07027225595677	0.0652149697875235	0.0666401601765728	0.0844532684943853	0.0653283529468779	0.0495444075257051	0.055493582517998	0.050472673497254	0.0481285843263151
72029	85+	2	0.15915745647219	0.155804305578787	0.127897940183893	0.147646543780896	0.113345947628299	0.107213161162198	0.12127616069388	0.101125831050008	0.102603682571236
72031	0-4	2	0.00270123084564552	0.00246030028843985	0.0025080465514181	0.001985051036627	0.00164827116018516	0.00165658029814697	0.00148603101154514	0.00107201857339139	0.00102150706580983
72031	5-9	2	0.000138655205268024	0.000122685914677868	0.000144641552299366	0.000114863980233118	0.000102118547185058	0.000111553572634378	9.19178904805635e-05	8.03012060275491e-05	7.49084672765173e-05
72031	10-14	2	0.000155997399151579	0.000165815309474871	0.000141176932865279	0.000153341040433178	0.000132513420814851	0.00012043748921629	9.89929716072447e-05	0.0001007718949453	9.40763919740025e-05
72031	15-19	2	0.000399923093787647	0.000416324341247322	0.000517162693358583	0.000453224519813333	0.000371404225291975	0.000416198508392936	0.000293913887612978	0.000307994534721301	0.00027025640858679
72031	20-24	2	0.0006855613001641	0.000702451328993623	0.000760480125683934	0.000749369876511251	0.000625560654795884	0.000493499763298708	0.000594952500667196	0.000543407280341891	0.000446356721315727
72031	25-29	2	0.000705616145612376	0.000816980834517176	0.000989932228208048	0.000939012508000566	0.00069258159759132	0.00061809825543514	0.000697518512978495	0.00061599820946706	0.00062697837515687
72031	30-34	2	0.0009869833584499	0.00126728654280784	0.00151546763109681	0.00112630708470061	0.000762512221089719	0.000980806182148897	0.000812855210803592	0.000792920932020544	0.000704123370343844
72031	35-39	2	0.00107877891539329	0.00130476541224056	0.00162735954742697	0.00166704818671704	0.00110461575419403	0.00100540718872575	0.00126831137926271	0.00097375253084604	0.000829743812814349
72031	40-44	2	0.00170842712851461	0.00177031133923143	0.00193709837444999	0.00232206075919442	0.00172601749173065	0.00171104880741492	0.00118486449606913	0.0012217908471228	0.00126306917014583
72031	45-49	2	0.00240524839016671	0.00211019001995538	0.0024783337042105	0.00272640849895956	0.00262170939270011	0.00244814021523216	0.00174283872292989	0.0020076194985115	0.00142565477501847
72031	50-54	2	0.0042033388711775	0.00297001219522586	0.00374993723975706	0.0030904339593536	0.00324653901946123	0.00310753862965033	0.00380523013491178	0.00265776103990806	0.00272402717848252
72031	55-59	2	0.00575782328804257	0.00514731996268919	0.00514541884489427	0.00456146817209954	0.00495249335151646	0.0044142910737639	0.00428591774620613	0.00340849355712923	0.00444340827464018
72031	60-64	2	0.00942349783065612	0.00822506233086181	0.00827002155079644	0.00778379727239127	0.00762307525816602	0.00702050020426036	0.00677324090175235	0.0059043187024577	0.00619136755118888
72031	65-69	2	0.0122266612731201	0.0138790132663485	0.0142701068832161	0.0121501002088983	0.0119189631530784	0.0104416958764341	0.00858606093729335	0.00889406394646053	0.00805031362846439
72031	70-74	2	0.023620625742939	0.0243034279409414	0.023354173104918	0.0205969420892551	0.0184362705421912	0.0170068043196428	0.0145652292887812	0.0118384250963795	0.0135486687170819
72031	75-79	2	0.0370225016461791	0.0371667800055867	0.0391277711907133	0.0327556069287755	0.0280578994337497	0.0258536626407353	0.0254167781664127	0.0214089271195956	0.0224684133430507
72031	80-84	2	0.0593646713705369	0.0585886215385004	0.0589872905768773	0.0687133474632412	0.0576697737856577	0.0493366314398341	0.0408823779099319	0.0359143766445764	0.0381531755228224
72031	85+	2	0.134513081574526	0.130413264130354	0.135826494137165	0.130476028826785	0.122113808629963	0.110307681987335	0.125298246497651	0.102046639346599	0.0970583025521185
72033	0-4	2	0.00370583250705086	0.00272951756720015	0.00277205139819746	0.00299415487513168	0.00195661667013466	0.00201813975922758	0.00157159169207639	0.00146137554814937	0.00150251551924124
72033	5-9	2	0.000161471421921322	0.000155161775515162	0.000159295350970566	0.000149171045265872	0.000130280281942439	0.000134758063617549	0.000111880070415027	0.000100611232249689	0.000107731262765453
72033	10-14	2	0.000224997991742848	0.000207225704056972	0.000184385969953284	0.000189984988428539	0.000158155254342414	0.000148164292619914	0.000136105472270073	0.000135900895148915	0.000138420169052008
72033	15-19	2	0.000668716262780281	0.00065570385502215	0.000646415072465483	0.000581649567611447	0.000518674734641634	0.000470356548833954	0.000460758943934178	0.000466037091641013	0.000437531292419419
72033	20-24	2	0.00103591116546116	0.00112261310055712	0.00119282580087286	0.00110542803319764	0.000916663577055693	0.000803542581132737	0.000755983791370288	0.000707976495121806	0.000797783725309267
72033	25-29	2	0.00140159499586917	0.00143388623157788	0.00177731941393746	0.00149384541478977	0.00129175884638765	0.00135498703470528	0.000923119226517022	0.00102485843488547	0.00101000817315214
72033	30-34	2	0.00179052410203098	0.00169992721989366	0.00205050091186045	0.00230749773495559	0.00142819968436486	0.00160088287199898	0.00122415359833497	0.00101189690536804	0.00103363902201795
72033	35-39	2	0.00197290132952906	0.00196156761331503	0.00244594441048272	0.00212074654517142	0.00188072815344721	0.00178722682449799	0.00148838599657424	0.00142822113956612	0.0015385656478162
72033	40-44	2	0.00261474282820043	0.00273380944621882	0.00278417715553074	0.00277959570620611	0.00208561562460049	0.00216254672778962	0.0019674455352469	0.00165241745799071	0.00165935841637704
72033	45-49	2	0.00367083614688475	0.00346363790271291	0.00390260881473452	0.00362163082559567	0.00344669424406153	0.00277915174458612	0.00250273250467997	0.00229842996092802	0.00220669532389501
72033	50-54	2	0.00626008926443946	0.00461901212405705	0.00489049586167266	0.00434776003861366	0.00406325563111435	0.00390017401709741	0.00405597723283121	0.00338560966185282	0.00328471510911023
72033	55-59	2	0.00875964480831401	0.0083339721653484	0.00640949714188045	0.00835278256803014	0.00584772180762759	0.0049805681497459	0.00462198231837839	0.00602798562844729	0.00558006658342499
72033	60-64	2	0.0155967109236453	0.0142734651820103	0.0102870813759728	0.0112716147327522	0.0116094112647272	0.00833476907412345	0.00864045000397335	0.00906051364420809	0.00838020397890594
72033	65-69	2	0.0203888008424576	0.0162405654242043	0.0166969994031841	0.0144957271299754	0.0147922629031615	0.0141534551798482	0.0105265909302099	0.00977003691239996	0.00986070578058562
72033	70-74	2	0.0351064114441837	0.0324871049011504	0.0256695301694814	0.025842510689795	0.0214322883475488	0.0199606923319575	0.0204985602807503	0.0149521533628451	0.0146365592803955
72033	75-79	2	0.0430091980208449	0.0370261203455503	0.041398303274292	0.0355767351523702	0.0347485299761248	0.0259041673681804	0.0277496517599066	0.0215744345377252	0.0207723035880543
72033	80-84	2	0.0853718590393884	0.061435131948431	0.0603824124564567	0.0682189635734033	0.0658228130091097	0.0448937999472181	0.03652972127254	0.0352583007941515	0.0391103097857142
72033	85+	2	0.150339652157847	0.145216547932208	0.143616244888023	0.132115765176628	0.116995200964339	0.115955557045296	0.10530384369998	0.0905846537091893	0.0987196842555789
72035	0-4	2	0.00351085394698778	0.00308244941288824	0.00284403423237224	0.00233434425608384	0.00139811158228371	0.00167293817540408	0.00152952712589666	0.00101680577598339	0.00136069683163232
72035	5-9	2	0.000142105359649789	0.000125527288616687	0.000122876544438129	0.00013916992181144	0.000109881383949037	0.000102913693295947	9.45851666646515e-05	8.0659966735192e-05	8.21933916843067e-05
72035	10-14	2	0.000162127193178016	0.000165723322811556	0.000155097818665287	0.000145151936865631	0.000133125930036799	0.000137465013652537	0.000109075967947447	9.83144800280739e-05	9.99746510887326e-05
72035	15-19	2	0.000532993781796915	0.000520223306726034	0.000474332687707952	0.000472384145129495	0.000390001642842825	0.000420005793350693	0.000329920445288323	0.000316671186846949	0.000326506667939432
72035	20-24	2	0.000913490483369183	0.000868665564888932	0.000820176020120154	0.000709812771755379	0.000666123227430469	0.000615915182541815	0.00062602383056815	0.000547236317989531	0.000585886232391961
72035	25-29	2	0.00101939223089215	0.00119414579188072	0.00116726832543454	0.00117714927466428	0.000798075187736374	0.000842867226336866	0.000948718742862796	0.000689843514233854	0.000686238895605465
72035	30-34	2	0.0011821156002186	0.001205316816464	0.00171349443705836	0.00195646758151996	0.001124201465424	0.000998182978739008	0.00091176691078917	0.000866273383103762	0.000945083298485418
72035	35-39	2	0.00188236554220157	0.00160275220634075	0.0017277209598212	0.00191602370218916	0.00160394633735634	0.0013955831768574	0.000963399947314674	0.00103516055493555	0.00102833976662355
72035	40-44	2	0.00248770769050128	0.00205286077387644	0.002348515875724	0.00233289657807457	0.00162601165225295	0.00158147169477677	0.00154997404030473	0.00151988423092475	0.00139418224433426
72035	45-49	2	0.00367670132860716	0.0030791747647626	0.00278409610981434	0.00216548601056993	0.00221378137506663	0.00225928388162811	0.00214570636640718	0.00199719685329996	0.00192821299173875
72035	50-54	2	0.00456904519338166	0.00389144646113084	0.00459387373282135	0.00396639035696492	0.00388980551264483	0.00266422908002414	0.00308150767502733	0.00283299769403565	0.00243998622905668
72035	55-59	2	0.00740277064024336	0.00774237694863416	0.0061960788754965	0.00488954656431334	0.00527450308124398	0.00428190018184071	0.00389445879755843	0.00369154085240751	0.00388684181978475
72035	60-64	2	0.0103240560710433	0.0116755517532493	0.00866426616002726	0.0107779709010498	0.0073426049040317	0.00735464135910668	0.00561324673557166	0.00484057009743547	0.00642942278734738
72035	65-69	2	0.0181985628979539	0.0163652299287133	0.0157396721738042	0.012403019272864	0.00985983993501908	0.0118714003398803	0.0087855600248934	0.00895896816692259	0.0063203893912849
72035	70-74	2	0.0307988120572205	0.0268824122056087	0.0251219633688329	0.0272177788320277	0.0216434370329332	0.0179050025089842	0.0150089500029911	0.0130041783015686	0.0100166344574326
72035	75-79	2	0.0412837955440043	0.0415177994392641	0.0358578455877395	0.0386557894075715	0.0360984685660881	0.0291014567617687	0.0248007865421374	0.0195761063575312	0.0188563590114554
72035	80-84	2	0.0667980352360653	0.0602108275315039	0.06961805301676	0.061764612316554	0.057855209341611	0.0577024151113108	0.0477609420255072	0.0406543304253017	0.0353773537583055
72035	85+	2	0.151869683895227	0.143046540080582	0.139163093294014	0.148514401653945	0.132321471795995	0.133057682624591	0.140859610162815	0.108130849540484	0.104010244452553
72037	0-4	2	0.00263448757860753	0.00203276030043362	0.00258553905198027	0.00192795117395104	0.00162953668874466	0.00138952407170525	0.00157587321878794	0.00124962323724155	0.00161406372910094
72037	5-9	2	0.000142151848887204	0.000131322759943382	0.000128248798197209	0.00012490370483995	0.000108396411752759	0.000101132574292285	9.27425031578342e-05	8.2775543020297e-05	8.86692054911193e-05
72037	10-14	2	0.000165388850287449	0.000160667568852953	0.000156903419916671	0.000169192506703557	0.000139661433475596	0.000123766433035942	0.00011341550900948	0.000101375520324944	0.000103066932208244
72037	15-19	2	0.000518969459460973	0.000504425899827498	0.000518544162100316	0.000534330888098943	0.000425747955919945	0.000397791420088126	0.000385436641470924	0.000329982600443412	0.000336822796201613
72037	20-24	2	0.00106701151598525	0.000863171268404519	0.00084421060318082	0.000994449757698682	0.000778055434860111	0.000712428981716834	0.000697258004	0.000604741971389338	0.000616345291367752
72037	25-29	2	0.00115058156171398	0.00110514056826413	0.00111950687851508	0.00123864222679864	0.000983409064416444	0.00100134118432802	0.000866161031109713	0.00074734079599121	0.000926458441047783
72037	30-34	2	0.00139202227438541	0.00131610149976076	0.00164981115427589	0.00128343864203473	0.00125314633030388	0.00107381347014645	0.00122967473968678	0.000931657334785523	0.000946708259825056
72037	35-39	2	0.00174896883975519	0.00184190727497529	0.00170680634192097	0.0016321832473904	0.00133625397701805	0.00167300207973596	0.00140350251186576	0.00113727108804552	0.00128130730866331
72037	40-44	2	0.00237815638468768	0.00220507311287359	0.00239151737767528	0.00221174198276677	0.00215430549452271	0.00186366115537696	0.0018989330148841	0.00175222273889591	0.00139806753213609
72037	45-49	2	0.00308014849526537	0.00306866027241827	0.00258272438939398	0.00327971368877661	0.00294208604284359	0.00221431065537821	0.00242177238693373	0.00206568714042088	0.00212133127598456
72037	50-54	2	0.00481015504070752	0.00459611788686307	0.00395785479146337	0.00453116853033207	0.00436380801142834	0.00334955155789839	0.00306361054269185	0.00306296801563935	0.00259963726646516
72037	55-59	2	0.00730079705574466	0.00681357613884038	0.00626332958297166	0.00547198719452559	0.0055445760718458	0.00664232026732055	0.0039987706386154	0.00455950384426129	0.00459916629105763
72037	60-64	2	0.0131694439920049	0.0108895642312758	0.0100088489972443	0.0103621284789303	0.00807841904056699	0.00666591643061307	0.00789814442854632	0.0064062067463323	0.00853725682260248
72037	65-69	2	0.0159649306202946	0.0146287182188289	0.0153685327858517	0.0187257106259628	0.0142154330621383	0.0131898703810737	0.00943511384053591	0.00932503560469522	0.00831742346613319
72037	70-74	2	0.0298084260048852	0.0266064901512329	0.0224160978557582	0.0275470898614574	0.0227068466631368	0.0202117508842541	0.020388281707878	0.01404310127149	0.0178874149707633
72037	75-79	2	0.0460797344256248	0.0380069247129249	0.0362807174862246	0.0371259527664926	0.0259598584033254	0.0262279341709063	0.0272588801565966	0.0211219864249755	0.0262752288646925
72037	80-84	2	0.0516136144528959	0.0719197037920371	0.072211797908793	0.065135873820745	0.0592961713858066	0.0433459418733336	0.0494308483570616	0.0351438918237795	0.0394104722083377
72037	85+	2	0.152244862986436	0.132577903324139	0.134606907274063	0.102043145432449	0.130957869902205	0.113974830891566	0.118735415153141	0.120350252553709	0.0999938739791967
72039	0-4	2	0.00229297591933019	0.00229852386714301	0.00175567926344192	0.00196685570386004	0.00155753281466683	0.00148123999629183	0.00145878292424598	0.00121198360742484	0.00112341476085389
72039	5-9	2	0.000123771486447877	0.000120045966514622	0.000123227706207615	0.000114321910759976	9.92426232454997e-05	9.24866914846468e-05	8.45165784013856e-05	7.9552187723972e-05	7.66666251765401e-05
72039	10-14	2	0.000150597928119531	0.000146375544759697	0.000142874191363229	0.000139200873750754	0.000127186222994997	0.000118724838136036	0.00010334653859122	9.24784149794064e-05	9.37939488647549e-05
72039	15-19	2	0.000466354062950292	0.000528693635022733	0.000519020810208736	0.000458528846169126	0.000401412362849243	0.000394407249474076	0.000346716915569997	0.000299163881610717	0.000320126670339569
72039	20-24	2	0.000909191753388263	0.000888105817536429	0.000832230587998808	0.000930794246665195	0.00078228646801809	0.000671788552891842	0.000649548474855558	0.00054157393353278	0.000581085835571993
72039	25-29	2	0.0011425665549992	0.00104392005839793	0.00110877000090649	0.00100390845520577	0.000930143488588444	0.000907781921790552	0.000735097228835453	0.000768028707806113	0.000682647653316657
72039	30-34	2	0.00128466073246521	0.00127081473760832	0.00117927578565285	0.00143805741771341	0.00123967903753246	0.00103130481865815	0.000907006680965745	0.000951284395872382	0.000838366886708751
72039	35-39	2	0.00175355210407881	0.0015892996415588	0.00164743216166768	0.00163662834545903	0.00134087687019939	0.00141537651870661	0.00122296044989155	0.00104840606281777	0.00101726780083638
72039	40-44	2	0.00197428404747571	0.00213795750737339	0.00201527161325199	0.00194788149473705	0.00171179624424819	0.00172096604854725	0.00144314701185651	0.00141427065594617	0.00118172312702521
72039	45-49	2	0.00290186847538248	0.00288958114281207	0.00284891695255664	0.00266468311039422	0.00230705264048049	0.00205721373053206	0.00209970445896908	0.00175155616118147	0.00217787611766447
72039	50-54	2	0.00425608396185258	0.00476607374649258	0.00404586667119777	0.00363376129064429	0.00311815742971124	0.00308899196641602	0.00321500529902411	0.00272431608281364	0.00271124229390398
72039	55-59	2	0.00768097273079546	0.00666129269033041	0.00568578314115964	0.00686611818101552	0.00512187872693193	0.00449472318368024	0.00374789543099475	0.00318267914287469	0.0040837161725244
72039	60-64	2	0.0101005520139386	0.0105366059128848	0.00889179391216048	0.00816312007132427	0.00715107930874968	0.00727616647209882	0.0051188878535973	0.00470430298104929	0.00494152457839747
72039	65-69	2	0.0158024034349518	0.0127825219410457	0.0130357497260603	0.0178430319677338	0.0118629552122998	0.0121378696982557	0.00812531201170224	0.00873186772362568	0.00631252453226435
72039	70-74	2	0.0260775618111138	0.0263811883521951	0.0247080761099421	0.0214952114988302	0.0214567404015894	0.0152438437428587	0.0159479112897568	0.0142619694051049	0.0118138890380739
72039	75-79	2	0.0338743091560613	0.0446951923369715	0.0388192892322485	0.037411014716488	0.0319644351234677	0.0328545423135266	0.0250832831447113	0.0208487439336522	0.0266989777400728
72039	80-84	2	0.0665994948472555	0.0457334825899318	0.0584085172130286	0.0526644009644937	0.0515054549663524	0.0468241917296164	0.0432441032491243	0.032292503846552	0.0400431130932845
72039	85+	2	0.128768053171865	0.130805481738756	0.120602017835872	0.12449098189614	0.120111373864585	0.0936799924733967	0.115084950057385	0.102380180584575	0.101842861103244
72041	0-4	2	0.00218759831344338	0.00223410847532503	0.00164687725616529	0.00190263392013207	0.00148126144813773	0.00161383744179027	0.00116474877351804	0.00115350053458177	0.0010700662126375
72041	5-9	2	0.000114074362355181	0.000116247671466127	0.000119050185354782	0.00011606992314485	9.60396476238744e-05	8.54612003137332e-05	8.25258586677905e-05	7.04662467624709e-05	7.17108951313381e-05
72041	10-14	2	0.000145465387616587	0.000134298813634651	0.000137493260349487	0.00014081155320802	0.000116649737198157	0.000103755198558847	0.000100220557760249	8.59041189471301e-05	8.73521117552296e-05
72041	15-19	2	0.000426352731505912	0.000454318518846771	0.000405983169665134	0.000467231226516482	0.000363424880613418	0.00034357425972821	0.000292377136208621	0.000281476973060092	0.000302809961633788
72041	20-24	2	0.000838029298160979	0.000877433628089866	0.000724165065634803	0.000756286192570053	0.000642349575494581	0.000697379153199075	0.00057580787503897	0.000489981247220769	0.000481260111691467
72041	25-29	2	0.00103678837785625	0.000828588460463614	0.000964519648619484	0.000907478226938379	0.000749777406795276	0.000734914574123749	0.000703788788912707	0.00062696009573527	0.000583317274528835
72041	30-34	2	0.00130206438167658	0.00121530786677708	0.00133613314249761	0.00143622189244848	0.000903800694730639	0.000927274258723826	0.000902595163361986	0.00072922653871663	0.00083992450350375
72041	35-39	2	0.00144285239485993	0.00138010272207231	0.00137342141806397	0.00155010741685558	0.00113054052475422	0.00106379155917544	0.000904321547119518	0.000952882300611526	0.000950163274992626
72041	40-44	2	0.00205749911604935	0.00165319596367516	0.00180296952253813	0.00178819766062288	0.00139015233326616	0.00137743070803898	0.00144513278250256	0.00122886654266318	0.00136104388738843
72041	45-49	2	0.00291783694433326	0.00227216676113528	0.00220083322686418	0.00252821497690781	0.00192520643584142	0.00197908360428535	0.00159397323881962	0.00211618695087691	0.00174083278257475
72041	50-54	2	0.00405618717161119	0.00419142128966793	0.00307408129572472	0.00333005748013092	0.00300979092118856	0.00292444436699278	0.00242901113368507	0.00220450439057226	0.00297327520922331
72041	55-59	2	0.00495442393688156	0.00527152213843746	0.00473581608376171	0.00605057839895904	0.00427139077333799	0.00344129921976611	0.00386840117946519	0.00341055782699325	0.00316652871869537
72041	60-64	2	0.00943527921702293	0.00875123304402318	0.00799244758924213	0.00672853149095646	0.00750520732610948	0.00667262113647967	0.00458517986212231	0.00418508144100951	0.00526802515547577
72041	65-69	2	0.0145359143271638	0.0158160866505599	0.0156043243018824	0.0111209788391667	0.0101372659346862	0.0102734178288381	0.00959745960911735	0.0084215784090099	0.00710012509383033
72041	70-74	2	0.0199278043199307	0.020914451192948	0.0236404527820972	0.0189036928504571	0.0182215697884993	0.0149075965793892	0.0141065462433665	0.0127486488552486	0.0126182178565228
72041	75-79	2	0.0330626309816026	0.0455282871380799	0.0369253122015389	0.0314571938286244	0.026574849333812	0.0247122442300045	0.0292313413612108	0.0213397920125991	0.0233317012528745
72041	80-84	2	0.0657107232903656	0.0554045887411275	0.0747143455508035	0.056127340960536	0.0537548353148353	0.0538053225112414	0.0448292937226431	0.0394831946435957	0.0389324607128113
72041	85+	2	0.122891692715491	0.133820573993369	0.115517328618042	0.129476281896766	0.117620613784242	0.115122906240078	0.113569470047629	0.104863718214594	0.111144833184965
72043	0-4	2	0.00292463164958793	0.00232689810193006	0.00208724303041116	0.00263024970599177	0.00144899226589788	0.00142975200396783	0.00132806969981591	0.000972299660809812	0.00117947590932069
72043	5-9	2	0.00014502280482843	0.000128215554743095	0.000138387088980924	0.000128628034247007	0.000111934954233892	0.00010440533943763	8.66507483242334e-05	7.79065605777225e-05	7.92647124008202e-05
72043	10-14	2	0.000184588474724856	0.000155654477345608	0.000144884800219144	0.000148497877813821	0.000122897087853587	0.000120112291142021	0.000110803327887408	9.52262175877975e-05	0.00010166942689638
72043	15-19	2	0.000505787681184498	0.000453719820108336	0.000551512990618783	0.000477551750133255	0.000443533458163976	0.000363245121803288	0.000338658209718687	0.00031167313467715	0.000320213893753435
72043	20-24	2	0.000917570529143274	0.000935929647557354	0.000777341327145206	0.000752386432162489	0.000718837800701054	0.000772887057912134	0.000587219889519219	0.000570550425113027	0.000610997816472593
72043	25-29	2	0.00122241637861436	0.00121291423392572	0.00108616855366243	0.00105752684736704	0.000868981296055561	0.000777616482231273	0.000876688946065281	0.000798745834611103	0.000752018773923241
72043	30-34	2	0.00124547592325783	0.00133578098609718	0.0012462948841144	0.00126089912809816	0.00096967315960679	0.0010198706025381	0.000838866950431644	0.000881988143989919	0.000878476797376053
72043	35-39	2	0.0019382140270423	0.00189227784162192	0.00161633718175442	0.00170434673772906	0.00161008991101777	0.00127230401035779	0.00115787148543224	0.00108612426861318	0.00116377996829928
72043	40-44	2	0.00200192124960314	0.00212800906010984	0.00226222098483378	0.00188152697139338	0.00166392161625079	0.00162170666536138	0.00140027719071394	0.00150066701540649	0.00164964435454079
72043	45-49	2	0.00298815519872276	0.00269860406998206	0.00287126178460401	0.00310245420350344	0.00219295179897146	0.00233327041028067	0.0017115997208086	0.00196656978660071	0.00178069479552826
72043	50-54	2	0.00530010588558166	0.00526008500779454	0.00430757780088434	0.00420474025028358	0.00376234854622068	0.00301854667255716	0.0028848421281995	0.00289973659311003	0.00230947473685386
72043	55-59	2	0.00671320663535811	0.00835704452461423	0.00634063315053162	0.00615341421942894	0.0054095739423429	0.00437094777467704	0.00410504390309163	0.00415633842167775	0.00395399364549153
72043	60-64	2	0.00935435754946042	0.00947395336697004	0.00950312111597149	0.00990831953580038	0.00833123829970223	0.00722495162471826	0.00673074508036612	0.0062333311500419	0.00609714706257832
72043	65-69	2	0.013360523636382	0.0163504187751881	0.0140549708689659	0.0152866143696706	0.0103769966191086	0.0113451763415942	0.0111879346587102	0.00738872116806075	0.00861297482560146
72043	70-74	2	0.0271302893912823	0.0251262634442851	0.0215973900138463	0.0247407657457156	0.0209339936950892	0.0165594459152	0.0161781932464163	0.01441531912772	0.0119812438321539
72043	75-79	2	0.0391305644753638	0.0391467146297005	0.0388375149718339	0.0394772023491477	0.0333688358596083	0.030861729516975	0.0338398264570562	0.0231072107821888	0.0233689072970643
72043	80-84	2	0.0562310813236955	0.0657457938710993	0.0596806155739864	0.0633465332257961	0.056644407033913	0.0525834027376843	0.0475863250098617	0.0420142533300561	0.0395508281432195
72043	85+	2	0.131102072320306	0.13675888896379	0.12306500554157	0.128334635481728	0.131438064178326	0.118334582083294	0.103135665667159	0.10304522285855	0.08556647772941
72045	0-4	2	0.00287152658903293	0.00212967546382676	0.00236643531108077	0.0020986526035398	0.00166306221111548	0.00182884945555722	0.00128035748873732	0.000914031246041589	0.00111112995357372
72045	5-9	2	0.000134816815005016	0.00013087017002728	0.000134568503493406	0.000125253050709885	0.000103395536234231	9.62474607592819e-05	8.783114595727e-05	7.86163435384786e-05	7.9852042819757e-05
72045	10-14	2	0.000172228713741596	0.000151709960516917	0.000148413161351074	0.000152513648041101	0.000132509610972544	0.000117337214978416	0.000118945085710497	0.00010140472673137	9.76488246837812e-05
72045	15-19	2	0.000545719403092454	0.000565044679075236	0.000484547188541692	0.000472571989065324	0.000395565136979143	0.000370764175222922	0.000358588980188621	0.000309418498981692	0.000315514965530214
72045	20-24	2	0.000955134779759825	0.00101969978511833	0.00105306843322703	0.000879171989664125	0.000707053932113743	0.000692163048764696	0.000635111207219474	0.000583374583062813	0.000567833730018565
72045	25-29	2	0.00104721317501052	0.00104190776520943	0.00106327967387634	0.00111389775782287	0.000993227684423368	0.000842780779307232	0.000755229296987628	0.000829418813592941	0.000737460468916097
72045	30-34	2	0.00129004411186878	0.00133228726215077	0.00135135603511096	0.00129286668916366	0.00116317168885953	0.00100699860072763	0.00104821802323839	0.000850756777932054	0.000822666005123899
72045	35-39	2	0.00183648743377972	0.00152947937189326	0.00152247091070755	0.00158288904785022	0.00146723108237952	0.0013648171244613	0.00123567040142919	0.00106792632367198	0.0010475510313884
72045	40-44	2	0.00226186984071957	0.0024874380385549	0.00302944321013067	0.00190904130206788	0.00219666484696764	0.0018089702740532	0.00146194763140437	0.00135842150719291	0.00134976154317096
72045	45-49	2	0.00272727364722921	0.00278706932928777	0.00234166024665148	0.00239377563687958	0.00249436132332116	0.00220883555717574	0.00171701747956398	0.00191937847827315	0.00233786914089874
72045	50-54	2	0.00436477210709057	0.00501049510986774	0.00435718959828392	0.00483008624639696	0.00342466835136388	0.00303017340639314	0.0029270723448205	0.0025792317743423	0.00350954916027914
72045	55-59	2	0.00627380701496307	0.00598229912148098	0.00605964007697795	0.00530873934472148	0.00493145053067242	0.00429815904182407	0.00461228860738366	0.00387069748153094	0.00373081381176225
72045	60-64	2	0.0100691251319307	0.0103209791900137	0.00984595900304636	0.0111551656486236	0.00886419506841825	0.00648516091797768	0.00564560747599989	0.00547568890777568	0.00540591317546544
72045	65-69	2	0.0127221504034161	0.0177924435404388	0.0115070281954911	0.015595301182297	0.0129126211348049	0.0118040454751965	0.0101146179162466	0.00707864281465435	0.00841196922017476
72045	70-74	2	0.0225778962655897	0.0215600354798064	0.027111696748212	0.0268730623048911	0.0201818809907456	0.0166910589800609	0.0142657175328314	0.0138643022099213	0.0118997006119381
72045	75-79	2	0.0366565505545213	0.0347469218641892	0.0376050558998026	0.0458524376009806	0.0347164017916674	0.0291440128526151	0.0291427723795132	0.0247942346100178	0.0236157203343759
72045	80-84	2	0.0560039859479277	0.0646531580186886	0.0673627971722024	0.0587988931830577	0.0617422269759922	0.0582064943324723	0.0465059798499803	0.039846365544466	0.0525607959466855
72045	85+	2	0.14173269237116	0.148104712894185	0.113800293168524	0.141358777415704	0.114447442728455	0.123777201946079	0.10160879183765	0.0947348947852042	0.0825468927773917
72047	0-4	2	0.00255741094357041	0.00168317347652817	0.00192420444077394	0.00166959060366474	0.00189428706553616	0.00133956385662368	0.00120482914657058	0.00111942856111076	0.00124079460281895
72047	5-9	2	0.000142505115163526	0.000130998635524306	0.000134516595658401	0.000118956465905179	0.00010362302565778	9.22951625386384e-05	8.46636747384001e-05	7.59675818973792e-05	7.72613529501383e-05
72047	10-14	2	0.000148603934269647	0.000151246562853409	0.000148014166011381	0.000151523444837609	0.000119676472340652	0.000123852040585866	0.00010829609760028	9.26845646949907e-05	9.40429154240496e-05
72047	15-19	2	0.000477163393130018	0.000469444449284729	0.000440807681622055	0.00040722421103541	0.000375891086646992	0.00038900285182949	0.000330581041518335	0.000288826218700631	0.00032490315763185
72047	20-24	2	0.000860539406484441	0.000872318115620436	0.000852011597551184	0.000892339461483483	0.000645724290711701	0.000644686139304194	0.000623538090187283	0.000576320225740679	0.00061552762188914
72047	25-29	2	0.00114698672863586	0.00104480321974179	0.00131957721188429	0.0010110445915778	0.000903907161469345	0.000805286346295141	0.000735355353310453	0.00084568818143247	0.000723024459951639
72047	30-34	2	0.00124022084694024	0.00141661224084075	0.00126925009750314	0.0011043357097832	0.00111436152973416	0.000870404251047569	0.0011080648381831	0.000864737597595462	0.000806688789825005
72047	35-39	2	0.00190284287476151	0.00165617811489775	0.00162276300251061	0.00181054307433924	0.00148497331180942	0.00117905357661452	0.001290431089433	0.00109407978614288	0.00109221384701062
72047	40-44	2	0.00181895346273352	0.00207035647228766	0.00180030748158155	0.00158681857813049	0.00145713171743461	0.00149483751342836	0.00172239269232983	0.00128928422618967	0.00159754172250194
72047	45-49	2	0.00306988972459816	0.00332735224472293	0.00305108057964521	0.00286520788694203	0.00200121111913948	0.00270699878498959	0.00185692319166665	0.00210235430246717	0.00174043170850847
72047	50-54	2	0.00374253405643413	0.0038752450241618	0.00377701367690421	0.00317435744661922	0.0032568318699915	0.00384508460939732	0.00281337466805722	0.00244567425664647	0.0027960760471889
72047	55-59	2	0.0058035586446331	0.00608670819844019	0.00571744401735374	0.00433622519748988	0.00536445498225982	0.00423868549619197	0.00351306564045273	0.00439215589495516	0.00388594018344075
72047	60-64	2	0.00827026120886942	0.00857413162543894	0.00805628012820385	0.00900849852400149	0.00742017111229365	0.0065501220734962	0.00579907412694374	0.00684572638606992	0.0046086664718551
72047	65-69	2	0.0148131656764053	0.0166177007111401	0.0165990343909632	0.0136377600134573	0.0118098742951128	0.0121526114596673	0.00963037440112994	0.00975400047712021	0.00910353246035401
72047	70-74	2	0.0238847712374735	0.0237996703745305	0.0216755373029509	0.0197791477770611	0.0160954147173704	0.0188513771156483	0.014063145596945	0.0113535144358711	0.0117135759104978
72047	75-79	2	0.041748484238599	0.0458275686903165	0.0397707123955814	0.0334088234909631	0.0295011400441725	0.028527815643956	0.0262978810450025	0.0265245487357861	0.0195129460942158
72047	80-84	2	0.0712581036576641	0.0669110003869155	0.0671417139647835	0.0678064024325776	0.0494094656183091	0.0574917310400829	0.043740143875651	0.0413648948129346	0.0393952710087766
72047	85+	2	0.162068649516385	0.137041472254452	0.144781096769377	0.13657747147003	0.105695380191297	0.111009158120391	0.127296422919072	0.102562019429935	0.0946273806706178
72049	0-4	2	0.00216265240676332	0.00197182159512126	0.00177342494994872	0.00151440834130244	0.00136178003001549	0.00156675008830897	0.00157876095894261	0.000977570639313529	0.00118252357573281
72049	5-9	2	0.000127892437130025	0.000117875263604769	0.000115067726112934	0.000111970754471985	9.66559785043653e-05	8.98008740216051e-05	8.18613947280364e-05	7.29701566253771e-05	7.39550590993119e-05
72049	10-14	2	0.000149119351137389	0.000144696142988925	0.000141234140641104	0.000137489352424085	0.00012503670171797	0.000110233137220426	0.00010047342725574	8.96111862227952e-05	9.07953191265974e-05
72049	15-19	2	0.000495225478408283	0.000480823044681256	0.000469469631937128	0.000457091880468465	0.000394786097851532	0.000366510481392587	0.000334250910616176	0.000298381712471705	0.00030275898973962
72049	20-24	2	0.000969372541140282	0.000897548673347648	0.000877620883769898	0.000898496235187388	0.00073717276071395	0.00072217092969877	0.000624506877438671	0.000556720724604152	0.000564863348975632
72049	25-29	2	0.00115421909068537	0.00111834423325287	0.00109096104843057	0.00106254094690176	0.000919936959022717	0.000856559373395948	0.000783331599535605	0.000696900581796726	0.000705774250845787
72049	30-34	2	0.00138241352777419	0.00133978361333984	0.00137619439174156	0.00127441111811816	0.00110175249617987	0.00102223060307176	0.000932492231731804	0.000928230525688699	0.000845193989306158
72049	35-39	2	0.00172679545091396	0.00166508340017499	0.00161896057897382	0.00165619520644569	0.00136215554125783	0.00126776994341868	0.00115879960687928	0.00103609116327602	0.00105454483027093
72049	40-44	2	0.00214568047581847	0.00218250557156127	0.00211912639810342	0.00194962654390908	0.00168530173081515	0.00165182852587421	0.00166577202772808	0.0013436936901269	0.00143679955721137
72049	45-49	2	0.00287167556071566	0.00276774072296945	0.00282179810379788	0.0025970768447291	0.00248606185419648	0.0022096404263269	0.00192498296098968	0.00171064806235253	0.0019171063550414
72049	50-54	2	0.00480411257169864	0.00400563722514949	0.00408395007589568	0.00392010665312463	0.00338058826405546	0.00299023174275606	0.00287303943340513	0.00245740433532126	0.00247332157412933
72049	55-59	2	0.00589104446767916	0.00596524856520518	0.00607619906704924	0.00560074120146275	0.00505332081464375	0.00489061751762085	0.00406238353126521	0.00364949478070397	0.00352980292112237
72049	60-64	2	0.00935936581916835	0.00931232648152329	0.00812833559832974	0.0078759571657268	0.00752316497172367	0.00635843070008022	0.00687007156329414	0.00550418156073453	0.00534195678683382
72049	65-69	2	0.0132573741621525	0.0132943623321122	0.0122397376950851	0.0124110840407285	0.0107982222235462	0.0100397004159571	0.00905701088818764	0.0072947559704632	0.00860543024872423
72049	70-74	2	0.0219043539671142	0.0195352658940754	0.0216660008062408	0.0200505573914235	0.0149972510930399	0.0148213642481555	0.0161770542489646	0.0113014820582631	0.0132525547881945
72049	75-79	2	0.0331282593828122	0.0308566709545627	0.0351632592920419	0.0306836484579149	0.0266524844894553	0.0226899292726514	0.0224122185638082	0.0206521954403716	0.022158983890577
72049	80-84	2	0.0517892105754465	0.0570252675992627	0.047489024066696	0.0450819241076396	0.0466648493674378	0.0411648302380522	0.0382438435494408	0.0375801823828833	0.0393153637594989
72049	85+	2	0.11253772903859	0.114033583858036	0.111733295542325	0.128751680564326	0.095974847648677	0.0929208072979524	0.0840224883885114	0.0757582675105535	0.0849551849679162
72051	0-4	2	0.00242854782882633	0.00225292949706831	0.00232016076252121	0.00209026968002251	0.00138014474883794	0.0013587455372607	0.00104386427602625	0.00130642278383824	0.00106319288193851
72051	5-9	2	0.000152567887451144	0.000134441496552895	0.000118881013039369	0.000128143862795617	0.000100501429958999	9.34146395995544e-05	9.44713858936526e-05	8.09417250001496e-05	7.82434406431668e-05
72051	10-14	2	0.000159536032308042	0.000162218927331863	0.00015086456214441	0.000147897100533378	0.000135254414128345	0.000119629249447382	0.000103980432843848	0.00010343020573458	9.52509461168976e-05
72051	15-19	2	0.000455866906774362	0.000485469309907045	0.000474831875131559	0.000529675920529391	0.000391173620671253	0.000349521130391406	0.000388143367595245	0.000305902815556625	0.0003277324082378
72051	20-24	2	0.000839003705288434	0.000883551079068297	0.00088905234612866	0.000851391681515579	0.000753524480119768	0.000701179525340697	0.000594132723644776	0.000565274415824561	0.000568116692382496
72051	25-29	2	0.00117673354134772	0.00117995465141716	0.00123622912128022	0.000991754883451521	0.000918938454601686	0.000901248949718653	0.000834780188708981	0.000738294157816769	0.000736506721083937
72051	30-34	2	0.0012797697142333	0.00133350167753825	0.00155908561505944	0.001703011368335	0.0010556643054321	0.00101295567866323	0.00094594306508548	0.000811256948421785	0.000899019152391001
72051	35-39	2	0.00144441078427816	0.00170118984467117	0.00141984054625661	0.00159728801848542	0.00122188710087398	0.00129928484807313	0.000996217455820891	0.00109704578257723	0.00108924174870462
72051	40-44	2	0.00227087391250559	0.00168679517828675	0.00193834336100125	0.0019606591844409	0.00185942634678294	0.00150310339489951	0.00162836889628886	0.00126341851806685	0.00126245451907358
72051	45-49	2	0.00274856135142455	0.0025414630383237	0.00256716854905995	0.0033648795653701	0.0019878128086595	0.00211460738146133	0.00205488749168847	0.00159365125558134	0.00179455197951254
72051	50-54	2	0.00413057404083123	0.0036479513066493	0.00357303041699299	0.00415121922794346	0.0033735758765317	0.00388953240259853	0.00273364024745186	0.00299435567321012	0.0018937800311045
72051	55-59	2	0.00689019113091921	0.0061526537187165	0.00520404880172372	0.00501999142040084	0.00499949524619978	0.0053757091014686	0.00504603823860321	0.00422886990044424	0.00408753865553025
72051	60-64	2	0.00818115099433023	0.0115131913638528	0.00947325171831697	0.00891932510517915	0.00809316473523004	0.00639999736136235	0.00541169064874001	0.00587918900174666	0.006955972737017
72051	65-69	2	0.0146625404435632	0.013392332527822	0.0117571333153464	0.0128707144124886	0.0121210656929394	0.011548150897061	0.0103110057918206	0.00802985754251579	0.00901330989812962
72051	70-74	2	0.0227023378275557	0.024337743747184	0.0207629715536531	0.0224412315085895	0.0223766363428551	0.0182124671831531	0.0145335407752401	0.0145343767111262	0.0123559054481508
72051	75-79	2	0.0340406157724245	0.0366205150169099	0.0423677069729326	0.0346528161990477	0.0363259146347204	0.0281047940348031	0.0249014465549043	0.0216420647591044	0.0197926282667497
72051	80-84	2	0.0667897657287321	0.068587755939411	0.0617856025345165	0.0622641628101274	0.06518713161888	0.0581420489630794	0.0454206432568649	0.0386558819668556	0.0360980215433363
72051	85+	2	0.144830872632889	0.153285128569637	0.121438119757667	0.123235778223902	0.120397780978485	0.117178808954465	0.111278901534537	0.117601469371859	0.103970082249245
72053	0-4	2	0.00232320782674282	0.00344661070052509	0.0025991353887246	0.00239328969241571	0.00161002817596191	0.00187428387676415	0.00133260188225656	0.00132709403999154	0.00156797709673732
72053	5-9	2	0.000166427840751513	0.000147771493592416	0.000144703230540913	0.000147404132754764	0.000122188787280774	0.000109196853187953	0.000117026408707228	9.49637601471553e-05	9.66744128606896e-05
72053	10-14	2	0.000173755859602278	0.000169741442033407	0.000166441859251173	0.000187748804048752	0.000141561492883317	0.00014642379015924	0.0001221218499171	0.000115853502929176	0.000111830301948833
72053	15-19	2	0.000509797992813432	0.000511299262648071	0.000569290627989882	0.000545309809854544	0.000510823619690465	0.000478430453394611	0.000371300093394735	0.000359446844887068	0.000370184857504514
72053	20-24	2	0.00103457974599601	0.00112967541601953	0.00090575257355101	0.00107901160945169	0.000871568461995999	0.000719786884841307	0.000699062900100515	0.000614366550523382	0.00060933936071098
72053	25-29	2	0.00120375123772133	0.00146353973848341	0.00158288879060402	0.00102959756505509	0.000967189500651684	0.00107214330906177	0.000904574549756025	0.00106500712497711	0.00090684196246404
72053	30-34	2	0.00170738273017623	0.00173907162597466	0.00151723637470753	0.00147502671683426	0.00120931792703685	0.000989204061275087	0.00112006227283291	0.000864703135994045	0.000864568796122028
72053	35-39	2	0.00204892593184425	0.00193943515035474	0.00207393072565479	0.00210526939828166	0.00182570588087205	0.00147436272328165	0.00131273957995703	0.00123050221980801	0.00132225722444473
72053	40-44	2	0.00235584597467768	0.00225541746540254	0.00258715633536907	0.00231836134587677	0.0019303579717629	0.00224095289543844	0.00165296528033352	0.00158468548578777	0.0017521804915853
72053	45-49	2	0.00393979710761424	0.00334011580375985	0.00363080877916672	0.00351782484376999	0.00284086278363797	0.00248898647267039	0.00340296565670618	0.00278690175270425	0.00224551894446358
72053	50-54	2	0.00476839969759575	0.00398877872600185	0.00462350008800312	0.00426789444382143	0.00390358904609875	0.00434765675657986	0.00399392576910844	0.00304086653967096	0.00335656832904036
72053	55-59	2	0.00712429326419417	0.00662838634817106	0.00581389298484232	0.00577462725048827	0.00741375533392476	0.00586774142416718	0.00602999231397022	0.00542706666762729	0.0054523536890333
72053	60-64	2	0.0110452082360415	0.0119881233407788	0.0104134583445154	0.0123177149559806	0.00951466500933432	0.00771729738948656	0.00815683164541218	0.00758289199771835	0.00624449541889538
72053	65-69	2	0.0145386865397279	0.0178599401343953	0.0151527517855732	0.0131712944196028	0.0136684891189508	0.0154646517848342	0.011570669987769	0.0109486301112879	0.0103204999242879
72053	70-74	2	0.0366171698370437	0.0289944288120579	0.029171915167069	0.0236377916385374	0.0222684450387888	0.0226558831004484	0.0171568546599744	0.0139039285852069	0.0133305598765111
72053	75-79	2	0.0426589601071854	0.0360037266162028	0.0356621175652644	0.035466749589824	0.0341847449304642	0.031027073148451	0.0338869061961983	0.0266728685034109	0.0252766204935363
72053	80-84	2	0.0677572880349124	0.077963401608771	0.0699942811879555	0.0744927372244852	0.0596489402601725	0.054541743196853	0.0514403569427221	0.0409804433644154	0.0445162308891851
72053	85+	2	0.176496505884407	0.162976381357962	0.128781432211688	0.1417584140538	0.135637067133921	0.116561961351895	0.117702571009521	0.112943738076057	0.102541782556558
72054	0-4	2	0.00284260667820233	0.00241168469270547	0.00216804261111445	0.00188070334072569	0.00148855171509152	0.00137396761907589	0.00147379229239814	0.00150769297220626	0.00133573527688499
72054	5-9	2	0.000134345784025546	0.000144748593836425	0.000134014260280028	0.00012348170959745	0.000106658613608237	9.93436249383781e-05	9.06016232985716e-05	8.11257021240707e-05	8.22121343059165e-05
72054	10-14	2	0.000173090565585749	0.000159640640762474	0.000163793840114594	0.000159138547715403	0.000130654143928502	0.000121505480244198	0.000110804678818064	9.92536857801074e-05	0.000100709523396027
72054	15-19	2	0.000531950187269947	0.000597216403664487	0.000501279319747299	0.000537560943635145	0.000422403453482978	0.000432938254813557	0.000357865722037274	0.000395173282966113	0.000328592722736656
72054	20-24	2	0.00096428528833984	0.000933426548021389	0.000994436290422956	0.000870610479450307	0.000830182804237509	0.000744812681633596	0.000649574910762945	0.000586388065042322	0.000627276381032949
72054	25-29	2	0.0011911107765252	0.00116135104527281	0.00129405395426807	0.00123003773684854	0.00102239823929054	0.000964070457228888	0.000816097552285379	0.000733210819810084	0.000779014239408056
72054	30-34	2	0.00148113087098614	0.0014963065716974	0.00131305760827731	0.00131195070952483	0.00114243386935841	0.00112080378562287	0.000994163067471774	0.000968844292124961	0.000973800955274575
72054	35-39	2	0.00192020315301502	0.00182913993961646	0.00183051762482735	0.00159968943546665	0.00152246073401122	0.00130835776693086	0.00114762497352082	0.00110288198541447	0.00125628405212192
72054	40-44	2	0.0022717185211635	0.00214287997756936	0.0021367775812455	0.00213787598204644	0.00169985013466783	0.0020402416303931	0.00151902424444344	0.00151327490874396	0.00147539032712435
72054	45-49	2	0.00325497178811494	0.00294024510970227	0.00328033606385695	0.00293165545089766	0.0024457016933687	0.00221891456630941	0.00195535539525716	0.00177612773122796	0.0018839829751056
72054	50-54	2	0.00408730499796372	0.00446146480675222	0.00413554556013029	0.00450628638805616	0.00358874935048972	0.00337955496518969	0.00289437479378711	0.00270376246464529	0.00241184495108091
72054	55-59	2	0.00643135036846776	0.00797050612128478	0.00730425372409308	0.00551266723889471	0.00456088624776708	0.00618929476543815	0.00417689606490779	0.00370134480987122	0.00470131831775118
72054	60-64	2	0.0109986290410114	0.0108055796216053	0.00870770791328568	0.00926149072228401	0.00757598882307848	0.00854227257756999	0.00610637152260827	0.00540081736886114	0.00623383249968664
72054	65-69	2	0.0153091437690837	0.0173811705557188	0.0181051557994853	0.0140787846082468	0.0124375294288491	0.00848150212250222	0.00827766381834841	0.0086516093988299	0.00750956214241197
72054	70-74	2	0.0269586401089633	0.0305295564608608	0.0289290414268041	0.0294135095291262	0.0219289264622201	0.0191365597756155	0.0135295072202536	0.0131402419322389	0.0132623047455554
72054	75-79	2	0.040860509431078	0.0420163687760539	0.0442491236105867	0.0461889198571931	0.0300669329084985	0.0369243471762332	0.031129907001885	0.0267908710320116	0.0161927833007933
72054	80-84	2	0.0568021715455307	0.0844864447133732	0.0838803299058777	0.067194841768385	0.0645788209928418	0.056640166297387	0.0453518108912262	0.0443754545079365	0.0406595812775742
72054	85+	2	0.143275385061198	0.162121368227903	0.131851388604526	0.11990736848157	0.126848649807749	0.120106919165312	0.130293380132071	0.0975105790666589	0.100640809693287
72055	0-4	2	0.00280833720473083	0.00252396541585003	0.00265452570894159	0.0028079199755023	0.00224906850401941	0.00176436396707525	0.00197365569464521	0.00146799812500117	0.00146317479433647
72055	5-9	2	0.00018399549975826	0.000162504604948612	0.000159052474824842	0.000147503114933166	0.0001280514483654	0.000113635766750636	0.000104120764615098	9.3444061279685e-05	9.49406266381618e-05
72055	10-14	2	0.000192650641765976	0.000196558759336187	0.000174090100289322	0.000179183161157424	0.000156020380554487	0.000138525860819434	0.000133909855582783	0.000114390091725012	0.000116210575568274
72055	15-19	2	0.000743949651777338	0.000657157175168922	0.000559671286127373	0.000574221660817344	0.000508050795974533	0.000457332533708867	0.000444574344309562	0.000388694253754925	0.000378845722830528
72055	20-24	2	0.00109996028005463	0.000978520246342407	0.00108018662966249	0.00112712761218916	0.00080141703225128	0.000770776121613999	0.000723831094436243	0.000666776577234149	0.000690254715378259
72055	25-29	2	0.00126407801650392	0.00129890286947081	0.00126943114563439	0.00117126316290572	0.00122730206493115	0.000981632088723848	0.00094032980111803	0.000876776794596902	0.000857684723108762
72055	30-34	2	0.00158318288143082	0.00178487775996526	0.00155866557882943	0.0017748190929236	0.00127992771129997	0.00120510597584251	0.0013487165731043	0.00103470350155482	0.00118230794095973
72055	35-39	2	0.00198289431095255	0.00216612848109298	0.00204463912260461	0.0020888880272469	0.00153617606838133	0.00165922201619231	0.00149824767606874	0.00117273967937047	0.00142397366531229
72055	40-44	2	0.00267571809935486	0.00246465230460465	0.00263384171171988	0.00235798535834484	0.00231042626513246	0.00213393912579703	0.00218083250553821	0.00174861575571464	0.00166268492164182
72055	45-49	2	0.0032769784465449	0.00314942980212112	0.00307078946067038	0.00292350473422552	0.00301475147748677	0.00266539041569578	0.00242995790975757	0.00247130640577904	0.00237761526588353
72055	50-54	2	0.0048816719014845	0.00539773982398632	0.00477245792355301	0.00550396425731746	0.00433561265982922	0.00338209422232581	0.00315748061721339	0.00314393685642422	0.00349826469349462
72055	55-59	2	0.00746418065719101	0.00700895699964861	0.00526258178887146	0.00727010453118111	0.00660123454730596	0.00557910321128559	0.00535103462936231	0.00618349290168834	0.0049707010305141
72055	60-64	2	0.0112860325152878	0.0134835519236912	0.0126220817786658	0.0114616728477163	0.0101343694314116	0.00752330824904272	0.00989153156244014	0.00656303184883983	0.00753155251626832
72055	65-69	2	0.0200706485399583	0.0222262478547523	0.0162467056663985	0.0182142724307028	0.0138884405895066	0.0136135079337654	0.0105527211961666	0.0101434097179396	0.00820082808277542
72055	70-74	2	0.0294452540801867	0.0304923255640251	0.0317869619340122	0.0262118376411967	0.0274139178379814	0.0222647088756364	0.0186423059020433	0.0206299236988442	0.0186092808494393
72055	75-79	2	0.0482880366575723	0.0470679180031032	0.0461126537346256	0.0381472345892602	0.0408631820754464	0.0395326057726595	0.0342615842674195	0.0304603434143149	0.0300062111129769
72055	80-84	2	0.0658917985132659	0.0639154772798818	0.0691189133996922	0.0852173261296885	0.0595021197045019	0.0544185058397159	0.0533324600144921	0.0483232992870662	0.0504373010633044
72055	85+	2	0.126884342432483	0.161818687043671	0.165900663451156	0.147269304362818	0.139938532210471	0.14124432156039	0.124857270814095	0.140542689793642	0.128244824318047
72057	0-4	2	0.00385478015263071	0.00316629929460136	0.00284465032172902	0.00179084357932477	0.00204482698200617	0.00168944614855054	0.00148935153734025	0.00138039013269158	0.00130931134346007
72057	5-9	2	0.000157366138030173	0.000132934156936301	0.000136875129155209	0.000140765770330785	0.000122984711146643	0.000114925953301667	9.56374938453516e-05	9.08761739840261e-05	8.82926964111198e-05
72057	10-14	2	0.000217492868065047	0.000185329882858874	0.000165493618753669	0.000169851739299813	0.000141536456021285	0.000132382735872979	0.000122020966135746	0.000105153252719359	0.000119185384058804
72057	15-19	2	0.000507294109542806	0.000563974126124672	0.000512954774643044	0.000483217039420526	0.000472062200440825	0.000448670186313296	0.000367447267731562	0.000356657710858399	0.000336652677925166
72057	20-24	2	0.000825790903198481	0.000846470391703122	0.00090053121954999	0.000848724573178082	0.00070027539993492	0.000728350724480369	0.000631613091776045	0.00073010849328485	0.000637103724837033
72057	25-29	2	0.00121618492587153	0.00110138863781504	0.00111567673553312	0.00108899932336225	0.000874746540167635	0.000857495761183046	0.000864895692004931	0.000699987961915513	0.000782862947259969
72057	30-34	2	0.00133850005107396	0.00128935968930626	0.00153761768301028	0.00133004435101662	0.00126002343290759	0.00107874291729017	0.0011369787203555	0.000913033993840666	0.00127481225073871
72057	35-39	2	0.00185694600836103	0.00186419365558554	0.00183359059506871	0.00160460736860519	0.00134905558313498	0.00152523870612903	0.00136802460550072	0.00122801314511996	0.00111904421375492
72057	40-44	2	0.00223556891902947	0.00219881425559768	0.00218108738815476	0.00217236097569971	0.00200433820093231	0.00234757103152368	0.00151351711431513	0.00150940504823365	0.00141916040466781
72057	45-49	2	0.00286792018963974	0.00326548257603525	0.00253984842465305	0.00317163550661774	0.00260790692754782	0.00241800845316031	0.0025033398946776	0.00174781427023264	0.00284109201312024
72057	50-54	2	0.00605615146386872	0.00446722286077468	0.00363201943978495	0.0044714640773625	0.00392255367154418	0.00366244431081209	0.0031239987656721	0.00312661878769703	0.00333596219094138
72057	55-59	2	0.00697089044206138	0.00640592573752185	0.00621543514854573	0.00667172396839556	0.00571669984785845	0.0046497707221939	0.00473293994596788	0.00408127234552838	0.00439004193295441
72057	60-64	2	0.0122574106158469	0.0115506624141778	0.00922856838964939	0.0092831657507408	0.00750482201681623	0.00867904464451498	0.00619678229086422	0.00556512543424292	0.00613678850193101
72057	65-69	2	0.0185014246500281	0.0195312476319001	0.0152866025258057	0.0144716497274802	0.0153172533401895	0.0131379739205787	0.0112419839874033	0.0105008918371827	0.00903714314860631
72057	70-74	2	0.0271309294760247	0.0295249213211884	0.0280525721828783	0.025364040793654	0.0173633631061934	0.0233850802489542	0.0164195576200649	0.0163219426948678	0.0154803153569992
72057	75-79	2	0.0425785844128931	0.0460812248595137	0.0413872067244478	0.0343238247315328	0.0344288405615821	0.0261763183464182	0.0307269102348633	0.0251076496152404	0.0311683267095739
72057	80-84	2	0.0751240194190597	0.0724931684503861	0.069288278500951	0.0762273233388684	0.0650547638053831	0.0712738982369429	0.0516822816657071	0.0438898890555183	0.045658013024887
72057	85+	2	0.154042020853013	0.146664304218052	0.140469972392915	0.145952465335943	0.120661312494556	0.124709056331737	0.120255251487726	0.112476751360135	0.126242786625674
72059	0-4	2	0.00283557347772054	0.00212896824836289	0.00218473765326928	0.00235765847622598	0.00177100981753025	0.00157215840348938	0.00164171918708032	0.0012981603782692	0.00119738072501689
72059	5-9	2	0.000150573174224534	0.000132928374547479	0.000136633253168886	0.000147553442240445	0.000110220910998457	0.000102939293784672	9.40716034128371e-05	8.43396704010443e-05	8.57552584026313e-05
72059	10-14	2	0.000192290981891465	0.000169857710180258	0.000165910135265532	0.000161862296497187	0.000148201412144698	0.000125373003134542	0.000120880230141875	0.00010302203940752	0.000122343595838916
72059	15-19	2	0.000549641189650336	0.000515853169622806	0.000530523551204641	0.00047431587558434	0.000439800564632727	0.000415456767867776	0.000402464905920379	0.000331552092452951	0.000338555893319406
72059	20-24	2	0.000966492445120799	0.000952274711722707	0.00093206032529544	0.000864783021292876	0.000761547310488782	0.000794635295453776	0.000651813374850877	0.000656118484171628	0.000641393889998711
72059	25-29	2	0.00114550460514491	0.00132910276252603	0.00109662903682277	0.00115630203475703	0.000899626450414372	0.000969651119844754	0.000876022203888049	0.000746623569059528	0.000763540255599043
72059	30-34	2	0.00143492732523235	0.00152365474625321	0.00149139015934384	0.00139684685970952	0.00130526030503463	0.00114485118697839	0.00111890550701872	0.000869762511593076	0.000942012724480634
72059	35-39	2	0.00191554792730962	0.00191712864779736	0.00172115870898722	0.00161640635114213	0.00156723558506609	0.00143880051496377	0.00134401181971696	0.00108850641435083	0.00117672353027434
72059	40-44	2	0.0024545312418074	0.00212120825363224	0.00225278000816577	0.00224827895541877	0.00187148171842916	0.00194288646648488	0.00173135759184682	0.00149294229526469	0.00165703762978264
72059	45-49	2	0.00283144025703069	0.00320232813550458	0.00243267937551244	0.00240571749121182	0.00247024874766078	0.00236833722520235	0.0024843690155049	0.00187538970438102	0.00201663302446538
72059	50-54	2	0.00412922513557974	0.00405627659935158	0.00415051187482755	0.00328795067541692	0.0037425926458409	0.00360965728280078	0.00368421194435897	0.00297382014483496	0.00309198107931921
72059	55-59	2	0.00739530785825648	0.00739959130177641	0.00521646978313332	0.00622408366104087	0.00529228236816988	0.00516840103598123	0.00538840884531166	0.00443133916625845	0.0039563973939293
72059	60-64	2	0.00949048970560659	0.010033350036469	0.0106961042460988	0.0127092381535917	0.00940650412261651	0.00913773137997476	0.00718617923171222	0.00783467704699907	0.00938598608580514
72059	65-69	2	0.0165866953604838	0.0189094335439099	0.0158853246088438	0.0143694115967747	0.0104575749445858	0.0123013585478812	0.0122697627806284	0.00754400512266386	0.0105222442997431
72059	70-74	2	0.0251314516795442	0.0365665708099275	0.0329458800823274	0.0306108435212876	0.0249622036270604	0.0210590323011118	0.0195320160384793	0.0171638969176517	0.0196585480218219
72059	75-79	2	0.0495403183629081	0.0454705345536743	0.0385993985288306	0.0349606692839683	0.0362557112440052	0.0377363325800903	0.032404623867151	0.0235651334820866	0.0211747725280756
72059	80-84	2	0.0637903837269473	0.0723533669248985	0.0763966210094652	0.0704542237619833	0.0657354698115219	0.0747293205526966	0.0585007874926002	0.0421946992101843	0.0424264984580943
72059	85+	2	0.147014568208025	0.14104324500184	0.131171922342557	0.117520080051245	0.140746228058274	0.133434277817362	0.104370480328553	0.116185740265989	0.102157517535482
72061	0-4	2	0.00265911943378326	0.00230408160678576	0.00224708312335156	0.00180997336061193	0.00181537147092406	0.00156948583419043	0.00141579653836775	0.00104693201889739	0.00116550872572727
72061	5-9	2	0.000132677891878162	0.000112472633392584	0.000126984190918476	0.000124165789538855	9.92699566680919e-05	9.3596808823892e-05	8.25132499084422e-05	7.45989061369884e-05	7.23855190701503e-05
72061	10-14	2	0.000143671489862129	0.000160567074512224	0.000144644286419949	0.000142372981128897	0.000131614270203114	0.000102492327608394	9.94114419367228e-05	9.01410071319494e-05	8.76867243761773e-05
72061	15-19	2	0.000384027156880065	0.00041412792479342	0.000446486213650472	0.000395266632072582	0.000402818147889632	0.00032654978684514	0.000296532679935402	0.00026569175431384	0.000300557035905501
72061	20-24	2	0.000747319282430775	0.000716968913201509	0.000805943684530268	0.000705535766673537	0.000667747603680786	0.000617461272085057	0.000521604416792429	0.000514013037248347	0.000472088240086394
72061	25-29	2	0.000966083135521765	0.000959631900617228	0.000866281943217287	0.000905659809880871	0.000711039140927176	0.000726527787691421	0.000712092515738376	0.000606009586651376	0.000794688095032114
72061	30-34	2	0.00122742686928502	0.00111571919703146	0.00151260874293934	0.0013369865891589	0.000931986667648545	0.000933084881657528	0.00073534425964804	0.000701659663274085	0.00065838258283277
72061	35-39	2	0.00130605796513923	0.00140035737161175	0.00140003000057503	0.00155504802607327	0.00103720900715559	0.00113184485769646	0.000987775382842772	0.00119870756753869	0.000891029434285668
72061	40-44	2	0.0014226318146548	0.00153661964230468	0.00200794252001258	0.00164457366377649	0.00173369925442097	0.00142216307162863	0.00117943301929117	0.00123677218526176	0.00124223963981277
72061	45-49	2	0.00227676815176919	0.00231197944677355	0.00249021709342664	0.00276764092697284	0.00248956425207982	0.00219351627197978	0.00178395383291521	0.00147154179601233	0.00142404403205649
72061	50-54	2	0.00309851769361692	0.00370091372514091	0.00370707107222274	0.00321252682015623	0.00350920691072574	0.00309686586606973	0.00255740436568278	0.00221959554246346	0.00214981561575743
72061	55-59	2	0.00560062455500215	0.00437271853426008	0.00376583055643918	0.00488051057277907	0.0039759836962246	0.00458063830461426	0.00442827873122817	0.00306706449400059	0.00337740370918013
72061	60-64	2	0.00829025942362867	0.00696020243535735	0.00721415309617299	0.0078845951662136	0.00599479828908892	0.00564923013905013	0.00499644293100199	0.00407127437410069	0.00499521730375777
72061	65-69	2	0.0133641833695149	0.0106382062765779	0.0129126214568262	0.00978282300061927	0.00912103341929964	0.0101780711572592	0.00808526447138262	0.00794779853764493	0.00764116564636235
72061	70-74	2	0.0234652334794012	0.0191686803032305	0.0217227470894088	0.0187342637516883	0.0163345386973551	0.0140478148393956	0.0135461357040326	0.0114070398751937	0.0122012559804404
72061	75-79	2	0.0364619682873073	0.0338184363707176	0.0344653200600676	0.0296325729898646	0.0280682778971552	0.022643892202665	0.0235720948092924	0.0195223722861358	0.019649068994956
72061	80-84	2	0.0695851988571861	0.0625504464592749	0.0526075870660096	0.0553100186762865	0.0484705234184961	0.0483156800057106	0.0411058086935501	0.0342801732580953	0.0326511487573713
72061	85+	2	0.13614480561966	0.151776739841335	0.136440776796093	0.130360976432538	0.117016029456205	0.119275431170871	0.120285379201306	0.107754798707654	0.111457509025191
72063	0-4	2	0.00285735094378605	0.00204115442253465	0.00193103980416253	0.0025637696568855	0.00159324647625122	0.00133869660401505	0.00126031711552425	0.00113516986430955	0.00128121265423703
72063	5-9	2	0.000131571431944764	0.000134199716535992	0.000118343548826656	0.000120621938583552	9.92575434132499e-05	9.22809541667153e-05	8.46051416883219e-05	8.02340448163776e-05	7.77526644602301e-05
72063	10-14	2	0.00015974930965097	0.000147525834763368	0.000166972627880299	0.00014694044164141	0.000127095650058417	0.000117735798316978	0.000107937233549314	9.27614893306434e-05	9.95611044811658e-05
72063	15-19	2	0.000528804163832729	0.000491581255000656	0.000478605823100043	0.000505250843993068	0.000368200802253408	0.000372558265869229	0.000342526156561354	0.000313648619697789	0.00029486351167769
72063	20-24	2	0.000872117182699153	0.000802639065998156	0.000843900173738182	0.0007839737597559	0.000687422948983273	0.00067572501378004	0.000615285741874162	0.000496261323700095	0.000524215153179634
72063	25-29	2	0.00097395354397493	0.00104220257184575	0.00103918054115758	0.00112344568042802	0.000785620018896382	0.000962181415301995	0.000763514177261866	0.000612389439253741	0.0006431706076577
72063	30-34	2	0.00131829719746337	0.00120904216793268	0.00154587568429486	0.00131152997729729	0.00110659806032708	0.000876749586189719	0.000885269546703206	0.000892768782899069	0.000757523375813517
72063	35-39	2	0.00176114237884153	0.00181919010314761	0.00168587262730589	0.00140636028998213	0.00117682036112501	0.00101764471865281	0.0012362629232824	0.000976637076298156	0.00115716893142893
72063	40-44	2	0.00214602637249684	0.00229676285307081	0.00210315907605649	0.00195458740627801	0.00201319084682207	0.00181403951208216	0.00135630857331166	0.00136145702219684	0.00130062313768918
72063	45-49	2	0.00249556208512071	0.00255614352582524	0.00293055285306974	0.00287431777037426	0.00191563881127536	0.00187392411815803	0.00177708759126387	0.00199952672174099	0.0015903623223502
72063	50-54	2	0.00440808811600832	0.00442864524883179	0.00378967429503925	0.00382286081038116	0.00338746370785542	0.00280597440475189	0.00271712142781964	0.0025348261833801	0.00236795851156689
72063	55-59	2	0.00565073225166334	0.0066866132200392	0.00508743103141332	0.00473543783566163	0.0044611444962941	0.00442963318489496	0.00377536650309321	0.00356908249146037	0.0038340633080417
72063	60-64	2	0.00919569878077001	0.0122683212542263	0.0092654249148695	0.0101261707329925	0.00747913590683044	0.00779948819185003	0.00522319403469575	0.00526053254544555	0.00528583103784491
72063	65-69	2	0.0167002247512257	0.0172474220285694	0.0132583328964189	0.0150296598520011	0.012171176712445	0.0101845004042682	0.00862899575256545	0.00949448698175323	0.00847805316085712
72063	70-74	2	0.0311223273574426	0.0225263510184559	0.0268170911492456	0.0245848907421993	0.0174960621143123	0.0165507337851726	0.014404219853164	0.0134533720722658	0.0135809191614753
72063	75-79	2	0.0423659998219764	0.0460435203073062	0.0384350670436958	0.0446182693508194	0.0287230207733058	0.0284262561097967	0.0247879898746032	0.0178091055260572	0.0278291568859489
72063	80-84	2	0.0692931387237049	0.0740680865253111	0.0639841617463455	0.0600357605006389	0.0612404166062965	0.0584448126479464	0.051303896638791	0.039025440624551	0.034044608031269
72063	85+	2	0.132233883944235	0.108479794620436	0.131592241618369	0.109098891664083	0.120187598938984	0.103810977534413	0.108720852556934	0.101555544988164	0.101806631218279
72065	0-4	2	0.00215868527363077	0.00202282572851402	0.00191098570799967	0.00167202477595105	0.00128459903248569	0.00150177743222682	0.00120699295714045	0.00103019949063343	0.000945681648668441
72065	5-9	2	0.00012599194380152	0.000122649252500058	0.000125918943270888	0.000122655500338221	9.63730991745078e-05	9.45382964606178e-05	8.2296884760396e-05	7.38886724048731e-05	7.51190207299156e-05
72065	10-14	2	0.000176965287599999	0.000141586301698193	0.000138212161125801	0.000155888610978514	0.000129035147429071	0.000114561507745884	0.000100028300826829	9.48125883952067e-05	9.16492471061579e-05
72065	15-19	2	0.000451785361031124	0.000525693522645378	0.000472053092401242	0.000421539208751743	0.000407424150892063	0.0003492388568852	0.000323588305248635	0.000294475273783651	0.000288339375534615
72065	20-24	2	0.000797806967121325	0.000832401969974707	0.00080511799825678	0.000780779125689257	0.000716565335941437	0.00060048786875264	0.000606959816504694	0.000517202323227373	0.000547885135624042
72065	25-29	2	0.00100461281151711	0.00107566357935481	0.000957784460734398	0.000965694986555921	0.000792805642227339	0.000836635975268971	0.000766187028321974	0.000600185610810866	0.000669915004441044
72065	30-34	2	0.00135009952468468	0.00130529647958509	0.00116200017821462	0.00123036826732102	0.000982321229497788	0.000936404623270975	0.000874436488739495	0.000829252938269825	0.00071424466595184
72065	35-39	2	0.00167046237387966	0.00161240204402262	0.00153281945062048	0.001633488327145	0.00130200585001564	0.0012413623801377	0.00106219195131877	0.000973671402163586	0.00092649859649993
72065	40-44	2	0.00172336889290566	0.00195811956173364	0.00196158418859533	0.0018209577405734	0.00165434210132748	0.00137857787624062	0.00143735669726414	0.00107185095339623	0.0012512876936952
72065	45-49	2	0.0029281897074828	0.00264940265476054	0.00209310089892516	0.0026126828647957	0.00227897264771311	0.00195774790695093	0.00182154105078803	0.00181076953837164	0.00134396736787879
72065	50-54	2	0.00488237371786346	0.00382002287586237	0.00347107026654923	0.00387638288835058	0.00429560596014753	0.00307271985347436	0.00272292178990796	0.00265632798853578	0.00222457654843763
72065	55-59	2	0.00694812768215862	0.00594286553458374	0.0055068114108839	0.00533875752632314	0.00601032418253972	0.00526242092170992	0.00376103699513899	0.00398343444355183	0.00395910325422475
72065	60-64	2	0.00963803405430362	0.00983857249404133	0.00864671712319299	0.0109770188405994	0.00796680892372834	0.00702961784901607	0.00566498282837085	0.00545888441318434	0.00514354327808733
72065	65-69	2	0.0112085665858216	0.0177571638589427	0.0154537543968145	0.0133308703363099	0.0120150730778861	0.0110100520149988	0.0108488590599262	0.00746690085846506	0.00794340070952347
72065	70-74	2	0.0251457027519692	0.0264170555228578	0.0268778642686463	0.0338811174155717	0.0186154170948242	0.0169245825007466	0.0161079043748132	0.0128373088817293	0.0114314802631939
72065	75-79	2	0.0353837458004588	0.0313177136929104	0.0446912556894506	0.0389474285836223	0.0343201788224728	0.030763208684515	0.0245931460914918	0.0246180590788437	0.0220579250765934
72065	80-84	2	0.0710875206571617	0.0673195664676471	0.07722791271114	0.0756438604993215	0.0719085186498387	0.0589359439467285	0.0479843687006743	0.0449020984468374	0.0438347378996409
72065	85+	2	0.14818527240692	0.146643440306294	0.123010840365812	0.126170932884537	0.120209421136749	0.128870100282481	0.111559447057103	0.107975476512195	0.112521714763997
72067	0-4	2	0.0021965999038822	0.00202471378420815	0.00186007314228587	0.00193209358908329	0.00142405690729764	0.00133238438564064	0.00139584681093068	0.00101667138992786	0.00109626976680844
72067	5-9	2	0.000116105019802183	0.000113042483506925	0.000110356347650489	0.000107462779792678	0.000103195389127395	8.64912281722797e-05	7.90833848123596e-05	7.06304737757191e-05	7.164211819443e-05
72067	10-14	2	0.00014946084557988	0.000145075271559536	0.000148944757466673	0.000131279354840345	0.000113890269854617	0.000105792797137146	9.67232318847977e-05	8.65139795201359e-05	8.77168214813016e-05
72067	15-19	2	0.000495794711752592	0.000530421653153945	0.000427417247416426	0.000438821801634576	0.000365828672229289	0.000341532099105587	0.000329061191104047	0.00028114538833275	0.000286577511856104
72067	20-24	2	0.000848527591576169	0.000863983130665558	0.000803188976136497	0.000854995455982774	0.000653403017378034	0.000620249585214661	0.000573094762728469	0.000540583753641162	0.000521420108579118
72067	25-29	2	0.00119418076645323	0.00112216448597725	0.000995863781525492	0.000953633412967112	0.000836686040609053	0.000791998337045445	0.000748231745016032	0.00067801415823502	0.000682207247457681
72067	30-34	2	0.00120085573440224	0.00122947667042348	0.00115043578869783	0.00127602369725118	0.000987554265453915	0.00092990544936742	0.000864601001169414	0.000880450165510411	0.000776093232728371
72067	35-39	2	0.00164664525336739	0.00141564106234816	0.00151512336789214	0.00142923479662416	0.00137395888721714	0.00111620146851121	0.00103230311550112	0.000957037073609611	0.00103273505622063
72067	40-44	2	0.00167488504956899	0.0022245294417275	0.00170868879463616	0.00176378916283064	0.00156555184492051	0.00151725627949163	0.0013488543807895	0.00124288613257405	0.00141678094747273
72067	45-49	2	0.0027880366008434	0.0025977798906734	0.00249486603432117	0.00210992841368517	0.0017467932626479	0.00203464468046538	0.00195707187582374	0.00169972659073249	0.00175499627005472
72067	50-54	2	0.00393788300864081	0.00395082221989467	0.00316937800365792	0.00365717848477853	0.0035318969284596	0.002601457800184	0.00300530293499153	0.00265171835007078	0.00227365535045708
72067	55-59	2	0.00581019588278038	0.00571110139481772	0.00612658327734401	0.00528939610527674	0.00489729401506539	0.00420824742077463	0.00472941968050414	0.00336318803455254	0.00309971318544753
72067	60-64	2	0.0115321291235006	0.00810194836994484	0.00871580524016253	0.00771104221664442	0.00691418197545012	0.00833655098747885	0.00648094110385676	0.00645035551901786	0.00465579790974856
72067	65-69	2	0.0132452841387308	0.0130436152865278	0.0157620806973308	0.0108089338560175	0.0117551077254539	0.0101035965768495	0.00992301865328434	0.00838501013927416	0.00866897027948363
72067	70-74	2	0.0262117084798838	0.0250999395777598	0.020203663466852	0.0226584899774975	0.0200889798698174	0.0153390894296506	0.0121512569150876	0.0136673947477342	0.0120427680292334
72067	75-79	2	0.0376727612696804	0.0444555655847111	0.0321249232525821	0.0327130153598936	0.0266933793026467	0.0248173624168426	0.0282203251047923	0.0208847514467765	0.0217237400694768
72067	80-84	2	0.0439259697111479	0.0530929600135586	0.0559587537693523	0.0618162712704734	0.0537932633135709	0.0492956175330277	0.0488529912855397	0.0349526050243367	0.0329455607838882
72067	85+	2	0.120055761622861	0.10677370554186	0.109525556618994	0.0957348889297335	0.0859494421250179	0.100104789019856	0.108593550146193	0.086855809862482	0.0980624436162042
72069	0-4	2	0.00286954505701653	0.00297356004155281	0.00227515775060492	0.0022293558874751	0.00216606521253642	0.00163233823149406	0.00134670840601647	0.00117276033497392	0.00151933586215877
72069	5-9	2	0.000136563351523148	0.000139139063835412	0.000150074009719318	0.000139982058646828	0.00011681126838963	0.000104318855697259	9.60853335240878e-05	8.25305470041965e-05	8.4014812752973e-05
72069	10-14	2	0.000172581553503843	0.000174428532285028	0.000170914014996117	0.000153194492066102	0.000141260776372727	0.000126067249179356	0.000110662323006962	0.000110785533522415	0.000102114994409328
72069	15-19	2	0.000518911543904463	0.00045526027008257	0.000498279329197106	0.000494462705416772	0.000431875789407345	0.000412309434562162	0.000357336370673395	0.000349324883709934	0.000329644962384425
72069	20-24	2	0.00114782366726631	0.000861841214567095	0.000831408806684075	0.000728761513885731	0.000787447230772368	0.000814263911769826	0.000666176756178378	0.000630901686300371	0.000532519048459313
72069	25-29	2	0.00110108240889149	0.00126242237358333	0.0011595448521817	0.00105629344363995	0.000896913116364278	0.000771702942695852	0.000920899595948986	0.000691977954164033	0.000731625255199615
72069	30-34	2	0.00150841444259332	0.00128000875864429	0.00133003096273661	0.00144373623578699	0.00118495671965887	0.000962927220487327	0.000820512403401208	0.000865594018813594	0.00112353441051419
72069	35-39	2	0.00203937842898058	0.00183625926603606	0.001736541882255	0.00175750896240178	0.00162238180221823	0.00161643535691356	0.00115047883872215	0.00108964152146075	0.00115113010060439
72069	40-44	2	0.00213795101590837	0.00201637517668619	0.00212107515103967	0.00187637520599557	0.00202071484450255	0.00178102235559266	0.00132484918078712	0.00141765700166662	0.00127237591346306
72069	45-49	2	0.00376116235385542	0.00268044349012677	0.00301373588196617	0.00380202750665949	0.00289093152280618	0.00244706613424792	0.00214427496982332	0.00173104125456685	0.00222920666725194
72069	50-54	2	0.00485747723700622	0.0039436164586144	0.00357999413889711	0.00453646015585526	0.00400830722512535	0.00298297743141217	0.0030546797688478	0.00312877107412167	0.00333972873372706
72069	55-59	2	0.00643782885671385	0.00569453090551026	0.00550766487157887	0.00595740518762449	0.00531531399023848	0.00417855673786436	0.00423162805069811	0.00448048306563616	0.00450509625216276
72069	60-64	2	0.0109862474413793	0.0114127588606018	0.0115861246098268	0.0104031252593223	0.00793661025845564	0.00717478952108771	0.0068280678108901	0.00617351854747911	0.00538098759743698
72069	65-69	2	0.018044503517311	0.015795900354616	0.0155417276257435	0.0137617984672495	0.0132043337470778	0.0105459965704424	0.0101763518604943	0.00806355269267653	0.00805165702326311
72069	70-74	2	0.0298731046406773	0.0272477792460777	0.0270350142511331	0.0225107236322455	0.0217908809314515	0.0187180419797013	0.0186009114839935	0.0135265607933478	0.0153751202347696
72069	75-79	2	0.0459216962978422	0.0391251275023027	0.0397609586186938	0.0406906255855885	0.0325742553152413	0.0279305614662175	0.0255116862041806	0.0219655468765368	0.0210906350003808
72069	80-84	2	0.101644787349624	0.0730544972688525	0.0615126252603016	0.0744994330325159	0.0610963442704232	0.0595888843774706	0.0470738171446346	0.0456852488064817	0.0414713259965611
72069	85+	2	0.181071590687417	0.136704673056948	0.142102953522389	0.137772234797998	0.105850901770229	0.128572608647311	0.116531494858299	0.113757967999508	0.101311491964054
72071	0-4	2	0.00230865681280965	0.00226685716852106	0.0022152654968374	0.00225325439767117	0.00171160829321307	0.00166939854523749	0.00129639290401256	0.000955764388564909	0.00126918455124689
72071	5-9	2	0.000125758850932491	0.000135496417761455	0.000126279809266946	0.000117153329875194	0.000118485622152406	9.52941893764965e-05	8.7347730025649e-05	7.85080003391952e-05	7.99193670215607e-05
72071	10-14	2	0.000192668478835642	0.000155533896671632	0.00017615926216098	0.000141635423601155	0.000123542222402751	0.000127264743571794	0.000117080874962145	9.55980605718918e-05	9.71779488524854e-05
72071	15-19	2	0.00056532912818887	0.000470860255007516	0.000504894811066031	0.000517341224568123	0.000388340671675951	0.000418066834888451	0.000323619376250781	0.000294552003833036	0.0003168209557949
72071	20-24	2	0.000883686497386276	0.00077210597981765	0.000788262939833402	0.00079932546149077	0.000739876759450971	0.000708961076760764	0.000607461477005357	0.000562096802068805	0.000594125391093841
72071	25-29	2	0.000952424268425777	0.00111404601492063	0.00108153444116533	0.00104627428164717	0.000907675090882147	0.000865944704748022	0.000842209441143073	0.000718930091657853	0.000729511957918311
72071	30-34	2	0.00137248691084107	0.00123203159040438	0.00119053616741397	0.00106875015016243	0.00119598897985756	0.00107022775484079	0.000896977412594652	0.00097819430980399	0.00129216045737619
72071	35-39	2	0.00157031509034387	0.00166827273829497	0.00160129994607346	0.0015299766477512	0.00160857309124316	0.00149639394211079	0.00116227960482233	0.00113510288738748	0.00134059793137547
72071	40-44	2	0.00242929480936018	0.00213135101002576	0.00206801732759937	0.00218905978146081	0.00162400862903729	0.00138699180300446	0.0014539578981219	0.00134813744394585	0.00146639700841127
72071	45-49	2	0.00322250630954148	0.00278732536525853	0.00267237596929949	0.00272571373363546	0.00235292411413454	0.00225636654442084	0.00228742989074846	0.00178020170779633	0.00186070498887378
72071	50-54	2	0.00449233471103258	0.00430040144582248	0.0038286880391221	0.00419783526498937	0.00357024680662444	0.00306722649713515	0.0021491893643993	0.00318114896786592	0.00254066267056066
72071	55-59	2	0.00684136593496553	0.00708152897680553	0.00592005407114835	0.00598934047132088	0.00592068904051367	0.00501765159498231	0.00436397959091632	0.00347899935265966	0.00392720814517086
72071	60-64	2	0.0107598219008895	0.0110174262671819	0.00996344658567797	0.0124258221261602	0.00793068388772682	0.00859770652354961	0.00645080999588218	0.0065011710923497	0.00692213671927732
72071	65-69	2	0.0146368628666223	0.0168019611779638	0.0180398746300642	0.015527926058626	0.0152029041323075	0.0134739847829868	0.0117780742939296	0.0107475096343298	0.00927588708545876
72071	70-74	2	0.0263592720408289	0.0259930892656346	0.0256319009104851	0.0263593259751891	0.0240107839747538	0.0195455648412452	0.0179210006576316	0.0149800957798904	0.0146856278700083
72071	75-79	2	0.0391526788740338	0.038859375029485	0.0420046222174615	0.0338522437560971	0.0407927141382683	0.0387019334438882	0.0275200469103032	0.0246484260111928	0.0207858920556751
72071	80-84	2	0.0841509309497906	0.0717820333383102	0.0678095982007395	0.0634148612326188	0.0529661180455586	0.0577346528684997	0.0516211198299943	0.0437209903225536	0.0424589443792613
72071	85+	2	0.160515361019948	0.140530333237264	0.147001327521952	0.140492093899781	0.144906801686848	0.114055142263475	0.11976542517337	0.102369583728017	0.104758389281815
72073	0-4	2	0.00365803005571837	0.00222806134498063	0.00221262019629369	0.0018435725025857	0.0015486029395471	0.00141557999259725	0.00129251449344003	0.00117247804246896	0.00119706605473909
72073	5-9	2	0.000133074700766685	0.00012286788703912	0.000132788531216699	0.000122913227427225	0.000106510954128624	9.436836314487e-05	8.6255156822717e-05	7.72046642346273e-05	7.83677078481643e-05
72073	10-14	2	0.000161958618620942	0.000149859461708699	0.000146438281775612	0.000149917851192922	0.000130011824752867	0.00012769346517875	0.000105573316017908	9.4531386651369e-05	9.59470352219259e-05
72073	15-19	2	0.000480560528629459	0.000569127229003061	0.000532915852358792	0.000471406639256923	0.000392441867417719	0.000384972540104346	0.000355593023915262	0.000306636557585075	0.000311911301642526
72073	20-24	2	0.0009133064457883	0.00093176856465565	0.000868503860816828	0.000963770865439511	0.000701420241946169	0.00066092999052689	0.000671721379877052	0.000614817309657842	0.000570297525530503
72073	25-29	2	0.00117088921670383	0.0010390350171334	0.00116263195528234	0.00114033923194484	0.00095916242331365	0.000815593096099512	0.000832304918368664	0.00069186316015485	0.000740632605694411
72073	30-34	2	0.00140533105644289	0.00135125672494149	0.00130990114641715	0.0012713350205707	0.00112465549016358	0.000970400634580638	0.000891020359015501	0.00085291681687375	0.000830842103469522
72073	35-39	2	0.00194951789139292	0.00171660996559246	0.00158384330762727	0.00158536158737194	0.00134044692097185	0.00122429464329533	0.001253543965279	0.00108268531624145	0.00100903266543024
72073	40-44	2	0.00246255741295169	0.00241659284098673	0.00211274079420819	0.00209865260750499	0.00175656268925668	0.00150957106905078	0.00142617554236503	0.00120547903699845	0.00138665207010147
72073	45-49	2	0.0028024827092555	0.00276780878565116	0.00272921846494096	0.0027724495816704	0.00223163947987562	0.00235514953567821	0.00199971119625408	0.00196856742005413	0.00177924675024156
72073	50-54	2	0.0046094222682464	0.0048344772083856	0.00604411819210455	0.00390426293711728	0.00302094371223476	0.00305558786738101	0.00253172324917514	0.00306064780226417	0.00310733927310972
72073	55-59	2	0.00580218578660122	0.00683092924609407	0.00619152900283415	0.00558577172394513	0.00427227857580397	0.00363415891620371	0.00407296462296143	0.00350567891608151	0.00378038013673345
72073	60-64	2	0.01157716537629	0.0110464652848406	0.0123091899063925	0.00935416654945702	0.00771750390999886	0.0080459394039491	0.00544578113508396	0.00556561106374445	0.00510141020604044
72073	65-69	2	0.0165132305995762	0.0162904806668629	0.0165827868492549	0.0146469591385003	0.012640032134507	0.00887310156025889	0.00893701621564592	0.00805552336090379	0.0075281701072106
72073	70-74	2	0.0303726051690787	0.0252945645664283	0.0286425140857858	0.0219604739842636	0.0206190218926328	0.016843846583403	0.0158567251732283	0.0138502059064324	0.0132379781398647
72073	75-79	2	0.0445001883990624	0.0474851325816094	0.0381148391966958	0.0429827347261305	0.0276440425430576	0.0295235689461231	0.0314757844064014	0.0173930884082687	0.0246611698065598
72073	80-84	2	0.0650625985484981	0.0892406817804344	0.0657414521988918	0.0769015453309889	0.0561480259617371	0.0561974844340786	0.0398515256016551	0.0404611486291973	0.030726660275382
72073	85+	2	0.171440604715519	0.178063227687186	0.136572751807984	0.148344573793117	0.124882845473597	0.118726458715955	0.0980449724568526	0.0998008617352225	0.0976253780903367
72075	0-4	2	0.00381885978358167	0.00246204405204751	0.00225301344992466	0.0022598135255772	0.00164527371617469	0.00148207082775004	0.00136651474958256	0.00111549238165331	0.00121178608380435
72075	5-9	2	0.000154143464934889	0.000130781118406272	0.000155503159229657	0.000131163351075195	0.000120310350228881	0.000102211191156051	9.42275743860278e-05	8.4750668831717e-05	8.63998313704327e-05
72075	10-14	2	0.000169022746964862	0.000180926857658983	0.000161577361694738	0.000150908833760252	0.00012591571868967	0.00012362315845012	0.000114022818439565	9.79490448578074e-05	9.98296148032477e-05
72075	15-19	2	0.000592615504252177	0.000501786482084595	0.000457477515671715	0.000487656717079262	0.000384474294257934	0.000465109472981624	0.000352889330683343	0.000298494296030054	0.000307644017609563
72075	20-24	2	0.000887788319027774	0.000845828522450526	0.000923797331287712	0.000796583789973086	0.000738593816326658	0.000667438985476537	0.00072953968199605	0.000557468369509696	0.000525349066829118
72075	25-29	2	0.00115359864033615	0.00122294142914006	0.0012203601173826	0.000962074706700727	0.000833585834255315	0.000789053974078093	0.000769436394915405	0.000746069118536954	0.000700375568259281
72075	30-34	2	0.00148127691186758	0.0014816313721333	0.00172365844828885	0.00141920429136286	0.00116824005100406	0.00100680603318078	0.000911945771673549	0.00100222530832816	0.000869711903016565
72075	35-39	2	0.00177436010237621	0.00148369633754247	0.00187436779840363	0.00174344228339907	0.00137764770503519	0.00128627816148796	0.00134123157243842	0.00102358772341943	0.00107855975786163
72075	40-44	2	0.0022689604133885	0.0021386733031422	0.00199721579499731	0.00217455205833139	0.00194190139158902	0.00140903224711744	0.00135504688442275	0.0011532931637876	0.00138047854615742
72075	45-49	2	0.00320661517127781	0.00271552216938194	0.00300152101656845	0.00295298300551469	0.00263808603660174	0.00226755930215535	0.00233546066037035	0.00167685210339055	0.00180989745264862
72075	50-54	2	0.00507570810732635	0.00507709617035466	0.00425231642987465	0.00391571295647309	0.00342233152156812	0.00299687596742126	0.00303427818363808	0.00269147947508835	0.00307630847805703
72075	55-59	2	0.0063587923812676	0.00789164688731371	0.00630500685622104	0.00675346557123331	0.00518528575047923	0.005713351271697	0.00503127282028336	0.00406639569217258	0.00324280898741853
72075	60-64	2	0.0126237210196011	0.0115402381577251	0.00982369226700543	0.0103233149861008	0.00932370129763393	0.00788476303454736	0.00620557759033093	0.00529044937505929	0.00615768780143552
72075	65-69	2	0.0151701776961308	0.0161084003589474	0.016270893013336	0.015438984785392	0.0152225369848005	0.0124453963384998	0.0101166599964828	0.00868244517236441	0.00851361851415426
72075	70-74	2	0.0334902204104988	0.0308009183888074	0.0206536863855855	0.0275485858904798	0.0231799709387797	0.0201068544738767	0.0165241274124102	0.0128192966145682	0.0148100380927058
72075	75-79	2	0.0445240613397535	0.0379857486465347	0.0426888088858829	0.0439056799708205	0.0365258609128755	0.0296800176815812	0.0273995846553675	0.0211474286487945	0.0223887330245395
72075	80-84	2	0.0750716216792409	0.0698894404445435	0.0835948547697373	0.0607937160547108	0.0602106592915909	0.05670294660851	0.0483929231843422	0.0345508962476589	0.0362823893597029
72075	85+	2	0.140033758048882	0.13571517552384	0.142352489939442	0.154547459663042	0.144255884332757	0.120287495088996	0.124689300469453	0.0992686421299438	0.0898347364274645
72077	0-4	2	0.00269639359735817	0.00229656142003312	0.00228962295056017	0.00239030775470696	0.00161428349444695	0.00157583403063745	0.00149557036506313	0.00154852597305115	0.00138687967729848
72077	5-9	2	0.000145097915930203	0.000134221561661314	0.000151951813381477	0.000133508766600895	0.000110171977088221	0.000108107937421416	9.42398412014498e-05	8.91292365564978e-05	8.62987129152548e-05
72077	10-14	2	0.000167967329343803	0.000162882233951735	0.000166949947679591	0.000162582879166016	0.000141232916990948	0.000125181691717802	0.000114727425659158	0.000103029420011859	0.000105009987079098
72077	15-19	2	0.000706655837589926	0.000528278119089415	0.00049281384466413	0.000547822460395649	0.00048435431169793	0.000395650602508743	0.000418619731352237	0.000350519807736495	0.000325725599381244
72077	20-24	2	0.00101428119943281	0.00101531962127677	0.00101804006455995	0.000904242068893335	0.000800127667824666	0.000871483733158739	0.000811236205014893	0.000602638896278578	0.000701235944030425
72077	25-29	2	0.00121664239804743	0.00109214565480385	0.00122201243831065	0.00114780774342183	0.000867938312832076	0.000948897079881309	0.000856083198062949	0.000713179353624134	0.000714833341108062
72077	30-34	2	0.00130805505936581	0.001345140384513	0.00170340543698631	0.00141108333001448	0.00104344401667481	0.000936935138569359	0.00104894461753312	0.000980533470434428	0.00104910838529412
72077	35-39	2	0.00192309468160053	0.00191016776175319	0.00151763425881998	0.00150507482834273	0.00151592790998653	0.00144936857601285	0.00121080018412098	0.00111374398288554	0.00121853839579898
72077	40-44	2	0.00233050129435838	0.00224161765158656	0.00203291530204322	0.00223547925889923	0.00192173749451693	0.00188309536652754	0.00148419992921743	0.00133023673719526	0.00137011675425838
72077	45-49	2	0.00330168390189132	0.00327379907226496	0.00272132543749409	0.00290381843860526	0.00246328576834449	0.00263739368571484	0.00221483983349933	0.00190035014415889	0.0017860721651544
72077	50-54	2	0.00457693077001045	0.00397220025489534	0.00461354486153864	0.00401191571750324	0.00342256811196562	0.00339819938873981	0.00328848539181389	0.00283861159871547	0.00285915394621136
72077	55-59	2	0.00693403666835446	0.00732410881828559	0.00542701403900083	0.00665695290694738	0.00550736701415048	0.00662951573590313	0.00523840890951031	0.00416420400205923	0.00382635368377035
72077	60-64	2	0.0111913179668637	0.0112240067492582	0.0101784934944895	0.00911500630129863	0.00943860003047165	0.00842934153554945	0.00845350737159103	0.00658303580522498	0.00761796443417714
72077	65-69	2	0.0175915775604204	0.0143668390571541	0.0164158923570426	0.0111990502554704	0.0122442179512402	0.0113290582030521	0.0106457898544839	0.00911311690338659	0.011073146488213
72077	70-74	2	0.0225102140312663	0.0301453003100801	0.0258113223585938	0.0251532226872747	0.0206100847313552	0.0237660015975842	0.0167233029729245	0.0157101237517188	0.0158928396464895
72077	75-79	2	0.0440678935212977	0.0413264085242742	0.0389937419510181	0.0355581744867352	0.0349503606635152	0.0317392169669647	0.0298948948776519	0.0230787008017917	0.0251726991376817
72077	80-84	2	0.0899033522122655	0.0787800571101084	0.0678276732976049	0.07347285802274	0.0623613961413735	0.0596791510577958	0.0473762601201127	0.0512080249494215	0.0385464453119023
72077	85+	2	0.150135027903128	0.136061680440236	0.135099273790133	0.0974417114187956	0.119690553359196	0.120120188026357	0.116405294844131	0.108725787336807	0.108605815039468
72079	0-4	2	0.00264645842726425	0.00194109816541463	0.00201411117711949	0.00195108318847569	0.00147335891036025	0.00146048315743839	0.00142541991538062	0.00105260169826114	0.00109717820933278
72079	5-9	2	0.000139048632302359	0.00012859363430133	0.000132222701045929	0.00012250005107435	0.000111876534654	9.91693174280424e-05	8.62850613395247e-05	7.72417307196262e-05	7.84188244094516e-05
72079	10-14	2	0.000153221391512086	0.000172884981801753	0.000145538307895325	0.00014941436234265	0.00012344019185185	0.000114986723040467	0.00010535441766952	9.44637930948249e-05	9.58315855369597e-05
72079	15-19	2	0.000523325148233262	0.000459756999295596	0.000448301533053484	0.000504416475237471	0.000404494426632198	0.000396850398541703	0.000350140430910407	0.000333303183763579	0.000308700029984322
72079	20-24	2	0.000942303143042466	0.00088575456580719	0.000943499973502769	0.000909227977376284	0.000767650682086196	0.000642636115879678	0.000746385097442434	0.000567794199759617	0.000550173960530782
72079	25-29	2	0.00100921509371937	0.00117631469020873	0.0010557617567987	0.000972925511032847	0.000937846972661223	0.000974463812527149	0.000740987343030645	0.000772869025924383	0.000748323484676414
72079	30-34	2	0.0015782660631486	0.001277082831937	0.00115420096911012	0.00126586207731382	0.00118363906965041	0.00100062682606296	0.000941184997088123	0.000918906321724985	0.00101454404632784
72079	35-39	2	0.00185904920171238	0.00159308180613629	0.00138452649238676	0.00166981005262683	0.00132804313751085	0.00125229591254232	0.0012672196950695	0.00113152477531551	0.00107563686478258
72079	40-44	2	0.00192523177299917	0.00201449982715149	0.00199857617804391	0.00202117036358136	0.00162373542913357	0.00159899461631929	0.00136203153384962	0.00163755292034653	0.00155141356597592
72079	45-49	2	0.00313151247686007	0.00270276930498908	0.00311158410453085	0.00235272659684598	0.00218475600680491	0.00203865581655023	0.00176801866935574	0.00202649944605823	0.00238083407305696
72079	50-54	2	0.00519725083974026	0.00432572603975771	0.0038347417521737	0.0042470104359142	0.00347492637045715	0.00351609806966064	0.00363208371597911	0.00304182989893405	0.00278630885048025
72079	55-59	2	0.00591715611572629	0.00754539706461334	0.00607101957166861	0.00600298154669357	0.00455697007159877	0.00592613450328655	0.0061923766706552	0.00337837651960569	0.00387470978208541
72079	60-64	2	0.00995028991192119	0.0102406452283686	0.0105953553258349	0.00993431135415457	0.00913469195819042	0.00823349301840656	0.00677822060580317	0.00646699440155432	0.00588264897513495
72079	65-69	2	0.0150041010720172	0.0118186000179534	0.0130109930407824	0.0118264911565086	0.0116955776722635	0.0106463955167481	0.00994137297197331	0.0094083818352246	0.00983809984488335
72079	70-74	2	0.0234227901051373	0.0258949647849892	0.0240788861232429	0.0218743128050373	0.0223191193785311	0.0168080555292401	0.0139199270730488	0.0127052122319517	0.0132733278196221
72079	75-79	2	0.0434554639536687	0.049119683325509	0.0339435195029479	0.0352982465603311	0.0315435338359611	0.0310055990190401	0.0234061750055581	0.0254419551628425	0.0219284721117576
72079	80-84	2	0.0754547483957014	0.0760906196557412	0.0718069987598945	0.065244502920128	0.0603144844370571	0.0574773728863845	0.050799042273244	0.0398960276812002	0.0352000951294563
72079	85+	2	0.124731684064321	0.120468212056575	0.154232679410524	0.136645838790935	0.117166456557124	0.124178152541384	0.119678791275622	0.111831720282159	0.100152175559066
72081	0-4	2	0.00233280669996469	0.00187152198606644	0.00167627966887495	0.00211401341132889	0.00159000622064339	0.00125194632222684	0.00116443886942985	0.00098317389449784	0.00124096493270562
72081	5-9	2	0.000130806199347151	0.000120867770007753	0.000118155973485592	0.000114913814004669	9.51465688703118e-05	8.89146978023587e-05	8.58182275667155e-05	7.70000142423579e-05	7.82009037175884e-05
72081	10-14	2	0.000158462866506605	0.000139509890304049	0.000136328703815064	0.000153564460687954	0.000127569274191854	0.000108133509305934	9.93671390227079e-05	9.4037561627515e-05	9.07629270834386e-05
72081	15-19	2	0.000489655242478231	0.000440476270136923	0.000472971909435526	0.000458647736505399	0.000354698823885652	0.000351749800492446	0.000311543029642336	0.000297759510303183	0.000335999532262638
72081	20-24	2	0.000899249797048754	0.000875387967404818	0.000853277896574543	0.000697358541895654	0.000700219918227535	0.000642903087572102	0.000550802716153381	0.000529993427247176	0.000541145852823198
72081	25-29	2	0.00107560726769905	0.000946506605231915	0.00107727338203985	0.000924526527907328	0.000930004644397047	0.000775584115840914	0.000704310843014152	0.000749866254585787	0.000666637613548794
72081	30-34	2	0.00145060413720629	0.00128508002536776	0.00128644680880734	0.00114352061226138	0.00116090153067517	0.00096000236257064	0.000901169748381729	0.000764170346569952	0.000751865291962686
72081	35-39	2	0.001572830420154	0.00144899751079934	0.00143981901139088	0.0013100557983377	0.00121266949816586	0.00127432968414146	0.00116825171395137	0.00113665423861381	0.00120480248392792
72081	40-44	2	0.00212473560262932	0.00191742527650942	0.00215683505212703	0.0017761148244012	0.00147343018591744	0.00188209723013922	0.00147878102612834	0.00112469369683881	0.00105789772938139
72081	45-49	2	0.00247964420770382	0.0024851756889275	0.00265613490498724	0.00253668648076118	0.0023190393445448	0.00188315959625688	0.00196845095269818	0.00165911095123355	0.00162588883495346
72081	50-54	2	0.00344995536176859	0.0033134772692249	0.00367277530581201	0.00310847701170435	0.00258781822736203	0.0032996686950734	0.00216705649554228	0.00228598457873193	0.00291568691227282
72081	55-59	2	0.00582169406523937	0.0068065235145068	0.00693036405956384	0.00546989783688598	0.0048974614979054	0.0046078881105112	0.00495921526377613	0.00361224126419304	0.00418664084514666
72081	60-64	2	0.0108608155417081	0.00999370129370239	0.0103440481157494	0.0109108822462817	0.00870289880657541	0.00700596145790702	0.00633691402082203	0.00471410542141315	0.00536690930145882
72081	65-69	2	0.0131717989634001	0.0135558410321994	0.0115651170060722	0.0113437589331268	0.0140034797987674	0.0116196098908738	0.00996636746717603	0.00778836634306608	0.00643967602297368
72081	70-74	2	0.0253169998366801	0.025001584724801	0.0234800220804023	0.0235551003795528	0.0196183493264717	0.0149485148293575	0.0172520283906159	0.0143469125328351	0.014600384629878
72081	75-79	2	0.0321533071254236	0.038893519842789	0.044299733313371	0.0272353305859353	0.029631442374914	0.0312273907277636	0.0271598145023344	0.0242385060211601	0.0216938916856315
72081	80-84	2	0.0619389011371583	0.0570619068640831	0.0715497882749105	0.067132831474838	0.0555628986774869	0.0554748763391376	0.0588944136787314	0.0415541398304621	0.042991133549837
72081	85+	2	0.163912227831585	0.14268863384787	0.12563415658923	0.123806179374236	0.134951857647791	0.105286048940441	0.105061951940048	0.10151875435437	0.0872914579991634
72083	0-4	2	0.00193533860614268	0.00189057265938219	0.00186405548336443	0.00184825446213727	0.00148068322769076	0.00130392851735369	0.0011323543351511	0.000802644829000696	0.00103256605306451
72083	5-9	2	0.000115251709532383	0.000112024761347452	0.000109235023154965	0.000106380618604845	9.21526759536657e-05	8.57192113615614e-05	7.81454106450608e-05	6.98351857433112e-05	7.0769582697631e-05
72083	10-14	2	0.000141236703732058	0.000137250235601157	0.000133760961460481	0.000130149755981988	0.000118724565403275	0.000110534838221413	0.000100918131365343	8.56888096764147e-05	8.67379883162982e-05
72083	15-19	2	0.000500001979457624	0.00044276688207409	0.000432444075486463	0.000441446266271347	0.000424605608693293	0.000341225727575868	0.000312900870393719	0.000282116945683339	0.000300786164898231
72083	20-24	2	0.00095368524807797	0.000890801280956834	0.00078791477177652	0.000759662299466957	0.000728218391986595	0.000623961683700608	0.000573653258785725	0.000519063767679752	0.000557025362850322
72083	25-29	2	0.00107530701628541	0.00114451327653136	0.000967249010029564	0.000988833468870711	0.000866582635069662	0.000772669407605373	0.000717280553401081	0.000649305559657212	0.000659352278659514
72083	30-34	2	0.00126454421611208	0.00129629501028847	0.0012086394960995	0.00123039923854242	0.000983001764756106	0.000970385399252084	0.000892155766187193	0.000811075677085233	0.000783033374934244
72083	35-39	2	0.00159898850548995	0.00145373174983126	0.00153224418890188	0.0014144071053709	0.0013044884936713	0.00118507596391531	0.00104551608617389	0.00099198769817801	0.00106307942092154
72083	40-44	2	0.00195674851167559	0.00186328488205527	0.00214148050106731	0.00181240338273975	0.00199087904181382	0.0015740258650699	0.00140549721303033	0.00121270016271916	0.00122871586401246
72083	45-49	2	0.00250747800952701	0.00264898344713308	0.00275901243201734	0.00247305472163444	0.00205649762966138	0.00221370813599882	0.00171246703552816	0.00158033373969347	0.00167999357334013
72083	50-54	2	0.00396976688126245	0.00382373332460206	0.00375352509339401	0.00316996742699767	0.00312645188102081	0.0028728040191543	0.0024728385370344	0.00304180867729016	0.00233658380409267
72083	55-59	2	0.00528234781692546	0.00639685908940752	0.00497276387376231	0.00526224099463122	0.00499134375065356	0.00418441027109632	0.00385771837456068	0.00341832224432351	0.00346802679173034
72083	60-64	2	0.00969933311630215	0.00946048602249957	0.00796186132867497	0.00944476332874015	0.00752487652908277	0.00543465678992668	0.00609814819012063	0.00552069690379373	0.00487390501219605
72083	65-69	2	0.0125792621496191	0.0139086914355418	0.0117114865805781	0.0103136112623188	0.0123085363248923	0.0123099804311471	0.00851101999923934	0.00883094133271671	0.00909690696361697
72083	70-74	2	0.0184400310437671	0.0224414398924715	0.0243857683664106	0.0197617194949704	0.0184108990188102	0.0176044710324832	0.014298137745943	0.011826803438372	0.00983612203489069
72083	75-79	2	0.0336796802411537	0.0296517162011129	0.0327212419273639	0.028178328214109	0.0269151336809946	0.0232593180461207	0.0255224182495266	0.0237895673324321	0.0203306779321598
72083	80-84	2	0.0488660836169864	0.073010898304119	0.0488900684994113	0.066525439796185	0.047293760261608	0.0432275359430569	0.0367642476687868	0.033069352408102	0.0295309248332262
72083	85+	2	0.146848057130644	0.131714659552594	0.117209056117752	0.0970555492605831	0.0977036052516093	0.106355035679272	0.1116854299356	0.0788187533787922	0.0772423857289968
72085	0-4	2	0.00244516800512847	0.00221330129855294	0.00251493595744026	0.00234459525302332	0.00156809814056548	0.00163945139756254	0.00143013628164845	0.00101110853289052	0.00131059924474217
72085	5-9	2	0.000122917650334097	0.000125345683483617	0.000122370202327435	0.000118847122607005	0.000103184231147446	9.60113365465633e-05	8.37484250557932e-05	7.51218289262834e-05	8.04944078306724e-05
72085	10-14	2	0.000157116747017998	0.000159437030639777	0.000140846059428254	0.000137107954423765	0.000125409311596459	0.000116771808504917	0.000102010753163468	9.16375763707483e-05	9.32201556564267e-05
72085	15-19	2	0.000547093126912168	0.000505525489116865	0.000490801750138107	0.000452887083657161	0.000417274419786709	0.000409803432627003	0.000346860398051465	0.000287605199577794	0.000293611027767394
72085	20-24	2	0.000822048094477432	0.000794873736415317	0.000832885635374887	0.00072946728888629	0.000640456262351802	0.000639743511446701	0.000651444072779279	0.000577841989398043	0.000538128641008673
72085	25-29	2	0.00100026472630922	0.00101012182509571	0.00101690305372567	0.000895396128134227	0.000783193558231023	0.000883732555568548	0.000785591186616707	0.000672444325791328	0.000688613565325231
72085	30-34	2	0.00125789059409963	0.00134876104815834	0.00124610835223357	0.00114798279604272	0.00104917383480763	0.000967891365881189	0.00083188024410999	0.000810427630543567	0.000828482522419461
72085	35-39	2	0.00181824778062446	0.0014414651136236	0.00169359110699892	0.00179359761203417	0.00138452327073314	0.00103954834830231	0.00103211997638305	0.00104323027618643	0.000992286321180258
72085	40-44	2	0.00199181992655548	0.00181005063529303	0.00181106706858357	0.00201943277994018	0.00150018475778604	0.00159993048946474	0.00122653310805424	0.00136916975802986	0.0011586533797037
72085	45-49	2	0.00295583007625783	0.00227831594970249	0.00254876889827491	0.00240289124328389	0.00223724090591305	0.00180776156814132	0.001698701508851	0.00189088782254043	0.00162820276518703
72085	50-54	2	0.00536512853933677	0.00489439093244274	0.00368314459081693	0.00366878554080002	0.00396165429577393	0.00299619429190338	0.00233022184456821	0.00261892482499122	0.00274754239411414
72085	55-59	2	0.00666098047615476	0.00611829781703525	0.0054509533324989	0.00535935094504695	0.00453297588546274	0.00481515610921683	0.00362879531192568	0.00352655420953596	0.00348881156461368
72085	60-64	2	0.011205290801886	0.00861889544073587	0.00997160231448141	0.00695429753708674	0.00718453499485644	0.00776891176011697	0.00621881447721139	0.00596105812913696	0.00604973768026325
72085	65-69	2	0.016567485533208	0.0159949981764884	0.0150972220736253	0.0133633955738344	0.0102148917167657	0.0105606730496844	0.0112896863668709	0.00760815554248583	0.00738388078115568
72085	70-74	2	0.0221005111835767	0.0287077830846446	0.0239777051005362	0.0208589749075381	0.0191132778122354	0.0184074358798321	0.0174123833298717	0.0122885375658449	0.0108783065120012
72085	75-79	2	0.0402732117412954	0.0342927197443884	0.0336579932060833	0.0327250231083307	0.0378298200270532	0.027649673434349	0.0276224599797892	0.0219554725284843	0.0236112616465728
72085	80-84	2	0.0817137011603532	0.062198590458805	0.085586220142183	0.0688989175306221	0.0656989015885143	0.0520443011642465	0.0551551150851787	0.0431988171495948	0.0464677914466437
72085	85+	2	0.148287543844186	0.125061072221914	0.118048855477216	0.134110700658919	0.129768260729747	0.0978651457609669	0.132211575611823	0.116463732440357	0.110961367578765
72087	0-4	2	0.00342622607426437	0.00320342404142858	0.00278719255086636	0.00220725403770443	0.00155823638003794	0.00172845155764843	0.00129217762520232	0.00129920241882878	0.00125983854230431
72087	5-9	2	0.000173113543020869	0.00015106444073005	0.000162483253723639	0.000158603685453272	0.000119433110932637	0.00010660717444221	0.000103094430356117	9.24896021264622e-05	8.95790031939471e-05
72087	10-14	2	0.000190715995787902	0.000166468871404105	0.000162222575805032	0.000165913777437226	0.000152267162525396	0.000136385844434542	0.000132272908235132	0.000107291135811532	0.000109363579434406
72087	15-19	2	0.000615030356375331	0.000569429942265613	0.000578042747468011	0.00053506041217445	0.000473572650179741	0.000427969753758065	0.00038446800955193	0.000339071512642647	0.000347617256055053
72087	20-24	2	0.000894696574851832	0.00114664989520483	0.000983670759139726	0.000904734396214719	0.000828666650686815	0.000794513110233213	0.000775795270657491	0.000593985611375148	0.000620068668413819
72087	25-29	2	0.00128193357051794	0.00118100402950519	0.00126904503935434	0.00113169852955658	0.000986305017810825	0.00086258829065664	0.000821094407824781	0.000822929298276713	0.000789038191065754
72087	30-34	2	0.00155053430520413	0.00125553835214627	0.00149216603306513	0.00150182871045918	0.0011926989392539	0.00118778641804217	0.00107691630028798	0.000983512573736665	0.0009603228267979
72087	35-39	2	0.00209661400398439	0.00188133174211561	0.00174362538165083	0.00200000665056667	0.00165301564633791	0.00133497157177365	0.00143735337151763	0.00140595393665959	0.00160841413198999
72087	40-44	2	0.00224932791792771	0.00260913058926828	0.0025390931722816	0.00226490361694192	0.00215425984988477	0.00199249865626633	0.00172276710704117	0.00155567873001681	0.00200109992489425
72087	45-49	2	0.00310006200470026	0.00358177637009158	0.00301617166678037	0.00262784395178736	0.00281503130119031	0.00250515050719462	0.00274338566027034	0.00199760415092972	0.00221298548508673
72087	50-54	2	0.00500090227338015	0.00428047668540698	0.00439405848196574	0.00353928040217445	0.00322811919780642	0.0034824624972713	0.0033128193670084	0.00289027007340356	0.00316816367197795
72087	55-59	2	0.00732720531762505	0.00689133669098242	0.00676945823872186	0.0073307769774142	0.00539857795798996	0.0043884067768972	0.00524841391904753	0.00393212269899275	0.00363636349253835
72087	60-64	2	0.0112063885648619	0.00899110233437631	0.0098353257094315	0.0101847961111857	0.00859277146627421	0.00606555065891123	0.00545977535202031	0.00541367771391007	0.0066679529520148
72087	65-69	2	0.0128712504073192	0.0150392433928104	0.0155397561974505	0.0152880044652534	0.0126661774286225	0.0110360470089391	0.010383418633953	0.00796923314673841	0.0104773341288065
72087	70-74	2	0.0286634605611879	0.0212016782162632	0.0237882412602891	0.0231260010184303	0.0181595737729807	0.0169641504737539	0.0146243536358423	0.0139408066361391	0.0123100917943992
72087	75-79	2	0.0401149173900205	0.0310103775998419	0.0446345289926495	0.0322798685362367	0.0307939981582325	0.0342098347141742	0.0219412262495378	0.0216141777583906	0.020919398320117
72087	80-84	2	0.0662120817173549	0.0687612972698852	0.0633978905291993	0.0583755213961836	0.0417526442989105	0.0487734586543361	0.0529435285466646	0.0401757055273175	0.0400446358862737
72087	85+	2	0.104475030623605	0.106276684248398	0.126575049109627	0.104435744953997	0.0898204703682873	0.117541707416537	0.0955671272370939	0.0932652316136115	0.0722767282193648
72089	0-4	2	0.00293969230399988	0.00316228703899155	0.00203943493180158	0.0025206116859834	0.00184259764057005	0.00180304031823489	0.00164917931234935	0.00120127290885083	0.00134878025463161
72089	5-9	2	0.000141083327795127	0.000144510726706652	0.000134156414996599	0.000130789268022144	0.000113289433808151	0.000105491003719536	9.64583369514855e-05	8.62643411220187e-05	9.73602319370544e-05
72089	10-14	2	0.000181261946730052	0.000185187474125253	0.000180818819038605	0.000159710880552249	0.000145566817016048	0.000135231147797496	0.000117625896379938	0.000111050427302372	0.000107309840525903
72089	15-19	2	0.00053757352381519	0.000518765846776773	0.000581591648282448	0.000545503599250854	0.000457301570244291	0.000426954884992342	0.000410766248340324	0.000337529760623076	0.000346260438497507
72089	20-24	2	0.000998213364953223	0.00115219440578416	0.000940829637605805	0.00100217523127038	0.000842737020932194	0.000762376226754706	0.00073651581240933	0.000610896529171986	0.000622943984256339
72089	25-29	2	0.0011762082752583	0.00134851162334921	0.00124578026438981	0.00114883832481111	0.00106093586000172	0.00101194903806504	0.000838242720444727	0.000758319819178982	0.000771833191318367
72089	30-34	2	0.00141105871027396	0.00130833839121007	0.00150914919720934	0.00130395630683738	0.00120468135524444	0.00112588785626617	0.0010521496746833	0.00090459045877313	0.00105243004207598
72089	35-39	2	0.00196947104774046	0.0018774661691648	0.00196511786791392	0.00192079390722482	0.00169671931895599	0.00158125682553914	0.00129163713072051	0.001209691271689	0.00132676335420206
72089	40-44	2	0.00218577443073985	0.00287230052492265	0.00254504404625402	0.00257463074945586	0.00183718129931974	0.00195831801893809	0.00162647143334952	0.00160427458669877	0.00160552999379484
72089	45-49	2	0.00362657401907747	0.00257536524368726	0.00305796042650425	0.00373510309030754	0.00270720540860047	0.00247190314549993	0.00230532071248164	0.00212415112529154	0.00247179860774608
72089	50-54	2	0.00501344249919063	0.00503519488759905	0.00428918198523279	0.00484582424751437	0.00381583269619267	0.00342424660062537	0.00323891846238893	0.00327110595236046	0.00301131100594734
72089	55-59	2	0.00721712732293956	0.00718150663123948	0.00713947756009615	0.00669875740382733	0.00572879025055151	0.00625745360481256	0.00524883512913991	0.00518858767070993	0.00492162637227243
72089	60-64	2	0.0121986960343097	0.0113024939048069	0.0130130722493486	0.0105198142633085	0.010733312515029	0.00821153687889368	0.00681495733887908	0.00714206311724118	0.00624595066838001
72089	65-69	2	0.0161373749420247	0.0145675801570333	0.0190118354998661	0.019394579533155	0.0125399212635767	0.0111126662487607	0.0101976505699553	0.00923626175498957	0.00985601884018419
72089	70-74	2	0.0267426160184931	0.0346973591859054	0.0254016089091998	0.0315013435948588	0.0216917706690452	0.021527336882972	0.0138464111252936	0.0120975256574877	0.0176640198123351
72089	75-79	2	0.0300911483914465	0.0357710838478175	0.0405150511528939	0.039811226464746	0.0320406835050342	0.0347140605324919	0.0270358192954663	0.0231554747443469	0.0216594977072827
72089	80-84	2	0.042365100209838	0.0919752272440416	0.0606218098094842	0.0539630362456715	0.0575359155240896	0.0587187638894711	0.0476934059647447	0.0364000651676201	0.0353651355087201
72089	85+	2	0.146939663666089	0.184442683124768	0.143307303530012	0.129242745964172	0.108243123062063	0.106969430539623	0.115040139117708	0.115044103907188	0.108532562413741
72091	0-4	2	0.00280935136969701	0.00330576859642386	0.00238363186317358	0.00227332259677033	0.0019495097037764	0.00153971678776131	0.00164598855628449	0.00112928137427736	0.00133454988889041
72091	5-9	2	0.000155597577914469	0.00015146095829893	0.000134251613949971	0.000144210881800198	0.000108287568121721	0.00010660785503668	9.33217810486743e-05	8.38201048731233e-05	8.53892404569833e-05
72091	10-14	2	0.000197079048274225	0.000158197831394828	0.000178715432963319	0.000158217599426487	0.000137818806454318	0.00012891232747265	0.000113135255448898	0.000102099824977076	0.000104013872411681
72091	15-19	2	0.000560900152879595	0.000484432692338861	0.00047419718175636	0.000501182855165186	0.000464368213588545	0.000367728521159948	0.000358219712121745	0.000345453634319135	0.000340336193016255
72091	20-24	2	0.000924794247608391	0.000877466708142712	0.000858080562143516	0.000891291798000748	0.000855577970684329	0.000711870766007917	0.000694945012812046	0.000565315184595826	0.000608049864732367
72091	25-29	2	0.0012899302997724	0.00104957644790547	0.00126471801808189	0.00125618807190407	0.00101538016911385	0.000933997782081418	0.000719091608233832	0.000832006318899112	0.000740545872265476
72091	30-34	2	0.00141196401610733	0.00141574067392931	0.00152295265483456	0.00153088099504429	0.00122234136514627	0.00117729518597496	0.000920058712982678	0.00107542489698318	0.000941754743902503
72091	35-39	2	0.00181159252257293	0.0018427772262638	0.00171230521481548	0.00226367095160615	0.00139576725906716	0.00141365087984733	0.00130376393732053	0.00106386576479284	0.00129657460726124
72091	40-44	2	0.00204215667071145	0.00237747694947354	0.00216724036132224	0.00214908488908293	0.00177772026736689	0.00179781172027152	0.0018276087030735	0.00146990659553348	0.00130786160035617
72091	45-49	2	0.00305498847090869	0.0026352943742916	0.00370340220820052	0.00282493624116319	0.00240439218619722	0.00207502541977514	0.00208160997078285	0.00189537679333177	0.0023101658537077
72091	50-54	2	0.00489531984005655	0.00413449667146673	0.00388636642701803	0.0035707417263314	0.00388776810164125	0.00353736736102718	0.00398081292586975	0.0030574246637696	0.00305270097394786
72091	55-59	2	0.00876432160517163	0.00704806548035653	0.0067791135924721	0.00679294105603863	0.00521998983124957	0.00475769245505916	0.00509953270970323	0.00399995674581776	0.00420995579223805
72091	60-64	2	0.0123765872018868	0.0113088188894471	0.0103620904210927	0.00991945198832172	0.0085534300569945	0.00866774417948598	0.0072874256347369	0.0045423354022464	0.00653704306223461
72091	65-69	2	0.014687127200004	0.0189124014210183	0.0155191548510805	0.017372905595612	0.0124436051662939	0.0116064312785947	0.00953137153680208	0.00768756304707472	0.00966264326048464
72091	70-74	2	0.0285351290793794	0.0288631348909543	0.024702442209328	0.0265747997313783	0.0233068400584447	0.0169703796642213	0.0141038788497825	0.0128330858476839	0.01215495095212
72091	75-79	2	0.0456524751066104	0.0416727245568376	0.0441383313107868	0.0390833275435939	0.0373417981686465	0.0366847291369096	0.0315885286834419	0.0240613560747753	0.0255477625690916
72091	80-84	2	0.0759061604519478	0.0550227642201393	0.0661785267680493	0.064071344806115	0.0601394341257467	0.0536839762872003	0.0534777516341033	0.0418328342184429	0.0393355296618179
72091	85+	2	0.146065148192851	0.147259358296619	0.151069129694909	0.138011045389292	0.124034067406644	0.127673816844485	0.127246703569978	0.100015258814785	0.108953203915992
72093	0-4	2	0.00252673185139369	0.00202353639148727	0.00182398026367028	0.00202153810771886	0.00164022695295307	0.00154456282999065	0.0014187270013186	0.00087275635940357	0.00116361083552141
72093	5-9	2	0.000124491124469404	0.000120633501469723	0.000117888563984766	0.000121017903651537	9.94007510153599e-05	9.22918123713639e-05	8.41916765945204e-05	7.51305887907869e-05	7.62201549650717e-05
72093	10-14	2	0.000152411013318071	0.000155626236713285	0.000144457775034289	0.000140678498565367	0.000121693221388424	0.000119076718691593	0.000103249524310719	9.21943779656725e-05	9.34976218045452e-05
72093	15-19	2	0.000518243203497379	0.000481608807554954	0.000471553005494263	0.00045755831217417	0.000397323467462994	0.000370921663462059	0.000339615778719977	0.000304907394401284	0.00030992796575049
72093	20-24	2	0.000946901960068235	0.000932744447450816	0.00101101463542183	0.000930333327420421	0.000729956685970912	0.000681061363513019	0.000627647807131	0.000565477050306104	0.000575628711918012
72093	25-29	2	0.00129047614407431	0.0011452246921712	0.00118339134375148	0.00105345553828146	0.000917772004310236	0.000851107226113847	0.000862304296117523	0.000705452482586008	0.000718239208410546
72093	30-34	2	0.00141580783767561	0.00130276908081881	0.00127483344594342	0.00138034985911415	0.00109467995772278	0.00101921328663905	0.000932256188050809	0.000838887174543235	0.000854731481074058
72093	35-39	2	0.0016618969858408	0.00160460476841678	0.00156308482887837	0.00175312363026689	0.00139728948542377	0.00131614661436955	0.00133918075325588	0.00103959686719027	0.00105701155692761
72093	40-44	2	0.00207443106462993	0.00210002824719108	0.00203721531460164	0.00215942437521717	0.00188259227424198	0.00160712287000917	0.00164102693571781	0.00141750823086582	0.00129795455469866
72093	45-49	2	0.00287212886746688	0.00263891607874112	0.00255404132045152	0.00308728591926147	0.00256792214680854	0.00228983985061861	0.00213260965688288	0.00187758502709577	0.00202271536972222
72093	50-54	2	0.00436126325251029	0.00529089593840367	0.00462978989109956	0.0036612768449933	0.00377866363449586	0.0033264900214298	0.00280879358194057	0.00257136198392815	0.00294321236519493
72093	55-59	2	0.00646546884298439	0.00574034554702342	0.00583673944110573	0.00615462146127329	0.00524881646291066	0.00398567641101074	0.00381508755430839	0.00337098666507704	0.00416212371572435
72093	60-64	2	0.00925339694515065	0.00981915581908193	0.00995829236124773	0.00911152325015264	0.00845817032956751	0.00607626941784873	0.00642211377410882	0.00651057488417192	0.00469116989267301
72093	65-69	2	0.0139915883248769	0.0144578178380739	0.0152519571723014	0.0123201132536606	0.0123585211192457	0.00876398362277867	0.00891853358167482	0.00708951043980232	0.00786626744301896
72093	70-74	2	0.0237886722749823	0.0236187538317019	0.0206945187153371	0.0231420906402719	0.0227681564914917	0.0166807968007356	0.014021811152762	0.0151337604765422	0.0128549377866998
72093	75-79	2	0.0425110568460662	0.0373892709488167	0.037666582145169	0.0301193742992576	0.0339251185498755	0.029556053587445	0.0224087712512637	0.0179167146323095	0.0186433032683124
72093	80-84	2	0.0572124034791797	0.0568518808991693	0.057912197725102	0.0579702441101916	0.0422344395782073	0.0423216662935321	0.0345492755034057	0.0333091296883739	0.0503751822112985
72093	85+	2	0.15901723061476	0.121299353626501	0.119050767137673	0.0951641252160679	0.11015199171664	0.100398383571688	0.112749427621843	0.0766901285109846	0.0694755532210568
72095	0-4	2	0.00243229865278256	0.00246521286563201	0.00195891122221526	0.0023300400121856	0.00157336992898827	0.00140101665576011	0.00154554792880718	0.00117041221723214	0.00121997032146385
72095	5-9	2	0.000137045711481405	0.000126610001393057	0.000130248384816537	0.000126917380348061	0.000104353435691244	9.71645316170075e-05	9.35963657731957e-05	7.92873607041499e-05	8.0608857304302e-05
72095	10-14	2	0.000167012534380986	0.000162543115076287	0.000151062120058516	0.000154918344389792	0.000127538947663657	0.000118867921637248	0.000108829684705774	9.71358806060094e-05	9.87745431265437e-05
72095	15-19	2	0.000607573622601316	0.000489119896768786	0.000528545758071167	0.000470104920899633	0.000431809718495354	0.000403487997590332	0.000352783299827079	0.000317694982466431	0.00032378865826431
72095	20-24	2	0.000998832616772767	0.000927519747973314	0.000952000002279008	0.000932832977791464	0.000778517851416402	0.000730357582033443	0.000779402782566291	0.000611913015222033	0.000594992490445024
72095	25-29	2	0.00119149544067447	0.00109836401799507	0.00122786168205305	0.00114427075644546	0.00105543417782593	0.00104284684723305	0.000926886966838649	0.000723166556397505	0.000816835523782973
72095	30-34	2	0.00159555033991001	0.00135389518722703	0.0013189865744295	0.00159812752208181	0.00113101202119025	0.00102679155292788	0.000952344003920662	0.000907255683671101	0.00101492841838835
72095	35-39	2	0.00173965280759245	0.00183009249698125	0.00194224946697966	0.00181465867087643	0.00152640396062278	0.00150050368053978	0.00146460826979853	0.00115506392887546	0.00123648515887511
72095	40-44	2	0.00211649986203886	0.00199872909208198	0.00280176233128448	0.00196993635598823	0.00189340655747432	0.00155509963988136	0.00181144508448031	0.00168665318129014	0.00136779976368993
72095	45-49	2	0.00328824920639731	0.00295816172212021	0.00319594296918869	0.00281767204191564	0.00236821185412251	0.00285859410764414	0.00223454993776726	0.00171039265020648	0.00212940131115952
72095	50-54	2	0.00444588724846477	0.0047984818672559	0.00368763177176266	0.00412804480800771	0.00321671757315637	0.00341305995705195	0.00284914386074016	0.00260036169195032	0.00253793913759998
72095	55-59	2	0.00640606942880178	0.00627747459325951	0.00647162343520633	0.00556786164525796	0.00546793040395016	0.00522265136381909	0.00360878323201448	0.0036180552576954	0.00425192279503051
72095	60-64	2	0.00899920222626121	0.0109815286868008	0.00994478741682545	0.0109167950654863	0.00763276864981299	0.00634682049615494	0.00759828239543227	0.00532445368182404	0.00562677359880478
72095	65-69	2	0.018210270755816	0.0136680451583374	0.0116828882085133	0.0126302538816288	0.011985241022385	0.0102250349976294	0.00986377526014313	0.00980337327838553	0.0110966248518295
72095	70-74	2	0.0202684178260845	0.0229354463022436	0.0206337289742627	0.0250979722857518	0.0185035104103021	0.0183183700777835	0.0153309569063872	0.0131776555888294	0.0164492113180223
72095	75-79	2	0.0420844545236752	0.0357386381796166	0.0335361715315031	0.0328989390308107	0.0316496855944923	0.0242787185329553	0.0214568059945265	0.0195454447354219	0.0238691952698526
72095	80-84	2	0.0626880837236841	0.0595900747150711	0.0560674727697441	0.0576724155111622	0.0524637003980455	0.0428444313813161	0.0398435852698267	0.0395923663947891	0.0508235878908086
72095	85+	2	0.140119861568619	0.12021241269204	0.11030594525219	0.12918091938312	0.110884257687144	0.103660637439166	0.121091029733752	0.114050634569957	0.0900322104441279
72097	0-4	2	0.0035671009998573	0.00279049423345606	0.00251175728248019	0.002262620432016	0.00173237071790649	0.0017858865717465	0.00167712315586136	0.00125615852030447	0.00124197309474808
72097	5-9	2	0.000140080868061664	0.000151172923515383	0.000124062513586058	0.000133846720714968	0.000117905210350181	0.00010115480932405	9.38721895365469e-05	8.91811793296176e-05	8.23550222473787e-05
72097	10-14	2	0.000173172142775203	0.000192802602236373	0.000146205188973653	0.000173967668756736	0.000122637624200834	0.000115829195230526	0.000113034527462429	9.76556673826714e-05	0.000104956436658644
72097	15-19	2	0.000483720558552518	0.000461590726207497	0.000460646858590377	0.000449134073711518	0.000374466558387102	0.000333037634692484	0.000310206451895378	0.000310240121502369	0.000298033752345104
72097	20-24	2	0.00062967755218389	0.00072169098102661	0.000763349756734662	0.000655994315128211	0.000567842050238927	0.000561930441028265	0.000467348619899062	0.000509034234409888	0.000588932247355636
72097	25-29	2	0.00100688816564849	0.00102908868071198	0.0010645696324399	0.000969651989715472	0.000889800826331008	0.000764617150790477	0.000724588198319923	0.000693141872255262	0.00113236095447742
72097	30-34	2	0.00111581755136553	0.00109724268999418	0.00108336885389327	0.00157349545601308	0.00135699466688085	0.00101986177359698	0.0010207797612267	0.000897613318833972	0.000938510483550196
72097	35-39	2	0.00132532017109511	0.00154147450883403	0.00167359470277014	0.00158150142062187	0.00123611362517901	0.0014636562130799	0.00135792644436201	0.00115072987847486	0.00125966283383423
72097	40-44	2	0.00175322224871874	0.00150582292584477	0.00198239907998865	0.00211299266340272	0.00173240821820847	0.00195925270465905	0.00161701985819836	0.00181416628877664	0.00143755391304806
72097	45-49	2	0.00295555282196158	0.00309650194533712	0.00250314140812102	0.00314349911468465	0.00235164566488614	0.00292805910591388	0.00244294827586726	0.00189747743714429	0.00179693707689352
72097	50-54	2	0.00437131458446577	0.00421550007133267	0.00425321843423028	0.0038792127336104	0.00336954816265641	0.00363425044975871	0.00402764253199981	0.0028841835937807	0.00292069863157932
72097	55-59	2	0.00542778023506594	0.00629818544356545	0.00645667608420744	0.00570445117987302	0.00561930746574145	0.0044643575802309	0.00580923402403605	0.00397513448624829	0.00539611193323567
72097	60-64	2	0.0107712544624639	0.0104892034543083	0.0105551798607991	0.00880080694303795	0.00895143638505545	0.00833336263617003	0.00796367361153593	0.00687738606507533	0.00707596172208239
72097	65-69	2	0.0173151488548786	0.0169562449365614	0.015108273137134	0.0139856138700851	0.0137878580966329	0.0103791912682948	0.011705851551974	0.00857182697046624	0.00710654658413282
72097	70-74	2	0.0263992865959278	0.0270248851352027	0.025990854928068	0.0243797247539254	0.0201271363191195	0.0217623816129536	0.0162071919131981	0.0148218145289862	0.014506293629822
72097	75-79	2	0.0462440947785806	0.0428419896591333	0.0384331189598431	0.0329231997049504	0.0347031554163822	0.0285609083846236	0.0267554530955526	0.0218988818023611	0.022915210186052
72097	80-84	2	0.0811842656568517	0.0764631395198225	0.0743234066108766	0.0640678930627652	0.0500528838924066	0.0551700467774449	0.0467218773419564	0.0401440374492948	0.0375892777326313
72097	85+	2	0.161589305782714	0.128686724018116	0.137997650873847	0.147872223886813	0.131951351384185	0.130880900560015	0.117262955567512	0.096784016358595	0.107579079409887
72099	0-4	2	0.00268804242283209	0.00201469257506536	0.00144734718404064	0.00183039040620453	0.00156468173318652	0.001500714002448	0.00125576537166282	0.00105508808855435	0.00108634109172116
72099	5-9	2	0.000113239168726892	0.000109806563862365	0.0001072409772087	0.000104510110761888	0.000100444472201061	8.90577170148216e-05	8.60899339816986e-05	6.98281705992262e-05	7.09577706308835e-05
72099	10-14	2	0.000136938723667372	0.000139572869393776	0.000143343739319174	0.000126844319710554	0.000128182642455042	0.000113682341870123	9.44778588377296e-05	8.51242492672664e-05	8.65035984241784e-05
72099	15-19	2	0.000505825466506128	0.000415354104788657	0.000406880639842179	0.000379163660182723	0.000335554741356811	0.000331328170335437	0.000306438578186531	0.000278819062019766	0.000315890811347759
72099	20-24	2	0.000832123537363253	0.000715215565863844	0.000693728108799382	0.000722571282116905	0.000588911339001513	0.000590640454678331	0.000532194427832947	0.000511168134904133	0.000472873047431771
72099	25-29	2	0.00102632597781935	0.000868220868227148	0.000870830355286296	0.00080902425924856	0.000876053444111258	0.000765275407784654	0.000648303611134723	0.000630527576458171	0.000609401827697429
72099	30-34	2	0.00114682786155784	0.00108853472689163	0.00120961452745112	0.00100017761267188	0.00100342094448926	0.000853595057792642	0.00083626000641937	0.000766678290220356	0.000785914330616077
72099	35-39	2	0.00131776209225056	0.00148872653259356	0.00130611536629129	0.00147760656225046	0.00118836691582553	0.00102276895557415	0.0012013784043347	0.00104183430294346	0.00113509566209763
72099	40-44	2	0.001748214921942	0.00184815598869919	0.00171300311125028	0.00139940678809628	0.0013691803934505	0.00153890024296354	0.00135831883770346	0.00113362119910134	0.00111091522122145
72099	45-49	2	0.00282052619735648	0.00308984387942971	0.00270240223922049	0.00300091028739341	0.00207282269910605	0.001709268512214	0.00174519846219401	0.00154213505454151	0.00201707174151311
72099	50-54	2	0.00494459848545114	0.00399000223136703	0.00377753041296822	0.00308862944609352	0.00338859352157528	0.00282675647110125	0.00253884325249189	0.00245499966688294	0.00239150558714867
72099	55-59	2	0.00567677950952799	0.00535946251451128	0.00498461470155124	0.00443143037812385	0.0045301276982582	0.00385911963143006	0.00379321795185168	0.00469962048646758	0.00312655088260192
72099	60-64	2	0.00889586008357442	0.0104733401184118	0.00942982879622134	0.00924787672443159	0.0100170772776352	0.0069245725475927	0.00557639619384577	0.005276202302505	0.00560844000004521
72099	65-69	2	0.0171302131825459	0.0124837143512452	0.0182158165495902	0.0139493385149193	0.0136241710966749	0.0112039749547058	0.0111827574580516	0.0083309998026546	0.00612804058517655
72099	70-74	2	0.027151924555002	0.0274366360323439	0.0286533432732992	0.0237211906606263	0.0187759096461081	0.0159147222115726	0.0174682116896895	0.0115871155621519	0.013508237302041
72099	75-79	2	0.0360602326279638	0.0384905347451248	0.034756994143417	0.0362693168277504	0.0346293965546985	0.0313297284243307	0.0295120666034272	0.0212462871119141	0.0206933362566629
72099	80-84	2	0.0821037437773105	0.0734745364367784	0.070227170924949	0.0758309520894008	0.0560884951953018	0.0627036234435948	0.0511154991028052	0.0435869605088776	0.0461804545517369
72099	85+	2	0.14278252864726	0.164457910909683	0.12976136950903	0.124420444460101	0.128760076529605	0.106479956441593	0.109201411121631	0.101625940672099	0.10753543277342
72101	0-4	2	0.00235592114878541	0.00186784149810268	0.00208284887483922	0.00173066805819913	0.00163676051110965	0.00147558204765873	0.00113257309839027	0.000843102399512704	0.00139750902032502
72101	5-9	2	0.000123882462987321	0.000120190709698553	0.000123231520939946	0.000126208384055816	9.92222115453039e-05	8.78920540330409e-05	8.05507853623587e-05	7.21503654845505e-05	7.34938226899339e-05
72101	10-14	2	0.000157725602179345	0.000153524505550269	0.000142611528811505	0.000138736494024288	0.000120479035306309	0.000112106075860146	9.80748956291598e-05	8.81942861843924e-05	9.43985504490376e-05
72101	15-19	2	0.000496864573806492	0.000487918332805832	0.000456273782928013	0.000483750431577472	0.000405952179401699	0.000361618866094547	0.000334535531377182	0.000277195085080773	0.000285475364249621
72101	20-24	2	0.000875578249151898	0.000847558289764142	0.000724525643383615	0.000765976376351226	0.000643310103463938	0.000631859809952152	0.000636884037986455	0.000490638271822381	0.0005249599372027
72101	25-29	2	0.00099918645523082	0.00120448543369414	0.00102805276709237	0.00100902516736433	0.000824281222197667	0.000734819020302423	0.000723765558698369	0.00061058741353181	0.000651380625708962
72101	30-34	2	0.00129629040811424	0.00125372190832189	0.00133759328593434	0.00106357260527269	0.00106898979271366	0.000823534384361287	0.000766945130917593	0.000784317333580355	0.000764925901830949
72101	35-39	2	0.00159843666846865	0.00132726515833046	0.00158529918969692	0.00177041868198837	0.00145094801601132	0.00124073659899317	0.00112839789230027	0.000958273153596882	0.000996054038046352
72101	40-44	2	0.00196192863968469	0.0019202318909807	0.00186409726068224	0.00172166291379996	0.00159987497715392	0.00160020735730735	0.00131053420659543	0.0013513523225765	0.00137241451417932
72101	45-49	2	0.00271569430441916	0.00232381085109051	0.00346266369660817	0.00289556541467551	0.00215256309712129	0.00186283314755393	0.00196547695049257	0.0017595316559529	0.00243890558830135
72101	50-54	2	0.00382964880231815	0.00376347131687541	0.00340164122136302	0.00406044173254637	0.00286016500870113	0.00252637866819667	0.00257673621402802	0.00230408028417544	0.00254537297632696
72101	55-59	2	0.0056035373921947	0.00554025956092986	0.00514429081933819	0.00509926299001108	0.00394655646514499	0.00426038533530613	0.00497534913211025	0.0029159070837692	0.00385202351791678
72101	60-64	2	0.00802072581502257	0.00902231955451873	0.00882940614579792	0.00744600667734317	0.00846075787032712	0.00666454272851144	0.00634206962741711	0.00605157464115712	0.00461314690845661
72101	65-69	2	0.0145159279725097	0.0138236111664475	0.0159078165998016	0.0146896555126178	0.012171484256526	0.0112150691420595	0.00991886750978461	0.00679743392391803	0.00732282739548994
72101	70-74	2	0.0256947724909467	0.0279641005294699	0.0181633980863781	0.0206591229004685	0.0206339050385412	0.0173030835358089	0.0150655372032623	0.0123608277024613	0.0164552247182371
72101	75-79	2	0.0321020948271733	0.0415707063284805	0.0389450700261912	0.0279416323853871	0.0335146933751558	0.0313964980084713	0.025822288492025	0.0195476479840331	0.0146915280327527
72101	80-84	2	0.0634881593254374	0.0575442983152933	0.071528027218899	0.0612095903569252	0.0451019614821284	0.0444192970494373	0.0521984002269695	0.0397005616682193	0.0403237356959697
72101	85+	2	0.152846894606014	0.132459374017247	0.13576449578812	0.143198208835806	0.130994266842089	0.128408485383012	0.118534065868562	0.125151994917992	0.0922739610870858
72103	0-4	2	0.00221068500811445	0.00210709641073795	0.00268749516221735	0.00203040716052308	0.00173772273696681	0.00182834598677586	0.00151232604051925	0.00113362052900472	0.00148349555137452
72103	5-9	2	0.000157023764237797	0.000145560208772585	0.000149818533099186	0.000132269280328936	0.000126864469136188	0.000112217523931507	9.7335184343819e-05	8.73743125101375e-05	9.37541625489892e-05
72103	10-14	2	0.000182596582856907	0.000177050697983583	0.00017304087698057	0.000169346636493244	0.000154688368366905	0.000136873382117884	0.000125228727873884	0.000106811029950737	0.00010867357181052
72103	15-19	2	0.000694247559026655	0.000559283769630418	0.000546667670310077	0.000564312760938817	0.000454129017358052	0.000443277172608718	0.000390335463317705	0.000356262251324043	0.000345200228196447
72103	20-24	2	0.00114756829168314	0.000989251338811312	0.00105149680042977	0.000934574324968612	0.000855078203974502	0.000775728742274197	0.000653725417565928	0.000628496736750957	0.000740555100427148
72103	25-29	2	0.00134564294153919	0.00135557604571913	0.00148024476760135	0.00131937748697218	0.00107012897232905	0.00107881732589878	0.000871573774243472	0.000744823182845123	0.000868278813489785
72103	30-34	2	0.00154729873015994	0.00138368223154283	0.00141008106920182	0.00156479402406428	0.00132556673545426	0.00120982724722136	0.000983592251000713	0.000893040317491916	0.000922692134179187
72103	35-39	2	0.00198859312656723	0.00212199212317185	0.00205345232993756	0.00233165835498651	0.00163697963894163	0.00166870265104646	0.00136430237815395	0.00114768941660178	0.00114521147679529
72103	40-44	2	0.00249464946552125	0.00224609980018577	0.00266711836467504	0.00252302714255155	0.00248855295881045	0.00207732648629932	0.00172032977595766	0.00151035968606852	0.00156516659953737
72103	45-49	2	0.00261481435005097	0.00348835416160858	0.00372759175826317	0.00355322179861115	0.00315799041649168	0.0026068882049135	0.0021208783809938	0.00192126582419069	0.00196974798725931
72103	50-54	2	0.0057972707791243	0.00573263024149275	0.00471081606534893	0.00541717244328603	0.00373363694674729	0.00341807945733573	0.00311318992273314	0.00338193315480898	0.00375150632635949
72103	55-59	2	0.00745053727959833	0.00744702435022758	0.00669704011306519	0.00676004137931289	0.00599789363447401	0.00535420100304097	0.00513407342301591	0.00483378691968997	0.00482994189337183
72103	60-64	2	0.0105292512685837	0.0117731661327175	0.00909691740722281	0.0101454773680986	0.00829772702644539	0.00731896157686214	0.00722827644679221	0.00604741233796418	0.00832235219788448
72103	65-69	2	0.0189819048621659	0.0163982122094899	0.0194437217756089	0.0181182454626	0.0147557112300417	0.015336549901568	0.0112167500532581	0.00898189793283782	0.0099305263030356
72103	70-74	2	0.0332449038141987	0.0276379489750676	0.0211257877614975	0.0215067234667132	0.0195030678604988	0.0195428248287521	0.0175674617326074	0.0139988494817826	0.0143639003548237
72103	75-79	2	0.0433579849027256	0.0417859838209212	0.039354302294998	0.0462567549347353	0.0354421836589901	0.027012902956068	0.0255722857062808	0.0231580475937451	0.0217557941563131
72103	80-84	2	0.0696067782696569	0.0769664714002557	0.0679567954655344	0.0769819873078853	0.0545368373880582	0.0589462764169955	0.0513161771335623	0.040962105303951	0.0519136952003264
72103	85+	2	0.14507837707734	0.142307915561313	0.132215469778985	0.120004366734693	0.134739730941291	0.1437012800602	0.114694144348068	0.128982894545899	0.11096184962895
72105	0-4	2	0.00246235380012358	0.00224843908592309	0.00191529840394874	0.00169907288540344	0.00153516652630889	0.00159095060897263	0.00141279615569665	0.00105019433663808	0.00097891044457144
72105	5-9	2	0.000129488233551162	0.000131750092246541	0.000122421172082784	0.000113747071637889	9.88757604277422e-05	8.78145039430943e-05	8.02746922046831e-05	7.96687252983246e-05	7.30548081875949e-05
72105	10-14	2	0.000141817481404082	0.00014487604433889	0.000148991072506261	0.00013841032256044	0.000114437339217851	0.000106816350459234	9.78117992588092e-05	8.78446701754397e-05	8.91702391110852e-05
72105	15-19	2	0.000450893818799556	0.00044283914170695	0.000497606176085537	0.00040191202228459	0.000405600240274999	0.000347902463318579	0.000321823427393271	0.000278229968036638	0.000284257030584393
72105	20-24	2	0.000779281686723058	0.000789280022542372	0.000875271208003039	0.000823674585459004	0.000641011075476421	0.000692409240023324	0.000612164346574091	0.000493651069553061	0.000548384975886182
72105	25-29	2	0.000922272438736611	0.000956547435739483	0.00119028437136878	0.00106315816171292	0.000802352561663208	0.00071162108852839	0.000756066062796421	0.000687684880315407	0.000766882055406148
72105	30-34	2	0.00117788270077268	0.00107265710273281	0.00117167010267305	0.00125021170819976	0.000958472174816839	0.00102648497365017	0.000836728700052061	0.000856701055550117	0.000722084105209945
72105	35-39	2	0.00156220636213092	0.00158276091893803	0.00174475864551066	0.00173812673496355	0.00136840765789312	0.00141370583388353	0.00108377945085003	0.00108989916589613	0.000992097794888287
72105	40-44	2	0.00181453304128445	0.00196074493661074	0.00170685176925063	0.00167427716638574	0.00183413642733132	0.00164240888505794	0.0013709347853137	0.0012876824517552	0.00126134546777554
72105	45-49	2	0.00276366242258627	0.00254268365585113	0.00237686996755757	0.00247883139086699	0.00215633340289835	0.00212149481049036	0.00226542649845642	0.00188879458636418	0.0016188254852767
72105	50-54	2	0.00362605925520836	0.00409938980055917	0.00365745300524809	0.00349792522366974	0.00310563543995323	0.00396852454762794	0.00339876363376504	0.00276880789582342	0.00266625285706648
72105	55-59	2	0.00544005584861208	0.00526083671880849	0.00649956666912942	0.00435698910891209	0.00429369843008989	0.00426180793713712	0.00434125156698978	0.00412221688698741	0.0040154667837852
72105	60-64	2	0.00778514143017037	0.00999210092318833	0.00889038558876752	0.0123056362667165	0.00669222951068873	0.00676299810818133	0.00445514149157228	0.00562719276565477	0.0043999238339398
72105	65-69	2	0.011358923240567	0.0118605233726923	0.0118873811348493	0.0133645833682713	0.0117483564733009	0.00952726299597916	0.010576286329684	0.00717653769522748	0.00776703204870701
72105	70-74	2	0.0153684849884002	0.0221269464225396	0.02208987561777	0.0194063563871076	0.0168650918614176	0.0154341994517657	0.0134679004232554	0.0109139055027265	0.0141795681706578
72105	75-79	2	0.0355813922390892	0.0316166519146304	0.0313430467035233	0.029092473198532	0.0275082951849565	0.0308961277832873	0.0271221275759492	0.0195967068682007	0.0235440587181421
72105	80-84	2	0.0602642010777433	0.0571535635372824	0.0537754611183775	0.0657225162452579	0.059263275388497	0.0549385291542643	0.039909790723591	0.0340056571975784	0.0333416651328761
72105	85+	2	0.135104735424757	0.138133075022406	0.112615350429769	0.130750144753033	0.134914861788787	0.113526677173758	0.11132510335081	0.0884257772447894	0.0875121036683505
72107	0-4	2	0.00261482654456754	0.00220909266845486	0.00213098463615222	0.00231258629582499	0.001770214105079	0.00161534136465658	0.00136022634815229	0.00101290262643614	0.00113469579110206
72107	5-9	2	0.000132600682067393	0.00012248508222383	0.000132648395654281	0.000116667149542294	0.00010130398875611	9.47180361474325e-05	8.23636797396015e-05	7.37322885704391e-05	7.47993575966175e-05
72107	10-14	2	0.000145661061142533	0.000149084250394377	0.000153532839943237	0.000149043174909667	0.000117085899902043	0.000109416912132232	0.000100378112491962	9.02381093884842e-05	9.14790542306147e-05
72107	15-19	2	0.000463685362203509	0.000498861685489596	0.000470513043028866	0.000482159134914705	0.000386092672838094	0.000360310148743359	0.000316222679228032	0.000302818972679912	0.000295289788583707
72107	20-24	2	0.000874692260757427	0.000774956762367717	0.00079313128131544	0.00092505316665545	0.000652845843375514	0.000642764579874734	0.00056356282080452	0.000540372981668811	0.000528246399398696
72107	25-29	2	0.00109211453792248	0.00104166465851904	0.00110265128385615	0.00103598893507197	0.000918787895972331	0.000825907974344563	0.000774722937953915	0.000735163309988519	0.000649995241175178
72107	30-34	2	0.00136021046198697	0.00112628937534541	0.00117862125613629	0.0010940744422013	0.00106594452962222	0.000984105202128909	0.000909685616574974	0.000911594256200745	0.000836589858548148
72107	35-39	2	0.00176417215364218	0.00160109791135484	0.00152621503483258	0.00169446546137546	0.00121961704842831	0.00121262747739133	0.00119338758664399	0.00115085692505188	0.00101669786539187
72107	40-44	2	0.00190746021137223	0.00196406483837855	0.00185494648109789	0.0018699844880625	0.00175223714784291	0.00135313999641016	0.00133594375552796	0.00154230645272957	0.00140081420921205
72107	45-49	2	0.00277615203841978	0.00286981685291355	0.00242311827985292	0.00254460295041066	0.00244888749103314	0.00201658701950843	0.00230388100660862	0.00168976166589789	0.00174476981091384
72107	50-54	2	0.00433540584543535	0.0036126441927757	0.00411972202704573	0.00356742881822515	0.00302790951368239	0.00332855380624442	0.0026511600915446	0.00271381768029823	0.00247913725808962
72107	55-59	2	0.00717831518048395	0.00480527786842831	0.0059757108041989	0.00493135073713461	0.00432522005280857	0.00405027345166517	0.00453833244300434	0.00425250201863604	0.00426065926558677
72107	60-64	2	0.0102868845875718	0.00975034185851976	0.0096806069732962	0.00889836799442803	0.00742727088447461	0.0066773644333783	0.00640948433068867	0.00528123368700871	0.00471564624052114
72107	65-69	2	0.0107432939702104	0.0112538533582701	0.0118353645480177	0.0137989560839822	0.00939701596214009	0.0107150893081349	0.00896255369784984	0.00666322860161868	0.0070939899272558
72107	70-74	2	0.0242911674009041	0.0211644907960609	0.0205350401470238	0.0240849474725228	0.0182703431867746	0.0209206826131293	0.0149819630613882	0.0102495572248765	0.0107439888263095
72107	75-79	2	0.0299120593525955	0.0293533701454664	0.032917979104508	0.0287447708435196	0.0290185376670083	0.0319818183845515	0.0272238493825132	0.0241010323802135	0.0295236547133208
72107	80-84	2	0.071209483664345	0.0528577143875341	0.05991312669883	0.0665532329017853	0.0473812197407106	0.0527231079369409	0.0474239865996774	0.0384506249384243	0.0334848762668714
72107	85+	2	0.137905805792617	0.136952553117553	0.14320135075509	0.125322511340093	0.110518286348507	0.140500055870493	0.0971962786556296	0.108123762051468	0.090261634633525
72109	0-4	2	0.0024352476757757	0.0020847346995823	0.00262912327368688	0.00196783325969166	0.00163006965366323	0.00128845003624661	0.00125885828546818	0.00132719264967591	0.00143630987284987
72109	5-9	2	0.000144983575102446	0.000127344302015346	0.000124489488078756	0.000127870629436084	0.00011106501585291	0.000103492608890687	9.0015361350505e-05	8.05105601350733e-05	8.17767156921336e-05
72109	10-14	2	0.000194000696743598	0.000171111146210836	0.00015157509034603	0.000163755640954836	0.000135497904318765	0.000139978335871967	0.000110144997036197	9.85635398313019e-05	0.00010010720864923
72109	15-19	2	0.000511173434429867	0.0005215483356068	0.000489507760077919	0.000529340358340106	0.000425579722653823	0.000398602826068063	0.000369027686072092	0.000336200006158954	0.00036018989133056
72109	20-24	2	0.000871217833718116	0.000843309663463738	0.000865796860642793	0.000821452041914462	0.000910904880476262	0.000714898486057266	0.000726032158381881	0.000604677035284024	0.000652923971637715
72109	25-29	2	0.00131432935978145	0.00114792185843481	0.00121258626615198	0.00113991336201348	0.00101353564047215	0.000835306896908506	0.00090018093088357	0.000749187130652874	0.000765752527020791
72109	30-34	2	0.00152044164049002	0.00137398431090404	0.00144704417936038	0.00116704884296261	0.00109866459144983	0.00105039825358763	0.00107021381744092	0.000934858044987724	0.00109497973831816
72109	35-39	2	0.00179671089436488	0.00170684472224063	0.00157378445223964	0.00171571607637438	0.00147059437638358	0.00135848612442141	0.00128822353116078	0.00108996605096544	0.00121921433256004
72109	40-44	2	0.0021922602593001	0.00215902333797813	0.00212920779732194	0.00186237085477791	0.00206330409715067	0.00156225431828941	0.00177640079704361	0.00148388043327913	0.00146043025718858
72109	45-49	2	0.00301378736832424	0.00303746383586773	0.0023541656890887	0.00298991133962434	0.00252667277520873	0.00212120880246633	0.00206712554249302	0.00190977847731204	0.00210438473762703
72109	50-54	2	0.00410955832106297	0.00424108458963283	0.00408316165356879	0.00393305987427966	0.00344481510431881	0.0028642636211791	0.00303392040588601	0.00256711862723566	0.0028467022948824
72109	55-59	2	0.00632311548933265	0.00661842676604739	0.00599358969681492	0.00503621012032597	0.00538610291229618	0.00505443014156105	0.00456149981873423	0.00351577191000877	0.00365908671633647
72109	60-64	2	0.0119357624008022	0.00997920911612053	0.0104874457684352	0.00930421506237647	0.00872759866847825	0.00733384191077638	0.00575426744443688	0.00541803894577616	0.00558466395343273
72109	65-69	2	0.01673134064016	0.0132166912785427	0.0180712457085316	0.0164635467784993	0.0143678491898052	0.0100380591069611	0.0113271097180275	0.00885383214637577	0.00994088625751528
72109	70-74	2	0.0334270620631263	0.0259144144185527	0.0247803111327144	0.0286353641676685	0.0184562358658565	0.0157981842617755	0.012897267267724	0.00964496601029345	0.0102043619100464
72109	75-79	2	0.0367424378266257	0.0361694568205463	0.0400338105443863	0.0380416403793949	0.0305115328668196	0.0339810467202487	0.027763798074578	0.0205949070566451	0.0215157216465187
72109	80-84	2	0.0752405763466993	0.0730381355696835	0.0671418492366947	0.0755160368236524	0.0634010977599358	0.0572109116307148	0.0454338525560584	0.0415453259611347	0.0380598688975195
72109	85+	2	0.193390308439292	0.128474888919721	0.109585586092945	0.120900462483781	0.136302887324328	0.123332032556806	0.112985394746274	0.109528018925311	0.0907030100134997
72111	0-4	2	0.00286128511151643	0.00221441041504037	0.00232491786967686	0.00231007415895479	0.00164303677789756	0.00155671770443985	0.00143079987855148	0.00109139303385006	0.00124001650859769
72111	5-9	2	0.000159146774999992	0.000126279484720109	0.000143245287946972	0.000120069795752518	0.000104468207455184	0.000102640748757991	8.94526277676054e-05	8.02627109953615e-05	8.15129845787039e-05
72111	10-14	2	0.000166709562252805	0.000169976576810898	0.000157840540308483	0.000153365543464595	0.000127061078794018	0.000118880166386339	0.000114858337995724	0.000108636508396343	9.96006377654049e-05
72111	15-19	2	0.000529116044977936	0.000493731080250512	0.000481600386086385	0.000464567028665086	0.000428805087838421	0.000387091150719065	0.000344572618800064	0.000328553955512189	0.000335797462968149
72111	20-24	2	0.000935260768796956	0.000873421258992901	0.000885619010522587	0.000812403247071657	0.000742385057353049	0.000675208336299085	0.000660122407497724	0.000649038980175082	0.000661381713994164
72111	25-29	2	0.00110875962393867	0.00120577580296967	0.00107328380593465	0.00117698154186211	0.000962398005916809	0.000869422932074268	0.000822079959103078	0.000759476515560766	0.000716571565102319
72111	30-34	2	0.00135567565136869	0.00123658413559628	0.00134652799800132	0.00135851225572364	0.00112713973843833	0.00113033912412796	0.000969685294069965	0.000901814612291254	0.000837644332197248
72111	35-39	2	0.00161500638569085	0.00151913638586581	0.00150262658733944	0.00179399640342341	0.00132361270747067	0.00118169946985635	0.00122053512710439	0.00107058884874203	0.00100791865571883
72111	40-44	2	0.00224707546782264	0.00201591761901432	0.00197093575429514	0.00221630576228877	0.00169222616462544	0.00155895222864759	0.00143689575212685	0.00130026682915488	0.00161720918306648
72111	45-49	2	0.00308616979559609	0.00294877712095254	0.00263594351820047	0.00321141153375843	0.00263166483447514	0.00201081785559376	0.00211864523620999	0.00179653096877152	0.00237819861285074
72111	50-54	2	0.00448871621717961	0.00415946133863489	0.00407636085550709	0.00440135180082258	0.0039218085161355	0.00341113994477228	0.00306481705582085	0.0028962907215925	0.00344836306570136
72111	55-59	2	0.00648971405655592	0.00683710036829784	0.00714797053467185	0.00620506371276573	0.00582866239884904	0.00455239397816168	0.00417332714766727	0.00383807732604935	0.00412576082708611
72111	60-64	2	0.00932032200634287	0.0100333956694729	0.012219588074469	0.00885436095690399	0.0115556479416245	0.0101563304427415	0.00679921347846853	0.0066582436481622	0.00592241697923674
72111	65-69	2	0.0168039732184002	0.0198723523686362	0.0192006603354607	0.0175307899768857	0.0146375388084287	0.0131957422498164	0.0110632913866159	0.0102633930502451	0.00953427639788068
72111	70-74	2	0.0310196931282035	0.0273492158451867	0.02752633100113	0.0297012627777958	0.0224831826661381	0.0204080830779727	0.0177059733285143	0.0156566693096621	0.0147451570677534
72111	75-79	2	0.038378697921056	0.0394126944682558	0.0361440396844259	0.0378615254407892	0.0338686161001871	0.027695648970745	0.0298051861581249	0.0255111589501424	0.0279629622142884
72111	80-84	2	0.072583554673259	0.0691384957110012	0.0754793619965318	0.0560955760642704	0.0536180996689303	0.0441896627133465	0.0495383026672069	0.0494462676189426	0.0427502623577254
72111	85+	2	0.12036309844185	0.113920641834224	0.156253448716279	0.10237126173166	0.137619801939365	0.131789910647857	0.149620183798866	0.11567773493244	0.105655886599591
72113	0-4	2	0.00355279409124607	0.00329136792777564	0.00288146811871223	0.0024569519757751	0.00170583382365176	0.0019397748891452	0.00216436764894229	0.00140929157562384	0.00136481696003985
72113	5-9	2	0.000147313994617557	0.000177644137204453	0.000147503171304128	0.000153332960356529	0.000123092348503735	0.000114086426132527	0.000103692077620482	9.13508482314146e-05	8.98942054175093e-05
72113	10-14	2	0.000210982420080147	0.000223713560289191	0.000195415955400179	0.000183552267010229	0.000132463096525491	0.000117377980688931	0.000122324388830556	9.92931525965731e-05	0.000102106229708839
72113	15-19	2	0.000433981382513508	0.000511480941207151	0.000498341874722421	0.000422090188484438	0.000430427986156588	0.000370527307213527	0.000347875003626062	0.000321799557152688	0.00031700580404922
72113	20-24	2	0.000759982063425902	0.000808001458448659	0.00084059224250287	0.000749432778790766	0.000663520703646287	0.000625339287531967	0.000616483844369678	0.000549395925422478	0.00070505033794763
72113	25-29	2	0.000766730996959186	0.00118253827909883	0.00128109408946828	0.0010873350527599	0.00106327368237079	0.000862382202447466	0.00072361500059746	0.000801152686505525	0.000736343688112482
72113	30-34	2	0.000792668456019718	0.00151826251019584	0.00166170975003909	0.00181999993523748	0.00110172325424062	0.00083863355128455	0.000961791716610346	0.000836717749225865	0.000754727015708082
72113	35-39	2	0.00148875552017077	0.00138928659810232	0.00219435899139813	0.00193368704008536	0.0014707957130829	0.00134312179550523	0.00140647426044037	0.00108398349759429	0.00112111575618408
72113	40-44	2	0.00176606110304393	0.00178397749460063	0.00255555139282742	0.00216608024202058	0.00195950746324523	0.00182067992747118	0.00177445174421786	0.00170978371848779	0.00142333039806739
72113	45-49	2	0.00285995716559572	0.00271538497108774	0.00330590606673714	0.00303222116678208	0.00233254593257528	0.00263597767015418	0.00284577469855283	0.00234329861698759	0.00217828765611456
72113	50-54	2	0.00382982369856016	0.00448695365001213	0.00370929384219497	0.00402962143256198	0.00327190679422047	0.00363919273790462	0.00326777436300278	0.00364963930423565	0.00289903952989667
72113	55-59	2	0.00684154181404305	0.00594865813418686	0.0065691461156767	0.00575831953087843	0.00605912695822753	0.00509362038279367	0.00472223598350226	0.00440705500328855	0.00494736340757899
72113	60-64	2	0.0111924129477967	0.0116531943050064	0.010457367702049	0.0101817862209463	0.00848186315701936	0.00757992726542691	0.0069351491314609	0.0065483722531603	0.00475878251120406
72113	65-69	2	0.0165390040552121	0.0165969520191093	0.0165449560389717	0.0147512120528787	0.0154044595886181	0.0100368468427078	0.0106287265678977	0.00989650726335236	0.0104748979520196
72113	70-74	2	0.031365186079922	0.0318040633037155	0.0261227423488469	0.0231788930884638	0.0220540466345616	0.0182303316420611	0.0179291578526886	0.0135896795150163	0.0157522958204225
72113	75-79	2	0.0402722217731051	0.0430415196985687	0.0394343040021811	0.0405540656970832	0.0371854505512484	0.0323791353672584	0.0286008792576607	0.0214544566057556	0.0226875301281669
72113	80-84	2	0.0746134729032361	0.0728258881738998	0.0686524534496675	0.064435598231658	0.0571406881063072	0.0514453785752996	0.0511729390533935	0.0428391134904193	0.0401176148588841
72113	85+	2	0.141085193614087	0.13834832100727	0.136458385103544	0.137456318238256	0.135065005052447	0.131032884266595	0.12488184408617	0.114675613419012	0.109553043115476
72115	0-4	2	0.00245682546828136	0.00176382594299661	0.00189294975813826	0.00210345577943695	0.00171513292694324	0.0014598874104134	0.0015021250780289	0.00125416642392069	0.00110372929003506
72115	5-9	2	0.00013561584892653	0.000125444232044608	0.000122287704097303	0.00012534006024771	0.000103367604411698	0.000106510347229993	8.81948877112854e-05	7.89835239674924e-05	8.02265702842683e-05
72115	10-14	2	0.000164386649648208	0.000159988557923084	0.000164010677686476	0.000144735455021198	0.00012579647597025	0.000117242748500642	0.000113092987372281	0.000101551521141253	9.80569687755343e-05
72115	15-19	2	0.000499871240582136	0.000590625658628282	0.00057832491802716	0.000466456481399086	0.00040971567882373	0.000403513934328592	0.00035626872586531	0.000323572047104988	0.000314404442018977
72115	20-24	2	0.000852895453923931	0.00083137376121333	0.000807859727609013	0.000851059852501155	0.000746882108533483	0.000648346259183348	0.000627770300141646	0.000547431048399059	0.000613074404609165
72115	25-29	2	0.00109200451743305	0.00105038423294312	0.0011086586235938	0.000995927606274763	0.000879804343598929	0.000820322069921826	0.000743173911535208	0.000710686495086688	0.000788557400353853
72115	30-34	2	0.00148794662603451	0.00127971035046301	0.00119004946172964	0.0012452058223324	0.00135369274406454	0.000960081750506708	0.000927305088911397	0.000834220711509705	0.000810749409943808
72115	35-39	2	0.0018432828647386	0.00169756170767309	0.00149411374459788	0.0014704923952459	0.00135433329114094	0.00152966080403928	0.0012679198514057	0.001020672227006	0.00142270978331854
72115	40-44	2	0.00224918511592156	0.00207648188124999	0.0019650077052097	0.00219525486173777	0.0016191945460972	0.00157817653792843	0.00155460156686375	0.00155485878964523	0.00138805999227568
72115	45-49	2	0.00254597407200653	0.00315999166883604	0.00220205138251194	0.00270471591921873	0.00236396781276507	0.00209653696651732	0.0023087278631642	0.00171431549522124	0.00210416155241343
72115	50-54	2	0.00423084821360226	0.00386986600256397	0.00367679573545354	0.0046699456161327	0.00366031809004415	0.00349104962060999	0.00285737416513913	0.00255848428581585	0.00250727877039012
72115	55-59	2	0.00707172720110248	0.00741194155615762	0.00681919740720874	0.00605697098803916	0.00529332912135477	0.0048623986899913	0.00476486585492623	0.00375300266434801	0.00529965900587137
72115	60-64	2	0.0110880077223904	0.0115501988809733	0.0104984720607957	0.00878405555214361	0.00721838491688461	0.008225723965785	0.00764137288574411	0.00612737611859519	0.00585175813392054
72115	65-69	2	0.0160190553251537	0.0159961566947312	0.0165476787576314	0.0170100357932013	0.0117640038206485	0.0144670570165014	0.0090581367920734	0.00760643016281686	0.00832731472259173
72115	70-74	2	0.0278907143322325	0.0322601955983822	0.0240767424253789	0.0264268129659144	0.0220254145367038	0.01669028285079	0.0164199535669234	0.014837217937322	0.0160941467002749
72115	75-79	2	0.038360578969861	0.0439253490963741	0.0457184309271612	0.0414886211326767	0.0396254415132042	0.0290754144198892	0.0299643882582809	0.0248721063185195	0.0245631480151138
72115	80-84	2	0.0605144025913583	0.0754927988075497	0.063871164809861	0.0573183747729831	0.0622730128028107	0.049809208998551	0.0451928060431857	0.0521784306854423	0.0398971455629098
72115	85+	2	0.153574688329037	0.209018507376794	0.13780866762782	0.15726283979049	0.119294287055364	0.114993142684313	0.123145892693169	0.122926622532526	0.115017867780662
72117	0-4	2	0.00244607420197915	0.0019554773171735	0.00177458555476347	0.00175829469636859	0.0013548210057401	0.00155613864311397	0.00162511544016517	0.00123114322393825	0.00107637169821133
72117	5-9	2	0.000121017733882195	0.000117730052257291	0.000114824652161153	0.000111818115089427	9.66424135543011e-05	8.99911752691232e-05	8.20630130738124e-05	7.33469567496666e-05	7.43416296571266e-05
72117	10-14	2	0.000163705915390722	0.000151234752540768	0.000140246397171068	0.000136869300144049	0.000118378414181507	0.000110103069947751	0.000105669677355479	8.97834563514845e-05	9.10363263179985e-05
72117	15-19	2	0.000468735032832114	0.000506261302034899	0.000449959120756739	0.000508734988943808	0.000382227572953851	0.000356416924723896	0.000325519347503889	0.000292439709400246	0.000296367648527461
72117	20-24	2	0.000853210534772429	0.000827904358101014	0.000926435446066043	0.000819157539970659	0.000716621083785459	0.000679874433465616	0.000594202645949501	0.000589375346906429	0.000540154270789129
72117	25-29	2	0.00105390918736608	0.00102495381675339	0.00099941769234883	0.00106834205109121	0.000851034754523572	0.000874591893988621	0.000740161108024939	0.000667062100102888	0.000671261413919365
72117	30-34	2	0.00141433607598032	0.00132270487188233	0.00128645876595183	0.00129507191237381	0.00103469033754227	0.00101657354909005	0.000895615884715502	0.000789057476785548	0.000841509473375742
72117	35-39	2	0.00151799931119023	0.00153291913751848	0.00155145752308689	0.00156798289532124	0.00150370345797404	0.00130149494129448	0.00119127380081103	0.0009851641493591	0.00101524729666203
72117	40-44	2	0.00209520390206525	0.00220287549875209	0.00179521870732722	0.00166074898197316	0.00179676310762776	0.0016085010429638	0.00142948069546895	0.00124461047019583	0.00125297684778188
72117	45-49	2	0.00291489312251042	0.00286075735218946	0.00241142515173265	0.00262089301882879	0.00248947040207229	0.00214656312264003	0.00189028761147035	0.00193034956951212	0.00194481189243007
72117	50-54	2	0.00382290665446367	0.00390583918652953	0.00392984425549859	0.00361463137283226	0.00319344371487124	0.00307397899965688	0.00254433994547019	0.00285987704273583	0.00266538934407744
72117	55-59	2	0.00573044453041389	0.00735530485026477	0.00613289297480109	0.00562171643374816	0.00448813709882575	0.00484100872983664	0.00382082919284399	0.00376720517379818	0.00377102811856477
72117	60-64	2	0.00977341135262017	0.00935237187089406	0.0088470254227393	0.00924835040259247	0.00696628968947107	0.00629787294179056	0.00612995848269538	0.00533034718915291	0.00445528004204365
72117	65-69	2	0.0124122977407852	0.0153127778032535	0.0133941619993784	0.0128107972430993	0.0100665581725368	0.0115805398715524	0.00847917314830716	0.00927284071460935	0.00739771542173732
72117	70-74	2	0.0243384101672441	0.022375992257875	0.0229673424523375	0.0234524225457194	0.017402097301191	0.0188669936382521	0.0155230761680759	0.00991277638967445	0.0124084707556502
72117	75-79	2	0.0442687231304563	0.0397739336262505	0.038823533773967	0.0312176098059858	0.0263442647409811	0.0310002935757977	0.0241984052420855	0.0229536853836991	0.0214337185545821
72117	80-84	2	0.0667024158321922	0.0687343172598883	0.0652790956446708	0.0609217933038362	0.054492081364796	0.0595858584534101	0.0444497060607392	0.0329556256949057	0.0341234449057899
72117	85+	2	0.137442781925617	0.149668358443408	0.135933687867265	0.111865317100501	0.10363863078567	0.112555195065696	0.117746234491445	0.0874712884951068	0.0837560694808741
72119	0-4	2	0.00262559699358207	0.0027333855863196	0.00287085654038798	0.00196301078674464	0.00186594715014199	0.00137598531854001	0.00176194282623957	0.00111338535037313	0.00141953551758726
72119	5-9	2	0.000137533195346335	0.0001470338517233	0.000143692129329395	0.000140082974176038	0.000116096313420682	0.000108771303870319	9.08405725670746e-05	8.60859214716382e-05	8.35790358230613e-05
72119	10-14	2	0.000182536698752808	0.000168442202354298	0.000157058232591496	0.000161326953718769	0.000147706996469357	0.000125351816548125	0.000109834762524466	0.00010443735383053	0.000101535588281685
72119	15-19	2	0.000525149622552259	0.000519056215978289	0.00048402144544989	0.000519056534490924	0.000374612917656089	0.000398245200868034	0.000390140722676676	0.00033095227378205	0.000343386385305309
72119	20-24	2	0.000936454657631532	0.00103972773521267	0.000921862011626793	0.000868072646003342	0.00077764441765593	0.000671683570334422	0.000576511151782097	0.000541119932346508	0.000661078633154911
72119	25-29	2	0.00103236698017144	0.0013042174736581	0.00123935630513706	0.00106385902202775	0.000953904524608439	0.0008534499466028	0.000811107033727358	0.000757479026991226	0.00077870910857624
72119	30-34	2	0.00123577515261073	0.0012814188362394	0.00140103620497353	0.0013991774877849	0.00130808912767735	0.00108444929991694	0.00108069196850141	0.000843246125749533	0.000929776703063657
72119	35-39	2	0.00185352186196678	0.00160943579724521	0.00166989128532155	0.00165605348962051	0.0012826829043265	0.00157065605948704	0.00120990678019178	0.0010223961977741	0.00154086926911396
72119	40-44	2	0.00226703636815597	0.00192006591673414	0.00206850904959585	0.00222795723291617	0.00211847094729319	0.00160219310434777	0.00153560973265914	0.00136582154350264	0.00149245289278085
72119	45-49	2	0.00291564390519297	0.00252745962992135	0.00269315264953475	0.00333002875256612	0.00237023270627782	0.00252849363592739	0.00233280666139817	0.00222287176399363	0.00215678033809356
72119	50-54	2	0.00482173399421864	0.00377884453593961	0.00414279223211263	0.00395027246259991	0.00361544155649982	0.00294882144289489	0.00345733538740284	0.00208358516090619	0.00277199878186426
72119	55-59	2	0.00737981489389211	0.0060333856580815	0.00630033420237039	0.00612915698816552	0.00494277112580038	0.00395426965020167	0.00478991826579776	0.00397056064163942	0.00366238018021032
72119	60-64	2	0.00985682714628782	0.0108821031637846	0.00907055067248572	0.0107383732215065	0.00756570973046116	0.00861839613502412	0.00555133099039559	0.00461894687010041	0.00746190745678947
72119	65-69	2	0.0181392192475224	0.0134292458883335	0.0134295142320405	0.0143156538322386	0.0127496076581522	0.00972235487931181	0.00959089924465929	0.00935252961668713	0.00968868308868638
72119	70-74	2	0.0280258689321845	0.0284843000708239	0.0251352198204813	0.0266227597167146	0.0206656987527847	0.0156984436218587	0.0162679614152869	0.0164796264119036	0.013187456860826
72119	75-79	2	0.0366321808674834	0.0434320567709806	0.0370212468733256	0.0439031386768421	0.0324844156581337	0.0307052170641084	0.027403775420301	0.0229006655465745	0.0246321868785893
72119	80-84	2	0.0776407597245973	0.0595389002638324	0.0579839530076835	0.0586915924217833	0.0524791668150388	0.0605227962265306	0.0555095099351673	0.0380121621577175	0.0358001119830461
72119	85+	2	0.148118361803034	0.16239407144478	0.125220876831754	0.124907714188743	0.119629450182685	0.107521491655676	0.109278354075173	0.106876376077053	0.103638314597596
72121	0-4	2	0.00256757353926333	0.00188508653936464	0.00221840692000876	0.00210348723116195	0.00204696151746074	0.00222229889979808	0.00161529593919705	0.0011031245462806	0.00166091202369904
72121	5-9	2	0.000150109728649041	0.000125574439908343	0.00013587756460747	0.000125824165136462	0.000103743936098822	0.000101885557523051	8.85862041316427e-05	7.92841260636593e-05	8.05752471136805e-05
72121	10-14	2	0.000157456689268544	0.000168594584882311	0.000156867896275297	0.000161246430799766	0.000126651754492795	0.000117898743895993	0.000108054281074187	9.70328423439468e-05	9.84332357919473e-05
72121	15-19	2	0.000507314789324413	0.000492098382088129	0.000504412945542828	0.000471657561137337	0.000435254674462137	0.000370876319296981	0.000340515503637599	0.000309410412574637	0.000316607723838047
72121	20-24	2	0.000889968099216668	0.000942341639817248	0.000879180016985921	0.000780838277635268	0.000893380244425219	0.000689404654077854	0.000609987027527934	0.000636411168034585	0.000566414388441494
72121	25-29	2	0.00118962194804989	0.00115223907511747	0.00121454948968487	0.000990048448557272	0.000915435226505474	0.000871080912482522	0.000793391180366395	0.000758333292471904	0.000693995078189804
72121	30-34	2	0.00173891861947047	0.0012011451193627	0.00127942295732404	0.00135129028377462	0.00111302793115714	0.000967717639783859	0.000945690555933683	0.000850933024539397	0.000826325090089233
72121	35-39	2	0.00177894590832378	0.00158001925138263	0.00147491906100612	0.00155440851449162	0.00133016011446405	0.00136743084822538	0.00117295899318816	0.00104450922402794	0.00118594400558356
72121	40-44	2	0.00191911669098855	0.00185728573346049	0.00234856216842772	0.00204553521449293	0.00197989227124953	0.00153471297243948	0.00162603711153558	0.00118625389564638	0.00144047717115852
72121	45-49	2	0.00318060715873249	0.00278543254590372	0.00318770572435223	0.00268516339638269	0.00301474360975923	0.00287952419094669	0.00218848453070978	0.0019427542298382	0.00198591051118366
72121	50-54	2	0.00473010467042329	0.00521234407512613	0.00405911411731086	0.00455309336566107	0.0039561460638597	0.00352844369052689	0.0029378946096512	0.00265855563659681	0.00294770377285659
72121	55-59	2	0.0058871942293276	0.00702047713088001	0.00541498928633221	0.00749432272452248	0.00579559083931527	0.00538757330770655	0.00455146461692807	0.00453108069448398	0.00400571778281914
72121	60-64	2	0.0112392410471566	0.00969361996983625	0.0100057243813844	0.0114298217197186	0.00803731168936103	0.00916359672419418	0.00691699750731444	0.00506003858142018	0.00560246800481288
72121	65-69	2	0.0143589290917568	0.0145451745063437	0.0145669555489171	0.0141699429322883	0.0120932163590453	0.0138657256541131	0.0108647425160587	0.0088793983079583	0.00749096612517085
72121	70-74	2	0.02984151528976	0.0232883592058894	0.0255895285769874	0.0231792386917207	0.0186137809118167	0.0175866592213546	0.0160739339453756	0.0160841435256632	0.0141142370204006
72121	75-79	2	0.0524312987233869	0.0369114981687578	0.0488544603552434	0.0500919492819467	0.0326069791542519	0.0341646259895998	0.0280783628754213	0.0240786596498385	0.0207899114750437
72121	80-84	2	0.0612961206215678	0.0700661235116721	0.0795852576865935	0.0765453012948526	0.0583245723716804	0.0518411829426165	0.0457960240738822	0.052021237040703	0.0431704295920711
72121	85+	2	0.149375823918031	0.153648031139245	0.121944944002871	0.145832679171272	0.127775232719136	0.129211631136189	0.11645463643382	0.103446434690203	0.103899690863471
72123	0-4	2	0.00245401436585714	0.00300599114924203	0.00272203684546766	0.0017865181870142	0.00164830536391408	0.00201989125765423	0.00196699894619896	0.00129535920155954	0.00130522542132068
72123	5-9	2	0.000143577025658046	0.000133190896943102	0.00013673355984261	0.00013317603277747	0.000110141459470897	0.000103128360511517	9.46282113571065e-05	8.48984474667348e-05	9.09648890841164e-05
72123	10-14	2	0.000173773682861182	0.000169379891922601	0.000182896577585683	0.000154545412451998	0.000141371574470424	0.000125475558203823	0.000127383786489817	0.000109066420981332	0.00010551618882178
72123	15-19	2	0.000516513376202715	0.000600022248360382	0.000472729246374457	0.000577335309265602	0.000448059412716514	0.000383649919198305	0.000355555786023192	0.000377624405579816	0.000336746938791066
72123	20-24	2	0.0010683198461913	0.0010847168612515	0.000933229069917141	0.000935609981414304	0.000763396071486334	0.000706646937469835	0.000721263539819336	0.000633147683115579	0.000654584195709139
72123	25-29	2	0.00119567188399361	0.0012584534321083	0.0013211470835616	0.00132578096627024	0.000930669708355118	0.00087703448067411	0.000845038190420824	0.000833559509671434	0.000774856476333124
72123	30-34	2	0.00138088691234484	0.00123350390935416	0.00167709867010774	0.00135447325004425	0.0012142415474084	0.00115250312335057	0.000997893481567307	0.000927108391969018	0.000879268525904567
72123	35-39	2	0.00184773757361271	0.0015042592974615	0.0022976641062199	0.00200407779863643	0.00139012750978593	0.00171176849777783	0.00128859870153485	0.00116130019108688	0.00123511819188924
72123	40-44	2	0.0025128874121591	0.00207819912350722	0.00196391970076855	0.00202593831359314	0.00207279640403771	0.00204461146763566	0.0016905900388886	0.00125895222472385	0.00140390546904661
72123	45-49	2	0.00357137126023838	0.00281659165846979	0.00290838041574891	0.00268871788675289	0.00244572864371255	0.00289598702107153	0.0021682475237216	0.00204538104625557	0.00265583700693888
72123	50-54	2	0.00461563174500437	0.00528900490785918	0.00492449008406853	0.00392901049834268	0.00376482504006954	0.00330462906708147	0.00397270595046723	0.00280334780410843	0.00256164499397378
72123	55-59	2	0.00862762453475823	0.00777741980545981	0.00683675056080704	0.00743508551300584	0.00583028936895776	0.00527642872485444	0.00433206404668902	0.00333963609491165	0.00404967107893095
72123	60-64	2	0.0108803458757796	0.0094083514074222	0.0097677882232874	0.0116673240885872	0.00756350287180166	0.0076214407988859	0.0062715476645712	0.00501441063237515	0.00543672709246826
72123	65-69	2	0.018813999412091	0.019544039280429	0.0159361975766127	0.015722347987889	0.0114879633639062	0.011519850679869	0.0097237931452113	0.00824175355462869	0.00818843330135434
72123	70-74	2	0.0277283808197913	0.0286971887173845	0.0244056799305127	0.0229366592035874	0.0219088460374867	0.0190939903579428	0.0182088127757224	0.0134165574239177	0.0141711410717199
72123	75-79	2	0.0469304233761568	0.043802451659228	0.0439666818828211	0.0429378541291707	0.0366957904559425	0.0333422083163859	0.023242086520018	0.0213362311746631	0.0198553860498155
72123	80-84	2	0.0672870520640453	0.0772915706584617	0.0651502139224099	0.0567145936959279	0.0540992343433153	0.0532221360958391	0.0420598831669158	0.0415121816171017	0.0392379554992238
72123	85+	2	0.154978799364195	0.141690634548182	0.142758449411772	0.162084739998153	0.138171545997889	0.151600733771118	0.108869023556315	0.107616234170036	0.106257759099429
72125	0-4	2	0.00306478101862423	0.00221220129133005	0.00227365016665174	0.0025142297277956	0.00182146611670991	0.00189404308126822	0.00180343733101633	0.00133684065711567	0.00116045081148102
72125	5-9	2	0.000122706875346219	0.000125612515523931	0.000136040628373214	0.000126239890278861	0.000109933872448499	0.000108174965106553	9.43094397221513e-05	7.6256267319269e-05	7.75489257339676e-05
72125	10-14	2	0.000149357625735638	0.000152480830533516	0.000164955259946727	0.000146189864853972	0.000127390817540048	0.000113034940466135	0.000109119117784492	9.31317481005338e-05	9.46913368057089e-05
72125	15-19	2	0.0004524005042096	0.000461081936988607	0.000475687329100635	0.00045156697811526	0.000385620879997475	0.0003802098280544	0.000353388200118663	0.000324072387908787	0.000332688890249417
72125	20-24	2	0.000821042572091432	0.000835427985491013	0.00070408147653666	0.000815921323462468	0.000734608685799322	0.000678578864708695	0.000581381032574274	0.00056801848306744	0.00053204590758294
72125	25-29	2	0.00108910444729728	0.00100991183247098	0.000910289295564628	0.000926219426908791	0.000799605142308238	0.000731777495611912	0.00072979729721522	0.000636281236666412	0.000778585435506876
72125	30-34	2	0.00127985174054281	0.00112870601312347	0.00120346409141759	0.00131782111518668	0.0010248781312958	0.000984619429087689	0.000921761215184118	0.00090269710707423	0.000871425680314237
72125	35-39	2	0.00159520454192732	0.00139129346948167	0.00151048695811626	0.00135983616421181	0.00131692708956837	0.00122946088305233	0.00122295773006909	0.00115083482804013	0.00109613241183434
72125	40-44	2	0.00186486860192889	0.002157274075893	0.00199581648796487	0.00223582094075004	0.00158839727973539	0.00159438073219449	0.00137027582485271	0.00124155809401865	0.00186671742855339
72125	45-49	2	0.00271957177273476	0.00281835801525467	0.00266307294567431	0.00305697912381846	0.00242659638425146	0.00213822774839313	0.0021830826030175	0.00149076565541701	0.00226793632006706
72125	50-54	2	0.00549129719911529	0.00380531405569392	0.00364240156861697	0.00470793955415063	0.00350000386472237	0.00299558790275259	0.00347248194680918	0.0029852105649119	0.00239101995623695
72125	55-59	2	0.00609481743246993	0.0049212818547917	0.00654695495736832	0.00578248292874305	0.00594257112726941	0.00497426782636267	0.004814842044857	0.00403755263524838	0.0038490044176495
72125	60-64	2	0.0126576578446679	0.00818112367372408	0.0102461406896425	0.00968644626033104	0.0104648522471185	0.00778606700570975	0.00710166320344448	0.00612116210743177	0.00548246858001787
72125	65-69	2	0.0151310185226434	0.0173125219698463	0.0138776523059083	0.0136869953893042	0.014172288450357	0.013958444493233	0.0134676832918888	0.00822359607438714	0.0107492030451579
72125	70-74	2	0.0261094427933069	0.0292290433284897	0.0239631295526913	0.0262034902363859	0.0182854363857176	0.0189343665155898	0.0173242090913243	0.0130892546750078	0.0180120396615402
72125	75-79	2	0.0464807822576397	0.0452123002888137	0.0390211214159467	0.038086096516167	0.0312056707807904	0.0299192747097898	0.026670273889889	0.0222864502206743	0.0210607261397634
72125	80-84	2	0.0695128216413063	0.0617673994908442	0.0634764568854119	0.0563534043961224	0.059401514589798	0.0525535161985582	0.0491685171349446	0.0492404638897616	0.0451068975921813
72125	85+	2	0.146444880199854	0.152258505867863	0.14577150508844	0.116907211988509	0.119406272854442	0.119637956743514	0.111674224871064	0.119509696556862	0.121727718899345
72127	0-4	2	0.00413109019298687	0.00333628508100673	0.00330265979193994	0.00261739242359068	0.00204902742870991	0.00218633611605264	0.00154402428760574	0.00150071037551781	0.00162212644388535
72127	5-9	2	0.000178737751571135	0.000168507654999847	0.000179880801877767	0.000180120129899578	0.000124022283767814	0.000113449503510038	0.000106656348732897	0.000110644612757686	9.41183354209215e-05
72127	10-14	2	0.000197015112297966	0.000186069744090656	0.000216748972375793	0.0002159388955027	0.000148486134444585	0.000140039448298574	0.000136781781590551	0.000123537067609763	0.000113930287375813
72127	15-19	2	0.000582588686582677	0.000477016753484056	0.000521876688665191	0.00054918966746508	0.000414587645491839	0.000395070882038787	0.000305766352913441	0.000262354928208943	0.00029635769288877
72127	20-24	2	0.000611897159937557	0.000798221686824376	0.000970062506880491	0.000694057725681815	0.000576520331733219	0.000702214060370706	0.000552494067702383	0.00048407575545408	0.000463959637569334
72127	25-29	2	0.000772101760393252	0.00120138679691302	0.0017217560652687	0.00130764913733525	0.000782328250356049	0.000684613085219488	0.000710620640512768	0.000528361447113408	0.000590512426174435
72127	30-34	2	0.00115851515409711	0.00156002130646084	0.002173570446329	0.00183805368181125	0.00123830219208642	0.00107917296578438	0.00088240207863604	0.000953401417929044	0.000692907993565721
72127	35-39	2	0.00156406123972928	0.00191363867095965	0.00233451085076911	0.00275362637807801	0.00180199514450767	0.00150985883210156	0.00119086884616143	0.0011076666847121	0.00114062945156359
72127	40-44	2	0.00205457479609723	0.00221338278702207	0.00262328843879828	0.00276118753245406	0.00203622781934299	0.00199662074321352	0.00155544318039654	0.00152185265259427	0.00141561327965954
72127	45-49	2	0.00275907892775656	0.00285896976503899	0.00331368493580384	0.00308266736999465	0.00288459266156306	0.00252703210054593	0.00258431742350542	0.00204075330849835	0.00196225426340889
72127	50-54	2	0.00413140100489001	0.00446435084450421	0.00414700167012304	0.00391981990775634	0.0039164577060187	0.00373457519245059	0.0036710065359109	0.00289434321221697	0.00286213862731899
72127	55-59	2	0.00641696360268223	0.00600417563644652	0.00558865942962949	0.00537636107350112	0.00539123540608526	0.00503017414961956	0.00469763453551323	0.00418984769905195	0.00470746230295538
72127	60-64	2	0.00927903102760244	0.00868073755865165	0.00855616268291663	0.00827242115964306	0.00795922216655457	0.00654874255965954	0.00674405127700789	0.00597353890271227	0.00667201195689091
72127	65-69	2	0.0138657987888703	0.0139757580941819	0.012605224893954	0.012743439416758	0.0107759277244526	0.00997207747171586	0.0089832613501471	0.00850404806675592	0.00910327807420946
72127	70-74	2	0.0242390002320494	0.0222017200533687	0.0218852585432905	0.0202742344602215	0.0167220545377287	0.0151507261694979	0.0147945130912264	0.012050054403863	0.0127752883472018
72127	75-79	2	0.0373122514419176	0.035373961314577	0.0326413521678584	0.0307821507978883	0.0278580175750717	0.0260509936303599	0.0241706909584539	0.022484566262191	0.0218911797377482
72127	80-84	2	0.0676037726070206	0.0646363427672997	0.0615282679198088	0.0577654662311199	0.0497365071351558	0.0475187222753087	0.040320410229609	0.0381721993963625	0.0377257888116792
72127	85+	2	0.144948710719009	0.132846745804485	0.12972350847129	0.127750876193716	0.113699681268218	0.113753967252621	0.111984202837394	0.106939219545274	0.106595835168566
72129	0-4	2	0.00274986173740516	0.00210063163974328	0.00212249404047088	0.00227363339849414	0.00153815085121505	0.00129382783377868	0.00122981351360152	0.00118241765446316	0.00122661306206586
72129	5-9	2	0.000131708018528209	0.000128047295292404	0.000119065554373217	0.000121961595677261	0.000106273976481299	9.93165195482034e-05	8.66329824062915e-05	7.78815941117501e-05	7.91331654600198e-05
72129	10-14	2	0.000174442567516374	0.000147524908755736	0.000151880429865537	0.000163425246960306	0.000122987055774429	0.000114759556641706	0.000105341774956259	9.49445088185974e-05	0.000101595672049077
72129	15-19	2	0.000479375262202395	0.000476256800423612	0.000489335893894908	0.000514477930572935	0.000418130504460606	0.000430609329958744	0.000321752904514305	0.00032490010703811	0.000303469108612815
72129	20-24	2	0.000862232686405582	0.000908267333920328	0.000789114157657368	0.000769828324803255	0.000742964265872162	0.000685005694451859	0.000661492432711594	0.000562175135400702	0.000527589227448663
72129	25-29	2	0.0012237909921272	0.00104681787002312	0.00101544374189307	0.000919769031299864	0.000789508711902086	0.000801375834084736	0.000806033079739525	0.00063171601908894	0.000694951493376486
72129	30-34	2	0.00138536544206809	0.00121719006838429	0.00120812657888087	0.00124747748773284	0.00125579522352643	0.00093407404563299	0.000941772055597267	0.000903658929065027	0.000779023882931929
72129	35-39	2	0.00170113100463094	0.00152362622103916	0.00148500795664786	0.00155478450959151	0.00144975104775433	0.00128262819950189	0.00104593713513807	0.00112379120276363	0.000967581018455204
72129	40-44	2	0.00229456996155603	0.00191865555674985	0.00197288721508552	0.00200089339396354	0.00170977940121602	0.0015778537095946	0.00148860043793677	0.00115018807505281	0.00115474685778911
72129	45-49	2	0.00297117151811541	0.00284121402454772	0.0022133439218706	0.00263426157182842	0.00262440501098749	0.00208541182447483	0.00164088476019916	0.00178532777568819	0.00217276082408349
72129	50-54	2	0.00401380805611087	0.00366701081910347	0.00433606391068713	0.00304465436507126	0.00424036397695713	0.00274838672760334	0.00287131614946413	0.00268123898834784	0.00253205893612626
72129	55-59	2	0.00699363538973038	0.00669134049740478	0.00575666917470698	0.00647430663374101	0.00455508382841574	0.00489713186509143	0.00408734167220007	0.00306019226068832	0.00417832958765474
72129	60-64	2	0.010368461056284	0.00916327315975993	0.00884213716604784	0.00867687485665971	0.00790858046317469	0.00786514053183186	0.00694096284593317	0.00519723733361016	0.00482332147817969
72129	65-69	2	0.0146691928780387	0.0117804037496646	0.0170491822359991	0.0153145289180551	0.0125442631405243	0.0103967936642246	0.00762273545586085	0.00841465745040596	0.00840356165679598
72129	70-74	2	0.0227465418643514	0.0245050985709966	0.0214721097035389	0.0238960196780006	0.0248704234724083	0.0180640868608202	0.0153647793356258	0.0121865690715104	0.0152635905132047
72129	75-79	2	0.0407474496534935	0.0438711916034807	0.0378064600083914	0.0384121016215594	0.0270768666217089	0.0324067652386775	0.0270739242987755	0.0212875085418469	0.0263273807607005
72129	80-84	2	0.0673360108599708	0.0621303098337591	0.0672829992219583	0.0771703374097198	0.0556236308302634	0.0558368377728516	0.050248506709108	0.0394084946745169	0.0352681321937287
72129	85+	2	0.127352797229312	0.132500243438993	0.121447228035399	0.121215788943038	0.120104426657251	0.130358519793645	0.111246509091835	0.0989034531476339	0.102110959939842
72131	0-4	2	0.0026543579669365	0.00214744708332526	0.00264135337611832	0.00177584603245802	0.00175383055738704	0.00135547419404313	0.00124053472051989	0.00109620267343279	0.00114401974784721
72131	5-9	2	0.000133305757754669	0.000150315620843654	0.000114904020250967	0.000117994385214616	0.000102859271975002	0.000101075500648483	8.82344627728799e-05	7.52359367777307e-05	7.66151736434521e-05
72131	10-14	2	0.000153439063552038	0.000156458586620084	0.00014561026632751	0.000142553499210739	0.000137422550363463	0.000116346617218	0.000101914384899445	9.15895554779647e-05	9.80647962444336e-05
72131	15-19	2	0.000486907155150544	0.000520362659138801	0.000489293798099612	0.000457381808034515	0.000426409331507094	0.000353898132954226	0.000328258905423732	0.000299768332504205	0.00032120334193717
72131	20-24	2	0.000939878223976641	0.000823964863454034	0.000805097535106	0.000776518309326034	0.000637087334250717	0.000701539683635026	0.000631023943565418	0.000502187091145135	0.000583742204572146
72131	25-29	2	0.000974040271321428	0.000981222426681236	0.00111144628649904	0.000863909116476417	0.000944356722306718	0.000766840691719192	0.00080327900385466	0.000686812773768676	0.000749264924736779
72131	30-34	2	0.00139223122416343	0.00143201744677566	0.00108672719978421	0.00137673049950835	0.00100830486712985	0.000998074414542341	0.000937570241173657	0.000885123853883481	0.000835814630577376
72131	35-39	2	0.00142224603888633	0.00138332113679314	0.00160741227210302	0.00153632521567631	0.00109416816805224	0.00127736418466996	0.00121635692790436	0.00111471251695781	0.00107154234249883
72131	40-44	2	0.00217512951818523	0.00181062301014836	0.00181894638600905	0.00197294407633793	0.00163263279503767	0.00198207793841665	0.0015361450540772	0.00131921924888539	0.00112794877691204
72131	45-49	2	0.00280293704992186	0.00287535287546319	0.00257955701404987	0.00261959336314852	0.00233330340386236	0.00191027216505624	0.00221510377849085	0.00186287807750286	0.00203939146729112
72131	50-54	2	0.0051702250017678	0.00416088399052477	0.00403987196524017	0.00425968033633838	0.00311508670317066	0.00325165547735101	0.0029047725246163	0.00292231798707445	0.00280835450349065
72131	55-59	2	0.00771472999784209	0.0054498761908618	0.00535652974123826	0.00526830121234489	0.00480567598713736	0.00522052449056127	0.00426862630750856	0.00371360724057114	0.00367918188572537
72131	60-64	2	0.0108816104024196	0.0101690232378597	0.00746207108725652	0.00940879303980512	0.00841935901924865	0.00632454863072838	0.00760260302520103	0.00510142968121765	0.00661785601810226
72131	65-69	2	0.014721248303863	0.0146679065328987	0.0128593153301308	0.0135767739893164	0.0111353542445841	0.0123234024591929	0.00885295179827996	0.00768091991392942	0.00834988727865975
72131	70-74	2	0.029243474664844	0.0292326221500961	0.0250775476202062	0.0207673983467895	0.0226104885977709	0.0179168548858098	0.0146450384315897	0.0121633670292409	0.0148162113915365
72131	75-79	2	0.0354853546326708	0.0416810868537199	0.0381388804521263	0.0397307992074736	0.0374122804885146	0.0345465545074712	0.0268485259716127	0.0244961890558831	0.0247926559304672
72131	80-84	2	0.0833175343747388	0.0658994821590556	0.0700223675517666	0.0680601345484429	0.0635026330655631	0.0576002662850918	0.0562594346006828	0.0487570560339095	0.0434404258267866
72131	85+	2	0.161103330680079	0.174820555753383	0.148833699632328	0.145084953275233	0.141067360034574	0.120578970225409	0.124767173372186	0.119109232384079	0.103667115772942
72133	0-4	2	0.00294633443072511	0.00316598299862338	0.00268084435297527	0.00267146778704287	0.00181700264279569	0.00210969811659887	0.00160173545467763	0.00120620315397555	0.00149575604107685
72133	5-9	2	0.000154775161123691	0.000151253935477256	0.000148324838768413	0.00013704858935009	0.000131745739184239	0.000116668359319139	0.000101473762011804	9.10685742711975e-05	9.27037195883221e-05
72133	10-14	2	0.000188757020827552	0.000183875166277604	0.000171557103184068	0.000167264124838796	0.000153065215306346	0.000142299795146644	0.00012383019133781	0.000111251452088022	0.000113280577574249
72133	15-19	2	0.000568121279595695	0.000579496712892923	0.000545462770388588	0.000536600489958263	0.000520164778116586	0.000420441031993224	0.000425252681350316	0.000369847452679692	0.000361987105196692
72133	20-24	2	0.00105208717508776	0.00099476962316566	0.00111028125164318	0.00102298315887199	0.000901431176624567	0.000787672984832323	0.000756691149064994	0.000721869583979765	0.000672831997587976
72133	25-29	2	0.00135238981357568	0.00138513680672882	0.00145891786320026	0.00137845239004929	0.00107661771276278	0.0010217033855283	0.000940099092609387	0.000782450386865064	0.000791422695098085
72133	30-34	2	0.00169746654928945	0.00160513067174157	0.0017700627159287	0.00169771863608243	0.0013779148519943	0.00127128743463975	0.00100451455568579	0.00101254896863601	0.00102413826965488
72133	35-39	2	0.00212123101036172	0.00189183295023462	0.00206503009087872	0.00183387162933733	0.0016563195434117	0.00169145149232619	0.00127781922463141	0.00111502246466551	0.00153951778212156
72133	40-44	2	0.00234654876528439	0.00239951191925498	0.00240127596217999	0.0023396479083851	0.00205966129370766	0.00195845229150846	0.00173872853903085	0.00165740642459489	0.00142362009510411
72133	45-49	2	0.00363020296498316	0.00366708214071755	0.00396857100948354	0.0032571216910215	0.00306614203309723	0.00240568267180107	0.00198043223420187	0.0018614875026462	0.00194535472268527
72133	50-54	2	0.00484505943903555	0.00542008368382193	0.0056385443378041	0.00442892985068509	0.00389875052748467	0.00372153249675946	0.00371572394126031	0.00296066423903889	0.00289521389211761
72133	55-59	2	0.00731138200907504	0.00521071696874451	0.00748815204276986	0.00554820126924174	0.00550982253022462	0.00619554250462615	0.00500557810908734	0.00425778966745484	0.00477553016285916
72133	60-64	2	0.0104719067639014	0.0118180721329918	0.0130849846299058	0.0100944880740974	0.00874093779116408	0.0101092605437352	0.00627705905697658	0.00616002763451118	0.00603808607670903
72133	65-69	2	0.0173653684794876	0.0165548041808082	0.0149924280377408	0.0143927503996863	0.012401859009705	0.0117983577170856	0.00995721857898635	0.00949982072808251	0.00919564011549029
72133	70-74	2	0.0288024495402844	0.0277643651493224	0.0263338043555185	0.0331437765365653	0.0256772370654479	0.0199791828989353	0.0173092717385217	0.0123528975928245	0.0161599272691798
72133	75-79	2	0.0363745969784068	0.0431585927609741	0.0429222819168349	0.0349015303574911	0.0351987610036528	0.0264397950188274	0.0318975913057207	0.0257490352278688	0.029729601369839
72133	80-84	2	0.0758492787308209	0.087996060028417	0.0756284982024067	0.0771995320823707	0.0663359724106485	0.0553278954482013	0.0556228873086439	0.0461288533958506	0.0401414083878309
72133	85+	2	0.137333777382259	0.121642000838302	0.136389924360507	0.139839583573848	0.136860407886569	0.171235723296836	0.134218603870396	0.122562597478868	0.104699022974877
72135	0-4	2	0.00237256915736931	0.00191720674142369	0.00231208041416814	0.00153235683522381	0.00144268417706031	0.00127716973714387	0.0010268534023044	0.00101899123641078	0.000992734099263345
72135	5-9	2	0.00012783863481314	0.000123344444686888	0.000108523054996695	0.000121131155039863	9.55839503902668e-05	8.50812285689536e-05	7.46340423253528e-05	6.74102995074273e-05	6.89543552885281e-05
72135	10-14	2	0.000180020999988952	0.000142540292381484	0.000131581438141477	0.00013996497208184	0.00012136144098794	0.000102353676943041	9.91006591995681e-05	8.59449323373537e-05	8.76720117439248e-05
72135	15-19	2	0.000418278279947354	0.00045986664679127	0.000422777318755285	0.000434454750110304	0.000393591355156938	0.000348807045560157	0.000296443084338656	0.000241684629039849	0.000250892559979841
72135	20-24	2	0.000825177549652904	0.000651404840045917	0.000700980713146034	0.000735670832940127	0.000738465062388182	0.000608043745400121	0.000623100744946978	0.000442962247730119	0.000472983493799787
72135	25-29	2	0.000826688752653355	0.00092659803867058	0.000845958261133153	0.000923973353305467	0.000771874483888351	0.000657749546758455	0.000643555960472465	0.000641465305641731	0.000529521212546015
72135	30-34	2	0.00112942158273214	0.0011077772585863	0.00112497151381976	0.000912898363249212	0.000977973803006882	0.000774171717775646	0.00074417975499492	0.000670490770645786	0.000803024838781382
72135	35-39	2	0.00151957932784978	0.00141141979681319	0.00173811979360998	0.00131450011600649	0.000933567438195337	0.0010782587709585	0.000887795040172442	0.000958559819477213	0.000814418716267292
72135	40-44	2	0.00218320099148254	0.00189764163722261	0.00209314546888235	0.00159561337583494	0.00128106605384789	0.00151592800278741	0.00132041918874609	0.00100430286861957	0.00120219380855724
72135	45-49	2	0.00227093724289306	0.00245553498477048	0.0021427233622618	0.00196420878645784	0.00210641476780374	0.00188621736312307	0.00183990595123222	0.00131289729487237	0.00136853887849066
72135	50-54	2	0.00390525646907013	0.00323251162184964	0.00313089467648231	0.00350639744156169	0.00286560051341658	0.00288087799192122	0.0022997790074059	0.00240795566350555	0.00191118105052995
72135	55-59	2	0.00634307439477953	0.00551025794110865	0.00573329096967478	0.00487094970038097	0.00450574596533892	0.00402996935963996	0.00384086758391782	0.00294996305815298	0.00281862498083516
72135	60-64	2	0.00756989723712824	0.00855499236242433	0.00765376658843933	0.0078630531613639	0.00642355995388675	0.0059539449244595	0.00619922126822892	0.0045876783335092	0.00577852445378551
72135	65-69	2	0.0150683643464532	0.0150287404013872	0.0133715087556757	0.0102296463098257	0.011953196116421	0.0097960273455708	0.00809598295045676	0.00819992353391711	0.00819165460547002
72135	70-74	2	0.0257214172638323	0.0202374406413124	0.0216014702221785	0.0192543669665138	0.016506267613954	0.0148345520819689	0.011670490258316	0.0137613420822088	0.0140740946966522
72135	75-79	2	0.0364760376460051	0.0323995650832615	0.0378536528442626	0.0366186234097215	0.036169679374388	0.0270772643702303	0.027287713721363	0.0254857487311985	0.0200358854334417
72135	80-84	2	0.07235621678156	0.0545286690534602	0.0572258679920779	0.0617873505418053	0.0524497396364682	0.0468300048478219	0.0459585916676783	0.0428907047705135	0.0458279320582617
72135	85+	2	0.124520921495158	0.128781433015451	0.113191009266578	0.110641992207321	0.105414492602811	0.107489266903627	0.0986209772984922	0.0998326725909266	0.106329561653836
72137	0-4	2	0.00282441483794876	0.00242676536791478	0.00227809358847023	0.00203107332539239	0.00184613607752549	0.00207000871118704	0.0015365604917215	0.00107030590804564	0.00122332733953133
72137	5-9	2	0.000150396422180791	0.000153914150177161	0.00012066571219435	0.0001184784249735	0.000114775776675131	9.82181086686085e-05	8.68817486955283e-05	8.3037707451827e-05	8.11044009261005e-05
72137	10-14	2	0.00017897000930183	0.000166754318965923	0.000163931148530203	0.000154514217318305	0.000137120375377544	0.000123687137735131	0.000104514501022292	9.56267201302589e-05	0.000108462975590938
72137	15-19	2	0.000420033391434658	0.000458086164014356	0.000484322366731616	0.000384791319372397	0.000474793039309435	0.000339949738238267	0.000338124809738933	0.000304367878644837	0.000351303019593454
72137	20-24	2	0.000861223446316572	0.000814745292451695	0.000866331503770977	0.000745570408644681	0.000618341896991441	0.000700649905923715	0.000515415012421961	0.000604718496178102	0.000677047332128033
72137	25-29	2	0.000847023159211756	0.000908056957255134	0.000866336459428346	0.000923766795083797	0.000837145170260621	0.000769206639458813	0.000756268747765956	0.00074041371449273	0.000601343392252846
72137	30-34	2	0.00116028745013349	0.001272420462881	0.00129039637497395	0.00115317186462942	0.000992902797954509	0.000888212324312629	0.00122044608898454	0.00090711057607874	0.000980114775550832
72137	35-39	2	0.0015462339724984	0.00156674601506911	0.00156836065061268	0.00168315439285952	0.00116578506904873	0.00124888336211319	0.00127947846630073	0.000991648440927919	0.00160046308964204
72137	40-44	2	0.00166886090606381	0.00196749748133268	0.00205196213514787	0.00172153632826629	0.00153259477492419	0.00154445542252274	0.00149669693260058	0.00140980721869627	0.00175948906753862
72137	45-49	2	0.00267621469341569	0.00309274596624082	0.00240051272482465	0.00229141886165258	0.00236290710343526	0.00206142369456057	0.00219891338328514	0.00206576636449592	0.00171622531779301
72137	50-54	2	0.00481145301938127	0.00355724928594228	0.003322880224123	0.00336326091294055	0.00315059846020161	0.00333022189321174	0.00310378198911961	0.00280433944244538	0.00369230649459307
72137	55-59	2	0.00639453760583308	0.006670611728671	0.00614193873231645	0.00410723460192618	0.00495127950878096	0.00460144654180076	0.0042202057169667	0.00444316694358773	0.0038073783649149
72137	60-64	2	0.0104133966988923	0.0105357163376106	0.00784566184438871	0.00908429881010495	0.008487447223132	0.00703760068005182	0.00673568088289876	0.00578125229567182	0.00794548527643216
72137	65-69	2	0.0154664659637221	0.0160324845995693	0.0126645658977452	0.0142089458050994	0.0115097232993395	0.0116746185046826	0.00945991577547872	0.0080259015151834	0.00971638533821904
72137	70-74	2	0.024782661676047	0.0211672516600912	0.027045270427523	0.0208991893853702	0.0193976434786573	0.0187949334133538	0.0158475246858354	0.0117043418870924	0.0135241117374816
72137	75-79	2	0.0390806487058126	0.0391299447647588	0.0448857321922081	0.0380044978207776	0.0362548838752974	0.0312205475359061	0.0275891986905376	0.0222915941257081	0.0245965149927765
72137	80-84	2	0.0650743516784394	0.0671832590801504	0.0692632425112873	0.0661905828178053	0.054577526011137	0.05748666028795	0.0468536331550822	0.0405434936266465	0.0392380730731917
72137	85+	2	0.144275869624079	0.133663559095274	0.122407728487907	0.127218566458222	0.122499216479763	0.126958395551535	0.119422933610119	0.107158650966646	0.103375607282086
72139	0-4	2	0.00193953966519115	0.00171200201265367	0.00198507473876674	0.00149330548576571	0.00145915774732675	0.00122228088942243	0.00118722895849801	0.000975727972216865	0.000950954458663715
72139	5-9	2	0.000121113605654101	0.000112443074399413	0.00010986544059994	0.000101664381438683	0.000107641318866858	8.73545787814621e-05	8.063518785438e-05	7.27921356482585e-05	7.0748896020207e-05
72139	10-14	2	0.000147252051188482	0.000149081719859659	0.000159473845701749	0.000122893294041703	0.000112731062083688	0.000116277274839256	0.000102470447105017	9.30486992211448e-05	8.57399634738151e-05
72139	15-19	2	0.000430002926926322	0.000433006989036426	0.000420598565033791	0.000375889777257145	0.000395441269337957	0.000305124479858211	0.000285834461560366	0.000276580740830434	0.0002732248993896
72139	20-24	2	0.000731631993751434	0.000786551608077192	0.000756732117892102	0.000720231733351418	0.000690433232548947	0.000526532497928365	0.000535195152715096	0.00046042490500025	0.000453730512173088
72139	25-29	2	0.000816909770064136	0.00101067088608095	0.00111657708203031	0.000837511132975608	0.000757367549249467	0.000747429320618506	0.000694285038785548	0.000539193778138179	0.000683330882424769
72139	30-34	2	0.00102852306559499	0.000915156927230392	0.00113415146266562	0.00113232007012355	0.000783665708787118	0.000734149936895714	0.000828041189391914	0.000671318103594482	0.000824359069844211
72139	35-39	2	0.00133159315833147	0.00142032257546303	0.00158361819603782	0.00130360898397824	0.00122738914950618	0.000984711165302872	0.00101115246824362	0.00109894189802291	0.000978141957785723
72139	40-44	2	0.00172996392389473	0.00185201856286927	0.0015228231943372	0.0019131053276032	0.00172341613129904	0.00161408646518036	0.00136601026189715	0.00122173058400825	0.00128405835023403
72139	45-49	2	0.0031486036616393	0.00206149482707325	0.00250857619503345	0.0025760714802685	0.00202524349882404	0.00212082682323799	0.00167188976339877	0.00160051182883991	0.00149256287946629
72139	50-54	2	0.00375350930065621	0.00415551211732158	0.00385228483659843	0.00329721137755392	0.00298606597089153	0.00354681684045904	0.00318386071687757	0.00230641859328464	0.00207841126953532
72139	55-59	2	0.00539806539069915	0.00466954090184949	0.0046583367010212	0.00421277388643712	0.00456606993841726	0.00331758159583205	0.00332255593132572	0.00368530295751601	0.00295165246272576
72139	60-64	2	0.00787201561821057	0.0100023318229121	0.00926978004943875	0.0066876699550191	0.00629545184428967	0.00590598954309455	0.00595039939178988	0.00488695738501307	0.0046219777175975
72139	65-69	2	0.0125610077210606	0.0127124682349504	0.0115542225984655	0.0140151277624213	0.0110406186413582	0.00854410915139222	0.00820775102980081	0.00816166001460773	0.00701742078172427
72139	70-74	2	0.0218530702600043	0.0218277541138121	0.0244664614879002	0.023621851414759	0.0199680115128295	0.0157439104508498	0.0123967527936097	0.0138496578189374	0.0129822826160882
72139	75-79	2	0.0370788637514768	0.0341706708987376	0.0356481405178245	0.0294648347178798	0.0251891596896695	0.0269011902562159	0.0209734085587595	0.0196788133013097	0.0224064069022996
72139	80-84	2	0.0560563204110663	0.0582868339153165	0.0628803169225752	0.0575621390477811	0.0404339616347511	0.0442101481647903	0.0455830783646229	0.0334646131800903	0.0344331171586206
72139	85+	2	0.142701537370899	0.124531983793069	0.100611983810289	0.099539991624965	0.0888138849105511	0.108591349187225	0.114676503227714	0.107909678652349	0.102696907359363
72141	0-4	2	0.00240531912130321	0.0021532857637217	0.00143322520017827	0.00189732680469975	0.00152429857466848	0.00147278525724695	0.00120304581183638	0.000907109987961962	0.00102402361881999
72141	5-9	2	0.000137536554465711	0.000127708206641248	0.000125121782450777	0.000110727734258792	0.000101500632943499	9.50031117843739e-05	8.27268407095845e-05	7.80101581912866e-05	7.53736212291086e-05
72141	10-14	2	0.000157775416706616	0.000169824725874926	0.000151215410276163	0.000134083805602845	0.000135976038669329	0.000109831399726435	0.0001007852795456	9.06296164517979e-05	9.2039419245507e-05
72141	15-19	2	0.000476105447833257	0.000431418451201724	0.000486029611352653	0.000419857419795292	0.000374020870644002	0.00037019862035593	0.000330469499223359	0.00030236876369954	0.000295104284891774
72141	20-24	2	0.000796697429382188	0.000888797649568455	0.000811427858269651	0.000865598062741546	0.000740483962336314	0.000678183868294335	0.00055072428139676	0.000537614632250415	0.000605386417596829
72141	25-29	2	0.00102405033768317	0.000921359350146434	0.0010207883426005	0.000930596135829642	0.000869660749017614	0.000893386628600684	0.000817508888223483	0.000690331856181847	0.00068136808355672
72141	30-34	2	0.00118240134850074	0.00123135338188895	0.00120772352424314	0.00111161730175968	0.00101110722132682	0.000969363082798052	0.000947749383035094	0.000854503974947678	0.000873872782312869
72141	35-39	2	0.00150584406820091	0.00154202584422926	0.00148868429282472	0.00150588285845536	0.00142213388824174	0.00150301501755269	0.00128128576928739	0.000969034527108998	0.00104515100706966
72141	40-44	2	0.00203790384153375	0.00190031000762283	0.00205657950616414	0.00166719515369735	0.00155318521548621	0.00156332049578786	0.00126728431257684	0.00140942770271552	0.00133185262007562
72141	45-49	2	0.00251325477188953	0.00290044401770272	0.00273006877023971	0.00287357202665775	0.00241364263444552	0.00217221464041422	0.0020668530400948	0.00184070353997879	0.00165100036030953
72141	50-54	2	0.00425061784553544	0.00399282846214522	0.00385401026094728	0.00378534258887292	0.00383123990884257	0.00364184419060922	0.0025109648719673	0.00255582593784684	0.00243567875116181
72141	55-59	2	0.0071108884836637	0.00630627392842699	0.00502754904620851	0.00529823684027757	0.00507840394433821	0.0039119588431017	0.0048899973310255	0.00379012879886188	0.00395163306239616
72141	60-64	2	0.00887461392927044	0.00965083161212475	0.00941414400427814	0.00929197936400597	0.0086536432046729	0.0074856900410666	0.00662326590118289	0.00530126686548212	0.00593080029918601
72141	65-69	2	0.0136726334584427	0.0134147842570779	0.0183069232637045	0.0152222577928149	0.0113204943155288	0.012440249671428	0.00862271045636666	0.00688107570648995	0.00822344677824151
72141	70-74	2	0.0281177995657425	0.0255040816653463	0.0233370461799142	0.0255042238423218	0.0195793417121121	0.0186984668473099	0.017648389919766	0.0120350528899104	0.0143880112899495
72141	75-79	2	0.0414152651535067	0.0390648075422101	0.0411667049610601	0.037366564912312	0.0310744261940659	0.0270596321270058	0.0269335879756834	0.0215234041339462	0.0240177897314377
72141	80-84	2	0.0693387081902293	0.0782289948661392	0.0716265311330023	0.0612806542905797	0.0614307705563637	0.0529526067929162	0.0418234219752131	0.0421703176267849	0.0341468841072568
72141	85+	2	0.149771774568494	0.140973483353857	0.125726218863823	0.156749130330684	0.143110092518214	0.130218819795298	0.109833839746669	0.104450743276657	0.107987819113671
72143	0-4	2	0.00302777741375068	0.00207524426809744	0.00188996092071961	0.00195813557560593	0.00163963226494724	0.00122648971951847	0.00119001978913915	0.00106296128116676	0.0010471916789382
72143	5-9	2	0.000159001296565746	0.000120778305943296	0.000118015406228952	0.000120834938374626	0.000104998960157201	9.80345462553277e-05	8.99218679161786e-05	7.67673662360157e-05	7.82504283474045e-05
72143	10-14	2	0.000174780692889075	0.00016993400688339	0.000158281879580114	0.000147048097025996	0.000121752286406877	0.000119419028635752	0.000109530902565446	9.36863443057752e-05	9.54306889968851e-05
72143	15-19	2	0.000511161349668584	0.000495982006090936	0.00055090753138627	0.00045311930856826	0.000420091537978959	0.000433040217910957	0.000335289148387857	0.000305719707034158	0.000313806311768194
72143	20-24	2	0.000838482054280097	0.000901265253203028	0.000874458589702802	0.000892663066247993	0.000678737883716118	0.000675725694969891	0.000629313894737303	0.000560557654335108	0.000624881355953597
72143	25-29	2	0.000987860452529178	0.000923153116172902	0.00115462382219556	0.00110311682826289	0.00107204640741777	0.000797500145523546	0.000732048026342974	0.000627308471281497	0.000699559002248246
72143	30-34	2	0.00127860890810927	0.00129020680202907	0.00132586699548528	0.00129138263835087	0.000935357829229105	0.000887659849066233	0.000891848743121508	0.0010179265252759	0.000783595262356152
72143	35-39	2	0.00177571835683127	0.00187848601888035	0.00196931662628839	0.00168415447194715	0.00122194091652268	0.00134828170099706	0.00126815910227747	0.00106879504544643	0.00127228647438181
72143	40-44	2	0.00232106793517739	0.00263125902393525	0.00217662189635766	0.00185682656376994	0.00186225046893948	0.00160379638735066	0.00159629711312918	0.00132418458899878	0.00162314878195054
72143	45-49	2	0.00323915549842076	0.00345143231545048	0.00291324048521866	0.00275878100321611	0.00250987803795038	0.00219733464118228	0.00187720430610423	0.00194036291945816	0.00212380209149877
72143	50-54	2	0.00444396696143478	0.00481301383672581	0.00369450629347787	0.00434404541797848	0.00348906576883274	0.0031491470621482	0.00280541224383318	0.00228265480942737	0.00299115150193944
72143	55-59	2	0.00640193285321404	0.00519013356820007	0.0056226909392127	0.00559457271890848	0.00484835067177238	0.00453698637740199	0.00441722898339436	0.00428197575461478	0.00351095172552379
72143	60-64	2	0.0096223460170535	0.00966149382132528	0.00886626972355009	0.00879230971396178	0.00806392959869768	0.00738362159669972	0.00715046470702639	0.00459556118508412	0.00571223029553618
72143	65-69	2	0.0142033048538292	0.0140401471390397	0.0120513071147941	0.0124726665434097	0.0135286074459254	0.0114352161919107	0.0101911412112008	0.00704606903555198	0.00862928135949343
72143	70-74	2	0.0253150712269354	0.0243224892713799	0.0202022521018542	0.0253996559232913	0.0166964759333227	0.0162809989991569	0.0144949650477867	0.0154026211748224	0.012987968482176
72143	75-79	2	0.0393754102235936	0.0371088356555873	0.0363460460255495	0.0315600368045547	0.0338724626865785	0.031079002890444	0.0231063167624271	0.0223296421495784	0.0176361568057034
72143	80-84	2	0.0572280972397589	0.0795931347145731	0.0669302356801002	0.0683876567912769	0.0467744245756037	0.0484933498345562	0.0460899853471284	0.0365772297311554	0.0399564444888639
72143	85+	2	0.157853351825971	0.134433957142955	0.139540557001839	0.125921901720083	0.121979834360186	0.118542311341289	0.123744591620794	0.104134469997166	0.0992797846842379
72145	0-4	2	0.00272090286752011	0.00266143264111404	0.00215723493522877	0.00177344526293882	0.00146682421042267	0.00134595287450222	0.00148444886278846	0.0011663371307591	0.00113396279479434
72145	5-9	2	0.000142170399489257	0.000174693283546863	0.000128576466601717	0.000131887398799247	0.000104665672818169	0.00010825934892401	9.06047097778957e-05	9.04875494348473e-05	8.32802787377163e-05
72145	10-14	2	0.000162544908722553	0.000173143014677506	0.000161596116799178	0.000158135583424259	0.000132394465559522	0.000130761189860205	0.000114988375344823	9.90620108349686e-05	0.000101232994885432
72145	15-19	2	0.000509229402235795	0.000538911497124315	0.000570942961045556	0.000516489353518873	0.000379608859849359	0.000361156511867068	0.000386329807076871	0.000342285482631888	0.000338103132613907
72145	20-24	2	0.000845639280528768	0.00103850200727326	0.000822373319350486	0.000887341650749507	0.000772557578654633	0.000702518401719645	0.000546568875650362	0.000531922471153877	0.000615544981285758
72145	25-29	2	0.00101830627239791	0.00120419281563262	0.00112233974567944	0.00114053602838263	0.000946581183036092	0.000996954820125054	0.000765320500542456	0.000726854360641236	0.000712896700858419
72145	30-34	2	0.00129698026833966	0.00116575196701589	0.00179129186878045	0.00116051327165423	0.00103397641386876	0.0012274196861099	0.000986594831322585	0.000961309898307497	0.00113788995982309
72145	35-39	2	0.0018683664143752	0.00193761747466243	0.0021363150819829	0.00212711673125681	0.00172594624458274	0.0012725027590931	0.000977888233458858	0.00120064225326757	0.000948930495835165
72145	40-44	2	0.00214674900494938	0.00231999756298531	0.00219531834305635	0.00218758966362806	0.00171678704685517	0.00195070933898106	0.00184729144153158	0.001427623097182	0.00135323029608857
72145	45-49	2	0.00306881682075741	0.00256076704858922	0.00287081195730147	0.00290041894407516	0.00190874677988735	0.00237522631722902	0.00243404277246334	0.00174702554843947	0.00181888732371235
72145	50-54	2	0.00470614821922706	0.00358183215348773	0.00359579636721716	0.00381762062544266	0.00348571818899648	0.00271468025790541	0.0035896516376244	0.00320293798209893	0.00234480168660465
72145	55-59	2	0.00682959165309501	0.00624943654093694	0.00595395545455454	0.00502477307099603	0.00519051609698141	0.00483813726006634	0.0049362957799521	0.00393330980525263	0.00447769919774125
72145	60-64	2	0.00964323909267882	0.00964096840520285	0.009968693856704	0.0107381389447072	0.00790072734191227	0.00883931065335935	0.00736267791274979	0.0051662232095328	0.00656429297546051
72145	65-69	2	0.017411966405595	0.0165281113470234	0.0153634336272016	0.0165003690620984	0.0153984835581919	0.0128226725673869	0.00968699957580506	0.00845342986074826	0.00908600666294965
72145	70-74	2	0.0306349583816783	0.0224074083673069	0.0233810164107537	0.0236585593278394	0.0229774125250114	0.0194151683040719	0.0165755237819452	0.0138535806751079	0.0144931009909978
72145	75-79	2	0.0445311880932433	0.0390956956231386	0.033968899811147	0.0416462864644752	0.0387928958264536	0.0307543684286917	0.0264278757094216	0.0204407418016689	0.0264125247918215
72145	80-84	2	0.0733967257036339	0.0751470889042628	0.0582425544802801	0.075647200188099	0.0505180791016931	0.059248115988854	0.0539117083288833	0.0384995206804791	0.0389831916609871
72145	85+	2	0.171502956414922	0.139381966038436	0.145612930827812	0.145131706639545	0.156329283129349	0.122458030329424	0.116217234455536	0.112879154202405	0.101979207908342
72147	0-4	2	0.00273453503441233	0.00296393869943323	0.00295995394133362	0.00210591678995043	0.00204088286138148	0.00192321706795432	0.0019802909850756	0.00107686085822484	0.00132272272094905
72147	5-9	2	0.000154493918426182	0.000150122175488833	0.00014649585186872	0.000142737198190423	0.000123479099832887	0.0001148820018652	0.000104755658037937	9.34918525973773e-05	9.48815471105714e-05
72147	10-14	2	0.000188494817985171	0.000192776378544126	0.000188254225181588	0.000183674024453018	0.000151106737449278	0.000140571651956131	0.00012845864651474	0.000114741295922241	0.000122446428136206
72147	15-19	2	0.000635818723680951	0.000682721185008019	0.000576704494888996	0.000593266816136267	0.000516744847586826	0.000480704799428627	0.000418972959437765	0.000396580533122096	0.000382067222265457
72147	20-24	2	0.00110881189490862	0.0011803752244241	0.00109951439008503	0.0010291355681504	0.00089647868999259	0.000876773734332268	0.000765344845059115	0.000767856217916072	0.000708978529626549
72147	25-29	2	0.00151812604362347	0.00153295873315423	0.00142555152534354	0.00146719519471363	0.00128600057487649	0.00108825931004957	0.00110004199167437	0.000858272157799535	0.000968913130899775
72147	30-34	2	0.00188424504403585	0.00182004455347131	0.00177014444328472	0.0018914067135607	0.00137835613547112	0.00129333756077817	0.00119332362779235	0.00101731920958567	0.00108260112120414
72147	35-39	2	0.00200576406525399	0.00223255027924923	0.00207702065025294	0.00253735364833154	0.00185910308169952	0.00159247135798065	0.00146578413041003	0.0012640946430657	0.00147237204712754
72147	40-44	2	0.0025642140527744	0.00296265673707677	0.00273979007446728	0.00300452715653816	0.00211297110416202	0.00217762917397906	0.0018424201342521	0.00168112576758811	0.00178702953330324
72147	45-49	2	0.00336090055324416	0.00320273794800642	0.00336023354407942	0.00353680466927828	0.00310887580506507	0.0031730805600123	0.00256667819071532	0.00205014316126572	0.0022069114960374
72147	50-54	2	0.00502666155664793	0.00521460787604177	0.00650076026427599	0.00544815268394257	0.00439385886986812	0.00388934880960878	0.0035269967296499	0.00385763017861678	0.00321685249323675
72147	55-59	2	0.00694829924807984	0.0059286478444315	0.00656071837115849	0.00611338944725861	0.00674970534455272	0.00559738977055946	0.00531518327518772	0.00547245284009447	0.00433595567176325
72147	60-64	2	0.0119056968109756	0.0128673324165447	0.0128393932429575	0.0111767059195263	0.00945853351483638	0.00751952355835181	0.00751681208727563	0.00729928640096893	0.00942052463238345
72147	65-69	2	0.0147622620033234	0.0159601606786342	0.0170542780601286	0.0152387695440186	0.0123098033302948	0.0125974476551804	0.0105716477011834	0.0127915421735919	0.01020248156179
72147	70-74	2	0.0304274268113673	0.0282755836582518	0.0325752028719178	0.0269992704854594	0.0211902123910566	0.0200365594648377	0.0202778146595996	0.0150261353770251	0.022123680954472
72147	75-79	2	0.0415431944904785	0.038507450151409	0.0400005140935168	0.0344223011074198	0.0322350033329588	0.0279420888012736	0.0294852375953813	0.025359807417966	0.0248943359783285
72147	80-84	2	0.0660888907159961	0.0801519185771371	0.0735623737543204	0.0668170872158493	0.0597944622149684	0.0496978141241496	0.0405200612372589	0.0371754767180371	0.048695704479213
72147	85+	2	0.18315692531732	0.181465081010144	0.15385363522251	0.131858396845959	0.115765228598687	0.107514362573707	0.112054649819941	0.108073713976543	0.0725815125281274
72149	0-4	2	0.0024285920290485	0.00236523000236355	0.00255396265689997	0.00221370111326991	0.00160783193118336	0.00158683440748541	0.00146499873985494	0.00110845452124295	0.0012800669450652
72149	5-9	2	0.000130531924503122	0.000126775645267857	0.000117543766663323	0.000126629867086005	9.97003342514852e-05	9.32181249462262e-05	8.98826123178502e-05	7.65747616002755e-05	8.19070672391112e-05
72149	10-14	2	0.000192748026931948	0.000154079367356381	0.000150301518829211	0.000153850147079508	0.000127446899619706	0.000119031680351012	0.000103958669735811	9.3574037709333e-05	9.50784487229249e-05
72149	15-19	2	0.00052082482812129	0.000445795538030005	0.000477342575858523	0.000485395089882908	0.000409856699768841	0.00036860554365111	0.000325691830191912	0.000296994159577522	0.00030464504900726
72149	20-24	2	0.000843514524511551	0.000891239199125618	0.000761416598763888	0.000768815960769297	0.000678228453574065	0.000738891125584227	0.000691084398437077	0.000584062439322844	0.000599619789488406
72149	25-29	2	0.00116216825354648	0.00110655068760763	0.00102004210239887	0.00102781092919627	0.000839822980922751	0.000869043667454769	0.000717920085833156	0.000657834939451592	0.000736592368611233
72149	30-34	2	0.00124641115756575	0.00127793410607472	0.00117611716763042	0.00118887707716964	0.00102513355614016	0.00102583910433678	0.000967409330212599	0.000901083997111539	0.00087473891712389
72149	35-39	2	0.00192475670917993	0.00165874428012025	0.00156339726437786	0.00171887394918354	0.00121364509960514	0.00117241383957823	0.00130673855118051	0.00122677242182948	0.000968356310610497
72149	40-44	2	0.0020741759913361	0.00218166239912768	0.00218697608010937	0.00174830027191133	0.00159398613650842	0.00131092166524977	0.00146946517799521	0.00144281289689241	0.00131393923109109
72149	45-49	2	0.00388035532390341	0.00288870940976726	0.00240429579852561	0.00249035013587669	0.00222780802885407	0.00236495587779331	0.00186802590571127	0.00190977617061708	0.00185326904973806
72149	50-54	2	0.00442181083472024	0.00419609822225521	0.00384367685327735	0.00340995202689967	0.00300703555890322	0.00282586252385891	0.00361838534700099	0.00269991680800468	0.00285233792868964
72149	55-59	2	0.00751542145197606	0.00573227751538951	0.00606733905975524	0.00627583399651238	0.00522683114937176	0.00423801753550856	0.00492207115995341	0.00341413934517749	0.00455307923955333
72149	60-64	2	0.0113804038802754	0.0102738755905453	0.0111583692946461	0.00961661209175516	0.00890154382848709	0.00639008048618402	0.00552174810170755	0.00506620752563194	0.00552064260790237
72149	65-69	2	0.0156762908305478	0.0156123915934308	0.0141633983496766	0.0129400367864212	0.0113929063569684	0.00947370656726952	0.00795022340650903	0.00901932887660183	0.00631218315642666
72149	70-74	2	0.0220951764454657	0.0266391325787275	0.019229980628398	0.0207713455041729	0.0189916405197766	0.019504057289766	0.0145753467141073	0.0145624383430999	0.012208729630979
72149	75-79	2	0.039921592131746	0.0452874572740278	0.0422795957284869	0.0352058911630393	0.0379506829005105	0.0313140068700895	0.0322085593187555	0.0216280644635747	0.0255229750702341
72149	80-84	2	0.0722962229453433	0.0579818616574442	0.0695398067188351	0.068471940179265	0.0573894384887547	0.0458481843673743	0.0436086939053122	0.0465073725848903	0.0319439757148751
72149	85+	2	0.135795445317343	0.150700346827816	0.142330107904331	0.138400515399169	0.130777356399018	0.143404546053069	0.100767919410959	0.104280496720617	0.091024969622519
72151	0-4	2	0.00246206865640123	0.00230797573388946	0.00234578638476435	0.00202740940869222	0.00167621438944583	0.0015185160951128	0.00154758398223397	0.00105721606410328	0.00110816639623419
72151	5-9	2	0.00013072603602752	0.000120932621112494	0.000118176362321737	0.000147863450994226	0.000100483728367158	9.87607512596752e-05	8.63589699733825e-05	7.75478401295403e-05	7.9116580059297e-05
72151	10-14	2	0.000165844842504302	0.000145621729355391	0.000149454470984897	0.000147049377561723	0.000128507650344065	0.000120040590050952	0.000116294483647812	9.47049439937315e-05	9.65909609280099e-05
72151	15-19	2	0.000480363366926191	0.000508294352051372	0.00045779280281092	0.000581600639247964	0.000402555188092945	0.000380108235653555	0.000338720379669693	0.00031198584173964	0.000322530856110038
72151	20-24	2	0.000865930051160904	0.000775130684246022	0.000783045432517842	0.000786922910521407	0.00078714294150225	0.000622590087675432	0.00064096958013052	0.000572052974572138	0.000593207816142151
72151	25-29	2	0.00104658051131915	0.00100054621027603	0.00104269996421368	0.000941683159566787	0.000954580876660058	0.000787554365280338	0.000794399710777541	0.000742641315150133	0.000835986506037862
72151	30-34	2	0.00134012750620833	0.0013053815790758	0.00121257499829533	0.00119477169751534	0.00100430403547648	0.00111559023686708	0.00111687658581665	0.00084238296006057	0.000865208074372538
72151	35-39	2	0.00213170768854981	0.00167775414708225	0.00173795358427086	0.00141793163106634	0.00157328350273505	0.00120466790475151	0.00115155727352027	0.000940276654011583	0.00118111914482543
72151	40-44	2	0.00193913246172797	0.00217455954611099	0.00164775290878202	0.00195187284338045	0.00138720055405357	0.00163999447732536	0.00150198556720205	0.00142758099960514	0.00134765525488737
72151	45-49	2	0.00288486383303884	0.00349344489648707	0.00253447905253724	0.00243961606455462	0.00253578535329974	0.00227991386165978	0.00208070991511451	0.00187209507761508	0.00228938767228539
72151	50-54	2	0.00521146418234624	0.00368056668309344	0.00322281914766708	0.00379671584653255	0.00314471667715659	0.00305154126796187	0.00316163237782919	0.00236737120308049	0.00253649842977546
72151	55-59	2	0.00547412023891593	0.00567516974901999	0.00704519263183623	0.00581651954069127	0.00509014515497718	0.00432615133268942	0.00446129541176741	0.00349291845223589	0.00366305182147937
72151	60-64	2	0.0115738119503979	0.00843798776176652	0.00833479354532118	0.00789057667022634	0.00845297767887276	0.00581571414417837	0.00512909409822223	0.00571656062432163	0.00504758671549762
72151	65-69	2	0.0119591188988195	0.0149040438523802	0.0170919774279714	0.0118192323862341	0.0111380564818869	0.009167007022932	0.00870737003248746	0.00754506582556829	0.00762928214632774
72151	70-74	2	0.0286690104975584	0.0310925466349424	0.0307434730959151	0.0263468315396752	0.0208796460888683	0.0171768944945502	0.0149776477482326	0.0110489999511279	0.0134291850336176
72151	75-79	2	0.0446616456644788	0.0366182127436607	0.0358116889233673	0.036426856860563	0.030748455429112	0.0248665752329591	0.0274992039496933	0.0233680709120361	0.0218632052086145
72151	80-84	2	0.074629138136981	0.0643333844524869	0.0643322445822518	0.0696264260933491	0.050960314386246	0.0493685686491224	0.0525739877116185	0.0368420256926728	0.0397198184541444
72151	85+	2	0.151583812919226	0.138001846909671	0.108732989758669	0.117080187118788	0.122478790344091	0.101694908019377	0.0994835331380568	0.110245790331033	0.103446107824918
72153	0-4	2	0.00275486138044534	0.00302441041734572	0.0024386675843016	0.00278951282900043	0.0026932051712678	0.00179168546342642	0.00190752835415135	0.0013658794693321	0.00119849315160553
72153	5-9	2	0.000165623453187318	0.000133029557540513	0.000129992031151348	0.000120942148649949	0.000105793030678324	9.91854588274573e-05	9.1122401154078e-05	8.62970966917531e-05	8.7894716174852e-05
72153	10-14	2	0.000171931605114627	0.000151986515377364	0.000155735760393196	0.000159973202457423	0.000133985837833924	0.000119990299707157	0.000110671120091653	0.00011078444450679	0.000101763073692843
72153	15-19	2	0.000505340828013559	0.000478574148966504	0.000492174115111982	0.000464001582126272	0.000454707703655584	0.000414734667723544	0.000371739709891097	0.000311423379270057	0.000354038246375217
72153	20-24	2	0.000892195654162812	0.000845131226089412	0.000891162390837828	0.000769486993548447	0.000717684130618343	0.000675033202777185	0.000639283152878675	0.00059825681965129	0.000561724624119507
72153	25-29	2	0.00122767563881694	0.00104850005503704	0.00101629251502819	0.0010391909692308	0.000913707211313158	0.000914677763223479	0.00082476202807682	0.000675528602539563	0.000724437194220516
72153	30-34	2	0.00158725743043373	0.00136668052064773	0.00136120420917633	0.00137031737450925	0.00102716178054682	0.00129831340311402	0.00104361781663729	0.000992898655029605	0.000818507393563085
72153	35-39	2	0.00163924783360541	0.00163915123489642	0.00144993432566041	0.00133698282238996	0.0013878450890675	0.00124661130911847	0.00122092896810093	0.00103627447185051	0.00125382935176486
72153	40-44	2	0.00177297059493546	0.00211253128577756	0.00208799608502771	0.00160385275485507	0.00178713468882155	0.00174121496670171	0.00152934784277265	0.001344375160531	0.00129740451505325
72153	45-49	2	0.00331180672489905	0.00299583621247818	0.00282418372344805	0.0024749773979811	0.00227578555046704	0.00264952229204355	0.00226976442735477	0.00203155120780554	0.00171216952450534
72153	50-54	2	0.00454938355953139	0.00456335103896938	0.00424833049377211	0.00431294719490973	0.00360954451905828	0.00324512402228633	0.00287696769280651	0.00314879208208905	0.00276322634782989
72153	55-59	2	0.00740976674876535	0.006416771479569	0.00755453260457572	0.00628602366888319	0.00644379942499423	0.00531794360110682	0.00427674083965801	0.00469488109994186	0.00432404793433991
72153	60-64	2	0.013089426076443	0.0121478202860384	0.00943446301571362	0.0096364000901835	0.00842411204226404	0.00807908425936693	0.00555136487189176	0.00730059917516204	0.00583790084952641
72153	65-69	2	0.0157823048441395	0.0206089522021361	0.0140206525012312	0.01306960947631	0.0131987786707747	0.0144144138441076	0.0099184228705829	0.00863264494692127	0.0104750816214605
72153	70-74	2	0.0316749872646555	0.0278549228082611	0.0271929885842077	0.0253227440314657	0.0223514837338186	0.0190395262545354	0.0180276034868788	0.0159988555437224	0.0166199881808009
72153	75-79	2	0.0391220872264439	0.0404953224408926	0.0382797902886478	0.0397050255722456	0.0387042876366698	0.0319540928743451	0.0255872139746301	0.0271522849582186	0.0224342993551218
72153	80-84	2	0.0745175355545592	0.0771879315330549	0.0739444326234914	0.0661318273242062	0.0647324896227047	0.0632093984011812	0.0597857197126241	0.0468702227306507	0.0532894572624216
72153	85+	2	0.154123355184079	0.157104467244105	0.12812014844525	0.143082514993311	0.129672129677192	0.12726852426747	0.124753763120554	0.11989404559573	0.126312131393592
630	0-4	0	0.00295982885135744	0.00255953978485394	0.00246424460237937	0.00218189456078294	0.00171519567712975	0.00166071286432655	0.00147989400114486	0.0011740241435653	0.00126368827983176
630	5-9	0	0.000147983384024694	0.000140174410029848	0.000136472031210125	0.000132391076603992	0.00010960882996578	0.000101979229105231	9.24930148912189e-05	8.37074635461583e-05	8.25065434140703e-05
630	10-14	0	0.000175290746243265	0.000171175295515664	0.000163601099137159	0.000161058123375958	0.000132900916051778	0.000122756549953426	0.000112423757569639	0.000100105834454027	0.000100549870660338
630	15-19	0	0.000498467886886049	0.000482117322553846	0.000485343778098244	0.000477210553137933	0.000410622559504664	0.000380197935312732	0.000338333013871621	0.00030544879149455	0.000310191960338075
630	20-24	0	0.000802524058879362	0.000829281208711776	0.000854320799242567	0.000791456670181844	0.000683301034533693	0.000672884549498996	0.000603700786615996	0.000551856422014938	0.000561788081861074
630	25-29	0	0.000980687620767564	0.00108740505113114	0.00118492002655045	0.00106369066988258	0.00086737405925204	0.000798492868129285	0.00075627818003324	0.000677496897739491	0.000706363690683467
630	30-34	0	0.00121119834145571	0.00130877856709436	0.00150819032605701	0.00140171066415353	0.00107769486247088	0.000985396169010825	0.000925217540090122	0.000877481194371933	0.000845510007471709
630	35-39	0	0.00156750235312803	0.00161344936170613	0.0017650650527308	0.00181387461184003	0.00139592032731071	0.00130500045472507	0.00117825563787217	0.00108545995725478	0.00113805146358997
630	40-44	0	0.00199112224465472	0.00197961492612255	0.00213198866102495	0.00209172224578663	0.00177699967192046	0.00170296068709866	0.00148865316109639	0.00138523426061102	0.00141597754456642
630	45-49	0	0.00283640799758879	0.00268508864097643	0.0028169297278381	0.00283915190343879	0.00249416539416565	0.00232258830237703	0.00215431987278975	0.00188140419681724	0.00189819704562023
630	50-54	0	0.00437492398982986	0.00410331434438273	0.00391121228135172	0.00383631435063567	0.00350574776799129	0.00329450857640646	0.00315203910281813	0.00276854483986371	0.00280102526125075
630	55-59	0	0.00646100339161208	0.00616157073326372	0.00585032339818443	0.00555123167182596	0.00528509835300129	0.00469923128711476	0.00453596948775825	0.00396607706228603	0.00410601148052451
630	60-64	0	0.0102617566712562	0.00989588610896083	0.00915092735868211	0.00911181363806401	0.00807734541789698	0.00731673522861893	0.00659749304992658	0.0057500709702785	0.00606861677047157
630	65-69	0	0.015202439372392	0.0151647284546009	0.0144114103220733	0.0137149376561634	0.0123474190931696	0.0111372679242979	0.00975902203591109	0.00861708359459717	0.00868870440766056
630	70-74	0	0.0270984549336917	0.0256000128381002	0.0238243780519693	0.0229228166722351	0.0197632401490769	0.0177584619520519	0.0156289276645405	0.0133528123308593	0.0138451356610022
630	75-79	0	0.0398725370408163	0.0394304389878058	0.0375303073398372	0.0359223560171508	0.0321903907805815	0.0287821787112745	0.0264329484801838	0.0225308826936994	0.0226198988125143
630	80-84	0	0.0704698231495636	0.0674782915099996	0.0657537059654161	0.0649846284839592	0.0555331485888582	0.0524382623425347	0.0469645210399568	0.0403785801368454	0.0398558851070841
630	85+	0	0.147045598866563	0.139792921077069	0.132781060820379	0.133341231340359	0.123449165625511	0.119720166619854	0.117283032568435	0.107150611383348	0.103910574760867
