reg_code	age	include_code	1980	1985	1990	1995	2000	2005	2010	2015	2020
72001	0-4	2	0.00265404290190335	0.00235110095629632	0.00219072243996202	0.00180564000886202	0.00181728945290394	0.00151461922595556	0.00140793096873635	0.00108432515925392	0.00112015147332653
72001	5-9	2	0.000128175181036362	0.000124715181135589	0.000121924225785406	0.00011374342914352	9.86832177919667e-05	9.16481977351744e-05	8.36433980256373e-05	7.48839145357161e-05	7.57819216232397e-05
72001	10-14	2	0.00014883165267221	0.000144908637383991	0.000148375011736951	0.000151883753180376	0.000120284688628792	0.000117131193983796	0.000102162840913013	9.16916484578111e-05	9.264636258143e-05
72001	15-19	2	0.000547540464424424	0.00049298927120183	0.000463369734351982	0.000473055012372089	0.000398211119513262	0.000356933571159951	0.000343342325063255	0.00031038073477092	0.000301243316563124
72001	20-24	2	0.000863911463134309	0.000844176869393472	0.000828000506213073	0.0009942989811174	0.000775557691171365	0.000731328710626038	0.000593102412451945	0.000563654361250085	0.00054490297072075
72001	25-29	2	0.00111635563093638	0.00116889105592577	0.00114667249876891	0.00100780227527934	0.000925946412408946	0.000855719093679346	0.000797581102755969	0.00067144217044716	0.000710557145863749
72001	30-34	2	0.00131915888618351	0.00132867973565574	0.00124672316594842	0.00132060056426677	0.00117338244996211	0.00105958581008473	0.000937353123528785	0.000787944195291232	0.000878866341743779
72001	35-39	2	0.0016071365932177	0.00154535131945748	0.00155829939147734	0.0014651776101788	0.00125170552265298	0.00123850234776338	0.00114127462194602	0.000994967572579501	0.000972723702548457
72001	40-44	2	0.00207675877212058	0.00204827662232772	0.00196336575166639	0.00196104015281204	0.00172474137681564	0.00155843644037665	0.00131284106060143	0.00131350273060343	0.0013184709668415
72001	45-49	2	0.00270735320762963	0.00255820980881679	0.00311343561762676	0.002440345040945	0.00246181512380294	0.00244877383755308	0.00171918219330544	0.00185310229575652	0.00196828106735623
72001	50-54	2	0.00408959907859559	0.00431652371783871	0.0038344774737367	0.0031649018715719	0.00258934222828251	0.00265715175632969	0.00256646833208803	0.00238316203112562	0.00289029901029244
72001	55-59	2	0.00689871977965462	0.00630889664673833	0.0071140927471808	0.005834641810465	0.00438244902110866	0.00385687622710871	0.00324576329189755	0.00401377766017737	0.00364858393697214
72001	60-64	2	0.0099070199328918	0.0100190598267645	0.00966982855152614	0.00983513224879239	0.00729205259060663	0.00721205054648724	0.00673055542992358	0.00584014684245644	0.00548803273739957
72001	65-69	2	0.0139399507732475	0.0121763913944941	0.0129173854575611	0.0160687668020012	0.0136602632192479	0.0102263107744739	0.00996920871098634	0.00865196386988036	0.00802255415786158
72001	70-74	2	0.0227132626321974	0.0255003133414348	0.0228853944396604	0.0235913495328837	0.0220195813596812	0.0185482829112928	0.0153553395088736	0.0148248291791034	0.0150425076796839
72001	75-79	2	0.0375817109857226	0.0333964819987946	0.0421935233927088	0.0428299139363677	0.0367076564149453	0.0292139340678749	0.0264125677509212	0.0248345381232455	0.0173659138534586
72001	80-84	2	0.0664724371695349	0.0712181244595882	0.0671808853052012	0.0647864226431946	0.0643781169334596	0.0512651102274325	0.0473747653047648	0.0352355424239471	0.0358129132821151
72001	85+	2	0.13983543749026	0.130248071179605	0.121232672671232	0.129541223252157	0.112335707696115	0.112139667935614	0.107716102676633	0.0987570628042067	0.0734301267271535
72003	0-4	2	0.00241737611775343	0.00185377187729399	0.00196095915282459	0.00187878663530907	0.00158796198683052	0.00174024460177315	0.00133221511329893	0.00113761476429673	0.00108995794840611
72003	5-9	2	0.000176875790371156	0.000125241748797855	0.000127807220133941	0.000113870789554583	9.45854031469469e-05	8.83333743556577e-05	8.10738526482647e-05	7.26679157468857e-05	7.41009761830704e-05
72003	10-14	2	0.000169586812727181	0.000150667125825704	0.00014085311888651	0.000131798082875723	0.000114843011261727	0.000112205420386922	9.86513916376721e-05	8.86854670339549e-05	9.04646167997285e-05
72003	15-19	2	0.000471715160952878	0.000485094985474716	0.000423071918722234	0.000444181109987018	0.000392561686441501	0.000340809035680003	0.000303870046552062	0.000290681905648655	0.000286257847237394
72003	20-24	2	0.000882149511631982	0.000885665831661557	0.000773678462553616	0.000806630198230548	0.000742007193819102	0.00056792491760591	0.000596326014085513	0.000507444455405742	0.0005684509405408
72003	25-29	2	0.000974574004990615	0.000893782484616627	0.000931852058147995	0.00102436115490467	0.000827122298136543	0.000694425609463262	0.000739113859010231	0.000656697228560196	0.000754623216322901
72003	30-34	2	0.00118915977317471	0.00111833583064374	0.00114294493832137	0.00103265084094488	0.00103030294607734	0.000862647750282745	0.000812986077009511	0.000740318555585954	0.000724167542918322
72003	35-39	2	0.00150752657602853	0.00144913723046887	0.00154377829073929	0.00145572267615767	0.00119476504388066	0.00114388420065394	0.00104860346574811	0.00107628587612531	0.0011697423315675
72003	40-44	2	0.00194027276388666	0.00221704872397591	0.0019724912113663	0.00191535898904587	0.00163499490900067	0.00143326998651961	0.00124597466496564	0.00118695125456574	0.00137483506137831
72003	45-49	2	0.00299328986561114	0.00260940418735192	0.00240624389573931	0.00196141145444416	0.00184475331992016	0.00185598404287274	0.00183734073344574	0.00161285806153543	0.00226912797233112
72003	50-54	2	0.00488601716463382	0.00408598902084923	0.003502860074751	0.00402463854387789	0.00290624009533507	0.00281399217113567	0.00239011327586747	0.00207543237716997	0.00281932718483317
72003	55-59	2	0.00661454416568759	0.00602790747697943	0.00521038303967038	0.00580117997192472	0.00352637314571293	0.00415925311408426	0.0034587166244121	0.00301288699784799	0.00385190720109905
72003	60-64	2	0.0121810789113958	0.00992344896817762	0.010268593026684	0.00855131491469615	0.00761307618118508	0.00760567737563303	0.00650090508273265	0.00502202171635979	0.00531059923433669
72003	65-69	2	0.0177615973172439	0.0164432171890298	0.0155499541795263	0.0134910928524997	0.0128143293522356	0.0120545916575499	0.00824148226221421	0.00948090183944858	0.00868903693795356
72003	70-74	2	0.0290925354690058	0.0305717030141949	0.0270396987078479	0.031867552000335	0.0277083619086657	0.0202810457683302	0.0154614783853439	0.0142922582136011	0.0175487453516406
72003	75-79	2	0.0412199950752385	0.0442913613903956	0.0355393991560863	0.040356385597983	0.0312971352663639	0.0303627861305383	0.0295670139983458	0.0231109434199617	0.0229239277485168
72003	80-84	2	0.0751075686596805	0.0675561234174334	0.0641657067809166	0.0655332148313219	0.0629334779796023	0.05945730504651	0.0441110672078879	0.0403782825152156	0.0396703248840514
72003	85+	2	0.158701329746924	0.14008207049173	0.145762638693598	0.147539171334531	0.144730486271984	0.142628838414171	0.129538513008442	0.10418983257209	0.100184292506967
72005	0-4	2	0.0027981208541669	0.00221431496713807	0.00197482916102433	0.00195257228158005	0.00149325919227634	0.00146260310181824	0.00123403057275303	0.00129371454811898	0.00136841873399987
72005	5-9	2	0.000168865477480308	0.000138589367292359	0.000129808818253496	0.000132647284629937	0.000105765454822713	0.000104002345151305	9.57083805665021e-05	8.63442925442781e-05	8.39766305708959e-05
72005	10-14	2	0.000185308701541057	0.000158928931388352	0.000149233005011568	0.000160021698426787	0.000128232063910076	0.000125829307952093	0.000116126009327148	0.000105128026232129	0.000117277640311785
72005	15-19	2	0.000557259070633161	0.000510356934948301	0.000484331934396888	0.000510359625481526	0.000412985276968899	0.000396248587789143	0.000374715328758339	0.00034691549359686	0.000314591508908615
72005	20-24	2	0.000831062369905724	0.000869073595182478	0.00101983589562979	0.00085102617182247	0.000672867124451657	0.000639484309002694	0.000804149683340795	0.000657425352583064	0.000676066687819745
72005	25-29	2	0.00135282959040188	0.00137338829707411	0.00126908565415809	0.00121917521158744	0.000902881278167333	0.000783033856832129	0.000787988717914494	0.000744407764285274	0.000723557583937969
72005	30-34	2	0.0012238821261245	0.00147531539143152	0.00141126228907642	0.00132617797217325	0.00112491065776657	0.00111931143257683	0.00106632457339866	0.000943211148636122	0.000965235481843576
72005	35-39	2	0.00153265739176158	0.00167229746712172	0.00194972736151053	0.00162928589414137	0.00127306820984091	0.00128957893440907	0.00134705906669334	0.00109985323575646	0.00116049375387633
72005	40-44	2	0.002151900940259	0.00216062868722323	0.0022219744728829	0.00184210451194668	0.00152581362857036	0.0019487796239169	0.00158121154149195	0.0015151430815124	0.0015350785433599
72005	45-49	2	0.00233124810232132	0.00285270827387445	0.00296041421671214	0.00333426636256072	0.00287198208337224	0.00236012445219919	0.00234915579386802	0.00174900287239676	0.00194455441550515
72005	50-54	2	0.00418560493400263	0.00418561673732111	0.00407463114652341	0.00417295128017706	0.00377785188152572	0.00358687088761037	0.00373162612368441	0.00352339417313705	0.00304388311327092
72005	55-59	2	0.00755037130928369	0.00705522841997571	0.0073956511482723	0.00707744305134885	0.00576418897984507	0.0053414259310935	0.0053606981210045	0.0050642776912811	0.00432924773280928
72005	60-64	2	0.0132002166311785	0.0111599491140145	0.0092041846329321	0.0104567141811753	0.00868438371605948	0.00795343972220773	0.0064409928941208	0.00779228723824171	0.00680577829496148
72005	65-69	2	0.0165593465668868	0.0165143598683017	0.0186881201662927	0.0159853594673554	0.0149947193119978	0.0120588689610585	0.0106376328634487	0.00850951461294542	0.00893995252477309
72005	70-74	2	0.0315782236296956	0.0279673084472004	0.0219601224103305	0.0254000102714031	0.0221108444194424	0.0223979386274897	0.0158887115478121	0.0158897427379916	0.0156540429931698
72005	75-79	2	0.0390614784093053	0.0452175184544718	0.0415231027246207	0.0438601441819832	0.0347806497234264	0.0337129556203744	0.0303482303580829	0.0262720356898413	0.0265577487144796
72005	80-84	2	0.0806992083596132	0.0709907129965738	0.0770382718384543	0.0681509065976808	0.0633975103650649	0.0532011519591446	0.055868692089717	0.0440555262647958	0.0453962246784414
72005	85+	2	0.158510946741235	0.153466971294333	0.140953058819064	0.146537865333302	0.122171709478566	0.127883127439654	0.124854980492863	0.117977769468512	0.117960436376154
72007	0-4	2	0.0021590993256172	0.00204475796899691	0.00205210012123945	0.00190378934573025	0.00150274366489607	0.00143137453505223	0.00145034209300383	0.00101288591285039	0.00130186718502038
72007	5-9	2	0.000129727574635534	0.00012623692177241	0.000117331078232305	0.000120016347779968	0.000109079614264875	0.000101786784102509	9.30829244259053e-05	7.97217877556185e-05	7.72957287183621e-05
72007	10-14	2	0.000157519374426689	0.000153073660200486	0.00015600546579103	0.000139456824202766	0.000127012512106882	0.000113249858182314	0.000103506731328082	9.29650021043786e-05	9.45108770759069e-05
72007	15-19	2	0.000479695158998495	0.000551924126021868	0.000456472324349531	0.000464798213936897	0.000376877882761986	0.000354885098076003	0.000391035310878581	0.000296885626893381	0.0003037667359261
72007	20-24	2	0.00081532125346287	0.000823899376723069	0.000798466801271821	0.000868414496657013	0.000738096336971491	0.000763943480319976	0.000685151450202269	0.000582670088012682	0.000568111497677869
72007	25-29	2	0.00108284803126391	0.0011131136623483	0.000997805964154078	0.00101668041248042	0.000807063423739653	0.000855309597546599	0.000778166489620554	0.000689935811662894	0.000706387765274441
72007	30-34	2	0.00117690773052954	0.00121925739388479	0.00109436929940258	0.00138053494797247	0.00114931325050871	0.00108544574603672	0.000867075511282635	0.000810735547450402	0.000828574449546515
72007	35-39	2	0.00162194373932514	0.00164744864168087	0.00146209236418609	0.00161314208565693	0.00144412353602682	0.00138721600936681	0.00116366496857335	0.00108165579077989	0.00103743402709696
72007	40-44	2	0.00252407476357572	0.00228096692142813	0.00194855827573508	0.0019200599305225	0.00176083690314404	0.00146320180103003	0.00159594668562102	0.00110834585698384	0.00123045863072015
72007	45-49	2	0.00272704258370844	0.00278345467400796	0.00283542988897897	0.00272571208675094	0.00218353859809426	0.00230672188690819	0.00199048090736376	0.00155767722683012	0.00171352555131947
72007	50-54	2	0.00476424595280898	0.0046659882862194	0.00356961510453745	0.00371855071683019	0.00284127885923973	0.00322119286482474	0.00255214858717448	0.00285947612633149	0.00313269162819313
72007	55-59	2	0.00586226447650791	0.00633351909565406	0.00612916898631396	0.00553065256632493	0.00529880364721523	0.00472169672213869	0.00351918061711699	0.00356549202626729	0.00318048522459947
72007	60-64	2	0.00844083213917479	0.00999860046083071	0.0080942082826858	0.00907473427583428	0.00733041169543312	0.00714272278241762	0.00567735148534148	0.0059206043412482	0.00634705834728394
72007	65-69	2	0.0171093353153426	0.0157414025322172	0.0135817673357636	0.0143347454549677	0.0122544052270318	0.0103870083526471	0.00751160268467958	0.00684852657380052	0.00943744287511728
72007	70-74	2	0.0217014016605856	0.0251853829929876	0.0202453995118739	0.0200251317594168	0.0199953233797554	0.0154728729327127	0.0128824024930833	0.0132021893714293	0.0113241345351235
72007	75-79	2	0.0406034628431151	0.0407845670110327	0.0363929031632068	0.0427569707479063	0.0303758472699381	0.0225022815058748	0.0241602782327138	0.0210981079769842	0.0209192817864791
72007	80-84	2	0.0623446450647655	0.0574284213391164	0.0455778539805011	0.0639200531541179	0.053467096808837	0.0487893281630912	0.0475843392067339	0.0360501367201146	0.0430273903047027
72007	85+	2	0.151501357749278	0.128031357484722	0.141997888835605	0.119191632163668	0.118920419585554	0.118891306326801	0.0961413299355781	0.0861174376538434	0.102896501376794
72009	0-4	2	0.00236672364226544	0.002059621251378	0.00215578664368633	0.00194498302216698	0.00175873424878967	0.0015962763227119	0.00135316097576866	0.00115588683388829	0.00108270271471676
72009	5-9	2	0.000145048711192031	0.000134239536836398	0.000119445144400647	0.000116635019621786	0.00010625372732229	9.47748048019196e-05	8.68383262434916e-05	7.75063015765281e-05	7.83828451916548e-05
72009	10-14	2	0.000192235916567982	0.000149042614001432	0.000152330054057944	0.000148539408887679	0.000129286414966582	0.000115481775857011	0.000106014066700551	9.47794216128898e-05	9.5788229459718e-05
72009	15-19	2	0.000549493606051135	0.000540570820833562	0.000489128116436931	0.000477583748740583	0.000477586854974316	0.000378042382115711	0.000366690690697173	0.000332738219245343	0.000308200959678193
72009	20-24	2	0.000863470733275248	0.000908608987977016	0.00082367249534046	0.000876146806373297	0.000684615991462245	0.000671994998929251	0.000647782315381403	0.000647823721066726	0.000660235711533051
72009	25-29	2	0.00123695526015506	0.000982051511919596	0.00107723563056883	0.000953767423048693	0.000848112776811117	0.000859536078325495	0.000837511246072497	0.000794639020373432	0.000713999116165688
72009	30-34	2	0.00134956993911548	0.00114345463734883	0.00128348245569287	0.00156706201139074	0.00118775224533281	0.00109537779741505	0.000979312633670255	0.00094090564730886	0.000986625443679276
72009	35-39	2	0.00160310085288946	0.00168267142552062	0.00177763642191704	0.00149109268353775	0.00148863347417391	0.00126330073152354	0.00138736040268241	0.00125476471423359	0.00109921768589487
72009	40-44	2	0.00205151617454127	0.00184276096029534	0.00186200103004457	0.00201103226473186	0.00184619354596965	0.00190917803454666	0.00179758042937431	0.00134967676534561	0.00130052027485594
72009	45-49	2	0.00283754112907341	0.00256062255944688	0.00241315244535466	0.0025901768139855	0.00233595574011349	0.00224315377235516	0.00176324454534661	0.00175734258208936	0.00201147309922874
72009	50-54	2	0.00483010946612488	0.00415089494847221	0.00421824303723113	0.00353020821731108	0.0027230641821663	0.00332876086569549	0.00292233965112745	0.00240795602887137	0.00274723643766787
72009	55-59	2	0.00592972033409146	0.00848876468890776	0.00592559973961231	0.00554792607638078	0.00547961100475981	0.00421786870087754	0.00500894263392849	0.00377876595800064	0.00358071117591694
72009	60-64	2	0.00891596580861309	0.00803877474166283	0.00917575654681664	0.00764363433199486	0.00781350314398178	0.00774036805772183	0.00631877477454256	0.00502075378955775	0.00553344551642298
72009	65-69	2	0.0138051626767673	0.0157309889320742	0.0126283723617018	0.013754276729039	0.011649100437097	0.010237693597831	0.00861530698688103	0.00789225724556373	0.0065111659303923
72009	70-74	2	0.029426223973175	0.0249990526322673	0.0246930423888714	0.0224585259563272	0.0161845375029433	0.0198764824066413	0.0154671367281104	0.0109523647777586	0.0132458370260326
72009	75-79	2	0.0439168603876408	0.0395618832651881	0.0394074006869737	0.0333209288995042	0.0349850893330166	0.029446274267863	0.0270239592541097	0.0268190757885648	0.0213521899849569
72009	80-84	2	0.055766422442163	0.0487041021897395	0.061840854000626	0.0667602603026728	0.063027080435171	0.0608778820689051	0.0480200570814384	0.0399212273399857	0.035758478548538
72009	85+	2	0.145987431459426	0.109580252150804	0.130037550708689	0.145351957100181	0.139740809276292	0.121551976165688	0.109389956790446	0.0972127727395152	0.0991040302515732
72011	0-4	2	0.00298643118670464	0.00261899752295731	0.00212516275023712	0.00189708188343189	0.00175340300370198	0.00147933898616875	0.00148569488979054	0.000983490072047098	0.00139243393962344
72011	5-9	2	0.000136646700928255	0.00013942108000887	0.000130234266771646	0.000120786763206684	0.000104742951858526	0.000107143067105023	8.95714384407753e-05	8.00888483652361e-05	8.53879019082908e-05
72011	10-14	2	0.00016559305094222	0.000154143410480545	0.000150928068359554	0.000147019730323735	0.000127626974198425	0.000118662648433502	0.00010909590817825	9.80387169677006e-05	9.94898698576282e-05
72011	15-19	2	0.000505031193033642	0.000493149470127419	0.000526065959438625	0.000493661009524527	0.00039881326561369	0.000405221912343242	0.000358110927824389	0.000325716587198147	0.000320399976364161
72011	20-24	2	0.000950617774374582	0.000957170769659664	0.000835149096010494	0.000817230795536673	0.000723458562036641	0.000688152026405874	0.000664799175559228	0.00055811830978914	0.000623688020900104
72011	25-29	2	0.00109065433476025	0.00122954574441523	0.00148383981310945	0.00124740133157126	0.000884395492982011	0.000867401866399482	0.000933255648887913	0.000821805029928234	0.000798287292544365
72011	30-34	2	0.00139670856204157	0.00150761726734188	0.00146430724159798	0.00141094957013535	0.0010939430793175	0.000928573767439659	0.000872729176178181	0.000857674377486796	0.000949169405033845
72011	35-39	2	0.00169068292407169	0.00169524193422775	0.00163944117816338	0.00179283807812099	0.00139149406366885	0.00132567602112185	0.00120579486520583	0.00100642884072255	0.00123255692158411
72011	40-44	2	0.00222339529799563	0.00215716008406343	0.0020602616492001	0.00198718984509612	0.00164110813526177	0.0015713125039587	0.00149202793635543	0.00137173032949524	0.00136929168885129
72011	45-49	2	0.00253518774569804	0.00268433411117975	0.00277689865789148	0.00305775940716591	0.00263250326593208	0.00238164672984752	0.00227515706792292	0.00203442785129279	0.00182603474855869
72011	50-54	2	0.00482454756134036	0.00404964851904363	0.004037261606035	0.00435466968623579	0.00365210269176106	0.00344299859159298	0.00371291770940201	0.0026213975899866	0.00346264957888146
72011	55-59	2	0.00728460519585235	0.00667733448636431	0.00733621343163836	0.00577447125232303	0.00546119359440158	0.00363961869727131	0.00454911559810412	0.00381229990354269	0.00473390560889108
72011	60-64	2	0.0118374812855274	0.0138374434574866	0.00962916675143528	0.0090282927440657	0.00853957299943402	0.0087697805609079	0.00900324598756415	0.00624731252690042	0.00570281677707826
72011	65-69	2	0.0172976779129736	0.0194631069427374	0.0177593213468403	0.0180851411276764	0.0146244909318272	0.0126473859372157	0.010190977252406	0.00936649723773465	0.00943107905773239
72011	70-74	2	0.0320767753648353	0.0233201663984543	0.023009168474134	0.023278260264613	0.0245013807537344	0.0212019735561759	0.0183049977675211	0.0144258339001623	0.0131517111575361
72011	75-79	2	0.0432132536896764	0.0537347413408817	0.0434166332888952	0.041211264405938	0.0330761699387105	0.0319701834878064	0.0264282974932272	0.0208552943636613	0.0203578636985103
72011	80-84	2	0.0808827201445827	0.0716382832373356	0.0854214268853775	0.0813964400332338	0.0545158265788993	0.0506466611656197	0.0492130792827187	0.0427227538286281	0.0459888912103208
72011	85+	2	0.171128887329332	0.132853447129513	0.140158655078798	0.127578021452711	0.114028297757732	0.126055343149012	0.115921216069164	0.101333937280079	0.0950810838945558
72013	0-4	2	0.00220653009750996	0.00288095487289023	0.00296434391679557	0.00235691107797497	0.00158596929872023	0.00156899715925254	0.00132200513116186	0.00103663845891335	0.00114375085127988
72013	5-9	2	0.000146395764256986	0.000150608181392863	0.000135911109897105	0.000121609119918973	0.000111006104670913	0.000100333532185682	9.29644875338542e-05	8.0188470978482e-05	8.19201132648397e-05
72013	10-14	2	0.000194883438434214	0.000198738686319611	0.000166995610294208	0.000165190554804976	0.000128216501963942	0.000136928100324795	0.000106840487581848	0.000101506572256697	9.88498273628627e-05
72013	15-19	2	0.000496765155655213	0.000518843204071393	0.00048592176033208	0.000459751229674468	0.000353398164959349	0.000359569164984149	0.000327059420565047	0.00029397095208933	0.000344400708204199
72013	20-24	2	0.000923398316743751	0.000791801313582305	0.000967809844629074	0.00089434438450576	0.000663710771042824	0.000725147831128696	0.000649427273062942	0.000557805049138196	0.000516217509902824
72013	25-29	2	0.000990811145088474	0.00113515381970001	0.000997227830428851	0.00105153480354297	0.000951283873907235	0.000725051279396093	0.000700830334266938	0.00072354928772849	0.000756872076429267
72013	30-34	2	0.00107526102424598	0.00134183344855814	0.00163704413916432	0.00150076192769889	0.000983998396194808	0.00093710754897673	0.000934548912821252	0.000968275733165408	0.00088959998167825
72013	35-39	2	0.00166933053647521	0.00181794793195829	0.00170953242007366	0.00182566834771481	0.00147167789759159	0.00128467948432098	0.00124223908011043	0.00115325016353163	0.00104700395361989
72013	40-44	2	0.00183085830723284	0.00196657203016552	0.0018486561267408	0.00178301780802335	0.00184072334261572	0.00130577535761742	0.00153892652317355	0.00151763181601855	0.00158370527486541
72013	45-49	2	0.00292889103615078	0.00268390658717727	0.00331177248033421	0.00269914536471427	0.0029158411320272	0.00210315170998011	0.00228813853760523	0.00190801109671806	0.0022375704341047
72013	50-54	2	0.00523083133504261	0.00435362690213633	0.00442886661128085	0.00398259319249137	0.00367323114513292	0.00367139352405518	0.00347175123577635	0.00260593226190969	0.00295280494693025
72013	55-59	2	0.00721071153879275	0.00718808583910158	0.00618642443913094	0.00654918533166932	0.00564444356108229	0.00483944942163362	0.00510268238912273	0.0042310886718287	0.00520669688202981
72013	60-64	2	0.0121429858083706	0.0105510307176429	0.00962475162370508	0.00890851982018652	0.00946060960924674	0.00837100410357751	0.00763270174010392	0.00600459071385768	0.00612225963333382
72013	65-69	2	0.0186957208510547	0.0167974699863976	0.0189992274904375	0.0151490477637002	0.0140446975583127	0.0146060395484198	0.0115254534779752	0.00823787195840519	0.00812718682621831
72013	70-74	2	0.0328598755633646	0.0284220624280222	0.0259268268578113	0.0250178168951251	0.0212798683039937	0.0201939617572046	0.0176514581783911	0.0150847085883434	0.0156200162897743
72013	75-79	2	0.0408603113782429	0.0473080374561888	0.0396784058871984	0.0462796083226945	0.036716983797763	0.033887358407063	0.0302837842191023	0.0239506470340025	0.0221513117436712
72013	80-84	2	0.0744155633925493	0.0726003255421426	0.0662419738737738	0.0744893854272108	0.0630089187802052	0.0609057180367584	0.0567981456652885	0.0414792076191893	0.0475777385645273
72013	85+	2	0.143698220082634	0.156968657232441	0.135229321742164	0.142364671595453	0.142767773399741	0.130001185017552	0.12023894158843	0.112299778066025	0.11034219619813
72015	0-4	2	0.00274004849163286	0.00263443551792732	0.00254710571698845	0.0018471574414074	0.00195423380420077	0.00167077198683031	0.00161214148119536	0.00105805160660773	0.0013662146055821
72015	5-9	2	0.000146922828606076	0.000150009087732425	0.000139855955779464	0.00014319484928405	0.000113131055073076	0.0001052656782736	9.62742444229945e-05	8.62188931081174e-05	9.18667583164417e-05
72015	10-14	2	0.000171202276004943	0.000174192015600856	0.000169975245085507	0.000174354949335375	0.000138117727950801	0.000134686703123344	0.0001177808885732	0.000105672194469219	0.000107200518019249
72015	15-19	2	0.000575575860020675	0.000513429270923503	0.000523853033219019	0.000517027174357478	0.00045550145165224	0.000425670898200494	0.000375388638466901	0.00034078470064177	0.000381314579586056
72015	20-24	2	0.000996087508887935	0.000927956291709761	0.000978693245756548	0.000916382246232968	0.000874140970908199	0.000866227432691108	0.000677177983956236	0.000671831219516499	0.000720487895666205
72015	25-29	2	0.00121696942869379	0.00122932572639597	0.00124399296610657	0.00116612979131218	0.00102729041633043	0.000923674447542168	0.000874979039079334	0.000880172448473128	0.000892900756891093
72015	30-34	2	0.00146313026094868	0.00153372271209243	0.00139235986491796	0.00132225703226716	0.00126646985250777	0.00108828838369166	0.00100309377542701	0.000978995679038144	0.00092736081302342
72015	35-39	2	0.00189975398050058	0.00232447516535542	0.00180786068174584	0.00190219881743191	0.00156121031118159	0.00130007052009627	0.00125889888390354	0.00132038449612447	0.00149074176244332
72015	40-44	2	0.00235147477084611	0.00202233625007838	0.00254997718072435	0.00210853931407779	0.00194307696547209	0.00182755235134104	0.00163644759712974	0.00140368122601022	0.0016252570551143
72015	45-49	2	0.00343851718641596	0.00299447103945611	0.00282765672536351	0.00359770335056949	0.00270067346373635	0.00221972438432906	0.00231788556360927	0.00206143786778111	0.00211283692401257
72015	50-54	2	0.00650187572342436	0.00539021038692364	0.00394744799011524	0.0039689173435997	0.00360324575333496	0.00354760209175434	0.00286290834918464	0.0025536068972464	0.0029670650678699
72015	55-59	2	0.00625662351069378	0.00634259862229569	0.00612267821906682	0.00647821171473022	0.00493568370170195	0.00406301745475396	0.0046197183892085	0.00533206597950787	0.00507921911795439
72015	60-64	2	0.0110224522002331	0.0136790480737709	0.0115579811994402	0.0103226126016938	0.00806224622900029	0.0079460325769656	0.00722424456577153	0.00646682503488036	0.0062367620342233
72015	65-69	2	0.0163409144773075	0.0180730205119289	0.0152638459845328	0.0137725116969795	0.0149945867617086	0.0103889781164067	0.00964413832595547	0.00894791441633786	0.00998292022472723
72015	70-74	2	0.0287195323000318	0.0268571208284378	0.0230643735304351	0.0262052499928949	0.0226021159591932	0.0167701598637504	0.0176333686577109	0.0167606592689436	0.0138439269255166
72015	75-79	2	0.0385738524091785	0.0492974680945854	0.0387298151517364	0.0464626249042458	0.0353019686260446	0.0353331438495615	0.0325333149946061	0.0251379021213557	0.0275625376222636
72015	80-84	2	0.0660030163780916	0.077815701707928	0.0726656453642217	0.080164351379451	0.0639573941824772	0.0588431671955049	0.0452406962218814	0.0424975781856985	0.0443600701569105
72015	85+	2	0.15878881418127	0.130574317627889	0.117749820778603	0.121824292166853	0.119541773002521	0.135946981139491	0.122143647542333	0.117225872232909	0.099696770764015
72017	0-4	2	0.00254088095354208	0.00237050194672632	0.00200253683349319	0.00247358082587274	0.00142540065004882	0.00126104670373717	0.00129121642515961	0.00127473381209179	0.00140135969790517
72017	5-9	2	0.000140645992435851	0.00014286530952355	0.000133289955551889	0.000130086046397403	0.000107155942722443	9.96368209547402e-05	9.12166138069524e-05	8.1669487998887e-05	8.30092560936693e-05
72017	10-14	2	0.000163365136550443	0.000173290097893267	0.000154705519187925	0.000151725093467115	0.000131218830183965	0.000127650630851735	0.000111381734770488	0.000104503710663566	0.000101488847634213
72017	15-19	2	0.000528874038595814	0.000491133183789624	0.000571642714854552	0.000476672468166869	0.000454046406323283	0.000401494851081157	0.000368372344960131	0.000318833117701663	0.000372852154402577
72017	20-24	2	0.000936972146676741	0.000975216730628161	0.00106476875486893	0.000889687594464963	0.000720675364317064	0.00094704839727465	0.00068341769975101	0.000569262780488278	0.000581151928936183
72017	25-29	2	0.00114502126032864	0.00110634525018706	0.00120603226967944	0.00121110590817443	0.000948792271451638	0.000890414314991754	0.000811572624961452	0.000802844051117395	0.000715012549276142
72017	30-34	2	0.00143627409717418	0.00145789476453768	0.00158690335761607	0.00126787765323859	0.00123704717807992	0.00110154223687549	0.00102990722100029	0.000903207280061024	0.000914678559055525
72017	35-39	2	0.00168646469992158	0.002005190597285	0.0018181822266396	0.00178471484722294	0.00145678604853007	0.00139670770077956	0.00122302815778703	0.00101014114165229	0.00118656779626252
72017	40-44	2	0.00239970517447156	0.00222189849516983	0.00214246931607833	0.00253162205701932	0.00175568085739858	0.00159834168158365	0.00147762771213124	0.00139626196668526	0.00138328139671019
72017	45-49	2	0.00374021043945095	0.0028167470124331	0.0035517838083171	0.00323110509077069	0.00267467537331894	0.00225418979321934	0.00227358826822833	0.00171315440938064	0.00159003625178195
72017	50-54	2	0.00487361488909064	0.00426778031455143	0.00472197787260025	0.00395984857913846	0.00350962684768925	0.00308822592850613	0.003149839846451	0.00294649731092022	0.00314289699156171
72017	55-59	2	0.00820928186440532	0.00730402161846825	0.00705537724724857	0.00599938603413097	0.00498490132402042	0.00523725301383378	0.00560202345918685	0.00409130329746078	0.00419681691811011
72017	60-64	2	0.0136324018685827	0.0112593154444365	0.0106679002737515	0.0124089834502578	0.00840048319591658	0.00674012381983185	0.00592057089556681	0.00625041319151478	0.00706691982093456
72017	65-69	2	0.0167543461546831	0.0161267761631626	0.0148517469783561	0.0114844133156131	0.0110033563644656	0.0121193554106677	0.00896870838704997	0.00837924611256266	0.00807726481171134
72017	70-74	2	0.0278651116216296	0.0251098355056181	0.0188673587160565	0.0262164932983944	0.0241423481650406	0.0162634754167595	0.0149484675221119	0.0136850265777103	0.0133328470627836
72017	75-79	2	0.0412327226128124	0.0338422360179591	0.0340308955247363	0.0361358036171266	0.0322943414192148	0.0265682098442735	0.0260023802258989	0.0221060942965838	0.0245529465427647
72017	80-84	2	0.0707556221636476	0.0707233263542929	0.0598512625390388	0.0720611133692743	0.0620514579428354	0.0505666230139764	0.0506050063521368	0.0408960627176383	0.042215393249722
72017	85+	2	0.143204264928973	0.142368366208869	0.146507796653043	0.158868119431684	0.123058587073693	0.11429003093196	0.114443179566408	0.110590427471119	0.0889323488181039
72019	0-4	2	0.00267093680433124	0.00222238102027744	0.00259951711192489	0.0022752883701068	0.00174842928900086	0.00173288620572988	0.00138177182263727	0.000992125034070442	0.00135379760128978
72019	5-9	2	0.000139584390459061	0.000141459812414394	0.000144187093810099	0.000117153205911314	0.000101682591091617	9.48825877906795e-05	9.55215080281239e-05	8.94564353386693e-05	7.88564383741345e-05
72019	10-14	2	0.000154170350369729	0.000150027617815802	0.000146436083725695	0.000156224272046219	0.000129589718516674	0.000126535149461631	0.000106127465740816	9.5020509387028e-05	9.62723721535657e-05
72019	15-19	2	0.000567345445866731	0.000586138519699682	0.00046869035215073	0.000452274144227072	0.000412202950057031	0.000354461006940788	0.000328577240579674	0.000300675383045299	0.000320395126232073
72019	20-24	2	0.00107310195488183	0.000931609144117177	0.000874324938769038	0.000789579389797911	0.000719183462860999	0.000675581635361829	0.00062460776450989	0.000597045764211189	0.000615562233576427
72019	25-29	2	0.00129713637856098	0.00120740748950928	0.00108892384588251	0.0010164304508297	0.00097958400486846	0.000872247848626221	0.000837048801174303	0.000705878844156236	0.000775195208116511
72019	30-34	2	0.00127372383578882	0.00115442594829423	0.00123743215549886	0.00129730719198806	0.00124743628798336	0.00110170988136533	0.000918313297022584	0.000880270719237061	0.000992988149671952
72019	35-39	2	0.00172225161376465	0.00167297268652817	0.00157421073553123	0.00169646006701716	0.00113855255887794	0.00137530237447565	0.00115258770608466	0.00123888532935234	0.000967190183633661
72019	40-44	2	0.00211005892031473	0.00233620109424066	0.00196677727116395	0.00230269812748512	0.0017143281227675	0.0017188157637115	0.00149041383858767	0.00142210330333952	0.00130796720425597
72019	45-49	2	0.00264870807205747	0.00269433508072043	0.00244189581306035	0.00328688559327798	0.00303913786217496	0.00192903071191145	0.00177307030124091	0.00206462602079727	0.00160921654347832
72019	50-54	2	0.00405915437385968	0.00426943799420924	0.00419009968347447	0.00395853625183154	0.00347284543861032	0.00323454617829541	0.00251671281963157	0.00254773155780151	0.00221129752007757
72019	55-59	2	0.0079906412002923	0.00763650763197626	0.00551017057294663	0.00636523062119399	0.00636784713945631	0.00505482725547141	0.00444733090969155	0.00346445923882109	0.00327708184642428
72019	60-64	2	0.00833329241614513	0.00988784349959218	0.00954355828756329	0.00840432020363323	0.00861611032594084	0.0081566905234538	0.00619268678622671	0.00542745343853059	0.00506770811884755
72019	65-69	2	0.0146303051614271	0.0174326915649961	0.0131922621417601	0.0135590701188467	0.0102474049064519	0.00922800263298571	0.00942648322859215	0.00783073999104899	0.00729664648680645
72019	70-74	2	0.027610558384647	0.0233507616360323	0.0200942741139008	0.0247671479006999	0.0227143679131878	0.0172223612158127	0.0163137240337538	0.0114980905430627	0.0113428938308877
72019	75-79	2	0.0419927034211535	0.0367098563653959	0.0336894352014391	0.0448938717260379	0.0305034896815452	0.026046884200738	0.0281664933440279	0.0211403902476377	0.0224772471278455
72019	80-84	2	0.0697250603861161	0.0808229515132941	0.0673804396934239	0.0670147332856402	0.0492610441311218	0.0462541229867332	0.0454207365106932	0.0369420319816702	0.0356739528660822
72019	85+	2	0.144553662662674	0.141951776703988	0.141677422837913	0.133357448220723	0.129510724156052	0.10491710634558	0.119751891603172	0.0912284201016725	0.0918542970384808
72021	0-4	2	0.00290593006964606	0.00228245648842687	0.00256796032846745	0.00251020428079667	0.00165100228119356	0.0015025369104696	0.00159448242071488	0.000955448275838072	0.00115031395114313
72021	5-9	2	0.000156676245083411	0.000144268301700276	0.000133262939702078	0.000121997553685274	0.000104847122389763	0.000100435944112539	9.51678335897368e-05	8.02245599644551e-05	8.65050398505605e-05
72021	10-14	2	0.00015826393457907	0.000183009215046852	0.000148318394116658	0.000158890597155071	0.000138732562388808	0.000118717826662496	0.000103235976008422	9.18703079513533e-05	0.000102611692936234
72021	15-19	2	0.000410862111242416	0.000377215943959234	0.000392541052156744	0.000439059420818063	0.000440724102854339	0.000328939722213058	0.000311700092853182	0.000262904631388651	0.000257858001997601
72021	20-24	2	0.000626443186391244	0.000657398105619183	0.00076050269358111	0.000748865702932211	0.000543726952130642	0.000682879495227556	0.000505033786739086	0.000489884261043205	0.000466971883838084
72021	25-29	2	0.000966261294855573	0.00100707474781035	0.000977348794516258	0.000985002206482899	0.000689199763652702	0.000709972074959903	0.000635321180376537	0.00054080880171631	0.000713214464255616
72021	30-34	2	0.000961061467321826	0.00103967088129825	0.00130150587931673	0.00120313750437309	0.000919661109213216	0.000874311260681243	0.000770310307881855	0.000874610310417656	0.000717870567341752
72021	35-39	2	0.00130624608426889	0.00116111425131952	0.00144294489401091	0.00170486693136917	0.00127880867392436	0.0012900406425809	0.000991181622193918	0.00107901333352412	0.00133650569647486
72021	40-44	2	0.00190783975995575	0.00151260040864723	0.00190032073848246	0.00203724840965809	0.00180963512604805	0.0016525734191671	0.00147700398852781	0.00140025982223027	0.00164612223419169
72021	45-49	2	0.00239458232158202	0.00203294243008092	0.00230104044307668	0.00274176202014976	0.00262667960870371	0.00264810620626926	0.00207239842092913	0.00178508822111506	0.00185599470238003
72021	50-54	2	0.00396717779696342	0.00365633739209051	0.00327253093881557	0.00371821764445177	0.00345182742385822	0.00309649957592406	0.00300418384479872	0.00286806006264497	0.00330082376954445
72021	55-59	2	0.00559290628538527	0.0054943136643067	0.0051686572304864	0.00485727646357769	0.0052150991117782	0.00464446425424316	0.0045808792560547	0.00430799103671499	0.00400299758674985
72021	60-64	2	0.00935039651324952	0.00884295715315818	0.00708674059015265	0.0076322375990137	0.00744850166208651	0.00678525787786888	0.00667891965721639	0.00601446676413862	0.0067298424989576
72021	65-69	2	0.015997726595905	0.0140618341101084	0.0118884839291532	0.0125214781040322	0.0116137481291255	0.0103428740989569	0.00956424302221344	0.00922507987901697	0.00843395983028999
72021	70-74	2	0.0281978984254535	0.0227845983390681	0.0217804233224467	0.0205080071538084	0.0174379768055732	0.0170002887040141	0.0139549547772076	0.0134401784737018	0.0133451403071788
72021	75-79	2	0.0407180699372256	0.0385688875634884	0.0342469611260284	0.0342172390957957	0.0298702067016137	0.0270279664328919	0.0236990731256251	0.0218426339793267	0.0205088448566285
72021	80-84	2	0.0754707509304677	0.0733435387946533	0.0623711502472841	0.0649614823178991	0.0553456011955023	0.0469893287615929	0.0461274279849953	0.0393866947733059	0.0393536011353462
72021	85+	2	0.151904853254107	0.151904487643924	0.132324988749501	0.144215150824114	0.123770810191384	0.121497772982778	0.120817782195835	0.100742226151794	0.099771342182312
72023	0-4	2	0.00235491435413663	0.00179780552172032	0.00169970371572375	0.00197034643564941	0.00156640490117662	0.00138030733288614	0.00176601769204856	0.000956203280893891	0.00123533924858703
72023	5-9	2	0.000117821483075453	0.000114709931258626	0.000117146438707297	0.000113788908139156	9.42188474998313e-05	9.18394758865395e-05	8.06761131292324e-05	7.22472781611928e-05	7.36169246711679e-05
72023	10-14	2	0.00015631482566211	0.000166097215547798	0.000148350497312761	0.000151498336553214	0.000120208308415307	0.000106575866545752	0.00010740877852156	9.67606540272817e-05	8.96286714399715e-05
72023	15-19	2	0.00044935963207855	0.00048982763781266	0.000478548277673583	0.000470512065610758	0.000366946737167804	0.000340017040831946	0.000340383540133556	0.000284759744280807	0.000293145526592713
72023	20-24	2	0.000875026260517909	0.000839006430797695	0.000809739980733136	0.000728053462494427	0.000666864219625426	0.000613460504291465	0.000589688991138381	0.000498047938671626	0.000505726184807933
72023	25-29	2	0.0010396148748805	0.000947845973469403	0.00101630749796516	0.000924207328588108	0.000819589340411431	0.00078806111692616	0.000826353498375809	0.000731250913596393	0.000652303428537302
72023	30-34	2	0.00114349634658729	0.00121327502723492	0.00113300918529953	0.00117023353700996	0.00117685551386413	0.000860394282119282	0.000792299728200768	0.000821951038177368	0.00074003603408257
72023	35-39	2	0.00154861287778485	0.00145123326744929	0.00149531907500066	0.00162479573940331	0.00130219506189443	0.00102005798935857	0.000986337418428126	0.00105871424723839	0.00108221532015117
72023	40-44	2	0.00188784421960069	0.0017481968457043	0.00214519219367028	0.0018290968175959	0.00135047905466269	0.00146783574740546	0.0013179036042639	0.0010627245298568	0.0010546572022811
72023	45-49	2	0.00291978175739704	0.002616917077058	0.0023784609933381	0.00252876583262286	0.00210546489667609	0.0020345719281898	0.00191649515050796	0.00170792226490532	0.00152094171551273
72023	50-54	2	0.00420486680276807	0.00410492702049437	0.00346329293066839	0.00310300252199297	0.00336873007717231	0.00338639802136976	0.00283387975187008	0.0023434586409556	0.00288719915458278
72023	55-59	2	0.00559450045997026	0.00565169388681426	0.00582108270959196	0.00493455177887726	0.00510301238281232	0.00445614101792774	0.00408581237901461	0.00366561218377594	0.00367325388886677
72023	60-64	2	0.0106102785557067	0.00935999385745621	0.00943841932544439	0.00690682345118663	0.00718119752308641	0.00745112430617032	0.00625860027677736	0.00484670301896026	0.00610948953639438
72023	65-69	2	0.0162248945373806	0.0141803350923319	0.0126688847714165	0.013804693885935	0.0123937616251645	0.0106185730105656	0.00932914909813556	0.00730743572808311	0.00877454894097002
72023	70-74	2	0.030370483071396	0.027360966413283	0.020332661937723	0.0216509334682997	0.0176466655543331	0.0174305330659514	0.0165014998653844	0.013097329681995	0.0138607407228978
72023	75-79	2	0.042597121887304	0.0358066465874466	0.0326507567123255	0.0329293589113077	0.0293453276137492	0.0257732033206308	0.0262677524491117	0.0225847821661248	0.0245781021869427
72023	80-84	2	0.078408054507725	0.0732582781399877	0.0710262586311603	0.0694509940127863	0.0526336030319044	0.0584225709747289	0.0401051641576246	0.0446015750772259	0.0405490142491853
72023	85+	2	0.133722603375521	0.122727355952288	0.131729184925408	0.149827770314925	0.126891443632073	0.109168848162417	0.109447341823204	0.102409521249802	0.0991921792261858
72025	0-4	2	0.00309269221380535	0.0025725254522135	0.00253992079695421	0.00220220930085596	0.00171300574123266	0.00180698250413178	0.00155839323167799	0.00131260622877965	0.00133167593067055
72025	5-9	2	0.000171764770048309	0.000123454296733636	0.000121854715259009	0.000129305618279541	0.000104891741722332	9.88354260682037e-05	9.26361704994678e-05	7.73633238123409e-05	8.339822436875e-05
72025	10-14	2	0.000193422192011258	0.000175785135335659	0.000161410383493978	0.000153516454030256	0.000130875305607553	0.000128512571088308	0.000130747470207235	9.69708204922116e-05	0.000100007367618635
72025	15-19	2	0.000485910894322739	0.000429560673374912	0.000429884027700871	0.000498919181539847	0.000329028809412273	0.000377419538711264	0.000362314329028742	0.000335040765560787	0.000302716115822014
72025	20-24	2	0.00080777256797603	0.000811468340958254	0.000743840184693221	0.000812005098523025	0.000684243599247461	0.000696932078754562	0.000538168013385066	0.000612440870002288	0.000639009763659691
72025	25-29	2	0.000895919362261357	0.000978263035165299	0.0012170490028755	0.0010006594568719	0.000965857556206956	0.000797481748936189	0.000694800062011241	0.00059497012003367	0.000601579068591292
72025	30-34	2	0.00112691669318779	0.00117259004319468	0.00182171269677725	0.00159516986683834	0.000915025527173146	0.000831653988214916	0.000967713899261201	0.000866388695852253	0.000927743429576479
72025	35-39	2	0.00127256560944099	0.00165192571744766	0.00174868418445929	0.00179922381311432	0.00138238830833341	0.00122059422859475	0.00104555795821998	0.000979599085533553	0.0012005795965147
72025	40-44	2	0.0019272838773023	0.0016400972255143	0.00183053371679111	0.00179664754425431	0.00154084262455104	0.00158431106863359	0.00138602223394847	0.00135085796454409	0.00154827373078354
72025	45-49	2	0.00272411805306288	0.00225276404926259	0.00301889184091079	0.00261098813664351	0.00226520550555714	0.0022235280962888	0.00211361979040497	0.00161226282621899	0.001920160198731
72025	50-54	2	0.00422141749022103	0.00355833122521406	0.00386081597320732	0.00360492984005909	0.00347126511098505	0.00270417671251042	0.00302848107112194	0.00257455373810068	0.00274916532439544
72025	55-59	2	0.00620262453149223	0.00631617606555128	0.00636059516205049	0.00523546738963152	0.00589265357629191	0.00413070904383003	0.00481262746678893	0.0031880754575085	0.00387533853656929
72025	60-64	2	0.00999344754298389	0.0103572700726785	0.00927538686243469	0.00927128491396163	0.00704582810406375	0.00696277454171755	0.00702476865701723	0.00478234704689549	0.00590379693644606
72025	65-69	2	0.0131212287749165	0.0133541588200312	0.0119810759322669	0.0138245714879821	0.011494973647862	0.010729469479446	0.00933699191773485	0.00866205409464992	0.0100532083960914
72025	70-74	2	0.0275528397428182	0.0263772070458298	0.0238232812587589	0.0212320050396021	0.0204465938741361	0.0173060913196761	0.0151679491665799	0.0135572526210588	0.0134696910631625
72025	75-79	2	0.0411091599948908	0.0410395647428723	0.0382465264855526	0.0357625111322803	0.032556963649607	0.0245617936095966	0.0227589331356771	0.0222810594543243	0.0233272490257407
72025	80-84	2	0.064982203679284	0.0590135649961152	0.069882701931849	0.0652494482839391	0.0538437923922589	0.0488887623696229	0.0489578574914061	0.0407286001297887	0.0412390297656595
72025	85+	2	0.139845630416405	0.139506751492048	0.130599987227288	0.137960999517286	0.119924922192439	0.10788757879083	0.116148698001448	0.108150695092601	0.103303006750925
72027	0-4	2	0.00233116117155703	0.00206016812063884	0.00197879935002878	0.00162543537986006	0.00118085286386294	0.00137647373194389	0.00118392701242021	0.00116101150288883	0.00106229473973513
72027	5-9	2	0.000121642658417753	0.000123533333546122	0.000115086761863735	0.000111584360790801	9.6778204590362e-05	9.47710721285794e-05	8.29465269480117e-05	7.44715234777348e-05	7.5612642757457e-05
72027	10-14	2	0.000147557744971941	0.000142845483907718	0.000146040577402173	0.00014240943364489	0.000123741545120632	0.000110080157157753	0.000105731711162924	9.08296195778349e-05	9.2248587088965e-05
72027	15-19	2	0.000468192213077609	0.000456677320731253	0.000485837142908281	0.000472559628881106	0.000381734990651001	0.000356340199551729	0.000328535506120616	0.000286638078938415	0.000292960833836449
72027	20-24	2	0.000830310691683278	0.000862396130296291	0.000832527451239818	0.000769703512463532	0.000761101078267504	0.000680588502361894	0.000578086607964847	0.000505697391557826	0.000538597999625442
72027	25-29	2	0.00108421025551786	0.000966067437626257	0.00100700855971754	0.000972016979182309	0.000831742306536884	0.000759306721909783	0.000816749368073641	0.000803167780654602	0.000687789435031019
72027	30-34	2	0.00134538882089882	0.00135522636369103	0.00117183207025665	0.001030178169851	0.000910932635174611	0.000970899199777803	0.000920394238876009	0.000780452716984336	0.000951345109438058
72027	35-39	2	0.00153666735266548	0.00160287949018661	0.00184738047744346	0.00140866972284272	0.0012520107697898	0.0011596054158098	0.00120402836990686	0.00108064068306701	0.00118615160721163
72027	40-44	2	0.00190240013241283	0.0021906876845601	0.00193044455423172	0.00215233409333857	0.0016843853487873	0.00147191702056985	0.00126384922364404	0.0011886512306055	0.00134679766812078
72027	45-49	2	0.00326829583018059	0.00290137449124013	0.00253532948591361	0.00263983527869523	0.00231549513733008	0.00193995462614521	0.00174303995411618	0.00178648568565077	0.00152915436126195
72027	50-54	2	0.00530814015747538	0.00421221112198255	0.00401739900544784	0.00411149063210029	0.00325421402358287	0.00334015416432609	0.0029427714058469	0.00220016419087976	0.00237016222197762
72027	55-59	2	0.00537468811927491	0.00600181827625777	0.00639129140702443	0.00592734332142101	0.0045293480593727	0.00401821755017504	0.00385478969360661	0.00397845120851465	0.00298193000782501
72027	60-64	2	0.00999292844274116	0.00954216044039987	0.0102863964323647	0.0104349601470123	0.0084867947552568	0.00824549004425387	0.00641564582976578	0.00585584391327637	0.00535337611975612
72027	65-69	2	0.0149690728927115	0.0159839458042337	0.0161125256479523	0.0137486947189154	0.0126986453664071	0.0112733330362477	0.0111729860140323	0.00924449622251431	0.0106197741714424
72027	70-74	2	0.0291411162623285	0.0259213041447543	0.022579845809482	0.0201735824037503	0.0214350807543196	0.017338700925791	0.0168260135398166	0.0120469581261957	0.0130428624430536
72027	75-79	2	0.0314221645457472	0.0360943326731467	0.044819924648312	0.0315092419429441	0.037591474748587	0.0259716258468291	0.0276643088778369	0.0231646862403985	0.0234137167621943
72027	80-84	2	0.0675799591904215	0.0572281697232913	0.0643737350479236	0.0606193865164082	0.0524209811994527	0.0535016682002168	0.0445541298586501	0.0410457067754791	0.0357178569778691
72027	85+	2	0.174621954500388	0.151881772129472	0.139680838767131	0.130947349650762	0.123473649163234	0.130458894205204	0.115110601691387	0.116850764957979	0.114566058618457
72029	0-4	2	0.00290787612849007	0.00263852706795707	0.00277327576277988	0.00202219556727992	0.00181336312069658	0.00168951110323852	0.00150350060024114	0.00110746762092287	0.00130824704990493
72029	5-9	2	0.000145301437055694	0.000148749188266132	0.000139362729883705	0.000141685956041206	0.000122977894579341	0.00010479549025984	0.000105565492125499	8.66912700012785e-05	8.83077714721111e-05
72029	10-14	2	0.000191888262907645	0.000171504265141963	0.000200451404693075	0.00017154713415463	0.000142714732703269	0.000126998749531321	0.000116786941125387	0.000105528709291495	0.000107260148394254
72029	15-19	2	0.000554878613319676	0.000605871371355758	0.000510994937934281	0.000521574557174841	0.000498700982205118	0.000463010105314374	0.000414772237493169	0.000336762149414028	0.000345593942239102
72029	20-24	2	0.000953831478507022	0.000886536780346343	0.000861042329520959	0.000899058823877237	0.000913347508834164	0.000785950133891168	0.000627428830196382	0.000737200619906926	0.000718858685086677
72029	25-29	2	0.00104959746143681	0.00114295890550313	0.00124875976482964	0.00120627520334571	0.00108609865688875	0.000941250585640113	0.000811249786063087	0.000863901690224015	0.000855431619577671
72029	30-34	2	0.00156416036315143	0.00157326523459535	0.00171757690260832	0.00144891302560574	0.00116993996748959	0.00102557027395021	0.0011120847438829	0.000980546161348382	0.00110013702739371
72029	35-39	2	0.00166290388162851	0.00151143794573848	0.00158455771202751	0.00200108133987946	0.00148723581013497	0.00129169393837663	0.00120730335643192	0.00129007897389726	0.00112498140396816
72029	40-44	2	0.00211317103939599	0.00238007005625169	0.00235450241085963	0.00231196903618724	0.00181909938551836	0.00179624609065785	0.00156314387189123	0.00146915873335149	0.00156277049396277
72029	45-49	2	0.00320336114452838	0.00288118931887117	0.00298189139297647	0.00322773065146976	0.00295730358232841	0.00241988551133664	0.00238540515825393	0.00238156323827637	0.00217159864679773
72029	50-54	2	0.00408112061893628	0.00441458688034728	0.0045362296206425	0.00460554417556821	0.00349229976953446	0.00379491793319975	0.00302763454872979	0.00309952068596339	0.00319270385245979
72029	55-59	2	0.00685846422681825	0.00671570969420507	0.00586157597833998	0.00733448439190641	0.00705043444508941	0.00547975372445118	0.00407856052732804	0.00508887711256311	0.00376978867769207
72029	60-64	2	0.0100487688710213	0.0119449696387459	0.00958096929800836	0.0101493685723544	0.00954364804242515	0.00750991266780644	0.00683440041842837	0.00637525005839725	0.00698914923323664
72029	65-69	2	0.0123574381899094	0.0152105055917051	0.0172230237744041	0.0176948747017287	0.0136972206897169	0.0108365187257885	0.0115111085090933	0.010215248431374	0.009991722556065
72029	70-74	2	0.0261592904016523	0.0279808540213653	0.0252225967348385	0.0274299494128858	0.0217916907965325	0.0195242751684643	0.0186407228294422	0.0148725603944677	0.0159393288486836
72029	75-79	2	0.0333811621119782	0.0441424631616685	0.0382500833519837	0.04058947854352	0.0323694435975339	0.0290223571259651	0.0283165983683038	0.0233343441282873	0.0206122115185125
72029	80-84	2	0.0699637419041999	0.0652379971901871	0.0664598056451445	0.0824444072477987	0.0643431088086965	0.0496062831974142	0.0546183264232599	0.0496029402593537	0.0475302959302941
72029	85+	2	0.157445832145665	0.154125387058054	0.128430043025367	0.146211102403359	0.113335406367098	0.107006014023012	0.11888993756705	0.0996929467635764	0.101127072325589
72031	0-4	2	0.00263445076907245	0.00242049436496473	0.00246215725407335	0.00197425016789413	0.00164025597344753	0.00163718745651266	0.00147939897049268	0.00107468809525465	0.00103308991045738
72031	5-9	2	0.000137625110164132	0.0001227929521001	0.000142788233116944	0.000115235803974599	0.00010214287709093	0.00011011960562017	9.15326518840757e-05	8.0026826555888e-05	7.51085663345819e-05
72031	10-14	2	0.000155978811964076	0.00016466637775692	0.000142054106593035	0.000152780363146823	0.00013194622526563	0.000120168881026951	9.96618802805885e-05	0.000100251418854796	9.41577529137589e-05
72031	15-19	2	0.000409103729837838	0.000423616934136406	0.000516416527573541	0.000456296274082081	0.000375376870048243	0.000414204177330652	0.000298874502118667	0.000308749065215268	0.000273991664079226
72031	20-24	2	0.000706956411033235	0.000721432588946064	0.000775145169543731	0.000762659318822349	0.000638210960019124	0.000510527664035151	0.000601243052975667	0.000547671833126957	0.000457573307378161
72031	25-29	2	0.000740100422059513	0.000844480453625897	0.00100576028566392	0.00095568540417468	0.000714082266951929	0.000639516510628977	0.00070883053988299	0.000626074475548856	0.00063666720155553
72031	30-34	2	0.00102181056348402	0.00128169367416167	0.00150833910116723	0.00114623853233888	0.000791933954935757	0.000990986124117249	0.000828033318251166	0.000801083305809875	0.000718957152513892
72031	35-39	2	0.00112974794992467	0.00134139688273865	0.0016402177477111	0.00167238201904615	0.00113284344821533	0.00103295882679671	0.00126800277034388	0.000985230554728188	0.000851400606637033
72031	40-44	2	0.00175259564903618	0.00180679190759886	0.0019597364088845	0.0023076857398402	0.00173642878230858	0.00171216206084463	0.00121359239965597	0.00123541885026071	0.00127447463710559
72031	45-49	2	0.00245815998023403	0.00217635005891362	0.00251815233517052	0.0027407328575398	0.00261116573244028	0.00243739088883067	0.00177178683904433	0.00199663452790132	0.00146031623812271
72031	50-54	2	0.00422789415450136	0.00307048922386925	0.00379555214543587	0.00317189217719967	0.00327601815197483	0.00312796304182326	0.00373761890936226	0.00266295436709257	0.00272592217485294
72031	55-59	2	0.0058202143069713	0.00524159119775946	0.00523317581957875	0.00467526618812241	0.0049769426129066	0.00445178194448771	0.0042995976185702	0.0034512891701526	0.00440410877079353
72031	60-64	2	0.00946194890280065	0.00833603861470124	0.00836662984565374	0.0078951633274505	0.00764860341476378	0.00704952870584319	0.00676920649718201	0.00591010311237632	0.00617826983820902
72031	65-69	2	0.0124004478810709	0.0138964072128243	0.0142353350838655	0.0122547015770462	0.0118909469907722	0.0104690013893629	0.00868432455475929	0.00888015599334582	0.00811259441856376
72031	70-74	2	0.0235587932170635	0.0241302761029776	0.0232327790722854	0.0206548421941577	0.0184290169213037	0.017010918254852	0.0146460874276223	0.0119947504511778	0.0135840525754216
72031	75-79	2	0.0368801834090223	0.0369319685209867	0.0386611499212535	0.0327663036103392	0.0280810286042189	0.0258937708757865	0.0252965719644698	0.0214038082845499	0.0223930626004265
72031	80-84	2	0.0593964335945255	0.0585577530739766	0.0588408178357916	0.0675136355441136	0.056786110933841	0.0489147310161786	0.0408581087286817	0.0359286589564404	0.0380108146231182
72031	85+	2	0.133638063480864	0.129612297042595	0.134342123440322	0.129162436601376	0.120063862777313	0.108709653942469	0.121289755626017	0.0994860354620351	0.0950973919932488
72033	0-4	2	0.00364386535812932	0.00272043196079266	0.00274358020753864	0.00293999697186737	0.00196201854471304	0.00199517849440117	0.00158216236361358	0.00146141491089151	0.00150252536574725
72033	5-9	2	0.000162278829179965	0.000155864560315087	0.000159488202504956	0.000149756846409613	0.000130529521334656	0.00013381445196685	0.000111823693664014	0.000100557682241082	0.000107186496273113
72033	10-14	2	0.000223763493072991	0.00020672312530644	0.000185521102135166	0.000190157770403809	0.000158613524629288	0.000148485611133659	0.000136147256353747	0.000134763036010384	0.000137207485682328
72033	15-19	2	0.000671507774574751	0.000657127964718739	0.000647793548883572	0.000586449685459212	0.000521042453744678	0.000473429256665746	0.000460464503583606	0.000461175550573552	0.000435716831309155
72033	20-24	2	0.00105707155874959	0.0011338060976013	0.00119708418561294	0.0011134538012328	0.000925584980291479	0.000815253985892645	0.000764120313035556	0.000713060264743225	0.000796471985478512
72033	25-29	2	0.00142096952874986	0.00144588950382211	0.00175811191158565	0.0014951968526869	0.00129158757076834	0.00134121623614729	0.00093505571989289	0.00101991650763036	0.001007471938707
72033	30-34	2	0.00180553069179799	0.00171575128998834	0.00203470978684982	0.00226161064769139	0.00143762517487919	0.00158644899276732	0.00122960780724703	0.0010233389363671	0.00104465328814113
72033	35-39	2	0.00201025606793045	0.00199280752630231	0.0024361610733578	0.00213194109912865	0.00188488798731041	0.0017875902778368	0.00149826565184071	0.00142970438924188	0.00153238313818879
72033	40-44	2	0.0026500778530335	0.00275106468129301	0.00279362395310422	0.00278218005924646	0.00211049954537212	0.00216815863300186	0.00197072092154831	0.00166417422351263	0.00167250070643463
72033	45-49	2	0.00370720596114018	0.00350313527465012	0.00390254107412158	0.00363482426644581	0.00342896056537525	0.00279741627240159	0.00251926858881261	0.00230865180271143	0.00222648556720795
72033	50-54	2	0.00623542718630661	0.00470367800291115	0.00494932481128419	0.00443245258035011	0.00411210464907237	0.00393611444501901	0.00404547175184772	0.00339632162708039	0.00330671932085649
72033	55-59	2	0.00875184187004826	0.00833428129053449	0.0065429668003796	0.00831811132043312	0.0059228451109546	0.00508156789227654	0.00470498432058465	0.00594690075208588	0.00554603332834484
72033	60-64	2	0.0153710974107331	0.014126723123172	0.0104477819362761	0.0113310939756819	0.0114944177364667	0.00843133262132602	0.00864154178679687	0.00894343124380714	0.008334550219693
72033	65-69	2	0.0202791913099089	0.0164126739322674	0.0168082306535315	0.0147298634212595	0.0148134110250533	0.0141383681413748	0.0106898829957578	0.00989160187379512	0.00998717187821695
72033	70-74	2	0.0346752584708339	0.0321984459772618	0.0259053838929492	0.0259998075814321	0.0216247772204685	0.020135015243971	0.0204607412215204	0.0151828186008002	0.0149075358154756
72033	75-79	2	0.0433087874202092	0.0376435052299033	0.0416262498423385	0.0361431176244067	0.034920119895553	0.026519795265739	0.0280076390446648	0.0220342765636073	0.0213107037708828
72033	80-84	2	0.0848184886257142	0.0625580375631913	0.0614774621230075	0.0685715316506908	0.065524579522436	0.045868128242756	0.0376654311343558	0.0361174851951679	0.0397587263457229
72033	85+	2	0.151459705643143	0.146293332031682	0.144570842399533	0.133606186152977	0.118018252085474	0.116331248501014	0.105632929368687	0.0911605830695971	0.0987465108269852
72035	0-4	2	0.0033943137142228	0.00299385565211531	0.0027662416257052	0.00229931555148583	0.00141777619531325	0.00166614370894641	0.00152520739421956	0.00101772025573802	0.00134492945275957
72035	5-9	2	0.000141590180710811	0.000126128646740571	0.00012340700895907	0.000138000900854154	0.000109621179168042	0.000102666030439917	9.42978665672071e-05	8.06088706217823e-05	8.20448413978297e-05
72035	10-14	2	0.000162534741713504	0.000165522953641643	0.000155416494020514	0.000145900015254466	0.000132964319780211	0.000136186286564676	0.00010931623837726	9.83158302946705e-05	9.9876852636645e-05
72035	15-19	2	0.000535128164026616	0.000522329343252153	0.000478866961571838	0.000475909943250908	0.000393885255190273	0.000419247178742342	0.000333424311697825	0.000317686489754814	0.000326855384496833
72035	20-24	2	0.000924216653135223	0.000880805623573595	0.000833808587867214	0.000728638527798462	0.000678229235261296	0.000627658511216372	0.000632187565977944	0.000552865183203377	0.000588836054010863
72035	25-29	2	0.00104137079162454	0.00120143523527348	0.00117405204607542	0.00118031269828345	0.000815593394055569	0.000852625453811096	0.000943000781157565	0.000696601058057727	0.000693566813919727
72035	30-34	2	0.00121095209936278	0.00123022968154593	0.00169466457484145	0.00190949371811264	0.00113357165268878	0.00101076950803943	0.000923086009475836	0.000871329992856333	0.000944259722953898
72035	35-39	2	0.00188933725634083	0.00162716597864743	0.00173926897015502	0.00190777749175238	0.00159958975062061	0.00139990647783859	0.000989072482920955	0.0010451650907346	0.00103927824886586
72035	40-44	2	0.00248441942243777	0.0020790928251119	0.00234689056703385	0.00232707405616684	0.00164960469110619	0.00159894138330487	0.0015575514431741	0.00151372779671409	0.00139928373254936
72035	45-49	2	0.00364357645065045	0.00309039330598225	0.00281185490928093	0.00222856998961646	0.00224400826915136	0.00227308002004337	0.00215136475657464	0.0019934372031213	0.00193125318160637
72035	50-54	2	0.00458540996666179	0.00394999212189497	0.00458893744858183	0.00400180786638289	0.00388013657531725	0.00272718113038441	0.00309176998452329	0.00283290660694695	0.00247196795055132
72035	55-59	2	0.0073623892827104	0.00765534862707412	0.0062278662442517	0.00500199045973886	0.00529200265465361	0.00434633739452186	0.00395362628830457	0.00372572677234326	0.00390889171581392
72035	60-64	2	0.0103367235597004	0.0115462275833176	0.00876582908367226	0.0106822617702205	0.00741788858694198	0.00738579190321148	0.00572188308076185	0.00494493155953756	0.00641881292840114
72035	65-69	2	0.0179402266248937	0.0162397459700305	0.0156370494080129	0.012541060100107	0.0100331796920546	0.0118232242920723	0.00890409960634892	0.00897306876391929	0.0065255337525063
72035	70-74	2	0.0301972306970655	0.0265955753378531	0.0249421349755816	0.0267832272262198	0.0214320168647816	0.0179053368667299	0.015114773349676	0.0131216000529039	0.0103436280348338
72035	75-79	2	0.040951717348307	0.0410746848019057	0.0358360098621492	0.03830259969255	0.0355214118956458	0.0289793512831203	0.024834823777962	0.0197960229258146	0.0191478524940583
72035	80-84	2	0.0665025987008517	0.0603331450080966	0.0687794641863397	0.0614875747936858	0.0571817888682981	0.0567086832580053	0.0473111355981702	0.0404099324589624	0.0356097038442007
72035	85+	2	0.150097118764678	0.141760143358106	0.137943307650413	0.146088258444599	0.129774752903039	0.129674076211559	0.135622778686016	0.105338780907866	0.101740813912852
72037	0-4	2	0.00258756946612415	0.00203958919463942	0.00253760613502044	0.00192962317055559	0.00163065774672697	0.00139764294560857	0.00157777154047293	0.00124539853532431	0.00159032618620291
72037	5-9	2	0.000141713659769628	0.00013141734063661	0.000128273109305581	0.000124918641538949	0.000108393360584759	0.000101048994255585	9.27599251231349e-05	8.27179860893649e-05	8.8328450492004e-05
72037	10-14	2	0.00016562169454002	0.000160835383489824	0.00015698451024708	0.000167844933159056	0.000139104333949197	0.000123701439582999	0.000113477485960855	0.000101329100823976	0.000103140978419509
72037	15-19	2	0.000522431479071109	0.000507591039959083	0.000519314319799699	0.000532582215699412	0.000427297012250488	0.000398875908610531	0.000385094925333529	0.000330543894260929	0.000337671945447251
72037	20-24	2	0.00106611545231011	0.000875400606385315	0.000855653937050508	0.00099203362613422	0.000782699697122208	0.000717215968909196	0.00069878787083073	0.000606990043455905	0.000619205398213446
72037	25-29	2	0.00116401410405708	0.00111875053291574	0.00112932669606924	0.00123625347893947	0.000988552628068264	0.000998483371631471	0.000868631392671208	0.000750942466901478	0.000916740903860198
72037	30-34	2	0.00140715788235941	0.00133297173563516	0.00163593843293293	0.00129652486397706	0.00125329105633718	0.00108065933394128	0.00121593481547198	0.000933056624331721	0.000949210259040649
72037	35-39	2	0.00176689795559874	0.0018477522522761	0.0017189490281438	0.00164622345229917	0.00135399425481385	0.00165303654545291	0.00139808340792737	0.00114103975030766	0.00127600010811772
72037	40-44	2	0.00238475579506448	0.00221919581091377	0.00238496940534941	0.00221491757809227	0.00213636019607541	0.00185833723679175	0.0018784816220026	0.0017272136623695	0.00140750249971289
72037	45-49	2	0.00309845025989704	0.00307966120232684	0.00262322198112565	0.00325831923262999	0.00291418364006422	0.00223100408971937	0.00240636660040305	0.0020586555410011	0.00211438181529128
72037	50-54	2	0.00480791723837985	0.00459918122203427	0.00400071743870522	0.00451910698850357	0.00431375942399623	0.00336243687106004	0.00307807996596337	0.00304634743856293	0.00262699148647958
72037	55-59	2	0.00727083527219319	0.00680653165500941	0.00628627679142728	0.00554211488141572	0.00554239042434834	0.00649975087220676	0.00405367041765132	0.00452547349845938	0.00457160050192197
72037	60-64	2	0.0129251628068708	0.0108279397254902	0.00999918146659668	0.0103001197823187	0.00809989661130788	0.00674844030442742	0.00783021421979593	0.00639728364462836	0.00834260411230282
72037	65-69	2	0.0159127972580455	0.0146485148327045	0.0152916567120145	0.0182920472972396	0.0140356624444508	0.0130216098809201	0.00951238811799078	0.00931607461365113	0.00840565281020848
72037	70-74	2	0.0293107957967795	0.0263413029159149	0.0224595904156157	0.0270737028856467	0.0224046596331308	0.0200091497223366	0.0200315259496978	0.0140899048761084	0.0176222939449871
72037	75-79	2	0.0453057270428141	0.0378708221660272	0.03621051301861	0.0369023146072828	0.0262638979139579	0.0263414662278943	0.0271020852101736	0.0212395216575378	0.0259927460949309
72037	80-84	2	0.0525119955434813	0.070996815693598	0.0711078834631889	0.0645477180947864	0.0585132623341298	0.0436218224972986	0.0488619220466568	0.0353849698463456	0.0393763864824206
72037	85+	2	0.150475034303126	0.132213010791887	0.133779630912362	0.103562892381475	0.128611549565384	0.112515712755637	0.115996892940431	0.116320000954006	0.0982719866127738
72039	0-4	2	0.00228386934408737	0.00227346970305355	0.00176737065097806	0.00195924576008813	0.00156253795948301	0.00148111908173968	0.00144911659781991	0.001205923870927	0.00111401925278662
72039	5-9	2	0.000123786721442615	0.000120068362561267	0.000122689917948327	0.000114400524298898	9.93088893537806e-05	9.24690928354259e-05	8.44304937798106e-05	7.90935129986347e-05	7.65392123174811e-05
72039	10-14	2	0.000150735959780033	0.000146492626516814	0.000142933870146356	0.000139397958285144	0.00012682345912085	0.000118268736308156	0.000103279661449401	9.23658800794376e-05	9.36690406251218e-05
72039	15-19	2	0.000469783939141603	0.000525754310499897	0.000515698728500606	0.000459740646494768	0.000402171002411558	0.000393093014368215	0.000346389660447144	0.000299609545463049	0.000319142755538358
72039	20-24	2	0.00091307746526017	0.000891425810765405	0.000837877528483791	0.000927269141289455	0.000781360279266654	0.000675009642541469	0.000649090050677687	0.000544049839275631	0.000580947386120904
72039	25-29	2	0.00114709593586669	0.00105337241333534	0.00111061703855259	0.00101259523249809	0.00093304457972598	0.000906396659882899	0.000740777768751056	0.00076363826119411	0.000686122612676897
72039	30-34	2	0.00129660264822832	0.00128066757479759	0.00119304246626035	0.00142919106094395	0.00123261004600716	0.00103427791580131	0.000911796895182552	0.000943254224322975	0.000840928174282887
72039	35-39	2	0.00175663659477447	0.00160125948059517	0.00165109276949083	0.00163903323949689	0.00134916580550552	0.00140830999449968	0.00122152114535986	0.00105032377743275	0.00102276319722436
72039	40-44	2	0.00199421815542157	0.00214008539398236	0.0020225910792151	0.00195799096521698	0.00171872806696699	0.00171571482109073	0.0014478678315774	0.00140737176457695	0.0011949166802347
72039	45-49	2	0.00290989076842519	0.00289152489623976	0.00284771459270711	0.00267486920231881	0.00231613075081344	0.00207135927847797	0.00209321722071502	0.00175525505644937	0.00214566345549224
72039	50-54	2	0.00426311384120962	0.00471792938149864	0.00405046175911194	0.00366560353453007	0.00314816414097761	0.00310077378760893	0.00319050205950588	0.00271406640105752	0.00270491226748614
72039	55-59	2	0.00755730946359209	0.00661526848957206	0.00570817485752425	0.00677702662807716	0.00511852392705495	0.00451124048231987	0.00378803858771331	0.00322932511626289	0.00406270573214896
72039	60-64	2	0.0100534254510274	0.0104256530548228	0.00890262389252629	0.00821919783857367	0.00719349167636671	0.00726149526842114	0.00521801596861071	0.00478256096523452	0.00500902567442601
72039	65-69	2	0.0156418818719591	0.0128450520935878	0.0130489796815531	0.0173793328231752	0.0118082830138566	0.0119819180058508	0.00822625927984802	0.0087026283004989	0.00647209510515802
72039	70-74	2	0.0257262294142266	0.0259398869728989	0.0243738113920775	0.0214148266084306	0.0211261621748595	0.0153409755624419	0.0158612085496637	0.0141796830041843	0.0119450962274456
72039	75-79	2	0.0338988385997662	0.0436175764869954	0.0382416922900277	0.0369054591363745	0.0315657926738921	0.032166231129639	0.0249091583096579	0.0208219558165078	0.0261594138377271
72039	80-84	2	0.0658224337377622	0.0465267256254187	0.0580987396101008	0.0527499080276792	0.0510677025297764	0.0464949372330252	0.0428794076066994	0.0324919175121111	0.0396234753245567
72039	85+	2	0.128082464776195	0.129621074480418	0.120062781577639	0.123394622812925	0.117987236467787	0.0933420016169501	0.111863340182892	0.0995208633972993	0.0991497805660119
72041	0-4	2	0.00215875667157188	0.00218715923676901	0.00164645164719148	0.0018787895155612	0.00147571453238511	0.00158785452004431	0.00117364925850273	0.00114109601373994	0.00106833365726194
72041	5-9	2	0.000114382584758617	0.000116108199361507	0.000118314060387575	0.000115357857594535	9.57568933701406e-05	8.5585577148055e-05	8.22365653242415e-05	7.05241537237559e-05	7.17375450079181e-05
72041	10-14	2	0.000145406220920356	0.00013482228450578	0.000137344192961905	0.000140093034395014	0.000116415857156501	0.000104007351189166	9.99639361000419e-05	8.60281581862659e-05	8.74447437239602e-05
72041	15-19	2	0.000430890273131008	0.000455659091110791	0.000409800138660216	0.00046519579199509	0.000364868742254292	0.000344694199777729	0.000294953346216592	0.000282342327427387	0.000302207282915259
72041	20-24	2	0.000843764782131998	0.000878003189163565	0.000734194636903692	0.000762408008826182	0.000648238548838084	0.000695184171686174	0.000578620659777624	0.000494601081284788	0.000487016419125444
72041	25-29	2	0.00104494559728441	0.000848922077173801	0.000972952710929121	0.000918136121271269	0.000761130433338396	0.00074321993012038	0.000708668327593998	0.000631738866635144	0.000591912416174566
72041	30-34	2	0.00130719965026594	0.00122427673966984	0.00133173032500535	0.00142000282921549	0.000917063509636373	0.000933734871029512	0.000903766907697677	0.000736606233288168	0.000839361197039818
72041	35-39	2	0.00146290364303288	0.0014012521158394	0.00139119105791735	0.0015512541522739	0.00114706812780669	0.00107880533736844	0.00092225660003165	0.000958849911928605	0.000957308139264971
72041	40-44	2	0.00206249584887342	0.00168388940761164	0.00181822949261825	0.00180085147986099	0.00141192702175662	0.001392281689556	0.00144343875489054	0.00123289452330732	0.00135534146666785
72041	45-49	2	0.00291221499999499	0.00231025882711378	0.00223766627251509	0.00253583069869706	0.00195093089661299	0.00198976095765512	0.00161891467803872	0.00208028726332809	0.00174095462723851
72041	50-54	2	0.00406175754549372	0.00417612826333524	0.0031348278628177	0.00336652035474986	0.00303055360542831	0.00293507742282173	0.0024565401283633	0.00222707435928339	0.00293292137757896
72041	55-59	2	0.00503368731363422	0.00531563466578259	0.00480579551560507	0.00600408753816355	0.00430953562512559	0.00351564826705118	0.00388244099179196	0.00342747196946831	0.00320549284074303
72041	60-64	2	0.00940330247059291	0.00875574864335726	0.00803667423376589	0.00685008156050617	0.00747795461036083	0.00667576980964348	0.0046971343731697	0.00428042839979056	0.0052902460309925
72041	65-69	2	0.0144242543612487	0.0155494352185299	0.0153206828166621	0.0112055938052628	0.0101666847527578	0.0102335091400632	0.00954002643328548	0.00838481418947163	0.0071788683764046
72041	70-74	2	0.0200133125269354	0.0208710599473784	0.0232970421470683	0.018936757481031	0.0180845594774033	0.0149585576003832	0.0141095764805985	0.0127411580796662	0.0126354587285509
72041	75-79	2	0.0330065992215864	0.0441714611176672	0.0363565374826287	0.0313188574405902	0.0265021655308463	0.0246510848474156	0.0285368819815817	0.0211840279480249	0.0230164579162306
72041	80-84	2	0.064724450094405	0.0552239668977723	0.0724983535586326	0.0556339448597261	0.0528225622673795	0.0525656031066063	0.0441147607573052	0.0389036613982089	0.0384473804035468
72041	85+	2	0.122140527026858	0.131757510087246	0.114861751074062	0.127265219869528	0.115120239886762	0.112221819777217	0.109988996157057	0.101290063378583	0.106969404348574
72043	0-4	2	0.00282040045456833	0.00228694304343641	0.00206874587221423	0.00255793266742227	0.00146620686521394	0.00144362071028089	0.00133125811411474	0.00096881587665761	0.00117615661682081
72043	5-9	2	0.000143810184437007	0.000128141259885209	0.000137018345827275	0.000127940322408098	0.000111240144849765	0.000103547024871867	8.67077376829759e-05	7.79731873688915e-05	7.91757913489432e-05
72043	10-14	2	0.000182506451899367	0.000155715600442059	0.000145365456598741	0.000148465764745469	0.000123277042942534	0.000119776117673318	0.000110507399208869	9.53458468206052e-05	0.00010119209419713
72043	15-19	2	0.000508420117404721	0.000459117716572342	0.000547494180693397	0.000479010236300338	0.000442105896294462	0.000365307136181207	0.000340291579520098	0.000312605028029753	0.000320300438752896
72043	20-24	2	0.000925013752400386	0.000939694253339957	0.000790344434842164	0.000765844327404536	0.000725391882133113	0.000769386956000938	0.000594020330857348	0.000573476552416174	0.000610416300592904
72043	25-29	2	0.0012260070853196	0.00121435634356517	0.00109437604777156	0.00106615702235644	0.000879515990438231	0.000788363104772943	0.00087401624950072	0.000795445346815926	0.000752395930510201
72043	30-34	2	0.00126617251283674	0.00134681661325809	0.00126030535340958	0.00127173978143925	0.00098730111835418	0.00102626911148071	0.000852155946693965	0.00088432612314924	0.000880791668036607
72043	35-39	2	0.00193442648304739	0.00188784142052382	0.00162928999074126	0.00170763029794812	0.00160091083863805	0.00128046074248287	0.00116641071403986	0.00109023617566093	0.00116116685936998
72043	40-44	2	0.00202924355682794	0.00214098688665279	0.00225833376157431	0.00190413739797858	0.00168024710500189	0.00162902450002681	0.00141402064549156	0.00149329059122722	0.00162851541638651
72043	45-49	2	0.00300289124038984	0.00272856085923092	0.00288032692522528	0.00308711290017471	0.00221841058999713	0.0023311533678113	0.00174253521658985	0.00196133264283851	0.00179050420828019
72043	50-54	2	0.00523697376041909	0.00518843772034485	0.00430849566306731	0.00420685872384064	0.00375256730947679	0.00304447269960006	0.00290005701800351	0.00288752514418788	0.00234388419436369
72043	55-59	2	0.00670893931301155	0.00818272922338128	0.00633517737411259	0.00615266421448807	0.00540021954588755	0.00441015819805574	0.00413415169415905	0.00414356549773702	0.00395901394466477
72043	60-64	2	0.00941216490018441	0.00949947086054166	0.00950211878910149	0.00985522141943194	0.00830391683223731	0.00723674098145572	0.0067329409542325	0.00621819810965081	0.00609568942820487
72043	65-69	2	0.0134697230748461	0.0161698931753137	0.0140400378227006	0.0151365080589156	0.0104819707350923	0.0112964375797138	0.0110732284918229	0.00750151918518823	0.00863623512628181
72043	70-74	2	0.0267927352546366	0.0249117857906754	0.0216312291411299	0.0244549652556108	0.0207245659883733	0.0166023669449457	0.0161338433343636	0.0143818077746694	0.012146671512384
72043	75-79	2	0.0388626201992937	0.0387852368405096	0.0384129309280471	0.0389169558119279	0.0329493752430221	0.0304646934146071	0.0329168314849175	0.0229816001174344	0.0232338470203013
72043	80-84	2	0.0566087900620163	0.0651749392073572	0.0594996590539879	0.0627192969950926	0.0559159206173739	0.0518765129159061	0.0469907797041215	0.0415352546523371	0.0393195034200896
72043	85+	2	0.130741321134774	0.135576951742863	0.122794420707347	0.127349854298015	0.128597735664159	0.116014120849612	0.10151258871675	0.100505215494461	0.0847987833983692
72045	0-4	2	0.00280650393967247	0.00211358454110893	0.00231451157359475	0.00207575181400694	0.00166268718672235	0.00180882402185555	0.00128433468116446	0.000914277924828369	0.00110684713236775
72045	5-9	2	0.000134249474549535	0.000130360875970424	0.000133440212202865	0.000124778087341179	0.000103402886228677	9.61817596207192e-05	8.77008655699249e-05	7.85555993217159e-05	7.9764720552998e-05
72045	10-14	2	0.000170949693794957	0.000151847760352411	0.000148489652050555	0.000152045938708342	0.000132053515821892	0.00011733081474803	0.000117811921975059	0.000100915663474658	9.7577790744821e-05
72045	15-19	2	0.000544151837298981	0.000560566813873881	0.000485788926769453	0.000474116710813806	0.000397929339053732	0.000372490600679181	0.000358240767491606	0.000310260785215075	0.000316168569333826
72045	20-24	2	0.000958059312885901	0.0010150635165539	0.00104319666424984	0.00088276500837618	0.000714226511553094	0.000695763238356812	0.000637637026376775	0.000584783193340928	0.000571038513930216
72045	25-29	2	0.00106208338989603	0.00105488369814583	0.00107235142298477	0.00111740531097774	0.000993785003614646	0.000849174877938427	0.000761497013228156	0.000822722339761043	0.000739384484964242
72045	30-34	2	0.00130536708739796	0.00134162938083776	0.00135627514621922	0.00130040353965331	0.00116604588309908	0.00101485708921139	0.00104416410236352	0.000854833776520713	0.000829738220079558
72045	35-39	2	0.00183799907740764	0.00155086710323964	0.00154104976697911	0.00159471746709687	0.00146962108276477	0.00136612380601463	0.00123668945733605	0.00107253455482103	0.00105478081167912
72045	40-44	2	0.00226561031597948	0.00246682003662069	0.00294998609972233	0.00192832614135978	0.00216686504566371	0.0018013502666922	0.00146937989153147	0.0013617760739605	0.00135519698795805
72045	45-49	2	0.00275689073971248	0.00280627511951115	0.00238716916435556	0.00243231407941286	0.00249543848966588	0.00221760304783302	0.00174571283049034	0.00191650349888336	0.00229885289828303
72045	50-54	2	0.00437553032326506	0.00495518247590227	0.00435002722688745	0.00477432526542276	0.0034411559985109	0.00305583865651026	0.00293612632517413	0.00259147566373105	0.00344086544123308
72045	55-59	2	0.0062953518040303	0.00601344577310509	0.00607193832872072	0.0053702042358622	0.00495888128842122	0.00434344090384462	0.00459594661790567	0.0038789979112278	0.00375405988547059
72045	60-64	2	0.0100549935382632	0.0102626543733533	0.00980792066096497	0.0109808235885423	0.00878627090503768	0.00655488356666129	0.00572562981735174	0.00551794000639889	0.00545951759718806
72045	65-69	2	0.0128609256071472	0.0174560439159946	0.0116792388930983	0.0154082771582937	0.0128028604905147	0.0117159998667993	0.0100869007942388	0.0072074282722515	0.00845140387772367
72045	70-74	2	0.0226097906374066	0.0216255080235161	0.0266302437134242	0.0263693953593346	0.0200331207737267	0.0167234084787394	0.0143657063986752	0.0138696667478836	0.0120706942985143
72045	75-79	2	0.0365626046023055	0.0347356995082932	0.0372707026290337	0.044632218171242	0.034157632380034	0.0289067796385039	0.0286759560363048	0.0245040092372058	0.0234601965817595
72045	80-84	2	0.0563245131280257	0.0641208101006782	0.0664494947652572	0.0585495956055082	0.060499780883728	0.0569513786107877	0.0459799432392773	0.0395455703465909	0.0510527130293358
72045	85+	2	0.140297353217207	0.145753827094601	0.114236985056333	0.139117225348776	0.113233909029132	0.12091623015131	0.100085005268744	0.0930058788673702	0.0820574107783252
72047	0-4	2	0.0025235604818109	0.00169898463383824	0.0019092531716931	0.00167281212567178	0.00185856184798582	0.00134901128005623	0.0012196086083123	0.00111277681315995	0.00122973941261013
72047	5-9	2	0.000140988705787906	0.000130093637766847	0.000133205456658707	0.000118623055290468	0.000103220733497705	9.23574205285539e-05	8.46327891310274e-05	7.59621141369519e-05	7.71919128586802e-05
72047	10-14	2	0.000149034636241646	0.000150977560368412	0.000147915257946407	0.000150647627630836	0.000119824886750083	0.000123031236308772	0.000107894437757983	9.27298164190098e-05	9.40299221127742e-05
72047	15-19	2	0.000480239591820454	0.000471608784406301	0.000444809715621944	0.000412354636618932	0.000378385280406469	0.000388464998935477	0.000331880540007148	0.0002906633346942	0.000323983685584451
72047	20-24	2	0.000869097240386688	0.000877260706790557	0.000857774673573271	0.000892217982244363	0.000654952554291873	0.000650564978817535	0.000625832459580806	0.000577103341211686	0.000613393575878357
72047	25-29	2	0.0011524329794046	0.00105471693761028	0.00130540425987382	0.00101937165678327	0.000908398799420542	0.000812852263924456	0.000741767714877273	0.000835798694563787	0.000724366309185553
72047	30-34	2	0.00125683008308617	0.00141553377143022	0.00127872607543558	0.00112214994720053	0.00111735922565893	0.000886178836931966	0.00109679110601961	0.000865934149316979	0.000813008697985118
72047	35-39	2	0.00189553047960133	0.00166391847143658	0.00163163253399963	0.0017987609461894	0.00148108672330898	0.00119226334842533	0.00128462589228455	0.0010943888189042	0.001093373565822
72047	40-44	2	0.001852032130185	0.00207929474046431	0.001827599116365	0.00162318358894356	0.00148240244080458	0.00150938433912406	0.00170487926509103	0.00129552579074463	0.00157817639374425
72047	45-49	2	0.00306753427620937	0.00329319457007137	0.00303855869712804	0.00286026532749754	0.00203277873916551	0.00266737689372791	0.00187250249203279	0.0020793559184451	0.00174979030782339
72047	50-54	2	0.0037935980313771	0.0039051692199028	0.00381067630461886	0.00324049892315036	0.00327639941068403	0.0037947845310116	0.00282651767582839	0.00246339894542818	0.00278710785268581
72047	55-59	2	0.00585102370505683	0.00609452441037991	0.00574873965372325	0.00444971495072985	0.00534140278408032	0.00428043830033143	0.00357486131037088	0.00434724074237754	0.00388857043691338
72047	60-64	2	0.00838001585871566	0.00863720603079997	0.00814874059043375	0.00900274701770492	0.00744313016662157	0.00660275052959841	0.00585829869853568	0.00675885898054451	0.00470717277729182
72047	65-69	2	0.0147597007092982	0.0163558017718879	0.0163185042292368	0.0135899411163784	0.0117634988200243	0.0120096687340155	0.00962607073115535	0.00965080511138559	0.00906712832574272
72047	70-74	2	0.0237630277396457	0.0236206341035126	0.0216528483925345	0.0198573381338941	0.0162366782004384	0.0186633714535227	0.0141535249171312	0.0115269206534585	0.0118727777062609
72047	75-79	2	0.0411152751965175	0.0446759569950239	0.0391702631962976	0.0332935567280693	0.0293393647016488	0.0282899415243367	0.0260490509580102	0.0260174285385481	0.0196531403691249
72047	80-84	2	0.0701240323560484	0.0660117777489809	0.0661347367274027	0.0665661182094596	0.0491820834843618	0.056201220375784	0.0433869234217504	0.040843739591899	0.0390948319227176
72047	85+	2	0.158367404920302	0.135402350098222	0.142204080559229	0.13445431406493	0.104987209833059	0.109193509525499	0.122877667505694	0.0998350857331948	0.0928082200484526
72049	0-4	2	0.00213354339543743	0.00195800952500954	0.00176677543543621	0.00150878395936635	0.00135123938558994	0.00155507006347938	0.00157388137598597	0.000973642957235092	0.00117755366706606
72049	5-9	2	0.000126702739891311	0.000117243914599205	0.000114438564373495	0.000111383747553172	9.61305951250926e-05	8.93303617688234e-05	8.14780893967769e-05	7.26322297367517e-05	7.36110965512558e-05
72049	10-14	2	0.000148370337228945	0.000143927751075496	0.000140469731980855	0.000136771239065999	0.000123822899326219	0.000109660659289705	0.000100008792009811	8.91969986536821e-05	9.03760470122653e-05
72049	15-19	2	0.0004929806399481	0.000478480812420015	0.000467121819507368	0.000454886009019287	0.000392786273956235	0.000364749587643689	0.000332817960897877	0.000297080048457589	0.000301401809754534
72049	20-24	2	0.000961670020261587	0.000893609299181528	0.00087354473740867	0.000890768749063099	0.0007337742306345	0.00071582503640762	0.000622080149842518	0.000554582021348151	0.000562627549802604
72049	25-29	2	0.00114982075183534	0.00111390789687261	0.00108657812658912	0.00105842632136932	0.000915959999625594	0.000852859263063951	0.000780162927073123	0.000694234202357288	0.000703105985839349
72049	30-34	2	0.00137715870477243	0.00133445231130225	0.00136479635893575	0.001269330811326	0.00109700537144634	0.00101814471978708	0.000929222770810533	0.000916569621162818	0.000842016246388029
72049	35-39	2	0.00172000029908822	0.00165897293804812	0.00161340616044964	0.00164405666942829	0.00135732824978106	0.0012633261426188	0.00115510113290678	0.00103256240761253	0.00105054307728631
72049	40-44	2	0.00213739642968491	0.00216503010280801	0.00210291653612447	0.00194420625872918	0.00168009228731535	0.00163973047444922	0.00164070698111719	0.00133452186920751	0.00142062798290808
72049	45-49	2	0.00286187147065859	0.00275914652194365	0.00280272002942649	0.00259208740125236	0.00245963466176991	0.00219453545523475	0.00192002149223571	0.00170678130137303	0.00189687339399417
72049	50-54	2	0.00473018783535301	0.00399270134989388	0.00405582756105639	0.00389863195924561	0.00336173169600606	0.00298622901920675	0.00285821809462474	0.00245313605461983	0.00247047222073747
72049	55-59	2	0.00588233671540934	0.00593400023559515	0.00602269574984448	0.00557770346156411	0.00501334675301489	0.00483664263364976	0.00405059567608646	0.00363661382381527	0.00353088948005622
72049	60-64	2	0.00930598488194966	0.00923856160729559	0.00813866769293873	0.00789059069105902	0.00747272590306297	0.00636654657580307	0.00678696461820891	0.00548625853068486	0.0053434979580521
72049	65-69	2	0.0132168446852103	0.0132151208604986	0.0122251853790057	0.0123571193112893	0.0107419587002549	0.00998852519533256	0.00902361195319715	0.0073296930687552	0.00853966385358803
72049	70-74	2	0.0217608816515778	0.0195368126293606	0.0214398229558904	0.0199323305051228	0.0150842108837403	0.0148327977044703	0.0159588407187449	0.0113769904521258	0.0131826098964722
72049	75-79	2	0.032963223535421	0.0308047351898986	0.0346603434534733	0.0305262100917517	0.0264967375162785	0.0227242360273101	0.0223056598135545	0.02049979191409	0.0218947422549944
72049	80-84	2	0.0518740412562803	0.0565257494602279	0.0476950164410399	0.0453751020932423	0.0462609423622491	0.0409990574239813	0.0380453215481336	0.0370735039632669	0.0386922637529212
72049	85+	2	0.11234150061993	0.113422484612481	0.111108049529863	0.126307933866166	0.0952723740352564	0.0919424951104354	0.0832430126558628	0.0749941308424554	0.0834296101254608
72051	0-4	2	0.00240832080572061	0.00224682846032942	0.00230027465562102	0.00207602531592174	0.00139398622131449	0.00135988459580637	0.00105709613587458	0.00129834762443346	0.00106803296072227
72051	5-9	2	0.000150247359366973	0.000133566184116356	0.000119052130337032	0.00012731787662594	0.000100641793518946	9.35281911735029e-05	9.36807384529786e-05	8.05601002232712e-05	7.81569411718558e-05
72051	10-14	2	0.000159219675781341	0.000161403877539251	0.000150676583242079	0.000147705507543154	0.000134421396505369	0.000119361204722715	0.000104053346301741	0.0001026070366468	9.52171845796706e-05
72051	15-19	2	0.00046100073596239	0.000487527527520897	0.000476666773072266	0.000526011204638292	0.000393485210227965	0.000352676648906952	0.000384916262560896	0.000306580119164819	0.000326852893468191
72051	20-24	2	0.000849951629309298	0.000889664713762411	0.000892790697034469	0.000856552589772011	0.000756442110324506	0.000703671084623385	0.000599315719566137	0.00056731957649214	0.00057042510963606
72051	25-29	2	0.00118102191563358	0.0011818702888247	0.00123078576252392	0.00100383212090736	0.000924555235135771	0.000902554652749115	0.000834075612774568	0.000738378646945825	0.000737383229680381
72051	30-34	2	0.00129493473545561	0.00134225415161104	0.00154575984955062	0.00167316948271103	0.00106588385135891	0.0010198937446676	0.000949677665472465	0.000817243834602461	0.000898726190762093
72051	35-39	2	0.0014738391108302	0.00170926854566391	0.00144511581112121	0.00160688419521303	0.00124156410205179	0.0013052815713125	0.00101451787238187	0.00109796484029257	0.00109164829992331
72051	40-44	2	0.00227235296928187	0.00172731773338913	0.00195780618314218	0.00197477658608182	0.00185804799086954	0.0015193132661875	0.00162125622065339	0.00127272848818255	0.00127291764839029
72051	45-49	2	0.00277477361046496	0.00257806973709835	0.00259653048029891	0.00332174960832622	0.00202504965875902	0.00212967733668907	0.00205698414676849	0.0016142866973324	0.00180150556141165
72051	50-54	2	0.00415696243621303	0.00370285829962428	0.00362567442025233	0.00415258006103465	0.00339146518189627	0.00384033717507384	0.00275592510904938	0.00296824150581404	0.00195234478970754
72051	55-59	2	0.00685589007889249	0.00616823588180195	0.00527979074971513	0.00509926213025674	0.00501791004928172	0.00532996149625695	0.00498808277329085	0.00420227857871364	0.00407719907928007
72051	60-64	2	0.00830536622189752	0.0113403923694822	0.00946329084651665	0.00893812598971029	0.00807651708549789	0.00647328095102514	0.00550536238938045	0.00588342802609848	0.0068714872612296
72051	65-69	2	0.0146359598272487	0.0134437152442007	0.0119069212488278	0.0129114949497255	0.0120713129406251	0.0114763157680445	0.0102602116989856	0.00808215918799667	0.00899378136102915
72051	70-74	2	0.0227053317541996	0.0241552042053101	0.0208383706892968	0.02233376750124	0.0220053132326249	0.0181057309041034	0.0146028731184082	0.014468188637972	0.0124810040943671
72051	75-79	2	0.0341272273873459	0.0364243817862148	0.0415555439310925	0.0344885506226502	0.0355788001165512	0.0279424338378689	0.0248055802267956	0.0216079823106816	0.0199325099730292
72051	80-84	2	0.0661410330849342	0.067646164547229	0.0613425727951754	0.061658187305812	0.0635382631328312	0.0568552667799031	0.044961731266294	0.0384205306653194	0.0361224494925701
72051	85+	2	0.142966050973387	0.150306771099143	0.121148580016205	0.122550524496286	0.118507812409503	0.114892992192706	0.108706911689387	0.113327021949113	0.101297234969899
72053	0-4	2	0.00231723904796208	0.00334608285219669	0.00258328407009361	0.00237788191728408	0.00162918863657789	0.00186454772774889	0.00135879388301885	0.00132213922320343	0.00155653417246098
72053	5-9	2	0.000164909536634057	0.000147553854521318	0.000144514940639107	0.000146605319754726	0.000121983721158849	0.000109447683006228	0.000115755609631799	9.46423991189429e-05	9.62749489851921e-05
72053	10-14	2	0.000174509880585167	0.000170440583420229	0.00016713629382454	0.000186173070166978	0.000142011734564017	0.000145695738879595	0.000122439548350664	0.000115526107191023	0.000111923946968968
72053	15-19	2	0.000517690687073955	0.00051796735929649	0.000570657587239332	0.000547146524199502	0.000509241797735463	0.000476953318043649	0.000375204889247619	0.00036064721186235	0.000370788595830681
72053	20-24	2	0.00104395090265847	0.00112918634112668	0.000920655331344195	0.00107812491625967	0.000875910918806169	0.000730945350139577	0.000706266652074505	0.000621280979837529	0.000617085822139737
72053	25-29	2	0.00122218579100978	0.00145886513745742	0.00156509853426534	0.00105245705148494	0.000981945629026691	0.0010731757313374	0.000911400072409582	0.00104831947392204	0.000905306024483156
72053	30-34	2	0.00170957632158792	0.00173477992691734	0.00152820745131029	0.00148548161287578	0.00122343526097082	0.00101201215847776	0.00112543542074163	0.000879104201546575	0.000879682026972893
72053	35-39	2	0.00205827669195058	0.00195283780465707	0.00207319147844034	0.00209668536693704	0.00181802818189008	0.00148614828471664	0.00132597998195262	0.00123738972326938	0.00132277137404732
72053	40-44	2	0.00238240838254381	0.00228417529977062	0.00258596809176505	0.00233260935550331	0.00194850550110244	0.00222164168282058	0.00166800648077395	0.00158905679120762	0.0017437899911669
72053	45-49	2	0.00391331186744258	0.00335605271934804	0.00361676332227475	0.00350465828959089	0.00284648673230992	0.00250730158450297	0.00331532879300517	0.00273354674359304	0.00224404776626255
72053	50-54	2	0.00480734749029161	0.00407307762645101	0.00465518508083298	0.00431550603984065	0.00392870076304456	0.00431163530545121	0.00395849546518856	0.00305310573081059	0.0033454535823641
72053	55-59	2	0.00716632418770944	0.00669278471509288	0.00592525905394688	0.00587438764171911	0.00729797330917979	0.00585484805711753	0.00595742148775765	0.00535671076653252	0.00538452646534046
72053	60-64	2	0.0110876968101794	0.0119258348887769	0.0104632301964712	0.0121762304770931	0.00949373717125225	0.00779071738458924	0.00813308734890694	0.00753319405116134	0.00631099998559189
72053	65-69	2	0.0147243332940454	0.0177396881866085	0.0152311163857949	0.0133642652162521	0.0136580206418864	0.0152067894951475	0.0115657551207645	0.0108882098109813	0.0103237942168462
72053	70-74	2	0.0356878968623867	0.0287405504698622	0.0288510863731377	0.0237344977356715	0.0221999697376317	0.0224218115807217	0.0172445634264966	0.0140865213408761	0.0135671747615893
72053	75-79	2	0.042553554829395	0.0363459144849684	0.0359653745618989	0.0356995726588981	0.0340974580021181	0.0310150217061199	0.0333696101861396	0.0265349776690019	0.0252847015918631
72053	80-84	2	0.067935483709502	0.077093082036792	0.0697106648306286	0.0736363881620701	0.0593401032483855	0.0543434721206334	0.0511080363823897	0.0410963817491482	0.0443783127948383
72053	85+	2	0.173730119201156	0.16111035141034	0.129596428618934	0.14117860427262	0.133949033898802	0.115877926551887	0.116022080613936	0.110650285103287	0.101363450329594
72054	0-4	2	0.00278826168471965	0.00239421474615904	0.00215934096735195	0.00187870335838052	0.00149378126531004	0.00138597453434857	0.0014731843909274	0.00149993742850163	0.00132407666168384
72054	5-9	2	0.000134364620879967	0.000143630160049268	0.000133515096357203	0.000123509766835582	0.00010660561313051	9.92995056155479e-05	9.04473601419833e-05	8.10653284495345e-05	8.21132756847028e-05
72054	10-14	2	0.00017242924586781	0.00015982765891297	0.00016325012632326	0.000158540612685246	0.000130618039466172	0.000121494074325815	0.000110655883852871	9.92119660745783e-05	0.000100610461416156
72054	15-19	2	0.000533601662416784	0.00059231960365077	0.000503260894807956	0.000535055753786111	0.000423447593425266	0.000430598417580162	0.000358405249436458	0.000389308074247052	0.000328916112780263
72054	20-24	2	0.000970111485250459	0.000940001816530577	0.000993810205513364	0.000877274287053363	0.000829123726138654	0.000746193722378341	0.000652411309700751	0.000589070637361413	0.000627042979904055
72054	25-29	2	0.00119966953744047	0.00117009799354683	0.00128911146260649	0.00122709905222262	0.0010225187090316	0.000963213021334305	0.00081942175385396	0.000736646748951368	0.000779258230657704
72054	30-34	2	0.00148715620789083	0.00149847537069892	0.00132622945520486	0.00132152755908019	0.00114922203127491	0.00112262830815873	0.000996882727787831	0.000965486103679456	0.000970673638578158
72054	35-39	2	0.00192183921851871	0.00183486294881827	0.00183186979703861	0.0016144454818134	0.00152316240924273	0.00131775021912371	0.00115825740456965	0.00110747372508202	0.00124877183308924
72054	40-44	2	0.0022831168512124	0.00216031396408544	0.00214967872691586	0.00214476319993791	0.00171599034815474	0.0020168007514088	0.00152527588449956	0.00150729370614688	0.00147366147781238
72054	45-49	2	0.00325429410564186	0.00295932812166031	0.00326421767783097	0.00293661236931698	0.00245539777810097	0.00223253729176911	0.00197078263906083	0.0017893587644141	0.00189006840461154
72054	50-54	2	0.00413452352332314	0.00447225211967025	0.0041622383309513	0.00449112313656395	0.00359876445076675	0.00338580441473639	0.00291176945417645	0.00271238836443851	0.00244445873843755
72054	55-59	2	0.00646236207407642	0.00785346237878208	0.00723275767347932	0.00557309466895671	0.0046250767609332	0.00608362747301763	0.00420491011617833	0.00373148801935212	0.00465019133093094
72054	60-64	2	0.0109385672397832	0.0107424892996109	0.00879378022869733	0.00928032929536614	0.00762178245794134	0.00845912162861397	0.00616515482137642	0.00546127622780873	0.00623343688657293
72054	65-69	2	0.0152867552376986	0.0171422391386616	0.0177569938339598	0.0140614947585454	0.0123932356048309	0.0086742565902858	0.00841043095737586	0.00868203854618746	0.00763221921946563
72054	70-74	2	0.026682989374347	0.029853957970867	0.028352268868884	0.0287148555531081	0.0216581719061485	0.0190014477090031	0.0137116172711888	0.0132337931580409	0.0133584813558147
72054	75-79	2	0.0405069451579906	0.0414783274692797	0.043401409199869	0.045030371001037	0.0299892279653403	0.0360006586789295	0.0305249393501619	0.0263670352927488	0.016637755023798
72054	80-84	2	0.0572344865019368	0.0822226232717137	0.0815048355221348	0.0663238094726102	0.063161228041551	0.0556670461398096	0.0450213470419254	0.0437460989461776	0.040413939631242
72054	85+	2	0.142100927358449	0.158838641436452	0.131122335340244	0.11988889127057	0.124674696780722	0.11787520355013	0.126009522821042	0.0957100842071958	0.0986232661187003
72055	0-4	2	0.00279072477954009	0.00252402800479518	0.00263388878430062	0.00276018406802806	0.00222088904226538	0.00176878080270765	0.00194550862479303	0.00146268907220782	0.00146320753251993
72055	5-9	2	0.0001811807140943	0.00016133634382682	0.000157842299245475	0.000147065588528261	0.000127569407542247	0.000113613607685779	0.000104048656580601	9.34481730133369e-05	9.48881343438178e-05
72055	10-14	2	0.000192229543771407	0.000195397396195544	0.000174428026310955	0.000178816641156863	0.000155537656095607	0.000138586393484642	0.00013330766670348	0.00011442645469716	0.000116179202374416
72055	15-19	2	0.000733576243995945	0.000653307223375353	0.000562620032069752	0.000575074476311671	0.00050759615541099	0.000458015146635559	0.000442830782711499	0.000388267282915159	0.000379511660192418
72055	20-24	2	0.00110636793272258	0.00099174729673971	0.00108347140094878	0.0011247187445589	0.00081245038974704	0.000778937743334264	0.000729605184088719	0.000671059060097904	0.000693196726573418
72055	25-29	2	0.0012806433268772	0.00131013690924917	0.00128006037391849	0.00118704654895854	0.00122357934970721	0.000990669510770197	0.000944945763270954	0.000878819081465565	0.000861889371420161
72055	30-34	2	0.00159810945919169	0.00177999231759281	0.00156854071478606	0.00176397422454989	0.00129083253099795	0.00121375794411231	0.00133534265148132	0.00103840832222972	0.00117433974443141
72055	35-39	2	0.0020010266332556	0.00216530346271419	0.00204922447019751	0.00208626041261432	0.00155432455584775	0.00165755174758977	0.00149774202986502	0.00118639045209943	0.00141851864152885
72055	40-44	2	0.0026819409966407	0.00248216953101888	0.00263236395206058	0.00237422045388016	0.00230126060235243	0.00212601959632415	0.00215206596815404	0.00174252834725333	0.00166509937500622
72055	45-49	2	0.00331065349163742	0.00318568647310573	0.0031061465564673	0.00296416749271609	0.00301089331588633	0.00267229875140244	0.00243581371807871	0.0024527620118745	0.00236916844326574
72055	50-54	2	0.00491979794649299	0.00538334592664869	0.0047987337986569	0.00545983703716678	0.00433247377524385	0.00342827630416739	0.00319372111589162	0.00315373744096299	0.00348095472488306
72055	55-59	2	0.00749156296090586	0.00705640103375578	0.00541568917272432	0.00726905827608566	0.0065713775907291	0.00559662569549701	0.00534422191948539	0.00604936611072501	0.00495527857381987
72055	60-64	2	0.0113283427146284	0.0133068190233326	0.0124987849239663	0.0114198891491511	0.010075556492353	0.00761993518761698	0.00971784308234362	0.00661145125694923	0.00750693148975117
72055	65-69	2	0.0198222944832338	0.0217213127253871	0.0162594121598572	0.0180230058443983	0.0138822691459087	0.0135456750571626	0.0106422813917512	0.0101712719601996	0.00837882096779454
72055	70-74	2	0.0292672679045204	0.0301544331561763	0.0312640541567024	0.0261441997082039	0.0269092126121491	0.022095093264384	0.0186301603416404	0.0202626313949579	0.0184510482554838
72055	75-79	2	0.0477562644404712	0.0465485524765019	0.0455892804292473	0.0382382924302698	0.0402286446859138	0.038785157710146	0.0337507454838631	0.0300283906457256	0.0296460883614975
72055	80-84	2	0.0663343321808916	0.0643734616066182	0.0690218379114203	0.0834786336331759	0.0593079039825928	0.0543045494261448	0.0528955683477627	0.0478879011370357	0.0498547997568374
72055	85+	2	0.128620527968915	0.160358573623585	0.16373166193294	0.14649221562141	0.13808196126234	0.138412956087191	0.122652428275284	0.135521495197147	0.124700999367902
72057	0-4	2	0.00370032714255797	0.00306725488365607	0.00276896988288124	0.00181424250858501	0.00202609877473508	0.001683591497563	0.00148989774946288	0.00136939976714431	0.00131488520077345
72057	5-9	2	0.000156301066962031	0.000133573343586952	0.00013684786737407	0.000140077675968039	0.000122316079619622	0.000114230832789538	9.56970138649507e-05	9.05196737903732e-05	8.83908889098085e-05
72057	10-14	2	0.000213926991482313	0.000184276177733928	0.000165679772206076	0.000169274222274999	0.000141530850820326	0.000132285856116283	0.000121714508212411	0.000105261160300804	0.000118386248747566
72057	15-19	2	0.000514158402191139	0.00056521175619214	0.000516851290124804	0.000488150586940416	0.000472174017813137	0.000447864597488681	0.000369757062098998	0.000356603593188065	0.000339082552389426
72057	20-24	2	0.000847102188467532	0.000864391836150209	0.000912568767813626	0.000862283288175173	0.000714399896791597	0.000735952719330887	0.000640351707691133	0.000724841246174009	0.000641271697308593
72057	25-29	2	0.00123077103047279	0.00112115113263872	0.00113167629704593	0.00110423210317494	0.000892624783812667	0.000870983495327125	0.000870412115151892	0.000710531789141172	0.000789223355503866
72057	30-34	2	0.00136427480173839	0.00131512324583289	0.00154168882715853	0.00134657301071559	0.00126619681957339	0.00109128158404963	0.00113555298557161	0.000920289877714508	0.00125284398386836
72057	35-39	2	0.00187593361288686	0.00187814305648744	0.00184544113520271	0.00162923790957247	0.0013731985334936	0.0015270914696586	0.00137054069917767	0.00123015814675467	0.00113234094523927
72057	40-44	2	0.00226466482680176	0.00222522310181016	0.00220356297336247	0.00219040899306992	0.0020103572822973	0.00230963480893857	0.00153132936271969	0.00151366402322304	0.00143373345381661
72057	45-49	2	0.00291700676543677	0.00327771693919427	0.00259746369875881	0.00317657320769533	0.00262325900460424	0.00243234437670288	0.0024901500451083	0.00177505495814562	0.00277729519402986
72057	50-54	2	0.00596922309337142	0.00450491197813451	0.00371825929955284	0.00448842360112945	0.00393312353800179	0.00367041302879603	0.00314636955921708	0.00311993665126624	0.00331758447058612
72057	55-59	2	0.0070050276315141	0.00646735880029198	0.00627647480829485	0.00668221723902909	0.00573071316326265	0.0047130528433551	0.0047508243089272	0.0041093984269647	0.00440185703155261
72057	60-64	2	0.0121638055559828	0.0114911074424382	0.00933326054249463	0.00936241494574224	0.00761257094344387	0.0086434902146845	0.00629615473865736	0.0056527364546947	0.00619357855352615
72057	65-69	2	0.0183118382493904	0.0191992170509559	0.0153005004441094	0.0145174612508794	0.0151107677391044	0.0130457525597992	0.0112177847296375	0.010440731724726	0.00911477713498353
72057	70-74	2	0.0270257338563181	0.0291348048207525	0.0277379710050328	0.0252317369945365	0.0176147561269677	0.0229990518024776	0.0164958838253945	0.016254304668677	0.0155104242595477
72057	75-79	2	0.0423566808921119	0.0454337395392026	0.0410802020941936	0.0345255880605378	0.0342050692966158	0.0264439409424856	0.0303819675982037	0.0250119615529021	0.0305756530255161
72057	80-84	2	0.074465390404316	0.0719014343618046	0.0688319098112142	0.074958307759959	0.0640402533374033	0.0692195925640913	0.0511224824925116	0.0436009598378887	0.0452821905210201
72057	85+	2	0.152889197532444	0.145809419546417	0.13985215937862	0.144518179329853	0.119919701572022	0.122844684352557	0.117876495633979	0.109840451756144	0.122314487174878
72059	0-4	2	0.00278291194259207	0.00213927243286522	0.00218608267646551	0.00234043519414253	0.00177952498418304	0.0015857258810424	0.00163113924740061	0.00130491820785908	0.00119729509683084
72059	5-9	2	0.000149550451305942	0.000133189108204003	0.000136103069741211	0.000145745919532009	0.00011029474456143	0.000103115211594207	9.41286280702836e-05	8.43738426801183e-05	8.58130040010695e-05
72059	10-14	2	0.000190371642650862	0.000169633628561373	0.000165426149609593	0.000161385937411055	0.000147192975870251	0.000125674563401451	0.000120500970682933	0.000103110486391949	0.000120914686967029
72059	15-19	2	0.000551304290370758	0.000519297447432621	0.000530981985428972	0.000478154645380925	0.000441142383195366	0.000416725090548989	0.000401315560870975	0.00033286337183192	0.000339859658142136
72059	20-24	2	0.000974774236010583	0.000960007400649457	0.000938112516362105	0.000874009331806184	0.000769076623362066	0.00079580932623006	0.000657987048795612	0.00065583519190567	0.000643365432792896
72059	25-29	2	0.00116063761885417	0.00132787669888781	0.00110951773175213	0.00116232140608031	0.000912953920684623	0.00097316778999352	0.000879134644702733	0.0007522529329995	0.000769107775311256
72059	30-34	2	0.00144856743141261	0.00152787141075495	0.00149321450460337	0.00140321820909148	0.00130368539872839	0.00115038888534616	0.00111692679500153	0.000878367107040822	0.000946552862709074
72059	35-39	2	0.00192290447347508	0.00192108809650177	0.00173453126888045	0.00163403300576922	0.00157035957161469	0.00144485248067213	0.0013458647120868	0.00109898669657187	0.00118224414917699
72059	40-44	2	0.00245789885387532	0.00214647388432891	0.00226093468350452	0.00225206744108622	0.00188172233369992	0.0019377584987144	0.00172873609134859	0.00149511067959676	0.00164771179615176
72059	45-49	2	0.00287199281133312	0.00320960278648823	0.00248677139943025	0.00245637540361879	0.00248786035987535	0.0023815909873156	0.00246749725161884	0.00188892193545478	0.00202206463242643
72059	50-54	2	0.00418566001776823	0.00411069151987308	0.0041851209450647	0.00337377846530057	0.00375506091501966	0.0036138991579056	0.00365167290786119	0.00297241625827584	0.00308514198883989
72059	55-59	2	0.00736737095662071	0.00735802049843828	0.00532429492629034	0.00624696930707844	0.00532198381294373	0.00518047046897361	0.00533783374084294	0.00441983160872267	0.00398945991894281
72059	60-64	2	0.00958463502549095	0.0100673389438824	0.0106443467588394	0.0124440090907047	0.00933254885168992	0.00903975268570677	0.00719306424253194	0.00771332110441361	0.00911735201974111
72059	65-69	2	0.0165067166125176	0.0185789990788997	0.0157889513158268	0.014371321323496	0.0106150366025712	0.012251992883388	0.0121239047766184	0.00769046683813715	0.0104459234860122
72059	70-74	2	0.0251022344766561	0.0353485510006946	0.0320333464112257	0.0298783913754427	0.0244896714852438	0.0208389986365773	0.0192915675987445	0.0169748160612953	0.0192513445141086
72059	75-79	2	0.0484972668911748	0.0447411131038999	0.0383959027649413	0.0349865025314016	0.0357508048376985	0.0368873373137155	0.0318174009155881	0.0235338531081593	0.0213666192860282
72059	80-84	2	0.0638667854025392	0.0715478917910581	0.0750133469607218	0.0694895237381549	0.0644488681253628	0.0721145154524984	0.0571330180314586	0.0419377490280583	0.0422049322040049
72059	85+	2	0.145971418817641	0.140234225190638	0.130878061570621	0.118087247144476	0.137685392158408	0.130369486953626	0.103227601821081	0.112850241109129	0.100397250351571
72061	0-4	2	0.00258630355717616	0.00226362437551421	0.00220664476072993	0.00179960653987865	0.00177714948658374	0.00154299494551656	0.00139827962246869	0.00104994715477172	0.00115646550781914
72061	5-9	2	0.000131535567748714	0.000112763334123416	0.000125940604441393	0.000123091543417701	9.90381541208848e-05	9.32698821964187e-05	8.23762955059982e-05	7.43451160498381e-05	7.24801409310909e-05
72061	10-14	2	0.000143936773269029	0.00015899910225851	0.000144357774026057	0.000141949894201538	0.000130479524691132	0.000103113735218494	9.94078461012706e-05	8.99586229963441e-05	8.79031959552853e-05
72061	15-19	2	0.000392133667434942	0.000419155838481382	0.000448628871874299	0.00040028903979939	0.000402323530823174	0.000329880175920297	0.000299393137843128	0.000267984452588949	0.000300689558450258
72061	20-24	2	0.000760995943418462	0.000730801855903148	0.000812576447888965	0.000717640421121899	0.00067396263138576	0.000623448172603196	0.00052960330261738	0.000517270164452816	0.000479422466235182
72061	25-29	2	0.000981275229500701	0.000972908035323193	0.000884800038221945	0.000919394922712471	0.000727551563615338	0.000737486906852288	0.000717877869816931	0.000612978360334691	0.000787484510127473
72061	30-34	2	0.00124073605155282	0.00113412506480557	0.00149719616794073	0.00133389361808844	0.000946529078262733	0.000941698663527288	0.000750698132041335	0.000711833549334786	0.000672828234505845
72061	35-39	2	0.00133807569143517	0.00142289199778835	0.00142081090603312	0.00156068496878164	0.00106374479055107	0.00114509038029208	0.00100226409643665	0.00118501951560837	0.000904463082776452
72061	40-44	2	0.00147410616501108	0.00157806178503158	0.00201364209941538	0.00167330229043537	0.00173458471123691	0.00143775288333427	0.00120105563381599	0.00124185843206619	0.00124914870438785
72061	45-49	2	0.0023251172178934	0.00235227798978931	0.00251452859611834	0.00276377559952722	0.00247755765386448	0.00219256927468827	0.00179926299543797	0.00149320305170652	0.00145150025735821
72061	50-54	2	0.0031810524499323	0.00373380532694323	0.0037343416146922	0.00326803541786377	0.00349989190226137	0.00310192409927148	0.00258164945745611	0.00224486168412036	0.0021836862160801
72061	55-59	2	0.00564509684537243	0.00448979626403273	0.00391106029162951	0.00494610915568269	0.00404929078630301	0.00458125355840978	0.00440541352230403	0.00311562915981478	0.00340842045508041
72061	60-64	2	0.00837062689767368	0.00711551390035811	0.00734191781277513	0.00794569458536016	0.00610650963121254	0.00574760515662555	0.00509444933636992	0.00418217290941231	0.00505054275493408
72061	65-69	2	0.0133838650778136	0.0108348823235214	0.0129183846780385	0.00999689232097679	0.00925945397603899	0.0101738832695924	0.00817304295600532	0.00796656664459983	0.0076961660496411
72061	70-74	2	0.0232991243156784	0.0193110704281227	0.0216228684072929	0.0188379224192455	0.0164110869958096	0.0142058096727225	0.0136285896155328	0.0115298589233046	0.0122807606048705
72061	75-79	2	0.0361858130982595	0.0336924842720967	0.0342298233748158	0.0297367897410415	0.0279489374578216	0.0228160120237571	0.0234799672796564	0.0195626088594036	0.0197075888683182
72061	80-84	2	0.0683688346659891	0.061854378468628	0.0526951599114118	0.0550450102690068	0.0481783175758184	0.0477442666396781	0.0408399656526848	0.0342429386723466	0.032796011683146
72061	85+	2	0.134456801569634	0.148212108403756	0.134186697443069	0.128400596857978	0.114887053348978	0.116219063306045	0.116216494833474	0.104054542203811	0.107479539247746
72063	0-4	2	0.0027862547315601	0.00203665484763795	0.00192955126998153	0.00249424793023938	0.00159092738908641	0.00134467949368925	0.00126458052702605	0.00113166322079716	0.00127232233838814
72063	5-9	2	0.000131292969424022	0.000133385157235613	0.000118649191099041	0.000120378262186973	9.94205127915633e-05	9.24260997298993e-05	8.46986876645522e-05	7.99209401683212e-05	7.76915875802834e-05
72063	10-14	2	0.000159564725087788	0.000147986692988543	0.000165489996589927	0.000146744404016381	0.00012686627986019	0.000117551065395664	0.000107718013508001	9.28651514264624e-05	9.91409739042853e-05
72063	15-19	2	0.000528630676046128	0.000493251010756839	0.00048044212012006	0.000503425374496128	0.000371955859325442	0.000373695357867486	0.000343327163299343	0.000313710116108088	0.000296596524599927
72063	20-24	2	0.000881323908225286	0.000814835824458048	0.000851613310362444	0.000793688379490206	0.00069483471427446	0.000679786855058389	0.000619043945308305	0.000503510020726405	0.000529767150471441
72063	25-29	2	0.000993716939214067	0.00105488110448082	0.00105018426142091	0.00112474713449326	0.000800224908054173	0.000957778345749749	0.000768763122388817	0.000622102699641588	0.00065110604338314
72063	30-34	2	0.00133144913796512	0.00122707338511171	0.00153439980275099	0.00131595238736442	0.00111215731910287	0.000892930147737303	0.000893904159204608	0.000892247399520584	0.000767974184344257
72063	35-39	2	0.00176858836020856	0.00181774134712174	0.00169219370820315	0.00142914540502211	0.00119871890952009	0.00104281255416342	0.00123678132326273	0.000986920675127492	0.00115361695235355
72063	40-44	2	0.00215881425264312	0.00229217021569547	0.00211059646461251	0.00196803140693213	0.0019971298762487	0.00180412139955641	0.00137121783161677	0.0013629278034179	0.00130781389380484
72063	45-49	2	0.00254126119050558	0.00259172365712256	0.00293239979398309	0.00287291580678079	0.00195616359243054	0.00190534360606673	0.00180084589276561	0.00198736271133074	0.00161223038412001
72063	50-54	2	0.00441451441515874	0.00442313269762705	0.00382763437604235	0.00384801179628467	0.00340174748006629	0.00284498575329748	0.00274094100454122	0.00254743794277286	0.00239508659529985
72063	55-59	2	0.00571849529876995	0.00665703546199299	0.00517254851843666	0.00483076591178382	0.00451704949288994	0.00446032605335056	0.00382287336639587	0.00359642454162285	0.00384354267068926
72063	60-64	2	0.00924837053727024	0.0120198540208858	0.00927400397099642	0.010034780021088	0.00750724567830139	0.00775438768995025	0.00532876639340948	0.00531212179012775	0.00534024655575041
72063	65-69	2	0.0164968116190231	0.016952736352273	0.01329427553953	0.0148752846144025	0.0121083744129951	0.0102208734187672	0.00871318413271897	0.00942065753062911	0.00849934602226945
72063	70-74	2	0.030334954267457	0.0224965315144059	0.0263498449040921	0.0242673890245265	0.0175466765383448	0.0165744374614464	0.0144809224145933	0.0134734371382566	0.013603159225307
72063	75-79	2	0.0417230644013959	0.044933308406956	0.0379986951204524	0.043466502314604	0.0286615653706122	0.0282169042392721	0.0246959417135854	0.0180685837753335	0.0272317136102049
72063	80-84	2	0.0684284222401923	0.0725763131359699	0.0633380261869161	0.0595907248703765	0.0599515322631862	0.0570900629251283	0.0502671613467024	0.0387427094008109	0.0342193951453985
72063	85+	2	0.131536998455354	0.109452122965169	0.130395705319593	0.109533284718521	0.118235368331621	0.102739635210491	0.106372825834805	0.0989867199748065	0.0993069119691969
72065	0-4	2	0.00213847296774928	0.00201350641624378	0.00190931592827492	0.0016873207641377	0.00130825605689426	0.00149774163071433	0.00121331334584636	0.00103121760073525	0.000949889573880703
72065	5-9	2	0.000125806457952889	0.000122389832492934	0.000125040348529886	0.000121883681487195	9.65249119662893e-05	9.4226413221122e-05	8.2266564342165e-05	7.38254916277798e-05	7.50161825946818e-05
72065	10-14	2	0.000174753342719319	0.000142017565000738	0.000138536049196686	0.000154472229137867	0.000128318593403982	0.000114313106458243	0.000100080115491381	9.43893601576143e-05	9.15755302670398e-05
72065	15-19	2	0.000456256821771846	0.000522773731484248	0.00047238835817122	0.000425157740574531	0.000407103514449449	0.000351180117175108	0.00032466918271521	0.000294974151096867	0.00028957776750867
72065	20-24	2	0.000809864751926901	0.000839633114078701	0.000812255528496091	0.000788452336457203	0.000719966702903149	0.000608326137440087	0.000609127996175003	0.000521010163006093	0.000549772116010831
72065	25-29	2	0.00101936136581812	0.00108223634299711	0.000970497735688696	0.000976254294488903	0.000804868686332563	0.000840128661204377	0.000768456961704602	0.000608478724669487	0.000673581629233379
72065	30-34	2	0.00135691262636664	0.00131190790943419	0.0011762382251942	0.00123753194313916	0.000994522345035055	0.000945681331473429	0.000880640657242671	0.000830846946237607	0.000725190041961435
72065	35-39	2	0.00168009919011689	0.00162197499519635	0.00154453789926342	0.00163463967464175	0.00131165273086402	0.00124746855156756	0.00107221845097123	0.000980557378697956	0.000937725214053844
72065	40-44	2	0.00176059785680492	0.00197380988706327	0.00197213260936028	0.00183901936419774	0.00166372258944616	0.00139865337269592	0.00144102630995231	0.00109063234839301	0.00125799367847339
72065	45-49	2	0.00293388885279358	0.00266957263015652	0.00214575059031305	0.00262474919469823	0.00228762727052843	0.00197757622745412	0.00183564587274455	0.00180828950540985	0.00137710720309357
72065	50-54	2	0.00483473501219344	0.00385018404015781	0.00351812474863702	0.00388640349577103	0.00421890328906842	0.00308296651984712	0.00273686142582228	0.00265015357162368	0.00225447825534727
72065	55-59	2	0.0068922022951591	0.0059559105597281	0.00554094690664985	0.005376616957903	0.00592155988749719	0.00520897353999552	0.00379677115460336	0.00396420130582495	0.00394603897199925
72065	60-64	2	0.00962884322932744	0.00978659894869695	0.00867355694344294	0.0107766469524645	0.00793441314082511	0.00703015247904327	0.00572132100706694	0.00547738295131281	0.00519208200506248
72065	65-69	2	0.0114148333122136	0.0173606623959593	0.0152471042974264	0.0132890697395039	0.0119352175040397	0.0109480186193049	0.0107147779485392	0.00753485739924879	0.00798248729088281
72065	70-74	2	0.0248743281968858	0.0259595626395495	0.0263168256215441	0.0324991692700019	0.018526081704552	0.0168711536000415	0.0159940753485792	0.0128671057469031	0.0115822981919846
72065	75-79	2	0.0352743153352498	0.0314590800156328	0.0435003877585107	0.0382638458631388	0.0336618074720775	0.0302567397414148	0.0244426099760631	0.0242365464325083	0.0219381735690541
72065	80-84	2	0.0698624290933217	0.0662882560370802	0.0750345104265061	0.0734780776802552	0.0693114774976785	0.0573780013808769	0.0471317840305992	0.0439329622630092	0.0430195458803258
72065	85+	2	0.145621886753641	0.143870037987513	0.122180742868966	0.124807870445825	0.1179514959932	0.124968134121702	0.108602771470657	0.104419707510608	0.108569343443937
72067	0-4	2	0.00213938926348177	0.00200222461347819	0.00185659150820699	0.00191565485914163	0.00142794565133395	0.00132779778016992	0.00137992133391435	0.00100848608172217	0.00109361296265669
72067	5-9	2	0.000116091068558313	0.000112994883878246	0.00011015073847473	0.000107234873395757	0.000102196312268622	8.63760075494411e-05	7.90653767998403e-05	7.05701091258879e-05	7.15293964805172e-05
72067	10-14	2	0.000148862118635941	0.00014448796371421	0.000147512798822026	0.00013106101139452	0.000113792638303564	0.000105688554336184	9.67350823985085e-05	8.64595725331749e-05	8.76017734858569e-05
72067	15-19	2	0.000494125793527827	0.000524373472615837	0.000428722088967281	0.000438120476745929	0.000366725732337473	0.000342180168525592	0.000328604843653853	0.000281615433050034	0.000286734824455765
72067	20-24	2	0.000852228141547984	0.000864278646745624	0.000805658982666486	0.000851121718235794	0.000657771503731446	0.00062317033585263	0.000575881271634927	0.000540421360194463	0.000523083176683794
72067	25-29	2	0.00118784844945054	0.00111915677829903	0.000999762894515408	0.000958508965111659	0.000840748100607083	0.000794473169026544	0.000749261595896813	0.000677710527331026	0.000681893668692873
72067	30-34	2	0.0012120344533942	0.0012353726247429	0.00115852822372907	0.00127092491736377	0.00099359336416382	0.000934397964866111	0.000868408213848198	0.000874199786291922	0.000779067952804155
72067	35-39	2	0.00164902292131474	0.00143200275267855	0.00151904054364328	0.00143633135075594	0.00136994875541933	0.00112525493179924	0.00104066101897385	0.000961192138670745	0.0010311894172272
72067	40-44	2	0.00170570117645768	0.00220716679419427	0.00172731193287817	0.00177392124172114	0.00157247541208919	0.00151843448401104	0.00135424643811797	0.00124387345167921	0.00140330346270241
72067	45-49	2	0.00278957971336968	0.00260813317400271	0.0025054323747998	0.0021432849168895	0.0017822715140575	0.00203692565684531	0.00195267880094021	0.00169889264104766	0.00175042990936772
72067	50-54	2	0.00394771990327411	0.00395014676160226	0.00321778466843628	0.00366058572199617	0.00350534690907742	0.0026315949955958	0.00298373991575388	0.00263390921557593	0.00228879440350944
72067	55-59	2	0.00581746934961676	0.00571255667809443	0.00607512604754492	0.00529686370586034	0.00487973065459407	0.00421963806145155	0.00466468629228859	0.0033785166303048	0.00313713377863653
72067	60-64	2	0.0112896515845964	0.00814631168078001	0.00868591419504037	0.00774599311447377	0.0069290045367838	0.00817632722393583	0.00644455640662252	0.0063539537755832	0.00471513329177994
72067	65-69	2	0.0132279071481635	0.013011658428555	0.0154386990221857	0.0108966138446963	0.0116340692714702	0.0100634616649298	0.00982970034670199	0.0083406390406308	0.00860558953486462
72067	70-74	2	0.0257007751499536	0.0246401502857062	0.0201362614828786	0.0223200163702679	0.0197590713194554	0.015333765013175	0.0122986851597386	0.0135643170748907	0.0120883657718313
72067	75-79	2	0.0371566315398074	0.0431577036710204	0.0319442964432354	0.0324090067143623	0.0265854641857634	0.0247148506806112	0.0276123122487632	0.020746448770297	0.0215289179819875
72067	80-84	2	0.0446900362185173	0.0530409368052468	0.0555154087228614	0.0606893738335622	0.0528071209883904	0.0484445414794553	0.0477073693397914	0.034751426741728	0.0329481147302417
72067	85+	2	0.119425238986551	0.106995006343663	0.109247791894173	0.096354142437511	0.0862605197907658	0.0985933833758064	0.105483438110147	0.0851040622641167	0.0952311234939152
72069	0-4	2	0.0028167005420784	0.00289240931944454	0.00225381280111532	0.00220355387829779	0.00211905723159829	0.00162478754608432	0.00135393533232896	0.00117855936313911	0.00150025791492013
72069	5-9	2	0.000136909260639	0.000138690045052175	0.000148398144567537	0.00013883897370953	0.000116265131605334	0.000104183906576156	9.57794744154664e-05	8.25982272537708e-05	8.39822897085735e-05
72069	10-14	2	0.000172610060549777	0.000173578516909994	0.000170071966810815	0.000153408037121201	0.000140783792943947	0.000126075698329461	0.000110902959353774	0.000110063513655303	0.000102165798881916
72069	15-19	2	0.00052359841719829	0.000462578707863953	0.000501606418532699	0.000496742827344624	0.000433685551294105	0.000413131516109457	0.000359204992481437	0.000348748786752458	0.000330791205177814
72069	20-24	2	0.00114250677993209	0.000875262371182936	0.000845387529114276	0.00074725502739716	0.00079281390310874	0.000812561538235751	0.000670184398469011	0.000631958673791724	0.000541185636800769
72069	25-29	2	0.00112069352134134	0.00126551778826938	0.00116852358759947	0.00106997287116214	0.000910226341740486	0.000788245269391878	0.000918895136683471	0.000700830468013104	0.000737853765248115
72069	30-34	2	0.00151815520118579	0.00130125100169873	0.00134532421627584	0.00144658823149965	0.0011928137243884	0.00098025616870773	0.000839258352783216	0.000873550996470039	0.00111007930813433
72069	35-39	2	0.00203881634983306	0.00184523173765565	0.00175002806231881	0.00176480140840817	0.00162072701165041	0.00160550438152307	0.00116550930214447	0.00109894568281607	0.00115615179709987
72069	40-44	2	0.00216816988076788	0.00204760838953875	0.00214100948845431	0.00190860641315525	0.00201860664793119	0.00178700249918119	0.00135100402833115	0.00142458284891488	0.00129078283085706
72069	45-49	2	0.00373006011544577	0.00272486450030217	0.00302844087612375	0.00373872693514169	0.00287365774893481	0.00245133627673471	0.00215356105307298	0.00175386633042568	0.00221287969945838
72069	50-54	2	0.00486272605382918	0.00400332329859224	0.00365760094444347	0.00453282786496994	0.00399870022570966	0.00303163941318584	0.00307238947561558	0.0031120499178079	0.00330614586209611
72069	55-59	2	0.00649450108173804	0.00578447246290037	0.00560033887765695	0.0060030781462969	0.0053432430712058	0.00426028847910945	0.0042737997634541	0.0044621382137829	0.00448777377557611
72069	60-64	2	0.0109704995924181	0.011323630154474	0.0114605040430634	0.010357482954535	0.00798628628223608	0.00723686495717042	0.00685911182835649	0.00619621936503574	0.00546770387806855
72069	65-69	2	0.0178443547448833	0.0157444645504569	0.0154835601294115	0.0138167178156973	0.0131441826819293	0.0106318592893998	0.0102062402879984	0.0081705734276073	0.00816623559527484
72069	70-74	2	0.0294334003141175	0.0269682296936562	0.0267257855821314	0.0225400785621647	0.0216177751724449	0.0186912142357625	0.0184341883500538	0.0136400574557151	0.0153516593579746
72069	75-79	2	0.0452623669816437	0.0389583485039318	0.0394658179566568	0.0402158954550183	0.0324038329629676	0.0279713691756523	0.0255345837664394	0.0220558661158747	0.0212697589951654
72069	80-84	2	0.0980089593952294	0.0721463976236117	0.0615079860289979	0.0731485713762365	0.0602558856090937	0.058535245278306	0.0467738248711524	0.0450888753773151	0.0412962063416049
72069	85+	2	0.176801817215673	0.136208955172189	0.14086854107398	0.136601421220781	0.105998639019357	0.125923683401081	0.114146337780124	0.110633615685797	0.0995544483329906
72071	0-4	2	0.00228975635180956	0.00224763426766677	0.00219612075746004	0.00222649800885213	0.00171159512661973	0.00166429709817178	0.00130243540336278	0.000961380551920006	0.00126307515727865
72071	5-9	2	0.000126192309533768	0.000134797718856641	0.000126040464432494	0.000117424446247897	0.000117324815399864	9.5419210226543e-05	8.7377905559194e-05	7.85227632031147e-05	7.98725613556619e-05
72071	10-14	2	0.000189829688025158	0.000155605863727661	0.000173987251965949	0.000142152849765343	0.00012400618402627	0.000126552467863236	0.000116278115027429	9.56852623591769e-05	9.72033293305335e-05
72071	15-19	2	0.000563116831067974	0.000475032972338744	0.000505152098790162	0.000515502030452492	0.000391808831625783	0.000416359447870792	0.000326538937571353	0.000296834591183752	0.000317576740000808
72071	20-24	2	0.000893818653357234	0.000787879350004294	0.00080096990914038	0.000809592276799038	0.000745626629638398	0.000712124990907348	0.000613030737401335	0.000565728335467722	0.000595669986642471
72071	25-29	2	0.000975551200959143	0.0011235097080602	0.00109074248451988	0.00105591541258529	0.000916340043142172	0.00087168195563385	0.000842800595107017	0.000722318537874289	0.000732619160661002
72071	30-34	2	0.00138434283538849	0.00125088611252974	0.00120926574008662	0.00109314297953219	0.00119791518154206	0.00107458683383938	0.000906531010731416	0.000972521378418761	0.00125656580819362
72071	35-39	2	0.00159545179355966	0.00168235443220593	0.00161645392449993	0.00154713277443585	0.00160121828041526	0.00148848601686559	0.00117107319958542	0.00113543493322301	0.00132365293498509
72071	40-44	2	0.00242377806067528	0.00214463898331273	0.00208122886843984	0.00218814823140153	0.00164503310210978	0.0014140448326627	0.0014644558030431	0.00135383291373938	0.0014635367394822
72071	45-49	2	0.00321921388360891	0.00281162744365232	0.00269886609026189	0.00274250482064422	0.00236885435246256	0.00226443473478833	0.00227460775001043	0.00179078544283762	0.0018663945126471
72071	50-54	2	0.00450177709855128	0.00431479775475438	0.00387006427068254	0.0042021686009682	0.00358026180076126	0.0030944780361312	0.00221600771347908	0.00314479837261832	0.00256117076767046
72071	55-59	2	0.00682931137876301	0.00703186236996719	0.00595319780069916	0.00600481168841027	0.00587247733213974	0.00501273937861665	0.00437537704017593	0.00352171646735712	0.00393897232799667
72071	60-64	2	0.0107060306765374	0.0109148420216819	0.00993110202217888	0.0121372304556171	0.00794524686729966	0.0085008948516508	0.0064803593214499	0.00646584351806232	0.00685544167619037
72071	65-69	2	0.0146513549976362	0.0165878703972026	0.0176681846176088	0.0153635699829119	0.0148928354613366	0.0132459903991824	0.0116161571456437	0.0105812635521158	0.0092532519816596
72071	70-74	2	0.0261057804834523	0.0257114834016737	0.0253286281040213	0.0259329545025945	0.0235267177125488	0.0193545954424923	0.0177334997405269	0.0149056712480114	0.0146513155775871
72071	75-79	2	0.0389029210875287	0.038543178315827	0.0413077006940111	0.0338180780301758	0.0396614212831634	0.0375535310803052	0.0272454206386422	0.0243974617817698	0.0208903211405801
72071	80-84	2	0.0819815002541799	0.0706790005969193	0.0669376721540144	0.0628128146579914	0.0526247206360429	0.0565951557654326	0.0506712174350563	0.0431047070621092	0.0420046058093196
72071	85+	2	0.15750400612273	0.139079520048522	0.144637107189554	0.138448839813394	0.140775136040021	0.1122848274428	0.116528907912821	0.0999567038574361	0.102199536770458
72073	0-4	2	0.00350623766927386	0.00220452601134451	0.00217463813837531	0.00183496291309799	0.00154439099195245	0.00141747449614315	0.0012894467107311	0.0011644720255813	0.00119154228786046
72073	5-9	2	0.000132786233419515	0.00012309628958616	0.000131856358369218	0.000122478283919445	0.000106008529097842	9.42795663552742e-05	8.61496715798952e-05	7.71068500017733e-05	7.82267603582263e-05
72073	10-14	2	0.000161729984357534	0.000150225053060993	0.000146715808560088	0.000149474391027066	0.000129466068194724	0.000126554157658148	0.000105474971241356	9.44360890325582e-05	9.5800086545303e-05
72073	15-19	2	0.00048463193122514	0.00056447653530265	0.000530157567559513	0.000472402193655621	0.000394124744989261	0.000384825793353148	0.000355040052157148	0.000307084704533596	0.000312147925946431
72073	20-24	2	0.000920097855571524	0.000934710060702144	0.000874230952465325	0.00095903879508935	0.00070736224616435	0.000665638688860773	0.000670372153696741	0.000612387858280869	0.000572003707309773
72073	25-29	2	0.00117728389091526	0.0010524319977405	0.0011638308045931	0.00114009196823948	0.000960241994915481	0.000822419620259124	0.000831367775182169	0.000695268477291147	0.000740615233560901
72073	30-34	2	0.00141277518745685	0.00135934164793113	0.00131796706554307	0.0012787039175332	0.00112796266512407	0.000979085184966874	0.00089838843046185	0.000855098927556797	0.000835385588806748
72073	35-39	2	0.00194260622447517	0.00172426256688913	0.0015977615410138	0.00159466221797751	0.00134957939826719	0.00123415721052327	0.00125138241033446	0.00108392190056393	0.00101685073395943
72073	40-44	2	0.00245065621371343	0.00240250900799218	0.00211894373678198	0.00210010180823523	0.00176097484269896	0.00152297564714372	0.00143438820481508	0.00121803836970671	0.00138596700189248
72073	45-49	2	0.00282805467755759	0.00278878009577842	0.00274658157079862	0.00277874126845882	0.00224812919220251	0.00234727343219741	0.00200462992587882	0.00195755974739086	0.00178551451592299
72073	50-54	2	0.00460175905364067	0.00479507452456211	0.00587203726454936	0.00392186393447117	0.00306025293130444	0.00307309889423794	0.00256628954567899	0.00302574736943926	0.00307034224622726
72073	55-59	2	0.00586178840567043	0.00679061168343424	0.00619096873085393	0.00561797877901583	0.00433772915256905	0.0037167871782103	0.0040941455303426	0.00353479147520421	0.00379126188074251
72073	60-64	2	0.0114285680704054	0.0109192466127113	0.0120319819734925	0.00932800307585832	0.00772031169131573	0.00797230469947968	0.00553082761585657	0.00558965313629062	0.00516521352126269
72073	65-69	2	0.0163336294288209	0.0160906209315487	0.0163182663313602	0.0145232684198457	0.0125267531933133	0.00900015715828908	0.00899001764219345	0.00809738903346524	0.00761752179713047
72073	70-74	2	0.0296741510780471	0.025025065703209	0.0279865215797643	0.0218745787240789	0.0203850372924483	0.0168290897270641	0.0158011651088312	0.013828895706515	0.0132804198236573
72073	75-79	2	0.0436634714095497	0.0462314748121604	0.0377011287667814	0.0419908936510426	0.0276543229992194	0.029192636052256	0.03072556255491	0.0176685739025562	0.0243609174307877
72073	80-84	2	0.0646077755833374	0.0861394439243307	0.0649206046109426	0.0747832537793213	0.0553286893569612	0.0550356109786394	0.0398413866004385	0.0400224609458555	0.0311323876591261
72073	85+	2	0.166975421111542	0.172466576262791	0.134889498995668	0.145167514175677	0.122417192906108	0.116156755896189	0.096698593114342	0.0973791424251111	0.095522259313487
72075	0-4	2	0.00363953178439896	0.00243074052748088	0.00223509771399237	0.00222842570168089	0.00164295927787661	0.00148316064802171	0.00137261859489043	0.00112059148297454	0.00120932092076943
72075	5-9	2	0.00015265398322627	0.000130896408272206	0.000153089376514466	0.00013067514470519	0.000119336253119053	0.00010204802857574	9.39596584900555e-05	8.43492282645435e-05	8.59834048531903e-05
72075	10-14	2	0.000168972448801477	0.000179313514381431	0.000161291168885423	0.000151166986210831	0.000126566691014764	0.000123585604052644	0.000113841348466936	9.79801706494864e-05	9.98548848285025e-05
72075	15-19	2	0.000590134707351261	0.000505142183071361	0.000463082677864779	0.000489931997805274	0.000389404432494325	0.000460495159030852	0.000354628963783621	0.000300936076831591	0.000309836931237227
72075	20-24	2	0.000900894303000915	0.000859253906829341	0.000929567503628539	0.000809753201124301	0.000746697874535801	0.000675791715663174	0.000727390445290761	0.000562383680278002	0.000533377070049616
72075	25-29	2	0.00116701428609498	0.00122758882366884	0.00122260249869279	0.000980993103312078	0.000850115869558578	0.000802840058545747	0.00077820328094839	0.000748530695337934	0.000707410971866613
72075	30-34	2	0.00148991650794606	0.00148594979812681	0.0017035473176456	0.00142228311124338	0.00117592897403867	0.00101907808218455	0.000923277448209653	0.00099613769700834	0.000875905057347563
72075	35-39	2	0.00179076951650836	0.00151562433910701	0.00187373243014591	0.00174957742900758	0.00139333032697506	0.00129948574131087	0.00133955184155729	0.00103461896263656	0.00108692742268241
72075	40-44	2	0.00228470908685041	0.00215806868742046	0.00202264551835142	0.00218186156060998	0.00194370410393162	0.0014388938644787	0.00137713059699515	0.00117552543849729	0.00138813601107789
72075	45-49	2	0.00321575074304826	0.00275354159799472	0.00301189360831069	0.00296074795449616	0.0026385276054648	0.00228142422307707	0.00232545645638253	0.00169852981315145	0.00182419125724924
72075	50-54	2	0.00505202554496909	0.0050393697174055	0.00427462760599436	0.00395505950659216	0.00345436944205537	0.00303835191015307	0.00304865729664239	0.00270337752402168	0.00305987110254475
72075	55-59	2	0.00640785941605457	0.00778972315438614	0.00632745237867772	0.00672434670355221	0.00521538324647058	0.00566291198710612	0.00500013388126009	0.0040718319146445	0.0033137868495574
72075	60-64	2	0.0124362338323428	0.0114220970723999	0.0098336133640648	0.0102690841419148	0.00924286816929218	0.00787466583671981	0.00627307648665131	0.00536499059794923	0.00617397607706386
72075	65-69	2	0.0151897267654736	0.0160053514695908	0.0161201242809414	0.0153286234918149	0.0149529483724315	0.0123498656490331	0.0101338407682949	0.0087206742904693	0.00857648101116678
72075	70-74	2	0.0326261568583193	0.0301333553997846	0.0208439556459722	0.0270846735007093	0.0228431861627405	0.0199204416599934	0.0165099791188976	0.0129534965528917	0.0148044868044719
72075	75-79	2	0.043911165659192	0.0378596147946586	0.042052882342249	0.0430569599349973	0.0359362100983919	0.0295155231346132	0.0272153216767349	0.0212506618405744	0.0224213024691218
72075	80-84	2	0.0740538027281873	0.0691679939865419	0.0813652855062715	0.060610349254423	0.0593623655943862	0.0558222303356718	0.047892721197614	0.0348213731885201	0.036464766233919
72075	85+	2	0.139398785808567	0.135098684767753	0.140857564252085	0.151556581897431	0.140589370536626	0.118237350191502	0.12126752653335	0.0974064652923863	0.0889904526430358
72077	0-4	2	0.00265007365722091	0.00228177681155424	0.00226907238096524	0.00235127464685628	0.00161810949813745	0.00157181936007065	0.00148143962004747	0.00151565950127384	0.00137861993457071
72077	5-9	2	0.00014481802944442	0.000134493557168253	0.000150351983309641	0.000133119014373324	0.000110289769641192	0.000107884767813082	9.43726154961879e-05	8.87098111595616e-05	8.62264323154865e-05
72077	10-14	2	0.000168470995060441	0.000163378075218306	0.000166727531704718	0.000162225917814539	0.000140884685772136	0.000125536709671331	0.000114974415145751	0.000103063442436631	0.000105004957203867
72077	15-19	2	0.000695489750168691	0.000531279440500172	0.000497339887226706	0.00054638210473293	0.000482217306194657	0.000398641894253296	0.000416501201930812	0.000350155473470037	0.000327764125699898
72077	20-24	2	0.00102080011975255	0.00101921933110724	0.00101942098762886	0.000911763962168832	0.000805267581319873	0.000866560752746074	0.000805073157349918	0.000606514207818062	0.000697760395530159
72077	25-29	2	0.00122892246939463	0.00111035939314779	0.00122805165342585	0.00115619569889477	0.000884132964296681	0.00095464094891068	0.000861770150331661	0.00072115979645802	0.000723579048626497
72077	30-34	2	0.00133330159751744	0.00136451262457399	0.00169062248992297	0.00141846990409138	0.00106267691508975	0.000958002955702152	0.00105403455488517	0.000980356325448813	0.00104428215791022
72077	35-39	2	0.00193358373782139	0.00191698987053073	0.00154913184444669	0.00153296527488427	0.00152456179264125	0.00145564366380321	0.00122466584740193	0.00112241236594873	0.0012202565504295
72077	40-44	2	0.00234836688980572	0.00226070257069101	0.00206248500707889	0.00224373689403589	0.00192977878559672	0.00188448168231216	0.00150310426863278	0.00134529791397198	0.00138382923325599
72077	45-49	2	0.00331280823645017	0.00327927636920332	0.00276223755955272	0.00292353035311097	0.00248401020084375	0.00263076686527813	0.00222392508306084	0.00191261221079689	0.00180908542794706
72077	50-54	2	0.00460894547415718	0.00403776086865695	0.00462167576266198	0.0040553407721606	0.00346352506266583	0.00342262971163567	0.0032950358778072	0.00284967159515253	0.00287204315667488
72077	55-59	2	0.00695868847664107	0.00729884693364178	0.00553343149832166	0.00665521454756294	0.005526476206982	0.00651629309920199	0.00520905202220326	0.00417753604493607	0.00387045266946012
72077	60-64	2	0.0111701397108518	0.0111729553000651	0.0101931883933315	0.00918833094707231	0.00937338073688601	0.00840458193611801	0.00836090318585566	0.00658026982437379	0.00753217370958092
72077	65-69	2	0.0174549843696938	0.0144618718963945	0.0163075280275273	0.0114567027734113	0.0122813238849559	0.011374827220056	0.0106605176206781	0.00915162671413678	0.0109544021734196
72077	70-74	2	0.0227357179329811	0.0296466867712716	0.0256574989637299	0.024991910746168	0.0205683813641603	0.0233127371504748	0.0167576940773658	0.0156671482671968	0.0158527660295635
72077	75-79	2	0.0436395558352613	0.0410443653068176	0.038834101617692	0.0355947234133337	0.0346146331809867	0.0315093841355858	0.0295937793610116	0.0231113079742441	0.0250579261503183
72077	80-84	2	0.0876599049243903	0.0774713915390032	0.0673919098819272	0.0723389747244244	0.0614899981695487	0.0587305944037435	0.0471523105952708	0.0501420632141538	0.0386891111558917
72077	85+	2	0.149084091930728	0.135894604486361	0.134736977499135	0.0996508571060099	0.118827434343699	0.118539637616795	0.114281807459022	0.106299254166288	0.106312764395981
72079	0-4	2	0.00258624652949384	0.00193682193241103	0.00199494068983477	0.00193123134216617	0.0014750247493384	0.00145770436780432	0.00141882181053753	0.00105161967950767	0.00110148334802284
72079	5-9	2	0.000138074990336686	0.000128131871327421	0.000131152417500558	0.000122017972681167	0.000110952140792643	9.87135419446822e-05	8.62747934622889e-05	7.72127505566433e-05	7.83298790969432e-05
72079	10-14	2	0.000153525023023452	0.000170981498837644	0.000145680011984673	0.00014891361222994	0.000123513933491709	0.000115007082210726	0.000105393807255641	9.44621137704524e-05	9.57633537376631e-05
72079	15-19	2	0.00052343697183117	0.000463432840857586	0.000451833899526768	0.000502353829797923	0.000405419742163592	0.00039588470987859	0.000350435604591954	0.000331797458625742	0.000309423440715501
72079	20-24	2	0.000945867003844771	0.00089099966177683	0.00094205361528352	0.000908674390782059	0.000768793127146448	0.000649036510479415	0.000739223329915846	0.000569823501928388	0.000553885278197531
72079	25-29	2	0.00102632363843838	0.00117756517694381	0.00106407317838905	0.000985158296780451	0.000941195778250499	0.000968705426491901	0.000748150217644409	0.000770278784099064	0.000748222149231842
72079	30-34	2	0.00156994724164255	0.00128905016870686	0.00117228455704928	0.0012730941270666	0.00118278793708444	0.00100754215560975	0.000945698774862557	0.000916400555807811	0.00100407865129684
72079	35-39	2	0.00185808628099716	0.00160810351533415	0.00141091751641028	0.00167163234168054	0.00133885296813859	0.00126067750418239	0.00126531044093797	0.00112970434530932	0.00107900776503769
72079	40-44	2	0.0019538616234714	0.00203088350494934	0.00201184039699358	0.00202825583512409	0.00163951971136741	0.0016064161848796	0.0013766815598285	0.00161463685212988	0.00153743699096654
72079	45-49	2	0.00312839554330032	0.00272554329854248	0.00309483148403566	0.00238989902206376	0.00220620674995182	0.00205746167158596	0.00179254102737676	0.00201219817084428	0.00233423842467853
72079	50-54	2	0.0051334022028715	0.00432579299822678	0.00386537749351016	0.00423591972131277	0.00348189381734718	0.00349767780058451	0.00357710181584924	0.00301127263950733	0.00278030354662336
72079	55-59	2	0.00596418567291649	0.00743309912101122	0.00607643660292529	0.00600135446475724	0.00460568872717005	0.00582404082281206	0.00601982520697895	0.00342009348426421	0.00388080038944171
72079	60-64	2	0.00994084357839339	0.010177964803696	0.0104794740948313	0.00985752976997605	0.00901868387920602	0.00814856348316271	0.00676686916156904	0.00641991608462954	0.00589025420518097
72079	65-69	2	0.0149515775648746	0.0119813188477681	0.0130576308401357	0.01193811313735	0.0116746772148971	0.0106444577271883	0.00992236132703214	0.00934392838408224	0.0097428502686229
72079	70-74	2	0.0233700627292461	0.0255547691428621	0.0238565733397508	0.0217978172360183	0.0219396924330821	0.0168102974239101	0.0140377015361923	0.0127881990596305	0.013322781338315
72079	75-79	2	0.0427063591996107	0.0476700922956477	0.0338878901032048	0.0350514261507853	0.0312372672850619	0.0305584545615808	0.023436872880366	0.0250608842926935	0.0218879861241098
72079	80-84	2	0.0739881144623929	0.0743693529812386	0.0703765354113442	0.0643117299730696	0.059127063824065	0.0562238292983383	0.0498257345914981	0.0395438002143219	0.0352882626229675
72079	85+	2	0.124663820403978	0.120443639702631	0.150791075184304	0.134635493544698	0.115518600318859	0.121110224749197	0.116209423756477	0.108179626900948	0.0978437493429427
72081	0-4	2	0.00230270033180657	0.00186931105182597	0.0016838095330407	0.00207850747359573	0.00158250867486037	0.00125987377932656	0.00117042843237801	0.000986686881595895	0.00122879241304676
72081	5-9	2	0.000130116603514341	0.000120592484246306	0.000117880607271006	0.000114504949717622	9.52445531304916e-05	8.89193200436891e-05	8.5384073540966e-05	7.66210560001397e-05	7.77760523780896e-05
72081	10-14	2	0.000157807976785232	0.000139913552020076	0.000136720165604305	0.000151957539059431	0.00012677740797216	0.000108229352808857	9.93503679219307e-05	9.36192651213542e-05	9.06950111636081e-05
72081	15-19	2	0.000490816658285523	0.00044388148473301	0.000472896555246047	0.000458174162966444	0.000357944737876339	0.000352878229849706	0.000313167272266997	0.000297770524840952	0.000332921112242712
72081	20-24	2	0.000903041337657074	0.000878051560545289	0.000856030878869194	0.000709053997984699	0.000703746235026875	0.000646466257409238	0.000556497926489155	0.000532392558505352	0.000543083435971981
72081	25-29	2	0.00108427299643308	0.000961085568741415	0.00108005134181653	0.000935628263966641	0.000930153973877881	0.000782347340691032	0.000710384080560941	0.000745678209478955	0.000669945430377477
72081	30-34	2	0.0014479711368227	0.00129139874235322	0.00129016404816971	0.00115429319538769	0.00115718537867329	0.000965756863071259	0.000904015014433018	0.000770192665380364	0.000759406803157973
72081	35-39	2	0.00158841821767968	0.00146846025118596	0.00145712293954435	0.0013319259782407	0.00122683363412274	0.00127547812094167	0.00116828872464366	0.00112906007117259	0.00119197771340722
72081	40-44	2	0.00213109886516368	0.00193329735012976	0.00214942442041077	0.00179305744385344	0.00149367299005519	0.0018574478265269	0.00147682500188608	0.0011386908310962	0.0010774205580221
72081	45-49	2	0.00251681698368266	0.0025136756844682	0.00266667292376936	0.00254853778338438	0.00232061537639001	0.00190489174164821	0.00196794430972089	0.00166707938657484	0.00163781554663132
72081	50-54	2	0.00351307582616353	0.00337453076648988	0.00370140201827553	0.00316702400742758	0.00264658949856336	0.00328540850278498	0.00221672782182033	0.00230665768603792	0.00288567134542453
72081	55-59	2	0.00585430536411209	0.00673529694564893	0.00683484454245784	0.00548516665625827	0.00489955864536853	0.00460347626333169	0.00488567912196685	0.00361992545481136	0.00414836449065282
72081	60-64	2	0.0107320616478906	0.00991293641438054	0.0102118689273886	0.0106942235771543	0.00859049799463267	0.00699623699271837	0.0063305899322801	0.00478278567578834	0.00539164115009729
72081	65-69	2	0.0132189219105036	0.0135305569695794	0.0116749459272434	0.0114370317974846	0.0137146441200376	0.0114831171913995	0.00989716813286748	0.00782180371194513	0.00657821035619745
72081	70-74	2	0.0250019312133743	0.0246438115458425	0.0232197236212611	0.0232241445640869	0.0194090236110222	0.0150310427304782	0.0170080736901926	0.0142295971045546	0.0144744767756228
72081	75-79	2	0.0322735351826575	0.0383170540527764	0.043100103485145	0.0275081318065705	0.0293700002481607	0.0306253690005942	0.0267340896290546	0.0238631783284716	0.021577244270693
72081	80-84	2	0.0614972863580665	0.056877121988508	0.069869752047414	0.065722836545253	0.0546063072080324	0.0541885433023007	0.0568133427050212	0.0408648870484604	0.0422039631377682
72081	85+	2	0.159565908031724	0.140100646635405	0.124416752410745	0.122436578172096	0.130981188688997	0.103634607642851	0.102633986549451	0.0985433901942826	0.0858703561039996
72083	0-4	2	0.00192794835347575	0.00187124033085561	0.00183704657139171	0.00182760626901408	0.0014780502256274	0.0013072493207232	0.00113741653709361	0.000804476438844307	0.00103348347713157
72083	5-9	2	0.000115261057638062	0.000112111419522493	0.000109206025516916	0.0001063575374586	9.21807604982541e-05	8.57065352706126e-05	7.80804066863405e-05	6.98449399051887e-05	7.07124552305746e-05
72083	10-14	2	0.000141274401057559	0.000137384420634532	0.000133758993187054	0.000130163860985891	0.000118290679078916	0.000110072981782201	0.000100415414494224	8.57075575223076e-05	8.66830298719795e-05
72083	15-19	2	0.000497741496328238	0.000444481724125875	0.000433622242357656	0.000440943925674069	0.000420665548816054	0.000342031615808558	0.000313275143879619	0.000282514368058463	0.000299662967650595
72083	20-24	2	0.000948135471151474	0.000889119358805513	0.000792042958924935	0.000764320349501177	0.000726889098446464	0.000626805977559509	0.000575478438505015	0.000520660888676172	0.000555572980562062
72083	25-29	2	0.00107838898312098	0.00113991133649876	0.000973933803820283	0.000991698655605455	0.000868659271316189	0.000776907449882578	0.000719642493311302	0.000651350347624845	0.000660704570460346
72083	30-34	2	0.00127013204288691	0.0012971013094851	0.00121273402630663	0.00123008620120967	0.000989831914729558	0.000971880319656551	0.000892311338904372	0.000810801440521377	0.000785205254376949
72083	35-39	2	0.00160420176297516	0.00146755984458171	0.00153540856276673	0.00142371276796615	0.00130681746049588	0.00118899546822372	0.00105113631958244	0.000993267067481423	0.00105856326201536
72083	40-44	2	0.00196579351522038	0.00187630781942023	0.00212529038129642	0.00181983526274417	0.00196090941207762	0.0015706623834035	0.00140398138429736	0.00121600093042904	0.0012309815378704
72083	45-49	2	0.00252927013198975	0.0026552570402297	0.00274796777854192	0.00248035109645477	0.00207045105536297	0.00220092114430438	0.00172485465085934	0.00158884452067043	0.00168087399367551
72083	50-54	2	0.00397422961564332	0.00383325643633769	0.00375755214301667	0.00321153228997551	0.00313457595717844	0.00288198031495501	0.00249104197334844	0.00298648058343994	0.00234535962689211
72083	55-59	2	0.00532681941574118	0.0063376962830552	0.00501601064115309	0.00527189340934957	0.00496492149290053	0.00419676154336098	0.00386326396974564	0.0034281258831607	0.00347493197106619
72083	60-64	2	0.00962375455587251	0.00938916901616143	0.00799255624361205	0.00932836593769801	0.00748616649554215	0.00551987383413911	0.00608424878812893	0.00550576362335979	0.00491328525421445
72083	65-69	2	0.0126058674327954	0.0137966357290735	0.0117504389089448	0.0104355197654474	0.0121310074352275	0.0120560354668818	0.00852419583049369	0.00874100411977321	0.00898664031563523
72083	70-74	2	0.0185971386553296	0.0222260168205195	0.0239213691612811	0.0196819550102222	0.0182312549842197	0.0173870758643353	0.0142506621132052	0.0118708396255094	0.010032094269323
72083	75-79	2	0.033497046087666	0.0297506377321494	0.0324746650117095	0.0282523318838527	0.0267738296174502	0.0232708769564632	0.0251352296873437	0.0233646559999781	0.0202374662283626
72083	80-84	2	0.0492230475860467	0.0710113901358751	0.0490159361755111	0.0648886620229818	0.046896426505331	0.042912652650612	0.0366911683545139	0.0330025872073825	0.0297687038766142
72083	85+	2	0.143505066029839	0.129622571058423	0.116171357862985	0.0975119876986028	0.0969486816744986	0.104141930833076	0.108072273458908	0.0777789297637111	0.0764085532881116
72085	0-4	2	0.00241835694150785	0.00220355684177037	0.00247126227343346	0.00230114288221685	0.00156782589536607	0.00161805619848669	0.00141698880942918	0.00101144193857068	0.00130011783606292
72085	5-9	2	0.000123261361824681	0.000125078747451931	0.000122134667696642	0.00011848130621296	0.000102930607758877	9.5698175996779e-05	8.38984614589344e-05	7.51849986179325e-05	8.01801293915196e-05
72085	10-14	2	0.000157034801844798	0.000158638036618633	0.000141336153330877	0.00013740054277555	0.000125210879747908	0.000116486874695927	0.000102263920721593	9.17667703725797e-05	9.331036660272e-05
72085	15-19	2	0.000544930966905207	0.000505208399117441	0.000490813950400217	0.000454354193739556	0.000416780930202352	0.000407179876339242	0.00034721082956954	0.000289512931400849	0.000295341504653942
72085	20-24	2	0.000834128338470294	0.000806230788315599	0.000839977774991644	0.000741340733183693	0.000650569573720187	0.000645520437320821	0.000652081629870818	0.000578417159504369	0.000542400928829352
72085	25-29	2	0.00101741229035401	0.00102332085966186	0.00102774504937704	0.000911518361891109	0.000797157003901334	0.000884536935356191	0.000788832565093978	0.000677236025020358	0.00069283607081185
72085	30-34	2	0.00127428844796582	0.00135414973607235	0.00125707347356125	0.00116215680024818	0.00105801154885781	0.000976078958125166	0.000843982730013656	0.000815809194269922	0.000833283933176764
72085	35-39	2	0.00181944793315153	0.00146606018937947	0.00169640398756953	0.00178228310123028	0.00138971704242762	0.00106157099789179	0.00104762623396773	0.00104746244639904	0.00100144476451787
72085	40-44	2	0.00201435164384522	0.00183951989910157	0.00183715236843816	0.00202347911735082	0.00152333925932079	0.00160519415305539	0.00124975647378624	0.00136863556113396	0.00117562352911248
72085	45-49	2	0.00296493325708422	0.00232844396903323	0.00257589070357285	0.00243276234388699	0.00225249451554019	0.00184049722062392	0.00172673589086473	0.00188615555375686	0.00164617449937418
72085	50-54	2	0.00528108986181341	0.00483991083223001	0.00372259484010585	0.00369802798278273	0.00392237186008507	0.00301628275228807	0.00237932218968624	0.00262182909321848	0.00274247620781612
72085	55-59	2	0.00664222548732022	0.00612591600551653	0.00550066654353001	0.00539964816613641	0.00457814424300643	0.00480732392090206	0.00368372663503595	0.00355301102569058	0.00352181135679
72085	60-64	2	0.0110744328937565	0.00868024291205586	0.00990353900250615	0.00709674017345379	0.00722697104544899	0.00771442148396193	0.00624639605183909	0.00594996278287213	0.00603731178097906
72085	65-69	2	0.0163578498723652	0.0157929575609943	0.0149503083289369	0.0133289752465178	0.0102987020630042	0.0105494915570553	0.0111366744916456	0.00768057327532627	0.00748112538466734
72085	70-74	2	0.0221333486910168	0.0280564538230766	0.0237393126062724	0.0208314515993342	0.0190041883598535	0.0182427319352092	0.0172135452836787	0.0123853638304605	0.0110899991751709
72085	75-79	2	0.0397836977777782	0.0342339034913744	0.0335897153739103	0.0326417936623392	0.0368560572439033	0.0274658518699897	0.0272462474580018	0.0218595313003515	0.023392483952619
72085	80-84	2	0.0795177252364279	0.0617265163531841	0.0826016042748606	0.0674959018326343	0.0638695664261789	0.0512427669824079	0.0536666561843214	0.042473526071306	0.0454641255183859
72085	85+	2	0.145930586816617	0.12447854062662	0.117844354979698	0.132116811169328	0.12669514409719	0.0971774362692408	0.127180624467869	0.112124149087541	0.107356244884418
72087	0-4	2	0.00332671103230015	0.00311063502145512	0.0027283899809014	0.00219116310620795	0.00156851293718178	0.00171138711585462	0.00129965734187909	0.00128675512688862	0.00125723648074826
72087	5-9	2	0.000170614901182423	0.000150125548052105	0.000160416908622804	0.000156579595403261	0.000119279336893549	0.000106862130682484	0.00010277644964745	9.20131521831659e-05	8.9514140626012e-05
72087	10-14	2	0.000189664887571718	0.000166931513697965	0.000162935637612166	0.000165991280458166	0.000151601923954658	0.000136250051379491	0.000131388706075133	0.000107246113637665	0.000109339483258922
72087	15-19	2	0.000613548147379093	0.000570021848770624	0.000577542421417707	0.000536929565809692	0.000474337771171391	0.000429782955862303	0.000386352468536969	0.000340523322839189	0.000348995599773881
72087	20-24	2	0.000911782077896931	0.00114137905310264	0.00099094764115087	0.000915903920403857	0.000834923411827467	0.000798636645932358	0.000774977559821256	0.000600039362719463	0.000625213390351714
72087	25-29	2	0.00129188941329373	0.00119495731141745	0.00127536559046245	0.00114581542230051	0.000997975347324672	0.000877462780165415	0.000831786681618013	0.000824408783570512	0.000794549150035286
72087	30-34	2	0.001561398851336	0.00128320861031071	0.00150200617894818	0.00150769870468005	0.00120589283828453	0.00119430722829472	0.00108276107905085	0.000985473406152152	0.000965791503345143
72087	35-39	2	0.00209719196508374	0.00189362876387016	0.00176476996970917	0.00199707969813426	0.0016568139934777	0.00135407778379812	0.00143709319094281	0.00139311646807448	0.00157868683676987
72087	40-44	2	0.00227773571600404	0.00260257848988791	0.00253637243266148	0.00227936647142281	0.00215090946153446	0.0019905614956932	0.00172780703002085	0.00155654755397194	0.00196423600471375
72087	45-49	2	0.00313299320804008	0.003566926322002	0.0030444136129364	0.00267774239553706	0.00281763356380333	0.00251701791705029	0.00271350218211153	0.00200674277846994	0.00220785689325626
72087	50-54	2	0.00500868221721755	0.00433091023458495	0.00443252617353507	0.00362826277888406	0.0032945369743326	0.00351058074439468	0.00332633357626076	0.00290409165889889	0.00316381859872562
72087	55-59	2	0.00733347719088195	0.00691344181721416	0.00679522784565155	0.00729508033325423	0.00544488247782895	0.00447708428832689	0.00523203412846298	0.00397334293506277	0.00370416928603037
72087	60-64	2	0.0112051524577877	0.00913201132256275	0.00990541091314186	0.0102060102822728	0.00862848263638068	0.00623496401320368	0.00561643647365796	0.00551414983501677	0.00668404203815617
72087	65-69	2	0.0131318328155648	0.0151049270128893	0.0155490604158298	0.015285708746161	0.0127095361221678	0.0111357243635903	0.0104461194070279	0.00811255805378717	0.0104397968471792
72087	70-74	2	0.0284291166486773	0.021504745806009	0.0238710440236115	0.0232119411541967	0.0183747092236137	0.0171602589773005	0.0148587152273864	0.0140747449240355	0.0125787889520918
72087	75-79	2	0.0401153069459645	0.0315980443216485	0.0440724527828619	0.0326771476775837	0.0309161306857555	0.03384259887313	0.02234727352651	0.0218143237738259	0.0212039326449612
72087	80-84	2	0.0663330558288052	0.0684963049462003	0.0635108200084766	0.0587600921495493	0.0427067899677546	0.0489404479973315	0.0523425915865112	0.0402279308507053	0.0401682123627916
72087	85+	2	0.10719553449791	0.108600825421077	0.127266630848175	0.106495193803107	0.0916281172831525	0.116508994427056	0.0956113951008749	0.0925607517128444	0.073385789978286
72089	0-4	2	0.0028742126043583	0.00306409698560337	0.00204558812824456	0.0024850153643631	0.00184397232503284	0.00179837503345547	0.00164166065788912	0.00119358488326641	0.00135353138892614
72089	5-9	2	0.000141081776402508	0.000144074010777793	0.000134267797051963	0.00013097708986186	0.00011337356930508	0.00010552532614436	9.6434566543287e-05	8.6130797412724e-05	9.64089296867542e-05
72089	10-14	2	0.000180585876632376	0.000183980016070069	0.000179580893380185	0.000160017219354248	0.000145130838646867	0.000134796475095116	0.000117667583547783	0.00011044785605823	0.000107219817839413
72089	15-19	2	0.000540950340162672	0.000523001893875935	0.000579471935664019	0.000545558506567608	0.000458279504045863	0.000427597401069441	0.000409421175579537	0.000338361850034448	0.000346977970127259
72089	20-24	2	0.00100549620032299	0.00114554101613435	0.000949107814934282	0.00100410097389794	0.000845877232339217	0.000766735482984994	0.000736934213794218	0.000614300523863795	0.000626477556607161
72089	25-29	2	0.00119082820159691	0.00134827970892347	0.0012509583782816	0.00115956627006784	0.00106444677454118	0.00101284493185897	0.000845397506557251	0.000763104457932751	0.000776899742965821
72089	30-34	2	0.00142854853927214	0.00133133365666209	0.0015140653929133	0.00132207708197701	0.00121407070701287	0.00113385975868447	0.00105707536868166	0.000910620248051683	0.00104802942461608
72089	35-39	2	0.00197539427570945	0.00188832001543295	0.00196457391693602	0.00192074256929289	0.00169283640232543	0.00157691275596575	0.00129949388292959	0.00121089312440554	0.00132011024965211
72089	40-44	2	0.00221333235574885	0.00283988414187951	0.00253601161912513	0.00255873751363715	0.00185432054881591	0.00195370795799713	0.00163473637329085	0.00159753470221913	0.00160126211757953
72089	45-49	2	0.00360916214242775	0.00263382964474841	0.00307598717491055	0.00368910320013247	0.00271198768402985	0.00247932673672486	0.00230719231451319	0.00211822198812835	0.00243823260953983
72089	50-54	2	0.00500814948598056	0.00502169304680557	0.00432574260774463	0.00482956297318086	0.00383107726953541	0.00344717923523173	0.00324965322687126	0.00324554074355813	0.00301304094537487
72089	55-59	2	0.00721534920455418	0.00717313522647064	0.00711932825175362	0.00670367671217607	0.00573600914826044	0.00618089172864362	0.00521894444864912	0.00511167321725071	0.00487720926879357
72089	60-64	2	0.0120848765329606	0.0112511185610888	0.0127771660294893	0.0104937019019311	0.0105574631178208	0.00820673571369396	0.00686293536737576	0.00709149834132166	0.00628057037612424
72089	65-69	2	0.0161193226046277	0.0146541015524346	0.0186682879525688	0.0189786260994882	0.012564768410517	0.0111776021164113	0.0102498360810981	0.009266274007778	0.00984851730195717
72089	70-74	2	0.0266138923003937	0.0337496283643445	0.02529584033157	0.0307626812375372	0.021576578273888	0.0212943702902945	0.0140993353080907	0.012333126423226	0.0174734913499981
72089	75-79	2	0.0307483115227311	0.0359737505973908	0.0402402107605971	0.0395250121520232	0.0319896370148879	0.0342158693111808	0.0269928742232883	0.0231865942560347	0.0218423715299723
72089	80-84	2	0.0439639669363015	0.0893516634517385	0.0608229339674642	0.0545728182615896	0.057157813078254	0.0578752156448323	0.047449133265725	0.0366722653852112	0.0357710297055011
72089	85+	2	0.146150581451542	0.179740061391137	0.142284541927764	0.129178422932565	0.108447289852148	0.106609746018787	0.113078491789599	0.111986647469464	0.106293785055045
72091	0-4	2	0.00276593729174769	0.00319478615909763	0.00235865476585318	0.00225498028808814	0.00193381603149562	0.00154731021531118	0.00163747156892597	0.00113714640189367	0.00132918685641274
72091	5-9	2	0.000154362026513717	0.000150191538428874	0.000134152672101377	0.000142920565856183	0.000108496204084682	0.000106283830520946	9.33565758515867e-05	8.37419629420454e-05	8.53237923531541e-05
72091	10-14	2	0.000195018934235959	0.000158997314484428	0.000177399259883798	0.000158278594512439	0.000137680511068372	0.000128690272849945	0.000113302357530824	0.000102076475347944	0.000104006725829958
72091	15-19	2	0.000562522765829124	0.000490486264866439	0.000479872569716594	0.000503681389101833	0.000463669345811702	0.000372014661705226	0.000360407911233608	0.000345069128126169	0.000340936124423677
72091	20-24	2	0.000937642534938839	0.00089119013898617	0.00087113926773182	0.000899910345583686	0.000855785399269895	0.000718447263254806	0.000697385228843011	0.000571262363474682	0.000611722686048049
72091	25-29	2	0.00129617527488957	0.00107014425743369	0.00126673419176367	0.0012560092671392	0.00102024291084111	0.000939087045610356	0.000733198784771022	0.000829581574538963	0.000746773583794569
72091	30-34	2	0.00142959184283386	0.00142932366781814	0.00152482428765997	0.00152856817388067	0.00122775510906962	0.00117876451056901	0.00093306293059991	0.00106567078169111	0.000945009227751928
72091	35-39	2	0.00182995672540108	0.00185395888662477	0.00172943623623738	0.00222893247030162	0.00141248891781889	0.00142005356739359	0.00130835267141297	0.00107480750670257	0.00129057584637254
72091	40-44	2	0.00207998777801782	0.0023847344933345	0.00218590999427678	0.00216417784024009	0.00179572802448344	0.00180289639809665	0.00181616117307696	0.00147233755059522	0.00132485414982156
72091	45-49	2	0.0030841992991406	0.00268673777051669	0.00366226109546852	0.00285060584493948	0.0024280342726806	0.00210803697165161	0.0020977181988179	0.0019055715149456	0.00228832348999557
72091	50-54	2	0.00490027290272507	0.00418673344530284	0.00394743522726809	0.00364458740270424	0.00389022581119115	0.00354528513638277	0.00392070812533044	0.00304701433424483	0.00304700993740812
72091	55-59	2	0.00862277618375766	0.0070423773509845	0.00678117733416543	0.00677874185328228	0.00525828732659194	0.00479977900544486	0.00507547022809826	0.00402198234006368	0.00422105285487492
72091	60-64	2	0.0122449801270737	0.0112440749554195	0.0103560250434787	0.0099273607494654	0.00855850586212334	0.00860999941961833	0.00728737412563459	0.00467963791892117	0.00654040949649074
72091	65-69	2	0.0147853121102686	0.0185962327379878	0.0154785246762358	0.0171278858157421	0.0124559951161497	0.0116135940248896	0.00962108282840791	0.00782306502366004	0.00965945093421792
72091	70-74	2	0.0282409927620695	0.0284676813203264	0.0246287508350501	0.0262765210494953	0.0230098391543096	0.0170959821325165	0.0143195597463886	0.0130037159345981	0.0123903093848333
72091	75-79	2	0.0450506515342679	0.0413321446590914	0.0434801062452784	0.0388007458748547	0.0367539312245648	0.0359399356430648	0.031091569995709	0.0239884480701457	0.0253778427420203
72091	80-84	2	0.0750072852205964	0.0557140751207156	0.0658424412084946	0.0637724773282848	0.0594327484407673	0.0532256192114123	0.0526315063164509	0.0416082357941357	0.0393802958672485
72091	85+	2	0.145277765319631	0.1460026234224	0.149156058399394	0.13697698465493	0.122671665279412	0.125202099375384	0.12387370717656	0.0983525799079566	0.106528329738938
72093	0-4	2	0.00250530780052779	0.00201503169731036	0.00181847211669359	0.00200817092735394	0.00164394039972693	0.00154477860602142	0.00141104233264894	0.000869500036673946	0.00116394616986371
72093	5-9	2	0.000124603317365603	0.000120565954913393	0.000117839896177891	0.000120454244247351	9.93404445422705e-05	9.21505711521886e-05	8.40859144312292e-05	7.50401280815501e-05	7.61370493541734e-05
72093	10-14	2	0.000152588772572274	0.000154906562715762	0.000144425912155906	0.000140663978050054	0.000121651992478949	0.000118410138030572	0.000103132714903526	9.20900734358266e-05	9.34052985017722e-05
72093	15-19	2	0.000518073401630497	0.000482437672063364	0.00047235576404737	0.000458528743709255	0.000397944995455745	0.000370993988124305	0.000339667476976217	0.0003048135330915	0.00030981694424266
72093	20-24	2	0.000948710863415754	0.000931946267156666	0.00100164722605606	0.000926158501484912	0.000732417655489004	0.000682465681687437	0.000628566270766319	0.000565876624580355	0.000575934728032862
72093	25-29	2	0.00128386809006648	0.00114612825049739	0.0011790069048032	0.00105751105962269	0.000920540776199923	0.000852997524377486	0.000856948313375522	0.00070616330906089	0.000718826196561525
72093	30-34	2	0.00141886833259534	0.00130940377578553	0.00128135542238368	0.00137539125713483	0.00109837392213184	0.00102149978742636	0.000934379037637235	0.000840246577000281	0.000855898668141088
72093	35-39	2	0.00167391170620034	0.00161448307179038	0.00157334248127444	0.00174424558189439	0.0013993463500771	0.00131533136816393	0.00132661149227867	0.00104184133196893	0.0010592096054416
72093	40-44	2	0.0020887868492981	0.00210401237824418	0.00204261640492404	0.00215022006649436	0.00187291230930465	0.00160861857951805	0.00162764612278936	0.00140977917296726	0.00130204378730238
72093	45-49	2	0.00288509185137319	0.00265900980886721	0.00257592974346456	0.00305875553543976	0.00255186508437942	0.00228122079508217	0.00212137735930638	0.00186977905821552	0.00200448930648931
72093	50-54	2	0.00436297324891391	0.00518860082164073	0.0045825512492717	0.00368750853266501	0.00374954261101984	0.00331276879903423	0.0028157754512182	0.0025723004970951	0.00291518017773939
72093	55-59	2	0.00645665529818439	0.00576701742640294	0.00584531074167848	0.0061237538309537	0.00522753151150354	0.00403331258432702	0.00384604756342114	0.00340108388196864	0.00413165449926101
72093	60-64	2	0.00928194998210222	0.00976315411872996	0.00987237475327989	0.00908102458037599	0.00837894870833304	0.00614422348296144	0.0064164100354174	0.00643658273956241	0.00477173645556045
72093	65-69	2	0.0139942405511299	0.014366794949812	0.0150620758022594	0.0123579457457947	0.0122425856394442	0.00887193018640683	0.00894839339121405	0.00718219152187272	0.0079106304524704
72093	70-74	2	0.0236526865252252	0.0234113440087343	0.0207009784687351	0.0228869678470966	0.0222745677837521	0.0166300975682523	0.0140775969944476	0.0149570873669853	0.0128942855641776
72093	75-79	2	0.0417598091192026	0.0369848938097494	0.0371694460135208	0.0302124310603349	0.0332876981947903	0.0291349311078334	0.0224344764096011	0.0181022585387957	0.0187991712194341
72093	80-84	2	0.0572736021657535	0.0567343918689049	0.0576025049878438	0.0575342354185059	0.0425085316122557	0.0422961256719468	0.0348559999896197	0.0333915408231859	0.0488718026437782
72093	85+	2	0.155416486149269	0.120798981031694	0.118535917258571	0.096341278436214	0.108823845894886	0.0992876341677652	0.109622841719588	0.0762452367154601	0.0697388549852513
72095	0-4	2	0.00240851707140723	0.00243923289046773	0.00197017261742067	0.00229195914750484	0.0015706285280332	0.00139974821419744	0.00153341041155669	0.00117247797785817	0.00122241544588603
72095	5-9	2	0.000136501157087627	0.000126478285036199	0.000129504996144261	0.000126281397645408	0.000104230739696734	9.7032532060057e-05	9.3124867718185e-05	7.91334961507347e-05	8.0551838710196e-05
72095	10-14	2	0.00016645786104357	0.000161781007460817	0.000150917288347843	0.00015422262255373	0.000127441941876122	0.000118745974768601	0.000108774634518137	9.69679535761301e-05	9.87236998702554e-05
72095	15-19	2	0.000601326182558754	0.000491112498748951	0.000526073861976377	0.000471769095290967	0.000431023543889941	0.00040255806213766	0.000353491196056141	0.00031770992542874	0.000324128164761013
72095	20-24	2	0.000999524344439797	0.000930580985780969	0.00095087836626122	0.000931892306698465	0.000779759556296615	0.000730919689990435	0.000770514206859246	0.000610662563207825	0.000596678575874808
72095	25-29	2	0.00119712864350262	0.0011071233843452	0.00122345372882594	0.00114510306291146	0.00105020235135365	0.00103237550029608	0.000920232796536031	0.000725164609395047	0.00081291541661848
72095	30-34	2	0.00158838427598344	0.00136150508014293	0.00132622766350346	0.00157917024454533	0.00113588502241546	0.0010331453931025	0.000957630112851131	0.000906282418788245	0.00100700647565998
72095	35-39	2	0.00175127617619169	0.00182818242529711	0.00192630894092411	0.00180712207177039	0.00152302510471833	0.00149016663790193	0.00144742331637315	0.00115192269977681	0.00122924422153175
72095	40-44	2	0.00213460761410478	0.00201846633738332	0.00274541220898364	0.00198417425973603	0.00188978881698223	0.00156805116139444	0.001791109087525	0.0016599737823242	0.00137309903217122
72095	45-49	2	0.00327692015221345	0.00296374573889724	0.003174494348966	0.0028237503490972	0.0023781401017325	0.00280907608059155	0.00222547805074768	0.00172337054101089	0.00211197920484006
72095	50-54	2	0.00445551837861586	0.00476235060781495	0.00373238576867028	0.00413300956555637	0.00324753596717999	0.00340784981742236	0.00286753294333503	0.00260950501219799	0.00255803490507204
72095	55-59	2	0.00642451052173419	0.00628470227325075	0.0064484863299554	0.00560892268605023	0.00544901725629798	0.00519267547689681	0.00367402418157983	0.0036440782168721	0.00423511379705674
72095	60-64	2	0.00908054982715905	0.0108632304568193	0.00989646009853565	0.0107633615323478	0.00765682360477693	0.0064265399397752	0.00752579609609984	0.00537569299010876	0.0056670099123588
72095	65-69	2	0.0178870466023184	0.0137032365571566	0.0118404218274141	0.0126960027466495	0.0119518818991721	0.0102699051283677	0.00986651831302915	0.00971135325596578	0.0109025962606803
72095	70-74	2	0.0205012603164965	0.0228893689704993	0.0207281064580509	0.0247630557658297	0.018492470500457	0.018212116659563	0.015359202468213	0.0132350784959654	0.0162508771217929
72095	75-79	2	0.0415351777429423	0.0356434990399294	0.0335519896189172	0.0329070601176646	0.0313689479062988	0.0244459149855148	0.0216730715286348	0.0196945496557514	0.0237041961708013
72095	80-84	2	0.0625132279035314	0.0594966997328306	0.056149331152539	0.0575208110577213	0.0520929015757347	0.0429955398855207	0.0399326521225704	0.0393021553893031	0.0495233523043096
72095	85+	2	0.138942316468972	0.120381812176742	0.111028774675845	0.128086915665313	0.109986976307886	0.102767579469963	0.117665244367934	0.110285906199312	0.0889014700559357
72097	0-4	2	0.00342905112803064	0.00273663698205336	0.00247920086298562	0.00224003517135507	0.00172694882678974	0.00176144261017962	0.00165730809739613	0.00125325897200986	0.00124219290833986
72097	5-9	2	0.000139739326393213	0.000149469114848109	0.00012438426039568	0.00013306977267456	0.000116987495201842	0.000101113967680212	9.37421837412071e-05	8.8547073369036e-05	8.24448982877079e-05
72097	10-14	2	0.000172666321111057	0.000190052436537169	0.000147100472496466	0.000172160828134424	0.000123376760878608	0.000116461701311815	0.000113065634208361	9.78905046866821e-05	0.000104750409725337
72097	15-19	2	0.000489769501977341	0.000467987346775701	0.000466003499064098	0.000454311414724258	0.00037974737686844	0.000339184685947267	0.00031547310651323	0.000312342098478998	0.000301521729358661
72097	20-24	2	0.000657777922486387	0.000743292569534207	0.000780669644215642	0.000678018664296461	0.000586590742630835	0.000577674355656107	0.000484304876752	0.000518405378289936	0.00059337939837507
72097	25-29	2	0.00103022475928776	0.00104828668825411	0.00107881987801433	0.000988132395240697	0.000901826464819577	0.000780446122290963	0.000737396484756422	0.000700935934015666	0.00110119936156453
72097	30-34	2	0.0011493489434304	0.00112885110647345	0.00111312320249371	0.00156357919881977	0.00134813156354293	0.00103168546973895	0.00102488748639555	0.000901868690032045	0.00094086149896973
72097	35-39	2	0.0013709918493991	0.00157028935668961	0.00168927360724141	0.00160028308520948	0.00126082965187284	0.00146357323256718	0.00135617713723987	0.00115360932402067	0.00125521868658934
72097	40-44	2	0.00180430604740838	0.00156598507904643	0.00200950516748574	0.00212566467095263	0.00174981744267107	0.00194752600899061	0.00162094240182167	0.00178366604029568	0.0014428888964049
72097	45-49	2	0.00298465784346724	0.00310708086661649	0.00255135660850413	0.00313647899375589	0.00237405723933443	0.00288588602354825	0.00242574203869654	0.00190511383295096	0.00181493992705702
72097	50-54	2	0.00440630285791375	0.00425159144896706	0.00427717952270368	0.00392282443170067	0.0034050061881214	0.00362788097300505	0.00395666139821513	0.00288431566678971	0.00292164750787143
72097	55-59	2	0.00554484641476673	0.00633762640813492	0.00646962655937134	0.00576295902349373	0.00561373292441111	0.00452006437743892	0.00571042221439923	0.0039932148570381	0.00529199351069742
72097	60-64	2	0.0107540382107642	0.0104696015084455	0.0105075347090219	0.00887582659424121	0.00890357098498827	0.00828946716191892	0.0078914560946817	0.00683161195915676	0.00702117210594918
72097	65-69	2	0.0171515259507371	0.0167837879807191	0.0150666615508462	0.0140062763687104	0.0136548587889788	0.0104637422912111	0.0115940648900449	0.00862917143988571	0.00727854593354004
72097	70-74	2	0.026232185093836	0.0267358190758785	0.0257418158963671	0.0242211651500248	0.0200686779001349	0.0214325031443499	0.0162332941950554	0.0148118375611852	0.0145409868516023
72097	75-79	2	0.0454757896331293	0.0422929093452054	0.0382032602449707	0.0330791501443122	0.0342883912306718	0.0285106118566461	0.0266493545720356	0.0219655093398847	0.0229266230753696
72097	80-84	2	0.0795862713025193	0.07514572983201	0.0730619047074456	0.0636172984827576	0.0501126547942726	0.0544658867115186	0.0464108173542639	0.0399940333658864	0.0377032320387546
72097	85+	2	0.158986233276251	0.12871480861772	0.136936641070138	0.145576332143297	0.129539808851927	0.127823441697492	0.114690497238655	0.0952490950472112	0.105086326954819
72099	0-4	2	0.0026256745583022	0.00199679905828483	0.0014666855086165	0.00182079866117383	0.00155855295931102	0.0014851238785174	0.00125642293958545	0.00105373845973204	0.0010832924020317
72099	5-9	2	0.000113733709072994	0.000110078787816184	0.000107438150666061	0.000104689556578133	9.97904653732479e-05	8.87614461940145e-05	8.54486070374933e-05	6.9867548256095e-05	7.09480133805824e-05
72099	10-14	2	0.00013771330817751	0.000139523138500577	0.000142606253711634	0.000127189608020751	0.000126945973834775	0.000112944338571741	9.46544737198908e-05	8.52254420642548e-05	8.65457383761635e-05
72099	15-19	2	0.000504417127818508	0.000419260576611898	0.000410361265127826	0.000383786660133626	0.000339140501595823	0.000332960651643498	0.000307780472674153	0.000279616027887158	0.00031373252235016
72099	20-24	2	0.000838946385174435	0.000727222032357911	0.000705391488742351	0.000730581265104933	0.000598623534655955	0.000596183413961373	0.000538028539388703	0.000513657736984371	0.000478592805423284
72099	25-29	2	0.00103604684268692	0.000885123066493205	0.000885343201070094	0.000825708428081477	0.000877837574678221	0.000770318972500881	0.00065693280633259	0.000634395087711845	0.000615305743408859
72099	30-34	2	0.00116444949887813	0.00110555602288816	0.00121478080927003	0.00101819757100867	0.00100926580214036	0.000864381281545475	0.000842221877561367	0.000770439082919852	0.000788683855555777
72099	35-39	2	0.00134725770566148	0.00150047018079558	0.00132762291535759	0.00148325788853783	0.001200528591287	0.00103923654142354	0.00119587458550693	0.00103957383871268	0.00112539753867269
72099	40-44	2	0.00177768907156244	0.00186310049501405	0.001733654318461	0.0014372568926908	0.00139218249961858	0.00153927997580795	0.0013629067631492	0.0011438600408047	0.00112365835328363
72099	45-49	2	0.00282482768164137	0.00305925243225392	0.0026991397529535	0.00296499829661594	0.00208711807003688	0.00173743002276347	0.00175803697193378	0.00155474457716777	0.0019903129586577
72099	50-54	2	0.00487334092971516	0.00398769452412727	0.00378373683413517	0.00313939549606604	0.00337752891269593	0.00284162660504019	0.00255641248277895	0.00245555364457768	0.00239912725957063
72099	55-59	2	0.00570505973856906	0.00539138194586864	0.00503296318067194	0.00450903438759976	0.00454674695580083	0.00389995920470432	0.00381067363951689	0.00459492143234841	0.00316463799435363
72099	60-64	2	0.00891231505018264	0.0103141870250058	0.00934594983970272	0.00916058825565986	0.00974327401235934	0.00689865868810287	0.00561516514710581	0.00528700931492617	0.00559644255451234
72099	65-69	2	0.0167728004273897	0.0125037692579855	0.0176481923209332	0.0137817065726487	0.0133292164937501	0.0110684055218701	0.0109689591896994	0.00829435232814262	0.00626661548681908
72099	70-74	2	0.0265827829033105	0.0267483835321285	0.027776339012724	0.0233007287558216	0.0185808560641375	0.0158648329161621	0.0171536654303317	0.0116624096487617	0.0134357180563251
72099	75-79	2	0.0357456373636596	0.0378227100419886	0.0343664439708807	0.0356578821138197	0.0337752361668264	0.0306137278472857	0.0287680287645634	0.0210797917477304	0.0205964483340522
72099	80-84	2	0.0794225107945829	0.0714850374041741	0.0684313931662519	0.073278533370595	0.0548974854264803	0.0604411111639695	0.0497283786837437	0.0425618995524206	0.0449271380777438
72099	85+	2	0.140146559969165	0.159077880181439	0.127689465281133	0.122591567524783	0.125030160290253	0.104354288742155	0.106016979713715	0.0983250101103097	0.103670285458241
72101	0-4	2	0.00232498845723774	0.00186906720419186	0.00205959176554976	0.00173825099745774	0.00163479961462679	0.0014780045035057	0.00114329053324201	0.000845257486333424	0.00137381721865999
72101	5-9	2	0.000123606281289948	0.000119888646428306	0.000122347361218135	0.000124857015908363	9.89908456544034e-05	8.79199736609943e-05	8.06071176666785e-05	7.21071325752462e-05	7.34519909253837e-05
72101	10-14	2	0.000156907064795616	0.000152643189049828	0.000142290111735001	0.00013851972399765	0.000120312921577575	0.000111792935324775	9.82150750362867e-05	8.81767687433354e-05	9.39957009943062e-05
72101	15-19	2	0.000496735868471966	0.000487172922780989	0.000456939519457475	0.000481327218161797	0.000405117496442605	0.000361697211758695	0.000334450536982255	0.000278567953618272	0.000286625632105932
72101	20-24	2	0.000879998361586421	0.00085179505646183	0.000735838793305147	0.000773048153746862	0.000651124564293685	0.000635831435787667	0.000636011976751789	0.000495525614530429	0.000528017926797041
72101	25-29	2	0.00101202900092456	0.0011979105102859	0.00103337163313429	0.00101409032215149	0.000832706030052375	0.000744033944933519	0.000728627461426785	0.000616988995977071	0.000655674984531544
72101	30-34	2	0.00130426658228382	0.00126153263285397	0.00133540327557371	0.00108043093141839	0.00107283386265312	0.000838539459405528	0.000780058487308205	0.00078797845962518	0.000771261633461315
72101	35-39	2	0.00160982483703591	0.00135392175133748	0.00158945425765455	0.00175595425353334	0.00144604003550629	0.00124374391346761	0.00113205201242524	0.0009644942563034	0.00100077041055432
72101	40-44	2	0.001978106514359	0.00193428113481272	0.00187776809895156	0.00174291605850566	0.00161056361118054	0.00159942532376896	0.00132237901137333	0.00134609708422619	0.0013673389596022
72101	45-49	2	0.00273163993416712	0.00236165009816251	0.00339651821319326	0.00287750423542827	0.00216699072810955	0.00188465766476698	0.0019655649247836	0.00175769507921601	0.0023750531644032
72101	50-54	2	0.00386044139800667	0.00378900497889871	0.00344532172243126	0.00404559066487639	0.00289984127730278	0.00256997940397746	0.0025981481091349	0.00232111561969837	0.00254658682542094
72101	55-59	2	0.0056449438459664	0.00557141498147061	0.00519276360230907	0.00514239077227058	0.00401860007388341	0.00428044689376571	0.00489978488680223	0.00297197041184695	0.00384126166775653
72101	60-64	2	0.00811723860209181	0.00901798233233871	0.00882036253103481	0.0075310736973862	0.00836756115143424	0.00667716228392278	0.00633420818295505	0.00600729254821094	0.00469098214883588
72101	65-69	2	0.0144316030181284	0.0137627378339476	0.0156194518372092	0.0144913014833097	0.0120525575227655	0.0111056832569823	0.00985111858708928	0.00689760743556794	0.00739508110454722
72101	70-74	2	0.0253117819044378	0.0272882651696472	0.0183261134803542	0.0205835836054857	0.0203190971149071	0.0171729772248006	0.0150145194879993	0.012399643079175	0.0161427154969374
72101	75-79	2	0.0321829063487793	0.0406941544641806	0.0382438635556318	0.0281493185770069	0.0328663991193252	0.0307489597085487	0.0255140548663324	0.0195709030166308	0.0150898090776956
72101	80-84	2	0.0628265281836377	0.0572650766310861	0.0697688248277847	0.0603560739291774	0.0450741694607523	0.0441511897047861	0.0508260568031802	0.0391493509222532	0.039766550382655
72101	85+	2	0.149473600267809	0.130733324791366	0.133433661626853	0.13985915866172	0.127368844935771	0.124259370519472	0.114613109653422	0.119354809720812	0.0902959104909832
72103	0-4	2	0.00220970799359272	0.00211683787112722	0.00264193055663471	0.00202986508317106	0.00173465592513095	0.0018100180554752	0.00149645462868307	0.00112661258498866	0.00147312289839195
72103	5-9	2	0.000156005944358398	0.000145162231572805	0.000148735648705237	0.000132479651343529	0.000125932871132647	0.000111851269852498	9.73315491128043e-05	8.73371839231426e-05	9.32616655292909e-05
72103	10-14	2	0.000182237983107572	0.000176711114897738	0.000172670266157292	0.000169033210832126	0.000153645887718897	0.000136505978667858	0.000124743457383929	0.000106807841205226	0.000108623909917512
72103	15-19	2	0.000685585687476026	0.000560881967179064	0.000548107925405602	0.000563427053523514	0.000455962170858267	0.000443255262356739	0.000391101706940612	0.000356318405461678	0.000346509843195276
72103	20-24	2	0.00114534217220546	0.000997065985670719	0.00105222168079547	0.000942937082871523	0.000858386529474583	0.000780273715886548	0.000661317925597335	0.000631898657083277	0.00073523745531223
72103	25-29	2	0.00135040948904309	0.00135615410274452	0.00146706433131037	0.00131802664074949	0.00107436478725069	0.0010757876149101	0.000877143379103028	0.000752297538895516	0.000866773445784831
72103	30-34	2	0.00155815886032752	0.00140290089481978	0.0014243991879596	0.00156450421028068	0.00132712848608397	0.00121308517337441	0.000994901084737587	0.000901996206919318	0.000930340503653526
72103	35-39	2	0.001997601728425	0.00211491762937258	0.00204791042711702	0.00229727681431938	0.00164035390262223	0.00165938005782081	0.0013679728600998	0.00115641763102299	0.00115526744412718
72103	40-44	2	0.00250425934868151	0.0022689516084288	0.00265061730929718	0.00251474101953927	0.00245274434048265	0.00206563312914303	0.00172305240659535	0.00151485456648599	0.00156675129615564
72103	45-49	2	0.00268019694013225	0.00348222169474134	0.00369317965480685	0.00352841976125773	0.0031278466329865	0.00260738284774981	0.00213987308030279	0.00193613002311703	0.00198299395865223
72103	50-54	2	0.00573526733016867	0.00566279834450087	0.00472004998843948	0.00535627824867667	0.00376064629350757	0.00344699251431924	0.00313757975331152	0.00335329590910287	0.00369203883728204
72103	55-59	2	0.00744608857351281	0.00742462839800268	0.00672238158946342	0.00676873068577565	0.00599121399328277	0.00536605867916231	0.00512080323040475	0.00479972144452045	0.00480127049507267
72103	60-64	2	0.0105830941207898	0.0116949404935451	0.00921362658778175	0.0101645754863272	0.00834989426757814	0.00739738977429723	0.00725299195074244	0.0061006811999735	0.00818490625163504
72103	65-69	2	0.0187511963570946	0.0163553321647778	0.0190835696737179	0.017853034381202	0.0146080143256226	0.0150441473754634	0.0112000154460079	0.00904967276587538	0.00993285280875081
72103	70-74	2	0.0325719869059471	0.0274267302809677	0.0213956403266301	0.0217072723314697	0.0196012881974057	0.0195181242744681	0.0175583381602229	0.0141252328654095	0.0144784149266763
72103	75-79	2	0.0430728386995635	0.0415394826238468	0.0392385551294867	0.0454228239971797	0.0351428769126079	0.0272302541715844	0.025685264605892	0.0232330410306385	0.0219667665214015
72103	80-84	2	0.0694441526115221	0.0759716180943034	0.0676389727024087	0.0756941997188103	0.0545037232677074	0.0581743073575378	0.0508165746867233	0.0409401723617405	0.0509378425901846
72103	85+	2	0.144756683331689	0.141868090007588	0.132351875269108	0.120872942022011	0.132764514404461	0.140001143419762	0.112922642317306	0.124619335729675	0.108642241196223
72105	0-4	2	0.00243358908278751	0.00221473185239113	0.00189986895928063	0.00169988844628925	0.0015319622281999	0.00157879562666513	0.0014057763473506	0.00104882445661965	0.000985394375967945
72105	5-9	2	0.000128382389285571	0.000130167621699574	0.000121549904137485	0.000113428348966678	9.85319062038394e-05	8.78858238357431e-05	8.02289673526668e-05	7.89532278344125e-05	7.30248650740106e-05
72105	10-14	2	0.000141953191043095	0.000144455875341188	0.000148044757261321	0.000138130597709701	0.000114603946475985	0.000106989806180252	9.78219260905845e-05	8.78382929890701e-05	8.91801761390035e-05
72105	15-19	2	0.000453289469250923	0.000444904702180813	0.00049452452138818	0.000405841049131803	0.000404242661175334	0.000349220459964932	0.000322293271177908	0.000279458859338588	0.000285406020706536
72105	20-24	2	0.00078897368643463	0.00079654840871912	0.000874683827647932	0.000825766282401576	0.000648130078936211	0.00069170607487788	0.000612459825393376	0.000498197536899365	0.000549390990992714
72105	25-29	2	0.00093817023801457	0.000968053471640551	0.00118145537369962	0.00106319068853634	0.000811287352238691	0.000722695432400752	0.000757308744924496	0.000687922425416117	0.00076129940769498
72105	30-34	2	0.00119187956214404	0.0010916098512078	0.00118214098139949	0.00125226208262722	0.000969436383893563	0.00102648886233898	0.000843685964657787	0.000854221680669486	0.000731321172985012
72105	35-39	2	0.0015728084971483	0.00158848383866911	0.00173479649312558	0.00172554902574924	0.0013687240247009	0.00140217623261558	0.00108937847249694	0.00108505632368614	0.000996775780716277
72105	40-44	2	0.00183719722617762	0.00196850020385327	0.00173134063774967	0.00169792620401627	0.00182338144365786	0.00163838471368889	0.00137622877491913	0.00128744390099981	0.00126506429822737
72105	45-49	2	0.00276975765423077	0.00256073792397407	0.00240421151777683	0.00249399949826296	0.00216797195162621	0.0021236594378219	0.00223632027274467	0.00187522290064476	0.00163006197438279
72105	50-54	2	0.00366383905712491	0.00409156864836761	0.00368052254171933	0.00352673500413207	0.00312369379158272	0.00388921587953815	0.00334548899820759	0.00274632482428062	0.00265619151650049
72105	55-59	2	0.0054825624865021	0.00530554597218303	0.00643274909970064	0.00444999870655788	0.00433687819385765	0.00428249728402574	0.00431911261217425	0.00408085153993407	0.00398894617118919
72105	60-64	2	0.00788292452295958	0.00988958393460024	0.00887201117961036	0.0119346001907398	0.00674173481309554	0.00676809021384493	0.00457877772037677	0.00561817949341624	0.00449035505225043
72105	65-69	2	0.0115056329328545	0.0119440218876553	0.0119515220531645	0.0132809422498223	0.0116569195688357	0.00956378300629752	0.0104390536553737	0.00724746521914338	0.00780226092549123
72105	70-74	2	0.015774705247138	0.0219854347749118	0.0219191843433005	0.0194257462344175	0.0168713413998541	0.0154638938802609	0.0135359664113588	0.0110605938482369	0.0140772528079667
72105	75-79	2	0.0353127259548167	0.0316204304989596	0.0313229789521201	0.0291965166484044	0.0273964912717364	0.0302998872657438	0.0266666357820777	0.0196104510142335	0.0232352240289547
72105	80-84	2	0.0597978503280733	0.0568461311476254	0.0536777295777612	0.0643986151353996	0.0578608696006853	0.0536582058171877	0.039695447450547	0.033956377361274	0.0333927204312739
72105	85+	2	0.133291687397627	0.135735511128256	0.112366308983347	0.12860131278076	0.130780183993388	0.110951020177329	0.108112678246916	0.0866963766644121	0.0859779232498531
72107	0-4	2	0.00255093611352889	0.00217879417615001	0.00210638077262428	0.00226407644371984	0.00175086452901796	0.00160396210491415	0.00136351618983423	0.00101677594977334	0.00112815033520731
72107	5-9	2	0.000131662962687512	0.000121986170694039	0.000131169039487883	0.000116252130205078	0.000100901710276267	9.43407771681539e-05	8.22992688369953e-05	7.37055780658518e-05	7.47204750286524e-05
72107	10-14	2	0.000145977996321844	0.000148590868364968	0.000152569844745734	0.000148031742865166	0.000117212027142025	0.000109537840717244	0.000100365259258294	9.02320884127633e-05	9.14152250532134e-05
72107	15-19	2	0.000466612716632499	0.0004972327983901	0.000470952111564296	0.000480214082561697	0.000386955955520123	0.000361157830796453	0.000317749466456669	0.000302692637279398	0.00029593388797543
72107	20-24	2	0.000879892331794519	0.000784736604724858	0.000801051338134717	0.000919740639992122	0.000660067952442962	0.000647042100607061	0.000568776734663489	0.00054244670062921	0.000531554706025954
72107	25-29	2	0.00109887112944301	0.00104864924826383	0.00110404354612949	0.00103964984704417	0.000919997934139414	0.000829635707849669	0.000775844935808579	0.000732922811895506	0.000655029518838487
72107	30-34	2	0.00136421115799643	0.00114358393623529	0.00119138760500139	0.00110958513583491	0.00107023943077602	0.000988989271848599	0.00091254176552974	0.000906226383801538	0.000838080328832285
72107	35-39	2	0.00176364162564881	0.00160809897378474	0.00153794795352462	0.00168793645190359	0.00123343644420176	0.00121995737957868	0.00119219990872854	0.00114296780306011	0.00102074571757389
72107	40-44	2	0.00192923202679663	0.00197496616573805	0.00187284730143886	0.00188145722673826	0.0017511243328259	0.00137379474766803	0.00134645888301056	0.00152238054564505	0.00139455499184642
72107	45-49	2	0.00278971608735708	0.00286629529486379	0.00245260337921134	0.00255789885768786	0.00243974854963598	0.0020301062031179	0.00227506903290398	0.00169668448557036	0.00174828896106735
72107	50-54	2	0.00432891678189421	0.00364992759585717	0.00411403888188077	0.00359552909676866	0.00305631886860893	0.00331447964450918	0.00266830012911304	0.00270155984694991	0.00248808536196172
72107	55-59	2	0.00709092427119016	0.00489160927507027	0.00596857917332722	0.0049910515944163	0.00437212811998545	0.00409305500724122	0.00450620426572962	0.00420708986312697	0.00421756503139396
72107	60-64	2	0.0102069163024051	0.00968656863841462	0.00961344316293191	0.00887435642027145	0.00742833538424334	0.00669927349507937	0.00640013710261635	0.00531073993017308	0.00479107221249908
72107	65-69	2	0.0109633017211488	0.0114032536162912	0.0119298724371288	0.013696595278372	0.00951321338591857	0.0106670640996071	0.0089828107496478	0.00678362818560021	0.00719034806946522
72107	70-74	2	0.0240641666743936	0.0211435879745559	0.0205432988195981	0.023716752860485	0.0181835719604908	0.0204714877992802	0.014948593698999	0.0104616133034947	0.0109324490845777
72107	75-79	2	0.0301952213025068	0.0295908639640288	0.0328313445278736	0.0289183334030272	0.0288165821791843	0.0313235564313233	0.0268037060551234	0.0237503344580527	0.0286437931585026
72107	80-84	2	0.0698756812193143	0.0530068732402205	0.0593919141948622	0.0652404110763587	0.0471900857799252	0.0517462651977417	0.0465801066862599	0.0380759505951824	0.0335714358601839
72107	85+	2	0.136148961953405	0.134899316031152	0.140355485162272	0.123882292709916	0.109059410458237	0.135177257918514	0.0956032955729272	0.104477872866113	0.0885894117438185
72109	0-4	2	0.00241824690463066	0.00208566457444039	0.00256676173208637	0.00195602489667883	0.00162093676306057	0.00129782012430665	0.00126512550083508	0.0013100054739965	0.00141378535981212
72109	5-9	2	0.000144054104515915	0.00012743948716879	0.000124510089103681	0.000127423047744743	0.000110671066427593	0.000103011190472391	8.99838897470876e-05	8.04345964975522e-05	8.16714899525482e-05
72109	10-14	2	0.000191395239216645	0.000169970300065603	0.000151711807805556	0.000162619440961982	0.000135093021708553	0.000138219610815508	0.000110140863748066	9.84972472962046e-05	0.000100006081535195
72109	15-19	2	0.000514352973543001	0.000522082750056759	0.000491393776703927	0.000527143093101536	0.000426499425670773	0.00039886360427806	0.000368936129319562	0.000335399504085348	0.000357624648024057
72109	20-24	2	0.000883743777069561	0.000854779134130055	0.00087352630847269	0.000831123654749854	0.000903025878327727	0.000718120648685034	0.000723061667195009	0.000605411550938393	0.000650180039917946
72109	25-29	2	0.00131269624429786	0.00115548200888688	0.00121212868594835	0.00114355838491887	0.00101467641693269	0.000843939118791052	0.000897235560339187	0.000750760987058871	0.000766698383212895
72109	30-34	2	0.00152299362031754	0.00138321601769918	0.00144706560968241	0.00118623134433809	0.00110908892121581	0.00105697052938306	0.00106738618136018	0.000933658297762496	0.00108038976092562
72109	35-39	2	0.00180784572416324	0.00171890217428026	0.00159185863989032	0.00172031111993575	0.00147593458922172	0.00136298494246859	0.00128866289666141	0.00109470618232444	0.00121434833239111
72109	40-44	2	0.00220939437291934	0.0021713002409767	0.00213878907867815	0.00188877519264768	0.00205032047218025	0.00157785445487091	0.0017619971057718	0.00147928413694164	0.00145921316633679
72109	45-49	2	0.00303192189092564	0.00304356348110755	0.00240390107067267	0.00298819623779135	0.00253056085595931	0.00214096868487483	0.00207540299578924	0.00191108096066686	0.002090882946736
72109	50-54	2	0.00415459239291212	0.00426223589699886	0.00410711553047039	0.00396211099360313	0.00346719957637695	0.00290783615395283	0.00304257472735144	0.00258488073495678	0.00284451097529217
72109	55-59	2	0.00636180148588582	0.00661182222069331	0.00602332549666657	0.00512718554752041	0.00538810790845377	0.0050492358620238	0.00456162506291109	0.00355782617935769	0.00369425054558214
72109	60-64	2	0.0117893010034653	0.00997218859727013	0.0104137026864421	0.00931516951148633	0.00868028964593837	0.00735140598948768	0.00584218686226278	0.00547454220587784	0.0056344075644234
72109	65-69	2	0.0165834839354391	0.0133177081906263	0.0177052757528658	0.0162245303027722	0.0141500690725119	0.0101176994139259	0.0112189177029324	0.0088635964289324	0.00986733442762025
72109	70-74	2	0.0325062468264431	0.025655001394705	0.0245690286819041	0.0280060187495874	0.0184953760897612	0.0159333265456423	0.0131316000387255	0.00996653068132929	0.0105052970972424
72109	75-79	2	0.0367451907235695	0.0361118523229914	0.0395504964420176	0.0376705896809141	0.0304039886974449	0.0333426879266734	0.027494873470055	0.0207064547268883	0.0215778825000414
72109	80-84	2	0.0740572325585827	0.0718585794140606	0.0663759569860473	0.0738017295088503	0.0621143503179111	0.0561623812030221	0.04511406607999	0.0411618598280393	0.0380269495234872
72109	85+	2	0.187118395865579	0.128187178562514	0.110569900655009	0.120754211680954	0.133191449118181	0.120739017326283	0.110572860140933	0.106447737808999	0.0896197030669267
72111	0-4	2	0.00279483094017367	0.0022014311000559	0.00229524805378979	0.00227243615060688	0.00164194610241006	0.0015525089545347	0.00142843160031271	0.00109721216356149	0.00123736291543435
72111	5-9	2	0.000156762280322441	0.00012645986935985	0.000141734630291865	0.000120242828664667	0.000104650483739224	0.000102283785968317	8.94913442121623e-05	8.03005123178787e-05	8.14599503883896e-05
72111	10-14	2	0.00016639167473313	0.00016893310161498	0.000157588047886265	0.000153090082873925	0.000127386765316987	0.000119045632120242	0.00011448566572658	0.000107815499917905	9.95787578805202e-05
72111	15-19	2	0.000530415653066893	0.000496483620018881	0.000484506148940022	0.000467573553501292	0.000429559947707003	0.000388480612389334	0.000346546202235063	0.000328772049594629	0.00033547695822958
72111	20-24	2	0.000942319016933705	0.000882705327008087	0.000892550348300246	0.000822573597279686	0.000748749383560978	0.000681831288060006	0.000662819668980166	0.000646732016755502	0.000658152655813314
72111	25-29	2	0.00112224159623814	0.00120880044649834	0.00108467355190476	0.00117738957522321	0.00096785365105565	0.00087592583369229	0.000825814504688308	0.000761047420925187	0.000721687952355044
72111	30-34	2	0.00136986507753776	0.00125587263524982	0.00135565095453608	0.00136324696086228	0.00113568097326122	0.00113107691323567	0.000975354611336632	0.000904342178328505	0.000845366812473323
72111	35-39	2	0.00163817807892001	0.00154482959361398	0.00152697150079552	0.00179187996039082	0.00134043544465478	0.00120004451522918	0.00122678174661967	0.00107803954516824	0.00102030367235199
72111	40-44	2	0.00225816966551198	0.0020390182135246	0.00199406654322504	0.00221504453259847	0.00170986974926847	0.00157551140271208	0.00145094547416229	0.00131192556323425	0.00160291936877761
72111	45-49	2	0.00309617124612215	0.00296202866442284	0.0026683487948703	0.00319016631251748	0.00262734847780364	0.00203953199038307	0.00212330250637367	0.00180872684382262	0.00234010512820384
72111	50-54	2	0.00450110044057379	0.00418676327761018	0.00410347786305901	0.00439192026343841	0.00390569602389378	0.00341435584957167	0.00307167154176979	0.00288977749672959	0.00339277558044042
72111	55-59	2	0.00651090362483709	0.00681232422714824	0.00708426518524289	0.00620731539300789	0.00579373315756089	0.0045891361551593	0.00420538519314763	0.00385886604932771	0.00412524728076369
72111	60-64	2	0.00939093201492198	0.0100212467801032	0.0119879783790257	0.00889973875711011	0.0112326401733983	0.00991422589941474	0.0068086958885942	0.00661784164066649	0.00594767458152917
72111	65-69	2	0.0166393817547613	0.0193609810828354	0.0187272745166024	0.0171854395251842	0.0143956090180723	0.0130057796543575	0.0109805703304143	0.0101558616719069	0.00949850472705538
72111	70-74	2	0.0303330168686992	0.0269558503783686	0.027069139706812	0.0289568804703731	0.022166656036046	0.0201532327327533	0.0175581281912618	0.0155411335001857	0.014719620188683
72111	75-79	2	0.0382219477294139	0.0390692973238073	0.0360240738937186	0.0375005774240614	0.0334621368274158	0.0276454927522775	0.029347548130049	0.0252104447023654	0.0274466823652091
72111	80-84	2	0.07161564441627	0.068324348799529	0.0739310358316445	0.0561766614979813	0.0532649000222053	0.0443218557750935	0.048844188062067	0.0483169864060587	0.0423082568693587
72111	85+	2	0.121047690408766	0.114811279387016	0.153131450705724	0.103675405832737	0.134381371126399	0.1283411797397	0.143150632106826	0.111964488041015	0.10310244222786
72113	0-4	2	0.00343633825975809	0.00319853517140428	0.00282305371578579	0.00242736550064168	0.00171329795744068	0.00191846415690513	0.00211011613350573	0.00139899422252251	0.00136413013117965
72113	5-9	2	0.00014700917302831	0.000174554139476175	0.000146971698311828	0.00015182821787386	0.000122538985856942	0.000113616071667971	0.000103253491445341	9.11077373444021e-05	8.97676240011487e-05
72113	10-14	2	0.000207933898792486	0.000219382982228213	0.000193498737685296	0.000182147492146015	0.000133330657249026	0.000118633137136407	0.000122221698791062	0.000100041696423147	0.000102631925790563
72113	15-19	2	0.00044576833743572	0.00051778497101666	0.000504768705599848	0.000432304404336591	0.000434472276995233	0.000376432907754221	0.000352417696433095	0.000325123734779344	0.00032070361507549
72113	20-24	2	0.000785628870082284	0.000830110663178455	0.000859235654607757	0.000771388645047664	0.000681167594901146	0.000641201001813184	0.000627742372216668	0.000559609825245939	0.00070353225228473
72113	25-29	2	0.000807480646960599	0.0011990073271206	0.00128801490859463	0.00110535407639709	0.0010691614958298	0.000877154506891507	0.000740899560615494	0.000805743032456473	0.000746004513920024
72113	30-34	2	0.000845697688442548	0.00153053953494836	0.00165966513400438	0.00179925926256693	0.00112146691769893	0.000868239758585025	0.000976270317949989	0.000851284047724542	0.000774783571215719
72113	35-39	2	0.00153345290968883	0.00143801614442223	0.00218136529489792	0.00193746040382595	0.0014888465798655	0.00136158289682375	0.00140892688887792	0.00109948255555936	0.00113432196516755
72113	40-44	2	0.00182668422761909	0.00184166686809806	0.00255449334158274	0.00218965883933516	0.0019723734431749	0.00183263516402816	0.00177562515934062	0.00170030522684744	0.00143792538888522
72113	45-49	2	0.00291224114041814	0.00277388926853649	0.00331555316096629	0.00305522460578239	0.00237255675951328	0.00263738138716837	0.00280697334060635	0.00232697842091969	0.00217748710914857
72113	50-54	2	0.00392605431267169	0.00453219293577352	0.00380123817012166	0.00408957793010856	0.00333705041884676	0.0036555958178836	0.00328597140770984	0.00360236971599377	0.00291862546397051
72113	55-59	2	0.00689233176179925	0.00605547433653937	0.00661911998643684	0.00585209573103693	0.00605439038441621	0.00513277538380018	0.00475086787802882	0.00441747417968976	0.00491483736247469
72113	60-64	2	0.0112013659607337	0.0116052651064934	0.0104903766461654	0.0102107265118364	0.00852971421845548	0.00764808971466496	0.00699413719189212	0.0065731861648768	0.00491249013177711
72113	65-69	2	0.0165376438994401	0.0165639490989672	0.016486502948391	0.0148035654956976	0.0152126335581969	0.0102121450667278	0.0106760320928093	0.00990587373071045	0.0104432498054661
72113	70-74	2	0.0308968203943736	0.0312427526503569	0.0260365117390873	0.0232763546450103	0.0219625727089137	0.018334122021638	0.017913643895173	0.013767573773375	0.0157732250786243
72113	75-79	2	0.0402841483784155	0.0427453917047218	0.0393785580593121	0.040300657469844	0.0367618620158088	0.0321834898516483	0.0284984862018737	0.0216943676279637	0.0228517192237634
72113	80-84	2	0.0740655911405908	0.0723182753549645	0.068385860623508	0.0643648313417408	0.0569395383364635	0.0514000956873961	0.0507488874621692	0.0427137762190515	0.0402546493300262
72113	85+	2	0.141175809336624	0.138427173421734	0.136442252236616	0.137012300460053	0.13316619785361	0.128732912340775	0.122225262446565	0.111979878720522	0.10746639033033
72115	0-4	2	0.00244359608360512	0.00179334915207554	0.00190295890379408	0.00209310187870589	0.00171145369737224	0.00145762272259516	0.00149943857275564	0.00125270861862827	0.00110557176616616
72115	5-9	2	0.000135199515476206	0.000125658272885913	0.000122308374879959	0.000124870999356207	0.000103417404840921	0.000105567108385033	8.81688815585931e-05	7.89302840952668e-05	8.01586076646653e-05
72115	10-14	2	0.000164063568036755	0.000159762312691391	0.000162850128700443	0.00014493599107549	0.00012595443946063	0.000117266046963527	0.000112657159031051	0.000101099101591563	9.80138777086734e-05
72115	15-19	2	0.000502851978623588	0.000584952620285044	0.000571758778374317	0.000468556743178591	0.000411129578832225	0.000402642885946975	0.000356648857686582	0.000323410616324019	0.000315349388971118
72115	20-24	2	0.000864877680175885	0.00084335333290447	0.000818598420755403	0.000857010279315001	0.000751356153815327	0.000655426945685948	0.000631800585153863	0.000551940596166572	0.000613021068150188
72115	25-29	2	0.0011053255846314	0.00106475584345952	0.00111495069790146	0.00100859512493635	0.000889603411968665	0.000828617317692408	0.000751452670043761	0.000714399078799735	0.000786750215321898
72115	30-34	2	0.00149012531722159	0.00129542240501696	0.00120783913988473	0.00125664781959517	0.00134071109143835	0.000971712504579365	0.000934523069596635	0.000840017473965943	0.000819240199946396
72115	35-39	2	0.00184704648250382	0.00170963661999407	0.0015157303234512	0.00149091947139331	0.00136620695605667	0.00151720216759158	0.00126813253716673	0.001029503958493	0.00139762052856212
72115	40-44	2	0.00225740882470004	0.00209425305326674	0.00198442457693943	0.00219237006022719	0.00163886526782958	0.00158993113190455	0.00155681128539638	0.00154223626755704	0.0013913624172612
72115	45-49	2	0.00259235775602369	0.0031545911628522	0.00225814560741389	0.00272116400484916	0.00237665426936155	0.00211468947122301	0.00229347808622639	0.00172888296971803	0.00208859111219674
72115	50-54	2	0.00425863206732151	0.0039171264096313	0.00372579671406313	0.00463062111297534	0.00365959948136771	0.00348077104860373	0.00287566435852464	0.00257380760490092	0.00252928153513079
72115	55-59	2	0.00703600371070758	0.0073318185504087	0.006771401529404	0.00606253579482027	0.0052944896966971	0.00486561459688159	0.00474098189636211	0.00377272724793	0.00518376607408404
72115	60-64	2	0.010999229206811	0.0113968059668643	0.0104103686399625	0.00882274745215337	0.00728215357963775	0.00815580634711207	0.00756674693070322	0.0061205620223147	0.00587449179507511
72115	65-69	2	0.0159063484514178	0.0158542873900376	0.016309063048021	0.0166932399251081	0.0117606131643161	0.0141281079131808	0.00912761474837851	0.00770327554899091	0.0083789083111336
72115	70-74	2	0.0274798413979626	0.0313474810715131	0.0238979229458423	0.025977868616363	0.0217179810205805	0.0167310890656237	0.0163610719200259	0.0147680396355631	0.015929783888611
72115	75-79	2	0.0381583001774976	0.0431228437458683	0.044618272838867	0.0407313569676007	0.038589876013278	0.0288573859119843	0.0294480408397934	0.024588023587754	0.0243364970292762
72115	80-84	2	0.0605418317338453	0.0740154529688049	0.0633196299862612	0.0572185324051109	0.0610087746526473	0.0493848684867939	0.0448343483075615	0.0506817838038818	0.0396606132234978
72115	85+	2	0.151174203818007	0.200254393823001	0.136223963494756	0.153474326868404	0.117678760580607	0.113063860104875	0.119518013904651	0.118220851495329	0.111330061875699
72117	0-4	2	0.00239893979142629	0.00195374557145479	0.00178048376424142	0.00175501941892578	0.00136279619881754	0.00154250125135097	0.00160097427567657	0.00122142430666862	0.00107704665606841
72117	5-9	2	0.000121047851054116	0.000117708875322426	0.000114650555780901	0.00011174790232429	9.65174611925561e-05	8.99156921979385e-05	8.19053173070641e-05	7.32190739011002e-05	7.41419154753277e-05
72117	10-14	2	0.000162440818429365	0.000150646401471152	0.000140099890900113	0.000136822419596111	0.000118252085443729	0.000110046260665437	0.000105054763092946	8.9652247307392e-05	9.08146080021097e-05
72117	15-19	2	0.000471117449405819	0.000504223203928077	0.000451030997730181	0.000504103941473016	0.000382917286283766	0.000357173601580619	0.000325821956431599	0.000292633462212309	0.000296292836432734
72117	20-24	2	0.000859766468055997	0.000834103073577812	0.000921653449378038	0.00082215423427205	0.000718052875314513	0.00068043894602399	0.000596169081117342	0.000586328577782239	0.000541378668317249
72117	25-29	2	0.00106321993727663	0.00103361317338722	0.00100663561625414	0.00106863636485554	0.000856496882580869	0.000873380538116421	0.000742935396538403	0.000669196413402655	0.000673213317439575
72117	30-34	2	0.00141345766727734	0.00132567720485248	0.00128809907289862	0.00129421503066641	0.0010401136303446	0.00101774739874156	0.00089829332299567	0.000792427644297221	0.000840784216918728
72117	35-39	2	0.00153614865532373	0.00154582789196441	0.00155789285012592	0.00157088475699295	0.00149263432491944	0.00130021176431236	0.00118855113048276	0.000989374670784707	0.00101725714474091
72117	40-44	2	0.00210202176138182	0.00219500930477988	0.00181361507922839	0.00168628035691717	0.00178958076667273	0.00160786739638314	0.00143055455243237	0.00124837274793138	0.00125642701011938
72117	45-49	2	0.00291626500498393	0.00285901507829161	0.00243669491906427	0.00262629405769445	0.00247372116241813	0.00214730081936168	0.00189463935426512	0.00191375528860829	0.00192755920698723
72117	50-54	2	0.00385595082121993	0.00392222325879583	0.00393230615188338	0.00363684599328069	0.00320539019818763	0.00307774837691041	0.00256567590724847	0.00282991845094368	0.00265387399232041
72117	55-59	2	0.00576500089153383	0.00722934478378796	0.00610084298811049	0.00562461640866415	0.00451798992343428	0.00481517752826293	0.00384281282930188	0.00375825848161559	0.0037636443339098
72117	60-64	2	0.00973375988017763	0.00932404098795624	0.00883512757209531	0.0091885150242327	0.00699747160506409	0.00634337934621597	0.00613629613084355	0.00534777784242072	0.00453941683007733
72117	65-69	2	0.012507462359031	0.0151249720039741	0.0133392646091167	0.0127847045723503	0.0101213899742689	0.0114444677327438	0.00852828876788158	0.00917154073130561	0.00745942661680842
72117	70-74	2	0.024095233587293	0.022249604707082	0.022725481496037	0.0231276785118357	0.017371449170716	0.0186026803279873	0.0154277239413992	0.0101333310197839	0.0124560919467545
72117	75-79	2	0.0432386453158436	0.0390937317706234	0.0381353591784817	0.0311689469825113	0.0263449774159434	0.0304117654870769	0.0240316630617423	0.0226849942859999	0.0213211944125413
72117	80-84	2	0.0657707703406786	0.0674419034498278	0.0641554899750327	0.0601088775799066	0.0535936423427959	0.0578489669577365	0.043845500151658	0.033015501622742	0.0341158926856846
72117	85+	2	0.135651787773937	0.146319023822072	0.133606986507014	0.111540729975696	0.102714390530772	0.110156347386831	0.113912222438661	0.0858966214904027	0.0826169179551847
72119	0-4	2	0.00258420547756331	0.00268156257669283	0.0028005597936041	0.00196666384755977	0.00184603189562577	0.00138205591131864	0.00173498069869154	0.00112251028385598	0.00140825800729802
72119	5-9	2	0.000137533830279624	0.000145726479619434	0.000142515277627218	0.000139085101302327	0.000115503499036925	0.000108138338231251	9.09917860976555e-05	8.57346473979781e-05	8.36615422874828e-05
72119	10-14	2	0.000181371773334767	0.000167916159796226	0.000157288865107576	0.000161035623688986	0.00014652673439134	0.000125284262217981	0.000110162797698078	0.000104119331754062	0.000101728514233515
72119	15-19	2	0.000528389353471539	0.000521062130057017	0.000488093294510708	0.00051976332065389	0.000380288551215994	0.000399762353892865	0.000389363971154082	0.000331438275288109	0.000343694688113271
72119	20-24	2	0.000946354142198036	0.00103833281991507	0.000928633988488781	0.00087770815672762	0.000782977443442253	0.000680362161135193	0.000587004954930442	0.000548246929159993	0.000660307993847414
72119	25-29	2	0.00105451641553535	0.00130234986783427	0.00124115426332793	0.00107764142504024	0.000962165700389358	0.00086349650772882	0.000817884293091024	0.000760388187112734	0.000781769671845863
72119	30-34	2	0.00126250056490955	0.0013009782924492	0.00140994396772047	0.00140632632292605	0.00130477790133388	0.00109190539907188	0.00108021392174714	0.000851703324543979	0.000933706260141321
72119	35-39	2	0.00186474759655031	0.00163331737056075	0.00168709797542287	0.00167190292561331	0.00130548459734512	0.00156213778756902	0.00122042467677815	0.00103526210996985	0.00151144913399633
72119	40-44	2	0.00228400055330129	0.00195559605823569	0.00209073680731383	0.00223462592240865	0.0021059430607226	0.0016201837779211	0.00154649884340325	0.00137499112471378	0.00149464533226672
72119	45-49	2	0.00294868663753228	0.00257917345938306	0.0027298360809498	0.00331105804225198	0.00239299229944326	0.00252342330249323	0.00232599238457974	0.00220314419917205	0.00214729789113823
72119	50-54	2	0.00482214352571254	0.00384553640989407	0.00417778108772293	0.00399344806889709	0.00363436369636948	0.00299654949829479	0.00344042975432137	0.00214166901819418	0.00278719405893035
72119	55-59	2	0.00734891038047344	0.00609173244956906	0.00632923575039546	0.0061617890114341	0.00499438878641789	0.00404623181012749	0.00478559080222808	0.00398952940219825	0.00371204060361088
72119	60-64	2	0.00991706969556833	0.0108277226334071	0.00914942752455158	0.0106626552950847	0.00763642009345212	0.00855242805567216	0.00567216436969801	0.00474525720511705	0.00737651654081023
72119	65-69	2	0.0179050452987795	0.013552761413578	0.0135319917157585	0.0143234285045953	0.012716348810938	0.00985921581613895	0.00966211004520207	0.00934879077596961	0.0096722551656807
72119	70-74	2	0.0277192127677199	0.0280584520448613	0.0249770920793833	0.0262837989591217	0.0205725048695102	0.0158936743356199	0.0162946785208103	0.0163284639363284	0.0133343240650577
72119	75-79	2	0.03673710683398	0.0428284487049644	0.0369336141581572	0.0431101195794055	0.0322905261284871	0.0304777425728967	0.0272498269142436	0.022890437711795	0.0245114771869485
72119	80-84	2	0.0764156756474204	0.0597401502424465	0.058217955792418	0.0587642390931621	0.0523643662275335	0.0593202125660216	0.0543805884644871	0.0380538180109456	0.0360793450297505
72119	85+	2	0.146849095116921	0.159353781733364	0.125342235627957	0.124824373322733	0.118472149828417	0.106770781105749	0.107544237463259	0.104366048100606	0.101609147102293
72121	0-4	2	0.00250780912698331	0.00189338281001988	0.00220059550171041	0.00209103995967767	0.00201510181973055	0.00216367053049409	0.00160191204845095	0.00109943730348559	0.00161639872857466
72121	5-9	2	0.000148423979501792	0.000125608511645024	0.000134802725689467	0.000125380821863201	0.000103774272109678	0.000101494491872264	8.85675943111337e-05	7.92453024128359e-05	8.04912892062727e-05
72121	10-14	2	0.000157739115753848	0.000167403803351401	0.000156430364475924	0.000160115013923446	0.000126753234812449	0.000118029144157739	0.000108094193807543	9.70140677336577e-05	9.83750564886085e-05
72121	15-19	2	0.000509806026159454	0.000494195954106291	0.000504666587485336	0.000473587694314734	0.000434618196790698	0.000373163710459446	0.00034231425472614	0.000310559552298725	0.000317427720463342
72121	20-24	2	0.000899465911215782	0.000944909744464077	0.000885155736690902	0.000792364849423033	0.000885601835873111	0.000694261846375751	0.000615632134625159	0.000633981902854516	0.000570191378072119
72121	25-29	2	0.00119583400100237	0.00115771093091294	0.0012129303493185	0.0010036651501452	0.000922712402445107	0.00087659178460438	0.000798211217333796	0.000758550459429938	0.00069990483511585
72121	30-34	2	0.00171958479266783	0.00122102032469913	0.00129152468636468	0.00135515605823947	0.00112053641409216	0.000980007551898878	0.000951889771686267	0.000855827683247399	0.000833786674561017
72121	35-39	2	0.00178830864891843	0.00159915448220153	0.00149878021285076	0.0015694786794446	0.00134399448249062	0.00137055896941787	0.00118127177588754	0.00105199643265026	0.00118285823749643
72121	40-44	2	0.0019522963633584	0.00188885441977672	0.0023383740698789	0.00205595408191815	0.00197109988015577	0.00155153903592234	0.00162297148944187	0.00120391044506225	0.00143967843471253
72121	45-49	2	0.0031799978909621	0.0028074621488019	0.00317181434224981	0.00270458186084697	0.00297113011081488	0.00283221121224158	0.00218446499999554	0.00193986585276987	0.0019810296028299
72121	50-54	2	0.00471846399532615	0.00514312306020071	0.00408204979434695	0.00452648977969413	0.00393083246940946	0.00351858723804989	0.00295108278954938	0.00266703127063718	0.00293448876672021
72121	55-59	2	0.00594910335443536	0.00697070922672252	0.0054844342307453	0.00737440527070318	0.00575487033912641	0.00535067104883545	0.00454775147765082	0.00448619217310674	0.00401024624343538
72121	60-64	2	0.0111399681378559	0.00969836437567575	0.0099671206750142	0.0112391311192667	0.00803825829340437	0.00901320776713039	0.00690886676417173	0.0051381493594261	0.00564599777443109
72121	65-69	2	0.0143925736131675	0.0145225163196869	0.0145164867448756	0.0141236468087398	0.012065163856674	0.0135990905308322	0.0107879926520877	0.00888052154636026	0.00760675235387001
72121	70-74	2	0.0292487949164048	0.0232337435513407	0.0252865233060823	0.0230440491797425	0.0186167154842445	0.0175688754516213	0.0160516294870731	0.0159090763807516	0.0141268314749472
72121	75-79	2	0.0508548519340642	0.0367471134604644	0.0474496992283946	0.0484540255577822	0.0322747942964181	0.0334884768441622	0.0277539750354659	0.0238778940927614	0.0208924719381135
72121	80-84	2	0.0612797780676881	0.0690897440923143	0.0775279596579118	0.0746490565037053	0.0574636660675408	0.0512710310416417	0.0454024145044994	0.0505616219317206	0.0426482612430383
72121	85+	2	0.147418087565057	0.150880304000419	0.121835930922739	0.14326131769985	0.125370405153633	0.125920304938376	0.113577172026946	0.10092052258464	0.101430659793506
72123	0-4	2	0.00244269088622841	0.00292495029023226	0.00265329767597259	0.00179468012741976	0.0016459077148765	0.00198003160460034	0.00192634257960707	0.00129534557507038	0.00129909315024262
72123	5-9	2	0.000143550694873464	0.000133746886272113	0.000136592306790363	0.000132999206226165	0.000110327856600729	0.000103306432182674	9.46469072203218e-05	8.47963064110208e-05	9.04312716144214e-05
72123	10-14	2	0.000173954279056152	0.000169595342510848	0.000181420933927981	0.00015506957148006	0.000141094765182807	0.000125791242444244	0.000126445511832201	0.000108531193310901	0.000105396638788789
72123	15-19	2	0.00052211646940896	0.000597849116829538	0.000479051795231605	0.000573994826352926	0.000449187874538843	0.000387477029206062	0.000358272042245602	0.000374698870583736	0.000337668424350301
72123	20-24	2	0.00107123581776084	0.00108415656692154	0.000941796450482014	0.000941686017381457	0.000771596438390693	0.000714855236840981	0.000722157063966139	0.00063422190332666	0.000654552639277456
72123	25-29	2	0.00121022884046582	0.00126582757210609	0.00131976313186775	0.0013207831747347	0.000942799471789839	0.000887914763063622	0.000850794691052304	0.000831501448998594	0.000778450591392307
72123	30-34	2	0.00140200958929527	0.00126175931055299	0.0016673619972588	0.00136740142926128	0.00122140518652085	0.0011578608966359	0.00100596597044113	0.000930576655557513	0.000887342498661792
72123	35-39	2	0.00186502812976568	0.00154165463335677	0.00226674085205433	0.00199475590489459	0.00140843699337381	0.00169505211900107	0.00129536090063001	0.00116541424956293	0.00123437175357443
72123	40-44	2	0.00251760634411352	0.0021111867201745	0.00199898876725393	0.0020517338874759	0.00206880897630121	0.00203152634191215	0.00169206536064286	0.00127806474113835	0.0014138116992904
72123	45-49	2	0.00356187578125427	0.00285956538915176	0.0029367334288307	0.00272627207059352	0.00246807414404985	0.00286542041086077	0.00217899591146517	0.00204441876217213	0.00260083133299725
72123	50-54	2	0.00464661209126012	0.00525371919263995	0.00490773797419651	0.00398070838261395	0.00377986600286104	0.00333493549647762	0.00391551824269204	0.00281506264958808	0.00259439491580004
72123	55-59	2	0.0085055120192756	0.00771729804476662	0.00683911085727052	0.00736870421002595	0.00582277166698683	0.00528313176304249	0.00437285964430489	0.00341024777934606	0.00407347100050344
72123	60-64	2	0.010888301441552	0.00951024495264777	0.00981704671163254	0.011527185014505	0.00765065975398117	0.00766000391778038	0.00635406495432174	0.00512441149715854	0.0055243057866927
72123	65-69	2	0.0185663504827662	0.0191852629298577	0.0158703912433209	0.015638143473357	0.0115832501156105	0.011545318385715	0.00980362578182777	0.00834106639725716	0.00830093369872732
72123	70-74	2	0.0275265861636824	0.0283459849914479	0.0243737717401667	0.0229710513903745	0.0217523250876516	0.0190641249401926	0.0181041890229246	0.0135487375494424	0.0142613290202981
72123	75-79	2	0.0462365664725021	0.0433074819333696	0.0433528883188474	0.0423225881383483	0.0361916681863163	0.0329521435609081	0.0234794961024421	0.0214940700267331	0.0201480327087638
72123	80-84	2	0.0672013962003798	0.0761473776073925	0.0649457994794953	0.0570621272735672	0.0539660587276408	0.0528511136455331	0.0422473133717949	0.0413319318313911	0.0392979829836449
72123	85+	2	0.153486145316769	0.141059550839725	0.141700770942268	0.158842229982702	0.135524135428777	0.146724392690564	0.107399601282798	0.105241154917161	0.104135698367946
72125	0-4	2	0.00292690266696701	0.00216651039252568	0.00222037831556719	0.00242913461333927	0.00178987938871533	0.00185337847190094	0.0017620261216109	0.00131461117532521	0.00115541383192962
72125	5-9	2	0.000123071818440116	0.000125245677996792	0.000134533088430324	0.000125318327330874	0.000109117176726487	0.000106882569038305	9.35302795479284e-05	7.6219813436421e-05	7.75463439737323e-05
72125	10-14	2	0.000149915151730018	0.000152186929512677	0.000163304271108251	0.000145834120737108	0.000127056842903648	0.000113191905611364	0.000108755371779261	9.31313781164537e-05	9.47344048793608e-05
72125	15-19	2	0.000457870566162347	0.00046414885920145	0.000476816002776506	0.000453507454370082	0.00038782050077119	0.000380559198858056	0.000353144990465105	0.00032299673968777	0.000331457555067577
72125	20-24	2	0.00083341026633252	0.000843647813698712	0.000719997695801316	0.000822201087974958	0.000738010568626155	0.000682130160049336	0.000587441815362415	0.000569410801591989	0.000537207127867437
72125	25-29	2	0.00110018294061411	0.00102283588675653	0.000928399371814037	0.000941036541433008	0.000812755310423338	0.000744841952893384	0.000737248262435178	0.000643791848269512	0.00077603452261875
72125	30-34	2	0.00129502406326208	0.00114985722160321	0.00121739870918598	0.00131993614544134	0.00103590000430405	0.00099255146201338	0.000927117772289677	0.000900615925763776	0.000873497853056016
72125	35-39	2	0.00161428358091811	0.00141892409487068	0.00152736750940332	0.00138387661288613	0.00132796475214265	0.00123938068497584	0.0012238563192617	0.00114619561024112	0.00109800114157083
72125	40-44	2	0.00189703362912779	0.00216045907801469	0.0020083246739193	0.00222349392980982	0.00160596333492112	0.00160179991635652	0.00138334558635908	0.00125134065289414	0.00182209714114032
72125	45-49	2	0.0027480599938779	0.00282968485110616	0.00268188039558245	0.00303648107683066	0.00242792434824371	0.00214900128336041	0.00217341878761741	0.00151708621326331	0.00223258023607075
72125	50-54	2	0.00539753321855	0.00384274081168063	0.00368563241237305	0.00465314998404059	0.0035033041641665	0.00301907916574149	0.00343042841415388	0.00295721519720257	0.00241651621195693
72125	55-59	2	0.00612612021675147	0.00501904497710989	0.0065090225946247	0.0057955169561458	0.0058724291924705	0.00495830644156271	0.004775220841851	0.00402380594779783	0.00385703122189467
72125	60-64	2	0.0123933291486237	0.00827824179566604	0.0101578494732434	0.00962621921710714	0.0102128989802251	0.00773910764354306	0.00705810598024656	0.00609946759587691	0.00552161181655304
72125	65-69	2	0.0150627069881293	0.0169921058919965	0.0138465348526409	0.0136408731567675	0.013917638371533	0.0136432679072176	0.0131026307770505	0.00825284513656086	0.0105654184126545
72125	70-74	2	0.0258080876783368	0.0285417684491432	0.0237409595001098	0.0257114560199073	0.0182637814446164	0.0187441333233345	0.0171444117428842	0.0131317764075141	0.0176233325872932
72125	75-79	2	0.045411305078171	0.0441433001152328	0.0384915454743729	0.0375593519462546	0.0309131922270391	0.0295630221411253	0.026400739319839	0.0221776432235865	0.0210865392081003
72125	80-84	2	0.068598534768027	0.0613726670230041	0.0628174617717177	0.0561949129548503	0.0582765780368464	0.051765962719606	0.0483251722037756	0.0479352126896272	0.0442849082484937
72125	85+	2	0.144381701032386	0.149207934851704	0.143100725349852	0.116615803784775	0.117480955969421	0.116985357255969	0.108980632322146	0.114910007083217	0.117016711202118
72127	0-4	2	0.00396324224535139	0.00324713505080669	0.00320980620032292	0.00258191712199221	0.0020332701361121	0.00214526296367269	0.00155009298124334	0.00147967227627936	0.00160488886732966
72127	5-9	2	0.000176427924247691	0.000166885630440385	0.000177130984861765	0.000176738906513062	0.000123775599429968	0.000113354031036299	0.000106244790345623	0.000108884770806211	9.39336848444028e-05
72127	10-14	2	0.000196232665224153	0.000185919456963447	0.000213757356360112	0.00021230837512499	0.000148515897399086	0.000139876496973396	0.000135784246154869	0.000122540935901887	0.000113854990222602
72127	15-19	2	0.000586525480930174	0.000487495747376637	0.000528798563911307	0.000552359395350468	0.000421210875654338	0.000400471936604823	0.000314116192532194	0.000270430599554057	0.000302584913384068
72127	20-24	2	0.000647807475020821	0.000823964510309278	0.000983587698388828	0.000722140411135812	0.00060121324813871	0.000715343194357292	0.000569717727074908	0.000499947225617298	0.000481324817942698
72127	25-29	2	0.000816948736618441	0.00122078414086148	0.00169543508757022	0.00131381483125652	0.000810262477580023	0.000712651914375056	0.000731212215498862	0.000552271042351818	0.000611923192973246
72127	30-34	2	0.00120192301356057	0.00157444696202867	0.00213115724322975	0.00182224161855867	0.00125241984101819	0.00109728041400157	0.000905293266240097	0.000962414596197939	0.000719410074724425
72127	35-39	2	0.00161166803780804	0.00193415870395757	0.00231746497851381	0.00268917553538235	0.00179926608225917	0.00152051679434046	0.00121371194686698	0.00112499381116359	0.0011566875893862
72127	40-44	2	0.00210728770353613	0.00225107097469451	0.00262638201635295	0.00274494029595776	0.0020497281169247	0.00200057316049406	0.00157888586843464	0.00153285037238259	0.00143598176542036
72127	45-49	2	0.00283061855723487	0.00291796950433392	0.00333534306802794	0.00311309680881166	0.0028913738716789	0.00254533353761759	0.0025774289949514	0.002056324129361	0.00198573098818409
72127	50-54	2	0.00422605168814178	0.00452668867015985	0.0042257350953612	0.00400225053534341	0.00394669645672579	0.00375487042190498	0.00366689059859151	0.00292144988897256	0.00289454333789939
72127	55-59	2	0.00652633324469251	0.00612821148021076	0.00573142078826925	0.00551649819601566	0.00545765002723831	0.00508998590214567	0.00474278283645385	0.00423039072547218	0.00471128219529664
72127	60-64	2	0.00947265248831498	0.00889361424595216	0.00876424077267484	0.00847442630858525	0.00807302358866639	0.0067116724412302	0.00683851689108756	0.00606120726065412	0.00671350169327995
72127	65-69	2	0.0141276037772561	0.014199069094761	0.0129020356801348	0.0129948571005342	0.0110016047251367	0.0101836611114604	0.00918153839500065	0.00864800159571611	0.00921323782421403
72127	70-74	2	0.024488434651333	0.0225499270983508	0.0222231759277951	0.0206655913544407	0.0171022257853876	0.0155277120025922	0.0150700812105685	0.0123720280033361	0.0130643060032334
72127	75-79	2	0.0377059346228827	0.0358322855159509	0.0332437398729911	0.0314217496574552	0.028305961665359	0.0264532887985057	0.0245023199807248	0.0227129131301268	0.0221871606851949
72127	80-84	2	0.0679154354873428	0.0650410422897788	0.0620816987834286	0.0584389266664486	0.0503003751644248	0.0479402818037682	0.0409200436963847	0.0385456178040027	0.0381727208055835
72127	85+	2	0.145240220120151	0.133808507153567	0.130732989119819	0.128562643468937	0.114067622291724	0.113407212822411	0.11091049768949	0.105323489301076	0.105119182090969
72129	0-4	2	0.00269485101748739	0.0020841139858493	0.00209075698086021	0.00222559904397929	0.00153754844479853	0.00130054476698465	0.00123465145250455	0.00117741508704538	0.00121922823912504
72129	5-9	2	0.000131528053056741	0.000127870874065499	0.000119345774951784	0.00012172777402579	0.000106069719471807	9.9016893300527e-05	8.66280274621201e-05	7.78749504297168e-05	7.90787638881587e-05
72129	10-14	2	0.000173123540234959	0.00014810861944983	0.00015176291167373	0.000161941839892871	0.000123359377683577	0.00011499574831451	0.000105425261351256	9.49959452379736e-05	0.000101154316650812
72129	15-19	2	0.000483614062690057	0.000479578729260875	0.000490518443233588	0.000512425423428615	0.00041883057886794	0.000427421622229298	0.00032446227065577	0.000324453818660119	0.000304994080911962
72129	20-24	2	0.000873047900216018	0.000913512918031388	0.00080120831580875	0.000781450761494511	0.000747672977987302	0.000689395852003916	0.000662139205042114	0.000565267145087337	0.000533698368109245
72129	25-29	2	0.0012263354042118	0.00106022411796909	0.00102874704644901	0.00093739637443594	0.000805510448028504	0.000811165785413825	0.000808683587115721	0.000640956438109228	0.000700084388043051
72129	30-34	2	0.00139482806980518	0.00123590300694638	0.00122473900706957	0.00125840008321051	0.00125140216506046	0.00094768462383448	0.000946931827625667	0.000903489126267751	0.000789155364606833
72129	35-39	2	0.00171502606698088	0.00154666737955504	0.00150739089152714	0.00156865485141014	0.00145409271371427	0.0012910313147485	0.00106195287444259	0.0011239691603754	0.000980587300476391
72129	40-44	2	0.00229784159682481	0.00194571803312774	0.00199173653812863	0.0020131770463238	0.00172264526894644	0.00158986498989966	0.00149473803368961	0.00116925782963041	0.00117446784506465
72129	45-49	2	0.00298502832799497	0.00285847357694234	0.00226890600439908	0.0026554972703678	0.0026155273368202	0.00210467787249098	0.00167563749050679	0.00179372067909494	0.00214949544901989
72129	50-54	2	0.0040559578133029	0.00372484950011055	0.00433405175656361	0.00312779135243197	0.00418763749357203	0.00279577900541318	0.00288643580968733	0.00268584114274647	0.00255066572547771
72129	55-59	2	0.00696140114525025	0.00666914218890765	0.00579741068846995	0.0064426085630645	0.00461297044832103	0.00489766289027931	0.00411622243312967	0.00312849200419046	0.00416537145750159
72129	60-64	2	0.0103379396622989	0.00920889817555768	0.00889372000503682	0.00872177936179675	0.00791658321636955	0.00782634705693736	0.00692297135606371	0.00526154334237391	0.00491878125963241
72129	65-69	2	0.0146661286034129	0.0119675387954254	0.0167602206919848	0.0151546023948035	0.0124716032510084	0.0104323794038425	0.0077877755813729	0.00844629932125186	0.00844451937570477
72129	70-74	2	0.0227821674044173	0.0243347724789912	0.0215133013892557	0.02367733068102	0.0242749480271175	0.0179875803581415	0.0153836506496332	0.012325346345452	0.0151647716348729
72129	75-79	2	0.0403136966418131	0.0430420240045023	0.0374714337506085	0.0379366407480235	0.0272036784877887	0.0318724065512117	0.0268114698375667	0.0213084811090476	0.0259199215821732
72129	80-84	2	0.0667410486234769	0.0618528607075304	0.0664067474257945	0.0751496713821066	0.0549874434012681	0.0548351340986347	0.0493836252821203	0.0391507288899719	0.0354003236286876
72129	85+	2	0.127252540840853	0.131649153865647	0.12129618292598	0.120812575906407	0.118371539929847	0.126827540421412	0.108788881619891	0.0967572283638908	0.0997358860267117
72131	0-4	2	0.00259623334888542	0.0021234015561788	0.00255706741921887	0.00178096066153107	0.00174435974107295	0.0013695066332832	0.00124950468497892	0.00109811792055059	0.00113812751844173
72131	5-9	2	0.000132664569665529	0.000147793038020912	0.000115113447994065	0.000117687244624631	0.000102572169616823	0.000100306951445619	8.79161841791292e-05	7.52015472307996e-05	7.65798639804984e-05
72131	10-14	2	0.000153527724652295	0.000155957606767232	0.000145503042423764	0.000142381396176377	0.000136090063635603	0.000116086827082665	0.000102066781408591	9.16162819208873e-05	9.76856905096995e-05
72131	15-19	2	0.000489342161164496	0.000518940736440776	0.000488814999854484	0.000458473181832155	0.000424931053849786	0.000355913915998141	0.000329777314425717	0.000300394436241468	0.000320507604452438
72131	20-24	2	0.000942465393176107	0.000833478657107574	0.000813280123650563	0.000785031379317881	0.00064712726324084	0.000702427534411951	0.000632736308019597	0.000508070475095796	0.000584096070204572
72131	25-29	2	0.000992293282006207	0.000996775942681108	0.00111379920440532	0.000882104182006352	0.000945911991041832	0.000776597616705121	0.000804380555055402	0.000689780730286147	0.000748196292731198
72131	30-34	2	0.00139764931851483	0.00143104824411495	0.00110770691769314	0.00137287879240066	0.00101973266027834	0.00100387876729943	0.00094095872568302	0.000883651295842801	0.000839603717247973
72131	35-39	2	0.00145182191720987	0.00141226645892611	0.00161556082770586	0.00154650947509178	0.00111971196548224	0.00128220982270436	0.00121687562363177	0.00111208364084362	0.00107402295354067
72131	40-44	2	0.00218245999219456	0.00184072101402906	0.0018428012395151	0.00198094006515863	0.0016456510736747	0.00195373478191857	0.00153494352670901	0.00132169946172429	0.00114651377730241
72131	45-49	2	0.00282271294784164	0.00288307574556601	0.00260223445228554	0.00263357313830661	0.00234051569316455	0.00193612092778132	0.00220101279358143	0.00185912288512488	0.00202292431870264
72131	50-54	2	0.00510301720147081	0.00417199832572291	0.00404903473195072	0.00424169523037789	0.00314607471355883	0.00325169132799588	0.00291018933071811	0.00289748095291188	0.00279727914795171
72131	55-59	2	0.0075979632849261	0.0055120742228096	0.00541007903661374	0.00531694041880698	0.00482949142880996	0.00517809959594557	0.00427290236754406	0.00372367719874993	0.00369690942913779
72131	60-64	2	0.0107783973395529	0.0101063343415652	0.00758975008921891	0.00936554235555341	0.00835810633849304	0.00639040169580765	0.00750784429029495	0.00515695087009767	0.00655484005358056
72131	65-69	2	0.0146755974147027	0.0145934718670332	0.0129008624761455	0.0135292347520696	0.0111465270062615	0.0121571953550442	0.00890963014362848	0.00774585899575231	0.0083725436623848
72131	70-74	2	0.0286141529844988	0.0285397890218686	0.0247303886090875	0.0207567400528768	0.0221748596908611	0.0178014985684257	0.0146854248061356	0.0122675813441127	0.01471733253131
72131	75-79	2	0.0354178355147812	0.0409597280344132	0.037659825435515	0.0390151347486298	0.0364861576904265	0.0337046046311952	0.0265411151447513	0.0241655480154025	0.0244648498948873
72131	80-84	2	0.0809440149902889	0.0651161305548712	0.0686764346127485	0.0667624708612831	0.0619113762580753	0.0562617645665013	0.0546483645752742	0.0474613052905692	0.0427397487689289
72131	85+	2	0.157461968961842	0.169353119562276	0.14572913705768	0.142045831167042	0.136808212215211	0.11772175202095	0.120574001660008	0.114459755513806	0.100859434612313
72133	0-4	2	0.00289389072087263	0.0030828298550226	0.00263955348164321	0.00261530611291865	0.00181435410767718	0.00206903009888657	0.00159563189655669	0.00121169537863224	0.00148489390154283
72133	5-9	2	0.000154449932655866	0.000150943731774604	0.000148128091921591	0.000137258154754973	0.000130963834706753	0.000116341910767706	0.000101482898138579	9.10056443680057e-05	9.2641995646558e-05
72133	10-14	2	0.000188472310540049	0.000183655757929426	0.000172185926117438	0.000167608748411408	0.000152859524872801	0.000141983923158232	0.000123908478970459	0.000111224894348925	0.000113253544925192
72133	15-19	2	0.000572269782036899	0.000581658320956338	0.000549717432565579	0.000539565873302617	0.000518720805645424	0.000423822744845477	0.000424580100302749	0.000369931779424819	0.000363250083802639
72133	20-24	2	0.00106103742822409	0.00100596947643075	0.00111142185367482	0.00102739215412023	0.00090491858950437	0.000794161153262223	0.000758900292789275	0.000719754901252881	0.000675776240554439
72133	25-29	2	0.00136095126996882	0.00138843765252718	0.00145458029154649	0.00137606155040829	0.00108505547246078	0.00102713502609108	0.000943463815575141	0.000789562104645412	0.000799041103044639
72133	30-34	2	0.00170167794359829	0.00161344896224346	0.00176294154555391	0.00169090512851913	0.00138108349035179	0.0012740539928258	0.00101784104347221	0.00101523816142797	0.00102739829582049
72133	35-39	2	0.00212616027222563	0.00191065843076939	0.00206819698985437	0.00184851480378009	0.00166526179059387	0.00168612443863061	0.00129276790848628	0.00112976559180943	0.00152078027349034
72133	40-44	2	0.00237515908637434	0.00241957892007661	0.00241852246181062	0.00235348195340508	0.00207083247183075	0.00196396911293711	0.00174602122828403	0.00165478131703297	0.00144144799844733
72133	45-49	2	0.00363210269088227	0.00365884000280018	0.00392932077075472	0.00326734688573535	0.00305696098061332	0.00243092488978639	0.00201668308103903	0.0018868224828866	0.00196741389170557
72133	50-54	2	0.00488005584073254	0.00539810277339614	0.00559080556582849	0.00446606590577929	0.00392895279524291	0.00373959786704902	0.00370282892611347	0.00297747448274792	0.00292127677402291
72133	55-59	2	0.00734158721526366	0.00537196845970683	0.00747989691355923	0.0056644781109286	0.00556508787408194	0.00615550490801197	0.00501985877437317	0.0042859554492707	0.00476813960140941
72133	60-64	2	0.010562756328585	0.0117767204700187	0.0129132863578464	0.0101473327241915	0.00879234114307494	0.00998058786878942	0.00639468229299908	0.00622392414665834	0.00611956205237229
72133	65-69	2	0.0173346311262182	0.0165564045157263	0.0150980335833906	0.0144990100716348	0.0125054001036172	0.011867506025663	0.0100751712555903	0.0095563193934133	0.0092881607986566
72133	70-74	2	0.0286415485147663	0.0276360108972073	0.0262904697044673	0.0323712266934653	0.0253197539177634	0.0199846797313046	0.017378837310073	0.012636622369854	0.0161827985789809
72133	75-79	2	0.0367853447391793	0.0429379669534032	0.0426598961934682	0.0351882671881436	0.0350532957793245	0.026792293205296	0.0315602231738801	0.0256845570699122	0.0293442051536498
72133	80-84	2	0.0753689884814174	0.0861990233861586	0.0749070035937281	0.0761152079858732	0.0654691972452882	0.0550725223717621	0.0548927262922683	0.0457945023564435	0.0403687859173233
72133	85+	2	0.138091922613995	0.123301646776781	0.136708268824895	0.139481587493517	0.1351624446713	0.165007673447872	0.130874997478331	0.119267677248251	0.103336567203188
72135	0-4	2	0.00233097184422175	0.001905967642552	0.00225435229592934	0.00154158344598801	0.00144162628935394	0.00127970520166101	0.00103972706422995	0.00100450879168716	0.000992836664911259
72135	5-9	2	0.000126710243039731	0.00012224263785107	0.000108500417759926	0.000119691576506039	9.52203860494739e-05	8.4999898314909e-05	7.48059077389246e-05	6.75108876118435e-05	6.89800005580067e-05
72135	10-14	2	0.000176426641511447	0.0001419834937331	0.000131696627234849	0.000139004092792368	0.000120568950176384	0.000102434757027031	9.86909622955724e-05	8.58078436143133e-05	8.74549713444257e-05
72135	15-19	2	0.000422489648330095	0.000459460101714294	0.000424576827985026	0.000434196058291617	0.000392030463439889	0.000348576069222735	0.000297988424204456	0.000244808898543101	0.000253541041567717
72135	20-24	2	0.000830113693248238	0.000666370153456221	0.000711376641398755	0.000741680311056203	0.000735640076294512	0.000611463571053401	0.000620572466512452	0.000449636879358762	0.000477880691848054
72135	25-29	2	0.000847347631319835	0.000937968634091055	0.000861279983999195	0.000931411251623756	0.000780621605310492	0.000669638314443378	0.000651294860268424	0.000643299885790206	0.000540051464543953
72135	30-34	2	0.00114499117124234	0.00112161355048444	0.00113547082535619	0.000935331697681098	0.000984528748110887	0.000789430642598184	0.000755458753014949	0.000680105543330305	0.000803093311342481
72135	35-39	2	0.0015308173555723	0.00142654595489588	0.00172351834105454	0.00133085190044081	0.000961295623820421	0.00108955681691938	0.000904749746894409	0.000961454174819069	0.000828715133907721
72135	40-44	2	0.00217313142054498	0.00190562084832836	0.00208117300898398	0.00161881384859415	0.00130828737029021	0.00151642151656223	0.00132581327300078	0.00102198493846428	0.00120611883518239
72135	45-49	2	0.00230945557264813	0.00247389892074064	0.00217959840548097	0.00200779959415133	0.00211541099101982	0.00189941243219831	0.00184230598708269	0.0013394512633835	0.00139256663437633
72135	50-54	2	0.00391454799820416	0.00328245542681758	0.00318215079015077	0.00352177363590658	0.0028926791858566	0.00288796716984228	0.00233128907459442	0.00240852733999128	0.0019508119535517
72135	55-59	2	0.00629941689575432	0.00552111739948109	0.00571547539193831	0.00491058032715364	0.00451830290044763	0.00405274275345667	0.00384826056692509	0.00299331514918676	0.00287388952692007
72135	60-64	2	0.00766714061937704	0.00855297091211626	0.00770930785551122	0.0078835656576625	0.00647273930153242	0.00599895943231149	0.00617720674236758	0.00464381973281466	0.00574328383040112
72135	65-69	2	0.0148745549770693	0.0147987260557866	0.0132699834191589	0.010356382925739	0.0118046497629924	0.0097727021493718	0.00814338418807661	0.00816138530670791	0.00816220881946873
72135	70-74	2	0.025234579189313	0.0201971235018776	0.0214031459731918	0.0192147207682361	0.0164876297281474	0.0148549317232837	0.0118325727070079	0.0136313111587849	0.0139293789324034
72135	75-79	2	0.0360372502949598	0.0322386629789683	0.0371183193168996	0.035920789712526	0.0351043873405996	0.0267391760586287	0.0267275454582378	0.0248708996074796	0.0199643868044004
72135	80-84	2	0.0705503392750528	0.0542750070787545	0.0566311566445635	0.060620748584389	0.051546451335274	0.046162400866314	0.0450289762473355	0.0418714173073012	0.0445442682252591
72135	85+	2	0.123340888144832	0.126875939694034	0.112501227265317	0.109916903218209	0.103898088163758	0.105113521167316	0.096387985101446	0.0965788572470325	0.102446992520707
72137	0-4	2	0.00276539455335878	0.00239918082428742	0.00225985539356718	0.00203119057756468	0.00183684669915603	0.00201736183724979	0.00152705393701217	0.00107649266523206	0.00122729330197376
72137	5-9	2	0.000148835756217119	0.000151830901699737	0.000121263351406612	0.000118852043114763	0.000114127641905112	9.8363499660299e-05	8.72129323248823e-05	8.28713875749736e-05	8.1289060838173e-05
72137	10-14	2	0.00017758658375272	0.000166219565028195	0.000163374469326002	0.000154240401013407	0.000136662993851994	0.000123615465663192	0.000105096068970247	9.59477661007366e-05	0.000107944263009978
72137	15-19	2	0.000429417202615296	0.000464244698331692	0.000487735917937728	0.000393782580285703	0.000471911423833059	0.000345370692677641	0.000340960956019695	0.000306654632348828	0.00035051100072006
72137	20-24	2	0.000874242911818292	0.000829586649831777	0.000876076253560972	0.000761201874614572	0.000633759625710457	0.00070638270127033	0.000528954648901476	0.000606451744059661	0.000674028010337354
72137	25-29	2	0.000877633635007814	0.000933854645086623	0.000892940348130623	0.000944078302398841	0.00085245595784677	0.000784165090964465	0.000765923608459709	0.000743959536071789	0.000616107440933313
72137	30-34	2	0.00118892940144283	0.00129152194013085	0.00130590561680214	0.00117460256362427	0.00101198670534714	0.000908327430598454	0.00120587463635846	0.000909786209083123	0.000978639930902497
72137	35-39	2	0.00157569381803423	0.00159209835867481	0.00159079320745025	0.00169226209911249	0.0011944504028771	0.00126447313410958	0.00128261135321979	0.00100569884552312	0.0015628765653615
72137	40-44	2	0.00172121123011031	0.00199788767601322	0.00207263899778364	0.0017597501202179	0.00156310629935148	0.00156462400350321	0.00150817912218062	0.00141399057003591	0.00173573453168036
72137	45-49	2	0.00271981472630578	0.00309993753157256	0.00245363989625477	0.00234470460557111	0.00238272900701275	0.00209001968949487	0.00219981675755222	0.00205744702694486	0.00173914328807014
72137	50-54	2	0.00480193938577179	0.00363496637436966	0.00340927581052841	0.00343767620312479	0.00319912663968934	0.00334528281159742	0.00311160195086637	0.00280804173579389	0.00361985620915806
72137	55-59	2	0.00642963021147313	0.00667161977366358	0.00617447854975187	0.00426110100538253	0.00499440473582361	0.0046418685308158	0.00425445290089288	0.00441719036923933	0.00384048009844319
72137	60-64	2	0.0104059614670853	0.01049848662078	0.0079999755100692	0.0091244263056126	0.00847119948153892	0.00709221158953785	0.00675933837334057	0.00581982006532432	0.00780161708961659
72137	65-69	2	0.0154353171233932	0.0159221928134054	0.0128050839256464	0.0141907832839384	0.0115595947082423	0.0116403401935152	0.009524803781801	0.00811464726948974	0.00968177877546005
72137	70-74	2	0.0247085223159448	0.0213438692650768	0.0266711020592285	0.0210021524128023	0.0193803687528044	0.0187140734179633	0.0158808950235609	0.0119174523713376	0.0136227035392649
72137	75-79	2	0.0388961931123489	0.038867387556354	0.0440034132360155	0.037674816764401	0.0356541408354777	0.0308981720260981	0.0273718223836912	0.0222978348469779	0.0244376065176617
72137	80-84	2	0.0648422720379604	0.0666446749845498	0.0684118002006348	0.0654544244812697	0.0541895763062273	0.0564932347791679	0.0464664150419992	0.0403078185437884	0.039173208845425
72137	85+	2	0.14303634064982	0.133091265108935	0.122556694980064	0.126638189186349	0.120866412100039	0.124152759559424	0.116472559048704	0.104454094150842	0.101200614137613
72139	0-4	2	0.00193127393567875	0.00171929653979224	0.00196470227270132	0.00150741659763344	0.00145659311631829	0.00122957288706332	0.00118926452461355	0.000968111883401537	0.000955754152137403
72139	5-9	2	0.000120697960660864	0.000112532779477409	0.000109984313759146	0.000102146449586936	0.000106372201506893	8.72621522666331e-05	8.04661663184771e-05	7.25821086727135e-05	7.07729561878694e-05
72139	10-14	2	0.000146872228115506	0.000148260919283708	0.00015745544055985	0.000123642219905596	0.000112884401943864	0.000115385120421428	0.000101969107251855	9.24742929515879e-05	8.58658235104349e-05
72139	15-19	2	0.000433831380381058	0.000435744496840898	0.000423568563423762	0.000381063184962184	0.000394448264213073	0.000308974876305397	0.00028877484898132	0.000277580939049853	0.000274730881582237
72139	20-24	2	0.000744372878197336	0.000793816312092579	0.000764879238160741	0.000729049444146286	0.000692966965093358	0.000537031681517614	0.000540900147260294	0.000466794053235118	0.000460984197430866
72139	25-29	2	0.000839331758576356	0.00101793701388036	0.00111337658672243	0.000853120547912853	0.000768644876760527	0.000754484733014064	0.000699658756017417	0.000549738211500268	0.000683714238664233
72139	30-34	2	0.00105243632867775	0.00094370489156467	0.00114662961289185	0.00114194010676503	0.000805261794192215	0.000753572231677753	0.000834866713188905	0.00068227937661055	0.000824369503863027
72139	35-39	2	0.0013583615995981	0.00143812730699008	0.00158620521627776	0.00132373457978284	0.00123751129777458	0.001004746970744	0.00102139734626296	0.00109205851976769	0.000982316883631057
72139	40-44	2	0.00175827939798045	0.00186791046294622	0.0015586649240089	0.00191606225444834	0.00172026553264932	0.00160961409549634	0.00137050249018791	0.00122552595333624	0.00128394461954135
72139	45-49	2	0.0031209768867837	0.00211269598067814	0.00252449449236105	0.00258018825395587	0.00204474284530417	0.00211938352173373	0.00169101080155772	0.00160927820120343	0.0015109600691092
72139	50-54	2	0.00378077868335269	0.00414193342155105	0.00385735894640884	0.00333662668326931	0.00301012975926614	0.00350230788966938	0.00314769172339933	0.00232008481620704	0.00211109185776501
72139	55-59	2	0.00544213763878338	0.00475547812648766	0.00473687592052831	0.00430973222607424	0.00458331628722286	0.00339926485057888	0.00337703118826307	0.0036779656288709	0.00300428367282533
72139	60-64	2	0.00796003733554304	0.00989433282904752	0.00921143077849974	0.00681326237133001	0.00636798535424069	0.00596820597260967	0.00596257350037735	0.00493111964346347	0.00469062117917083
72139	65-69	2	0.0126096137965142	0.0127220768765275	0.0116349875871096	0.0138541490116165	0.0109983942913945	0.00864144651140688	0.00826455118591418	0.00814395935073388	0.00709903251130087
72139	70-74	2	0.0217664914715554	0.021697592055596	0.0240501744921681	0.0232316138634387	0.0196746601118906	0.0157226358723873	0.0125328266585509	0.0137408433994841	0.0129635173641955
72139	75-79	2	0.0366464077837385	0.0339300706947104	0.0352105291383498	0.0294957697512961	0.0252395633007498	0.0266399812851194	0.0210415467223011	0.0196599746446534	0.022168305316131
72139	80-84	2	0.0559165181112031	0.0578335314506183	0.0618916030940338	0.056934835491257	0.0406925023360265	0.0438847802668347	0.044787426049438	0.0334164588355894	0.0343384760991258
72139	85+	2	0.140017332265177	0.123299062579911	0.101221984207535	0.0999931337726798	0.0889797687499835	0.106329872443216	0.110948670864722	0.103954746861192	0.0994295887871824
72141	0-4	2	0.00237552005748106	0.00213554496587953	0.00146209213368937	0.00188260749652154	0.00152030134669726	0.0014660287482088	0.00121476780325928	0.000910601609348029	0.00102915125489279
72141	5-9	2	0.000136325591921786	0.000126998717685927	0.000124294844795177	0.00011087843523432	0.000101223056441057	9.4755092126806e-05	8.27339089274665e-05	7.76469692298421e-05	7.52866003804649e-05
72141	10-14	2	0.000157276158057421	0.00016777759738236	0.000150421226163745	0.000134427528159898	0.000134633406012905	0.000110096682179869	0.000100862593245692	9.06250666022772e-05	9.19780758755696e-05
72141	15-19	2	0.000478681445031033	0.000436079125466375	0.000485129352768612	0.000423280705589862	0.000376378996190177	0.000370827284547885	0.00033125724931611	0.000302400412873233	0.000295928027539542
72141	20-24	2	0.000808766130716821	0.000891544725846307	0.000817935529285519	0.000865989846341581	0.000741917873620293	0.000680730636867809	0.000557576761927558	0.000540132836665437	0.000602672215656674
72141	25-29	2	0.00103731087827908	0.000938907288689561	0.00102864195820069	0.000942938113754808	0.000876019263376426	0.000892981413125316	0.000816062839150616	0.000692133044851044	0.000684349382256275
72141	30-34	2	0.00120145121283348	0.00124347717444754	0.00121838247773094	0.00112671382942185	0.00102107293738204	0.000976943060090843	0.000948682586688444	0.00085441838282659	0.000872771031307944
72141	35-39	2	0.00152747823191812	0.00155675953429136	0.0015034316570337	0.00151604805672108	0.00142198655877111	0.00148768729481784	0.00127407685974301	0.000976695100004053	0.00104754271093336
72141	40-44	2	0.00205272144607518	0.00192004984587684	0.00205912386436563	0.00169503436769417	0.00157007082597	0.00157060072808573	0.0012844858069913	0.00140232449847672	0.00133233558451988
72141	45-49	2	0.00255012729821633	0.00290010883975843	0.00273667351535662	0.00286225623513443	0.00241097400005648	0.00217659579930843	0.00206194005359391	0.0018361580766242	0.0016630681138789
72141	50-54	2	0.00425730794347113	0.0040090256548788	0.00387151474244498	0.00380023994412445	0.00379788800714381	0.00360479216063659	0.00254186799447782	0.0025585635113865	0.0024498531374431
72141	55-59	2	0.00703945223792994	0.00628833016545628	0.00509629278980448	0.00533575928880145	0.00507268867731965	0.00397096003516993	0.00483163054542583	0.00378801643793183	0.00393917578169452
72141	60-64	2	0.00892656818802326	0.00961419775753713	0.00937549356832922	0.00924356338537361	0.0085583942986515	0.00744991395238698	0.00660409120385613	0.00533328862612409	0.005916226932253
72141	65-69	2	0.0136928021153873	0.0134201552607642	0.0178110756926253	0.0150021557481571	0.0112993665121362	0.012249537718677	0.00868131012639977	0.00699211616787486	0.0082400828758852
72141	70-74	2	0.0275580685781447	0.0251324175488865	0.0231130781192452	0.0250215949648284	0.0194013838593764	0.0184913770878171	0.0173943740993572	0.0121289813310607	0.0142995890815328
72141	75-79	2	0.0407486825105725	0.0385233048763068	0.0403322967060392	0.0368199055134746	0.0307237111641382	0.0269048707499466	0.0265726161959907	0.0214270851571606	0.0237183822784547
72141	80-84	2	0.0682750391857699	0.0760815302736859	0.0700083564653636	0.0605367817337236	0.0599650387035378	0.0520179288609097	0.0415554879786361	0.0414741666268223	0.0342096898186524
72141	85+	2	0.147033581025592	0.138734213745337	0.124627602579114	0.152266261220991	0.138424099696466	0.12618872829118	0.107068137874822	0.101285046380257	0.104535056020251
72143	0-4	2	0.00292583563450311	0.00206199123598471	0.00188607405102327	0.00194000920260702	0.00162463561313542	0.00123575003746533	0.00119785797906831	0.00106036789892761	0.00105556807321898
72143	5-9	2	0.000156201892761528	0.000121100922044427	0.000118323564749461	0.000120616107100353	0.000104730782758252	9.77832282901384e-05	8.95619096453848e-05	7.66814416683565e-05	7.81489882923047e-05
72143	10-14	2	0.000173288837598248	0.000168480850391964	0.000157542607799027	0.000146895784305417	0.000122023519812909	0.000119195286837269	0.00010916894270997	9.36323152942118e-05	9.5364189725915e-05
72143	15-19	2	0.00051249489444929	0.000497349397444613	0.000546555704940682	0.000455768921779543	0.000419962710476575	0.000429345314336418	0.000336659431296915	0.000306184440326202	0.00031403565497343
72143	20-24	2	0.000850250008519557	0.000906302668633993	0.000879815181900749	0.00089440812720266	0.000687143200064083	0.00068037590773669	0.000631983379127076	0.000562586795018463	0.000622377956619278
72143	25-29	2	0.00100686642614339	0.000944069576955459	0.00115666173853457	0.00110655561669968	0.00106466323883218	0.000807013736724452	0.000739707819641006	0.000635516265008685	0.000703284747165867
72143	30-34	2	0.00129488728130254	0.00130260937976974	0.00133295117864876	0.00129798374651382	0.000953798648316512	0.000903819143045558	0.000900017490704342	0.00100572348854776	0.000792213374015887
72143	35-39	2	0.00178239636287332	0.00187236556191907	0.00195144067096629	0.00168662261551843	0.00124135303727002	0.00135056177194205	0.0012660423440062	0.00107130955321701	0.0012586410809045
72143	40-44	2	0.00232025820954574	0.00259717241007727	0.00217817134507451	0.0018784358758554	0.00186025175330637	0.00161260791058017	0.00159218299888965	0.00132783291175649	0.00160260590601353
72143	45-49	2	0.00322832852315513	0.00341412117438216	0.00291685154237193	0.00276815770281975	0.00250706997340422	0.00220629357058757	0.00189376680403577	0.00193242555149118	0.00210213787058416
72143	50-54	2	0.00444870020938788	0.00477547301293182	0.00374005019052981	0.00432851497270036	0.0034969909052157	0.00316462897183846	0.00282290150234297	0.00231318760839175	0.00296764918205329
72143	55-59	2	0.00641337696967883	0.0052791009801925	0.00566994617585354	0.00563089766271375	0.00487778691186843	0.00456266603442536	0.00441540609040115	0.00424904929487485	0.00354633195096663
72143	60-64	2	0.00964453260847421	0.00965770321037267	0.00890923980637726	0.00882081579824427	0.00804865975069093	0.00738008361764807	0.00710763513013788	0.00469284884772072	0.00573548482068721
72143	65-69	2	0.0142247646719427	0.0140416925903337	0.0121837300026282	0.0125442184859789	0.0133498063094841	0.011374633632731	0.0101520346162517	0.00716745032664748	0.00864122420455944
72143	70-74	2	0.0251056302320133	0.0241455923565227	0.0203281945684584	0.0250188834302615	0.0168211399976572	0.0163397191788883	0.0145703195175564	0.0152542560515205	0.0130629893391757
72143	75-79	2	0.0390268828769345	0.0368777372099914	0.0361124456659973	0.0316541469640521	0.0333630471402539	0.0306473269450244	0.0231652682079658	0.0222317370944046	0.0179337314098976
72143	80-84	2	0.0574328800564117	0.077559859146509	0.0660281881015142	0.0671961863242692	0.0468511037653008	0.0481378181080962	0.0455762731366562	0.0365123278331651	0.0396452025808306
72143	85+	2	0.15480376100586	0.13327680958194	0.13764945943828	0.124990816460423	0.119925374786933	0.116127700979838	0.119857326557995	0.101314830167835	0.0970858702778381
72145	0-4	2	0.00269157631434967	0.00262551289878501	0.00215888027957844	0.00180090904358714	0.00149116520949726	0.00135821703287281	0.00148032926493252	0.00117930149280941	0.0011385523679177
72145	5-9	2	0.000141732178974484	0.000170845212941489	0.000128740117146048	0.000131529567391621	0.00010511529610144	0.000107753112890097	9.07477022337919e-05	8.97341830773694e-05	8.33187560140854e-05
72145	10-14	2	0.00016301577130561	0.000172362614940334	0.000161498222735764	0.000158025215352505	0.000132640804774424	0.000130332162322154	0.000114860108438559	9.91810177097795e-05	0.00010136796799049
72145	15-19	2	0.000513591268930984	0.000539773458718938	0.000568081776740318	0.000517186246610416	0.000385241395577784	0.000365758504125793	0.000385786647512952	0.000341803949278821	0.000338596820194316
72145	20-24	2	0.000861800548613393	0.00103806836841693	0.000836623912139279	0.000895229362821489	0.000778861169612214	0.000709444240133015	0.000558896312194593	0.000539671268205168	0.000618093371591516
72145	25-29	2	0.00104124474000004	0.00121151728346321	0.00113371814580615	0.00114824911745595	0.000956092651750054	0.000996429136658024	0.000775368999167625	0.000732149732835719	0.000720546408413771
72145	30-34	2	0.00131956097702784	0.00119402845401468	0.00176701716035264	0.00118452852595807	0.00105253044368817	0.00122403089075084	0.000993557208867759	0.000960480971528	0.00112312347896667
72145	35-39	2	0.00187828477584262	0.00193767809645278	0.00211530906545564	0.00210277962418708	0.00171492360551446	0.00128880284847803	0.00100399283361072	0.00119966596365007	0.000968576729461189
72145	40-44	2	0.00217252470110458	0.00232763732722422	0.00220866451664776	0.00219708807954775	0.00173800912747803	0.0019417673158328	0.00183192173890582	0.00143195369858335	0.00136571857588832
72145	45-49	2	0.00309030147138477	0.00261241825979951	0.00289540904856189	0.00291676777357901	0.00196383374987267	0.00238428787947222	0.00241838512422467	0.0017665938771285	0.00183605890668278
72145	50-54	2	0.00471637898600232	0.00366458455354813	0.00367096964269353	0.00386998433572137	0.00351687271262869	0.0027798032689963	0.00356127922558144	0.00317634911615073	0.00239029914498131
72145	55-59	2	0.00684514457466494	0.00629627860295336	0.0060120079815749	0.00513658591829104	0.0052262865467774	0.00486976369905305	0.0049198792308624	0.00395603975471025	0.00446181923159112
72145	60-64	2	0.00972139293979483	0.00969730302545266	0.00998028028959962	0.0106621942489542	0.00795019522590615	0.00875760952188387	0.0073466001545695	0.00525826392824716	0.00655795489659382
72145	65-69	2	0.0172473255281861	0.0164053505317371	0.0153133798116605	0.0163155548745659	0.0151287951760279	0.0127117239457178	0.00975159704187277	0.00852308908842572	0.00911878020235187
72145	70-74	2	0.0300843628098738	0.0225319552929776	0.0233834150794235	0.0235878692045321	0.0226861356798384	0.0193193316768772	0.0165787094224628	0.0139290826336698	0.0145373557310172
72145	75-79	2	0.0439484087256174	0.038914699008301	0.0341468041679711	0.0410736015987407	0.0380214507878762	0.0305377802315011	0.0263627513613983	0.0206319808477958	0.0261309483877699
72145	80-84	2	0.072585561655673	0.0740088066889931	0.0584784368698491	0.0741687824769828	0.0505960865549508	0.0582006234584281	0.0529498343561561	0.0385080549754915	0.0390063087556138
72145	85+	2	0.168018409228709	0.138588988556332	0.143987128355343	0.143245269674658	0.151534296128436	0.120356790501173	0.113815257103191	0.10976214228781	0.100118142099065
72147	0-4	2	0.00274136509490919	0.00294104044850003	0.00292220152533877	0.00212285189200188	0.0020383780739879	0.0019348033787722	0.00196077755348475	0.00108004359647372	0.00132575345815003
72147	5-9	2	0.00015450706592054	0.000150195758002403	0.000146493794820147	0.000142794064925291	0.000123469451963531	0.000114825522293644	0.000104715835151076	9.34802909499715e-05	9.48694854628123e-05
72147	10-14	2	0.000188615441790581	0.000192159864651313	0.000187547029298794	0.000183038127600044	0.000151140640459016	0.000140546345532488	0.000128426461964922	0.000114733991822665	0.000121929057825953
72147	15-19	2	0.000635723177826381	0.000677250247318586	0.000578690029410679	0.000592864282197966	0.000515857297645185	0.000479688719076474	0.00041970014617577	0.000395431144709353	0.000382606669483603
72147	20-24	2	0.00111546216655741	0.00117894035525759	0.00110190441496768	0.00103521240214724	0.00090083039143987	0.000877028433632154	0.000768421355806196	0.000763669782509102	0.000710659312782504
72147	25-29	2	0.00151594223837691	0.00152646322837518	0.0014245334158722	0.00146004208032978	0.00127774533815532	0.00108936904011043	0.00109189720572679	0.000861671988552844	0.000964179389822493
72147	30-34	2	0.00187601903886377	0.00181367452641361	0.00176362875935021	0.00187078963325618	0.00138221335870512	0.00129551280862626	0.00119426623008504	0.0010222469939461	0.00108355668814866
72147	35-39	2	0.00202348950441711	0.00222783062991853	0.0020799129802393	0.00249464832447045	0.00185225661591533	0.00159687350687541	0.00146882001681445	0.00127061244534385	0.00146312696343014
72147	40-44	2	0.00258100069682547	0.00294057771481122	0.00273032095536569	0.00296604002873678	0.00212106514016696	0.00216662261518248	0.0018446640101391	0.00168043599844172	0.00177941859985949
72147	45-49	2	0.00339033175144194	0.00323724449824992	0.00337458682723951	0.00353042044760736	0.00309777685293768	0.00313640021599588	0.00256248058002523	0.0020661554855057	0.00221321662475745
72147	50-54	2	0.00505652812735701	0.00521896649145901	0.00637337949476726	0.00540995490915902	0.00438665732584057	0.00389766812963744	0.00353628591572718	0.00380377695287438	0.00322389636110813
72147	55-59	2	0.00701866590714684	0.00605613717483855	0.0066292642248757	0.00620241000966705	0.00670760493754913	0.00561373980526236	0.00531302885287084	0.00540661605459385	0.00437258063130827
72147	60-64	2	0.0119008746783501	0.0127531144851225	0.0126980290387358	0.0111603900211514	0.00945828030427491	0.00761607817554162	0.00755527349014457	0.00728627522860227	0.0092185334572266
72147	65-69	2	0.0149610217320287	0.0160358164243795	0.0170011431535738	0.0153047743669286	0.0124292493213383	0.0126149813098799	0.0106601703409075	0.0125781267466117	0.0102341473781968
72147	70-74	2	0.0301680811946615	0.0281453458091294	0.031975605386622	0.0268643010798425	0.0212479381400974	0.0200580486692779	0.0201253069046854	0.0151471130417696	0.0216233520659453
72147	75-79	2	0.0416114562519324	0.038734440302312	0.0400177763501684	0.0348045100662126	0.032365710050658	0.0282131201330688	0.0294101863374392	0.0253751528752745	0.0249778483459741
72147	80-84	2	0.0665337972986958	0.0792443391541821	0.0730831968315258	0.066781408579807	0.0595729920018556	0.049966009831061	0.0411240940142859	0.0376464579334135	0.0482704079329896
72147	85+	2	0.180077266433686	0.178162552077725	0.152786933996265	0.132380111018934	0.116044612691047	0.107761349988063	0.111066836934616	0.106440165302438	0.0739960956161272
72149	0-4	2	0.00239830437975299	0.00233003206899562	0.00248954280436614	0.00218064887551265	0.00161062887715647	0.00158762397520922	0.00146235445323904	0.00110945875217231	0.00126950871964161
72149	5-9	2	0.000130336297741349	0.000126569123783649	0.000117625755356921	0.000125579685651609	9.9723154141058e-05	9.32161363691022e-05	8.94256422078459e-05	7.65210740139028e-05	8.1464422017231e-05
72149	10-14	2	0.000189545744061941	0.000153963339964944	0.000149907723406175	0.000152715241661255	0.000127056448416461	0.000118647896905881	0.000103948230187494	9.35482554650101e-05	9.50088432023705e-05
72149	15-19	2	0.000521276239743183	0.0004508400245172	0.000478182187990844	0.000484216836450595	0.000409949720091661	0.000369773636020109	0.000327432809021403	0.000298192394512402	0.000305491481067215
72149	20-24	2	0.000854708325145465	0.000896643390896348	0.00077325916554481	0.000777977550666373	0.000685618066733196	0.000737278199932924	0.000687824494248067	0.00058419212655811	0.000598966621646362
72149	25-29	2	0.00116823538955769	0.00111405272949322	0.0010301391111037	0.00103446708769153	0.000849779307716067	0.000871685868073351	0.000725700598685752	0.000663805101895599	0.00073697525277983
72149	30-34	2	0.00126454718715384	0.00129056277384879	0.00119163732061008	0.00120015993031208	0.0010357113502051	0.00103023818967415	0.000968410022436685	0.000899196943216772	0.000875833695025336
72149	35-39	2	0.00191834684330258	0.00166958627937039	0.00157571967287136	0.00171426789214439	0.00123163062131274	0.00118612047702374	0.00129959314077959	0.00121542920991228	0.000979269902437677
72149	40-44	2	0.00209208633560135	0.00218576624314493	0.00218298432756745	0.00177315241470156	0.00161046496180335	0.00133823588791124	0.00147382297437522	0.00143619724453687	0.00131925714762685
72149	45-49	2	0.00380841564433966	0.00289801521943748	0.00244055151538346	0.00251388050572176	0.00224384862138266	0.00235627705242779	0.00188270737134134	0.00190380204295514	0.00185368944110276
72149	50-54	2	0.00442616642467064	0.00420796540607232	0.00386941239258166	0.00345837612995168	0.00304651076818638	0.00286085557392255	0.00356043412742862	0.002696900672029	0.00283873842828164
72149	55-59	2	0.00742544832969762	0.00577799956569334	0.00606648803969284	0.00624145373271162	0.0052171627580679	0.00427930283809643	0.00486992431855778	0.00345020078980509	0.00449690174847867
72149	60-64	2	0.0112424119441114	0.0102098666427496	0.0109784730473909	0.00955376057856121	0.00879815689328309	0.00645407174337732	0.00560062581822173	0.00512822572883595	0.0055537320783298
72149	65-69	2	0.0155617776764371	0.0154649119618596	0.0140987292284858	0.0129452224813222	0.0113852261276869	0.00955686221712061	0.00807447657188271	0.00898092721271239	0.00648328641260572
72149	70-74	2	0.0221475092310671	0.0262268734783809	0.0193915738633405	0.020759301872733	0.0188998472627915	0.019253188362152	0.0146234854825556	0.0144784514429007	0.0123312993125344
72149	75-79	2	0.039498460685887	0.0442377642040913	0.0414137216422391	0.034920170533054	0.0369810887215018	0.030814163418323	0.0313776034808546	0.0215724961805346	0.0251394647798735
72149	80-84	2	0.0711243912688536	0.0579530843374674	0.0682755524461183	0.0671478998552694	0.0564380169005552	0.0456576291898126	0.0432641906137233	0.0454797927912571	0.0322606459526716
72149	85+	2	0.134742862399446	0.147887908869811	0.139952540941493	0.136077916122011	0.12767749582217	0.138150282638236	0.099132401421455	0.101369630930111	0.0895657477660021
72151	0-4	2	0.00243429169797202	0.00228505382032016	0.00231018345073688	0.00201387971413816	0.00166797253156128	0.0015119239219767	0.00152835896123534	0.00105099622429818	0.00111583515461137
72151	5-9	2	0.000130672028259579	0.000121256727551483	0.000118370208080292	0.00014521576060487	0.000100609236164051	9.83894184474386e-05	8.63955188858369e-05	7.74879560611407e-05	7.90819754188308e-05
72151	10-14	2	0.000165333147494497	0.000146256302303387	0.000149343345712651	0.000146964591841178	0.00012823916466033	0.000119694864590545	0.000115460096528868	9.46772102021076e-05	9.65971732157099e-05
72151	15-19	2	0.000484638694049391	0.000508745821219627	0.000460879774928244	0.000573296491576296	0.00040393261163294	0.000380765999382092	0.000340168976639445	0.000312284684820564	0.000322574163610872
72151	20-24	2	0.000876640338383412	0.000789441089631989	0.00079459009216504	0.000797147025674811	0.000787310519664148	0.000630875825345734	0.000643340088514497	0.000573780343948332	0.000594330576447414
72151	25-29	2	0.00106269938361889	0.00101651390958262	0.00105278958257449	0.000957599154703349	0.000957370534561003	0.000797408576028583	0.000798027215939576	0.000742663700234659	0.000829410463297572
72151	30-34	2	0.00135322627749102	0.00131685909267808	0.00122740851025653	0.00120918189951099	0.0010182000439973	0.00111399600853348	0.00110724188243949	0.000846243595786735	0.000868885869456707
72151	35-39	2	0.00210952528515726	0.00168838612117092	0.00173924558796844	0.00144117953006476	0.0015653734074464	0.00121757550894805	0.00115989589166232	0.000953464516860693	0.0011773329077659
72151	40-44	2	0.00196957871083845	0.00218092629585334	0.00168681060720205	0.00196728465773275	0.00142050653353644	0.00164539125220669	0.00150700464543898	0.00142399801102678	0.00135310133405667
72151	45-49	2	0.00290567480530708	0.00345270151646519	0.00256585592383636	0.00247427350527081	0.00253147011964657	0.00228160835335603	0.00208290092052854	0.00187161681973869	0.00225494689508585
72151	50-54	2	0.00515317814509901	0.00373483057307399	0.00329847028002591	0.00382741094273445	0.00318011818477756	0.00307402012716059	0.0031524127006447	0.00239385975669628	0.0025543567292526
72151	55-59	2	0.00556132268251037	0.00573044578039847	0.00696976156047238	0.00583744657563642	0.00510148029256306	0.00436745996666817	0.00445935813181225	0.00352801411009161	0.00369068006616478
72151	60-64	2	0.0114339756932061	0.00853246174594136	0.0084154351527075	0.00799106939983097	0.00840595130050697	0.00592983437453437	0.00524637531669862	0.0057364790386068	0.00512635425705666
72151	65-69	2	0.0121622330317228	0.0148369607216545	0.0167836278369659	0.0119454739901265	0.0111716700420323	0.00928719345073264	0.00879463759430236	0.00763699690538691	0.00772686956738213
72151	70-74	2	0.0281652810694472	0.0302616684916588	0.0298807969808658	0.0258851399059982	0.0206536043430877	0.0171604208668339	0.0150236238682736	0.01125865523992	0.0134817109954294
72151	75-79	2	0.0438460852693948	0.0364431294386614	0.035623621309361	0.0361191195097258	0.0305384919027626	0.0249782316881352	0.0271893854400346	0.0231921589727732	0.0218521826470425
72151	80-84	2	0.0733351093496604	0.0638196374823294	0.0636716940770915	0.0683433078485364	0.0506970420858834	0.0489359245875373	0.0514617349776503	0.0367779803217803	0.0394623428506123
72151	85+	2	0.149260033681644	0.136573328209682	0.109520852839132	0.116977725124519	0.120421208231846	0.100905425855462	0.0981499966468994	0.10683330172608	0.10089679128024
72153	0-4	2	0.00271801007844052	0.00295302192345466	0.00241607849884039	0.00272785378142666	0.00261011087044944	0.00178063270518407	0.00186979354357871	0.00133927288115398	0.00119827816346446
72153	5-9	2	0.000162964497709497	0.000133032015798294	0.000129730103364893	0.00012112265348014	0.000106042963871482	9.93975067601662e-05	9.11510981203849e-05	8.59741939962611e-05	8.74679094911363e-05
72153	10-14	2	0.000171547875559209	0.000152909028553419	0.000155752331102018	0.000159240783923669	0.000133963540888049	0.000120399347374382	0.000110810700492148	0.000109966279694911	0.000101767066809884
72153	15-19	2	0.000509713349112199	0.000483926230336315	0.000494660976751685	0.000467476641592017	0.000454092653301771	0.000414997389009003	0.00037208448901341	0.000313596617893621	0.000352882034005122
72153	20-24	2	0.000904633534250176	0.000859034205035623	0.000898565746893807	0.000783512448839784	0.000727222930100965	0.000683572592012934	0.000644625964552237	0.000601304431334722	0.000567816498795945
72153	25-29	2	0.00123507388325237	0.00106663446436958	0.0010328710008807	0.00105159148083147	0.000924596220898194	0.000920201883195339	0.00082960625022155	0.000684848650672938	0.000730510406534119
72153	30-34	2	0.00158684757761787	0.00138062136071155	0.00137080427158658	0.00137588931699236	0.00104501973648451	0.00128792546796862	0.00104508078976363	0.000989625131483188	0.000829413491791283
72153	35-39	2	0.00166484982127359	0.00166138058357037	0.00147968247922567	0.00137043063995385	0.00140271953422094	0.0012639398059329	0.00122927540566603	0.00104836762065472	0.00124910727007333
72153	40-44	2	0.00182198456363506	0.00213494691055129	0.00210524553515109	0.00164924561537019	0.00180122058625599	0.00174853151042518	0.00153909494202069	0.00135537465409682	0.00131260014151605
72153	45-49	2	0.00331142310083589	0.00301445063620762	0.00284652297271793	0.00251631674994336	0.00230448696381	0.00263372119221796	0.00226606129603829	0.00202864373072302	0.0017352248826987
72153	50-54	2	0.00456865266829006	0.00457207069040901	0.00426867216346778	0.0043185112374519	0.00362737856032331	0.00327096162741563	0.00290439447874477	0.00312654798216322	0.00277540272587887
72153	55-59	2	0.0073713390864403	0.0064465483051916	0.00746516869986433	0.00629245798281399	0.00636584564406124	0.00530663858711019	0.004309687139376	0.00465189317759378	0.00431695511057462
72153	60-64	2	0.0128560286857553	0.011978618260194	0.00947226491683355	0.0096363135708115	0.00842291976818795	0.00805844280812041	0.00566692282588456	0.00721675178798501	0.00588400294238513
72153	65-69	2	0.0157496004563202	0.0200763207917481	0.0140592834447692	0.0131517801999818	0.0131204150444814	0.0141418468676969	0.00995540414965682	0.0086855966709901	0.0103793242017912
72153	70-74	2	0.0309987850680772	0.0274892939755774	0.0268166183440431	0.025062019636064	0.0220970930357489	0.0189620919773695	0.0178888326019918	0.0158872516891857	0.0164665454513965
72153	75-79	2	0.0389999323663722	0.0401648481244838	0.0380426264455604	0.0392507009251219	0.0379067741593876	0.0316051884287819	0.0255703383527717	0.0267531895494418	0.0224783502795066
72153	80-84	2	0.0735523457944477	0.0758036731256088	0.0726847307892801	0.0654567817502026	0.0634546460089006	0.0617180978076626	0.0581751205450846	0.0461024755612489	0.0519156499792083
72153	85+	2	0.152217503527565	0.154571115409499	0.12787478481211	0.141185265552199	0.127511229000035	0.124598729697258	0.121370833854688	0.115962065041191	0.121768415363126
630	0-4	0	0.00288544165655938	0.00251813777031297	0.00242461562826623	0.00215982771906409	0.00170866108020974	0.00164773512017268	0.00147399471063293	0.00117002633541209	0.0012590445441285
630	5-9	0	0.000146784325448581	0.000139346103705469	0.000135727356901533	0.000131655376165501	0.000109361097799441	0.000101723065738591	9.22832320981e-05	8.3396756448696e-05	8.23922186795027e-05
630	10-14	0	0.00017440747016268	0.000170244441477136	0.000163031407335658	0.000160294286363796	0.000132731512322003	0.000122639151048634	0.000112249955897205	9.99567367529033e-05	0.000100466738793568
630	15-19	0	0.000502764235448758	0.000486454040109987	0.00048857797693929	0.00047983372554226	0.000412828118345662	0.000382301396793061	0.000340766304686217	0.000307240733720872	0.000311956832076603
630	20-24	0	0.000819534930660335	0.000843094577551329	0.000864968923865761	0.000804118239224052	0.000693862982970073	0.000680136444063176	0.000610669923715884	0.000557031165582497	0.000566579138996936
630	25-29	0	0.0010034157961518	0.00110150239785612	0.00118880136373394	0.00107468593908203	0.000879940292089374	0.000810470035136874	0.000765219372868526	0.000684724485916588	0.000712240613813255
630	30-34	0	0.00123637925708992	0.0013252441559545	0.0015054033261715	0.00140418584251269	0.00108989497440681	0.000997823456746711	0.0009343975325139	0.000881876995570489	0.000852499728388799
630	35-39	0	0.00159573902380266	0.00163506820010474	0.00177192827296479	0.00181145149099975	0.00140750556811202	0.00131505269220511	0.00118797411203426	0.00109139045186929	0.00114056423952612
630	40-44	0	0.00202443719915969	0.00200842247427773	0.00214598919128479	0.00210318640385375	0.00178885706075099	0.00170933151924641	0.00149911507579123	0.00138993070861844	0.00141940891648122
630	45-49	0	0.00287066915400921	0.00272276333978502	0.00283977101656441	0.00285334234116988	0.00250236947754411	0.00232914864506978	0.00215645103278617	0.00188625231924039	0.00190317539258978
630	50-54	0	0.00440499866235701	0.00414326336144866	0.00395734023092985	0.00387798228133315	0.00352651681549796	0.00330979855357093	0.00315242596425873	0.00277205711956476	0.00280414345424647
630	55-59	0	0.00649962789019167	0.00620527444319818	0.00590459392335725	0.00561234901051525	0.00529970749785343	0.00472856002025928	0.00454115622979833	0.00397568781717275	0.00410801581046987
630	60-64	0	0.0102789587796428	0.00991638951381085	0.00921072426095294	0.0091489410231224	0.00809189632451605	0.00734331044269343	0.00662685749604238	0.00578473139691303	0.00608293029966302
630	65-69	0	0.0152121084949006	0.0151397817752701	0.0144137119035061	0.0137421720665306	0.0123225738688969	0.0111383249855776	0.00979181900103913	0.00865399650371399	0.00872691916123137
630	70-74	0	0.026853734638055	0.0254235490319715	0.02375834044818	0.0228676837021642	0.0197094784137026	0.0177554876278699	0.0156705723224798	0.0134320462347275	0.0138990829598849
630	75-79	0	0.0396859731615523	0.0391747868877641	0.037362992671946	0.0357960629389495	0.0319724745562529	0.02866781111995	0.0263040235670255	0.0225022414158863	0.0226030919565061
630	80-84	0	0.0698757120503466	0.0669882434320839	0.0652806780827788	0.0644116988903537	0.0550738966399184	0.051921254659183	0.0465484898078551	0.0401339570322144	0.0396897184954722
630	85+	0	0.145810733782369	0.138847403360388	0.132204139732578	0.132336473555263	0.121769211799983	0.117679010198114	0.114585317261154	0.104457958907464	0.101622863529808
