region,period,sex,e0_observado,e0_estimado,e0_lower,e0_upper,est_eval
Adjuntas,1980-1984,1,72.54189508802463,72.22821969811281,71.1493547373592,73.57258245402738,Estimación adecuada
Adjuntas,1980-1984,2,78.96516925394144,78.90211939663627,77.3215137632799,80.60889315707524,Estimación adecuada
Adjuntas,1985-1989,1,70.84999061728885,71.53998741134363,70.28469695299917,72.57908579375624,Estimación adecuada
Adjuntas,1985-1989,2,78.97855761762072,79.07756977380015,77.73637345929677,80.80264460730211,Estimación adecuada
Adjuntas,1990-1994,1,71.49310954038985,71.55772199054863,70.49375598912474,72.69139241600845,Estimación adecuada
Adjuntas,1990-1994,2,77.88047658335911,78.46527056763236,77.3484404499141,79.82284915872947,Estimación adecuada
Adjuntas,1995-1999,1,71.91080703113897,72.13778065596946,70.8956611841506,73.35055219362692,Estimación adecuada
Adjuntas,1995-1999,2,78.53770419818306,79.00064675642959,77.9070287461137,80.06242004893528,Estimación adecuada
Adjuntas,2000-2004,1,74.0807006063416,74.03350367011946,73.0318650969808,74.99228132079239,Estimación adecuada
Adjuntas,2000-2004,2,79.50851081175084,80.03979628339013,78.80765717567773,81.16801739921658,Estimación adecuada
Adjuntas,2005-2009,1,77.13413877724005,76.1011386445512,74.96719367921783,77.19400334218581,Estimación adecuada
Adjuntas,2005-2009,2,82.23262377887984,82.19729412939432,81.0468245002235,83.89024124064463,Estimación adecuada
Adjuntas,2010-2014,1,78.0170892039493,77.00903668006029,75.84486406409377,78.08631873756318,Estimación adecuada
Adjuntas,2010-2014,2,84.37542750420445,83.71267614171785,82.590379131004,85.28337901275674,Estimación adecuada
Adjuntas,2015-2019,1,80.07122326396828,79.49148299875336,78.28568305029333,81.21556009995032,Estimación adecuada
Adjuntas,2015-2019,2,84.75780508868199,84.89750152954896,83.4584478409181,86.55161718688099,Estimación adecuada
Adjuntas,2020-2024,1,80.09050176489524,79.19514966815521,77.87271524331827,80.22669612666654,Estimación adecuada
Adjuntas,2020-2024,2,87.03883394524668,86.29829403081658,84.64126691530811,88.45837716375303,Estimación adecuada
Aguada,1980-1984,1,73.2175687853255,72.8746513297993,71.88969608743628,74.3184448060332,Estimación adecuada
Aguada,1980-1984,2,76.66307974738103,77.71587438558004,76.71192085223203,78.93710527721512,> e0 observado
Aguada,1985-1989,1,73.21396709192831,72.99314311336312,72.04997795767002,73.99578363602643,Estimación adecuada
Aguada,1985-1989,2,77.70261010174512,78.05651024993614,76.83537125732562,79.29900513866295,Estimación adecuada
Aguada,1990-1994,1,73.47166304966473,72.93520059434715,71.7906506535416,74.1986554159464,Estimación adecuada
Aguada,1990-1994,2,79.56472305278581,79.30368947467946,78.27987480145765,80.6080124479966,Estimación adecuada
Aguada,1995-1999,1,72.96139718811193,72.71560356560755,71.81506720563695,73.68432914030112,Estimación adecuada
Aguada,1995-1999,2,78.42598214583917,78.61114856218333,77.53960794101361,79.7464530477219,Estimación adecuada
Aguada,2000-2004,1,75.7731265619719,75.16562967155242,74.25765382310254,76.10788293694878,Estimación adecuada
Aguada,2000-2004,2,80.35987918975404,80.4841887010536,79.57008514269936,81.36422657085893,Estimación adecuada
Aguada,2005-2009,1,77.6139364553716,76.70380285306791,75.65790109151573,77.6677581603134,Estimación adecuada
Aguada,2005-2009,2,81.487501570255,81.26400837790867,80.45981566789374,82.47007527550156,Estimación adecuada
Aguada,2010-2014,1,77.3081065450094,77.01785754959593,76.07279832695542,77.97692219609974,Estimación adecuada
Aguada,2010-2014,2,83.93649978812951,83.21399992211725,82.33454052198545,84.433950389717893,Estimación adecuada
Aguada,2015-2019,1,80.17632385200217,79.25920948425401,78.24664848713815,80.17259136953238,< e0 observado
Aguada,2015-2019,2,84.88514363026218,84.7435037178049,83.67317616381128,85.73860333333423,Estimación adecuada
Aguada,2020-2024,1,78.78968559483442,78.21516164776628,77.31372811021177,78.96824081959362,Estimación adecuada
Aguada,2020-2024,2,83.87729580688905,83.97225251473947,83.19099714619972,85.02311873013215,Estimación adecuada
Aguadilla,1980-1984,1,71.00678071372081,71.14581637646677,70.33840449941256,72.08842433218715,Estimación adecuada
Aguadilla,1980-1984,2,77.48535658677463,77.22681617713093,76.52791609624227,78.02183960516669,Estimación adecuada
Aguadilla,1985-1989,1,70.58561267446154,70.67278721393919,69.89723355758169,71.44886361640152,Estimación adecuada
Aguadilla,1985-1989,2,77.65780206154783,77.59027679812,76.96730208790035,78.35582717614986,Estimación adecuada
Aguadilla,1990-1994,1,70.88482346377512,70.79807362026656,70.16525319564047,71.49383911032047,Estimación adecuada
Aguadilla,1990-1994,2,77.99785568547416,77.82979226414092,77.2087249496649,78.65493377675747,Estimación adecuada
Aguadilla,1995-1999,1,70.78010378855268,70.74244339447571,69.95245105000434,71.43532503522366,Estimación adecuada
Aguadilla,1995-1999,2,78.16686736979354,77.97871727454006,77.38087546951135,78.74944383885008,Estimación adecuada
Aguadilla,2000-2004,1,73.78276571753028,73.36691604277537,72.76112390653768,74.00818425447225,Estimación adecuada
Aguadilla,2000-2004,2,80.45198774138778,79.99686241522718,79.25936025721448,80.72207034843669,Estimación adecuada
Aguadilla,2005-2009,1,74.34368140644376,74.0958984160958,73.44792924234348,74.65666133819215,Estimación adecuada
Aguadilla,2005-2009,2,81.18616231865005,80.77064096370276,79.93931640616199,81.69177776464062,Estimación adecuada
Aguadilla,2010-2014,1,76.10575530196566,75.60629216181704,74.98530228327483,76.34184943241326,Estimación adecuada
Aguadilla,2010-2014,2,81.66758711742574,81.67226818504429,80.70377462678294,82.37273332581145,Estimación adecuada
Aguadilla,2015-2019,1,77.5014617746831,76.93424762107668,76.11805707291346,77.65968193045464,Estimación adecuada
Aguadilla,2015-2019,2,82.99395073109925,83.56161672410698,82.40827189758474,84.6059471639494,Estimación adecuada
Aguadilla,2020-2024,1,76.52156602867669,76.50091652982309,75.66333976334832,77.18625024900304,Estimación adecuada
Aguadilla,2020-2024,2,83.20736033493193,83.2734689103159,82.5033318789848,84.09119299159534,Estimación adecuada
Aguas Buenas,1980-1984,1,70.9060601893331,71.45355629984047,70.47401366883899,72.71115931626414,Estimación adecuada
Aguas Buenas,1980-1984,2,79.20230439846388,78.82874441966226,77.78576288219602,79.97727886865144,Estimación adecuada
Aguas Buenas,1985-1989,1,71.73217429810381,71.95999218766147,71.01453817502542,72.97731422104067,Estimación adecuada
Aguas Buenas,1985-1989,2,78.66666240443578,78.76277140942508,77.64025188238847,80.39754934111181,Estimación adecuada
Aguas Buenas,1990-1994,1,71.9040754109389,71.86024988540984,70.85606406064082,72.9447305061119,Estimación adecuada
Aguas Buenas,1990-1994,2,82.01930667891538,80.6836568202251,79.14285894588781,82.59093036203649,Estimación adecuada
Aguas Buenas,1995-1999,1,72.03242058667273,72.16440777317524,71.3114039468175,73.21907727443426,Estimación adecuada
Aguas Buenas,1995-1999,2,79.29741471606215,79.20113110666847,78.11365248062899,80.3437808988877,Estimación adecuada
Aguas Buenas,2000-2004,1,74.50847723417229,74.45224142726016,73.5701137537462,75.70374901002165,Estimación adecuada
Aguas Buenas,2000-2004,2,81.53307661620572,81.34772796002477,80.45324636697137,82.67656572434063,Estimación adecuada
Aguas Buenas,2005-2009,1,74.76751879253902,75.2758295117587,74.20988917790817,76.3195285341491,Estimación adecuada
Aguas Buenas,2005-2009,2,83.74825554704383,83.47759922505637,81.53393444464467,85.57514672954197,Estimación adecuada
Aguas Buenas,2010-2014,1,77.07874986678003,77.68115661884286,76.62850105851965,78.70538684901274,Estimación adecuada
Aguas Buenas,2010-2014,2,83.69043751017024,83.82430537413242,82.87383232632016,85.10710540114513,Estimación adecuada
Aguas Buenas,2015-2019,1,77.12363910638715,78.06965138867278,76.77560164629469,79.18928667818844,Estimación adecuada
Aguas Buenas,2015-2019,2,86.87058779798109,85.97961322172942,84.5771691472957,87.18867385992635,Estimación adecuada
Aguas Buenas,2020-2024,1,77.71291412855061,78.1794391366858,77.14318724423421,79.35416588822207,Estimación adecuada
Aguas Buenas,2020-2024,2,86.01372227536957,85.54148635711111,84.24172258687747,87.01125792041384,Estimación adecuada
Aibonito,1980-1984,1,71.20727896829324,71.80678736935296,70.64257645392259,72.86827862908453,Estimación adecuada
Aibonito,1980-1984,2,78.10148160174786,78.24750839331617,76.83088166994628,79.62580855046077,Estimación adecuada
Aibonito,1985-1989,1,70.93804632594708,71.21873256301987,70.20081087032952,72.46054113049163,Estimación adecuada
Aibonito,1985-1989,2,79.48839408130232,79.29343409043545,77.79610461784537,80.65621829833367,Estimación adecuada
Aibonito,1990-1994,1,72.7988506012683,72.35133954120403,71.3886527497134,73.44143202781302,Estimación adecuada
Aibonito,1990-1994,2,79.2040372973333,78.9673704469315,78.11164666449284,79.99709244518445,Estimación adecuada
Aibonito,1995-1999,1,72.77760443633895,72.33511751190855,71.12510902052946,73.12824296434276,Estimación adecuada
Aibonito,1995-1999,2,79.65397963842348,79.64678100000904,78.25909505526332,80.62856642941321,Estimación adecuada
Aibonito,2000-2004,1,74.39460579414155,74.18649086808763,73.31936681534361,74.99946235692562,Estimación adecuada
Aibonito,2000-2004,2,80.67825254541816,80.76079727956885,79.51593953699097,82.00343702896951,Estimación adecuada
Aibonito,2005-2009,1,74.88960349978896,75.07281090887483,73.93351432224247,76.04625957170364,Estimación adecuada
Aibonito,2005-2009,2,81.30587533973025,81.262159572271,80.07193507324249,82.39280426336234,Estimación adecuada
Aibonito,2010-2014,1,74.15371449624436,75.6160023940337,74.55358686709121,76.75900118904833,> e0 observado
Aibonito,2010-2014,2,82.83346667872438,82.9159368515155,81.66416919055244,84.11124162083243,Estimación adecuada
Aibonito,2015-2019,1,77.00855644451337,77.71375812299422,76.53057857652612,78.8429755648663,Estimación adecuada
Aibonito,2015-2019,2,83.92589167839914,84.32671992858779,83.24971655499569,85.50366249437056,Estimación adecuada
Aibonito,2020-2024,1,79.62044145372404,79.1252726008452,77.94831498154514,80.4935185296818,Estimación adecuada
Aibonito,2020-2024,2,85.54801976071055,85.55748646551613,84.19361296064336,87.10643851556338,Estimación adecuada
Anasco,1980-1984,1,72.01460523472085,71.71670169943854,70.45911594656707,72.69435854032747,Estimación adecuada
Anasco,1980-1984,2,76.47877169471658,76.59778603351697,75.66925215468768,77.75348752912629,Estimación adecuada
Anasco,1985-1989,1,71.42888891874672,71.43439163596177,70.28892269585981,72.4804126278076,Estimación adecuada
Anasco,1985-1989,2,76.49626365968555,77.05364931283319,75.94812574619422,78.11942819986396,Estimación adecuada
Anasco,1990-1994,1,70.05228247802772,70.65840447955625,69.54539084582862,71.85336793494723,Estimación adecuada
Anasco,1990-1994,2,77.19464732684078,77.52686790597302,76.36461887791316,78.47286451699154,Estimación adecuada
Anasco,1995-1999,1,71.8503650088804,71.35118004975936,70.28101674907103,72.23000961958914,Estimación adecuada
Anasco,1995-1999,2,77.85360337047756,77.8176000435592,76.68759752486142,78.82744864400567,Estimación adecuada
Anasco,2000-2004,1,74.35938543935956,73.84858714539772,72.90805876113603,74.95380555397584,Estimación adecuada
Anasco,2000-2004,2,80.6361937434096,80.20259378827197,79.35409355131458,81.48947429214044,Estimación adecuada
Anasco,2005-2009,1,76.96481061689505,75.9508764227412,75.01342490667557,77.11246938165107,Estimación adecuada
Anasco,2005-2009,2,82.18483587125668,81.54157733744552,80.42998734781756,83.1300994904676,Estimación adecuada
Anasco,2010-2014,1,76.38264162433823,75.87260047685609,74.76424384094757,77.09189898516475,Estimación adecuada
Anasco,2010-2014,2,83.0792504741019,82.73161039123738,81.54284863368977,84.12547941461081,Estimación adecuada
Anasco,2015-2019,1,78.19758272547156,77.5941762172466,76.58948072805752,78.79657516935376,Estimación adecuada
Anasco,2015-2019,2,85.54315717152748,84.91840276548403,83.65137186365837,86.35520878709491,Estimación adecuada
Anasco,2020-2024,1,77.16064670152906,77.51512007863874,76.37274307178717,78.33773437960872,Estimación adecuada
Anasco,2020-2024,2,83.21756305986028,84.2498621462556,83.25975485555898,85.60082716838647,> e0 observado
Arecibo,1980-1984,1,70.94822313738123,70.96587791436048,70.43691286319627,71.51298553092593,Estimación adecuada
Arecibo,1980-1984,2,77.54900544750468,77.35858127299193,76.61396229575178,78.00181347129958,Estimación adecuada
Arecibo,1985-1989,1,70.27186805457086,70.40420029426194,69.66853309687124,71.18329533781812,Estimación adecuada
Arecibo,1985-1989,2,77.07511338664264,77.13969491761071,76.34714075973254,77.8532480334365,Estimación adecuada
Arecibo,1990-1994,1,70.7566402122555,70.71021041600764,69.8285641204049,71.26591890219619,Estimación adecuada
Arecibo,1990-1994,2,77.82525476262934,77.88079134134372,77.2934129378357,78.52067025969276,Estimación adecuada
Arecibo,1995-1999,1,70.42422951948053,70.5022326406531,69.8874744080365,71.11610573857618,Estimación adecuada
Arecibo,1995-1999,2,77.67805190763367,77.68624553950964,77.10973114722117,78.2858506414149,Estimación adecuada
Arecibo,2000-2004,1,73.58677734329173,73.31389091493566,72.62829536044984,73.86272900810522,Estimación adecuada
Arecibo,2000-2004,2,80.17723082421405,79.91847541944657,79.42952811770627,80.53606701567185,Estimación adecuada
Arecibo,2005-2009,1,73.79746978285581,73.81982294535581,73.24129799163993,74.33343106970605,Estimación adecuada
Arecibo,2005-2009,2,80.99120726198103,80.69439979371415,80.11211373060044,81.3152645899643,Estimación adecuada
Arecibo,2010-2014,1,75.7499952369095,75.64708961817333,75.1255923842024,76.2537012608575,Estimación adecuada
Arecibo,2010-2014,2,81.99729917976788,81.65275616692418,80.98301675528977,82.31785997317317,Estimación adecuada
Arecibo,2015-2019,1,77.47760291858165,77.37233667756412,76.78010985014114,78.15387912146412,Estimación adecuada
Arecibo,2015-2019,2,84.62096334942434,84.27952346951801,83.45292916905512,84.92560489129968,Estimación adecuada
Arecibo,2020-2024,1,77.03404417797987,76.82572539062184,75.97775862460479,77.43255291499484,Estimación adecuada
Arecibo,2020-2024,2,83.99392652816302,83.67048759218105,83.00681924390426,84.29044023787083,Estimación adecuada
Arroyo,1980-1984,1,69.26197243419952,69.8223192516129,68.73110510198262,70.94057292546901,Estimación adecuada
Arroyo,1980-1984,2,77.70227943996014,77.44668225036945,76.05880404126572,78.66409831053741,Estimación adecuada
Arroyo,1985-1989,1,69.06544938666637,69.46568529007895,68.39692070146752,70.79922824988311,Estimación adecuada
Arroyo,1985-1989,2,76.53547803214356,76.65669273898344,75.44498572536284,77.96653292996415,Estimación adecuada
Arroyo,1990-1994,1,69.467701272295,69.73453201483326,68.14936283363448,70.99137647339879,Estimación adecuada
Arroyo,1990-1994,2,79.1638940521351,78.37071588084828,77.27190857278094,79.67767211747525,Estimación adecuada
Arroyo,1995-1999,1,69.35840651861476,69.87628509876008,68.53632878209379,70.77606002772765,Estimación adecuada
Arroyo,1995-1999,2,77.98473955428868,77.60122800702302,76.56487340767688,78.96145024718953,Estimación adecuada
Arroyo,2000-2004,1,72.46263355278661,72.51425805968577,71.29158795601253,73.5924034224131,Estimación adecuada
Arroyo,2000-2004,2,79.49462438506767,79.38277212731688,78.38454398807981,80.75739839312513,Estimación adecuada
Arroyo,2005-2009,1,73.52924324703847,73.66371087816448,72.1921963051015,74.96780052130224,Estimación adecuada
Arroyo,2005-2009,2,81.55925566302211,81.01969774422297,79.81323770965224,82.41452315619986,Estimación adecuada
Arroyo,2010-2014,1,73.74855783813933,74.21769267848953,73.13155664616718,75.58133771445794,Estimación adecuada
Arroyo,2010-2014,2,82.70095569618667,82.11041562495663,80.82290527303621,84.16088104603813,Estimación adecuada
Arroyo,2015-2019,1,74.8566557237882,76.27445014718816,75.08032057644263,77.43286800495683,> e0 observado
Arroyo,2015-2019,2,83.0866067343545,83.43082348453262,82.10468716804414,85.17981041898886,Estimación adecuada
Arroyo,2020-2024,1,77.15040742709186,76.85412408699838,75.56876631563948,78.13422786163227,Estimación adecuada
Arroyo,2020-2024,2,82.07042233229612,83.02210378535415,81.74344845099844,84.70938109648812,Estimación adecuada
Barceloneta,1980-1984,1,69.54208697130086,70.53620920663337,69.23713443001895,71.7343311733851,Estimación adecuada
Barceloneta,1980-1984,2,77.15945709054438,77.43146786597862,76.0758520148496,78.76200895492804,Estimación adecuada
Barceloneta,1985-1989,1,72.20256138308129,72.00685721152456,70.69865971192004,73.02849951582235,Estimación adecuada
Barceloneta,1985-1989,2,78.86869640220178,78.65391666682646,77.59268145773751,80.26633422294998,Estimación adecuada
Barceloneta,1990-1994,1,71.82801102859922,71.29222838120336,69.96842597878484,72.40655162444361,Estimación adecuada
Barceloneta,1990-1994,2,79.79778456534827,79.75485480129643,78.60120462473438,81.17504120331972,Estimación adecuada
Barceloneta,1995-1999,1,69.62763398284126,70.53404669878948,69.40656210089176,71.77049540644516,Estimación adecuada
Barceloneta,1995-1999,2,78.30155980616671,78.5742070837438,77.49230049278401,79.6871692202997,Estimación adecuada
Barceloneta,2000-2004,1,74.25217285421826,73.55320145550043,72.64522968291503,74.81358751556397,Estimación adecuada
Barceloneta,2000-2004,2,80.98566728548113,80.3389296607541,79.14194925576993,81.39477401281894,Estimación adecuada
Barceloneta,2005-2009,1,75.14771749617947,74.83721307145008,73.69207529857087,75.9770147130418,Estimación adecuada
Barceloneta,2005-2009,2,83.11601404161499,82.46971695105003,81.44166355163789,83.86665348884651,Estimación adecuada
Barceloneta,2010-2014,1,75.38250616989667,75.60801743789128,74.6887215924563,76.53963623277502,Estimación adecuada
Barceloneta,2010-2014,2,83.08358460781069,82.54020437832108,81.39444448383452,84.10654466050565,Estimación adecuada
Barceloneta,2015-2019,1,79.11645760546239,77.95394479449871,76.97379551110956,78.83815940300704,< e0 observado
Barceloneta,2015-2019,2,85.56404930901091,84.90776461433003,83.45492458570007,86.79059517853979,Estimación adecuada
Barceloneta,2020-2024,1,75.82195956003592,76.08453881451948,75.15641973037383,76.95422608653912,Estimación adecuada
Barceloneta,2020-2024,2,84.21378427386206,84.56759635723645,83.29571923711255,85.8191848470675,Estimación adecuada
Barranquitas,1980-1984,1,71.33876197975141,71.55815748459533,70.60667685545567,72.59154090121908,Estimación adecuada
Barranquitas,1980-1984,2,77.30531169649653,77.70462091073983,76.19707240513387,79.01078073706705,Estimación adecuada
Barranquitas,1985-1989,1,71.51414892357278,71.70343417490105,70.59513053582423,72.84794756765467,Estimación adecuada
Barranquitas,1985-1989,2,77.76964050663393,78.07597394429392,76.54456676107998,79.569402220157,Estimación adecuada
Barranquitas,1990-1994,1,70.61622752203239,71.02831115133195,70.10644016484908,72.07047573544747,Estimación adecuada
Barranquitas,1990-1994,2,80.19038720696513,79.62088024175009,78.51706709125475,81.34627430079016,Estimación adecuada
Barranquitas,1995-1999,1,71.30535167741402,71.03722525696222,70.28325186933611,72.07163695229235,Estimación adecuada
Barranquitas,1995-1999,2,77.36809189145215,78.0137647827899,77.05947556565805,79.2579516790693,Estimación adecuada
Barranquitas,2000-2004,1,73.94139576064687,73.88151564257274,72.80993790032916,74.92630602890836,Estimación adecuada
Barranquitas,2000-2004,2,80.92303201880848,81.0625327685137,79.89633427839202,82.55620112201447,Estimación adecuada
Barranquitas,2005-2009,1,75.7544247310515,75.24251600093562,74.40360954025455,76.2910587861696,Estimación adecuada
Barranquitas,2005-2009,2,83.34321773527964,82.92534214818593,81.77802517492334,84.41129126208841,Estimación adecuada
Barranquitas,2010-2014,1,75.82434696179858,75.79105897363222,74.76482126712145,76.93116541902927,Estimación adecuada
Barranquitas,2010-2014,2,83.19916348644448,83.18070418441754,81.82125878376874,84.8329539443196,Estimación adecuada
Barranquitas,2015-2019,1,78.70088384920705,78.24028302176342,77.14615968277695,79.39931293598511,Estimación adecuada
Barranquitas,2015-2019,2,86.1569793140704,85.86093169720478,84.41277275402496,87.45177110146261,Estimación adecuada
Barranquitas,2020-2024,1,77.70140580259377,77.81482787419543,76.6654789632272,78.86470628967973,Estimación adecuada
Barranquitas,2020-2024,2,85.89659093832063,85.72232706348682,84.45245552396503,87.22519591539285,Estimación adecuada
Bayamon,1980-1984,1,72.04514701418194,72.002021709906,71.61503414279898,72.46237986626214,Estimación adecuada
Bayamon,1980-1984,2,78.18054324807127,78.13827327169726,77.59212164147894,78.57065699954741,Estimación adecuada
Bayamon,1985-1989,1,71.5983747916107,71.57666877451132,71.09234821317719,72.17689282118798,Estimación adecuada
Bayamon,1985-1989,2,79.53402783138928,79.3401112119326,78.8598380845456,79.73496073769175,Estimación adecuada
Bayamon,1990-1994,1,69.4013098024391,69.65021923765835,69.13562098649616,70.08951556652885,Estimación adecuada
Bayamon,1990-1994,2,79.99809814237119,79.88283966576512,79.32102291847823,80.34229645405867,Estimación adecuada
Bayamon,1995-1999,1,70.77177966925491,70.95012385253985,70.37464282366757,71.43275251140989,Estimación adecuada
Bayamon,1995-1999,2,79.73301230251936,79.67978411358084,79.19993137754682,80.184909542735,Estimación adecuada
Bayamon,2000-2004,1,73.5738231086305,73.62053252257314,73.21532313058484,74.06969134281958,Estimación adecuada
Bayamon,2000-2004,2,81.70891995330638,81.5803916466115,81.0910482221539,82.10420149675616,Estimación adecuada
Bayamon,2005-2009,1,74.78989094750837,74.76534892866502,74.34649841981796,75.21896468589318,Estimación adecuada
Bayamon,2005-2009,2,82.81400991090649,82.70493970861362,82.23051180975737,83.19863824073386,Estimación adecuada
Bayamon,2010-2014,1,76.39050901350164,76.33556563968013,76.0092422195347,76.96153269955445,Estimación adecuada
Bayamon,2010-2014,2,84.21195413174073,84.04310444403575,83.58203497072152,84.5144905403761,Estimación adecuada
Bayamon,2015-2019,1,77.4241342974101,77.54241645628538,76.96376489893481,78.13561680265515,Estimación adecuada
Bayamon,2015-2019,2,85.53635487807954,85.22620184290435,84.70459115731568,85.64183763735409,Estimación adecuada
Bayamon,2020-2024,1,76.28240347769595,76.30821936720604,75.80283865752617,76.81034199166399,Estimación adecuada
Bayamon,2020-2024,2,85.66531677680673,85.5143538257679,84.8425938883453,86.0593287841856,Estimación adecuada
Cabo Rojo,1980-1984,1,72.39724763936692,72.65378650228938,71.82852426553433,73.48213921412017,Estimación adecuada
Cabo Rojo,1980-1984,2,77.54158683750231,77.48340695265802,76.72282308091906,78.48154085120227,Estimación adecuada
Cabo Rojo,1985-1989,1,73.0487252974488,72.95907001507909,72.13677460701484,74.1642749783351,Estimación adecuada
Cabo Rojo,1985-1989,2,79.23917112625598,78.84888860637278,78.000572399249,79.78643867418253,Estimación adecuada
Cabo Rojo,1990-1994,1,72.97925410251543,72.75471998630182,71.9942730786446,73.5560046048184,Estimación adecuada
Cabo Rojo,1990-1994,2,80.55409901002385,79.98541156287592,78.91625220120017,81.21973392406701,Estimación adecuada
Cabo Rojo,1995-1999,1,72.48815364764029,72.43417640843595,71.5753380858309,73.35951577241902,Estimación adecuada
Cabo Rojo,1995-1999,2,79.89647697006733,79.74906187352505,78.92597402617567,80.77075933970893,Estimación adecuada
Cabo Rojo,2000-2004,1,75.02839226790125,74.83237461991448,74.10932371544214,75.55367152223891,Estimación adecuada
Cabo Rojo,2000-2004,2,82.11872847252751,81.82256722560209,81.0268838588253,82.77912186227657,Estimación adecuada
Cabo Rojo,2005-2009,1,76.84328880547318,76.28601487348462,75.38017300470032,77.15513808442127,Estimación adecuada
Cabo Rojo,2005-2009,2,82.7883495500848,82.36579683717555,81.41063576400029,83.34861637853963,Estimación adecuada
Cabo Rojo,2010-2014,1,75.75368420461353,76.12561617694455,75.43956188866841,76.89942417462936,Estimación adecuada
Cabo Rojo,2010-2014,2,83.42815115673008,83.57704505617274,82.72697998893341,84.4364547300247,Estimación adecuada
Cabo Rojo,2015-2019,1,79.78583423632398,79.40403247505853,78.52977420493495,80.45170070639674,Estimación adecuada
Cabo Rojo,2015-2019,2,84.21493107845924,84.37728441214155,83.58339288189022,85.26116406054645,Estimación adecuada
Cabo Rojo,2020-2024,1,79.36891590464816,79.28420031932856,78.44443922003111,80.1852392915797,Estimación adecuada
Cabo Rojo,2020-2024,2,84.78014352257735,84.66942346488636,83.88977011943226,85.49663703503202,Estimación adecuada
Caguas,1980-1984,1,71.72229204508375,71.76672001418163,71.1460409417285,72.43086457860116,Estimación adecuada
Caguas,1980-1984,2,78.48100883851102,78.24232566826836,77.64133019299564,78.98100140862502,Estimación adecuada
Caguas,1985-1989,1,70.39381171255258,70.41881006166398,69.92834837020486,71.09019118370117,Estimación adecuada
Caguas,1985-1989,2,79.24402800001288,78.96030292347105,78.42723971333076,79.66160413675235,Estimación adecuada
Caguas,1990-1994,1,68.8176451180551,69.11504195821277,68.64756741836742,69.77394298064465,Estimación adecuada
Caguas,1990-1994,2,78.64358444378482,78.52962006824673,77.97547913365763,79.25927076088485,Estimación adecuada
Caguas,1995-1999,1,69.69055735609852,69.94286734180473,69.53258687571326,70.48998187272048,Estimación adecuada
Caguas,1995-1999,2,79.65612948337659,79.58935027209597,78.98368959848008,80.18260552389154,Estimación adecuada
Caguas,2000-2004,1,73.107794927577,73.22845949890721,72.60011630193242,73.77206158454362,Estimación adecuada
Caguas,2000-2004,2,81.16770684291535,80.9184567922045,80.38766918781863,81.6013956187119,Estimación adecuada
Caguas,2005-2009,1,74.70961206827913,74.67854638456086,74.24253939830692,75.21018230539889,Estimación adecuada
Caguas,2005-2009,2,83.1696138038651,82.95995605511811,82.32231821133615,83.70736304924841,Estimación adecuada
Caguas,2010-2014,1,74.58554015299133,74.97384035527702,74.31351085085257,75.47821710824176,Estimación adecuada
Caguas,2010-2014,2,83.90600489563008,83.721566765375,83.02399524917043,84.46509181181929,Estimación adecuada
Caguas,2015-2019,1,77.12465328076702,77.3397223512816,76.75382991726008,78.00725739389986,Estimación adecuada
Caguas,2015-2019,2,84.81913360231934,84.66326257884111,84.01142789225308,85.33756041130977,Estimación adecuada
Caguas,2020-2024,1,76.29588342135226,76.37987061769657,75.79218433623386,76.9719759698401,Estimación adecuada
Caguas,2020-2024,2,84.58890329073994,84.50642832839634,83.77243857950637,85.20870666509238,Estimación adecuada
Camuy,1980-1984,1,72.00953497661486,72.28788501930211,71.21556031973606,73.45536747836249,Estimación adecuada
Camuy,1980-1984,2,79.0481930632779,78.87167965098101,77.7193983333927,80.20234310578684,Estimación adecuada
Camuy,1985-1989,1,73.05563270338816,72.7258634255298,71.6603268136513,73.84851031143933,Estimación adecuada
Camuy,1985-1989,2,79.50251205629577,79.27913839748174,78.12090920728778,80.39646452457532,Estimación adecuada
Camuy,1990-1994,1,72.48592866320423,72.02853459607154,71.15050925747549,73.04919113781034,Estimación adecuada
Camuy,1990-1994,2,78.42074942707245,78.49038071868566,77.4803777201391,79.65187936779611,Estimación adecuada
Camuy,1995-1999,1,72.6730064081168,72.19939526062956,71.2729145192857,73.19040991365407,Estimación adecuada
Camuy,1995-1999,2,81.15887534595899,80.49031712682341,79.51638818246835,81.58004261058436,Estimación adecuada
Camuy,2000-2004,1,75.51776152008142,74.76337041236168,73.78912031561774,75.69920393918345,Estimación adecuada
Camuy,2000-2004,2,81.38049051623702,80.83492859408301,79.9503571292941,81.95741224560388,Estimación adecuada
Camuy,2005-2009,1,76.01134322923592,75.6672686196097,74.66342329032742,76.4808304024292,Estimación adecuada
Camuy,2005-2009,2,83.37764861657536,82.81381580303976,81.47042011600564,84.35565821016824,Estimación adecuada
Camuy,2010-2014,1,77.47114401608678,76.37641655182719,75.65430315742564,77.1777536059436,< e0 observado
Camuy,2010-2014,2,83.52117698878536,83.22934181050319,82.10110069189543,84.43929878311968,Estimación adecuada
Camuy,2015-2019,1,78.31044325410552,78.13908112541748,77.27683529659873,78.87929724608797,Estimación adecuada
Camuy,2015-2019,2,85.3683244262729,85.18472190273225,84.02096967016988,86.2772228265109,Estimación adecuada
Camuy,2020-2024,1,78.26146309261183,77.68803798958851,76.79062234074388,78.69687953429175,Estimación adecuada
Camuy,2020-2024,2,85.47114665413858,85.57346325592259,84.13112031322106,86.69468196420007,Estimación adecuada
Canovanas,1980-1984,1,73.2999178869587,71.93891090565695,71.20411307723663,73.07452213492914,< e0 observado
Canovanas,1980-1984,2,80.06188590433086,78.7985773213971,77.22309662977332,80.26969164724926,Estimación adecuada
Canovanas,1985-1989,1,71.61537365310774,71.39263010419731,70.47691843540133,72.42717089468572,Estimación adecuada
Canovanas,1985-1989,2,78.2476656338885,77.803735698178,76.88443580829829,78.8166971963577,Estimación adecuada
Canovanas,1990-1994,1,68.47857316458972,69.19227902835615,68.29838109669925,70.1317326728496,Estimación adecuada
Canovanas,1990-1994,2,78.32395417011651,78.16212495444185,77.06775723568363,79.44340097694807,Estimación adecuada
Canovanas,1995-1999,1,67.92417601162161,68.8450407071489,67.92742364396867,69.78246938864345,> e0 observado
Canovanas,1995-1999,2,77.19866982997894,77.22638809605546,76.39894697707226,78.05884837700859,Estimación adecuada
Canovanas,2000-2004,1,71.16133588099902,71.9671434399791,71.1978028563733,72.98834743393616,> e0 observado
Canovanas,2000-2004,2,79.89031657445086,79.8231027681438,78.91756766924152,80.93984244609604,Estimación adecuada
Canovanas,2005-2009,1,72.03527888088188,72.86282630680427,71.81038874533863,73.8790136164808,Estimación adecuada
Canovanas,2005-2009,2,82.20274877957495,81.7264800987532,80.70411928414421,82.81640480230388,Estimación adecuada
Canovanas,2010-2014,1,73.73163177655941,74.45807560393251,73.37890980168561,75.45894731771249,Estimación adecuada
Canovanas,2010-2014,2,82.38500533806449,81.97240056458932,80.96398391754633,82.87774152154041,Estimación adecuada
Canovanas,2015-2019,1,76.47578865798283,76.84307841838367,75.75324862324422,77.63023872609352,Estimación adecuada
Canovanas,2015-2019,2,83.4705410867674,83.21702326011624,82.06565086688555,84.35967806934102,Estimación adecuada
Canovanas,2020-2024,1,75.27011547141527,75.50444480431574,74.83084049170817,76.44023339197469,Estimación adecuada
Canovanas,2020-2024,2,84.62181844092844,84.12536879432406,83.03049525080058,85.14088741213959,Estimación adecuada
Carolina,1980-1984,1,72.6794571065647,72.69099091238034,72.09277763950958,73.19401874765202,Estimación adecuada
Carolina,1980-1984,2,80.00245669766524,79.66050408237298,79.02667100988242,80.35872275189516,Estimación adecuada
Carolina,1985-1989,1,71.45905207579524,71.55218817044636,71.02426306121552,72.01282476889548,Estimación adecuada
Carolina,1985-1989,2,79.99533355118935,79.81261597477354,79.21406345438345,80.40484879563039,Estimación adecuada
Carolina,1990-1994,1,69.88961527032848,70.19694641020158,69.59258309070802,70.7090867869565,Estimación adecuada
Carolina,1990-1994,2,79.19273965392165,79.16798136125402,78.75282768074446,79.71064169832954,Estimación adecuada
Carolina,1995-1999,1,70.60394767924991,70.8441168891911,70.39564801428295,71.29513978624738,Estimación adecuada
Carolina,1995-1999,2,80.17066355341139,80.0174666964293,79.49793595296785,80.41149309406069,Estimación adecuada
Carolina,2000-2004,1,73.93076115352547,74.04969263801587,73.39328402211086,74.57771892453579,Estimación adecuada
Carolina,2000-2004,2,81.94990115891812,81.71225898091073,81.20110917022609,82.2582619741815,Estimación adecuada
Carolina,2005-2009,1,74.82294831043073,74.93981412976498,74.43618002341614,75.55035093568259,Estimación adecuada
Carolina,2005-2009,2,82.93347404417227,82.89186326837915,82.29917858925782,83.3827414448216,Estimación adecuada
Carolina,2010-2014,1,75.7216623224996,76.0358829866143,75.51626016454907,76.68955189420895,Estimación adecuada
Carolina,2010-2014,2,84.32702876051525,84.14267884637923,83.67861453899278,84.76116436259139,Estimación adecuada
Carolina,2015-2019,1,78.16150181754098,78.14232026235707,77.49819386467942,78.78713530217301,Estimación adecuada
Carolina,2015-2019,2,86.31301087441426,86.14525870039108,85.41978991395175,86.76086010886263,Estimación adecuada
Carolina,2020-2024,1,78.61601699181084,78.48909967745449,77.76797988342996,78.96834968632515,Estimación adecuada
Carolina,2020-2024,2,85.92480146843513,85.50464591077267,84.94796880266001,86.04621366904469,Estimación adecuada
Catano,1980-1984,1,64.71158204088911,66.10236045269775,65.07191693254268,67.01124159426956,> e0 observado
Catano,1980-1984,2,75.60330232750007,75.36702738058884,74.44247679812344,76.49074543799765,Estimación adecuada
Catano,1985-1989,1,65.74843366392102,66.81216032417804,65.78388157962954,67.85019313544285,> e0 observado
Catano,1985-1989,2,78.65957711284251,77.31795284722531,76.14207695658027,78.80957653385781,Estimación adecuada
Catano,1990-1994,1,63.551421617424765,65.1560608816653,64.16176193492961,66.44431288576341,> e0 observado
Catano,1990-1994,2,77.73013012436986,77.28318851942977,75.8870733030305,78.39925358218775,Estimación adecuada
Catano,1995-1999,1,64.95894376240564,66.30318761204215,65.35813499514227,67.35735864543292,> e0 observado
Catano,1995-1999,2,77.8017354936669,77.60436795854007,76.32086033794315,78.64260863219792,Estimación adecuada
Catano,2000-2004,1,69.54736006919788,70.32489516815811,69.31001782173817,71.28299969322515,Estimación adecuada
Catano,2000-2004,2,80.2420833723342,79.29636051842388,78.09130570834238,80.60229996779375,Estimación adecuada
Catano,2005-2009,1,70.0088463290445,70.95152963260574,69.70946699422657,72.11207375682389,Estimación adecuada
Catano,2005-2009,2,82.4846061988492,81.70874364158085,80.1054879927625,83.44367951075745,Estimación adecuada
Catano,2010-2014,1,73.04054164065786,73.4725299677798,72.27377599154875,74.75826341031618,Estimación adecuada
Catano,2010-2014,2,85.05347927327067,83.0477231050675,81.81580994416566,84.8329173717843,< e0 observado
Catano,2015-2019,1,73.65254048968006,74.51857343071792,73.34631066374956,75.60295023471751,Estimación adecuada
Catano,2015-2019,2,86.94579083490224,85.24260419912052,83.60052170379156,86.9107067145292,< e0 observado
Catano,2020-2024,1,73.01737041087927,73.98444646149144,72.95770876039707,75.40742666401732,Estimación adecuada
Catano,2020-2024,2,86.0684794743231,84.94113345267377,83.2846490889056,86.22859411090626,Estimación adecuada
Cayey,1980-1984,1,71.32064492875627,71.08008177904699,70.45647410661277,72.08750415418345,Estimación adecuada
Cayey,1980-1984,2,76.88437352747384,77.12645416997573,76.16037319549989,78.06661561280842,Estimación adecuada
Cayey,1985-1989,1,69.35200072016079,69.97460317007176,69.06801053860295,70.77404654084424,Estimación adecuada
Cayey,1985-1989,2,78.24162311103663,78.11500134539295,77.34121913115324,79.20797857095641,Estimación adecuada
Cayey,1990-1994,1,69.27521430891126,69.88880954687137,69.03388528373694,70.61607213901237,Estimación adecuada
Cayey,1990-1994,2,78.16553833033852,78.24498861500341,77.22571761932407,79.39899648598046,Estimación adecuada
Cayey,1995-1999,1,70.01299547508536,70.44691562567618,69.77520267154574,71.29386703556389,Estimación adecuada
Cayey,1995-1999,2,78.87259018768239,78.81154485769713,77.90990211035162,79.82375638953684,Estimación adecuada
Cayey,2000-2004,1,73.68749999421473,73.55993644315026,72.59230631758294,74.40330648994731,Estimación adecuada
Cayey,2000-2004,2,81.22226473989993,80.46295050315004,79.47414115341071,81.31024360691953,Estimación adecuada
Cayey,2005-2009,1,73.99614368964569,74.59981207473874,73.61917682115325,75.44320714404913,Estimación adecuada
Cayey,2005-2009,2,82.1533699228688,81.80880713230889,80.9617374836185,82.84269631107534,Estimación adecuada
Cayey,2010-2014,1,75.00610378038506,75.57259307008874,74.65293726097396,76.54774083516713,Estimación adecuada
Cayey,2010-2014,2,83.73637939950336,83.25070019744865,82.41637766457474,84.35365930190324,Estimación adecuada
Cayey,2015-2019,1,78.54670044615935,78.43832965471115,77.37444693527704,79.34855747077043,Estimación adecuada
Cayey,2015-2019,2,85.74693279734878,84.96691322205439,84.17321557617744,86.38826260928766,Estimación adecuada
Cayey,2020-2024,1,79.40962956727441,79.2496913350594,78.21172877517577,80.31130104123389,Estimación adecuada
Cayey,2020-2024,2,87.6006348574498,86.84063929990663,85.75756880421551,88.1532268799908,Estimación adecuada
Ceiba,1980-1984,1,72.14585176157938,71.67283222860715,70.3742594145379,72.9318067437689,Estimación adecuada
Ceiba,1980-1984,2,78.61104372786001,77.73728921423654,76.20778245859546,79.39398989275067,Estimación adecuada
Ceiba,1985-1989,1,70.6198183166503,70.61665750937041,69.53104419870043,71.94590895056467,Estimación adecuada
Ceiba,1985-1989,2,79.13415807152825,78.3548716932428,76.97100439971246,79.78367538483667,Estimación adecuada
Ceiba,1990-1994,1,71.00935671117365,70.71963270563975,69.58772251343606,72.18534998770312,Estimación adecuada
Ceiba,1990-1994,2,79.17042900270538,78.53033168081946,76.84616560172292,80.02765626327346,Estimación adecuada
Ceiba,1995-1999,1,72.51721647517238,71.43447129192086,70.2742359644015,72.49634759421146,< e0 observado
Ceiba,1995-1999,2,78.14728081414309,78.3984967201162,77.49630941297006,80.16027796993836,Estimación adecuada
Ceiba,2000-2004,1,74.86667065353893,73.5902903048833,72.50670768348398,74.84581217423012,< e0 observado
Ceiba,2000-2004,2,80.68427804057518,80.77768584378416,79.41243526422329,82.67130234262501,Estimación adecuada
Ceiba,2005-2009,1,76.12252834869311,74.84642871054919,73.60588389674521,76.41495677819236,Estimación adecuada
Ceiba,2005-2009,2,82.7966883833198,82.18797701012637,80.81245931178407,84.1718420248864,Estimación adecuada
Ceiba,2010-2014,1,75.46412666889606,76.1885634599121,74.97933884883443,77.71609570674019,Estimación adecuada
Ceiba,2010-2014,2,81.41353267344712,82.34784462174159,81.05236423451444,84.19887882637858,Estimación adecuada
Ceiba,2015-2019,1,78.54557923356414,78.00118765592632,76.37904733740265,79.53080394554638,Estimación adecuada
Ceiba,2015-2019,2,86.20789836529356,85.38118188272446,83.22568192313359,87.81925071135211,Estimación adecuada
Ceiba,2020-2024,1,72.26101326760208,75.9417869561907,74.74678361585877,77.9668024219012,> e0 observado
Ceiba,2020-2024,2,81.87366447467527,83.88526080463993,82.48103363889851,85.0340270962201,> e0 observado
Ciales,1980-1984,1,73.3601690081269,72.81400053833714,71.6825800907304,73.81459089323869,Estimación adecuada
Ciales,1980-1984,2,79.08450788252533,78.80046298684928,77.06192743387201,80.39345760686956,Estimación adecuada
Ciales,1985-1989,1,73.80385799895002,73.05346346867435,71.56936441223743,74.24598578096173,Estimación adecuada
Ciales,1985-1989,2,79.25761748100682,79.00287671349426,77.67072009365378,80.58329631394297,Estimación adecuada
Ciales,1990-1994,1,72.25274862856378,72.20687180141331,70.96046544414648,73.42802735327743,Estimación adecuada
Ciales,1990-1994,2,79.82543814746265,79.41551825031706,78.03040724245133,80.8220034706692,Estimación adecuada
Ciales,1995-1999,1,71.42663286324974,71.82123914573614,70.7138455351183,72.84558419409811,Estimación adecuada
Ciales,1995-1999,2,79.238381112831,79.5976169939396,78.57224896019619,81.00939894930642,Estimación adecuada
Ciales,2000-2004,1,72.8877247015535,73.74276309285759,72.8795921477195,74.82080403768617,Estimación adecuada
Ciales,2000-2004,2,80.83769687356553,81.19506198524002,79.62798177917313,82.70361631227618,Estimación adecuada
Ciales,2005-2009,1,74.52536084511352,74.87343497067695,73.78392673995819,76.27209236577245,Estimación adecuada
Ciales,2005-2009,2,82.13836581268944,82.3459549598047,81.05789466710347,83.8586891844776,Estimación adecuada
Ciales,2010-2014,1,75.83944224399347,76.34289866108745,75.5116794298057,77.63139524196276,Estimación adecuada
Ciales,2010-2014,2,83.18525319463721,83.66031484677983,82.25205112965838,84.96563549347422,Estimación adecuada
Ciales,2015-2019,1,80.35963140996523,79.00231094960739,77.92721908356732,80.6825387365619,Estimación adecuada
Ciales,2015-2019,2,85.16754149388572,85.84927442483695,84.1111365626505,88.0793188743555,Estimación adecuada
Ciales,2020-2024,1,78.0952139934909,77.99738490857148,76.82172501991056,79.0989314249324,Estimación adecuada
Ciales,2020-2024,2,83.7838176468441,84.33263830130137,82.96294086817643,85.75417846857039,Estimación adecuada
Cidra,1980-1984,1,72.92625993210298,73.2843934206161,72.06788511201572,74.40862250245432,Estimación adecuada
Cidra,1980-1984,2,80.25294604658151,80.01452399854645,78.92560445604087,81.2787703362755,Estimación adecuada
Cidra,1985-1989,1,72.65671880748917,72.73062920658052,71.95064338357435,73.96832894552298,Estimación adecuada
Cidra,1985-1989,2,79.2640060129605,79.26693418560441,77.956632598773,80.74900067822962,Estimación adecuada
Cidra,1990-1994,1,74.59270123853278,73.85125749968202,72.86031463072132,75.21895475311047,Estimación adecuada
Cidra,1990-1994,2,79.58259869878654,79.35447004416294,78.45905168889686,80.49807471322848,Estimación adecuada
Cidra,1995-1999,1,74.21713653214772,73.88138580525147,72.81473257724056,74.83220350425603,Estimación adecuada
Cidra,1995-1999,2,80.46720179098129,80.67176444639155,79.57470435277202,81.86174840658869,Estimación adecuada
Cidra,2000-2004,1,76.1648075054388,75.77571047629996,74.92525753279662,76.87032666841088,Estimación adecuada
Cidra,2000-2004,2,83.06880741955162,82.46544162965712,81.57747877796858,83.65615289658803,Estimación adecuada
Cidra,2005-2009,1,76.2488157847596,76.24717936480027,75.24017362111647,77.43991575885039,Estimación adecuada
Cidra,2005-2009,2,83.29450873472624,83.20654390282789,82.07338823735988,84.77475373711587,Estimación adecuada
Cidra,2010-2014,1,77.33131059096634,77.56669916263834,76.55449963765555,78.60342420702175,Estimación adecuada
Cidra,2010-2014,2,83.46470181390174,83.31166830576691,82.24640337684806,84.40280055046384,Estimación adecuada
Cidra,2015-2019,1,78.97458456608396,79.29695839738147,78.2939392473935,80.33060972104137,Estimación adecuada
Cidra,2015-2019,2,84.69043178604441,85.18593731544158,84.08847221310253,86.53553900094875,Estimación adecuada
Cidra,2020-2024,1,79.7427353948676,79.66256714783796,78.34699568084383,80.95867651088038,Estimación adecuada
Cidra,2020-2024,2,85.33702768748,85.18892801814275,84.2451072657409,86.34097639286782,Estimación adecuada
Coamo,1980-1984,1,71.83261143264684,71.7570289049433,70.86201550783392,73.19237094704899,Estimación adecuada
Coamo,1980-1984,2,77.96592585526496,78.15855807778948,77.29438170765066,79.6910890567037,Estimación adecuada
Coamo,1985-1989,1,71.23431252697634,71.4069679872153,70.23964081479126,72.50549803800857,Estimación adecuada
Coamo,1985-1989,2,77.61875344002883,78.12725899205063,76.87672058452264,79.06727797207782,Estimación adecuada
Coamo,1990-1994,1,71.15206342123702,71.29726926260075,70.32314498683985,72.376477916194,Estimación adecuada
Coamo,1990-1994,2,79.52007940092251,79.28069128663418,78.21202869483423,80.50289528817171,Estimación adecuada
Coamo,1995-1999,1,71.1960753395491,71.4033437092557,70.45323197020875,72.27719895214005,Estimación adecuada
Coamo,1995-1999,2,78.423903843953,78.73832936601514,77.79511395428214,79.8346259613561,Estimación adecuada
Coamo,2000-2004,1,73.24248106281058,73.38584949785606,72.5923464871484,74.26661939039255,Estimación adecuada
Coamo,2000-2004,2,81.2524184753369,80.98889176017121,79.91264852641778,82.26177656523984,Estimación adecuada
Coamo,2005-2009,1,76.67061680312946,75.69489116166241,74.78508826583555,76.57298556128346,< e0 observado
Coamo,2005-2009,2,82.50443120167047,82.08399447433177,80.89157378569315,83.36518926169671,Estimación adecuada
Coamo,2010-2014,1,76.08519397019607,75.94585086260727,75.05631220384109,76.94763604673344,Estimación adecuada
Coamo,2010-2014,2,82.76456200780567,82.44499290797546,81.23467382605162,83.52368131621171,Estimación adecuada
Coamo,2015-2019,1,76.3555860235564,76.78380535727713,75.98322270602009,77.50422454463133,Estimación adecuada
Coamo,2015-2019,2,84.32302802936533,84.43707773624689,83.58619326043035,86.0840780748882,Estimación adecuada
Coamo,2020-2024,1,78.73457128285159,77.9696815323147,77.24601855833843,78.8157754311093,Estimación adecuada
Coamo,2020-2024,2,85.32320664794793,85.07966259933426,84.12149426054393,86.04230242938024,Estimación adecuada
Comerio,1980-1984,1,72.39160599187598,72.25701129473036,70.97308492600132,73.62076066318625,Estimación adecuada
Comerio,1980-1984,2,80.50714392154065,79.01223097438921,77.88842141370864,80.95354787145428,Estimación adecuada
Comerio,1985-1989,1,72.46599051488649,72.03170235733252,70.6377848516938,73.37071198620697,Estimación adecuada
Comerio,1985-1989,2,79.35372018267553,79.1009717459383,77.71039468750746,80.65484032141957,Estimación adecuada
Comerio,1990-1994,1,72.63261964951914,71.91882858031222,70.76711773011147,73.05818303996978,Estimación adecuada
Comerio,1990-1994,2,78.0865724889923,78.55162555097682,77.3474506762719,79.72210734174773,Estimación adecuada
Comerio,1995-1999,1,71.13227286201818,71.36456261441772,70.3416426750301,72.40626674355657,Estimación adecuada
Comerio,1995-1999,2,78.32248610899435,78.43784717304217,77.45870557374273,79.93526901953442,Estimación adecuada
Comerio,2000-2004,1,73.74046365047266,73.87997132701766,72.50658717740413,74.89711482733492,Estimación adecuada
Comerio,2000-2004,2,80.19913305806267,80.53590109787882,79.20781210999927,82.23151589747528,Estimación adecuada
Comerio,2005-2009,1,75.30350166697882,75.05836823294649,73.64547936514968,76.31175620629675,Estimación adecuada
Comerio,2005-2009,2,81.75843965388886,81.6959521916121,80.55669959939657,83.22992126769716,Estimación adecuada
Comerio,2010-2014,1,77.88992392393747,76.96799407057605,75.71232291802531,78.30273642231072,Estimación adecuada
Comerio,2010-2014,2,83.20589003283447,82.84609325309972,81.67942296525754,84.630145793888,Estimación adecuada
Comerio,2015-2019,1,76.11616223403381,76.60802327792513,75.62171832419365,78.03976593647899,Estimación adecuada
Comerio,2015-2019,2,84.47935763504815,84.36825323311672,83.1616855493414,86.49765622379641,Estimación adecuada
Comerio,2020-2024,1,75.23982921549162,76.23295077791262,75.1439609892413,77.0173732255409,Estimación adecuada
Comerio,2020-2024,2,83.75928924043123,83.64707306399609,82.74429875518024,84.73507484403824,Estimación adecuada
Corozal,1980-1984,1,72.8434269620364,72.60409172911308,71.35211835713869,73.6432210455492,Estimación adecuada
Corozal,1980-1984,2,78.49552695365927,78.31832973855094,77.21053998129844,79.57704746535416,Estimación adecuada
Corozal,1985-1989,1,74.16679537755694,73.25476011717952,72.20756537792893,74.35986325489435,Estimación adecuada
Corozal,1985-1989,2,78.31409571064404,78.3246896017656,77.29049269034462,79.44417882435195,Estimación adecuada
Corozal,1990-1994,1,71.27571092432538,71.56269766494518,70.44608252053541,72.57004912118215,Estimación adecuada
Corozal,1990-1994,2,78.71157989908842,78.79488408391882,78.01297784449741,80.06235717610146,Estimación adecuada
Corozal,1995-1999,1,71.90053240132126,72.25067891815654,71.08516653521933,72.99746874974534,Estimación adecuada
Corozal,1995-1999,2,81.05061971042039,80.24725395551097,79.07898465838045,81.5128748009133,Estimación adecuada
Corozal,2000-2004,1,75.40121472632262,74.93670041531263,74.03974105515314,75.98342467194104,Estimación adecuada
Corozal,2000-2004,2,82.32727029969571,82.15004713649896,80.88726594891216,83.59472440077525,Estimación adecuada
Corozal,2005-2009,1,75.29676896497347,75.51103255117667,74.57675146535723,76.67159490964062,Estimación adecuada
Corozal,2005-2009,2,81.7668888989548,81.55574499639324,80.65715070224964,82.72335028638807,Estimación adecuada
Corozal,2010-2014,1,76.61800376671373,76.85064224894671,75.60525334762178,77.60154392258666,Estimación adecuada
Corozal,2010-2014,2,83.99620064198638,83.68301185324812,82.41787848321702,85.06203882117595,Estimación adecuada
Corozal,2015-2019,1,78.84838673591865,78.33966475784328,77.47020754816795,79.25918021717322,Estimación adecuada
Corozal,2015-2019,2,84.36621340480359,84.58189779406473,83.29015000544359,85.89534201099573,Estimación adecuada
Corozal,2020-2024,1,76.44862204173214,77.24149466670292,76.13641619543208,78.18118003441657,Estimación adecuada
Corozal,2020-2024,2,85.0591201159125,85.33016316627891,84.24715578475434,86.806977208006,Estimación adecuada
Culebra,1980-1984,1,94.69722323815856,73.34150315457069,71.51803210042664,76.47489461680794,< e0 observado
Culebra,1980-1984,2,77.11141651027592,80.05196186251696,77.07058121370542,85.94188758914021,Estimación adecuada
Culebra,1985-1989,1,76.63588305134152,72.91362941912335,70.85973616826536,74.77854489789667,< e0 observado
Culebra,1985-1989,2,84.99417166658453,80.70642792998973,78.25253585508838,82.91722282404695,< e0 observado
Culebra,1990-1994,1,75.23127689590049,72.31100142675857,70.23180964634665,74.0077905430062,< e0 observado
Culebra,1990-1994,2,82.2361338517014,80.47324129166594,78.67717919109944,82.68064955920863,Estimación adecuada
Culebra,1995-1999,1,72.53390965878926,72.59205667761259,71.05149239900746,74.58193718718715,Estimación adecuada
Culebra,1995-1999,2,82.74787501668122,81.14250312162777,78.10889645694803,86.7324361143537,Estimación adecuada
Culebra,2000-2004,1,83.74648606676807,75.64483654607929,73.55490508549082,77.11762614362229,< e0 observado
Culebra,2000-2004,2,81.63132549875367,82.83372210893974,80.77600326917958,85.11846410898708,Estimación adecuada
Culebra,2005-2009,1,79.35518350612848,76.23763189006218,74.2630879824191,77.93202881748068,< e0 observado
Culebra,2005-2009,2,87.82645600917449,83.75720597032544,81.74906387991044,87.2069623764948,< e0 observado
Culebra,2010-2014,1,73.27486001063872,76.9387623055947,75.43713774050275,79.41845806292078,> e0 observado
Culebra,2010-2014,2,84.63331186955911,85.15992159851376,82.40849065593676,88.45821681365777,Estimación adecuada
Culebra,2015-2019,1,73.7782353124013,77.95088258511235,76.01968513515175,80.6107070525749,> e0 observado
Culebra,2015-2019,2,82.80860574041759,86.23831579661967,83.36325718590024,88.98977839979476,> e0 observado
Culebra,2020-2024,1,71.17558414919206,77.71157447028926,75.82207478075695,80.26009973256565,> e0 observado
Culebra,2020-2024,2,81.75048505604273,84.87237538780592,82.16164954734816,87.81522515708039,> e0 observado
Dorado,1980-1984,1,73.06768394242143,72.61404659865465,71.61957735824191,73.86192885020213,Estimación adecuada
Dorado,1980-1984,2,79.57134292897321,79.21240767941461,78.08207766428623,80.84747670152612,Estimación adecuada
Dorado,1985-1989,1,70.98138714935332,71.06749138508087,70.32964401430448,72.09458948361487,Estimación adecuada
Dorado,1985-1989,2,79.66708794032925,79.2267214335646,77.86772136622972,80.52943352774645,Estimación adecuada
Dorado,1990-1994,1,70.60163270459446,71.05857096604353,70.15062843693985,72.32788383519792,Estimación adecuada
Dorado,1990-1994,2,79.66123740902555,79.3767752848473,78.01028219317683,80.41328118068465,Estimación adecuada
Dorado,1995-1999,1,71.14661901491276,71.53409933943774,70.70627826374036,72.42593554730891,Estimación adecuada
Dorado,1995-1999,2,79.34231212268777,79.52778283673908,78.62886983663714,80.85162004501689,Estimación adecuada
Dorado,2000-2004,1,72.80125816712727,73.24294913973935,72.18511367159343,74.41027653507838,Estimación adecuada
Dorado,2000-2004,2,80.51547250678337,80.23466802475743,79.30038881734023,81.32626419016506,Estimación adecuada
Dorado,2005-2009,1,74.74216888739862,74.89785334386326,73.85186079530263,75.75596745695898,Estimación adecuada
Dorado,2005-2009,2,81.55921742419945,81.52051512498366,80.63273062971233,82.66334662752607,Estimación adecuada
Dorado,2010-2014,1,77.3972526095473,77.39151013415108,76.26775675433726,78.5127414722605,Estimación adecuada
Dorado,2010-2014,2,83.78650120499329,83.48936758971597,82.32935899151315,84.70958548891807,Estimación adecuada
Dorado,2015-2019,1,79.05317477178703,78.4548628637356,77.53205728767159,79.70998181651143,Estimación adecuada
Dorado,2015-2019,2,85.0361331038058,85.0089776265075,83.83587987215486,86.48702224363146,Estimación adecuada
Dorado,2020-2024,1,77.54648054972814,77.84843510893053,77.00202338804044,78.91593287406002,Estimación adecuada
Dorado,2020-2024,2,87.81728727976584,86.59012206337376,85.46930836397333,88.0727151878275,Estimación adecuada
Fajardo,1980-1984,1,70.97992961345321,70.40775629206779,69.56660547766043,71.2551619742099,Estimación adecuada
Fajardo,1980-1984,2,77.4034006461853,76.83352457723609,75.66126004373669,77.89172038302343,Estimación adecuada
Fajardo,1985-1989,1,71.1887876704971,70.84045238775505,69.8263789283684,71.67782005599307,Estimación adecuada
Fajardo,1985-1989,2,77.37337374894558,77.21301632555256,76.23967502732208,78.32960263223737,Estimación adecuada
Fajardo,1990-1994,1,68.18099629812696,68.74723646422248,67.85119691796247,69.64547537511368,Estimación adecuada
Fajardo,1990-1994,2,78.11474876521702,77.83787464094158,77.02136274469929,78.69904511337776,Estimación adecuada
Fajardo,1995-1999,1,69.86154006659808,69.96026047107355,69.099777642044,70.92614193071418,Estimación adecuada
Fajardo,1995-1999,2,78.82934233659792,78.55554441243456,77.57526274992198,79.42279156437255,Estimación adecuada
Fajardo,2000-2004,1,71.85134936418909,71.99971596105107,71.04452661750048,72.99263433611802,Estimación adecuada
Fajardo,2000-2004,2,80.31491904964011,79.72663927127113,78.97839893978147,80.65787752206495,Estimación adecuada
Fajardo,2005-2009,1,72.01498955956528,72.54175297461178,71.71881829060086,73.43122294452411,Estimación adecuada
Fajardo,2005-2009,2,80.42579698255476,80.22550535116557,79.42562643817328,81.28236517274635,Estimación adecuada
Fajardo,2010-2014,1,73.1648079564502,74.25899888516443,73.20752580984774,75.39201303104983,> e0 observado
Fajardo,2010-2014,2,81.74247222384632,81.28758950999872,80.26727338024028,82.20324853074123,Estimación adecuada
Fajardo,2015-2019,1,76.15087862256587,76.6930536896395,75.5114066937112,77.62910892017521,Estimación adecuada
Fajardo,2015-2019,2,83.7123556023456,83.6695521615712,82.52680702365004,85.15078702009293,Estimación adecuada
Fajardo,2020-2024,1,74.31868957649468,74.91588637132978,73.88760230380774,75.91915252941808,Estimación adecuada
Fajardo,2020-2024,2,83.33111283123691,83.36322099884538,82.42133162513865,84.4389390944219,Estimación adecuada
Florida,1980-1984,1,71.06938753374574,71.36220932551868,69.90501262818816,73.06122613350053,Estimación adecuada
Florida,1980-1984,2,79.21775098528943,78.32998570978917,76.60442674871081,80.36857366970938,Estimación adecuada
Florida,1985-1989,1,70.64603223425698,70.82406613867562,69.33769502542472,72.34947551099188,Estimación adecuada
Florida,1985-1989,2,74.85144353276169,77.15818913882998,75.66509453325507,78.58907446611873,> e0 observado
Florida,1990-1994,1,70.01533527514864,70.39385340435184,69.20208777221177,71.78747419568218,Estimación adecuada
Florida,1990-1994,2,75.40391537650423,77.15571064646068,75.79014752663153,78.60986674990316,> e0 observado
Florida,1995-1999,1,71.65894113726901,71.64432234895848,70.25309345411833,73.17269050028578,Estimación adecuada
Florida,1995-1999,2,77.29790147374477,78.08204979068907,76.72830314564268,79.57162306001854,Estimación adecuada
Florida,2000-2004,1,75.01444427678842,73.97324371090426,72.88610216242724,75.35510820907433,Estimación adecuada
Florida,2000-2004,2,81.08965307946796,80.5977409633304,79.29961162673446,82.17841877198144,Estimación adecuada
Florida,2005-2009,1,76.54783220170152,74.865803964609,73.65540778767621,76.04088244377456,< e0 observado
Florida,2005-2009,2,80.52310433234075,80.66895217148988,79.34149705766538,82.20804239147876,Estimación adecuada
Florida,2010-2014,1,79.58931937931183,77.44028137178785,75.95497195849944,79.17902216688805,< e0 observado
Florida,2010-2014,2,84.35262381150902,83.0977309901613,81.82797847060613,84.81396245157705,Estimación adecuada
Florida,2015-2019,1,77.39963673465637,77.14190666527446,75.90895349993217,78.61537506825596,Estimación adecuada
Florida,2015-2019,2,83.04749257512822,83.89422714946394,82.31811619084066,85.35798105772523,Estimación adecuada
Florida,2020-2024,1,76.48138637441758,77.16113440292965,75.76514590337405,78.48690448747647,Estimación adecuada
Florida,2020-2024,2,86.57028869211995,86.04628982141533,84.48451668550013,88.09915441566375,Estimación adecuada
Guanica,1980-1984,1,70.29160656173029,69.84180792436021,68.77415481167924,71.01997671728904,Estimación adecuada
Guanica,1980-1984,2,77.02589204137094,76.75477562550446,75.36406415962131,77.88726428709774,Estimación adecuada
Guanica,1985-1989,1,69.64590752945972,69.44082817829553,68.1954167848463,70.8533482600633,Estimación adecuada
Guanica,1985-1989,2,76.96194389846337,76.73556120091736,75.52408522147152,77.91301002918016,Estimación adecuada
Guanica,1990-1994,1,69.00330089577055,69.0322571529811,68.07792928350497,70.36402009739602,Estimación adecuada
Guanica,1990-1994,2,77.43314529873244,77.24541225718208,75.90458144119958,78.14457055441828,Estimación adecuada
Guanica,1995-1999,1,68.75925697690468,69.16479966479056,67.99801003729478,70.46830977477526,Estimación adecuada
Guanica,1995-1999,2,76.88365176255945,77.03711064143017,75.89291034423451,78.08965772621153,Estimación adecuada
Guanica,2000-2004,1,72.36855900985053,72.02104410253058,70.8102710744381,73.03678402531523,Estimación adecuada
Guanica,2000-2004,2,78.3128127578213,78.53945471186407,77.36670154141794,79.75870593225761,Estimación adecuada
Guanica,2005-2009,1,71.69965700518571,72.16584755557355,71.0489094627435,73.00976004696206,Estimación adecuada
Guanica,2005-2009,2,80.3960001801447,79.80900022420371,78.64425067466081,81.23141047370834,Estimación adecuada
Guanica,2010-2014,1,75.43056531334524,74.88746617578687,73.73685765038675,75.9958403750052,Estimación adecuada
Guanica,2010-2014,2,80.57778836738088,80.94716687428478,79.73939406419062,82.3365361801722,Estimación adecuada
Guanica,2015-2019,1,74.6061778340804,74.63120225455107,73.36398804730271,75.68236053510279,Estimación adecuada
Guanica,2015-2019,2,81.3148683326643,81.59030456742707,80.37721039143605,82.81474449711843,Estimación adecuada
Guanica,2020-2024,1,73.35967274163447,74.44491621987936,73.17027693486936,75.55164388688057,Estimación adecuada
Guanica,2020-2024,2,82.11869011623037,82.06439969699358,80.86056096267635,83.24602681743673,Estimación adecuada
Guayama,1980-1984,1,70.24592277647761,70.13310677698978,69.21850252276664,70.97165749746854,Estimación adecuada
Guayama,1980-1984,2,76.94736099895414,76.69377923314944,75.89065990324771,77.72173047963861,Estimación adecuada
Guayama,1985-1989,1,69.18407376779939,69.5005553723953,68.6831929484389,70.21913495814766,Estimación adecuada
Guayama,1985-1989,2,77.01984994163914,76.89750973591643,75.81591259834678,77.5563308008321,Estimación adecuada
Guayama,1990-1994,1,69.12774545799293,69.53333709636809,68.51964028620702,70.44466788906884,Estimación adecuada
Guayama,1990-1994,2,78.26536534527779,77.77880696407678,76.71311923899768,78.79107932201362,Estimación adecuada
Guayama,1995-1999,1,69.89298463348949,70.08706011219977,69.19867516588371,70.88477659734667,Estimación adecuada
Guayama,1995-1999,2,79.36097539479375,78.70581941530367,77.74634051981563,79.56075886690874,Estimación adecuada
Guayama,2000-2004,1,71.73959231092829,71.92549008550502,71.14237967057429,72.83479949726322,Estimación adecuada
Guayama,2000-2004,2,80.42361640554877,80.14054163694024,79.13294822273076,81.07675070058087,Estimación adecuada
Guayama,2005-2009,1,74.004627225837,73.78280530920097,72.8848301237688,74.70973807205434,Estimación adecuada
Guayama,2005-2009,2,80.66196990050479,80.63850630186873,79.46168781531784,81.47990006596712,Estimación adecuada
Guayama,2010-2014,1,76.0922078825251,75.64523098471963,74.64325368321285,76.32934703166181,Estimación adecuada
Guayama,2010-2014,2,82.22460967328485,81.76629257635798,80.79667209517297,82.73599834450944,Estimación adecuada
Guayama,2015-2019,1,76.61959145312574,76.44802830119133,75.59575855069264,77.28560214595146,Estimación adecuada
Guayama,2015-2019,2,83.4142713899816,83.40875720153264,82.43587426481292,84.6795402022941,Estimación adecuada
Guayama,2020-2024,1,73.93879414262592,75.14614313040957,74.23224163620719,76.05011695886907,> e0 observado
Guayama,2020-2024,2,82.33975114826434,82.52877897756747,81.77807636751129,83.54049184811774,Estimación adecuada
Guayanilla,1980-1984,1,72.58983279684577,71.61671461826978,70.51562225265184,72.762947719502307,Estimación adecuada
Guayanilla,1980-1984,2,77.53353824728316,77.52245022183104,76.4407859438956,78.57260975781892,Estimación adecuada
Guayanilla,1985-1989,1,70.73661721916349,70.43554680191211,69.34338576071586,71.72355563431627,Estimación adecuada
Guayanilla,1985-1989,2,76.86235560972376,76.85672076826923,75.73180604081074,77.90193464877132,Estimación adecuada
Guayanilla,1990-1994,1,72.37752924339648,71.34059090115093,70.3910688730099,72.50283488453354,Estimación adecuada
Guayanilla,1990-1994,2,78.55250974931681,77.89636564407742,76.86817526589171,78.90375115619472,Estimación adecuada
Guayanilla,1995-1999,1,72.22131902455737,71.2784756858052,70.03881962989597,72.22680971059637,Estimación adecuada
Guayanilla,1995-1999,2,79.14608996325278,78.88680993503536,77.35827873702027,79.86142080541399,Estimación adecuada
Guayanilla,2000-2004,1,74.05744082522244,73.44530233410671,72.28010946855433,74.71765096998998,Estimación adecuada
Guayanilla,2000-2004,2,80.06971551607721,79.65825671729951,78.565286972773407,81.0612103698565,Estimación adecuada
Guayanilla,2005-2009,1,73.36781184296053,73.69334852833768,72.49873146151552,74.85505157473867,Estimación adecuada
Guayanilla,2005-2009,2,79.74433091795808,79.59850727008052,78.7161683877673,80.75856717897443,Estimación adecuada
Guayanilla,2010-2014,1,77.2541883457964,76.19474497557442,74.95410904744476,77.22260370277746,< e0 observado
Guayanilla,2010-2014,2,79.95617529124827,80.88113398202577,79.61871437432748,82.16881112212747,Estimación adecuada
Guayanilla,2015-2019,1,74.50306944491258,76.07029657018634,74.6861771354363,77.21461452104373,> e0 observado
Guayanilla,2015-2019,2,85.47648018860491,84.39381896810198,82.93089589687187,85.89357750489245,Estimación adecuada
Guayanilla,2020-2024,1,73.73722385919334,75.19805938453408,74.16586905206958,76.15615291791578,> e0 observado
Guayanilla,2020-2024,2,84.46851671921503,84.55295476839855,83.28432851524116,86.27129075734751,Estimación adecuada
Guaynabo,1980-1984,1,73.33304020193007,73.21749597447914,72.6071990738651,74.04991320594806,Estimación adecuada
Guaynabo,1980-1984,2,79.57395565229348,79.40245742822566,78.69913575113003,80.18930467926108,Estimación adecuada
Guaynabo,1985-1989,1,73.30720790413426,73.39823505816777,72.73516005330075,74.07493265714376,Estimación adecuada
Guaynabo,1985-1989,2,80.7449894765543,80.50303065338981,79.76966302689716,81.39439859001911,Estimación adecuada
Guaynabo,1990-1994,1,71.64759712414893,72.03481643077805,71.36121313824145,72.59527513865633,Estimación adecuada
Guaynabo,1990-1994,2,80.46155681333546,80.4913439482514,79.77157407382668,81.12036755444765,Estimación adecuada
Guaynabo,1995-1999,1,71.70557982807048,72.17464659199824,71.59427301757927,72.83203021892643,Estimación adecuada
Guaynabo,1995-1999,2,81.61582636139954,81.41529861809954,80.55423582077874,82.29185930457899,Estimación adecuada
Guaynabo,2000-2004,1,74.5460879922691,74.93954704257642,74.40659568833556,75.47339837399792,Estimación adecuada
Guaynabo,2000-2004,2,82.43363591097874,82.43086674834251,81.83217922135938,83.24573163024529,Estimación adecuada
Guaynabo,2005-2009,1,75.40004142189414,75.8038214251642,75.17542245488823,76.56542148379322,Estimación adecuada
Guaynabo,2005-2009,2,83.59622113263238,83.5663072600679,82.68015134070187,84.39938167221706,Estimación adecuada
Guaynabo,2010-2014,1,77.3578270076508,77.52898682288219,76.75612777494982,78.17705218900852,Estimación adecuada
Guaynabo,2010-2014,2,84.62289097742051,84.40137132588123,83.77797020366643,85.27550066269717,Estimación adecuada
Guaynabo,2015-2019,1,79.63090232574721,79.41553727179684,78.86436674296789,80.4671696191929,Estimación adecuada
Guaynabo,2015-2019,2,86.62280196774702,86.21803151330856,85.56233663997003,87.20299799919496,Estimación adecuada
Guaynabo,2020-2024,1,77.36899877443203,77.83492919921218,77.32707385986077,78.54633680470454,Estimación adecuada
Guaynabo,2020-2024,2,86.85241919025239,86.78254049152206,85.83316904426906,87.69009883924227,Estimación adecuada
Gurabo,1980-1984,1,72.10043466021936,72.0542790005419,70.82891950442244,73.04537191898112,Estimación adecuada
Gurabo,1980-1984,2,77.21298943234297,77.8106654254348,76.84109868613028,79.02445415937959,Estimación adecuada
Gurabo,1985-1989,1,72.09864341259255,72.07895529755112,71.11739909153435,73.10078782664712,Estimación adecuada
Gurabo,1985-1989,2,77.83980186096333,78.10464645468635,77.1787710725668,79.21752009488378,Estimación adecuada
Gurabo,1990-1994,1,70.06358422124045,70.81406470452505,69.82375159616822,71.58810453803716,Estimación adecuada
Gurabo,1990-1994,2,78.93586566639773,78.89170501441446,77.82791806135766,80.57654315549661,Estimación adecuada
Gurabo,1995-1999,1,72.62979875914179,72.36050371029069,71.32082258634213,73.5601946086739,Estimación adecuada
Gurabo,1995-1999,2,78.37596544908041,78.75989339564043,77.53493256258213,79.63186148370563,Estimación adecuada
Gurabo,2000-2004,1,73.72455425616529,74.01740809532015,73.23689597736555,74.9480104058517,Estimación adecuada
Gurabo,2000-2004,2,82.16347596555325,81.52354622952049,80.20940322923107,82.78520988139181,Estimación adecuada
Gurabo,2005-2009,1,75.38673648949066,75.50226400727212,74.45895909872931,76.71441142880522,Estimación adecuada
Gurabo,2005-2009,2,82.71710063140857,82.30501382185034,81.21445140028177,83.48001228075286,Estimación adecuada
Gurabo,2010-2014,1,75.74184183502217,76.25964625156547,75.32170710455543,77.29329641722805,Estimación adecuada
Gurabo,2010-2014,2,83.66012445857517,83.29887887308452,82.3046110722796,84.28447069790377,Estimación adecuada
Gurabo,2015-2019,1,77.82655629619259,77.8931304383903,76.9924237962343,78.69120398195838,Estimación adecuada
Gurabo,2015-2019,2,86.3751275135532,85.82730723951423,84.67124895225363,87.28835744948455,Estimación adecuada
Gurabo,2020-2024,1,78.1508349062683,77.90536888360253,76.67353485033026,78.58153847226444,Estimación adecuada
Gurabo,2020-2024,2,85.11563140762924,84.66533526920728,83.61592259893555,85.88009279997587,Estimación adecuada
Hatillo,1980-1984,1,71.99152036613721,72.3314271953334,71.32113671464731,73.42609028632498,Estimación adecuada
Hatillo,1980-1984,2,78.9802986931572,78.93949324172237,77.76826544580564,80.12332919840618,Estimación adecuada
Hatillo,1985-1989,1,72.73472078364017,72.47242727911839,71.36175099400204,73.72462627713125,Estimación adecuada
Hatillo,1985-1989,2,79.39464399636921,79.33983747400512,78.12936000584357,80.47305863393268,Estimación adecuada
Hatillo,1990-1994,1,72.2998423174012,72.0614937587784,71.02185261104202,72.97969138568523,Estimación adecuada
Hatillo,1990-1994,2,78.56900864145167,78.40850753400791,77.51123788380437,79.30363828887474,Estimación adecuada
Hatillo,1995-1999,1,72.51848608651568,72.2066433970356,71.48624949893849,73.17714627432741,Estimación adecuada
Hatillo,1995-1999,2,78.33281615395789,78.388047213746745,77.64696160070736,79.29720545715486,Estimación adecuada
Hatillo,2000-2004,1,74.45467151298737,74.0331139395667,73.2832492080397,75.01653713924351,Estimación adecuada
Hatillo,2000-2004,2,80.50637914886045,80.42238463893108,79.45916260078943,81.42219843421223,Estimación adecuada
Hatillo,2005-2009,1,75.71645524793598,75.27611268067753,74.23398480321306,76.1197505021744,Estimación adecuada
Hatillo,2005-2009,2,81.90357972932111,81.85511813621314,80.87808075190824,82.88420978340235,Estimación adecuada
Hatillo,2010-2014,1,77.71502056183984,77.12970604839055,76.35681498138814,78.1600338983207,Estimación adecuada
Hatillo,2010-2014,2,83.87031312176076,83.51837611602917,82.40744863978631,84.53063018506268,Estimación adecuada
Hatillo,2015-2019,1,79.67724729389147,79.14405479413429,78.0995562491822,80.26698110805256,Estimación adecuada
Hatillo,2015-2019,2,84.83403759511111,84.43030536552098,83.39371465282552,85.38402635798545,Estimación adecuada
Hatillo,2020-2024,1,78.47632497278812,78.31245991606589,77.28586130708003,79.31083501255958,Estimación adecuada
Hatillo,2020-2024,2,86.14610937096411,85.12912061764925,84.21881225921507,86.20635449973354,Estimación adecuada
Hormigueros,1980-1984,1,74.05856561737721,73.71379464488666,71.94163081935699,74.94966204929938,Estimación adecuada
Hormigueros,1980-1984,2,79.84974137268954,80.04657744534288,78.0486648215163,82.09237507898604,Estimación adecuada
Hormigueros,1985-1989,1,73.08737524946572,72.9068163038175,71.478881955691,74.65331765793204,Estimación adecuada
Hormigueros,1985-1989,2,77.720059693455,79.12270724842277,77.77143016823572,80.33125840337323,> e0 observado
Hormigueros,1990-1994,1,74.61350802067456,73.34051903204701,72.23201948403027,74.55909516953281,< e0 observado
Hormigueros,1990-1994,2,81.39461486989457,80.56952010035828,79.36940982208341,82.30820348612218,Estimación adecuada
Hormigueros,1995-1999,1,74.87703445651637,73.70774824172886,72.62567010496288,74.8629393399016,< e0 observado
Hormigueros,1995-1999,2,80.45280069334801,80.35759845684984,79.07195808134927,81.72420622805983,Estimación adecuada
Hormigueros,2000-2004,1,75.50618073944777,75.290709047911335,73.8518107057104,76.7259481139647,Estimación adecuada
Hormigueros,2000-2004,2,82.3521641939344,82.03799391608976,81.01521213834555,83.67172755055265,Estimación adecuada
Hormigueros,2005-2009,1,76.10054922666298,76.10235579329922,75.17681429453803,77.25285398926053,Estimación adecuada
Hormigueros,2005-2009,2,84.62944320284578,83.69316286571437,82.1373410825924,85.30256058538035,Estimación adecuada
Hormigueros,2010-2014,1,76.11918178416535,77.0993163428913,75.7688497725261,78.32100256429547,Estimación adecuada
Hormigueros,2010-2014,2,82.71051389712174,83.38353346054058,82.2367409033843,84.74207045344431,Estimación adecuada
Hormigueros,2015-2019,1,77.91392313609006,78.42392598618346,77.50002211165585,79.66576114627111,Estimación adecuada
Hormigueros,2015-2019,2,85.81866120513573,86.08014573907917,84.6276130605269,88.0005975140966,Estimación adecuada
Hormigueros,2020-2024,1,78.36911216509105,78.9740754763198,77.6788981071569,80.33146832559335,Estimación adecuada
Hormigueros,2020-2024,2,86.17552522276296,86.14328043379982,84.78509342736106,88.05468731198758,Estimación adecuada
Humacao,1980-1984,1,70.58258576927221,70.73427104883763,70.07065728725688,71.56772618733798,Estimación adecuada
Humacao,1980-1984,2,75.89477228552336,76.21123603442233,75.23067093464817,77.0952441327182,Estimación adecuada
Humacao,1985-1989,1,70.67071512913827,70.7794830794856,69.98874230289829,71.65452583579813,Estimación adecuada
Humacao,1985-1989,2,78.26869595391119,78.08270681374296,77.00821050392936,78.98140433697807,Estimación adecuada
Humacao,1990-1994,1,69.59966588678492,69.80608848446809,69.07812735699464,70.67187475241072,Estimación adecuada
Humacao,1990-1994,2,78.98527536141168,78.67257684310601,77.62538635698851,79.70694750241216,Estimación adecuada
Humacao,1995-1999,1,71.67034271113566,71.4447139332344,70.53190130972894,72.1468669373235,Estimación adecuada
Humacao,1995-1999,2,78.50994029948488,78.44496712826641,77.71984777406638,79.5464660742436,Estimación adecuada
Humacao,2000-2004,1,73.45461991775991,73.34552831916527,72.6064844946408,74.19524106921992,Estimación adecuada
Humacao,2000-2004,2,79.72370844675466,79.92997097597036,79.22768925341327,80.75896204006571,Estimación adecuada
Humacao,2005-2009,1,73.61846549183731,74.04818644372642,73.2973383559983,74.87581494992773,Estimación adecuada
Humacao,2005-2009,2,81.80291929231979,81.47878345893659,80.75651810308014,82.29060341887389,Estimación adecuada
Humacao,2010-2014,1,75.80326051258055,75.88374357999105,75.12083402612714,76.73428824484895,Estimación adecuada
Humacao,2010-2014,2,83.58584598942798,82.96109932031658,82.12998527865058,84.02734408145315,Estimación adecuada
Humacao,2015-2019,1,76.7386829389743,77.27552813696269,76.30232743078356,77.98693776267797,Estimación adecuada
Humacao,2015-2019,2,84.86787206578826,84.45538424510076,83.64454640253916,85.44641994811182,Estimación adecuada
Humacao,2020-2024,1,76.7404128820364,77.48406473363664,76.46535798337501,78.34385810202475,Estimación adecuada
Humacao,2020-2024,2,84.233200245355,84.1502980619999,83.20374176249938,85.15740661136087,Estimación adecuada
Isabela,1980-1984,1,73.09738020117423,72.9214553525198,71.71888454110106,73.8275076485856,Estimación adecuada
Isabela,1980-1984,2,77.82732250278018,77.69395286932442,76.88490674803936,78.91161932128685,Estimación adecuada
Isabela,1985-1989,1,71.58083949829111,71.60043041905712,70.74949567944667,72.5318367354607,Estimación adecuada
Isabela,1985-1989,2,78.50099967900502,78.31002096713524,77.35870709861942,79.28305984595069,Estimación adecuada
Isabela,1990-1994,1,72.0475169163787,71.62907569061367,70.69302993844997,72.84634611125215,Estimación adecuada
Isabela,1990-1994,2,78.52411999469241,78.27464852054507,77.50971142302225,79.20534069289585,Estimación adecuada
Isabela,1995-1999,1,71.86251133480623,71.64740311439789,70.68312622804504,72.36943123435469,Estimación adecuada
Isabela,1995-1999,2,79.50480811685766,79.38291016433487,78.23223618020756,80.31866675912218,Estimación adecuada
Isabela,2000-2004,1,73.31643311223908,73.24047668208804,72.43919798475461,73.85250834449347,Estimación adecuada
Isabela,2000-2004,2,79.66880055796743,79.65941234122269,79.06856496097922,80.66916491962553,Estimación adecuada
Isabela,2005-2009,1,75.53006169201437,74.79379480982806,73.90328943858223,75.59536172867523,Estimación adecuada
Isabela,2005-2009,2,80.46868606139569,80.5732402394296,79.64758978707565,81.27972760125084,Estimación adecuada
Isabela,2010-2014,1,76.3459756319445,76.002309038709015,75.11543001239986,76.98198696073757,Estimación adecuada
Isabela,2010-2014,2,82.99199255121863,82.58536174706923,81.6757911843402,83.52019379742438,Estimación adecuada
Isabela,2015-2019,1,78.28631956544136,77.99613865052655,76.86237715547139,78.88026751258158,Estimación adecuada
Isabela,2015-2019,2,84.46499781522432,84.05119785684147,83.22368692841106,85.21215155542556,Estimación adecuada
Isabela,2020-2024,1,78.44494383134611,77.5651228772961,76.88060301019058,78.19677346296356,< e0 observado
Isabela,2020-2024,2,84.54430409037892,84.87088757861088,83.96173477881484,86.0921818768303,Estimación adecuada
Jayuya,1980-1984,1,71.54820346169252,71.67819493820248,70.80831646293132,73.03999871710084,Estimación adecuada
Jayuya,1980-1984,2,75.83217282493807,77.28407559838229,75.45546719631886,78.95086689342443,Estimación adecuada
Jayuya,1985-1989,1,71.8852739133792,71.48820873400965,70.42230212773669,72.47083229346164,Estimación adecuada
Jayuya,1985-1989,2,75.89535009908417,77.24824908532062,76.04920196221073,78.57765159788255,> e0 observado
Jayuya,1990-1994,1,71.61501384784762,71.0923619384489,70.17568751136537,71.94307889108664,Estimación adecuada
Jayuya,1990-1994,2,76.60405912768891,78.22692490090246,77.22427619789777,79.61419107455504,> e0 observado
Jayuya,1995-1999,1,72.762612067533,72.13233863680075,70.68833221155258,72.95253196836546,Estimación adecuada
Jayuya,1995-1999,2,78.02341987371616,78.71692997647256,77.37739699918413,79.79392472429566,Estimación adecuada
Jayuya,2000-2004,1,74.804694975474,73.79192881477712,72.89205754302519,75.0595434785408,Estimación adecuada
Jayuya,2000-2004,2,82.26030453801704,81.62263043705022,80.07452201777906,83.0353482440514,Estimación adecuada
Jayuya,2005-2009,1,76.29392429833622,75.59418571842744,74.27341316420544,77.32236210721086,Estimación adecuada
Jayuya,2005-2009,2,83.26574991380474,82.098259317972,80.76659426957218,83.54198858173972,Estimación adecuada
Jayuya,2010-2014,1,77.86670993006521,77.04345350799514,75.92573922197508,78.32793690271774,Estimación adecuada
Jayuya,2010-2014,2,83.01935062086235,83.35717873498355,81.604221426002,84.98267487104059,Estimación adecuada
Jayuya,2015-2019,1,79.09662441043547,78.13803761948128,76.95786199682559,79.30282132965701,Estimación adecuada
Jayuya,2015-2019,2,86.09536520292538,85.64929811979806,84.02451905877966,87.5939926634463,Estimación adecuada
Jayuya,2020-2024,1,80.33778345942194,79.38313267840604,78.00471007072264,81.1351473815543,Estimación adecuada
Jayuya,2020-2024,2,86.05790395955583,85.39761975280976,83.89146838285365,87.59351864887982,Estimación adecuada
Juana Diaz,1980-1984,1,71.10192241498234,70.9908479100484,69.9858470995068,72.20001221163386,Estimación adecuada
Juana Diaz,1980-1984,2,76.03760260059695,76.43751850422993,75.39991211590842,77.46329109832433,Estimación adecuada
Juana Diaz,1985-1989,1,70.59066146569734,70.67805659239775,69.89130448567808,71.42592708635071,Estimación adecuada
Juana Diaz,1985-1989,2,77.72376003285237,77.77976607360205,76.68474223009116,79.05092750115979,Estimación adecuada
Juana Diaz,1990-1994,1,70.59462619152536,70.61849746750772,69.60043554967007,71.67998764354596,Estimación adecuada
Juana Diaz,1990-1994,2,77.80758248720088,77.90206480894017,77.13764031359923,78.63659192348854,Estimación adecuada
Juana Diaz,1995-1999,1,70.63826210363753,70.70188857799911,69.86562198252795,71.38927274749491,Estimación adecuada
Juana Diaz,1995-1999,2,78.23721855538598,78.19011205583487,77.36060251140796,79.08213441605035,Estimación adecuada
Juana Diaz,2000-2004,1,72.42010194033637,72.63148520236956,71.79730544499174,73.54043605767552,Estimación adecuada
Juana Diaz,2000-2004,2,80.07095731748443,79.85072703535181,79.19036761904756,80.73644337736607,Estimación adecuada
Juana Diaz,2005-2009,1,74.09224072675535,74.34021640792585,73.47757040408862,75.17520750743721,Estimación adecuada
Juana Diaz,2005-2009,2,81.70478408921697,81.46937964857761,80.4133913643229,82.6595786360415,Estimación adecuada
Juana Diaz,2010-2014,1,75.9826744595313,76.04275978813538,75.2359473496432,76.75614349802183,Estimación adecuada
Juana Diaz,2010-2014,2,82.91141974537287,82.68443769150448,81.6227200524319,83.75382178190056,Estimación adecuada
Juana Diaz,2015-2019,1,77.4756453319244,77.43239068401087,76.53102334127124,78.18133870259246,Estimación adecuada
Juana Diaz,2015-2019,2,86.60689455981232,85.73205212668927,84.48897836626612,87.32194680775015,Estimación adecuada
Juana Diaz,2020-2024,1,76.12481522857756,76.67927338719971,75.6618364052188,77.62289190447393,Estimación adecuada
Juana Diaz,2020-2024,2,86.09723573194701,85.17757388946504,84.04580972268664,86.39754579331527,Estimación adecuada
Juncos,1980-1984,1,70.4832974097173,70.8495810923045,69.63500599931928,71.68072811303105,Estimación adecuada
Juncos,1980-1984,2,77.17475536145652,77.1155533210435,76.20440694016165,78.28554672274835,Estimación adecuada
Juncos,1985-1989,1,69.32349287604664,69.8626660993429,68.93980484530596,70.88310319730047,Estimación adecuada
Juncos,1985-1989,2,77.84087141019062,77.34604280488603,76.43021417422324,78.53375428450433,Estimación adecuada
Juncos,1990-1994,1,69.26314387145591,69.77284765467937,68.77575342931537,70.59702114600378,Estimación adecuada
Juncos,1990-1994,2,78.64376251745605,78.34926550160992,77.30232156855595,79.55892104738582,Estimación adecuada
Juncos,1995-1999,1,70.43259716290989,70.57974051423614,69.85967591100078,71.49201063822662,Estimación adecuada
Juncos,1995-1999,2,78.88321244236762,78.71856792979852,77.73584974316853,79.68479631077734,Estimación adecuada
Juncos,2000-2004,1,73.50676785386435,73.33909428001638,72.2595402754408,74.05187029779916,Estimación adecuada
Juncos,2000-2004,2,80.82760129992721,80.32592656531949,78.99843113210204,81.43969020128364,Estimación adecuada
Juncos,2005-2009,1,72.5823719234395,73.16763111724829,72.27102330604352,74.20897975652022,Estimación adecuada
Juncos,2005-2009,2,80.29148928265256,80.33079709832757,79.12854244917372,81.38076234250309,Estimación adecuada
Juncos,2010-2014,1,74.05814861532626,74.78485421933655,73.68011385884881,75.68718724937037,Estimación adecuada
Juncos,2010-2014,2,82.42841718245143,82.47460598028859,81.24020434580319,83.97082233640583,Estimación adecuada
Juncos,2015-2019,1,76.99651467647962,77.0783990715046,75.94736039567414,78.29010351571156,Estimación adecuada
Juncos,2015-2019,2,83.23323259682593,83.43704018709442,82.41890156378788,84.46398212521444,Estimación adecuada
Juncos,2020-2024,1,76.96779959385644,76.61625838337713,75.37655950174991,77.63714960564948,Estimación adecuada
Juncos,2020-2024,2,85.00221618874696,84.48079579296864,83.3504076611105,85.90588521972032,Estimación adecuada
Lajas,1980-1984,1,72.46316902920564,71.93617600231094,70.8953360120087,73.06387274405515,Estimación adecuada
Lajas,1980-1984,2,77.35030656462364,77.85465201048318,76.7377801897627,79.06004284372086,Estimación adecuada
Lajas,1985-1989,1,73.36206024807198,72.4526618405744,71.27540578628314,73.62990366074662,Estimación adecuada
Lajas,1985-1989,2,77.65847465397064,77.77968590302531,76.78147415046648,78.92178177893545,Estimación adecuada
Lajas,1990-1994,1,72.37357825429245,72.18145653830615,71.08587862854239,73.27062052984226,Estimación adecuada
Lajas,1990-1994,2,79.66328406009775,79.28488889444822,78.40918011664533,80.30033514937358,Estimación adecuada
Lajas,1995-1999,1,72.56496891931091,72.18797292160829,71.15351836331722,73.17656254789956,Estimación adecuada
Lajas,1995-1999,2,79.70456393493818,79.64169781269615,78.83060675076099,80.96772146452318,Estimación adecuada
Lajas,2000-2004,1,74.14208023792457,74.12803870201418,72.74203707338219,74.91898630127646,Estimación adecuada
Lajas,2000-2004,2,81.18752068509266,80.88460688278002,79.71387576575415,81.99124717651978,Estimación adecuada
Lajas,2005-2009,1,76.68683187769454,75.5713912279906,74.5601086354092,76.474925337997007,< e0 observado
Lajas,2005-2009,2,81.73140373208773,81.67781901191421,80.71966324003193,82.73428187677018,Estimación adecuada
Lajas,2010-2014,1,76.92095663234578,76.42056284661115,75.28120625804814,77.6830181824867,Estimación adecuada
Lajas,2010-2014,2,83.39940774512145,83.34574195947626,82.37414362272995,84.76986290519201,Estimación adecuada
Lajas,2015-2019,1,79.16417400599892,78.25514568226157,77.17774042938011,79.49930924448651,Estimación adecuada
Lajas,2015-2019,2,84.33383648976294,84.702072423287,83.18931680084499,86.19459081520071,Estimación adecuada
Lajas,2020-2024,1,78.13171144418278,77.65417272371394,76.39672059917697,78.58781081953249,Estimación adecuada
Lajas,2020-2024,2,85.69664696158718,85.58227938338496,84.22729166764611,87.19328253072231,Estimación adecuada
Lares,1980-1984,1,70.93967460008611,71.57001596397772,70.41523999059794,72.52312632713205,Estimación adecuada
Lares,1980-1984,2,80.07304720190547,79.66190931553452,78.37686482850206,81.02842269520883,Estimación adecuada
Lares,1985-1989,1,72.07284835603735,72.23647547538295,71.13273737224418,73.21428916398482,Estimación adecuada
Lares,1985-1989,2,80.12906339800288,79.72354237463298,78.58213455326913,80.70395145265496,Estimación adecuada
Lares,1990-1994,1,71.99408741634562,71.96222334113608,71.08386401636699,73.14124280754439,Estimación adecuada
Lares,1990-1994,2,78.72924701770712,78.66667853293983,77.55256943379212,79.56189224617961,Estimación adecuada
Lares,1995-1999,1,74.58529726703922,73.917037338832,72.8158889009577,75.24350267129032,Estimación adecuada
Lares,1995-1999,2,81.29595428708723,80.63825352586304,79.69147871257198,81.73627501961944,Estimación adecuada
Lares,2000-2004,1,75.1110712856121,74.84558489280472,73.89781538062641,75.62419186226356,Estimación adecuada
Lares,2000-2004,2,81.70641489338435,81.7844366706867,80.67265898022961,83.06157911394173,Estimación adecuada
Lares,2005-2009,1,76.5462882162104,75.772229575687,74.82436015918283,76.5324930913195,< e0 observado
Lares,2005-2009,2,82.28400989612267,82.02141921926082,81.13502911224046,83.24250127762798,Estimación adecuada
Lares,2010-2014,1,79.39080265192932,78.38225786984829,77.35851020505694,79.60166414282236,Estimación adecuada
Lares,2010-2014,2,82.72140750112155,82.37905498599002,81.24184350003122,83.54308795890347,Estimación adecuada
Lares,2015-2019,1,78.13032401868809,77.8348070478733,76.96856223710115,78.87126998095415,Estimación adecuada
Lares,2015-2019,2,84.424471152182,84.41202236252809,83.24576183475196,85.55653727668425,Estimación adecuada
Lares,2020-2024,1,77.84495769277572,78.01843009877446,77.08394808324405,79.00522751333526,Estimación adecuada
Lares,2020-2024,2,84.10188803972103,84.60873484027621,83.70600586428293,85.51323924442454,Estimación adecuada
Las Marias,1980-1984,1,73.81563474744125,73.57110506128359,72.03569255939159,74.7855540052069,Estimación adecuada
Las Marias,1980-1984,2,83.88520673112671,81.06758156246735,79.1419546820648,84.12092735147698,Estimación adecuada
Las Marias,1985-1989,1,73.62469730038673,73.27628429054977,71.64267182165997,74.54876348667526,Estimación adecuada
Las Marias,1985-1989,2,78.14820547870697,79.70833243493217,78.42327209143659,81.36126614458095,> e0 observado
Las Marias,1990-1994,1,74.00881730690156,73.44936687762575,72.1584842837249,74.71278120854188,Estimación adecuada
Las Marias,1990-1994,2,80.22328205184606,80.53721326429208,79.1158120069826,82.60312070661314,Estimación adecuada
Las Marias,1995-1999,1,75.13206537448636,73.63571490491424,72.46374688239649,74.89232045559376,< e0 observado
Las Marias,1995-1999,2,81.22000339132549,81.00443622539078,79.24456905308844,82.69118599986169,Estimación adecuada
Las Marias,2000-2004,1,77.0746887546824,75.7184014701607,74.32376668606238,77.20650332478893,Estimación adecuada
Las Marias,2000-2004,2,81.22993587246654,82.47153250798056,80.5234661939221,84.4921663526788,Estimación adecuada
Las Marias,2005-2009,1,78.94241289794024,76.93131183841403,75.41278254399977,78.93158403849209,< e0 observado
Las Marias,2005-2009,2,82.45741722564794,83.57194716694056,81.66322253114858,85.65075179804396,Estimación adecuada
Las Marias,2010-2014,1,78.9874533300309,77.45062012241958,76.21107391956002,78.73734709562811,< e0 observado
Las Marias,2010-2014,2,85.68826589307866,84.9192453966643,83.25228236170126,86.87753491563822,Estimación adecuada
Las Marias,2015-2019,1,78.44180353450636,79.2963027311431,77.86102697722747,81.11874145852468,Estimación adecuada
Las Marias,2015-2019,2,86.2119644760504,86.29549216304261,84.2463785504734,88.49915182389557,Estimación adecuada
Las Marias,2020-2024,1,78.65869602395698,78.84459491932178,77.28685570703217,80.41285945295097,Estimación adecuada
Las Marias,2020-2024,2,88.4892406052294,87.53528184193499,85.4439152295293,89.70903961223954,Estimación adecuada
Las Piedras,1980-1984,1,72.4628953772312,72.75177293682304,71.59647393407272,74.03777130624174,Estimación adecuada
Las Piedras,1980-1984,2,77.65886672068534,78.21922130238707,77.11642623855161,79.79658509219814,Estimación adecuada
Las Piedras,1985-1989,1,72.6175420547073,72.37529103001839,71.21163418244947,73.44909221522849,Estimación adecuada
Las Piedras,1985-1989,2,79.00116087428613,79.0507714455297,77.88070244374356,80.61732167060225,Estimación adecuada
Las Piedras,1990-1994,1,71.55978947014577,71.8977417867862,70.81464431183272,72.84213575788641,Estimación adecuada
Las Piedras,1990-1994,2,78.8936505301308,78.78926023876954,77.82949222220951,80.02825233257921,Estimación adecuada
Las Piedras,1995-1999,1,73.7555375015721,73.03902116233097,71.99284659146234,74.17430078217322,Estimación adecuada
Las Piedras,1995-1999,2,79.79933667371475,79.68065068160337,78.76650960582975,80.95217956395419,Estimación adecuada
Las Piedras,2000-2004,1,74.83778165388009,74.58963943930078,73.42207459180906,75.8948716855933,Estimación adecuada
Las Piedras,2000-2004,2,80.54014043533199,80.39689190802423,79.62211162700547,81.2611768819694,Estimación adecuada
Las Piedras,2005-2009,1,76.55584156350447,75.88591646005518,74.64770671700934,76.73569747536806,Estimación adecuada
Las Piedras,2005-2009,2,82.30870059101942,82.37613214355378,81.13055326522635,83.5895119310214,Estimación adecuada
Las Piedras,2010-2014,1,75.93351372986655,76.44965676936513,75.41036090415024,77.40508685746646,Estimación adecuada
Las Piedras,2010-2014,2,82.5650052808105,82.57630491117216,81.66394503584073,83.9891975803736,Estimación adecuada
Las Piedras,2015-2019,1,78.58935894309695,78.38408008351817,77.16267317954012,79.63754982916322,Estimación adecuada
Las Piedras,2015-2019,2,85.3607640329745,85.03925720650565,83.96274804803312,86.57105556624406,Estimación adecuada
Las Piedras,2020-2024,1,77.65607135099413,77.7887584968013,76.69089406299773,78.97617426204853,Estimación adecuada
Las Piedras,2020-2024,2,85.02534012586074,84.71328822152634,83.86961706046387,85.94570877612932,Estimación adecuada
Loiza,1980-1984,1,71.29708119790713,70.77408264156658,69.54734153160602,72.23586013393339,Estimación adecuada
Loiza,1980-1984,2,77.96280313581073,77.57952356896479,76.19990654856235,79.32185840549366,Estimación adecuada
Loiza,1985-1989,1,71.11235934077855,70.80812420314544,69.5298212934212,72.04702600638466,Estimación adecuada
Loiza,1985-1989,2,79.76441464134875,78.84458690421081,77.43177841158968,80.35078954562553,Estimación adecuada
Loiza,1990-1994,1,68.65505357436209,69.31357151745166,68.0813388602835,70.3747026497943,Estimación adecuada
Loiza,1990-1994,2,77.83527198679872,77.83866211117984,76.71528380181218,79.0114973564516,Estimación adecuada
Loiza,1995-1999,1,67.54575668322258,68.94306661558956,68.02542976787568,70.13783927520015,> e0 observado
Loiza,1995-1999,2,80.44991909621369,79.51100001188911,78.2773728862669,81.06226609931886,Estimación adecuada
Loiza,2000-2004,1,69.21795433977262,71.22455010176263,69.90771480644169,72.07879130090258,> e0 observado
Loiza,2000-2004,2,83.71722475677984,82.07338614625647,80.5824119234936,83.70378957543143,< e0 observado
Loiza,2005-2009,1,69.49244819404063,71.82558371911439,70.5049380370413,73.02941215931574,> e0 observado
Loiza,2005-2009,2,81.62588342717608,81.29020308842637,80.12490059755754,82.67842363969541,Estimación adecuada
Loiza,2010-2014,1,72.71620374599513,74.54552951342095,73.03670684828329,75.81653258926627,> e0 observado
Loiza,2010-2014,2,83.22740715687155,82.75762677825887,81.39725517833085,84.03009147705443,Estimación adecuada
Loiza,2015-2019,1,76.42256809809959,76.83468598288984,75.49193717511697,77.8442341165688,Estimación adecuada
Loiza,2015-2019,2,84.58243093379357,84.45807642667519,82.86055495955105,85.80481980261804,Estimación adecuada
Loiza,2020-2024,1,74.30071613355503,75.60190684088445,74.62873481563292,76.8760210768084,> e0 observado
Loiza,2020-2024,2,85.89228425330265,85.0797354603665,83.61895255110295,87.09290992126691,Estimación adecuada
Luquillo,1980-1984,1,71.32237106066451,70.8999834405679,69.8005419275169,72.08018156897066,Estimación adecuada
Luquillo,1980-1984,2,96.21054523115929,80.16692393090673,77.96798042244447,83.741831762204,< e0 observado
Luquillo,1985-1989,1,70.58391307233262,70.67629876603537,69.68408096912333,71.5656702836508,Estimación adecuada
Luquillo,1985-1989,2,75.85277823303889,76.707861590515,75.53382805263624,77.89331315824347,Estimación adecuada
Luquillo,1990-1994,1,69.78687362564872,69.96955294683669,68.77928316592298,71.27308785737665,Estimación adecuada
Luquillo,1990-1994,2,78.65540822491414,78.35493306087982,77.0109695019345,79.78220645446146,Estimación adecuada
Luquillo,1995-1999,1,68.84529148191722,69.47662281647325,68.45668848438305,70.59070325444607,Estimación adecuada
Luquillo,1995-1999,2,77.57073371934368,77.86633886263152,76.61705076457233,79.36057944197546,Estimación adecuada
Luquillo,2000-2004,1,71.56692809461028,72.12027632223317,71.01442472171559,73.09932335761914,Estimación adecuada
Luquillo,2000-2004,2,80.93857359304148,80.52763924826428,79.31834346485192,81.77345807182743,Estimación adecuada
Luquillo,2005-2009,1,73.66197666420697,73.82674085122258,72.76197237883781,75.00231800269268,Estimación adecuada
Luquillo,2005-2009,2,80.16453384109049,80.41019798173289,79.08938649272848,81.7454999797548,Estimación adecuada
Luquillo,2010-2014,1,74.125398030716255,75.07062305267519,73.7750073269928,76.67053409720316,Estimación adecuada
Luquillo,2010-2014,2,83.56937802942338,82.88013748001862,81.5216320706744,84.35314133607751,Estimación adecuada
Luquillo,2015-2019,1,78.24158315716944,77.21525951683668,76.18346924318688,78.25383482653689,Estimación adecuada
Luquillo,2015-2019,2,86.16375324393145,85.17213035736,83.69170633499414,87.2259796330072,Estimación adecuada
Luquillo,2020-2024,1,76.82778593702754,76.793144163397,75.5425311135636,78.07340169000591,Estimación adecuada
Luquillo,2020-2024,2,84.96686508096819,84.51253794693308,83.19546987283333,86.16968655824867,Estimación adecuada
Manati,1980-1984,1,69.99769254598455,70.25705396493112,69.33215225714493,71.23645929523568,Estimación adecuada
Manati,1980-1984,2,76.91897319341015,76.97278383876727,75.8769972621414,77.92862194079017,Estimación adecuada
Manati,1985-1989,1,69.40848405753856,69.89553794126144,68.91545130641308,70.82816188016457,Estimación adecuada
Manati,1985-1989,2,78.1365208528677,77.94137311492429,76.5528259352541,79.09801457797417,Estimación adecuada
Manati,1990-1994,1,69.23507276864738,69.79239122453532,68.75224455823559,70.90704838080882,Estimación adecuada
Manati,1990-1994,2,78.13694859634435,78.03599611588567,77.0794694068318,79.10640813662103,Estimación adecuada
Manati,1995-1999,1,70.56621278613628,70.823539757117,69.86057273229123,71.89419834121092,Estimación adecuada
Manati,1995-1999,2,78.18010801536123,78.25354356654184,77.56978837681106,79.24344411722743,Estimación adecuada
Manati,2000-2004,1,73.5059956746808,73.27221262353157,72.53055292558895,74.2237410820434,Estimación adecuada
Manati,2000-2004,2,79.921946292628,79.81088362090324,78.91481382398777,80.62579299695508,Estimación adecuada
Manati,2005-2009,1,74.42317304268016,74.55709687759975,73.62977632459982,75.32920270091766,Estimación adecuada
Manati,2005-2009,2,81.69558612867581,81.22986083218194,80.39904934000887,82.3622966906646,Estimación adecuada
Manati,2010-2014,1,75.79949582054559,75.80995857099714,75.04219080053926,76.49033593828685,Estimación adecuada
Manati,2010-2014,2,82.46392723255103,82.10709181115035,81.24244739761055,83.07172096746768,Estimación adecuada
Manati,2015-2019,1,76.50082129222024,76.80357410246893,75.9439676654697,77.66997566718626,Estimación adecuada
Manati,2015-2019,2,84.47543845885097,84.16301540467938,83.3039244637306,85.01097579520737,Estimación adecuada
Manati,2020-2024,1,76.6410779362147,76.55824319064112,75.78217086608696,77.35020704918401,Estimación adecuada
Manati,2020-2024,2,84.79279277649533,84.55095023399053,83.64179080289924,85.56658826462562,Estimación adecuada
Maricao,1980-1984,1,68.60202825310121,71.66270689920083,70.35091379955436,73.01559247123872,> e0 observado
Maricao,1980-1984,2,78.09479107390814,78.91662406669738,77.33265972127529,81.08292348954005,Estimación adecuada
Maricao,1985-1989,1,74.96773339223955,72.85554347486456,71.37199442654898,74.35373058014443,< e0 observado
Maricao,1985-1989,2,78.61629942834107,79.58877932724437,77.63133587039334,81.70434515505,Estimación adecuada
Maricao,1990-1994,1,71.6682444194189,71.84080111089662,70.0580270369775,73.29928091092304,Estimación adecuada
Maricao,1990-1994,2,78.7855059436943,79.77246012025711,78.2396896829011,81.45158406356401,Estimación adecuada
Maricao,1995-1999,1,71.33878340346546,71.88068452755599,70.7739654234384,73.16628439273418,Estimación adecuada
Maricao,1995-1999,2,78.99834861586001,80.32172915187317,78.21721494082064,81.86107405067006,Estimación adecuada
Maricao,2000-2004,1,77.71513177879464,75.40815549814269,74.0029978875201,77.20311385298736,< e0 observado
Maricao,2000-2004,2,80.22542908124815,81.3784655901996,79.84188446806058,83.75706883807885,Estimación adecuada
Maricao,2005-2009,1,77.40367339569201,75.90197248630662,74.11849320676669,77.16893655198159,< e0 observado
Maricao,2005-2009,2,82.65920888615886,82.92292038477376,81.19571211826582,85.0577967472489,Estimación adecuada
Maricao,2010-2014,1,78.78632855189304,77.17585393376545,75.57942177663956,78.88907455297435,Estimación adecuada
Maricao,2010-2014,2,86.34203171038145,85.48320333090948,83.30749488369699,87.90793935025579,Estimación adecuada
Maricao,2015-2019,1,75.94252949549474,77.99362036287042,76.31084856756615,79.84916695523304,> e0 observado
Maricao,2015-2019,2,88.98166952275554,86.72593257563231,84.43097505333654,89.40528495987797,Estimación adecuada
Maricao,2020-2024,1,78.97029384636113,78.26796463786307,76.61503789646889,80.33893503772065,Estimación adecuada
Maricao,2020-2024,2,84.52027651105944,84.23829229484295,82.59335719197436,86.57645176755796,Estimación adecuada
Maunabo,1980-1984,1,71.14680086853208,71.73516340541323,70.0164802702063,73.26340138812435,Estimación adecuada
Maunabo,1980-1984,2,78.1067644645637,78.30315816017287,76.6960304437022,79.84615852809921,Estimación adecuada
Maunabo,1985-1989,1,73.14754634531097,72.35846333182238,71.09460285847666,73.51857013279593,Estimación adecuada
Maunabo,1985-1989,2,80.26716511735238,79.39299972952261,77.72376473317127,81.19344883409025,Estimación adecuada
Maunabo,1990-1994,1,72.41659695481869,72.09140723282748,70.81030324515217,73.51779405792229,Estimación adecuada
Maunabo,1990-1994,2,80.63599878230829,80.0198259509982,78.61780395539873,81.58028101821782,Estimación adecuada
Maunabo,1995-1999,1,71.29560582062038,71.5186337219196,69.94388169901723,72.7187958934798,Estimación adecuada
Maunabo,1995-1999,2,79.21035551708708,79.67480040379297,78.05063427979343,81.09660383707035,Estimación adecuada
Maunabo,2000-2004,1,73.80432839475543,73.84029732920627,72.41788967378747,75.15355124767291,Estimación adecuada
Maunabo,2000-2004,2,81.50289326156216,81.08861375503548,79.54630751568757,82.78278605157209,Estimación adecuada
Maunabo,2005-2009,1,74.64232752557565,74.23053548896304,73.07123700326392,75.27476354317002,Estimación adecuada
Maunabo,2005-2009,2,82.94220641756984,82.98604736903036,81.22766155335633,84.9371472381344,Estimación adecuada
Maunabo,2010-2014,1,74.8339607817344,75.6351660675327,74.26401667713083,76.90832904796474,Estimación adecuada
Maunabo,2010-2014,2,84.96652627183896,84.74985311435393,82.83536261148598,87.71103707694323,Estimación adecuada
Maunabo,2015-2019,1,78.86941488241771,77.6417583139062,76.55496950085424,79.14788460881464,Estimación adecuada
Maunabo,2015-2019,2,85.85027789954904,85.46600097469579,83.60613428474055,87.42593534196908,Estimación adecuada
Maunabo,2020-2024,1,73.9175174535675,76.05583074727784,74.92642912695385,77.3243925896533,> e0 observado
Maunabo,2020-2024,2,82.49945155414667,83.00466228736569,81.73893764074458,84.41287507241046,Estimación adecuada
Mayaguez,1980-1984,1,70.16347210674796,70.36558805873943,69.53901203862759,70.89445741416654,Estimación adecuada
Mayaguez,1980-1984,2,77.60512196844877,77.24380539875101,76.69570176428411,77.87258826717745,Estimación adecuada
Mayaguez,1985-1989,1,70.43422694514761,70.5155921090048,69.86457055033716,71.03380538408655,Estimación adecuada
Mayaguez,1985-1989,2,77.94340408933364,77.80592024255617,77.11263985567953,78.43667976080673,Estimación adecuada
Mayaguez,1990-1994,1,70.24642591292358,70.30155758788855,69.52954866637492,70.83627950379916,Estimación adecuada
Mayaguez,1990-1994,2,78.67215935241931,78.44443194649759,77.86276190390319,78.90413047850711,Estimación adecuada
Mayaguez,1995-1999,1,70.79228679899191,70.93065566383862,70.32963716715808,71.64503913836569,Estimación adecuada
Mayaguez,1995-1999,2,79.57023177554109,79.45985857858838,78.91855379059811,79.95571554963804,Estimación adecuada
Mayaguez,2000-2004,1,73.63502357565517,73.53092593132702,72.83420882198729,74.1970603716174,Estimación adecuada
Mayaguez,2000-2004,2,81.32752458798765,81.05288013019981,80.37918688661253,81.79753939730963,Estimación adecuada
Mayaguez,2005-2009,1,73.96494214443702,74.05404243056753,73.48060203708611,74.68222171462773,Estimación adecuada
Mayaguez,2005-2009,2,81.49974889865346,81.40993041027696,80.78977983036413,81.98706488773315,Estimación adecuada
Mayaguez,2010-2014,1,74.96249416874119,74.90522585916221,74.26174185408433,75.615812031485,Estimación adecuada
Mayaguez,2010-2014,2,82.81805760395481,82.77098452463815,82.18991158738224,83.60888882128569,Estimación adecuada
Mayaguez,2015-2019,1,77.18178911462695,77.2847944662906,76.51288685812762,78.00688917008918,Estimación adecuada
Mayaguez,2015-2019,2,85.03789447163464,84.95730912880691,84.10539465470404,85.7008015139092,Estimación adecuada
Mayaguez,2020-2024,1,76.09571809909919,76.54270946561073,75.81955644701804,77.23521568958022,Estimación adecuada
Mayaguez,2020-2024,2,84.85251261520094,84.84954883449916,83.87341222821371,85.86657401115963,Estimación adecuada
Moca,1980-1984,1,71.47861356859958,72.15932024745041,71.21486879245334,73.32748100021536,Estimación adecuada
Moca,1980-1984,2,77.57729967024724,78.16980872784126,76.99575367475109,79.28614495554119,Estimación adecuada
Moca,1985-1989,1,74.13223338906987,73.46116915708718,72.63072970507801,74.41222191360299,Estimación adecuada
Moca,1985-1989,2,78.76717836323876,78.80224668466778,77.90932771403475,80.12255448302346,Estimación adecuada
Moca,1990-1994,1,74.38613122856178,73.5804798764016,72.53433924103297,74.64873646562633,Estimación adecuada
Moca,1990-1994,2,79.33086248782432,79.2819768631073,78.15447871374215,80.49945815715863,Estimación adecuada
Moca,1995-1999,1,73.93016893221346,73.34501684389124,72.43854637326766,74.18156836694443,Estimación adecuada
Moca,1995-1999,2,79.92298518560595,79.61170260753178,78.6717193113261,80.42091521281428,Estimación adecuada
Moca,2000-2004,1,76.88913106198095,75.93913106499585,75.01979398483317,76.95823084161846,Estimación adecuada
Moca,2000-2004,2,81.20152141336699,81.37535650499191,80.38384464250652,82.49516732893609,Estimación adecuada
Moca,2005-2009,1,78.23027972920578,77.28993253519258,76.03007515931691,78.17707280534347,< e0 observado
Moca,2005-2009,2,81.64729368972594,81.84752707410125,80.87862486261973,82.93531975905996,Estimación adecuada
Moca,2010-2014,1,78.39894219071823,77.87393433858347,76.91183061109905,79.02691574369928,Estimación adecuada
Moca,2010-2014,2,82.3431083414248,82.49081657070144,81.41126064488735,83.67294744537222,Estimación adecuada
Moca,2015-2019,1,78.86942315370179,78.60734422708389,77.63557224927746,79.42445632363402,Estimación adecuada
Moca,2015-2019,2,85.12050775808935,85.10379629824047,84.17167536535516,86.19808503412193,Estimación adecuada
Moca,2020-2024,1,79.5196148813842,79.09116963084648,78.15200040895729,80.10486128997546,Estimación adecuada
Moca,2020-2024,2,84.83463123511952,85.12050480054776,84.16131038052791,85.95317074382542,Estimación adecuada
Morovis,1980-1984,1,72.75449760171898,72.69157609867167,71.42334002413362,73.91693412099679,Estimación adecuada
Morovis,1980-1984,2,79.58978615306602,79.56585793625658,78.12967995897,81.38513427775564,Estimación adecuada
Morovis,1985-1989,1,73.00155031190296,72.75663711770918,71.54610192315225,74.03605477033747,Estimación adecuada
Morovis,1985-1989,2,79.18909920848033,79.26018800114201,77.74740818475757,80.33897640485085,Estimación adecuada
Morovis,1990-1994,1,74.7129408866261,73.48158310860777,72.60883413948193,74.93159443125023,Estimación adecuada
Morovis,1990-1994,2,79.13950712220092,79.28461224429896,77.72155838354354,80.80085444355078,Estimación adecuada
Morovis,1995-1999,1,72.82153464768288,72.67224673091535,71.60851885140318,73.86607140030958,Estimación adecuada
Morovis,1995-1999,2,80.70735984476201,80.70393188468638,79.3658263893661,82.1139288088967,Estimación adecuada
Morovis,2000-2004,1,74.10293235770516,74.52601269549511,73.54332646613705,75.61645764838197,Estimación adecuada
Morovis,2000-2004,2,82.09073872809745,82.07733700071998,80.56147012928338,83.65867139209885,Estimación adecuada
Morovis,2005-2009,1,76.91529332323657,76.16029604628038,75.17105204883981,77.25679049562316,Estimación adecuada
Morovis,2005-2009,2,83.05104709140619,82.6628352862624,81.33015849906823,83.98593949543941,Estimación adecuada
Morovis,2010-2014,1,77.08123150152963,77.37710717260651,76.33691484477045,78.44713542807258,Estimación adecuada
Morovis,2010-2014,2,83.34182688922566,83.27630973384237,81.91909213415502,84.6930131865608,Estimación adecuada
Morovis,2015-2019,1,78.96515859481998,78.37110706873456,77.505482325201,79.24893984504685,Estimación adecuada
Morovis,2015-2019,2,87.15880943526801,86.391742024339635,84.75793055910472,87.5955713616205,Estimación adecuada
Morovis,2020-2024,1,78.2458123408178,78.58065770238142,77.24526619216955,79.68130585645238,Estimación adecuada
Morovis,2020-2024,2,84.91369846953171,85.51766433748753,84.18274902874674,86.75077612249687,Estimación adecuada
Naguabo,1980-1984,1,71.84412346105836,71.71162052222857,70.56771003076999,72.68523790553466,Estimación adecuada
Naguabo,1980-1984,2,76.70981740677908,76.76462829220253,75.68054677036776,78.23756272625585,Estimación adecuada
Naguabo,1985-1989,1,70.3877807756849,70.62711638427027,69.1894999930515,71.59417116556318,Estimación adecuada
Naguabo,1985-1989,2,77.29975247108982,77.15129099297593,75.81336200876146,78.35315655377227,Estimación adecuada
Naguabo,1990-1994,1,69.935755323165,70.10464269189052,69.01530122031525,70.95245696742481,Estimación adecuada
Naguabo,1990-1994,2,77.27690861530172,77.73773925541003,76.51136128648793,78.87357830626,Estimación adecuada
Naguabo,1995-1999,1,69.72322516574484,70.30729345200946,69.22736938090492,71.23290560659694,Estimación adecuada
Naguabo,1995-1999,2,76.82881627212045,77.24224846828659,76.21475720548612,78.38096455149761,Estimación adecuada
Naguabo,2000-2004,1,72.06654411146116,72.20949318695202,71.07885232706525,73.16268428029791,Estimación adecuada
Naguabo,2000-2004,2,79.7628328934226,80.00371318802635,78.93321920715019,81.25763705154185,Estimación adecuada
Naguabo,2005-2009,1,73.77862572143668,73.86993993958876,72.95285094933283,74.91986722941607,Estimación adecuada
Naguabo,2005-2009,2,80.62404690696854,80.90865470788304,79.7981312705068,82.45662376746222,Estimación adecuada
Naguabo,2010-2014,1,75.11164062971052,74.96724718601111,73.9216111515916,76.24140266059635,Estimación adecuada
Naguabo,2010-2014,2,82.93958682980916,82.50415611184172,81.24275953444904,84.19550717044875,Estimación adecuada
Naguabo,2015-2019,1,76.26882750450046,76.1896450128518,75.1144959267858,77.37544287231694,Estimación adecuada
Naguabo,2015-2019,2,84.83022686610576,84.26990380586389,83.08611753449509,86.07114240931864,Estimación adecuada
Naguabo,2020-2024,1,77.23171232523964,76.7292761187527,75.8786116231932,77.95017076520008,Estimación adecuada
Naguabo,2020-2024,2,83.84568426869097,83.67142795668265,82.08990433663959,84.81157828806087,Estimación adecuada
Naranjito,1980-1984,1,74.98820136337291,74.0983230477967,72.90821197310436,75.52534539032098,Estimación adecuada
Naranjito,1980-1984,2,82.09597951709326,80.55823635660255,79.07741230711154,81.97065648973525,< e0 observado
Naranjito,1985-1989,1,74.14321504502335,73.348025139416393,72.47681614000388,74.31453472777005,Estimación adecuada
Naranjito,1985-1989,2,81.17666750110004,80.67096084815519,79.23037030875378,82.18924426019137,Estimación adecuada
Naranjito,1990-1994,1,72.65469281143538,72.57800902739295,71.65434428543173,74.00132556063063,Estimación adecuada
Naranjito,1990-1994,2,80.53672985190586,80.6813287554049,79.38428130369672,82.12332775232649,Estimación adecuada
Naranjito,1995-1999,1,71.78384170584214,72.20113950198152,71.19498785418719,73.14764892323268,Estimación adecuada
Naranjito,1995-1999,2,81.60503745588989,81.15687175529027,79.7177451833557,82.5934484542191,Estimación adecuada
Naranjito,2000-2004,1,75.02066724722975,74.8433802378626,73.78318309073533,75.90160742036183,Estimación adecuada
Naranjito,2000-2004,2,82.02786957174214,82.06707505819719,81.0576355204717,83.31297511852777,Estimación adecuada
Naranjito,2005-2009,1,75.97305227428454,76.20461290917564,74.97167617531977,77.27239365501438,Estimación adecuada
Naranjito,2005-2009,2,81.50399850212823,81.99668709081035,80.6345502033549,82.99873802691299,Estimación adecuada
Naranjito,2010-2014,1,78.20596950921357,77.49356211379742,76.55221033883342,78.626030325194,Estimación adecuada
Naranjito,2010-2014,2,82.65441935713193,83.51176695885289,82.18903670617843,84.73312729759147,Estimación adecuada
Naranjito,2015-2019,1,79.79942567224485,79.65377269208847,78.36520241843584,80.97972863282976,Estimación adecuada
Naranjito,2015-2019,2,86.72388771081324,86.63530977377764,85.17056799681558,88.38888226465036,Estimación adecuada
Naranjito,2020-2024,1,76.58250173203984,77.44176299759567,76.40123702857917,78.62446133729162,Estimación adecuada
Naranjito,2020-2024,2,85.5864530860636,85.06611968710584,84.12333363295883,86.4946645933347,Estimación adecuada
Orocovis,1980-1984,1,73.68697408485414,73.42426089055049,71.8085920367141,74.7191756941333,Estimación adecuada
Orocovis,1980-1984,2,79.52890987399995,79.41440431671188,78.01766195542034,80.71481917765887,Estimación adecuada
Orocovis,1985-1989,1,72.86313442913975,72.55768173668868,71.5745429615076,73.8063525409747,Estimación adecuada
Orocovis,1985-1989,2,83.00284611084997,81.13890010885132,79.84542806949221,82.90052389672188,< e0 observado
Orocovis,1990-1994,1,70.6546043654978,71.4251360634006,70.54394109909737,72.59661603183294,Estimación adecuada
Orocovis,1990-1994,2,80.6362204849656,80.19645286732484,78.77903685462884,81.97630939859633,Estimación adecuada
Orocovis,1995-1999,1,73.67698769121861,73.28148652698182,72.30941358012302,74.68224820936615,Estimación adecuada
Orocovis,1995-1999,2,79.89715435282756,79.93311741779661,78.86007875780578,81.48557066767353,Estimación adecuada
Orocovis,2000-2004,1,74.30531059061678,74.42464092249448,73.38964958433277,75.52123066348899,Estimación adecuada
Orocovis,2000-2004,2,82.7682053865501,82.39331394880594,80.83148634045605,84.20230489771524,Estimación adecuada
Orocovis,2005-2009,1,75.65599075985115,75.70505426621361,74.7659468956185,76.68007654429519,Estimación adecuada
Orocovis,2005-2009,2,81.23465089468093,81.62647036942133,80.35159399617541,83.19812520294224,Estimación adecuada
Orocovis,2010-2014,1,78.72609688729915,77.56811577884822,76.28387067073861,78.87192449227791,Estimación adecuada
Orocovis,2010-2014,2,83.46032948812693,83.28863032049063,81.95328158374706,84.64578282742107,Estimación adecuada
Orocovis,2015-2019,1,78.31348130255999,78.19432929403519,77.02120851684475,79.1378550438733,Estimación adecuada
Orocovis,2015-2019,2,84.96910673692187,85.12842427119938,83.80929989614538,86.94649342755923,Estimación adecuada
Orocovis,2020-2024,1,77.80883766643083,78.51194150004636,77.57054376777795,80.18072834361102,Estimación adecuada
Orocovis,2020-2024,2,84.81893104480201,84.80598839676512,83.70441829239988,86.44687927890776,Estimación adecuada
Patillas,1980-1984,1,71.2919207839744,71.77755633209583,70.50820702264244,72.88119322851719,Estimación adecuada
Patillas,1980-1984,2,77.55331848134108,77.66571583270436,76.34780718635666,79.25791981227266,Estimación adecuada
Patillas,1985-1989,1,71.37552114824256,71.02447903038049,69.54127185402794,72.02203053810433,Estimación adecuada
Patillas,1985-1989,2,79.24042850774778,78.58617283304275,77.24459244784248,79.76472155964979,Estimación adecuada
Patillas,1990-1994,1,72.50760666915836,71.56683887902369,70.22627322250293,72.74368644942788,Estimación adecuada
Patillas,1990-1994,2,78.396020908419,78.44384377126048,77.130459976913,79.68511959083142,Estimación adecuada
Patillas,1995-1999,1,71.16809015939647,71.27455058164092,70.19966942165256,72.56042720367225,Estimación adecuada
Patillas,1995-1999,2,78.52476688729733,78.28213011470523,76.9191948536526,79.70862802591225,Estimación adecuada
Patillas,2000-2004,1,73.84030571885792,73.68206514155574,72.50591963949446,74.91203944828342,Estimación adecuada
Patillas,2000-2004,2,80.28524555250978,80.66396418079071,79.5532195834729,82.19708013368476,Estimación adecuada
Patillas,2005-2009,1,74.71797456893655,74.39034729340781,73.30473682950642,75.43369446810999,Estimación adecuada
Patillas,2005-2009,2,82.37229150118687,81.53236436961733,80.37509385317364,83.00879718485447,Estimación adecuada
Patillas,2010-2014,1,75.64302541877272,76.04485272252765,75.11541126858951,77.26624203593559,Estimación adecuada
Patillas,2010-2014,2,82.97344642216791,83.15711889213125,81.85269117914477,84.81210218670117,Estimación adecuada
Patillas,2015-2019,1,77.44243369136635,77.36014232542558,75.94681178434718,78.76436966861559,Estimación adecuada
Patillas,2015-2019,2,85.62464985032581,85.57956323313674,83.7567722548865,87.71494798782656,Estimación adecuada
Patillas,2020-2024,1,75.4428131511174,76.4629749440295,75.24412376176124,77.53062953874816,Estimación adecuada
Patillas,2020-2024,2,83.73266646624228,85.3830360063862,83.89771736079211,86.67715845720643,> e0 observado
Penuelas,1980-1984,1,72.35786944424055,71.52604990998094,70.07558693658578,72.74199950506292,Estimación adecuada
Penuelas,1980-1984,2,77.42169553222374,77.64282216897638,76.44672732282356,79.36608541859073,Estimación adecuada
Penuelas,1985-1989,1,72.76539154925341,71.88287254923779,70.71707418662982,73.14617207748819,Estimación adecuada
Penuelas,1985-1989,2,78.26925344407194,77.93798023718469,76.769055192862,79.44986837538013,Estimación adecuada
Penuelas,1990-1994,1,71.6518283419231,71.10112986453856,70.1597686975816,72.12207625793205,Estimación adecuada
Penuelas,1990-1994,2,78.09730287289996,78.0243247517275,76.71271313443825,79.3091324327115,Estimación adecuada
Penuelas,1995-1999,1,72.51086800891099,72.0255212718001,70.96216691919287,72.7696038622681,Estimación adecuada
Penuelas,1995-1999,2,77.85186468595465,78.49035434612682,77.21554710135844,80.25628928147356,Estimación adecuada
Penuelas,2000-2004,1,73.06979986248778,72.9865997915293,71.81654667565712,73.72700290854621,Estimación adecuada
Penuelas,2000-2004,2,80.74681115313095,80.81311121205883,79.52416578349997,82.6599857506842,Estimación adecuada
Penuelas,2005-2009,1,74.32588415517951,74.22810865789027,73.11555048070989,75.37248513334933,Estimación adecuada
Penuelas,2005-2009,2,83.85447484865448,82.89120549948524,81.08351589325758,85.23642328509587,Estimación adecuada
Penuelas,2010-2014,1,77.2161868060379,76.81882652722314,75.35535769719843,78.26016327340474,Estimación adecuada
Penuelas,2010-2014,2,82.37054992803498,82.3935766915479,80.9126540518935,83.88690542433802,Estimación adecuada
Penuelas,2015-2019,1,76.94988280019332,76.81195780544593,75.65708533704415,78.33901478461888,Estimación adecuada
Penuelas,2015-2019,2,83.52991574696982,83.82216541970948,82.38300351052452,85.36052483325388,Estimación adecuada
Penuelas,2020-2024,1,78.19759662594926,77.48483780375767,76.21439468975717,78.86101445938,Estimación adecuada
Penuelas,2020-2024,2,83.13779961346445,83.3896294362722,82.09104803611876,84.68518693053682,Estimación adecuada
Ponce,1980-1984,1,70.95163851465587,70.80519391835703,70.28478314865575,71.32461986229225,Estimación adecuada
Ponce,1980-1984,2,77.90393491985162,77.56400646538765,77.07470731856662,78.0658583128215,Estimación adecuada
Ponce,1985-1989,1,68.92037207804252,69.13535213676678,68.61971151785106,69.59957583000202,Estimación adecuada
Ponce,1985-1989,2,77.3120135977883,77.31010583900155,76.75085098887998,77.81366273377108,Estimación adecuada
Ponce,1990-1994,1,68.07009878068561,68.36053288538287,67.96922066728621,68.76108420365571,Estimación adecuada
Ponce,1990-1994,2,77.70322992022791,77.75334580515435,77.23947165353404,78.34240810625207,Estimación adecuada
Ponce,1995-1999,1,68.8945019576824,69.08160476579877,68.65989300934524,69.50708869190726,Estimación adecuada
Ponce,1995-1999,2,78.64616620265484,78.53524980815799,78.08111841459566,79.02605610496944,Estimación adecuada
Ponce,2000-2004,1,71.88287158339286,72.02310828985085,71.35384311315839,72.37344592897244,Estimación adecuada
Ponce,2000-2004,2,80.17053819569585,79.96360465545156,79.461647681154,80.48153849594746,Estimación adecuada
Ponce,2005-2009,1,72.59239776230434,72.79395548445288,72.27836307779117,73.36156463549688,Estimación adecuada
Ponce,2005-2009,2,81.60505937401689,81.4132196079235,80.83972924116529,81.90760198911097,Estimación adecuada
Ponce,2010-2014,1,74.90584213235752,74.93387367617747,74.44059980194596,75.35503775509522,Estimación adecuada
Ponce,2010-2014,2,81.84526785237593,81.76807017403422,81.17877607707106,82.39679320605941,Estimación adecuada
Ponce,2015-2019,1,75.94818443525777,76.12704181253235,75.60869134685584,76.68228909557953,Estimación adecuada
Ponce,2015-2019,2,84.573600741168,84.44878809097847,83.692968498759,85.10727420300745,Estimación adecuada
Ponce,2020-2024,1,76.11579149445392,76.05523482700058,75.42379181730595,76.69180473754099,Estimación adecuada
Ponce,2020-2024,2,84.14984563358192,83.86683157709118,83.14902422860888,84.52650111939766,Estimación adecuada
Quebradillas,1980-1984,1,71.5804748432608,71.46386769126761,70.06588459390144,72.63001670122375,Estimación adecuada
Quebradillas,1980-1984,2,79.23938165137665,78.48921883560993,77.27158529780084,79.81088047102054,Estimación adecuada
Quebradillas,1985-1989,1,70.63546474047975,70.94471315671228,69.77608885104411,71.9472682766466,Estimación adecuada
Quebradillas,1985-1989,2,77.80764334555457,77.66733662452079,76.38265636630453,78.71873947930845,Estimación adecuada
Quebradillas,1990-1994,1,72.04068810225141,71.60433644257748,70.39879062993839,72.69694566278702,Estimación adecuada
Quebradillas,1990-1994,2,79.32174470623532,78.61904144512138,77.62938287037483,79.75263311438472,Estimación adecuada
Quebradillas,1995-1999,1,72.62949799850028,71.76422720488031,70.83904980382778,72.7552647645505,Estimación adecuada
Quebradillas,1995-1999,2,78.8521877504248,78.71335098938107,77.65637709111869,79.97384258432089,Estimación adecuada
Quebradillas,2000-2004,1,73.75120320482118,73.38505856068157,72.15484924680446,74.62180622670482,Estimación adecuada
Quebradillas,2000-2004,2,79.64696913052158,79.75512332967445,78.7120239127461,80.79056868787637,Estimación adecuada
Quebradillas,2005-2009,1,76.4702021217705,75.20383654721437,74.21967198594503,76.28186430082468,< e0 observado
Quebradillas,2005-2009,2,82.57479226170334,82.1105276539586,80.96971287907255,83.75569410197153,Estimación adecuada
Quebradillas,2010-2014,1,76.84416482352528,76.43769001824373,75.45670464330496,77.36672170815027,Estimación adecuada
Quebradillas,2010-2014,2,83.16432092953069,83.13593433043792,81.67546807626745,84.22174938940933,Estimación adecuada
Quebradillas,2015-2019,1,77.52581972834565,77.31334206238665,76.2987298319627,78.28528770030027,Estimación adecuada
Quebradillas,2015-2019,2,83.89036641680575,83.66226185165732,82.46137346805261,85.20557042967044,Estimación adecuada
Quebradillas,2020-2024,1,78.45741764289136,77.45261835252413,76.52627893956645,78.64466893123182,Estimación adecuada
Quebradillas,2020-2024,2,84.02514632890372,83.96265077880719,82.76010590723703,85.6608784296788,Estimación adecuada
Rincon,1980-1984,1,71.31036542846637,72.56560033191039,71.0584262851223,74.07646401309347,Estimación adecuada
Rincon,1980-1984,2,78.23121876259758,78.51304955147074,77.11803239604934,80.1723832082604,Estimación adecuada
Rincon,1985-1989,1,72.68195818723761,72.41453010178645,70.98759160040336,73.87623287161229,Estimación adecuada
Rincon,1985-1989,2,78.13112109379762,78.85700525826495,77.63809978159263,80.31833053806525,Estimación adecuada
Rincon,1990-1994,1,74.46482669947628,72.88726799461284,71.76676499935122,74.15138257003787,< e0 observado
Rincon,1990-1994,2,79.71875830965256,79.32319574878784,78.2885517227592,80.59011831094823,Estimación adecuada
Rincon,1995-1999,1,71.81900034746621,71.73782940583601,70.759107180318,72.8437294207955,Estimación adecuada
Rincon,1995-1999,2,80.4078903895804,80.15104589129473,79.06005097640664,82.51408472826544,Estimación adecuada
Rincon,2000-2004,1,75.07948363707656,74.79269328908973,73.49139509760639,75.95684154984616,Estimación adecuada
Rincon,2000-2004,2,82.97798833076854,82.4025263814008,80.9481803580072,83.66207236478101,Estimación adecuada
Rincon,2005-2009,1,76.37954961336744,75.71605196487738,74.76747785712831,76.82654412727518,Estimación adecuada
Rincon,2005-2009,2,80.35621164685101,81.32616089495227,79.89879701533309,82.93950354281381,Estimación adecuada
Rincon,2010-2014,1,79.61051534555456,77.97755756565486,76.5012066265883,79.10000365331598,< e0 observado
Rincon,2010-2014,2,83.80210551828287,83.79695352576778,82.58481370925311,85.9107322128599,Estimación adecuada
Rincon,2015-2019,1,79.17285737161941,78.96161106649458,77.43122247933206,80.07561635237768,Estimación adecuada
Rincon,2015-2019,2,86.30943741112463,86.25410552801867,84.75389345069404,87.9253537185268,Estimación adecuada
Rincon,2020-2024,1,79.87445814115418,79.70655125503242,78.24254113409569,81.12870199104213,Estimación adecuada
Rincon,2020-2024,2,86.12132225159803,85.5862316184495,84.45624004200317,86.88601363092432,Estimación adecuada
Rio Grande,1980-1984,1,71.31055270884488,71.34755544464089,70.32234145652046,72.18094231884993,Estimación adecuada
Rio Grande,1980-1984,2,77.8338345029928,77.5783515608866,76.48759414280845,78.7713702983446,Estimación adecuada
Rio Grande,1985-1989,1,72.55792010168767,71.79245947304838,71.06017608618004,72.73692521669659,Estimación adecuada
Rio Grande,1985-1989,2,78.55898208748316,78.48095249179045,77.36785028154333,79.47199402750591,Estimación adecuada
Rio Grande,1990-1994,1,69.8066408540921,70.19909755536119,69.34703741515813,71.11159208514647,Estimación adecuada
Rio Grande,1990-1994,2,79.04176505901863,78.96599322196545,77.81524997205096,79.86340531401427,Estimación adecuada
Rio Grande,1995-1999,1,69.24216716509197,69.97327281123232,69.20661935068097,70.75530416013198,Estimación adecuada
Rio Grande,1995-1999,2,78.57122528721384,78.67216256746835,77.65639549000127,79.47120517095506,Estimación adecuada
Rio Grande,2000-2004,1,73.5987446256221,73.43881598576863,72.74661807544179,74.50314499009683,Estimación adecuada
Rio Grande,2000-2004,2,80.92764017417292,80.81445966601734,79.68497684679365,82.07297151036647,Estimación adecuada
Rio Grande,2005-2009,1,74.74267006153134,74.99890947450253,73.98920397808317,75.88799502847735,Estimación adecuada
Rio Grande,2005-2009,2,82.25371975622028,81.89367330641065,80.85713874993021,82.95317330748912,Estimación adecuada
Rio Grande,2010-2014,1,75.62464241200296,75.71427187127972,74.79622063186551,76.43424764878189,Estimación adecuada
Rio Grande,2010-2014,2,81.93516108938404,81.82231367366873,81.27306302543644,82.97097350363337,Estimación adecuada
Rio Grande,2015-2019,1,77.32038501383934,77.48060556014634,76.37648386471977,78.37781605139077,Estimación adecuada
Rio Grande,2015-2019,2,84.73128165771396,84.38731978271878,83.49187906443584,85.21449699494934,Estimación adecuada
Rio Grande,2020-2024,1,76.09079051682853,76.60811753633354,75.64377133680772,77.49283548346688,Estimación adecuada
Rio Grande,2020-2024,2,84.92626206233898,85.06061506359347,83.96883718510162,86.5054679753327,Estimación adecuada
Sabana Grande,1980-1984,1,72.94260252849719,71.98019535381223,70.9633010199106,72.96003458979573,Estimación adecuada
Sabana Grande,1980-1984,2,76.79030160326006,77.24681178298647,75.89455963043862,78.3864811058954,Estimación adecuada
Sabana Grande,1985-1989,1,72.60670516660508,71.96056747294742,70.92580223739549,72.93267393559121,Estimación adecuada
Sabana Grande,1985-1989,2,79.46020484114078,78.82314596784714,77.40868857567875,80.0668262393279,Estimación adecuada
Sabana Grande,1990-1994,1,71.96878186562466,71.55445728263459,70.58404804542405,72.564616629841,Estimación adecuada
Sabana Grande,1990-1994,2,77.52973712888554,77.59754956066857,76.62693342903131,78.81065723220685,Estimación adecuada
Sabana Grande,1995-1999,1,72.42496764545729,71.75438019135215,70.80868387435274,72.9384358711014,Estimación adecuada
Sabana Grande,1995-1999,2,77.8549110688198,77.84446184176697,77.074072460597,78.83306822625832,Estimación adecuada
Sabana Grande,2000-2004,1,75.19081545433245,74.2820357489202,73.2385761357625,75.51542375351484,Estimación adecuada
Sabana Grande,2000-2004,2,80.10304388750191,80.60478936389389,79.4064391226249,81.79182643431722,Estimación adecuada
Sabana Grande,2005-2009,1,75.77699216646894,74.84195087021888,73.8706418862802,75.74921910061929,< e0 observado
Sabana Grande,2005-2009,2,80.72892003066303,81.15637275909006,79.9382001402395,82.62885139768639,Estimación adecuada
Sabana Grande,2010-2014,1,75.70526772953107,75.87915731578727,74.72744907596703,77.01363759690716,Estimación adecuada
Sabana Grande,2010-2014,2,83.3057418970242,83.08144100692465,81.92883332226398,84.27694770709596,Estimación adecuada
Sabana Grande,2015-2019,1,77.43470484017462,76.85399881336451,76.04155581573812,77.92452687519082,Estimación adecuada
Sabana Grande,2015-2019,2,83.12156944238525,83.22413587041207,82.20923110917177,84.64894925512596,Estimación adecuada
Sabana Grande,2020-2024,1,77.44105015726227,77.38498309588363,76.42446539928471,78.47370867698598,Estimación adecuada
Sabana Grande,2020-2024,2,83.44790990052292,84.44713487645922,83.32374440816798,85.75699328810795,Estimación adecuada
Salinas,1980-1984,1,69.34771587119822,69.6459106399972,69.00313231690929,70.68761707651825,Estimación adecuada
Salinas,1980-1984,2,77.00356882697933,76.94537527164434,75.80102889214255,78.39693791697584,Estimación adecuada
Salinas,1985-1989,1,67.8768913469486,68.81371664726458,67.97213903402005,69.98437393499697,> e0 observado
Salinas,1985-1989,2,76.51927305162637,76.72515329902485,75.76435459565491,77.94782753773734,Estimación adecuada
Salinas,1990-1994,1,69.60135801885075,70.0483930472949,69.1058026666453,71.09319300802645,Estimación adecuada
Salinas,1990-1994,2,77.16626361655916,77.62794034369065,76.65506255038532,78.71826693691006,Estimación adecuada
Salinas,1995-1999,1,69.29023548543516,69.58220189779288,68.49593383976747,70.78001611565298,Estimación adecuada
Salinas,1995-1999,2,79.22383445714814,78.78314339613553,77.72490455728635,80.02614450500052,Estimación adecuada
Salinas,2000-2004,1,73.10253328655585,73.10023655150661,72.15630101539205,73.99568876528907,Estimación adecuada
Salinas,2000-2004,2,80.52455994892824,80.3105940177399,79.14588672193253,81.26248990095982,Estimación adecuada
Salinas,2005-2009,1,73.52822440107285,73.61004608088612,72.49164975722873,74.52604489778943,Estimación adecuada
Salinas,2005-2009,2,80.63090066219925,80.95152290761433,79.80831937238406,81.93778006880247,Estimación adecuada
Salinas,2010-2014,1,75.47743944137984,75.43054028620705,74.46284869487431,76.59568757952387,Estimación adecuada
Salinas,2010-2014,2,83.23167940762168,83.28725801003176,82.02941041989646,84.81692050734287,Estimación adecuada
Salinas,2015-2019,1,77.96635541138743,77.67891097827015,76.57840960721262,78.74595745394345,Estimación adecuada
Salinas,2015-2019,2,85.02610562554052,84.71002715356633,83.57661854028336,86.2479417435566,Estimación adecuada
Salinas,2020-2024,1,77.2752335181164,77.1308722704281,75.96008256305849,78.35011696703151,Estimación adecuada
Salinas,2020-2024,2,85.43601257393142,84.88886134938113,83.72897908021258,86.19968979726474,Estimación adecuada
San German,1980-1984,1,72.17155637189039,72.07815031207687,70.78288876843604,73.04282053670178,Estimación adecuada
San German,1980-1984,2,77.0812843420632,77.45143397392071,76.25090454638257,78.69341047679478,Estimación adecuada
San German,1985-1989,1,73.24578912339052,72.58393943313705,71.8254862447117,73.73294055482248,Estimación adecuada
San German,1985-1989,2,78.281715742411,78.1452809894127,77.18671871629132,79.069387536426,Estimación adecuada
San German,1990-1994,1,72.47312065094486,71.97548207402207,70.96036025116555,72.8665243319902,Estimación adecuada
San German,1990-1994,2,78.88901019804139,78.9625328861029,78.04822785207611,80.15423810970418,Estimación adecuada
San German,1995-1999,1,74.17482678706043,73.46752242937103,72.44558051992534,74.27233527314084,Estimación adecuada
San German,1995-1999,2,78.52895052757144,78.94855866698771,78.20644172716973,79.79460202467504,Estimación adecuada
San German,2000-2004,1,75.40040785434385,74.86241649118364,73.81052052034588,75.95158397125627,Estimación adecuada
San German,2000-2004,2,81.07042973561371,81.02023050124839,79.94655071219321,82.19858893283823,Estimación adecuada
San German,2005-2009,1,75.89227383722931,75.38146296745138,74.65035496169625,76.43389290406174,Estimación adecuada
San German,2005-2009,2,81.35724022521588,81.72171845381425,80.64928944915012,82.80718080670582,Estimación adecuada
San German,2010-2014,1,77.09595528241658,76.34702598896729,75.60052466346119,77.34697269029948,Estimación adecuada
San German,2010-2014,2,81.95497572147197,82.52234401183969,81.54267037816058,83.55840443168432,Estimación adecuada
San German,2015-2019,1,79.14792857398798,78.12780110265803,77.2527730906377,79.12879635176037,< e0 observado
San German,2015-2019,2,84.0002365484052,84.27183563710369,83.31418285113836,85.32890754837999,Estimación adecuada
San German,2020-2024,1,78.13234571523579,77.64504455370073,76.37299497405662,78.49532815749677,Estimación adecuada
San German,2020-2024,2,83.15333884969452,83.9181078871122,82.8457346296266,84.94242205876027,Estimación adecuada
San Juan,1980-1984,1,68.53296805880613,68.63421998688702,68.34373333001855,68.97824186624177,Estimación adecuada
San Juan,1980-1984,2,78.41781325030587,78.32252825080658,77.8750965634206,78.60508881803807,Estimación adecuada
San Juan,1985-1989,1,67.17212517316179,67.35698717346045,67.02300720406524,67.63616543426176,Estimación adecuada
San Juan,1985-1989,2,78.70934229140379,78.66510889386998,78.36951537930973,79.01095428967146,Estimación adecuada
San Juan,1990-1994,1,64.70940097035052,64.970571572458,64.63357748731522,65.25693722665521,Estimación adecuada
San Juan,1990-1994,2,78.53794951508831,78.59539352650467,78.27266161598001,78.83955570910882,Estimación adecuada
San Juan,1995-1999,1,67.09892384379134,67.24776462274102,66.88357952096224,67.6835837216382,Estimación adecuada
San Juan,1995-1999,2,79.54091321860172,79.53335831616958,79.22953884723373,79.92746247300671,Estimación adecuada
San Juan,2000-2004,1,71.1882392973574,71.2437389851465,70.85434101077118,71.66549916144955,Estimación adecuada
San Juan,2000-2004,2,81.92921875527303,81.81238190179002,81.36912959710759,82.15434686842676,Estimación adecuada
San Juan,2005-2009,1,72.69964876784017,72.7451144644384,72.38142865633719,73.11628270618478,Estimación adecuada
San Juan,2005-2009,2,82.46547999538443,82.42513649670376,81.96532475042429,82.78663528300504,Estimación adecuada
San Juan,2010-2014,1,74.44529350870087,74.53809116274547,74.11055700890202,74.8953494358685,Estimación adecuada
San Juan,2010-2014,2,84.20463369793843,84.07962663394969,83.64255272738961,84.50801295980702,Estimación adecuada
San Juan,2015-2019,1,75.79825935426356,75.87568197767465,75.5134882809972,76.3067214824057,Estimación adecuada
San Juan,2015-2019,2,85.20819741649419,85.12063883285373,84.56791530796764,85.58280107389312,Estimación adecuada
San Juan,2020-2024,1,75.09617765928651,75.20265769621352,74.78367841887663,75.7173559721922,Estimación adecuada
San Juan,2020-2024,2,85.57777113429813,85.40329157131961,84.81530688504287,85.96054620923074,Estimación adecuada
San Lorenzo,1980-1984,1,72.4269330696064,72.4383054119068,71.24773185538568,73.26578547570995,Estimación adecuada
San Lorenzo,1980-1984,2,78.47103642037956,78.37229123757376,77.33373795287679,79.74801944740426,Estimación adecuada
San Lorenzo,1985-1989,1,70.33185072656097,70.98258844264082,69.97091957786847,71.82021553346506,Estimación adecuada
San Lorenzo,1985-1989,2,79.4038927542163,78.7845469095489,77.93434520598358,79.91790732506853,Estimación adecuada
San Lorenzo,1990-1994,1,70.49063585980458,70.68331930200517,69.71251157068497,71.56681763497829,Estimación adecuada
San Lorenzo,1990-1994,2,79.42906403274269,79.02647178011867,78.03095084094369,80.20131136752374,Estimación adecuada
San Lorenzo,1995-1999,1,72.39291160482962,72.21833549735582,71.285886453153,73.17661028386837,Estimación adecuada
San Lorenzo,1995-1999,2,78.56261721700943,78.57750440163039,77.85933536056433,79.48909711440871,Estimación adecuada
San Lorenzo,2000-2004,1,73.59466919977362,73.734288202346,72.85135205796081,74.62396989222553,Estimación adecuada
San Lorenzo,2000-2004,2,81.14875504017051,81.00174742376035,80.12594745046565,82.24804927060916,Estimación adecuada
San Lorenzo,2005-2009,1,75.07421835227707,74.93329237724976,74.0261913300701,75.92414651482767,Estimación adecuada
San Lorenzo,2005-2009,2,82.06471302858854,81.72466277480716,80.53774853785859,82.84234874325404,Estimación adecuada
San Lorenzo,2010-2014,1,76.50254306599682,76.65367593373185,75.61414424402795,77.59330410300528,Estimación adecuada
San Lorenzo,2010-2014,2,83.9183271335132,83.38062097620805,82.24907085697797,84.58216300069478,Estimación adecuada
San Lorenzo,2015-2019,1,77.43176974248165,78.01448463764915,76.94900225940164,79.21929194106413,Estimación adecuada
San Lorenzo,2015-2019,2,85.92248006512409,85.45156076130792,83.81508644782613,86.61110348446297,Estimación adecuada
San Lorenzo,2020-2024,1,77.62523479934367,77.68552636309715,76.82653979838213,78.58891621453371,Estimación adecuada
San Lorenzo,2020-2024,2,84.55625634680975,84.28298984585285,83.21689369690661,85.51087454434479,Estimación adecuada
San Sebastian,1980-1984,1,73.33683627750408,72.80972662879402,71.79229631671242,73.55978723241664,Estimación adecuada
San Sebastian,1980-1984,2,77.39216900594447,77.81434263072218,76.94274161463494,78.65823461535744,Estimación adecuada
San Sebastian,1985-1989,1,71.54106439345284,71.79590736826486,70.85242823277832,72.64305595999406,Estimación adecuada
San Sebastian,1985-1989,2,78.32567842249966,78.4436040676492,77.44675823248627,79.28894992500553,Estimación adecuada
San Sebastian,1990-1994,1,72.72006609308197,72.29533318494518,71.60145941447765,73.09805211313329,Estimación adecuada
San Sebastian,1990-1994,2,78.61121244043503,78.70159443678158,77.782676907698,79.79144327742688,Estimación adecuada
San Sebastian,1995-1999,1,73.29080325081594,72.77422759281212,71.99904285734343,73.8100129954731,Estimación adecuada
San Sebastian,1995-1999,2,79.73176179097116,79.39578972230068,78.72193038987157,80.15313988429598,Estimación adecuada
San Sebastian,2000-2004,1,74.89792147656362,74.52870154233696,73.50323994119698,75.2809135137224,Estimación adecuada
San Sebastian,2000-2004,2,80.32263567678552,80.28397798007174,79.3463367808637,81.10506705940662,Estimación adecuada
San Sebastian,2005-2009,1,76.73740203137386,76.07119589949644,75.11493066062056,76.93819964084958,Estimación adecuada
San Sebastian,2005-2009,2,81.1692904566309,81.10270983034206,80.29754092471296,82.03461468940114,Estimación adecuada
San Sebastian,2010-2014,1,76.69546237928682,76.42912018368266,75.65462326032929,77.27569017168514,Estimación adecuada
San Sebastian,2010-2014,2,83.16134686711862,82.92979565060067,82.1227982689635,84.07899166331768,Estimación adecuada
San Sebastian,2015-2019,1,79.1178099470019,78.55036124735398,77.64992101722436,79.3809377390428,Estimación adecuada
San Sebastian,2015-2019,2,84.22340952689646,84.00021272449591,83.0089356150349,84.7831789164647,Estimación adecuada
San Sebastian,2020-2024,1,78.24142492610734,77.89292769176973,77.12338611888613,78.7154969611586,Estimación adecuada
San Sebastian,2020-2024,2,84.23065748606743,84.26583779647729,83.24620186464179,85.16355643658436,Estimación adecuada
Santa Isabel,1980-1984,1,69.7275677276356,69.27745241592805,68.37289123903972,70.4648681838789,Estimación adecuada
Santa Isabel,1980-1984,2,77.7763438904047,77.27040990838924,75.9717798880055,78.33412593276475,Estimación adecuada
Santa Isabel,1985-1989,1,69.23817247335977,69.6609892409624,68.59410270755038,70.80256597871804,Estimación adecuada
Santa Isabel,1985-1989,2,76.67908928126376,76.6203838030172,75.73769733759485,77.96819616716299,Estimación adecuada
Santa Isabel,1990-1994,1,66.65679986192234,68.21951801619178,67.20298643788914,69.67478680102485,> e0 observado
Santa Isabel,1990-1994,2,76.1627447017844,76.83243644311284,75.42900832997096,78.14403009708708,Estimación adecuada
Santa Isabel,1995-1999,1,68.83610956762453,69.3495138965589,68.10362843647957,70.354431220704,Estimación adecuada
Santa Isabel,1995-1999,2,77.73152078827611,77.60390282266951,76.49293026877069,78.80659022966728,Estimación adecuada
Santa Isabel,2000-2004,1,69.45419232564782,70.8038210787679,69.76644801106238,71.99317333023572,> e0 observado
Santa Isabel,2000-2004,2,79.11209035669054,79.36774345674793,78.15520677002975,80.26641613203043,Estimación adecuada
Santa Isabel,2005-2009,1,72.31479005793592,72.54228213550257,71.42151720471446,73.7442261978369,Estimación adecuada
Santa Isabel,2005-2009,2,81.59418713189359,81.25421537427098,79.90751145843375,83.09461324633105,Estimación adecuada
Santa Isabel,2010-2014,1,74.62174299181575,75.07111149958342,73.9082405769399,76.08245045685834,Estimación adecuada
Santa Isabel,2010-2014,2,81.81631250475374,81.25412072166966,80.32288029458326,82.39003681332552,Estimación adecuada
Santa Isabel,2015-2019,1,75.10553816345772,75.3660860492163,74.50005648869885,76.52620691641911,Estimación adecuada
Santa Isabel,2015-2019,2,85.04929628842375,83.93883832921281,82.71041454663634,85.11145429476777,Estimación adecuada
Santa Isabel,2020-2024,1,74.53124138847393,74.90391917123821,73.87384906599377,75.78407774290731,Estimación adecuada
Santa Isabel,2020-2024,2,83.31177822878875,83.14367026799454,81.77473239961154,84.55981641995155,Estimación adecuada
Toa Alta,1980-1984,1,74.8830856005072,74.30613826605568,73.04766059028478,75.40530912840913,Estimación adecuada
Toa Alta,1980-1984,2,77.90618677933547,78.91850221695431,77.7428876765849,80.36234294406022,Estimación adecuada
Toa Alta,1985-1989,1,72.95726224514657,72.79842276908128,71.62266839385971,74.00782705693605,Estimación adecuada
Toa Alta,1985-1989,2,81.13925929884047,81.01882198919316,79.2285585252603,82.75939863897909,Estimación adecuada
Toa Alta,1990-1994,1,73.42887184415189,73.32820178096114,72.20654304027212,74.42485517374686,Estimación adecuada
Toa Alta,1990-1994,2,79.53507742661205,79.95150238662721,78.7122301959332,81.16848168315808,Estimación adecuada
Toa Alta,1995-1999,1,73.12825061550112,72.99466897689189,72.29518006462047,73.66601141338222,Estimación adecuada
Toa Alta,1995-1999,2,80.88771225273739,80.72107806636355,79.94781186089156,81.79695828823778,Estimación adecuada
Toa Alta,2000-2004,1,75.20122641401855,75.18117223981949,74.45226806118782,75.99816685462258,Estimación adecuada
Toa Alta,2000-2004,2,81.33505965208538,81.55628482331667,80.44480091333799,82.70335660378792,Estimación adecuada
Toa Alta,2005-2009,1,77.25808536131703,77.16967319689722,76.42290168991642,77.96793991651934,Estimación adecuada
Toa Alta,2005-2009,2,83.45975745150935,83.41893219586517,82.23448215226671,84.65176741598162,Estimación adecuada
Toa Alta,2010-2014,1,77.617438844306065,77.71411338719354,76.90337739278215,78.5973342592338,Estimación adecuada
Toa Alta,2010-2014,2,84.59193836320182,84.23036383546236,83.37975199056086,85.40310850340927,Estimación adecuada
Toa Alta,2015-2019,1,79.44012262836311,79.44185850892711,78.51439668309231,80.49820040332723,Estimación adecuada
Toa Alta,2015-2019,2,84.21287299648571,84.48602524875979,83.43312274664305,85.34449371235286,Estimación adecuada
Toa Alta,2020-2024,1,79.32715713141147,79.28269480876816,78.35308912214467,80.38308299499462,Estimación adecuada
Toa Alta,2020-2024,2,85.92609855770323,85.44576450155536,84.56090117882802,86.2522989349138,Estimación adecuada
Toa Baja,1980-1984,1,72.82833976912103,72.55911591746981,71.64235405852669,73.26640530314077,Estimación adecuada
Toa Baja,1980-1984,2,79.03893803233984,78.7603657607318,77.7115140991557,79.83808522182366,Estimación adecuada
Toa Baja,1985-1989,1,71.09171108702432,71.1956801966083,70.5277907807514,72.05775331927315,Estimación adecuada
Toa Baja,1985-1989,2,79.17713173148333,78.8617793297586,78.05239186918905,79.76588140448817,Estimación adecuada
Toa Baja,1990-1994,1,69.55070432606276,69.94260078083678,69.22730502308116,70.74324880019248,Estimación adecuada
Toa Baja,1990-1994,2,78.53439715581091,78.33173675129362,77.6626221614816,79.17755774830664,Estimación adecuada
Toa Baja,1995-1999,1,71.02389397781576,71.22153218466075,70.5617941864279,71.86134410933742,Estimación adecuada
Toa Baja,1995-1999,2,80.35817914633549,79.89006789880455,79.08034170956613,80.7570419638087,Estimación adecuada
Toa Baja,2000-2004,1,73.3130761935651,73.42710194398396,72.86030847903274,74.12298222404738,Estimación adecuada
Toa Baja,2000-2004,2,81.24641875534006,81.02472366281384,80.2685552630839,81.90024600408802,Estimación adecuada
Toa Baja,2005-2009,1,73.9336800218148,74.18079018413869,73.56718947943097,74.75501331613134,Estimación adecuada
Toa Baja,2005-2009,2,81.2918522418654,81.23155276354905,80.4734244220599,81.91408689780914,Estimación adecuada
Toa Baja,2010-2014,1,75.63234922554784,75.72323838110518,75.09903225736996,76.40385021131469,Estimación adecuada
Toa Baja,2010-2014,2,83.19276198853512,82.90868324404386,82.2140054322969,83.66857986169705,Estimación adecuada
Toa Baja,2015-2019,1,77.0796431176242,77.18098667993169,76.26576983904968,78.00552281322157,Estimación adecuada
Toa Baja,2015-2019,2,85.28768156374481,85.07538278775978,84.09071000253451,85.91559483002192,Estimación adecuada
Toa Baja,2020-2024,1,76.06866784040614,76.40260802091842,75.69637557988257,77.02799403997516,Estimación adecuada
Toa Baja,2020-2024,2,84.82502560819063,84.6984011865095,84.04185731911431,85.66229750278671,Estimación adecuada
Trujillo Alto,1980-1984,1,73.8807661516517,73.79169911906459,72.81562519822685,74.99028144290362,Estimación adecuada
Trujillo Alto,1980-1984,2,80.45848591811597,79.98575113018481,78.9091088636604,81.20026220078547,Estimación adecuada
Trujillo Alto,1985-1989,1,72.91759611684925,72.98015088648293,72.34555474710675,73.96975989223887,Estimación adecuada
Trujillo Alto,1985-1989,2,81.01563083839561,80.574127191884,79.45429607717458,81.71704464345616,Estimación adecuada
Trujillo Alto,1990-1994,1,72.6023641348921,72.73214726091135,71.85329286124686,73.621820164466385,Estimación adecuada
Trujillo Alto,1990-1994,2,79.85175886432305,79.79559467943761,78.946746510145,80.99342743960352,Estimación adecuada
Trujillo Alto,1995-1999,1,72.41162116159781,72.70198031994062,71.99367524993622,73.50418943059475,Estimación adecuada
Trujillo Alto,1995-1999,2,81.19162622930031,80.81347017090003,80.02853012685246,81.87864705791762,Estimación adecuada
Trujillo Alto,2000-2004,1,74.68446388601943,74.83528349926415,74.14068294596032,75.7310819650689,Estimación adecuada
Trujillo Alto,2000-2004,2,83.41194987282269,83.1990226611197,82.11232125524921,84.38657048525292,Estimación adecuada
Trujillo Alto,2005-2009,1,75.81610434260868,75.98769355066798,75.2970280533602,76.77457135785939,Estimación adecuada
Trujillo Alto,2005-2009,2,83.84316698522537,83.51674425313307,82.60492104103271,84.45102638823413,Estimación adecuada
Trujillo Alto,2010-2014,1,77.88979650864401,77.79334820899402,76.97015401942082,78.85107780155758,Estimación adecuada
Trujillo Alto,2010-2014,2,85.28937280458358,84.91023788352992,84.1486895093256,85.70572404570595,Estimación adecuada
Trujillo Alto,2015-2019,1,79.53728233113502,79.51221228497221,78.65112006281106,80.60788343402642,Estimación adecuada
Trujillo Alto,2015-2019,2,86.3543330403018,86.28316642252685,85.22910075788928,87.15821063945478,Estimación adecuada
Trujillo Alto,2020-2024,1,78.39208683519212,78.52126039002744,77.72154024252299,79.39245909346621,Estimación adecuada
Trujillo Alto,2020-2024,2,86.16954614436371,85.79821916656951,85.05369275985875,86.86565181607361,Estimación adecuada
Utuado,1980-1984,1,72.77455758364391,72.67488451002544,71.91319690799075,73.56999355944285,Estimación adecuada
Utuado,1980-1984,2,78.22725510627389,78.35661658710795,77.35446974064806,79.26631235871272,Estimación adecuada
Utuado,1985-1989,1,72.49241351300115,72.31376247102622,71.27547837892328,73.26887675376912,Estimación adecuada
Utuado,1985-1989,2,78.55971933281445,78.56485893003912,77.61895779937286,79.74554771816557,Estimación adecuada
Utuado,1990-1994,1,73.58027996114916,72.89418892849353,72.06866830362546,73.81885693695628,Estimación adecuada
Utuado,1990-1994,2,79.15999314000904,78.88283418996267,77.86923897016848,79.76987185285469,Estimación adecuada
Utuado,1995-1999,1,73.56681994998524,72.6336732922289,71.89916628044372,73.6571740103916,Estimación adecuada
Utuado,1995-1999,2,79.75811291705193,79.3179039715281,78.42892246090963,80.4492063710684,Estimación adecuada
Utuado,2000-2004,1,75.66609210920785,74.77215057991873,73.94331088660107,75.66091606089826,< e0 observado
Utuado,2000-2004,2,80.85296661933371,81.07987160187342,80.01609473703371,82.07157307409732,Estimación adecuada
Utuado,2005-2009,1,74.96306439444312,74.93157865648348,74.11241046010106,75.82063161312644,Estimación adecuada
Utuado,2005-2009,2,81.95177865789455,82.18546138307889,81.17952002484134,83.09294540302022,Estimación adecuada
Utuado,2010-2014,1,76.45438665507136,76.01185385240062,74.75122579827752,76.83832597278197,Estimación adecuada
Utuado,2010-2014,2,83.96232047500072,83.50827161951929,82.45749142403889,84.74360559444406,Estimación adecuada
Utuado,2015-2019,1,79.0189703608258,79.01794189226355,77.6149240230292,80.28132999254225,Estimación adecuada
Utuado,2015-2019,2,85.5118737413184,85.10588378093541,83.86680852329653,86.43144645889922,Estimación adecuada
Utuado,2020-2024,1,80.22889535833663,79.19470463496961,77.9526870278651,80.36743504891334,Estimación adecuada
Utuado,2020-2024,2,86.24989014279643,85.27223397331787,84.10601606055653,86.57110066987711,Estimación adecuada
Vega Alta,1980-1984,1,73.54933326191107,73.03647405779262,71.60502105533489,74.40741459102817,Estimación adecuada
Vega Alta,1980-1984,2,78.25469326095431,78.36108819376477,77.25920597963146,79.85442334303434,Estimación adecuada
Vega Alta,1985-1989,1,72.05535344696615,72.43274594409597,71.49670471197285,73.60389761672891,Estimación adecuada
Vega Alta,1985-1989,2,78.15985935324002,78.3067615724147,77.32207070459978,79.35767032703339,Estimación adecuada
Vega Alta,1990-1994,1,70.24052329679134,70.91365644866858,70.04332092664069,72.036399162434,Estimación adecuada
Vega Alta,1990-1994,2,79.51462054686016,79.60115800491309,78.43335696051744,80.52443556366927,Estimación adecuada
Vega Alta,1995-1999,1,71.54816531304111,71.84690516980032,71.00816881884842,72.8553006789088,Estimación adecuada
Vega Alta,1995-1999,2,79.34051049480365,79.40566946160135,78.55049478484364,80.28963042602112,Estimación adecuada
Vega Alta,2000-2004,1,74.10875011525926,74.17677727238588,73.05372895687253,75.14212059353497,Estimación adecuada
Vega Alta,2000-2004,2,81.98636550598057,81.661686419654,80.55564032211669,82.94320037518641,Estimación adecuada
Vega Alta,2005-2009,1,74.49742104581102,74.754647751244,73.90138156401437,75.70967527354755,Estimación adecuada
Vega Alta,2005-2009,2,82.79578771576239,82.52834338413172,81.31421576203184,83.70383342741258,Estimación adecuada
Vega Alta,2010-2014,1,76.95585105473053,76.72597185968289,75.93346017949878,77.77651905637572,Estimación adecuada
Vega Alta,2010-2014,2,84.70771205138385,84.09498582101921,83.14110861100711,85.47242443787161,Estimación adecuada
Vega Alta,2015-2019,1,79.09002086085074,78.60453318350432,77.82288716717152,79.83288212232877,Estimación adecuada
Vega Alta,2015-2019,2,84.78023321458953,84.72216116165635,83.15521845381642,86.12920890709506,Estimación adecuada
Vega Alta,2020-2024,1,79.13203080104806,78.73472413437364,77.79230248022854,80.07118599598641,Estimación adecuada
Vega Alta,2020-2024,2,86.55489338482076,85.82662613249448,84.78905643611606,87.1467071008339,Estimación adecuada
Vega Baja,1980-1984,1,72.17472574689376,71.89221883065885,71.05478326884833,72.83910504855945,Estimación adecuada
Vega Baja,1980-1984,2,77.4559969407079,77.19503028327972,76.36095244802215,78.18892800426518,Estimación adecuada
Vega Baja,1985-1989,1,71.32919645334727,71.34435214860198,70.45781477185167,72.2571372100696,Estimación adecuada
Vega Baja,1985-1989,2,78.37255208308184,78.28868963162563,77.39133068991653,79.22701055006968,Estimación adecuada
Vega Baja,1990-1994,1,69.34239102427848,69.63333210100865,68.93029304521352,70.26512922709367,Estimación adecuada
Vega Baja,1990-1994,2,79.817128530258,79.53134535004881,78.26439953670518,80.64007522525074,Estimación adecuada
Vega Baja,1995-1999,1,69.80129928554581,70.15423339338315,69.351861943388,70.94896744543246,Estimación adecuada
Vega Baja,1995-1999,2,78.73855584436625,78.45457336078692,77.73717422205252,79.17960381799257,Estimación adecuada
Vega Baja,2000-2004,1,71.71281396652603,72.03006921698054,71.40296566642444,72.81348637147173,Estimación adecuada
Vega Baja,2000-2004,2,80.83940501884719,80.3261633963086,79.47090247167111,81.02573754946305,Estimación adecuada
Vega Baja,2005-2009,1,73.49107576558887,73.65490130083546,72.82573234136487,74.46747462065012,Estimación adecuada
Vega Baja,2005-2009,2,81.56225378359265,81.36269911980422,80.50973596003914,82.04559568059454,Estimación adecuada
Vega Baja,2010-2014,1,75.67293352681041,75.60428980429421,74.93608269310825,76.44287146761299,Estimación adecuada
Vega Baja,2010-2014,2,82.83225536608914,82.5243128369105,81.71541524316183,83.32182759386188,Estimación adecuada
Vega Baja,2015-2019,1,77.17186219895375,76.96040412961896,76.16051979170109,77.79016599253137,Estimación adecuada
Vega Baja,2015-2019,2,85.55300741129905,85.08417744855186,84.06844521131556,86.19177239425176,Estimación adecuada
Vega Baja,2020-2024,1,76.1343018706242,76.61465921330444,75.84400458979312,77.41473621674389,Estimación adecuada
Vega Baja,2020-2024,2,85.01178406884422,84.45496545922555,83.41899988438627,85.5344987017858,Estimación adecuada
Vieques,1980-1984,1,68.44199950691872,69.39047630589812,67.95729818428066,70.61994385568742,Estimación adecuada
Vieques,1980-1984,2,79.82881030409467,77.47141274265697,75.83642470742936,78.96030953176174,< e0 observado
Vieques,1985-1989,1,68.91887213110078,69.15148215179994,67.99909051853031,70.7540326935952,Estimación adecuada
Vieques,1985-1989,2,76.64055553721266,77.09488612250067,75.82354141008406,78.83302941979123,Estimación adecuada
Vieques,1990-1994,1,70.56388701195755,69.83949295477099,68.48372940826718,71.17878753112237,Estimación adecuada
Vieques,1990-1994,2,75.61141239304688,76.78997926468838,75.59254344407472,78.00295497123383,Estimación adecuada
Vieques,1995-1999,1,67.1661520645474,69.02614218901927,67.05700666944205,70.09845399880578,Estimación adecuada
Vieques,1995-1999,2,77.66760098100364,78.046522554424,76.3898733301807,79.56998587142978,Estimación adecuada
Vieques,2000-2004,1,71.06219249587082,71.67434400049382,70.36327742663468,72.66320472818603,Estimación adecuada
Vieques,2000-2004,2,79.94564055883934,80.13320150917764,78.52865147986972,81.59309324698461,Estimación adecuada
Vieques,2005-2009,1,71.86562241202773,72.88999216793833,71.52709649717151,74.05511970296747,Estimación adecuada
Vieques,2005-2009,2,82.1662176624026,81.26056913221561,79.49708070639994,83.58982788094823,Estimación adecuada
Vieques,2010-2014,1,72.38693885614644,74.49379104772737,73.07449817481785,75.88923728881421,> e0 observado
Vieques,2010-2014,2,82.20083674525317,82.28379525592008,80.69618197609452,84.15334208672097,Estimación adecuada
Vieques,2015-2019,1,75.48771486205818,76.26689660742639,74.69970281322489,78.33408928913973,Estimación adecuada
Vieques,2015-2019,2,85.60400958844578,83.95822194445572,82.49683862878197,86.4758309276431,Estimación adecuada
Vieques,2020-2024,1,70.30670126441383,75.11233564800654,73.86966767556059,76.5576077233368,> e0 observado
Vieques,2020-2024,2,82.77316856062777,82.59059599441284,81.02535403137296,84.17888379094559,Estimación adecuada
Villalba,1980-1984,1,71.31481633801816,71.72690905421223,70.65599159786255,72.98043667045805,Estimación adecuada
Villalba,1980-1984,2,77.35744616187003,78.14931761468884,77.09798113502808,79.77524000708533,Estimación adecuada
Villalba,1985-1989,1,70.6812298941124,71.25493427121216,70.1457827664145,72.37850538906176,Estimación adecuada
Villalba,1985-1989,2,78.13907330956457,78.52581483014818,77.21339100524133,79.75998762811335,Estimación adecuada
Villalba,1990-1994,1,72.3498469286644,71.6536298593225,70.60617822026117,72.60805709957938,Estimación adecuada
Villalba,1990-1994,2,79.32972359168376,79.07816862590683,77.73082417000913,80.35951743099716,Estimación adecuada
Villalba,1995-1999,1,74.12665072351581,72.82378016994278,71.79530174607905,73.66449749591895,< e0 observado
Villalba,1995-1999,2,79.94095261032773,79.53254302178905,78.48618208811095,81.17295518851813,Estimación adecuada
Villalba,2000-2004,1,75.24588138203707,74.89589979941945,73.71831634079426,76.17071029228967,Estimación adecuada
Villalba,2000-2004,2,81.24189158745828,81.02889799253154,79.69880735729852,82.3894666145107,Estimación adecuada
Villalba,2005-2009,1,75.22194783512565,75.22738156842138,74.07671623996023,76.37916800276886,Estimación adecuada
Villalba,2005-2009,2,82.367985821704,82.12947848786439,80.72405487914617,83.54385044619335,Estimación adecuada
Villalba,2010-2014,1,77.8383761040004,76.8168482591505,75.84314445802028,78.21006284192785,Estimación adecuada
Villalba,2010-2014,2,82.38109633625453,82.5816160519098,81.33099480714836,84.07321251641264,Estimación adecuada
Villalba,2015-2019,1,77.83504649286682,77.58788259738434,76.26959775514493,78.88808347709113,Estimación adecuada
Villalba,2015-2019,2,84.05820533092681,84.22355070386803,83.06023208529572,85.80910207035161,Estimación adecuada
Villalba,2020-2024,1,77.24232552482839,77.16600658978913,76.26809779366675,78.36871388588702,Estimación adecuada
Villalba,2020-2024,2,85.36972299365041,85.24772477997514,84.02825668105274,87.041791446172,Estimación adecuada
Yabucoa,1980-1984,1,71.13885114874819,71.3783132721805,70.26430794161084,72.34247562016395,Estimación adecuada
Yabucoa,1980-1984,2,77.69784172893796,77.74235649989598,76.86578537833365,78.72926723434065,Estimación adecuada
Yabucoa,1985-1989,1,71.6497165141789,71.67585010880788,70.58303755865013,72.58051887586517,Estimación adecuada
Yabucoa,1985-1989,2,78.71247157491743,78.54104232476139,77.41304081147861,79.31798560655687,Estimación adecuada
Yabucoa,1990-1994,1,72.18368470754862,71.84812237084279,70.97909101375367,72.75186250018027,Estimación adecuada
Yabucoa,1990-1994,2,78.65582186258791,78.56198989719533,77.45900103760664,79.67889781157045,Estimación adecuada
Yabucoa,1995-1999,1,70.61759581589234,71.03868644777171,70.04658389880947,71.92223416401211,Estimación adecuada
Yabucoa,1995-1999,2,79.25053941807832,79.06960765710252,78.34230203713193,79.86044898688363,Estimación adecuada
Yabucoa,2000-2004,1,74.67500524731325,74.49576396388603,73.49794875419826,75.5337810121643,Estimación adecuada
Yabucoa,2000-2004,2,81.74191284227646,81.58315713395747,80.39949855645939,82.57749123575663,Estimación adecuada
Yabucoa,2005-2009,1,74.52109913218256,74.65383777863615,73.76042985828505,75.89859391250477,Estimación adecuada
Yabucoa,2005-2009,2,83.07308125246723,82.81631998103441,81.56429525737217,84.0376772220485,Estimación adecuada
Yabucoa,2010-2014,1,75.57434879024864,76.1657814985877,75.29568782839159,77.10776836909494,Estimación adecuada
Yabucoa,2010-2014,2,82.0382545268585,82.44868488969198,81.47220499221996,83.36200532277232,Estimación adecuada
Yabucoa,2015-2019,1,77.58753133123862,78.07634876094949,77.05520196433184,79.07013864068813,Estimación adecuada
Yabucoa,2015-2019,2,86.1265699532434,85.64102174198763,84.20848296787199,86.89555555604673,Estimación adecuada
Yabucoa,2020-2024,1,75.78194920338815,77.12067682827762,76.23517246753617,78.13820095809103,> e0 observado
Yabucoa,2020-2024,2,85.25611674355481,84.92733493312075,83.64376491291367,86.01591370469694,Estimación adecuada
Yauco,1980-1984,1,71.51456720078431,71.07198265926851,70.41812859967388,72.06577869854254,Estimación adecuada
Yauco,1980-1984,2,77.4589640282646,77.47212697157002,76.42729487426861,78.57883349704736,Estimación adecuada
Yauco,1985-1989,1,69.95040254168732,70.13059965206354,69.3366692779243,71.03363147164589,Estimación adecuada
Yauco,1985-1989,2,77.60208552265917,77.42669318279498,76.52087002411213,78.40290375497325,Estimación adecuada
Yauco,1990-1994,1,71.7335324052013,71.20429501633538,70.3545743218796,72.25088365550269,Estimación adecuada
Yauco,1990-1994,2,78.49054698828598,78.18372677776618,77.42797448929883,78.98525887893432,Estimación adecuada
Yauco,1995-1999,1,72.03051290197796,71.57429797428495,70.68240685341414,72.39507580398117,Estimación adecuada
Yauco,1995-1999,2,79.29391771380651,78.77048441951945,77.7783212924358,79.63061458036765,Estimación adecuada
Yauco,2000-2004,1,72.97803149863371,73.08909000678268,72.07984610742007,73.80806803524193,Estimación adecuada
Yauco,2000-2004,2,79.24854846213276,79.31865048292617,78.39355281939582,80.34190508108622,Estimación adecuada
Yauco,2005-2009,1,73.24138587908658,73.52814134009621,72.58676019853412,74.33652405349723,Estimación adecuada
Yauco,2005-2009,2,80.5594161821005,80.71135019271387,79.58510361305939,81.56211062403135,Estimación adecuada
Yauco,2010-2014,1,75.57887719653512,75.56156701189047,74.70639919633474,76.57894054643424,Estimación adecuada
Yauco,2010-2014,2,81.76032266455593,81.89708689428713,81.16083820292272,82.72531482077063,Estimación adecuada
Yauco,2015-2019,1,77.43223226793361,77.21569601974478,76.429026326029,78.24645984251505,Estimación adecuada
Yauco,2015-2019,2,82.51620418595085,83.193698359846,82.07200769964396,84.15238880381642,Estimación adecuada
Yauco,2020-2024,1,75.94482006846164,76.36525185619973,75.3701385993798,77.31951010790857,Estimación adecuada
Yauco,2020-2024,2,83.86986937855978,83.26671886075799,82.47129906274003,84.16918587229966,Estimación adecuada
