region,period,sex,e0_observado,e0_estimado,e0_lower,e0_upper,est_eval
Adjuntas,1980-1984,1,72.54189508802463,72.27766760518416,71.07864016571814,73.5418954871437,Estimación adecuada
Adjuntas,1980-1984,2,78.96516925394144,78.82389059694978,77.4236237878256,80.33900128345881,Estimación adecuada
Adjuntas,1985-1989,1,70.84999061728885,71.60012231452089,70.32460260697741,72.74625455800333,Estimación adecuada
Adjuntas,1985-1989,2,78.97855761762072,78.93571809423713,77.61153401855233,80.40308431271248,Estimación adecuada
Adjuntas,1990-1994,1,71.49310954038985,71.4968098052085,70.31941484255755,72.65348442559886,Estimación adecuada
Adjuntas,1990-1994,2,77.88047658335911,78.49663416672618,77.36620920825918,79.8648134320997,Estimación adecuada
Adjuntas,1995-1999,1,71.91080703113897,72.09912366778144,70.89270642483491,73.33610754488257,Estimación adecuada
Adjuntas,1995-1999,2,78.53770419818306,78.83596048592746,77.69867003738031,80.16945934574535,Estimación adecuada
Adjuntas,2000-2004,1,74.0807006063416,73.83518787840163,72.67082694361793,74.91932818456394,Estimación adecuada
Adjuntas,2000-2004,2,79.50851081175084,79.939537931323855,78.75604797452385,81.16838482752121,Estimación adecuada
Adjuntas,2005-2009,1,77.13413877724005,76.00165722383292,74.88345287992269,77.25176038743139,Estimación adecuada
Adjuntas,2005-2009,2,82.23262377887984,82.1840920504182,80.75304842868285,83.66296471497648,Estimación adecuada
Adjuntas,2010-2014,1,78.0170892039493,76.95543976582921,75.82486619750759,78.01849186687768,Estimación adecuada
Adjuntas,2010-2014,2,84.37542750420445,83.57558883497757,82.13495580541723,85.30010678770579,Estimación adecuada
Adjuntas,2015-2019,1,80.07122326396828,79.52916703170172,78.1040942790515,81.06171162612499,Estimación adecuada
Adjuntas,2015-2019,2,84.75780508868199,84.92923051835398,83.24959531914125,86.7663653073625,Estimación adecuada
Adjuntas,2020-2024,1,80.09050176489524,79.11238157197033,77.82267876944876,80.48077512028223,Estimación adecuada
Adjuntas,2020-2024,2,87.03883394524668,86.24308566464356,84.57417063114266,88.32196029148515,Estimación adecuada
Aguada,1980-1984,1,73.2175687853255,72.99393908356424,71.87579259711036,74.15855741395232,Estimación adecuada
Aguada,1980-1984,2,76.66307974738103,77.61408849382968,76.44238515067289,78.96440297313782,Estimación adecuada
Aguada,1985-1989,1,73.21396709192831,72.93510730926162,71.903116066359,73.8988347591073,Estimación adecuada
Aguada,1985-1989,2,77.70261010174512,77.99628191487301,76.98660852145656,79.07319297924874,Estimación adecuada
Aguada,1990-1994,1,73.47166304966473,73.0135428946995,72.00547572817614,74.02374345693137,Estimación adecuada
Aguada,1990-1994,2,79.56472305278581,79.38772980457614,78.10122944629613,80.59807088954939,Estimación adecuada
Aguada,1995-1999,1,72.96139718811193,72.69276714410438,71.69652132923734,73.66650560945422,Estimación adecuada
Aguada,1995-1999,2,78.42598214583917,78.4961050969439,77.63929696567605,79.52894783415495,Estimación adecuada
Aguada,2000-2004,1,75.7731265619719,75.20519914460802,74.23861744901544,76.20350949287983,Estimación adecuada
Aguada,2000-2004,2,80.35987918975404,80.35008897427718,79.3232033270452,81.37387932449046,Estimación adecuada
Aguada,2005-2009,1,77.6139364553716,76.69619405336377,75.7311378251887,77.76090248117539,Estimación adecuada
Aguada,2005-2009,2,81.487501570255,81.40364974949502,80.38283957049138,82.47917638612448,Estimación adecuada
Aguada,2010-2014,1,77.3081065450094,76.91557264449148,75.89803665744365,77.85327463399317,Estimación adecuada
Aguada,2010-2014,2,83.93649978812951,83.47806415989223,82.29982680244927,84.74596930098635,Estimación adecuada
Aguada,2015-2019,1,80.17632385200217,79.24143515845127,78.22541582450935,80.2512096059051,Estimación adecuada
Aguada,2015-2019,2,84.88514363026218,84.76894176753127,83.70561974976557,85.96655641305931,Estimación adecuada
Aguada,2020-2024,1,78.78968559483442,78.17014693176404,77.20573008907591,79.07097896169974,Estimación adecuada
Aguada,2020-2024,2,83.87729580688905,84.00791452368462,83.07787751155396,85.04116897682046,Estimación adecuada
Aguadilla,1980-1984,1,71.00678071372081,71.09443332223861,70.23340126999912,71.94666060717535,Estimación adecuada
Aguadilla,1980-1984,2,77.48535658677463,77.35503216334855,76.5166595140513,78.20368876916268,Estimación adecuada
Aguadilla,1985-1989,1,70.58561267446154,70.70887836104113,69.89248756146391,71.50140201878563,Estimación adecuada
Aguadilla,1985-1989,2,77.65780206154783,77.50593586915227,76.70799408546823,78.30802514221403,Estimación adecuada
Aguadilla,1990-1994,1,70.88482346377512,70.81250300890085,69.93515434700883,71.59595633070636,Estimación adecuada
Aguadilla,1990-1994,2,77.99785568547416,77.81310343306569,77.0999323315327,78.66812585266702,Estimación adecuada
Aguadilla,1995-1999,1,70.78010378855268,70.74658329875706,70.03285706889453,71.46908060925198,Estimación adecuada
Aguadilla,1995-1999,2,78.16686736979354,78.03546958956872,77.28412640160158,78.801498693255,Estimación adecuada
Aguadilla,2000-2004,1,73.78276571753028,73.31948843354061,72.55496784778373,74.01851207600167,Estimación adecuada
Aguadilla,2000-2004,2,80.45198774138778,79.96324924027473,79.14458374499512,80.77230291750956,Estimación adecuada
Aguadilla,2005-2009,1,74.34368140644376,74.10869712317646,73.33264328108594,74.89375294787948,Estimación adecuada
Aguadilla,2005-2009,2,81.18616231865005,80.81199319714496,79.939360487747,81.58959195754437,Estimación adecuada
Aguadilla,2010-2014,1,76.10575530196566,75.60315796048613,74.87089585262707,76.37709887576001,Estimación adecuada
Aguadilla,2010-2014,2,81.66758711742574,81.5931692250449,80.79568627527887,82.38606469155484,Estimación adecuada
Aguadilla,2015-2019,1,77.5014617746831,76.93127516617147,76.0390310354252,77.8583996914395,Estimación adecuada
Aguadilla,2015-2019,2,82.99395073109925,83.46007778474709,82.55734001546267,84.5409070245697,Estimación adecuada
Aguadilla,2020-2024,1,76.52156602867669,76.52720068728657,75.66939770972436,77.39939955248326,Estimación adecuada
Aguadilla,2020-2024,2,83.20736033493193,83.29546754310563,82.41482723495103,84.140561603075,Estimación adecuada
Aguas Buenas,1980-1984,1,70.9060601893331,71.54455389458332,70.38566385488951,72.73471052378578,Estimación adecuada
Aguas Buenas,1980-1984,2,79.20230439846388,78.77655835880766,77.43100047268194,80.30981025100996,Estimación adecuada
Aguas Buenas,1985-1989,1,71.73217429810381,72.00845300867597,70.8138828653041,73.22573800215199,Estimación adecuada
Aguas Buenas,1985-1989,2,78.66666240443578,78.81005851746997,77.53728708869804,80.23932146712085,Estimación adecuada
Aguas Buenas,1990-1994,1,71.9040754109389,71.78266711293017,70.65819760602994,72.94170375324862,Estimación adecuada
Aguas Buenas,1990-1994,2,82.01930667891538,80.80044433246866,79.36458262057991,82.54274641056615,Estimación adecuada
Aguas Buenas,1995-1999,1,72.03242058667273,72.18413415954501,71.08237314636317,73.21538301097908,Estimación adecuada
Aguas Buenas,1995-1999,2,79.29741471606215,79.19660650804038,78.17535925284031,80.47456944352118,Estimación adecuada
Aguas Buenas,2000-2004,1,74.50847723417229,74.44184988157701,73.45906171627277,75.6060308314931,Estimación adecuada
Aguas Buenas,2000-2004,2,81.53307661620572,81.41779212401298,80.16471841751476,82.77738221288718,Estimación adecuada
Aguas Buenas,2005-2009,1,74.76751879253902,75.17659167937637,74.10017376446078,76.39441485379427,Estimación adecuada
Aguas Buenas,2005-2009,2,83.74825554704383,83.50518039530485,82.11215608698149,85.11317972467704,Estimación adecuada
Aguas Buenas,2010-2014,1,77.07874986678003,77.58802185134022,76.28245654349796,78.84456869986515,Estimación adecuada
Aguas Buenas,2010-2014,2,83.69043751017024,83.89896080007198,82.70308264209528,85.21105637991877,Estimación adecuada
Aguas Buenas,2015-2019,1,77.12363910638715,77.98877734343651,76.79045634221782,79.12929042068909,Estimación adecuada
Aguas Buenas,2015-2019,2,86.87058779798109,86.0009626777358,84.51568925415532,87.78827940911411,Estimación adecuada
Aguas Buenas,2020-2024,1,77.71291412855061,78.16520305073121,77.02292103361883,79.37799516309778,Estimación adecuada
Aguas Buenas,2020-2024,2,86.01372227536957,85.47897790708612,84.1565517462075,87.16209149047276,Estimación adecuada
Aibonito,1980-1984,1,71.20727896829324,71.6223889635486,70.4862393931713,72.83872881109579,Estimación adecuada
Aibonito,1980-1984,2,78.10148160174786,78.23856530497886,76.98545477693533,79.62299253460354,Estimación adecuada
Aibonito,1985-1989,1,70.93804632594708,71.29547576328858,70.09905875312505,72.42763949241646,Estimación adecuada
Aibonito,1985-1989,2,79.48839408130232,79.18352199216056,77.93273108354322,80.59557736923864,Estimación adecuada
Aibonito,1990-1994,1,72.7988506012683,72.40159734551898,71.22858580063175,73.56944579487444,Estimación adecuada
Aibonito,1990-1994,2,79.2040372973333,79.02240478688202,77.8645907803933,80.12964518958981,Estimación adecuada
Aibonito,1995-1999,1,72.77760443633895,72.2559287604174,71.14433209965871,73.46687162282056,Estimación adecuada
Aibonito,1995-1999,2,79.65397963842348,79.54125437460473,78.41716178139504,80.68770952739062,Estimación adecuada
Aibonito,2000-2004,1,74.39460579414155,74.09830214801008,73.03838545406487,75.15511872205185,Estimación adecuada
Aibonito,2000-2004,2,80.67825254541816,80.64753678538443,79.58674025099609,81.90662190530922,Estimación adecuada
Aibonito,2005-2009,1,74.88960349978896,74.93739363155734,73.80490200451656,76.06900657225127,Estimación adecuada
Aibonito,2005-2009,2,81.30587533973025,81.24094548752414,80.0662361867876,82.45371688462178,Estimación adecuada
Aibonito,2010-2014,1,74.15371449624436,75.54980881265715,74.38750329669898,76.59410676848398,> e0 observado
Aibonito,2010-2014,2,82.83346667872438,82.87830520243038,81.61862805412093,84.19482971145383,Estimación adecuada
Aibonito,2015-2019,1,77.00855644451337,77.74215388537527,76.68098618181774,78.99216117010218,Estimación adecuada
Aibonito,2015-2019,2,83.92589167839914,84.3772826519323,83.22396411248248,85.67412130771861,Estimación adecuada
Aibonito,2020-2024,1,79.62044145372404,79.14772282227285,77.96640210640972,80.54385442544269,Estimación adecuada
Aibonito,2020-2024,2,85.54801976071055,85.60048003262557,84.33212010202045,87.05073919428547,Estimación adecuada
Anasco,1980-1984,1,72.01460523472085,71.61085307568499,70.44141895031183,72.77953697513408,Estimación adecuada
Anasco,1980-1984,2,76.47877169471658,76.78606372682393,75.66033303031328,78.01423231532829,Estimación adecuada
Anasco,1985-1989,1,71.42888891874672,71.3593569969118,70.33005869133031,72.4124618053365,Estimación adecuada
Anasco,1985-1989,2,76.49626365968555,77.12846072643184,75.89663822170344,78.30894122248732,Estimación adecuada
Anasco,1990-1994,1,70.05228247802772,70.66423513818629,69.56272961955153,71.75359800816763,Estimación adecuada
Anasco,1990-1994,2,77.19464732684078,77.5553809768146,76.51056737122268,78.61254662310238,Estimación adecuada
Anasco,1995-1999,1,71.8503650088804,71.31978005168585,70.30536807556913,72.28857936793595,Estimación adecuada
Anasco,1995-1999,2,77.85360337047756,77.94588685529975,76.94559030667656,79.0477701919168,Estimación adecuada
Anasco,2000-2004,1,74.35938543935956,73.92716931681277,72.86956725831593,74.97300711333297,Estimación adecuada
Anasco,2000-2004,2,80.6361937434096,80.28092464372253,79.12508274883616,81.6113976115352,Estimación adecuada
Anasco,2005-2009,1,76.96481061689505,75.8914192510188,74.87479056859634,76.96902758441504,Estimación adecuada
Anasco,2005-2009,2,82.18483587125668,81.61768388588358,80.4279947030873,82.89227121329066,Estimación adecuada
Anasco,2010-2014,1,76.38264162433823,76.01054904820148,75.00530028971477,76.99155769095175,Estimación adecuada
Anasco,2010-2014,2,83.0792504741019,82.80521871184547,81.53523791640822,84.21547988536754,Estimación adecuada
Anasco,2015-2019,1,78.19758272547156,77.68311011226987,76.63056138206454,78.81519409543537,Estimación adecuada
Anasco,2015-2019,2,85.54315717152748,84.82076725648736,83.56992246745548,86.21190160573913,Estimación adecuada
Anasco,2020-2024,1,77.16064670152906,77.4208884271753,76.22039445056453,78.50297356033603,Estimación adecuada
Anasco,2020-2024,2,83.21756305986028,84.22643209531233,83.08749790703996,85.55756001048717,Estimación adecuada
Arecibo,1980-1984,1,70.94822313738123,70.98870587862035,70.32656232835082,71.61894605201553,Estimación adecuada
Arecibo,1980-1984,2,77.54900544750468,77.29115680487658,76.61385016927098,78.04959870864087,Estimación adecuada
Arecibo,1985-1989,1,70.27186805457086,70.40453233270384,69.71064743460683,71.10138736194881,Estimación adecuada
Arecibo,1985-1989,2,77.07511338664264,77.1182480583618,76.43143546713114,77.85553053677344,Estimación adecuada
Arecibo,1990-1994,1,70.7566402122555,70.68597334039269,70.036235181249,71.34466839315253,Estimación adecuada
Arecibo,1990-1994,2,77.82525476262934,77.83173539484241,77.17533618100714,78.49473665355715,Estimación adecuada
Arecibo,1995-1999,1,70.42422951948053,70.42447273839556,69.83438178190667,71.06577040810174,Estimación adecuada
Arecibo,1995-1999,2,77.67805190763367,77.70060679387619,77.12329761645005,78.25451230428915,Estimación adecuada
Arecibo,2000-2004,1,73.58677734329173,73.2645823914105,72.6561609128203,73.88289205495835,Estimación adecuada
Arecibo,2000-2004,2,80.17723082421405,79.86921492874994,79.19811659975386,80.5213736743438,Estimación adecuada
Arecibo,2005-2009,1,73.79746978285581,73.7750231413004,73.11587184001716,74.37732647793065,Estimación adecuada
Arecibo,2005-2009,2,80.99120726198103,80.66436089942547,80.06685140068882,81.31800409410172,Estimación adecuada
Arecibo,2010-2014,1,75.7499952369095,75.59216428761633,74.90065000068314,76.20926765684268,Estimación adecuada
Arecibo,2010-2014,2,81.99729917976788,81.68461356432277,81.04447027367034,82.36840498091948,Estimación adecuada
Arecibo,2015-2019,1,77.47760291858165,77.32538945805283,76.59750539655495,78.00316671560078,Estimación adecuada
Arecibo,2015-2019,2,84.62096334942434,84.26942822272395,83.56890635594046,85.0930843538094,Estimación adecuada
Arecibo,2020-2024,1,77.03404417797987,76.85277940117452,76.12112516889479,77.51997720328417,Estimación adecuada
Arecibo,2020-2024,2,83.99392652816302,83.68067854770962,83.00019921539865,84.40859773482511,Estimación adecuada
Arroyo,1980-1984,1,69.26197243419952,69.85916258155287,68.65323481914285,71.17310642286166,Estimación adecuada
Arroyo,1980-1984,2,77.70227943996014,77.46848020014431,76.12176352861756,78.98966183946415,Estimación adecuada
Arroyo,1985-1989,1,69.06544938666637,69.59427183767357,68.40862075177364,70.80470212003192,Estimación adecuada
Arroyo,1985-1989,2,76.53547803214356,76.65773063472983,75.50248048023347,77.8602688063414,Estimación adecuada
Arroyo,1990-1994,1,69.467701272295,69.81463711731675,68.53465193664975,70.9394011404026,Estimación adecuada
Arroyo,1990-1994,2,79.1638940521351,78.37944500972989,77.17798799852211,79.88952209723467,Estimación adecuada
Arroyo,1995-1999,1,69.35840651861476,69.97801161745588,68.76149408422569,71.07384161416435,Estimación adecuada
Arroyo,1995-1999,2,77.98473955428868,77.58778049386106,76.37545649687698,78.66395642074555,Estimación adecuada
Arroyo,2000-2004,1,72.46263355278661,72.53345357077288,71.28660869490058,73.70851391794713,Estimación adecuada
Arroyo,2000-2004,2,79.49462438506767,79.47735318030237,78.27261534955787,80.95733833515985,Estimación adecuada
Arroyo,2005-2009,1,73.52924324703847,73.65274968893974,72.47327508531926,74.83381002388336,Estimación adecuada
Arroyo,2005-2009,2,81.55925566302211,81.02489667965204,79.79213559599415,82.49458249778084,Estimación adecuada
Arroyo,2010-2014,1,73.74855783813933,74.27216190699394,73.1824385038134,75.42337564112368,Estimación adecuada
Arroyo,2010-2014,2,82.70095569618667,82.19830268684005,80.81550443139753,83.63398763224332,Estimación adecuada
Arroyo,2015-2019,1,74.8566557237882,76.23496427542226,75.06235799873699,77.53811617080157,> e0 observado
Arroyo,2015-2019,2,83.0866067343545,83.42112432879793,82.04072106446738,85.1492003221497,Estimación adecuada
Arroyo,2020-2024,1,77.15040742709186,76.84429230682025,75.49213213869163,78.23822497289966,Estimación adecuada
Arroyo,2020-2024,2,82.07042233229612,83.12740314488877,81.8717901091957,84.58154228607583,Estimación adecuada
Barceloneta,1980-1984,1,69.54208697130086,70.62731107072014,69.37548028134464,71.87777738608334,Estimación adecuada
Barceloneta,1980-1984,2,77.15945709054438,77.38235867797594,76.0770068334898,78.80774271215357,Estimación adecuada
Barceloneta,1985-1989,1,72.20256138308129,71.84658767439123,70.70517859977208,73.1604703441703,Estimación adecuada
Barceloneta,1985-1989,2,78.86869640220178,78.62498457987198,77.33957706446002,80.03200721251662,Estimación adecuada
Barceloneta,1990-1994,1,71.82801102859922,71.23261535336013,70.13595025966778,72.32746218510691,Estimación adecuada
Barceloneta,1990-1994,2,79.79778456534827,79.6948556165402,78.2874395540954,81.21448494183124,Estimación adecuada
Barceloneta,1995-1999,1,69.62763398284126,70.50872690372601,69.33405786411811,71.75286305446728,Estimación adecuada
Barceloneta,1995-1999,2,78.30155980616671,78.53348496500082,77.3542202212673,79.79366925141733,Estimación adecuada
Barceloneta,2000-2004,1,74.25217285421826,73.65477284686379,72.43894061194553,74.87890944449623,Estimación adecuada
Barceloneta,2000-2004,2,80.98566728548113,80.29626316405253,79.25018084494269,81.6992515350366,Estimación adecuada
Barceloneta,2005-2009,1,75.14771749617947,74.75274422589561,73.49230971252331,75.94731179525424,Estimación adecuada
Barceloneta,2005-2009,2,83.11601404161499,82.44310348839008,81.0854206874474,84.11110299970872,Estimación adecuada
Barceloneta,2010-2014,1,75.38250616989667,75.5482949613332,74.46628847482809,76.64403830111941,Estimación adecuada
Barceloneta,2010-2014,2,83.08358460781069,82.7021796121447,81.48916430909618,83.99454241999575,Estimación adecuada
Barceloneta,2015-2019,1,79.11645760546239,77.87841956119652,76.66893541367348,79.22737801000585,Estimación adecuada
Barceloneta,2015-2019,2,85.56404930901091,84.98784502508427,83.67461627044774,86.59262344451602,Estimación adecuada
Barceloneta,2020-2024,1,75.82195956003592,75.99915199581844,75.021656214240707,77.08654377747557,Estimación adecuada
Barceloneta,2020-2024,2,84.21378427386206,84.46489835961722,83.15253288965981,85.94817559338318,Estimación adecuada
Barranquitas,1980-1984,1,71.33876197975141,71.58108922266993,70.49662494733681,72.65086772277539,Estimación adecuada
Barranquitas,1980-1984,2,77.30531169649653,77.68754072681244,76.40231769982094,78.95695372558576,Estimación adecuada
Barranquitas,1985-1989,1,71.51414892357278,71.59822098879201,70.44287797027816,72.75616086107976,Estimación adecuada
Barranquitas,1985-1989,2,77.76964050663393,78.052646477974207,76.86356652868807,79.3443324665133,Estimación adecuada
Barranquitas,1990-1994,1,70.61622752203239,71.12134503458073,70.00773785875927,72.19253501209761,Estimación adecuada
Barranquitas,1990-1994,2,80.19038720696513,79.64839922053757,78.43205218030388,81.0322574046429,Estimación adecuada
Barranquitas,1995-1999,1,71.30535167741402,71.02654094778609,70.03648575084445,71.9592697207383,Estimación adecuada
Barranquitas,1995-1999,2,77.36809189145215,78.04423978096384,77.04173751658695,79.26046064257494,Estimación adecuada
Barranquitas,2000-2004,1,73.94139576064687,73.90888274892126,72.8435180079512,75.0341570695157,Estimación adecuada
Barranquitas,2000-2004,2,80.92303201880848,81.05171106107716,79.67545370192371,82.73151200709573,Estimación adecuada
Barranquitas,2005-2009,1,75.7544247310515,75.34100413165513,74.18758157985786,76.58870662167048,Estimación adecuada
Barranquitas,2005-2009,2,83.34321773527964,83.00140698647175,81.58449750949136,84.63418619809889,Estimación adecuada
Barranquitas,2010-2014,1,75.82434696179858,75.76515084730039,74.73157805579957,76.8867981811638,Estimación adecuada
Barranquitas,2010-2014,2,83.19916348644448,83.0672359172392,81.92247320951695,84.55857537896122,Estimación adecuada
Barranquitas,2015-2019,1,78.70088384920705,78.21607638036508,77.0895529904405,79.40538422218937,Estimación adecuada
Barranquitas,2015-2019,2,86.1569793140704,85.7910218621637,84.35805977119364,87.58708829083187,Estimación adecuada
Barranquitas,2020-2024,1,77.70140580259377,77.82124729986583,76.59908685848195,78.99091285645733,Estimación adecuada
Barranquitas,2020-2024,2,85.89659093832063,85.71679984800701,84.32427993418958,87.41117864640816,Estimación adecuada
Bayamon,1980-1984,1,72.04514701418194,72.01269199300242,71.53204475872514,72.51302433959641,Estimación adecuada
Bayamon,1980-1984,2,78.18054324807127,78.05639717970656,77.56677764812362,78.54833683778523,Estimación adecuada
Bayamon,1985-1989,1,71.5983747916107,71.62124831815687,71.14821174173092,72.10197083743329,Estimación adecuada
Bayamon,1985-1989,2,79.53402783138928,79.28175193750238,78.78202710980528,79.75948374074545,Estimación adecuada
Bayamon,1990-1994,1,69.4013098024391,69.63312126689854,69.08381983983298,70.10783964596665,Estimación adecuada
Bayamon,1990-1994,2,79.99809814237119,79.89073527633361,79.40029619910979,80.40143557530371,Estimación adecuada
Bayamon,1995-1999,1,70.77177966925491,70.93358717065405,70.44262652457942,71.36575216010137,Estimación adecuada
Bayamon,1995-1999,2,79.73301230251936,79.67645536583117,79.18770828097087,80.16020727275452,Estimación adecuada
Bayamon,2000-2004,1,73.5738231086305,73.61262028157971,73.135133218903,74.08283139008466,Estimación adecuada
Bayamon,2000-2004,2,81.70891995330638,81.59541376683791,81.09573444536457,82.09361193865502,Estimación adecuada
Bayamon,2005-2009,1,74.78989094750837,74.81090723188943,74.31383156794854,75.28527149239416,Estimación adecuada
Bayamon,2005-2009,2,82.81400991090649,82.7043123829828,82.11591190771901,83.18417475104087,Estimación adecuada
Bayamon,2010-2014,1,76.39050901350164,76.36630793785658,75.8775404522511,76.87201558371245,Estimación adecuada
Bayamon,2010-2014,2,84.21195413174073,84.02493789584692,83.5020353305562,84.58489136159908,Estimación adecuada
Bayamon,2015-2019,1,77.4241342974101,77.5197877794773,76.95117373460705,78.09648891129613,Estimación adecuada
Bayamon,2015-2019,2,85.53635487807954,85.22538736678251,84.63504524214468,85.86874160399282,Estimación adecuada
Bayamon,2020-2024,1,76.28240347769595,76.36151698892564,75.79000854747773,76.90086392942192,Estimación adecuada
Bayamon,2020-2024,2,85.66531677680673,85.56314676805312,84.88997590551388,86.17552979907012,Estimación adecuada
Cabo Rojo,1980-1984,1,72.39724763936692,72.6415246083648,71.69731663753552,73.59530369257234,Estimación adecuada
Cabo Rojo,1980-1984,2,77.54158683750231,77.59744380265411,76.65397786969054,78.50288041774398,Estimación adecuada
Cabo Rojo,1985-1989,1,73.0487252974488,73.00764630273926,71.95048629817644,74.02446084181105,Estimación adecuada
Cabo Rojo,1985-1989,2,79.23917112625598,78.94775077259968,77.99015733722563,79.86139885970579,Estimación adecuada
Cabo Rojo,1990-1994,1,72.97925410251543,72.76044651790015,71.92845528850688,73.61004887630033,Estimación adecuada
Cabo Rojo,1990-1994,2,80.55409901002385,80.04448535790647,79.11508922223811,80.9882791752096,Estimación adecuada
Cabo Rojo,1995-1999,1,72.48815364764029,72.4483624290804,71.65229299695373,73.30119754818226,Estimación adecuada
Cabo Rojo,1995-1999,2,79.89647697006733,79.77156757913511,78.95639331940761,80.63994954195832,Estimación adecuada
Cabo Rojo,2000-2004,1,75.02839226790125,74.87006181569043,73.99559077918909,75.777287805498,Estimación adecuada
Cabo Rojo,2000-2004,2,82.11872847252751,81.83611187003993,80.79622229143479,82.80626439198177,Estimación adecuada
Cabo Rojo,2005-2009,1,76.84328880547318,76.19717740634663,75.39624627398116,77.08469467697009,Estimación adecuada
Cabo Rojo,2005-2009,2,82.7883495500848,82.3558034412928,81.49518349594798,83.33099342731002,Estimación adecuada
Cabo Rojo,2010-2014,1,75.75368420461353,76.10600915648848,75.26730607095548,76.93777477970207,Estimación adecuada
Cabo Rojo,2010-2014,2,83.42815115673008,83.62788006170473,82.67385737559623,84.7745489356368,Estimación adecuada
Cabo Rojo,2015-2019,1,79.78583423632398,79.47119819807585,78.537564447925,80.45803611121093,Estimación adecuada
Cabo Rojo,2015-2019,2,84.21493107845924,84.43782267486107,83.48455365988346,85.3768679008268,Estimación adecuada
Cabo Rojo,2020-2024,1,79.36891590464816,79.31421307978134,78.34198157327751,80.29214403356552,Estimación adecuada
Cabo Rojo,2020-2024,2,84.78014352257735,84.63636719442172,83.73113638008742,85.54209103866702,Estimación adecuada
Caguas,1980-1984,1,71.72229204508375,71.75117212502336,71.1517999875336,72.46185130828322,Estimación adecuada
Caguas,1980-1984,2,78.48100883851102,78.2922821892491,77.61071326402359,78.94419187136451,Estimación adecuada
Caguas,1985-1989,1,70.39381171255258,70.47933986150369,69.89303712036883,71.06512212374851,Estimación adecuada
Caguas,1985-1989,2,79.24402800001288,79.0123864158204,78.37215080710708,79.68529533443521,Estimación adecuada
Caguas,1990-1994,1,68.8176451180551,69.15872848546641,68.52022040780338,69.75587286512744,Estimación adecuada
Caguas,1990-1994,2,78.64358444378482,78.58184953318208,77.95856200770403,79.17858063019638,Estimación adecuada
Caguas,1995-1999,1,69.69055735609852,69.93876960209661,69.33821278594635,70.54372361287918,Estimación adecuada
Caguas,1995-1999,2,79.65612948337659,79.5237403974343,78.91053860953956,80.14200220256294,Estimación adecuada
Caguas,2000-2004,1,73.107794927577,73.20566995804711,72.59984411992549,73.80066944108208,Estimación adecuada
Caguas,2000-2004,2,81.16770684291535,80.90649098829309,80.32894565658735,81.55193453829797,Estimación adecuada
Caguas,2005-2009,1,74.70961206827913,74.69539008606048,74.07551826495737,75.26599584230384,Estimación adecuada
Caguas,2005-2009,2,83.1696138038651,82.98644257200262,82.32846687141205,83.75161281261946,Estimación adecuada
Caguas,2010-2014,1,74.58554015299133,74.87333176309055,74.22900699822009,75.5102541494197,Estimación adecuada
Caguas,2010-2014,2,83.90600489563008,83.69614996695242,83.02501156607596,84.35675907103368,Estimación adecuada
Caguas,2015-2019,1,77.12465328076702,77.27798435171589,76.64356146683807,77.94877788735921,Estimación adecuada
Caguas,2015-2019,2,84.81913360231934,84.6909238209735,84.0267545983557,85.35299331078076,Estimación adecuada
Caguas,2020-2024,1,76.29588342135226,76.36363990149886,75.7688504240382,76.93943202138561,Estimación adecuada
Caguas,2020-2024,2,84.58890329073994,84.49600829500825,83.83991104031033,85.1815031739373,Estimación adecuada
Camuy,1980-1984,1,72.00953497661486,72.24783406102115,71.08579997762402,73.24650700293753,Estimación adecuada
Camuy,1980-1984,2,79.0481930632779,78.80573731202098,77.57988595113788,80.35648474446464,Estimación adecuada
Camuy,1985-1989,1,73.05563270338816,72.65799083780786,71.58988442256829,73.91063754156781,Estimación adecuada
Camuy,1985-1989,2,79.50251205629577,79.28948922778693,78.02240146842873,80.67452624157879,Estimación adecuada
Camuy,1990-1994,1,72.48592866320423,72.09203784103642,71.01217659990921,73.12444845121694,Estimación adecuada
Camuy,1990-1994,2,78.42074942707245,78.60015375107113,77.48670550100724,79.61771078248105,Estimación adecuada
Camuy,1995-1999,1,72.6730064081168,72.26093100888343,71.19779780674102,73.23845136215873,Estimación adecuada
Camuy,1995-1999,2,81.15887534595899,80.58514022105537,79.3519674010902,81.8470873569657,Estimación adecuada
Camuy,2000-2004,1,75.51776152008142,74.82138916725177,73.88046258237519,75.74519526444394,Estimación adecuada
Camuy,2000-2004,2,81.38049051623702,80.84035031262812,79.76407412899809,81.95846120484487,Estimación adecuada
Camuy,2005-2009,1,76.01134322923592,75.55584080604658,74.54853858594832,76.49909868474175,Estimación adecuada
Camuy,2005-2009,2,83.37764861657536,82.82176644627036,81.6597428745201,84.19891888212565,Estimación adecuada
Camuy,2010-2014,1,77.47114401608678,76.47388285986432,75.54425833562037,77.34733521025939,< e0 observado
Camuy,2010-2014,2,83.52117698878536,83.23204271213302,82.12045540793879,84.50065728300407,Estimación adecuada
Camuy,2015-2019,1,78.31044325410552,78.05278898522835,77.02795058447562,79.208060906751,Estimación adecuada
Camuy,2015-2019,2,85.3683244262729,85.04922763706286,83.80317336292177,86.46735184404316,Estimación adecuada
Camuy,2020-2024,1,78.26146309261183,77.80504949096596,76.86026707581294,78.81736422944445,Estimación adecuada
Camuy,2020-2024,2,85.47114665413858,85.39566028042768,84.10409994949279,86.75090765489963,Estimación adecuada
Canovanas,1980-1984,1,73.2999178869587,71.99023727280769,70.94699720178417,73.16268557583521,< e0 observado
Canovanas,1980-1984,2,80.06188590433086,78.64658992561155,77.43464942345842,80.0895563744665,Estimación adecuada
Canovanas,1985-1989,1,71.61537365310774,71.34469607038136,70.2968071620974,72.48600494150696,Estimación adecuada
Canovanas,1985-1989,2,78.2476656338885,77.79912829688706,76.62517062134212,79.07937558678775,Estimación adecuada
Canovanas,1990-1994,1,68.47857316458972,69.26389248710677,68.24424760741387,70.2810533357138,Estimación adecuada
Canovanas,1990-1994,2,78.32395417011651,78.20992706992402,77.00837903453284,79.45953080697782,Estimación adecuada
Canovanas,1995-1999,1,67.92417601162161,68.7771142789313,67.8648475989438,69.70696236103615,Estimación adecuada
Canovanas,1995-1999,2,77.19866982997894,77.25860117014014,76.32073537905532,78.27493037301697,Estimación adecuada
Canovanas,2000-2004,1,71.16133588099902,71.90650643329585,70.87970767223682,72.99856030089917,Estimación adecuada
Canovanas,2000-2004,2,79.89031657445086,79.80579325890696,78.81139396216332,80.94186512037395,Estimación adecuada
Canovanas,2005-2009,1,72.03527888088188,72.8774116573594,71.81325560662313,73.89706324210972,Estimación adecuada
Canovanas,2005-2009,2,82.20274877957495,81.72284294127026,80.63918101195381,82.9552917328783,Estimación adecuada
Canovanas,2010-2014,1,73.73163177655941,74.46878738582694,73.5303613046137,75.36928977935851,Estimación adecuada
Canovanas,2010-2014,2,82.38500533806449,81.88728960251021,80.86869162455037,82.98868373288593,Estimación adecuada
Canovanas,2015-2019,1,76.47578865798283,76.8763290710569,75.70852132274395,77.91860030202213,Estimación adecuada
Canovanas,2015-2019,2,83.4705410867674,83.30626965771475,82.18849637601032,84.39016681794683,Estimación adecuada
Canovanas,2020-2024,1,75.27011547141527,75.52452093238753,74.6014569557345,76.43223672532164,Estimación adecuada
Canovanas,2020-2024,2,84.62181844092844,84.08714972834926,83.01321622592685,85.22623452145761,Estimación adecuada
Carolina,1980-1984,1,72.6794571065647,72.67747085017302,72.08378807890725,73.24316873165627,Estimación adecuada
Carolina,1980-1984,2,80.00245669766524,79.69158815608665,79.01864082952466,80.40026348343557,Estimación adecuada
Carolina,1985-1989,1,71.45905207579524,71.56293195176013,71.01524981231124,72.06448418399378,Estimación adecuada
Carolina,1985-1989,2,79.99533355118935,79.78819893187364,79.1959239303444,80.44253412728612,Estimación adecuada
Carolina,1990-1994,1,69.88961527032848,70.16356451549876,69.5957337780499,70.70143838573503,Estimación adecuada
Carolina,1990-1994,2,79.19273965392165,79.23796116037667,78.70281944764959,79.82251983672279,Estimación adecuada
Carolina,1995-1999,1,70.60394767924991,70.85005431638697,70.31612634149201,71.37278469443213,Estimación adecuada
Carolina,1995-1999,2,80.17066355341139,80.04984601066998,79.50905537268487,80.58411101914862,Estimación adecuada
Carolina,2000-2004,1,73.93076115352547,74.03929072889736,73.50666031876915,74.59733358912001,Estimación adecuada
Carolina,2000-2004,2,81.94990115891812,81.75181301126293,81.1725795101262,82.31464232391946,Estimación adecuada
Carolina,2005-2009,1,74.82294831043073,74.89633539861592,74.35281048284739,75.43645244403099,Estimación adecuada
Carolina,2005-2009,2,82.93347404417227,82.83091722119718,82.23521972685283,83.44074280902963,Estimación adecuada
Carolina,2010-2014,1,75.7216623224996,75.97435901101778,75.35635300995217,76.54715316483939,Estimación adecuada
Carolina,2010-2014,2,84.32702876051525,84.18587763657203,83.53496708456665,84.82919949029097,Estimación adecuada
Carolina,2015-2019,1,78.16150181754098,78.15405031810364,77.4916410110563,78.77132831251963,Estimación adecuada
Carolina,2015-2019,2,86.31301087441426,86.09802535616836,85.4083306849602,86.79302574258179,Estimación adecuada
Carolina,2020-2024,1,78.61601699181084,78.52131516460625,77.92933100392062,79.16621512493553,Estimación adecuada
Carolina,2020-2024,2,85.92480146843513,85.52443244258367,84.89958207821905,86.1900760696025,Estimación adecuada
Catano,1980-1984,1,64.71158204088911,66.10183152467232,65.07772030848525,67.18435052637804,> e0 observado
Catano,1980-1984,2,75.60330232750007,75.33498579515579,74.19259822590585,76.53149068150806,Estimación adecuada
Catano,1985-1989,1,65.74843366392102,66.8456620655264,65.76313971615677,67.98888553393515,> e0 observado
Catano,1985-1989,2,78.65957711284251,77.38654141674749,76.12647810212937,78.67488634173134,Estimación adecuada
Catano,1990-1994,1,63.551421617424765,65.22586608886849,64.0517082862293,66.26589596467898,> e0 observado
Catano,1990-1994,2,77.73013012436986,77.25599453765918,76.11324798230405,78.42487061183189,Estimación adecuada
Catano,1995-1999,1,64.95894376240564,66.37898776588476,65.26233412075977,67.39963107745636,> e0 observado
Catano,1995-1999,2,77.8017354936669,77.50432952215296,76.38083195949824,78.66847124325456,Estimación adecuada
Catano,2000-2004,1,69.54736006919788,70.42737604224882,69.34110877054808,71.51090695348122,Estimación adecuada
Catano,2000-2004,2,80.2420833723342,79.32190163042559,78.25284067510735,80.51532753552343,Estimación adecuada
Catano,2005-2009,1,70.0088463290445,71.0322885747998,69.89859683435478,72.1053055410396,Estimación adecuada
Catano,2005-2009,2,82.4846061988492,81.70163014161372,80.29511965652722,83.35071593973888,Estimación adecuada
Catano,2010-2014,1,73.04054164065786,73.3206494465021,72.18002032567868,74.44713593328963,Estimación adecuada
Catano,2010-2014,2,85.05347927327067,83.04189614209756,81.61957366398977,84.7926654794413,< e0 observado
Catano,2015-2019,1,73.65254048968006,74.62954959328539,73.44988442468821,75.89941319739427,Estimación adecuada
Catano,2015-2019,2,86.94579083490224,85.28787111336007,83.55050522550361,87.34757321572329,Estimación adecuada
Catano,2020-2024,1,73.01737041087927,74.0651085582311,72.7955525864401,75.46098674716958,Estimación adecuada
Catano,2020-2024,2,86.0684794743231,84.85380537173998,83.34032961090874,86.73828531540205,Estimación adecuada
Cayey,1980-1984,1,71.32064492875627,71.1645894967507,70.25652191826357,72.06214623285253,Estimación adecuada
Cayey,1980-1984,2,76.88437352747384,77.06935490545958,76.0394134138595,78.13324617783238,Estimación adecuada
Cayey,1985-1989,1,69.35200072016079,69.9123747474591,69.05280964986973,70.74388495702233,Estimación adecuada
Cayey,1985-1989,2,78.24162311103663,78.1194947925969,77.12491917227948,79.28656394840804,Estimación adecuada
Cayey,1990-1994,1,69.27521430891126,69.87902998293217,68.93424801208786,70.72606094427682,Estimación adecuada
Cayey,1990-1994,2,78.16553833033852,78.26250541572927,77.29988205917434,79.16955029651973,Estimación adecuada
Cayey,1995-1999,1,70.01299547508536,70.52561555130367,69.64606176617481,71.38228452042553,Estimación adecuada
Cayey,1995-1999,2,78.87259018768239,78.86266788514949,77.94017284982824,79.80336993635935,Estimación adecuada
Cayey,2000-2004,1,73.68749999421473,73.70099764613849,72.81068026774113,74.61475551194424,Estimación adecuada
Cayey,2000-2004,2,81.22226473989993,80.52285695958994,79.60419734341768,81.4331786809708,Estimación adecuada
Cayey,2005-2009,1,73.99614368964569,74.51317287183716,73.65002181733864,75.5459980308073,Estimación adecuada
Cayey,2005-2009,2,82.1533699228688,81.78884123951008,80.72665303429832,82.85534767728382,Estimación adecuada
Cayey,2010-2014,1,75.00610378038506,75.63823212279902,74.71395269086561,76.62972519014026,Estimación adecuada
Cayey,2010-2014,2,83.73637939950336,83.33180496795562,82.2997857299821,84.4256320987881,Estimación adecuada
Cayey,2015-2019,1,78.54670044615935,78.41753393560563,77.49209054512586,79.46029862769286,Estimación adecuada
Cayey,2015-2019,2,85.74693279734878,85.14898509194384,84.06188498955075,86.40617550114003,Estimación adecuada
Cayey,2020-2024,1,79.40962956727441,79.30574913488755,78.14331086556213,80.43917389064565,Estimación adecuada
Cayey,2020-2024,2,87.6006348574498,86.95729326281787,85.7459471404512,88.32745802977358,Estimación adecuada
Ceiba,1980-1984,1,72.14585176157938,71.57698316653719,70.27600384248228,72.85635357475131,Estimación adecuada
Ceiba,1980-1984,2,78.61104372786001,77.89857773050667,76.28960940989477,79.93770961352675,Estimación adecuada
Ceiba,1985-1989,1,70.6198183166503,70.62037392441681,69.26161537352155,71.81065770840391,Estimación adecuada
Ceiba,1985-1989,2,79.13415807152825,78.34198057643295,76.88724281426069,80.0253451494855,Estimación adecuada
Ceiba,1990-1994,1,71.00935671117365,70.81651662417838,69.49253277426502,72.17203107752609,Estimación adecuada
Ceiba,1990-1994,2,79.17042900270538,78.66979389787835,77.2750119286197,80.18998627448605,Estimación adecuada
Ceiba,1995-1999,1,72.51721647517238,71.51909926968565,70.2726251475226,72.69226894925846,Estimación adecuada
Ceiba,1995-1999,2,78.14728081414309,78.4900229716639,77.11136017141992,79.98619825454824,Estimación adecuada
Ceiba,2000-2004,1,74.86667065353893,73.68247165032835,72.45451089712134,74.97647458746555,Estimación adecuada
Ceiba,2000-2004,2,80.68427804057518,80.77846066161959,79.3327382538355,82.49296446544378,Estimación adecuada
Ceiba,2005-2009,1,76.12252834869311,74.81608041141195,73.57934634372222,76.2165928685521,Estimación adecuada
Ceiba,2005-2009,2,82.7966883833198,82.22913019385174,80.61333639021508,84.15421972234597,Estimación adecuada
Ceiba,2010-2014,1,75.46412666889606,76.23009299280369,74.79488399548539,77.80410403796711,Estimación adecuada
Ceiba,2010-2014,2,81.41353267344712,82.34578372575393,80.88794191127509,84.16106668634275,Estimación adecuada
Ceiba,2015-2019,1,78.54557923356414,77.97092543089227,76.56651824189557,79.69895575272577,Estimación adecuada
Ceiba,2015-2019,2,86.20789836529356,85.56583155859678,83.5807286709838,87.92800353995356,Estimación adecuada
Ceiba,2020-2024,1,72.26101326760208,76.14399015082547,74.80929137534744,77.5491501531844,> e0 observado
Ceiba,2020-2024,2,81.87366447467527,83.89991433190293,82.22339049692076,85.75939164988918,> e0 observado
Ciales,1980-1984,1,73.3601690081269,72.74312221758171,71.56512480553933,73.91174924722864,Estimación adecuada
Ciales,1980-1984,2,79.08450788252533,78.80058709717633,77.44022484710078,80.46752158404273,Estimación adecuada
Ciales,1985-1989,1,73.80385799895002,73.01203621226782,71.71863129011123,74.321861969545,Estimación adecuada
Ciales,1985-1989,2,79.25761748100682,79.17467312689989,77.76879954316522,81.06267965381483,Estimación adecuada
Ciales,1990-1994,1,72.25274862856378,72.09589347330751,70.88038180661185,73.27157307411663,Estimación adecuada
Ciales,1990-1994,2,79.82543814746265,79.52179024859097,78.097896197803,80.90625981726069,Estimación adecuada
Ciales,1995-1999,1,71.42663286324974,71.74542153733884,70.46979404066096,73.00032188487434,Estimación adecuada
Ciales,1995-1999,2,79.238381112831,79.61522060225404,78.2773355878892,81.21220961109874,Estimación adecuada
Ciales,2000-2004,1,72.8877247015535,73.710826036236,72.50441282343186,74.87241797586374,Estimación adecuada
Ciales,2000-2004,2,80.83769687356553,81.20349532503435,79.92233598062727,82.88897432519256,Estimación adecuada
Ciales,2005-2009,1,74.52536084511352,75.04873355958138,73.74423021378736,76.25616220806181,Estimación adecuada
Ciales,2005-2009,2,82.13836581268944,82.31106672083467,80.80664378266432,83.95893057177,Estimación adecuada
Ciales,2010-2014,1,75.83944224399347,76.47461437640632,75.32174039905104,77.68031125143749,Estimación adecuada
Ciales,2010-2014,2,83.18525319463721,83.53489014213335,82.08067066476744,85.30051422308993,Estimación adecuada
Ciales,2015-2019,1,80.35963140996523,79.04833036515791,77.84424534102153,80.50384393396932,Estimación adecuada
Ciales,2015-2019,2,85.16754149388572,85.79910763936243,84.09664965850479,87.94809246095814,Estimación adecuada
Ciales,2020-2024,1,78.0952139934909,78.11152580917145,76.89135371034756,79.39718105824119,Estimación adecuada
Ciales,2020-2024,2,83.7838176468441,84.33881816129463,83.05755330151179,85.82315191263015,Estimación adecuada
Cidra,1980-1984,1,72.92625993210298,73.21215528155517,72.01299988104446,74.49898766776509,Estimación adecuada
Cidra,1980-1984,2,80.25294604658151,79.92488457390097,78.57782336473153,81.47968367538678,Estimación adecuada
Cidra,1985-1989,1,72.65671880748917,72.75789448055293,71.61972970905481,73.82753301595093,Estimación adecuada
Cidra,1985-1989,2,79.2640060129605,79.29064174851072,78.1161178139568,80.69630399330981,Estimación adecuada
Cidra,1990-1994,1,74.59270123853278,73.89830665274069,72.79234360031512,75.10692892861046,Estimación adecuada
Cidra,1990-1994,2,79.58259869878654,79.40183358036225,78.39769117361745,80.44650524827466,Estimación adecuada
Cidra,1995-1999,1,74.21713653214772,73.82310387254454,72.87433321164174,74.82356631337184,Estimación adecuada
Cidra,1995-1999,2,80.46720179098129,80.72448230829653,79.56301070961331,81.95226727126894,Estimación adecuada
Cidra,2000-2004,1,76.1648075054388,75.75622211352726,74.76901337103685,76.73491882633856,Estimación adecuada
Cidra,2000-2004,2,83.06880741955162,82.60725218395113,81.40850098778512,83.85656355454165,Estimación adecuada
Cidra,2005-2009,1,76.2488157847596,76.25668660908339,75.33342790651903,77.32994159079499,Estimación adecuada
Cidra,2005-2009,2,83.29450873472624,83.18662282199783,81.97159171318376,84.60828943655888,Estimación adecuada
Cidra,2010-2014,1,77.33131059096634,77.58967444840314,76.61380571316057,78.63853875250149,Estimación adecuada
Cidra,2010-2014,2,83.46470181390174,83.31422020976535,82.31525293727509,84.45633978255044,Estimación adecuada
Cidra,2015-2019,1,78.97458456608396,79.23419274428193,78.1077386738889,80.37922303937741,Estimación adecuada
Cidra,2015-2019,2,84.69043178604441,85.06587183855859,83.91262763472878,86.34728101591897,Estimación adecuada
Cidra,2020-2024,1,79.7427353948676,79.59910310971028,78.3655714840549,80.78892502436267,Estimación adecuada
Cidra,2020-2024,2,85.33702768748,85.16167968134732,84.10911510514599,86.33542637879407,Estimación adecuada
Coamo,1980-1984,1,71.83261143264684,71.87023317805313,70.8030203840319,73.00526909533124,Estimación adecuada
Coamo,1980-1984,2,77.96592585526496,78.30341465659987,77.06632188001099,79.60920116705022,Estimación adecuada
Coamo,1985-1989,1,71.23431252697634,71.38014894179153,70.41079294782841,72.40222555785286,Estimación adecuada
Coamo,1985-1989,2,77.61875344002883,78.03073011166904,76.88702676288634,79.3016093972651,Estimación adecuada
Coamo,1990-1994,1,71.15206342123702,71.21705176080167,70.28555362283348,72.2588319203982,Estimación adecuada
Coamo,1990-1994,2,79.52007940092251,79.25810995538444,78.18992023561943,80.43980291137433,Estimación adecuada
Coamo,1995-1999,1,71.1960753395491,71.38730715519743,70.410391333571,72.38198774680298,Estimación adecuada
Coamo,1995-1999,2,78.423903843953,78.65484532313039,77.70356965385275,79.70666072705544,Estimación adecuada
Coamo,2000-2004,1,73.24248106281058,73.34492561840045,72.40958398156874,74.29816949564024,Estimación adecuada
Coamo,2000-2004,2,81.2524184753369,80.94996084117804,79.90053073884776,82.06642337550497,Estimación adecuada
Coamo,2005-2009,1,76.67061680312946,75.76359745423352,74.8302509530075,76.66331040811258,< e0 observado
Coamo,2005-2009,2,82.50443120167047,82.14557414684555,81.02458218807332,83.40767931829701,Estimación adecuada
Coamo,2010-2014,1,76.08519397019607,75.9979361204125,75.01707376413077,77.00691969157387,Estimación adecuada
Coamo,2010-2014,2,82.76456200780567,82.3668074615891,81.4009588081293,83.55498158108512,Estimación adecuada
Coamo,2015-2019,1,76.3555860235564,76.6863048193781,75.71391251070617,77.68805952652389,Estimación adecuada
Coamo,2015-2019,2,84.32302802936533,84.46776974722295,83.22722697422778,85.87176927937303,Estimación adecuada
Coamo,2020-2024,1,78.73457128285159,78.02851362175193,76.95472298278477,79.10545367214675,Estimación adecuada
Coamo,2020-2024,2,85.32320664794793,85.07226189142142,84.02199473150579,86.43770230250925,Estimación adecuada
Comerio,1980-1984,1,72.39160599187598,72.14748939621903,71.06917382155058,73.47002852645139,Estimación adecuada
Comerio,1980-1984,2,80.50714392154065,79.36786916276637,77.79824812385155,81.10963550744779,Estimación adecuada
Comerio,1985-1989,1,72.46599051488649,72.10000780919697,70.84973949147252,73.20627559385959,Estimación adecuada
Comerio,1985-1989,2,79.35372018267553,79.13003063202723,77.70280118980996,80.67700623858114,Estimación adecuada
Comerio,1990-1994,1,72.63261964951914,71.9645538334985,70.70313597657677,73.16067764182982,Estimación adecuada
Comerio,1990-1994,2,78.0865724889923,78.54330693464479,77.24795984226701,79.83729690046363,Estimación adecuada
Comerio,1995-1999,1,71.13227286201818,71.36765038610119,70.08800710031392,72.64481981740862,Estimación adecuada
Comerio,1995-1999,2,78.32248610899435,78.48005056713964,77.16655451803001,79.78234289806603,Estimación adecuada
Comerio,2000-2004,1,73.74046365047266,73.7941053238994,72.52986965841197,75.06921152319202,Estimación adecuada
Comerio,2000-2004,2,80.19913305806267,80.43537195544678,79.09411827433638,81.91153037655994,Estimación adecuada
Comerio,2005-2009,1,75.30350166697882,75.02709595829637,73.84269481974685,76.38203211257581,Estimación adecuada
Comerio,2005-2009,2,81.75843965388886,81.69584441663605,80.36789903687712,83.17684864391853,Estimación adecuada
Comerio,2010-2014,1,77.88992392393747,76.92283396082591,75.59132012429946,78.31277726645244,Estimación adecuada
Comerio,2010-2014,2,83.20589003283447,82.98903635998451,81.63801842931227,84.65585514948373,Estimación adecuada
Comerio,2015-2019,1,76.11616223403381,76.7695026342245,75.6008418256396,77.9528345583241,Estimación adecuada
Comerio,2015-2019,2,84.47935763504815,84.52615963480542,83.05372162411389,86.20626956545347,Estimación adecuada
Comerio,2020-2024,1,75.23982921549162,76.20193413752474,75.04069974971264,77.2970584119908,Estimación adecuada
Comerio,2020-2024,2,83.75928924043123,83.7106070840457,82.50857747410575,85.05831288395783,Estimación adecuada
Corozal,1980-1984,1,72.8434269620364,72.53134629835681,71.26979599522203,73.70548211821952,Estimación adecuada
Corozal,1980-1984,2,78.49552695365927,78.4722831415732,77.21612349997741,79.67246889059263,Estimación adecuada
Corozal,1985-1989,1,74.16679537755694,73.17479987237728,72.12362888246011,74.33705176118434,Estimación adecuada
Corozal,1985-1989,2,78.31409571064404,78.2833329997489,77.23739757902833,79.43932856203816,Estimación adecuada
Corozal,1990-1994,1,71.27571092432538,71.59651555244028,70.60679339741756,72.62132636883186,Estimación adecuada
Corozal,1990-1994,2,78.71157989908842,78.83604281728421,77.72396078420199,79.94703833565924,Estimación adecuada
Corozal,1995-1999,1,71.90053240132126,72.21853351807829,71.10030523059828,73.11758276131435,Estimación adecuada
Corozal,1995-1999,2,81.05061971042039,80.23584480877594,79.12493019256279,81.46294499248859,Estimación adecuada
Corozal,2000-2004,1,75.40121472632262,75.02224807462002,73.97917348224469,76.13875204868192,Estimación adecuada
Corozal,2000-2004,2,82.32727029969571,82.1523774168686,80.85088166339187,83.57363361207896,Estimación adecuada
Corozal,2005-2009,1,75.29676896497347,75.5209824599794,74.50260107833549,76.6584800943593,Estimación adecuada
Corozal,2005-2009,2,81.7668888989548,81.63927665493128,80.52707743525545,82.79322643808139,Estimación adecuada
Corozal,2010-2014,1,76.61800376671373,76.70420292240588,75.74222051276175,77.7083969368616,Estimación adecuada
Corozal,2010-2014,2,83.99620064198638,83.78157859882182,82.58527166083965,85.17467628264023,Estimación adecuada
Corozal,2015-2019,1,78.84838673591865,78.36940499416204,77.29032314695309,79.48071158043304,Estimación adecuada
Corozal,2015-2019,2,84.36621340480359,84.64540414278065,83.39712294192981,85.96647986336049,Estimación adecuada
Corozal,2020-2024,1,76.44862204173214,77.23931724560612,76.20885747457375,78.42823455442011,Estimación adecuada
Corozal,2020-2024,2,85.0591201159125,85.36867909975743,84.1328015754132,86.754140069527793,Estimación adecuada
Culebra,1980-1984,1,94.69722323815856,73.55168079400552,71.56846205461406,75.5452552085828,< e0 observado
Culebra,1980-1984,2,77.11141651027592,80.34158322347164,77.31444642040047,85.09642912529468,> e0 observado
Culebra,1985-1989,1,76.63588305134152,72.77241665452337,70.69246075548756,74.87020865967095,< e0 observado
Culebra,1985-1989,2,84.99417166658453,80.58037006169718,78.25807721107375,83.47932232657756,< e0 observado
Culebra,1990-1994,1,75.23127689590049,72.40067258481548,70.4592725391656,74.36102635218391,< e0 observado
Culebra,1990-1994,2,82.2361338517014,80.60603946657429,78.30107635754534,83.73478669627512,Estimación adecuada
Culebra,1995-1999,1,72.53390965878926,72.78228090764813,70.781949944913407,74.68291329514352,Estimación adecuada
Culebra,1995-1999,2,82.74787501668122,81.55855478489723,78.0720322710706,89.9352926464032,Estimación adecuada
Culebra,2000-2004,1,83.74648606676807,75.57728885560967,73.56278075734811,77.56054997152992,< e0 observado
Culebra,2000-2004,2,81.63132549875367,82.81962659197977,80.45710740253837,85.82418845621447,Estimación adecuada
Culebra,2005-2009,1,79.35518350612848,76.14692162169806,74.20228871615195,78.43267918335924,< e0 observado
Culebra,2005-2009,2,87.82645600917449,84.07306529608891,81.4257630474482,87.62708058286242,< e0 observado
Culebra,2010-2014,1,73.27486001063872,77.05200320013462,75.03134495006054,79.56383233985315,> e0 observado
Culebra,2010-2014,2,84.63331186955911,84.84797884462927,82.16774825874501,88.51615105404603,Estimación adecuada
Culebra,2015-2019,1,73.7782353124013,78.06432385038232,75.9042539108075,80.73553700862917,> e0 observado
Culebra,2015-2019,2,82.80860574041759,85.97724597060954,83.41643796512588,89.68080015851709,> e0 observado
Culebra,2020-2024,1,71.17558414919206,77.57892528726865,75.60540681469452,79.85627376069627,> e0 observado
Culebra,2020-2024,2,81.75048505604273,85.26654572939401,82.68349964865425,88.39255579582786,> e0 observado
Dorado,1980-1984,1,73.06768394242143,72.85229308597144,71.66985118347355,74.1249787120591,Estimación adecuada
Dorado,1980-1984,2,79.57134292897321,79.17156609207402,77.84407752170821,80.6563363898401,Estimación adecuada
Dorado,1985-1989,1,70.98138714935332,71.1204227608282,70.12778668455341,72.16606173834381,Estimación adecuada
Dorado,1985-1989,2,79.66708794032925,79.20888128557752,77.99160953536528,80.62825023299142,Estimación adecuada
Dorado,1990-1994,1,70.60163270459446,71.12301014821506,70.04848247189005,72.25937819460353,Estimación adecuada
Dorado,1990-1994,2,79.66123740902555,79.38782144969748,78.1965637965038,80.66061213935507,Estimación adecuada
Dorado,1995-1999,1,71.14661901491276,71.57115643700911,70.53726635853361,72.63415140242478,Estimación adecuada
Dorado,1995-1999,2,79.34231212268777,79.57153800589691,78.48990476392976,80.74825968679319,Estimación adecuada
Dorado,2000-2004,1,72.80125816712727,73.18173288294548,72.26048833251326,74.17819721378368,Estimación adecuada
Dorado,2000-2004,2,80.51547250678337,80.29157499091912,79.29531916759552,81.25876356940624,Estimación adecuada
Dorado,2005-2009,1,74.74216888739862,75.0064701649684,73.94366116128866,76.04712220420522,Estimación adecuada
Dorado,2005-2009,2,81.55921742419945,81.55031276826847,80.49237021153549,82.75809836924475,Estimación adecuada
Dorado,2010-2014,1,77.3972526095473,77.36657796493836,76.2963305529837,78.5805767621565,Estimación adecuada
Dorado,2010-2014,2,83.78650120499329,83.50450318243325,82.36125760579966,84.76974843401221,Estimación adecuada
Dorado,2015-2019,1,79.05317477178703,78.59712064134189,77.51653772416945,79.69668958456917,Estimación adecuada
Dorado,2015-2019,2,85.0361331038058,85.09896951460732,83.83999143853146,86.59553372605826,Estimación adecuada
Dorado,2020-2024,1,77.54648054972814,77.82870920257656,76.9052607727992,78.7749475108485,Estimación adecuada
Dorado,2020-2024,2,87.81728727976584,86.66136879895225,85.17869410445665,88.28549035749195,Estimación adecuada
Fajardo,1980-1984,1,70.97992961345321,70.4781350357566,69.507986265317,71.5011476988969,Estimación adecuada
Fajardo,1980-1984,2,77.4034006461853,76.89741517768121,75.82377976294188,77.95386433927604,Estimación adecuada
Fajardo,1985-1989,1,71.1887876704971,70.7978861258633,69.86763912394296,71.77174264776215,Estimación adecuada
Fajardo,1985-1989,2,77.37337374894558,77.207069904235,76.26954227847172,78.30197680782011,Estimación adecuada
Fajardo,1990-1994,1,68.18099629812696,68.72296032229767,67.77778443868283,69.64968328487905,Estimación adecuada
Fajardo,1990-1994,2,78.11474876521702,77.87729431524713,76.85602153055288,78.90041365355586,Estimación adecuada
Fajardo,1995-1999,1,69.86154006659808,70.02679091531763,69.12091291334339,71.00164174093452,Estimación adecuada
Fajardo,1995-1999,2,78.82934233659792,78.52905088041766,77.57925605620638,79.4942585390765,Estimación adecuada
Fajardo,2000-2004,1,71.85134936418909,72.06180618878221,71.11656685158013,72.8985696421398,Estimación adecuada
Fajardo,2000-2004,2,80.31491904964011,79.77686886618757,78.80022723250235,80.7607753407073,Estimación adecuada
Fajardo,2005-2009,1,72.01498955956528,72.56632231239405,71.58048850167295,73.48843507106619,Estimación adecuada
Fajardo,2005-2009,2,80.42579698255476,80.30832890075685,79.29165157466188,81.33196743967885,Estimación adecuada
Fajardo,2010-2014,1,73.1648079564502,74.22988066572503,73.17880828541868,75.17964393820374,> e0 observado
Fajardo,2010-2014,2,81.74247222384632,81.2815500511268,80.31087735126324,82.27802756394647,Estimación adecuada
Fajardo,2015-2019,1,76.15087862256587,76.64471392333463,75.53355557475606,77.79093529627839,Estimación adecuada
Fajardo,2015-2019,2,83.7123556023456,83.7022802194301,82.52829531389018,85.01095503235015,Estimación adecuada
Fajardo,2020-2024,1,74.31868957649468,74.94630995772857,73.90437824905077,75.96764382788619,Estimación adecuada
Fajardo,2020-2024,2,83.33111283123691,83.38472535530411,82.3490845386661,84.5732743695091,Estimación adecuada
Florida,1980-1984,1,71.06938753374574,71.36434973171758,69.87107310624727,73.02898788279003,Estimación adecuada
Florida,1980-1984,2,79.21775098528943,78.42903807388564,76.56071970237281,80.55744040612328,Estimación adecuada
Florida,1985-1989,1,70.64603223425698,70.87866222345633,69.30761245694858,72.39140274334653,Estimación adecuada
Florida,1985-1989,2,74.85144353276169,76.996630591159,75.59171949975193,78.6700322585292,> e0 observado
Florida,1990-1994,1,70.01533527514864,70.43487844195361,69.12539346847772,71.77623266930786,Estimación adecuada
Florida,1990-1994,2,75.40391537650423,77.08054977497089,75.69837811209173,78.61101725339009,> e0 observado
Florida,1995-1999,1,71.65894113726901,71.58806897938834,70.18860881445906,73.11666883043843,Estimación adecuada
Florida,1995-1999,2,77.29790147374477,78.00422742644638,76.6133143818628,79.46617799683337,Estimación adecuada
Florida,2000-2004,1,75.01444427678842,73.90679632680471,72.44017881902637,75.43223022299014,Estimación adecuada
Florida,2000-2004,2,81.08965307946796,80.52474005259054,79.18034397660945,82.30327673073052,Estimación adecuada
Florida,2005-2009,1,76.54783220170152,74.8654522320653,73.49949761205765,76.25010173676694,< e0 observado
Florida,2005-2009,2,80.52310433234075,80.84103275045169,79.4338770406657,82.49969541192371,Estimación adecuada
Florida,2010-2014,1,79.58931937931183,77.4034814608737,75.88212212683646,79.01859472378143,< e0 observado
Florida,2010-2014,2,84.35262381150902,83.09725583741351,81.61385897493233,84.81325001234829,Estimación adecuada
Florida,2015-2019,1,77.39963673465637,77.16278888947824,75.86835498990679,78.43258816620273,Estimación adecuada
Florida,2015-2019,2,83.04749257512822,83.83850015002632,82.21037703292069,85.69559312604984,Estimación adecuada
Florida,2020-2024,1,76.48138637441758,77.15220457111681,75.77908682430406,78.63669772714749,Estimación adecuada
Florida,2020-2024,2,86.57028869211995,86.10929637450221,84.17274162459896,88.59891574144726,Estimación adecuada
Guanica,1980-1984,1,70.29160656173029,69.920929454343,68.6846395226942,71.13154355086196,Estimación adecuada
Guanica,1980-1984,2,77.02589204137094,76.61749207832183,75.34136795828778,78.08655827084793,Estimación adecuada
Guanica,1985-1989,1,69.64590752945972,69.53725789567252,68.40305978252172,70.68505355522994,Estimación adecuada
Guanica,1985-1989,2,76.96194389846337,76.71734450654256,75.42565967748507,78.09623555678363,Estimación adecuada
Guanica,1990-1994,1,69.00330089577055,69.12710862195311,67.89631929677002,70.30914689427046,Estimación adecuada
Guanica,1990-1994,2,77.43314529873244,77.1272901083544,75.92182008464533,78.32221498832419,Estimación adecuada
Guanica,1995-1999,1,68.75925697690468,69.32927730602958,68.26708226246535,70.38760257577648,Estimación adecuada
Guanica,1995-1999,2,76.88365176255945,77.04094283172981,75.89212831668574,78.1880772432459,Estimación adecuada
Guanica,2000-2004,1,72.36855900985053,72.06271969772298,70.9354431500911,73.20217465543695,Estimación adecuada
Guanica,2000-2004,2,78.3128127578213,78.58263069917749,77.40267840400756,79.79116852382445,Estimación adecuada
Guanica,2005-2009,1,71.69965700518571,72.18378149823016,71.05892817818894,73.31425456281579,Estimación adecuada
Guanica,2005-2009,2,80.3960001801447,79.8089340297937,78.62966236081245,81.0296006547583,Estimación adecuada
Guanica,2010-2014,1,75.43056531334524,74.64675992385818,73.53602947146598,75.88435771086087,Estimación adecuada
Guanica,2010-2014,2,80.57778836738088,81.09998043217922,79.77728416096451,82.42159734535156,Estimación adecuada
Guanica,2015-2019,1,74.6061778340804,74.68688224982259,73.50208932075816,75.94844801102356,Estimación adecuada
Guanica,2015-2019,2,81.3148683326643,81.55110739240394,80.346042237001015,82.94364461981267,Estimación adecuada
Guanica,2020-2024,1,73.35967274163447,74.52390454665621,73.31031505528097,75.67163974957947,Estimación adecuada
Guanica,2020-2024,2,82.11869011623037,81.95012917562028,80.79724205097601,83.16385533324453,Estimación adecuada
Guayama,1980-1984,1,70.24592277647761,70.23834067064456,69.25557508213811,71.19694288628313,Estimación adecuada
Guayama,1980-1984,2,76.94736099895414,76.7807772744473,75.7611695619478,77.84443594681979,Estimación adecuada
Guayama,1985-1989,1,69.18407376779939,69.384371260332,68.36645935617383,70.36188324436309,Estimación adecuada
Guayama,1985-1989,2,77.01984994163914,76.83379913916092,75.8396069436526,77.79155642543066,Estimación adecuada
Guayama,1990-1994,1,69.12774545799293,69.50570050581138,68.50037674683921,70.56384430042337,Estimación adecuada
Guayama,1990-1994,2,78.26536534527779,77.82035522306964,76.85595430187593,78.79426495186836,Estimación adecuada
Guayama,1995-1999,1,69.89298463348949,70.12992893521546,69.27151880202176,70.949280029863,Estimación adecuada
Guayama,1995-1999,2,79.36097539479375,78.6354800249133,77.77577771516465,79.61259673944606,Estimación adecuada
Guayama,2000-2004,1,71.73959231092829,71.90716842568035,70.96317108517903,72.77595276928449,Estimación adecuada
Guayama,2000-2004,2,80.42361640554877,80.00555597595809,79.14313365411029,81.14737995042721,Estimación adecuada
Guayama,2005-2009,1,74.004627225837,73.76665995904025,72.72102575407129,74.67380210949932,Estimación adecuada
Guayama,2005-2009,2,80.66196990050479,80.44429201504866,79.53457650423663,81.5095890848419,Estimación adecuada
Guayama,2010-2014,1,76.0922078825251,75.55731325181276,74.69388467401765,76.58602540643321,Estimación adecuada
Guayama,2010-2014,2,82.22460967328485,81.89836588574393,80.92811327153657,82.9548880986695,Estimación adecuada
Guayama,2015-2019,1,76.61959145312574,76.53968851470437,75.53726307934717,77.5256007466215,Estimación adecuada
Guayama,2015-2019,2,83.4142713899816,83.34029496965951,82.31852716500329,84.44734029407911,Estimación adecuada
Guayama,2020-2024,1,73.93879414262592,75.16583113926694,74.16010742900549,76.09268417594318,> e0 observado
Guayama,2020-2024,2,82.33975114826434,82.53557184084971,81.5353178232553,83.4905906860036,Estimación adecuada
Guayanilla,1980-1984,1,72.58983279684577,71.72458229647012,70.50846007522983,72.84699632748406,Estimación adecuada
Guayanilla,1980-1984,2,77.53353824728316,77.40638397343335,76.22443021266177,78.72447897421469,Estimación adecuada
Guayanilla,1985-1989,1,70.73661721916349,70.43077946993355,69.23332553866418,71.56719687315297,Estimación adecuada
Guayanilla,1985-1989,2,76.86235560972376,76.784999810691545,75.66197432826195,77.99191957150006,Estimación adecuada
Guayanilla,1990-1994,1,72.37752924339648,71.33525394858019,70.17046428280027,72.43485400919987,Estimación adecuada
Guayanilla,1990-1994,2,78.55250974931681,77.93575464124356,76.79719659798687,79.0780748709285,Estimación adecuada
Guayanilla,1995-1999,1,72.22131902455737,71.30991683737807,70.1427105707691,72.45250414353447,Estimación adecuada
Guayanilla,1995-1999,2,79.14608996325278,78.63510821037377,77.42532991399774,79.8720855244463,Estimación adecuada
Guayanilla,2000-2004,1,74.05744082522244,73.46742614939683,72.32296122438932,74.6730301175292,Estimación adecuada
Guayanilla,2000-2004,2,80.06971551607721,79.78186041360973,78.59210059054698,81.02426454790182,Estimación adecuada
Guayanilla,2005-2009,1,73.36781184296053,73.69506524980181,72.55054777434182,74.85039133945457,Estimación adecuada
Guayanilla,2005-2009,2,79.74433091795808,79.71082857859093,78.62568360417643,80.79301811378653,Estimación adecuada
Guayanilla,2010-2014,1,77.2541883457964,76.13965530184245,74.8585758887258,77.39011942391109,Estimación adecuada
Guayanilla,2010-2014,2,79.95617529124827,80.87505465761122,79.71386546881894,82.07059133888366,Estimación adecuada
Guayanilla,2015-2019,1,74.50306944491258,76.01641366750867,74.80378561919815,77.14184189742011,> e0 observado
Guayanilla,2015-2019,2,85.47648018860491,84.33719256835717,82.89851379515687,86.04000180664569,Estimación adecuada
Guayanilla,2020-2024,1,73.73722385919334,75.12565396756432,74.07045523412913,76.21690933608936,> e0 observado
Guayanilla,2020-2024,2,84.46851671921503,84.49062862980045,82.89127814325921,86.27727996992239,Estimación adecuada
Guaynabo,1980-1984,1,73.33304020193007,73.25772363271321,72.50137942414453,74.04247352249844,Estimación adecuada
Guaynabo,1980-1984,2,79.57395565229348,79.36434319776563,78.51063928332063,80.2748608036363,Estimación adecuada
Guaynabo,1985-1989,1,73.30720790413426,73.34522827815525,72.6538090925268,74.12678153598264,Estimación adecuada
Guaynabo,1985-1989,2,80.7449894765543,80.46625422593777,79.59479572889016,81.29832466199625,Estimación adecuada
Guaynabo,1990-1994,1,71.64759712414893,71.99215606506974,71.24802168838016,72.6833045910836,Estimación adecuada
Guaynabo,1990-1994,2,80.46155681333546,80.3730397370258,79.60290191885979,81.19290427694888,Estimación adecuada
Guaynabo,1995-1999,1,71.70557982807048,72.15831581011243,71.4412203424661,72.86626089425047,Estimación adecuada
Guaynabo,1995-1999,2,81.61582636139954,81.37663671266779,80.56338023869317,82.21940646989282,Estimación adecuada
Guaynabo,2000-2004,1,74.5460879922691,74.91654671156329,74.22600405221668,75.6340899501301,Estimación adecuada
Guaynabo,2000-2004,2,82.43363591097874,82.38568872570677,81.6468201000045,83.14098135240451,Estimación adecuada
Guaynabo,2005-2009,1,75.40004142189414,75.7883012779827,75.0838873437639,76.46181049865203,Estimación adecuada
Guaynabo,2005-2009,2,83.59622113263238,83.5123799447556,82.68033084217727,84.40962377690624,Estimación adecuada
Guaynabo,2010-2014,1,77.3578270076508,77.51274742314406,76.76887138500533,78.20948791851536,Estimación adecuada
Guaynabo,2010-2014,2,84.62289097742051,84.41448496550751,83.64257365182074,85.19826233698444,Estimación adecuada
Guaynabo,2015-2019,1,79.63090232574721,79.46102093408979,78.71052902553903,80.30661920261481,Estimación adecuada
Guaynabo,2015-2019,2,86.62280196774702,86.3426845611555,85.5092792305693,87.21450676775508,Estimación adecuada
Guaynabo,2020-2024,1,77.36899877443203,77.7426597832426,77.02838699483813,78.3828158209366,Estimación adecuada
Guaynabo,2020-2024,2,86.85241919025239,86.68572811370224,85.79264140462932,87.71126943900616,Estimación adecuada
Gurabo,1980-1984,1,72.10043466021936,72.08496184253846,70.9265159553549,73.15518135950836,Estimación adecuada
Gurabo,1980-1984,2,77.21298943234297,77.66486096473835,76.48956521398239,78.99577713155769,Estimación adecuada
Gurabo,1985-1989,1,72.09864341259255,72.12198780273032,70.95588987787136,73.2173912594806,Estimación adecuada
Gurabo,1985-1989,2,77.83980186096333,78.0742573750743,76.90819754056062,79.41178606562684,Estimación adecuada
Gurabo,1990-1994,1,70.06358422124045,70.75147763861001,69.7155948380931,71.80794217106896,Estimación adecuada
Gurabo,1990-1994,2,78.93586566639773,78.99329377248122,77.81433012550413,80.22258079011692,Estimación adecuada
Gurabo,1995-1999,1,72.62979875914179,72.49976040067082,71.44041572106667,73.52549838130633,Estimación adecuada
Gurabo,1995-1999,2,78.37596544908041,78.76018080882824,77.63695542895918,79.8670265761489,Estimación adecuada
Gurabo,2000-2004,1,73.72455425616529,74.00513992031738,73.04777482064117,75.07798515501106,Estimación adecuada
Gurabo,2000-2004,2,82.16347596555325,81.60072852853702,80.5016191674551,82.73890892257957,Estimación adecuada
Gurabo,2005-2009,1,75.38673648949066,75.57809214793767,74.48415972746592,76.73731254791228,Estimación adecuada
Gurabo,2005-2009,2,82.71710063140857,82.34519196006549,81.13923160223136,83.40575078566687,Estimación adecuada
Gurabo,2010-2014,1,75.74184183502217,76.27044752502766,75.22736438223988,77.15820217870132,Estimación adecuada
Gurabo,2010-2014,2,83.66012445857517,83.35385553792838,82.33420248378779,84.60102431110869,Estimación adecuada
Gurabo,2015-2019,1,77.82655629619259,77.96992820163003,76.9962412039992,78.92264242562737,Estimación adecuada
Gurabo,2015-2019,2,86.3751275135532,85.86577738745765,84.47131658073862,87.3844750588582,Estimación adecuada
Gurabo,2020-2024,1,78.1508349062683,77.84505059724074,76.87527819883934,78.85401686560681,Estimación adecuada
Gurabo,2020-2024,2,85.11563140762924,84.77774976724058,83.59703925900078,86.11072764458932,Estimación adecuada
Hatillo,1980-1984,1,71.99152036613721,72.33899708319944,71.26996580400166,73.44819204554464,Estimación adecuada
Hatillo,1980-1984,2,78.9802986931572,78.88193972615153,77.76513332415179,80.14049358107678,Estimación adecuada
Hatillo,1985-1989,1,72.73472078364017,72.46703426389942,71.45246546820924,73.57096717698013,Estimación adecuada
Hatillo,1985-1989,2,79.39464399636921,79.24156913303194,78.12413221158896,80.55458232162316,Estimación adecuada
Hatillo,1990-1994,1,72.2998423174012,72.04896611006762,71.10681693451347,73.21995982392247,Estimación adecuada
Hatillo,1990-1994,2,78.56900864145167,78.36306302174063,77.52039440095378,79.20882468492019,Estimación adecuada
Hatillo,1995-1999,1,72.51848608651568,72.23916673197232,71.34834592395893,73.20422000373851,Estimación adecuada
Hatillo,1995-1999,2,78.33281615395789,78.41045685410097,77.44509496418665,79.40016748108245,Estimación adecuada
Hatillo,2000-2004,1,74.45467151298737,74.07721577419392,73.19870715933392,74.9852539155264,Estimación adecuada
Hatillo,2000-2004,2,80.50637914886045,80.32778677438867,79.45354437589987,81.33468407795968,Estimación adecuada
Hatillo,2005-2009,1,75.71645524793598,75.27537480982323,74.394713155384,76.20354996165538,Estimación adecuada
Hatillo,2005-2009,2,81.90357972932111,81.74379563480684,80.68243464288153,82.73731361417241,Estimación adecuada
Hatillo,2010-2014,1,77.71502056183984,77.06859537533435,76.18499163598796,78.01228848507469,Estimación adecuada
Hatillo,2010-2014,2,83.87031312176076,83.48141133136984,82.40190831032606,84.69941162631193,Estimación adecuada
Hatillo,2015-2019,1,79.67724729389147,79.12380100134088,78.11464369994074,80.25371509839037,Estimación adecuada
Hatillo,2015-2019,2,84.83403759511111,84.40903454539985,83.4099456458943,85.54414773301855,Estimación adecuada
Hatillo,2020-2024,1,78.47632497278812,78.26193169621652,77.24273160734704,79.27074680184839,Estimación adecuada
Hatillo,2020-2024,2,86.14610937096411,85.17429597201954,84.13250235079134,86.28867494324325,Estimación adecuada
Hormigueros,1980-1984,1,74.05856561737721,73.64392256317882,72.24380053403837,75.15767239042896,Estimación adecuada
Hormigueros,1980-1984,2,79.84974137268954,80.15231867876707,78.30410997606204,82.19407995356966,Estimación adecuada
Hormigueros,1985-1989,1,73.08737524946572,73.02808710669838,71.82048878881582,74.25759518303823,Estimación adecuada
Hormigueros,1985-1989,2,77.720059693455,79.12903264859881,77.63556436498786,80.6689919774139,Estimación adecuada
Hormigueros,1990-1994,1,74.61350802067456,73.38766914404773,72.21612990483408,74.63152971980637,Estimación adecuada
Hormigueros,1990-1994,2,81.39461486989457,80.67063944856459,79.318967290006,82.31331568547708,Estimación adecuada
Hormigueros,1995-1999,1,74.87703445651637,73.65303945233765,72.46779232697352,74.75535514990705,< e0 observado
Hormigueros,1995-1999,2,80.45280069334801,80.35015602231758,79.10793874625647,81.6835633219925,Estimación adecuada
Hormigueros,2000-2004,1,75.50618073944777,75.22386829304463,74.0402742622261,76.50979747597296,Estimación adecuada
Hormigueros,2000-2004,2,82.3521641939344,82.07848434810849,80.76720167321237,83.47981433231287,Estimación adecuada
Hormigueros,2005-2009,1,76.10054922666298,76.27692783889529,75.01112733021245,77.48955780810894,Estimación adecuada
Hormigueros,2005-2009,2,84.62944320284578,83.7523895826586,82.34164163463412,85.41763173412505,Estimación adecuada
Hormigueros,2010-2014,1,76.11918178416535,77.05592317390523,75.84601614484367,78.383969524411,Estimación adecuada
Hormigueros,2010-2014,2,82.71051389712174,83.45611262935853,82.25765607029449,84.70722937425205,Estimación adecuada
Hormigueros,2015-2019,1,77.91392313609006,78.43666191461409,77.23034069724073,79.7070054221647,Estimación adecuada
Hormigueros,2015-2019,2,85.81866120513573,86.26149010632398,84.69511801059483,88.0586001149982,Estimación adecuada
Hormigueros,2020-2024,1,78.36911216509105,78.9713503253775,77.50018684462565,80.40080162478581,Estimación adecuada
Hormigueros,2020-2024,2,86.17552522276296,86.06919922883637,84.72441611931546,87.82905501165659,Estimación adecuada
Humacao,1980-1984,1,70.58258576927221,70.81223585681853,69.90088021930411,71.61641773174455,Estimación adecuada
Humacao,1980-1984,2,75.89477228552336,76.14286291512605,75.36639372091169,77.05122266593185,Estimación adecuada
Humacao,1985-1989,1,70.67071512913827,70.78898935583874,69.8921378013796,71.67949243118531,Estimación adecuada
Humacao,1985-1989,2,78.26869595391119,78.00374831462238,77.10228834375165,78.92933623678933,Estimación adecuada
Humacao,1990-1994,1,69.59966588678492,69.89677815138539,69.01151549861649,70.71450370642363,Estimación adecuada
Humacao,1990-1994,2,78.98527536141168,78.72578112895441,77.72095858654833,79.79918186344099,Estimación adecuada
Humacao,1995-1999,1,71.67034271113566,71.46338713344892,70.64995647550832,72.26482941132122,Estimación adecuada
Humacao,1995-1999,2,78.50994029948488,78.36897991246343,77.5297745159844,79.12615511248448,Estimación adecuada
Humacao,2000-2004,1,73.45461991775991,73.377407804037,72.53846406778162,74.33730440689003,Estimación adecuada
Humacao,2000-2004,2,79.72370844675466,79.92979764269188,79.03890918967666,80.85269664146315,Estimación adecuada
Humacao,2005-2009,1,73.61846549183731,74.03878353056157,73.12110940917015,74.91646105656379,Estimación adecuada
Humacao,2005-2009,2,81.80291929231979,81.53607772328198,80.68926811390129,82.51517931815046,Estimación adecuada
Humacao,2010-2014,1,75.80326051258055,75.87047045035712,74.9836581650277,76.78177296919263,Estimación adecuada
Humacao,2010-2014,2,83.58584598942798,83.05725570394867,82.11614089825804,83.98624675810211,Estimación adecuada
Humacao,2015-2019,1,76.7386829389743,77.21238956267162,76.23341985593972,78.20066822263095,Estimación adecuada
Humacao,2015-2019,2,84.86787206578826,84.43809575978794,83.50819229359821,85.46609341596438,Estimación adecuada
Humacao,2020-2024,1,76.7404128820364,77.48206397147948,76.54383866244501,78.39455179024003,Estimación adecuada
Humacao,2020-2024,2,84.233200245355,84.1965146596142,83.26224776825767,85.2481722346684,Estimación adecuada
Isabela,1980-1984,1,73.09738020117423,72.81904181959028,71.74704309288609,73.83784729349644,Estimación adecuada
Isabela,1980-1984,2,77.82732250278018,77.85113136388475,76.8626108639577,78.83251277831067,Estimación adecuada
Isabela,1985-1989,1,71.58083949829111,71.56213457743962,70.593879578329,72.48013990327374,Estimación adecuada
Isabela,1985-1989,2,78.50099967900502,78.26626627635842,77.26021349751353,79.32040375381044,Estimación adecuada
Isabela,1990-1994,1,72.0475169163787,71.65229232640144,70.70137203185229,72.56514713236086,Estimación adecuada
Isabela,1990-1994,2,78.52411999469241,78.35295019936146,77.41345268707227,79.32011002780405,Estimación adecuada
Isabela,1995-1999,1,71.86251133480623,71.58566254383507,70.74845384855077,72.56952942749777,Estimación adecuada
Isabela,1995-1999,2,79.50480811685766,79.33745213693382,78.22642490350422,80.50432530018053,Estimación adecuada
Isabela,2000-2004,1,73.31643311223908,73.26601794856263,72.40577387932102,74.1046454350453,Estimación adecuada
Isabela,2000-2004,2,79.66880055796743,79.749483356097,78.89097995221772,80.72931836838738,Estimación adecuada
Isabela,2005-2009,1,75.53006169201437,74.87825920249324,74.0277763920815,75.70089031209982,Estimación adecuada
Isabela,2005-2009,2,80.46868606139569,80.52734154010767,79.67465361934862,81.41268051083703,Estimación adecuada
Isabela,2010-2014,1,76.3459756319445,76.11515519347944,75.11468850339458,77.03984601234765,Estimación adecuada
Isabela,2010-2014,2,82.99199255121863,82.58012342895461,81.69126729481465,83.60584170037602,Estimación adecuada
Isabela,2015-2019,1,78.28631956544136,77.89920544452721,76.98242365279413,78.92418487292562,Estimación adecuada
Isabela,2015-2019,2,84.46499781522432,84.17582367697443,83.14403007740695,85.2469903511771,Estimación adecuada
Isabela,2020-2024,1,78.44494383134611,77.51867255304244,76.69042371780958,78.35144551257295,< e0 observado
Isabela,2020-2024,2,84.54430409037892,84.83111845629395,83.81270062287584,86.19172558428097,Estimación adecuada
Jayuya,1980-1984,1,71.54820346169252,71.83577543598767,70.57732810171272,73.11176546852666,Estimación adecuada
Jayuya,1980-1984,2,75.83217282493807,77.3001163548874,75.8041675182074,79.04131952297502,Estimación adecuada
Jayuya,1985-1989,1,71.8852739133792,71.43456657018203,70.21343498655624,72.57376788499867,Estimación adecuada
Jayuya,1985-1989,2,75.89535009908417,77.12596642252313,75.90017065657472,78.46897091599743,> e0 observado
Jayuya,1990-1994,1,71.61501384784762,71.12683333711328,69.97922476603554,72.318857859978,Estimación adecuada
Jayuya,1990-1994,2,76.60405912768891,78.14820069564811,76.6245280195917,79.80692377261445,> e0 observado
Jayuya,1995-1999,1,72.762612067533,72.15299196126395,70.90803809171219,73.42419860870667,Estimación adecuada
Jayuya,1995-1999,2,78.02341987371616,78.51898791772305,77.31857548225169,79.81149599592642,Estimación adecuada
Jayuya,2000-2004,1,74.804694975474,73.77417836754952,72.68271997499409,75.02074165842534,Estimación adecuada
Jayuya,2000-2004,2,82.26030453801704,81.69814917931417,80.09716768673674,83.34659511820233,Estimación adecuada
Jayuya,2005-2009,1,76.29392429833622,75.54138218620463,74.23026784189237,76.94672132679342,Estimación adecuada
Jayuya,2005-2009,2,83.26574991380474,82.33108087073887,80.89419301488365,84.03166386704888,Estimación adecuada
Jayuya,2010-2014,1,77.86670993006521,77.03196728673285,75.69863887731073,78.51915255970798,Estimación adecuada
Jayuya,2010-2014,2,83.01935062086235,83.13095161898232,81.5285974409948,84.85447219588237,Estimación adecuada
Jayuya,2015-2019,1,79.09662441043547,78.14046965283562,76.82254108661638,79.58898991268946,Estimación adecuada
Jayuya,2015-2019,2,86.09536520292538,85.7931559477278,83.98745761379499,88.0730006884387,Estimación adecuada
Jayuya,2020-2024,1,80.33778345942194,79.32513463156019,77.73195376997408,81.10192681842379,Estimación adecuada
Jayuya,2020-2024,2,86.05790395955583,85.45816344975583,83.90951671591603,87.58320840278856,Estimación adecuada
Juana Diaz,1980-1984,1,71.10192241498234,70.97487280052968,70.02883942569694,71.92886746883065,Estimación adecuada
Juana Diaz,1980-1984,2,76.03760260059695,76.47042042107401,75.40930845181566,77.56080388100305,Estimación adecuada
Juana Diaz,1985-1989,1,70.59066146569734,70.62556528257721,69.79283305127959,71.46372927922542,Estimación adecuada
Juana Diaz,1985-1989,2,77.72376003285237,77.71784172245597,76.77293077253944,78.7993904918081,Estimación adecuada
Juana Diaz,1990-1994,1,70.59462619152536,70.6224423086463,69.66603054734348,71.48413758018376,Estimación adecuada
Juana Diaz,1990-1994,2,77.80758248720088,77.89092916158859,77.01135981101226,78.81991580044897,Estimación adecuada
Juana Diaz,1995-1999,1,70.63826210363753,70.67272286650349,69.8310382766124,71.50294003649586,Estimación adecuada
Juana Diaz,1995-1999,2,78.23721855538598,78.19824415526395,77.30740596562924,79.16189603431107,Estimación adecuada
Juana Diaz,2000-2004,1,72.42010194033637,72.64944251707425,71.81920767067153,73.56880755596039,Estimación adecuada
Juana Diaz,2000-2004,2,80.07095731748443,79.94637919319158,78.96457135309382,80.98479331098316,Estimación adecuada
Juana Diaz,2005-2009,1,74.09224072675535,74.37320734020079,73.43142163056976,75.34157752712409,Estimación adecuada
Juana Diaz,2005-2009,2,81.70478408921697,81.39700664303565,80.39221567967417,82.54326907487342,Estimación adecuada
Juana Diaz,2010-2014,1,75.9826744595313,75.9850866720303,75.04615068487966,76.92665779697138,Estimación adecuada
Juana Diaz,2010-2014,2,82.91141974537287,82.69567903709327,81.66860550631723,83.79256004381585,Estimación adecuada
Juana Diaz,2015-2019,1,77.4756453319244,77.3750843359966,76.46148819119433,78.32824258686094,Estimación adecuada
Juana Diaz,2015-2019,2,86.60689455981232,85.80552308729955,84.6320758308733,87.28615576191287,Estimación adecuada
Juana Diaz,2020-2024,1,76.12481522857756,76.59871209062388,75.70656364198919,77.57492210646008,Estimación adecuada
Juana Diaz,2020-2024,2,86.09723573194701,85.31092195916747,84.15686297260183,86.61756869317009,Estimación adecuada
Juncos,1980-1984,1,70.4832974097173,70.75423764691232,69.68955763444237,71.84769806650621,Estimación adecuada
Juncos,1980-1984,2,77.17475536145652,77.0892734294529,76.03599855832158,78.37000756137003,Estimación adecuada
Juncos,1985-1989,1,69.32349287604664,69.9400414471929,68.83806758619656,71.04496173876552,Estimación adecuada
Juncos,1985-1989,2,77.84087141019062,77.42307207963418,76.42403473125013,78.52575171268872,Estimación adecuada
Juncos,1990-1994,1,69.26314387145591,69.78516824293001,68.74607379510513,70.77743305425727,Estimación adecuada
Juncos,1990-1994,2,78.64376251745605,78.3467039870157,77.2626101368047,79.56248346881725,Estimación adecuada
Juncos,1995-1999,1,70.43259716290989,70.56877479857106,69.61702170147902,71.51624861419178,Estimación adecuada
Juncos,1995-1999,2,78.88321244236762,78.62926989806454,77.64863621878273,79.74013811880897,Estimación adecuada
Juncos,2000-2004,1,73.50676785386435,73.3703869155686,72.42955172039116,74.36061795525234,Estimación adecuada
Juncos,2000-2004,2,80.82760129992721,80.3063293171954,79.28274133986233,81.53126886882599,Estimación adecuada
Juncos,2005-2009,1,72.5823719234395,73.11030655273561,72.15908628409296,74.0801223849332,Estimación adecuada
Juncos,2005-2009,2,80.29148928265256,80.33833741401966,79.26518163334613,81.44531545275629,Estimación adecuada
Juncos,2010-2014,1,74.05814861532626,74.70856073144773,73.75493845315138,75.71127843995609,Estimación adecuada
Juncos,2010-2014,2,82.42841718245143,82.3871139849159,81.24742070933968,83.71167050629185,Estimación adecuada
Juncos,2015-2019,1,76.99651467647962,76.96702781963027,75.92423043553474,78.0292517105961,Estimación adecuada
Juncos,2015-2019,2,83.23323259682593,83.44003091438017,82.36451788414483,84.68670297158089,Estimación adecuada
Juncos,2020-2024,1,76.96779959385644,76.64617397561742,75.6218364650799,77.70397586496254,Estimación adecuada
Juncos,2020-2024,2,85.00221618874696,84.49031824646995,83.2303218476491,85.90837394236456,Estimación adecuada
Lajas,1980-1984,1,72.46316902920564,72.0449658776131,70.99228322541477,73.12401390035883,Estimación adecuada
Lajas,1980-1984,2,77.35030656462364,77.80639908382969,76.61993359403073,79.04024800292981,Estimación adecuada
Lajas,1985-1989,1,73.36206024807198,72.5963487602964,71.41380985174013,73.77064143068651,Estimación adecuada
Lajas,1985-1989,2,77.65847465397064,77.80153292730807,76.73981201366733,78.82729990335163,Estimación adecuada
Lajas,1990-1994,1,72.37357825429245,72.03652015863918,70.9746453122927,73.229289041391,Estimación adecuada
Lajas,1990-1994,2,79.66328406009775,79.26423525682955,78.06987643189674,80.55741098501238,Estimación adecuada
Lajas,1995-1999,1,72.56496891931091,72.14935890834482,71.12601887543627,73.17818826038268,Estimación adecuada
Lajas,1995-1999,2,79.70456393493818,79.65828560757222,78.57297650478922,80.82318597118308,Estimación adecuada
Lajas,2000-2004,1,74.14208023792457,74.01251309812419,72.93479716181568,74.98537887268107,Estimación adecuada
Lajas,2000-2004,2,81.18752068509266,80.93186211629015,79.83199887878192,82.11346654809569,Estimación adecuada
Lajas,2005-2009,1,76.68683187769454,75.488355846405085,74.55933316797582,76.53097646320985,< e0 observado
Lajas,2005-2009,2,81.73140373208773,81.62229848815204,80.58791967391699,82.81376012730217,Estimación adecuada
Lajas,2010-2014,1,76.92095663234578,76.45653641400033,75.25967346204146,77.72074771729423,Estimación adecuada
Lajas,2010-2014,2,83.39940774512145,83.30539898365558,82.06504535815873,84.73991475522865,Estimación adecuada
Lajas,2015-2019,1,79.16417400599892,78.23402123285857,77.09868168643973,79.53869377200601,Estimación adecuada
Lajas,2015-2019,2,84.33383648976294,84.66127210031492,83.40409345992794,85.99583699797611,Estimación adecuada
Lajas,2020-2024,1,78.13171144418278,77.585215392138707,76.5656075371142,78.58288297044108,Estimación adecuada
Lajas,2020-2024,2,85.69664696158718,85.49617110737931,84.1805685155227,87.14279022901839,Estimación adecuada
Lares,1980-1984,1,70.93967460008611,71.63956901643448,70.65292824785043,72.67870198916783,Estimación adecuada
Lares,1980-1984,2,80.07304720190547,79.682152533546855,78.36785050882328,81.261651018417,Estimación adecuada
Lares,1985-1989,1,72.07284835603735,72.21557567903355,71.18689570632756,73.25690258888443,Estimación adecuada
Lares,1985-1989,2,80.12906339800288,79.5592818491458,78.4027849926102,80.9047331801924,Estimación adecuada
Lares,1990-1994,1,71.99408741634562,71.94178594407595,70.85574486455256,73.03563536392211,Estimación adecuada
Lares,1990-1994,2,78.72924701770712,78.74155129962529,77.75103106149786,79.81450574847102,Estimación adecuada
Lares,1995-1999,1,74.58529726703922,73.87514898953499,72.77319822326966,74.9552513719716,Estimación adecuada
Lares,1995-1999,2,81.29595428708723,80.6519208289685,79.56725887551069,81.89484996554744,Estimación adecuada
Lares,2000-2004,1,75.1110712856121,74.80619594898758,73.92044269509525,75.70940452695898,Estimación adecuada
Lares,2000-2004,2,81.70641489338435,81.63772305511992,80.49710357802888,82.99004911881325,Estimación adecuada
Lares,2005-2009,1,76.5462882162104,75.67870936583219,74.72209669428533,76.67086796439645,Estimación adecuada
Lares,2005-2009,2,82.28400989612267,82.0222776759625,80.96462514314801,83.35817936526017,Estimación adecuada
Lares,2010-2014,1,79.39080265192932,78.32952550764813,77.31957154698426,79.42416848514492,Estimación adecuada
Lares,2010-2014,2,82.72140750112155,82.38384721368622,81.42131823125534,83.48486834611953,Estimación adecuada
Lares,2015-2019,1,78.13032401868809,77.83773000997653,76.82314492059105,78.88038503612425,Estimación adecuada
Lares,2015-2019,2,84.424471152182,84.42398912498197,83.2757696083745,85.70052351029935,Estimación adecuada
Lares,2020-2024,1,77.84495769277572,78.09819235267906,77.11593127928131,79.06803660813506,Estimación adecuada
Lares,2020-2024,2,84.10188803972103,84.58703352064886,83.46912168898676,85.87253837538057,Estimación adecuada
Las Marias,1980-1984,1,73.81563474744125,73.47639128953955,72.00289655122492,74.96982550595196,Estimación adecuada
Las Marias,1980-1984,2,83.88520673112671,81.10338045052139,79.12121207099636,83.72392368072859,< e0 observado
Las Marias,1985-1989,1,73.62469730038673,73.18870111000997,71.87097930331315,74.49551005382179,Estimación adecuada
Las Marias,1985-1989,2,78.14820547870697,79.7439741134898,78.15121141051218,81.6729302972179,> e0 observado
Las Marias,1990-1994,1,74.00881730690156,73.34829208614786,71.8904076420052,74.65608070978918,Estimación adecuada
Las Marias,1990-1994,2,80.22328205184606,80.63999700068243,78.92684862923385,82.96333069507907,Estimación adecuada
Las Marias,1995-1999,1,75.13206537448636,73.77575181235397,72.3787770154009,75.36750173514717,Estimación adecuada
Las Marias,1995-1999,2,81.22000339132549,81.08526707174452,79.42511783498915,83.06962922546056,Estimación adecuada
Las Marias,2000-2004,1,77.0746887546824,75.65187807933256,74.23283307289515,77.19058242031154,Estimación adecuada
Las Marias,2000-2004,2,81.22993587246654,82.55249747790856,80.72956158620154,84.78380291851818,Estimación adecuada
Las Marias,2005-2009,1,78.94241289794024,76.96277375486457,75.28785579269696,78.66497684575741,< e0 observado
Las Marias,2005-2009,2,82.45741722564794,83.51099290949793,81.70400871150706,85.74446599719867,Estimación adecuada
Las Marias,2010-2014,1,78.9874533300309,77.44375969109834,76.11351717666741,78.8242690748385,< e0 observado
Las Marias,2010-2014,2,85.68826589307866,84.9138634010385,83.08254444036922,87.42232265263101,Estimación adecuada
Las Marias,2015-2019,1,78.44180353450636,79.24924676653032,77.74242465562936,81.14553899202366,Estimación adecuada
Las Marias,2015-2019,2,86.2119644760504,86.0208253505652,84.11196103629428,88.71129478811415,Estimación adecuada
Las Marias,2020-2024,1,78.65869602395698,78.94369003416114,77.491796695515,80.61925230292823,Estimación adecuada
Las Marias,2020-2024,2,88.4892406052294,87.43567545537496,85.16924905407465,90.19737094059806,Estimación adecuada
Las Piedras,1980-1984,1,72.4628953772312,72.65386208750547,71.58545238087294,73.87907596126038,Estimación adecuada
Las Piedras,1980-1984,2,77.65886672068534,78.06924923814199,76.74695698423703,79.36098589961213,Estimación adecuada
Las Piedras,1985-1989,1,72.6175420547073,72.35170507132614,71.20977496936258,73.53050189133066,Estimación adecuada
Las Piedras,1985-1989,2,79.00116087428613,79.0126104577026,77.82580238020657,80.52483582733346,Estimación adecuada
Las Piedras,1990-1994,1,71.55978947014577,71.85403555449895,70.73148617028636,72.93261158187649,Estimación adecuada
Las Piedras,1990-1994,2,78.8936505301308,78.78939602580333,77.69053009458517,79.90003034733928,Estimación adecuada
Las Piedras,1995-1999,1,73.7555375015721,72.97794716616744,71.86205631430852,74.07094456942608,Estimación adecuada
Las Piedras,1995-1999,2,79.79933667371475,79.70899590984607,78.67325976560011,80.83592685160708,Estimación adecuada
Las Piedras,2000-2004,1,74.83778165388009,74.53134410696569,73.48022543702193,75.68604006313562,Estimación adecuada
Las Piedras,2000-2004,2,80.54014043533199,80.43682161316109,79.41403134401521,81.41092019284467,Estimación adecuada
Las Piedras,2005-2009,1,76.55584156350447,75.86883260089694,74.82295496508416,76.9322271243082,Estimación adecuada
Las Piedras,2005-2009,2,82.30870059101942,82.3792939563543,81.0762299952145,83.7093225765718,Estimación adecuada
Las Piedras,2010-2014,1,75.93351372986655,76.46263640242951,75.46650398301183,77.56215008464538,Estimación adecuada
Las Piedras,2010-2014,2,82.5650052808105,82.60296172071597,81.5517871063877,83.76569103805375,Estimación adecuada
Las Piedras,2015-2019,1,78.58935894309695,78.39834248381842,77.31406154748085,79.56527618967506,Estimación adecuada
Las Piedras,2015-2019,2,85.3607640329745,85.06719918734254,83.8996955023373,86.46317584300685,Estimación adecuada
Las Piedras,2020-2024,1,77.65607135099413,77.93255916330732,76.90901288141859,79.07485298686306,Estimación adecuada
Las Piedras,2020-2024,2,85.02534012586074,84.85476693545675,83.74292052182903,85.96531130817569,Estimación adecuada
Loiza,1980-1984,1,71.29708119790713,70.8914924742079,69.56967019075222,72.25741896427706,Estimación adecuada
Loiza,1980-1984,2,77.96280313581073,77.50867915277088,76.04769116710293,79.10290752103126,Estimación adecuada
Loiza,1985-1989,1,71.11235934077855,70.73696637905576,69.48224864141532,71.97924256793084,Estimación adecuada
Loiza,1985-1989,2,79.76441464134875,78.76974459665385,77.25100976543708,80.2138250363058,Estimación adecuada
Loiza,1990-1994,1,68.65505357436209,69.24622587018459,68.00263666523705,70.47031162972324,Estimación adecuada
Loiza,1990-1994,2,77.83527198679872,77.85682285494644,76.66284231936706,79.16916961781318,Estimación adecuada
Loiza,1995-1999,1,67.54575668322258,69.00412685464579,67.7797796860543,70.22631578277053,> e0 observado
Loiza,1995-1999,2,80.44991909621369,79.56488804323803,78.12512680956101,81.00801146129986,Estimación adecuada
Loiza,2000-2004,1,69.21795433977262,71.06149609436639,69.89300809667475,72.2409275961472,> e0 observado
Loiza,2000-2004,2,83.71722475677984,82.12575354287145,80.527616083768,84.16341688972841,Estimación adecuada
Loiza,2005-2009,1,69.49244819404063,71.67205385675882,70.58147160817754,72.81132460453017,> e0 observado
Loiza,2005-2009,2,81.62588342717608,81.27601611116503,80.04471808576227,82.69763177379508,Estimación adecuada
Loiza,2010-2014,1,72.71620374599513,74.40610608254073,73.18967019221728,75.71670031143877,> e0 observado
Loiza,2010-2014,2,83.22740715687155,82.7764987731201,81.52710866873433,84.33036719455558,Estimación adecuada
Loiza,2015-2019,1,76.42256809809959,76.76922593588739,75.52845493879079,78.18838653609767,Estimación adecuada
Loiza,2015-2019,2,84.58243093379357,84.58424470111855,83.14654857192576,86.16503686087115,Estimación adecuada
Loiza,2020-2024,1,74.30071613355503,75.70874001855549,74.54733885563999,76.8706756539528,> e0 observado
Loiza,2020-2024,2,85.89228425330265,85.10744088924292,83.58156320566798,87.03775149686867,Estimación adecuada
Luquillo,1980-1984,1,71.32237106066451,70.93618208979859,69.6952369506577,72.21305796476585,Estimación adecuada
Luquillo,1980-1984,2,96.21054523115929,80.13696290549456,77.96013345265267,82.8639959841162,< e0 observado
Luquillo,1985-1989,1,70.58391307233262,70.7026812374852,69.58832869137652,71.97524106531475,Estimación adecuada
Luquillo,1985-1989,2,75.85277823303889,76.67091744669239,75.29994139035593,77.95788059816788,Estimación adecuada
Luquillo,1990-1994,1,69.78687362564872,70.01000507539656,68.82441247585513,71.29682089107274,Estimación adecuada
Luquillo,1990-1994,2,78.65540822491414,78.27690870336414,76.87873095103294,79.91058478288501,Estimación adecuada
Luquillo,1995-1999,1,68.84529148191722,69.56201826737407,68.40150783586189,70.78051691931307,Estimación adecuada
Luquillo,1995-1999,2,77.57073371934368,77.90744826195623,76.51581276165453,79.36796841094362,Estimación adecuada
Luquillo,2000-2004,1,71.56692809461028,72.07089021321303,70.92225675314228,73.20431977453624,Estimación adecuada
Luquillo,2000-2004,2,80.93857359304148,80.54022640809836,79.20922033445201,82.08231350758231,Estimación adecuada
Luquillo,2005-2009,1,73.66197666420697,73.9125583120586,72.68328668820575,75.16784754641385,Estimación adecuada
Luquillo,2005-2009,2,80.16453384109049,80.28209407940453,79.08277703954492,81.60968209764353,Estimación adecuada
Luquillo,2010-2014,1,74.125398030716255,75.04079866319071,73.79084239284292,76.31671583208986,Estimación adecuada
Luquillo,2010-2014,2,83.56937802942338,82.98247747375902,81.52057494943871,84.50414447514217,Estimación adecuada
Luquillo,2015-2019,1,78.24158315716944,77.21334545341006,76.05376502532306,78.30519092073675,Estimación adecuada
Luquillo,2015-2019,2,86.16375324393145,85.28183107823043,83.62306730892082,87.22718681305975,Estimación adecuada
Luquillo,2020-2024,1,76.82778593702754,76.58967802990338,75.33146877727202,77.8326123293449,Estimación adecuada
Luquillo,2020-2024,2,84.96686508096819,84.60475435974652,83.18649427253399,86.32708212694484,Estimación adecuada
Manati,1980-1984,1,69.99769254598455,70.28954399289938,69.29900137361997,71.25511699232923,Estimación adecuada
Manati,1980-1984,2,76.91897319341015,76.93783363403193,76.00016455277219,77.91229358954715,Estimación adecuada
Manati,1985-1989,1,69.40848405753856,69.88942929371622,68.9969386932478,70.82976940565412,Estimación adecuada
Manati,1985-1989,2,78.1365208528677,77.90114388073812,76.80231096360221,79.08964395513297,Estimación adecuada
Manati,1990-1994,1,69.23507276864738,69.77269201052508,68.87247772352977,70.69674101879238,Estimación adecuada
Manati,1990-1994,2,78.13694859634435,77.95528434227623,77.075657046714,78.95673306414419,Estimación adecuada
Manati,1995-1999,1,70.56621278613628,70.77287624611793,69.93479807086392,71.70677941257063,Estimación adecuada
Manati,1995-1999,2,78.18010801536123,78.27018659809156,77.30595815834108,79.26478887679802,Estimación adecuada
Manati,2000-2004,1,73.5059956746808,73.27223481444884,72.34765971424116,74.19380653065535,Estimación adecuada
Manati,2000-2004,2,79.921946292628,79.7743960944465,78.88208534529873,80.69644093433804,Estimación adecuada
Manati,2005-2009,1,74.42317304268016,74.48020569569083,73.52162689131133,75.36041749272266,Estimación adecuada
Manati,2005-2009,2,81.69558612867581,81.22775302836754,80.35085889428865,82.28797964867667,Estimación adecuada
Manati,2010-2014,1,75.79949582054559,75.71426305419493,74.83558245611651,76.68341102564055,Estimación adecuada
Manati,2010-2014,2,82.46392723255103,82.08697898059359,81.07813644390522,83.08405200611091,Estimación adecuada
Manati,2015-2019,1,76.50082129222024,76.8485495926546,75.90127600082883,77.80248427339956,Estimación adecuada
Manati,2015-2019,2,84.47543845885097,84.08819007585595,83.16155460252023,85.19221066547674,Estimación adecuada
Manati,2020-2024,1,76.6410779362147,76.57992796591788,75.62967471268401,77.48259278636152,Estimación adecuada
Manati,2020-2024,2,84.79279277649533,84.54565052929783,83.45157556610556,85.73072398946665,Estimación adecuada
Maricao,1980-1984,1,68.60202825310121,71.48884509445712,70.03774380290983,73.0510892619499,> e0 observado
Maricao,1980-1984,2,78.09479107390814,78.7977385858231,77.05900752955671,80.93935968748318,Estimación adecuada
Maricao,1985-1989,1,74.96773339223955,72.94910157962923,71.30984191866571,74.62884204380615,< e0 observado
Maricao,1985-1989,2,78.61629942834107,79.43245311586499,77.54253372549499,81.77177840564686,Estimación adecuada
Maricao,1990-1994,1,71.6682444194189,71.64763337819036,70.10993882759968,73.25564276875451,Estimación adecuada
Maricao,1990-1994,2,78.7855059436943,79.66445562919615,77.88860865955604,81.8564556313939,Estimación adecuada
Maricao,1995-1999,1,71.33878340346546,71.8688133259287,70.23862116539392,73.42187530892603,Estimación adecuada
Maricao,1995-1999,2,78.99834861586001,80.35424367491333,78.46629196425398,82.44802688070557,Estimación adecuada
Maricao,2000-2004,1,77.71513177879464,75.27510254195371,73.51346113303669,77.35995621397831,< e0 observado
Maricao,2000-2004,2,80.22542908124815,81.55990459251723,79.5473463594463,84.04397933925156,Estimación adecuada
Maricao,2005-2009,1,77.40367339569201,75.60499710757361,73.88143704016439,77.42047113703414,Estimación adecuada
Maricao,2005-2009,2,82.65920888615886,82.91032816980854,80.89667982975337,85.41450220765566,Estimación adecuada
Maricao,2010-2014,1,78.78632855189304,77.20878649835754,75.38066244528179,79.16458758378012,Estimación adecuada
Maricao,2010-2014,2,86.34203171038145,85.53182848606048,83.09416692834003,88.4522467275329,Estimación adecuada
Maricao,2015-2019,1,75.94252949549474,77.96188642805484,76.24327113503335,79.81129896779647,> e0 observado
Maricao,2015-2019,2,88.98166952275554,87.00741786841087,84.53850707317477,90.0496452072498,Estimación adecuada
Maricao,2020-2024,1,78.97029384636113,78.29390992432097,76.4737282530169,80.48361150489184,Estimación adecuada
Maricao,2020-2024,2,84.52027651105944,84.25916571782066,82.38890284166344,86.49204332491126,Estimación adecuada
Maunabo,1980-1984,1,71.14680086853208,71.66251302121728,70.33870276007356,73.16433154879869,Estimación adecuada
Maunabo,1980-1984,2,78.1067644645637,78.43350305355861,76.89514164848839,80.1867406189382,Estimación adecuada
Maunabo,1985-1989,1,73.14754634531097,72.22592849973276,70.93853672445829,73.64348994986693,Estimación adecuada
Maunabo,1985-1989,2,80.26716511735238,79.42192283150418,77.77209473719853,81.16712414411798,Estimación adecuada
Maunabo,1990-1994,1,72.41659695481869,72.0881456142808,70.63498085680708,73.41525394582561,Estimación adecuada
Maunabo,1990-1994,2,80.63599878230829,80.05797492271509,78.57005435439986,81.81551972316784,Estimación adecuada
Maunabo,1995-1999,1,71.29560582062038,71.4538560705628,70.131478922369,72.8266391371344,Estimación adecuada
Maunabo,1995-1999,2,79.21035551708708,79.74632597450216,78.21831222271678,81.43914749524055,Estimación adecuada
Maunabo,2000-2004,1,73.80432839475543,73.8777563528815,72.6264265015877,75.33284531358326,Estimación adecuada
Maunabo,2000-2004,2,81.50289326156216,81.36567262726065,79.80282039331708,83.10089561257452,Estimación adecuada
Maunabo,2005-2009,1,74.64232752557565,74.3067642066739,73.05367444196159,75.51011090242379,Estimación adecuada
Maunabo,2005-2009,2,82.94220641756984,82.96979290230888,81.14803054742566,85.10370234061159,Estimación adecuada
Maunabo,2010-2014,1,74.8339607817344,75.48972749603922,74.21205623631263,76.88858494267824,Estimación adecuada
Maunabo,2010-2014,2,84.96652627183896,84.80382516432063,82.76773599954953,87.30478119376835,Estimación adecuada
Maunabo,2015-2019,1,78.86941488241771,77.75667900069945,76.39633190123224,79.18515351823989,Estimación adecuada
Maunabo,2015-2019,2,85.85027789954904,85.44462688012266,83.52103377797626,87.4609705871049,Estimación adecuada
Maunabo,2020-2024,1,73.9175174535675,76.18796727193302,74.91698954588503,77.35896546283811,> e0 observado
Maunabo,2020-2024,2,82.49945155414667,83.15037282973657,81.74549266522786,84.71926625166704,Estimación adecuada
Mayaguez,1980-1984,1,70.16347210674796,70.34155073418825,69.66663288678961,71.0740932518966,Estimación adecuada
Mayaguez,1980-1984,2,77.60512196844877,77.29613899099593,76.68114559386481,77.93398979763296,Estimación adecuada
Mayaguez,1985-1989,1,70.43422694514761,70.53077897204167,69.88517509558798,71.1513295630894,Estimación adecuada
Mayaguez,1985-1989,2,77.94340408933364,77.81273634487371,77.11081203550366,78.42606524399075,Estimación adecuada
Mayaguez,1990-1994,1,70.24642591292358,70.3218497764449,69.662664302201,70.94699247483952,Estimación adecuada
Mayaguez,1990-1994,2,78.67215935241931,78.42553034698552,77.76718881470553,79.07372236525765,Estimación adecuada
Mayaguez,1995-1999,1,70.79228679899191,70.87591480381593,70.24900249007523,71.49746523099405,Estimación adecuada
Mayaguez,1995-1999,2,79.57023177554109,79.39840534776442,78.69909134239269,80.03304557536255,Estimación adecuada
Mayaguez,2000-2004,1,73.63502357565517,73.53963344834153,72.8444957917052,74.1857141225206,Estimación adecuada
Mayaguez,2000-2004,2,81.32752458798765,81.06132258691692,80.36660092072769,81.86763733191059,Estimación adecuada
Mayaguez,2005-2009,1,73.96494214443702,74.01651849091355,73.33214994288811,74.68640697289776,Estimación adecuada
Mayaguez,2005-2009,2,81.49974889865346,81.33056961255154,80.64674720060898,82.09056414676533,Estimación adecuada
Mayaguez,2010-2014,1,74.96249416874119,74.97955128840661,74.29121093693037,75.60642385841571,Estimación adecuada
Mayaguez,2010-2014,2,82.81805760395481,82.72740453636744,81.97068015330551,83.53338129405964,Estimación adecuada
Mayaguez,2015-2019,1,77.18178911462695,77.31474349028174,76.54516483245293,78.0699905448164,Estimación adecuada
Mayaguez,2015-2019,2,85.03789447163464,84.93426877123093,84.06957690166415,85.82151128921512,Estimación adecuada
Mayaguez,2020-2024,1,76.09571809909919,76.56091550699685,75.77009886059967,77.35691845153339,Estimación adecuada
Mayaguez,2020-2024,2,84.85251261520094,84.81687041741327,83.98402584250229,85.79229532244426,Estimación adecuada
Moca,1980-1984,1,71.47861356859958,72.24193201082966,71.18634904943627,73.31205287327003,Estimación adecuada
Moca,1980-1984,2,77.57729967024724,78.16744435928925,76.95069992550752,79.4528736878921,Estimación adecuada
Moca,1985-1989,1,74.13223338906987,73.4419582921147,72.49004702089337,74.49846694884991,Estimación adecuada
Moca,1985-1989,2,78.76717836323876,78.8983390850072,77.66387579697651,80.1184546875256,Estimación adecuada
Moca,1990-1994,1,74.38613122856178,73.63749903918176,72.57384806917976,74.71761075036989,Estimación adecuada
Moca,1990-1994,2,79.33086248782432,79.21936996321082,78.07276326116975,80.3689272664049,Estimación adecuada
Moca,1995-1999,1,73.93016893221346,73.44396886014574,72.54586044392371,74.37251039272212,Estimación adecuada
Moca,1995-1999,2,79.92298518560595,79.60162198282708,78.63871881790776,80.64783008512251,Estimación adecuada
Moca,2000-2004,1,76.88913106198095,75.94505683439169,74.90040904313983,76.99999762624299,Estimación adecuada
Moca,2000-2004,2,81.20152141336699,81.41537848351484,80.24910881384866,82.60869083678939,Estimación adecuada
Moca,2005-2009,1,78.23027972920578,77.25016633177272,76.27963226007323,78.33669973599146,Estimación adecuada
Moca,2005-2009,2,81.64729368972594,81.91294060424838,80.89722801560416,82.99136921419755,Estimación adecuada
Moca,2010-2014,1,78.39894219071823,77.98329224606198,76.89305470860901,79.01561398657725,Estimación adecuada
Moca,2010-2014,2,82.3431083414248,82.57117708326439,81.50268217825091,83.73348970203358,Estimación adecuada
Moca,2015-2019,1,78.86942315370179,78.61847316459404,77.66898346404233,79.66204197679986,Estimación adecuada
Moca,2015-2019,2,85.12050775808935,85.18840906030417,83.95984072917106,86.59989175947074,Estimación adecuada
Moca,2020-2024,1,79.5196148813842,79.15300789626369,78.22110758039389,80.19665677405085,Estimación adecuada
Moca,2020-2024,2,84.83463123511952,84.95601186479766,83.94726308641836,86.02489546257263,Estimación adecuada
Morovis,1980-1984,1,72.75449760171898,72.74388922040181,71.30787101225442,74.20943562209452,Estimación adecuada
Morovis,1980-1984,2,79.58978615306602,79.49309630629271,78.09663739199331,81.07409031790664,Estimación adecuada
Morovis,1985-1989,1,73.00155031190296,72.81687449764914,71.64133814170363,73.9791345866579,Estimación adecuada
Morovis,1985-1989,2,79.18909920848033,79.13885879158761,77.90043654032608,80.64353224928917,Estimación adecuada
Morovis,1990-1994,1,74.7129408866261,73.56962221742536,72.45698777988068,74.79814779722278,Estimación adecuada
Morovis,1990-1994,2,79.13950712220092,79.30414511133723,78.14884100555874,80.66836597099041,Estimación adecuada
Morovis,1995-1999,1,72.82153464768288,72.69134995057662,71.61627804683384,73.71157700838063,Estimación adecuada
Morovis,1995-1999,2,80.70735984476201,80.67002100679034,79.30749319824756,82.12195314526647,Estimación adecuada
Morovis,2000-2004,1,74.10293235770516,74.57750400729876,73.43613051323278,75.70869018448109,Estimación adecuada
Morovis,2000-2004,2,82.09073872809745,81.96736953306333,80.62430970432165,83.67584485377148,Estimación adecuada
Morovis,2005-2009,1,76.91529332323657,76.1847927660655,75.02256562997367,77.50291750719015,Estimación adecuada
Morovis,2005-2009,2,83.05104709140619,82.76134171539462,81.3357019351428,84.19989772806994,Estimación adecuada
Morovis,2010-2014,1,77.08123150152963,77.27251152158644,76.21144901853039,78.4386088702936,Estimación adecuada
Morovis,2010-2014,2,83.34182688922566,83.25138888225803,82.06258130668316,84.51435858764732,Estimación adecuada
Morovis,2015-2019,1,78.96515859481998,78.45660985860341,77.33276311986081,79.52010637436946,Estimación adecuada
Morovis,2015-2019,2,87.15880943526801,86.2063671427421,84.77474789477719,87.84497155804394,Estimación adecuada
Morovis,2020-2024,1,78.2458123408178,78.55484004950547,77.55512249309389,79.60973747488364,Estimación adecuada
Morovis,2020-2024,2,84.91369846953171,85.68419508094195,84.24703760314772,87.23650934933575,Estimación adecuada
Naguabo,1980-1984,1,71.84412346105836,71.62359370507473,70.38033204117949,72.88492633295526,Estimación adecuada
Naguabo,1980-1984,2,76.70981740677908,76.74543816292595,75.47794847106614,78.11928775026362,Estimación adecuada
Naguabo,1985-1989,1,70.3877807756849,70.51397019700323,69.33876782287501,71.70881496860049,Estimación adecuada
Naguabo,1985-1989,2,77.29975247108982,77.2265803222364,76.01584503945071,78.36008099703102,Estimación adecuada
Naguabo,1990-1994,1,69.935755323165,69.99470255044338,68.85287347765455,71.08321507456955,Estimación adecuada
Naguabo,1990-1994,2,77.27690861530172,77.77030764072958,76.56155305150531,79.01714904843048,Estimación adecuada
Naguabo,1995-1999,1,69.72322516574484,70.26124245354258,69.17825378737543,71.32159705041236,Estimación adecuada
Naguabo,1995-1999,2,76.82881627212045,77.30034706746821,76.17078057958918,78.29674060116297,Estimación adecuada
Naguabo,2000-2004,1,72.06654411146116,72.28199366204332,71.19756723663741,73.29723239251999,Estimación adecuada
Naguabo,2000-2004,2,79.7628328934226,80.04678624636125,78.87304536393029,81.3473619590308,Estimación adecuada
Naguabo,2005-2009,1,73.77862572143668,73.874897480686,72.77723156112354,74.98601862302186,Estimación adecuada
Naguabo,2005-2009,2,80.62404690696854,80.84469958732379,79.52115274819194,82.16183944908828,Estimación adecuada
Naguabo,2010-2014,1,75.11164062971052,74.97496419052739,73.91304282258402,76.11072654696501,Estimación adecuada
Naguabo,2010-2014,2,82.93958682980916,82.45214150856403,81.15168916178791,83.94627064853336,Estimación adecuada
Naguabo,2015-2019,1,76.26882750450046,76.07701535585662,74.91300373316942,77.25983942139712,Estimación adecuada
Naguabo,2015-2019,2,84.83022686610576,84.28979520195271,82.86806065661652,85.82017664860413,Estimación adecuada
Naguabo,2020-2024,1,77.23171232523964,76.78009784060768,75.72391013720193,77.93464758620748,Estimación adecuada
Naguabo,2020-2024,2,83.84568426869097,83.74923974681602,82.48897747711825,85.17995987699224,Estimación adecuada
Naranjito,1980-1984,1,74.98820136337291,74.20148441068633,72.97471787932567,75.7237184034278,Estimación adecuada
Naranjito,1980-1984,2,82.09597951709326,80.64014000384165,79.23398840543403,82.16437879639474,Estimación adecuada
Naranjito,1985-1989,1,74.14321504502335,73.41758216809902,72.34045750755048,74.49188264786184,Estimación adecuada
Naranjito,1985-1989,2,81.17666750110004,80.58006476903446,79.23726986363998,82.16065438609299,Estimación adecuada
Naranjito,1990-1994,1,72.65469281143538,72.71837590895444,71.62405838588512,73.89876123387594,Estimación adecuada
Naranjito,1990-1994,2,80.53672985190586,80.60713835329793,79.30315376549832,82.16470869775732,Estimación adecuada
Naranjito,1995-1999,1,71.78384170584214,72.09947653564409,71.09916424330532,73.03667343179255,Estimación adecuada
Naranjito,1995-1999,2,81.60503745588989,81.04716802606194,79.75395054646953,82.73644380963424,Estimación adecuada
Naranjito,2000-2004,1,75.02066724722975,74.93150171952182,73.80516215780875,76.13791977606498,Estimación adecuada
Naranjito,2000-2004,2,82.02786957174214,81.94364777174007,80.63584678866529,83.3262750045043,Estimación adecuada
Naranjito,2005-2009,1,75.97305227428454,76.10589198036584,74.99364904670067,77.35778168081569,Estimación adecuada
Naranjito,2005-2009,2,81.50399850212823,81.97739227071423,80.85876142752855,83.21122073275525,Estimación adecuada
Naranjito,2010-2014,1,78.20596950921357,77.61835922543645,76.56090524775911,78.7630896813806,Estimación adecuada
Naranjito,2010-2014,2,82.65441935713193,83.561547548624,82.26606843966675,85.07635562950199,Estimación adecuada
Naranjito,2015-2019,1,79.79942567224485,79.56506147480417,78.31060417700823,81.00908644548653,Estimación adecuada
Naranjito,2015-2019,2,86.72388771081324,86.75594283800076,85.12407693472562,88.80938141360862,Estimación adecuada
Naranjito,2020-2024,1,76.58250173203984,77.53648924475198,76.48289493527001,78.68206358197011,Estimación adecuada
Naranjito,2020-2024,2,85.5864530860636,85.18500906966577,83.95048593848655,86.50141166661062,Estimación adecuada
Orocovis,1980-1984,1,73.68697408485414,73.4290221874721,72.08427734219795,74.90969711280593,Estimación adecuada
Orocovis,1980-1984,2,79.52890987399995,79.31478534234128,77.90214877208278,80.92101068283701,Estimación adecuada
Orocovis,1985-1989,1,72.86313442913975,72.69493465422052,71.49512146328438,73.86898706964111,Estimación adecuada
Orocovis,1985-1989,2,83.00284611084997,81.19412903567049,79.63554499014718,83.07879403450778,Estimación adecuada
Orocovis,1990-1994,1,70.6546043654978,71.45272524530104,70.27947037601243,72.5336861096088,Estimación adecuada
Orocovis,1990-1994,2,80.6362204849656,80.29117296533104,78.82495463523976,81.87045978441901,Estimación adecuada
Orocovis,1995-1999,1,73.67698769121861,73.17144807185277,72.03496617205253,74.36215270619446,Estimación adecuada
Orocovis,1995-1999,2,79.89715435282756,79.99591183360562,78.78675392333005,81.41369291039474,Estimación adecuada
Orocovis,2000-2004,1,74.30531059061678,74.31061092531334,73.22365731511462,75.56378084638494,Estimación adecuada
Orocovis,2000-2004,2,82.7682053865501,82.37264853638285,80.89541347440839,84.16418695682418,Estimación adecuada
Orocovis,2005-2009,1,75.65599075985115,75.6225287085829,74.36813061514255,76.80168780315171,Estimación adecuada
Orocovis,2005-2009,2,81.23465089468093,81.57010114685878,80.25312389924922,82.9659910952398,Estimación adecuada
Orocovis,2010-2014,1,78.72609688729915,77.7393412881182,76.57647053542132,79.01353283509906,Estimación adecuada
Orocovis,2010-2014,2,83.46032948812693,83.34590042749815,81.94067647877084,84.8751793486134,Estimación adecuada
Orocovis,2015-2019,1,78.31348130255999,78.07622793433043,76.95584815713748,79.4104916578626,Estimación adecuada
Orocovis,2015-2019,2,84.96910673692187,85.19607652513527,83.81874479937754,87.02588919009092,Estimación adecuada
Orocovis,2020-2024,1,77.80883766643083,78.54086445982283,77.14212912455848,79.98966465541096,Estimación adecuada
Orocovis,2020-2024,2,84.81893104480201,84.83595339115914,83.53980685726104,86.49469473549475,Estimación adecuada
Patillas,1980-1984,1,71.2919207839744,71.7278102794904,70.33658943752073,73.06028598360642,Estimación adecuada
Patillas,1980-1984,2,77.55331848134108,77.6678993997528,76.42044850394015,79.055509256471,Estimación adecuada
Patillas,1985-1989,1,71.37552114824256,70.9163924059778,69.78568594228027,71.99808584608724,Estimación adecuada
Patillas,1985-1989,2,79.24042850774778,78.6021762024252,77.33230084031801,79.95858114616715,Estimación adecuada
Patillas,1990-1994,1,72.50760666915836,71.64738840055918,70.38013035661918,72.86825661382265,Estimación adecuada
Patillas,1990-1994,2,78.396020908419,78.36831025744856,77.18808784520928,79.71171158318467,Estimación adecuada
Patillas,1995-1999,1,71.16809015939647,71.30128175185519,70.12984364887542,72.53524044829388,Estimación adecuada
Patillas,1995-1999,2,78.52476688729733,78.33189486325153,77.20326900226202,79.62752744756179,Estimación adecuada
Patillas,2000-2004,1,73.84030571885792,73.60605795836742,72.3840327210473,74.86167296838757,Estimación adecuada
Patillas,2000-2004,2,80.28524555250978,80.67084884475128,79.38129190334024,82.17255998384158,Estimación adecuada
Patillas,2005-2009,1,74.71797456893655,74.51323657024093,73.29135539959115,75.70098436534263,Estimación adecuada
Patillas,2005-2009,2,82.37229150118687,81.60468393048892,80.23779357670796,83.05794670519856,Estimación adecuada
Patillas,2010-2014,1,75.64302541877272,76.07233235206195,74.80154956405437,77.33997209300684,Estimación adecuada
Patillas,2010-2014,2,82.97344642216791,83.18069549086479,81.80214810050055,84.84239914956959,Estimación adecuada
Patillas,2015-2019,1,77.44243369136635,77.34656879672207,75.9808972293227,78.63426877508489,Estimación adecuada
Patillas,2015-2019,2,85.62464985032581,85.59171386412133,83.99732463826467,87.4862946955891,Estimación adecuada
Patillas,2020-2024,1,75.4428131511174,76.51888636327058,75.42015282745089,77.60853308113519,Estimación adecuada
Patillas,2020-2024,2,83.73266646624228,85.43885240909013,83.81690741407968,87.38068470579975,> e0 observado
Penuelas,1980-1984,1,72.35786944424055,71.60933141397857,70.3565667090885,72.76883155115382,Estimación adecuada
Penuelas,1980-1984,2,77.42169553222374,77.54249656175847,76.21327157166742,79.08210933424665,Estimación adecuada
Penuelas,1985-1989,1,72.76539154925341,71.88391638498692,70.69854052706063,73.11786122224653,Estimación adecuada
Penuelas,1985-1989,2,78.26925344407194,78.04927181014293,76.73327927571906,79.4681920334664,Estimación adecuada
Penuelas,1990-1994,1,71.6518283419231,71.15860893418579,70.08944240591968,72.2980186537862,Estimación adecuada
Penuelas,1990-1994,2,78.09730287289996,78.14587268627466,76.92064832370916,79.52937428537355,Estimación adecuada
Penuelas,1995-1999,1,72.51086800891099,71.90388690105775,70.76225122754352,72.97095262950673,Estimación adecuada
Penuelas,1995-1999,2,77.85186468595465,78.49871409080893,77.19155476602363,79.96970523841934,Estimación adecuada
Penuelas,2000-2004,1,73.06979986248778,73.0119208464069,71.92832256827316,74.0323721765857,Estimación adecuada
Penuelas,2000-2004,2,80.74681115313095,80.71195855076468,79.30971803211997,82.4600734705535,Estimación adecuada
Penuelas,2005-2009,1,74.32588415517951,74.33455980918592,73.11220284849956,75.46001645256877,Estimación adecuada
Penuelas,2005-2009,2,83.85447484865448,82.9373624614939,81.06008380269884,85.2022726433667,Estimación adecuada
Penuelas,2010-2014,1,77.2161868060379,76.84834184135795,75.5821991921605,78.22590577910157,Estimación adecuada
Penuelas,2010-2014,2,82.37054992803498,82.34790529304394,81.01325912385431,83.94580182113724,Estimación adecuada
Penuelas,2015-2019,1,76.94988280019332,76.817835047301,75.67828911824685,78.04268469896333,Estimación adecuada
Penuelas,2015-2019,2,83.52991574696982,83.52685818937252,82.2363885334421,85.14034430994694,Estimación adecuada
Penuelas,2020-2024,1,78.19759662594926,77.51174455393416,76.28937697280139,78.67574510079535,Estimación adecuada
Penuelas,2020-2024,2,83.13779961346445,83.36347953005037,82.02498063351788,84.74937599696437,Estimación adecuada
Ponce,1980-1984,1,70.95163851465587,70.81029881132827,70.33200228672378,71.29662827383251,Estimación adecuada
Ponce,1980-1984,2,77.90393491985162,77.57101292060625,77.03034087716709,78.10938002840447,Estimación adecuada
Ponce,1985-1989,1,68.92037207804252,69.0960979878836,68.58629577914742,69.59070018818548,Estimación adecuada
Ponce,1985-1989,2,77.3120135977883,77.23735906266876,76.7365553156438,77.77235949712895,Estimación adecuada
Ponce,1990-1994,1,68.07009878068561,68.33597979257536,67.86595928336648,68.85240258390661,Estimación adecuada
Ponce,1990-1994,2,77.70322992022791,77.73993985364532,77.23626733952794,78.24851215634673,Estimación adecuada
Ponce,1995-1999,1,68.8945019576824,69.11424382786629,68.61010797085983,69.60006587803106,Estimación adecuada
Ponce,1995-1999,2,78.64616620265484,78.56541813718454,78.0364367909671,79.1066076467491,Estimación adecuada
Ponce,2000-2004,1,71.88287158339286,71.97874432949453,71.44801141503525,72.48113593820221,Estimación adecuada
Ponce,2000-2004,2,80.17053819569585,79.95640621317389,79.42664825096199,80.45457409407284,Estimación adecuada
Ponce,2005-2009,1,72.59239776230434,72.7924201970458,72.28279229311399,73.3584855404738,Estimación adecuada
Ponce,2005-2009,2,81.60505937401689,81.41598609318929,80.84562245794955,81.99551394967364,Estimación adecuada
Ponce,2010-2014,1,74.90584213235752,74.90067093084176,74.35183945416493,75.46999253196113,Estimación adecuada
Ponce,2010-2014,2,81.84526785237593,81.7823220202602,81.194339080847,82.39965371437799,Estimación adecuada
Ponce,2015-2019,1,75.94818443525777,76.1347548810526,75.57370665264978,76.74017567588555,Estimación adecuada
Ponce,2015-2019,2,84.573600741168,84.42509052010672,83.77923414036658,85.09297979588113,Estimación adecuada
Ponce,2020-2024,1,76.11579149445392,76.15410698281181,75.55995210724474,76.74028028483569,Estimación adecuada
Ponce,2020-2024,2,84.14984563358192,83.86846775047457,83.25708726955594,84.52276302095261,Estimación adecuada
Quebradillas,1980-1984,1,71.5804748432608,71.4919019136338,70.38183976639645,72.64637548164072,Estimación adecuada
Quebradillas,1980-1984,2,79.23938165137665,78.54075698345807,77.1539916774549,80.16271928556607,Estimación adecuada
Quebradillas,1985-1989,1,70.63546474047975,70.88383928350316,69.76003924634836,72.00939540293675,Estimación adecuada
Quebradillas,1985-1989,2,77.80764334555457,77.5326842543053,76.436536517831,78.70875100311163,Estimación adecuada
Quebradillas,1990-1994,1,72.04068810225141,71.60628884184688,70.52362952538326,72.8498340585403,Estimación adecuada
Quebradillas,1990-1994,2,79.32174470623532,78.62838410025442,77.36697315934134,79.94729479803021,Estimación adecuada
Quebradillas,1995-1999,1,72.62949799850028,71.7045393125321,70.67224984521012,72.83087251143517,Estimación adecuada
Quebradillas,1995-1999,2,78.8521877504248,78.70112225078273,77.50345784716824,80.05953648186696,Estimación adecuada
Quebradillas,2000-2004,1,73.75120320482118,73.31537838240226,72.2745011407844,74.28164571962492,Estimación adecuada
Quebradillas,2000-2004,2,79.64696913052158,79.81780578720367,78.74641487197019,80.9737947665713,Estimación adecuada
Quebradillas,2005-2009,1,76.4702021217705,75.17340049530162,74.20843178880968,76.36156776423353,< e0 observado
Quebradillas,2005-2009,2,82.57479226170334,82.2860860313342,80.87533486033013,83.86770234245826,Estimación adecuada
Quebradillas,2010-2014,1,76.84416482352528,76.37270786054623,75.30808823391418,77.4930687431312,Estimación adecuada
Quebradillas,2010-2014,2,83.16432092953069,82.9442523365227,81.54542566490868,84.38297157244592,Estimación adecuada
Quebradillas,2015-2019,1,77.52581972834565,77.17836965281509,76.20196366933851,78.21310593817356,Estimación adecuada
Quebradillas,2015-2019,2,83.89036641680575,83.5480050294253,82.40087802712529,84.85383742419074,Estimación adecuada
Quebradillas,2020-2024,1,78.45741764289136,77.4924709746776,76.41616225302506,78.75115013824595,Estimación adecuada
Quebradillas,2020-2024,2,84.02514632890372,83.97836724427872,82.77132492250158,85.37006852195327,Estimación adecuada
Rincon,1980-1984,1,71.31036542846637,72.5517062272521,71.16121707708315,73.99982771721515,Estimación adecuada
Rincon,1980-1984,2,78.23121876259758,78.62617021229909,77.10489027499916,80.17935296652014,Estimación adecuada
Rincon,1985-1989,1,72.68195818723761,72.39986247835725,71.13588097520713,73.72037273109996,Estimación adecuada
Rincon,1985-1989,2,78.13112109379762,78.82491293531774,77.46005383773388,80.26939444101384,Estimación adecuada
Rincon,1990-1994,1,74.46482669947628,73.1279587809289,71.76350897785457,74.52568425913643,Estimación adecuada
Rincon,1990-1994,2,79.71875830965256,79.36832405309268,78.06886881446847,81.03350419858093,Estimación adecuada
Rincon,1995-1999,1,71.81900034746621,71.74551546664044,70.55724746785333,72.92052924563788,Estimación adecuada
Rincon,1995-1999,2,80.4078903895804,80.28110399906288,78.81153813533679,81.94652379133461,Estimación adecuada
Rincon,2000-2004,1,75.07948363707656,74.80159401723908,73.5563534937113,76.03299111528379,Estimación adecuada
Rincon,2000-2004,2,82.97798833076854,82.27982307695163,80.7565373381236,84.14045588043881,Estimación adecuada
Rincon,2005-2009,1,76.37954961336744,75.74563561258995,74.53090444545794,77.04327908667845,Estimación adecuada
Rincon,2005-2009,2,80.35621164685101,81.25705946114242,79.94868235828831,82.53501442397855,Estimación adecuada
Rincon,2010-2014,1,79.61051534555456,77.81185570082184,76.57132244216987,79.13461337027853,< e0 observado
Rincon,2010-2014,2,83.80210551828287,83.99678537718799,82.4195895946203,85.57978887678932,Estimación adecuada
Rincon,2015-2019,1,79.17285737161941,79.00586553990264,77.64875587544822,80.29840608881219,Estimación adecuada
Rincon,2015-2019,2,86.30943741112463,86.32705921084752,84.60801804075562,88.24362869833615,Estimación adecuada
Rincon,2020-2024,1,79.87445814115418,79.62806779879269,78.27806283539446,81.14915644741579,Estimación adecuada
Rincon,2020-2024,2,86.12132225159803,85.64816651502439,84.2032961302206,87.2819559413976,Estimación adecuada
Rio Grande,1980-1984,1,71.31055270884488,71.2858177203281,70.21528522876368,72.33964346302689,Estimación adecuada
Rio Grande,1980-1984,2,77.8338345029928,77.63306615739384,76.4127875239266,78.881124343856,Estimación adecuada
Rio Grande,1985-1989,1,72.55792010168767,71.86062642797046,70.89353944458757,72.9734098979614,Estimación adecuada
Rio Grande,1985-1989,2,78.55898208748316,78.31508594427041,77.18023120804524,79.61248616747065,Estimación adecuada
Rio Grande,1990-1994,1,69.8066408540921,70.17800265973978,69.33814705021742,71.12377449809048,Estimación adecuada
Rio Grande,1990-1994,2,79.04176505901863,78.92831934624613,77.79788163706027,80.08700641274523,Estimación adecuada
Rio Grande,1995-1999,1,69.24216716509197,69.9197400099197,68.99849704381428,70.82570282955162,Estimación adecuada
Rio Grande,1995-1999,2,78.57122528721384,78.55164332273917,77.58825049355083,79.53409148779599,Estimación adecuada
Rio Grande,2000-2004,1,73.5987446256221,73.5510452724711,72.6552523411271,74.42306793301069,Estimación adecuada
Rio Grande,2000-2004,2,80.92764017417292,80.83781404945651,79.83747547350352,81.94361228182018,Estimación adecuada
Rio Grande,2005-2009,1,74.74267006153134,74.83910199300846,73.88685524398983,75.85359484591957,Estimación adecuada
Rio Grande,2005-2009,2,82.25371975622028,81.87233206186352,80.85856101248326,82.85966461863565,Estimación adecuada
Rio Grande,2010-2014,1,75.62464241200296,75.7556801936797,74.84656940883285,76.68776655589987,Estimación adecuada
Rio Grande,2010-2014,2,81.93516108938404,81.9602515987124,81.13204786301493,82.90836586592958,Estimación adecuada
Rio Grande,2015-2019,1,77.32038501383934,77.42134606066882,76.4474618906188,78.39798739166363,Estimación adecuada
Rio Grande,2015-2019,2,84.73128165771396,84.36495857073248,83.39192514292536,85.47054633353382,Estimación adecuada
Rio Grande,2020-2024,1,76.09079051682853,76.56551431873471,75.62013772476361,77.53031068604693,Estimación adecuada
Rio Grande,2020-2024,2,84.92626206233898,85.18072734272887,84.05435689766145,86.49966579673564,Estimación adecuada
Sabana Grande,1980-1984,1,72.94260252849719,71.97319395275574,70.7594088486163,73.09977213301958,Estimación adecuada
Sabana Grande,1980-1984,2,76.79030160326006,77.19765376774062,75.96767377212483,78.57983917024943,Estimación adecuada
Sabana Grande,1985-1989,1,72.60670516660508,72.02625724704743,70.90651372276534,73.18490411124264,Estimación adecuada
Sabana Grande,1985-1989,2,79.46020484114078,78.78246566145185,77.55462669279085,80.06950505516262,Estimación adecuada
Sabana Grande,1990-1994,1,71.96878186562466,71.48315084282022,70.4108270267229,72.5071287908967,Estimación adecuada
Sabana Grande,1990-1994,2,77.52973712888554,77.62510725309548,76.67318610120824,78.66757574142586,Estimación adecuada
Sabana Grande,1995-1999,1,72.42496764545729,71.77591074879106,70.80180092751225,72.75401368864189,Estimación adecuada
Sabana Grande,1995-1999,2,77.8549110688198,77.80763981877521,76.80718592496746,78.87835456187032,Estimación adecuada
Sabana Grande,2000-2004,1,75.19081545433245,74.3150816134818,73.22853656542259,75.42584391547031,Estimación adecuada
Sabana Grande,2000-2004,2,80.10304388750191,80.51453298607441,79.38438011710623,81.73777549064818,Estimación adecuada
Sabana Grande,2005-2009,1,75.77699216646894,74.88148233208152,73.70389382835008,76.0772109903773,Estimación adecuada
Sabana Grande,2005-2009,2,80.72892003066303,81.16877771777955,79.96534327113979,82.53767055970128,Estimación adecuada
Sabana Grande,2010-2014,1,75.70526772953107,75.82862687330024,74.7574578109346,76.93308787889985,Estimación adecuada
Sabana Grande,2010-2014,2,83.3057418970242,82.94902921080987,81.71736191754727,84.43803469682057,Estimación adecuada
Sabana Grande,2015-2019,1,77.43470484017462,76.94719688933364,75.8607756511786,78.05463230732066,Estimación adecuada
Sabana Grande,2015-2019,2,83.12156944238525,83.1986987121688,82.08886503173362,84.30861179973282,Estimación adecuada
Sabana Grande,2020-2024,1,77.44105015726227,77.45613320388682,76.388961147763,78.50096318414917,Estimación adecuada
Sabana Grande,2020-2024,2,83.44790990052292,84.52707165279901,83.30584523981031,85.83494860825351,Estimación adecuada
Salinas,1980-1984,1,69.34771587119822,69.76585127705442,68.7313758141346,70.77368903709758,Estimación adecuada
Salinas,1980-1984,2,77.00356882697933,77.02750026163102,75.89124333142199,78.26220463483574,Estimación adecuada
Salinas,1985-1989,1,67.8768913469486,68.95208974629723,67.93751550449613,70.02749438003906,> e0 observado
Salinas,1985-1989,2,76.51927305162637,76.76293549200439,75.70312732983689,77.84555381308991,Estimación adecuada
Salinas,1990-1994,1,69.60135801885075,70.01514515600503,68.91615361537168,71.02402509480164,Estimación adecuada
Salinas,1990-1994,2,77.16626361655916,77.68458258382142,76.62623159216577,78.83467138819466,Estimación adecuada
Salinas,1995-1999,1,69.29023548543516,69.54698542798235,68.59608440401834,70.55255865044434,Estimación adecuada
Salinas,1995-1999,2,79.22383445714814,78.80059663578359,77.61586825242395,80.08693309645781,Estimación adecuada
Salinas,2000-2004,1,73.10253328655585,73.02271350724462,72.026894013708,74.08871915768185,Estimación adecuada
Salinas,2000-2004,2,80.52455994892824,80.17266885244709,79.10735112433335,81.31618943701567,Estimación adecuada
Salinas,2005-2009,1,73.52822440107285,73.63402566056354,72.60946289625723,74.7289315325478,Estimación adecuada
Salinas,2005-2009,2,80.63090066219925,80.76960855540874,79.70098803412436,81.96193404348115,Estimación adecuada
Salinas,2010-2014,1,75.47743944137984,75.49795394223472,74.41589482973538,76.66406235269444,Estimación adecuada
Salinas,2010-2014,2,83.23167940762168,83.2377360020977,81.8636913723059,84.75983339644331,Estimación adecuada
Salinas,2015-2019,1,77.96635541138743,77.6718778422974,76.48572487391432,78.92430866904172,Estimación adecuada
Salinas,2015-2019,2,85.02610562554052,84.76686505001891,83.46678180597492,86.18083806718637,Estimación adecuada
Salinas,2020-2024,1,77.2752335181164,77.07966276747085,76.0173568949903,78.0635185658274,Estimación adecuada
Salinas,2020-2024,2,85.43601257393142,84.99675878013977,83.66618891520892,86.60357866457716,Estimación adecuada
San German,1980-1984,1,72.17155637189039,72.04968616694592,71.04590509469527,73.04105710212653,Estimación adecuada
San German,1980-1984,2,77.0812843420632,77.45390669658742,76.43911346566271,78.6097549210332,Estimación adecuada
San German,1985-1989,1,73.24578912339052,72.6515519510481,71.71117535994223,73.68168818329863,Estimación adecuada
San German,1985-1989,2,78.281715742411,78.13772114687174,77.14216904055117,79.18367972641236,Estimación adecuada
San German,1990-1994,1,72.47312065094486,72.1012289555706,71.14495315214621,72.93355559529951,Estimación adecuada
San German,1990-1994,2,78.88901019804139,79.03344676111523,78.0324873504911,80.007581025882,Estimación adecuada
San German,1995-1999,1,74.17482678706043,73.46549569734327,72.43132521336305,74.43241337368163,Estimación adecuada
San German,1995-1999,2,78.52895052757144,78.95431639518665,77.92862577544874,80.04387816832336,Estimación adecuada
San German,2000-2004,1,75.40040785434385,74.77302333621049,73.78431202438809,75.74791210411054,Estimación adecuada
San German,2000-2004,2,81.07042973561371,81.06765024256231,80.01126414848832,82.24751213320738,Estimación adecuada
San German,2005-2009,1,75.89227383722931,75.45180125439089,74.46567268398901,76.43713118406652,Estimación adecuada
San German,2005-2009,2,81.35724022521588,81.65658447556324,80.64669409565283,82.84165212756821,Estimación adecuada
San German,2010-2014,1,77.09595528241658,76.35452459379923,75.44394060398568,77.25565476994244,Estimación adecuada
San German,2010-2014,2,81.95497572147197,82.48297018103091,81.45265819239705,83.58355599636488,Estimación adecuada
San German,2015-2019,1,79.14792857398798,78.0556904245382,77.10264140034988,79.12020136371956,< e0 observado
San German,2015-2019,2,84.0002365484052,84.27517769502326,83.23251295329679,85.41194771147627,Estimación adecuada
San German,2020-2024,1,78.13234571523579,77.64766582748302,76.6507005507523,78.61950197808409,Estimación adecuada
San German,2020-2024,2,83.15333884969452,83.78309787262594,82.77477523871522,84.85966341346294,Estimación adecuada
San Juan,1980-1984,1,68.53296805880613,68.6382750798464,68.30579322653476,68.98761191845938,Estimación adecuada
San Juan,1980-1984,2,78.41781325030587,78.29619549685495,77.97357729487103,78.62437743496092,Estimación adecuada
San Juan,1985-1989,1,67.17212517316179,67.33536902064029,66.97596408386204,67.68368457846994,Estimación adecuada
San Juan,1985-1989,2,78.70934229140379,78.63305395702315,78.29445743476307,78.97665581495919,Estimación adecuada
San Juan,1990-1994,1,64.70940097035052,64.96045065114512,64.60518331225398,65.33930822052986,Estimación adecuada
San Juan,1990-1994,2,78.53794951508831,78.59660384307661,78.2352095643167,78.92071383157473,Estimación adecuada
San Juan,1995-1999,1,67.09892384379134,67.28100158600023,66.90920186309033,67.6101803219802,Estimación adecuada
San Juan,1995-1999,2,79.54091321860172,79.52770074753866,79.17329255861182,79.88741984049402,Estimación adecuada
San Juan,2000-2004,1,71.1882392973574,71.26823700718072,70.89025013934209,71.6312382395733,Estimación adecuada
San Juan,2000-2004,2,81.92921875527303,81.7933952344982,81.41808915428322,82.14878945378148,Estimación adecuada
San Juan,2005-2009,1,72.69964876784017,72.74763474814563,72.34911827269674,73.09827232587197,Estimación adecuada
San Juan,2005-2009,2,82.46547999538443,82.39552199299368,82.0230363950881,82.80710620036659,Estimación adecuada
San Juan,2010-2014,1,74.44529350870087,74.52233678828358,74.10700419836935,74.92740799952279,Estimación adecuada
San Juan,2010-2014,2,84.20463369793843,84.0381181264395,83.60708941466204,84.48677286816533,Estimación adecuada
San Juan,2015-2019,1,75.79825935426356,75.87485816651947,75.42020729375452,76.30818527895687,Estimación adecuada
San Juan,2015-2019,2,85.20819741649419,85.10848770155982,84.67533180542823,85.58890963805189,Estimación adecuada
San Juan,2020-2024,1,75.09617765928651,75.22596600764888,74.81049893644081,75.66602184182155,Estimación adecuada
San Juan,2020-2024,2,85.57777113429813,85.37097126268651,84.92755002419199,85.851600732621307,Estimación adecuada
San Lorenzo,1980-1984,1,72.4269330696064,72.37882402815563,71.20094837536972,73.56395188737922,Estimación adecuada
San Lorenzo,1980-1984,2,78.47103642037956,78.36462370662616,77.2527027000447,79.66991180808239,Estimación adecuada
San Lorenzo,1985-1989,1,70.33185072656097,70.92942241073627,69.89806108846722,71.96557093810918,Estimación adecuada
San Lorenzo,1985-1989,2,79.4038927542163,78.77698159292638,77.79254063087812,79.87666470797679,Estimación adecuada
San Lorenzo,1990-1994,1,70.49063585980458,70.67252423195112,69.6353227930336,71.59987855776184,Estimación adecuada
San Lorenzo,1990-1994,2,79.42906403274269,79.06812146554523,78.01764959268579,80.13585296961774,Estimación adecuada
San Lorenzo,1995-1999,1,72.39291160482962,72.14553681728364,71.16172518045887,73.13675407268755,Estimación adecuada
San Lorenzo,1995-1999,2,78.56261721700943,78.59294311110617,77.68844571908006,79.52827999264115,Estimación adecuada
San Lorenzo,2000-2004,1,73.59466919977362,73.69839424123171,72.71790891508094,74.72132573015222,Estimación adecuada
San Lorenzo,2000-2004,2,81.14875504017051,80.98156874608078,79.87196198740277,82.13383536835623,Estimación adecuada
San Lorenzo,2005-2009,1,75.07421835227707,74.9884232696435,74.00760800424409,76.05105822287368,Estimación adecuada
San Lorenzo,2005-2009,2,82.06471302858854,81.73214502451627,80.6976734660306,82.76306107811868,Estimación adecuada
San Lorenzo,2010-2014,1,76.50254306599682,76.64080073934161,75.58683452757658,77.71855428362718,Estimación adecuada
San Lorenzo,2010-2014,2,83.9183271335132,83.27553666619636,82.20077650890435,84.50804323592297,Estimación adecuada
San Lorenzo,2015-2019,1,77.43176974248165,78.02893043777932,76.90795681657711,79.25281224202877,Estimación adecuada
San Lorenzo,2015-2019,2,85.92248006512409,85.44096044434173,84.18683701008814,86.86673476741588,Estimación adecuada
San Lorenzo,2020-2024,1,77.62523479934367,77.74189450465784,76.7103347542128,78.855838376478,Estimación adecuada
San Lorenzo,2020-2024,2,84.55625634680975,84.32119140975601,83.26293686069222,85.53330876190077,Estimación adecuada
San Sebastian,1980-1984,1,73.33683627750408,72.77054473295618,71.78138738863672,73.68447830144281,Estimación adecuada
San Sebastian,1980-1984,2,77.39216900594447,77.70184881972781,76.6727674132669,78.88234596490904,Estimación adecuada
San Sebastian,1985-1989,1,71.54106439345284,71.78134306619482,70.82701735889052,72.64649068744215,Estimación adecuada
San Sebastian,1985-1989,2,78.32567842249966,78.37806933273883,77.3438705553628,79.45353815049228,Estimación adecuada
San Sebastian,1990-1994,1,72.72006609308197,72.28209802947892,71.45560746712385,73.13192031434816,Estimación adecuada
San Sebastian,1990-1994,2,78.61121244043503,78.74218547166609,77.7559954095741,79.70697581579346,Estimación adecuada
San Sebastian,1995-1999,1,73.29080325081594,72.84876096094075,72.02525625012096,73.68629683112503,Estimación adecuada
San Sebastian,1995-1999,2,79.73176179097116,79.41374578914079,78.49837713042719,80.42000914972188,Estimación adecuada
San Sebastian,2000-2004,1,74.89792147656362,74.50560072829947,73.67014383823921,75.33444209716924,Estimación adecuada
San Sebastian,2000-2004,2,80.32263567678552,80.24725282607903,79.36060814977907,81.18215136348039,Estimación adecuada
San Sebastian,2005-2009,1,76.73740203137386,76.02246758205959,75.08983754318874,77.00831630136749,Estimación adecuada
San Sebastian,2005-2009,2,81.1692904566309,81.0730265015292,80.17427250412139,81.96043447311497,Estimación adecuada
San Sebastian,2010-2014,1,76.69546237928682,76.37414675467352,75.56397289711111,77.25856327602374,Estimación adecuada
San Sebastian,2010-2014,2,83.16134686711862,82.92289421599565,81.9214804860152,83.92700564437571,Estimación adecuada
San Sebastian,2015-2019,1,79.1178099470019,78.441397165123675,77.53553736776165,79.37784683279007,Estimación adecuada
San Sebastian,2015-2019,2,84.22340952689646,84.0137372215502,83.00128054082153,85.0216564143128,Estimación adecuada
San Sebastian,2020-2024,1,78.24142492610734,77.84398939405087,76.93437809406316,78.65208323572523,Estimación adecuada
San Sebastian,2020-2024,2,84.23065748606743,84.27134035282418,83.29463096376851,85.38128945612937,Estimación adecuada
Santa Isabel,1980-1984,1,69.7275677276356,69.35235213146595,68.22769705831311,70.43497516834248,Estimación adecuada
Santa Isabel,1980-1984,2,77.7763438904047,77.14382286983474,75.78948830775464,78.64290980604805,Estimación adecuada
Santa Isabel,1985-1989,1,69.23817247335977,69.60714467884986,68.47351085034109,70.78500020403945,Estimación adecuada
Santa Isabel,1985-1989,2,76.67908928126376,76.66557684826051,75.42381307206082,77.91501530519626,Estimación adecuada
Santa Isabel,1990-1994,1,66.65679986192234,68.17400197790188,66.90868801064964,69.30441124826524,> e0 observado
Santa Isabel,1990-1994,2,76.1627447017844,76.87536159370465,75.69287166060246,78.11611542109287,Estimación adecuada
Santa Isabel,1995-1999,1,68.83610956762453,69.30476087731657,68.15060769401065,70.39135188286737,Estimación adecuada
Santa Isabel,1995-1999,2,77.73152078827611,77.50512902954465,76.34766806887673,78.82054828961172,Estimación adecuada
Santa Isabel,2000-2004,1,69.45419232564782,70.84883616859307,69.70043046253267,71.97359427414416,> e0 observado
Santa Isabel,2000-2004,2,79.11209035669054,79.18972758891677,77.97789560362222,80.34328694441385,Estimación adecuada
Santa Isabel,2005-2009,1,72.31479005793592,72.61435341597496,71.53722741987742,73.77347366234774,Estimación adecuada
Santa Isabel,2005-2009,2,81.59418713189359,81.38894754689198,79.87011051716618,82.93549554319877,Estimación adecuada
Santa Isabel,2010-2014,1,74.62174299181575,75.00778807288833,73.77751973774068,76.32835283852987,Estimación adecuada
Santa Isabel,2010-2014,2,81.81631250475374,81.41222527970709,80.1070391227981,82.72979347780911,Estimación adecuada
Santa Isabel,2015-2019,1,75.10553816345772,75.27635943515017,74.1365563913202,76.47750348983035,Estimación adecuada
Santa Isabel,2015-2019,2,85.04929628842375,83.81488480184112,82.3668798978284,85.37238044546044,Estimación adecuada
Santa Isabel,2020-2024,1,74.53124138847393,75.0872637871125,74.07595895578268,76.15497621255926,Estimación adecuada
Santa Isabel,2020-2024,2,83.31177822878875,83.02930675887556,81.76932996548884,84.35745584805237,Estimación adecuada
Toa Alta,1980-1984,1,74.8830856005072,74.2253306638391,72.9402505337468,75.5815051494785,Estimación adecuada
Toa Alta,1980-1984,2,77.90618677933547,78.76202531523028,77.48846560289026,80.09615666088315,Estimación adecuada
Toa Alta,1985-1989,1,72.95726224514657,72.90099328819755,71.79731629080888,73.93392702455813,Estimación adecuada
Toa Alta,1985-1989,2,81.13925929884047,80.8752877128737,79.49322094950303,82.5710472242764,Estimación adecuada
Toa Alta,1990-1994,1,73.42887184415189,73.33288980910106,72.36454151004786,74.39090364523622,Estimación adecuada
Toa Alta,1990-1994,2,79.53507742661205,79.84899335127247,78.74711636941866,81.14861467747625,Estimación adecuada
Toa Alta,1995-1999,1,73.12825061550112,73.11779169280399,72.20503367316067,74.00173737447047,Estimación adecuada
Toa Alta,1995-1999,2,80.88771225273739,80.74034271553201,79.74314116352087,81.84139874469108,Estimación adecuada
Toa Alta,2000-2004,1,75.20122641401855,75.13757660219656,74.29109688189466,76.05996205061663,Estimación adecuada
Toa Alta,2000-2004,2,81.33505965208538,81.62328745966252,80.63841366453302,82.66755007037749,Estimación adecuada
Toa Alta,2005-2009,1,77.25808536131703,77.10852916484137,76.25251860654771,78.11699421871393,Estimación adecuada
Toa Alta,2005-2009,2,83.45975745150935,83.39782275850251,82.36300331619901,84.68943334766632,Estimación adecuada
Toa Alta,2010-2014,1,77.617438844306065,77.72175183198054,76.92884888275934,78.54890281630422,Estimación adecuada
Toa Alta,2010-2014,2,84.59193836320182,84.33594830385411,83.29204331380211,85.38697508562407,Estimación adecuada
Toa Alta,2015-2019,1,79.44012262836311,79.4317634377822,78.48693553478792,80.33193635220574,Estimación adecuada
Toa Alta,2015-2019,2,84.21287299648571,84.40561783314962,83.4751422266888,85.40998502302915,Estimación adecuada
Toa Alta,2020-2024,1,79.32715713141147,79.20827534490883,78.32697418317011,80.19386110826187,Estimación adecuada
Toa Alta,2020-2024,2,85.92609855770323,85.43356624392774,84.51885643770491,86.4809203024876,Estimación adecuada
Toa Baja,1980-1984,1,72.82833976912103,72.51089811582295,71.65630220124174,73.39362137137385,Estimación adecuada
Toa Baja,1980-1984,2,79.03893803233984,78.65910875768148,77.73806632917636,79.66017372887443,Estimación adecuada
Toa Baja,1985-1989,1,71.09171108702432,71.19775899388951,70.45121950844666,71.92638074214699,Estimación adecuada
Toa Baja,1985-1989,2,79.17713173148333,78.95411751731507,78.01939148799447,79.92842422162515,Estimación adecuada
Toa Baja,1990-1994,1,69.55070432606276,69.99416945473845,69.26775648913457,70.76324590979051,Estimación adecuada
Toa Baja,1990-1994,2,78.53439715581091,78.33631569720166,77.65692483533624,79.07751007352455,Estimación adecuada
Toa Baja,1995-1999,1,71.02389397781576,71.2336287136194,70.5294598334994,71.90614149175353,Estimación adecuada
Toa Baja,1995-1999,2,80.35817914633549,79.88747518969376,79.14020986605749,80.68742984379485,Estimación adecuada
Toa Baja,2000-2004,1,73.3130761935651,73.50215997234773,72.73965013881939,74.19295379623183,Estimación adecuada
Toa Baja,2000-2004,2,81.24641875534006,81.00049355010454,80.20983810960905,81.86125303115355,Estimación adecuada
Toa Baja,2005-2009,1,73.9336800218148,74.13666106174549,73.45345326952206,74.87012180392442,Estimación adecuada
Toa Baja,2005-2009,2,81.2918522418654,81.20873338639956,80.51423176495771,81.98062711078879,Estimación adecuada
Toa Baja,2010-2014,1,75.63234922554784,75.75723842756152,74.99478813546665,76.4703685237765,Estimación adecuada
Toa Baja,2010-2014,2,83.19276198853512,82.99500651422011,82.15114766919893,83.80185442153841,Estimación adecuada
Toa Baja,2015-2019,1,77.0796431176242,77.18213122111297,76.40310863812898,77.9851923760932,Estimación adecuada
Toa Baja,2015-2019,2,85.28768156374481,85.11390734475773,84.15374356676818,86.09148342284136,Estimación adecuada
Toa Baja,2020-2024,1,76.06866784040614,76.29316894757723,75.51117770596362,77.09587187000265,Estimación adecuada
Toa Baja,2020-2024,2,84.82502560819063,84.75741315279225,83.89810024901051,85.60315648770931,Estimación adecuada
Trujillo Alto,1980-1984,1,73.8807661516517,73.79760948366538,72.76609850212263,74.84802384740928,Estimación adecuada
Trujillo Alto,1980-1984,2,80.45848591811597,80.1346322980688,79.01828529396647,81.43654504350103,Estimación adecuada
Trujillo Alto,1985-1989,1,72.91759611684925,73.03093359404616,72.12385909984222,73.96301569951278,Estimación adecuada
Trujillo Alto,1985-1989,2,81.01563083839561,80.59477429946938,79.50353182746794,81.76190310237884,Estimación adecuada
Trujillo Alto,1990-1994,1,72.6023641348921,72.78553352241605,71.87403895407917,73.73366030264138,Estimación adecuada
Trujillo Alto,1990-1994,2,79.85175886432305,79.87126879144384,78.9040815985179,80.82209598660148,Estimación adecuada
Trujillo Alto,1995-1999,1,72.41162116159781,72.73600187356017,71.93976690518559,73.56229334230214,Estimación adecuada
Trujillo Alto,1995-1999,2,81.19162622930031,80.84248746473287,79.96810680990654,81.7743229093576,Estimación adecuada
Trujillo Alto,2000-2004,1,74.68446388601943,74.87914758544416,74.09599228744675,75.66566576871129,Estimación adecuada
Trujillo Alto,2000-2004,2,83.41194987282269,83.19878328637421,82.16037413234105,84.43738236992998,Estimación adecuada
Trujillo Alto,2005-2009,1,75.81610434260868,75.97445755759423,75.14597263194632,76.822789889858,Estimación adecuada
Trujillo Alto,2005-2009,2,83.84316698522537,83.52236700239473,82.57301141340538,84.52271248747628,Estimación adecuada
Trujillo Alto,2010-2014,1,77.88979650864401,77.87726680823496,77.01266256076032,78.72423782533397,Estimación adecuada
Trujillo Alto,2010-2014,2,85.28937280458358,85.00087243320979,83.97332127487033,86.05385922624308,Estimación adecuada
Trujillo Alto,2015-2019,1,79.53728233113502,79.49337038043598,78.60176063707948,80.39178412065543,Estimación adecuada
Trujillo Alto,2015-2019,2,86.3543330403018,86.2049392148844,85.22559502567863,87.37646182833942,Estimación adecuada
Trujillo Alto,2020-2024,1,78.39208683519212,78.59786367000946,77.73988895988172,79.49257856375874,Estimación adecuada
Trujillo Alto,2020-2024,2,86.16954614436371,85.81116202773939,84.96273227951106,86.80913309825029,Estimación adecuada
Utuado,1980-1984,1,72.77455758364391,72.783412071433645,71.80503086276374,73.70789992887275,Estimación adecuada
Utuado,1980-1984,2,78.22725510627389,78.24468830602908,77.26094181634652,79.34247061680013,Estimación adecuada
Utuado,1985-1989,1,72.49241351300115,72.36922475530517,71.47921105825841,73.31335490706775,Estimación adecuada
Utuado,1985-1989,2,78.55971933281445,78.48167837534714,77.50192523547724,79.58972728698919,Estimación adecuada
Utuado,1990-1994,1,73.58027996114916,72.94260860008328,71.97171341639377,73.88468301958996,Estimación adecuada
Utuado,1990-1994,2,79.15999314000904,78.87017500036065,77.86333272121156,79.87471238033304,Estimación adecuada
Utuado,1995-1999,1,73.56681994998524,72.73972365360117,71.86038752691033,73.6483054199683,Estimación adecuada
Utuado,1995-1999,2,79.75811291705193,79.41809761080617,78.37014361607619,80.49401566248488,Estimación adecuada
Utuado,2000-2004,1,75.66609210920785,74.83431151193217,73.9336226782321,75.77958552620682,Estimación adecuada
Utuado,2000-2004,2,80.85296661933371,81.03618354879697,79.9623673247744,82.1789124011494,Estimación adecuada
Utuado,2005-2009,1,74.96306439444312,74.99651533405167,74.00024191687997,75.94457112185243,Estimación adecuada
Utuado,2005-2009,2,81.95177865789455,82.15194898385626,81.08258981188503,83.36581374428687,Estimación adecuada
Utuado,2010-2014,1,76.45438665507136,75.97961882035807,75.110381351463,76.95548108348586,Estimación adecuada
Utuado,2010-2014,2,83.96232047500072,83.51085332725799,82.30039817598042,84.84707337277241,Estimación adecuada
Utuado,2015-2019,1,79.0189703608258,78.87516265305761,77.77477535587747,79.9919761668828,Estimación adecuada
Utuado,2015-2019,2,85.5118737413184,85.17984028696992,84.01917275625031,86.59052576941785,Estimación adecuada
Utuado,2020-2024,1,80.22889535833663,79.17821584956224,78.05625789635243,80.23618397415775,Estimación adecuada
Utuado,2020-2024,2,86.24989014279643,85.40652795184394,84.16826783928188,86.89414076052732,Estimación adecuada
Vega Alta,1980-1984,1,73.54933326191107,73.0473783392163,71.8412434742003,74.40007135195785,Estimación adecuada
Vega Alta,1980-1984,2,78.25469326095431,78.55216507112497,77.23359905756566,80.04318838912633,Estimación adecuada
Vega Alta,1985-1989,1,72.05535344696615,72.30395986804575,71.26052967747471,73.34753713705749,Estimación adecuada
Vega Alta,1985-1989,2,78.15985935324002,78.30424376276908,77.22784014426071,79.43784626682017,Estimación adecuada
Vega Alta,1990-1994,1,70.24052329679134,70.82772310269361,69.87060925507905,71.8538405660242,Estimación adecuada
Vega Alta,1990-1994,2,79.51462054686016,79.46331884665778,78.34918004072749,80.65469081499182,Estimación adecuada
Vega Alta,1995-1999,1,71.54816531304111,71.86072153411286,70.98185774047172,72.7747765399306,Estimación adecuada
Vega Alta,1995-1999,2,79.34051049480365,79.40347905512645,78.40660389775928,80.52242479008807,Estimación adecuada
Vega Alta,2000-2004,1,74.10875011525926,74.10445702805012,72.97993675550107,75.11419639257292,Estimación adecuada
Vega Alta,2000-2004,2,81.98636550598057,81.72008787300844,80.50189819204287,83.14721885391016,Estimación adecuada
Vega Alta,2005-2009,1,74.49742104581102,74.83299426227208,73.85913120454813,75.9204298347483,Estimación adecuada
Vega Alta,2005-2009,2,82.79578771576239,82.42890784896255,81.35627559188654,83.66058814959594,Estimación adecuada
Vega Alta,2010-2014,1,76.95585105473053,76.74181851286488,75.74271483643248,77.75992465134438,Estimación adecuada
Vega Alta,2010-2014,2,84.70771205138385,84.1718232923565,82.92410082663939,85.66113687241504,Estimación adecuada
Vega Alta,2015-2019,1,79.09002086085074,78.61101259350619,77.5777586676112,79.7484891194344,Estimación adecuada
Vega Alta,2015-2019,2,84.78023321458953,84.74571259821646,83.50617877646151,86.11527051967555,Estimación adecuada
Vega Alta,2020-2024,1,79.13203080104806,78.81816542831756,77.62599616909976,79.97845248142998,Estimación adecuada
Vega Alta,2020-2024,2,86.55489338482076,85.88589116774574,84.6249782481506,87.4113637480182,Estimación adecuada
Vega Baja,1980-1984,1,72.17472574689376,71.98971674926793,71.04173227529733,72.90643506146897,Estimación adecuada
Vega Baja,1980-1984,2,77.4559969407079,77.2268419043442,76.26783496912745,78.16778031009619,Estimación adecuada
Vega Baja,1985-1989,1,71.32919645334727,71.32705850457047,70.4604340747526,72.26023839652004,Estimación adecuada
Vega Baja,1985-1989,2,78.37255208308184,78.333500915026,77.44072931344705,79.2894134847781,Estimación adecuada
Vega Baja,1990-1994,1,69.34239102427848,69.68863484080214,68.79773804035261,70.48273717940043,Estimación adecuada
Vega Baja,1990-1994,2,79.817128530258,79.48983547847641,78.54730109714966,80.49927108905366,Estimación adecuada
Vega Baja,1995-1999,1,69.80129928554581,70.10684859943106,69.27595853013368,70.87513192586499,Estimación adecuada
Vega Baja,1995-1999,2,78.73855584436625,78.49966421924314,77.67053660259883,79.29279677212807,Estimación adecuada
Vega Baja,2000-2004,1,71.71281396652603,72.0811413484644,71.32131766548011,72.8059769276025,Estimación adecuada
Vega Baja,2000-2004,2,80.83940501884719,80.34290362219267,79.48871387240256,81.27663781828075,Estimación adecuada
Vega Baja,2005-2009,1,73.49107576558887,73.76150130897165,72.8969582966351,74.55284604369669,Estimación adecuada
Vega Baja,2005-2009,2,81.56225378359265,81.30787550250079,80.37967149740795,82.23158609004534,Estimación adecuada
Vega Baja,2010-2014,1,75.67293352681041,75.6791161101164,74.83351927273183,76.42429013402716,Estimación adecuada
Vega Baja,2010-2014,2,82.83225536608914,82.46264811990699,81.59057949939002,83.44165445609036,Estimación adecuada
Vega Baja,2015-2019,1,77.17186219895375,76.93848775492316,76.12148126255306,77.80602094931498,Estimación adecuada
Vega Baja,2015-2019,2,85.55300741129905,85.12483916296921,84.10366512442445,86.31527578673858,Estimación adecuada
Vega Baja,2020-2024,1,76.1343018706242,76.60582997243435,75.70616351662322,77.58502489995439,Estimación adecuada
Vega Baja,2020-2024,2,85.01178406884422,84.38426226818919,83.49150796805668,85.40887241167296,Estimación adecuada
Vieques,1980-1984,1,68.44199950691872,69.36627952480927,68.00377256008716,70.78594879072861,Estimación adecuada
Vieques,1980-1984,2,79.82881030409467,77.37283183893592,75.81464500300581,79.28544912681357,< e0 observado
Vieques,1985-1989,1,68.91887213110078,69.13666131163043,67.76659696422291,70.51287929691664,Estimación adecuada
Vieques,1985-1989,2,76.64055553721266,77.00707190058549,75.52821211424205,78.68136541378895,Estimación adecuada
Vieques,1990-1994,1,70.56388701195755,69.7941904886336,68.28645440775395,71.32057636898915,Estimación adecuada
Vieques,1990-1994,2,75.61141239304688,76.72911869570979,75.2722777510669,78.30666008389473,Estimación adecuada
Vieques,1995-1999,1,67.1661520645474,68.79737132279439,67.51739813469352,70.09696271205317,> e0 observado
Vieques,1995-1999,2,77.66760098100364,78.0302696638071,76.51682809513127,79.65826591295728,Estimación adecuada
Vieques,2000-2004,1,71.06219249587082,71.55022335636056,70.19086051987334,73.04983227266291,Estimación adecuada
Vieques,2000-2004,2,79.94564055883934,79.83848575941273,78.37857349454856,81.51868603718074,Estimación adecuada
Vieques,2005-2009,1,71.86562241202773,72.81239595324394,71.45745867838495,74.21696006809135,Estimación adecuada
Vieques,2005-2009,2,82.1662176624026,81.27845145524049,79.63696641974263,83.16525013363066,Estimación adecuada
Vieques,2010-2014,1,72.38693885614644,74.5073733618843,72.98155952842083,76.07720677952479,> e0 observado
Vieques,2010-2014,2,82.20083674525317,82.15737600569199,80.39723164582968,84.13588215800391,Estimación adecuada
Vieques,2015-2019,1,75.48771486205818,76.20258922303763,74.53611397356438,78.03363907667142,Estimación adecuada
Vieques,2015-2019,2,85.60400958844578,83.98887842191927,82.11864919913911,86.78062462450063,Estimación adecuada
Vieques,2020-2024,1,70.30670126441383,75.15346280023618,73.6316556697122,76.80148253651308,> e0 observado
Vieques,2020-2024,2,82.77316856062777,82.6537107883361,80.93112021398613,84.71634464069604,Estimación adecuada
Villalba,1980-1984,1,71.31481633801816,71.6070215671222,70.53128842892515,72.80139303999627,Estimación adecuada
Villalba,1980-1984,2,77.35744616187003,78.20611940188586,76.77680685185881,79.73679128290202,Estimación adecuada
Villalba,1985-1989,1,70.6812298941124,71.20827614636542,70.07655580005053,72.392377598249,Estimación adecuada
Villalba,1985-1989,2,78.13907330956457,78.41898606735643,77.16848325830416,80.0000752524665,Estimación adecuada
Villalba,1990-1994,1,72.3498469286644,71.65153996693623,70.52034091627212,72.7503840556037,Estimación adecuada
Villalba,1990-1994,2,79.32972359168376,78.97821738948134,77.72403111182965,80.38029963230159,Estimación adecuada
Villalba,1995-1999,1,74.12665072351581,72.83114018319023,71.73269796216051,73.83792985835026,< e0 observado
Villalba,1995-1999,2,79.94095261032773,79.68378447828366,78.47086037187428,81.03182647091936,Estimación adecuada
Villalba,2000-2004,1,75.24588138203707,74.76858107553686,73.69504186299162,75.89222290768434,Estimación adecuada
Villalba,2000-2004,2,81.24189158745828,80.91315971254411,79.66830195259084,82.19141881434788,Estimación adecuada
Villalba,2005-2009,1,75.22194783512565,75.13864526795801,74.0386904534091,76.30628952182366,Estimación adecuada
Villalba,2005-2009,2,82.367985821704,82.20366488923796,80.9270818939862,83.66095437621449,Estimación adecuada
Villalba,2010-2014,1,77.8383761040004,76.89750436842672,75.71578496718173,78.29085318911325,Estimación adecuada
Villalba,2010-2014,2,82.38109633625453,82.7041691623362,81.39229506922992,83.98446397409964,Estimación adecuada
Villalba,2015-2019,1,77.83504649286682,77.61355529466572,76.45566078719362,78.87260796347586,Estimación adecuada
Villalba,2015-2019,2,84.05820533092681,84.19061410071654,82.87686300103195,85.7705730963783,Estimación adecuada
Villalba,2020-2024,1,77.24232552482839,77.18570232049802,76.05272477992786,78.38700391410873,Estimación adecuada
Villalba,2020-2024,2,85.36972299365041,85.45961074327754,83.97013889399625,87.10861660084574,Estimación adecuada
Yabucoa,1980-1984,1,71.13885114874819,71.33080579122131,70.22148302639452,72.40077023920226,Estimación adecuada
Yabucoa,1980-1984,2,77.69784172893796,77.73481255421284,76.6765932357891,78.87124810550299,Estimación adecuada
Yabucoa,1985-1989,1,71.6497165141789,71.773214169456793,70.69092108217896,72.7539975798507,Estimación adecuada
Yabucoa,1985-1989,2,78.71247157491743,78.46510325260729,77.39233671205537,79.57001526268118,Estimación adecuada
Yabucoa,1990-1994,1,72.18368470754862,71.82387007456545,70.86145298599392,72.77724848652095,Estimación adecuada
Yabucoa,1990-1994,2,78.65582186258791,78.57351345725456,77.50928189758758,79.66054413635882,Estimación adecuada
Yabucoa,1995-1999,1,70.61759581589234,70.97897651816443,70.02172203384302,71.9450883011679,Estimación adecuada
Yabucoa,1995-1999,2,79.25053941807832,79.09114768300162,78.10475787923446,80.05994046477073,Estimación adecuada
Yabucoa,2000-2004,1,74.67500524731325,74.43511562624012,73.44411101055039,75.47207625010792,Estimación adecuada
Yabucoa,2000-2004,2,81.74191284227646,81.54447490135098,80.36757100351493,82.81491902607547,Estimación adecuada
Yabucoa,2005-2009,1,74.52109913218256,74.77437774492061,73.81921624029961,75.7537836846989,Estimación adecuada
Yabucoa,2005-2009,2,83.07308125246723,82.81320285776974,81.56973190118643,84.09134247631712,Estimación adecuada
Yabucoa,2010-2014,1,75.57434879024864,76.06599574962813,75.14323759060538,77.04097767314934,Estimación adecuada
Yabucoa,2010-2014,2,82.0382545268585,82.46360028220589,81.45110495593578,83.62405061461537,Estimación adecuada
Yabucoa,2015-2019,1,77.58753133123862,78.10525002550544,76.9880319611541,79.28645127297487,Estimación adecuada
Yabucoa,2015-2019,2,86.1265699532434,85.65871842418622,84.29193893691097,87.22236015287714,Estimación adecuada
Yabucoa,2020-2024,1,75.78194920338815,77.19646312868583,76.22092438178349,78.2262844006775,> e0 observado
Yabucoa,2020-2024,2,85.25611674355481,84.85069577465337,83.71584490731985,86.11699167085644,Estimación adecuada
Yauco,1980-1984,1,71.51456720078431,71.08727260855403,70.12693634652848,71.96456792472038,Estimación adecuada
Yauco,1980-1984,2,77.4589640282646,77.48600788081626,76.48997221916855,78.62375543860657,Estimación adecuada
Yauco,1985-1989,1,69.95040254168732,70.16595432642018,69.19144675994191,71.10269142890833,Estimación adecuada
Yauco,1985-1989,2,77.60208552265917,77.3993532159694,76.48096186821574,78.43931803060484,Estimación adecuada
Yauco,1990-1994,1,71.7335324052013,71.28857614821928,70.37253894491319,72.18223208772405,Estimación adecuada
Yauco,1990-1994,2,78.49054698828598,78.21336001185765,77.30548363459195,79.17237788228493,Estimación adecuada
Yauco,1995-1999,1,72.03051290197796,71.56306388586546,70.69923261429652,72.44654769038472,Estimación adecuada
Yauco,1995-1999,2,79.29391771380651,78.80798877232681,77.91313885802809,79.7427239722368,Estimación adecuada
Yauco,2000-2004,1,72.97803149863371,73.03373710332423,72.1411646074955,73.8952967545094,Estimación adecuada
Yauco,2000-2004,2,79.24854846213276,79.34139392950877,78.51067012288478,80.29484538440882,Estimación adecuada
Yauco,2005-2009,1,73.24138587908658,73.58254959885463,72.66419325631085,74.40859191077386,Estimación adecuada
Yauco,2005-2009,2,80.5594161821005,80.62816300246197,79.71223227896998,81.62867703188077,Estimación adecuada
Yauco,2010-2014,1,75.57887719653512,75.55066950161404,74.54336907888842,76.51692080039419,Estimación adecuada
Yauco,2010-2014,2,81.76032266455593,81.86195037553654,80.97702956886359,82.8453010107924,Estimación adecuada
Yauco,2015-2019,1,77.43223226793361,77.25842350952209,76.23509371606463,78.32731399511455,Estimación adecuada
Yauco,2015-2019,2,82.51620418595085,83.18864431580356,82.20595503128787,84.32251902381242,Estimación adecuada
Yauco,2020-2024,1,75.94482006846164,76.30941798091442,75.39544858182971,77.29128333736627,Estimación adecuada
Yauco,2020-2024,2,83.86986937855978,83.32990520933674,82.38440755067894,84.29133414805764,Estimación adecuada
