region,period,sex,e0_observado,e0_estimado,e0_lower,e0_upper,est_eval
Adjuntas,1980-1984,1,72.54189508802463,72.24456791895875,71.51076720763402,72.9679330012215,Estimación adecuada
Adjuntas,1980-1984,2,78.96516925394144,78.96525623519742,78.25010855179107,79.66567034268675,Estimación adecuada
Adjuntas,1985-1989,1,70.84999061728885,72.10424871692081,71.35662986843403,72.86682827095792,> e0 observado
Adjuntas,1985-1989,2,78.97855761762072,78.81182839549419,78.13420912328804,79.56620584629914,Estimación adecuada
Adjuntas,1990-1994,1,71.49310954038985,72.30681662270322,71.63442519504675,73.03106365134443,> e0 observado
Adjuntas,1990-1994,2,77.88047658335911,79.02601528806656,78.373360831605,79.712992005506493,> e0 observado
Adjuntas,1995-1999,1,71.91080703113897,72.63423788582452,71.89995393513318,73.41779363425096,Estimación adecuada
Adjuntas,1995-1999,2,78.53770419818306,79.33244925060905,78.64195307105788,80.07688348326354,> e0 observado
Adjuntas,2000-2004,1,74.0807006063416,74.21299228374693,73.43791792335102,74.94956944803951,Estimación adecuada
Adjuntas,2000-2004,2,79.50851081175084,80.83508760234166,80.11024815566023,81.53786659828185,> e0 observado
Adjuntas,2005-2009,1,77.13413877724005,75.81896569579143,75.08884007048815,76.55247824154671,< e0 observado
Adjuntas,2005-2009,2,82.23262377887984,82.36442638252478,81.64570571208466,83.06296482551457,Estimación adecuada
Adjuntas,2010-2014,1,78.0170892039493,77.11680108256598,76.44232454853022,77.84250967056653,< e0 observado
Adjuntas,2010-2014,2,84.37542750420445,83.60221016095059,82.97674464356766,84.29678689215771,< e0 observado
Adjuntas,2015-2019,1,80.07122326396828,78.323600539996,77.6546731678833,79.05050479414135,< e0 observado
Adjuntas,2015-2019,2,84.75780508868199,84.75543105869068,84.11832118704778,85.44226838886746,Estimación adecuada
Adjuntas,2020-2024,1,80.09050176489524,79.4498935493497,78.78641199442058,80.22083632445975,Estimación adecuada
Adjuntas,2020-2024,2,87.03883394524668,85.83321063857696,85.19701859069443,86.57904675558592,< e0 observado
Aguada,1980-1984,1,73.2175687853255,71.85351840627786,71.1777252454792,72.60050790467429,< e0 observado
Aguada,1980-1984,2,76.66307974738103,78.59514511638531,77.95333780703675,79.30285599059187,> e0 observado
Aguada,1985-1989,1,73.21396709192831,72.38903788317931,71.6520900879652,72.99360175556868,< e0 observado
Aguada,1985-1989,2,77.70261010174512,79.09371459767084,78.41028266067863,79.66891868216602,> e0 observado
Aguada,1990-1994,1,73.47166304966473,72.70957137615285,72.1004362310245,73.35027711196526,< e0 observado
Aguada,1990-1994,2,79.56472305278581,79.40082321072137,78.8264782503569,80.02480108548122,Estimación adecuada
Aguada,1995-1999,1,72.96139718811193,72.73528828502502,72.0672968859378,73.28295467976253,Estimación adecuada
Aguada,1995-1999,2,78.42598214583917,79.42471035764848,78.79378053864184,79.94204598454252,> e0 observado
Aguada,2000-2004,1,75.7731265619719,74.4229845555567,73.77843855877217,75.01319981898754,< e0 observado
Aguada,2000-2004,2,80.35987918975404,81.0292951522857,80.42289421015187,81.59894800711712,> e0 observado
Aguada,2005-2009,1,77.6139364553716,75.45418582812147,74.87589368219493,76.08004127385067,< e0 observado
Aguada,2005-2009,2,81.487501570255,82.01485292789008,81.43616146801796,82.60461736540447,Estimación adecuada
Aguada,2010-2014,1,77.3081065450094,76.68693000768943,76.09330430702236,77.32064640065302,Estimación adecuada
Aguada,2010-2014,2,83.93649978812951,83.19836097824091,82.627240162524,83.78618682707116,< e0 observado
Aguada,2015-2019,1,80.17632385200217,78.54479839309025,78.03182352168923,79.16113931235881,< e0 observado
Aguada,2015-2019,2,84.88514363026218,84.96865417784315,84.47744624147815,85.56139833260238,Estimación adecuada
Aguada,2020-2024,1,78.78968559483442,77.82476127449198,77.2473297702038,78.3383247831398,< e0 observado
Aguada,2020-2024,2,83.87729580688905,84.27288293444994,83.73597010555542,84.76766583234624,Estimación adecuada
Aguadilla,1980-1984,1,71.00678071372081,70.8075300691493,70.2374124748394,71.34045045653355,Estimación adecuada
Aguadilla,1980-1984,2,77.48535658677463,77.59317781926467,77.05365968102831,78.08940357721764,Estimación adecuada
Aguadilla,1985-1989,1,70.58561267446154,71.07000153916536,70.53677024354656,71.5988286947844,Estimación adecuada
Aguadilla,1985-1989,2,77.65780206154783,77.84610145813471,77.34575861683675,78.34196750422774,Estimación adecuada
Aguadilla,1990-1994,1,70.88482346377512,71.441552109353,70.93036583474392,71.93357479073148,> e0 observado
Aguadilla,1990-1994,2,77.99785568547416,78.202730599557,77.72872897996747,78.65778040380766,Estimación adecuada
Aguadilla,1995-1999,1,70.78010378855268,71.32675382883286,70.91837293152014,71.86402339699947,> e0 observado
Aguadilla,1995-1999,2,78.16686736979354,78.0761180978399,77.70117562155022,78.61141646184983,Estimación adecuada
Aguadilla,2000-2004,1,73.78276571753028,73.20992638638558,72.75567828486021,73.70237316709145,< e0 observado
Aguadilla,2000-2004,2,80.45198774138778,79.87419495930004,79.44806527172527,80.35083294915731,< e0 observado
Aguadilla,2005-2009,1,74.34368140644376,73.89893089665446,73.45155690459832,74.33649911026137,< e0 observado
Aguadilla,2005-2009,2,81.18616231865005,80.53265562860518,80.09100349592899,80.94784319374082,< e0 observado
Aguadilla,2010-2014,1,76.10575530196566,75.1571085195992,74.6981437416986,75.61492819400655,< e0 observado
Aguadilla,2010-2014,2,81.66758711742574,81.7316689616002,81.28447708397316,82.15706413640146,Estimación adecuada
Aguadilla,2015-2019,1,77.5014617746831,76.37155759459831,75.8956096850535,76.79115609929212,< e0 observado
Aguadilla,2015-2019,2,82.99395073109925,82.89167078270842,82.43594970966637,83.28940018563412,Estimación adecuada
Aguadilla,2020-2024,1,76.52156602867669,76.5236898495462,76.15333169152079,76.9433598644427,Estimación adecuada
Aguadilla,2020-2024,2,83.20736033493193,83.03312824089849,82.65474823761573,83.43727385715229,Estimación adecuada
Aguas Buenas,1980-1984,1,70.9060601893331,72.22793708831074,71.43767072410925,72.94715942705561,> e0 observado
Aguas Buenas,1980-1984,2,79.20230439846388,78.93622050355307,78.19375085318765,79.61955226986886,Estimación adecuada
Aguas Buenas,1985-1989,1,71.73217429810381,72.37074563957894,71.72108807984858,73.15150970563705,Estimación adecuada
Aguas Buenas,1985-1989,2,78.66666240443578,79.0866049079778,78.45062506475284,79.82102706181453,Estimación adecuada
Aguas Buenas,1990-1994,1,71.9040754109389,73.28564240367095,72.67132418696464,73.95985576885322,> e0 observado
Aguas Buenas,1990-1994,2,82.01930667891538,79.95103237587341,79.37807763317328,80.56966515738188,< e0 observado
Aguas Buenas,1995-1999,1,72.03242058667273,73.18983341634734,72.59965578133874,73.82804032473723,> e0 observado
Aguas Buenas,1995-1999,2,79.29741471606215,79.86152618686504,79.28663577688505,80.45972989603504,Estimación adecuada
Aguas Buenas,2000-2004,1,74.50847723417229,74.88634886370113,74.22012854557724,75.62914955502973,Estimación adecuada
Aguas Buenas,2000-2004,2,81.53307661620572,81.4759921691304,80.85944421919709,82.17134168227398,Estimación adecuada
Aguas Buenas,2005-2009,1,74.76751879253902,75.58726827140296,74.92097792390516,76.19481338210649,> e0 observado
Aguas Buenas,2005-2009,2,83.74825554704383,82.13577840001679,81.49882240761025,82.71464271887848,< e0 observado
Aguas Buenas,2010-2014,1,77.07874986678003,77.45733990505457,76.78067695459274,78.06639102604095,Estimación adecuada
Aguas Buenas,2010-2014,2,83.69043751017024,83.91975235644729,83.28991288853155,84.51148330427063,Estimación adecuada
Aguas Buenas,2015-2019,1,77.12363910638715,78.53605213782984,77.88636018515624,79.15196277407983,> e0 observado
Aguas Buenas,2015-2019,2,86.87058779798109,84.94822664374948,84.33885088393063,85.55540639897991,< e0 observado
Aguas Buenas,2020-2024,1,77.71291412855061,78.20744268992902,77.56988901790795,78.74395535271876,Estimación adecuada
Aguas Buenas,2020-2024,2,86.01372227536957,84.64956931736694,84.02702773346164,85.16131080424043,< e0 observado
Aibonito,1980-1984,1,71.20727896829324,71.86703803107682,71.17200589191843,72.63541186276352,Estimación adecuada
Aibonito,1980-1984,2,78.10148160174786,78.60714963072354,77.93976954984682,79.3245349069168,Estimación adecuada
Aibonito,1985-1989,1,70.93804632594708,72.40330299425095,71.73931488414061,73.13617580662799,> e0 observado
Aibonito,1985-1989,2,79.48839408130232,79.10811631119897,78.50340788902265,79.81567460192616,Estimación adecuada
Aibonito,1990-1994,1,72.7988506012683,72.90224074996657,72.2361831580078,73.58147698421746,Estimación adecuada
Aibonito,1990-1994,2,79.2040372973333,79.58787882194844,78.93694948067787,80.2292647145812,Estimación adecuada
Aibonito,1995-1999,1,72.77760443633895,72.6166705985803,71.96176502520818,73.34500636395262,Estimación adecuada
Aibonito,1995-1999,2,79.65397963842348,79.31267340987925,78.69723033888596,80.008455504707,Estimación adecuada
Aibonito,2000-2004,1,74.39460579414155,74.15170675351128,73.44779790511136,74.86855508472364,Estimación adecuada
Aibonito,2000-2004,2,80.67825254541816,80.77752542876067,80.10272617869921,81.45492672217512,Estimación adecuada
Aibonito,2005-2009,1,74.88960349978896,74.93829065308469,74.28635073231715,75.66435515849955,Estimación adecuada
Aibonito,2005-2009,2,81.30587533973025,81.52392132650706,80.87949954192666,82.2228035423719,Estimación adecuada
Aibonito,2010-2014,1,74.15371449624436,76.02723816427763,75.33350115821511,76.64150369675855,> e0 observado
Aibonito,2010-2014,2,82.83346667872438,82.55510530283493,81.91294160500047,83.14459288310712,Estimación adecuada
Aibonito,2015-2019,1,77.00855644451337,78.08864768618572,77.46862152339071,78.70328058714051,> e0 observado
Aibonito,2015-2019,2,83.92589167839914,84.52595420515918,83.94398904183593,85.12001383952332,> e0 observado
Aibonito,2020-2024,1,79.62044145372404,79.14891533868686,78.51031271475233,79.71549476511515,Estimación adecuada
Aibonito,2020-2024,2,85.54801976071055,85.54349750226527,84.93866937689597,86.10407943925694,Estimación adecuada
Anasco,1980-1984,1,72.01460523472085,71.3626000095779,70.5946529957922,72.07672159939142,Estimación adecuada
Anasco,1980-1984,2,76.47877169471658,78.12055855727961,77.36652134077474,78.80801927815679,> e0 observado
Anasco,1985-1989,1,71.42888891874672,71.29857447971582,70.62031696182497,71.94853656846328,Estimación adecuada
Anasco,1985-1989,2,76.49626365968555,78.06311077076961,77.41233609270125,78.69146111216259,> e0 observado
Anasco,1990-1994,1,70.05228247802772,71.29934128983942,70.64349301027359,72.01487888973514,> e0 observado
Anasco,1990-1994,2,77.19464732684078,78.06670374253744,77.43865591021503,78.73012052795777,> e0 observado
Anasco,1995-1999,1,71.8503650088804,71.9825032530036,71.31628273088177,72.64153571623049,Estimación adecuada
Anasco,1995-1999,2,77.85360337047756,78.71590731949173,78.08740872465468,79.32808475799865,> e0 observado
Anasco,2000-2004,1,74.35938543935956,74.07540534191682,73.37747190731217,74.68492532028156,Estimación adecuada
Anasco,2000-2004,2,80.6361937434096,80.70353814419383,80.05829359311593,81.28464964553169,Estimación adecuada
Anasco,2005-2009,1,76.96481061689505,75.12342768785831,74.49630878506085,75.71736887170671,< e0 observado
Anasco,2005-2009,2,82.18483587125668,81.7079590659522,81.10479600669856,82.27506222170811,Estimación adecuada
Anasco,2010-2014,1,76.38264162433823,75.87471819595928,75.22927812267997,76.5718274324853,Estimación adecuada
Anasco,2010-2014,2,83.0792504741019,82.4199304900904,81.81033500041283,83.06181126170037,< e0 observado
Anasco,2015-2019,1,78.19758272547156,77.45100538712381,76.90155033332417,78.11751439427589,< e0 observado
Anasco,2015-2019,2,85.54315717152748,83.92160513215936,83.39093772842935,84.55550151921543,< e0 observado
Anasco,2020-2024,1,77.16064670152906,77.51395718619739,76.94479383065341,78.14444564529612,Estimación adecuada
Anasco,2020-2024,2,83.21756305986028,83.97471925011013,83.44456703004724,84.58382909775318,> e0 observado
Arecibo,1980-1984,1,70.94822313738123,70.95822149733817,70.52460023428179,71.39844530976444,Estimación adecuada
Arecibo,1980-1984,2,77.54900544750468,77.74351951247417,77.3195149181993,78.15609793273285,Estimación adecuada
Arecibo,1985-1989,1,70.27186805457086,70.75861954781143,70.33572801405748,71.18903655281221,> e0 observado
Arecibo,1985-1989,2,77.07511338664264,77.54782801752641,77.13584208949999,77.95692125711497,> e0 observado
Arecibo,1990-1994,1,70.7566402122555,71.35591483990628,70.96278083163958,71.7403229189444,> e0 observado
Arecibo,1990-1994,2,77.82525476262934,78.11028540285733,77.74677844642882,78.4887120043519,Estimación adecuada
Arecibo,1995-1999,1,70.42422951948053,71.24381530926358,70.79270192571863,71.61395956845568,> e0 observado
Arecibo,1995-1999,2,77.67805190763367,78.00813976066661,77.57752236896798,78.3602087296928,Estimación adecuada
Arecibo,2000-2004,1,73.58677734329173,72.95278153201795,72.54956396182301,73.32787385139986,< e0 observado
Arecibo,2000-2004,2,80.17723082421405,79.63790595615671,79.25542137752473,79.99615307463434,< e0 observado
Arecibo,2005-2009,1,73.79746978285581,73.82916508500017,73.43600093177812,74.1781264509943,Estimación adecuada
Arecibo,2005-2009,2,80.99120726198103,80.46079088722072,80.11224802288552,80.80922055206184,< e0 observado
Arecibo,2010-2014,1,75.7499952369095,74.99247240660105,74.60003342899296,75.33686105343797,< e0 observado
Arecibo,2010-2014,2,81.99729917976788,81.5707457392378,81.22660723877743,81.89028765084927,< e0 observado
Arecibo,2015-2019,1,77.47760291858165,77.04523600688202,76.66710673522174,77.37956109299643,< e0 observado
Arecibo,2015-2019,2,84.62096334942434,83.53234365685347,83.1619068959501,83.860142107753,< e0 observado
Arecibo,2020-2024,1,77.03404417797987,76.71314317503706,76.41064847823058,77.06331078914869,Estimación adecuada
Arecibo,2020-2024,2,83.99392652816302,83.21535200201315,82.92865942869076,83.53525081451426,< e0 observado
Arroyo,1980-1984,1,69.26197243419952,70.52553714380261,69.6908452084769,71.29464799000004,> e0 observado
Arroyo,1980-1984,2,77.70227943996014,77.3263812442347,76.52146334928311,78.0465956227819,Estimación adecuada
Arroyo,1985-1989,1,69.06544938666637,70.62077386472991,69.84137170304774,71.37610194002858,> e0 observado
Arroyo,1985-1989,2,76.53547803214356,77.41950808081134,76.68772971934422,78.14112074773865,> e0 observado
Arroyo,1990-1994,1,69.467701272295,71.52604679741688,70.7463555011982,72.20285289687521,> e0 observado
Arroyo,1990-1994,2,79.1638940521351,78.2710040836017,77.53720744619893,78.91033596488204,< e0 observado
Arroyo,1995-1999,1,69.35840651861476,71.17192113654667,70.45011541152066,71.92142748211594,> e0 observado
Arroyo,1995-1999,2,77.98473955428868,77.93295814143963,77.26664131815605,78.66282201605588,Estimación adecuada
Arroyo,2000-2004,1,72.46263355278661,73.10925065815624,72.35496599884021,73.80926659097487,Estimación adecuada
Arroyo,2000-2004,2,79.49462438506767,79.7813995074199,79.06547326269515,80.43461653295623,Estimación adecuada
Arroyo,2005-2009,1,73.52924324703847,74.01221657624794,73.27581782006237,74.68081846767487,Estimación adecuada
Arroyo,2005-2009,2,81.55925566302211,80.63988166720937,79.93420829271957,81.278681595141,< e0 observado
Arroyo,2010-2014,1,73.74855783813933,74.88608832487498,74.15280395102556,75.5516814835836,> e0 observado
Arroyo,2010-2014,2,82.70095569618667,81.4599855743378,80.78764173809819,82.10448914809561,< e0 observado
Arroyo,2015-2019,1,74.8566557237882,76.56055556029773,75.80744334543397,77.25691907010287,> e0 observado
Arroyo,2015-2019,2,83.0866067343545,83.0692623024112,82.34563963055945,83.743973633444,Estimación adecuada
Arroyo,2020-2024,1,77.15040742709186,76.8124745329148,76.15051538164093,77.52287535671825,Estimación adecuada
Arroyo,2020-2024,2,82.07042233229612,83.306364805506675,82.66408244035114,83.98829284098116,> e0 observado
Barceloneta,1980-1984,1,69.54208697130086,70.84890710375177,70.11561921340629,71.60836476503128,> e0 observado
Barceloneta,1980-1984,2,77.15945709054438,77.63574039873549,76.93703045997387,78.35834743128568,Estimación adecuada
Barceloneta,1985-1989,1,72.20256138308129,71.86814372642708,71.16644218149256,72.61162711728825,Estimación adecuada
Barceloneta,1985-1989,2,78.86869640220178,78.60681010643738,77.91963052471195,79.31285111560317,Estimación adecuada
Barceloneta,1990-1994,1,71.82801102859922,71.82631814200772,71.08524885001246,72.56012699394881,Estimación adecuada
Barceloneta,1990-1994,2,79.79778456534827,78.56392587214299,77.86379084221235,79.25063646352893,< e0 observado
Barceloneta,1995-1999,1,69.62763398284126,71.38291629289304,70.63677503545577,72.10085155735948,> e0 observado
Barceloneta,1995-1999,2,78.30155980616671,78.14585114419613,77.4253048778746,78.80487579088337,Estimación adecuada
Barceloneta,2000-2004,1,74.25217285421826,73.6093096398472,72.84248283562827,74.28888700912765,Estimación adecuada
Barceloneta,2000-2004,2,80.98566728548113,80.2622648261585,79.52658883205598,80.89093810451988,< e0 observado
Barceloneta,2005-2009,1,75.14771749617947,75.067864396848,74.3629865075964,75.69737669877094,Estimación adecuada
Barceloneta,2005-2009,2,83.11601404161499,81.64810255873621,80.98112171716497,82.24498763794342,< e0 observado
Barceloneta,2010-2014,1,75.38250616989667,75.84853712779459,75.20672956560082,76.5205223822866,Estimación adecuada
Barceloneta,2010-2014,2,83.08358460781069,82.38638502630664,81.77297793338118,83.03787421757704,< e0 observado
Barceloneta,2015-2019,1,79.11645760546239,77.29658963022851,76.60743298815194,77.96201862550228,< e0 observado
Barceloneta,2015-2019,2,85.56404930901091,83.7735683775676,83.10285043314337,84.39983537665242,< e0 observado
Barceloneta,2020-2024,1,75.82195956003592,77.0287874089002,76.3859663627975,77.67688230158126,> e0 observado
Barceloneta,2020-2024,2,84.21378427386206,83.51717380871787,82.9155094653125,84.15192608760498,< e0 observado
Barranquitas,1980-1984,1,71.33876197975141,71.77495144939175,71.01042860130346,72.55012059617906,Estimación adecuada
Barranquitas,1980-1984,2,77.30531169649653,78.51094234358136,77.78498598305015,79.23647626878319,> e0 observado
Barranquitas,1985-1989,1,71.51414892357278,71.86749922174495,71.18219166921767,72.65299903990257,Estimación adecuada
Barranquitas,1985-1989,2,77.76964050663393,78.61243600304638,77.94713245652679,79.35164034691934,> e0 observado
Barranquitas,1990-1994,1,70.61622752203239,72.18432511281921,71.46720469383598,72.88434681909399,> e0 observado
Barranquitas,1990-1994,2,80.19038720696513,78.90498317039155,78.23532964077631,79.57148364584442,< e0 observado
Barranquitas,1995-1999,1,71.30535167741402,71.82873240296165,71.05812460949527,72.55331365994991,Estimación adecuada
Barranquitas,1995-1999,2,77.36809189145215,78.5578226295388,77.85170361300862,79.24493069307037,> e0 observado
Barranquitas,2000-2004,1,73.94139576064687,74.21053790365647,73.51404391805114,74.90371125301607,Estimación adecuada
Barranquitas,2000-2004,2,80.92303201880848,80.83062969644686,80.16686436927736,81.47583199250317,Estimación adecuada
Barranquitas,2005-2009,1,75.7544247310515,75.41724138610647,74.73424112026453,76.13770280378824,Estimación adecuada
Barranquitas,2005-2009,2,83.34321773527964,81.98123508224589,81.33728134183006,82.63799463865865,< e0 observado
Barranquitas,2010-2014,1,75.82434696179858,75.97800634192589,75.33037043974423,76.63970661218903,Estimación adecuada
Barranquitas,2010-2014,2,83.19916348644448,82.51362981590151,81.88599611260855,83.1531339852134,< e0 observado
Barranquitas,2015-2019,1,78.70088384920705,78.34654797958396,77.78093824048013,79.05178534262168,Estimación adecuada
Barranquitas,2015-2019,2,86.1569793140704,84.778520930688,84.22299017495052,85.44344496789014,< e0 observado
Barranquitas,2020-2024,1,77.70140580259377,78.68522225698753,78.05454576070986,79.28810952423726,> e0 observado
Barranquitas,2020-2024,2,85.89659093832063,85.11047444073193,84.48458073690979,85.6877943515961,< e0 observado
Bayamon,1980-1984,1,72.04514701418194,72.02651845184323,71.67033624348326,72.3825666034096,Estimación adecuada
Bayamon,1980-1984,2,78.18054324807127,78.74704991242544,78.42693872841855,79.0982750253051,> e0 observado
Bayamon,1985-1989,1,71.5983747916107,72.23184146177445,71.86277428659648,72.52374635166362,> e0 observado
Bayamon,1985-1989,2,79.53402783138928,78.94471050687582,78.58443043512106,79.22641888697251,< e0 observado
Bayamon,1990-1994,1,69.4013098024391,72.1107699560261,71.84009882090996,72.39053563352755,> e0 observado
Bayamon,1990-1994,2,79.99809814237119,78.82830710361793,78.57681949226475,79.10497899994823,< e0 observado
Bayamon,1995-1999,1,70.77177966925491,72.36540360491921,72.06397366704377,72.66542613687956,> e0 observado
Bayamon,1995-1999,2,79.73301230251936,79.0742538851826,78.79341359029783,79.35477319969567,< e0 observado
Bayamon,2000-2004,1,73.5738231086305,74.18792196274131,73.93382847801985,74.44897289061097,> e0 observado
Bayamon,2000-2004,2,81.70891995330638,80.81006607335388,80.54895764673424,81.05409539396445,< e0 observado
Bayamon,2005-2009,1,74.78989094750837,75.20343291333444,74.93865786543503,75.48196291077494,> e0 observado
Bayamon,2005-2009,2,82.81400991090649,81.77584801684904,81.5334657781074,82.04821694270511,< e0 observado
Bayamon,2010-2014,1,76.39050901350164,76.30854881267638,76.05768830935622,76.56061379555058,Estimación adecuada
Bayamon,2010-2014,2,84.21195413174073,82.83087564218764,82.58045218800191,83.05926500959002,< e0 observado
Bayamon,2015-2019,1,77.4241342974101,77.62568627550985,77.38200313087214,77.88759453762225,Estimación adecuada
Bayamon,2015-2019,2,85.53635487807954,84.08792626825044,83.86157207052284,84.35252956254078,< e0 observado
Bayamon,2020-2024,1,76.28240347769595,77.34887006508701,77.09418726849108,77.58092744877577,> e0 observado
Bayamon,2020-2024,2,85.66531677680673,83.82485140075069,83.5724680548177,84.04975586660828,< e0 observado
Cabo Rojo,1980-1984,1,72.39724763936692,72.36374628493692,71.73194946095609,73.02103319306141,Estimación adecuada
Cabo Rojo,1980-1984,2,77.54158683750231,79.06902537232892,78.4860940684751,79.66806515038877,> e0 observado
Cabo Rojo,1985-1989,1,73.0487252974488,72.95078240392843,72.39583201121621,73.50553712126099,Estimación adecuada
Cabo Rojo,1985-1989,2,79.23917112625598,79.6276055651069,79.1164929658598,80.15784186731987,Estimación adecuada
Cabo Rojo,1990-1994,1,72.97925410251543,73.20127149019893,72.68784244918731,73.69791475129375,Estimación adecuada
Cabo Rojo,1990-1994,2,80.55409901002385,79.87313344544103,79.37781683856636,80.34844905780771,< e0 observado
Cabo Rojo,1995-1999,1,72.48815364764029,72.90644739613813,72.36184663026037,73.4338012752512,Estimación adecuada
Cabo Rojo,1995-1999,2,79.89647697006733,79.59030662046268,79.07394632412033,80.07607916971608,Estimación adecuada
Cabo Rojo,2000-2004,1,75.02839226790125,74.65622377043618,74.15032656464008,75.18886176702918,Estimación adecuada
Cabo Rojo,2000-2004,2,82.11872847252751,81.25654717132483,80.77163810975827,81.76285868111367,< e0 observado
Cabo Rojo,2005-2009,1,76.84328880547318,75.74746699884142,75.26307932277118,76.28817993329704,< e0 observado
Cabo Rojo,2005-2009,2,82.7883495500848,82.28601673474668,81.83025233953758,82.81316866679646,Estimación adecuada
Cabo Rojo,2010-2014,1,75.75368420461353,76.3645329633604,75.86833258990586,76.8686947267465,> e0 observado
Cabo Rojo,2010-2014,2,83.42815115673008,82.87955518046545,82.4107267416152,83.36583035594566,< e0 observado
Cabo Rojo,2015-2019,1,79.78583423632398,78.1969188219086,77.72690465650066,78.63960149907038,< e0 observado
Cabo Rojo,2015-2019,2,84.21493107845924,84.63058131349479,84.18310689975394,85.05356278137673,Estimación adecuada
Cabo Rojo,2020-2024,1,79.36891590464816,78.26361991659377,77.82261988533963,78.76164399703015,< e0 observado
Cabo Rojo,2020-2024,2,84.78014352257735,84.70149993101056,84.27755723491867,85.15461157799456,Estimación adecuada
Caguas,1980-1984,1,71.72229204508375,72.13007370963825,71.71693321999803,72.51621314980888,Estimación adecuada
Caguas,1980-1984,2,78.48100883851102,78.85006246646189,78.45494497871711,79.21209573027494,Estimación adecuada
Caguas,1985-1989,1,70.39381171255258,71.8172145359294,71.39794312080963,72.20543675915766,> e0 observado
Caguas,1985-1989,2,79.24402800001288,78.55535111835167,78.15326781873844,78.92522839764212,< e0 observado
Caguas,1990-1994,1,68.8176451180551,71.31907624531438,70.95465380283234,71.67687425568923,> e0 observado
Caguas,1990-1994,2,78.64358444378482,78.08557485501771,77.73285796931339,78.41654821881949,< e0 observado
Caguas,1995-1999,1,69.69055735609852,71.85307846698086,71.49047461196794,72.18274753943035,> e0 observado
Caguas,1995-1999,2,79.65612948337659,78.58820877087359,78.2535233389033,78.90441758286357,< e0 observado
Caguas,2000-2004,1,73.107794927577,73.93799882304839,73.58659964402698,74.30588415128062,> e0 observado
Caguas,2000-2004,2,81.16770684291535,80.5722493963967,80.22299670443202,80.91615332517918,< e0 observado
Caguas,2005-2009,1,74.70961206827913,75.4882439251877,75.14860976655794,75.86266026298946,> e0 observado
Caguas,2005-2009,2,83.1696138038651,82.0450109439511,81.7181372387827,82.40453639453861,< e0 observado
Caguas,2010-2014,1,74.58554015299133,75.57698933007146,75.21038012173679,75.87913810077006,> e0 observado
Caguas,2010-2014,2,83.90600489563008,82.13392995375793,81.78439673347009,82.43131937398016,< e0 observado
Caguas,2015-2019,1,77.12465328076702,77.69064001563174,77.35415572515116,78.02390050131277,> e0 observado
Caguas,2015-2019,2,84.81913360231934,84.14855415189274,83.83762939867957,84.45348029440298,< e0 observado
Caguas,2020-2024,1,76.29588342135226,77.00022728143279,76.6612957864028,77.31629798783956,> e0 observado
Caguas,2020-2024,2,84.58890329073994,83.4903881990419,83.16690291432255,83.79436333117368,< e0 observado
Camuy,1980-1984,1,72.00953497661486,71.52475689686474,70.73407061403377,72.22957760792124,Estimación adecuada
Camuy,1980-1984,2,79.0481930632779,78.27891592245678,77.53980815573279,78.93774007285921,< e0 observado
Camuy,1985-1989,1,73.05563270338816,72.20446552948115,71.43335120309868,72.9351075826433,< e0 observado
Camuy,1985-1989,2,79.50251205629577,78.92366744555656,78.19521870700778,79.60101723110563,Estimación adecuada
Camuy,1990-1994,1,72.48592866320423,72.04896430821199,71.39681197842056,72.69328589489062,Estimación adecuada
Camuy,1990-1994,2,78.42074942707245,78.77088371146681,78.1344537800274,79.38343039115173,Estimación adecuada
Camuy,1995-1999,1,72.6730064081168,72.77095656680854,72.0992841557896,73.36257229724856,Estimación adecuada
Camuy,1995-1999,2,81.15887534595899,79.45859269021892,78.83705011199602,80.02556138506304,< e0 observado
Camuy,2000-2004,1,75.51776152008142,74.43359220515111,73.74919484089449,75.02010452433493,< e0 observado
Camuy,2000-2004,2,81.38049051623702,81.04114677769687,80.39447509995773,81.60620775100068,Estimación adecuada
Camuy,2005-2009,1,76.01134322923592,75.2518302403561,74.6828324061643,75.8272788288949,< e0 observado
Camuy,2005-2009,2,83.37764861657536,81.8174384635279,81.2617496877742,82.35313958098335,< e0 observado
Camuy,2010-2014,1,77.47114401608678,76.19812117661627,75.54277593348158,76.7489360563574,< e0 observado
Camuy,2010-2014,2,83.52117698878536,82.71335696708564,82.10102755991922,83.2583665915862,< e0 observado
Camuy,2015-2019,1,78.31044325410552,77.55591707531639,76.96916665628035,78.14585306575538,< e0 observado
Camuy,2015-2019,2,85.3683244262729,84.01876340913664,83.4676360640468,84.58275957741589,< e0 observado
Camuy,2020-2024,1,78.26146309261183,77.55017960869333,77.07015387030054,78.14155374269781,< e0 observado
Camuy,2020-2024,2,85.47114665413858,84.02156965351168,83.54382592811464,84.59141998191564,< e0 observado
Canovanas,1980-1984,1,73.2999178869587,72.15556083333749,71.46293666925932,72.86827497810114,< e0 observado
Canovanas,1980-1984,2,80.06188590433086,78.86495748687854,78.20670577794976,79.54930854433265,< e0 observado
Canovanas,1985-1989,1,71.61537365310774,71.58559821282881,70.9460585047933,72.25805766180343,Estimación adecuada
Canovanas,1985-1989,2,78.2476656338885,78.33957537326268,77.70873792425056,78.97418937678805,Estimación adecuada
Canovanas,1990-1994,1,68.47857316458972,70.97082550937446,70.29223786778255,71.63455457399164,> e0 observado
Canovanas,1990-1994,2,78.32395417011651,77.74167193970088,77.10806358891799,78.37686225123926,Estimación adecuada
Canovanas,1995-1999,1,67.92417601162161,70.56544402091109,70.0148060805306,71.20622439455563,> e0 observado
Canovanas,1995-1999,2,77.19866982997894,77.35856104535475,76.8556464946361,77.97254243728543,Estimación adecuada
Canovanas,2000-2004,1,71.16133588099902,72.973548001022,72.41806966729898,73.56037010678537,> e0 observado
Canovanas,2000-2004,2,79.89031657445086,79.65388727549663,79.13433422586698,80.21480006301238,Estimación adecuada
Canovanas,2005-2009,1,72.03527888088188,74.42672087526931,73.82506954916983,74.97007099685905,> e0 observado
Canovanas,2005-2009,2,82.20274877957495,81.03411499170846,80.46169339175285,81.56536888270384,< e0 observado
Canovanas,2010-2014,1,73.73163177655941,75.21239082301656,74.66864538295246,75.78019880995198,> e0 observado
Canovanas,2010-2014,2,82.38500533806449,81.79034861047435,81.2689101390655,82.32078536484457,< e0 observado
Canovanas,2015-2019,1,76.47578865798283,76.75119040183522,76.21477722471286,77.31829566803748,Estimación adecuada
Canovanas,2015-2019,2,83.4705410867674,83.24625789412941,82.7264679342427,83.80187287880011,Estimación adecuada
Canovanas,2020-2024,1,75.27011547141527,76.62751403813218,76.10015636785961,77.1369317551545,> e0 observado
Canovanas,2020-2024,2,84.62181844092844,83.13533052549384,82.62154195791487,83.62168929720431,< e0 observado
Carolina,1980-1984,1,72.6794571065647,73.29636743183178,72.88023562402984,73.65903889979356,> e0 observado
Carolina,1980-1984,2,80.00245669766524,79.9541362177709,79.55269026150268,80.31470106995549,Estimación adecuada
Carolina,1985-1989,1,71.45905207579524,72.75014881737508,72.40118036506954,73.1369284219927,> e0 observado
Carolina,1985-1989,2,79.99533355118935,79.44766838002525,79.09471177323618,79.80146096090343,< e0 observado
Carolina,1990-1994,1,69.88961527032848,72.09374198857094,71.76252389638601,72.44243796847181,> e0 observado
Carolina,1990-1994,2,79.19273965392165,78.82741393893848,78.50287317305568,79.14949511686044,< e0 observado
Carolina,1995-1999,1,70.60394767924991,72.82261328820518,72.52362112408181,73.14787403853194,> e0 observado
Carolina,1995-1999,2,80.17066355341139,79.51388021072145,79.2281114735411,79.82708184205097,< e0 observado
Carolina,2000-2004,1,73.93076115352547,74.75370264351797,74.40499797101057,75.09330219668183,> e0 observado
Carolina,2000-2004,2,81.94990115891812,81.3538336029965,81.02195508819408,81.66678743844759,< e0 observado
Carolina,2005-2009,1,74.82294831043073,75.51998509044118,75.15514479669783,75.85316420287347,> e0 observado
Carolina,2005-2009,2,82.93347404417227,82.07031727313264,81.74468202466188,82.38734526543605,< e0 observado
Carolina,2010-2014,1,75.7216623224996,76.37517253888628,76.068681428966,76.65470875779042,> e0 observado
Carolina,2010-2014,2,84.32702876051525,82.88835850816622,82.59720755727804,83.16985222448567,< e0 observado
Carolina,2015-2019,1,78.16150181754098,78.35903486443104,78.11094951902606,78.65103383136199,Estimación adecuada
Carolina,2015-2019,2,86.31301087441426,84.79192909846711,84.541510556013307,85.07948164541895,< e0 observado
Carolina,2020-2024,1,78.61601699181084,78.43716667892112,78.12819635694552,78.72037980973843,Estimación adecuada
Carolina,2020-2024,2,85.92480146843513,84.86070943708322,84.55216716201352,85.12748047901754,< e0 observado
Catano,1980-1984,1,64.71158204088911,68.30389554160237,67.53037499841206,68.92706716051192,> e0 observado
Catano,1980-1984,2,75.60330232750007,75.22538202794792,74.51690272729869,75.80074803664814,Estimación adecuada
Catano,1985-1989,1,65.74843366392102,69.29201842071839,68.61078892132282,69.98175727232334,> e0 observado
Catano,1985-1989,2,78.65957711284251,76.15358350558435,75.53616317664361,76.8092519083903,< e0 observado
Catano,1990-1994,1,63.551421617424765,68.97984481138775,68.27753685718989,69.61669364193496,> e0 observado
Catano,1990-1994,2,77.73013012436986,75.8704318602972,75.21068857926124,76.45809244835814,< e0 observado
Catano,1995-1999,1,64.95894376240564,69.63847246616766,69.04454060444198,70.32273401441319,> e0 observado
Catano,1995-1999,2,77.8017354936669,76.4864652476738,75.93502849818955,77.14973174344888,< e0 observado
Catano,2000-2004,1,69.54736006919788,72.08779012940526,71.49011950349202,72.74588894477024,> e0 observado
Catano,2000-2004,2,80.2420833723342,78.79931923415695,78.24768718255575,79.43618713606148,< e0 observado
Catano,2005-2009,1,70.0088463290445,73.16193834855639,72.47922228388958,73.76607086381587,> e0 observado
Catano,2005-2009,2,82.4846061988492,79.83246624049083,79.1875835492538,80.39977164221838,< e0 observado
Catano,2010-2014,1,73.04054164065786,74.82716170499036,74.20931297261016,75.4433975431536,> e0 observado
Catano,2010-2014,2,85.05347927327067,81.41999619085057,80.82902601688906,81.99441172783695,< e0 observado
Catano,2015-2019,1,73.65254048968006,76.29858269469904,75.63679005892945,76.88037937646834,> e0 observado
Catano,2015-2019,2,86.94579083490224,82.81771280924636,82.19293544025197,83.3964310121394,< e0 observado
Catano,2020-2024,1,73.01737041087927,76.26625771271678,75.61816900547817,76.87886093619485,> e0 observado
Catano,2020-2024,2,86.0684794743231,82.78716693099506,82.15233987947366,83.38259774141069,< e0 observado
Cayey,1980-1984,1,71.32064492875627,71.25386727742668,70.69729839206909,71.76618776019689,Estimación adecuada
Cayey,1980-1984,2,76.88437352747384,78.01895150456295,77.50325424957339,78.51004000384572,> e0 observado
Cayey,1985-1989,1,69.35200072016079,71.11390157435396,70.5157158622348,71.65083366761435,> e0 observado
Cayey,1985-1989,2,78.24162311103663,77.88401925103872,77.34401194586201,78.39016405240454,Estimación adecuada
Cayey,1990-1994,1,69.27521430891126,71.47608204176265,70.9213567169897,72.05563501337555,> e0 observado
Cayey,1990-1994,2,78.16553833033852,78.22599066406065,77.69746445741396,78.77622222235334,Estimación adecuada
Cayey,1995-1999,1,70.01299547508536,71.94134469368379,71.39088471083234,72.42111229416744,> e0 observado
Cayey,1995-1999,2,78.87259018768239,78.67037628538691,78.1508712118175,79.13139825355283,Estimación adecuada
Cayey,2000-2004,1,73.68749999421473,74.03740276449594,73.50815914421443,74.55003659123392,Estimación adecuada
Cayey,2000-2004,2,81.22226473989993,80.66090249716802,80.16150426393719,81.1561904683268,< e0 observado
Cayey,2005-2009,1,73.99614368964569,74.95524355146077,74.43784576801306,75.46196517181446,> e0 observado
Cayey,2005-2009,2,82.1533699228688,81.55287880602009,81.04689885279771,82.02366571425091,< e0 observado
Cayey,2010-2014,1,75.00610378038506,75.88053580452038,75.37838683188701,76.38137137829119,> e0 observado
Cayey,2010-2014,2,83.73637939950336,82.42514263220751,81.94461801375108,82.89644487088827,< e0 observado
Cayey,2015-2019,1,78.54670044615935,78.14785833798561,77.59626174535816,78.62761757456576,Estimación adecuada
Cayey,2015-2019,2,85.74693279734878,84.59131936137018,84.03108136463962,85.0472002057858,< e0 observado
Cayey,2020-2024,1,79.40962956727441,78.79072287587583,78.24762603465666,79.27940746199569,< e0 observado
Cayey,2020-2024,2,87.6006348574498,85.19959652120136,84.7036143162176,85.67040257754113,< e0 observado
Ceiba,1980-1984,1,72.14585176157938,71.48825688870062,70.7310926658653,72.256975941284,Estimación adecuada
Ceiba,1980-1984,2,78.61104372786001,78.24571476621725,77.51851871185859,78.97911524046621,Estimación adecuada
Ceiba,1985-1989,1,70.6198183166503,71.54704191360204,70.75318373626276,72.37725784255788,> e0 observado
Ceiba,1985-1989,2,79.13415807152825,78.29512972342482,77.55212382985857,79.0862908077373,< e0 observado
Ceiba,1990-1994,1,71.00935671117365,71.9296076934082,71.11358854222287,72.69839888612957,> e0 observado
Ceiba,1990-1994,2,79.17042900270538,78.66503839811347,77.90093341907769,79.39789452346012,Estimación adecuada
Ceiba,1995-1999,1,72.51721647517238,72.28014848420563,71.45503459111225,73.09321466120099,Estimación adecuada
Ceiba,1995-1999,2,78.14728081414309,78.98817252020189,78.20031012277352,79.78753910076077,> e0 observado
Ceiba,2000-2004,1,74.86667065353893,73.92091031181265,73.17357563413833,74.78790880842627,< e0 observado
Ceiba,2000-2004,2,80.68427804057518,80.54735799569312,79.84231379884892,81.36883509681904,Estimación adecuada
Ceiba,2005-2009,1,76.12252834869311,75.08377991290777,74.24191751350182,75.79889132800527,< e0 observado
Ceiba,2005-2009,2,82.7966883833198,81.66040362729709,80.85331125639073,82.332547742196,< e0 observado
Ceiba,2010-2014,1,75.46412666889606,75.62364975474078,74.87191317100661,76.41790012924926,Estimación adecuada
Ceiba,2010-2014,2,81.41353267344712,82.1708792840556,81.4562072692697,82.93586238619639,> e0 observado
Ceiba,2015-2019,1,78.54557923356414,77.45980448581247,76.74500025593144,78.19092985508263,< e0 observado
Ceiba,2015-2019,2,86.20789836529356,83.93767090191815,83.25225953321608,84.62346559697582,< e0 observado
Ceiba,2020-2024,1,72.26101326760208,76.91447476005496,76.19405696576715,77.635320156359,> e0 observado
Ceiba,2020-2024,2,81.87366447467527,83.40296228461366,82.70884426269548,84.10538570023428,> e0 observado
Ciales,1980-1984,1,73.3601690081269,72.76154128795073,71.93962456017118,73.5927981011155,Estimación adecuada
Ciales,1980-1984,2,79.08450788252533,79.45261211049129,78.65663256488622,80.22933927989271,Estimación adecuada
Ciales,1985-1989,1,73.80385799895002,73.01650371924799,72.19916480163847,73.7732014433879,< e0 observado
Ciales,1985-1989,2,79.25761748100682,79.6860979808686,78.91833119459423,80.43045329795477,Estimación adecuada
Ciales,1990-1994,1,72.25274862856378,73.05341206564066,72.32011886637392,73.71670578653763,> e0 observado
Ciales,1990-1994,2,79.82543814746265,79.72949944611543,79.05005575833059,80.37141657617585,Estimación adecuada
Ciales,1995-1999,1,71.42663286324974,72.85723538063328,72.13154084021738,73.63129391570439,> e0 observado
Ciales,1995-1999,2,79.238381112831,79.5376652978203,78.84598912197124,80.29507139966452,Estimación adecuada
Ciales,2000-2004,1,72.8877247015535,74.39125291383455,73.58035216390033,75.11749777461026,> e0 observado
Ciales,2000-2004,2,80.83769687356553,81.00365155822603,80.22686683515141,81.71099380522296,Estimación adecuada
Ciales,2005-2009,1,74.52536084511352,75.75308776921068,74.98656730391426,76.43134648246635,> e0 observado
Ciales,2005-2009,2,82.13836581268944,82.29090610523627,81.55364170055307,82.95207459863624,Estimación adecuada
Ciales,2010-2014,1,75.83944224399347,76.99636328106791,76.1703830014083,77.73883984740598,> e0 observado
Ciales,2010-2014,2,83.18525319463721,83.47888651565765,82.69993637568749,84.22019800695618,Estimación adecuada
Ciales,2015-2019,1,80.35963140996523,78.5805618865528,77.82912795112802,79.32974239530824,< e0 observado
Ciales,2015-2019,2,85.16754149388572,84.99824916729364,84.27413762760375,85.7367970282703,Estimación adecuada
Ciales,2020-2024,1,78.0952139934909,78.56234303208149,77.86395041521078,79.32007513594812,Estimación adecuada
Ciales,2020-2024,2,83.7838176468441,84.98671254248002,84.29303083425408,85.73302408074963,> e0 observado
Cidra,1980-1984,1,72.92625993210298,73.55913524547509,72.91367440536699,74.29997567946594,Estimación adecuada
Cidra,1980-1984,2,80.25294604658151,80.21235035947815,79.59203169484954,80.91238030185235,Estimación adecuada
Cidra,1985-1989,1,72.65671880748917,73.22367493004332,72.52405478107985,73.90878714691505,Estimación adecuada
Cidra,1985-1989,2,79.2640060129605,79.89335507051581,79.20624910822207,80.54262665059748,Estimación adecuada
Cidra,1990-1994,1,74.59270123853278,73.73521718727642,73.10089198050386,74.36704790635255,< e0 observado
Cidra,1990-1994,2,79.58259869878654,80.36737933037807,79.77990329473468,80.99815294050933,> e0 observado
Cidra,1995-1999,1,74.21713653214772,74.1875185996349,73.56711538953044,74.78415774328592,Estimación adecuada
Cidra,1995-1999,2,80.46720179098129,80.80054638525263,80.21843771157332,81.36923178637508,Estimación adecuada
Cidra,2000-2004,1,76.1648075054388,75.86424325580779,75.2889418166314,76.4596237932484,Estimación adecuada
Cidra,2000-2004,2,83.06880741955162,82.40803712146715,81.85633780982758,82.96018444018371,< e0 observado
Cidra,2005-2009,1,76.2488157847596,76.45013879146781,75.87362178558189,77.05786028249389,Estimación adecuada
Cidra,2005-2009,2,83.29450873472624,82.95403529726528,82.42100259730461,83.53065844146116,Estimación adecuada
Cidra,2010-2014,1,77.33131059096634,77.6688226253764,77.04542125220252,78.25494151813108,Estimación adecuada
Cidra,2010-2014,2,83.46470181390174,84.12635528248882,83.54446327468324,84.6924893234063,> e0 observado
Cidra,2015-2019,1,78.97458456608396,78.80947458663445,78.2647475015504,79.38223878734226,Estimación adecuada
Cidra,2015-2019,2,84.69043178604441,85.21704993174497,84.70964360506002,85.786875887393,> e0 observado
Cidra,2020-2024,1,79.7427353948676,78.67543081538697,78.18627189881461,79.21622678923475,< e0 observado
Cidra,2020-2024,2,85.33702768748,85.10218610394969,84.60335413526812,85.61657637450904,Estimación adecuada
Coamo,1980-1984,1,71.83261143264684,71.88683445629448,71.20304004145024,72.48759601600813,Estimación adecuada
Coamo,1980-1984,2,77.96592585526496,78.61782955837535,77.961089875145,79.21373827537514,Estimación adecuada
Coamo,1985-1989,1,71.23431252697634,71.91196629457261,71.23001430814452,72.5056751501054,Estimación adecuada
Coamo,1985-1989,2,77.61875344002883,78.63470628477619,78.00831196996482,79.21965249458198,> e0 observado
Coamo,1990-1994,1,71.15206342123702,72.45037076658019,71.82116797852109,73.0308567665664,> e0 observado
Coamo,1990-1994,2,79.52007940092251,79.15598954413295,78.5658149162966,79.70941716951921,Estimación adecuada
Coamo,1995-1999,1,71.1960753395491,72.3812055528423,71.77158878939721,72.93135923529266,> e0 observado
Coamo,1995-1999,2,78.423903843953,79.08191484391917,78.50960350616627,79.62332071821558,> e0 observado
Coamo,2000-2004,1,73.24248106281058,73.86619711759384,73.2225349742778,74.48468207996339,Estimación adecuada
Coamo,2000-2004,2,81.2524184753369,80.49971756049928,79.90533487603639,81.06461121331371,< e0 observado
Coamo,2005-2009,1,76.67061680312946,75.54723086269217,74.93419081739037,76.2337836022133,< e0 observado
Coamo,2005-2009,2,82.50443120167047,82.10167517469661,81.51766626623942,82.76867676923783,Estimación adecuada
Coamo,2010-2014,1,76.08519397019607,76.21029682221408,75.63090735834791,76.78472404355165,Estimación adecuada
Coamo,2010-2014,2,82.76456200780567,82.73299784489964,82.18849824178088,83.30837016384024,Estimación adecuada
Coamo,2015-2019,1,76.3555860235564,77.4450324345987,76.80932432807747,77.98514383013784,> e0 observado
Coamo,2015-2019,2,84.32302802936533,83.91647220404882,83.31184268076129,84.43493604993017,Estimación adecuada
Coamo,2020-2024,1,78.73457128285159,78.48131368290592,77.94270673749776,79.05004669287348,Estimación adecuada
Coamo,2020-2024,2,85.32320664794793,84.90616360578301,84.3944908319496,85.45533874574303,Estimación adecuada
Comerio,1980-1984,1,72.39160599187598,72.40209369162395,71.67714822298049,73.18449569782511,Estimación adecuada
Comerio,1980-1984,2,80.50714392154065,79.11325546037322,78.41524867739572,79.85073256493817,< e0 observado
Comerio,1985-1989,1,72.46599051488649,72.36794195051125,71.68097024621495,73.16003806638005,Estimación adecuada
Comerio,1985-1989,2,79.35372018267553,79.05974972838649,78.42587175473167,79.8196082465794,Estimación adecuada
Comerio,1990-1994,1,72.63261964951914,72.48190020182076,71.64670223450668,73.226369298318,Estimación adecuada
Comerio,1990-1994,2,78.0865724889923,79.19061216628054,78.4036081440894,79.89168227836291,> e0 observado
Comerio,1995-1999,1,71.13227286201818,72.2928393403145,71.56907149508157,73.08661337906383,> e0 observado
Comerio,1995-1999,2,78.32248610899435,78.9987393800809,78.292943786005,79.77407107733508,Estimación adecuada
Comerio,2000-2004,1,73.74046365047266,73.98721341242944,73.20814243836199,74.77770361790283,Estimación adecuada
Comerio,2000-2004,2,80.19913305806267,80.61692376569712,79.86937506357363,81.3711266724217,Estimación adecuada
Comerio,2005-2009,1,75.30350166697882,75.01045323257082,74.28298626646759,75.70346406318495,Estimación adecuada
Comerio,2005-2009,2,81.75843965388886,81.59062581127907,80.90077852239345,82.23375453245617,Estimación adecuada
Comerio,2010-2014,1,77.88992392393747,76.59956192376556,75.87814993998848,77.27412960989287,< e0 observado
Comerio,2010-2014,2,83.20589003283447,83.11532713976928,82.38696617961187,83.75683996840232,Estimación adecuada
Comerio,2015-2019,1,76.11616223403381,77.5858301218138,76.8239759340654,78.2799676434539,> e0 observado
Comerio,2015-2019,2,84.47935763504815,84.05226411115393,83.31349537039733,84.72948651036747,Estimación adecuada
Comerio,2020-2024,1,75.23982921549162,77.58852449243712,76.92848941797146,78.19029867821499,> e0 observado
Comerio,2020-2024,2,83.75928924043123,84.06078266213673,83.42368661371378,84.6299174311815,Estimación adecuada
Corozal,1980-1984,1,72.8434269620364,72.36857722280871,71.67219080119372,73.09862698825262,Estimación adecuada
Corozal,1980-1984,2,78.49552695365927,79.08628478107991,78.40927767220478,79.78629435756382,Estimación adecuada
Corozal,1985-1989,1,74.16679537755694,72.83712685665726,72.14250706464775,73.48026238515979,< e0 observado
Corozal,1985-1989,2,78.31409571064404,79.5291210868096,78.84822128001713,80.13840366418063,> e0 observado
Corozal,1990-1994,1,71.27571092432538,72.23776623452949,71.59137690052845,72.84392920021133,> e0 observado
Corozal,1990-1994,2,78.71157989908842,78.95513573667978,78.32173323831704,79.5353736476257,Estimación adecuada
Corozal,1995-1999,1,71.90053240132126,72.92337030536255,72.32491727961792,73.56108752528226,> e0 observado
Corozal,1995-1999,2,81.05061971042039,79.60409678168503,79.03967209522204,80.2277924888221,< e0 observado
Corozal,2000-2004,1,75.40121472632262,75.09603687840456,74.51729018363767,75.79613514879692,Estimación adecuada
Corozal,2000-2004,2,82.32727029969571,81.67425204623207,81.11658946580718,82.33131514606399,Estimación adecuada
Corozal,2005-2009,1,75.29676896497347,75.37170780967628,74.75942888382784,75.9576116822746,Estimación adecuada
Corozal,2005-2009,2,81.7668888989548,81.93394223793439,81.36628246624991,82.48599758751907,Estimación adecuada
Corozal,2010-2014,1,76.61800376671373,76.60114686361399,76.01422043059108,77.17030115254235,Estimación adecuada
Corozal,2010-2014,2,83.99620064198638,83.11011120316994,82.5423444830139,83.66025575497285,< e0 observado
Corozal,2015-2019,1,78.84838673591865,77.69053533518311,77.098800857633,78.21903867958483,< e0 observado
Corozal,2015-2019,2,84.36621340480359,84.15332003019782,83.61228257018794,84.64278619479835,Estimación adecuada
Corozal,2020-2024,1,76.44862204173214,78.24460289358024,77.64224376705849,78.78711695164169,> e0 observado
Corozal,2020-2024,2,85.0591201159125,84.6763072121471,84.11983193644625,85.19210824728947,Estimación adecuada
Culebra,1980-1984,1,94.69722323815856,73.24096517686002,71.83947832194657,74.57497456211814,< e0 observado
Culebra,1980-1984,2,77.11141651027592,80.36410458653049,78.98317231257131,81.67710732639102,> e0 observado
Culebra,1985-1989,1,76.63588305134152,73.33938786530821,72.01108812337498,74.61598157997733,< e0 observado
Culebra,1985-1989,2,84.99417166658453,80.0634629758043,78.77569510791375,81.3107822444091,< e0 observado
Culebra,1990-1994,1,75.23127689590049,73.59742387475576,72.30565926120144,74.86883437116335,< e0 observado
Culebra,1990-1994,2,82.2361338517014,80.02790110702594,78.8286815871742,81.2286155640916,< e0 observado
Culebra,1995-1999,1,72.53390965878926,73.87236256989189,72.56720276215594,75.11884036740435,> e0 observado
Culebra,1995-1999,2,82.74787501668122,80.69823050565708,79.45315412487886,81.91259083107684,< e0 observado
Culebra,2000-2004,1,83.74648606676807,75.65419888371308,74.35071879767224,76.88287910109392,< e0 observado
Culebra,2000-2004,2,81.63132549875367,82.15732545656495,80.9307903814688,83.32184941182717,Estimación adecuada
Culebra,2005-2009,1,79.35518350612848,76.41489995064114,75.10848240453097,77.55143873479699,< e0 observado
Culebra,2005-2009,2,87.82645600917449,82.67859616062499,81.45438183409743,83.75663965358225,< e0 observado
Culebra,2010-2014,1,73.27486001063872,77.37102486805637,76.03325207327326,78.65666891311088,> e0 observado
Culebra,2010-2014,2,84.63331186955911,83.84598440558182,82.58014633310273,85.0854350581925,Estimación adecuada
Culebra,2015-2019,1,73.7782353124013,78.8584510752116,77.67128453060735,80.02983368120672,> e0 observado
Culebra,2015-2019,2,82.80860574041759,85.24339683231486,84.1151809911147,86.4222093248491,> e0 observado
Culebra,2020-2024,1,71.17558414919206,78.8401043060087,77.54948666902064,79.99525149522289,> e0 observado
Culebra,2020-2024,2,81.75048505604273,85.25073316115696,84.00267427682152,86.35826230977945,> e0 observado
Dorado,1980-1984,1,73.06768394242143,72.84163152167237,72.0745745982579,73.58104022985987,Estimación adecuada
Dorado,1980-1984,2,79.57134292897321,79.53453729281935,78.8199952137696,80.21840094453889,Estimación adecuada
Dorado,1985-1989,1,70.98138714935332,72.05124658395141,71.28381110295666,72.72410646863281,> e0 observado
Dorado,1985-1989,2,79.66708794032925,78.78213411076919,78.04789321586041,79.42438342281513,< e0 observado
Dorado,1990-1994,1,70.60163270459446,72.50168277671705,71.81942631014886,73.22423274000377,> e0 observado
Dorado,1990-1994,2,79.66123740902555,79.2120176233185,78.57578903421873,79.8756146499193,Estimación adecuada
Dorado,1995-1999,1,71.14661901491276,72.66777074307187,72.00653413516946,73.24630846736821,> e0 observado
Dorado,1995-1999,2,79.34231212268777,79.36508586379833,78.73202056538392,79.91518746635967,Estimación adecuada
Dorado,2000-2004,1,72.80125816712727,74.15949474393717,73.52130801881788,74.79361032091441,> e0 observado
Dorado,2000-2004,2,80.51547250678337,80.77706187346993,80.17473832854098,81.36346580300751,Estimación adecuada
Dorado,2005-2009,1,74.74216888739862,75.25431652489382,74.64746087701224,75.80658214623222,Estimación adecuada
Dorado,2005-2009,2,81.55921742419945,81.82053222273358,81.27117861055406,82.34047400174644,Estimación adecuada
Dorado,2010-2014,1,77.3972526095473,76.99206910785756,76.4055718313388,77.6137968324295,Estimación adecuada
Dorado,2010-2014,2,83.78650120499329,83.47473378100312,82.9197852189808,84.09129591519371,Estimación adecuada
Dorado,2015-2019,1,79.05317477178703,77.99131613039627,77.46319306449249,78.51986585387044,< e0 observado
Dorado,2015-2019,2,85.0361331038058,84.4355898493709,83.92169539563852,84.93875940309859,< e0 observado
Dorado,2020-2024,1,77.54648054972814,78.17486168427321,77.6418773460854,78.70216309149882,> e0 observado
Dorado,2020-2024,2,87.81728727976584,84.6093879061807,84.1103037357756,85.14428406354062,< e0 observado
Fajardo,1980-1984,1,70.97992961345321,70.64154228723264,70.02004791251507,71.21477605453282,Estimación adecuada
Fajardo,1980-1984,2,77.4034006461853,77.43347363841697,76.84715442821562,77.98243908171486,Estimación adecuada
Fajardo,1985-1989,1,71.1887876704971,70.70045337480224,70.09694646912021,71.35805608162741,Estimación adecuada
Fajardo,1985-1989,2,77.37337374894558,77.49718832381134,76.91603838804707,78.12316528230274,Estimación adecuada
Fajardo,1990-1994,1,68.18099629812696,70.75793613671155,70.19402736995632,71.32574860953659,> e0 observado
Fajardo,1990-1994,2,78.11474876521702,77.5412048621941,76.99169293317914,78.09537221247226,< e0 observado
Fajardo,1995-1999,1,69.86154006659808,71.23600722163921,70.69659960651032,71.79413844206977,> e0 observado
Fajardo,1995-1999,2,78.82934233659792,78.00410513365792,77.4956825813924,78.55357892664975,< e0 observado
Fajardo,2000-2004,1,71.85134936418909,72.7756712596402,72.26213038343744,73.32740926596365,> e0 observado
Fajardo,2000-2004,2,80.31491904964011,79.46804509642735,78.95822231650027,79.99317190256787,< e0 observado
Fajardo,2005-2009,1,72.01498955956528,73.38180474419731,72.88966234047314,73.93374826963098,> e0 observado
Fajardo,2005-2009,2,80.42579698255476,80.0438799470235,79.56150562223937,80.56753135192128,Estimación adecuada
Fajardo,2010-2014,1,73.1648079564502,74.6034487256075,74.03262445003125,75.1339911273648,> e0 observado
Fajardo,2010-2014,2,81.74247222384632,81.20849250980734,80.64464199490347,81.70292179121812,< e0 observado
Fajardo,2015-2019,1,76.15087862256587,76.38193059803048,75.82674337909035,76.91848716115928,Estimación adecuada
Fajardo,2015-2019,2,83.7123556023456,82.89632117285463,82.35112395296099,83.41590853452713,< e0 observado
Fajardo,2020-2024,1,74.31868957649468,76.41029530132198,75.86527047967886,76.89880725172421,> e0 observado
Fajardo,2020-2024,2,83.33111283123691,82.92601114217793,82.41605048998386,83.39167975005196,Estimación adecuada
Florida,1980-1984,1,71.06938753374574,71.39996763768201,70.47365666917435,72.31705309628035,Estimación adecuada
Florida,1980-1984,2,79.21775098528943,78.15279931340865,77.25517320122438,79.02598676334159,< e0 observado
Florida,1985-1989,1,70.64603223425698,71.13116265507077,70.16516879299836,71.98691059894783,Estimación adecuada
Florida,1985-1989,2,74.85144353276169,77.90667389171107,76.99589337751733,78.71363317354178,> e0 observado
Florida,1990-1994,1,70.01533527514864,71.28688650391867,70.39798476653641,72.12053186736989,> e0 observado
Florida,1990-1994,2,75.40391537650423,78.05765004800355,77.1882686013625,78.84345866622775,> e0 observado
Florida,1995-1999,1,71.65894113726901,71.98534759726262,71.08081000264687,72.8013680247793,Estimación adecuada
Florida,1995-1999,2,77.29790147374477,78.7094731088568,77.86067238765088,79.47792111364274,> e0 observado
Florida,2000-2004,1,75.01444427678842,73.98415127962804,73.13695914669137,74.75386282579927,< e0 observado
Florida,2000-2004,2,81.08965307946796,80.61922748976454,79.78859749971231,81.34509902437385,Estimación adecuada
Florida,2005-2009,1,76.54783220170152,74.62245152617216,73.82466220453232,75.48565117907424,< e0 observado
Florida,2005-2009,2,80.52310433234075,81.22359556624767,80.47694447321356,82.04873822756109,Estimación adecuada
Florida,2010-2014,1,79.58931937931183,76.41405709664338,75.67061336986896,77.27038884045075,< e0 observado
Florida,2010-2014,2,84.35262381150902,82.93218770676424,82.21957573522441,83.76735079245495,< e0 observado
Florida,2015-2019,1,77.39963673465637,77.33966269733753,76.60480201646132,78.15154137157043,Estimación adecuada
Florida,2015-2019,2,83.04749257512822,83.81007631413362,83.12064841693959,84.59182845531157,> e0 observado
Florida,2020-2024,1,76.48138637441758,77.62889794339002,76.90820049243311,78.4097960001309,> e0 observado
Florida,2020-2024,2,86.57028869211995,84.09418903370836,83.37866779904297,84.83011584967431,< e0 observado
Guanica,1980-1984,1,70.29160656173029,70.12621065420913,69.41408954390866,70.83181240185039,Estimación adecuada
Guanica,1980-1984,2,77.02589204137094,76.95354356967971,76.26797005767926,77.64093036923336,Estimación adecuada
Guanica,1985-1989,1,69.64590752945972,69.88890134647852,69.1219304007486,70.55221420797818,Estimación adecuada
Guanica,1985-1989,2,76.96194389846337,76.72447307426647,75.97158931084843,77.35515554122043,Estimación adecuada
Guanica,1990-1994,1,69.00330089577055,70.0207616454727,69.29132877170488,70.74202148117382,> e0 observado
Guanica,1990-1994,2,77.43314529873244,76.86092247966417,76.16789657367809,77.53758678691361,Estimación adecuada
Guanica,1995-1999,1,68.75925697690468,70.14600901988123,69.39412252234098,70.8759472931402,> e0 observado
Guanica,1995-1999,2,76.88365176255945,76.96276625134928,76.2362880283483,77.66511814367536,Estimación adecuada
Guanica,2000-2004,1,72.36855900985053,72.07563959522827,71.3016015069452,72.72324941543108,Estimación adecuada
Guanica,2000-2004,2,78.3128127578213,78.80248577908064,78.06716862003253,79.42766159178854,Estimación adecuada
Guanica,2005-2009,1,71.69965700518571,73.00267079315654,72.31414552182596,73.6814058185496,> e0 observado
Guanica,2005-2009,2,80.3960001801447,79.6836567852807,79.03954832722371,80.32053776356474,< e0 observado
Guanica,2010-2014,1,75.43056531334524,74.26832651002871,73.65404474381836,74.98955590084162,< e0 observado
Guanica,2010-2014,2,80.57778836738088,80.89875189263735,80.2970756235199,81.55229379329914,Estimación adecuada
Guanica,2015-2019,1,74.6061778340804,74.74261067740758,74.02438843898435,75.36075324967425,Estimación adecuada
Guanica,2015-2019,2,81.3148683326643,81.3292264543359,80.66835758710924,81.92807447184707,Estimación adecuada
Guanica,2020-2024,1,73.35967274163447,75.03977257045074,74.35503936192077,75.69520244157572,> e0 observado
Guanica,2020-2024,2,82.11869011623037,81.62823065039397,80.97371984754713,82.25183580515352,Estimación adecuada
Guayama,1980-1984,1,70.24592277647761,70.35666076487341,69.68988838462045,70.99394203927804,Estimación adecuada
Guayama,1980-1984,2,76.94736099895414,77.17227286180227,76.5542427599209,77.7749288826434,Estimación adecuada
Guayama,1985-1989,1,69.18407376779939,70.4508170252077,69.84665447159583,71.03073706622433,> e0 observado
Guayama,1985-1989,2,77.01984994163914,77.25550639083303,76.7098707486569,77.80792277238501,Estimación adecuada
Guayama,1990-1994,1,69.12774545799293,70.85803189569496,70.30088183622394,71.46334264874795,> e0 observado
Guayama,1990-1994,2,78.26536534527779,77.64922681111774,77.13241700038273,78.22907872597695,< e0 observado
Guayama,1995-1999,1,69.89298463348949,71.17674394445655,70.63526820013729,71.71877479875877,> e0 observado
Guayama,1995-1999,2,79.36097539479375,77.93988713584096,77.43744897443551,78.45541260149551,< e0 observado
Guayama,2000-2004,1,71.73959231092829,72.73634536977337,72.22032799462782,73.36638508356714,> e0 observado
Guayama,2000-2004,2,80.42361640554877,79.43560511323727,78.94229368527829,80.04874054416473,< e0 observado
Guayama,2005-2009,1,74.004627225837,73.69114644292368,73.14595174109877,74.23714082576478,Estimación adecuada
Guayama,2005-2009,2,80.66196990050479,80.34118677475738,79.82316098604701,80.84226360941773,Estimación adecuada
Guayama,2010-2014,1,76.0922078825251,75.27158719588928,74.68930155893594,75.81383549145423,< e0 observado
Guayama,2010-2014,2,82.22460967328485,81.840094949023,81.27845650442919,82.34919913841458,Estimación adecuada
Guayama,2015-2019,1,76.61959145312574,76.44406390218339,75.91985968547203,76.98862802020803,Estimación adecuada
Guayama,2015-2019,2,83.4142713899816,82.96335180901333,82.45791985862942,83.48737289939531,Estimación adecuada
Guayama,2020-2024,1,73.93879414262592,75.56037839954382,75.06635019554088,76.02689142948124,> e0 observado
Guayama,2020-2024,2,82.33975114826434,82.10425074129535,81.6441986388913,82.55544070234157,Estimación adecuada
Guayanilla,1980-1984,1,72.58983279684577,71.45327867636792,70.71947330283022,72.17255429819696,< e0 observado
Guayanilla,1980-1984,2,77.53353824728316,78.21890844846564,77.49590258071592,78.90302468302895,Estimación adecuada
Guayanilla,1985-1989,1,70.73661721916349,70.7744913225025,70.08578687482193,71.43000566047556,Estimación adecuada
Guayanilla,1985-1989,2,76.86235560972376,77.56466328409374,76.90469936685965,78.17246609804869,> e0 observado
Guayanilla,1990-1994,1,72.37752924339648,71.74902440553555,70.92665826388097,72.53576641149525,Estimación adecuada
Guayanilla,1990-1994,2,78.55250974931681,78.49318067572517,77.7181032221948,79.23572968959141,Estimación adecuada
Guayanilla,1995-1999,1,72.22131902455737,72.04450364348756,71.33082849903658,72.83008462329653,Estimación adecuada
Guayanilla,1995-1999,2,79.14608996325278,78.77381712095954,78.10752514448255,79.50813236792428,Estimación adecuada
Guayanilla,2000-2004,1,74.05744082522244,73.27395425502007,72.56158706917745,73.97508232740202,< e0 observado
Guayanilla,2000-2004,2,80.06971551607721,79.93589729974985,79.25079772886676,80.60653346817236,Estimación adecuada
Guayanilla,2005-2009,1,73.36781184296053,73.22285732430433,72.53420861773768,73.90459261409225,Estimación adecuada
Guayanilla,2005-2009,2,79.74433091795808,79.88887136865588,79.25005562679026,80.54150464024407,Estimación adecuada
Guayanilla,2010-2014,1,77.2541883457964,75.01415495594877,74.3904533240499,75.6684704560629,< e0 observado
Guayanilla,2010-2014,2,79.95617529124827,81.6033830117554,81.00518190764407,82.2124908345354,> e0 observado
Guayanilla,2015-2019,1,74.50306944491258,76.29196936218027,75.62789267944123,76.99971272019764,> e0 observado
Guayanilla,2015-2019,2,85.47648018860491,82.81756219330902,82.17643128353987,83.48023682851297,< e0 observado
Guayanilla,2020-2024,1,73.73722385919334,76.09131914380174,75.4304658917628,76.73447600176675,> e0 observado
Guayanilla,2020-2024,2,84.46851671921503,82.61985098132669,81.99529955213976,83.23002186660162,< e0 observado
Guaynabo,1980-1984,1,73.33304020193007,73.33634951882425,72.82254141837404,73.87139834138536,Estimación adecuada
Guaynabo,1980-1984,2,79.57395565229348,79.99667959927052,79.51130625628355,80.50704736481929,Estimación adecuada
Guaynabo,1985-1989,1,73.30720790413426,73.58493348914686,73.11646796051105,74.07249885195952,Estimación adecuada
Guaynabo,1985-1989,2,80.7449894765543,80.23828484488791,79.79039257335296,80.70052516400685,< e0 observado
Guaynabo,1990-1994,1,71.64759712414893,73.29284343924593,72.89995062919803,73.75906182267109,> e0 observado
Guaynabo,1990-1994,2,80.46155681333546,79.96145155233084,79.57847289192082,80.40056909146708,< e0 observado
Guaynabo,1995-1999,1,71.70557982807048,73.78610541526918,73.40030052495356,74.21399307410243,> e0 observado
Guaynabo,1995-1999,2,81.61582636139954,80.42023001900154,80.06959424614746,80.84590094736716,< e0 observado
Guaynabo,2000-2004,1,74.5460879922691,75.53678323420309,75.16983700993124,75.96179308521141,> e0 observado
Guaynabo,2000-2004,2,82.43363591097874,82.08876679265941,81.72968797518172,82.50544504044706,Estimación adecuada
Guaynabo,2005-2009,1,75.40004142189414,76.12226133255211,75.74614492976443,76.49740389344451,> e0 observado
Guaynabo,2005-2009,2,83.59622113263238,82.64899198098125,82.27307918277884,83.01348678883627,< e0 observado
Guaynabo,2010-2014,1,77.3578270076508,77.18987251156949,76.79764874195087,77.56440193448418,Estimación adecuada
Guaynabo,2010-2014,2,84.62289097742051,83.6678986269344,83.29945300763151,84.02314728789521,< e0 observado
Guaynabo,2015-2019,1,79.63090232574721,78.67438375200777,78.33357383978836,79.0509033439458,< e0 observado
Guaynabo,2015-2019,2,86.62280196774702,85.09094024612858,84.7732666090846,85.46251966435089,< e0 observado
Guaynabo,2020-2024,1,77.36899877443203,78.0920805206164,77.70414997552058,78.48654482185901,> e0 observado
Guaynabo,2020-2024,2,86.85241919025239,84.53496255481271,84.17358924363855,84.90844444462024,< e0 observado
Gurabo,1980-1984,1,72.10043466021936,72.19819658988253,71.5491536710123,72.89194724861233,Estimación adecuada
Gurabo,1980-1984,2,77.21298943234297,78.91701587378907,78.2823193369349,79.58686452515136,> e0 observado
Gurabo,1985-1989,1,72.09864341259255,72.27087480396534,71.58551107160353,73.00200522730199,Estimación adecuada
Gurabo,1985-1989,2,77.83980186096333,78.99627407285394,78.34839390781971,79.67213229917121,> e0 observado
Gurabo,1990-1994,1,70.06358422124045,72.13168279588339,71.50711784534035,72.82945667474269,> e0 observado
Gurabo,1990-1994,2,78.93586566639773,78.85654986559246,78.27173822677766,79.50280625190187,Estimación adecuada
Gurabo,1995-1999,1,72.62979875914179,73.0191325798172,72.4070753239717,73.59711279055395,Estimación adecuada
Gurabo,1995-1999,2,78.37596544908041,79.6965049151168,79.11985445604185,80.24779028312956,> e0 observado
Gurabo,2000-2004,1,73.72455425616529,74.81675624973101,74.23877073622421,75.40007176602964,> e0 observado
Gurabo,2000-2004,2,82.16347596555325,81.40703958953264,80.83994085799702,81.97322587411632,< e0 observado
Gurabo,2005-2009,1,75.38673648949066,75.82008947549728,75.25582433590657,76.41416338167583,Estimación adecuada
Gurabo,2005-2009,2,82.71710063140857,82.36000736841655,81.81059400944807,82.91037479187287,Estimación adecuada
Gurabo,2010-2014,1,75.74184183502217,76.8149055253951,76.20011103502227,77.40135798246408,> e0 observado
Gurabo,2010-2014,2,83.66012445857517,83.30989510308208,82.72765681536575,83.89145615093398,Estimación adecuada
Gurabo,2015-2019,1,77.82655629619259,78.20177887982291,77.60831023270953,78.74730445468612,Estimación adecuada
Gurabo,2015-2019,2,86.3751275135532,84.6392389625727,84.04707704672322,85.15298885321505,< e0 observado
Gurabo,2020-2024,1,78.1508349062683,78.21249565235814,77.62533646561991,78.76706100345268,Estimación adecuada
Gurabo,2020-2024,2,85.11563140762924,84.63858336989367,84.09992884375129,85.1754684751713,Estimación adecuada
Hatillo,1980-1984,1,71.99152036613721,72.05285561182029,71.44434248724667,72.68976325954736,Estimación adecuada
Hatillo,1980-1984,2,78.9802986931572,78.77138793876506,78.19716223761762,79.39189817416506,Estimación adecuada
Hatillo,1985-1989,1,72.73472078364017,72.1999169192094,71.59390945963749,72.80906432658625,Estimación adecuada
Hatillo,1985-1989,2,79.39464399636921,78.91070901832995,78.35220548758213,79.50354989363701,Estimación adecuada
Hatillo,1990-1994,1,72.2998423174012,72.4627925787428,71.84447198626754,73.01657022901762,Estimación adecuada
Hatillo,1990-1994,2,78.56900864145167,79.16518339591565,78.5911455024579,79.70137415558779,> e0 observado
Hatillo,1995-1999,1,72.51848608651568,72.39020522669131,71.77137580407847,72.95363556695676,Estimación adecuada
Hatillo,1995-1999,2,78.33281615395789,79.09541830979276,78.49877186435776,79.65573689716979,> e0 observado
Hatillo,2000-2004,1,74.45467151298737,73.99558842503164,73.44279090650309,74.5953653441203,Estimación adecuada
Hatillo,2000-2004,2,80.50637914886045,80.6161056910378,80.12312300569317,81.193504655532,Estimación adecuada
Hatillo,2005-2009,1,75.71645524793598,74.93349565507219,74.33897126182568,75.4937494917614,< e0 observado
Hatillo,2005-2009,2,81.90357972932111,81.52377285512668,80.9480437373079,82.05134080378882,Estimación adecuada
Hatillo,2010-2014,1,77.71502056183984,76.71041922024136,76.18221348007141,77.2493779091519,< e0 observado
Hatillo,2010-2014,2,83.87031312176076,83.21582450122106,82.69988594868599,83.72076776799275,< e0 observado
Hatillo,2015-2019,1,79.67724729389147,78.18238165100459,77.62672621472665,78.74518717259403,< e0 observado
Hatillo,2015-2019,2,84.83403759511111,84.61079550722376,84.07363394024634,85.16223041814317,Estimación adecuada
Hatillo,2020-2024,1,78.47632497278812,77.99217424444164,77.55076969065001,78.5345196861275,Estimación adecuada
Hatillo,2020-2024,2,86.14610937096411,84.44046721585602,84.00422881650397,84.96006087854656,< e0 observado
Hormigueros,1980-1984,1,74.05856561737721,73.53869221215601,72.70928651520373,74.28946694610286,Estimación adecuada
Hormigueros,1980-1984,2,79.84974137268954,80.17813494677762,79.40315276487343,80.90030023420218,Estimación adecuada
Hormigueros,1985-1989,1,73.08737524946572,73.73142460304817,72.9981029040922,74.46592351449421,Estimación adecuada
Hormigueros,1985-1989,2,77.720059693455,80.37639646770423,79.65555722973335,81.09244641340737,> e0 observado
Hormigueros,1990-1994,1,74.61350802067456,74.20324635328876,73.39523961260252,74.9482330434262,Estimación adecuada
Hormigueros,1990-1994,2,81.39461486989457,80.81068765721054,80.04978973425202,81.51401680564628,Estimación adecuada
Hormigueros,1995-1999,1,74.87703445651637,74.73412985574527,74.04127119472093,75.59322160195558,Estimación adecuada
Hormigueros,1995-1999,2,80.45280069334801,81.32360686046798,80.65476126267518,82.14085718445182,> e0 observado
Hormigueros,2000-2004,1,75.50618073944777,75.96569707683554,75.23730524936215,76.720643903238,Estimación adecuada
Hormigueros,2000-2004,2,82.3521641939344,82.499133403292,81.82487924934864,83.19887092732357,Estimación adecuada
Hormigueros,2005-2009,1,76.10054922666298,76.79647842667374,76.0319012435254,77.45720886454075,Estimación adecuada
Hormigueros,2005-2009,2,84.62944320284578,83.29754709158655,82.59846340437473,83.96337419578322,< e0 observado
Hormigueros,2010-2014,1,76.11918178416535,77.21319996871078,76.58728208735997,77.98721207574557,> e0 observado
Hormigueros,2010-2014,2,82.71051389712174,83.70066286080974,83.06069648323604,84.41154769404633,> e0 observado
Hormigueros,2015-2019,1,77.91392313609006,79.04638901999962,78.36622226355746,79.72269959445305,> e0 observado
Hormigueros,2015-2019,2,85.81866120513573,85.44199172446054,84.81107707893835,86.11197970164946,Estimación adecuada
Hormigueros,2020-2024,1,78.36911216509105,78.9308119094756,78.27891764854773,79.54643456291336,Estimación adecuada
Hormigueros,2020-2024,2,86.17552522276296,85.3362987826923,84.7166783510581,85.93838567680825,< e0 observado
Humacao,1980-1984,1,70.58258576927221,70.53641315435137,69.97938007785416,71.1405064119629,Estimación adecuada
Humacao,1980-1984,2,75.89477228552336,77.3506570855024,76.80963132876445,77.90188985096533,> e0 observado
Humacao,1985-1989,1,70.67071512913827,71.85093689963367,71.28247118116703,72.36713082701513,> e0 observado
Humacao,1985-1989,2,78.26869595391119,78.58091126773533,78.02747026783227,79.08360734699997,Estimación adecuada
Humacao,1990-1994,1,69.59966588678492,71.60017162478871,71.00964533892571,72.08159267457773,> e0 observado
Humacao,1990-1994,2,78.98527536141168,78.34344071114086,77.80318507615979,78.79320193690265,< e0 observado
Humacao,1995-1999,1,71.67034271113566,72.02463467422211,71.49190756959702,72.5119137016479,Estimación adecuada
Humacao,1995-1999,2,78.50994029948488,78.76140790871955,78.23872369707667,79.21412373240278,Estimación adecuada
Humacao,2000-2004,1,73.45461991775991,73.83554834216318,73.28282624881744,74.32193720477746,Estimación adecuada
Humacao,2000-2004,2,79.72370844675466,80.4739603393009,79.95265741689647,80.95097020137453,> e0 observado
Humacao,2005-2009,1,73.61846549183731,74.44241861246245,73.94103530142439,74.95812216927322,> e0 observado
Humacao,2005-2009,2,81.80291929231979,81.05354683322335,80.5619353064095,81.50457985671999,< e0 observado
Humacao,2010-2014,1,75.80326051258055,76.07113531732901,75.55367373775408,76.57130522791707,Estimación adecuada
Humacao,2010-2014,2,83.58584598942798,82.5943540743975,82.08731079514601,83.0880649218486,< e0 observado
Humacao,2015-2019,1,76.7386829389743,77.13834919962724,76.67783894792927,77.65988355413346,Estimación adecuada
Humacao,2015-2019,2,84.86787206578826,83.6201103579808,83.17269507888943,84.13281994404085,< e0 observado
Humacao,2020-2024,1,76.7404128820364,78.15663885777175,77.71463324662435,78.65488013149752,> e0 observado
Humacao,2020-2024,2,84.233200245355,84.60228404132519,84.15975488665497,85.07603134782565,Estimación adecuada
Isabela,1980-1984,1,73.09738020117423,71.77868508131559,71.08174289422388,72.43600169063414,< e0 observado
Isabela,1980-1984,2,77.82732250278018,78.52175285470636,77.84713207479291,79.14741585513363,> e0 observado
Isabela,1985-1989,1,71.58083949829111,71.65073456761824,71.04954076994873,72.20446405569396,Estimación adecuada
Isabela,1985-1989,2,78.50099967900502,78.3997393502206,77.81675971470973,78.93586084184294,Estimación adecuada
Isabela,1990-1994,1,72.0475169163787,71.7331370536584,71.21337580584631,72.30917786782916,Estimación adecuada
Isabela,1990-1994,2,78.52411999469241,78.4681625763541,77.96991643148672,79.00502765401879,Estimación adecuada
Isabela,1995-1999,1,71.86251133480623,72.00368463946882,71.41117837365786,72.52374981561921,Estimación adecuada
Isabela,1995-1999,2,79.50480811685766,78.72957302940755,78.16678876307208,79.23294437055822,< e0 observado
Isabela,2000-2004,1,73.31643311223908,73.26323711810272,72.71407334580687,73.7826780586328,Estimación adecuada
Isabela,2000-2004,2,79.66880055796743,79.93128709897343,79.40699361924648,80.41997392437449,Estimación adecuada
Isabela,2005-2009,1,75.53006169201437,74.49284861416973,73.99816928273995,75.02085773541117,< e0 observado
Isabela,2005-2009,2,80.46868606139569,81.10732256275932,80.62915516474214,81.61309346737983,> e0 observado
Isabela,2010-2014,1,76.3459756319445,75.92864158599647,75.45306554482391,76.48764602568012,Estimación adecuada
Isabela,2010-2014,2,82.99199255121863,82.45816899581169,82.00594186581478,82.97909167386695,< e0 observado
Isabela,2015-2019,1,78.28631956544136,77.36736537259151,76.84494087625126,77.86702513585784,< e0 observado
Isabela,2015-2019,2,84.46499781522432,83.83892032312322,83.343213605611,84.32100069097888,< e0 observado
Isabela,2020-2024,1,78.44494383134611,77.50759162492,76.9627459409527,78.02399883513446,< e0 observado
Isabela,2020-2024,2,84.54430409037892,83.96366619686953,83.45766389990722,84.46076509349228,< e0 observado
Jayuya,1980-1984,1,71.54820346169252,71.42324884113523,70.59188263456952,72.2024340386032,Estimación adecuada
Jayuya,1980-1984,2,75.83217282493807,78.18141210841274,77.38288130285211,78.93720236745727,> e0 observado
Jayuya,1985-1989,1,71.8852739133792,71.35720689288624,70.57147251744425,72.18224941237872,Estimación adecuada
Jayuya,1985-1989,2,75.89535009908417,78.1170341881593,77.3986313970897,78.91720405368325,> e0 observado
Jayuya,1990-1994,1,71.61501384784762,71.79038377761954,70.96156332323315,72.56533178006012,Estimación adecuada
Jayuya,1990-1994,2,76.60405912768891,78.53465924318317,77.73630201455816,79.28712648900358,> e0 observado
Jayuya,1995-1999,1,72.762612067533,72.40216800829091,71.57386430561286,73.22137887768159,Estimación adecuada
Jayuya,1995-1999,2,78.02341987371616,79.10479897995549,78.30587258462023,79.90507074018944,> e0 observado
Jayuya,2000-2004,1,74.804694975474,74.5607556375535,73.7686690628025,75.41373324164067,Estimación adecuada
Jayuya,2000-2004,2,82.26030453801704,81.16334180228549,80.42267675943249,81.98142424991278,< e0 observado
Jayuya,2005-2009,1,76.29392429833622,75.68068579263617,74.77412483218696,76.39462035953301,Estimación adecuada
Jayuya,2005-2009,2,83.26574991380474,82.23332633035125,81.39114364908102,82.92529675761293,< e0 observado
Jayuya,2010-2014,1,77.86670993006521,76.89313852411541,76.15960785086742,77.68108576863044,< e0 observado
Jayuya,2010-2014,2,83.01935062086235,83.39565872695475,82.6767810814818,84.15645540457838,Estimación adecuada
Jayuya,2015-2019,1,79.09662441043547,78.30583663846114,77.53504902562855,79.100909910023,Estimación adecuada
Jayuya,2015-2019,2,86.09536520292538,84.7321915170248,84.00926798520302,85.48312188727064,< e0 observado
Jayuya,2020-2024,1,80.33778345942194,78.46442856403951,77.75785980055716,79.22991883689642,< e0 observado
Jayuya,2020-2024,2,86.05790395955583,84.89781028272071,84.20973853492593,85.63492326231528,< e0 observado
Juana Diaz,1980-1984,1,71.10192241498234,70.90377907760978,70.32217737141826,71.5300533638318,Estimación adecuada
Juana Diaz,1980-1984,2,76.03760260059695,77.68828956645018,77.13835512790074,78.29883538460433,> e0 observado
Juana Diaz,1985-1989,1,70.59066146569734,71.28770951442631,70.72985714236802,71.94791391407966,> e0 observado
Juana Diaz,1985-1989,2,77.72376003285237,78.05316017742973,77.51300514660632,78.6670707932133,Estimación adecuada
Juana Diaz,1990-1994,1,70.59462619152536,71.38364986199403,70.81826259784626,71.96447066843965,> e0 observado
Juana Diaz,1990-1994,2,77.80758248720088,78.14643676440012,77.59885931389249,78.70990000376872,Estimación adecuada
Juana Diaz,1995-1999,1,70.63826210363753,71.60547362542766,71.06856344118484,72.15954296645407,> e0 observado
Juana Diaz,1995-1999,2,78.23721855538598,78.35688797259138,77.84897850899031,78.87428301546922,Estimación adecuada
Juana Diaz,2000-2004,1,72.42010194033637,72.99578645119988,72.47127477428347,73.5355177620849,> e0 observado
Juana Diaz,2000-2004,2,80.07095731748443,79.66961201865566,79.15593318233874,80.18571631177835,Estimación adecuada
Juana Diaz,2005-2009,1,74.09224072675535,74.78925293945912,74.19955562613785,75.32517733548292,> e0 observado
Juana Diaz,2005-2009,2,81.70478408921697,81.37276485198757,80.82225040889797,81.89778642416877,Estimación adecuada
Juana Diaz,2010-2014,1,75.9826744595313,75.95661191127463,75.36610320103327,76.47325581068131,Estimación adecuada
Juana Diaz,2010-2014,2,82.91141974537287,82.50046378939814,81.95176503372619,82.97952809669104,Estimación adecuada
Juana Diaz,2015-2019,1,77.4756453319244,78.11018513009316,77.58146934097438,78.60663311225377,> e0 observado
Juana Diaz,2015-2019,2,86.60689455981232,84.54843455904322,84.0340034076983,85.01348567375538,< e0 observado
Juana Diaz,2020-2024,1,76.12481522857756,77.84275478257831,77.38532656704928,78.39199988168251,> e0 observado
Juana Diaz,2020-2024,2,86.09723573194701,84.29721163509615,83.88191224952146,84.82838423207114,< e0 observado
Juncos,1980-1984,1,70.4832974097173,70.9383777950874,70.21579659382249,71.70918661640596,Estimación adecuada
Juncos,1980-1984,2,77.17475536145652,77.71972807569699,77.03956605220398,78.43787680933734,Estimación adecuada
Juncos,1985-1989,1,69.32349287604664,70.89865634626395,70.20001706833469,71.61352441667043,> e0 observado
Juncos,1985-1989,2,77.84087141019062,77.67643527561576,77.0261438123183,78.35316249520058,Estimación adecuada
Juncos,1990-1994,1,69.26314387145591,71.15331056317763,70.50679970730627,71.82885756174775,> e0 observado
Juncos,1990-1994,2,78.64376251745605,77.92138479989026,77.3020212129403,78.55992244992757,< e0 observado
Juncos,1995-1999,1,70.43259716290989,72.07958885734742,71.44687494668511,72.63981334370499,> e0 observado
Juncos,1995-1999,2,78.88321244236762,78.8055754178547,78.1965025848744,79.33405262470868,Estimación adecuada
Juncos,2000-2004,1,73.50676785386435,73.60449073835775,73.01144175013728,74.21940653462272,Estimación adecuada
Juncos,2000-2004,2,80.82760129992721,80.25135309424641,79.68105075539536,80.84823339060544,Estimación adecuada
Juncos,2005-2009,1,72.5823719234395,73.84087566497767,73.23271248676491,74.4048706919761,> e0 observado
Juncos,2005-2009,2,80.29148928265256,80.47792295782946,79.91546046004603,81.01270700824901,Estimación adecuada
Juncos,2010-2014,1,74.05814861532626,75.27393956369488,74.68619706017506,75.82839673607239,> e0 observado
Juncos,2010-2014,2,82.42841718245143,81.84620320811484,81.28803562318845,82.36617194270184,< e0 observado
Juncos,2015-2019,1,76.99651467647962,77.14934857025472,76.5502928259348,77.71824766531157,Estimación adecuada
Juncos,2015-2019,2,83.23323259682593,83.62288344276726,83.05505230402389,84.18154133874555,Estimación adecuada
Juncos,2020-2024,1,76.96779959385644,76.89453016025533,76.37994525617314,77.46874090334364,Estimación adecuada
Juncos,2020-2024,2,85.00221618874696,83.39175682279833,82.88344950873922,83.93955343354965,< e0 observado
Lajas,1980-1984,1,72.46316902920564,71.83999015122717,71.17362703410339,72.57155423436674,Estimación adecuada
Lajas,1980-1984,2,77.35030656462364,78.58463202980269,77.93679466308119,79.27554707710001,> e0 observado
Lajas,1985-1989,1,73.36206024807198,72.29001502953784,71.57017357781126,72.99134736995208,< e0 observado
Lajas,1985-1989,2,77.65847465397064,79.00559672761126,78.32753612764085,79.67709951089694,> e0 observado
Lajas,1990-1994,1,72.37357825429245,72.31713795689033,71.6325355802359,73.02605212521361,Estimación adecuada
Lajas,1990-1994,2,79.66328406009775,79.0328422723268,78.3727744614873,79.69387697368768,Estimación adecuada
Lajas,1995-1999,1,72.56496891931091,72.58188365916445,71.88019072996224,73.17594710543975,Estimación adecuada
Lajas,1995-1999,2,79.70456393493818,79.28037601367024,78.59303396423178,79.8708010001513,Estimación adecuada
Lajas,2000-2004,1,74.14208023792457,74.20748053173739,73.5382955466708,74.84475671308722,Estimación adecuada
Lajas,2000-2004,2,81.18752068509266,80.82756268438963,80.20222962089966,81.43428558280229,Estimación adecuada
Lajas,2005-2009,1,76.68683187769454,74.96451743749287,74.31160781657653,75.59366370668727,< e0 observado
Lajas,2005-2009,2,81.73140373208773,81.55121762883172,80.91845488538695,82.13998555025015,Estimación adecuada
Lajas,2010-2014,1,76.92095663234578,76.02112822650119,75.40558207415263,76.62734213118078,< e0 observado
Lajas,2010-2014,2,83.39940774512145,82.55291589751272,81.97733133048084,83.11834123293265,< e0 observado
Lajas,2015-2019,1,79.16417400599892,77.4796044045479,76.86561515522118,78.1191545916808,< e0 observado
Lajas,2015-2019,2,84.33383648976294,83.94854233249805,83.38129104140441,84.54994220818048,Estimación adecuada
Lajas,2020-2024,1,78.13171144418278,77.9827361811621,77.42228464188537,78.55917073520095,Estimación adecuada
Lajas,2020-2024,2,85.69664696158718,84.42527325756986,83.9075417388658,84.98288764298303,< e0 observado
Lares,1980-1984,1,70.93967460008611,71.94907570736933,71.28958218406285,72.63409665780266,> e0 observado
Lares,1980-1984,2,80.07304720190547,78.68196339435448,78.06965876582811,79.34390280519702,< e0 observado
Lares,1985-1989,1,72.07284835603735,72.58454704329085,71.92321351320754,73.18946842055482,Estimación adecuada
Lares,1985-1989,2,80.12906339800288,79.27917058600757,78.66071634418643,79.84430777057307,< e0 observado
Lares,1990-1994,1,71.99408741634562,72.66622584109103,72.04406361465078,73.22822480034259,> e0 observado
Lares,1990-1994,2,78.72924701770712,79.359038167135,78.77630872229639,79.89135303588638,> e0 observado
Lares,1995-1999,1,74.58529726703922,73.72085373258871,73.1083535642694,74.31291864531565,< e0 observado
Lares,1995-1999,2,81.29595428708723,80.36125921105528,79.77271490210425,80.92746025140556,< e0 observado
Lares,2000-2004,1,75.1110712856121,74.64679162010768,74.03700828041997,75.22758479811407,Estimación adecuada
Lares,2000-2004,2,81.70641489338435,81.25134399786934,80.67883755294895,81.81259779493807,Estimación adecuada
Lares,2005-2009,1,76.5462882162104,75.73771781292497,75.02357349819479,76.31081320666954,< e0 observado
Lares,2005-2009,2,82.28400989612267,82.28016506404305,81.6031256192006,82.8146669996079,Estimación adecuada
Lares,2010-2014,1,79.39080265192932,77.17260903265785,76.51720007603663,77.73376253467208,< e0 observado
Lares,2010-2014,2,82.72140750112155,83.64812737970749,83.03122660701601,84.19396333094384,> e0 observado
Lares,2015-2019,1,78.13032401868809,78.2657079999455,77.66733006128285,78.81058778210368,Estimación adecuada
Lares,2015-2019,2,84.424471152182,84.70253007009157,84.14083384078137,85.22253039433456,Estimación adecuada
Lares,2020-2024,1,77.84495769277572,78.79481899761899,78.257750690949507,79.4061723789126,> e0 observado
Lares,2020-2024,2,84.10188803972103,85.20935559628182,84.70012183265482,85.78374580973836,> e0 observado
Las Marias,1980-1984,1,73.81563474744125,73.74115928788308,72.73355869364985,74.66757431846419,Estimación adecuada
Las Marias,1980-1984,2,83.88520673112671,80.39266237535128,79.430410497151,81.2439706240101,< e0 observado
Las Marias,1985-1989,1,73.62469730038673,73.40628413613709,72.53101827639975,74.3408080044136,Estimación adecuada
Las Marias,1985-1989,2,78.14820547870697,80.06347670151075,79.22721010404885,80.94887577226837,> e0 observado
Las Marias,1990-1994,1,74.00881730690156,74.08273986156794,73.13808070650022,75.12913812505603,Estimación adecuada
Las Marias,1990-1994,2,80.22328205184606,80.71240663738627,79.80663264215607,81.71074143407597,Estimación adecuada
Las Marias,1995-1999,1,75.13206537448636,74.15939919337004,73.27453218362737,74.97380875891706,< e0 observado
Las Marias,1995-1999,2,81.22000339132549,80.79058623007215,79.941403602499,81.5586756678703,Estimación adecuada
Las Marias,2000-2004,1,77.0746887546824,75.61985702402544,74.72221044422822,76.4100520848707,< e0 observado
Las Marias,2000-2004,2,81.22993587246654,82.17374242089224,81.31660824146435,82.926788409385,> e0 observado
Las Marias,2005-2009,1,78.94241289794024,76.53477186225427,75.6869644404627,77.36480055383271,< e0 observado
Las Marias,2005-2009,2,82.45741722564794,83.04408016949891,82.23933932140636,83.84396795992384,Estimación adecuada
Las Marias,2010-2014,1,78.9874533300309,77.93955004926542,77.08884322969979,78.87639394913336,< e0 observado
Las Marias,2010-2014,2,85.68826589307866,84.37699930145908,83.56876740988625,85.29923083916617,< e0 observado
Las Marias,2015-2019,1,78.44180353450636,79.1066944184571,78.23786100448159,79.91945970158591,Estimación adecuada
Las Marias,2015-2019,2,86.2119644760504,85.51130278421287,84.68883888376095,86.28024116212558,Estimación adecuada
Las Marias,2020-2024,1,78.65869602395698,79.47988925418944,78.68170400039165,80.21876624580828,> e0 observado
Las Marias,2020-2024,2,88.4892406052294,85.86696127185563,85.1037490408836,86.56977160442065,< e0 observado
Las Piedras,1980-1984,1,72.4628953772312,72.37062027340839,71.61313908800685,73.10639220933277,Estimación adecuada
Las Piedras,1980-1984,2,77.65886672068534,79.07358796404354,78.33799134718771,79.78041836782386,> e0 observado
Las Piedras,1985-1989,1,72.6175420547073,72.60599930325826,71.93811229501844,73.31327412304702,Estimación adecuada
Las Piedras,1985-1989,2,79.00116087428613,79.30810887848864,78.66200372963087,79.95959688789819,Estimación adecuada
Las Piedras,1990-1994,1,71.55978947014577,72.74613784879386,72.09320067612018,73.44500862120964,> e0 observado
Las Piedras,1990-1994,2,78.8936505301308,79.4358156555003,78.822694843829,80.11341121970358,Estimación adecuada
Las Piedras,1995-1999,1,73.7555375015721,73.65390648960599,72.99122642889624,74.27796019177778,Estimación adecuada
Las Piedras,1995-1999,2,79.79933667371475,80.29508604970891,79.65335618457746,80.89819990273044,Estimación adecuada
Las Piedras,2000-2004,1,74.83778165388009,74.75684279935092,74.07486205709385,75.37335436580807,Estimación adecuada
Las Piedras,2000-2004,2,80.54014043533199,81.34283076281316,80.7057746949147,81.93136972844727,> e0 observado
Las Piedras,2005-2009,1,76.55584156350447,76.00316961012979,75.42735186171919,76.62661053975162,Estimación adecuada
Las Piedras,2005-2009,2,82.30870059101942,82.5359283163414,81.99534444547754,83.12344874109164,Estimación adecuada
Las Piedras,2010-2014,1,75.93351372986655,76.27761033159206,75.61780982682941,76.8686149458201,Estimación adecuada
Las Piedras,2010-2014,2,82.5650052808105,82.79638401492659,82.16054237762988,83.36125874653086,Estimación adecuada
Las Piedras,2015-2019,1,78.58935894309695,78.00158064694666,77.44015000949489,78.59501426814512,Estimación adecuada
Las Piedras,2015-2019,2,85.3607640329745,84.44634635949149,83.89876862860442,85.00549320855325,< e0 observado
Las Piedras,2020-2024,1,77.65607135099413,78.17687517812254,77.60832597869657,78.66594586832349,Estimación adecuada
Las Piedras,2020-2024,2,85.02534012586074,84.61601217204989,84.08132336734023,85.08405010714444,Estimación adecuada
Loiza,1980-1984,1,71.29708119790713,71.76432936019086,71.03047469205882,72.51369034870199,Estimación adecuada
Loiza,1980-1984,2,77.96280313581073,78.51230686630117,77.79917170639592,79.2197401031163,Estimación adecuada
Loiza,1985-1989,1,71.11235934077855,72.13291879253603,71.44210297003124,72.94744027908692,> e0 observado
Loiza,1985-1989,2,79.76441464134875,78.85215952512931,78.20553213172539,79.618778747365,< e0 observado
Loiza,1990-1994,1,68.65505357436209,71.37883886889662,70.75561652119787,72.14284065455486,> e0 observado
Loiza,1990-1994,2,77.83527198679872,78.13177458519976,77.51581768565653,78.85900270474903,Estimación adecuada
Loiza,1995-1999,1,67.54575668322258,71.80169030693042,71.07060853836202,72.45436684717566,> e0 observado
Loiza,1995-1999,2,80.44991909621369,78.53835105214833,77.85574452251824,79.16606145523552,< e0 observado
Loiza,2000-2004,1,69.21795433977262,73.71391177363633,73.02372666720532,74.45161005770264,> e0 observado
Loiza,2000-2004,2,83.71722475677984,80.35976837460949,79.69910359109647,81.04966734026203,< e0 observado
Loiza,2005-2009,1,69.49244819404063,74.17278240900282,73.49135120591518,74.85808663340262,> e0 observado
Loiza,2005-2009,2,81.62588342717608,80.79618931472595,80.13995962600629,81.4551268453857,< e0 observado
Loiza,2010-2014,1,72.71620374599513,75.90261067554079,75.30184786086306,76.65470301572681,> e0 observado
Loiza,2010-2014,2,83.22740715687155,82.44507025069791,81.86824589141804,83.13790163866202,< e0 observado
Loiza,2015-2019,1,76.42256809809959,77.84709049725626,77.23467507301959,78.51896201395228,> e0 observado
Loiza,2015-2019,2,84.58243093379357,84.30245589729245,83.70085691545385,84.92914326816262,Estimación adecuada
Loiza,2020-2024,1,74.30071613355503,77.81751259967861,77.18656675697528,78.5039923267258,> e0 observado
Loiza,2020-2024,2,85.89228425330265,84.2744074720234,83.69231459850693,84.94221496621353,< e0 observado
Luquillo,1980-1984,1,71.32237106066451,71.53570956180457,70.71920328779524,72.37279310252835,Estimación adecuada
Luquillo,1980-1984,2,96.21054523115929,78.29681881041236,77.50081308875471,79.08003762859846,< e0 observado
Luquillo,1985-1989,1,70.58391307233262,70.99275553775212,70.20892207884475,71.69406084353497,Estimación adecuada
Luquillo,1985-1989,2,75.85277823303889,77.77202037452264,77.02479856845405,78.44414436072552,> e0 observado
Luquillo,1990-1994,1,69.78687362564872,71.1704668042885,70.44822441791916,71.83395863135391,> e0 observado
Luquillo,1990-1994,2,78.65540822491414,77.94338005588145,77.24970652681846,78.5944701148313,< e0 observado
Luquillo,1995-1999,1,68.84529148191722,71.04771608095089,70.33657986918749,71.73203045840158,> e0 observado
Luquillo,1995-1999,2,77.57073371934368,77.8096725374813,77.14140948393211,78.46919243796073,Estimación adecuada
Luquillo,2000-2004,1,71.56692809461028,73.16818217387532,72.46813502165972,73.84099925708281,> e0 observado
Luquillo,2000-2004,2,80.93857359304148,79.84059226638215,79.17640333409416,80.48748001496888,< e0 observado
Luquillo,2005-2009,1,73.66197666420697,74.16893195351659,73.50689093289398,74.86440408163054,Estimación adecuada
Luquillo,2005-2009,2,80.16453384109049,80.782518271084,80.16049462528348,81.48610636501304,Estimación adecuada
Luquillo,2010-2014,1,74.125398030716255,75.62157800948,74.89437665821808,76.40615580155436,> e0 observado
Luquillo,2010-2014,2,83.56937802942338,82.16985940745374,81.46549226065778,82.91340647081613,< e0 observado
Luquillo,2015-2019,1,78.24158315716944,77.5264776503366,76.87570797180695,78.16535027345847,< e0 observado
Luquillo,2015-2019,2,86.16375324393145,83.97417510737998,83.35233621126659,84.59820956340155,< e0 observado
Luquillo,2020-2024,1,76.82778593702754,77.2676600192566,76.54096024831496,77.92214042065467,Estimación adecuada
Luquillo,2020-2024,2,84.96686508096819,83.74382389588304,83.03679345650784,84.3653571320705,< e0 observado
Manati,1980-1984,1,69.99769254598455,70.53964174707626,69.88848291778118,71.14249189290072,Estimación adecuada
Manati,1980-1984,2,76.91897319341015,77.33678164877098,76.71011437163067,77.90160945400666,Estimación adecuada
Manati,1985-1989,1,69.40848405753856,70.70951502883858,70.16828787273704,71.32397498585325,> e0 observado
Manati,1985-1989,2,78.1365208528677,77.50075340683568,76.975358721199,78.08212353508996,< e0 observado
Manati,1990-1994,1,69.23507276864738,71.07072720050161,70.55472114439735,71.63574332854728,> e0 observado
Manati,1990-1994,2,78.13694859634435,77.83751832812021,77.34623425034009,78.38691785967251,Estimación adecuada
Manati,1995-1999,1,70.56621278613628,71.46162340941231,70.93552914481825,71.99924634550842,> e0 observado
Manati,1995-1999,2,78.18010801536123,78.20875373374284,77.71111645766408,78.73472551058794,Estimación adecuada
Manati,2000-2004,1,73.5059956746808,73.38671399549828,72.91307727092783,73.96307362482395,Estimación adecuada
Manati,2000-2004,2,79.921946292628,80.04382341264068,79.57989312538706,80.58672082216452,Estimación adecuada
Manati,2005-2009,1,74.42317304268016,74.47704320070676,73.93948089597407,75.00315383930433,Estimación adecuada
Manati,2005-2009,2,81.69558612867581,81.08236205334609,80.57278849692727,81.59544781716441,< e0 observado
Manati,2010-2014,1,75.79949582054559,75.47002713643047,74.92712758526635,75.9881296270913,Estimación adecuada
Manati,2010-2014,2,82.46392723255103,82.03370943141509,81.49733720239949,82.5322605500664,Estimación adecuada
Manati,2015-2019,1,76.50082129222024,77.74464562974515,77.2060228063799,78.28097024569286,> e0 observado
Manati,2015-2019,2,84.47543845885097,84.2052050786912,83.68006571022184,84.69771556738871,Estimación adecuada
Manati,2020-2024,1,76.6410779362147,77.21134023219142,76.73330642896467,77.71210942675901,> e0 observado
Manati,2020-2024,2,84.79279277649533,83.69050848336067,83.24589642494162,84.15750847764062,< e0 observado
Maricao,1980-1984,1,68.60202825310121,72.32251456442683,71.27915853056851,73.40566059638894,> e0 observado
Maricao,1980-1984,2,78.09479107390814,79.0255151896539,78.0525135247658,80.05523005607893,Estimación adecuada
Maricao,1985-1989,1,74.96773339223955,73.17447159334932,72.11853993805232,74.17320235408486,< e0 observado
Maricao,1985-1989,2,78.61629942834107,79.85111646267312,78.82500278612247,80.80492546644885,> e0 observado
Maricao,1990-1994,1,71.6682444194189,73.07132413924245,72.060075136593,74.24920095195313,> e0 observado
Maricao,1990-1994,2,78.7855059436943,79.74669808404397,78.78771955214026,80.87899483376562,> e0 observado
Maricao,1995-1999,1,71.33878340346546,73.40095761620313,72.37982593626012,74.48161010298855,> e0 observado
Maricao,1995-1999,2,78.99834861586001,80.05779050832197,79.0761233826762,81.07955996107162,> e0 observado
Maricao,2000-2004,1,77.71513177879464,75.12298114014398,74.15122050197968,76.16074908362293,< e0 observado
Maricao,2000-2004,2,80.22542908124815,81.70692380974128,80.77641275727784,82.70745684730355,> e0 observado
Maricao,2005-2009,1,77.40367339569201,76.42563229028568,75.49909494512494,77.38842164165763,< e0 observado
Maricao,2005-2009,2,82.65920888615886,82.93989989223861,82.06305392662463,83.85393345960821,Estimación adecuada
Maricao,2010-2014,1,78.78632855189304,77.45380088174419,76.53407849219414,78.38985336954207,< e0 observado
Maricao,2010-2014,2,86.34203171038145,83.9210284409294,83.02491513474969,84.8240114780885,< e0 observado
Maricao,2015-2019,1,75.94252949549474,78.83474556950314,77.94373239192012,79.8297718458094,> e0 observado
Maricao,2015-2019,2,88.98166952275554,85.24562361505895,84.38700045119955,86.19742489622905,< e0 observado
Maricao,2020-2024,1,78.97029384636113,78.71480556182085,77.7944533882537,79.70156882221713,Estimación adecuada
Maricao,2020-2024,2,84.52027651105944,84.83463949455194,83.99426204911472,85.77683520700543,Estimación adecuada
Maunabo,1980-1984,1,71.14680086853208,71.91251523553612,71.11344920738969,72.75584469837901,Estimación adecuada
Maunabo,1980-1984,2,78.1067644645637,78.65543320443379,77.884526189743,79.45350056427702,Estimación adecuada
Maunabo,1985-1989,1,73.14754634531097,72.49347361967426,71.6829266230098,73.35373632005249,Estimación adecuada
Maunabo,1985-1989,2,80.26716511735238,79.20123145217568,78.43173011518871,79.98238184531662,< e0 observado
Maunabo,1990-1994,1,72.41659695481869,72.87649517507813,71.97588603352023,73.74653327694644,Estimación adecuada
Maunabo,1990-1994,2,80.63599878230829,79.55936303242771,78.72442968040792,80.40310746866206,< e0 observado
Maunabo,1995-1999,1,71.29560582062038,72.75679991441694,71.99361098642987,73.54089551382185,> e0 observado
Maunabo,1995-1999,2,79.21035551708708,79.44750483167849,78.70919273552317,80.20498423654612,Estimación adecuada
Maunabo,2000-2004,1,73.80432839475543,74.45922368315786,73.634915797338,75.27235800897273,Estimación adecuada
Maunabo,2000-2004,2,81.50289326156216,81.06100498765592,80.28846177678234,81.8414278488317,Estimación adecuada
Maunabo,2005-2009,1,74.64232752557565,75.39125678934988,74.57090596635925,76.26247387461487,Estimación adecuada
Maunabo,2005-2009,2,82.94220641756984,81.96235732954595,81.17986947637665,82.78998741846806,< e0 observado
Maunabo,2010-2014,1,74.8339607817344,76.09547245013985,75.30400407039829,76.91126454871802,> e0 observado
Maunabo,2010-2014,2,84.96652627183896,82.62474994786498,81.87524407492621,83.41036715380815,< e0 observado
Maunabo,2015-2019,1,78.86941488241771,77.8263303541218,77.08350507687211,78.54705098408638,< e0 observado
Maunabo,2015-2019,2,85.85027789954904,84.27847917365298,83.55789268820136,84.98458828802913,< e0 observado
Maunabo,2020-2024,1,73.9175174535675,77.19116312475487,76.55703909032134,77.97213832722596,> e0 observado
Maunabo,2020-2024,2,82.49945155414667,83.67009242907545,83.04930722924084,84.42841122472134,> e0 observado
Mayaguez,1980-1984,1,70.16347210674796,70.80570552086309,70.37621256020635,71.22091980327926,> e0 observado
Mayaguez,1980-1984,2,77.60512196844877,77.59142634037175,77.17166848545557,77.97846715274227,Estimación adecuada
Mayaguez,1985-1989,1,70.43422694514761,71.2599931368481,70.85582109763642,71.66324105534983,> e0 observado
Mayaguez,1985-1989,2,77.94340408933364,78.02354014158274,77.62542839836883,78.42189830456824,Estimación adecuada
Mayaguez,1990-1994,1,70.24642591292358,71.5092737864002,71.11324692513864,71.93988328812925,> e0 observado
Mayaguez,1990-1994,2,78.67215935241931,78.26025095382388,77.89118780015815,78.66216409484191,< e0 observado
Mayaguez,1995-1999,1,70.79228679899191,71.95846742460276,71.57740713945232,72.35532688577251,> e0 observado
Mayaguez,1995-1999,2,79.57023177554109,78.67980689616826,78.3115550449514,79.06852352360562,< e0 observado
Mayaguez,2000-2004,1,73.63502357565517,73.7856833562626,73.37616577294409,74.14726288018551,Estimación adecuada
Mayaguez,2000-2004,2,81.32752458798765,80.43005376036481,80.01888877344712,80.77163817925722,< e0 observado
Mayaguez,2005-2009,1,73.96494214443702,74.1785280967124,73.78687892108927,74.55793186616324,Estimación adecuada
Mayaguez,2005-2009,2,81.49974889865346,80.80113891635774,80.42501851309746,81.1624437855879,< e0 observado
Mayaguez,2010-2014,1,74.96249416874119,75.19561577117416,74.80824102380913,75.57476697987127,Estimación adecuada
Mayaguez,2010-2014,2,82.81805760395481,81.76340791673329,81.40642327200747,82.1179103494919,< e0 observado
Mayaguez,2015-2019,1,77.18178911462695,77.6472239038126,77.23509129651009,78.03651875158727,> e0 observado
Mayaguez,2015-2019,2,85.03789447163464,84.11034334355546,83.70958075552342,84.48481447512137,< e0 observado
Mayaguez,2020-2024,1,76.09571809909919,77.31403176609727,76.96056013596879,77.66250671068886,> e0 observado
Mayaguez,2020-2024,2,84.85251261520094,83.7882816724299,83.45154805060238,84.11669898886177,< e0 observado
Moca,1980-1984,1,71.47861356859958,72.31319401494176,71.58223867784267,73.03335569108097,> e0 observado
Moca,1980-1984,2,77.57729967024724,79.03647004205487,78.30612027578636,79.725834201307,> e0 observado
Moca,1985-1989,1,74.13223338906987,73.15727089523756,72.42235088849856,73.81391809686772,< e0 observado
Moca,1985-1989,2,78.76717836323876,79.83202004501611,79.1285267382305,80.44825524798708,> e0 observado
Moca,1990-1994,1,74.38613122856178,73.6009963982016,72.9370351384938,74.24917238785666,< e0 observado
Moca,1990-1994,2,79.33086248782432,80.24922892058038,79.63295592190778,80.84681531013354,> e0 observado
Moca,1995-1999,1,73.93016893221346,73.69974746256422,73.13134332931762,74.29028515804896,Estimación adecuada
Moca,1995-1999,2,79.92298518560595,80.34295266048636,79.82715926361557,80.92144753433357,Estimación adecuada
Moca,2000-2004,1,76.88913106198095,75.14049143673205,74.44972538176549,75.81645312436115,< e0 observado
Moca,2000-2004,2,81.20152141336699,81.7243357814759,81.04930764977078,82.3610707359752,Estimación adecuada
Moca,2005-2009,1,78.23027972920578,76.50510027339583,75.94843476302958,77.12509458934655,< e0 observado
Moca,2005-2009,2,81.64729368972594,83.01774489861407,82.4640683710427,83.62781561248971,> e0 observado
Moca,2010-2014,1,78.39894219071823,77.37353278877164,76.78244592573148,77.95382737188854,< e0 observado
Moca,2010-2014,2,82.3431083414248,83.8506926151981,83.28023877605906,84.39985885257659,> e0 observado
Moca,2015-2019,1,78.86942315370179,78.52357510794698,77.91863309483468,79.09253959121254,Estimación adecuada
Moca,2015-2019,2,85.12050775808935,84.95388456039267,84.39740033050985,85.49298817276663,Estimación adecuada
Moca,2020-2024,1,79.5196148813842,79.00464035845614,78.4517369511379,79.55416165857343,Estimación adecuada
Moca,2020-2024,2,84.83463123511952,85.40544993638846,84.87521736817726,85.93836407340737,> e0 observado
Morovis,1980-1984,1,72.75449760171898,72.78420952668606,71.98969296441906,73.572335278109,Estimación adecuada
Morovis,1980-1984,2,79.58978615306602,79.47316502620245,78.71917676212658,80.2445342114103,Estimación adecuada
Morovis,1985-1989,1,73.00155031190296,72.985496340806293,72.26208115199461,73.737610878476,Estimación adecuada
Morovis,1985-1989,2,79.18909920848033,79.65759061092564,78.96716864744775,80.37965082782385,Estimación adecuada
Morovis,1990-1994,1,74.7129408866261,73.34735433094059,72.58598379710735,74.03893800020657,< e0 observado
Morovis,1990-1994,2,79.13950712220092,80.00822770481552,79.28084102508902,80.6757140450521,> e0 observado
Morovis,1995-1999,1,72.82153464768288,73.26309918653672,72.57370164716932,73.89561741127628,Estimación adecuada
Morovis,1995-1999,2,80.70735984476201,79.93246292068994,79.25964443793958,80.52629482972911,< e0 observado
Morovis,2000-2004,1,74.10293235770516,74.84724053930381,74.2054263779263,75.5688075384137,> e0 observado
Morovis,2000-2004,2,82.09073872809745,81.43488776580361,80.82444333758295,82.13273000471044,Estimación adecuada
Morovis,2005-2009,1,76.91529332323657,76.05060272122645,75.33341183606291,76.6972857104561,< e0 observado
Morovis,2005-2009,2,83.05104709140619,82.58068360498491,81.88471329407156,83.19323507979854,Estimación adecuada
Morovis,2010-2014,1,77.08123150152963,77.03438134901927,76.33969276844803,77.68796933453329,Estimación adecuada
Morovis,2010-2014,2,83.34182688922566,83.52213703337685,82.85139824704038,84.15248470081201,Estimación adecuada
Morovis,2015-2019,1,78.96515859481998,78.567568523078,77.86637219992642,79.2124180719679,Estimación adecuada
Morovis,2015-2019,2,87.15880943526801,84.98744332194158,84.33779732855754,85.61878952240474,< e0 observado
Morovis,2020-2024,1,78.2458123408178,78.92025136759545,78.2830704457404,79.56077677214805,> e0 observado
Morovis,2020-2024,2,84.91369846953171,85.32733680348419,84.71750895708897,85.9493166122733,Estimación adecuada
Naguabo,1980-1984,1,71.84412346105836,71.17796542840114,70.4616887538761,71.90728623992828,Estimación adecuada
Naguabo,1980-1984,2,76.70981740677908,77.94849210997506,77.25894839028595,78.64895961183404,> e0 observado
Naguabo,1985-1989,1,70.3877807756849,71.22569731906177,70.51636257866735,71.93614211805746,> e0 observado
Naguabo,1985-1989,2,77.29975247108982,77.99464077465409,77.31191227403427,78.67587984350413,> e0 observado
Naguabo,1990-1994,1,69.935755323165,71.29552047880317,70.63048866753053,71.97175052508894,> e0 observado
Naguabo,1990-1994,2,77.27690861530172,78.06665238838417,77.41054135646394,78.69793806629272,> e0 observado
Naguabo,1995-1999,1,69.72322516574484,71.27039370086436,70.63854429299712,71.95646692026105,> e0 observado
Naguabo,1995-1999,2,76.82881627212045,78.03464068395994,77.42741860018515,78.69785671555837,> e0 observado
Naguabo,2000-2004,1,72.06654411146116,73.01598320298118,72.32615754460515,73.72007349208866,> e0 observado
Naguabo,2000-2004,2,79.7628328934226,79.69397971542789,79.04308239943,80.3481446236558,Estimación adecuada
Naguabo,2005-2009,1,73.77862572143668,73.69501813563504,73.01607054657674,74.37003574055414,Estimación adecuada
Naguabo,2005-2009,2,80.62404690696854,80.34052372130769,79.69433203030002,80.97623387747657,Estimación adecuada
Naguabo,2010-2014,1,75.11164062971052,75.22643414025231,74.59786160511375,75.91991614175453,Estimación adecuada
Naguabo,2010-2014,2,82.93958682980916,81.79840161104026,81.20537316328392,82.4619047823951,< e0 observado
Naguabo,2015-2019,1,76.26882750450046,76.5906272289113,75.96011302321442,77.20659464215494,Estimación adecuada
Naguabo,2015-2019,2,84.83022686610576,83.09097637825171,82.50229638796566,83.68018718827312,< e0 observado
Naguabo,2020-2024,1,77.23171232523964,76.75823800692174,76.10999647227973,77.40671091494764,Estimación adecuada
Naguabo,2020-2024,2,83.84568426869097,83.24949104403217,82.63552574927644,83.88537791161596,Estimación adecuada
Naranjito,1980-1984,1,74.98820136337291,73.94873102599986,73.21759076674994,74.64038986548333,< e0 observado
Naranjito,1980-1984,2,82.09597951709326,80.57451440638216,79.88341130374033,81.24155234794407,< e0 observado
Naranjito,1985-1989,1,74.14321504502335,73.73795997109971,72.97136514283221,74.47956488482538,Estimación adecuada
Naranjito,1985-1989,2,81.17666750110004,80.37782510033637,79.64170658223149,81.06992171434518,< e0 observado
Naranjito,1990-1994,1,72.65469281143538,73.55682074368626,72.87685368994806,74.29925702623048,> e0 observado
Naranjito,1990-1994,2,80.53672985190586,80.19692998339767,79.55895123002269,80.92780461858575,Estimación adecuada
Naranjito,1995-1999,1,71.78384170584214,73.33995963791966,72.67213525048865,74.07912115130829,> e0 observado
Naranjito,1995-1999,2,81.60503745588989,80.00103858267694,79.36983275359285,80.71514164053818,< e0 observado
Naranjito,2000-2004,1,75.02066724722975,75.1103971191346,74.49267163457345,75.86087441844165,Estimación adecuada
Naranjito,2000-2004,2,82.02786957174214,81.67723473308416,81.0868299864332,82.41964221263551,Estimación adecuada
Naranjito,2005-2009,1,75.97305227428454,75.84766359817408,75.22116987486777,76.51512898376112,Estimación adecuada
Naranjito,2005-2009,2,81.50399850212823,82.38433596999874,81.78218419222071,83.02202780994753,> e0 observado
Naranjito,2010-2014,1,78.20596950921357,77.50479915620028,76.92039600282612,78.13355843604565,< e0 observado
Naranjito,2010-2014,2,82.65441935713193,83.97777305945695,83.43529382357721,84.59026953744406,> e0 observado
Naranjito,2015-2019,1,79.79942567224485,79.13297893972323,78.55036194643426,79.74296312258066,< e0 observado
Naranjito,2015-2019,2,86.72388771081324,85.52971124286745,84.97256363871597,86.10806696554016,< e0 observado
Naranjito,2020-2024,1,76.58250173203984,78.76237702384529,78.21404915041592,79.36343793946746,> e0 observado
Naranjito,2020-2024,2,85.5864530860636,85.18055911124088,84.62908232613955,85.77075909953544,Estimación adecuada
Orocovis,1980-1984,1,73.68697408485414,72.9147956527836,72.13908657138748,73.77618028313478,Estimación adecuada
Orocovis,1980-1984,2,79.52890987399995,79.59782013553699,78.87378991647773,80.40226870614433,Estimación adecuada
Orocovis,1985-1989,1,72.86313442913975,73.39162235882004,72.61134876156743,74.20541617243899,Estimación adecuada
Orocovis,1985-1989,2,83.00284611084997,80.05777754187275,79.27964027075663,80.80726965558728,< e0 observado
Orocovis,1990-1994,1,70.6546043654978,72.72843179765921,72.00380005153036,73.42438322215733,> e0 observado
Orocovis,1990-1994,2,80.6362204849656,79.4273688145341,78.735084353021,80.08187308342693,< e0 observado
Orocovis,1995-1999,1,73.67698769121861,73.47950157464237,72.8021691113647,74.17919046537119,Estimación adecuada
Orocovis,1995-1999,2,79.89715435282756,80.13632374581687,79.5040423689116,80.80452300344751,Estimación adecuada
Orocovis,2000-2004,1,74.30531059061678,75.15254516180063,74.47963224878501,75.7827389439119,> e0 observado
Orocovis,2000-2004,2,82.7682053865501,81.72523021530088,81.07641138706569,82.32673424061582,< e0 observado
Orocovis,2005-2009,1,75.65599075985115,75.50826947734926,74.83382983434169,76.13081055112167,Estimación adecuada
Orocovis,2005-2009,2,81.23465089468093,82.06121740704634,81.41185548762579,82.65041926695937,> e0 observado
Orocovis,2010-2014,1,78.72609688729915,77.18182081694849,76.52506012633371,77.90986898784388,< e0 observado
Orocovis,2010-2014,2,83.46032948812693,83.66883416691687,83.03934959758024,84.36680529041178,Estimación adecuada
Orocovis,2015-2019,1,78.31348130255999,78.18864187578492,77.51193939816949,78.92542266357597,Estimación adecuada
Orocovis,2015-2019,2,84.96910673692187,84.62756799711194,83.96700667014801,85.3236319383017,Estimación adecuada
Orocovis,2020-2024,1,77.80883766643083,78.70624801387564,78.08241247440844,79.38637024302332,> e0 observado
Orocovis,2020-2024,2,84.81893104480201,85.12160226988428,84.53083311033294,85.77019020993578,Estimación adecuada
Patillas,1980-1984,1,71.2919207839744,71.37864346215821,70.58818119546298,72.11623718973144,Estimación adecuada
Patillas,1980-1984,2,77.55331848134108,78.13106288023097,77.37254877798787,78.8529848825382,Estimación adecuada
Patillas,1985-1989,1,71.37552114824256,71.73642484327239,70.9130045432159,72.43870944308424,Estimación adecuada
Patillas,1985-1989,2,79.24042850774778,78.47881450657957,77.69412461501928,79.13853701512292,< e0 observado
Patillas,1990-1994,1,72.50760666915836,72.23762840612157,71.56405597685503,72.89821630916293,Estimación adecuada
Patillas,1990-1994,2,78.396020908419,78.96890934672925,78.32575086509439,79.59568045048086,Estimación adecuada
Patillas,1995-1999,1,71.16809015939647,72.2370231669679,71.49801706125444,72.90440700255712,> e0 observado
Patillas,1995-1999,2,78.52476688729733,78.96118370196382,78.24621004438194,79.58867252663404,Estimación adecuada
Patillas,2000-2004,1,73.84030571885792,73.63939414499313,72.95947234852588,74.43549702295525,Estimación adecuada
Patillas,2000-2004,2,80.28524555250978,80.28755911124574,79.64681830565259,81.06380406693698,Estimación adecuada
Patillas,2005-2009,1,74.71797456893655,74.8963186765504,74.22471207616285,75.56120825464461,Estimación adecuada
Patillas,2005-2009,2,82.37229150118687,81.48909032103505,80.83115027775919,82.12676776494325,< e0 observado
Patillas,2010-2014,1,75.64302541877272,76.04424880993285,75.35785872875746,76.72748331988373,Estimación adecuada
Patillas,2010-2014,2,82.97344642216791,82.57734362495401,81.93561761068307,83.23333529967617,Estimación adecuada
Patillas,2015-2019,1,77.44243369136635,77.56766710373702,76.90713743076711,78.24925899419665,Estimación adecuada
Patillas,2015-2019,2,85.62464985032581,84.0342249976008,83.40202670947409,84.68124758471424,< e0 observado
Patillas,2020-2024,1,75.4428131511174,77.90028668646681,77.29110425858265,78.59504014854222,> e0 observado
Patillas,2020-2024,2,83.73266646624228,84.35238728241112,83.77583411985768,85.01673636442489,> e0 observado
Penuelas,1980-1984,1,72.35786944424055,71.69167598291634,70.93859941968239,72.56123413873829,Estimación adecuada
Penuelas,1980-1984,2,77.42169553222374,78.43035816263401,77.70732349340336,79.26865808730847,> e0 observado
Penuelas,1985-1989,1,72.76539154925341,71.76515287339222,70.96643107133033,72.47625459231483,< e0 observado
Penuelas,1985-1989,2,78.26925344407194,78.50287148897456,77.72911716570277,79.18640240581365,Estimación adecuada
Penuelas,1990-1994,1,71.6518283419231,71.52482510579438,70.8291052357007,72.18167780350066,Estimación adecuada
Penuelas,1990-1994,2,78.09730287289996,78.28260870317094,77.61486188254469,78.91135940183088,Estimación adecuada
Penuelas,1995-1999,1,72.51086800891099,72.37370108256405,71.68966299010864,73.0956363382835,Estimación adecuada
Penuelas,1995-1999,2,77.85186468595465,79.07943286472707,78.43454475830498,79.764527235705,> e0 observado
Penuelas,2000-2004,1,73.06979986248778,73.39139700141993,72.65024419910671,74.08040317645509,Estimación adecuada
Penuelas,2000-2004,2,80.74681115313095,80.04489895589255,79.35203136182031,80.71519785898309,< e0 observado
Penuelas,2005-2009,1,74.32588415517951,74.5858938711171,73.89323568585834,75.215626709839,Estimación adecuada
Penuelas,2005-2009,2,83.85447484865448,81.18194950226729,80.521247684619,81.78658616693835,< e0 observado
Penuelas,2010-2014,1,77.2161868060379,75.668012801966,75.06818710674952,76.45582530363723,< e0 observado
Penuelas,2010-2014,2,82.37054992803498,82.21172436569992,81.65230598635844,82.97300824845433,Estimación adecuada
Penuelas,2015-2019,1,76.94988280019332,76.74391551928547,76.00981344687268,77.44892514406558,Estimación adecuada
Penuelas,2015-2019,2,83.52991574696982,83.24537995984588,82.5516126312453,83.92478152897198,Estimación adecuada
Penuelas,2020-2024,1,78.19759662594926,77.27264624975376,76.6291742415228,77.95172360094807,< e0 observado
Penuelas,2020-2024,2,83.13779961346445,83.74916557278118,83.14135719476705,84.40933293655985,> e0 observado
Ponce,1980-1984,1,70.95163851465587,71.05554433956229,70.70606136761648,71.41329418599958,Estimación adecuada
Ponce,1980-1984,2,77.90393491985162,77.82867110565856,77.48930599199139,78.16441590673269,Estimación adecuada
Ponce,1985-1989,1,68.92037207804252,70.41804206219022,70.10593817104916,70.73399209327152,> e0 observado
Ponce,1985-1989,2,77.3120135977883,77.22154326801706,76.94247407385946,77.53996220285161,Estimación adecuada
Ponce,1990-1994,1,68.07009878068561,70.60117725908376,70.29560135845703,70.89907749132311,> e0 observado
Ponce,1990-1994,2,77.70322992022791,77.39549718817887,77.10410540005859,77.6868145110127,< e0 observado
Ponce,1995-1999,1,68.8945019576824,71.2194250858249,70.9388966378811,71.50603573906514,> e0 observado
Ponce,1995-1999,2,78.64616620265484,77.99286487490664,77.69769981094558,78.26012628145591,< e0 observado
Ponce,2000-2004,1,71.88287158339286,72.90167384535806,72.6242360734669,73.21619792740972,> e0 observado
Ponce,2000-2004,2,80.17053819569585,79.59110425800895,79.30555852020134,79.89034157502377,< e0 observado
Ponce,2005-2009,1,72.59239776230434,73.86199605869504,73.58426149362117,74.19325361610186,> e0 observado
Ponce,2005-2009,2,81.60505937401689,80.50419247447482,80.23289237181766,80.81385907339582,< e0 observado
Ponce,2010-2014,1,74.90584213235752,75.07004685582068,74.76870813068683,75.37285933825109,Estimación adecuada
Ponce,2010-2014,2,81.84526785237593,81.64788681638476,81.37117378557309,81.95217030285446,Estimación adecuada
Ponce,2015-2019,1,75.94818443525777,76.51310668342248,76.20330639022757,76.79966122330666,> e0 observado
Ponce,2015-2019,2,84.573600741168,83.02059833165288,82.73217890602558,83.31138111126947,< e0 observado
Ponce,2020-2024,1,76.11579149445392,76.72835359075535,76.43432156174785,77.02142309885738,> e0 observado
Ponce,2020-2024,2,84.14984563358192,83.2325019915634,82.95121075679127,83.5127345299311,< e0 observado
Quebradillas,1980-1984,1,71.5804748432608,71.34824864940492,70.63868155429705,72.0566547583777,Estimación adecuada
Quebradillas,1980-1984,2,79.23938165137665,78.10831351247785,77.42034391196528,78.78640698932372,< e0 observado
Quebradillas,1985-1989,1,70.63546474047975,70.72976346136825,70.05324651518784,71.43552168792309,Estimación adecuada
Quebradillas,1985-1989,2,77.80764334555457,77.51955307730182,76.87104922102736,78.19857030606734,Estimación adecuada
Quebradillas,1990-1994,1,72.04068810225141,71.87066882724665,71.12843110215464,72.5557664130614,Estimación adecuada
Quebradillas,1990-1994,2,79.32174470623532,78.59252811668189,77.91381944401584,79.24290133060208,< e0 observado
Quebradillas,1995-1999,1,72.62949799850028,71.73844604752169,71.07819330529385,72.42815000793271,< e0 observado
Quebradillas,1995-1999,2,78.8521877504248,78.47412134111347,77.85701299256333,79.15340113667197,Estimación adecuada
Quebradillas,2000-2004,1,73.75120320482118,73.5129443180057,72.80868889789812,74.18648066433465,Estimación adecuada
Quebradillas,2000-2004,2,79.64696913052158,80.16337151169493,79.51240293890226,80.81250102096489,Estimación adecuada
Quebradillas,2005-2009,1,76.4702021217705,74.80141156128352,74.17700524453022,75.51721612472616,< e0 observado
Quebradillas,2005-2009,2,82.57479226170334,81.39067037311692,80.80790397266512,82.083201606259,< e0 observado
Quebradillas,2010-2014,1,76.84416482352528,75.60448621750854,74.99973981546452,76.24859871318655,< e0 observado
Quebradillas,2010-2014,2,83.16432092953069,82.15644603569174,81.58368365128689,82.77666617542566,< e0 observado
Quebradillas,2015-2019,1,77.52581972834565,76.98149068531686,76.36761218693496,77.60009738789523,Estimación adecuada
Quebradillas,2015-2019,2,83.89036641680575,83.46851728117491,82.88591757529798,84.06293091509113,Estimación adecuada
Quebradillas,2020-2024,1,78.45741764289136,77.08691827843467,76.47131625329973,77.70092359145505,< e0 observado
Quebradillas,2020-2024,2,84.02514632890372,83.57644961696869,82.99478485119687,84.16367248676443,Estimación adecuada
Rincon,1980-1984,1,71.31036542846637,72.42762161348392,71.57506173645453,73.26521386016586,> e0 observado
Rincon,1980-1984,2,78.23121876259758,79.12888000824336,78.34208773165338,79.93361172039256,> e0 observado
Rincon,1985-1989,1,72.68195818723761,72.46019999164261,71.55892041964091,73.25074025672751,Estimación adecuada
Rincon,1985-1989,2,78.13112109379762,79.16609410172609,78.30320978470019,79.90416085760774,> e0 observado
Rincon,1990-1994,1,74.46482669947628,73.22537580931646,72.41778840694273,74.00100204198068,< e0 observado
Rincon,1990-1994,2,79.71875830965256,79.89707756192351,79.11769909843507,80.63261199642216,Estimación adecuada
Rincon,1995-1999,1,71.81900034746621,73.03289669898106,72.2914293860538,73.85945214561983,> e0 observado
Rincon,1995-1999,2,80.4078903895804,79.7258123903987,78.99635842646157,80.50842083610827,Estimación adecuada
Rincon,2000-2004,1,75.07948363707656,75.17641897191241,74.45279801902822,76.00375634559715,Estimación adecuada
Rincon,2000-2004,2,82.97798833076854,81.75774341333107,81.05829453454507,82.53948410842435,< e0 observado
Rincon,2005-2009,1,76.37954961336744,75.56542534325393,74.84221647803125,76.32261396294592,< e0 observado
Rincon,2005-2009,2,80.35621164685101,82.12291498784904,81.42877223520453,82.81990673803001,> e0 observado
Rincon,2010-2014,1,79.61051534555456,77.25916755765702,76.43567349889382,77.97266238955613,< e0 observado
Rincon,2010-2014,2,83.80210551828287,83.74559767285766,82.95630204582127,84.43962566380074,Estimación adecuada
Rincon,2015-2019,1,79.17285737161941,78.88468386516833,78.16777339752636,79.59943918979138,Estimación adecuada
Rincon,2015-2019,2,86.30943741112463,85.28132167160808,84.639862680284807,86.002306108495,< e0 observado
Rincon,2020-2024,1,79.87445814115418,79.38532731106073,78.67218893888636,80.00989360673545,Estimación adecuada
Rincon,2020-2024,2,86.12132225159803,85.77274013356384,85.09832641126923,86.37455017417042,Estimación adecuada
Rio Grande,1980-1984,1,71.31055270884488,71.51233279859399,70.867102727853,72.18319017614539,Estimación adecuada
Rio Grande,1980-1984,2,77.8338345029928,78.2657650083676,77.65081084547722,78.90423792576362,Estimación adecuada
Rio Grande,1985-1989,1,72.55792010168767,71.99443387391361,71.42525693549933,72.64178281359743,Estimación adecuada
Rio Grande,1985-1989,2,78.55898208748316,78.73230892047792,78.17528421937944,79.34943031616913,Estimación adecuada
Rio Grande,1990-1994,1,69.8066408540921,71.96326951725916,71.3680839220963,72.5970122112308,> e0 observado
Rio Grande,1990-1994,2,79.04176505901863,78.68644401008675,78.13959040466347,79.28872151423438,Estimación adecuada
Rio Grande,1995-1999,1,69.24216716509197,71.72986237367897,71.1353213197099,72.2868656555915,> e0 observado
Rio Grande,1995-1999,2,78.57122528721384,78.46454086118892,77.90691948249975,78.99552932435253,Estimación adecuada
Rio Grande,2000-2004,1,73.5987446256221,74.15452399785366,73.54720159835247,74.6158430304254,Estimación adecuada
Rio Grande,2000-2004,2,80.92764017417292,80.76856661937043,80.18982254969089,81.23281620514055,Estimación adecuada
Rio Grande,2005-2009,1,74.74267006153134,75.0524373909617,74.56214351389055,75.53456155317177,Estimación adecuada
Rio Grande,2005-2009,2,82.25371975622028,81.63417342048076,81.16290406674642,82.08649475147058,< e0 observado
Rio Grande,2010-2014,1,75.62464241200296,76.054412811746,75.53434893793069,76.54413376644553,Estimación adecuada
Rio Grande,2010-2014,2,81.93516108938404,82.59021968799338,82.1003345219707,83.04313698190848,> e0 observado
Rio Grande,2015-2019,1,77.32038501383934,77.54310031228431,77.08631430232992,78.0321088740253,Estimación adecuada
Rio Grande,2015-2019,2,84.73128165771396,84.01113792659861,83.58856252947344,84.4686721859326,< e0 observado
Rio Grande,2020-2024,1,76.09079051682853,77.43311285418622,76.96662039553121,77.91723846426153,> e0 observado
Rio Grande,2020-2024,2,84.92626206233898,83.89894936857249,83.468763859104115,84.382902420064,< e0 observado
Sabana Grande,1980-1984,1,72.94260252849719,71.47989786232327,70.78088958344688,72.27905890065483,< e0 observado
Sabana Grande,1980-1984,2,76.79030160326006,78.23473793461659,77.55845731853489,78.96888999841607,> e0 observado
Sabana Grande,1985-1989,1,72.60670516660508,72.03798149211694,71.34836733264984,72.80102363745286,Estimación adecuada
Sabana Grande,1985-1989,2,79.46020484114078,78.77008089297645,78.11476197771437,79.49602401233551,Estimación adecuada
Sabana Grande,1990-1994,1,71.96878186562466,71.89998282355972,71.2975765646047,72.62655954965635,Estimación adecuada
Sabana Grande,1990-1994,2,77.52973712888554,78.6336824097591,78.09625001438633,79.34890595310506,> e0 observado
Sabana Grande,1995-1999,1,72.42496764545729,71.84766226318222,71.25298570098911,72.59757271574959,Estimación adecuada
Sabana Grande,1995-1999,2,77.8549110688198,78.5881672823462,78.02280263335672,79.31620666116343,> e0 observado
Sabana Grande,2000-2004,1,75.19081545433245,73.99499461936861,73.34508650353956,74.72728304352276,< e0 observado
Sabana Grande,2000-2004,2,80.10304388750191,80.61806098999546,79.99018254671046,81.324958034283,Estimación adecuada
Sabana Grande,2005-2009,1,75.77699216646894,74.39259756805342,73.77543389558647,74.94004415799733,< e0 observado
Sabana Grande,2005-2009,2,80.72892003066303,81.01031950140141,80.40233916246675,81.53133463537469,Estimación adecuada
Sabana Grande,2010-2014,1,75.70526772953107,75.8295084445877,75.22922362409003,76.49279209386015,Estimación adecuada
Sabana Grande,2010-2014,2,83.3057418970242,82.37571172375966,81.78711672772906,82.9833464844125,< e0 observado
Sabana Grande,2015-2019,1,77.43470484017462,77.01857249235242,76.46714378605694,77.63743724102822,Estimación adecuada
Sabana Grande,2015-2019,2,83.12156944238525,83.50760193288473,82.97205503008584,84.10258186644337,Estimación adecuada
Sabana Grande,2020-2024,1,77.44105015726227,77.45038875869677,76.70662762084359,78.11552748624632,Estimación adecuada
Sabana Grande,2020-2024,2,83.44790990052292,83.92335858098396,83.2020828883758,84.53186553999407,Estimación adecuada
Salinas,1980-1984,1,69.34771587119822,70.43227310204625,69.73520317415804,71.05243457347655,> e0 observado
Salinas,1980-1984,2,77.00356882697933,77.23485648024013,76.57656853297587,77.81312463784914,Estimación adecuada
Salinas,1985-1989,1,67.8768913469486,70.31537961969946,69.69783823996497,70.98581403654705,> e0 observado
Salinas,1985-1989,2,76.51927305162637,77.11871524565869,76.5525813984664,77.76398694521109,> e0 observado
Salinas,1990-1994,1,69.60135801885075,71.20121745765915,70.55817849672337,71.84892282574276,> e0 observado
Salinas,1990-1994,2,77.16626361655916,77.97022104909571,77.34055951973757,78.59349911210104,> e0 observado
Salinas,1995-1999,1,69.29023548543516,71.19483257157299,70.54992517378079,71.88117359844598,> e0 observado
Salinas,1995-1999,2,79.22383445714814,77.96267019101263,77.33940426219796,78.60437778751651,< e0 observado
Salinas,2000-2004,1,73.10253328655585,73.49571709685341,72.9320214552881,74.10607842183049,Estimación adecuada
Salinas,2000-2004,2,80.52455994892824,80.15086211510457,79.61039885163564,80.73492313046086,Estimación adecuada
Salinas,2005-2009,1,73.52822440107285,73.98260903900604,73.36824833985825,74.63345543184849,Estimación adecuada
Salinas,2005-2009,2,80.63090066219925,80.60928561261859,80.02700316489737,81.23238355156565,Estimación adecuada
Salinas,2010-2014,1,75.47743944137984,75.83474897521867,75.21235592940113,76.48273468586731,Estimación adecuada
Salinas,2010-2014,2,83.23167940762168,82.38651457475744,81.79151750666932,82.99100098725333,< e0 observado
Salinas,2015-2019,1,77.96635541138743,77.75414957350955,77.03522265346217,78.35622118468177,Estimación adecuada
Salinas,2015-2019,2,85.02610562554052,84.21313304261238,83.55375923272372,84.78430635428344,< e0 observado
Salinas,2020-2024,1,77.2752335181164,77.83034419882281,77.2456128872804,78.47971353348908,Estimación adecuada
Salinas,2020-2024,2,85.43601257393142,84.2865691828205,83.71791699883448,84.90171019954974,< e0 observado
San German,1980-1984,1,72.17155637189039,71.5704271345135,70.89906975561811,72.2263027573158,Estimación adecuada
San German,1980-1984,2,77.0812843420632,78.32510546083233,77.68693741123653,78.9470033034513,> e0 observado
San German,1985-1989,1,73.24578912339052,72.47253963843696,71.91179188958861,73.01117959081513,< e0 observado
San German,1985-1989,2,78.281715742411,79.1761346588898,78.64612970839102,79.69708175888763,> e0 observado
San German,1990-1994,1,72.47312065094486,72.34889932402336,71.81442940690556,72.93566990699266,Estimación adecuada
San German,1990-1994,2,78.88901019804139,79.05834133282531,78.55493740606579,79.63697397058748,Estimación adecuada
San German,1995-1999,1,74.17482678706043,73.18644719090702,72.62315087934404,73.76007419648589,< e0 observado
San German,1995-1999,2,78.52895052757144,79.85601571528873,79.30151244226968,80.41766776054254,> e0 observado
San German,2000-2004,1,75.40040785434385,74.25383021959001,73.67263736424833,74.79206376843466,< e0 observado
San German,2000-2004,2,81.07042973561371,80.8752089310742,80.31988960556893,81.37919926634449,Estimación adecuada
San German,2005-2009,1,75.89227383722931,74.934780010263,74.42071629147424,75.52825410084031,< e0 observado
San German,2005-2009,2,81.35724022521588,81.52346685739289,81.02731238061946,82.08576438555704,Estimación adecuada
San German,2010-2014,1,77.09595528241658,75.99382797046806,75.44240104285454,76.55180327623364,< e0 observado
San German,2010-2014,2,81.95497572147197,82.52478645504351,81.98902370436748,83.0493861993659,> e0 observado
San German,2015-2019,1,79.14792857398798,77.287514986941,76.75073535686481,77.86377687926526,< e0 observado
San German,2015-2019,2,84.0002365484052,83.7616537175559,83.26304761593519,84.30016490678315,Estimación adecuada
San German,2020-2024,1,78.13234571523579,76.90812723691047,76.36070390506202,77.41133362637063,< e0 observado
San German,2020-2024,2,83.15333884969452,83.39995928429451,82.90465077433734,83.90638655874025,Estimación adecuada
San Juan,1980-1984,1,68.53296805880613,70.77440571796345,70.58202835148606,70.99415179028418,> e0 observado
San Juan,1980-1984,2,78.41781325030587,77.55876953565205,77.385988421651,77.77752870409935,< e0 observado
San Juan,1985-1989,1,67.17212517316179,70.71593045301881,70.52920390708879,70.92265336650433,> e0 observado
San Juan,1985-1989,2,78.70934229140379,77.51042234317669,77.32914466112149,77.69972420579667,< e0 observado
San Juan,1990-1994,1,64.70940097035052,70.45202816120069,70.25683646025763,70.63217212504847,> e0 observado
San Juan,1990-1994,2,78.53794951508831,77.25341044966845,77.06157579124385,77.41681099713423,< e0 observado
San Juan,1995-1999,1,67.09892384379134,71.46636246862239,71.29775615237855,71.65321285303192,> e0 observado
San Juan,1995-1999,2,79.54091321860172,78.226227160473,78.06030650721604,78.39807910776207,< e0 observado
San Juan,2000-2004,1,71.1882392973574,73.9670954110015,73.78423284003674,74.17538281830653,> e0 observado
San Juan,2000-2004,2,81.92921875527303,80.59547004825295,80.42419519150573,80.79785169535012,< e0 observado
San Juan,2005-2009,1,72.69964876784017,74.92273130054447,74.715584027711,75.11084338526683,> e0 observado
San Juan,2005-2009,2,82.46547999538443,81.50704881161647,81.31106589255117,81.68258074630864,< e0 observado
San Juan,2010-2014,1,74.44529350870087,75.98537632834669,75.76038566018607,76.18529129827563,> e0 observado
San Juan,2010-2014,2,84.20463369793843,82.52045909592432,82.29535282692899,82.71452594362744,< e0 observado
San Juan,2015-2019,1,75.79825935426356,77.04487343853148,76.86899449684103,77.25371176750134,> e0 observado
San Juan,2015-2019,2,85.20819741649419,83.53498427081857,83.36099394523771,83.73795120562738,< e0 observado
San Juan,2020-2024,1,75.09617765928651,76.92443081412026,76.7381055473318,77.12716288150585,> e0 observado
San Juan,2020-2024,2,85.57777113429813,83.41881117088352,83.2285586473582,83.59641840956652,< e0 observado
San Lorenzo,1980-1984,1,72.4269330696064,72.48178410384368,71.80982030276198,73.18562231028001,Estimación adecuada
San Lorenzo,1980-1984,2,78.47103642037956,79.1839185597701,78.5366932116792,79.84983749469663,> e0 observado
San Lorenzo,1985-1989,1,70.33185072656097,72.12440423161424,71.49839097897677,72.69454198600957,> e0 observado
San Lorenzo,1985-1989,2,79.4038927542163,78.8538424597227,78.2530350714485,79.39763043118626,< e0 observado
San Lorenzo,1990-1994,1,70.49063585980458,72.26785639304518,71.63755212718061,72.9351009269493,> e0 observado
San Lorenzo,1990-1994,2,79.42906403274269,78.98816771964223,78.39035691871493,79.60882263197607,Estimación adecuada
San Lorenzo,1995-1999,1,72.39291160482962,72.64658408282892,72.04755813018343,73.2216594551922,Estimación adecuada
San Lorenzo,1995-1999,2,78.56261721700943,79.33823191505502,78.76787672425357,79.91633121148689,> e0 observado
San Lorenzo,2000-2004,1,73.59466919977362,74.08530038715915,73.54824038909226,74.65848036135057,Estimación adecuada
San Lorenzo,2000-2004,2,81.14875504017051,80.71445843725897,80.20711351408673,81.25858822371217,Estimación adecuada
San Lorenzo,2005-2009,1,75.07421835227707,75.04055437010759,74.46889002953156,75.55530426173249,Estimación adecuada
San Lorenzo,2005-2009,2,82.06471302858854,81.62197049218318,81.07113299060967,82.10319246589516,Estimación adecuada
San Lorenzo,2010-2014,1,76.50254306599682,76.83528897433392,76.24183798000087,77.36277586458105,Estimación adecuada
San Lorenzo,2010-2014,2,83.9183271335132,83.3295120238497,82.76314598050604,83.82777945886724,< e0 observado
San Lorenzo,2015-2019,1,77.43176974248165,78.01080576341303,77.47109688479642,78.5671514429502,> e0 observado
San Lorenzo,2015-2019,2,85.92248006512409,84.45757041967839,83.91374935382018,84.99293464276302,< e0 observado
San Lorenzo,2020-2024,1,77.62523479934367,77.99749515476508,77.469239119984735,78.49806620778496,Estimación adecuada
San Lorenzo,2020-2024,2,84.55625634680975,84.44883368447387,83.94866569213507,84.93586436283856,Estimación adecuada
San Sebastian,1980-1984,1,73.33683627750408,71.70277109250603,71.13249065516439,72.27695003657149,< e0 observado
San Sebastian,1980-1984,2,77.39216900594447,78.44343417281176,77.90261644239013,79.00184918833,> e0 observado
San Sebastian,1985-1989,1,71.54106439345284,71.7362096170771,71.10731923758702,72.28474278879409,Estimación adecuada
San Sebastian,1985-1989,2,78.32567842249966,78.47391796980736,77.89135652153203,78.99841345277967,Estimación adecuada
San Sebastian,1990-1994,1,72.72006609308197,72.43834385114144,71.83413716728977,72.9671635967482,Estimación adecuada
San Sebastian,1990-1994,2,78.61121244043503,79.1358215877855,78.59885900036267,79.64399829273171,Estimación adecuada
San Sebastian,1995-1999,1,73.29080325081594,72.78856735207643,72.26823727181272,73.32410082962879,Estimación adecuada
San Sebastian,1995-1999,2,79.73176179097116,79.47077366793656,78.96222487355425,80.00115984138677,Estimación adecuada
San Sebastian,2000-2004,1,74.89792147656362,74.04237845241028,73.50692294030439,74.58534772857563,< e0 observado
San Sebastian,2000-2004,2,80.32263567678552,80.6723131048357,80.16155959446331,81.18364950599208,Estimación adecuada
San Sebastian,2005-2009,1,76.73740203137386,75.08056017663313,74.62322255181965,75.59560444290645,< e0 observado
San Sebastian,2005-2009,2,81.1692904566309,81.65672166417141,81.20926041660968,82.16030465394275,> e0 observado
San Sebastian,2010-2014,1,76.69546237928682,76.08776719239418,75.539472014253107,76.6512554473388,< e0 observado
San Sebastian,2010-2014,2,83.16134686711862,82.61850002972409,82.10836224883133,83.16605282683258,Estimación adecuada
San Sebastian,2015-2019,1,79.1178099470019,77.66389873772482,77.14544704854418,78.20947029082089,< e0 observado
San Sebastian,2015-2019,2,84.22340952689646,84.12609695774526,83.6331766405817,84.65269137993961,Estimación adecuada
San Sebastian,2020-2024,1,78.24142492610734,77.54983487552344,76.9746153506425,77.98860234784274,< e0 observado
San Sebastian,2020-2024,2,84.23065748606743,84.0091961760466,83.4995248645815,84.44869174791494,Estimación adecuada
Santa Isabel,1980-1984,1,69.7275677276356,70.28852866935472,69.5464586552587,70.99752586075644,Estimación adecuada
Santa Isabel,1980-1984,2,77.7763438904047,77.09172042127753,76.40925006689392,77.78906300048364,Estimación adecuada
Santa Isabel,1985-1989,1,69.23817247335977,70.21667477502601,69.43296632852987,70.96499307419039,> e0 observado
Santa Isabel,1985-1989,2,76.67908928126376,77.03718147305491,76.30274996228022,77.74608647356848,Estimación adecuada
Santa Isabel,1990-1994,1,66.65679986192234,69.9181405115385,69.18344451472652,70.63236588704657,> e0 observado
Santa Isabel,1990-1994,2,76.1627447017844,76.75177102177145,76.03495119870374,77.44646969668553,Estimación adecuada
Santa Isabel,1995-1999,1,68.83610956762453,70.71989090075428,69.9159536812966,71.40291619562075,> e0 observado
Santa Isabel,1995-1999,2,77.73152078827611,77.51129577428036,76.73467604371781,78.17043437464764,Estimación adecuada
Santa Isabel,2000-2004,1,69.45419232564782,71.89215731059176,71.12977367529487,72.61669094312924,> e0 observado
Santa Isabel,2000-2004,2,79.11209035669054,78.61358319249362,77.875542864073,79.30361116038065,Estimación adecuada
Santa Isabel,2005-2009,1,72.31479005793592,73.0561917358427,72.32567254307733,73.73991048630978,> e0 observado
Santa Isabel,2005-2009,2,81.59418713189359,79.72944167038818,79.03727065388415,80.37609907757576,< e0 observado
Santa Isabel,2010-2014,1,74.62174299181575,74.70624032239085,73.97917244159545,75.46534430843239,Estimación adecuada
Santa Isabel,2010-2014,2,81.81631250475374,81.30422874923065,80.60608110983141,82.01827845605354,Estimación adecuada
Santa Isabel,2015-2019,1,75.10553816345772,76.10183394288313,75.43035572939881,76.76795910719761,> e0 observado
Santa Isabel,2015-2019,2,85.04929628842375,82.63158045546999,81.98537492684875,83.29598078929895,< e0 observado
Santa Isabel,2020-2024,1,74.53124138847393,76.06374321701254,75.39400949033096,76.74062050463131,> e0 observado
Santa Isabel,2020-2024,2,83.31177822878875,82.5912571708536,81.95620756960756,83.2414953495074,< e0 observado
Toa Alta,1980-1984,1,74.8830856005072,73.51711767472878,72.78395329015535,74.1827120802289,< e0 observado
Toa Alta,1980-1984,2,77.90618677933547,80.16023913369774,79.48074549811221,80.81513423715008,> e0 observado
Toa Alta,1985-1989,1,72.95726224514657,73.7499451413486,73.11721948479469,74.38751063883151,> e0 observado
Toa Alta,1985-1989,2,81.13925929884047,80.39703955803833,79.77727678586344,80.99338638073263,< e0 observado
Toa Alta,1990-1994,1,73.42887184415189,73.85047897076328,73.22319988736496,74.52955050919319,Estimación adecuada
Toa Alta,1990-1994,2,79.53507742661205,80.4870558500626,79.8897083673249,81.12323281854556,> e0 observado
Toa Alta,1995-1999,1,73.12825061550112,74.2041484705313,73.56826979112483,74.76330047562837,> e0 observado
Toa Alta,1995-1999,2,80.88771225273739,80.82037279163185,80.22227197604013,81.37012519152141,Estimación adecuada
Toa Alta,2000-2004,1,75.20122641401855,75.69776293291257,75.14327407789065,76.27327576533546,Estimación adecuada
Toa Alta,2000-2004,2,81.33505965208538,82.24499379030533,81.72785904449763,82.80356785578127,> e0 observado
Toa Alta,2005-2009,1,77.25808536131703,77.03997254640566,76.54649099674286,77.59001781199962,Estimación adecuada
Toa Alta,2005-2009,2,83.45975745150935,83.5307182381514,83.03252256424818,84.04473865471101,Estimación adecuada
Toa Alta,2010-2014,1,77.617438844306065,78.09710378525372,77.6066794015419,78.66690813375524,Estimación adecuada
Toa Alta,2010-2014,2,84.59193836320182,84.53406415357088,84.06547325481111,85.09633998124949,Estimación adecuada
Toa Alta,2015-2019,1,79.44012262836311,79.0960247712151,78.54827920452607,79.63084773250675,Estimación adecuada
Toa Alta,2015-2019,2,84.21287299648571,85.50270235230477,84.97645159140811,86.00129033369852,> e0 observado
Toa Alta,2020-2024,1,79.32715713141147,78.87797625403013,78.4175109647758,79.30439355470699,< e0 observado
Toa Alta,2020-2024,2,85.92609855770323,85.28741435138298,84.84821071588038,85.71079498333722,< e0 observado
Toa Baja,1980-1984,1,72.82833976912103,72.47508846425123,71.9649895317066,73.02657595339684,Estimación adecuada
Toa Baja,1980-1984,2,79.03893803233984,79.171173483549,78.69234272461344,79.70529603651934,Estimación adecuada
Toa Baja,1985-1989,1,71.09171108702432,72.01535552114348,71.5543826084413,72.50031856532362,> e0 observado
Toa Baja,1985-1989,2,79.17713173148333,78.7458587367607,78.30926207615877,79.20449086471737,Estimación adecuada
Toa Baja,1990-1994,1,69.55070432606276,71.83922386597766,71.36882577997233,72.2774089341157,> e0 observado
Toa Baja,1990-1994,2,78.53439715581091,78.57396012221028,78.1196864247875,79.00191310832655,Estimación adecuada
Toa Baja,1995-1999,1,71.02389397781576,72.63552723414747,72.18644890497208,73.07671239021818,> e0 observado
Toa Baja,1995-1999,2,80.35817914633549,79.33769625187834,78.93325030079413,79.74649143359945,< e0 observado
Toa Baja,2000-2004,1,73.3130761935651,74.18398392213642,73.70983514173588,74.60705217539186,> e0 observado
Toa Baja,2000-2004,2,81.24641875534006,80.80631250512108,80.33932962321917,81.19835302057848,< e0 observado
Toa Baja,2005-2009,1,73.9336800218148,74.69135630729826,74.25699643271506,75.15662715452865,> e0 observado
Toa Baja,2005-2009,2,81.2918522418654,81.29263677927828,80.87780972319695,81.71662016167849,Estimación adecuada
Toa Baja,2010-2014,1,75.63234922554784,75.99071793453638,75.56676024336906,76.41280689513206,Estimación adecuada
Toa Baja,2010-2014,2,83.19276198853512,82.52486336084806,82.11096042585143,82.9315478391141,< e0 observado
Toa Baja,2015-2019,1,77.0796431176242,77.61129958234795,77.20764488168591,78.01426398574534,> e0 observado
Toa Baja,2015-2019,2,85.28768156374481,84.07510411572727,83.69951688495863,84.46460899612558,< e0 observado
Toa Baja,2020-2024,1,76.06866784040614,77.0805400192219,76.7123686794266,77.47023666426823,> e0 observado
Toa Baja,2020-2024,2,84.82502560819063,83.56519352931764,83.22587756494558,83.94483502206117,< e0 observado
Trujillo Alto,1980-1984,1,73.8807661516517,73.86562941712549,73.22771944655328,74.53588823664273,Estimación adecuada
Trujillo Alto,1980-1984,2,80.45848591811597,80.49831786138077,79.89858160909256,81.15419960310301,Estimación adecuada
Trujillo Alto,1985-1989,1,72.91759611684925,73.59546226534275,72.95117400040395,74.13786124298002,> e0 observado
Trujillo Alto,1985-1989,2,81.01563083839561,80.2513001119525,79.62608794427635,80.74982584909283,< e0 observado
Trujillo Alto,1990-1994,1,72.6023641348921,73.71918234022915,73.15060712235098,74.27983612483186,> e0 observado
Trujillo Alto,1990-1994,2,79.85175886432305,80.36354179859805,79.82770406821291,80.88920544928412,Estimación adecuada
Trujillo Alto,1995-1999,1,72.41162116159781,74.08615253512494,73.55221782741009,74.5600071417976,> e0 observado
Trujillo Alto,1995-1999,2,81.19162622930031,80.71245092614183,80.2114297479408,81.15569265678218,< e0 observado
Trujillo Alto,2000-2004,1,74.68446388601943,76.00172527319025,75.51451975517966,76.46087782772977,> e0 observado
Trujillo Alto,2000-2004,2,83.41194987282269,82.54260749513392,82.06992241516589,82.99139224732946,< e0 observado
Trujillo Alto,2005-2009,1,75.81610434260868,76.74637690699299,76.29721228784703,77.20605858069473,> e0 observado
Trujillo Alto,2005-2009,2,83.84316698522537,83.24727505189333,82.81879388324926,83.68022015086464,< e0 observado
Trujillo Alto,2010-2014,1,77.88979650864401,77.73361357565312,77.26455639614045,78.15333151990626,Estimación adecuada
Trujillo Alto,2010-2014,2,85.28937280458358,84.18804299549164,83.74124190429816,84.5948270963257,< e0 observado
Trujillo Alto,2015-2019,1,79.53728233113502,78.96696676725279,78.47412584201376,79.39364482187885,< e0 observado
Trujillo Alto,2015-2019,2,86.3543330403018,85.36765601726162,84.92092764385342,85.78280652835822,< e0 observado
Trujillo Alto,2020-2024,1,78.39208683519212,78.83241586040825,78.42458848140285,79.28275856766587,> e0 observado
Trujillo Alto,2020-2024,2,86.16954614436371,85.24904561116972,84.8399812423432,85.67341195863992,< e0 observado
Utuado,1980-1984,1,72.77455758364391,72.27298097754539,71.67161345100868,72.91871312630724,Estimación adecuada
Utuado,1980-1984,2,78.22725510627389,78.9870148314977,78.3985580199589,79.59451120313116,> e0 observado
Utuado,1985-1989,1,72.49241351300115,72.64776746263809,72.00178655172479,73.19961283341758,Estimación adecuada
Utuado,1985-1989,2,78.55971933281445,79.34825967612367,78.72363533764488,79.87978314375844,> e0 observado
Utuado,1990-1994,1,73.58027996114916,72.83356200189532,72.24713030562715,73.40156862653036,< e0 observado
Utuado,1990-1994,2,79.15999314000904,79.5197720457099,78.98364692736538,80.0642172206937,Estimación adecuada
Utuado,1995-1999,1,73.56681994998524,72.71968523033914,72.07742024621751,73.3153966925344,< e0 observado
Utuado,1995-1999,2,79.75811291705193,79.41584320025783,78.79155790546224,79.98236143711804,Estimación adecuada
Utuado,2000-2004,1,75.66609210920785,74.18607800890484,73.63980273381054,74.75097076551867,< e0 observado
Utuado,2000-2004,2,80.85296661933371,80.80719120040408,80.28163523942217,81.34632959200952,Estimación adecuada
Utuado,2005-2009,1,74.96306439444312,74.94458815991207,74.3143640885169,75.45382233460504,Estimación adecuada
Utuado,2005-2009,2,81.95177865789455,81.53082707718943,80.91859470383905,82.00970070129911,Estimación adecuada
Utuado,2010-2014,1,76.45438665507136,76.43020838968769,75.89774549951707,77.00337305087338,Estimación adecuada
Utuado,2010-2014,2,83.96232047500072,82.93868594612579,82.43472658295738,83.48957112801395,< e0 observado
Utuado,2015-2019,1,79.0189703608258,78.1679460204557,77.65039720477066,78.71412828295803,< e0 observado
Utuado,2015-2019,2,85.5118737413184,84.61201556831753,84.12041313441361,85.12140911046541,< e0 observado
Utuado,2020-2024,1,80.22889535833663,78.28722090663169,77.76194059688152,78.82868091760005,< e0 observado
Utuado,2020-2024,2,86.24989014279643,84.71748383220621,84.20743880676659,85.24952672935228,< e0 observado
Vega Alta,1980-1984,1,73.54933326191107,72.32916280501256,71.60659578442348,73.00602402472595,< e0 observado
Vega Alta,1980-1984,2,78.25469326095431,79.02859859754506,78.36056940864732,79.67935475222416,> e0 observado
Vega Alta,1985-1989,1,72.05535344696615,72.42446787534365,71.77183674533023,73.11917616465513,Estimación adecuada
Vega Alta,1985-1989,2,78.15985935324002,79.12723099383373,78.51343101673996,79.79153957286748,> e0 observado
Vega Alta,1990-1994,1,70.24052329679134,72.30578822121703,71.60709071661825,72.97481696287895,> e0 observado
Vega Alta,1990-1994,2,79.51462054686016,79.03364221530616,78.34962065626213,79.65060759566269,Estimación adecuada
Vega Alta,1995-1999,1,71.54816531304111,72.74637894919638,72.11020230273215,73.34035764575498,> e0 observado
Vega Alta,1995-1999,2,79.34051049480365,79.4302017143867,78.82545714725717,80.0119431811122,Estimación adecuada
Vega Alta,2000-2004,1,74.10875011525926,74.61512871061782,74.01120776153768,75.21749836027348,Estimación adecuada
Vega Alta,2000-2004,2,81.98636550598057,81.21158127383626,80.63452987539694,81.79281369551614,< e0 observado
Vega Alta,2005-2009,1,74.49742104581102,75.27265670595321,74.67022127644124,75.88438756037623,> e0 observado
Vega Alta,2005-2009,2,82.79578771576239,81.83568773162725,81.27688192938385,82.42944186125195,< e0 observado
Vega Alta,2010-2014,1,76.95585105473053,76.70805435808046,76.17495581375022,77.30019435893752,Estimación adecuada
Vega Alta,2010-2014,2,84.70771205138385,83.21270611411538,82.70517802269256,83.78337813280933,< e0 observado
Vega Alta,2015-2019,1,79.09002086085074,78.53649647234451,77.95887889303188,79.1313502820905,Estimación adecuada
Vega Alta,2015-2019,2,84.78023321458953,84.96281273531656,84.40597042546113,85.51737015553009,Estimación adecuada
Vega Alta,2020-2024,1,79.13203080104806,78.88238953328118,78.33370678567469,79.38602999696963,Estimación adecuada
Vega Alta,2020-2024,2,86.55489338482076,85.28300197830595,84.7685129167129,85.78106303666658,< e0 observado
Vega Baja,1980-1984,1,72.17472574689376,71.56111918240579,70.91073094938649,72.1757070657597,Estimación adecuada
Vega Baja,1980-1984,2,77.4559969407079,78.30600723531802,77.67563411901284,78.8939767343431,> e0 observado
Vega Baja,1985-1989,1,71.32919645334727,71.82421736182502,71.31941755314064,72.39717727994531,Estimación adecuada
Vega Baja,1985-1989,2,78.37255208308184,78.55720898855593,78.07372783437921,79.08675256835707,Estimación adecuada
Vega Baja,1990-1994,1,69.34239102427848,71.56390934289459,71.06896817359697,72.0942781136263,> e0 observado
Vega Baja,1990-1994,2,79.817128530258,78.3188562834757,77.83853378451849,78.81758255950903,< e0 observado
Vega Baja,1995-1999,1,69.80129928554581,71.4325804897332,70.94844671911783,71.91422124716132,> e0 observado
Vega Baja,1995-1999,2,78.73855584436625,78.18922413703167,77.72331952949449,78.65374646544527,< e0 observado
Vega Baja,2000-2004,1,71.71281396652603,72.937350079499,72.39330039768817,73.45654660741104,> e0 observado
Vega Baja,2000-2004,2,80.83940501884719,79.62078208636399,79.11003906924886,80.11897319801278,< e0 observado
Vega Baja,2005-2009,1,73.49107576558887,74.23995141647325,73.73814317066243,74.72500463067682,> e0 observado
Vega Baja,2005-2009,2,81.56225378359265,80.85934273856307,80.36709024793294,81.30622309687777,< e0 observado
Vega Baja,2010-2014,1,75.67293352681041,75.92644810325578,75.45943340475553,76.39403211986291,Estimación adecuada
Vega Baja,2010-2014,2,82.83225536608914,82.45601070058453,82.02325075211704,82.91111712346563,Estimación adecuada
Vega Baja,2015-2019,1,77.17186219895375,77.47718153054845,77.02400429428758,77.90723543754073,Estimación adecuada
Vega Baja,2015-2019,2,85.55300741129905,83.95222039093802,83.50439194432843,84.36575863571036,< e0 observado
Vega Baja,2020-2024,1,76.1343018706242,77.55237374356454,77.1730997741295,78.01891535558772,> e0 observado
Vega Baja,2020-2024,2,85.01178406884422,84.01264134582362,83.64603386782376,84.46105271684397,< e0 observado
Vieques,1980-1984,1,68.44199950691872,70.31754565052856,69.36556106978063,71.14649667645969,> e0 observado
Vieques,1980-1984,2,79.82881030409467,77.12942094324745,76.21008137519448,77.94325037878981,< e0 observado
Vieques,1985-1989,1,68.91887213110078,70.18649665219587,69.20400744978194,71.07274832824069,> e0 observado
Vieques,1985-1989,2,76.64055553721266,77.00115081275727,76.0903659685066,77.8370793174567,Estimación adecuada
Vieques,1990-1994,1,70.56388701195755,70.6008974490439,69.72192174602458,71.52156916957352,Estimación adecuada
Vieques,1990-1994,2,75.61141239304688,77.400160327116,76.55850664247234,78.267250776624,> e0 observado
Vieques,1995-1999,1,67.1661520645474,70.76160354221633,69.90503834654965,71.59816848436347,> e0 observado
Vieques,1995-1999,2,77.66760098100364,77.55925205391023,76.74041900320191,78.33608784502727,Estimación adecuada
Vieques,2000-2004,1,71.06219249587082,72.68753004005222,71.81236755812421,73.588775487553,> e0 observado
Vieques,2000-2004,2,79.94564055883934,79.37640624167398,78.54865377026358,80.24187609040726,Estimación adecuada
Vieques,2005-2009,1,71.86562241202773,73.7060145533414,72.85812907651388,74.53695291029375,> e0 observado
Vieques,2005-2009,2,82.1662176624026,80.35776972695264,79.5559140526085,81.13826420301439,< e0 observado
Vieques,2010-2014,1,72.38693885614644,74.96626658036,74.16711822608724,75.88040801387204,> e0 observado
Vieques,2010-2014,2,82.20083674525317,81.5513691933693,80.77897237800826,82.42275524405595,Estimación adecuada
Vieques,2015-2019,1,75.48771486205818,76.2079818000039,75.41435029666562,77.05189002102814,Estimación adecuada
Vieques,2015-2019,2,85.60400958844578,82.73425134566388,81.9834874052274,83.54368416203673,< e0 observado
Vieques,2020-2024,1,70.30670126441383,76.52468609399347,75.75180954835952,77.29991892864817,> e0 observado
Vieques,2020-2024,2,82.77316856062777,83.0369793196197,82.30183010767212,83.77453698053824,Estimación adecuada
Villalba,1980-1984,1,71.31481633801816,71.50210472681309,70.72112887113329,72.19369927556097,Estimación adecuada
Villalba,1980-1984,2,77.35744616187003,78.26187042306577,77.50411508710121,78.91737835369341,> e0 observado
Villalba,1985-1989,1,70.6812298941124,71.42995690155547,70.71582069903548,72.14413181741003,> e0 observado
Villalba,1985-1989,2,78.13907330956457,78.18954712448573,77.4985398356162,78.85805138453703,Estimación adecuada
Villalba,1990-1994,1,72.3498469286644,72.36338325368027,71.58144031228238,73.1107908888203,Estimación adecuada
Villalba,1990-1994,2,79.32972359168376,79.0780226126953,78.33531525763232,79.79470150991054,Estimación adecuada
Villalba,1995-1999,1,74.12665072351581,73.07220803246688,72.37435198647653,73.77378926564583,< e0 observado
Villalba,1995-1999,2,79.94095261032773,79.74545060613306,79.08195921439977,80.41461485031559,Estimación adecuada
Villalba,2000-2004,1,75.24588138203707,74.4808428112574,73.85181635933134,75.07955501569853,< e0 observado
Villalba,2000-2004,2,81.24189158745828,81.08988772596958,80.49852653333843,81.66796025653431,Estimación adecuada
Villalba,2005-2009,1,75.22194783512565,75.19013857685555,74.50424254505066,75.90391544756434,Estimación adecuada
Villalba,2005-2009,2,82.367985821704,81.76668080043518,81.08933267436562,82.4331987310724,Estimación adecuada
Villalba,2010-2014,1,77.8383761040004,76.64620847153867,75.98459944321883,77.29996540471393,< e0 observado
Villalba,2010-2014,2,82.38109633625453,83.15278612654527,82.53449688857818,83.77940601792974,> e0 observado
Villalba,2015-2019,1,77.83504649286682,77.684690296588,77.00731670333367,78.36866897768601,Estimación adecuada
Villalba,2015-2019,2,84.05820533092681,84.14262853716329,83.49657600293426,84.78370418002109,Estimación adecuada
Villalba,2020-2024,1,77.24232552482839,77.9372296370928,77.28291808064088,78.49442880077592,> e0 observado
Villalba,2020-2024,2,85.36972299365041,84.38890107715412,83.75416279361745,84.91538147380908,< e0 observado
Yabucoa,1980-1984,1,71.13885114874819,71.48463490026609,70.94744993992921,72.15892446680205,Estimación adecuada
Yabucoa,1980-1984,2,77.69784172893796,78.23254094061056,77.72343523489005,78.85501338090472,> e0 observado
Yabucoa,1985-1989,1,71.6497165141789,72.2330468860128,71.58529554255965,72.8606865805672,Estimación adecuada
Yabucoa,1985-1989,2,78.71247157491743,78.95306739907204,78.31335824604287,79.56238077884058,Estimación adecuada
Yabucoa,1990-1994,1,72.18368470754862,72.73450612805436,72.1775795621176,73.4744871185634,Estimación adecuada
Yabucoa,1990-1994,2,78.65582186258791,79.42664030961707,78.8948134443842,80.13612788135393,> e0 observado
Yabucoa,1995-1999,1,70.61759581589234,72.49422167154665,71.9231240133153,73.08872474074514,> e0 observado
Yabucoa,1995-1999,2,79.25053941807832,79.20378068204573,78.64667633178834,79.76414330188067,Estimación adecuada
Yabucoa,2000-2004,1,74.67500524731325,74.63127982632943,74.02460260168874,75.28346416228709,Estimación adecuada
Yabucoa,2000-2004,2,81.74191284227646,81.23546740415875,80.62958304138351,81.87150334290634,Estimación adecuada
Yabucoa,2005-2009,1,74.52109913218256,75.88521696135402,75.3268987403195,76.42380125680572,> e0 observado
Yabucoa,2005-2009,2,83.07308125246723,82.42798012983658,81.9030281287737,82.9406834252811,< e0 observado
Yabucoa,2010-2014,1,75.57434879024864,76.5763624794857,76.00545337667441,77.16065278646703,> e0 observado
Yabucoa,2010-2014,2,82.0382545268585,83.08195394951039,82.53929689479416,83.6467823434798,> e0 observado
Yabucoa,2015-2019,1,77.58753133123862,78.21909861230702,77.62568239711025,78.764880630411,> e0 observado
Yabucoa,2015-2019,2,86.1265699532434,84.65003967460154,84.07755199778614,85.17181763138865,< e0 observado
Yabucoa,2020-2024,1,75.78194920338815,77.77743594600001,77.23699734659476,78.28354860726202,> e0 observado
Yabucoa,2020-2024,2,85.25611674355481,84.22848960697316,83.70903229808206,84.72213141279488,< e0 observado
Yauco,1980-1984,1,71.51456720078431,70.8799504624983,70.2333306589195,71.5020818949927,< e0 observado
Yauco,1980-1984,2,77.4589640282646,77.6617995508768,77.0534597226233,78.25825086391623,Estimación adecuada
Yauco,1985-1989,1,69.95040254168732,70.55620675619224,69.9854181546882,71.13773745317405,> e0 observado
Yauco,1985-1989,2,77.60208552265917,77.35309338594661,76.80938426817649,77.90699583467112,Estimación adecuada
Yauco,1990-1994,1,71.7335324052013,71.86773321796974,71.30383023156828,72.52356589776369,Estimación adecuada
Yauco,1990-1994,2,78.49054698828598,78.60705848242918,78.06196128579677,79.21663793080354,Estimación adecuada
Yauco,1995-1999,1,72.03051290197796,72.21237806739659,71.65392017354233,72.77082404305808,Estimación adecuada
Yauco,1995-1999,2,79.29391771380651,78.93396820624847,78.4021498478109,79.47081277479134,Estimación adecuada
Yauco,2000-2004,1,72.97803149863371,73.10558393309537,72.55037851015348,73.68322857224457,Estimación adecuada
Yauco,2000-2004,2,79.24854846213276,79.77724291059872,79.24101750467878,80.315345403789,Estimación adecuada
Yauco,2005-2009,1,73.24138587908658,73.78290658997724,73.2462334965776,74.33189344491612,> e0 observado
Yauco,2005-2009,2,80.5594161821005,80.42228509809479,79.91640370051653,80.94696508831092,Estimación adecuada
Yauco,2010-2014,1,75.57887719653512,75.3308419857068,74.85750451290039,75.91686326606376,Estimación adecuada
Yauco,2010-2014,2,81.76032266455593,81.90128340036037,81.44727666367604,82.43622614896458,Estimación adecuada
Yauco,2015-2019,1,77.43223226793361,76.31313128784447,75.8026449825141,76.84218199083125,< e0 observado
Yauco,2015-2019,2,82.51620418595085,82.82401760727404,82.34758626154523,83.32836982045934,Estimación adecuada
Yauco,2020-2024,1,75.94482006846164,76.3478898312868,75.85151022712009,76.86235618078005,Estimación adecuada
Yauco,2020-2024,2,83.86986937855978,82.86045502763355,82.3580573860703,83.36663170787857,< e0 observado
